-- The CXX compiler identification is Clang 15.0.5
-- Detecting CXX compiler ABI info
-- Detecting CXX compiler ABI info - done
-- Check for working CXX compiler: /usr/local/Ascend/ascend-toolkit/8.5.0.alpha002/aarch64-linux/ccec_compiler/bin/bisheng - skipped
-- Detecting CXX compile features
-- Detecting CXX compile features - done
-- Pinned exact source: /home/data4t2/lelinfeng/cann-staging-liveness-x/本地实验/STAGING-LIVENESS-X/V034/src/submission.asc
-- Pinned source SHA-256: 75131108d32bc587c3c289d53ded04a15c5224417c675cb37a46df032e104d33
-- Kernel build: CANN template-aware preprocess/device/host-stub pipeline
-- Host runner entry: separate support adapter over generated exact-kernel stubs
-- Configuring done
-- Generating done
-- Build files have been written to: /home/data4t2/lelinfeng/cann-staging-liveness-x/route_support/STAGING-LIVENESS-X/V034/build/tikicpulib-meta-ascii-runner-v034-20261007T183752Z
[  2%] Creating directories for 'v034_exact_kernel_precompile'
[  4%] No download step for 'v034_exact_kernel_precompile'
[  6%] No update step for 'v034_exact_kernel_precompile'
[  8%] No patch step for 'v034_exact_kernel_precompile'
[ 11%] Performing configure step for 'v034_exact_kernel_precompile'
-- The C compiler identification is GNU 11.4.0
-- The CXX compiler identification is GNU 11.4.0
-- Detecting C compiler ABI info
-- Detecting C compiler ABI info - done
-- Check for working C compiler: /usr/bin/cc - skipped
-- Detecting C compile features
-- Detecting C compile features - done
-- Detecting CXX compiler ABI info
-- Detecting CXX compiler ABI info - done
-- Check for working CXX compiler: /usr/bin/c++ - skipped
-- Detecting CXX compile features
-- Detecting CXX compile features - done
-- Configuring done
-- Generating done
CMake Warning:
  Manually-specified variables were not used by the project:

    DYNAMIC_MODE
    INCLUDE_DIR


-- Build files have been written to: /home/data4t2/lelinfeng/cann-staging-liveness-x/route_support/STAGING-LIVENESS-X/V034/build/tikicpulib-meta-ascii-runner-v034-20261007T183752Z/v034_exact_kernel_precompile-prefix/src/v034_exact_kernel_precompile-build
[ 13%] Performing build step for 'v034_exact_kernel_precompile'
[100%] Building CXX object CMakeFiles/precompile_obj.dir/home/data4t2/lelinfeng/cann-staging-liveness-x/route_support/STAGING-LIVENESS-X/V034/exact_source_kernel.cpp.o
In file included from /home/data4t2/lelinfeng/cann-staging-liveness-x/route_support/STAGING-LIVENESS-X/V034/exact_source_kernel.cpp:8:
In file included from /home/data4t2/lelinfeng/cann-staging-liveness-x/本地实验/STAGING-LIVENESS-X/V034/src/submission.asc:3:
In file included from /usr/local/Ascend/ascend-toolkit/8.5.0.alpha002/tools/tikcpp/tikcfw/kernel_operator.h:18:
In file included from /usr/local/Ascend/ascend-toolkit/8.5.0.alpha002/tools/tikcpp/tikcfw/impl/kernel_tpipe_impl.h:22:
In file included from /usr/local/Ascend/ascend-toolkit/8.5.0.alpha002/tools/tikcpp/tikcfw/interface/kernel_tpipe.h:17:
In file included from /usr/local/Ascend/ascend-toolkit/8.5.0.alpha002/tools/tikcpp/tikcfw/impl/kernel_tpipe_base.h:17:
In file included from /usr/local/Ascend/ascend-toolkit/8.5.0.alpha002/tools/tikcpp/tikcfw/impl/kernel_tensor_impl.h:17:
In file included from /usr/local/Ascend/ascend-toolkit/8.5.0.alpha002/tools/tikcpp/tikcfw/interface/kernel_tensor.h:18:
In file included from /usr/local/Ascend/ascend-toolkit/8.5.0.alpha002/tools/tikcpp/tikcfw/impl/kernel_utils.h:17:
In file included from /usr/local/Ascend/ascend-toolkit/8.5.0.alpha002/tools/tikcpp/tikcfw/impl/utils/kernel_utils_macros.h:33:
In file included from /usr/local/Ascend/ascend-toolkit/8.5.0.alpha002/tools/tikcpp/tikcfw/impl/kernel_log.h:23:
/usr/local/Ascend/ascend-toolkit/8.5.0.alpha002/tools/tikicpulib/lib/include/stub_def.h:36:9: warning: '__global__' macro redefined [-Wmacro-redefined]
#define __global__
        ^
/usr/local/Ascend/ascend-toolkit/8.5.0.alpha002/aarch64-linux/ccec_compiler/lib/clang/15.0.5/include/__clang_cce_defines.h:31:9: note: previous definition is here
#define __global__ __attribute__((cce_kernel))
        ^
In file included from /home/data4t2/lelinfeng/cann-staging-liveness-x/route_support/STAGING-LIVENESS-X/V034/exact_source_kernel.cpp:8:
In file included from /home/data4t2/lelinfeng/cann-staging-liveness-x/本地实验/STAGING-LIVENESS-X/V034/src/submission.asc:3:
In file included from /usr/local/Ascend/ascend-toolkit/8.5.0.alpha002/tools/tikcpp/tikcfw/kernel_operator.h:18:
In file included from /usr/local/Ascend/ascend-toolkit/8.5.0.alpha002/tools/tikcpp/tikcfw/impl/kernel_tpipe_impl.h:22:
In file included from /usr/local/Ascend/ascend-toolkit/8.5.0.alpha002/tools/tikcpp/tikcfw/interface/kernel_tpipe.h:17:
In file included from /usr/local/Ascend/ascend-toolkit/8.5.0.alpha002/tools/tikcpp/tikcfw/impl/kernel_tpipe_base.h:17:
In file included from /usr/local/Ascend/ascend-toolkit/8.5.0.alpha002/tools/tikcpp/tikcfw/impl/kernel_tensor_impl.h:17:
In file included from /usr/local/Ascend/ascend-toolkit/8.5.0.alpha002/tools/tikcpp/tikcfw/interface/kernel_tensor.h:18:
In file included from /usr/local/Ascend/ascend-toolkit/8.5.0.alpha002/tools/tikcpp/tikcfw/impl/kernel_utils.h:17:
In file included from /usr/local/Ascend/ascend-toolkit/8.5.0.alpha002/tools/tikcpp/tikcfw/impl/utils/kernel_utils_macros.h:33:
In file included from /usr/local/Ascend/ascend-toolkit/8.5.0.alpha002/tools/tikcpp/tikcfw/impl/kernel_log.h:23:
/usr/local/Ascend/ascend-toolkit/8.5.0.alpha002/tools/tikicpulib/lib/include/stub_def.h:42:9: warning: '__gm__' macro redefined [-Wmacro-redefined]
#define __gm__
        ^
/usr/local/Ascend/ascend-toolkit/8.5.0.alpha002/aarch64-linux/ccec_compiler/lib/clang/15.0.5/include/__clang_cce_defines.h:47:9: note: previous definition is here
#define __gm__ __attribute__((cce_global))
        ^
In file included from /home/data4t2/lelinfeng/cann-staging-liveness-x/route_support/STAGING-LIVENESS-X/V034/exact_source_kernel.cpp:8:
In file included from /home/data4t2/lelinfeng/cann-staging-liveness-x/本地实验/STAGING-LIVENESS-X/V034/src/submission.asc:3:
In file included from /usr/local/Ascend/ascend-toolkit/8.5.0.alpha002/tools/tikcpp/tikcfw/kernel_operator.h:18:
In file included from /usr/local/Ascend/ascend-toolkit/8.5.0.alpha002/tools/tikcpp/tikcfw/impl/kernel_tpipe_impl.h:22:
In file included from /usr/local/Ascend/ascend-toolkit/8.5.0.alpha002/tools/tikcpp/tikcfw/interface/kernel_tpipe.h:17:
In file included from /usr/local/Ascend/ascend-toolkit/8.5.0.alpha002/tools/tikcpp/tikcfw/impl/kernel_tpipe_base.h:17:
In file included from /usr/local/Ascend/ascend-toolkit/8.5.0.alpha002/tools/tikcpp/tikcfw/impl/kernel_tensor_impl.h:17:
In file included from /usr/local/Ascend/ascend-toolkit/8.5.0.alpha002/tools/tikcpp/tikcfw/interface/kernel_tensor.h:18:
In file included from /usr/local/Ascend/ascend-toolkit/8.5.0.alpha002/tools/tikcpp/tikcfw/impl/kernel_utils.h:17:
In file included from /usr/local/Ascend/ascend-toolkit/8.5.0.alpha002/tools/tikcpp/tikcfw/impl/utils/kernel_utils_macros.h:33:
In file included from /usr/local/Ascend/ascend-toolkit/8.5.0.alpha002/tools/tikcpp/tikcfw/impl/kernel_log.h:23:
/usr/local/Ascend/ascend-toolkit/8.5.0.alpha002/tools/tikicpulib/lib/include/stub_def.h:43:9: warning: '__cbuf__' macro redefined [-Wmacro-redefined]
#define __cbuf__
        ^
/usr/local/Ascend/ascend-toolkit/8.5.0.alpha002/aarch64-linux/ccec_compiler/lib/clang/15.0.5/include/__clang_cce_defines.h:52:9: note: previous definition is here
#define __cbuf__ __attribute__((cce_cube_buff))
        ^
In file included from /home/data4t2/lelinfeng/cann-staging-liveness-x/route_support/STAGING-LIVENESS-X/V034/exact_source_kernel.cpp:8:
In file included from /home/data4t2/lelinfeng/cann-staging-liveness-x/本地实验/STAGING-LIVENESS-X/V034/src/submission.asc:3:
In file included from /usr/local/Ascend/ascend-toolkit/8.5.0.alpha002/tools/tikcpp/tikcfw/kernel_operator.h:18:
In file included from /usr/local/Ascend/ascend-toolkit/8.5.0.alpha002/tools/tikcpp/tikcfw/impl/kernel_tpipe_impl.h:22:
In file included from /usr/local/Ascend/ascend-toolkit/8.5.0.alpha002/tools/tikcpp/tikcfw/interface/kernel_tpipe.h:17:
In file included from /usr/local/Ascend/ascend-toolkit/8.5.0.alpha002/tools/tikcpp/tikcfw/impl/kernel_tpipe_base.h:17:
In file included from /usr/local/Ascend/ascend-toolkit/8.5.0.alpha002/tools/tikcpp/tikcfw/impl/kernel_tensor_impl.h:17:
In file included from /usr/local/Ascend/ascend-toolkit/8.5.0.alpha002/tools/tikcpp/tikcfw/interface/kernel_tensor.h:18:
In file included from /usr/local/Ascend/ascend-toolkit/8.5.0.alpha002/tools/tikcpp/tikcfw/impl/kernel_utils.h:17:
In file included from /usr/local/Ascend/ascend-toolkit/8.5.0.alpha002/tools/tikcpp/tikcfw/impl/utils/kernel_utils_macros.h:33:
In file included from /usr/local/Ascend/ascend-toolkit/8.5.0.alpha002/tools/tikcpp/tikcfw/impl/kernel_log.h:23:
/usr/local/Ascend/ascend-toolkit/8.5.0.alpha002/tools/tikicpulib/lib/include/stub_def.h:44:9: warning: '__ubuf__' macro redefined [-Wmacro-redefined]
#define __ubuf__
        ^
/usr/local/Ascend/ascend-toolkit/8.5.0.alpha002/aarch64-linux/ccec_compiler/lib/clang/15.0.5/include/__clang_cce_defines.h:51:9: note: previous definition is here
#define __ubuf__ __attribute__((cce_unif_buff))
        ^
In file included from /home/data4t2/lelinfeng/cann-staging-liveness-x/route_support/STAGING-LIVENESS-X/V034/exact_source_kernel.cpp:8:
In file included from /home/data4t2/lelinfeng/cann-staging-liveness-x/本地实验/STAGING-LIVENESS-X/V034/src/submission.asc:3:
In file included from /usr/local/Ascend/ascend-toolkit/8.5.0.alpha002/tools/tikcpp/tikcfw/kernel_operator.h:18:
In file included from /usr/local/Ascend/ascend-toolkit/8.5.0.alpha002/tools/tikcpp/tikcfw/impl/kernel_tpipe_impl.h:22:
In file included from /usr/local/Ascend/ascend-toolkit/8.5.0.alpha002/tools/tikcpp/tikcfw/interface/kernel_tpipe.h:17:
In file included from /usr/local/Ascend/ascend-toolkit/8.5.0.alpha002/tools/tikcpp/tikcfw/impl/kernel_tpipe_base.h:17:
In file included from /usr/local/Ascend/ascend-toolkit/8.5.0.alpha002/tools/tikcpp/tikcfw/impl/kernel_tensor_impl.h:17:
In file included from /usr/local/Ascend/ascend-toolkit/8.5.0.alpha002/tools/tikcpp/tikcfw/interface/kernel_tensor.h:18:
In file included from /usr/local/Ascend/ascend-toolkit/8.5.0.alpha002/tools/tikcpp/tikcfw/impl/kernel_utils.h:17:
In file included from /usr/local/Ascend/ascend-toolkit/8.5.0.alpha002/tools/tikcpp/tikcfw/impl/utils/kernel_utils_macros.h:33:
In file included from /usr/local/Ascend/ascend-toolkit/8.5.0.alpha002/tools/tikcpp/tikcfw/impl/kernel_log.h:23:
/usr/local/Ascend/ascend-toolkit/8.5.0.alpha002/tools/tikicpulib/lib/include/stub_def.h:45:9: warning: '__cc__' macro redefined [-Wmacro-redefined]
#define __cc__
        ^
/usr/local/Ascend/ascend-toolkit/8.5.0.alpha002/aarch64-linux/ccec_compiler/lib/clang/15.0.5/include/__clang_cce_defines.h:50:9: note: previous definition is here
#define __cc__ __attribute__((cce_cube_c))
        ^
In file included from /home/data4t2/lelinfeng/cann-staging-liveness-x/route_support/STAGING-LIVENESS-X/V034/exact_source_kernel.cpp:8:
In file included from /home/data4t2/lelinfeng/cann-staging-liveness-x/本地实验/STAGING-LIVENESS-X/V034/src/submission.asc:3:
In file included from /usr/local/Ascend/ascend-toolkit/8.5.0.alpha002/tools/tikcpp/tikcfw/kernel_operator.h:18:
In file included from /usr/local/Ascend/ascend-toolkit/8.5.0.alpha002/tools/tikcpp/tikcfw/impl/kernel_tpipe_impl.h:22:
In file included from /usr/local/Ascend/ascend-toolkit/8.5.0.alpha002/tools/tikcpp/tikcfw/interface/kernel_tpipe.h:17:
In file included from /usr/local/Ascend/ascend-toolkit/8.5.0.alpha002/tools/tikcpp/tikcfw/impl/kernel_tpipe_base.h:17:
In file included from /usr/local/Ascend/ascend-toolkit/8.5.0.alpha002/tools/tikcpp/tikcfw/impl/kernel_tensor_impl.h:17:
In file included from /usr/local/Ascend/ascend-toolkit/8.5.0.alpha002/tools/tikcpp/tikcfw/interface/kernel_tensor.h:18:
In file included from /usr/local/Ascend/ascend-toolkit/8.5.0.alpha002/tools/tikcpp/tikcfw/impl/kernel_utils.h:17:
In file included from /usr/local/Ascend/ascend-toolkit/8.5.0.alpha002/tools/tikcpp/tikcfw/impl/utils/kernel_utils_macros.h:33:
In file included from /usr/local/Ascend/ascend-toolkit/8.5.0.alpha002/tools/tikcpp/tikcfw/impl/kernel_log.h:23:
/usr/local/Ascend/ascend-toolkit/8.5.0.alpha002/tools/tikicpulib/lib/include/stub_def.h:46:9: warning: '__ca__' macro redefined [-Wmacro-redefined]
#define __ca__
        ^
/usr/local/Ascend/ascend-toolkit/8.5.0.alpha002/aarch64-linux/ccec_compiler/lib/clang/15.0.5/include/__clang_cce_defines.h:48:9: note: previous definition is here
#define __ca__ __attribute__((cce_cube_a))
        ^
In file included from /home/data4t2/lelinfeng/cann-staging-liveness-x/route_support/STAGING-LIVENESS-X/V034/exact_source_kernel.cpp:8:
In file included from /home/data4t2/lelinfeng/cann-staging-liveness-x/本地实验/STAGING-LIVENESS-X/V034/src/submission.asc:3:
In file included from /usr/local/Ascend/ascend-toolkit/8.5.0.alpha002/tools/tikcpp/tikcfw/kernel_operator.h:18:
In file included from /usr/local/Ascend/ascend-toolkit/8.5.0.alpha002/tools/tikcpp/tikcfw/impl/kernel_tpipe_impl.h:22:
In file included from /usr/local/Ascend/ascend-toolkit/8.5.0.alpha002/tools/tikcpp/tikcfw/interface/kernel_tpipe.h:17:
In file included from /usr/local/Ascend/ascend-toolkit/8.5.0.alpha002/tools/tikcpp/tikcfw/impl/kernel_tpipe_base.h:17:
In file included from /usr/local/Ascend/ascend-toolkit/8.5.0.alpha002/tools/tikcpp/tikcfw/impl/kernel_tensor_impl.h:17:
In file included from /usr/local/Ascend/ascend-toolkit/8.5.0.alpha002/tools/tikcpp/tikcfw/interface/kernel_tensor.h:18:
In file included from /usr/local/Ascend/ascend-toolkit/8.5.0.alpha002/tools/tikcpp/tikcfw/impl/kernel_utils.h:17:
In file included from /usr/local/Ascend/ascend-toolkit/8.5.0.alpha002/tools/tikcpp/tikcfw/impl/utils/kernel_utils_macros.h:33:
In file included from /usr/local/Ascend/ascend-toolkit/8.5.0.alpha002/tools/tikcpp/tikcfw/impl/kernel_log.h:23:
/usr/local/Ascend/ascend-toolkit/8.5.0.alpha002/tools/tikicpulib/lib/include/stub_def.h:47:9: warning: '__cb__' macro redefined [-Wmacro-redefined]
#define __cb__
        ^
/usr/local/Ascend/ascend-toolkit/8.5.0.alpha002/aarch64-linux/ccec_compiler/lib/clang/15.0.5/include/__clang_cce_defines.h:49:9: note: previous definition is here
#define __cb__ __attribute__((cce_cube_b))
        ^
In file included from /home/data4t2/lelinfeng/cann-staging-liveness-x/route_support/STAGING-LIVENESS-X/V034/exact_source_kernel.cpp:8:
In file included from /home/data4t2/lelinfeng/cann-staging-liveness-x/本地实验/STAGING-LIVENESS-X/V034/src/submission.asc:3:
In file included from /usr/local/Ascend/ascend-toolkit/8.5.0.alpha002/tools/tikcpp/tikcfw/kernel_operator.h:18:
In file included from /usr/local/Ascend/ascend-toolkit/8.5.0.alpha002/tools/tikcpp/tikcfw/impl/kernel_tpipe_impl.h:22:
In file included from /usr/local/Ascend/ascend-toolkit/8.5.0.alpha002/tools/tikcpp/tikcfw/interface/kernel_tpipe.h:17:
In file included from /usr/local/Ascend/ascend-toolkit/8.5.0.alpha002/tools/tikcpp/tikcfw/impl/kernel_tpipe_base.h:17:
In file included from /usr/local/Ascend/ascend-toolkit/8.5.0.alpha002/tools/tikcpp/tikcfw/impl/kernel_tensor_impl.h:17:
In file included from /usr/local/Ascend/ascend-toolkit/8.5.0.alpha002/tools/tikcpp/tikcfw/interface/kernel_tensor.h:18:
In file included from /usr/local/Ascend/ascend-toolkit/8.5.0.alpha002/tools/tikcpp/tikcfw/impl/kernel_utils.h:17:
In file included from /usr/local/Ascend/ascend-toolkit/8.5.0.alpha002/tools/tikcpp/tikcfw/impl/utils/kernel_utils_macros.h:33:
In file included from /usr/local/Ascend/ascend-toolkit/8.5.0.alpha002/tools/tikcpp/tikcfw/impl/kernel_log.h:23:
/usr/local/Ascend/ascend-toolkit/8.5.0.alpha002/tools/tikicpulib/lib/include/stub_def.h:48:9: warning: '__fbuf__' macro redefined [-Wmacro-redefined]
#define __fbuf__
        ^
/usr/local/Ascend/ascend-toolkit/8.5.0.alpha002/aarch64-linux/ccec_compiler/lib/clang/15.0.5/include/__clang_cce_defines.h:53:9: note: previous definition is here
#define __fbuf__ __attribute__((cce_fixpipe_buff))
        ^
In file included from /home/data4t2/lelinfeng/cann-staging-liveness-x/route_support/STAGING-LIVENESS-X/V034/exact_source_kernel.cpp:8:
In file included from /home/data4t2/lelinfeng/cann-staging-liveness-x/本地实验/STAGING-LIVENESS-X/V034/src/submission.asc:3:
In file included from /usr/local/Ascend/ascend-toolkit/8.5.0.alpha002/tools/tikcpp/tikcfw/kernel_operator.h:18:
In file included from /usr/local/Ascend/ascend-toolkit/8.5.0.alpha002/tools/tikcpp/tikcfw/impl/kernel_tpipe_impl.h:22:
In file included from /usr/local/Ascend/ascend-toolkit/8.5.0.alpha002/tools/tikcpp/tikcfw/interface/kernel_tpipe.h:17:
In file included from /usr/local/Ascend/ascend-toolkit/8.5.0.alpha002/tools/tikcpp/tikcfw/impl/kernel_tpipe_base.h:17:
In file included from /usr/local/Ascend/ascend-toolkit/8.5.0.alpha002/tools/tikcpp/tikcfw/impl/kernel_tensor_impl.h:17:
In file included from /usr/local/Ascend/ascend-toolkit/8.5.0.alpha002/tools/tikcpp/tikcfw/interface/kernel_tensor.h:18:
In file included from /usr/local/Ascend/ascend-toolkit/8.5.0.alpha002/tools/tikcpp/tikcfw/impl/kernel_utils.h:17:
In file included from /usr/local/Ascend/ascend-toolkit/8.5.0.alpha002/tools/tikcpp/tikcfw/impl/utils/kernel_utils_macros.h:33:
In file included from /usr/local/Ascend/ascend-toolkit/8.5.0.alpha002/tools/tikcpp/tikcfw/impl/kernel_log.h:23:
/usr/local/Ascend/ascend-toolkit/8.5.0.alpha002/tools/tikicpulib/lib/include/stub_def.h:49:9: warning: '__sync_noalias__' macro redefined [-Wmacro-redefined]
#define __sync_noalias__
        ^
/usr/local/Ascend/ascend-toolkit/8.5.0.alpha002/aarch64-linux/ccec_compiler/lib/clang/15.0.5/include/__clang_cce_defines.h:12:9: note: previous definition is here
#define __sync_noalias__ __attribute__((sync_noalias))
        ^
In file included from /home/data4t2/lelinfeng/cann-staging-liveness-x/route_support/STAGING-LIVENESS-X/V034/exact_source_kernel.cpp:8:
In file included from /home/data4t2/lelinfeng/cann-staging-liveness-x/本地实验/STAGING-LIVENESS-X/V034/src/submission.asc:3:
In file included from /usr/local/Ascend/ascend-toolkit/8.5.0.alpha002/tools/tikcpp/tikcfw/kernel_operator.h:18:
In file included from /usr/local/Ascend/ascend-toolkit/8.5.0.alpha002/tools/tikcpp/tikcfw/impl/kernel_tpipe_impl.h:22:
In file included from /usr/local/Ascend/ascend-toolkit/8.5.0.alpha002/tools/tikcpp/tikcfw/interface/kernel_tpipe.h:17:
In file included from /usr/local/Ascend/ascend-toolkit/8.5.0.alpha002/tools/tikcpp/tikcfw/impl/kernel_tpipe_base.h:17:
In file included from /usr/local/Ascend/ascend-toolkit/8.5.0.alpha002/tools/tikcpp/tikcfw/impl/kernel_tensor_impl.h:17:
In file included from /usr/local/Ascend/ascend-toolkit/8.5.0.alpha002/tools/tikcpp/tikcfw/interface/kernel_tensor.h:18:
In file included from /usr/local/Ascend/ascend-toolkit/8.5.0.alpha002/tools/tikcpp/tikcfw/impl/kernel_utils.h:17:
In file included from /usr/local/Ascend/ascend-toolkit/8.5.0.alpha002/tools/tikcpp/tikcfw/impl/utils/kernel_utils_macros.h:33:
In file included from /usr/local/Ascend/ascend-toolkit/8.5.0.alpha002/tools/tikcpp/tikcfw/impl/kernel_log.h:23:
/usr/local/Ascend/ascend-toolkit/8.5.0.alpha002/tools/tikicpulib/lib/include/stub_def.h:50:9: warning: '__sync_alias__' macro redefined [-Wmacro-redefined]
#define __sync_alias__
        ^
/usr/local/Ascend/ascend-toolkit/8.5.0.alpha002/aarch64-linux/ccec_compiler/lib/clang/15.0.5/include/__clang_cce_defines.h:14:9: note: previous definition is here
#define __sync_alias__ __attribute__((sync_alias))
        ^
In file included from /home/data4t2/lelinfeng/cann-staging-liveness-x/route_support/STAGING-LIVENESS-X/V034/exact_source_kernel.cpp:8:
In file included from /home/data4t2/lelinfeng/cann-staging-liveness-x/本地实验/STAGING-LIVENESS-X/V034/src/submission.asc:3:
In file included from /usr/local/Ascend/ascend-toolkit/8.5.0.alpha002/tools/tikcpp/tikcfw/kernel_operator.h:18:
In file included from /usr/local/Ascend/ascend-toolkit/8.5.0.alpha002/tools/tikcpp/tikcfw/impl/kernel_tpipe_impl.h:22:
In file included from /usr/local/Ascend/ascend-toolkit/8.5.0.alpha002/tools/tikcpp/tikcfw/interface/kernel_tpipe.h:17:
In file included from /usr/local/Ascend/ascend-toolkit/8.5.0.alpha002/tools/tikcpp/tikcfw/impl/kernel_tpipe_base.h:17:
In file included from /usr/local/Ascend/ascend-toolkit/8.5.0.alpha002/tools/tikcpp/tikcfw/impl/kernel_tensor_impl.h:17:
In file included from /usr/local/Ascend/ascend-toolkit/8.5.0.alpha002/tools/tikcpp/tikcfw/interface/kernel_tensor.h:18:
In file included from /usr/local/Ascend/ascend-toolkit/8.5.0.alpha002/tools/tikcpp/tikcfw/impl/kernel_utils.h:17:
In file included from /usr/local/Ascend/ascend-toolkit/8.5.0.alpha002/tools/tikcpp/tikcfw/impl/utils/kernel_utils_macros.h:33:
In file included from /usr/local/Ascend/ascend-toolkit/8.5.0.alpha002/tools/tikcpp/tikcfw/impl/kernel_log.h:23:
/usr/local/Ascend/ascend-toolkit/8.5.0.alpha002/tools/tikicpulib/lib/include/stub_def.h:51:9: warning: '__check_sync_alias__' macro redefined [-Wmacro-redefined]
#define __check_sync_alias__
        ^
/usr/local/Ascend/ascend-toolkit/8.5.0.alpha002/aarch64-linux/ccec_compiler/lib/clang/15.0.5/include/__clang_cce_defines.h:16:9: note: previous definition is here
#define __check_sync_alias__ __attribute__((check_sync_alias))
        ^
In file included from /home/data4t2/lelinfeng/cann-staging-liveness-x/route_support/STAGING-LIVENESS-X/V034/exact_source_kernel.cpp:8:
In file included from /home/data4t2/lelinfeng/cann-staging-liveness-x/本地实验/STAGING-LIVENESS-X/V034/src/submission.asc:3:
In file included from /usr/local/Ascend/ascend-toolkit/8.5.0.alpha002/tools/tikcpp/tikcfw/kernel_operator.h:18:
In file included from /usr/local/Ascend/ascend-toolkit/8.5.0.alpha002/tools/tikcpp/tikcfw/impl/kernel_tpipe_impl.h:22:
In file included from /usr/local/Ascend/ascend-toolkit/8.5.0.alpha002/tools/tikcpp/tikcfw/interface/kernel_tpipe.h:17:
In file included from /usr/local/Ascend/ascend-toolkit/8.5.0.alpha002/tools/tikcpp/tikcfw/impl/kernel_tpipe_base.h:17:
In file included from /usr/local/Ascend/ascend-toolkit/8.5.0.alpha002/tools/tikcpp/tikcfw/impl/kernel_tensor_impl.h:17:
In file included from /usr/local/Ascend/ascend-toolkit/8.5.0.alpha002/tools/tikcpp/tikcfw/interface/kernel_tensor.h:18:
In file included from /usr/local/Ascend/ascend-toolkit/8.5.0.alpha002/tools/tikcpp/tikcfw/impl/kernel_utils.h:17:
In file included from /usr/local/Ascend/ascend-toolkit/8.5.0.alpha002/tools/tikcpp/tikcfw/impl/utils/kernel_utils_macros.h:33:
In file included from /usr/local/Ascend/ascend-toolkit/8.5.0.alpha002/tools/tikcpp/tikcfw/impl/kernel_log.h:23:
/usr/local/Ascend/ascend-toolkit/8.5.0.alpha002/tools/tikicpulib/lib/include/stub_def.h:52:9: warning: '__sync_out__' macro redefined [-Wmacro-redefined]
#define __sync_out__
        ^
/usr/local/Ascend/ascend-toolkit/8.5.0.alpha002/aarch64-linux/ccec_compiler/lib/clang/15.0.5/include/__clang_cce_defines.h:20:9: note: previous definition is here
#define __sync_out__ __attribute__((sync_out))
        ^
In file included from /home/data4t2/lelinfeng/cann-staging-liveness-x/route_support/STAGING-LIVENESS-X/V034/exact_source_kernel.cpp:8:
In file included from /home/data4t2/lelinfeng/cann-staging-liveness-x/本地实验/STAGING-LIVENESS-X/V034/src/submission.asc:3:
In file included from /usr/local/Ascend/ascend-toolkit/8.5.0.alpha002/tools/tikcpp/tikcfw/kernel_operator.h:18:
In file included from /usr/local/Ascend/ascend-toolkit/8.5.0.alpha002/tools/tikcpp/tikcfw/impl/kernel_tpipe_impl.h:22:
In file included from /usr/local/Ascend/ascend-toolkit/8.5.0.alpha002/tools/tikcpp/tikcfw/interface/kernel_tpipe.h:17:
In file included from /usr/local/Ascend/ascend-toolkit/8.5.0.alpha002/tools/tikcpp/tikcfw/impl/kernel_tpipe_base.h:17:
In file included from /usr/local/Ascend/ascend-toolkit/8.5.0.alpha002/tools/tikcpp/tikcfw/impl/kernel_tensor_impl.h:17:
In file included from /usr/local/Ascend/ascend-toolkit/8.5.0.alpha002/tools/tikcpp/tikcfw/interface/kernel_tensor.h:18:
In file included from /usr/local/Ascend/ascend-toolkit/8.5.0.alpha002/tools/tikcpp/tikcfw/impl/kernel_utils.h:17:
In file included from /usr/local/Ascend/ascend-toolkit/8.5.0.alpha002/tools/tikcpp/tikcfw/impl/utils/kernel_utils_macros.h:33:
In file included from /usr/local/Ascend/ascend-toolkit/8.5.0.alpha002/tools/tikcpp/tikcfw/impl/kernel_log.h:23:
/usr/local/Ascend/ascend-toolkit/8.5.0.alpha002/tools/tikicpulib/lib/include/stub_def.h:53:9: warning: '__sync_in__' macro redefined [-Wmacro-redefined]
#define __sync_in__
        ^
/usr/local/Ascend/ascend-toolkit/8.5.0.alpha002/aarch64-linux/ccec_compiler/lib/clang/15.0.5/include/__clang_cce_defines.h:18:9: note: previous definition is here
#define __sync_in__ __attribute__((sync_in))
        ^
In file included from /home/data4t2/lelinfeng/cann-staging-liveness-x/route_support/STAGING-LIVENESS-X/V034/exact_source_kernel.cpp:8:
In file included from /home/data4t2/lelinfeng/cann-staging-liveness-x/本地实验/STAGING-LIVENESS-X/V034/src/submission.asc:3:
In file included from /usr/local/Ascend/ascend-toolkit/8.5.0.alpha002/tools/tikcpp/tikcfw/kernel_operator.h:18:
In file included from /usr/local/Ascend/ascend-toolkit/8.5.0.alpha002/tools/tikcpp/tikcfw/impl/kernel_tpipe_impl.h:22:
In file included from /usr/local/Ascend/ascend-toolkit/8.5.0.alpha002/tools/tikcpp/tikcfw/interface/kernel_tpipe.h:17:
In file included from /usr/local/Ascend/ascend-toolkit/8.5.0.alpha002/tools/tikcpp/tikcfw/impl/kernel_tpipe_base.h:17:
In file included from /usr/local/Ascend/ascend-toolkit/8.5.0.alpha002/tools/tikcpp/tikcfw/impl/kernel_tensor_impl.h:17:
In file included from /usr/local/Ascend/ascend-toolkit/8.5.0.alpha002/tools/tikcpp/tikcfw/interface/kernel_tensor.h:18:
In file included from /usr/local/Ascend/ascend-toolkit/8.5.0.alpha002/tools/tikcpp/tikcfw/impl/kernel_utils.h:17:
In file included from /usr/local/Ascend/ascend-toolkit/8.5.0.alpha002/tools/tikcpp/tikcfw/impl/utils/kernel_utils_macros.h:33:
In file included from /usr/local/Ascend/ascend-toolkit/8.5.0.alpha002/tools/tikcpp/tikcfw/impl/kernel_log.h:23:
/usr/local/Ascend/ascend-toolkit/8.5.0.alpha002/tools/tikicpulib/lib/include/stub_def.h:54:9: warning: '__inout_pipe__' macro redefined [-Wmacro-redefined]
#define __inout_pipe__(...)
        ^
/usr/local/Ascend/ascend-toolkit/8.5.0.alpha002/aarch64-linux/ccec_compiler/lib/clang/15.0.5/include/__clang_cce_defines.h:26:9: note: previous definition is here
#define __inout_pipe__(...) __attribute__((inout_pipe(#__VA_ARGS__)))
        ^
In file included from /home/data4t2/lelinfeng/cann-staging-liveness-x/route_support/STAGING-LIVENESS-X/V034/exact_source_kernel.cpp:8:
In file included from /home/data4t2/lelinfeng/cann-staging-liveness-x/本地实验/STAGING-LIVENESS-X/V034/src/submission.asc:3:
In file included from /usr/local/Ascend/ascend-toolkit/8.5.0.alpha002/tools/tikcpp/tikcfw/kernel_operator.h:18:
In file included from /usr/local/Ascend/ascend-toolkit/8.5.0.alpha002/tools/tikcpp/tikcfw/impl/kernel_tpipe_impl.h:22:
In file included from /usr/local/Ascend/ascend-toolkit/8.5.0.alpha002/tools/tikcpp/tikcfw/interface/kernel_tpipe.h:17:
In file included from /usr/local/Ascend/ascend-toolkit/8.5.0.alpha002/tools/tikcpp/tikcfw/impl/kernel_tpipe_base.h:17:
In file included from /usr/local/Ascend/ascend-toolkit/8.5.0.alpha002/tools/tikcpp/tikcfw/impl/kernel_tensor_impl.h:17:
In file included from /usr/local/Ascend/ascend-toolkit/8.5.0.alpha002/tools/tikcpp/tikcfw/interface/kernel_tensor.h:18:
In file included from /usr/local/Ascend/ascend-toolkit/8.5.0.alpha002/tools/tikcpp/tikcfw/impl/kernel_utils.h:17:
In file included from /usr/local/Ascend/ascend-toolkit/8.5.0.alpha002/tools/tikcpp/tikcfw/impl/utils/kernel_utils_macros.h:33:
In file included from /usr/local/Ascend/ascend-toolkit/8.5.0.alpha002/tools/tikcpp/tikcfw/impl/kernel_log.h:23:
/usr/local/Ascend/ascend-toolkit/8.5.0.alpha002/tools/tikicpulib/lib/include/stub_def.h:55:9: warning: '__in_pipe__' macro redefined [-Wmacro-redefined]
#define __in_pipe__(...)
        ^
/usr/local/Ascend/ascend-toolkit/8.5.0.alpha002/aarch64-linux/ccec_compiler/lib/clang/15.0.5/include/__clang_cce_defines.h:22:9: note: previous definition is here
#define __in_pipe__(...) __attribute__((in_pipe(#__VA_ARGS__)))
        ^
In file included from /home/data4t2/lelinfeng/cann-staging-liveness-x/route_support/STAGING-LIVENESS-X/V034/exact_source_kernel.cpp:8:
In file included from /home/data4t2/lelinfeng/cann-staging-liveness-x/本地实验/STAGING-LIVENESS-X/V034/src/submission.asc:3:
In file included from /usr/local/Ascend/ascend-toolkit/8.5.0.alpha002/tools/tikcpp/tikcfw/kernel_operator.h:18:
In file included from /usr/local/Ascend/ascend-toolkit/8.5.0.alpha002/tools/tikcpp/tikcfw/impl/kernel_tpipe_impl.h:22:
In file included from /usr/local/Ascend/ascend-toolkit/8.5.0.alpha002/tools/tikcpp/tikcfw/interface/kernel_tpipe.h:17:
In file included from /usr/local/Ascend/ascend-toolkit/8.5.0.alpha002/tools/tikcpp/tikcfw/impl/kernel_tpipe_base.h:17:
In file included from /usr/local/Ascend/ascend-toolkit/8.5.0.alpha002/tools/tikcpp/tikcfw/impl/kernel_tensor_impl.h:17:
In file included from /usr/local/Ascend/ascend-toolkit/8.5.0.alpha002/tools/tikcpp/tikcfw/interface/kernel_tensor.h:18:
In file included from /usr/local/Ascend/ascend-toolkit/8.5.0.alpha002/tools/tikcpp/tikcfw/impl/kernel_utils.h:17:
In file included from /usr/local/Ascend/ascend-toolkit/8.5.0.alpha002/tools/tikcpp/tikcfw/impl/utils/kernel_utils_macros.h:33:
In file included from /usr/local/Ascend/ascend-toolkit/8.5.0.alpha002/tools/tikcpp/tikcfw/impl/kernel_log.h:23:
/usr/local/Ascend/ascend-toolkit/8.5.0.alpha002/tools/tikicpulib/lib/include/stub_def.h:56:9: warning: '__out_pipe__' macro redefined [-Wmacro-redefined]
#define __out_pipe__(...)
        ^
/usr/local/Ascend/ascend-toolkit/8.5.0.alpha002/aarch64-linux/ccec_compiler/lib/clang/15.0.5/include/__clang_cce_defines.h:24:9: note: previous definition is here
#define __out_pipe__(...) __attribute__((out_pipe(#__VA_ARGS__)))
        ^
In file included from /home/data4t2/lelinfeng/cann-staging-liveness-x/route_support/STAGING-LIVENESS-X/V034/exact_source_kernel.cpp:8:
In file included from /home/data4t2/lelinfeng/cann-staging-liveness-x/本地实验/STAGING-LIVENESS-X/V034/src/submission.asc:3:
In file included from /usr/local/Ascend/ascend-toolkit/8.5.0.alpha002/tools/tikcpp/tikcfw/kernel_operator.h:18:
In file included from /usr/local/Ascend/ascend-toolkit/8.5.0.alpha002/tools/tikcpp/tikcfw/impl/kernel_tpipe_impl.h:22:
In file included from /usr/local/Ascend/ascend-toolkit/8.5.0.alpha002/tools/tikcpp/tikcfw/interface/kernel_tpipe.h:17:
In file included from /usr/local/Ascend/ascend-toolkit/8.5.0.alpha002/tools/tikcpp/tikcfw/impl/kernel_tpipe_base.h:17:
In file included from /usr/local/Ascend/ascend-toolkit/8.5.0.alpha002/tools/tikcpp/tikcfw/impl/kernel_tensor_impl.h:17:
In file included from /usr/local/Ascend/ascend-toolkit/8.5.0.alpha002/tools/tikcpp/tikcfw/interface/kernel_tensor.h:18:
In file included from /usr/local/Ascend/ascend-toolkit/8.5.0.alpha002/tools/tikcpp/tikcfw/impl/kernel_utils.h:17:
In file included from /usr/local/Ascend/ascend-toolkit/8.5.0.alpha002/tools/tikcpp/tikcfw/impl/utils/kernel_utils_macros.h:33:
In file included from /usr/local/Ascend/ascend-toolkit/8.5.0.alpha002/tools/tikcpp/tikcfw/impl/kernel_log.h:23:
/usr/local/Ascend/ascend-toolkit/8.5.0.alpha002/tools/tikicpulib/lib/include/stub_def.h:57:9: warning: '__ssbuf__' macro redefined [-Wmacro-redefined]
#define __ssbuf__
        ^
/usr/local/Ascend/ascend-toolkit/8.5.0.alpha002/aarch64-linux/ccec_compiler/lib/clang/15.0.5/include/__clang_cce_defines.h:59:9: note: previous definition is here
#define __ssbuf__ __attribute__((cce_scalar_share_buff))
        ^
In file included from /home/data4t2/lelinfeng/cann-staging-liveness-x/route_support/STAGING-LIVENESS-X/V034/exact_source_kernel.cpp:8:
In file included from /home/data4t2/lelinfeng/cann-staging-liveness-x/本地实验/STAGING-LIVENESS-X/V034/src/submission.asc:3:
In file included from /usr/local/Ascend/ascend-toolkit/8.5.0.alpha002/tools/tikcpp/tikcfw/kernel_operator.h:18:
In file included from /usr/local/Ascend/ascend-toolkit/8.5.0.alpha002/tools/tikcpp/tikcfw/impl/kernel_tpipe_impl.h:22:
In file included from /usr/local/Ascend/ascend-toolkit/8.5.0.alpha002/tools/tikcpp/tikcfw/interface/kernel_tpipe.h:17:
In file included from /usr/local/Ascend/ascend-toolkit/8.5.0.alpha002/tools/tikcpp/tikcfw/impl/kernel_tpipe_base.h:17:
In file included from /usr/local/Ascend/ascend-toolkit/8.5.0.alpha002/tools/tikcpp/tikcfw/impl/kernel_tensor_impl.h:17:
In file included from /usr/local/Ascend/ascend-toolkit/8.5.0.alpha002/tools/tikcpp/tikcfw/interface/kernel_tensor.h:18:
In file included from /usr/local/Ascend/ascend-toolkit/8.5.0.alpha002/tools/tikcpp/tikcfw/impl/kernel_utils.h:17:
In file included from /usr/local/Ascend/ascend-toolkit/8.5.0.alpha002/tools/tikcpp/tikcfw/impl/utils/kernel_utils_macros.h:33:
In file included from /usr/local/Ascend/ascend-toolkit/8.5.0.alpha002/tools/tikcpp/tikcfw/impl/kernel_log.h:23:
/usr/local/Ascend/ascend-toolkit/8.5.0.alpha002/tools/tikicpulib/lib/include/stub_def.h:58:9: warning: '__simt_callee__' macro redefined [-Wmacro-redefined]
#define __simt_callee__
        ^
/usr/local/Ascend/ascend-toolkit/8.5.0.alpha002/aarch64-linux/ccec_compiler/lib/clang/15.0.5/include/__clang_cce_defines.h:32:9: note: previous definition is here
#define __simt_callee__ __attribute__((cce_simt_callable))
        ^
In file included from /home/data4t2/lelinfeng/cann-staging-liveness-x/route_support/STAGING-LIVENESS-X/V034/exact_source_kernel.cpp:8:
In file included from /home/data4t2/lelinfeng/cann-staging-liveness-x/本地实验/STAGING-LIVENESS-X/V034/src/submission.asc:3:
In file included from /usr/local/Ascend/ascend-toolkit/8.5.0.alpha002/tools/tikcpp/tikcfw/kernel_operator.h:18:
In file included from /usr/local/Ascend/ascend-toolkit/8.5.0.alpha002/tools/tikcpp/tikcfw/impl/kernel_tpipe_impl.h:22:
In file included from /usr/local/Ascend/ascend-toolkit/8.5.0.alpha002/tools/tikcpp/tikcfw/interface/kernel_tpipe.h:17:
In file included from /usr/local/Ascend/ascend-toolkit/8.5.0.alpha002/tools/tikcpp/tikcfw/impl/kernel_tpipe_base.h:17:
In file included from /usr/local/Ascend/ascend-toolkit/8.5.0.alpha002/tools/tikcpp/tikcfw/impl/kernel_tensor_impl.h:17:
In file included from /usr/local/Ascend/ascend-toolkit/8.5.0.alpha002/tools/tikcpp/tikcfw/interface/kernel_tensor.h:18:
In file included from /usr/local/Ascend/ascend-toolkit/8.5.0.alpha002/tools/tikcpp/tikcfw/impl/kernel_utils.h:17:
In file included from /usr/local/Ascend/ascend-toolkit/8.5.0.alpha002/tools/tikcpp/tikcfw/impl/utils/kernel_utils_macros.h:33:
In file included from /usr/local/Ascend/ascend-toolkit/8.5.0.alpha002/tools/tikcpp/tikcfw/impl/kernel_log.h:23:
/usr/local/Ascend/ascend-toolkit/8.5.0.alpha002/tools/tikicpulib/lib/include/stub_def.h:59:9: warning: '__simt_vf__' macro redefined [-Wmacro-redefined]
#define __simt_vf__
        ^
/usr/local/Ascend/ascend-toolkit/8.5.0.alpha002/aarch64-linux/ccec_compiler/lib/clang/15.0.5/include/__clang_cce_defines.h:33:9: note: previous definition is here
#define __simt_vf__ __attribute__((cce_simt_entry)) __attribute__((noinline))
        ^
In file included from /home/data4t2/lelinfeng/cann-staging-liveness-x/route_support/STAGING-LIVENESS-X/V034/exact_source_kernel.cpp:8:
In file included from /home/data4t2/lelinfeng/cann-staging-liveness-x/本地实验/STAGING-LIVENESS-X/V034/src/submission.asc:3:
In file included from /usr/local/Ascend/ascend-toolkit/8.5.0.alpha002/tools/tikcpp/tikcfw/kernel_operator.h:18:
In file included from /usr/local/Ascend/ascend-toolkit/8.5.0.alpha002/tools/tikcpp/tikcfw/impl/kernel_tpipe_impl.h:22:
In file included from /usr/local/Ascend/ascend-toolkit/8.5.0.alpha002/tools/tikcpp/tikcfw/interface/kernel_tpipe.h:17:
In file included from /usr/local/Ascend/ascend-toolkit/8.5.0.alpha002/tools/tikcpp/tikcfw/impl/kernel_tpipe_base.h:17:
In file included from /usr/local/Ascend/ascend-toolkit/8.5.0.alpha002/tools/tikcpp/tikcfw/impl/kernel_tensor_impl.h:17:
In file included from /usr/local/Ascend/ascend-toolkit/8.5.0.alpha002/tools/tikcpp/tikcfw/interface/kernel_tensor.h:18:
In file included from /usr/local/Ascend/ascend-toolkit/8.5.0.alpha002/tools/tikcpp/tikcfw/impl/kernel_utils.h:17:
In file included from /usr/local/Ascend/ascend-toolkit/8.5.0.alpha002/tools/tikcpp/tikcfw/impl/utils/kernel_utils_macros.h:33:
In file included from /usr/local/Ascend/ascend-toolkit/8.5.0.alpha002/tools/tikcpp/tikcfw/impl/kernel_log.h:23:
/usr/local/Ascend/ascend-toolkit/8.5.0.alpha002/tools/tikicpulib/lib/include/stub_def.h:60:9: warning: '__simd_callee__' macro redefined [-Wmacro-redefined]
#define __simd_callee__
        ^
/usr/local/Ascend/ascend-toolkit/8.5.0.alpha002/aarch64-linux/ccec_compiler/lib/clang/15.0.5/include/__clang_cce_defines.h:40:9: note: previous definition is here
#define __simd_callee__ __attribute__((cce_simd_callee))
        ^
In file included from /home/data4t2/lelinfeng/cann-staging-liveness-x/route_support/STAGING-LIVENESS-X/V034/exact_source_kernel.cpp:8:
In file included from /home/data4t2/lelinfeng/cann-staging-liveness-x/本地实验/STAGING-LIVENESS-X/V034/src/submission.asc:3:
In file included from /usr/local/Ascend/ascend-toolkit/8.5.0.alpha002/tools/tikcpp/tikcfw/kernel_operator.h:18:
In file included from /usr/local/Ascend/ascend-toolkit/8.5.0.alpha002/tools/tikcpp/tikcfw/impl/kernel_tpipe_impl.h:22:
In file included from /usr/local/Ascend/ascend-toolkit/8.5.0.alpha002/tools/tikcpp/tikcfw/interface/kernel_tpipe.h:17:
In file included from /usr/local/Ascend/ascend-toolkit/8.5.0.alpha002/tools/tikcpp/tikcfw/impl/kernel_tpipe_base.h:17:
In file included from /usr/local/Ascend/ascend-toolkit/8.5.0.alpha002/tools/tikcpp/tikcfw/impl/kernel_tensor_impl.h:17:
In file included from /usr/local/Ascend/ascend-toolkit/8.5.0.alpha002/tools/tikcpp/tikcfw/interface/kernel_tensor.h:18:
In file included from /usr/local/Ascend/ascend-toolkit/8.5.0.alpha002/tools/tikcpp/tikcfw/impl/kernel_utils.h:17:
In file included from /usr/local/Ascend/ascend-toolkit/8.5.0.alpha002/tools/tikcpp/tikcfw/impl/utils/kernel_utils_macros.h:33:
In file included from /usr/local/Ascend/ascend-toolkit/8.5.0.alpha002/tools/tikcpp/tikcfw/impl/kernel_log.h:23:
/usr/local/Ascend/ascend-toolkit/8.5.0.alpha002/tools/tikicpulib/lib/include/stub_def.h:61:9: warning: '__simd_vf__' macro redefined [-Wmacro-redefined]
#define __simd_vf__
        ^
/usr/local/Ascend/ascend-toolkit/8.5.0.alpha002/aarch64-linux/ccec_compiler/lib/clang/15.0.5/include/__clang_cce_defines.h:39:9: note: previous definition is here
#define __simd_vf__ __attribute__((cce_simd_vf))
        ^
In file included from /home/data4t2/lelinfeng/cann-staging-liveness-x/route_support/STAGING-LIVENESS-X/V034/exact_source_kernel.cpp:8:
In file included from /home/data4t2/lelinfeng/cann-staging-liveness-x/本地实验/STAGING-LIVENESS-X/V034/src/submission.asc:3:
In file included from /usr/local/Ascend/ascend-toolkit/8.5.0.alpha002/tools/tikcpp/tikcfw/kernel_operator.h:18:
In file included from /usr/local/Ascend/ascend-toolkit/8.5.0.alpha002/tools/tikcpp/tikcfw/impl/kernel_tpipe_impl.h:22:
In file included from /usr/local/Ascend/ascend-toolkit/8.5.0.alpha002/tools/tikcpp/tikcfw/interface/kernel_tpipe.h:17:
In file included from /usr/local/Ascend/ascend-toolkit/8.5.0.alpha002/tools/tikcpp/tikcfw/impl/kernel_tpipe_base.h:17:
In file included from /usr/local/Ascend/ascend-toolkit/8.5.0.alpha002/tools/tikcpp/tikcfw/impl/kernel_tensor_impl.h:17:
In file included from /usr/local/Ascend/ascend-toolkit/8.5.0.alpha002/tools/tikcpp/tikcfw/interface/kernel_tensor.h:18:
In file included from /usr/local/Ascend/ascend-toolkit/8.5.0.alpha002/tools/tikcpp/tikcfw/impl/kernel_utils.h:17:
In file included from /usr/local/Ascend/ascend-toolkit/8.5.0.alpha002/tools/tikcpp/tikcfw/impl/utils/kernel_utils_macros.h:33:
In file included from /usr/local/Ascend/ascend-toolkit/8.5.0.alpha002/tools/tikcpp/tikcfw/impl/kernel_log.h:23:
/usr/local/Ascend/ascend-toolkit/8.5.0.alpha002/tools/tikicpulib/lib/include/stub_def.h:62:9: warning: '__no_simd_vf_fusion__' macro redefined [-Wmacro-redefined]
#define __no_simd_vf_fusion__
        ^
/usr/local/Ascend/ascend-toolkit/8.5.0.alpha002/aarch64-linux/ccec_compiler/lib/clang/15.0.5/include/__clang_cce_defines.h:41:9: note: previous definition is here
#define __no_simd_vf_fusion__ __attribute__((no_simd_vf_fusion))
        ^
In file included from /home/data4t2/lelinfeng/cann-staging-liveness-x/route_support/STAGING-LIVENESS-X/V034/exact_source_kernel.cpp:8:
In file included from /home/data4t2/lelinfeng/cann-staging-liveness-x/本地实验/STAGING-LIVENESS-X/V034/src/submission.asc:3:
In file included from /usr/local/Ascend/ascend-toolkit/8.5.0.alpha002/tools/tikcpp/tikcfw/kernel_operator.h:18:
In file included from /usr/local/Ascend/ascend-toolkit/8.5.0.alpha002/tools/tikcpp/tikcfw/impl/kernel_tpipe_impl.h:22:
In file included from /usr/local/Ascend/ascend-toolkit/8.5.0.alpha002/tools/tikcpp/tikcfw/interface/kernel_tpipe.h:17:
In file included from /usr/local/Ascend/ascend-toolkit/8.5.0.alpha002/tools/tikcpp/tikcfw/impl/kernel_tpipe_base.h:17:
In file included from /usr/local/Ascend/ascend-toolkit/8.5.0.alpha002/tools/tikcpp/tikcfw/impl/kernel_tensor_impl.h:17:
In file included from /usr/local/Ascend/ascend-toolkit/8.5.0.alpha002/tools/tikcpp/tikcfw/interface/kernel_tensor.h:18:
In file included from /usr/local/Ascend/ascend-toolkit/8.5.0.alpha002/tools/tikcpp/tikcfw/impl/kernel_utils.h:17:
In file included from /usr/local/Ascend/ascend-toolkit/8.5.0.alpha002/tools/tikcpp/tikcfw/impl/utils/kernel_utils_macros.h:33:
In file included from /usr/local/Ascend/ascend-toolkit/8.5.0.alpha002/tools/tikcpp/tikcfw/impl/kernel_log.h:23:
/usr/local/Ascend/ascend-toolkit/8.5.0.alpha002/tools/tikicpulib/lib/include/stub_def.h:63:9: warning: 'LAUNCH_BOUND' macro redefined [-Wmacro-redefined]
#define LAUNCH_BOUND(x)
        ^
/usr/local/Ascend/ascend-toolkit/8.5.0.alpha002/aarch64-linux/ccec_compiler/lib/clang/15.0.5/include/__clang_cce_defines.h:37:9: note: previous definition is here
#define LAUNCH_BOUND(N) __attribute__((cce_launch_bounds(N)))
        ^
23 warnings generated.
[100%] Built target precompile_obj
[100%] Built target check_src_template
[ 15%] No install step for 'v034_exact_kernel_precompile'
[ 17%] Completed 'v034_exact_kernel_precompile'
[ 17%] Built target v034_exact_kernel_precompile
[ 20%] Creating directories for 'v034_exact_kernel_preprocess'
[ 22%] No download step for 'v034_exact_kernel_preprocess'
[ 24%] No update step for 'v034_exact_kernel_preprocess'
[ 26%] No patch step for 'v034_exact_kernel_preprocess'
[ 28%] Performing configure step for 'v034_exact_kernel_preprocess'
-- The C compiler identification is GNU 11.4.0
-- The CXX compiler identification is GNU 11.4.0
-- Detecting C compiler ABI info
-- Detecting C compiler ABI info - done
-- Check for working C compiler: /usr/bin/cc - skipped
-- Detecting C compile features
-- Detecting C compile features - done
-- Detecting CXX compiler ABI info
-- Detecting CXX compiler ABI info - done
-- Check for working CXX compiler: /usr/bin/c++ - skipped
-- Detecting CXX compile features
-- Detecting CXX compile features - done
-- Configuring done
-- Generating done
-- Build files have been written to: /home/data4t2/lelinfeng/cann-staging-liveness-x/route_support/STAGING-LIVENESS-X/V034/build/tikicpulib-meta-ascii-runner-v034-20261007T183752Z/v034_exact_kernel_preprocess-prefix/src/v034_exact_kernel_preprocess-build
[ 31%] Performing build step for 'v034_exact_kernel_preprocess'
[ 33%] Building CXX object CMakeFiles/aiv_obj.dir/home/data4t2/lelinfeng/cann-staging-liveness-x/route_support/STAGING-LIVENESS-X/V034/exact_source_kernel.cpp.o
[ 66%] Building CXX object CMakeFiles/preprocess_obj.dir/home/data4t2/lelinfeng/cann-staging-liveness-x/route_support/STAGING-LIVENESS-X/V034/exact_source_kernel.cpp.o
In file included from /home/data4t2/lelinfeng/cann-staging-liveness-x/route_support/STAGING-LIVENESS-X/V034/exact_source_kernel.cpp:8:
In file included from /home/data4t2/lelinfeng/cann-staging-liveness-x/本地实验/STAGING-LIVENESS-X/V034/src/submission.asc:3:
In file included from /usr/local/Ascend/ascend-toolkit/8.5.0.alpha002/tools/tikcpp/tikcfw/kernel_operator.h:18:
In file included from /usr/local/Ascend/ascend-toolkit/8.5.0.alpha002/tools/tikcpp/tikcfw/impl/kernel_tpipe_impl.h:22:
In file included from /usr/local/Ascend/ascend-toolkit/8.5.0.alpha002/tools/tikcpp/tikcfw/interface/kernel_tpipe.h:17:
In file included from /usr/local/Ascend/ascend-toolkit/8.5.0.alpha002/tools/tikcpp/tikcfw/impl/kernel_tpipe_base.h:17:
In file included from /usr/local/Ascend/ascend-toolkit/8.5.0.alpha002/tools/tikcpp/tikcfw/impl/kernel_tensor_impl.h:17:
In file included from /usr/local/Ascend/ascend-toolkit/8.5.0.alpha002/tools/tikcpp/tikcfw/interface/kernel_tensor.h:18:
In file included from /usr/local/Ascend/ascend-toolkit/8.5.0.alpha002/tools/tikcpp/tikcfw/impl/kernel_utils.h:17:
In file included from /usr/local/Ascend/ascend-toolkit/8.5.0.alpha002/tools/tikcpp/tikcfw/impl/utils/kernel_utils_macros.h:33:
In file included from /usr/local/Ascend/ascend-toolkit/8.5.0.alpha002/tools/tikcpp/tikcfw/impl/kernel_log.h:23:
/usr/local/Ascend/ascend-toolkit/8.5.0.alpha002/tools/tikicpulib/lib/include/stub_def.h:36:9: warning: '__global__' macro redefined [-Wmacro-redefined]
#define __global__
        ^
/usr/local/Ascend/ascend-toolkit/8.5.0.alpha002/aarch64-linux/ccec_compiler/lib/clang/15.0.5/include/__clang_cce_defines.h:31:9: note: previous definition is here
#define __global__ __attribute__((cce_kernel))
        ^
In file included from /home/data4t2/lelinfeng/cann-staging-liveness-x/route_support/STAGING-LIVENESS-X/V034/exact_source_kernel.cpp:8:
In file included from /home/data4t2/lelinfeng/cann-staging-liveness-x/本地实验/STAGING-LIVENESS-X/V034/src/submission.asc:3:
In file included from /usr/local/Ascend/ascend-toolkit/8.5.0.alpha002/tools/tikcpp/tikcfw/kernel_operator.h:18:
In file included from /usr/local/Ascend/ascend-toolkit/8.5.0.alpha002/tools/tikcpp/tikcfw/impl/kernel_tpipe_impl.h:22:
In file included from /usr/local/Ascend/ascend-toolkit/8.5.0.alpha002/tools/tikcpp/tikcfw/interface/kernel_tpipe.h:17:
In file included from /usr/local/Ascend/ascend-toolkit/8.5.0.alpha002/tools/tikcpp/tikcfw/impl/kernel_tpipe_base.h:17:
In file included from /usr/local/Ascend/ascend-toolkit/8.5.0.alpha002/tools/tikcpp/tikcfw/impl/kernel_tensor_impl.h:17:
In file included from /usr/local/Ascend/ascend-toolkit/8.5.0.alpha002/tools/tikcpp/tikcfw/interface/kernel_tensor.h:18:
In file included from /usr/local/Ascend/ascend-toolkit/8.5.0.alpha002/tools/tikcpp/tikcfw/impl/kernel_utils.h:17:
In file included from /usr/local/Ascend/ascend-toolkit/8.5.0.alpha002/tools/tikcpp/tikcfw/impl/utils/kernel_utils_macros.h:33:
In file included from /usr/local/Ascend/ascend-toolkit/8.5.0.alpha002/tools/tikcpp/tikcfw/impl/kernel_log.h:23:
/usr/local/Ascend/ascend-toolkit/8.5.0.alpha002/tools/tikicpulib/lib/include/stub_def.h:42:9: warning: '__gm__' macro redefined [-Wmacro-redefined]
#define __gm__
        ^
/usr/local/Ascend/ascend-toolkit/8.5.0.alpha002/aarch64-linux/ccec_compiler/lib/clang/15.0.5/include/__clang_cce_defines.h:47:9: note: previous definition is here
#define __gm__ __attribute__((cce_global))
        ^
In file included from /home/data4t2/lelinfeng/cann-staging-liveness-x/route_support/STAGING-LIVENESS-X/V034/exact_source_kernel.cpp:8:
In file included from /home/data4t2/lelinfeng/cann-staging-liveness-x/本地实验/STAGING-LIVENESS-X/V034/src/submission.asc:3:
In file included from /usr/local/Ascend/ascend-toolkit/8.5.0.alpha002/tools/tikcpp/tikcfw/kernel_operator.h:18:
In file included from /usr/local/Ascend/ascend-toolkit/8.5.0.alpha002/tools/tikcpp/tikcfw/impl/kernel_tpipe_impl.h:22:
In file included from /usr/local/Ascend/ascend-toolkit/8.5.0.alpha002/tools/tikcpp/tikcfw/interface/kernel_tpipe.h:17:
In file included from /usr/local/Ascend/ascend-toolkit/8.5.0.alpha002/tools/tikcpp/tikcfw/impl/kernel_tpipe_base.h:17:
In file included from /usr/local/Ascend/ascend-toolkit/8.5.0.alpha002/tools/tikcpp/tikcfw/impl/kernel_tensor_impl.h:17:
In file included from /usr/local/Ascend/ascend-toolkit/8.5.0.alpha002/tools/tikcpp/tikcfw/interface/kernel_tensor.h:18:
In file included from /usr/local/Ascend/ascend-toolkit/8.5.0.alpha002/tools/tikcpp/tikcfw/impl/kernel_utils.h:17:
In file included from /usr/local/Ascend/ascend-toolkit/8.5.0.alpha002/tools/tikcpp/tikcfw/impl/utils/kernel_utils_macros.h:33:
In file included from /usr/local/Ascend/ascend-toolkit/8.5.0.alpha002/tools/tikcpp/tikcfw/impl/kernel_log.h:23:
/usr/local/Ascend/ascend-toolkit/8.5.0.alpha002/tools/tikicpulib/lib/include/stub_def.h:43:9: warning: '__cbuf__' macro redefined [-Wmacro-redefined]
#define __cbuf__
        ^
/usr/local/Ascend/ascend-toolkit/8.5.0.alpha002/aarch64-linux/ccec_compiler/lib/clang/15.0.5/include/__clang_cce_defines.h:52:9: note: previous definition is here
#define __cbuf__ __attribute__((cce_cube_buff))
        ^
In file included from /home/data4t2/lelinfeng/cann-staging-liveness-x/route_support/STAGING-LIVENESS-X/V034/exact_source_kernel.cpp:8:
In file included from /home/data4t2/lelinfeng/cann-staging-liveness-x/本地实验/STAGING-LIVENESS-X/V034/src/submission.asc:3:
In file included from /usr/local/Ascend/ascend-toolkit/8.5.0.alpha002/tools/tikcpp/tikcfw/kernel_operator.h:18:
In file included from /usr/local/Ascend/ascend-toolkit/8.5.0.alpha002/tools/tikcpp/tikcfw/impl/kernel_tpipe_impl.h:22:
In file included from /usr/local/Ascend/ascend-toolkit/8.5.0.alpha002/tools/tikcpp/tikcfw/interface/kernel_tpipe.h:17:
In file included from /usr/local/Ascend/ascend-toolkit/8.5.0.alpha002/tools/tikcpp/tikcfw/impl/kernel_tpipe_base.h:17:
In file included from /usr/local/Ascend/ascend-toolkit/8.5.0.alpha002/tools/tikcpp/tikcfw/impl/kernel_tensor_impl.h:17:
In file included from /usr/local/Ascend/ascend-toolkit/8.5.0.alpha002/tools/tikcpp/tikcfw/interface/kernel_tensor.h:18:
In file included from /usr/local/Ascend/ascend-toolkit/8.5.0.alpha002/tools/tikcpp/tikcfw/impl/kernel_utils.h:17:
In file included from /usr/local/Ascend/ascend-toolkit/8.5.0.alpha002/tools/tikcpp/tikcfw/impl/utils/kernel_utils_macros.h:33:
In file included from /usr/local/Ascend/ascend-toolkit/8.5.0.alpha002/tools/tikcpp/tikcfw/impl/kernel_log.h:23:
/usr/local/Ascend/ascend-toolkit/8.5.0.alpha002/tools/tikicpulib/lib/include/stub_def.h:44:9: warning: '__ubuf__' macro redefined [-Wmacro-redefined]
#define __ubuf__
        ^
/usr/local/Ascend/ascend-toolkit/8.5.0.alpha002/aarch64-linux/ccec_compiler/lib/clang/15.0.5/include/__clang_cce_defines.h:51:9: note: previous definition is here
#define __ubuf__ __attribute__((cce_unif_buff))
        ^
In file included from /home/data4t2/lelinfeng/cann-staging-liveness-x/route_support/STAGING-LIVENESS-X/V034/exact_source_kernel.cpp:8:
In file included from /home/data4t2/lelinfeng/cann-staging-liveness-x/本地实验/STAGING-LIVENESS-X/V034/src/submission.asc:3:
In file included from /usr/local/Ascend/ascend-toolkit/8.5.0.alpha002/tools/tikcpp/tikcfw/kernel_operator.h:18:
In file included from /usr/local/Ascend/ascend-toolkit/8.5.0.alpha002/tools/tikcpp/tikcfw/impl/kernel_tpipe_impl.h:22:
In file included from /usr/local/Ascend/ascend-toolkit/8.5.0.alpha002/tools/tikcpp/tikcfw/interface/kernel_tpipe.h:17:
In file included from /usr/local/Ascend/ascend-toolkit/8.5.0.alpha002/tools/tikcpp/tikcfw/impl/kernel_tpipe_base.h:17:
In file included from /usr/local/Ascend/ascend-toolkit/8.5.0.alpha002/tools/tikcpp/tikcfw/impl/kernel_tensor_impl.h:17:
In file included from /usr/local/Ascend/ascend-toolkit/8.5.0.alpha002/tools/tikcpp/tikcfw/interface/kernel_tensor.h:18:
In file included from /usr/local/Ascend/ascend-toolkit/8.5.0.alpha002/tools/tikcpp/tikcfw/impl/kernel_utils.h:17:
In file included from /usr/local/Ascend/ascend-toolkit/8.5.0.alpha002/tools/tikcpp/tikcfw/impl/utils/kernel_utils_macros.h:33:
In file included from /usr/local/Ascend/ascend-toolkit/8.5.0.alpha002/tools/tikcpp/tikcfw/impl/kernel_log.h:23:
/usr/local/Ascend/ascend-toolkit/8.5.0.alpha002/tools/tikicpulib/lib/include/stub_def.h:45:9: warning: '__cc__' macro redefined [-Wmacro-redefined]
#define __cc__
        ^
/usr/local/Ascend/ascend-toolkit/8.5.0.alpha002/aarch64-linux/ccec_compiler/lib/clang/15.0.5/include/__clang_cce_defines.h:50:9: note: previous definition is here
#define __cc__ __attribute__((cce_cube_c))
        ^
In file included from /home/data4t2/lelinfeng/cann-staging-liveness-x/route_support/STAGING-LIVENESS-X/V034/exact_source_kernel.cpp:8:
In file included from /home/data4t2/lelinfeng/cann-staging-liveness-x/本地实验/STAGING-LIVENESS-X/V034/src/submission.asc:3:
In file included from /usr/local/Ascend/ascend-toolkit/8.5.0.alpha002/tools/tikcpp/tikcfw/kernel_operator.h:18:
In file included from /usr/local/Ascend/ascend-toolkit/8.5.0.alpha002/tools/tikcpp/tikcfw/impl/kernel_tpipe_impl.h:22:
In file included from /usr/local/Ascend/ascend-toolkit/8.5.0.alpha002/tools/tikcpp/tikcfw/interface/kernel_tpipe.h:17:
In file included from /usr/local/Ascend/ascend-toolkit/8.5.0.alpha002/tools/tikcpp/tikcfw/impl/kernel_tpipe_base.h:17:
In file included from /usr/local/Ascend/ascend-toolkit/8.5.0.alpha002/tools/tikcpp/tikcfw/impl/kernel_tensor_impl.h:17:
In file included from /usr/local/Ascend/ascend-toolkit/8.5.0.alpha002/tools/tikcpp/tikcfw/interface/kernel_tensor.h:18:
In file included from /usr/local/Ascend/ascend-toolkit/8.5.0.alpha002/tools/tikcpp/tikcfw/impl/kernel_utils.h:17:
In file included from /usr/local/Ascend/ascend-toolkit/8.5.0.alpha002/tools/tikcpp/tikcfw/impl/utils/kernel_utils_macros.h:33:
In file included from /usr/local/Ascend/ascend-toolkit/8.5.0.alpha002/tools/tikcpp/tikcfw/impl/kernel_log.h:23:
/usr/local/Ascend/ascend-toolkit/8.5.0.alpha002/tools/tikicpulib/lib/include/stub_def.h:46:9: warning: '__ca__' macro redefined [-Wmacro-redefined]
#define __ca__
        ^
/usr/local/Ascend/ascend-toolkit/8.5.0.alpha002/aarch64-linux/ccec_compiler/lib/clang/15.0.5/include/__clang_cce_defines.h:48:9: note: previous definition is here
#define __ca__ __attribute__((cce_cube_a))
        ^
In file included from /home/data4t2/lelinfeng/cann-staging-liveness-x/route_support/STAGING-LIVENESS-X/V034/exact_source_kernel.cpp:8:
In file included from /home/data4t2/lelinfeng/cann-staging-liveness-x/本地实验/STAGING-LIVENESS-X/V034/src/submission.asc:3:
In file included from /usr/local/Ascend/ascend-toolkit/8.5.0.alpha002/tools/tikcpp/tikcfw/kernel_operator.h:18:
In file included from /usr/local/Ascend/ascend-toolkit/8.5.0.alpha002/tools/tikcpp/tikcfw/impl/kernel_tpipe_impl.h:22:
In file included from /usr/local/Ascend/ascend-toolkit/8.5.0.alpha002/tools/tikcpp/tikcfw/interface/kernel_tpipe.h:17:
In file included from /usr/local/Ascend/ascend-toolkit/8.5.0.alpha002/tools/tikcpp/tikcfw/impl/kernel_tpipe_base.h:17:
In file included from /usr/local/Ascend/ascend-toolkit/8.5.0.alpha002/tools/tikcpp/tikcfw/impl/kernel_tensor_impl.h:17:
In file included from /usr/local/Ascend/ascend-toolkit/8.5.0.alpha002/tools/tikcpp/tikcfw/interface/kernel_tensor.h:18:
In file included from /usr/local/Ascend/ascend-toolkit/8.5.0.alpha002/tools/tikcpp/tikcfw/impl/kernel_utils.h:17:
In file included from /usr/local/Ascend/ascend-toolkit/8.5.0.alpha002/tools/tikcpp/tikcfw/impl/utils/kernel_utils_macros.h:33:
In file included from /usr/local/Ascend/ascend-toolkit/8.5.0.alpha002/tools/tikcpp/tikcfw/impl/kernel_log.h:23:
/usr/local/Ascend/ascend-toolkit/8.5.0.alpha002/tools/tikicpulib/lib/include/stub_def.h:47:9: warning: '__cb__' macro redefined [-Wmacro-redefined]
#define __cb__
        ^
/usr/local/Ascend/ascend-toolkit/8.5.0.alpha002/aarch64-linux/ccec_compiler/lib/clang/15.0.5/include/__clang_cce_defines.h:49:9: note: previous definition is here
#define __cb__ __attribute__((cce_cube_b))
        ^
In file included from /home/data4t2/lelinfeng/cann-staging-liveness-x/route_support/STAGING-LIVENESS-X/V034/exact_source_kernel.cpp:8:
In file included from /home/data4t2/lelinfeng/cann-staging-liveness-x/本地实验/STAGING-LIVENESS-X/V034/src/submission.asc:3:
In file included from /usr/local/Ascend/ascend-toolkit/8.5.0.alpha002/tools/tikcpp/tikcfw/kernel_operator.h:18:
In file included from /usr/local/Ascend/ascend-toolkit/8.5.0.alpha002/tools/tikcpp/tikcfw/impl/kernel_tpipe_impl.h:22:
In file included from /usr/local/Ascend/ascend-toolkit/8.5.0.alpha002/tools/tikcpp/tikcfw/interface/kernel_tpipe.h:17:
In file included from /usr/local/Ascend/ascend-toolkit/8.5.0.alpha002/tools/tikcpp/tikcfw/impl/kernel_tpipe_base.h:17:
In file included from /usr/local/Ascend/ascend-toolkit/8.5.0.alpha002/tools/tikcpp/tikcfw/impl/kernel_tensor_impl.h:17:
In file included from /usr/local/Ascend/ascend-toolkit/8.5.0.alpha002/tools/tikcpp/tikcfw/interface/kernel_tensor.h:18:
In file included from /usr/local/Ascend/ascend-toolkit/8.5.0.alpha002/tools/tikcpp/tikcfw/impl/kernel_utils.h:17:
In file included from /usr/local/Ascend/ascend-toolkit/8.5.0.alpha002/tools/tikcpp/tikcfw/impl/utils/kernel_utils_macros.h:33:
In file included from /usr/local/Ascend/ascend-toolkit/8.5.0.alpha002/tools/tikcpp/tikcfw/impl/kernel_log.h:23:
/usr/local/Ascend/ascend-toolkit/8.5.0.alpha002/tools/tikicpulib/lib/include/stub_def.h:48:9: warning: '__fbuf__' macro redefined [-Wmacro-redefined]
#define __fbuf__
        ^
/usr/local/Ascend/ascend-toolkit/8.5.0.alpha002/aarch64-linux/ccec_compiler/lib/clang/15.0.5/include/__clang_cce_defines.h:53:9: note: previous definition is here
#define __fbuf__ __attribute__((cce_fixpipe_buff))
        ^
In file included from /home/data4t2/lelinfeng/cann-staging-liveness-x/route_support/STAGING-LIVENESS-X/V034/exact_source_kernel.cpp:8:
In file included from /home/data4t2/lelinfeng/cann-staging-liveness-x/本地实验/STAGING-LIVENESS-X/V034/src/submission.asc:3:
In file included from /usr/local/Ascend/ascend-toolkit/8.5.0.alpha002/tools/tikcpp/tikcfw/kernel_operator.h:18:
In file included from /usr/local/Ascend/ascend-toolkit/8.5.0.alpha002/tools/tikcpp/tikcfw/impl/kernel_tpipe_impl.h:22:
In file included from /usr/local/Ascend/ascend-toolkit/8.5.0.alpha002/tools/tikcpp/tikcfw/interface/kernel_tpipe.h:17:
In file included from /usr/local/Ascend/ascend-toolkit/8.5.0.alpha002/tools/tikcpp/tikcfw/impl/kernel_tpipe_base.h:17:
In file included from /usr/local/Ascend/ascend-toolkit/8.5.0.alpha002/tools/tikcpp/tikcfw/impl/kernel_tensor_impl.h:17:
In file included from /usr/local/Ascend/ascend-toolkit/8.5.0.alpha002/tools/tikcpp/tikcfw/interface/kernel_tensor.h:18:
In file included from /usr/local/Ascend/ascend-toolkit/8.5.0.alpha002/tools/tikcpp/tikcfw/impl/kernel_utils.h:17:
In file included from /usr/local/Ascend/ascend-toolkit/8.5.0.alpha002/tools/tikcpp/tikcfw/impl/utils/kernel_utils_macros.h:33:
In file included from /usr/local/Ascend/ascend-toolkit/8.5.0.alpha002/tools/tikcpp/tikcfw/impl/kernel_log.h:23:
/usr/local/Ascend/ascend-toolkit/8.5.0.alpha002/tools/tikicpulib/lib/include/stub_def.h:49:9: warning: '__sync_noalias__' macro redefined [-Wmacro-redefined]
#define __sync_noalias__
        ^
/usr/local/Ascend/ascend-toolkit/8.5.0.alpha002/aarch64-linux/ccec_compiler/lib/clang/15.0.5/include/__clang_cce_defines.h:12:9: note: previous definition is here
#define __sync_noalias__ __attribute__((sync_noalias))
        ^
In file included from /home/data4t2/lelinfeng/cann-staging-liveness-x/route_support/STAGING-LIVENESS-X/V034/exact_source_kernel.cpp:8:
In file included from /home/data4t2/lelinfeng/cann-staging-liveness-x/本地实验/STAGING-LIVENESS-X/V034/src/submission.asc:3:
In file included from /usr/local/Ascend/ascend-toolkit/8.5.0.alpha002/tools/tikcpp/tikcfw/kernel_operator.h:18:
In file included from /usr/local/Ascend/ascend-toolkit/8.5.0.alpha002/tools/tikcpp/tikcfw/impl/kernel_tpipe_impl.h:22:
In file included from /usr/local/Ascend/ascend-toolkit/8.5.0.alpha002/tools/tikcpp/tikcfw/interface/kernel_tpipe.h:17:
In file included from /usr/local/Ascend/ascend-toolkit/8.5.0.alpha002/tools/tikcpp/tikcfw/impl/kernel_tpipe_base.h:17:
In file included from /usr/local/Ascend/ascend-toolkit/8.5.0.alpha002/tools/tikcpp/tikcfw/impl/kernel_tensor_impl.h:17:
In file included from /usr/local/Ascend/ascend-toolkit/8.5.0.alpha002/tools/tikcpp/tikcfw/interface/kernel_tensor.h:18:
In file included from /usr/local/Ascend/ascend-toolkit/8.5.0.alpha002/tools/tikcpp/tikcfw/impl/kernel_utils.h:17:
In file included from /usr/local/Ascend/ascend-toolkit/8.5.0.alpha002/tools/tikcpp/tikcfw/impl/utils/kernel_utils_macros.h:33:
In file included from /usr/local/Ascend/ascend-toolkit/8.5.0.alpha002/tools/tikcpp/tikcfw/impl/kernel_log.h:23:
/usr/local/Ascend/ascend-toolkit/8.5.0.alpha002/tools/tikicpulib/lib/include/stub_def.h:50:9: warning: '__sync_alias__' macro redefined [-Wmacro-redefined]
#define __sync_alias__
        ^
/usr/local/Ascend/ascend-toolkit/8.5.0.alpha002/aarch64-linux/ccec_compiler/lib/clang/15.0.5/include/__clang_cce_defines.h:14:9: note: previous definition is here
#define __sync_alias__ __attribute__((sync_alias))
        ^
In file included from /home/data4t2/lelinfeng/cann-staging-liveness-x/route_support/STAGING-LIVENESS-X/V034/exact_source_kernel.cpp:8:
In file included from /home/data4t2/lelinfeng/cann-staging-liveness-x/本地实验/STAGING-LIVENESS-X/V034/src/submission.asc:3:
In file included from /usr/local/Ascend/ascend-toolkit/8.5.0.alpha002/tools/tikcpp/tikcfw/kernel_operator.h:18:
In file included from /usr/local/Ascend/ascend-toolkit/8.5.0.alpha002/tools/tikcpp/tikcfw/impl/kernel_tpipe_impl.h:22:
In file included from /usr/local/Ascend/ascend-toolkit/8.5.0.alpha002/tools/tikcpp/tikcfw/interface/kernel_tpipe.h:17:
In file included from /usr/local/Ascend/ascend-toolkit/8.5.0.alpha002/tools/tikcpp/tikcfw/impl/kernel_tpipe_base.h:17:
In file included from /usr/local/Ascend/ascend-toolkit/8.5.0.alpha002/tools/tikcpp/tikcfw/impl/kernel_tensor_impl.h:17:
In file included from /usr/local/Ascend/ascend-toolkit/8.5.0.alpha002/tools/tikcpp/tikcfw/interface/kernel_tensor.h:18:
In file included from /usr/local/Ascend/ascend-toolkit/8.5.0.alpha002/tools/tikcpp/tikcfw/impl/kernel_utils.h:17:
In file included from /usr/local/Ascend/ascend-toolkit/8.5.0.alpha002/tools/tikcpp/tikcfw/impl/utils/kernel_utils_macros.h:33:
In file included from /usr/local/Ascend/ascend-toolkit/8.5.0.alpha002/tools/tikcpp/tikcfw/impl/kernel_log.h:23:
/usr/local/Ascend/ascend-toolkit/8.5.0.alpha002/tools/tikicpulib/lib/include/stub_def.h:51:9: warning: '__check_sync_alias__' macro redefined [-Wmacro-redefined]
#define __check_sync_alias__
        ^
/usr/local/Ascend/ascend-toolkit/8.5.0.alpha002/aarch64-linux/ccec_compiler/lib/clang/15.0.5/include/__clang_cce_defines.h:16:9: note: previous definition is here
#define __check_sync_alias__ __attribute__((check_sync_alias))
        ^
In file included from /home/data4t2/lelinfeng/cann-staging-liveness-x/route_support/STAGING-LIVENESS-X/V034/exact_source_kernel.cpp:8:
In file included from /home/data4t2/lelinfeng/cann-staging-liveness-x/本地实验/STAGING-LIVENESS-X/V034/src/submission.asc:3:
In file included from /usr/local/Ascend/ascend-toolkit/8.5.0.alpha002/tools/tikcpp/tikcfw/kernel_operator.h:18:
In file included from /usr/local/Ascend/ascend-toolkit/8.5.0.alpha002/tools/tikcpp/tikcfw/impl/kernel_tpipe_impl.h:22:
In file included from /usr/local/Ascend/ascend-toolkit/8.5.0.alpha002/tools/tikcpp/tikcfw/interface/kernel_tpipe.h:17:
In file included from /usr/local/Ascend/ascend-toolkit/8.5.0.alpha002/tools/tikcpp/tikcfw/impl/kernel_tpipe_base.h:17:
In file included from /usr/local/Ascend/ascend-toolkit/8.5.0.alpha002/tools/tikcpp/tikcfw/impl/kernel_tensor_impl.h:17:
In file included from /usr/local/Ascend/ascend-toolkit/8.5.0.alpha002/tools/tikcpp/tikcfw/interface/kernel_tensor.h:18:
In file included from /usr/local/Ascend/ascend-toolkit/8.5.0.alpha002/tools/tikcpp/tikcfw/impl/kernel_utils.h:17:
In file included from /usr/local/Ascend/ascend-toolkit/8.5.0.alpha002/tools/tikcpp/tikcfw/impl/utils/kernel_utils_macros.h:33:
In file included from /usr/local/Ascend/ascend-toolkit/8.5.0.alpha002/tools/tikcpp/tikcfw/impl/kernel_log.h:23:
/usr/local/Ascend/ascend-toolkit/8.5.0.alpha002/tools/tikicpulib/lib/include/stub_def.h:52:9: warning: '__sync_out__' macro redefined [-Wmacro-redefined]
#define __sync_out__
        ^
/usr/local/Ascend/ascend-toolkit/8.5.0.alpha002/aarch64-linux/ccec_compiler/lib/clang/15.0.5/include/__clang_cce_defines.h:20:9: note: previous definition is here
#define __sync_out__ __attribute__((sync_out))
        ^
In file included from /home/data4t2/lelinfeng/cann-staging-liveness-x/route_support/STAGING-LIVENESS-X/V034/exact_source_kernel.cpp:8:
In file included from /home/data4t2/lelinfeng/cann-staging-liveness-x/本地实验/STAGING-LIVENESS-X/V034/src/submission.asc:3:
In file included from /usr/local/Ascend/ascend-toolkit/8.5.0.alpha002/tools/tikcpp/tikcfw/kernel_operator.h:18:
In file included from /usr/local/Ascend/ascend-toolkit/8.5.0.alpha002/tools/tikcpp/tikcfw/impl/kernel_tpipe_impl.h:22:
In file included from /usr/local/Ascend/ascend-toolkit/8.5.0.alpha002/tools/tikcpp/tikcfw/interface/kernel_tpipe.h:17:
In file included from /usr/local/Ascend/ascend-toolkit/8.5.0.alpha002/tools/tikcpp/tikcfw/impl/kernel_tpipe_base.h:17:
In file included from /usr/local/Ascend/ascend-toolkit/8.5.0.alpha002/tools/tikcpp/tikcfw/impl/kernel_tensor_impl.h:17:
In file included from /usr/local/Ascend/ascend-toolkit/8.5.0.alpha002/tools/tikcpp/tikcfw/interface/kernel_tensor.h:18:
In file included from /usr/local/Ascend/ascend-toolkit/8.5.0.alpha002/tools/tikcpp/tikcfw/impl/kernel_utils.h:17:
In file included from /usr/local/Ascend/ascend-toolkit/8.5.0.alpha002/tools/tikcpp/tikcfw/impl/utils/kernel_utils_macros.h:33:
In file included from /usr/local/Ascend/ascend-toolkit/8.5.0.alpha002/tools/tikcpp/tikcfw/impl/kernel_log.h:23:
/usr/local/Ascend/ascend-toolkit/8.5.0.alpha002/tools/tikicpulib/lib/include/stub_def.h:53:9: warning: '__sync_in__' macro redefined [-Wmacro-redefined]
#define __sync_in__
        ^
/usr/local/Ascend/ascend-toolkit/8.5.0.alpha002/aarch64-linux/ccec_compiler/lib/clang/15.0.5/include/__clang_cce_defines.h:18:9: note: previous definition is here
#define __sync_in__ __attribute__((sync_in))
        ^
In file included from /home/data4t2/lelinfeng/cann-staging-liveness-x/route_support/STAGING-LIVENESS-X/V034/exact_source_kernel.cpp:8:
In file included from /home/data4t2/lelinfeng/cann-staging-liveness-x/本地实验/STAGING-LIVENESS-X/V034/src/submission.asc:3:
In file included from /usr/local/Ascend/ascend-toolkit/8.5.0.alpha002/tools/tikcpp/tikcfw/kernel_operator.h:18:
In file included from /usr/local/Ascend/ascend-toolkit/8.5.0.alpha002/tools/tikcpp/tikcfw/impl/kernel_tpipe_impl.h:22:
In file included from /usr/local/Ascend/ascend-toolkit/8.5.0.alpha002/tools/tikcpp/tikcfw/interface/kernel_tpipe.h:17:
In file included from /usr/local/Ascend/ascend-toolkit/8.5.0.alpha002/tools/tikcpp/tikcfw/impl/kernel_tpipe_base.h:17:
In file included from /usr/local/Ascend/ascend-toolkit/8.5.0.alpha002/tools/tikcpp/tikcfw/impl/kernel_tensor_impl.h:17:
In file included from /usr/local/Ascend/ascend-toolkit/8.5.0.alpha002/tools/tikcpp/tikcfw/interface/kernel_tensor.h:18:
In file included from /usr/local/Ascend/ascend-toolkit/8.5.0.alpha002/tools/tikcpp/tikcfw/impl/kernel_utils.h:17:
In file included from /usr/local/Ascend/ascend-toolkit/8.5.0.alpha002/tools/tikcpp/tikcfw/impl/utils/kernel_utils_macros.h:33:
In file included from /usr/local/Ascend/ascend-toolkit/8.5.0.alpha002/tools/tikcpp/tikcfw/impl/kernel_log.h:23:
/usr/local/Ascend/ascend-toolkit/8.5.0.alpha002/tools/tikicpulib/lib/include/stub_def.h:54:9: warning: '__inout_pipe__' macro redefined [-Wmacro-redefined]
#define __inout_pipe__(...)
        ^
/usr/local/Ascend/ascend-toolkit/8.5.0.alpha002/aarch64-linux/ccec_compiler/lib/clang/15.0.5/include/__clang_cce_defines.h:26:9: note: previous definition is here
#define __inout_pipe__(...) __attribute__((inout_pipe(#__VA_ARGS__)))
        ^
In file included from /home/data4t2/lelinfeng/cann-staging-liveness-x/route_support/STAGING-LIVENESS-X/V034/exact_source_kernel.cpp:8:
In file included from /home/data4t2/lelinfeng/cann-staging-liveness-x/本地实验/STAGING-LIVENESS-X/V034/src/submission.asc:3:
In file included from /usr/local/Ascend/ascend-toolkit/8.5.0.alpha002/tools/tikcpp/tikcfw/kernel_operator.h:18:
In file included from /usr/local/Ascend/ascend-toolkit/8.5.0.alpha002/tools/tikcpp/tikcfw/impl/kernel_tpipe_impl.h:22:
In file included from /usr/local/Ascend/ascend-toolkit/8.5.0.alpha002/tools/tikcpp/tikcfw/interface/kernel_tpipe.h:17:
In file included from /usr/local/Ascend/ascend-toolkit/8.5.0.alpha002/tools/tikcpp/tikcfw/impl/kernel_tpipe_base.h:17:
In file included from /usr/local/Ascend/ascend-toolkit/8.5.0.alpha002/tools/tikcpp/tikcfw/impl/kernel_tensor_impl.h:17:
In file included from /usr/local/Ascend/ascend-toolkit/8.5.0.alpha002/tools/tikcpp/tikcfw/interface/kernel_tensor.h:18:
In file included from /usr/local/Ascend/ascend-toolkit/8.5.0.alpha002/tools/tikcpp/tikcfw/impl/kernel_utils.h:17:
In file included from /usr/local/Ascend/ascend-toolkit/8.5.0.alpha002/tools/tikcpp/tikcfw/impl/utils/kernel_utils_macros.h:33:
In file included from /usr/local/Ascend/ascend-toolkit/8.5.0.alpha002/tools/tikcpp/tikcfw/impl/kernel_log.h:23:
/usr/local/Ascend/ascend-toolkit/8.5.0.alpha002/tools/tikicpulib/lib/include/stub_def.h:55:9: warning: '__in_pipe__' macro redefined [-Wmacro-redefined]
#define __in_pipe__(...)
        ^
/usr/local/Ascend/ascend-toolkit/8.5.0.alpha002/aarch64-linux/ccec_compiler/lib/clang/15.0.5/include/__clang_cce_defines.h:22:9: note: previous definition is here
#define __in_pipe__(...) __attribute__((in_pipe(#__VA_ARGS__)))
        ^
In file included from /home/data4t2/lelinfeng/cann-staging-liveness-x/route_support/STAGING-LIVENESS-X/V034/exact_source_kernel.cpp:8:
In file included from /home/data4t2/lelinfeng/cann-staging-liveness-x/本地实验/STAGING-LIVENESS-X/V034/src/submission.asc:3:
In file included from /usr/local/Ascend/ascend-toolkit/8.5.0.alpha002/tools/tikcpp/tikcfw/kernel_operator.h:18:
In file included from /usr/local/Ascend/ascend-toolkit/8.5.0.alpha002/tools/tikcpp/tikcfw/impl/kernel_tpipe_impl.h:22:
In file included from /usr/local/Ascend/ascend-toolkit/8.5.0.alpha002/tools/tikcpp/tikcfw/interface/kernel_tpipe.h:17:
In file included from /usr/local/Ascend/ascend-toolkit/8.5.0.alpha002/tools/tikcpp/tikcfw/impl/kernel_tpipe_base.h:17:
In file included from /usr/local/Ascend/ascend-toolkit/8.5.0.alpha002/tools/tikcpp/tikcfw/impl/kernel_tensor_impl.h:17:
In file included from /usr/local/Ascend/ascend-toolkit/8.5.0.alpha002/tools/tikcpp/tikcfw/interface/kernel_tensor.h:18:
In file included from /usr/local/Ascend/ascend-toolkit/8.5.0.alpha002/tools/tikcpp/tikcfw/impl/kernel_utils.h:17:
In file included from /usr/local/Ascend/ascend-toolkit/8.5.0.alpha002/tools/tikcpp/tikcfw/impl/utils/kernel_utils_macros.h:33:
In file included from /usr/local/Ascend/ascend-toolkit/8.5.0.alpha002/tools/tikcpp/tikcfw/impl/kernel_log.h:23:
/usr/local/Ascend/ascend-toolkit/8.5.0.alpha002/tools/tikicpulib/lib/include/stub_def.h:56:9: warning: '__out_pipe__' macro redefined [-Wmacro-redefined]
#define __out_pipe__(...)
        ^
/usr/local/Ascend/ascend-toolkit/8.5.0.alpha002/aarch64-linux/ccec_compiler/lib/clang/15.0.5/include/__clang_cce_defines.h:24:9: note: previous definition is here
#define __out_pipe__(...) __attribute__((out_pipe(#__VA_ARGS__)))
        ^
In file included from /home/data4t2/lelinfeng/cann-staging-liveness-x/route_support/STAGING-LIVENESS-X/V034/exact_source_kernel.cpp:8:
In file included from /home/data4t2/lelinfeng/cann-staging-liveness-x/本地实验/STAGING-LIVENESS-X/V034/src/submission.asc:3:
In file included from /usr/local/Ascend/ascend-toolkit/8.5.0.alpha002/tools/tikcpp/tikcfw/kernel_operator.h:18:
In file included from /usr/local/Ascend/ascend-toolkit/8.5.0.alpha002/tools/tikcpp/tikcfw/impl/kernel_tpipe_impl.h:22:
In file included from /usr/local/Ascend/ascend-toolkit/8.5.0.alpha002/tools/tikcpp/tikcfw/interface/kernel_tpipe.h:17:
In file included from /usr/local/Ascend/ascend-toolkit/8.5.0.alpha002/tools/tikcpp/tikcfw/impl/kernel_tpipe_base.h:17:
In file included from /usr/local/Ascend/ascend-toolkit/8.5.0.alpha002/tools/tikcpp/tikcfw/impl/kernel_tensor_impl.h:17:
In file included from /usr/local/Ascend/ascend-toolkit/8.5.0.alpha002/tools/tikcpp/tikcfw/interface/kernel_tensor.h:18:
In file included from /usr/local/Ascend/ascend-toolkit/8.5.0.alpha002/tools/tikcpp/tikcfw/impl/kernel_utils.h:17:
In file included from /usr/local/Ascend/ascend-toolkit/8.5.0.alpha002/tools/tikcpp/tikcfw/impl/utils/kernel_utils_macros.h:33:
In file included from /usr/local/Ascend/ascend-toolkit/8.5.0.alpha002/tools/tikcpp/tikcfw/impl/kernel_log.h:23:
/usr/local/Ascend/ascend-toolkit/8.5.0.alpha002/tools/tikicpulib/lib/include/stub_def.h:57:9: warning: '__ssbuf__' macro redefined [-Wmacro-redefined]
#define __ssbuf__
        ^
/usr/local/Ascend/ascend-toolkit/8.5.0.alpha002/aarch64-linux/ccec_compiler/lib/clang/15.0.5/include/__clang_cce_defines.h:59:9: note: previous definition is here
#define __ssbuf__ __attribute__((cce_scalar_share_buff))
        ^
In file included from /home/data4t2/lelinfeng/cann-staging-liveness-x/route_support/STAGING-LIVENESS-X/V034/exact_source_kernel.cpp:8:
In file included from /home/data4t2/lelinfeng/cann-staging-liveness-x/本地实验/STAGING-LIVENESS-X/V034/src/submission.asc:3:
In file included from /usr/local/Ascend/ascend-toolkit/8.5.0.alpha002/tools/tikcpp/tikcfw/kernel_operator.h:18:
In file included from /usr/local/Ascend/ascend-toolkit/8.5.0.alpha002/tools/tikcpp/tikcfw/impl/kernel_tpipe_impl.h:22:
In file included from /usr/local/Ascend/ascend-toolkit/8.5.0.alpha002/tools/tikcpp/tikcfw/interface/kernel_tpipe.h:17:
In file included from /usr/local/Ascend/ascend-toolkit/8.5.0.alpha002/tools/tikcpp/tikcfw/impl/kernel_tpipe_base.h:17:
In file included from /usr/local/Ascend/ascend-toolkit/8.5.0.alpha002/tools/tikcpp/tikcfw/impl/kernel_tensor_impl.h:17:
In file included from /usr/local/Ascend/ascend-toolkit/8.5.0.alpha002/tools/tikcpp/tikcfw/interface/kernel_tensor.h:18:
In file included from /usr/local/Ascend/ascend-toolkit/8.5.0.alpha002/tools/tikcpp/tikcfw/impl/kernel_utils.h:17:
In file included from /usr/local/Ascend/ascend-toolkit/8.5.0.alpha002/tools/tikcpp/tikcfw/impl/utils/kernel_utils_macros.h:33:
In file included from /usr/local/Ascend/ascend-toolkit/8.5.0.alpha002/tools/tikcpp/tikcfw/impl/kernel_log.h:23:
/usr/local/Ascend/ascend-toolkit/8.5.0.alpha002/tools/tikicpulib/lib/include/stub_def.h:58:9: warning: '__simt_callee__' macro redefined [-Wmacro-redefined]
#define __simt_callee__
        ^
/usr/local/Ascend/ascend-toolkit/8.5.0.alpha002/aarch64-linux/ccec_compiler/lib/clang/15.0.5/include/__clang_cce_defines.h:32:9: note: previous definition is here
#define __simt_callee__ __attribute__((cce_simt_callable))
        ^
In file included from /home/data4t2/lelinfeng/cann-staging-liveness-x/route_support/STAGING-LIVENESS-X/V034/exact_source_kernel.cpp:8:
In file included from /home/data4t2/lelinfeng/cann-staging-liveness-x/本地实验/STAGING-LIVENESS-X/V034/src/submission.asc:3:
In file included from /usr/local/Ascend/ascend-toolkit/8.5.0.alpha002/tools/tikcpp/tikcfw/kernel_operator.h:18:
In file included from /usr/local/Ascend/ascend-toolkit/8.5.0.alpha002/tools/tikcpp/tikcfw/impl/kernel_tpipe_impl.h:22:
In file included from /usr/local/Ascend/ascend-toolkit/8.5.0.alpha002/tools/tikcpp/tikcfw/interface/kernel_tpipe.h:17:
In file included from /usr/local/Ascend/ascend-toolkit/8.5.0.alpha002/tools/tikcpp/tikcfw/impl/kernel_tpipe_base.h:17:
In file included from /usr/local/Ascend/ascend-toolkit/8.5.0.alpha002/tools/tikcpp/tikcfw/impl/kernel_tensor_impl.h:17:
In file included from /usr/local/Ascend/ascend-toolkit/8.5.0.alpha002/tools/tikcpp/tikcfw/interface/kernel_tensor.h:18:
In file included from /usr/local/Ascend/ascend-toolkit/8.5.0.alpha002/tools/tikcpp/tikcfw/impl/kernel_utils.h:17:
In file included from /usr/local/Ascend/ascend-toolkit/8.5.0.alpha002/tools/tikcpp/tikcfw/impl/utils/kernel_utils_macros.h:33:
In file included from /usr/local/Ascend/ascend-toolkit/8.5.0.alpha002/tools/tikcpp/tikcfw/impl/kernel_log.h:23:
/usr/local/Ascend/ascend-toolkit/8.5.0.alpha002/tools/tikicpulib/lib/include/stub_def.h:59:9: warning: '__simt_vf__' macro redefined [-Wmacro-redefined]
#define __simt_vf__
        ^
/usr/local/Ascend/ascend-toolkit/8.5.0.alpha002/aarch64-linux/ccec_compiler/lib/clang/15.0.5/include/__clang_cce_defines.h:33:9: note: previous definition is here
#define __simt_vf__ __attribute__((cce_simt_entry)) __attribute__((noinline))
        ^
In file included from /home/data4t2/lelinfeng/cann-staging-liveness-x/route_support/STAGING-LIVENESS-X/V034/exact_source_kernel.cpp:8:
In file included from /home/data4t2/lelinfeng/cann-staging-liveness-x/本地实验/STAGING-LIVENESS-X/V034/src/submission.asc:3:
In file included from /usr/local/Ascend/ascend-toolkit/8.5.0.alpha002/tools/tikcpp/tikcfw/kernel_operator.h:18:
In file included from /usr/local/Ascend/ascend-toolkit/8.5.0.alpha002/tools/tikcpp/tikcfw/impl/kernel_tpipe_impl.h:22:
In file included from /usr/local/Ascend/ascend-toolkit/8.5.0.alpha002/tools/tikcpp/tikcfw/interface/kernel_tpipe.h:17:
In file included from /usr/local/Ascend/ascend-toolkit/8.5.0.alpha002/tools/tikcpp/tikcfw/impl/kernel_tpipe_base.h:17:
In file included from /usr/local/Ascend/ascend-toolkit/8.5.0.alpha002/tools/tikcpp/tikcfw/impl/kernel_tensor_impl.h:17:
In file included from /usr/local/Ascend/ascend-toolkit/8.5.0.alpha002/tools/tikcpp/tikcfw/interface/kernel_tensor.h:18:
In file included from /usr/local/Ascend/ascend-toolkit/8.5.0.alpha002/tools/tikcpp/tikcfw/impl/kernel_utils.h:17:
In file included from /usr/local/Ascend/ascend-toolkit/8.5.0.alpha002/tools/tikcpp/tikcfw/impl/utils/kernel_utils_macros.h:33:
In file included from /usr/local/Ascend/ascend-toolkit/8.5.0.alpha002/tools/tikcpp/tikcfw/impl/kernel_log.h:23:
/usr/local/Ascend/ascend-toolkit/8.5.0.alpha002/tools/tikicpulib/lib/include/stub_def.h:60:9: warning: '__simd_callee__' macro redefined [-Wmacro-redefined]
#define __simd_callee__
        ^
/usr/local/Ascend/ascend-toolkit/8.5.0.alpha002/aarch64-linux/ccec_compiler/lib/clang/15.0.5/include/__clang_cce_defines.h:40:9: note: previous definition is here
#define __simd_callee__ __attribute__((cce_simd_callee))
        ^
In file included from /home/data4t2/lelinfeng/cann-staging-liveness-x/route_support/STAGING-LIVENESS-X/V034/exact_source_kernel.cpp:8:
In file included from /home/data4t2/lelinfeng/cann-staging-liveness-x/本地实验/STAGING-LIVENESS-X/V034/src/submission.asc:3:
In file included from /usr/local/Ascend/ascend-toolkit/8.5.0.alpha002/tools/tikcpp/tikcfw/kernel_operator.h:18:
In file included from /usr/local/Ascend/ascend-toolkit/8.5.0.alpha002/tools/tikcpp/tikcfw/impl/kernel_tpipe_impl.h:22:
In file included from /usr/local/Ascend/ascend-toolkit/8.5.0.alpha002/tools/tikcpp/tikcfw/interface/kernel_tpipe.h:17:
In file included from /usr/local/Ascend/ascend-toolkit/8.5.0.alpha002/tools/tikcpp/tikcfw/impl/kernel_tpipe_base.h:17:
In file included from /usr/local/Ascend/ascend-toolkit/8.5.0.alpha002/tools/tikcpp/tikcfw/impl/kernel_tensor_impl.h:17:
In file included from /usr/local/Ascend/ascend-toolkit/8.5.0.alpha002/tools/tikcpp/tikcfw/interface/kernel_tensor.h:18:
In file included from /usr/local/Ascend/ascend-toolkit/8.5.0.alpha002/tools/tikcpp/tikcfw/impl/kernel_utils.h:17:
In file included from /usr/local/Ascend/ascend-toolkit/8.5.0.alpha002/tools/tikcpp/tikcfw/impl/utils/kernel_utils_macros.h:33:
In file included from /usr/local/Ascend/ascend-toolkit/8.5.0.alpha002/tools/tikcpp/tikcfw/impl/kernel_log.h:23:
/usr/local/Ascend/ascend-toolkit/8.5.0.alpha002/tools/tikicpulib/lib/include/stub_def.h:61:9: warning: '__simd_vf__' macro redefined [-Wmacro-redefined]
#define __simd_vf__
        ^
/usr/local/Ascend/ascend-toolkit/8.5.0.alpha002/aarch64-linux/ccec_compiler/lib/clang/15.0.5/include/__clang_cce_defines.h:39:9: note: previous definition is here
#define __simd_vf__ __attribute__((cce_simd_vf))
        ^
In file included from /home/data4t2/lelinfeng/cann-staging-liveness-x/route_support/STAGING-LIVENESS-X/V034/exact_source_kernel.cpp:8:
In file included from /home/data4t2/lelinfeng/cann-staging-liveness-x/本地实验/STAGING-LIVENESS-X/V034/src/submission.asc:3:
In file included from /usr/local/Ascend/ascend-toolkit/8.5.0.alpha002/tools/tikcpp/tikcfw/kernel_operator.h:18:
In file included from /usr/local/Ascend/ascend-toolkit/8.5.0.alpha002/tools/tikcpp/tikcfw/impl/kernel_tpipe_impl.h:22:
In file included from /usr/local/Ascend/ascend-toolkit/8.5.0.alpha002/tools/tikcpp/tikcfw/interface/kernel_tpipe.h:17:
In file included from /usr/local/Ascend/ascend-toolkit/8.5.0.alpha002/tools/tikcpp/tikcfw/impl/kernel_tpipe_base.h:17:
In file included from /usr/local/Ascend/ascend-toolkit/8.5.0.alpha002/tools/tikcpp/tikcfw/impl/kernel_tensor_impl.h:17:
In file included from /usr/local/Ascend/ascend-toolkit/8.5.0.alpha002/tools/tikcpp/tikcfw/interface/kernel_tensor.h:18:
In file included from /usr/local/Ascend/ascend-toolkit/8.5.0.alpha002/tools/tikcpp/tikcfw/impl/kernel_utils.h:17:
In file included from /usr/local/Ascend/ascend-toolkit/8.5.0.alpha002/tools/tikcpp/tikcfw/impl/utils/kernel_utils_macros.h:33:
In file included from /usr/local/Ascend/ascend-toolkit/8.5.0.alpha002/tools/tikcpp/tikcfw/impl/kernel_log.h:23:
/usr/local/Ascend/ascend-toolkit/8.5.0.alpha002/tools/tikicpulib/lib/include/stub_def.h:62:9: warning: '__no_simd_vf_fusion__' macro redefined [-Wmacro-redefined]
#define __no_simd_vf_fusion__
        ^
/usr/local/Ascend/ascend-toolkit/8.5.0.alpha002/aarch64-linux/ccec_compiler/lib/clang/15.0.5/include/__clang_cce_defines.h:41:9: note: previous definition is here
#define __no_simd_vf_fusion__ __attribute__((no_simd_vf_fusion))
        ^
In file included from /home/data4t2/lelinfeng/cann-staging-liveness-x/route_support/STAGING-LIVENESS-X/V034/exact_source_kernel.cpp:8:
In file included from /home/data4t2/lelinfeng/cann-staging-liveness-x/本地实验/STAGING-LIVENESS-X/V034/src/submission.asc:3:
In file included from /usr/local/Ascend/ascend-toolkit/8.5.0.alpha002/tools/tikcpp/tikcfw/kernel_operator.h:18:
In file included from /usr/local/Ascend/ascend-toolkit/8.5.0.alpha002/tools/tikcpp/tikcfw/impl/kernel_tpipe_impl.h:22:
In file included from /usr/local/Ascend/ascend-toolkit/8.5.0.alpha002/tools/tikcpp/tikcfw/interface/kernel_tpipe.h:17:
In file included from /usr/local/Ascend/ascend-toolkit/8.5.0.alpha002/tools/tikcpp/tikcfw/impl/kernel_tpipe_base.h:17:
In file included from /usr/local/Ascend/ascend-toolkit/8.5.0.alpha002/tools/tikcpp/tikcfw/impl/kernel_tensor_impl.h:17:
In file included from /usr/local/Ascend/ascend-toolkit/8.5.0.alpha002/tools/tikcpp/tikcfw/interface/kernel_tensor.h:18:
In file included from /usr/local/Ascend/ascend-toolkit/8.5.0.alpha002/tools/tikcpp/tikcfw/impl/kernel_utils.h:17:
In file included from /usr/local/Ascend/ascend-toolkit/8.5.0.alpha002/tools/tikcpp/tikcfw/impl/utils/kernel_utils_macros.h:33:
In file included from /usr/local/Ascend/ascend-toolkit/8.5.0.alpha002/tools/tikcpp/tikcfw/impl/kernel_log.h:23:
/usr/local/Ascend/ascend-toolkit/8.5.0.alpha002/tools/tikicpulib/lib/include/stub_def.h:63:9: warning: 'LAUNCH_BOUND' macro redefined [-Wmacro-redefined]
#define LAUNCH_BOUND(x)
        ^
/usr/local/Ascend/ascend-toolkit/8.5.0.alpha002/aarch64-linux/ccec_compiler/lib/clang/15.0.5/include/__clang_cce_defines.h:37:9: note: previous definition is here
#define LAUNCH_BOUND(N) __attribute__((cce_launch_bounds(N)))
        ^
23 warnings generated.
[ 66%] Built target preprocess_obj
[100%] Building CXX object CMakeFiles/aic_obj.dir/home/data4t2/lelinfeng/cann-staging-liveness-x/route_support/STAGING-LIVENESS-X/V034/exact_source_kernel.cpp.o
In file included from /home/data4t2/lelinfeng/cann-staging-liveness-x/route_support/STAGING-LIVENESS-X/V034/exact_source_kernel.cpp:8:
In file included from /home/data4t2/lelinfeng/cann-staging-liveness-x/本地实验/STAGING-LIVENESS-X/V034/src/submission.asc:3:
In file included from /usr/local/Ascend/ascend-toolkit/8.5.0.alpha002/tools/tikcpp/tikcfw/kernel_operator.h:18:
In file included from /usr/local/Ascend/ascend-toolkit/8.5.0.alpha002/tools/tikcpp/tikcfw/impl/kernel_tpipe_impl.h:22:
In file included from /usr/local/Ascend/ascend-toolkit/8.5.0.alpha002/tools/tikcpp/tikcfw/interface/kernel_tpipe.h:17:
In file included from /usr/local/Ascend/ascend-toolkit/8.5.0.alpha002/tools/tikcpp/tikcfw/impl/kernel_tpipe_base.h:17:
In file included from /usr/local/Ascend/ascend-toolkit/8.5.0.alpha002/tools/tikcpp/tikcfw/impl/kernel_tensor_impl.h:17:
In file included from /usr/local/Ascend/ascend-toolkit/8.5.0.alpha002/tools/tikcpp/tikcfw/interface/kernel_tensor.h:18:
In file included from /usr/local/Ascend/ascend-toolkit/8.5.0.alpha002/tools/tikcpp/tikcfw/impl/kernel_utils.h:17:
In file included from /usr/local/Ascend/ascend-toolkit/8.5.0.alpha002/tools/tikcpp/tikcfw/impl/utils/kernel_utils_macros.h:33:
In file included from /usr/local/Ascend/ascend-toolkit/8.5.0.alpha002/tools/tikcpp/tikcfw/impl/kernel_log.h:23:
In file included from /usr/local/Ascend/ascend-toolkit/8.5.0.alpha002/tools/tikicpulib/lib/include/stub_def.h:25:
/usr/local/Ascend/ascend-toolkit/8.5.0.alpha002/tools/tikicpulib/lib/include/kernel_fp16.h:225:8: error: definition of type 'half' conflicts with typedef of the same name
struct half {
       ^
/usr/local/Ascend/ascend-toolkit/8.5.0.alpha002/aarch64-linux/ccec_compiler/lib/clang/15.0.5/include/__clang_cce_runtime_wrapper.h:146:20: note: 'half' declared here
typedef __cce_half half;
                   ^
In file included from /home/data4t2/lelinfeng/cann-staging-liveness-x/route_support/STAGING-LIVENESS-X/V034/exact_source_kernel.cpp:8:
In file included from /home/data4t2/lelinfeng/cann-staging-liveness-x/本地实验/STAGING-LIVENESS-X/V034/src/submission.asc:3:
In file included from /usr/local/Ascend/ascend-toolkit/8.5.0.alpha002/tools/tikcpp/tikcfw/kernel_operator.h:18:
In file included from /usr/local/Ascend/ascend-toolkit/8.5.0.alpha002/tools/tikcpp/tikcfw/impl/kernel_tpipe_impl.h:22:
In file included from /usr/local/Ascend/ascend-toolkit/8.5.0.alpha002/tools/tikcpp/tikcfw/interface/kernel_tpipe.h:17:
In file included from /usr/local/Ascend/ascend-toolkit/8.5.0.alpha002/tools/tikcpp/tikcfw/impl/kernel_tpipe_base.h:17:
In file included from /usr/local/Ascend/ascend-toolkit/8.5.0.alpha002/tools/tikcpp/tikcfw/impl/kernel_tensor_impl.h:17:
In file included from /usr/local/Ascend/ascend-toolkit/8.5.0.alpha002/tools/tikcpp/tikcfw/interface/kernel_tensor.h:18:
In file included from /usr/local/Ascend/ascend-toolkit/8.5.0.alpha002/tools/tikcpp/tikcfw/impl/kernel_utils.h:17:
In file included from /usr/local/Ascend/ascend-toolkit/8.5.0.alpha002/tools/tikcpp/tikcfw/impl/utils/kernel_utils_macros.h:33:
In file included from /usr/local/Ascend/ascend-toolkit/8.5.0.alpha002/tools/tikcpp/tikcfw/impl/kernel_log.h:23:
In file included from /usr/local/Ascend/ascend-toolkit/8.5.0.alpha002/tools/tikicpulib/lib/include/stub_def.h:26:
/usr/local/Ascend/ascend-toolkit/8.5.0.alpha002/tools/tikicpulib/lib/include/kernel_bf16.h:225:7: error: typedef redefinition with different types ('bfloat16::Bf16T' vs '__bf16')
using bfloat16_t = bfloat16::Bf16T;
      ^
/usr/local/Ascend/ascend-toolkit/8.5.0.alpha002/aarch64-linux/ccec_compiler/lib/clang/15.0.5/include/__clang_cce_types.h:33:16: note: previous definition is here
typedef __bf16 bfloat16_t;
               ^
In file included from /home/data4t2/lelinfeng/cann-staging-liveness-x/route_support/STAGING-LIVENESS-X/V034/exact_source_kernel.cpp:8:
In file included from /home/data4t2/lelinfeng/cann-staging-liveness-x/本地实验/STAGING-LIVENESS-X/V034/src/submission.asc:3:
In file included from /usr/local/Ascend/ascend-toolkit/8.5.0.alpha002/tools/tikcpp/tikcfw/kernel_operator.h:18:
In file included from /usr/local/Ascend/ascend-toolkit/8.5.0.alpha002/tools/tikcpp/tikcfw/impl/kernel_tpipe_impl.h:22:
In file included from /usr/local/Ascend/ascend-toolkit/8.5.0.alpha002/tools/tikcpp/tikcfw/interface/kernel_tpipe.h:17:
In file included from /usr/local/Ascend/ascend-toolkit/8.5.0.alpha002/tools/tikcpp/tikcfw/impl/kernel_tpipe_base.h:17:
In file included from /usr/local/Ascend/ascend-toolkit/8.5.0.alpha002/tools/tikcpp/tikcfw/impl/kernel_tensor_impl.h:17:
In file included from /usr/local/Ascend/ascend-toolkit/8.5.0.alpha002/tools/tikcpp/tikcfw/interface/kernel_tensor.h:18:
In file included from /usr/local/Ascend/ascend-toolkit/8.5.0.alpha002/tools/tikcpp/tikcfw/impl/kernel_utils.h:17:
In file included from /usr/local/Ascend/ascend-toolkit/8.5.0.alpha002/tools/tikcpp/tikcfw/impl/utils/kernel_utils_macros.h:33:
In file included from /usr/local/Ascend/ascend-toolkit/8.5.0.alpha002/tools/tikcpp/tikcfw/impl/kernel_log.h:23:
/usr/local/Ascend/ascend-toolkit/8.5.0.alpha002/tools/tikicpulib/lib/include/stub_def.h:36:9: warning: '__global__' macro redefined [-Wmacro-redefined]
#define __global__
        ^
/usr/local/Ascend/ascend-toolkit/8.5.0.alpha002/aarch64-linux/ccec_compiler/lib/clang/15.0.5/include/__clang_cce_defines.h:31:9: note: previous definition is here
#define __global__ __attribute__((cce_kernel))
        ^
In file included from /home/data4t2/lelinfeng/cann-staging-liveness-x/route_support/STAGING-LIVENESS-X/V034/exact_source_kernel.cpp:8:
In file included from /home/data4t2/lelinfeng/cann-staging-liveness-x/本地实验/STAGING-LIVENESS-X/V034/src/submission.asc:3:
In file included from /usr/local/Ascend/ascend-toolkit/8.5.0.alpha002/tools/tikcpp/tikcfw/kernel_operator.h:18:
In file included from /usr/local/Ascend/ascend-toolkit/8.5.0.alpha002/tools/tikcpp/tikcfw/impl/kernel_tpipe_impl.h:22:
In file included from /usr/local/Ascend/ascend-toolkit/8.5.0.alpha002/tools/tikcpp/tikcfw/interface/kernel_tpipe.h:17:
In file included from /usr/local/Ascend/ascend-toolkit/8.5.0.alpha002/tools/tikcpp/tikcfw/impl/kernel_tpipe_base.h:17:
In file included from /usr/local/Ascend/ascend-toolkit/8.5.0.alpha002/tools/tikcpp/tikcfw/impl/kernel_tensor_impl.h:17:
In file included from /usr/local/Ascend/ascend-toolkit/8.5.0.alpha002/tools/tikcpp/tikcfw/interface/kernel_tensor.h:18:
In file included from /usr/local/Ascend/ascend-toolkit/8.5.0.alpha002/tools/tikcpp/tikcfw/impl/kernel_utils.h:17:
In file included from /usr/local/Ascend/ascend-toolkit/8.5.0.alpha002/tools/tikcpp/tikcfw/impl/utils/kernel_utils_macros.h:33:
In file included from /usr/local/Ascend/ascend-toolkit/8.5.0.alpha002/tools/tikcpp/tikcfw/impl/kernel_log.h:23:
/usr/local/Ascend/ascend-toolkit/8.5.0.alpha002/tools/tikicpulib/lib/include/stub_def.h:42:9: warning: '__gm__' macro redefined [-Wmacro-redefined]
#define __gm__
        ^
/usr/local/Ascend/ascend-toolkit/8.5.0.alpha002/aarch64-linux/ccec_compiler/lib/clang/15.0.5/include/__clang_cce_defines.h:47:9: note: previous definition is here
#define __gm__ __attribute__((cce_global))
        ^
In file included from /home/data4t2/lelinfeng/cann-staging-liveness-x/route_support/STAGING-LIVENESS-X/V034/exact_source_kernel.cpp:8:
In file included from /home/data4t2/lelinfeng/cann-staging-liveness-x/本地实验/STAGING-LIVENESS-X/V034/src/submission.asc:3:
In file included from /usr/local/Ascend/ascend-toolkit/8.5.0.alpha002/tools/tikcpp/tikcfw/kernel_operator.h:18:
In file included from /usr/local/Ascend/ascend-toolkit/8.5.0.alpha002/tools/tikcpp/tikcfw/impl/kernel_tpipe_impl.h:22:
In file included from /usr/local/Ascend/ascend-toolkit/8.5.0.alpha002/tools/tikcpp/tikcfw/interface/kernel_tpipe.h:17:
In file included from /usr/local/Ascend/ascend-toolkit/8.5.0.alpha002/tools/tikcpp/tikcfw/impl/kernel_tpipe_base.h:17:
In file included from /usr/local/Ascend/ascend-toolkit/8.5.0.alpha002/tools/tikcpp/tikcfw/impl/kernel_tensor_impl.h:17:
In file included from /usr/local/Ascend/ascend-toolkit/8.5.0.alpha002/tools/tikcpp/tikcfw/interface/kernel_tensor.h:18:
In file included from /usr/local/Ascend/ascend-toolkit/8.5.0.alpha002/tools/tikcpp/tikcfw/impl/kernel_utils.h:17:
In file included from /usr/local/Ascend/ascend-toolkit/8.5.0.alpha002/tools/tikcpp/tikcfw/impl/utils/kernel_utils_macros.h:33:
In file included from /usr/local/Ascend/ascend-toolkit/8.5.0.alpha002/tools/tikcpp/tikcfw/impl/kernel_log.h:23:
/usr/local/Ascend/ascend-toolkit/8.5.0.alpha002/tools/tikicpulib/lib/include/stub_def.h:43:9: warning: '__cbuf__' macro redefined [-Wmacro-redefined]
#define __cbuf__
        ^
/usr/local/Ascend/ascend-toolkit/8.5.0.alpha002/aarch64-linux/ccec_compiler/lib/clang/15.0.5/include/__clang_cce_defines.h:52:9: note: previous definition is here
#define __cbuf__ __attribute__((cce_cube_buff))
        ^
In file included from /home/data4t2/lelinfeng/cann-staging-liveness-x/route_support/STAGING-LIVENESS-X/V034/exact_source_kernel.cpp:8:
In file included from /home/data4t2/lelinfeng/cann-staging-liveness-x/本地实验/STAGING-LIVENESS-X/V034/src/submission.asc:3:
In file included from /usr/local/Ascend/ascend-toolkit/8.5.0.alpha002/tools/tikcpp/tikcfw/kernel_operator.h:18:
In file included from /usr/local/Ascend/ascend-toolkit/8.5.0.alpha002/tools/tikcpp/tikcfw/impl/kernel_tpipe_impl.h:22:
In file included from /usr/local/Ascend/ascend-toolkit/8.5.0.alpha002/tools/tikcpp/tikcfw/interface/kernel_tpipe.h:17:
In file included from /usr/local/Ascend/ascend-toolkit/8.5.0.alpha002/tools/tikcpp/tikcfw/impl/kernel_tpipe_base.h:17:
In file included from /usr/local/Ascend/ascend-toolkit/8.5.0.alpha002/tools/tikcpp/tikcfw/impl/kernel_tensor_impl.h:17:
In file included from /usr/local/Ascend/ascend-toolkit/8.5.0.alpha002/tools/tikcpp/tikcfw/interface/kernel_tensor.h:18:
In file included from /usr/local/Ascend/ascend-toolkit/8.5.0.alpha002/tools/tikcpp/tikcfw/impl/kernel_utils.h:17:
In file included from /usr/local/Ascend/ascend-toolkit/8.5.0.alpha002/tools/tikcpp/tikcfw/impl/utils/kernel_utils_macros.h:33:
In file included from /usr/local/Ascend/ascend-toolkit/8.5.0.alpha002/tools/tikcpp/tikcfw/impl/kernel_log.h:23:
/usr/local/Ascend/ascend-toolkit/8.5.0.alpha002/tools/tikicpulib/lib/include/stub_def.h:44:9: warning: '__ubuf__' macro redefined [-Wmacro-redefined]
#define __ubuf__
        ^
/usr/local/Ascend/ascend-toolkit/8.5.0.alpha002/aarch64-linux/ccec_compiler/lib/clang/15.0.5/include/__clang_cce_defines.h:51:9: note: previous definition is here
#define __ubuf__ __attribute__((cce_unif_buff))
        ^
In file included from /home/data4t2/lelinfeng/cann-staging-liveness-x/route_support/STAGING-LIVENESS-X/V034/exact_source_kernel.cpp:8:
In file included from /home/data4t2/lelinfeng/cann-staging-liveness-x/本地实验/STAGING-LIVENESS-X/V034/src/submission.asc:3:
In file included from /usr/local/Ascend/ascend-toolkit/8.5.0.alpha002/tools/tikcpp/tikcfw/kernel_operator.h:18:
In file included from /usr/local/Ascend/ascend-toolkit/8.5.0.alpha002/tools/tikcpp/tikcfw/impl/kernel_tpipe_impl.h:22:
In file included from /usr/local/Ascend/ascend-toolkit/8.5.0.alpha002/tools/tikcpp/tikcfw/interface/kernel_tpipe.h:17:
In file included from /usr/local/Ascend/ascend-toolkit/8.5.0.alpha002/tools/tikcpp/tikcfw/impl/kernel_tpipe_base.h:17:
In file included from /usr/local/Ascend/ascend-toolkit/8.5.0.alpha002/tools/tikcpp/tikcfw/impl/kernel_tensor_impl.h:17:
In file included from /usr/local/Ascend/ascend-toolkit/8.5.0.alpha002/tools/tikcpp/tikcfw/interface/kernel_tensor.h:18:
In file included from /usr/local/Ascend/ascend-toolkit/8.5.0.alpha002/tools/tikcpp/tikcfw/impl/kernel_utils.h:17:
In file included from /usr/local/Ascend/ascend-toolkit/8.5.0.alpha002/tools/tikcpp/tikcfw/impl/utils/kernel_utils_macros.h:33:
In file included from /usr/local/Ascend/ascend-toolkit/8.5.0.alpha002/tools/tikcpp/tikcfw/impl/kernel_log.h:23:
/usr/local/Ascend/ascend-toolkit/8.5.0.alpha002/tools/tikicpulib/lib/include/stub_def.h:45:9: warning: '__cc__' macro redefined [-Wmacro-redefined]
#define __cc__
        ^
/usr/local/Ascend/ascend-toolkit/8.5.0.alpha002/aarch64-linux/ccec_compiler/lib/clang/15.0.5/include/__clang_cce_defines.h:50:9: note: previous definition is here
#define __cc__ __attribute__((cce_cube_c))
        ^
In file included from /home/data4t2/lelinfeng/cann-staging-liveness-x/route_support/STAGING-LIVENESS-X/V034/exact_source_kernel.cpp:8:
In file included from /home/data4t2/lelinfeng/cann-staging-liveness-x/本地实验/STAGING-LIVENESS-X/V034/src/submission.asc:3:
In file included from /usr/local/Ascend/ascend-toolkit/8.5.0.alpha002/tools/tikcpp/tikcfw/kernel_operator.h:18:
In file included from /usr/local/Ascend/ascend-toolkit/8.5.0.alpha002/tools/tikcpp/tikcfw/impl/kernel_tpipe_impl.h:22:
In file included from /usr/local/Ascend/ascend-toolkit/8.5.0.alpha002/tools/tikcpp/tikcfw/interface/kernel_tpipe.h:17:
In file included from /usr/local/Ascend/ascend-toolkit/8.5.0.alpha002/tools/tikcpp/tikcfw/impl/kernel_tpipe_base.h:17:
In file included from /usr/local/Ascend/ascend-toolkit/8.5.0.alpha002/tools/tikcpp/tikcfw/impl/kernel_tensor_impl.h:17:
In file included from /usr/local/Ascend/ascend-toolkit/8.5.0.alpha002/tools/tikcpp/tikcfw/interface/kernel_tensor.h:18:
In file included from /usr/local/Ascend/ascend-toolkit/8.5.0.alpha002/tools/tikcpp/tikcfw/impl/kernel_utils.h:17:
In file included from /usr/local/Ascend/ascend-toolkit/8.5.0.alpha002/tools/tikcpp/tikcfw/impl/utils/kernel_utils_macros.h:33:
In file included from /usr/local/Ascend/ascend-toolkit/8.5.0.alpha002/tools/tikcpp/tikcfw/impl/kernel_log.h:23:
/usr/local/Ascend/ascend-toolkit/8.5.0.alpha002/tools/tikicpulib/lib/include/stub_def.h:46:9: warning: '__ca__' macro redefined [-Wmacro-redefined]
#define __ca__
        ^
/usr/local/Ascend/ascend-toolkit/8.5.0.alpha002/aarch64-linux/ccec_compiler/lib/clang/15.0.5/include/__clang_cce_defines.h:48:9: note: previous definition is here
#define __ca__ __attribute__((cce_cube_a))
        ^
In file included from /home/data4t2/lelinfeng/cann-staging-liveness-x/route_support/STAGING-LIVENESS-X/V034/exact_source_kernel.cpp:8:
In file included from /home/data4t2/lelinfeng/cann-staging-liveness-x/本地实验/STAGING-LIVENESS-X/V034/src/submission.asc:3:
In file included from /usr/local/Ascend/ascend-toolkit/8.5.0.alpha002/tools/tikcpp/tikcfw/kernel_operator.h:18:
In file included from /usr/local/Ascend/ascend-toolkit/8.5.0.alpha002/tools/tikcpp/tikcfw/impl/kernel_tpipe_impl.h:22:
In file included from /usr/local/Ascend/ascend-toolkit/8.5.0.alpha002/tools/tikcpp/tikcfw/interface/kernel_tpipe.h:17:
In file included from /usr/local/Ascend/ascend-toolkit/8.5.0.alpha002/tools/tikcpp/tikcfw/impl/kernel_tpipe_base.h:17:
In file included from /usr/local/Ascend/ascend-toolkit/8.5.0.alpha002/tools/tikcpp/tikcfw/impl/kernel_tensor_impl.h:17:
In file included from /usr/local/Ascend/ascend-toolkit/8.5.0.alpha002/tools/tikcpp/tikcfw/interface/kernel_tensor.h:18:
In file included from /usr/local/Ascend/ascend-toolkit/8.5.0.alpha002/tools/tikcpp/tikcfw/impl/kernel_utils.h:17:
In file included from /usr/local/Ascend/ascend-toolkit/8.5.0.alpha002/tools/tikcpp/tikcfw/impl/utils/kernel_utils_macros.h:33:
In file included from /usr/local/Ascend/ascend-toolkit/8.5.0.alpha002/tools/tikcpp/tikcfw/impl/kernel_log.h:23:
/usr/local/Ascend/ascend-toolkit/8.5.0.alpha002/tools/tikicpulib/lib/include/stub_def.h:47:9: warning: '__cb__' macro redefined [-Wmacro-redefined]
#define __cb__
        ^
/usr/local/Ascend/ascend-toolkit/8.5.0.alpha002/aarch64-linux/ccec_compiler/lib/clang/15.0.5/include/__clang_cce_defines.h:49:9: note: previous definition is here
#define __cb__ __attribute__((cce_cube_b))
        ^
In file included from /home/data4t2/lelinfeng/cann-staging-liveness-x/route_support/STAGING-LIVENESS-X/V034/exact_source_kernel.cpp:8:
In file included from /home/data4t2/lelinfeng/cann-staging-liveness-x/本地实验/STAGING-LIVENESS-X/V034/src/submission.asc:3:
In file included from /usr/local/Ascend/ascend-toolkit/8.5.0.alpha002/tools/tikcpp/tikcfw/kernel_operator.h:18:
In file included from /usr/local/Ascend/ascend-toolkit/8.5.0.alpha002/tools/tikcpp/tikcfw/impl/kernel_tpipe_impl.h:22:
In file included from /usr/local/Ascend/ascend-toolkit/8.5.0.alpha002/tools/tikcpp/tikcfw/interface/kernel_tpipe.h:17:
In file included from /usr/local/Ascend/ascend-toolkit/8.5.0.alpha002/tools/tikcpp/tikcfw/impl/kernel_tpipe_base.h:17:
In file included from /usr/local/Ascend/ascend-toolkit/8.5.0.alpha002/tools/tikcpp/tikcfw/impl/kernel_tensor_impl.h:17:
In file included from /usr/local/Ascend/ascend-toolkit/8.5.0.alpha002/tools/tikcpp/tikcfw/interface/kernel_tensor.h:18:
In file included from /usr/local/Ascend/ascend-toolkit/8.5.0.alpha002/tools/tikcpp/tikcfw/impl/kernel_utils.h:17:
In file included from /usr/local/Ascend/ascend-toolkit/8.5.0.alpha002/tools/tikcpp/tikcfw/impl/utils/kernel_utils_macros.h:33:
In file included from /usr/local/Ascend/ascend-toolkit/8.5.0.alpha002/tools/tikcpp/tikcfw/impl/kernel_log.h:23:
/usr/local/Ascend/ascend-toolkit/8.5.0.alpha002/tools/tikicpulib/lib/include/stub_def.h:48:9: warning: '__fbuf__' macro redefined [-Wmacro-redefined]
#define __fbuf__
        ^
/usr/local/Ascend/ascend-toolkit/8.5.0.alpha002/aarch64-linux/ccec_compiler/lib/clang/15.0.5/include/__clang_cce_defines.h:53:9: note: previous definition is here
#define __fbuf__ __attribute__((cce_fixpipe_buff))
        ^
In file included from /home/data4t2/lelinfeng/cann-staging-liveness-x/route_support/STAGING-LIVENESS-X/V034/exact_source_kernel.cpp:8:
In file included from /home/data4t2/lelinfeng/cann-staging-liveness-x/本地实验/STAGING-LIVENESS-X/V034/src/submission.asc:3:
In file included from /usr/local/Ascend/ascend-toolkit/8.5.0.alpha002/tools/tikcpp/tikcfw/kernel_operator.h:18:
In file included from /usr/local/Ascend/ascend-toolkit/8.5.0.alpha002/tools/tikcpp/tikcfw/impl/kernel_tpipe_impl.h:22:
In file included from /usr/local/Ascend/ascend-toolkit/8.5.0.alpha002/tools/tikcpp/tikcfw/interface/kernel_tpipe.h:17:
In file included from /usr/local/Ascend/ascend-toolkit/8.5.0.alpha002/tools/tikcpp/tikcfw/impl/kernel_tpipe_base.h:17:
In file included from /usr/local/Ascend/ascend-toolkit/8.5.0.alpha002/tools/tikcpp/tikcfw/impl/kernel_tensor_impl.h:17:
In file included from /usr/local/Ascend/ascend-toolkit/8.5.0.alpha002/tools/tikcpp/tikcfw/interface/kernel_tensor.h:18:
In file included from /usr/local/Ascend/ascend-toolkit/8.5.0.alpha002/tools/tikcpp/tikcfw/impl/kernel_utils.h:17:
In file included from /usr/local/Ascend/ascend-toolkit/8.5.0.alpha002/tools/tikcpp/tikcfw/impl/utils/kernel_utils_macros.h:33:
In file included from /usr/local/Ascend/ascend-toolkit/8.5.0.alpha002/tools/tikcpp/tikcfw/impl/kernel_log.h:23:
/usr/local/Ascend/ascend-toolkit/8.5.0.alpha002/tools/tikicpulib/lib/include/stub_def.h:49:9: warning: '__sync_noalias__' macro redefined [-Wmacro-redefined]
#define __sync_noalias__
        ^
/usr/local/Ascend/ascend-toolkit/8.5.0.alpha002/aarch64-linux/ccec_compiler/lib/clang/15.0.5/include/__clang_cce_defines.h:12:9: note: previous definition is here
#define __sync_noalias__ __attribute__((sync_noalias))
        ^
In file included from /home/data4t2/lelinfeng/cann-staging-liveness-x/route_support/STAGING-LIVENESS-X/V034/exact_source_kernel.cpp:8:
In file included from /home/data4t2/lelinfeng/cann-staging-liveness-x/本地实验/STAGING-LIVENESS-X/V034/src/submission.asc:3:
In file included from /usr/local/Ascend/ascend-toolkit/8.5.0.alpha002/tools/tikcpp/tikcfw/kernel_operator.h:18:
In file included from /usr/local/Ascend/ascend-toolkit/8.5.0.alpha002/tools/tikcpp/tikcfw/impl/kernel_tpipe_impl.h:22:
In file included from /usr/local/Ascend/ascend-toolkit/8.5.0.alpha002/tools/tikcpp/tikcfw/interface/kernel_tpipe.h:17:
In file included from /usr/local/Ascend/ascend-toolkit/8.5.0.alpha002/tools/tikcpp/tikcfw/impl/kernel_tpipe_base.h:17:
In file included from /usr/local/Ascend/ascend-toolkit/8.5.0.alpha002/tools/tikcpp/tikcfw/impl/kernel_tensor_impl.h:17:
In file included from /usr/local/Ascend/ascend-toolkit/8.5.0.alpha002/tools/tikcpp/tikcfw/interface/kernel_tensor.h:18:
In file included from /usr/local/Ascend/ascend-toolkit/8.5.0.alpha002/tools/tikcpp/tikcfw/impl/kernel_utils.h:17:
In file included from /usr/local/Ascend/ascend-toolkit/8.5.0.alpha002/tools/tikcpp/tikcfw/impl/utils/kernel_utils_macros.h:33:
In file included from /usr/local/Ascend/ascend-toolkit/8.5.0.alpha002/tools/tikcpp/tikcfw/impl/kernel_log.h:23:
/usr/local/Ascend/ascend-toolkit/8.5.0.alpha002/tools/tikicpulib/lib/include/stub_def.h:50:9: warning: '__sync_alias__' macro redefined [-Wmacro-redefined]
#define __sync_alias__
        ^
/usr/local/Ascend/ascend-toolkit/8.5.0.alpha002/aarch64-linux/ccec_compiler/lib/clang/15.0.5/include/__clang_cce_defines.h:14:9: note: previous definition is here
#define __sync_alias__ __attribute__((sync_alias))
        ^
In file included from /home/data4t2/lelinfeng/cann-staging-liveness-x/route_support/STAGING-LIVENESS-X/V034/exact_source_kernel.cpp:8:
In file included from /home/data4t2/lelinfeng/cann-staging-liveness-x/本地实验/STAGING-LIVENESS-X/V034/src/submission.asc:3:
In file included from /usr/local/Ascend/ascend-toolkit/8.5.0.alpha002/tools/tikcpp/tikcfw/kernel_operator.h:18:
In file included from /usr/local/Ascend/ascend-toolkit/8.5.0.alpha002/tools/tikcpp/tikcfw/impl/kernel_tpipe_impl.h:22:
In file included from /usr/local/Ascend/ascend-toolkit/8.5.0.alpha002/tools/tikcpp/tikcfw/interface/kernel_tpipe.h:17:
In file included from /usr/local/Ascend/ascend-toolkit/8.5.0.alpha002/tools/tikcpp/tikcfw/impl/kernel_tpipe_base.h:17:
In file included from /usr/local/Ascend/ascend-toolkit/8.5.0.alpha002/tools/tikcpp/tikcfw/impl/kernel_tensor_impl.h:17:
In file included from /usr/local/Ascend/ascend-toolkit/8.5.0.alpha002/tools/tikcpp/tikcfw/interface/kernel_tensor.h:18:
In file included from /usr/local/Ascend/ascend-toolkit/8.5.0.alpha002/tools/tikcpp/tikcfw/impl/kernel_utils.h:17:
In file included from /usr/local/Ascend/ascend-toolkit/8.5.0.alpha002/tools/tikcpp/tikcfw/impl/utils/kernel_utils_macros.h:33:
In file included from /usr/local/Ascend/ascend-toolkit/8.5.0.alpha002/tools/tikcpp/tikcfw/impl/kernel_log.h:23:
/usr/local/Ascend/ascend-toolkit/8.5.0.alpha002/tools/tikicpulib/lib/include/stub_def.h:51:9: warning: '__check_sync_alias__' macro redefined [-Wmacro-redefined]
#define __check_sync_alias__
        ^
/usr/local/Ascend/ascend-toolkit/8.5.0.alpha002/aarch64-linux/ccec_compiler/lib/clang/15.0.5/include/__clang_cce_defines.h:16:9: note: previous definition is here
#define __check_sync_alias__ __attribute__((check_sync_alias))
        ^
In file included from /home/data4t2/lelinfeng/cann-staging-liveness-x/route_support/STAGING-LIVENESS-X/V034/exact_source_kernel.cpp:8:
In file included from /home/data4t2/lelinfeng/cann-staging-liveness-x/本地实验/STAGING-LIVENESS-X/V034/src/submission.asc:3:
In file included from /usr/local/Ascend/ascend-toolkit/8.5.0.alpha002/tools/tikcpp/tikcfw/kernel_operator.h:18:
In file included from /usr/local/Ascend/ascend-toolkit/8.5.0.alpha002/tools/tikcpp/tikcfw/impl/kernel_tpipe_impl.h:22:
In file included from /usr/local/Ascend/ascend-toolkit/8.5.0.alpha002/tools/tikcpp/tikcfw/interface/kernel_tpipe.h:17:
In file included from /usr/local/Ascend/ascend-toolkit/8.5.0.alpha002/tools/tikcpp/tikcfw/impl/kernel_tpipe_base.h:17:
In file included from /usr/local/Ascend/ascend-toolkit/8.5.0.alpha002/tools/tikcpp/tikcfw/impl/kernel_tensor_impl.h:17:
In file included from /usr/local/Ascend/ascend-toolkit/8.5.0.alpha002/tools/tikcpp/tikcfw/interface/kernel_tensor.h:18:
In file included from /usr/local/Ascend/ascend-toolkit/8.5.0.alpha002/tools/tikcpp/tikcfw/impl/kernel_utils.h:17:
In file included from /usr/local/Ascend/ascend-toolkit/8.5.0.alpha002/tools/tikcpp/tikcfw/impl/utils/kernel_utils_macros.h:33:
In file included from /usr/local/Ascend/ascend-toolkit/8.5.0.alpha002/tools/tikcpp/tikcfw/impl/kernel_log.h:23:
/usr/local/Ascend/ascend-toolkit/8.5.0.alpha002/tools/tikicpulib/lib/include/stub_def.h:52:9: warning: '__sync_out__' macro redefined [-Wmacro-redefined]
#define __sync_out__
        ^
/usr/local/Ascend/ascend-toolkit/8.5.0.alpha002/aarch64-linux/ccec_compiler/lib/clang/15.0.5/include/__clang_cce_defines.h:20:9: note: previous definition is here
#define __sync_out__ __attribute__((sync_out))
        ^
In file included from /home/data4t2/lelinfeng/cann-staging-liveness-x/route_support/STAGING-LIVENESS-X/V034/exact_source_kernel.cpp:8:
In file included from /home/data4t2/lelinfeng/cann-staging-liveness-x/本地实验/STAGING-LIVENESS-X/V034/src/submission.asc:3:
In file included from /usr/local/Ascend/ascend-toolkit/8.5.0.alpha002/tools/tikcpp/tikcfw/kernel_operator.h:18:
In file included from /usr/local/Ascend/ascend-toolkit/8.5.0.alpha002/tools/tikcpp/tikcfw/impl/kernel_tpipe_impl.h:22:
In file included from /usr/local/Ascend/ascend-toolkit/8.5.0.alpha002/tools/tikcpp/tikcfw/interface/kernel_tpipe.h:17:
In file included from /usr/local/Ascend/ascend-toolkit/8.5.0.alpha002/tools/tikcpp/tikcfw/impl/kernel_tpipe_base.h:17:
In file included from /usr/local/Ascend/ascend-toolkit/8.5.0.alpha002/tools/tikcpp/tikcfw/impl/kernel_tensor_impl.h:17:
In file included from /usr/local/Ascend/ascend-toolkit/8.5.0.alpha002/tools/tikcpp/tikcfw/interface/kernel_tensor.h:18:
In file included from /usr/local/Ascend/ascend-toolkit/8.5.0.alpha002/tools/tikcpp/tikcfw/impl/kernel_utils.h:17:
In file included from /usr/local/Ascend/ascend-toolkit/8.5.0.alpha002/tools/tikcpp/tikcfw/impl/utils/kernel_utils_macros.h:33:
In file included from /usr/local/Ascend/ascend-toolkit/8.5.0.alpha002/tools/tikcpp/tikcfw/impl/kernel_log.h:23:
/usr/local/Ascend/ascend-toolkit/8.5.0.alpha002/tools/tikicpulib/lib/include/stub_def.h:53:9: warning: '__sync_in__' macro redefined [-Wmacro-redefined]
#define __sync_in__
        ^
/usr/local/Ascend/ascend-toolkit/8.5.0.alpha002/aarch64-linux/ccec_compiler/lib/clang/15.0.5/include/__clang_cce_defines.h:18:9: note: previous definition is here
#define __sync_in__ __attribute__((sync_in))
        ^
In file included from /home/data4t2/lelinfeng/cann-staging-liveness-x/route_support/STAGING-LIVENESS-X/V034/exact_source_kernel.cpp:8:
In file included from /home/data4t2/lelinfeng/cann-staging-liveness-x/本地实验/STAGING-LIVENESS-X/V034/src/submission.asc:3:
In file included from /usr/local/Ascend/ascend-toolkit/8.5.0.alpha002/tools/tikcpp/tikcfw/kernel_operator.h:18:
In file included from /usr/local/Ascend/ascend-toolkit/8.5.0.alpha002/tools/tikcpp/tikcfw/impl/kernel_tpipe_impl.h:22:
In file included from /usr/local/Ascend/ascend-toolkit/8.5.0.alpha002/tools/tikcpp/tikcfw/interface/kernel_tpipe.h:17:
In file included from /usr/local/Ascend/ascend-toolkit/8.5.0.alpha002/tools/tikcpp/tikcfw/impl/kernel_tpipe_base.h:17:
In file included from /usr/local/Ascend/ascend-toolkit/8.5.0.alpha002/tools/tikcpp/tikcfw/impl/kernel_tensor_impl.h:17:
In file included from /usr/local/Ascend/ascend-toolkit/8.5.0.alpha002/tools/tikcpp/tikcfw/interface/kernel_tensor.h:18:
In file included from /usr/local/Ascend/ascend-toolkit/8.5.0.alpha002/tools/tikcpp/tikcfw/impl/kernel_utils.h:17:
In file included from /usr/local/Ascend/ascend-toolkit/8.5.0.alpha002/tools/tikcpp/tikcfw/impl/utils/kernel_utils_macros.h:33:
In file included from /usr/local/Ascend/ascend-toolkit/8.5.0.alpha002/tools/tikcpp/tikcfw/impl/kernel_log.h:23:
/usr/local/Ascend/ascend-toolkit/8.5.0.alpha002/tools/tikicpulib/lib/include/stub_def.h:54:9: warning: '__inout_pipe__' macro redefined [-Wmacro-redefined]
#define __inout_pipe__(...)
        ^
/usr/local/Ascend/ascend-toolkit/8.5.0.alpha002/aarch64-linux/ccec_compiler/lib/clang/15.0.5/include/__clang_cce_defines.h:26:9: note: previous definition is here
#define __inout_pipe__(...) __attribute__((inout_pipe(#__VA_ARGS__)))
        ^
In file included from /home/data4t2/lelinfeng/cann-staging-liveness-x/route_support/STAGING-LIVENESS-X/V034/exact_source_kernel.cpp:8:
In file included from /home/data4t2/lelinfeng/cann-staging-liveness-x/本地实验/STAGING-LIVENESS-X/V034/src/submission.asc:3:
In file included from /usr/local/Ascend/ascend-toolkit/8.5.0.alpha002/tools/tikcpp/tikcfw/kernel_operator.h:18:
In file included from /usr/local/Ascend/ascend-toolkit/8.5.0.alpha002/tools/tikcpp/tikcfw/impl/kernel_tpipe_impl.h:22:
In file included from /usr/local/Ascend/ascend-toolkit/8.5.0.alpha002/tools/tikcpp/tikcfw/interface/kernel_tpipe.h:17:
In file included from /usr/local/Ascend/ascend-toolkit/8.5.0.alpha002/tools/tikcpp/tikcfw/impl/kernel_tpipe_base.h:17:
In file included from /usr/local/Ascend/ascend-toolkit/8.5.0.alpha002/tools/tikcpp/tikcfw/impl/kernel_tensor_impl.h:17:
In file included from /usr/local/Ascend/ascend-toolkit/8.5.0.alpha002/tools/tikcpp/tikcfw/interface/kernel_tensor.h:18:
In file included from /usr/local/Ascend/ascend-toolkit/8.5.0.alpha002/tools/tikcpp/tikcfw/impl/kernel_utils.h:17:
In file included from /usr/local/Ascend/ascend-toolkit/8.5.0.alpha002/tools/tikcpp/tikcfw/impl/utils/kernel_utils_macros.h:33:
In file included from /usr/local/Ascend/ascend-toolkit/8.5.0.alpha002/tools/tikcpp/tikcfw/impl/kernel_log.h:23:
/usr/local/Ascend/ascend-toolkit/8.5.0.alpha002/tools/tikicpulib/lib/include/stub_def.h:55:9: warning: '__in_pipe__' macro redefined [-Wmacro-redefined]
#define __in_pipe__(...)
        ^
/usr/local/Ascend/ascend-toolkit/8.5.0.alpha002/aarch64-linux/ccec_compiler/lib/clang/15.0.5/include/__clang_cce_defines.h:22:9: note: previous definition is here
#define __in_pipe__(...) __attribute__((in_pipe(#__VA_ARGS__)))
        ^
In file included from /home/data4t2/lelinfeng/cann-staging-liveness-x/route_support/STAGING-LIVENESS-X/V034/exact_source_kernel.cpp:8:
In file included from /home/data4t2/lelinfeng/cann-staging-liveness-x/本地实验/STAGING-LIVENESS-X/V034/src/submission.asc:3:
In file included from /usr/local/Ascend/ascend-toolkit/8.5.0.alpha002/tools/tikcpp/tikcfw/kernel_operator.h:18:
In file included from /usr/local/Ascend/ascend-toolkit/8.5.0.alpha002/tools/tikcpp/tikcfw/impl/kernel_tpipe_impl.h:22:
In file included from /usr/local/Ascend/ascend-toolkit/8.5.0.alpha002/tools/tikcpp/tikcfw/interface/kernel_tpipe.h:17:
In file included from /usr/local/Ascend/ascend-toolkit/8.5.0.alpha002/tools/tikcpp/tikcfw/impl/kernel_tpipe_base.h:17:
In file included from /usr/local/Ascend/ascend-toolkit/8.5.0.alpha002/tools/tikcpp/tikcfw/impl/kernel_tensor_impl.h:17:
In file included from /usr/local/Ascend/ascend-toolkit/8.5.0.alpha002/tools/tikcpp/tikcfw/interface/kernel_tensor.h:18:
In file included from /usr/local/Ascend/ascend-toolkit/8.5.0.alpha002/tools/tikcpp/tikcfw/impl/kernel_utils.h:17:
In file included from /usr/local/Ascend/ascend-toolkit/8.5.0.alpha002/tools/tikcpp/tikcfw/impl/utils/kernel_utils_macros.h:33:
In file included from /usr/local/Ascend/ascend-toolkit/8.5.0.alpha002/tools/tikcpp/tikcfw/impl/kernel_log.h:23:
/usr/local/Ascend/ascend-toolkit/8.5.0.alpha002/tools/tikicpulib/lib/include/stub_def.h:56:9: warning: '__out_pipe__' macro redefined [-Wmacro-redefined]
#define __out_pipe__(...)
        ^
/usr/local/Ascend/ascend-toolkit/8.5.0.alpha002/aarch64-linux/ccec_compiler/lib/clang/15.0.5/include/__clang_cce_defines.h:24:9: note: previous definition is here
#define __out_pipe__(...) __attribute__((out_pipe(#__VA_ARGS__)))
        ^
In file included from /home/data4t2/lelinfeng/cann-staging-liveness-x/route_support/STAGING-LIVENESS-X/V034/exact_source_kernel.cpp:8:
In file included from /home/data4t2/lelinfeng/cann-staging-liveness-x/本地实验/STAGING-LIVENESS-X/V034/src/submission.asc:3:
In file included from /usr/local/Ascend/ascend-toolkit/8.5.0.alpha002/tools/tikcpp/tikcfw/kernel_operator.h:18:
In file included from /usr/local/Ascend/ascend-toolkit/8.5.0.alpha002/tools/tikcpp/tikcfw/impl/kernel_tpipe_impl.h:22:
In file included from /usr/local/Ascend/ascend-toolkit/8.5.0.alpha002/tools/tikcpp/tikcfw/interface/kernel_tpipe.h:17:
In file included from /usr/local/Ascend/ascend-toolkit/8.5.0.alpha002/tools/tikcpp/tikcfw/impl/kernel_tpipe_base.h:17:
In file included from /usr/local/Ascend/ascend-toolkit/8.5.0.alpha002/tools/tikcpp/tikcfw/impl/kernel_tensor_impl.h:17:
In file included from /usr/local/Ascend/ascend-toolkit/8.5.0.alpha002/tools/tikcpp/tikcfw/interface/kernel_tensor.h:18:
In file included from /usr/local/Ascend/ascend-toolkit/8.5.0.alpha002/tools/tikcpp/tikcfw/impl/kernel_utils.h:17:
In file included from /usr/local/Ascend/ascend-toolkit/8.5.0.alpha002/tools/tikcpp/tikcfw/impl/utils/kernel_utils_macros.h:33:
In file included from /usr/local/Ascend/ascend-toolkit/8.5.0.alpha002/tools/tikcpp/tikcfw/impl/kernel_log.h:23:
/usr/local/Ascend/ascend-toolkit/8.5.0.alpha002/tools/tikicpulib/lib/include/stub_def.h:57:9: warning: '__ssbuf__' macro redefined [-Wmacro-redefined]
#define __ssbuf__
        ^
/usr/local/Ascend/ascend-toolkit/8.5.0.alpha002/aarch64-linux/ccec_compiler/lib/clang/15.0.5/include/__clang_cce_defines.h:59:9: note: previous definition is here
#define __ssbuf__ __attribute__((cce_scalar_share_buff))
        ^
In file included from /home/data4t2/lelinfeng/cann-staging-liveness-x/route_support/STAGING-LIVENESS-X/V034/exact_source_kernel.cpp:8:
In file included from /home/data4t2/lelinfeng/cann-staging-liveness-x/本地实验/STAGING-LIVENESS-X/V034/src/submission.asc:3:
In file included from /usr/local/Ascend/ascend-toolkit/8.5.0.alpha002/tools/tikcpp/tikcfw/kernel_operator.h:18:
In file included from /usr/local/Ascend/ascend-toolkit/8.5.0.alpha002/tools/tikcpp/tikcfw/impl/kernel_tpipe_impl.h:22:
In file included from /usr/local/Ascend/ascend-toolkit/8.5.0.alpha002/tools/tikcpp/tikcfw/interface/kernel_tpipe.h:17:
In file included from /usr/local/Ascend/ascend-toolkit/8.5.0.alpha002/tools/tikcpp/tikcfw/impl/kernel_tpipe_base.h:17:
In file included from /usr/local/Ascend/ascend-toolkit/8.5.0.alpha002/tools/tikcpp/tikcfw/impl/kernel_tensor_impl.h:17:
In file included from /usr/local/Ascend/ascend-toolkit/8.5.0.alpha002/tools/tikcpp/tikcfw/interface/kernel_tensor.h:18:
In file included from /usr/local/Ascend/ascend-toolkit/8.5.0.alpha002/tools/tikcpp/tikcfw/impl/kernel_utils.h:17:
In file included from /usr/local/Ascend/ascend-toolkit/8.5.0.alpha002/tools/tikcpp/tikcfw/impl/utils/kernel_utils_macros.h:33:
In file included from /usr/local/Ascend/ascend-toolkit/8.5.0.alpha002/tools/tikcpp/tikcfw/impl/kernel_log.h:23:
/usr/local/Ascend/ascend-toolkit/8.5.0.alpha002/tools/tikicpulib/lib/include/stub_def.h:58:9: warning: '__simt_callee__' macro redefined [-Wmacro-redefined]
#define __simt_callee__
        ^
/usr/local/Ascend/ascend-toolkit/8.5.0.alpha002/aarch64-linux/ccec_compiler/lib/clang/15.0.5/include/__clang_cce_defines.h:32:9: note: previous definition is here
#define __simt_callee__ __attribute__((cce_simt_callable))
        ^
In file included from /home/data4t2/lelinfeng/cann-staging-liveness-x/route_support/STAGING-LIVENESS-X/V034/exact_source_kernel.cpp:8:
In file included from /home/data4t2/lelinfeng/cann-staging-liveness-x/本地实验/STAGING-LIVENESS-X/V034/src/submission.asc:3:
In file included from /usr/local/Ascend/ascend-toolkit/8.5.0.alpha002/tools/tikcpp/tikcfw/kernel_operator.h:18:
In file included from /usr/local/Ascend/ascend-toolkit/8.5.0.alpha002/tools/tikcpp/tikcfw/impl/kernel_tpipe_impl.h:22:
In file included from /usr/local/Ascend/ascend-toolkit/8.5.0.alpha002/tools/tikcpp/tikcfw/interface/kernel_tpipe.h:17:
In file included from /usr/local/Ascend/ascend-toolkit/8.5.0.alpha002/tools/tikcpp/tikcfw/impl/kernel_tpipe_base.h:17:
In file included from /usr/local/Ascend/ascend-toolkit/8.5.0.alpha002/tools/tikcpp/tikcfw/impl/kernel_tensor_impl.h:17:
In file included from /usr/local/Ascend/ascend-toolkit/8.5.0.alpha002/tools/tikcpp/tikcfw/interface/kernel_tensor.h:18:
In file included from /usr/local/Ascend/ascend-toolkit/8.5.0.alpha002/tools/tikcpp/tikcfw/impl/kernel_utils.h:17:
In file included from /usr/local/Ascend/ascend-toolkit/8.5.0.alpha002/tools/tikcpp/tikcfw/impl/utils/kernel_utils_macros.h:33:
In file included from /usr/local/Ascend/ascend-toolkit/8.5.0.alpha002/tools/tikcpp/tikcfw/impl/kernel_log.h:23:
/usr/local/Ascend/ascend-toolkit/8.5.0.alpha002/tools/tikicpulib/lib/include/stub_def.h:59:9: warning: '__simt_vf__' macro redefined [-Wmacro-redefined]
#define __simt_vf__
        ^
/usr/local/Ascend/ascend-toolkit/8.5.0.alpha002/aarch64-linux/ccec_compiler/lib/clang/15.0.5/include/__clang_cce_defines.h:33:9: note: previous definition is here
#define __simt_vf__ __attribute__((cce_simt_entry)) __attribute__((noinline))
        ^
In file included from /home/data4t2/lelinfeng/cann-staging-liveness-x/route_support/STAGING-LIVENESS-X/V034/exact_source_kernel.cpp:8:
In file included from /home/data4t2/lelinfeng/cann-staging-liveness-x/本地实验/STAGING-LIVENESS-X/V034/src/submission.asc:3:
In file included from /usr/local/Ascend/ascend-toolkit/8.5.0.alpha002/tools/tikcpp/tikcfw/kernel_operator.h:18:
In file included from /usr/local/Ascend/ascend-toolkit/8.5.0.alpha002/tools/tikcpp/tikcfw/impl/kernel_tpipe_impl.h:22:
In file included from /usr/local/Ascend/ascend-toolkit/8.5.0.alpha002/tools/tikcpp/tikcfw/interface/kernel_tpipe.h:17:
In file included from /usr/local/Ascend/ascend-toolkit/8.5.0.alpha002/tools/tikcpp/tikcfw/impl/kernel_tpipe_base.h:17:
In file included from /usr/local/Ascend/ascend-toolkit/8.5.0.alpha002/tools/tikcpp/tikcfw/impl/kernel_tensor_impl.h:17:
In file included from /usr/local/Ascend/ascend-toolkit/8.5.0.alpha002/tools/tikcpp/tikcfw/interface/kernel_tensor.h:18:
In file included from /usr/local/Ascend/ascend-toolkit/8.5.0.alpha002/tools/tikcpp/tikcfw/impl/kernel_utils.h:17:
In file included from /usr/local/Ascend/ascend-toolkit/8.5.0.alpha002/tools/tikcpp/tikcfw/impl/utils/kernel_utils_macros.h:33:
In file included from /usr/local/Ascend/ascend-toolkit/8.5.0.alpha002/tools/tikcpp/tikcfw/impl/kernel_log.h:23:
/usr/local/Ascend/ascend-toolkit/8.5.0.alpha002/tools/tikicpulib/lib/include/stub_def.h:60:9: warning: '__simd_callee__' macro redefined [-Wmacro-redefined]
#define __simd_callee__
        ^
/usr/local/Ascend/ascend-toolkit/8.5.0.alpha002/aarch64-linux/ccec_compiler/lib/clang/15.0.5/include/__clang_cce_defines.h:40:9: note: previous definition is here
#define __simd_callee__ __attribute__((cce_simd_callee))
        ^
In file included from /home/data4t2/lelinfeng/cann-staging-liveness-x/route_support/STAGING-LIVENESS-X/V034/exact_source_kernel.cpp:8:
In file included from /home/data4t2/lelinfeng/cann-staging-liveness-x/本地实验/STAGING-LIVENESS-X/V034/src/submission.asc:3:
In file included from /usr/local/Ascend/ascend-toolkit/8.5.0.alpha002/tools/tikcpp/tikcfw/kernel_operator.h:18:
In file included from /usr/local/Ascend/ascend-toolkit/8.5.0.alpha002/tools/tikcpp/tikcfw/impl/kernel_tpipe_impl.h:22:
In file included from /usr/local/Ascend/ascend-toolkit/8.5.0.alpha002/tools/tikcpp/tikcfw/interface/kernel_tpipe.h:17:
In file included from /usr/local/Ascend/ascend-toolkit/8.5.0.alpha002/tools/tikcpp/tikcfw/impl/kernel_tpipe_base.h:17:
In file included from /usr/local/Ascend/ascend-toolkit/8.5.0.alpha002/tools/tikcpp/tikcfw/impl/kernel_tensor_impl.h:17:
In file included from /usr/local/Ascend/ascend-toolkit/8.5.0.alpha002/tools/tikcpp/tikcfw/interface/kernel_tensor.h:18:
In file included from /usr/local/Ascend/ascend-toolkit/8.5.0.alpha002/tools/tikcpp/tikcfw/impl/kernel_utils.h:17:
In file included from /usr/local/Ascend/ascend-toolkit/8.5.0.alpha002/tools/tikcpp/tikcfw/impl/utils/kernel_utils_macros.h:33:
In file included from /usr/local/Ascend/ascend-toolkit/8.5.0.alpha002/tools/tikcpp/tikcfw/impl/kernel_log.h:23:
/usr/local/Ascend/ascend-toolkit/8.5.0.alpha002/tools/tikicpulib/lib/include/stub_def.h:61:9: warning: '__simd_vf__' macro redefined [-Wmacro-redefined]
#define __simd_vf__
        ^
/usr/local/Ascend/ascend-toolkit/8.5.0.alpha002/aarch64-linux/ccec_compiler/lib/clang/15.0.5/include/__clang_cce_defines.h:39:9: note: previous definition is here
#define __simd_vf__ __attribute__((cce_simd_vf))
        ^
In file included from /home/data4t2/lelinfeng/cann-staging-liveness-x/route_support/STAGING-LIVENESS-X/V034/exact_source_kernel.cpp:8:
In file included from /home/data4t2/lelinfeng/cann-staging-liveness-x/本地实验/STAGING-LIVENESS-X/V034/src/submission.asc:3:
In file included from /usr/local/Ascend/ascend-toolkit/8.5.0.alpha002/tools/tikcpp/tikcfw/kernel_operator.h:18:
In file included from /usr/local/Ascend/ascend-toolkit/8.5.0.alpha002/tools/tikcpp/tikcfw/impl/kernel_tpipe_impl.h:22:
In file included from /usr/local/Ascend/ascend-toolkit/8.5.0.alpha002/tools/tikcpp/tikcfw/interface/kernel_tpipe.h:17:
In file included from /usr/local/Ascend/ascend-toolkit/8.5.0.alpha002/tools/tikcpp/tikcfw/impl/kernel_tpipe_base.h:17:
In file included from /usr/local/Ascend/ascend-toolkit/8.5.0.alpha002/tools/tikcpp/tikcfw/impl/kernel_tensor_impl.h:17:
In file included from /usr/local/Ascend/ascend-toolkit/8.5.0.alpha002/tools/tikcpp/tikcfw/interface/kernel_tensor.h:18:
In file included from /usr/local/Ascend/ascend-toolkit/8.5.0.alpha002/tools/tikcpp/tikcfw/impl/kernel_utils.h:17:
In file included from /usr/local/Ascend/ascend-toolkit/8.5.0.alpha002/tools/tikcpp/tikcfw/impl/utils/kernel_utils_macros.h:33:
In file included from /usr/local/Ascend/ascend-toolkit/8.5.0.alpha002/tools/tikcpp/tikcfw/impl/kernel_log.h:23:
/usr/local/Ascend/ascend-toolkit/8.5.0.alpha002/tools/tikicpulib/lib/include/stub_def.h:62:9: warning: '__no_simd_vf_fusion__' macro redefined [-Wmacro-redefined]
#define __no_simd_vf_fusion__
        ^
/usr/local/Ascend/ascend-toolkit/8.5.0.alpha002/aarch64-linux/ccec_compiler/lib/clang/15.0.5/include/__clang_cce_defines.h:41:9: note: previous definition is here
#define __no_simd_vf_fusion__ __attribute__((no_simd_vf_fusion))
        ^
In file included from /home/data4t2/lelinfeng/cann-staging-liveness-x/route_support/STAGING-LIVENESS-X/V034/exact_source_kernel.cpp:8:
In file included from /home/data4t2/lelinfeng/cann-staging-liveness-x/本地实验/STAGING-LIVENESS-X/V034/src/submission.asc:3:
In file included from /usr/local/Ascend/ascend-toolkit/8.5.0.alpha002/tools/tikcpp/tikcfw/kernel_operator.h:18:
In file included from /usr/local/Ascend/ascend-toolkit/8.5.0.alpha002/tools/tikcpp/tikcfw/impl/kernel_tpipe_impl.h:22:
In file included from /usr/local/Ascend/ascend-toolkit/8.5.0.alpha002/tools/tikcpp/tikcfw/interface/kernel_tpipe.h:17:
In file included from /usr/local/Ascend/ascend-toolkit/8.5.0.alpha002/tools/tikcpp/tikcfw/impl/kernel_tpipe_base.h:17:
In file included from /usr/local/Ascend/ascend-toolkit/8.5.0.alpha002/tools/tikcpp/tikcfw/impl/kernel_tensor_impl.h:17:
In file included from /usr/local/Ascend/ascend-toolkit/8.5.0.alpha002/tools/tikcpp/tikcfw/interface/kernel_tensor.h:18:
In file included from /usr/local/Ascend/ascend-toolkit/8.5.0.alpha002/tools/tikcpp/tikcfw/impl/kernel_utils.h:17:
In file included from /usr/local/Ascend/ascend-toolkit/8.5.0.alpha002/tools/tikcpp/tikcfw/impl/utils/kernel_utils_macros.h:33:
In file included from /usr/local/Ascend/ascend-toolkit/8.5.0.alpha002/tools/tikcpp/tikcfw/impl/kernel_log.h:23:
/usr/local/Ascend/ascend-toolkit/8.5.0.alpha002/tools/tikicpulib/lib/include/stub_def.h:63:9: warning: 'LAUNCH_BOUND' macro redefined [-Wmacro-redefined]
#define LAUNCH_BOUND(x)
        ^
/usr/local/Ascend/ascend-toolkit/8.5.0.alpha002/aarch64-linux/ccec_compiler/lib/clang/15.0.5/include/__clang_cce_defines.h:37:9: note: previous definition is here
#define LAUNCH_BOUND(N) __attribute__((cce_launch_bounds(N)))
        ^
In file included from /home/data4t2/lelinfeng/cann-staging-liveness-x/route_support/STAGING-LIVENESS-X/V034/exact_source_kernel.cpp:8:
In file included from /home/data4t2/lelinfeng/cann-staging-liveness-x/本地实验/STAGING-LIVENESS-X/V034/src/submission.asc:3:
In file included from /usr/local/Ascend/ascend-toolkit/8.5.0.alpha002/tools/tikcpp/tikcfw/kernel_operator.h:18:
In file included from /usr/local/Ascend/ascend-toolkit/8.5.0.alpha002/tools/tikcpp/tikcfw/impl/kernel_tpipe_impl.h:22:
In file included from /usr/local/Ascend/ascend-toolkit/8.5.0.alpha002/tools/tikcpp/tikcfw/interface/kernel_tpipe.h:17:
In file included from /usr/local/Ascend/ascend-toolkit/8.5.0.alpha002/tools/tikcpp/tikcfw/impl/kernel_tpipe_base.h:17:
In file included from /usr/local/Ascend/ascend-toolkit/8.5.0.alpha002/tools/tikcpp/tikcfw/impl/kernel_tensor_impl.h:17:
In file included from /usr/local/Ascend/ascend-toolkit/8.5.0.alpha002/tools/tikcpp/tikcfw/interface/kernel_tensor.h:18:
In file included from /usr/local/Ascend/ascend-toolkit/8.5.0.alpha002/tools/tikcpp/tikcfw/impl/kernel_utils.h:17:
In file included from /usr/local/Ascend/ascend-toolkit/8.5.0.alpha002/tools/tikcpp/tikcfw/impl/utils/kernel_utils_macros.h:33:
In file included from /usr/local/Ascend/ascend-toolkit/8.5.0.alpha002/tools/tikcpp/tikcfw/impl/kernel_log.h:23:
/usr/local/Ascend/ascend-toolkit/8.5.0.alpha002/tools/tikicpulib/lib/include/stub_def.h:82:7: error: typedef redefinition with different types ('std::array<uint8_t, ConstantsInternal::b8EleSize>' (aka 'array<unsigned char, ConstantsInternal::b8EleSize>') vs 'unsigned char __attribute__((ext_vector_type(256)))')
using vector_u8 = std::array<uint8_t, ConstantsInternal::b8EleSize>;
      ^
/usr/local/Ascend/ascend-toolkit/8.5.0.alpha002/aarch64-linux/ccec_compiler/lib/clang/15.0.5/include/__clang_cce_vector_types.h:80:23: note: previous definition is here
typedef unsigned char vector_u8
                      ^
In file included from /home/data4t2/lelinfeng/cann-staging-liveness-x/route_support/STAGING-LIVENESS-X/V034/exact_source_kernel.cpp:8:
In file included from /home/data4t2/lelinfeng/cann-staging-liveness-x/本地实验/STAGING-LIVENESS-X/V034/src/submission.asc:3:
In file included from /usr/local/Ascend/ascend-toolkit/8.5.0.alpha002/tools/tikcpp/tikcfw/kernel_operator.h:18:
In file included from /usr/local/Ascend/ascend-toolkit/8.5.0.alpha002/tools/tikcpp/tikcfw/impl/kernel_tpipe_impl.h:22:
In file included from /usr/local/Ascend/ascend-toolkit/8.5.0.alpha002/tools/tikcpp/tikcfw/interface/kernel_tpipe.h:17:
In file included from /usr/local/Ascend/ascend-toolkit/8.5.0.alpha002/tools/tikcpp/tikcfw/impl/kernel_tpipe_base.h:17:
In file included from /usr/local/Ascend/ascend-toolkit/8.5.0.alpha002/tools/tikcpp/tikcfw/impl/kernel_tensor_impl.h:17:
In file included from /usr/local/Ascend/ascend-toolkit/8.5.0.alpha002/tools/tikcpp/tikcfw/interface/kernel_tensor.h:18:
In file included from /usr/local/Ascend/ascend-toolkit/8.5.0.alpha002/tools/tikcpp/tikcfw/impl/kernel_utils.h:17:
In file included from /usr/local/Ascend/ascend-toolkit/8.5.0.alpha002/tools/tikcpp/tikcfw/impl/utils/kernel_utils_macros.h:33:
In file included from /usr/local/Ascend/ascend-toolkit/8.5.0.alpha002/tools/tikcpp/tikcfw/impl/kernel_log.h:23:
/usr/local/Ascend/ascend-toolkit/8.5.0.alpha002/tools/tikicpulib/lib/include/stub_def.h:83:7: error: typedef redefinition with different types ('std::array<uint16_t, ConstantsInternal::b16EleSize>' (aka 'array<unsigned short, ConstantsInternal::b16EleSize>') vs 'unsigned short __attribute__((ext_vector_type(128)))')
using vector_u16 = std::array<uint16_t, ConstantsInternal::b16EleSize>;
      ^
/usr/local/Ascend/ascend-toolkit/8.5.0.alpha002/aarch64-linux/ccec_compiler/lib/clang/15.0.5/include/__clang_cce_vector_types.h:78:24: note: previous definition is here
typedef unsigned short vector_u16
                       ^
In file included from /home/data4t2/lelinfeng/cann-staging-liveness-x/route_support/STAGING-LIVENESS-X/V034/exact_source_kernel.cpp:8:
In file included from /home/data4t2/lelinfeng/cann-staging-liveness-x/本地实验/STAGING-LIVENESS-X/V034/src/submission.asc:3:
In file included from /usr/local/Ascend/ascend-toolkit/8.5.0.alpha002/tools/tikcpp/tikcfw/kernel_operator.h:18:
In file included from /usr/local/Ascend/ascend-toolkit/8.5.0.alpha002/tools/tikcpp/tikcfw/impl/kernel_tpipe_impl.h:22:
In file included from /usr/local/Ascend/ascend-toolkit/8.5.0.alpha002/tools/tikcpp/tikcfw/interface/kernel_tpipe.h:17:
In file included from /usr/local/Ascend/ascend-toolkit/8.5.0.alpha002/tools/tikcpp/tikcfw/impl/kernel_tpipe_base.h:17:
In file included from /usr/local/Ascend/ascend-toolkit/8.5.0.alpha002/tools/tikcpp/tikcfw/impl/kernel_tensor_impl.h:17:
In file included from /usr/local/Ascend/ascend-toolkit/8.5.0.alpha002/tools/tikcpp/tikcfw/interface/kernel_tensor.h:18:
In file included from /usr/local/Ascend/ascend-toolkit/8.5.0.alpha002/tools/tikcpp/tikcfw/impl/kernel_utils.h:17:
In file included from /usr/local/Ascend/ascend-toolkit/8.5.0.alpha002/tools/tikcpp/tikcfw/impl/utils/kernel_utils_macros.h:33:
In file included from /usr/local/Ascend/ascend-toolkit/8.5.0.alpha002/tools/tikcpp/tikcfw/impl/kernel_log.h:23:
/usr/local/Ascend/ascend-toolkit/8.5.0.alpha002/tools/tikicpulib/lib/include/stub_def.h:84:7: error: typedef redefinition with different types ('std::array<uint32_t, ConstantsInternal::b32EleSize>' (aka 'array<unsigned int, ConstantsInternal::b32EleSize>') vs 'unsigned int __attribute__((ext_vector_type(64)))')
using vector_u32 = std::array<uint32_t, ConstantsInternal::b32EleSize>;
      ^
/usr/local/Ascend/ascend-toolkit/8.5.0.alpha002/aarch64-linux/ccec_compiler/lib/clang/15.0.5/include/__clang_cce_vector_types.h:76:22: note: previous definition is here
typedef unsigned int vector_u32
                     ^
In file included from /home/data4t2/lelinfeng/cann-staging-liveness-x/route_support/STAGING-LIVENESS-X/V034/exact_source_kernel.cpp:8:
In file included from /home/data4t2/lelinfeng/cann-staging-liveness-x/本地实验/STAGING-LIVENESS-X/V034/src/submission.asc:3:
In file included from /usr/local/Ascend/ascend-toolkit/8.5.0.alpha002/tools/tikcpp/tikcfw/kernel_operator.h:18:
In file included from /usr/local/Ascend/ascend-toolkit/8.5.0.alpha002/tools/tikcpp/tikcfw/impl/kernel_tpipe_impl.h:22:
In file included from /usr/local/Ascend/ascend-toolkit/8.5.0.alpha002/tools/tikcpp/tikcfw/interface/kernel_tpipe.h:17:
In file included from /usr/local/Ascend/ascend-toolkit/8.5.0.alpha002/tools/tikcpp/tikcfw/impl/kernel_tpipe_base.h:17:
In file included from /usr/local/Ascend/ascend-toolkit/8.5.0.alpha002/tools/tikcpp/tikcfw/impl/kernel_tensor_impl.h:17:
In file included from /usr/local/Ascend/ascend-toolkit/8.5.0.alpha002/tools/tikcpp/tikcfw/interface/kernel_tensor.h:18:
In file included from /usr/local/Ascend/ascend-toolkit/8.5.0.alpha002/tools/tikcpp/tikcfw/impl/kernel_utils.h:17:
In file included from /usr/local/Ascend/ascend-toolkit/8.5.0.alpha002/tools/tikcpp/tikcfw/impl/utils/kernel_utils_macros.h:33:
In file included from /usr/local/Ascend/ascend-toolkit/8.5.0.alpha002/tools/tikcpp/tikcfw/impl/kernel_log.h:23:
/usr/local/Ascend/ascend-toolkit/8.5.0.alpha002/tools/tikicpulib/lib/include/stub_def.h:85:7: error: typedef redefinition with different types ('std::array<int8_t, ConstantsInternal::b8EleSize>' (aka 'array<signed char, ConstantsInternal::b8EleSize>') vs 'char __attribute__((ext_vector_type(256)))')
using vector_s8 = std::array<int8_t, ConstantsInternal::b8EleSize>;
      ^
/usr/local/Ascend/ascend-toolkit/8.5.0.alpha002/aarch64-linux/ccec_compiler/lib/clang/15.0.5/include/__clang_cce_vector_types.h:71:14: note: previous definition is here
typedef char vector_s8
             ^
In file included from /home/data4t2/lelinfeng/cann-staging-liveness-x/route_support/STAGING-LIVENESS-X/V034/exact_source_kernel.cpp:8:
In file included from /home/data4t2/lelinfeng/cann-staging-liveness-x/本地实验/STAGING-LIVENESS-X/V034/src/submission.asc:3:
In file included from /usr/local/Ascend/ascend-toolkit/8.5.0.alpha002/tools/tikcpp/tikcfw/kernel_operator.h:18:
In file included from /usr/local/Ascend/ascend-toolkit/8.5.0.alpha002/tools/tikcpp/tikcfw/impl/kernel_tpipe_impl.h:22:
In file included from /usr/local/Ascend/ascend-toolkit/8.5.0.alpha002/tools/tikcpp/tikcfw/interface/kernel_tpipe.h:17:
In file included from /usr/local/Ascend/ascend-toolkit/8.5.0.alpha002/tools/tikcpp/tikcfw/impl/kernel_tpipe_base.h:17:
In file included from /usr/local/Ascend/ascend-toolkit/8.5.0.alpha002/tools/tikcpp/tikcfw/impl/kernel_tensor_impl.h:17:
In file included from /usr/local/Ascend/ascend-toolkit/8.5.0.alpha002/tools/tikcpp/tikcfw/interface/kernel_tensor.h:18:
In file included from /usr/local/Ascend/ascend-toolkit/8.5.0.alpha002/tools/tikcpp/tikcfw/impl/kernel_utils.h:17:
In file included from /usr/local/Ascend/ascend-toolkit/8.5.0.alpha002/tools/tikcpp/tikcfw/impl/utils/kernel_utils_macros.h:33:
In file included from /usr/local/Ascend/ascend-toolkit/8.5.0.alpha002/tools/tikcpp/tikcfw/impl/kernel_log.h:23:
/usr/local/Ascend/ascend-toolkit/8.5.0.alpha002/tools/tikicpulib/lib/include/stub_def.h:86:7: error: typedef redefinition with different types ('std::array<int16_t, ConstantsInternal::b16EleSize>' (aka 'array<short, ConstantsInternal::b16EleSize>') vs 'short __attribute__((ext_vector_type(128)))')
using vector_s16 = std::array<int16_t, ConstantsInternal::b16EleSize>;
      ^
/usr/local/Ascend/ascend-toolkit/8.5.0.alpha002/aarch64-linux/ccec_compiler/lib/clang/15.0.5/include/__clang_cce_vector_types.h:69:15: note: previous definition is here
typedef short vector_s16
              ^
In file included from /home/data4t2/lelinfeng/cann-staging-liveness-x/route_support/STAGING-LIVENESS-X/V034/exact_source_kernel.cpp:8:
In file included from /home/data4t2/lelinfeng/cann-staging-liveness-x/本地实验/STAGING-LIVENESS-X/V034/src/submission.asc:3:
In file included from /usr/local/Ascend/ascend-toolkit/8.5.0.alpha002/tools/tikcpp/tikcfw/kernel_operator.h:18:
In file included from /usr/local/Ascend/ascend-toolkit/8.5.0.alpha002/tools/tikcpp/tikcfw/impl/kernel_tpipe_impl.h:22:
In file included from /usr/local/Ascend/ascend-toolkit/8.5.0.alpha002/tools/tikcpp/tikcfw/interface/kernel_tpipe.h:17:
In file included from /usr/local/Ascend/ascend-toolkit/8.5.0.alpha002/tools/tikcpp/tikcfw/impl/kernel_tpipe_base.h:17:
In file included from /usr/local/Ascend/ascend-toolkit/8.5.0.alpha002/tools/tikcpp/tikcfw/impl/kernel_tensor_impl.h:17:
In file included from /usr/local/Ascend/ascend-toolkit/8.5.0.alpha002/tools/tikcpp/tikcfw/interface/kernel_tensor.h:18:
In file included from /usr/local/Ascend/ascend-toolkit/8.5.0.alpha002/tools/tikcpp/tikcfw/impl/kernel_utils.h:17:
In file included from /usr/local/Ascend/ascend-toolkit/8.5.0.alpha002/tools/tikcpp/tikcfw/impl/utils/kernel_utils_macros.h:33:
In file included from /usr/local/Ascend/ascend-toolkit/8.5.0.alpha002/tools/tikcpp/tikcfw/impl/kernel_log.h:23:
/usr/local/Ascend/ascend-toolkit/8.5.0.alpha002/tools/tikicpulib/lib/include/stub_def.h:87:7: error: typedef redefinition with different types ('std::array<int32_t, ConstantsInternal::b32EleSize>' (aka 'array<int, ConstantsInternal::b32EleSize>') vs 'int __attribute__((ext_vector_type(64)))')
using vector_s32 = std::array<int32_t, ConstantsInternal::b32EleSize>;
      ^
/usr/local/Ascend/ascend-toolkit/8.5.0.alpha002/aarch64-linux/ccec_compiler/lib/clang/15.0.5/include/__clang_cce_vector_types.h:67:13: note: previous definition is here
typedef int vector_s32
            ^
In file included from /home/data4t2/lelinfeng/cann-staging-liveness-x/route_support/STAGING-LIVENESS-X/V034/exact_source_kernel.cpp:8:
In file included from /home/data4t2/lelinfeng/cann-staging-liveness-x/本地实验/STAGING-LIVENESS-X/V034/src/submission.asc:3:
In file included from /usr/local/Ascend/ascend-toolkit/8.5.0.alpha002/tools/tikcpp/tikcfw/kernel_operator.h:18:
In file included from /usr/local/Ascend/ascend-toolkit/8.5.0.alpha002/tools/tikcpp/tikcfw/impl/kernel_tpipe_impl.h:22:
In file included from /usr/local/Ascend/ascend-toolkit/8.5.0.alpha002/tools/tikcpp/tikcfw/interface/kernel_tpipe.h:17:
In file included from /usr/local/Ascend/ascend-toolkit/8.5.0.alpha002/tools/tikcpp/tikcfw/impl/kernel_tpipe_base.h:17:
In file included from /usr/local/Ascend/ascend-toolkit/8.5.0.alpha002/tools/tikcpp/tikcfw/impl/kernel_tensor_impl.h:17:
In file included from /usr/local/Ascend/ascend-toolkit/8.5.0.alpha002/tools/tikcpp/tikcfw/interface/kernel_tensor.h:18:
In file included from /usr/local/Ascend/ascend-toolkit/8.5.0.alpha002/tools/tikcpp/tikcfw/impl/kernel_utils.h:17:
In file included from /usr/local/Ascend/ascend-toolkit/8.5.0.alpha002/tools/tikcpp/tikcfw/impl/utils/kernel_utils_macros.h:33:
In file included from /usr/local/Ascend/ascend-toolkit/8.5.0.alpha002/tools/tikcpp/tikcfw/impl/kernel_log.h:23:
/usr/local/Ascend/ascend-toolkit/8.5.0.alpha002/tools/tikicpulib/lib/include/stub_def.h:88:7: error: typedef redefinition with different types ('std::array<int64_t, ConstantsInternal::b64EleSize>' (aka 'array<long, ConstantsInternal::b64EleSize>') vs 'long long __attribute__((ext_vector_type(32)))')
using vector_s64 = std::array<int64_t, ConstantsInternal::b64EleSize>;
      ^
/usr/local/Ascend/ascend-toolkit/8.5.0.alpha002/aarch64-linux/ccec_compiler/lib/clang/15.0.5/include/__clang_cce_vector_types.h:65:19: note: previous definition is here
typedef long long vector_s64
                  ^
In file included from /home/data4t2/lelinfeng/cann-staging-liveness-x/route_support/STAGING-LIVENESS-X/V034/exact_source_kernel.cpp:8:
In file included from /home/data4t2/lelinfeng/cann-staging-liveness-x/本地实验/STAGING-LIVENESS-X/V034/src/submission.asc:3:
In file included from /usr/local/Ascend/ascend-toolkit/8.5.0.alpha002/tools/tikcpp/tikcfw/kernel_operator.h:18:
In file included from /usr/local/Ascend/ascend-toolkit/8.5.0.alpha002/tools/tikcpp/tikcfw/impl/kernel_tpipe_impl.h:22:
In file included from /usr/local/Ascend/ascend-toolkit/8.5.0.alpha002/tools/tikcpp/tikcfw/interface/kernel_tpipe.h:17:
In file included from /usr/local/Ascend/ascend-toolkit/8.5.0.alpha002/tools/tikcpp/tikcfw/impl/kernel_tpipe_base.h:17:
In file included from /usr/local/Ascend/ascend-toolkit/8.5.0.alpha002/tools/tikcpp/tikcfw/impl/kernel_tensor_impl.h:17:
In file included from /usr/local/Ascend/ascend-toolkit/8.5.0.alpha002/tools/tikcpp/tikcfw/interface/kernel_tensor.h:18:
In file included from /usr/local/Ascend/ascend-toolkit/8.5.0.alpha002/tools/tikcpp/tikcfw/impl/kernel_utils.h:17:
In file included from /usr/local/Ascend/ascend-toolkit/8.5.0.alpha002/tools/tikcpp/tikcfw/impl/utils/kernel_utils_macros.h:33:
In file included from /usr/local/Ascend/ascend-toolkit/8.5.0.alpha002/tools/tikcpp/tikcfw/impl/kernel_log.h:23:
/usr/local/Ascend/ascend-toolkit/8.5.0.alpha002/tools/tikicpulib/lib/include/stub_def.h:89:7: error: typedef redefinition with different types ('std::array<uint64_t, ConstantsInternal::b64EleSize>' (aka 'array<unsigned long, ConstantsInternal::b64EleSize>') vs 'unsigned long long __attribute__((ext_vector_type(32)))')
using vector_u64 = std::array<uint64_t, ConstantsInternal::b64EleSize>;
      ^
/usr/local/Ascend/ascend-toolkit/8.5.0.alpha002/aarch64-linux/ccec_compiler/lib/clang/15.0.5/include/__clang_cce_vector_types.h:74:28: note: previous definition is here
typedef unsigned long long vector_u64
                           ^
In file included from /home/data4t2/lelinfeng/cann-staging-liveness-x/route_support/STAGING-LIVENESS-X/V034/exact_source_kernel.cpp:8:
In file included from /home/data4t2/lelinfeng/cann-staging-liveness-x/本地实验/STAGING-LIVENESS-X/V034/src/submission.asc:3:
In file included from /usr/local/Ascend/ascend-toolkit/8.5.0.alpha002/tools/tikcpp/tikcfw/kernel_operator.h:18:
In file included from /usr/local/Ascend/ascend-toolkit/8.5.0.alpha002/tools/tikcpp/tikcfw/impl/kernel_tpipe_impl.h:22:
In file included from /usr/local/Ascend/ascend-toolkit/8.5.0.alpha002/tools/tikcpp/tikcfw/interface/kernel_tpipe.h:17:
In file included from /usr/local/Ascend/ascend-toolkit/8.5.0.alpha002/tools/tikcpp/tikcfw/impl/kernel_tpipe_base.h:17:
In file included from /usr/local/Ascend/ascend-toolkit/8.5.0.alpha002/tools/tikcpp/tikcfw/impl/kernel_tensor_impl.h:17:
In file included from /usr/local/Ascend/ascend-toolkit/8.5.0.alpha002/tools/tikcpp/tikcfw/interface/kernel_tensor.h:18:
In file included from /usr/local/Ascend/ascend-toolkit/8.5.0.alpha002/tools/tikcpp/tikcfw/impl/kernel_utils.h:17:
In file included from /usr/local/Ascend/ascend-toolkit/8.5.0.alpha002/tools/tikcpp/tikcfw/impl/utils/kernel_utils_macros.h:33:
In file included from /usr/local/Ascend/ascend-toolkit/8.5.0.alpha002/tools/tikcpp/tikcfw/impl/kernel_log.h:23:
/usr/local/Ascend/ascend-toolkit/8.5.0.alpha002/tools/tikicpulib/lib/include/stub_def.h:92:7: error: typedef redefinition with different types ('std::array<bfloat16_t, ConstantsInternal::b16EleSize>' (aka 'array<__bf16, ConstantsInternal::b16EleSize>') vs 'bfloat16_t __attribute__((ext_vector_type(128)))')
using vector_bf16 = std::array<bfloat16_t, ConstantsInternal::b16EleSize>;
      ^
/usr/local/Ascend/ascend-toolkit/8.5.0.alpha002/aarch64-linux/ccec_compiler/lib/clang/15.0.5/include/__clang_cce_vector_types.h:104:20: note: previous definition is here
typedef bfloat16_t vector_bf16 __attribute__((
                   ^
In file included from /home/data4t2/lelinfeng/cann-staging-liveness-x/route_support/STAGING-LIVENESS-X/V034/exact_source_kernel.cpp:8:
In file included from /home/data4t2/lelinfeng/cann-staging-liveness-x/本地实验/STAGING-LIVENESS-X/V034/src/submission.asc:3:
In file included from /usr/local/Ascend/ascend-toolkit/8.5.0.alpha002/tools/tikcpp/tikcfw/kernel_operator.h:18:
In file included from /usr/local/Ascend/ascend-toolkit/8.5.0.alpha002/tools/tikcpp/tikcfw/impl/kernel_tpipe_impl.h:22:
In file included from /usr/local/Ascend/ascend-toolkit/8.5.0.alpha002/tools/tikcpp/tikcfw/interface/kernel_tpipe.h:17:
In file included from /usr/local/Ascend/ascend-toolkit/8.5.0.alpha002/tools/tikcpp/tikcfw/impl/kernel_tpipe_base.h:17:
In file included from /usr/local/Ascend/ascend-toolkit/8.5.0.alpha002/tools/tikcpp/tikcfw/impl/kernel_tensor_impl.h:17:
In file included from /usr/local/Ascend/ascend-toolkit/8.5.0.alpha002/tools/tikcpp/tikcfw/interface/kernel_tensor.h:18:
In file included from /usr/local/Ascend/ascend-toolkit/8.5.0.alpha002/tools/tikcpp/tikcfw/impl/kernel_utils.h:17:
In file included from /usr/local/Ascend/ascend-toolkit/8.5.0.alpha002/tools/tikcpp/tikcfw/impl/utils/kernel_utils_macros.h:33:
In file included from /usr/local/Ascend/ascend-toolkit/8.5.0.alpha002/tools/tikcpp/tikcfw/impl/kernel_log.h:23:
/usr/local/Ascend/ascend-toolkit/8.5.0.alpha002/tools/tikicpulib/lib/include/stub_def.h:93:7: error: typedef redefinition with different types ('std::array<half, ConstantsInternal::b16EleSize>' (aka 'array<half, ConstantsInternal::b16EleSize>') vs 'half __attribute__((ext_vector_type(128)))')
using vector_f16 = std::array<half, ConstantsInternal::b16EleSize>;
      ^
/usr/local/Ascend/ascend-toolkit/8.5.0.alpha002/aarch64-linux/ccec_compiler/lib/clang/15.0.5/include/__clang_cce_vector_types.h:84:20: note: previous definition is here
typedef __cce_half vector_f16
                   ^
In file included from /home/data4t2/lelinfeng/cann-staging-liveness-x/route_support/STAGING-LIVENESS-X/V034/exact_source_kernel.cpp:8:
In file included from /home/data4t2/lelinfeng/cann-staging-liveness-x/本地实验/STAGING-LIVENESS-X/V034/src/submission.asc:3:
In file included from /usr/local/Ascend/ascend-toolkit/8.5.0.alpha002/tools/tikcpp/tikcfw/kernel_operator.h:18:
In file included from /usr/local/Ascend/ascend-toolkit/8.5.0.alpha002/tools/tikcpp/tikcfw/impl/kernel_tpipe_impl.h:22:
In file included from /usr/local/Ascend/ascend-toolkit/8.5.0.alpha002/tools/tikcpp/tikcfw/interface/kernel_tpipe.h:17:
In file included from /usr/local/Ascend/ascend-toolkit/8.5.0.alpha002/tools/tikcpp/tikcfw/impl/kernel_tpipe_base.h:17:
In file included from /usr/local/Ascend/ascend-toolkit/8.5.0.alpha002/tools/tikcpp/tikcfw/impl/kernel_tensor_impl.h:17:
In file included from /usr/local/Ascend/ascend-toolkit/8.5.0.alpha002/tools/tikcpp/tikcfw/interface/kernel_tensor.h:18:
In file included from /usr/local/Ascend/ascend-toolkit/8.5.0.alpha002/tools/tikcpp/tikcfw/impl/kernel_utils.h:17:
In file included from /usr/local/Ascend/ascend-toolkit/8.5.0.alpha002/tools/tikcpp/tikcfw/impl/utils/kernel_utils_macros.h:33:
In file included from /usr/local/Ascend/ascend-toolkit/8.5.0.alpha002/tools/tikcpp/tikcfw/impl/kernel_log.h:23:
/usr/local/Ascend/ascend-toolkit/8.5.0.alpha002/tools/tikicpulib/lib/include/stub_def.h:94:7: error: typedef redefinition with different types ('std::array<float, ConstantsInternal::b32EleSize>' vs 'float __attribute__((ext_vector_type(64)))')
using vector_f32 = std::array<float, ConstantsInternal::b32EleSize>;
      ^
/usr/local/Ascend/ascend-toolkit/8.5.0.alpha002/aarch64-linux/ccec_compiler/lib/clang/15.0.5/include/__clang_cce_vector_types.h:82:15: note: previous definition is here
typedef float vector_f32
              ^
In file included from /home/data4t2/lelinfeng/cann-staging-liveness-x/route_support/STAGING-LIVENESS-X/V034/exact_source_kernel.cpp:8:
In file included from /home/data4t2/lelinfeng/cann-staging-liveness-x/本地实验/STAGING-LIVENESS-X/V034/src/submission.asc:3:
In file included from /usr/local/Ascend/ascend-toolkit/8.5.0.alpha002/tools/tikcpp/tikcfw/kernel_operator.h:18:
In file included from /usr/local/Ascend/ascend-toolkit/8.5.0.alpha002/tools/tikcpp/tikcfw/impl/kernel_tpipe_impl.h:22:
In file included from /usr/local/Ascend/ascend-toolkit/8.5.0.alpha002/tools/tikcpp/tikcfw/interface/kernel_tpipe.h:17:
In file included from /usr/local/Ascend/ascend-toolkit/8.5.0.alpha002/tools/tikcpp/tikcfw/impl/kernel_tpipe_base.h:17:
In file included from /usr/local/Ascend/ascend-toolkit/8.5.0.alpha002/tools/tikcpp/tikcfw/impl/kernel_tensor_impl.h:17:
In file included from /usr/local/Ascend/ascend-toolkit/8.5.0.alpha002/tools/tikcpp/tikcfw/interface/kernel_tensor.h:18:
In file included from /usr/local/Ascend/ascend-toolkit/8.5.0.alpha002/tools/tikcpp/tikcfw/impl/kernel_utils.h:17:
In file included from /usr/local/Ascend/ascend-toolkit/8.5.0.alpha002/tools/tikcpp/tikcfw/impl/utils/kernel_utils_macros.h:33:
In file included from /usr/local/Ascend/ascend-toolkit/8.5.0.alpha002/tools/tikcpp/tikcfw/impl/kernel_log.h:23:
/usr/local/Ascend/ascend-toolkit/8.5.0.alpha002/tools/tikicpulib/lib/include/stub_def.h:103:8: error: redefinition of 'int4x2_t'
struct int4x2_t {
       ^
/usr/local/Ascend/ascend-toolkit/8.5.0.alpha002/aarch64-linux/ccec_compiler/lib/clang/15.0.5/include/__clang_cce_types.h:43:8: note: previous definition is here
struct int4x2_t {
       ^
In file included from /home/data4t2/lelinfeng/cann-staging-liveness-x/route_support/STAGING-LIVENESS-X/V034/exact_source_kernel.cpp:8:
In file included from /home/data4t2/lelinfeng/cann-staging-liveness-x/本地实验/STAGING-LIVENESS-X/V034/src/submission.asc:3:
In file included from /usr/local/Ascend/ascend-toolkit/8.5.0.alpha002/tools/tikcpp/tikcfw/kernel_operator.h:18:
In file included from /usr/local/Ascend/ascend-toolkit/8.5.0.alpha002/tools/tikcpp/tikcfw/impl/kernel_tpipe_impl.h:22:
In file included from /usr/local/Ascend/ascend-toolkit/8.5.0.alpha002/tools/tikcpp/tikcfw/interface/kernel_tpipe.h:17:
In file included from /usr/local/Ascend/ascend-toolkit/8.5.0.alpha002/tools/tikcpp/tikcfw/impl/kernel_tpipe_base.h:17:
In file included from /usr/local/Ascend/ascend-toolkit/8.5.0.alpha002/tools/tikcpp/tikcfw/impl/kernel_tensor_impl.h:17:
In file included from /usr/local/Ascend/ascend-toolkit/8.5.0.alpha002/tools/tikcpp/tikcfw/interface/kernel_tensor.h:18:
In file included from /usr/local/Ascend/ascend-toolkit/8.5.0.alpha002/tools/tikcpp/tikcfw/impl/kernel_utils.h:17:
In file included from /usr/local/Ascend/ascend-toolkit/8.5.0.alpha002/tools/tikcpp/tikcfw/impl/utils/kernel_utils_macros.h:33:
In file included from /usr/local/Ascend/ascend-toolkit/8.5.0.alpha002/tools/tikcpp/tikcfw/impl/kernel_log.h:23:
/usr/local/Ascend/ascend-toolkit/8.5.0.alpha002/tools/tikicpulib/lib/include/stub_def.h:121:7: error: typedef redefinition with different types ('uint16_t' (aka 'unsigned short') vs 'long long __attribute__((ext_vector_type(4)))')
using vector_bool = uint16_t; // preg index.
      ^
/usr/local/Ascend/ascend-toolkit/8.5.0.alpha002/aarch64-linux/ccec_compiler/lib/clang/15.0.5/include/__clang_cce_vector_types.h:130:19: note: previous definition is here
typedef long long vector_bool
                  ^
In file included from /home/data4t2/lelinfeng/cann-staging-liveness-x/route_support/STAGING-LIVENESS-X/V034/exact_source_kernel.cpp:8:
In file included from /home/data4t2/lelinfeng/cann-staging-liveness-x/本地实验/STAGING-LIVENESS-X/V034/src/submission.asc:3:
In file included from /usr/local/Ascend/ascend-toolkit/8.5.0.alpha002/tools/tikcpp/tikcfw/kernel_operator.h:18:
In file included from /usr/local/Ascend/ascend-toolkit/8.5.0.alpha002/tools/tikcpp/tikcfw/impl/kernel_tpipe_impl.h:22:
In file included from /usr/local/Ascend/ascend-toolkit/8.5.0.alpha002/tools/tikcpp/tikcfw/interface/kernel_tpipe.h:17:
In file included from /usr/local/Ascend/ascend-toolkit/8.5.0.alpha002/tools/tikcpp/tikcfw/impl/kernel_tpipe_base.h:17:
In file included from /usr/local/Ascend/ascend-toolkit/8.5.0.alpha002/tools/tikcpp/tikcfw/impl/kernel_tensor_impl.h:17:
In file included from /usr/local/Ascend/ascend-toolkit/8.5.0.alpha002/tools/tikcpp/tikcfw/interface/kernel_tensor.h:18:
In file included from /usr/local/Ascend/ascend-toolkit/8.5.0.alpha002/tools/tikcpp/tikcfw/impl/kernel_utils.h:17:
In file included from /usr/local/Ascend/ascend-toolkit/8.5.0.alpha002/tools/tikcpp/tikcfw/impl/utils/kernel_utils_macros.h:33:
In file included from /usr/local/Ascend/ascend-toolkit/8.5.0.alpha002/tools/tikcpp/tikcfw/impl/kernel_log.h:23:
/usr/local/Ascend/ascend-toolkit/8.5.0.alpha002/tools/tikicpulib/lib/include/stub_def.h:122:8: error: definition of type 'vector_address' conflicts with typedef of the same name
struct vector_address {
       ^
/usr/local/Ascend/ascend-toolkit/8.5.0.alpha002/aarch64-linux/ccec_compiler/lib/clang/15.0.5/include/__clang_cce_vector_types.h:158:18: note: 'vector_address' declared here
typedef uint32_t vector_address __attribute__((ext_vector_type(1)));
                 ^
In file included from /home/data4t2/lelinfeng/cann-staging-liveness-x/route_support/STAGING-LIVENESS-X/V034/exact_source_kernel.cpp:8:
In file included from /home/data4t2/lelinfeng/cann-staging-liveness-x/本地实验/STAGING-LIVENESS-X/V034/src/submission.asc:3:
In file included from /usr/local/Ascend/ascend-toolkit/8.5.0.alpha002/tools/tikcpp/tikcfw/kernel_operator.h:18:
In file included from /usr/local/Ascend/ascend-toolkit/8.5.0.alpha002/tools/tikcpp/tikcfw/impl/kernel_tpipe_impl.h:22:
In file included from /usr/local/Ascend/ascend-toolkit/8.5.0.alpha002/tools/tikcpp/tikcfw/interface/kernel_tpipe.h:17:
In file included from /usr/local/Ascend/ascend-toolkit/8.5.0.alpha002/tools/tikcpp/tikcfw/impl/kernel_tpipe_base.h:17:
In file included from /usr/local/Ascend/ascend-toolkit/8.5.0.alpha002/tools/tikcpp/tikcfw/impl/kernel_tensor_impl.h:17:
In file included from /usr/local/Ascend/ascend-toolkit/8.5.0.alpha002/tools/tikcpp/tikcfw/interface/kernel_tensor.h:18:
In file included from /usr/local/Ascend/ascend-toolkit/8.5.0.alpha002/tools/tikcpp/tikcfw/impl/kernel_utils.h:17:
In file included from /usr/local/Ascend/ascend-toolkit/8.5.0.alpha002/tools/tikcpp/tikcfw/impl/utils/kernel_utils_macros.h:33:
In file included from /usr/local/Ascend/ascend-toolkit/8.5.0.alpha002/tools/tikcpp/tikcfw/impl/kernel_log.h:23:
/usr/local/Ascend/ascend-toolkit/8.5.0.alpha002/tools/tikicpulib/lib/include/stub_def.h:132:7: error: typedef redefinition with different types ('std::array<int8_t, 32>' (aka 'array<signed char, 32>') vs 'struct vector_align')
using vector_align = std::array<int8_t, 32>;
      ^
/usr/local/Ascend/ascend-toolkit/8.5.0.alpha002/aarch64-linux/ccec_compiler/lib/clang/15.0.5/include/__clang_cce_vector_types.h:156:3: note: previous definition is here
} vector_align;
  ^
In file included from /home/data4t2/lelinfeng/cann-staging-liveness-x/route_support/STAGING-LIVENESS-X/V034/exact_source_kernel.cpp:8:
In file included from /home/data4t2/lelinfeng/cann-staging-liveness-x/本地实验/STAGING-LIVENESS-X/V034/src/submission.asc:3:
In file included from /usr/local/Ascend/ascend-toolkit/8.5.0.alpha002/tools/tikcpp/tikcfw/kernel_operator.h:18:
In file included from /usr/local/Ascend/ascend-toolkit/8.5.0.alpha002/tools/tikcpp/tikcfw/impl/kernel_tpipe_impl.h:22:
In file included from /usr/local/Ascend/ascend-toolkit/8.5.0.alpha002/tools/tikcpp/tikcfw/interface/kernel_tpipe.h:17:
In file included from /usr/local/Ascend/ascend-toolkit/8.5.0.alpha002/tools/tikcpp/tikcfw/impl/kernel_tpipe_base.h:17:
In file included from /usr/local/Ascend/ascend-toolkit/8.5.0.alpha002/tools/tikcpp/tikcfw/impl/kernel_tensor_impl.h:17:
In file included from /usr/local/Ascend/ascend-toolkit/8.5.0.alpha002/tools/tikcpp/tikcfw/interface/kernel_tensor.h:18:
In file included from /usr/local/Ascend/ascend-toolkit/8.5.0.alpha002/tools/tikcpp/tikcfw/impl/kernel_utils.h:17:
In file included from /usr/local/Ascend/ascend-toolkit/8.5.0.alpha002/tools/tikcpp/tikcfw/impl/utils/kernel_utils_macros.h:34:
In file included from /usr/local/Ascend/ascend-toolkit/8.5.0.alpha002/tools/tikcpp/tikcfw/impl/kernel_event.h:24:
/usr/local/Ascend/ascend-toolkit/8.5.0.alpha002/tools/tikicpulib/lib/include/stub_fun.h:14:5: error: redefinition of enumerator 'CRFMODE_NONE'
    CRFMODE_NONE = 0,
    ^
/usr/local/Ascend/ascend-toolkit/8.5.0.alpha002/aarch64-linux/ccec_compiler/lib/clang/15.0.5/include/cce_aicore_intrinsics.h:7:3: note: previous definition is here
  CRFMODE_NONE = 0,
  ^
In file included from /home/data4t2/lelinfeng/cann-staging-liveness-x/route_support/STAGING-LIVENESS-X/V034/exact_source_kernel.cpp:8:
In file included from /home/data4t2/lelinfeng/cann-staging-liveness-x/本地实验/STAGING-LIVENESS-X/V034/src/submission.asc:3:
In file included from /usr/local/Ascend/ascend-toolkit/8.5.0.alpha002/tools/tikcpp/tikcfw/kernel_operator.h:18:
In file included from /usr/local/Ascend/ascend-toolkit/8.5.0.alpha002/tools/tikcpp/tikcfw/impl/kernel_tpipe_impl.h:22:
In file included from /usr/local/Ascend/ascend-toolkit/8.5.0.alpha002/tools/tikcpp/tikcfw/interface/kernel_tpipe.h:17:
In file included from /usr/local/Ascend/ascend-toolkit/8.5.0.alpha002/tools/tikcpp/tikcfw/impl/kernel_tpipe_base.h:17:
In file included from /usr/local/Ascend/ascend-toolkit/8.5.0.alpha002/tools/tikcpp/tikcfw/impl/kernel_tensor_impl.h:17:
In file included from /usr/local/Ascend/ascend-toolkit/8.5.0.alpha002/tools/tikcpp/tikcfw/interface/kernel_tensor.h:18:
In file included from /usr/local/Ascend/ascend-toolkit/8.5.0.alpha002/tools/tikcpp/tikcfw/impl/kernel_utils.h:17:
In file included from /usr/local/Ascend/ascend-toolkit/8.5.0.alpha002/tools/tikcpp/tikcfw/impl/utils/kernel_utils_macros.h:34:
In file included from /usr/local/Ascend/ascend-toolkit/8.5.0.alpha002/tools/tikcpp/tikcfw/impl/kernel_event.h:24:
/usr/local/Ascend/ascend-toolkit/8.5.0.alpha002/tools/tikicpulib/lib/include/stub_fun.h:15:5: error: redefinition of enumerator 'CRFMODE_DEQSCALE_VDEQ8'
    CRFMODE_DEQSCALE_VDEQ8 = 8,
    ^
/usr/local/Ascend/ascend-toolkit/8.5.0.alpha002/aarch64-linux/ccec_compiler/lib/clang/15.0.5/include/cce_aicore_intrinsics.h:8:3: note: previous definition is here
  CRFMODE_DEQSCALE_VDEQ8 = 8,
  ^
fatal error: too many errors emitted, stopping now [-ferror-limit=]
In file included from /home/data4t2/lelinfeng/cann-staging-liveness-x/route_support/STAGING-LIVENESS-X/V034/exact_source_kernel.cpp:8:
In file included from /home/data4t2/lelinfeng/cann-staging-liveness-x/本地实验/STAGING-LIVENESS-X/V034/src/submission.asc:3:
In file included from /usr/local/Ascend/ascend-toolkit/8.5.0.alpha002/tools/tikcpp/tikcfw/kernel_operator.h:18:
In file included from /usr/local/Ascend/ascend-toolkit/8.5.0.alpha002/tools/tikcpp/tikcfw/impl/kernel_tpipe_impl.h:22:
In file included from /usr/local/Ascend/ascend-toolkit/8.5.0.alpha002/tools/tikcpp/tikcfw/interface/kernel_tpipe.h:17:
In file included from /usr/local/Ascend/ascend-toolkit/8.5.0.alpha002/tools/tikcpp/tikcfw/impl/kernel_tpipe_base.h:17:
In file included from /usr/local/Ascend/ascend-toolkit/8.5.0.alpha002/tools/tikcpp/tikcfw/impl/kernel_tensor_impl.h:17:
In file included from /usr/local/Ascend/ascend-toolkit/8.5.0.alpha002/tools/tikcpp/tikcfw/interface/kernel_tensor.h:18:
In file included from /usr/local/Ascend/ascend-toolkit/8.5.0.alpha002/tools/tikcpp/tikcfw/impl/kernel_utils.h:17:
In file included from /usr/local/Ascend/ascend-toolkit/8.5.0.alpha002/tools/tikcpp/tikcfw/impl/utils/kernel_utils_macros.h:33:
In file included from /usr/local/Ascend/ascend-toolkit/8.5.0.alpha002/tools/tikcpp/tikcfw/impl/kernel_log.h:23:
In file included from /usr/local/Ascend/ascend-toolkit/8.5.0.alpha002/tools/tikicpulib/lib/include/stub_def.h:25:
/usr/local/Ascend/ascend-toolkit/8.5.0.alpha002/tools/tikicpulib/lib/include/kernel_fp16.h:225:8: error: definition of type 'half' conflicts with typedef of the same name
struct half {
       ^
/usr/local/Ascend/ascend-toolkit/8.5.0.alpha002/aarch64-linux/ccec_compiler/lib/clang/15.0.5/include/__clang_cce_runtime_wrapper.h:146:20: note: 'half' declared here
typedef __cce_half half;
                   ^
In file included from /home/data4t2/lelinfeng/cann-staging-liveness-x/route_support/STAGING-LIVENESS-X/V034/exact_source_kernel.cpp:8:
In file included from /home/data4t2/lelinfeng/cann-staging-liveness-x/本地实验/STAGING-LIVENESS-X/V034/src/submission.asc:3:
In file included from /usr/local/Ascend/ascend-toolkit/8.5.0.alpha002/tools/tikcpp/tikcfw/kernel_operator.h:18:
In file included from /usr/local/Ascend/ascend-toolkit/8.5.0.alpha002/tools/tikcpp/tikcfw/impl/kernel_tpipe_impl.h:22:
In file included from /usr/local/Ascend/ascend-toolkit/8.5.0.alpha002/tools/tikcpp/tikcfw/interface/kernel_tpipe.h:17:
In file included from /usr/local/Ascend/ascend-toolkit/8.5.0.alpha002/tools/tikcpp/tikcfw/impl/kernel_tpipe_base.h:17:
In file included from /usr/local/Ascend/ascend-toolkit/8.5.0.alpha002/tools/tikcpp/tikcfw/impl/kernel_tensor_impl.h:17:
In file included from /usr/local/Ascend/ascend-toolkit/8.5.0.alpha002/tools/tikcpp/tikcfw/interface/kernel_tensor.h:18:
In file included from /usr/local/Ascend/ascend-toolkit/8.5.0.alpha002/tools/tikcpp/tikcfw/impl/kernel_utils.h:17:
In file included from /usr/local/Ascend/ascend-toolkit/8.5.0.alpha002/tools/tikcpp/tikcfw/impl/utils/kernel_utils_macros.h:33:
In file included from /usr/local/Ascend/ascend-toolkit/8.5.0.alpha002/tools/tikcpp/tikcfw/impl/kernel_log.h:23:
In file included from /usr/local/Ascend/ascend-toolkit/8.5.0.alpha002/tools/tikicpulib/lib/include/stub_def.h:26:
/usr/local/Ascend/ascend-toolkit/8.5.0.alpha002/tools/tikicpulib/lib/include/kernel_bf16.h:225:7: error: typedef redefinition with different types ('bfloat16::Bf16T' vs '__bf16')
using bfloat16_t = bfloat16::Bf16T;
      ^
/usr/local/Ascend/ascend-toolkit/8.5.0.alpha002/aarch64-linux/ccec_compiler/lib/clang/15.0.5/include/__clang_cce_types.h:33:16: note: previous definition is here
typedef __bf16 bfloat16_t;
               ^
In file included from /home/data4t2/lelinfeng/cann-staging-liveness-x/route_support/STAGING-LIVENESS-X/V034/exact_source_kernel.cpp:8:
In file included from /home/data4t2/lelinfeng/cann-staging-liveness-x/本地实验/STAGING-LIVENESS-X/V034/src/submission.asc:3:
In file included from /usr/local/Ascend/ascend-toolkit/8.5.0.alpha002/tools/tikcpp/tikcfw/kernel_operator.h:18:
In file included from /usr/local/Ascend/ascend-toolkit/8.5.0.alpha002/tools/tikcpp/tikcfw/impl/kernel_tpipe_impl.h:22:
In file included from /usr/local/Ascend/ascend-toolkit/8.5.0.alpha002/tools/tikcpp/tikcfw/interface/kernel_tpipe.h:17:
In file included from /usr/local/Ascend/ascend-toolkit/8.5.0.alpha002/tools/tikcpp/tikcfw/impl/kernel_tpipe_base.h:17:
In file included from /usr/local/Ascend/ascend-toolkit/8.5.0.alpha002/tools/tikcpp/tikcfw/impl/kernel_tensor_impl.h:17:
In file included from /usr/local/Ascend/ascend-toolkit/8.5.0.alpha002/tools/tikcpp/tikcfw/interface/kernel_tensor.h:18:
In file included from /usr/local/Ascend/ascend-toolkit/8.5.0.alpha002/tools/tikcpp/tikcfw/impl/kernel_utils.h:17:
In file included from /usr/local/Ascend/ascend-toolkit/8.5.0.alpha002/tools/tikcpp/tikcfw/impl/utils/kernel_utils_macros.h:33:
In file included from /usr/local/Ascend/ascend-toolkit/8.5.0.alpha002/tools/tikcpp/tikcfw/impl/kernel_log.h:23:
/usr/local/Ascend/ascend-toolkit/8.5.0.alpha002/tools/tikicpulib/lib/include/stub_def.h:36:9: warning: '__global__' macro redefined [-Wmacro-redefined]
#define __global__
        ^
/usr/local/Ascend/ascend-toolkit/8.5.0.alpha002/aarch64-linux/ccec_compiler/lib/clang/15.0.5/include/__clang_cce_defines.h:31:9: note: previous definition is here
#define __global__ __attribute__((cce_kernel))
        ^
In file included from /home/data4t2/lelinfeng/cann-staging-liveness-x/route_support/STAGING-LIVENESS-X/V034/exact_source_kernel.cpp:8:
In file included from /home/data4t2/lelinfeng/cann-staging-liveness-x/本地实验/STAGING-LIVENESS-X/V034/src/submission.asc:3:
In file included from /usr/local/Ascend/ascend-toolkit/8.5.0.alpha002/tools/tikcpp/tikcfw/kernel_operator.h:18:
In file included from /usr/local/Ascend/ascend-toolkit/8.5.0.alpha002/tools/tikcpp/tikcfw/impl/kernel_tpipe_impl.h:22:
In file included from /usr/local/Ascend/ascend-toolkit/8.5.0.alpha002/tools/tikcpp/tikcfw/interface/kernel_tpipe.h:17:
In file included from /usr/local/Ascend/ascend-toolkit/8.5.0.alpha002/tools/tikcpp/tikcfw/impl/kernel_tpipe_base.h:17:
In file included from /usr/local/Ascend/ascend-toolkit/8.5.0.alpha002/tools/tikcpp/tikcfw/impl/kernel_tensor_impl.h:17:
In file included from /usr/local/Ascend/ascend-toolkit/8.5.0.alpha002/tools/tikcpp/tikcfw/interface/kernel_tensor.h:18:
In file included from /usr/local/Ascend/ascend-toolkit/8.5.0.alpha002/tools/tikcpp/tikcfw/impl/kernel_utils.h:17:
In file included from /usr/local/Ascend/ascend-toolkit/8.5.0.alpha002/tools/tikcpp/tikcfw/impl/utils/kernel_utils_macros.h:33:
In file included from /usr/local/Ascend/ascend-toolkit/8.5.0.alpha002/tools/tikcpp/tikcfw/impl/kernel_log.h:23:
/usr/local/Ascend/ascend-toolkit/8.5.0.alpha002/tools/tikicpulib/lib/include/stub_def.h:39:9: warning: '__VEC_SCOPE__' macro redefined [-Wmacro-redefined]
#define __VEC_SCOPE__
        ^
<built-in>:382:9: note: previous definition is here
#define __VEC_SCOPE__ if(false)
        ^
In file included from /home/data4t2/lelinfeng/cann-staging-liveness-x/route_support/STAGING-LIVENESS-X/V034/exact_source_kernel.cpp:8:
In file included from /home/data4t2/lelinfeng/cann-staging-liveness-x/本地实验/STAGING-LIVENESS-X/V034/src/submission.asc:3:
In file included from /usr/local/Ascend/ascend-toolkit/8.5.0.alpha002/tools/tikcpp/tikcfw/kernel_operator.h:18:
In file included from /usr/local/Ascend/ascend-toolkit/8.5.0.alpha002/tools/tikcpp/tikcfw/impl/kernel_tpipe_impl.h:22:
In file included from /usr/local/Ascend/ascend-toolkit/8.5.0.alpha002/tools/tikcpp/tikcfw/interface/kernel_tpipe.h:17:
In file included from /usr/local/Ascend/ascend-toolkit/8.5.0.alpha002/tools/tikcpp/tikcfw/impl/kernel_tpipe_base.h:17:
In file included from /usr/local/Ascend/ascend-toolkit/8.5.0.alpha002/tools/tikcpp/tikcfw/impl/kernel_tensor_impl.h:17:
In file included from /usr/local/Ascend/ascend-toolkit/8.5.0.alpha002/tools/tikcpp/tikcfw/interface/kernel_tensor.h:18:
In file included from /usr/local/Ascend/ascend-toolkit/8.5.0.alpha002/tools/tikcpp/tikcfw/impl/kernel_utils.h:17:
In file included from /usr/local/Ascend/ascend-toolkit/8.5.0.alpha002/tools/tikcpp/tikcfw/impl/utils/kernel_utils_macros.h:33:
In file included from /usr/local/Ascend/ascend-toolkit/8.5.0.alpha002/tools/tikcpp/tikcfw/impl/kernel_log.h:23:
/usr/local/Ascend/ascend-toolkit/8.5.0.alpha002/tools/tikicpulib/lib/include/stub_def.h:42:9: warning: '__gm__' macro redefined [-Wmacro-redefined]
#define __gm__
        ^
/usr/local/Ascend/ascend-toolkit/8.5.0.alpha002/aarch64-linux/ccec_compiler/lib/clang/15.0.5/include/__clang_cce_defines.h:47:9: note: previous definition is here
#define __gm__ __attribute__((cce_global))
        ^
In file included from /home/data4t2/lelinfeng/cann-staging-liveness-x/route_support/STAGING-LIVENESS-X/V034/exact_source_kernel.cpp:8:
In file included from /home/data4t2/lelinfeng/cann-staging-liveness-x/本地实验/STAGING-LIVENESS-X/V034/src/submission.asc:3:
In file included from /usr/local/Ascend/ascend-toolkit/8.5.0.alpha002/tools/tikcpp/tikcfw/kernel_operator.h:18:
In file included from /usr/local/Ascend/ascend-toolkit/8.5.0.alpha002/tools/tikcpp/tikcfw/impl/kernel_tpipe_impl.h:22:
In file included from /usr/local/Ascend/ascend-toolkit/8.5.0.alpha002/tools/tikcpp/tikcfw/interface/kernel_tpipe.h:17:
In file included from /usr/local/Ascend/ascend-toolkit/8.5.0.alpha002/tools/tikcpp/tikcfw/impl/kernel_tpipe_base.h:17:
In file included from /usr/local/Ascend/ascend-toolkit/8.5.0.alpha002/tools/tikcpp/tikcfw/impl/kernel_tensor_impl.h:17:
In file included from /usr/local/Ascend/ascend-toolkit/8.5.0.alpha002/tools/tikcpp/tikcfw/interface/kernel_tensor.h:18:
In file included from /usr/local/Ascend/ascend-toolkit/8.5.0.alpha002/tools/tikcpp/tikcfw/impl/kernel_utils.h:17:
In file included from /usr/local/Ascend/ascend-toolkit/8.5.0.alpha002/tools/tikcpp/tikcfw/impl/utils/kernel_utils_macros.h:33:
In file included from /usr/local/Ascend/ascend-toolkit/8.5.0.alpha002/tools/tikcpp/tikcfw/impl/kernel_log.h:23:
/usr/local/Ascend/ascend-toolkit/8.5.0.alpha002/tools/tikicpulib/lib/include/stub_def.h:43:9: warning: '__cbuf__' macro redefined [-Wmacro-redefined]
#define __cbuf__
        ^
/usr/local/Ascend/ascend-toolkit/8.5.0.alpha002/aarch64-linux/ccec_compiler/lib/clang/15.0.5/include/__clang_cce_defines.h:52:9: note: previous definition is here
#define __cbuf__ __attribute__((cce_cube_buff))
        ^
In file included from /home/data4t2/lelinfeng/cann-staging-liveness-x/route_support/STAGING-LIVENESS-X/V034/exact_source_kernel.cpp:8:
In file included from /home/data4t2/lelinfeng/cann-staging-liveness-x/本地实验/STAGING-LIVENESS-X/V034/src/submission.asc:3:
In file included from /usr/local/Ascend/ascend-toolkit/8.5.0.alpha002/tools/tikcpp/tikcfw/kernel_operator.h:18:
In file included from /usr/local/Ascend/ascend-toolkit/8.5.0.alpha002/tools/tikcpp/tikcfw/impl/kernel_tpipe_impl.h:22:
In file included from /usr/local/Ascend/ascend-toolkit/8.5.0.alpha002/tools/tikcpp/tikcfw/interface/kernel_tpipe.h:17:
In file included from /usr/local/Ascend/ascend-toolkit/8.5.0.alpha002/tools/tikcpp/tikcfw/impl/kernel_tpipe_base.h:17:
In file included from /usr/local/Ascend/ascend-toolkit/8.5.0.alpha002/tools/tikcpp/tikcfw/impl/kernel_tensor_impl.h:17:
In file included from /usr/local/Ascend/ascend-toolkit/8.5.0.alpha002/tools/tikcpp/tikcfw/interface/kernel_tensor.h:18:
In file included from /usr/local/Ascend/ascend-toolkit/8.5.0.alpha002/tools/tikcpp/tikcfw/impl/kernel_utils.h:17:
In file included from /usr/local/Ascend/ascend-toolkit/8.5.0.alpha002/tools/tikcpp/tikcfw/impl/utils/kernel_utils_macros.h:33:
In file included from /usr/local/Ascend/ascend-toolkit/8.5.0.alpha002/tools/tikcpp/tikcfw/impl/kernel_log.h:23:
/usr/local/Ascend/ascend-toolkit/8.5.0.alpha002/tools/tikicpulib/lib/include/stub_def.h:44:9: warning: '__ubuf__' macro redefined [-Wmacro-redefined]
#define __ubuf__
        ^
/usr/local/Ascend/ascend-toolkit/8.5.0.alpha002/aarch64-linux/ccec_compiler/lib/clang/15.0.5/include/__clang_cce_defines.h:51:9: note: previous definition is here
#define __ubuf__ __attribute__((cce_unif_buff))
        ^
In file included from /home/data4t2/lelinfeng/cann-staging-liveness-x/route_support/STAGING-LIVENESS-X/V034/exact_source_kernel.cpp:8:
In file included from /home/data4t2/lelinfeng/cann-staging-liveness-x/本地实验/STAGING-LIVENESS-X/V034/src/submission.asc:3:
In file included from /usr/local/Ascend/ascend-toolkit/8.5.0.alpha002/tools/tikcpp/tikcfw/kernel_operator.h:18:
In file included from /usr/local/Ascend/ascend-toolkit/8.5.0.alpha002/tools/tikcpp/tikcfw/impl/kernel_tpipe_impl.h:22:
In file included from /usr/local/Ascend/ascend-toolkit/8.5.0.alpha002/tools/tikcpp/tikcfw/interface/kernel_tpipe.h:17:
In file included from /usr/local/Ascend/ascend-toolkit/8.5.0.alpha002/tools/tikcpp/tikcfw/impl/kernel_tpipe_base.h:17:
In file included from /usr/local/Ascend/ascend-toolkit/8.5.0.alpha002/tools/tikcpp/tikcfw/impl/kernel_tensor_impl.h:17:
In file included from /usr/local/Ascend/ascend-toolkit/8.5.0.alpha002/tools/tikcpp/tikcfw/interface/kernel_tensor.h:18:
In file included from /usr/local/Ascend/ascend-toolkit/8.5.0.alpha002/tools/tikcpp/tikcfw/impl/kernel_utils.h:17:
In file included from /usr/local/Ascend/ascend-toolkit/8.5.0.alpha002/tools/tikcpp/tikcfw/impl/utils/kernel_utils_macros.h:33:
In file included from /usr/local/Ascend/ascend-toolkit/8.5.0.alpha002/tools/tikcpp/tikcfw/impl/kernel_log.h:23:
/usr/local/Ascend/ascend-toolkit/8.5.0.alpha002/tools/tikicpulib/lib/include/stub_def.h:45:9: warning: '__cc__' macro redefined [-Wmacro-redefined]
#define __cc__
        ^
/usr/local/Ascend/ascend-toolkit/8.5.0.alpha002/aarch64-linux/ccec_compiler/lib/clang/15.0.5/include/__clang_cce_defines.h:50:9: note: previous definition is here
#define __cc__ __attribute__((cce_cube_c))
        ^
In file included from /home/data4t2/lelinfeng/cann-staging-liveness-x/route_support/STAGING-LIVENESS-X/V034/exact_source_kernel.cpp:8:
In file included from /home/data4t2/lelinfeng/cann-staging-liveness-x/本地实验/STAGING-LIVENESS-X/V034/src/submission.asc:3:
In file included from /usr/local/Ascend/ascend-toolkit/8.5.0.alpha002/tools/tikcpp/tikcfw/kernel_operator.h:18:
In file included from /usr/local/Ascend/ascend-toolkit/8.5.0.alpha002/tools/tikcpp/tikcfw/impl/kernel_tpipe_impl.h:22:
In file included from /usr/local/Ascend/ascend-toolkit/8.5.0.alpha002/tools/tikcpp/tikcfw/interface/kernel_tpipe.h:17:
In file included from /usr/local/Ascend/ascend-toolkit/8.5.0.alpha002/tools/tikcpp/tikcfw/impl/kernel_tpipe_base.h:17:
In file included from /usr/local/Ascend/ascend-toolkit/8.5.0.alpha002/tools/tikcpp/tikcfw/impl/kernel_tensor_impl.h:17:
In file included from /usr/local/Ascend/ascend-toolkit/8.5.0.alpha002/tools/tikcpp/tikcfw/interface/kernel_tensor.h:18:
In file included from /usr/local/Ascend/ascend-toolkit/8.5.0.alpha002/tools/tikcpp/tikcfw/impl/kernel_utils.h:17:
In file included from /usr/local/Ascend/ascend-toolkit/8.5.0.alpha002/tools/tikcpp/tikcfw/impl/utils/kernel_utils_macros.h:33:
In file included from /usr/local/Ascend/ascend-toolkit/8.5.0.alpha002/tools/tikcpp/tikcfw/impl/kernel_log.h:23:
/usr/local/Ascend/ascend-toolkit/8.5.0.alpha002/tools/tikicpulib/lib/include/stub_def.h:46:9: warning: '__ca__' macro redefined [-Wmacro-redefined]
#define __ca__
        ^
/usr/local/Ascend/ascend-toolkit/8.5.0.alpha002/aarch64-linux/ccec_compiler/lib/clang/15.0.5/include/__clang_cce_defines.h:48:9: note: previous definition is here
#define __ca__ __attribute__((cce_cube_a))
        ^
In file included from /home/data4t2/lelinfeng/cann-staging-liveness-x/route_support/STAGING-LIVENESS-X/V034/exact_source_kernel.cpp:8:
In file included from /home/data4t2/lelinfeng/cann-staging-liveness-x/本地实验/STAGING-LIVENESS-X/V034/src/submission.asc:3:
In file included from /usr/local/Ascend/ascend-toolkit/8.5.0.alpha002/tools/tikcpp/tikcfw/kernel_operator.h:18:
In file included from /usr/local/Ascend/ascend-toolkit/8.5.0.alpha002/tools/tikcpp/tikcfw/impl/kernel_tpipe_impl.h:22:
In file included from /usr/local/Ascend/ascend-toolkit/8.5.0.alpha002/tools/tikcpp/tikcfw/interface/kernel_tpipe.h:17:
In file included from /usr/local/Ascend/ascend-toolkit/8.5.0.alpha002/tools/tikcpp/tikcfw/impl/kernel_tpipe_base.h:17:
In file included from /usr/local/Ascend/ascend-toolkit/8.5.0.alpha002/tools/tikcpp/tikcfw/impl/kernel_tensor_impl.h:17:
In file included from /usr/local/Ascend/ascend-toolkit/8.5.0.alpha002/tools/tikcpp/tikcfw/interface/kernel_tensor.h:18:
In file included from /usr/local/Ascend/ascend-toolkit/8.5.0.alpha002/tools/tikcpp/tikcfw/impl/kernel_utils.h:17:
In file included from /usr/local/Ascend/ascend-toolkit/8.5.0.alpha002/tools/tikcpp/tikcfw/impl/utils/kernel_utils_macros.h:33:
In file included from /usr/local/Ascend/ascend-toolkit/8.5.0.alpha002/tools/tikcpp/tikcfw/impl/kernel_log.h:23:
/usr/local/Ascend/ascend-toolkit/8.5.0.alpha002/tools/tikicpulib/lib/include/stub_def.h:47:9: warning: '__cb__' macro redefined [-Wmacro-redefined]
#define __cb__
        ^
/usr/local/Ascend/ascend-toolkit/8.5.0.alpha002/aarch64-linux/ccec_compiler/lib/clang/15.0.5/include/__clang_cce_defines.h:49:9: note: previous definition is here
#define __cb__ __attribute__((cce_cube_b))
        ^
In file included from /home/data4t2/lelinfeng/cann-staging-liveness-x/route_support/STAGING-LIVENESS-X/V034/exact_source_kernel.cpp:8:
In file included from /home/data4t2/lelinfeng/cann-staging-liveness-x/本地实验/STAGING-LIVENESS-X/V034/src/submission.asc:3:
In file included from /usr/local/Ascend/ascend-toolkit/8.5.0.alpha002/tools/tikcpp/tikcfw/kernel_operator.h:18:
In file included from /usr/local/Ascend/ascend-toolkit/8.5.0.alpha002/tools/tikcpp/tikcfw/impl/kernel_tpipe_impl.h:22:
In file included from /usr/local/Ascend/ascend-toolkit/8.5.0.alpha002/tools/tikcpp/tikcfw/interface/kernel_tpipe.h:17:
In file included from /usr/local/Ascend/ascend-toolkit/8.5.0.alpha002/tools/tikcpp/tikcfw/impl/kernel_tpipe_base.h:17:
In file included from /usr/local/Ascend/ascend-toolkit/8.5.0.alpha002/tools/tikcpp/tikcfw/impl/kernel_tensor_impl.h:17:
In file included from /usr/local/Ascend/ascend-toolkit/8.5.0.alpha002/tools/tikcpp/tikcfw/interface/kernel_tensor.h:18:
In file included from /usr/local/Ascend/ascend-toolkit/8.5.0.alpha002/tools/tikcpp/tikcfw/impl/kernel_utils.h:17:
In file included from /usr/local/Ascend/ascend-toolkit/8.5.0.alpha002/tools/tikcpp/tikcfw/impl/utils/kernel_utils_macros.h:33:
In file included from /usr/local/Ascend/ascend-toolkit/8.5.0.alpha002/tools/tikcpp/tikcfw/impl/kernel_log.h:23:
/usr/local/Ascend/ascend-toolkit/8.5.0.alpha002/tools/tikicpulib/lib/include/stub_def.h:48:9: warning: '__fbuf__' macro redefined [-Wmacro-redefined]
#define __fbuf__
        ^
/usr/local/Ascend/ascend-toolkit/8.5.0.alpha002/aarch64-linux/ccec_compiler/lib/clang/15.0.5/include/__clang_cce_defines.h:53:9: note: previous definition is here
#define __fbuf__ __attribute__((cce_fixpipe_buff))
        ^
In file included from /home/data4t2/lelinfeng/cann-staging-liveness-x/route_support/STAGING-LIVENESS-X/V034/exact_source_kernel.cpp:8:
In file included from /home/data4t2/lelinfeng/cann-staging-liveness-x/本地实验/STAGING-LIVENESS-X/V034/src/submission.asc:3:
In file included from /usr/local/Ascend/ascend-toolkit/8.5.0.alpha002/tools/tikcpp/tikcfw/kernel_operator.h:18:
In file included from /usr/local/Ascend/ascend-toolkit/8.5.0.alpha002/tools/tikcpp/tikcfw/impl/kernel_tpipe_impl.h:22:
In file included from /usr/local/Ascend/ascend-toolkit/8.5.0.alpha002/tools/tikcpp/tikcfw/interface/kernel_tpipe.h:17:
In file included from /usr/local/Ascend/ascend-toolkit/8.5.0.alpha002/tools/tikcpp/tikcfw/impl/kernel_tpipe_base.h:17:
In file included from /usr/local/Ascend/ascend-toolkit/8.5.0.alpha002/tools/tikcpp/tikcfw/impl/kernel_tensor_impl.h:17:
In file included from /usr/local/Ascend/ascend-toolkit/8.5.0.alpha002/tools/tikcpp/tikcfw/interface/kernel_tensor.h:18:
In file included from /usr/local/Ascend/ascend-toolkit/8.5.0.alpha002/tools/tikcpp/tikcfw/impl/kernel_utils.h:17:
In file included from /usr/local/Ascend/ascend-toolkit/8.5.0.alpha002/tools/tikcpp/tikcfw/impl/utils/kernel_utils_macros.h:33:
In file included from /usr/local/Ascend/ascend-toolkit/8.5.0.alpha002/tools/tikcpp/tikcfw/impl/kernel_log.h:23:
/usr/local/Ascend/ascend-toolkit/8.5.0.alpha002/tools/tikicpulib/lib/include/stub_def.h:49:9: warning: '__sync_noalias__' macro redefined [-Wmacro-redefined]
#define __sync_noalias__
        ^
/usr/local/Ascend/ascend-toolkit/8.5.0.alpha002/aarch64-linux/ccec_compiler/lib/clang/15.0.5/include/__clang_cce_defines.h:12:9: note: previous definition is here
#define __sync_noalias__ __attribute__((sync_noalias))
        ^
In file included from /home/data4t2/lelinfeng/cann-staging-liveness-x/route_support/STAGING-LIVENESS-X/V034/exact_source_kernel.cpp:8:
In file included from /home/data4t2/lelinfeng/cann-staging-liveness-x/本地实验/STAGING-LIVENESS-X/V034/src/submission.asc:3:
In file included from /usr/local/Ascend/ascend-toolkit/8.5.0.alpha002/tools/tikcpp/tikcfw/kernel_operator.h:18:
In file included from /usr/local/Ascend/ascend-toolkit/8.5.0.alpha002/tools/tikcpp/tikcfw/impl/kernel_tpipe_impl.h:22:
In file included from /usr/local/Ascend/ascend-toolkit/8.5.0.alpha002/tools/tikcpp/tikcfw/interface/kernel_tpipe.h:17:
In file included from /usr/local/Ascend/ascend-toolkit/8.5.0.alpha002/tools/tikcpp/tikcfw/impl/kernel_tpipe_base.h:17:
In file included from /usr/local/Ascend/ascend-toolkit/8.5.0.alpha002/tools/tikcpp/tikcfw/impl/kernel_tensor_impl.h:17:
In file included from /usr/local/Ascend/ascend-toolkit/8.5.0.alpha002/tools/tikcpp/tikcfw/interface/kernel_tensor.h:18:
In file included from /usr/local/Ascend/ascend-toolkit/8.5.0.alpha002/tools/tikcpp/tikcfw/impl/kernel_utils.h:17:
In file included from /usr/local/Ascend/ascend-toolkit/8.5.0.alpha002/tools/tikcpp/tikcfw/impl/utils/kernel_utils_macros.h:33:
In file included from /usr/local/Ascend/ascend-toolkit/8.5.0.alpha002/tools/tikcpp/tikcfw/impl/kernel_log.h:23:
/usr/local/Ascend/ascend-toolkit/8.5.0.alpha002/tools/tikicpulib/lib/include/stub_def.h:50:9: warning: '__sync_alias__' macro redefined [-Wmacro-redefined]
#define __sync_alias__
        ^
/usr/local/Ascend/ascend-toolkit/8.5.0.alpha002/aarch64-linux/ccec_compiler/lib/clang/15.0.5/include/__clang_cce_defines.h:14:9: note: previous definition is here
#define __sync_alias__ __attribute__((sync_alias))
        ^
In file included from /home/data4t2/lelinfeng/cann-staging-liveness-x/route_support/STAGING-LIVENESS-X/V034/exact_source_kernel.cpp:8:
In file included from /home/data4t2/lelinfeng/cann-staging-liveness-x/本地实验/STAGING-LIVENESS-X/V034/src/submission.asc:3:
In file included from /usr/local/Ascend/ascend-toolkit/8.5.0.alpha002/tools/tikcpp/tikcfw/kernel_operator.h:18:
In file included from /usr/local/Ascend/ascend-toolkit/8.5.0.alpha002/tools/tikcpp/tikcfw/impl/kernel_tpipe_impl.h:22:
In file included from /usr/local/Ascend/ascend-toolkit/8.5.0.alpha002/tools/tikcpp/tikcfw/interface/kernel_tpipe.h:17:
In file included from /usr/local/Ascend/ascend-toolkit/8.5.0.alpha002/tools/tikcpp/tikcfw/impl/kernel_tpipe_base.h:17:
In file included from /usr/local/Ascend/ascend-toolkit/8.5.0.alpha002/tools/tikcpp/tikcfw/impl/kernel_tensor_impl.h:17:
In file included from /usr/local/Ascend/ascend-toolkit/8.5.0.alpha002/tools/tikcpp/tikcfw/interface/kernel_tensor.h:18:
In file included from /usr/local/Ascend/ascend-toolkit/8.5.0.alpha002/tools/tikcpp/tikcfw/impl/kernel_utils.h:17:
In file included from /usr/local/Ascend/ascend-toolkit/8.5.0.alpha002/tools/tikcpp/tikcfw/impl/utils/kernel_utils_macros.h:33:
In file included from /usr/local/Ascend/ascend-toolkit/8.5.0.alpha002/tools/tikcpp/tikcfw/impl/kernel_log.h:23:
/usr/local/Ascend/ascend-toolkit/8.5.0.alpha002/tools/tikicpulib/lib/include/stub_def.h:51:9: warning: '__check_sync_alias__' macro redefined [-Wmacro-redefined]
#define __check_sync_alias__
        ^
/usr/local/Ascend/ascend-toolkit/8.5.0.alpha002/aarch64-linux/ccec_compiler/lib/clang/15.0.5/include/__clang_cce_defines.h:16:9: note: previous definition is here
#define __check_sync_alias__ __attribute__((check_sync_alias))
        ^
In file included from /home/data4t2/lelinfeng/cann-staging-liveness-x/route_support/STAGING-LIVENESS-X/V034/exact_source_kernel.cpp:8:
In file included from /home/data4t2/lelinfeng/cann-staging-liveness-x/本地实验/STAGING-LIVENESS-X/V034/src/submission.asc:3:
In file included from /usr/local/Ascend/ascend-toolkit/8.5.0.alpha002/tools/tikcpp/tikcfw/kernel_operator.h:18:
In file included from /usr/local/Ascend/ascend-toolkit/8.5.0.alpha002/tools/tikcpp/tikcfw/impl/kernel_tpipe_impl.h:22:
In file included from /usr/local/Ascend/ascend-toolkit/8.5.0.alpha002/tools/tikcpp/tikcfw/interface/kernel_tpipe.h:17:
In file included from /usr/local/Ascend/ascend-toolkit/8.5.0.alpha002/tools/tikcpp/tikcfw/impl/kernel_tpipe_base.h:17:
In file included from /usr/local/Ascend/ascend-toolkit/8.5.0.alpha002/tools/tikcpp/tikcfw/impl/kernel_tensor_impl.h:17:
In file included from /usr/local/Ascend/ascend-toolkit/8.5.0.alpha002/tools/tikcpp/tikcfw/interface/kernel_tensor.h:18:
In file included from /usr/local/Ascend/ascend-toolkit/8.5.0.alpha002/tools/tikcpp/tikcfw/impl/kernel_utils.h:17:
In file included from /usr/local/Ascend/ascend-toolkit/8.5.0.alpha002/tools/tikcpp/tikcfw/impl/utils/kernel_utils_macros.h:33:
In file included from /usr/local/Ascend/ascend-toolkit/8.5.0.alpha002/tools/tikcpp/tikcfw/impl/kernel_log.h:23:
/usr/local/Ascend/ascend-toolkit/8.5.0.alpha002/tools/tikicpulib/lib/include/stub_def.h:52:9: warning: '__sync_out__' macro redefined [-Wmacro-redefined]
#define __sync_out__
        ^
/usr/local/Ascend/ascend-toolkit/8.5.0.alpha002/aarch64-linux/ccec_compiler/lib/clang/15.0.5/include/__clang_cce_defines.h:20:9: note: previous definition is here
#define __sync_out__ __attribute__((sync_out))
        ^
In file included from /home/data4t2/lelinfeng/cann-staging-liveness-x/route_support/STAGING-LIVENESS-X/V034/exact_source_kernel.cpp:8:
In file included from /home/data4t2/lelinfeng/cann-staging-liveness-x/本地实验/STAGING-LIVENESS-X/V034/src/submission.asc:3:
In file included from /usr/local/Ascend/ascend-toolkit/8.5.0.alpha002/tools/tikcpp/tikcfw/kernel_operator.h:18:
In file included from /usr/local/Ascend/ascend-toolkit/8.5.0.alpha002/tools/tikcpp/tikcfw/impl/kernel_tpipe_impl.h:22:
In file included from /usr/local/Ascend/ascend-toolkit/8.5.0.alpha002/tools/tikcpp/tikcfw/interface/kernel_tpipe.h:17:
In file included from /usr/local/Ascend/ascend-toolkit/8.5.0.alpha002/tools/tikcpp/tikcfw/impl/kernel_tpipe_base.h:17:
In file included from /usr/local/Ascend/ascend-toolkit/8.5.0.alpha002/tools/tikcpp/tikcfw/impl/kernel_tensor_impl.h:17:
In file included from /usr/local/Ascend/ascend-toolkit/8.5.0.alpha002/tools/tikcpp/tikcfw/interface/kernel_tensor.h:18:
In file included from /usr/local/Ascend/ascend-toolkit/8.5.0.alpha002/tools/tikcpp/tikcfw/impl/kernel_utils.h:17:
In file included from /usr/local/Ascend/ascend-toolkit/8.5.0.alpha002/tools/tikcpp/tikcfw/impl/utils/kernel_utils_macros.h:33:
In file included from /usr/local/Ascend/ascend-toolkit/8.5.0.alpha002/tools/tikcpp/tikcfw/impl/kernel_log.h:23:
/usr/local/Ascend/ascend-toolkit/8.5.0.alpha002/tools/tikicpulib/lib/include/stub_def.h:53:9: warning: '__sync_in__' macro redefined [-Wmacro-redefined]
#define __sync_in__
        ^
/usr/local/Ascend/ascend-toolkit/8.5.0.alpha002/aarch64-linux/ccec_compiler/lib/clang/15.0.5/include/__clang_cce_defines.h:18:9: note: previous definition is here
#define __sync_in__ __attribute__((sync_in))
        ^
In file included from /home/data4t2/lelinfeng/cann-staging-liveness-x/route_support/STAGING-LIVENESS-X/V034/exact_source_kernel.cpp:8:
In file included from /home/data4t2/lelinfeng/cann-staging-liveness-x/本地实验/STAGING-LIVENESS-X/V034/src/submission.asc:3:
In file included from /usr/local/Ascend/ascend-toolkit/8.5.0.alpha002/tools/tikcpp/tikcfw/kernel_operator.h:18:
In file included from /usr/local/Ascend/ascend-toolkit/8.5.0.alpha002/tools/tikcpp/tikcfw/impl/kernel_tpipe_impl.h:22:
In file included from /usr/local/Ascend/ascend-toolkit/8.5.0.alpha002/tools/tikcpp/tikcfw/interface/kernel_tpipe.h:17:
In file included from /usr/local/Ascend/ascend-toolkit/8.5.0.alpha002/tools/tikcpp/tikcfw/impl/kernel_tpipe_base.h:17:
In file included from /usr/local/Ascend/ascend-toolkit/8.5.0.alpha002/tools/tikcpp/tikcfw/impl/kernel_tensor_impl.h:17:
In file included from /usr/local/Ascend/ascend-toolkit/8.5.0.alpha002/tools/tikcpp/tikcfw/interface/kernel_tensor.h:18:
In file included from /usr/local/Ascend/ascend-toolkit/8.5.0.alpha002/tools/tikcpp/tikcfw/impl/kernel_utils.h:17:
In file included from /usr/local/Ascend/ascend-toolkit/8.5.0.alpha002/tools/tikcpp/tikcfw/impl/utils/kernel_utils_macros.h:33:
In file included from /usr/local/Ascend/ascend-toolkit/8.5.0.alpha002/tools/tikcpp/tikcfw/impl/kernel_log.h:23:
/usr/local/Ascend/ascend-toolkit/8.5.0.alpha002/tools/tikicpulib/lib/include/stub_def.h:54:9: warning: '__inout_pipe__' macro redefined [-Wmacro-redefined]
#define __inout_pipe__(...)
        ^
/usr/local/Ascend/ascend-toolkit/8.5.0.alpha002/aarch64-linux/ccec_compiler/lib/clang/15.0.5/include/__clang_cce_defines.h:26:9: note: previous definition is here
#define __inout_pipe__(...) __attribute__((inout_pipe(#__VA_ARGS__)))
        ^
In file included from /home/data4t2/lelinfeng/cann-staging-liveness-x/route_support/STAGING-LIVENESS-X/V034/exact_source_kernel.cpp:8:
In file included from /home/data4t2/lelinfeng/cann-staging-liveness-x/本地实验/STAGING-LIVENESS-X/V034/src/submission.asc:3:
In file included from /usr/local/Ascend/ascend-toolkit/8.5.0.alpha002/tools/tikcpp/tikcfw/kernel_operator.h:18:
In file included from /usr/local/Ascend/ascend-toolkit/8.5.0.alpha002/tools/tikcpp/tikcfw/impl/kernel_tpipe_impl.h:22:
In file included from /usr/local/Ascend/ascend-toolkit/8.5.0.alpha002/tools/tikcpp/tikcfw/interface/kernel_tpipe.h:17:
In file included from /usr/local/Ascend/ascend-toolkit/8.5.0.alpha002/tools/tikcpp/tikcfw/impl/kernel_tpipe_base.h:17:
In file included from /usr/local/Ascend/ascend-toolkit/8.5.0.alpha002/tools/tikcpp/tikcfw/impl/kernel_tensor_impl.h:17:
In file included from /usr/local/Ascend/ascend-toolkit/8.5.0.alpha002/tools/tikcpp/tikcfw/interface/kernel_tensor.h:18:
In file included from /usr/local/Ascend/ascend-toolkit/8.5.0.alpha002/tools/tikcpp/tikcfw/impl/kernel_utils.h:17:
In file included from /usr/local/Ascend/ascend-toolkit/8.5.0.alpha002/tools/tikcpp/tikcfw/impl/utils/kernel_utils_macros.h:33:
In file included from /usr/local/Ascend/ascend-toolkit/8.5.0.alpha002/tools/tikcpp/tikcfw/impl/kernel_log.h:23:
/usr/local/Ascend/ascend-toolkit/8.5.0.alpha002/tools/tikicpulib/lib/include/stub_def.h:55:9: warning: '__in_pipe__' macro redefined [-Wmacro-redefined]
#define __in_pipe__(...)
        ^
/usr/local/Ascend/ascend-toolkit/8.5.0.alpha002/aarch64-linux/ccec_compiler/lib/clang/15.0.5/include/__clang_cce_defines.h:22:9: note: previous definition is here
#define __in_pipe__(...) __attribute__((in_pipe(#__VA_ARGS__)))
        ^
In file included from /home/data4t2/lelinfeng/cann-staging-liveness-x/route_support/STAGING-LIVENESS-X/V034/exact_source_kernel.cpp:8:
In file included from /home/data4t2/lelinfeng/cann-staging-liveness-x/本地实验/STAGING-LIVENESS-X/V034/src/submission.asc:3:
In file included from /usr/local/Ascend/ascend-toolkit/8.5.0.alpha002/tools/tikcpp/tikcfw/kernel_operator.h:18:
In file included from /usr/local/Ascend/ascend-toolkit/8.5.0.alpha002/tools/tikcpp/tikcfw/impl/kernel_tpipe_impl.h:22:
In file included from /usr/local/Ascend/ascend-toolkit/8.5.0.alpha002/tools/tikcpp/tikcfw/interface/kernel_tpipe.h:17:
In file included from /usr/local/Ascend/ascend-toolkit/8.5.0.alpha002/tools/tikcpp/tikcfw/impl/kernel_tpipe_base.h:17:
In file included from /usr/local/Ascend/ascend-toolkit/8.5.0.alpha002/tools/tikcpp/tikcfw/impl/kernel_tensor_impl.h:17:
In file included from /usr/local/Ascend/ascend-toolkit/8.5.0.alpha002/tools/tikcpp/tikcfw/interface/kernel_tensor.h:18:
In file included from /usr/local/Ascend/ascend-toolkit/8.5.0.alpha002/tools/tikcpp/tikcfw/impl/kernel_utils.h:17:
In file included from /usr/local/Ascend/ascend-toolkit/8.5.0.alpha002/tools/tikcpp/tikcfw/impl/utils/kernel_utils_macros.h:33:
In file included from /usr/local/Ascend/ascend-toolkit/8.5.0.alpha002/tools/tikcpp/tikcfw/impl/kernel_log.h:23:
/usr/local/Ascend/ascend-toolkit/8.5.0.alpha002/tools/tikicpulib/lib/include/stub_def.h:56:9: warning: '__out_pipe__' macro redefined [-Wmacro-redefined]
#define __out_pipe__(...)
        ^
/usr/local/Ascend/ascend-toolkit/8.5.0.alpha002/aarch64-linux/ccec_compiler/lib/clang/15.0.5/include/__clang_cce_defines.h:24:9: note: previous definition is here
#define __out_pipe__(...) __attribute__((out_pipe(#__VA_ARGS__)))
        ^
In file included from /home/data4t2/lelinfeng/cann-staging-liveness-x/route_support/STAGING-LIVENESS-X/V034/exact_source_kernel.cpp:8:
In file included from /home/data4t2/lelinfeng/cann-staging-liveness-x/本地实验/STAGING-LIVENESS-X/V034/src/submission.asc:3:
In file included from /usr/local/Ascend/ascend-toolkit/8.5.0.alpha002/tools/tikcpp/tikcfw/kernel_operator.h:18:
In file included from /usr/local/Ascend/ascend-toolkit/8.5.0.alpha002/tools/tikcpp/tikcfw/impl/kernel_tpipe_impl.h:22:
In file included from /usr/local/Ascend/ascend-toolkit/8.5.0.alpha002/tools/tikcpp/tikcfw/interface/kernel_tpipe.h:17:
In file included from /usr/local/Ascend/ascend-toolkit/8.5.0.alpha002/tools/tikcpp/tikcfw/impl/kernel_tpipe_base.h:17:
In file included from /usr/local/Ascend/ascend-toolkit/8.5.0.alpha002/tools/tikcpp/tikcfw/impl/kernel_tensor_impl.h:17:
In file included from /usr/local/Ascend/ascend-toolkit/8.5.0.alpha002/tools/tikcpp/tikcfw/interface/kernel_tensor.h:18:
In file included from /usr/local/Ascend/ascend-toolkit/8.5.0.alpha002/tools/tikcpp/tikcfw/impl/kernel_utils.h:17:
In file included from /usr/local/Ascend/ascend-toolkit/8.5.0.alpha002/tools/tikcpp/tikcfw/impl/utils/kernel_utils_macros.h:33:
In file included from /usr/local/Ascend/ascend-toolkit/8.5.0.alpha002/tools/tikcpp/tikcfw/impl/kernel_log.h:23:
/usr/local/Ascend/ascend-toolkit/8.5.0.alpha002/tools/tikicpulib/lib/include/stub_def.h:57:9: warning: '__ssbuf__' macro redefined [-Wmacro-redefined]
#define __ssbuf__
        ^
/usr/local/Ascend/ascend-toolkit/8.5.0.alpha002/aarch64-linux/ccec_compiler/lib/clang/15.0.5/include/__clang_cce_defines.h:59:9: note: previous definition is here
#define __ssbuf__ __attribute__((cce_scalar_share_buff))
        ^
In file included from /home/data4t2/lelinfeng/cann-staging-liveness-x/route_support/STAGING-LIVENESS-X/V034/exact_source_kernel.cpp:8:
In file included from /home/data4t2/lelinfeng/cann-staging-liveness-x/本地实验/STAGING-LIVENESS-X/V034/src/submission.asc:3:
In file included from /usr/local/Ascend/ascend-toolkit/8.5.0.alpha002/tools/tikcpp/tikcfw/kernel_operator.h:18:
In file included from /usr/local/Ascend/ascend-toolkit/8.5.0.alpha002/tools/tikcpp/tikcfw/impl/kernel_tpipe_impl.h:22:
In file included from /usr/local/Ascend/ascend-toolkit/8.5.0.alpha002/tools/tikcpp/tikcfw/interface/kernel_tpipe.h:17:
In file included from /usr/local/Ascend/ascend-toolkit/8.5.0.alpha002/tools/tikcpp/tikcfw/impl/kernel_tpipe_base.h:17:
In file included from /usr/local/Ascend/ascend-toolkit/8.5.0.alpha002/tools/tikcpp/tikcfw/impl/kernel_tensor_impl.h:17:
In file included from /usr/local/Ascend/ascend-toolkit/8.5.0.alpha002/tools/tikcpp/tikcfw/interface/kernel_tensor.h:18:
In file included from /usr/local/Ascend/ascend-toolkit/8.5.0.alpha002/tools/tikcpp/tikcfw/impl/kernel_utils.h:17:
In file included from /usr/local/Ascend/ascend-toolkit/8.5.0.alpha002/tools/tikcpp/tikcfw/impl/utils/kernel_utils_macros.h:33:
In file included from /usr/local/Ascend/ascend-toolkit/8.5.0.alpha002/tools/tikcpp/tikcfw/impl/kernel_log.h:23:
/usr/local/Ascend/ascend-toolkit/8.5.0.alpha002/tools/tikicpulib/lib/include/stub_def.h:58:9: warning: '__simt_callee__' macro redefined [-Wmacro-redefined]
#define __simt_callee__
        ^
/usr/local/Ascend/ascend-toolkit/8.5.0.alpha002/aarch64-linux/ccec_compiler/lib/clang/15.0.5/include/__clang_cce_defines.h:32:9: note: previous definition is here
#define __simt_callee__ __attribute__((cce_simt_callable))
        ^
In file included from /home/data4t2/lelinfeng/cann-staging-liveness-x/route_support/STAGING-LIVENESS-X/V034/exact_source_kernel.cpp:8:
In file included from /home/data4t2/lelinfeng/cann-staging-liveness-x/本地实验/STAGING-LIVENESS-X/V034/src/submission.asc:3:
In file included from /usr/local/Ascend/ascend-toolkit/8.5.0.alpha002/tools/tikcpp/tikcfw/kernel_operator.h:18:
In file included from /usr/local/Ascend/ascend-toolkit/8.5.0.alpha002/tools/tikcpp/tikcfw/impl/kernel_tpipe_impl.h:22:
In file included from /usr/local/Ascend/ascend-toolkit/8.5.0.alpha002/tools/tikcpp/tikcfw/interface/kernel_tpipe.h:17:
In file included from /usr/local/Ascend/ascend-toolkit/8.5.0.alpha002/tools/tikcpp/tikcfw/impl/kernel_tpipe_base.h:17:
In file included from /usr/local/Ascend/ascend-toolkit/8.5.0.alpha002/tools/tikcpp/tikcfw/impl/kernel_tensor_impl.h:17:
In file included from /usr/local/Ascend/ascend-toolkit/8.5.0.alpha002/tools/tikcpp/tikcfw/interface/kernel_tensor.h:18:
In file included from /usr/local/Ascend/ascend-toolkit/8.5.0.alpha002/tools/tikcpp/tikcfw/impl/kernel_utils.h:17:
In file included from /usr/local/Ascend/ascend-toolkit/8.5.0.alpha002/tools/tikcpp/tikcfw/impl/utils/kernel_utils_macros.h:33:
In file included from /usr/local/Ascend/ascend-toolkit/8.5.0.alpha002/tools/tikcpp/tikcfw/impl/kernel_log.h:23:
/usr/local/Ascend/ascend-toolkit/8.5.0.alpha002/tools/tikicpulib/lib/include/stub_def.h:59:9: warning: '__simt_vf__' macro redefined [-Wmacro-redefined]
#define __simt_vf__
        ^
/usr/local/Ascend/ascend-toolkit/8.5.0.alpha002/aarch64-linux/ccec_compiler/lib/clang/15.0.5/include/__clang_cce_defines.h:33:9: note: previous definition is here
#define __simt_vf__ __attribute__((cce_simt_entry)) __attribute__((noinline))
        ^
In file included from /home/data4t2/lelinfeng/cann-staging-liveness-x/route_support/STAGING-LIVENESS-X/V034/exact_source_kernel.cpp:8:
In file included from /home/data4t2/lelinfeng/cann-staging-liveness-x/本地实验/STAGING-LIVENESS-X/V034/src/submission.asc:3:
In file included from /usr/local/Ascend/ascend-toolkit/8.5.0.alpha002/tools/tikcpp/tikcfw/kernel_operator.h:18:
In file included from /usr/local/Ascend/ascend-toolkit/8.5.0.alpha002/tools/tikcpp/tikcfw/impl/kernel_tpipe_impl.h:22:
In file included from /usr/local/Ascend/ascend-toolkit/8.5.0.alpha002/tools/tikcpp/tikcfw/interface/kernel_tpipe.h:17:
In file included from /usr/local/Ascend/ascend-toolkit/8.5.0.alpha002/tools/tikcpp/tikcfw/impl/kernel_tpipe_base.h:17:
In file included from /usr/local/Ascend/ascend-toolkit/8.5.0.alpha002/tools/tikcpp/tikcfw/impl/kernel_tensor_impl.h:17:
In file included from /usr/local/Ascend/ascend-toolkit/8.5.0.alpha002/tools/tikcpp/tikcfw/interface/kernel_tensor.h:18:
In file included from /usr/local/Ascend/ascend-toolkit/8.5.0.alpha002/tools/tikcpp/tikcfw/impl/kernel_utils.h:17:
In file included from /usr/local/Ascend/ascend-toolkit/8.5.0.alpha002/tools/tikcpp/tikcfw/impl/utils/kernel_utils_macros.h:33:
In file included from /usr/local/Ascend/ascend-toolkit/8.5.0.alpha002/tools/tikcpp/tikcfw/impl/kernel_log.h:23:
/usr/local/Ascend/ascend-toolkit/8.5.0.alpha002/tools/tikicpulib/lib/include/stub_def.h:60:9: warning: '__simd_callee__' macro redefined [-Wmacro-redefined]
#define __simd_callee__
        ^
/usr/local/Ascend/ascend-toolkit/8.5.0.alpha002/aarch64-linux/ccec_compiler/lib/clang/15.0.5/include/__clang_cce_defines.h:40:9: note: previous definition is here
#define __simd_callee__ __attribute__((cce_simd_callee))
        ^
In file included from /home/data4t2/lelinfeng/cann-staging-liveness-x/route_support/STAGING-LIVENESS-X/V034/exact_source_kernel.cpp:8:
In file included from /home/data4t2/lelinfeng/cann-staging-liveness-x/本地实验/STAGING-LIVENESS-X/V034/src/submission.asc:3:
In file included from /usr/local/Ascend/ascend-toolkit/8.5.0.alpha002/tools/tikcpp/tikcfw/kernel_operator.h:18:
In file included from /usr/local/Ascend/ascend-toolkit/8.5.0.alpha002/tools/tikcpp/tikcfw/impl/kernel_tpipe_impl.h:22:
In file included from /usr/local/Ascend/ascend-toolkit/8.5.0.alpha002/tools/tikcpp/tikcfw/interface/kernel_tpipe.h:17:
In file included from /usr/local/Ascend/ascend-toolkit/8.5.0.alpha002/tools/tikcpp/tikcfw/impl/kernel_tpipe_base.h:17:
In file included from /usr/local/Ascend/ascend-toolkit/8.5.0.alpha002/tools/tikcpp/tikcfw/impl/kernel_tensor_impl.h:17:
In file included from /usr/local/Ascend/ascend-toolkit/8.5.0.alpha002/tools/tikcpp/tikcfw/interface/kernel_tensor.h:18:
In file included from /usr/local/Ascend/ascend-toolkit/8.5.0.alpha002/tools/tikcpp/tikcfw/impl/kernel_utils.h:17:
In file included from /usr/local/Ascend/ascend-toolkit/8.5.0.alpha002/tools/tikcpp/tikcfw/impl/utils/kernel_utils_macros.h:33:
In file included from /usr/local/Ascend/ascend-toolkit/8.5.0.alpha002/tools/tikcpp/tikcfw/impl/kernel_log.h:23:
/usr/local/Ascend/ascend-toolkit/8.5.0.alpha002/tools/tikicpulib/lib/include/stub_def.h:61:9: warning: '__simd_vf__' macro redefined [-Wmacro-redefined]
#define __simd_vf__
        ^
/usr/local/Ascend/ascend-toolkit/8.5.0.alpha002/aarch64-linux/ccec_compiler/lib/clang/15.0.5/include/__clang_cce_defines.h:39:9: note: previous definition is here
#define __simd_vf__ __attribute__((cce_simd_vf))
        ^
In file included from /home/data4t2/lelinfeng/cann-staging-liveness-x/route_support/STAGING-LIVENESS-X/V034/exact_source_kernel.cpp:8:
In file included from /home/data4t2/lelinfeng/cann-staging-liveness-x/本地实验/STAGING-LIVENESS-X/V034/src/submission.asc:3:
In file included from /usr/local/Ascend/ascend-toolkit/8.5.0.alpha002/tools/tikcpp/tikcfw/kernel_operator.h:18:
In file included from /usr/local/Ascend/ascend-toolkit/8.5.0.alpha002/tools/tikcpp/tikcfw/impl/kernel_tpipe_impl.h:22:
In file included from /usr/local/Ascend/ascend-toolkit/8.5.0.alpha002/tools/tikcpp/tikcfw/interface/kernel_tpipe.h:17:
In file included from /usr/local/Ascend/ascend-toolkit/8.5.0.alpha002/tools/tikcpp/tikcfw/impl/kernel_tpipe_base.h:17:
In file included from /usr/local/Ascend/ascend-toolkit/8.5.0.alpha002/tools/tikcpp/tikcfw/impl/kernel_tensor_impl.h:17:
In file included from /usr/local/Ascend/ascend-toolkit/8.5.0.alpha002/tools/tikcpp/tikcfw/interface/kernel_tensor.h:18:
In file included from /usr/local/Ascend/ascend-toolkit/8.5.0.alpha002/tools/tikcpp/tikcfw/impl/kernel_utils.h:17:
In file included from /usr/local/Ascend/ascend-toolkit/8.5.0.alpha002/tools/tikcpp/tikcfw/impl/utils/kernel_utils_macros.h:33:
In file included from /usr/local/Ascend/ascend-toolkit/8.5.0.alpha002/tools/tikcpp/tikcfw/impl/kernel_log.h:23:
/usr/local/Ascend/ascend-toolkit/8.5.0.alpha002/tools/tikicpulib/lib/include/stub_def.h:62:9: warning: '__no_simd_vf_fusion__' macro redefined [-Wmacro-redefined]
#define __no_simd_vf_fusion__
        ^
/usr/local/Ascend/ascend-toolkit/8.5.0.alpha002/aarch64-linux/ccec_compiler/lib/clang/15.0.5/include/__clang_cce_defines.h:41:9: note: previous definition is here
#define __no_simd_vf_fusion__ __attribute__((no_simd_vf_fusion))
        ^
In file included from /home/data4t2/lelinfeng/cann-staging-liveness-x/route_support/STAGING-LIVENESS-X/V034/exact_source_kernel.cpp:8:
In file included from /home/data4t2/lelinfeng/cann-staging-liveness-x/本地实验/STAGING-LIVENESS-X/V034/src/submission.asc:3:
In file included from /usr/local/Ascend/ascend-toolkit/8.5.0.alpha002/tools/tikcpp/tikcfw/kernel_operator.h:18:
In file included from /usr/local/Ascend/ascend-toolkit/8.5.0.alpha002/tools/tikcpp/tikcfw/impl/kernel_tpipe_impl.h:22:
In file included from /usr/local/Ascend/ascend-toolkit/8.5.0.alpha002/tools/tikcpp/tikcfw/interface/kernel_tpipe.h:17:
In file included from /usr/local/Ascend/ascend-toolkit/8.5.0.alpha002/tools/tikcpp/tikcfw/impl/kernel_tpipe_base.h:17:
In file included from /usr/local/Ascend/ascend-toolkit/8.5.0.alpha002/tools/tikcpp/tikcfw/impl/kernel_tensor_impl.h:17:
In file included from /usr/local/Ascend/ascend-toolkit/8.5.0.alpha002/tools/tikcpp/tikcfw/interface/kernel_tensor.h:18:
In file included from /usr/local/Ascend/ascend-toolkit/8.5.0.alpha002/tools/tikcpp/tikcfw/impl/kernel_utils.h:17:
In file included from /usr/local/Ascend/ascend-toolkit/8.5.0.alpha002/tools/tikcpp/tikcfw/impl/utils/kernel_utils_macros.h:33:
In file included from /usr/local/Ascend/ascend-toolkit/8.5.0.alpha002/tools/tikcpp/tikcfw/impl/kernel_log.h:23:
/usr/local/Ascend/ascend-toolkit/8.5.0.alpha002/tools/tikicpulib/lib/include/stub_def.h:63:9: warning: 'LAUNCH_BOUND' macro redefined [-Wmacro-redefined]
#define LAUNCH_BOUND(x)
        ^
/usr/local/Ascend/ascend-toolkit/8.5.0.alpha002/aarch64-linux/ccec_compiler/lib/clang/15.0.5/include/__clang_cce_defines.h:37:9: note: previous definition is here
#define LAUNCH_BOUND(N) __attribute__((cce_launch_bounds(N)))
        ^
In file included from /home/data4t2/lelinfeng/cann-staging-liveness-x/route_support/STAGING-LIVENESS-X/V034/exact_source_kernel.cpp:8:
In file included from /home/data4t2/lelinfeng/cann-staging-liveness-x/本地实验/STAGING-LIVENESS-X/V034/src/submission.asc:3:
In file included from /usr/local/Ascend/ascend-toolkit/8.5.0.alpha002/tools/tikcpp/tikcfw/kernel_operator.h:18:
In file included from /usr/local/Ascend/ascend-toolkit/8.5.0.alpha002/tools/tikcpp/tikcfw/impl/kernel_tpipe_impl.h:22:
In file included from /usr/local/Ascend/ascend-toolkit/8.5.0.alpha002/tools/tikcpp/tikcfw/interface/kernel_tpipe.h:17:
In file included from /usr/local/Ascend/ascend-toolkit/8.5.0.alpha002/tools/tikcpp/tikcfw/impl/kernel_tpipe_base.h:17:
In file included from /usr/local/Ascend/ascend-toolkit/8.5.0.alpha002/tools/tikcpp/tikcfw/impl/kernel_tensor_impl.h:17:
In file included from /usr/local/Ascend/ascend-toolkit/8.5.0.alpha002/tools/tikcpp/tikcfw/interface/kernel_tensor.h:18:
In file included from /usr/local/Ascend/ascend-toolkit/8.5.0.alpha002/tools/tikcpp/tikcfw/impl/kernel_utils.h:17:
In file included from /usr/local/Ascend/ascend-toolkit/8.5.0.alpha002/tools/tikcpp/tikcfw/impl/utils/kernel_utils_macros.h:33:
In file included from /usr/local/Ascend/ascend-toolkit/8.5.0.alpha002/tools/tikcpp/tikcfw/impl/kernel_log.h:23:
/usr/local/Ascend/ascend-toolkit/8.5.0.alpha002/tools/tikicpulib/lib/include/stub_def.h:82:7: error: typedef redefinition with different types ('std::array<uint8_t, ConstantsInternal::b8EleSize>' (aka 'array<unsigned char, ConstantsInternal::b8EleSize>') vs 'unsigned char __attribute__((ext_vector_type(256)))')
using vector_u8 = std::array<uint8_t, ConstantsInternal::b8EleSize>;
      ^
/usr/local/Ascend/ascend-toolkit/8.5.0.alpha002/aarch64-linux/ccec_compiler/lib/clang/15.0.5/include/__clang_cce_vector_types.h:80:23: note: previous definition is here
typedef unsigned char vector_u8
                      ^
In file included from /home/data4t2/lelinfeng/cann-staging-liveness-x/route_support/STAGING-LIVENESS-X/V034/exact_source_kernel.cpp:8:
In file included from /home/data4t2/lelinfeng/cann-staging-liveness-x/本地实验/STAGING-LIVENESS-X/V034/src/submission.asc:3:
In file included from /usr/local/Ascend/ascend-toolkit/8.5.0.alpha002/tools/tikcpp/tikcfw/kernel_operator.h:18:
In file included from /usr/local/Ascend/ascend-toolkit/8.5.0.alpha002/tools/tikcpp/tikcfw/impl/kernel_tpipe_impl.h:22:
In file included from /usr/local/Ascend/ascend-toolkit/8.5.0.alpha002/tools/tikcpp/tikcfw/interface/kernel_tpipe.h:17:
In file included from /usr/local/Ascend/ascend-toolkit/8.5.0.alpha002/tools/tikcpp/tikcfw/impl/kernel_tpipe_base.h:17:
In file included from /usr/local/Ascend/ascend-toolkit/8.5.0.alpha002/tools/tikcpp/tikcfw/impl/kernel_tensor_impl.h:17:
In file included from /usr/local/Ascend/ascend-toolkit/8.5.0.alpha002/tools/tikcpp/tikcfw/interface/kernel_tensor.h:18:
In file included from /usr/local/Ascend/ascend-toolkit/8.5.0.alpha002/tools/tikcpp/tikcfw/impl/kernel_utils.h:17:
In file included from /usr/local/Ascend/ascend-toolkit/8.5.0.alpha002/tools/tikcpp/tikcfw/impl/utils/kernel_utils_macros.h:33:
In file included from /usr/local/Ascend/ascend-toolkit/8.5.0.alpha002/tools/tikcpp/tikcfw/impl/kernel_log.h:23:
/usr/local/Ascend/ascend-toolkit/8.5.0.alpha002/tools/tikicpulib/lib/include/stub_def.h:83:7: error: typedef redefinition with different types ('std::array<uint16_t, ConstantsInternal::b16EleSize>' (aka 'array<unsigned short, ConstantsInternal::b16EleSize>') vs 'unsigned short __attribute__((ext_vector_type(128)))')
using vector_u16 = std::array<uint16_t, ConstantsInternal::b16EleSize>;
      ^
/usr/local/Ascend/ascend-toolkit/8.5.0.alpha002/aarch64-linux/ccec_compiler/lib/clang/15.0.5/include/__clang_cce_vector_types.h:78:24: note: previous definition is here
typedef unsigned short vector_u16
                       ^
In file included from /home/data4t2/lelinfeng/cann-staging-liveness-x/route_support/STAGING-LIVENESS-X/V034/exact_source_kernel.cpp:8:
In file included from /home/data4t2/lelinfeng/cann-staging-liveness-x/本地实验/STAGING-LIVENESS-X/V034/src/submission.asc:3:
In file included from /usr/local/Ascend/ascend-toolkit/8.5.0.alpha002/tools/tikcpp/tikcfw/kernel_operator.h:18:
In file included from /usr/local/Ascend/ascend-toolkit/8.5.0.alpha002/tools/tikcpp/tikcfw/impl/kernel_tpipe_impl.h:22:
In file included from /usr/local/Ascend/ascend-toolkit/8.5.0.alpha002/tools/tikcpp/tikcfw/interface/kernel_tpipe.h:17:
In file included from /usr/local/Ascend/ascend-toolkit/8.5.0.alpha002/tools/tikcpp/tikcfw/impl/kernel_tpipe_base.h:17:
In file included from /usr/local/Ascend/ascend-toolkit/8.5.0.alpha002/tools/tikcpp/tikcfw/impl/kernel_tensor_impl.h:17:
In file included from /usr/local/Ascend/ascend-toolkit/8.5.0.alpha002/tools/tikcpp/tikcfw/interface/kernel_tensor.h:18:
In file included from /usr/local/Ascend/ascend-toolkit/8.5.0.alpha002/tools/tikcpp/tikcfw/impl/kernel_utils.h:17:
In file included from /usr/local/Ascend/ascend-toolkit/8.5.0.alpha002/tools/tikcpp/tikcfw/impl/utils/kernel_utils_macros.h:33:
In file included from /usr/local/Ascend/ascend-toolkit/8.5.0.alpha002/tools/tikcpp/tikcfw/impl/kernel_log.h:23:
/usr/local/Ascend/ascend-toolkit/8.5.0.alpha002/tools/tikicpulib/lib/include/stub_def.h:84:7: error: typedef redefinition with different types ('std::array<uint32_t, ConstantsInternal::b32EleSize>' (aka 'array<unsigned int, ConstantsInternal::b32EleSize>') vs 'unsigned int __attribute__((ext_vector_type(64)))')
using vector_u32 = std::array<uint32_t, ConstantsInternal::b32EleSize>;
      ^
/usr/local/Ascend/ascend-toolkit/8.5.0.alpha002/aarch64-linux/ccec_compiler/lib/clang/15.0.5/include/__clang_cce_vector_types.h:76:22: note: previous definition is here
typedef unsigned int vector_u32
                     ^
In file included from /home/data4t2/lelinfeng/cann-staging-liveness-x/route_support/STAGING-LIVENESS-X/V034/exact_source_kernel.cpp:8:
In file included from /home/data4t2/lelinfeng/cann-staging-liveness-x/本地实验/STAGING-LIVENESS-X/V034/src/submission.asc:3:
In file included from /usr/local/Ascend/ascend-toolkit/8.5.0.alpha002/tools/tikcpp/tikcfw/kernel_operator.h:18:
In file included from /usr/local/Ascend/ascend-toolkit/8.5.0.alpha002/tools/tikcpp/tikcfw/impl/kernel_tpipe_impl.h:22:
In file included from /usr/local/Ascend/ascend-toolkit/8.5.0.alpha002/tools/tikcpp/tikcfw/interface/kernel_tpipe.h:17:
In file included from /usr/local/Ascend/ascend-toolkit/8.5.0.alpha002/tools/tikcpp/tikcfw/impl/kernel_tpipe_base.h:17:
In file included from /usr/local/Ascend/ascend-toolkit/8.5.0.alpha002/tools/tikcpp/tikcfw/impl/kernel_tensor_impl.h:17:
In file included from /usr/local/Ascend/ascend-toolkit/8.5.0.alpha002/tools/tikcpp/tikcfw/interface/kernel_tensor.h:18:
In file included from /usr/local/Ascend/ascend-toolkit/8.5.0.alpha002/tools/tikcpp/tikcfw/impl/kernel_utils.h:17:
In file included from /usr/local/Ascend/ascend-toolkit/8.5.0.alpha002/tools/tikcpp/tikcfw/impl/utils/kernel_utils_macros.h:33:
In file included from /usr/local/Ascend/ascend-toolkit/8.5.0.alpha002/tools/tikcpp/tikcfw/impl/kernel_log.h:23:
/usr/local/Ascend/ascend-toolkit/8.5.0.alpha002/tools/tikicpulib/lib/include/stub_def.h:85:7: error: typedef redefinition with different types ('std::array<int8_t, ConstantsInternal::b8EleSize>' (aka 'array<signed char, ConstantsInternal::b8EleSize>') vs 'char __attribute__((ext_vector_type(256)))')
using vector_s8 = std::array<int8_t, ConstantsInternal::b8EleSize>;
      ^
/usr/local/Ascend/ascend-toolkit/8.5.0.alpha002/aarch64-linux/ccec_compiler/lib/clang/15.0.5/include/__clang_cce_vector_types.h:71:14: note: previous definition is here
typedef char vector_s8
             ^
In file included from /home/data4t2/lelinfeng/cann-staging-liveness-x/route_support/STAGING-LIVENESS-X/V034/exact_source_kernel.cpp:8:
In file included from /home/data4t2/lelinfeng/cann-staging-liveness-x/本地实验/STAGING-LIVENESS-X/V034/src/submission.asc:3:
In file included from /usr/local/Ascend/ascend-toolkit/8.5.0.alpha002/tools/tikcpp/tikcfw/kernel_operator.h:18:
In file included from /usr/local/Ascend/ascend-toolkit/8.5.0.alpha002/tools/tikcpp/tikcfw/impl/kernel_tpipe_impl.h:22:
In file included from /usr/local/Ascend/ascend-toolkit/8.5.0.alpha002/tools/tikcpp/tikcfw/interface/kernel_tpipe.h:17:
In file included from /usr/local/Ascend/ascend-toolkit/8.5.0.alpha002/tools/tikcpp/tikcfw/impl/kernel_tpipe_base.h:17:
In file included from /usr/local/Ascend/ascend-toolkit/8.5.0.alpha002/tools/tikcpp/tikcfw/impl/kernel_tensor_impl.h:17:
In file included from /usr/local/Ascend/ascend-toolkit/8.5.0.alpha002/tools/tikcpp/tikcfw/interface/kernel_tensor.h:18:
In file included from /usr/local/Ascend/ascend-toolkit/8.5.0.alpha002/tools/tikcpp/tikcfw/impl/kernel_utils.h:17:
In file included from /usr/local/Ascend/ascend-toolkit/8.5.0.alpha002/tools/tikcpp/tikcfw/impl/utils/kernel_utils_macros.h:33:
In file included from /usr/local/Ascend/ascend-toolkit/8.5.0.alpha002/tools/tikcpp/tikcfw/impl/kernel_log.h:23:
/usr/local/Ascend/ascend-toolkit/8.5.0.alpha002/tools/tikicpulib/lib/include/stub_def.h:86:7: error: typedef redefinition with different types ('std::array<int16_t, ConstantsInternal::b16EleSize>' (aka 'array<short, ConstantsInternal::b16EleSize>') vs 'short __attribute__((ext_vector_type(128)))')
using vector_s16 = std::array<int16_t, ConstantsInternal::b16EleSize>;
      ^
/usr/local/Ascend/ascend-toolkit/8.5.0.alpha002/aarch64-linux/ccec_compiler/lib/clang/15.0.5/include/__clang_cce_vector_types.h:69:15: note: previous definition is here
typedef short vector_s16
              ^
In file included from /home/data4t2/lelinfeng/cann-staging-liveness-x/route_support/STAGING-LIVENESS-X/V034/exact_source_kernel.cpp:8:
In file included from /home/data4t2/lelinfeng/cann-staging-liveness-x/本地实验/STAGING-LIVENESS-X/V034/src/submission.asc:3:
In file included from /usr/local/Ascend/ascend-toolkit/8.5.0.alpha002/tools/tikcpp/tikcfw/kernel_operator.h:18:
In file included from /usr/local/Ascend/ascend-toolkit/8.5.0.alpha002/tools/tikcpp/tikcfw/impl/kernel_tpipe_impl.h:22:
In file included from /usr/local/Ascend/ascend-toolkit/8.5.0.alpha002/tools/tikcpp/tikcfw/interface/kernel_tpipe.h:17:
In file included from /usr/local/Ascend/ascend-toolkit/8.5.0.alpha002/tools/tikcpp/tikcfw/impl/kernel_tpipe_base.h:17:
In file included from /usr/local/Ascend/ascend-toolkit/8.5.0.alpha002/tools/tikcpp/tikcfw/impl/kernel_tensor_impl.h:17:
In file included from /usr/local/Ascend/ascend-toolkit/8.5.0.alpha002/tools/tikcpp/tikcfw/interface/kernel_tensor.h:18:
In file included from /usr/local/Ascend/ascend-toolkit/8.5.0.alpha002/tools/tikcpp/tikcfw/impl/kernel_utils.h:17:
In file included from /usr/local/Ascend/ascend-toolkit/8.5.0.alpha002/tools/tikcpp/tikcfw/impl/utils/kernel_utils_macros.h:33:
In file included from /usr/local/Ascend/ascend-toolkit/8.5.0.alpha002/tools/tikcpp/tikcfw/impl/kernel_log.h:23:
/usr/local/Ascend/ascend-toolkit/8.5.0.alpha002/tools/tikicpulib/lib/include/stub_def.h:87:7: error: typedef redefinition with different types ('std::array<int32_t, ConstantsInternal::b32EleSize>' (aka 'array<int, ConstantsInternal::b32EleSize>') vs 'int __attribute__((ext_vector_type(64)))')
using vector_s32 = std::array<int32_t, ConstantsInternal::b32EleSize>;
      ^
/usr/local/Ascend/ascend-toolkit/8.5.0.alpha002/aarch64-linux/ccec_compiler/lib/clang/15.0.5/include/__clang_cce_vector_types.h:67:13: note: previous definition is here
typedef int vector_s32
            ^
In file included from /home/data4t2/lelinfeng/cann-staging-liveness-x/route_support/STAGING-LIVENESS-X/V034/exact_source_kernel.cpp:8:
In file included from /home/data4t2/lelinfeng/cann-staging-liveness-x/本地实验/STAGING-LIVENESS-X/V034/src/submission.asc:3:
In file included from /usr/local/Ascend/ascend-toolkit/8.5.0.alpha002/tools/tikcpp/tikcfw/kernel_operator.h:18:
In file included from /usr/local/Ascend/ascend-toolkit/8.5.0.alpha002/tools/tikcpp/tikcfw/impl/kernel_tpipe_impl.h:22:
In file included from /usr/local/Ascend/ascend-toolkit/8.5.0.alpha002/tools/tikcpp/tikcfw/interface/kernel_tpipe.h:17:
In file included from /usr/local/Ascend/ascend-toolkit/8.5.0.alpha002/tools/tikcpp/tikcfw/impl/kernel_tpipe_base.h:17:
In file included from /usr/local/Ascend/ascend-toolkit/8.5.0.alpha002/tools/tikcpp/tikcfw/impl/kernel_tensor_impl.h:17:
In file included from /usr/local/Ascend/ascend-toolkit/8.5.0.alpha002/tools/tikcpp/tikcfw/interface/kernel_tensor.h:18:
In file included from /usr/local/Ascend/ascend-toolkit/8.5.0.alpha002/tools/tikcpp/tikcfw/impl/kernel_utils.h:17:
In file included from /usr/local/Ascend/ascend-toolkit/8.5.0.alpha002/tools/tikcpp/tikcfw/impl/utils/kernel_utils_macros.h:33:
In file included from /usr/local/Ascend/ascend-toolkit/8.5.0.alpha002/tools/tikcpp/tikcfw/impl/kernel_log.h:23:
/usr/local/Ascend/ascend-toolkit/8.5.0.alpha002/tools/tikicpulib/lib/include/stub_def.h:88:7: error: typedef redefinition with different types ('std::array<int64_t, ConstantsInternal::b64EleSize>' (aka 'array<long, ConstantsInternal::b64EleSize>') vs 'long long __attribute__((ext_vector_type(32)))')
using vector_s64 = std::array<int64_t, ConstantsInternal::b64EleSize>;
      ^
/usr/local/Ascend/ascend-toolkit/8.5.0.alpha002/aarch64-linux/ccec_compiler/lib/clang/15.0.5/include/__clang_cce_vector_types.h:65:19: note: previous definition is here
typedef long long vector_s64
                  ^
In file included from /home/data4t2/lelinfeng/cann-staging-liveness-x/route_support/STAGING-LIVENESS-X/V034/exact_source_kernel.cpp:8:
In file included from /home/data4t2/lelinfeng/cann-staging-liveness-x/本地实验/STAGING-LIVENESS-X/V034/src/submission.asc:3:
In file included from /usr/local/Ascend/ascend-toolkit/8.5.0.alpha002/tools/tikcpp/tikcfw/kernel_operator.h:18:
In file included from /usr/local/Ascend/ascend-toolkit/8.5.0.alpha002/tools/tikcpp/tikcfw/impl/kernel_tpipe_impl.h:22:
In file included from /usr/local/Ascend/ascend-toolkit/8.5.0.alpha002/tools/tikcpp/tikcfw/interface/kernel_tpipe.h:17:
In file included from /usr/local/Ascend/ascend-toolkit/8.5.0.alpha002/tools/tikcpp/tikcfw/impl/kernel_tpipe_base.h:17:
In file included from /usr/local/Ascend/ascend-toolkit/8.5.0.alpha002/tools/tikcpp/tikcfw/impl/kernel_tensor_impl.h:17:
In file included from /usr/local/Ascend/ascend-toolkit/8.5.0.alpha002/tools/tikcpp/tikcfw/interface/kernel_tensor.h:18:
In file included from /usr/local/Ascend/ascend-toolkit/8.5.0.alpha002/tools/tikcpp/tikcfw/impl/kernel_utils.h:17:
In file included from /usr/local/Ascend/ascend-toolkit/8.5.0.alpha002/tools/tikcpp/tikcfw/impl/utils/kernel_utils_macros.h:33:
In file included from /usr/local/Ascend/ascend-toolkit/8.5.0.alpha002/tools/tikcpp/tikcfw/impl/kernel_log.h:23:
/usr/local/Ascend/ascend-toolkit/8.5.0.alpha002/tools/tikicpulib/lib/include/stub_def.h:89:7: error: typedef redefinition with different types ('std::array<uint64_t, ConstantsInternal::b64EleSize>' (aka 'array<unsigned long, ConstantsInternal::b64EleSize>') vs 'unsigned long long __attribute__((ext_vector_type(32)))')
using vector_u64 = std::array<uint64_t, ConstantsInternal::b64EleSize>;
      ^
/usr/local/Ascend/ascend-toolkit/8.5.0.alpha002/aarch64-linux/ccec_compiler/lib/clang/15.0.5/include/__clang_cce_vector_types.h:74:28: note: previous definition is here
typedef unsigned long long vector_u64
                           ^
In file included from /home/data4t2/lelinfeng/cann-staging-liveness-x/route_support/STAGING-LIVENESS-X/V034/exact_source_kernel.cpp:8:
In file included from /home/data4t2/lelinfeng/cann-staging-liveness-x/本地实验/STAGING-LIVENESS-X/V034/src/submission.asc:3:
In file included from /usr/local/Ascend/ascend-toolkit/8.5.0.alpha002/tools/tikcpp/tikcfw/kernel_operator.h:18:
In file included from /usr/local/Ascend/ascend-toolkit/8.5.0.alpha002/tools/tikcpp/tikcfw/impl/kernel_tpipe_impl.h:22:
In file included from /usr/local/Ascend/ascend-toolkit/8.5.0.alpha002/tools/tikcpp/tikcfw/interface/kernel_tpipe.h:17:
In file included from /usr/local/Ascend/ascend-toolkit/8.5.0.alpha002/tools/tikcpp/tikcfw/impl/kernel_tpipe_base.h:17:
In file included from /usr/local/Ascend/ascend-toolkit/8.5.0.alpha002/tools/tikcpp/tikcfw/impl/kernel_tensor_impl.h:17:
In file included from /usr/local/Ascend/ascend-toolkit/8.5.0.alpha002/tools/tikcpp/tikcfw/interface/kernel_tensor.h:18:
In file included from /usr/local/Ascend/ascend-toolkit/8.5.0.alpha002/tools/tikcpp/tikcfw/impl/kernel_utils.h:17:
In file included from /usr/local/Ascend/ascend-toolkit/8.5.0.alpha002/tools/tikcpp/tikcfw/impl/utils/kernel_utils_macros.h:33:
In file included from /usr/local/Ascend/ascend-toolkit/8.5.0.alpha002/tools/tikcpp/tikcfw/impl/kernel_log.h:23:
/usr/local/Ascend/ascend-toolkit/8.5.0.alpha002/tools/tikicpulib/lib/include/stub_def.h:92:7: error: typedef redefinition with different types ('std::array<bfloat16_t, ConstantsInternal::b16EleSize>' (aka 'array<__bf16, ConstantsInternal::b16EleSize>') vs 'bfloat16_t __attribute__((ext_vector_type(128)))')
using vector_bf16 = std::array<bfloat16_t, ConstantsInternal::b16EleSize>;
      ^
/usr/local/Ascend/ascend-toolkit/8.5.0.alpha002/aarch64-linux/ccec_compiler/lib/clang/15.0.5/include/__clang_cce_vector_types.h:104:20: note: previous definition is here
typedef bfloat16_t vector_bf16 __attribute__((
                   ^
In file included from /home/data4t2/lelinfeng/cann-staging-liveness-x/route_support/STAGING-LIVENESS-X/V034/exact_source_kernel.cpp:8:
In file included from /home/data4t2/lelinfeng/cann-staging-liveness-x/本地实验/STAGING-LIVENESS-X/V034/src/submission.asc:3:
In file included from /usr/local/Ascend/ascend-toolkit/8.5.0.alpha002/tools/tikcpp/tikcfw/kernel_operator.h:18:
In file included from /usr/local/Ascend/ascend-toolkit/8.5.0.alpha002/tools/tikcpp/tikcfw/impl/kernel_tpipe_impl.h:22:
In file included from /usr/local/Ascend/ascend-toolkit/8.5.0.alpha002/tools/tikcpp/tikcfw/interface/kernel_tpipe.h:17:
In file included from /usr/local/Ascend/ascend-toolkit/8.5.0.alpha002/tools/tikcpp/tikcfw/impl/kernel_tpipe_base.h:17:
In file included from /usr/local/Ascend/ascend-toolkit/8.5.0.alpha002/tools/tikcpp/tikcfw/impl/kernel_tensor_impl.h:17:
In file included from /usr/local/Ascend/ascend-toolkit/8.5.0.alpha002/tools/tikcpp/tikcfw/interface/kernel_tensor.h:18:
In file included from /usr/local/Ascend/ascend-toolkit/8.5.0.alpha002/tools/tikcpp/tikcfw/impl/kernel_utils.h:17:
In file included from /usr/local/Ascend/ascend-toolkit/8.5.0.alpha002/tools/tikcpp/tikcfw/impl/utils/kernel_utils_macros.h:33:
In file included from /usr/local/Ascend/ascend-toolkit/8.5.0.alpha002/tools/tikcpp/tikcfw/impl/kernel_log.h:23:
/usr/local/Ascend/ascend-toolkit/8.5.0.alpha002/tools/tikicpulib/lib/include/stub_def.h:93:7: error: typedef redefinition with different types ('std::array<half, ConstantsInternal::b16EleSize>' (aka 'array<half, ConstantsInternal::b16EleSize>') vs 'half __attribute__((ext_vector_type(128)))')
using vector_f16 = std::array<half, ConstantsInternal::b16EleSize>;
      ^
/usr/local/Ascend/ascend-toolkit/8.5.0.alpha002/aarch64-linux/ccec_compiler/lib/clang/15.0.5/include/__clang_cce_vector_types.h:84:20: note: previous definition is here
typedef __cce_half vector_f16
                   ^
In file included from /home/data4t2/lelinfeng/cann-staging-liveness-x/route_support/STAGING-LIVENESS-X/V034/exact_source_kernel.cpp:8:
In file included from /home/data4t2/lelinfeng/cann-staging-liveness-x/本地实验/STAGING-LIVENESS-X/V034/src/submission.asc:3:
In file included from /usr/local/Ascend/ascend-toolkit/8.5.0.alpha002/tools/tikcpp/tikcfw/kernel_operator.h:18:
In file included from /usr/local/Ascend/ascend-toolkit/8.5.0.alpha002/tools/tikcpp/tikcfw/impl/kernel_tpipe_impl.h:22:
In file included from /usr/local/Ascend/ascend-toolkit/8.5.0.alpha002/tools/tikcpp/tikcfw/interface/kernel_tpipe.h:17:
In file included from /usr/local/Ascend/ascend-toolkit/8.5.0.alpha002/tools/tikcpp/tikcfw/impl/kernel_tpipe_base.h:17:
In file included from /usr/local/Ascend/ascend-toolkit/8.5.0.alpha002/tools/tikcpp/tikcfw/impl/kernel_tensor_impl.h:17:
In file included from /usr/local/Ascend/ascend-toolkit/8.5.0.alpha002/tools/tikcpp/tikcfw/interface/kernel_tensor.h:18:
In file included from /usr/local/Ascend/ascend-toolkit/8.5.0.alpha002/tools/tikcpp/tikcfw/impl/kernel_utils.h:17:
In file included from /usr/local/Ascend/ascend-toolkit/8.5.0.alpha002/tools/tikcpp/tikcfw/impl/utils/kernel_utils_macros.h:33:
In file included from /usr/local/Ascend/ascend-toolkit/8.5.0.alpha002/tools/tikcpp/tikcfw/impl/kernel_log.h:23:
/usr/local/Ascend/ascend-toolkit/8.5.0.alpha002/tools/tikicpulib/lib/include/stub_def.h:94:7: error: typedef redefinition with different types ('std::array<float, ConstantsInternal::b32EleSize>' vs 'float __attribute__((ext_vector_type(64)))')
using vector_f32 = std::array<float, ConstantsInternal::b32EleSize>;
      ^
/usr/local/Ascend/ascend-toolkit/8.5.0.alpha002/aarch64-linux/ccec_compiler/lib/clang/15.0.5/include/__clang_cce_vector_types.h:82:15: note: previous definition is here
typedef float vector_f32
              ^
In file included from /home/data4t2/lelinfeng/cann-staging-liveness-x/route_support/STAGING-LIVENESS-X/V034/exact_source_kernel.cpp:8:
In file included from /home/data4t2/lelinfeng/cann-staging-liveness-x/本地实验/STAGING-LIVENESS-X/V034/src/submission.asc:3:
In file included from /usr/local/Ascend/ascend-toolkit/8.5.0.alpha002/tools/tikcpp/tikcfw/kernel_operator.h:18:
In file included from /usr/local/Ascend/ascend-toolkit/8.5.0.alpha002/tools/tikcpp/tikcfw/impl/kernel_tpipe_impl.h:22:
In file included from /usr/local/Ascend/ascend-toolkit/8.5.0.alpha002/tools/tikcpp/tikcfw/interface/kernel_tpipe.h:17:
In file included from /usr/local/Ascend/ascend-toolkit/8.5.0.alpha002/tools/tikcpp/tikcfw/impl/kernel_tpipe_base.h:17:
In file included from /usr/local/Ascend/ascend-toolkit/8.5.0.alpha002/tools/tikcpp/tikcfw/impl/kernel_tensor_impl.h:17:
In file included from /usr/local/Ascend/ascend-toolkit/8.5.0.alpha002/tools/tikcpp/tikcfw/interface/kernel_tensor.h:18:
In file included from /usr/local/Ascend/ascend-toolkit/8.5.0.alpha002/tools/tikcpp/tikcfw/impl/kernel_utils.h:17:
In file included from /usr/local/Ascend/ascend-toolkit/8.5.0.alpha002/tools/tikcpp/tikcfw/impl/utils/kernel_utils_macros.h:33:
In file included from /usr/local/Ascend/ascend-toolkit/8.5.0.alpha002/tools/tikcpp/tikcfw/impl/kernel_log.h:23:
/usr/local/Ascend/ascend-toolkit/8.5.0.alpha002/tools/tikicpulib/lib/include/stub_def.h:103:8: error: redefinition of 'int4x2_t'
struct int4x2_t {
       ^
/usr/local/Ascend/ascend-toolkit/8.5.0.alpha002/aarch64-linux/ccec_compiler/lib/clang/15.0.5/include/__clang_cce_types.h:43:8: note: previous definition is here
struct int4x2_t {
       ^
In file included from /home/data4t2/lelinfeng/cann-staging-liveness-x/route_support/STAGING-LIVENESS-X/V034/exact_source_kernel.cpp:8:
In file included from /home/data4t2/lelinfeng/cann-staging-liveness-x/本地实验/STAGING-LIVENESS-X/V034/src/submission.asc:3:
In file included from /usr/local/Ascend/ascend-toolkit/8.5.0.alpha002/tools/tikcpp/tikcfw/kernel_operator.h:18:
In file included from /usr/local/Ascend/ascend-toolkit/8.5.0.alpha002/tools/tikcpp/tikcfw/impl/kernel_tpipe_impl.h:22:
In file included from /usr/local/Ascend/ascend-toolkit/8.5.0.alpha002/tools/tikcpp/tikcfw/interface/kernel_tpipe.h:17:
In file included from /usr/local/Ascend/ascend-toolkit/8.5.0.alpha002/tools/tikcpp/tikcfw/impl/kernel_tpipe_base.h:17:
In file included from /usr/local/Ascend/ascend-toolkit/8.5.0.alpha002/tools/tikcpp/tikcfw/impl/kernel_tensor_impl.h:17:
In file included from /usr/local/Ascend/ascend-toolkit/8.5.0.alpha002/tools/tikcpp/tikcfw/interface/kernel_tensor.h:18:
In file included from /usr/local/Ascend/ascend-toolkit/8.5.0.alpha002/tools/tikcpp/tikcfw/impl/kernel_utils.h:17:
In file included from /usr/local/Ascend/ascend-toolkit/8.5.0.alpha002/tools/tikcpp/tikcfw/impl/utils/kernel_utils_macros.h:33:
In file included from /usr/local/Ascend/ascend-toolkit/8.5.0.alpha002/tools/tikcpp/tikcfw/impl/kernel_log.h:23:
/usr/local/Ascend/ascend-toolkit/8.5.0.alpha002/tools/tikicpulib/lib/include/stub_def.h:121:7: error: typedef redefinition with different types ('uint16_t' (aka 'unsigned short') vs 'long long __attribute__((ext_vector_type(4)))')
using vector_bool = uint16_t; // preg index.
      ^
/usr/local/Ascend/ascend-toolkit/8.5.0.alpha002/aarch64-linux/ccec_compiler/lib/clang/15.0.5/include/__clang_cce_vector_types.h:130:19: note: previous definition is here
typedef long long vector_bool
                  ^
In file included from /home/data4t2/lelinfeng/cann-staging-liveness-x/route_support/STAGING-LIVENESS-X/V034/exact_source_kernel.cpp:8:
In file included from /home/data4t2/lelinfeng/cann-staging-liveness-x/本地实验/STAGING-LIVENESS-X/V034/src/submission.asc:3:
In file included from /usr/local/Ascend/ascend-toolkit/8.5.0.alpha002/tools/tikcpp/tikcfw/kernel_operator.h:18:
In file included from /usr/local/Ascend/ascend-toolkit/8.5.0.alpha002/tools/tikcpp/tikcfw/impl/kernel_tpipe_impl.h:22:
In file included from /usr/local/Ascend/ascend-toolkit/8.5.0.alpha002/tools/tikcpp/tikcfw/interface/kernel_tpipe.h:17:
In file included from /usr/local/Ascend/ascend-toolkit/8.5.0.alpha002/tools/tikcpp/tikcfw/impl/kernel_tpipe_base.h:17:
In file included from /usr/local/Ascend/ascend-toolkit/8.5.0.alpha002/tools/tikcpp/tikcfw/impl/kernel_tensor_impl.h:17:
In file included from /usr/local/Ascend/ascend-toolkit/8.5.0.alpha002/tools/tikcpp/tikcfw/interface/kernel_tensor.h:18:
In file included from /usr/local/Ascend/ascend-toolkit/8.5.0.alpha002/tools/tikcpp/tikcfw/impl/kernel_utils.h:17:
In file included from /usr/local/Ascend/ascend-toolkit/8.5.0.alpha002/tools/tikcpp/tikcfw/impl/utils/kernel_utils_macros.h:33:
In file included from /usr/local/Ascend/ascend-toolkit/8.5.0.alpha002/tools/tikcpp/tikcfw/impl/kernel_log.h:23:
/usr/local/Ascend/ascend-toolkit/8.5.0.alpha002/tools/tikicpulib/lib/include/stub_def.h:122:8: error: definition of type 'vector_address' conflicts with typedef of the same name
struct vector_address {
       ^
/usr/local/Ascend/ascend-toolkit/8.5.0.alpha002/aarch64-linux/ccec_compiler/lib/clang/15.0.5/include/__clang_cce_vector_types.h:158:18: note: 'vector_address' declared here
typedef uint32_t vector_address __attribute__((ext_vector_type(1)));
                 ^
In file included from /home/data4t2/lelinfeng/cann-staging-liveness-x/route_support/STAGING-LIVENESS-X/V034/exact_source_kernel.cpp:8:
In file included from /home/data4t2/lelinfeng/cann-staging-liveness-x/本地实验/STAGING-LIVENESS-X/V034/src/submission.asc:3:
In file included from /usr/local/Ascend/ascend-toolkit/8.5.0.alpha002/tools/tikcpp/tikcfw/kernel_operator.h:18:
In file included from /usr/local/Ascend/ascend-toolkit/8.5.0.alpha002/tools/tikcpp/tikcfw/impl/kernel_tpipe_impl.h:22:
In file included from /usr/local/Ascend/ascend-toolkit/8.5.0.alpha002/tools/tikcpp/tikcfw/interface/kernel_tpipe.h:17:
In file included from /usr/local/Ascend/ascend-toolkit/8.5.0.alpha002/tools/tikcpp/tikcfw/impl/kernel_tpipe_base.h:17:
In file included from /usr/local/Ascend/ascend-toolkit/8.5.0.alpha002/tools/tikcpp/tikcfw/impl/kernel_tensor_impl.h:17:
In file included from /usr/local/Ascend/ascend-toolkit/8.5.0.alpha002/tools/tikcpp/tikcfw/interface/kernel_tensor.h:18:
In file included from /usr/local/Ascend/ascend-toolkit/8.5.0.alpha002/tools/tikcpp/tikcfw/impl/kernel_utils.h:17:
In file included from /usr/local/Ascend/ascend-toolkit/8.5.0.alpha002/tools/tikcpp/tikcfw/impl/utils/kernel_utils_macros.h:33:
In file included from /usr/local/Ascend/ascend-toolkit/8.5.0.alpha002/tools/tikcpp/tikcfw/impl/kernel_log.h:23:
/usr/local/Ascend/ascend-toolkit/8.5.0.alpha002/tools/tikicpulib/lib/include/stub_def.h:132:7: error: typedef redefinition with different types ('std::array<int8_t, 32>' (aka 'array<signed char, 32>') vs 'struct vector_align')
using vector_align = std::array<int8_t, 32>;
      ^
/usr/local/Ascend/ascend-toolkit/8.5.0.alpha002/aarch64-linux/ccec_compiler/lib/clang/15.0.5/include/__clang_cce_vector_types.h:156:3: note: previous definition is here
} vector_align;
  ^
In file included from /home/data4t2/lelinfeng/cann-staging-liveness-x/route_support/STAGING-LIVENESS-X/V034/exact_source_kernel.cpp:8:
In file included from /home/data4t2/lelinfeng/cann-staging-liveness-x/本地实验/STAGING-LIVENESS-X/V034/src/submission.asc:3:
In file included from /usr/local/Ascend/ascend-toolkit/8.5.0.alpha002/tools/tikcpp/tikcfw/kernel_operator.h:18:
In file included from /usr/local/Ascend/ascend-toolkit/8.5.0.alpha002/tools/tikcpp/tikcfw/impl/kernel_tpipe_impl.h:22:
In file included from /usr/local/Ascend/ascend-toolkit/8.5.0.alpha002/tools/tikcpp/tikcfw/interface/kernel_tpipe.h:17:
In file included from /usr/local/Ascend/ascend-toolkit/8.5.0.alpha002/tools/tikcpp/tikcfw/impl/kernel_tpipe_base.h:17:
In file included from /usr/local/Ascend/ascend-toolkit/8.5.0.alpha002/tools/tikcpp/tikcfw/impl/kernel_tensor_impl.h:17:
In file included from /usr/local/Ascend/ascend-toolkit/8.5.0.alpha002/tools/tikcpp/tikcfw/interface/kernel_tensor.h:18:
In file included from /usr/local/Ascend/ascend-toolkit/8.5.0.alpha002/tools/tikcpp/tikcfw/impl/kernel_utils.h:17:
In file included from /usr/local/Ascend/ascend-toolkit/8.5.0.alpha002/tools/tikcpp/tikcfw/impl/utils/kernel_utils_macros.h:34:
In file included from /usr/local/Ascend/ascend-toolkit/8.5.0.alpha002/tools/tikcpp/tikcfw/impl/kernel_event.h:24:
/usr/local/Ascend/ascend-toolkit/8.5.0.alpha002/tools/tikicpulib/lib/include/stub_fun.h:14:5: error: redefinition of enumerator 'CRFMODE_NONE'
    CRFMODE_NONE = 0,
    ^
/usr/local/Ascend/ascend-toolkit/8.5.0.alpha002/aarch64-linux/ccec_compiler/lib/clang/15.0.5/include/cce_aicore_intrinsics.h:7:3: note: previous definition is here
  CRFMODE_NONE = 0,
  ^
In file included from /home/data4t2/lelinfeng/cann-staging-liveness-x/route_support/STAGING-LIVENESS-X/V034/exact_source_kernel.cpp:8:
In file included from /home/data4t2/lelinfeng/cann-staging-liveness-x/本地实验/STAGING-LIVENESS-X/V034/src/submission.asc:3:
In file included from /usr/local/Ascend/ascend-toolkit/8.5.0.alpha002/tools/tikcpp/tikcfw/kernel_operator.h:18:
In file included from /usr/local/Ascend/ascend-toolkit/8.5.0.alpha002/tools/tikcpp/tikcfw/impl/kernel_tpipe_impl.h:22:
In file included from /usr/local/Ascend/ascend-toolkit/8.5.0.alpha002/tools/tikcpp/tikcfw/interface/kernel_tpipe.h:17:
In file included from /usr/local/Ascend/ascend-toolkit/8.5.0.alpha002/tools/tikcpp/tikcfw/impl/kernel_tpipe_base.h:17:
In file included from /usr/local/Ascend/ascend-toolkit/8.5.0.alpha002/tools/tikcpp/tikcfw/impl/kernel_tensor_impl.h:17:
In file included from /usr/local/Ascend/ascend-toolkit/8.5.0.alpha002/tools/tikcpp/tikcfw/interface/kernel_tensor.h:18:
In file included from /usr/local/Ascend/ascend-toolkit/8.5.0.alpha002/tools/tikcpp/tikcfw/impl/kernel_utils.h:17:
In file included from /usr/local/Ascend/ascend-toolkit/8.5.0.alpha002/tools/tikcpp/tikcfw/impl/utils/kernel_utils_macros.h:34:
In file included from /usr/local/Ascend/ascend-toolkit/8.5.0.alpha002/tools/tikcpp/tikcfw/impl/kernel_event.h:24:
/usr/local/Ascend/ascend-toolkit/8.5.0.alpha002/tools/tikicpulib/lib/include/stub_fun.h:15:5: error: redefinition of enumerator 'CRFMODE_DEQSCALE_VDEQ8'
    CRFMODE_DEQSCALE_VDEQ8 = 8,
    ^
/usr/local/Ascend/ascend-toolkit/8.5.0.alpha002/aarch64-linux/ccec_compiler/lib/clang/15.0.5/include/cce_aicore_intrinsics.h:8:3: note: previous definition is here
  CRFMODE_DEQSCALE_VDEQ8 = 8,
  ^
fatal error: too many errors emitted, stopping now [-ferror-limit=]
23 warnings and 20 errors generated.
gmake[6]: *** [CMakeFiles/aiv_obj.dir/build.make:76: CMakeFiles/aiv_obj.dir/home/data4t2/lelinfeng/cann-staging-liveness-x/route_support/STAGING-LIVENESS-X/V034/exact_source_kernel.cpp.o] Error 1
gmake[5]: *** [CMakeFiles/Makefile2:119: CMakeFiles/aiv_obj.dir/all] Error 2
gmake[5]: *** Waiting for unfinished jobs....
24 warnings and 20 errors generated.
gmake[6]: *** [CMakeFiles/aic_obj.dir/build.make:76: CMakeFiles/aic_obj.dir/home/data4t2/lelinfeng/cann-staging-liveness-x/route_support/STAGING-LIVENESS-X/V034/exact_source_kernel.cpp.o] Error 1
gmake[5]: *** [CMakeFiles/Makefile2:171: CMakeFiles/aic_obj.dir/all] Error 2
gmake[4]: *** [Makefile:91: all] Error 2
gmake[3]: *** [CMakeFiles/v034_exact_kernel_preprocess.dir/build.make:86: v034_exact_kernel_preprocess-prefix/src/v034_exact_kernel_preprocess-stamp/v034_exact_kernel_preprocess-build] Error 2
gmake[2]: *** [CMakeFiles/Makefile2:152: CMakeFiles/v034_exact_kernel_preprocess.dir/all] Error 2
gmake[1]: *** [CMakeFiles/Makefile2:344: CMakeFiles/route_runner.dir/rule] Error 2
gmake: *** [Makefile:286: route_runner] Error 2

CONFIGURE_RC=0
BUILD_RC=2
