OFFICIAL_RANK	RESULT_PATH	SOURCE_META_PATH	SUBMISSION_ID	STATUS	STATUS_KEY	PASS_COUNT	TESTCASE_COUNT	OFFICIAL_SCORE	CALCULATED_SCORE	MAX_OUTPUT_ERROR_PERCENT	SOURCE_PATH	SOURCE_SHA256	SOURCE_COMMIT	SOURCE_DATE	SOURCE_LINES	SOURCE_BYTES	TESTCASES_JSON
54	线上结果/A001/V002/result.json	UNKNOWN	6ab0b1bbb0477ec41e025e1d	Pass	pass	15	15	25.5	25.504336988800603	0	/Users/sunyiyang/Desktop/Project/cann/phase4/workspaces/A001/submission_v002.asc	051362cc1d3282b5d7ac8ffcde514697a05e26eaed66304e876ea8a560d79e0b	UNKNOWN	UNKNOWN	312	12693	"[{""index"":1,""testcaseId"":""6a9a9a99bf41025d6013eb8a"",""status"":""Pass"",""statusKey"":""pass"",""errorPercent"":0,""timeUs"":5.82,""bestTimeUs"":1.7,""score"":24.781853761021463},{""index"":2,""testcaseId"":""6a9a9a99bf41025d6013eb8e"",""status"":""Pass"",""statusKey"":""pass"",""errorPercent"":0,""timeUs"":3.94,""bestTimeUs"":2.16,""score"":40.2831552633367},{""index"":3,""testcaseId"":""6a9a9a99bf41025d6013eb92"",""status"":""Pass"",""statusKey"":""pass"",""errorPercent"":0,""timeUs"":9.16,""bestTimeUs"":2.48,""score"":23.68298019122843},{""index"":4,""testcaseId"":""6a9a9a99bf41025d6013eb96"",""status"":""Pass"",""statusKey"":""pass"",""errorPercent"":0,""timeUs"":89.21,""bestTimeUs"":6.66,""score"":13.51397758506868},{""index"":5,""testcaseId"":""6a9a9a99bf41025d6013eb9a"",""status"":""Pass"",""statusKey"":""pass"",""errorPercent"":0,""timeUs"":16.14,""bestTimeUs"":5.2,""score"":26.36130449888666},{""index"":6,""testcaseId"":""6a9a9a99bf41025d6013eb9e"",""status"":""Pass"",""statusKey"":""pass"",""errorPercent"":0,""timeUs"":116.15,""bestTimeUs"":10.86,""score"":14.609979788257386},{""index"":7,""testcaseId"":""6a9a9a99bf41025d6013eba2"",""status"":""Pass"",""statusKey"":""pass"",""errorPercent"":0,""timeUs"":236.27,""bestTimeUs"":14.05,""score"":12.561585465787063},{""index"":8,""testcaseId"":""6a9a9a99bf41025d6013eba6"",""status"":""Pass"",""statusKey"":""pass"",""errorPercent"":0,""timeUs"":400.38,""bestTimeUs"":30.41,""score"":13.59203718189168},{""index"":9,""testcaseId"":""6a9a9a99bf41025d6013ebaa"",""status"":""Pass"",""statusKey"":""pass"",""errorPercent"":0,""timeUs"":186.99,""bestTimeUs"":50.61,""score"":23.67857744259788},{""index"":10,""testcaseId"":""6a9a9a99bf41025d6013ebae"",""status"":""Pass"",""statusKey"":""pass"",""errorPercent"":0,""timeUs"":321.39,""bestTimeUs"":47.35,""score"":17.472774742947752},{""index"":11,""testcaseId"":""6a9a9a99bf41025d6013ebb2"",""status"":""Pass"",""statusKey"":""pass"",""errorPercent"":0,""timeUs"":239.05,""bestTimeUs"":131.71,""score"":40.48435489050768},{""index"":12,""testcaseId"":""6a9a9a99bf41025d6013ebb6"",""status"":""Pass"",""statusKey"":""pass"",""errorPercent"":0,""timeUs"":206.32,""bestTimeUs"":76.55,""score"":29.025040085474703},{""index"":13,""testcaseId"":""6a9a9a99bf41025d6013ebba"",""status"":""Pass"",""statusKey"":""pass"",""errorPercent"":0,""timeUs"":719.43,""bestTimeUs"":395.02,""score"":40.34527088370146},{""index"":14,""testcaseId"":""6a9a9a99bf41025d6013ebbe"",""status"":""Pass"",""statusKey"":""pass"",""errorPercent"":0,""timeUs"":124949.87,""bestTimeUs"":3750.12,""score"":10.365736694712803},{""index"":15,""testcaseId"":""6a9a9a99bf41025d6013ebc2"",""status"":""Pass"",""statusKey"":""pass"",""errorPercent"":0,""timeUs"":12187.19,""bestTimeUs"":8357.81,""score"":51.806426356588695}]"
52	线上结果/A001/V003/result.json	UNKNOWN	6ab0fdbcb0477ec41e342a33	Pass	pass	15	15	25.74	25.74155623197238	0	/Users/sunyiyang/Desktop/Project/cann/phase4/workspaces/A001/submission_v003.asc	c9eb6061a318eee80b1310c242191ec9e1f68fbd4111d5d0af1194eade9e6a63	UNKNOWN	UNKNOWN	323	13306	"[{""index"":1,""testcaseId"":""6a9a9a99bf41025d6013eb8a"",""status"":""Pass"",""statusKey"":""pass"",""errorPercent"":0,""timeUs"":5.18,""bestTimeUs"":1.7,""score"":26.681621805431263},{""index"":2,""testcaseId"":""6a9a9a99bf41025d6013eb8e"",""status"":""Pass"",""statusKey"":""pass"",""errorPercent"":0,""timeUs"":3.98,""bestTimeUs"":2.16,""score"":39.88291079529763},{""index"":3,""testcaseId"":""6a9a9a99bf41025d6013eb92"",""status"":""Pass"",""statusKey"":""pass"",""errorPercent"":0,""timeUs"":9.19,""bestTimeUs"":2.48,""score"":23.63783555684554},{""index"":4,""testcaseId"":""6a9a9a99bf41025d6013eb96"",""status"":""Pass"",""statusKey"":""pass"",""errorPercent"":0,""timeUs"":85.06,""bestTimeUs"":6.66,""score"":13.73199996513827},{""index"":5,""testcaseId"":""6a9a9a99bf41025d6013eb9a"",""status"":""Pass"",""statusKey"":""pass"",""errorPercent"":0,""timeUs"":16.11,""bestTimeUs"":5.2,""score"":26.39322925565528},{""index"":6,""testcaseId"":""6a9a9a99bf41025d6013eb9e"",""status"":""Pass"",""statusKey"":""pass"",""errorPercent"":0,""timeUs"":110.38,""bestTimeUs"":10.86,""score"":14.883234387450871},{""index"":7,""testcaseId"":""6a9a9a99bf41025d6013eba2"",""status"":""Pass"",""statusKey"":""pass"",""errorPercent"":0,""timeUs"":223.96,""bestTimeUs"":14.05,""score"":12.773329811006318},{""index"":8,""testcaseId"":""6a9a9a99bf41025d6013eba6"",""status"":""Pass"",""statusKey"":""pass"",""errorPercent"":0,""timeUs"":380.89,""bestTimeUs"":30.41,""score"":13.823282556365092},{""index"":9,""testcaseId"":""6a9a9a99bf41025d6013ebaa"",""status"":""Pass"",""statusKey"":""pass"",""errorPercent"":0,""timeUs"":187.28,""bestTimeUs"":50.61,""score"":23.657167873083598},{""index"":10,""testcaseId"":""6a9a9a99bf41025d6013ebae"",""status"":""Pass"",""statusKey"":""pass"",""errorPercent"":0,""timeUs"":306.21,""bestTimeUs"":47.16,""score"":17.81332301776385},{""index"":11,""testcaseId"":""6a9a9a99bf41025d6013ebb2"",""status"":""Pass"",""statusKey"":""pass"",""errorPercent"":0,""timeUs"":244.23,""bestTimeUs"":131.65,""score"":39.618308267041776},{""index"":12,""testcaseId"":""6a9a9a99bf41025d6013ebb6"",""status"":""Pass"",""statusKey"":""pass"",""errorPercent"":0,""timeUs"":205.31,""bestTimeUs"":76.55,""score"":29.12736130453857},{""index"":13,""testcaseId"":""6a9a9a99bf41025d6013ebba"",""status"":""Pass"",""statusKey"":""pass"",""errorPercent"":0,""timeUs"":721.79,""bestTimeUs"":395.02,""score"":40.21422272182123},{""index"":14,""testcaseId"":""6a9a9a99bf41025d6013ebbe"",""status"":""Pass"",""statusKey"":""pass"",""errorPercent"":0,""timeUs"":118631.29,""bestTimeUs"":3750.12,""score"":10.50510054282445},{""index"":15,""testcaseId"":""6a9a9a99bf41025d6013ebc2"",""status"":""Pass"",""statusKey"":""pass"",""errorPercent"":0,""timeUs"":11909.16,""bestTimeUs"":8357.81,""score"":53.38041561932198}]"
53	线上结果/A001/V004/result.json	UNKNOWN	6ab1160d0304f72a56c3a755	Pass	pass	15	15	25.56	25.556140142698304	0	/Users/sunyiyang/Desktop/Project/cann/phase4/workspaces/A001/submission_v004.asc	64d4ece65ee8d81a95929fa40a7b2d878b7dfe6f47a7dd4edf9e40a39b32a173	UNKNOWN	UNKNOWN	321	13172	"[{""index"":1,""testcaseId"":""6a9a9a99bf41025d6013eb8a"",""status"":""Pass"",""statusKey"":""pass"",""errorPercent"":0,""timeUs"":4.99,""bestTimeUs"":1.7,""score"":27.354284392671154},{""index"":2,""testcaseId"":""6a9a9a99bf41025d6013eb8e"",""status"":""Pass"",""statusKey"":""pass"",""errorPercent"":0,""timeUs"":3.9,""bestTimeUs"":2.16,""score"":40.6957241435392},{""index"":3,""testcaseId"":""6a9a9a99bf41025d6013eb92"",""status"":""Pass"",""statusKey"":""pass"",""errorPercent"":0,""timeUs"":8.75,""bestTimeUs"":2.47,""score"":24.27497745424094},{""index"":4,""testcaseId"":""6a9a9a99bf41025d6013eb96"",""status"":""Pass"",""statusKey"":""pass"",""errorPercent"":0,""timeUs"":89,""bestTimeUs"":6.66,""score"":13.524601182259758},{""index"":5,""testcaseId"":""6a9a9a99bf41025d6013eb9a"",""status"":""Pass"",""statusKey"":""pass"",""errorPercent"":0,""timeUs"":15.59,""bestTimeUs"":5.2,""score"":26.969226721303446},{""index"":6,""testcaseId"":""6a9a9a99bf41025d6013eb9e"",""status"":""Pass"",""statusKey"":""pass"",""errorPercent"":0,""timeUs"":115.88,""bestTimeUs"":10.86,""score"":14.622241748490948},{""index"":7,""testcaseId"":""6a9a9a99bf41025d6013eba2"",""status"":""Pass"",""statusKey"":""pass"",""errorPercent"":0,""timeUs"":236.49,""bestTimeUs"":14.05,""score"":12.557964518473675},{""index"":8,""testcaseId"":""6a9a9a99bf41025d6013eba6"",""status"":""Pass"",""statusKey"":""pass"",""errorPercent"":0,""timeUs"":400.49,""bestTimeUs"":30.41,""score"":13.590785666232529},{""index"":9,""testcaseId"":""6a9a9a99bf41025d6013ebaa"",""status"":""Pass"",""statusKey"":""pass"",""errorPercent"":0,""timeUs"":186.66,""bestTimeUs"":68.25,""score"":28.72427539488136},{""index"":10,""testcaseId"":""6a9a9a99bf41025d6013ebae"",""status"":""Pass"",""statusKey"":""pass"",""errorPercent"":0,""timeUs"":321.15,""bestTimeUs"":47.16,""score"":17.448159843974274},{""index"":11,""testcaseId"":""6a9a9a99bf41025d6013ebb2"",""status"":""Pass"",""statusKey"":""pass"",""errorPercent"":0,""timeUs"":240.26,""bestTimeUs"":131.65,""score"":40.26306317598457},{""index"":12,""testcaseId"":""6a9a9a99bf41025d6013ebb6"",""status"":""Pass"",""statusKey"":""pass"",""errorPercent"":0,""timeUs"":228.22,""bestTimeUs"":76.55,""score"":27.070149524325007},{""index"":13,""testcaseId"":""6a9a9a99bf41025d6013ebba"",""status"":""Pass"",""statusKey"":""pass"",""errorPercent"":0,""timeUs"":723.77,""bestTimeUs"":395.02,""score"":40.10525776811939},{""index"":14,""testcaseId"":""6a9a9a99bf41025d6013ebbe"",""status"":""Pass"",""statusKey"":""pass"",""errorPercent"":0,""timeUs"":124885.95,""bestTimeUs"":3750.12,""score"":10.367092869733547},{""index"":15,""testcaseId"":""6a9a9a99bf41025d6013ebc2"",""status"":""Pass"",""statusKey"":""pass"",""errorPercent"":0,""timeUs"":13511.26,""bestTimeUs"":8357.81,""score"":45.774297736244726}]"
51	线上结果/A001/V005/result.json	UNKNOWN	6ab13cbd0304f72a56de3b7a	Pass	pass	15	15	25.97	25.965046094789805	0	/Users/sunyiyang/Desktop/Project/cann/phase4/workspaces/A001/submission_v005.asc	0e97480c6f6ffdde46f3a1b59175e58f7bca5c76630267cd01ffb4208ff37711	UNKNOWN	UNKNOWN	324	13351	"[{""index"":1,""testcaseId"":""6a9a9a99bf41025d6013eb8a"",""status"":""Pass"",""statusKey"":""pass"",""errorPercent"":0,""timeUs"":5.2,""bestTimeUs"":1.7,""score"":26.614132613462974},{""index"":2,""testcaseId"":""6a9a9a99bf41025d6013eb8e"",""status"":""Pass"",""statusKey"":""pass"",""errorPercent"":0,""timeUs"":3.92,""bestTimeUs"":2.16,""score"":40.487862513767645},{""index"":3,""testcaseId"":""6a9a9a99bf41025d6013eb92"",""status"":""Pass"",""statusKey"":""pass"",""errorPercent"":0,""timeUs"":8.82,""bestTimeUs"":2.47,""score"":24.159723488119806},{""index"":4,""testcaseId"":""6a9a9a99bf41025d6013eb96"",""status"":""Pass"",""statusKey"":""pass"",""errorPercent"":0,""timeUs"":89.01,""bestTimeUs"":6.66,""score"":13.524094349395504},{""index"":5,""testcaseId"":""6a9a9a99bf41025d6013eb9a"",""status"":""Pass"",""statusKey"":""pass"",""errorPercent"":0,""timeUs"":16.28,""bestTimeUs"":5.2,""score"":26.214108426434162},{""index"":6,""testcaseId"":""6a9a9a99bf41025d6013eb9e"",""status"":""Pass"",""statusKey"":""pass"",""errorPercent"":0,""timeUs"":116.04,""bestTimeUs"":10.86,""score"":14.61496947455285},{""index"":7,""testcaseId"":""6a9a9a99bf41025d6013eba2"",""status"":""Pass"",""statusKey"":""pass"",""errorPercent"":0,""timeUs"":236.4,""bestTimeUs"":14.05,""score"":12.559445155474599},{""index"":8,""testcaseId"":""6a9a9a99bf41025d6013eba6"",""status"":""Pass"",""statusKey"":""pass"",""errorPercent"":0,""timeUs"":399.39,""bestTimeUs"":30.41,""score"":13.603326728436125},{""index"":9,""testcaseId"":""6a9a9a99bf41025d6013ebaa"",""status"":""Pass"",""statusKey"":""pass"",""errorPercent"":0,""timeUs"":187,""bestTimeUs"":68.25,""score"":28.687291081727953},{""index"":10,""testcaseId"":""6a9a9a99bf41025d6013ebae"",""status"":""Pass"",""statusKey"":""pass"",""errorPercent"":0,""timeUs"":321.41,""bestTimeUs"":47.16,""score"":17.442085711762818},{""index"":11,""testcaseId"":""6a9a9a99bf41025d6013ebb2"",""status"":""Pass"",""statusKey"":""pass"",""errorPercent"":0,""timeUs"":242.26,""bestTimeUs"":131.65,""score"":39.93432748400367},{""index"":12,""testcaseId"":""6a9a9a99bf41025d6013ebb6"",""status"":""Pass"",""statusKey"":""pass"",""errorPercent"":0,""timeUs"":215.14,""bestTimeUs"":76.55,""score"":28.180587983752023},{""index"":13,""testcaseId"":""6a9a9a99bf41025d6013ebba"",""status"":""Pass"",""statusKey"":""pass"",""errorPercent"":0,""timeUs"":723.86,""bestTimeUs"":395.02,""score"":40.1003259090493},{""index"":14,""testcaseId"":""6a9a9a99bf41025d6013ebbe"",""status"":""Pass"",""statusKey"":""pass"",""errorPercent"":0,""timeUs"":124365.05,""bestTimeUs"":3750.12,""score"":10.378183926824056},{""index"":15,""testcaseId"":""6a9a9a99bf41025d6013ebc2"",""status"":""Pass"",""statusKey"":""pass"",""errorPercent"":0,""timeUs"":11955.49,""bestTimeUs"":8341.72,""score"":52.97522657508353}]"
49	线上结果/A001/V006/result.json	UNKNOWN	6ab1ff5b0304f72a5631169f	Pass	pass	15	15	27.3	27.297482979929086	0	/Users/sunyiyang/Desktop/Project/cann/phase4/workspaces/A001/submission_v006.asc	aabc2d1f4b23eef65f1529de93c273747c4d6ca9bb38e0f0bd536a55897f39b3	UNKNOWN	UNKNOWN	324	13351	"[{""index"":1,""testcaseId"":""6a9a9a99bf41025d6013eb8a"",""status"":""Pass"",""statusKey"":""pass"",""errorPercent"":0,""timeUs"":5.04,""bestTimeUs"":1.7,""score"":27.171521303679587},{""index"":2,""testcaseId"":""6a9a9a99bf41025d6013eb8e"",""status"":""Pass"",""statusKey"":""pass"",""errorPercent"":0,""timeUs"":3.88,""bestTimeUs"":2.16,""score"":40.90681641156305},{""index"":3,""testcaseId"":""6a9a9a99bf41025d6013eb92"",""status"":""Pass"",""statusKey"":""pass"",""errorPercent"":0,""timeUs"":9.15,""bestTimeUs"":2.47,""score"":23.64226882099886},{""index"":4,""testcaseId"":""6a9a9a99bf41025d6013eb96"",""status"":""Pass"",""statusKey"":""pass"",""errorPercent"":0,""timeUs"":90.09,""bestTimeUs"":6.66,""score"":13.469908885975924},{""index"":5,""testcaseId"":""6a9a9a99bf41025d6013eb9a"",""status"":""Pass"",""statusKey"":""pass"",""errorPercent"":0,""timeUs"":14.63,""bestTimeUs"":5.2,""score"":28.15963216933753},{""index"":6,""testcaseId"":""6a9a9a99bf41025d6013eb9e"",""status"":""Pass"",""statusKey"":""pass"",""errorPercent"":0,""timeUs"":116.63,""bestTimeUs"":10.86,""score"":14.588301397522288},{""index"":7,""testcaseId"":""6a9a9a99bf41025d6013eba2"",""status"":""Pass"",""statusKey"":""pass"",""errorPercent"":0,""timeUs"":237.74,""bestTimeUs"":14.05,""score"":12.537494016459982},{""index"":8,""testcaseId"":""6a9a9a99bf41025d6013eba6"",""status"":""Pass"",""statusKey"":""pass"",""errorPercent"":0,""timeUs"":401.77,""bestTimeUs"":30.16,""score"":13.538842986901996},{""index"":9,""testcaseId"":""6a9a9a99bf41025d6013ebaa"",""status"":""Pass"",""statusKey"":""pass"",""errorPercent"":0,""timeUs"":188.49,""bestTimeUs"":68.25,""score"":28.527108982045533},{""index"":10,""testcaseId"":""6a9a9a99bf41025d6013ebae"",""status"":""Pass"",""statusKey"":""pass"",""errorPercent"":0,""timeUs"":322.25,""bestTimeUs"":47.16,""score"":17.42252390316075},{""index"":11,""testcaseId"":""6a9a9a99bf41025d6013ebb2"",""status"":""Pass"",""statusKey"":""pass"",""errorPercent"":0,""timeUs"":236.31,""bestTimeUs"":131.38,""score"":40.85226044293715},{""index"":12,""testcaseId"":""6a9a9a99bf41025d6013ebb6"",""status"":""Pass"",""statusKey"":""pass"",""errorPercent"":0,""timeUs"":162.05,""bestTimeUs"":76.55,""score"":35.09226360916513},{""index"":13,""testcaseId"":""6a9a9a99bf41025d6013ebba"",""status"":""Pass"",""statusKey"":""pass"",""errorPercent"":0,""timeUs"":703.57,""bestTimeUs"":395.02,""score"":41.26047859771017},{""index"":14,""testcaseId"":""6a9a9a99bf41025d6013ebbe"",""status"":""Pass"",""statusKey"":""pass"",""errorPercent"":0,""timeUs"":125075.65,""bestTimeUs"":3750.12,""score"":10.363071110256337},{""index"":15,""testcaseId"":""6a9a9a99bf41025d6013ebc2"",""status"":""Pass"",""statusKey"":""pass"",""errorPercent"":0,""timeUs"":10677.6,""bestTimeUs"":8321.94,""score"":61.92975206122198}]"
50	线上结果/A001/V007/result.json	UNKNOWN	6ab206100304f72a56347d31	Pass	pass	15	15	27.24	27.240942200565424	0	/Users/sunyiyang/Desktop/Project/cann/phase4/workspaces/A001/submission_v007.asc	33b15bef22379fc8f4f65cf1cd1369fc862e2e438498cf66f718ec8ca76c87ff	UNKNOWN	UNKNOWN	322	13217	"[{""index"":1,""testcaseId"":""6a9a9a99bf41025d6013eb8a"",""status"":""Pass"",""statusKey"":""pass"",""errorPercent"":0,""timeUs"":5.25,""bestTimeUs"":1.7,""score"":26.44800616128747},{""index"":2,""testcaseId"":""6a9a9a99bf41025d6013eb8e"",""status"":""Pass"",""statusKey"":""pass"",""errorPercent"":0,""timeUs"":3.9,""bestTimeUs"":2.16,""score"":40.6957241435392},{""index"":3,""testcaseId"":""6a9a9a99bf41025d6013eb92"",""status"":""Pass"",""statusKey"":""pass"",""errorPercent"":0,""timeUs"":9.02,""bestTimeUs"":2.47,""score"":23.841193879480613},{""index"":4,""testcaseId"":""6a9a9a99bf41025d6013eb96"",""status"":""Pass"",""statusKey"":""pass"",""errorPercent"":0,""timeUs"":89.97,""bestTimeUs"":6.66,""score"":13.475875971136949},{""index"":5,""testcaseId"":""6a9a9a99bf41025d6013eb9a"",""status"":""Pass"",""statusKey"":""pass"",""errorPercent"":0,""timeUs"":14.96,""bestTimeUs"":5.2,""score"":27.730054994221216},{""index"":6,""testcaseId"":""6a9a9a99bf41025d6013eb9e"",""status"":""Pass"",""statusKey"":""pass"",""errorPercent"":0,""timeUs"":116.6,""bestTimeUs"":10.86,""score"":14.589651799320196},{""index"":7,""testcaseId"":""6a9a9a99bf41025d6013eba2"",""status"":""Pass"",""statusKey"":""pass"",""errorPercent"":0,""timeUs"":237.56,""bestTimeUs"":14.05,""score"":12.540431019677133},{""index"":8,""testcaseId"":""6a9a9a99bf41025d6013eba6"",""status"":""Pass"",""statusKey"":""pass"",""errorPercent"":0,""timeUs"":400.4,""bestTimeUs"":30.16,""score"":13.554302286021885},{""index"":9,""testcaseId"":""6a9a9a99bf41025d6013ebaa"",""status"":""Pass"",""statusKey"":""pass"",""errorPercent"":0,""timeUs"":189.59,""bestTimeUs"":68.25,""score"":28.410796083430565},{""index"":10,""testcaseId"":""6a9a9a99bf41025d6013ebae"",""status"":""Pass"",""statusKey"":""pass"",""errorPercent"":0,""timeUs"":321.49,""bestTimeUs"":47.16,""score"":17.44021858668577},{""index"":11,""testcaseId"":""6a9a9a99bf41025d6013ebb2"",""status"":""Pass"",""statusKey"":""pass"",""errorPercent"":0,""timeUs"":235.14,""bestTimeUs"":131.38,""score"":41.05758320372069},{""index"":12,""testcaseId"":""6a9a9a99bf41025d6013ebb6"",""status"":""Pass"",""statusKey"":""pass"",""errorPercent"":0,""timeUs"":162.06,""bestTimeUs"":76.55,""score"":35.09038954847923},{""index"":13,""testcaseId"":""6a9a9a99bf41025d6013ebba"",""status"":""Pass"",""statusKey"":""pass"",""errorPercent"":0,""timeUs"":704.02,""bestTimeUs"":395.02,""score"":41.23364994245344},{""index"":14,""testcaseId"":""6a9a9a99bf41025d6013ebbe"",""status"":""Pass"",""statusKey"":""pass"",""errorPercent"":0,""timeUs"":124964.64,""bestTimeUs"":3750.12,""score"":10.365423472354813},{""index"":15,""testcaseId"":""6a9a9a99bf41025d6013ebc2"",""status"":""Pass"",""statusKey"":""pass"",""errorPercent"":0,""timeUs"":10653.88,""bestTimeUs"":8321.94,""score"":62.140831916672255}]"
47	线上结果/A001/V008/result.json	UNKNOWN	6ab219bd0304f72a563e8037	Pass	pass	15	15	28.1	28.10027400941773	0	/Users/sunyiyang/Desktop/Project/cann/phase4/workspaces/A001/submission_v008.asc	e37c16958510449a6bb8afb2423f13e1c03fbbc84a228d856604248df76974f6	UNKNOWN	UNKNOWN	321	13121	"[{""index"":1,""testcaseId"":""6a9a9a99bf41025d6013eb8a"",""status"":""Pass"",""statusKey"":""pass"",""errorPercent"":0,""timeUs"":4.97,""bestTimeUs"":1.7,""score"":27.42859943666324},{""index"":2,""testcaseId"":""6a9a9a99bf41025d6013eb8e"",""status"":""Pass"",""statusKey"":""pass"",""errorPercent"":0,""timeUs"":3.87,""bestTimeUs"":2.16,""score"":41.01359854772101},{""index"":3,""testcaseId"":""6a9a9a99bf41025d6013eb92"",""status"":""Pass"",""statusKey"":""pass"",""errorPercent"":0,""timeUs"":8.82,""bestTimeUs"":2.47,""score"":24.159723488119806},{""index"":4,""testcaseId"":""6a9a9a99bf41025d6013eb96"",""status"":""Pass"",""statusKey"":""pass"",""errorPercent"":0,""timeUs"":85.33,""bestTimeUs"":6.66,""score"":13.717276900045585},{""index"":5,""testcaseId"":""6a9a9a99bf41025d6013eb9a"",""status"":""Pass"",""statusKey"":""pass"",""errorPercent"":0,""timeUs"":13.94,""bestTimeUs"":5.2,""score"":29.13726453986009},{""index"":6,""testcaseId"":""6a9a9a99bf41025d6013eb9e"",""status"":""Pass"",""statusKey"":""pass"",""errorPercent"":0,""timeUs"":110.65,""bestTimeUs"":10.86,""score"":14.869899338488837},{""index"":7,""testcaseId"":""6a9a9a99bf41025d6013eba2"",""status"":""Pass"",""statusKey"":""pass"",""errorPercent"":0,""timeUs"":225.75,""bestTimeUs"":14.05,""score"":12.741376214036695},{""index"":8,""testcaseId"":""6a9a9a99bf41025d6013eba6"",""status"":""Pass"",""statusKey"":""pass"",""errorPercent"":0,""timeUs"":381.92,""bestTimeUs"":30.16,""score"":13.771844792006068},{""index"":9,""testcaseId"":""6a9a9a99bf41025d6013ebaa"",""status"":""Pass"",""statusKey"":""pass"",""errorPercent"":0,""timeUs"":187.91,""bestTimeUs"":68.25,""score"":28.589097812503237},{""index"":10,""testcaseId"":""6a9a9a99bf41025d6013ebae"",""status"":""Pass"",""statusKey"":""pass"",""errorPercent"":0,""timeUs"":306.48,""bestTimeUs"":47.16,""score"":17.80642822423744},{""index"":11,""testcaseId"":""6a9a9a99bf41025d6013ebb2"",""status"":""Pass"",""statusKey"":""pass"",""errorPercent"":0,""timeUs"":199.85,""bestTimeUs"":131.38,""score"":49.15096138181893},{""index"":12,""testcaseId"":""6a9a9a99bf41025d6013ebb6"",""status"":""Pass"",""statusKey"":""pass"",""errorPercent"":0,""timeUs"":151.56,""bestTimeUs"":76.55,""score"":37.249807072617095},{""index"":13,""testcaseId"":""6a9a9a99bf41025d6013ebba"",""status"":""Pass"",""statusKey"":""pass"",""errorPercent"":0,""timeUs"":645.06,""bestTimeUs"":393.51,""score"":45.06660256733848},{""index"":14,""testcaseId"":""6a9a9a99bf41025d6013ebbe"",""status"":""Pass"",""statusKey"":""pass"",""errorPercent"":0,""timeUs"":118183.7,""bestTimeUs"":3750.12,""score"":10.515399047797535},{""index"":15,""testcaseId"":""6a9a9a99bf41025d6013ebc2"",""status"":""Pass"",""statusKey"":""pass"",""errorPercent"":0,""timeUs"":11402.05,""bestTimeUs"":8321.94,""score"":56.28623077801195}]"
48	线上结果/A001/V009/result.json	UNKNOWN	6ab244120304f72a5658df08	Pass	pass	15	15	27.72	27.724042602815494	0	/Users/sunyiyang/Desktop/Project/cann/phase4/workspaces/A001/submission_v009.asc	7cf333456fff91807a3a5c8d565b563a590ead04e533e107ede213829800ebb7	UNKNOWN	UNKNOWN	363	14825	"[{""index"":1,""testcaseId"":""6a9a9a99bf41025d6013eb8a"",""status"":""Pass"",""statusKey"":""pass"",""errorPercent"":0,""timeUs"":5.23,""bestTimeUs"":1.7,""score"":26.51401684237453},{""index"":2,""testcaseId"":""6a9a9a99bf41025d6013eb8e"",""status"":""Pass"",""statusKey"":""pass"",""errorPercent"":0,""timeUs"":3.95,""bestTimeUs"":2.16,""score"":40.18196135968533},{""index"":3,""testcaseId"":""6a9a9a99bf41025d6013eb92"",""status"":""Pass"",""statusKey"":""pass"",""errorPercent"":0,""timeUs"":9.06,""bestTimeUs"":2.47,""score"":23.77932584490897},{""index"":4,""testcaseId"":""6a9a9a99bf41025d6013eb96"",""status"":""Pass"",""statusKey"":""pass"",""errorPercent"":0,""timeUs"":90.16,""bestTimeUs"":6.66,""score"":13.466434191947375},{""index"":5,""testcaseId"":""6a9a9a99bf41025d6013eb9a"",""status"":""Pass"",""statusKey"":""pass"",""errorPercent"":0,""timeUs"":13.86,""bestTimeUs"":5.2,""score"":29.258274295024833},{""index"":6,""testcaseId"":""6a9a9a99bf41025d6013eb9e"",""status"":""Pass"",""statusKey"":""pass"",""errorPercent"":0,""timeUs"":116.58,""bestTimeUs"":10.86,""score"":14.590552399166876},{""index"":7,""testcaseId"":""6a9a9a99bf41025d6013eba2"",""status"":""Pass"",""statusKey"":""pass"",""errorPercent"":0,""timeUs"":237.03,""bestTimeUs"":14.05,""score"":12.54909982026636},{""index"":8,""testcaseId"":""6a9a9a99bf41025d6013eba6"",""status"":""Pass"",""statusKey"":""pass"",""errorPercent"":0,""timeUs"":400.96,""bestTimeUs"":30.16,""score"":13.547972508891299},{""index"":9,""testcaseId"":""6a9a9a99bf41025d6013ebaa"",""status"":""Pass"",""statusKey"":""pass"",""errorPercent"":0,""timeUs"":188.81,""bestTimeUs"":68.25,""score"":28.493104409782976},{""index"":10,""testcaseId"":""6a9a9a99bf41025d6013ebae"",""status"":""Pass"",""statusKey"":""pass"",""errorPercent"":0,""timeUs"":322.04,""bestTimeUs"":47.16,""score"":17.42740545866987},{""index"":11,""testcaseId"":""6a9a9a99bf41025d6013ebb2"",""status"":""Pass"",""statusKey"":""pass"",""errorPercent"":0,""timeUs"":200.79,""bestTimeUs"":131.38,""score"":48.87295709951007},{""index"":12,""testcaseId"":""6a9a9a99bf41025d6013ebb6"",""status"":""Pass"",""statusKey"":""pass"",""errorPercent"":0,""timeUs"":162.42,""bestTimeUs"":76.55,""score"":35.023133021537916},{""index"":13,""testcaseId"":""6a9a9a99bf41025d6013ebba"",""status"":""Pass"",""statusKey"":""pass"",""errorPercent"":0,""timeUs"":646.54,""bestTimeUs"":393.51,""score"":44.952100011199576},{""index"":14,""testcaseId"":""6a9a9a99bf41025d6013ebbe"",""status"":""Pass"",""statusKey"":""pass"",""errorPercent"":0,""timeUs"":124619.49,""bestTimeUs"":3750.12,""score"":10.372757608623349},{""index"":15,""testcaseId"":""6a9a9a99bf41025d6013ebc2"",""status"":""Pass"",""statusKey"":""pass"",""errorPercent"":0,""timeUs"":11323.51,""bestTimeUs"":8321.94,""score"":56.8315441706431}]"
45	线上结果/A001/V010/result.json	UNKNOWN	6ab28cc30304f72a5685b35b	Pass	pass	15	15	33.25	33.255	0	/Users/sunyiyang/Desktop/Project/cann/phase4/workspaces/A001/submission_v010.asc	691926daab94d6139a11abec136a5cd3c411209c77c8206edd7edc76d4b1f849	UNKNOWN	UNKNOWN	488	19410	"[{""index"":1,""testcaseId"":""6a9a9a99bf41025d6013eb8a"",""status"":""Pass"",""statusKey"":""pass"",""errorPercent"":0,""timeUs"":7.36,""bestTimeUs"":1.7,""score"":21.672},{""index"":2,""testcaseId"":""6a9a9a99bf41025d6013eb8e"",""status"":""Pass"",""statusKey"":""pass"",""errorPercent"":0,""timeUs"":7.98,""bestTimeUs"":2.16,""score"":23.68},{""index"":3,""testcaseId"":""6a9a9a99bf41025d6013eb92"",""status"":""Pass"",""statusKey"":""pass"",""errorPercent"":0,""timeUs"":9.3,""bestTimeUs"":2.47,""score"":23.42},{""index"":4,""testcaseId"":""6a9a9a99bf41025d6013eb96"",""status"":""Pass"",""statusKey"":""pass"",""errorPercent"":0,""timeUs"":23.66,""bestTimeUs"":6.66,""score"":24.234},{""index"":5,""testcaseId"":""6a9a9a99bf41025d6013eb9a"",""status"":""Pass"",""statusKey"":""pass"",""errorPercent"":0,""timeUs"":19.8,""bestTimeUs"":5.2,""score"":23.269},{""index"":6,""testcaseId"":""6a9a9a99bf41025d6013eb9e"",""status"":""Pass"",""statusKey"":""pass"",""errorPercent"":0,""timeUs"":39.18,""bestTimeUs"":10.86,""score"":24.013},{""index"":7,""testcaseId"":""6a9a9a99bf41025d6013eba2"",""status"":""Pass"",""statusKey"":""pass"",""errorPercent"":0,""timeUs"":69.75,""bestTimeUs"":13.99,""score"":20.152},{""index"":8,""testcaseId"":""6a9a9a99bf41025d6013eba6"",""status"":""Pass"",""statusKey"":""pass"",""errorPercent"":0,""timeUs"":204.87,""bestTimeUs"":30.16,""score"":17.467},{""index"":9,""testcaseId"":""6a9a9a99bf41025d6013ebaa"",""status"":""Pass"",""statusKey"":""pass"",""errorPercent"":0,""timeUs"":105.88,""bestTimeUs"":68.2,""score"":47.965},{""index"":10,""testcaseId"":""6a9a9a99bf41025d6013ebae"",""status"":""Pass"",""statusKey"":""pass"",""errorPercent"":0,""timeUs"":176.27,""bestTimeUs"":47.16,""score"":23.52},{""index"":11,""testcaseId"":""6a9a9a99bf41025d6013ebb2"",""status"":""Pass"",""statusKey"":""pass"",""errorPercent"":0,""timeUs"":166.52,""bestTimeUs"":131.38,""score"":63.109},{""index"":12,""testcaseId"":""6a9a9a99bf41025d6013ebb6"",""status"":""Pass"",""statusKey"":""pass"",""errorPercent"":0,""timeUs"":110.62,""bestTimeUs"":76.43,""score"":52.305},{""index"":13,""testcaseId"":""6a9a9a99bf41025d6013ebba"",""status"":""Pass"",""statusKey"":""pass"",""errorPercent"":0,""timeUs"":574.21,""bestTimeUs"":393.51,""score"":51.76},{""index"":14,""testcaseId"":""6a9a9a99bf41025d6013ebbe"",""status"":""Pass"",""statusKey"":""pass"",""errorPercent"":0,""timeUs"":53176.88,""bestTimeUs"":3750.12,""score"":13.262},{""index"":15,""testcaseId"":""6a9a9a99bf41025d6013ebc2"",""status"":""Pass"",""statusKey"":""pass"",""errorPercent"":0,""timeUs"":9985.57,""bestTimeUs"":8321.94,""score"":68.991}]"
UNKNOWN	线上结果/A001/V011/result.json	UNKNOWN	6ab2927d0304f72a56893e5e	Runtime Error	fail	3	15	UNKNOWN	UNKNOWN	100	/Users/sunyiyang/Desktop/Project/cann/phase4/workspaces/A001/submission_v011.asc	588cb11727494bed5108693b9958093a366fcb182fffeb484ec4966cbe51473e	UNKNOWN	UNKNOWN	755	30402	"[{""index"":1,""testcaseId"":""6a9a9a99bf41025d6013eb8a"",""status"":""Wrong Answer"",""statusKey"":""fail"",""errorPercent"":100,""timeUs"":3.79,""bestTimeUs"":1.7,""score"":33.587},{""index"":2,""testcaseId"":""6a9a9a99bf41025d6013eb8e"",""status"":""Pass"",""statusKey"":""pass"",""errorPercent"":0,""timeUs"":3.25,""bestTimeUs"":2.16,""score"":49.811},{""index"":3,""testcaseId"":""6a9a9a99bf41025d6013eb92"",""status"":""Pass"",""statusKey"":""pass"",""errorPercent"":0,""timeUs"":6.55,""bestTimeUs"":2.47,""score"":29.366},{""index"":4,""testcaseId"":""6a9a9a99bf41025d6013eb96"",""status"":""Pass"",""statusKey"":""pass"",""errorPercent"":0,""timeUs"":18.08,""bestTimeUs"":6.66,""score"":28.876},{""index"":5,""testcaseId"":""6a9a9a99bf41025d6013eb9a"",""status"":""Runtime Error"",""statusKey"":""fail"",""errorPercent"":100,""timeUs"":0,""bestTimeUs"":5.2,""score"":0},{""index"":6,""testcaseId"":""6a9a9a99bf41025d6013eb9e"",""status"":""Skipped"",""statusKey"":""fail"",""errorPercent"":100,""timeUs"":0,""bestTimeUs"":10.86,""score"":0},{""index"":7,""testcaseId"":""6a9a9a99bf41025d6013eba2"",""status"":""Skipped"",""statusKey"":""fail"",""errorPercent"":100,""timeUs"":0,""bestTimeUs"":13.99,""score"":0},{""index"":8,""testcaseId"":""6a9a9a99bf41025d6013eba6"",""status"":""Skipped"",""statusKey"":""fail"",""errorPercent"":100,""timeUs"":0,""bestTimeUs"":30.16,""score"":0},{""index"":9,""testcaseId"":""6a9a9a99bf41025d6013ebaa"",""status"":""Skipped"",""statusKey"":""fail"",""errorPercent"":100,""timeUs"":0,""bestTimeUs"":68.2,""score"":0},{""index"":10,""testcaseId"":""6a9a9a99bf41025d6013ebae"",""status"":""Skipped"",""statusKey"":""fail"",""errorPercent"":100,""timeUs"":0,""bestTimeUs"":47.16,""score"":0},{""index"":11,""testcaseId"":""6a9a9a99bf41025d6013ebb2"",""status"":""Skipped"",""statusKey"":""fail"",""errorPercent"":100,""timeUs"":0,""bestTimeUs"":131.38,""score"":0},{""index"":12,""testcaseId"":""6a9a9a99bf41025d6013ebb6"",""status"":""Skipped"",""statusKey"":""fail"",""errorPercent"":100,""timeUs"":0,""bestTimeUs"":76.43,""score"":0},{""index"":13,""testcaseId"":""6a9a9a99bf41025d6013ebba"",""status"":""Skipped"",""statusKey"":""fail"",""errorPercent"":100,""timeUs"":0,""bestTimeUs"":393.51,""score"":0},{""index"":14,""testcaseId"":""6a9a9a99bf41025d6013ebbe"",""status"":""Skipped"",""statusKey"":""fail"",""errorPercent"":100,""timeUs"":0,""bestTimeUs"":3750.12,""score"":0},{""index"":15,""testcaseId"":""6a9a9a99bf41025d6013ebc2"",""status"":""Skipped"",""statusKey"":""fail"",""errorPercent"":100,""timeUs"":0,""bestTimeUs"":8321.94,""score"":0}]"
44	线上结果/A001/V012/result.json	UNKNOWN	6ab297760304f72a568c5134	Pass	pass	15	15	34.38	34.384	0	/Users/sunyiyang/Desktop/Project/cann/phase4/workspaces/A001/submission_v012.asc	11ee98265fbdfbd413e4ed8d75d2362413c220b1dad79d4f2dd86ae53d7865de	UNKNOWN	UNKNOWN	715	29025	"[{""index"":1,""testcaseId"":""6a9a9a99bf41025d6013eb8a"",""status"":""Pass"",""statusKey"":""pass"",""errorPercent"":0,""timeUs"":3.97,""bestTimeUs"":1.7,""score"":32.344},{""index"":2,""testcaseId"":""6a9a9a99bf41025d6013eb8e"",""status"":""Pass"",""statusKey"":""pass"",""errorPercent"":0,""timeUs"":3.8,""bestTimeUs"":2.16,""score"":41.785},{""index"":3,""testcaseId"":""6a9a9a99bf41025d6013eb92"",""status"":""Pass"",""statusKey"":""pass"",""errorPercent"":0,""timeUs"":8.84,""bestTimeUs"":2.47,""score"":24.127},{""index"":4,""testcaseId"":""6a9a9a99bf41025d6013eb96"",""status"":""Pass"",""statusKey"":""pass"",""errorPercent"":0,""timeUs"":89.58,""bestTimeUs"":6.66,""score"":13.495},{""index"":5,""testcaseId"":""6a9a9a99bf41025d6013eb9a"",""status"":""Pass"",""statusKey"":""pass"",""errorPercent"":0,""timeUs"":19.92,""bestTimeUs"":5.2,""score"":23.189},{""index"":6,""testcaseId"":""6a9a9a99bf41025d6013eb9e"",""status"":""Pass"",""statusKey"":""pass"",""errorPercent"":0,""timeUs"":39.58,""bestTimeUs"":10.86,""score"":23.869},{""index"":7,""testcaseId"":""6a9a9a99bf41025d6013eba2"",""status"":""Pass"",""statusKey"":""pass"",""errorPercent"":0,""timeUs"":70.32,""bestTimeUs"":13.99,""score"":20.071},{""index"":8,""testcaseId"":""6a9a9a99bf41025d6013eba6"",""status"":""Pass"",""statusKey"":""pass"",""errorPercent"":0,""timeUs"":205.39,""bestTimeUs"":30.16,""score"":17.448},{""index"":9,""testcaseId"":""6a9a9a99bf41025d6013ebaa"",""status"":""Pass"",""statusKey"":""pass"",""errorPercent"":0,""timeUs"":107.01,""bestTimeUs"":68.2,""score"":47.371},{""index"":10,""testcaseId"":""6a9a9a99bf41025d6013ebae"",""status"":""Pass"",""statusKey"":""pass"",""errorPercent"":0,""timeUs"":176.89,""bestTimeUs"":47.16,""score"":23.472},{""index"":11,""testcaseId"":""6a9a9a99bf41025d6013ebb2"",""status"":""Pass"",""statusKey"":""pass"",""errorPercent"":0,""timeUs"":168.33,""bestTimeUs"":131.38,""score"":62.064},{""index"":12,""testcaseId"":""6a9a9a99bf41025d6013ebb6"",""status"":""Pass"",""statusKey"":""pass"",""errorPercent"":0,""timeUs"":110.97,""bestTimeUs"":76.43,""score"":52.093},{""index"":13,""testcaseId"":""6a9a9a99bf41025d6013ebba"",""status"":""Pass"",""statusKey"":""pass"",""errorPercent"":0,""timeUs"":573.11,""bestTimeUs"":393.51,""score"":51.887},{""index"":14,""testcaseId"":""6a9a9a99bf41025d6013ebbe"",""status"":""Pass"",""statusKey"":""pass"",""errorPercent"":0,""timeUs"":53243.33,""bestTimeUs"":3750.12,""score"":13.257},{""index"":15,""testcaseId"":""6a9a9a99bf41025d6013ebc2"",""status"":""Pass"",""statusKey"":""pass"",""errorPercent"":0,""timeUs"":9960.8,""bestTimeUs"":8321.94,""score"":69.283}]"
UNKNOWN	线上结果/A001/V013/result.json	UNKNOWN	6ab29a940304f72a568e1a6f	Runtime Error	fail	4	15	UNKNOWN	UNKNOWN	100	/Users/sunyiyang/Desktop/Project/cann/phase4/workspaces/A001/submission_v013.asc	8653355ac91933662b0e9411151dfb0da473a42671747b0b64f9e56a9f375273	UNKNOWN	UNKNOWN	707	28225	"[{""index"":1,""testcaseId"":""6a9a9a99bf41025d6013eb8a"",""status"":""Pass"",""statusKey"":""pass"",""errorPercent"":0,""timeUs"":3.93,""bestTimeUs"":1.7,""score"":32.607},{""index"":2,""testcaseId"":""6a9a9a99bf41025d6013eb8e"",""status"":""Pass"",""statusKey"":""pass"",""errorPercent"":0,""timeUs"":3.49,""bestTimeUs"":2.16,""score"":45.802},{""index"":3,""testcaseId"":""6a9a9a99bf41025d6013eb92"",""status"":""Pass"",""statusKey"":""pass"",""errorPercent"":0,""timeUs"":7.17,""bestTimeUs"":2.47,""score"":27.561},{""index"":4,""testcaseId"":""6a9a9a99bf41025d6013eb96"",""status"":""Pass"",""statusKey"":""pass"",""errorPercent"":0,""timeUs"":19.22,""bestTimeUs"":6.66,""score"":27.671},{""index"":5,""testcaseId"":""6a9a9a99bf41025d6013eb9a"",""status"":""Runtime Error"",""statusKey"":""fail"",""errorPercent"":100,""timeUs"":0,""bestTimeUs"":5.2,""score"":0},{""index"":6,""testcaseId"":""6a9a9a99bf41025d6013eb9e"",""status"":""Skipped"",""statusKey"":""fail"",""errorPercent"":100,""timeUs"":0,""bestTimeUs"":10.86,""score"":0},{""index"":7,""testcaseId"":""6a9a9a99bf41025d6013eba2"",""status"":""Skipped"",""statusKey"":""fail"",""errorPercent"":100,""timeUs"":0,""bestTimeUs"":13.99,""score"":0},{""index"":8,""testcaseId"":""6a9a9a99bf41025d6013eba6"",""status"":""Skipped"",""statusKey"":""fail"",""errorPercent"":100,""timeUs"":0,""bestTimeUs"":30.16,""score"":0},{""index"":9,""testcaseId"":""6a9a9a99bf41025d6013ebaa"",""status"":""Skipped"",""statusKey"":""fail"",""errorPercent"":100,""timeUs"":0,""bestTimeUs"":68.2,""score"":0},{""index"":10,""testcaseId"":""6a9a9a99bf41025d6013ebae"",""status"":""Skipped"",""statusKey"":""fail"",""errorPercent"":100,""timeUs"":0,""bestTimeUs"":47.16,""score"":0},{""index"":11,""testcaseId"":""6a9a9a99bf41025d6013ebb2"",""status"":""Skipped"",""statusKey"":""fail"",""errorPercent"":100,""timeUs"":0,""bestTimeUs"":131.38,""score"":0},{""index"":12,""testcaseId"":""6a9a9a99bf41025d6013ebb6"",""status"":""Skipped"",""statusKey"":""fail"",""errorPercent"":100,""timeUs"":0,""bestTimeUs"":76.43,""score"":0},{""index"":13,""testcaseId"":""6a9a9a99bf41025d6013ebba"",""status"":""Skipped"",""statusKey"":""fail"",""errorPercent"":100,""timeUs"":0,""bestTimeUs"":393.51,""score"":0},{""index"":14,""testcaseId"":""6a9a9a99bf41025d6013ebbe"",""status"":""Skipped"",""statusKey"":""fail"",""errorPercent"":100,""timeUs"":0,""bestTimeUs"":3750.12,""score"":0},{""index"":15,""testcaseId"":""6a9a9a99bf41025d6013ebc2"",""status"":""Skipped"",""statusKey"":""fail"",""errorPercent"":100,""timeUs"":0,""bestTimeUs"":8321.94,""score"":0}]"
43	线上结果/A001/V014/result.json	UNKNOWN	6ab29f690304f72a5690f31e	Pass	pass	15	15	35.89	35.888	0	/Users/sunyiyang/Desktop/Project/cann/phase4/workspaces/A001/submission_v014.asc	26800079d5bcb21082f47c465576e1cfa0400f1297e0db8540d469b08de63128	UNKNOWN	UNKNOWN	715	29162	"[{""index"":1,""testcaseId"":""6a9a9a99bf41025d6013eb8a"",""status"":""Pass"",""statusKey"":""pass"",""errorPercent"":0,""timeUs"":4.14,""bestTimeUs"":1.7,""score"":31.297},{""index"":2,""testcaseId"":""6a9a9a99bf41025d6013eb8e"",""status"":""Pass"",""statusKey"":""pass"",""errorPercent"":0,""timeUs"":3.52,""bestTimeUs"":2.16,""score"":45.363},{""index"":3,""testcaseId"":""6a9a9a99bf41025d6013eb92"",""status"":""Pass"",""statusKey"":""pass"",""errorPercent"":0,""timeUs"":6.7,""bestTimeUs"":2.47,""score"":28.893},{""index"":4,""testcaseId"":""6a9a9a99bf41025d6013eb96"",""status"":""Pass"",""statusKey"":""pass"",""errorPercent"":0,""timeUs"":18.53,""bestTimeUs"":6.66,""score"":28.379},{""index"":5,""testcaseId"":""6a9a9a99bf41025d6013eb9a"",""status"":""Pass"",""statusKey"":""pass"",""errorPercent"":0,""timeUs"":20.46,""bestTimeUs"":5.2,""score"":22.84},{""index"":6,""testcaseId"":""6a9a9a99bf41025d6013eb9e"",""status"":""Pass"",""statusKey"":""pass"",""errorPercent"":0,""timeUs"":38.91,""bestTimeUs"":10.86,""score"":24.111},{""index"":7,""testcaseId"":""6a9a9a99bf41025d6013eba2"",""status"":""Pass"",""statusKey"":""pass"",""errorPercent"":0,""timeUs"":69.5,""bestTimeUs"":13.99,""score"":20.188},{""index"":8,""testcaseId"":""6a9a9a99bf41025d6013eba6"",""status"":""Pass"",""statusKey"":""pass"",""errorPercent"":0,""timeUs"":205.1,""bestTimeUs"":30.16,""score"":17.459},{""index"":9,""testcaseId"":""6a9a9a99bf41025d6013ebaa"",""status"":""Pass"",""statusKey"":""pass"",""errorPercent"":0,""timeUs"":106.42,""bestTimeUs"":68.2,""score"":47.679},{""index"":10,""testcaseId"":""6a9a9a99bf41025d6013ebae"",""status"":""Pass"",""statusKey"":""pass"",""errorPercent"":0,""timeUs"":176.89,""bestTimeUs"":47.05,""score"":23.44},{""index"":11,""testcaseId"":""6a9a9a99bf41025d6013ebb2"",""status"":""Pass"",""statusKey"":""pass"",""errorPercent"":0,""timeUs"":167.22,""bestTimeUs"":131.38,""score"":62.699},{""index"":12,""testcaseId"":""6a9a9a99bf41025d6013ebb6"",""status"":""Pass"",""statusKey"":""pass"",""errorPercent"":0,""timeUs"":111.16,""bestTimeUs"":76.43,""score"":51.979},{""index"":13,""testcaseId"":""6a9a9a99bf41025d6013ebba"",""status"":""Pass"",""statusKey"":""pass"",""errorPercent"":0,""timeUs"":573.87,""bestTimeUs"":393.51,""score"":51.799},{""index"":14,""testcaseId"":""6a9a9a99bf41025d6013ebbe"",""status"":""Pass"",""statusKey"":""pass"",""errorPercent"":0,""timeUs"":53260.62,""bestTimeUs"":3750.12,""score"":13.255},{""index"":15,""testcaseId"":""6a9a9a99bf41025d6013ebc2"",""status"":""Pass"",""statusKey"":""pass"",""errorPercent"":0,""timeUs"":9989.94,""bestTimeUs"":8321.94,""score"":68.939}]"
UNKNOWN	线上结果/A001/V015/result.json	UNKNOWN	6ab2a5870304f72a56947b2a	Runtime Error	fail	4	15	UNKNOWN	UNKNOWN	100	/Users/sunyiyang/Desktop/Project/cann/phase4/workspaces/A001/submission_v015.asc	451490d05e172b42e5403d5ba20a5ab4cce3041f79a914ac257e831a74163ae3	UNKNOWN	UNKNOWN	760	30718	"[{""index"":1,""testcaseId"":""6a9a9a99bf41025d6013eb8a"",""status"":""Pass"",""statusKey"":""pass"",""errorPercent"":0,""timeUs"":4.17,""bestTimeUs"":1.7,""score"":31.124},{""index"":2,""testcaseId"":""6a9a9a99bf41025d6013eb8e"",""status"":""Pass"",""statusKey"":""pass"",""errorPercent"":0,""timeUs"":3.44,""bestTimeUs"":2.16,""score"":46.561},{""index"":3,""testcaseId"":""6a9a9a99bf41025d6013eb92"",""status"":""Pass"",""statusKey"":""pass"",""errorPercent"":0,""timeUs"":6.92,""bestTimeUs"":2.47,""score"":28.242},{""index"":4,""testcaseId"":""6a9a9a99bf41025d6013eb96"",""status"":""Pass"",""statusKey"":""pass"",""errorPercent"":0,""timeUs"":18.28,""bestTimeUs"":6.66,""score"":28.652},{""index"":5,""testcaseId"":""6a9a9a99bf41025d6013eb9a"",""status"":""Runtime Error"",""statusKey"":""fail"",""errorPercent"":100,""timeUs"":0,""bestTimeUs"":5.2,""score"":0},{""index"":6,""testcaseId"":""6a9a9a99bf41025d6013eb9e"",""status"":""Skipped"",""statusKey"":""fail"",""errorPercent"":100,""timeUs"":0,""bestTimeUs"":10.86,""score"":0},{""index"":7,""testcaseId"":""6a9a9a99bf41025d6013eba2"",""status"":""Skipped"",""statusKey"":""fail"",""errorPercent"":100,""timeUs"":0,""bestTimeUs"":13.99,""score"":0},{""index"":8,""testcaseId"":""6a9a9a99bf41025d6013eba6"",""status"":""Skipped"",""statusKey"":""fail"",""errorPercent"":100,""timeUs"":0,""bestTimeUs"":30.16,""score"":0},{""index"":9,""testcaseId"":""6a9a9a99bf41025d6013ebaa"",""status"":""Skipped"",""statusKey"":""fail"",""errorPercent"":100,""timeUs"":0,""bestTimeUs"":68.2,""score"":0},{""index"":10,""testcaseId"":""6a9a9a99bf41025d6013ebae"",""status"":""Skipped"",""statusKey"":""fail"",""errorPercent"":100,""timeUs"":0,""bestTimeUs"":47.16,""score"":0},{""index"":11,""testcaseId"":""6a9a9a99bf41025d6013ebb2"",""status"":""Skipped"",""statusKey"":""fail"",""errorPercent"":100,""timeUs"":0,""bestTimeUs"":131.38,""score"":0},{""index"":12,""testcaseId"":""6a9a9a99bf41025d6013ebb6"",""status"":""Skipped"",""statusKey"":""fail"",""errorPercent"":100,""timeUs"":0,""bestTimeUs"":76.43,""score"":0},{""index"":13,""testcaseId"":""6a9a9a99bf41025d6013ebba"",""status"":""Skipped"",""statusKey"":""fail"",""errorPercent"":100,""timeUs"":0,""bestTimeUs"":393.51,""score"":0},{""index"":14,""testcaseId"":""6a9a9a99bf41025d6013ebbe"",""status"":""Skipped"",""statusKey"":""fail"",""errorPercent"":100,""timeUs"":0,""bestTimeUs"":3750.12,""score"":0},{""index"":15,""testcaseId"":""6a9a9a99bf41025d6013ebc2"",""status"":""Skipped"",""statusKey"":""fail"",""errorPercent"":100,""timeUs"":0,""bestTimeUs"":8321.94,""score"":0}]"
42	线上结果/A001/V016/result.json	UNKNOWN	6ab2a8c60304f72a56965e2a	Pass	pass	15	15	36.35	36.347	0	/Users/sunyiyang/Desktop/Project/cann/phase4/workspaces/A001/submission_v016.asc	419c199bbd1918cefd55a6987fcb6b3df2b2142b6def35923008ddf46a612504	UNKNOWN	UNKNOWN	724	29348	"[{""index"":1,""testcaseId"":""6a9a9a99bf41025d6013eb8a"",""status"":""Pass"",""statusKey"":""pass"",""errorPercent"":0,""timeUs"":3.92,""bestTimeUs"":1.7,""score"":32.674},{""index"":2,""testcaseId"":""6a9a9a99bf41025d6013eb8e"",""status"":""Pass"",""statusKey"":""pass"",""errorPercent"":0,""timeUs"":3.53,""bestTimeUs"":2.16,""score"":45.22},{""index"":3,""testcaseId"":""6a9a9a99bf41025d6013eb92"",""status"":""Pass"",""statusKey"":""pass"",""errorPercent"":0,""timeUs"":6.6,""bestTimeUs"":2.47,""score"":29.206},{""index"":4,""testcaseId"":""6a9a9a99bf41025d6013eb96"",""status"":""Pass"",""statusKey"":""pass"",""errorPercent"":0,""timeUs"":19.13,""bestTimeUs"":6.66,""score"":27.76},{""index"":5,""testcaseId"":""6a9a9a99bf41025d6013eb9a"",""status"":""Pass"",""statusKey"":""pass"",""errorPercent"":0,""timeUs"":20.51,""bestTimeUs"":5.2,""score"":22.808},{""index"":6,""testcaseId"":""6a9a9a99bf41025d6013eb9e"",""status"":""Pass"",""statusKey"":""pass"",""errorPercent"":0,""timeUs"":37.33,""bestTimeUs"":10.86,""score"":24.721},{""index"":7,""testcaseId"":""6a9a9a99bf41025d6013eba2"",""status"":""Pass"",""statusKey"":""pass"",""errorPercent"":0,""timeUs"":67.08,""bestTimeUs"":13.99,""score"":20.551},{""index"":8,""testcaseId"":""6a9a9a99bf41025d6013eba6"",""status"":""Pass"",""statusKey"":""pass"",""errorPercent"":0,""timeUs"":196.58,""bestTimeUs"":30.16,""score"":17.783},{""index"":9,""testcaseId"":""6a9a9a99bf41025d6013ebaa"",""status"":""Pass"",""statusKey"":""pass"",""errorPercent"":0,""timeUs"":102.6,""bestTimeUs"":68.2,""score"":49.82},{""index"":10,""testcaseId"":""6a9a9a99bf41025d6013ebae"",""status"":""Pass"",""statusKey"":""pass"",""errorPercent"":0,""timeUs"":169.76,""bestTimeUs"":47.05,""score"":24.011},{""index"":11,""testcaseId"":""6a9a9a99bf41025d6013ebb2"",""status"":""Pass"",""statusKey"":""pass"",""errorPercent"":0,""timeUs"":167.66,""bestTimeUs"":131.38,""score"":62.446},{""index"":12,""testcaseId"":""6a9a9a99bf41025d6013ebb6"",""status"":""Pass"",""statusKey"":""pass"",""errorPercent"":0,""timeUs"":109.05,""bestTimeUs"":76.43,""score"":53.288},{""index"":13,""testcaseId"":""6a9a9a99bf41025d6013ebba"",""status"":""Pass"",""statusKey"":""pass"",""errorPercent"":0,""timeUs"":571.58,""bestTimeUs"":393.51,""score"":52.065},{""index"":14,""testcaseId"":""6a9a9a99bf41025d6013ebbe"",""status"":""Pass"",""statusKey"":""pass"",""errorPercent"":0,""timeUs"":50830.58,""bestTimeUs"":3750.12,""score"":13.461},{""index"":15,""testcaseId"":""6a9a9a99bf41025d6013ebc2"",""status"":""Pass"",""statusKey"":""pass"",""errorPercent"":0,""timeUs"":9951.17,""bestTimeUs"":8321.94,""score"":69.398}]"
41	线上结果/A001/V017/result.json	线上结果/A001/V017/source-meta.json	6ab2adce0304f72a5698fc00	Pass	pass	15	15	36.41	36.412	0	/Users/sunyiyang/Desktop/Project/cann/phase4/workspaces/A001/submission_v017.asc	c906bc45c0bfa0a1fb35710abac637a7c784b265d2658a66daa1d739da4054c3	c9d801c2864b9b9de265bd7a152939a0a94166e5	UNKNOWN	753	30383	"[{""index"":1,""testcaseId"":""6a9a9a99bf41025d6013eb8a"",""status"":""Pass"",""statusKey"":""pass"",""errorPercent"":0,""timeUs"":4,""bestTimeUs"":1.7,""score"":32.151},{""index"":2,""testcaseId"":""6a9a9a99bf41025d6013eb8e"",""status"":""Pass"",""statusKey"":""pass"",""errorPercent"":0,""timeUs"":3.39,""bestTimeUs"":2.16,""score"":47.357},{""index"":3,""testcaseId"":""6a9a9a99bf41025d6013eb92"",""status"":""Pass"",""statusKey"":""pass"",""errorPercent"":0,""timeUs"":6.75,""bestTimeUs"":2.47,""score"":28.74},{""index"":4,""testcaseId"":""6a9a9a99bf41025d6013eb96"",""status"":""Pass"",""statusKey"":""pass"",""errorPercent"":0,""timeUs"":18.61,""bestTimeUs"":6.66,""score"":28.294},{""index"":5,""testcaseId"":""6a9a9a99bf41025d6013eb9a"",""status"":""Pass"",""statusKey"":""pass"",""errorPercent"":0,""timeUs"":19.25,""bestTimeUs"":5.2,""score"":23.652},{""index"":6,""testcaseId"":""6a9a9a99bf41025d6013eb9e"",""status"":""Pass"",""statusKey"":""pass"",""errorPercent"":0,""timeUs"":37.31,""bestTimeUs"":10.86,""score"":24.729},{""index"":7,""testcaseId"":""6a9a9a99bf41025d6013eba2"",""status"":""Pass"",""statusKey"":""pass"",""errorPercent"":0,""timeUs"":66.8,""bestTimeUs"":13.99,""score"":20.594},{""index"":8,""testcaseId"":""6a9a9a99bf41025d6013eba6"",""status"":""Pass"",""statusKey"":""pass"",""errorPercent"":0,""timeUs"":193.46,""bestTimeUs"":30.16,""score"":17.909},{""index"":9,""testcaseId"":""6a9a9a99bf41025d6013ebaa"",""status"":""Pass"",""statusKey"":""pass"",""errorPercent"":0,""timeUs"":104.8,""bestTimeUs"":68.2,""score"":48.554},{""index"":10,""testcaseId"":""6a9a9a99bf41025d6013ebae"",""status"":""Pass"",""statusKey"":""pass"",""errorPercent"":0,""timeUs"":168.86,""bestTimeUs"":47.05,""score"":24.087},{""index"":11,""testcaseId"":""6a9a9a99bf41025d6013ebb2"",""status"":""Pass"",""statusKey"":""pass"",""errorPercent"":0,""timeUs"":166.99,""bestTimeUs"":131.38,""score"":62.833},{""index"":12,""testcaseId"":""6a9a9a99bf41025d6013ebb6"",""status"":""Pass"",""statusKey"":""pass"",""errorPercent"":0,""timeUs"":106.02,""bestTimeUs"":76.43,""score"":55.337},{""index"":13,""testcaseId"":""6a9a9a99bf41025d6013ebba"",""status"":""Pass"",""statusKey"":""pass"",""errorPercent"":0,""timeUs"":568.92,""bestTimeUs"":393.51,""score"":52.379},{""index"":14,""testcaseId"":""6a9a9a99bf41025d6013ebbe"",""status"":""Pass"",""statusKey"":""pass"",""errorPercent"":0,""timeUs"":50049.98,""bestTimeUs"":3750.12,""score"":13.53},{""index"":15,""testcaseId"":""6a9a9a99bf41025d6013ebc2"",""status"":""Pass"",""statusKey"":""pass"",""errorPercent"":0,""timeUs"":10252.31,""bestTimeUs"":8321.94,""score"":66.029}]"
55	线上结果/A001/result.json	UNKNOWN	6ab058b9b0477ec41ed55dab	Pass	pass	15	15	23.47	23.473262727886187	0	/Users/sunyiyang/Desktop/Project/cann/phase4/workspaces/A001/submission.asc	66f126a2e99d5c5b54c213a3c4103d642a71a44611c3b31d4c09ca244e96201c	UNKNOWN	UNKNOWN	311	12692	"[{""index"":1,""testcaseId"":""6a9a9a99bf41025d6013eb8a"",""status"":""Pass"",""statusKey"":""pass"",""errorPercent"":0,""timeUs"":5.28,""bestTimeUs"":1.7,""score"":26.350069505689866},{""index"":2,""testcaseId"":""6a9a9a99bf41025d6013eb8e"",""status"":""Pass"",""statusKey"":""pass"",""errorPercent"":0,""timeUs"":3.97,""bestTimeUs"":2.16,""score"":39.98184792774247},{""index"":3,""testcaseId"":""6a9a9a99bf41025d6013eb92"",""status"":""Pass"",""statusKey"":""pass"",""errorPercent"":0,""timeUs"":8.87,""bestTimeUs"":2.48,""score"":24.136532588765775},{""index"":4,""testcaseId"":""6a9a9a99bf41025d6013eb96"",""status"":""Pass"",""statusKey"":""pass"",""errorPercent"":0,""timeUs"":84.68,""bestTimeUs"":6.66,""score"":13.752854633061357},{""index"":5,""testcaseId"":""6a9a9a99bf41025d6013eb9a"",""status"":""Pass"",""statusKey"":""pass"",""errorPercent"":0,""timeUs"":19.35,""bestTimeUs"":5.2,""score"":23.580422624135664},{""index"":6,""testcaseId"":""6a9a9a99bf41025d6013eb9e"",""status"":""Pass"",""statusKey"":""pass"",""errorPercent"":0,""timeUs"":110.16,""bestTimeUs"":10.86,""score"":14.894141876123419},{""index"":7,""testcaseId"":""6a9a9a99bf41025d6013eba2"",""status"":""Pass"",""statusKey"":""pass"",""errorPercent"":0,""timeUs"":223.44,""bestTimeUs"":14.05,""score"":12.782690557185418},{""index"":8,""testcaseId"":""6a9a9a99bf41025d6013eba6"",""status"":""Pass"",""statusKey"":""pass"",""errorPercent"":0,""timeUs"":380.61,""bestTimeUs"":30.41,""score"":13.826749093995002},{""index"":9,""testcaseId"":""6a9a9a99bf41025d6013ebaa"",""status"":""Pass"",""statusKey"":""pass"",""errorPercent"":0,""timeUs"":224.92,""bestTimeUs"":50.61,""score"":21.373333323510614},{""index"":10,""testcaseId"":""6a9a9a99bf41025d6013ebae"",""status"":""Pass"",""statusKey"":""pass"",""errorPercent"":0,""timeUs"":305.85,""bestTimeUs"":47.35,""score"":17.854088271815108},{""index"":11,""testcaseId"":""6a9a9a99bf41025d6013ebb2"",""status"":""Pass"",""statusKey"":""pass"",""errorPercent"":0,""timeUs"":386.48,""bestTimeUs"":131.71,""score"":27.360377037725534},{""index"":12,""testcaseId"":""6a9a9a99bf41025d6013ebb6"",""status"":""Pass"",""statusKey"":""pass"",""errorPercent"":0,""timeUs"":195.43,""bestTimeUs"":76.55,""score"":30.197221177483645},{""index"":13,""testcaseId"":""6a9a9a99bf41025d6013ebba"",""status"":""Pass"",""statusKey"":""pass"",""errorPercent"":0,""timeUs"":1036.49,""bestTimeUs"":395.02,""score"":29.593314869607614},{""index"":14,""testcaseId"":""6a9a9a99bf41025d6013ebbe"",""status"":""Pass"",""statusKey"":""pass"",""errorPercent"":0,""timeUs"":118093.53,""bestTimeUs"":3750.12,""score"":10.517480920733556},{""index"":15,""testcaseId"":""6a9a9a99bf41025d6013ebc2"",""status"":""Pass"",""statusKey"":""pass"",""errorPercent"":0,""timeUs"":13479.09,""bestTimeUs"":8357.81,""score"":45.89781651071772}]"
16	线上结果/ASYNC-OVERLAP-CHAMPION-X/V001/result.json	线上结果/ASYNC-OVERLAP-CHAMPION-X/V001/source-meta.json	6abae4a0694b590c3c51d6a3	Pass	pass	15	15	44.17	44.167	0	/Users/sunyiyang/Desktop/Project/cann-m2-async/线上结果/ASYNC-OVERLAP-CHAMPION-X/V001/submission.asc	0fc71e8e62e39ed3b894b7e8fb8cabb6372f802c0a4c342eeb246629f8e4efe4	7ea5e481 (branch m2/async-overlap-champion; source introduced in 772b754)	UNKNOWN	3560	190430	null
UNKNOWN	线上结果/B001/V002/result.json	UNKNOWN	6ab0b107b0477ec41e01f4de	Runtime Error	fail	0	15	UNKNOWN	UNKNOWN	100	/Users/sunyiyang/Desktop/Project/cann/phase4/workspaces/B001/kernel.txt	8cc742d59b7d4cc820cd1ca67eb99c8f45b014df4ead852053f238110d1e785b	UNKNOWN	UNKNOWN	488	20099	"[{""index"":1,""testcaseId"":""6a9a9a99bf41025d6013eb8a"",""status"":""Runtime Error"",""statusKey"":""fail"",""errorPercent"":100,""timeUs"":0,""bestTimeUs"":1.7,""score"":null},{""index"":2,""testcaseId"":""6a9a9a99bf41025d6013eb8e"",""status"":""Runtime Error"",""statusKey"":""fail"",""errorPercent"":100,""timeUs"":0,""bestTimeUs"":2.16,""score"":null},{""index"":3,""testcaseId"":""6a9a9a99bf41025d6013eb92"",""status"":""Runtime Error"",""statusKey"":""fail"",""errorPercent"":100,""timeUs"":0,""bestTimeUs"":2.48,""score"":null},{""index"":4,""testcaseId"":""6a9a9a99bf41025d6013eb96"",""status"":""Runtime Error"",""statusKey"":""fail"",""errorPercent"":100,""timeUs"":0,""bestTimeUs"":6.66,""score"":null},{""index"":5,""testcaseId"":""6a9a9a99bf41025d6013eb9a"",""status"":""Runtime Error"",""statusKey"":""fail"",""errorPercent"":100,""timeUs"":0,""bestTimeUs"":5.2,""score"":null},{""index"":6,""testcaseId"":""6a9a9a99bf41025d6013eb9e"",""status"":""Runtime Error"",""statusKey"":""fail"",""errorPercent"":100,""timeUs"":0,""bestTimeUs"":10.86,""score"":null},{""index"":7,""testcaseId"":""6a9a9a99bf41025d6013eba2"",""status"":""Runtime Error"",""statusKey"":""fail"",""errorPercent"":100,""timeUs"":0,""bestTimeUs"":14.05,""score"":null},{""index"":8,""testcaseId"":""6a9a9a99bf41025d6013eba6"",""status"":""Runtime Error"",""statusKey"":""fail"",""errorPercent"":100,""timeUs"":0,""bestTimeUs"":30.41,""score"":null},{""index"":9,""testcaseId"":""6a9a9a99bf41025d6013ebaa"",""status"":""Runtime Error"",""statusKey"":""fail"",""errorPercent"":100,""timeUs"":0,""bestTimeUs"":50.61,""score"":null},{""index"":10,""testcaseId"":""6a9a9a99bf41025d6013ebae"",""status"":""Runtime Error"",""statusKey"":""fail"",""errorPercent"":100,""timeUs"":0,""bestTimeUs"":47.35,""score"":null},{""index"":11,""testcaseId"":""6a9a9a99bf41025d6013ebb2"",""status"":""Runtime Error"",""statusKey"":""fail"",""errorPercent"":100,""timeUs"":0,""bestTimeUs"":131.71,""score"":null},{""index"":12,""testcaseId"":""6a9a9a99bf41025d6013ebb6"",""status"":""Runtime Error"",""statusKey"":""fail"",""errorPercent"":100,""timeUs"":0,""bestTimeUs"":76.55,""score"":null},{""index"":13,""testcaseId"":""6a9a9a99bf41025d6013ebba"",""status"":""Runtime Error"",""statusKey"":""fail"",""errorPercent"":100,""timeUs"":0,""bestTimeUs"":395.02,""score"":null},{""index"":14,""testcaseId"":""6a9a9a99bf41025d6013ebbe"",""status"":""Runtime Error"",""statusKey"":""fail"",""errorPercent"":100,""timeUs"":0,""bestTimeUs"":3750.12,""score"":null},{""index"":15,""testcaseId"":""6a9a9a99bf41025d6013ebc2"",""status"":""Runtime Error"",""statusKey"":""fail"",""errorPercent"":100,""timeUs"":0,""bestTimeUs"":8357.81,""score"":null}]"
60	线上结果/B001/V003/result.json	UNKNOWN	6ab0feb4b0477ec41e34b0f5	Pass	pass	15	15	20.46	20.456766019909804	0	/Users/sunyiyang/Desktop/Project/cann/phase4/workspaces/B001/kernel.txt	5101fdbc84385aa231e02785442d3ecf7ad66a98b941d2c7b9518e452cca0046	UNKNOWN	UNKNOWN	491	20298	"[{""index"":1,""testcaseId"":""6a9a9a99bf41025d6013eb8a"",""status"":""Pass"",""statusKey"":""pass"",""errorPercent"":0,""timeUs"":6.05,""bestTimeUs"":1.7,""score"":24.208387800898606},{""index"":2,""testcaseId"":""6a9a9a99bf41025d6013eb8e"",""status"":""Pass"",""statusKey"":""pass"",""errorPercent"":0,""timeUs"":3.88,""bestTimeUs"":2.16,""score"":40.90681641156305},{""index"":3,""testcaseId"":""6a9a9a99bf41025d6013eb92"",""status"":""Pass"",""statusKey"":""pass"",""errorPercent"":0,""timeUs"":5.54,""bestTimeUs"":2.48,""score"":33.531653693756944},{""index"":4,""testcaseId"":""6a9a9a99bf41025d6013eb96"",""status"":""Pass"",""statusKey"":""pass"",""errorPercent"":0,""timeUs"":173.5,""bestTimeUs"":6.66,""score"":11.061588849589832},{""index"":5,""testcaseId"":""6a9a9a99bf41025d6013eb9a"",""status"":""Pass"",""statusKey"":""pass"",""errorPercent"":0,""timeUs"":266.59,""bestTimeUs"":5.2,""score"":9.337095956999326},{""index"":6,""testcaseId"":""6a9a9a99bf41025d6013eb9e"",""status"":""Pass"",""statusKey"":""pass"",""errorPercent"":0,""timeUs"":229.92,""bestTimeUs"":10.86,""score"":11.725048734421529},{""index"":7,""testcaseId"":""6a9a9a99bf41025d6013eba2"",""status"":""Pass"",""statusKey"":""pass"",""errorPercent"":0,""timeUs"":469.2,""bestTimeUs"":14.05,""score"":10.35969305618781},{""index"":8,""testcaseId"":""6a9a9a99bf41025d6013eba6"",""status"":""Pass"",""statusKey"":""pass"",""errorPercent"":0,""timeUs"":126,""bestTimeUs"":30.41,""score"":22.19324261003204},{""index"":9,""testcaseId"":""6a9a9a99bf41025d6013ebaa"",""status"":""Pass"",""statusKey"":""pass"",""errorPercent"":0,""timeUs"":159.13,""bestTimeUs"":50.61,""score"":26.141542932458695},{""index"":10,""testcaseId"":""6a9a9a99bf41025d6013ebae"",""status"":""Pass"",""statusKey"":""pass"",""errorPercent"":0,""timeUs"":203.98,""bestTimeUs"":47.16,""score"":21.68331043356381},{""index"":11,""testcaseId"":""6a9a9a99bf41025d6013ebb2"",""status"":""Pass"",""statusKey"":""pass"",""errorPercent"":0,""timeUs"":1376.09,""bestTimeUs"":131.65,""score"":14.73175940053129},{""index"":12,""testcaseId"":""6a9a9a99bf41025d6013ebb6"",""status"":""Pass"",""statusKey"":""pass"",""errorPercent"":0,""timeUs"":342.22,""bestTimeUs"":76.55,""score"":21.30690905642637},{""index"":13,""testcaseId"":""6a9a9a99bf41025d6013ebba"",""status"":""Pass"",""statusKey"":""pass"",""errorPercent"":0,""timeUs"":3792.7,""bestTimeUs"":395.02,""score"":15.200977003933554},{""index"":14,""testcaseId"":""6a9a9a99bf41025d6013ebbe"",""status"":""Pass"",""statusKey"":""pass"",""errorPercent"":0,""timeUs"":33680.62,""bestTimeUs"":3750.12,""score"":15.5912146788828},{""index"":15,""testcaseId"":""6a9a9a99bf41025d6013ebc2"",""status"":""Pass"",""statusKey"":""pass"",""errorPercent"":0,""timeUs"":22693.38,""bestTimeUs"":8357.81,""score"":28.87224967940135}]"
58	线上结果/B001/V004/result.json	UNKNOWN	6ab20b140304f72a5636eb67	Pass	pass	15	15	20.86	20.86147441316039	0	/Users/sunyiyang/Desktop/Project/cann/phase4/workspaces/B001/kernel.txt	7d486bf1d5bb24c23cbe9d94969c67dcd6c3c340efc27223a8137c48124241ae	UNKNOWN	UNKNOWN	491	20243	"[{""index"":1,""testcaseId"":""6a9a9a99bf41025d6013eb8a"",""status"":""Pass"",""statusKey"":""pass"",""errorPercent"":0,""timeUs"":6.27,""bestTimeUs"":1.7,""score"":23.70290988851829},{""index"":2,""testcaseId"":""6a9a9a99bf41025d6013eb8e"",""status"":""Pass"",""statusKey"":""pass"",""errorPercent"":0,""timeUs"":4,""bestTimeUs"":2.16,""score"":39.687232711519975},{""index"":3,""testcaseId"":""6a9a9a99bf41025d6013eb92"",""status"":""Pass"",""statusKey"":""pass"",""errorPercent"":0,""timeUs"":5.6,""bestTimeUs"":2.47,""score"":33.12586746956448},{""index"":4,""testcaseId"":""6a9a9a99bf41025d6013eb96"",""status"":""Pass"",""statusKey"":""pass"",""errorPercent"":0,""timeUs"":173.84,""bestTimeUs"":6.66,""score"":11.055684067218607},{""index"":5,""testcaseId"":""6a9a9a99bf41025d6013eb9a"",""status"":""Pass"",""statusKey"":""pass"",""errorPercent"":0,""timeUs"":276.67,""bestTimeUs"":5.2,""score"":9.257972208786098},{""index"":6,""testcaseId"":""6a9a9a99bf41025d6013eb9e"",""status"":""Pass"",""statusKey"":""pass"",""errorPercent"":0,""timeUs"":230.68,""bestTimeUs"":10.86,""score"":11.71387028340688},{""index"":7,""testcaseId"":""6a9a9a99bf41025d6013eba2"",""status"":""Pass"",""statusKey"":""pass"",""errorPercent"":0,""timeUs"":471.5,""bestTimeUs"":14.05,""score"":10.346765823276916},{""index"":8,""testcaseId"":""6a9a9a99bf41025d6013eba6"",""status"":""Pass"",""statusKey"":""pass"",""errorPercent"":0,""timeUs"":121.46,""bestTimeUs"":30.16,""score"":22.544205910545674},{""index"":9,""testcaseId"":""6a9a9a99bf41025d6013ebaa"",""status"":""Pass"",""statusKey"":""pass"",""errorPercent"":0,""timeUs"":159.98,""bestTimeUs"":68.25,""score"":32.247939520225195},{""index"":10,""testcaseId"":""6a9a9a99bf41025d6013ebae"",""status"":""Pass"",""statusKey"":""pass"",""errorPercent"":0,""timeUs"":196.73,""bestTimeUs"":47.16,""score"":22.111238113349877},{""index"":11,""testcaseId"":""6a9a9a99bf41025d6013ebb2"",""status"":""Pass"",""statusKey"":""pass"",""errorPercent"":0,""timeUs"":1395.75,""bestTimeUs"":131.38,""score"":14.64535143633463},{""index"":12,""testcaseId"":""6a9a9a99bf41025d6013ebb6"",""status"":""Pass"",""statusKey"":""pass"",""errorPercent"":0,""timeUs"":348.56,""bestTimeUs"":76.55,""score"":21.1033408864581},{""index"":13,""testcaseId"":""6a9a9a99bf41025d6013ebba"",""status"":""Pass"",""statusKey"":""pass"",""errorPercent"":0,""timeUs"":3751.46,""bestTimeUs"":393.51,""score"":15.241565106146728},{""index"":14,""testcaseId"":""6a9a9a99bf41025d6013ebbe"",""status"":""Pass"",""statusKey"":""pass"",""errorPercent"":0,""timeUs"":31055.09,""bestTimeUs"":3750.12,""score"":16.093461613625596},{""index"":15,""testcaseId"":""6a9a9a99bf41025d6013ebc2"",""status"":""Pass"",""statusKey"":""pass"",""errorPercent"":0,""timeUs"":21390.98,""bestTimeUs"":8321.94,""score"":30.044711158428747}]"
59	线上结果/B001/V005/result.json	UNKNOWN	6ab21c030304f72a563fd045	Pass	pass	15	15	20.72	20.720053939190336	0	/Users/sunyiyang/Desktop/Project/cann/phase4/workspaces/B001/kernel.txt	e771ca2ff07fc66cfe48acfb7b5e028cea67bd9b85c758b7f741559a8b5f5e34	UNKNOWN	UNKNOWN	491	20244	"[{""index"":1,""testcaseId"":""6a9a9a99bf41025d6013eb8a"",""status"":""Pass"",""statusKey"":""pass"",""errorPercent"":0,""timeUs"":5.97,""bestTimeUs"":1.7,""score"":24.402326978789937},{""index"":2,""testcaseId"":""6a9a9a99bf41025d6013eb8e"",""status"":""Pass"",""statusKey"":""pass"",""errorPercent"":0,""timeUs"":3.87,""bestTimeUs"":2.16,""score"":41.01359854772101},{""index"":3,""testcaseId"":""6a9a9a99bf41025d6013eb92"",""status"":""Pass"",""statusKey"":""pass"",""errorPercent"":0,""timeUs"":5.54,""bestTimeUs"":2.47,""score"":33.419984567667456},{""index"":4,""testcaseId"":""6a9a9a99bf41025d6013eb96"",""status"":""Pass"",""statusKey"":""pass"",""errorPercent"":0,""timeUs"":164.06,""bestTimeUs"":6.66,""score"":11.233034063567093},{""index"":5,""testcaseId"":""6a9a9a99bf41025d6013eb9a"",""status"":""Pass"",""statusKey"":""pass"",""errorPercent"":0,""timeUs"":265.79,""bestTimeUs"":5.2,""score"":9.343562458837825},{""index"":6,""testcaseId"":""6a9a9a99bf41025d6013eb9e"",""status"":""Pass"",""statusKey"":""pass"",""errorPercent"":0,""timeUs"":217.7,""bestTimeUs"":10.86,""score"":11.913192122110877},{""index"":7,""testcaseId"":""6a9a9a99bf41025d6013eba2"",""status"":""Pass"",""statusKey"":""pass"",""errorPercent"":0,""timeUs"":444.8,""bestTimeUs"":14.05,""score"":10.503005472956495},{""index"":8,""testcaseId"":""6a9a9a99bf41025d6013eba6"",""status"":""Pass"",""statusKey"":""pass"",""errorPercent"":0,""timeUs"":122.13,""bestTimeUs"":30.16,""score"":22.475461639042916},{""index"":9,""testcaseId"":""6a9a9a99bf41025d6013ebaa"",""status"":""Pass"",""statusKey"":""pass"",""errorPercent"":0,""timeUs"":168.91,""bestTimeUs"":68.25,""score"":30.912511988690255},{""index"":10,""testcaseId"":""6a9a9a99bf41025d6013ebae"",""status"":""Pass"",""statusKey"":""pass"",""errorPercent"":0,""timeUs"":228.92,""bestTimeUs"":47.16,""score"":20.423453259220683},{""index"":11,""testcaseId"":""6a9a9a99bf41025d6013ebb2"",""status"":""Pass"",""statusKey"":""pass"",""errorPercent"":0,""timeUs"":1356.02,""bestTimeUs"":131.38,""score"":14.799722713648444},{""index"":12,""testcaseId"":""6a9a9a99bf41025d6013ebb6"",""status"":""Pass"",""statusKey"":""pass"",""errorPercent"":0,""timeUs"":378.54,""bestTimeUs"":76.55,""score"":20.2343777436387},{""index"":13,""testcaseId"":""6a9a9a99bf41025d6013ebba"",""status"":""Pass"",""statusKey"":""pass"",""errorPercent"":0,""timeUs"":3758.35,""bestTimeUs"":393.51,""score"":15.231059367824784},{""index"":14,""testcaseId"":""6a9a9a99bf41025d6013ebbe"",""status"":""Pass"",""statusKey"":""pass"",""errorPercent"":0,""timeUs"":31152.04,""bestTimeUs"":3750.12,""score"":16.07357565756662},{""index"":15,""testcaseId"":""6a9a9a99bf41025d6013ebc2"",""status"":""Pass"",""statusKey"":""pass"",""errorPercent"":0,""timeUs"":22651.44,""bestTimeUs"":8321.94,""score"":28.821942506571997}]"
UNKNOWN	线上结果/B001/result.json	UNKNOWN	6ab008f9b0477ec41eb86847	Wrong Answer	fail	12	15	UNKNOWN	UNKNOWN	99.99387331027285	/Users/sunyiyang/Desktop/Project/cann/phase4/workspaces/B001/kernel.txt	af1afccc914b97a75414098cb85dcfa9eb10c55908c3ceeec872d5e2803dd342	UNKNOWN	UNKNOWN	473	19472	"[{""index"":1,""testcaseId"":""6a9a9a99bf41025d6013eb8a"",""status"":""Pass"",""statusKey"":""pass"",""errorPercent"":0,""timeUs"":5.64,""bestTimeUs"":1.7,""score"":25.267016987748196},{""index"":2,""testcaseId"":""6a9a9a99bf41025d6013eb8e"",""status"":""Wrong Answer"",""statusKey"":""fail"",""errorPercent"":99.27483683828862,""timeUs"":3.89,""bestTimeUs"":2.16,""score"":40.8008615849674},{""index"":3,""testcaseId"":""6a9a9a99bf41025d6013eb92"",""status"":""Pass"",""statusKey"":""pass"",""errorPercent"":0,""timeUs"":5.59,""bestTimeUs"":2.48,""score"":33.28433941898956},{""index"":4,""testcaseId"":""6a9a9a99bf41025d6013eb96"",""status"":""Pass"",""statusKey"":""pass"",""errorPercent"":0,""timeUs"":173.52,""bestTimeUs"":6.66,""score"":11.061241014520375},{""index"":5,""testcaseId"":""6a9a9a99bf41025d6013eb9a"",""status"":""Pass"",""statusKey"":""pass"",""errorPercent"":0,""timeUs"":265.63,""bestTimeUs"":5.2,""score"":9.344859171832265},{""index"":6,""testcaseId"":""6a9a9a99bf41025d6013eb9e"",""status"":""Pass"",""statusKey"":""pass"",""errorPercent"":0,""timeUs"":230.2,""bestTimeUs"":10.86,""score"":11.720923582256335},{""index"":7,""testcaseId"":""6a9a9a99bf41025d6013eba2"",""status"":""Pass"",""statusKey"":""pass"",""errorPercent"":0,""timeUs"":471.17,""bestTimeUs"":14.05,""score"":10.34861474114272},{""index"":8,""testcaseId"":""6a9a9a99bf41025d6013eba6"",""status"":""Pass"",""statusKey"":""pass"",""errorPercent"":0,""timeUs"":126.45,""bestTimeUs"":30.41,""score"":22.150020198470106},{""index"":9,""testcaseId"":""6a9a9a99bf41025d6013ebaa"",""status"":""Pass"",""statusKey"":""pass"",""errorPercent"":0,""timeUs"":159.68,""bestTimeUs"":50.61,""score"":26.083519275371202},{""index"":10,""testcaseId"":""6a9a9a99bf41025d6013ebae"",""status"":""Pass"",""statusKey"":""pass"",""errorPercent"":0,""timeUs"":203.13,""bestTimeUs"":47.35,""score"":21.778773486429603},{""index"":11,""testcaseId"":""6a9a9a99bf41025d6013ebb2"",""status"":""Wrong Answer"",""statusKey"":""fail"",""errorPercent"":47.9010469393633,""timeUs"":1358.01,""bestTimeUs"":131.71,""score"":14.805354778147773},{""index"":12,""testcaseId"":""6a9a9a99bf41025d6013ebb6"",""status"":""Pass"",""statusKey"":""pass"",""errorPercent"":0,""timeUs"":338.94,""bestTimeUs"":76.55,""score"":21.415289010819663},{""index"":13,""testcaseId"":""6a9a9a99bf41025d6013ebba"",""status"":""Wrong Answer"",""statusKey"":""fail"",""errorPercent"":99.99387331027285,""timeUs"":0,""bestTimeUs"":395.02,""score"":null},{""index"":14,""testcaseId"":""6a9a9a99bf41025d6013ebbe"",""status"":""Pass"",""statusKey"":""pass"",""errorPercent"":0,""timeUs"":33486.48,""bestTimeUs"":3750.12,""score"":15.625949295328082},{""index"":15,""testcaseId"":""6a9a9a99bf41025d6013ebc2"",""status"":""Pass"",""statusKey"":""pass"",""errorPercent"":0,""timeUs"":22465.63,""bestTimeUs"":8357.81,""score"":29.08112444866327}]"
UNKNOWN	线上结果/C001/result.json	UNKNOWN	6ab05afeb0477ec41ed6905c	Time Limit Exceeded	fail	0	15	UNKNOWN	UNKNOWN	100	/Users/sunyiyang/Desktop/Project/cann/phase4/workspaces/C001/kernel.txt	e13e9b242d475d9552b4d2739db5bcd48e9378d58badb690bb878993167ce720	UNKNOWN	UNKNOWN	359	12798	"[{""index"":1,""testcaseId"":""6a9a9a99bf41025d6013eb8a"",""status"":""Time Limit Exceeded"",""statusKey"":""fail"",""errorPercent"":100,""timeUs"":0,""bestTimeUs"":1.7,""score"":null},{""index"":2,""testcaseId"":""6a9a9a99bf41025d6013eb8e"",""status"":""Skipped"",""statusKey"":""skipped"",""errorPercent"":100,""timeUs"":0,""bestTimeUs"":2.16,""score"":null},{""index"":3,""testcaseId"":""6a9a9a99bf41025d6013eb92"",""status"":""Skipped"",""statusKey"":""skipped"",""errorPercent"":100,""timeUs"":0,""bestTimeUs"":2.48,""score"":null},{""index"":4,""testcaseId"":""6a9a9a99bf41025d6013eb96"",""status"":""Skipped"",""statusKey"":""skipped"",""errorPercent"":100,""timeUs"":0,""bestTimeUs"":6.66,""score"":null},{""index"":5,""testcaseId"":""6a9a9a99bf41025d6013eb9a"",""status"":""Skipped"",""statusKey"":""skipped"",""errorPercent"":100,""timeUs"":0,""bestTimeUs"":5.2,""score"":null},{""index"":6,""testcaseId"":""6a9a9a99bf41025d6013eb9e"",""status"":""Skipped"",""statusKey"":""skipped"",""errorPercent"":100,""timeUs"":0,""bestTimeUs"":10.86,""score"":null},{""index"":7,""testcaseId"":""6a9a9a99bf41025d6013eba2"",""status"":""Skipped"",""statusKey"":""skipped"",""errorPercent"":100,""timeUs"":0,""bestTimeUs"":14.05,""score"":null},{""index"":8,""testcaseId"":""6a9a9a99bf41025d6013eba6"",""status"":""Skipped"",""statusKey"":""skipped"",""errorPercent"":100,""timeUs"":0,""bestTimeUs"":30.41,""score"":null},{""index"":9,""testcaseId"":""6a9a9a99bf41025d6013ebaa"",""status"":""Skipped"",""statusKey"":""skipped"",""errorPercent"":100,""timeUs"":0,""bestTimeUs"":50.61,""score"":null},{""index"":10,""testcaseId"":""6a9a9a99bf41025d6013ebae"",""status"":""Skipped"",""statusKey"":""skipped"",""errorPercent"":100,""timeUs"":0,""bestTimeUs"":47.35,""score"":null},{""index"":11,""testcaseId"":""6a9a9a99bf41025d6013ebb2"",""status"":""Skipped"",""statusKey"":""skipped"",""errorPercent"":100,""timeUs"":0,""bestTimeUs"":131.71,""score"":null},{""index"":12,""testcaseId"":""6a9a9a99bf41025d6013ebb6"",""status"":""Skipped"",""statusKey"":""skipped"",""errorPercent"":100,""timeUs"":0,""bestTimeUs"":76.55,""score"":null},{""index"":13,""testcaseId"":""6a9a9a99bf41025d6013ebba"",""status"":""Skipped"",""statusKey"":""skipped"",""errorPercent"":100,""timeUs"":0,""bestTimeUs"":395.02,""score"":null},{""index"":14,""testcaseId"":""6a9a9a99bf41025d6013ebbe"",""status"":""Skipped"",""statusKey"":""skipped"",""errorPercent"":100,""timeUs"":0,""bestTimeUs"":3750.12,""score"":null},{""index"":15,""testcaseId"":""6a9a9a99bf41025d6013ebc2"",""status"":""Skipped"",""statusKey"":""skipped"",""errorPercent"":100,""timeUs"":0,""bestTimeUs"":8357.81,""score"":null}]"
17	线上结果/COEFF-LOCALITY-X/V001/result.json	线上结果/COEFF-LOCALITY-X/V001/source-meta.json	6abab1f1694b590c3c43ee1c	Pass	pass	15	15	44.16	44.16449962989853	0	/Users/sunyiyang/Desktop/Project/cann/本地实验/COEFF-LOCALITY-X/V001/submission.asc	6e47a9a0ad50db5eef81f73911f846edd29f38d3d2222aaea868b10f4a8e59b4	UNKNOWN	UNKNOWN	3628	193934	"[{""index"":1,""testcaseId"":""6a9a9a99bf41025d6013eb8a"",""status"":""Pass"",""statusKey"":""pass"",""errorPercent"":0,""timeUs"":5.6,""bestTimeUs"":1.58,""score"":24.26762291344997},{""index"":2,""testcaseId"":""6a9a9a99bf41025d6013eb8e"",""status"":""Pass"",""statusKey"":""pass"",""errorPercent"":0,""timeUs"":3.32,""bestTimeUs"":2.21,""score"":49.90724458672086},{""index"":3,""testcaseId"":""6a9a9a99bf41025d6013eb92"",""status"":""Pass"",""statusKey"":""pass"",""errorPercent"":0,""timeUs"":5.55,""bestTimeUs"":2.47,""score"":33.37038104831328},{""index"":4,""testcaseId"":""6a9a9a99bf41025d6013eb96"",""status"":""Pass"",""statusKey"":""pass"",""errorPercent"":0,""timeUs"":17.32,""bestTimeUs"":6.64,""score"":29.72149506602175},{""index"":5,""testcaseId"":""6a9a9a99bf41025d6013eb9a"",""status"":""Pass"",""statusKey"":""pass"",""errorPercent"":0,""timeUs"":9.99,""bestTimeUs"":5.2,""score"":38.309573617552495},{""index"":6,""testcaseId"":""6a9a9a99bf41025d6013eb9e"",""status"":""Pass"",""statusKey"":""pass"",""errorPercent"":0,""timeUs"":28.56,""bestTimeUs"":9.62,""score"":27.146325142042585},{""index"":7,""testcaseId"":""6a9a9a99bf41025d6013eba2"",""status"":""Pass"",""statusKey"":""pass"",""errorPercent"":0,""timeUs"":52.3,""bestTimeUs"":13.9,""score"":23.429534187743002},{""index"":8,""testcaseId"":""6a9a9a99bf41025d6013eba6"",""status"":""Pass"",""statusKey"":""pass"",""errorPercent"":0,""timeUs"":69.78,""bestTimeUs"":30.16,""score"":32.5859046297065},{""index"":9,""testcaseId"":""6a9a9a99bf41025d6013ebaa"",""status"":""Pass"",""statusKey"":""pass"",""errorPercent"":0,""timeUs"":72.74,""bestTimeUs"":67.98,""score"":85.69610143134781},{""index"":10,""testcaseId"":""6a9a9a99bf41025d6013ebae"",""status"":""Pass"",""statusKey"":""pass"",""errorPercent"":0,""timeUs"":74.62,""bestTimeUs"":46.63,""score"":46.30555251645501},{""index"":11,""testcaseId"":""6a9a9a99bf41025d6013ebb2"",""status"":""Pass"",""statusKey"":""pass"",""errorPercent"":0,""timeUs"":164.82,""bestTimeUs"":131.16,""score"":63.963462410558776},{""index"":12,""testcaseId"":""6a9a9a99bf41025d6013ebb6"",""status"":""Pass"",""statusKey"":""pass"",""errorPercent"":0,""timeUs"":98.47,""bestTimeUs"":76.12,""score"":61.1647969329824},{""index"":13,""testcaseId"":""6a9a9a99bf41025d6013ebba"",""status"":""Pass"",""statusKey"":""pass"",""errorPercent"":0,""timeUs"":562.69,""bestTimeUs"":392.72,""score"":52.995250187348276},{""index"":14,""testcaseId"":""6a9a9a99bf41025d6013ebbe"",""status"":""Pass"",""statusKey"":""pass"",""errorPercent"":0,""timeUs"":16536.49,""bestTimeUs"":3750.12,""score"":21.461734097212542},{""index"":15,""testcaseId"":""6a9a9a99bf41025d6013ebc2"",""status"":""Pass"",""statusKey"":""pass"",""errorPercent"":0,""timeUs"":9675.08,""bestTimeUs"":8272.9,""score"":72.14251568102266}]"
UNKNOWN	线上结果/D001/V002/result.json	UNKNOWN	6ab0aefcb0477ec41e00e3d8	Time Limit Exceeded	fail	6	15	UNKNOWN	UNKNOWN	100	/Users/sunyiyang/Desktop/Project/cann/phase4/workspaces/D001/submission_v002.asc	8b4c0cfc4e402e36e955eeabf23e8661e0b3ab30b07367784201121ff6985c36	UNKNOWN	UNKNOWN	360	14571	"[{""index"":1,""testcaseId"":""6a9a9a99bf41025d6013eb8a"",""status"":""Wrong Answer"",""statusKey"":""fail"",""errorPercent"":100,""timeUs"":0,""bestTimeUs"":1.7,""score"":null},{""index"":2,""testcaseId"":""6a9a9a99bf41025d6013eb8e"",""status"":""Pass"",""statusKey"":""pass"",""errorPercent"":0,""timeUs"":0,""bestTimeUs"":2.16,""score"":null},{""index"":3,""testcaseId"":""6a9a9a99bf41025d6013eb92"",""status"":""Wrong Answer"",""statusKey"":""fail"",""errorPercent"":99.9969482421875,""timeUs"":0,""bestTimeUs"":2.48,""score"":null},{""index"":4,""testcaseId"":""6a9a9a99bf41025d6013eb96"",""status"":""Pass"",""statusKey"":""pass"",""errorPercent"":0,""timeUs"":0,""bestTimeUs"":6.66,""score"":null},{""index"":5,""testcaseId"":""6a9a9a99bf41025d6013eb9a"",""status"":""Wrong Answer"",""statusKey"":""fail"",""errorPercent"":99.957275390625,""timeUs"":0,""bestTimeUs"":5.2,""score"":null},{""index"":6,""testcaseId"":""6a9a9a99bf41025d6013eb9e"",""status"":""Pass"",""statusKey"":""pass"",""errorPercent"":0,""timeUs"":0,""bestTimeUs"":10.86,""score"":null},{""index"":7,""testcaseId"":""6a9a9a99bf41025d6013eba2"",""status"":""Pass"",""statusKey"":""pass"",""errorPercent"":0,""timeUs"":0,""bestTimeUs"":14.05,""score"":null},{""index"":8,""testcaseId"":""6a9a9a99bf41025d6013eba6"",""status"":""Wrong Answer"",""statusKey"":""fail"",""errorPercent"":99.92414474487305,""timeUs"":0,""bestTimeUs"":30.41,""score"":null},{""index"":9,""testcaseId"":""6a9a9a99bf41025d6013ebaa"",""status"":""Wrong Answer"",""statusKey"":""fail"",""errorPercent"":99.95778401692709,""timeUs"":0,""bestTimeUs"":50.61,""score"":null},{""index"":10,""testcaseId"":""6a9a9a99bf41025d6013ebae"",""status"":""Wrong Answer"",""statusKey"":""fail"",""errorPercent"":99.9272108078003,""timeUs"":0,""bestTimeUs"":47.35,""score"":null},{""index"":11,""testcaseId"":""6a9a9a99bf41025d6013ebb2"",""status"":""Pass"",""statusKey"":""pass"",""errorPercent"":0,""timeUs"":0,""bestTimeUs"":131.71,""score"":null},{""index"":12,""testcaseId"":""6a9a9a99bf41025d6013ebb6"",""status"":""Wrong Answer"",""statusKey"":""fail"",""errorPercent"":99.96464689012984,""timeUs"":0,""bestTimeUs"":76.55,""score"":null},{""index"":13,""testcaseId"":""6a9a9a99bf41025d6013ebba"",""status"":""Pass"",""statusKey"":""pass"",""errorPercent"":0,""timeUs"":0,""bestTimeUs"":395.02,""score"":null},{""index"":14,""testcaseId"":""6a9a9a99bf41025d6013ebbe"",""status"":""Wrong Answer"",""statusKey"":""fail"",""errorPercent"":99.82947502607182,""timeUs"":0,""bestTimeUs"":3750.12,""score"":null},{""index"":15,""testcaseId"":""6a9a9a99bf41025d6013ebc2"",""status"":""Time Limit Exceeded"",""statusKey"":""fail"",""errorPercent"":100,""timeUs"":0,""bestTimeUs"":8357.81,""score"":null}]"
UNKNOWN	线上结果/D001/V003/result.json	UNKNOWN	6ab1074db0477ec41e3953d0	Time Limit Exceeded	fail	6	15	UNKNOWN	UNKNOWN	100	/Users/sunyiyang/Desktop/Project/cann/phase4/workspaces/D001/submission_v003.asc	333fec103d91e610d7cd3da37f5ef03fecab7ae5ef3d75114b4adc13df42706a	UNKNOWN	UNKNOWN	358	14445	"[{""index"":1,""testcaseId"":""6a9a9a99bf41025d6013eb8a"",""status"":""Wrong Answer"",""statusKey"":""fail"",""errorPercent"":100,""timeUs"":0,""bestTimeUs"":1.7,""score"":null},{""index"":2,""testcaseId"":""6a9a9a99bf41025d6013eb8e"",""status"":""Pass"",""statusKey"":""pass"",""errorPercent"":0,""timeUs"":0,""bestTimeUs"":2.16,""score"":null},{""index"":3,""testcaseId"":""6a9a9a99bf41025d6013eb92"",""status"":""Wrong Answer"",""statusKey"":""fail"",""errorPercent"":99.9969482421875,""timeUs"":0,""bestTimeUs"":2.48,""score"":null},{""index"":4,""testcaseId"":""6a9a9a99bf41025d6013eb96"",""status"":""Pass"",""statusKey"":""pass"",""errorPercent"":0,""timeUs"":0,""bestTimeUs"":6.66,""score"":null},{""index"":5,""testcaseId"":""6a9a9a99bf41025d6013eb9a"",""status"":""Wrong Answer"",""statusKey"":""fail"",""errorPercent"":99.95536804199219,""timeUs"":0,""bestTimeUs"":5.2,""score"":null},{""index"":6,""testcaseId"":""6a9a9a99bf41025d6013eb9e"",""status"":""Pass"",""statusKey"":""pass"",""errorPercent"":0,""timeUs"":0,""bestTimeUs"":10.86,""score"":null},{""index"":7,""testcaseId"":""6a9a9a99bf41025d6013eba2"",""status"":""Pass"",""statusKey"":""pass"",""errorPercent"":0,""timeUs"":0,""bestTimeUs"":14.05,""score"":null},{""index"":8,""testcaseId"":""6a9a9a99bf41025d6013eba6"",""status"":""Wrong Answer"",""statusKey"":""fail"",""errorPercent"":99.92837905883789,""timeUs"":0,""bestTimeUs"":30.41,""score"":null},{""index"":9,""testcaseId"":""6a9a9a99bf41025d6013ebaa"",""status"":""Wrong Answer"",""statusKey"":""fail"",""errorPercent"":99.99073346455893,""timeUs"":0,""bestTimeUs"":68.25,""score"":null},{""index"":10,""testcaseId"":""6a9a9a99bf41025d6013ebae"",""status"":""Wrong Answer"",""statusKey"":""fail"",""errorPercent"":99.92227554321289,""timeUs"":0,""bestTimeUs"":47.16,""score"":null},{""index"":11,""testcaseId"":""6a9a9a99bf41025d6013ebb2"",""status"":""Pass"",""statusKey"":""pass"",""errorPercent"":0,""timeUs"":0,""bestTimeUs"":131.65,""score"":null},{""index"":12,""testcaseId"":""6a9a9a99bf41025d6013ebb6"",""status"":""Wrong Answer"",""statusKey"":""fail"",""errorPercent"":99.96680317910065,""timeUs"":0,""bestTimeUs"":76.55,""score"":null},{""index"":13,""testcaseId"":""6a9a9a99bf41025d6013ebba"",""status"":""Pass"",""statusKey"":""pass"",""errorPercent"":0,""timeUs"":0,""bestTimeUs"":395.02,""score"":null},{""index"":14,""testcaseId"":""6a9a9a99bf41025d6013ebbe"",""status"":""Time Limit Exceeded"",""statusKey"":""fail"",""errorPercent"":100,""timeUs"":0,""bestTimeUs"":3750.12,""score"":null},{""index"":15,""testcaseId"":""6a9a9a99bf41025d6013ebc2"",""status"":""Skipped"",""statusKey"":""skipped"",""errorPercent"":100,""timeUs"":0,""bestTimeUs"":8357.81,""score"":null}]"
UNKNOWN	线上结果/D001/V004/result.json	UNKNOWN	6ab126fa0304f72a56cf6b9b	Compile Error	fail	0	15	UNKNOWN	UNKNOWN	100	/Users/sunyiyang/Desktop/Project/cann/phase4/workspaces/D001/submission_v004.asc	d5a25213e6d8b219fbccba3a07dad6cf3e1397e091a89f8b96ad7f48c9709ae9	UNKNOWN	UNKNOWN	365	14880	"[{""index"":1,""testcaseId"":""6a9a9a99bf41025d6013eb8a"",""status"":""Compile Error"",""statusKey"":""fail"",""errorPercent"":100,""timeUs"":0,""bestTimeUs"":1.7,""score"":null},{""index"":2,""testcaseId"":""6a9a9a99bf41025d6013eb8e"",""status"":""Compile Error"",""statusKey"":""fail"",""errorPercent"":100,""timeUs"":0,""bestTimeUs"":2.16,""score"":null},{""index"":3,""testcaseId"":""6a9a9a99bf41025d6013eb92"",""status"":""Compile Error"",""statusKey"":""fail"",""errorPercent"":100,""timeUs"":0,""bestTimeUs"":2.47,""score"":null},{""index"":4,""testcaseId"":""6a9a9a99bf41025d6013eb96"",""status"":""Compile Error"",""statusKey"":""fail"",""errorPercent"":100,""timeUs"":0,""bestTimeUs"":6.66,""score"":null},{""index"":5,""testcaseId"":""6a9a9a99bf41025d6013eb9a"",""status"":""Compile Error"",""statusKey"":""fail"",""errorPercent"":100,""timeUs"":0,""bestTimeUs"":5.2,""score"":null},{""index"":6,""testcaseId"":""6a9a9a99bf41025d6013eb9e"",""status"":""Compile Error"",""statusKey"":""fail"",""errorPercent"":100,""timeUs"":0,""bestTimeUs"":10.86,""score"":null},{""index"":7,""testcaseId"":""6a9a9a99bf41025d6013eba2"",""status"":""Compile Error"",""statusKey"":""fail"",""errorPercent"":100,""timeUs"":0,""bestTimeUs"":14.05,""score"":null},{""index"":8,""testcaseId"":""6a9a9a99bf41025d6013eba6"",""status"":""Compile Error"",""statusKey"":""fail"",""errorPercent"":100,""timeUs"":0,""bestTimeUs"":30.41,""score"":null},{""index"":9,""testcaseId"":""6a9a9a99bf41025d6013ebaa"",""status"":""Compile Error"",""statusKey"":""fail"",""errorPercent"":100,""timeUs"":0,""bestTimeUs"":68.25,""score"":null},{""index"":10,""testcaseId"":""6a9a9a99bf41025d6013ebae"",""status"":""Compile Error"",""statusKey"":""fail"",""errorPercent"":100,""timeUs"":0,""bestTimeUs"":47.16,""score"":null},{""index"":11,""testcaseId"":""6a9a9a99bf41025d6013ebb2"",""status"":""Compile Error"",""statusKey"":""fail"",""errorPercent"":100,""timeUs"":0,""bestTimeUs"":131.65,""score"":null},{""index"":12,""testcaseId"":""6a9a9a99bf41025d6013ebb6"",""status"":""Compile Error"",""statusKey"":""fail"",""errorPercent"":100,""timeUs"":0,""bestTimeUs"":76.55,""score"":null},{""index"":13,""testcaseId"":""6a9a9a99bf41025d6013ebba"",""status"":""Compile Error"",""statusKey"":""fail"",""errorPercent"":100,""timeUs"":0,""bestTimeUs"":395.02,""score"":null},{""index"":14,""testcaseId"":""6a9a9a99bf41025d6013ebbe"",""status"":""Compile Error"",""statusKey"":""fail"",""errorPercent"":100,""timeUs"":0,""bestTimeUs"":3750.12,""score"":null},{""index"":15,""testcaseId"":""6a9a9a99bf41025d6013ebc2"",""status"":""Compile Error"",""statusKey"":""fail"",""errorPercent"":100,""timeUs"":0,""bestTimeUs"":8357.81,""score"":null}]"
UNKNOWN	线上结果/D001/V005/result.json	UNKNOWN	6ab1339e0304f72a56d7a705	Time Limit Exceeded	fail	6	15	UNKNOWN	UNKNOWN	100	/Users/sunyiyang/Desktop/Project/cann/phase4/workspaces/D001/submission_v005.asc	1a09a6aec1d0be3f1ad492b629b477fccdcc9db8d40c18be65d63e524f163d4f	UNKNOWN	UNKNOWN	371	14985	"[{""index"":1,""testcaseId"":""6a9a9a99bf41025d6013eb8a"",""status"":""Wrong Answer"",""statusKey"":""fail"",""errorPercent"":15.625,""timeUs"":0,""bestTimeUs"":1.7,""score"":null},{""index"":2,""testcaseId"":""6a9a9a99bf41025d6013eb8e"",""status"":""Pass"",""statusKey"":""pass"",""errorPercent"":0,""timeUs"":0,""bestTimeUs"":2.16,""score"":null},{""index"":3,""testcaseId"":""6a9a9a99bf41025d6013eb92"",""status"":""Wrong Answer"",""statusKey"":""fail"",""errorPercent"":65.191650390625,""timeUs"":0,""bestTimeUs"":2.47,""score"":null},{""index"":4,""testcaseId"":""6a9a9a99bf41025d6013eb96"",""status"":""Pass"",""statusKey"":""pass"",""errorPercent"":0,""timeUs"":0,""bestTimeUs"":6.66,""score"":null},{""index"":5,""testcaseId"":""6a9a9a99bf41025d6013eb9a"",""status"":""Wrong Answer"",""statusKey"":""fail"",""errorPercent"":0.10986328125,""timeUs"":0,""bestTimeUs"":5.2,""score"":null},{""index"":6,""testcaseId"":""6a9a9a99bf41025d6013eb9e"",""status"":""Pass"",""statusKey"":""pass"",""errorPercent"":0,""timeUs"":0,""bestTimeUs"":10.86,""score"":null},{""index"":7,""testcaseId"":""6a9a9a99bf41025d6013eba2"",""status"":""Pass"",""statusKey"":""pass"",""errorPercent"":0,""timeUs"":0,""bestTimeUs"":14.05,""score"":null},{""index"":8,""testcaseId"":""6a9a9a99bf41025d6013eba6"",""status"":""Wrong Answer"",""statusKey"":""fail"",""errorPercent"":92.12749481201172,""timeUs"":0,""bestTimeUs"":30.41,""score"":null},{""index"":9,""testcaseId"":""6a9a9a99bf41025d6013ebaa"",""status"":""Wrong Answer"",""statusKey"":""fail"",""errorPercent"":96.59345944722494,""timeUs"":0,""bestTimeUs"":68.25,""score"":null},{""index"":10,""testcaseId"":""6a9a9a99bf41025d6013ebae"",""status"":""Wrong Answer"",""statusKey"":""fail"",""errorPercent"":88.6309027671814,""timeUs"":0,""bestTimeUs"":47.16,""score"":null},{""index"":11,""testcaseId"":""6a9a9a99bf41025d6013ebb2"",""status"":""Pass"",""statusKey"":""pass"",""errorPercent"":0,""timeUs"":0,""bestTimeUs"":131.65,""score"":null},{""index"":12,""testcaseId"":""6a9a9a99bf41025d6013ebb6"",""status"":""Wrong Answer"",""statusKey"":""fail"",""errorPercent"":69.12129720052084,""timeUs"":0,""bestTimeUs"":76.55,""score"":null},{""index"":13,""testcaseId"":""6a9a9a99bf41025d6013ebba"",""status"":""Pass"",""statusKey"":""pass"",""errorPercent"":0,""timeUs"":0,""bestTimeUs"":395.02,""score"":null},{""index"":14,""testcaseId"":""6a9a9a99bf41025d6013ebbe"",""status"":""Time Limit Exceeded"",""statusKey"":""fail"",""errorPercent"":100,""timeUs"":0,""bestTimeUs"":3750.12,""score"":null},{""index"":15,""testcaseId"":""6a9a9a99bf41025d6013ebc2"",""status"":""Skipped"",""statusKey"":""skipped"",""errorPercent"":100,""timeUs"":0,""bestTimeUs"":8357.81,""score"":null}]"
UNKNOWN	线上结果/D001/V006/result.json	UNKNOWN	6ab20d010304f72a5637f60b	Compile Error	fail	0	15	UNKNOWN	UNKNOWN	100	/Users/sunyiyang/Desktop/Project/cann/phase4/workspaces/D001/submission_v006.asc	fefab2d44aade179fc0f5116d43f078e2414a33e1f53e89ea699f08f6f12e50b	UNKNOWN	UNKNOWN	323	13709	"[{""index"":1,""testcaseId"":""6a9a9a99bf41025d6013eb8a"",""status"":""Compile Error"",""statusKey"":""fail"",""errorPercent"":100,""timeUs"":0,""bestTimeUs"":1.7,""score"":null},{""index"":2,""testcaseId"":""6a9a9a99bf41025d6013eb8e"",""status"":""Compile Error"",""statusKey"":""fail"",""errorPercent"":100,""timeUs"":0,""bestTimeUs"":2.16,""score"":null},{""index"":3,""testcaseId"":""6a9a9a99bf41025d6013eb92"",""status"":""Compile Error"",""statusKey"":""fail"",""errorPercent"":100,""timeUs"":0,""bestTimeUs"":2.47,""score"":null},{""index"":4,""testcaseId"":""6a9a9a99bf41025d6013eb96"",""status"":""Compile Error"",""statusKey"":""fail"",""errorPercent"":100,""timeUs"":0,""bestTimeUs"":6.66,""score"":null},{""index"":5,""testcaseId"":""6a9a9a99bf41025d6013eb9a"",""status"":""Compile Error"",""statusKey"":""fail"",""errorPercent"":100,""timeUs"":0,""bestTimeUs"":5.2,""score"":null},{""index"":6,""testcaseId"":""6a9a9a99bf41025d6013eb9e"",""status"":""Compile Error"",""statusKey"":""fail"",""errorPercent"":100,""timeUs"":0,""bestTimeUs"":10.86,""score"":null},{""index"":7,""testcaseId"":""6a9a9a99bf41025d6013eba2"",""status"":""Compile Error"",""statusKey"":""fail"",""errorPercent"":100,""timeUs"":0,""bestTimeUs"":14.05,""score"":null},{""index"":8,""testcaseId"":""6a9a9a99bf41025d6013eba6"",""status"":""Compile Error"",""statusKey"":""fail"",""errorPercent"":100,""timeUs"":0,""bestTimeUs"":30.16,""score"":null},{""index"":9,""testcaseId"":""6a9a9a99bf41025d6013ebaa"",""status"":""Compile Error"",""statusKey"":""fail"",""errorPercent"":100,""timeUs"":0,""bestTimeUs"":68.25,""score"":null},{""index"":10,""testcaseId"":""6a9a9a99bf41025d6013ebae"",""status"":""Compile Error"",""statusKey"":""fail"",""errorPercent"":100,""timeUs"":0,""bestTimeUs"":47.16,""score"":null},{""index"":11,""testcaseId"":""6a9a9a99bf41025d6013ebb2"",""status"":""Compile Error"",""statusKey"":""fail"",""errorPercent"":100,""timeUs"":0,""bestTimeUs"":131.38,""score"":null},{""index"":12,""testcaseId"":""6a9a9a99bf41025d6013ebb6"",""status"":""Compile Error"",""statusKey"":""fail"",""errorPercent"":100,""timeUs"":0,""bestTimeUs"":76.55,""score"":null},{""index"":13,""testcaseId"":""6a9a9a99bf41025d6013ebba"",""status"":""Compile Error"",""statusKey"":""fail"",""errorPercent"":100,""timeUs"":0,""bestTimeUs"":393.51,""score"":null},{""index"":14,""testcaseId"":""6a9a9a99bf41025d6013ebbe"",""status"":""Compile Error"",""statusKey"":""fail"",""errorPercent"":100,""timeUs"":0,""bestTimeUs"":3750.12,""score"":null},{""index"":15,""testcaseId"":""6a9a9a99bf41025d6013ebc2"",""status"":""Compile Error"",""statusKey"":""fail"",""errorPercent"":100,""timeUs"":0,""bestTimeUs"":8321.94,""score"":null}]"
UNKNOWN	线上结果/D001/V007/result.json	UNKNOWN	6ab20edf0304f72a5638ce3c	Time Limit Exceeded	fail	6	15	UNKNOWN	UNKNOWN	100	/Users/sunyiyang/Desktop/Project/cann/phase4/workspaces/D001/submission_v007.asc	fa7c907e8f116aa5f0d0b88a376f58cd2c6bcbe3155fc5eac3be2ffc48ff98c0	UNKNOWN	UNKNOWN	376	15359	"[{""index"":1,""testcaseId"":""6a9a9a99bf41025d6013eb8a"",""status"":""Wrong Answer"",""statusKey"":""fail"",""errorPercent"":12.5,""timeUs"":0,""bestTimeUs"":1.7,""score"":null},{""index"":2,""testcaseId"":""6a9a9a99bf41025d6013eb8e"",""status"":""Pass"",""statusKey"":""pass"",""errorPercent"":0,""timeUs"":0,""bestTimeUs"":2.16,""score"":null},{""index"":3,""testcaseId"":""6a9a9a99bf41025d6013eb92"",""status"":""Wrong Answer"",""statusKey"":""fail"",""errorPercent"":24.69482421875,""timeUs"":0,""bestTimeUs"":2.47,""score"":null},{""index"":4,""testcaseId"":""6a9a9a99bf41025d6013eb96"",""status"":""Pass"",""statusKey"":""pass"",""errorPercent"":0,""timeUs"":0,""bestTimeUs"":6.66,""score"":null},{""index"":5,""testcaseId"":""6a9a9a99bf41025d6013eb9a"",""status"":""Wrong Answer"",""statusKey"":""fail"",""errorPercent"":0.1125335693359375,""timeUs"":0,""bestTimeUs"":5.2,""score"":null},{""index"":6,""testcaseId"":""6a9a9a99bf41025d6013eb9e"",""status"":""Pass"",""statusKey"":""pass"",""errorPercent"":0,""timeUs"":0,""bestTimeUs"":10.86,""score"":null},{""index"":7,""testcaseId"":""6a9a9a99bf41025d6013eba2"",""status"":""Pass"",""statusKey"":""pass"",""errorPercent"":0,""timeUs"":0,""bestTimeUs"":14.05,""score"":null},{""index"":8,""testcaseId"":""6a9a9a99bf41025d6013eba6"",""status"":""Wrong Answer"",""statusKey"":""fail"",""errorPercent"":38.23713302612305,""timeUs"":0,""bestTimeUs"":30.16,""score"":null},{""index"":9,""testcaseId"":""6a9a9a99bf41025d6013ebaa"",""status"":""Wrong Answer"",""statusKey"":""fail"",""errorPercent"":16.768693923950195,""timeUs"":0,""bestTimeUs"":68.25,""score"":null},{""index"":10,""testcaseId"":""6a9a9a99bf41025d6013ebae"",""status"":""Wrong Answer"",""statusKey"":""fail"",""errorPercent"":32.069289684295654,""timeUs"":0,""bestTimeUs"":47.16,""score"":null},{""index"":11,""testcaseId"":""6a9a9a99bf41025d6013ebb2"",""status"":""Pass"",""statusKey"":""pass"",""errorPercent"":0,""timeUs"":0,""bestTimeUs"":131.38,""score"":null},{""index"":12,""testcaseId"":""6a9a9a99bf41025d6013ebb6"",""status"":""Wrong Answer"",""statusKey"":""fail"",""errorPercent"":0.8393193634463003,""timeUs"":0,""bestTimeUs"":76.55,""score"":null},{""index"":13,""testcaseId"":""6a9a9a99bf41025d6013ebba"",""status"":""Pass"",""statusKey"":""pass"",""errorPercent"":0,""timeUs"":0,""bestTimeUs"":393.51,""score"":null},{""index"":14,""testcaseId"":""6a9a9a99bf41025d6013ebbe"",""status"":""Time Limit Exceeded"",""statusKey"":""fail"",""errorPercent"":100,""timeUs"":0,""bestTimeUs"":3750.12,""score"":null},{""index"":15,""testcaseId"":""6a9a9a99bf41025d6013ebc2"",""status"":""Skipped"",""statusKey"":""skipped"",""errorPercent"":100,""timeUs"":0,""bestTimeUs"":8321.94,""score"":null}]"
UNKNOWN	线上结果/D001/result.json	UNKNOWN	6ab06a5bb0477ec41edafc09	Compile Error	fail	0	15	UNKNOWN	UNKNOWN	100	/Users/sunyiyang/Desktop/Project/cann/phase4/workspaces/D001/kernel.asc	971f9f954687497573b37a28c5649222e677ca571f3029378f6b4f2110d5123c	UNKNOWN	UNKNOWN	359	14519	"[{""index"":1,""testcaseId"":""6a9a9a99bf41025d6013eb8a"",""status"":""Compile Error"",""statusKey"":""fail"",""errorPercent"":100,""timeUs"":0,""bestTimeUs"":1.7,""score"":null},{""index"":2,""testcaseId"":""6a9a9a99bf41025d6013eb8e"",""status"":""Compile Error"",""statusKey"":""fail"",""errorPercent"":100,""timeUs"":0,""bestTimeUs"":2.16,""score"":null},{""index"":3,""testcaseId"":""6a9a9a99bf41025d6013eb92"",""status"":""Compile Error"",""statusKey"":""fail"",""errorPercent"":100,""timeUs"":0,""bestTimeUs"":2.48,""score"":null},{""index"":4,""testcaseId"":""6a9a9a99bf41025d6013eb96"",""status"":""Compile Error"",""statusKey"":""fail"",""errorPercent"":100,""timeUs"":0,""bestTimeUs"":6.66,""score"":null},{""index"":5,""testcaseId"":""6a9a9a99bf41025d6013eb9a"",""status"":""Compile Error"",""statusKey"":""fail"",""errorPercent"":100,""timeUs"":0,""bestTimeUs"":5.2,""score"":null},{""index"":6,""testcaseId"":""6a9a9a99bf41025d6013eb9e"",""status"":""Compile Error"",""statusKey"":""fail"",""errorPercent"":100,""timeUs"":0,""bestTimeUs"":10.86,""score"":null},{""index"":7,""testcaseId"":""6a9a9a99bf41025d6013eba2"",""status"":""Compile Error"",""statusKey"":""fail"",""errorPercent"":100,""timeUs"":0,""bestTimeUs"":14.05,""score"":null},{""index"":8,""testcaseId"":""6a9a9a99bf41025d6013eba6"",""status"":""Compile Error"",""statusKey"":""fail"",""errorPercent"":100,""timeUs"":0,""bestTimeUs"":30.41,""score"":null},{""index"":9,""testcaseId"":""6a9a9a99bf41025d6013ebaa"",""status"":""Compile Error"",""statusKey"":""fail"",""errorPercent"":100,""timeUs"":0,""bestTimeUs"":50.61,""score"":null},{""index"":10,""testcaseId"":""6a9a9a99bf41025d6013ebae"",""status"":""Compile Error"",""statusKey"":""fail"",""errorPercent"":100,""timeUs"":0,""bestTimeUs"":47.35,""score"":null},{""index"":11,""testcaseId"":""6a9a9a99bf41025d6013ebb2"",""status"":""Compile Error"",""statusKey"":""fail"",""errorPercent"":100,""timeUs"":0,""bestTimeUs"":131.71,""score"":null},{""index"":12,""testcaseId"":""6a9a9a99bf41025d6013ebb6"",""status"":""Compile Error"",""statusKey"":""fail"",""errorPercent"":100,""timeUs"":0,""bestTimeUs"":76.55,""score"":null},{""index"":13,""testcaseId"":""6a9a9a99bf41025d6013ebba"",""status"":""Compile Error"",""statusKey"":""fail"",""errorPercent"":100,""timeUs"":0,""bestTimeUs"":395.02,""score"":null},{""index"":14,""testcaseId"":""6a9a9a99bf41025d6013ebbe"",""status"":""Compile Error"",""statusKey"":""fail"",""errorPercent"":100,""timeUs"":0,""bestTimeUs"":3750.12,""score"":null},{""index"":15,""testcaseId"":""6a9a9a99bf41025d6013ebc2"",""status"":""Compile Error"",""statusKey"":""fail"",""errorPercent"":100,""timeUs"":0,""bestTimeUs"":8357.81,""score"":null}]"
22	线上结果/DTYPE-SPECIAL-X/V001/result.json	线上结果/DTYPE-SPECIAL-X/V001/source-meta.json	6aba9efc694b590c3c3cef3d	Pass	pass	15	15	44.04	44.03750948381586	0	/Users/sunyiyang/Desktop/Project/cann/本地实验/DTYPE-SPECIAL-X/V001/submission.asc	e2717055199f541d98d85ceef2e011e52e2749d932ca954dc887868de7db880f	158bdc7aec8cabc4733834aca8304818ebfe6992	UNKNOWN	3571	190811	"[{""index"":1,""testcaseId"":""6a9a9a99bf41025d6013eb8a"",""status"":""Pass"",""statusKey"":""pass"",""errorPercent"":0,""timeUs"":5.81,""bestTimeUs"":1.58,""score"":23.744446104534713},{""index"":2,""testcaseId"":""6a9a9a99bf41025d6013eb8e"",""status"":""Pass"",""statusKey"":""pass"",""errorPercent"":0,""timeUs"":3.39,""bestTimeUs"":2.21,""score"":48.65761248889527},{""index"":3,""testcaseId"":""6a9a9a99bf41025d6013eb92"",""status"":""Pass"",""statusKey"":""pass"",""errorPercent"":0,""timeUs"":5.65,""bestTimeUs"":2.47,""score"":32.887037478174},{""index"":4,""testcaseId"":""6a9a9a99bf41025d6013eb96"",""status"":""Pass"",""statusKey"":""pass"",""errorPercent"":0,""timeUs"":17.89,""bestTimeUs"":6.66,""score"":29.095058758488143},{""index"":5,""testcaseId"":""6a9a9a99bf41025d6013eb9a"",""status"":""Pass"",""statusKey"":""pass"",""errorPercent"":0,""timeUs"":10.04,""bestTimeUs"":5.2,""score"":38.129712488915246},{""index"":6,""testcaseId"":""6a9a9a99bf41025d6013eb9e"",""status"":""Pass"",""statusKey"":""pass"",""errorPercent"":0,""timeUs"":29.97,""bestTimeUs"":9.62,""score"":26.297862684871543},{""index"":7,""testcaseId"":""6a9a9a99bf41025d6013eba2"",""status"":""Pass"",""statusKey"":""pass"",""errorPercent"":0,""timeUs"":52.6,""bestTimeUs"":13.9,""score"":23.352351883643458},{""index"":8,""testcaseId"":""6a9a9a99bf41025d6013eba6"",""status"":""Pass"",""statusKey"":""pass"",""errorPercent"":0,""timeUs"":70,""bestTimeUs"":30.16,""score"":32.50367718586855},{""index"":9,""testcaseId"":""6a9a9a99bf41025d6013ebaa"",""status"":""Pass"",""statusKey"":""pass"",""errorPercent"":0,""timeUs"":72.6,""bestTimeUs"":67.98,""score"":86.04646069010941},{""index"":10,""testcaseId"":""6a9a9a99bf41025d6013ebae"",""status"":""Pass"",""statusKey"":""pass"",""errorPercent"":0,""timeUs"":74.96,""bestTimeUs"":46.63,""score"":46.06638628524328},{""index"":11,""testcaseId"":""6a9a9a99bf41025d6013ebb2"",""status"":""Pass"",""statusKey"":""pass"",""errorPercent"":0,""timeUs"":162.4,""bestTimeUs"":131.16,""score"":65.49165425297548},{""index"":12,""testcaseId"":""6a9a9a99bf41025d6013ebb6"",""status"":""Pass"",""statusKey"":""pass"",""errorPercent"":0,""timeUs"":98.05,""bestTimeUs"":76.12,""score"":61.561743595125144},{""index"":13,""testcaseId"":""6a9a9a99bf41025d6013ebba"",""status"":""Pass"",""statusKey"":""pass"",""errorPercent"":0,""timeUs"":566.11,""bestTimeUs"":392.72,""score"":52.57882711576396},{""index"":14,""testcaseId"":""6a9a9a99bf41025d6013ebbe"",""status"":""Pass"",""statusKey"":""pass"",""errorPercent"":0,""timeUs"":16474.23,""bestTimeUs"":3750.12,""score"":21.504670805973756},{""index"":15,""testcaseId"":""6a9a9a99bf41025d6013ebc2"",""status"":""Pass"",""statusKey"":""pass"",""errorPercent"":0,""timeUs"":9637.53,""bestTimeUs"":8272.9,""score"":72.64514043865601}]"
UNKNOWN	线上结果/E001/V002/result.json	UNKNOWN	6ab1001db0477ec41e357f83	Runtime Error	fail	0	15	UNKNOWN	UNKNOWN	100	/Users/sunyiyang/Desktop/Project/cann/phase4/workspaces/E001/submission_kernel.txt	89f5320f143c7dcde10eff692c94b96213b9d71c90b838b6da19877d7618150b	UNKNOWN	UNKNOWN	456	19759	"[{""index"":1,""testcaseId"":""6a9a9a99bf41025d6013eb8a"",""status"":""Wrong Answer"",""statusKey"":""fail"",""errorPercent"":100,""timeUs"":4.73,""bestTimeUs"":1.7,""score"":28.37877065660012},{""index"":2,""testcaseId"":""6a9a9a99bf41025d6013eb8e"",""status"":""Wrong Answer"",""statusKey"":""fail"",""errorPercent"":99.92748368382887,""timeUs"":2.8,""bestTimeUs"":2.16,""score"":60.97436945003958},{""index"":3,""testcaseId"":""6a9a9a99bf41025d6013eb92"",""status"":""Wrong Answer"",""statusKey"":""fail"",""errorPercent"":91.387939453125,""timeUs"":8.61,""bestTimeUs"":2.48,""score"":24.571694062052945},{""index"":4,""testcaseId"":""6a9a9a99bf41025d6013eb96"",""status"":""Runtime Error"",""statusKey"":""fail"",""errorPercent"":100,""timeUs"":0,""bestTimeUs"":6.66,""score"":null},{""index"":5,""testcaseId"":""6a9a9a99bf41025d6013eb9a"",""status"":""Skipped"",""statusKey"":""skipped"",""errorPercent"":100,""timeUs"":0,""bestTimeUs"":5.2,""score"":null},{""index"":6,""testcaseId"":""6a9a9a99bf41025d6013eb9e"",""status"":""Skipped"",""statusKey"":""skipped"",""errorPercent"":100,""timeUs"":0,""bestTimeUs"":10.86,""score"":null},{""index"":7,""testcaseId"":""6a9a9a99bf41025d6013eba2"",""status"":""Skipped"",""statusKey"":""skipped"",""errorPercent"":100,""timeUs"":0,""bestTimeUs"":14.05,""score"":null},{""index"":8,""testcaseId"":""6a9a9a99bf41025d6013eba6"",""status"":""Skipped"",""statusKey"":""skipped"",""errorPercent"":100,""timeUs"":0,""bestTimeUs"":30.41,""score"":null},{""index"":9,""testcaseId"":""6a9a9a99bf41025d6013ebaa"",""status"":""Skipped"",""statusKey"":""skipped"",""errorPercent"":100,""timeUs"":0,""bestTimeUs"":50.61,""score"":null},{""index"":10,""testcaseId"":""6a9a9a99bf41025d6013ebae"",""status"":""Skipped"",""statusKey"":""skipped"",""errorPercent"":100,""timeUs"":0,""bestTimeUs"":47.16,""score"":null},{""index"":11,""testcaseId"":""6a9a9a99bf41025d6013ebb2"",""status"":""Skipped"",""statusKey"":""skipped"",""errorPercent"":100,""timeUs"":0,""bestTimeUs"":131.65,""score"":null},{""index"":12,""testcaseId"":""6a9a9a99bf41025d6013ebb6"",""status"":""Skipped"",""statusKey"":""skipped"",""errorPercent"":100,""timeUs"":0,""bestTimeUs"":76.55,""score"":null},{""index"":13,""testcaseId"":""6a9a9a99bf41025d6013ebba"",""status"":""Skipped"",""statusKey"":""skipped"",""errorPercent"":100,""timeUs"":0,""bestTimeUs"":395.02,""score"":null},{""index"":14,""testcaseId"":""6a9a9a99bf41025d6013ebbe"",""status"":""Skipped"",""statusKey"":""skipped"",""errorPercent"":100,""timeUs"":0,""bestTimeUs"":3750.12,""score"":null},{""index"":15,""testcaseId"":""6a9a9a99bf41025d6013ebc2"",""status"":""Skipped"",""statusKey"":""skipped"",""errorPercent"":100,""timeUs"":0,""bestTimeUs"":8357.81,""score"":null}]"
UNKNOWN	线上结果/E001/V003/result.json	UNKNOWN	6ab10406b0477ec41e378288	Runtime Error	fail	0	15	UNKNOWN	UNKNOWN	100	/Users/sunyiyang/Desktop/Project/cann/phase4/workspaces/E001/submission_kernel.txt	7d7b0564a7d7e39c035a61f106f83b10d37cd9a0b0179d862a6efc93c7bcafba	UNKNOWN	UNKNOWN	460	19884	"[{""index"":1,""testcaseId"":""6a9a9a99bf41025d6013eb8a"",""status"":""Wrong Answer"",""statusKey"":""fail"",""errorPercent"":100,""timeUs"":5.04,""bestTimeUs"":1.7,""score"":27.171521303679587},{""index"":2,""testcaseId"":""6a9a9a99bf41025d6013eb8e"",""status"":""Wrong Answer"",""statusKey"":""fail"",""errorPercent"":99.92748368382887,""timeUs"":2.87,""bestTimeUs"":2.16,""score"":58.79126905586268},{""index"":3,""testcaseId"":""6a9a9a99bf41025d6013eb92"",""status"":""Wrong Answer"",""statusKey"":""fail"",""errorPercent"":99.98779296875,""timeUs"":9.13,""bestTimeUs"":2.48,""score"":23.728446542758718},{""index"":4,""testcaseId"":""6a9a9a99bf41025d6013eb96"",""status"":""Runtime Error"",""statusKey"":""fail"",""errorPercent"":100,""timeUs"":0,""bestTimeUs"":6.66,""score"":null},{""index"":5,""testcaseId"":""6a9a9a99bf41025d6013eb9a"",""status"":""Skipped"",""statusKey"":""skipped"",""errorPercent"":100,""timeUs"":0,""bestTimeUs"":5.2,""score"":null},{""index"":6,""testcaseId"":""6a9a9a99bf41025d6013eb9e"",""status"":""Skipped"",""statusKey"":""skipped"",""errorPercent"":100,""timeUs"":0,""bestTimeUs"":10.86,""score"":null},{""index"":7,""testcaseId"":""6a9a9a99bf41025d6013eba2"",""status"":""Skipped"",""statusKey"":""skipped"",""errorPercent"":100,""timeUs"":0,""bestTimeUs"":14.05,""score"":null},{""index"":8,""testcaseId"":""6a9a9a99bf41025d6013eba6"",""status"":""Skipped"",""statusKey"":""skipped"",""errorPercent"":100,""timeUs"":0,""bestTimeUs"":30.41,""score"":null},{""index"":9,""testcaseId"":""6a9a9a99bf41025d6013ebaa"",""status"":""Skipped"",""statusKey"":""skipped"",""errorPercent"":100,""timeUs"":0,""bestTimeUs"":50.61,""score"":null},{""index"":10,""testcaseId"":""6a9a9a99bf41025d6013ebae"",""status"":""Skipped"",""statusKey"":""skipped"",""errorPercent"":100,""timeUs"":0,""bestTimeUs"":47.16,""score"":null},{""index"":11,""testcaseId"":""6a9a9a99bf41025d6013ebb2"",""status"":""Skipped"",""statusKey"":""skipped"",""errorPercent"":100,""timeUs"":0,""bestTimeUs"":131.65,""score"":null},{""index"":12,""testcaseId"":""6a9a9a99bf41025d6013ebb6"",""status"":""Skipped"",""statusKey"":""skipped"",""errorPercent"":100,""timeUs"":0,""bestTimeUs"":76.55,""score"":null},{""index"":13,""testcaseId"":""6a9a9a99bf41025d6013ebba"",""status"":""Skipped"",""statusKey"":""skipped"",""errorPercent"":100,""timeUs"":0,""bestTimeUs"":395.02,""score"":null},{""index"":14,""testcaseId"":""6a9a9a99bf41025d6013ebbe"",""status"":""Skipped"",""statusKey"":""skipped"",""errorPercent"":100,""timeUs"":0,""bestTimeUs"":3750.12,""score"":null},{""index"":15,""testcaseId"":""6a9a9a99bf41025d6013ebc2"",""status"":""Skipped"",""statusKey"":""skipped"",""errorPercent"":100,""timeUs"":0,""bestTimeUs"":8357.81,""score"":null}]"
UNKNOWN	线上结果/E001/V004/result.json	UNKNOWN	6ab10b530304f72a56bc446c	Runtime Error	fail	0	15	UNKNOWN	UNKNOWN	100	/Users/sunyiyang/Desktop/Project/cann/phase4/workspaces/E001/submission_kernel.txt	7d45e236bfd7ef19531b4707b743ce8e62fdfe6168aa3d3985624c8229f8d209	UNKNOWN	UNKNOWN	464	20048	"[{""index"":1,""testcaseId"":""6a9a9a99bf41025d6013eb8a"",""status"":""Wrong Answer"",""statusKey"":""fail"",""errorPercent"":100,""timeUs"":4.69,""bestTimeUs"":1.7,""score"":28.548463892155052},{""index"":2,""testcaseId"":""6a9a9a99bf41025d6013eb8e"",""status"":""Wrong Answer"",""statusKey"":""fail"",""errorPercent"":100,""timeUs"":3.16,""bestTimeUs"":2.16,""score"":51.59055747661869},{""index"":3,""testcaseId"":""6a9a9a99bf41025d6013eb92"",""status"":""Wrong Answer"",""statusKey"":""fail"",""errorPercent"":99.9969482421875,""timeUs"":11.29,""bestTimeUs"":2.48,""score"":21.105619611577783},{""index"":4,""testcaseId"":""6a9a9a99bf41025d6013eb96"",""status"":""Runtime Error"",""statusKey"":""fail"",""errorPercent"":100,""timeUs"":0,""bestTimeUs"":6.66,""score"":null},{""index"":5,""testcaseId"":""6a9a9a99bf41025d6013eb9a"",""status"":""Skipped"",""statusKey"":""skipped"",""errorPercent"":100,""timeUs"":0,""bestTimeUs"":5.2,""score"":null},{""index"":6,""testcaseId"":""6a9a9a99bf41025d6013eb9e"",""status"":""Skipped"",""statusKey"":""skipped"",""errorPercent"":100,""timeUs"":0,""bestTimeUs"":10.86,""score"":null},{""index"":7,""testcaseId"":""6a9a9a99bf41025d6013eba2"",""status"":""Skipped"",""statusKey"":""skipped"",""errorPercent"":100,""timeUs"":0,""bestTimeUs"":14.05,""score"":null},{""index"":8,""testcaseId"":""6a9a9a99bf41025d6013eba6"",""status"":""Skipped"",""statusKey"":""skipped"",""errorPercent"":100,""timeUs"":0,""bestTimeUs"":30.41,""score"":null},{""index"":9,""testcaseId"":""6a9a9a99bf41025d6013ebaa"",""status"":""Skipped"",""statusKey"":""skipped"",""errorPercent"":100,""timeUs"":0,""bestTimeUs"":68.25,""score"":null},{""index"":10,""testcaseId"":""6a9a9a99bf41025d6013ebae"",""status"":""Skipped"",""statusKey"":""skipped"",""errorPercent"":100,""timeUs"":0,""bestTimeUs"":47.16,""score"":null},{""index"":11,""testcaseId"":""6a9a9a99bf41025d6013ebb2"",""status"":""Skipped"",""statusKey"":""skipped"",""errorPercent"":100,""timeUs"":0,""bestTimeUs"":131.65,""score"":null},{""index"":12,""testcaseId"":""6a9a9a99bf41025d6013ebb6"",""status"":""Skipped"",""statusKey"":""skipped"",""errorPercent"":100,""timeUs"":0,""bestTimeUs"":76.55,""score"":null},{""index"":13,""testcaseId"":""6a9a9a99bf41025d6013ebba"",""status"":""Skipped"",""statusKey"":""skipped"",""errorPercent"":100,""timeUs"":0,""bestTimeUs"":395.02,""score"":null},{""index"":14,""testcaseId"":""6a9a9a99bf41025d6013ebbe"",""status"":""Skipped"",""statusKey"":""skipped"",""errorPercent"":100,""timeUs"":0,""bestTimeUs"":3750.12,""score"":null},{""index"":15,""testcaseId"":""6a9a9a99bf41025d6013ebc2"",""status"":""Skipped"",""statusKey"":""skipped"",""errorPercent"":100,""timeUs"":0,""bestTimeUs"":8357.81,""score"":null}]"
UNKNOWN	线上结果/E001/result.json	UNKNOWN	6ab05e7db0477ec41ed7f4c4	Runtime Error	fail	0	15	UNKNOWN	UNKNOWN	100	/Users/sunyiyang/Desktop/Project/cann/phase4/workspaces/E001/submission_kernel.txt	cc55364b587db5694845357ffdba09dd1ad77a921c172c3a7b88c7d20b2b115b	UNKNOWN	UNKNOWN	450	19461	"[{""index"":1,""testcaseId"":""6a9a9a99bf41025d6013eb8a"",""status"":""Wrong Answer"",""statusKey"":""fail"",""errorPercent"":100,""timeUs"":4.82,""bestTimeUs"":1.7,""score"":28.0092627299522},{""index"":2,""testcaseId"":""6a9a9a99bf41025d6013eb8e"",""status"":""Wrong Answer"",""statusKey"":""fail"",""errorPercent"":99.92748368382887,""timeUs"":2.83,""bestTimeUs"":2.16,""score"":60.01257327463661},{""index"":3,""testcaseId"":""6a9a9a99bf41025d6013eb92"",""status"":""Runtime Error"",""statusKey"":""fail"",""errorPercent"":100,""timeUs"":0,""bestTimeUs"":2.48,""score"":null},{""index"":4,""testcaseId"":""6a9a9a99bf41025d6013eb96"",""status"":""Skipped"",""statusKey"":""skipped"",""errorPercent"":100,""timeUs"":0,""bestTimeUs"":6.66,""score"":null},{""index"":5,""testcaseId"":""6a9a9a99bf41025d6013eb9a"",""status"":""Skipped"",""statusKey"":""skipped"",""errorPercent"":100,""timeUs"":0,""bestTimeUs"":5.2,""score"":null},{""index"":6,""testcaseId"":""6a9a9a99bf41025d6013eb9e"",""status"":""Skipped"",""statusKey"":""skipped"",""errorPercent"":100,""timeUs"":0,""bestTimeUs"":10.86,""score"":null},{""index"":7,""testcaseId"":""6a9a9a99bf41025d6013eba2"",""status"":""Skipped"",""statusKey"":""skipped"",""errorPercent"":100,""timeUs"":0,""bestTimeUs"":14.05,""score"":null},{""index"":8,""testcaseId"":""6a9a9a99bf41025d6013eba6"",""status"":""Skipped"",""statusKey"":""skipped"",""errorPercent"":100,""timeUs"":0,""bestTimeUs"":30.41,""score"":null},{""index"":9,""testcaseId"":""6a9a9a99bf41025d6013ebaa"",""status"":""Skipped"",""statusKey"":""skipped"",""errorPercent"":100,""timeUs"":0,""bestTimeUs"":50.61,""score"":null},{""index"":10,""testcaseId"":""6a9a9a99bf41025d6013ebae"",""status"":""Skipped"",""statusKey"":""skipped"",""errorPercent"":100,""timeUs"":0,""bestTimeUs"":47.35,""score"":null},{""index"":11,""testcaseId"":""6a9a9a99bf41025d6013ebb2"",""status"":""Skipped"",""statusKey"":""skipped"",""errorPercent"":100,""timeUs"":0,""bestTimeUs"":131.71,""score"":null},{""index"":12,""testcaseId"":""6a9a9a99bf41025d6013ebb6"",""status"":""Skipped"",""statusKey"":""skipped"",""errorPercent"":100,""timeUs"":0,""bestTimeUs"":76.55,""score"":null},{""index"":13,""testcaseId"":""6a9a9a99bf41025d6013ebba"",""status"":""Skipped"",""statusKey"":""skipped"",""errorPercent"":100,""timeUs"":0,""bestTimeUs"":395.02,""score"":null},{""index"":14,""testcaseId"":""6a9a9a99bf41025d6013ebbe"",""status"":""Skipped"",""statusKey"":""skipped"",""errorPercent"":100,""timeUs"":0,""bestTimeUs"":3750.12,""score"":null},{""index"":15,""testcaseId"":""6a9a9a99bf41025d6013ebc2"",""status"":""Skipped"",""statusKey"":""skipped"",""errorPercent"":100,""timeUs"":0,""bestTimeUs"":8357.81,""score"":null}]"
6	线上结果/EPILOGUE-ARITH-CHAMPION-X/V002/result.json	线上结果/EPILOGUE-ARITH-CHAMPION-X/V002/source-meta.json	6abb8840694b590c3c9b6db3	Pass	pass	15	15	44.96	44.96492937633713	0	/Users/sunyiyang/Desktop/Project/cann-main1/线上结果/EPILOGUE-ARITH-CHAMPION-X/V002/submission.asc	00a5c8186d66640c159cf1834e394257754e7cf032a439e6274bc3b12a52b108	350ebc16a1b443a0c76e30179e67f1229291a7d7	UNKNOWN	3582	191651	"[{""index"":1,""testcaseId"":""6a9a9a99bf41025d6013eb8a"",""status"":""Pass"",""precisionRatio"":1,""timeUs"":4.99,""bestTimeUs"":1.58,""score"":26.066944},{""index"":2,""testcaseId"":""6a9a9a99bf41025d6013eb8e"",""status"":""Pass"",""precisionRatio"":1,""timeUs"":3.22,""bestTimeUs"":2.2,""score"":51.560367},{""index"":3,""testcaseId"":""6a9a9a99bf41025d6013eb92"",""status"":""Pass"",""precisionRatio"":1,""timeUs"":5.18,""bestTimeUs"":2.47,""score"":35.379294},{""index"":4,""testcaseId"":""6a9a9a99bf41025d6013eb96"",""status"":""Pass"",""precisionRatio"":1,""timeUs"":16.65,""bestTimeUs"":6.64,""score"":30.606606},{""index"":5,""testcaseId"":""6a9a9a99bf41025d6013eb9a"",""status"":""Pass"",""precisionRatio"":1,""timeUs"":10.03,""bestTimeUs"":5.2,""score"":38.165478},{""index"":6,""testcaseId"":""6a9a9a99bf41025d6013eb9e"",""status"":""Pass"",""precisionRatio"":1,""timeUs"":28.42,""bestTimeUs"":9.62,""score"":27.235931},{""index"":7,""testcaseId"":""6a9a9a99bf41025d6013eba2"",""status"":""Pass"",""precisionRatio"":1,""timeUs"":52.53,""bestTimeUs"":13.9,""score"":23.370276},{""index"":8,""testcaseId"":""6a9a9a99bf41025d6013eba6"",""status"":""Pass"",""precisionRatio"":1,""timeUs"":69.55,""bestTimeUs"":30.16,""score"":32.672596},{""index"":9,""testcaseId"":""6a9a9a99bf41025d6013ebaa"",""status"":""Pass"",""precisionRatio"":1,""timeUs"":71.33,""bestTimeUs"":67.81,""score"":88.903666},{""index"":10,""testcaseId"":""6a9a9a99bf41025d6013ebae"",""status"":""Pass"",""precisionRatio"":1,""timeUs"":74.49,""bestTimeUs"":46.63,""score"":46.397947},{""index"":11,""testcaseId"":""6a9a9a99bf41025d6013ebb2"",""status"":""Pass"",""precisionRatio"":1,""timeUs"":161.56,""bestTimeUs"":131.16,""score"":66.044865},{""index"":12,""testcaseId"":""6a9a9a99bf41025d6013ebb6"",""status"":""Pass"",""precisionRatio"":1,""timeUs"":97.42,""bestTimeUs"":76.12,""score"":62.170203},{""index"":13,""testcaseId"":""6a9a9a99bf41025d6013ebba"",""status"":""Pass"",""precisionRatio"":1,""timeUs"":565.04,""bestTimeUs"":392.72,""score"":52.708136},{""index"":14,""testcaseId"":""6a9a9a99bf41025d6013ebbe"",""status"":""Pass"",""precisionRatio"":1,""timeUs"":16598.51,""bestTimeUs"":3750.12,""score"":21.419292},{""index"":15,""testcaseId"":""6a9a9a99bf41025d6013ebc2"",""status"":""Pass"",""precisionRatio"":1,""timeUs"":9675.85,""bestTimeUs"":8249.61,""score"":71.772339}]"
UNKNOWN	线上结果/F001/result.json	UNKNOWN	6ab007f4b0477ec41eb76770	Wrong Answer	fail	0	15	UNKNOWN	-19.419053822771488	100	/Users/sunyiyang/Desktop/Project/cann/phase4/workspaces/F001/kernel.asc	186689a1a1915a8ec0f64a070e802481c14e74214695abe53b29d7d12ec051df	UNKNOWN	UNKNOWN	220	7095	"[{""index"":1,""testcaseId"":""6a9a9a99bf41025d6013eb8a"",""status"":""Wrong Answer"",""statusKey"":""fail"",""errorPercent"":100,""timeUs"":1.74,""bestTimeUs"":1.7,""score"":94.5753043284699},{""index"":2,""testcaseId"":""6a9a9a99bf41025d6013eb8e"",""status"":""Wrong Answer"",""statusKey"":""fail"",""errorPercent"":100,""timeUs"":1,""bestTimeUs"":2.16,""score"":-111.19505428707721},{""index"":3,""testcaseId"":""6a9a9a99bf41025d6013eb92"",""status"":""Wrong Answer"",""statusKey"":""fail"",""errorPercent"":99.9908447265625,""timeUs"":1.09,""bestTimeUs"":2.48,""score"":-97.3235175185929},{""index"":4,""testcaseId"":""6a9a9a99bf41025d6013eb96"",""status"":""Wrong Answer"",""statusKey"":""fail"",""errorPercent"":99.93514871884943,""timeUs"":1.13,""bestTimeUs"":6.66,""score"":-29.629802763551204},{""index"":5,""testcaseId"":""6a9a9a99bf41025d6013eb9a"",""status"":""Wrong Answer"",""statusKey"":""fail"",""errorPercent"":99.93171691894531,""timeUs"":1.02,""bestTimeUs"":5.2,""score"":-33.14272742765812},{""index"":6,""testcaseId"":""6a9a9a99bf41025d6013eb9e"",""status"":""Wrong Answer"",""statusKey"":""fail"",""errorPercent"":99.9438717710518,""timeUs"":1.16,""bestTimeUs"":10.86,""score"":-22.142029386224188},{""index"":7,""testcaseId"":""6a9a9a99bf41025d6013eba2"",""status"":""Wrong Answer"",""statusKey"":""fail"",""errorPercent"":99.92539614082814,""timeUs"":1.02,""bestTimeUs"":14.05,""score"":-18.28598353497121},{""index"":8,""testcaseId"":""6a9a9a99bf41025d6013eba6"",""status"":""Wrong Answer"",""statusKey"":""fail"",""errorPercent"":99.92246627807617,""timeUs"":1.06,""bestTimeUs"":30.41,""score"":-13.739747804164388},{""index"":9,""testcaseId"":""6a9a9a99bf41025d6013ebaa"",""status"":""Wrong Answer"",""statusKey"":""fail"",""errorPercent"":99.99202092488608,""timeUs"":1.09,""bestTimeUs"":50.61,""score"":-11.812508503031417},{""index"":10,""testcaseId"":""6a9a9a99bf41025d6013ebae"",""status"":""Wrong Answer"",""statusKey"":""fail"",""errorPercent"":99.92045164108276,""timeUs"":0.98,""bestTimeUs"":47.35,""score"":-11.677118685447821},{""index"":11,""testcaseId"":""6a9a9a99bf41025d6013ebb2"",""status"":""Wrong Answer"",""statusKey"":""fail"",""errorPercent"":99.99254207003585,""timeUs"":1.02,""bestTimeUs"":131.71,""score"":-9.100665297991943},{""index"":12,""testcaseId"":""6a9a9a99bf41025d6013ebb6"",""status"":""Wrong Answer"",""statusKey"":""fail"",""errorPercent"":99.94213838532498,""timeUs"":1.13,""bestTimeUs"":76.55,""score"":-10.64139877912739},{""index"":13,""testcaseId"":""6a9a9a99bf41025d6013ebba"",""status"":""Wrong Answer"",""statusKey"":""fail"",""errorPercent"":99.99387331027285,""timeUs"":1.02,""bestTimeUs"":395.02,""score"":-7.3008516144701},{""index"":14,""testcaseId"":""6a9a9a99bf41025d6013ebbe"",""status"":""Wrong Answer"",""statusKey"":""fail"",""errorPercent"":99.92343101972415,""timeUs"":0.98,""bestTimeUs"":3750.12,""score"":-5.168926542815299},{""index"":15,""testcaseId"":""6a9a9a99bf41025d6013ebc2"",""status"":""Wrong Answer"",""statusKey"":""fail"",""errorPercent"":99.92162424585094,""timeUs"":1,""bestTimeUs"":8357.81,""score"":-4.700779524919016}]"
UNKNOWN	线上结果/G001/V001/result.json	UNKNOWN	6ab270d80304f72a56738ce8	Wrong Answer	fail	6	15	UNKNOWN	9.954110627393328	100	/Users/sunyiyang/Desktop/Project/cann/phase4/workspaces/G001/src/add_rms_norm_bias.cpp	325a5ffa9909ee2eb7cf231a2cc661422271cd0baca59bd5d39291c118e82fa1	UNKNOWN	UNKNOWN	218	8267	"[{""index"":1,""testcaseId"":""6a9a9a99bf41025d6013eb8a"",""status"":""Pass"",""statusKey"":""pass"",""errorPercent"":0,""timeUs"":5.43,""bestTimeUs"":1.7,""score"":25.878945710132257},{""index"":2,""testcaseId"":""6a9a9a99bf41025d6013eb8e"",""status"":""Wrong Answer"",""statusKey"":""fail"",""errorPercent"":3.1182015953589604,""timeUs"":11.14,""bestTimeUs"":2.16,""score"":19.818431122233104},{""index"":3,""testcaseId"":""6a9a9a99bf41025d6013eb92"",""status"":""Pass"",""statusKey"":""pass"",""errorPercent"":0,""timeUs"":60.19,""bestTimeUs"":2.47,""score"":11.2668217987378},{""index"":4,""testcaseId"":""6a9a9a99bf41025d6013eb96"",""status"":""Wrong Answer"",""statusKey"":""fail"",""errorPercent"":6.331106322324375,""timeUs"":178.61,""bestTimeUs"":6.66,""score"":10.974681008985717},{""index"":5,""testcaseId"":""6a9a9a99bf41025d6013eb9a"",""status"":""Pass"",""statusKey"":""pass"",""errorPercent"":0,""timeUs"":1416.86,""bestTimeUs"":5.2,""score"":6.743136147429172},{""index"":6,""testcaseId"":""6a9a9a99bf41025d6013eb9e"",""status"":""Wrong Answer"",""statusKey"":""fail"",""errorPercent"":2.6522306389110684,""timeUs"":925.88,""bestTimeUs"":10.86,""score"":8.358169276470493},{""index"":7,""testcaseId"":""6a9a9a99bf41025d6013eba2"",""status"":""Wrong Answer"",""statusKey"":""fail"",""errorPercent"":3.8775396262201056,""timeUs"":1285.94,""bestTimeUs"":13.99,""score"":8.230508637587135},{""index"":8,""testcaseId"":""6a9a9a99bf41025d6013eba6"",""status"":""Pass"",""statusKey"":""pass"",""errorPercent"":0,""timeUs"":5731.6,""bestTimeUs"":30.16,""score"":7.1729476327833},{""index"":9,""testcaseId"":""6a9a9a99bf41025d6013ebaa"",""status"":""Pass"",""statusKey"":""pass"",""errorPercent"":0,""timeUs"":18079.8,""bestTimeUs"":68.2,""score"":6.774042114021915},{""index"":10,""testcaseId"":""6a9a9a99bf41025d6013ebae"",""status"":""Pass"",""statusKey"":""pass"",""errorPercent"":0,""timeUs"":9122.59,""bestTimeUs"":47.16,""score"":7.150520266882198},{""index"":11,""testcaseId"":""6a9a9a99bf41025d6013ebb2"",""status"":""Wrong Answer"",""statusKey"":""fail"",""errorPercent"":0.021586467819678656,""timeUs"":12487.1,""bestTimeUs"":131.38,""score"":8.174992129846977},{""index"":12,""testcaseId"":""6a9a9a99bf41025d6013ebb6"",""status"":""Wrong Answer"",""statusKey"":""fail"",""errorPercent"":100,""timeUs"":27638.19,""bestTimeUs"":76.43,""score"":6.439998405950337},{""index"":13,""testcaseId"":""6a9a9a99bf41025d6013ebba"",""status"":""Wrong Answer"",""statusKey"":""fail"",""errorPercent"":0.027265818873234426,""timeUs"":34111.2,""bestTimeUs"":393.51,""score"":8.329638282603717},{""index"":14,""testcaseId"":""6a9a9a99bf41025d6013ebbe"",""status"":""Wrong Answer"",""statusKey"":""fail"",""errorPercent"":100,""timeUs"":787707.43,""bestTimeUs"":3750.12,""score"":7.048130051996521},{""index"":15,""testcaseId"":""6a9a9a99bf41025d6013ebc2"",""status"":""Wrong Answer"",""statusKey"":""fail"",""errorPercent"":100,""timeUs"":1894813.6,""bestTimeUs"":8321.94,""score"":6.950696825239296}]"
UNKNOWN	线上结果/G001/V002/result.json	线上结果/G001/V002/source-meta.json	6ab28b010304f72a5684a7b6	Wrong Answer	fail	11	15	UNKNOWN	9.686	5.805	/Users/sunyiyang/Desktop/Project/cann/phase4/workspaces/G001/src/add_rms_norm_bias.cpp	f5fc7a57131ccd9576d4e8847609028fb654d97e859a6dceabe6d65e7568ca84	19593fa8f2ffee19355d4bc1ecf9ec4f895f3d8e	UNKNOWN	223	8676	"[{""index"":1,""testcaseId"":""6a9a9a99bf41025d6013eb8a"",""status"":""Pass"",""statusKey"":""pass"",""errorPercent"":0,""timeUs"":5.81,""bestTimeUs"":1.7,""score"":24.808},{""index"":2,""testcaseId"":""6a9a9a99bf41025d6013eb8e"",""status"":""Wrong Answer"",""statusKey"":""fail"",""errorPercent"":3.843,""timeUs"":13.36,""bestTimeUs"":2.16,""score"":18.202},{""index"":3,""testcaseId"":""6a9a9a99bf41025d6013eb92"",""status"":""Pass"",""statusKey"":""pass"",""errorPercent"":0,""timeUs"":68.6,""bestTimeUs"":2.47,""score"":10.872},{""index"":4,""testcaseId"":""6a9a9a99bf41025d6013eb96"",""status"":""Wrong Answer"",""statusKey"":""fail"",""errorPercent"":5.805,""timeUs"":196.68,""bestTimeUs"":6.66,""score"":10.696},{""index"":5,""testcaseId"":""6a9a9a99bf41025d6013eb9a"",""status"":""Pass"",""statusKey"":""pass"",""errorPercent"":0,""timeUs"":1603.38,""bestTimeUs"":5.2,""score"":6.607},{""index"":6,""testcaseId"":""6a9a9a99bf41025d6013eb9e"",""status"":""Wrong Answer"",""statusKey"":""fail"",""errorPercent"":2.631,""timeUs"":1038.31,""bestTimeUs"":10.86,""score"":8.165},{""index"":7,""testcaseId"":""6a9a9a99bf41025d6013eba2"",""status"":""Wrong Answer"",""statusKey"":""fail"",""errorPercent"":3.844,""timeUs"":1455.65,""bestTimeUs"":13.99,""score"":8.028},{""index"":8,""testcaseId"":""6a9a9a99bf41025d6013eba6"",""status"":""Pass"",""statusKey"":""pass"",""errorPercent"":0,""timeUs"":6443.14,""bestTimeUs"":30.16,""score"":7.027},{""index"":9,""testcaseId"":""6a9a9a99bf41025d6013ebaa"",""status"":""Pass"",""statusKey"":""pass"",""errorPercent"":0,""timeUs"":18876.22,""bestTimeUs"":68.2,""score"":6.726},{""index"":10,""testcaseId"":""6a9a9a99bf41025d6013ebae"",""status"":""Pass"",""statusKey"":""pass"",""errorPercent"":0,""timeUs"":10324.93,""bestTimeUs"":47.16,""score"":6.998},{""index"":11,""testcaseId"":""6a9a9a99bf41025d6013ebb2"",""status"":""Pass"",""statusKey"":""pass"",""errorPercent"":0,""timeUs"":15861.02,""bestTimeUs"":131.38,""score"":7.799},{""index"":12,""testcaseId"":""6a9a9a99bf41025d6013ebb6"",""status"":""Pass"",""statusKey"":""pass"",""errorPercent"":0,""timeUs"":21250.08,""bestTimeUs"":76.43,""score"":6.721},{""index"":13,""testcaseId"":""6a9a9a99bf41025d6013ebba"",""status"":""Pass"",""statusKey"":""pass"",""errorPercent"":0,""timeUs"":43213.37,""bestTimeUs"":393.51,""score"":7.944},{""index"":14,""testcaseId"":""6a9a9a99bf41025d6013ebbe"",""status"":""Pass"",""statusKey"":""pass"",""errorPercent"":0,""timeUs"":593783.64,""bestTimeUs"":3750.12,""score"":7.412},{""index"":15,""testcaseId"":""6a9a9a99bf41025d6013ebc2"",""status"":""Pass"",""statusKey"":""pass"",""errorPercent"":0,""timeUs"":1454420.13,""bestTimeUs"":8321.94,""score"":7.281}]"
UNKNOWN	线上结果/G001/V003/result.json	UNKNOWN	6ab28feb0304f72a5687969f	Wrong Answer	fail	7	15	UNKNOWN	10.117	21.454	/Users/sunyiyang/Desktop/Project/cann/phase4/workspaces/G001/src/add_rms_norm_bias.cpp	445f3becf46ac08a62019042af252f685a6396c3e487fced1554d3d5f76e92c6	UNKNOWN	UNKNOWN	233	9075	"[{""index"":1,""testcaseId"":""6a9a9a99bf41025d6013eb8a"",""status"":""Pass"",""statusKey"":""pass"",""errorPercent"":0,""timeUs"":5.15,""bestTimeUs"":1.7,""score"":26.784},{""index"":2,""testcaseId"":""6a9a9a99bf41025d6013eb8e"",""status"":""Wrong Answer"",""statusKey"":""fail"",""errorPercent"":3.408,""timeUs"":11.21,""bestTimeUs"":2.16,""score"":19.758},{""index"":3,""testcaseId"":""6a9a9a99bf41025d6013eb92"",""status"":""Pass"",""statusKey"":""pass"",""errorPercent"":0,""timeUs"":59.38,""bestTimeUs"":2.47,""score"":11.309},{""index"":4,""testcaseId"":""6a9a9a99bf41025d6013eb96"",""status"":""Wrong Answer"",""statusKey"":""fail"",""errorPercent"":5.808,""timeUs"":158.13,""bestTimeUs"":6.66,""score"":11.349},{""index"":5,""testcaseId"":""6a9a9a99bf41025d6013eb9a"",""status"":""Pass"",""statusKey"":""pass"",""errorPercent"":0,""timeUs"":1242.47,""bestTimeUs"":5.2,""score"":6.894},{""index"":6,""testcaseId"":""6a9a9a99bf41025d6013eb9e"",""status"":""Wrong Answer"",""statusKey"":""fail"",""errorPercent"":2.623,""timeUs"":807.81,""bestTimeUs"":10.86,""score"":8.6},{""index"":7,""testcaseId"":""6a9a9a99bf41025d6013eba2"",""status"":""Wrong Answer"",""statusKey"":""fail"",""errorPercent"":3.857,""timeUs"":1125.03,""bestTimeUs"":13.99,""score"":8.46},{""index"":8,""testcaseId"":""6a9a9a99bf41025d6013eba6"",""status"":""Pass"",""statusKey"":""pass"",""errorPercent"":0,""timeUs"":4994.9,""bestTimeUs"":30.16,""score"":7.352},{""index"":9,""testcaseId"":""6a9a9a99bf41025d6013ebaa"",""status"":""Pass"",""statusKey"":""pass"",""errorPercent"":0,""timeUs"":18132.16,""bestTimeUs"":68.2,""score"":6.771},{""index"":10,""testcaseId"":""6a9a9a99bf41025d6013ebae"",""status"":""Pass"",""statusKey"":""pass"",""errorPercent"":0,""timeUs"":7936.05,""bestTimeUs"":47.16,""score"":7.331},{""index"":11,""testcaseId"":""6a9a9a99bf41025d6013ebb2"",""status"":""Wrong Answer"",""statusKey"":""fail"",""errorPercent"":0.015,""timeUs"":12426.71,""bestTimeUs"":131.38,""score"":8.183},{""index"":12,""testcaseId"":""6a9a9a99bf41025d6013ebb6"",""status"":""Wrong Answer"",""statusKey"":""fail"",""errorPercent"":21.454,""timeUs"":26320.99,""bestTimeUs"":76.43,""score"":6.49},{""index"":13,""testcaseId"":""6a9a9a99bf41025d6013ebba"",""status"":""Pass"",""statusKey"":""pass"",""errorPercent"":0,""timeUs"":33940.41,""bestTimeUs"":393.51,""score"":8.338},{""index"":14,""testcaseId"":""6a9a9a99bf41025d6013ebbe"",""status"":""Wrong Answer"",""statusKey"":""fail"",""errorPercent"":19.074,""timeUs"":744960.01,""bestTimeUs"":3750.12,""score"":7.117},{""index"":15,""testcaseId"":""6a9a9a99bf41025d6013ebc2"",""status"":""Wrong Answer"",""statusKey"":""fail"",""errorPercent"":18.007,""timeUs"":1794762.03,""bestTimeUs"":8321.94,""score"":7.016}]"
UNKNOWN	线上结果/G001/V004/result.json	UNKNOWN	6ab296750304f72a568bb48c	Wrong Answer	fail	10	15	UNKNOWN	9.513	6.051	/Users/sunyiyang/Desktop/Project/cann/phase4/workspaces/G001/src/add_rms_norm_bias.cpp	a32828f688bf688a67fdeffb85ebbef314124192acf74d61a1d2c48d6703552b	UNKNOWN	UNKNOWN	299	11377	"[{""index"":1,""testcaseId"":""6a9a9a99bf41025d6013eb8a"",""status"":""Pass"",""statusKey"":""pass"",""errorPercent"":0,""timeUs"":6.44,""bestTimeUs"":1.7,""score"":23.338},{""index"":2,""testcaseId"":""6a9a9a99bf41025d6013eb8e"",""status"":""Wrong Answer"",""statusKey"":""fail"",""errorPercent"":3.191,""timeUs"":13.31,""bestTimeUs"":2.16,""score"":18.232},{""index"":3,""testcaseId"":""6a9a9a99bf41025d6013eb92"",""status"":""Pass"",""statusKey"":""pass"",""errorPercent"":0,""timeUs"":69.89,""bestTimeUs"":2.47,""score"":10.818},{""index"":4,""testcaseId"":""6a9a9a99bf41025d6013eb96"",""status"":""Wrong Answer"",""statusKey"":""fail"",""errorPercent"":6.051,""timeUs"":220.32,""bestTimeUs"":6.66,""score"":10.385},{""index"":5,""testcaseId"":""6a9a9a99bf41025d6013eb9a"",""status"":""Pass"",""statusKey"":""pass"",""errorPercent"":0,""timeUs"":1778.63,""bestTimeUs"":5.2,""score"":6.497},{""index"":6,""testcaseId"":""6a9a9a99bf41025d6013eb9e"",""status"":""Wrong Answer"",""statusKey"":""fail"",""errorPercent"":2.641,""timeUs"":1157.5,""bestTimeUs"":10.86,""score"":7.99},{""index"":7,""testcaseId"":""6a9a9a99bf41025d6013eba2"",""status"":""Wrong Answer"",""statusKey"":""fail"",""errorPercent"":3.818,""timeUs"":1623.18,""bestTimeUs"":13.99,""score"":7.859},{""index"":8,""testcaseId"":""6a9a9a99bf41025d6013eba6"",""status"":""Pass"",""statusKey"":""pass"",""errorPercent"":0,""timeUs"":7140.49,""bestTimeUs"":30.16,""score"":6.904},{""index"":9,""testcaseId"":""6a9a9a99bf41025d6013ebaa"",""status"":""Pass"",""statusKey"":""pass"",""errorPercent"":0,""timeUs"":18936.92,""bestTimeUs"":68.2,""score"":6.722},{""index"":10,""testcaseId"":""6a9a9a99bf41025d6013ebae"",""status"":""Pass"",""statusKey"":""pass"",""errorPercent"":0,""timeUs"":11404.14,""bestTimeUs"":47.16,""score"":6.88},{""index"":11,""testcaseId"":""6a9a9a99bf41025d6013ebb2"",""status"":""Wrong Answer"",""statusKey"":""fail"",""errorPercent"":0.011,""timeUs"":15724.99,""bestTimeUs"":131.38,""score"":7.812},{""index"":12,""testcaseId"":""6a9a9a99bf41025d6013ebb6"",""status"":""Pass"",""statusKey"":""pass"",""errorPercent"":0,""timeUs"":21818.77,""bestTimeUs"":76.43,""score"":6.691},{""index"":13,""testcaseId"":""6a9a9a99bf41025d6013ebba"",""status"":""Pass"",""statusKey"":""pass"",""errorPercent"":0,""timeUs"":43209.8,""bestTimeUs"":393.51,""score"":7.944},{""index"":14,""testcaseId"":""6a9a9a99bf41025d6013ebbe"",""status"":""Pass"",""statusKey"":""pass"",""errorPercent"":0,""timeUs"":611592.76,""bestTimeUs"":3750.12,""score"":7.372},{""index"":15,""testcaseId"":""6a9a9a99bf41025d6013ebc2"",""status"":""Pass"",""statusKey"":""pass"",""errorPercent"":0,""timeUs"":1488758.65,""bestTimeUs"":8321.94,""score"":7.25}]"
UNKNOWN	线上结果/G001/V005/result.json	UNKNOWN	6ab29cdf0304f72a568f701c	Wrong Answer	fail	6	15	UNKNOWN	9.58	22.026	/Users/sunyiyang/Desktop/Project/cann/phase4/workspaces/G001/src/add_rms_norm_bias.cpp	448148630d104ccb93e2b4982761162afa13d2062a7476725b099fead1855dd0	UNKNOWN	UNKNOWN	231	8928	"[{""index"":1,""testcaseId"":""6a9a9a99bf41025d6013eb8a"",""status"":""Pass"",""statusKey"":""pass"",""errorPercent"":0,""timeUs"":5.95,""bestTimeUs"":1.7,""score"":24.452},{""index"":2,""testcaseId"":""6a9a9a99bf41025d6013eb8e"",""status"":""Wrong Answer"",""statusKey"":""fail"",""errorPercent"":2.103,""timeUs"":13.58,""bestTimeUs"":2.16,""score"":18.069},{""index"":3,""testcaseId"":""6a9a9a99bf41025d6013eb92"",""status"":""Pass"",""statusKey"":""pass"",""errorPercent"":0,""timeUs"":68.57,""bestTimeUs"":2.47,""score"":10.873},{""index"":4,""testcaseId"":""6a9a9a99bf41025d6013eb96"",""status"":""Wrong Answer"",""statusKey"":""fail"",""errorPercent"":5.981,""timeUs"":200.65,""bestTimeUs"":6.66,""score"":10.64},{""index"":5,""testcaseId"":""6a9a9a99bf41025d6013eb9a"",""status"":""Pass"",""statusKey"":""pass"",""errorPercent"":0,""timeUs"":1621.83,""bestTimeUs"":5.2,""score"":6.595},{""index"":6,""testcaseId"":""6a9a9a99bf41025d6013eb9e"",""status"":""Wrong Answer"",""statusKey"":""fail"",""errorPercent"":2.661,""timeUs"":1054.71,""bestTimeUs"":10.86,""score"":8.14},{""index"":7,""testcaseId"":""6a9a9a99bf41025d6013eba2"",""status"":""Wrong Answer"",""statusKey"":""fail"",""errorPercent"":3.844,""timeUs"":1474.66,""bestTimeUs"":13.99,""score"":8.008},{""index"":8,""testcaseId"":""6a9a9a99bf41025d6013eba6"",""status"":""Pass"",""statusKey"":""pass"",""errorPercent"":0,""timeUs"":6499.86,""bestTimeUs"":30.16,""score"":7.017},{""index"":9,""testcaseId"":""6a9a9a99bf41025d6013ebaa"",""status"":""Pass"",""statusKey"":""pass"",""errorPercent"":0,""timeUs"":19033.94,""bestTimeUs"":68.2,""score"":6.716},{""index"":10,""testcaseId"":""6a9a9a99bf41025d6013ebae"",""status"":""Pass"",""statusKey"":""pass"",""errorPercent"":0,""timeUs"":10412.57,""bestTimeUs"":47.05,""score"":6.985},{""index"":11,""testcaseId"":""6a9a9a99bf41025d6013ebb2"",""status"":""Wrong Answer"",""statusKey"":""fail"",""errorPercent"":0.015,""timeUs"":15831.02,""bestTimeUs"":131.38,""score"":7.802},{""index"":12,""testcaseId"":""6a9a9a99bf41025d6013ebb6"",""status"":""Wrong Answer"",""statusKey"":""fail"",""errorPercent"":22.026,""timeUs"":27429.5,""bestTimeUs"":76.43,""score"":6.448},{""index"":13,""testcaseId"":""6a9a9a99bf41025d6013ebba"",""status"":""Wrong Answer"",""statusKey"":""fail"",""errorPercent"":0.011,""timeUs"":43325.62,""bestTimeUs"":393.51,""score"":7.94},{""index"":14,""testcaseId"":""6a9a9a99bf41025d6013ebbe"",""status"":""Wrong Answer"",""statusKey"":""fail"",""errorPercent"":20.264,""timeUs"":782844.44,""bestTimeUs"":3750.12,""score"":7.056},{""index"":15,""testcaseId"":""6a9a9a99bf41025d6013ebc2"",""status"":""Wrong Answer"",""statusKey"":""fail"",""errorPercent"":20.69,""timeUs"":1877027.2,""bestTimeUs"":8321.94,""score"":6.962}]"
UNKNOWN	线上结果/G001/V006/result.json	UNKNOWN	6ab2a2110304f72a56928153	Wrong Answer	fail	9	15	UNKNOWN	9.489	6.619	/Users/sunyiyang/Desktop/Project/cann/phase4/workspaces/G001/src/add_rms_norm_bias.cpp	0bd4f4baca679a8270dea4d87a144ecce26ac031b850342ca2aee18feec71a6e	UNKNOWN	UNKNOWN	225	8742	"[{""index"":1,""testcaseId"":""6a9a9a99bf41025d6013eb8a"",""status"":""Pass"",""statusKey"":""pass"",""errorPercent"":0,""timeUs"":6.22,""bestTimeUs"":1.7,""score"":23.814},{""index"":2,""testcaseId"":""6a9a9a99bf41025d6013eb8e"",""status"":""Wrong Answer"",""statusKey"":""fail"",""errorPercent"":2.756,""timeUs"":14.93,""bestTimeUs"":2.16,""score"":17.337},{""index"":3,""testcaseId"":""6a9a9a99bf41025d6013eb92"",""status"":""Pass"",""statusKey"":""pass"",""errorPercent"":0,""timeUs"":69.43,""bestTimeUs"":2.47,""score"":10.837},{""index"":4,""testcaseId"":""6a9a9a99bf41025d6013eb96"",""status"":""Wrong Answer"",""statusKey"":""fail"",""errorPercent"":6.619,""timeUs"":200.41,""bestTimeUs"":6.66,""score"":10.643},{""index"":5,""testcaseId"":""6a9a9a99bf41025d6013eb9a"",""status"":""Pass"",""statusKey"":""pass"",""errorPercent"":0,""timeUs"":1700.18,""bestTimeUs"":5.2,""score"":6.545},{""index"":6,""testcaseId"":""6a9a9a99bf41025d6013eb9e"",""status"":""Wrong Answer"",""statusKey"":""fail"",""errorPercent"":2.605,""timeUs"":1043.7,""bestTimeUs"":10.86,""score"":8.157},{""index"":7,""testcaseId"":""6a9a9a99bf41025d6013eba2"",""status"":""Wrong Answer"",""statusKey"":""fail"",""errorPercent"":3.855,""timeUs"":1460.77,""bestTimeUs"":13.99,""score"":8.023},{""index"":8,""testcaseId"":""6a9a9a99bf41025d6013eba6"",""status"":""Pass"",""statusKey"":""pass"",""errorPercent"":0,""timeUs"":6408.18,""bestTimeUs"":30.16,""score"":7.034},{""index"":9,""testcaseId"":""6a9a9a99bf41025d6013ebaa"",""status"":""Pass"",""statusKey"":""pass"",""errorPercent"":0,""timeUs"":34072.13,""bestTimeUs"":68.2,""score"":6.126},{""index"":10,""testcaseId"":""6a9a9a99bf41025d6013ebae"",""status"":""Pass"",""statusKey"":""pass"",""errorPercent"":0,""timeUs"":10357.91,""bestTimeUs"":47.05,""score"":6.991},{""index"":11,""testcaseId"":""6a9a9a99bf41025d6013ebb2"",""status"":""Wrong Answer"",""statusKey"":""fail"",""errorPercent"":0.022,""timeUs"":17516.06,""bestTimeUs"":131.38,""score"":7.653},{""index"":12,""testcaseId"":""6a9a9a99bf41025d6013ebb6"",""status"":""Pass"",""statusKey"":""pass"",""errorPercent"":0,""timeUs"":21391.72,""bestTimeUs"":76.43,""score"":6.713},{""index"":13,""testcaseId"":""6a9a9a99bf41025d6013ebba"",""status"":""Wrong Answer"",""statusKey"":""fail"",""errorPercent"":0.017,""timeUs"":47985.23,""bestTimeUs"":393.51,""score"":7.784},{""index"":14,""testcaseId"":""6a9a9a99bf41025d6013ebbe"",""status"":""Pass"",""statusKey"":""pass"",""errorPercent"":0,""timeUs"":597319.49,""bestTimeUs"":3750.12,""score"":7.404},{""index"":15,""testcaseId"":""6a9a9a99bf41025d6013ebc2"",""status"":""Pass"",""statusKey"":""pass"",""errorPercent"":0,""timeUs"":1458497.5,""bestTimeUs"":8321.94,""score"":7.277}]"
UNKNOWN	线上结果/G001/V007/result.json	UNKNOWN	6ab2a6f00304f72a56955890	Wrong Answer	fail	6	15	UNKNOWN	9.589	21.716	/Users/sunyiyang/Desktop/Project/cann/phase4/workspaces/G001/src/add_rms_norm_bias.cpp	58c7b0ccfd90ba954ae18032d133d7341236e9025eca7124d51a255030cefcfc	UNKNOWN	UNKNOWN	227	8918	"[{""index"":1,""testcaseId"":""6a9a9a99bf41025d6013eb8a"",""status"":""Pass"",""statusKey"":""pass"",""errorPercent"":0,""timeUs"":6.03,""bestTimeUs"":1.7,""score"":24.256},{""index"":2,""testcaseId"":""6a9a9a99bf41025d6013eb8e"",""status"":""Wrong Answer"",""statusKey"":""fail"",""errorPercent"":3.843,""timeUs"":13.19,""bestTimeUs"":2.16,""score"":18.307},{""index"":3,""testcaseId"":""6a9a9a99bf41025d6013eb92"",""status"":""Pass"",""statusKey"":""pass"",""errorPercent"":0,""timeUs"":71.35,""bestTimeUs"":2.47,""score"":10.758},{""index"":4,""testcaseId"":""6a9a9a99bf41025d6013eb96"",""status"":""Wrong Answer"",""statusKey"":""fail"",""errorPercent"":6.651,""timeUs"":198.48,""bestTimeUs"":6.66,""score"":10.67},{""index"":5,""testcaseId"":""6a9a9a99bf41025d6013eb9a"",""status"":""Pass"",""statusKey"":""pass"",""errorPercent"":0,""timeUs"":1604.78,""bestTimeUs"":5.2,""score"":6.606},{""index"":6,""testcaseId"":""6a9a9a99bf41025d6013eb9e"",""status"":""Wrong Answer"",""statusKey"":""fail"",""errorPercent"":2.632,""timeUs"":1040.78,""bestTimeUs"":10.86,""score"":8.161},{""index"":7,""testcaseId"":""6a9a9a99bf41025d6013eba2"",""status"":""Wrong Answer"",""statusKey"":""fail"",""errorPercent"":3.837,""timeUs"":1458.68,""bestTimeUs"":13.99,""score"":8.025},{""index"":8,""testcaseId"":""6a9a9a99bf41025d6013eba6"",""status"":""Pass"",""statusKey"":""pass"",""errorPercent"":0,""timeUs"":6445.54,""bestTimeUs"":30.16,""score"":7.027},{""index"":9,""testcaseId"":""6a9a9a99bf41025d6013ebaa"",""status"":""Pass"",""statusKey"":""pass"",""errorPercent"":0,""timeUs"":19051.45,""bestTimeUs"":68.2,""score"":6.715},{""index"":10,""testcaseId"":""6a9a9a99bf41025d6013ebae"",""status"":""Pass"",""statusKey"":""pass"",""errorPercent"":0,""timeUs"":10301.47,""bestTimeUs"":47.05,""score"":6.998},{""index"":11,""testcaseId"":""6a9a9a99bf41025d6013ebb2"",""status"":""Wrong Answer"",""statusKey"":""fail"",""errorPercent"":0.012,""timeUs"":15871.32,""bestTimeUs"":131.38,""score"":7.798},{""index"":12,""testcaseId"":""6a9a9a99bf41025d6013ebb6"",""status"":""Wrong Answer"",""statusKey"":""fail"",""errorPercent"":21.716,""timeUs"":26644.25,""bestTimeUs"":76.43,""score"":6.478},{""index"":13,""testcaseId"":""6a9a9a99bf41025d6013ebba"",""status"":""Wrong Answer"",""statusKey"":""fail"",""errorPercent"":0.011,""timeUs"":43406.06,""bestTimeUs"":393.51,""score"":7.937},{""index"":14,""testcaseId"":""6a9a9a99bf41025d6013ebbe"",""status"":""Wrong Answer"",""statusKey"":""fail"",""errorPercent"":20.416,""timeUs"":754929.66,""bestTimeUs"":3750.12,""score"":7.101},{""index"":15,""testcaseId"":""6a9a9a99bf41025d6013ebc2"",""status"":""Wrong Answer"",""statusKey"":""fail"",""errorPercent"":20.282,""timeUs"":1820149.23,""bestTimeUs"":8321.94,""score"":6.999}]"
UNKNOWN	线上结果/G001/V008/result.json	UNKNOWN	6ab2ab270304f72a5697a23f	Wrong Answer	fail	10	15	UNKNOWN	9.168	5.789	/Users/sunyiyang/Desktop/Project/cann/phase4/workspaces/G001/src/add_rms_norm_bias.cpp	eed66eb036cfe68ab18ef59ef21b048861493b15f6386c70aba304593cc5c711	UNKNOWN	UNKNOWN	251	9583	"[{""index"":1,""testcaseId"":""6a9a9a99bf41025d6013eb8a"",""status"":""Pass"",""statusKey"":""pass"",""errorPercent"":0,""timeUs"":6.9,""bestTimeUs"":1.7,""score"":22.447},{""index"":2,""testcaseId"":""6a9a9a99bf41025d6013eb8e"",""status"":""Wrong Answer"",""statusKey"":""fail"",""errorPercent"":2.756,""timeUs"":15.95,""bestTimeUs"":2.16,""score"":16.861},{""index"":3,""testcaseId"":""6a9a9a99bf41025d6013eb92"",""status"":""Pass"",""statusKey"":""pass"",""errorPercent"":0,""timeUs"":82.01,""bestTimeUs"":2.47,""score"":10.375},{""index"":4,""testcaseId"":""6a9a9a99bf41025d6013eb96"",""status"":""Wrong Answer"",""statusKey"":""fail"",""errorPercent"":5.789,""timeUs"":240.49,""bestTimeUs"":6.66,""score"":10.157},{""index"":5,""testcaseId"":""6a9a9a99bf41025d6013eb9a"",""status"":""Pass"",""statusKey"":""pass"",""errorPercent"":0,""timeUs"":1927.46,""bestTimeUs"":5.2,""score"":6.415},{""index"":6,""testcaseId"":""6a9a9a99bf41025d6013eb9e"",""status"":""Wrong Answer"",""statusKey"":""fail"",""errorPercent"":2.647,""timeUs"":1271.34,""bestTimeUs"":10.86,""score"":7.845},{""index"":7,""testcaseId"":""6a9a9a99bf41025d6013eba2"",""status"":""Wrong Answer"",""statusKey"":""fail"",""errorPercent"":3.851,""timeUs"":1777.81,""bestTimeUs"":13.99,""score"":7.723},{""index"":8,""testcaseId"":""6a9a9a99bf41025d6013eba6"",""status"":""Pass"",""statusKey"":""pass"",""errorPercent"":0,""timeUs"":7733.59,""bestTimeUs"":30.16,""score"":6.812},{""index"":9,""testcaseId"":""6a9a9a99bf41025d6013ebaa"",""status"":""Pass"",""statusKey"":""pass"",""errorPercent"":0,""timeUs"":21202.04,""bestTimeUs"":68.2,""score"":6.598},{""index"":10,""testcaseId"":""6a9a9a99bf41025d6013ebae"",""status"":""Pass"",""statusKey"":""pass"",""errorPercent"":0,""timeUs"":12415.71,""bestTimeUs"":47.05,""score"":6.779},{""index"":11,""testcaseId"":""6a9a9a99bf41025d6013ebb2"",""status"":""Wrong Answer"",""statusKey"":""fail"",""errorPercent"":0.012,""timeUs"":19103.46,""bestTimeUs"":131.38,""score"":7.53},{""index"":12,""testcaseId"":""6a9a9a99bf41025d6013ebb6"",""status"":""Pass"",""statusKey"":""pass"",""errorPercent"":0,""timeUs"":28549.65,""bestTimeUs"":76.43,""score"":6.407},{""index"":13,""testcaseId"":""6a9a9a99bf41025d6013ebba"",""status"":""Pass"",""statusKey"":""pass"",""errorPercent"":0,""timeUs"":52329.54,""bestTimeUs"":393.51,""score"":7.657},{""index"":14,""testcaseId"":""6a9a9a99bf41025d6013ebbe"",""status"":""Pass"",""statusKey"":""pass"",""errorPercent"":0,""timeUs"":824986.8,""bestTimeUs"":3750.12,""score"":6.992},{""index"":15,""testcaseId"":""6a9a9a99bf41025d6013ebc2"",""status"":""Pass"",""statusKey"":""pass"",""errorPercent"":0,""timeUs"":1950996.63,""bestTimeUs"":8321.94,""score"":6.916}]"
UNKNOWN	线上结果/G001/V009/result.json	UNKNOWN	6ab2af540304f72a5699be73	Wrong Answer	fail	9	15	UNKNOWN	9.506	5.671	/Users/sunyiyang/Desktop/Project/cann/phase4/workspaces/G001/src/add_rms_norm_bias.cpp	791ce1471a449abe3df787bf0ffa308efacf5d1c130251ce827c1cfd5ee10459	UNKNOWN	UNKNOWN	256	10090	"[{""index"":1,""testcaseId"":""6a9a9a99bf41025d6013eb8a"",""status"":""Pass"",""statusKey"":""pass"",""errorPercent"":0,""timeUs"":6.73,""bestTimeUs"":1.7,""score"":22.761},{""index"":2,""testcaseId"":""6a9a9a99bf41025d6013eb8e"",""status"":""Wrong Answer"",""statusKey"":""fail"",""errorPercent"":3.118,""timeUs"":17.41,""bestTimeUs"":2.16,""score"":16.268},{""index"":3,""testcaseId"":""6a9a9a99bf41025d6013eb92"",""status"":""Pass"",""statusKey"":""pass"",""errorPercent"":0,""timeUs"":75.95,""bestTimeUs"":2.47,""score"":10.583},{""index"":4,""testcaseId"":""6a9a9a99bf41025d6013eb96"",""status"":""Wrong Answer"",""statusKey"":""fail"",""errorPercent"":5.671,""timeUs"":206.9,""bestTimeUs"":6.66,""score"":10.555},{""index"":5,""testcaseId"":""6a9a9a99bf41025d6013eb9a"",""status"":""Pass"",""statusKey"":""pass"",""errorPercent"":0,""timeUs"":1598.4,""bestTimeUs"":5.2,""score"":6.611},{""index"":6,""testcaseId"":""6a9a9a99bf41025d6013eb9e"",""status"":""Wrong Answer"",""statusKey"":""fail"",""errorPercent"":2.598,""timeUs"":1037.57,""bestTimeUs"":10.86,""score"":8.166},{""index"":7,""testcaseId"":""6a9a9a99bf41025d6013eba2"",""status"":""Wrong Answer"",""statusKey"":""fail"",""errorPercent"":3.842,""timeUs"":1449.25,""bestTimeUs"":13.99,""score"":8.035},{""index"":8,""testcaseId"":""6a9a9a99bf41025d6013eba6"",""status"":""Pass"",""statusKey"":""pass"",""errorPercent"":0,""timeUs"":6021.3,""bestTimeUs"":30.16,""score"":7.111},{""index"":9,""testcaseId"":""6a9a9a99bf41025d6013ebaa"",""status"":""Pass"",""statusKey"":""pass"",""errorPercent"":0,""timeUs"":7834.88,""bestTimeUs"":68.2,""score"":7.874},{""index"":10,""testcaseId"":""6a9a9a99bf41025d6013ebae"",""status"":""Pass"",""statusKey"":""pass"",""errorPercent"":0,""timeUs"":9634.2,""bestTimeUs"":47.05,""score"":7.079},{""index"":11,""testcaseId"":""6a9a9a99bf41025d6013ebb2"",""status"":""Wrong Answer"",""statusKey"":""fail"",""errorPercent"":0.169,""timeUs"":14373.36,""bestTimeUs"":131.38,""score"":7.95},{""index"":12,""testcaseId"":""6a9a9a99bf41025d6013ebb6"",""status"":""Pass"",""statusKey"":""pass"",""errorPercent"":0,""timeUs"":20085.69,""bestTimeUs"":76.43,""score"":6.784},{""index"":13,""testcaseId"":""6a9a9a99bf41025d6013ebba"",""status"":""Wrong Answer"",""statusKey"":""fail"",""errorPercent"":0.144,""timeUs"":39220.28,""bestTimeUs"":393.51,""score"":8.097},{""index"":14,""testcaseId"":""6a9a9a99bf41025d6013ebbe"",""status"":""Pass"",""statusKey"":""pass"",""errorPercent"":0,""timeUs"":618050.25,""bestTimeUs"":3750.12,""score"":7.358},{""index"":15,""testcaseId"":""6a9a9a99bf41025d6013ebc2"",""status"":""Pass"",""statusKey"":""pass"",""errorPercent"":0,""timeUs"":1369192.7,""bestTimeUs"":8321.94,""score"":7.361}]"
UNKNOWN	线上结果/H001/V001/result.json	UNKNOWN	6ab28d8a0304f72a56862a40	Compile Error	fail	0	15	UNKNOWN	UNKNOWN	100	/Users/sunyiyang/Desktop/Project/cann/phase4/workspaces/H001/src/add_rms_norm_bias_kernel.cpp	b8bf5eace5bed6379896644d1dcd29c196a6689c535628ca71cc25358263bfca	UNKNOWN	UNKNOWN	372	14767	"[{""index"":1,""testcaseId"":""6a9a9a99bf41025d6013eb8a"",""status"":""Compile Error"",""statusKey"":""fail"",""errorPercent"":100,""timeUs"":0,""bestTimeUs"":1.7,""score"":0},{""index"":2,""testcaseId"":""6a9a9a99bf41025d6013eb8e"",""status"":""Compile Error"",""statusKey"":""fail"",""errorPercent"":100,""timeUs"":0,""bestTimeUs"":2.16,""score"":0},{""index"":3,""testcaseId"":""6a9a9a99bf41025d6013eb92"",""status"":""Compile Error"",""statusKey"":""fail"",""errorPercent"":100,""timeUs"":0,""bestTimeUs"":2.47,""score"":0},{""index"":4,""testcaseId"":""6a9a9a99bf41025d6013eb96"",""status"":""Compile Error"",""statusKey"":""fail"",""errorPercent"":100,""timeUs"":0,""bestTimeUs"":6.66,""score"":0},{""index"":5,""testcaseId"":""6a9a9a99bf41025d6013eb9a"",""status"":""Compile Error"",""statusKey"":""fail"",""errorPercent"":100,""timeUs"":0,""bestTimeUs"":5.2,""score"":0},{""index"":6,""testcaseId"":""6a9a9a99bf41025d6013eb9e"",""status"":""Compile Error"",""statusKey"":""fail"",""errorPercent"":100,""timeUs"":0,""bestTimeUs"":10.86,""score"":0},{""index"":7,""testcaseId"":""6a9a9a99bf41025d6013eba2"",""status"":""Compile Error"",""statusKey"":""fail"",""errorPercent"":100,""timeUs"":0,""bestTimeUs"":13.99,""score"":0},{""index"":8,""testcaseId"":""6a9a9a99bf41025d6013eba6"",""status"":""Compile Error"",""statusKey"":""fail"",""errorPercent"":100,""timeUs"":0,""bestTimeUs"":30.16,""score"":0},{""index"":9,""testcaseId"":""6a9a9a99bf41025d6013ebaa"",""status"":""Compile Error"",""statusKey"":""fail"",""errorPercent"":100,""timeUs"":0,""bestTimeUs"":68.2,""score"":0},{""index"":10,""testcaseId"":""6a9a9a99bf41025d6013ebae"",""status"":""Compile Error"",""statusKey"":""fail"",""errorPercent"":100,""timeUs"":0,""bestTimeUs"":47.16,""score"":0},{""index"":11,""testcaseId"":""6a9a9a99bf41025d6013ebb2"",""status"":""Compile Error"",""statusKey"":""fail"",""errorPercent"":100,""timeUs"":0,""bestTimeUs"":131.38,""score"":0},{""index"":12,""testcaseId"":""6a9a9a99bf41025d6013ebb6"",""status"":""Compile Error"",""statusKey"":""fail"",""errorPercent"":100,""timeUs"":0,""bestTimeUs"":76.43,""score"":0},{""index"":13,""testcaseId"":""6a9a9a99bf41025d6013ebba"",""status"":""Compile Error"",""statusKey"":""fail"",""errorPercent"":100,""timeUs"":0,""bestTimeUs"":393.51,""score"":0},{""index"":14,""testcaseId"":""6a9a9a99bf41025d6013ebbe"",""status"":""Compile Error"",""statusKey"":""fail"",""errorPercent"":100,""timeUs"":0,""bestTimeUs"":3750.12,""score"":0},{""index"":15,""testcaseId"":""6a9a9a99bf41025d6013ebc2"",""status"":""Compile Error"",""statusKey"":""fail"",""errorPercent"":100,""timeUs"":0,""bestTimeUs"":8321.94,""score"":0}]"
UNKNOWN	线上结果/H001/V002/result.json	UNKNOWN	6ab293470304f72a5689dd38	Compile Error	fail	0	15	UNKNOWN	UNKNOWN	100	/Users/sunyiyang/Desktop/Project/cann/phase4/workspaces/H001/src/add_rms_norm_bias_kernel.cpp	c75f1ed61ec9cca9341c0ac28744c15ac1249f125acaa429b19553b749f1b2b3	UNKNOWN	UNKNOWN	385	16777	"[{""index"":1,""testcaseId"":""6a9a9a99bf41025d6013eb8a"",""status"":""Compile Error"",""statusKey"":""fail"",""errorPercent"":100,""timeUs"":0,""bestTimeUs"":1.7,""score"":0},{""index"":2,""testcaseId"":""6a9a9a99bf41025d6013eb8e"",""status"":""Compile Error"",""statusKey"":""fail"",""errorPercent"":100,""timeUs"":0,""bestTimeUs"":2.16,""score"":0},{""index"":3,""testcaseId"":""6a9a9a99bf41025d6013eb92"",""status"":""Compile Error"",""statusKey"":""fail"",""errorPercent"":100,""timeUs"":0,""bestTimeUs"":2.47,""score"":0},{""index"":4,""testcaseId"":""6a9a9a99bf41025d6013eb96"",""status"":""Compile Error"",""statusKey"":""fail"",""errorPercent"":100,""timeUs"":0,""bestTimeUs"":6.66,""score"":0},{""index"":5,""testcaseId"":""6a9a9a99bf41025d6013eb9a"",""status"":""Compile Error"",""statusKey"":""fail"",""errorPercent"":100,""timeUs"":0,""bestTimeUs"":5.2,""score"":0},{""index"":6,""testcaseId"":""6a9a9a99bf41025d6013eb9e"",""status"":""Compile Error"",""statusKey"":""fail"",""errorPercent"":100,""timeUs"":0,""bestTimeUs"":10.86,""score"":0},{""index"":7,""testcaseId"":""6a9a9a99bf41025d6013eba2"",""status"":""Compile Error"",""statusKey"":""fail"",""errorPercent"":100,""timeUs"":0,""bestTimeUs"":13.99,""score"":0},{""index"":8,""testcaseId"":""6a9a9a99bf41025d6013eba6"",""status"":""Compile Error"",""statusKey"":""fail"",""errorPercent"":100,""timeUs"":0,""bestTimeUs"":30.16,""score"":0},{""index"":9,""testcaseId"":""6a9a9a99bf41025d6013ebaa"",""status"":""Compile Error"",""statusKey"":""fail"",""errorPercent"":100,""timeUs"":0,""bestTimeUs"":68.2,""score"":0},{""index"":10,""testcaseId"":""6a9a9a99bf41025d6013ebae"",""status"":""Compile Error"",""statusKey"":""fail"",""errorPercent"":100,""timeUs"":0,""bestTimeUs"":47.16,""score"":0},{""index"":11,""testcaseId"":""6a9a9a99bf41025d6013ebb2"",""status"":""Compile Error"",""statusKey"":""fail"",""errorPercent"":100,""timeUs"":0,""bestTimeUs"":131.38,""score"":0},{""index"":12,""testcaseId"":""6a9a9a99bf41025d6013ebb6"",""status"":""Compile Error"",""statusKey"":""fail"",""errorPercent"":100,""timeUs"":0,""bestTimeUs"":76.43,""score"":0},{""index"":13,""testcaseId"":""6a9a9a99bf41025d6013ebba"",""status"":""Compile Error"",""statusKey"":""fail"",""errorPercent"":100,""timeUs"":0,""bestTimeUs"":393.51,""score"":0},{""index"":14,""testcaseId"":""6a9a9a99bf41025d6013ebbe"",""status"":""Compile Error"",""statusKey"":""fail"",""errorPercent"":100,""timeUs"":0,""bestTimeUs"":3750.12,""score"":0},{""index"":15,""testcaseId"":""6a9a9a99bf41025d6013ebc2"",""status"":""Compile Error"",""statusKey"":""fail"",""errorPercent"":100,""timeUs"":0,""bestTimeUs"":8321.94,""score"":0}]"
UNKNOWN	线上结果/H001/V003/result.json	UNKNOWN	6ab298360304f72a568cc5e4	Wrong Answer	fail	9	15	UNKNOWN	12.585	99.986	/Users/sunyiyang/Desktop/Project/cann/phase4/workspaces/H001/src/add_rms_norm_bias_kernel.cpp	8e642fa76adf917b66d4c5a8f8fd77020873bf890c401d2972a8f52eda81c530	UNKNOWN	UNKNOWN	450	19026	"[{""index"":1,""testcaseId"":""6a9a9a99bf41025d6013eb8a"",""status"":""Pass"",""statusKey"":""pass"",""errorPercent"":0,""timeUs"":5.39,""bestTimeUs"":1.7,""score"":26.002},{""index"":2,""testcaseId"":""6a9a9a99bf41025d6013eb8e"",""status"":""Pass"",""statusKey"":""pass"",""errorPercent"":0,""timeUs"":6.29,""bestTimeUs"":2.16,""score"":27.502},{""index"":3,""testcaseId"":""6a9a9a99bf41025d6013eb92"",""status"":""Pass"",""statusKey"":""pass"",""errorPercent"":0,""timeUs"":19.9,""bestTimeUs"":2.47,""score"":16.271},{""index"":4,""testcaseId"":""6a9a9a99bf41025d6013eb96"",""status"":""Pass"",""statusKey"":""pass"",""errorPercent"":0,""timeUs"":72.52,""bestTimeUs"":6.66,""score"":14.516},{""index"":5,""testcaseId"":""6a9a9a99bf41025d6013eb9a"",""status"":""Wrong Answer"",""statusKey"":""fail"",""errorPercent"":99.975,""timeUs"":522.31,""bestTimeUs"":5.2,""score"":8.085},{""index"":6,""testcaseId"":""6a9a9a99bf41025d6013eb9e"",""status"":""Pass"",""statusKey"":""pass"",""errorPercent"":0,""timeUs"":355.81,""bestTimeUs"":10.86,""score"":10.41},{""index"":7,""testcaseId"":""6a9a9a99bf41025d6013eba2"",""status"":""Pass"",""statusKey"":""pass"",""errorPercent"":0,""timeUs"":509.22,""bestTimeUs"":13.99,""score"":10.137},{""index"":8,""testcaseId"":""6a9a9a99bf41025d6013eba6"",""status"":""Pass"",""statusKey"":""pass"",""errorPercent"":0,""timeUs"":2071.87,""bestTimeUs"":30.16,""score"":8.748},{""index"":9,""testcaseId"":""6a9a9a99bf41025d6013ebaa"",""status"":""Wrong Answer"",""statusKey"":""fail"",""errorPercent"":99.969,""timeUs"":2547.11,""bestTimeUs"":68.2,""score"":10.072},{""index"":10,""testcaseId"":""6a9a9a99bf41025d6013ebae"",""status"":""Pass"",""statusKey"":""pass"",""errorPercent"":0,""timeUs"":3270.93,""bestTimeUs"":47.16,""score"":8.73},{""index"":11,""testcaseId"":""6a9a9a99bf41025d6013ebb2"",""status"":""Wrong Answer"",""statusKey"":""fail"",""errorPercent"":99.986,""timeUs"":4672.56,""bestTimeUs"":131.38,""score"":10.196},{""index"":12,""testcaseId"":""6a9a9a99bf41025d6013ebb6"",""status"":""Wrong Answer"",""statusKey"":""fail"",""errorPercent"":99.923,""timeUs"":5596.44,""bestTimeUs"":76.43,""score"":8.629},{""index"":13,""testcaseId"":""6a9a9a99bf41025d6013ebba"",""status"":""Wrong Answer"",""statusKey"":""fail"",""errorPercent"":99.985,""timeUs"":12801.5,""bestTimeUs"":393.51,""score"":10.429},{""index"":14,""testcaseId"":""6a9a9a99bf41025d6013ebbe"",""status"":""Pass"",""statusKey"":""pass"",""errorPercent"":0,""timeUs"":180972.09,""bestTimeUs"":3750.12,""score"":9.469},{""index"":15,""testcaseId"":""6a9a9a99bf41025d6013ebc2"",""status"":""Wrong Answer"",""statusKey"":""fail"",""errorPercent"":99.85,""timeUs"":382170.83,""bestTimeUs"":8321.94,""score"":9.58}]"
65	线上结果/H001/V004/result.json	UNKNOWN	6ab29c1b0304f72a568efc16	Pass	pass	15	15	12.54	12.542	0	/Users/sunyiyang/Desktop/Project/cann/phase4/workspaces/H001/src/add_rms_norm_bias_kernel.cpp	8567669cd3297fa59e2fafe253df4a6b2f66dd521a1a2170fd97ae3169180c34	UNKNOWN	UNKNOWN	493	21356	"[{""index"":1,""testcaseId"":""6a9a9a99bf41025d6013eb8a"",""status"":""Pass"",""statusKey"":""pass"",""errorPercent"":0,""timeUs"":5.43,""bestTimeUs"":1.7,""score"":25.879},{""index"":2,""testcaseId"":""6a9a9a99bf41025d6013eb8e"",""status"":""Pass"",""statusKey"":""pass"",""errorPercent"":0,""timeUs"":6.38,""bestTimeUs"":2.16,""score"":27.239},{""index"":3,""testcaseId"":""6a9a9a99bf41025d6013eb92"",""status"":""Pass"",""statusKey"":""pass"",""errorPercent"":0,""timeUs"":19.96,""bestTimeUs"":2.47,""score"":16.251},{""index"":4,""testcaseId"":""6a9a9a99bf41025d6013eb96"",""status"":""Pass"",""statusKey"":""pass"",""errorPercent"":0,""timeUs"":72.56,""bestTimeUs"":6.66,""score"":14.513},{""index"":5,""testcaseId"":""6a9a9a99bf41025d6013eb9a"",""status"":""Pass"",""statusKey"":""pass"",""errorPercent"":0,""timeUs"":530.87,""bestTimeUs"":5.2,""score"":8.059},{""index"":6,""testcaseId"":""6a9a9a99bf41025d6013eb9e"",""status"":""Pass"",""statusKey"":""pass"",""errorPercent"":0,""timeUs"":355.84,""bestTimeUs"":10.86,""score"":10.41},{""index"":7,""testcaseId"":""6a9a9a99bf41025d6013eba2"",""status"":""Pass"",""statusKey"":""pass"",""errorPercent"":0,""timeUs"":509.36,""bestTimeUs"":13.99,""score"":10.136},{""index"":8,""testcaseId"":""6a9a9a99bf41025d6013eba6"",""status"":""Pass"",""statusKey"":""pass"",""errorPercent"":0,""timeUs"":2074.5,""bestTimeUs"":30.16,""score"":8.745},{""index"":9,""testcaseId"":""6a9a9a99bf41025d6013ebaa"",""status"":""Pass"",""statusKey"":""pass"",""errorPercent"":0,""timeUs"":2597.56,""bestTimeUs"":68.2,""score"":10.023},{""index"":10,""testcaseId"":""6a9a9a99bf41025d6013ebae"",""status"":""Pass"",""statusKey"":""pass"",""errorPercent"":0,""timeUs"":3273.02,""bestTimeUs"":47.16,""score"":8.728},{""index"":11,""testcaseId"":""6a9a9a99bf41025d6013ebb2"",""status"":""Pass"",""statusKey"":""pass"",""errorPercent"":0,""timeUs"":4760.56,""bestTimeUs"":131.38,""score"":10.148},{""index"":12,""testcaseId"":""6a9a9a99bf41025d6013ebb6"",""status"":""Pass"",""statusKey"":""pass"",""errorPercent"":0,""timeUs"":5665.04,""bestTimeUs"":76.43,""score"":8.606},{""index"":13,""testcaseId"":""6a9a9a99bf41025d6013ebba"",""status"":""Pass"",""statusKey"":""pass"",""errorPercent"":0,""timeUs"":13034.02,""bestTimeUs"":393.51,""score"":10.381},{""index"":14,""testcaseId"":""6a9a9a99bf41025d6013ebbe"",""status"":""Pass"",""statusKey"":""pass"",""errorPercent"":0,""timeUs"":181602.61,""bestTimeUs"":3750.12,""score"":9.461},{""index"":15,""testcaseId"":""6a9a9a99bf41025d6013ebc2"",""status"":""Pass"",""statusKey"":""pass"",""errorPercent"":0,""timeUs"":386577.07,""bestTimeUs"":8321.94,""score"":9.554}]"
UNKNOWN	线上结果/H001/V005/result.json	UNKNOWN	6ab2a0210304f72a56915aea	Time Limit Exceeded	fail	0	15	UNKNOWN	UNKNOWN	100	/Users/sunyiyang/Desktop/Project/cann/phase4/workspaces/H001/src/add_rms_norm_bias_kernel.cpp	39f774f16a0e942444b9eb52600d14e24a40c6dd397efd722afd30fc89aab644	UNKNOWN	UNKNOWN	529	23249	"[{""index"":1,""testcaseId"":""6a9a9a99bf41025d6013eb8a"",""status"":""Time Limit Exceeded"",""statusKey"":""fail"",""errorPercent"":100,""timeUs"":0,""bestTimeUs"":1.7,""score"":0},{""index"":2,""testcaseId"":""6a9a9a99bf41025d6013eb8e"",""status"":""Skipped"",""statusKey"":""fail"",""errorPercent"":100,""timeUs"":0,""bestTimeUs"":2.16,""score"":0},{""index"":3,""testcaseId"":""6a9a9a99bf41025d6013eb92"",""status"":""Skipped"",""statusKey"":""fail"",""errorPercent"":100,""timeUs"":0,""bestTimeUs"":2.47,""score"":0},{""index"":4,""testcaseId"":""6a9a9a99bf41025d6013eb96"",""status"":""Skipped"",""statusKey"":""fail"",""errorPercent"":100,""timeUs"":0,""bestTimeUs"":6.66,""score"":0},{""index"":5,""testcaseId"":""6a9a9a99bf41025d6013eb9a"",""status"":""Skipped"",""statusKey"":""fail"",""errorPercent"":100,""timeUs"":0,""bestTimeUs"":5.2,""score"":0},{""index"":6,""testcaseId"":""6a9a9a99bf41025d6013eb9e"",""status"":""Skipped"",""statusKey"":""fail"",""errorPercent"":100,""timeUs"":0,""bestTimeUs"":10.86,""score"":0},{""index"":7,""testcaseId"":""6a9a9a99bf41025d6013eba2"",""status"":""Skipped"",""statusKey"":""fail"",""errorPercent"":100,""timeUs"":0,""bestTimeUs"":13.99,""score"":0},{""index"":8,""testcaseId"":""6a9a9a99bf41025d6013eba6"",""status"":""Skipped"",""statusKey"":""fail"",""errorPercent"":100,""timeUs"":0,""bestTimeUs"":30.16,""score"":0},{""index"":9,""testcaseId"":""6a9a9a99bf41025d6013ebaa"",""status"":""Skipped"",""statusKey"":""fail"",""errorPercent"":100,""timeUs"":0,""bestTimeUs"":68.2,""score"":0},{""index"":10,""testcaseId"":""6a9a9a99bf41025d6013ebae"",""status"":""Skipped"",""statusKey"":""fail"",""errorPercent"":100,""timeUs"":0,""bestTimeUs"":47.16,""score"":0},{""index"":11,""testcaseId"":""6a9a9a99bf41025d6013ebb2"",""status"":""Skipped"",""statusKey"":""fail"",""errorPercent"":100,""timeUs"":0,""bestTimeUs"":131.38,""score"":0},{""index"":12,""testcaseId"":""6a9a9a99bf41025d6013ebb6"",""status"":""Skipped"",""statusKey"":""fail"",""errorPercent"":100,""timeUs"":0,""bestTimeUs"":76.43,""score"":0},{""index"":13,""testcaseId"":""6a9a9a99bf41025d6013ebba"",""status"":""Skipped"",""statusKey"":""fail"",""errorPercent"":100,""timeUs"":0,""bestTimeUs"":393.51,""score"":0},{""index"":14,""testcaseId"":""6a9a9a99bf41025d6013ebbe"",""status"":""Skipped"",""statusKey"":""fail"",""errorPercent"":100,""timeUs"":0,""bestTimeUs"":3750.12,""score"":0},{""index"":15,""testcaseId"":""6a9a9a99bf41025d6013ebc2"",""status"":""Skipped"",""statusKey"":""fail"",""errorPercent"":100,""timeUs"":0,""bestTimeUs"":8321.94,""score"":0}]"
64	线上结果/H001/V006/result.json	UNKNOWN	6ab2a6210304f72a5694d34a	Pass	pass	15	15	12.55	12.555	0	/Users/sunyiyang/Desktop/Project/cann/phase4/workspaces/H001/src/add_rms_norm_bias_kernel.cpp	75041d77033b2c070525e2a213eeefabbbb156552091b34031e748b2e6e66b4f	UNKNOWN	UNKNOWN	505	21963	"[{""index"":1,""testcaseId"":""6a9a9a99bf41025d6013eb8a"",""status"":""Pass"",""statusKey"":""pass"",""errorPercent"":0,""timeUs"":5.54,""bestTimeUs"":1.7,""score"":25.552},{""index"":2,""testcaseId"":""6a9a9a99bf41025d6013eb8e"",""status"":""Pass"",""statusKey"":""pass"",""errorPercent"":0,""timeUs"":6.25,""bestTimeUs"":2.16,""score"":27.621},{""index"":3,""testcaseId"":""6a9a9a99bf41025d6013eb92"",""status"":""Pass"",""statusKey"":""pass"",""errorPercent"":0,""timeUs"":20.12,""bestTimeUs"":2.47,""score"":16.199},{""index"":4,""testcaseId"":""6a9a9a99bf41025d6013eb96"",""status"":""Pass"",""statusKey"":""pass"",""errorPercent"":0,""timeUs"":71.32,""bestTimeUs"":6.66,""score"":14.603},{""index"":5,""testcaseId"":""6a9a9a99bf41025d6013eb9a"",""status"":""Pass"",""statusKey"":""pass"",""errorPercent"":0,""timeUs"":531.81,""bestTimeUs"":5.2,""score"":8.056},{""index"":6,""testcaseId"":""6a9a9a99bf41025d6013eb9e"",""status"":""Pass"",""statusKey"":""pass"",""errorPercent"":0,""timeUs"":353.07,""bestTimeUs"":10.86,""score"":10.431},{""index"":7,""testcaseId"":""6a9a9a99bf41025d6013eba2"",""status"":""Pass"",""statusKey"":""pass"",""errorPercent"":0,""timeUs"":504.95,""bestTimeUs"":13.99,""score"":10.158},{""index"":8,""testcaseId"":""6a9a9a99bf41025d6013eba6"",""status"":""Pass"",""statusKey"":""pass"",""errorPercent"":0,""timeUs"":2058.9,""bestTimeUs"":30.16,""score"":8.759},{""index"":9,""testcaseId"":""6a9a9a99bf41025d6013ebaa"",""status"":""Pass"",""statusKey"":""pass"",""errorPercent"":0,""timeUs"":2602.48,""bestTimeUs"":68.2,""score"":10.018},{""index"":10,""testcaseId"":""6a9a9a99bf41025d6013ebae"",""status"":""Pass"",""statusKey"":""pass"",""errorPercent"":0,""timeUs"":3256.26,""bestTimeUs"":47.05,""score"":8.734},{""index"":11,""testcaseId"":""6a9a9a99bf41025d6013ebb2"",""status"":""Pass"",""statusKey"":""pass"",""errorPercent"":0,""timeUs"":4763.46,""bestTimeUs"":131.38,""score"":10.147},{""index"":12,""testcaseId"":""6a9a9a99bf41025d6013ebb6"",""status"":""Pass"",""statusKey"":""pass"",""errorPercent"":0,""timeUs"":5663.36,""bestTimeUs"":76.43,""score"":8.607},{""index"":13,""testcaseId"":""6a9a9a99bf41025d6013ebba"",""status"":""Pass"",""statusKey"":""pass"",""errorPercent"":0,""timeUs"":13042.82,""bestTimeUs"":393.51,""score"":10.38},{""index"":14,""testcaseId"":""6a9a9a99bf41025d6013ebbe"",""status"":""Pass"",""statusKey"":""pass"",""errorPercent"":0,""timeUs"":178115.95,""bestTimeUs"":3750.12,""score"":9.504},{""index"":15,""testcaseId"":""6a9a9a99bf41025d6013ebc2"",""status"":""Pass"",""statusKey"":""pass"",""errorPercent"":0,""timeUs"":386751.24,""bestTimeUs"":8321.94,""score"":9.553}]"
56	线上结果/H001/V007/result.json	UNKNOWN	6ab2a98d0304f72a5696c7b5	Pass	pass	15	15	23.29	23.286	0	/Users/sunyiyang/Desktop/Project/cann/phase4/workspaces/H001/src/add_rms_norm_bias_kernel.cpp	2d9f5c22a5d243bc45599ab6baac36f41d1b16ed507b81906e5ee70812a41ff8	UNKNOWN	UNKNOWN	509	22366	"[{""index"":1,""testcaseId"":""6a9a9a99bf41025d6013eb8a"",""status"":""Pass"",""statusKey"":""pass"",""errorPercent"":0,""timeUs"":4.9,""bestTimeUs"":1.7,""score"":27.694},{""index"":2,""testcaseId"":""6a9a9a99bf41025d6013eb8e"",""status"":""Pass"",""statusKey"":""pass"",""errorPercent"":0,""timeUs"":3.34,""bestTimeUs"":2.16,""score"":48.193},{""index"":3,""testcaseId"":""6a9a9a99bf41025d6013eb92"",""status"":""Pass"",""statusKey"":""pass"",""errorPercent"":0,""timeUs"":4.4,""bestTimeUs"":2.47,""score"":41.254},{""index"":4,""testcaseId"":""6a9a9a99bf41025d6013eb96"",""status"":""Pass"",""statusKey"":""pass"",""errorPercent"":0,""timeUs"":14.4,""bestTimeUs"":6.66,""score"":34.462},{""index"":5,""testcaseId"":""6a9a9a99bf41025d6013eb9a"",""status"":""Pass"",""statusKey"":""pass"",""errorPercent"":0,""timeUs"":531.6,""bestTimeUs"":5.2,""score"":8.057},{""index"":6,""testcaseId"":""6a9a9a99bf41025d6013eb9e"",""status"":""Pass"",""statusKey"":""pass"",""errorPercent"":0,""timeUs"":24.04,""bestTimeUs"":10.86,""score"":33.786},{""index"":7,""testcaseId"":""6a9a9a99bf41025d6013eba2"",""status"":""Pass"",""statusKey"":""pass"",""errorPercent"":0,""timeUs"":41.49,""bestTimeUs"":13.99,""score"":27.165},{""index"":8,""testcaseId"":""6a9a9a99bf41025d6013eba6"",""status"":""Pass"",""statusKey"":""pass"",""errorPercent"":0,""timeUs"":94.82,""bestTimeUs"":30.16,""score"":26.143},{""index"":9,""testcaseId"":""6a9a9a99bf41025d6013ebaa"",""status"":""Pass"",""statusKey"":""pass"",""errorPercent"":0,""timeUs"":2602.93,""bestTimeUs"":68.2,""score"":10.018},{""index"":10,""testcaseId"":""6a9a9a99bf41025d6013ebae"",""status"":""Pass"",""statusKey"":""pass"",""errorPercent"":0,""timeUs"":98.16,""bestTimeUs"":47.05,""score"":35.541},{""index"":11,""testcaseId"":""6a9a9a99bf41025d6013ebb2"",""status"":""Pass"",""statusKey"":""pass"",""errorPercent"":0,""timeUs"":4765.06,""bestTimeUs"":131.38,""score"":10.146},{""index"":12,""testcaseId"":""6a9a9a99bf41025d6013ebb6"",""status"":""Pass"",""statusKey"":""pass"",""errorPercent"":0,""timeUs"":5667.36,""bestTimeUs"":76.43,""score"":8.606},{""index"":13,""testcaseId"":""6a9a9a99bf41025d6013ebba"",""status"":""Pass"",""statusKey"":""pass"",""errorPercent"":0,""timeUs"":13044.5,""bestTimeUs"":393.51,""score"":10.379},{""index"":14,""testcaseId"":""6a9a9a99bf41025d6013ebbe"",""status"":""Pass"",""statusKey"":""pass"",""errorPercent"":0,""timeUs"":22943.06,""bestTimeUs"":3750.12,""score"":18.291},{""index"":15,""testcaseId"":""6a9a9a99bf41025d6013ebc2"",""status"":""Pass"",""statusKey"":""pass"",""errorPercent"":0,""timeUs"":386854.25,""bestTimeUs"":8321.94,""score"":9.552}]"
46	线上结果/H001/V008/result.json	线上结果/H001/V008/source-meta.json	6ab2ae940304f72a56995e32	Pass	pass	15	15	29.04	29.038	0	/Users/sunyiyang/Desktop/Project/cann/phase4/workspaces/H001/src/add_rms_norm_bias_kernel.cpp	ec3a631d1b613a1132fd83d9c34101d4b06c1f47fb96ffef0841af6714c34a02	c9d801c2864b9b9de265bd7a152939a0a94166e5	UNKNOWN	509	22633	"[{""index"":1,""testcaseId"":""6a9a9a99bf41025d6013eb8a"",""status"":""Pass"",""statusKey"":""pass"",""errorPercent"":0,""timeUs"":4.58,""bestTimeUs"":1.7,""score"":29.034},{""index"":2,""testcaseId"":""6a9a9a99bf41025d6013eb8e"",""status"":""Pass"",""statusKey"":""pass"",""errorPercent"":0,""timeUs"":3.48,""bestTimeUs"":2.16,""score"":45.951},{""index"":3,""testcaseId"":""6a9a9a99bf41025d6013eb92"",""status"":""Pass"",""statusKey"":""pass"",""errorPercent"":0,""timeUs"":4.4,""bestTimeUs"":2.47,""score"":41.254},{""index"":4,""testcaseId"":""6a9a9a99bf41025d6013eb96"",""status"":""Pass"",""statusKey"":""pass"",""errorPercent"":0,""timeUs"":14.5,""bestTimeUs"":6.66,""score"":34.26},{""index"":5,""testcaseId"":""6a9a9a99bf41025d6013eb9a"",""status"":""Pass"",""statusKey"":""pass"",""errorPercent"":0,""timeUs"":36.77,""bestTimeUs"":5.2,""score"":17.17},{""index"":6,""testcaseId"":""6a9a9a99bf41025d6013eb9e"",""status"":""Pass"",""statusKey"":""pass"",""errorPercent"":0,""timeUs"":24.41,""bestTimeUs"":10.86,""score"":33.361},{""index"":7,""testcaseId"":""6a9a9a99bf41025d6013eba2"",""status"":""Pass"",""statusKey"":""pass"",""errorPercent"":0,""timeUs"":41.94,""bestTimeUs"":13.99,""score"":26.971},{""index"":8,""testcaseId"":""6a9a9a99bf41025d6013eba6"",""status"":""Pass"",""statusKey"":""pass"",""errorPercent"":0,""timeUs"":95.34,""bestTimeUs"":30.16,""score"":26.052},{""index"":9,""testcaseId"":""6a9a9a99bf41025d6013ebaa"",""status"":""Pass"",""statusKey"":""pass"",""errorPercent"":0,""timeUs"":220.6,""bestTimeUs"":68.2,""score"":25.673},{""index"":10,""testcaseId"":""6a9a9a99bf41025d6013ebae"",""status"":""Pass"",""statusKey"":""pass"",""errorPercent"":0,""timeUs"":98.14,""bestTimeUs"":47.05,""score"":35.547},{""index"":11,""testcaseId"":""6a9a9a99bf41025d6013ebb2"",""status"":""Pass"",""statusKey"":""pass"",""errorPercent"":0,""timeUs"":418.82,""bestTimeUs"":131.38,""score"":25.911},{""index"":12,""testcaseId"":""6a9a9a99bf41025d6013ebb6"",""status"":""Pass"",""statusKey"":""pass"",""errorPercent"":0,""timeUs"":353.36,""bestTimeUs"":76.43,""score"":20.937},{""index"":13,""testcaseId"":""6a9a9a99bf41025d6013ebba"",""status"":""Pass"",""statusKey"":""pass"",""errorPercent"":0,""timeUs"":1156.35,""bestTimeUs"":393.51,""score"":27.334},{""index"":14,""testcaseId"":""6a9a9a99bf41025d6013ebbe"",""status"":""Pass"",""statusKey"":""pass"",""errorPercent"":0,""timeUs"":23068.4,""bestTimeUs"":3750.12,""score"":18.247},{""index"":15,""testcaseId"":""6a9a9a99bf41025d6013ebc2"",""status"":""Pass"",""statusKey"":""pass"",""errorPercent"":0,""timeUs"":23771.24,""bestTimeUs"":8321.94,""score"":27.866}]"
UNKNOWN	线上结果/I001/V001/result.json	UNKNOWN	6ab28e5c0304f72a56869dc7	Compile Error	fail	0	15	UNKNOWN	UNKNOWN	100	/Users/sunyiyang/Desktop/Project/cann/phase4/workspaces/I001/V001/add_rms_norm_bias_v001.asc	0dabfedf78e6df889d9068c3404754a51ad6f769bdfcf2a55cdea895976862fa	UNKNOWN	UNKNOWN	465	16566	"[{""index"":1,""testcaseId"":""6a9a9a99bf41025d6013eb8a"",""status"":""Compile Error"",""statusKey"":""fail"",""errorPercent"":100,""timeUs"":0,""bestTimeUs"":1.7,""score"":0},{""index"":2,""testcaseId"":""6a9a9a99bf41025d6013eb8e"",""status"":""Compile Error"",""statusKey"":""fail"",""errorPercent"":100,""timeUs"":0,""bestTimeUs"":2.16,""score"":0},{""index"":3,""testcaseId"":""6a9a9a99bf41025d6013eb92"",""status"":""Compile Error"",""statusKey"":""fail"",""errorPercent"":100,""timeUs"":0,""bestTimeUs"":2.47,""score"":0},{""index"":4,""testcaseId"":""6a9a9a99bf41025d6013eb96"",""status"":""Compile Error"",""statusKey"":""fail"",""errorPercent"":100,""timeUs"":0,""bestTimeUs"":6.66,""score"":0},{""index"":5,""testcaseId"":""6a9a9a99bf41025d6013eb9a"",""status"":""Compile Error"",""statusKey"":""fail"",""errorPercent"":100,""timeUs"":0,""bestTimeUs"":5.2,""score"":0},{""index"":6,""testcaseId"":""6a9a9a99bf41025d6013eb9e"",""status"":""Compile Error"",""statusKey"":""fail"",""errorPercent"":100,""timeUs"":0,""bestTimeUs"":10.86,""score"":0},{""index"":7,""testcaseId"":""6a9a9a99bf41025d6013eba2"",""status"":""Compile Error"",""statusKey"":""fail"",""errorPercent"":100,""timeUs"":0,""bestTimeUs"":13.99,""score"":0},{""index"":8,""testcaseId"":""6a9a9a99bf41025d6013eba6"",""status"":""Compile Error"",""statusKey"":""fail"",""errorPercent"":100,""timeUs"":0,""bestTimeUs"":30.16,""score"":0},{""index"":9,""testcaseId"":""6a9a9a99bf41025d6013ebaa"",""status"":""Compile Error"",""statusKey"":""fail"",""errorPercent"":100,""timeUs"":0,""bestTimeUs"":68.2,""score"":0},{""index"":10,""testcaseId"":""6a9a9a99bf41025d6013ebae"",""status"":""Compile Error"",""statusKey"":""fail"",""errorPercent"":100,""timeUs"":0,""bestTimeUs"":47.16,""score"":0},{""index"":11,""testcaseId"":""6a9a9a99bf41025d6013ebb2"",""status"":""Compile Error"",""statusKey"":""fail"",""errorPercent"":100,""timeUs"":0,""bestTimeUs"":131.38,""score"":0},{""index"":12,""testcaseId"":""6a9a9a99bf41025d6013ebb6"",""status"":""Compile Error"",""statusKey"":""fail"",""errorPercent"":100,""timeUs"":0,""bestTimeUs"":76.43,""score"":0},{""index"":13,""testcaseId"":""6a9a9a99bf41025d6013ebba"",""status"":""Compile Error"",""statusKey"":""fail"",""errorPercent"":100,""timeUs"":0,""bestTimeUs"":393.51,""score"":0},{""index"":14,""testcaseId"":""6a9a9a99bf41025d6013ebbe"",""status"":""Compile Error"",""statusKey"":""fail"",""errorPercent"":100,""timeUs"":0,""bestTimeUs"":3750.12,""score"":0},{""index"":15,""testcaseId"":""6a9a9a99bf41025d6013ebc2"",""status"":""Compile Error"",""statusKey"":""fail"",""errorPercent"":100,""timeUs"":0,""bestTimeUs"":8321.94,""score"":0}]"
UNKNOWN	线上结果/I001/V002/result.json	UNKNOWN	6ab294110304f72a568a5303	Compile Error	fail	0	15	UNKNOWN	UNKNOWN	100	/Users/sunyiyang/Desktop/Project/cann/phase4/workspaces/I001/V002/kernel.asc	4f225e3d78eb3d31988db64a6fd2a9b179b80f0da531e85f28bae3645224ce4d	UNKNOWN	UNKNOWN	248	8798	"[{""index"":1,""testcaseId"":""6a9a9a99bf41025d6013eb8a"",""status"":""Compile Error"",""statusKey"":""fail"",""errorPercent"":100,""timeUs"":0,""bestTimeUs"":1.7,""score"":0},{""index"":2,""testcaseId"":""6a9a9a99bf41025d6013eb8e"",""status"":""Compile Error"",""statusKey"":""fail"",""errorPercent"":100,""timeUs"":0,""bestTimeUs"":2.16,""score"":0},{""index"":3,""testcaseId"":""6a9a9a99bf41025d6013eb92"",""status"":""Compile Error"",""statusKey"":""fail"",""errorPercent"":100,""timeUs"":0,""bestTimeUs"":2.47,""score"":0},{""index"":4,""testcaseId"":""6a9a9a99bf41025d6013eb96"",""status"":""Compile Error"",""statusKey"":""fail"",""errorPercent"":100,""timeUs"":0,""bestTimeUs"":6.66,""score"":0},{""index"":5,""testcaseId"":""6a9a9a99bf41025d6013eb9a"",""status"":""Compile Error"",""statusKey"":""fail"",""errorPercent"":100,""timeUs"":0,""bestTimeUs"":5.2,""score"":0},{""index"":6,""testcaseId"":""6a9a9a99bf41025d6013eb9e"",""status"":""Compile Error"",""statusKey"":""fail"",""errorPercent"":100,""timeUs"":0,""bestTimeUs"":10.86,""score"":0},{""index"":7,""testcaseId"":""6a9a9a99bf41025d6013eba2"",""status"":""Compile Error"",""statusKey"":""fail"",""errorPercent"":100,""timeUs"":0,""bestTimeUs"":13.99,""score"":0},{""index"":8,""testcaseId"":""6a9a9a99bf41025d6013eba6"",""status"":""Compile Error"",""statusKey"":""fail"",""errorPercent"":100,""timeUs"":0,""bestTimeUs"":30.16,""score"":0},{""index"":9,""testcaseId"":""6a9a9a99bf41025d6013ebaa"",""status"":""Compile Error"",""statusKey"":""fail"",""errorPercent"":100,""timeUs"":0,""bestTimeUs"":68.2,""score"":0},{""index"":10,""testcaseId"":""6a9a9a99bf41025d6013ebae"",""status"":""Compile Error"",""statusKey"":""fail"",""errorPercent"":100,""timeUs"":0,""bestTimeUs"":47.16,""score"":0},{""index"":11,""testcaseId"":""6a9a9a99bf41025d6013ebb2"",""status"":""Compile Error"",""statusKey"":""fail"",""errorPercent"":100,""timeUs"":0,""bestTimeUs"":131.38,""score"":0},{""index"":12,""testcaseId"":""6a9a9a99bf41025d6013ebb6"",""status"":""Compile Error"",""statusKey"":""fail"",""errorPercent"":100,""timeUs"":0,""bestTimeUs"":76.43,""score"":0},{""index"":13,""testcaseId"":""6a9a9a99bf41025d6013ebba"",""status"":""Compile Error"",""statusKey"":""fail"",""errorPercent"":100,""timeUs"":0,""bestTimeUs"":393.51,""score"":0},{""index"":14,""testcaseId"":""6a9a9a99bf41025d6013ebbe"",""status"":""Compile Error"",""statusKey"":""fail"",""errorPercent"":100,""timeUs"":0,""bestTimeUs"":3750.12,""score"":0},{""index"":15,""testcaseId"":""6a9a9a99bf41025d6013ebc2"",""status"":""Compile Error"",""statusKey"":""fail"",""errorPercent"":100,""timeUs"":0,""bestTimeUs"":8321.94,""score"":0}]"
UNKNOWN	线上结果/I001/V003/result.json	UNKNOWN	6ab298fe0304f72a568d3023	Runtime Error	fail	10	15	UNKNOWN	UNKNOWN	100	/Users/sunyiyang/Desktop/Project/cann/phase4/workspaces/I001/V003/kernel.asc	ce845a362b0aef99383df4c7f0da3be6782ad7b21beb9d94847bece722823a86	UNKNOWN	UNKNOWN	276	9426	"[{""index"":1,""testcaseId"":""6a9a9a99bf41025d6013eb8a"",""status"":""Pass"",""statusKey"":""pass"",""errorPercent"":0,""timeUs"":4.55,""bestTimeUs"":1.7,""score"":29.171},{""index"":2,""testcaseId"":""6a9a9a99bf41025d6013eb8e"",""status"":""Wrong Answer"",""statusKey"":""fail"",""errorPercent"":99.275,""timeUs"":4.13,""bestTimeUs"":2.16,""score"":38.483},{""index"":3,""testcaseId"":""6a9a9a99bf41025d6013eb92"",""status"":""Pass"",""statusKey"":""pass"",""errorPercent"":0,""timeUs"":8.88,""bestTimeUs"":2.47,""score"":24.063},{""index"":4,""testcaseId"":""6a9a9a99bf41025d6013eb96"",""status"":""Pass"",""statusKey"":""pass"",""errorPercent"":0,""timeUs"":91.32,""bestTimeUs"":6.66,""score"":13.409},{""index"":5,""testcaseId"":""6a9a9a99bf41025d6013eb9a"",""status"":""Pass"",""statusKey"":""pass"",""errorPercent"":0,""timeUs"":60,""bestTimeUs"":5.2,""score"":14.221},{""index"":6,""testcaseId"":""6a9a9a99bf41025d6013eb9e"",""status"":""Pass"",""statusKey"":""pass"",""errorPercent"":0,""timeUs"":117.45,""bestTimeUs"":10.86,""score"":14.552},{""index"":7,""testcaseId"":""6a9a9a99bf41025d6013eba2"",""status"":""Pass"",""statusKey"":""pass"",""errorPercent"":0,""timeUs"":238.12,""bestTimeUs"":13.99,""score"":12.515},{""index"":8,""testcaseId"":""6a9a9a99bf41025d6013eba6"",""status"":""Pass"",""statusKey"":""pass"",""errorPercent"":0,""timeUs"":426.56,""bestTimeUs"":30.16,""score"":13.273},{""index"":9,""testcaseId"":""6a9a9a99bf41025d6013ebaa"",""status"":""Pass"",""statusKey"":""pass"",""errorPercent"":0,""timeUs"":347.26,""bestTimeUs"":68.2,""score"":19.943},{""index"":10,""testcaseId"":""6a9a9a99bf41025d6013ebae"",""status"":""Pass"",""statusKey"":""pass"",""errorPercent"":0,""timeUs"":358.63,""bestTimeUs"":47.16,""score"":16.657},{""index"":11,""testcaseId"":""6a9a9a99bf41025d6013ebb2"",""status"":""Wrong Answer"",""statusKey"":""fail"",""errorPercent"":90.787,""timeUs"":690.96,""bestTimeUs"":131.38,""score"":19.631},{""index"":12,""testcaseId"":""6a9a9a99bf41025d6013ebb6"",""status"":""Pass"",""statusKey"":""pass"",""errorPercent"":0,""timeUs"":555.02,""bestTimeUs"":76.43,""score"":16.979},{""index"":13,""testcaseId"":""6a9a9a99bf41025d6013ebba"",""status"":""Runtime Error"",""statusKey"":""fail"",""errorPercent"":100,""timeUs"":0,""bestTimeUs"":393.51,""score"":0},{""index"":14,""testcaseId"":""6a9a9a99bf41025d6013ebbe"",""status"":""Skipped"",""statusKey"":""fail"",""errorPercent"":100,""timeUs"":0,""bestTimeUs"":3750.12,""score"":0},{""index"":15,""testcaseId"":""6a9a9a99bf41025d6013ebc2"",""status"":""Skipped"",""statusKey"":""fail"",""errorPercent"":100,""timeUs"":0,""bestTimeUs"":8321.94,""score"":0}]"
63	线上结果/I001/V004/result.json	线上结果/I001/V004/source-meta.json	6ab29df80304f72a56900c05	Pass	pass	15	15	15.53	15.533	0	/Users/sunyiyang/Desktop/Project/cann/phase4/workspaces/I001/V004/kernel.asc	1ef42c724b56f75337201f27223da97061755b1ff2504f9a6a1f344e83d3e61f	78c6542901761f321a8bd3d5f26c5000f755f951	UNKNOWN	299	10511	"[{""index"":1,""testcaseId"":""6a9a9a99bf41025d6013eb8a"",""status"":""Pass"",""statusKey"":""pass"",""errorPercent"":0,""timeUs"":4.88,""bestTimeUs"":1.7,""score"":27.772},{""index"":2,""testcaseId"":""6a9a9a99bf41025d6013eb8e"",""status"":""Pass"",""statusKey"":""pass"",""errorPercent"":0,""timeUs"":4.32,""bestTimeUs"":2.16,""score"":36.907},{""index"":3,""testcaseId"":""6a9a9a99bf41025d6013eb92"",""status"":""Pass"",""statusKey"":""pass"",""errorPercent"":0,""timeUs"":8.94,""bestTimeUs"":2.47,""score"":23.967},{""index"":4,""testcaseId"":""6a9a9a99bf41025d6013eb96"",""status"":""Pass"",""statusKey"":""pass"",""errorPercent"":0,""timeUs"":85.75,""bestTimeUs"":6.66,""score"":13.695},{""index"":5,""testcaseId"":""6a9a9a99bf41025d6013eb9a"",""status"":""Pass"",""statusKey"":""pass"",""errorPercent"":0,""timeUs"":206.88,""bestTimeUs"":5.2,""score"":9.916},{""index"":6,""testcaseId"":""6a9a9a99bf41025d6013eb9e"",""status"":""Pass"",""statusKey"":""pass"",""errorPercent"":0,""timeUs"":194.38,""bestTimeUs"":10.86,""score"":12.323},{""index"":7,""testcaseId"":""6a9a9a99bf41025d6013eba2"",""status"":""Pass"",""statusKey"":""pass"",""errorPercent"":0,""timeUs"":280.56,""bestTimeUs"":13.99,""score"":11.912},{""index"":8,""testcaseId"":""6a9a9a99bf41025d6013eba6"",""status"":""Pass"",""statusKey"":""pass"",""errorPercent"":0,""timeUs"":758.46,""bestTimeUs"":30.16,""score"":11.169},{""index"":9,""testcaseId"":""6a9a9a99bf41025d6013ebaa"",""status"":""Pass"",""statusKey"":""pass"",""errorPercent"":0,""timeUs"":891.24,""bestTimeUs"":68.2,""score"":13.626},{""index"":10,""testcaseId"":""6a9a9a99bf41025d6013ebae"",""status"":""Pass"",""statusKey"":""pass"",""errorPercent"":0,""timeUs"":1191.57,""bestTimeUs"":47.05,""score"":11.147},{""index"":11,""testcaseId"":""6a9a9a99bf41025d6013ebb2"",""status"":""Pass"",""statusKey"":""pass"",""errorPercent"":0,""timeUs"":2054.78,""bestTimeUs"":131.38,""score"":12.85},{""index"":12,""testcaseId"":""6a9a9a99bf41025d6013ebb6"",""status"":""Pass"",""statusKey"":""pass"",""errorPercent"":0,""timeUs"":1919.2,""bestTimeUs"":76.43,""score"":11.174},{""index"":13,""testcaseId"":""6a9a9a99bf41025d6013ebba"",""status"":""Pass"",""statusKey"":""pass"",""errorPercent"":0,""timeUs"":5641.43,""bestTimeUs"":393.51,""score"":13.215},{""index"":14,""testcaseId"":""6a9a9a99bf41025d6013ebbe"",""status"":""Pass"",""statusKey"":""pass"",""errorPercent"":0,""timeUs"":120974.23,""bestTimeUs"":3750.12,""score"":10.452},{""index"":15,""testcaseId"":""6a9a9a99bf41025d6013ebc2"",""status"":""Pass"",""statusKey"":""pass"",""errorPercent"":0,""timeUs"":129766.74,""bestTimeUs"":8321.94,""score"":12.862}]"
UNKNOWN	线上结果/I001/V005/result.json	UNKNOWN	6ab2a3e10304f72a56938666	Wrong Answer	fail	13	15	UNKNOWN	25.266	100	/Users/sunyiyang/Desktop/Project/cann/phase4/workspaces/I001/V005/kernel.asc	7cce45803772c027f3d853e1787c7b464ab4c2b71f7dd3cd002cbbfc92675326	UNKNOWN	UNKNOWN	534	19077	"[{""index"":1,""testcaseId"":""6a9a9a99bf41025d6013eb8a"",""status"":""Pass"",""statusKey"":""pass"",""errorPercent"":0,""timeUs"":3.78,""bestTimeUs"":1.7,""score"":33.661},{""index"":2,""testcaseId"":""6a9a9a99bf41025d6013eb8e"",""status"":""Wrong Answer"",""statusKey"":""fail"",""errorPercent"":100,""timeUs"":4.1,""bestTimeUs"":2.16,""score"":38.751},{""index"":3,""testcaseId"":""6a9a9a99bf41025d6013eb92"",""status"":""Wrong Answer"",""statusKey"":""fail"",""errorPercent"":99.985,""timeUs"":7.61,""bestTimeUs"":2.47,""score"":26.489},{""index"":4,""testcaseId"":""6a9a9a99bf41025d6013eb96"",""status"":""Pass"",""statusKey"":""pass"",""errorPercent"":0,""timeUs"":83.68,""bestTimeUs"":6.66,""score"":13.808},{""index"":5,""testcaseId"":""6a9a9a99bf41025d6013eb9a"",""status"":""Pass"",""statusKey"":""pass"",""errorPercent"":0,""timeUs"":24.06,""bestTimeUs"":5.2,""score"":20.929},{""index"":6,""testcaseId"":""6a9a9a99bf41025d6013eb9e"",""status"":""Pass"",""statusKey"":""pass"",""errorPercent"":0,""timeUs"":109.29,""bestTimeUs"":10.86,""score"":14.938},{""index"":7,""testcaseId"":""6a9a9a99bf41025d6013eba2"",""status"":""Pass"",""statusKey"":""pass"",""errorPercent"":0,""timeUs"":224.07,""bestTimeUs"":13.99,""score"":12.754},{""index"":8,""testcaseId"":""6a9a9a99bf41025d6013eba6"",""status"":""Pass"",""statusKey"":""pass"",""errorPercent"":0,""timeUs"":381.28,""bestTimeUs"":30.16,""score"":13.78},{""index"":9,""testcaseId"":""6a9a9a99bf41025d6013ebaa"",""status"":""Pass"",""statusKey"":""pass"",""errorPercent"":0,""timeUs"":185.71,""bestTimeUs"":68.2,""score"":28.813},{""index"":10,""testcaseId"":""6a9a9a99bf41025d6013ebae"",""status"":""Pass"",""statusKey"":""pass"",""errorPercent"":0,""timeUs"":306.36,""bestTimeUs"":47.05,""score"":17.791},{""index"":11,""testcaseId"":""6a9a9a99bf41025d6013ebb2"",""status"":""Pass"",""statusKey"":""pass"",""errorPercent"":0,""timeUs"":258.83,""bestTimeUs"":131.38,""score"":37.42},{""index"":12,""testcaseId"":""6a9a9a99bf41025d6013ebb6"",""status"":""Pass"",""statusKey"":""pass"",""errorPercent"":0,""timeUs"":209.05,""bestTimeUs"":76.43,""score"":28.723},{""index"":13,""testcaseId"":""6a9a9a99bf41025d6013ebba"",""status"":""Pass"",""statusKey"":""pass"",""errorPercent"":0,""timeUs"":765.36,""bestTimeUs"":393.51,""score"":37.869},{""index"":14,""testcaseId"":""6a9a9a99bf41025d6013ebbe"",""status"":""Pass"",""statusKey"":""pass"",""errorPercent"":0,""timeUs"":118346.73,""bestTimeUs"":3750.12,""score"":10.512},{""index"":15,""testcaseId"":""6a9a9a99bf41025d6013ebc2"",""status"":""Pass"",""statusKey"":""pass"",""errorPercent"":0,""timeUs"":14323.58,""bestTimeUs"":8321.94,""score"":42.749}]"
UNKNOWN	线上结果/I001/V006/result.json	UNKNOWN	6ab2ad0c0304f72a5698a820	Wrong Answer	fail	13	15	UNKNOWN	25.336	100	/Users/sunyiyang/Desktop/Project/cann/phase4/workspaces/I001/V006/kernel.asc	7745a986a03efe17c505d24bff0ac0fa06116a62e4fef7685d884cc51d11c83b	UNKNOWN	UNKNOWN	540	19533	"[{""index"":1,""testcaseId"":""6a9a9a99bf41025d6013eb8a"",""status"":""Pass"",""statusKey"":""pass"",""errorPercent"":0,""timeUs"":3.89,""bestTimeUs"":1.7,""score"":32.878},{""index"":2,""testcaseId"":""6a9a9a99bf41025d6013eb8e"",""status"":""Wrong Answer"",""statusKey"":""fail"",""errorPercent"":100,""timeUs"":4.01,""bestTimeUs"":2.16,""score"":39.59},{""index"":3,""testcaseId"":""6a9a9a99bf41025d6013eb92"",""status"":""Wrong Answer"",""statusKey"":""fail"",""errorPercent"":99.985,""timeUs"":7.25,""bestTimeUs"":2.47,""score"":27.355},{""index"":4,""testcaseId"":""6a9a9a99bf41025d6013eb96"",""status"":""Pass"",""statusKey"":""pass"",""errorPercent"":0,""timeUs"":83.6,""bestTimeUs"":6.66,""score"":13.813},{""index"":5,""testcaseId"":""6a9a9a99bf41025d6013eb9a"",""status"":""Pass"",""statusKey"":""pass"",""errorPercent"":0,""timeUs"":23.71,""bestTimeUs"":5.2,""score"":21.088},{""index"":6,""testcaseId"":""6a9a9a99bf41025d6013eb9e"",""status"":""Pass"",""statusKey"":""pass"",""errorPercent"":0,""timeUs"":109.43,""bestTimeUs"":10.86,""score"":14.931},{""index"":7,""testcaseId"":""6a9a9a99bf41025d6013eba2"",""status"":""Pass"",""statusKey"":""pass"",""errorPercent"":0,""timeUs"":223.69,""bestTimeUs"":13.99,""score"":12.761},{""index"":8,""testcaseId"":""6a9a9a99bf41025d6013eba6"",""status"":""Pass"",""statusKey"":""pass"",""errorPercent"":0,""timeUs"":380.07,""bestTimeUs"":30.16,""score"":13.795},{""index"":9,""testcaseId"":""6a9a9a99bf41025d6013ebaa"",""status"":""Pass"",""statusKey"":""pass"",""errorPercent"":0,""timeUs"":186.11,""bestTimeUs"":68.2,""score"":28.769},{""index"":10,""testcaseId"":""6a9a9a99bf41025d6013ebae"",""status"":""Pass"",""statusKey"":""pass"",""errorPercent"":0,""timeUs"":306.41,""bestTimeUs"":47.05,""score"":17.79},{""index"":11,""testcaseId"":""6a9a9a99bf41025d6013ebb2"",""status"":""Pass"",""statusKey"":""pass"",""errorPercent"":0,""timeUs"":259.38,""bestTimeUs"":131.38,""score"":37.347},{""index"":12,""testcaseId"":""6a9a9a99bf41025d6013ebb6"",""status"":""Pass"",""statusKey"":""pass"",""errorPercent"":0,""timeUs"":209.64,""bestTimeUs"":76.43,""score"":28.665},{""index"":13,""testcaseId"":""6a9a9a99bf41025d6013ebba"",""status"":""Pass"",""statusKey"":""pass"",""errorPercent"":0,""timeUs"":763.45,""bestTimeUs"":393.51,""score"":37.958},{""index"":14,""testcaseId"":""6a9a9a99bf41025d6013ebbe"",""status"":""Pass"",""statusKey"":""pass"",""errorPercent"":0,""timeUs"":118321.33,""bestTimeUs"":3750.12,""score"":10.512},{""index"":15,""testcaseId"":""6a9a9a99bf41025d6013ebc2"",""status"":""Pass"",""statusKey"":""pass"",""errorPercent"":0,""timeUs"":14308.94,""bestTimeUs"":8321.94,""score"":42.795}]"
40	线上结果/INTEGRATION-X/V001/result.json	线上结果/INTEGRATION-X/V001/source-meta.json	6ab891a7694b590c3cd47555	Pass	UNKNOWN	15	15	41.93	41.931	0	UNKNOWN	UNKNOWN	UNKNOWN	UNKNOWN	UNKNOWN	UNKNOWN	"[{""index"":1,""status"":""Pass"",""errorPercent"":0,""timeUs"":5.35,""bestTimeUs"":1.7,""score"":26.126},{""index"":2,""status"":""Pass"",""errorPercent"":0,""timeUs"":3.45,""bestTimeUs"":2.21,""score"":47.654},{""index"":3,""status"":""Pass"",""errorPercent"":0,""timeUs"":5.99,""bestTimeUs"":2.47,""score"":31.399},{""index"":4,""status"":""Pass"",""errorPercent"":0,""timeUs"":31.32,""bestTimeUs"":6.66,""score"":20.755},{""index"":5,""status"":""Pass"",""errorPercent"":0,""timeUs"":10,""bestTimeUs"":5.2,""score"":38.273},{""index"":6,""status"":""Pass"",""errorPercent"":0,""timeUs"":49.04,""bestTimeUs"":9.62,""score"":19.932},{""index"":7,""status"":""Pass"",""errorPercent"":0,""timeUs"":76.45,""bestTimeUs"":13.9,""score"":19.214},{""index"":8,""status"":""Pass"",""errorPercent"":0,""timeUs"":72.52,""bestTimeUs"":30.16,""score"":31.608},{""index"":9,""status"":""Pass"",""errorPercent"":0,""timeUs"":72.76,""bestTimeUs"":68.2,""score"":86.235},{""index"":10,""status"":""Pass"",""errorPercent"":0,""timeUs"":76.03,""bestTimeUs"":47.05,""score"":45.795},{""index"":11,""status"":""Pass"",""errorPercent"":0,""timeUs"":177.88,""bestTimeUs"":131.38,""score"":57.23},{""index"":12,""status"":""Pass"",""errorPercent"":0,""timeUs"":97.72,""bestTimeUs"":76.35,""score"":62.165},{""index"":13,""status"":""Pass"",""errorPercent"":0,""timeUs"":602.52,""bestTimeUs"":392.72,""score"":48.647},{""index"":14,""status"":""Pass"",""errorPercent"":0,""timeUs"":17165.13,""bestTimeUs"":3750.12,""score"":21.046},{""index"":15,""status"":""Pass"",""errorPercent"":0,""timeUs"":9676.74,""bestTimeUs"":8321.94,""score"":72.887}]"
UNKNOWN	线上结果/MID-X/V001/result.json	UNKNOWN	6ab2bc7a0304f72a569f2a54	Runtime Error	fail	2	15	UNKNOWN	UNKNOWN	100	/Users/sunyiyang/Desktop/Project/cann/phase4/workspaces/MID-X/V001/kernel.asc	8bbb198495e9582a2bf4c87d4a02966773b8b464ed73fba06ac34e78f0033029	UNKNOWN	UNKNOWN	574	24514	"[{""index"":1,""testcaseId"":""6a9a9a99bf41025d6013eb8a"",""status"":""Pass"",""statusKey"":""pass"",""errorPercent"":0,""timeUs"":5.71,""bestTimeUs"":1.7,""score"":25.074},{""index"":2,""testcaseId"":""6a9a9a99bf41025d6013eb8e"",""status"":""Wrong Answer"",""statusKey"":""fail"",""errorPercent"":81.653,""timeUs"":3.8,""bestTimeUs"":2.16,""score"":41.785},{""index"":3,""testcaseId"":""6a9a9a99bf41025d6013eb92"",""status"":""Wrong Answer"",""statusKey"":""fail"",""errorPercent"":78.253,""timeUs"":6.09,""bestTimeUs"":2.47,""score"":31.001},{""index"":4,""testcaseId"":""6a9a9a99bf41025d6013eb96"",""status"":""Wrong Answer"",""statusKey"":""fail"",""errorPercent"":5.322,""timeUs"":14.11,""bestTimeUs"":6.66,""score"":35.068},{""index"":5,""testcaseId"":""6a9a9a99bf41025d6013eb9a"",""status"":""Pass"",""statusKey"":""pass"",""errorPercent"":0,""timeUs"":288.58,""bestTimeUs"":5.2,""score"":9.17},{""index"":6,""testcaseId"":""6a9a9a99bf41025d6013eb9e"",""status"":""Wrong Answer"",""statusKey"":""fail"",""errorPercent"":9.449,""timeUs"":22.19,""bestTimeUs"":10.86,""score"":36.202},{""index"":7,""testcaseId"":""6a9a9a99bf41025d6013eba2"",""status"":""Wrong Answer"",""statusKey"":""fail"",""errorPercent"":4.938,""timeUs"":34.67,""bestTimeUs"":13.99,""score"":30.881},{""index"":8,""testcaseId"":""6a9a9a99bf41025d6013eba6"",""status"":""Wrong Answer"",""statusKey"":""fail"",""errorPercent"":4.247,""timeUs"":77.37,""bestTimeUs"":30.16,""score"":30.089},{""index"":9,""testcaseId"":""6a9a9a99bf41025d6013ebaa"",""status"":""Wrong Answer"",""statusKey"":""fail"",""errorPercent"":72.852,""timeUs"":72.07,""bestTimeUs"":68.2,""score"":88.019},{""index"":10,""testcaseId"":""6a9a9a99bf41025d6013ebae"",""status"":""Wrong Answer"",""statusKey"":""fail"",""errorPercent"":4.189,""timeUs"":70.28,""bestTimeUs"":47.16,""score"":50.26},{""index"":11,""testcaseId"":""6a9a9a99bf41025d6013ebb2"",""status"":""Wrong Answer"",""statusKey"":""fail"",""errorPercent"":77.814,""timeUs"":166.36,""bestTimeUs"":131.38,""score"":63.203},{""index"":12,""testcaseId"":""6a9a9a99bf41025d6013ebb6"",""status"":""Wrong Answer"",""statusKey"":""fail"",""errorPercent"":13.383,""timeUs"":103.29,""bestTimeUs"":76.43,""score"":57.38},{""index"":13,""testcaseId"":""6a9a9a99bf41025d6013ebba"",""status"":""Wrong Answer"",""statusKey"":""fail"",""errorPercent"":76.714,""timeUs"":569.18,""bestTimeUs"":393.51,""score"":52.348},{""index"":14,""testcaseId"":""6a9a9a99bf41025d6013ebbe"",""status"":""Wrong Answer"",""statusKey"":""fail"",""errorPercent"":12.149,""timeUs"":17239.72,""bestTimeUs"":3750.12,""score"":20.999},{""index"":15,""testcaseId"":""6a9a9a99bf41025d6013ebc2"",""status"":""Runtime Error"",""statusKey"":""fail"",""errorPercent"":100,""timeUs"":0,""bestTimeUs"":8321.94,""score"":0}]"
UNKNOWN	线上结果/MID-X/V002/result.json	UNKNOWN	6ab2c0390304f72a56a08308	Runtime Error	fail	1	15	UNKNOWN	UNKNOWN	100	/Users/sunyiyang/Desktop/Project/cann/phase4/workspaces/MID-X/V002/kernel.asc	2657ce241fa8619d2fbb153ee0cd184fb1dd8d9ff8dffd078e0bf374ba4bedb1	UNKNOWN	UNKNOWN	596	24921	"[{""index"":1,""testcaseId"":""6a9a9a99bf41025d6013eb8a"",""status"":""Pass"",""statusKey"":""pass"",""errorPercent"":0,""timeUs"":5.72,""bestTimeUs"":1.7,""score"":25.047},{""index"":2,""testcaseId"":""6a9a9a99bf41025d6013eb8e"",""status"":""Runtime Error"",""statusKey"":""fail"",""errorPercent"":100,""timeUs"":0,""bestTimeUs"":2.16,""score"":0},{""index"":3,""testcaseId"":""6a9a9a99bf41025d6013eb92"",""status"":""Skipped"",""statusKey"":""fail"",""errorPercent"":100,""timeUs"":0,""bestTimeUs"":2.47,""score"":0},{""index"":4,""testcaseId"":""6a9a9a99bf41025d6013eb96"",""status"":""Skipped"",""statusKey"":""fail"",""errorPercent"":100,""timeUs"":0,""bestTimeUs"":6.66,""score"":0},{""index"":5,""testcaseId"":""6a9a9a99bf41025d6013eb9a"",""status"":""Skipped"",""statusKey"":""fail"",""errorPercent"":100,""timeUs"":0,""bestTimeUs"":5.2,""score"":0},{""index"":6,""testcaseId"":""6a9a9a99bf41025d6013eb9e"",""status"":""Skipped"",""statusKey"":""fail"",""errorPercent"":100,""timeUs"":0,""bestTimeUs"":10.86,""score"":0},{""index"":7,""testcaseId"":""6a9a9a99bf41025d6013eba2"",""status"":""Skipped"",""statusKey"":""fail"",""errorPercent"":100,""timeUs"":0,""bestTimeUs"":13.99,""score"":0},{""index"":8,""testcaseId"":""6a9a9a99bf41025d6013eba6"",""status"":""Skipped"",""statusKey"":""fail"",""errorPercent"":100,""timeUs"":0,""bestTimeUs"":30.16,""score"":0},{""index"":9,""testcaseId"":""6a9a9a99bf41025d6013ebaa"",""status"":""Skipped"",""statusKey"":""fail"",""errorPercent"":100,""timeUs"":0,""bestTimeUs"":68.2,""score"":0},{""index"":10,""testcaseId"":""6a9a9a99bf41025d6013ebae"",""status"":""Skipped"",""statusKey"":""fail"",""errorPercent"":100,""timeUs"":0,""bestTimeUs"":47.16,""score"":0},{""index"":11,""testcaseId"":""6a9a9a99bf41025d6013ebb2"",""status"":""Skipped"",""statusKey"":""fail"",""errorPercent"":100,""timeUs"":0,""bestTimeUs"":131.38,""score"":0},{""index"":12,""testcaseId"":""6a9a9a99bf41025d6013ebb6"",""status"":""Skipped"",""statusKey"":""fail"",""errorPercent"":100,""timeUs"":0,""bestTimeUs"":76.43,""score"":0},{""index"":13,""testcaseId"":""6a9a9a99bf41025d6013ebba"",""status"":""Skipped"",""statusKey"":""fail"",""errorPercent"":100,""timeUs"":0,""bestTimeUs"":393.51,""score"":0},{""index"":14,""testcaseId"":""6a9a9a99bf41025d6013ebbe"",""status"":""Skipped"",""statusKey"":""fail"",""errorPercent"":100,""timeUs"":0,""bestTimeUs"":3750.12,""score"":0},{""index"":15,""testcaseId"":""6a9a9a99bf41025d6013ebc2"",""status"":""Skipped"",""statusKey"":""fail"",""errorPercent"":100,""timeUs"":0,""bestTimeUs"":8321.94,""score"":0}]"
UNKNOWN	线上结果/MID-X/V003/result.json	UNKNOWN	6ab2c4160304f72a56a1f183	Runtime Error	fail	1	15	UNKNOWN	UNKNOWN	100	/Users/sunyiyang/Desktop/Project/cann/phase4/workspaces/MID-X/V003/kernel.asc	12146b7aeaaee336f1b43513775790d6f2573d33835f14f9a3fcbcc0e5b7c17d	UNKNOWN	UNKNOWN	723	30833	"[{""index"":1,""testcaseId"":""6a9a9a99bf41025d6013eb8a"",""status"":""Wrong Answer"",""statusKey"":""fail"",""errorPercent"":100,""timeUs"":4.27,""bestTimeUs"":1.7,""score"":30.568},{""index"":2,""testcaseId"":""6a9a9a99bf41025d6013eb8e"",""status"":""Wrong Answer"",""statusKey"":""fail"",""errorPercent"":81.653,""timeUs"":4,""bestTimeUs"":2.16,""score"":39.687},{""index"":3,""testcaseId"":""6a9a9a99bf41025d6013eb92"",""status"":""Wrong Answer"",""statusKey"":""fail"",""errorPercent"":78.253,""timeUs"":5.82,""bestTimeUs"":2.47,""score"":32.115},{""index"":4,""testcaseId"":""6a9a9a99bf41025d6013eb96"",""status"":""Wrong Answer"",""statusKey"":""fail"",""errorPercent"":5.322,""timeUs"":13.24,""bestTimeUs"":6.66,""score"":37.111},{""index"":5,""testcaseId"":""6a9a9a99bf41025d6013eb9a"",""status"":""Pass"",""statusKey"":""pass"",""errorPercent"":0,""timeUs"":278.47,""bestTimeUs"":5.2,""score"":9.244},{""index"":6,""testcaseId"":""6a9a9a99bf41025d6013eb9e"",""status"":""Wrong Answer"",""statusKey"":""fail"",""errorPercent"":9.449,""timeUs"":21.4,""bestTimeUs"":10.86,""score"":37.412},{""index"":7,""testcaseId"":""6a9a9a99bf41025d6013eba2"",""status"":""Wrong Answer"",""statusKey"":""fail"",""errorPercent"":4.938,""timeUs"":34.9,""bestTimeUs"":13.99,""score"":30.726},{""index"":8,""testcaseId"":""6a9a9a99bf41025d6013eba6"",""status"":""Wrong Answer"",""statusKey"":""fail"",""errorPercent"":4.247,""timeUs"":76.5,""bestTimeUs"":30.16,""score"":30.344},{""index"":9,""testcaseId"":""6a9a9a99bf41025d6013ebaa"",""status"":""Wrong Answer"",""statusKey"":""fail"",""errorPercent"":72.852,""timeUs"":72.39,""bestTimeUs"":68.2,""score"":87.18},{""index"":10,""testcaseId"":""6a9a9a99bf41025d6013ebae"",""status"":""Wrong Answer"",""statusKey"":""fail"",""errorPercent"":4.189,""timeUs"":69.34,""bestTimeUs"":47.16,""score"":51.113},{""index"":11,""testcaseId"":""6a9a9a99bf41025d6013ebb2"",""status"":""Wrong Answer"",""statusKey"":""fail"",""errorPercent"":77.814,""timeUs"":164.74,""bestTimeUs"":131.38,""score"":64.182},{""index"":12,""testcaseId"":""6a9a9a99bf41025d6013ebb6"",""status"":""Wrong Answer"",""statusKey"":""fail"",""errorPercent"":13.383,""timeUs"":100.62,""bestTimeUs"":76.43,""score"":59.589},{""index"":13,""testcaseId"":""6a9a9a99bf41025d6013ebba"",""status"":""Wrong Answer"",""statusKey"":""fail"",""errorPercent"":76.714,""timeUs"":565.94,""bestTimeUs"":393.51,""score"":52.737},{""index"":14,""testcaseId"":""6a9a9a99bf41025d6013ebbe"",""status"":""Wrong Answer"",""statusKey"":""fail"",""errorPercent"":99.89,""timeUs"":175744.99,""bestTimeUs"":3750.12,""score"":9.534},{""index"":15,""testcaseId"":""6a9a9a99bf41025d6013ebc2"",""status"":""Runtime Error"",""statusKey"":""fail"",""errorPercent"":100,""timeUs"":0,""bestTimeUs"":8321.94,""score"":0}]"
UNKNOWN	线上结果/MIX-A/V001/result.json	UNKNOWN	6ab2b6790304f72a569cd79f	Wrong Answer	fail	14	15	UNKNOWN	44.35	55.014	/Users/sunyiyang/Desktop/Project/cann/phase4/workspaces/MIX-A/MIX-A-V001-submission.asc	74feede81c1dda89f5228e0a52fcb55702527dea74022e725e10407096dbdac2	UNKNOWN	UNKNOWN	3197	169888	"[{""index"":1,""testcaseId"":""6a9a9a99bf41025d6013eb8a"",""status"":""Pass"",""statusKey"":""pass"",""errorPercent"":0,""timeUs"":5.18,""bestTimeUs"":1.7,""score"":26.682},{""index"":2,""testcaseId"":""6a9a9a99bf41025d6013eb8e"",""status"":""Pass"",""statusKey"":""pass"",""errorPercent"":0,""timeUs"":3.4,""bestTimeUs"":2.16,""score"":47.195},{""index"":3,""testcaseId"":""6a9a9a99bf41025d6013eb92"",""status"":""Pass"",""statusKey"":""pass"",""errorPercent"":0,""timeUs"":5.48,""bestTimeUs"":2.47,""score"":33.723},{""index"":4,""testcaseId"":""6a9a9a99bf41025d6013eb96"",""status"":""Wrong Answer"",""statusKey"":""fail"",""errorPercent"":55.014,""timeUs"":16.4,""bestTimeUs"":6.66,""score"":31.031},{""index"":5,""testcaseId"":""6a9a9a99bf41025d6013eb9a"",""status"":""Pass"",""statusKey"":""pass"",""errorPercent"":0,""timeUs"":10.88,""bestTimeUs"":5.2,""score"":35.451},{""index"":6,""testcaseId"":""6a9a9a99bf41025d6013eb9e"",""status"":""Pass"",""statusKey"":""pass"",""errorPercent"":0,""timeUs"":28.69,""bestTimeUs"":10.86,""score"":29.447},{""index"":7,""testcaseId"":""6a9a9a99bf41025d6013eba2"",""status"":""Pass"",""statusKey"":""pass"",""errorPercent"":0,""timeUs"":51.79,""bestTimeUs"":13.99,""score"":23.652},{""index"":8,""testcaseId"":""6a9a9a99bf41025d6013eba6"",""status"":""Pass"",""statusKey"":""pass"",""errorPercent"":0,""timeUs"":69.94,""bestTimeUs"":30.16,""score"":32.526},{""index"":9,""testcaseId"":""6a9a9a99bf41025d6013ebaa"",""status"":""Pass"",""statusKey"":""pass"",""errorPercent"":0,""timeUs"":73.11,""bestTimeUs"":68.2,""score"":85.364},{""index"":10,""testcaseId"":""6a9a9a99bf41025d6013ebae"",""status"":""Pass"",""statusKey"":""pass"",""errorPercent"":0,""timeUs"":74.69,""bestTimeUs"":47.16,""score"":46.734},{""index"":11,""testcaseId"":""6a9a9a99bf41025d6013ebb2"",""status"":""Pass"",""statusKey"":""pass"",""errorPercent"":0,""timeUs"":163.73,""bestTimeUs"":131.38,""score"":64.813},{""index"":12,""testcaseId"":""6a9a9a99bf41025d6013ebb6"",""status"":""Pass"",""statusKey"":""pass"",""errorPercent"":0,""timeUs"":98.39,""bestTimeUs"":76.43,""score"":61.618},{""index"":13,""testcaseId"":""6a9a9a99bf41025d6013ebba"",""status"":""Pass"",""statusKey"":""pass"",""errorPercent"":0,""timeUs"":568.64,""bestTimeUs"":393.51,""score"":52.412},{""index"":14,""testcaseId"":""6a9a9a99bf41025d6013ebbe"",""status"":""Pass"",""statusKey"":""pass"",""errorPercent"":0,""timeUs"":16484.74,""bestTimeUs"":3750.12,""score"":21.497},{""index"":15,""testcaseId"":""6a9a9a99bf41025d6013ebc2"",""status"":""Pass"",""statusKey"":""pass"",""errorPercent"":0,""timeUs"":9660.14,""bestTimeUs"":8321.94,""score"":73.112}]"
UNKNOWN	线上结果/MIX-A/V002/result.json	UNKNOWN	6ab2bbc00304f72a569ede8d	Wrong Answer	fail	14	15	UNKNOWN	44.464	53.775	/Users/sunyiyang/Desktop/Project/cann/phase4/workspaces/MIX-A/MIX-A-V002-submission.asc	2ba68ce79a6096cd89fba5a3fb35c85c9cd9b3a47664f9b491bc798d78a9e6cc	UNKNOWN	UNKNOWN	3205	170369	"[{""index"":1,""testcaseId"":""6a9a9a99bf41025d6013eb8a"",""status"":""Pass"",""statusKey"":""pass"",""errorPercent"":0,""timeUs"":4.94,""bestTimeUs"":1.7,""score"":27.541},{""index"":2,""testcaseId"":""6a9a9a99bf41025d6013eb8e"",""status"":""Pass"",""statusKey"":""pass"",""errorPercent"":0,""timeUs"":3.28,""bestTimeUs"":2.16,""score"":49.255},{""index"":3,""testcaseId"":""6a9a9a99bf41025d6013eb92"",""status"":""Pass"",""statusKey"":""pass"",""errorPercent"":0,""timeUs"":5.45,""bestTimeUs"":2.47,""score"":33.877},{""index"":4,""testcaseId"":""6a9a9a99bf41025d6013eb96"",""status"":""Wrong Answer"",""statusKey"":""fail"",""errorPercent"":53.775,""timeUs"":17.04,""bestTimeUs"":6.66,""score"":30.148},{""index"":5,""testcaseId"":""6a9a9a99bf41025d6013eb9a"",""status"":""Pass"",""statusKey"":""pass"",""errorPercent"":0,""timeUs"":11.02,""bestTimeUs"":5.2,""score"":35.059},{""index"":6,""testcaseId"":""6a9a9a99bf41025d6013eb9e"",""status"":""Pass"",""statusKey"":""pass"",""errorPercent"":0,""timeUs"":28.69,""bestTimeUs"":10.86,""score"":29.447},{""index"":7,""testcaseId"":""6a9a9a99bf41025d6013eba2"",""status"":""Pass"",""statusKey"":""pass"",""errorPercent"":0,""timeUs"":52.04,""bestTimeUs"":13.99,""score"":23.585},{""index"":8,""testcaseId"":""6a9a9a99bf41025d6013eba6"",""status"":""Pass"",""statusKey"":""pass"",""errorPercent"":0,""timeUs"":70.23,""bestTimeUs"":30.16,""score"":32.418},{""index"":9,""testcaseId"":""6a9a9a99bf41025d6013ebaa"",""status"":""Pass"",""statusKey"":""pass"",""errorPercent"":0,""timeUs"":72.35,""bestTimeUs"":68.2,""score"":87.284},{""index"":10,""testcaseId"":""6a9a9a99bf41025d6013ebae"",""status"":""Pass"",""statusKey"":""pass"",""errorPercent"":0,""timeUs"":74.86,""bestTimeUs"":47.16,""score"":46.612},{""index"":11,""testcaseId"":""6a9a9a99bf41025d6013ebb2"",""status"":""Pass"",""statusKey"":""pass"",""errorPercent"":0,""timeUs"":165.19,""bestTimeUs"":131.38,""score"":63.906},{""index"":12,""testcaseId"":""6a9a9a99bf41025d6013ebb6"",""status"":""Pass"",""statusKey"":""pass"",""errorPercent"":0,""timeUs"":99.35,""bestTimeUs"":76.43,""score"":60.722},{""index"":13,""testcaseId"":""6a9a9a99bf41025d6013ebba"",""status"":""Pass"",""statusKey"":""pass"",""errorPercent"":0,""timeUs"":564.79,""bestTimeUs"":393.51,""score"":52.877},{""index"":14,""testcaseId"":""6a9a9a99bf41025d6013ebbe"",""status"":""Pass"",""statusKey"":""pass"",""errorPercent"":0,""timeUs"":16660.82,""bestTimeUs"":3750.12,""score"":21.377},{""index"":15,""testcaseId"":""6a9a9a99bf41025d6013ebc2"",""status"":""Pass"",""statusKey"":""pass"",""errorPercent"":0,""timeUs"":9679.68,""bestTimeUs"":8321.94,""score"":72.847}]"
9	线上结果/MIX-A/V003/result.json	线上结果/MIX-A/V003/source-meta.json	6ab2bebe0304f72a569ffda5	Pass	pass	15	15	44.69	44.692	0	/Users/sunyiyang/Desktop/Project/cann/phase4/workspaces/MIX-A/MIX-A-V003-submission.asc	1a1857a945ce1f04e3877437882b21a3d5071dddcd697103d7b539a0feb5c706	a20d691d1b6ec66a7d1f565fdae7920aeb9ec11c	UNKNOWN	3210	170609	"[{""index"":1,""testcaseId"":""6a9a9a99bf41025d6013eb8a"",""status"":""Pass"",""statusKey"":""pass"",""errorPercent"":0,""timeUs"":5.34,""bestTimeUs"":1.7,""score"":26.158},{""index"":2,""testcaseId"":""6a9a9a99bf41025d6013eb8e"",""status"":""Pass"",""statusKey"":""pass"",""errorPercent"":0,""timeUs"":3.6,""bestTimeUs"":2.16,""score"":44.251},{""index"":3,""testcaseId"":""6a9a9a99bf41025d6013eb92"",""status"":""Pass"",""statusKey"":""pass"",""errorPercent"":0,""timeUs"":5.04,""bestTimeUs"":2.47,""score"":36.246},{""index"":4,""testcaseId"":""6a9a9a99bf41025d6013eb96"",""status"":""Pass"",""statusKey"":""pass"",""errorPercent"":0,""timeUs"":16.41,""bestTimeUs"":6.66,""score"":31.017},{""index"":5,""testcaseId"":""6a9a9a99bf41025d6013eb9a"",""status"":""Pass"",""statusKey"":""pass"",""errorPercent"":0,""timeUs"":11.15,""bestTimeUs"":5.2,""score"":34.707},{""index"":6,""testcaseId"":""6a9a9a99bf41025d6013eb9e"",""status"":""Pass"",""statusKey"":""pass"",""errorPercent"":0,""timeUs"":28.48,""bestTimeUs"":10.86,""score"":29.605},{""index"":7,""testcaseId"":""6a9a9a99bf41025d6013eba2"",""status"":""Pass"",""statusKey"":""pass"",""errorPercent"":0,""timeUs"":51.54,""bestTimeUs"":13.99,""score"":23.719},{""index"":8,""testcaseId"":""6a9a9a99bf41025d6013eba6"",""status"":""Pass"",""statusKey"":""pass"",""errorPercent"":0,""timeUs"":69.56,""bestTimeUs"":30.16,""score"":32.669},{""index"":9,""testcaseId"":""6a9a9a99bf41025d6013ebaa"",""status"":""Pass"",""statusKey"":""pass"",""errorPercent"":0,""timeUs"":71.4,""bestTimeUs"":68.2,""score"":89.84},{""index"":10,""testcaseId"":""6a9a9a99bf41025d6013ebae"",""status"":""Pass"",""statusKey"":""pass"",""errorPercent"":0,""timeUs"":74.36,""bestTimeUs"":47.05,""score"":46.974},{""index"":11,""testcaseId"":""6a9a9a99bf41025d6013ebb2"",""status"":""Pass"",""statusKey"":""pass"",""errorPercent"":0,""timeUs"":161.49,""bestTimeUs"":131.38,""score"":66.273},{""index"":12,""testcaseId"":""6a9a9a99bf41025d6013ebb6"",""status"":""Pass"",""statusKey"":""pass"",""errorPercent"":0,""timeUs"":98.59,""bestTimeUs"":76.43,""score"":61.429},{""index"":13,""testcaseId"":""6a9a9a99bf41025d6013ebba"",""status"":""Pass"",""statusKey"":""pass"",""errorPercent"":0,""timeUs"":565.98,""bestTimeUs"":393.51,""score"":52.732},{""index"":14,""testcaseId"":""6a9a9a99bf41025d6013ebbe"",""status"":""Pass"",""statusKey"":""pass"",""errorPercent"":0,""timeUs"":16625.94,""bestTimeUs"":3750.12,""score"":21.401},{""index"":15,""testcaseId"":""6a9a9a99bf41025d6013ebc2"",""status"":""Pass"",""statusKey"":""pass"",""errorPercent"":0,""timeUs"":9642.14,""bestTimeUs"":8321.94,""score"":73.359}]"
29	线上结果/MIX-A/V004/result.json	UNKNOWN	6ab2c3580304f72a56a19f58	Pass	pass	15	15	43.73	43.731	0	/Users/sunyiyang/Desktop/Project/cann/phase4/workspaces/MIX-A/MIX-A-V004-submission.asc	581c19d162d8d1ce648238d5ee5b1ce18c28e92da7bfd148f2a46d027d7d71e1	UNKNOWN	UNKNOWN	3232	171824	"[{""index"":1,""testcaseId"":""6a9a9a99bf41025d6013eb8a"",""status"":""Pass"",""statusKey"":""pass"",""errorPercent"":0,""timeUs"":4.63,""bestTimeUs"":1.7,""score"":28.81},{""index"":2,""testcaseId"":""6a9a9a99bf41025d6013eb8e"",""status"":""Pass"",""statusKey"":""pass"",""errorPercent"":0,""timeUs"":3.46,""bestTimeUs"":2.16,""score"":46.253},{""index"":3,""testcaseId"":""6a9a9a99bf41025d6013eb92"",""status"":""Pass"",""statusKey"":""pass"",""errorPercent"":0,""timeUs"":7.1,""bestTimeUs"":2.47,""score"":27.746},{""index"":4,""testcaseId"":""6a9a9a99bf41025d6013eb96"",""status"":""Pass"",""statusKey"":""pass"",""errorPercent"":0,""timeUs"":18.25,""bestTimeUs"":6.66,""score"":28.685},{""index"":5,""testcaseId"":""6a9a9a99bf41025d6013eb9a"",""status"":""Pass"",""statusKey"":""pass"",""errorPercent"":0,""timeUs"":10.74,""bestTimeUs"":5.2,""score"":35.857},{""index"":6,""testcaseId"":""6a9a9a99bf41025d6013eb9e"",""status"":""Pass"",""statusKey"":""pass"",""errorPercent"":0,""timeUs"":29.81,""bestTimeUs"":10.86,""score"":28.65},{""index"":7,""testcaseId"":""6a9a9a99bf41025d6013eba2"",""status"":""Pass"",""statusKey"":""pass"",""errorPercent"":0,""timeUs"":52.41,""bestTimeUs"":13.99,""score"":23.489},{""index"":8,""testcaseId"":""6a9a9a99bf41025d6013eba6"",""status"":""Pass"",""statusKey"":""pass"",""errorPercent"":0,""timeUs"":70.11,""bestTimeUs"":30.16,""score"":32.463},{""index"":9,""testcaseId"":""6a9a9a99bf41025d6013ebaa"",""status"":""Pass"",""statusKey"":""pass"",""errorPercent"":0,""timeUs"":75.14,""bestTimeUs"":68.2,""score"":80.71},{""index"":10,""testcaseId"":""6a9a9a99bf41025d6013ebae"",""status"":""Pass"",""statusKey"":""pass"",""errorPercent"":0,""timeUs"":74.48,""bestTimeUs"":47.05,""score"":46.886},{""index"":11,""testcaseId"":""6a9a9a99bf41025d6013ebb2"",""status"":""Pass"",""statusKey"":""pass"",""errorPercent"":0,""timeUs"":160.34,""bestTimeUs"":131.38,""score"":67.056},{""index"":12,""testcaseId"":""6a9a9a99bf41025d6013ebb6"",""status"":""Pass"",""statusKey"":""pass"",""errorPercent"":0,""timeUs"":98.2,""bestTimeUs"":76.43,""score"":61.8},{""index"":13,""testcaseId"":""6a9a9a99bf41025d6013ebba"",""status"":""Pass"",""statusKey"":""pass"",""errorPercent"":0,""timeUs"":565.02,""bestTimeUs"":393.51,""score"":52.849},{""index"":14,""testcaseId"":""6a9a9a99bf41025d6013ebbe"",""status"":""Pass"",""statusKey"":""pass"",""errorPercent"":0,""timeUs"":16525.58,""bestTimeUs"":3750.12,""score"":21.469},{""index"":15,""testcaseId"":""6a9a9a99bf41025d6013ebc2"",""status"":""Pass"",""statusKey"":""pass"",""errorPercent"":0,""timeUs"":9650.09,""bestTimeUs"":8321.94,""score"":73.25}]"
19	线上结果/MIX-A/V005/result.json	UNKNOWN	6ab2c7260304f72a56a2f5d6	Pass	pass	15	15	44.07	44.067	0	/Users/sunyiyang/Desktop/Project/cann/phase4/workspaces/MIX-A/MIX-A-V005-submission.asc	4c2fd212ad9e7df91d6c488ef1753dd7031142715fee0955d7af465b33e5114f	UNKNOWN	UNKNOWN	3225	171440	"[{""index"":1,""testcaseId"":""6a9a9a99bf41025d6013eb8a"",""status"":""Pass"",""statusKey"":""pass"",""errorPercent"":0,""timeUs"":4.45,""bestTimeUs"":1.7,""score"":29.645},{""index"":2,""testcaseId"":""6a9a9a99bf41025d6013eb8e"",""status"":""Pass"",""statusKey"":""pass"",""errorPercent"":0,""timeUs"":3.59,""bestTimeUs"":2.16,""score"":44.385},{""index"":3,""testcaseId"":""6a9a9a99bf41025d6013eb92"",""status"":""Pass"",""statusKey"":""pass"",""errorPercent"":0,""timeUs"":5.97,""bestTimeUs"":2.47,""score"":31.48},{""index"":4,""testcaseId"":""6a9a9a99bf41025d6013eb96"",""status"":""Pass"",""statusKey"":""pass"",""errorPercent"":0,""timeUs"":16.65,""bestTimeUs"":6.66,""score"":30.676},{""index"":5,""testcaseId"":""6a9a9a99bf41025d6013eb9a"",""status"":""Pass"",""statusKey"":""pass"",""errorPercent"":0,""timeUs"":10.96,""bestTimeUs"":5.2,""score"":35.225},{""index"":6,""testcaseId"":""6a9a9a99bf41025d6013eb9e"",""status"":""Pass"",""statusKey"":""pass"",""errorPercent"":0,""timeUs"":28.8,""bestTimeUs"":10.86,""score"":29.365},{""index"":7,""testcaseId"":""6a9a9a99bf41025d6013eba2"",""status"":""Pass"",""statusKey"":""pass"",""errorPercent"":0,""timeUs"":52.24,""bestTimeUs"":13.99,""score"":23.533},{""index"":8,""testcaseId"":""6a9a9a99bf41025d6013eba6"",""status"":""Pass"",""statusKey"":""pass"",""errorPercent"":0,""timeUs"":70.77,""bestTimeUs"":30.16,""score"":32.221},{""index"":9,""testcaseId"":""6a9a9a99bf41025d6013ebaa"",""status"":""Pass"",""statusKey"":""pass"",""errorPercent"":0,""timeUs"":72.33,""bestTimeUs"":68.2,""score"":87.336},{""index"":10,""testcaseId"":""6a9a9a99bf41025d6013ebae"",""status"":""Pass"",""statusKey"":""pass"",""errorPercent"":0,""timeUs"":75.53,""bestTimeUs"":47.05,""score"":46.139},{""index"":11,""testcaseId"":""6a9a9a99bf41025d6013ebb2"",""status"":""Pass"",""statusKey"":""pass"",""errorPercent"":0,""timeUs"":167.84,""bestTimeUs"":131.38,""score"":62.343},{""index"":12,""testcaseId"":""6a9a9a99bf41025d6013ebb6"",""status"":""Pass"",""statusKey"":""pass"",""errorPercent"":0,""timeUs"":99.1,""bestTimeUs"":76.43,""score"":60.952},{""index"":13,""testcaseId"":""6a9a9a99bf41025d6013ebba"",""status"":""Pass"",""statusKey"":""pass"",""errorPercent"":0,""timeUs"":564.17,""bestTimeUs"":393.51,""score"":52.953},{""index"":14,""testcaseId"":""6a9a9a99bf41025d6013ebbe"",""status"":""Pass"",""statusKey"":""pass"",""errorPercent"":0,""timeUs"":16439.44,""bestTimeUs"":3750.12,""score"":21.529},{""index"":15,""testcaseId"":""6a9a9a99bf41025d6013ebc2"",""status"":""Pass"",""statusKey"":""pass"",""errorPercent"":0,""timeUs"":9652.35,""bestTimeUs"":8321.94,""score"":73.219}]"
UNKNOWN	线上结果/R31A/V001/result.json	UNKNOWN	6ab1e0de0304f72a5621670c	Compile Error	fail	0	15	UNKNOWN	UNKNOWN	100	/Users/sunyiyang/Desktop/Project/cann/phase4/workspaces/R31A/R31A-V001-submission.asc	30f812720078735effad094dd2e8f3fd08d8087d1f5c82ecff3c68011a2d03ff	UNKNOWN	UNKNOWN	2973	158245	"[{""index"":1,""testcaseId"":""6a9a9a99bf41025d6013eb8a"",""status"":""Compile Error"",""statusKey"":""fail"",""errorPercent"":100,""timeUs"":0,""bestTimeUs"":1.7,""score"":null},{""index"":2,""testcaseId"":""6a9a9a99bf41025d6013eb8e"",""status"":""Compile Error"",""statusKey"":""fail"",""errorPercent"":100,""timeUs"":0,""bestTimeUs"":2.16,""score"":null},{""index"":3,""testcaseId"":""6a9a9a99bf41025d6013eb92"",""status"":""Compile Error"",""statusKey"":""fail"",""errorPercent"":100,""timeUs"":0,""bestTimeUs"":2.47,""score"":null},{""index"":4,""testcaseId"":""6a9a9a99bf41025d6013eb96"",""status"":""Compile Error"",""statusKey"":""fail"",""errorPercent"":100,""timeUs"":0,""bestTimeUs"":6.66,""score"":null},{""index"":5,""testcaseId"":""6a9a9a99bf41025d6013eb9a"",""status"":""Compile Error"",""statusKey"":""fail"",""errorPercent"":100,""timeUs"":0,""bestTimeUs"":5.2,""score"":null},{""index"":6,""testcaseId"":""6a9a9a99bf41025d6013eb9e"",""status"":""Compile Error"",""statusKey"":""fail"",""errorPercent"":100,""timeUs"":0,""bestTimeUs"":10.86,""score"":null},{""index"":7,""testcaseId"":""6a9a9a99bf41025d6013eba2"",""status"":""Compile Error"",""statusKey"":""fail"",""errorPercent"":100,""timeUs"":0,""bestTimeUs"":14.05,""score"":null},{""index"":8,""testcaseId"":""6a9a9a99bf41025d6013eba6"",""status"":""Compile Error"",""statusKey"":""fail"",""errorPercent"":100,""timeUs"":0,""bestTimeUs"":30.16,""score"":null},{""index"":9,""testcaseId"":""6a9a9a99bf41025d6013ebaa"",""status"":""Compile Error"",""statusKey"":""fail"",""errorPercent"":100,""timeUs"":0,""bestTimeUs"":68.25,""score"":null},{""index"":10,""testcaseId"":""6a9a9a99bf41025d6013ebae"",""status"":""Compile Error"",""statusKey"":""fail"",""errorPercent"":100,""timeUs"":0,""bestTimeUs"":47.16,""score"":null},{""index"":11,""testcaseId"":""6a9a9a99bf41025d6013ebb2"",""status"":""Compile Error"",""statusKey"":""fail"",""errorPercent"":100,""timeUs"":0,""bestTimeUs"":131.65,""score"":null},{""index"":12,""testcaseId"":""6a9a9a99bf41025d6013ebb6"",""status"":""Compile Error"",""statusKey"":""fail"",""errorPercent"":100,""timeUs"":0,""bestTimeUs"":76.55,""score"":null},{""index"":13,""testcaseId"":""6a9a9a99bf41025d6013ebba"",""status"":""Compile Error"",""statusKey"":""fail"",""errorPercent"":100,""timeUs"":0,""bestTimeUs"":395.02,""score"":null},{""index"":14,""testcaseId"":""6a9a9a99bf41025d6013ebbe"",""status"":""Compile Error"",""statusKey"":""fail"",""errorPercent"":100,""timeUs"":0,""bestTimeUs"":3750.12,""score"":null},{""index"":15,""testcaseId"":""6a9a9a99bf41025d6013ebc2"",""status"":""Compile Error"",""statusKey"":""fail"",""errorPercent"":100,""timeUs"":0,""bestTimeUs"":8321.94,""score"":null}]"
25	线上结果/R31A/V002/result.json	UNKNOWN	6ab1f4010304f72a562b2493	Pass	pass	15	15	43.87	43.870588264262295	0	/Users/sunyiyang/Desktop/Project/cann/phase4/workspaces/R31A/R31A-V002-submission.asc	e22188efbb916803b34a427cb353a29fc83494a7b22dec249981ae1acd0155ba	UNKNOWN	UNKNOWN	2959	157966	"[{""index"":1,""testcaseId"":""6a9a9a99bf41025d6013eb8a"",""status"":""Pass"",""statusKey"":""pass"",""errorPercent"":0,""timeUs"":5.12,""bestTimeUs"":1.7,""score"":26.88776182975879},{""index"":2,""testcaseId"":""6a9a9a99bf41025d6013eb8e"",""status"":""Pass"",""statusKey"":""pass"",""errorPercent"":0,""timeUs"":3.72,""bestTimeUs"":2.16,""score"":42.721885523990046},{""index"":3,""testcaseId"":""6a9a9a99bf41025d6013eb92"",""status"":""Pass"",""statusKey"":""pass"",""errorPercent"":0,""timeUs"":5.8,""bestTimeUs"":2.47,""score"":32.20264778194222},{""index"":4,""testcaseId"":""6a9a9a99bf41025d6013eb96"",""status"":""Pass"",""statusKey"":""pass"",""errorPercent"":0,""timeUs"":19.56,""bestTimeUs"":6.66,""score"":27.34396272221718},{""index"":5,""testcaseId"":""6a9a9a99bf41025d6013eb9a"",""status"":""Pass"",""statusKey"":""pass"",""errorPercent"":0,""timeUs"":10.84,""bestTimeUs"":5.2,""score"":35.56557112154171},{""index"":6,""testcaseId"":""6a9a9a99bf41025d6013eb9e"",""status"":""Pass"",""statusKey"":""pass"",""errorPercent"":0,""timeUs"":32.28,""bestTimeUs"":10.86,""score"":27.124557327984384},{""index"":7,""testcaseId"":""6a9a9a99bf41025d6013eba2"",""status"":""Pass"",""statusKey"":""pass"",""errorPercent"":0,""timeUs"":61.02,""bestTimeUs"":14.05,""score"":21.63583263672465},{""index"":8,""testcaseId"":""6a9a9a99bf41025d6013eba6"",""status"":""Pass"",""statusKey"":""pass"",""errorPercent"":0,""timeUs"":69.96,""bestTimeUs"":30.16,""score"":32.51857754080509},{""index"":9,""testcaseId"":""6a9a9a99bf41025d6013ebaa"",""status"":""Pass"",""statusKey"":""pass"",""errorPercent"":0,""timeUs"":71.68,""bestTimeUs"":68.25,""score"":89.21135429578123},{""index"":10,""testcaseId"":""6a9a9a99bf41025d6013ebae"",""status"":""Pass"",""statusKey"":""pass"",""errorPercent"":0,""timeUs"":74.61,""bestTimeUs"":47.16,""score"":46.91831992245858},{""index"":11,""testcaseId"":""6a9a9a99bf41025d6013ebb2"",""status"":""Pass"",""statusKey"":""pass"",""errorPercent"":0,""timeUs"":161.99,""bestTimeUs"":131.65,""score"":66.16027375254293},{""index"":12,""testcaseId"":""6a9a9a99bf41025d6013ebb6"",""status"":""Pass"",""statusKey"":""pass"",""errorPercent"":0,""timeUs"":97.92,""bestTimeUs"":76.55,""score"":62.21921911324821},{""index"":13,""testcaseId"":""6a9a9a99bf41025d6013ebba"",""status"":""Pass"",""statusKey"":""pass"",""errorPercent"":0,""timeUs"":564.97,""bestTimeUs"":395.02,""score"":53.119925873549434},{""index"":14,""testcaseId"":""6a9a9a99bf41025d6013ebbe"",""status"":""Pass"",""statusKey"":""pass"",""errorPercent"":0,""timeUs"":16479.72,""bestTimeUs"":3750.12,""score"":21.500871272839966},{""index"":15,""testcaseId"":""6a9a9a99bf41025d6013ebc2"",""status"":""Pass"",""statusKey"":""pass"",""errorPercent"":0,""timeUs"":9673.69,""bestTimeUs"":8321.94,""score"":72.92806324855002}]"
34	线上结果/R31A/V003/result.json	UNKNOWN	6ab236600304f72a564f8f28	Pass	pass	15	15	43.16	43.16210733968535	0	/Users/sunyiyang/Desktop/Project/cann/phase4/workspaces/R31A/R31A-V003-submission.asc	02e07f285216ee9155610b1c10755fb2c3cb9b753bcd0cd1d0abdd2b18eaa2c1	UNKNOWN	UNKNOWN	2959	157976	"[{""index"":1,""testcaseId"":""6a9a9a99bf41025d6013eb8a"",""status"":""Pass"",""statusKey"":""pass"",""errorPercent"":0,""timeUs"":5.21,""bestTimeUs"":1.7,""score"":26.58061267474326},{""index"":2,""testcaseId"":""6a9a9a99bf41025d6013eb8e"",""status"":""Pass"",""statusKey"":""pass"",""errorPercent"":0,""timeUs"":3.65,""bestTimeUs"":2.16,""score"":43.59445862570769},{""index"":3,""testcaseId"":""6a9a9a99bf41025d6013eb92"",""status"":""Pass"",""statusKey"":""pass"",""errorPercent"":0,""timeUs"":5.6,""bestTimeUs"":2.47,""score"":33.12586746956448},{""index"":4,""testcaseId"":""6a9a9a99bf41025d6013eb96"",""status"":""Pass"",""statusKey"":""pass"",""errorPercent"":0,""timeUs"":19,""bestTimeUs"":6.66,""score"":27.890315205492225},{""index"":5,""testcaseId"":""6a9a9a99bf41025d6013eb9a"",""status"":""Pass"",""statusKey"":""pass"",""errorPercent"":0,""timeUs"":11.18,""bestTimeUs"":5.2,""score"":34.62752568559793},{""index"":6,""testcaseId"":""6a9a9a99bf41025d6013eb9e"",""status"":""Pass"",""statusKey"":""pass"",""errorPercent"":0,""timeUs"":32.28,""bestTimeUs"":10.86,""score"":27.124557327984384},{""index"":7,""testcaseId"":""6a9a9a99bf41025d6013eba2"",""status"":""Pass"",""statusKey"":""pass"",""errorPercent"":0,""timeUs"":60.95,""bestTimeUs"":14.05,""score"":21.649092372772706},{""index"":8,""testcaseId"":""6a9a9a99bf41025d6013eba6"",""status"":""Pass"",""statusKey"":""pass"",""errorPercent"":0,""timeUs"":69.78,""bestTimeUs"":30.16,""score"":32.5859046297065},{""index"":9,""testcaseId"":""6a9a9a99bf41025d6013ebaa"",""status"":""Pass"",""statusKey"":""pass"",""errorPercent"":0,""timeUs"":75.28,""bestTimeUs"":68.25,""score"":80.5289694492448},{""index"":10,""testcaseId"":""6a9a9a99bf41025d6013ebae"",""status"":""Pass"",""statusKey"":""pass"",""errorPercent"":0,""timeUs"":75.51,""bestTimeUs"":47.16,""score"":46.276244239948824},{""index"":11,""testcaseId"":""6a9a9a99bf41025d6013ebb2"",""status"":""Pass"",""statusKey"":""pass"",""errorPercent"":0,""timeUs"":164.3,""bestTimeUs"":131.38,""score"":64.45517549857944},{""index"":12,""testcaseId"":""6a9a9a99bf41025d6013ebb6"",""status"":""Pass"",""statusKey"":""pass"",""errorPercent"":0,""timeUs"":98.48,""bestTimeUs"":76.55,""score"":61.67947310386971},{""index"":13,""testcaseId"":""6a9a9a99bf41025d6013ebba"",""status"":""Pass"",""statusKey"":""pass"",""errorPercent"":0,""timeUs"":563.88,""bestTimeUs"":393.51,""score"":52.98811554437891},{""index"":14,""testcaseId"":""6a9a9a99bf41025d6013ebbe"",""status"":""Pass"",""statusKey"":""pass"",""errorPercent"":0,""timeUs"":16672.8,""bestTimeUs"":3750.12,""score"":21.368881581139398},{""index"":15,""testcaseId"":""6a9a9a99bf41025d6013ebc2"",""status"":""Pass"",""statusKey"":""pass"",""errorPercent"":0,""timeUs"":9671.6,""bestTimeUs"":8321.94,""score"":72.95641668655006}]"
32	线上结果/R31A/V005/result.json	UNKNOWN	6ab2897f0304f72a5683bdd9	Pass	pass	15	15	43.6	43.596	0	/Users/sunyiyang/Desktop/Project/cann/phase4/workspaces/R31A/R31A-V005-submission.asc	3c8c14417aed243a62e1aba56aa3cd0f17408f54a515fc9f7911b550e0044838	UNKNOWN	UNKNOWN	2960	157992	"[{""index"":1,""testcaseId"":""6a9a9a99bf41025d6013eb8a"",""status"":""Pass"",""statusKey"":""pass"",""errorPercent"":0,""timeUs"":4.88,""bestTimeUs"":1.7,""score"":27.772},{""index"":2,""testcaseId"":""6a9a9a99bf41025d6013eb8e"",""status"":""Pass"",""statusKey"":""pass"",""errorPercent"":0,""timeUs"":3.63,""bestTimeUs"":2.16,""score"":43.854},{""index"":3,""testcaseId"":""6a9a9a99bf41025d6013eb92"",""status"":""Pass"",""statusKey"":""pass"",""errorPercent"":0,""timeUs"":5.67,""bestTimeUs"":2.47,""score"":32.793},{""index"":4,""testcaseId"":""6a9a9a99bf41025d6013eb96"",""status"":""Pass"",""statusKey"":""pass"",""errorPercent"":0,""timeUs"":20.34,""bestTimeUs"":6.66,""score"":26.641},{""index"":5,""testcaseId"":""6a9a9a99bf41025d6013eb9a"",""status"":""Pass"",""statusKey"":""pass"",""errorPercent"":0,""timeUs"":11.14,""bestTimeUs"":5.2,""score"":34.734},{""index"":6,""testcaseId"":""6a9a9a99bf41025d6013eb9e"",""status"":""Pass"",""statusKey"":""pass"",""errorPercent"":0,""timeUs"":33.32,""bestTimeUs"":10.86,""score"":26.561},{""index"":7,""testcaseId"":""6a9a9a99bf41025d6013eba2"",""status"":""Pass"",""statusKey"":""pass"",""errorPercent"":0,""timeUs"":60.96,""bestTimeUs"":13.99,""score"":21.598},{""index"":8,""testcaseId"":""6a9a9a99bf41025d6013eba6"",""status"":""Pass"",""statusKey"":""pass"",""errorPercent"":0,""timeUs"":70.02,""bestTimeUs"":30.16,""score"":32.496},{""index"":9,""testcaseId"":""6a9a9a99bf41025d6013ebaa"",""status"":""Pass"",""statusKey"":""pass"",""errorPercent"":0,""timeUs"":72.39,""bestTimeUs"":68.2,""score"":87.18},{""index"":10,""testcaseId"":""6a9a9a99bf41025d6013ebae"",""status"":""Pass"",""statusKey"":""pass"",""errorPercent"":0,""timeUs"":75.7,""bestTimeUs"":47.16,""score"":46.144},{""index"":11,""testcaseId"":""6a9a9a99bf41025d6013ebb2"",""status"":""Pass"",""statusKey"":""pass"",""errorPercent"":0,""timeUs"":162.28,""bestTimeUs"":131.38,""score"":65.748},{""index"":12,""testcaseId"":""6a9a9a99bf41025d6013ebb6"",""status"":""Pass"",""statusKey"":""pass"",""errorPercent"":0,""timeUs"":98.64,""bestTimeUs"":76.43,""score"":61.381},{""index"":13,""testcaseId"":""6a9a9a99bf41025d6013ebba"",""status"":""Pass"",""statusKey"":""pass"",""errorPercent"":0,""timeUs"":566.02,""bestTimeUs"":393.51,""score"":52.727},{""index"":14,""testcaseId"":""6a9a9a99bf41025d6013ebbe"",""status"":""Pass"",""statusKey"":""pass"",""errorPercent"":0,""timeUs"":16651.43,""bestTimeUs"":3750.12,""score"":21.383},{""index"":15,""testcaseId"":""6a9a9a99bf41025d6013ebc2"",""status"":""Pass"",""statusKey"":""pass"",""errorPercent"":0,""timeUs"":9673.92,""bestTimeUs"":8321.94,""score"":72.925}]"
28	线上结果/R31A/V006/result.json	UNKNOWN	6ab28c0b0304f72a56854868	Pass	pass	15	15	43.77	43.766	0	/Users/sunyiyang/Desktop/Project/cann/phase4/workspaces/R31A/R31A-V006-submission.asc	b2f095e7db471d12c1aee96ed5e069615f9240b3a1f0b0f819372f7c59752201	UNKNOWN	UNKNOWN	2965	158747	"[{""index"":1,""testcaseId"":""6a9a9a99bf41025d6013eb8a"",""status"":""Pass"",""statusKey"":""pass"",""errorPercent"":0,""timeUs"":5.03,""bestTimeUs"":1.7,""score"":27.208},{""index"":2,""testcaseId"":""6a9a9a99bf41025d6013eb8e"",""status"":""Pass"",""statusKey"":""pass"",""errorPercent"":0,""timeUs"":3.73,""bestTimeUs"":2.16,""score"":42.601},{""index"":3,""testcaseId"":""6a9a9a99bf41025d6013eb92"",""status"":""Pass"",""statusKey"":""pass"",""errorPercent"":0,""timeUs"":5.56,""bestTimeUs"":2.47,""score"":33.321},{""index"":4,""testcaseId"":""6a9a9a99bf41025d6013eb96"",""status"":""Pass"",""statusKey"":""pass"",""errorPercent"":0,""timeUs"":19.58,""bestTimeUs"":6.66,""score"":27.325},{""index"":5,""testcaseId"":""6a9a9a99bf41025d6013eb9a"",""status"":""Pass"",""statusKey"":""pass"",""errorPercent"":0,""timeUs"":10.96,""bestTimeUs"":5.2,""score"":35.225},{""index"":6,""testcaseId"":""6a9a9a99bf41025d6013eb9e"",""status"":""Pass"",""statusKey"":""pass"",""errorPercent"":0,""timeUs"":32.51,""bestTimeUs"":10.86,""score"":26.996},{""index"":7,""testcaseId"":""6a9a9a99bf41025d6013eba2"",""status"":""Pass"",""statusKey"":""pass"",""errorPercent"":0,""timeUs"":61.18,""bestTimeUs"":13.99,""score"":21.556},{""index"":8,""testcaseId"":""6a9a9a99bf41025d6013eba6"",""status"":""Pass"",""statusKey"":""pass"",""errorPercent"":0,""timeUs"":70.1,""bestTimeUs"":30.16,""score"":32.467},{""index"":9,""testcaseId"":""6a9a9a99bf41025d6013ebaa"",""status"":""Pass"",""statusKey"":""pass"",""errorPercent"":0,""timeUs"":72.36,""bestTimeUs"":68.2,""score"":87.258},{""index"":10,""testcaseId"":""6a9a9a99bf41025d6013ebae"",""status"":""Pass"",""statusKey"":""pass"",""errorPercent"":0,""timeUs"":74.9,""bestTimeUs"":47.16,""score"":46.709},{""index"":11,""testcaseId"":""6a9a9a99bf41025d6013ebb2"",""status"":""Pass"",""statusKey"":""pass"",""errorPercent"":0,""timeUs"":161.88,""bestTimeUs"":131.38,""score"":66.012},{""index"":12,""testcaseId"":""6a9a9a99bf41025d6013ebb6"",""status"":""Pass"",""statusKey"":""pass"",""errorPercent"":0,""timeUs"":97.8,""bestTimeUs"":76.43,""score"":62.187},{""index"":13,""testcaseId"":""6a9a9a99bf41025d6013ebba"",""status"":""Pass"",""statusKey"":""pass"",""errorPercent"":0,""timeUs"":564.1,""bestTimeUs"":393.51,""score"":52.961},{""index"":14,""testcaseId"":""6a9a9a99bf41025d6013ebbe"",""status"":""Pass"",""statusKey"":""pass"",""errorPercent"":0,""timeUs"":16438.44,""bestTimeUs"":3750.12,""score"":21.53},{""index"":15,""testcaseId"":""6a9a9a99bf41025d6013ebc2"",""status"":""Pass"",""statusKey"":""pass"",""errorPercent"":0,""timeUs"":9658.8,""bestTimeUs"":8321.94,""score"":73.131}]"
31	线上结果/R31A/V007/result.json	UNKNOWN	6ab28f230304f72a56870e94	Pass	pass	15	15	43.65	43.65	0	/Users/sunyiyang/Desktop/Project/cann/phase4/workspaces/R31A/R31A-V007-submission.asc	989524a3c38f2e828ffcebe0ffa236cdbd79feefab9fd7a98ae0e14628fe45d2	UNKNOWN	UNKNOWN	3158	169215	"[{""index"":1,""testcaseId"":""6a9a9a99bf41025d6013eb8a"",""status"":""Pass"",""statusKey"":""pass"",""errorPercent"":0,""timeUs"":4.79,""bestTimeUs"":1.7,""score"":28.131},{""index"":2,""testcaseId"":""6a9a9a99bf41025d6013eb8e"",""status"":""Pass"",""statusKey"":""pass"",""errorPercent"":0,""timeUs"":3.58,""bestTimeUs"":2.16,""score"":44.521},{""index"":3,""testcaseId"":""6a9a9a99bf41025d6013eb92"",""status"":""Pass"",""statusKey"":""pass"",""errorPercent"":0,""timeUs"":5.68,""bestTimeUs"":2.47,""score"":32.746},{""index"":4,""testcaseId"":""6a9a9a99bf41025d6013eb96"",""status"":""Pass"",""statusKey"":""pass"",""errorPercent"":0,""timeUs"":20.18,""bestTimeUs"":6.66,""score"":26.78},{""index"":5,""testcaseId"":""6a9a9a99bf41025d6013eb9a"",""status"":""Pass"",""statusKey"":""pass"",""errorPercent"":0,""timeUs"":11.1,""bestTimeUs"":5.2,""score"":34.841},{""index"":6,""testcaseId"":""6a9a9a99bf41025d6013eb9e"",""status"":""Pass"",""statusKey"":""pass"",""errorPercent"":0,""timeUs"":33.48,""bestTimeUs"":10.86,""score"":26.478},{""index"":7,""testcaseId"":""6a9a9a99bf41025d6013eba2"",""status"":""Pass"",""statusKey"":""pass"",""errorPercent"":0,""timeUs"":60.79,""bestTimeUs"":13.99,""score"":21.63},{""index"":8,""testcaseId"":""6a9a9a99bf41025d6013eba6"",""status"":""Pass"",""statusKey"":""pass"",""errorPercent"":0,""timeUs"":70.18,""bestTimeUs"":30.16,""score"":32.437},{""index"":9,""testcaseId"":""6a9a9a99bf41025d6013ebaa"",""status"":""Pass"",""statusKey"":""pass"",""errorPercent"":0,""timeUs"":72.1,""bestTimeUs"":68.2,""score"":87.939},{""index"":10,""testcaseId"":""6a9a9a99bf41025d6013ebae"",""status"":""Pass"",""statusKey"":""pass"",""errorPercent"":0,""timeUs"":75.24,""bestTimeUs"":47.16,""score"":46.466},{""index"":11,""testcaseId"":""6a9a9a99bf41025d6013ebb2"",""status"":""Pass"",""statusKey"":""pass"",""errorPercent"":0,""timeUs"":163.33,""bestTimeUs"":131.38,""score"":65.068},{""index"":12,""testcaseId"":""6a9a9a99bf41025d6013ebb6"",""status"":""Pass"",""statusKey"":""pass"",""errorPercent"":0,""timeUs"":99.54,""bestTimeUs"":76.43,""score"":60.549},{""index"":13,""testcaseId"":""6a9a9a99bf41025d6013ebba"",""status"":""Pass"",""statusKey"":""pass"",""errorPercent"":0,""timeUs"":566.38,""bestTimeUs"":393.51,""score"":52.684},{""index"":14,""testcaseId"":""6a9a9a99bf41025d6013ebbe"",""status"":""Pass"",""statusKey"":""pass"",""errorPercent"":0,""timeUs"":16617.58,""bestTimeUs"":3750.12,""score"":21.406},{""index"":15,""testcaseId"":""6a9a9a99bf41025d6013ebc2"",""status"":""Pass"",""statusKey"":""pass"",""errorPercent"":0,""timeUs"":9663.25,""bestTimeUs"":8321.94,""score"":73.07}]"
36	线上结果/R31A/V008/result.json	UNKNOWN	6ab291bf0304f72a5688bbb4	Pass	pass	15	15	42.79	42.792	0	/Users/sunyiyang/Desktop/Project/cann/phase4/workspaces/R31A/R31A-V008-submission.asc	98e14358458eeece0f8dc91b352878dcc5d18df9eb3ca6f1528acc2da369cfa3	UNKNOWN	UNKNOWN	3072	164145	"[{""index"":1,""testcaseId"":""6a9a9a99bf41025d6013eb8a"",""status"":""Pass"",""statusKey"":""pass"",""errorPercent"":0,""timeUs"":4.7,""bestTimeUs"":1.7,""score"":28.506},{""index"":2,""testcaseId"":""6a9a9a99bf41025d6013eb8e"",""status"":""Pass"",""statusKey"":""pass"",""errorPercent"":0,""timeUs"":3.38,""bestTimeUs"":2.16,""score"":47.521},{""index"":3,""testcaseId"":""6a9a9a99bf41025d6013eb92"",""status"":""Pass"",""statusKey"":""pass"",""errorPercent"":0,""timeUs"":5.52,""bestTimeUs"":2.47,""score"":33.52},{""index"":4,""testcaseId"":""6a9a9a99bf41025d6013eb96"",""status"":""Pass"",""statusKey"":""pass"",""errorPercent"":0,""timeUs"":21.25,""bestTimeUs"":6.66,""score"":25.897},{""index"":5,""testcaseId"":""6a9a9a99bf41025d6013eb9a"",""status"":""Pass"",""statusKey"":""pass"",""errorPercent"":0,""timeUs"":11.23,""bestTimeUs"":5.2,""score"":34.496},{""index"":6,""testcaseId"":""6a9a9a99bf41025d6013eb9e"",""status"":""Pass"",""statusKey"":""pass"",""errorPercent"":0,""timeUs"":38.48,""bestTimeUs"":10.86,""score"":24.272},{""index"":7,""testcaseId"":""6a9a9a99bf41025d6013eba2"",""status"":""Pass"",""statusKey"":""pass"",""errorPercent"":0,""timeUs"":73.06,""bestTimeUs"":13.99,""score"":19.698},{""index"":8,""testcaseId"":""6a9a9a99bf41025d6013eba6"",""status"":""Pass"",""statusKey"":""pass"",""errorPercent"":0,""timeUs"":70.08,""bestTimeUs"":30.16,""score"":32.474},{""index"":9,""testcaseId"":""6a9a9a99bf41025d6013ebaa"",""status"":""Pass"",""statusKey"":""pass"",""errorPercent"":0,""timeUs"":72.94,""bestTimeUs"":68.2,""score"":85.784},{""index"":10,""testcaseId"":""6a9a9a99bf41025d6013ebae"",""status"":""Pass"",""statusKey"":""pass"",""errorPercent"":0,""timeUs"":75.09,""bestTimeUs"":47.16,""score"":46.573},{""index"":11,""testcaseId"":""6a9a9a99bf41025d6013ebb2"",""status"":""Pass"",""statusKey"":""pass"",""errorPercent"":0,""timeUs"":175.04,""bestTimeUs"":131.38,""score"":58.561},{""index"":12,""testcaseId"":""6a9a9a99bf41025d6013ebb6"",""status"":""Pass"",""statusKey"":""pass"",""errorPercent"":0,""timeUs"":99.17,""bestTimeUs"":76.43,""score"":60.887},{""index"":13,""testcaseId"":""6a9a9a99bf41025d6013ebba"",""status"":""Pass"",""statusKey"":""pass"",""errorPercent"":0,""timeUs"":596.02,""bestTimeUs"":393.51,""score"":49.409},{""index"":14,""testcaseId"":""6a9a9a99bf41025d6013ebbe"",""status"":""Pass"",""statusKey"":""pass"",""errorPercent"":0,""timeUs"":16578.57,""bestTimeUs"":3750.12,""score"":21.433},{""index"":15,""testcaseId"":""6a9a9a99bf41025d6013ebc2"",""status"":""Pass"",""statusKey"":""pass"",""errorPercent"":0,""timeUs"":9679.4,""bestTimeUs"":8321.94,""score"":72.851}]"
35	线上结果/R31A/V009/result.json	UNKNOWN	6ab294d60304f72a568aca68	Pass	pass	15	15	42.97	42.97	0	/Users/sunyiyang/Desktop/Project/cann/phase4/workspaces/R31A/R31A-V009-submission.asc	5b05ebd347e0dc19e5f187e5c19c9929f96d0786309ee22afddcc789bb38d280	UNKNOWN	UNKNOWN	3053	162718	"[{""index"":1,""testcaseId"":""6a9a9a99bf41025d6013eb8a"",""status"":""Pass"",""statusKey"":""pass"",""errorPercent"":0,""timeUs"":4.02,""bestTimeUs"":1.7,""score"":32.024},{""index"":2,""testcaseId"":""6a9a9a99bf41025d6013eb8e"",""status"":""Pass"",""statusKey"":""pass"",""errorPercent"":0,""timeUs"":3.96,""bestTimeUs"":2.16,""score"":40.082},{""index"":3,""testcaseId"":""6a9a9a99bf41025d6013eb92"",""status"":""Pass"",""statusKey"":""pass"",""errorPercent"":0,""timeUs"":5.94,""bestTimeUs"":2.47,""score"":31.604},{""index"":4,""testcaseId"":""6a9a9a99bf41025d6013eb96"",""status"":""Pass"",""statusKey"":""pass"",""errorPercent"":0,""timeUs"":18.88,""bestTimeUs"":6.66,""score"":28.012},{""index"":5,""testcaseId"":""6a9a9a99bf41025d6013eb9a"",""status"":""Pass"",""statusKey"":""pass"",""errorPercent"":0,""timeUs"":10.96,""bestTimeUs"":5.2,""score"":35.225},{""index"":6,""testcaseId"":""6a9a9a99bf41025d6013eb9e"",""status"":""Pass"",""statusKey"":""pass"",""errorPercent"":0,""timeUs"":32.74,""bestTimeUs"":10.86,""score"":26.87},{""index"":7,""testcaseId"":""6a9a9a99bf41025d6013eba2"",""status"":""Pass"",""statusKey"":""pass"",""errorPercent"":0,""timeUs"":61.01,""bestTimeUs"":13.99,""score"":21.588},{""index"":8,""testcaseId"":""6a9a9a99bf41025d6013eba6"",""status"":""Pass"",""statusKey"":""pass"",""errorPercent"":0,""timeUs"":70.32,""bestTimeUs"":30.16,""score"":32.385},{""index"":9,""testcaseId"":""6a9a9a99bf41025d6013ebaa"",""status"":""Pass"",""statusKey"":""pass"",""errorPercent"":0,""timeUs"":76.9,""bestTimeUs"":68.2,""score"":77.154},{""index"":10,""testcaseId"":""6a9a9a99bf41025d6013ebae"",""status"":""Pass"",""statusKey"":""pass"",""errorPercent"":0,""timeUs"":74.79,""bestTimeUs"":47.16,""score"":46.788},{""index"":11,""testcaseId"":""6a9a9a99bf41025d6013ebb2"",""status"":""Pass"",""statusKey"":""pass"",""errorPercent"":0,""timeUs"":165.25,""bestTimeUs"":131.38,""score"":63.87},{""index"":12,""testcaseId"":""6a9a9a99bf41025d6013ebb6"",""status"":""Pass"",""statusKey"":""pass"",""errorPercent"":0,""timeUs"":98.76,""bestTimeUs"":76.43,""score"":61.269},{""index"":13,""testcaseId"":""6a9a9a99bf41025d6013ebba"",""status"":""Pass"",""statusKey"":""pass"",""errorPercent"":0,""timeUs"":564.09,""bestTimeUs"":393.51,""score"":52.962},{""index"":14,""testcaseId"":""6a9a9a99bf41025d6013ebbe"",""status"":""Pass"",""statusKey"":""pass"",""errorPercent"":0,""timeUs"":16468.39,""bestTimeUs"":3750.12,""score"":21.509},{""index"":15,""testcaseId"":""6a9a9a99bf41025d6013ebc2"",""status"":""Pass"",""statusKey"":""pass"",""errorPercent"":0,""timeUs"":9653.71,""bestTimeUs"":8321.94,""score"":73.2}]"
18	线上结果/R31A/V010/result.json	UNKNOWN	6ab29b5e0304f72a568e8db3	Pass	pass	15	15	44.09	44.085	0	/Users/sunyiyang/Desktop/Project/cann/phase4/workspaces/R31A/R31A-V010-submission.asc	a278140192fefb1de185eeeb504e9b5f13e9f793d77ccf1f661986e4e6bd20b9	UNKNOWN	UNKNOWN	3098	165020	"[{""index"":1,""testcaseId"":""6a9a9a99bf41025d6013eb8a"",""status"":""Pass"",""statusKey"":""pass"",""errorPercent"":0,""timeUs"":5.08,""bestTimeUs"":1.7,""score"":27.028},{""index"":2,""testcaseId"":""6a9a9a99bf41025d6013eb8e"",""status"":""Pass"",""statusKey"":""pass"",""errorPercent"":0,""timeUs"":3.35,""bestTimeUs"":2.16,""score"":48.023},{""index"":3,""testcaseId"":""6a9a9a99bf41025d6013eb92"",""status"":""Pass"",""statusKey"":""pass"",""errorPercent"":0,""timeUs"":6.16,""bestTimeUs"":2.47,""score"":30.733},{""index"":4,""testcaseId"":""6a9a9a99bf41025d6013eb96"",""status"":""Pass"",""statusKey"":""pass"",""errorPercent"":0,""timeUs"":18.79,""bestTimeUs"":6.66,""score"":28.105},{""index"":5,""testcaseId"":""6a9a9a99bf41025d6013eb9a"",""status"":""Pass"",""statusKey"":""pass"",""errorPercent"":0,""timeUs"":11.02,""bestTimeUs"":5.2,""score"":35.059},{""index"":6,""testcaseId"":""6a9a9a99bf41025d6013eb9e"",""status"":""Pass"",""statusKey"":""pass"",""errorPercent"":0,""timeUs"":30.61,""bestTimeUs"":10.86,""score"":28.124},{""index"":7,""testcaseId"":""6a9a9a99bf41025d6013eba2"",""status"":""Pass"",""statusKey"":""pass"",""errorPercent"":0,""timeUs"":52.82,""bestTimeUs"":13.99,""score"":23.383},{""index"":8,""testcaseId"":""6a9a9a99bf41025d6013eba6"",""status"":""Pass"",""statusKey"":""pass"",""errorPercent"":0,""timeUs"":70.74,""bestTimeUs"":30.16,""score"":32.232},{""index"":9,""testcaseId"":""6a9a9a99bf41025d6013ebaa"",""status"":""Pass"",""statusKey"":""pass"",""errorPercent"":0,""timeUs"":72.46,""bestTimeUs"":68.2,""score"":86.999},{""index"":10,""testcaseId"":""6a9a9a99bf41025d6013ebae"",""status"":""Pass"",""statusKey"":""pass"",""errorPercent"":0,""timeUs"":75.23,""bestTimeUs"":47.16,""score"":46.473},{""index"":11,""testcaseId"":""6a9a9a99bf41025d6013ebb2"",""status"":""Pass"",""statusKey"":""pass"",""errorPercent"":0,""timeUs"":161.03,""bestTimeUs"":131.38,""score"":66.583},{""index"":12,""testcaseId"":""6a9a9a99bf41025d6013ebb6"",""status"":""Pass"",""statusKey"":""pass"",""errorPercent"":0,""timeUs"":99.05,""bestTimeUs"":76.43,""score"":60.998},{""index"":13,""testcaseId"":""6a9a9a99bf41025d6013ebba"",""status"":""Pass"",""statusKey"":""pass"",""errorPercent"":0,""timeUs"":564.24,""bestTimeUs"":393.51,""score"":52.944},{""index"":14,""testcaseId"":""6a9a9a99bf41025d6013ebbe"",""status"":""Pass"",""statusKey"":""pass"",""errorPercent"":0,""timeUs"":16448.03,""bestTimeUs"":3750.12,""score"":21.523},{""index"":15,""testcaseId"":""6a9a9a99bf41025d6013ebc2"",""status"":""Pass"",""statusKey"":""pass"",""errorPercent"":0,""timeUs"":9663.41,""bestTimeUs"":8321.94,""score"":73.068}]"
37	线上结果/R31A/V011/result.json	UNKNOWN	6ab2a3200304f72a5693233a	Pass	pass	15	15	42.18	42.175	0	/Users/sunyiyang/Desktop/Project/cann/phase4/workspaces/R31A/R31A-V011-submission.asc	17bb2f9e3083413960e602f3431354991444d4f6804ee3a09e02c25a5914080c	UNKNOWN	UNKNOWN	3227	171329	"[{""index"":1,""testcaseId"":""6a9a9a99bf41025d6013eb8a"",""status"":""Pass"",""statusKey"":""pass"",""errorPercent"":0,""timeUs"":5.26,""bestTimeUs"":1.7,""score"":26.415},{""index"":2,""testcaseId"":""6a9a9a99bf41025d6013eb8e"",""status"":""Pass"",""statusKey"":""pass"",""errorPercent"":0,""timeUs"":5.55,""bestTimeUs"":2.16,""score"":30.053},{""index"":3,""testcaseId"":""6a9a9a99bf41025d6013eb92"",""status"":""Pass"",""statusKey"":""pass"",""errorPercent"":0,""timeUs"":7.81,""bestTimeUs"":2.47,""score"":26.047},{""index"":4,""testcaseId"":""6a9a9a99bf41025d6013eb96"",""status"":""Pass"",""statusKey"":""pass"",""errorPercent"":0,""timeUs"":16.54,""bestTimeUs"":6.66,""score"":30.831},{""index"":5,""testcaseId"":""6a9a9a99bf41025d6013eb9a"",""status"":""Pass"",""statusKey"":""pass"",""errorPercent"":0,""timeUs"":11.27,""bestTimeUs"":5.2,""score"":34.392},{""index"":6,""testcaseId"":""6a9a9a99bf41025d6013eb9e"",""status"":""Pass"",""statusKey"":""pass"",""errorPercent"":0,""timeUs"":28.59,""bestTimeUs"":10.86,""score"":29.522},{""index"":7,""testcaseId"":""6a9a9a99bf41025d6013eba2"",""status"":""Pass"",""statusKey"":""pass"",""errorPercent"":0,""timeUs"":52.14,""bestTimeUs"":13.99,""score"":23.559},{""index"":8,""testcaseId"":""6a9a9a99bf41025d6013eba6"",""status"":""Pass"",""statusKey"":""pass"",""errorPercent"":0,""timeUs"":70.22,""bestTimeUs"":30.16,""score"":32.422},{""index"":9,""testcaseId"":""6a9a9a99bf41025d6013ebaa"",""status"":""Pass"",""statusKey"":""pass"",""errorPercent"":0,""timeUs"":74.65,""bestTimeUs"":68.2,""score"":81.775},{""index"":10,""testcaseId"":""6a9a9a99bf41025d6013ebae"",""status"":""Pass"",""statusKey"":""pass"",""errorPercent"":0,""timeUs"":75.11,""bestTimeUs"":47.16,""score"":46.434},{""index"":11,""testcaseId"":""6a9a9a99bf41025d6013ebb2"",""status"":""Pass"",""statusKey"":""pass"",""errorPercent"":0,""timeUs"":164.6,""bestTimeUs"":131.38,""score"":64.269},{""index"":12,""testcaseId"":""6a9a9a99bf41025d6013ebb6"",""status"":""Pass"",""statusKey"":""pass"",""errorPercent"":0,""timeUs"":100.48,""bestTimeUs"":76.43,""score"":59.711},{""index"":13,""testcaseId"":""6a9a9a99bf41025d6013ebba"",""status"":""Pass"",""statusKey"":""pass"",""errorPercent"":0,""timeUs"":566.98,""bestTimeUs"":393.51,""score"":52.611},{""index"":14,""testcaseId"":""6a9a9a99bf41025d6013ebbe"",""status"":""Pass"",""statusKey"":""pass"",""errorPercent"":0,""timeUs"":16603.94,""bestTimeUs"":3750.12,""score"":21.416},{""index"":15,""testcaseId"":""6a9a9a99bf41025d6013ebc2"",""status"":""Pass"",""statusKey"":""pass"",""errorPercent"":0,""timeUs"":9656.04,""bestTimeUs"":8321.94,""score"":73.168}]"
21	线上结果/R31A/V012/result.json	UNKNOWN	6ab2aa670304f72a56973f4b	Pass	pass	15	15	44.05	44.055	0	/Users/sunyiyang/Desktop/Project/cann/phase4/workspaces/R31A/R31A-V012-submission.asc	f4539244255e237d777d9622370fe2119a29671894b06ddc764db65f9dceeae1	UNKNOWN	UNKNOWN	3190	169700	"[{""index"":1,""testcaseId"":""6a9a9a99bf41025d6013eb8a"",""status"":""Pass"",""statusKey"":""pass"",""errorPercent"":0,""timeUs"":4.35,""bestTimeUs"":1.7,""score"":30.146},{""index"":2,""testcaseId"":""6a9a9a99bf41025d6013eb8e"",""status"":""Pass"",""statusKey"":""pass"",""errorPercent"":0,""timeUs"":3.54,""bestTimeUs"":2.16,""score"":45.078},{""index"":3,""testcaseId"":""6a9a9a99bf41025d6013eb92"",""status"":""Pass"",""statusKey"":""pass"",""errorPercent"":0,""timeUs"":5.86,""bestTimeUs"":2.47,""score"":31.942},{""index"":4,""testcaseId"":""6a9a9a99bf41025d6013eb96"",""status"":""Pass"",""statusKey"":""pass"",""errorPercent"":0,""timeUs"":18.52,""bestTimeUs"":6.66,""score"":28.39},{""index"":5,""testcaseId"":""6a9a9a99bf41025d6013eb9a"",""status"":""Pass"",""statusKey"":""pass"",""errorPercent"":0,""timeUs"":10.89,""bestTimeUs"":5.2,""score"":35.423},{""index"":6,""testcaseId"":""6a9a9a99bf41025d6013eb9e"",""status"":""Pass"",""statusKey"":""pass"",""errorPercent"":0,""timeUs"":30.25,""bestTimeUs"":10.86,""score"":28.357},{""index"":7,""testcaseId"":""6a9a9a99bf41025d6013eba2"",""status"":""Pass"",""statusKey"":""pass"",""errorPercent"":0,""timeUs"":52.31,""bestTimeUs"":13.99,""score"":23.515},{""index"":8,""testcaseId"":""6a9a9a99bf41025d6013eba6"",""status"":""Pass"",""statusKey"":""pass"",""errorPercent"":0,""timeUs"":70.32,""bestTimeUs"":30.16,""score"":32.385},{""index"":9,""testcaseId"":""6a9a9a99bf41025d6013ebaa"",""status"":""Pass"",""statusKey"":""pass"",""errorPercent"":0,""timeUs"":73.03,""bestTimeUs"":68.2,""score"":85.561},{""index"":10,""testcaseId"":""6a9a9a99bf41025d6013ebae"",""status"":""Pass"",""statusKey"":""pass"",""errorPercent"":0,""timeUs"":75.22,""bestTimeUs"":47.05,""score"":46.356},{""index"":11,""testcaseId"":""6a9a9a99bf41025d6013ebb2"",""status"":""Pass"",""statusKey"":""pass"",""errorPercent"":0,""timeUs"":164.69,""bestTimeUs"":131.38,""score"":64.213},{""index"":12,""testcaseId"":""6a9a9a99bf41025d6013ebb6"",""status"":""Pass"",""statusKey"":""pass"",""errorPercent"":0,""timeUs"":98.13,""bestTimeUs"":76.43,""score"":61.867},{""index"":13,""testcaseId"":""6a9a9a99bf41025d6013ebba"",""status"":""Pass"",""statusKey"":""pass"",""errorPercent"":0,""timeUs"":565.08,""bestTimeUs"":393.51,""score"":52.841},{""index"":14,""testcaseId"":""6a9a9a99bf41025d6013ebbe"",""status"":""Pass"",""statusKey"":""pass"",""errorPercent"":0,""timeUs"":16409.76,""bestTimeUs"":3750.12,""score"":21.549},{""index"":15,""testcaseId"":""6a9a9a99bf41025d6013ebc2"",""status"":""Pass"",""statusKey"":""pass"",""errorPercent"":0,""timeUs"":9653.76,""bestTimeUs"":8321.94,""score"":73.2}]"
8	线上结果/R31A/V013/result.json	UNKNOWN	6ab2bd330304f72a569f6f09	Pass	pass	15	15	44.7	44.7	0	/Users/sunyiyang/Desktop/Project/cann/phase4/workspaces/R31A/R31A-V013-submission.asc	b859a04fe2241babe3bfb86d767c6ddd07e247cf30109e88d0281ee4a24e4b6f	UNKNOWN	UNKNOWN	3393	181153	"[{""index"":1,""testcaseId"":""6a9a9a99bf41025d6013eb8a"",""status"":""Pass"",""statusKey"":""pass"",""errorPercent"":0,""timeUs"":4.24,""bestTimeUs"":1.7,""score"":30.731},{""index"":2,""testcaseId"":""6a9a9a99bf41025d6013eb8e"",""status"":""Pass"",""statusKey"":""pass"",""errorPercent"":0,""timeUs"":3.38,""bestTimeUs"":2.16,""score"":47.521},{""index"":3,""testcaseId"":""6a9a9a99bf41025d6013eb92"",""status"":""Pass"",""statusKey"":""pass"",""errorPercent"":0,""timeUs"":5.81,""bestTimeUs"":2.47,""score"":32.159},{""index"":4,""testcaseId"":""6a9a9a99bf41025d6013eb96"",""status"":""Pass"",""statusKey"":""pass"",""errorPercent"":0,""timeUs"":16.7,""bestTimeUs"":6.66,""score"":30.607},{""index"":5,""testcaseId"":""6a9a9a99bf41025d6013eb9a"",""status"":""Pass"",""statusKey"":""pass"",""errorPercent"":0,""timeUs"":11.25,""bestTimeUs"":5.2,""score"":34.444},{""index"":6,""testcaseId"":""6a9a9a99bf41025d6013eb9e"",""status"":""Pass"",""statusKey"":""pass"",""errorPercent"":0,""timeUs"":29.13,""bestTimeUs"":10.86,""score"":29.125},{""index"":7,""testcaseId"":""6a9a9a99bf41025d6013eba2"",""status"":""Pass"",""statusKey"":""pass"",""errorPercent"":0,""timeUs"":53.65,""bestTimeUs"":13.99,""score"":23.175},{""index"":8,""testcaseId"":""6a9a9a99bf41025d6013eba6"",""status"":""Pass"",""statusKey"":""pass"",""errorPercent"":0,""timeUs"":70.26,""bestTimeUs"":30.16,""score"":32.407},{""index"":9,""testcaseId"":""6a9a9a99bf41025d6013ebaa"",""status"":""Pass"",""statusKey"":""pass"",""errorPercent"":0,""timeUs"":71.25,""bestTimeUs"":68.2,""score"":90.261},{""index"":10,""testcaseId"":""6a9a9a99bf41025d6013ebae"",""status"":""Pass"",""statusKey"":""pass"",""errorPercent"":0,""timeUs"":75.13,""bestTimeUs"":47.05,""score"":46.42},{""index"":11,""testcaseId"":""6a9a9a99bf41025d6013ebb2"",""status"":""Pass"",""statusKey"":""pass"",""errorPercent"":0,""timeUs"":162.79,""bestTimeUs"":131.38,""score"":65.415},{""index"":12,""testcaseId"":""6a9a9a99bf41025d6013ebb6"",""status"":""Pass"",""statusKey"":""pass"",""errorPercent"":0,""timeUs"":99.21,""bestTimeUs"":76.43,""score"":60.851},{""index"":13,""testcaseId"":""6a9a9a99bf41025d6013ebba"",""status"":""Pass"",""statusKey"":""pass"",""errorPercent"":0,""timeUs"":563.78,""bestTimeUs"":393.51,""score"":53},{""index"":14,""testcaseId"":""6a9a9a99bf41025d6013ebbe"",""status"":""Pass"",""statusKey"":""pass"",""errorPercent"":0,""timeUs"":16707.34,""bestTimeUs"":3750.12,""score"":21.346},{""index"":15,""testcaseId"":""6a9a9a99bf41025d6013ebc2"",""status"":""Pass"",""statusKey"":""pass"",""errorPercent"":0,""timeUs"":9665.9,""bestTimeUs"":8321.94,""score"":73.034}]"
13	线上结果/R31A/V014/result.json	UNKNOWN	6ab2c1ca0304f72a56a11039	Pass	pass	15	15	44.25	44.253	0	/Users/sunyiyang/Desktop/Project/cann/phase4/workspaces/R31A/R31A-V014-submission.asc	a3dfca51eb2c6392f184f18875752b7f75455807331958ddfe99cb6cfa512bc8	UNKNOWN	UNKNOWN	3361	179379	"[{""index"":1,""testcaseId"":""6a9a9a99bf41025d6013eb8a"",""status"":""Pass"",""statusKey"":""pass"",""errorPercent"":0,""timeUs"":4.28,""bestTimeUs"":1.7,""score"":30.514},{""index"":2,""testcaseId"":""6a9a9a99bf41025d6013eb8e"",""status"":""Pass"",""statusKey"":""pass"",""errorPercent"":0,""timeUs"":3.44,""bestTimeUs"":2.16,""score"":46.561},{""index"":3,""testcaseId"":""6a9a9a99bf41025d6013eb92"",""status"":""Pass"",""statusKey"":""pass"",""errorPercent"":0,""timeUs"":6.16,""bestTimeUs"":2.47,""score"":30.733},{""index"":4,""testcaseId"":""6a9a9a99bf41025d6013eb96"",""status"":""Pass"",""statusKey"":""pass"",""errorPercent"":0,""timeUs"":18.67,""bestTimeUs"":6.66,""score"":28.231},{""index"":5,""testcaseId"":""6a9a9a99bf41025d6013eb9a"",""status"":""Pass"",""statusKey"":""pass"",""errorPercent"":0,""timeUs"":11,""bestTimeUs"":5.2,""score"":35.114},{""index"":6,""testcaseId"":""6a9a9a99bf41025d6013eb9e"",""status"":""Pass"",""statusKey"":""pass"",""errorPercent"":0,""timeUs"":30.72,""bestTimeUs"":10.86,""score"":28.054},{""index"":7,""testcaseId"":""6a9a9a99bf41025d6013eba2"",""status"":""Pass"",""statusKey"":""pass"",""errorPercent"":0,""timeUs"":52.99,""bestTimeUs"":13.99,""score"":23.34},{""index"":8,""testcaseId"":""6a9a9a99bf41025d6013eba6"",""status"":""Pass"",""statusKey"":""pass"",""errorPercent"":0,""timeUs"":70.86,""bestTimeUs"":30.16,""score"":32.189},{""index"":9,""testcaseId"":""6a9a9a99bf41025d6013ebaa"",""status"":""Pass"",""statusKey"":""pass"",""errorPercent"":0,""timeUs"":71.37,""bestTimeUs"":68.2,""score"":89.924},{""index"":10,""testcaseId"":""6a9a9a99bf41025d6013ebae"",""status"":""Pass"",""statusKey"":""pass"",""errorPercent"":0,""timeUs"":75.46,""bestTimeUs"":47.05,""score"":46.188},{""index"":11,""testcaseId"":""6a9a9a99bf41025d6013ebb2"",""status"":""Pass"",""statusKey"":""pass"",""errorPercent"":0,""timeUs"":163.81,""bestTimeUs"":131.38,""score"":64.763},{""index"":12,""testcaseId"":""6a9a9a99bf41025d6013ebb6"",""status"":""Pass"",""statusKey"":""pass"",""errorPercent"":0,""timeUs"":99.33,""bestTimeUs"":76.43,""score"":60.74},{""index"":13,""testcaseId"":""6a9a9a99bf41025d6013ebba"",""status"":""Pass"",""statusKey"":""pass"",""errorPercent"":0,""timeUs"":563.84,""bestTimeUs"":393.51,""score"":52.993},{""index"":14,""testcaseId"":""6a9a9a99bf41025d6013ebbe"",""status"":""Pass"",""statusKey"":""pass"",""errorPercent"":0,""timeUs"":16438.95,""bestTimeUs"":3750.12,""score"":21.529},{""index"":15,""testcaseId"":""6a9a9a99bf41025d6013ebc2"",""status"":""Pass"",""statusKey"":""pass"",""errorPercent"":0,""timeUs"":9673.65,""bestTimeUs"":8321.94,""score"":72.929}]"
7	线上结果/R31A/V015/result.json	UNKNOWN	6ab2c6660304f72a56a2b182	Pass	pass	15	15	44.75	44.75	0	/Users/sunyiyang/Desktop/Project/cann/phase4/workspaces/R31A/R31A-V015-submission.asc	508008a7cf8452834ee3ea6adfffdf840ae7064ae310921c2d9c5ea703370720	UNKNOWN	UNKNOWN	3340	177855	"[{""index"":1,""testcaseId"":""6a9a9a99bf41025d6013eb8a"",""status"":""Pass"",""statusKey"":""pass"",""errorPercent"":0,""timeUs"":4.09,""bestTimeUs"":1.7,""score"":31.593},{""index"":2,""testcaseId"":""6a9a9a99bf41025d6013eb8e"",""status"":""Pass"",""statusKey"":""pass"",""errorPercent"":0,""timeUs"":3.32,""bestTimeUs"":2.16,""score"":48.54},{""index"":3,""testcaseId"":""6a9a9a99bf41025d6013eb92"",""status"":""Pass"",""statusKey"":""pass"",""errorPercent"":0,""timeUs"":5.7,""bestTimeUs"":2.47,""score"":32.654},{""index"":4,""testcaseId"":""6a9a9a99bf41025d6013eb96"",""status"":""Pass"",""statusKey"":""pass"",""errorPercent"":0,""timeUs"":18.33,""bestTimeUs"":6.66,""score"":28.596},{""index"":5,""testcaseId"":""6a9a9a99bf41025d6013eb9a"",""status"":""Pass"",""statusKey"":""pass"",""errorPercent"":0,""timeUs"":10.86,""bestTimeUs"":5.2,""score"":35.508},{""index"":6,""testcaseId"":""6a9a9a99bf41025d6013eb9e"",""status"":""Pass"",""statusKey"":""pass"",""errorPercent"":0,""timeUs"":30.15,""bestTimeUs"":10.86,""score"":28.423},{""index"":7,""testcaseId"":""6a9a9a99bf41025d6013eba2"",""status"":""Pass"",""statusKey"":""pass"",""errorPercent"":0,""timeUs"":52.11,""bestTimeUs"":13.99,""score"":23.567},{""index"":8,""testcaseId"":""6a9a9a99bf41025d6013eba6"",""status"":""Pass"",""statusKey"":""pass"",""errorPercent"":0,""timeUs"":70.31,""bestTimeUs"":30.16,""score"":32.389},{""index"":9,""testcaseId"":""6a9a9a99bf41025d6013ebaa"",""status"":""Pass"",""statusKey"":""pass"",""errorPercent"":0,""timeUs"":72.6,""bestTimeUs"":68.2,""score"":86.641},{""index"":10,""testcaseId"":""6a9a9a99bf41025d6013ebae"",""status"":""Pass"",""statusKey"":""pass"",""errorPercent"":0,""timeUs"":75.01,""bestTimeUs"":47.05,""score"":46.505},{""index"":11,""testcaseId"":""6a9a9a99bf41025d6013ebb2"",""status"":""Pass"",""statusKey"":""pass"",""errorPercent"":0,""timeUs"":160,""bestTimeUs"":131.38,""score"":67.292},{""index"":12,""testcaseId"":""6a9a9a99bf41025d6013ebb6"",""status"":""Pass"",""statusKey"":""pass"",""errorPercent"":0,""timeUs"":98.04,""bestTimeUs"":76.43,""score"":61.954},{""index"":13,""testcaseId"":""6a9a9a99bf41025d6013ebba"",""status"":""Pass"",""statusKey"":""pass"",""errorPercent"":0,""timeUs"":562.83,""bestTimeUs"":393.51,""score"":53.117},{""index"":14,""testcaseId"":""6a9a9a99bf41025d6013ebbe"",""status"":""Pass"",""statusKey"":""pass"",""errorPercent"":0,""timeUs"":16447.87,""bestTimeUs"":3750.12,""score"":21.523},{""index"":15,""testcaseId"":""6a9a9a99bf41025d6013ebc2"",""status"":""Pass"",""statusKey"":""pass"",""errorPercent"":0,""timeUs"":9672.69,""bestTimeUs"":8321.94,""score"":72.942}]"
5	线上结果/R31A/V016/result.json	线上结果/R31A/V016/source-meta.json	6ab2c9790304f72a56a3c465	Pass	pass	15	15	45	44.995	0	/Users/sunyiyang/Desktop/Project/cann/phase4/workspaces/R31A/R31A-V016-submission.asc	dd13093823c885e785a650abff4863827e652eb8607ad0621a96eb31b6764fa0	7792a255efdb80013d84b1e2c813388a640f2c3f	UNKNOWN	3343	178032	"[{""index"":1,""testcaseId"":""6a9a9a99bf41025d6013eb8a"",""status"":""Pass"",""statusKey"":""pass"",""errorPercent"":0,""timeUs"":4.32,""bestTimeUs"":1.7,""score"":30.302},{""index"":2,""testcaseId"":""6a9a9a99bf41025d6013eb8e"",""status"":""Pass"",""statusKey"":""pass"",""errorPercent"":0,""timeUs"":3.2,""bestTimeUs"":2.16,""score"":50.778},{""index"":3,""testcaseId"":""6a9a9a99bf41025d6013eb92"",""status"":""Pass"",""statusKey"":""pass"",""errorPercent"":0,""timeUs"":5.3,""bestTimeUs"":2.47,""score"":34.686},{""index"":4,""testcaseId"":""6a9a9a99bf41025d6013eb96"",""status"":""Pass"",""statusKey"":""pass"",""errorPercent"":0,""timeUs"":16.76,""bestTimeUs"":6.66,""score"":30.524},{""index"":5,""testcaseId"":""6a9a9a99bf41025d6013eb9a"",""status"":""Pass"",""statusKey"":""pass"",""errorPercent"":0,""timeUs"":11.06,""bestTimeUs"":5.2,""score"":34.95},{""index"":6,""testcaseId"":""6a9a9a99bf41025d6013eb9e"",""status"":""Pass"",""statusKey"":""pass"",""errorPercent"":0,""timeUs"":28.4,""bestTimeUs"":10.86,""score"":29.666},{""index"":7,""testcaseId"":""6a9a9a99bf41025d6013eba2"",""status"":""Pass"",""statusKey"":""pass"",""errorPercent"":0,""timeUs"":52.88,""bestTimeUs"":13.99,""score"":23.368},{""index"":8,""testcaseId"":""6a9a9a99bf41025d6013eba6"",""status"":""Pass"",""statusKey"":""pass"",""errorPercent"":0,""timeUs"":69.7,""bestTimeUs"":30.16,""score"":32.616},{""index"":9,""testcaseId"":""6a9a9a99bf41025d6013ebaa"",""status"":""Pass"",""statusKey"":""pass"",""errorPercent"":0,""timeUs"":72.55,""bestTimeUs"":68.2,""score"":86.768},{""index"":10,""testcaseId"":""6a9a9a99bf41025d6013ebae"",""status"":""Pass"",""statusKey"":""pass"",""errorPercent"":0,""timeUs"":74.78,""bestTimeUs"":47.05,""score"":46.669},{""index"":11,""testcaseId"":""6a9a9a99bf41025d6013ebb2"",""status"":""Pass"",""statusKey"":""pass"",""errorPercent"":0,""timeUs"":161.83,""bestTimeUs"":131.38,""score"":66.046},{""index"":12,""testcaseId"":""6a9a9a99bf41025d6013ebb6"",""status"":""Pass"",""statusKey"":""pass"",""errorPercent"":0,""timeUs"":98.75,""bestTimeUs"":76.43,""score"":61.278},{""index"":13,""testcaseId"":""6a9a9a99bf41025d6013ebba"",""status"":""Pass"",""statusKey"":""pass"",""errorPercent"":0,""timeUs"":565.77,""bestTimeUs"":393.51,""score"":52.757},{""index"":14,""testcaseId"":""6a9a9a99bf41025d6013ebbe"",""status"":""Pass"",""statusKey"":""pass"",""errorPercent"":0,""timeUs"":16557.61,""bestTimeUs"":3750.12,""score"":21.447},{""index"":15,""testcaseId"":""6a9a9a99bf41025d6013ebc2"",""status"":""Pass"",""statusKey"":""pass"",""errorPercent"":0,""timeUs"":9662.85,""bestTimeUs"":8321.94,""score"":73.075}]"
11	线上结果/R31A/V017/result.json	UNKNOWN	6ab2e08b0304f72a56ab568d	Pass	pass	15	15	44.45	44.45467551607291	0	/Users/sunyiyang/Desktop/Project/cann/phase4/workspaces/R31A/R31A-V017-submission.asc	1f60dfc40f280f8fc77cea28ba7eb40685f536eae07ad9b4d89c3e89f598f461	UNKNOWN	UNKNOWN	3343	178076	"[{""index"":1,""testcaseId"":""6a9a9a99bf41025d6013eb8a"",""status"":""Pass"",""statusKey"":""pass"",""errorPercent"":0,""timeUs"":4.23,""bestTimeUs"":1.7,""score"":30.786115996205517},{""index"":2,""testcaseId"":""6a9a9a99bf41025d6013eb8e"",""status"":""Pass"",""statusKey"":""pass"",""errorPercent"":0,""timeUs"":3.38,""bestTimeUs"":2.16,""score"":47.52105229607876},{""index"":3,""testcaseId"":""6a9a9a99bf41025d6013eb92"",""status"":""Pass"",""statusKey"":""pass"",""errorPercent"":0,""timeUs"":5.7,""bestTimeUs"":2.47,""score"":32.6536860695241},{""index"":4,""testcaseId"":""6a9a9a99bf41025d6013eb96"",""status"":""Pass"",""statusKey"":""pass"",""errorPercent"":0,""timeUs"":17.95,""bestTimeUs"":6.66,""score"":29.025322850312495},{""index"":5,""testcaseId"":""6a9a9a99bf41025d6013eb9a"",""status"":""Pass"",""statusKey"":""pass"",""errorPercent"":0,""timeUs"":10.92,""bestTimeUs"":5.2,""score"":35.3376539422104},{""index"":6,""testcaseId"":""6a9a9a99bf41025d6013eb9e"",""status"":""Pass"",""statusKey"":""pass"",""errorPercent"":0,""timeUs"":29.99,""bestTimeUs"":10.86,""score"":28.528912301161252},{""index"":7,""testcaseId"":""6a9a9a99bf41025d6013eba2"",""status"":""Pass"",""statusKey"":""pass"",""errorPercent"":0,""timeUs"":51.92,""bestTimeUs"":13.99,""score"":23.617129258874673},{""index"":8,""testcaseId"":""6a9a9a99bf41025d6013eba6"",""status"":""Pass"",""statusKey"":""pass"",""errorPercent"":0,""timeUs"":70.14,""bestTimeUs"":30.16,""score"":32.45170002850046},{""index"":9,""testcaseId"":""6a9a9a99bf41025d6013ebaa"",""status"":""Pass"",""statusKey"":""pass"",""errorPercent"":0,""timeUs"":72.83,""bestTimeUs"":68.2,""score"":86.05887672933615},{""index"":10,""testcaseId"":""6a9a9a99bf41025d6013ebae"",""status"":""Pass"",""statusKey"":""pass"",""errorPercent"":0,""timeUs"":74.92,""bestTimeUs"":47.05,""score"":46.56904727792333},{""index"":11,""testcaseId"":""6a9a9a99bf41025d6013ebb2"",""status"":""Pass"",""statusKey"":""pass"",""errorPercent"":0,""timeUs"":162.38,""bestTimeUs"":131.38,""score"":65.68252377672893},{""index"":12,""testcaseId"":""6a9a9a99bf41025d6013ebb6"",""status"":""Pass"",""statusKey"":""pass"",""errorPercent"":0,""timeUs"":98.66,""bestTimeUs"":76.43,""score"":61.36257204299219},{""index"":13,""testcaseId"":""6a9a9a99bf41025d6013ebba"",""status"":""Pass"",""statusKey"":""pass"",""errorPercent"":0,""timeUs"":566.23,""bestTimeUs"":393.51,""score"":52.70167980091219},{""index"":14,""testcaseId"":""6a9a9a99bf41025d6013ebbe"",""status"":""Pass"",""statusKey"":""pass"",""errorPercent"":0,""timeUs"":16466.38,""bestTimeUs"":3750.12,""score"":21.510108189029648},{""index"":15,""testcaseId"":""6a9a9a99bf41025d6013ebc2"",""status"":""Pass"",""statusKey"":""pass"",""errorPercent"":0,""timeUs"":9667.38,""bestTimeUs"":8321.94,""score"":73.01375218130356}]"
19	线上结果/R31A/V028/result.json	线上结果/R31A/V028/source-meta.json	6abb7eb5694b590c3c95c879	Pass	pass	15	15	44.07	44.074166325768644	0	/Users/sunyiyang/Desktop/Project/cann-main1/线上结果/R31A/V028/submission.asc	ee52831c435f07f51ea3917af0e7faed9a012f852ab19641882c401fb78d10f1	f7f2d6681079dc103fd7a775b0274cd41bacbed1	UNKNOWN	3408	181787	"[{""index"":1,""testcaseId"":""6a9a9a99bf41025d6013eb8a"",""status"":""Pass"",""statusKey"":""pass"",""errorPercent"":0,""timeUs"":4.42,""bestTimeUs"":1.58,""score"":28.27156425413928},{""index"":2,""testcaseId"":""6a9a9a99bf41025d6013eb8e"",""status"":""Pass"",""statusKey"":""pass"",""errorPercent"":0,""timeUs"":3.36,""bestTimeUs"":2.2,""score"":48.9131712836644},{""index"":3,""testcaseId"":""6a9a9a99bf41025d6013eb92"",""status"":""Pass"",""statusKey"":""pass"",""errorPercent"":0,""timeUs"":5.66,""bestTimeUs"":2.47,""score"":32.839935292239666},{""index"":4,""testcaseId"":""6a9a9a99bf41025d6013eb96"",""status"":""Pass"",""statusKey"":""pass"",""errorPercent"":0,""timeUs"":17.77,""bestTimeUs"":6.64,""score"":29.172989485234233},{""index"":5,""testcaseId"":""6a9a9a99bf41025d6013eb9a"",""status"":""Pass"",""statusKey"":""pass"",""errorPercent"":0,""timeUs"":11.02,""bestTimeUs"":5.2,""score"":35.05911777879804},{""index"":6,""testcaseId"":""6a9a9a99bf41025d6013eb9e"",""status"":""Pass"",""statusKey"":""pass"",""errorPercent"":0,""timeUs"":29.83,""bestTimeUs"":9.62,""score"":26.377968853017475},{""index"":7,""testcaseId"":""6a9a9a99bf41025d6013eba2"",""status"":""Pass"",""statusKey"":""pass"",""errorPercent"":0,""timeUs"":52.32,""bestTimeUs"":13.9,""score"":23.42435903510125},{""index"":8,""testcaseId"":""6a9a9a99bf41025d6013eba6"",""status"":""Pass"",""statusKey"":""pass"",""errorPercent"":0,""timeUs"":70.58,""bestTimeUs"":30.16,""score"":32.29008512158944},{""index"":9,""testcaseId"":""6a9a9a99bf41025d6013ebaa"",""status"":""Pass"",""statusKey"":""pass"",""errorPercent"":0,""timeUs"":72.13,""bestTimeUs"":67.81,""score"":86.78146361073476},{""index"":10,""testcaseId"":""6a9a9a99bf41025d6013ebae"",""status"":""Pass"",""statusKey"":""pass"",""errorPercent"":0,""timeUs"":75.35,""bestTimeUs"":46.63,""score"":45.79638269688487},{""index"":11,""testcaseId"":""6a9a9a99bf41025d6013ebb2"",""status"":""Pass"",""statusKey"":""pass"",""errorPercent"":0,""timeUs"":161.93,""bestTimeUs"":131.16,""score"":65.79968731883244},{""index"":12,""testcaseId"":""6a9a9a99bf41025d6013ebb6"",""status"":""Pass"",""statusKey"":""pass"",""errorPercent"":0,""timeUs"":99.32,""bestTimeUs"":76.12,""score"":60.38190445219554},{""index"":13,""testcaseId"":""6a9a9a99bf41025d6013ebba"",""status"":""Pass"",""statusKey"":""pass"",""errorPercent"":0,""timeUs"":563.86,""bestTimeUs"":392.72,""score"":52.85176452974809},{""index"":14,""testcaseId"":""6a9a9a99bf41025d6013ebbe"",""status"":""Pass"",""statusKey"":""pass"",""errorPercent"":0,""timeUs"":16651.86,""bestTimeUs"":3750.12,""score"":21.383044045778725},{""index"":15,""testcaseId"":""6a9a9a99bf41025d6013ebc2"",""status"":""Pass"",""statusKey"":""pass"",""errorPercent"":0,""timeUs"":9676.1,""bestTimeUs"":8249.61,""score"":71.76905712857155}]"
33	线上结果/R31B/V001/result.json	UNKNOWN	6ab200470304f72a563196e2	Pass	pass	15	15	43.19	43.18814543980099	0	/Users/sunyiyang/Desktop/Project/cann/phase4/workspaces/R31B/R31B-V001-WIDE-PANEL-RESIDENT_kernel.asc	c43c12a87934ae3c2173f48874121c3b7e85947853e595ccdff951a3cd4f1044	UNKNOWN	UNKNOWN	3130	168134	"[{""index"":1,""testcaseId"":""6a9a9a99bf41025d6013eb8a"",""status"":""Pass"",""statusKey"":""pass"",""errorPercent"":0,""timeUs"":5.14,""bestTimeUs"":1.7,""score"":26.81842760613281},{""index"":2,""testcaseId"":""6a9a9a99bf41025d6013eb8e"",""status"":""Pass"",""statusKey"":""pass"",""errorPercent"":0,""timeUs"":3.72,""bestTimeUs"":2.16,""score"":42.721885523990046},{""index"":3,""testcaseId"":""6a9a9a99bf41025d6013eb92"",""status"":""Pass"",""statusKey"":""pass"",""errorPercent"":0,""timeUs"":5.7,""bestTimeUs"":2.47,""score"":32.6536860695241},{""index"":4,""testcaseId"":""6a9a9a99bf41025d6013eb96"",""status"":""Pass"",""statusKey"":""pass"",""errorPercent"":0,""timeUs"":21.2,""bestTimeUs"":6.66,""score"":25.935710921641476},{""index"":5,""testcaseId"":""6a9a9a99bf41025d6013eb9a"",""status"":""Pass"",""statusKey"":""pass"",""errorPercent"":0,""timeUs"":11.21,""bestTimeUs"":5.2,""score"":34.54845890258264},{""index"":6,""testcaseId"":""6a9a9a99bf41025d6013eb9e"",""status"":""Pass"",""statusKey"":""pass"",""errorPercent"":0,""timeUs"":33.75,""bestTimeUs"":10.86,""score"":26.339863056758336},{""index"":7,""testcaseId"":""6a9a9a99bf41025d6013eba2"",""status"":""Pass"",""statusKey"":""pass"",""errorPercent"":0,""timeUs"":61,""bestTimeUs"":14.05,""score"":21.639617922641143},{""index"":8,""testcaseId"":""6a9a9a99bf41025d6013eba6"",""status"":""Pass"",""statusKey"":""pass"",""errorPercent"":0,""timeUs"":70.24,""bestTimeUs"":30.16,""score"":32.41473838130528},{""index"":9,""testcaseId"":""6a9a9a99bf41025d6013ebaa"",""status"":""Pass"",""statusKey"":""pass"",""errorPercent"":0,""timeUs"":73.08,""bestTimeUs"":68.25,""score"":85.56961203905949},{""index"":10,""testcaseId"":""6a9a9a99bf41025d6013ebae"",""status"":""Pass"",""statusKey"":""pass"",""errorPercent"":0,""timeUs"":75.58,""bestTimeUs"":47.16,""score"":46.227356942901615},{""index"":11,""testcaseId"":""6a9a9a99bf41025d6013ebb2"",""status"":""Pass"",""statusKey"":""pass"",""errorPercent"":0,""timeUs"":164.32,""bestTimeUs"":131.38,""score"":64.44270614103938},{""index"":12,""testcaseId"":""6a9a9a99bf41025d6013ebb6"",""status"":""Pass"",""statusKey"":""pass"",""errorPercent"":0,""timeUs"":99.49,""bestTimeUs"":76.55,""score"":60.73672793912467},{""index"":13,""testcaseId"":""6a9a9a99bf41025d6013ebba"",""status"":""Pass"",""statusKey"":""pass"",""errorPercent"":0,""timeUs"":564.34,""bestTimeUs"":395.02,""score"":53.197685493060796},{""index"":14,""testcaseId"":""6a9a9a99bf41025d6013ebbe"",""status"":""Pass"",""statusKey"":""pass"",""errorPercent"":0,""timeUs"":16607.27,""bestTimeUs"":3750.12,""score"":21.413324122936228},{""index"":15,""testcaseId"":""6a9a9a99bf41025d6013ebc2"",""status"":""Pass"",""statusKey"":""pass"",""errorPercent"":0,""timeUs"":9656.48,""bestTimeUs"":8321.94,""score"":73.16238053431675}]"
27	线上结果/R31B/V002/result.json	UNKNOWN	6ab22f830304f72a564b6716	Pass	pass	15	15	43.78	43.77873612702357	0	/Users/sunyiyang/Desktop/Project/cann/phase4/workspaces/R31B/R31B-V002-WIDE-FULL-Y-CACHE_kernel.asc	6acbac5e28b3f09d74f56e0aed0f2a015069909a0cea205db7cbc85540bbe5b5	UNKNOWN	UNKNOWN	3277	176489	"[{""index"":1,""testcaseId"":""6a9a9a99bf41025d6013eb8a"",""status"":""Pass"",""statusKey"":""pass"",""errorPercent"":0,""timeUs"":5.14,""bestTimeUs"":1.7,""score"":26.81842760613281},{""index"":2,""testcaseId"":""6a9a9a99bf41025d6013eb8e"",""status"":""Pass"",""statusKey"":""pass"",""errorPercent"":0,""timeUs"":3.62,""bestTimeUs"":2.16,""score"":43.9847593219247},{""index"":3,""testcaseId"":""6a9a9a99bf41025d6013eb92"",""status"":""Pass"",""statusKey"":""pass"",""errorPercent"":0,""timeUs"":5.39,""bestTimeUs"":2.47,""score"":34.19360149444179},{""index"":4,""testcaseId"":""6a9a9a99bf41025d6013eb96"",""status"":""Pass"",""statusKey"":""pass"",""errorPercent"":0,""timeUs"":18.97,""bestTimeUs"":6.66,""score"":27.920663648542572},{""index"":5,""testcaseId"":""6a9a9a99bf41025d6013eb9a"",""status"":""Pass"",""statusKey"":""pass"",""errorPercent"":0,""timeUs"":10.91,""bestTimeUs"":5.2,""score"":35.3658926709085},{""index"":6,""testcaseId"":""6a9a9a99bf41025d6013eb9e"",""status"":""Pass"",""statusKey"":""pass"",""errorPercent"":0,""timeUs"":32.32,""bestTimeUs"":10.86,""score"":27.1021045690804},{""index"":7,""testcaseId"":""6a9a9a99bf41025d6013eba2"",""status"":""Pass"",""statusKey"":""pass"",""errorPercent"":0,""timeUs"":60.65,""bestTimeUs"":14.05,""score"":21.706278427046453},{""index"":8,""testcaseId"":""6a9a9a99bf41025d6013eba6"",""status"":""Pass"",""statusKey"":""pass"",""errorPercent"":0,""timeUs"":69.92,""bestTimeUs"":30.16,""score"":32.53350009679045},{""index"":9,""testcaseId"":""6a9a9a99bf41025d6013ebaa"",""status"":""Pass"",""statusKey"":""pass"",""errorPercent"":0,""timeUs"":73.12,""bestTimeUs"":68.25,""score"":85.47090979480241},{""index"":10,""testcaseId"":""6a9a9a99bf41025d6013ebae"",""status"":""Pass"",""statusKey"":""pass"",""errorPercent"":0,""timeUs"":75.03,""bestTimeUs"":47.16,""score"":46.615522448484526},{""index"":11,""testcaseId"":""6a9a9a99bf41025d6013ebb2"",""status"":""Pass"",""statusKey"":""pass"",""errorPercent"":0,""timeUs"":163.42,""bestTimeUs"":131.38,""score"":65.01017991787889},{""index"":12,""testcaseId"":""6a9a9a99bf41025d6013ebb6"",""status"":""Pass"",""statusKey"":""pass"",""errorPercent"":0,""timeUs"":97.64,""bestTimeUs"":76.55,""score"":62.493829209362744},{""index"":13,""testcaseId"":""6a9a9a99bf41025d6013ebba"",""status"":""Pass"",""statusKey"":""pass"",""errorPercent"":0,""timeUs"":564.57,""bestTimeUs"":393.51,""score"":52.90356687812063},{""index"":14,""testcaseId"":""6a9a9a99bf41025d6013ebbe"",""status"":""Pass"",""statusKey"":""pass"",""errorPercent"":0,""timeUs"":16495.76,""bestTimeUs"":3750.12,""score"":21.489785195245606},{""index"":15,""testcaseId"":""6a9a9a99bf41025d6013ebc2"",""status"":""Pass"",""statusKey"":""pass"",""errorPercent"":0,""timeUs"":9663.1,""bestTimeUs"":8321.94,""score"":73.07202062659105}]"
30	线上结果/R31B/V003/result.json	UNKNOWN	6ab28a3e0304f72a56843b84	Pass	pass	15	15	43.68	43.676	0	/Users/sunyiyang/Desktop/Project/cann/phase4/workspaces/R31B/R31B-V003-WIDE-FULL-Y-MULTIROW_kernel.asc	c883129ffecd76777e6275ea55acbabb8a955089fdb79f4864c31e17b667ab96	UNKNOWN	UNKNOWN	3237	173729	"[{""index"":1,""testcaseId"":""6a9a9a99bf41025d6013eb8a"",""status"":""Pass"",""statusKey"":""pass"",""errorPercent"":0,""timeUs"":5.27,""bestTimeUs"":1.7,""score"":26.383},{""index"":2,""testcaseId"":""6a9a9a99bf41025d6013eb8e"",""status"":""Pass"",""statusKey"":""pass"",""errorPercent"":0,""timeUs"":3.65,""bestTimeUs"":2.16,""score"":43.594},{""index"":3,""testcaseId"":""6a9a9a99bf41025d6013eb92"",""status"":""Pass"",""statusKey"":""pass"",""errorPercent"":0,""timeUs"":5.47,""bestTimeUs"":2.47,""score"":33.774},{""index"":4,""testcaseId"":""6a9a9a99bf41025d6013eb96"",""status"":""Pass"",""statusKey"":""pass"",""errorPercent"":0,""timeUs"":19.11,""bestTimeUs"":6.66,""score"":27.78},{""index"":5,""testcaseId"":""6a9a9a99bf41025d6013eb9a"",""status"":""Pass"",""statusKey"":""pass"",""errorPercent"":0,""timeUs"":14.89,""bestTimeUs"":5.2,""score"":27.819},{""index"":6,""testcaseId"":""6a9a9a99bf41025d6013eb9e"",""status"":""Pass"",""statusKey"":""pass"",""errorPercent"":0,""timeUs"":31.86,""bestTimeUs"":10.86,""score"":27.364},{""index"":7,""testcaseId"":""6a9a9a99bf41025d6013eba2"",""status"":""Pass"",""statusKey"":""pass"",""errorPercent"":0,""timeUs"":59.6,""bestTimeUs"":13.99,""score"":21.861},{""index"":8,""testcaseId"":""6a9a9a99bf41025d6013eba6"",""status"":""Pass"",""statusKey"":""pass"",""errorPercent"":0,""timeUs"":69.9,""bestTimeUs"":30.16,""score"":32.541},{""index"":9,""testcaseId"":""6a9a9a99bf41025d6013ebaa"",""status"":""Pass"",""statusKey"":""pass"",""errorPercent"":0,""timeUs"":70.85,""bestTimeUs"":68.2,""score"":91.406},{""index"":10,""testcaseId"":""6a9a9a99bf41025d6013ebae"",""status"":""Pass"",""statusKey"":""pass"",""errorPercent"":0,""timeUs"":74.95,""bestTimeUs"":47.16,""score"":46.673},{""index"":11,""testcaseId"":""6a9a9a99bf41025d6013ebb2"",""status"":""Pass"",""statusKey"":""pass"",""errorPercent"":0,""timeUs"":161.47,""bestTimeUs"":131.38,""score"":66.286},{""index"":12,""testcaseId"":""6a9a9a99bf41025d6013ebb6"",""status"":""Pass"",""statusKey"":""pass"",""errorPercent"":0,""timeUs"":97.78,""bestTimeUs"":76.43,""score"":62.206},{""index"":13,""testcaseId"":""6a9a9a99bf41025d6013ebba"",""status"":""Pass"",""statusKey"":""pass"",""errorPercent"":0,""timeUs"":565.22,""bestTimeUs"":393.51,""score"":52.824},{""index"":14,""testcaseId"":""6a9a9a99bf41025d6013ebbe"",""status"":""Pass"",""statusKey"":""pass"",""errorPercent"":0,""timeUs"":16470.28,""bestTimeUs"":3750.12,""score"":21.507},{""index"":15,""testcaseId"":""6a9a9a99bf41025d6013ebc2"",""status"":""Pass"",""statusKey"":""pass"",""errorPercent"":0,""timeUs"":9659.42,""bestTimeUs"":8321.94,""score"":73.122}]"
UNKNOWN	线上结果/R31B/V004/result.json	UNKNOWN	6ab290f40304f72a56883f49	Runtime Error	fail	3	15	UNKNOWN	UNKNOWN	100	/Users/sunyiyang/Desktop/Project/cann/phase4/workspaces/R31B/R31B-V004-NARROW-DEEP-BATCH_kernel.asc	80cb1a365c597cf56c978eb7e085b6c6d287b1b2f8ca9ce0cebc07fd9a667557	UNKNOWN	UNKNOWN	3427	184450	"[{""index"":1,""testcaseId"":""6a9a9a99bf41025d6013eb8a"",""status"":""Pass"",""statusKey"":""pass"",""errorPercent"":0,""timeUs"":5.5,""bestTimeUs"":1.7,""score"":25.669},{""index"":2,""testcaseId"":""6a9a9a99bf41025d6013eb8e"",""status"":""Pass"",""statusKey"":""pass"",""errorPercent"":0,""timeUs"":3.61,""bestTimeUs"":2.16,""score"":44.117},{""index"":3,""testcaseId"":""6a9a9a99bf41025d6013eb92"",""status"":""Pass"",""statusKey"":""pass"",""errorPercent"":0,""timeUs"":7.11,""bestTimeUs"":2.47,""score"":27.719},{""index"":4,""testcaseId"":""6a9a9a99bf41025d6013eb96"",""status"":""Runtime Error"",""statusKey"":""fail"",""errorPercent"":100,""timeUs"":0,""bestTimeUs"":6.66,""score"":0},{""index"":5,""testcaseId"":""6a9a9a99bf41025d6013eb9a"",""status"":""Skipped"",""statusKey"":""fail"",""errorPercent"":100,""timeUs"":0,""bestTimeUs"":5.2,""score"":0},{""index"":6,""testcaseId"":""6a9a9a99bf41025d6013eb9e"",""status"":""Skipped"",""statusKey"":""fail"",""errorPercent"":100,""timeUs"":0,""bestTimeUs"":10.86,""score"":0},{""index"":7,""testcaseId"":""6a9a9a99bf41025d6013eba2"",""status"":""Skipped"",""statusKey"":""fail"",""errorPercent"":100,""timeUs"":0,""bestTimeUs"":13.99,""score"":0},{""index"":8,""testcaseId"":""6a9a9a99bf41025d6013eba6"",""status"":""Skipped"",""statusKey"":""fail"",""errorPercent"":100,""timeUs"":0,""bestTimeUs"":30.16,""score"":0},{""index"":9,""testcaseId"":""6a9a9a99bf41025d6013ebaa"",""status"":""Skipped"",""statusKey"":""fail"",""errorPercent"":100,""timeUs"":0,""bestTimeUs"":68.2,""score"":0},{""index"":10,""testcaseId"":""6a9a9a99bf41025d6013ebae"",""status"":""Skipped"",""statusKey"":""fail"",""errorPercent"":100,""timeUs"":0,""bestTimeUs"":47.16,""score"":0},{""index"":11,""testcaseId"":""6a9a9a99bf41025d6013ebb2"",""status"":""Skipped"",""statusKey"":""fail"",""errorPercent"":100,""timeUs"":0,""bestTimeUs"":131.38,""score"":0},{""index"":12,""testcaseId"":""6a9a9a99bf41025d6013ebb6"",""status"":""Skipped"",""statusKey"":""fail"",""errorPercent"":100,""timeUs"":0,""bestTimeUs"":76.43,""score"":0},{""index"":13,""testcaseId"":""6a9a9a99bf41025d6013ebba"",""status"":""Skipped"",""statusKey"":""fail"",""errorPercent"":100,""timeUs"":0,""bestTimeUs"":393.51,""score"":0},{""index"":14,""testcaseId"":""6a9a9a99bf41025d6013ebbe"",""status"":""Skipped"",""statusKey"":""fail"",""errorPercent"":100,""timeUs"":0,""bestTimeUs"":3750.12,""score"":0},{""index"":15,""testcaseId"":""6a9a9a99bf41025d6013ebc2"",""status"":""Skipped"",""statusKey"":""fail"",""errorPercent"":100,""timeUs"":0,""bestTimeUs"":8321.94,""score"":0}]"
UNKNOWN	线上结果/R31B/V005/result.json	UNKNOWN	6ab2959b0304f72a568b313b	Runtime Error	fail	2	15	UNKNOWN	UNKNOWN	100	/Users/sunyiyang/Desktop/Project/cann/phase4/workspaces/R31B/R31B-V005-NARROW-DEEP-BATCH-FIXED_kernel.asc	6f7c6b194c7961cb9702cab414f693b2f00d8e5ddc5984d0ec7e25f440a6ada4	UNKNOWN	UNKNOWN	3446	184761	"[{""index"":1,""testcaseId"":""6a9a9a99bf41025d6013eb8a"",""status"":""Pass"",""statusKey"":""pass"",""errorPercent"":0,""timeUs"":5.18,""bestTimeUs"":1.7,""score"":26.682},{""index"":2,""testcaseId"":""6a9a9a99bf41025d6013eb8e"",""status"":""Wrong Answer"",""statusKey"":""fail"",""errorPercent"":35.025,""timeUs"":3.75,""bestTimeUs"":2.16,""score"":42.363},{""index"":3,""testcaseId"":""6a9a9a99bf41025d6013eb92"",""status"":""Pass"",""statusKey"":""pass"",""errorPercent"":0,""timeUs"":6.63,""bestTimeUs"":2.47,""score"":29.11},{""index"":4,""testcaseId"":""6a9a9a99bf41025d6013eb96"",""status"":""Runtime Error"",""statusKey"":""fail"",""errorPercent"":100,""timeUs"":0,""bestTimeUs"":6.66,""score"":0},{""index"":5,""testcaseId"":""6a9a9a99bf41025d6013eb9a"",""status"":""Skipped"",""statusKey"":""fail"",""errorPercent"":100,""timeUs"":0,""bestTimeUs"":5.2,""score"":0},{""index"":6,""testcaseId"":""6a9a9a99bf41025d6013eb9e"",""status"":""Skipped"",""statusKey"":""fail"",""errorPercent"":100,""timeUs"":0,""bestTimeUs"":10.86,""score"":0},{""index"":7,""testcaseId"":""6a9a9a99bf41025d6013eba2"",""status"":""Skipped"",""statusKey"":""fail"",""errorPercent"":100,""timeUs"":0,""bestTimeUs"":13.99,""score"":0},{""index"":8,""testcaseId"":""6a9a9a99bf41025d6013eba6"",""status"":""Skipped"",""statusKey"":""fail"",""errorPercent"":100,""timeUs"":0,""bestTimeUs"":30.16,""score"":0},{""index"":9,""testcaseId"":""6a9a9a99bf41025d6013ebaa"",""status"":""Skipped"",""statusKey"":""fail"",""errorPercent"":100,""timeUs"":0,""bestTimeUs"":68.2,""score"":0},{""index"":10,""testcaseId"":""6a9a9a99bf41025d6013ebae"",""status"":""Skipped"",""statusKey"":""fail"",""errorPercent"":100,""timeUs"":0,""bestTimeUs"":47.16,""score"":0},{""index"":11,""testcaseId"":""6a9a9a99bf41025d6013ebb2"",""status"":""Skipped"",""statusKey"":""fail"",""errorPercent"":100,""timeUs"":0,""bestTimeUs"":131.38,""score"":0},{""index"":12,""testcaseId"":""6a9a9a99bf41025d6013ebb6"",""status"":""Skipped"",""statusKey"":""fail"",""errorPercent"":100,""timeUs"":0,""bestTimeUs"":76.43,""score"":0},{""index"":13,""testcaseId"":""6a9a9a99bf41025d6013ebba"",""status"":""Skipped"",""statusKey"":""fail"",""errorPercent"":100,""timeUs"":0,""bestTimeUs"":393.51,""score"":0},{""index"":14,""testcaseId"":""6a9a9a99bf41025d6013ebbe"",""status"":""Skipped"",""statusKey"":""fail"",""errorPercent"":100,""timeUs"":0,""bestTimeUs"":3750.12,""score"":0},{""index"":15,""testcaseId"":""6a9a9a99bf41025d6013ebc2"",""status"":""Skipped"",""statusKey"":""fail"",""errorPercent"":100,""timeUs"":0,""bestTimeUs"":8321.94,""score"":0}]"
23	线上结果/R31B/V006/result.json	UNKNOWN	6ab299c90304f72a568da4c2	Pass	pass	15	15	43.91	43.906	0	/Users/sunyiyang/Desktop/Project/cann/phase4/workspaces/R31B/R31B-V006-MTE3-QUEUE-DEPTH_kernel.asc	09cf918b36a4407030188c0b2c7f69541aa903a0aca757e39c600d34e7f4caec	UNKNOWN	UNKNOWN	3293	176869	"[{""index"":1,""testcaseId"":""6a9a9a99bf41025d6013eb8a"",""status"":""Pass"",""statusKey"":""pass"",""errorPercent"":0,""timeUs"":5.04,""bestTimeUs"":1.7,""score"":27.172},{""index"":2,""testcaseId"":""6a9a9a99bf41025d6013eb8e"",""status"":""Pass"",""statusKey"":""pass"",""errorPercent"":0,""timeUs"":3.59,""bestTimeUs"":2.16,""score"":44.385},{""index"":3,""testcaseId"":""6a9a9a99bf41025d6013eb92"",""status"":""Pass"",""statusKey"":""pass"",""errorPercent"":0,""timeUs"":5.06,""bestTimeUs"":2.47,""score"":36.118},{""index"":4,""testcaseId"":""6a9a9a99bf41025d6013eb96"",""status"":""Pass"",""statusKey"":""pass"",""errorPercent"":0,""timeUs"":19.1,""bestTimeUs"":6.66,""score"":27.79},{""index"":5,""testcaseId"":""6a9a9a99bf41025d6013eb9a"",""status"":""Pass"",""statusKey"":""pass"",""errorPercent"":0,""timeUs"":15.41,""bestTimeUs"":5.2,""score"":27.179},{""index"":6,""testcaseId"":""6a9a9a99bf41025d6013eb9e"",""status"":""Pass"",""statusKey"":""pass"",""errorPercent"":0,""timeUs"":31.34,""bestTimeUs"":10.86,""score"":27.672},{""index"":7,""testcaseId"":""6a9a9a99bf41025d6013eba2"",""status"":""Pass"",""statusKey"":""pass"",""errorPercent"":0,""timeUs"":59.35,""bestTimeUs"":13.99,""score"":21.91},{""index"":8,""testcaseId"":""6a9a9a99bf41025d6013eba6"",""status"":""Pass"",""statusKey"":""pass"",""errorPercent"":0,""timeUs"":69.46,""bestTimeUs"":30.16,""score"":32.707},{""index"":9,""testcaseId"":""6a9a9a99bf41025d6013ebaa"",""status"":""Pass"",""statusKey"":""pass"",""errorPercent"":0,""timeUs"":70.86,""bestTimeUs"":68.2,""score"":91.377},{""index"":10,""testcaseId"":""6a9a9a99bf41025d6013ebae"",""status"":""Pass"",""statusKey"":""pass"",""errorPercent"":0,""timeUs"":74.89,""bestTimeUs"":47.16,""score"":46.716},{""index"":11,""testcaseId"":""6a9a9a99bf41025d6013ebb2"",""status"":""Pass"",""statusKey"":""pass"",""errorPercent"":0,""timeUs"":162.8,""bestTimeUs"":131.38,""score"":65.409},{""index"":12,""testcaseId"":""6a9a9a99bf41025d6013ebb6"",""status"":""Pass"",""statusKey"":""pass"",""errorPercent"":0,""timeUs"":97.29,""bestTimeUs"":76.43,""score"":62.689},{""index"":13,""testcaseId"":""6a9a9a99bf41025d6013ebba"",""status"":""Pass"",""statusKey"":""pass"",""errorPercent"":0,""timeUs"":563.15,""bestTimeUs"":393.51,""score"":53.078},{""index"":14,""testcaseId"":""6a9a9a99bf41025d6013ebbe"",""status"":""Pass"",""statusKey"":""pass"",""errorPercent"":0,""timeUs"":16670.46,""bestTimeUs"":3750.12,""score"":21.37},{""index"":15,""testcaseId"":""6a9a9a99bf41025d6013ebc2"",""status"":""Pass"",""statusKey"":""pass"",""errorPercent"":0,""timeUs"":9667.47,""bestTimeUs"":8321.94,""score"":73.013}]"
38	线上结果/R31B/V007/result.json	UNKNOWN	6ab29eb30304f72a56907f42	Pass	pass	15	15	42.07	42.07	0	/Users/sunyiyang/Desktop/Project/cann/phase4/workspaces/R31B/R31B-V007-FULLY-N2-TILE_kernel.asc	fb68eb15872228975ca2982b68c72e755e9c577e5508bbf9b4b65de1907d6ee0	UNKNOWN	UNKNOWN	3294	176969	"[{""index"":1,""testcaseId"":""6a9a9a99bf41025d6013eb8a"",""status"":""Pass"",""statusKey"":""pass"",""errorPercent"":0,""timeUs"":4.77,""bestTimeUs"":1.7,""score"":28.212},{""index"":2,""testcaseId"":""6a9a9a99bf41025d6013eb8e"",""status"":""Pass"",""statusKey"":""pass"",""errorPercent"":0,""timeUs"":3.84,""bestTimeUs"":2.16,""score"":41.339},{""index"":3,""testcaseId"":""6a9a9a99bf41025d6013eb92"",""status"":""Pass"",""statusKey"":""pass"",""errorPercent"":0,""timeUs"":5.69,""bestTimeUs"":2.47,""score"":32.7},{""index"":4,""testcaseId"":""6a9a9a99bf41025d6013eb96"",""status"":""Pass"",""statusKey"":""pass"",""errorPercent"":0,""timeUs"":20.28,""bestTimeUs"":6.66,""score"":26.693},{""index"":5,""testcaseId"":""6a9a9a99bf41025d6013eb9a"",""status"":""Pass"",""statusKey"":""pass"",""errorPercent"":0,""timeUs"":23.51,""bestTimeUs"":5.2,""score"":21.182},{""index"":6,""testcaseId"":""6a9a9a99bf41025d6013eb9e"",""status"":""Pass"",""statusKey"":""pass"",""errorPercent"":0,""timeUs"":33.19,""bestTimeUs"":10.86,""score"":26.629},{""index"":7,""testcaseId"":""6a9a9a99bf41025d6013eba2"",""status"":""Pass"",""statusKey"":""pass"",""errorPercent"":0,""timeUs"":59.76,""bestTimeUs"":13.99,""score"":21.829},{""index"":8,""testcaseId"":""6a9a9a99bf41025d6013eba6"",""status"":""Pass"",""statusKey"":""pass"",""errorPercent"":0,""timeUs"":70.31,""bestTimeUs"":30.16,""score"":32.389},{""index"":9,""testcaseId"":""6a9a9a99bf41025d6013ebaa"",""status"":""Pass"",""statusKey"":""pass"",""errorPercent"":0,""timeUs"":75.21,""bestTimeUs"":68.2,""score"":80.561},{""index"":10,""testcaseId"":""6a9a9a99bf41025d6013ebae"",""status"":""Pass"",""statusKey"":""pass"",""errorPercent"":0,""timeUs"":75.4,""bestTimeUs"":47.05,""score"":46.23},{""index"":11,""testcaseId"":""6a9a9a99bf41025d6013ebb2"",""status"":""Pass"",""statusKey"":""pass"",""errorPercent"":0,""timeUs"":163.48,""bestTimeUs"":131.38,""score"":64.972},{""index"":12,""testcaseId"":""6a9a9a99bf41025d6013ebb6"",""status"":""Pass"",""statusKey"":""pass"",""errorPercent"":0,""timeUs"":98.98,""bestTimeUs"":76.43,""score"":61.063},{""index"":13,""testcaseId"":""6a9a9a99bf41025d6013ebba"",""status"":""Pass"",""statusKey"":""pass"",""errorPercent"":0,""timeUs"":565.6,""bestTimeUs"":393.51,""score"":52.778},{""index"":14,""testcaseId"":""6a9a9a99bf41025d6013ebbe"",""status"":""Pass"",""statusKey"":""pass"",""errorPercent"":0,""timeUs"":16529.03,""bestTimeUs"":3750.12,""score"":21.467},{""index"":15,""testcaseId"":""6a9a9a99bf41025d6013ebc2"",""status"":""Pass"",""statusKey"":""pass"",""errorPercent"":0,""timeUs"":9667.98,""bestTimeUs"":8321.94,""score"":73.006}]"
UNKNOWN	线上结果/R31B/V008/result.json	UNKNOWN	6ab2a4b00304f72a5693f729	Runtime Error	fail	0	15	UNKNOWN	UNKNOWN	100	/Users/sunyiyang/Desktop/Project/cann/phase4/workspaces/R31B/R31B-V008-DSLICE-SMALL-R_kernel.asc	923e7a16e9cc7ec6497bcbc3f27006f13cfb1bf8edc75a82fb366ed52116741f	UNKNOWN	UNKNOWN	3753	200228	"[{""index"":1,""testcaseId"":""6a9a9a99bf41025d6013eb8a"",""status"":""Runtime Error"",""statusKey"":""fail"",""errorPercent"":100,""timeUs"":0,""bestTimeUs"":1.7,""score"":0},{""index"":2,""testcaseId"":""6a9a9a99bf41025d6013eb8e"",""status"":""Runtime Error"",""statusKey"":""fail"",""errorPercent"":100,""timeUs"":0,""bestTimeUs"":2.16,""score"":0},{""index"":3,""testcaseId"":""6a9a9a99bf41025d6013eb92"",""status"":""Runtime Error"",""statusKey"":""fail"",""errorPercent"":100,""timeUs"":0,""bestTimeUs"":2.47,""score"":0},{""index"":4,""testcaseId"":""6a9a9a99bf41025d6013eb96"",""status"":""Runtime Error"",""statusKey"":""fail"",""errorPercent"":100,""timeUs"":0,""bestTimeUs"":6.66,""score"":0},{""index"":5,""testcaseId"":""6a9a9a99bf41025d6013eb9a"",""status"":""Runtime Error"",""statusKey"":""fail"",""errorPercent"":100,""timeUs"":0,""bestTimeUs"":5.2,""score"":0},{""index"":6,""testcaseId"":""6a9a9a99bf41025d6013eb9e"",""status"":""Runtime Error"",""statusKey"":""fail"",""errorPercent"":100,""timeUs"":0,""bestTimeUs"":10.86,""score"":0},{""index"":7,""testcaseId"":""6a9a9a99bf41025d6013eba2"",""status"":""Runtime Error"",""statusKey"":""fail"",""errorPercent"":100,""timeUs"":0,""bestTimeUs"":13.99,""score"":0},{""index"":8,""testcaseId"":""6a9a9a99bf41025d6013eba6"",""status"":""Runtime Error"",""statusKey"":""fail"",""errorPercent"":100,""timeUs"":0,""bestTimeUs"":30.16,""score"":0},{""index"":9,""testcaseId"":""6a9a9a99bf41025d6013ebaa"",""status"":""Runtime Error"",""statusKey"":""fail"",""errorPercent"":100,""timeUs"":0,""bestTimeUs"":68.2,""score"":0},{""index"":10,""testcaseId"":""6a9a9a99bf41025d6013ebae"",""status"":""Runtime Error"",""statusKey"":""fail"",""errorPercent"":100,""timeUs"":0,""bestTimeUs"":47.16,""score"":0},{""index"":11,""testcaseId"":""6a9a9a99bf41025d6013ebb2"",""status"":""Runtime Error"",""statusKey"":""fail"",""errorPercent"":100,""timeUs"":0,""bestTimeUs"":131.38,""score"":0},{""index"":12,""testcaseId"":""6a9a9a99bf41025d6013ebb6"",""status"":""Runtime Error"",""statusKey"":""fail"",""errorPercent"":100,""timeUs"":0,""bestTimeUs"":76.43,""score"":0},{""index"":13,""testcaseId"":""6a9a9a99bf41025d6013ebba"",""status"":""Runtime Error"",""statusKey"":""fail"",""errorPercent"":100,""timeUs"":0,""bestTimeUs"":393.51,""score"":0},{""index"":14,""testcaseId"":""6a9a9a99bf41025d6013ebbe"",""status"":""Runtime Error"",""statusKey"":""fail"",""errorPercent"":100,""timeUs"":0,""bestTimeUs"":3750.12,""score"":0},{""index"":15,""testcaseId"":""6a9a9a99bf41025d6013ebc2"",""status"":""Runtime Error"",""statusKey"":""fail"",""errorPercent"":100,""timeUs"":0,""bestTimeUs"":8321.94,""score"":0}]"
26	线上结果/R31B/V009/result.json	UNKNOWN	6ab2a7fd0304f72a5695f4fe	Pass	pass	15	15	43.81	43.815	0	/Users/sunyiyang/Desktop/Project/cann/phase4/workspaces/R31B/R31B-V009-MTE2-QUEUE-DEPTH_kernel.asc	d8c6e5cf2c8e6fe7a6f72cc74acb1e9a48d968b7426078ed56d0414a6ae8544a	UNKNOWN	UNKNOWN	3361	180587	"[{""index"":1,""testcaseId"":""6a9a9a99bf41025d6013eb8a"",""status"":""Pass"",""statusKey"":""pass"",""errorPercent"":0,""timeUs"":4.68,""bestTimeUs"":1.7,""score"":28.591},{""index"":2,""testcaseId"":""6a9a9a99bf41025d6013eb8e"",""status"":""Pass"",""statusKey"":""pass"",""errorPercent"":0,""timeUs"":3.62,""bestTimeUs"":2.16,""score"":43.985},{""index"":3,""testcaseId"":""6a9a9a99bf41025d6013eb92"",""status"":""Pass"",""statusKey"":""pass"",""errorPercent"":0,""timeUs"":5.57,""bestTimeUs"":2.47,""score"":33.272},{""index"":4,""testcaseId"":""6a9a9a99bf41025d6013eb96"",""status"":""Pass"",""statusKey"":""pass"",""errorPercent"":0,""timeUs"":19,""bestTimeUs"":6.66,""score"":27.89},{""index"":5,""testcaseId"":""6a9a9a99bf41025d6013eb9a"",""status"":""Pass"",""statusKey"":""pass"",""errorPercent"":0,""timeUs"":14.75,""bestTimeUs"":5.2,""score"":28.001},{""index"":6,""testcaseId"":""6a9a9a99bf41025d6013eb9e"",""status"":""Pass"",""statusKey"":""pass"",""errorPercent"":0,""timeUs"":31.65,""bestTimeUs"":10.86,""score"":27.487},{""index"":7,""testcaseId"":""6a9a9a99bf41025d6013eba2"",""status"":""Pass"",""statusKey"":""pass"",""errorPercent"":0,""timeUs"":59.56,""bestTimeUs"":13.99,""score"":21.868},{""index"":8,""testcaseId"":""6a9a9a99bf41025d6013eba6"",""status"":""Pass"",""statusKey"":""pass"",""errorPercent"":0,""timeUs"":70.32,""bestTimeUs"":30.16,""score"":32.385},{""index"":9,""testcaseId"":""6a9a9a99bf41025d6013ebaa"",""status"":""Pass"",""statusKey"":""pass"",""errorPercent"":0,""timeUs"":71.18,""bestTimeUs"":68.2,""score"":90.459},{""index"":10,""testcaseId"":""6a9a9a99bf41025d6013ebae"",""status"":""Pass"",""statusKey"":""pass"",""errorPercent"":0,""timeUs"":74.76,""bestTimeUs"":47.16,""score"":46.684},{""index"":11,""testcaseId"":""6a9a9a99bf41025d6013ebb2"",""status"":""Pass"",""statusKey"":""pass"",""errorPercent"":0,""timeUs"":161.52,""bestTimeUs"":131.38,""score"":66.252},{""index"":12,""testcaseId"":""6a9a9a99bf41025d6013ebb6"",""status"":""Pass"",""statusKey"":""pass"",""errorPercent"":0,""timeUs"":97.29,""bestTimeUs"":76.43,""score"":62.689},{""index"":13,""testcaseId"":""6a9a9a99bf41025d6013ebba"",""status"":""Pass"",""statusKey"":""pass"",""errorPercent"":0,""timeUs"":563.99,""bestTimeUs"":393.51,""score"":52.975},{""index"":14,""testcaseId"":""6a9a9a99bf41025d6013ebbe"",""status"":""Pass"",""statusKey"":""pass"",""errorPercent"":0,""timeUs"":16423.73,""bestTimeUs"":3750.12,""score"":21.54},{""index"":15,""testcaseId"":""6a9a9a99bf41025d6013ebc2"",""status"":""Pass"",""statusKey"":""pass"",""errorPercent"":0,""timeUs"":9658.03,""bestTimeUs"":8321.94,""score"":73.141}]"
23	线上结果/R31B/V010/result.json	UNKNOWN	6ab2ac460304f72a56983e6e	Pass	pass	15	15	43.91	43.908	0	/Users/sunyiyang/Desktop/Project/cann/phase4/workspaces/R31B/R31B-V010-N-MID-OVERLAP_kernel.asc	84e0742de94a8fa80252bc940f6c243811e310f30fcfca62c326169821c4cea4	UNKNOWN	UNKNOWN	3426	183564	"[{""index"":1,""testcaseId"":""6a9a9a99bf41025d6013eb8a"",""status"":""Pass"",""statusKey"":""pass"",""errorPercent"":0,""timeUs"":5.27,""bestTimeUs"":1.7,""score"":26.383},{""index"":2,""testcaseId"":""6a9a9a99bf41025d6013eb8e"",""status"":""Pass"",""statusKey"":""pass"",""errorPercent"":0,""timeUs"":3.26,""bestTimeUs"":2.16,""score"":49.623},{""index"":3,""testcaseId"":""6a9a9a99bf41025d6013eb92"",""status"":""Pass"",""statusKey"":""pass"",""errorPercent"":0,""timeUs"":5.98,""bestTimeUs"":2.47,""score"":31.44},{""index"":4,""testcaseId"":""6a9a9a99bf41025d6013eb96"",""status"":""Pass"",""statusKey"":""pass"",""errorPercent"":0,""timeUs"":16.54,""bestTimeUs"":6.66,""score"":30.831},{""index"":5,""testcaseId"":""6a9a9a99bf41025d6013eb9a"",""status"":""Pass"",""statusKey"":""pass"",""errorPercent"":0,""timeUs"":14.8,""bestTimeUs"":5.2,""score"":27.935},{""index"":6,""testcaseId"":""6a9a9a99bf41025d6013eb9e"",""status"":""Pass"",""statusKey"":""pass"",""errorPercent"":0,""timeUs"":28.98,""bestTimeUs"":10.86,""score"":29.234},{""index"":7,""testcaseId"":""6a9a9a99bf41025d6013eba2"",""status"":""Pass"",""statusKey"":""pass"",""errorPercent"":0,""timeUs"":53.67,""bestTimeUs"":13.99,""score"":23.17},{""index"":8,""testcaseId"":""6a9a9a99bf41025d6013eba6"",""status"":""Pass"",""statusKey"":""pass"",""errorPercent"":0,""timeUs"":70.62,""bestTimeUs"":30.16,""score"":32.276},{""index"":9,""testcaseId"":""6a9a9a99bf41025d6013ebaa"",""status"":""Pass"",""statusKey"":""pass"",""errorPercent"":0,""timeUs"":72.55,""bestTimeUs"":68.2,""score"":86.768},{""index"":10,""testcaseId"":""6a9a9a99bf41025d6013ebae"",""status"":""Pass"",""statusKey"":""pass"",""errorPercent"":0,""timeUs"":74.96,""bestTimeUs"":47.05,""score"":46.541},{""index"":11,""testcaseId"":""6a9a9a99bf41025d6013ebb2"",""status"":""Pass"",""statusKey"":""pass"",""errorPercent"":0,""timeUs"":163.2,""bestTimeUs"":131.38,""score"":65.151},{""index"":12,""testcaseId"":""6a9a9a99bf41025d6013ebb6"",""status"":""Pass"",""statusKey"":""pass"",""errorPercent"":0,""timeUs"":98.14,""bestTimeUs"":76.43,""score"":61.857},{""index"":13,""testcaseId"":""6a9a9a99bf41025d6013ebba"",""status"":""Pass"",""statusKey"":""pass"",""errorPercent"":0,""timeUs"":564.98,""bestTimeUs"":393.51,""score"":52.854},{""index"":14,""testcaseId"":""6a9a9a99bf41025d6013ebbe"",""status"":""Pass"",""statusKey"":""pass"",""errorPercent"":0,""timeUs"":16442.59,""bestTimeUs"":3750.12,""score"":21.527},{""index"":15,""testcaseId"":""6a9a9a99bf41025d6013ebc2"",""status"":""Pass"",""statusKey"":""pass"",""errorPercent"":0,""timeUs"":9666.45,""bestTimeUs"":8321.94,""score"":73.026}]"
1	线上结果/R31B/V011/result.json	线上结果/R31B/V011/source-meta.json	6ab2c10c0304f72a56a0c5cb	Pass	pass	15	15	45.16	45.16	0	/Users/sunyiyang/Desktop/Project/cann/phase4/workspaces/R31B/R31B-V011-LP-ROW-PIPELINE_kernel.asc	a8c19a1972207acc67e3fb0cd393cc70b0a4b183d1eaf5610edf80c2879b15e3	43a1049a1e08e518c88e354a754fdebb85a96f99	UNKNOWN	3554	190020	"[{""index"":1,""testcaseId"":""6a9a9a99bf41025d6013eb8a"",""status"":""Pass"",""statusKey"":""pass"",""errorPercent"":0,""timeUs"":5.44,""bestTimeUs"":1.7,""score"":25.849},{""index"":2,""testcaseId"":""6a9a9a99bf41025d6013eb8e"",""status"":""Pass"",""statusKey"":""pass"",""errorPercent"":0,""timeUs"":3.34,""bestTimeUs"":2.16,""score"":48.193},{""index"":3,""testcaseId"":""6a9a9a99bf41025d6013eb92"",""status"":""Pass"",""statusKey"":""pass"",""errorPercent"":0,""timeUs"":5.16,""bestTimeUs"":2.47,""score"":35.499},{""index"":4,""testcaseId"":""6a9a9a99bf41025d6013eb96"",""status"":""Pass"",""statusKey"":""pass"",""errorPercent"":0,""timeUs"":16.55,""bestTimeUs"":6.66,""score"":30.817},{""index"":5,""testcaseId"":""6a9a9a99bf41025d6013eb9a"",""status"":""Pass"",""statusKey"":""pass"",""errorPercent"":0,""timeUs"":9.93,""bestTimeUs"":5.2,""score"":38.529},{""index"":6,""testcaseId"":""6a9a9a99bf41025d6013eb9e"",""status"":""Pass"",""statusKey"":""pass"",""errorPercent"":0,""timeUs"":28.46,""bestTimeUs"":10.86,""score"":29.62},{""index"":7,""testcaseId"":""6a9a9a99bf41025d6013eba2"",""status"":""Pass"",""statusKey"":""pass"",""errorPercent"":0,""timeUs"":52.34,""bestTimeUs"":13.99,""score"":23.507},{""index"":8,""testcaseId"":""6a9a9a99bf41025d6013eba6"",""status"":""Pass"",""statusKey"":""pass"",""errorPercent"":0,""timeUs"":69.21,""bestTimeUs"":30.16,""score"":32.802},{""index"":9,""testcaseId"":""6a9a9a99bf41025d6013ebaa"",""status"":""Pass"",""statusKey"":""pass"",""errorPercent"":0,""timeUs"":71.85,""bestTimeUs"":68.2,""score"":88.607},{""index"":10,""testcaseId"":""6a9a9a99bf41025d6013ebae"",""status"":""Pass"",""statusKey"":""pass"",""errorPercent"":0,""timeUs"":74.82,""bestTimeUs"":47.05,""score"":46.641},{""index"":11,""testcaseId"":""6a9a9a99bf41025d6013ebb2"",""status"":""Pass"",""statusKey"":""pass"",""errorPercent"":0,""timeUs"":160.26,""bestTimeUs"":131.38,""score"":67.111},{""index"":12,""testcaseId"":""6a9a9a99bf41025d6013ebb6"",""status"":""Pass"",""statusKey"":""pass"",""errorPercent"":0,""timeUs"":97.69,""bestTimeUs"":76.43,""score"":62.294},{""index"":13,""testcaseId"":""6a9a9a99bf41025d6013ebba"",""status"":""Pass"",""statusKey"":""pass"",""errorPercent"":0,""timeUs"":563.74,""bestTimeUs"":393.51,""score"":53.005},{""index"":14,""testcaseId"":""6a9a9a99bf41025d6013ebbe"",""status"":""Pass"",""statusKey"":""pass"",""errorPercent"":0,""timeUs"":16486.82,""bestTimeUs"":3750.12,""score"":21.496},{""index"":15,""testcaseId"":""6a9a9a99bf41025d6013ebc2"",""status"":""Pass"",""statusKey"":""pass"",""errorPercent"":0,""timeUs"":9637.47,""bestTimeUs"":8321.94,""score"":73.423}]"
2	线上结果/R31B/V012/result.json	UNKNOWN	6ab2c4e50304f72a56a22f31	Pass	pass	15	15	45.14	45.136	0	/Users/sunyiyang/Desktop/Project/cann/phase4/workspaces/R31B/R31B-V012-FP32-ROW-PIPELINE_kernel.asc	f2dddb6d046c47e324bab43d052bdf04b6c77cc305e4248431f34f5bf9eebc85	UNKNOWN	UNKNOWN	3671	195887	"[{""index"":1,""testcaseId"":""6a9a9a99bf41025d6013eb8a"",""status"":""Pass"",""statusKey"":""pass"",""errorPercent"":0,""timeUs"":4.81,""bestTimeUs"":1.7,""score"":28.05},{""index"":2,""testcaseId"":""6a9a9a99bf41025d6013eb8e"",""status"":""Pass"",""statusKey"":""pass"",""errorPercent"":0,""timeUs"":3.24,""bestTimeUs"":2.16,""score"":50},{""index"":3,""testcaseId"":""6a9a9a99bf41025d6013eb92"",""status"":""Pass"",""statusKey"":""pass"",""errorPercent"":0,""timeUs"":5.35,""bestTimeUs"":2.47,""score"":34.41},{""index"":4,""testcaseId"":""6a9a9a99bf41025d6013eb96"",""status"":""Pass"",""statusKey"":""pass"",""errorPercent"":0,""timeUs"":16.73,""bestTimeUs"":6.66,""score"":30.565},{""index"":5,""testcaseId"":""6a9a9a99bf41025d6013eb9a"",""status"":""Pass"",""statusKey"":""pass"",""errorPercent"":0,""timeUs"":10.09,""bestTimeUs"":5.2,""score"":37.952},{""index"":6,""testcaseId"":""6a9a9a99bf41025d6013eb9e"",""status"":""Pass"",""statusKey"":""pass"",""errorPercent"":0,""timeUs"":28.52,""bestTimeUs"":10.86,""score"":29.575},{""index"":7,""testcaseId"":""6a9a9a99bf41025d6013eba2"",""status"":""Pass"",""statusKey"":""pass"",""errorPercent"":0,""timeUs"":52.3,""bestTimeUs"":13.99,""score"":23.517},{""index"":8,""testcaseId"":""6a9a9a99bf41025d6013eba6"",""status"":""Pass"",""statusKey"":""pass"",""errorPercent"":0,""timeUs"":70.19,""bestTimeUs"":30.16,""score"":32.433},{""index"":9,""testcaseId"":""6a9a9a99bf41025d6013ebaa"",""status"":""Pass"",""statusKey"":""pass"",""errorPercent"":0,""timeUs"":71.1,""bestTimeUs"":68.2,""score"":90.686},{""index"":10,""testcaseId"":""6a9a9a99bf41025d6013ebae"",""status"":""Pass"",""statusKey"":""pass"",""errorPercent"":0,""timeUs"":74.44,""bestTimeUs"":47.05,""score"":46.915},{""index"":11,""testcaseId"":""6a9a9a99bf41025d6013ebb2"",""status"":""Pass"",""statusKey"":""pass"",""errorPercent"":0,""timeUs"":165.13,""bestTimeUs"":131.38,""score"":63.943},{""index"":12,""testcaseId"":""6a9a9a99bf41025d6013ebb6"",""status"":""Pass"",""statusKey"":""pass"",""errorPercent"":0,""timeUs"":98.32,""bestTimeUs"":76.43,""score"":61.685},{""index"":13,""testcaseId"":""6a9a9a99bf41025d6013ebba"",""status"":""Pass"",""statusKey"":""pass"",""errorPercent"":0,""timeUs"":566.46,""bestTimeUs"":393.51,""score"":52.674},{""index"":14,""testcaseId"":""6a9a9a99bf41025d6013ebbe"",""status"":""Pass"",""statusKey"":""pass"",""errorPercent"":0,""timeUs"":16480.67,""bestTimeUs"":3750.12,""score"":21.5},{""index"":15,""testcaseId"":""6a9a9a99bf41025d6013ebc2"",""status"":""Pass"",""statusKey"":""pass"",""errorPercent"":0,""timeUs"":9658.38,""bestTimeUs"":8321.94,""score"":73.136}]"
3	线上结果/R31B/V013/result.json	UNKNOWN	6ab2c7e70304f72a56a33bcb	Pass	pass	15	15	45.07	45.072	0	/Users/sunyiyang/Desktop/Project/cann/phase4/workspaces/R31B/R31B-V013-MIDWIDE-OVERLAP_kernel.asc	aacf6bcfe1075efead958526ac1d68da86accd46516f8cdbcf640613ef8ea605	UNKNOWN	UNKNOWN	3599	193121	"[{""index"":1,""testcaseId"":""6a9a9a99bf41025d6013eb8a"",""status"":""Pass"",""statusKey"":""pass"",""errorPercent"":0,""timeUs"":5.03,""bestTimeUs"":1.7,""score"":27.208},{""index"":2,""testcaseId"":""6a9a9a99bf41025d6013eb8e"",""status"":""Pass"",""statusKey"":""pass"",""errorPercent"":0,""timeUs"":3.23,""bestTimeUs"":2.16,""score"":50.191},{""index"":3,""testcaseId"":""6a9a9a99bf41025d6013eb92"",""status"":""Pass"",""statusKey"":""pass"",""errorPercent"":0,""timeUs"":5.28,""bestTimeUs"":2.47,""score"":34.799},{""index"":4,""testcaseId"":""6a9a9a99bf41025d6013eb96"",""status"":""Pass"",""statusKey"":""pass"",""errorPercent"":0,""timeUs"":17.21,""bestTimeUs"":6.66,""score"":29.927},{""index"":5,""testcaseId"":""6a9a9a99bf41025d6013eb9a"",""status"":""Pass"",""statusKey"":""pass"",""errorPercent"":0,""timeUs"":9.95,""bestTimeUs"":5.2,""score"":38.455},{""index"":6,""testcaseId"":""6a9a9a99bf41025d6013eb9e"",""status"":""Pass"",""statusKey"":""pass"",""errorPercent"":0,""timeUs"":29.63,""bestTimeUs"":10.86,""score"":28.773},{""index"":7,""testcaseId"":""6a9a9a99bf41025d6013eba2"",""status"":""Pass"",""statusKey"":""pass"",""errorPercent"":0,""timeUs"":54.52,""bestTimeUs"":13.99,""score"":22.964},{""index"":8,""testcaseId"":""6a9a9a99bf41025d6013eba6"",""status"":""Pass"",""statusKey"":""pass"",""errorPercent"":0,""timeUs"":69.82,""bestTimeUs"":30.16,""score"":32.571},{""index"":9,""testcaseId"":""6a9a9a99bf41025d6013ebaa"",""status"":""Pass"",""statusKey"":""pass"",""errorPercent"":0,""timeUs"":71.62,""bestTimeUs"":68.2,""score"":89.232},{""index"":10,""testcaseId"":""6a9a9a99bf41025d6013ebae"",""status"":""Pass"",""statusKey"":""pass"",""errorPercent"":0,""timeUs"":74.83,""bestTimeUs"":47.05,""score"":46.633},{""index"":11,""testcaseId"":""6a9a9a99bf41025d6013ebb2"",""status"":""Pass"",""statusKey"":""pass"",""errorPercent"":0,""timeUs"":162.79,""bestTimeUs"":131.38,""score"":65.415},{""index"":12,""testcaseId"":""6a9a9a99bf41025d6013ebb6"",""status"":""Pass"",""statusKey"":""pass"",""errorPercent"":0,""timeUs"":97.69,""bestTimeUs"":76.43,""score"":62.294},{""index"":13,""testcaseId"":""6a9a9a99bf41025d6013ebba"",""status"":""Pass"",""statusKey"":""pass"",""errorPercent"":0,""timeUs"":565.63,""bestTimeUs"":393.51,""score"":52.774},{""index"":14,""testcaseId"":""6a9a9a99bf41025d6013ebbe"",""status"":""Pass"",""statusKey"":""pass"",""errorPercent"":0,""timeUs"":16457.54,""bestTimeUs"":3750.12,""score"":21.516},{""index"":15,""testcaseId"":""6a9a9a99bf41025d6013ebc2"",""status"":""Pass"",""statusKey"":""pass"",""errorPercent"":0,""timeUs"":9644.85,""bestTimeUs"":8321.94,""score"":73.322}]"
10	线上结果/R31B/V017/result.json	线上结果/R31B/V017/source-meta.json	6abb80ba694b590c3c970983	Pass	pass	15	15	44.68	44.67593581871688	0	/Users/sunyiyang/Desktop/Project/cann-main1/线上结果/R31B/V017/submission.asc	7c168eafde4c07d2a0667253a06925070e10349ccf08327a1b287302788180c4	b33f03630f60be57b4e17c72f3e516f9e26b19be	UNKNOWN	3580	191606	"[{""index"":1,""testcaseId"":""6a9a9a99bf41025d6013eb8a"",""status"":""Pass"",""statusKey"":""pass"",""errorPercent"":0,""timeUs"":5.15,""bestTimeUs"":1.58,""score"":25.54856089082893},{""index"":2,""testcaseId"":""6a9a9a99bf41025d6013eb8e"",""status"":""Pass"",""statusKey"":""pass"",""errorPercent"":0,""timeUs"":3.37,""bestTimeUs"":2.2,""score"":48.7384445935065},{""index"":3,""testcaseId"":""6a9a9a99bf41025d6013eb92"",""status"":""Pass"",""statusKey"":""pass"",""errorPercent"":0,""timeUs"":5.55,""bestTimeUs"":2.47,""score"":33.37038104831328},{""index"":4,""testcaseId"":""6a9a9a99bf41025d6013eb96"",""status"":""Pass"",""statusKey"":""pass"",""errorPercent"":0,""timeUs"":16.74,""bestTimeUs"":6.64,""score"":30.48256398822793},{""index"":5,""testcaseId"":""6a9a9a99bf41025d6013eb9a"",""status"":""Pass"",""statusKey"":""pass"",""errorPercent"":0,""timeUs"":8.52,""bestTimeUs"":5.2,""score"":45.090615759975336},{""index"":6,""testcaseId"":""6a9a9a99bf41025d6013eb9e"",""status"":""Pass"",""statusKey"":""pass"",""errorPercent"":0,""timeUs"":28.36,""bestTimeUs"":9.62,""score"":27.274650843236195},{""index"":7,""testcaseId"":""6a9a9a99bf41025d6013eba2"",""status"":""Pass"",""statusKey"":""pass"",""errorPercent"":0,""timeUs"":52.36,""bestTimeUs"":13.9,""score"":23.414021510982135},{""index"":8,""testcaseId"":""6a9a9a99bf41025d6013eba6"",""status"":""Pass"",""statusKey"":""pass"",""errorPercent"":0,""timeUs"":70.49,""bestTimeUs"":30.16,""score"":32.32292974740355},{""index"":9,""testcaseId"":""6a9a9a99bf41025d6013ebaa"",""status"":""Pass"",""statusKey"":""pass"",""errorPercent"":0,""timeUs"":72.7,""bestTimeUs"":67.81,""score"":85.34368038139526},{""index"":10,""testcaseId"":""6a9a9a99bf41025d6013ebae"",""status"":""Pass"",""statusKey"":""pass"",""errorPercent"":0,""timeUs"":75.16,""bestTimeUs"":46.63,""score"":45.927351410190646},{""index"":11,""testcaseId"":""6a9a9a99bf41025d6013ebb2"",""status"":""Pass"",""statusKey"":""pass"",""errorPercent"":0,""timeUs"":161.74,""bestTimeUs"":131.16,""score"":65.92529135607222},{""index"":12,""testcaseId"":""6a9a9a99bf41025d6013ebb6"",""status"":""Pass"",""statusKey"":""pass"",""errorPercent"":0,""timeUs"":99.22,""bestTimeUs"":76.12,""score"":60.47262259227991},{""index"":13,""testcaseId"":""6a9a9a99bf41025d6013ebba"",""status"":""Pass"",""statusKey"":""pass"",""errorPercent"":0,""timeUs"":564.53,""bestTimeUs"":392.72,""score"":52.77008008185683},{""index"":14,""testcaseId"":""6a9a9a99bf41025d6013ebbe"",""status"":""Pass"",""statusKey"":""pass"",""errorPercent"":0,""timeUs"":16574.66,""bestTimeUs"":3750.12,""score"":21.43557489221151},{""index"":15,""testcaseId"":""6a9a9a99bf41025d6013ebc2"",""status"":""Pass"",""statusKey"":""pass"",""errorPercent"":0,""timeUs"":9656.9,""bestTimeUs"":8249.61,""score"":72.02226818427297}]"
14	线上结果/REDUCE-HIER-X/V003/result.json	线上结果/REDUCE-HIER-X/V003/source-meta.json	6abab2bb694b590c3c442da4	Pass	pass	15	15	44.24	44.23902073063327	0	/Users/sunyiyang/Desktop/Project/cann/本地实验/REDUCE-HIER-X/V003/submission.asc	79f910e4450a2b570a780293ce96dee317c005c8a2de67a65d446223c9a882a7	UNKNOWN	UNKNOWN	3583	191542	"[{""index"":1,""testcaseId"":""6a9a9a99bf41025d6013eb8a"",""status"":""Pass"",""statusKey"":""pass"",""errorPercent"":0,""timeUs"":5.53,""bestTimeUs"":1.58,""score"":24.451709256947254},{""index"":2,""testcaseId"":""6a9a9a99bf41025d6013eb8e"",""status"":""Pass"",""statusKey"":""pass"",""errorPercent"":0,""timeUs"":3.35,""bestTimeUs"":2.21,""score"":49.360707264831085},{""index"":3,""testcaseId"":""6a9a9a99bf41025d6013eb92"",""status"":""Pass"",""statusKey"":""pass"",""errorPercent"":0,""timeUs"":6,""bestTimeUs"":2.47,""score"":31.35832117587681},{""index"":4,""testcaseId"":""6a9a9a99bf41025d6013eb96"",""status"":""Pass"",""statusKey"":""pass"",""errorPercent"":0,""timeUs"":16.53,""bestTimeUs"":6.64,""score"":30.774638204445694},{""index"":5,""testcaseId"":""6a9a9a99bf41025d6013eb9a"",""status"":""Pass"",""statusKey"":""pass"",""errorPercent"":0,""timeUs"":9.93,""bestTimeUs"":5.2,""score"":38.5288709449335},{""index"":6,""testcaseId"":""6a9a9a99bf41025d6013eb9e"",""status"":""Pass"",""statusKey"":""pass"",""errorPercent"":0,""timeUs"":29.18,""bestTimeUs"":9.62,""score"":26.76152954966205},{""index"":7,""testcaseId"":""6a9a9a99bf41025d6013eba2"",""status"":""Pass"",""statusKey"":""pass"",""errorPercent"":0,""timeUs"":53.82,""bestTimeUs"":13.9,""score"":23.047986174431063},{""index"":8,""testcaseId"":""6a9a9a99bf41025d6013eba6"",""status"":""Pass"",""statusKey"":""pass"",""errorPercent"":0,""timeUs"":70.38,""bestTimeUs"":30.16,""score"":32.363221228058975},{""index"":9,""testcaseId"":""6a9a9a99bf41025d6013ebaa"",""status"":""Pass"",""statusKey"":""pass"",""errorPercent"":0,""timeUs"":71.34,""bestTimeUs"":67.98,""score"":89.36682699526462},{""index"":10,""testcaseId"":""6a9a9a99bf41025d6013ebae"",""status"":""Pass"",""statusKey"":""pass"",""errorPercent"":0,""timeUs"":75.45,""bestTimeUs"":46.63,""score"":45.727883180719985},{""index"":11,""testcaseId"":""6a9a9a99bf41025d6013ebb2"",""status"":""Pass"",""statusKey"":""pass"",""errorPercent"":0,""timeUs"":164.79,""bestTimeUs"":131.16,""score"":63.98183566314345},{""index"":12,""testcaseId"":""6a9a9a99bf41025d6013ebb6"",""status"":""Pass"",""statusKey"":""pass"",""errorPercent"":0,""timeUs"":98.3,""bestTimeUs"":76.12,""score"":61.32464346642687},{""index"":13,""testcaseId"":""6a9a9a99bf41025d6013ebba"",""status"":""Pass"",""statusKey"":""pass"",""errorPercent"":0,""timeUs"":566.28,""bestTimeUs"":392.72,""score"":52.55836351116411},{""index"":14,""testcaseId"":""6a9a9a99bf41025d6013ebbe"",""status"":""Pass"",""statusKey"":""pass"",""errorPercent"":0,""timeUs"":16471.38,""bestTimeUs"":3750.12,""score"":21.506644270239097},{""index"":15,""testcaseId"":""6a9a9a99bf41025d6013ebc2"",""status"":""Pass"",""statusKey"":""pass"",""errorPercent"":0,""timeUs"":9650.38,""bestTimeUs"":8272.9,""score"":72.47213007335458}]"
62	线上结果/REDUCE-INVSCALE-X/V002/result.json	线上结果/REDUCE-INVSCALE-X/V002/source-meta.json	6abab45d694b590c3c44b1c2	Pass	pass	15	15	19.57	19.56878187848791	0	/Users/sunyiyang/Desktop/Project/cann/本地实验/REDUCE-INVSCALE-X/V002/submission.asc	bef271b62a2c7f2d0b0ef23f5f3610129460f5a431d7d9b3dd7ac3ea9a80ad26	UNKNOWN	UNKNOWN	904	27371	"[{""index"":1,""testcaseId"":""6a9a9a99bf41025d6013eb8a"",""status"":""Pass"",""statusKey"":""pass"",""errorPercent"":0,""timeUs"":4.76,""bestTimeUs"":1.58,""score"":26.882473845225945},{""index"":2,""testcaseId"":""6a9a9a99bf41025d6013eb8e"",""status"":""Pass"",""statusKey"":""pass"",""errorPercent"":0,""timeUs"":10.3,""bestTimeUs"":2.21,""score"":20.850646420464127},{""index"":3,""testcaseId"":""6a9a9a99bf41025d6013eb92"",""status"":""Pass"",""statusKey"":""pass"",""errorPercent"":0,""timeUs"":7.59,""bestTimeUs"":2.47,""score"":26.534310582820407},{""index"":4,""testcaseId"":""6a9a9a99bf41025d6013eb96"",""status"":""Pass"",""statusKey"":""pass"",""errorPercent"":0,""timeUs"":867.19,""bestTimeUs"":6.64,""score"":7.682739204765316},{""index"":5,""testcaseId"":""6a9a9a99bf41025d6013eb9a"",""status"":""Pass"",""statusKey"":""pass"",""errorPercent"":0,""timeUs"":16.24,""bestTimeUs"":5.2,""score"":26.255867190855366},{""index"":6,""testcaseId"":""6a9a9a99bf41025d6013eb9e"",""status"":""Pass"",""statusKey"":""pass"",""errorPercent"":0,""timeUs"":1785.96,""bestTimeUs"":9.62,""score"":7.202721266255504},{""index"":7,""testcaseId"":""6a9a9a99bf41025d6013eba2"",""status"":""Pass"",""statusKey"":""pass"",""errorPercent"":0,""timeUs"":3558.76,""bestTimeUs"":13.9,""score"":6.813687959397502},{""index"":8,""testcaseId"":""6a9a9a99bf41025d6013eba6"",""status"":""Pass"",""statusKey"":""pass"",""errorPercent"":0,""timeUs"":381.2,""bestTimeUs"":30.16,""score"":13.78067719705173},{""index"":9,""testcaseId"":""6a9a9a99bf41025d6013ebaa"",""status"":""Pass"",""statusKey"":""pass"",""errorPercent"":0,""timeUs"":187.92,""bestTimeUs"":67.98,""score"":28.508349721836634},{""index"":10,""testcaseId"":""6a9a9a99bf41025d6013ebae"",""status"":""Pass"",""statusKey"":""pass"",""errorPercent"":0,""timeUs"":306.76,""bestTimeUs"":46.63,""score"":17.71141690631207},{""index"":11,""testcaseId"":""6a9a9a99bf41025d6013ebb2"",""status"":""Pass"",""statusKey"":""pass"",""errorPercent"":0,""timeUs"":6455.66,""bestTimeUs"":131.16,""score"":9.425563870070166},{""index"":12,""testcaseId"":""6a9a9a99bf41025d6013ebb6"",""status"":""Pass"",""statusKey"":""pass"",""errorPercent"":0,""timeUs"":173.81,""bestTimeUs"":76.12,""score"":32.934738882055576},{""index"":13,""testcaseId"":""6a9a9a99bf41025d6013ebba"",""status"":""Pass"",""statusKey"":""pass"",""errorPercent"":0,""timeUs"":17690.76,""bestTimeUs"":392.72,""score"":9.623763016018088},{""index"":14,""testcaseId"":""6a9a9a99bf41025d6013ebbe"",""status"":""Pass"",""statusKey"":""pass"",""errorPercent"":0,""timeUs"":118289.94,""bestTimeUs"":3750.12,""score"":10.512949239005845},{""index"":15,""testcaseId"":""6a9a9a99bf41025d6013ebc2"",""status"":""Pass"",""statusKey"":""pass"",""errorPercent"":0,""timeUs"":12656.74,""bestTimeUs"":8272.9,""score"":48.811822875184376}]"
UNKNOWN	线上结果/REDUCE-X/V001/result.json	UNKNOWN	6ab2bdfb0304f72a569fb581	Runtime Error	fail	0	15	UNKNOWN	UNKNOWN	100	/Users/sunyiyang/Desktop/Project/cann/phase4/workspaces/REDUCE-X/submission.asc	9617dd041122c6d1f83862d1eba2cbb2af1ebc5759cbe773adfcc1f06ec055bb	UNKNOWN	UNKNOWN	542	17972	"[{""index"":1,""testcaseId"":""6a9a9a99bf41025d6013eb8a"",""status"":""Wrong Answer"",""statusKey"":""fail"",""errorPercent"":100,""timeUs"":4.96,""bestTimeUs"":1.7,""score"":27.466},{""index"":2,""testcaseId"":""6a9a9a99bf41025d6013eb8e"",""status"":""Wrong Answer"",""statusKey"":""fail"",""errorPercent"":100,""timeUs"":3.13,""bestTimeUs"":2.16,""score"":52.224},{""index"":3,""testcaseId"":""6a9a9a99bf41025d6013eb92"",""status"":""Runtime Error"",""statusKey"":""fail"",""errorPercent"":100,""timeUs"":0,""bestTimeUs"":2.47,""score"":0},{""index"":4,""testcaseId"":""6a9a9a99bf41025d6013eb96"",""status"":""Skipped"",""statusKey"":""fail"",""errorPercent"":100,""timeUs"":0,""bestTimeUs"":6.66,""score"":0},{""index"":5,""testcaseId"":""6a9a9a99bf41025d6013eb9a"",""status"":""Skipped"",""statusKey"":""fail"",""errorPercent"":100,""timeUs"":0,""bestTimeUs"":5.2,""score"":0},{""index"":6,""testcaseId"":""6a9a9a99bf41025d6013eb9e"",""status"":""Skipped"",""statusKey"":""fail"",""errorPercent"":100,""timeUs"":0,""bestTimeUs"":10.86,""score"":0},{""index"":7,""testcaseId"":""6a9a9a99bf41025d6013eba2"",""status"":""Skipped"",""statusKey"":""fail"",""errorPercent"":100,""timeUs"":0,""bestTimeUs"":13.99,""score"":0},{""index"":8,""testcaseId"":""6a9a9a99bf41025d6013eba6"",""status"":""Skipped"",""statusKey"":""fail"",""errorPercent"":100,""timeUs"":0,""bestTimeUs"":30.16,""score"":0},{""index"":9,""testcaseId"":""6a9a9a99bf41025d6013ebaa"",""status"":""Skipped"",""statusKey"":""fail"",""errorPercent"":100,""timeUs"":0,""bestTimeUs"":68.2,""score"":0},{""index"":10,""testcaseId"":""6a9a9a99bf41025d6013ebae"",""status"":""Skipped"",""statusKey"":""fail"",""errorPercent"":100,""timeUs"":0,""bestTimeUs"":47.16,""score"":0},{""index"":11,""testcaseId"":""6a9a9a99bf41025d6013ebb2"",""status"":""Skipped"",""statusKey"":""fail"",""errorPercent"":100,""timeUs"":0,""bestTimeUs"":131.38,""score"":0},{""index"":12,""testcaseId"":""6a9a9a99bf41025d6013ebb6"",""status"":""Skipped"",""statusKey"":""fail"",""errorPercent"":100,""timeUs"":0,""bestTimeUs"":76.43,""score"":0},{""index"":13,""testcaseId"":""6a9a9a99bf41025d6013ebba"",""status"":""Skipped"",""statusKey"":""fail"",""errorPercent"":100,""timeUs"":0,""bestTimeUs"":393.51,""score"":0},{""index"":14,""testcaseId"":""6a9a9a99bf41025d6013ebbe"",""status"":""Skipped"",""statusKey"":""fail"",""errorPercent"":100,""timeUs"":0,""bestTimeUs"":3750.12,""score"":0},{""index"":15,""testcaseId"":""6a9a9a99bf41025d6013ebc2"",""status"":""Skipped"",""statusKey"":""fail"",""errorPercent"":100,""timeUs"":0,""bestTimeUs"":8321.94,""score"":0}]"
UNKNOWN	线上结果/REDUCE-X/V002/result.json	UNKNOWN	6ab2c2930304f72a56a158aa	Runtime Error	fail	0	15	UNKNOWN	UNKNOWN	100	/Users/sunyiyang/Desktop/Project/cann/phase4/workspaces/REDUCE-X/submission.asc	0419b9a47fba2f998ac1bc16bb969a245747b4cbb90c59968b064b6b45ea4fc8	UNKNOWN	UNKNOWN	612	20711	"[{""index"":1,""testcaseId"":""6a9a9a99bf41025d6013eb8a"",""status"":""Wrong Answer"",""statusKey"":""fail"",""errorPercent"":100,""timeUs"":4.76,""bestTimeUs"":1.7,""score"":28.254},{""index"":2,""testcaseId"":""6a9a9a99bf41025d6013eb8e"",""status"":""Wrong Answer"",""statusKey"":""fail"",""errorPercent"":100,""timeUs"":3.02,""bestTimeUs"":2.16,""score"":54.747},{""index"":3,""testcaseId"":""6a9a9a99bf41025d6013eb92"",""status"":""Wrong Answer"",""statusKey"":""fail"",""errorPercent"":99.991,""timeUs"":6.79,""bestTimeUs"":2.47,""score"":28.62},{""index"":4,""testcaseId"":""6a9a9a99bf41025d6013eb96"",""status"":""Runtime Error"",""statusKey"":""fail"",""errorPercent"":100,""timeUs"":0,""bestTimeUs"":6.66,""score"":0},{""index"":5,""testcaseId"":""6a9a9a99bf41025d6013eb9a"",""status"":""Skipped"",""statusKey"":""fail"",""errorPercent"":100,""timeUs"":0,""bestTimeUs"":5.2,""score"":0},{""index"":6,""testcaseId"":""6a9a9a99bf41025d6013eb9e"",""status"":""Skipped"",""statusKey"":""fail"",""errorPercent"":100,""timeUs"":0,""bestTimeUs"":10.86,""score"":0},{""index"":7,""testcaseId"":""6a9a9a99bf41025d6013eba2"",""status"":""Skipped"",""statusKey"":""fail"",""errorPercent"":100,""timeUs"":0,""bestTimeUs"":13.99,""score"":0},{""index"":8,""testcaseId"":""6a9a9a99bf41025d6013eba6"",""status"":""Skipped"",""statusKey"":""fail"",""errorPercent"":100,""timeUs"":0,""bestTimeUs"":30.16,""score"":0},{""index"":9,""testcaseId"":""6a9a9a99bf41025d6013ebaa"",""status"":""Skipped"",""statusKey"":""fail"",""errorPercent"":100,""timeUs"":0,""bestTimeUs"":68.2,""score"":0},{""index"":10,""testcaseId"":""6a9a9a99bf41025d6013ebae"",""status"":""Skipped"",""statusKey"":""fail"",""errorPercent"":100,""timeUs"":0,""bestTimeUs"":47.16,""score"":0},{""index"":11,""testcaseId"":""6a9a9a99bf41025d6013ebb2"",""status"":""Skipped"",""statusKey"":""fail"",""errorPercent"":100,""timeUs"":0,""bestTimeUs"":131.38,""score"":0},{""index"":12,""testcaseId"":""6a9a9a99bf41025d6013ebb6"",""status"":""Skipped"",""statusKey"":""fail"",""errorPercent"":100,""timeUs"":0,""bestTimeUs"":76.43,""score"":0},{""index"":13,""testcaseId"":""6a9a9a99bf41025d6013ebba"",""status"":""Skipped"",""statusKey"":""fail"",""errorPercent"":100,""timeUs"":0,""bestTimeUs"":393.51,""score"":0},{""index"":14,""testcaseId"":""6a9a9a99bf41025d6013ebbe"",""status"":""Skipped"",""statusKey"":""fail"",""errorPercent"":100,""timeUs"":0,""bestTimeUs"":3750.12,""score"":0},{""index"":15,""testcaseId"":""6a9a9a99bf41025d6013ebc2"",""status"":""Skipped"",""statusKey"":""fail"",""errorPercent"":100,""timeUs"":0,""bestTimeUs"":8321.94,""score"":0}]"
UNKNOWN	线上结果/REDUCE-X/V003/result.json	UNKNOWN	6ab2c5aa0304f72a56a2701b	Wrong Answer	fail	0	15	UNKNOWN	31.057	100	/Users/sunyiyang/Desktop/Project/cann/phase4/workspaces/REDUCE-X/submission.asc	74446ed229d6c155c07271cb788dbe7ff57cab9284b19f0621dc4b787389e359	UNKNOWN	UNKNOWN	342	11206	"[{""index"":1,""testcaseId"":""6a9a9a99bf41025d6013eb8a"",""status"":""Wrong Answer"",""statusKey"":""fail"",""errorPercent"":100,""timeUs"":4.66,""bestTimeUs"":1.7,""score"":28.678},{""index"":2,""testcaseId"":""6a9a9a99bf41025d6013eb8e"",""status"":""Wrong Answer"",""statusKey"":""fail"",""errorPercent"":100,""timeUs"":2.94,""bestTimeUs"":2.16,""score"":56.806},{""index"":3,""testcaseId"":""6a9a9a99bf41025d6013eb92"",""status"":""Wrong Answer"",""statusKey"":""fail"",""errorPercent"":99.997,""timeUs"":8.07,""bestTimeUs"":2.47,""score"":25.511},{""index"":4,""testcaseId"":""6a9a9a99bf41025d6013eb96"",""status"":""Wrong Answer"",""statusKey"":""fail"",""errorPercent"":99.997,""timeUs"":82.98,""bestTimeUs"":6.66,""score"":13.848},{""index"":5,""testcaseId"":""6a9a9a99bf41025d6013eb9a"",""status"":""Wrong Answer"",""statusKey"":""fail"",""errorPercent"":100,""timeUs"":11.44,""bestTimeUs"":5.2,""score"":33.961},{""index"":6,""testcaseId"":""6a9a9a99bf41025d6013eb9e"",""status"":""Wrong Answer"",""statusKey"":""fail"",""errorPercent"":99.99,""timeUs"":108.49,""bestTimeUs"":10.86,""score"":14.978},{""index"":7,""testcaseId"":""6a9a9a99bf41025d6013eba2"",""status"":""Wrong Answer"",""statusKey"":""fail"",""errorPercent"":99.944,""timeUs"":223.74,""bestTimeUs"":13.99,""score"":12.76},{""index"":8,""testcaseId"":""6a9a9a99bf41025d6013eba6"",""status"":""Wrong Answer"",""statusKey"":""fail"",""errorPercent"":99.986,""timeUs"":378.79,""bestTimeUs"":30.16,""score"":13.81},{""index"":9,""testcaseId"":""6a9a9a99bf41025d6013ebaa"",""status"":""Wrong Answer"",""statusKey"":""fail"",""errorPercent"":99.997,""timeUs"":188.93,""bestTimeUs"":68.2,""score"":28.466},{""index"":10,""testcaseId"":""6a9a9a99bf41025d6013ebae"",""status"":""Wrong Answer"",""statusKey"":""fail"",""errorPercent"":99.978,""timeUs"":303.96,""bestTimeUs"":47.05,""score"":17.853},{""index"":11,""testcaseId"":""6a9a9a99bf41025d6013ebb2"",""status"":""Wrong Answer"",""statusKey"":""fail"",""errorPercent"":99.991,""timeUs"":200.03,""bestTimeUs"":131.38,""score"":49.097},{""index"":12,""testcaseId"":""6a9a9a99bf41025d6013ebb6"",""status"":""Wrong Answer"",""statusKey"":""fail"",""errorPercent"":99.998,""timeUs"":151.58,""bestTimeUs"":76.43,""score"":37.192},{""index"":13,""testcaseId"":""6a9a9a99bf41025d6013ebba"",""status"":""Wrong Answer"",""statusKey"":""fail"",""errorPercent"":99.991,""timeUs"":645.29,""bestTimeUs"":393.51,""score"":45.049},{""index"":14,""testcaseId"":""6a9a9a99bf41025d6013ebbe"",""status"":""Wrong Answer"",""statusKey"":""fail"",""errorPercent"":99.901,""timeUs"":117868.29,""bestTimeUs"":3750.12,""score"":10.523},{""index"":15,""testcaseId"":""6a9a9a99bf41025d6013ebc2"",""status"":""Wrong Answer"",""statusKey"":""fail"",""errorPercent"":100,""timeUs"":9372.66,""bestTimeUs"":8321.94,""score"":77.325}]"
39	线上结果/SCHED-CHAMPION-X/V002/result.json	线上结果/SCHED-CHAMPION-X/V002/source-meta.json	6aba9d6a694b590c3c3c59e9	Pass	pass	15	15	41.94	41.93806182247969	0	/Users/sunyiyang/Desktop/Project/cann/本地实验/SCHED-CHAMPION-X/V002/submission.asc	de1e93c74338802e646258ada08a8cac1031496a9985e585a5a89015b81bc990	UNKNOWN	UNKNOWN	3586	191664	"[{""index"":1,""testcaseId"":""6a9a9a99bf41025d6013eb8a"",""status"":""Pass"",""statusKey"":""pass"",""errorPercent"":0,""timeUs"":5.14,""bestTimeUs"":1.58,""score"":25.57988843552667},{""index"":2,""testcaseId"":""6a9a9a99bf41025d6013eb8e"",""status"":""Pass"",""statusKey"":""pass"",""errorPercent"":0,""timeUs"":3.46,""bestTimeUs"":2.21,""score"":47.49274333064494},{""index"":3,""testcaseId"":""6a9a9a99bf41025d6013eb92"",""status"":""Pass"",""statusKey"":""pass"",""errorPercent"":0,""timeUs"":5.58,""bestTimeUs"":2.47,""score"":33.22297904415333},{""index"":4,""testcaseId"":""6a9a9a99bf41025d6013eb96"",""status"":""Pass"",""statusKey"":""pass"",""errorPercent"":0,""timeUs"":31.56,""bestTimeUs"":6.66,""score"":20.673956800499887},{""index"":5,""testcaseId"":""6a9a9a99bf41025d6013eb9a"",""status"":""Pass"",""statusKey"":""pass"",""errorPercent"":0,""timeUs"":10.08,""bestTimeUs"":5.2,""score"":37.987670974593726},{""index"":6,""testcaseId"":""6a9a9a99bf41025d6013eb9e"",""status"":""Pass"",""statusKey"":""pass"",""errorPercent"":0,""timeUs"":48.65,""bestTimeUs"":9.62,""score"":20.01039236725805},{""index"":7,""testcaseId"":""6a9a9a99bf41025d6013eba2"",""status"":""Pass"",""statusKey"":""pass"",""errorPercent"":0,""timeUs"":76.51,""bestTimeUs"":13.9,""score"":19.207273623151423},{""index"":8,""testcaseId"":""6a9a9a99bf41025d6013eba6"",""status"":""Pass"",""statusKey"":""pass"",""errorPercent"":0,""timeUs"":69.88,""bestTimeUs"":30.16,""score"":32.548444905925884},{""index"":9,""testcaseId"":""6a9a9a99bf41025d6013ebaa"",""status"":""Pass"",""statusKey"":""pass"",""errorPercent"":0,""timeUs"":72.71,""bestTimeUs"":67.98,""score"":85.77088134879082},{""index"":10,""testcaseId"":""6a9a9a99bf41025d6013ebae"",""status"":""Pass"",""statusKey"":""pass"",""errorPercent"":0,""timeUs"":75.28,""bestTimeUs"":46.63,""score"":45.84450890049941},{""index"":11,""testcaseId"":""6a9a9a99bf41025d6013ebb2"",""status"":""Pass"",""statusKey"":""pass"",""errorPercent"":0,""timeUs"":179.27,""bestTimeUs"":131.16,""score"":56.47616682549867},{""index"":12,""testcaseId"":""6a9a9a99bf41025d6013ebb6"",""status"":""Pass"",""statusKey"":""pass"",""errorPercent"":0,""timeUs"":97.38,""bestTimeUs"":76.12,""score"":62.2093759493034},{""index"":13,""testcaseId"":""6a9a9a99bf41025d6013ebba"",""status"":""Pass"",""statusKey"":""pass"",""errorPercent"":0,""timeUs"":605.99,""bestTimeUs"":392.72,""score"":48.31384548891806},{""index"":14,""testcaseId"":""6a9a9a99bf41025d6013ebbe"",""status"":""Pass"",""statusKey"":""pass"",""errorPercent"":0,""timeUs"":16459,""bestTimeUs"":3750.12,""score"":21.515224896238628},{""index"":15,""testcaseId"":""6a9a9a99bf41025d6013ebc2"",""status"":""Pass"",""statusKey"":""pass"",""errorPercent"":0,""timeUs"":9669.43,""bestTimeUs"":8272.9,""score"":72.21757444619243}]"
57	线上结果/SCHED-ROWGROUP-X/V001/result.json	线上结果/SCHED-ROWGROUP-X/V001/source-meta.json	6ab6c41b694b590c3ce2ef67	Pass	pass	15	15	22.27	22.269742287974502	0	/Users/sunyiyang/Desktop/Project/cann/phase4/online/SCHED-ROWGROUP-X/V001/submission.asc	0fae0a42e3942356fe3477cd518b17180b6104d57350cee705cba37a5895e65c	UNKNOWN	UNKNOWN	531	19545	"[{""index"":1,""testcaseId"":""6a9a9a99bf41025d6013eb8a"",""status"":""Pass"",""statusKey"":""pass"",""errorPercent"":0,""timeUs"":4.69,""bestTimeUs"":1.7,""score"":28.548463892155052},{""index"":2,""testcaseId"":""6a9a9a99bf41025d6013eb8e"",""status"":""Pass"",""statusKey"":""pass"",""errorPercent"":0,""timeUs"":13.05,""bestTimeUs"":2.21,""score"":18.588566841670804},{""index"":3,""testcaseId"":""6a9a9a99bf41025d6013eb92"",""status"":""Pass"",""statusKey"":""pass"",""errorPercent"":0,""timeUs"":21.25,""bestTimeUs"":2.47,""score"":15.8533194129394},{""index"":4,""testcaseId"":""6a9a9a99bf41025d6013eb96"",""status"":""Pass"",""statusKey"":""pass"",""errorPercent"":0,""timeUs"":98.72,""bestTimeUs"":6.66,""score"":13.072632516227623},{""index"":5,""testcaseId"":""6a9a9a99bf41025d6013eb9a"",""status"":""Pass"",""statusKey"":""pass"",""errorPercent"":0,""timeUs"":22.06,""bestTimeUs"":5.2,""score"":21.91025257906591},{""index"":6,""testcaseId"":""6a9a9a99bf41025d6013eb9e"",""status"":""Pass"",""statusKey"":""pass"",""errorPercent"":0,""timeUs"":125.65,""bestTimeUs"":9.62,""score"":13.628524469034465},{""index"":7,""testcaseId"":""6a9a9a99bf41025d6013eba2"",""status"":""Pass"",""statusKey"":""pass"",""errorPercent"":0,""timeUs"":239.94,""bestTimeUs"":13.9,""score"":12.460646877390039},{""index"":8,""testcaseId"":""6a9a9a99bf41025d6013eba6"",""status"":""Pass"",""statusKey"":""pass"",""errorPercent"":0,""timeUs"":402.67,""bestTimeUs"":30.16,""score"":13.528735009007722},{""index"":9,""testcaseId"":""6a9a9a99bf41025d6013ebaa"",""status"":""Pass"",""statusKey"":""pass"",""errorPercent"":0,""timeUs"":192.62,""bestTimeUs"":68.2,""score"":28.08436020199617},{""index"":10,""testcaseId"":""6a9a9a99bf41025d6013ebae"",""status"":""Pass"",""statusKey"":""pass"",""errorPercent"":0,""timeUs"":329.34,""bestTimeUs"":47.05,""score"":17.243965747679162},{""index"":11,""testcaseId"":""6a9a9a99bf41025d6013ebb2"",""status"":""Pass"",""statusKey"":""pass"",""errorPercent"":0,""timeUs"":276.51,""bestTimeUs"":131.38,""score"":35.26954475210191},{""index"":12,""testcaseId"":""6a9a9a99bf41025d6013ebb6"",""status"":""Pass"",""statusKey"":""pass"",""errorPercent"":0,""timeUs"":226.12,""bestTimeUs"":76.35,""score"":27.19047192469809},{""index"":13,""testcaseId"":""6a9a9a99bf41025d6013ebba"",""status"":""Pass"",""statusKey"":""pass"",""errorPercent"":0,""timeUs"":792.5,""bestTimeUs"":392.72,""score"":36.608837717142336},{""index"":14,""testcaseId"":""6a9a9a99bf41025d6013ebbe"",""status"":""Pass"",""statusKey"":""pass"",""errorPercent"":0,""timeUs"":125434.27,""bestTimeUs"":3750.12,""score"":10.355493266408914},{""index"":15,""testcaseId"":""6a9a9a99bf41025d6013ebc2"",""status"":""Pass"",""statusKey"":""pass"",""errorPercent"":0,""timeUs"":14668.68,""bestTimeUs"":8321.94,""score"":41.70231911209994}]"
3	线上结果/STORE-EPILOGUE-X/V002/result.json	线上结果/STORE-EPILOGUE-X/V002/source-meta.json	6aba9ca2694b590c3c3c00ca	Pass	pass	15	15	45.07	45.0662776086382	0	/Users/sunyiyang/Desktop/Project/cann/本地实验/STORE-EPILOGUE-X/V002/submission.asc	59fb8eada4da0b2b83cccffa4fb89fb97b7503ba3dcb08d5e0fe348e3caeb839	UNKNOWN	UNKNOWN	3599	192584	"[{""index"":1,""testcaseId"":""6a9a9a99bf41025d6013eb8a"",""status"":""Pass"",""statusKey"":""pass"",""errorPercent"":0,""timeUs"":4.82,""bestTimeUs"":1.58,""score"":26.66105504576047},{""index"":2,""testcaseId"":""6a9a9a99bf41025d6013eb8e"",""status"":""Pass"",""statusKey"":""pass"",""errorPercent"":0,""timeUs"":3.38,""bestTimeUs"":2.21,""score"":48.83072646691675},{""index"":3,""testcaseId"":""6a9a9a99bf41025d6013eb92"",""status"":""Pass"",""statusKey"":""pass"",""errorPercent"":0,""timeUs"":5.07,""bestTimeUs"":2.47,""score"":36.05455413050636},{""index"":4,""testcaseId"":""6a9a9a99bf41025d6013eb96"",""status"":""Pass"",""statusKey"":""pass"",""errorPercent"":0,""timeUs"":16.51,""bestTimeUs"":6.66,""score"":30.873482058869122},{""index"":5,""testcaseId"":""6a9a9a99bf41025d6013eb9a"",""status"":""Pass"",""statusKey"":""pass"",""errorPercent"":0,""timeUs"":9.92,""bestTimeUs"":5.2,""score"":38.56579459278059},{""index"":6,""testcaseId"":""6a9a9a99bf41025d6013eb9e"",""status"":""Pass"",""statusKey"":""pass"",""errorPercent"":0,""timeUs"":28.29,""bestTimeUs"":9.62,""score"":27.320067569270744},{""index"":7,""testcaseId"":""6a9a9a99bf41025d6013eba2"",""status"":""Pass"",""statusKey"":""pass"",""errorPercent"":0,""timeUs"":52.26,""bestTimeUs"":13.9,""score"":23.439897302445225},{""index"":8,""testcaseId"":""6a9a9a99bf41025d6013eba6"",""status"":""Pass"",""statusKey"":""pass"",""errorPercent"":0,""timeUs"":69.54,""bestTimeUs"":30.16,""score"":32.67638168475317},{""index"":9,""testcaseId"":""6a9a9a99bf41025d6013ebaa"",""status"":""Pass"",""statusKey"":""pass"",""errorPercent"":0,""timeUs"":71.12,""bestTimeUs"":67.98,""score"":89.97935479981241},{""index"":10,""testcaseId"":""6a9a9a99bf41025d6013ebae"",""status"":""Pass"",""statusKey"":""pass"",""errorPercent"":0,""timeUs"":74.34,""bestTimeUs"":46.63,""score"":46.50521668329924},{""index"":11,""testcaseId"":""6a9a9a99bf41025d6013ebb2"",""status"":""Pass"",""statusKey"":""pass"",""errorPercent"":0,""timeUs"":161.16,""bestTimeUs"":131.16,""score"":66.31262498209365},{""index"":12,""testcaseId"":""6a9a9a99bf41025d6013ebb6"",""status"":""Pass"",""statusKey"":""pass"",""errorPercent"":0,""timeUs"":97.39,""bestTimeUs"":76.12,""score"":62.199576589194685},{""index"":13,""testcaseId"":""6a9a9a99bf41025d6013ebba"",""status"":""Pass"",""statusKey"":""pass"",""errorPercent"":0,""timeUs"":564.6,""bestTimeUs"":392.72,""score"":52.76156603505373},{""index"":14,""testcaseId"":""6a9a9a99bf41025d6013ebbe"",""status"":""Pass"",""statusKey"":""pass"",""errorPercent"":0,""timeUs"":16443.72,""bestTimeUs"":3750.12,""score"":21.52583388444553},{""index"":15,""testcaseId"":""6a9a9a99bf41025d6013ebc2"",""status"":""Pass"",""statusKey"":""pass"",""errorPercent"":0,""timeUs"":9664.14,""bestTimeUs"":8272.9,""score"":72.28803230437136}]"
12	线上结果/STORE-EPILOGUE-X/V003/result.json	线上结果/STORE-EPILOGUE-X/V003/source-meta.json	6abb8182694b590c3c978d30	Pass	pass	15	15	44.38	44.3844692725471	0	/Users/sunyiyang/Desktop/Project/cann-main1/线上结果/STORE-EPILOGUE-X/V003/submission.asc	0cdef265459d4683a1813593a881a5cf25ae75246aab49279d121896b71184ca	1d2e2117a1f8d073bf84ddf5ab961a5cbb1cbfae	UNKNOWN	3623	194380	"[{""index"":1,""testcaseId"":""6a9a9a99bf41025d6013eb8a"",""status"":""Pass"",""statusKey"":""pass"",""errorPercent"":0,""timeUs"":5.58,""bestTimeUs"":1.58,""score"":24.319700472904113},{""index"":2,""testcaseId"":""6a9a9a99bf41025d6013eb8e"",""status"":""Pass"",""statusKey"":""pass"",""errorPercent"":0,""timeUs"":3.42,""bestTimeUs"":2.2,""score"":47.89061865169235},{""index"":3,""testcaseId"":""6a9a9a99bf41025d6013eb92"",""status"":""Pass"",""statusKey"":""pass"",""errorPercent"":0,""timeUs"":5.22,""bestTimeUs"":2.47,""score"":35.14340978725037},{""index"":4,""testcaseId"":""6a9a9a99bf41025d6013eb96"",""status"":""Pass"",""statusKey"":""pass"",""errorPercent"":0,""timeUs"":16.65,""bestTimeUs"":6.64,""score"":30.606606434822837},{""index"":5,""testcaseId"":""6a9a9a99bf41025d6013eb9a"",""status"":""Pass"",""statusKey"":""pass"",""errorPercent"":0,""timeUs"":9.93,""bestTimeUs"":5.2,""score"":38.5288709449335},{""index"":6,""testcaseId"":""6a9a9a99bf41025d6013eb9e"",""status"":""Pass"",""statusKey"":""pass"",""errorPercent"":0,""timeUs"":28.13,""bestTimeUs"":9.62,""score"":27.4248747394622},{""index"":7,""testcaseId"":""6a9a9a99bf41025d6013eba2"",""status"":""Pass"",""statusKey"":""pass"",""errorPercent"":0,""timeUs"":52,""bestTimeUs"":13.9,""score"":23.507676816668088},{""index"":8,""testcaseId"":""6a9a9a99bf41025d6013eba6"",""status"":""Pass"",""statusKey"":""pass"",""errorPercent"":0,""timeUs"":69.53,""bestTimeUs"":30.16,""score"":32.68016926036866},{""index"":9,""testcaseId"":""6a9a9a99bf41025d6013ebaa"",""status"":""Pass"",""statusKey"":""pass"",""errorPercent"":0,""timeUs"":71.72,""bestTimeUs"":67.81,""score"":87.85332055561513},{""index"":10,""testcaseId"":""6a9a9a99bf41025d6013ebae"",""status"":""Pass"",""statusKey"":""pass"",""errorPercent"":0,""timeUs"":74.53,""bestTimeUs"":46.63,""score"":46.369461356381365},{""index"":11,""testcaseId"":""6a9a9a99bf41025d6013ebb2"",""status"":""Pass"",""statusKey"":""pass"",""errorPercent"":0,""timeUs"":164.83,""bestTimeUs"":131.16,""score"":63.95734108055352},{""index"":12,""testcaseId"":""6a9a9a99bf41025d6013ebb6"",""status"":""Pass"",""statusKey"":""pass"",""errorPercent"":0,""timeUs"":98.4,""bestTimeUs"":76.12,""score"":61.23048163576517},{""index"":13,""testcaseId"":""6a9a9a99bf41025d6013ebba"",""status"":""Pass"",""statusKey"":""pass"",""errorPercent"":0,""timeUs"":564.62,""bestTimeUs"":392.72,""score"":52.7591341486785},{""index"":14,""testcaseId"":""6a9a9a99bf41025d6013ebbe"",""status"":""Pass"",""statusKey"":""pass"",""errorPercent"":0,""timeUs"":16612.19,""bestTimeUs"":3750.12,""score"":21.40997485961169},{""index"":15,""testcaseId"":""6a9a9a99bf41025d6013ebc2"",""status"":""Pass"",""statusKey"":""pass"",""errorPercent"":0,""timeUs"":9652.14,""bestTimeUs"":8249.61,""score"":72.08539834349894}]"
UNKNOWN	线上结果/UB-LIVENESS-X/V003/result.json	线上结果/UB-LIVENESS-X/V003/source-meta.json	6aba9bde694b590c3c3b9df1	Wrong Answer	fail	8	15	UNKNOWN	9.490647947609837	24.2156982421875	/Users/sunyiyang/Desktop/Project/cann/本地实验/UB-LIVENESS-X/V003/submission.asc	2eb9b5d087267a54fb84f8734847ecb68cf94b967102693c0d150fd57d6da7cd	UNKNOWN	UNKNOWN	606	22362	"[{""index"":1,""testcaseId"":""6a9a9a99bf41025d6013eb8a"",""status"":""Pass"",""statusKey"":""pass"",""errorPercent"":0,""timeUs"":8.96,""bestTimeUs"":1.58,""score"":18.939794548387592},{""index"":2,""testcaseId"":""6a9a9a99bf41025d6013eb8e"",""status"":""Pass"",""statusKey"":""pass"",""errorPercent"":0,""timeUs"":15,""bestTimeUs"":2.21,""score"":17.473006910870854},{""index"":3,""testcaseId"":""6a9a9a99bf41025d6013eb92"",""status"":""Wrong Answer"",""statusKey"":""fail"",""errorPercent"":24.2156982421875,""timeUs"":63.44,""bestTimeUs"":2.47,""score"":11.104551689956962},{""index"":4,""testcaseId"":""6a9a9a99bf41025d6013eb96"",""status"":""Wrong Answer"",""statusKey"":""fail"",""errorPercent"":12.452121515088056,""timeUs"":187.78,""bestTimeUs"":6.66,""score"":10.827946939554403},{""index"":5,""testcaseId"":""6a9a9a99bf41025d6013eb9a"",""status"":""Pass"",""statusKey"":""pass"",""errorPercent"":0,""timeUs"":1295.35,""bestTimeUs"":5.2,""score"":6.845207669053807},{""index"":6,""testcaseId"":""6a9a9a99bf41025d6013eb9e"",""status"":""Wrong Answer"",""statusKey"":""fail"",""errorPercent"":3.875826029981644,""timeUs"":913.68,""bestTimeUs"":9.62,""score"":8.176181290603788},{""index"":7,""testcaseId"":""6a9a9a99bf41025d6013eba2"",""status"":""Wrong Answer"",""statusKey"":""fail"",""errorPercent"":3.566420495508804,""timeUs"":1325.24,""bestTimeUs"":13.9,""score"":8.169881635035956},{""index"":8,""testcaseId"":""6a9a9a99bf41025d6013eba6"",""status"":""Wrong Answer"",""statusKey"":""fail"",""errorPercent"":0.3415298461914018,""timeUs"":5419.56,""bestTimeUs"":30.16,""score"":7.244693652145795},{""index"":9,""testcaseId"":""6a9a9a99bf41025d6013ebaa"",""status"":""Wrong Answer"",""statusKey"":""fail"",""errorPercent"":0.8585135142008427,""timeUs"":8371.8,""bestTimeUs"":67.98,""score"":7.769204075978197},{""index"":10,""testcaseId"":""6a9a9a99bf41025d6013ebae"",""status"":""Wrong Answer"",""statusKey"":""fail"",""errorPercent"":0.37822723388671875,""timeUs"":8404.13,""bestTimeUs"":46.63,""score"":7.240836871403609},{""index"":11,""testcaseId"":""6a9a9a99bf41025d6013ebb2"",""status"":""Pass"",""statusKey"":""pass"",""errorPercent"":0,""timeUs"":15344.01,""bestTimeUs"":131.16,""score"":7.84640429821381},{""index"":12,""testcaseId"":""6a9a9a99bf41025d6013ebb6"",""status"":""Pass"",""statusKey"":""pass"",""errorPercent"":0,""timeUs"":13864.62,""bestTimeUs"":76.12,""score"":7.227220459787141},{""index"":13,""testcaseId"":""6a9a9a99bf41025d6013ebba"",""status"":""Pass"",""statusKey"":""pass"",""errorPercent"":0,""timeUs"":42041.64,""bestTimeUs"":392.72,""score"":7.9835075457540094},{""index"":14,""testcaseId"":""6a9a9a99bf41025d6013ebbe"",""status"":""Pass"",""statusKey"":""pass"",""errorPercent"":0,""timeUs"":506557.29,""bestTimeUs"":3750.12,""score"":7.633987653777318},{""index"":15,""testcaseId"":""6a9a9a99bf41025d6013ebc2"",""status"":""Pass"",""statusKey"":""pass"",""errorPercent"":0,""timeUs"":948407.15,""bestTimeUs"":8272.9,""score"":7.877293973624289}]"
15	线上结果/VECTOR-MATH-X/V001/result.json	线上结果/VECTOR-MATH-X/V001/source-meta.json	6abab38e694b590c3c447186	Pass	pass	15	15	44.22	44.22239493106842	0	/Users/sunyiyang/Desktop/Project/cann/本地实验/VECTOR-MATH-X/V001/submission.asc	dbe776f9165a86ede9d136604e806d9f5dc0f641ee8e05a26bca1ebe8dd33424	UNKNOWN	UNKNOWN	3657	188504	"[{""index"":1,""testcaseId"":""6a9a9a99bf41025d6013eb8a"",""status"":""Pass"",""statusKey"":""pass"",""errorPercent"":0,""timeUs"":4.64,""bestTimeUs"":1.58,""score"":27.345394891429343},{""index"":2,""testcaseId"":""6a9a9a99bf41025d6013eb8e"",""status"":""Pass"",""statusKey"":""pass"",""errorPercent"":0,""timeUs"":3.32,""bestTimeUs"":2.21,""score"":49.90724458672086},{""index"":3,""testcaseId"":""6a9a9a99bf41025d6013eb92"",""status"":""Pass"",""statusKey"":""pass"",""errorPercent"":0,""timeUs"":5.68,""bestTimeUs"":2.47,""score"":32.74638190532595},{""index"":4,""testcaseId"":""6a9a9a99bf41025d6013eb96"",""status"":""Pass"",""statusKey"":""pass"",""errorPercent"":0,""timeUs"":16.97,""bestTimeUs"":6.64,""score"":30.17301983636291},{""index"":5,""testcaseId"":""6a9a9a99bf41025d6013eb9a"",""status"":""Pass"",""statusKey"":""pass"",""errorPercent"":0,""timeUs"":10.12,""bestTimeUs"":5.2,""score"":37.84724010634878},{""index"":6,""testcaseId"":""6a9a9a99bf41025d6013eb9e"",""status"":""Pass"",""statusKey"":""pass"",""errorPercent"":0,""timeUs"":28.96,""bestTimeUs"":9.62,""score"":26.895874962859043},{""index"":7,""testcaseId"":""6a9a9a99bf41025d6013eba2"",""status"":""Pass"",""statusKey"":""pass"",""errorPercent"":0,""timeUs"":52.82,""bestTimeUs"":13.9,""score"":23.296350941455156},{""index"":8,""testcaseId"":""6a9a9a99bf41025d6013eba6"",""status"":""Pass"",""statusKey"":""pass"",""errorPercent"":0,""timeUs"":72.13,""bestTimeUs"":30.16,""score"":31.74097390338876},{""index"":9,""testcaseId"":""6a9a9a99bf41025d6013ebaa"",""status"":""Pass"",""statusKey"":""pass"",""errorPercent"":0,""timeUs"":72.55,""bestTimeUs"":67.98,""score"":86.17244919950076},{""index"":10,""testcaseId"":""6a9a9a99bf41025d6013ebae"",""status"":""Pass"",""statusKey"":""pass"",""errorPercent"":0,""timeUs"":76.94,""bestTimeUs"":46.63,""score"":44.741130757940134},{""index"":11,""testcaseId"":""6a9a9a99bf41025d6013ebb2"",""status"":""Pass"",""statusKey"":""pass"",""errorPercent"":0,""timeUs"":161.3,""bestTimeUs"":131.16,""score"":66.21858666497063},{""index"":12,""testcaseId"":""6a9a9a99bf41025d6013ebb6"",""status"":""Pass"",""statusKey"":""pass"",""errorPercent"":0,""timeUs"":98.8,""bestTimeUs"":76.12,""score"":60.8576497592898},{""index"":13,""testcaseId"":""6a9a9a99bf41025d6013ebba"",""status"":""Pass"",""statusKey"":""pass"",""errorPercent"":0,""timeUs"":569.39,""bestTimeUs"":392.72,""score"":52.187855913280714},{""index"":14,""testcaseId"":""6a9a9a99bf41025d6013ebbe"",""status"":""Pass"",""statusKey"":""pass"",""errorPercent"":0,""timeUs"":17395.28,""bestTimeUs"":3750.12,""score"":20.901597411578432},{""index"":15,""testcaseId"":""6a9a9a99bf41025d6013ebc2"",""status"":""Pass"",""statusKey"":""pass"",""errorPercent"":0,""timeUs"":9662.93,""bestTimeUs"":8272.9,""score"":72.30417312557508}]"
61	线上结果/WIDE-X-FRESH4/V001/result.json	线上结果/WIDE-X-FRESH4/V001/source-meta.json	6aba9e31694b590c3c3ca18f	Pass	pass	15	15	19.72	19.72331244059451	0	/Users/sunyiyang/Desktop/Project/cann/本地实验/WIDE-X-FRESH4/V001/submission.asc	f7628795e6699288669dbff8963181e376e10741ba4d46c768af51cf09bf6895	UNKNOWN	UNKNOWN	278	12538	"[{""index"":1,""testcaseId"":""6a9a9a99bf41025d6013eb8a"",""status"":""Pass"",""statusKey"":""pass"",""errorPercent"":0,""timeUs"":5.03,""bestTimeUs"":1.58,""score"":25.933829104892947},{""index"":2,""testcaseId"":""6a9a9a99bf41025d6013eb8e"",""status"":""Pass"",""statusKey"":""pass"",""errorPercent"":0,""timeUs"":3.79,""bestTimeUs"":2.21,""score"":42.913689501986795},{""index"":3,""testcaseId"":""6a9a9a99bf41025d6013eb92"",""status"":""Pass"",""statusKey"":""pass"",""errorPercent"":0,""timeUs"":8.78,""bestTimeUs"":2.47,""score"":24.225335952111276},{""index"":4,""testcaseId"":""6a9a9a99bf41025d6013eb96"",""status"":""Pass"",""statusKey"":""pass"",""errorPercent"":0,""timeUs"":88.9,""bestTimeUs"":6.66,""score"":13.529674737920777},{""index"":5,""testcaseId"":""6a9a9a99bf41025d6013eb9a"",""status"":""Pass"",""statusKey"":""pass"",""errorPercent"":0,""timeUs"":17.76,""bestTimeUs"":5.2,""score"":24.817983938078374},{""index"":6,""testcaseId"":""6a9a9a99bf41025d6013eb9e"",""status"":""Pass"",""statusKey"":""pass"",""errorPercent"":0,""timeUs"":117.32,""bestTimeUs"":9.62,""score"":13.950162355204125},{""index"":7,""testcaseId"":""6a9a9a99bf41025d6013eba2"",""status"":""Pass"",""statusKey"":""pass"",""errorPercent"":0,""timeUs"":238.11,""bestTimeUs"":13.9,""score"":12.49003424018879},{""index"":8,""testcaseId"":""6a9a9a99bf41025d6013eba6"",""status"":""Pass"",""statusKey"":""pass"",""errorPercent"":0,""timeUs"":401.51,""bestTimeUs"":30.16,""score"":13.5417701027128},{""index"":9,""testcaseId"":""6a9a9a99bf41025d6013ebaa"",""status"":""Pass"",""statusKey"":""pass"",""errorPercent"":0,""timeUs"":295.28,""bestTimeUs"":67.98,""score"":21.634317682240827},{""index"":10,""testcaseId"":""6a9a9a99bf41025d6013ebae"",""status"":""Pass"",""statusKey"":""pass"",""errorPercent"":0,""timeUs"":429.28,""bestTimeUs"":46.63,""score"":15.444345998683705},{""index"":11,""testcaseId"":""6a9a9a99bf41025d6013ebb2"",""status"":""Pass"",""statusKey"":""pass"",""errorPercent"":0,""timeUs"":628.48,""bestTimeUs"":131.16,""score"":20.557448127612297},{""index"":12,""testcaseId"":""6a9a9a99bf41025d6013ebb6"",""status"":""Pass"",""statusKey"":""pass"",""errorPercent"":0,""timeUs"":672.45,""bestTimeUs"":76.12,""score"":15.690877285437557},{""index"":13,""testcaseId"":""6a9a9a99bf41025d6013ebba"",""status"":""Pass"",""statusKey"":""pass"",""errorPercent"":0,""timeUs"":1726.94,""bestTimeUs"":392.72,""score"":21.493272058191394},{""index"":14,""testcaseId"":""6a9a9a99bf41025d6013ebbe"",""status"":""Pass"",""statusKey"":""pass"",""errorPercent"":0,""timeUs"":125316.16,""bestTimeUs"":3750.12,""score"":10.357985378703315},{""index"":15,""testcaseId"":""6a9a9a99bf41025d6013ebc2"",""status"":""Pass"",""statusKey"":""pass"",""errorPercent"":0,""timeUs"":45229.96,""bestTimeUs"":8272.9,""score"":19.26896014495268}]"
UNKNOWN	线上结果/WIDE-X/V001/result.json	UNKNOWN	6ab2bf730304f72a56a03bcd	Runtime Error	fail	1	15	UNKNOWN	UNKNOWN	100	/Users/sunyiyang/Desktop/Project/cann/phase4/workspaces/WIDE-X/submission.asc	0f31d464c9eee1b92db68e701fbe92ba52e7857d469c04f0338835bc28faccb3	UNKNOWN	UNKNOWN	346	13937	"[{""index"":1,""testcaseId"":""6a9a9a99bf41025d6013eb8a"",""status"":""Pass"",""statusKey"":""pass"",""errorPercent"":0,""timeUs"":5.55,""bestTimeUs"":1.7,""score"":25.523},{""index"":2,""testcaseId"":""6a9a9a99bf41025d6013eb8e"",""status"":""Runtime Error"",""statusKey"":""fail"",""errorPercent"":100,""timeUs"":0,""bestTimeUs"":2.16,""score"":0},{""index"":3,""testcaseId"":""6a9a9a99bf41025d6013eb92"",""status"":""Skipped"",""statusKey"":""fail"",""errorPercent"":100,""timeUs"":0,""bestTimeUs"":2.47,""score"":0},{""index"":4,""testcaseId"":""6a9a9a99bf41025d6013eb96"",""status"":""Skipped"",""statusKey"":""fail"",""errorPercent"":100,""timeUs"":0,""bestTimeUs"":6.66,""score"":0},{""index"":5,""testcaseId"":""6a9a9a99bf41025d6013eb9a"",""status"":""Skipped"",""statusKey"":""fail"",""errorPercent"":100,""timeUs"":0,""bestTimeUs"":5.2,""score"":0},{""index"":6,""testcaseId"":""6a9a9a99bf41025d6013eb9e"",""status"":""Skipped"",""statusKey"":""fail"",""errorPercent"":100,""timeUs"":0,""bestTimeUs"":10.86,""score"":0},{""index"":7,""testcaseId"":""6a9a9a99bf41025d6013eba2"",""status"":""Skipped"",""statusKey"":""fail"",""errorPercent"":100,""timeUs"":0,""bestTimeUs"":13.99,""score"":0},{""index"":8,""testcaseId"":""6a9a9a99bf41025d6013eba6"",""status"":""Skipped"",""statusKey"":""fail"",""errorPercent"":100,""timeUs"":0,""bestTimeUs"":30.16,""score"":0},{""index"":9,""testcaseId"":""6a9a9a99bf41025d6013ebaa"",""status"":""Skipped"",""statusKey"":""fail"",""errorPercent"":100,""timeUs"":0,""bestTimeUs"":68.2,""score"":0},{""index"":10,""testcaseId"":""6a9a9a99bf41025d6013ebae"",""status"":""Skipped"",""statusKey"":""fail"",""errorPercent"":100,""timeUs"":0,""bestTimeUs"":47.16,""score"":0},{""index"":11,""testcaseId"":""6a9a9a99bf41025d6013ebb2"",""status"":""Skipped"",""statusKey"":""fail"",""errorPercent"":100,""timeUs"":0,""bestTimeUs"":131.38,""score"":0},{""index"":12,""testcaseId"":""6a9a9a99bf41025d6013ebb6"",""status"":""Skipped"",""statusKey"":""fail"",""errorPercent"":100,""timeUs"":0,""bestTimeUs"":76.43,""score"":0},{""index"":13,""testcaseId"":""6a9a9a99bf41025d6013ebba"",""status"":""Skipped"",""statusKey"":""fail"",""errorPercent"":100,""timeUs"":0,""bestTimeUs"":393.51,""score"":0},{""index"":14,""testcaseId"":""6a9a9a99bf41025d6013ebbe"",""status"":""Skipped"",""statusKey"":""fail"",""errorPercent"":100,""timeUs"":0,""bestTimeUs"":3750.12,""score"":0},{""index"":15,""testcaseId"":""6a9a9a99bf41025d6013ebc2"",""status"":""Skipped"",""statusKey"":""fail"",""errorPercent"":100,""timeUs"":0,""bestTimeUs"":8321.94,""score"":0}]"
UNKNOWN	线上结果/WIDE-X/V002/result.json	UNKNOWN	6ab2c8af0304f72a56a383d2	Runtime Error	fail	1	15	UNKNOWN	UNKNOWN	100	/Users/sunyiyang/Desktop/Project/cann/phase4/workspaces/WIDE-X/submission.asc	af077d0b5f592dca1610bab462041ce01197359c60b61f61923f9696f69a06b0	UNKNOWN	UNKNOWN	410	16954	"[{""index"":1,""testcaseId"":""6a9a9a99bf41025d6013eb8a"",""status"":""Pass"",""statusKey"":""pass"",""errorPercent"":0,""timeUs"":5.83,""bestTimeUs"":1.7,""score"":24.756},{""index"":2,""testcaseId"":""6a9a9a99bf41025d6013eb8e"",""status"":""Runtime Error"",""statusKey"":""fail"",""errorPercent"":100,""timeUs"":0,""bestTimeUs"":2.16,""score"":0},{""index"":3,""testcaseId"":""6a9a9a99bf41025d6013eb92"",""status"":""Skipped"",""statusKey"":""fail"",""errorPercent"":100,""timeUs"":0,""bestTimeUs"":2.47,""score"":0},{""index"":4,""testcaseId"":""6a9a9a99bf41025d6013eb96"",""status"":""Skipped"",""statusKey"":""fail"",""errorPercent"":100,""timeUs"":0,""bestTimeUs"":6.66,""score"":0},{""index"":5,""testcaseId"":""6a9a9a99bf41025d6013eb9a"",""status"":""Skipped"",""statusKey"":""fail"",""errorPercent"":100,""timeUs"":0,""bestTimeUs"":5.2,""score"":0},{""index"":6,""testcaseId"":""6a9a9a99bf41025d6013eb9e"",""status"":""Skipped"",""statusKey"":""fail"",""errorPercent"":100,""timeUs"":0,""bestTimeUs"":10.86,""score"":0},{""index"":7,""testcaseId"":""6a9a9a99bf41025d6013eba2"",""status"":""Skipped"",""statusKey"":""fail"",""errorPercent"":100,""timeUs"":0,""bestTimeUs"":13.99,""score"":0},{""index"":8,""testcaseId"":""6a9a9a99bf41025d6013eba6"",""status"":""Skipped"",""statusKey"":""fail"",""errorPercent"":100,""timeUs"":0,""bestTimeUs"":30.16,""score"":0},{""index"":9,""testcaseId"":""6a9a9a99bf41025d6013ebaa"",""status"":""Skipped"",""statusKey"":""fail"",""errorPercent"":100,""timeUs"":0,""bestTimeUs"":68.2,""score"":0},{""index"":10,""testcaseId"":""6a9a9a99bf41025d6013ebae"",""status"":""Skipped"",""statusKey"":""fail"",""errorPercent"":100,""timeUs"":0,""bestTimeUs"":47.16,""score"":0},{""index"":11,""testcaseId"":""6a9a9a99bf41025d6013ebb2"",""status"":""Skipped"",""statusKey"":""fail"",""errorPercent"":100,""timeUs"":0,""bestTimeUs"":131.38,""score"":0},{""index"":12,""testcaseId"":""6a9a9a99bf41025d6013ebb6"",""status"":""Skipped"",""statusKey"":""fail"",""errorPercent"":100,""timeUs"":0,""bestTimeUs"":76.43,""score"":0},{""index"":13,""testcaseId"":""6a9a9a99bf41025d6013ebba"",""status"":""Skipped"",""statusKey"":""fail"",""errorPercent"":100,""timeUs"":0,""bestTimeUs"":393.51,""score"":0},{""index"":14,""testcaseId"":""6a9a9a99bf41025d6013ebbe"",""status"":""Skipped"",""statusKey"":""fail"",""errorPercent"":100,""timeUs"":0,""bestTimeUs"":3750.12,""score"":0},{""index"":15,""testcaseId"":""6a9a9a99bf41025d6013ebc2"",""status"":""Skipped"",""statusKey"":""fail"",""errorPercent"":100,""timeUs"":0,""bestTimeUs"":8321.94,""score"":0}]"
