Device_id,Model ID,Task ID,Stream ID,Op Name,OP Type,OP State,Task Type,Task Start Time(us),Task Duration(us),Task Wait Time(us),Block Dim,Mix Block Dim,HF32 Eligible,Input Shapes,Input Data Types,Input Formats,Output Shapes,Output Data Types,Output Formats,Context ID
2,4294967295,0,13,_Z24add_rms_norm_bias_customIfEvPhS0_S0_S0_S0_mmjff,_Z24add_rms_norm_bias_customIfEvPhS0_S0_S0_S0_mmjff,dynamic,AI_VECTOR_CORE,1791437213967759.384	,12.340,0,16,0,NO,N/A,N/A,N/A,N/A,N/A,N/A,N/A
2,4294967295,1,13,_Z24add_rms_norm_bias_customIfEvPhS0_S0_S0_S0_mmjff,_Z24add_rms_norm_bias_customIfEvPhS0_S0_S0_S0_mmjff,dynamic,AI_VECTOR_CORE,1791437214098543.220	,7.380,130771.410000,16,0,NO,N/A,N/A,N/A,N/A,N/A,N/A,N/A
2,4294967295,2,13,_Z24add_rms_norm_bias_customIfEvPhS0_S0_S0_S0_mmjff,_Z24add_rms_norm_bias_customIfEvPhS0_S0_S0_S0_mmjff,dynamic,AI_VECTOR_CORE,1791437214203544.116	,6.720,104993.370000,1,0,NO,N/A,N/A,N/A,N/A,N/A,N/A,N/A
2,4294967295,3,13,_Z24add_rms_norm_bias_customIfEvPhS0_S0_S0_S0_mmjff,_Z24add_rms_norm_bias_customIfEvPhS0_S0_S0_S0_mmjff,dynamic,AI_VECTOR_CORE,1791437214204560.056	,7.460,1009.280000,16,0,NO,N/A,N/A,N/A,N/A,N/A,N/A,N/A
2,4294967295,4,13,_Z24add_rms_norm_bias_customIfEvPhS0_S0_S0_S0_mmjff,_Z24add_rms_norm_bias_customIfEvPhS0_S0_S0_S0_mmjff,dynamic,AI_VECTOR_CORE,1791437214226435.012	,13.704,21867.540000,16,0,NO,N/A,N/A,N/A,N/A,N/A,N/A,N/A
2,4294967295,5,13,_Z24add_rms_norm_bias_customIfEvPhS0_S0_S0_S0_mmjff,_Z24add_rms_norm_bias_customIfEvPhS0_S0_S0_S0_mmjff,dynamic,AI_VECTOR_CORE,1791437214484448.708	,17.980,258000.046000,40,0,NO,N/A,N/A,N/A,N/A,N/A,N/A,N/A
2,4294967295,6,13,_Z24add_rms_norm_bias_customIfEvPhS0_S0_S0_S0_mmjff,_Z24add_rms_norm_bias_customIfEvPhS0_S0_S0_S0_mmjff,dynamic,AI_VECTOR_CORE,1791437215037333.636	,10.160,552867.020000,16,0,NO,N/A,N/A,N/A,N/A,N/A,N/A,N/A
2,4294967295,7,13,_Z24add_rms_norm_bias_customIfEvPhS0_S0_S0_S0_mmjff,_Z24add_rms_norm_bias_customIfEvPhS0_S0_S0_S0_mmjff,dynamic,AI_VECTOR_CORE,1791437215037396.076	,10.340,52.090000,16,0,NO,N/A,N/A,N/A,N/A,N/A,N/A,N/A
2,4294967295,9,13,_Z24add_rms_norm_bias_customIfEvPhS0_S0_S0_S0_mmjff,_Z24add_rms_norm_bias_customIfEvPhS0_S0_S0_S0_mmjff,dynamic,AI_VECTOR_CORE,1791437215037598.520	,6.040,192.160000,16,0,NO,N/A,N/A,N/A,N/A,N/A,N/A,N/A
2,4294967295,10,13,_Z24add_rms_norm_bias_customIfEvPhS0_S0_S0_S0_mmjff,_Z24add_rms_norm_bias_customIfEvPhS0_S0_S0_S0_mmjff,dynamic,AI_VECTOR_CORE,1791437215037688.264	,6.000,83.710000,16,0,NO,N/A,N/A,N/A,N/A,N/A,N/A,N/A
2,4294967295,12,13,_Z24add_rms_norm_bias_customIfEvPhS0_S0_S0_S0_mmjff,_Z24add_rms_norm_bias_customIfEvPhS0_S0_S0_S0_mmjff,dynamic,AI_VECTOR_CORE,1791437215037772.464	,6.200,78.250000,16,0,NO,N/A,N/A,N/A,N/A,N/A,N/A,N/A
2,4294967295,13,13,_Z24add_rms_norm_bias_customIfEvPhS0_S0_S0_S0_mmjff,_Z24add_rms_norm_bias_customIfEvPhS0_S0_S0_S0_mmjff,dynamic,AI_VECTOR_CORE,1791437215037809.364	,4.220,30.550000,16,0,NO,N/A,N/A,N/A,N/A,N/A,N/A,N/A
2,4294967295,14,13,_Z24add_rms_norm_bias_customIfEvPhS0_S0_S0_S0_mmjff,_Z24add_rms_norm_bias_customIfEvPhS0_S0_S0_S0_mmjff,dynamic,AI_VECTOR_CORE,1791437215037851.788	,4.280,38.280000,16,0,NO,N/A,N/A,N/A,N/A,N/A,N/A,N/A
2,4294967295,15,13,_Z24add_rms_norm_bias_customIfEvPhS0_S0_S0_S0_mmjff,_Z24add_rms_norm_bias_customIfEvPhS0_S0_S0_S0_mmjff,dynamic,AI_VECTOR_CORE,1791437215037878.228	,2.900,22.220000,16,0,NO,N/A,N/A,N/A,N/A,N/A,N/A,N/A
2,4294967295,16,13,_Z24add_rms_norm_bias_customIfEvPhS0_S0_S0_S0_mmjff,_Z24add_rms_norm_bias_customIfEvPhS0_S0_S0_S0_mmjff,dynamic,AI_VECTOR_CORE,1791437215037907.088	,3.000,25.850000,16,0,NO,N/A,N/A,N/A,N/A,N/A,N/A,N/A
2,4294967295,17,13,_Z24add_rms_norm_bias_customIfEvPhS0_S0_S0_S0_mmjff,_Z24add_rms_norm_bias_customIfEvPhS0_S0_S0_S0_mmjff,dynamic,AI_VECTOR_CORE,1791437215037935.808	,2.900,25.750000,16,0,NO,N/A,N/A,N/A,N/A,N/A,N/A,N/A
2,4294967295,18,13,_Z24add_rms_norm_bias_customIfEvPhS0_S0_S0_S0_mmjff,_Z24add_rms_norm_bias_customIfEvPhS0_S0_S0_S0_mmjff,dynamic,AI_VECTOR_CORE,1791437215037955.768	,2.900,17.100000,16,0,NO,N/A,N/A,N/A,N/A,N/A,N/A,N/A
2,4294967295,19,13,_Z24add_rms_norm_bias_customIfEvPhS0_S0_S0_S0_mmjff,_Z24add_rms_norm_bias_customIfEvPhS0_S0_S0_S0_mmjff,dynamic,AI_VECTOR_CORE,1791437215037994.528	,2.920,35.850000,16,0,NO,N/A,N/A,N/A,N/A,N/A,N/A,N/A
2,4294967295,20,13,_Z24add_rms_norm_bias_customIfEvPhS0_S0_S0_S0_mmjff,_Z24add_rms_norm_bias_customIfEvPhS0_S0_S0_S0_mmjff,dynamic,AI_VECTOR_CORE,1791437215038024.908	,2.860,27.580000,16,0,NO,N/A,N/A,N/A,N/A,N/A,N/A,N/A
2,4294967295,21,13,_Z24add_rms_norm_bias_customIfEvPhS0_S0_S0_S0_mmjff,_Z24add_rms_norm_bias_customIfEvPhS0_S0_S0_S0_mmjff,dynamic,AI_VECTOR_CORE,1791437215038050.788	,3.200,22.890000,16,0,NO,N/A,N/A,N/A,N/A,N/A,N/A,N/A
2,4294967295,22,13,_Z24add_rms_norm_bias_customIfEvPhS0_S0_S0_S0_mmjff,_Z24add_rms_norm_bias_customIfEvPhS0_S0_S0_S0_mmjff,dynamic,AI_VECTOR_CORE,1791437215038070.352	,3.080,16.300000,16,0,NO,N/A,N/A,N/A,N/A,N/A,N/A,N/A
2,4294967295,23,13,_Z24add_rms_norm_bias_customIfEvPhS0_S0_S0_S0_mmjff,_Z24add_rms_norm_bias_customIfEvPhS0_S0_S0_S0_mmjff,dynamic,AI_VECTOR_CORE,1791437215038104.052	,2.960,30.670000,16,0,NO,N/A,N/A,N/A,N/A,N/A,N/A,N/A
2,4294967295,24,13,_Z24add_rms_norm_bias_customIfEvPhS0_S0_S0_S0_mmjff,_Z24add_rms_norm_bias_customIfEvPhS0_S0_S0_S0_mmjff,dynamic,AI_VECTOR_CORE,1791437215038123.652	,2.960,16.790000,16,0,NO,N/A,N/A,N/A,N/A,N/A,N/A,N/A
2,4294967295,25,13,_Z24add_rms_norm_bias_customIfEvPhS0_S0_S0_S0_mmjff,_Z24add_rms_norm_bias_customIfEvPhS0_S0_S0_S0_mmjff,dynamic,AI_VECTOR_CORE,1791437215038149.012	,2.820,22.290000,16,0,NO,N/A,N/A,N/A,N/A,N/A,N/A,N/A
2,4294967295,26,13,_Z24add_rms_norm_bias_customIfEvPhS0_S0_S0_S0_mmjff,_Z24add_rms_norm_bias_customIfEvPhS0_S0_S0_S0_mmjff,dynamic,AI_VECTOR_CORE,1791437215038175.712	,3.120,23.930000,16,0,NO,N/A,N/A,N/A,N/A,N/A,N/A,N/A
2,4294967295,27,13,_Z24add_rms_norm_bias_customIfEvPhS0_S0_S0_S0_mmjff,_Z24add_rms_norm_bias_customIfEvPhS0_S0_S0_S0_mmjff,dynamic,AI_VECTOR_CORE,1791437215038202.652	,3.060,23.880000,16,0,NO,N/A,N/A,N/A,N/A,N/A,N/A,N/A
2,4294967295,28,13,_Z24add_rms_norm_bias_customIfEvPhS0_S0_S0_S0_mmjff,_Z24add_rms_norm_bias_customIfEvPhS0_S0_S0_S0_mmjff,dynamic,AI_VECTOR_CORE,1791437215038229.612	,2.900,23.690000,16,0,NO,N/A,N/A,N/A,N/A,N/A,N/A,N/A
2,4294967295,29,13,_Z24add_rms_norm_bias_customIfEvPhS0_S0_S0_S0_mmjff,_Z24add_rms_norm_bias_customIfEvPhS0_S0_S0_S0_mmjff,dynamic,AI_VECTOR_CORE,1791437215038255.532	,2.924,23.100000,16,0,NO,N/A,N/A,N/A,N/A,N/A,N/A,N/A
2,4294967295,30,13,_Z24add_rms_norm_bias_customIfEvPhS0_S0_S0_S0_mmjff,_Z24add_rms_norm_bias_customIfEvPhS0_S0_S0_S0_mmjff,dynamic,AI_VECTOR_CORE,1791437215038277.976	,2.860,19.576000,16,0,NO,N/A,N/A,N/A,N/A,N/A,N/A,N/A
2,4294967295,31,13,_Z24add_rms_norm_bias_customIfEvPhS0_S0_S0_S0_mmjff,_Z24add_rms_norm_bias_customIfEvPhS0_S0_S0_S0_mmjff,dynamic,AI_VECTOR_CORE,1791437215038310.956	,2.980,30.140000,16,0,NO,N/A,N/A,N/A,N/A,N/A,N/A,N/A
2,4294967295,32,13,_Z24add_rms_norm_bias_customIfEvPhS0_S0_S0_S0_mmjff,_Z24add_rms_norm_bias_customIfEvPhS0_S0_S0_S0_mmjff,dynamic,AI_VECTOR_CORE,1791437215038347.476	,3.120,33.520000,16,0,NO,N/A,N/A,N/A,N/A,N/A,N/A,N/A
2,4294967295,33,13,_Z24add_rms_norm_bias_customIfEvPhS0_S0_S0_S0_mmjff,_Z24add_rms_norm_bias_customIfEvPhS0_S0_S0_S0_mmjff,dynamic,AI_VECTOR_CORE,1791437215038372.536	,2.940,21.880000,16,0,NO,N/A,N/A,N/A,N/A,N/A,N/A,N/A
2,4294967295,34,13,_Z24add_rms_norm_bias_customIfEvPhS0_S0_S0_S0_mmjff,_Z24add_rms_norm_bias_customIfEvPhS0_S0_S0_S0_mmjff,dynamic,AI_VECTOR_CORE,1791437215038396.936	,2.900,21.560000,16,0,NO,N/A,N/A,N/A,N/A,N/A,N/A,N/A
2,4294967295,35,13,_Z24add_rms_norm_bias_customIfEvPhS0_S0_S0_S0_mmjff,_Z24add_rms_norm_bias_customIfEvPhS0_S0_S0_S0_mmjff,dynamic,AI_VECTOR_CORE,1791437215038424.236	,2.860,24.350000,16,0,NO,N/A,N/A,N/A,N/A,N/A,N/A,N/A
2,4294967295,36,13,_Z24add_rms_norm_bias_customIfEvPhS0_S0_S0_S0_mmjff,_Z24add_rms_norm_bias_customIfEvPhS0_S0_S0_S0_mmjff,dynamic,AI_VECTOR_CORE,1791437215038456.620	,3.020,29.390000,16,0,NO,N/A,N/A,N/A,N/A,N/A,N/A,N/A
2,4294967295,38,13,_Z24add_rms_norm_bias_customIfEvPhS0_S0_S0_S0_mmjff,_Z24add_rms_norm_bias_customIfEvPhS0_S0_S0_S0_mmjff,dynamic,AI_VECTOR_CORE,1791437215038535.180	,3.080,75.730000,16,0,NO,N/A,N/A,N/A,N/A,N/A,N/A,N/A
2,4294967295,39,13,_Z24add_rms_norm_bias_customIfEvPhS0_S0_S0_S0_mmjff,_Z24add_rms_norm_bias_customIfEvPhS0_S0_S0_S0_mmjff,dynamic,AI_VECTOR_CORE,1791437215038579.960	,2.940,41.670000,16,0,NO,N/A,N/A,N/A,N/A,N/A,N/A,N/A
2,4294967295,40,13,_Z24add_rms_norm_bias_customIfEvPhS0_S0_S0_S0_mmjff,_Z24add_rms_norm_bias_customIfEvPhS0_S0_S0_S0_mmjff,dynamic,AI_VECTOR_CORE,1791437215038608.880	,2.920,26.060000,16,0,NO,N/A,N/A,N/A,N/A,N/A,N/A,N/A
2,4294967295,41,13,_Z24add_rms_norm_bias_customIfEvPhS0_S0_S0_S0_mmjff,_Z24add_rms_norm_bias_customIfEvPhS0_S0_S0_S0_mmjff,dynamic,AI_VECTOR_CORE,1791437215038635.940	,2.840,24.080000,16,0,NO,N/A,N/A,N/A,N/A,N/A,N/A,N/A
2,4294967295,42,13,_Z24add_rms_norm_bias_customIfEvPhS0_S0_S0_S0_mmjff,_Z24add_rms_norm_bias_customIfEvPhS0_S0_S0_S0_mmjff,dynamic,AI_VECTOR_CORE,1791437215038664.664	,3.020,25.910000,16,0,NO,N/A,N/A,N/A,N/A,N/A,N/A,N/A
2,4294967295,43,13,_Z24add_rms_norm_bias_customIfEvPhS0_S0_S0_S0_mmjff,_Z24add_rms_norm_bias_customIfEvPhS0_S0_S0_S0_mmjff,dynamic,AI_VECTOR_CORE,1791437215038693.404	,2.900,25.730000,16,0,NO,N/A,N/A,N/A,N/A,N/A,N/A,N/A
2,4294967295,44,13,_Z24add_rms_norm_bias_customIfEvPhS0_S0_S0_S0_mmjff,_Z24add_rms_norm_bias_customIfEvPhS0_S0_S0_S0_mmjff,dynamic,AI_VECTOR_CORE,1791437215038720.924	,2.900,24.600000,16,0,NO,N/A,N/A,N/A,N/A,N/A,N/A,N/A
2,4294967295,45,13,_Z24add_rms_norm_bias_customIfEvPhS0_S0_S0_S0_mmjff,_Z24add_rms_norm_bias_customIfEvPhS0_S0_S0_S0_mmjff,dynamic,AI_VECTOR_CORE,1791437215038748.504	,2.880,24.600000,16,0,NO,N/A,N/A,N/A,N/A,N/A,N/A,N/A
2,4294967295,46,13,_Z24add_rms_norm_bias_customIfEvPhS0_S0_S0_S0_mmjff,_Z24add_rms_norm_bias_customIfEvPhS0_S0_S0_S0_mmjff,dynamic,AI_VECTOR_CORE,1791437215038798.224	,2.860,46.870000,16,0,NO,N/A,N/A,N/A,N/A,N/A,N/A,N/A
2,4294967295,47,13,_Z24add_rms_norm_bias_customIfEvPhS0_S0_S0_S0_mmjff,_Z24add_rms_norm_bias_customIfEvPhS0_S0_S0_S0_mmjff,dynamic,AI_VECTOR_CORE,1791437215038824.384	,2.980,23.390000,16,0,NO,N/A,N/A,N/A,N/A,N/A,N/A,N/A
2,4294967295,48,13,_Z24add_rms_norm_bias_customIfEvPhS0_S0_S0_S0_mmjff,_Z24add_rms_norm_bias_customIfEvPhS0_S0_S0_S0_mmjff,dynamic,AI_VECTOR_CORE,1791437215038849.844	,3.784,22.270000,16,0,NO,N/A,N/A,N/A,N/A,N/A,N/A,N/A
2,4294967295,49,13,_Z24add_rms_norm_bias_customIfEvPhS0_S0_S0_S0_mmjff,_Z24add_rms_norm_bias_customIfEvPhS0_S0_S0_S0_mmjff,dynamic,AI_VECTOR_CORE,1791437215038875.368	,3.700,21.716000,16,0,NO,N/A,N/A,N/A,N/A,N/A,N/A,N/A
2,4294967295,50,13,_Z24add_rms_norm_bias_customIfEvPhS0_S0_S0_S0_mmjff,_Z24add_rms_norm_bias_customIfEvPhS0_S0_S0_S0_mmjff,dynamic,AI_VECTOR_CORE,1791437215038902.048	,3.620,23.050000,16,0,NO,N/A,N/A,N/A,N/A,N/A,N/A,N/A
2,4294967295,51,13,_Z24add_rms_norm_bias_customIfEvPhS0_S0_S0_S0_mmjff,_Z24add_rms_norm_bias_customIfEvPhS0_S0_S0_S0_mmjff,dynamic,AI_VECTOR_CORE,1791437215038931.148	,3.300,25.630000,16,0,NO,N/A,N/A,N/A,N/A,N/A,N/A,N/A
2,4294967295,52,13,_Z24add_rms_norm_bias_customIfEvPhS0_S0_S0_S0_mmjff,_Z24add_rms_norm_bias_customIfEvPhS0_S0_S0_S0_mmjff,dynamic,AI_VECTOR_CORE,1791437215038963.848	,3.860,29.200000,16,0,NO,N/A,N/A,N/A,N/A,N/A,N/A,N/A
2,4294967295,54,13,_Z24add_rms_norm_bias_customIfEvPhS0_S0_S0_S0_mmjff,_Z24add_rms_norm_bias_customIfEvPhS0_S0_S0_S0_mmjff,dynamic,AI_VECTOR_CORE,1791437215039031.868	,3.000,64.140000,16,0,NO,N/A,N/A,N/A,N/A,N/A,N/A,N/A
2,4294967295,55,13,_Z24add_rms_norm_bias_customIfEvPhS0_S0_S0_S0_mmjff,_Z24add_rms_norm_bias_customIfEvPhS0_S0_S0_S0_mmjff,dynamic,AI_VECTOR_CORE,1791437215039087.072	,3.800,52.250000,16,0,NO,N/A,N/A,N/A,N/A,N/A,N/A,N/A
2,4294967295,57,13,_Z24add_rms_norm_bias_customIfEvPhS0_S0_S0_S0_mmjff,_Z24add_rms_norm_bias_customIfEvPhS0_S0_S0_S0_mmjff,dynamic,AI_VECTOR_CORE,1791437215039158.352	,4.160,67.450000,16,0,NO,N/A,N/A,N/A,N/A,N/A,N/A,N/A
2,4294967295,58,13,_Z24add_rms_norm_bias_customIfEvPhS0_S0_S0_S0_mmjff,_Z24add_rms_norm_bias_customIfEvPhS0_S0_S0_S0_mmjff,dynamic,AI_VECTOR_CORE,1791437215039200.992	,3.720,38.590000,16,0,NO,N/A,N/A,N/A,N/A,N/A,N/A,N/A
2,4294967295,59,13,_Z24add_rms_norm_bias_customIfEvPhS0_S0_S0_S0_mmjff,_Z24add_rms_norm_bias_customIfEvPhS0_S0_S0_S0_mmjff,dynamic,AI_VECTOR_CORE,1791437215039227.472	,4.200,22.780000,16,0,NO,N/A,N/A,N/A,N/A,N/A,N/A,N/A
2,4294967295,60,13,_Z24add_rms_norm_bias_customIfEvPhS0_S0_S0_S0_mmjff,_Z24add_rms_norm_bias_customIfEvPhS0_S0_S0_S0_mmjff,dynamic,AI_VECTOR_CORE,1791437215039251.236	,4.016,19.550000,16,0,NO,N/A,N/A,N/A,N/A,N/A,N/A,N/A
2,4294967295,61,13,_Z24add_rms_norm_bias_customIfEvPhS0_S0_S0_S0_mmjff,_Z24add_rms_norm_bias_customIfEvPhS0_S0_S0_S0_mmjff,dynamic,AI_VECTOR_CORE,1791437215039298.636	,3.340,43.484000,16,0,NO,N/A,N/A,N/A,N/A,N/A,N/A,N/A
2,4294967295,62,13,_Z24add_rms_norm_bias_customIfEvPhS0_S0_S0_S0_mmjff,_Z24add_rms_norm_bias_customIfEvPhS0_S0_S0_S0_mmjff,dynamic,AI_VECTOR_CORE,1791437215039318.776	,2.880,16.660000,16,0,NO,N/A,N/A,N/A,N/A,N/A,N/A,N/A
2,4294967295,63,13,_Z24add_rms_norm_bias_customIfEvPhS0_S0_S0_S0_mmjff,_Z24add_rms_norm_bias_customIfEvPhS0_S0_S0_S0_mmjff,dynamic,AI_VECTOR_CORE,1791437215039345.536	,3.220,23.870000,16,0,NO,N/A,N/A,N/A,N/A,N/A,N/A,N/A
2,4294967295,64,13,_Z24add_rms_norm_bias_customIfEvPhS0_S0_S0_S0_mmjff,_Z24add_rms_norm_bias_customIfEvPhS0_S0_S0_S0_mmjff,dynamic,AI_VECTOR_CORE,1791437215039372.016	,3.100,23.280000,16,0,NO,N/A,N/A,N/A,N/A,N/A,N/A,N/A
2,4294967295,65,13,_Z24add_rms_norm_bias_customIfEvPhS0_S0_S0_S0_mmjff,_Z24add_rms_norm_bias_customIfEvPhS0_S0_S0_S0_mmjff,dynamic,AI_VECTOR_CORE,1791437215039400.216	,3.100,25.150000,16,0,NO,N/A,N/A,N/A,N/A,N/A,N/A,N/A
2,4294967295,66,13,_Z24add_rms_norm_bias_customIfEvPhS0_S0_S0_S0_mmjff,_Z24add_rms_norm_bias_customIfEvPhS0_S0_S0_S0_mmjff,dynamic,AI_VECTOR_CORE,1791437215039436.536	,2.940,33.150000,16,0,NO,N/A,N/A,N/A,N/A,N/A,N/A,N/A
2,4294967295,67,13,_Z24add_rms_norm_bias_customIfEvPhS0_S0_S0_S0_mmjff,_Z24add_rms_norm_bias_customIfEvPhS0_S0_S0_S0_mmjff,dynamic,AI_VECTOR_CORE,1791437215039458.820	,2.860,19.310000,16,0,NO,N/A,N/A,N/A,N/A,N/A,N/A,N/A
2,4294967295,68,13,_Z24add_rms_norm_bias_customIfEvPhS0_S0_S0_S0_mmjff,_Z24add_rms_norm_bias_customIfEvPhS0_S0_S0_S0_mmjff,dynamic,AI_VECTOR_CORE,1791437215039486.080	,2.900,24.390000,16,0,NO,N/A,N/A,N/A,N/A,N/A,N/A,N/A
2,4294967295,69,13,_Z24add_rms_norm_bias_customIfEvPhS0_S0_S0_S0_mmjff,_Z24add_rms_norm_bias_customIfEvPhS0_S0_S0_S0_mmjff,dynamic,AI_VECTOR_CORE,1791437215039508.900	,3.020,20.100000,16,0,NO,N/A,N/A,N/A,N/A,N/A,N/A,N/A
2,4294967295,70,13,_Z24add_rms_norm_bias_customIfEvPhS0_S0_S0_S0_mmjff,_Z24add_rms_norm_bias_customIfEvPhS0_S0_S0_S0_mmjff,dynamic,AI_VECTOR_CORE,1791437215039535.000	,3.040,22.980000,16,0,NO,N/A,N/A,N/A,N/A,N/A,N/A,N/A
2,4294967295,72,13,_Z24add_rms_norm_bias_customIfEvPhS0_S0_S0_S0_mmjff,_Z24add_rms_norm_bias_customIfEvPhS0_S0_S0_S0_mmjff,dynamic,AI_VECTOR_CORE,1791437215039650.500	,3.464,112.460000,16,0,NO,N/A,N/A,N/A,N/A,N/A,N/A,N/A
2,4294967295,75,13,_Z24add_rms_norm_bias_customIfEvPhS0_S0_S0_S0_mmjff,_Z24add_rms_norm_bias_customIfEvPhS0_S0_S0_S0_mmjff,dynamic,AI_VECTOR_CORE,1791437215039891.128	,3.560,237.286000,16,0,NO,N/A,N/A,N/A,N/A,N/A,N/A,N/A
2,4294967295,78,13,_Z24add_rms_norm_bias_customIfEvPhS0_S0_S0_S0_mmjff,_Z24add_rms_norm_bias_customIfEvPhS0_S0_S0_S0_mmjff,dynamic,AI_VECTOR_CORE,1791437215040021.308	,3.460,126.440000,16,0,NO,N/A,N/A,N/A,N/A,N/A,N/A,N/A
2,4294967295,81,13,_Z24add_rms_norm_bias_customIfEvPhS0_S0_S0_S0_mmjff,_Z24add_rms_norm_bias_customIfEvPhS0_S0_S0_S0_mmjff,dynamic,AI_VECTOR_CORE,1791437215040114.232	,3.720,89.540000,16,0,NO,N/A,N/A,N/A,N/A,N/A,N/A,N/A
2,4294967295,84,13,_Z24add_rms_norm_bias_customIfEvPhS0_S0_S0_S0_mmjff,_Z24add_rms_norm_bias_customIfEvPhS0_S0_S0_S0_mmjff,dynamic,AI_VECTOR_CORE,1791437215040217.272	,3.420,99.280000,16,0,NO,N/A,N/A,N/A,N/A,N/A,N/A,N/A
2,4294967295,87,13,_Z24add_rms_norm_bias_customIfEvPhS0_S0_S0_S0_mmjff,_Z24add_rms_norm_bias_customIfEvPhS0_S0_S0_S0_mmjff,dynamic,AI_VECTOR_CORE,1791437215040325.776	,2.920,105.080000,16,0,NO,N/A,N/A,N/A,N/A,N/A,N/A,N/A
2,4294967295,90,13,_Z24add_rms_norm_bias_customIfEvPhS0_S0_S0_S0_mmjff,_Z24add_rms_norm_bias_customIfEvPhS0_S0_S0_S0_mmjff,dynamic,AI_VECTOR_CORE,1791437215040413.556	,2.900,84.830000,16,0,NO,N/A,N/A,N/A,N/A,N/A,N/A,N/A
2,4294967295,93,13,_Z24add_rms_norm_bias_customIfEvPhS0_S0_S0_S0_mmjff,_Z24add_rms_norm_bias_customIfEvPhS0_S0_S0_S0_mmjff,dynamic,AI_VECTOR_CORE,1791437215040531.300	,2.920,114.850000,16,0,NO,N/A,N/A,N/A,N/A,N/A,N/A,N/A
2,4294967295,96,13,_Z24add_rms_norm_bias_customIfEvPhS0_S0_S0_S0_mmjff,_Z24add_rms_norm_bias_customIfEvPhS0_S0_S0_S0_mmjff,dynamic,AI_VECTOR_CORE,1791437215040626.060	,3.140,91.830000,16,0,NO,N/A,N/A,N/A,N/A,N/A,N/A,N/A
2,4294967295,99,13,_Z24add_rms_norm_bias_customIfEvPhS0_S0_S0_S0_mmjff,_Z24add_rms_norm_bias_customIfEvPhS0_S0_S0_S0_mmjff,dynamic,AI_VECTOR_CORE,1791437215040719.444	,2.920,90.360000,16,0,NO,N/A,N/A,N/A,N/A,N/A,N/A,N/A
2,4294967295,102,13,_Z24add_rms_norm_bias_customIfEvPhS0_S0_S0_S0_mmjff,_Z24add_rms_norm_bias_customIfEvPhS0_S0_S0_S0_mmjff,dynamic,AI_VECTOR_CORE,1791437215040837.624	,2.920,115.080000,16,0,NO,N/A,N/A,N/A,N/A,N/A,N/A,N/A
2,4294967295,105,13,_Z24add_rms_norm_bias_customIfEvPhS0_S0_S0_S0_mmjff,_Z24add_rms_norm_bias_customIfEvPhS0_S0_S0_S0_mmjff,dynamic,AI_VECTOR_CORE,1791437215040914.088	,4.180,73.580000,16,0,NO,N/A,N/A,N/A,N/A,N/A,N/A,N/A
2,4294967295,108,13,_Z24add_rms_norm_bias_customIfEvPhS0_S0_S0_S0_mmjff,_Z24add_rms_norm_bias_customIfEvPhS0_S0_S0_S0_mmjff,dynamic,AI_VECTOR_CORE,1791437215041006.808	,4.340,88.570000,16,0,NO,N/A,N/A,N/A,N/A,N/A,N/A,N/A
2,4294967295,111,13,_Z24add_rms_norm_bias_customIfEvPhS0_S0_S0_S0_mmjff,_Z24add_rms_norm_bias_customIfEvPhS0_S0_S0_S0_mmjff,dynamic,AI_VECTOR_CORE,1791437215041134.312	,3.880,123.160000,16,0,NO,N/A,N/A,N/A,N/A,N/A,N/A,N/A
2,4294967295,114,13,_Z24add_rms_norm_bias_customIfEvPhS0_S0_S0_S0_mmjff,_Z24add_rms_norm_bias_customIfEvPhS0_S0_S0_S0_mmjff,dynamic,AI_VECTOR_CORE,1791437215041238.452	,5.440,100.370000,16,0,NO,N/A,N/A,N/A,N/A,N/A,N/A,N/A
2,4294967295,117,13,_Z24add_rms_norm_bias_customIfEvPhS0_S0_S0_S0_mmjff,_Z24add_rms_norm_bias_customIfEvPhS0_S0_S0_S0_mmjff,dynamic,AI_VECTOR_CORE,1791437215041334.856	,5.040,90.810000,16,0,NO,N/A,N/A,N/A,N/A,N/A,N/A,N/A
2,4294967295,120,13,_Z24add_rms_norm_bias_customIfEvPhS0_S0_S0_S0_mmjff,_Z24add_rms_norm_bias_customIfEvPhS0_S0_S0_S0_mmjff,dynamic,AI_VECTOR_CORE,1791437215041416.296	,5.180,76.460000,16,0,NO,N/A,N/A,N/A,N/A,N/A,N/A,N/A
2,4294967295,123,13,_Z24add_rms_norm_bias_customIfEvPhS0_S0_S0_S0_mmjff,_Z24add_rms_norm_bias_customIfEvPhS0_S0_S0_S0_mmjff,dynamic,AI_VECTOR_CORE,1791437215041505.860	,3.160,84.320000,16,0,NO,N/A,N/A,N/A,N/A,N/A,N/A,N/A
2,4294967295,126,13,_Z24add_rms_norm_bias_customIfEvPhS0_S0_S0_S0_mmjff,_Z24add_rms_norm_bias_customIfEvPhS0_S0_S0_S0_mmjff,dynamic,AI_VECTOR_CORE,1791437215041612.940	,3.620,104.090000,16,0,NO,N/A,N/A,N/A,N/A,N/A,N/A,N/A
2,4294967295,129,13,_Z24add_rms_norm_bias_customIfEvPhS0_S0_S0_S0_mmjff,_Z24add_rms_norm_bias_customIfEvPhS0_S0_S0_S0_mmjff,dynamic,AI_VECTOR_CORE,1791437215041701.544	,4.200,84.880000,16,0,NO,N/A,N/A,N/A,N/A,N/A,N/A,N/A
2,4294967295,132,13,_Z24add_rms_norm_bias_customIfEvPhS0_S0_S0_S0_mmjff,_Z24add_rms_norm_bias_customIfEvPhS0_S0_S0_S0_mmjff,dynamic,AI_VECTOR_CORE,1791437215041790.084	,2.940,84.300000,16,0,NO,N/A,N/A,N/A,N/A,N/A,N/A,N/A
2,4294967295,135,13,_Z24add_rms_norm_bias_customIfEvPhS0_S0_S0_S0_mmjff,_Z24add_rms_norm_bias_customIfEvPhS0_S0_S0_S0_mmjff,dynamic,AI_VECTOR_CORE,1791437215041901.048	,2.940,108.060000,16,0,NO,N/A,N/A,N/A,N/A,N/A,N/A,N/A
2,4294967295,138,13,_Z24add_rms_norm_bias_customIfEvPhS0_S0_S0_S0_mmjff,_Z24add_rms_norm_bias_customIfEvPhS0_S0_S0_S0_mmjff,dynamic,AI_VECTOR_CORE,1791437215041980.188	,2.880,76.310000,16,0,NO,N/A,N/A,N/A,N/A,N/A,N/A,N/A
2,4294967295,141,13,_Z24add_rms_norm_bias_customIfEvPhS0_S0_S0_S0_mmjff,_Z24add_rms_norm_bias_customIfEvPhS0_S0_S0_S0_mmjff,dynamic,AI_VECTOR_CORE,1791437215042065.932	,2.880,82.870000,16,0,NO,N/A,N/A,N/A,N/A,N/A,N/A,N/A
2,4294967295,144,13,_Z24add_rms_norm_bias_customIfEvPhS0_S0_S0_S0_mmjff,_Z24add_rms_norm_bias_customIfEvPhS0_S0_S0_S0_mmjff,dynamic,AI_VECTOR_CORE,1791437215042162.792	,2.840,93.870000,16,0,NO,N/A,N/A,N/A,N/A,N/A,N/A,N/A
2,4294967295,147,13,_Z24add_rms_norm_bias_customIfEvPhS0_S0_S0_S0_mmjff,_Z24add_rms_norm_bias_customIfEvPhS0_S0_S0_S0_mmjff,dynamic,AI_VECTOR_CORE,1791437215042249.832	,3.120,84.160000,16,0,NO,N/A,N/A,N/A,N/A,N/A,N/A,N/A
2,4294967295,150,13,_Z24add_rms_norm_bias_customIfEvPhS0_S0_S0_S0_mmjff,_Z24add_rms_norm_bias_customIfEvPhS0_S0_S0_S0_mmjff,dynamic,AI_VECTOR_CORE,1791437215042353.336	,3.000,100.380000,16,0,NO,N/A,N/A,N/A,N/A,N/A,N/A,N/A
2,4294967295,153,13,_Z24add_rms_norm_bias_customIfEvPhS0_S0_S0_S0_mmjff,_Z24add_rms_norm_bias_customIfEvPhS0_S0_S0_S0_mmjff,dynamic,AI_VECTOR_CORE,1791437215042458.116	,2.920,101.750000,16,0,NO,N/A,N/A,N/A,N/A,N/A,N/A,N/A
2,4294967295,156,13,_Z24add_rms_norm_bias_customIfEvPhS0_S0_S0_S0_mmjff,_Z24add_rms_norm_bias_customIfEvPhS0_S0_S0_S0_mmjff,dynamic,AI_VECTOR_CORE,1791437215042550.020	,2.840,89.080000,16,0,NO,N/A,N/A,N/A,N/A,N/A,N/A,N/A
2,4294967295,159,13,_Z24add_rms_norm_bias_customIfEvPhS0_S0_S0_S0_mmjff,_Z24add_rms_norm_bias_customIfEvPhS0_S0_S0_S0_mmjff,dynamic,AI_VECTOR_CORE,1791437215042682.544	,2.920,129.660000,16,0,NO,N/A,N/A,N/A,N/A,N/A,N/A,N/A
2,4294967295,162,13,_Z24add_rms_norm_bias_customIfEvPhS0_S0_S0_S0_mmjff,_Z24add_rms_norm_bias_customIfEvPhS0_S0_S0_S0_mmjff,dynamic,AI_VECTOR_CORE,1791437215042778.184	,3.120,92.830000,16,0,NO,N/A,N/A,N/A,N/A,N/A,N/A,N/A
2,4294967295,165,13,_Z24add_rms_norm_bias_customIfEvPhS0_S0_S0_S0_mmjff,_Z24add_rms_norm_bias_customIfEvPhS0_S0_S0_S0_mmjff,dynamic,AI_VECTOR_CORE,1791437215042892.428	,3.060,111.130000,16,0,NO,N/A,N/A,N/A,N/A,N/A,N/A,N/A
2,4294967295,168,13,_Z24add_rms_norm_bias_customIfEvPhS0_S0_S0_S0_mmjff,_Z24add_rms_norm_bias_customIfEvPhS0_S0_S0_S0_mmjff,dynamic,AI_VECTOR_CORE,1791437215042979.028	,3.000,83.440000,16,0,NO,N/A,N/A,N/A,N/A,N/A,N/A,N/A
2,4294967295,171,13,_Z24add_rms_norm_bias_customIfEvPhS0_S0_S0_S0_mmjff,_Z24add_rms_norm_bias_customIfEvPhS0_S0_S0_S0_mmjff,dynamic,AI_VECTOR_CORE,1791437215043063.172	,2.880,81.250000,16,0,NO,N/A,N/A,N/A,N/A,N/A,N/A,N/A
2,4294967295,174,13,_Z24add_rms_norm_bias_customIfEvPhS0_S0_S0_S0_mmjff,_Z24add_rms_norm_bias_customIfEvPhS0_S0_S0_S0_mmjff,dynamic,AI_VECTOR_CORE,1791437215043162.432	,2.860,96.370000,16,0,NO,N/A,N/A,N/A,N/A,N/A,N/A,N/A
2,4294967295,177,13,_Z24add_rms_norm_bias_customIfEvPhS0_S0_S0_S0_mmjff,_Z24add_rms_norm_bias_customIfEvPhS0_S0_S0_S0_mmjff,dynamic,AI_VECTOR_CORE,1791437215043254.192	,4.100,88.890000,16,0,NO,N/A,N/A,N/A,N/A,N/A,N/A,N/A
2,4294967295,180,13,_Z24add_rms_norm_bias_customIfEvPhS0_S0_S0_S0_mmjff,_Z24add_rms_norm_bias_customIfEvPhS0_S0_S0_S0_mmjff,dynamic,AI_VECTOR_CORE,1791437215043356.856	,2.920,98.400000,16,0,NO,N/A,N/A,N/A,N/A,N/A,N/A,N/A
2,4294967295,183,13,_Z24add_rms_norm_bias_customIfEvPhS0_S0_S0_S0_mmjff,_Z24add_rms_norm_bias_customIfEvPhS0_S0_S0_S0_mmjff,dynamic,AI_VECTOR_CORE,1791437215043473.320	,2.960,113.580000,16,0,NO,N/A,N/A,N/A,N/A,N/A,N/A,N/A
2,4294967295,186,13,_Z24add_rms_norm_bias_customIfEvPhS0_S0_S0_S0_mmjff,_Z24add_rms_norm_bias_customIfEvPhS0_S0_S0_S0_mmjff,dynamic,AI_VECTOR_CORE,1791437215043568.360	,3.040,92.040000,16,0,NO,N/A,N/A,N/A,N/A,N/A,N/A,N/A
2,4294967295,189,13,_Z24add_rms_norm_bias_customIfEvPhS0_S0_S0_S0_mmjff,_Z24add_rms_norm_bias_customIfEvPhS0_S0_S0_S0_mmjff,dynamic,AI_VECTOR_CORE,1791437215043659.524	,2.860,88.210000,16,0,NO,N/A,N/A,N/A,N/A,N/A,N/A,N/A
2,4294967295,192,13,_Z24add_rms_norm_bias_customIfEvPhS0_S0_S0_S0_mmjff,_Z24add_rms_norm_bias_customIfEvPhS0_S0_S0_S0_mmjff,dynamic,AI_VECTOR_CORE,1791437215043764.704	,2.900,102.390000,16,0,NO,N/A,N/A,N/A,N/A,N/A,N/A,N/A
2,4294967295,195,13,_Z24add_rms_norm_bias_customIfEvPhS0_S0_S0_S0_mmjff,_Z24add_rms_norm_bias_customIfEvPhS0_S0_S0_S0_mmjff,dynamic,AI_VECTOR_CORE,1791437215043858.884	,2.864,91.350000,16,0,NO,N/A,N/A,N/A,N/A,N/A,N/A,N/A
2,4294967295,198,13,_Z24add_rms_norm_bias_customIfEvPhS0_S0_S0_S0_mmjff,_Z24add_rms_norm_bias_customIfEvPhS0_S0_S0_S0_mmjff,dynamic,AI_VECTOR_CORE,1791437215043985.108	,3.200,123.136000,16,0,NO,N/A,N/A,N/A,N/A,N/A,N/A,N/A
2,4294967295,201,13,_Z24add_rms_norm_bias_customIfEvPhS0_S0_S0_S0_mmjff,_Z24add_rms_norm_bias_customIfEvPhS0_S0_S0_S0_mmjff,dynamic,AI_VECTOR_CORE,1791437215044062.252	,3.620,74.050000,16,0,NO,N/A,N/A,N/A,N/A,N/A,N/A,N/A
2,4294967295,204,13,_Z24add_rms_norm_bias_customIfEvPhS0_S0_S0_S0_mmjff,_Z24add_rms_norm_bias_customIfEvPhS0_S0_S0_S0_mmjff,dynamic,AI_VECTOR_CORE,1791437215044178.392	,2.920,112.630000,16,0,NO,N/A,N/A,N/A,N/A,N/A,N/A,N/A
2,4294967295,207,13,_Z24add_rms_norm_bias_customIfEvPhS0_S0_S0_S0_mmjff,_Z24add_rms_norm_bias_customIfEvPhS0_S0_S0_S0_mmjff,dynamic,AI_VECTOR_CORE,1791437215044305.036	,2.840,123.580000,16,0,NO,N/A,N/A,N/A,N/A,N/A,N/A,N/A
2,4294967295,210,13,_Z24add_rms_norm_bias_customIfEvPhS0_S0_S0_S0_mmjff,_Z24add_rms_norm_bias_customIfEvPhS0_S0_S0_S0_mmjff,dynamic,AI_VECTOR_CORE,1791437215044410.776	,2.920,102.910000,16,0,NO,N/A,N/A,N/A,N/A,N/A,N/A,N/A
2,4294967295,213,13,_Z24add_rms_norm_bias_customIfEvPhS0_S0_S0_S0_mmjff,_Z24add_rms_norm_bias_customIfEvPhS0_S0_S0_S0_mmjff,dynamic,AI_VECTOR_CORE,1791437215044503.920	,3.060,90.330000,16,0,NO,N/A,N/A,N/A,N/A,N/A,N/A,N/A
2,4294967295,216,13,_Z24add_rms_norm_bias_customIfEvPhS0_S0_S0_S0_mmjff,_Z24add_rms_norm_bias_customIfEvPhS0_S0_S0_S0_mmjff,dynamic,AI_VECTOR_CORE,1791437215044598.900	,3.680,91.940000,16,0,NO,N/A,N/A,N/A,N/A,N/A,N/A,N/A
2,4294967295,219,13,_Z24add_rms_norm_bias_customIfEvPhS0_S0_S0_S0_mmjff,_Z24add_rms_norm_bias_customIfEvPhS0_S0_S0_S0_mmjff,dynamic,AI_VECTOR_CORE,1791437215044709.284	,3.160,106.570000,16,0,NO,N/A,N/A,N/A,N/A,N/A,N/A,N/A
2,4294967295,222,13,_Z24add_rms_norm_bias_customIfEvPhS0_S0_S0_S0_mmjff,_Z24add_rms_norm_bias_customIfEvPhS0_S0_S0_S0_mmjff,dynamic,AI_VECTOR_CORE,1791437215044807.664	,2.880,95.340000,16,0,NO,N/A,N/A,N/A,N/A,N/A,N/A,N/A
2,4294967295,225,13,_Z24add_rms_norm_bias_customIfEvPhS0_S0_S0_S0_mmjff,_Z24add_rms_norm_bias_customIfEvPhS0_S0_S0_S0_mmjff,dynamic,AI_VECTOR_CORE,1791437215044893.608	,2.820,82.870000,16,0,NO,N/A,N/A,N/A,N/A,N/A,N/A,N/A
2,4294967295,228,13,_Z24add_rms_norm_bias_customIfEvPhS0_S0_S0_S0_mmjff,_Z24add_rms_norm_bias_customIfEvPhS0_S0_S0_S0_mmjff,dynamic,AI_VECTOR_CORE,1791437215044992.208	,3.000,95.930000,16,0,NO,N/A,N/A,N/A,N/A,N/A,N/A,N/A
2,4294967295,231,13,_Z24add_rms_norm_bias_customIfEvPhS0_S0_S0_S0_mmjff,_Z24add_rms_norm_bias_customIfEvPhS0_S0_S0_S0_mmjff,dynamic,AI_VECTOR_CORE,1791437215045102.132	,3.700,107.000000,16,0,NO,N/A,N/A,N/A,N/A,N/A,N/A,N/A
2,4294967295,234,13,_Z24add_rms_norm_bias_customIfEvPhS0_S0_S0_S0_mmjff,_Z24add_rms_norm_bias_customIfEvPhS0_S0_S0_S0_mmjff,dynamic,AI_VECTOR_CORE,1791437215045187.792	,4.700,81.800000,16,0,NO,N/A,N/A,N/A,N/A,N/A,N/A,N/A
2,4294967295,237,13,_Z24add_rms_norm_bias_customIfEvPhS0_S0_S0_S0_mmjff,_Z24add_rms_norm_bias_customIfEvPhS0_S0_S0_S0_mmjff,dynamic,AI_VECTOR_CORE,1791437215045279.136	,3.080,86.800000,16,0,NO,N/A,N/A,N/A,N/A,N/A,N/A,N/A
2,4294967295,240,13,_Z24add_rms_norm_bias_customIfEvPhS0_S0_S0_S0_mmjff,_Z24add_rms_norm_bias_customIfEvPhS0_S0_S0_S0_mmjff,dynamic,AI_VECTOR_CORE,1791437215045367.636	,2.900,85.420000,16,0,NO,N/A,N/A,N/A,N/A,N/A,N/A,N/A
2,4294967295,243,13,_Z24add_rms_norm_bias_customIfEvPhS0_S0_S0_S0_mmjff,_Z24add_rms_norm_bias_customIfEvPhS0_S0_S0_S0_mmjff,dynamic,AI_VECTOR_CORE,1791437215045470.140	,2.880,99.600000,16,0,NO,N/A,N/A,N/A,N/A,N/A,N/A,N/A
2,4294967295,246,13,_Z24add_rms_norm_bias_customIfEvPhS0_S0_S0_S0_mmjff,_Z24add_rms_norm_bias_customIfEvPhS0_S0_S0_S0_mmjff,dynamic,AI_VECTOR_CORE,1791437215045559.820	,2.840,86.620000,16,0,NO,N/A,N/A,N/A,N/A,N/A,N/A,N/A
2,4294967295,249,13,_Z24add_rms_norm_bias_customIfEvPhS0_S0_S0_S0_mmjff,_Z24add_rms_norm_bias_customIfEvPhS0_S0_S0_S0_mmjff,dynamic,AI_VECTOR_CORE,1791437215045647.480	,2.980,84.910000,16,0,NO,N/A,N/A,N/A,N/A,N/A,N/A,N/A
2,4294967295,252,13,_Z24add_rms_norm_bias_customIfEvPhS0_S0_S0_S0_mmjff,_Z24add_rms_norm_bias_customIfEvPhS0_S0_S0_S0_mmjff,dynamic,AI_VECTOR_CORE,1791437215045736.044	,3.020,85.520000,16,0,NO,N/A,N/A,N/A,N/A,N/A,N/A,N/A
2,4294967295,255,13,_Z24add_rms_norm_bias_customIfEvPhS0_S0_S0_S0_mmjff,_Z24add_rms_norm_bias_customIfEvPhS0_S0_S0_S0_mmjff,dynamic,AI_VECTOR_CORE,1791437215045866.588	,3.060,127.480000,16,0,NO,N/A,N/A,N/A,N/A,N/A,N/A,N/A
2,4294967295,258,13,_Z24add_rms_norm_bias_customIfEvPhS0_S0_S0_S0_mmjff,_Z24add_rms_norm_bias_customIfEvPhS0_S0_S0_S0_mmjff,dynamic,AI_VECTOR_CORE,1791437215045972.088	,2.900,102.440000,16,0,NO,N/A,N/A,N/A,N/A,N/A,N/A,N/A
2,4294967295,261,13,_Z24add_rms_norm_bias_customIfEvPhS0_S0_S0_S0_mmjff,_Z24add_rms_norm_bias_customIfEvPhS0_S0_S0_S0_mmjff,dynamic,AI_VECTOR_CORE,1791437215046072.952	,5.520,98.100000,16,0,NO,N/A,N/A,N/A,N/A,N/A,N/A,N/A
2,4294967295,264,13,_Z24add_rms_norm_bias_customIfEvPhS0_S0_S0_S0_mmjff,_Z24add_rms_norm_bias_customIfEvPhS0_S0_S0_S0_mmjff,dynamic,AI_VECTOR_CORE,1791437215046157.452	,4.120,78.980000,16,0,NO,N/A,N/A,N/A,N/A,N/A,N/A,N/A
2,4294967295,267,13,_Z24add_rms_norm_bias_customIfEvPhS0_S0_S0_S0_mmjff,_Z24add_rms_norm_bias_customIfEvPhS0_S0_S0_S0_mmjff,dynamic,AI_VECTOR_CORE,1791437215046246.212	,3.860,84.630000,16,0,NO,N/A,N/A,N/A,N/A,N/A,N/A,N/A
2,4294967295,270,13,_Z24add_rms_norm_bias_customIfEvPhS0_S0_S0_S0_mmjff,_Z24add_rms_norm_bias_customIfEvPhS0_S0_S0_S0_mmjff,dynamic,AI_VECTOR_CORE,1791437215046342.516	,3.360,92.390000,16,0,NO,N/A,N/A,N/A,N/A,N/A,N/A,N/A
2,4294967295,273,13,_Z24add_rms_norm_bias_customIfEvPhS0_S0_S0_S0_mmjff,_Z24add_rms_norm_bias_customIfEvPhS0_S0_S0_S0_mmjff,dynamic,AI_VECTOR_CORE,1791437215046423.636	,2.860,77.890000,16,0,NO,N/A,N/A,N/A,N/A,N/A,N/A,N/A
2,4294967295,276,13,_Z24add_rms_norm_bias_customIfEvPhS0_S0_S0_S0_mmjff,_Z24add_rms_norm_bias_customIfEvPhS0_S0_S0_S0_mmjff,dynamic,AI_VECTOR_CORE,1791437215046515.680	,4.940,89.140000,16,0,NO,N/A,N/A,N/A,N/A,N/A,N/A,N/A
2,4294967295,279,13,_Z24add_rms_norm_bias_customIfEvPhS0_S0_S0_S0_mmjff,_Z24add_rms_norm_bias_customIfEvPhS0_S0_S0_S0_mmjff,dynamic,AI_VECTOR_CORE,1791437215046622.160	,5.020,101.560000,16,0,NO,N/A,N/A,N/A,N/A,N/A,N/A,N/A
2,4294967295,282,13,_Z24add_rms_norm_bias_customIfEvPhS0_S0_S0_S0_mmjff,_Z24add_rms_norm_bias_customIfEvPhS0_S0_S0_S0_mmjff,dynamic,AI_VECTOR_CORE,1791437215046741.664	,3.660,114.480000,16,0,NO,N/A,N/A,N/A,N/A,N/A,N/A,N/A
2,4294967295,285,13,_Z24add_rms_norm_bias_customIfEvPhS0_S0_S0_S0_mmjff,_Z24add_rms_norm_bias_customIfEvPhS0_S0_S0_S0_mmjff,dynamic,AI_VECTOR_CORE,1791437215046820.524	,2.920,75.090000,16,0,NO,N/A,N/A,N/A,N/A,N/A,N/A,N/A
2,4294967295,288,13,_Z24add_rms_norm_bias_customIfEvPhS0_S0_S0_S0_mmjff,_Z24add_rms_norm_bias_customIfEvPhS0_S0_S0_S0_mmjff,dynamic,AI_VECTOR_CORE,1791437215046913.728	,2.880,90.330000,16,0,NO,N/A,N/A,N/A,N/A,N/A,N/A,N/A
2,4294967295,291,13,_Z24add_rms_norm_bias_customIfEvPhS0_S0_S0_S0_mmjff,_Z24add_rms_norm_bias_customIfEvPhS0_S0_S0_S0_mmjff,dynamic,AI_VECTOR_CORE,1791437215047043.548	,4.080,126.870000,16,0,NO,N/A,N/A,N/A,N/A,N/A,N/A,N/A
2,4294967295,294,13,_Z24add_rms_norm_bias_customIfEvPhS0_S0_S0_S0_mmjff,_Z24add_rms_norm_bias_customIfEvPhS0_S0_S0_S0_mmjff,dynamic,AI_VECTOR_CORE,1791437215047141.272	,5.140,93.670000,16,0,NO,N/A,N/A,N/A,N/A,N/A,N/A,N/A
2,4294967295,297,13,_Z24add_rms_norm_bias_customIfEvPhS0_S0_S0_S0_mmjff,_Z24add_rms_norm_bias_customIfEvPhS0_S0_S0_S0_mmjff,dynamic,AI_VECTOR_CORE,1791437215047249.812	,3.720,103.360000,16,0,NO,N/A,N/A,N/A,N/A,N/A,N/A,N/A
2,4294967295,300,13,_Z24add_rms_norm_bias_customIfEvPhS0_S0_S0_S0_mmjff,_Z24add_rms_norm_bias_customIfEvPhS0_S0_S0_S0_mmjff,dynamic,AI_VECTOR_CORE,1791437215047328.576	,5.280,75.030000,16,0,NO,N/A,N/A,N/A,N/A,N/A,N/A,N/A
2,4294967295,303,13,_Z24add_rms_norm_bias_customIfEvPhS0_S0_S0_S0_mmjff,_Z24add_rms_norm_bias_customIfEvPhS0_S0_S0_S0_mmjff,dynamic,AI_VECTOR_CORE,1791437215047453.596	,3.600,119.720000,16,0,NO,N/A,N/A,N/A,N/A,N/A,N/A,N/A
2,4294967295,306,13,_Z24add_rms_norm_bias_customIfEvPhS0_S0_S0_S0_mmjff,_Z24add_rms_norm_bias_customIfEvPhS0_S0_S0_S0_mmjff,dynamic,AI_VECTOR_CORE,1791437215047551.760	,2.960,94.650000,16,0,NO,N/A,N/A,N/A,N/A,N/A,N/A,N/A
2,4294967295,309,13,_Z24add_rms_norm_bias_customIfEvPhS0_S0_S0_S0_mmjff,_Z24add_rms_norm_bias_customIfEvPhS0_S0_S0_S0_mmjff,dynamic,AI_VECTOR_CORE,1791437215047662.580	,2.824,107.790000,16,0,NO,N/A,N/A,N/A,N/A,N/A,N/A,N/A
2,4294967295,312,13,_Z24add_rms_norm_bias_customIfEvPhS0_S0_S0_S0_mmjff,_Z24add_rms_norm_bias_customIfEvPhS0_S0_S0_S0_mmjff,dynamic,AI_VECTOR_CORE,1791437215047776.204	,2.860,110.926000,16,0,NO,N/A,N/A,N/A,N/A,N/A,N/A,N/A
2,4294967295,315,13,_Z24add_rms_norm_bias_customIfEvPhS0_S0_S0_S0_mmjff,_Z24add_rms_norm_bias_customIfEvPhS0_S0_S0_S0_mmjff,dynamic,AI_VECTOR_CORE,1791437215047867.448	,3.640,88.390000,16,0,NO,N/A,N/A,N/A,N/A,N/A,N/A,N/A
2,4294967295,318,13,_Z24add_rms_norm_bias_customIfEvPhS0_S0_S0_S0_mmjff,_Z24add_rms_norm_bias_customIfEvPhS0_S0_S0_S0_mmjff,dynamic,AI_VECTOR_CORE,1791437215047981.408	,5.180,110.360000,16,0,NO,N/A,N/A,N/A,N/A,N/A,N/A,N/A
2,4294967295,321,13,_Z24add_rms_norm_bias_customIfEvPhS0_S0_S0_S0_mmjff,_Z24add_rms_norm_bias_customIfEvPhS0_S0_S0_S0_mmjff,dynamic,AI_VECTOR_CORE,1791437215048061.332	,5.096,74.570000,16,0,NO,N/A,N/A,N/A,N/A,N/A,N/A,N/A
2,4294967295,324,13,_Z24add_rms_norm_bias_customIfEvPhS0_S0_S0_S0_mmjff,_Z24add_rms_norm_bias_customIfEvPhS0_S0_S0_S0_mmjff,dynamic,AI_VECTOR_CORE,1791437215048160.292	,3.740,93.904000,16,0,NO,N/A,N/A,N/A,N/A,N/A,N/A,N/A
2,4294967295,327,13,_Z24add_rms_norm_bias_customIfEvPhS0_S0_S0_S0_mmjff,_Z24add_rms_norm_bias_customIfEvPhS0_S0_S0_S0_mmjff,dynamic,AI_VECTOR_CORE,1791437215048282.216	,3.020,118.260000,16,0,NO,N/A,N/A,N/A,N/A,N/A,N/A,N/A
2,4294967295,330,13,_Z24add_rms_norm_bias_customIfEvPhS0_S0_S0_S0_mmjff,_Z24add_rms_norm_bias_customIfEvPhS0_S0_S0_S0_mmjff,dynamic,AI_VECTOR_CORE,1791437215048384.376	,3.940,99.230000,16,0,NO,N/A,N/A,N/A,N/A,N/A,N/A,N/A
2,4294967295,333,13,_Z24add_rms_norm_bias_customIfEvPhS0_S0_S0_S0_mmjff,_Z24add_rms_norm_bias_customIfEvPhS0_S0_S0_S0_mmjff,dynamic,AI_VECTOR_CORE,1791437215048503.600	,3.820,115.060000,16,0,NO,N/A,N/A,N/A,N/A,N/A,N/A,N/A
2,4294967295,336,13,_Z24add_rms_norm_bias_customIfEvPhS0_S0_S0_S0_mmjff,_Z24add_rms_norm_bias_customIfEvPhS0_S0_S0_S0_mmjff,dynamic,AI_VECTOR_CORE,1791437215048594.240	,2.840,86.930000,16,0,NO,N/A,N/A,N/A,N/A,N/A,N/A,N/A
2,4294967295,339,13,_Z24add_rms_norm_bias_customIfEvPhS0_S0_S0_S0_mmjff,_Z24add_rms_norm_bias_customIfEvPhS0_S0_S0_S0_mmjff,dynamic,AI_VECTOR_CORE,1791437215048689.484	,2.860,92.410000,16,0,NO,N/A,N/A,N/A,N/A,N/A,N/A,N/A
2,4294967295,342,13,_Z24add_rms_norm_bias_customIfEvPhS0_S0_S0_S0_mmjff,_Z24add_rms_norm_bias_customIfEvPhS0_S0_S0_S0_mmjff,dynamic,AI_VECTOR_CORE,1791437215048793.524	,3.040,101.140000,16,0,NO,N/A,N/A,N/A,N/A,N/A,N/A,N/A
2,4294967295,345,13,_Z24add_rms_norm_bias_customIfEvPhS0_S0_S0_S0_mmjff,_Z24add_rms_norm_bias_customIfEvPhS0_S0_S0_S0_mmjff,dynamic,AI_VECTOR_CORE,1791437215048886.488	,2.880,89.960000,16,0,NO,N/A,N/A,N/A,N/A,N/A,N/A,N/A
2,4294967295,348,13,_Z24add_rms_norm_bias_customIfEvPhS0_S0_S0_S0_mmjff,_Z24add_rms_norm_bias_customIfEvPhS0_S0_S0_S0_mmjff,dynamic,AI_VECTOR_CORE,1791437215048990.508	,3.220,101.120000,16,0,NO,N/A,N/A,N/A,N/A,N/A,N/A,N/A
2,4294967295,351,13,_Z24add_rms_norm_bias_customIfEvPhS0_S0_S0_S0_mmjff,_Z24add_rms_norm_bias_customIfEvPhS0_S0_S0_S0_mmjff,dynamic,AI_VECTOR_CORE,1791437215049133.512	,2.920,139.780000,16,0,NO,N/A,N/A,N/A,N/A,N/A,N/A,N/A
2,4294967295,354,13,_Z24add_rms_norm_bias_customIfEvPhS0_S0_S0_S0_mmjff,_Z24add_rms_norm_bias_customIfEvPhS0_S0_S0_S0_mmjff,dynamic,AI_VECTOR_CORE,1791437215049234.032	,2.920,97.580000,16,0,NO,N/A,N/A,N/A,N/A,N/A,N/A,N/A
2,4294967295,357,13,_Z24add_rms_norm_bias_customIfEvPhS0_S0_S0_S0_mmjff,_Z24add_rms_norm_bias_customIfEvPhS0_S0_S0_S0_mmjff,dynamic,AI_VECTOR_CORE,1791437215049333.636	,3.200,96.830000,16,0,NO,N/A,N/A,N/A,N/A,N/A,N/A,N/A
2,4294967295,360,13,_Z24add_rms_norm_bias_customIfEvPhS0_S0_S0_S0_mmjff,_Z24add_rms_norm_bias_customIfEvPhS0_S0_S0_S0_mmjff,dynamic,AI_VECTOR_CORE,1791437215049447.316	,2.940,110.300000,16,0,NO,N/A,N/A,N/A,N/A,N/A,N/A,N/A
2,4294967295,363,13,_Z24add_rms_norm_bias_customIfEvPhS0_S0_S0_S0_mmjff,_Z24add_rms_norm_bias_customIfEvPhS0_S0_S0_S0_mmjff,dynamic,AI_VECTOR_CORE,1791437215049546.780	,3.020,96.560000,16,0,NO,N/A,N/A,N/A,N/A,N/A,N/A,N/A
2,4294967295,366,13,_Z24add_rms_norm_bias_customIfEvPhS0_S0_S0_S0_mmjff,_Z24add_rms_norm_bias_customIfEvPhS0_S0_S0_S0_mmjff,dynamic,AI_VECTOR_CORE,1791437215049638.960	,3.000,89.230000,16,0,NO,N/A,N/A,N/A,N/A,N/A,N/A,N/A
2,4294967295,369,13,_Z24add_rms_norm_bias_customIfEvPhS0_S0_S0_S0_mmjff,_Z24add_rms_norm_bias_customIfEvPhS0_S0_S0_S0_mmjff,dynamic,AI_VECTOR_CORE,1791437215049736.504	,2.860,94.500000,16,0,NO,N/A,N/A,N/A,N/A,N/A,N/A,N/A
2,4294967295,372,13,_Z24add_rms_norm_bias_customIfEvPhS0_S0_S0_S0_mmjff,_Z24add_rms_norm_bias_customIfEvPhS0_S0_S0_S0_mmjff,dynamic,AI_VECTOR_CORE,1791437215049837.624	,3.020,98.140000,16,0,NO,N/A,N/A,N/A,N/A,N/A,N/A,N/A
2,4294967295,375,13,_Z24add_rms_norm_bias_customIfEvPhS0_S0_S0_S0_mmjff,_Z24add_rms_norm_bias_customIfEvPhS0_S0_S0_S0_mmjff,dynamic,AI_VECTOR_CORE,1791437215049972.048	,2.960,131.480000,16,0,NO,N/A,N/A,N/A,N/A,N/A,N/A,N/A
2,4294967295,378,13,_Z24add_rms_norm_bias_customIfEvPhS0_S0_S0_S0_mmjff,_Z24add_rms_norm_bias_customIfEvPhS0_S0_S0_S0_mmjff,dynamic,AI_VECTOR_CORE,1791437215050054.908	,3.140,80.040000,16,0,NO,N/A,N/A,N/A,N/A,N/A,N/A,N/A
2,4294967295,381,13,_Z24add_rms_norm_bias_customIfEvPhS0_S0_S0_S0_mmjff,_Z24add_rms_norm_bias_customIfEvPhS0_S0_S0_S0_mmjff,dynamic,AI_VECTOR_CORE,1791437215050145.212	,2.880,87.110000,16,0,NO,N/A,N/A,N/A,N/A,N/A,N/A,N/A
2,4294967295,384,13,_Z24add_rms_norm_bias_customIfEvPhS0_S0_S0_S0_mmjff,_Z24add_rms_norm_bias_customIfEvPhS0_S0_S0_S0_mmjff,dynamic,AI_VECTOR_CORE,1791437215050254.392	,2.800,106.370000,16,0,NO,N/A,N/A,N/A,N/A,N/A,N/A,N/A
2,4294967295,387,13,_Z24add_rms_norm_bias_customIfEvPhS0_S0_S0_S0_mmjff,_Z24add_rms_norm_bias_customIfEvPhS0_S0_S0_S0_mmjff,dynamic,AI_VECTOR_CORE,1791437215050350.856	,4.980,93.450000,16,0,NO,N/A,N/A,N/A,N/A,N/A,N/A,N/A
2,4294967295,390,13,_Z24add_rms_norm_bias_customIfEvPhS0_S0_S0_S0_mmjff,_Z24add_rms_norm_bias_customIfEvPhS0_S0_S0_S0_mmjff,dynamic,AI_VECTOR_CORE,1791437215050441.256	,5.620,85.520000,16,0,NO,N/A,N/A,N/A,N/A,N/A,N/A,N/A
2,4294967295,393,13,_Z24add_rms_norm_bias_customIfEvPhS0_S0_S0_S0_mmjff,_Z24add_rms_norm_bias_customIfEvPhS0_S0_S0_S0_mmjff,dynamic,AI_VECTOR_CORE,1791437215050531.160	,3.520,84.380000,16,0,NO,N/A,N/A,N/A,N/A,N/A,N/A,N/A
2,4294967295,396,13,_Z24add_rms_norm_bias_customIfEvPhS0_S0_S0_S0_mmjff,_Z24add_rms_norm_bias_customIfEvPhS0_S0_S0_S0_mmjff,dynamic,AI_VECTOR_CORE,1791437215050623.120	,2.960,88.230000,16,0,NO,N/A,N/A,N/A,N/A,N/A,N/A,N/A
2,4294967295,399,13,_Z24add_rms_norm_bias_customIfEvPhS0_S0_S0_S0_mmjff,_Z24add_rms_norm_bias_customIfEvPhS0_S0_S0_S0_mmjff,dynamic,AI_VECTOR_CORE,1791437215050752.744	,2.900,126.790000,16,0,NO,N/A,N/A,N/A,N/A,N/A,N/A,N/A
2,4294967295,402,13,_Z24add_rms_norm_bias_customIfEvPhS0_S0_S0_S0_mmjff,_Z24add_rms_norm_bias_customIfEvPhS0_S0_S0_S0_mmjff,dynamic,AI_VECTOR_CORE,1791437215050841.084	,2.920,85.350000,16,0,NO,N/A,N/A,N/A,N/A,N/A,N/A,N/A
2,4294967295,405,13,_Z24add_rms_norm_bias_customIfEvPhS0_S0_S0_S0_mmjff,_Z24add_rms_norm_bias_customIfEvPhS0_S0_S0_S0_mmjff,dynamic,AI_VECTOR_CORE,1791437215050939.628	,2.800,95.830000,16,0,NO,N/A,N/A,N/A,N/A,N/A,N/A,N/A
2,4294967295,408,13,_Z24add_rms_norm_bias_customIfEvPhS0_S0_S0_S0_mmjff,_Z24add_rms_norm_bias_customIfEvPhS0_S0_S0_S0_mmjff,dynamic,AI_VECTOR_CORE,1791437215051033.028	,3.100,90.450000,16,0,NO,N/A,N/A,N/A,N/A,N/A,N/A,N/A
2,4294967295,411,13,_Z24add_rms_norm_bias_customIfEvPhS0_S0_S0_S0_mmjff,_Z24add_rms_norm_bias_customIfEvPhS0_S0_S0_S0_mmjff,dynamic,AI_VECTOR_CORE,1791437215051149.952	,3.280,113.900000,16,0,NO,N/A,N/A,N/A,N/A,N/A,N/A,N/A
2,4294967295,414,13,_Z24add_rms_norm_bias_customIfEvPhS0_S0_S0_S0_mmjff,_Z24add_rms_norm_bias_customIfEvPhS0_S0_S0_S0_mmjff,dynamic,AI_VECTOR_CORE,1791437215051234.292	,2.960,80.970000,16,0,NO,N/A,N/A,N/A,N/A,N/A,N/A,N/A
2,4294967295,417,13,_Z24add_rms_norm_bias_customIfEvPhS0_S0_S0_S0_mmjff,_Z24add_rms_norm_bias_customIfEvPhS0_S0_S0_S0_mmjff,dynamic,AI_VECTOR_CORE,1791437215051335.756	,2.840,98.540000,16,0,NO,N/A,N/A,N/A,N/A,N/A,N/A,N/A
2,4294967295,420,13,_Z24add_rms_norm_bias_customIfEvPhS0_S0_S0_S0_mmjff,_Z24add_rms_norm_bias_customIfEvPhS0_S0_S0_S0_mmjff,dynamic,AI_VECTOR_CORE,1791437215051424.856	,2.860,86.160000,16,0,NO,N/A,N/A,N/A,N/A,N/A,N/A,N/A
2,4294967295,423,13,_Z24add_rms_norm_bias_customIfEvPhS0_S0_S0_S0_mmjff,_Z24add_rms_norm_bias_customIfEvPhS0_S0_S0_S0_mmjff,dynamic,AI_VECTOR_CORE,1791437215051545.780	,3.580,118.140000,16,0,NO,N/A,N/A,N/A,N/A,N/A,N/A,N/A
2,4294967295,426,13,_Z24add_rms_norm_bias_customIfEvPhS0_S0_S0_S0_mmjff,_Z24add_rms_norm_bias_customIfEvPhS0_S0_S0_S0_mmjff,dynamic,AI_VECTOR_CORE,1791437215051638.640	,3.120,89.420000,16,0,NO,N/A,N/A,N/A,N/A,N/A,N/A,N/A
2,4294967295,429,13,_Z24add_rms_norm_bias_customIfEvPhS0_S0_S0_S0_mmjff,_Z24add_rms_norm_bias_customIfEvPhS0_S0_S0_S0_mmjff,dynamic,AI_VECTOR_CORE,1791437215051781.804	,3.000,139.880000,16,0,NO,N/A,N/A,N/A,N/A,N/A,N/A,N/A
2,4294967295,432,13,_Z24add_rms_norm_bias_customIfEvPhS0_S0_S0_S0_mmjff,_Z24add_rms_norm_bias_customIfEvPhS0_S0_S0_S0_mmjff,dynamic,AI_VECTOR_CORE,1791437215051883.128	,2.840,98.500000,16,0,NO,N/A,N/A,N/A,N/A,N/A,N/A,N/A
2,4294967295,435,13,_Z24add_rms_norm_bias_customIfEvPhS0_S0_S0_S0_mmjff,_Z24add_rms_norm_bias_customIfEvPhS0_S0_S0_S0_mmjff,dynamic,AI_VECTOR_CORE,1791437215051985.548	,2.860,99.410000,16,0,NO,N/A,N/A,N/A,N/A,N/A,N/A,N/A
2,4294967295,438,13,_Z24add_rms_norm_bias_customIfEvPhS0_S0_S0_S0_mmjff,_Z24add_rms_norm_bias_customIfEvPhS0_S0_S0_S0_mmjff,dynamic,AI_VECTOR_CORE,1791437215052085.992	,3.520,97.640000,16,0,NO,N/A,N/A,N/A,N/A,N/A,N/A,N/A
2,4294967295,441,13,_Z24add_rms_norm_bias_customIfEvPhS0_S0_S0_S0_mmjff,_Z24add_rms_norm_bias_customIfEvPhS0_S0_S0_S0_mmjff,dynamic,AI_VECTOR_CORE,1791437215052176.852	,3.160,87.230000,16,0,NO,N/A,N/A,N/A,N/A,N/A,N/A,N/A
2,4294967295,443,13,_Z24add_rms_norm_bias_customIfEvPhS0_S0_S0_S0_mmjff,_Z24add_rms_norm_bias_customIfEvPhS0_S0_S0_S0_mmjff,dynamic,AI_VECTOR_CORE,1791437215060202.852	,5.720,8022.840000,16,0,NO,N/A,N/A,N/A,N/A,N/A,N/A,N/A
2,4294967295,444,13,_Z24add_rms_norm_bias_customIfEvPhS0_S0_S0_S0_mmjff,_Z24add_rms_norm_bias_customIfEvPhS0_S0_S0_S0_mmjff,dynamic,AI_VECTOR_CORE,1791437215060289.736	,6.300,81.280000,16,0,NO,N/A,N/A,N/A,N/A,N/A,N/A,N/A
2,4294967295,445,13,_Z24add_rms_norm_bias_customIfEvPhS0_S0_S0_S0_mmjff,_Z24add_rms_norm_bias_customIfEvPhS0_S0_S0_S0_mmjff,dynamic,AI_VECTOR_CORE,1791437215060316.876	,3.660,20.950000,16,0,NO,N/A,N/A,N/A,N/A,N/A,N/A,N/A
2,4294967295,446,13,_Z24add_rms_norm_bias_customIfEvPhS0_S0_S0_S0_mmjff,_Z24add_rms_norm_bias_customIfEvPhS0_S0_S0_S0_mmjff,dynamic,AI_VECTOR_CORE,1791437215060354.896	,3.100,34.340000,16,0,NO,N/A,N/A,N/A,N/A,N/A,N/A,N/A
2,4294967295,448,13,_Z24add_rms_norm_bias_customIfEvPhS0_S0_S0_S0_mmjff,_Z24add_rms_norm_bias_customIfEvPhS0_S0_S0_S0_mmjff,dynamic,AI_VECTOR_CORE,1791437215060459.696	,3.060,101.650000,16,0,NO,N/A,N/A,N/A,N/A,N/A,N/A,N/A
2,4294967295,449,13,_Z24add_rms_norm_bias_customIfEvPhS0_S0_S0_S0_mmjff,_Z24add_rms_norm_bias_customIfEvPhS0_S0_S0_S0_mmjff,dynamic,AI_VECTOR_CORE,1791437215060527.400	,3.020,64.690000,16,0,NO,N/A,N/A,N/A,N/A,N/A,N/A,N/A
2,4294967295,450,13,_Z24add_rms_norm_bias_customIfEvPhS0_S0_S0_S0_mmjff,_Z24add_rms_norm_bias_customIfEvPhS0_S0_S0_S0_mmjff,dynamic,AI_VECTOR_CORE,1791437215060552.540	,2.900,21.980000,16,0,NO,N/A,N/A,N/A,N/A,N/A,N/A,N/A
2,4294967295,451,13,_Z24add_rms_norm_bias_customIfEvPhS0_S0_S0_S0_mmjff,_Z24add_rms_norm_bias_customIfEvPhS0_S0_S0_S0_mmjff,dynamic,AI_VECTOR_CORE,1791437215060572.000	,2.860,16.600000,16,0,NO,N/A,N/A,N/A,N/A,N/A,N/A,N/A
2,4294967295,452,13,_Z24add_rms_norm_bias_customIfEvPhS0_S0_S0_S0_mmjff,_Z24add_rms_norm_bias_customIfEvPhS0_S0_S0_S0_mmjff,dynamic,AI_VECTOR_CORE,1791437215060609.620	,3.220,34.640000,16,0,NO,N/A,N/A,N/A,N/A,N/A,N/A,N/A
2,4294967295,454,13,_Z24add_rms_norm_bias_customIfEvPhS0_S0_S0_S0_mmjff,_Z24add_rms_norm_bias_customIfEvPhS0_S0_S0_S0_mmjff,dynamic,AI_VECTOR_CORE,1791437215060719.284	,3.020,106.530000,16,0,NO,N/A,N/A,N/A,N/A,N/A,N/A,N/A
2,4294967295,455,13,_Z24add_rms_norm_bias_customIfEvPhS0_S0_S0_S0_mmjff,_Z24add_rms_norm_bias_customIfEvPhS0_S0_S0_S0_mmjff,dynamic,AI_VECTOR_CORE,1791437215060749.404	,2.980,27.230000,16,0,NO,N/A,N/A,N/A,N/A,N/A,N/A,N/A
2,4294967295,456,13,_Z24add_rms_norm_bias_customIfEvPhS0_S0_S0_S0_mmjff,_Z24add_rms_norm_bias_customIfEvPhS0_S0_S0_S0_mmjff,dynamic,AI_VECTOR_CORE,1791437215060775.724	,2.940,23.270000,16,0,NO,N/A,N/A,N/A,N/A,N/A,N/A,N/A
2,4294967295,457,13,_Z24add_rms_norm_bias_customIfEvPhS0_S0_S0_S0_mmjff,_Z24add_rms_norm_bias_customIfEvPhS0_S0_S0_S0_mmjff,dynamic,AI_VECTOR_CORE,1791437215060814.224	,2.940,35.560000,16,0,NO,N/A,N/A,N/A,N/A,N/A,N/A,N/A
2,4294967295,458,13,_Z24add_rms_norm_bias_customIfEvPhS0_S0_S0_S0_mmjff,_Z24add_rms_norm_bias_customIfEvPhS0_S0_S0_S0_mmjff,dynamic,AI_VECTOR_CORE,1791437215060843.364	,3.140,26.060000,16,0,NO,N/A,N/A,N/A,N/A,N/A,N/A,N/A
2,4294967295,459,13,_Z24add_rms_norm_bias_customIfEvPhS0_S0_S0_S0_mmjff,_Z24add_rms_norm_bias_customIfEvPhS0_S0_S0_S0_mmjff,dynamic,AI_VECTOR_CORE,1791437215060874.764	,2.984,28.360000,16,0,NO,N/A,N/A,N/A,N/A,N/A,N/A,N/A
2,4294967295,460,13,_Z24add_rms_norm_bias_customIfEvPhS0_S0_S0_S0_mmjff,_Z24add_rms_norm_bias_customIfEvPhS0_S0_S0_S0_mmjff,dynamic,AI_VECTOR_CORE,1791437215060901.468	,3.000,23.766000,16,0,NO,N/A,N/A,N/A,N/A,N/A,N/A,N/A
2,4294967295,461,13,_Z24add_rms_norm_bias_customIfEvPhS0_S0_S0_S0_mmjff,_Z24add_rms_norm_bias_customIfEvPhS0_S0_S0_S0_mmjff,dynamic,AI_VECTOR_CORE,1791437215060928.348	,2.940,23.750000,16,0,NO,N/A,N/A,N/A,N/A,N/A,N/A,N/A
2,4294967295,462,13,_Z24add_rms_norm_bias_customIfEvPhS0_S0_S0_S0_mmjff,_Z24add_rms_norm_bias_customIfEvPhS0_S0_S0_S0_mmjff,dynamic,AI_VECTOR_CORE,1791437215060955.728	,3.240,24.560000,16,0,NO,N/A,N/A,N/A,N/A,N/A,N/A,N/A
2,4294967295,463,13,_Z24add_rms_norm_bias_customIfEvPhS0_S0_S0_S0_mmjff,_Z24add_rms_norm_bias_customIfEvPhS0_S0_S0_S0_mmjff,dynamic,AI_VECTOR_CORE,1791437215060995.068	,3.220,36.010000,16,0,NO,N/A,N/A,N/A,N/A,N/A,N/A,N/A
2,4294967295,464,13,_Z24add_rms_norm_bias_customIfEvPhS0_S0_S0_S0_mmjff,_Z24add_rms_norm_bias_customIfEvPhS0_S0_S0_S0_mmjff,dynamic,AI_VECTOR_CORE,1791437215061015.828	,3.080,17.530000,16,0,NO,N/A,N/A,N/A,N/A,N/A,N/A,N/A
2,4294967295,465,13,_Z24add_rms_norm_bias_customIfEvPhS0_S0_S0_S0_mmjff,_Z24add_rms_norm_bias_customIfEvPhS0_S0_S0_S0_mmjff,dynamic,AI_VECTOR_CORE,1791437215061043.248	,3.020,24.420000,16,0,NO,N/A,N/A,N/A,N/A,N/A,N/A,N/A
2,4294967295,466,13,_Z24add_rms_norm_bias_customIfEvPhS0_S0_S0_S0_mmjff,_Z24add_rms_norm_bias_customIfEvPhS0_S0_S0_S0_mmjff,dynamic,AI_VECTOR_CORE,1791437215061070.308	,3.320,23.980000,16,0,NO,N/A,N/A,N/A,N/A,N/A,N/A,N/A
2,4294967295,467,13,_Z24add_rms_norm_bias_customIfEvPhS0_S0_S0_S0_mmjff,_Z24add_rms_norm_bias_customIfEvPhS0_S0_S0_S0_mmjff,dynamic,AI_VECTOR_CORE,1791437215061096.712	,2.980,23.180000,16,0,NO,N/A,N/A,N/A,N/A,N/A,N/A,N/A
2,4294967295,468,13,_Z24add_rms_norm_bias_customIfEvPhS0_S0_S0_S0_mmjff,_Z24add_rms_norm_bias_customIfEvPhS0_S0_S0_S0_mmjff,dynamic,AI_VECTOR_CORE,1791437215061123.912	,3.100,24.270000,16,0,NO,N/A,N/A,N/A,N/A,N/A,N/A,N/A
2,4294967295,469,13,_Z24add_rms_norm_bias_customIfEvPhS0_S0_S0_S0_mmjff,_Z24add_rms_norm_bias_customIfEvPhS0_S0_S0_S0_mmjff,dynamic,AI_VECTOR_CORE,1791437215061151.552	,3.060,24.400000,16,0,NO,N/A,N/A,N/A,N/A,N/A,N/A,N/A
2,4294967295,470,13,_Z24add_rms_norm_bias_customIfEvPhS0_S0_S0_S0_mmjff,_Z24add_rms_norm_bias_customIfEvPhS0_S0_S0_S0_mmjff,dynamic,AI_VECTOR_CORE,1791437215061179.212	,3.040,24.690000,16,0,NO,N/A,N/A,N/A,N/A,N/A,N/A,N/A
2,4294967295,471,13,_Z24add_rms_norm_bias_customIfEvPhS0_S0_S0_S0_mmjff,_Z24add_rms_norm_bias_customIfEvPhS0_S0_S0_S0_mmjff,dynamic,AI_VECTOR_CORE,1791437215061204.712	,2.960,22.460000,16,0,NO,N/A,N/A,N/A,N/A,N/A,N/A,N/A
2,4294967295,472,13,_Z24add_rms_norm_bias_customIfEvPhS0_S0_S0_S0_mmjff,_Z24add_rms_norm_bias_customIfEvPhS0_S0_S0_S0_mmjff,dynamic,AI_VECTOR_CORE,1791437215061230.172	,2.900,22.540000,16,0,NO,N/A,N/A,N/A,N/A,N/A,N/A,N/A
2,4294967295,473,13,_Z24add_rms_norm_bias_customIfEvPhS0_S0_S0_S0_mmjff,_Z24add_rms_norm_bias_customIfEvPhS0_S0_S0_S0_mmjff,dynamic,AI_VECTOR_CORE,1791437215061256.632	,3.400,23.600000,16,0,NO,N/A,N/A,N/A,N/A,N/A,N/A,N/A
2,4294967295,474,13,_Z24add_rms_norm_bias_customIfEvPhS0_S0_S0_S0_mmjff,_Z24add_rms_norm_bias_customIfEvPhS0_S0_S0_S0_mmjff,dynamic,AI_VECTOR_CORE,1791437215061276.916	,2.960,16.850000,16,0,NO,N/A,N/A,N/A,N/A,N/A,N/A,N/A
2,4294967295,475,13,_Z24add_rms_norm_bias_customIfEvPhS0_S0_S0_S0_mmjff,_Z24add_rms_norm_bias_customIfEvPhS0_S0_S0_S0_mmjff,dynamic,AI_VECTOR_CORE,1791437215061306.536	,3.220,26.540000,16,0,NO,N/A,N/A,N/A,N/A,N/A,N/A,N/A
2,4294967295,476,13,_Z24add_rms_norm_bias_customIfEvPhS0_S0_S0_S0_mmjff,_Z24add_rms_norm_bias_customIfEvPhS0_S0_S0_S0_mmjff,dynamic,AI_VECTOR_CORE,1791437215061345.876	,3.260,36.280000,16,0,NO,N/A,N/A,N/A,N/A,N/A,N/A,N/A
2,4294967295,477,13,_Z24add_rms_norm_bias_customIfEvPhS0_S0_S0_S0_mmjff,_Z24add_rms_norm_bias_customIfEvPhS0_S0_S0_S0_mmjff,dynamic,AI_VECTOR_CORE,1791437215061375.236	,2.900,25.990000,16,0,NO,N/A,N/A,N/A,N/A,N/A,N/A,N/A
2,4294967295,478,13,_Z24add_rms_norm_bias_customIfEvPhS0_S0_S0_S0_mmjff,_Z24add_rms_norm_bias_customIfEvPhS0_S0_S0_S0_mmjff,dynamic,AI_VECTOR_CORE,1791437215061395.936	,3.060,17.850000,16,0,NO,N/A,N/A,N/A,N/A,N/A,N/A,N/A
2,4294967295,479,13,_Z24add_rms_norm_bias_customIfEvPhS0_S0_S0_S0_mmjff,_Z24add_rms_norm_bias_customIfEvPhS0_S0_S0_S0_mmjff,dynamic,AI_VECTOR_CORE,1791437215061423.616	,2.940,24.440000,16,0,NO,N/A,N/A,N/A,N/A,N/A,N/A,N/A
2,4294967295,480,13,_Z24add_rms_norm_bias_customIfEvPhS0_S0_S0_S0_mmjff,_Z24add_rms_norm_bias_customIfEvPhS0_S0_S0_S0_mmjff,dynamic,AI_VECTOR_CORE,1791437215061446.896	,3.040,20.560000,16,0,NO,N/A,N/A,N/A,N/A,N/A,N/A,N/A
2,4294967295,481,13,_Z24add_rms_norm_bias_customIfEvPhS0_S0_S0_S0_mmjff,_Z24add_rms_norm_bias_customIfEvPhS0_S0_S0_S0_mmjff,dynamic,AI_VECTOR_CORE,1791437215061473.620	,3.000,23.460000,16,0,NO,N/A,N/A,N/A,N/A,N/A,N/A,N/A
2,4294967295,482,13,_Z24add_rms_norm_bias_customIfEvPhS0_S0_S0_S0_mmjff,_Z24add_rms_norm_bias_customIfEvPhS0_S0_S0_S0_mmjff,dynamic,AI_VECTOR_CORE,1791437215061502.120	,3.320,25.500000,16,0,NO,N/A,N/A,N/A,N/A,N/A,N/A,N/A
2,4294967295,483,13,_Z24add_rms_norm_bias_customIfEvPhS0_S0_S0_S0_mmjff,_Z24add_rms_norm_bias_customIfEvPhS0_S0_S0_S0_mmjff,dynamic,AI_VECTOR_CORE,1791437215061530.100	,3.100,24.680000,16,0,NO,N/A,N/A,N/A,N/A,N/A,N/A,N/A
2,4294967295,484,13,_Z24add_rms_norm_bias_customIfEvPhS0_S0_S0_S0_mmjff,_Z24add_rms_norm_bias_customIfEvPhS0_S0_S0_S0_mmjff,dynamic,AI_VECTOR_CORE,1791437215061558.800	,3.000,25.650000,16,0,NO,N/A,N/A,N/A,N/A,N/A,N/A,N/A
2,4294967295,485,13,_Z24add_rms_norm_bias_customIfEvPhS0_S0_S0_S0_mmjff,_Z24add_rms_norm_bias_customIfEvPhS0_S0_S0_S0_mmjff,dynamic,AI_VECTOR_CORE,1791437215061586.420	,3.060,24.750000,16,0,NO,N/A,N/A,N/A,N/A,N/A,N/A,N/A
2,4294967295,486,13,_Z24add_rms_norm_bias_customIfEvPhS0_S0_S0_S0_mmjff,_Z24add_rms_norm_bias_customIfEvPhS0_S0_S0_S0_mmjff,dynamic,AI_VECTOR_CORE,1791437215061606.580	,3.000,16.940000,16,0,NO,N/A,N/A,N/A,N/A,N/A,N/A,N/A
2,4294967295,487,13,_Z24add_rms_norm_bias_customIfEvPhS0_S0_S0_S0_mmjff,_Z24add_rms_norm_bias_customIfEvPhS0_S0_S0_S0_mmjff,dynamic,AI_VECTOR_CORE,1791437215061634.140	,3.000,24.750000,16,0,NO,N/A,N/A,N/A,N/A,N/A,N/A,N/A
2,4294967295,488,13,_Z24add_rms_norm_bias_customIfEvPhS0_S0_S0_S0_mmjff,_Z24add_rms_norm_bias_customIfEvPhS0_S0_S0_S0_mmjff,dynamic,AI_VECTOR_CORE,1791437215061670.920	,3.564,33.750000,16,0,NO,N/A,N/A,N/A,N/A,N/A,N/A,N/A
2,4294967295,489,13,_Z24add_rms_norm_bias_customIfEvPhS0_S0_S0_S0_mmjff,_Z24add_rms_norm_bias_customIfEvPhS0_S0_S0_S0_mmjff,dynamic,AI_VECTOR_CORE,1791437215061697.884	,3.280,23.436000,16,0,NO,N/A,N/A,N/A,N/A,N/A,N/A,N/A
2,4294967295,490,13,_Z24add_rms_norm_bias_customIfEvPhS0_S0_S0_S0_mmjff,_Z24add_rms_norm_bias_customIfEvPhS0_S0_S0_S0_mmjff,dynamic,AI_VECTOR_CORE,1791437215061731.284	,3.160,29.970000,16,0,NO,N/A,N/A,N/A,N/A,N/A,N/A,N/A
2,4294967295,492,13,_Z24add_rms_norm_bias_customIfEvPhS0_S0_S0_S0_mmjff,_Z24add_rms_norm_bias_customIfEvPhS0_S0_S0_S0_mmjff,dynamic,AI_VECTOR_CORE,1791437215061824.944	,2.980,90.590000,16,0,NO,N/A,N/A,N/A,N/A,N/A,N/A,N/A
2,4294967295,493,13,_Z24add_rms_norm_bias_customIfEvPhS0_S0_S0_S0_mmjff,_Z24add_rms_norm_bias_customIfEvPhS0_S0_S0_S0_mmjff,dynamic,AI_VECTOR_CORE,1791437215061871.424	,2.924,43.520000,16,0,NO,N/A,N/A,N/A,N/A,N/A,N/A,N/A
2,4294967295,494,13,_Z24add_rms_norm_bias_customIfEvPhS0_S0_S0_S0_mmjff,_Z24add_rms_norm_bias_customIfEvPhS0_S0_S0_S0_mmjff,dynamic,AI_VECTOR_CORE,1791437215061894.368	,2.980,19.826000,16,0,NO,N/A,N/A,N/A,N/A,N/A,N/A,N/A
2,4294967295,495,13,_Z24add_rms_norm_bias_customIfEvPhS0_S0_S0_S0_mmjff,_Z24add_rms_norm_bias_customIfEvPhS0_S0_S0_S0_mmjff,dynamic,AI_VECTOR_CORE,1791437215061916.228	,2.860,19.020000,16,0,NO,N/A,N/A,N/A,N/A,N/A,N/A,N/A
2,4294967295,496,13,_Z24add_rms_norm_bias_customIfEvPhS0_S0_S0_S0_mmjff,_Z24add_rms_norm_bias_customIfEvPhS0_S0_S0_S0_mmjff,dynamic,AI_VECTOR_CORE,1791437215061950.128	,3.020,31.140000,16,0,NO,N/A,N/A,N/A,N/A,N/A,N/A,N/A
2,4294967295,497,13,_Z24add_rms_norm_bias_customIfEvPhS0_S0_S0_S0_mmjff,_Z24add_rms_norm_bias_customIfEvPhS0_S0_S0_S0_mmjff,dynamic,AI_VECTOR_CORE,1791437215061977.888	,3.120,24.730000,16,0,NO,N/A,N/A,N/A,N/A,N/A,N/A,N/A
2,4294967295,498,13,_Z24add_rms_norm_bias_customIfEvPhS0_S0_S0_S0_mmjff,_Z24add_rms_norm_bias_customIfEvPhS0_S0_S0_S0_mmjff,dynamic,AI_VECTOR_CORE,1791437215061998.768	,2.920,17.630000,16,0,NO,N/A,N/A,N/A,N/A,N/A,N/A,N/A
2,4294967295,499,13,_Z24add_rms_norm_bias_customIfEvPhS0_S0_S0_S0_mmjff,_Z24add_rms_norm_bias_customIfEvPhS0_S0_S0_S0_mmjff,dynamic,AI_VECTOR_CORE,1791437215062028.688	,2.940,27.080000,16,0,NO,N/A,N/A,N/A,N/A,N/A,N/A,N/A
2,4294967295,500,13,_Z24add_rms_norm_bias_customIfEvPhS0_S0_S0_S0_mmjff,_Z24add_rms_norm_bias_customIfEvPhS0_S0_S0_S0_mmjff,dynamic,AI_VECTOR_CORE,1791437215062050.548	,2.860,18.810000,16,0,NO,N/A,N/A,N/A,N/A,N/A,N/A,N/A
2,4294967295,501,13,_Z24add_rms_norm_bias_customIfEvPhS0_S0_S0_S0_mmjff,_Z24add_rms_norm_bias_customIfEvPhS0_S0_S0_S0_mmjff,dynamic,AI_VECTOR_CORE,1791437215062081.152	,3.080,27.890000,16,0,NO,N/A,N/A,N/A,N/A,N/A,N/A,N/A
2,4294967295,502,13,_Z24add_rms_norm_bias_customIfEvPhS0_S0_S0_S0_mmjff,_Z24add_rms_norm_bias_customIfEvPhS0_S0_S0_S0_mmjff,dynamic,AI_VECTOR_CORE,1791437215062122.092	,3.300,37.670000,16,0,NO,N/A,N/A,N/A,N/A,N/A,N/A,N/A
2,4294967295,503,13,_Z24add_rms_norm_bias_customIfEvPhS0_S0_S0_S0_mmjff,_Z24add_rms_norm_bias_customIfEvPhS0_S0_S0_S0_mmjff,dynamic,AI_VECTOR_CORE,1791437215062150.172	,2.920,24.950000,16,0,NO,N/A,N/A,N/A,N/A,N/A,N/A,N/A
2,4294967295,504,13,_Z24add_rms_norm_bias_customIfEvPhS0_S0_S0_S0_mmjff,_Z24add_rms_norm_bias_customIfEvPhS0_S0_S0_S0_mmjff,dynamic,AI_VECTOR_CORE,1791437215062179.772	,3.180,26.580000,16,0,NO,N/A,N/A,N/A,N/A,N/A,N/A,N/A
2,4294967295,505,13,_Z24add_rms_norm_bias_customIfEvPhS0_S0_S0_S0_mmjff,_Z24add_rms_norm_bias_customIfEvPhS0_S0_S0_S0_mmjff,dynamic,AI_VECTOR_CORE,1791437215062205.312	,2.900,22.320000,16,0,NO,N/A,N/A,N/A,N/A,N/A,N/A,N/A
2,4294967295,507,13,_Z24add_rms_norm_bias_customIfEvPhS0_S0_S0_S0_mmjff,_Z24add_rms_norm_bias_customIfEvPhS0_S0_S0_S0_mmjff,dynamic,AI_VECTOR_CORE,1791437215062251.472	,3.040,43.350000,16,0,NO,N/A,N/A,N/A,N/A,N/A,N/A,N/A
2,4294967295,510,13,_Z24add_rms_norm_bias_customIfEvPhS0_S0_S0_S0_mmjff,_Z24add_rms_norm_bias_customIfEvPhS0_S0_S0_S0_mmjff,dynamic,AI_VECTOR_CORE,1791437215062393.416	,3.020,138.960000,16,0,NO,N/A,N/A,N/A,N/A,N/A,N/A,N/A
2,4294967295,513,13,_Z24add_rms_norm_bias_customIfEvPhS0_S0_S0_S0_mmjff,_Z24add_rms_norm_bias_customIfEvPhS0_S0_S0_S0_mmjff,dynamic,AI_VECTOR_CORE,1791437215062492.820	,3.040,96.230000,16,0,NO,N/A,N/A,N/A,N/A,N/A,N/A,N/A
2,4294967295,516,13,_Z24add_rms_norm_bias_customIfEvPhS0_S0_S0_S0_mmjff,_Z24add_rms_norm_bias_customIfEvPhS0_S0_S0_S0_mmjff,dynamic,AI_VECTOR_CORE,1791437215062600.080	,2.960,104.210000,16,0,NO,N/A,N/A,N/A,N/A,N/A,N/A,N/A
2,4294967295,519,13,_Z24add_rms_norm_bias_customIfEvPhS0_S0_S0_S0_mmjff,_Z24add_rms_norm_bias_customIfEvPhS0_S0_S0_S0_mmjff,dynamic,AI_VECTOR_CORE,1791437215062689.664	,2.940,86.790000,16,0,NO,N/A,N/A,N/A,N/A,N/A,N/A,N/A
2,4294967295,522,13,_Z24add_rms_norm_bias_customIfEvPhS0_S0_S0_S0_mmjff,_Z24add_rms_norm_bias_customIfEvPhS0_S0_S0_S0_mmjff,dynamic,AI_VECTOR_CORE,1791437215062785.924	,3.740,93.310000,16,0,NO,N/A,N/A,N/A,N/A,N/A,N/A,N/A
2,4294967295,525,13,_Z24add_rms_norm_bias_customIfEvPhS0_S0_S0_S0_mmjff,_Z24add_rms_norm_bias_customIfEvPhS0_S0_S0_S0_mmjff,dynamic,AI_VECTOR_CORE,1791437215062895.828	,3.280,106.010000,16,0,NO,N/A,N/A,N/A,N/A,N/A,N/A,N/A
2,4294967295,528,13,_Z24add_rms_norm_bias_customIfEvPhS0_S0_S0_S0_mmjff,_Z24add_rms_norm_bias_customIfEvPhS0_S0_S0_S0_mmjff,dynamic,AI_VECTOR_CORE,1791437215062992.368	,3.180,93.220000,16,0,NO,N/A,N/A,N/A,N/A,N/A,N/A,N/A
2,4294967295,531,13,_Z24add_rms_norm_bias_customIfEvPhS0_S0_S0_S0_mmjff,_Z24add_rms_norm_bias_customIfEvPhS0_S0_S0_S0_mmjff,dynamic,AI_VECTOR_CORE,1791437215063112.372	,2.920,116.820000,16,0,NO,N/A,N/A,N/A,N/A,N/A,N/A,N/A
2,4294967295,534,13,_Z24add_rms_norm_bias_customIfEvPhS0_S0_S0_S0_mmjff,_Z24add_rms_norm_bias_customIfEvPhS0_S0_S0_S0_mmjff,dynamic,AI_VECTOR_CORE,1791437215063226.292	,2.900,111.080000,16,0,NO,N/A,N/A,N/A,N/A,N/A,N/A,N/A
2,4294967295,537,13,_Z24add_rms_norm_bias_customIfEvPhS0_S0_S0_S0_mmjff,_Z24add_rms_norm_bias_customIfEvPhS0_S0_S0_S0_mmjff,dynamic,AI_VECTOR_CORE,1791437215063326.196	,3.640,97.100000,16,0,NO,N/A,N/A,N/A,N/A,N/A,N/A,N/A
2,4294967295,540,13,_Z24add_rms_norm_bias_customIfEvPhS0_S0_S0_S0_mmjff,_Z24add_rms_norm_bias_customIfEvPhS0_S0_S0_S0_mmjff,dynamic,AI_VECTOR_CORE,1791437215063438.616	,3.020,108.610000,16,0,NO,N/A,N/A,N/A,N/A,N/A,N/A,N/A
2,4294967295,543,13,_Z24add_rms_norm_bias_customIfEvPhS0_S0_S0_S0_mmjff,_Z24add_rms_norm_bias_customIfEvPhS0_S0_S0_S0_mmjff,dynamic,AI_VECTOR_CORE,1791437215063529.020	,3.120,87.480000,16,0,NO,N/A,N/A,N/A,N/A,N/A,N/A,N/A
2,4294967295,546,13,_Z24add_rms_norm_bias_customIfEvPhS0_S0_S0_S0_mmjff,_Z24add_rms_norm_bias_customIfEvPhS0_S0_S0_S0_mmjff,dynamic,AI_VECTOR_CORE,1791437215063624.980	,5.100,92.880000,16,0,NO,N/A,N/A,N/A,N/A,N/A,N/A,N/A
2,4294967295,549,13,_Z24add_rms_norm_bias_customIfEvPhS0_S0_S0_S0_mmjff,_Z24add_rms_norm_bias_customIfEvPhS0_S0_S0_S0_mmjff,dynamic,AI_VECTOR_CORE,1791437215063770.564	,5.140,140.400000,16,0,NO,N/A,N/A,N/A,N/A,N/A,N/A,N/A
2,4294967295,552,13,_Z24add_rms_norm_bias_customIfEvPhS0_S0_S0_S0_mmjff,_Z24add_rms_norm_bias_customIfEvPhS0_S0_S0_S0_mmjff,dynamic,AI_VECTOR_CORE,1791437215063867.324	,3.740,91.610000,16,0,NO,N/A,N/A,N/A,N/A,N/A,N/A,N/A
2,4294967295,555,13,_Z24add_rms_norm_bias_customIfEvPhS0_S0_S0_S0_mmjff,_Z24add_rms_norm_bias_customIfEvPhS0_S0_S0_S0_mmjff,dynamic,AI_VECTOR_CORE,1791437215063979.548	,5.060,108.510000,16,0,NO,N/A,N/A,N/A,N/A,N/A,N/A,N/A
2,4294967295,558,13,_Z24add_rms_norm_bias_customIfEvPhS0_S0_S0_S0_mmjff,_Z24add_rms_norm_bias_customIfEvPhS0_S0_S0_S0_mmjff,dynamic,AI_VECTOR_CORE,1791437215064087.332	,4.980,102.690000,16,0,NO,N/A,N/A,N/A,N/A,N/A,N/A,N/A
2,4294967295,561,13,_Z24add_rms_norm_bias_customIfEvPhS0_S0_S0_S0_mmjff,_Z24add_rms_norm_bias_customIfEvPhS0_S0_S0_S0_mmjff,dynamic,AI_VECTOR_CORE,1791437215064179.472	,3.680,87.270000,16,0,NO,N/A,N/A,N/A,N/A,N/A,N/A,N/A
2,4294967295,564,13,_Z24add_rms_norm_bias_customIfEvPhS0_S0_S0_S0_mmjff,_Z24add_rms_norm_bias_customIfEvPhS0_S0_S0_S0_mmjff,dynamic,AI_VECTOR_CORE,1791437215064272.152	,3.060,89.070000,16,0,NO,N/A,N/A,N/A,N/A,N/A,N/A,N/A
2,4294967295,567,13,_Z24add_rms_norm_bias_customIfEvPhS0_S0_S0_S0_mmjff,_Z24add_rms_norm_bias_customIfEvPhS0_S0_S0_S0_mmjff,dynamic,AI_VECTOR_CORE,1791437215064361.456	,3.040,86.190000,16,0,NO,N/A,N/A,N/A,N/A,N/A,N/A,N/A
2,4294967295,570,13,_Z24add_rms_norm_bias_customIfEvPhS0_S0_S0_S0_mmjff,_Z24add_rms_norm_bias_customIfEvPhS0_S0_S0_S0_mmjff,dynamic,AI_VECTOR_CORE,1791437215064447.976	,2.940,83.460000,16,0,NO,N/A,N/A,N/A,N/A,N/A,N/A,N/A
2,4294967295,573,13,_Z24add_rms_norm_bias_customIfEvPhS0_S0_S0_S0_mmjff,_Z24add_rms_norm_bias_customIfEvPhS0_S0_S0_S0_mmjff,dynamic,AI_VECTOR_CORE,1791437215064539.720	,4.040,88.810000,16,0,NO,N/A,N/A,N/A,N/A,N/A,N/A,N/A
2,4294967295,576,13,_Z24add_rms_norm_bias_customIfEvPhS0_S0_S0_S0_mmjff,_Z24add_rms_norm_bias_customIfEvPhS0_S0_S0_S0_mmjff,dynamic,AI_VECTOR_CORE,1791437215064663.240	,5.100,119.460000,16,0,NO,N/A,N/A,N/A,N/A,N/A,N/A,N/A
2,4294967295,579,13,_Z24add_rms_norm_bias_customIfEvPhS0_S0_S0_S0_mmjff,_Z24add_rms_norm_bias_customIfEvPhS0_S0_S0_S0_mmjff,dynamic,AI_VECTOR_CORE,1791437215064778.704	,3.620,110.400000,16,0,NO,N/A,N/A,N/A,N/A,N/A,N/A,N/A
2,4294967295,582,13,_Z24add_rms_norm_bias_customIfEvPhS0_S0_S0_S0_mmjff,_Z24add_rms_norm_bias_customIfEvPhS0_S0_S0_S0_mmjff,dynamic,AI_VECTOR_CORE,1791437215064871.404	,5.260,89.130000,16,0,NO,N/A,N/A,N/A,N/A,N/A,N/A,N/A
2,4294967295,585,13,_Z24add_rms_norm_bias_customIfEvPhS0_S0_S0_S0_mmjff,_Z24add_rms_norm_bias_customIfEvPhS0_S0_S0_S0_mmjff,dynamic,AI_VECTOR_CORE,1791437215064950.808	,3.660,73.990000,16,0,NO,N/A,N/A,N/A,N/A,N/A,N/A,N/A
2,4294967295,588,13,_Z24add_rms_norm_bias_customIfEvPhS0_S0_S0_S0_mmjff,_Z24add_rms_norm_bias_customIfEvPhS0_S0_S0_S0_mmjff,dynamic,AI_VECTOR_CORE,1791437215065054.268	,3.140,99.840000,16,0,NO,N/A,N/A,N/A,N/A,N/A,N/A,N/A
2,4294967295,591,13,_Z24add_rms_norm_bias_customIfEvPhS0_S0_S0_S0_mmjff,_Z24add_rms_norm_bias_customIfEvPhS0_S0_S0_S0_mmjff,dynamic,AI_VECTOR_CORE,1791437215065156.772	,2.900,99.360000,16,0,NO,N/A,N/A,N/A,N/A,N/A,N/A,N/A
2,4294967295,594,13,_Z24add_rms_norm_bias_customIfEvPhS0_S0_S0_S0_mmjff,_Z24add_rms_norm_bias_customIfEvPhS0_S0_S0_S0_mmjff,dynamic,AI_VECTOR_CORE,1791437215065265.252	,2.920,105.600000,16,0,NO,N/A,N/A,N/A,N/A,N/A,N/A,N/A
2,4294967295,597,13,_Z24add_rms_norm_bias_customIfEvPhS0_S0_S0_S0_mmjff,_Z24add_rms_norm_bias_customIfEvPhS0_S0_S0_S0_mmjff,dynamic,AI_VECTOR_CORE,1791437215065361.976	,3.700,93.830000,16,0,NO,N/A,N/A,N/A,N/A,N/A,N/A,N/A
2,4294967295,600,13,_Z24add_rms_norm_bias_customIfEvPhS0_S0_S0_S0_mmjff,_Z24add_rms_norm_bias_customIfEvPhS0_S0_S0_S0_mmjff,dynamic,AI_VECTOR_CORE,1791437215065457.256	,2.880,91.550000,16,0,NO,N/A,N/A,N/A,N/A,N/A,N/A,N/A
2,4294967295,603,13,_Z24add_rms_norm_bias_customIfEvPhS0_S0_S0_S0_mmjff,_Z24add_rms_norm_bias_customIfEvPhS0_S0_S0_S0_mmjff,dynamic,AI_VECTOR_CORE,1791437215065584.960	,5.100,124.870000,16,0,NO,N/A,N/A,N/A,N/A,N/A,N/A,N/A
2,4294967295,606,13,_Z24add_rms_norm_bias_customIfEvPhS0_S0_S0_S0_mmjff,_Z24add_rms_norm_bias_customIfEvPhS0_S0_S0_S0_mmjff,dynamic,AI_VECTOR_CORE,1791437215065699.364	,5.200,109.150000,16,0,NO,N/A,N/A,N/A,N/A,N/A,N/A,N/A
2,4294967295,609,13,_Z24add_rms_norm_bias_customIfEvPhS0_S0_S0_S0_mmjff,_Z24add_rms_norm_bias_customIfEvPhS0_S0_S0_S0_mmjff,dynamic,AI_VECTOR_CORE,1791437215065794.624	,2.980,90.050000,16,0,NO,N/A,N/A,N/A,N/A,N/A,N/A,N/A
2,4294967295,612,13,_Z24add_rms_norm_bias_customIfEvPhS0_S0_S0_S0_mmjff,_Z24add_rms_norm_bias_customIfEvPhS0_S0_S0_S0_mmjff,dynamic,AI_VECTOR_CORE,1791437215065889.588	,3.940,92.020000,16,0,NO,N/A,N/A,N/A,N/A,N/A,N/A,N/A
2,4294967295,615,13,_Z24add_rms_norm_bias_customIfEvPhS0_S0_S0_S0_mmjff,_Z24add_rms_norm_bias_customIfEvPhS0_S0_S0_S0_mmjff,dynamic,AI_VECTOR_CORE,1791437215065999.288	,3.760,105.810000,16,0,NO,N/A,N/A,N/A,N/A,N/A,N/A,N/A
2,4294967295,618,13,_Z24add_rms_norm_bias_customIfEvPhS0_S0_S0_S0_mmjff,_Z24add_rms_norm_bias_customIfEvPhS0_S0_S0_S0_mmjff,dynamic,AI_VECTOR_CORE,1791437215066095.332	,2.920,92.240000,16,0,NO,N/A,N/A,N/A,N/A,N/A,N/A,N/A
2,4294967295,621,13,_Z24add_rms_norm_bias_customIfEvPhS0_S0_S0_S0_mmjff,_Z24add_rms_norm_bias_customIfEvPhS0_S0_S0_S0_mmjff,dynamic,AI_VECTOR_CORE,1791437215066192.272	,2.940,94.080000,16,0,NO,N/A,N/A,N/A,N/A,N/A,N/A,N/A
2,4294967295,624,13,_Z24add_rms_norm_bias_customIfEvPhS0_S0_S0_S0_mmjff,_Z24add_rms_norm_bias_customIfEvPhS0_S0_S0_S0_mmjff,dynamic,AI_VECTOR_CORE,1791437215066294.536	,2.960,99.310000,16,0,NO,N/A,N/A,N/A,N/A,N/A,N/A,N/A
2,4294967295,627,13,_Z24add_rms_norm_bias_customIfEvPhS0_S0_S0_S0_mmjff,_Z24add_rms_norm_bias_customIfEvPhS0_S0_S0_S0_mmjff,dynamic,AI_VECTOR_CORE,1791437215066431.556	,3.340,134.040000,16,0,NO,N/A,N/A,N/A,N/A,N/A,N/A,N/A
2,4294967295,630,13,_Z24add_rms_norm_bias_customIfEvPhS0_S0_S0_S0_mmjff,_Z24add_rms_norm_bias_customIfEvPhS0_S0_S0_S0_mmjff,dynamic,AI_VECTOR_CORE,1791437215066526.180	,3.020,91.410000,16,0,NO,N/A,N/A,N/A,N/A,N/A,N/A,N/A
2,4294967295,633,13,_Z24add_rms_norm_bias_customIfEvPhS0_S0_S0_S0_mmjff,_Z24add_rms_norm_bias_customIfEvPhS0_S0_S0_S0_mmjff,dynamic,AI_VECTOR_CORE,1791437215066627.080	,3.160,97.730000,16,0,NO,N/A,N/A,N/A,N/A,N/A,N/A,N/A
2,4294967295,636,13,_Z24add_rms_norm_bias_customIfEvPhS0_S0_S0_S0_mmjff,_Z24add_rms_norm_bias_customIfEvPhS0_S0_S0_S0_mmjff,dynamic,AI_VECTOR_CORE,1791437215066719.104	,3.000,88.840000,16,0,NO,N/A,N/A,N/A,N/A,N/A,N/A,N/A
2,4294967295,639,13,_Z24add_rms_norm_bias_customIfEvPhS0_S0_S0_S0_mmjff,_Z24add_rms_norm_bias_customIfEvPhS0_S0_S0_S0_mmjff,dynamic,AI_VECTOR_CORE,1791437215066811.504	,2.960,89.500000,16,0,NO,N/A,N/A,N/A,N/A,N/A,N/A,N/A
2,4294967295,642,13,_Z24add_rms_norm_bias_customIfEvPhS0_S0_S0_S0_mmjff,_Z24add_rms_norm_bias_customIfEvPhS0_S0_S0_S0_mmjff,dynamic,AI_VECTOR_CORE,1791437215066899.428	,2.900,85.040000,16,0,NO,N/A,N/A,N/A,N/A,N/A,N/A,N/A
2,4294967295,645,13,_Z24add_rms_norm_bias_customIfEvPhS0_S0_S0_S0_mmjff,_Z24add_rms_norm_bias_customIfEvPhS0_S0_S0_S0_mmjff,dynamic,AI_VECTOR_CORE,1791437215066995.728	,3.060,93.350000,16,0,NO,N/A,N/A,N/A,N/A,N/A,N/A,N/A
2,4294967295,648,13,_Z24add_rms_norm_bias_customIfEvPhS0_S0_S0_S0_mmjff,_Z24add_rms_norm_bias_customIfEvPhS0_S0_S0_S0_mmjff,dynamic,AI_VECTOR_CORE,1791437215067088.792	,2.940,89.940000,16,0,NO,N/A,N/A,N/A,N/A,N/A,N/A,N/A
2,4294967295,651,13,_Z24add_rms_norm_bias_customIfEvPhS0_S0_S0_S0_mmjff,_Z24add_rms_norm_bias_customIfEvPhS0_S0_S0_S0_mmjff,dynamic,AI_VECTOR_CORE,1791437215067214.552	,2.920,122.810000,16,0,NO,N/A,N/A,N/A,N/A,N/A,N/A,N/A
2,4294967295,654,13,_Z24add_rms_norm_bias_customIfEvPhS0_S0_S0_S0_mmjff,_Z24add_rms_norm_bias_customIfEvPhS0_S0_S0_S0_mmjff,dynamic,AI_VECTOR_CORE,1791437215067355.596	,3.000,138.080000,16,0,NO,N/A,N/A,N/A,N/A,N/A,N/A,N/A
2,4294967295,657,13,_Z24add_rms_norm_bias_customIfEvPhS0_S0_S0_S0_mmjff,_Z24add_rms_norm_bias_customIfEvPhS0_S0_S0_S0_mmjff,dynamic,AI_VECTOR_CORE,1791437215067448.396	,2.880,90.000000,16,0,NO,N/A,N/A,N/A,N/A,N/A,N/A,N/A
2,4294967295,660,13,_Z24add_rms_norm_bias_customIfEvPhS0_S0_S0_S0_mmjff,_Z24add_rms_norm_bias_customIfEvPhS0_S0_S0_S0_mmjff,dynamic,AI_VECTOR_CORE,1791437215067555.300	,3.040,103.870000,16,0,NO,N/A,N/A,N/A,N/A,N/A,N/A,N/A
2,4294967295,663,13,_Z24add_rms_norm_bias_customIfEvPhS0_S0_S0_S0_mmjff,_Z24add_rms_norm_bias_customIfEvPhS0_S0_S0_S0_mmjff,dynamic,AI_VECTOR_CORE,1791437215067643.140	,5.160,84.960000,16,0,NO,N/A,N/A,N/A,N/A,N/A,N/A,N/A
2,4294967295,666,13,_Z24add_rms_norm_bias_customIfEvPhS0_S0_S0_S0_mmjff,_Z24add_rms_norm_bias_customIfEvPhS0_S0_S0_S0_mmjff,dynamic,AI_VECTOR_CORE,1791437215067754.764	,5.140,106.340000,16,0,NO,N/A,N/A,N/A,N/A,N/A,N/A,N/A
2,4294967295,669,13,_Z24add_rms_norm_bias_customIfEvPhS0_S0_S0_S0_mmjff,_Z24add_rms_norm_bias_customIfEvPhS0_S0_S0_S0_mmjff,dynamic,AI_VECTOR_CORE,1791437215067883.588	,3.000,123.610000,16,0,NO,N/A,N/A,N/A,N/A,N/A,N/A,N/A
2,4294967295,672,13,_Z24add_rms_norm_bias_customIfEvPhS0_S0_S0_S0_mmjff,_Z24add_rms_norm_bias_customIfEvPhS0_S0_S0_S0_mmjff,dynamic,AI_VECTOR_CORE,1791437215067976.008	,3.320,89.500000,16,0,NO,N/A,N/A,N/A,N/A,N/A,N/A,N/A
2,4294967295,675,13,_Z24add_rms_norm_bias_customIfEvPhS0_S0_S0_S0_mmjff,_Z24add_rms_norm_bias_customIfEvPhS0_S0_S0_S0_mmjff,dynamic,AI_VECTOR_CORE,1791437215068089.032	,3.940,109.680000,16,0,NO,N/A,N/A,N/A,N/A,N/A,N/A,N/A
2,4294967295,678,13,_Z24add_rms_norm_bias_customIfEvPhS0_S0_S0_S0_mmjff,_Z24add_rms_norm_bias_customIfEvPhS0_S0_S0_S0_mmjff,dynamic,AI_VECTOR_CORE,1791437215068197.292	,2.840,104.310000,16,0,NO,N/A,N/A,N/A,N/A,N/A,N/A,N/A
2,4294967295,681,13,_Z24add_rms_norm_bias_customIfEvPhS0_S0_S0_S0_mmjff,_Z24add_rms_norm_bias_customIfEvPhS0_S0_S0_S0_mmjff,dynamic,AI_VECTOR_CORE,1791437215068299.076	,3.160,98.910000,16,0,NO,N/A,N/A,N/A,N/A,N/A,N/A,N/A
2,4294967295,684,13,_Z24add_rms_norm_bias_customIfEvPhS0_S0_S0_S0_mmjff,_Z24add_rms_norm_bias_customIfEvPhS0_S0_S0_S0_mmjff,dynamic,AI_VECTOR_CORE,1791437215068385.996	,3.060,83.840000,16,0,NO,N/A,N/A,N/A,N/A,N/A,N/A,N/A
2,4294967295,687,13,_Z24add_rms_norm_bias_customIfEvPhS0_S0_S0_S0_mmjff,_Z24add_rms_norm_bias_customIfEvPhS0_S0_S0_S0_mmjff,dynamic,AI_VECTOR_CORE,1791437215068489.120	,3.020,99.940000,16,0,NO,N/A,N/A,N/A,N/A,N/A,N/A,N/A
2,4294967295,690,13,_Z24add_rms_norm_bias_customIfEvPhS0_S0_S0_S0_mmjff,_Z24add_rms_norm_bias_customIfEvPhS0_S0_S0_S0_mmjff,dynamic,AI_VECTOR_CORE,1791437215068588.260	,3.380,96.230000,16,0,NO,N/A,N/A,N/A,N/A,N/A,N/A,N/A
2,4294967295,693,13,_Z24add_rms_norm_bias_customIfEvPhS0_S0_S0_S0_mmjff,_Z24add_rms_norm_bias_customIfEvPhS0_S0_S0_S0_mmjff,dynamic,AI_VECTOR_CORE,1791437215068679.480	,2.884,87.870000,16,0,NO,N/A,N/A,N/A,N/A,N/A,N/A,N/A
2,4294967295,696,13,_Z24add_rms_norm_bias_customIfEvPhS0_S0_S0_S0_mmjff,_Z24add_rms_norm_bias_customIfEvPhS0_S0_S0_S0_mmjff,dynamic,AI_VECTOR_CORE,1791437215068774.344	,3.140,91.866000,16,0,NO,N/A,N/A,N/A,N/A,N/A,N/A,N/A
2,4294967295,699,13,_Z24add_rms_norm_bias_customIfEvPhS0_S0_S0_S0_mmjff,_Z24add_rms_norm_bias_customIfEvPhS0_S0_S0_S0_mmjff,dynamic,AI_VECTOR_CORE,1791437215068894.848	,2.940,117.360000,16,0,NO,N/A,N/A,N/A,N/A,N/A,N/A,N/A
2,4294967295,702,13,_Z24add_rms_norm_bias_customIfEvPhS0_S0_S0_S0_mmjff,_Z24add_rms_norm_bias_customIfEvPhS0_S0_S0_S0_mmjff,dynamic,AI_VECTOR_CORE,1791437215069005.588	,3.460,107.810000,16,0,NO,N/A,N/A,N/A,N/A,N/A,N/A,N/A
2,4294967295,705,13,_Z24add_rms_norm_bias_customIfEvPhS0_S0_S0_S0_mmjff,_Z24add_rms_norm_bias_customIfEvPhS0_S0_S0_S0_mmjff,dynamic,AI_VECTOR_CORE,1791437215069111.532	,2.960,102.540000,16,0,NO,N/A,N/A,N/A,N/A,N/A,N/A,N/A
2,4294967295,708,13,_Z24add_rms_norm_bias_customIfEvPhS0_S0_S0_S0_mmjff,_Z24add_rms_norm_bias_customIfEvPhS0_S0_S0_S0_mmjff,dynamic,AI_VECTOR_CORE,1791437215069203.152	,2.880,88.790000,16,0,NO,N/A,N/A,N/A,N/A,N/A,N/A,N/A
2,4294967295,711,13,_Z24add_rms_norm_bias_customIfEvPhS0_S0_S0_S0_mmjff,_Z24add_rms_norm_bias_customIfEvPhS0_S0_S0_S0_mmjff,dynamic,AI_VECTOR_CORE,1791437215069296.256	,3.560,90.120000,16,0,NO,N/A,N/A,N/A,N/A,N/A,N/A,N/A
2,4294967295,714,13,_Z24add_rms_norm_bias_customIfEvPhS0_S0_S0_S0_mmjff,_Z24add_rms_norm_bias_customIfEvPhS0_S0_S0_S0_mmjff,dynamic,AI_VECTOR_CORE,1791437215069396.656	,2.980,96.940000,16,0,NO,N/A,N/A,N/A,N/A,N/A,N/A,N/A
2,4294967295,717,13,_Z24add_rms_norm_bias_customIfEvPhS0_S0_S0_S0_mmjff,_Z24add_rms_norm_bias_customIfEvPhS0_S0_S0_S0_mmjff,dynamic,AI_VECTOR_CORE,1791437215069495.760	,3.120,96.020000,16,0,NO,N/A,N/A,N/A,N/A,N/A,N/A,N/A
2,4294967295,720,13,_Z24add_rms_norm_bias_customIfEvPhS0_S0_S0_S0_mmjff,_Z24add_rms_norm_bias_customIfEvPhS0_S0_S0_S0_mmjff,dynamic,AI_VECTOR_CORE,1791437215069584.660	,3.080,85.880000,16,0,NO,N/A,N/A,N/A,N/A,N/A,N/A,N/A
2,4294967295,723,13,_Z24add_rms_norm_bias_customIfEvPhS0_S0_S0_S0_mmjff,_Z24add_rms_norm_bias_customIfEvPhS0_S0_S0_S0_mmjff,dynamic,AI_VECTOR_CORE,1791437215069709.364	,2.980,121.420000,16,0,NO,N/A,N/A,N/A,N/A,N/A,N/A,N/A
2,4294967295,726,13,_Z24add_rms_norm_bias_customIfEvPhS0_S0_S0_S0_mmjff,_Z24add_rms_norm_bias_customIfEvPhS0_S0_S0_S0_mmjff,dynamic,AI_VECTOR_CORE,1791437215069812.444	,2.900,100.270000,16,0,NO,N/A,N/A,N/A,N/A,N/A,N/A,N/A
2,4294967295,729,13,_Z24add_rms_norm_bias_customIfEvPhS0_S0_S0_S0_mmjff,_Z24add_rms_norm_bias_customIfEvPhS0_S0_S0_S0_mmjff,dynamic,AI_VECTOR_CORE,1791437215069924.808	,2.780,109.350000,16,0,NO,N/A,N/A,N/A,N/A,N/A,N/A,N/A
2,4294967295,732,13,_Z24add_rms_norm_bias_customIfEvPhS0_S0_S0_S0_mmjff,_Z24add_rms_norm_bias_customIfEvPhS0_S0_S0_S0_mmjff,dynamic,AI_VECTOR_CORE,1791437215070011.748	,4.000,84.220000,16,0,NO,N/A,N/A,N/A,N/A,N/A,N/A,N/A
2,4294967295,735,13,_Z24add_rms_norm_bias_customIfEvPhS0_S0_S0_S0_mmjff,_Z24add_rms_norm_bias_customIfEvPhS0_S0_S0_S0_mmjff,dynamic,AI_VECTOR_CORE,1791437215070099.992	,3.040,84.250000,16,0,NO,N/A,N/A,N/A,N/A,N/A,N/A,N/A
2,4294967295,738,13,_Z24add_rms_norm_bias_customIfEvPhS0_S0_S0_S0_mmjff,_Z24add_rms_norm_bias_customIfEvPhS0_S0_S0_S0_mmjff,dynamic,AI_VECTOR_CORE,1791437215070191.452	,2.900,88.460000,16,0,NO,N/A,N/A,N/A,N/A,N/A,N/A,N/A
2,4294967295,741,13,_Z24add_rms_norm_bias_customIfEvPhS0_S0_S0_S0_mmjff,_Z24add_rms_norm_bias_customIfEvPhS0_S0_S0_S0_mmjff,dynamic,AI_VECTOR_CORE,1791437215070285.236	,2.976,90.850000,16,0,NO,N/A,N/A,N/A,N/A,N/A,N/A,N/A
2,4294967295,744,13,_Z24add_rms_norm_bias_customIfEvPhS0_S0_S0_S0_mmjff,_Z24add_rms_norm_bias_customIfEvPhS0_S0_S0_S0_mmjff,dynamic,AI_VECTOR_CORE,1791437215070373.016	,2.800,84.774000,16,0,NO,N/A,N/A,N/A,N/A,N/A,N/A,N/A
2,4294967295,747,13,_Z24add_rms_norm_bias_customIfEvPhS0_S0_S0_S0_mmjff,_Z24add_rms_norm_bias_customIfEvPhS0_S0_S0_S0_mmjff,dynamic,AI_VECTOR_CORE,1791437215070493.860	,3.180,117.950000,16,0,NO,N/A,N/A,N/A,N/A,N/A,N/A,N/A
2,4294967295,750,13,_Z24add_rms_norm_bias_customIfEvPhS0_S0_S0_S0_mmjff,_Z24add_rms_norm_bias_customIfEvPhS0_S0_S0_S0_mmjff,dynamic,AI_VECTOR_CORE,1791437215070617.700	,3.080,120.820000,16,0,NO,N/A,N/A,N/A,N/A,N/A,N/A,N/A
2,4294967295,753,13,_Z24add_rms_norm_bias_customIfEvPhS0_S0_S0_S0_mmjff,_Z24add_rms_norm_bias_customIfEvPhS0_S0_S0_S0_mmjff,dynamic,AI_VECTOR_CORE,1791437215070721.284	,3.180,100.420000,16,0,NO,N/A,N/A,N/A,N/A,N/A,N/A,N/A
2,4294967295,756,13,_Z24add_rms_norm_bias_customIfEvPhS0_S0_S0_S0_mmjff,_Z24add_rms_norm_bias_customIfEvPhS0_S0_S0_S0_mmjff,dynamic,AI_VECTOR_CORE,1791437215070848.484	,2.960,124.070000,16,0,NO,N/A,N/A,N/A,N/A,N/A,N/A,N/A
2,4294967295,759,13,_Z24add_rms_norm_bias_customIfEvPhS0_S0_S0_S0_mmjff,_Z24add_rms_norm_bias_customIfEvPhS0_S0_S0_S0_mmjff,dynamic,AI_VECTOR_CORE,1791437215070929.068	,3.340,77.540000,16,0,NO,N/A,N/A,N/A,N/A,N/A,N/A,N/A
2,4294967295,762,13,_Z24add_rms_norm_bias_customIfEvPhS0_S0_S0_S0_mmjff,_Z24add_rms_norm_bias_customIfEvPhS0_S0_S0_S0_mmjff,dynamic,AI_VECTOR_CORE,1791437215071019.068	,3.720,86.660000,16,0,NO,N/A,N/A,N/A,N/A,N/A,N/A,N/A
2,4294967295,765,13,_Z24add_rms_norm_bias_customIfEvPhS0_S0_S0_S0_mmjff,_Z24add_rms_norm_bias_customIfEvPhS0_S0_S0_S0_mmjff,dynamic,AI_VECTOR_CORE,1791437215071123.212	,2.980,100.530000,16,0,NO,N/A,N/A,N/A,N/A,N/A,N/A,N/A
2,4294967295,768,13,_Z24add_rms_norm_bias_customIfEvPhS0_S0_S0_S0_mmjff,_Z24add_rms_norm_bias_customIfEvPhS0_S0_S0_S0_mmjff,dynamic,AI_VECTOR_CORE,1791437215071241.692	,3.440,115.520000,16,0,NO,N/A,N/A,N/A,N/A,N/A,N/A,N/A
2,4294967295,771,13,_Z24add_rms_norm_bias_customIfEvPhS0_S0_S0_S0_mmjff,_Z24add_rms_norm_bias_customIfEvPhS0_S0_S0_S0_mmjff,dynamic,AI_VECTOR_CORE,1791437215071349.576	,3.920,104.310000,16,0,NO,N/A,N/A,N/A,N/A,N/A,N/A,N/A
2,4294967295,774,13,_Z24add_rms_norm_bias_customIfEvPhS0_S0_S0_S0_mmjff,_Z24add_rms_norm_bias_customIfEvPhS0_S0_S0_S0_mmjff,dynamic,AI_VECTOR_CORE,1791437215071427.556	,3.360,74.080000,16,0,NO,N/A,N/A,N/A,N/A,N/A,N/A,N/A
2,4294967295,777,13,_Z24add_rms_norm_bias_customIfEvPhS0_S0_S0_S0_mmjff,_Z24add_rms_norm_bias_customIfEvPhS0_S0_S0_S0_mmjff,dynamic,AI_VECTOR_CORE,1791437215071513.480	,3.120,82.640000,16,0,NO,N/A,N/A,N/A,N/A,N/A,N/A,N/A
2,4294967295,780,13,_Z24add_rms_norm_bias_customIfEvPhS0_S0_S0_S0_mmjff,_Z24add_rms_norm_bias_customIfEvPhS0_S0_S0_S0_mmjff,dynamic,AI_VECTOR_CORE,1791437215071626.900	,2.860,110.380000,16,0,NO,N/A,N/A,N/A,N/A,N/A,N/A,N/A
2,4294967295,783,13,_Z24add_rms_norm_bias_customIfEvPhS0_S0_S0_S0_mmjff,_Z24add_rms_norm_bias_customIfEvPhS0_S0_S0_S0_mmjff,dynamic,AI_VECTOR_CORE,1791437215071733.024	,3.140,103.140000,16,0,NO,N/A,N/A,N/A,N/A,N/A,N/A,N/A
2,4294967295,786,13,_Z24add_rms_norm_bias_customIfEvPhS0_S0_S0_S0_mmjff,_Z24add_rms_norm_bias_customIfEvPhS0_S0_S0_S0_mmjff,dynamic,AI_VECTOR_CORE,1791437215071829.584	,3.580,93.360000,16,0,NO,N/A,N/A,N/A,N/A,N/A,N/A,N/A
2,4294967295,789,13,_Z24add_rms_norm_bias_customIfEvPhS0_S0_S0_S0_mmjff,_Z24add_rms_norm_bias_customIfEvPhS0_S0_S0_S0_mmjff,dynamic,AI_VECTOR_CORE,1791437215071928.368	,2.980,95.170000,16,0,NO,N/A,N/A,N/A,N/A,N/A,N/A,N/A
2,4294967295,792,13,_Z24add_rms_norm_bias_customIfEvPhS0_S0_S0_S0_mmjff,_Z24add_rms_norm_bias_customIfEvPhS0_S0_S0_S0_mmjff,dynamic,AI_VECTOR_CORE,1791437215072029.828	,2.920,98.520000,16,0,NO,N/A,N/A,N/A,N/A,N/A,N/A,N/A
2,4294967295,795,13,_Z24add_rms_norm_bias_customIfEvPhS0_S0_S0_S0_mmjff,_Z24add_rms_norm_bias_customIfEvPhS0_S0_S0_S0_mmjff,dynamic,AI_VECTOR_CORE,1791437215072171.332	,2.900,138.580000,16,0,NO,N/A,N/A,N/A,N/A,N/A,N/A,N/A
2,4294967295,798,13,_Z24add_rms_norm_bias_customIfEvPhS0_S0_S0_S0_mmjff,_Z24add_rms_norm_bias_customIfEvPhS0_S0_S0_S0_mmjff,dynamic,AI_VECTOR_CORE,1791437215072297.996	,3.100,123.850000,16,0,NO,N/A,N/A,N/A,N/A,N/A,N/A,N/A
2,4294967295,801,13,_Z24add_rms_norm_bias_customIfEvPhS0_S0_S0_S0_mmjff,_Z24add_rms_norm_bias_customIfEvPhS0_S0_S0_S0_mmjff,dynamic,AI_VECTOR_CORE,1791437215072394.756	,3.360,93.650000,16,0,NO,N/A,N/A,N/A,N/A,N/A,N/A,N/A
2,4294967295,804,13,_Z24add_rms_norm_bias_customIfEvPhS0_S0_S0_S0_mmjff,_Z24add_rms_norm_bias_customIfEvPhS0_S0_S0_S0_mmjff,dynamic,AI_VECTOR_CORE,1791437215072506.340	,2.940,108.140000,16,0,NO,N/A,N/A,N/A,N/A,N/A,N/A,N/A
2,4294967295,807,13,_Z24add_rms_norm_bias_customIfEvPhS0_S0_S0_S0_mmjff,_Z24add_rms_norm_bias_customIfEvPhS0_S0_S0_S0_mmjff,dynamic,AI_VECTOR_CORE,1791437215072622.080	,2.980,112.810000,16,0,NO,N/A,N/A,N/A,N/A,N/A,N/A,N/A
2,4294967295,810,13,_Z24add_rms_norm_bias_customIfEvPhS0_S0_S0_S0_mmjff,_Z24add_rms_norm_bias_customIfEvPhS0_S0_S0_S0_mmjff,dynamic,AI_VECTOR_CORE,1791437215072721.804	,5.200,96.770000,16,0,NO,N/A,N/A,N/A,N/A,N/A,N/A,N/A
2,4294967295,813,13,_Z24add_rms_norm_bias_customIfEvPhS0_S0_S0_S0_mmjff,_Z24add_rms_norm_bias_customIfEvPhS0_S0_S0_S0_mmjff,dynamic,AI_VECTOR_CORE,1791437215072824.864	,5.480,97.800000,16,0,NO,N/A,N/A,N/A,N/A,N/A,N/A,N/A
2,4294967295,816,13,_Z24add_rms_norm_bias_customIfEvPhS0_S0_S0_S0_mmjff,_Z24add_rms_norm_bias_customIfEvPhS0_S0_S0_S0_mmjff,dynamic,AI_VECTOR_CORE,1791437215072925.768	,3.200,95.520000,16,0,NO,N/A,N/A,N/A,N/A,N/A,N/A,N/A
2,4294967295,819,13,_Z24add_rms_norm_bias_customIfEvPhS0_S0_S0_S0_mmjff,_Z24add_rms_norm_bias_customIfEvPhS0_S0_S0_S0_mmjff,dynamic,AI_VECTOR_CORE,1791437215073042.808	,5.080,113.800000,16,0,NO,N/A,N/A,N/A,N/A,N/A,N/A,N/A
2,4294967295,822,13,_Z24add_rms_norm_bias_customIfEvPhS0_S0_S0_S0_mmjff,_Z24add_rms_norm_bias_customIfEvPhS0_S0_S0_S0_mmjff,dynamic,AI_VECTOR_CORE,1791437215073135.912	,5.160,88.170000,16,0,NO,N/A,N/A,N/A,N/A,N/A,N/A,N/A
2,4294967295,825,13,_Z24add_rms_norm_bias_customIfEvPhS0_S0_S0_S0_mmjff,_Z24add_rms_norm_bias_customIfEvPhS0_S0_S0_S0_mmjff,dynamic,AI_VECTOR_CORE,1791437215073243.112	,3.200,101.840000,16,0,NO,N/A,N/A,N/A,N/A,N/A,N/A,N/A
2,4294967295,828,13,_Z24add_rms_norm_bias_customIfEvPhS0_S0_S0_S0_mmjff,_Z24add_rms_norm_bias_customIfEvPhS0_S0_S0_S0_mmjff,dynamic,AI_VECTOR_CORE,1791437215073346.116	,3.300,99.800000,16,0,NO,N/A,N/A,N/A,N/A,N/A,N/A,N/A
2,4294967295,831,13,_Z24add_rms_norm_bias_customIfEvPhS0_S0_S0_S0_mmjff,_Z24add_rms_norm_bias_customIfEvPhS0_S0_S0_S0_mmjff,dynamic,AI_VECTOR_CORE,1791437215073458.036	,2.940,108.700000,16,0,NO,N/A,N/A,N/A,N/A,N/A,N/A,N/A
2,4294967295,834,13,_Z24add_rms_norm_bias_customIfEvPhS0_S0_S0_S0_mmjff,_Z24add_rms_norm_bias_customIfEvPhS0_S0_S0_S0_mmjff,dynamic,AI_VECTOR_CORE,1791437215073572.280	,4.100,111.310000,16,0,NO,N/A,N/A,N/A,N/A,N/A,N/A,N/A
2,4294967295,837,13,_Z24add_rms_norm_bias_customIfEvPhS0_S0_S0_S0_mmjff,_Z24add_rms_norm_bias_customIfEvPhS0_S0_S0_S0_mmjff,dynamic,AI_VECTOR_CORE,1791437215073665.000	,5.160,88.650000,16,0,NO,N/A,N/A,N/A,N/A,N/A,N/A,N/A
2,4294967295,840,13,_Z24add_rms_norm_bias_customIfEvPhS0_S0_S0_S0_mmjff,_Z24add_rms_norm_bias_customIfEvPhS0_S0_S0_S0_mmjff,dynamic,AI_VECTOR_CORE,1791437215073775.544	,5.180,105.340000,16,0,NO,N/A,N/A,N/A,N/A,N/A,N/A,N/A
2,4294967295,843,13,_Z24add_rms_norm_bias_customIfEvPhS0_S0_S0_S0_mmjff,_Z24add_rms_norm_bias_customIfEvPhS0_S0_S0_S0_mmjff,dynamic,AI_VECTOR_CORE,1791437215073888.268	,5.020,107.570000,16,0,NO,N/A,N/A,N/A,N/A,N/A,N/A,N/A
2,4294967295,846,13,_Z24add_rms_norm_bias_customIfEvPhS0_S0_S0_S0_mmjff,_Z24add_rms_norm_bias_customIfEvPhS0_S0_S0_S0_mmjff,dynamic,AI_VECTOR_CORE,1791437215074014.408	,3.100,121.230000,16,0,NO,N/A,N/A,N/A,N/A,N/A,N/A,N/A
2,4294967295,849,13,_Z24add_rms_norm_bias_customIfEvPhS0_S0_S0_S0_mmjff,_Z24add_rms_norm_bias_customIfEvPhS0_S0_S0_S0_mmjff,dynamic,AI_VECTOR_CORE,1791437215074124.092	,3.200,106.400000,16,0,NO,N/A,N/A,N/A,N/A,N/A,N/A,N/A
2,4294967295,852,13,_Z24add_rms_norm_bias_customIfEvPhS0_S0_S0_S0_mmjff,_Z24add_rms_norm_bias_customIfEvPhS0_S0_S0_S0_mmjff,dynamic,AI_VECTOR_CORE,1791437215074216.912	,3.060,89.800000,16,0,NO,N/A,N/A,N/A,N/A,N/A,N/A,N/A
2,4294967295,855,13,_Z24add_rms_norm_bias_customIfEvPhS0_S0_S0_S0_mmjff,_Z24add_rms_norm_bias_customIfEvPhS0_S0_S0_S0_mmjff,dynamic,AI_VECTOR_CORE,1791437215074306.936	,3.340,86.940000,16,0,NO,N/A,N/A,N/A,N/A,N/A,N/A,N/A
2,4294967295,858,13,_Z24add_rms_norm_bias_customIfEvPhS0_S0_S0_S0_mmjff,_Z24add_rms_norm_bias_customIfEvPhS0_S0_S0_S0_mmjff,dynamic,AI_VECTOR_CORE,1791437215074410.396	,3.760,100.160000,16,0,NO,N/A,N/A,N/A,N/A,N/A,N/A,N/A
2,4294967295,861,13,_Z24add_rms_norm_bias_customIfEvPhS0_S0_S0_S0_mmjff,_Z24add_rms_norm_bias_customIfEvPhS0_S0_S0_S0_mmjff,dynamic,AI_VECTOR_CORE,1791437215074520.640	,5.380,106.490000,16,0,NO,N/A,N/A,N/A,N/A,N/A,N/A,N/A
2,4294967295,864,13,_Z24add_rms_norm_bias_customIfEvPhS0_S0_S0_S0_mmjff,_Z24add_rms_norm_bias_customIfEvPhS0_S0_S0_S0_mmjff,dynamic,AI_VECTOR_CORE,1791437215074603.220	,5.640,77.120000,16,0,NO,N/A,N/A,N/A,N/A,N/A,N/A,N/A
2,4294967295,867,13,_Z24add_rms_norm_bias_customIfEvPhS0_S0_S0_S0_mmjff,_Z24add_rms_norm_bias_customIfEvPhS0_S0_S0_S0_mmjff,dynamic,AI_VECTOR_CORE,1791437215074739.844	,3.960,130.860000,16,0,NO,N/A,N/A,N/A,N/A,N/A,N/A,N/A
2,4294967295,870,13,_Z24add_rms_norm_bias_customIfEvPhS0_S0_S0_S0_mmjff,_Z24add_rms_norm_bias_customIfEvPhS0_S0_S0_S0_mmjff,dynamic,AI_VECTOR_CORE,1791437215074830.624	,3.020,86.790000,16,0,NO,N/A,N/A,N/A,N/A,N/A,N/A,N/A
2,4294967295,873,13,_Z24add_rms_norm_bias_customIfEvPhS0_S0_S0_S0_mmjff,_Z24add_rms_norm_bias_customIfEvPhS0_S0_S0_S0_mmjff,dynamic,AI_VECTOR_CORE,1791437215074930.788	,3.920,97.230000,16,0,NO,N/A,N/A,N/A,N/A,N/A,N/A,N/A
2,4294967295,876,13,_Z24add_rms_norm_bias_customIfEvPhS0_S0_S0_S0_mmjff,_Z24add_rms_norm_bias_customIfEvPhS0_S0_S0_S0_mmjff,dynamic,AI_VECTOR_CORE,1791437215075021.748	,3.760,87.080000,16,0,NO,N/A,N/A,N/A,N/A,N/A,N/A,N/A
2,4294967295,878,13,_Z24add_rms_norm_bias_customIfEvPhS0_S0_S0_S0_mmjff,_Z24add_rms_norm_bias_customIfEvPhS0_S0_S0_S0_mmjff,dynamic,AI_VECTOR_CORE,1791437215075443.916	,1.740,418.490000,1,0,NO,N/A,N/A,N/A,N/A,N/A,N/A,N/A
2,4294967295,879,13,_Z24add_rms_norm_bias_customIfEvPhS0_S0_S0_S0_mmjff,_Z24add_rms_norm_bias_customIfEvPhS0_S0_S0_S0_mmjff,dynamic,AI_VECTOR_CORE,1791437215075495.480	,1.600,49.760000,1,0,NO,N/A,N/A,N/A,N/A,N/A,N/A,N/A
2,4294967295,880,13,_Z24add_rms_norm_bias_customIfEvPhS0_S0_S0_S0_mmjff,_Z24add_rms_norm_bias_customIfEvPhS0_S0_S0_S0_mmjff,dynamic,AI_VECTOR_CORE,1791437215075518.940	,1.600,21.900000,1,0,NO,N/A,N/A,N/A,N/A,N/A,N/A,N/A
2,4294967295,881,13,_Z24add_rms_norm_bias_customIfEvPhS0_S0_S0_S0_mmjff,_Z24add_rms_norm_bias_customIfEvPhS0_S0_S0_S0_mmjff,dynamic,AI_VECTOR_CORE,1791437215075547.700	,1.640,27.150000,1,0,NO,N/A,N/A,N/A,N/A,N/A,N/A,N/A
2,4294967295,882,13,_Z24add_rms_norm_bias_customIfEvPhS0_S0_S0_S0_mmjff,_Z24add_rms_norm_bias_customIfEvPhS0_S0_S0_S0_mmjff,dynamic,AI_VECTOR_CORE,1791437215075575.360	,1.680,25.860000,1,0,NO,N/A,N/A,N/A,N/A,N/A,N/A,N/A
2,4294967295,883,13,_Z24add_rms_norm_bias_customIfEvPhS0_S0_S0_S0_mmjff,_Z24add_rms_norm_bias_customIfEvPhS0_S0_S0_S0_mmjff,dynamic,AI_VECTOR_CORE,1791437215075604.480	,1.820,27.570000,1,0,NO,N/A,N/A,N/A,N/A,N/A,N/A,N/A
2,4294967295,884,13,_Z24add_rms_norm_bias_customIfEvPhS0_S0_S0_S0_mmjff,_Z24add_rms_norm_bias_customIfEvPhS0_S0_S0_S0_mmjff,dynamic,AI_VECTOR_CORE,1791437215075625.180	,1.660,18.930000,1,0,NO,N/A,N/A,N/A,N/A,N/A,N/A,N/A
2,4294967295,885,13,_Z24add_rms_norm_bias_customIfEvPhS0_S0_S0_S0_mmjff,_Z24add_rms_norm_bias_customIfEvPhS0_S0_S0_S0_mmjff,dynamic,AI_VECTOR_CORE,1791437215075652.660	,1.620,25.840000,1,0,NO,N/A,N/A,N/A,N/A,N/A,N/A,N/A
2,4294967295,886,13,_Z24add_rms_norm_bias_customIfEvPhS0_S0_S0_S0_mmjff,_Z24add_rms_norm_bias_customIfEvPhS0_S0_S0_S0_mmjff,dynamic,AI_VECTOR_CORE,1791437215075714.264	,1.660,59.880000,1,0,NO,N/A,N/A,N/A,N/A,N/A,N/A,N/A
2,4294967295,887,13,_Z24add_rms_norm_bias_customIfEvPhS0_S0_S0_S0_mmjff,_Z24add_rms_norm_bias_customIfEvPhS0_S0_S0_S0_mmjff,dynamic,AI_VECTOR_CORE,1791437215075754.244	,1.660,38.340000,1,0,NO,N/A,N/A,N/A,N/A,N/A,N/A,N/A
2,4294967295,888,13,_Z24add_rms_norm_bias_customIfEvPhS0_S0_S0_S0_mmjff,_Z24add_rms_norm_bias_customIfEvPhS0_S0_S0_S0_mmjff,dynamic,AI_VECTOR_CORE,1791437215075773.884	,1.660,18.090000,1,0,NO,N/A,N/A,N/A,N/A,N/A,N/A,N/A
2,4294967295,889,13,_Z24add_rms_norm_bias_customIfEvPhS0_S0_S0_S0_mmjff,_Z24add_rms_norm_bias_customIfEvPhS0_S0_S0_S0_mmjff,dynamic,AI_VECTOR_CORE,1791437215075832.764	,1.680,57.090000,1,0,NO,N/A,N/A,N/A,N/A,N/A,N/A,N/A
2,4294967295,891,13,_Z24add_rms_norm_bias_customIfEvPhS0_S0_S0_S0_mmjff,_Z24add_rms_norm_bias_customIfEvPhS0_S0_S0_S0_mmjff,dynamic,AI_VECTOR_CORE,1791437215075926.388	,1.680,92.070000,1,0,NO,N/A,N/A,N/A,N/A,N/A,N/A,N/A
2,4294967295,892,13,_Z24add_rms_norm_bias_customIfEvPhS0_S0_S0_S0_mmjff,_Z24add_rms_norm_bias_customIfEvPhS0_S0_S0_S0_mmjff,dynamic,AI_VECTOR_CORE,1791437215075990.048	,1.660,61.820000,1,0,NO,N/A,N/A,N/A,N/A,N/A,N/A,N/A
2,4294967295,894,13,_Z24add_rms_norm_bias_customIfEvPhS0_S0_S0_S0_mmjff,_Z24add_rms_norm_bias_customIfEvPhS0_S0_S0_S0_mmjff,dynamic,AI_VECTOR_CORE,1791437215076075.388	,1.680,83.840000,1,0,NO,N/A,N/A,N/A,N/A,N/A,N/A,N/A
2,4294967295,895,13,_Z24add_rms_norm_bias_customIfEvPhS0_S0_S0_S0_mmjff,_Z24add_rms_norm_bias_customIfEvPhS0_S0_S0_S0_mmjff,dynamic,AI_VECTOR_CORE,1791437215076116.032	,1.700,38.820000,1,0,NO,N/A,N/A,N/A,N/A,N/A,N/A,N/A
2,4294967295,896,13,_Z24add_rms_norm_bias_customIfEvPhS0_S0_S0_S0_mmjff,_Z24add_rms_norm_bias_customIfEvPhS0_S0_S0_S0_mmjff,dynamic,AI_VECTOR_CORE,1791437215076139.652	,1.760,22.050000,1,0,NO,N/A,N/A,N/A,N/A,N/A,N/A,N/A
2,4294967295,897,13,_Z24add_rms_norm_bias_customIfEvPhS0_S0_S0_S0_mmjff,_Z24add_rms_norm_bias_customIfEvPhS0_S0_S0_S0_mmjff,dynamic,AI_VECTOR_CORE,1791437215076160.412	,1.680,18.990000,1,0,NO,N/A,N/A,N/A,N/A,N/A,N/A,N/A
2,4294967295,898,13,_Z24add_rms_norm_bias_customIfEvPhS0_S0_S0_S0_mmjff,_Z24add_rms_norm_bias_customIfEvPhS0_S0_S0_S0_mmjff,dynamic,AI_VECTOR_CORE,1791437215076193.992	,1.700,31.820000,1,0,NO,N/A,N/A,N/A,N/A,N/A,N/A,N/A
2,4294967295,899,13,_Z24add_rms_norm_bias_customIfEvPhS0_S0_S0_S0_mmjff,_Z24add_rms_norm_bias_customIfEvPhS0_S0_S0_S0_mmjff,dynamic,AI_VECTOR_CORE,1791437215076236.092	,1.700,40.300000,1,0,NO,N/A,N/A,N/A,N/A,N/A,N/A,N/A
2,4294967295,900,13,_Z24add_rms_norm_bias_customIfEvPhS0_S0_S0_S0_mmjff,_Z24add_rms_norm_bias_customIfEvPhS0_S0_S0_S0_mmjff,dynamic,AI_VECTOR_CORE,1791437215076258.112	,1.700,20.300000,1,0,NO,N/A,N/A,N/A,N/A,N/A,N/A,N/A
2,4294967295,901,13,_Z24add_rms_norm_bias_customIfEvPhS0_S0_S0_S0_mmjff,_Z24add_rms_norm_bias_customIfEvPhS0_S0_S0_S0_mmjff,dynamic,AI_VECTOR_CORE,1791437215076279.712	,1.700,20.050000,1,0,NO,N/A,N/A,N/A,N/A,N/A,N/A,N/A
2,4294967295,902,13,_Z24add_rms_norm_bias_customIfEvPhS0_S0_S0_S0_mmjff,_Z24add_rms_norm_bias_customIfEvPhS0_S0_S0_S0_mmjff,dynamic,AI_VECTOR_CORE,1791437215076306.596	,1.840,25.050000,1,0,NO,N/A,N/A,N/A,N/A,N/A,N/A,N/A
2,4294967295,903,13,_Z24add_rms_norm_bias_customIfEvPhS0_S0_S0_S0_mmjff,_Z24add_rms_norm_bias_customIfEvPhS0_S0_S0_S0_mmjff,dynamic,AI_VECTOR_CORE,1791437215076326.996	,1.760,18.660000,1,0,NO,N/A,N/A,N/A,N/A,N/A,N/A,N/A
2,4294967295,904,13,_Z24add_rms_norm_bias_customIfEvPhS0_S0_S0_S0_mmjff,_Z24add_rms_norm_bias_customIfEvPhS0_S0_S0_S0_mmjff,dynamic,AI_VECTOR_CORE,1791437215076375.316	,2.540,46.490000,1,0,NO,N/A,N/A,N/A,N/A,N/A,N/A,N/A
2,4294967295,905,13,_Z24add_rms_norm_bias_customIfEvPhS0_S0_S0_S0_mmjff,_Z24add_rms_norm_bias_customIfEvPhS0_S0_S0_S0_mmjff,dynamic,AI_VECTOR_CORE,1791437215076404.496	,2.300,26.710000,1,0,NO,N/A,N/A,N/A,N/A,N/A,N/A,N/A
2,4294967295,906,13,_Z24add_rms_norm_bias_customIfEvPhS0_S0_S0_S0_mmjff,_Z24add_rms_norm_bias_customIfEvPhS0_S0_S0_S0_mmjff,dynamic,AI_VECTOR_CORE,1791437215076425.696	,2.240,18.950000,1,0,NO,N/A,N/A,N/A,N/A,N/A,N/A,N/A
2,4294967295,907,13,_Z24add_rms_norm_bias_customIfEvPhS0_S0_S0_S0_mmjff,_Z24add_rms_norm_bias_customIfEvPhS0_S0_S0_S0_mmjff,dynamic,AI_VECTOR_CORE,1791437215076454.136	,2.160,26.260000,1,0,NO,N/A,N/A,N/A,N/A,N/A,N/A,N/A
2,4294967295,908,13,_Z24add_rms_norm_bias_customIfEvPhS0_S0_S0_S0_mmjff,_Z24add_rms_norm_bias_customIfEvPhS0_S0_S0_S0_mmjff,dynamic,AI_VECTOR_CORE,1791437215076477.516	,2.180,21.090000,1,0,NO,N/A,N/A,N/A,N/A,N/A,N/A,N/A
2,4294967295,909,13,_Z24add_rms_norm_bias_customIfEvPhS0_S0_S0_S0_mmjff,_Z24add_rms_norm_bias_customIfEvPhS0_S0_S0_S0_mmjff,dynamic,AI_VECTOR_CORE,1791437215076498.040	,2.300,18.320000,1,0,NO,N/A,N/A,N/A,N/A,N/A,N/A,N/A
2,4294967295,910,13,_Z24add_rms_norm_bias_customIfEvPhS0_S0_S0_S0_mmjff,_Z24add_rms_norm_bias_customIfEvPhS0_S0_S0_S0_mmjff,dynamic,AI_VECTOR_CORE,1791437215076519.220	,2.240,18.950000,1,0,NO,N/A,N/A,N/A,N/A,N/A,N/A,N/A
2,4294967295,911,13,_Z24add_rms_norm_bias_customIfEvPhS0_S0_S0_S0_mmjff,_Z24add_rms_norm_bias_customIfEvPhS0_S0_S0_S0_mmjff,dynamic,AI_VECTOR_CORE,1791437215076548.840	,2.280,27.260000,1,0,NO,N/A,N/A,N/A,N/A,N/A,N/A,N/A
2,4294967295,912,13,_Z24add_rms_norm_bias_customIfEvPhS0_S0_S0_S0_mmjff,_Z24add_rms_norm_bias_customIfEvPhS0_S0_S0_S0_mmjff,dynamic,AI_VECTOR_CORE,1791437215076568.500	,2.260,17.470000,1,0,NO,N/A,N/A,N/A,N/A,N/A,N/A,N/A
2,4294967295,913,13,_Z24add_rms_norm_bias_customIfEvPhS0_S0_S0_S0_mmjff,_Z24add_rms_norm_bias_customIfEvPhS0_S0_S0_S0_mmjff,dynamic,AI_VECTOR_CORE,1791437215076610.820	,2.280,39.990000,1,0,NO,N/A,N/A,N/A,N/A,N/A,N/A,N/A
2,4294967295,914,13,_Z24add_rms_norm_bias_customIfEvPhS0_S0_S0_S0_mmjff,_Z24add_rms_norm_bias_customIfEvPhS0_S0_S0_S0_mmjff,dynamic,AI_VECTOR_CORE,1791437215076637.880	,2.480,24.970000,1,0,NO,N/A,N/A,N/A,N/A,N/A,N/A,N/A
2,4294967295,915,13,_Z24add_rms_norm_bias_customIfEvPhS0_S0_S0_S0_mmjff,_Z24add_rms_norm_bias_customIfEvPhS0_S0_S0_S0_mmjff,dynamic,AI_VECTOR_CORE,1791437215076678.120	,2.320,37.520000,1,0,NO,N/A,N/A,N/A,N/A,N/A,N/A,N/A
2,4294967295,917,13,_Z24add_rms_norm_bias_customIfEvPhS0_S0_S0_S0_mmjff,_Z24add_rms_norm_bias_customIfEvPhS0_S0_S0_S0_mmjff,dynamic,AI_VECTOR_CORE,1791437215076751.164	,2.360,70.930000,1,0,NO,N/A,N/A,N/A,N/A,N/A,N/A,N/A
2,4294967295,918,13,_Z24add_rms_norm_bias_customIfEvPhS0_S0_S0_S0_mmjff,_Z24add_rms_norm_bias_customIfEvPhS0_S0_S0_S0_mmjff,dynamic,AI_VECTOR_CORE,1791437215076802.224	,2.240,48.640000,1,0,NO,N/A,N/A,N/A,N/A,N/A,N/A,N/A
2,4294967295,919,13,_Z24add_rms_norm_bias_customIfEvPhS0_S0_S0_S0_mmjff,_Z24add_rms_norm_bias_customIfEvPhS0_S0_S0_S0_mmjff,dynamic,AI_VECTOR_CORE,1791437215076831.204	,2.280,26.760000,1,0,NO,N/A,N/A,N/A,N/A,N/A,N/A,N/A
2,4294967295,920,13,_Z24add_rms_norm_bias_customIfEvPhS0_S0_S0_S0_mmjff,_Z24add_rms_norm_bias_customIfEvPhS0_S0_S0_S0_mmjff,dynamic,AI_VECTOR_CORE,1791437215076862.524	,2.320,28.970000,1,0,NO,N/A,N/A,N/A,N/A,N/A,N/A,N/A
2,4294967295,921,13,_Z24add_rms_norm_bias_customIfEvPhS0_S0_S0_S0_mmjff,_Z24add_rms_norm_bias_customIfEvPhS0_S0_S0_S0_mmjff,dynamic,AI_VECTOR_CORE,1791437215076888.544	,2.364,23.680000,1,0,NO,N/A,N/A,N/A,N/A,N/A,N/A,N/A
2,4294967295,922,13,_Z24add_rms_norm_bias_customIfEvPhS0_S0_S0_S0_mmjff,_Z24add_rms_norm_bias_customIfEvPhS0_S0_S0_S0_mmjff,dynamic,AI_VECTOR_CORE,1791437215076910.128	,2.360,19.386000,1,0,NO,N/A,N/A,N/A,N/A,N/A,N/A,N/A
2,4294967295,923,13,_Z24add_rms_norm_bias_customIfEvPhS0_S0_S0_S0_mmjff,_Z24add_rms_norm_bias_customIfEvPhS0_S0_S0_S0_mmjff,dynamic,AI_VECTOR_CORE,1791437215076931.388	,2.420,18.890000,1,0,NO,N/A,N/A,N/A,N/A,N/A,N/A,N/A
2,4294967295,924,13,_Z24add_rms_norm_bias_customIfEvPhS0_S0_S0_S0_mmjff,_Z24add_rms_norm_bias_customIfEvPhS0_S0_S0_S0_mmjff,dynamic,AI_VECTOR_CORE,1791437215076952.528	,2.360,18.580000,1,0,NO,N/A,N/A,N/A,N/A,N/A,N/A,N/A
2,4294967295,925,13,_Z24add_rms_norm_bias_customIfEvPhS0_S0_S0_S0_mmjff,_Z24add_rms_norm_bias_customIfEvPhS0_S0_S0_S0_mmjff,dynamic,AI_VECTOR_CORE,1791437215076982.828	,2.320,27.890000,1,0,NO,N/A,N/A,N/A,N/A,N/A,N/A,N/A
2,4294967295,926,13,_Z24add_rms_norm_bias_customIfEvPhS0_S0_S0_S0_mmjff,_Z24add_rms_norm_bias_customIfEvPhS0_S0_S0_S0_mmjff,dynamic,AI_VECTOR_CORE,1791437215077006.468	,2.320,21.430000,1,0,NO,N/A,N/A,N/A,N/A,N/A,N/A,N/A
2,4294967295,927,13,_Z24add_rms_norm_bias_customIfEvPhS0_S0_S0_S0_mmjff,_Z24add_rms_norm_bias_customIfEvPhS0_S0_S0_S0_mmjff,dynamic,AI_VECTOR_CORE,1791437215077031.388	,2.380,22.680000,1,0,NO,N/A,N/A,N/A,N/A,N/A,N/A,N/A
2,4294967295,928,13,_Z24add_rms_norm_bias_customIfEvPhS0_S0_S0_S0_mmjff,_Z24add_rms_norm_bias_customIfEvPhS0_S0_S0_S0_mmjff,dynamic,AI_VECTOR_CORE,1791437215077059.128	,2.500,25.370000,1,0,NO,N/A,N/A,N/A,N/A,N/A,N/A,N/A
2,4294967295,929,13,_Z24add_rms_norm_bias_customIfEvPhS0_S0_S0_S0_mmjff,_Z24add_rms_norm_bias_customIfEvPhS0_S0_S0_S0_mmjff,dynamic,AI_VECTOR_CORE,1791437215077094.652	,2.340,33.000000,1,0,NO,N/A,N/A,N/A,N/A,N/A,N/A,N/A
2,4294967295,930,13,_Z24add_rms_norm_bias_customIfEvPhS0_S0_S0_S0_mmjff,_Z24add_rms_norm_bias_customIfEvPhS0_S0_S0_S0_mmjff,dynamic,AI_VECTOR_CORE,1791437215077124.252	,2.400,27.160000,1,0,NO,N/A,N/A,N/A,N/A,N/A,N/A,N/A
2,4294967295,931,13,_Z24add_rms_norm_bias_customIfEvPhS0_S0_S0_S0_mmjff,_Z24add_rms_norm_bias_customIfEvPhS0_S0_S0_S0_mmjff,dynamic,AI_VECTOR_CORE,1791437215077170.592	,2.420,43.850000,1,0,NO,N/A,N/A,N/A,N/A,N/A,N/A,N/A
2,4294967295,933,13,_Z24add_rms_norm_bias_customIfEvPhS0_S0_S0_S0_mmjff,_Z24add_rms_norm_bias_customIfEvPhS0_S0_S0_S0_mmjff,dynamic,AI_VECTOR_CORE,1791437215077255.072	,2.480,82.080000,1,0,NO,N/A,N/A,N/A,N/A,N/A,N/A,N/A
2,4294967295,934,13,_Z24add_rms_norm_bias_customIfEvPhS0_S0_S0_S0_mmjff,_Z24add_rms_norm_bias_customIfEvPhS0_S0_S0_S0_mmjff,dynamic,AI_VECTOR_CORE,1791437215077292.276	,2.320,34.770000,1,0,NO,N/A,N/A,N/A,N/A,N/A,N/A,N/A
2,4294967295,935,13,_Z24add_rms_norm_bias_customIfEvPhS0_S0_S0_S0_mmjff,_Z24add_rms_norm_bias_customIfEvPhS0_S0_S0_S0_mmjff,dynamic,AI_VECTOR_CORE,1791437215077315.236	,1.560,20.680000,1,0,NO,N/A,N/A,N/A,N/A,N/A,N/A,N/A
2,4294967295,936,13,_Z24add_rms_norm_bias_customIfEvPhS0_S0_S0_S0_mmjff,_Z24add_rms_norm_bias_customIfEvPhS0_S0_S0_S0_mmjff,dynamic,AI_VECTOR_CORE,1791437215077349.136	,1.460,32.440000,1,0,NO,N/A,N/A,N/A,N/A,N/A,N/A,N/A
2,4294967295,937,13,_Z24add_rms_norm_bias_customIfEvPhS0_S0_S0_S0_mmjff,_Z24add_rms_norm_bias_customIfEvPhS0_S0_S0_S0_mmjff,dynamic,AI_VECTOR_CORE,1791437215077374.116	,1.460,23.290000,1,0,NO,N/A,N/A,N/A,N/A,N/A,N/A,N/A
2,4294967295,938,13,_Z24add_rms_norm_bias_customIfEvPhS0_S0_S0_S0_mmjff,_Z24add_rms_norm_bias_customIfEvPhS0_S0_S0_S0_mmjff,dynamic,AI_VECTOR_CORE,1791437215077406.756	,1.440,31.290000,1,0,NO,N/A,N/A,N/A,N/A,N/A,N/A,N/A
2,4294967295,939,13,_Z24add_rms_norm_bias_customIfEvPhS0_S0_S0_S0_mmjff,_Z24add_rms_norm_bias_customIfEvPhS0_S0_S0_S0_mmjff,dynamic,AI_VECTOR_CORE,1791437215077434.196	,1.420,26.060000,1,0,NO,N/A,N/A,N/A,N/A,N/A,N/A,N/A
2,4294967295,940,13,_Z24add_rms_norm_bias_customIfEvPhS0_S0_S0_S0_mmjff,_Z24add_rms_norm_bias_customIfEvPhS0_S0_S0_S0_mmjff,dynamic,AI_VECTOR_CORE,1791437215077465.536	,1.440,29.830000,1,0,NO,N/A,N/A,N/A,N/A,N/A,N/A,N/A
2,4294967295,941,13,_Z24add_rms_norm_bias_customIfEvPhS0_S0_S0_S0_mmjff,_Z24add_rms_norm_bias_customIfEvPhS0_S0_S0_S0_mmjff,dynamic,AI_VECTOR_CORE,1791437215077484.996	,1.460,18.060000,1,0,NO,N/A,N/A,N/A,N/A,N/A,N/A,N/A
2,4294967295,943,13,_Z24add_rms_norm_bias_customIfEvPhS0_S0_S0_S0_mmjff,_Z24add_rms_norm_bias_customIfEvPhS0_S0_S0_S0_mmjff,dynamic,AI_VECTOR_CORE,1791437215077540.800	,1.460,54.290000,1,0,NO,N/A,N/A,N/A,N/A,N/A,N/A,N/A
2,4294967295,946,13,_Z24add_rms_norm_bias_customIfEvPhS0_S0_S0_S0_mmjff,_Z24add_rms_norm_bias_customIfEvPhS0_S0_S0_S0_mmjff,dynamic,AI_VECTOR_CORE,1791437215077627.980	,2.460,85.790000,1,0,NO,N/A,N/A,N/A,N/A,N/A,N/A,N/A
2,4294967295,949,13,_Z24add_rms_norm_bias_customIfEvPhS0_S0_S0_S0_mmjff,_Z24add_rms_norm_bias_customIfEvPhS0_S0_S0_S0_mmjff,dynamic,AI_VECTOR_CORE,1791437215077747.784	,2.320,117.290000,1,0,NO,N/A,N/A,N/A,N/A,N/A,N/A,N/A
2,4294967295,952,13,_Z24add_rms_norm_bias_customIfEvPhS0_S0_S0_S0_mmjff,_Z24add_rms_norm_bias_customIfEvPhS0_S0_S0_S0_mmjff,dynamic,AI_VECTOR_CORE,1791437215077853.004	,2.480,102.930000,1,0,NO,N/A,N/A,N/A,N/A,N/A,N/A,N/A
2,4294967295,955,13,_Z24add_rms_norm_bias_customIfEvPhS0_S0_S0_S0_mmjff,_Z24add_rms_norm_bias_customIfEvPhS0_S0_S0_S0_mmjff,dynamic,AI_VECTOR_CORE,1791437215077932.508	,2.320,77.020000,1,0,NO,N/A,N/A,N/A,N/A,N/A,N/A,N/A
2,4294967295,958,13,_Z24add_rms_norm_bias_customIfEvPhS0_S0_S0_S0_mmjff,_Z24add_rms_norm_bias_customIfEvPhS0_S0_S0_S0_mmjff,dynamic,AI_VECTOR_CORE,1791437215078044.508	,2.300,109.680000,1,0,NO,N/A,N/A,N/A,N/A,N/A,N/A,N/A
2,4294967295,961,13,_Z24add_rms_norm_bias_customIfEvPhS0_S0_S0_S0_mmjff,_Z24add_rms_norm_bias_customIfEvPhS0_S0_S0_S0_mmjff,dynamic,AI_VECTOR_CORE,1791437215078139.752	,1.460,92.950000,1,0,NO,N/A,N/A,N/A,N/A,N/A,N/A,N/A
2,4294967295,964,13,_Z24add_rms_norm_bias_customIfEvPhS0_S0_S0_S0_mmjff,_Z24add_rms_norm_bias_customIfEvPhS0_S0_S0_S0_mmjff,dynamic,AI_VECTOR_CORE,1791437215078246.032	,1.480,104.790000,1,0,NO,N/A,N/A,N/A,N/A,N/A,N/A,N/A
2,4294967295,967,13,_Z24add_rms_norm_bias_customIfEvPhS0_S0_S0_S0_mmjff,_Z24add_rms_norm_bias_customIfEvPhS0_S0_S0_S0_mmjff,dynamic,AI_VECTOR_CORE,1791437215078330.556	,1.740,83.020000,1,0,NO,N/A,N/A,N/A,N/A,N/A,N/A,N/A
2,4294967295,970,13,_Z24add_rms_norm_bias_customIfEvPhS0_S0_S0_S0_mmjff,_Z24add_rms_norm_bias_customIfEvPhS0_S0_S0_S0_mmjff,dynamic,AI_VECTOR_CORE,1791437215078432.556	,1.560,100.260000,1,0,NO,N/A,N/A,N/A,N/A,N/A,N/A,N/A
2,4294967295,973,13,_Z24add_rms_norm_bias_customIfEvPhS0_S0_S0_S0_mmjff,_Z24add_rms_norm_bias_customIfEvPhS0_S0_S0_S0_mmjff,dynamic,AI_VECTOR_CORE,1791437215078534.180	,2.620,100.190000,1,0,NO,N/A,N/A,N/A,N/A,N/A,N/A,N/A
2,4294967295,976,13,_Z24add_rms_norm_bias_customIfEvPhS0_S0_S0_S0_mmjff,_Z24add_rms_norm_bias_customIfEvPhS0_S0_S0_S0_mmjff,dynamic,AI_VECTOR_CORE,1791437215078636.980	,1.560,100.130000,1,0,NO,N/A,N/A,N/A,N/A,N/A,N/A,N/A
2,4294967295,979,13,_Z24add_rms_norm_bias_customIfEvPhS0_S0_S0_S0_mmjff,_Z24add_rms_norm_bias_customIfEvPhS0_S0_S0_S0_mmjff,dynamic,AI_VECTOR_CORE,1791437215078739.284	,1.560,100.690000,1,0,NO,N/A,N/A,N/A,N/A,N/A,N/A,N/A
2,4294967295,982,13,_Z24add_rms_norm_bias_customIfEvPhS0_S0_S0_S0_mmjff,_Z24add_rms_norm_bias_customIfEvPhS0_S0_S0_S0_mmjff,dynamic,AI_VECTOR_CORE,1791437215078837.804	,1.520,96.940000,1,0,NO,N/A,N/A,N/A,N/A,N/A,N/A,N/A
2,4294967295,985,13,_Z24add_rms_norm_bias_customIfEvPhS0_S0_S0_S0_mmjff,_Z24add_rms_norm_bias_customIfEvPhS0_S0_S0_S0_mmjff,dynamic,AI_VECTOR_CORE,1791437215078934.388	,1.420,95.230000,1,0,NO,N/A,N/A,N/A,N/A,N/A,N/A,N/A
2,4294967295,988,13,_Z24add_rms_norm_bias_customIfEvPhS0_S0_S0_S0_mmjff,_Z24add_rms_norm_bias_customIfEvPhS0_S0_S0_S0_mmjff,dynamic,AI_VECTOR_CORE,1791437215079047.368	,2.260,111.330000,1,0,NO,N/A,N/A,N/A,N/A,N/A,N/A,N/A
2,4294967295,991,13,_Z24add_rms_norm_bias_customIfEvPhS0_S0_S0_S0_mmjff,_Z24add_rms_norm_bias_customIfEvPhS0_S0_S0_S0_mmjff,dynamic,AI_VECTOR_CORE,1791437215079148.552	,1.460,98.990000,1,0,NO,N/A,N/A,N/A,N/A,N/A,N/A,N/A
2,4294967295,994,13,_Z24add_rms_norm_bias_customIfEvPhS0_S0_S0_S0_mmjff,_Z24add_rms_norm_bias_customIfEvPhS0_S0_S0_S0_mmjff,dynamic,AI_VECTOR_CORE,1791437215079240.032	,2.440,90.040000,1,0,NO,N/A,N/A,N/A,N/A,N/A,N/A,N/A
2,4294967295,997,13,_Z24add_rms_norm_bias_customIfEvPhS0_S0_S0_S0_mmjff,_Z24add_rms_norm_bias_customIfEvPhS0_S0_S0_S0_mmjff,dynamic,AI_VECTOR_CORE,1791437215079331.176	,2.440,88.810000,1,0,NO,N/A,N/A,N/A,N/A,N/A,N/A,N/A
2,4294967295,1000,13,_Z24add_rms_norm_bias_customIfEvPhS0_S0_S0_S0_mmjff,_Z24add_rms_norm_bias_customIfEvPhS0_S0_S0_S0_mmjff,dynamic,AI_VECTOR_CORE,1791437215079454.576	,2.400,120.810000,1,0,NO,N/A,N/A,N/A,N/A,N/A,N/A,N/A
2,4294967295,1003,13,_Z24add_rms_norm_bias_customIfEvPhS0_S0_S0_S0_mmjff,_Z24add_rms_norm_bias_customIfEvPhS0_S0_S0_S0_mmjff,dynamic,AI_VECTOR_CORE,1791437215079560.220	,1.440,103.350000,1,0,NO,N/A,N/A,N/A,N/A,N/A,N/A,N/A
2,4294967295,1006,13,_Z24add_rms_norm_bias_customIfEvPhS0_S0_S0_S0_mmjff,_Z24add_rms_norm_bias_customIfEvPhS0_S0_S0_S0_mmjff,dynamic,AI_VECTOR_CORE,1791437215079674.760	,1.420,113.060000,1,0,NO,N/A,N/A,N/A,N/A,N/A,N/A,N/A
2,4294967295,1009,13,_Z24add_rms_norm_bias_customIfEvPhS0_S0_S0_S0_mmjff,_Z24add_rms_norm_bias_customIfEvPhS0_S0_S0_S0_mmjff,dynamic,AI_VECTOR_CORE,1791437215079806.604	,2.300,130.330000,1,0,NO,N/A,N/A,N/A,N/A,N/A,N/A,N/A
2,4294967295,1012,13,_Z24add_rms_norm_bias_customIfEvPhS0_S0_S0_S0_mmjff,_Z24add_rms_norm_bias_customIfEvPhS0_S0_S0_S0_mmjff,dynamic,AI_VECTOR_CORE,1791437215079906.388	,1.580,97.700000,1,0,NO,N/A,N/A,N/A,N/A,N/A,N/A,N/A
2,4294967295,1015,13,_Z24add_rms_norm_bias_customIfEvPhS0_S0_S0_S0_mmjff,_Z24add_rms_norm_bias_customIfEvPhS0_S0_S0_S0_mmjff,dynamic,AI_VECTOR_CORE,1791437215080003.028	,1.420,94.920000,1,0,NO,N/A,N/A,N/A,N/A,N/A,N/A,N/A
2,4294967295,1018,13,_Z24add_rms_norm_bias_customIfEvPhS0_S0_S0_S0_mmjff,_Z24add_rms_norm_bias_customIfEvPhS0_S0_S0_S0_mmjff,dynamic,AI_VECTOR_CORE,1791437215080095.932	,2.376,91.580000,1,0,NO,N/A,N/A,N/A,N/A,N/A,N/A,N/A
2,4294967295,1021,13,_Z24add_rms_norm_bias_customIfEvPhS0_S0_S0_S0_mmjff,_Z24add_rms_norm_bias_customIfEvPhS0_S0_S0_S0_mmjff,dynamic,AI_VECTOR_CORE,1791437215080182.912	,2.360,84.624000,1,0,NO,N/A,N/A,N/A,N/A,N/A,N/A,N/A
2,4294967295,1024,13,_Z24add_rms_norm_bias_customIfEvPhS0_S0_S0_S0_mmjff,_Z24add_rms_norm_bias_customIfEvPhS0_S0_S0_S0_mmjff,dynamic,AI_VECTOR_CORE,1791437215080292.876	,2.440,107.640000,1,0,NO,N/A,N/A,N/A,N/A,N/A,N/A,N/A
2,4294967295,1027,13,_Z24add_rms_norm_bias_customIfEvPhS0_S0_S0_S0_mmjff,_Z24add_rms_norm_bias_customIfEvPhS0_S0_S0_S0_mmjff,dynamic,AI_VECTOR_CORE,1791437215080404.076	,2.400,108.560000,1,0,NO,N/A,N/A,N/A,N/A,N/A,N/A,N/A
2,4294967295,1030,13,_Z24add_rms_norm_bias_customIfEvPhS0_S0_S0_S0_mmjff,_Z24add_rms_norm_bias_customIfEvPhS0_S0_S0_S0_mmjff,dynamic,AI_VECTOR_CORE,1791437215080489.736	,2.440,83.350000,1,0,NO,N/A,N/A,N/A,N/A,N/A,N/A,N/A
2,4294967295,1033,13,_Z24add_rms_norm_bias_customIfEvPhS0_S0_S0_S0_mmjff,_Z24add_rms_norm_bias_customIfEvPhS0_S0_S0_S0_mmjff,dynamic,AI_VECTOR_CORE,1791437215080580.840	,2.660,88.560000,1,0,NO,N/A,N/A,N/A,N/A,N/A,N/A,N/A
2,4294967295,1036,13,_Z24add_rms_norm_bias_customIfEvPhS0_S0_S0_S0_mmjff,_Z24add_rms_norm_bias_customIfEvPhS0_S0_S0_S0_mmjff,dynamic,AI_VECTOR_CORE,1791437215080684.000	,2.360,100.590000,1,0,NO,N/A,N/A,N/A,N/A,N/A,N/A,N/A
2,4294967295,1039,13,_Z24add_rms_norm_bias_customIfEvPhS0_S0_S0_S0_mmjff,_Z24add_rms_norm_bias_customIfEvPhS0_S0_S0_S0_mmjff,dynamic,AI_VECTOR_CORE,1791437215080769.104	,2.380,82.640000,1,0,NO,N/A,N/A,N/A,N/A,N/A,N/A,N/A
2,4294967295,1042,13,_Z24add_rms_norm_bias_customIfEvPhS0_S0_S0_S0_mmjff,_Z24add_rms_norm_bias_customIfEvPhS0_S0_S0_S0_mmjff,dynamic,AI_VECTOR_CORE,1791437215080867.124	,2.320,95.620000,1,0,NO,N/A,N/A,N/A,N/A,N/A,N/A,N/A
2,4294967295,1045,13,_Z24add_rms_norm_bias_customIfEvPhS0_S0_S0_S0_mmjff,_Z24add_rms_norm_bias_customIfEvPhS0_S0_S0_S0_mmjff,dynamic,AI_VECTOR_CORE,1791437215080964.048	,2.300,94.680000,1,0,NO,N/A,N/A,N/A,N/A,N/A,N/A,N/A
2,4294967295,1048,13,_Z24add_rms_norm_bias_customIfEvPhS0_S0_S0_S0_mmjff,_Z24add_rms_norm_bias_customIfEvPhS0_S0_S0_S0_mmjff,dynamic,AI_VECTOR_CORE,1791437215081044.248	,2.380,77.950000,1,0,NO,N/A,N/A,N/A,N/A,N/A,N/A,N/A
2,4294967295,1051,13,_Z24add_rms_norm_bias_customIfEvPhS0_S0_S0_S0_mmjff,_Z24add_rms_norm_bias_customIfEvPhS0_S0_S0_S0_mmjff,dynamic,AI_VECTOR_CORE,1791437215081161.932	,2.420,115.370000,1,0,NO,N/A,N/A,N/A,N/A,N/A,N/A,N/A
2,4294967295,1054,13,_Z24add_rms_norm_bias_customIfEvPhS0_S0_S0_S0_mmjff,_Z24add_rms_norm_bias_customIfEvPhS0_S0_S0_S0_mmjff,dynamic,AI_VECTOR_CORE,1791437215081266.412	,2.440,102.080000,1,0,NO,N/A,N/A,N/A,N/A,N/A,N/A,N/A
2,4294967295,1057,13,_Z24add_rms_norm_bias_customIfEvPhS0_S0_S0_S0_mmjff,_Z24add_rms_norm_bias_customIfEvPhS0_S0_S0_S0_mmjff,dynamic,AI_VECTOR_CORE,1791437215081342.516	,2.440,73.560000,1,0,NO,N/A,N/A,N/A,N/A,N/A,N/A,N/A
2,4294967295,1060,13,_Z24add_rms_norm_bias_customIfEvPhS0_S0_S0_S0_mmjff,_Z24add_rms_norm_bias_customIfEvPhS0_S0_S0_S0_mmjff,dynamic,AI_VECTOR_CORE,1791437215081430.936	,2.420,86.060000,1,0,NO,N/A,N/A,N/A,N/A,N/A,N/A,N/A
2,4294967295,1063,13,_Z24add_rms_norm_bias_customIfEvPhS0_S0_S0_S0_mmjff,_Z24add_rms_norm_bias_customIfEvPhS0_S0_S0_S0_mmjff,dynamic,AI_VECTOR_CORE,1791437215081520.360	,2.380,86.830000,1,0,NO,N/A,N/A,N/A,N/A,N/A,N/A,N/A
2,4294967295,1066,13,_Z24add_rms_norm_bias_customIfEvPhS0_S0_S0_S0_mmjff,_Z24add_rms_norm_bias_customIfEvPhS0_S0_S0_S0_mmjff,dynamic,AI_VECTOR_CORE,1791437215081617.220	,1.500,94.620000,1,0,NO,N/A,N/A,N/A,N/A,N/A,N/A,N/A
2,4294967295,1069,13,_Z24add_rms_norm_bias_customIfEvPhS0_S0_S0_S0_mmjff,_Z24add_rms_norm_bias_customIfEvPhS0_S0_S0_S0_mmjff,dynamic,AI_VECTOR_CORE,1791437215081711.244	,2.480,92.500000,1,0,NO,N/A,N/A,N/A,N/A,N/A,N/A,N/A
2,4294967295,1072,13,_Z24add_rms_norm_bias_customIfEvPhS0_S0_S0_S0_mmjff,_Z24add_rms_norm_bias_customIfEvPhS0_S0_S0_S0_mmjff,dynamic,AI_VECTOR_CORE,1791437215081796.544	,2.500,82.770000,1,0,NO,N/A,N/A,N/A,N/A,N/A,N/A,N/A
2,4294967295,1075,13,_Z24add_rms_norm_bias_customIfEvPhS0_S0_S0_S0_mmjff,_Z24add_rms_norm_bias_customIfEvPhS0_S0_S0_S0_mmjff,dynamic,AI_VECTOR_CORE,1791437215081912.668	,2.520,113.750000,1,0,NO,N/A,N/A,N/A,N/A,N/A,N/A,N/A
2,4294967295,1078,13,_Z24add_rms_norm_bias_customIfEvPhS0_S0_S0_S0_mmjff,_Z24add_rms_norm_bias_customIfEvPhS0_S0_S0_S0_mmjff,dynamic,AI_VECTOR_CORE,1791437215082006.168	,2.480,90.980000,1,0,NO,N/A,N/A,N/A,N/A,N/A,N/A,N/A
2,4294967295,1081,13,_Z24add_rms_norm_bias_customIfEvPhS0_S0_S0_S0_mmjff,_Z24add_rms_norm_bias_customIfEvPhS0_S0_S0_S0_mmjff,dynamic,AI_VECTOR_CORE,1791437215082112.132	,2.500,103.520000,1,0,NO,N/A,N/A,N/A,N/A,N/A,N/A,N/A
2,4294967295,1084,13,_Z24add_rms_norm_bias_customIfEvPhS0_S0_S0_S0_mmjff,_Z24add_rms_norm_bias_customIfEvPhS0_S0_S0_S0_mmjff,dynamic,AI_VECTOR_CORE,1791437215082193.312	,2.620,78.500000,1,0,NO,N/A,N/A,N/A,N/A,N/A,N/A,N/A
2,4294967295,1087,13,_Z24add_rms_norm_bias_customIfEvPhS0_S0_S0_S0_mmjff,_Z24add_rms_norm_bias_customIfEvPhS0_S0_S0_S0_mmjff,dynamic,AI_VECTOR_CORE,1791437215082293.332	,1.464,97.380000,1,0,NO,N/A,N/A,N/A,N/A,N/A,N/A,N/A
2,4294967295,1090,13,_Z24add_rms_norm_bias_customIfEvPhS0_S0_S0_S0_mmjff,_Z24add_rms_norm_bias_customIfEvPhS0_S0_S0_S0_mmjff,dynamic,AI_VECTOR_CORE,1791437215082393.916	,1.440,99.286000,1,0,NO,N/A,N/A,N/A,N/A,N/A,N/A,N/A
2,4294967295,1093,13,_Z24add_rms_norm_bias_customIfEvPhS0_S0_S0_S0_mmjff,_Z24add_rms_norm_bias_customIfEvPhS0_S0_S0_S0_mmjff,dynamic,AI_VECTOR_CORE,1791437215082485.456	,1.440,90.060000,1,0,NO,N/A,N/A,N/A,N/A,N/A,N/A,N/A
2,4294967295,1096,13,_Z24add_rms_norm_bias_customIfEvPhS0_S0_S0_S0_mmjff,_Z24add_rms_norm_bias_customIfEvPhS0_S0_S0_S0_mmjff,dynamic,AI_VECTOR_CORE,1791437215082562.840	,1.480,75.810000,1,0,NO,N/A,N/A,N/A,N/A,N/A,N/A,N/A
2,4294967295,1099,13,_Z24add_rms_norm_bias_customIfEvPhS0_S0_S0_S0_mmjff,_Z24add_rms_norm_bias_customIfEvPhS0_S0_S0_S0_mmjff,dynamic,AI_VECTOR_CORE,1791437215082661.500	,1.500,97.270000,1,0,NO,N/A,N/A,N/A,N/A,N/A,N/A,N/A
2,4294967295,1102,13,_Z24add_rms_norm_bias_customIfEvPhS0_S0_S0_S0_mmjff,_Z24add_rms_norm_bias_customIfEvPhS0_S0_S0_S0_mmjff,dynamic,AI_VECTOR_CORE,1791437215082795.184	,2.360,132.250000,1,0,NO,N/A,N/A,N/A,N/A,N/A,N/A,N/A
2,4294967295,1105,13,_Z24add_rms_norm_bias_customIfEvPhS0_S0_S0_S0_mmjff,_Z24add_rms_norm_bias_customIfEvPhS0_S0_S0_S0_mmjff,dynamic,AI_VECTOR_CORE,1791437215082891.924	,2.280,94.390000,1,0,NO,N/A,N/A,N/A,N/A,N/A,N/A,N/A
2,4294967295,1108,13,_Z24add_rms_norm_bias_customIfEvPhS0_S0_S0_S0_mmjff,_Z24add_rms_norm_bias_customIfEvPhS0_S0_S0_S0_mmjff,dynamic,AI_VECTOR_CORE,1791437215082984.148	,2.260,89.970000,1,0,NO,N/A,N/A,N/A,N/A,N/A,N/A,N/A
2,4294967295,1111,13,_Z24add_rms_norm_bias_customIfEvPhS0_S0_S0_S0_mmjff,_Z24add_rms_norm_bias_customIfEvPhS0_S0_S0_S0_mmjff,dynamic,AI_VECTOR_CORE,1791437215083080.348	,2.160,93.740000,1,0,NO,N/A,N/A,N/A,N/A,N/A,N/A,N/A
2,4294967295,1114,13,_Z24add_rms_norm_bias_customIfEvPhS0_S0_S0_S0_mmjff,_Z24add_rms_norm_bias_customIfEvPhS0_S0_S0_S0_mmjff,dynamic,AI_VECTOR_CORE,1791437215083182.892	,2.280,100.590000,1,0,NO,N/A,N/A,N/A,N/A,N/A,N/A,N/A
2,4294967295,1117,13,_Z24add_rms_norm_bias_customIfEvPhS0_S0_S0_S0_mmjff,_Z24add_rms_norm_bias_customIfEvPhS0_S0_S0_S0_mmjff,dynamic,AI_VECTOR_CORE,1791437215083285.612	,2.340,100.220000,1,0,NO,N/A,N/A,N/A,N/A,N/A,N/A,N/A
2,4294967295,1120,13,_Z24add_rms_norm_bias_customIfEvPhS0_S0_S0_S0_mmjff,_Z24add_rms_norm_bias_customIfEvPhS0_S0_S0_S0_mmjff,dynamic,AI_VECTOR_CORE,1791437215083374.276	,2.340,86.410000,1,0,NO,N/A,N/A,N/A,N/A,N/A,N/A,N/A
2,4294967295,1123,13,_Z24add_rms_norm_bias_customIfEvPhS0_S0_S0_S0_mmjff,_Z24add_rms_norm_bias_customIfEvPhS0_S0_S0_S0_mmjff,dynamic,AI_VECTOR_CORE,1791437215083465.216	,2.540,88.660000,1,0,NO,N/A,N/A,N/A,N/A,N/A,N/A,N/A
2,4294967295,1126,13,_Z24add_rms_norm_bias_customIfEvPhS0_S0_S0_S0_mmjff,_Z24add_rms_norm_bias_customIfEvPhS0_S0_S0_S0_mmjff,dynamic,AI_VECTOR_CORE,1791437215083587.420	,2.560,119.710000,1,0,NO,N/A,N/A,N/A,N/A,N/A,N/A,N/A
2,4294967295,1129,13,_Z24add_rms_norm_bias_customIfEvPhS0_S0_S0_S0_mmjff,_Z24add_rms_norm_bias_customIfEvPhS0_S0_S0_S0_mmjff,dynamic,AI_VECTOR_CORE,1791437215083686.840	,2.460,96.690000,1,0,NO,N/A,N/A,N/A,N/A,N/A,N/A,N/A
2,4294967295,1132,13,_Z24add_rms_norm_bias_customIfEvPhS0_S0_S0_S0_mmjff,_Z24add_rms_norm_bias_customIfEvPhS0_S0_S0_S0_mmjff,dynamic,AI_VECTOR_CORE,1791437215083798.684	,2.500,109.540000,1,0,NO,N/A,N/A,N/A,N/A,N/A,N/A,N/A
2,4294967295,1135,13,_Z24add_rms_norm_bias_customIfEvPhS0_S0_S0_S0_mmjff,_Z24add_rms_norm_bias_customIfEvPhS0_S0_S0_S0_mmjff,dynamic,AI_VECTOR_CORE,1791437215083896.108	,2.576,94.750000,1,0,NO,N/A,N/A,N/A,N/A,N/A,N/A,N/A
2,4294967295,1138,13,_Z24add_rms_norm_bias_customIfEvPhS0_S0_S0_S0_mmjff,_Z24add_rms_norm_bias_customIfEvPhS0_S0_S0_S0_mmjff,dynamic,AI_VECTOR_CORE,1791437215083982.708	,2.500,84.174000,1,0,NO,N/A,N/A,N/A,N/A,N/A,N/A,N/A
2,4294967295,1141,13,_Z24add_rms_norm_bias_customIfEvPhS0_S0_S0_S0_mmjff,_Z24add_rms_norm_bias_customIfEvPhS0_S0_S0_S0_mmjff,dynamic,AI_VECTOR_CORE,1791437215084088.328	,2.400,103.000000,1,0,NO,N/A,N/A,N/A,N/A,N/A,N/A,N/A
2,4294967295,1144,13,_Z24add_rms_norm_bias_customIfEvPhS0_S0_S0_S0_mmjff,_Z24add_rms_norm_bias_customIfEvPhS0_S0_S0_S0_mmjff,dynamic,AI_VECTOR_CORE,1791437215084164.672	,2.400,74.100000,1,0,NO,N/A,N/A,N/A,N/A,N/A,N/A,N/A
2,4294967295,1147,13,_Z24add_rms_norm_bias_customIfEvPhS0_S0_S0_S0_mmjff,_Z24add_rms_norm_bias_customIfEvPhS0_S0_S0_S0_mmjff,dynamic,AI_VECTOR_CORE,1791437215084259.932	,2.320,92.850000,1,0,NO,N/A,N/A,N/A,N/A,N/A,N/A,N/A
2,4294967295,1150,13,_Z24add_rms_norm_bias_customIfEvPhS0_S0_S0_S0_mmjff,_Z24add_rms_norm_bias_customIfEvPhS0_S0_S0_S0_mmjff,dynamic,AI_VECTOR_CORE,1791437215084374.036	,2.280,111.680000,1,0,NO,N/A,N/A,N/A,N/A,N/A,N/A,N/A
2,4294967295,1153,13,_Z24add_rms_norm_bias_customIfEvPhS0_S0_S0_S0_mmjff,_Z24add_rms_norm_bias_customIfEvPhS0_S0_S0_S0_mmjff,dynamic,AI_VECTOR_CORE,1791437215084477.516	,2.260,101.220000,1,0,NO,N/A,N/A,N/A,N/A,N/A,N/A,N/A
2,4294967295,1156,13,_Z24add_rms_norm_bias_customIfEvPhS0_S0_S0_S0_mmjff,_Z24add_rms_norm_bias_customIfEvPhS0_S0_S0_S0_mmjff,dynamic,AI_VECTOR_CORE,1791437215084571.840	,2.420,91.990000,1,0,NO,N/A,N/A,N/A,N/A,N/A,N/A,N/A
2,4294967295,1159,13,_Z24add_rms_norm_bias_customIfEvPhS0_S0_S0_S0_mmjff,_Z24add_rms_norm_bias_customIfEvPhS0_S0_S0_S0_mmjff,dynamic,AI_VECTOR_CORE,1791437215084666.440	,2.360,92.330000,1,0,NO,N/A,N/A,N/A,N/A,N/A,N/A,N/A
2,4294967295,1162,13,_Z24add_rms_norm_bias_customIfEvPhS0_S0_S0_S0_mmjff,_Z24add_rms_norm_bias_customIfEvPhS0_S0_S0_S0_mmjff,dynamic,AI_VECTOR_CORE,1791437215084752.704	,2.400,83.890000,1,0,NO,N/A,N/A,N/A,N/A,N/A,N/A,N/A
2,4294967295,1165,13,_Z24add_rms_norm_bias_customIfEvPhS0_S0_S0_S0_mmjff,_Z24add_rms_norm_bias_customIfEvPhS0_S0_S0_S0_mmjff,dynamic,AI_VECTOR_CORE,1791437215084847.944	,2.380,92.850000,1,0,NO,N/A,N/A,N/A,N/A,N/A,N/A,N/A
2,4294967295,1168,13,_Z24add_rms_norm_bias_customIfEvPhS0_S0_S0_S0_mmjff,_Z24add_rms_norm_bias_customIfEvPhS0_S0_S0_S0_mmjff,dynamic,AI_VECTOR_CORE,1791437215084941.688	,1.520,91.370000,1,0,NO,N/A,N/A,N/A,N/A,N/A,N/A,N/A
2,4294967295,1171,13,_Z24add_rms_norm_bias_customIfEvPhS0_S0_S0_S0_mmjff,_Z24add_rms_norm_bias_customIfEvPhS0_S0_S0_S0_mmjff,dynamic,AI_VECTOR_CORE,1791437215085034.728	,1.500,91.480000,1,0,NO,N/A,N/A,N/A,N/A,N/A,N/A,N/A
2,4294967295,1174,13,_Z24add_rms_norm_bias_customIfEvPhS0_S0_S0_S0_mmjff,_Z24add_rms_norm_bias_customIfEvPhS0_S0_S0_S0_mmjff,dynamic,AI_VECTOR_CORE,1791437215085159.392	,2.300,123.250000,1,0,NO,N/A,N/A,N/A,N/A,N/A,N/A,N/A
2,4294967295,1177,13,_Z24add_rms_norm_bias_customIfEvPhS0_S0_S0_S0_mmjff,_Z24add_rms_norm_bias_customIfEvPhS0_S0_S0_S0_mmjff,dynamic,AI_VECTOR_CORE,1791437215085249.312	,1.720,87.450000,1,0,NO,N/A,N/A,N/A,N/A,N/A,N/A,N/A
2,4294967295,1180,13,_Z24add_rms_norm_bias_customIfEvPhS0_S0_S0_S0_mmjff,_Z24add_rms_norm_bias_customIfEvPhS0_S0_S0_S0_mmjff,dynamic,AI_VECTOR_CORE,1791437215085357.616	,2.340,106.530000,1,0,NO,N/A,N/A,N/A,N/A,N/A,N/A,N/A
2,4294967295,1183,13,_Z24add_rms_norm_bias_customIfEvPhS0_S0_S0_S0_mmjff,_Z24add_rms_norm_bias_customIfEvPhS0_S0_S0_S0_mmjff,dynamic,AI_VECTOR_CORE,1791437215085457.576	,3.520,97.660000,1,0,NO,N/A,N/A,N/A,N/A,N/A,N/A,N/A
2,4294967295,1186,13,_Z24add_rms_norm_bias_customIfEvPhS0_S0_S0_S0_mmjff,_Z24add_rms_norm_bias_customIfEvPhS0_S0_S0_S0_mmjff,dynamic,AI_VECTOR_CORE,1791437215085539.360	,2.300,78.230000,1,0,NO,N/A,N/A,N/A,N/A,N/A,N/A,N/A
2,4294967295,1189,13,_Z24add_rms_norm_bias_customIfEvPhS0_S0_S0_S0_mmjff,_Z24add_rms_norm_bias_customIfEvPhS0_S0_S0_S0_mmjff,dynamic,AI_VECTOR_CORE,1791437215085625.160	,2.280,83.700000,1,0,NO,N/A,N/A,N/A,N/A,N/A,N/A,N/A
2,4294967295,1192,13,_Z24add_rms_norm_bias_customIfEvPhS0_S0_S0_S0_mmjff,_Z24add_rms_norm_bias_customIfEvPhS0_S0_S0_S0_mmjff,dynamic,AI_VECTOR_CORE,1791437215085713.004	,2.380,85.470000,1,0,NO,N/A,N/A,N/A,N/A,N/A,N/A,N/A
2,4294967295,1195,13,_Z24add_rms_norm_bias_customIfEvPhS0_S0_S0_S0_mmjff,_Z24add_rms_norm_bias_customIfEvPhS0_S0_S0_S0_mmjff,dynamic,AI_VECTOR_CORE,1791437215085803.624	,2.280,88.120000,1,0,NO,N/A,N/A,N/A,N/A,N/A,N/A,N/A
2,4294967295,1198,13,_Z24add_rms_norm_bias_customIfEvPhS0_S0_S0_S0_mmjff,_Z24add_rms_norm_bias_customIfEvPhS0_S0_S0_S0_mmjff,dynamic,AI_VECTOR_CORE,1791437215085905.408	,2.300,99.720000,1,0,NO,N/A,N/A,N/A,N/A,N/A,N/A,N/A
2,4294967295,1201,13,_Z24add_rms_norm_bias_customIfEvPhS0_S0_S0_S0_mmjff,_Z24add_rms_norm_bias_customIfEvPhS0_S0_S0_S0_mmjff,dynamic,AI_VECTOR_CORE,1791437215086010.748	,2.380,102.950000,1,0,NO,N/A,N/A,N/A,N/A,N/A,N/A,N/A
2,4294967295,1204,13,_Z24add_rms_norm_bias_customIfEvPhS0_S0_S0_S0_mmjff,_Z24add_rms_norm_bias_customIfEvPhS0_S0_S0_S0_mmjff,dynamic,AI_VECTOR_CORE,1791437215086102.508	,2.404,89.370000,1,0,NO,N/A,N/A,N/A,N/A,N/A,N/A,N/A
2,4294967295,1207,13,_Z24add_rms_norm_bias_customIfEvPhS0_S0_S0_S0_mmjff,_Z24add_rms_norm_bias_customIfEvPhS0_S0_S0_S0_mmjff,dynamic,AI_VECTOR_CORE,1791437215086198.172	,2.400,93.346000,1,0,NO,N/A,N/A,N/A,N/A,N/A,N/A,N/A
2,4294967295,1210,13,_Z24add_rms_norm_bias_customIfEvPhS0_S0_S0_S0_mmjff,_Z24add_rms_norm_bias_customIfEvPhS0_S0_S0_S0_mmjff,dynamic,AI_VECTOR_CORE,1791437215086290.152	,2.180,89.600000,1,0,NO,N/A,N/A,N/A,N/A,N/A,N/A,N/A
2,4294967295,1213,13,_Z24add_rms_norm_bias_customIfEvPhS0_S0_S0_S0_mmjff,_Z24add_rms_norm_bias_customIfEvPhS0_S0_S0_S0_mmjff,dynamic,AI_VECTOR_CORE,1791437215086387.616	,2.260,95.070000,1,0,NO,N/A,N/A,N/A,N/A,N/A,N/A,N/A
2,4294967295,1216,13,_Z24add_rms_norm_bias_customIfEvPhS0_S0_S0_S0_mmjff,_Z24add_rms_norm_bias_customIfEvPhS0_S0_S0_S0_mmjff,dynamic,AI_VECTOR_CORE,1791437215086483.276	,3.800,93.490000,1,0,NO,N/A,N/A,N/A,N/A,N/A,N/A,N/A
2,4294967295,1219,13,_Z24add_rms_norm_bias_customIfEvPhS0_S0_S0_S0_mmjff,_Z24add_rms_norm_bias_customIfEvPhS0_S0_S0_S0_mmjff,dynamic,AI_VECTOR_CORE,1791437215086572.220	,2.360,85.200000,1,0,NO,N/A,N/A,N/A,N/A,N/A,N/A,N/A
2,4294967295,1222,13,_Z24add_rms_norm_bias_customIfEvPhS0_S0_S0_S0_mmjff,_Z24add_rms_norm_bias_customIfEvPhS0_S0_S0_S0_mmjff,dynamic,AI_VECTOR_CORE,1791437215086659.660	,2.380,85.140000,1,0,NO,N/A,N/A,N/A,N/A,N/A,N/A,N/A
2,4294967295,1225,13,_Z24add_rms_norm_bias_customIfEvPhS0_S0_S0_S0_mmjff,_Z24add_rms_norm_bias_customIfEvPhS0_S0_S0_S0_mmjff,dynamic,AI_VECTOR_CORE,1791437215086750.544	,2.280,88.370000,1,0,NO,N/A,N/A,N/A,N/A,N/A,N/A,N/A
2,4294967295,1228,13,_Z24add_rms_norm_bias_customIfEvPhS0_S0_S0_S0_mmjff,_Z24add_rms_norm_bias_customIfEvPhS0_S0_S0_S0_mmjff,dynamic,AI_VECTOR_CORE,1791437215086864.084	,2.360,111.220000,1,0,NO,N/A,N/A,N/A,N/A,N/A,N/A,N/A
2,4294967295,1231,13,_Z24add_rms_norm_bias_customIfEvPhS0_S0_S0_S0_mmjff,_Z24add_rms_norm_bias_customIfEvPhS0_S0_S0_S0_mmjff,dynamic,AI_VECTOR_CORE,1791437215086971.388	,2.460,105.140000,1,0,NO,N/A,N/A,N/A,N/A,N/A,N/A,N/A
2,4294967295,1234,13,_Z24add_rms_norm_bias_customIfEvPhS0_S0_S0_S0_mmjff,_Z24add_rms_norm_bias_customIfEvPhS0_S0_S0_S0_mmjff,dynamic,AI_VECTOR_CORE,1791437215087056.148	,2.400,82.290000,1,0,NO,N/A,N/A,N/A,N/A,N/A,N/A,N/A
2,4294967295,1237,13,_Z24add_rms_norm_bias_customIfEvPhS0_S0_S0_S0_mmjff,_Z24add_rms_norm_bias_customIfEvPhS0_S0_S0_S0_mmjff,dynamic,AI_VECTOR_CORE,1791437215087151.992	,2.460,93.350000,1,0,NO,N/A,N/A,N/A,N/A,N/A,N/A,N/A
2,4294967295,1240,13,_Z24add_rms_norm_bias_customIfEvPhS0_S0_S0_S0_mmjff,_Z24add_rms_norm_bias_customIfEvPhS0_S0_S0_S0_mmjff,dynamic,AI_VECTOR_CORE,1791437215087261.152	,2.460,106.790000,1,0,NO,N/A,N/A,N/A,N/A,N/A,N/A,N/A
2,4294967295,1243,13,_Z24add_rms_norm_bias_customIfEvPhS0_S0_S0_S0_mmjff,_Z24add_rms_norm_bias_customIfEvPhS0_S0_S0_S0_mmjff,dynamic,AI_VECTOR_CORE,1791437215087374.336	,2.360,110.540000,1,0,NO,N/A,N/A,N/A,N/A,N/A,N/A,N/A
2,4294967295,1246,13,_Z24add_rms_norm_bias_customIfEvPhS0_S0_S0_S0_mmjff,_Z24add_rms_norm_bias_customIfEvPhS0_S0_S0_S0_mmjff,dynamic,AI_VECTOR_CORE,1791437215087465.996	,2.400,89.390000,1,0,NO,N/A,N/A,N/A,N/A,N/A,N/A,N/A
2,4294967295,1249,13,_Z24add_rms_norm_bias_customIfEvPhS0_S0_S0_S0_mmjff,_Z24add_rms_norm_bias_customIfEvPhS0_S0_S0_S0_mmjff,dynamic,AI_VECTOR_CORE,1791437215087557.680	,1.420,89.350000,1,0,NO,N/A,N/A,N/A,N/A,N/A,N/A,N/A
2,4294967295,1252,13,_Z24add_rms_norm_bias_customIfEvPhS0_S0_S0_S0_mmjff,_Z24add_rms_norm_bias_customIfEvPhS0_S0_S0_S0_mmjff,dynamic,AI_VECTOR_CORE,1791437215087664.740	,1.420,105.580000,1,0,NO,N/A,N/A,N/A,N/A,N/A,N/A,N/A
2,4294967295,1255,13,_Z24add_rms_norm_bias_customIfEvPhS0_S0_S0_S0_mmjff,_Z24add_rms_norm_bias_customIfEvPhS0_S0_S0_S0_mmjff,dynamic,AI_VECTOR_CORE,1791437215087782.124	,2.280,115.830000,1,0,NO,N/A,N/A,N/A,N/A,N/A,N/A,N/A
2,4294967295,1258,13,_Z24add_rms_norm_bias_customIfEvPhS0_S0_S0_S0_mmjff,_Z24add_rms_norm_bias_customIfEvPhS0_S0_S0_S0_mmjff,dynamic,AI_VECTOR_CORE,1791437215087878.044	,2.500,93.720000,1,0,NO,N/A,N/A,N/A,N/A,N/A,N/A,N/A
2,4294967295,1261,13,_Z24add_rms_norm_bias_customIfEvPhS0_S0_S0_S0_mmjff,_Z24add_rms_norm_bias_customIfEvPhS0_S0_S0_S0_mmjff,dynamic,AI_VECTOR_CORE,1791437215087963.928	,2.480,83.500000,1,0,NO,N/A,N/A,N/A,N/A,N/A,N/A,N/A
2,4294967295,1264,13,_Z24add_rms_norm_bias_customIfEvPhS0_S0_S0_S0_mmjff,_Z24add_rms_norm_bias_customIfEvPhS0_S0_S0_S0_mmjff,dynamic,AI_VECTOR_CORE,1791437215088055.368	,2.440,88.770000,1,0,NO,N/A,N/A,N/A,N/A,N/A,N/A,N/A
2,4294967295,1267,13,_Z24add_rms_norm_bias_customIfEvPhS0_S0_S0_S0_mmjff,_Z24add_rms_norm_bias_customIfEvPhS0_S0_S0_S0_mmjff,dynamic,AI_VECTOR_CORE,1791437215088157.552	,2.400,99.810000,1,0,NO,N/A,N/A,N/A,N/A,N/A,N/A,N/A
2,4294967295,1270,13,_Z24add_rms_norm_bias_customIfEvPhS0_S0_S0_S0_mmjff,_Z24add_rms_norm_bias_customIfEvPhS0_S0_S0_S0_mmjff,dynamic,AI_VECTOR_CORE,1791437215088241.972	,2.240,82.100000,1,0,NO,N/A,N/A,N/A,N/A,N/A,N/A,N/A
2,4294967295,1273,13,_Z24add_rms_norm_bias_customIfEvPhS0_S0_S0_S0_mmjff,_Z24add_rms_norm_bias_customIfEvPhS0_S0_S0_S0_mmjff,dynamic,AI_VECTOR_CORE,1791437215088339.316	,2.500,95.010000,1,0,NO,N/A,N/A,N/A,N/A,N/A,N/A,N/A
2,4294967295,1276,13,_Z24add_rms_norm_bias_customIfEvPhS0_S0_S0_S0_mmjff,_Z24add_rms_norm_bias_customIfEvPhS0_S0_S0_S0_mmjff,dynamic,AI_VECTOR_CORE,1791437215088425.656	,2.500,84.000000,1,0,NO,N/A,N/A,N/A,N/A,N/A,N/A,N/A
2,4294967295,1279,13,_Z24add_rms_norm_bias_customIfEvPhS0_S0_S0_S0_mmjff,_Z24add_rms_norm_bias_customIfEvPhS0_S0_S0_S0_mmjff,dynamic,AI_VECTOR_CORE,1791437215088522.540	,2.380,94.250000,1,0,NO,N/A,N/A,N/A,N/A,N/A,N/A,N/A
2,4294967295,1282,13,_Z24add_rms_norm_bias_customIfEvPhS0_S0_S0_S0_mmjff,_Z24add_rms_norm_bias_customIfEvPhS0_S0_S0_S0_mmjff,dynamic,AI_VECTOR_CORE,1791437215088643.260	,2.360,118.370000,1,0,NO,N/A,N/A,N/A,N/A,N/A,N/A,N/A
2,4294967295,1285,13,_Z24add_rms_norm_bias_customIfEvPhS0_S0_S0_S0_mmjff,_Z24add_rms_norm_bias_customIfEvPhS0_S0_S0_S0_mmjff,dynamic,AI_VECTOR_CORE,1791437215088742.264	,2.320,96.640000,1,0,NO,N/A,N/A,N/A,N/A,N/A,N/A,N/A
2,4294967295,1288,13,_Z24add_rms_norm_bias_customIfEvPhS0_S0_S0_S0_mmjff,_Z24add_rms_norm_bias_customIfEvPhS0_S0_S0_S0_mmjff,dynamic,AI_VECTOR_CORE,1791437215088838.864	,2.300,94.180000,1,0,NO,N/A,N/A,N/A,N/A,N/A,N/A,N/A
2,4294967295,1291,13,_Z24add_rms_norm_bias_customIfEvPhS0_S0_S0_S0_mmjff,_Z24add_rms_norm_bias_customIfEvPhS0_S0_S0_S0_mmjff,dynamic,AI_VECTOR_CORE,1791437215088929.268	,2.380,88.200000,1,0,NO,N/A,N/A,N/A,N/A,N/A,N/A,N/A
2,4294967295,1294,13,_Z24add_rms_norm_bias_customIfEvPhS0_S0_S0_S0_mmjff,_Z24add_rms_norm_bias_customIfEvPhS0_S0_S0_S0_mmjff,dynamic,AI_VECTOR_CORE,1791437215089032.388	,2.580,100.870000,1,0,NO,N/A,N/A,N/A,N/A,N/A,N/A,N/A
2,4294967295,1297,13,_Z24add_rms_norm_bias_customIfEvPhS0_S0_S0_S0_mmjff,_Z24add_rms_norm_bias_customIfEvPhS0_S0_S0_S0_mmjff,dynamic,AI_VECTOR_CORE,1791437215089133.872	,2.460,98.670000,1,0,NO,N/A,N/A,N/A,N/A,N/A,N/A,N/A
2,4294967295,1300,13,_Z24add_rms_norm_bias_customIfEvPhS0_S0_S0_S0_mmjff,_Z24add_rms_norm_bias_customIfEvPhS0_S0_S0_S0_mmjff,dynamic,AI_VECTOR_CORE,1791437215089223.052	,2.360,86.790000,1,0,NO,N/A,N/A,N/A,N/A,N/A,N/A,N/A
2,4294967295,1303,13,_Z24add_rms_norm_bias_customIfEvPhS0_S0_S0_S0_mmjff,_Z24add_rms_norm_bias_customIfEvPhS0_S0_S0_S0_mmjff,dynamic,AI_VECTOR_CORE,1791437215089304.132	,2.424,78.890000,1,0,NO,N/A,N/A,N/A,N/A,N/A,N/A,N/A
2,4294967295,1306,13,_Z24add_rms_norm_bias_customIfEvPhS0_S0_S0_S0_mmjff,_Z24add_rms_norm_bias_customIfEvPhS0_S0_S0_S0_mmjff,dynamic,AI_VECTOR_CORE,1791437215089420.656	,2.400,114.076000,1,0,NO,N/A,N/A,N/A,N/A,N/A,N/A,N/A
2,4294967295,1309,13,_Z24add_rms_norm_bias_customIfEvPhS0_S0_S0_S0_mmjff,_Z24add_rms_norm_bias_customIfEvPhS0_S0_S0_S0_mmjff,dynamic,AI_VECTOR_CORE,1791437215089515.780	,2.400,92.600000,1,0,NO,N/A,N/A,N/A,N/A,N/A,N/A,N/A
2,4294967295,1312,13,_Z24add_rms_norm_bias_customIfEvPhS0_S0_S0_S0_mmjff,_Z24add_rms_norm_bias_customIfEvPhS0_S0_S0_S0_mmjff,dynamic,AI_VECTOR_CORE,1791437215089609.840	,2.480,91.600000,1,0,NO,N/A,N/A,N/A,N/A,N/A,N/A,N/A
