REMOTE_HOST=hwnput3
COMMAND=for shapes (2,256) (5,4096) (3,8192): timeout 60s env ASCEND_DEVICE_ID=1 $ROOT/build/row_copy_reference --device-probe rows cols 1
--- IDENTITY ---
9d168a507369935365fce2c5ff1f4a88a485b8611168d1accd647534777cecd6  /home/data4t2/lelinfeng/MODE-X-R015C_runs/R015C-r4/source/op_host/row_copy_host.asc
9367db4ebb4edf6b7bf6cde97f4846f987e6ab230c2aeee44d942d5e881a1c74  /home/data4t2/lelinfeng/MODE-X-R015C_runs/R015C-r4/source/op_kernel/row_copy_kernel.asc
0939ba8498426fcd77645d826fcc45a8eb65c78996ad0ce1da1a00d1ac01a250  /home/data4t2/lelinfeng/MODE-X-R015C_runs/R015C-r4/source/op_kernel/row_copy_tiling.h
9796b1b73b684ac94102fef9086201c7927c0e66a8989266c4d019105bfc1d8e  /home/data4t2/lelinfeng/MODE-X-R015C_runs/R015C-r4/build/row_copy_reference
--- PRE_DEVICE ---
	NPU ID                         : 1
	Chip Count                     : 1

	DDR Capacity(MB)               : 0
	DDR Usage Rate(%)              : 0
	DDR Hugepages Total(page)      : 0
	DDR Hugepages Usage Rate(%)    : 0
	HBM Capacity(MB)               : 65536
	HBM Usage Rate(%)              : 91
	Aicore Usage Rate(%)           : 37
	Aivector Usage Rate(%)         : 38
	Aicpu Usage Rate(%)            : 0
	Ctrlcpu Usage Rate(%)          : 5
	DDR Bandwidth Usage Rate(%)    : 0
	HBM Bandwidth Usage Rate(%)    : 34
	Chip ID                        : 0

RUN shape rows=2 cols=256 device=1
[INFO] RUNTIME(2276846,row_copy_reference):2026-09-27-12:52:04.326.812 [task_fail_callback_data_manager.cc:88] 2276846 TaskFailCallBackManager: Constructor.
[EVENT] PROFILING(2276846,row_copy_reference):2026-09-27-12:52:04.412.781 [msprof_callback_impl.cpp:359] >>> (tid:2276846) Started to register profiling ctrl callback.
[EVENT] PROFILING(2276846,row_copy_reference):2026-09-27-12:52:04.412.951 [msprof_callback_impl.cpp:366] >>> (tid:2276846) Started to register profiling hash id callback.
[INFO] PROFILING(2276846,row_copy_reference):2026-09-27-12:52:04.412.961 [prof_atls_plugin.cpp:118] (tid:2276846) RegisterProfileCallback, callback type is 7
[EVENT] PROFILING(2276846,row_copy_reference):2026-09-27-12:52:04.412.967 [msprof_callback_impl.cpp:373] >>> (tid:2276846) Started to register profiling enable host freq callback.
[INFO] PROFILING(2276846,row_copy_reference):2026-09-27-12:52:04.412.971 [prof_atls_plugin.cpp:118] (tid:2276846) RegisterProfileCallback, callback type is 8
[EVENT] PROFILING(2276846,row_copy_reference):2026-09-27-12:52:04.412.975 [msprof_callback_impl.cpp:380] >>> (tid:2276846) Started to register profiling typeId callback.
[INFO] PROFILING(2276846,row_copy_reference):2026-09-27-12:52:04.412.980 [prof_atls_plugin.cpp:118] (tid:2276846) RegisterProfileCallback, callback type is 6
[INFO] PROFILING(2276846,row_copy_reference):2026-09-27-12:52:04.441.519 [prof_atls_plugin.cpp:231] (tid:2276846) Module[45] register callback of ctrl handle.
[INFO] GE(2276846,row_copy_reference):2026-09-27-12:52:05.001.220 [op_tiling_manager.cc:109]2276846 ~FuncPerfScope:[GEPERFTRACE] The time cost of OpTilingManager::LoadSo is [559648] micro seconds.
[INFO] PROFILING(2276846,row_copy_reference):2026-09-27-12:52:05.063.071 [prof_atls_plugin.cpp:231] (tid:2276846) Module[6] register callback of ctrl handle.
[INFO] RUNTIME(2276846,row_copy_reference):2026-09-27-12:52:06.152.208 [runtime_keeper.cc:158] 2276846 CreateRuntimeImpl: Open libruntime_v100.so successfully
[INFO] RUNTIME(2276846,row_copy_reference):2026-09-27-12:52:06.152.323 [runtime.cc:5638] 2276846 GetVisibleDevices: ASCEND_RT_VISIBLE_DEVICES param was not set
[INFO] TDT(2276846,row_copy_reference):2026-09-27-12:52:06.154.498 [package_worker_factory.cpp:40][RegisterPackageWorkerCreator][tid:2276846] Register[4] package worker was created successfully
[INFO] TDT(2276846,row_copy_reference):2026-09-27-12:52:06.154.524 [package_worker_factory.cpp:40][RegisterPackageWorkerCreator][tid:2276846] Register[6] package worker was created successfully
[INFO] TDT(2276846,row_copy_reference):2026-09-27-12:52:06.154.533 [package_worker_factory.cpp:40][RegisterPackageWorkerCreator][tid:2276846] Register[5] package worker was created successfully
[INFO] TDT(2276846,row_copy_reference):2026-09-27-12:52:06.154.541 [package_worker_factory.cpp:40][RegisterPackageWorkerCreator][tid:2276846] Register[0] package worker was created successfully
[INFO] TDT(2276846,row_copy_reference):2026-09-27-12:52:06.154.546 [package_worker_factory.cpp:40][RegisterPackageWorkerCreator][tid:2276846] Register[1] package worker was created successfully
[INFO] TDT(2276846,row_copy_reference):2026-09-27-12:52:06.154.550 [package_worker_factory.cpp:40][RegisterPackageWorkerCreator][tid:2276846] Register[8] package worker was created successfully
[INFO] TDT(2276846,row_copy_reference):2026-09-27-12:52:06.154.557 [package_worker_factory.cpp:40][RegisterPackageWorkerCreator][tid:2276846] Register[2] package worker was created successfully
[INFO] TDT(2276846,row_copy_reference):2026-09-27-12:52:06.154.561 [package_worker_factory.cpp:40][RegisterPackageWorkerCreator][tid:2276846] Register[3] package worker was created successfully
[INFO] PROFILING(2276846,row_copy_reference):2026-09-27-12:52:06.154.767 [prof_atls_plugin.cpp:231] (tid:2276846) Module[7] register callback of ctrl handle.
[INFO] PROFILING(2276846,row_copy_reference):2026-09-27-12:52:06.154.814 [prof_atls_plugin.cpp:231] (tid:2276846) Module[48] register callback of ctrl handle.
[EVENT] PROFILING(2276846,row_copy_reference):2026-09-27-12:52:06.154.831 [msprof_callback_impl.cpp:111] >>> (tid:2276846) MsprofCtrlCallback called, type: 255
[EVENT] PROFILING(2276846,row_copy_reference):2026-09-27-12:52:06.155.038 [ai_drv_dev_api.cpp:333] >>> (tid:2276846) Succeeded to DrvGetApiVersion version: 0x72318
[INFO] ASCENDCL(2276846,row_copy_reference):2026-09-27-12:52:06.155.273 [acl.cpp:253]2276846 GetAllPackageVersion: Version of runtime package is 8.5.0.alpha002
[INFO] ASCENDCL(2276846,row_copy_reference):2026-09-27-12:52:06.155.315 [acl.cpp:253]2276846 GetAllPackageVersion: Version of runtime package is 8.5.0.alpha002
[INFO] ASCENDCL(2276846,row_copy_reference):2026-09-27-12:52:06.155.356 [acl.cpp:253]2276846 GetAllPackageVersion: Version of compiler package is 8.5.0.alpha002
[INFO] ASCENDCL(2276846,row_copy_reference):2026-09-27-12:52:06.155.401 [acl.cpp:253]2276846 GetAllPackageVersion: Version of hccl package is 8.5.0.alpha002
[INFO] ASCENDCL(2276846,row_copy_reference):2026-09-27-12:52:06.155.443 [acl.cpp:253]2276846 GetAllPackageVersion: Version of toolkit package is 8.5.0.alpha002
[INFO] ASCENDCL(2276846,row_copy_reference):2026-09-27-12:52:06.155.482 [acl.cpp:253]2276846 GetAllPackageVersion: Version of opp package is 8.5.0.alpha002
[INFO] ASCENDCL(2276846,row_copy_reference):2026-09-27-12:52:06.155.522 [acl.cpp:253]2276846 GetAllPackageVersion: Version of opp_kernel package is 8.5.0.alpha002
[INFO] ASCENDCL(2276846,row_copy_reference):2026-09-27-12:52:06.155.588 [acl.cpp:253]2276846 GetAllPackageVersion: Version of driver package is 25.0.rc1.1
[INFO] ATRACE(2276846,row_copy_reference):2026-09-27-12:52:06.159.528 [atrace_client_core.c:160](tid:2276846) start to receive device[1] trace log.
[INFO] ASCENDCL(2276846,row_copy_reference):2026-09-27-12:52:06.159.553 [acl_resource_manager.cpp:133]2276846 GetRuntimeV2Env: runtime v2 flag : model flag = 1, singleOp flag = 1
[INFO] TDT(2276846,row_copy_reference):2026-09-27-12:52:06.159.628 [client_manager.cpp:464][IsHostEnvironment][tid:2276846] [TsdClient] logicDeviceId[1], hostaicpunum[0]
[INFO] TDT(2276846,row_copy_reference):2026-09-27-12:52:06.159.639 [client_manager.cpp:493][GetClientRunMode][tid:2276846] runMode:0
[INFO] TDT(2276846,row_copy_reference):2026-09-27-12:52:06.159.644 [client_manager.cpp:133][GetInstance][tid:2276846] [ClientManager] Current mode:1
[INFO] TDT(2276846,row_copy_reference):2026-09-27-12:52:06.159.661 [process_mode_base.cpp:152][GetLogLevel][tid:2276846] [TsdClient] get ASCEND_GLOBAL_LOG_LEVEL [] ASCEND_GLOBAL_EVENT_ENABLE [] ASCEND_MODULE_LOG_LEVEL []
[INFO] TDT(2276846,row_copy_reference):2026-09-27-12:52:06.159.761 [process_mode_manager.cpp:79][OpenProcess][tid:2276846] [ProcessModeManager] enter into open process deviceId[1] rankSize[0]
[INFO] TDT(2276846,row_copy_reference):2026-09-27-12:52:06.160.039 [client_manager.cpp:290][CheckPackageExistsOnce][tid:2276846] [TsdClient][deviceId=1] set package path[/usr/local/Ascend/ascend-toolkit/latest/opp/Ascend/aicpu/], package name[Ascend-aicpu_syskernels.tar.gz], packageType[0]
[INFO] TDT(2276846,row_copy_reference):2026-09-27-12:52:06.160.263 [client_manager.cpp:290][CheckPackageExistsOnce][tid:2276846] [TsdClient][deviceId=1] set package path[/usr/local/Ascend/ascend-toolkit/latest/opp/Ascend/aicpu/], package name[Ascend-aicpu_extend_syskernels.tar.gz], packageType[1]
[INFO] TDT(2276846,row_copy_reference):2026-09-27-12:52:06.160.399 [client_manager.cpp:279][CheckPackageExistsOnce][tid:2276846] [TsdClient][deviceId=1] pkg size[0] in path[/usr/local/Ascend/ascend-toolkit/latest/opp/built-in/] must be only one, skip send package, packageType[6]
[INFO] TDT(2276846,row_copy_reference):2026-09-27-12:52:06.160.505 [process_mode_manager.cpp:470][InitTsdClient][tid:2276846] [TsdClient] deviceId[1] begin to init hdc client
[INFO] TDT(2276846,row_copy_reference):2026-09-27-12:52:06.160.625 [version_verify.cpp:37][SetVersionInfo][tid:2276846] VersionVerify: send client version to server
[INFO] TDT(2276846,row_copy_reference):2026-09-27-12:52:06.161.376 [version_verify.cpp:69][PeerVersionCheck][tid:2276846] VersionVerify: Check client version info, server[1230], client[1230]
[INFO] TDT(2276846,row_copy_reference):2026-09-27-12:52:06.161.387 [version_verify.cpp:90][ParseVersionInfo][tid:2276846] VersionVerify: pass client version info success
[INFO] TDT(2276846,row_copy_reference):2026-09-27-12:52:06.161.392 [hdc_client.cpp:273][CheckHdcConnection][tid:2276846] Service[2] create hdc successfully.
[INFO] TDT(2276846,row_copy_reference):2026-09-27-12:52:06.161.406 [version_verify.cpp:123][SpecialFeatureCheck][tid:2276846] VersionVerify: new type[35], supported
[INFO] TDT(2276846,row_copy_reference):2026-09-27-12:52:06.161.446 [process_mode_manager.cpp:711][GetDeviceCheckCodeOnce][tid:2276846] [TsdClient][deviceId=1] [sessionId=1] wait package info response
[INFO] TDT(2276846,row_copy_reference):2026-09-27-12:52:06.162.521 [version_verify.cpp:123][SpecialFeatureCheck][tid:2276846] VersionVerify: new type[64], supported
[INFO] TDT(2276846,row_copy_reference):2026-09-27-12:52:06.162.675 [process_mode_manager.cpp:470][InitTsdClient][tid:2276846] [TsdClient] deviceId[1] begin to init hdc client
[INFO] TDT(2276846,row_copy_reference):2026-09-27-12:52:06.162.749 [version_verify.cpp:37][SetVersionInfo][tid:2276846] VersionVerify: send client version to server
[INFO] TDT(2276846,row_copy_reference):2026-09-27-12:52:06.163.284 [version_verify.cpp:69][PeerVersionCheck][tid:2276846] VersionVerify: Check client version info, server[1230], client[1230]
[INFO] TDT(2276846,row_copy_reference):2026-09-27-12:52:06.163.292 [version_verify.cpp:90][ParseVersionInfo][tid:2276846] VersionVerify: pass client version info success
[INFO] TDT(2276846,row_copy_reference):2026-09-27-12:52:06.163.297 [hdc_client.cpp:273][CheckHdcConnection][tid:2276846] Service[2] create hdc successfully.
[INFO] TDT(2276846,row_copy_reference):2026-09-27-12:52:06.163.305 [version_verify.cpp:123][SpecialFeatureCheck][tid:2276846] VersionVerify: new type[64], supported
[INFO] TDT(2276846,row_copy_reference):2026-09-27-12:52:06.163.317 [process_mode_manager.cpp:711][GetDeviceCheckCodeOnce][tid:2276846] [TsdClient][deviceId=1] [sessionId=1] wait package info response
[INFO] TDT(2276846,row_copy_reference):2026-09-27-12:52:06.164.447 [process_mode_manager.cpp:296][SendAICPUPackageSimple][tid:2276846] [TsdClient][deviceId=1] no equal to begin send file[/usr/local/Ascend/ascend-toolkit/latest/opp/Ascend/aicpu/Ascend-aicpu_syskernels.tar.gz] to [/home/HwHiAiUser/hdcd/device0/2276846_Ascend-aicpu_syskernels.tar.gz]
[INFO] TDT(2276846,row_copy_reference):2026-09-27-12:52:06.252.005 [process_mode_manager.cpp:305][SendAICPUPackageSimple][tid:2276846] [TsdClient][deviceId=1] hdc send file[/usr/local/Ascend/ascend-toolkit/latest/opp/Ascend/aicpu/Ascend-aicpu_syskernels.tar.gz] to [/home/HwHiAiUser/hdcd/device0/2276846_Ascend-aicpu_syskernels.tar.gz] success
[INFO] TDT(2276846,row_copy_reference):2026-09-27-12:52:06.252.053 [process_mode_manager.cpp:470][InitTsdClient][tid:2276846] [TsdClient] deviceId[1] begin to init hdc client
[INFO] TDT(2276846,row_copy_reference):2026-09-27-12:52:06.252.209 [version_verify.cpp:37][SetVersionInfo][tid:2276846] VersionVerify: send client version to server
[INFO] TDT(2276846,row_copy_reference):2026-09-27-12:52:06.256.885 [version_verify.cpp:69][PeerVersionCheck][tid:2276846] VersionVerify: Check client version info, server[1230], client[1230]
[INFO] TDT(2276846,row_copy_reference):2026-09-27-12:52:06.256.913 [version_verify.cpp:90][ParseVersionInfo][tid:2276846] VersionVerify: pass client version info success
[INFO] TDT(2276846,row_copy_reference):2026-09-27-12:52:06.256.924 [hdc_client.cpp:273][CheckHdcConnection][tid:2276846] Service[2] create hdc successfully.
[INFO] TDT(2276846,row_copy_reference):2026-09-27-12:52:06.256.953 [version_verify.cpp:123][SpecialFeatureCheck][tid:2276846] VersionVerify: new type[64], supported
[INFO] TDT(2276846,row_copy_reference):2026-09-27-12:52:06.256.981 [process_mode_manager.cpp:711][GetDeviceCheckCodeOnce][tid:2276846] [TsdClient][deviceId=1] [sessionId=1] wait package info response
[INFO] TDT(2276846,row_copy_reference):2026-09-27-12:52:10.230.444 [process_mode_manager.cpp:1843][SendCommonPackage][tid:2276846] [TsdClient][deviceId_=1] package is not existed, skip send, packageType[6]
[INFO] TDT(2276846,row_copy_reference):2026-09-27-12:52:10.230.482 [process_mode_manager.cpp:1957][LoadDriverExtendPkg][tid:2276846] The device-sw-plugin package not found; skipping send to device.
[INFO] TDT(2276846,row_copy_reference):2026-09-27-12:52:10.230.498 [process_mode_manager.cpp:470][InitTsdClient][tid:2276846] [TsdClient] deviceId[1] begin to init hdc client
[INFO] TDT(2276846,row_copy_reference):2026-09-27-12:52:10.230.668 [version_verify.cpp:37][SetVersionInfo][tid:2276846] VersionVerify: send client version to server
[INFO] TDT(2276846,row_copy_reference):2026-09-27-12:52:10.235.034 [version_verify.cpp:69][PeerVersionCheck][tid:2276846] VersionVerify: Check client version info, server[1230], client[1230]
[INFO] TDT(2276846,row_copy_reference):2026-09-27-12:52:10.235.048 [version_verify.cpp:90][ParseVersionInfo][tid:2276846] VersionVerify: pass client version info success
[INFO] TDT(2276846,row_copy_reference):2026-09-27-12:52:10.235.053 [hdc_client.cpp:273][CheckHdcConnection][tid:2276846] Service[2] create hdc successfully.
[INFO] TDT(2276846,row_copy_reference):2026-09-27-12:52:10.235.074 [process_mode_manager.cpp:537][ConstructOpenMsg][tid:2276846] [TsdClient] tsd get process sign successfully, procpid[2276846] signSize[48]
[INFO] TDT(2276846,row_copy_reference):2026-09-27-12:52:10.235.086 [version_verify.cpp:115][SpecialFeatureCheck][tid:2276846] VersionVerify: previous type[6], supported
[INFO] TDT(2276846,row_copy_reference):2026-09-27-12:52:10.235.109 [process_mode_manager.cpp:98][OpenProcess][tid:2276846] [ProcessModeManager] deviceId[1] sessionId[1] rankSize[0], wait subprocess start response
[INFO] TDT(2276846,row_copy_reference):2026-09-27-12:52:11.368.593 [stub_process_mode_nowin.cpp:62][ProcessQueueForMdc][tid:2276846] [TsdClient] it is unnecessary for current mode[0] to grant queue auth to aicpusd
[INFO] TDT(2276846,row_copy_reference):2026-09-27-12:52:11.368.645 [stub_process_mode_nowin.cpp:101][OpenInHost][tid:2276846] enter into OpenInHost deviceid[1]
[INFO] TDT(2276846,row_copy_reference):2026-09-27-12:52:11.368.683 [client_manager.cpp:464][IsHostEnvironment][tid:2276846] [TsdClient] logicDeviceId[1], hostaicpunum[0]
[INFO] TDT(2276846,row_copy_reference):2026-09-27-12:52:11.368.693 [stub_process_mode_nowin.cpp:105][OpenInHost][tid:2276846] host cpu does not support
[INFO] TDT(2276846,row_copy_reference):2026-09-27-12:52:11.368.698 [process_mode_manager.cpp:123][OpenProcess][tid:2276846] [TsdClient][deviceId=1] [sessionId=1] start hccp and computer process success
[INFO] DRV(2276846,row_copy_reference):2026-09-27-12:52:11.368.723 [event_sched.c:1517][ascend][curpid:2276846,2276846][drv][event-sche][eschedDeviceOpen]The devId open success. (devId=1)
[INFO] DRV(2276846,row_copy_reference):2026-09-27-12:52:11.373.129 [devmm_svm.c:126][ascend][curpid:2276846,2276846][drv][devmm][devmm_setup_device]DrvMemDeviceOpen. (devid=1)
[INFO] DRV(2276846,row_copy_reference):2026-09-27-12:52:11.375.147 [devmm_virt_interface.c:450][ascend][curpid:2276846,2276846][drv][devmm][devmm_ioctl_init_process]Init_process details. (hostpid=2276846)
[INFO] DRV(2276846,row_copy_reference):2026-09-27-12:52:11.375.445 [drv_log_user.c:623][ascend][curpid:2276846,2276846][drv][devmm][share_log_read_in_single_module]Setup device succeeded. (logical_devid=1; devid=1; vfid=0; hostpid=2276846; devpid=26247)
[INFO] DRV(2276846,row_copy_reference):2026-09-27-12:52:11.375.460 [devmm_svm.c:112][ascend][curpid:2276846,2276846][drv][devmm][devmm_set_device_info]Device info. (devid=1; dvpp_size=17179869184; support_bar_mem=1; support_dev_read_only=1; support_dev_mem_map_host=1; support_bar_huge_mem=1; allocated_by_malloc=0; host_rw_dev_ro=1)
[INFO] DRV(2276846,row_copy_reference):2026-09-27-12:52:11.375.467 [devmm_svm.c:116][ascend][curpid:2276846,2276846][drv][devmm][devmm_set_device_info]Device info. (double_pgtable_offset=17592186044416; support_host_pin_pre_register=0; support_host_mem_pool=0; is_support_giant_page=1; support_remote_mmap=1)
[INFO] DRV(2276846,row_copy_reference):2026-09-27-12:52:11.375.700 [queue_interface.c:655][ascend][curpid:2276846,2276846][drv][queuemng][queueDeviceOpen]queue open finish. (devId=1)
[INFO] RUNTIME(2276846,row_copy_reference):2026-09-27-12:52:11.375.796 [raw_device.cc:520] 2276846 Init: isAddrFlat:0
[INFO] TDT(2276846,row_copy_reference):2026-09-27-12:52:11.377.030 [tsd_client.cpp:191][TsdCapabilityGet][tid:2276846] TsdCapabilityGet Begin.
[INFO] TDT(2276846,row_copy_reference):2026-09-27-12:52:11.377.043 [process_mode_manager.cpp:1019][CapabilityGet][tid:2276846] [ProcessModeManager] enter into CapabilityGet process deviceId[1] type[0].
[INFO] TDT(2276846,row_copy_reference):2026-09-27-12:52:11.377.055 [version_verify.cpp:115][SpecialFeatureCheck][tid:2276846] VersionVerify: previous type[38], supported
[INFO] TDT(2276846,row_copy_reference):2026-09-27-12:52:11.377.092 [process_mode_manager.cpp:1042][CapabilityGet][tid:2276846] [TsdClient][deviceId=1] [sessionId=1] [type=0]send capability successfully. 
[INFO] TDT(2276846,row_copy_reference):2026-09-27-12:52:11.378.129 [process_mode_msg_parse.cpp:198][PidQosMsgProc][tid:2276846] [TsdClient] PidQosMsgProc recvMsg realDeviceId[1] msgType[39] localDevId[1] rspCode[0],pidqos[1]
[INFO] TDT(2276846,row_copy_reference):2026-09-27-12:52:11.378.138 [process_mode_manager.cpp:1047][CapabilityGet][tid:2276846] [TsdClient][logicDeviceId_=1][type=0][pidQos=1][ret=0]recv capability response finished.
[INFO] RUNTIME(2276846,row_copy_reference):2026-09-27-12:52:11.378.147 [engine.cc:78] 2276846 Engine: Constructor.
[INFO] RUNTIME(2276846,row_copy_reference):2026-09-27-12:52:11.378.153 [stars_engine.cc:47] 2276846 StarsEngine: Constructor.
[INFO] RUNTIME(2276846,row_copy_reference):2026-09-27-12:52:11.507.634 [runtime.cc:6176] 2276846 CreateReportRasThread: Start report ras thread success!
[INFO] RUNTIME(2276846,row_copy_reference):2026-09-27-12:52:11.507.811 [npu_driver.cc:6953] 2277828 GetDeviceStatus: GetDeviceStatus status=1.
[INFO] ATRACE(2276846,row_copy_reference):2026-09-27-12:52:11.566.313 [tracer_mgr_operate.c:66](tid:2276846) create object RUNTIME_ATRACE_DEV1_TS0 successfully, exitSave(false), noLock(false).
[INFO] TDT(2276846,row_copy_reference):2026-09-27-12:52:11.566.356 [client_manager.cpp:203][SetProfilingCallback][tid:2276846] [TsdClient] set profiling callback successfully
[INFO] PROFILING(2276846,row_copy_reference):2026-09-27-12:52:11.573.198 [prof_atls_plugin.cpp:231] (tid:2276846) Module[69] register callback of ctrl handle.
[INFO] ATRACE(2276846,row_copy_reference):2026-09-27-12:52:11.708.780 [tracer_mgr_operate.c:248](tid:2276846) destroy object RUNTIME_ATRACE_DEV1_TS0, exitSave(false).
[INFO] RUNTIME(2276846,row_copy_reference):2026-09-27-12:52:11.859.076 [stars_engine.cc:55] 2276846 ~StarsEngine: Destructor.
[INFO] RUNTIME(2276846,row_copy_reference):2026-09-27-12:52:11.859.114 [engine.cc:84] 2276846 ~Engine: Destructor.
[INFO] DRV(2276846,row_copy_reference):2026-09-27-12:52:11.859.144 [queue_interface.c:662][ascend][curpid:2276846,2276846][drv][queuemng][queueDeviceClose]queue close finish. (devId=1)
[INFO] DRV(2276846,row_copy_reference):2026-09-27-12:52:11.859.152 [devmm_svm.c:2345][ascend][curpid:2276846,2276846][drv][devmm][drvMemDeviceCloseInner]DrvMemDeviceClose. (devid=1)
[INFO] DRV(2276846,row_copy_reference):2026-09-27-12:52:11.859.164 [svm_mem_statistics.c:146][ascend][curpid:2276846,2276846][drv][devmm][_svm_mem_stats_show]HOST_MEM Mem stats (Bytes). (module_name=RUNTIME; module_id=7; current_alloced_size=0; allocated_peak_size=11341824; alloc_cnt=3; free_cnt=3)
[INFO] DRV(2276846,row_copy_reference):2026-09-27-12:52:11.859.171 [svm_mem_statistics.c:152][ascend][curpid:2276846,2276846][drv][devmm][_svm_mem_stats_show]HOST_MEM Cached_size:12582912Bytes
[INFO] DRV(2276846,row_copy_reference):2026-09-27-12:52:11.859.178 [svm_mem_statistics.c:146][ascend][curpid:2276846,2276846][drv][devmm][_svm_mem_stats_show]MEM_DEV_SMALL_HBM dev1 Mem stats (Bytes). (module_name=RUNTIME; module_id=7; current_alloced_size=0; allocated_peak_size=77824; alloc_cnt=4; free_cnt=4)
[INFO] DRV(2276846,row_copy_reference):2026-09-27-12:52:11.859.183 [svm_mem_statistics.c:146][ascend][curpid:2276846,2276846][drv][devmm][_svm_mem_stats_show]MEM_DEV_SMALL_HBM dev1 Mem stats (Bytes). (module_name=APP; module_id=33; current_alloced_size=0; allocated_peak_size=12288; alloc_cnt=3; free_cnt=3)
[INFO] DRV(2276846,row_copy_reference):2026-09-27-12:52:11.859.189 [svm_mem_statistics.c:152][ascend][curpid:2276846,2276846][drv][devmm][_svm_mem_stats_show]MEM_DEV_SMALL_HBM dev1 Cached_size:2097152Bytes
[INFO] DRV(2276846,row_copy_reference):2026-09-27-12:52:11.859.194 [svm_mem_statistics.c:146][ascend][curpid:2276846,2276846][drv][devmm][_svm_mem_stats_show]MEM_DEV_SMALL_DDR dev1 Mem stats (Bytes). (module_name=UNKNOWN; module_id=0; current_alloced_size=0; allocated_peak_size=4096; alloc_cnt=1; free_cnt=1)
[INFO] DRV(2276846,row_copy_reference):2026-09-27-12:52:11.859.198 [svm_mem_statistics.c:146][ascend][curpid:2276846,2276846][drv][devmm][_svm_mem_stats_show]MEM_DEV_SMALL_DDR dev1 Mem stats (Bytes). (module_name=RUNTIME; module_id=7; current_alloced_size=0; allocated_peak_size=16384; alloc_cnt=1; free_cnt=1)
[INFO] DRV(2276846,row_copy_reference):2026-09-27-12:52:11.859.203 [svm_mem_statistics.c:152][ascend][curpid:2276846,2276846][drv][devmm][_svm_mem_stats_show]MEM_DEV_SMALL_DDR dev1 Cached_size:2097152Bytes
[INFO] DRV(2276846,row_copy_reference):2026-09-27-12:52:11.859.209 [svm_mem_statistics.c:146][ascend][curpid:2276846,2276846][drv][devmm][_svm_mem_stats_show]MEM_DEV_HUGE_HBM dev1 Mem stats (Bytes). (module_name=RUNTIME; module_id=7; current_alloced_size=0; allocated_peak_size=20971520; alloc_cnt=6; free_cnt=6)
[INFO] DRV(2276846,row_copy_reference):2026-09-27-12:52:11.859.214 [svm_mem_statistics.c:152][ascend][curpid:2276846,2276846][drv][devmm][_svm_mem_stats_show]MEM_DEV_HUGE_HBM dev1 Cached_size:20971520Bytes
[INFO] DRV(2276846,row_copy_reference):2026-09-27-12:52:11.859.218 [svm_mem_statistics.c:146][ascend][curpid:2276846,2276846][drv][devmm][_svm_mem_stats_show]MEM_DEV_HUGE_DDR dev1 Mem stats (Bytes). (module_name=RUNTIME; module_id=7; current_alloced_size=0; allocated_peak_size=2097152; alloc_cnt=1; free_cnt=1)
[INFO] DRV(2276846,row_copy_reference):2026-09-27-12:52:11.859.223 [svm_mem_statistics.c:152][ascend][curpid:2276846,2276846][drv][devmm][_svm_mem_stats_show]MEM_DEV_HUGE_DDR dev1 Cached_size:2097152Bytes
[INFO] DRV(2276846,row_copy_reference):2026-09-27-12:52:11.859.227 [svm_mem_statistics.c:146][ascend][curpid:2276846,2276846][drv][devmm][_svm_mem_stats_show]MEM_DEV_HUGE_P2P_HBM dev1 Mem stats (Bytes). (module_name=RUNTIME; module_id=7; current_alloced_size=0; allocated_peak_size=4194304; alloc_cnt=1; free_cnt=1)
[INFO] DRV(2276846,row_copy_reference):2026-09-27-12:52:11.859.232 [svm_mem_statistics.c:152][ascend][curpid:2276846,2276846][drv][devmm][_svm_mem_stats_show]MEM_DEV_HUGE_P2P_HBM dev1 Cached_size:4194304Bytes
[INFO] DRV(2276846,row_copy_reference):2026-09-27-12:52:11.891.329 [drv_log_user.c:623][ascend][curpid:2276846,2276846][drv][devmm][share_log_read_in_single_module]Close logical_device. (logical_devid=1; phyid=1; vfid=0; hostpid=2276846; devpid=26247)
[INFO] DRV(2276846,row_copy_reference):2026-09-27-12:52:11.892.743 [event_sched.c:1496][ascend][curpid:2276846,2276846][drv][event-sche][eschedDeviceClose]The devId close success. (devId=1)
[INFO] TDT(2276846,row_copy_reference):2026-09-27-12:52:11.892.783 [process_mode_manager.cpp:1916][ParseTsdCloseFlag][tid:2276846] Parse tsd close flag [0]
[INFO] TDT(2276846,row_copy_reference):2026-09-27-12:52:11.892.792 [process_mode_manager.cpp:156][Close][tid:2276846] [TsdClient] Close [deviceId=1][sessionId=1] hccp and computer enter
[INFO] TDT(2276846,row_copy_reference):2026-09-27-12:52:11.892.805 [version_verify.cpp:115][SpecialFeatureCheck][tid:2276846] VersionVerify: previous type[7], supported
[INFO] TDT(2276846,row_copy_reference):2026-09-27-12:52:11.892.853 [process_mode_manager.cpp:160][Close][tid:2276846] [TsdClient][deviceId=1] [sessionId=1] wait hccp and computer process close response
[INFO] TDT(2276846,row_copy_reference):2026-09-27-12:52:12.012.813 [process_mode_manager.cpp:163][Close][tid:2276846] [TsdClient][logicDeviceId_=1]has recv close hccp and computer process response
[INFO] TDT(2276846,row_copy_reference):2026-09-27-12:52:12.012.829 [stub_process_mode_nowin.cpp:144][CloseInHost][tid:2276846] enter into CloseInHost deviceid[1]
[INFO] TDT(2276846,row_copy_reference):2026-09-27-12:52:12.012.858 [client_manager.cpp:464][IsHostEnvironment][tid:2276846] [TsdClient] logicDeviceId[1], hostaicpunum[0]
[INFO] TDT(2276846,row_copy_reference):2026-09-27-12:52:12.012.864 [stub_process_mode_nowin.cpp:147][CloseInHost][tid:2276846] host cpu does not support
[INFO] TDT(2276846,row_copy_reference):2026-09-27-12:52:12.012.896 [process_mode_manager.cpp:181][Close][tid:2276846] [TsdClient][deviceId=1] [sessionId=1] close hccp and computer process success
[INFO] ATRACE(2276846,row_copy_reference):2026-09-27-12:52:12.013.227 [atrace_client_core.c:176](tid:2276846) stop to receive device[1] trace log.
[INFO] ASCENDCL(2276846,row_copy_reference):2026-09-27-12:52:12.681.111 [resource_statistics.cpp:113]2276846 TraverseStatistics: The ResourceType:ACL_STATISTICS_MALLOC_FREE, applyTotal = 3, applySucc = 3, releaseTotal = 4, releaseSucc = 4
[INFO] ASCENDCL(2276846,row_copy_reference):2026-09-27-12:52:12.681.157 [resource_statistics.cpp:113]2276846 TraverseStatistics: The ResourceType:ACL_STATISTICS_MALLOC_FREE_HOST, applyTotal = 0, applySucc = 0, releaseTotal = 0, releaseSucc = 0
[INFO] ASCENDCL(2276846,row_copy_reference):2026-09-27-12:52:12.681.171 [resource_statistics.cpp:113]2276846 TraverseStatistics: The ResourceType:ACL_STATISTICS_CREATE_DESTROY_CONTEXT, applyTotal = 0, applySucc = 0, releaseTotal = 0, releaseSucc = 0
[INFO] ASCENDCL(2276846,row_copy_reference):2026-09-27-12:52:12.681.182 [resource_statistics.cpp:113]2276846 TraverseStatistics: The ResourceType:ACL_STATISTICS_SET_RESET_DEVICE, applyTotal = 1, applySucc = 1, releaseTotal = 1, releaseSucc = 1
[INFO] ASCENDCL(2276846,row_copy_reference):2026-09-27-12:52:12.681.192 [resource_statistics.cpp:113]2276846 TraverseStatistics: The ResourceType:ACL_STATISTICS_CREATE_DESTROY_EVENT, applyTotal = 0, applySucc = 0, releaseTotal = 0, releaseSucc = 0
[INFO] ASCENDCL(2276846,row_copy_reference):2026-09-27-12:52:12.681.202 [resource_statistics.cpp:113]2276846 TraverseStatistics: The ResourceType:ACL_STATISTICS_CREATE_DESTROY_STREAM, applyTotal = 1, applySucc = 1, releaseTotal = 1, releaseSucc = 1
[INFO] ASCENDCL(2276846,row_copy_reference):2026-09-27-12:52:12.681.216 [resource_statistics.cpp:113]2276846 TraverseStatistics: The ResourceType:ACL_STATISTICS_DVPP_MALLOC_FREE, applyTotal = 0, applySucc = 0, releaseTotal = 0, releaseSucc = 0
[INFO] ASCENDCL(2276846,row_copy_reference):2026-09-27-12:52:12.681.225 [resource_statistics.cpp:113]2276846 TraverseStatistics: The ResourceType:ACL_STATISTICS_RECORD_RESET_EVENT, applyTotal = 0, applySucc = 0, releaseTotal = 0, releaseSucc = 0
[INFO] ASCENDCL(2276846,row_copy_reference):2026-09-27-12:52:12.681.234 [resource_statistics.cpp:113]2276846 TraverseStatistics: The ResourceType:ACL_STATISTICS_CREATE_DESTROY_DATA_BUFFER, applyTotal = 0, applySucc = 0, releaseTotal = 0, releaseSucc = 0
[INFO] ASCENDCL(2276846,row_copy_reference):2026-09-27-12:52:12.681.243 [resource_statistics.cpp:113]2276846 TraverseStatistics: The ResourceType:ACL_STATISTICS_CREATE_DESTROY_TENSOR_DESC, applyTotal = 0, applySucc = 0, releaseTotal = 0, releaseSucc = 0
[INFO] ASCENDCL(2276846,row_copy_reference):2026-09-27-12:52:12.681.252 [resource_statistics.cpp:113]2276846 TraverseStatistics: The ResourceType:ACL_STATISTICS_CREATE_DESTROY_DESC, applyTotal = 0, applySucc = 0, releaseTotal = 0, releaseSucc = 0
[INFO] ASCENDCL(2276846,row_copy_reference):2026-09-27-12:52:12.681.261 [resource_statistics.cpp:113]2276846 TraverseStatistics: The ResourceType:ACL_STATISTICS_CREATE_DESTROY_DATASET, applyTotal = 0, applySucc = 0, releaseTotal = 0, releaseSucc = 0
[INFO] ASCENDCL(2276846,row_copy_reference):2026-09-27-12:52:12.681.269 [resource_statistics.cpp:113]2276846 TraverseStatistics: The ResourceType:ACL_STATISTICS_CREATE_LOAD_UNLOAD_MODEL, applyTotal = 0, applySucc = 0, releaseTotal = 0, releaseSucc = 0
[INFO] ASCENDCL(2276846,row_copy_reference):2026-09-27-12:52:12.681.279 [resource_statistics.cpp:113]2276846 TraverseStatistics: The ResourceType:ACL_STATISTICS_CREATE_DESTROY_AIPP, applyTotal = 0, applySucc = 0, releaseTotal = 0, releaseSucc = 0
[INFO] ASCENDCL(2276846,row_copy_reference):2026-09-27-12:52:12.681.288 [resource_statistics.cpp:113]2276846 TraverseStatistics: The ResourceType:ACL_STATISTICS_CREATE_DESTROY_ATTR, applyTotal = 0, applySucc = 0, releaseTotal = 0, releaseSucc = 0
[INFO] ASCENDCL(2276846,row_copy_reference):2026-09-27-12:52:12.681.296 [resource_statistics.cpp:113]2276846 TraverseStatistics: The ResourceType:ACL_STATISTICS_CREATE_DESTROY_HANDLE, applyTotal = 0, applySucc = 0, releaseTotal = 0, releaseSucc = 0
[INFO] ASCENDCL(2276846,row_copy_reference):2026-09-27-12:52:12.681.307 [resource_statistics.cpp:113]2276846 TraverseStatistics: The ResourceType:ACL_STATISTICS_CREATE_DESTROY_DVPP_CHANNEL_DESC, applyTotal = 0, applySucc = 0, releaseTotal = 0, releaseSucc = 0
[INFO] ASCENDCL(2276846,row_copy_reference):2026-09-27-12:52:12.681.316 [resource_statistics.cpp:113]2276846 TraverseStatistics: The ResourceType:ACL_STATISTICS_CREATE_DESTROY_DVPP_PIC_DESC, applyTotal = 0, applySucc = 0, releaseTotal = 0, releaseSucc = 0
[INFO] ASCENDCL(2276846,row_copy_reference):2026-09-27-12:52:12.681.325 [resource_statistics.cpp:113]2276846 TraverseStatistics: The ResourceType:ACL_STATISTICS_CREATE_DESTROY_DVPP_ROI_CONFIG, applyTotal = 0, applySucc = 0, releaseTotal = 0, releaseSucc = 0
[INFO] ASCENDCL(2276846,row_copy_reference):2026-09-27-12:52:12.681.336 [resource_statistics.cpp:113]2276846 TraverseStatistics: The ResourceType:ACL_STATISTICS_CREATE_DESTROY_DVPP_RESIZE_CONFIG, applyTotal = 0, applySucc = 0, releaseTotal = 0, releaseSucc = 0
[INFO] ASCENDCL(2276846,row_copy_reference):2026-09-27-12:52:12.681.348 [resource_statistics.cpp:113]2276846 TraverseStatistics: The ResourceType:ACL_STATISTICS_CREATE_DESTROY_DVPP_JPEGE_CONFIG, applyTotal = 0, applySucc = 0, releaseTotal = 0, releaseSucc = 0
[INFO] ASCENDCL(2276846,row_copy_reference):2026-09-27-12:52:12.681.357 [resource_statistics.cpp:113]2276846 TraverseStatistics: The ResourceType:ACL_STATISTICS_CREATE_DESTROY_VDEC_CHANNEL_DESC, applyTotal = 0, applySucc = 0, releaseTotal = 0, releaseSucc = 0
[INFO] ASCENDCL(2276846,row_copy_reference):2026-09-27-12:52:12.681.366 [resource_statistics.cpp:113]2276846 TraverseStatistics: The ResourceType:ACL_STATISTICS_CREATE_DESTROY_VENC_CHANNEL_DESC, applyTotal = 0, applySucc = 0, releaseTotal = 0, releaseSucc = 0
[INFO] ASCENDCL(2276846,row_copy_reference):2026-09-27-12:52:12.681.375 [resource_statistics.cpp:113]2276846 TraverseStatistics: The ResourceType:ACL_STATISTICS_CREATE_DESTROY_DVPP_STREAM_DESC, applyTotal = 0, applySucc = 0, releaseTotal = 0, releaseSucc = 0
[INFO] ASCENDCL(2276846,row_copy_reference):2026-09-27-12:52:12.681.384 [resource_statistics.cpp:113]2276846 TraverseStatistics: The ResourceType:ACL_STATISTICS_CREATE_DESTROY_VDEC_FRAME_CONFIG, applyTotal = 0, applySucc = 0, releaseTotal = 0, releaseSucc = 0
[INFO] ASCENDCL(2276846,row_copy_reference):2026-09-27-12:52:12.681.392 [resource_statistics.cpp:113]2276846 TraverseStatistics: The ResourceType:ACL_STATISTICS_CREATE_DESTROY_VENC_FRAME_CONFIG, applyTotal = 0, applySucc = 0, releaseTotal = 0, releaseSucc = 0
[INFO] ASCENDCL(2276846,row_copy_reference):2026-09-27-12:52:12.681.401 [resource_statistics.cpp:113]2276846 TraverseStatistics: The ResourceType:ACL_STATISTICS_CREATE_DESTROY_DVPP_CHANNEL, applyTotal = 0, applySucc = 0, releaseTotal = 0, releaseSucc = 0
[INFO] ASCENDCL(2276846,row_copy_reference):2026-09-27-12:52:12.681.409 [resource_statistics.cpp:113]2276846 TraverseStatistics: The ResourceType:ACL_STATISTICS_CREATE_DESTROY_VDEC_CHANNEL, applyTotal = 0, applySucc = 0, releaseTotal = 0, releaseSucc = 0
[INFO] ASCENDCL(2276846,row_copy_reference):2026-09-27-12:52:12.681.425 [resource_statistics.cpp:113]2276846 TraverseStatistics: The ResourceType:ACL_STATISTICS_CREATE_DESTROY_VENC_CHANNEL, applyTotal = 0, applySucc = 0, releaseTotal = 0, releaseSucc = 0
[INFO] ASCENDCL(2276846,row_copy_reference):2026-09-27-12:52:12.681.440 [resource_statistics.cpp:113]2276846 TraverseStatistics: The ResourceType:ACL_STATISTICS_CREATE_DESTROY_DVPP_BATCH_PIC_DESC, applyTotal = 0, applySucc = 0, releaseTotal = 0, releaseSucc = 0
[INFO] ASCENDCL(2276846,row_copy_reference):2026-09-27-12:52:12.681.450 [resource_statistics.cpp:113]2276846 TraverseStatistics: The ResourceType:ACL_STATISTICS_CREATE_DESTROY_GROUP_INFO, applyTotal = 0, applySucc = 0, releaseTotal = 0, releaseSucc = 0
[INFO] ASCENDCL(2276846,row_copy_reference):2026-09-27-12:52:12.681.459 [resource_statistics.cpp:113]2276846 TraverseStatistics: The ResourceType:ACL_STATISTICS_CREATE_DESTROY_PROF_CONFIG, applyTotal = 0, applySucc = 0, releaseTotal = 0, releaseSucc = 0
[INFO] ASCENDCL(2276846,row_copy_reference):2026-09-27-12:52:12.681.467 [resource_statistics.cpp:113]2276846 TraverseStatistics: The ResourceType:ACL_STATISTICS_CREATE_DESTROY_PROF_SUB_CONFIG, applyTotal = 0, applySucc = 0, releaseTotal = 0, releaseSucc = 0
[INFO] ASCENDCL(2276846,row_copy_reference):2026-09-27-12:52:12.681.476 [resource_statistics.cpp:113]2276846 TraverseStatistics: The ResourceType:ACL_STATISTICS_CREATE_DESTROY_MODEL_CONFIG, applyTotal = 0, applySucc = 0, releaseTotal = 0, releaseSucc = 0
[INFO] ASCENDCL(2276846,row_copy_reference):2026-09-27-12:52:12.681.485 [resource_statistics.cpp:113]2276846 TraverseStatistics: The ResourceType:ACL_STATISTICS_CREATE_DESTROY_QUEUE_ID, applyTotal = 0, applySucc = 0, releaseTotal = 0, releaseSucc = 0
[INFO] ASCENDCL(2276846,row_copy_reference):2026-09-27-12:52:12.681.493 [resource_statistics.cpp:113]2276846 TraverseStatistics: The ResourceType:ACL_STATISTICS_CREATE_DESTROY_QUEUE_ATTR, applyTotal = 0, applySucc = 0, releaseTotal = 0, releaseSucc = 0
[INFO] ASCENDCL(2276846,row_copy_reference):2026-09-27-12:52:12.681.502 [resource_statistics.cpp:113]2276846 TraverseStatistics: The ResourceType:ACL_STATISTICS_CREATE_DESTROY_QUEUE_ROUTE, applyTotal = 0, applySucc = 0, releaseTotal = 0, releaseSucc = 0
[INFO] ASCENDCL(2276846,row_copy_reference):2026-09-27-12:52:12.681.514 [resource_statistics.cpp:113]2276846 TraverseStatistics: The ResourceType:ACL_STATISTICS_CREATE_DESTROY_QUEUE_ROUTE_LIST, applyTotal = 0, applySucc = 0, releaseTotal = 0, releaseSucc = 0
[INFO] ASCENDCL(2276846,row_copy_reference):2026-09-27-12:52:12.681.522 [resource_statistics.cpp:113]2276846 TraverseStatistics: The ResourceType:ACL_STATISTICS_CREATE_DESTROY_QUEUE_ROUTE_QUERY, applyTotal = 0, applySucc = 0, releaseTotal = 0, releaseSucc = 0
[INFO] ASCENDCL(2276846,row_copy_reference):2026-09-27-12:52:12.681.531 [resource_statistics.cpp:113]2276846 TraverseStatistics: The ResourceType:ACL_STATISTICS_CREATE_DESTROY_MBUF, applyTotal = 0, applySucc = 0, releaseTotal = 0, releaseSucc = 0
[INFO] ASCENDCL(2276846,row_copy_reference):2026-09-27-12:52:12.681.539 [resource_statistics.cpp:113]2276846 TraverseStatistics: The ResourceType:ACL_STATISTICS_CREATE_DESTROY_GRAPH_DUMP_OPTION, applyTotal = 0, applySucc = 0, releaseTotal = 0, releaseSucc = 0
[INFO] ASCENDCL(2276846,row_copy_reference):2026-09-27-12:52:12.681.548 [resource_statistics.cpp:113]2276846 TraverseStatistics: The ResourceType:ACL_STATISTICS_CREATE_DESTROY_ALLOCATOR_DESC, applyTotal = 0, applySucc = 0, releaseTotal = 0, releaseSucc = 0
[INFO] ASCENDCL(2276846,row_copy_reference):2026-09-27-12:52:12.681.557 [resource_statistics.cpp:113]2276846 TraverseStatistics: The ResourceType:ACL_STATISTICS_CREATE_DESTROY_ALLOCATOR_BINARY_DESC, applyTotal = 0, applySucc = 0, releaseTotal = 0, releaseSucc = 0
[INFO] ASCENDCL(2276846,row_copy_reference):2026-09-27-12:52:12.681.567 [resource_statistics.cpp:113]2276846 TraverseStatistics: The ResourceType:ACL_STATISTICS_RESERVE_RELEASE_MEMORY_ADDRESS, applyTotal = 0, applySucc = 0, releaseTotal = 0, releaseSucc = 0
[INFO] ASCENDCL(2276846,row_copy_reference):2026-09-27-12:52:12.681.576 [resource_statistics.cpp:113]2276846 TraverseStatistics: The ResourceType:ACL_STATISTICS_MALLOC_FREE_PHYSICAL_MEMORY, applyTotal = 0, applySucc = 0, releaseTotal = 0, releaseSucc = 0
[INFO] ASCENDCL(2276846,row_copy_reference):2026-09-27-12:52:12.681.586 [resource_statistics.cpp:113]2276846 TraverseStatistics: The ResourceType:ACL_STATISTICS_MAP_UNMAP_MEMORY, applyTotal = 0, applySucc = 0, releaseTotal = 0, releaseSucc = 0
[INFO] ASCENDCL(2276846,row_copy_reference):2026-09-27-12:52:12.681.595 [resource_statistics.cpp:113]2276846 TraverseStatistics: The ResourceType:ACL_STATISTICS_LOAD_UNLOAD_BINARY, applyTotal = 0, applySucc = 0, releaseTotal = 0, releaseSucc = 0
[EVENT] PROFILING(2276846,row_copy_reference):2026-09-27-12:52:12.681.628 [msprof_callback_impl.cpp:111] >>> (tid:2276846) MsprofCtrlCallback called, type: 3
[EVENT] PROFILING(2276846,row_copy_reference):2026-09-27-12:52:12.681.646 [ai_drv_dev_api.cpp:333] >>> (tid:2276846) Succeeded to DrvGetApiVersion version: 0x72318
[INFO] RUNTIME(2276846,row_copy_reference):2026-09-27-12:52:13.116.030 [runtime.cc:1667] 2276846 ~Runtime: runtime destructor.
[INFO] ATRACE(2276846,row_copy_reference):2026-09-27-12:52:13.195.992 [atrace_client_core.c:127](tid:2277080) atrace receive thread exited, devId=1.
[INFO] RUNTIME(2276846,row_copy_reference):2026-09-27-12:52:13.573.894 [runtime.cc:6218] 2277829 ReportRasRun: Report ras thread exits normally!
[INFO] RUNTIME(2276846,row_copy_reference):2026-09-27-12:52:13.574.031 [runtime.cc:6186] 2276846 DestroyReportRasThread: Join report ras thread OK.
[INFO] RUNTIME(2276846,row_copy_reference):2026-09-27-12:52:13.574.073 [runtime.cc:1755] 2276846 WaitMonitorExit: wait monitor success, used count=0.
[INFO] RUNTIME(2276846,row_copy_reference):2026-09-27-12:52:13.687.198 [task_fail_callback_data_manager.cc:93] 2276846 ~TaskFailCallBackManager: Destructor.
[INFO] ATRACE(2276846,row_copy_reference):2026-09-27-12:52:13.688.417 [stacktrace_signal.c:194](tid:2276846) unregister all signal handlers, can not capture signal.
NPU_PROBE PASS device=1 rows=2 D=256 elements=512 exact=1
RUN_RC=0 rows=2 cols=256
RUN shape rows=5 cols=4096 device=1
[INFO] RUNTIME(2278347,row_copy_reference):2026-09-27-12:52:14.021.486 [task_fail_callback_data_manager.cc:88] 2278347 TaskFailCallBackManager: Constructor.
[EVENT] PROFILING(2278347,row_copy_reference):2026-09-27-12:52:14.113.695 [msprof_callback_impl.cpp:359] >>> (tid:2278347) Started to register profiling ctrl callback.
[EVENT] PROFILING(2278347,row_copy_reference):2026-09-27-12:52:14.113.899 [msprof_callback_impl.cpp:366] >>> (tid:2278347) Started to register profiling hash id callback.
[INFO] PROFILING(2278347,row_copy_reference):2026-09-27-12:52:14.113.911 [prof_atls_plugin.cpp:118] (tid:2278347) RegisterProfileCallback, callback type is 7
[EVENT] PROFILING(2278347,row_copy_reference):2026-09-27-12:52:14.113.916 [msprof_callback_impl.cpp:373] >>> (tid:2278347) Started to register profiling enable host freq callback.
[INFO] PROFILING(2278347,row_copy_reference):2026-09-27-12:52:14.113.921 [prof_atls_plugin.cpp:118] (tid:2278347) RegisterProfileCallback, callback type is 8
[EVENT] PROFILING(2278347,row_copy_reference):2026-09-27-12:52:14.113.925 [msprof_callback_impl.cpp:380] >>> (tid:2278347) Started to register profiling typeId callback.
[INFO] PROFILING(2278347,row_copy_reference):2026-09-27-12:52:14.113.928 [prof_atls_plugin.cpp:118] (tid:2278347) RegisterProfileCallback, callback type is 6
[INFO] PROFILING(2278347,row_copy_reference):2026-09-27-12:52:14.143.784 [prof_atls_plugin.cpp:231] (tid:2278347) Module[45] register callback of ctrl handle.
[INFO] GE(2278347,row_copy_reference):2026-09-27-12:52:14.713.320 [op_tiling_manager.cc:109]2278347 ~FuncPerfScope:[GEPERFTRACE] The time cost of OpTilingManager::LoadSo is [569441] micro seconds.
[INFO] PROFILING(2278347,row_copy_reference):2026-09-27-12:52:14.778.138 [prof_atls_plugin.cpp:231] (tid:2278347) Module[6] register callback of ctrl handle.
[INFO] RUNTIME(2278347,row_copy_reference):2026-09-27-12:52:15.801.485 [runtime_keeper.cc:158] 2278347 CreateRuntimeImpl: Open libruntime_v100.so successfully
[INFO] RUNTIME(2278347,row_copy_reference):2026-09-27-12:52:15.801.632 [runtime.cc:5638] 2278347 GetVisibleDevices: ASCEND_RT_VISIBLE_DEVICES param was not set
[INFO] TDT(2278347,row_copy_reference):2026-09-27-12:52:15.803.918 [package_worker_factory.cpp:40][RegisterPackageWorkerCreator][tid:2278347] Register[4] package worker was created successfully
[INFO] TDT(2278347,row_copy_reference):2026-09-27-12:52:15.803.949 [package_worker_factory.cpp:40][RegisterPackageWorkerCreator][tid:2278347] Register[6] package worker was created successfully
[INFO] TDT(2278347,row_copy_reference):2026-09-27-12:52:15.803.957 [package_worker_factory.cpp:40][RegisterPackageWorkerCreator][tid:2278347] Register[5] package worker was created successfully
[INFO] TDT(2278347,row_copy_reference):2026-09-27-12:52:15.803.966 [package_worker_factory.cpp:40][RegisterPackageWorkerCreator][tid:2278347] Register[0] package worker was created successfully
[INFO] TDT(2278347,row_copy_reference):2026-09-27-12:52:15.803.970 [package_worker_factory.cpp:40][RegisterPackageWorkerCreator][tid:2278347] Register[1] package worker was created successfully
[INFO] TDT(2278347,row_copy_reference):2026-09-27-12:52:15.803.974 [package_worker_factory.cpp:40][RegisterPackageWorkerCreator][tid:2278347] Register[8] package worker was created successfully
[INFO] TDT(2278347,row_copy_reference):2026-09-27-12:52:15.803.981 [package_worker_factory.cpp:40][RegisterPackageWorkerCreator][tid:2278347] Register[2] package worker was created successfully
[INFO] TDT(2278347,row_copy_reference):2026-09-27-12:52:15.803.985 [package_worker_factory.cpp:40][RegisterPackageWorkerCreator][tid:2278347] Register[3] package worker was created successfully
[INFO] PROFILING(2278347,row_copy_reference):2026-09-27-12:52:15.804.197 [prof_atls_plugin.cpp:231] (tid:2278347) Module[7] register callback of ctrl handle.
[INFO] PROFILING(2278347,row_copy_reference):2026-09-27-12:52:15.804.240 [prof_atls_plugin.cpp:231] (tid:2278347) Module[48] register callback of ctrl handle.
[EVENT] PROFILING(2278347,row_copy_reference):2026-09-27-12:52:15.804.257 [msprof_callback_impl.cpp:111] >>> (tid:2278347) MsprofCtrlCallback called, type: 255
[EVENT] PROFILING(2278347,row_copy_reference):2026-09-27-12:52:15.804.481 [ai_drv_dev_api.cpp:333] >>> (tid:2278347) Succeeded to DrvGetApiVersion version: 0x72318
[INFO] ASCENDCL(2278347,row_copy_reference):2026-09-27-12:52:15.804.720 [acl.cpp:253]2278347 GetAllPackageVersion: Version of runtime package is 8.5.0.alpha002
[INFO] ASCENDCL(2278347,row_copy_reference):2026-09-27-12:52:15.804.762 [acl.cpp:253]2278347 GetAllPackageVersion: Version of runtime package is 8.5.0.alpha002
[INFO] ASCENDCL(2278347,row_copy_reference):2026-09-27-12:52:15.804.807 [acl.cpp:253]2278347 GetAllPackageVersion: Version of compiler package is 8.5.0.alpha002
[INFO] ASCENDCL(2278347,row_copy_reference):2026-09-27-12:52:15.804.852 [acl.cpp:253]2278347 GetAllPackageVersion: Version of hccl package is 8.5.0.alpha002
[INFO] ASCENDCL(2278347,row_copy_reference):2026-09-27-12:52:15.804.894 [acl.cpp:253]2278347 GetAllPackageVersion: Version of toolkit package is 8.5.0.alpha002
[INFO] ASCENDCL(2278347,row_copy_reference):2026-09-27-12:52:15.804.931 [acl.cpp:253]2278347 GetAllPackageVersion: Version of opp package is 8.5.0.alpha002
[INFO] ASCENDCL(2278347,row_copy_reference):2026-09-27-12:52:15.804.971 [acl.cpp:253]2278347 GetAllPackageVersion: Version of opp_kernel package is 8.5.0.alpha002
[INFO] ASCENDCL(2278347,row_copy_reference):2026-09-27-12:52:15.805.031 [acl.cpp:253]2278347 GetAllPackageVersion: Version of driver package is 25.0.rc1.1
[INFO] ATRACE(2278347,row_copy_reference):2026-09-27-12:52:15.808.987 [atrace_client_core.c:160](tid:2278347) start to receive device[1] trace log.
[INFO] ASCENDCL(2278347,row_copy_reference):2026-09-27-12:52:15.809.014 [acl_resource_manager.cpp:133]2278347 GetRuntimeV2Env: runtime v2 flag : model flag = 1, singleOp flag = 1
[INFO] TDT(2278347,row_copy_reference):2026-09-27-12:52:15.809.077 [client_manager.cpp:464][IsHostEnvironment][tid:2278347] [TsdClient] logicDeviceId[1], hostaicpunum[0]
[INFO] TDT(2278347,row_copy_reference):2026-09-27-12:52:15.809.086 [client_manager.cpp:493][GetClientRunMode][tid:2278347] runMode:0
[INFO] TDT(2278347,row_copy_reference):2026-09-27-12:52:15.809.090 [client_manager.cpp:133][GetInstance][tid:2278347] [ClientManager] Current mode:1
[INFO] TDT(2278347,row_copy_reference):2026-09-27-12:52:15.809.105 [process_mode_base.cpp:152][GetLogLevel][tid:2278347] [TsdClient] get ASCEND_GLOBAL_LOG_LEVEL [] ASCEND_GLOBAL_EVENT_ENABLE [] ASCEND_MODULE_LOG_LEVEL []
[INFO] TDT(2278347,row_copy_reference):2026-09-27-12:52:15.809.172 [process_mode_manager.cpp:79][OpenProcess][tid:2278347] [ProcessModeManager] enter into open process deviceId[1] rankSize[0]
[INFO] TDT(2278347,row_copy_reference):2026-09-27-12:52:15.809.416 [client_manager.cpp:290][CheckPackageExistsOnce][tid:2278347] [TsdClient][deviceId=1] set package path[/usr/local/Ascend/ascend-toolkit/latest/opp/Ascend/aicpu/], package name[Ascend-aicpu_syskernels.tar.gz], packageType[0]
[INFO] TDT(2278347,row_copy_reference):2026-09-27-12:52:15.809.605 [client_manager.cpp:290][CheckPackageExistsOnce][tid:2278347] [TsdClient][deviceId=1] set package path[/usr/local/Ascend/ascend-toolkit/latest/opp/Ascend/aicpu/], package name[Ascend-aicpu_extend_syskernels.tar.gz], packageType[1]
[INFO] TDT(2278347,row_copy_reference):2026-09-27-12:52:15.809.723 [client_manager.cpp:279][CheckPackageExistsOnce][tid:2278347] [TsdClient][deviceId=1] pkg size[0] in path[/usr/local/Ascend/ascend-toolkit/latest/opp/built-in/] must be only one, skip send package, packageType[6]
[INFO] TDT(2278347,row_copy_reference):2026-09-27-12:52:15.809.806 [process_mode_manager.cpp:470][InitTsdClient][tid:2278347] [TsdClient] deviceId[1] begin to init hdc client
[INFO] TDT(2278347,row_copy_reference):2026-09-27-12:52:15.809.909 [version_verify.cpp:37][SetVersionInfo][tid:2278347] VersionVerify: send client version to server
[INFO] TDT(2278347,row_copy_reference):2026-09-27-12:52:15.810.711 [version_verify.cpp:69][PeerVersionCheck][tid:2278347] VersionVerify: Check client version info, server[1230], client[1230]
[INFO] TDT(2278347,row_copy_reference):2026-09-27-12:52:15.810.721 [version_verify.cpp:90][ParseVersionInfo][tid:2278347] VersionVerify: pass client version info success
[INFO] TDT(2278347,row_copy_reference):2026-09-27-12:52:15.810.726 [hdc_client.cpp:273][CheckHdcConnection][tid:2278347] Service[2] create hdc successfully.
[INFO] TDT(2278347,row_copy_reference):2026-09-27-12:52:15.810.739 [version_verify.cpp:123][SpecialFeatureCheck][tid:2278347] VersionVerify: new type[35], supported
[INFO] TDT(2278347,row_copy_reference):2026-09-27-12:52:15.810.779 [process_mode_manager.cpp:711][GetDeviceCheckCodeOnce][tid:2278347] [TsdClient][deviceId=1] [sessionId=1] wait package info response
[INFO] TDT(2278347,row_copy_reference):2026-09-27-12:52:15.811.849 [version_verify.cpp:123][SpecialFeatureCheck][tid:2278347] VersionVerify: new type[64], supported
[INFO] TDT(2278347,row_copy_reference):2026-09-27-12:52:15.811.929 [process_mode_manager.cpp:423][SendAICPUPackage][tid:2278347] [TsdClient][deviceId_=1] the checksum of host package[62399746] is the same as device[62399746], skip send package.
[INFO] TDT(2278347,row_copy_reference):2026-09-27-12:52:15.811.937 [process_mode_manager.cpp:1843][SendCommonPackage][tid:2278347] [TsdClient][deviceId_=1] package is not existed, skip send, packageType[6]
[INFO] TDT(2278347,row_copy_reference):2026-09-27-12:52:15.811.942 [process_mode_manager.cpp:1957][LoadDriverExtendPkg][tid:2278347] The device-sw-plugin package not found; skipping send to device.
[INFO] TDT(2278347,row_copy_reference):2026-09-27-12:52:15.811.950 [process_mode_manager.cpp:470][InitTsdClient][tid:2278347] [TsdClient] deviceId[1] begin to init hdc client
[INFO] TDT(2278347,row_copy_reference):2026-09-27-12:52:15.812.025 [version_verify.cpp:37][SetVersionInfo][tid:2278347] VersionVerify: send client version to server
[INFO] TDT(2278347,row_copy_reference):2026-09-27-12:52:15.812.496 [version_verify.cpp:69][PeerVersionCheck][tid:2278347] VersionVerify: Check client version info, server[1230], client[1230]
[INFO] TDT(2278347,row_copy_reference):2026-09-27-12:52:15.812.506 [version_verify.cpp:90][ParseVersionInfo][tid:2278347] VersionVerify: pass client version info success
[INFO] TDT(2278347,row_copy_reference):2026-09-27-12:52:15.812.509 [hdc_client.cpp:273][CheckHdcConnection][tid:2278347] Service[2] create hdc successfully.
[INFO] TDT(2278347,row_copy_reference):2026-09-27-12:52:15.812.525 [process_mode_manager.cpp:537][ConstructOpenMsg][tid:2278347] [TsdClient] tsd get process sign successfully, procpid[2278347] signSize[48]
[INFO] TDT(2278347,row_copy_reference):2026-09-27-12:52:15.812.535 [version_verify.cpp:115][SpecialFeatureCheck][tid:2278347] VersionVerify: previous type[6], supported
[INFO] TDT(2278347,row_copy_reference):2026-09-27-12:52:15.812.559 [process_mode_manager.cpp:98][OpenProcess][tid:2278347] [ProcessModeManager] deviceId[1] sessionId[1] rankSize[0], wait subprocess start response
[INFO] TDT(2278347,row_copy_reference):2026-09-27-12:52:16.006.606 [stub_process_mode_nowin.cpp:62][ProcessQueueForMdc][tid:2278347] [TsdClient] it is unnecessary for current mode[0] to grant queue auth to aicpusd
[INFO] TDT(2278347,row_copy_reference):2026-09-27-12:52:16.006.662 [stub_process_mode_nowin.cpp:101][OpenInHost][tid:2278347] enter into OpenInHost deviceid[1]
[INFO] TDT(2278347,row_copy_reference):2026-09-27-12:52:16.006.712 [client_manager.cpp:464][IsHostEnvironment][tid:2278347] [TsdClient] logicDeviceId[1], hostaicpunum[0]
[INFO] TDT(2278347,row_copy_reference):2026-09-27-12:52:16.006.720 [stub_process_mode_nowin.cpp:105][OpenInHost][tid:2278347] host cpu does not support
[INFO] TDT(2278347,row_copy_reference):2026-09-27-12:52:16.006.723 [process_mode_manager.cpp:123][OpenProcess][tid:2278347] [TsdClient][deviceId=1] [sessionId=1] start hccp and computer process success
[INFO] DRV(2278347,row_copy_reference):2026-09-27-12:52:16.006.747 [event_sched.c:1517][ascend][curpid:2278347,2278347][drv][event-sche][eschedDeviceOpen]The devId open success. (devId=1)
[INFO] DRV(2278347,row_copy_reference):2026-09-27-12:52:16.010.245 [devmm_svm.c:126][ascend][curpid:2278347,2278347][drv][devmm][devmm_setup_device]DrvMemDeviceOpen. (devid=1)
[INFO] DRV(2278347,row_copy_reference):2026-09-27-12:52:16.012.191 [devmm_virt_interface.c:450][ascend][curpid:2278347,2278347][drv][devmm][devmm_ioctl_init_process]Init_process details. (hostpid=2278347)
[INFO] DRV(2278347,row_copy_reference):2026-09-27-12:52:16.012.514 [drv_log_user.c:623][ascend][curpid:2278347,2278347][drv][devmm][share_log_read_in_single_module]Setup device succeeded. (logical_devid=1; devid=1; vfid=0; hostpid=2278347; devpid=26596)
[INFO] DRV(2278347,row_copy_reference):2026-09-27-12:52:16.012.528 [devmm_svm.c:112][ascend][curpid:2278347,2278347][drv][devmm][devmm_set_device_info]Device info. (devid=1; dvpp_size=17179869184; support_bar_mem=1; support_dev_read_only=1; support_dev_mem_map_host=1; support_bar_huge_mem=1; allocated_by_malloc=0; host_rw_dev_ro=1)
[INFO] DRV(2278347,row_copy_reference):2026-09-27-12:52:16.012.534 [devmm_svm.c:116][ascend][curpid:2278347,2278347][drv][devmm][devmm_set_device_info]Device info. (double_pgtable_offset=17592186044416; support_host_pin_pre_register=0; support_host_mem_pool=0; is_support_giant_page=1; support_remote_mmap=1)
[INFO] DRV(2278347,row_copy_reference):2026-09-27-12:52:16.012.795 [queue_interface.c:655][ascend][curpid:2278347,2278347][drv][queuemng][queueDeviceOpen]queue open finish. (devId=1)
[INFO] RUNTIME(2278347,row_copy_reference):2026-09-27-12:52:16.012.894 [raw_device.cc:520] 2278347 Init: isAddrFlat:0
[INFO] TDT(2278347,row_copy_reference):2026-09-27-12:52:16.014.382 [tsd_client.cpp:191][TsdCapabilityGet][tid:2278347] TsdCapabilityGet Begin.
[INFO] TDT(2278347,row_copy_reference):2026-09-27-12:52:16.014.397 [process_mode_manager.cpp:1019][CapabilityGet][tid:2278347] [ProcessModeManager] enter into CapabilityGet process deviceId[1] type[0].
[INFO] TDT(2278347,row_copy_reference):2026-09-27-12:52:16.014.410 [version_verify.cpp:115][SpecialFeatureCheck][tid:2278347] VersionVerify: previous type[38], supported
[INFO] TDT(2278347,row_copy_reference):2026-09-27-12:52:16.014.451 [process_mode_manager.cpp:1042][CapabilityGet][tid:2278347] [TsdClient][deviceId=1] [sessionId=1] [type=0]send capability successfully. 
[INFO] TDT(2278347,row_copy_reference):2026-09-27-12:52:16.015.629 [process_mode_msg_parse.cpp:198][PidQosMsgProc][tid:2278347] [TsdClient] PidQosMsgProc recvMsg realDeviceId[1] msgType[39] localDevId[1] rspCode[0],pidqos[1]
[INFO] TDT(2278347,row_copy_reference):2026-09-27-12:52:16.015.638 [process_mode_manager.cpp:1047][CapabilityGet][tid:2278347] [TsdClient][logicDeviceId_=1][type=0][pidQos=1][ret=0]recv capability response finished.
[INFO] RUNTIME(2278347,row_copy_reference):2026-09-27-12:52:16.015.647 [engine.cc:78] 2278347 Engine: Constructor.
[INFO] RUNTIME(2278347,row_copy_reference):2026-09-27-12:52:16.015.651 [stars_engine.cc:47] 2278347 StarsEngine: Constructor.
[INFO] RUNTIME(2278347,row_copy_reference):2026-09-27-12:52:16.143.604 [runtime.cc:6176] 2278347 CreateReportRasThread: Start report ras thread success!
[INFO] RUNTIME(2278347,row_copy_reference):2026-09-27-12:52:16.143.980 [npu_driver.cc:6953] 2278524 GetDeviceStatus: GetDeviceStatus status=1.
[INFO] ATRACE(2278347,row_copy_reference):2026-09-27-12:52:16.214.430 [tracer_mgr_operate.c:66](tid:2278347) create object RUNTIME_ATRACE_DEV1_TS0 successfully, exitSave(false), noLock(false).
[INFO] TDT(2278347,row_copy_reference):2026-09-27-12:52:16.214.492 [client_manager.cpp:203][SetProfilingCallback][tid:2278347] [TsdClient] set profiling callback successfully
[INFO] PROFILING(2278347,row_copy_reference):2026-09-27-12:52:16.220.813 [prof_atls_plugin.cpp:231] (tid:2278347) Module[69] register callback of ctrl handle.
[INFO] ATRACE(2278347,row_copy_reference):2026-09-27-12:52:16.344.823 [tracer_mgr_operate.c:248](tid:2278347) destroy object RUNTIME_ATRACE_DEV1_TS0, exitSave(false).
[INFO] RUNTIME(2278347,row_copy_reference):2026-09-27-12:52:16.468.431 [stars_engine.cc:55] 2278347 ~StarsEngine: Destructor.
[INFO] RUNTIME(2278347,row_copy_reference):2026-09-27-12:52:16.468.472 [engine.cc:84] 2278347 ~Engine: Destructor.
[INFO] DRV(2278347,row_copy_reference):2026-09-27-12:52:16.468.517 [queue_interface.c:662][ascend][curpid:2278347,2278347][drv][queuemng][queueDeviceClose]queue close finish. (devId=1)
[INFO] DRV(2278347,row_copy_reference):2026-09-27-12:52:16.468.525 [devmm_svm.c:2345][ascend][curpid:2278347,2278347][drv][devmm][drvMemDeviceCloseInner]DrvMemDeviceClose. (devid=1)
[INFO] DRV(2278347,row_copy_reference):2026-09-27-12:52:16.468.538 [svm_mem_statistics.c:146][ascend][curpid:2278347,2278347][drv][devmm][_svm_mem_stats_show]HOST_MEM Mem stats (Bytes). (module_name=RUNTIME; module_id=7; current_alloced_size=0; allocated_peak_size=11341824; alloc_cnt=3; free_cnt=3)
[INFO] DRV(2278347,row_copy_reference):2026-09-27-12:52:16.468.545 [svm_mem_statistics.c:152][ascend][curpid:2278347,2278347][drv][devmm][_svm_mem_stats_show]HOST_MEM Cached_size:12582912Bytes
[INFO] DRV(2278347,row_copy_reference):2026-09-27-12:52:16.468.551 [svm_mem_statistics.c:146][ascend][curpid:2278347,2278347][drv][devmm][_svm_mem_stats_show]MEM_DEV_SMALL_HBM dev1 Mem stats (Bytes). (module_name=RUNTIME; module_id=7; current_alloced_size=0; allocated_peak_size=77824; alloc_cnt=4; free_cnt=4)
[INFO] DRV(2278347,row_copy_reference):2026-09-27-12:52:16.468.556 [svm_mem_statistics.c:146][ascend][curpid:2278347,2278347][drv][devmm][_svm_mem_stats_show]MEM_DEV_SMALL_HBM dev1 Mem stats (Bytes). (module_name=APP; module_id=33; current_alloced_size=0; allocated_peak_size=176128; alloc_cnt=3; free_cnt=3)
[INFO] DRV(2278347,row_copy_reference):2026-09-27-12:52:16.468.562 [svm_mem_statistics.c:152][ascend][curpid:2278347,2278347][drv][devmm][_svm_mem_stats_show]MEM_DEV_SMALL_HBM dev1 Cached_size:2097152Bytes
[INFO] DRV(2278347,row_copy_reference):2026-09-27-12:52:16.468.566 [svm_mem_statistics.c:146][ascend][curpid:2278347,2278347][drv][devmm][_svm_mem_stats_show]MEM_DEV_SMALL_DDR dev1 Mem stats (Bytes). (module_name=UNKNOWN; module_id=0; current_alloced_size=0; allocated_peak_size=4096; alloc_cnt=1; free_cnt=1)
[INFO] DRV(2278347,row_copy_reference):2026-09-27-12:52:16.468.571 [svm_mem_statistics.c:146][ascend][curpid:2278347,2278347][drv][devmm][_svm_mem_stats_show]MEM_DEV_SMALL_DDR dev1 Mem stats (Bytes). (module_name=RUNTIME; module_id=7; current_alloced_size=0; allocated_peak_size=16384; alloc_cnt=1; free_cnt=1)
[INFO] DRV(2278347,row_copy_reference):2026-09-27-12:52:16.468.576 [svm_mem_statistics.c:152][ascend][curpid:2278347,2278347][drv][devmm][_svm_mem_stats_show]MEM_DEV_SMALL_DDR dev1 Cached_size:2097152Bytes
[INFO] DRV(2278347,row_copy_reference):2026-09-27-12:52:16.468.581 [svm_mem_statistics.c:146][ascend][curpid:2278347,2278347][drv][devmm][_svm_mem_stats_show]MEM_DEV_HUGE_HBM dev1 Mem stats (Bytes). (module_name=RUNTIME; module_id=7; current_alloced_size=0; allocated_peak_size=20971520; alloc_cnt=6; free_cnt=6)
[INFO] DRV(2278347,row_copy_reference):2026-09-27-12:52:16.468.586 [svm_mem_statistics.c:152][ascend][curpid:2278347,2278347][drv][devmm][_svm_mem_stats_show]MEM_DEV_HUGE_HBM dev1 Cached_size:20971520Bytes
[INFO] DRV(2278347,row_copy_reference):2026-09-27-12:52:16.468.590 [svm_mem_statistics.c:146][ascend][curpid:2278347,2278347][drv][devmm][_svm_mem_stats_show]MEM_DEV_HUGE_DDR dev1 Mem stats (Bytes). (module_name=RUNTIME; module_id=7; current_alloced_size=0; allocated_peak_size=2097152; alloc_cnt=1; free_cnt=1)
[INFO] DRV(2278347,row_copy_reference):2026-09-27-12:52:16.468.595 [svm_mem_statistics.c:152][ascend][curpid:2278347,2278347][drv][devmm][_svm_mem_stats_show]MEM_DEV_HUGE_DDR dev1 Cached_size:2097152Bytes
[INFO] DRV(2278347,row_copy_reference):2026-09-27-12:52:16.468.599 [svm_mem_statistics.c:146][ascend][curpid:2278347,2278347][drv][devmm][_svm_mem_stats_show]MEM_DEV_HUGE_P2P_HBM dev1 Mem stats (Bytes). (module_name=RUNTIME; module_id=7; current_alloced_size=0; allocated_peak_size=4194304; alloc_cnt=1; free_cnt=1)
[INFO] DRV(2278347,row_copy_reference):2026-09-27-12:52:16.468.604 [svm_mem_statistics.c:152][ascend][curpid:2278347,2278347][drv][devmm][_svm_mem_stats_show]MEM_DEV_HUGE_P2P_HBM dev1 Cached_size:4194304Bytes
[INFO] DRV(2278347,row_copy_reference):2026-09-27-12:52:16.495.580 [drv_log_user.c:623][ascend][curpid:2278347,2278347][drv][devmm][share_log_read_in_single_module]Close logical_device. (logical_devid=1; phyid=1; vfid=0; hostpid=2278347; devpid=26596)
[INFO] DRV(2278347,row_copy_reference):2026-09-27-12:52:16.497.055 [event_sched.c:1496][ascend][curpid:2278347,2278347][drv][event-sche][eschedDeviceClose]The devId close success. (devId=1)
[INFO] TDT(2278347,row_copy_reference):2026-09-27-12:52:16.497.098 [process_mode_manager.cpp:1916][ParseTsdCloseFlag][tid:2278347] Parse tsd close flag [0]
[INFO] TDT(2278347,row_copy_reference):2026-09-27-12:52:16.497.109 [process_mode_manager.cpp:156][Close][tid:2278347] [TsdClient] Close [deviceId=1][sessionId=1] hccp and computer enter
[INFO] TDT(2278347,row_copy_reference):2026-09-27-12:52:16.497.122 [version_verify.cpp:115][SpecialFeatureCheck][tid:2278347] VersionVerify: previous type[7], supported
[INFO] TDT(2278347,row_copy_reference):2026-09-27-12:52:16.497.177 [process_mode_manager.cpp:160][Close][tid:2278347] [TsdClient][deviceId=1] [sessionId=1] wait hccp and computer process close response
[INFO] TDT(2278347,row_copy_reference):2026-09-27-12:52:16.657.361 [process_mode_manager.cpp:163][Close][tid:2278347] [TsdClient][logicDeviceId_=1]has recv close hccp and computer process response
[INFO] TDT(2278347,row_copy_reference):2026-09-27-12:52:16.657.393 [stub_process_mode_nowin.cpp:144][CloseInHost][tid:2278347] enter into CloseInHost deviceid[1]
[INFO] TDT(2278347,row_copy_reference):2026-09-27-12:52:16.657.433 [client_manager.cpp:464][IsHostEnvironment][tid:2278347] [TsdClient] logicDeviceId[1], hostaicpunum[0]
[INFO] TDT(2278347,row_copy_reference):2026-09-27-12:52:16.657.439 [stub_process_mode_nowin.cpp:147][CloseInHost][tid:2278347] host cpu does not support
[INFO] TDT(2278347,row_copy_reference):2026-09-27-12:52:16.657.480 [process_mode_manager.cpp:181][Close][tid:2278347] [TsdClient][deviceId=1] [sessionId=1] close hccp and computer process success
[INFO] ATRACE(2278347,row_copy_reference):2026-09-27-12:52:16.657.806 [atrace_client_core.c:176](tid:2278347) stop to receive device[1] trace log.
[INFO] ASCENDCL(2278347,row_copy_reference):2026-09-27-12:52:16.681.291 [resource_statistics.cpp:113]2278347 TraverseStatistics: The ResourceType:ACL_STATISTICS_MALLOC_FREE, applyTotal = 3, applySucc = 3, releaseTotal = 4, releaseSucc = 4
[INFO] ASCENDCL(2278347,row_copy_reference):2026-09-27-12:52:16.681.308 [resource_statistics.cpp:113]2278347 TraverseStatistics: The ResourceType:ACL_STATISTICS_MALLOC_FREE_HOST, applyTotal = 0, applySucc = 0, releaseTotal = 0, releaseSucc = 0
[INFO] ASCENDCL(2278347,row_copy_reference):2026-09-27-12:52:16.681.314 [resource_statistics.cpp:113]2278347 TraverseStatistics: The ResourceType:ACL_STATISTICS_CREATE_DESTROY_CONTEXT, applyTotal = 0, applySucc = 0, releaseTotal = 0, releaseSucc = 0
[INFO] ASCENDCL(2278347,row_copy_reference):2026-09-27-12:52:16.681.319 [resource_statistics.cpp:113]2278347 TraverseStatistics: The ResourceType:ACL_STATISTICS_SET_RESET_DEVICE, applyTotal = 1, applySucc = 1, releaseTotal = 1, releaseSucc = 1
[INFO] ASCENDCL(2278347,row_copy_reference):2026-09-27-12:52:16.681.323 [resource_statistics.cpp:113]2278347 TraverseStatistics: The ResourceType:ACL_STATISTICS_CREATE_DESTROY_EVENT, applyTotal = 0, applySucc = 0, releaseTotal = 0, releaseSucc = 0
[INFO] ASCENDCL(2278347,row_copy_reference):2026-09-27-12:52:16.681.327 [resource_statistics.cpp:113]2278347 TraverseStatistics: The ResourceType:ACL_STATISTICS_CREATE_DESTROY_STREAM, applyTotal = 1, applySucc = 1, releaseTotal = 1, releaseSucc = 1
[INFO] ASCENDCL(2278347,row_copy_reference):2026-09-27-12:52:16.681.331 [resource_statistics.cpp:113]2278347 TraverseStatistics: The ResourceType:ACL_STATISTICS_DVPP_MALLOC_FREE, applyTotal = 0, applySucc = 0, releaseTotal = 0, releaseSucc = 0
[INFO] ASCENDCL(2278347,row_copy_reference):2026-09-27-12:52:16.681.335 [resource_statistics.cpp:113]2278347 TraverseStatistics: The ResourceType:ACL_STATISTICS_RECORD_RESET_EVENT, applyTotal = 0, applySucc = 0, releaseTotal = 0, releaseSucc = 0
[INFO] ASCENDCL(2278347,row_copy_reference):2026-09-27-12:52:16.681.339 [resource_statistics.cpp:113]2278347 TraverseStatistics: The ResourceType:ACL_STATISTICS_CREATE_DESTROY_DATA_BUFFER, applyTotal = 0, applySucc = 0, releaseTotal = 0, releaseSucc = 0
[INFO] ASCENDCL(2278347,row_copy_reference):2026-09-27-12:52:16.681.343 [resource_statistics.cpp:113]2278347 TraverseStatistics: The ResourceType:ACL_STATISTICS_CREATE_DESTROY_TENSOR_DESC, applyTotal = 0, applySucc = 0, releaseTotal = 0, releaseSucc = 0
[INFO] ASCENDCL(2278347,row_copy_reference):2026-09-27-12:52:16.681.346 [resource_statistics.cpp:113]2278347 TraverseStatistics: The ResourceType:ACL_STATISTICS_CREATE_DESTROY_DESC, applyTotal = 0, applySucc = 0, releaseTotal = 0, releaseSucc = 0
[INFO] ASCENDCL(2278347,row_copy_reference):2026-09-27-12:52:16.681.350 [resource_statistics.cpp:113]2278347 TraverseStatistics: The ResourceType:ACL_STATISTICS_CREATE_DESTROY_DATASET, applyTotal = 0, applySucc = 0, releaseTotal = 0, releaseSucc = 0
[INFO] ASCENDCL(2278347,row_copy_reference):2026-09-27-12:52:16.681.353 [resource_statistics.cpp:113]2278347 TraverseStatistics: The ResourceType:ACL_STATISTICS_CREATE_LOAD_UNLOAD_MODEL, applyTotal = 0, applySucc = 0, releaseTotal = 0, releaseSucc = 0
[INFO] ASCENDCL(2278347,row_copy_reference):2026-09-27-12:52:16.681.358 [resource_statistics.cpp:113]2278347 TraverseStatistics: The ResourceType:ACL_STATISTICS_CREATE_DESTROY_AIPP, applyTotal = 0, applySucc = 0, releaseTotal = 0, releaseSucc = 0
[INFO] ASCENDCL(2278347,row_copy_reference):2026-09-27-12:52:16.681.361 [resource_statistics.cpp:113]2278347 TraverseStatistics: The ResourceType:ACL_STATISTICS_CREATE_DESTROY_ATTR, applyTotal = 0, applySucc = 0, releaseTotal = 0, releaseSucc = 0
[INFO] ASCENDCL(2278347,row_copy_reference):2026-09-27-12:52:16.681.365 [resource_statistics.cpp:113]2278347 TraverseStatistics: The ResourceType:ACL_STATISTICS_CREATE_DESTROY_HANDLE, applyTotal = 0, applySucc = 0, releaseTotal = 0, releaseSucc = 0
[INFO] ASCENDCL(2278347,row_copy_reference):2026-09-27-12:52:16.681.369 [resource_statistics.cpp:113]2278347 TraverseStatistics: The ResourceType:ACL_STATISTICS_CREATE_DESTROY_DVPP_CHANNEL_DESC, applyTotal = 0, applySucc = 0, releaseTotal = 0, releaseSucc = 0
[INFO] ASCENDCL(2278347,row_copy_reference):2026-09-27-12:52:16.681.373 [resource_statistics.cpp:113]2278347 TraverseStatistics: The ResourceType:ACL_STATISTICS_CREATE_DESTROY_DVPP_PIC_DESC, applyTotal = 0, applySucc = 0, releaseTotal = 0, releaseSucc = 0
[INFO] ASCENDCL(2278347,row_copy_reference):2026-09-27-12:52:16.681.376 [resource_statistics.cpp:113]2278347 TraverseStatistics: The ResourceType:ACL_STATISTICS_CREATE_DESTROY_DVPP_ROI_CONFIG, applyTotal = 0, applySucc = 0, releaseTotal = 0, releaseSucc = 0
[INFO] ASCENDCL(2278347,row_copy_reference):2026-09-27-12:52:16.681.381 [resource_statistics.cpp:113]2278347 TraverseStatistics: The ResourceType:ACL_STATISTICS_CREATE_DESTROY_DVPP_RESIZE_CONFIG, applyTotal = 0, applySucc = 0, releaseTotal = 0, releaseSucc = 0
[INFO] ASCENDCL(2278347,row_copy_reference):2026-09-27-12:52:16.681.386 [resource_statistics.cpp:113]2278347 TraverseStatistics: The ResourceType:ACL_STATISTICS_CREATE_DESTROY_DVPP_JPEGE_CONFIG, applyTotal = 0, applySucc = 0, releaseTotal = 0, releaseSucc = 0
[INFO] ASCENDCL(2278347,row_copy_reference):2026-09-27-12:52:16.681.389 [resource_statistics.cpp:113]2278347 TraverseStatistics: The ResourceType:ACL_STATISTICS_CREATE_DESTROY_VDEC_CHANNEL_DESC, applyTotal = 0, applySucc = 0, releaseTotal = 0, releaseSucc = 0
[INFO] ASCENDCL(2278347,row_copy_reference):2026-09-27-12:52:16.681.393 [resource_statistics.cpp:113]2278347 TraverseStatistics: The ResourceType:ACL_STATISTICS_CREATE_DESTROY_VENC_CHANNEL_DESC, applyTotal = 0, applySucc = 0, releaseTotal = 0, releaseSucc = 0
[INFO] ASCENDCL(2278347,row_copy_reference):2026-09-27-12:52:16.681.396 [resource_statistics.cpp:113]2278347 TraverseStatistics: The ResourceType:ACL_STATISTICS_CREATE_DESTROY_DVPP_STREAM_DESC, applyTotal = 0, applySucc = 0, releaseTotal = 0, releaseSucc = 0
[INFO] ASCENDCL(2278347,row_copy_reference):2026-09-27-12:52:16.681.400 [resource_statistics.cpp:113]2278347 TraverseStatistics: The ResourceType:ACL_STATISTICS_CREATE_DESTROY_VDEC_FRAME_CONFIG, applyTotal = 0, applySucc = 0, releaseTotal = 0, releaseSucc = 0
[INFO] ASCENDCL(2278347,row_copy_reference):2026-09-27-12:52:16.681.404 [resource_statistics.cpp:113]2278347 TraverseStatistics: The ResourceType:ACL_STATISTICS_CREATE_DESTROY_VENC_FRAME_CONFIG, applyTotal = 0, applySucc = 0, releaseTotal = 0, releaseSucc = 0
[INFO] ASCENDCL(2278347,row_copy_reference):2026-09-27-12:52:16.681.407 [resource_statistics.cpp:113]2278347 TraverseStatistics: The ResourceType:ACL_STATISTICS_CREATE_DESTROY_DVPP_CHANNEL, applyTotal = 0, applySucc = 0, releaseTotal = 0, releaseSucc = 0
[INFO] ASCENDCL(2278347,row_copy_reference):2026-09-27-12:52:16.681.411 [resource_statistics.cpp:113]2278347 TraverseStatistics: The ResourceType:ACL_STATISTICS_CREATE_DESTROY_VDEC_CHANNEL, applyTotal = 0, applySucc = 0, releaseTotal = 0, releaseSucc = 0
[INFO] ASCENDCL(2278347,row_copy_reference):2026-09-27-12:52:16.681.414 [resource_statistics.cpp:113]2278347 TraverseStatistics: The ResourceType:ACL_STATISTICS_CREATE_DESTROY_VENC_CHANNEL, applyTotal = 0, applySucc = 0, releaseTotal = 0, releaseSucc = 0
[INFO] ASCENDCL(2278347,row_copy_reference):2026-09-27-12:52:16.681.417 [resource_statistics.cpp:113]2278347 TraverseStatistics: The ResourceType:ACL_STATISTICS_CREATE_DESTROY_DVPP_BATCH_PIC_DESC, applyTotal = 0, applySucc = 0, releaseTotal = 0, releaseSucc = 0
[INFO] ASCENDCL(2278347,row_copy_reference):2026-09-27-12:52:16.681.421 [resource_statistics.cpp:113]2278347 TraverseStatistics: The ResourceType:ACL_STATISTICS_CREATE_DESTROY_GROUP_INFO, applyTotal = 0, applySucc = 0, releaseTotal = 0, releaseSucc = 0
[INFO] ASCENDCL(2278347,row_copy_reference):2026-09-27-12:52:16.681.424 [resource_statistics.cpp:113]2278347 TraverseStatistics: The ResourceType:ACL_STATISTICS_CREATE_DESTROY_PROF_CONFIG, applyTotal = 0, applySucc = 0, releaseTotal = 0, releaseSucc = 0
[INFO] ASCENDCL(2278347,row_copy_reference):2026-09-27-12:52:16.681.428 [resource_statistics.cpp:113]2278347 TraverseStatistics: The ResourceType:ACL_STATISTICS_CREATE_DESTROY_PROF_SUB_CONFIG, applyTotal = 0, applySucc = 0, releaseTotal = 0, releaseSucc = 0
[INFO] ASCENDCL(2278347,row_copy_reference):2026-09-27-12:52:16.681.432 [resource_statistics.cpp:113]2278347 TraverseStatistics: The ResourceType:ACL_STATISTICS_CREATE_DESTROY_MODEL_CONFIG, applyTotal = 0, applySucc = 0, releaseTotal = 0, releaseSucc = 0
[INFO] ASCENDCL(2278347,row_copy_reference):2026-09-27-12:52:16.681.435 [resource_statistics.cpp:113]2278347 TraverseStatistics: The ResourceType:ACL_STATISTICS_CREATE_DESTROY_QUEUE_ID, applyTotal = 0, applySucc = 0, releaseTotal = 0, releaseSucc = 0
[INFO] ASCENDCL(2278347,row_copy_reference):2026-09-27-12:52:16.681.438 [resource_statistics.cpp:113]2278347 TraverseStatistics: The ResourceType:ACL_STATISTICS_CREATE_DESTROY_QUEUE_ATTR, applyTotal = 0, applySucc = 0, releaseTotal = 0, releaseSucc = 0
[INFO] ASCENDCL(2278347,row_copy_reference):2026-09-27-12:52:16.681.442 [resource_statistics.cpp:113]2278347 TraverseStatistics: The ResourceType:ACL_STATISTICS_CREATE_DESTROY_QUEUE_ROUTE, applyTotal = 0, applySucc = 0, releaseTotal = 0, releaseSucc = 0
[INFO] ASCENDCL(2278347,row_copy_reference):2026-09-27-12:52:16.681.447 [resource_statistics.cpp:113]2278347 TraverseStatistics: The ResourceType:ACL_STATISTICS_CREATE_DESTROY_QUEUE_ROUTE_LIST, applyTotal = 0, applySucc = 0, releaseTotal = 0, releaseSucc = 0
[INFO] ASCENDCL(2278347,row_copy_reference):2026-09-27-12:52:16.681.450 [resource_statistics.cpp:113]2278347 TraverseStatistics: The ResourceType:ACL_STATISTICS_CREATE_DESTROY_QUEUE_ROUTE_QUERY, applyTotal = 0, applySucc = 0, releaseTotal = 0, releaseSucc = 0
[INFO] ASCENDCL(2278347,row_copy_reference):2026-09-27-12:52:16.681.453 [resource_statistics.cpp:113]2278347 TraverseStatistics: The ResourceType:ACL_STATISTICS_CREATE_DESTROY_MBUF, applyTotal = 0, applySucc = 0, releaseTotal = 0, releaseSucc = 0
[INFO] ASCENDCL(2278347,row_copy_reference):2026-09-27-12:52:16.681.457 [resource_statistics.cpp:113]2278347 TraverseStatistics: The ResourceType:ACL_STATISTICS_CREATE_DESTROY_GRAPH_DUMP_OPTION, applyTotal = 0, applySucc = 0, releaseTotal = 0, releaseSucc = 0
[INFO] ASCENDCL(2278347,row_copy_reference):2026-09-27-12:52:16.681.460 [resource_statistics.cpp:113]2278347 TraverseStatistics: The ResourceType:ACL_STATISTICS_CREATE_DESTROY_ALLOCATOR_DESC, applyTotal = 0, applySucc = 0, releaseTotal = 0, releaseSucc = 0
[INFO] ASCENDCL(2278347,row_copy_reference):2026-09-27-12:52:16.681.464 [resource_statistics.cpp:113]2278347 TraverseStatistics: The ResourceType:ACL_STATISTICS_CREATE_DESTROY_ALLOCATOR_BINARY_DESC, applyTotal = 0, applySucc = 0, releaseTotal = 0, releaseSucc = 0
[INFO] ASCENDCL(2278347,row_copy_reference):2026-09-27-12:52:16.681.467 [resource_statistics.cpp:113]2278347 TraverseStatistics: The ResourceType:ACL_STATISTICS_RESERVE_RELEASE_MEMORY_ADDRESS, applyTotal = 0, applySucc = 0, releaseTotal = 0, releaseSucc = 0
[INFO] ASCENDCL(2278347,row_copy_reference):2026-09-27-12:52:16.681.470 [resource_statistics.cpp:113]2278347 TraverseStatistics: The ResourceType:ACL_STATISTICS_MALLOC_FREE_PHYSICAL_MEMORY, applyTotal = 0, applySucc = 0, releaseTotal = 0, releaseSucc = 0
[INFO] ASCENDCL(2278347,row_copy_reference):2026-09-27-12:52:16.681.474 [resource_statistics.cpp:113]2278347 TraverseStatistics: The ResourceType:ACL_STATISTICS_MAP_UNMAP_MEMORY, applyTotal = 0, applySucc = 0, releaseTotal = 0, releaseSucc = 0
[INFO] ASCENDCL(2278347,row_copy_reference):2026-09-27-12:52:16.681.477 [resource_statistics.cpp:113]2278347 TraverseStatistics: The ResourceType:ACL_STATISTICS_LOAD_UNLOAD_BINARY, applyTotal = 0, applySucc = 0, releaseTotal = 0, releaseSucc = 0
[EVENT] PROFILING(2278347,row_copy_reference):2026-09-27-12:52:16.681.494 [msprof_callback_impl.cpp:111] >>> (tid:2278347) MsprofCtrlCallback called, type: 3
[EVENT] PROFILING(2278347,row_copy_reference):2026-09-27-12:52:16.681.502 [ai_drv_dev_api.cpp:333] >>> (tid:2278347) Succeeded to DrvGetApiVersion version: 0x72318
[INFO] RUNTIME(2278347,row_copy_reference):2026-09-27-12:52:17.007.617 [runtime.cc:1667] 2278347 ~Runtime: runtime destructor.
[INFO] RUNTIME(2278347,row_copy_reference):2026-09-27-12:52:17.189.881 [runtime.cc:6218] 2278525 ReportRasRun: Report ras thread exits normally!
[INFO] RUNTIME(2278347,row_copy_reference):2026-09-27-12:52:17.190.025 [runtime.cc:6186] 2278347 DestroyReportRasThread: Join report ras thread OK.
[INFO] RUNTIME(2278347,row_copy_reference):2026-09-27-12:52:17.190.043 [runtime.cc:1755] 2278347 WaitMonitorExit: wait monitor success, used count=0.
[INFO] ATRACE(2278347,row_copy_reference):2026-09-27-12:52:17.242.038 [atrace_client_core.c:127](tid:2278497) atrace receive thread exited, devId=1.
[INFO] RUNTIME(2278347,row_copy_reference):2026-09-27-12:52:17.299.788 [task_fail_callback_data_manager.cc:93] 2278347 ~TaskFailCallBackManager: Destructor.
[INFO] ATRACE(2278347,row_copy_reference):2026-09-27-12:52:17.301.060 [stacktrace_signal.c:194](tid:2278347) unregister all signal handlers, can not capture signal.
NPU_PROBE PASS device=1 rows=5 D=4096 elements=20480 exact=1
RUN_RC=0 rows=5 cols=4096
RUN shape rows=3 cols=8192 device=1
[INFO] RUNTIME(2278889,row_copy_reference):2026-09-27-12:52:17.583.079 [task_fail_callback_data_manager.cc:88] 2278889 TaskFailCallBackManager: Constructor.
[EVENT] PROFILING(2278889,row_copy_reference):2026-09-27-12:52:17.668.962 [msprof_callback_impl.cpp:359] >>> (tid:2278889) Started to register profiling ctrl callback.
[EVENT] PROFILING(2278889,row_copy_reference):2026-09-27-12:52:17.669.142 [msprof_callback_impl.cpp:366] >>> (tid:2278889) Started to register profiling hash id callback.
[INFO] PROFILING(2278889,row_copy_reference):2026-09-27-12:52:17.669.153 [prof_atls_plugin.cpp:118] (tid:2278889) RegisterProfileCallback, callback type is 7
[EVENT] PROFILING(2278889,row_copy_reference):2026-09-27-12:52:17.669.158 [msprof_callback_impl.cpp:373] >>> (tid:2278889) Started to register profiling enable host freq callback.
[INFO] PROFILING(2278889,row_copy_reference):2026-09-27-12:52:17.669.163 [prof_atls_plugin.cpp:118] (tid:2278889) RegisterProfileCallback, callback type is 8
[EVENT] PROFILING(2278889,row_copy_reference):2026-09-27-12:52:17.669.167 [msprof_callback_impl.cpp:380] >>> (tid:2278889) Started to register profiling typeId callback.
[INFO] PROFILING(2278889,row_copy_reference):2026-09-27-12:52:17.669.171 [prof_atls_plugin.cpp:118] (tid:2278889) RegisterProfileCallback, callback type is 6
[INFO] PROFILING(2278889,row_copy_reference):2026-09-27-12:52:17.697.947 [prof_atls_plugin.cpp:231] (tid:2278889) Module[45] register callback of ctrl handle.
[INFO] GE(2278889,row_copy_reference):2026-09-27-12:52:18.256.573 [op_tiling_manager.cc:109]2278889 ~FuncPerfScope:[GEPERFTRACE] The time cost of OpTilingManager::LoadSo is [558566] micro seconds.
[INFO] PROFILING(2278889,row_copy_reference):2026-09-27-12:52:18.320.522 [prof_atls_plugin.cpp:231] (tid:2278889) Module[6] register callback of ctrl handle.
[INFO] RUNTIME(2278889,row_copy_reference):2026-09-27-12:52:19.373.412 [runtime_keeper.cc:158] 2278889 CreateRuntimeImpl: Open libruntime_v100.so successfully
[INFO] RUNTIME(2278889,row_copy_reference):2026-09-27-12:52:19.373.531 [runtime.cc:5638] 2278889 GetVisibleDevices: ASCEND_RT_VISIBLE_DEVICES param was not set
[INFO] TDT(2278889,row_copy_reference):2026-09-27-12:52:19.375.799 [package_worker_factory.cpp:40][RegisterPackageWorkerCreator][tid:2278889] Register[4] package worker was created successfully
[INFO] TDT(2278889,row_copy_reference):2026-09-27-12:52:19.375.851 [package_worker_factory.cpp:40][RegisterPackageWorkerCreator][tid:2278889] Register[6] package worker was created successfully
[INFO] TDT(2278889,row_copy_reference):2026-09-27-12:52:19.375.859 [package_worker_factory.cpp:40][RegisterPackageWorkerCreator][tid:2278889] Register[5] package worker was created successfully
[INFO] TDT(2278889,row_copy_reference):2026-09-27-12:52:19.375.871 [package_worker_factory.cpp:40][RegisterPackageWorkerCreator][tid:2278889] Register[0] package worker was created successfully
[INFO] TDT(2278889,row_copy_reference):2026-09-27-12:52:19.375.879 [package_worker_factory.cpp:40][RegisterPackageWorkerCreator][tid:2278889] Register[1] package worker was created successfully
[INFO] TDT(2278889,row_copy_reference):2026-09-27-12:52:19.375.884 [package_worker_factory.cpp:40][RegisterPackageWorkerCreator][tid:2278889] Register[8] package worker was created successfully
[INFO] TDT(2278889,row_copy_reference):2026-09-27-12:52:19.375.891 [package_worker_factory.cpp:40][RegisterPackageWorkerCreator][tid:2278889] Register[2] package worker was created successfully
[INFO] TDT(2278889,row_copy_reference):2026-09-27-12:52:19.375.897 [package_worker_factory.cpp:40][RegisterPackageWorkerCreator][tid:2278889] Register[3] package worker was created successfully
[INFO] PROFILING(2278889,row_copy_reference):2026-09-27-12:52:19.376.093 [prof_atls_plugin.cpp:231] (tid:2278889) Module[7] register callback of ctrl handle.
[INFO] PROFILING(2278889,row_copy_reference):2026-09-27-12:52:19.376.151 [prof_atls_plugin.cpp:231] (tid:2278889) Module[48] register callback of ctrl handle.
[EVENT] PROFILING(2278889,row_copy_reference):2026-09-27-12:52:19.376.174 [msprof_callback_impl.cpp:111] >>> (tid:2278889) MsprofCtrlCallback called, type: 255
[EVENT] PROFILING(2278889,row_copy_reference):2026-09-27-12:52:19.376.383 [ai_drv_dev_api.cpp:333] >>> (tid:2278889) Succeeded to DrvGetApiVersion version: 0x72318
[INFO] ASCENDCL(2278889,row_copy_reference):2026-09-27-12:52:19.376.613 [acl.cpp:253]2278889 GetAllPackageVersion: Version of runtime package is 8.5.0.alpha002
[INFO] ASCENDCL(2278889,row_copy_reference):2026-09-27-12:52:19.376.658 [acl.cpp:253]2278889 GetAllPackageVersion: Version of runtime package is 8.5.0.alpha002
[INFO] ASCENDCL(2278889,row_copy_reference):2026-09-27-12:52:19.376.701 [acl.cpp:253]2278889 GetAllPackageVersion: Version of compiler package is 8.5.0.alpha002
[INFO] ASCENDCL(2278889,row_copy_reference):2026-09-27-12:52:19.376.748 [acl.cpp:253]2278889 GetAllPackageVersion: Version of hccl package is 8.5.0.alpha002
[INFO] ASCENDCL(2278889,row_copy_reference):2026-09-27-12:52:19.376.792 [acl.cpp:253]2278889 GetAllPackageVersion: Version of toolkit package is 8.5.0.alpha002
[INFO] ASCENDCL(2278889,row_copy_reference):2026-09-27-12:52:19.376.833 [acl.cpp:253]2278889 GetAllPackageVersion: Version of opp package is 8.5.0.alpha002
[INFO] ASCENDCL(2278889,row_copy_reference):2026-09-27-12:52:19.376.876 [acl.cpp:253]2278889 GetAllPackageVersion: Version of opp_kernel package is 8.5.0.alpha002
[INFO] ASCENDCL(2278889,row_copy_reference):2026-09-27-12:52:19.376.941 [acl.cpp:253]2278889 GetAllPackageVersion: Version of driver package is 25.0.rc1.1
[INFO] ATRACE(2278889,row_copy_reference):2026-09-27-12:52:19.380.827 [atrace_client_core.c:160](tid:2278889) start to receive device[1] trace log.
[INFO] ASCENDCL(2278889,row_copy_reference):2026-09-27-12:52:19.380.856 [acl_resource_manager.cpp:133]2278889 GetRuntimeV2Env: runtime v2 flag : model flag = 1, singleOp flag = 1
[INFO] TDT(2278889,row_copy_reference):2026-09-27-12:52:19.380.924 [client_manager.cpp:464][IsHostEnvironment][tid:2278889] [TsdClient] logicDeviceId[1], hostaicpunum[0]
[INFO] TDT(2278889,row_copy_reference):2026-09-27-12:52:19.380.935 [client_manager.cpp:493][GetClientRunMode][tid:2278889] runMode:0
[INFO] TDT(2278889,row_copy_reference):2026-09-27-12:52:19.380.939 [client_manager.cpp:133][GetInstance][tid:2278889] [ClientManager] Current mode:1
[INFO] TDT(2278889,row_copy_reference):2026-09-27-12:52:19.380.955 [process_mode_base.cpp:152][GetLogLevel][tid:2278889] [TsdClient] get ASCEND_GLOBAL_LOG_LEVEL [] ASCEND_GLOBAL_EVENT_ENABLE [] ASCEND_MODULE_LOG_LEVEL []
[INFO] TDT(2278889,row_copy_reference):2026-09-27-12:52:19.381.024 [process_mode_manager.cpp:79][OpenProcess][tid:2278889] [ProcessModeManager] enter into open process deviceId[1] rankSize[0]
[INFO] TDT(2278889,row_copy_reference):2026-09-27-12:52:19.381.271 [client_manager.cpp:290][CheckPackageExistsOnce][tid:2278889] [TsdClient][deviceId=1] set package path[/usr/local/Ascend/ascend-toolkit/latest/opp/Ascend/aicpu/], package name[Ascend-aicpu_syskernels.tar.gz], packageType[0]
[INFO] TDT(2278889,row_copy_reference):2026-09-27-12:52:19.381.468 [client_manager.cpp:290][CheckPackageExistsOnce][tid:2278889] [TsdClient][deviceId=1] set package path[/usr/local/Ascend/ascend-toolkit/latest/opp/Ascend/aicpu/], package name[Ascend-aicpu_extend_syskernels.tar.gz], packageType[1]
[INFO] TDT(2278889,row_copy_reference):2026-09-27-12:52:19.381.588 [client_manager.cpp:279][CheckPackageExistsOnce][tid:2278889] [TsdClient][deviceId=1] pkg size[0] in path[/usr/local/Ascend/ascend-toolkit/latest/opp/built-in/] must be only one, skip send package, packageType[6]
[INFO] TDT(2278889,row_copy_reference):2026-09-27-12:52:19.381.678 [process_mode_manager.cpp:470][InitTsdClient][tid:2278889] [TsdClient] deviceId[1] begin to init hdc client
[INFO] TDT(2278889,row_copy_reference):2026-09-27-12:52:19.381.809 [version_verify.cpp:37][SetVersionInfo][tid:2278889] VersionVerify: send client version to server
[INFO] TDT(2278889,row_copy_reference):2026-09-27-12:52:19.382.536 [version_verify.cpp:69][PeerVersionCheck][tid:2278889] VersionVerify: Check client version info, server[1230], client[1230]
[INFO] TDT(2278889,row_copy_reference):2026-09-27-12:52:19.382.551 [version_verify.cpp:90][ParseVersionInfo][tid:2278889] VersionVerify: pass client version info success
[INFO] TDT(2278889,row_copy_reference):2026-09-27-12:52:19.382.557 [hdc_client.cpp:273][CheckHdcConnection][tid:2278889] Service[2] create hdc successfully.
[INFO] TDT(2278889,row_copy_reference):2026-09-27-12:52:19.382.574 [version_verify.cpp:123][SpecialFeatureCheck][tid:2278889] VersionVerify: new type[35], supported
[INFO] TDT(2278889,row_copy_reference):2026-09-27-12:52:19.382.625 [process_mode_manager.cpp:711][GetDeviceCheckCodeOnce][tid:2278889] [TsdClient][deviceId=1] [sessionId=1] wait package info response
[INFO] TDT(2278889,row_copy_reference):2026-09-27-12:52:19.383.685 [version_verify.cpp:123][SpecialFeatureCheck][tid:2278889] VersionVerify: new type[64], supported
[INFO] TDT(2278889,row_copy_reference):2026-09-27-12:52:19.383.753 [process_mode_manager.cpp:423][SendAICPUPackage][tid:2278889] [TsdClient][deviceId_=1] the checksum of host package[62399746] is the same as device[62399746], skip send package.
[INFO] TDT(2278889,row_copy_reference):2026-09-27-12:52:19.383.767 [process_mode_manager.cpp:1843][SendCommonPackage][tid:2278889] [TsdClient][deviceId_=1] package is not existed, skip send, packageType[6]
[INFO] TDT(2278889,row_copy_reference):2026-09-27-12:52:19.383.774 [process_mode_manager.cpp:1957][LoadDriverExtendPkg][tid:2278889] The device-sw-plugin package not found; skipping send to device.
[INFO] TDT(2278889,row_copy_reference):2026-09-27-12:52:19.383.783 [process_mode_manager.cpp:470][InitTsdClient][tid:2278889] [TsdClient] deviceId[1] begin to init hdc client
[INFO] TDT(2278889,row_copy_reference):2026-09-27-12:52:19.383.932 [version_verify.cpp:37][SetVersionInfo][tid:2278889] VersionVerify: send client version to server
[INFO] TDT(2278889,row_copy_reference):2026-09-27-12:52:19.384.332 [version_verify.cpp:69][PeerVersionCheck][tid:2278889] VersionVerify: Check client version info, server[1230], client[1230]
[INFO] TDT(2278889,row_copy_reference):2026-09-27-12:52:19.384.344 [version_verify.cpp:90][ParseVersionInfo][tid:2278889] VersionVerify: pass client version info success
[INFO] TDT(2278889,row_copy_reference):2026-09-27-12:52:19.384.349 [hdc_client.cpp:273][CheckHdcConnection][tid:2278889] Service[2] create hdc successfully.
[INFO] TDT(2278889,row_copy_reference):2026-09-27-12:52:19.384.364 [process_mode_manager.cpp:537][ConstructOpenMsg][tid:2278889] [TsdClient] tsd get process sign successfully, procpid[2278889] signSize[48]
[INFO] TDT(2278889,row_copy_reference):2026-09-27-12:52:19.384.376 [version_verify.cpp:115][SpecialFeatureCheck][tid:2278889] VersionVerify: previous type[6], supported
[INFO] TDT(2278889,row_copy_reference):2026-09-27-12:52:19.384.396 [process_mode_manager.cpp:98][OpenProcess][tid:2278889] [ProcessModeManager] deviceId[1] sessionId[1] rankSize[0], wait subprocess start response
[INFO] TDT(2278889,row_copy_reference):2026-09-27-12:52:19.591.420 [stub_process_mode_nowin.cpp:62][ProcessQueueForMdc][tid:2278889] [TsdClient] it is unnecessary for current mode[0] to grant queue auth to aicpusd
[INFO] TDT(2278889,row_copy_reference):2026-09-27-12:52:19.591.464 [stub_process_mode_nowin.cpp:101][OpenInHost][tid:2278889] enter into OpenInHost deviceid[1]
[INFO] TDT(2278889,row_copy_reference):2026-09-27-12:52:19.591.508 [client_manager.cpp:464][IsHostEnvironment][tid:2278889] [TsdClient] logicDeviceId[1], hostaicpunum[0]
[INFO] TDT(2278889,row_copy_reference):2026-09-27-12:52:19.591.516 [stub_process_mode_nowin.cpp:105][OpenInHost][tid:2278889] host cpu does not support
[INFO] TDT(2278889,row_copy_reference):2026-09-27-12:52:19.591.520 [process_mode_manager.cpp:123][OpenProcess][tid:2278889] [TsdClient][deviceId=1] [sessionId=1] start hccp and computer process success
[INFO] DRV(2278889,row_copy_reference):2026-09-27-12:52:19.591.547 [event_sched.c:1517][ascend][curpid:2278889,2278889][drv][event-sche][eschedDeviceOpen]The devId open success. (devId=1)
[INFO] DRV(2278889,row_copy_reference):2026-09-27-12:52:19.595.249 [devmm_svm.c:126][ascend][curpid:2278889,2278889][drv][devmm][devmm_setup_device]DrvMemDeviceOpen. (devid=1)
[INFO] DRV(2278889,row_copy_reference):2026-09-27-12:52:19.597.237 [devmm_virt_interface.c:450][ascend][curpid:2278889,2278889][drv][devmm][devmm_ioctl_init_process]Init_process details. (hostpid=2278889)
[INFO] DRV(2278889,row_copy_reference):2026-09-27-12:52:19.597.558 [drv_log_user.c:623][ascend][curpid:2278889,2278889][drv][devmm][share_log_read_in_single_module]Setup device succeeded. (logical_devid=1; devid=1; vfid=0; hostpid=2278889; devpid=26876)
[INFO] DRV(2278889,row_copy_reference):2026-09-27-12:52:19.597.585 [devmm_svm.c:112][ascend][curpid:2278889,2278889][drv][devmm][devmm_set_device_info]Device info. (devid=1; dvpp_size=17179869184; support_bar_mem=1; support_dev_read_only=1; support_dev_mem_map_host=1; support_bar_huge_mem=1; allocated_by_malloc=0; host_rw_dev_ro=1)
[INFO] DRV(2278889,row_copy_reference):2026-09-27-12:52:19.597.593 [devmm_svm.c:116][ascend][curpid:2278889,2278889][drv][devmm][devmm_set_device_info]Device info. (double_pgtable_offset=17592186044416; support_host_pin_pre_register=0; support_host_mem_pool=0; is_support_giant_page=1; support_remote_mmap=1)
[INFO] DRV(2278889,row_copy_reference):2026-09-27-12:52:19.597.841 [queue_interface.c:655][ascend][curpid:2278889,2278889][drv][queuemng][queueDeviceOpen]queue open finish. (devId=1)
[INFO] RUNTIME(2278889,row_copy_reference):2026-09-27-12:52:19.597.927 [raw_device.cc:520] 2278889 Init: isAddrFlat:0
[INFO] TDT(2278889,row_copy_reference):2026-09-27-12:52:19.599.189 [tsd_client.cpp:191][TsdCapabilityGet][tid:2278889] TsdCapabilityGet Begin.
[INFO] TDT(2278889,row_copy_reference):2026-09-27-12:52:19.599.206 [process_mode_manager.cpp:1019][CapabilityGet][tid:2278889] [ProcessModeManager] enter into CapabilityGet process deviceId[1] type[0].
[INFO] TDT(2278889,row_copy_reference):2026-09-27-12:52:19.599.219 [version_verify.cpp:115][SpecialFeatureCheck][tid:2278889] VersionVerify: previous type[38], supported
[INFO] TDT(2278889,row_copy_reference):2026-09-27-12:52:19.599.261 [process_mode_manager.cpp:1042][CapabilityGet][tid:2278889] [TsdClient][deviceId=1] [sessionId=1] [type=0]send capability successfully. 
[INFO] TDT(2278889,row_copy_reference):2026-09-27-12:52:19.600.357 [process_mode_msg_parse.cpp:198][PidQosMsgProc][tid:2278889] [TsdClient] PidQosMsgProc recvMsg realDeviceId[1] msgType[39] localDevId[1] rspCode[0],pidqos[1]
[INFO] TDT(2278889,row_copy_reference):2026-09-27-12:52:19.600.370 [process_mode_manager.cpp:1047][CapabilityGet][tid:2278889] [TsdClient][logicDeviceId_=1][type=0][pidQos=1][ret=0]recv capability response finished.
[INFO] RUNTIME(2278889,row_copy_reference):2026-09-27-12:52:19.600.380 [engine.cc:78] 2278889 Engine: Constructor.
[INFO] RUNTIME(2278889,row_copy_reference):2026-09-27-12:52:19.600.388 [stars_engine.cc:47] 2278889 StarsEngine: Constructor.
[INFO] RUNTIME(2278889,row_copy_reference):2026-09-27-12:52:19.745.228 [runtime.cc:6176] 2278889 CreateReportRasThread: Start report ras thread success!
[INFO] RUNTIME(2278889,row_copy_reference):2026-09-27-12:52:19.745.632 [npu_driver.cc:6953] 2279227 GetDeviceStatus: GetDeviceStatus status=1.
[INFO] ATRACE(2278889,row_copy_reference):2026-09-27-12:52:19.806.494 [tracer_mgr_operate.c:66](tid:2278889) create object RUNTIME_ATRACE_DEV1_TS0 successfully, exitSave(false), noLock(false).
[INFO] TDT(2278889,row_copy_reference):2026-09-27-12:52:19.806.539 [client_manager.cpp:203][SetProfilingCallback][tid:2278889] [TsdClient] set profiling callback successfully
[INFO] PROFILING(2278889,row_copy_reference):2026-09-27-12:52:19.812.594 [prof_atls_plugin.cpp:231] (tid:2278889) Module[69] register callback of ctrl handle.
[INFO] ATRACE(2278889,row_copy_reference):2026-09-27-12:52:19.946.580 [tracer_mgr_operate.c:248](tid:2278889) destroy object RUNTIME_ATRACE_DEV1_TS0, exitSave(false).
[INFO] RUNTIME(2278889,row_copy_reference):2026-09-27-12:52:20.207.548 [stars_engine.cc:55] 2278889 ~StarsEngine: Destructor.
[INFO] RUNTIME(2278889,row_copy_reference):2026-09-27-12:52:20.207.604 [engine.cc:84] 2278889 ~Engine: Destructor.
[INFO] DRV(2278889,row_copy_reference):2026-09-27-12:52:20.207.673 [queue_interface.c:662][ascend][curpid:2278889,2278889][drv][queuemng][queueDeviceClose]queue close finish. (devId=1)
[INFO] DRV(2278889,row_copy_reference):2026-09-27-12:52:20.207.682 [devmm_svm.c:2345][ascend][curpid:2278889,2278889][drv][devmm][drvMemDeviceCloseInner]DrvMemDeviceClose. (devid=1)
[INFO] DRV(2278889,row_copy_reference):2026-09-27-12:52:20.207.707 [svm_mem_statistics.c:146][ascend][curpid:2278889,2278889][drv][devmm][_svm_mem_stats_show]HOST_MEM Mem stats (Bytes). (module_name=RUNTIME; module_id=7; current_alloced_size=0; allocated_peak_size=11341824; alloc_cnt=3; free_cnt=3)
[INFO] DRV(2278889,row_copy_reference):2026-09-27-12:52:20.207.715 [svm_mem_statistics.c:152][ascend][curpid:2278889,2278889][drv][devmm][_svm_mem_stats_show]HOST_MEM Cached_size:12582912Bytes
[INFO] DRV(2278889,row_copy_reference):2026-09-27-12:52:20.207.721 [svm_mem_statistics.c:146][ascend][curpid:2278889,2278889][drv][devmm][_svm_mem_stats_show]MEM_DEV_SMALL_HBM dev1 Mem stats (Bytes). (module_name=RUNTIME; module_id=7; current_alloced_size=0; allocated_peak_size=77824; alloc_cnt=4; free_cnt=4)
[INFO] DRV(2278889,row_copy_reference):2026-09-27-12:52:20.207.741 [svm_mem_statistics.c:146][ascend][curpid:2278889,2278889][drv][devmm][_svm_mem_stats_show]MEM_DEV_SMALL_HBM dev1 Mem stats (Bytes). (module_name=APP; module_id=33; current_alloced_size=0; allocated_peak_size=208896; alloc_cnt=3; free_cnt=3)
[INFO] DRV(2278889,row_copy_reference):2026-09-27-12:52:20.207.749 [svm_mem_statistics.c:152][ascend][curpid:2278889,2278889][drv][devmm][_svm_mem_stats_show]MEM_DEV_SMALL_HBM dev1 Cached_size:2097152Bytes
[INFO] DRV(2278889,row_copy_reference):2026-09-27-12:52:20.207.754 [svm_mem_statistics.c:146][ascend][curpid:2278889,2278889][drv][devmm][_svm_mem_stats_show]MEM_DEV_SMALL_DDR dev1 Mem stats (Bytes). (module_name=UNKNOWN; module_id=0; current_alloced_size=0; allocated_peak_size=4096; alloc_cnt=1; free_cnt=1)
[INFO] DRV(2278889,row_copy_reference):2026-09-27-12:52:20.207.759 [svm_mem_statistics.c:146][ascend][curpid:2278889,2278889][drv][devmm][_svm_mem_stats_show]MEM_DEV_SMALL_DDR dev1 Mem stats (Bytes). (module_name=RUNTIME; module_id=7; current_alloced_size=0; allocated_peak_size=16384; alloc_cnt=1; free_cnt=1)
[INFO] DRV(2278889,row_copy_reference):2026-09-27-12:52:20.207.765 [svm_mem_statistics.c:152][ascend][curpid:2278889,2278889][drv][devmm][_svm_mem_stats_show]MEM_DEV_SMALL_DDR dev1 Cached_size:2097152Bytes
[INFO] DRV(2278889,row_copy_reference):2026-09-27-12:52:20.207.775 [svm_mem_statistics.c:146][ascend][curpid:2278889,2278889][drv][devmm][_svm_mem_stats_show]MEM_DEV_HUGE_HBM dev1 Mem stats (Bytes). (module_name=RUNTIME; module_id=7; current_alloced_size=0; allocated_peak_size=20971520; alloc_cnt=6; free_cnt=6)
[INFO] DRV(2278889,row_copy_reference):2026-09-27-12:52:20.207.781 [svm_mem_statistics.c:152][ascend][curpid:2278889,2278889][drv][devmm][_svm_mem_stats_show]MEM_DEV_HUGE_HBM dev1 Cached_size:20971520Bytes
[INFO] DRV(2278889,row_copy_reference):2026-09-27-12:52:20.207.785 [svm_mem_statistics.c:146][ascend][curpid:2278889,2278889][drv][devmm][_svm_mem_stats_show]MEM_DEV_HUGE_DDR dev1 Mem stats (Bytes). (module_name=RUNTIME; module_id=7; current_alloced_size=0; allocated_peak_size=2097152; alloc_cnt=1; free_cnt=1)
[INFO] DRV(2278889,row_copy_reference):2026-09-27-12:52:20.207.791 [svm_mem_statistics.c:152][ascend][curpid:2278889,2278889][drv][devmm][_svm_mem_stats_show]MEM_DEV_HUGE_DDR dev1 Cached_size:2097152Bytes
[INFO] DRV(2278889,row_copy_reference):2026-09-27-12:52:20.207.796 [svm_mem_statistics.c:146][ascend][curpid:2278889,2278889][drv][devmm][_svm_mem_stats_show]MEM_DEV_HUGE_P2P_HBM dev1 Mem stats (Bytes). (module_name=RUNTIME; module_id=7; current_alloced_size=0; allocated_peak_size=4194304; alloc_cnt=1; free_cnt=1)
[INFO] DRV(2278889,row_copy_reference):2026-09-27-12:52:20.207.801 [svm_mem_statistics.c:152][ascend][curpid:2278889,2278889][drv][devmm][_svm_mem_stats_show]MEM_DEV_HUGE_P2P_HBM dev1 Cached_size:4194304Bytes
[INFO] DRV(2278889,row_copy_reference):2026-09-27-12:52:20.237.484 [drv_log_user.c:623][ascend][curpid:2278889,2278889][drv][devmm][share_log_read_in_single_module]Close logical_device. (logical_devid=1; phyid=1; vfid=0; hostpid=2278889; devpid=26876)
[INFO] DRV(2278889,row_copy_reference):2026-09-27-12:52:20.238.842 [event_sched.c:1496][ascend][curpid:2278889,2278889][drv][event-sche][eschedDeviceClose]The devId close success. (devId=1)
[INFO] TDT(2278889,row_copy_reference):2026-09-27-12:52:20.238.893 [process_mode_manager.cpp:1916][ParseTsdCloseFlag][tid:2278889] Parse tsd close flag [0]
[INFO] TDT(2278889,row_copy_reference):2026-09-27-12:52:20.238.902 [process_mode_manager.cpp:156][Close][tid:2278889] [TsdClient] Close [deviceId=1][sessionId=1] hccp and computer enter
[INFO] TDT(2278889,row_copy_reference):2026-09-27-12:52:20.238.917 [version_verify.cpp:115][SpecialFeatureCheck][tid:2278889] VersionVerify: previous type[7], supported
[INFO] TDT(2278889,row_copy_reference):2026-09-27-12:52:20.238.996 [process_mode_manager.cpp:160][Close][tid:2278889] [TsdClient][deviceId=1] [sessionId=1] wait hccp and computer process close response
[INFO] TDT(2278889,row_copy_reference):2026-09-27-12:52:20.334.188 [process_mode_manager.cpp:163][Close][tid:2278889] [TsdClient][logicDeviceId_=1]has recv close hccp and computer process response
[INFO] TDT(2278889,row_copy_reference):2026-09-27-12:52:20.334.215 [stub_process_mode_nowin.cpp:144][CloseInHost][tid:2278889] enter into CloseInHost deviceid[1]
[INFO] TDT(2278889,row_copy_reference):2026-09-27-12:52:20.334.309 [client_manager.cpp:464][IsHostEnvironment][tid:2278889] [TsdClient] logicDeviceId[1], hostaicpunum[0]
[INFO] TDT(2278889,row_copy_reference):2026-09-27-12:52:20.334.323 [stub_process_mode_nowin.cpp:147][CloseInHost][tid:2278889] host cpu does not support
[INFO] TDT(2278889,row_copy_reference):2026-09-27-12:52:20.334.406 [process_mode_manager.cpp:181][Close][tid:2278889] [TsdClient][deviceId=1] [sessionId=1] close hccp and computer process success
[INFO] ATRACE(2278889,row_copy_reference):2026-09-27-12:52:20.335.023 [atrace_client_core.c:176](tid:2278889) stop to receive device[1] trace log.
[INFO] ASCENDCL(2278889,row_copy_reference):2026-09-27-12:52:20.682.372 [resource_statistics.cpp:113]2278889 TraverseStatistics: The ResourceType:ACL_STATISTICS_MALLOC_FREE, applyTotal = 3, applySucc = 3, releaseTotal = 4, releaseSucc = 4
[INFO] ASCENDCL(2278889,row_copy_reference):2026-09-27-12:52:20.682.405 [resource_statistics.cpp:113]2278889 TraverseStatistics: The ResourceType:ACL_STATISTICS_MALLOC_FREE_HOST, applyTotal = 0, applySucc = 0, releaseTotal = 0, releaseSucc = 0
[INFO] ASCENDCL(2278889,row_copy_reference):2026-09-27-12:52:20.682.427 [resource_statistics.cpp:113]2278889 TraverseStatistics: The ResourceType:ACL_STATISTICS_CREATE_DESTROY_CONTEXT, applyTotal = 0, applySucc = 0, releaseTotal = 0, releaseSucc = 0
[INFO] ASCENDCL(2278889,row_copy_reference):2026-09-27-12:52:20.682.433 [resource_statistics.cpp:113]2278889 TraverseStatistics: The ResourceType:ACL_STATISTICS_SET_RESET_DEVICE, applyTotal = 1, applySucc = 1, releaseTotal = 1, releaseSucc = 1
[INFO] ASCENDCL(2278889,row_copy_reference):2026-09-27-12:52:20.682.438 [resource_statistics.cpp:113]2278889 TraverseStatistics: The ResourceType:ACL_STATISTICS_CREATE_DESTROY_EVENT, applyTotal = 0, applySucc = 0, releaseTotal = 0, releaseSucc = 0
[INFO] ASCENDCL(2278889,row_copy_reference):2026-09-27-12:52:20.682.443 [resource_statistics.cpp:113]2278889 TraverseStatistics: The ResourceType:ACL_STATISTICS_CREATE_DESTROY_STREAM, applyTotal = 1, applySucc = 1, releaseTotal = 1, releaseSucc = 1
[INFO] ASCENDCL(2278889,row_copy_reference):2026-09-27-12:52:20.682.449 [resource_statistics.cpp:113]2278889 TraverseStatistics: The ResourceType:ACL_STATISTICS_DVPP_MALLOC_FREE, applyTotal = 0, applySucc = 0, releaseTotal = 0, releaseSucc = 0
[INFO] ASCENDCL(2278889,row_copy_reference):2026-09-27-12:52:20.682.456 [resource_statistics.cpp:113]2278889 TraverseStatistics: The ResourceType:ACL_STATISTICS_RECORD_RESET_EVENT, applyTotal = 0, applySucc = 0, releaseTotal = 0, releaseSucc = 0
[INFO] ASCENDCL(2278889,row_copy_reference):2026-09-27-12:52:20.682.460 [resource_statistics.cpp:113]2278889 TraverseStatistics: The ResourceType:ACL_STATISTICS_CREATE_DESTROY_DATA_BUFFER, applyTotal = 0, applySucc = 0, releaseTotal = 0, releaseSucc = 0
[INFO] ASCENDCL(2278889,row_copy_reference):2026-09-27-12:52:20.682.466 [resource_statistics.cpp:113]2278889 TraverseStatistics: The ResourceType:ACL_STATISTICS_CREATE_DESTROY_TENSOR_DESC, applyTotal = 0, applySucc = 0, releaseTotal = 0, releaseSucc = 0
[INFO] ASCENDCL(2278889,row_copy_reference):2026-09-27-12:52:20.682.471 [resource_statistics.cpp:113]2278889 TraverseStatistics: The ResourceType:ACL_STATISTICS_CREATE_DESTROY_DESC, applyTotal = 0, applySucc = 0, releaseTotal = 0, releaseSucc = 0
[INFO] ASCENDCL(2278889,row_copy_reference):2026-09-27-12:52:20.682.475 [resource_statistics.cpp:113]2278889 TraverseStatistics: The ResourceType:ACL_STATISTICS_CREATE_DESTROY_DATASET, applyTotal = 0, applySucc = 0, releaseTotal = 0, releaseSucc = 0
[INFO] ASCENDCL(2278889,row_copy_reference):2026-09-27-12:52:20.682.480 [resource_statistics.cpp:113]2278889 TraverseStatistics: The ResourceType:ACL_STATISTICS_CREATE_LOAD_UNLOAD_MODEL, applyTotal = 0, applySucc = 0, releaseTotal = 0, releaseSucc = 0
[INFO] ASCENDCL(2278889,row_copy_reference):2026-09-27-12:52:20.682.484 [resource_statistics.cpp:113]2278889 TraverseStatistics: The ResourceType:ACL_STATISTICS_CREATE_DESTROY_AIPP, applyTotal = 0, applySucc = 0, releaseTotal = 0, releaseSucc = 0
[INFO] ASCENDCL(2278889,row_copy_reference):2026-09-27-12:52:20.682.489 [resource_statistics.cpp:113]2278889 TraverseStatistics: The ResourceType:ACL_STATISTICS_CREATE_DESTROY_ATTR, applyTotal = 0, applySucc = 0, releaseTotal = 0, releaseSucc = 0
[INFO] ASCENDCL(2278889,row_copy_reference):2026-09-27-12:52:20.682.493 [resource_statistics.cpp:113]2278889 TraverseStatistics: The ResourceType:ACL_STATISTICS_CREATE_DESTROY_HANDLE, applyTotal = 0, applySucc = 0, releaseTotal = 0, releaseSucc = 0
[INFO] ASCENDCL(2278889,row_copy_reference):2026-09-27-12:52:20.682.508 [resource_statistics.cpp:113]2278889 TraverseStatistics: The ResourceType:ACL_STATISTICS_CREATE_DESTROY_DVPP_CHANNEL_DESC, applyTotal = 0, applySucc = 0, releaseTotal = 0, releaseSucc = 0
[INFO] ASCENDCL(2278889,row_copy_reference):2026-09-27-12:52:20.682.514 [resource_statistics.cpp:113]2278889 TraverseStatistics: The ResourceType:ACL_STATISTICS_CREATE_DESTROY_DVPP_PIC_DESC, applyTotal = 0, applySucc = 0, releaseTotal = 0, releaseSucc = 0
[INFO] ASCENDCL(2278889,row_copy_reference):2026-09-27-12:52:20.682.518 [resource_statistics.cpp:113]2278889 TraverseStatistics: The ResourceType:ACL_STATISTICS_CREATE_DESTROY_DVPP_ROI_CONFIG, applyTotal = 0, applySucc = 0, releaseTotal = 0, releaseSucc = 0
[INFO] ASCENDCL(2278889,row_copy_reference):2026-09-27-12:52:20.682.539 [resource_statistics.cpp:113]2278889 TraverseStatistics: The ResourceType:ACL_STATISTICS_CREATE_DESTROY_DVPP_RESIZE_CONFIG, applyTotal = 0, applySucc = 0, releaseTotal = 0, releaseSucc = 0
[INFO] ASCENDCL(2278889,row_copy_reference):2026-09-27-12:52:20.682.554 [resource_statistics.cpp:113]2278889 TraverseStatistics: The ResourceType:ACL_STATISTICS_CREATE_DESTROY_DVPP_JPEGE_CONFIG, applyTotal = 0, applySucc = 0, releaseTotal = 0, releaseSucc = 0
[INFO] ASCENDCL(2278889,row_copy_reference):2026-09-27-12:52:20.682.559 [resource_statistics.cpp:113]2278889 TraverseStatistics: The ResourceType:ACL_STATISTICS_CREATE_DESTROY_VDEC_CHANNEL_DESC, applyTotal = 0, applySucc = 0, releaseTotal = 0, releaseSucc = 0
[INFO] ASCENDCL(2278889,row_copy_reference):2026-09-27-12:52:20.682.563 [resource_statistics.cpp:113]2278889 TraverseStatistics: The ResourceType:ACL_STATISTICS_CREATE_DESTROY_VENC_CHANNEL_DESC, applyTotal = 0, applySucc = 0, releaseTotal = 0, releaseSucc = 0
[INFO] ASCENDCL(2278889,row_copy_reference):2026-09-27-12:52:20.682.568 [resource_statistics.cpp:113]2278889 TraverseStatistics: The ResourceType:ACL_STATISTICS_CREATE_DESTROY_DVPP_STREAM_DESC, applyTotal = 0, applySucc = 0, releaseTotal = 0, releaseSucc = 0
[INFO] ASCENDCL(2278889,row_copy_reference):2026-09-27-12:52:20.682.573 [resource_statistics.cpp:113]2278889 TraverseStatistics: The ResourceType:ACL_STATISTICS_CREATE_DESTROY_VDEC_FRAME_CONFIG, applyTotal = 0, applySucc = 0, releaseTotal = 0, releaseSucc = 0
[INFO] ASCENDCL(2278889,row_copy_reference):2026-09-27-12:52:20.682.578 [resource_statistics.cpp:113]2278889 TraverseStatistics: The ResourceType:ACL_STATISTICS_CREATE_DESTROY_VENC_FRAME_CONFIG, applyTotal = 0, applySucc = 0, releaseTotal = 0, releaseSucc = 0
[INFO] ASCENDCL(2278889,row_copy_reference):2026-09-27-12:52:20.682.582 [resource_statistics.cpp:113]2278889 TraverseStatistics: The ResourceType:ACL_STATISTICS_CREATE_DESTROY_DVPP_CHANNEL, applyTotal = 0, applySucc = 0, releaseTotal = 0, releaseSucc = 0
[INFO] ASCENDCL(2278889,row_copy_reference):2026-09-27-12:52:20.682.586 [resource_statistics.cpp:113]2278889 TraverseStatistics: The ResourceType:ACL_STATISTICS_CREATE_DESTROY_VDEC_CHANNEL, applyTotal = 0, applySucc = 0, releaseTotal = 0, releaseSucc = 0
[INFO] ASCENDCL(2278889,row_copy_reference):2026-09-27-12:52:20.682.591 [resource_statistics.cpp:113]2278889 TraverseStatistics: The ResourceType:ACL_STATISTICS_CREATE_DESTROY_VENC_CHANNEL, applyTotal = 0, applySucc = 0, releaseTotal = 0, releaseSucc = 0
[INFO] ASCENDCL(2278889,row_copy_reference):2026-09-27-12:52:20.682.595 [resource_statistics.cpp:113]2278889 TraverseStatistics: The ResourceType:ACL_STATISTICS_CREATE_DESTROY_DVPP_BATCH_PIC_DESC, applyTotal = 0, applySucc = 0, releaseTotal = 0, releaseSucc = 0
[INFO] ASCENDCL(2278889,row_copy_reference):2026-09-27-12:52:20.682.600 [resource_statistics.cpp:113]2278889 TraverseStatistics: The ResourceType:ACL_STATISTICS_CREATE_DESTROY_GROUP_INFO, applyTotal = 0, applySucc = 0, releaseTotal = 0, releaseSucc = 0
[INFO] ASCENDCL(2278889,row_copy_reference):2026-09-27-12:52:20.682.606 [resource_statistics.cpp:113]2278889 TraverseStatistics: The ResourceType:ACL_STATISTICS_CREATE_DESTROY_PROF_CONFIG, applyTotal = 0, applySucc = 0, releaseTotal = 0, releaseSucc = 0
[INFO] ASCENDCL(2278889,row_copy_reference):2026-09-27-12:52:20.682.611 [resource_statistics.cpp:113]2278889 TraverseStatistics: The ResourceType:ACL_STATISTICS_CREATE_DESTROY_PROF_SUB_CONFIG, applyTotal = 0, applySucc = 0, releaseTotal = 0, releaseSucc = 0
[INFO] ASCENDCL(2278889,row_copy_reference):2026-09-27-12:52:20.682.615 [resource_statistics.cpp:113]2278889 TraverseStatistics: The ResourceType:ACL_STATISTICS_CREATE_DESTROY_MODEL_CONFIG, applyTotal = 0, applySucc = 0, releaseTotal = 0, releaseSucc = 0
[INFO] ASCENDCL(2278889,row_copy_reference):2026-09-27-12:52:20.682.620 [resource_statistics.cpp:113]2278889 TraverseStatistics: The ResourceType:ACL_STATISTICS_CREATE_DESTROY_QUEUE_ID, applyTotal = 0, applySucc = 0, releaseTotal = 0, releaseSucc = 0
[INFO] ASCENDCL(2278889,row_copy_reference):2026-09-27-12:52:20.682.624 [resource_statistics.cpp:113]2278889 TraverseStatistics: The ResourceType:ACL_STATISTICS_CREATE_DESTROY_QUEUE_ATTR, applyTotal = 0, applySucc = 0, releaseTotal = 0, releaseSucc = 0
[INFO] ASCENDCL(2278889,row_copy_reference):2026-09-27-12:52:20.682.628 [resource_statistics.cpp:113]2278889 TraverseStatistics: The ResourceType:ACL_STATISTICS_CREATE_DESTROY_QUEUE_ROUTE, applyTotal = 0, applySucc = 0, releaseTotal = 0, releaseSucc = 0
[INFO] ASCENDCL(2278889,row_copy_reference):2026-09-27-12:52:20.682.633 [resource_statistics.cpp:113]2278889 TraverseStatistics: The ResourceType:ACL_STATISTICS_CREATE_DESTROY_QUEUE_ROUTE_LIST, applyTotal = 0, applySucc = 0, releaseTotal = 0, releaseSucc = 0
[INFO] ASCENDCL(2278889,row_copy_reference):2026-09-27-12:52:20.682.638 [resource_statistics.cpp:113]2278889 TraverseStatistics: The ResourceType:ACL_STATISTICS_CREATE_DESTROY_QUEUE_ROUTE_QUERY, applyTotal = 0, applySucc = 0, releaseTotal = 0, releaseSucc = 0
[INFO] ASCENDCL(2278889,row_copy_reference):2026-09-27-12:52:20.682.643 [resource_statistics.cpp:113]2278889 TraverseStatistics: The ResourceType:ACL_STATISTICS_CREATE_DESTROY_MBUF, applyTotal = 0, applySucc = 0, releaseTotal = 0, releaseSucc = 0
[INFO] ASCENDCL(2278889,row_copy_reference):2026-09-27-12:52:20.682.647 [resource_statistics.cpp:113]2278889 TraverseStatistics: The ResourceType:ACL_STATISTICS_CREATE_DESTROY_GRAPH_DUMP_OPTION, applyTotal = 0, applySucc = 0, releaseTotal = 0, releaseSucc = 0
[INFO] ASCENDCL(2278889,row_copy_reference):2026-09-27-12:52:20.682.652 [resource_statistics.cpp:113]2278889 TraverseStatistics: The ResourceType:ACL_STATISTICS_CREATE_DESTROY_ALLOCATOR_DESC, applyTotal = 0, applySucc = 0, releaseTotal = 0, releaseSucc = 0
[INFO] ASCENDCL(2278889,row_copy_reference):2026-09-27-12:52:20.682.656 [resource_statistics.cpp:113]2278889 TraverseStatistics: The ResourceType:ACL_STATISTICS_CREATE_DESTROY_ALLOCATOR_BINARY_DESC, applyTotal = 0, applySucc = 0, releaseTotal = 0, releaseSucc = 0
[INFO] ASCENDCL(2278889,row_copy_reference):2026-09-27-12:52:20.682.660 [resource_statistics.cpp:113]2278889 TraverseStatistics: The ResourceType:ACL_STATISTICS_RESERVE_RELEASE_MEMORY_ADDRESS, applyTotal = 0, applySucc = 0, releaseTotal = 0, releaseSucc = 0
[INFO] ASCENDCL(2278889,row_copy_reference):2026-09-27-12:52:20.682.665 [resource_statistics.cpp:113]2278889 TraverseStatistics: The ResourceType:ACL_STATISTICS_MALLOC_FREE_PHYSICAL_MEMORY, applyTotal = 0, applySucc = 0, releaseTotal = 0, releaseSucc = 0
[INFO] ASCENDCL(2278889,row_copy_reference):2026-09-27-12:52:20.682.669 [resource_statistics.cpp:113]2278889 TraverseStatistics: The ResourceType:ACL_STATISTICS_MAP_UNMAP_MEMORY, applyTotal = 0, applySucc = 0, releaseTotal = 0, releaseSucc = 0
[INFO] ASCENDCL(2278889,row_copy_reference):2026-09-27-12:52:20.682.673 [resource_statistics.cpp:113]2278889 TraverseStatistics: The ResourceType:ACL_STATISTICS_LOAD_UNLOAD_BINARY, applyTotal = 0, applySucc = 0, releaseTotal = 0, releaseSucc = 0
[EVENT] PROFILING(2278889,row_copy_reference):2026-09-27-12:52:20.682.723 [msprof_callback_impl.cpp:111] >>> (tid:2278889) MsprofCtrlCallback called, type: 3
[EVENT] PROFILING(2278889,row_copy_reference):2026-09-27-12:52:20.682.754 [ai_drv_dev_api.cpp:333] >>> (tid:2278889) Succeeded to DrvGetApiVersion version: 0x72318
[INFO] RUNTIME(2278889,row_copy_reference):2026-09-27-12:52:20.769.919 [runtime.cc:6218] 2279228 ReportRasRun: Report ras thread exits normally!
[INFO] ATRACE(2278889,row_copy_reference):2026-09-27-12:52:20.790.017 [atrace_client_core.c:127](tid:2279186) atrace receive thread exited, devId=1.
[INFO] RUNTIME(2278889,row_copy_reference):2026-09-27-12:52:21.416.942 [runtime.cc:1667] 2278889 ~Runtime: runtime destructor.
[INFO] RUNTIME(2278889,row_copy_reference):2026-09-27-12:52:21.416.999 [runtime.cc:6186] 2278889 DestroyReportRasThread: Join report ras thread OK.
[INFO] RUNTIME(2278889,row_copy_reference):2026-09-27-12:52:21.417.007 [runtime.cc:1755] 2278889 WaitMonitorExit: wait monitor success, used count=0.
[INFO] RUNTIME(2278889,row_copy_reference):2026-09-27-12:52:21.527.225 [task_fail_callback_data_manager.cc:93] 2278889 ~TaskFailCallBackManager: Destructor.
[INFO] ATRACE(2278889,row_copy_reference):2026-09-27-12:52:21.528.971 [stacktrace_signal.c:194](tid:2278889) unregister all signal handlers, can not capture signal.
NPU_PROBE PASS device=1 rows=3 D=8192 elements=24576 exact=1
RUN_RC=0 rows=3 cols=8192
--- POST_DEVICE ---
	NPU ID                         : 1
	Chip Count                     : 1

	DDR Capacity(MB)               : 0
	DDR Usage Rate(%)              : 0
	DDR Hugepages Total(page)      : 0
	DDR Hugepages Usage Rate(%)    : 0
	HBM Capacity(MB)               : 65536
	HBM Usage Rate(%)              : 91
	Aicore Usage Rate(%)           : 37
	Aivector Usage Rate(%)         : 38
	Aicpu Usage Rate(%)            : 0
	Ctrlcpu Usage Rate(%)          : 8
	DDR Bandwidth Usage Rate(%)    : 0
	HBM Bandwidth Usage Rate(%)    : 34
	Chip ID                        : 0

AGGREGATE_RC=0

CORRECTNESS_DIRECT_RC=0
