Device_id,kernel_name,kernel_type,stream_id,task_id,task_time(us),task_start(us),task_stop(us)
1,_Z24add_rms_norm_bias_customIfEvPhS0_S0_S0_S0_mmjff,AI_VECTOR_CORE,19,0,345.448,1791460564591673.052	,1791460564592018.500	
1,N/A,EVENT_RECORD,19,1,0.000,1791460564592018.520	,1791460564592018.520	
1,_Z24add_rms_norm_bias_customIfEvPhS0_S0_S0_S0_mmjff,AI_VECTOR_CORE,19,2,52.780,1791460564592632.512	,1791460564592685.292	
1,_Z24add_rms_norm_bias_customIfEvPhS0_S0_S0_S0_mmjff,AI_VECTOR_CORE,19,3,13.160,1791460564593046.840	,1791460564593060.000	
1,_Z24add_rms_norm_bias_customIfEvPhS0_S0_S0_S0_mmjff,AI_VECTOR_CORE,19,4,10.420,1791460564593069.340	,1791460564593079.760	
1,_Z24add_rms_norm_bias_customIfEvPhS0_S0_S0_S0_mmjff,AI_VECTOR_CORE,19,5,9.020,1791460564593090.280	,1791460564593099.300	
1,_Z24add_rms_norm_bias_customIfEvPhS0_S0_S0_S0_mmjff,AI_VECTOR_CORE,19,6,11.584,1791460564593103.940	,1791460564593115.524	
1,_Z24add_rms_norm_bias_customIfEvPhS0_S0_S0_S0_mmjff,AI_VECTOR_CORE,19,7,8.840,1791460564593119.184	,1791460564593128.024	
1,_Z24add_rms_norm_bias_customIfEvPhS0_S0_S0_S0_mmjff,AI_VECTOR_CORE,19,8,3.100,1791460564593136.964	,1791460564593140.064	
1,_Z24add_rms_norm_bias_customIfEvPhS0_S0_S0_S0_mmjff,AI_VECTOR_CORE,19,9,3.220,1791460564593153.624	,1791460564593156.844	
1,_Z24add_rms_norm_bias_customIfEvPhS0_S0_S0_S0_mmjff,AI_VECTOR_CORE,19,10,3.400,1791460564593170.064	,1791460564593173.464	
1,_Z24add_rms_norm_bias_customIfEvPhS0_S0_S0_S0_mmjff,AI_VECTOR_CORE,19,11,3.320,1791460564593185.424	,1791460564593188.744	
1,_Z24add_rms_norm_bias_customIfEvPhS0_S0_S0_S0_mmjff,AI_VECTOR_CORE,19,12,3.400,1791460564593190.944	,1791460564593194.344	
1,_Z24add_rms_norm_bias_customIfEvPhS0_S0_S0_S0_mmjff,AI_VECTOR_CORE,19,13,3.340,1791460564593204.124	,1791460564593207.464	
1,_Z24add_rms_norm_bias_customIfEvPhS0_S0_S0_S0_mmjff,AI_VECTOR_CORE,19,14,3.100,1791460564593219.224	,1791460564593222.324	
1,_Z24add_rms_norm_bias_customIfEvPhS0_S0_S0_S0_mmjff,AI_VECTOR_CORE,19,15,3.740,1791460564593246.504	,1791460564593250.244	
1,_Z24add_rms_norm_bias_customIfEvPhS0_S0_S0_S0_mmjff,AI_VECTOR_CORE,19,16,3.220,1791460564593268.804	,1791460564593272.024	
1,_Z24add_rms_norm_bias_customIfEvPhS0_S0_S0_S0_mmjff,AI_VECTOR_CORE,19,17,3.100,1791460564593275.724	,1791460564593278.824	
1,_Z24add_rms_norm_bias_customIfEvPhS0_S0_S0_S0_mmjff,AI_VECTOR_CORE,19,18,3.560,1791460564593294.484	,1791460564593298.044	
1,_Z24add_rms_norm_bias_customIfEvPhS0_S0_S0_S0_mmjff,AI_VECTOR_CORE,19,19,3.504,1791460564593309.644	,1791460564593313.148	
1,_Z24add_rms_norm_bias_customIfEvPhS0_S0_S0_S0_mmjff,AI_VECTOR_CORE,19,20,5.920,1791460564593338.088	,1791460564593344.008	
1,_Z24add_rms_norm_bias_customIfEvPhS0_S0_S0_S0_mmjff,AI_VECTOR_CORE,19,21,3.440,1791460564593344.048	,1791460564593347.488	
1,_Z24add_rms_norm_bias_customIfEvPhS0_S0_S0_S0_mmjff,AI_VECTOR_CORE,19,22,3.160,1791460564593366.608	,1791460564593369.768	
1,_Z24add_rms_norm_bias_customIfEvPhS0_S0_S0_S0_mmjff,AI_VECTOR_CORE,19,23,3.560,1791460564593382.508	,1791460564593386.068	
1,_Z24add_rms_norm_bias_customIfEvPhS0_S0_S0_S0_mmjff,AI_VECTOR_CORE,19,24,3.220,1791460564593401.108	,1791460564593404.328	
1,_Z24add_rms_norm_bias_customIfEvPhS0_S0_S0_S0_mmjff,AI_VECTOR_CORE,19,25,3.380,1791460564593412.308	,1791460564593415.688	
1,_Z24add_rms_norm_bias_customIfEvPhS0_S0_S0_S0_mmjff,AI_VECTOR_CORE,19,26,5.020,1791460564593427.388	,1791460564593432.408	
1,_Z24add_rms_norm_bias_customIfEvPhS0_S0_S0_S0_mmjff,AI_VECTOR_CORE,19,27,4.360,1791460564593441.748	,1791460564593446.108	
1,_Z24add_rms_norm_bias_customIfEvPhS0_S0_S0_S0_mmjff,AI_VECTOR_CORE,19,28,386.248,1791460564593459.328	,1791460564593845.576	
1,_Z24add_rms_norm_bias_customIfEvPhS0_S0_S0_S0_mmjff,AI_VECTOR_CORE,19,29,9.840,1791460564593845.596	,1791460564593855.436	
1,_Z24add_rms_norm_bias_customIfEvPhS0_S0_S0_S0_mmjff,AI_VECTOR_CORE,19,30,6.980,1791460564593855.456	,1791460564593862.436	
1,_Z24add_rms_norm_bias_customIfEvPhS0_S0_S0_S0_mmjff,AI_VECTOR_CORE,19,31,9.380,1791460564593862.456	,1791460564593871.836	
1,_Z24add_rms_norm_bias_customIfEvPhS0_S0_S0_S0_mmjff,AI_VECTOR_CORE,19,32,9.200,1791460564593871.856	,1791460564593881.056	
1,_Z24add_rms_norm_bias_customIfEvPhS0_S0_S0_S0_mmjff,AI_VECTOR_CORE,19,33,6.140,1791460564593881.096	,1791460564593887.236	
1,_Z24add_rms_norm_bias_customIfEvPhS0_S0_S0_S0_mmjff,AI_VECTOR_CORE,19,34,9.720,1791460564593887.256	,1791460564593896.976	
1,_Z24add_rms_norm_bias_customIfEvPhS0_S0_S0_S0_mmjff,AI_VECTOR_CORE,19,35,3.400,1791460564593896.996	,1791460564593900.396	
1,_Z24add_rms_norm_bias_customIfEvPhS0_S0_S0_S0_mmjff,AI_VECTOR_CORE,19,36,3.480,1791460564593900.416	,1791460564593903.896	
1,_Z24add_rms_norm_bias_customIfEvPhS0_S0_S0_S0_mmjff,AI_VECTOR_CORE,19,37,3.460,1791460564593903.916	,1791460564593907.376	
1,_Z24add_rms_norm_bias_customIfEvPhS0_S0_S0_S0_mmjff,AI_VECTOR_CORE,19,38,3.320,1791460564593907.396	,1791460564593910.716	
1,_Z24add_rms_norm_bias_customIfEvPhS0_S0_S0_S0_mmjff,AI_VECTOR_CORE,19,39,3.256,1791460564593910.740	,1791460564593913.996	
1,_Z24add_rms_norm_bias_customIfEvPhS0_S0_S0_S0_mmjff,AI_VECTOR_CORE,19,40,3.040,1791460564593914.020	,1791460564593917.060	
1,_Z24add_rms_norm_bias_customIfEvPhS0_S0_S0_S0_mmjff,AI_VECTOR_CORE,19,41,3.100,1791460564593917.080	,1791460564593920.180	
1,_Z24add_rms_norm_bias_customIfEvPhS0_S0_S0_S0_mmjff,AI_VECTOR_CORE,19,42,2.960,1791460564593920.200	,1791460564593923.160	
1,_Z24add_rms_norm_bias_customIfEvPhS0_S0_S0_S0_mmjff,AI_VECTOR_CORE,19,43,3.280,1791460564593923.180	,1791460564593926.460	
1,_Z24add_rms_norm_bias_customIfEvPhS0_S0_S0_S0_mmjff,AI_VECTOR_CORE,19,44,3.500,1791460564593926.480	,1791460564593929.980	
1,_Z24add_rms_norm_bias_customIfEvPhS0_S0_S0_S0_mmjff,AI_VECTOR_CORE,19,45,3.180,1791460564593930.000	,1791460564593933.180	
1,_Z24add_rms_norm_bias_customIfEvPhS0_S0_S0_S0_mmjff,AI_VECTOR_CORE,19,46,3.560,1791460564593933.200	,1791460564593936.760	
1,_Z24add_rms_norm_bias_customIfEvPhS0_S0_S0_S0_mmjff,AI_VECTOR_CORE,19,47,3.200,1791460564593936.780	,1791460564593939.980	
1,_Z24add_rms_norm_bias_customIfEvPhS0_S0_S0_S0_mmjff,AI_VECTOR_CORE,19,48,6.880,1791460564593940.020	,1791460564593946.900	
1,_Z24add_rms_norm_bias_customIfEvPhS0_S0_S0_S0_mmjff,AI_VECTOR_CORE,19,49,3.120,1791460564593946.920	,1791460564593950.040	
1,_Z24add_rms_norm_bias_customIfEvPhS0_S0_S0_S0_mmjff,AI_VECTOR_CORE,19,50,3.260,1791460564593950.060	,1791460564593953.320	
1,_Z24add_rms_norm_bias_customIfEvPhS0_S0_S0_S0_mmjff,AI_VECTOR_CORE,19,51,3.540,1791460564593953.340	,1791460564593956.880	
1,_Z24add_rms_norm_bias_customIfEvPhS0_S0_S0_S0_mmjff,AI_VECTOR_CORE,19,52,3.640,1791460564593956.900	,1791460564593960.540	
1,_Z24add_rms_norm_bias_customIfEvPhS0_S0_S0_S0_mmjff,AI_VECTOR_CORE,19,53,3.280,1791460564593960.560	,1791460564593963.840	
1,_Z24add_rms_norm_bias_customIfEvPhS0_S0_S0_S0_mmjff,AI_VECTOR_CORE,19,54,3.320,1791460564593963.860	,1791460564593967.180	
1,_Z24add_rms_norm_bias_customIfEvPhS0_S0_S0_S0_mmjff,AI_VECTOR_CORE,19,55,3.120,1791460564593967.200	,1791460564593970.320	
1,_Z24add_rms_norm_bias_customIfEvPhS0_S0_S0_S0_mmjff,AI_VECTOR_CORE,19,56,3.260,1791460564593970.340	,1791460564593973.600	
1,_Z24add_rms_norm_bias_customIfEvPhS0_S0_S0_S0_mmjff,AI_VECTOR_CORE,19,57,3.240,1791460564593973.640	,1791460564593976.880	
1,_Z24add_rms_norm_bias_customIfEvPhS0_S0_S0_S0_mmjff,AI_VECTOR_CORE,19,58,3.160,1791460564593976.900	,1791460564593980.060	
1,_Z24add_rms_norm_bias_customIfEvPhS0_S0_S0_S0_mmjff,AI_VECTOR_CORE,19,59,3.780,1791460564593980.080	,1791460564593983.860	
1,_Z24add_rms_norm_bias_customIfEvPhS0_S0_S0_S0_mmjff,AI_VECTOR_CORE,19,60,3.440,1791460564593983.880	,1791460564593987.320	
1,_Z24add_rms_norm_bias_customIfEvPhS0_S0_S0_S0_mmjff,AI_VECTOR_CORE,19,61,3.240,1791460564593987.340	,1791460564593990.580	
1,_Z24add_rms_norm_bias_customIfEvPhS0_S0_S0_S0_mmjff,AI_VECTOR_CORE,19,62,3.280,1791460564593990.600	,1791460564593993.880	
1,_Z24add_rms_norm_bias_customIfEvPhS0_S0_S0_S0_mmjff,AI_VECTOR_CORE,19,63,3.180,1791460564593993.900	,1791460564593997.080	
1,_Z24add_rms_norm_bias_customIfEvPhS0_S0_S0_S0_mmjff,AI_VECTOR_CORE,19,64,3.000,1791460564593997.100	,1791460564594000.100	
1,_Z24add_rms_norm_bias_customIfEvPhS0_S0_S0_S0_mmjff,AI_VECTOR_CORE,19,65,3.180,1791460564594000.120	,1791460564594003.300	
1,_Z24add_rms_norm_bias_customIfEvPhS0_S0_S0_S0_mmjff,AI_VECTOR_CORE,19,66,2.960,1791460564594020.360	,1791460564594023.320	
1,_Z24add_rms_norm_bias_customIfEvPhS0_S0_S0_S0_mmjff,AI_VECTOR_CORE,19,67,3.160,1791460564594023.340	,1791460564594026.500	
1,_Z24add_rms_norm_bias_customIfEvPhS0_S0_S0_S0_mmjff,AI_VECTOR_CORE,19,68,3.480,1791460564594041.820	,1791460564594045.300	
1,_Z24add_rms_norm_bias_customIfEvPhS0_S0_S0_S0_mmjff,AI_VECTOR_CORE,19,69,3.240,1791460564594051.920	,1791460564594055.160	
1,_Z24add_rms_norm_bias_customIfEvPhS0_S0_S0_S0_mmjff,AI_VECTOR_CORE,19,70,3.020,1791460564594064.840	,1791460564594067.860	
1,_Z24add_rms_norm_bias_customIfEvPhS0_S0_S0_S0_mmjff,AI_VECTOR_CORE,19,71,3.580,1791460564594078.340	,1791460564594081.920	
1,_Z24add_rms_norm_bias_customIfEvPhS0_S0_S0_S0_mmjff,AI_VECTOR_CORE,19,72,3.220,1791460564594091.360	,1791460564594094.580	
1,_Z24add_rms_norm_bias_customIfEvPhS0_S0_S0_S0_mmjff,AI_VECTOR_CORE,19,73,3.620,1791460564594117.784	,1791460564594121.404	
1,_Z24add_rms_norm_bias_customIfEvPhS0_S0_S0_S0_mmjff,AI_VECTOR_CORE,19,74,3.700,1791460564594124.444	,1791460564594128.144	
1,_Z24add_rms_norm_bias_customIfEvPhS0_S0_S0_S0_mmjff,AI_VECTOR_CORE,19,75,3.560,1791460564594138.164	,1791460564594141.724	
1,_Z24add_rms_norm_bias_customIfEvPhS0_S0_S0_S0_mmjff,AI_VECTOR_CORE,19,76,3.720,1791460564594161.584	,1791460564594165.304	
1,_Z24add_rms_norm_bias_customIfEvPhS0_S0_S0_S0_mmjff,AI_VECTOR_CORE,19,77,3.900,1791460564594165.904	,1791460564594169.804	
1,_Z24add_rms_norm_bias_customIfEvPhS0_S0_S0_S0_mmjff,AI_VECTOR_CORE,19,78,3.460,1791460564594185.504	,1791460564594188.964	
1,_Z24add_rms_norm_bias_customIfEvPhS0_S0_S0_S0_mmjff,AI_VECTOR_CORE,19,79,3.360,1791460564594206.584	,1791460564594209.944	
1,_Z24add_rms_norm_bias_customIfEvPhS0_S0_S0_S0_mmjff,AI_VECTOR_CORE,19,80,3.300,1791460564594209.964	,1791460564594213.264	
1,_Z24add_rms_norm_bias_customIfEvPhS0_S0_S0_S0_mmjff,AI_VECTOR_CORE,19,81,7.600,1791460564594230.864	,1791460564594238.464	
1,_Z24add_rms_norm_bias_customIfEvPhS0_S0_S0_S0_mmjff,AI_VECTOR_CORE,19,82,4.860,1791460564594238.484	,1791460564594243.344	
1,_Z24add_rms_norm_bias_customIfEvPhS0_S0_S0_S0_mmjff,AI_VECTOR_CORE,19,83,7.000,1791460564594258.044	,1791460564594265.044	
1,_Z24add_rms_norm_bias_customIfEvPhS0_S0_S0_S0_mmjff,AI_VECTOR_CORE,19,84,4.240,1791460564594278.964	,1791460564594283.204	
1,_Z24add_rms_norm_bias_customIfEvPhS0_S0_S0_S0_mmjff,AI_VECTOR_CORE,19,85,3.640,1791460564594283.244	,1791460564594286.884	
1,_Z24add_rms_norm_bias_customIfEvPhS0_S0_S0_S0_mmjff,AI_VECTOR_CORE,19,86,4.200,1791460564594299.404	,1791460564594303.604	
1,_Z24add_rms_norm_bias_customIfEvPhS0_S0_S0_S0_mmjff,AI_VECTOR_CORE,19,87,3.500,1791460564594322.008	,1791460564594325.508	
1,_Z24add_rms_norm_bias_customIfEvPhS0_S0_S0_S0_mmjff,AI_VECTOR_CORE,19,88,3.440,1791460564594326.468	,1791460564594329.908	
1,_Z24add_rms_norm_bias_customIfEvPhS0_S0_S0_S0_mmjff,AI_VECTOR_CORE,19,89,3.320,1791460564594342.228	,1791460564594345.548	
1,_Z24add_rms_norm_bias_customIfEvPhS0_S0_S0_S0_mmjff,AI_VECTOR_CORE,19,90,8.220,1791460564594364.468	,1791460564594372.688	
1,_Z24add_rms_norm_bias_customIfEvPhS0_S0_S0_S0_mmjff,AI_VECTOR_CORE,19,91,5.240,1791460564594381.708	,1791460564594386.948	
1,_Z24add_rms_norm_bias_customIfEvPhS0_S0_S0_S0_mmjff,AI_VECTOR_CORE,19,92,7.100,1791460564594411.528	,1791460564594418.628	
1,_Z24add_rms_norm_bias_customIfEvPhS0_S0_S0_S0_mmjff,AI_VECTOR_CORE,19,93,11.620,1791460564594556.012	,1791460564594567.632	
1,N/A,EVENT_RECORD,19,94,0.000,1791460564594583.192	,1791460564594583.192	
1,N/A,EVENT_RECORD,19,95,0.020,1791460564594678.812	,1791460564594678.832	
1,_Z24add_rms_norm_bias_customIfEvPhS0_S0_S0_S0_mmjff,AI_VECTOR_CORE,19,96,6.080,1791460564594682.412	,1791460564594688.492	
1,N/A,EVENT_RECORD,19,97,0.020,1791460564594705.892	,1791460564594705.912	
1,N/A,EVENT_RESET,19,98,0.100,1791460564594812.876	,1791460564594812.976	
1,N/A,EVENT_RESET,19,99,0.100,1791460564594815.016	,1791460564594815.116	
1,N/A,EVENT_RECORD,19,100,0.020,1791460564594817.296	,1791460564594817.316	
1,_Z24add_rms_norm_bias_customIfEvPhS0_S0_S0_S0_mmjff,AI_VECTOR_CORE,19,101,6.620,1791460564594831.956	,1791460564594838.576	
1,N/A,EVENT_RECORD,19,102,0.020,1791460564594848.596	,1791460564594848.616	
1,N/A,EVENT_RESET,19,103,0.080,1791460564594926.680	,1791460564594926.760	
1,N/A,EVENT_RESET,19,104,0.100,1791460564594929.160	,1791460564594929.260	
1,N/A,EVENT_RECORD,19,105,0.020,1791460564594946.340	,1791460564594946.360	
1,_Z24add_rms_norm_bias_customIfEvPhS0_S0_S0_S0_mmjff,AI_VECTOR_CORE,19,106,5.060,1791460564594961.440	,1791460564594966.500	
1,N/A,EVENT_RECORD,19,107,0.020,1791460564594976.820	,1791460564594976.840	
1,N/A,EVENT_RESET,19,108,0.080,1791460564595058.800	,1791460564595058.880	
1,N/A,EVENT_RESET,19,109,0.080,1791460564595062.020	,1791460564595062.100	
1,N/A,EVENT_RECORD,19,110,0.020,1791460564595064.160	,1791460564595064.180	
1,_Z24add_rms_norm_bias_customIfEvPhS0_S0_S0_S0_mmjff,AI_VECTOR_CORE,19,111,4.480,1791460564595086.540	,1791460564595091.020	
1,N/A,EVENT_RECORD,19,112,0.020,1791460564595091.040	,1791460564595091.060	
1,N/A,EVENT_RESET,19,113,0.100,1791460564595164.344	,1791460564595164.444	
1,N/A,EVENT_RESET,19,114,0.080,1791460564595168.144	,1791460564595168.224	
1,N/A,EVENT_RECORD,19,115,0.020,1791460564595170.044	,1791460564595170.064	
1,_Z24add_rms_norm_bias_customIfEvPhS0_S0_S0_S0_mmjff,AI_VECTOR_CORE,19,116,3.960,1791460564595199.784	,1791460564595203.744	
1,N/A,EVENT_RECORD,19,117,0.020,1791460564595206.564	,1791460564595206.584	
1,N/A,EVENT_RESET,19,118,0.080,1791460564595269.804	,1791460564595269.884	
1,N/A,EVENT_RESET,19,119,0.100,1791460564595272.044	,1791460564595272.144	
1,N/A,EVENT_RECORD,19,120,0.020,1791460564595280.444	,1791460564595280.464	
1,_Z24add_rms_norm_bias_customIfEvPhS0_S0_S0_S0_mmjff,AI_VECTOR_CORE,19,121,3.480,1791460564595291.284	,1791460564595294.764	
1,N/A,EVENT_RECORD,19,122,0.024,1791460564595312.004	,1791460564595312.028	
1,N/A,EVENT_RESET,19,123,0.100,1791460564595383.328	,1791460564595383.428	
1,N/A,EVENT_RESET,19,124,0.080,1791460564595385.728	,1791460564595385.808	
1,N/A,EVENT_RECORD,19,125,0.020,1791460564595387.468	,1791460564595387.488	
1,_Z24add_rms_norm_bias_customIfEvPhS0_S0_S0_S0_mmjff,AI_VECTOR_CORE,19,126,5.080,1791460564595404.028	,1791460564595409.108	
1,N/A,EVENT_RECORD,19,127,0.020,1791460564595411.068	,1791460564595411.088	
1,N/A,EVENT_RESET,19,128,0.100,1791460564595487.808	,1791460564595487.908	
1,N/A,EVENT_RESET,19,129,0.100,1791460564595490.068	,1791460564595490.168	
1,N/A,EVENT_RECORD,19,130,0.020,1791460564595493.588	,1791460564595493.608	
1,_Z24add_rms_norm_bias_customIfEvPhS0_S0_S0_S0_mmjff,AI_VECTOR_CORE,19,131,5.924,1791460564595505.328	,1791460564595511.252	
1,N/A,EVENT_RECORD,19,132,0.020,1791460564595518.652	,1791460564595518.672	
1,N/A,EVENT_RESET,19,133,0.100,1791460564595632.712	,1791460564595632.812	
1,N/A,EVENT_RESET,19,134,0.100,1791460564595635.572	,1791460564595635.672	
1,N/A,EVENT_RECORD,19,135,0.020,1791460564595638.072	,1791460564595638.092	
1,_Z24add_rms_norm_bias_customIfEvPhS0_S0_S0_S0_mmjff,AI_VECTOR_CORE,19,136,26.700,1791460564595665.412	,1791460564595692.112	
1,N/A,EVENT_RECORD,19,137,0.020,1791460564595692.132	,1791460564595692.152	
1,N/A,EVENT_RESET,19,138,0.080,1791460564595788.256	,1791460564595788.336	
1,N/A,EVENT_RESET,19,139,0.100,1791460564595790.876	,1791460564595790.976	
1,N/A,EVENT_RECORD,19,140,0.020,1791460564595792.776	,1791460564595792.796	
1,_Z24add_rms_norm_bias_customIfEvPhS0_S0_S0_S0_mmjff,AI_VECTOR_CORE,19,141,84.220,1791460564595815.456	,1791460564595899.676	
1,N/A,EVENT_RECORD,19,142,0.020,1791460564595899.696	,1791460564595899.716	
1,N/A,EVENT_RECORD,19,143,0.000,1791460564595899.876	,1791460564595899.876	
1,N/A,EVENT_RESET,19,144,0.100,1791460564595973.300	,1791460564595973.400	
1,N/A,EVENT_RESET,19,145,0.080,1791460564595975.740	,1791460564595975.820	
1,N/A,EVENT_RECORD,19,146,0.000,1791460564595977.580	,1791460564595977.580	
1,_Z24add_rms_norm_bias_customIfEvPhS0_S0_S0_S0_mmjff,AI_VECTOR_CORE,19,147,6.220,1791460564595996.320	,1791460564596002.540	
1,N/A,EVENT_RECORD,19,148,0.020,1791460564596014.940	,1791460564596014.960	
1,N/A,EVENT_RESET,19,149,0.080,1791460564596092.000	,1791460564596092.080	
1,N/A,EVENT_RESET,19,150,0.100,1791460564596095.540	,1791460564596095.640	
1,N/A,EVENT_RECORD,19,151,0.020,1791460564596097.640	,1791460564596097.660	
1,_Z24add_rms_norm_bias_customIfEvPhS0_S0_S0_S0_mmjff,AI_VECTOR_CORE,19,152,6.284,1791460564596109.760	,1791460564596116.044	
1,N/A,EVENT_RECORD,19,153,0.000,1791460564596117.644	,1791460564596117.644	
1,N/A,EVENT_RESET,19,154,0.080,1791460564596203.124	,1791460564596203.204	
1,N/A,EVENT_RESET,19,155,0.100,1791460564596206.024	,1791460564596206.124	
1,N/A,EVENT_RECORD,19,156,0.000,1791460564596208.844	,1791460564596208.844	
1,_Z24add_rms_norm_bias_customIfEvPhS0_S0_S0_S0_mmjff,AI_VECTOR_CORE,19,157,5.700,1791460564596210.824	,1791460564596216.524	
1,N/A,EVENT_RECORD,19,158,0.020,1791460564596236.824	,1791460564596236.844	
1,N/A,EVENT_RESET,19,159,0.100,1791460564596299.644	,1791460564596299.744	
1,N/A,EVENT_RESET,19,160,0.080,1791460564596303.804	,1791460564596303.884	
1,N/A,EVENT_RECORD,19,161,0.020,1791460564596310.104	,1791460564596310.124	
1,_Z24add_rms_norm_bias_customIfEvPhS0_S0_S0_S0_mmjff,AI_VECTOR_CORE,19,162,6.320,1791460564596328.688	,1791460564596335.008	
1,N/A,EVENT_RECORD,19,163,0.020,1791460564596348.408	,1791460564596348.428	
1,N/A,EVENT_RESET,19,164,0.100,1791460564596412.988	,1791460564596413.088	
1,N/A,EVENT_RESET,19,165,0.080,1791460564596416.708	,1791460564596416.788	
1,N/A,EVENT_RECORD,19,166,0.020,1791460564596419.328	,1791460564596419.348	
1,_Z24add_rms_norm_bias_customIfEvPhS0_S0_S0_S0_mmjff,AI_VECTOR_CORE,19,167,7.860,1791460564596436.868	,1791460564596444.728	
1,N/A,EVENT_RECORD,19,168,0.020,1791460564596444.748	,1791460564596444.768	
1,N/A,EVENT_RESET,19,169,0.104,1791460564596517.108	,1791460564596517.212	
1,N/A,EVENT_RESET,19,170,0.100,1791460564596521.812	,1791460564596521.912	
1,N/A,EVENT_RECORD,19,171,0.000,1791460564596525.192	,1791460564596525.192	
1,_Z24add_rms_norm_bias_customIfEvPhS0_S0_S0_S0_mmjff,AI_VECTOR_CORE,19,172,6.880,1791460564596543.752	,1791460564596550.632	
1,N/A,EVENT_RECORD,19,173,0.000,1791460564596551.252	,1791460564596551.252	
1,N/A,EVENT_RESET,19,174,0.080,1791460564596630.952	,1791460564596631.032	
1,N/A,EVENT_RESET,19,175,0.100,1791460564596635.032	,1791460564596635.132	
1,N/A,EVENT_RECORD,19,176,0.020,1791460564596640.952	,1791460564596640.972	
1,_Z24add_rms_norm_bias_customIfEvPhS0_S0_S0_S0_mmjff,AI_VECTOR_CORE,19,177,86.984,1791460564596662.972	,1791460564596749.956	
1,N/A,EVENT_RECORD,19,178,0.020,1791460564596749.976	,1791460564596749.996	
1,N/A,EVENT_RECORD,19,179,0.000,1791460564596750.156	,1791460564596750.156	
1,N/A,EVENT_RESET,19,180,0.080,1791460564596821.956	,1791460564596822.036	
1,N/A,EVENT_RESET,19,181,0.080,1791460564596824.696	,1791460564596824.776	
1,N/A,EVENT_RECORD,19,182,0.020,1791460564596826.776	,1791460564596826.796	
1,_Z24add_rms_norm_bias_customIfEvPhS0_S0_S0_S0_mmjff,AI_VECTOR_CORE,19,183,6.120,1791460564596854.276	,1791460564596860.396	
1,N/A,EVENT_RECORD,19,184,0.020,1791460564596860.416	,1791460564596860.436	
1,N/A,EVENT_RESET,19,185,0.100,1791460564596951.220	,1791460564596951.320	
1,N/A,EVENT_RESET,19,186,0.100,1791460564596954.400	,1791460564596954.500	
1,N/A,EVENT_RECORD,19,187,0.020,1791460564596956.460	,1791460564596956.480	
1,_Z24add_rms_norm_bias_customIfEvPhS0_S0_S0_S0_mmjff,AI_VECTOR_CORE,19,188,4.260,1791460564596958.440	,1791460564596962.700	
1,N/A,EVENT_RECORD,19,189,0.020,1791460564596981.580	,1791460564596981.600	
1,N/A,EVENT_RESET,19,190,0.100,1791460564597066.620	,1791460564597066.720	
1,N/A,EVENT_RESET,19,191,0.080,1791460564597069.320	,1791460564597069.400	
1,N/A,EVENT_RECORD,19,192,0.020,1791460564597071.340	,1791460564597071.360	
1,_Z24add_rms_norm_bias_customIfEvPhS0_S0_S0_S0_mmjff,AI_VECTOR_CORE,19,193,3.360,1791460564597086.660	,1791460564597090.020	
1,N/A,EVENT_RECORD,19,194,0.020,1791460564597098.120	,1791460564597098.140	
1,N/A,EVENT_RESET,19,195,0.100,1791460564597176.784	,1791460564597176.884	
1,N/A,EVENT_RESET,19,196,0.100,1791460564597179.724	,1791460564597179.824	
1,N/A,EVENT_RECORD,19,197,0.020,1791460564597182.024	,1791460564597182.044	
1,_Z24add_rms_norm_bias_customIfEvPhS0_S0_S0_S0_mmjff,AI_VECTOR_CORE,19,198,4.860,1791460564597198.944	,1791460564597203.804	
1,N/A,EVENT_RECORD,19,199,0.020,1791460564597204.984	,1791460564597205.004	
1,N/A,EVENT_RESET,19,200,0.100,1791460564597275.004	,1791460564597275.104	
1,N/A,EVENT_RESET,19,201,0.100,1791460564597278.824	,1791460564597278.924	
1,N/A,EVENT_RECORD,19,202,0.020,1791460564597293.384	,1791460564597293.404	
1,_Z24add_rms_norm_bias_customIfEvPhS0_S0_S0_S0_mmjff,AI_VECTOR_CORE,19,203,4.420,1791460564597297.504	,1791460564597301.924	
1,N/A,EVENT_RECORD,19,204,0.024,1791460564597317.804	,1791460564597317.828	
1,N/A,EVENT_RESET,19,205,0.100,1791460564597384.888	,1791460564597384.988	
1,N/A,EVENT_RESET,19,206,0.080,1791460564597387.568	,1791460564597387.648	
1,N/A,EVENT_RECORD,19,207,0.000,1791460564597392.608	,1791460564597392.608	
1,_Z24add_rms_norm_bias_customIfEvPhS0_S0_S0_S0_mmjff,AI_VECTOR_CORE,19,208,4.380,1791460564597415.008	,1791460564597419.388	
1,N/A,EVENT_RECORD,19,209,0.000,1791460564597423.068	,1791460564597423.068	
1,N/A,EVENT_RESET,19,210,0.080,1791460564597491.888	,1791460564597491.968	
1,N/A,EVENT_RESET,19,211,0.080,1791460564597493.668	,1791460564597493.748	
1,N/A,EVENT_RECORD,19,212,0.020,1791460564597509.728	,1791460564597509.748	
1,_Z24add_rms_norm_bias_customIfEvPhS0_S0_S0_S0_mmjff,AI_VECTOR_CORE,19,213,3.804,1791460564597512.168	,1791460564597515.972	
1,N/A,EVENT_RECORD,19,214,0.020,1791460564597528.412	,1791460564597528.432	
1,N/A,EVENT_RESET,19,215,0.100,1791460564597601.692	,1791460564597601.792	
1,N/A,EVENT_RESET,19,216,0.100,1791460564597604.732	,1791460564597604.832	
1,N/A,EVENT_RECORD,19,217,0.020,1791460564597606.772	,1791460564597606.792	
1,_Z24add_rms_norm_bias_customIfEvPhS0_S0_S0_S0_mmjff,AI_VECTOR_CORE,19,218,704.336,1791460564597627.212	,1791460564598331.548	
1,N/A,EVENT_RECORD,19,219,0.020,1791460564598331.568	,1791460564598331.588	
1,N/A,EVENT_RECORD,19,220,0.000,1791460564598331.748	,1791460564598331.748	
1,N/A,EVENT_RESET,19,221,0.100,1791460564598431.608	,1791460564598431.708	
1,N/A,EVENT_RESET,19,222,0.080,1791460564598435.008	,1791460564598435.088	
1,N/A,EVENT_RECORD,19,223,0.020,1791460564598448.728	,1791460564598448.748	
1,_Z24add_rms_norm_bias_customIfEvPhS0_S0_S0_S0_mmjff,AI_VECTOR_CORE,19,224,16.560,1791460564598471.948	,1791460564598488.508	
1,N/A,EVENT_RECORD,19,225,0.020,1791460564598492.068	,1791460564598492.088	
1,N/A,EVENT_RESET,19,226,0.100,1791460564598585.512	,1791460564598585.612	
1,N/A,EVENT_RESET,19,227,0.100,1791460564598589.852	,1791460564598589.952	
1,N/A,EVENT_RECORD,19,228,0.020,1791460564598593.212	,1791460564598593.232	
1,_Z24add_rms_norm_bias_customIfEvPhS0_S0_S0_S0_mmjff,AI_VECTOR_CORE,19,229,6.460,1791460564598601.932	,1791460564598608.392	
1,N/A,EVENT_RECORD,19,230,0.020,1791460564598622.332	,1791460564598622.352	
1,N/A,EVENT_RESET,19,231,0.100,1791460564598700.032	,1791460564598700.132	
1,N/A,EVENT_RESET,19,232,0.080,1791460564598703.532	,1791460564598703.612	
1,N/A,EVENT_RECORD,19,233,0.020,1791460564598705.972	,1791460564598705.992	
1,_Z24add_rms_norm_bias_customIfEvPhS0_S0_S0_S0_mmjff,AI_VECTOR_CORE,19,234,5.340,1791460564598723.436	,1791460564598728.776	
1,N/A,EVENT_RECORD,19,235,0.020,1791460564598741.496	,1791460564598741.516	
1,N/A,EVENT_RESET,19,236,0.080,1791460564598810.996	,1791460564598811.076	
1,N/A,EVENT_RESET,19,237,0.080,1791460564598813.636	,1791460564598813.716	
1,N/A,EVENT_RECORD,19,238,0.000,1791460564598816.196	,1791460564598816.196	
1,_Z24add_rms_norm_bias_customIfEvPhS0_S0_S0_S0_mmjff,AI_VECTOR_CORE,19,239,6.500,1791460564598838.756	,1791460564598845.256	
1,N/A,EVENT_RECORD,19,240,0.020,1791460564598857.876	,1791460564598857.896	
1,N/A,EVENT_RESET,19,241,0.100,1791460564598931.240	,1791460564598931.340	
1,N/A,EVENT_RESET,19,242,0.080,1791460564598933.660	,1791460564598933.740	
1,N/A,EVENT_RECORD,19,243,0.020,1791460564598937.160	,1791460564598937.180	
1,_Z24add_rms_norm_bias_customIfEvPhS0_S0_S0_S0_mmjff,AI_VECTOR_CORE,19,244,5.820,1791460564598953.340	,1791460564598959.160	
1,N/A,EVENT_RECORD,19,245,0.020,1791460564598979.560	,1791460564598979.580	
1,N/A,EVENT_RESET,19,246,0.100,1791460564599047.720	,1791460564599047.820	
1,N/A,EVENT_RESET,19,247,0.100,1791460564599051.300	,1791460564599051.400	
1,N/A,EVENT_RECORD,19,248,0.020,1791460564599065.700	,1791460564599065.720	
1,_Z24add_rms_norm_bias_customIfEvPhS0_S0_S0_S0_mmjff,AI_VECTOR_CORE,19,249,4.400,1791460564599083.480	,1791460564599087.880	
1,N/A,EVENT_RECORD,19,250,0.020,1791460564599106.000	,1791460564599106.020	
1,N/A,EVENT_RESET,19,251,0.100,1791460564599185.104	,1791460564599185.204	
1,N/A,EVENT_RESET,19,252,0.080,1791460564599190.084	,1791460564599190.164	
1,N/A,EVENT_RECORD,19,253,0.020,1791460564599196.264	,1791460564599196.284	
1,_Z24add_rms_norm_bias_customIfEvPhS0_S0_S0_S0_mmjff,AI_VECTOR_CORE,19,254,12.740,1791460564599217.104	,1791460564599229.844	
1,N/A,EVENT_RECORD,19,255,0.020,1791460564599229.864	,1791460564599229.884	
1,_Z24add_rms_norm_bias_customIfEvPhS0_S0_S0_S0_mmjff,AI_VECTOR_CORE,19,256,6.640,1791460564599353.808	,1791460564599360.448	
1,N/A,EVENT_RESET,19,257,0.080,1791460564599421.908	,1791460564599421.988	
1,N/A,EVENT_RESET,19,258,0.100,1791460564599424.848	,1791460564599424.948	
1,N/A,EVENT_RECORD,19,259,0.020,1791460564599426.488	,1791460564599426.508	
1,_Z24add_rms_norm_bias_customIfEvPhS0_S0_S0_S0_mmjff,AI_VECTOR_CORE,19,260,5.880,1791460564599448.248	,1791460564599454.128	
1,N/A,EVENT_RECORD,19,261,0.020,1791460564599456.248	,1791460564599456.268	
1,N/A,EVENT_RESET,19,262,0.080,1791460564599549.112	,1791460564599549.192	
1,N/A,EVENT_RESET,19,263,0.080,1791460564599552.832	,1791460564599552.912	
1,N/A,EVENT_RECORD,19,264,0.020,1791460564599555.972	,1791460564599555.992	
1,_Z24add_rms_norm_bias_customIfEvPhS0_S0_S0_S0_mmjff,AI_VECTOR_CORE,19,265,5.880,1791460564599573.492	,1791460564599579.372	
1,N/A,EVENT_RECORD,19,266,0.020,1791460564599589.912	,1791460564599589.932	
1,N/A,EVENT_RESET,19,267,0.100,1791460564599671.212	,1791460564599671.312	
1,N/A,EVENT_RESET,19,268,0.080,1791460564599675.212	,1791460564599675.292	
1,N/A,EVENT_RECORD,19,269,0.020,1791460564599678.352	,1791460564599678.372	
1,_Z24add_rms_norm_bias_customIfEvPhS0_S0_S0_S0_mmjff,AI_VECTOR_CORE,19,270,6.100,1791460564599706.472	,1791460564599712.572	
1,N/A,EVENT_RECORD,19,271,0.020,1791460564599755.476	,1791460564599755.496	
1,N/A,EVENT_RESET,19,272,0.100,1791460564599840.456	,1791460564599840.556	
1,N/A,EVENT_RESET,19,273,0.100,1791460564599845.116	,1791460564599845.216	
1,N/A,EVENT_RECORD,19,274,0.020,1791460564599863.156	,1791460564599863.176	
1,_Z24add_rms_norm_bias_customIfEvPhS0_S0_S0_S0_mmjff,AI_VECTOR_CORE,19,275,17.320,1791460564599867.716	,1791460564599885.036	
1,N/A,EVENT_RECORD,19,276,0.020,1791460564599889.876	,1791460564599889.896	
1,N/A,EVENT_RESET,19,277,0.080,1791460564599963.280	,1791460564599963.360	
1,N/A,EVENT_RESET,19,278,0.100,1791460564599969.720	,1791460564599969.820	
1,N/A,EVENT_RECORD,19,279,0.020,1791460564599975.280	,1791460564599975.300	
1,_Z24add_rms_norm_bias_customIfEvPhS0_S0_S0_S0_mmjff,AI_VECTOR_CORE,19,280,41.360,1791460564599984.440	,1791460564600025.800	
1,N/A,EVENT_RECORD,19,281,0.020,1791460564600025.820	,1791460564600025.840	
1,N/A,EVENT_RECORD,19,282,0.020,1791460564600037.540	,1791460564600037.560	
1,N/A,EVENT_RESET,19,283,0.080,1791460564600084.160	,1791460564600084.240	
1,N/A,EVENT_RESET,19,284,0.100,1791460564600088.080	,1791460564600088.180	
1,N/A,EVENT_RECORD,19,285,0.020,1791460564600091.380	,1791460564600091.400	
1,_Z24add_rms_norm_bias_customIfEvPhS0_S0_S0_S0_mmjff,AI_VECTOR_CORE,19,286,117.160,1791460564600125.284	,1791460564600242.444	
1,N/A,EVENT_RECORD,19,287,0.020,1791460564600242.464	,1791460564600242.484	
1,N/A,EVENT_RECORD,19,288,0.000,1791460564600242.644	,1791460564600242.644	
1,N/A,EVENT_RESET,19,289,0.080,1791460564600311.264	,1791460564600311.344	
1,N/A,EVENT_RESET,19,290,0.096,1791460564600316.708	,1791460564600316.804	
1,N/A,EVENT_RECORD,19,291,0.020,1791460564600323.028	,1791460564600323.048	
1,_Z24add_rms_norm_bias_customIfEvPhS0_S0_S0_S0_mmjff,AI_VECTOR_CORE,19,292,6.480,1791460564600331.328	,1791460564600337.808	
1,N/A,EVENT_RECORD,19,293,0.020,1791460564600347.988	,1791460564600348.008	
1,N/A,EVENT_RESET,19,294,0.100,1791460564600432.628	,1791460564600432.728	
1,N/A,EVENT_RESET,19,295,0.100,1791460564600441.248	,1791460564600441.348	
1,N/A,EVENT_RECORD,19,296,0.020,1791460564600448.028	,1791460564600448.048	
1,_Z24add_rms_norm_bias_customIfEvPhS0_S0_S0_S0_mmjff,AI_VECTOR_CORE,19,297,10.060,1791460564600458.448	,1791460564600468.508	
1,N/A,EVENT_RECORD,19,298,0.020,1791460564600468.528	,1791460564600468.548	
1,N/A,EVENT_RESET,19,299,0.080,1791460564600530.812	,1791460564600530.892	
1,N/A,EVENT_RESET,19,300,0.100,1791460564600533.752	,1791460564600533.852	
1,N/A,EVENT_RECORD,19,301,0.020,1791460564600535.672	,1791460564600535.692	
1,_Z24add_rms_norm_bias_customIfEvPhS0_S0_S0_S0_mmjff,AI_VECTOR_CORE,19,302,6.480,1791460564600553.672	,1791460564600560.152	
1,N/A,EVENT_RECORD,19,303,0.020,1791460564600564.732	,1791460564600564.752	
1,N/A,EVENT_RESET,19,304,0.080,1791460564600630.372	,1791460564600630.452	
1,N/A,EVENT_RESET,19,305,0.100,1791460564600650.172	,1791460564600650.272	
1,N/A,EVENT_RECORD,19,306,0.020,1791460564600654.632	,1791460564600654.652	
1,_Z24add_rms_norm_bias_customIfEvPhS0_S0_S0_S0_mmjff,AI_VECTOR_CORE,19,307,5.420,1791460564600657.652	,1791460564600663.072	
1,N/A,EVENT_RECORD,19,308,0.020,1791460564600678.432	,1791460564600678.452	
1,N/A,EVENT_RESET,19,309,0.080,1791460564600741.776	,1791460564600741.856	
1,N/A,EVENT_RESET,19,310,0.100,1791460564600745.716	,1791460564600745.816	
1,N/A,EVENT_RECORD,19,311,0.020,1791460564600749.236	,1791460564600749.256	
1,_Z24add_rms_norm_bias_customIfEvPhS0_S0_S0_S0_mmjff,AI_VECTOR_CORE,19,312,5.700,1791460564600760.556	,1791460564600766.256	
1,N/A,EVENT_RECORD,19,313,0.020,1791460564600782.076	,1791460564600782.096	
1,N/A,EVENT_RESET,19,314,0.080,1791460564600852.096	,1791460564600852.176	
1,N/A,EVENT_RESET,19,315,0.100,1791460564600855.556	,1791460564600855.656	
1,N/A,EVENT_RECORD,19,316,0.020,1791460564600858.776	,1791460564600858.796	
1,_Z24add_rms_norm_bias_customIfEvPhS0_S0_S0_S0_mmjff,AI_VECTOR_CORE,19,317,4.660,1791460564600881.496	,1791460564600886.156	
1,N/A,EVENT_RECORD,19,318,0.000,1791460564600886.836	,1791460564600886.836	
1,N/A,EVENT_RESET,19,319,0.100,1791460564600958.100	,1791460564600958.200	
1,N/A,EVENT_RESET,19,320,0.100,1791460564600978.780	,1791460564600978.880	
1,N/A,EVENT_RECORD,19,321,0.020,1791460564600985.840	,1791460564600985.860	
1,_Z24add_rms_norm_bias_customIfEvPhS0_S0_S0_S0_mmjff,AI_VECTOR_CORE,19,322,385.448,1791460564600991.820	,1791460564601377.268	
1,N/A,EVENT_RECORD,19,323,0.020,1791460564601377.288	,1791460564601377.308	
1,N/A,EVENT_RECORD,19,324,0.020,1791460564601377.448	,1791460564601377.468	
1,N/A,EVENT_RESET,19,325,0.100,1791460564601449.728	,1791460564601449.828	
1,N/A,EVENT_RESET,19,326,0.100,1791460564601456.348	,1791460564601456.448	
1,N/A,EVENT_RECORD,19,327,0.000,1791460564601466.388	,1791460564601466.388	
1,_Z24add_rms_norm_bias_customIfEvPhS0_S0_S0_S0_mmjff,AI_VECTOR_CORE,19,328,6.680,1791460564601483.468	,1791460564601490.148	
1,N/A,EVENT_RECORD,19,329,0.000,1791460564601490.188	,1791460564601490.188	
1,N/A,EVENT_RESET,19,330,0.100,1791460564601582.812	,1791460564601582.912	
1,N/A,EVENT_RESET,19,331,0.100,1791460564601592.152	,1791460564601592.252	
1,N/A,EVENT_RECORD,19,332,0.020,1791460564601600.372	,1791460564601600.392	
1,_Z24add_rms_norm_bias_customIfEvPhS0_S0_S0_S0_mmjff,AI_VECTOR_CORE,19,333,43.300,1791460564601607.172	,1791460564601650.472	
1,N/A,EVENT_RECORD,19,334,0.020,1791460564601650.492	,1791460564601650.512	
1,N/A,EVENT_RESET,19,335,0.100,1791460564601707.072	,1791460564601707.172	
1,N/A,EVENT_RESET,19,336,0.080,1791460564601713.872	,1791460564601713.952	
1,N/A,EVENT_RECORD,19,337,0.016,1791460564601718.516	,1791460564601718.532	
1,_Z24add_rms_norm_bias_customIfEvPhS0_S0_S0_S0_mmjff,AI_VECTOR_CORE,19,338,14.800,1791460564601735.616	,1791460564601750.416	
1,N/A,EVENT_RECORD,19,339,0.020,1791460564601750.436	,1791460564601750.456	
1,N/A,EVENT_RESET,19,340,0.100,1791460564601823.636	,1791460564601823.736	
1,N/A,EVENT_RESET,19,341,0.100,1791460564601829.756	,1791460564601829.856	
1,N/A,EVENT_RECORD,19,342,0.020,1791460564601834.976	,1791460564601834.996	
1,_Z24add_rms_norm_bias_customIfEvPhS0_S0_S0_S0_mmjff,AI_VECTOR_CORE,19,343,15.240,1791460564601859.096	,1791460564601874.336	
1,N/A,EVENT_RECORD,19,344,0.000,1791460564601874.376	,1791460564601874.376	
1,N/A,EVENT_RESET,19,345,0.080,1791460564601950.140	,1791460564601950.220	
1,N/A,EVENT_RESET,19,346,0.080,1791460564601954.900	,1791460564601954.980	
1,N/A,EVENT_RECORD,19,347,0.020,1791460564601957.560	,1791460564601957.580	
1,_Z24add_rms_norm_bias_customIfEvPhS0_S0_S0_S0_mmjff,AI_VECTOR_CORE,19,348,13.820,1791460564601960.240	,1791460564601974.060	
1,N/A,EVENT_RECORD,19,349,0.020,1791460564601974.160	,1791460564601974.180	
1,N/A,EVENT_RESET,19,350,0.080,1791460564602052.560	,1791460564602052.640	
1,N/A,EVENT_RESET,19,351,0.100,1791460564602057.780	,1791460564602057.880	
1,N/A,EVENT_RECORD,19,352,0.020,1791460564602062.520	,1791460564602062.540	
1,_Z24add_rms_norm_bias_customIfEvPhS0_S0_S0_S0_mmjff,AI_VECTOR_CORE,19,353,7.360,1791460564602068.120	,1791460564602075.480	
1,N/A,EVENT_RECORD,19,354,0.020,1791460564602079.860	,1791460564602079.880	
1,N/A,EVENT_RESET,19,355,0.080,1791460564602141.744	,1791460564602141.824	
1,N/A,EVENT_RESET,19,356,0.100,1791460564602144.964	,1791460564602145.064	
1,N/A,EVENT_RECORD,19,357,0.000,1791460564602158.064	,1791460564602158.064	
1,_Z24add_rms_norm_bias_customIfEvPhS0_S0_S0_S0_mmjff,AI_VECTOR_CORE,19,358,5.320,1791460564602161.364	,1791460564602166.684	
1,N/A,EVENT_RECORD,19,359,0.020,1791460564602182.584	,1791460564602182.604	
1,N/A,EVENT_RESET,19,360,0.100,1791460564602254.164	,1791460564602254.264	
1,N/A,EVENT_RESET,19,361,0.100,1791460564602258.044	,1791460564602258.144	
1,N/A,EVENT_RECORD,19,362,0.020,1791460564602260.384	,1791460564602260.404	
1,_Z24add_rms_norm_bias_customIfEvPhS0_S0_S0_S0_mmjff,AI_VECTOR_CORE,19,363,292.928,1791460564602276.224	,1791460564602569.152	
1,N/A,EVENT_RECORD,19,364,0.020,1791460564602569.172	,1791460564602569.192	
1,N/A,EVENT_RECORD,19,365,0.000,1791460564602569.352	,1791460564602569.352	
1,N/A,EVENT_RESET,19,366,0.080,1791460564602629.572	,1791460564602629.652	
1,N/A,EVENT_RESET,19,367,0.080,1791460564602644.372	,1791460564602644.452	
1,N/A,EVENT_RECORD,19,368,0.020,1791460564602648.492	,1791460564602648.512	
1,_Z24add_rms_norm_bias_customIfEvPhS0_S0_S0_S0_mmjff,AI_VECTOR_CORE,19,369,8.060,1791460564602658.692	,1791460564602666.752	
1,N/A,EVENT_RECORD,19,370,0.020,1791460564602674.392	,1791460564602674.412	
1,N/A,EVENT_RESET,19,371,0.100,1791460564602751.036	,1791460564602751.136	
1,N/A,EVENT_RESET,19,372,0.100,1791460564602753.596	,1791460564602753.696	
1,N/A,EVENT_RECORD,19,373,0.000,1791460564602755.976	,1791460564602755.976	
1,_Z24add_rms_norm_bias_customIfEvPhS0_S0_S0_S0_mmjff,AI_VECTOR_CORE,19,374,4.680,1791460564602766.516	,1791460564602771.196	
1,N/A,EVENT_RECORD,19,375,0.020,1791460564602783.136	,1791460564602783.156	
1,N/A,EVENT_RESET,19,376,0.080,1791460564602852.496	,1791460564602852.576	
1,N/A,EVENT_RESET,19,377,0.100,1791460564602854.676	,1791460564602854.776	
1,N/A,EVENT_RECORD,19,378,0.020,1791460564602868.416	,1791460564602868.436	
1,_Z24add_rms_norm_bias_customIfEvPhS0_S0_S0_S0_mmjff,AI_VECTOR_CORE,19,379,5.080,1791460564602871.136	,1791460564602876.216	
1,N/A,EVENT_RECORD,19,380,0.020,1791460564602888.676	,1791460564602888.696	
1,N/A,EVENT_RESET,19,381,0.100,1791460564602952.260	,1791460564602952.360	
1,N/A,EVENT_RESET,19,382,0.080,1791460564602966.980	,1791460564602967.060	
1,N/A,EVENT_RECORD,19,383,0.000,1791460564602971.240	,1791460564602971.240	
1,_Z24add_rms_norm_bias_customIfEvPhS0_S0_S0_S0_mmjff,AI_VECTOR_CORE,19,384,4.920,1791460564602992.740	,1791460564602997.660	
1,N/A,EVENT_RECORD,19,385,0.020,1791460564602997.680	,1791460564602997.700	
1,N/A,EVENT_RESET,19,386,0.080,1791460564603066.200	,1791460564603066.280	
1,N/A,EVENT_RESET,19,387,0.100,1791460564603067.980	,1791460564603068.080	
1,N/A,EVENT_RECORD,19,388,0.020,1791460564603072.000	,1791460564603072.020	
1,_Z24add_rms_norm_bias_customIfEvPhS0_S0_S0_S0_mmjff,AI_VECTOR_CORE,19,389,6.300,1791460564603084.600	,1791460564603090.900	
1,N/A,EVENT_RECORD,19,390,0.020,1791460564603101.280	,1791460564603101.300	
1,N/A,EVENT_RESET,19,391,0.100,1791460564603172.184	,1791460564603172.284	
1,N/A,EVENT_RESET,19,392,0.100,1791460564603175.244	,1791460564603175.344	
1,N/A,EVENT_RECORD,19,393,0.020,1791460564603177.304	,1791460564603177.324	
1,_Z24add_rms_norm_bias_customIfEvPhS0_S0_S0_S0_mmjff,AI_VECTOR_CORE,19,394,3.600,1791460564603194.884	,1791460564603198.484	
1,N/A,EVENT_RECORD,19,395,0.020,1791460564603213.364	,1791460564603213.384	
1,N/A,EVENT_RESET,19,396,0.100,1791460564603282.204	,1791460564603282.304	
1,N/A,EVENT_RESET,19,397,0.100,1791460564603284.964	,1791460564603285.064	
1,N/A,EVENT_RECORD,19,398,0.020,1791460564603288.044	,1791460564603288.064	
1,_Z24add_rms_norm_bias_customIfEvPhS0_S0_S0_S0_mmjff,AI_VECTOR_CORE,19,399,120.044,1791460564603298.204	,1791460564603418.248	
1,N/A,EVENT_RECORD,19,400,0.020,1791460564603418.268	,1791460564603418.288	
1,N/A,EVENT_RECORD,19,401,0.000,1791460564603418.448	,1791460564603418.448	
1,N/A,EVENT_RESET,19,402,0.080,1791460564603475.688	,1791460564603475.768	
1,N/A,EVENT_RESET,19,403,0.100,1791460564603478.528	,1791460564603478.628	
1,N/A,EVENT_RECORD,19,404,0.020,1791460564603491.748	,1791460564603491.768	
1,_Z24add_rms_norm_bias_customIfEvPhS0_S0_S0_S0_mmjff,AI_VECTOR_CORE,19,405,4.800,1791460564603501.448	,1791460564603506.248	
1,N/A,EVENT_RECORD,19,406,0.020,1791460564603525.432	,1791460564603525.452	
1,N/A,EVENT_RESET,19,407,0.100,1791460564603585.852	,1791460564603585.952	
1,N/A,EVENT_RESET,19,408,0.100,1791460564603590.252	,1791460564603590.352	
1,N/A,EVENT_RECORD,19,409,0.020,1791460564603603.312	,1791460564603603.332	
1,_Z24add_rms_norm_bias_customIfEvPhS0_S0_S0_S0_mmjff,AI_VECTOR_CORE,19,410,5.640,1791460564603611.732	,1791460564603617.372	
1,N/A,EVENT_RECORD,19,411,0.020,1791460564603634.712	,1791460564603634.732	
1,N/A,EVENT_RESET,19,412,0.080,1791460564603718.232	,1791460564603718.312	
1,N/A,EVENT_RESET,19,413,0.080,1791460564603720.156	,1791460564603720.236	
1,N/A,EVENT_RECORD,19,414,0.024,1791460564603722.772	,1791460564603722.796	
1,_Z24add_rms_norm_bias_customIfEvPhS0_S0_S0_S0_mmjff,AI_VECTOR_CORE,19,415,4.680,1791460564603739.176	,1791460564603743.856	
1,N/A,EVENT_RECORD,19,416,0.020,1791460564603767.836	,1791460564603767.856	
1,N/A,EVENT_RESET,19,417,0.100,1791460564603840.376	,1791460564603840.476	
1,N/A,EVENT_RESET,19,418,0.100,1791460564603844.076	,1791460564603844.176	
1,N/A,EVENT_RECORD,19,419,0.020,1791460564603845.816	,1791460564603845.836	
1,_Z24add_rms_norm_bias_customIfEvPhS0_S0_S0_S0_mmjff,AI_VECTOR_CORE,19,420,4.540,1791460564603862.576	,1791460564603867.116	
1,N/A,EVENT_RECORD,19,421,0.020,1791460564603872.116	,1791460564603872.136	
1,_Z24add_rms_norm_bias_customIfEvPhS0_S0_S0_S0_mmjff,AI_VECTOR_CORE,19,422,4.260,1791460564603966.900	,1791460564603971.160	
1,N/A,EVENT_RESET,19,423,0.100,1791460564604003.540	,1791460564604003.640	
1,N/A,EVENT_RESET,19,424,0.100,1791460564604005.620	,1791460564604005.720	
1,N/A,EVENT_RECORD,19,425,0.020,1791460564604008.700	,1791460564604008.720	
1,_Z24add_rms_norm_bias_customIfEvPhS0_S0_S0_S0_mmjff,AI_VECTOR_CORE,19,426,12.820,1791460564604030.420	,1791460564604043.240	
1,N/A,EVENT_RECORD,19,427,0.020,1791460564604049.200	,1791460564604049.220	
1,N/A,EVENT_RESET,19,428,0.100,1791460564604109.100	,1791460564604109.200	
1,N/A,EVENT_RESET,19,429,0.100,1791460564604112.980	,1791460564604113.080	
1,N/A,EVENT_RECORD,19,430,0.020,1791460564604116.940	,1791460564604116.960	
1,_Z24add_rms_norm_bias_customIfEvPhS0_S0_S0_S0_mmjff,AI_VECTOR_CORE,19,431,5.380,1791460564604133.244	,1791460564604138.624	
1,N/A,EVENT_RECORD,19,432,0.020,1791460564604149.944	,1791460564604149.964	
1,N/A,EVENT_RESET,19,433,0.080,1791460564604215.404	,1791460564604215.484	
1,N/A,EVENT_RESET,19,434,0.100,1791460564604217.804	,1791460564604217.904	
1,N/A,EVENT_RECORD,19,435,0.020,1791460564604220.204	,1791460564604220.224	
1,_Z24add_rms_norm_bias_customIfEvPhS0_S0_S0_S0_mmjff,AI_VECTOR_CORE,19,436,6.560,1791460564604240.024	,1791460564604246.584	
1,N/A,EVENT_RECORD,19,437,0.020,1791460564604248.524	,1791460564604248.544	
1,N/A,EVENT_RESET,19,438,0.080,1791460564604318.944	,1791460564604319.024	
1,N/A,EVENT_RESET,19,439,0.104,1791460564604321.564	,1791460564604321.668	
1,N/A,EVENT_RECORD,19,440,0.000,1791460564604334.428	,1791460564604334.428	
1,_Z24add_rms_norm_bias_customIfEvPhS0_S0_S0_S0_mmjff,AI_VECTOR_CORE,19,441,5.180,1791460564604346.748	,1791460564604351.928	
1,N/A,EVENT_RECORD,19,442,0.020,1791460564604359.488	,1791460564604359.508	
1,N/A,EVENT_RESET,19,443,0.100,1791460564604432.208	,1791460564604432.308	
1,N/A,EVENT_RESET,19,444,0.100,1791460564604439.148	,1791460564604439.248	
1,N/A,EVENT_RECORD,19,445,0.020,1791460564604445.608	,1791460564604445.628	
1,_Z24add_rms_norm_bias_customIfEvPhS0_S0_S0_S0_mmjff,AI_VECTOR_CORE,19,446,656.252,1791460564604459.548	,1791460564605115.800	
1,N/A,EVENT_RECORD,19,447,0.020,1791460564605115.820	,1791460564605115.840	
1,N/A,EVENT_RECORD,19,448,0.000,1791460564605116.000	,1791460564605116.000	
1,N/A,EVENT_RESET,19,449,0.080,1791460564605191.824	,1791460564605191.904	
1,N/A,EVENT_RESET,19,450,0.100,1791460564605195.244	,1791460564605195.344	
1,N/A,EVENT_RECORD,19,451,0.020,1791460564605198.524	,1791460564605198.544	
1,_Z24add_rms_norm_bias_customIfEvPhS0_S0_S0_S0_mmjff,AI_VECTOR_CORE,19,452,6.620,1791460564605215.644	,1791460564605222.264	
1,N/A,EVENT_RECORD,19,453,0.020,1791460564605222.284	,1791460564605222.304	
1,N/A,EVENT_RESET,19,454,0.080,1791460564605306.104	,1791460564605306.184	
1,N/A,EVENT_RESET,19,455,0.100,1791460564605310.724	,1791460564605310.824	
1,N/A,EVENT_RECORD,19,456,0.020,1791460564605315.004	,1791460564605315.024	
1,_Z24add_rms_norm_bias_customIfEvPhS0_S0_S0_S0_mmjff,AI_VECTOR_CORE,19,457,6.624,1791460564605317.764	,1791460564605324.388	
1,N/A,EVENT_RECORD,19,458,0.020,1791460564605345.268	,1791460564605345.288	
1,N/A,EVENT_RESET,19,459,0.080,1791460564605399.788	,1791460564605399.868	
1,N/A,EVENT_RESET,19,460,0.080,1791460564605406.248	,1791460564605406.328	
1,N/A,EVENT_RECORD,19,461,0.020,1791460564605419.888	,1791460564605419.908	
1,_Z24add_rms_norm_bias_customIfEvPhS0_S0_S0_S0_mmjff,AI_VECTOR_CORE,19,462,3.560,1791460564605425.028	,1791460564605428.588	
1,N/A,EVENT_RECORD,19,463,0.020,1791460564605441.148	,1791460564605441.168	
1,N/A,EVENT_RESET,19,464,0.080,1791460564605513.188	,1791460564605513.268	
1,N/A,EVENT_RESET,19,465,0.080,1791460564605517.428	,1791460564605517.508	
1,N/A,EVENT_RECORD,19,466,0.020,1791460564605520.268	,1791460564605520.288	
1,_Z24add_rms_norm_bias_customIfEvPhS0_S0_S0_S0_mmjff,AI_VECTOR_CORE,19,467,5.240,1791460564605533.952	,1791460564605539.192	
1,N/A,EVENT_RECORD,19,468,0.020,1791460564605549.492	,1791460564605549.512	
1,N/A,EVENT_RESET,19,469,0.080,1791460564605629.092	,1791460564605629.172	
1,N/A,EVENT_RESET,19,470,0.080,1791460564605633.352	,1791460564605633.432	
1,N/A,EVENT_RECORD,19,471,0.000,1791460564605636.612	,1791460564605636.612	
1,_Z24add_rms_norm_bias_customIfEvPhS0_S0_S0_S0_mmjff,AI_VECTOR_CORE,19,472,3.720,1791460564605643.132	,1791460564605646.852	
1,N/A,EVENT_RECORD,19,473,0.020,1791460564605660.952	,1791460564605660.972	
1,N/A,EVENT_RESET,19,474,0.080,1791460564605734.916	,1791460564605734.996	
1,N/A,EVENT_RESET,19,475,0.100,1791460564605739.476	,1791460564605739.576	
1,N/A,EVENT_RECORD,19,476,0.020,1791460564605743.056	,1791460564605743.076	
1,_Z24add_rms_norm_bias_customIfEvPhS0_S0_S0_S0_mmjff,AI_VECTOR_CORE,19,477,3.280,1791460564605754.276	,1791460564605757.556	
1,N/A,EVENT_RECORD,19,478,0.020,1791460564605760.056	,1791460564605760.076	
1,N/A,EVENT_RESET,19,479,0.100,1791460564605828.576	,1791460564605828.676	
1,N/A,EVENT_RESET,19,480,0.100,1791460564605832.756	,1791460564605832.856	
1,N/A,EVENT_RECORD,19,481,0.020,1791460564605845.196	,1791460564605845.216	
1,_Z24add_rms_norm_bias_customIfEvPhS0_S0_S0_S0_mmjff,AI_VECTOR_CORE,19,482,5.640,1791460564605859.036	,1791460564605864.676	
1,N/A,EVENT_RECORD,19,483,0.020,1791460564605875.156	,1791460564605875.176	
1,N/A,EVENT_RESET,19,484,0.100,1791460564605944.560	,1791460564605944.660	
1,N/A,EVENT_RESET,19,485,0.080,1791460564605948.960	,1791460564605949.040	
1,N/A,EVENT_RECORD,19,486,0.000,1791460564605953.460	,1791460564605953.460	
1,_Z24add_rms_norm_bias_customIfEvPhS0_S0_S0_S0_mmjff,AI_VECTOR_CORE,19,487,567.292,1791460564605961.560	,1791460564606528.852	
1,N/A,EVENT_RECORD,19,488,0.020,1791460564606528.872	,1791460564606528.892	
1,N/A,EVENT_RECORD,19,489,0.000,1791460564606529.052	,1791460564606529.052	
1,N/A,EVENT_RESET,19,490,0.100,1791460564606601.592	,1791460564606601.692	
1,N/A,EVENT_RESET,19,491,0.080,1791460564606605.512	,1791460564606605.592	
1,N/A,EVENT_RECORD,19,492,0.020,1791460564606609.932	,1791460564606609.952	
1,_Z24add_rms_norm_bias_customIfEvPhS0_S0_S0_S0_mmjff,AI_VECTOR_CORE,19,493,7.820,1791460564606626.712	,1791460564606634.532	
1,N/A,EVENT_RECORD,19,494,0.020,1791460564606637.192	,1791460564606637.212	
1,N/A,EVENT_RESET,19,495,0.100,1791460564606710.852	,1791460564606710.952	
1,N/A,EVENT_RESET,19,496,0.080,1791460564606716.272	,1791460564606716.352	
1,N/A,EVENT_RECORD,19,497,0.024,1791460564606721.612	,1791460564606721.636	
1,_Z24add_rms_norm_bias_customIfEvPhS0_S0_S0_S0_mmjff,AI_VECTOR_CORE,19,498,8.400,1791460564606737.656	,1791460564606746.056	
1,N/A,EVENT_RECORD,19,499,0.020,1791460564606759.376	,1791460564606759.396	
1,N/A,EVENT_RESET,19,500,0.080,1791460564606814.056	,1791460564606814.136	
1,N/A,EVENT_RESET,19,501,0.100,1791460564606816.896	,1791460564606816.996	
1,N/A,EVENT_RECORD,19,502,0.020,1791460564606826.196	,1791460564606826.216	
1,_Z24add_rms_norm_bias_customIfEvPhS0_S0_S0_S0_mmjff,AI_VECTOR_CORE,19,503,3.900,1791460564606845.156	,1791460564606849.056	
1,N/A,EVENT_RECORD,19,504,0.020,1791460564606853.216	,1791460564606853.236	
1,N/A,EVENT_RESET,19,505,0.096,1791460564606923.460	,1791460564606923.556	
1,N/A,EVENT_RESET,19,506,0.104,1791460564606927.236	,1791460564606927.340	
1,N/A,EVENT_RECORD,19,507,0.020,1791460564606931.660	,1791460564606931.680	
1,_Z24add_rms_norm_bias_customIfEvPhS0_S0_S0_S0_mmjff,AI_VECTOR_CORE,19,508,7.560,1791460564606948.440	,1791460564606956.000	
1,N/A,EVENT_RECORD,19,509,0.020,1791460564606958.300	,1791460564606958.320	
1,N/A,EVENT_RESET,19,510,0.080,1791460564607028.920	,1791460564607029.000	
1,N/A,EVENT_RESET,19,511,0.080,1791460564607038.340	,1791460564607038.420	
1,N/A,EVENT_RECORD,19,512,0.020,1791460564607041.960	,1791460564607041.980	
1,_Z24add_rms_norm_bias_customIfEvPhS0_S0_S0_S0_mmjff,AI_VECTOR_CORE,19,513,602.492,1791460564607051.540	,1791460564607654.032	
1,N/A,EVENT_RECORD,19,514,0.020,1791460564607654.052	,1791460564607654.072	
1,N/A,EVENT_RECORD,19,515,0.000,1791460564607654.232	,1791460564607654.232	
1,N/A,EVENT_RESET,19,516,0.080,1791460564607737.736	,1791460564607737.816	
1,N/A,EVENT_RESET,19,517,0.100,1791460564607741.016	,1791460564607741.116	
1,N/A,EVENT_RECORD,19,518,0.020,1791460564607743.096	,1791460564607743.116	
1,_Z24add_rms_norm_bias_customIfEvPhS0_S0_S0_S0_mmjff,AI_VECTOR_CORE,19,519,8.680,1791460564607764.916	,1791460564607773.596	
1,N/A,EVENT_RECORD,19,520,0.020,1791460564607773.616	,1791460564607773.636	
1,N/A,EVENT_RESET,19,521,0.100,1791460564607838.516	,1791460564607838.616	
1,N/A,EVENT_RESET,19,522,0.100,1791460564607842.136	,1791460564607842.236	
1,N/A,EVENT_RECORD,19,523,0.020,1791460564607850.676	,1791460564607850.696	
1,_Z24add_rms_norm_bias_customIfEvPhS0_S0_S0_S0_mmjff,AI_VECTOR_CORE,19,524,5.660,1791460564607866.776	,1791460564607872.436	
1,N/A,EVENT_RECORD,19,525,0.020,1791460564607882.576	,1791460564607882.596	
1,N/A,EVENT_RESET,19,526,0.100,1791460564607959.380	,1791460564607959.480	
1,N/A,EVENT_RESET,19,527,0.100,1791460564607961.760	,1791460564607961.860	
1,N/A,EVENT_RECORD,19,528,0.020,1791460564607963.920	,1791460564607963.940	
1,_Z24add_rms_norm_bias_customIfEvPhS0_S0_S0_S0_mmjff,AI_VECTOR_CORE,19,529,3.720,1791460564607978.040	,1791460564607981.760	
1,N/A,EVENT_RECORD,19,530,0.020,1791460564607993.320	,1791460564607993.340	
1,N/A,EVENT_RESET,19,531,0.100,1791460564608057.720	,1791460564608057.820	
1,N/A,EVENT_RESET,19,532,0.100,1791460564608061.440	,1791460564608061.540	
1,N/A,EVENT_RECORD,19,533,0.020,1791460564608063.360	,1791460564608063.380	
1,_Z24add_rms_norm_bias_customIfEvPhS0_S0_S0_S0_mmjff,AI_VECTOR_CORE,19,534,6.060,1791460564608081.120	,1791460564608087.180	
1,N/A,EVENT_RECORD,19,535,0.020,1791460564608098.700	,1791460564608098.720	
1,N/A,EVENT_RESET,19,536,0.080,1791460564608175.204	,1791460564608175.284	
1,N/A,EVENT_RESET,19,537,0.080,1791460564608179.384	,1791460564608179.464	
1,N/A,EVENT_RECORD,19,538,0.020,1791460564608182.144	,1791460564608182.164	
1,_Z24add_rms_norm_bias_customIfEvPhS0_S0_S0_S0_mmjff,AI_VECTOR_CORE,19,539,3.980,1791460564608204.204	,1791460564608208.184	
1,N/A,EVENT_RECORD,19,540,0.020,1791460564608208.224	,1791460564608208.244	
1,N/A,EVENT_RESET,19,541,0.080,1791460564608288.684	,1791460564608288.764	
1,N/A,EVENT_RESET,19,542,0.080,1791460564608291.744	,1791460564608291.824	
1,N/A,EVENT_RECORD,19,543,0.020,1791460564608295.604	,1791460564608295.624	
1,_Z24add_rms_norm_bias_customIfEvPhS0_S0_S0_S0_mmjff,AI_VECTOR_CORE,19,544,4.820,1791460564608297.824	,1791460564608302.644	
1,N/A,EVENT_RECORD,19,545,0.020,1791460564608320.584	,1791460564608320.604	
1,N/A,EVENT_RESET,19,546,0.080,1791460564608385.648	,1791460564608385.728	
1,N/A,EVENT_RESET,19,547,0.100,1791460564608389.568	,1791460564608389.668	
1,N/A,EVENT_RECORD,19,548,0.020,1791460564608392.708	,1791460564608392.728	
1,_Z24add_rms_norm_bias_customIfEvPhS0_S0_S0_S0_mmjff,AI_VECTOR_CORE,19,549,4.860,1791460564608412.808	,1791460564608417.668	
1,N/A,EVENT_RECORD,19,550,0.020,1791460564608421.688	,1791460564608421.708	
1,N/A,EVENT_RESET,19,551,0.100,1791460564608492.168	,1791460564608492.268	
1,N/A,EVENT_RESET,19,552,0.100,1791460564608496.108	,1791460564608496.208	
1,N/A,EVENT_RECORD,19,553,0.020,1791460564608498.908	,1791460564608498.928	
1,_Z24add_rms_norm_bias_customIfEvPhS0_S0_S0_S0_mmjff,AI_VECTOR_CORE,19,554,4.700,1791460564608515.528	,1791460564608520.228	
1,N/A,EVENT_RECORD,19,555,0.020,1791460564608534.232	,1791460564608534.252	
1,N/A,EVENT_RESET,19,556,0.080,1791460564608594.752	,1791460564608594.832	
1,N/A,EVENT_RESET,19,557,0.100,1791460564608597.992	,1791460564608598.092	
1,N/A,EVENT_RECORD,19,558,0.020,1791460564608615.312	,1791460564608615.332	
1,_Z24add_rms_norm_bias_customIfEvPhS0_S0_S0_S0_mmjff,AI_VECTOR_CORE,19,559,112.684,1791460564608618.832	,1791460564608731.516	
1,N/A,EVENT_RECORD,19,560,0.020,1791460564608731.536	,1791460564608731.556	
1,N/A,EVENT_RECORD,19,561,0.020,1791460564608731.696	,1791460564608731.716	
1,N/A,EVENT_RESET,19,562,0.080,1791460564608796.956	,1791460564608797.036	
1,N/A,EVENT_RESET,19,563,0.100,1791460564608801.396	,1791460564608801.496	
1,N/A,EVENT_RECORD,19,564,0.000,1791460564608805.836	,1791460564608805.836	
1,_Z24add_rms_norm_bias_customIfEvPhS0_S0_S0_S0_mmjff,AI_VECTOR_CORE,19,565,5.580,1791460564608827.496	,1791460564608833.076	
1,N/A,EVENT_RECORD,19,566,0.020,1791460564608845.616	,1791460564608845.636	
1,N/A,EVENT_RESET,19,567,0.100,1791460564608916.936	,1791460564608917.036	
1,N/A,EVENT_RESET,19,568,0.100,1791460564608919.796	,1791460564608919.896	
1,N/A,EVENT_RECORD,19,569,0.020,1791460564608921.736	,1791460564608921.756	
1,_Z24add_rms_norm_bias_customIfEvPhS0_S0_S0_S0_mmjff,AI_VECTOR_CORE,19,570,4.860,1791460564608941.020	,1791460564608945.880	
1,N/A,EVENT_RECORD,19,571,0.020,1791460564608959.180	,1791460564608959.200	
1,N/A,EVENT_RESET,19,572,0.100,1791460564609018.280	,1791460564609018.380	
1,N/A,EVENT_RESET,19,573,0.080,1791460564609021.200	,1791460564609021.280	
1,N/A,EVENT_RECORD,19,574,0.020,1791460564609029.820	,1791460564609029.840	
1,_Z24add_rms_norm_bias_customIfEvPhS0_S0_S0_S0_mmjff,AI_VECTOR_CORE,19,575,84.344,1791460564609046.880	,1791460564609131.224	
1,N/A,EVENT_RECORD,19,576,0.020,1791460564609131.244	,1791460564609131.264	
1,N/A,EVENT_RECORD,19,577,0.020,1791460564609131.404	,1791460564609131.424	
1,N/A,EVENT_RESET,19,578,0.100,1791460564609199.184	,1791460564609199.284	
1,N/A,EVENT_RESET,19,579,0.100,1791460564609202.924	,1791460564609203.024	
1,N/A,EVENT_RECORD,19,580,0.020,1791460564609205.504	,1791460564609205.524	
1,_Z24add_rms_norm_bias_customIfEvPhS0_S0_S0_S0_mmjff,AI_VECTOR_CORE,19,581,5.320,1791460564609225.984	,1791460564609231.304	
1,N/A,EVENT_RECORD,19,582,0.020,1791460564609231.324	,1791460564609231.344	
1,N/A,EVENT_RESET,19,583,0.100,1791460564609301.784	,1791460564609301.884	
1,N/A,EVENT_RESET,19,584,0.080,1791460564609305.184	,1791460564609305.264	
1,N/A,EVENT_RECORD,19,585,0.020,1791460564609320.344	,1791460564609320.364	
1,_Z24add_rms_norm_bias_customIfEvPhS0_S0_S0_S0_mmjff,AI_VECTOR_CORE,19,586,6.140,1791460564609336.848	,1791460564609342.988	
1,N/A,EVENT_RECORD,19,587,0.020,1791460564609343.008	,1791460564609343.028	
1,_Z24add_rms_norm_bias_customIfEvPhS0_S0_S0_S0_mmjff,AI_VECTOR_CORE,19,588,6.420,1791460564609448.388	,1791460564609454.808	
1,N/A,EVENT_RESET,19,589,0.100,1791460564609490.908	,1791460564609491.008	
1,N/A,EVENT_RESET,19,590,0.100,1791460564609496.628	,1791460564609496.728	
1,N/A,EVENT_RECORD,19,591,0.020,1791460564609504.128	,1791460564609504.148	
1,_Z24add_rms_norm_bias_customIfEvPhS0_S0_S0_S0_mmjff,AI_VECTOR_CORE,19,592,142.964,1791460564609522.408	,1791460564609665.372	
1,N/A,EVENT_RECORD,19,593,0.020,1791460564609665.392	,1791460564609665.412	
1,N/A,EVENT_RECORD,19,594,0.020,1791460564609665.552	,1791460564609665.572	
1,N/A,EVENT_RESET,19,595,0.080,1791460564609735.736	,1791460564609735.816	
1,N/A,EVENT_RESET,19,596,0.080,1791460564609740.796	,1791460564609740.876	
1,N/A,EVENT_RECORD,19,597,0.020,1791460564609742.796	,1791460564609742.816	
1,_Z24add_rms_norm_bias_customIfEvPhS0_S0_S0_S0_mmjff,AI_VECTOR_CORE,19,598,117.920,1791460564609760.756	,1791460564609878.676	
1,N/A,EVENT_RECORD,19,599,0.000,1791460564609878.716	,1791460564609878.716	
1,N/A,EVENT_RECORD,19,600,0.020,1791460564609878.876	,1791460564609878.896	
1,N/A,EVENT_RESET,19,601,0.080,1791460564609944.320	,1791460564609944.400	
1,N/A,EVENT_RESET,19,602,0.100,1791460564609946.960	,1791460564609947.060	
1,N/A,EVENT_RECORD,19,603,0.020,1791460564609949.400	,1791460564609949.420	
1,_Z24add_rms_norm_bias_customIfEvPhS0_S0_S0_S0_mmjff,AI_VECTOR_CORE,19,604,8.720,1791460564609972.960	,1791460564609981.680	
1,N/A,EVENT_RECORD,19,605,0.020,1791460564609981.700	,1791460564609981.720	
1,N/A,EVENT_RESET,19,606,0.080,1791460564610046.160	,1791460564610046.240	
1,N/A,EVENT_RESET,19,607,0.100,1791460564610059.800	,1791460564610059.900	
1,N/A,EVENT_RECORD,19,608,0.020,1791460564610062.580	,1791460564610062.600	
1,_Z24add_rms_norm_bias_customIfEvPhS0_S0_S0_S0_mmjff,AI_VECTOR_CORE,19,609,4.820,1791460564610080.980	,1791460564610085.800	
1,N/A,EVENT_RECORD,19,610,0.020,1791460564610096.080	,1791460564610096.100	
1,N/A,EVENT_RESET,19,611,0.100,1791460564610155.924	,1791460564610156.024	
1,N/A,EVENT_RESET,19,612,0.100,1791460564610157.944	,1791460564610158.044	
1,N/A,EVENT_RECORD,19,613,0.020,1791460564610173.444	,1791460564610173.464	
1,_Z24add_rms_norm_bias_customIfEvPhS0_S0_S0_S0_mmjff,AI_VECTOR_CORE,19,614,6.100,1791460564610182.244	,1791460564610188.344	
1,N/A,EVENT_RECORD,19,615,0.000,1791460564610203.124	,1791460564610203.124	
1,N/A,EVENT_RESET,19,616,0.080,1791460564610263.924	,1791460564610264.004	
1,N/A,EVENT_RESET,19,617,0.100,1791460564610266.684	,1791460564610266.784	
1,N/A,EVENT_RECORD,19,618,0.020,1791460564610270.924	,1791460564610270.944	
1,_Z24add_rms_norm_bias_customIfEvPhS0_S0_S0_S0_mmjff,AI_VECTOR_CORE,19,619,5.420,1791460564610288.524	,1791460564610293.944	
1,N/A,EVENT_RECORD,19,620,0.020,1791460564610295.864	,1791460564610295.884	
1,N/A,EVENT_RESET,19,621,0.100,1791460564610370.908	,1791460564610371.008	
1,N/A,EVENT_RESET,19,622,0.080,1791460564610373.948	,1791460564610374.028	
1,N/A,EVENT_RECORD,19,623,0.020,1791460564610376.248	,1791460564610376.268	
1,_Z24add_rms_norm_bias_customIfEvPhS0_S0_S0_S0_mmjff,AI_VECTOR_CORE,19,624,704.992,1791460564610392.768	,1791460564611097.760	
1,N/A,EVENT_RECORD,19,625,0.020,1791460564611097.780	,1791460564611097.800	
1,N/A,EVENT_RECORD,19,626,0.020,1791460564611097.960	,1791460564611097.980	
1,N/A,EVENT_RESET,19,627,0.100,1791460564611168.364	,1791460564611168.464	
1,N/A,EVENT_RESET,19,628,0.100,1791460564611171.844	,1791460564611171.944	
1,N/A,EVENT_RECORD,19,629,0.020,1791460564611173.664	,1791460564611173.684	
1,_Z24add_rms_norm_bias_customIfEvPhS0_S0_S0_S0_mmjff,AI_VECTOR_CORE,19,630,6.280,1791460564611183.304	,1791460564611189.584	
1,N/A,EVENT_RECORD,19,631,0.020,1791460564611195.284	,1791460564611195.304	
1,N/A,EVENT_RESET,19,632,0.080,1791460564611288.664	,1791460564611288.744	
1,N/A,EVENT_RESET,19,633,0.100,1791460564611291.284	,1791460564611291.384	
1,N/A,EVENT_RECORD,19,634,0.020,1791460564611293.124	,1791460564611293.144	
1,_Z24add_rms_norm_bias_customIfEvPhS0_S0_S0_S0_mmjff,AI_VECTOR_CORE,19,635,5.420,1791460564611295.004	,1791460564611300.424	
1,N/A,EVENT_RECORD,19,636,0.020,1791460564611317.444	,1791460564611317.464	
1,N/A,EVENT_RESET,19,637,0.100,1791460564611380.728	,1791460564611380.828	
1,N/A,EVENT_RESET,19,638,0.100,1791460564611384.228	,1791460564611384.328	
1,N/A,EVENT_RECORD,19,639,0.020,1791460564611387.028	,1791460564611387.048	
1,_Z24add_rms_norm_bias_customIfEvPhS0_S0_S0_S0_mmjff,AI_VECTOR_CORE,19,640,4.560,1791460564611406.728	,1791460564611411.288	
1,N/A,EVENT_RECORD,19,641,0.020,1791460564611417.728	,1791460564611417.748	
1,N/A,EVENT_RESET,19,642,0.080,1791460564611493.268	,1791460564611493.348	
1,N/A,EVENT_RESET,19,643,0.100,1791460564611496.648	,1791460564611496.748	
1,N/A,EVENT_RECORD,19,644,0.000,1791460564611499.968	,1791460564611499.968	
1,_Z24add_rms_norm_bias_customIfEvPhS0_S0_S0_S0_mmjff,AI_VECTOR_CORE,19,645,4.120,1791460564611504.208	,1791460564611508.328	
1,N/A,EVENT_RECORD,19,646,0.020,1791460564611520.948	,1791460564611520.968	
1,N/A,EVENT_RESET,19,647,0.100,1791460564611599.612	,1791460564611599.712	
1,N/A,EVENT_RESET,19,648,0.100,1791460564611602.712	,1791460564611602.812	
1,N/A,EVENT_RECORD,19,649,0.020,1791460564611605.032	,1791460564611605.052	
1,_Z24add_rms_norm_bias_customIfEvPhS0_S0_S0_S0_mmjff,AI_VECTOR_CORE,19,650,6.100,1791460564611622.392	,1791460564611628.492	
1,N/A,EVENT_RECORD,19,651,0.020,1791460564611628.512	,1791460564611628.532	
1,N/A,EVENT_RESET,19,652,0.100,1791460564611721.472	,1791460564611721.572	
1,N/A,EVENT_RESET,19,653,0.100,1791460564611723.892	,1791460564611723.992	
1,N/A,EVENT_RECORD,19,654,0.020,1791460564611726.132	,1791460564611726.152	
1,_Z24add_rms_norm_bias_customIfEvPhS0_S0_S0_S0_mmjff,AI_VECTOR_CORE,19,655,4.640,1791460564611739.616	,1791460564611744.256	
1,N/A,EVENT_RECORD,19,656,0.020,1791460564611757.756	,1791460564611757.776	
1,N/A,EVENT_RESET,19,657,0.100,1791460564611821.336	,1791460564611821.436	
1,N/A,EVENT_RESET,19,658,0.100,1791460564611823.696	,1791460564611823.796	
1,N/A,EVENT_RECORD,19,659,0.020,1791460564611834.196	,1791460564611834.216	
1,_Z24add_rms_norm_bias_customIfEvPhS0_S0_S0_S0_mmjff,AI_VECTOR_CORE,19,660,5.540,1791460564611851.436	,1791460564611856.976	
1,N/A,EVENT_RECORD,19,661,0.020,1791460564611858.676	,1791460564611858.696	
1,N/A,EVENT_RESET,19,662,0.100,1791460564611940.200	,1791460564611940.300	
1,N/A,EVENT_RESET,19,663,0.080,1791460564611943.580	,1791460564611943.660	
1,N/A,EVENT_RECORD,19,664,0.020,1791460564611945.780	,1791460564611945.800	
1,_Z24add_rms_norm_bias_customIfEvPhS0_S0_S0_S0_mmjff,AI_VECTOR_CORE,19,665,6.020,1791460564611960.060	,1791460564611966.080	
1,N/A,EVENT_RECORD,19,666,0.020,1791460564611976.160	,1791460564611976.180	
1,N/A,EVENT_RESET,19,667,0.080,1791460564612037.220	,1791460564612037.300	
1,N/A,EVENT_RESET,19,668,0.100,1791460564612039.380	,1791460564612039.480	
1,N/A,EVENT_RECORD,19,669,0.020,1791460564612041.320	,1791460564612041.340	
1,_Z24add_rms_norm_bias_customIfEvPhS0_S0_S0_S0_mmjff,AI_VECTOR_CORE,19,670,73.644,1791460564612067.120	,1791460564612140.764	
1,N/A,EVENT_RECORD,19,671,0.020,1791460564612140.804	,1791460564612140.824	
1,N/A,EVENT_RECORD,19,672,0.020,1791460564612140.964	,1791460564612140.984	
1,N/A,EVENT_RESET,19,673,0.080,1791460564612208.324	,1791460564612208.404	
1,N/A,EVENT_RESET,19,674,0.080,1791460564612210.564	,1791460564612210.644	
1,N/A,EVENT_RECORD,19,675,0.020,1791460564612212.744	,1791460564612212.764	
1,_Z24add_rms_norm_bias_customIfEvPhS0_S0_S0_S0_mmjff,AI_VECTOR_CORE,19,676,114.604,1791460564612231.024	,1791460564612345.628	
1,N/A,EVENT_RECORD,19,677,0.020,1791460564612345.648	,1791460564612345.668	
1,N/A,EVENT_RECORD,19,678,0.020,1791460564612345.828	,1791460564612345.848	
1,N/A,EVENT_RESET,19,679,0.080,1791460564612407.968	,1791460564612408.048	
1,N/A,EVENT_RESET,19,680,0.100,1791460564612412.108	,1791460564612412.208	
1,N/A,EVENT_RECORD,19,681,0.020,1791460564612414.268	,1791460564612414.288	
1,_Z24add_rms_norm_bias_customIfEvPhS0_S0_S0_S0_mmjff,AI_VECTOR_CORE,19,682,38.560,1791460564612428.028	,1791460564612466.588	
1,N/A,EVENT_RECORD,19,683,0.020,1791460564612466.608	,1791460564612466.628	
1,N/A,EVENT_RESET,19,684,0.096,1791460564612533.012	,1791460564612533.108	
1,N/A,EVENT_RESET,19,685,0.100,1791460564612538.332	,1791460564612538.432	
1,N/A,EVENT_RECORD,19,686,0.020,1791460564612543.332	,1791460564612543.352	
1,_Z24add_rms_norm_bias_customIfEvPhS0_S0_S0_S0_mmjff,AI_VECTOR_CORE,19,687,9.920,1791460564612549.692	,1791460564612559.612	
1,N/A,EVENT_RECORD,19,688,0.020,1791460564612569.632	,1791460564612569.652	
1,N/A,EVENT_RESET,19,689,0.100,1791460564612635.072	,1791460564612635.172	
1,N/A,EVENT_RESET,19,690,0.100,1791460564612641.972	,1791460564612642.072	
1,N/A,EVENT_RECORD,19,691,0.020,1791460564612646.072	,1791460564612646.092	
1,_Z24add_rms_norm_bias_customIfEvPhS0_S0_S0_S0_mmjff,AI_VECTOR_CORE,19,692,64.460,1791460564612662.912	,1791460564612727.372	
1,N/A,EVENT_RECORD,19,693,0.020,1791460564612727.392	,1791460564612727.412	
1,N/A,EVENT_RECORD,19,694,0.000,1791460564612727.572	,1791460564612727.572	
1,N/A,EVENT_RESET,19,695,0.100,1791460564612792.336	,1791460564612792.436	
1,N/A,EVENT_RESET,19,696,0.100,1791460564612797.736	,1791460564612797.836	
1,N/A,EVENT_RECORD,19,697,0.020,1791460564612804.076	,1791460564612804.096	
1,_Z24add_rms_norm_bias_customIfEvPhS0_S0_S0_S0_mmjff,AI_VECTOR_CORE,19,698,38.720,1791460564612826.376	,1791460564612865.096	
1,N/A,EVENT_RECORD,19,699,0.020,1791460564612865.116	,1791460564612865.136	
1,N/A,EVENT_RECORD,19,700,0.000,1791460564612877.536	,1791460564612877.536	
1,N/A,EVENT_RESET,19,701,0.080,1791460564612927.356	,1791460564612927.436	
1,N/A,EVENT_RESET,19,702,0.104,1791460564612930.836	,1791460564612930.940	
1,N/A,EVENT_RECORD,19,703,0.024,1791460564612933.116	,1791460564612933.140	
1,_Z24add_rms_norm_bias_customIfEvPhS0_S0_S0_S0_mmjff,AI_VECTOR_CORE,19,704,5.440,1791460564612943.940	,1791460564612949.380	
1,N/A,EVENT_RECORD,19,705,0.020,1791460564612962.860	,1791460564612962.880	
1,N/A,EVENT_RESET,19,706,0.080,1791460564613053.800	,1791460564613053.880	
1,N/A,EVENT_RESET,19,707,0.100,1791460564613059.200	,1791460564613059.300	
1,N/A,EVENT_RECORD,19,708,0.020,1791460564613061.860	,1791460564613061.880	
1,_Z24add_rms_norm_bias_customIfEvPhS0_S0_S0_S0_mmjff,AI_VECTOR_CORE,19,709,4.640,1791460564613063.920	,1791460564613068.560	
1,N/A,EVENT_RECORD,19,710,0.020,1791460564613081.940	,1791460564613081.960	
1,N/A,EVENT_RESET,19,711,0.100,1791460564613136.684	,1791460564613136.784	
1,N/A,EVENT_RESET,19,712,0.100,1791460564613140.484	,1791460564613140.584	
1,N/A,EVENT_RECORD,19,713,0.020,1791460564613153.344	,1791460564613153.364	
1,_Z24add_rms_norm_bias_customIfEvPhS0_S0_S0_S0_mmjff,AI_VECTOR_CORE,19,714,55.240,1791460564613158.484	,1791460564613213.724	
1,N/A,EVENT_RECORD,19,715,0.020,1791460564613213.744	,1791460564613213.764	
1,N/A,EVENT_RECORD,19,716,0.000,1791460564613235.124	,1791460564613235.124	
1,N/A,EVENT_RESET,19,717,0.080,1791460564613280.484	,1791460564613280.564	
1,N/A,EVENT_RESET,19,718,0.100,1791460564613284.064	,1791460564613284.164	
1,N/A,EVENT_RECORD,19,719,0.020,1791460564613290.764	,1791460564613290.784	
1,_Z24add_rms_norm_bias_customIfEvPhS0_S0_S0_S0_mmjff,AI_VECTOR_CORE,19,720,5.500,1791460564613312.864	,1791460564613318.364	
1,N/A,EVENT_RECORD,19,721,0.020,1791460564613319.584	,1791460564613319.604	
1,N/A,EVENT_RESET,19,722,0.080,1791460564613399.728	,1791460564613399.808	
1,N/A,EVENT_RESET,19,723,0.100,1791460564613402.048	,1791460564613402.148	
1,N/A,EVENT_RECORD,19,724,0.020,1791460564613404.108	,1791460564613404.128	
1,_Z24add_rms_norm_bias_customIfEvPhS0_S0_S0_S0_mmjff,AI_VECTOR_CORE,19,725,6.120,1791460564613421.468	,1791460564613427.588	
1,N/A,EVENT_RECORD,19,726,0.000,1791460564613427.628	,1791460564613427.628	
1,N/A,EVENT_RESET,19,727,0.080,1791460564613502.268	,1791460564613502.348	
1,N/A,EVENT_RESET,19,728,0.100,1791460564613507.988	,1791460564613508.088	
1,N/A,EVENT_RECORD,19,729,0.020,1791460564613512.668	,1791460564613512.688	
1,_Z24add_rms_norm_bias_customIfEvPhS0_S0_S0_S0_mmjff,AI_VECTOR_CORE,19,730,458.772,1791460564613529.548	,1791460564613988.320	
1,N/A,EVENT_RECORD,19,731,0.020,1791460564613988.340	,1791460564613988.360	
1,N/A,EVENT_RECORD,19,732,0.000,1791460564613988.520	,1791460564613988.520	
1,N/A,EVENT_RESET,19,733,0.100,1791460564614060.400	,1791460564614060.500	
1,N/A,EVENT_RESET,19,734,0.100,1791460564614065.520	,1791460564614065.620	
1,N/A,EVENT_RECORD,19,735,0.020,1791460564614068.320	,1791460564614068.340	
1,_Z24add_rms_norm_bias_customIfEvPhS0_S0_S0_S0_mmjff,AI_VECTOR_CORE,19,736,9.580,1791460564614093.720	,1791460564614103.300	
1,N/A,EVENT_RECORD,19,737,0.020,1791460564614103.320	,1791460564614103.340	
1,N/A,EVENT_RECORD,19,738,0.020,1791460564614232.344	,1791460564614232.364	
1,N/A,EVENT_RESET,19,739,0.080,1791460564614328.184	,1791460564614328.264	
1,N/A,EVENT_RESET,19,740,0.080,1791460564614335.228	,1791460564614335.308	
1,N/A,EVENT_RECORD,19,741,0.020,1791460564614339.668	,1791460564614339.688	
1,_Z24add_rms_norm_bias_customIfEvPhS0_S0_S0_S0_mmjff,AI_VECTOR_CORE,19,742,503.368,1791460564614353.828	,1791460564614857.196	
1,N/A,EVENT_RECORD,19,743,0.020,1791460564614857.216	,1791460564614857.236	
1,N/A,EVENT_RECORD,19,744,0.020,1791460564614857.376	,1791460564614857.396	
1,N/A,EVENT_RESET,19,745,0.080,1791460564614925.036	,1791460564614925.116	
1,N/A,EVENT_RESET,19,746,0.080,1791460564614929.276	,1791460564614929.356	
1,N/A,EVENT_RECORD,19,747,0.024,1791460564614932.036	,1791460564614932.060	
1,_Z24add_rms_norm_bias_customIfEvPhS0_S0_S0_S0_mmjff,AI_VECTOR_CORE,19,748,284.304,1791460564614955.400	,1791460564615239.704	
1,N/A,EVENT_RECORD,19,749,0.000,1791460564615239.744	,1791460564615239.744	
1,N/A,EVENT_RECORD,19,750,0.020,1791460564615239.904	,1791460564615239.924	
1,N/A,EVENT_RESET,19,751,0.080,1791460564615303.264	,1791460564615303.344	
1,N/A,EVENT_RESET,19,752,0.100,1791460564615306.004	,1791460564615306.104	
1,N/A,EVENT_RECORD,19,753,0.020,1791460564615308.524	,1791460564615308.544	
1,_Z24add_rms_norm_bias_customIfEvPhS0_S0_S0_S0_mmjff,AI_VECTOR_CORE,19,754,36.244,1791460564615327.184	,1791460564615363.428	
1,N/A,EVENT_RECORD,19,755,0.020,1791460564615363.448	,1791460564615363.468	
1,N/A,EVENT_RESET,19,756,0.100,1791460564615423.008	,1791460564615423.108	
1,N/A,EVENT_RESET,19,757,0.100,1791460564615425.548	,1791460564615425.648	
1,N/A,EVENT_RECORD,19,758,0.020,1791460564615427.688	,1791460564615427.708	
1,_Z24add_rms_norm_bias_customIfEvPhS0_S0_S0_S0_mmjff,AI_VECTOR_CORE,19,759,16.680,1791460564615448.568	,1791460564615465.248	
1,N/A,EVENT_RECORD,19,760,0.020,1791460564615465.268	,1791460564615465.288	
1,_Z24add_rms_norm_bias_customIfEvPhS0_S0_S0_S0_mmjff,AI_VECTOR_CORE,19,761,5.760,1791460564615548.312	,1791460564615554.072	
1,N/A,EVENT_RESET,19,762,0.100,1791460564615586.032	,1791460564615586.132	
1,N/A,EVENT_RESET,19,763,0.080,1791460564615588.472	,1791460564615588.552	
1,N/A,EVENT_RECORD,19,764,0.020,1791460564615590.632	,1791460564615590.652	
1,_Z24add_rms_norm_bias_customIfEvPhS0_S0_S0_S0_mmjff,AI_VECTOR_CORE,19,765,5.980,1791460564615610.832	,1791460564615616.812	
1,N/A,EVENT_RECORD,19,766,0.020,1791460564615616.832	,1791460564615616.852	
1,N/A,EVENT_RESET,19,767,0.080,1791460564615714.252	,1791460564615714.332	
1,N/A,EVENT_RESET,19,768,0.080,1791460564615717.672	,1791460564615717.752	
1,N/A,EVENT_RECORD,19,769,0.020,1791460564615719.972	,1791460564615719.992	
1,_Z24add_rms_norm_bias_customIfEvPhS0_S0_S0_S0_mmjff,AI_VECTOR_CORE,19,770,6.524,1791460564615734.932	,1791460564615741.456	
1,N/A,EVENT_RECORD,19,771,0.020,1791460564615753.476	,1791460564615753.496	
1,N/A,EVENT_RESET,19,772,0.100,1791460564615821.176	,1791460564615821.276	
1,N/A,EVENT_RESET,19,773,0.080,1791460564615824.916	,1791460564615824.996	
1,N/A,EVENT_RECORD,19,774,0.020,1791460564615827.976	,1791460564615827.996	
1,_Z24add_rms_norm_bias_customIfEvPhS0_S0_S0_S0_mmjff,AI_VECTOR_CORE,19,775,6.020,1791460564615838.456	,1791460564615844.476	
1,N/A,EVENT_RECORD,19,776,0.000,1791460564615856.256	,1791460564615856.256	
1,N/A,EVENT_RESET,19,777,0.104,1791460564615937.116	,1791460564615937.220	
1,N/A,EVENT_RESET,19,778,0.080,1791460564615941.100	,1791460564615941.180	
1,N/A,EVENT_RECORD,19,779,0.020,1791460564615944.300	,1791460564615944.320	
1,_Z24add_rms_norm_bias_customIfEvPhS0_S0_S0_S0_mmjff,AI_VECTOR_CORE,19,780,4.740,1791460564615946.320	,1791460564615951.060	
1,N/A,EVENT_RECORD,19,781,0.020,1791460564615968.760	,1791460564615968.780	
1,N/A,EVENT_RESET,19,782,0.080,1791460564616036.440	,1791460564616036.520	
1,N/A,EVENT_RESET,19,783,0.080,1791460564616039.900	,1791460564616039.980	
1,N/A,EVENT_RECORD,19,784,0.020,1791460564616043.160	,1791460564616043.180	
1,_Z24add_rms_norm_bias_customIfEvPhS0_S0_S0_S0_mmjff,AI_VECTOR_CORE,19,785,2.920,1791460564616060.640	,1791460564616063.560	
1,N/A,EVENT_RECORD,19,786,0.020,1791460564616064.960	,1791460564616064.980	
1,N/A,EVENT_RESET,19,787,0.100,1791460564616139.564	,1791460564616139.664	
1,N/A,EVENT_RESET,19,788,0.100,1791460564616144.024	,1791460564616144.124	
1,N/A,EVENT_RECORD,19,789,0.020,1791460564616157.124	,1791460564616157.144	
1,_Z24add_rms_norm_bias_customIfEvPhS0_S0_S0_S0_mmjff,AI_VECTOR_CORE,19,790,160.880,1791460564616161.904	,1791460564616322.784	
1,N/A,EVENT_RECORD,19,791,0.020,1791460564616322.804	,1791460564616322.824	
1,N/A,EVENT_RECORD,19,792,0.000,1791460564616322.984	,1791460564616322.984	
1,N/A,EVENT_RESET,19,793,0.080,1791460564616389.328	,1791460564616389.408	
1,N/A,EVENT_RESET,19,794,0.100,1791460564616394.308	,1791460564616394.408	
1,N/A,EVENT_RECORD,19,795,0.020,1791460564616397.988	,1791460564616398.008	
1,_Z24add_rms_norm_bias_customIfEvPhS0_S0_S0_S0_mmjff,AI_VECTOR_CORE,19,796,6.900,1791460564616413.048	,1791460564616419.948	
1,N/A,EVENT_RECORD,19,797,0.020,1791460564616420.748	,1791460564616420.768	
1,N/A,EVENT_RESET,19,798,0.080,1791460564616501.788	,1791460564616501.868	
1,N/A,EVENT_RESET,19,799,0.100,1791460564616504.628	,1791460564616504.728	
1,N/A,EVENT_RECORD,19,800,0.020,1791460564616506.428	,1791460564616506.448	
1,_Z24add_rms_norm_bias_customIfEvPhS0_S0_S0_S0_mmjff,AI_VECTOR_CORE,19,801,5.180,1791460564616525.048	,1791460564616530.228	
1,N/A,EVENT_RECORD,19,802,0.024,1791460564616537.628	,1791460564616537.652	
1,N/A,EVENT_RESET,19,803,0.100,1791460564616606.092	,1791460564616606.192	
1,N/A,EVENT_RESET,19,804,0.100,1791460564616608.652	,1791460564616608.752	
1,N/A,EVENT_RECORD,19,805,0.020,1791460564616610.272	,1791460564616610.292	
1,_Z24add_rms_norm_bias_customIfEvPhS0_S0_S0_S0_mmjff,AI_VECTOR_CORE,19,806,5.880,1791460564616626.712	,1791460564616632.592	
1,N/A,EVENT_RECORD,19,807,0.020,1791460564616643.712	,1791460564616643.732	
1,N/A,EVENT_RESET,19,808,0.100,1791460564616711.852	,1791460564616711.952	
1,N/A,EVENT_RESET,19,809,0.080,1791460564616715.292	,1791460564616715.372	
1,N/A,EVENT_RECORD,19,810,0.000,1791460564616717.892	,1791460564616717.892	
1,_Z24add_rms_norm_bias_customIfEvPhS0_S0_S0_S0_mmjff,AI_VECTOR_CORE,19,811,6.100,1791460564616733.396	,1791460564616739.496	
1,N/A,EVENT_RECORD,19,812,0.000,1791460564616750.056	,1791460564616750.056	
1,N/A,EVENT_RESET,19,813,0.100,1791460564616819.276	,1791460564616819.376	
1,N/A,EVENT_RESET,19,814,0.100,1791460564616822.616	,1791460564616822.716	
1,N/A,EVENT_RECORD,19,815,0.020,1791460564616824.056	,1791460564616824.076	
1,_Z24add_rms_norm_bias_customIfEvPhS0_S0_S0_S0_mmjff,AI_VECTOR_CORE,19,816,6.720,1791460564616840.376	,1791460564616847.096	
1,N/A,EVENT_RECORD,19,817,0.000,1791460564616847.136	,1791460564616847.136	
1,N/A,EVENT_RESET,19,818,0.100,1791460564616921.896	,1791460564616921.996	
1,N/A,EVENT_RESET,19,819,0.080,1791460564616924.836	,1791460564616924.916	
1,N/A,EVENT_RECORD,19,820,0.000,1791460564616929.056	,1791460564616929.056	
1,_Z24add_rms_norm_bias_customIfEvPhS0_S0_S0_S0_mmjff,AI_VECTOR_CORE,19,821,12.680,1791460564616945.980	,1791460564616958.660	
1,N/A,EVENT_RECORD,19,822,0.020,1791460564616958.680	,1791460564616958.700	
1,N/A,EVENT_RESET,19,823,0.080,1791460564617026.740	,1791460564617026.820	
1,N/A,EVENT_RESET,19,824,0.080,1791460564617028.800	,1791460564617028.880	
1,N/A,EVENT_RECORD,19,825,0.020,1791460564617030.520	,1791460564617030.540	
1,_Z24add_rms_norm_bias_customIfEvPhS0_S0_S0_S0_mmjff,AI_VECTOR_CORE,19,826,5.420,1791460564617050.220	,1791460564617055.640	
1,N/A,EVENT_RECORD,19,827,0.020,1791460564617063.720	,1791460564617063.740	
1,N/A,EVENT_RESET,19,828,0.080,1791460564617137.724	,1791460564617137.804	
1,N/A,EVENT_RESET,19,829,0.080,1791460564617142.004	,1791460564617142.084	
1,N/A,EVENT_RECORD,19,830,0.000,1791460564617146.464	,1791460564617146.464	
1,_Z24add_rms_norm_bias_customIfEvPhS0_S0_S0_S0_mmjff,AI_VECTOR_CORE,19,831,4.940,1791460564617148.824	,1791460564617153.764	
1,N/A,EVENT_RECORD,19,832,0.020,1791460564617166.064	,1791460564617166.084	
1,N/A,EVENT_RESET,19,833,0.100,1791460564617245.364	,1791460564617245.464	
1,N/A,EVENT_RESET,19,834,0.080,1791460564617247.384	,1791460564617247.464	
1,N/A,EVENT_RECORD,19,835,0.020,1791460564617249.564	,1791460564617249.584	
1,_Z24add_rms_norm_bias_customIfEvPhS0_S0_S0_S0_mmjff,AI_VECTOR_CORE,19,836,4.060,1791460564617274.124	,1791460564617278.184	
1,N/A,EVENT_RECORD,19,837,0.020,1791460564617279.144	,1791460564617279.164	
1,N/A,EVENT_RESET,19,838,0.080,1791460564617346.188	,1791460564617346.268	
1,N/A,EVENT_RESET,19,839,0.100,1791460564617348.848	,1791460564617348.948	
1,N/A,EVENT_RECORD,19,840,0.020,1791460564617350.828	,1791460564617350.848	
1,_Z24add_rms_norm_bias_customIfEvPhS0_S0_S0_S0_mmjff,AI_VECTOR_CORE,19,841,3.360,1791460564617367.288	,1791460564617370.648	
1,N/A,EVENT_RECORD,19,842,0.020,1791460564617378.848	,1791460564617378.868	
1,N/A,EVENT_RESET,19,843,0.100,1791460564617448.668	,1791460564617448.768	
1,N/A,EVENT_RESET,19,844,0.100,1791460564617461.448	,1791460564617461.548	
1,N/A,EVENT_RECORD,19,845,0.020,1791460564617467.908	,1791460564617467.928	
1,_Z24add_rms_norm_bias_customIfEvPhS0_S0_S0_S0_mmjff,AI_VECTOR_CORE,19,846,559.492,1791460564617477.088	,1791460564618036.580	
1,N/A,EVENT_RECORD,19,847,0.000,1791460564618036.620	,1791460564618036.620	
1,N/A,EVENT_RECORD,19,848,0.020,1791460564618036.780	,1791460564618036.800	
1,N/A,EVENT_RESET,19,849,0.100,1791460564618104.120	,1791460564618104.220	
1,N/A,EVENT_RESET,19,850,0.100,1791460564618107.860	,1791460564618107.960	
1,N/A,EVENT_RECORD,19,851,0.000,1791460564618111.440	,1791460564618111.440	
1,_Z24add_rms_norm_bias_customIfEvPhS0_S0_S0_S0_mmjff,AI_VECTOR_CORE,19,852,5.860,1791460564618127.320	,1791460564618133.180	
1,N/A,EVENT_RECORD,19,853,0.020,1791460564618141.584	,1791460564618141.604	
1,N/A,EVENT_RESET,19,854,0.080,1791460564618211.664	,1791460564618211.744	
1,N/A,EVENT_RESET,19,855,0.100,1791460564618214.524	,1791460564618214.624	
1,N/A,EVENT_RECORD,19,856,0.020,1791460564618239.784	,1791460564618239.804	
1,_Z24add_rms_norm_bias_customIfEvPhS0_S0_S0_S0_mmjff,AI_VECTOR_CORE,19,857,577.872,1791460564618243.164	,1791460564618821.036	
1,N/A,EVENT_RECORD,19,858,0.020,1791460564618821.056	,1791460564618821.076	
1,N/A,EVENT_RECORD,19,859,0.000,1791460564618821.236	,1791460564618821.236	
1,N/A,EVENT_RESET,19,860,0.080,1791460564618889.856	,1791460564618889.936	
1,N/A,EVENT_RESET,19,861,0.100,1791460564618895.816	,1791460564618895.916	
1,N/A,EVENT_RECORD,19,862,0.020,1791460564618899.256	,1791460564618899.276	
1,_Z24add_rms_norm_bias_customIfEvPhS0_S0_S0_S0_mmjff,AI_VECTOR_CORE,19,863,4.780,1791460564618905.476	,1791460564618910.256	
1,N/A,EVENT_RECORD,19,864,0.020,1791460564618924.136	,1791460564618924.156	
1,N/A,EVENT_RESET,19,865,0.080,1791460564618988.560	,1791460564618988.640	
1,N/A,EVENT_RESET,19,866,0.100,1791460564618994.220	,1791460564618994.320	
1,N/A,EVENT_RECORD,19,867,0.020,1791460564619001.220	,1791460564619001.240	
1,_Z24add_rms_norm_bias_customIfEvPhS0_S0_S0_S0_mmjff,AI_VECTOR_CORE,19,868,610.652,1791460564619019.840	,1791460564619630.492	
1,N/A,EVENT_RECORD,19,869,0.020,1791460564619630.512	,1791460564619630.532	
1,N/A,EVENT_RECORD,19,870,0.020,1791460564619630.692	,1791460564619630.712	
1,N/A,EVENT_RESET,19,871,0.100,1791460564619703.752	,1791460564619703.852	
1,N/A,EVENT_RESET,19,872,0.100,1791460564619709.332	,1791460564619709.432	
1,N/A,EVENT_RECORD,19,873,0.020,1791460564619728.612	,1791460564619728.632	
1,_Z24add_rms_norm_bias_customIfEvPhS0_S0_S0_S0_mmjff,AI_VECTOR_CORE,19,874,60.984,1791460564619734.572	,1791460564619795.556	
1,N/A,EVENT_RECORD,19,875,0.020,1791460564619795.576	,1791460564619795.596	
1,N/A,EVENT_RECORD,19,876,0.000,1791460564619818.076	,1791460564619818.076	
1,N/A,EVENT_RESET,19,877,0.100,1791460564619867.956	,1791460564619868.056	
1,N/A,EVENT_RESET,19,878,0.080,1791460564619874.976	,1791460564619875.056	
1,N/A,EVENT_RECORD,19,879,0.020,1791460564619883.176	,1791460564619883.196	
1,_Z24add_rms_norm_bias_customIfEvPhS0_S0_S0_S0_mmjff,AI_VECTOR_CORE,19,880,52.444,1791460564619892.296	,1791460564619944.740	
1,N/A,EVENT_RECORD,19,881,0.020,1791460564619944.760	,1791460564619944.780	
1,N/A,EVENT_RECORD,19,882,0.020,1791460564619956.920	,1791460564619956.940	
1,N/A,EVENT_RESET,19,883,0.080,1791460564620014.700	,1791460564620014.780	
1,N/A,EVENT_RESET,19,884,0.100,1791460564620021.760	,1791460564620021.860	
1,N/A,EVENT_RECORD,19,885,0.020,1791460564620026.840	,1791460564620026.860	
1,_Z24add_rms_norm_bias_customIfEvPhS0_S0_S0_S0_mmjff,AI_VECTOR_CORE,19,886,286.124,1791460564620044.920	,1791460564620331.044	
1,N/A,EVENT_RECORD,19,887,0.020,1791460564620331.064	,1791460564620331.084	
1,N/A,EVENT_RECORD,19,888,0.000,1791460564620331.244	,1791460564620331.244	
1,N/A,EVENT_RESET,19,889,0.100,1791460564620395.068	,1791460564620395.168	
1,N/A,EVENT_RESET,19,890,0.100,1791460564620397.588	,1791460564620397.688	
1,N/A,EVENT_RECORD,19,891,0.020,1791460564620399.508	,1791460564620399.528	
1,_Z24add_rms_norm_bias_customIfEvPhS0_S0_S0_S0_mmjff,AI_VECTOR_CORE,19,892,697.372,1791460564620419.408	,1791460564621116.780	
1,N/A,EVENT_RECORD,19,893,0.020,1791460564621116.800	,1791460564621116.820	
1,N/A,EVENT_RECORD,19,894,0.000,1791460564621116.980	,1791460564621116.980	
1,N/A,EVENT_RESET,19,895,0.080,1791460564621186.864	,1791460564621186.944	
1,N/A,EVENT_RESET,19,896,0.080,1791460564621192.624	,1791460564621192.704	
1,N/A,EVENT_RECORD,19,897,0.020,1791460564621195.684	,1791460564621195.704	
1,_Z24add_rms_norm_bias_customIfEvPhS0_S0_S0_S0_mmjff,AI_VECTOR_CORE,19,898,7.040,1791460564621207.464	,1791460564621214.504	
1,N/A,EVENT_RECORD,19,899,0.020,1791460564621219.264	,1791460564621219.284	
1,N/A,EVENT_RESET,19,900,0.100,1791460564621298.504	,1791460564621298.604	
1,N/A,EVENT_RESET,19,901,0.080,1791460564621300.404	,1791460564621300.484	
1,N/A,EVENT_RECORD,19,902,0.020,1791460564621302.484	,1791460564621302.504	
1,_Z24add_rms_norm_bias_customIfEvPhS0_S0_S0_S0_mmjff,AI_VECTOR_CORE,19,903,6.500,1791460564621318.484	,1791460564621324.984	
1,N/A,EVENT_RECORD,19,904,0.020,1791460564621327.484	,1791460564621327.504	
1,N/A,EVENT_RESET,19,905,0.080,1791460564621398.688	,1791460564621398.768	
1,N/A,EVENT_RESET,19,906,0.100,1791460564621401.648	,1791460564621401.748	
1,N/A,EVENT_RECORD,19,907,0.020,1791460564621403.148	,1791460564621403.168	
1,_Z24add_rms_norm_bias_customIfEvPhS0_S0_S0_S0_mmjff,AI_VECTOR_CORE,19,908,6.620,1791460564621418.308	,1791460564621424.928	
1,N/A,EVENT_RECORD,19,909,0.020,1791460564621435.128	,1791460564621435.148	
1,N/A,EVENT_RESET,19,910,0.100,1791460564621509.868	,1791460564621509.968	
1,N/A,EVENT_RESET,19,911,0.100,1791460564621514.588	,1791460564621514.688	
1,N/A,EVENT_RECORD,19,912,0.020,1791460564621516.988	,1791460564621517.008	
1,_Z24add_rms_norm_bias_customIfEvPhS0_S0_S0_S0_mmjff,AI_VECTOR_CORE,19,913,4.520,1791460564621527.588	,1791460564621532.108	
1,N/A,EVENT_RECORD,19,914,0.000,1791460564621536.628	,1791460564621536.628	
1,N/A,EVENT_RESET,19,915,0.100,1791460564621617.812	,1791460564621617.912	
1,N/A,EVENT_RESET,19,916,0.080,1791460564621620.132	,1791460564621620.212	
1,N/A,EVENT_RECORD,19,917,0.020,1791460564621622.512	,1791460564621622.532	
1,_Z24add_rms_norm_bias_customIfEvPhS0_S0_S0_S0_mmjff,AI_VECTOR_CORE,19,918,3.140,1791460564621635.132	,1791460564621638.272	
1,N/A,EVENT_RECORD,19,919,0.000,1791460564621641.452	,1791460564621641.452	
1,N/A,EVENT_RESET,19,920,0.100,1791460564621718.712	,1791460564621718.812	
1,N/A,EVENT_RESET,19,921,0.100,1791460564621722.232	,1791460564621722.332	
1,N/A,EVENT_RECORD,19,922,0.020,1791460564621724.452	,1791460564621724.472	
1,_Z24add_rms_norm_bias_customIfEvPhS0_S0_S0_S0_mmjff,AI_VECTOR_CORE,19,923,3.800,1791460564621746.656	,1791460564621750.456	
1,N/A,EVENT_RECORD,19,924,0.020,1791460564621751.356	,1791460564621751.376	
1,N/A,EVENT_RESET,19,925,0.100,1791460564621816.776	,1791460564621816.876	
1,N/A,EVENT_RESET,19,926,0.100,1791460564621820.036	,1791460564621820.136	
1,N/A,EVENT_RECORD,19,927,0.020,1791460564621833.296	,1791460564621833.316	
1,_Z24add_rms_norm_bias_customIfEvPhS0_S0_S0_S0_mmjff,AI_VECTOR_CORE,19,928,3.360,1791460564621838.596	,1791460564621841.956	
1,N/A,EVENT_RECORD,19,929,0.020,1791460564621856.216	,1791460564621856.236	
1,_Z24add_rms_norm_bias_customIfEvPhS0_S0_S0_S0_mmjff,AI_VECTOR_CORE,19,930,6.220,1791460564621960.240	,1791460564621966.460	
1,N/A,EVENT_RESET,19,931,0.100,1791460564621997.740	,1791460564621997.840	
1,N/A,EVENT_RESET,19,932,0.100,1791460564622001.200	,1791460564622001.300	
1,N/A,EVENT_RECORD,19,933,0.020,1791460564622003.340	,1791460564622003.360	
1,_Z24add_rms_norm_bias_customIfEvPhS0_S0_S0_S0_mmjff,AI_VECTOR_CORE,19,934,3.380,1791460564622022.960	,1791460564622026.340	
1,N/A,EVENT_RECORD,19,935,0.020,1791460564622029.400	,1791460564622029.420	
1,N/A,EVENT_RESET,19,936,0.100,1791460564622107.300	,1791460564622107.400	
1,N/A,EVENT_RESET,19,937,0.100,1791460564622110.440	,1791460564622110.540	
1,N/A,EVENT_RECORD,19,938,0.020,1791460564622113.960	,1791460564622113.980	
1,_Z24add_rms_norm_bias_customIfEvPhS0_S0_S0_S0_mmjff,AI_VECTOR_CORE,19,939,161.964,1791460564622141.300	,1791460564622303.264	
1,N/A,EVENT_RECORD,19,940,0.020,1791460564622303.284	,1791460564622303.304	
1,N/A,EVENT_RECORD,19,941,0.020,1791460564622303.464	,1791460564622303.484	
1,N/A,EVENT_RESET,19,942,0.080,1791460564622373.288	,1791460564622373.368	
1,N/A,EVENT_RESET,19,943,0.100,1791460564622375.768	,1791460564622375.868	
1,N/A,EVENT_RECORD,19,944,0.020,1791460564622379.108	,1791460564622379.128	
1,_Z24add_rms_norm_bias_customIfEvPhS0_S0_S0_S0_mmjff,AI_VECTOR_CORE,19,945,6.260,1791460564622398.048	,1791460564622404.308	
1,N/A,EVENT_RECORD,19,946,0.020,1791460564622404.328	,1791460564622404.348	
1,N/A,EVENT_RESET,19,947,0.100,1791460564622479.468	,1791460564622479.568	
1,N/A,EVENT_RESET,19,948,0.100,1791460564622484.128	,1791460564622484.228	
1,N/A,EVENT_RECORD,19,949,0.020,1791460564622486.748	,1791460564622486.768	
1,_Z24add_rms_norm_bias_customIfEvPhS0_S0_S0_S0_mmjff,AI_VECTOR_CORE,19,950,5.620,1791460564622506.148	,1791460564622511.768	
1,N/A,EVENT_RECORD,19,951,0.020,1791460564622524.988	,1791460564622525.008	
1,N/A,EVENT_RESET,19,952,0.100,1791460564622594.232	,1791460564622594.332	
1,N/A,EVENT_RESET,19,953,0.100,1791460564622596.992	,1791460564622597.092	
1,N/A,EVENT_RECORD,19,954,0.020,1791460564622600.112	,1791460564622600.132	
1,_Z24add_rms_norm_bias_customIfEvPhS0_S0_S0_S0_mmjff,AI_VECTOR_CORE,19,955,4.980,1791460564622614.912	,1791460564622619.892	
1,N/A,EVENT_RECORD,19,956,0.020,1791460564622619.912	,1791460564622619.932	
1,N/A,EVENT_RESET,19,957,0.100,1791460564622691.012	,1791460564622691.112	
1,N/A,EVENT_RESET,19,958,0.080,1791460564622693.712	,1791460564622693.792	
1,N/A,EVENT_RECORD,19,959,0.020,1791460564622708.072	,1791460564622708.092	
1,_Z24add_rms_norm_bias_customIfEvPhS0_S0_S0_S0_mmjff,AI_VECTOR_CORE,19,960,39.544,1791460564622715.472	,1791460564622755.016	
1,N/A,EVENT_RECORD,19,961,0.020,1791460564622755.036	,1791460564622755.056	
1,N/A,EVENT_RESET,19,962,0.100,1791460564622817.696	,1791460564622817.796	
1,N/A,EVENT_RESET,19,963,0.100,1791460564622820.816	,1791460564622820.916	
1,N/A,EVENT_RECORD,19,964,0.000,1791460564622824.076	,1791460564622824.076	
1,_Z24add_rms_norm_bias_customIfEvPhS0_S0_S0_S0_mmjff,AI_VECTOR_CORE,19,965,5.820,1791460564622841.256	,1791460564622847.076	
1,N/A,EVENT_RECORD,19,966,0.020,1791460564622852.196	,1791460564622852.216	
1,N/A,EVENT_RESET,19,967,0.100,1791460564622924.756	,1791460564622924.856	
1,N/A,EVENT_RESET,19,968,0.100,1791460564622928.416	,1791460564622928.516	
1,N/A,EVENT_RECORD,19,969,0.020,1791460564622930.336	,1791460564622930.356	
1,_Z24add_rms_norm_bias_customIfEvPhS0_S0_S0_S0_mmjff,AI_VECTOR_CORE,19,970,8.744,1791460564622933.036	,1791460564622941.780	
1,N/A,EVENT_RECORD,19,971,0.020,1791460564622951.560	,1791460564622951.580	
1,N/A,EVENT_RESET,19,972,0.100,1791460564623029.380	,1791460564623029.480	
1,N/A,EVENT_RESET,19,973,0.080,1791460564623032.280	,1791460564623032.360	
1,N/A,EVENT_RECORD,19,974,0.000,1791460564623042.020	,1791460564623042.020	
1,_Z24add_rms_norm_bias_customIfEvPhS0_S0_S0_S0_mmjff,AI_VECTOR_CORE,19,975,8.160,1791460564623047.520	,1791460564623055.680	
1,N/A,EVENT_RECORD,19,976,0.020,1791460564623069.240	,1791460564623069.260	
1,N/A,EVENT_RESET,19,977,0.104,1791460564623139.980	,1791460564623140.084	
1,N/A,EVENT_RESET,19,978,0.104,1791460564623142.620	,1791460564623142.724	
1,N/A,EVENT_RECORD,19,979,0.016,1791460564623144.764	,1791460564623144.780	
1,_Z24add_rms_norm_bias_customIfEvPhS0_S0_S0_S0_mmjff,AI_VECTOR_CORE,19,980,157.380,1791460564623159.044	,1791460564623316.424	
1,N/A,EVENT_RECORD,19,981,0.020,1791460564623316.444	,1791460564623316.464	
1,N/A,EVENT_RECORD,19,982,0.000,1791460564623316.624	,1791460564623316.624	
1,N/A,EVENT_RESET,19,983,0.080,1791460564623380.408	,1791460564623380.488	
1,N/A,EVENT_RESET,19,984,0.080,1791460564623384.408	,1791460564623384.488	
1,N/A,EVENT_RECORD,19,985,0.020,1791460564623386.948	,1791460564623386.968	
1,_Z24add_rms_norm_bias_customIfEvPhS0_S0_S0_S0_mmjff,AI_VECTOR_CORE,19,986,21.480,1791460564623404.608	,1791460564623426.088	
1,N/A,EVENT_RECORD,19,987,0.020,1791460564623426.108	,1791460564623426.128	
1,N/A,EVENT_RESET,19,988,0.080,1791460564623484.388	,1791460564623484.468	
1,N/A,EVENT_RESET,19,989,0.100,1791460564623486.588	,1791460564623486.688	
1,N/A,EVENT_RECORD,19,990,0.020,1791460564623489.128	,1791460564623489.148	
1,_Z24add_rms_norm_bias_customIfEvPhS0_S0_S0_S0_mmjff,AI_VECTOR_CORE,19,991,17.480,1791460564623510.768	,1791460564623528.248	
1,N/A,EVENT_RECORD,19,992,0.020,1791460564623531.248	,1791460564623531.268	
1,N/A,EVENT_RESET,19,993,0.100,1791460564623595.892	,1791460564623595.992	
1,N/A,EVENT_RESET,19,994,0.100,1791460564623603.952	,1791460564623604.052	
1,N/A,EVENT_RECORD,19,995,0.020,1791460564623609.852	,1791460564623609.872	
1,_Z24add_rms_norm_bias_customIfEvPhS0_S0_S0_S0_mmjff,AI_VECTOR_CORE,19,996,6.820,1791460564623618.612	,1791460564623625.432	
1,N/A,EVENT_RECORD,19,997,0.020,1791460564623628.732	,1791460564623628.752	
1,N/A,EVENT_RESET,19,998,0.080,1791460564623725.832	,1791460564623725.912	
1,N/A,EVENT_RESET,19,999,0.100,1791460564623730.652	,1791460564623730.752	
1,N/A,EVENT_RECORD,19,1000,0.020,1791460564623735.572	,1791460564623735.592	
1,_Z24add_rms_norm_bias_customIfEvPhS0_S0_S0_S0_mmjff,AI_VECTOR_CORE,19,1001,48.360,1791460564623749.516	,1791460564623797.876	
1,N/A,EVENT_RECORD,19,1002,0.000,1791460564623797.916	,1791460564623797.916	
1,N/A,EVENT_RESET,19,1003,0.100,1791460564623854.196	,1791460564623854.296	
1,N/A,EVENT_RESET,19,1004,0.100,1791460564623858.196	,1791460564623858.296	
1,N/A,EVENT_RECORD,19,1005,0.020,1791460564623861.016	,1791460564623861.036	
1,_Z24add_rms_norm_bias_customIfEvPhS0_S0_S0_S0_mmjff,AI_VECTOR_CORE,19,1006,138.664,1791460564623885.936	,1791460564624024.600	
1,N/A,EVENT_RECORD,19,1007,0.000,1791460564624024.640	,1791460564624024.640	
1,N/A,EVENT_RECORD,19,1008,0.020,1791460564624024.800	,1791460564624024.820	
1,N/A,EVENT_RESET,19,1009,0.080,1791460564624085.900	,1791460564624085.980	
1,N/A,EVENT_RESET,19,1010,0.100,1791460564624088.580	,1791460564624088.680	
1,N/A,EVENT_RECORD,19,1011,0.020,1791460564624090.660	,1791460564624090.680	
1,_Z24add_rms_norm_bias_customIfEvPhS0_S0_S0_S0_mmjff,AI_VECTOR_CORE,19,1012,6.940,1791460564624105.460	,1791460564624112.400	
1,N/A,EVENT_RECORD,19,1013,0.020,1791460564624131.040	,1791460564624131.060	
1,N/A,EVENT_RESET,19,1014,0.080,1791460564624201.044	,1791460564624201.124	
1,N/A,EVENT_RESET,19,1015,0.080,1791460564624203.044	,1791460564624203.124	
1,N/A,EVENT_RECORD,19,1016,0.020,1791460564624206.504	,1791460564624206.524	
1,_Z24add_rms_norm_bias_customIfEvPhS0_S0_S0_S0_mmjff,AI_VECTOR_CORE,19,1017,38.780,1791460564624221.064	,1791460564624259.844	
1,N/A,EVENT_RECORD,19,1018,0.020,1791460564624259.864	,1791460564624259.884	
1,N/A,EVENT_RESET,19,1019,0.080,1791460564624316.444	,1791460564624316.524	
1,N/A,EVENT_RESET,19,1020,0.100,1791460564624318.704	,1791460564624318.804	
1,N/A,EVENT_RECORD,19,1021,0.020,1791460564624326.124	,1791460564624326.144	
1,_Z24add_rms_norm_bias_customIfEvPhS0_S0_S0_S0_mmjff,AI_VECTOR_CORE,19,1022,7.340,1791460564624343.788	,1791460564624351.128	
1,N/A,EVENT_RECORD,19,1023,0.020,1791460564624353.068	,1791460564624353.088	
1,N/A,EVENT_RESET,19,1024,0.100,1791460564624431.248	,1791460564624431.348	
1,N/A,EVENT_RESET,19,1025,0.100,1791460564624434.488	,1791460564624434.588	
1,N/A,EVENT_RECORD,19,1026,0.020,1791460564624436.588	,1791460564624436.608	
1,_Z24add_rms_norm_bias_customIfEvPhS0_S0_S0_S0_mmjff,AI_VECTOR_CORE,19,1027,6.500,1791460564624443.328	,1791460564624449.828	
1,N/A,EVENT_RECORD,19,1028,0.020,1791460564624462.288	,1791460564624462.308	
1,N/A,EVENT_RESET,19,1029,0.080,1791460564624542.052	,1791460564624542.132	
1,N/A,EVENT_RESET,19,1030,0.080,1791460564624545.548	,1791460564624545.628	
1,N/A,EVENT_RECORD,19,1031,0.020,1791460564624548.972	,1791460564624548.992	
1,_Z24add_rms_norm_bias_customIfEvPhS0_S0_S0_S0_mmjff,AI_VECTOR_CORE,19,1032,5.500,1791460564624550.972	,1791460564624556.472	
1,N/A,EVENT_RECORD,19,1033,0.020,1791460564624573.732	,1791460564624573.752	
1,N/A,EVENT_RESET,19,1034,0.100,1791460564624637.512	,1791460564624637.612	
1,N/A,EVENT_RESET,19,1035,0.080,1791460564624640.472	,1791460564624640.552	
1,N/A,EVENT_RECORD,19,1036,0.020,1791460564624642.732	,1791460564624642.752	
1,_Z24add_rms_norm_bias_customIfEvPhS0_S0_S0_S0_mmjff,AI_VECTOR_CORE,19,1037,6.640,1791460564624668.432	,1791460564624675.072	
1,N/A,EVENT_RECORD,19,1038,0.020,1791460564624675.092	,1791460564624675.112	
1,N/A,EVENT_RESET,19,1039,0.104,1791460564624740.892	,1791460564624740.996	
1,N/A,EVENT_RESET,19,1040,0.104,1791460564624743.332	,1791460564624743.436	
1,N/A,EVENT_RECORD,19,1041,0.020,1791460564624747.396	,1791460564624747.416	
1,_Z24add_rms_norm_bias_customIfEvPhS0_S0_S0_S0_mmjff,AI_VECTOR_CORE,19,1042,4.940,1791460564624761.636	,1791460564624766.576	
1,N/A,EVENT_RECORD,19,1043,0.020,1791460564624777.936	,1791460564624777.956	
1,N/A,EVENT_RESET,19,1044,0.080,1791460564624851.076	,1791460564624851.156	
1,N/A,EVENT_RESET,19,1045,0.100,1791460564624853.376	,1791460564624853.476	
1,N/A,EVENT_RECORD,19,1046,0.020,1791460564624855.336	,1791460564624855.356	
1,_Z24add_rms_norm_bias_customIfEvPhS0_S0_S0_S0_mmjff,AI_VECTOR_CORE,19,1047,3.620,1791460564624876.136	,1791460564624879.756	
1,N/A,EVENT_RECORD,19,1048,0.020,1791460564624889.936	,1791460564624889.956	
1,N/A,EVENT_RESET,19,1049,0.080,1791460564624956.140	,1791460564624956.220	
1,N/A,EVENT_RESET,19,1050,0.080,1791460564624958.320	,1791460564624958.400	
1,N/A,EVENT_RECORD,19,1051,0.020,1791460564624960.600	,1791460564624960.620	
1,_Z24add_rms_norm_bias_customIfEvPhS0_S0_S0_S0_mmjff,AI_VECTOR_CORE,19,1052,4.320,1791460564624981.600	,1791460564624985.920	
1,N/A,EVENT_RECORD,19,1053,0.020,1791460564624993.060	,1791460564624993.080	
1,N/A,EVENT_RESET,19,1054,0.100,1791460564625081.900	,1791460564625082.000	
1,N/A,EVENT_RESET,19,1055,0.100,1791460564625085.460	,1791460564625085.560	
1,N/A,EVENT_RECORD,19,1056,0.020,1791460564625088.620	,1791460564625088.640	
1,_Z24add_rms_norm_bias_customIfEvPhS0_S0_S0_S0_mmjff,AI_VECTOR_CORE,19,1057,570.192,1791460564625106.520	,1791460564625676.712	
1,N/A,EVENT_RECORD,19,1058,0.020,1791460564625676.732	,1791460564625676.752	
1,N/A,EVENT_RECORD,19,1059,0.020,1791460564625676.892	,1791460564625676.912	
1,N/A,EVENT_RESET,19,1060,0.080,1791460564625741.012	,1791460564625741.092	
1,N/A,EVENT_RESET,19,1061,0.080,1791460564625744.092	,1791460564625744.172	
1,N/A,EVENT_RECORD,19,1062,0.024,1791460564625747.332	,1791460564625747.356	
1,_Z24add_rms_norm_bias_customIfEvPhS0_S0_S0_S0_mmjff,AI_VECTOR_CORE,19,1063,35.700,1791460564625760.856	,1791460564625796.556	
1,N/A,EVENT_RECORD,19,1064,0.020,1791460564625796.576	,1791460564625796.596	
1,N/A,EVENT_RESET,19,1065,0.080,1791460564625864.176	,1791460564625864.256	
1,N/A,EVENT_RESET,19,1066,0.080,1791460564625866.516	,1791460564625866.596	
1,N/A,EVENT_RECORD,19,1067,0.020,1791460564625868.496	,1791460564625868.516	
1,_Z24add_rms_norm_bias_customIfEvPhS0_S0_S0_S0_mmjff,AI_VECTOR_CORE,19,1068,59.940,1791460564625887.056	,1791460564625946.996	
1,N/A,EVENT_RECORD,19,1069,0.016,1791460564625947.020	,1791460564625947.036	
1,N/A,EVENT_RECORD,19,1070,0.000,1791460564625953.580	,1791460564625953.580	
1,N/A,EVENT_RESET,19,1071,0.100,1791460564626006.320	,1791460564626006.420	
1,N/A,EVENT_RESET,19,1072,0.080,1791460564626010.680	,1791460564626010.760	
1,N/A,EVENT_RECORD,19,1073,0.000,1791460564626013.500	,1791460564626013.500	
1,_Z24add_rms_norm_bias_customIfEvPhS0_S0_S0_S0_mmjff,AI_VECTOR_CORE,19,1074,52.460,1791460564626035.340	,1791460564626087.800	
1,N/A,EVENT_RECORD,19,1075,0.000,1791460564626087.840	,1791460564626087.840	
1,N/A,EVENT_RECORD,19,1076,0.020,1791460564626098.220	,1791460564626098.240	
1,N/A,EVENT_RESET,19,1077,0.100,1791460564626157.324	,1791460564626157.424	
1,N/A,EVENT_RESET,19,1078,0.080,1791460564626160.984	,1791460564626161.064	
1,N/A,EVENT_RECORD,19,1079,0.020,1791460564626163.824	,1791460564626163.844	
1,_Z24add_rms_norm_bias_customIfEvPhS0_S0_S0_S0_mmjff,AI_VECTOR_CORE,19,1080,5.500,1791460564626166.704	,1791460564626172.204	
1,N/A,EVENT_RECORD,19,1081,0.000,1791460564626183.284	,1791460564626183.284	
1,N/A,EVENT_RESET,19,1082,0.080,1791460564626271.724	,1791460564626271.804	
1,N/A,EVENT_RESET,19,1083,0.100,1791460564626275.024	,1791460564626275.124	
1,N/A,EVENT_RECORD,19,1084,0.020,1791460564626278.744	,1791460564626278.764	
1,_Z24add_rms_norm_bias_customIfEvPhS0_S0_S0_S0_mmjff,AI_VECTOR_CORE,19,1085,7.580,1791460564626281.084	,1791460564626288.664	
1,N/A,EVENT_RECORD,19,1086,0.000,1791460564626301.264	,1791460564626301.264	
1,N/A,EVENT_RESET,19,1087,0.100,1791460564626372.488	,1791460564626372.588	
1,N/A,EVENT_RESET,19,1088,0.100,1791460564626375.308	,1791460564626375.408	
1,N/A,EVENT_RECORD,19,1089,0.020,1791460564626377.388	,1791460564626377.408	
1,_Z24add_rms_norm_bias_customIfEvPhS0_S0_S0_S0_mmjff,AI_VECTOR_CORE,19,1090,3.820,1791460564626393.328	,1791460564626397.148	
1,N/A,EVENT_RECORD,19,1091,0.020,1791460564626410.528	,1791460564626410.548	
1,N/A,EVENT_RESET,19,1092,0.100,1791460564626472.708	,1791460564626472.808	
1,N/A,EVENT_RESET,19,1093,0.100,1791460564626475.148	,1791460564626475.248	
1,N/A,EVENT_RECORD,19,1094,0.020,1791460564626483.628	,1791460564626483.648	
1,_Z24add_rms_norm_bias_customIfEvPhS0_S0_S0_S0_mmjff,AI_VECTOR_CORE,19,1095,5.040,1791460564626492.348	,1791460564626497.388	
1,N/A,EVENT_RECORD,19,1096,0.020,1791460564626511.368	,1791460564626511.388	
1,_Z24add_rms_norm_bias_customIfEvPhS0_S0_S0_S0_mmjff,AI_VECTOR_CORE,19,1097,4.020,1791460564626600.292	,1791460564626604.312	
1,N/A,EVENT_RESET,19,1098,0.080,1791460564626639.012	,1791460564626639.092	
1,N/A,EVENT_RESET,19,1099,0.100,1791460564626642.232	,1791460564626642.332	
1,N/A,EVENT_RECORD,19,1100,0.020,1791460564626644.172	,1791460564626644.192	
1,_Z24add_rms_norm_bias_customIfEvPhS0_S0_S0_S0_mmjff,AI_VECTOR_CORE,19,1101,6.260,1791460564626662.592	,1791460564626668.852	
1,N/A,EVENT_RECORD,19,1102,0.020,1791460564626672.392	,1791460564626672.412	
1,N/A,EVENT_RESET,19,1103,0.100,1791460564626739.632	,1791460564626739.732	
1,N/A,EVENT_RESET,19,1104,0.096,1791460564626742.156	,1791460564626742.252	
1,N/A,EVENT_RECORD,19,1105,0.020,1791460564626758.396	,1791460564626758.416	
1,_Z24add_rms_norm_bias_customIfEvPhS0_S0_S0_S0_mmjff,AI_VECTOR_CORE,19,1106,4.680,1791460564626760.316	,1791460564626764.996	
1,N/A,EVENT_RECORD,19,1107,0.020,1791460564626789.456	,1791460564626789.476	
1,N/A,EVENT_RESET,19,1108,0.080,1791460564626853.356	,1791460564626853.436	
1,N/A,EVENT_RESET,19,1109,0.080,1791460564626857.056	,1791460564626857.136	
1,N/A,EVENT_RECORD,19,1110,0.020,1791460564626859.696	,1791460564626859.716	
1,_Z24add_rms_norm_bias_customIfEvPhS0_S0_S0_S0_mmjff,AI_VECTOR_CORE,19,1111,16.720,1791460564626865.416	,1791460564626882.136	
1,N/A,EVENT_RECORD,19,1112,0.020,1791460564626882.156	,1791460564626882.176	
1,N/A,EVENT_RESET,19,1113,0.100,1791460564626948.940	,1791460564626949.040	
1,N/A,EVENT_RESET,19,1114,0.080,1791460564626951.980	,1791460564626952.060	
1,N/A,EVENT_RECORD,19,1115,0.020,1791460564626960.460	,1791460564626960.480	
1,_Z24add_rms_norm_bias_customIfEvPhS0_S0_S0_S0_mmjff,AI_VECTOR_CORE,19,1116,5.300,1791460564626979.780	,1791460564626985.080	
1,N/A,EVENT_RECORD,19,1117,0.020,1791460564626986.840	,1791460564626986.860	
1,N/A,EVENT_RESET,19,1118,0.080,1791460564627055.600	,1791460564627055.680	
1,N/A,EVENT_RESET,19,1119,0.100,1791460564627059.220	,1791460564627059.320	
1,N/A,EVENT_RECORD,19,1120,0.020,1791460564627069.500	,1791460564627069.520	
1,_Z24add_rms_norm_bias_customIfEvPhS0_S0_S0_S0_mmjff,AI_VECTOR_CORE,19,1121,5.520,1791460564627077.620	,1791460564627083.140	
1,N/A,EVENT_RECORD,19,1122,0.020,1791460564627100.120	,1791460564627100.140	
1,N/A,EVENT_RESET,19,1123,0.100,1791460564627158.904	,1791460564627159.004	
1,N/A,EVENT_RESET,19,1124,0.080,1791460564627162.244	,1791460564627162.324	
1,N/A,EVENT_RECORD,19,1125,0.020,1791460564627173.644	,1791460564627173.664	
1,_Z24add_rms_norm_bias_customIfEvPhS0_S0_S0_S0_mmjff,AI_VECTOR_CORE,19,1126,6.320,1791460564627193.424	,1791460564627199.744	
1,N/A,EVENT_RECORD,19,1127,0.020,1791460564627199.764	,1791460564627199.784	
1,N/A,EVENT_RESET,19,1128,0.100,1791460564627273.044	,1791460564627273.144	
1,N/A,EVENT_RESET,19,1129,0.080,1791460564627276.004	,1791460564627276.084	
1,N/A,EVENT_RECORD,19,1130,0.020,1791460564627278.104	,1791460564627278.124	
1,_Z24add_rms_norm_bias_customIfEvPhS0_S0_S0_S0_mmjff,AI_VECTOR_CORE,19,1131,3.300,1791460564627298.744	,1791460564627302.044	
1,N/A,EVENT_RECORD,19,1132,0.020,1791460564627302.744	,1791460564627302.764	
1,N/A,EVENT_RESET,19,1133,0.080,1791460564627371.208	,1791460564627371.288	
1,N/A,EVENT_RESET,19,1134,0.100,1791460564627374.308	,1791460564627374.408	
1,N/A,EVENT_RECORD,19,1135,0.020,1791460564627384.228	,1791460564627384.248	
1,_Z24add_rms_norm_bias_customIfEvPhS0_S0_S0_S0_mmjff,AI_VECTOR_CORE,19,1136,81.100,1791460564627414.388	,1791460564627495.488	
1,N/A,EVENT_RECORD,19,1137,0.020,1791460564627495.508	,1791460564627495.528	
1,N/A,EVENT_RECORD,19,1138,0.000,1791460564627495.688	,1791460564627495.688	
1,N/A,EVENT_RESET,19,1139,0.100,1791460564627553.352	,1791460564627553.452	
1,N/A,EVENT_RESET,19,1140,0.100,1791460564627559.912	,1791460564627560.012	
1,N/A,EVENT_RECORD,19,1141,0.020,1791460564627570.572	,1791460564627570.592	
1,_Z24add_rms_norm_bias_customIfEvPhS0_S0_S0_S0_mmjff,AI_VECTOR_CORE,19,1142,11.320,1791460564627586.652	,1791460564627597.972	
1,N/A,EVENT_RECORD,19,1143,0.020,1791460564627609.552	,1791460564627609.572	
1,N/A,EVENT_RESET,19,1144,0.100,1791460564627672.912	,1791460564627673.012	
1,N/A,EVENT_RESET,19,1145,0.080,1791460564627682.412	,1791460564627682.492	
1,N/A,EVENT_RECORD,19,1146,0.020,1791460564627685.592	,1791460564627685.612	
1,_Z24add_rms_norm_bias_customIfEvPhS0_S0_S0_S0_mmjff,AI_VECTOR_CORE,19,1147,6.320,1791460564627702.012	,1791460564627708.332	
1,N/A,EVENT_RECORD,19,1148,0.000,1791460564627716.352	,1791460564627716.352	
1,N/A,EVENT_RESET,19,1149,0.080,1791460564627808.936	,1791460564627809.016	
1,N/A,EVENT_RESET,19,1150,0.080,1791460564627812.196	,1791460564627812.276	
1,N/A,EVENT_RECORD,19,1151,0.020,1791460564627815.456	,1791460564627815.476	
1,_Z24add_rms_norm_bias_customIfEvPhS0_S0_S0_S0_mmjff,AI_VECTOR_CORE,19,1152,40.860,1791460564627837.776	,1791460564627878.636	
1,N/A,EVENT_RECORD,19,1153,0.020,1791460564627878.656	,1791460564627878.676	
1,N/A,EVENT_RECORD,19,1154,0.000,1791460564627917.036	,1791460564627917.036	
1,N/A,EVENT_RESET,19,1155,0.080,1791460564627976.080	,1791460564627976.160	
1,N/A,EVENT_RESET,19,1156,0.100,1791460564627980.900	,1791460564627981.000	
1,N/A,EVENT_RECORD,19,1157,0.020,1791460564627986.420	,1791460564627986.440	
1,_Z24add_rms_norm_bias_customIfEvPhS0_S0_S0_S0_mmjff,AI_VECTOR_CORE,19,1158,8.800,1791460564627997.600	,1791460564628006.400	
1,N/A,EVENT_RECORD,19,1159,0.000,1791460564628013.940	,1791460564628013.940	
1,N/A,EVENT_RESET,19,1160,0.080,1791460564628084.700	,1791460564628084.780	
1,N/A,EVENT_RESET,19,1161,0.080,1791460564628086.940	,1791460564628087.020	
1,N/A,EVENT_RECORD,19,1162,0.020,1791460564628089.500	,1791460564628089.520	
1,_Z24add_rms_norm_bias_customIfEvPhS0_S0_S0_S0_mmjff,AI_VECTOR_CORE,19,1163,10.320,1791460564628110.420	,1791460564628120.740	
1,N/A,EVENT_RECORD,19,1164,0.020,1791460564628120.760	,1791460564628120.780	
1,N/A,EVENT_RESET,19,1165,0.100,1791460564628195.564	,1791460564628195.664	
1,N/A,EVENT_RESET,19,1166,0.100,1791460564628201.624	,1791460564628201.724	
1,N/A,EVENT_RECORD,19,1167,0.020,1791460564628207.404	,1791460564628207.424	
1,_Z24add_rms_norm_bias_customIfEvPhS0_S0_S0_S0_mmjff,AI_VECTOR_CORE,19,1168,31.420,1791460564628213.364	,1791460564628244.784	
1,N/A,EVENT_RECORD,19,1169,0.020,1791460564628244.804	,1791460564628244.824	
1,N/A,EVENT_RESET,19,1170,0.100,1791460564628311.384	,1791460564628311.484	
1,N/A,EVENT_RESET,19,1171,0.100,1791460564628314.324	,1791460564628314.424	
1,N/A,EVENT_RECORD,19,1172,0.020,1791460564628316.364	,1791460564628316.384	
1,_Z24add_rms_norm_bias_customIfEvPhS0_S0_S0_S0_mmjff,AI_VECTOR_CORE,19,1173,31.464,1791460564628321.064	,1791460564628352.528	
1,N/A,EVENT_RECORD,19,1174,0.000,1791460564628352.568	,1791460564628352.568	
1,N/A,EVENT_RESET,19,1175,0.100,1791460564628417.328	,1791460564628417.428	
1,N/A,EVENT_RESET,19,1176,0.080,1791460564628421.028	,1791460564628421.108	
1,N/A,EVENT_RECORD,19,1177,0.020,1791460564628423.448	,1791460564628423.468	
1,_Z24add_rms_norm_bias_customIfEvPhS0_S0_S0_S0_mmjff,AI_VECTOR_CORE,19,1178,4.740,1791460564628441.748	,1791460564628446.488	
1,N/A,EVENT_RECORD,19,1179,0.020,1791460564628464.628	,1791460564628464.648	
1,N/A,EVENT_RESET,19,1180,0.100,1791460564628516.388	,1791460564628516.488	
1,N/A,EVENT_RESET,19,1181,0.100,1791460564628518.908	,1791460564628519.008	
1,N/A,EVENT_RECORD,19,1182,0.020,1791460564628530.188	,1791460564628530.208	
1,_Z24add_rms_norm_bias_customIfEvPhS0_S0_S0_S0_mmjff,AI_VECTOR_CORE,19,1183,29.084,1791460564628547.468	,1791460564628576.552	
1,N/A,EVENT_RECORD,19,1184,0.000,1791460564628576.592	,1791460564628576.592	
1,N/A,EVENT_RESET,19,1185,0.100,1791460564628638.732	,1791460564628638.832	
1,N/A,EVENT_RESET,19,1186,0.100,1791460564628642.212	,1791460564628642.312	
1,N/A,EVENT_RECORD,19,1187,0.020,1791460564628644.712	,1791460564628644.732	
1,_Z24add_rms_norm_bias_customIfEvPhS0_S0_S0_S0_mmjff,AI_VECTOR_CORE,19,1188,28.880,1791460564628670.492	,1791460564628699.372	
1,N/A,EVENT_RECORD,19,1189,0.020,1791460564628699.392	,1791460564628699.412	
1,N/A,EVENT_RESET,19,1190,0.080,1791460564628759.376	,1791460564628759.456	
1,N/A,EVENT_RESET,19,1191,0.100,1791460564628762.316	,1791460564628762.416	
1,N/A,EVENT_RECORD,19,1192,0.020,1791460564628766.116	,1791460564628766.136	
1,_Z24add_rms_norm_bias_customIfEvPhS0_S0_S0_S0_mmjff,AI_VECTOR_CORE,19,1193,5.900,1791460564628777.196	,1791460564628783.096	
1,N/A,EVENT_RECORD,19,1194,0.020,1791460564628793.856	,1791460564628793.876	
1,N/A,EVENT_RESET,19,1195,0.100,1791460564628857.916	,1791460564628858.016	
1,N/A,EVENT_RESET,19,1196,0.080,1791460564628860.196	,1791460564628860.276	
1,N/A,EVENT_RECORD,19,1197,0.020,1791460564628862.616	,1791460564628862.636	
1,_Z24add_rms_norm_bias_customIfEvPhS0_S0_S0_S0_mmjff,AI_VECTOR_CORE,19,1198,5.880,1791460564628877.016	,1791460564628882.896	
1,N/A,EVENT_RECORD,19,1199,0.020,1791460564628891.656	,1791460564628891.676	
1,N/A,EVENT_RESET,19,1200,0.100,1791460564628958.380	,1791460564628958.480	
1,N/A,EVENT_RESET,19,1201,0.080,1791460564628962.620	,1791460564628962.700	
1,N/A,EVENT_RECORD,19,1202,0.000,1791460564628974.700	,1791460564628974.700	
1,_Z24add_rms_norm_bias_customIfEvPhS0_S0_S0_S0_mmjff,AI_VECTOR_CORE,19,1203,464.368,1791460564628981.460	,1791460564629445.828	
1,N/A,EVENT_RECORD,19,1204,0.020,1791460564629445.848	,1791460564629445.868	
1,N/A,EVENT_RECORD,19,1205,0.020,1791460564629446.028	,1791460564629446.048	
1,N/A,EVENT_RESET,19,1206,0.100,1791460564629503.008	,1791460564629503.108	
1,N/A,EVENT_RESET,19,1207,0.100,1791460564629511.068	,1791460564629511.168	
1,N/A,EVENT_RECORD,19,1208,0.020,1791460564629515.508	,1791460564629515.528	
1,_Z24add_rms_norm_bias_customIfEvPhS0_S0_S0_S0_mmjff,AI_VECTOR_CORE,19,1209,6.680,1791460564629524.348	,1791460564629531.028	
1,N/A,EVENT_RECORD,19,1210,0.024,1791460564629547.508	,1791460564629547.532	
1,N/A,EVENT_RESET,19,1211,0.100,1791460564629622.152	,1791460564629622.252	
1,N/A,EVENT_RESET,19,1212,0.100,1791460564629625.232	,1791460564629625.332	
1,N/A,EVENT_RECORD,19,1213,0.020,1791460564629627.052	,1791460564629627.072	
1,_Z24add_rms_norm_bias_customIfEvPhS0_S0_S0_S0_mmjff,AI_VECTOR_CORE,19,1214,21.520,1791460564629643.652	,1791460564629665.172	
1,N/A,EVENT_RECORD,19,1215,0.000,1791460564629666.732	,1791460564629666.732	
1,N/A,EVENT_RESET,19,1216,0.100,1791460564629735.432	,1791460564629735.532	
1,N/A,EVENT_RESET,19,1217,0.080,1791460564629741.632	,1791460564629741.712	
1,N/A,EVENT_RECORD,19,1218,0.016,1791460564629746.196	,1791460564629746.212	
1,_Z24add_rms_norm_bias_customIfEvPhS0_S0_S0_S0_mmjff,AI_VECTOR_CORE,19,1219,6.840,1791460564629755.856	,1791460564629762.696	
1,N/A,EVENT_RECORD,19,1220,0.020,1791460564629774.316	,1791460564629774.336	
1,N/A,EVENT_RESET,19,1221,0.080,1791460564629836.856	,1791460564629836.936	
1,N/A,EVENT_RESET,19,1222,0.100,1791460564629841.396	,1791460564629841.496	
1,N/A,EVENT_RECORD,19,1223,0.020,1791460564629855.576	,1791460564629855.596	
1,_Z24add_rms_norm_bias_customIfEvPhS0_S0_S0_S0_mmjff,AI_VECTOR_CORE,19,1224,495.652,1791460564629860.996	,1791460564630356.648	
1,N/A,EVENT_RECORD,19,1225,0.020,1791460564630356.668	,1791460564630356.688	
1,N/A,EVENT_RECORD,19,1226,0.000,1791460564630356.848	,1791460564630356.848	
1,N/A,EVENT_RESET,19,1227,0.080,1791460564630416.228	,1791460564630416.308	
1,N/A,EVENT_RESET,19,1228,0.100,1791460564630419.348	,1791460564630419.448	
1,N/A,EVENT_RECORD,19,1229,0.020,1791460564630432.448	,1791460564630432.468	
1,_Z24add_rms_norm_bias_customIfEvPhS0_S0_S0_S0_mmjff,AI_VECTOR_CORE,19,1230,295.084,1791460564630443.148	,1791460564630738.232	
1,N/A,EVENT_RECORD,19,1231,0.020,1791460564630738.252	,1791460564630738.272	
1,N/A,EVENT_RECORD,19,1232,0.000,1791460564630738.432	,1791460564630738.432	
1,N/A,EVENT_RESET,19,1233,0.100,1791460564630811.076	,1791460564630811.176	
1,N/A,EVENT_RESET,19,1234,0.080,1791460564630816.876	,1791460564630816.956	
1,N/A,EVENT_RECORD,19,1235,0.020,1791460564630820.116	,1791460564630820.136	
1,_Z24add_rms_norm_bias_customIfEvPhS0_S0_S0_S0_mmjff,AI_VECTOR_CORE,19,1236,6.260,1791460564630823.136	,1791460564630829.396	
1,N/A,EVENT_RECORD,19,1237,0.020,1791460564630847.536	,1791460564630847.556	
1,N/A,EVENT_RESET,19,1238,0.100,1791460564630909.856	,1791460564630909.956	
1,N/A,EVENT_RESET,19,1239,0.100,1791460564630911.976	,1791460564630912.076	
1,N/A,EVENT_RECORD,19,1240,0.020,1791460564630927.776	,1791460564630927.796	
1,_Z24add_rms_norm_bias_customIfEvPhS0_S0_S0_S0_mmjff,AI_VECTOR_CORE,19,1241,57.804,1791460564630930.656	,1791460564630988.460	
1,N/A,EVENT_RECORD,19,1242,0.020,1791460564630988.480	,1791460564630988.500	
1,N/A,EVENT_RECORD,19,1243,0.000,1791460564631003.120	,1791460564631003.120	
1,N/A,EVENT_RESET,19,1244,0.080,1791460564631042.480	,1791460564631042.560	
1,N/A,EVENT_RESET,19,1245,0.080,1791460564631046.800	,1791460564631046.880	
1,N/A,EVENT_RECORD,19,1246,0.020,1791460564631049.300	,1791460564631049.320	
1,_Z24add_rms_norm_bias_customIfEvPhS0_S0_S0_S0_mmjff,AI_VECTOR_CORE,19,1247,62.600,1791460564631066.980	,1791460564631129.580	
1,N/A,EVENT_RECORD,19,1248,0.020,1791460564631129.600	,1791460564631129.620	
1,N/A,EVENT_RECORD,19,1249,0.020,1791460564631133.320	,1791460564631133.340	
1,N/A,EVENT_RESET,19,1250,0.100,1791460564631195.484	,1791460564631195.584	
1,N/A,EVENT_RESET,19,1251,0.080,1791460564631199.144	,1791460564631199.224	
1,N/A,EVENT_RECORD,19,1252,0.020,1791460564631202.384	,1791460564631202.404	
1,_Z24add_rms_norm_bias_customIfEvPhS0_S0_S0_S0_mmjff,AI_VECTOR_CORE,19,1253,7.000,1791460564631208.664	,1791460564631215.664	
1,N/A,EVENT_RECORD,19,1254,0.020,1791460564631223.004	,1791460564631223.024	
1,N/A,EVENT_RESET,19,1255,0.080,1791460564631303.564	,1791460564631303.644	
1,N/A,EVENT_RESET,19,1256,0.100,1791460564631306.544	,1791460564631306.644	
1,N/A,EVENT_RECORD,19,1257,0.020,1791460564631309.104	,1791460564631309.124	
1,_Z24add_rms_norm_bias_customIfEvPhS0_S0_S0_S0_mmjff,AI_VECTOR_CORE,19,1258,5.500,1791460564631333.704	,1791460564631339.204	
1,N/A,EVENT_RECORD,19,1259,0.020,1791460564631339.224	,1791460564631339.244	
1,N/A,EVENT_RESET,19,1260,0.100,1791460564631408.828	,1791460564631408.928	
1,N/A,EVENT_RESET,19,1261,0.080,1791460564631411.988	,1791460564631412.068	
1,N/A,EVENT_RECORD,19,1262,0.020,1791460564631415.068	,1791460564631415.088	
1,_Z24add_rms_norm_bias_customIfEvPhS0_S0_S0_S0_mmjff,AI_VECTOR_CORE,19,1263,5.040,1791460564631439.248	,1791460564631444.288	
1,N/A,EVENT_RECORD,19,1264,0.020,1791460564631444.308	,1791460564631444.328	
1,_Z24add_rms_norm_bias_customIfEvPhS0_S0_S0_S0_mmjff,AI_VECTOR_CORE,19,1265,249.328,1791460564631551.108	,1791460564631800.436	
1,N/A,EVENT_RECORD,19,1266,0.020,1791460564631800.456	,1791460564631800.476	
1,N/A,EVENT_RESET,19,1267,0.100,1791460564631857.396	,1791460564631857.496	
1,N/A,EVENT_RESET,19,1268,0.100,1791460564631861.596	,1791460564631861.696	
1,N/A,EVENT_RECORD,19,1269,0.020,1791460564631866.076	,1791460564631866.096	
1,_Z24add_rms_norm_bias_customIfEvPhS0_S0_S0_S0_mmjff,AI_VECTOR_CORE,19,1270,5.660,1791460564631886.996	,1791460564631892.656	
1,N/A,EVENT_RECORD,19,1271,0.020,1791460564631907.876	,1791460564631907.896	
1,N/A,EVENT_RESET,19,1272,0.100,1791460564631974.440	,1791460564631974.540	
1,N/A,EVENT_RESET,19,1273,0.100,1791460564631978.300	,1791460564631978.400	
1,N/A,EVENT_RECORD,19,1274,0.020,1791460564631981.240	,1791460564631981.260	
1,_Z24add_rms_norm_bias_customIfEvPhS0_S0_S0_S0_mmjff,AI_VECTOR_CORE,19,1275,5.220,1791460564632000.480	,1791460564632005.700	
1,N/A,EVENT_RECORD,19,1276,0.020,1791460564632010.220	,1791460564632010.240	
1,N/A,EVENT_RESET,19,1277,0.100,1791460564632086.500	,1791460564632086.600	
1,N/A,EVENT_RESET,19,1278,0.080,1791460564632090.080	,1791460564632090.160	
1,N/A,EVENT_RECORD,19,1279,0.020,1791460564632092.000	,1791460564632092.020	
1,_Z24add_rms_norm_bias_customIfEvPhS0_S0_S0_S0_mmjff,AI_VECTOR_CORE,19,1280,5.620,1791460564632108.920	,1791460564632114.540	
1,N/A,EVENT_RECORD,19,1281,0.020,1791460564632115.780	,1791460564632115.800	
1,N/A,EVENT_RESET,19,1282,0.100,1791460564632192.484	,1791460564632192.584	
1,N/A,EVENT_RESET,19,1283,0.100,1791460564632195.904	,1791460564632196.004	
1,N/A,EVENT_RECORD,19,1284,0.020,1791460564632198.564	,1791460564632198.584	
1,_Z24add_rms_norm_bias_customIfEvPhS0_S0_S0_S0_mmjff,AI_VECTOR_CORE,19,1285,20.240,1791460564632210.144	,1791460564632230.384	
1,N/A,EVENT_RECORD,19,1286,0.020,1791460564632230.404	,1791460564632230.424	
1,N/A,EVENT_RESET,19,1287,0.100,1791460564632287.464	,1791460564632287.564	
1,N/A,EVENT_RESET,19,1288,0.080,1791460564632291.064	,1791460564632291.144	
1,N/A,EVENT_RECORD,19,1289,0.020,1791460564632301.104	,1791460564632301.124	
1,_Z24add_rms_norm_bias_customIfEvPhS0_S0_S0_S0_mmjff,AI_VECTOR_CORE,19,1290,5.800,1791460564632314.264	,1791460564632320.064	
1,N/A,EVENT_RECORD,19,1291,0.000,1791460564632325.624	,1791460564632325.624	
1,N/A,EVENT_RESET,19,1292,0.100,1791460564632400.688	,1791460564632400.788	
1,N/A,EVENT_RESET,19,1293,0.100,1791460564632403.448	,1791460564632403.548	
1,N/A,EVENT_RECORD,19,1294,0.020,1791460564632406.068	,1791460564632406.088	
1,_Z24add_rms_norm_bias_customIfEvPhS0_S0_S0_S0_mmjff,AI_VECTOR_CORE,19,1295,5.060,1791460564632423.128	,1791460564632428.188	
1,N/A,EVENT_RECORD,19,1296,0.020,1791460564632428.208	,1791460564632428.228	
1,N/A,EVENT_RESET,19,1297,0.100,1791460564632501.568	,1791460564632501.668	
1,N/A,EVENT_RESET,19,1298,0.080,1791460564632505.108	,1791460564632505.188	
1,N/A,EVENT_RECORD,19,1299,0.020,1791460564632508.028	,1791460564632508.048	
1,_Z24add_rms_norm_bias_customIfEvPhS0_S0_S0_S0_mmjff,AI_VECTOR_CORE,19,1300,4.280,1791460564632524.188	,1791460564632528.468	
1,N/A,EVENT_RECORD,19,1301,0.020,1791460564632541.288	,1791460564632541.308	
1,N/A,EVENT_RESET,19,1302,0.080,1791460564632606.032	,1791460564632606.112	
1,N/A,EVENT_RESET,19,1303,0.100,1791460564632608.292	,1791460564632608.392	
1,N/A,EVENT_RECORD,19,1304,0.020,1791460564632610.192	,1791460564632610.212	
1,_Z24add_rms_norm_bias_customIfEvPhS0_S0_S0_S0_mmjff,AI_VECTOR_CORE,19,1305,3.480,1791460564632635.572	,1791460564632639.052	
1,N/A,EVENT_RECORD,19,1306,0.020,1791460564632639.072	,1791460564632639.092	
1,N/A,EVENT_RESET,19,1307,0.100,1791460564632702.992	,1791460564632703.092	
1,N/A,EVENT_RESET,19,1308,0.080,1791460564632705.072	,1791460564632705.152	
1,N/A,EVENT_RECORD,19,1309,0.020,1791460564632721.712	,1791460564632721.732	
1,_Z24add_rms_norm_bias_customIfEvPhS0_S0_S0_S0_mmjff,AI_VECTOR_CORE,19,1310,3.380,1791460564632723.512	,1791460564632726.892	
1,N/A,EVENT_RECORD,19,1311,0.020,1791460564632745.252	,1791460564632745.272	
1,N/A,EVENT_RESET,19,1312,0.100,1791460564632824.156	,1791460564632824.256	
1,N/A,EVENT_RESET,19,1313,0.100,1791460564632827.596	,1791460564632827.696	
1,N/A,EVENT_RECORD,19,1314,0.020,1791460564632829.616	,1791460564632829.636	
1,_Z24add_rms_norm_bias_customIfEvPhS0_S0_S0_S0_mmjff,AI_VECTOR_CORE,19,1315,3.400,1791460564632831.416	,1791460564632834.816	
1,N/A,EVENT_RECORD,19,1316,0.020,1791460564632851.556	,1791460564632851.576	
1,N/A,EVENT_RESET,19,1317,0.080,1791460564632912.316	,1791460564632912.396	
1,N/A,EVENT_RESET,19,1318,0.080,1791460564632916.036	,1791460564632916.116	
1,N/A,EVENT_RECORD,19,1319,0.020,1791460564632919.756	,1791460564632919.776	
1,_Z24add_rms_norm_bias_customIfEvPhS0_S0_S0_S0_mmjff,AI_VECTOR_CORE,19,1320,3.340,1791460564632937.016	,1791460564632940.356	
1,N/A,EVENT_RECORD,19,1321,0.024,1791460564632954.556	,1791460564632954.580	
1,N/A,EVENT_RESET,19,1322,0.100,1791460564633023.820	,1791460564633023.920	
1,N/A,EVENT_RESET,19,1323,0.100,1791460564633027.320	,1791460564633027.420	
1,N/A,EVENT_RECORD,19,1324,0.020,1791460564633029.900	,1791460564633029.920	
1,_Z24add_rms_norm_bias_customIfEvPhS0_S0_S0_S0_mmjff,AI_VECTOR_CORE,19,1325,596.292,1791460564633054.960	,1791460564633651.252	
1,N/A,EVENT_RECORD,19,1326,0.020,1791460564633651.272	,1791460564633651.292	
1,N/A,EVENT_RECORD,19,1327,0.020,1791460564633651.452	,1791460564633651.472	
1,N/A,EVENT_RESET,19,1328,0.080,1791460564633737.112	,1791460564633737.192	
1,N/A,EVENT_RESET,19,1329,0.100,1791460564633740.572	,1791460564633740.672	
1,N/A,EVENT_RECORD,19,1330,0.020,1791460564633744.932	,1791460564633744.952	
1,_Z24add_rms_norm_bias_customIfEvPhS0_S0_S0_S0_mmjff,AI_VECTOR_CORE,19,1331,5.360,1791460564633757.276	,1791460564633762.636	
1,N/A,EVENT_RECORD,19,1332,0.020,1791460564633775.256	,1791460564633775.276	
1,N/A,EVENT_RESET,19,1333,0.100,1791460564633845.016	,1791460564633845.116	
1,N/A,EVENT_RESET,19,1334,0.080,1791460564633849.116	,1791460564633849.196	
1,N/A,EVENT_RECORD,19,1335,0.020,1791460564633858.776	,1791460564633858.796	
1,_Z24add_rms_norm_bias_customIfEvPhS0_S0_S0_S0_mmjff,AI_VECTOR_CORE,19,1336,11.420,1791460564633874.356	,1791460564633885.776	
1,N/A,EVENT_RECORD,19,1337,0.020,1791460564633894.156	,1791460564633894.176	
1,N/A,EVENT_RESET,19,1338,0.100,1791460564633966.480	,1791460564633966.580	
1,N/A,EVENT_RESET,19,1339,0.100,1791460564633970.680	,1791460564633970.780	
1,N/A,EVENT_RECORD,19,1340,0.020,1791460564633974.900	,1791460564633974.920	
1,_Z24add_rms_norm_bias_customIfEvPhS0_S0_S0_S0_mmjff,AI_VECTOR_CORE,19,1341,26.600,1791460564633981.660	,1791460564634008.260	
1,N/A,EVENT_RECORD,19,1342,0.020,1791460564634008.280	,1791460564634008.300	
1,N/A,EVENT_RESET,19,1343,0.100,1791460564634065.880	,1791460564634065.980	
1,N/A,EVENT_RESET,19,1344,0.080,1791460564634069.760	,1791460564634069.840	
1,N/A,EVENT_RECORD,19,1345,0.000,1791460564634078.880	,1791460564634078.880	
1,_Z24add_rms_norm_bias_customIfEvPhS0_S0_S0_S0_mmjff,AI_VECTOR_CORE,19,1346,100.504,1791460564634091.880	,1791460564634192.384	
1,N/A,EVENT_RECORD,19,1347,0.020,1791460564634192.404	,1791460564634192.424	
1,N/A,EVENT_RECORD,19,1348,0.000,1791460564634192.584	,1791460564634192.584	
1,N/A,EVENT_RESET,19,1349,0.100,1791460564634249.544	,1791460564634249.644	
1,N/A,EVENT_RESET,19,1350,0.100,1791460564634253.284	,1791460564634253.384	
1,N/A,EVENT_RECORD,19,1351,0.020,1791460564634257.184	,1791460564634257.204	
1,_Z24add_rms_norm_bias_customIfEvPhS0_S0_S0_S0_mmjff,AI_VECTOR_CORE,19,1352,6.940,1791460564634273.784	,1791460564634280.724	
1,N/A,EVENT_RECORD,19,1353,0.020,1791460564634289.864	,1791460564634289.884	
1,N/A,EVENT_RESET,19,1354,0.100,1791460564634359.408	,1791460564634359.508	
1,N/A,EVENT_RESET,19,1355,0.100,1791460564634364.128	,1791460564634364.228	
1,N/A,EVENT_RECORD,19,1356,0.020,1791460564634380.408	,1791460564634380.428	
1,_Z24add_rms_norm_bias_customIfEvPhS0_S0_S0_S0_mmjff,AI_VECTOR_CORE,19,1357,6.280,1791460564634385.248	,1791460564634391.528	
1,N/A,EVENT_RECORD,19,1358,0.020,1791460564634399.908	,1791460564634399.928	
1,N/A,EVENT_RESET,19,1359,0.080,1791460564634465.888	,1791460564634465.968	
1,N/A,EVENT_RESET,19,1360,0.100,1791460564634469.888	,1791460564634469.988	
1,N/A,EVENT_RECORD,19,1361,0.020,1791460564634474.048	,1791460564634474.068	
1,_Z24add_rms_norm_bias_customIfEvPhS0_S0_S0_S0_mmjff,AI_VECTOR_CORE,19,1362,268.128,1791460564634492.908	,1791460564634761.036	
1,N/A,EVENT_RECORD,19,1363,0.000,1791460564634761.076	,1791460564634761.076	
1,N/A,EVENT_RECORD,19,1364,0.020,1791460564634761.236	,1791460564634761.256	
1,N/A,EVENT_RESET,19,1365,0.080,1791460564634819.736	,1791460564634819.816	
1,N/A,EVENT_RESET,19,1366,0.080,1791460564634823.436	,1791460564634823.516	
1,N/A,EVENT_RECORD,19,1367,0.000,1791460564634826.976	,1791460564634826.976	
1,_Z24add_rms_norm_bias_customIfEvPhS0_S0_S0_S0_mmjff,AI_VECTOR_CORE,19,1368,19.560,1791460564634840.516	,1791460564634860.076	
1,N/A,EVENT_RECORD,19,1369,0.020,1791460564634860.096	,1791460564634860.116	
1,N/A,EVENT_RESET,19,1370,0.100,1791460564634924.096	,1791460564634924.196	
1,N/A,EVENT_RESET,19,1371,0.100,1791460564634926.576	,1791460564634926.676	
1,N/A,EVENT_RECORD,19,1372,0.020,1791460564634930.236	,1791460564634930.256	
1,_Z24add_rms_norm_bias_customIfEvPhS0_S0_S0_S0_mmjff,AI_VECTOR_CORE,19,1373,44.264,1791460564634942.536	,1791460564634986.800	
1,N/A,EVENT_RECORD,19,1374,0.020,1791460564634986.820	,1791460564634986.840	
1,N/A,EVENT_RESET,19,1375,0.100,1791460564635043.860	,1791460564635043.960	
1,N/A,EVENT_RESET,19,1376,0.100,1791460564635046.600	,1791460564635046.700	
1,N/A,EVENT_RECORD,19,1377,0.020,1791460564635049.460	,1791460564635049.480	
1,_Z24add_rms_norm_bias_customIfEvPhS0_S0_S0_S0_mmjff,AI_VECTOR_CORE,19,1378,5.640,1791460564635067.200	,1791460564635072.840	
1,N/A,EVENT_RECORD,19,1379,0.020,1791460564635074.000	,1791460564635074.020	
1,N/A,EVENT_RESET,19,1380,0.080,1791460564635150.804	,1791460564635150.884	
1,N/A,EVENT_RESET,19,1381,0.104,1791460564635154.740	,1791460564635154.844	
1,N/A,EVENT_RECORD,19,1382,0.020,1791460564635158.184	,1791460564635158.204	
1,_Z24add_rms_norm_bias_customIfEvPhS0_S0_S0_S0_mmjff,AI_VECTOR_CORE,19,1383,6.720,1791460564635170.384	,1791460564635177.104	
1,N/A,EVENT_RECORD,19,1384,0.020,1791460564635193.324	,1791460564635193.344	
1,N/A,EVENT_RESET,19,1385,0.080,1791460564635253.624	,1791460564635253.704	
1,N/A,EVENT_RESET,19,1386,0.100,1791460564635256.884	,1791460564635256.984	
1,N/A,EVENT_RECORD,19,1387,0.020,1791460564635265.644	,1791460564635265.664	
1,_Z24add_rms_norm_bias_customIfEvPhS0_S0_S0_S0_mmjff,AI_VECTOR_CORE,19,1388,6.740,1791460564635286.824	,1791460564635293.564	
1,N/A,EVENT_RECORD,19,1389,0.020,1791460564635301.344	,1791460564635301.364	
1,N/A,EVENT_RESET,19,1390,0.100,1791460564635360.608	,1791460564635360.708	
1,N/A,EVENT_RESET,19,1391,0.100,1791460564635363.468	,1791460564635363.568	
1,N/A,EVENT_RECORD,19,1392,0.020,1791460564635375.028	,1791460564635375.048	
1,_Z24add_rms_norm_bias_customIfEvPhS0_S0_S0_S0_mmjff,AI_VECTOR_CORE,19,1393,33.640,1791460564635386.728	,1791460564635420.368	
1,N/A,EVENT_RECORD,19,1394,0.020,1791460564635420.388	,1791460564635420.408	
1,N/A,EVENT_RESET,19,1395,0.100,1791460564635473.588	,1791460564635473.688	
1,N/A,EVENT_RESET,19,1396,0.080,1791460564635477.728	,1791460564635477.808	
1,N/A,EVENT_RECORD,19,1397,0.000,1791460564635489.308	,1791460564635489.308	
1,_Z24add_rms_norm_bias_customIfEvPhS0_S0_S0_S0_mmjff,AI_VECTOR_CORE,19,1398,7.780,1791460564635506.048	,1791460564635513.828	
1,N/A,EVENT_RECORD,19,1399,0.020,1791460564635513.848	,1791460564635513.868	
1,N/A,EVENT_RESET,19,1400,0.080,1791460564635596.992	,1791460564635597.072	
1,N/A,EVENT_RESET,19,1401,0.080,1791460564635599.672	,1791460564635599.752	
1,N/A,EVENT_RECORD,19,1402,0.020,1791460564635604.092	,1791460564635604.112	
1,_Z24add_rms_norm_bias_customIfEvPhS0_S0_S0_S0_mmjff,AI_VECTOR_CORE,19,1403,4.120,1791460564635607.752	,1791460564635611.872	
1,N/A,EVENT_RECORD,19,1404,0.000,1791460564635615.092	,1791460564635615.092	
1,N/A,EVENT_RESET,19,1405,0.100,1791460564635701.252	,1791460564635701.352	
1,N/A,EVENT_RESET,19,1406,0.100,1791460564635705.212	,1791460564635705.312	
1,N/A,EVENT_RECORD,19,1407,0.020,1791460564635709.112	,1791460564635709.132	
1,_Z24add_rms_norm_bias_customIfEvPhS0_S0_S0_S0_mmjff,AI_VECTOR_CORE,19,1408,5.460,1791460564635720.572	,1791460564635726.032	
1,N/A,EVENT_RECORD,19,1409,0.020,1791460564635738.872	,1791460564635738.892	
1,N/A,EVENT_RESET,19,1410,0.080,1791460564635852.176	,1791460564635852.256	
1,N/A,EVENT_RESET,19,1411,0.100,1791460564635856.056	,1791460564635856.156	
1,N/A,EVENT_RECORD,19,1412,0.000,1791460564635858.276	,1791460564635858.276	
1,_Z24add_rms_norm_bias_customIfEvPhS0_S0_S0_S0_mmjff,AI_VECTOR_CORE,19,1413,5.200,1791460564635864.036	,1791460564635869.236	
1,N/A,EVENT_RECORD,19,1414,0.020,1791460564635884.636	,1791460564635884.656	
1,N/A,EVENT_RESET,19,1415,0.080,1791460564635948.976	,1791460564635949.056	
1,N/A,EVENT_RESET,19,1416,0.096,1791460564635954.740	,1791460564635954.836	
1,N/A,EVENT_RECORD,19,1417,0.000,1791460564635975.100	,1791460564635975.100	
1,_Z24add_rms_norm_bias_customIfEvPhS0_S0_S0_S0_mmjff,AI_VECTOR_CORE,19,1418,321.084,1791460564635980.240	,1791460564636301.324	
1,N/A,EVENT_RECORD,19,1419,0.020,1791460564636301.344	,1791460564636301.364	
1,N/A,EVENT_RECORD,19,1420,0.020,1791460564636301.524	,1791460564636301.544	
1,N/A,EVENT_RESET,19,1421,0.100,1791460564636365.448	,1791460564636365.548	
1,N/A,EVENT_RESET,19,1422,0.100,1791460564636372.108	,1791460564636372.208	
1,N/A,EVENT_RECORD,19,1423,0.020,1791460564636378.648	,1791460564636378.668	
1,_Z24add_rms_norm_bias_customIfEvPhS0_S0_S0_S0_mmjff,AI_VECTOR_CORE,19,1424,100.900,1791460564636385.988	,1791460564636486.888	
1,N/A,EVENT_RECORD,19,1425,0.000,1791460564636486.928	,1791460564636486.928	
1,N/A,EVENT_RECORD,19,1426,0.020,1791460564636487.088	,1791460564636487.108	
1,N/A,EVENT_RESET,19,1427,0.080,1791460564636552.572	,1791460564636552.652	
1,N/A,EVENT_RESET,19,1428,0.100,1791460564636560.552	,1791460564636560.652	
1,N/A,EVENT_RECORD,19,1429,0.020,1791460564636566.552	,1791460564636566.572	
1,_Z24add_rms_norm_bias_customIfEvPhS0_S0_S0_S0_mmjff,AI_VECTOR_CORE,19,1430,6.320,1791460564636573.592	,1791460564636579.912	
1,N/A,EVENT_RECORD,19,1431,0.020,1791460564636588.892	,1791460564636588.912	
1,_Z24add_rms_norm_bias_customIfEvPhS0_S0_S0_S0_mmjff,AI_VECTOR_CORE,19,1432,123.164,1791460564636705.652	,1791460564636828.816	
1,N/A,EVENT_RECORD,19,1433,0.000,1791460564636828.836	,1791460564636828.836	
1,_Z24add_rms_norm_bias_customIfEvPhS0_S0_S0_S0_mmjff,AI_VECTOR_CORE,19,1434,7.160,1791460564637108.680	,1791460564637115.840	
1,_Z24add_rms_norm_bias_customIfEvPhS0_S0_S0_S0_mmjff,AI_VECTOR_CORE,19,1435,19.820,1791460564638375.788	,1791460564638395.608	
1,_Z24add_rms_norm_bias_customIfEvPhS0_S0_S0_S0_mmjff,AI_VECTOR_CORE,19,1436,6.640,1791460564638583.032	,1791460564638589.672	
1,_Z24add_rms_norm_bias_customIfEvPhS0_S0_S0_S0_mmjff,AI_VECTOR_CORE,19,1437,8.240,1791460564638817.896	,1791460564638826.136	
1,_Z24add_rms_norm_bias_customIfEvPhS0_S0_S0_S0_mmjff,AI_VECTOR_CORE,19,1438,7.320,1791460564638835.376	,1791460564638842.696	
1,_Z24add_rms_norm_bias_customIfEvPhS0_S0_S0_S0_mmjff,AI_VECTOR_CORE,19,1439,6.880,1791460564638853.716	,1791460564638860.596	
1,_Z24add_rms_norm_bias_customIfEvPhS0_S0_S0_S0_mmjff,AI_VECTOR_CORE,19,1440,6.280,1791460564638860.616	,1791460564638866.896	
1,_Z24add_rms_norm_bias_customIfEvPhS0_S0_S0_S0_mmjff,AI_VECTOR_CORE,19,1441,5.920,1791460564638873.976	,1791460564638879.896	
1,_Z24add_rms_norm_bias_customIfEvPhS0_S0_S0_S0_mmjff,AI_VECTOR_CORE,19,1442,4.780,1791460564638888.016	,1791460564638892.796	
1,_Z24add_rms_norm_bias_customIfEvPhS0_S0_S0_S0_mmjff,AI_VECTOR_CORE,19,1443,4.820,1791460564638911.996	,1791460564638916.816	
1,_Z24add_rms_norm_bias_customIfEvPhS0_S0_S0_S0_mmjff,AI_VECTOR_CORE,19,1444,4.400,1791460564638916.836	,1791460564638921.236	
1,_Z24add_rms_norm_bias_customIfEvPhS0_S0_S0_S0_mmjff,AI_VECTOR_CORE,19,1445,3.920,1791460564638935.956	,1791460564638939.876	
1,_Z24add_rms_norm_bias_customIfEvPhS0_S0_S0_S0_mmjff,AI_VECTOR_CORE,19,1446,3.424,1791460564638954.876	,1791460564638958.300	
1,_Z24add_rms_norm_bias_customIfEvPhS0_S0_S0_S0_mmjff,AI_VECTOR_CORE,19,1447,4.944,1791460564638958.316	,1791460564638963.260	
1,_Z24add_rms_norm_bias_customIfEvPhS0_S0_S0_S0_mmjff,AI_VECTOR_CORE,19,1448,3.700,1791460564638977.520	,1791460564638981.220	
1,_Z24add_rms_norm_bias_customIfEvPhS0_S0_S0_S0_mmjff,AI_VECTOR_CORE,19,1449,3.560,1791460564638992.000	,1791460564638995.560	
1,_Z24add_rms_norm_bias_customIfEvPhS0_S0_S0_S0_mmjff,AI_VECTOR_CORE,19,1450,3.600,1791460564639011.520	,1791460564639015.120	
1,_Z24add_rms_norm_bias_customIfEvPhS0_S0_S0_S0_mmjff,AI_VECTOR_CORE,19,1451,3.700,1791460564639015.140	,1791460564639018.840	
1,_Z24add_rms_norm_bias_customIfEvPhS0_S0_S0_S0_mmjff,AI_VECTOR_CORE,19,1452,3.520,1791460564639029.320	,1791460564639032.840	
1,_Z24add_rms_norm_bias_customIfEvPhS0_S0_S0_S0_mmjff,AI_VECTOR_CORE,19,1453,3.160,1791460564639049.680	,1791460564639052.840	
1,_Z24add_rms_norm_bias_customIfEvPhS0_S0_S0_S0_mmjff,AI_VECTOR_CORE,19,1454,3.620,1791460564639057.120	,1791460564639060.740	
1,_Z24add_rms_norm_bias_customIfEvPhS0_S0_S0_S0_mmjff,AI_VECTOR_CORE,19,1455,3.260,1791460564639071.160	,1791460564639074.420	
1,_Z24add_rms_norm_bias_customIfEvPhS0_S0_S0_S0_mmjff,AI_VECTOR_CORE,19,1456,3.460,1791460564639089.660	,1791460564639093.120	
1,_Z24add_rms_norm_bias_customIfEvPhS0_S0_S0_S0_mmjff,AI_VECTOR_CORE,19,1457,3.540,1791460564639104.620	,1791460564639108.160	
1,_Z24add_rms_norm_bias_customIfEvPhS0_S0_S0_S0_mmjff,AI_VECTOR_CORE,19,1458,3.800,1791460564639120.500	,1791460564639124.300	
1,_Z24add_rms_norm_bias_customIfEvPhS0_S0_S0_S0_mmjff,AI_VECTOR_CORE,19,1459,3.600,1791460564639138.400	,1791460564639142.000	
1,_Z24add_rms_norm_bias_customIfEvPhS0_S0_S0_S0_mmjff,AI_VECTOR_CORE,19,1460,3.500,1791460564639142.540	,1791460564639146.040	
1,_Z24add_rms_norm_bias_customIfEvPhS0_S0_S0_S0_mmjff,AI_VECTOR_CORE,19,1461,3.184,1791460564639155.700	,1791460564639158.884	
1,_Z24add_rms_norm_bias_customIfEvPhS0_S0_S0_S0_mmjff,AI_VECTOR_CORE,19,1462,3.380,1791460564639174.944	,1791460564639178.324	
1,_Z24add_rms_norm_bias_customIfEvPhS0_S0_S0_S0_mmjff,AI_VECTOR_CORE,19,1463,3.280,1791460564639201.784	,1791460564639205.064	
1,_Z24add_rms_norm_bias_customIfEvPhS0_S0_S0_S0_mmjff,AI_VECTOR_CORE,19,1464,3.040,1791460564639205.084	,1791460564639208.124	
1,_Z24add_rms_norm_bias_customIfEvPhS0_S0_S0_S0_mmjff,AI_VECTOR_CORE,19,1465,3.600,1791460564639215.744	,1791460564639219.344	
1,_Z24add_rms_norm_bias_customIfEvPhS0_S0_S0_S0_mmjff,AI_VECTOR_CORE,19,1466,3.580,1791460564639233.484	,1791460564639237.064	
1,_Z24add_rms_norm_bias_customIfEvPhS0_S0_S0_S0_mmjff,AI_VECTOR_CORE,19,1467,4.040,1791460564639249.084	,1791460564639253.124	
1,_Z24add_rms_norm_bias_customIfEvPhS0_S0_S0_S0_mmjff,AI_VECTOR_CORE,19,1468,3.440,1791460564639257.684	,1791460564639261.124	
1,_Z24add_rms_norm_bias_customIfEvPhS0_S0_S0_S0_mmjff,AI_VECTOR_CORE,19,1469,3.600,1791460564639270.904	,1791460564639274.504	
1,_Z24add_rms_norm_bias_customIfEvPhS0_S0_S0_S0_mmjff,AI_VECTOR_CORE,19,1470,4.200,1791460564639284.884	,1791460564639289.084	
1,_Z24add_rms_norm_bias_customIfEvPhS0_S0_S0_S0_mmjff,AI_VECTOR_CORE,19,1471,3.640,1791460564639302.004	,1791460564639305.644	
1,_Z24add_rms_norm_bias_customIfEvPhS0_S0_S0_S0_mmjff,AI_VECTOR_CORE,19,1472,3.560,1791460564639318.744	,1791460564639322.304	
1,_Z24add_rms_norm_bias_customIfEvPhS0_S0_S0_S0_mmjff,AI_VECTOR_CORE,19,1473,3.340,1791460564639327.404	,1791460564639330.744	
1,_Z24add_rms_norm_bias_customIfEvPhS0_S0_S0_S0_mmjff,AI_VECTOR_CORE,19,1474,3.600,1791460564639347.184	,1791460564639350.784	
1,_Z24add_rms_norm_bias_customIfEvPhS0_S0_S0_S0_mmjff,AI_VECTOR_CORE,19,1475,3.320,1791460564639365.788	,1791460564639369.108	
1,_Z24add_rms_norm_bias_customIfEvPhS0_S0_S0_S0_mmjff,AI_VECTOR_CORE,19,1476,3.720,1791460564639382.848	,1791460564639386.568	
1,_Z24add_rms_norm_bias_customIfEvPhS0_S0_S0_S0_mmjff,AI_VECTOR_CORE,19,1477,3.460,1791460564639386.608	,1791460564639390.068	
1,_Z24add_rms_norm_bias_customIfEvPhS0_S0_S0_S0_mmjff,AI_VECTOR_CORE,19,1478,3.680,1791460564639400.248	,1791460564639403.928	
1,_Z24add_rms_norm_bias_customIfEvPhS0_S0_S0_S0_mmjff,AI_VECTOR_CORE,19,1479,4.360,1791460564639415.828	,1791460564639420.188	
1,_Z24add_rms_norm_bias_customIfEvPhS0_S0_S0_S0_mmjff,AI_VECTOR_CORE,19,1480,3.320,1791460564639431.108	,1791460564639434.428	
1,_Z24add_rms_norm_bias_customIfEvPhS0_S0_S0_S0_mmjff,AI_VECTOR_CORE,19,1481,3.120,1791460564639445.248	,1791460564639448.368	
1,_Z24add_rms_norm_bias_customIfEvPhS0_S0_S0_S0_mmjff,AI_VECTOR_CORE,19,1482,5.620,1791460564639460.668	,1791460564639466.288	
1,_Z24add_rms_norm_bias_customIfEvPhS0_S0_S0_S0_mmjff,AI_VECTOR_CORE,19,1483,4.840,1791460564639478.768	,1791460564639483.608	
1,_Z24add_rms_norm_bias_customIfEvPhS0_S0_S0_S0_mmjff,AI_VECTOR_CORE,19,1484,3.760,1791460564639497.608	,1791460564639501.368	
1,_Z24add_rms_norm_bias_customIfEvPhS0_S0_S0_S0_mmjff,AI_VECTOR_CORE,19,1485,3.980,1791460564639501.408	,1791460564639505.388	
1,_Z24add_rms_norm_bias_customIfEvPhS0_S0_S0_S0_mmjff,AI_VECTOR_CORE,19,1486,3.560,1791460564639513.188	,1791460564639516.748	
1,_Z24add_rms_norm_bias_customIfEvPhS0_S0_S0_S0_mmjff,AI_VECTOR_CORE,19,1487,3.220,1791460564639527.568	,1791460564639530.788	
1,_Z24add_rms_norm_bias_customIfEvPhS0_S0_S0_S0_mmjff,AI_VECTOR_CORE,19,1488,3.060,1791460564639543.648	,1791460564639546.708	
1,_Z24add_rms_norm_bias_customIfEvPhS0_S0_S0_S0_mmjff,AI_VECTOR_CORE,19,1489,206.044,1791460564639574.292	,1791460564639780.336	
1,_Z24add_rms_norm_bias_customIfEvPhS0_S0_S0_S0_mmjff,AI_VECTOR_CORE,19,1490,18.080,1791460564639780.376	,1791460564639798.456	
1,_Z24add_rms_norm_bias_customIfEvPhS0_S0_S0_S0_mmjff,AI_VECTOR_CORE,19,1491,14.700,1791460564639798.476	,1791460564639813.176	
1,_Z24add_rms_norm_bias_customIfEvPhS0_S0_S0_S0_mmjff,AI_VECTOR_CORE,19,1492,11.380,1791460564639813.196	,1791460564639824.576	
1,_Z24add_rms_norm_bias_customIfEvPhS0_S0_S0_S0_mmjff,AI_VECTOR_CORE,19,1493,12.980,1791460564639824.596	,1791460564639837.576	
1,_Z24add_rms_norm_bias_customIfEvPhS0_S0_S0_S0_mmjff,AI_VECTOR_CORE,19,1494,12.560,1791460564639837.596	,1791460564639850.156	
1,_Z24add_rms_norm_bias_customIfEvPhS0_S0_S0_S0_mmjff,AI_VECTOR_CORE,19,1495,12.360,1791460564639850.176	,1791460564639862.536	
1,_Z24add_rms_norm_bias_customIfEvPhS0_S0_S0_S0_mmjff,AI_VECTOR_CORE,19,1496,5.080,1791460564639862.556	,1791460564639867.636	
1,_Z24add_rms_norm_bias_customIfEvPhS0_S0_S0_S0_mmjff,AI_VECTOR_CORE,19,1497,4.200,1791460564639867.656	,1791460564639871.856	
1,_Z24add_rms_norm_bias_customIfEvPhS0_S0_S0_S0_mmjff,AI_VECTOR_CORE,19,1498,3.680,1791460564639871.876	,1791460564639875.556	
1,_Z24add_rms_norm_bias_customIfEvPhS0_S0_S0_S0_mmjff,AI_VECTOR_CORE,19,1499,3.020,1791460564639875.576	,1791460564639878.596	
1,_Z24add_rms_norm_bias_customIfEvPhS0_S0_S0_S0_mmjff,AI_VECTOR_CORE,19,1500,3.540,1791460564639878.616	,1791460564639882.156	
1,_Z24add_rms_norm_bias_customIfEvPhS0_S0_S0_S0_mmjff,AI_VECTOR_CORE,19,1501,4.080,1791460564639882.176	,1791460564639886.256	
1,_Z24add_rms_norm_bias_customIfEvPhS0_S0_S0_S0_mmjff,AI_VECTOR_CORE,19,1502,4.320,1791460564639886.276	,1791460564639890.596	
1,_Z24add_rms_norm_bias_customIfEvPhS0_S0_S0_S0_mmjff,AI_VECTOR_CORE,19,1503,4.120,1791460564639890.636	,1791460564639894.756	
1,_Z24add_rms_norm_bias_customIfEvPhS0_S0_S0_S0_mmjff,AI_VECTOR_CORE,19,1504,4.260,1791460564639894.796	,1791460564639899.056	
1,_Z24add_rms_norm_bias_customIfEvPhS0_S0_S0_S0_mmjff,AI_VECTOR_CORE,19,1505,3.700,1791460564639899.076	,1791460564639902.776	
1,_Z24add_rms_norm_bias_customIfEvPhS0_S0_S0_S0_mmjff,AI_VECTOR_CORE,19,1506,3.420,1791460564639902.796	,1791460564639906.216	
1,_Z24add_rms_norm_bias_customIfEvPhS0_S0_S0_S0_mmjff,AI_VECTOR_CORE,19,1507,3.560,1791460564639906.236	,1791460564639909.796	
1,_Z24add_rms_norm_bias_customIfEvPhS0_S0_S0_S0_mmjff,AI_VECTOR_CORE,19,1508,3.840,1791460564639909.836	,1791460564639913.676	
1,_Z24add_rms_norm_bias_customIfEvPhS0_S0_S0_S0_mmjff,AI_VECTOR_CORE,19,1509,3.800,1791460564639913.696	,1791460564639917.496	
1,_Z24add_rms_norm_bias_customIfEvPhS0_S0_S0_S0_mmjff,AI_VECTOR_CORE,19,1510,3.200,1791460564639934.396	,1791460564639937.596	
1,_Z24add_rms_norm_bias_customIfEvPhS0_S0_S0_S0_mmjff,AI_VECTOR_CORE,19,1511,3.540,1791460564639943.136	,1791460564639946.676	
1,_Z24add_rms_norm_bias_customIfEvPhS0_S0_S0_S0_mmjff,AI_VECTOR_CORE,19,1512,4.340,1791460564639960.820	,1791460564639965.160	
1,_Z24add_rms_norm_bias_customIfEvPhS0_S0_S0_S0_mmjff,AI_VECTOR_CORE,19,1513,3.980,1791460564639975.640	,1791460564639979.620	
1,_Z24add_rms_norm_bias_customIfEvPhS0_S0_S0_S0_mmjff,AI_VECTOR_CORE,19,1514,6.760,1791460564639988.560	,1791460564639995.320	
1,_Z24add_rms_norm_bias_customIfEvPhS0_S0_S0_S0_mmjff,AI_VECTOR_CORE,19,1515,9.000,1791460564640005.180	,1791460564640014.180	
1,_Z24add_rms_norm_bias_customIfEvPhS0_S0_S0_S0_mmjff,AI_VECTOR_CORE,19,1516,9.140,1791460564640019.620	,1791460564640028.760	
1,_Z24add_rms_norm_bias_customIfEvPhS0_S0_S0_S0_mmjff,AI_VECTOR_CORE,19,1517,6.020,1791460564640034.980	,1791460564640041.000	
1,_Z24add_rms_norm_bias_customIfEvPhS0_S0_S0_S0_mmjff,AI_VECTOR_CORE,19,1518,4.440,1791460564640041.680	,1791460564640046.120	
1,_Z24add_rms_norm_bias_customIfEvPhS0_S0_S0_S0_mmjff,AI_VECTOR_CORE,19,1519,4.340,1791460564640066.340	,1791460564640070.680	
1,_Z24add_rms_norm_bias_customIfEvPhS0_S0_S0_S0_mmjff,AI_VECTOR_CORE,19,1520,4.420,1791460564640070.700	,1791460564640075.120	
1,_Z24add_rms_norm_bias_customIfEvPhS0_S0_S0_S0_mmjff,AI_VECTOR_CORE,19,1521,4.560,1791460564640084.980	,1791460564640089.540	
1,_Z24add_rms_norm_bias_customIfEvPhS0_S0_S0_S0_mmjff,AI_VECTOR_CORE,19,1522,3.760,1791460564640098.960	,1791460564640102.720	
1,_Z24add_rms_norm_bias_customIfEvPhS0_S0_S0_S0_mmjff,AI_VECTOR_CORE,19,1523,182.904,1791460564640113.620	,1791460564640296.524	
1,_Z24add_rms_norm_bias_customIfEvPhS0_S0_S0_S0_mmjff,AI_VECTOR_CORE,19,1524,23.740,1791460564640296.564	,1791460564640320.304	
1,_Z24add_rms_norm_bias_customIfEvPhS0_S0_S0_S0_mmjff,AI_VECTOR_CORE,19,1525,8.340,1791460564640320.324	,1791460564640328.664	
1,_Z24add_rms_norm_bias_customIfEvPhS0_S0_S0_S0_mmjff,AI_VECTOR_CORE,19,1526,4.700,1791460564640328.684	,1791460564640333.384	
1,N/A,EVENT_RECORD,19,1527,0.020,1791460564640333.404	,1791460564640333.424	
1,_Z24add_rms_norm_bias_customIfEvPhS0_S0_S0_S0_mmjff,AI_VECTOR_CORE,19,1528,6.860,1791460564640409.968	,1791460564640416.828	
1,N/A,EVENT_RECORD,19,1529,0.020,1791460564640466.028	,1791460564640466.048	
1,_Z24add_rms_norm_bias_customIfEvPhS0_S0_S0_S0_mmjff,AI_VECTOR_CORE,19,1530,3.980,1791460564640469.248	,1791460564640473.228	
1,N/A,EVENT_RECORD,19,1531,0.000,1791460564640484.128	,1791460564640484.128	
1,N/A,EVENT_RESET,19,1532,0.100,1791460564640553.208	,1791460564640553.308	
1,N/A,EVENT_RESET,19,1533,0.104,1791460564640555.788	,1791460564640555.892	
1,N/A,EVENT_RECORD,19,1534,0.024,1791460564640558.148	,1791460564640558.172	
1,_Z24add_rms_norm_bias_customIfEvPhS0_S0_S0_S0_mmjff,AI_VECTOR_CORE,19,1535,4.260,1791460564640571.812	,1791460564640576.072	
1,N/A,EVENT_RECORD,19,1536,0.000,1791460564640600.112	,1791460564640600.112	
1,N/A,EVENT_RESET,19,1537,0.100,1791460564640667.832	,1791460564640667.932	
1,N/A,EVENT_RESET,19,1538,0.080,1791460564640671.632	,1791460564640671.712	
1,N/A,EVENT_RECORD,19,1539,0.020,1791460564640681.512	,1791460564640681.532	
1,_Z24add_rms_norm_bias_customIfEvPhS0_S0_S0_S0_mmjff,AI_VECTOR_CORE,19,1540,18.460,1791460564640700.152	,1791460564640718.612	
1,N/A,EVENT_RECORD,19,1541,0.020,1791460564640718.632	,1791460564640718.652	
1,N/A,EVENT_RESET,19,1542,0.080,1791460564640785.836	,1791460564640785.916	
1,N/A,EVENT_RESET,19,1543,0.080,1791460564640789.656	,1791460564640789.736	
1,N/A,EVENT_RECORD,19,1544,0.000,1791460564640791.896	,1791460564640791.896	
1,_Z24add_rms_norm_bias_customIfEvPhS0_S0_S0_S0_mmjff,AI_VECTOR_CORE,19,1545,5.680,1791460564640809.416	,1791460564640815.096	
1,N/A,EVENT_RECORD,19,1546,0.000,1791460564640828.636	,1791460564640828.636	
1,N/A,EVENT_RESET,19,1547,0.080,1791460564640899.436	,1791460564640899.516	
1,N/A,EVENT_RESET,19,1548,0.100,1791460564640901.496	,1791460564640901.596	
1,N/A,EVENT_RECORD,19,1549,0.020,1791460564640904.776	,1791460564640904.796	
1,_Z24add_rms_norm_bias_customIfEvPhS0_S0_S0_S0_mmjff,AI_VECTOR_CORE,19,1550,4.840,1791460564640917.696	,1791460564640922.536	
1,N/A,EVENT_RECORD,19,1551,0.020,1791460564640934.456	,1791460564640934.476	
1,N/A,EVENT_RESET,19,1552,0.080,1791460564640999.720	,1791460564640999.800	
1,N/A,EVENT_RESET,19,1553,0.100,1791460564641002.000	,1791460564641002.100	
1,N/A,EVENT_RECORD,19,1554,0.000,1791460564641011.960	,1791460564641011.960	
1,_Z24add_rms_norm_bias_customIfEvPhS0_S0_S0_S0_mmjff,AI_VECTOR_CORE,19,1555,4.220,1791460564641026.180	,1791460564641030.400	
1,N/A,EVENT_RECORD,19,1556,0.020,1791460564641041.980	,1791460564641042.000	
1,N/A,EVENT_RESET,19,1557,0.080,1791460564641115.780	,1791460564641115.860	
1,N/A,EVENT_RESET,19,1558,0.100,1791460564641123.740	,1791460564641123.840	
1,N/A,EVENT_RECORD,19,1559,0.020,1791460564641127.860	,1791460564641127.880	
1,_Z24add_rms_norm_bias_customIfEvPhS0_S0_S0_S0_mmjff,AI_VECTOR_CORE,19,1560,5.060,1791460564641140.040	,1791460564641145.100	
1,N/A,EVENT_RECORD,19,1561,0.016,1791460564641158.164	,1791460564641158.180	
1,N/A,EVENT_RESET,19,1562,0.080,1791460564641246.304	,1791460564641246.384	
1,N/A,EVENT_RESET,19,1563,0.100,1791460564641249.064	,1791460564641249.164	
1,N/A,EVENT_RECORD,19,1564,0.020,1791460564641250.964	,1791460564641250.984	
1,_Z24add_rms_norm_bias_customIfEvPhS0_S0_S0_S0_mmjff,AI_VECTOR_CORE,19,1565,23.060,1791460564641273.024	,1791460564641296.084	
1,N/A,EVENT_RECORD,19,1566,0.020,1791460564641296.104	,1791460564641296.124	
1,N/A,EVENT_RESET,19,1567,0.100,1791460564641363.228	,1791460564641363.328	
1,N/A,EVENT_RESET,19,1568,0.100,1791460564641366.048	,1791460564641366.148	
1,N/A,EVENT_RECORD,19,1569,0.020,1791460564641367.988	,1791460564641368.008	
1,_Z24add_rms_norm_bias_customIfEvPhS0_S0_S0_S0_mmjff,AI_VECTOR_CORE,19,1570,7.820,1791460564641385.068	,1791460564641392.888	
1,N/A,EVENT_RECORD,19,1571,0.020,1791460564641392.908	,1791460564641392.928	
1,N/A,EVENT_RESET,19,1572,0.100,1791460564641461.568	,1791460564641461.668	
1,N/A,EVENT_RESET,19,1573,0.080,1791460564641471.288	,1791460564641471.368	
1,N/A,EVENT_RECORD,19,1574,0.020,1791460564641478.148	,1791460564641478.168	
1,_Z24add_rms_norm_bias_customIfEvPhS0_S0_S0_S0_mmjff,AI_VECTOR_CORE,19,1575,16.400,1791460564641491.788	,1791460564641508.188	
1,N/A,EVENT_RECORD,19,1576,0.020,1791460564641509.988	,1791460564641510.008	
1,N/A,EVENT_RESET,19,1577,0.080,1791460564641564.772	,1791460564641564.852	
1,N/A,EVENT_RESET,19,1578,0.100,1791460564641567.252	,1791460564641567.352	
1,N/A,EVENT_RECORD,19,1579,0.020,1791460564641573.772	,1791460564641573.792	
1,_Z24add_rms_norm_bias_customIfEvPhS0_S0_S0_S0_mmjff,AI_VECTOR_CORE,19,1580,4.620,1791460564641585.832	,1791460564641590.452	
1,N/A,EVENT_RECORD,19,1581,0.020,1791460564641600.912	,1791460564641600.932	
1,N/A,EVENT_RESET,19,1582,0.100,1791460564641675.892	,1791460564641675.992	
1,N/A,EVENT_RESET,19,1583,0.080,1791460564641678.832	,1791460564641678.912	
1,N/A,EVENT_RECORD,19,1584,0.020,1791460564641682.312	,1791460564641682.332	
1,_Z24add_rms_norm_bias_customIfEvPhS0_S0_S0_S0_mmjff,AI_VECTOR_CORE,19,1585,207.064,1791460564641691.772	,1791460564641898.836	
1,N/A,EVENT_RECORD,19,1586,0.020,1791460564641898.856	,1791460564641898.876	
1,N/A,EVENT_RECORD,19,1587,0.000,1791460564641899.036	,1791460564641899.036	
1,N/A,EVENT_RESET,19,1588,0.100,1791460564641978.280	,1791460564641978.380	
1,N/A,EVENT_RESET,19,1589,0.080,1791460564641980.520	,1791460564641980.600	
1,N/A,EVENT_RECORD,19,1590,0.020,1791460564641982.260	,1791460564641982.280	
1,_Z24add_rms_norm_bias_customIfEvPhS0_S0_S0_S0_mmjff,AI_VECTOR_CORE,19,1591,178.504,1791460564641998.100	,1791460564642176.604	
1,N/A,EVENT_RECORD,19,1592,0.020,1791460564642176.624	,1791460564642176.644	
1,N/A,EVENT_RECORD,19,1593,0.020,1791460564642176.804	,1791460564642176.824	
1,N/A,EVENT_RESET,19,1594,0.100,1791460564642239.444	,1791460564642239.544	
1,N/A,EVENT_RESET,19,1595,0.100,1791460564642243.164	,1791460564642243.264	
1,N/A,EVENT_RECORD,19,1596,0.020,1791460564642244.904	,1791460564642244.924	
1,_Z24add_rms_norm_bias_customIfEvPhS0_S0_S0_S0_mmjff,AI_VECTOR_CORE,19,1597,71.720,1791460564642269.664	,1791460564642341.384	
1,N/A,EVENT_RECORD,19,1598,0.020,1791460564642341.404	,1791460564642341.424	
1,N/A,EVENT_RECORD,19,1599,0.000,1791460564642341.584	,1791460564642341.584	
1,N/A,EVENT_RESET,19,1600,0.100,1791460564642400.228	,1791460564642400.328	
1,N/A,EVENT_RESET,19,1601,0.100,1791460564642402.748	,1791460564642402.848	
1,N/A,EVENT_RECORD,19,1602,0.020,1791460564642405.048	,1791460564642405.068	
1,_Z24add_rms_norm_bias_customIfEvPhS0_S0_S0_S0_mmjff,AI_VECTOR_CORE,19,1603,5.660,1791460564642421.988	,1791460564642427.648	
1,N/A,EVENT_RECORD,19,1604,0.020,1791460564642438.068	,1791460564642438.088	
1,N/A,EVENT_RESET,19,1605,0.080,1791460564642510.448	,1791460564642510.528	
1,N/A,EVENT_RESET,19,1606,0.100,1791460564642513.108	,1791460564642513.208	
1,N/A,EVENT_RECORD,19,1607,0.020,1791460564642520.728	,1791460564642520.748	
1,_Z24add_rms_norm_bias_customIfEvPhS0_S0_S0_S0_mmjff,AI_VECTOR_CORE,19,1608,589.532,1791460564642539.528	,1791460564643129.060	
1,N/A,EVENT_RECORD,19,1609,0.020,1791460564643129.080	,1791460564643129.100	
1,N/A,EVENT_RECORD,19,1610,0.020,1791460564643129.240	,1791460564643129.260	
1,N/A,EVENT_RESET,19,1611,0.100,1791460564643196.404	,1791460564643196.504	
1,N/A,EVENT_RESET,19,1612,0.080,1791460564643199.684	,1791460564643199.764	
1,N/A,EVENT_RECORD,19,1613,0.020,1791460564643201.964	,1791460564643201.984	
1,_Z24add_rms_norm_bias_customIfEvPhS0_S0_S0_S0_mmjff,AI_VECTOR_CORE,19,1614,7.340,1791460564643220.324	,1791460564643227.664	
1,N/A,EVENT_RECORD,19,1615,0.020,1791460564643227.684	,1791460564643227.704	
1,N/A,EVENT_RESET,19,1616,0.080,1791460564643306.404	,1791460564643306.484	
1,N/A,EVENT_RESET,19,1617,0.100,1791460564643308.764	,1791460564643308.864	
1,N/A,EVENT_RECORD,19,1618,0.020,1791460564643310.804	,1791460564643310.824	
1,_Z24add_rms_norm_bias_customIfEvPhS0_S0_S0_S0_mmjff,AI_VECTOR_CORE,19,1619,5.380,1791460564643335.004	,1791460564643340.384	
1,N/A,EVENT_RECORD,19,1620,0.020,1791460564643341.924	,1791460564643341.944	
1,N/A,EVENT_RESET,19,1621,0.080,1791460564643420.008	,1791460564643420.088	
1,N/A,EVENT_RESET,19,1622,0.100,1791460564643422.148	,1791460564643422.248	
1,N/A,EVENT_RECORD,19,1623,0.020,1791460564643424.388	,1791460564643424.408	
1,_Z24add_rms_norm_bias_customIfEvPhS0_S0_S0_S0_mmjff,AI_VECTOR_CORE,19,1624,40.560,1791460564643448.388	,1791460564643488.948	
1,N/A,EVENT_RECORD,19,1625,0.020,1791460564643488.968	,1791460564643488.988	
1,N/A,EVENT_RESET,19,1626,0.100,1791460564643548.608	,1791460564643548.708	
1,N/A,EVENT_RESET,19,1627,0.080,1791460564643551.768	,1791460564643551.848	
1,N/A,EVENT_RECORD,19,1628,0.020,1791460564643553.608	,1791460564643553.628	
1,_Z24add_rms_norm_bias_customIfEvPhS0_S0_S0_S0_mmjff,AI_VECTOR_CORE,19,1629,6.620,1791460564643571.592	,1791460564643578.212	
1,N/A,EVENT_RECORD,19,1630,0.020,1791460564643578.232	,1791460564643578.252	
1,N/A,EVENT_RESET,19,1631,0.080,1791460564643658.872	,1791460564643658.952	
1,N/A,EVENT_RESET,19,1632,0.080,1791460564643662.632	,1791460564643662.712	
1,N/A,EVENT_RECORD,19,1633,0.020,1791460564643665.152	,1791460564643665.172	
1,_Z24add_rms_norm_bias_customIfEvPhS0_S0_S0_S0_mmjff,AI_VECTOR_CORE,19,1634,5.900,1791460564643667.432	,1791460564643673.332	
1,N/A,EVENT_RECORD,19,1635,0.020,1791460564643694.252	,1791460564643694.272	
1,N/A,EVENT_RESET,19,1636,0.100,1791460564643770.356	,1791460564643770.456	
1,N/A,EVENT_RESET,19,1637,0.100,1791460564643773.616	,1791460564643773.716	
1,N/A,EVENT_RECORD,19,1638,0.000,1791460564643775.596	,1791460564643775.596	
1,_Z24add_rms_norm_bias_customIfEvPhS0_S0_S0_S0_mmjff,AI_VECTOR_CORE,19,1639,3.960,1791460564643794.276	,1791460564643798.236	
1,N/A,EVENT_RECORD,19,1640,0.020,1791460564643803.916	,1791460564643803.936	
1,N/A,EVENT_RESET,19,1641,0.100,1791460564643867.976	,1791460564643868.076	
1,N/A,EVENT_RESET,19,1642,0.080,1791460564643892.536	,1791460564643892.616	
1,N/A,EVENT_RECORD,19,1643,0.020,1791460564643895.796	,1791460564643895.816	
1,_Z24add_rms_norm_bias_customIfEvPhS0_S0_S0_S0_mmjff,AI_VECTOR_CORE,19,1644,4.920,1791460564643897.556	,1791460564643902.476	
1,N/A,EVENT_RECORD,19,1645,0.020,1791460564643915.636	,1791460564643915.656	
1,N/A,EVENT_RESET,19,1646,0.080,1791460564643985.680	,1791460564643985.760	
1,N/A,EVENT_RESET,19,1647,0.100,1791460564643989.000	,1791460564643989.100	
1,N/A,EVENT_RECORD,19,1648,0.020,1791460564643990.760	,1791460564643990.780	
1,_Z24add_rms_norm_bias_customIfEvPhS0_S0_S0_S0_mmjff,AI_VECTOR_CORE,19,1649,20.740,1791460564644010.840	,1791460564644031.580	
1,N/A,EVENT_RECORD,19,1650,0.020,1791460564644031.600	,1791460564644031.620	
1,N/A,EVENT_RESET,19,1651,0.080,1791460564644089.020	,1791460564644089.100	
1,N/A,EVENT_RESET,19,1652,0.100,1791460564644092.520	,1791460564644092.620	
1,N/A,EVENT_RECORD,19,1653,0.020,1791460564644093.920	,1791460564644093.940	
1,_Z24add_rms_norm_bias_customIfEvPhS0_S0_S0_S0_mmjff,AI_VECTOR_CORE,19,1654,6.000,1791460564644113.320	,1791460564644119.320	
1,N/A,EVENT_RECORD,19,1655,0.020,1791460564644119.340	,1791460564644119.360	
1,N/A,EVENT_RESET,19,1656,0.100,1791460564644190.824	,1791460564644190.924	
1,N/A,EVENT_RESET,19,1657,0.080,1791460564644193.624	,1791460564644193.704	
1,N/A,EVENT_RECORD,19,1658,0.020,1791460564644196.124	,1791460564644196.144	
1,_Z24add_rms_norm_bias_customIfEvPhS0_S0_S0_S0_mmjff,AI_VECTOR_CORE,19,1659,5.360,1791460564644215.964	,1791460564644221.324	
1,N/A,EVENT_RECORD,19,1660,0.020,1791460564644235.624	,1791460564644235.644	
1,N/A,EVENT_RESET,19,1661,0.100,1791460564644302.984	,1791460564644303.084	
1,N/A,EVENT_RESET,19,1662,0.080,1791460564644307.064	,1791460564644307.144	
1,N/A,EVENT_RECORD,19,1663,0.020,1791460564644309.724	,1791460564644309.744	
1,_Z24add_rms_norm_bias_customIfEvPhS0_S0_S0_S0_mmjff,AI_VECTOR_CORE,19,1664,3.880,1791460564644329.644	,1791460564644333.524	
1,N/A,EVENT_RECORD,19,1665,0.020,1791460564644336.464	,1791460564644336.484	
1,N/A,EVENT_RESET,19,1666,0.100,1791460564644410.888	,1791460564644410.988	
1,N/A,EVENT_RESET,19,1667,0.100,1791460564644413.768	,1791460564644413.868	
1,N/A,EVENT_RECORD,19,1668,0.020,1791460564644416.168	,1791460564644416.188	
1,_Z24add_rms_norm_bias_customIfEvPhS0_S0_S0_S0_mmjff,AI_VECTOR_CORE,19,1669,3.640,1791460564644433.868	,1791460564644437.508	
1,N/A,EVENT_RECORD,19,1670,0.020,1791460564644445.928	,1791460564644445.948	
1,N/A,EVENT_RESET,19,1671,0.100,1791460564644521.968	,1791460564644522.068	
1,N/A,EVENT_RESET,19,1672,0.100,1791460564644524.388	,1791460564644524.488	
1,N/A,EVENT_RECORD,19,1673,0.020,1791460564644526.848	,1791460564644526.868	
1,_Z24add_rms_norm_bias_customIfEvPhS0_S0_S0_S0_mmjff,AI_VECTOR_CORE,19,1674,3.560,1791460564644541.948	,1791460564644545.508	
1,N/A,EVENT_RECORD,19,1675,0.016,1791460564644559.812	,1791460564644559.828	
1,N/A,EVENT_RESET,19,1676,0.100,1791460564644631.852	,1791460564644631.952	
1,N/A,EVENT_RESET,19,1677,0.100,1791460564644634.312	,1791460564644634.412	
1,N/A,EVENT_RECORD,19,1678,0.020,1791460564644636.792	,1791460564644636.812	
1,_Z24add_rms_norm_bias_customIfEvPhS0_S0_S0_S0_mmjff,AI_VECTOR_CORE,19,1679,3.700,1791460564644642.852	,1791460564644646.552	
1,N/A,EVENT_RECORD,19,1680,0.020,1791460564644654.612	,1791460564644654.632	
1,N/A,EVENT_RESET,19,1681,0.080,1791460564644736.192	,1791460564644736.272	
1,N/A,EVENT_RESET,19,1682,0.100,1791460564644739.412	,1791460564644739.512	
1,N/A,EVENT_RECORD,19,1683,0.020,1791460564644741.512	,1791460564644741.532	
1,_Z24add_rms_norm_bias_customIfEvPhS0_S0_S0_S0_mmjff,AI_VECTOR_CORE,19,1684,103.744,1791460564644744.992	,1791460564644848.736	
1,N/A,EVENT_RECORD,19,1685,0.020,1791460564644848.776	,1791460564644848.796	
1,N/A,EVENT_RECORD,19,1686,0.020,1791460564644848.936	,1791460564644848.956	
1,N/A,EVENT_RESET,19,1687,0.100,1791460564644915.076	,1791460564644915.176	
1,N/A,EVENT_RESET,19,1688,0.080,1791460564644920.396	,1791460564644920.476	
1,N/A,EVENT_RECORD,19,1689,0.020,1791460564644924.776	,1791460564644924.796	
1,_Z24add_rms_norm_bias_customIfEvPhS0_S0_S0_S0_mmjff,AI_VECTOR_CORE,19,1690,4.580,1791460564644939.456	,1791460564644944.036	
1,N/A,EVENT_RECORD,19,1691,0.020,1791460564644944.056	,1791460564644944.076	
1,_Z24add_rms_norm_bias_customIfEvPhS0_S0_S0_S0_mmjff,AI_VECTOR_CORE,19,1692,13.060,1791460564645053.900	,1791460564645066.960	
1,N/A,EVENT_RESET,19,1693,0.080,1791460564645094.020	,1791460564645094.100	
1,N/A,EVENT_RESET,19,1694,0.100,1791460564645096.040	,1791460564645096.140	
1,N/A,EVENT_RECORD,19,1695,0.020,1791460564645104.540	,1791460564645104.560	
1,_Z24add_rms_norm_bias_customIfEvPhS0_S0_S0_S0_mmjff,AI_VECTOR_CORE,19,1696,42.264,1791460564645123.020	,1791460564645165.284	
1,N/A,EVENT_RECORD,19,1697,0.024,1791460564645165.300	,1791460564645165.324	
1,N/A,EVENT_RESET,19,1698,0.100,1791460564645231.324	,1791460564645231.424	
1,N/A,EVENT_RESET,19,1699,0.080,1791460564645237.244	,1791460564645237.324	
1,N/A,EVENT_RECORD,19,1700,0.020,1791460564645242.304	,1791460564645242.324	
1,_Z24add_rms_norm_bias_customIfEvPhS0_S0_S0_S0_mmjff,AI_VECTOR_CORE,19,1701,114.064,1791460564645253.704	,1791460564645367.768	
1,N/A,EVENT_RECORD,19,1702,0.020,1791460564645367.788	,1791460564645367.808	
1,N/A,EVENT_RECORD,19,1703,0.000,1791460564645367.968	,1791460564645367.968	
1,N/A,EVENT_RESET,19,1704,0.080,1791460564645447.108	,1791460564645447.188	
1,N/A,EVENT_RESET,19,1705,0.080,1791460564645454.728	,1791460564645454.808	
1,N/A,EVENT_RECORD,19,1706,0.000,1791460564645463.188	,1791460564645463.188	
1,_Z24add_rms_norm_bias_customIfEvPhS0_S0_S0_S0_mmjff,AI_VECTOR_CORE,19,1707,74.000,1791460564645473.168	,1791460564645547.168	
1,N/A,EVENT_RECORD,19,1708,0.020,1791460564645547.188	,1791460564645547.208	
1,N/A,EVENT_RECORD,19,1709,0.020,1791460564645570.772	,1791460564645570.792	
1,N/A,EVENT_RESET,19,1710,0.080,1791460564645630.652	,1791460564645630.732	
1,N/A,EVENT_RESET,19,1711,0.080,1791460564645634.872	,1791460564645634.952	
1,N/A,EVENT_RECORD,19,1712,0.020,1791460564645640.192	,1791460564645640.212	
1,_Z24add_rms_norm_bias_customIfEvPhS0_S0_S0_S0_mmjff,AI_VECTOR_CORE,19,1713,135.024,1791460564645661.692	,1791460564645796.716	
1,N/A,EVENT_RECORD,19,1714,0.020,1791460564645796.736	,1791460564645796.756	
1,N/A,EVENT_RECORD,19,1715,0.000,1791460564645796.916	,1791460564645796.916	
1,N/A,EVENT_RESET,19,1716,0.100,1791460564645867.196	,1791460564645867.296	
1,N/A,EVENT_RESET,19,1717,0.100,1791460564645870.536	,1791460564645870.636	
1,N/A,EVENT_RECORD,19,1718,0.020,1791460564645874.296	,1791460564645874.316	
1,_Z24add_rms_norm_bias_customIfEvPhS0_S0_S0_S0_mmjff,AI_VECTOR_CORE,19,1719,6.780,1791460564645886.896	,1791460564645893.676	
1,N/A,EVENT_RECORD,19,1720,0.020,1791460564645899.016	,1791460564645899.036	
1,N/A,EVENT_RESET,19,1721,0.080,1791460564645970.220	,1791460564645970.300	
1,N/A,EVENT_RESET,19,1722,0.100,1791460564645973.800	,1791460564645973.900	
1,N/A,EVENT_RECORD,19,1723,0.020,1791460564645975.600	,1791460564645975.620	
1,_Z24add_rms_norm_bias_customIfEvPhS0_S0_S0_S0_mmjff,AI_VECTOR_CORE,19,1724,6.260,1791460564645991.160	,1791460564645997.420	
1,N/A,EVENT_RECORD,19,1725,0.020,1791460564646007.760	,1791460564646007.780	
1,N/A,EVENT_RESET,19,1726,0.080,1791460564646080.080	,1791460564646080.160	
1,N/A,EVENT_RESET,19,1727,0.100,1791460564646081.920	,1791460564646082.020	
1,N/A,EVENT_RECORD,19,1728,0.020,1791460564646084.060	,1791460564646084.080	
1,_Z24add_rms_norm_bias_customIfEvPhS0_S0_S0_S0_mmjff,AI_VECTOR_CORE,19,1729,5.240,1791460564646095.600	,1791460564646100.840	
1,N/A,EVENT_RECORD,19,1730,0.020,1791460564646111.500	,1791460564646111.520	
1,N/A,EVENT_RESET,19,1731,0.080,1791460564646189.644	,1791460564646189.724	
1,N/A,EVENT_RESET,19,1732,0.100,1791460564646192.324	,1791460564646192.424	
1,N/A,EVENT_RECORD,19,1733,0.020,1791460564646194.564	,1791460564646194.584	
1,_Z24add_rms_norm_bias_customIfEvPhS0_S0_S0_S0_mmjff,AI_VECTOR_CORE,19,1734,4.440,1791460564646200.304	,1791460564646204.744	
1,N/A,EVENT_RECORD,19,1735,0.020,1791460564646218.604	,1791460564646218.624	
1,N/A,EVENT_RESET,19,1736,0.080,1791460564646297.064	,1791460564646297.144	
1,N/A,EVENT_RESET,19,1737,0.100,1791460564646301.324	,1791460564646301.424	
1,N/A,EVENT_RECORD,19,1738,0.020,1791460564646303.544	,1791460564646303.564	
1,_Z24add_rms_norm_bias_customIfEvPhS0_S0_S0_S0_mmjff,AI_VECTOR_CORE,19,1739,4.900,1791460564646307.244	,1791460564646312.144	
1,N/A,EVENT_RECORD,19,1740,0.000,1791460564646325.324	,1791460564646325.324	
1,N/A,EVENT_RESET,19,1741,0.100,1791460564646394.348	,1791460564646394.448	
1,N/A,EVENT_RESET,19,1742,0.100,1791460564646397.388	,1791460564646397.488	
1,N/A,EVENT_RECORD,19,1743,0.000,1791460564646404.608	,1791460564646404.608	
1,_Z24add_rms_norm_bias_customIfEvPhS0_S0_S0_S0_mmjff,AI_VECTOR_CORE,19,1744,34.540,1791460564646418.788	,1791460564646453.328	
1,N/A,EVENT_RECORD,19,1745,0.020,1791460564646453.348	,1791460564646453.368	
1,N/A,EVENT_RESET,19,1746,0.100,1791460564646536.148	,1791460564646536.248	
1,N/A,EVENT_RESET,19,1747,0.100,1791460564646543.148	,1791460564646543.248	
1,N/A,EVENT_RECORD,19,1748,0.020,1791460564646548.408	,1791460564646548.428	
1,_Z24add_rms_norm_bias_customIfEvPhS0_S0_S0_S0_mmjff,AI_VECTOR_CORE,19,1749,543.412,1791460564646550.788	,1791460564647094.200	
1,N/A,EVENT_RECORD,19,1750,0.020,1791460564647094.220	,1791460564647094.240	
1,N/A,EVENT_RECORD,19,1751,0.020,1791460564647094.380	,1791460564647094.400	
1,N/A,EVENT_RESET,19,1752,0.100,1791460564647184.044	,1791460564647184.144	
1,N/A,EVENT_RESET,19,1753,0.100,1791460564647189.924	,1791460564647190.024	
1,N/A,EVENT_RECORD,19,1754,0.020,1791460564647195.904	,1791460564647195.924	
1,_Z24add_rms_norm_bias_customIfEvPhS0_S0_S0_S0_mmjff,AI_VECTOR_CORE,19,1755,16.860,1791460564647204.884	,1791460564647221.744	
1,N/A,EVENT_RECORD,19,1756,0.020,1791460564647221.764	,1791460564647221.784	
1,N/A,EVENT_RESET,19,1757,0.100,1791460564647281.304	,1791460564647281.404	
1,N/A,EVENT_RESET,19,1758,0.080,1791460564647294.844	,1791460564647294.924	
1,N/A,EVENT_RECORD,19,1759,0.000,1791460564647303.944	,1791460564647303.944	
1,_Z24add_rms_norm_bias_customIfEvPhS0_S0_S0_S0_mmjff,AI_VECTOR_CORE,19,1760,51.720,1791460564647309.224	,1791460564647360.944	
1,N/A,EVENT_RECORD,19,1761,0.020,1791460564647360.984	,1791460564647361.004	
1,N/A,EVENT_RECORD,19,1762,0.020,1791460564647379.868	,1791460564647379.888	
1,N/A,EVENT_RESET,19,1763,0.080,1791460564647431.408	,1791460564647431.488	
1,N/A,EVENT_RESET,19,1764,0.100,1791460564647438.068	,1791460564647438.168	
1,N/A,EVENT_RECORD,19,1765,0.020,1791460564647441.988	,1791460564647442.008	
1,_Z24add_rms_norm_bias_customIfEvPhS0_S0_S0_S0_mmjff,AI_VECTOR_CORE,19,1766,51.660,1791460564647450.068	,1791460564647501.728	
1,N/A,EVENT_RECORD,19,1767,0.020,1791460564647501.748	,1791460564647501.768	
1,N/A,EVENT_RECORD,19,1768,0.000,1791460564647520.568	,1791460564647520.568	
1,N/A,EVENT_RESET,19,1769,0.100,1791460564647561.428	,1791460564647561.528	
1,N/A,EVENT_RESET,19,1770,0.080,1791460564647565.388	,1791460564647565.468	
1,N/A,EVENT_RECORD,19,1771,0.020,1791460564647578.952	,1791460564647578.972	
1,_Z24add_rms_norm_bias_customIfEvPhS0_S0_S0_S0_mmjff,AI_VECTOR_CORE,19,1772,9.260,1791460564647588.112	,1791460564647597.372	
1,N/A,EVENT_RECORD,19,1773,0.020,1791460564647606.252	,1791460564647606.272	
1,N/A,EVENT_RESET,19,1774,0.100,1791460564647679.732	,1791460564647679.832	
1,N/A,EVENT_RESET,19,1775,0.080,1791460564647685.192	,1791460564647685.272	
1,N/A,EVENT_RECORD,19,1776,0.020,1791460564647694.052	,1791460564647694.072	
1,_Z24add_rms_norm_bias_customIfEvPhS0_S0_S0_S0_mmjff,AI_VECTOR_CORE,19,1777,6.180,1791460564647712.632	,1791460564647718.812	
1,N/A,EVENT_RECORD,19,1778,0.020,1791460564647732.352	,1791460564647732.372	
1,N/A,EVENT_RESET,19,1779,0.080,1791460564647802.036	,1791460564647802.116	
1,N/A,EVENT_RESET,19,1780,0.080,1791460564647807.216	,1791460564647807.296	
1,N/A,EVENT_RECORD,19,1781,0.020,1791460564647811.536	,1791460564647811.556	
1,_Z24add_rms_norm_bias_customIfEvPhS0_S0_S0_S0_mmjff,AI_VECTOR_CORE,19,1782,250.044,1791460564647823.176	,1791460564648073.220	
1,N/A,EVENT_RECORD,19,1783,0.020,1791460564648073.240	,1791460564648073.260	
1,N/A,EVENT_RECORD,19,1784,0.000,1791460564648073.420	,1791460564648073.420	
1,N/A,EVENT_RESET,19,1785,0.100,1791460564648129.620	,1791460564648129.720	
1,N/A,EVENT_RESET,19,1786,0.100,1791460564648132.440	,1791460564648132.540	
1,N/A,EVENT_RECORD,19,1787,0.020,1791460564648151.800	,1791460564648151.820	
1,_Z24add_rms_norm_bias_customIfEvPhS0_S0_S0_S0_mmjff,AI_VECTOR_CORE,19,1788,249.304,1791460564648176.224	,1791460564648425.528	
1,N/A,EVENT_RECORD,19,1789,0.000,1791460564648425.568	,1791460564648425.568	
1,N/A,EVENT_RECORD,19,1790,0.020,1791460564648425.728	,1791460564648425.748	
1,N/A,EVENT_RESET,19,1791,0.080,1791460564648490.948	,1791460564648491.028	
1,N/A,EVENT_RESET,19,1792,0.100,1791460564648493.408	,1791460564648493.508	
1,N/A,EVENT_RECORD,19,1793,0.020,1791460564648495.668	,1791460564648495.688	
1,_Z24add_rms_norm_bias_customIfEvPhS0_S0_S0_S0_mmjff,AI_VECTOR_CORE,19,1794,47.420,1791460564648511.588	,1791460564648559.008	
1,N/A,EVENT_RECORD,19,1795,0.020,1791460564648559.028	,1791460564648559.048	
1,N/A,EVENT_RECORD,19,1796,0.020,1791460564648576.652	,1791460564648576.672	
1,N/A,EVENT_RESET,19,1797,0.100,1791460564648617.072	,1791460564648617.172	
1,N/A,EVENT_RESET,19,1798,0.100,1791460564648620.112	,1791460564648620.212	
1,N/A,EVENT_RECORD,19,1799,0.020,1791460564648622.152	,1791460564648622.172	
1,_Z24add_rms_norm_bias_customIfEvPhS0_S0_S0_S0_mmjff,AI_VECTOR_CORE,19,1800,14.560,1791460564648638.512	,1791460564648653.072	
1,N/A,EVENT_RECORD,19,1801,0.020,1791460564648664.852	,1791460564648664.872	
1,N/A,EVENT_RESET,19,1802,0.100,1791460564648726.532	,1791460564648726.632	
1,N/A,EVENT_RESET,19,1803,0.100,1791460564648728.792	,1791460564648728.892	
1,N/A,EVENT_RECORD,19,1804,0.020,1791460564648730.852	,1791460564648730.872	
1,_Z24add_rms_norm_bias_customIfEvPhS0_S0_S0_S0_mmjff,AI_VECTOR_CORE,19,1805,27.844,1791460564648755.312	,1791460564648783.156	
1,N/A,EVENT_RECORD,19,1806,0.020,1791460564648783.196	,1791460564648783.216	
1,N/A,EVENT_RESET,19,1807,0.100,1791460564648842.296	,1791460564648842.396	
1,N/A,EVENT_RESET,19,1808,0.100,1791460564648846.376	,1791460564648846.476	
1,N/A,EVENT_RECORD,19,1809,0.020,1791460564648859.556	,1791460564648859.576	
1,_Z24add_rms_norm_bias_customIfEvPhS0_S0_S0_S0_mmjff,AI_VECTOR_CORE,19,1810,5.880,1791460564648863.356	,1791460564648869.236	
1,N/A,EVENT_RECORD,19,1811,0.020,1791460564648886.796	,1791460564648886.816	
1,N/A,EVENT_RESET,19,1812,0.100,1791460564648952.856	,1791460564648952.956	
1,N/A,EVENT_RESET,19,1813,0.100,1791460564648956.676	,1791460564648956.776	
1,N/A,EVENT_RECORD,19,1814,0.020,1791460564648960.376	,1791460564648960.396	
1,_Z24add_rms_norm_bias_customIfEvPhS0_S0_S0_S0_mmjff,AI_VECTOR_CORE,19,1815,5.180,1791460564648977.340	,1791460564648982.520	
1,N/A,EVENT_RECORD,19,1816,0.020,1791460564648982.740	,1791460564648982.760	
1,N/A,EVENT_RESET,19,1817,0.080,1791460564649065.740	,1791460564649065.820	
1,N/A,EVENT_RESET,19,1818,0.100,1791460564649068.780	,1791460564649068.880	
1,N/A,EVENT_RECORD,19,1819,0.020,1791460564649071.200	,1791460564649071.220	
1,_Z24add_rms_norm_bias_customIfEvPhS0_S0_S0_S0_mmjff,AI_VECTOR_CORE,19,1820,5.920,1791460564649073.540	,1791460564649079.460	
1,N/A,EVENT_RECORD,19,1821,0.020,1791460564649090.800	,1791460564649090.820	
1,N/A,EVENT_RESET,19,1822,0.104,1791460564649169.620	,1791460564649169.724	
1,N/A,EVENT_RESET,19,1823,0.100,1791460564649172.244	,1791460564649172.344	
1,N/A,EVENT_RECORD,19,1824,0.020,1791460564649174.384	,1791460564649174.404	
1,_Z24add_rms_norm_bias_customIfEvPhS0_S0_S0_S0_mmjff,AI_VECTOR_CORE,19,1825,4.320,1791460564649197.764	,1791460564649202.084	
1,N/A,EVENT_RECORD,19,1826,0.020,1791460564649202.664	,1791460564649202.684	
1,N/A,EVENT_RESET,19,1827,0.100,1791460564649270.584	,1791460564649270.684	
1,N/A,EVENT_RESET,19,1828,0.100,1791460564649274.524	,1791460564649274.624	
1,N/A,EVENT_RECORD,19,1829,0.020,1791460564649299.584	,1791460564649299.604	
1,_Z24add_rms_norm_bias_customIfEvPhS0_S0_S0_S0_mmjff,AI_VECTOR_CORE,19,1830,219.344,1791460564649301.424	,1791460564649520.768	
1,N/A,EVENT_RECORD,19,1831,0.020,1791460564649520.788	,1791460564649520.808	
1,N/A,EVENT_RECORD,19,1832,0.020,1791460564649520.948	,1791460564649520.968	
1,N/A,EVENT_RESET,19,1833,0.080,1791460564649590.492	,1791460564649590.572	
1,N/A,EVENT_RESET,19,1834,0.100,1791460564649595.572	,1791460564649595.672	
1,N/A,EVENT_RECORD,19,1835,0.020,1791460564649600.792	,1791460564649600.812	
1,_Z24add_rms_norm_bias_customIfEvPhS0_S0_S0_S0_mmjff,AI_VECTOR_CORE,19,1836,4.920,1791460564649618.612	,1791460564649623.532	
1,N/A,EVENT_RECORD,19,1837,0.000,1791460564649623.572	,1791460564649623.572	
1,N/A,EVENT_RESET,19,1838,0.100,1791460564649684.552	,1791460564649684.652	
1,N/A,EVENT_RESET,19,1839,0.100,1791460564649690.732	,1791460564649690.832	
1,N/A,EVENT_RECORD,19,1840,0.020,1791460564649699.972	,1791460564649699.992	
1,_Z24add_rms_norm_bias_customIfEvPhS0_S0_S0_S0_mmjff,AI_VECTOR_CORE,19,1841,16.320,1791460564649717.572	,1791460564649733.892	
1,N/A,EVENT_RECORD,19,1842,0.000,1791460564649733.932	,1791460564649733.932	
1,N/A,EVENT_RESET,19,1843,0.100,1791460564649811.356	,1791460564649811.456	
1,N/A,EVENT_RESET,19,1844,0.100,1791460564649814.976	,1791460564649815.076	
1,N/A,EVENT_RECORD,19,1845,0.020,1791460564649817.376	,1791460564649817.396	
1,_Z24add_rms_norm_bias_customIfEvPhS0_S0_S0_S0_mmjff,AI_VECTOR_CORE,19,1846,4.940,1791460564649837.376	,1791460564649842.316	
1,N/A,EVENT_RECORD,19,1847,0.020,1791460564649842.956	,1791460564649842.976	
1,N/A,EVENT_RESET,19,1848,0.100,1791460564649919.456	,1791460564649919.556	
1,N/A,EVENT_RESET,19,1849,0.100,1791460564649922.856	,1791460564649922.956	
1,N/A,EVENT_RECORD,19,1850,0.020,1791460564649924.636	,1791460564649924.656	
1,_Z24add_rms_norm_bias_customIfEvPhS0_S0_S0_S0_mmjff,AI_VECTOR_CORE,19,1851,5.900,1791460564649941.496	,1791460564649947.396	
1,N/A,EVENT_RECORD,19,1852,0.020,1791460564649948.376	,1791460564649948.396	
1,N/A,EVENT_RESET,19,1853,0.080,1791460564650022.900	,1791460564650022.980	
1,N/A,EVENT_RESET,19,1854,0.100,1791460564650026.540	,1791460564650026.640	
1,N/A,EVENT_RECORD,19,1855,0.020,1791460564650029.100	,1791460564650029.120	
1,_Z24add_rms_norm_bias_customIfEvPhS0_S0_S0_S0_mmjff,AI_VECTOR_CORE,19,1856,3.740,1791460564650040.540	,1791460564650044.280	
1,N/A,EVENT_RECORD,19,1857,0.020,1791460564650060.860	,1791460564650060.880	
1,N/A,EVENT_RESET,19,1858,0.100,1791460564650129.960	,1791460564650130.060	
1,N/A,EVENT_RESET,19,1859,0.080,1791460564650133.140	,1791460564650133.220	
1,N/A,EVENT_RECORD,19,1860,0.020,1791460564650135.400	,1791460564650135.420	
1,_Z24add_rms_norm_bias_customIfEvPhS0_S0_S0_S0_mmjff,AI_VECTOR_CORE,19,1861,3.980,1791460564650152.740	,1791460564650156.720	
1,N/A,EVENT_RECORD,19,1862,0.020,1791460564650156.740	,1791460564650156.760	
1,_Z24add_rms_norm_bias_customIfEvPhS0_S0_S0_S0_mmjff,AI_VECTOR_CORE,19,1863,3.880,1791460564650246.764	,1791460564650250.644	
1,N/A,EVENT_RESET,19,1864,0.100,1791460564650293.584	,1791460564650293.684	
1,N/A,EVENT_RESET,19,1865,0.100,1791460564650296.404	,1791460564650296.504	
1,N/A,EVENT_RECORD,19,1866,0.020,1791460564650298.524	,1791460564650298.544	
1,_Z24add_rms_norm_bias_customIfEvPhS0_S0_S0_S0_mmjff,AI_VECTOR_CORE,19,1867,6.100,1791460564650315.764	,1791460564650321.864	
1,N/A,EVENT_RECORD,19,1868,0.020,1791460564650321.884	,1791460564650321.904	
1,N/A,EVENT_RESET,19,1869,0.100,1791460564650390.728	,1791460564650390.828	
1,N/A,EVENT_RESET,19,1870,0.100,1791460564650393.668	,1791460564650393.768	
1,N/A,EVENT_RECORD,19,1871,0.020,1791460564650408.248	,1791460564650408.268	
1,_Z24add_rms_norm_bias_customIfEvPhS0_S0_S0_S0_mmjff,AI_VECTOR_CORE,19,1872,5.020,1791460564650411.548	,1791460564650416.568	
1,N/A,EVENT_RECORD,19,1873,0.020,1791460564650433.348	,1791460564650433.368	
1,N/A,EVENT_RESET,19,1874,0.080,1791460564650504.208	,1791460564650504.288	
1,N/A,EVENT_RESET,19,1875,0.080,1791460564650506.728	,1791460564650506.808	
1,N/A,EVENT_RECORD,19,1876,0.020,1791460564650508.908	,1791460564650508.928	
1,_Z24add_rms_norm_bias_customIfEvPhS0_S0_S0_S0_mmjff,AI_VECTOR_CORE,19,1877,5.300,1791460564650527.248	,1791460564650532.548	
1,N/A,EVENT_RECORD,19,1878,0.020,1791460564650532.568	,1791460564650532.588	
1,N/A,EVENT_RESET,19,1879,0.080,1791460564650603.112	,1791460564650603.192	
1,N/A,EVENT_RESET,19,1880,0.080,1791460564650615.072	,1791460564650615.152	
1,N/A,EVENT_RECORD,19,1881,0.020,1791460564650625.872	,1791460564650625.892	
1,_Z24add_rms_norm_bias_customIfEvPhS0_S0_S0_S0_mmjff,AI_VECTOR_CORE,19,1882,585.332,1791460564650634.212	,1791460564651219.544	
1,N/A,EVENT_RECORD,19,1883,0.020,1791460564651219.564	,1791460564651219.584	
1,N/A,EVENT_RECORD,19,1884,0.000,1791460564651219.744	,1791460564651219.744	
1,N/A,EVENT_RESET,19,1885,0.100,1791460564651286.004	,1791460564651286.104	
1,N/A,EVENT_RESET,19,1886,0.100,1791460564651290.564	,1791460564651290.664	
1,N/A,EVENT_RECORD,19,1887,0.020,1791460564651294.024	,1791460564651294.044	
1,_Z24add_rms_norm_bias_customIfEvPhS0_S0_S0_S0_mmjff,AI_VECTOR_CORE,19,1888,4.760,1791460564651309.104	,1791460564651313.864	
1,N/A,EVENT_RECORD,19,1889,0.020,1791460564651324.204	,1791460564651324.224	
1,N/A,EVENT_RESET,19,1890,0.100,1791460564651399.808	,1791460564651399.908	
1,N/A,EVENT_RESET,19,1891,0.080,1791460564651409.588	,1791460564651409.668	
1,N/A,EVENT_RECORD,19,1892,0.020,1791460564651420.088	,1791460564651420.108	
1,_Z24add_rms_norm_bias_customIfEvPhS0_S0_S0_S0_mmjff,AI_VECTOR_CORE,19,1893,577.972,1791460564651425.368	,1791460564652003.340	
1,N/A,EVENT_RECORD,19,1894,0.020,1791460564652003.360	,1791460564652003.380	
1,N/A,EVENT_RECORD,19,1895,0.000,1791460564652003.540	,1791460564652003.540	
1,N/A,EVENT_RESET,19,1896,0.100,1791460564652076.820	,1791460564652076.920	
1,N/A,EVENT_RESET,19,1897,0.100,1791460564652080.520	,1791460564652080.620	
1,N/A,EVENT_RECORD,19,1898,0.020,1791460564652084.000	,1791460564652084.020	
1,_Z24add_rms_norm_bias_customIfEvPhS0_S0_S0_S0_mmjff,AI_VECTOR_CORE,19,1899,6.200,1791460564652102.280	,1791460564652108.480	
1,N/A,EVENT_RECORD,19,1900,0.020,1791460564652108.500	,1791460564652108.520	
1,N/A,EVENT_RESET,19,1901,0.080,1791460564652196.264	,1791460564652196.344	
1,N/A,EVENT_RESET,19,1902,0.100,1791460564652202.524	,1791460564652202.624	
1,N/A,EVENT_RECORD,19,1903,0.020,1791460564652206.784	,1791460564652206.804	
1,_Z24add_rms_norm_bias_customIfEvPhS0_S0_S0_S0_mmjff,AI_VECTOR_CORE,19,1904,611.992,1791460564652215.324	,1791460564652827.316	
1,N/A,EVENT_RECORD,19,1905,0.000,1791460564652827.356	,1791460564652827.356	
1,N/A,EVENT_RECORD,19,1906,0.020,1791460564652827.516	,1791460564652827.536	
1,N/A,EVENT_RESET,19,1907,0.080,1791460564652896.416	,1791460564652896.496	
1,N/A,EVENT_RESET,19,1908,0.100,1791460564652903.136	,1791460564652903.236	
1,N/A,EVENT_RECORD,19,1909,0.020,1791460564652908.816	,1791460564652908.836	
1,_Z24add_rms_norm_bias_customIfEvPhS0_S0_S0_S0_mmjff,AI_VECTOR_CORE,19,1910,58.564,1791460564652923.596	,1791460564652982.160	
1,N/A,EVENT_RECORD,19,1911,0.000,1791460564652982.200	,1791460564652982.200	
1,N/A,EVENT_RECORD,19,1912,0.000,1791460564652989.140	,1791460564652989.140	
1,N/A,EVENT_RESET,19,1913,0.100,1791460564653049.440	,1791460564653049.540	
1,N/A,EVENT_RESET,19,1914,0.080,1791460564653056.440	,1791460564653056.520	
1,N/A,EVENT_RECORD,19,1915,0.020,1791460564653071.700	,1791460564653071.720	
1,_Z24add_rms_norm_bias_customIfEvPhS0_S0_S0_S0_mmjff,AI_VECTOR_CORE,19,1916,59.020,1791460564653079.300	,1791460564653138.320	
1,N/A,EVENT_RECORD,19,1917,0.020,1791460564653138.340	,1791460564653138.360	
1,N/A,EVENT_RECORD,19,1918,0.000,1791460564653153.760	,1791460564653153.760	
1,N/A,EVENT_RESET,19,1919,0.080,1791460564653226.184	,1791460564653226.264	
1,N/A,EVENT_RESET,19,1920,0.100,1791460564653235.224	,1791460564653235.324	
1,N/A,EVENT_RECORD,19,1921,0.020,1791460564653240.504	,1791460564653240.524	
1,_Z24add_rms_norm_bias_customIfEvPhS0_S0_S0_S0_mmjff,AI_VECTOR_CORE,19,1922,271.784,1791460564653251.264	,1791460564653523.048	
1,N/A,EVENT_RECORD,19,1923,0.020,1791460564653523.068	,1791460564653523.088	
1,N/A,EVENT_RECORD,19,1924,0.020,1791460564653523.248	,1791460564653523.268	
1,N/A,EVENT_RESET,19,1925,0.080,1791460564653589.032	,1791460564653589.112	
1,N/A,EVENT_RESET,19,1926,0.100,1791460564653594.272	,1791460564653594.372	
1,N/A,EVENT_RECORD,19,1927,0.020,1791460564653598.172	,1791460564653598.192	
1,_Z24add_rms_norm_bias_customIfEvPhS0_S0_S0_S0_mmjff,AI_VECTOR_CORE,19,1928,735.552,1791460564653622.172	,1791460564654357.724	
1,N/A,EVENT_RECORD,19,1929,0.020,1791460564654357.744	,1791460564654357.764	
1,N/A,EVENT_RECORD,19,1930,0.000,1791460564654357.924	,1791460564654357.924	
1,N/A,EVENT_RESET,19,1931,0.100,1791460564654424.188	,1791460564654424.288	
1,N/A,EVENT_RESET,19,1932,0.100,1791460564654427.388	,1791460564654427.488	
1,N/A,EVENT_RECORD,19,1933,0.020,1791460564654429.248	,1791460564654429.268	
1,_Z24add_rms_norm_bias_customIfEvPhS0_S0_S0_S0_mmjff,AI_VECTOR_CORE,19,1934,14.780,1791460564654444.648	,1791460564654459.428	
1,N/A,EVENT_RECORD,19,1935,0.000,1791460564654460.408	,1791460564654460.408	
1,N/A,EVENT_RESET,19,1936,0.080,1791460564654525.448	,1791460564654525.528	
1,N/A,EVENT_RESET,19,1937,0.080,1791460564654529.108	,1791460564654529.188	
1,N/A,EVENT_RECORD,19,1938,0.020,1791460564654537.208	,1791460564654537.228	
1,_Z24add_rms_norm_bias_customIfEvPhS0_S0_S0_S0_mmjff,AI_VECTOR_CORE,19,1939,5.700,1791460564654552.188	,1791460564654557.888	
1,N/A,EVENT_RECORD,19,1940,0.020,1791460564654567.508	,1791460564654567.528	
1,N/A,EVENT_RESET,19,1941,0.080,1791460564654642.472	,1791460564654642.552	
1,N/A,EVENT_RESET,19,1942,0.080,1791460564654644.912	,1791460564654644.992	
1,N/A,EVENT_RECORD,19,1943,0.020,1791460564654647.232	,1791460564654647.252	
1,_Z24add_rms_norm_bias_customIfEvPhS0_S0_S0_S0_mmjff,AI_VECTOR_CORE,19,1944,5.600,1791460564654666.992	,1791460564654672.592	
1,N/A,EVENT_RECORD,19,1945,0.020,1791460564654680.512	,1791460564654680.532	
1,N/A,EVENT_RESET,19,1946,0.080,1791460564654743.012	,1791460564654743.092	
1,N/A,EVENT_RESET,19,1947,0.100,1791460564654746.072	,1791460564654746.172	
1,N/A,EVENT_RECORD,19,1948,0.020,1791460564654757.292	,1791460564654757.312	
1,_Z24add_rms_norm_bias_customIfEvPhS0_S0_S0_S0_mmjff,AI_VECTOR_CORE,19,1949,5.480,1791460564654763.612	,1791460564654769.092	
1,N/A,EVENT_RECORD,19,1950,0.020,1791460564654778.836	,1791460564654778.856	
1,N/A,EVENT_RESET,19,1951,0.100,1791460564654861.196	,1791460564654861.296	
1,N/A,EVENT_RESET,19,1952,0.100,1791460564654865.096	,1791460564654865.196	
1,N/A,EVENT_RECORD,19,1953,0.020,1791460564654867.096	,1791460564654867.116	
1,_Z24add_rms_norm_bias_customIfEvPhS0_S0_S0_S0_mmjff,AI_VECTOR_CORE,19,1954,4.020,1791460564654888.776	,1791460564654892.796	
1,N/A,EVENT_RECORD,19,1955,0.020,1791460564654893.436	,1791460564654893.456	
1,N/A,EVENT_RESET,19,1956,0.080,1791460564654964.336	,1791460564654964.416	
1,N/A,EVENT_RESET,19,1957,0.100,1791460564654968.096	,1791460564654968.196	
1,N/A,EVENT_RECORD,19,1958,0.024,1791460564654970.876	,1791460564654970.900	
1,_Z24add_rms_norm_bias_customIfEvPhS0_S0_S0_S0_mmjff,AI_VECTOR_CORE,19,1959,4.920,1791460564654986.460	,1791460564654991.380	
1,N/A,EVENT_RECORD,19,1960,0.020,1791460564654995.640	,1791460564654995.660	
1,N/A,EVENT_RESET,19,1961,0.100,1791460564655072.860	,1791460564655072.960	
1,N/A,EVENT_RESET,19,1962,0.080,1791460564655076.600	,1791460564655076.680	
1,N/A,EVENT_RECORD,19,1963,0.020,1791460564655079.360	,1791460564655079.380	
1,_Z24add_rms_norm_bias_customIfEvPhS0_S0_S0_S0_mmjff,AI_VECTOR_CORE,19,1964,3.580,1791460564655085.720	,1791460564655089.300	
1,N/A,EVENT_RECORD,19,1965,0.000,1791460564655103.380	,1791460564655103.380	
1,N/A,EVENT_RESET,19,1966,0.080,1791460564655175.580	,1791460564655175.660	
1,N/A,EVENT_RESET,19,1967,0.080,1791460564655179.564	,1791460564655179.644	
1,N/A,EVENT_RECORD,19,1968,0.020,1791460564655182.884	,1791460564655182.904	
1,_Z24add_rms_norm_bias_customIfEvPhS0_S0_S0_S0_mmjff,AI_VECTOR_CORE,19,1969,4.820,1791460564655192.284	,1791460564655197.104	
1,N/A,EVENT_RECORD,19,1970,0.020,1791460564655207.304	,1791460564655207.324	
1,N/A,EVENT_RESET,19,1971,0.080,1791460564655278.584	,1791460564655278.664	
1,N/A,EVENT_RESET,19,1972,0.080,1791460564655282.724	,1791460564655282.804	
1,N/A,EVENT_RECORD,19,1973,0.020,1791460564655293.804	,1791460564655293.824	
1,_Z24add_rms_norm_bias_customIfEvPhS0_S0_S0_S0_mmjff,AI_VECTOR_CORE,19,1974,179.864,1791460564655301.764	,1791460564655481.628	
1,N/A,EVENT_RECORD,19,1975,0.020,1791460564655481.648	,1791460564655481.668	
1,N/A,EVENT_RECORD,19,1976,0.000,1791460564655481.828	,1791460564655481.828	
1,N/A,EVENT_RESET,19,1977,0.100,1791460564655566.248	,1791460564655566.348	
1,N/A,EVENT_RESET,19,1978,0.080,1791460564655569.988	,1791460564655570.068	
1,N/A,EVENT_RECORD,19,1979,0.016,1791460564655572.652	,1791460564655572.668	
1,_Z24add_rms_norm_bias_customIfEvPhS0_S0_S0_S0_mmjff,AI_VECTOR_CORE,19,1980,5.640,1791460564655591.632	,1791460564655597.272	
1,N/A,EVENT_RECORD,19,1981,0.020,1791460564655597.292	,1791460564655597.312	
1,N/A,EVENT_RESET,19,1982,0.100,1791460564655666.072	,1791460564655666.172	
1,N/A,EVENT_RESET,19,1983,0.100,1791460564655669.652	,1791460564655669.752	
1,N/A,EVENT_RECORD,19,1984,0.020,1791460564655672.272	,1791460564655672.292	
1,_Z24add_rms_norm_bias_customIfEvPhS0_S0_S0_S0_mmjff,AI_VECTOR_CORE,19,1985,4.820,1791460564655701.692	,1791460564655706.512	
1,N/A,EVENT_RECORD,19,1986,0.020,1791460564655723.992	,1791460564655724.012	
1,N/A,EVENT_RESET,19,1987,0.080,1791460564655811.316	,1791460564655811.396	
1,N/A,EVENT_RESET,19,1988,0.100,1791460564655814.636	,1791460564655814.736	
1,N/A,EVENT_RECORD,19,1989,0.020,1791460564655819.056	,1791460564655819.076	
1,_Z24add_rms_norm_bias_customIfEvPhS0_S0_S0_S0_mmjff,AI_VECTOR_CORE,19,1990,6.300,1791460564655836.716	,1791460564655843.016	
1,N/A,EVENT_RECORD,19,1991,0.020,1791460564655861.056	,1791460564655861.076	
1,N/A,EVENT_RESET,19,1992,0.100,1791460564655924.496	,1791460564655924.596	
1,N/A,EVENT_RESET,19,1993,0.100,1791460564655926.836	,1791460564655926.936	
1,N/A,EVENT_RECORD,19,1994,0.020,1791460564655930.156	,1791460564655930.176	
1,_Z24add_rms_norm_bias_customIfEvPhS0_S0_S0_S0_mmjff,AI_VECTOR_CORE,19,1995,5.860,1791460564655944.096	,1791460564655949.956	
1,N/A,EVENT_RECORD,19,1996,0.020,1791460564655951.276	,1791460564655951.296	
1,N/A,EVENT_RESET,19,1997,0.100,1791460564656033.340	,1791460564656033.440	
1,N/A,EVENT_RESET,19,1998,0.100,1791460564656037.040	,1791460564656037.140	
1,N/A,EVENT_RECORD,19,1999,0.020,1791460564656039.900	,1791460564656039.920	
1,_Z24add_rms_norm_bias_customIfEvPhS0_S0_S0_S0_mmjff,AI_VECTOR_CORE,19,2000,6.060,1791460564656047.700	,1791460564656053.760	
1,N/A,EVENT_RECORD,19,2001,0.020,1791460564656068.020	,1791460564656068.040	
1,N/A,EVENT_RESET,19,2002,0.080,1791460564656134.060	,1791460564656134.140	
1,N/A,EVENT_RESET,19,2003,0.100,1791460564656136.320	,1791460564656136.420	
1,N/A,EVENT_RECORD,19,2004,0.020,1791460564656138.760	,1791460564656138.780	
1,_Z24add_rms_norm_bias_customIfEvPhS0_S0_S0_S0_mmjff,AI_VECTOR_CORE,19,2005,5.580,1791460564656155.140	,1791460564656160.720	
1,N/A,EVENT_RECORD,19,2006,0.016,1791460564656171.204	,1791460564656171.220	
1,N/A,EVENT_RESET,19,2007,0.100,1791460564656236.824	,1791460564656236.924	
1,N/A,EVENT_RESET,19,2008,0.100,1791460564656244.504	,1791460564656244.604	
1,N/A,EVENT_RECORD,19,2009,0.020,1791460564656256.704	,1791460564656256.724	
1,_Z24add_rms_norm_bias_customIfEvPhS0_S0_S0_S0_mmjff,AI_VECTOR_CORE,19,2010,52.600,1791460564656263.064	,1791460564656315.664	
1,N/A,EVENT_RECORD,19,2011,0.020,1791460564656315.684	,1791460564656315.704	
1,N/A,EVENT_RECORD,19,2012,0.020,1791460564656327.084	,1791460564656327.104	
1,N/A,EVENT_RESET,19,2013,0.100,1791460564656386.268	,1791460564656386.368	
1,N/A,EVENT_RESET,19,2014,0.100,1791460564656391.548	,1791460564656391.648	
1,N/A,EVENT_RECORD,19,2015,0.020,1791460564656395.688	,1791460564656395.708	
1,_Z24add_rms_norm_bias_customIfEvPhS0_S0_S0_S0_mmjff,AI_VECTOR_CORE,19,2016,142.280,1791460564656397.748	,1791460564656540.028	
1,N/A,EVENT_RECORD,19,2017,0.020,1791460564656540.048	,1791460564656540.068	
1,N/A,EVENT_RECORD,19,2018,0.000,1791460564656540.228	,1791460564656540.228	
1,N/A,EVENT_RESET,19,2019,0.100,1791460564656604.852	,1791460564656604.952	
1,N/A,EVENT_RESET,19,2020,0.080,1791460564656609.272	,1791460564656609.352	
1,N/A,EVENT_RECORD,19,2021,0.020,1791460564656610.772	,1791460564656610.792	
1,_Z24add_rms_norm_bias_customIfEvPhS0_S0_S0_S0_mmjff,AI_VECTOR_CORE,19,2022,20.020,1791460564656628.952	,1791460564656648.972	
1,N/A,EVENT_RECORD,19,2023,0.020,1791460564656655.912	,1791460564656655.932	
1,N/A,EVENT_RESET,19,2024,0.080,1791460564656724.812	,1791460564656724.892	
1,N/A,EVENT_RESET,19,2025,0.100,1791460564656728.992	,1791460564656729.092	
1,N/A,EVENT_RECORD,19,2026,0.020,1791460564656731.552	,1791460564656731.572	
1,_Z24add_rms_norm_bias_customIfEvPhS0_S0_S0_S0_mmjff,AI_VECTOR_CORE,19,2027,14.820,1791460564656733.392	,1791460564656748.212	
1,N/A,EVENT_RECORD,19,2028,0.020,1791460564656753.512	,1791460564656753.532	
1,N/A,EVENT_RESET,19,2029,0.100,1791460564656851.536	,1791460564656851.636	
1,N/A,EVENT_RESET,19,2030,0.080,1791460564656860.136	,1791460564656860.216	
1,N/A,EVENT_RECORD,19,2031,0.020,1791460564656869.916	,1791460564656869.936	
1,_Z24add_rms_norm_bias_customIfEvPhS0_S0_S0_S0_mmjff,AI_VECTOR_CORE,19,2032,23.400,1791460564656879.476	,1791460564656902.876	
1,N/A,EVENT_RECORD,19,2033,0.000,1791460564656902.916	,1791460564656902.916	
1,_Z24add_rms_norm_bias_customIfEvPhS0_S0_S0_S0_mmjff,AI_VECTOR_CORE,19,2034,6.640,1791460564656999.260	,1791460564657005.900	
1,N/A,EVENT_RESET,19,2035,0.100,1791460564657040.700	,1791460564657040.800	
1,N/A,EVENT_RESET,19,2036,0.100,1791460564657044.000	,1791460564657044.100	
1,N/A,EVENT_RECORD,19,2037,0.000,1791460564657045.720	,1791460564657045.720	
1,_Z24add_rms_norm_bias_customIfEvPhS0_S0_S0_S0_mmjff,AI_VECTOR_CORE,19,2038,5.420,1791460564657067.940	,1791460564657073.360	
1,N/A,EVENT_RECORD,19,2039,0.020,1791460564657073.380	,1791460564657073.400	
1,N/A,EVENT_RESET,19,2040,0.100,1791460564657150.940	,1791460564657151.040	
1,N/A,EVENT_RESET,19,2041,0.100,1791460564657153.920	,1791460564657154.020	
1,N/A,EVENT_RECORD,19,2042,0.020,1791460564657157.800	,1791460564657157.820	
1,_Z24add_rms_norm_bias_customIfEvPhS0_S0_S0_S0_mmjff,AI_VECTOR_CORE,19,2043,5.124,1791460564657168.560	,1791460564657173.684	
1,N/A,EVENT_RECORD,19,2044,0.024,1791460564657178.780	,1791460564657178.804	
1,N/A,EVENT_RESET,19,2045,0.100,1791460564657249.784	,1791460564657249.884	
1,N/A,EVENT_RESET,19,2046,0.100,1791460564657255.004	,1791460564657255.104	
1,N/A,EVENT_RECORD,19,2047,0.020,1791460564657258.764	,1791460564657258.784	
1,_Z24add_rms_norm_bias_customIfEvPhS0_S0_S0_S0_mmjff,AI_VECTOR_CORE,19,2048,4.720,1791460564657280.924	,1791460564657285.644	
1,N/A,EVENT_RECORD,19,2049,0.020,1791460564657286.504	,1791460564657286.524	
1,N/A,EVENT_RESET,19,2050,0.100,1791460564657359.544	,1791460564657359.644	
1,N/A,EVENT_RESET,19,2051,0.100,1791460564657361.624	,1791460564657361.724	
1,N/A,EVENT_RECORD,19,2052,0.020,1791460564657363.904	,1791460564657363.924	
1,_Z24add_rms_norm_bias_customIfEvPhS0_S0_S0_S0_mmjff,AI_VECTOR_CORE,19,2053,3.460,1791460564657382.868	,1791460564657386.328	
1,N/A,EVENT_RECORD,19,2054,0.020,1791460564657397.588	,1791460564657397.608	
1,N/A,EVENT_RESET,19,2055,0.100,1791460564657465.148	,1791460564657465.248	
1,N/A,EVENT_RESET,19,2056,0.080,1791460564657467.288	,1791460564657467.368	
1,N/A,EVENT_RECORD,19,2057,0.020,1791460564657469.048	,1791460564657469.068	
1,_Z24add_rms_norm_bias_customIfEvPhS0_S0_S0_S0_mmjff,AI_VECTOR_CORE,19,2058,3.860,1791460564657486.468	,1791460564657490.328	
1,N/A,EVENT_RECORD,19,2059,0.020,1791460564657520.368	,1791460564657520.388	
1,N/A,EVENT_RESET,19,2060,0.100,1791460564657584.832	,1791460564657584.932	
1,N/A,EVENT_RESET,19,2061,0.080,1791460564657588.392	,1791460564657588.472	
1,N/A,EVENT_RECORD,19,2062,0.020,1791460564657591.032	,1791460564657591.052	
1,_Z24add_rms_norm_bias_customIfEvPhS0_S0_S0_S0_mmjff,AI_VECTOR_CORE,19,2063,4.320,1791460564657607.572	,1791460564657611.892	
1,N/A,EVENT_RECORD,19,2064,0.020,1791460564657620.672	,1791460564657620.692	
1,N/A,EVENT_RESET,19,2065,0.100,1791460564657695.492	,1791460564657695.592	
1,N/A,EVENT_RESET,19,2066,0.080,1791460564657697.672	,1791460564657697.752	
1,N/A,EVENT_RECORD,19,2067,0.020,1791460564657699.792	,1791460564657699.812	
1,_Z24add_rms_norm_bias_customIfEvPhS0_S0_S0_S0_mmjff,AI_VECTOR_CORE,19,2068,3.360,1791460564657709.932	,1791460564657713.292	
1,N/A,EVENT_RECORD,19,2069,0.020,1791460564657722.312	,1791460564657722.332	
1,N/A,EVENT_RESET,19,2070,0.080,1791460564657787.756	,1791460564657787.836	
1,N/A,EVENT_RESET,19,2071,0.100,1791460564657792.736	,1791460564657792.836	
1,N/A,EVENT_RECORD,19,2072,0.020,1791460564657800.256	,1791460564657800.276	
1,_Z24add_rms_norm_bias_customIfEvPhS0_S0_S0_S0_mmjff,AI_VECTOR_CORE,19,2073,23.680,1791460564657815.756	,1791460564657839.436	
1,N/A,EVENT_RECORD,19,2074,0.020,1791460564657839.456	,1791460564657839.476	
1,N/A,EVENT_RESET,19,2075,0.100,1791460564657894.996	,1791460564657895.096	
1,N/A,EVENT_RESET,19,2076,0.100,1791460564657901.256	,1791460564657901.356	
1,N/A,EVENT_RECORD,19,2077,0.020,1791460564657906.296	,1791460564657906.316	
1,_Z24add_rms_norm_bias_customIfEvPhS0_S0_S0_S0_mmjff,AI_VECTOR_CORE,19,2078,9.240,1791460564657918.436	,1791460564657927.676	
1,N/A,EVENT_RECORD,19,2079,0.020,1791460564657933.516	,1791460564657933.536	
1,N/A,EVENT_RESET,19,2080,0.080,1791460564658004.300	,1791460564658004.380	
1,N/A,EVENT_RESET,19,2081,0.100,1791460564658006.320	,1791460564658006.420	
1,N/A,EVENT_RECORD,19,2082,0.020,1791460564658008.540	,1791460564658008.560	
1,_Z24add_rms_norm_bias_customIfEvPhS0_S0_S0_S0_mmjff,AI_VECTOR_CORE,19,2083,5.560,1791460564658023.780	,1791460564658029.340	
1,N/A,EVENT_RECORD,19,2084,0.020,1791460564658038.240	,1791460564658038.260	
1,N/A,EVENT_RESET,19,2085,0.080,1791460564658110.720	,1791460564658110.800	
1,N/A,EVENT_RESET,19,2086,0.080,1791460564658114.680	,1791460564658114.760	
1,N/A,EVENT_RECORD,19,2087,0.020,1791460564658117.140	,1791460564658117.160	
1,_Z24add_rms_norm_bias_customIfEvPhS0_S0_S0_S0_mmjff,AI_VECTOR_CORE,19,2088,5.300,1791460564658161.880	,1791460564658167.180	
1,N/A,EVENT_RECORD,19,2089,0.000,1791460564658191.544	,1791460564658191.544	
1,N/A,EVENT_RESET,19,2090,0.080,1791460564658263.304	,1791460564658263.384	
1,N/A,EVENT_RESET,19,2091,0.100,1791460564658268.104	,1791460564658268.204	
1,N/A,EVENT_RECORD,19,2092,0.020,1791460564658283.944	,1791460564658283.964	
1,_Z24add_rms_norm_bias_customIfEvPhS0_S0_S0_S0_mmjff,AI_VECTOR_CORE,19,2093,4.200,1791460564658295.904	,1791460564658300.104	
1,N/A,EVENT_RECORD,19,2094,0.020,1791460564658314.284	,1791460564658314.304	
1,N/A,EVENT_RESET,19,2095,0.080,1791460564658388.068	,1791460564658388.148	
1,N/A,EVENT_RESET,19,2096,0.100,1791460564658390.148	,1791460564658390.248	
1,N/A,EVENT_RECORD,19,2097,0.020,1791460564658393.448	,1791460564658393.468	
1,_Z24add_rms_norm_bias_customIfEvPhS0_S0_S0_S0_mmjff,AI_VECTOR_CORE,19,2098,3.880,1791460564658408.088	,1791460564658411.968	
1,N/A,EVENT_RECORD,19,2099,0.020,1791460564658424.788	,1791460564658424.808	
1,N/A,EVENT_RESET,19,2100,0.100,1791460564658506.108	,1791460564658506.208	
1,N/A,EVENT_RESET,19,2101,0.100,1791460564658508.668	,1791460564658508.768	
1,N/A,EVENT_RECORD,19,2102,0.020,1791460564658519.628	,1791460564658519.648	
1,_Z24add_rms_norm_bias_customIfEvPhS0_S0_S0_S0_mmjff,AI_VECTOR_CORE,19,2103,49.664,1791460564658533.448	,1791460564658583.112	
1,N/A,EVENT_RECORD,19,2104,0.020,1791460564658583.132	,1791460564658583.152	
1,N/A,EVENT_RESET,19,2105,0.100,1791460564658655.712	,1791460564658655.812	
1,N/A,EVENT_RESET,19,2106,0.100,1791460564658659.412	,1791460564658659.512	
1,N/A,EVENT_RECORD,19,2107,0.020,1791460564658661.312	,1791460564658661.332	
1,_Z24add_rms_norm_bias_customIfEvPhS0_S0_S0_S0_mmjff,AI_VECTOR_CORE,19,2108,4.680,1791460564658682.832	,1791460564658687.512	
1,N/A,EVENT_RECORD,19,2109,0.020,1791460564658696.732	,1791460564658696.752	
1,N/A,EVENT_RESET,19,2110,0.080,1791460564658770.632	,1791460564658770.712	
1,N/A,EVENT_RESET,19,2111,0.096,1791460564658773.676	,1791460564658773.772	
1,N/A,EVENT_RECORD,19,2112,0.024,1791460564658775.972	,1791460564658775.996	
1,_Z24add_rms_norm_bias_customIfEvPhS0_S0_S0_S0_mmjff,AI_VECTOR_CORE,19,2113,679.352,1791460564658794.916	,1791460564659474.268	
1,N/A,EVENT_RECORD,19,2114,0.020,1791460564659474.288	,1791460564659474.308	
1,N/A,EVENT_RECORD,19,2115,0.020,1791460564659474.468	,1791460564659474.488	
1,N/A,EVENT_RESET,19,2116,0.080,1791460564659543.048	,1791460564659543.128	
1,N/A,EVENT_RESET,19,2117,0.100,1791460564659544.868	,1791460564659544.968	
1,N/A,EVENT_RECORD,19,2118,0.020,1791460564659559.708	,1791460564659559.728	
1,_Z24add_rms_norm_bias_customIfEvPhS0_S0_S0_S0_mmjff,AI_VECTOR_CORE,19,2119,7.160,1791460564659570.388	,1791460564659577.548	
1,N/A,EVENT_RECORD,19,2120,0.020,1791460564659589.412	,1791460564659589.432	
1,N/A,EVENT_RESET,19,2121,0.080,1791460564659672.912	,1791460564659672.992	
1,N/A,EVENT_RESET,19,2122,0.100,1791460564659676.932	,1791460564659677.032	
1,N/A,EVENT_RECORD,19,2123,0.020,1791460564659678.872	,1791460564659678.892	
1,_Z24add_rms_norm_bias_customIfEvPhS0_S0_S0_S0_mmjff,AI_VECTOR_CORE,19,2124,5.400,1791460564659712.792	,1791460564659718.192	
1,N/A,EVENT_RECORD,19,2125,0.020,1791460564659732.132	,1791460564659732.152	
1,N/A,EVENT_RESET,19,2126,0.080,1791460564659804.316	,1791460564659804.396	
1,N/A,EVENT_RESET,19,2127,0.100,1791460564659810.696	,1791460564659810.796	
1,N/A,EVENT_RECORD,19,2128,0.020,1791460564659821.296	,1791460564659821.316	
1,_Z24add_rms_norm_bias_customIfEvPhS0_S0_S0_S0_mmjff,AI_VECTOR_CORE,19,2129,6.280,1791460564659838.696	,1791460564659844.976	
1,N/A,EVENT_RECORD,19,2130,0.020,1791460564659857.016	,1791460564659857.036	
1,N/A,EVENT_RESET,19,2131,0.080,1791460564659938.276	,1791460564659938.356	
1,N/A,EVENT_RESET,19,2132,0.080,1791460564659941.356	,1791460564659941.436	
1,N/A,EVENT_RECORD,19,2133,0.020,1791460564659943.416	,1791460564659943.436	
1,_Z24add_rms_norm_bias_customIfEvPhS0_S0_S0_S0_mmjff,AI_VECTOR_CORE,19,2134,4.780,1791460564659958.396	,1791460564659963.176	
1,N/A,EVENT_RECORD,19,2135,0.020,1791460564659983.640	,1791460564659983.660	
1,N/A,EVENT_RESET,19,2136,0.080,1791460564660057.840	,1791460564660057.920	
1,N/A,EVENT_RESET,19,2137,0.100,1791460564660060.100	,1791460564660060.200	
1,N/A,EVENT_RECORD,19,2138,0.020,1791460564660061.980	,1791460564660062.000	
1,_Z24add_rms_norm_bias_customIfEvPhS0_S0_S0_S0_mmjff,AI_VECTOR_CORE,19,2139,3.900,1791460564660081.460	,1791460564660085.360	
1,N/A,EVENT_RECORD,19,2140,0.020,1791460564660097.700	,1791460564660097.720	
1,N/A,EVENT_RESET,19,2141,0.080,1791460564660181.140	,1791460564660181.220	
1,N/A,EVENT_RESET,19,2142,0.100,1791460564660185.124	,1791460564660185.224	
1,N/A,EVENT_RECORD,19,2143,0.020,1791460564660187.244	,1791460564660187.264	
1,_Z24add_rms_norm_bias_customIfEvPhS0_S0_S0_S0_mmjff,AI_VECTOR_CORE,19,2144,4.560,1791460564660206.564	,1791460564660211.124	
1,N/A,EVENT_RECORD,19,2145,0.020,1791460564660223.224	,1791460564660223.244	
1,N/A,EVENT_RESET,19,2146,0.100,1791460564660290.864	,1791460564660290.964	
1,N/A,EVENT_RESET,19,2147,0.100,1791460564660304.664	,1791460564660304.764	
1,N/A,EVENT_RECORD,19,2148,0.000,1791460564660307.504	,1791460564660307.504	
1,_Z24add_rms_norm_bias_customIfEvPhS0_S0_S0_S0_mmjff,AI_VECTOR_CORE,19,2149,8.460,1791460564660323.764	,1791460564660332.224	
1,N/A,EVENT_RECORD,19,2150,0.020,1791460564660342.364	,1791460564660342.384	
1,N/A,EVENT_RESET,19,2151,0.080,1791460564660410.648	,1791460564660410.728	
1,N/A,EVENT_RESET,19,2152,0.080,1791460564660412.648	,1791460564660412.728	
1,N/A,EVENT_RECORD,19,2153,0.020,1791460564660423.368	,1791460564660423.388	
1,_Z24add_rms_norm_bias_customIfEvPhS0_S0_S0_S0_mmjff,AI_VECTOR_CORE,19,2154,6.120,1791460564660443.808	,1791460564660449.928	
1,N/A,EVENT_RECORD,19,2155,0.000,1791460564660462.188	,1791460564660462.188	
1,N/A,EVENT_RESET,19,2156,0.100,1791460564660529.868	,1791460564660529.968	
1,N/A,EVENT_RESET,19,2157,0.080,1791460564660533.048	,1791460564660533.128	
1,N/A,EVENT_RECORD,19,2158,0.020,1791460564660551.688	,1791460564660551.708	
1,_Z24add_rms_norm_bias_customIfEvPhS0_S0_S0_S0_mmjff,AI_VECTOR_CORE,19,2159,4.800,1791460564660553.828	,1791460564660558.628	
1,N/A,EVENT_RECORD,19,2160,0.020,1791460564660570.608	,1791460564660570.628	
1,N/A,EVENT_RESET,19,2161,0.100,1791460564660657.632	,1791460564660657.732	
1,N/A,EVENT_RESET,19,2162,0.080,1791460564660661.252	,1791460564660661.332	
1,N/A,EVENT_RECORD,19,2163,0.020,1791460564660663.432	,1791460564660663.452	
1,_Z24add_rms_norm_bias_customIfEvPhS0_S0_S0_S0_mmjff,AI_VECTOR_CORE,19,2164,7.920,1791460564660675.612	,1791460564660683.532	
1,N/A,EVENT_RECORD,19,2165,0.020,1791460564660696.912	,1791460564660696.932	
1,N/A,EVENT_RESET,19,2166,0.080,1791460564660775.732	,1791460564660775.812	
1,N/A,EVENT_RESET,19,2167,0.104,1791460564660779.252	,1791460564660779.356	
1,N/A,EVENT_RECORD,19,2168,0.020,1791460564660797.276	,1791460564660797.296	
1,_Z24add_rms_norm_bias_customIfEvPhS0_S0_S0_S0_mmjff,AI_VECTOR_CORE,19,2169,12.600,1791460564660809.696	,1791460564660822.296	
1,N/A,EVENT_RECORD,19,2170,0.020,1791460564660830.536	,1791460564660830.556	
1,N/A,EVENT_RESET,19,2171,0.100,1791460564660912.676	,1791460564660912.776	
1,N/A,EVENT_RESET,19,2172,0.100,1791460564660916.016	,1791460564660916.116	
1,N/A,EVENT_RECORD,19,2173,0.020,1791460564660924.836	,1791460564660924.856	
1,_Z24add_rms_norm_bias_customIfEvPhS0_S0_S0_S0_mmjff,AI_VECTOR_CORE,19,2174,7.120,1791460564660942.536	,1791460564660949.656	
1,N/A,EVENT_RECORD,19,2175,0.000,1791460564660950.116	,1791460564660950.116	
1,N/A,EVENT_RESET,19,2176,0.080,1791460564661025.800	,1791460564661025.880	
1,N/A,EVENT_RESET,19,2177,0.100,1791460564661029.660	,1791460564661029.760	
1,N/A,EVENT_RECORD,19,2178,0.020,1791460564661032.460	,1791460564661032.480	
1,_Z24add_rms_norm_bias_customIfEvPhS0_S0_S0_S0_mmjff,AI_VECTOR_CORE,19,2179,5.300,1791460564661050.180	,1791460564661055.480	
1,N/A,EVENT_RECORD,19,2180,0.020,1791460564661068.840	,1791460564661068.860	
1,N/A,EVENT_RESET,19,2181,0.080,1791460564661148.700	,1791460564661148.780	
1,N/A,EVENT_RESET,19,2182,0.100,1791460564661152.300	,1791460564661152.400	
1,N/A,EVENT_RECORD,19,2183,0.020,1791460564661154.580	,1791460564661154.600	
1,_Z24add_rms_norm_bias_customIfEvPhS0_S0_S0_S0_mmjff,AI_VECTOR_CORE,19,2184,70.420,1791460564661180.804	,1791460564661251.224	
1,N/A,EVENT_RECORD,19,2185,0.000,1791460564661251.264	,1791460564661251.264	
1,N/A,EVENT_RECORD,19,2186,0.020,1791460564661251.424	,1791460564661251.444	
1,N/A,EVENT_RESET,19,2187,0.100,1791460564661327.104	,1791460564661327.204	
1,N/A,EVENT_RESET,19,2188,0.100,1791460564661332.704	,1791460564661332.804	
1,N/A,EVENT_RECORD,19,2189,0.020,1791460564661339.464	,1791460564661339.484	
1,_Z24add_rms_norm_bias_customIfEvPhS0_S0_S0_S0_mmjff,AI_VECTOR_CORE,19,2190,21.180,1791460564661349.304	,1791460564661370.484	
1,N/A,EVENT_RECORD,19,2191,0.020,1791460564661370.504	,1791460564661370.524	
1,N/A,EVENT_RESET,19,2192,0.100,1791460564661446.908	,1791460564661447.008	
1,N/A,EVENT_RESET,19,2193,0.080,1791460564661453.368	,1791460564661453.448	
1,N/A,EVENT_RECORD,19,2194,0.020,1791460564661457.168	,1791460564661457.188	
1,_Z24add_rms_norm_bias_customIfEvPhS0_S0_S0_S0_mmjff,AI_VECTOR_CORE,19,2195,51.460,1791460564661480.048	,1791460564661531.508	
1,N/A,EVENT_RECORD,19,2196,0.020,1791460564661531.528	,1791460564661531.548	
1,N/A,EVENT_RECORD,19,2197,0.020,1791460564661536.588	,1791460564661536.608	
1,_Z24add_rms_norm_bias_customIfEvPhS0_S0_S0_S0_mmjff,AI_VECTOR_CORE,19,2198,5.940,1791460564661627.592	,1791460564661633.532	
1,N/A,EVENT_RESET,19,2199,0.080,1791460564661668.912	,1791460564661668.992	
1,N/A,EVENT_RESET,19,2200,0.100,1791460564661681.572	,1791460564661681.672	
1,N/A,EVENT_RECORD,19,2201,0.020,1791460564661683.932	,1791460564661683.952	
1,_Z24add_rms_norm_bias_customIfEvPhS0_S0_S0_S0_mmjff,AI_VECTOR_CORE,19,2202,4.920,1791460564661696.872	,1791460564661701.792	
1,N/A,EVENT_RECORD,19,2203,0.020,1791460564661723.472	,1791460564661723.492	
1,N/A,EVENT_RESET,19,2204,0.100,1791460564661808.656	,1791460564661808.756	
1,N/A,EVENT_RESET,19,2205,0.100,1791460564661812.256	,1791460564661812.356	
1,N/A,EVENT_RECORD,19,2206,0.020,1791460564661814.096	,1791460564661814.116	
1,_Z24add_rms_norm_bias_customIfEvPhS0_S0_S0_S0_mmjff,AI_VECTOR_CORE,19,2207,75.000,1791460564661832.796	,1791460564661907.796	
1,N/A,EVENT_RECORD,19,2208,0.020,1791460564661907.816	,1791460564661907.836	
1,N/A,EVENT_RECORD,19,2209,0.000,1791460564661907.996	,1791460564661907.996	
1,N/A,EVENT_RESET,19,2210,0.104,1791460564661983.436	,1791460564661983.540	
1,N/A,EVENT_RESET,19,2211,0.100,1791460564661990.340	,1791460564661990.440	
1,N/A,EVENT_RECORD,19,2212,0.020,1791460564662006.000	,1791460564662006.020	
1,_Z24add_rms_norm_bias_customIfEvPhS0_S0_S0_S0_mmjff,AI_VECTOR_CORE,19,2213,47.580,1791460564662014.880	,1791460564662062.460	
1,N/A,EVENT_RECORD,19,2214,0.020,1791460564662062.480	,1791460564662062.500	
1,N/A,EVENT_RESET,19,2215,0.080,1791460564662123.200	,1791460564662123.280	
1,N/A,EVENT_RESET,19,2216,0.100,1791460564662125.420	,1791460564662125.520	
1,N/A,EVENT_RECORD,19,2217,0.020,1791460564662128.680	,1791460564662128.700	
1,_Z24add_rms_norm_bias_customIfEvPhS0_S0_S0_S0_mmjff,AI_VECTOR_CORE,19,2218,4.960,1791460564662142.760	,1791460564662147.720	
1,N/A,EVENT_RECORD,19,2219,0.020,1791460564662171.220	,1791460564662171.240	
1,N/A,EVENT_RESET,19,2220,0.080,1791460564662241.724	,1791460564662241.804	
1,N/A,EVENT_RESET,19,2221,0.080,1791460564662244.064	,1791460564662244.144	
1,N/A,EVENT_RECORD,19,2222,0.000,1791460564662254.684	,1791460564662254.684	
1,_Z24add_rms_norm_bias_customIfEvPhS0_S0_S0_S0_mmjff,AI_VECTOR_CORE,19,2223,4.860,1791460564662265.644	,1791460564662270.504	
1,N/A,EVENT_RECORD,19,2224,0.020,1791460564662284.004	,1791460564662284.024	
1,N/A,EVENT_RESET,19,2225,0.080,1791460564662364.744	,1791460564662364.824	
1,N/A,EVENT_RESET,19,2226,0.080,1791460564662368.284	,1791460564662368.364	
1,N/A,EVENT_RECORD,19,2227,0.020,1791460564662370.064	,1791460564662370.084	
1,_Z24add_rms_norm_bias_customIfEvPhS0_S0_S0_S0_mmjff,AI_VECTOR_CORE,19,2228,4.580,1791460564662388.368	,1791460564662392.948	
1,N/A,EVENT_RECORD,19,2229,0.020,1791460564662405.388	,1791460564662405.408	
1,N/A,EVENT_RESET,19,2230,0.080,1791460564662484.168	,1791460564662484.248	
1,N/A,EVENT_RESET,19,2231,0.100,1791460564662486.788	,1791460564662486.888	
1,N/A,EVENT_RECORD,19,2232,0.020,1791460564662493.508	,1791460564662493.528	
1,_Z24add_rms_norm_bias_customIfEvPhS0_S0_S0_S0_mmjff,AI_VECTOR_CORE,19,2233,66.420,1791460564662508.248	,1791460564662574.668	
1,N/A,EVENT_RECORD,19,2234,0.020,1791460564662574.688	,1791460564662574.708	
1,N/A,EVENT_RECORD,19,2235,0.016,1791460564662583.252	,1791460564662583.268	
1,N/A,EVENT_RESET,19,2236,0.100,1791460564662648.712	,1791460564662648.812	
1,N/A,EVENT_RESET,19,2237,0.100,1791460564662651.712	,1791460564662651.812	
1,N/A,EVENT_RECORD,19,2238,0.020,1791460564662653.892	,1791460564662653.912	
1,_Z24add_rms_norm_bias_customIfEvPhS0_S0_S0_S0_mmjff,AI_VECTOR_CORE,19,2239,4.600,1791460564662668.152	,1791460564662672.752	
1,N/A,EVENT_RECORD,19,2240,0.020,1791460564662688.132	,1791460564662688.152	
1,N/A,EVENT_RESET,19,2241,0.104,1791460564662778.052	,1791460564662778.156	
1,N/A,EVENT_RESET,19,2242,0.104,1791460564662784.212	,1791460564662784.316	
1,N/A,EVENT_RECORD,19,2243,0.020,1791460564662788.536	,1791460564662788.556	
1,_Z24add_rms_norm_bias_customIfEvPhS0_S0_S0_S0_mmjff,AI_VECTOR_CORE,19,2244,431.888,1791460564662804.776	,1791460564663236.664	
1,N/A,EVENT_RECORD,19,2245,0.020,1791460564663236.684	,1791460564663236.704	
1,N/A,EVENT_RECORD,19,2246,0.000,1791460564663236.864	,1791460564663236.864	
1,N/A,EVENT_RESET,19,2247,0.100,1791460564663305.984	,1791460564663306.084	
1,N/A,EVENT_RESET,19,2248,0.080,1791460564663310.364	,1791460564663310.444	
1,N/A,EVENT_RECORD,19,2249,0.020,1791460564663318.344	,1791460564663318.364	
1,_Z24add_rms_norm_bias_customIfEvPhS0_S0_S0_S0_mmjff,AI_VECTOR_CORE,19,2250,6.160,1791460564663332.664	,1791460564663338.824	
1,N/A,EVENT_RECORD,19,2251,0.020,1791460564663350.944	,1791460564663350.964	
1,N/A,EVENT_RESET,19,2252,0.080,1791460564663427.628	,1791460564663427.708	
1,N/A,EVENT_RESET,19,2253,0.100,1791460564663429.788	,1791460564663429.888	
1,N/A,EVENT_RECORD,19,2254,0.020,1791460564663437.448	,1791460564663437.468	
1,_Z24add_rms_norm_bias_customIfEvPhS0_S0_S0_S0_mmjff,AI_VECTOR_CORE,19,2255,4.900,1791460564663448.928	,1791460564663453.828	
1,N/A,EVENT_RECORD,19,2256,0.020,1791460564663467.028	,1791460564663467.048	
1,N/A,EVENT_RESET,19,2257,0.100,1791460564663550.828	,1791460564663550.928	
1,N/A,EVENT_RESET,19,2258,0.080,1791460564663553.248	,1791460564663553.328	
1,N/A,EVENT_RECORD,19,2259,0.020,1791460564663554.948	,1791460564663554.968	
1,_Z24add_rms_norm_bias_customIfEvPhS0_S0_S0_S0_mmjff,AI_VECTOR_CORE,19,2260,70.884,1791460564663575.948	,1791460564663646.832	
1,N/A,EVENT_RECORD,19,2261,0.020,1791460564663646.872	,1791460564663646.892	
1,N/A,EVENT_RECORD,19,2262,0.020,1791460564663647.512	,1791460564663647.532	
1,N/A,EVENT_RESET,19,2263,0.100,1791460564663737.652	,1791460564663737.752	
1,N/A,EVENT_RESET,19,2264,0.100,1791460564663742.272	,1791460564663742.372	
1,N/A,EVENT_RECORD,19,2265,0.020,1791460564663746.692	,1791460564663746.712	
1,_Z24add_rms_norm_bias_customIfEvPhS0_S0_S0_S0_mmjff,AI_VECTOR_CORE,19,2266,508.532,1791460564663762.252	,1791460564664270.784	
1,N/A,EVENT_RECORD,19,2267,0.020,1791460564664270.804	,1791460564664270.824	
1,N/A,EVENT_RECORD,19,2268,0.020,1791460564664270.984	,1791460564664271.004	
1,N/A,EVENT_RESET,19,2269,0.080,1791460564664349.424	,1791460564664349.504	
1,N/A,EVENT_RESET,19,2270,0.100,1791460564664354.044	,1791460564664354.144	
1,N/A,EVENT_RECORD,19,2271,0.000,1791460564664356.724	,1791460564664356.724	
1,_Z24add_rms_norm_bias_customIfEvPhS0_S0_S0_S0_mmjff,AI_VECTOR_CORE,19,2272,50.544,1791460564664370.644	,1791460564664421.188	
1,N/A,EVENT_RECORD,19,2273,0.020,1791460564664421.208	,1791460564664421.228	
1,N/A,EVENT_RESET,19,2274,0.100,1791460564664489.188	,1791460564664489.288	
1,N/A,EVENT_RESET,19,2275,0.100,1791460564664491.628	,1791460564664491.728	
1,N/A,EVENT_RECORD,19,2276,0.000,1791460564664510.108	,1791460564664510.108	
1,_Z24add_rms_norm_bias_customIfEvPhS0_S0_S0_S0_mmjff,AI_VECTOR_CORE,19,2277,7.720,1791460564664512.288	,1791460564664520.008	
1,N/A,EVENT_RECORD,19,2278,0.020,1791460564664539.648	,1791460564664539.668	
1,N/A,EVENT_RESET,19,2279,0.080,1791460564664608.452	,1791460564664608.532	
1,N/A,EVENT_RESET,19,2280,0.080,1791460564664611.772	,1791460564664611.852	
1,N/A,EVENT_RECORD,19,2281,0.020,1791460564664614.692	,1791460564664614.712	
1,_Z24add_rms_norm_bias_customIfEvPhS0_S0_S0_S0_mmjff,AI_VECTOR_CORE,19,2282,3.640,1791460564664626.732	,1791460564664630.372	
1,N/A,EVENT_RECORD,19,2283,0.020,1791460564664644.752	,1791460564664644.772	
1,N/A,EVENT_RESET,19,2284,0.100,1791460564664728.452	,1791460564664728.552	
1,N/A,EVENT_RESET,19,2285,0.100,1791460564664732.072	,1791460564664732.172	
1,N/A,EVENT_RECORD,19,2286,0.020,1791460564664735.612	,1791460564664735.632	
1,_Z24add_rms_norm_bias_customIfEvPhS0_S0_S0_S0_mmjff,AI_VECTOR_CORE,19,2287,8.100,1791460564664748.232	,1791460564664756.332	
1,N/A,EVENT_RECORD,19,2288,0.020,1791460564664766.432	,1791460564664766.452	
1,N/A,EVENT_RESET,19,2289,0.100,1791460564664850.336	,1791460564664850.436	
1,N/A,EVENT_RESET,19,2290,0.100,1791460564664859.916	,1791460564664860.016	
1,N/A,EVENT_RECORD,19,2291,0.020,1791460564664865.536	,1791460564664865.556	
1,_Z24add_rms_norm_bias_customIfEvPhS0_S0_S0_S0_mmjff,AI_VECTOR_CORE,19,2292,6.820,1791460564664871.736	,1791460564664878.556	
1,N/A,EVENT_RECORD,19,2293,0.020,1791460564664887.316	,1791460564664887.336	
1,N/A,EVENT_RESET,19,2294,0.080,1791460564664966.356	,1791460564664966.436	
1,N/A,EVENT_RESET,19,2295,0.080,1791460564664968.196	,1791460564664968.276	
1,N/A,EVENT_RECORD,19,2296,0.020,1791460564664971.876	,1791460564664971.896	
1,_Z24add_rms_norm_bias_customIfEvPhS0_S0_S0_S0_mmjff,AI_VECTOR_CORE,19,2297,15.804,1791460564664985.636	,1791460564665001.440	
1,N/A,EVENT_RECORD,19,2298,0.020,1791460564665017.240	,1791460564665017.260	
1,N/A,EVENT_RESET,19,2299,0.100,1791460564665075.540	,1791460564665075.640	
1,N/A,EVENT_RESET,19,2300,0.100,1791460564665087.960	,1791460564665088.060	
1,N/A,EVENT_RECORD,19,2301,0.020,1791460564665090.560	,1791460564665090.580	
1,_Z24add_rms_norm_bias_customIfEvPhS0_S0_S0_S0_mmjff,AI_VECTOR_CORE,19,2302,4.500,1791460564665107.760	,1791460564665112.260	
1,N/A,EVENT_RECORD,19,2303,0.020,1791460564665130.900	,1791460564665130.920	
1,N/A,EVENT_RESET,19,2304,0.100,1791460564665197.864	,1791460564665197.964	
1,N/A,EVENT_RESET,19,2305,0.080,1791460564665211.724	,1791460564665211.804	
1,N/A,EVENT_RECORD,19,2306,0.000,1791460564665214.784	,1791460564665214.784	
1,_Z24add_rms_norm_bias_customIfEvPhS0_S0_S0_S0_mmjff,AI_VECTOR_CORE,19,2307,6.020,1791460564665231.824	,1791460564665237.844	
1,N/A,EVENT_RECORD,19,2308,0.000,1791460564665252.044	,1791460564665252.044	
1,N/A,EVENT_RESET,19,2309,0.080,1791460564665323.624	,1791460564665323.704	
1,N/A,EVENT_RESET,19,2310,0.100,1791460564665339.264	,1791460564665339.364	
1,N/A,EVENT_RECORD,19,2311,0.020,1791460564665343.144	,1791460564665343.164	
1,_Z24add_rms_norm_bias_customIfEvPhS0_S0_S0_S0_mmjff,AI_VECTOR_CORE,19,2312,3.940,1791460564665352.604	,1791460564665356.544	
1,N/A,EVENT_RECORD,19,2313,0.020,1791460564665378.464	,1791460564665378.484	
1,N/A,EVENT_RESET,19,2314,0.100,1791460564665453.728	,1791460564665453.828	
1,N/A,EVENT_RESET,19,2315,0.080,1791460564665456.648	,1791460564665456.728	
1,N/A,EVENT_RECORD,19,2316,0.020,1791460564665458.828	,1791460564665458.848	
1,_Z24add_rms_norm_bias_customIfEvPhS0_S0_S0_S0_mmjff,AI_VECTOR_CORE,19,2317,3.740,1791460564665476.288	,1791460564665480.028	
1,N/A,EVENT_RECORD,19,2318,0.020,1791460564665495.388	,1791460564665495.408	
1,N/A,EVENT_RESET,19,2319,0.080,1791460564665570.908	,1791460564665570.988	
1,N/A,EVENT_RESET,19,2320,0.100,1791460564665574.568	,1791460564665574.668	
1,N/A,EVENT_RECORD,19,2321,0.016,1791460564665581.092	,1791460564665581.108	
1,_Z24add_rms_norm_bias_customIfEvPhS0_S0_S0_S0_mmjff,AI_VECTOR_CORE,19,2322,126.640,1791460564665597.192	,1791460564665723.832	
1,N/A,EVENT_RECORD,19,2323,0.020,1791460564665723.852	,1791460564665723.872	
1,N/A,EVENT_RECORD,19,2324,0.000,1791460564665724.032	,1791460564665724.032	
1,N/A,EVENT_RESET,19,2325,0.100,1791460564665812.896	,1791460564665812.996	
1,N/A,EVENT_RESET,19,2326,0.100,1791460564665816.136	,1791460564665816.236	
1,N/A,EVENT_RECORD,19,2327,0.020,1791460564665818.336	,1791460564665818.356	
1,_Z24add_rms_norm_bias_customIfEvPhS0_S0_S0_S0_mmjff,AI_VECTOR_CORE,19,2328,4.560,1791460564665837.216	,1791460564665841.776	
1,N/A,EVENT_RECORD,19,2329,0.020,1791460564665855.256	,1791460564665855.276	
1,N/A,EVENT_RESET,19,2330,0.100,1791460564665928.596	,1791460564665928.696	
1,N/A,EVENT_RESET,19,2331,0.100,1791460564665932.536	,1791460564665932.636	
1,N/A,EVENT_RECORD,19,2332,0.020,1791460564665938.176	,1791460564665938.196	
1,_Z24add_rms_norm_bias_customIfEvPhS0_S0_S0_S0_mmjff,AI_VECTOR_CORE,19,2333,9.220,1791460564665955.376	,1791460564665964.596	
1,N/A,EVENT_RECORD,19,2334,0.020,1791460564665971.436	,1791460564665971.456	
1,N/A,EVENT_RESET,19,2335,0.100,1791460564666055.700	,1791460564666055.800	
1,N/A,EVENT_RESET,19,2336,0.100,1791460564666059.100	,1791460564666059.200	
1,N/A,EVENT_RECORD,19,2337,0.020,1791460564666061.460	,1791460564666061.480	
1,_Z24add_rms_norm_bias_customIfEvPhS0_S0_S0_S0_mmjff,AI_VECTOR_CORE,19,2338,5.080,1791460564666079.060	,1791460564666084.140	
1,N/A,EVENT_RECORD,19,2339,0.000,1791460564666095.860	,1791460564666095.860	
1,N/A,EVENT_RESET,19,2340,0.080,1791460564666216.804	,1791460564666216.884	
1,N/A,EVENT_RESET,19,2341,0.080,1791460564666218.784	,1791460564666218.864	
1,N/A,EVENT_RECORD,19,2342,0.020,1791460564666221.524	,1791460564666221.544	
1,_Z24add_rms_norm_bias_customIfEvPhS0_S0_S0_S0_mmjff,AI_VECTOR_CORE,19,2343,31.240,1791460564666240.464	,1791460564666271.704	
1,N/A,EVENT_RECORD,19,2344,0.000,1791460564666271.744	,1791460564666271.744	
1,N/A,EVENT_RESET,19,2345,0.080,1791460564666336.984	,1791460564666337.064	
1,N/A,EVENT_RESET,19,2346,0.080,1791460564666339.324	,1791460564666339.404	
1,N/A,EVENT_RECORD,19,2347,0.020,1791460564666344.644	,1791460564666344.664	
1,_Z24add_rms_norm_bias_customIfEvPhS0_S0_S0_S0_mmjff,AI_VECTOR_CORE,19,2348,8.084,1791460564666377.664	,1791460564666385.748	
1,N/A,EVENT_RECORD,19,2349,0.024,1791460564666385.764	,1791460564666385.788	
1,N/A,EVENT_RESET,19,2350,0.100,1791460564666460.828	,1791460564666460.928	
1,N/A,EVENT_RESET,19,2351,0.100,1791460564666464.688	,1791460564666464.788	
1,N/A,EVENT_RECORD,19,2352,0.000,1791460564666475.968	,1791460564666475.968	
1,_Z24add_rms_norm_bias_customIfEvPhS0_S0_S0_S0_mmjff,AI_VECTOR_CORE,19,2353,5.080,1791460564666493.748	,1791460564666498.828	
1,N/A,EVENT_RECORD,19,2354,0.020,1791460564666501.428	,1791460564666501.448	
1,N/A,EVENT_RESET,19,2355,0.100,1791460564666588.412	,1791460564666588.512	
1,N/A,EVENT_RESET,19,2356,0.080,1791460564666592.512	,1791460564666592.592	
1,N/A,EVENT_RECORD,19,2357,0.020,1791460564666596.232	,1791460564666596.252	
1,_Z24add_rms_norm_bias_customIfEvPhS0_S0_S0_S0_mmjff,AI_VECTOR_CORE,19,2358,5.500,1791460564666613.252	,1791460564666618.752	
1,N/A,EVENT_RECORD,19,2359,0.020,1791460564666634.292	,1791460564666634.312	
1,N/A,EVENT_RESET,19,2360,0.080,1791460564666708.812	,1791460564666708.892	
1,N/A,EVENT_RESET,19,2361,0.100,1791460564666711.892	,1791460564666711.992	
1,N/A,EVENT_RECORD,19,2362,0.020,1791460564666714.132	,1791460564666714.152	
1,_Z24add_rms_norm_bias_customIfEvPhS0_S0_S0_S0_mmjff,AI_VECTOR_CORE,19,2363,4.040,1791460564666732.672	,1791460564666736.712	
1,N/A,EVENT_RECORD,19,2364,0.000,1791460564666750.952	,1791460564666750.952	
1,_Z24add_rms_norm_bias_customIfEvPhS0_S0_S0_S0_mmjff,AI_VECTOR_CORE,19,2365,6.140,1791460564666852.116	,1791460564666858.256	
1,N/A,EVENT_RESET,19,2366,0.080,1791460564666901.256	,1791460564666901.336	
1,N/A,EVENT_RESET,19,2367,0.080,1791460564666908.836	,1791460564666908.916	
1,N/A,EVENT_RECORD,19,2368,0.020,1791460564666913.836	,1791460564666913.856	
1,_Z24add_rms_norm_bias_customIfEvPhS0_S0_S0_S0_mmjff,AI_VECTOR_CORE,19,2369,602.072,1791460564666921.576	,1791460564667523.648	
1,N/A,EVENT_RECORD,19,2370,0.000,1791460564667523.688	,1791460564667523.688	
1,N/A,EVENT_RECORD,19,2371,0.020,1791460564667523.848	,1791460564667523.868	
1,N/A,EVENT_RESET,19,2372,0.100,1791460564667598.192	,1791460564667598.292	
1,N/A,EVENT_RESET,19,2373,0.100,1791460564667600.072	,1791460564667600.172	
1,N/A,EVENT_RECORD,19,2374,0.000,1791460564667606.712	,1791460564667606.712	
1,_Z24add_rms_norm_bias_customIfEvPhS0_S0_S0_S0_mmjff,AI_VECTOR_CORE,19,2375,27.500,1791460564667625.692	,1791460564667653.192	
1,N/A,EVENT_RECORD,19,2376,0.020,1791460564667653.212	,1791460564667653.232	
1,N/A,EVENT_RESET,19,2377,0.100,1791460564667755.252	,1791460564667755.352	
1,N/A,EVENT_RESET,19,2378,0.100,1791460564667758.992	,1791460564667759.092	
1,N/A,EVENT_RECORD,19,2379,0.020,1791460564667762.932	,1791460564667762.952	
1,_Z24add_rms_norm_bias_customIfEvPhS0_S0_S0_S0_mmjff,AI_VECTOR_CORE,19,2380,7.880,1791460564667780.252	,1791460564667788.132	
1,N/A,EVENT_RECORD,19,2381,0.020,1791460564667801.176	,1791460564667801.196	
1,N/A,EVENT_RESET,19,2382,0.080,1791460564667878.196	,1791460564667878.276	
1,N/A,EVENT_RESET,19,2383,0.080,1791460564667881.256	,1791460564667881.336	
1,N/A,EVENT_RECORD,19,2384,0.020,1791460564667885.896	,1791460564667885.916	
1,_Z24add_rms_norm_bias_customIfEvPhS0_S0_S0_S0_mmjff,AI_VECTOR_CORE,19,2385,7.720,1791460564667908.376	,1791460564667916.096	
1,N/A,EVENT_RECORD,19,2386,0.020,1791460564667928.636	,1791460564667928.656	
1,N/A,EVENT_RESET,19,2387,0.100,1791460564668033.920	,1791460564668034.020	
1,N/A,EVENT_RESET,19,2388,0.100,1791460564668038.260	,1791460564668038.360	
1,N/A,EVENT_RECORD,19,2389,0.000,1791460564668041.260	,1791460564668041.260	
1,_Z24add_rms_norm_bias_customIfEvPhS0_S0_S0_S0_mmjff,AI_VECTOR_CORE,19,2390,5.600,1791460564668062.600	,1791460564668068.200	
1,N/A,EVENT_RECORD,19,2391,0.020,1791460564668068.220	,1791460564668068.240	
1,N/A,EVENT_RESET,19,2392,0.100,1791460564668153.600	,1791460564668153.700	
1,N/A,EVENT_RESET,19,2393,0.100,1791460564668158.920	,1791460564668159.020	
1,N/A,EVENT_RECORD,19,2394,0.020,1791460564668161.720	,1791460564668161.740	
1,_Z24add_rms_norm_bias_customIfEvPhS0_S0_S0_S0_mmjff,AI_VECTOR_CORE,19,2395,6.200,1791460564668176.640	,1791460564668182.840	
1,N/A,EVENT_RECORD,19,2396,0.020,1791460564668191.924	,1791460564668191.944	
1,N/A,EVENT_RESET,19,2397,0.080,1791460564668270.444	,1791460564668270.524	
1,N/A,EVENT_RESET,19,2398,0.100,1791460564668276.384	,1791460564668276.484	
1,N/A,EVENT_RECORD,19,2399,0.020,1791460564668279.984	,1791460564668280.004	
1,_Z24add_rms_norm_bias_customIfEvPhS0_S0_S0_S0_mmjff,AI_VECTOR_CORE,19,2400,5.660,1791460564668304.644	,1791460564668310.304	
1,N/A,EVENT_RECORD,19,2401,0.000,1791460564668310.464	,1791460564668310.464	
1,N/A,EVENT_RESET,19,2402,0.080,1791460564668410.708	,1791460564668410.788	
1,N/A,EVENT_RESET,19,2403,0.080,1791460564668415.188	,1791460564668415.268	
1,N/A,EVENT_RECORD,19,2404,0.020,1791460564668421.668	,1791460564668421.688	
1,_Z24add_rms_norm_bias_customIfEvPhS0_S0_S0_S0_mmjff,AI_VECTOR_CORE,19,2405,14.900,1791460564668434.568	,1791460564668449.468	
1,N/A,EVENT_RECORD,19,2406,0.020,1791460564668449.488	,1791460564668449.508	
1,N/A,EVENT_RESET,19,2407,0.100,1791460564668533.308	,1791460564668533.408	
1,N/A,EVENT_RESET,19,2408,0.080,1791460564668539.068	,1791460564668539.148	
1,N/A,EVENT_RECORD,19,2409,0.020,1791460564668546.408	,1791460564668546.428	
1,_Z24add_rms_norm_bias_customIfEvPhS0_S0_S0_S0_mmjff,AI_VECTOR_CORE,19,2410,33.844,1791460564668559.208	,1791460564668593.052	
1,N/A,EVENT_RECORD,19,2411,0.020,1791460564668593.072	,1791460564668593.092	
1,N/A,EVENT_RESET,19,2412,0.100,1791460564668670.872	,1791460564668670.972	
1,N/A,EVENT_RESET,19,2413,0.100,1791460564668675.232	,1791460564668675.332	
1,N/A,EVENT_RECORD,19,2414,0.020,1791460564668681.192	,1791460564668681.212	
1,_Z24add_rms_norm_bias_customIfEvPhS0_S0_S0_S0_mmjff,AI_VECTOR_CORE,19,2415,29.040,1791460564668696.812	,1791460564668725.852	
1,N/A,EVENT_RECORD,19,2416,0.020,1791460564668725.872	,1791460564668725.892	
1,N/A,EVENT_RESET,19,2417,0.080,1791460564668803.796	,1791460564668803.876	
1,N/A,EVENT_RESET,19,2418,0.100,1791460564668807.456	,1791460564668807.556	
1,N/A,EVENT_RECORD,19,2419,0.020,1791460564668813.396	,1791460564668813.416	
1,_Z24add_rms_norm_bias_customIfEvPhS0_S0_S0_S0_mmjff,AI_VECTOR_CORE,19,2420,6.720,1791460564668831.516	,1791460564668838.236	
1,N/A,EVENT_RECORD,19,2421,0.020,1791460564668853.856	,1791460564668853.876	
1,N/A,EVENT_RESET,19,2422,0.100,1791460564668920.916	,1791460564668921.016	
1,N/A,EVENT_RESET,19,2423,0.080,1791460564668924.616	,1791460564668924.696	
1,N/A,EVENT_RECORD,19,2424,0.020,1791460564668935.776	,1791460564668935.796	
1,_Z24add_rms_norm_bias_customIfEvPhS0_S0_S0_S0_mmjff,AI_VECTOR_CORE,19,2425,6.940,1791460564668950.296	,1791460564668957.236	
1,N/A,EVENT_RECORD,19,2426,0.020,1791460564668972.076	,1791460564668972.096	
1,N/A,EVENT_RESET,19,2427,0.100,1791460564669037.240	,1791460564669037.340	
1,N/A,EVENT_RESET,19,2428,0.080,1791460564669041.240	,1791460564669041.320	
1,N/A,EVENT_RECORD,19,2429,0.020,1791460564669052.940	,1791460564669052.960	
1,_Z24add_rms_norm_bias_customIfEvPhS0_S0_S0_S0_mmjff,AI_VECTOR_CORE,19,2430,4.820,1791460564669067.280	,1791460564669072.100	
1,N/A,EVENT_RECORD,19,2431,0.020,1791460564669085.820	,1791460564669085.840	
1,N/A,EVENT_RESET,19,2432,0.100,1791460564669172.840	,1791460564669172.940	
1,N/A,EVENT_RESET,19,2433,0.080,1791460564669175.720	,1791460564669175.800	
1,N/A,EVENT_RECORD,19,2434,0.020,1791460564669177.900	,1791460564669177.920	
1,_Z24add_rms_norm_bias_customIfEvPhS0_S0_S0_S0_mmjff,AI_VECTOR_CORE,19,2435,6.440,1791460564669197.404	,1791460564669203.844	
1,N/A,EVENT_RECORD,19,2436,0.020,1791460564669210.924	,1791460564669210.944	
1,N/A,EVENT_RESET,19,2437,0.100,1791460564669300.724	,1791460564669300.824	
1,N/A,EVENT_RESET,19,2438,0.080,1791460564669304.684	,1791460564669304.764	
1,N/A,EVENT_RECORD,19,2439,0.020,1791460564669308.304	,1791460564669308.324	
1,_Z24add_rms_norm_bias_customIfEvPhS0_S0_S0_S0_mmjff,AI_VECTOR_CORE,19,2440,8.040,1791460564669312.144	,1791460564669320.184	
1,N/A,EVENT_RECORD,19,2441,0.020,1791460564669335.364	,1791460564669335.384	
1,N/A,EVENT_RESET,19,2442,0.100,1791460564669406.808	,1791460564669406.908	
1,N/A,EVENT_RESET,19,2443,0.080,1791460564669410.408	,1791460564669410.488	
1,N/A,EVENT_RECORD,19,2444,0.020,1791460564669419.948	,1791460564669419.968	
1,_Z24add_rms_norm_bias_customIfEvPhS0_S0_S0_S0_mmjff,AI_VECTOR_CORE,19,2445,5.140,1791460564669435.768	,1791460564669440.908	
1,N/A,EVENT_RECORD,19,2446,0.020,1791460564669450.868	,1791460564669450.888	
1,N/A,EVENT_RESET,19,2447,0.080,1791460564669531.588	,1791460564669531.668	
1,N/A,EVENT_RESET,19,2448,0.100,1791460564669534.508	,1791460564669534.608	
1,N/A,EVENT_RECORD,19,2449,0.020,1791460564669543.708	,1791460564669543.728	
1,_Z24add_rms_norm_bias_customIfEvPhS0_S0_S0_S0_mmjff,AI_VECTOR_CORE,19,2450,6.560,1791460564669565.048	,1791460564669571.608	
1,N/A,EVENT_RECORD,19,2451,0.020,1791460564669583.828	,1791460564669583.848	
1,N/A,EVENT_RESET,19,2452,0.100,1791460564669661.372	,1791460564669661.472	
1,N/A,EVENT_RESET,19,2453,0.100,1791460564669664.092	,1791460564669664.192	
1,N/A,EVENT_RECORD,19,2454,0.020,1791460564669686.292	,1791460564669686.312	
1,_Z24add_rms_norm_bias_customIfEvPhS0_S0_S0_S0_mmjff,AI_VECTOR_CORE,19,2455,52.920,1791460564669688.812	,1791460564669741.732	
1,N/A,EVENT_RECORD,19,2456,0.020,1791460564669741.752	,1791460564669741.772	
1,N/A,EVENT_RESET,19,2457,0.080,1791460564669805.656	,1791460564669805.736	
1,N/A,EVENT_RESET,19,2458,0.100,1791460564669810.216	,1791460564669810.316	
1,N/A,EVENT_RECORD,19,2459,0.020,1791460564669817.596	,1791460564669817.616	
1,_Z24add_rms_norm_bias_customIfEvPhS0_S0_S0_S0_mmjff,AI_VECTOR_CORE,19,2460,9.020,1791460564669833.216	,1791460564669842.236	
1,N/A,EVENT_RECORD,19,2461,0.020,1791460564669855.216	,1791460564669855.236	
1,N/A,EVENT_RESET,19,2462,0.100,1791460564669920.616	,1791460564669920.716	
1,N/A,EVENT_RESET,19,2463,0.080,1791460564669924.156	,1791460564669924.236	
1,N/A,EVENT_RECORD,19,2464,0.020,1791460564669934.936	,1791460564669934.956	
1,_Z24add_rms_norm_bias_customIfEvPhS0_S0_S0_S0_mmjff,AI_VECTOR_CORE,19,2465,41.524,1791460564669960.916	,1791460564670002.440	
1,N/A,EVENT_RECORD,19,2466,0.020,1791460564670002.460	,1791460564670002.480	
1,N/A,EVENT_RESET,19,2467,0.080,1791460564670066.260	,1791460564670066.340	
1,N/A,EVENT_RESET,19,2468,0.100,1791460564670072.080	,1791460564670072.180	
1,N/A,EVENT_RECORD,19,2469,0.020,1791460564670089.540	,1791460564670089.560	
1,_Z24add_rms_norm_bias_customIfEvPhS0_S0_S0_S0_mmjff,AI_VECTOR_CORE,19,2470,6.540,1791460564670105.120	,1791460564670111.660	
1,N/A,EVENT_RECORD,19,2471,0.020,1791460564670121.440	,1791460564670121.460	
1,N/A,EVENT_RESET,19,2472,0.096,1791460564670189.804	,1791460564670189.900	
1,N/A,EVENT_RESET,19,2473,0.100,1791460564670194.664	,1791460564670194.764	
1,N/A,EVENT_RECORD,19,2474,0.020,1791460564670207.244	,1791460564670207.264	
1,_Z24add_rms_norm_bias_customIfEvPhS0_S0_S0_S0_mmjff,AI_VECTOR_CORE,19,2475,10.780,1791460564670225.684	,1791460564670236.464	
1,N/A,EVENT_RECORD,19,2476,0.020,1791460564670236.484	,1791460564670236.504	
1,N/A,EVENT_RESET,19,2477,0.100,1791460564670320.444	,1791460564670320.544	
1,N/A,EVENT_RESET,19,2478,0.080,1791460564670327.364	,1791460564670327.444	
1,N/A,EVENT_RECORD,19,2479,0.020,1791460564670330.264	,1791460564670330.284	
1,_Z24add_rms_norm_bias_customIfEvPhS0_S0_S0_S0_mmjff,AI_VECTOR_CORE,19,2480,6.820,1791460564670339.644	,1791460564670346.464	
1,N/A,EVENT_RECORD,19,2481,0.020,1791460564670353.444	,1791460564670353.464	
1,N/A,EVENT_RESET,19,2482,0.080,1791460564670444.708	,1791460564670444.788	
1,N/A,EVENT_RESET,19,2483,0.080,1791460564670447.748	,1791460564670447.828	
1,N/A,EVENT_RECORD,19,2484,0.020,1791460564670451.568	,1791460564670451.588	
1,_Z24add_rms_norm_bias_customIfEvPhS0_S0_S0_S0_mmjff,AI_VECTOR_CORE,19,2485,33.020,1791460564670460.308	,1791460564670493.328	
1,N/A,EVENT_RECORD,19,2486,0.000,1791460564670493.368	,1791460564670493.368	
1,N/A,EVENT_RESET,19,2487,0.100,1791460564670563.548	,1791460564670563.648	
1,N/A,EVENT_RESET,19,2488,0.100,1791460564670568.728	,1791460564670568.828	
1,N/A,EVENT_RECORD,19,2489,0.020,1791460564670572.668	,1791460564670572.688	
1,_Z24add_rms_norm_bias_customIfEvPhS0_S0_S0_S0_mmjff,AI_VECTOR_CORE,19,2490,8.484,1791460564670589.348	,1791460564670597.832	
1,N/A,EVENT_RECORD,19,2491,0.020,1791460564670610.692	,1791460564670610.712	
1,N/A,EVENT_RESET,19,2492,0.080,1791460564670688.832	,1791460564670688.912	
1,N/A,EVENT_RESET,19,2493,0.080,1791460564670692.432	,1791460564670692.512	
1,N/A,EVENT_RECORD,19,2494,0.020,1791460564670696.192	,1791460564670696.212	
1,_Z24add_rms_norm_bias_customIfEvPhS0_S0_S0_S0_mmjff,AI_VECTOR_CORE,19,2495,25.320,1791460564670710.412	,1791460564670735.732	
1,N/A,EVENT_RECORD,19,2496,0.020,1791460564670735.752	,1791460564670735.772	
1,N/A,EVENT_RESET,19,2497,0.100,1791460564670802.536	,1791460564670802.636	
1,N/A,EVENT_RESET,19,2498,0.100,1791460564670806.796	,1791460564670806.896	
1,N/A,EVENT_RECORD,19,2499,0.020,1791460564670821.216	,1791460564670821.236	
1,_Z24add_rms_norm_bias_customIfEvPhS0_S0_S0_S0_mmjff,AI_VECTOR_CORE,19,2500,134.140,1791460564670829.816	,1791460564670963.956	
1,N/A,EVENT_RECORD,19,2501,0.020,1791460564670963.976	,1791460564670963.996	
1,N/A,EVENT_RECORD,19,2502,0.020,1791460564670964.156	,1791460564670964.176	
1,N/A,EVENT_RESET,19,2503,0.100,1791460564671046.940	,1791460564671047.040	
1,N/A,EVENT_RESET,19,2504,0.100,1791460564671052.080	,1791460564671052.180	
1,N/A,EVENT_RECORD,19,2505,0.000,1791460564671056.120	,1791460564671056.120	
1,_Z24add_rms_norm_bias_customIfEvPhS0_S0_S0_S0_mmjff,AI_VECTOR_CORE,19,2506,50.040,1791460564671077.480	,1791460564671127.520	
1,N/A,EVENT_RECORD,19,2507,0.020,1791460564671127.540	,1791460564671127.560	
1,N/A,EVENT_RESET,19,2508,0.100,1791460564671197.084	,1791460564671197.184	
1,N/A,EVENT_RESET,19,2509,0.080,1791460564671201.324	,1791460564671201.404	
1,N/A,EVENT_RECORD,19,2510,0.020,1791460564671203.464	,1791460564671203.484	
1,_Z24add_rms_norm_bias_customIfEvPhS0_S0_S0_S0_mmjff,AI_VECTOR_CORE,19,2511,3.920,1791460564671223.084	,1791460564671227.004	
1,N/A,EVENT_RECORD,19,2512,0.020,1791460564671242.424	,1791460564671242.444	
1,N/A,EVENT_RESET,19,2513,0.100,1791460564671319.564	,1791460564671319.664	
1,N/A,EVENT_RESET,19,2514,0.100,1791460564671323.104	,1791460564671323.204	
1,N/A,EVENT_RECORD,19,2515,0.020,1791460564671326.844	,1791460564671326.864	
1,_Z24add_rms_norm_bias_customIfEvPhS0_S0_S0_S0_mmjff,AI_VECTOR_CORE,19,2516,5.820,1791460564671347.904	,1791460564671353.724	
1,N/A,EVENT_RECORD,19,2517,0.020,1791460564671370.144	,1791460564671370.164	
1,N/A,EVENT_RESET,19,2518,0.100,1791460564671447.788	,1791460564671447.888	
1,N/A,EVENT_RESET,19,2519,0.100,1791460564671451.448	,1791460564671451.548	
1,N/A,EVENT_RECORD,19,2520,0.020,1791460564671453.908	,1791460564671453.928	
1,_Z24add_rms_norm_bias_customIfEvPhS0_S0_S0_S0_mmjff,AI_VECTOR_CORE,19,2521,6.760,1791460564671471.808	,1791460564671478.568	
1,N/A,EVENT_RECORD,19,2522,0.020,1791460564671498.268	,1791460564671498.288	
1,N/A,EVENT_RESET,19,2523,0.080,1791460564671572.668	,1791460564671572.748	
1,N/A,EVENT_RESET,19,2524,0.100,1791460564671575.848	,1791460564671575.948	
1,N/A,EVENT_RECORD,19,2525,0.020,1791460564671578.628	,1791460564671578.648	
1,_Z24add_rms_norm_bias_customIfEvPhS0_S0_S0_S0_mmjff,AI_VECTOR_CORE,19,2526,5.320,1791460564671599.932	,1791460564671605.252	
1,N/A,EVENT_RECORD,19,2527,0.000,1791460564671616.052	,1791460564671616.052	
1,_Z24add_rms_norm_bias_customIfEvPhS0_S0_S0_S0_mmjff,AI_VECTOR_CORE,19,2528,4.500,1791460564671737.872	,1791460564671742.372	
1,N/A,EVENT_RESET,19,2529,0.100,1791460564671809.596	,1791460564671809.696	
1,N/A,EVENT_RESET,19,2530,0.100,1791460564671814.316	,1791460564671814.416	
1,N/A,EVENT_RECORD,19,2531,0.020,1791460564671816.456	,1791460564671816.476	
1,_Z24add_rms_norm_bias_customIfEvPhS0_S0_S0_S0_mmjff,AI_VECTOR_CORE,19,2532,5.900,1791460564671837.816	,1791460564671843.716	
1,N/A,EVENT_RECORD,19,2533,0.020,1791460564671856.356	,1791460564671856.376	
1,N/A,EVENT_RESET,19,2534,0.100,1791460564671941.776	,1791460564671941.876	
1,N/A,EVENT_RESET,19,2535,0.100,1791460564671945.096	,1791460564671945.196	
1,N/A,EVENT_RECORD,19,2536,0.020,1791460564671947.556	,1791460564671947.576	
1,_Z24add_rms_norm_bias_customIfEvPhS0_S0_S0_S0_mmjff,AI_VECTOR_CORE,19,2537,5.120,1791460564671962.856	,1791460564671967.976	
1,N/A,EVENT_RECORD,19,2538,0.020,1791460564671978.676	,1791460564671978.696	
1,N/A,EVENT_RESET,19,2539,0.100,1791460564672067.060	,1791460564672067.160	
1,N/A,EVENT_RESET,19,2540,0.080,1791460564672069.680	,1791460564672069.760	
1,N/A,EVENT_RECORD,19,2541,0.020,1791460564672081.740	,1791460564672081.760	
1,_Z24add_rms_norm_bias_customIfEvPhS0_S0_S0_S0_mmjff,AI_VECTOR_CORE,19,2542,4.120,1791460564672097.240	,1791460564672101.360	
1,N/A,EVENT_RECORD,19,2543,0.000,1791460564672115.800	,1791460564672115.800	
1,N/A,EVENT_RESET,19,2544,0.100,1791460564672196.404	,1791460564672196.504	
1,N/A,EVENT_RESET,19,2545,0.100,1791460564672200.324	,1791460564672200.424	
1,N/A,EVENT_RECORD,19,2546,0.020,1791460564672203.744	,1791460564672203.764	
1,_Z24add_rms_norm_bias_customIfEvPhS0_S0_S0_S0_mmjff,AI_VECTOR_CORE,19,2547,5.480,1791460564672227.004	,1791460564672232.484	
1,N/A,EVENT_RECORD,19,2548,0.020,1791460564672240.024	,1791460564672240.044	
1,N/A,EVENT_RESET,19,2549,0.080,1791460564672317.344	,1791460564672317.424	
1,N/A,EVENT_RESET,19,2550,0.100,1791460564672320.284	,1791460564672320.384	
1,N/A,EVENT_RECORD,19,2551,0.020,1791460564672332.884	,1791460564672332.904	
1,_Z24add_rms_norm_bias_customIfEvPhS0_S0_S0_S0_mmjff,AI_VECTOR_CORE,19,2552,187.924,1791460564672347.544	,1791460564672535.468	
1,N/A,EVENT_RECORD,19,2553,0.020,1791460564672535.488	,1791460564672535.508	
1,N/A,EVENT_RECORD,19,2554,0.000,1791460564672535.668	,1791460564672535.668	
1,N/A,EVENT_RESET,19,2555,0.100,1791460564672616.672	,1791460564672616.772	
1,N/A,EVENT_RESET,19,2556,0.100,1791460564672619.912	,1791460564672620.012	
1,N/A,EVENT_RECORD,19,2557,0.020,1791460564672623.272	,1791460564672623.292	
1,_Z24add_rms_norm_bias_customIfEvPhS0_S0_S0_S0_mmjff,AI_VECTOR_CORE,19,2558,5.900,1791460564672637.332	,1791460564672643.232	
1,N/A,EVENT_RECORD,19,2559,0.020,1791460564672651.792	,1791460564672651.812	
1,N/A,EVENT_RESET,19,2560,0.100,1791460564672751.672	,1791460564672751.772	
1,N/A,EVENT_RESET,19,2561,0.100,1791460564672754.412	,1791460564672754.512	
1,N/A,EVENT_RECORD,19,2562,0.020,1791460564672756.972	,1791460564672756.992	
1,_Z24add_rms_norm_bias_customIfEvPhS0_S0_S0_S0_mmjff,AI_VECTOR_CORE,19,2563,5.420,1791460564672777.792	,1791460564672783.212	
1,N/A,EVENT_RECORD,19,2564,0.020,1791460564672797.256	,1791460564672797.276	
1,N/A,EVENT_RESET,19,2565,0.080,1791460564672873.856	,1791460564672873.936	
1,N/A,EVENT_RESET,19,2566,0.100,1791460564672876.436	,1791460564672876.536	
1,N/A,EVENT_RECORD,19,2567,0.020,1791460564672893.016	,1791460564672893.036	
1,_Z24add_rms_norm_bias_customIfEvPhS0_S0_S0_S0_mmjff,AI_VECTOR_CORE,19,2568,4.860,1791460564672909.096	,1791460564672913.956	
1,N/A,EVENT_RECORD,19,2569,0.020,1791460564672933.896	,1791460564672933.916	
1,N/A,EVENT_RESET,19,2570,0.080,1791460564673011.880	,1791460564673011.960	
1,N/A,EVENT_RESET,19,2571,0.100,1791460564673014.600	,1791460564673014.700	
1,N/A,EVENT_RECORD,19,2572,0.020,1791460564673016.840	,1791460564673016.860	
1,_Z24add_rms_norm_bias_customIfEvPhS0_S0_S0_S0_mmjff,AI_VECTOR_CORE,19,2573,4.040,1791460564673035.680	,1791460564673039.720	
1,N/A,EVENT_RECORD,19,2574,0.020,1791460564673051.500	,1791460564673051.520	
1,N/A,EVENT_RESET,19,2575,0.080,1791460564673141.220	,1791460564673141.300	
1,N/A,EVENT_RESET,19,2576,0.100,1791460564673145.640	,1791460564673145.740	
1,N/A,EVENT_RECORD,19,2577,0.020,1791460564673148.140	,1791460564673148.160	
1,_Z24add_rms_norm_bias_customIfEvPhS0_S0_S0_S0_mmjff,AI_VECTOR_CORE,19,2578,5.020,1791460564673173.460	,1791460564673178.480	
1,N/A,EVENT_RECORD,19,2579,0.000,1791460564673188.404	,1791460564673188.404	
1,N/A,EVENT_RESET,19,2580,0.080,1791460564673286.164	,1791460564673286.244	
1,N/A,EVENT_RESET,19,2581,0.100,1791460564673291.324	,1791460564673291.424	
1,N/A,EVENT_RECORD,19,2582,0.020,1791460564673318.524	,1791460564673318.544	
1,_Z24add_rms_norm_bias_customIfEvPhS0_S0_S0_S0_mmjff,AI_VECTOR_CORE,19,2583,24.400,1791460564673321.804	,1791460564673346.204	
1,N/A,EVENT_RECORD,19,2584,0.020,1791460564673346.224	,1791460564673346.244	
1,N/A,EVENT_RESET,19,2585,0.080,1791460564673420.768	,1791460564673420.848	
1,N/A,EVENT_RESET,19,2586,0.080,1791460564673424.068	,1791460564673424.148	
1,N/A,EVENT_RECORD,19,2587,0.020,1791460564673428.848	,1791460564673428.868	
1,_Z24add_rms_norm_bias_customIfEvPhS0_S0_S0_S0_mmjff,AI_VECTOR_CORE,19,2588,7.140,1791460564673441.268	,1791460564673448.408	
1,N/A,EVENT_RECORD,19,2589,0.020,1791460564673472.108	,1791460564673472.128	
1,N/A,EVENT_RESET,19,2590,0.100,1791460564673549.888	,1791460564673549.988	
1,N/A,EVENT_RESET,19,2591,0.100,1791460564673553.388	,1791460564673553.488	
1,N/A,EVENT_RECORD,19,2592,0.020,1791460564673558.768	,1791460564673558.788	
1,_Z24add_rms_norm_bias_customIfEvPhS0_S0_S0_S0_mmjff,AI_VECTOR_CORE,19,2593,42.624,1791460564673569.068	,1791460564673611.692	
1,N/A,EVENT_RECORD,19,2594,0.020,1791460564673611.712	,1791460564673611.732	
1,N/A,EVENT_RESET,19,2595,0.100,1791460564673681.552	,1791460564673681.652	
1,N/A,EVENT_RESET,19,2596,0.100,1791460564673685.952	,1791460564673686.052	
1,N/A,EVENT_RECORD,19,2597,0.020,1791460564673696.832	,1791460564673696.852	
1,_Z24add_rms_norm_bias_customIfEvPhS0_S0_S0_S0_mmjff,AI_VECTOR_CORE,19,2598,96.764,1791460564673704.692	,1791460564673801.456	
1,N/A,EVENT_RECORD,19,2599,0.020,1791460564673801.476	,1791460564673801.496	
1,N/A,EVENT_RECORD,19,2600,0.020,1791460564673801.636	,1791460564673801.656	
1,N/A,EVENT_RESET,19,2601,0.100,1791460564673865.796	,1791460564673865.896	
1,N/A,EVENT_RESET,19,2602,0.100,1791460564673872.016	,1791460564673872.116	
1,N/A,EVENT_RECORD,19,2603,0.020,1791460564673879.076	,1791460564673879.096	
1,_Z24add_rms_norm_bias_customIfEvPhS0_S0_S0_S0_mmjff,AI_VECTOR_CORE,19,2604,5.800,1791460564673904.076	,1791460564673909.876	
1,N/A,EVENT_RECORD,19,2605,0.020,1791460564673920.256	,1791460564673920.276	
1,N/A,EVENT_RESET,19,2606,0.080,1791460564674020.820	,1791460564674020.900	
1,N/A,EVENT_RESET,19,2607,0.100,1791460564674025.560	,1791460564674025.660	
1,N/A,EVENT_RECORD,19,2608,0.020,1791460564674031.560	,1791460564674031.580	
1,_Z24add_rms_norm_bias_customIfEvPhS0_S0_S0_S0_mmjff,AI_VECTOR_CORE,19,2609,5.800,1791460564674045.380	,1791460564674051.180	
1,N/A,EVENT_RECORD,19,2610,0.020,1791460564674055.420	,1791460564674055.440	
1,N/A,EVENT_RESET,19,2611,0.100,1791460564674150.780	,1791460564674150.880	
1,N/A,EVENT_RESET,19,2612,0.080,1791460564674154.240	,1791460564674154.320	
1,N/A,EVENT_RECORD,19,2613,0.020,1791460564674157.100	,1791460564674157.120	
1,_Z24add_rms_norm_bias_customIfEvPhS0_S0_S0_S0_mmjff,AI_VECTOR_CORE,19,2614,154.464,1791460564674175.000	,1791460564674329.464	
1,N/A,EVENT_RECORD,19,2615,0.020,1791460564674329.484	,1791460564674329.504	
1,N/A,EVENT_RECORD,19,2616,0.020,1791460564674329.644	,1791460564674329.664	
1,N/A,EVENT_RESET,19,2617,0.104,1791460564674394.164	,1791460564674394.268	
1,N/A,EVENT_RESET,19,2618,0.100,1791460564674396.868	,1791460564674396.968	
1,N/A,EVENT_RECORD,19,2619,0.020,1791460564674409.068	,1791460564674409.088	
1,_Z24add_rms_norm_bias_customIfEvPhS0_S0_S0_S0_mmjff,AI_VECTOR_CORE,19,2620,5.260,1791460564674426.208	,1791460564674431.468	
1,N/A,EVENT_RECORD,19,2621,0.020,1791460564674443.148	,1791460564674443.168	
1,N/A,EVENT_RESET,19,2622,0.100,1791460564674518.008	,1791460564674518.108	
1,N/A,EVENT_RESET,19,2623,0.080,1791460564674520.408	,1791460564674520.488	
1,N/A,EVENT_RECORD,19,2624,0.020,1791460564674522.588	,1791460564674522.608	
1,_Z24add_rms_norm_bias_customIfEvPhS0_S0_S0_S0_mmjff,AI_VECTOR_CORE,19,2625,4.900,1791460564674536.428	,1791460564674541.328	
1,N/A,EVENT_RECORD,19,2626,0.020,1791460564674554.228	,1791460564674554.248	
1,N/A,EVENT_RESET,19,2627,0.100,1791460564674636.312	,1791460564674636.412	
1,N/A,EVENT_RESET,19,2628,0.080,1791460564674640.532	,1791460564674640.612	
1,N/A,EVENT_RECORD,19,2629,0.020,1791460564674642.832	,1791460564674642.852	
1,_Z24add_rms_norm_bias_customIfEvPhS0_S0_S0_S0_mmjff,AI_VECTOR_CORE,19,2630,7.660,1791460564674660.312	,1791460564674667.972	
1,N/A,EVENT_RECORD,19,2631,0.020,1791460564674667.992	,1791460564674668.012	
1,N/A,EVENT_RESET,19,2632,0.100,1791460564674756.712	,1791460564674756.812	
1,N/A,EVENT_RESET,19,2633,0.100,1791460564674759.592	,1791460564674759.692	
1,N/A,EVENT_RECORD,19,2634,0.020,1791460564674761.952	,1791460564674761.972	
1,_Z24add_rms_norm_bias_customIfEvPhS0_S0_S0_S0_mmjff,AI_VECTOR_CORE,19,2635,5.240,1791460564674769.992	,1791460564674775.232	
1,N/A,EVENT_RECORD,19,2636,0.024,1791460564674793.812	,1791460564674793.836	
1,N/A,EVENT_RESET,19,2637,0.080,1791460564674868.796	,1791460564674868.876	
1,N/A,EVENT_RESET,19,2638,0.100,1791460564674872.396	,1791460564674872.496	
1,N/A,EVENT_RECORD,19,2639,0.020,1791460564674874.616	,1791460564674874.636	
1,_Z24add_rms_norm_bias_customIfEvPhS0_S0_S0_S0_mmjff,AI_VECTOR_CORE,19,2640,6.100,1791460564674877.856	,1791460564674883.956	
1,N/A,EVENT_RECORD,19,2641,0.000,1791460564674895.596	,1791460564674895.596	
1,N/A,EVENT_RESET,19,2642,0.100,1791460564674978.796	,1791460564674978.896	
1,N/A,EVENT_RESET,19,2643,0.100,1791460564674981.576	,1791460564674981.676	
1,N/A,EVENT_RECORD,19,2644,0.020,1791460564674983.936	,1791460564674983.956	
1,_Z24add_rms_norm_bias_customIfEvPhS0_S0_S0_S0_mmjff,AI_VECTOR_CORE,19,2645,4.040,1791460564675004.740	,1791460564675008.780	
1,N/A,EVENT_RECORD,19,2646,0.000,1791460564675025.220	,1791460564675025.220	
1,N/A,EVENT_RESET,19,2647,0.100,1791460564675098.840	,1791460564675098.940	
1,N/A,EVENT_RESET,19,2648,0.100,1791460564675103.160	,1791460564675103.260	
1,N/A,EVENT_RECORD,19,2649,0.020,1791460564675105.180	,1791460564675105.200	
1,_Z24add_rms_norm_bias_customIfEvPhS0_S0_S0_S0_mmjff,AI_VECTOR_CORE,19,2650,31.840,1791460564675119.360	,1791460564675151.200	
1,N/A,EVENT_RECORD,19,2651,0.020,1791460564675151.240	,1791460564675151.260	
1,N/A,EVENT_RESET,19,2652,0.080,1791460564675237.784	,1791460564675237.864	
1,N/A,EVENT_RESET,19,2653,0.100,1791460564675241.464	,1791460564675241.564	
1,N/A,EVENT_RECORD,19,2654,0.020,1791460564675244.464	,1791460564675244.484	
1,_Z24add_rms_norm_bias_customIfEvPhS0_S0_S0_S0_mmjff,AI_VECTOR_CORE,19,2655,5.300,1791460564675262.444	,1791460564675267.744	
1,N/A,EVENT_RECORD,19,2656,0.020,1791460564675282.204	,1791460564675282.224	
1,N/A,EVENT_RESET,19,2657,0.080,1791460564675344.044	,1791460564675344.124	
1,N/A,EVENT_RESET,19,2658,0.100,1791460564675347.104	,1791460564675347.204	
1,N/A,EVENT_RECORD,19,2659,0.020,1791460564675365.344	,1791460564675365.364	
1,_Z24add_rms_norm_bias_customIfEvPhS0_S0_S0_S0_mmjff,AI_VECTOR_CORE,19,2660,5.920,1791460564675368.344	,1791460564675374.264	
1,N/A,EVENT_RECORD,19,2661,0.020,1791460564675386.924	,1791460564675386.944	
1,N/A,EVENT_RESET,19,2662,0.080,1791460564675465.868	,1791460564675465.948	
1,N/A,EVENT_RESET,19,2663,0.100,1791460564675469.188	,1791460564675469.288	
1,N/A,EVENT_RECORD,19,2664,0.020,1791460564675471.268	,1791460564675471.288	
1,_Z24add_rms_norm_bias_customIfEvPhS0_S0_S0_S0_mmjff,AI_VECTOR_CORE,19,2665,607.952,1791460564675486.708	,1791460564676094.660	
1,N/A,EVENT_RECORD,19,2666,0.020,1791460564676094.680	,1791460564676094.700	
1,N/A,EVENT_RECORD,19,2667,0.020,1791460564676094.860	,1791460564676094.880	
1,N/A,EVENT_RESET,19,2668,0.080,1791460564676238.304	,1791460564676238.384	
1,N/A,EVENT_RESET,19,2669,0.100,1791460564676241.864	,1791460564676241.964	
1,N/A,EVENT_RECORD,19,2670,0.020,1791460564676245.544	,1791460564676245.564	
1,_Z24add_rms_norm_bias_customIfEvPhS0_S0_S0_S0_mmjff,AI_VECTOR_CORE,19,2671,6.480,1791460564676272.024	,1791460564676278.504	
1,N/A,EVENT_RECORD,19,2672,0.020,1791460564676297.704	,1791460564676297.724	
1,N/A,EVENT_RESET,19,2673,0.080,1791460564676372.004	,1791460564676372.084	
1,N/A,EVENT_RESET,19,2674,0.100,1791460564676374.044	,1791460564676374.144	
1,N/A,EVENT_RECORD,19,2675,0.020,1791460564676375.804	,1791460564676375.824	
1,_Z24add_rms_norm_bias_customIfEvPhS0_S0_S0_S0_mmjff,AI_VECTOR_CORE,19,2676,4.576,1791460564676393.108	,1791460564676397.684	
1,N/A,EVENT_RECORD,19,2677,0.020,1791460564676416.688	,1791460564676416.708	
1,N/A,EVENT_RESET,19,2678,0.080,1791460564676493.928	,1791460564676494.008	
1,N/A,EVENT_RESET,19,2679,0.080,1791460564676497.408	,1791460564676497.488	
1,N/A,EVENT_RECORD,19,2680,0.020,1791460564676500.528	,1791460564676500.548	
1,_Z24add_rms_norm_bias_customIfEvPhS0_S0_S0_S0_mmjff,AI_VECTOR_CORE,19,2681,43.960,1791460564676526.608	,1791460564676570.568	
1,N/A,EVENT_RECORD,19,2682,0.020,1791460564676570.588	,1791460564676570.608	
1,N/A,EVENT_RESET,19,2683,0.080,1791460564676625.172	,1791460564676625.252	
1,N/A,EVENT_RESET,19,2684,0.100,1791460564676627.872	,1791460564676627.972	
1,N/A,EVENT_RECORD,19,2685,0.020,1791460564676635.292	,1791460564676635.312	
1,_Z24add_rms_norm_bias_customIfEvPhS0_S0_S0_S0_mmjff,AI_VECTOR_CORE,19,2686,20.200,1791460564676651.432	,1791460564676671.632	
1,N/A,EVENT_RECORD,19,2687,0.020,1791460564676671.652	,1791460564676671.672	
1,N/A,EVENT_RESET,19,2688,0.100,1791460564676754.232	,1791460564676754.332	
1,N/A,EVENT_RESET,19,2689,0.080,1791460564676758.972	,1791460564676759.052	
1,N/A,EVENT_RECORD,19,2690,0.020,1791460564676762.652	,1791460564676762.672	
1,_Z24add_rms_norm_bias_customIfEvPhS0_S0_S0_S0_mmjff,AI_VECTOR_CORE,19,2691,5.980,1791460564676767.612	,1791460564676773.592	
1,N/A,EVENT_RECORD,19,2692,0.000,1791460564676793.612	,1791460564676793.612	
1,_Z24add_rms_norm_bias_customIfEvPhS0_S0_S0_S0_mmjff,AI_VECTOR_CORE,19,2693,5.240,1791460564676886.876	,1791460564676892.116	
1,N/A,EVENT_RESET,19,2694,0.100,1791460564676925.136	,1791460564676925.236	
1,N/A,EVENT_RESET,19,2695,0.100,1791460564676927.236	,1791460564676927.336	
1,N/A,EVENT_RECORD,19,2696,0.020,1791460564676931.556	,1791460564676931.576	
1,_Z24add_rms_norm_bias_customIfEvPhS0_S0_S0_S0_mmjff,AI_VECTOR_CORE,19,2697,6.000,1791460564676941.596	,1791460564676947.596	
1,N/A,EVENT_RECORD,19,2698,0.020,1791460564676958.856	,1791460564676958.876	
1,N/A,EVENT_RESET,19,2699,0.100,1791460564677051.060	,1791460564677051.160	
1,N/A,EVENT_RESET,19,2700,0.080,1791460564677055.660	,1791460564677055.740	
1,N/A,EVENT_RECORD,19,2701,0.020,1791460564677059.200	,1791460564677059.220	
1,_Z24add_rms_norm_bias_customIfEvPhS0_S0_S0_S0_mmjff,AI_VECTOR_CORE,19,2702,3.960,1791460564677061.440	,1791460564677065.400	
1,N/A,EVENT_RECORD,19,2703,0.020,1791460564677090.180	,1791460564677090.200	
1,N/A,EVENT_RESET,19,2704,0.100,1791460564677153.420	,1791460564677153.520	
1,N/A,EVENT_RESET,19,2705,0.080,1791460564677157.540	,1791460564677157.620	
1,N/A,EVENT_RECORD,19,2706,0.020,1791460564677164.040	,1791460564677164.060	
1,_Z24add_rms_norm_bias_customIfEvPhS0_S0_S0_S0_mmjff,AI_VECTOR_CORE,19,2707,3.820,1791460564677185.440	,1791460564677189.260	
1,N/A,EVENT_RECORD,19,2708,0.016,1791460564677193.004	,1791460564677193.020	
1,N/A,EVENT_RESET,19,2709,0.080,1791460564677282.784	,1791460564677282.864	
1,N/A,EVENT_RESET,19,2710,0.080,1791460564677287.144	,1791460564677287.224	
1,N/A,EVENT_RECORD,19,2711,0.020,1791460564677292.824	,1791460564677292.844	
1,_Z24add_rms_norm_bias_customIfEvPhS0_S0_S0_S0_mmjff,AI_VECTOR_CORE,19,2712,51.020,1791460564677297.704	,1791460564677348.724	
1,N/A,EVENT_RECORD,19,2713,0.020,1791460564677348.744	,1791460564677348.764	
1,N/A,EVENT_RECORD,19,2714,0.020,1791460564677373.924	,1791460564677373.944	
1,N/A,EVENT_RESET,19,2715,0.100,1791460564677443.428	,1791460564677443.528	
1,N/A,EVENT_RESET,19,2716,0.100,1791460564677449.228	,1791460564677449.328	
1,N/A,EVENT_RECORD,19,2717,0.020,1791460564677451.428	,1791460564677451.448	
1,_Z24add_rms_norm_bias_customIfEvPhS0_S0_S0_S0_mmjff,AI_VECTOR_CORE,19,2718,5.820,1791460564677475.808	,1791460564677481.628	
1,N/A,EVENT_RECORD,19,2719,0.020,1791460564677487.428	,1791460564677487.448	
1,N/A,EVENT_RESET,19,2720,0.100,1791460564677583.228	,1791460564677583.328	
1,N/A,EVENT_RESET,19,2721,0.080,1791460564677586.688	,1791460564677586.768	
1,N/A,EVENT_RECORD,19,2722,0.020,1791460564677590.608	,1791460564677590.628	
1,_Z24add_rms_norm_bias_customIfEvPhS0_S0_S0_S0_mmjff,AI_VECTOR_CORE,19,2723,6.460,1791460564677592.368	,1791460564677598.828	
1,N/A,EVENT_RECORD,19,2724,0.020,1791460564677619.632	,1791460564677619.652	
1,N/A,EVENT_RESET,19,2725,0.080,1791460564677681.952	,1791460564677682.032	
1,N/A,EVENT_RESET,19,2726,0.100,1791460564677685.152	,1791460564677685.252	
1,N/A,EVENT_RECORD,19,2727,0.020,1791460564677687.992	,1791460564677688.012	
1,_Z24add_rms_norm_bias_customIfEvPhS0_S0_S0_S0_mmjff,AI_VECTOR_CORE,19,2728,5.300,1791460564677707.892	,1791460564677713.192	
1,N/A,EVENT_RECORD,19,2729,0.020,1791460564677724.732	,1791460564677724.752	
1,N/A,EVENT_RESET,19,2730,0.080,1791460564677799.696	,1791460564677799.776	
1,N/A,EVENT_RESET,19,2731,0.080,1791460564677806.316	,1791460564677806.396	
1,N/A,EVENT_RECORD,19,2732,0.020,1791460564677813.236	,1791460564677813.256	
1,_Z24add_rms_norm_bias_customIfEvPhS0_S0_S0_S0_mmjff,AI_VECTOR_CORE,19,2733,11.000,1791460564677815.316	,1791460564677826.316	
1,N/A,EVENT_RECORD,19,2734,0.020,1791460564677842.376	,1791460564677842.396	
1,N/A,EVENT_RESET,19,2735,0.080,1791460564677906.216	,1791460564677906.296	
1,N/A,EVENT_RESET,19,2736,0.080,1791460564677908.296	,1791460564677908.376	
1,N/A,EVENT_RECORD,19,2737,0.020,1791460564677910.676	,1791460564677910.696	
1,_Z24add_rms_norm_bias_customIfEvPhS0_S0_S0_S0_mmjff,AI_VECTOR_CORE,19,2738,6.300,1791460564677923.496	,1791460564677929.796	
1,N/A,EVENT_RECORD,19,2739,0.000,1791460564677950.176	,1791460564677950.176	
1,N/A,EVENT_RESET,19,2740,0.100,1791460564678023.600	,1791460564678023.700	
1,N/A,EVENT_RESET,19,2741,0.100,1791460564678029.280	,1791460564678029.380	
1,N/A,EVENT_RECORD,19,2742,0.000,1791460564678032.900	,1791460564678032.900	
1,_Z24add_rms_norm_bias_customIfEvPhS0_S0_S0_S0_mmjff,AI_VECTOR_CORE,19,2743,5.760,1791460564678050.880	,1791460564678056.640	
1,N/A,EVENT_RECORD,19,2744,0.020,1791460564678056.660	,1791460564678056.680	
1,N/A,EVENT_RESET,19,2745,0.100,1791460564678146.940	,1791460564678147.040	
1,N/A,EVENT_RESET,19,2746,0.100,1791460564678154.040	,1791460564678154.140	
1,N/A,EVENT_RECORD,19,2747,0.020,1791460564678159.460	,1791460564678159.480	
1,_Z24add_rms_norm_bias_customIfEvPhS0_S0_S0_S0_mmjff,AI_VECTOR_CORE,19,2748,38.624,1791460564678165.120	,1791460564678203.744	
1,N/A,EVENT_RECORD,19,2749,0.020,1791460564678203.764	,1791460564678203.784	
1,N/A,EVENT_RESET,19,2750,0.100,1791460564678266.864	,1791460564678266.964	
1,N/A,EVENT_RESET,19,2751,0.100,1791460564678270.104	,1791460564678270.204	
1,N/A,EVENT_RECORD,19,2752,0.020,1791460564678272.364	,1791460564678272.384	
1,_Z24add_rms_norm_bias_customIfEvPhS0_S0_S0_S0_mmjff,AI_VECTOR_CORE,19,2753,4.180,1791460564678291.144	,1791460564678295.324	
1,N/A,EVENT_RECORD,19,2754,0.020,1791460564678302.824	,1791460564678302.844	
1,N/A,EVENT_RESET,19,2755,0.080,1791460564678381.544	,1791460564678381.624	
1,N/A,EVENT_RESET,19,2756,0.080,1791460564678386.524	,1791460564678386.604	
1,N/A,EVENT_RECORD,19,2757,0.020,1791460564678388.584	,1791460564678388.604	
1,_Z24add_rms_norm_bias_customIfEvPhS0_S0_S0_S0_mmjff,AI_VECTOR_CORE,19,2758,4.940,1791460564678406.488	,1791460564678411.428	
1,N/A,EVENT_RECORD,19,2759,0.020,1791460564678421.628	,1791460564678421.648	
1,N/A,EVENT_RESET,19,2760,0.100,1791460564678499.428	,1791460564678499.528	
1,N/A,EVENT_RESET,19,2761,0.080,1791460564678501.548	,1791460564678501.628	
1,N/A,EVENT_RECORD,19,2762,0.020,1791460564678503.968	,1791460564678503.988	
1,_Z24add_rms_norm_bias_customIfEvPhS0_S0_S0_S0_mmjff,AI_VECTOR_CORE,19,2763,4.080,1791460564678518.508	,1791460564678522.588	
1,N/A,EVENT_RECORD,19,2764,0.000,1791460564678548.348	,1791460564678548.348	
1,N/A,EVENT_RESET,19,2765,0.100,1791460564678626.872	,1791460564678626.972	
1,N/A,EVENT_RESET,19,2766,0.080,1791460564678631.252	,1791460564678631.332	
1,N/A,EVENT_RECORD,19,2767,0.020,1791460564678633.992	,1791460564678634.012	
1,_Z24add_rms_norm_bias_customIfEvPhS0_S0_S0_S0_mmjff,AI_VECTOR_CORE,19,2768,5.620,1791460564678649.792	,1791460564678655.412	
1,N/A,EVENT_RECORD,19,2769,0.020,1791460564678669.592	,1791460564678669.612	
1,N/A,EVENT_RESET,19,2770,0.100,1791460564678745.312	,1791460564678745.412	
1,N/A,EVENT_RESET,19,2771,0.080,1791460564678747.752	,1791460564678747.832	
1,N/A,EVENT_RECORD,19,2772,0.020,1791460564678749.552	,1791460564678749.572	
1,_Z24add_rms_norm_bias_customIfEvPhS0_S0_S0_S0_mmjff,AI_VECTOR_CORE,19,2773,4.300,1791460564678765.412	,1791460564678769.712	
1,N/A,EVENT_RECORD,19,2774,0.020,1791460564678777.772	,1791460564678777.792	
1,N/A,EVENT_RESET,19,2775,0.100,1791460564678867.416	,1791460564678867.516	
1,N/A,EVENT_RESET,19,2776,0.080,1791460564678873.136	,1791460564678873.216	
1,N/A,EVENT_RECORD,19,2777,0.020,1791460564678877.616	,1791460564678877.636	
1,_Z24add_rms_norm_bias_customIfEvPhS0_S0_S0_S0_mmjff,AI_VECTOR_CORE,19,2778,485.268,1791460564678889.376	,1791460564679374.644	
1,N/A,EVENT_RECORD,19,2779,0.020,1791460564679374.664	,1791460564679374.684	
1,N/A,EVENT_RECORD,19,2780,0.000,1791460564679374.844	,1791460564679374.844	
1,N/A,EVENT_RESET,19,2781,0.100,1791460564679439.848	,1791460564679439.948	
1,N/A,EVENT_RESET,19,2782,0.100,1791460564679445.528	,1791460564679445.628	
1,N/A,EVENT_RECORD,19,2783,0.020,1791460564679457.928	,1791460564679457.948	
1,_Z24add_rms_norm_bias_customIfEvPhS0_S0_S0_S0_mmjff,AI_VECTOR_CORE,19,2784,19.040,1791460564679477.248	,1791460564679496.288	
1,N/A,EVENT_RECORD,19,2785,0.020,1791460564679496.308	,1791460564679496.328	
1,N/A,EVENT_RESET,19,2786,0.100,1791460564679580.408	,1791460564679580.508	
1,N/A,EVENT_RESET,19,2787,0.080,1791460564679587.348	,1791460564679587.428	
1,N/A,EVENT_RECORD,19,2788,0.024,1791460564679594.748	,1791460564679594.772	
1,_Z24add_rms_norm_bias_customIfEvPhS0_S0_S0_S0_mmjff,AI_VECTOR_CORE,19,2789,65.100,1791460564679604.952	,1791460564679670.052	
1,N/A,EVENT_RECORD,19,2790,0.020,1791460564679670.072	,1791460564679670.092	
1,N/A,EVENT_RECORD,19,2791,0.000,1791460564679710.792	,1791460564679710.792	
1,N/A,EVENT_RESET,19,2792,0.080,1791460564679779.632	,1791460564679779.712	
1,N/A,EVENT_RESET,19,2793,0.100,1791460564679785.892	,1791460564679785.992	
1,N/A,EVENT_RECORD,19,2794,0.020,1791460564679790.132	,1791460564679790.152	
1,_Z24add_rms_norm_bias_customIfEvPhS0_S0_S0_S0_mmjff,AI_VECTOR_CORE,19,2795,9.800,1791460564679797.756	,1791460564679807.556	
1,N/A,EVENT_RECORD,19,2796,0.020,1791460564679817.036	,1791460564679817.056	
1,N/A,EVENT_RESET,19,2797,0.100,1791460564679897.356	,1791460564679897.456	
1,N/A,EVENT_RESET,19,2798,0.080,1791460564679904.656	,1791460564679904.736	
1,N/A,EVENT_RECORD,19,2799,0.020,1791460564679921.036	,1791460564679921.056	
1,_Z24add_rms_norm_bias_customIfEvPhS0_S0_S0_S0_mmjff,AI_VECTOR_CORE,19,2800,171.584,1791460564679926.096	,1791460564680097.680	
1,N/A,EVENT_RECORD,19,2801,0.020,1791460564680097.700	,1791460564680097.720	
1,N/A,EVENT_RECORD,19,2802,0.020,1791460564680097.880	,1791460564680097.900	
1,N/A,EVENT_RESET,19,2803,0.080,1791460564680166.940	,1791460564680167.020	
1,N/A,EVENT_RESET,19,2804,0.080,1791460564680170.220	,1791460564680170.300	
1,N/A,EVENT_RECORD,19,2805,0.020,1791460564680172.400	,1791460564680172.420	
1,_Z24add_rms_norm_bias_customIfEvPhS0_S0_S0_S0_mmjff,AI_VECTOR_CORE,19,2806,5.760,1791460564680185.760	,1791460564680191.520	
1,N/A,EVENT_RECORD,19,2807,0.020,1791460564680204.344	,1791460564680204.364	
1,N/A,EVENT_RESET,19,2808,0.100,1791460564680284.884	,1791460564680284.984	
1,N/A,EVENT_RESET,19,2809,0.100,1791460564680288.424	,1791460564680288.524	
1,N/A,EVENT_RECORD,19,2810,0.020,1791460564680290.444	,1791460564680290.464	
1,_Z24add_rms_norm_bias_customIfEvPhS0_S0_S0_S0_mmjff,AI_VECTOR_CORE,19,2811,5.180,1791460564680308.044	,1791460564680313.224	
1,N/A,EVENT_RECORD,19,2812,0.000,1791460564680322.704	,1791460564680322.704	
1,N/A,EVENT_RESET,19,2813,0.100,1791460564680403.208	,1791460564680403.308	
1,N/A,EVENT_RESET,19,2814,0.080,1791460564680408.308	,1791460564680408.388	
1,N/A,EVENT_RECORD,19,2815,0.020,1791460564680412.948	,1791460564680412.968	
1,_Z24add_rms_norm_bias_customIfEvPhS0_S0_S0_S0_mmjff,AI_VECTOR_CORE,19,2816,7.120,1791460564680425.328	,1791460564680432.448	
1,N/A,EVENT_RECORD,19,2817,0.020,1791460564680438.328	,1791460564680438.348	
1,N/A,EVENT_RESET,19,2818,0.100,1791460564680520.908	,1791460564680521.008	
1,N/A,EVENT_RESET,19,2819,0.080,1791460564680523.988	,1791460564680524.068	
1,N/A,EVENT_RECORD,19,2820,0.020,1791460564680527.588	,1791460564680527.608	
1,_Z24add_rms_norm_bias_customIfEvPhS0_S0_S0_S0_mmjff,AI_VECTOR_CORE,19,2821,4.900,1791460564680543.548	,1791460564680548.448	
1,N/A,EVENT_RECORD,19,2822,0.020,1791460564680565.668	,1791460564680565.688	
1,N/A,EVENT_RESET,19,2823,0.080,1791460564680632.232	,1791460564680632.312	
1,N/A,EVENT_RESET,19,2824,0.100,1791460564680637.452	,1791460564680637.552	
1,N/A,EVENT_RECORD,19,2825,0.020,1791460564680641.912	,1791460564680641.932	
1,_Z24add_rms_norm_bias_customIfEvPhS0_S0_S0_S0_mmjff,AI_VECTOR_CORE,19,2826,271.284,1791460564680659.612	,1791460564680930.896	
1,N/A,EVENT_RECORD,19,2827,0.020,1791460564680930.916	,1791460564680930.936	
1,N/A,EVENT_RECORD,19,2828,0.000,1791460564680931.096	,1791460564680931.096	
1,N/A,EVENT_RESET,19,2829,0.100,1791460564681003.280	,1791460564681003.380	
1,N/A,EVENT_RESET,19,2830,0.080,1791460564681007.040	,1791460564681007.120	
1,N/A,EVENT_RECORD,19,2831,0.020,1791460564681009.600	,1791460564681009.620	
1,_Z24add_rms_norm_bias_customIfEvPhS0_S0_S0_S0_mmjff,AI_VECTOR_CORE,19,2832,4.660,1791460564681030.100	,1791460564681034.760	
1,N/A,EVENT_RECORD,19,2833,0.020,1791460564681054.900	,1791460564681054.920	
1,N/A,EVENT_RESET,19,2834,0.100,1791460564681112.440	,1791460564681112.540	
1,N/A,EVENT_RESET,19,2835,0.100,1791460564681130.360	,1791460564681130.460	
1,N/A,EVENT_RECORD,19,2836,0.020,1791460564681133.620	,1791460564681133.640	
1,_Z24add_rms_norm_bias_customIfEvPhS0_S0_S0_S0_mmjff,AI_VECTOR_CORE,19,2837,5.320,1791460564681146.120	,1791460564681151.440	
1,N/A,EVENT_RECORD,19,2838,0.020,1791460564681171.160	,1791460564681171.180	
1,N/A,EVENT_RESET,19,2839,0.080,1791460564681241.784	,1791460564681241.864	
1,N/A,EVENT_RESET,19,2840,0.100,1791460564681245.084	,1791460564681245.184	
1,N/A,EVENT_RECORD,19,2841,0.020,1791460564681247.244	,1791460564681247.264	
1,_Z24add_rms_norm_bias_customIfEvPhS0_S0_S0_S0_mmjff,AI_VECTOR_CORE,19,2842,5.000,1791460564681265.604	,1791460564681270.604	
1,N/A,EVENT_RECORD,19,2843,0.020,1791460564681273.704	,1791460564681273.724	
1,N/A,EVENT_RESET,19,2844,0.100,1791460564681353.784	,1791460564681353.884	
1,N/A,EVENT_RESET,19,2845,0.080,1791460564681357.884	,1791460564681357.964	
1,N/A,EVENT_RECORD,19,2846,0.020,1791460564681360.644	,1791460564681360.664	
1,_Z24add_rms_norm_bias_customIfEvPhS0_S0_S0_S0_mmjff,AI_VECTOR_CORE,19,2847,5.000,1791460564681376.084	,1791460564681381.084	
1,N/A,EVENT_RECORD,19,2848,0.020,1791460564681395.124	,1791460564681395.144	
1,N/A,EVENT_RESET,19,2849,0.100,1791460564681474.288	,1791460564681474.388	
1,N/A,EVENT_RESET,19,2850,0.100,1791460564681477.428	,1791460564681477.528	
1,N/A,EVENT_RECORD,19,2851,0.020,1791460564681479.588	,1791460564681479.608	
1,_Z24add_rms_norm_bias_customIfEvPhS0_S0_S0_S0_mmjff,AI_VECTOR_CORE,19,2852,4.020,1791460564681495.708	,1791460564681499.728	
1,N/A,EVENT_RECORD,19,2853,0.020,1791460564681511.528	,1791460564681511.548	
1,N/A,EVENT_RESET,19,2854,0.080,1791460564681585.508	,1791460564681585.588	
1,N/A,EVENT_RESET,19,2855,0.100,1791460564681589.448	,1791460564681589.548	
1,N/A,EVENT_RECORD,19,2856,0.020,1791460564681592.828	,1791460564681592.848	
1,_Z24add_rms_norm_bias_customIfEvPhS0_S0_S0_S0_mmjff,AI_VECTOR_CORE,19,2857,143.020,1791460564681642.612	,1791460564681785.632	
1,N/A,EVENT_RECORD,19,2858,0.020,1791460564681785.652	,1791460564681785.672	
1,N/A,EVENT_RECORD,19,2859,0.000,1791460564681785.832	,1791460564681785.832	
1,_Z24add_rms_norm_bias_customIfEvPhS0_S0_S0_S0_mmjff,AI_VECTOR_CORE,19,2860,4.840,1791460564681921.296	,1791460564681926.136	
1,_Z24add_rms_norm_bias_customIfEvPhS0_S0_S0_S0_mmjff,AI_VECTOR_CORE,19,2861,5.460,1791460564682195.600	,1791460564682201.060	
1,_Z24add_rms_norm_bias_customIfEvPhS0_S0_S0_S0_mmjff,AI_VECTOR_CORE,19,2862,27.240,1791460564685882.976	,1791460564685910.216	
1,N/A,EVENT_RECORD,19,2863,0.020,1791460564685924.376	,1791460564685924.396	
1,_Z24add_rms_norm_bias_customIfEvPhS0_S0_S0_S0_mmjff,AI_VECTOR_CORE,19,2864,16.560,1791460564686499.288	,1791460564686515.848	
1,_Z24add_rms_norm_bias_customIfEvPhS0_S0_S0_S0_mmjff,AI_VECTOR_CORE,19,2865,14.900,1791460564687145.380	,1791460564687160.280	
1,_Z24add_rms_norm_bias_customIfEvPhS0_S0_S0_S0_mmjff,AI_VECTOR_CORE,19,2866,10.760,1791460564687166.860	,1791460564687177.620	
1,_Z24add_rms_norm_bias_customIfEvPhS0_S0_S0_S0_mmjff,AI_VECTOR_CORE,19,2867,11.540,1791460564687187.280	,1791460564687198.820	
1,_Z24add_rms_norm_bias_customIfEvPhS0_S0_S0_S0_mmjff,AI_VECTOR_CORE,19,2868,10.244,1791460564687198.840	,1791460564687209.084	
1,_Z24add_rms_norm_bias_customIfEvPhS0_S0_S0_S0_mmjff,AI_VECTOR_CORE,19,2869,12.960,1791460564687209.124	,1791460564687222.084	
1,_Z24add_rms_norm_bias_customIfEvPhS0_S0_S0_S0_mmjff,AI_VECTOR_CORE,19,2870,10.920,1791460564687225.424	,1791460564687236.344	
1,_Z24add_rms_norm_bias_customIfEvPhS0_S0_S0_S0_mmjff,AI_VECTOR_CORE,19,2871,11.180,1791460564687245.324	,1791460564687256.504	
1,_Z24add_rms_norm_bias_customIfEvPhS0_S0_S0_S0_mmjff,AI_VECTOR_CORE,19,2872,7.600,1791460564687256.524	,1791460564687264.124	
1,_Z24add_rms_norm_bias_customIfEvPhS0_S0_S0_S0_mmjff,AI_VECTOR_CORE,19,2873,7.140,1791460564687274.964	,1791460564687282.104	
1,_Z24add_rms_norm_bias_customIfEvPhS0_S0_S0_S0_mmjff,AI_VECTOR_CORE,19,2874,6.380,1791460564687294.144	,1791460564687300.524	
1,_Z24add_rms_norm_bias_customIfEvPhS0_S0_S0_S0_mmjff,AI_VECTOR_CORE,19,2875,11.320,1791460564687314.004	,1791460564687325.324	
1,_Z24add_rms_norm_bias_customIfEvPhS0_S0_S0_S0_mmjff,AI_VECTOR_CORE,19,2876,10.040,1791460564687329.964	,1791460564687340.004	
1,_Z24add_rms_norm_bias_customIfEvPhS0_S0_S0_S0_mmjff,AI_VECTOR_CORE,19,2877,10.800,1791460564687351.024	,1791460564687361.824	
1,_Z24add_rms_norm_bias_customIfEvPhS0_S0_S0_S0_mmjff,AI_VECTOR_CORE,19,2878,10.180,1791460564687361.864	,1791460564687372.044	
1,_Z24add_rms_norm_bias_customIfEvPhS0_S0_S0_S0_mmjff,AI_VECTOR_CORE,19,2879,7.000,1791460564687373.824	,1791460564687380.824	
1,_Z24add_rms_norm_bias_customIfEvPhS0_S0_S0_S0_mmjff,AI_VECTOR_CORE,19,2880,5.320,1791460564687393.964	,1791460564687399.284	
1,_Z24add_rms_norm_bias_customIfEvPhS0_S0_S0_S0_mmjff,AI_VECTOR_CORE,19,2881,6.464,1791460564687399.324	,1791460564687405.788	
1,_Z24add_rms_norm_bias_customIfEvPhS0_S0_S0_S0_mmjff,AI_VECTOR_CORE,19,2882,6.720,1791460564687411.348	,1791460564687418.068	
1,_Z24add_rms_norm_bias_customIfEvPhS0_S0_S0_S0_mmjff,AI_VECTOR_CORE,19,2883,6.480,1791460564687423.728	,1791460564687430.208	
1,_Z24add_rms_norm_bias_customIfEvPhS0_S0_S0_S0_mmjff,AI_VECTOR_CORE,19,2884,6.580,1791460564687446.928	,1791460564687453.508	
1,_Z24add_rms_norm_bias_customIfEvPhS0_S0_S0_S0_mmjff,AI_VECTOR_CORE,19,2885,6.460,1791460564687461.508	,1791460564687467.968	
1,_Z24add_rms_norm_bias_customIfEvPhS0_S0_S0_S0_mmjff,AI_VECTOR_CORE,19,2886,6.820,1791460564687477.988	,1791460564687484.808	
1,_Z24add_rms_norm_bias_customIfEvPhS0_S0_S0_S0_mmjff,AI_VECTOR_CORE,19,2887,6.600,1791460564687484.848	,1791460564687491.448	
1,_Z24add_rms_norm_bias_customIfEvPhS0_S0_S0_S0_mmjff,AI_VECTOR_CORE,19,2888,6.860,1791460564687496.748	,1791460564687503.608	
1,_Z24add_rms_norm_bias_customIfEvPhS0_S0_S0_S0_mmjff,AI_VECTOR_CORE,19,2889,6.580,1791460564687509.208	,1791460564687515.788	
1,_Z24add_rms_norm_bias_customIfEvPhS0_S0_S0_S0_mmjff,AI_VECTOR_CORE,19,2890,20.220,1791460564687526.448	,1791460564687546.668	
1,_Z24add_rms_norm_bias_customIfEvPhS0_S0_S0_S0_mmjff,AI_VECTOR_CORE,19,2891,7.620,1791460564687546.688	,1791460564687554.308	
1,_Z24add_rms_norm_bias_customIfEvPhS0_S0_S0_S0_mmjff,AI_VECTOR_CORE,19,2892,7.920,1791460564687559.448	,1791460564687567.368	
1,_Z24add_rms_norm_bias_customIfEvPhS0_S0_S0_S0_mmjff,AI_VECTOR_CORE,19,2893,7.880,1791460564687573.308	,1791460564687581.188	
1,_Z24add_rms_norm_bias_customIfEvPhS0_S0_S0_S0_mmjff,AI_VECTOR_CORE,19,2894,6.880,1791460564687588.948	,1791460564687595.828	
1,_Z24add_rms_norm_bias_customIfEvPhS0_S0_S0_S0_mmjff,AI_VECTOR_CORE,19,2895,6.764,1791460564687601.248	,1791460564687608.012	
1,_Z24add_rms_norm_bias_customIfEvPhS0_S0_S0_S0_mmjff,AI_VECTOR_CORE,19,2896,6.940,1791460564687620.772	,1791460564687627.712	
1,_Z24add_rms_norm_bias_customIfEvPhS0_S0_S0_S0_mmjff,AI_VECTOR_CORE,19,2897,6.800,1791460564687627.732	,1791460564687634.532	
1,_Z24add_rms_norm_bias_customIfEvPhS0_S0_S0_S0_mmjff,AI_VECTOR_CORE,19,2898,6.060,1791460564687637.112	,1791460564687643.172	
1,_Z24add_rms_norm_bias_customIfEvPhS0_S0_S0_S0_mmjff,AI_VECTOR_CORE,19,2899,6.640,1791460564687650.072	,1791460564687656.712	
1,_Z24add_rms_norm_bias_customIfEvPhS0_S0_S0_S0_mmjff,AI_VECTOR_CORE,19,2900,6.340,1791460564687666.732	,1791460564687673.072	
1,_Z24add_rms_norm_bias_customIfEvPhS0_S0_S0_S0_mmjff,AI_VECTOR_CORE,19,2901,7.000,1791460564687678.492	,1791460564687685.492	
1,_Z24add_rms_norm_bias_customIfEvPhS0_S0_S0_S0_mmjff,AI_VECTOR_CORE,19,2902,6.260,1791460564687719.792	,1791460564687726.052	
1,_Z24add_rms_norm_bias_customIfEvPhS0_S0_S0_S0_mmjff,AI_VECTOR_CORE,19,2903,6.720,1791460564687732.292	,1791460564687739.012	
1,_Z24add_rms_norm_bias_customIfEvPhS0_S0_S0_S0_mmjff,AI_VECTOR_CORE,19,2904,6.040,1791460564687746.252	,1791460564687752.292	
1,_Z24add_rms_norm_bias_customIfEvPhS0_S0_S0_S0_mmjff,AI_VECTOR_CORE,19,2905,6.960,1791460564687760.072	,1791460564687767.032	
1,_Z24add_rms_norm_bias_customIfEvPhS0_S0_S0_S0_mmjff,AI_VECTOR_CORE,19,2906,6.720,1791460564687773.592	,1791460564687780.312	
1,_Z24add_rms_norm_bias_customIfEvPhS0_S0_S0_S0_mmjff,AI_VECTOR_CORE,19,2907,7.340,1791460564687787.572	,1791460564687794.912	
1,_Z24add_rms_norm_bias_customIfEvPhS0_S0_S0_S0_mmjff,AI_VECTOR_CORE,19,2908,6.724,1791460564687800.272	,1791460564687806.996	
1,_Z24add_rms_norm_bias_customIfEvPhS0_S0_S0_S0_mmjff,AI_VECTOR_CORE,19,2909,6.880,1791460564687813.776	,1791460564687820.656	
1,_Z24add_rms_norm_bias_customIfEvPhS0_S0_S0_S0_mmjff,AI_VECTOR_CORE,19,2910,22.080,1791460564687827.296	,1791460564687849.376	
1,_Z24add_rms_norm_bias_customIfEvPhS0_S0_S0_S0_mmjff,AI_VECTOR_CORE,19,2911,8.520,1791460564687849.396	,1791460564687857.916	
1,_Z24add_rms_norm_bias_customIfEvPhS0_S0_S0_S0_mmjff,AI_VECTOR_CORE,19,2912,11.500,1791460564687863.996	,1791460564687875.496	
1,_Z24add_rms_norm_bias_customIfEvPhS0_S0_S0_S0_mmjff,AI_VECTOR_CORE,19,2913,10.600,1791460564687875.516	,1791460564687886.116	
1,_Z24add_rms_norm_bias_customIfEvPhS0_S0_S0_S0_mmjff,AI_VECTOR_CORE,19,2914,10.260,1791460564687888.496	,1791460564687898.756	
1,_Z24add_rms_norm_bias_customIfEvPhS0_S0_S0_S0_mmjff,AI_VECTOR_CORE,19,2915,9.760,1791460564687905.216	,1791460564687914.976	
1,_Z24add_rms_norm_bias_customIfEvPhS0_S0_S0_S0_mmjff,AI_VECTOR_CORE,19,2916,10.560,1791460564687922.516	,1791460564687933.076	
1,_Z24add_rms_norm_bias_customIfEvPhS0_S0_S0_S0_mmjff,AI_VECTOR_CORE,19,2917,10.700,1791460564687944.036	,1791460564687954.736	
1,_Z24add_rms_norm_bias_customIfEvPhS0_S0_S0_S0_mmjff,AI_VECTOR_CORE,19,2918,6.880,1791460564687954.776	,1791460564687961.656	
1,_Z24add_rms_norm_bias_customIfEvPhS0_S0_S0_S0_mmjff,AI_VECTOR_CORE,19,2919,6.820,1791460564687963.676	,1791460564687970.496	
1,_Z24add_rms_norm_bias_customIfEvPhS0_S0_S0_S0_mmjff,AI_VECTOR_CORE,19,2920,9.640,1791460564687979.016	,1791460564687988.656	
1,_Z24add_rms_norm_bias_customIfEvPhS0_S0_S0_S0_mmjff,AI_VECTOR_CORE,19,2921,9.624,1791460564687999.516	,1791460564688009.140	
1,_Z24add_rms_norm_bias_customIfEvPhS0_S0_S0_S0_mmjff,AI_VECTOR_CORE,19,2922,6.724,1791460564688009.156	,1791460564688015.880	
1,_Z24add_rms_norm_bias_customIfEvPhS0_S0_S0_S0_mmjff,AI_VECTOR_CORE,19,2923,6.820,1791460564688018.100	,1791460564688024.920	
1,_Z24add_rms_norm_bias_customIfEvPhS0_S0_S0_S0_mmjff,AI_VECTOR_CORE,19,2924,6.560,1791460564688032.980	,1791460564688039.540	
1,_Z24add_rms_norm_bias_customIfEvPhS0_S0_S0_S0_mmjff,AI_VECTOR_CORE,19,2925,6.960,1791460564688051.100	,1791460564688058.060	
1,_Z24add_rms_norm_bias_customIfEvPhS0_S0_S0_S0_mmjff,AI_VECTOR_CORE,19,2926,6.600,1791460564688070.540	,1791460564688077.140	
1,_Z24add_rms_norm_bias_customIfEvPhS0_S0_S0_S0_mmjff,AI_VECTOR_CORE,19,2927,6.540,1791460564688077.180	,1791460564688083.720	
1,_Z24add_rms_norm_bias_customIfEvPhS0_S0_S0_S0_mmjff,AI_VECTOR_CORE,19,2928,6.440,1791460564688103.680	,1791460564688110.120	
1,_Z24add_rms_norm_bias_customIfEvPhS0_S0_S0_S0_mmjff,AI_VECTOR_CORE,19,2929,6.420,1791460564688110.140	,1791460564688116.560	
1,_Z24add_rms_norm_bias_customIfEvPhS0_S0_S0_S0_mmjff,AI_VECTOR_CORE,19,2930,6.420,1791460564688133.280	,1791460564688139.700	
1,_Z24add_rms_norm_bias_customIfEvPhS0_S0_S0_S0_mmjff,AI_VECTOR_CORE,19,2931,6.940,1791460564688139.720	,1791460564688146.660	
1,_Z24add_rms_norm_bias_customIfEvPhS0_S0_S0_S0_mmjff,AI_VECTOR_CORE,19,2932,6.320,1791460564688150.060	,1791460564688156.380	
1,_Z24add_rms_norm_bias_customIfEvPhS0_S0_S0_S0_mmjff,AI_VECTOR_CORE,19,2933,6.600,1791460564688166.880	,1791460564688173.480	
1,_Z24add_rms_norm_bias_customIfEvPhS0_S0_S0_S0_mmjff,AI_VECTOR_CORE,19,2934,7.180,1791460564688182.860	,1791460564688190.040	
1,_Z24add_rms_norm_bias_customIfEvPhS0_S0_S0_S0_mmjff,AI_VECTOR_CORE,19,2935,6.000,1791460564688192.860	,1791460564688198.860	
1,_Z24add_rms_norm_bias_customIfEvPhS0_S0_S0_S0_mmjff,AI_VECTOR_CORE,19,2936,7.080,1791460564688213.224	,1791460564688220.304	
1,_Z24add_rms_norm_bias_customIfEvPhS0_S0_S0_S0_mmjff,AI_VECTOR_CORE,19,2937,7.880,1791460564688234.644	,1791460564688242.524	
1,_Z24add_rms_norm_bias_customIfEvPhS0_S0_S0_S0_mmjff,AI_VECTOR_CORE,19,2938,172.124,1791460564688242.564	,1791460564688414.688	
1,_Z24add_rms_norm_bias_customIfEvPhS0_S0_S0_S0_mmjff,AI_VECTOR_CORE,19,2939,124.900,1791460564688414.708	,1791460564688539.608	
1,_Z24add_rms_norm_bias_customIfEvPhS0_S0_S0_S0_mmjff,AI_VECTOR_CORE,19,2940,6.420,1791460564688539.628	,1791460564688546.048	
1,_Z24add_rms_norm_bias_customIfEvPhS0_S0_S0_S0_mmjff,AI_VECTOR_CORE,19,2941,5.080,1791460564688546.068	,1791460564688551.148	
1,_Z24add_rms_norm_bias_customIfEvPhS0_S0_S0_S0_mmjff,AI_VECTOR_CORE,19,2942,5.000,1791460564688551.168	,1791460564688556.168	
1,_Z24add_rms_norm_bias_customIfEvPhS0_S0_S0_S0_mmjff,AI_VECTOR_CORE,19,2943,4.940,1791460564688556.188	,1791460564688561.128	
1,_Z24add_rms_norm_bias_customIfEvPhS0_S0_S0_S0_mmjff,AI_VECTOR_CORE,19,2944,4.540,1791460564688561.168	,1791460564688565.708	
1,_Z24add_rms_norm_bias_customIfEvPhS0_S0_S0_S0_mmjff,AI_VECTOR_CORE,19,2945,4.700,1791460564688565.728	,1791460564688570.428	
1,_Z24add_rms_norm_bias_customIfEvPhS0_S0_S0_S0_mmjff,AI_VECTOR_CORE,19,2946,4.460,1791460564688570.448	,1791460564688574.908	
1,_Z24add_rms_norm_bias_customIfEvPhS0_S0_S0_S0_mmjff,AI_VECTOR_CORE,19,2947,4.640,1791460564688574.948	,1791460564688579.588	
1,_Z24add_rms_norm_bias_customIfEvPhS0_S0_S0_S0_mmjff,AI_VECTOR_CORE,19,2948,4.660,1791460564688579.608	,1791460564688584.268	
1,_Z24add_rms_norm_bias_customIfEvPhS0_S0_S0_S0_mmjff,AI_VECTOR_CORE,19,2949,4.620,1791460564688584.308	,1791460564688588.928	
1,_Z24add_rms_norm_bias_customIfEvPhS0_S0_S0_S0_mmjff,AI_VECTOR_CORE,19,2950,4.740,1791460564688588.968	,1791460564688593.708	
1,_Z24add_rms_norm_bias_customIfEvPhS0_S0_S0_S0_mmjff,AI_VECTOR_CORE,19,2951,4.540,1791460564688593.728	,1791460564688598.268	
1,_Z24add_rms_norm_bias_customIfEvPhS0_S0_S0_S0_mmjff,AI_VECTOR_CORE,19,2952,4.860,1791460564688598.288	,1791460564688603.148	
1,_Z24add_rms_norm_bias_customIfEvPhS0_S0_S0_S0_mmjff,AI_VECTOR_CORE,19,2953,4.524,1791460564688603.168	,1791460564688607.692	
1,_Z24add_rms_norm_bias_customIfEvPhS0_S0_S0_S0_mmjff,AI_VECTOR_CORE,19,2954,4.924,1791460564688607.708	,1791460564688612.632	
1,_Z24add_rms_norm_bias_customIfEvPhS0_S0_S0_S0_mmjff,AI_VECTOR_CORE,19,2955,7.780,1791460564688663.992	,1791460564688671.772	
1,N/A,EVENT_RECORD,19,2956,0.020,1791460564688684.852	,1791460564688684.872	
1,N/A,EVENT_RECORD,19,2957,0.020,1791460564688754.472	,1791460564688754.492	
1,_Z24add_rms_norm_bias_customIfEvPhS0_S0_S0_S0_mmjff,AI_VECTOR_CORE,19,2958,6.200,1791460564688757.352	,1791460564688763.552	
1,N/A,EVENT_RECORD,19,2959,0.000,1791460564688775.632	,1791460564688775.632	
1,N/A,EVENT_RESET,19,2960,0.100,1791460564688868.516	,1791460564688868.616	
1,N/A,EVENT_RESET,19,2961,0.100,1791460564688873.536	,1791460564688873.636	
1,N/A,EVENT_RECORD,19,2962,0.020,1791460564688893.816	,1791460564688893.836	
1,_Z24add_rms_norm_bias_customIfEvPhS0_S0_S0_S0_mmjff,AI_VECTOR_CORE,19,2963,96.120,1791460564688896.736	,1791460564688992.856	
1,N/A,EVENT_RECORD,19,2964,0.000,1791460564688992.896	,1791460564688992.896	
1,N/A,EVENT_RECORD,19,2965,0.020,1791460564688993.056	,1791460564688993.076	
1,N/A,EVENT_RESET,19,2966,0.100,1791460564689070.060	,1791460564689070.160	
1,N/A,EVENT_RESET,19,2967,0.100,1791460564689074.540	,1791460564689074.640	
1,N/A,EVENT_RECORD,19,2968,0.000,1791460564689076.940	,1791460564689076.940	
1,_Z24add_rms_norm_bias_customIfEvPhS0_S0_S0_S0_mmjff,AI_VECTOR_CORE,19,2969,7.980,1791460564689095.440	,1791460564689103.420	
1,N/A,EVENT_RECORD,19,2970,0.000,1791460564689103.460	,1791460564689103.460	
1,N/A,EVENT_RESET,19,2971,0.100,1791460564689182.260	,1791460564689182.360	
1,N/A,EVENT_RESET,19,2972,0.100,1791460564689185.740	,1791460564689185.840	
1,N/A,EVENT_RECORD,19,2973,0.000,1791460564689187.880	,1791460564689187.880	
1,_Z24add_rms_norm_bias_customIfEvPhS0_S0_S0_S0_mmjff,AI_VECTOR_CORE,19,2974,8.780,1791460564689206.244	,1791460564689215.024	
1,N/A,EVENT_RECORD,19,2975,0.020,1791460564689226.524	,1791460564689226.544	
1,N/A,EVENT_RESET,19,2976,0.100,1791460564689293.244	,1791460564689293.344	
1,N/A,EVENT_RESET,19,2977,0.100,1791460564689296.224	,1791460564689296.324	
1,N/A,EVENT_RECORD,19,2978,0.020,1791460564689298.384	,1791460564689298.404	
1,_Z24add_rms_norm_bias_customIfEvPhS0_S0_S0_S0_mmjff,AI_VECTOR_CORE,19,2979,8.020,1791460564689320.964	,1791460564689328.984	
1,N/A,EVENT_RECORD,19,2980,0.000,1791460564689329.024	,1791460564689329.024	
1,N/A,EVENT_RESET,19,2981,0.080,1791460564689409.908	,1791460564689409.988	
1,N/A,EVENT_RESET,19,2982,0.100,1791460564689416.528	,1791460564689416.628	
1,N/A,EVENT_RECORD,19,2983,0.020,1791460564689422.308	,1791460564689422.328	
1,_Z24add_rms_norm_bias_customIfEvPhS0_S0_S0_S0_mmjff,AI_VECTOR_CORE,19,2984,63.580,1791460564689439.488	,1791460564689503.068	
1,N/A,EVENT_RECORD,19,2985,0.020,1791460564689503.088	,1791460564689503.108	
1,N/A,EVENT_RECORD,19,2986,0.020,1791460564689503.248	,1791460564689503.268	
1,N/A,EVENT_RESET,19,2987,0.080,1791460564689567.528	,1791460564689567.608	
1,N/A,EVENT_RESET,19,2988,0.080,1791460564689570.068	,1791460564689570.148	
1,N/A,EVENT_RECORD,19,2989,0.020,1791460564689572.288	,1791460564689572.308	
1,_Z24add_rms_norm_bias_customIfEvPhS0_S0_S0_S0_mmjff,AI_VECTOR_CORE,19,2990,208.664,1791460564689593.088	,1791460564689801.752	
1,N/A,EVENT_RECORD,19,2991,0.020,1791460564689801.772	,1791460564689801.792	
1,N/A,EVENT_RECORD,19,2992,0.020,1791460564689801.932	,1791460564689801.952	
1,N/A,EVENT_RESET,19,2993,0.100,1791460564689881.896	,1791460564689881.996	
1,N/A,EVENT_RESET,19,2994,0.080,1791460564689886.156	,1791460564689886.236	
1,N/A,EVENT_RECORD,19,2995,0.020,1791460564689889.256	,1791460564689889.276	
1,_Z24add_rms_norm_bias_customIfEvPhS0_S0_S0_S0_mmjff,AI_VECTOR_CORE,19,2996,8.380,1791460564689893.176	,1791460564689901.556	
1,N/A,EVENT_RECORD,19,2997,0.020,1791460564689911.256	,1791460564689911.276	
1,N/A,EVENT_RESET,19,2998,0.080,1791460564689994.356	,1791460564689994.436	
1,N/A,EVENT_RESET,19,2999,0.080,1791460564689998.396	,1791460564689998.476	
1,N/A,EVENT_RECORD,19,3000,0.020,1791460564690000.496	,1791460564690000.516	
1,_Z24add_rms_norm_bias_customIfEvPhS0_S0_S0_S0_mmjff,AI_VECTOR_CORE,19,3001,8.300,1791460564690017.220	,1791460564690025.520	
1,N/A,EVENT_RECORD,19,3002,0.000,1791460564690025.560	,1791460564690025.560	
1,N/A,EVENT_RESET,19,3003,0.100,1791460564690094.040	,1791460564690094.140	
1,N/A,EVENT_RESET,19,3004,0.100,1791460564690106.400	,1791460564690106.500	
1,N/A,EVENT_RECORD,19,3005,0.020,1791460564690108.640	,1791460564690108.660	
1,_Z24add_rms_norm_bias_customIfEvPhS0_S0_S0_S0_mmjff,AI_VECTOR_CORE,19,3006,9.340,1791460564690121.740	,1791460564690131.080	
1,N/A,EVENT_RECORD,19,3007,0.020,1791460564690133.240	,1791460564690133.260	
1,N/A,EVENT_RESET,19,3008,0.080,1791460564690216.444	,1791460564690216.524	
1,N/A,EVENT_RESET,19,3009,0.100,1791460564690219.844	,1791460564690219.944	
1,N/A,EVENT_RECORD,19,3010,0.020,1791460564690222.844	,1791460564690222.864	
1,_Z24add_rms_norm_bias_customIfEvPhS0_S0_S0_S0_mmjff,AI_VECTOR_CORE,19,3011,7.540,1791460564690224.704	,1791460564690232.244	
1,N/A,EVENT_RECORD,19,3012,0.020,1791460564690249.224	,1791460564690249.244	
1,N/A,EVENT_RESET,19,3013,0.080,1791460564690306.704	,1791460564690306.784	
1,N/A,EVENT_RESET,19,3014,0.100,1791460564690309.304	,1791460564690309.404	
1,N/A,EVENT_RECORD,19,3015,0.000,1791460564690320.244	,1791460564690320.244	
1,_Z24add_rms_norm_bias_customIfEvPhS0_S0_S0_S0_mmjff,AI_VECTOR_CORE,19,3016,613.312,1791460564690335.904	,1791460564690949.216	
1,N/A,EVENT_RECORD,19,3017,0.000,1791460564690949.256	,1791460564690949.256	
1,N/A,EVENT_RECORD,19,3018,0.020,1791460564690949.416	,1791460564690949.436	
1,N/A,EVENT_RESET,19,3019,0.100,1791460564691016.340	,1791460564691016.440	
1,N/A,EVENT_RESET,19,3020,0.080,1791460564691018.560	,1791460564691018.640	
1,N/A,EVENT_RECORD,19,3021,0.020,1791460564691020.420	,1791460564691020.440	
1,_Z24add_rms_norm_bias_customIfEvPhS0_S0_S0_S0_mmjff,AI_VECTOR_CORE,19,3022,5.400,1791460564691035.760	,1791460564691041.160	
1,N/A,EVENT_RECORD,19,3023,0.020,1791460564691054.800	,1791460564691054.820	
1,N/A,EVENT_RESET,19,3024,0.100,1791460564691122.040	,1791460564691122.140	
1,N/A,EVENT_RESET,19,3025,0.100,1791460564691125.460	,1791460564691125.560	
1,N/A,EVENT_RECORD,19,3026,0.000,1791460564691134.780	,1791460564691134.780	
1,_Z24add_rms_norm_bias_customIfEvPhS0_S0_S0_S0_mmjff,AI_VECTOR_CORE,19,3027,40.780,1791460564691147.640	,1791460564691188.420	
1,N/A,EVENT_RECORD,19,3028,0.020,1791460564691188.440	,1791460564691188.460	
1,N/A,EVENT_RESET,19,3029,0.100,1791460564691249.604	,1791460564691249.704	
1,N/A,EVENT_RESET,19,3030,0.100,1791460564691252.624	,1791460564691252.724	
1,N/A,EVENT_RECORD,19,3031,0.020,1791460564691254.764	,1791460564691254.784	
1,_Z24add_rms_norm_bias_customIfEvPhS0_S0_S0_S0_mmjff,AI_VECTOR_CORE,19,3032,8.120,1791460564691277.884	,1791460564691286.004	
1,N/A,EVENT_RECORD,19,3033,0.020,1791460564691286.024	,1791460564691286.044	
1,N/A,EVENT_RESET,19,3034,0.100,1791460564691352.564	,1791460564691352.664	
1,N/A,EVENT_RESET,19,3035,0.100,1791460564691354.784	,1791460564691354.884	
1,N/A,EVENT_RECORD,19,3036,0.020,1791460564691357.004	,1791460564691357.024	
1,_Z24add_rms_norm_bias_customIfEvPhS0_S0_S0_S0_mmjff,AI_VECTOR_CORE,19,3037,7.620,1791460564691382.584	,1791460564691390.204	
1,N/A,EVENT_RECORD,19,3038,0.020,1791460564691390.224	,1791460564691390.244	
1,N/A,EVENT_RESET,19,3039,0.080,1791460564691458.048	,1791460564691458.128	
1,N/A,EVENT_RESET,19,3040,0.100,1791460564691461.148	,1791460564691461.248	
1,N/A,EVENT_RECORD,19,3041,0.020,1791460564691463.148	,1791460564691463.168	
1,_Z24add_rms_norm_bias_customIfEvPhS0_S0_S0_S0_mmjff,AI_VECTOR_CORE,19,3042,13.240,1791460564691483.428	,1791460564691496.668	
1,N/A,EVENT_RECORD,19,3043,0.020,1791460564691497.568	,1791460564691497.588	
1,N/A,EVENT_RESET,19,3044,0.100,1791460564691569.528	,1791460564691569.628	
1,N/A,EVENT_RESET,19,3045,0.100,1791460564691572.408	,1791460564691572.508	
1,N/A,EVENT_RECORD,19,3046,0.020,1791460564691574.328	,1791460564691574.348	
1,_Z24add_rms_norm_bias_customIfEvPhS0_S0_S0_S0_mmjff,AI_VECTOR_CORE,19,3047,8.560,1791460564691590.288	,1791460564691598.848	
1,N/A,EVENT_RECORD,19,3048,0.020,1791460564691598.868	,1791460564691598.888	
1,N/A,EVENT_RESET,19,3049,0.100,1791460564691672.632	,1791460564691672.732	
1,N/A,EVENT_RESET,19,3050,0.080,1791460564691675.712	,1791460564691675.792	
1,N/A,EVENT_RECORD,19,3051,0.020,1791460564691678.072	,1791460564691678.092	
1,_Z24add_rms_norm_bias_customIfEvPhS0_S0_S0_S0_mmjff,AI_VECTOR_CORE,19,3052,8.880,1791460564691716.072	,1791460564691724.952	
1,N/A,EVENT_RECORD,19,3053,0.020,1791460564691732.472	,1791460564691732.492	
1,N/A,EVENT_RESET,19,3054,0.080,1791460564691811.956	,1791460564691812.036	
1,N/A,EVENT_RESET,19,3055,0.080,1791460564691813.896	,1791460564691813.976	
1,N/A,EVENT_RECORD,19,3056,0.020,1791460564691815.896	,1791460564691815.916	
1,_Z24add_rms_norm_bias_customIfEvPhS0_S0_S0_S0_mmjff,AI_VECTOR_CORE,19,3057,8.280,1791460564691833.776	,1791460564691842.056	
1,N/A,EVENT_RECORD,19,3058,0.020,1791460564691848.976	,1791460564691848.996	
1,N/A,EVENT_RESET,19,3059,0.100,1791460564691921.376	,1791460564691921.476	
1,N/A,EVENT_RESET,19,3060,0.100,1791460564691923.316	,1791460564691923.416	
1,N/A,EVENT_RECORD,19,3061,0.020,1791460564691941.816	,1791460564691941.836	
1,_Z24add_rms_norm_bias_customIfEvPhS0_S0_S0_S0_mmjff,AI_VECTOR_CORE,19,3062,62.020,1791460564691944.076	,1791460564692006.096	
1,N/A,EVENT_RECORD,19,3063,0.020,1791460564692006.116	,1791460564692006.136	
1,N/A,EVENT_RESET,19,3064,0.100,1791460564692063.720	,1791460564692063.820	
1,N/A,EVENT_RESET,19,3065,0.080,1791460564692065.500	,1791460564692065.580	
1,N/A,EVENT_RECORD,19,3066,0.020,1791460564692067.580	,1791460564692067.600	
1,_Z24add_rms_norm_bias_customIfEvPhS0_S0_S0_S0_mmjff,AI_VECTOR_CORE,19,3067,8.540,1791460564692088.120	,1791460564692096.660	
1,N/A,EVENT_RECORD,19,3068,0.020,1791460564692102.840	,1791460564692102.860	
1,N/A,EVENT_RESET,19,3069,0.100,1791460564692167.000	,1791460564692167.100	
1,N/A,EVENT_RESET,19,3070,0.080,1791460564692169.380	,1791460564692169.460	
1,N/A,EVENT_RECORD,19,3071,0.020,1791460564692171.220	,1791460564692171.240	
1,_Z24add_rms_norm_bias_customIfEvPhS0_S0_S0_S0_mmjff,AI_VECTOR_CORE,19,3072,9.800,1791460564692186.640	,1791460564692196.440	
1,N/A,EVENT_RECORD,19,3073,0.020,1791460564692205.620	,1791460564692205.640	
1,N/A,EVENT_RESET,19,3074,0.100,1791460564692277.484	,1791460564692277.584	
1,N/A,EVENT_RESET,19,3075,0.100,1791460564692279.384	,1791460564692279.484	
1,N/A,EVENT_RECORD,19,3076,0.020,1791460564692281.284	,1791460564692281.304	
1,_Z24add_rms_norm_bias_customIfEvPhS0_S0_S0_S0_mmjff,AI_VECTOR_CORE,19,3077,9.340,1791460564692296.484	,1791460564692305.824	
1,N/A,EVENT_RECORD,19,3078,0.000,1791460564692309.384	,1791460564692309.384	
1,N/A,EVENT_RESET,19,3079,0.080,1791460564692382.684	,1791460564692382.764	
1,N/A,EVENT_RESET,19,3080,0.100,1791460564692384.964	,1791460564692385.064	
1,N/A,EVENT_RECORD,19,3081,0.020,1791460564692386.864	,1791460564692386.884	
1,_Z24add_rms_norm_bias_customIfEvPhS0_S0_S0_S0_mmjff,AI_VECTOR_CORE,19,3082,8.500,1791460564692409.228	,1791460564692417.728	
1,N/A,EVENT_RECORD,19,3083,0.020,1791460564692417.748	,1791460564692417.768	
1,N/A,EVENT_RESET,19,3084,0.100,1791460564692487.908	,1791460564692488.008	
1,N/A,EVENT_RESET,19,3085,0.100,1791460564692489.768	,1791460564692489.868	
1,N/A,EVENT_RECORD,19,3086,0.000,1791460564692491.708	,1791460564692491.708	
1,_Z24add_rms_norm_bias_customIfEvPhS0_S0_S0_S0_mmjff,AI_VECTOR_CORE,19,3087,7.840,1791460564692507.468	,1791460564692515.308	
1,N/A,EVENT_RECORD,19,3088,0.020,1791460564692516.548	,1791460564692516.568	
1,N/A,EVENT_RESET,19,3089,0.080,1791460564692588.508	,1791460564692588.588	
1,N/A,EVENT_RESET,19,3090,0.100,1791460564692590.448	,1791460564692590.548	
1,N/A,EVENT_RECORD,19,3091,0.020,1791460564692597.688	,1791460564692597.708	
1,_Z24add_rms_norm_bias_customIfEvPhS0_S0_S0_S0_mmjff,AI_VECTOR_CORE,19,3092,8.784,1791460564692614.268	,1791460564692623.052	
1,N/A,EVENT_RECORD,19,3093,0.020,1791460564692628.432	,1791460564692628.452	
1,N/A,EVENT_RESET,19,3094,0.080,1791460564692699.292	,1791460564692699.372	
1,N/A,EVENT_RESET,19,3095,0.100,1791460564692702.312	,1791460564692702.412	
1,N/A,EVENT_RECORD,19,3096,0.000,1791460564692704.912	,1791460564692704.912	
1,_Z24add_rms_norm_bias_customIfEvPhS0_S0_S0_S0_mmjff,AI_VECTOR_CORE,19,3097,8.520,1791460564692721.792	,1791460564692730.312	
1,N/A,EVENT_RECORD,19,3098,0.020,1791460564692730.332	,1791460564692730.352	
1,N/A,EVENT_RESET,19,3099,0.080,1791460564692819.396	,1791460564692819.476	
1,N/A,EVENT_RESET,19,3100,0.080,1791460564692827.736	,1791460564692827.816	
1,N/A,EVENT_RECORD,19,3101,0.020,1791460564692832.616	,1791460564692832.636	
1,_Z24add_rms_norm_bias_customIfEvPhS0_S0_S0_S0_mmjff,AI_VECTOR_CORE,19,3102,73.340,1791460564692839.296	,1791460564692912.636	
1,N/A,EVENT_RECORD,19,3103,0.020,1791460564692912.656	,1791460564692912.676	
1,N/A,EVENT_RECORD,19,3104,0.000,1791460564692912.836	,1791460564692912.836	
1,N/A,EVENT_RESET,19,3105,0.080,1791460564692977.316	,1791460564692977.396	
1,N/A,EVENT_RESET,19,3106,0.100,1791460564692980.436	,1791460564692980.536	
1,N/A,EVENT_RECORD,19,3107,0.020,1791460564692984.936	,1791460564692984.956	
1,_Z24add_rms_norm_bias_customIfEvPhS0_S0_S0_S0_mmjff,AI_VECTOR_CORE,19,3108,7.240,1791460564692999.836	,1791460564693007.076	
1,N/A,EVENT_RECORD,19,3109,0.020,1791460564693022.140	,1791460564693022.160	
1,N/A,EVENT_RESET,19,3110,0.080,1791460564693099.520	,1791460564693099.600	
1,N/A,EVENT_RESET,19,3111,0.100,1791460564693105.100	,1791460564693105.200	
1,N/A,EVENT_RECORD,19,3112,0.020,1791460564693110.020	,1791460564693110.040	
1,_Z24add_rms_norm_bias_customIfEvPhS0_S0_S0_S0_mmjff,AI_VECTOR_CORE,19,3113,6.340,1791460564693119.480	,1791460564693125.820	
1,N/A,EVENT_RECORD,19,3114,0.020,1791460564693125.840	,1791460564693125.860	
1,N/A,EVENT_RESET,19,3115,0.100,1791460564693202.300	,1791460564693202.400	
1,N/A,EVENT_RESET,19,3116,0.100,1791460564693205.200	,1791460564693205.300	
1,N/A,EVENT_RECORD,19,3117,0.000,1791460564693208.620	,1791460564693208.620	
1,_Z24add_rms_norm_bias_customIfEvPhS0_S0_S0_S0_mmjff,AI_VECTOR_CORE,19,3118,107.260,1791460564693235.324	,1791460564693342.584	
1,N/A,EVENT_RECORD,19,3119,0.020,1791460564693342.604	,1791460564693342.624	
1,N/A,EVENT_RECORD,19,3120,0.000,1791460564693342.784	,1791460564693342.784	
1,_Z24add_rms_norm_bias_customIfEvPhS0_S0_S0_S0_mmjff,AI_VECTOR_CORE,19,3121,64.720,1791460564693425.928	,1791460564693490.648	
1,N/A,EVENT_RECORD,19,3122,0.020,1791460564693490.668	,1791460564693490.688	
1,N/A,EVENT_RESET,19,3123,0.080,1791460564693541.428	,1791460564693541.508	
1,N/A,EVENT_RESET,19,3124,0.080,1791460564693546.888	,1791460564693546.968	
1,N/A,EVENT_RECORD,19,3125,0.020,1791460564693553.168	,1791460564693553.188	
1,_Z24add_rms_norm_bias_customIfEvPhS0_S0_S0_S0_mmjff,AI_VECTOR_CORE,19,3126,7.860,1791460564693562.208	,1791460564693570.068	
1,N/A,EVENT_RECORD,19,3127,0.020,1791460564693577.208	,1791460564693577.228	
1,N/A,EVENT_RESET,19,3128,0.100,1791460564693661.492	,1791460564693661.592	
1,N/A,EVENT_RESET,19,3129,0.080,1791460564693664.452	,1791460564693664.532	
1,N/A,EVENT_RECORD,19,3130,0.020,1791460564693666.332	,1791460564693666.352	
1,_Z24add_rms_norm_bias_customIfEvPhS0_S0_S0_S0_mmjff,AI_VECTOR_CORE,19,3131,207.584,1791460564693683.212	,1791460564693890.796	
1,N/A,EVENT_RECORD,19,3132,0.020,1791460564693890.816	,1791460564693890.836	
1,N/A,EVENT_RECORD,19,3133,0.000,1791460564693890.996	,1791460564693890.996	
1,N/A,EVENT_RESET,19,3134,0.100,1791460564693953.576	,1791460564693953.676	
1,N/A,EVENT_RESET,19,3135,0.100,1791460564693958.636	,1791460564693958.736	
1,N/A,EVENT_RECORD,19,3136,0.020,1791460564693967.496	,1791460564693967.516	
1,_Z24add_rms_norm_bias_customIfEvPhS0_S0_S0_S0_mmjff,AI_VECTOR_CORE,19,3137,20.600,1791460564693980.636	,1791460564694001.236	
1,N/A,EVENT_RECORD,19,3138,0.020,1791460564694006.476	,1791460564694006.496	
1,N/A,EVENT_RESET,19,3139,0.100,1791460564694068.960	,1791460564694069.060	
1,N/A,EVENT_RESET,19,3140,0.100,1791460564694072.660	,1791460564694072.760	
1,N/A,EVENT_RECORD,19,3141,0.020,1791460564694085.260	,1791460564694085.280	
1,_Z24add_rms_norm_bias_customIfEvPhS0_S0_S0_S0_mmjff,AI_VECTOR_CORE,19,3142,15.280,1791460564694105.840	,1791460564694121.120	
1,N/A,EVENT_RECORD,19,3143,0.020,1791460564694121.140	,1791460564694121.160	
1,N/A,EVENT_RESET,19,3144,0.080,1791460564694190.420	,1791460564694190.500	
1,N/A,EVENT_RESET,19,3145,0.100,1791460564694195.820	,1791460564694195.920	
1,N/A,EVENT_RECORD,19,3146,0.020,1791460564694201.900	,1791460564694201.920	
1,_Z24add_rms_norm_bias_customIfEvPhS0_S0_S0_S0_mmjff,AI_VECTOR_CORE,19,3147,38.940,1791460564694213.284	,1791460564694252.224	
1,N/A,EVENT_RECORD,19,3148,0.020,1791460564694252.244	,1791460564694252.264	
1,N/A,EVENT_RESET,19,3149,0.080,1791460564694313.944	,1791460564694314.024	
1,N/A,EVENT_RESET,19,3150,0.100,1791460564694319.384	,1791460564694319.484	
1,N/A,EVENT_RECORD,19,3151,0.020,1791460564694324.864	,1791460564694324.884	
1,_Z24add_rms_norm_bias_customIfEvPhS0_S0_S0_S0_mmjff,AI_VECTOR_CORE,19,3152,17.560,1791460564694332.004	,1791460564694349.564	
1,N/A,EVENT_RECORD,19,3153,0.020,1791460564694349.584	,1791460564694349.604	
1,N/A,EVENT_RESET,19,3154,0.080,1791460564694415.388	,1791460564694415.468	
1,N/A,EVENT_RESET,19,3155,0.100,1791460564694417.768	,1791460564694417.868	
1,N/A,EVENT_RECORD,19,3156,0.020,1791460564694425.508	,1791460564694425.528	
1,_Z24add_rms_norm_bias_customIfEvPhS0_S0_S0_S0_mmjff,AI_VECTOR_CORE,19,3157,7.480,1791460564694442.588	,1791460564694450.068	
1,N/A,EVENT_RECORD,19,3158,0.020,1791460564694456.588	,1791460564694456.608	
1,N/A,EVENT_RESET,19,3159,0.100,1791460564694521.448	,1791460564694521.548	
1,N/A,EVENT_RESET,19,3160,0.080,1791460564694523.648	,1791460564694523.728	
1,N/A,EVENT_RECORD,19,3161,0.020,1791460564694528.408	,1791460564694528.428	
1,_Z24add_rms_norm_bias_customIfEvPhS0_S0_S0_S0_mmjff,AI_VECTOR_CORE,19,3162,6.000,1791460564694543.028	,1791460564694549.028	
1,N/A,EVENT_RECORD,19,3163,0.020,1791460564694561.868	,1791460564694561.888	
1,N/A,EVENT_RESET,19,3164,0.080,1791460564694646.412	,1791460564694646.492	
1,N/A,EVENT_RESET,19,3165,0.100,1791460564694651.672	,1791460564694651.772	
1,N/A,EVENT_RECORD,19,3166,0.020,1791460564694659.572	,1791460564694659.592	
1,_Z24add_rms_norm_bias_customIfEvPhS0_S0_S0_S0_mmjff,AI_VECTOR_CORE,19,3167,34.280,1791460564694664.332	,1791460564694698.612	
1,N/A,EVENT_RECORD,19,3168,0.020,1791460564694698.632	,1791460564694698.652	
1,N/A,EVENT_RESET,19,3169,0.080,1791460564694758.772	,1791460564694758.852	
1,N/A,EVENT_RESET,19,3170,0.100,1791460564694765.052	,1791460564694765.152	
1,N/A,EVENT_RECORD,19,3171,0.020,1791460564694776.732	,1791460564694776.752	
1,_Z24add_rms_norm_bias_customIfEvPhS0_S0_S0_S0_mmjff,AI_VECTOR_CORE,19,3172,19.600,1791460564694784.052	,1791460564694803.652	
1,N/A,EVENT_RECORD,19,3173,0.000,1791460564694803.692	,1791460564694803.692	
1,N/A,EVENT_RESET,19,3174,0.100,1791460564694867.636	,1791460564694867.736	
1,N/A,EVENT_RESET,19,3175,0.100,1791460564694873.056	,1791460564694873.156	
1,N/A,EVENT_RECORD,19,3176,0.020,1791460564694878.276	,1791460564694878.296	
1,_Z24add_rms_norm_bias_customIfEvPhS0_S0_S0_S0_mmjff,AI_VECTOR_CORE,19,3177,432.288,1791460564694888.836	,1791460564695321.124	
1,N/A,EVENT_RECORD,19,3178,0.020,1791460564695321.144	,1791460564695321.164	
1,N/A,EVENT_RECORD,19,3179,0.000,1791460564695321.324	,1791460564695321.324	
1,N/A,EVENT_RESET,19,3180,0.080,1791460564695394.864	,1791460564695394.944	
1,N/A,EVENT_RESET,19,3181,0.080,1791460564695398.424	,1791460564695398.504	
1,N/A,EVENT_RECORD,19,3182,0.000,1791460564695403.004	,1791460564695403.004	
1,_Z24add_rms_norm_bias_customIfEvPhS0_S0_S0_S0_mmjff,AI_VECTOR_CORE,19,3183,29.940,1791460564695419.108	,1791460564695449.048	
1,N/A,EVENT_RECORD,19,3184,0.020,1791460564695449.068	,1791460564695449.088	
1,N/A,EVENT_RESET,19,3185,0.080,1791460564695517.828	,1791460564695517.908	
1,N/A,EVENT_RESET,19,3186,0.100,1791460564695522.508	,1791460564695522.608	
1,N/A,EVENT_RECORD,19,3187,0.020,1791460564695528.148	,1791460564695528.168	
1,_Z24add_rms_norm_bias_customIfEvPhS0_S0_S0_S0_mmjff,AI_VECTOR_CORE,19,3188,10.340,1791460564695535.868	,1791460564695546.208	
1,N/A,EVENT_RECORD,19,3189,0.020,1791460564695554.628	,1791460564695554.648	
1,N/A,EVENT_RESET,19,3190,0.080,1791460564695625.872	,1791460564695625.952	
1,N/A,EVENT_RESET,19,3191,0.100,1791460564695632.412	,1791460564695632.512	
1,N/A,EVENT_RECORD,19,3192,0.020,1791460564695638.792	,1791460564695638.812	
1,_Z24add_rms_norm_bias_customIfEvPhS0_S0_S0_S0_mmjff,AI_VECTOR_CORE,19,3193,58.720,1791460564695647.432	,1791460564695706.152	
1,N/A,EVENT_RECORD,19,3194,0.020,1791460564695706.172	,1791460564695706.192	
1,N/A,EVENT_RESET,19,3195,0.100,1791460564695763.212	,1791460564695763.312	
1,N/A,EVENT_RESET,19,3196,0.080,1791460564695766.012	,1791460564695766.092	
1,N/A,EVENT_RECORD,19,3197,0.000,1791460564695777.012	,1791460564695777.012	
1,_Z24add_rms_norm_bias_customIfEvPhS0_S0_S0_S0_mmjff,AI_VECTOR_CORE,19,3198,12.380,1791460564695790.252	,1791460564695802.632	
1,N/A,EVENT_RECORD,19,3199,0.020,1791460564695809.092	,1791460564695809.112	
1,N/A,EVENT_RESET,19,3200,0.100,1791460564695873.576	,1791460564695873.676	
1,N/A,EVENT_RESET,19,3201,0.080,1791460564695876.436	,1791460564695876.516	
1,N/A,EVENT_RECORD,19,3202,0.020,1791460564695880.876	,1791460564695880.896	
1,_Z24add_rms_norm_bias_customIfEvPhS0_S0_S0_S0_mmjff,AI_VECTOR_CORE,19,3203,11.960,1791460564695896.596	,1791460564695908.556	
1,N/A,EVENT_RECORD,19,3204,0.020,1791460564695912.836	,1791460564695912.856	
1,N/A,EVENT_RESET,19,3205,0.100,1791460564695998.076	,1791460564695998.176	
1,N/A,EVENT_RESET,19,3206,0.100,1791460564696000.596	,1791460564696000.696	
1,N/A,EVENT_RECORD,19,3207,0.020,1791460564696002.676	,1791460564696002.696	
1,_Z24add_rms_norm_bias_customIfEvPhS0_S0_S0_S0_mmjff,AI_VECTOR_CORE,19,3208,8.624,1791460564696004.876	,1791460564696013.500	
1,N/A,EVENT_RECORD,19,3209,0.020,1791460564696022.880	,1791460564696022.900	
1,N/A,EVENT_RESET,19,3210,0.100,1791460564696100.200	,1791460564696100.300	
1,N/A,EVENT_RESET,19,3211,0.080,1791460564696103.580	,1791460564696103.660	
1,N/A,EVENT_RECORD,19,3212,0.020,1791460564696105.420	,1791460564696105.440	
1,_Z24add_rms_norm_bias_customIfEvPhS0_S0_S0_S0_mmjff,AI_VECTOR_CORE,19,3213,7.980,1791460564696122.500	,1791460564696130.480	
1,N/A,EVENT_RECORD,19,3214,0.020,1791460564696134.360	,1791460564696134.380	
1,N/A,EVENT_RESET,19,3215,0.080,1791460564696207.680	,1791460564696207.760	
1,N/A,EVENT_RESET,19,3216,0.104,1791460564696211.020	,1791460564696211.124	
1,N/A,EVENT_RECORD,19,3217,0.016,1791460564696214.884	,1791460564696214.900	
1,_Z24add_rms_norm_bias_customIfEvPhS0_S0_S0_S0_mmjff,AI_VECTOR_CORE,19,3218,8.120,1791460564696230.064	,1791460564696238.184	
1,N/A,EVENT_RECORD,19,3219,0.020,1791460564696250.344	,1791460564696250.364	
1,N/A,EVENT_RESET,19,3220,0.080,1791460564696324.724	,1791460564696324.804	
1,N/A,EVENT_RESET,19,3221,0.080,1791460564696328.964	,1791460564696329.044	
1,N/A,EVENT_RECORD,19,3222,0.000,1791460564696331.204	,1791460564696331.204	
1,_Z24add_rms_norm_bias_customIfEvPhS0_S0_S0_S0_mmjff,AI_VECTOR_CORE,19,3223,9.400,1791460564696361.324	,1791460564696370.724	
1,N/A,EVENT_RECORD,19,3224,0.020,1791460564696370.744	,1791460564696370.764	
1,N/A,EVENT_RESET,19,3225,0.100,1791460564696436.728	,1791460564696436.828	
1,N/A,EVENT_RESET,19,3226,0.080,1791460564696438.568	,1791460564696438.648	
1,N/A,EVENT_RECORD,19,3227,0.020,1791460564696444.108	,1791460564696444.128	
1,_Z24add_rms_norm_bias_customIfEvPhS0_S0_S0_S0_mmjff,AI_VECTOR_CORE,19,3228,8.080,1791460564696461.148	,1791460564696469.228	
1,N/A,EVENT_RECORD,19,3229,0.020,1791460564696477.848	,1791460564696477.868	
1,N/A,EVENT_RESET,19,3230,0.080,1791460564696545.468	,1791460564696545.548	
1,N/A,EVENT_RESET,19,3231,0.080,1791460564696547.428	,1791460564696547.508	
1,N/A,EVENT_RECORD,19,3232,0.020,1791460564696549.648	,1791460564696549.668	
1,_Z24add_rms_norm_bias_customIfEvPhS0_S0_S0_S0_mmjff,AI_VECTOR_CORE,19,3233,53.664,1791460564696563.548	,1791460564696617.212	
1,N/A,EVENT_RECORD,19,3234,0.024,1791460564696617.228	,1791460564696617.252	
1,N/A,EVENT_RECORD,19,3235,0.000,1791460564696640.632	,1791460564696640.632	
1,N/A,EVENT_RESET,19,3236,0.100,1791460564696686.552	,1791460564696686.652	
1,N/A,EVENT_RESET,19,3237,0.100,1791460564696689.612	,1791460564696689.712	
1,N/A,EVENT_RECORD,19,3238,0.020,1791460564696700.712	,1791460564696700.732	
1,_Z24add_rms_norm_bias_customIfEvPhS0_S0_S0_S0_mmjff,AI_VECTOR_CORE,19,3239,8.220,1791460564696715.112	,1791460564696723.332	
1,N/A,EVENT_RECORD,19,3240,0.020,1791460564696733.072	,1791460564696733.092	
1,N/A,EVENT_RESET,19,3241,0.096,1791460564696813.676	,1791460564696813.772	
1,N/A,EVENT_RESET,19,3242,0.096,1791460564696817.756	,1791460564696817.852	
1,N/A,EVENT_RECORD,19,3243,0.000,1791460564696819.756	,1791460564696819.756	
1,_Z24add_rms_norm_bias_customIfEvPhS0_S0_S0_S0_mmjff,AI_VECTOR_CORE,19,3244,8.000,1791460564696841.476	,1791460564696849.476	
1,N/A,EVENT_RECORD,19,3245,0.020,1791460564696849.496	,1791460564696849.516	
1,N/A,EVENT_RESET,19,3246,0.080,1791460564696917.996	,1791460564696918.076	
1,N/A,EVENT_RESET,19,3247,0.100,1791460564696920.396	,1791460564696920.496	
1,N/A,EVENT_RECORD,19,3248,0.020,1791460564696922.276	,1791460564696922.296	
1,_Z24add_rms_norm_bias_customIfEvPhS0_S0_S0_S0_mmjff,AI_VECTOR_CORE,19,3249,8.100,1791460564696937.596	,1791460564696945.696	
1,N/A,EVENT_RECORD,19,3250,0.020,1791460564696952.696	,1791460564696952.716	
1,N/A,EVENT_RESET,19,3251,0.080,1791460564697024.780	,1791460564697024.860	
1,N/A,EVENT_RESET,19,3252,0.080,1791460564697028.540	,1791460564697028.620	
1,N/A,EVENT_RECORD,19,3253,0.020,1791460564697030.300	,1791460564697030.320	
1,_Z24add_rms_norm_bias_customIfEvPhS0_S0_S0_S0_mmjff,AI_VECTOR_CORE,19,3254,7.800,1791460564697047.140	,1791460564697054.940	
1,N/A,EVENT_RECORD,19,3255,0.000,1791460564697054.980	,1791460564697054.980	
1,N/A,EVENT_RESET,19,3256,0.100,1791460564697130.320	,1791460564697130.420	
1,N/A,EVENT_RESET,19,3257,0.100,1791460564697132.440	,1791460564697132.540	
1,N/A,EVENT_RECORD,19,3258,0.020,1791460564697138.520	,1791460564697138.540	
1,_Z24add_rms_norm_bias_customIfEvPhS0_S0_S0_S0_mmjff,AI_VECTOR_CORE,19,3259,7.900,1791460564697145.860	,1791460564697153.760	
1,N/A,EVENT_RECORD,19,3260,0.020,1791460564697160.420	,1791460564697160.440	
1,N/A,EVENT_RESET,19,3261,0.080,1791460564697245.864	,1791460564697245.944	
1,N/A,EVENT_RESET,19,3262,0.100,1791460564697249.824	,1791460564697249.924	
1,N/A,EVENT_RECORD,19,3263,0.020,1791460564697251.624	,1791460564697251.644	
1,_Z24add_rms_norm_bias_customIfEvPhS0_S0_S0_S0_mmjff,AI_VECTOR_CORE,19,3264,8.680,1791460564697253.524	,1791460564697262.204	
1,N/A,EVENT_RECORD,19,3265,0.020,1791460564697276.544	,1791460564697276.564	
1,N/A,EVENT_RESET,19,3266,0.100,1791460564697341.764	,1791460564697341.864	
1,N/A,EVENT_RESET,19,3267,0.100,1791460564697345.564	,1791460564697345.664	
1,N/A,EVENT_RECORD,19,3268,0.020,1791460564697349.704	,1791460564697349.724	
1,_Z24add_rms_norm_bias_customIfEvPhS0_S0_S0_S0_mmjff,AI_VECTOR_CORE,19,3269,7.240,1791460564697366.884	,1791460564697374.124	
1,N/A,EVENT_RECORD,19,3270,0.020,1791460564697388.244	,1791460564697388.264	
1,N/A,EVENT_RESET,19,3271,0.100,1791460564697454.928	,1791460564697455.028	
1,N/A,EVENT_RESET,19,3272,0.100,1791460564697457.588	,1791460564697457.688	
1,N/A,EVENT_RECORD,19,3273,0.020,1791460564697459.728	,1791460564697459.748	
1,_Z24add_rms_norm_bias_customIfEvPhS0_S0_S0_S0_mmjff,AI_VECTOR_CORE,19,3274,98.860,1791460564697474.708	,1791460564697573.568	
1,N/A,EVENT_RECORD,19,3275,0.020,1791460564697573.588	,1791460564697573.608	
1,N/A,EVENT_RECORD,19,3276,0.000,1791460564697573.768	,1791460564697573.768	
1,N/A,EVENT_RESET,19,3277,0.100,1791460564697636.632	,1791460564697636.732	
1,N/A,EVENT_RESET,19,3278,0.100,1791460564697640.092	,1791460564697640.192	
1,N/A,EVENT_RECORD,19,3279,0.020,1791460564697643.072	,1791460564697643.092	
1,_Z24add_rms_norm_bias_customIfEvPhS0_S0_S0_S0_mmjff,AI_VECTOR_CORE,19,3280,7.240,1791460564697662.732	,1791460564697669.972	
1,N/A,EVENT_RECORD,19,3281,0.020,1791460564697683.752	,1791460564697683.772	
1,N/A,EVENT_RESET,19,3282,0.080,1791460564697748.192	,1791460564697748.272	
1,N/A,EVENT_RESET,19,3283,0.080,1791460564697750.372	,1791460564697750.452	
1,N/A,EVENT_RECORD,19,3284,0.020,1791460564697752.032	,1791460564697752.052	
1,_Z24add_rms_norm_bias_customIfEvPhS0_S0_S0_S0_mmjff,AI_VECTOR_CORE,19,3285,6.600,1791460564697768.712	,1791460564697775.312	
1,N/A,EVENT_RECORD,19,3286,0.020,1791460564697783.512	,1791460564697783.532	
1,_Z24add_rms_norm_bias_customIfEvPhS0_S0_S0_S0_mmjff,AI_VECTOR_CORE,19,3287,6.720,1791460564697910.796	,1791460564697917.516	
1,N/A,EVENT_RESET,19,3288,0.100,1791460564697957.936	,1791460564697958.036	
1,N/A,EVENT_RESET,19,3289,0.100,1791460564697961.316	,1791460564697961.416	
1,N/A,EVENT_RECORD,19,3290,0.020,1791460564697962.936	,1791460564697962.956	
1,_Z24add_rms_norm_bias_customIfEvPhS0_S0_S0_S0_mmjff,AI_VECTOR_CORE,19,3291,7.500,1791460564697987.056	,1791460564697994.556	
1,N/A,EVENT_RECORD,19,3292,0.020,1791460564697994.576	,1791460564697994.596	
1,N/A,EVENT_RESET,19,3293,0.080,1791460564698063.960	,1791460564698064.040	
1,N/A,EVENT_RESET,19,3294,0.100,1791460564698068.680	,1791460564698068.780	
1,N/A,EVENT_RECORD,19,3295,0.020,1791460564698082.580	,1791460564698082.600	
1,_Z24add_rms_norm_bias_customIfEvPhS0_S0_S0_S0_mmjff,AI_VECTOR_CORE,19,3296,7.360,1791460564698085.820	,1791460564698093.180	
1,N/A,EVENT_RECORD,19,3297,0.020,1791460564698107.360	,1791460564698107.380	
1,N/A,EVENT_RESET,19,3298,0.080,1791460564698178.160	,1791460564698178.240	
1,N/A,EVENT_RESET,19,3299,0.100,1791460564698181.700	,1791460564698181.800	
1,N/A,EVENT_RECORD,19,3300,0.020,1791460564698184.080	,1791460564698184.100	
1,_Z24add_rms_norm_bias_customIfEvPhS0_S0_S0_S0_mmjff,AI_VECTOR_CORE,19,3301,7.640,1791460564698202.980	,1791460564698210.620	
1,N/A,EVENT_RECORD,19,3302,0.024,1791460564698214.340	,1791460564698214.364	
1,N/A,EVENT_RESET,19,3303,0.100,1791460564698286.304	,1791460564698286.404	
1,N/A,EVENT_RESET,19,3304,0.100,1791460564698288.664	,1791460564698288.764	
1,N/A,EVENT_RECORD,19,3305,0.020,1791460564698290.824	,1791460564698290.844	
1,_Z24add_rms_norm_bias_customIfEvPhS0_S0_S0_S0_mmjff,AI_VECTOR_CORE,19,3306,7.140,1791460564698317.004	,1791460564698324.144	
1,N/A,EVENT_RECORD,19,3307,0.020,1791460564698324.164	,1791460564698324.184	
1,N/A,EVENT_RESET,19,3308,0.080,1791460564698390.864	,1791460564698390.944	
1,N/A,EVENT_RESET,19,3309,0.080,1791460564698395.584	,1791460564698395.664	
1,N/A,EVENT_RECORD,19,3310,0.020,1791460564698400.084	,1791460564698400.104	
1,_Z24add_rms_norm_bias_customIfEvPhS0_S0_S0_S0_mmjff,AI_VECTOR_CORE,19,3311,5.140,1791460564698417.468	,1791460564698422.608	
1,N/A,EVENT_RECORD,19,3312,0.020,1791460564698443.168	,1791460564698443.188	
1,N/A,EVENT_RESET,19,3313,0.100,1791460564698505.468	,1791460564698505.568	
1,N/A,EVENT_RESET,19,3314,0.100,1791460564698508.488	,1791460564698508.588	
1,N/A,EVENT_RECORD,19,3315,0.020,1791460564698510.868	,1791460564698510.888	
1,_Z24add_rms_norm_bias_customIfEvPhS0_S0_S0_S0_mmjff,AI_VECTOR_CORE,19,3316,7.180,1791460564698528.188	,1791460564698535.368	
1,N/A,EVENT_RECORD,19,3317,0.020,1791460564698544.668	,1791460564698544.688	
1,N/A,EVENT_RESET,19,3318,0.100,1791460564698621.132	,1791460564698621.232	
1,N/A,EVENT_RESET,19,3319,0.080,1791460564698625.232	,1791460564698625.312	
1,N/A,EVENT_RECORD,19,3320,0.020,1791460564698627.372	,1791460564698627.392	
1,_Z24add_rms_norm_bias_customIfEvPhS0_S0_S0_S0_mmjff,AI_VECTOR_CORE,19,3321,81.340,1791460564698643.472	,1791460564698724.812	
1,N/A,EVENT_RECORD,19,3322,0.020,1791460564698724.832	,1791460564698724.852	
1,N/A,EVENT_RECORD,19,3323,0.000,1791460564698725.012	,1791460564698725.012	
1,N/A,EVENT_RESET,19,3324,0.080,1791460564698783.712	,1791460564698783.792	
1,N/A,EVENT_RESET,19,3325,0.100,1791460564698796.052	,1791460564698796.152	
1,N/A,EVENT_RECORD,19,3326,0.020,1791460564698799.552	,1791460564698799.572	
1,_Z24add_rms_norm_bias_customIfEvPhS0_S0_S0_S0_mmjff,AI_VECTOR_CORE,19,3327,9.060,1791460564698816.596	,1791460564698825.656	
1,N/A,EVENT_RECORD,19,3328,0.020,1791460564698834.296	,1791460564698834.316	
1,N/A,EVENT_RESET,19,3329,0.080,1791460564698917.756	,1791460564698917.836	
1,N/A,EVENT_RESET,19,3330,0.080,1791460564698922.656	,1791460564698922.736	
1,N/A,EVENT_RECORD,19,3331,0.020,1791460564698927.316	,1791460564698927.336	
1,_Z24add_rms_norm_bias_customIfEvPhS0_S0_S0_S0_mmjff,AI_VECTOR_CORE,19,3332,77.824,1791460564698947.256	,1791460564699025.080	
1,N/A,EVENT_RECORD,19,3333,0.000,1791460564699025.120	,1791460564699025.120	
1,N/A,EVENT_RECORD,19,3334,0.020,1791460564699025.280	,1791460564699025.300	
1,N/A,EVENT_RESET,19,3335,0.100,1791460564699097.400	,1791460564699097.500	
1,N/A,EVENT_RESET,19,3336,0.100,1791460564699101.120	,1791460564699101.220	
1,N/A,EVENT_RECORD,19,3337,0.020,1791460564699104.120	,1791460564699104.140	
1,_Z24add_rms_norm_bias_customIfEvPhS0_S0_S0_S0_mmjff,AI_VECTOR_CORE,19,3338,6.780,1791460564699118.880	,1791460564699125.660	
1,N/A,EVENT_RECORD,19,3339,0.020,1791460564699125.680	,1791460564699125.700	
1,N/A,EVENT_RESET,19,3340,0.100,1791460564699213.560	,1791460564699213.660	
1,N/A,EVENT_RESET,19,3341,0.096,1791460564699217.764	,1791460564699217.860	
1,N/A,EVENT_RECORD,19,3342,0.020,1791460564699221.844	,1791460564699221.864	
1,_Z24add_rms_norm_bias_customIfEvPhS0_S0_S0_S0_mmjff,AI_VECTOR_CORE,19,3343,9.940,1791460564699224.444	,1791460564699234.384	
1,N/A,EVENT_RECORD,19,3344,0.000,1791460564699249.444	,1791460564699249.444	
1,N/A,EVENT_RESET,19,3345,0.100,1791460564699321.764	,1791460564699321.864	
1,N/A,EVENT_RESET,19,3346,0.100,1791460564699327.804	,1791460564699327.904	
1,N/A,EVENT_RECORD,19,3347,0.020,1791460564699329.864	,1791460564699329.884	
1,_Z24add_rms_norm_bias_customIfEvPhS0_S0_S0_S0_mmjff,AI_VECTOR_CORE,19,3348,11.180,1791460564699333.504	,1791460564699344.684	
1,N/A,EVENT_RECORD,19,3349,0.020,1791460564699367.124	,1791460564699367.144	
1,N/A,EVENT_RESET,19,3350,0.080,1791460564699437.008	,1791460564699437.088	
1,N/A,EVENT_RESET,19,3351,0.100,1791460564699440.528	,1791460564699440.628	
1,N/A,EVENT_RECORD,19,3352,0.020,1791460564699444.588	,1791460564699444.608	
1,_Z24add_rms_norm_bias_customIfEvPhS0_S0_S0_S0_mmjff,AI_VECTOR_CORE,19,3353,8.180,1791460564699453.028	,1791460564699461.208	
1,N/A,EVENT_RECORD,19,3354,0.000,1791460564699484.648	,1791460564699484.648	
1,N/A,EVENT_RESET,19,3355,0.100,1791460564699560.168	,1791460564699560.268	
1,N/A,EVENT_RESET,19,3356,0.100,1791460564699567.088	,1791460564699567.188	
1,N/A,EVENT_RECORD,19,3357,0.020,1791460564699575.728	,1791460564699575.748	
1,_Z24add_rms_norm_bias_customIfEvPhS0_S0_S0_S0_mmjff,AI_VECTOR_CORE,19,3358,14.540,1791460564699581.888	,1791460564699596.428	
1,N/A,EVENT_RECORD,19,3359,0.020,1791460564699598.708	,1791460564699598.728	
1,N/A,EVENT_RESET,19,3360,0.080,1791460564699670.072	,1791460564699670.152	
1,N/A,EVENT_RESET,19,3361,0.100,1791460564699674.072	,1791460564699674.172	
1,N/A,EVENT_RECORD,19,3362,0.020,1791460564699678.852	,1791460564699678.872	
1,_Z24add_rms_norm_bias_customIfEvPhS0_S0_S0_S0_mmjff,AI_VECTOR_CORE,19,3363,627.092,1791460564699720.892	,1791460564700347.984	
1,N/A,EVENT_RECORD,19,3364,0.020,1791460564700348.004	,1791460564700348.024	
1,N/A,EVENT_RECORD,19,3365,0.000,1791460564700348.184	,1791460564700348.184	
1,N/A,EVENT_RESET,19,3366,0.096,1791460564700418.388	,1791460564700418.484	
1,N/A,EVENT_RESET,19,3367,0.100,1791460564700423.028	,1791460564700423.128	
1,N/A,EVENT_RECORD,19,3368,0.020,1791460564700434.568	,1791460564700434.588	
1,_Z24add_rms_norm_bias_customIfEvPhS0_S0_S0_S0_mmjff,AI_VECTOR_CORE,19,3369,76.140,1791460564700442.128	,1791460564700518.268	
1,N/A,EVENT_RECORD,19,3370,0.020,1791460564700518.288	,1791460564700518.308	
1,N/A,EVENT_RECORD,19,3371,0.020,1791460564700518.448	,1791460564700518.468	
1,N/A,EVENT_RESET,19,3372,0.080,1791460564700571.428	,1791460564700571.508	
1,N/A,EVENT_RESET,19,3373,0.080,1791460564700584.128	,1791460564700584.208	
1,N/A,EVENT_RECORD,19,3374,0.020,1791460564700587.228	,1791460564700587.248	
1,_Z24add_rms_norm_bias_customIfEvPhS0_S0_S0_S0_mmjff,AI_VECTOR_CORE,19,3375,9.140,1791460564700598.268	,1791460564700607.408	
1,N/A,EVENT_RECORD,19,3376,0.000,1791460564700620.412	,1791460564700620.412	
1,N/A,EVENT_RESET,19,3377,0.100,1791460564700696.192	,1791460564700696.292	
1,N/A,EVENT_RESET,19,3378,0.100,1791460564700700.312	,1791460564700700.412	
1,N/A,EVENT_RECORD,19,3379,0.020,1791460564700721.792	,1791460564700721.812	
1,_Z24add_rms_norm_bias_customIfEvPhS0_S0_S0_S0_mmjff,AI_VECTOR_CORE,19,3380,8.260,1791460564700724.892	,1791460564700733.152	
1,N/A,EVENT_RECORD,19,3381,0.020,1791460564700747.052	,1791460564700747.072	
1,N/A,EVENT_RESET,19,3382,0.096,1791460564700818.356	,1791460564700818.452	
1,N/A,EVENT_RESET,19,3383,0.104,1791460564700822.212	,1791460564700822.316	
1,N/A,EVENT_RECORD,19,3384,0.020,1791460564700824.976	,1791460564700824.996	
1,_Z24add_rms_norm_bias_customIfEvPhS0_S0_S0_S0_mmjff,AI_VECTOR_CORE,19,3385,32.300,1791460564700840.576	,1791460564700872.876	
1,N/A,EVENT_RECORD,19,3386,0.020,1791460564700872.896	,1791460564700872.916	
1,N/A,EVENT_RESET,19,3387,0.100,1791460564700936.796	,1791460564700936.896	
1,N/A,EVENT_RESET,19,3388,0.080,1791460564700939.536	,1791460564700939.616	
1,N/A,EVENT_RECORD,19,3389,0.020,1791460564700946.136	,1791460564700946.156	
1,_Z24add_rms_norm_bias_customIfEvPhS0_S0_S0_S0_mmjff,AI_VECTOR_CORE,19,3390,8.800,1791460564700954.056	,1791460564700962.856	
1,N/A,EVENT_RECORD,19,3391,0.020,1791460564700968.896	,1791460564700968.916	
1,N/A,EVENT_RESET,19,3392,0.100,1791460564701045.900	,1791460564701046.000	
1,N/A,EVENT_RESET,19,3393,0.100,1791460564701048.220	,1791460564701048.320	
1,N/A,EVENT_RECORD,19,3394,0.020,1791460564701060.440	,1791460564701060.460	
1,_Z24add_rms_norm_bias_customIfEvPhS0_S0_S0_S0_mmjff,AI_VECTOR_CORE,19,3395,7.440,1791460564701067.140	,1791460564701074.580	
1,N/A,EVENT_RECORD,19,3396,0.020,1791460564701085.480	,1791460564701085.500	
1,N/A,EVENT_RESET,19,3397,0.100,1791460564701154.920	,1791460564701155.020	
1,N/A,EVENT_RESET,19,3398,0.100,1791460564701158.460	,1791460564701158.560	
1,N/A,EVENT_RECORD,19,3399,0.020,1791460564701171.520	,1791460564701171.540	
1,_Z24add_rms_norm_bias_customIfEvPhS0_S0_S0_S0_mmjff,AI_VECTOR_CORE,19,3400,157.024,1791460564701180.140	,1791460564701337.164	
1,N/A,EVENT_RECORD,19,3401,0.020,1791460564701337.184	,1791460564701337.204	
1,N/A,EVENT_RECORD,19,3402,0.020,1791460564701337.344	,1791460564701337.364	
1,N/A,EVENT_RESET,19,3403,0.100,1791460564701405.844	,1791460564701405.944	
1,N/A,EVENT_RESET,19,3404,0.100,1791460564701411.084	,1791460564701411.184	
1,N/A,EVENT_RECORD,19,3405,0.020,1791460564701415.404	,1791460564701415.424	
1,_Z24add_rms_norm_bias_customIfEvPhS0_S0_S0_S0_mmjff,AI_VECTOR_CORE,19,3406,15.700,1791460564701439.028	,1791460564701454.728	
1,N/A,EVENT_RECORD,19,3407,0.020,1791460564701454.748	,1791460564701454.768	
1,N/A,EVENT_RESET,19,3408,0.100,1791460564701514.408	,1791460564701514.508	
1,N/A,EVENT_RESET,19,3409,0.100,1791460564701517.168	,1791460564701517.268	
1,N/A,EVENT_RECORD,19,3410,0.020,1791460564701528.148	,1791460564701528.168	
1,_Z24add_rms_norm_bias_customIfEvPhS0_S0_S0_S0_mmjff,AI_VECTOR_CORE,19,3411,13.960,1791460564701534.308	,1791460564701548.268	
1,N/A,EVENT_RECORD,19,3412,0.020,1791460564701552.228	,1791460564701552.248	
1,N/A,EVENT_RESET,19,3413,0.080,1791460564701672.552	,1791460564701672.632	
1,N/A,EVENT_RESET,19,3414,0.080,1791460564701679.052	,1791460564701679.132	
1,N/A,EVENT_RECORD,19,3415,0.020,1791460564701684.992	,1791460564701685.012	
1,_Z24add_rms_norm_bias_customIfEvPhS0_S0_S0_S0_mmjff,AI_VECTOR_CORE,19,3416,16.640,1791460564701691.432	,1791460564701708.072	
1,N/A,EVENT_RECORD,19,3417,0.020,1791460564701708.092	,1791460564701708.112	
1,N/A,EVENT_RESET,19,3418,0.100,1791460564701774.712	,1791460564701774.812	
1,N/A,EVENT_RESET,19,3419,0.100,1791460564701781.472	,1791460564701781.572	
1,N/A,EVENT_RECORD,19,3420,0.020,1791460564701789.092	,1791460564701789.112	
1,_Z24add_rms_norm_bias_customIfEvPhS0_S0_S0_S0_mmjff,AI_VECTOR_CORE,19,3421,7.160,1791460564701798.312	,1791460564701805.472	
1,N/A,EVENT_RECORD,19,3422,0.024,1791460564701819.652	,1791460564701819.676	
1,N/A,EVENT_RESET,19,3423,0.080,1791460564701883.776	,1791460564701883.856	
1,N/A,EVENT_RESET,19,3424,0.080,1791460564701887.876	,1791460564701887.956	
1,N/A,EVENT_RECORD,19,3425,0.020,1791460564701905.956	,1791460564701905.976	
1,_Z24add_rms_norm_bias_customIfEvPhS0_S0_S0_S0_mmjff,AI_VECTOR_CORE,19,3426,593.132,1791460564701919.976	,1791460564702513.108	
1,N/A,EVENT_RECORD,19,3427,0.020,1791460564702513.128	,1791460564702513.148	
1,N/A,EVENT_RECORD,19,3428,0.000,1791460564702513.308	,1791460564702513.308	
1,N/A,EVENT_RESET,19,3429,0.080,1791460564702578.688	,1791460564702578.768	
1,N/A,EVENT_RESET,19,3430,0.100,1791460564702590.128	,1791460564702590.228	
1,N/A,EVENT_RECORD,19,3431,0.000,1791460564702592.068	,1791460564702592.068	
1,_Z24add_rms_norm_bias_customIfEvPhS0_S0_S0_S0_mmjff,AI_VECTOR_CORE,19,3432,8.880,1791460564702611.028	,1791460564702619.908	
1,N/A,EVENT_RECORD,19,3433,0.000,1791460564702626.952	,1791460564702626.952	
1,N/A,EVENT_RESET,19,3434,0.080,1791460564702712.432	,1791460564702712.512	
1,N/A,EVENT_RESET,19,3435,0.100,1791460564702714.212	,1791460564702714.312	
1,N/A,EVENT_RECORD,19,3436,0.020,1791460564702716.312	,1791460564702716.332	
1,_Z24add_rms_norm_bias_customIfEvPhS0_S0_S0_S0_mmjff,AI_VECTOR_CORE,19,3437,8.600,1791460564702732.112	,1791460564702740.712	
1,N/A,EVENT_RECORD,19,3438,0.020,1791460564702742.552	,1791460564702742.572	
1,N/A,EVENT_RESET,19,3439,0.080,1791460564702817.392	,1791460564702817.472	
1,N/A,EVENT_RESET,19,3440,0.104,1791460564702820.172	,1791460564702820.276	
1,N/A,EVENT_RECORD,19,3441,0.024,1791460564702822.412	,1791460564702822.436	
1,_Z24add_rms_norm_bias_customIfEvPhS0_S0_S0_S0_mmjff,AI_VECTOR_CORE,19,3442,8.360,1791460564702837.756	,1791460564702846.116	
1,N/A,EVENT_RECORD,19,3443,0.020,1791460564702850.316	,1791460564702850.336	
1,N/A,EVENT_RESET,19,3444,0.080,1791460564702930.536	,1791460564702930.616	
1,N/A,EVENT_RESET,19,3445,0.100,1791460564702932.956	,1791460564702933.056	
1,N/A,EVENT_RECORD,19,3446,0.020,1791460564702936.816	,1791460564702936.836	
1,_Z24add_rms_norm_bias_customIfEvPhS0_S0_S0_S0_mmjff,AI_VECTOR_CORE,19,3447,7.560,1791460564702948.736	,1791460564702956.296	
1,N/A,EVENT_RECORD,19,3448,0.000,1791460564702980.976	,1791460564702980.976	
1,N/A,EVENT_RESET,19,3449,0.100,1791460564703042.160	,1791460564703042.260	
1,N/A,EVENT_RESET,19,3450,0.100,1791460564703045.640	,1791460564703045.740	
1,N/A,EVENT_RECORD,19,3451,0.020,1791460564703048.480	,1791460564703048.500	
1,_Z24add_rms_norm_bias_customIfEvPhS0_S0_S0_S0_mmjff,AI_VECTOR_CORE,19,3452,7.320,1791460564703072.180	,1791460564703079.500	
1,N/A,EVENT_RECORD,19,3453,0.020,1791460564703079.520	,1791460564703079.540	
1,_Z24add_rms_norm_bias_customIfEvPhS0_S0_S0_S0_mmjff,AI_VECTOR_CORE,19,3454,7.260,1791460564703173.420	,1791460564703180.680	
1,N/A,EVENT_RESET,19,3455,0.100,1791460564703214.080	,1791460564703214.180	
1,N/A,EVENT_RESET,19,3456,0.100,1791460564703217.080	,1791460564703217.180	
1,N/A,EVENT_RECORD,19,3457,0.024,1791460564703223.020	,1791460564703223.044	
1,_Z24add_rms_norm_bias_customIfEvPhS0_S0_S0_S0_mmjff,AI_VECTOR_CORE,19,3458,7.540,1791460564703243.004	,1791460564703250.544	
1,N/A,EVENT_RECORD,19,3459,0.020,1791460564703260.524	,1791460564703260.544	
1,N/A,EVENT_RESET,19,3460,0.100,1791460564703321.944	,1791460564703322.044	
1,N/A,EVENT_RESET,19,3461,0.080,1791460564703323.964	,1791460564703324.044	
1,N/A,EVENT_RECORD,19,3462,0.000,1791460564703341.384	,1791460564703341.384	
1,_Z24add_rms_norm_bias_customIfEvPhS0_S0_S0_S0_mmjff,AI_VECTOR_CORE,19,3463,8.420,1791460564703343.324	,1791460564703351.744	
1,N/A,EVENT_RECORD,19,3464,0.020,1791460564703361.704	,1791460564703361.724	
1,N/A,EVENT_RESET,19,3465,0.100,1791460564703443.388	,1791460564703443.488	
1,N/A,EVENT_RESET,19,3466,0.100,1791460564703447.348	,1791460564703447.448	
1,N/A,EVENT_RECORD,19,3467,0.020,1791460564703449.908	,1791460564703449.928	
1,_Z24add_rms_norm_bias_customIfEvPhS0_S0_S0_S0_mmjff,AI_VECTOR_CORE,19,3468,284.524,1791460564703462.368	,1791460564703746.892	
1,N/A,EVENT_RECORD,19,3469,0.020,1791460564703746.912	,1791460564703746.932	
1,N/A,EVENT_RECORD,19,3470,0.020,1791460564703747.072	,1791460564703747.092	
1,N/A,EVENT_RESET,19,3471,0.100,1791460564703816.252	,1791460564703816.352	
1,N/A,EVENT_RESET,19,3472,0.096,1791460564703819.956	,1791460564703820.052	
1,N/A,EVENT_RECORD,19,3473,0.016,1791460564703821.996	,1791460564703822.012	
1,_Z24add_rms_norm_bias_customIfEvPhS0_S0_S0_S0_mmjff,AI_VECTOR_CORE,19,3474,23.160,1791460564703841.556	,1791460564703864.716	
1,N/A,EVENT_RECORD,19,3475,0.020,1791460564703864.736	,1791460564703864.756	
1,N/A,EVENT_RESET,19,3476,0.100,1791460564703923.676	,1791460564703923.776	
1,N/A,EVENT_RESET,19,3477,0.100,1791460564703926.276	,1791460564703926.376	
1,N/A,EVENT_RECORD,19,3478,0.020,1791460564703928.976	,1791460564703928.996	
1,_Z24add_rms_norm_bias_customIfEvPhS0_S0_S0_S0_mmjff,AI_VECTOR_CORE,19,3479,6.500,1791460564703941.776	,1791460564703948.276	
1,N/A,EVENT_RECORD,19,3480,0.020,1791460564703968.816	,1791460564703968.836	
1,N/A,EVENT_RESET,19,3481,0.100,1791460564704042.760	,1791460564704042.860	
1,N/A,EVENT_RESET,19,3482,0.080,1791460564704045.860	,1791460564704045.940	
1,N/A,EVENT_RECORD,19,3483,0.020,1791460564704048.340	,1791460564704048.360	
1,_Z24add_rms_norm_bias_customIfEvPhS0_S0_S0_S0_mmjff,AI_VECTOR_CORE,19,3484,6.340,1791460564704070.380	,1791460564704076.720	
1,N/A,EVENT_RECORD,19,3485,0.020,1791460564704081.580	,1791460564704081.600	
1,N/A,EVENT_RESET,19,3486,0.100,1791460564704161.660	,1791460564704161.760	
1,N/A,EVENT_RESET,19,3487,0.100,1791460564704166.520	,1791460564704166.620	
1,N/A,EVENT_RECORD,19,3488,0.000,1791460564704171.140	,1791460564704171.140	
1,_Z24add_rms_norm_bias_customIfEvPhS0_S0_S0_S0_mmjff,AI_VECTOR_CORE,19,3489,46.504,1791460564704189.040	,1791460564704235.544	
1,N/A,EVENT_RECORD,19,3490,0.020,1791460564704235.564	,1791460564704235.584	
1,N/A,EVENT_RECORD,19,3491,0.000,1791460564704245.904	,1791460564704245.904	
1,N/A,EVENT_RESET,19,3492,0.080,1791460564704282.984	,1791460564704283.064	
1,N/A,EVENT_RESET,19,3493,0.100,1791460564704286.464	,1791460564704286.564	
1,N/A,EVENT_RECORD,19,3494,0.020,1791460564704295.944	,1791460564704295.964	
1,_Z24add_rms_norm_bias_customIfEvPhS0_S0_S0_S0_mmjff,AI_VECTOR_CORE,19,3495,6.680,1791460564704310.044	,1791460564704316.724	
1,N/A,EVENT_RECORD,19,3496,0.020,1791460564704336.144	,1791460564704336.164	
1,N/A,EVENT_RESET,19,3497,0.100,1791460564704401.804	,1791460564704401.904	
1,N/A,EVENT_RESET,19,3498,0.100,1791460564704405.124	,1791460564704405.224	
1,N/A,EVENT_RECORD,19,3499,0.020,1791460564704407.024	,1791460564704407.044	
1,_Z24add_rms_norm_bias_customIfEvPhS0_S0_S0_S0_mmjff,AI_VECTOR_CORE,19,3500,8.000,1791460564704426.728	,1791460564704434.728	
1,N/A,EVENT_RECORD,19,3501,0.000,1791460564704447.068	,1791460564704447.068	
1,N/A,EVENT_RESET,19,3502,0.080,1791460564704503.268	,1791460564704503.348	
1,N/A,EVENT_RESET,19,3503,0.100,1791460564704506.588	,1791460564704506.688	
1,N/A,EVENT_RECORD,19,3504,0.020,1791460564704519.188	,1791460564704519.208	
1,_Z24add_rms_norm_bias_customIfEvPhS0_S0_S0_S0_mmjff,AI_VECTOR_CORE,19,3505,9.280,1791460564704532.888	,1791460564704542.168	
1,N/A,EVENT_RECORD,19,3506,0.020,1791460564704556.588	,1791460564704556.608	
1,N/A,EVENT_RESET,19,3507,0.080,1791460564704623.028	,1791460564704623.108	
1,N/A,EVENT_RESET,19,3508,0.080,1791460564704626.892	,1791460564704626.972	
1,N/A,EVENT_RECORD,19,3509,0.020,1791460564704629.472	,1791460564704629.492	
1,_Z24add_rms_norm_bias_customIfEvPhS0_S0_S0_S0_mmjff,AI_VECTOR_CORE,19,3510,9.660,1791460564704651.432	,1791460564704661.092	
1,N/A,EVENT_RECORD,19,3511,0.020,1791460564704661.112	,1791460564704661.132	
1,N/A,EVENT_RESET,19,3512,0.100,1791460564704753.792	,1791460564704753.892	
1,N/A,EVENT_RESET,19,3513,0.100,1791460564704756.132	,1791460564704756.232	
1,N/A,EVENT_RECORD,19,3514,0.020,1791460564704758.552	,1791460564704758.572	
1,_Z24add_rms_norm_bias_customIfEvPhS0_S0_S0_S0_mmjff,AI_VECTOR_CORE,19,3515,7.560,1791460564704776.172	,1791460564704783.732	
1,N/A,EVENT_RECORD,19,3516,0.020,1791460564704783.752	,1791460564704783.772	
1,N/A,EVENT_RESET,19,3517,0.100,1791460564704858.676	,1791460564704858.776	
1,N/A,EVENT_RESET,19,3518,0.100,1791460564704861.816	,1791460564704861.916	
1,N/A,EVENT_RECORD,19,3519,0.020,1791460564704864.096	,1791460564704864.116	
1,_Z24add_rms_norm_bias_customIfEvPhS0_S0_S0_S0_mmjff,AI_VECTOR_CORE,19,3520,8.020,1791460564704880.696	,1791460564704888.716	
1,N/A,EVENT_RECORD,19,3521,0.020,1791460564704892.436	,1791460564704892.456	
1,N/A,EVENT_RESET,19,3522,0.100,1791460564704957.536	,1791460564704957.636	
1,N/A,EVENT_RESET,19,3523,0.100,1791460564704961.776	,1791460564704961.876	
1,N/A,EVENT_RECORD,19,3524,0.020,1791460564704984.936	,1791460564704984.956	
1,_Z24add_rms_norm_bias_customIfEvPhS0_S0_S0_S0_mmjff,AI_VECTOR_CORE,19,3525,8.940,1791460564704988.956	,1791460564704997.896	
1,N/A,EVENT_RECORD,19,3526,0.020,1791460564704997.916	,1791460564704997.936	
1,N/A,EVENT_RESET,19,3527,0.120,1791460564705083.820	,1791460564705083.940	
1,N/A,EVENT_RESET,19,3528,0.100,1791460564705087.300	,1791460564705087.400	
1,N/A,EVENT_RECORD,19,3529,0.020,1791460564705089.280	,1791460564705089.300	
1,_Z24add_rms_norm_bias_customIfEvPhS0_S0_S0_S0_mmjff,AI_VECTOR_CORE,19,3530,5.660,1791460564705090.900	,1791460564705096.560	
1,N/A,EVENT_RECORD,19,3531,0.020,1791460564705118.860	,1791460564705118.880	
1,N/A,EVENT_RESET,19,3532,0.080,1791460564705184.060	,1791460564705184.140	
1,N/A,EVENT_RESET,19,3533,0.100,1791460564705188.300	,1791460564705188.400	
1,N/A,EVENT_RECORD,19,3534,0.020,1791460564705193.820	,1791460564705193.840	
1,_Z24add_rms_norm_bias_customIfEvPhS0_S0_S0_S0_mmjff,AI_VECTOR_CORE,19,3535,83.144,1791460564705220.420	,1791460564705303.564	
1,N/A,EVENT_RECORD,19,3536,0.000,1791460564705303.604	,1791460564705303.604	
1,N/A,EVENT_RECORD,19,3537,0.020,1791460564705303.764	,1791460564705303.784	
1,N/A,EVENT_RESET,19,3538,0.100,1791460564705367.664	,1791460564705367.764	
1,N/A,EVENT_RESET,19,3539,0.080,1791460564705370.424	,1791460564705370.504	
1,N/A,EVENT_RECORD,19,3540,0.020,1791460564705373.564	,1791460564705373.584	
1,_Z24add_rms_norm_bias_customIfEvPhS0_S0_S0_S0_mmjff,AI_VECTOR_CORE,19,3541,68.144,1791460564705396.444	,1791460564705464.588	
1,N/A,EVENT_RECORD,19,3542,0.020,1791460564705464.608	,1791460564705464.628	
1,N/A,EVENT_RECORD,19,3543,0.020,1791460564705464.768	,1791460564705464.788	
1,N/A,EVENT_RESET,19,3544,0.080,1791460564705533.028	,1791460564705533.108	
1,N/A,EVENT_RESET,19,3545,0.080,1791460564705538.248	,1791460564705538.328	
1,N/A,EVENT_RECORD,19,3546,0.020,1791460564705540.828	,1791460564705540.848	
1,_Z24add_rms_norm_bias_customIfEvPhS0_S0_S0_S0_mmjff,AI_VECTOR_CORE,19,3547,7.660,1791460564705546.368	,1791460564705554.028	
1,N/A,EVENT_RECORD,19,3548,0.000,1791460564705574.328	,1791460564705574.328	
1,N/A,EVENT_RESET,19,3549,0.100,1791460564705644.172	,1791460564705644.272	
1,N/A,EVENT_RESET,19,3550,0.100,1791460564705648.552	,1791460564705648.652	
1,N/A,EVENT_RECORD,19,3551,0.020,1791460564705651.032	,1791460564705651.052	
1,_Z24add_rms_norm_bias_customIfEvPhS0_S0_S0_S0_mmjff,AI_VECTOR_CORE,19,3552,6.300,1791460564705653.152	,1791460564705659.452	
1,N/A,EVENT_RECORD,19,3553,0.020,1791460564705673.992	,1791460564705674.012	
1,N/A,EVENT_RESET,19,3554,0.100,1791460564705753.372	,1791460564705753.472	
1,N/A,EVENT_RESET,19,3555,0.080,1791460564705756.712	,1791460564705756.792	
1,N/A,EVENT_RECORD,19,3556,0.020,1791460564705759.532	,1791460564705759.552	
1,_Z24add_rms_norm_bias_customIfEvPhS0_S0_S0_S0_mmjff,AI_VECTOR_CORE,19,3557,51.400,1791460564705768.852	,1791460564705820.252	
1,N/A,EVENT_RECORD,19,3558,0.020,1791460564705820.272	,1791460564705820.292	
1,N/A,EVENT_RECORD,19,3559,0.000,1791460564705835.636	,1791460564705835.636	
1,N/A,EVENT_RESET,19,3560,0.100,1791460564705878.036	,1791460564705878.136	
1,N/A,EVENT_RESET,19,3561,0.100,1791460564705881.036	,1791460564705881.136	
1,N/A,EVENT_RECORD,19,3562,0.020,1791460564705883.456	,1791460564705883.476	
1,_Z24add_rms_norm_bias_customIfEvPhS0_S0_S0_S0_mmjff,AI_VECTOR_CORE,19,3563,8.940,1791460564705951.416	,1791460564705960.356	
1,N/A,EVENT_RECORD,19,3564,0.020,1791460564705960.376	,1791460564705960.396	
1,N/A,EVENT_RECORD,19,3565,0.020,1791460564705969.596	,1791460564705969.616	
1,N/A,EVENT_RESET,19,3566,0.080,1791460564706018.436	,1791460564706018.516	
1,N/A,EVENT_RESET,19,3567,0.104,1791460564706021.276	,1791460564706021.380	
1,N/A,EVENT_RECORD,19,3568,0.024,1791460564706023.596	,1791460564706023.620	
1,_Z24add_rms_norm_bias_customIfEvPhS0_S0_S0_S0_mmjff,AI_VECTOR_CORE,19,3569,10.300,1791460564706039.240	,1791460564706049.540	
1,N/A,EVENT_RECORD,19,3570,0.020,1791460564706060.180	,1791460564706060.200	
1,N/A,EVENT_RESET,19,3571,0.100,1791460564706113.280	,1791460564706113.380	
1,N/A,EVENT_RESET,19,3572,0.100,1791460564706115.540	,1791460564706115.640	
1,N/A,EVENT_RECORD,19,3573,0.020,1791460564706123.840	,1791460564706123.860	
1,_Z24add_rms_norm_bias_customIfEvPhS0_S0_S0_S0_mmjff,AI_VECTOR_CORE,19,3574,10.280,1791460564706142.860	,1791460564706153.140	
1,N/A,EVENT_RECORD,19,3575,0.020,1791460564706156.300	,1791460564706156.320	
1,N/A,EVENT_RESET,19,3576,0.100,1791460564706233.564	,1791460564706233.664	
1,N/A,EVENT_RESET,19,3577,0.100,1791460564706238.624	,1791460564706238.724	
1,N/A,EVENT_RECORD,19,3578,0.020,1791460564706242.104	,1791460564706242.124	
1,_Z24add_rms_norm_bias_customIfEvPhS0_S0_S0_S0_mmjff,AI_VECTOR_CORE,19,3579,9.420,1791460564706244.824	,1791460564706254.244	
1,N/A,EVENT_RECORD,19,3580,0.000,1791460564706273.604	,1791460564706273.604	
1,N/A,EVENT_RESET,19,3581,0.100,1791460564706343.364	,1791460564706343.464	
1,N/A,EVENT_RESET,19,3582,0.100,1791460564706345.704	,1791460564706345.804	
1,N/A,EVENT_RECORD,19,3583,0.020,1791460564706347.684	,1791460564706347.704	
1,_Z24add_rms_norm_bias_customIfEvPhS0_S0_S0_S0_mmjff,AI_VECTOR_CORE,19,3584,661.196,1791460564706367.704	,1791460564707028.900	
1,N/A,EVENT_RECORD,19,3585,0.020,1791460564707028.920	,1791460564707028.940	
1,N/A,EVENT_RECORD,19,3586,0.020,1791460564707029.100	,1791460564707029.120	
1,N/A,EVENT_RESET,19,3587,0.100,1791460564707107.780	,1791460564707107.880	
1,N/A,EVENT_RESET,19,3588,0.100,1791460564707112.240	,1791460564707112.340	
1,N/A,EVENT_RECORD,19,3589,0.020,1791460564707114.760	,1791460564707114.780	
1,_Z24add_rms_norm_bias_customIfEvPhS0_S0_S0_S0_mmjff,AI_VECTOR_CORE,19,3590,47.960,1791460564707128.440	,1791460564707176.400	
1,N/A,EVENT_RECORD,19,3591,0.020,1791460564707176.420	,1791460564707176.440	
1,N/A,EVENT_RESET,19,3592,0.100,1791460564707235.384	,1791460564707235.484	
1,N/A,EVENT_RESET,19,3593,0.100,1791460564707237.924	,1791460564707238.024	
1,N/A,EVENT_RECORD,19,3594,0.020,1791460564707244.704	,1791460564707244.724	
1,_Z24add_rms_norm_bias_customIfEvPhS0_S0_S0_S0_mmjff,AI_VECTOR_CORE,19,3595,8.560,1791460564707259.884	,1791460564707268.444	
1,N/A,EVENT_RECORD,19,3596,0.020,1791460564707279.544	,1791460564707279.564	
1,N/A,EVENT_RESET,19,3597,0.080,1791460564707344.044	,1791460564707344.124	
1,N/A,EVENT_RESET,19,3598,0.100,1791460564707347.364	,1791460564707347.464	
1,N/A,EVENT_RECORD,19,3599,0.020,1791460564707352.164	,1791460564707352.184	
1,_Z24add_rms_norm_bias_customIfEvPhS0_S0_S0_S0_mmjff,AI_VECTOR_CORE,19,3600,7.520,1791460564707382.384	,1791460564707389.904	
1,N/A,EVENT_RECORD,19,3601,0.020,1791460564707389.944	,1791460564707389.964	
1,N/A,EVENT_RESET,19,3602,0.100,1791460564707474.028	,1791460564707474.128	
1,N/A,EVENT_RESET,19,3603,0.100,1791460564707475.908	,1791460564707476.008	
1,N/A,EVENT_RECORD,19,3604,0.020,1791460564707478.048	,1791460564707478.068	
1,_Z24add_rms_norm_bias_customIfEvPhS0_S0_S0_S0_mmjff,AI_VECTOR_CORE,19,3605,8.080,1791460564707493.988	,1791460564707502.068	
1,N/A,EVENT_RECORD,19,3606,0.020,1791460564707502.088	,1791460564707502.108	
1,N/A,EVENT_RESET,19,3607,0.080,1791460564707569.168	,1791460564707569.248	
1,N/A,EVENT_RESET,19,3608,0.100,1791460564707586.048	,1791460564707586.148	
1,N/A,EVENT_RECORD,19,3609,0.020,1791460564707589.268	,1791460564707589.288	
1,_Z24add_rms_norm_bias_customIfEvPhS0_S0_S0_S0_mmjff,AI_VECTOR_CORE,19,3610,8.360,1791460564707603.388	,1791460564707611.748	
1,N/A,EVENT_RECORD,19,3611,0.024,1791460564707624.108	,1791460564707624.132	
1,N/A,EVENT_RESET,19,3612,0.100,1791460564707703.052	,1791460564707703.152	
1,N/A,EVENT_RESET,19,3613,0.100,1791460564707705.152	,1791460564707705.252	
1,N/A,EVENT_RECORD,19,3614,0.020,1791460564707726.532	,1791460564707726.552	
1,_Z24add_rms_norm_bias_customIfEvPhS0_S0_S0_S0_mmjff,AI_VECTOR_CORE,19,3615,8.360,1791460564707729.632	,1791460564707737.992	
1,N/A,EVENT_RECORD,19,3616,0.020,1791460564707749.492	,1791460564707749.512	
1,N/A,EVENT_RESET,19,3617,0.100,1791460564707806.972	,1791460564707807.072	
1,N/A,EVENT_RESET,19,3618,0.080,1791460564707821.812	,1791460564707821.892	
1,N/A,EVENT_RECORD,19,3619,0.024,1791460564707823.772	,1791460564707823.796	
1,_Z24add_rms_norm_bias_customIfEvPhS0_S0_S0_S0_mmjff,AI_VECTOR_CORE,19,3620,9.380,1791460564707839.396	,1791460564707848.776	
1,N/A,EVENT_RECORD,19,3621,0.000,1791460564707859.336	,1791460564707859.336	
1,_Z24add_rms_norm_bias_customIfEvPhS0_S0_S0_S0_mmjff,AI_VECTOR_CORE,19,3622,9.060,1791460564707946.756	,1791460564707955.816	
1,N/A,EVENT_RESET,19,3623,0.080,1791460564707997.576	,1791460564707997.656	
1,N/A,EVENT_RESET,19,3624,0.080,1791460564708000.556	,1791460564708000.636	
1,N/A,EVENT_RECORD,19,3625,0.000,1791460564708003.176	,1791460564708003.176	
1,_Z24add_rms_norm_bias_customIfEvPhS0_S0_S0_S0_mmjff,AI_VECTOR_CORE,19,3626,8.784,1791460564708022.016	,1791460564708030.800	
1,N/A,EVENT_RECORD,19,3627,0.020,1791460564708031.880	,1791460564708031.900	
1,N/A,EVENT_RESET,19,3628,0.080,1791460564708109.220	,1791460564708109.300	
1,N/A,EVENT_RESET,19,3629,0.100,1791460564708112.980	,1791460564708113.080	
1,N/A,EVENT_RECORD,19,3630,0.020,1791460564708115.220	,1791460564708115.240	
1,_Z24add_rms_norm_bias_customIfEvPhS0_S0_S0_S0_mmjff,AI_VECTOR_CORE,19,3631,51.260,1791460564708135.340	,1791460564708186.600	
1,N/A,EVENT_RECORD,19,3632,0.000,1791460564708186.640	,1791460564708186.640	
1,N/A,EVENT_RECORD,19,3633,0.000,1791460564708187.980	,1791460564708187.980	
1,N/A,EVENT_RESET,19,3634,0.100,1791460564708273.744	,1791460564708273.844	
1,N/A,EVENT_RESET,19,3635,0.100,1791460564708277.084	,1791460564708277.184	
1,N/A,EVENT_RECORD,19,3636,0.020,1791460564708279.204	,1791460564708279.224	
1,_Z24add_rms_norm_bias_customIfEvPhS0_S0_S0_S0_mmjff,AI_VECTOR_CORE,19,3637,7.820,1791460564708296.364	,1791460564708304.184	
1,N/A,EVENT_RECORD,19,3638,0.000,1791460564708311.184	,1791460564708311.184	
1,N/A,EVENT_RESET,19,3639,0.080,1791460564708389.184	,1791460564708389.264	
1,N/A,EVENT_RESET,19,3640,0.100,1791460564708391.624	,1791460564708391.724	
1,N/A,EVENT_RECORD,19,3641,0.020,1791460564708393.644	,1791460564708393.664	
1,_Z24add_rms_norm_bias_customIfEvPhS0_S0_S0_S0_mmjff,AI_VECTOR_CORE,19,3642,8.800,1791460564708414.444	,1791460564708423.244	
1,N/A,EVENT_RECORD,19,3643,0.016,1791460564708423.268	,1791460564708423.284	
1,N/A,EVENT_RESET,19,3644,0.100,1791460564708500.048	,1791460564708500.148	
1,N/A,EVENT_RESET,19,3645,0.100,1791460564708503.168	,1791460564708503.268	
1,N/A,EVENT_RECORD,19,3646,0.020,1791460564708505.088	,1791460564708505.108	
1,_Z24add_rms_norm_bias_customIfEvPhS0_S0_S0_S0_mmjff,AI_VECTOR_CORE,19,3647,87.140,1791460564708524.408	,1791460564708611.548	
1,N/A,EVENT_RECORD,19,3648,0.000,1791460564708611.588	,1791460564708611.588	
1,N/A,EVENT_RECORD,19,3649,0.020,1791460564708611.748	,1791460564708611.768	
1,N/A,EVENT_RESET,19,3650,0.080,1791460564708683.152	,1791460564708683.232	
1,N/A,EVENT_RESET,19,3651,0.080,1791460564708687.212	,1791460564708687.292	
1,N/A,EVENT_RECORD,19,3652,0.020,1791460564708690.792	,1791460564708690.812	
1,_Z24add_rms_norm_bias_customIfEvPhS0_S0_S0_S0_mmjff,AI_VECTOR_CORE,19,3653,13.640,1791460564708707.352	,1791460564708720.992	
1,N/A,EVENT_RECORD,19,3654,0.020,1791460564708721.012	,1791460564708721.032	
1,N/A,EVENT_RESET,19,3655,0.100,1791460564708791.272	,1791460564708791.372	
1,N/A,EVENT_RESET,19,3656,0.100,1791460564708802.912	,1791460564708803.012	
1,N/A,EVENT_RECORD,19,3657,0.020,1791460564708808.752	,1791460564708808.772	
1,_Z24add_rms_norm_bias_customIfEvPhS0_S0_S0_S0_mmjff,AI_VECTOR_CORE,19,3658,33.924,1791460564708821.152	,1791460564708855.076	
1,N/A,EVENT_RECORD,19,3659,0.020,1791460564708855.096	,1791460564708855.116	
1,N/A,EVENT_RESET,19,3660,0.100,1791460564708935.836	,1791460564708935.936	
1,N/A,EVENT_RESET,19,3661,0.100,1791460564708941.056	,1791460564708941.156	
1,N/A,EVENT_RECORD,19,3662,0.020,1791460564708944.156	,1791460564708944.176	
1,_Z24add_rms_norm_bias_customIfEvPhS0_S0_S0_S0_mmjff,AI_VECTOR_CORE,19,3663,15.860,1791460564708956.816	,1791460564708972.676	
1,N/A,EVENT_RECORD,19,3664,0.020,1791460564708972.696	,1791460564708972.716	
1,N/A,EVENT_RESET,19,3665,0.080,1791460564709030.116	,1791460564709030.196	
1,N/A,EVENT_RESET,19,3666,0.100,1791460564709048.560	,1791460564709048.660	
1,N/A,EVENT_RECORD,19,3667,0.000,1791460564709055.180	,1791460564709055.180	
1,_Z24add_rms_norm_bias_customIfEvPhS0_S0_S0_S0_mmjff,AI_VECTOR_CORE,19,3668,85.960,1791460564709071.880	,1791460564709157.840	
1,N/A,EVENT_RECORD,19,3669,0.020,1791460564709157.860	,1791460564709157.880	
1,N/A,EVENT_RECORD,19,3670,0.020,1791460564709158.020	,1791460564709158.040	
1,N/A,EVENT_RESET,19,3671,0.096,1791460564709230.284	,1791460564709230.380	
1,N/A,EVENT_RESET,19,3672,0.080,1791460564709237.324	,1791460564709237.404	
1,N/A,EVENT_RECORD,19,3673,0.020,1791460564709244.004	,1791460564709244.024	
1,_Z24add_rms_norm_bias_customIfEvPhS0_S0_S0_S0_mmjff,AI_VECTOR_CORE,19,3674,31.360,1791460564709252.404	,1791460564709283.764	
1,N/A,EVENT_RECORD,19,3675,0.020,1791460564709283.784	,1791460564709283.804	
1,N/A,EVENT_RESET,19,3676,0.100,1791460564709349.484	,1791460564709349.584	
1,N/A,EVENT_RESET,19,3677,0.100,1791460564709353.704	,1791460564709353.804	
1,N/A,EVENT_RECORD,19,3678,0.020,1791460564709358.104	,1791460564709358.124	
1,_Z24add_rms_norm_bias_customIfEvPhS0_S0_S0_S0_mmjff,AI_VECTOR_CORE,19,3679,8.300,1791460564709373.784	,1791460564709382.084	
1,N/A,EVENT_RECORD,19,3680,0.020,1791460564709382.104	,1791460564709382.124	
1,N/A,EVENT_RESET,19,3681,0.100,1791460564709465.748	,1791460564709465.848	
1,N/A,EVENT_RESET,19,3682,0.100,1791460564709469.928	,1791460564709470.028	
1,N/A,EVENT_RECORD,19,3683,0.020,1791460564709475.808	,1791460564709475.828	
1,_Z24add_rms_norm_bias_customIfEvPhS0_S0_S0_S0_mmjff,AI_VECTOR_CORE,19,3684,156.044,1791460564709485.208	,1791460564709641.252	
1,N/A,EVENT_RECORD,19,3685,0.020,1791460564709641.272	,1791460564709641.292	
1,N/A,EVENT_RECORD,19,3686,0.020,1791460564709641.432	,1791460564709641.452	
1,N/A,EVENT_RESET,19,3687,0.100,1791460564709705.112	,1791460564709705.212	
1,N/A,EVENT_RESET,19,3688,0.100,1791460564709708.872	,1791460564709708.972	
1,N/A,EVENT_RECORD,19,3689,0.020,1791460564709710.572	,1791460564709710.592	
1,_Z24add_rms_norm_bias_customIfEvPhS0_S0_S0_S0_mmjff,AI_VECTOR_CORE,19,3690,9.000,1791460564709729.772	,1791460564709738.772	
1,N/A,EVENT_RECORD,19,3691,0.020,1791460564709746.812	,1791460564709746.832	
1,N/A,EVENT_RESET,19,3692,0.100,1791460564709812.632	,1791460564709812.732	
1,N/A,EVENT_RESET,19,3693,0.100,1791460564709815.912	,1791460564709816.012	
1,N/A,EVENT_RECORD,19,3694,0.016,1791460564709828.636	,1791460564709828.652	
1,_Z24add_rms_norm_bias_customIfEvPhS0_S0_S0_S0_mmjff,AI_VECTOR_CORE,19,3695,8.500,1791460564709846.456	,1791460564709854.956	
1,N/A,EVENT_RECORD,19,3696,0.000,1791460564709865.916	,1791460564709865.916	
1,N/A,EVENT_RESET,19,3697,0.100,1791460564709934.476	,1791460564709934.576	
1,N/A,EVENT_RESET,19,3698,0.100,1791460564709936.796	,1791460564709936.896	
1,N/A,EVENT_RECORD,19,3699,0.020,1791460564709938.636	,1791460564709938.656	
1,_Z24add_rms_norm_bias_customIfEvPhS0_S0_S0_S0_mmjff,AI_VECTOR_CORE,19,3700,7.360,1791460564709953.156	,1791460564709960.516	
1,N/A,EVENT_RECORD,19,3701,0.020,1791460564709975.796	,1791460564709975.816	
1,N/A,EVENT_RESET,19,3702,0.100,1791460564710042.860	,1791460564710042.960	
1,N/A,EVENT_RESET,19,3703,0.080,1791460564710044.920	,1791460564710045.000	
1,N/A,EVENT_RECORD,19,3704,0.020,1791460564710046.660	,1791460564710046.680	
1,_Z24add_rms_norm_bias_customIfEvPhS0_S0_S0_S0_mmjff,AI_VECTOR_CORE,19,3705,5.280,1791460564710063.320	,1791460564710068.600	
1,N/A,EVENT_RECORD,19,3706,0.020,1791460564710073.580	,1791460564710073.600	
1,N/A,EVENT_RESET,19,3707,0.100,1791460564710149.000	,1791460564710149.100	
1,N/A,EVENT_RESET,19,3708,0.080,1791460564710152.500	,1791460564710152.580	
1,N/A,EVENT_RECORD,19,3709,0.020,1791460564710154.820	,1791460564710154.840	
1,_Z24add_rms_norm_bias_customIfEvPhS0_S0_S0_S0_mmjff,AI_VECTOR_CORE,19,3710,6.940,1791460564710172.040	,1791460564710178.980	
1,N/A,EVENT_RECORD,19,3711,0.020,1791460564710190.300	,1791460564710190.320	
1,N/A,EVENT_RESET,19,3712,0.100,1791460564710259.764	,1791460564710259.864	
1,N/A,EVENT_RESET,19,3713,0.100,1791460564710263.164	,1791460564710263.264	
1,N/A,EVENT_RECORD,19,3714,0.020,1791460564710266.564	,1791460564710266.584	
1,_Z24add_rms_norm_bias_customIfEvPhS0_S0_S0_S0_mmjff,AI_VECTOR_CORE,19,3715,10.180,1791460564710279.224	,1791460564710289.404	
1,N/A,EVENT_RECORD,19,3716,0.020,1791460564710296.444	,1791460564710296.464	
1,N/A,EVENT_RESET,19,3717,0.100,1791460564710406.484	,1791460564710406.584	
1,N/A,EVENT_RESET,19,3718,0.080,1791460564710409.744	,1791460564710409.824	
1,N/A,EVENT_RECORD,19,3719,0.020,1791460564710413.844	,1791460564710413.864	
1,_Z24add_rms_norm_bias_customIfEvPhS0_S0_S0_S0_mmjff,AI_VECTOR_CORE,19,3720,6.620,1791460564710428.388	,1791460564710435.008	
1,N/A,EVENT_RECORD,19,3721,0.020,1791460564710449.128	,1791460564710449.148	
1,N/A,EVENT_RESET,19,3722,0.100,1791460564710518.328	,1791460564710518.428	
1,N/A,EVENT_RESET,19,3723,0.080,1791460564710522.388	,1791460564710522.468	
1,N/A,EVENT_RECORD,19,3724,0.020,1791460564710530.048	,1791460564710530.068	
1,_Z24add_rms_norm_bias_customIfEvPhS0_S0_S0_S0_mmjff,AI_VECTOR_CORE,19,3725,92.840,1791460564710536.508	,1791460564710629.348	
1,N/A,EVENT_RECORD,19,3726,0.016,1791460564710629.372	,1791460564710629.388	
1,N/A,EVENT_RECORD,19,3727,0.000,1791460564710629.548	,1791460564710629.548	
1,N/A,EVENT_RESET,19,3728,0.080,1791460564710689.772	,1791460564710689.852	
1,N/A,EVENT_RESET,19,3729,0.100,1791460564710692.272	,1791460564710692.372	
1,N/A,EVENT_RECORD,19,3730,0.020,1791460564710705.992	,1791460564710706.012	
1,_Z24add_rms_norm_bias_customIfEvPhS0_S0_S0_S0_mmjff,AI_VECTOR_CORE,19,3731,8.680,1791460564710719.012	,1791460564710727.692	
1,N/A,EVENT_RECORD,19,3732,0.020,1791460564710746.832	,1791460564710746.852	
1,N/A,EVENT_RESET,19,3733,0.100,1791460564710817.712	,1791460564710817.812	
1,N/A,EVENT_RESET,19,3734,0.080,1791460564710822.812	,1791460564710822.892	
1,N/A,EVENT_RECORD,19,3735,0.020,1791460564710825.172	,1791460564710825.192	
1,_Z24add_rms_norm_bias_customIfEvPhS0_S0_S0_S0_mmjff,AI_VECTOR_CORE,19,3736,16.120,1791460564710840.936	,1791460564710857.056	
1,N/A,EVENT_RECORD,19,3737,0.020,1791460564710859.976	,1791460564710859.996	
1,N/A,EVENT_RESET,19,3738,0.100,1791460564710937.656	,1791460564710937.756	
1,N/A,EVENT_RESET,19,3739,0.080,1791460564710945.176	,1791460564710945.256	
1,N/A,EVENT_RECORD,19,3740,0.020,1791460564710955.876	,1791460564710955.896	
1,_Z24add_rms_norm_bias_customIfEvPhS0_S0_S0_S0_mmjff,AI_VECTOR_CORE,19,3741,23.420,1791460564710971.436	,1791460564710994.856	
1,N/A,EVENT_RECORD,19,3742,0.020,1791460564710994.876	,1791460564710994.896	
1,N/A,EVENT_RESET,19,3743,0.100,1791460564711061.680	,1791460564711061.780	
1,N/A,EVENT_RESET,19,3744,0.100,1791460564711066.780	,1791460564711066.880	
1,N/A,EVENT_RECORD,19,3745,0.020,1791460564711073.860	,1791460564711073.880	
1,_Z24add_rms_norm_bias_customIfEvPhS0_S0_S0_S0_mmjff,AI_VECTOR_CORE,19,3746,10.180,1791460564711090.420	,1791460564711100.600	
1,N/A,EVENT_RECORD,19,3747,0.020,1791460564711109.140	,1791460564711109.160	
1,N/A,EVENT_RESET,19,3748,0.080,1791460564711178.600	,1791460564711178.680	
1,N/A,EVENT_RESET,19,3749,0.080,1791460564711185.100	,1791460564711185.180	
1,N/A,EVENT_RECORD,19,3750,0.020,1791460564711191.120	,1791460564711191.140	
1,_Z24add_rms_norm_bias_customIfEvPhS0_S0_S0_S0_mmjff,AI_VECTOR_CORE,19,3751,326.928,1791460564711198.500	,1791460564711525.428	
1,N/A,EVENT_RECORD,19,3752,0.020,1791460564711525.448	,1791460564711525.468	
1,N/A,EVENT_RECORD,19,3753,0.000,1791460564711525.628	,1791460564711525.628	
1,N/A,EVENT_RESET,19,3754,0.100,1791460564711591.588	,1791460564711591.688	
1,N/A,EVENT_RESET,19,3755,0.080,1791460564711593.428	,1791460564711593.508	
1,N/A,EVENT_RECORD,19,3756,0.020,1791460564711598.628	,1791460564711598.648	
1,_Z24add_rms_norm_bias_customIfEvPhS0_S0_S0_S0_mmjff,AI_VECTOR_CORE,19,3757,9.860,1791460564711613.708	,1791460564711623.568	
1,N/A,EVENT_RECORD,19,3758,0.000,1791460564711630.348	,1791460564711630.348	
1,N/A,EVENT_RESET,19,3759,0.080,1791460564711720.352	,1791460564711720.432	
1,N/A,EVENT_RESET,19,3760,0.100,1791460564711723.312	,1791460564711723.412	
1,N/A,EVENT_RECORD,19,3761,0.020,1791460564711730.972	,1791460564711730.992	
1,_Z24add_rms_norm_bias_customIfEvPhS0_S0_S0_S0_mmjff,AI_VECTOR_CORE,19,3762,204.484,1791460564711746.292	,1791460564711950.776	
1,N/A,EVENT_RECORD,19,3763,0.020,1791460564711950.796	,1791460564711950.816	
1,N/A,EVENT_RECORD,19,3764,0.000,1791460564711950.976	,1791460564711950.976	
1,N/A,EVENT_RESET,19,3765,0.080,1791460564712025.756	,1791460564712025.836	
1,N/A,EVENT_RESET,19,3766,0.080,1791460564712029.260	,1791460564712029.340	
1,N/A,EVENT_RECORD,19,3767,0.024,1791460564712031.436	,1791460564712031.460	
1,_Z24add_rms_norm_bias_customIfEvPhS0_S0_S0_S0_mmjff,AI_VECTOR_CORE,19,3768,7.740,1791460564712033.580	,1791460564712041.320	
1,N/A,EVENT_RECORD,19,3769,0.020,1791460564712053.300	,1791460564712053.320	
1,N/A,EVENT_RESET,19,3770,0.080,1791460564712128.100	,1791460564712128.180	
1,N/A,EVENT_RESET,19,3771,0.080,1791460564712131.220	,1791460564712131.300	
1,N/A,EVENT_RECORD,19,3772,0.000,1791460564712133.540	,1791460564712133.540	
1,_Z24add_rms_norm_bias_customIfEvPhS0_S0_S0_S0_mmjff,AI_VECTOR_CORE,19,3773,7.660,1791460564712150.420	,1791460564712158.080	
1,N/A,EVENT_RECORD,19,3774,0.020,1791460564712159.280	,1791460564712159.300	
1,N/A,EVENT_RESET,19,3775,0.100,1791460564712244.064	,1791460564712244.164	
1,N/A,EVENT_RESET,19,3776,0.100,1791460564712246.924	,1791460564712247.024	
1,N/A,EVENT_RECORD,19,3777,0.020,1791460564712249.264	,1791460564712249.284	
1,_Z24add_rms_norm_bias_customIfEvPhS0_S0_S0_S0_mmjff,AI_VECTOR_CORE,19,3778,7.840,1791460564712263.424	,1791460564712271.264	
1,N/A,EVENT_RECORD,19,3779,0.020,1791460564712271.284	,1791460564712271.304	
1,N/A,EVENT_RESET,19,3780,0.100,1791460564712344.924	,1791460564712345.024	
1,N/A,EVENT_RESET,19,3781,0.100,1791460564712347.204	,1791460564712347.304	
1,N/A,EVENT_RECORD,19,3782,0.020,1791460564712349.264	,1791460564712349.284	
1,_Z24add_rms_norm_bias_customIfEvPhS0_S0_S0_S0_mmjff,AI_VECTOR_CORE,19,3783,7.140,1791460564712367.624	,1791460564712374.764	
1,N/A,EVENT_RECORD,19,3784,0.020,1791460564712383.404	,1791460564712383.424	
1,N/A,EVENT_RESET,19,3785,0.100,1791460564712450.228	,1791460564712450.328	
1,N/A,EVENT_RESET,19,3786,0.080,1791460564712452.568	,1791460564712452.648	
1,N/A,EVENT_RECORD,19,3787,0.000,1791460564712470.068	,1791460564712470.068	
1,_Z24add_rms_norm_bias_customIfEvPhS0_S0_S0_S0_mmjff,AI_VECTOR_CORE,19,3788,6.640,1791460564712472.288	,1791460564712478.928	
1,N/A,EVENT_RECORD,19,3789,0.020,1791460564712491.408	,1791460564712491.428	
1,_Z24add_rms_norm_bias_customIfEvPhS0_S0_S0_S0_mmjff,AI_VECTOR_CORE,19,3790,10.860,1791460564712609.308	,1791460564712620.168	
1,N/A,EVENT_RESET,19,3791,0.080,1791460564712658.172	,1791460564712658.252	
1,N/A,EVENT_RESET,19,3792,0.080,1791460564712661.192	,1791460564712661.272	
1,N/A,EVENT_RECORD,19,3793,0.020,1791460564712676.192	,1791460564712676.212	
1,_Z24add_rms_norm_bias_customIfEvPhS0_S0_S0_S0_mmjff,AI_VECTOR_CORE,19,3794,111.680,1791460564712680.212	,1791460564712791.892	
1,N/A,EVENT_RECORD,19,3795,0.020,1791460564712791.912	,1791460564712791.932	
1,N/A,EVENT_RECORD,19,3796,0.000,1791460564712792.092	,1791460564712792.092	
1,N/A,EVENT_RESET,19,3797,0.080,1791460564712867.436	,1791460564712867.516	
1,N/A,EVENT_RESET,19,3798,0.100,1791460564712871.996	,1791460564712872.096	
1,N/A,EVENT_RECORD,19,3799,0.020,1791460564712875.216	,1791460564712875.236	
1,_Z24add_rms_norm_bias_customIfEvPhS0_S0_S0_S0_mmjff,AI_VECTOR_CORE,19,3800,6.860,1791460564712877.656	,1791460564712884.516	
1,N/A,EVENT_RECORD,19,3801,0.020,1791460564712902.416	,1791460564712902.436	
1,N/A,EVENT_RESET,19,3802,0.080,1791460564712973.016	,1791460564712973.096	
1,N/A,EVENT_RESET,19,3803,0.080,1791460564712976.776	,1791460564712976.856	
1,N/A,EVENT_RECORD,19,3804,0.020,1791460564712980.216	,1791460564712980.236	
1,_Z24add_rms_norm_bias_customIfEvPhS0_S0_S0_S0_mmjff,AI_VECTOR_CORE,19,3805,6.600,1791460564713001.256	,1791460564713007.856	
1,N/A,EVENT_RECORD,19,3806,0.020,1791460564713007.876	,1791460564713007.896	
1,N/A,EVENT_RESET,19,3807,0.080,1791460564713084.960	,1791460564713085.040	
1,N/A,EVENT_RESET,19,3808,0.100,1791460564713087.740	,1791460564713087.840	
1,N/A,EVENT_RECORD,19,3809,0.020,1791460564713089.800	,1791460564713089.820	
1,_Z24add_rms_norm_bias_customIfEvPhS0_S0_S0_S0_mmjff,AI_VECTOR_CORE,19,3810,7.480,1791460564713104.540	,1791460564713112.020	
1,N/A,EVENT_RECORD,19,3811,0.020,1791460564713124.980	,1791460564713125.000	
1,N/A,EVENT_RESET,19,3812,0.100,1791460564713189.660	,1791460564713189.760	
1,N/A,EVENT_RESET,19,3813,0.100,1791460564713192.120	,1791460564713192.220	
1,N/A,EVENT_RECORD,19,3814,0.020,1791460564713194.100	,1791460564713194.120	
1,_Z24add_rms_norm_bias_customIfEvPhS0_S0_S0_S0_mmjff,AI_VECTOR_CORE,19,3815,7.440,1791460564713210.620	,1791460564713218.060	
1,N/A,EVENT_RECORD,19,3816,0.016,1791460564713229.164	,1791460564713229.180	
1,N/A,EVENT_RESET,19,3817,0.080,1791460564713305.404	,1791460564713305.484	
1,N/A,EVENT_RESET,19,3818,0.080,1791460564713308.044	,1791460564713308.124	
1,N/A,EVENT_RECORD,19,3819,0.000,1791460564713309.784	,1791460564713309.784	
1,_Z24add_rms_norm_bias_customIfEvPhS0_S0_S0_S0_mmjff,AI_VECTOR_CORE,19,3820,5.320,1791460564713327.044	,1791460564713332.364	
1,N/A,EVENT_RECORD,19,3821,0.020,1791460564713342.244	,1791460564713342.264	
1,N/A,EVENT_RESET,19,3822,0.100,1791460564713415.704	,1791460564713415.804	
1,N/A,EVENT_RESET,19,3823,0.100,1791460564713418.104	,1791460564713418.204	
1,N/A,EVENT_RECORD,19,3824,0.020,1791460564713419.704	,1791460564713419.724	
1,_Z24add_rms_norm_bias_customIfEvPhS0_S0_S0_S0_mmjff,AI_VECTOR_CORE,19,3825,6.860,1791460564713439.128	,1791460564713445.988	
1,N/A,EVENT_RECORD,19,3826,0.020,1791460564713451.048	,1791460564713451.068	
1,N/A,EVENT_RESET,19,3827,0.100,1791460564713524.808	,1791460564713524.908	
1,N/A,EVENT_RESET,19,3828,0.080,1791460564713529.228	,1791460564713529.308	
1,N/A,EVENT_RECORD,19,3829,0.020,1791460564713530.908	,1791460564713530.928	
1,_Z24add_rms_norm_bias_customIfEvPhS0_S0_S0_S0_mmjff,AI_VECTOR_CORE,19,3830,5.520,1791460564713546.848	,1791460564713552.368	
1,N/A,EVENT_RECORD,19,3831,0.020,1791460564713555.888	,1791460564713555.908	
1,N/A,EVENT_RESET,19,3832,0.104,1791460564713628.428	,1791460564713628.532	
1,N/A,EVENT_RESET,19,3833,0.104,1791460564713630.188	,1791460564713630.292	
1,N/A,EVENT_RECORD,19,3834,0.016,1791460564713631.812	,1791460564713631.828	
1,_Z24add_rms_norm_bias_customIfEvPhS0_S0_S0_S0_mmjff,AI_VECTOR_CORE,19,3835,6.480,1791460564713653.492	,1791460564713659.972	
1,N/A,EVENT_RECORD,19,3836,0.020,1791460564713675.672	,1791460564713675.692	
1,N/A,EVENT_RESET,19,3837,0.080,1791460564713741.132	,1791460564713741.212	
1,N/A,EVENT_RESET,19,3838,0.080,1791460564713743.072	,1791460564713743.152	
1,N/A,EVENT_RECORD,19,3839,0.020,1791460564713746.572	,1791460564713746.592	
1,_Z24add_rms_norm_bias_customIfEvPhS0_S0_S0_S0_mmjff,AI_VECTOR_CORE,19,3840,6.820,1791460564713758.772	,1791460564713765.592	
1,N/A,EVENT_RECORD,19,3841,0.020,1791460564713778.212	,1791460564713778.232	
1,N/A,EVENT_RESET,19,3842,0.080,1791460564713839.676	,1791460564713839.756	
1,N/A,EVENT_RESET,19,3843,0.080,1791460564713842.036	,1791460564713842.116	
1,N/A,EVENT_RECORD,19,3844,0.020,1791460564713855.436	,1791460564713855.456	
1,_Z24add_rms_norm_bias_customIfEvPhS0_S0_S0_S0_mmjff,AI_VECTOR_CORE,19,3845,70.600,1791460564713862.476	,1791460564713933.076	
1,N/A,EVENT_RECORD,19,3846,0.020,1791460564713933.096	,1791460564713933.116	
1,N/A,EVENT_RECORD,19,3847,0.020,1791460564713937.376	,1791460564713937.396	
1,N/A,EVENT_RESET,19,3848,0.100,1791460564713997.536	,1791460564713997.636	
1,N/A,EVENT_RESET,19,3849,0.100,1791460564714000.676	,1791460564714000.776	
1,N/A,EVENT_RECORD,19,3850,0.020,1791460564714012.876	,1791460564714012.896	
1,_Z24add_rms_norm_bias_customIfEvPhS0_S0_S0_S0_mmjff,AI_VECTOR_CORE,19,3851,10.084,1791460564714027.736	,1791460564714037.820	
1,N/A,EVENT_RECORD,19,3852,0.020,1791460564714046.040	,1791460564714046.060	
1,N/A,EVENT_RESET,19,3853,0.100,1791460564714125.860	,1791460564714125.960	
1,N/A,EVENT_RESET,19,3854,0.100,1791460564714130.680	,1791460564714130.780	
1,N/A,EVENT_RECORD,19,3855,0.020,1791460564714134.640	,1791460564714134.660	
1,_Z24add_rms_norm_bias_customIfEvPhS0_S0_S0_S0_mmjff,AI_VECTOR_CORE,19,3856,6.780,1791460564714153.040	,1791460564714159.820	
1,N/A,EVENT_RECORD,19,3857,0.020,1791460564714159.840	,1791460564714159.860	
1,N/A,EVENT_RESET,19,3858,0.100,1791460564714238.664	,1791460564714238.764	
1,N/A,EVENT_RESET,19,3859,0.100,1791460564714244.864	,1791460564714244.964	
1,N/A,EVENT_RECORD,19,3860,0.020,1791460564714248.584	,1791460564714248.604	
1,_Z24add_rms_norm_bias_customIfEvPhS0_S0_S0_S0_mmjff,AI_VECTOR_CORE,19,3861,17.160,1791460564714254.204	,1791460564714271.364	
1,N/A,EVENT_RECORD,19,3862,0.000,1791460564714273.064	,1791460564714273.064	
1,N/A,EVENT_RESET,19,3863,0.080,1791460564714343.984	,1791460564714344.064	
1,N/A,EVENT_RESET,19,3864,0.080,1791460564714346.464	,1791460564714346.544	
1,N/A,EVENT_RECORD,19,3865,0.020,1791460564714349.584	,1791460564714349.604	
1,_Z24add_rms_norm_bias_customIfEvPhS0_S0_S0_S0_mmjff,AI_VECTOR_CORE,19,3866,10.520,1791460564714368.784	,1791460564714379.304	
1,N/A,EVENT_RECORD,19,3867,0.020,1791460564714379.324	,1791460564714379.344	
1,N/A,EVENT_RESET,19,3868,0.100,1791460564714461.208	,1791460564714461.308	
1,N/A,EVENT_RESET,19,3869,0.080,1791460564714466.148	,1791460564714466.228	
1,N/A,EVENT_RECORD,19,3870,0.000,1791460564714469.808	,1791460564714469.808	
1,_Z24add_rms_norm_bias_customIfEvPhS0_S0_S0_S0_mmjff,AI_VECTOR_CORE,19,3871,9.420,1791460564714473.428	,1791460564714482.848	
1,N/A,EVENT_RECORD,19,3872,0.020,1791460564714486.728	,1791460564714486.748	
1,N/A,EVENT_RESET,19,3873,0.080,1791460564714561.108	,1791460564714561.188	
1,N/A,EVENT_RESET,19,3874,0.100,1791460564714565.228	,1791460564714565.328	
1,N/A,EVENT_RECORD,19,3875,0.020,1791460564714568.628	,1791460564714568.648	
1,_Z24add_rms_norm_bias_customIfEvPhS0_S0_S0_S0_mmjff,AI_VECTOR_CORE,19,3876,9.840,1791460564714589.708	,1791460564714599.548	
1,N/A,EVENT_RECORD,19,3877,0.020,1791460564714599.588	,1791460564714599.608	
1,N/A,EVENT_RESET,19,3878,0.100,1791460564714665.452	,1791460564714665.552	
1,N/A,EVENT_RESET,19,3879,0.080,1791460564714672.292	,1791460564714672.372	
1,N/A,EVENT_RECORD,19,3880,0.020,1791460564714675.712	,1791460564714675.732	
1,_Z24add_rms_norm_bias_customIfEvPhS0_S0_S0_S0_mmjff,AI_VECTOR_CORE,19,3881,6.460,1791460564714685.792	,1791460564714692.252	
1,N/A,EVENT_RECORD,19,3882,0.020,1791460564714706.392	,1791460564714706.412	
1,N/A,EVENT_RESET,19,3883,0.100,1791460564714787.192	,1791460564714787.292	
1,N/A,EVENT_RESET,19,3884,0.080,1791460564714794.292	,1791460564714794.372	
1,N/A,EVENT_RECORD,19,3885,0.020,1791460564714800.392	,1791460564714800.412	
1,_Z24add_rms_norm_bias_customIfEvPhS0_S0_S0_S0_mmjff,AI_VECTOR_CORE,19,3886,595.792,1791460564714814.572	,1791460564715410.364	
1,N/A,EVENT_RECORD,19,3887,0.020,1791460564715410.384	,1791460564715410.404	
1,N/A,EVENT_RECORD,19,3888,0.020,1791460564715410.564	,1791460564715410.584	
1,N/A,EVENT_RESET,19,3889,0.100,1791460564715483.608	,1791460564715483.708	
1,N/A,EVENT_RESET,19,3890,0.100,1791460564715486.948	,1791460564715487.048	
1,N/A,EVENT_RECORD,19,3891,0.020,1791460564715489.688	,1791460564715489.708	
1,_Z24add_rms_norm_bias_customIfEvPhS0_S0_S0_S0_mmjff,AI_VECTOR_CORE,19,3892,10.960,1791460564715507.308	,1791460564715518.268	
1,N/A,EVENT_RECORD,19,3893,0.020,1791460564715525.208	,1791460564715525.228	
1,N/A,EVENT_RESET,19,3894,0.100,1791460564715593.848	,1791460564715593.948	
1,N/A,EVENT_RESET,19,3895,0.080,1791460564715596.708	,1791460564715596.788	
1,N/A,EVENT_RECORD,19,3896,0.020,1791460564715602.588	,1791460564715602.608	
1,_Z24add_rms_norm_bias_customIfEvPhS0_S0_S0_S0_mmjff,AI_VECTOR_CORE,19,3897,8.400,1791460564715610.748	,1791460564715619.148	
1,N/A,EVENT_RECORD,19,3898,0.020,1791460564715627.788	,1791460564715627.808	
1,N/A,EVENT_RESET,19,3899,0.100,1791460564715714.412	,1791460564715714.512	
1,N/A,EVENT_RESET,19,3900,0.080,1791460564715718.252	,1791460564715718.332	
1,N/A,EVENT_RECORD,19,3901,0.020,1791460564715723.272	,1791460564715723.292	
1,_Z24add_rms_norm_bias_customIfEvPhS0_S0_S0_S0_mmjff,AI_VECTOR_CORE,19,3902,40.220,1791460564715740.592	,1791460564715780.812	
1,N/A,EVENT_RECORD,19,3903,0.020,1791460564715780.832	,1791460564715780.852	
1,N/A,EVENT_RESET,19,3904,0.100,1791460564715840.656	,1791460564715840.756	
1,N/A,EVENT_RESET,19,3905,0.080,1791460564715843.496	,1791460564715843.576	
1,N/A,EVENT_RECORD,19,3906,0.020,1791460564715853.556	,1791460564715853.576	
1,_Z24add_rms_norm_bias_customIfEvPhS0_S0_S0_S0_mmjff,AI_VECTOR_CORE,19,3907,80.640,1791460564715857.796	,1791460564715938.436	
1,N/A,EVENT_RECORD,19,3908,0.020,1791460564715938.456	,1791460564715938.476	
1,N/A,EVENT_RECORD,19,3909,0.020,1791460564715938.636	,1791460564715938.656	
1,N/A,EVENT_RESET,19,3910,0.100,1791460564715999.676	,1791460564715999.776	
1,N/A,EVENT_RESET,19,3911,0.080,1791460564716003.116	,1791460564716003.196	
1,N/A,EVENT_RECORD,19,3912,0.020,1791460564716016.796	,1791460564716016.816	
1,_Z24add_rms_norm_bias_customIfEvPhS0_S0_S0_S0_mmjff,AI_VECTOR_CORE,19,3913,10.184,1791460564716034.956	,1791460564716045.140	
1,N/A,EVENT_RECORD,19,3914,0.020,1791460564716045.160	,1791460564716045.180	
1,N/A,EVENT_RESET,19,3915,0.100,1791460564716119.880	,1791460564716119.980	
1,N/A,EVENT_RESET,19,3916,0.100,1791460564716123.300	,1791460564716123.400	
1,N/A,EVENT_RECORD,19,3917,0.020,1791460564716126.140	,1791460564716126.160	
1,_Z24add_rms_norm_bias_customIfEvPhS0_S0_S0_S0_mmjff,AI_VECTOR_CORE,19,3918,10.040,1791460564716139.820	,1791460564716149.860	
1,N/A,EVENT_RECORD,19,3919,0.020,1791460564716161.020	,1791460564716161.040	
1,N/A,EVENT_RESET,19,3920,0.100,1791460564716217.620	,1791460564716217.720	
1,N/A,EVENT_RESET,19,3921,0.096,1791460564716231.564	,1791460564716231.660	
1,N/A,EVENT_RECORD,19,3922,0.016,1791460564716236.204	,1791460564716236.220	
1,_Z24add_rms_norm_bias_customIfEvPhS0_S0_S0_S0_mmjff,AI_VECTOR_CORE,19,3923,8.160,1791460564716249.964	,1791460564716258.124	
1,N/A,EVENT_RECORD,19,3924,0.020,1791460564716267.384	,1791460564716267.404	
1,N/A,EVENT_RESET,19,3925,0.080,1791460564716338.064	,1791460564716338.144	
1,N/A,EVENT_RESET,19,3926,0.100,1791460564716340.924	,1791460564716341.024	
1,N/A,EVENT_RECORD,19,3927,0.020,1791460564716344.664	,1791460564716344.684	
1,_Z24add_rms_norm_bias_customIfEvPhS0_S0_S0_S0_mmjff,AI_VECTOR_CORE,19,3928,5.920,1791460564716358.304	,1791460564716364.224	
1,N/A,EVENT_RECORD,19,3929,0.020,1791460564716371.624	,1791460564716371.644	
1,N/A,EVENT_RESET,19,3930,0.080,1791460564716447.948	,1791460564716448.028	
1,N/A,EVENT_RESET,19,3931,0.100,1791460564716453.928	,1791460564716454.028	
1,N/A,EVENT_RECORD,19,3932,0.020,1791460564716459.028	,1791460564716459.048	
1,_Z24add_rms_norm_bias_customIfEvPhS0_S0_S0_S0_mmjff,AI_VECTOR_CORE,19,3933,460.588,1791460564716473.688	,1791460564716934.276	
1,N/A,EVENT_RECORD,19,3934,0.000,1791460564716934.316	,1791460564716934.316	
1,N/A,EVENT_RECORD,19,3935,0.020,1791460564716934.476	,1791460564716934.496	
1,N/A,EVENT_RESET,19,3936,0.080,1791460564717052.500	,1791460564717052.580	
1,N/A,EVENT_RESET,19,3937,0.100,1791460564717057.240	,1791460564717057.340	
1,N/A,EVENT_RECORD,19,3938,0.020,1791460564717075.760	,1791460564717075.780	
1,_Z24add_rms_norm_bias_customIfEvPhS0_S0_S0_S0_mmjff,AI_VECTOR_CORE,19,3939,18.680,1791460564717090.300	,1791460564717108.980	
1,N/A,EVENT_RECORD,19,3940,0.020,1791460564717117.140	,1791460564717117.160	
1,N/A,EVENT_RESET,19,3941,0.100,1791460564717208.940	,1791460564717209.040	
1,N/A,EVENT_RESET,19,3942,0.080,1791460564717213.960	,1791460564717214.040	
1,N/A,EVENT_RECORD,19,3943,0.000,1791460564717219.680	,1791460564717219.680	
1,_Z24add_rms_norm_bias_customIfEvPhS0_S0_S0_S0_mmjff,AI_VECTOR_CORE,19,3944,339.948,1791460564717234.940	,1791460564717574.888	
1,N/A,EVENT_RECORD,19,3945,0.000,1791460564717574.928	,1791460564717574.928	
1,N/A,EVENT_RECORD,19,3946,0.020,1791460564717575.088	,1791460564717575.108	
1,N/A,EVENT_RESET,19,3947,0.080,1791460564717637.812	,1791460564717637.892	
1,N/A,EVENT_RESET,19,3948,0.100,1791460564717639.892	,1791460564717639.992	
1,N/A,EVENT_RECORD,19,3949,0.020,1791460564717643.652	,1791460564717643.672	
1,_Z24add_rms_norm_bias_customIfEvPhS0_S0_S0_S0_mmjff,AI_VECTOR_CORE,19,3950,7.240,1791460564717661.852	,1791460564717669.092	
1,N/A,EVENT_RECORD,19,3951,0.020,1791460564717680.592	,1791460564717680.612	
1,N/A,EVENT_RESET,19,3952,0.100,1791460564717751.032	,1791460564717751.132	
1,N/A,EVENT_RESET,19,3953,0.100,1791460564717754.292	,1791460564717754.392	
1,N/A,EVENT_RECORD,19,3954,0.020,1791460564717772.872	,1791460564717772.892	
1,_Z24add_rms_norm_bias_customIfEvPhS0_S0_S0_S0_mmjff,AI_VECTOR_CORE,19,3955,8.980,1791460564717775.612	,1791460564717784.592	
1,N/A,EVENT_RECORD,19,3956,0.000,1791460564717794.632	,1791460564717794.632	
1,_Z24add_rms_norm_bias_customIfEvPhS0_S0_S0_S0_mmjff,AI_VECTOR_CORE,19,3957,7.520,1791460564717906.996	,1791460564717914.516	
1,N/A,EVENT_RESET,19,3958,0.100,1791460564717949.956	,1791460564717950.056	
1,N/A,EVENT_RESET,19,3959,0.080,1791460564717951.916	,1791460564717951.996	
1,N/A,EVENT_RECORD,19,3960,0.020,1791460564717962.236	,1791460564717962.256	
1,_Z24add_rms_norm_bias_customIfEvPhS0_S0_S0_S0_mmjff,AI_VECTOR_CORE,19,3961,8.480,1791460564717974.756	,1791460564717983.236	
1,N/A,EVENT_RECORD,19,3962,0.020,1791460564717989.256	,1791460564717989.276	
1,N/A,EVENT_RESET,19,3963,0.100,1791460564718069.720	,1791460564718069.820	
1,N/A,EVENT_RESET,19,3964,0.100,1791460564718072.660	,1791460564718072.760	
1,N/A,EVENT_RECORD,19,3965,0.020,1791460564718075.260	,1791460564718075.280	
1,_Z24add_rms_norm_bias_customIfEvPhS0_S0_S0_S0_mmjff,AI_VECTOR_CORE,19,3966,8.680,1791460564718095.280	,1791460564718103.960	
1,N/A,EVENT_RECORD,19,3967,0.020,1791460564718104.920	,1791460564718104.940	
1,N/A,EVENT_RESET,19,3968,0.080,1791460564718191.120	,1791460564718191.200	
1,N/A,EVENT_RESET,19,3969,0.100,1791460564718194.020	,1791460564718194.120	
1,N/A,EVENT_RECORD,19,3970,0.020,1791460564718196.400	,1791460564718196.420	
1,_Z24add_rms_norm_bias_customIfEvPhS0_S0_S0_S0_mmjff,AI_VECTOR_CORE,19,3971,10.120,1791460564718212.500	,1791460564718222.620	
1,N/A,EVENT_RECORD,19,3972,0.020,1791460564718222.660	,1791460564718222.680	
1,N/A,EVENT_RESET,19,3973,0.100,1791460564718309.524	,1791460564718309.624	
1,N/A,EVENT_RESET,19,3974,0.080,1791460564718313.604	,1791460564718313.684	
1,N/A,EVENT_RECORD,19,3975,0.020,1791460564718316.164	,1791460564718316.184	
1,_Z24add_rms_norm_bias_customIfEvPhS0_S0_S0_S0_mmjff,AI_VECTOR_CORE,19,3976,8.780,1791460564718318.204	,1791460564718326.984	
1,N/A,EVENT_RECORD,19,3977,0.020,1791460564718337.164	,1791460564718337.184	
1,N/A,EVENT_RESET,19,3978,0.100,1791460564718414.924	,1791460564718415.024	
1,N/A,EVENT_RESET,19,3979,0.100,1791460564718417.504	,1791460564718417.604	
1,N/A,EVENT_RECORD,19,3980,0.020,1791460564718419.644	,1791460564718419.664	
1,_Z24add_rms_norm_bias_customIfEvPhS0_S0_S0_S0_mmjff,AI_VECTOR_CORE,19,3981,7.540,1791460564718437.108	,1791460564718444.648	
1,N/A,EVENT_RECORD,19,3982,0.020,1791460564718444.668	,1791460564718444.688	
1,N/A,EVENT_RESET,19,3983,0.100,1791460564718520.908	,1791460564718521.008	
1,N/A,EVENT_RESET,19,3984,0.100,1791460564718525.068	,1791460564718525.168	
1,N/A,EVENT_RECORD,19,3985,0.020,1791460564718529.668	,1791460564718529.688	
1,_Z24add_rms_norm_bias_customIfEvPhS0_S0_S0_S0_mmjff,AI_VECTOR_CORE,19,3986,7.220,1791460564718533.868	,1791460564718541.088	
1,N/A,EVENT_RECORD,19,3987,0.020,1791460564718551.088	,1791460564718551.108	
1,N/A,EVENT_RESET,19,3988,0.100,1791460564718629.088	,1791460564718629.188	
1,N/A,EVENT_RESET,19,3989,0.100,1791460564718633.068	,1791460564718633.168	
1,N/A,EVENT_RECORD,19,3990,0.024,1791460564718636.268	,1791460564718636.292	
1,_Z24add_rms_norm_bias_customIfEvPhS0_S0_S0_S0_mmjff,AI_VECTOR_CORE,19,3991,7.224,1791460564718638.548	,1791460564718645.772	
1,N/A,EVENT_RECORD,19,3992,0.020,1791460564718667.732	,1791460564718667.752	
1,N/A,EVENT_RESET,19,3993,0.100,1791460564718725.012	,1791460564718725.112	
1,N/A,EVENT_RESET,19,3994,0.100,1791460564718728.592	,1791460564718728.692	
1,N/A,EVENT_RECORD,19,3995,0.020,1791460564718733.312	,1791460564718733.332	
1,_Z24add_rms_norm_bias_customIfEvPhS0_S0_S0_S0_mmjff,AI_VECTOR_CORE,19,3996,258.984,1791460564718747.492	,1791460564719006.476	
1,N/A,EVENT_RECORD,19,3997,0.020,1791460564719006.496	,1791460564719006.516	
1,N/A,EVENT_RECORD,19,3998,0.000,1791460564719006.676	,1791460564719006.676	
1,N/A,EVENT_RESET,19,3999,0.100,1791460564719079.780	,1791460564719079.880	
1,N/A,EVENT_RESET,19,4000,0.080,1791460564719082.260	,1791460564719082.340	
1,N/A,EVENT_RECORD,19,4001,0.020,1791460564719085.800	,1791460564719085.820	
1,_Z24add_rms_norm_bias_customIfEvPhS0_S0_S0_S0_mmjff,AI_VECTOR_CORE,19,4002,7.100,1791460564719090.840	,1791460564719097.940	
1,N/A,EVENT_RECORD,19,4003,0.020,1791460564719113.140	,1791460564719113.160	
1,N/A,EVENT_RESET,19,4004,0.100,1791460564719188.500	,1791460564719188.600	
1,N/A,EVENT_RESET,19,4005,0.080,1791460564719191.660	,1791460564719191.740	
1,N/A,EVENT_RECORD,19,4006,0.020,1791460564719194.200	,1791460564719194.220	
1,_Z24add_rms_norm_bias_customIfEvPhS0_S0_S0_S0_mmjff,AI_VECTOR_CORE,19,4007,6.700,1791460564719216.040	,1791460564719222.740	
1,N/A,EVENT_RECORD,19,4008,0.020,1791460564719222.760	,1791460564719222.780	
1,N/A,EVENT_RESET,19,4009,0.080,1791460564719293.864	,1791460564719293.944	
1,N/A,EVENT_RESET,19,4010,0.080,1791460564719297.784	,1791460564719297.864	
1,N/A,EVENT_RECORD,19,4011,0.000,1791460564719299.364	,1791460564719299.364	
1,_Z24add_rms_norm_bias_customIfEvPhS0_S0_S0_S0_mmjff,AI_VECTOR_CORE,19,4012,6.500,1791460564719321.324	,1791460564719327.824	
1,N/A,EVENT_RECORD,19,4013,0.020,1791460564719327.844	,1791460564719327.864	
1,N/A,EVENT_RESET,19,4014,0.080,1791460564719413.064	,1791460564719413.144	
1,N/A,EVENT_RESET,19,4015,0.080,1791460564719417.744	,1791460564719417.824	
1,N/A,EVENT_RECORD,19,4016,0.020,1791460564719422.324	,1791460564719422.344	
1,_Z24add_rms_norm_bias_customIfEvPhS0_S0_S0_S0_mmjff,AI_VECTOR_CORE,19,4017,57.064,1791460564719427.684	,1791460564719484.748	
1,N/A,EVENT_RECORD,19,4018,0.000,1791460564719484.788	,1791460564719484.788	
1,N/A,EVENT_RECORD,19,4019,0.020,1791460564719498.608	,1791460564719498.628	
1,N/A,EVENT_RESET,19,4020,0.100,1791460564719554.168	,1791460564719554.268	
1,N/A,EVENT_RESET,19,4021,0.100,1791460564719557.208	,1791460564719557.308	
1,N/A,EVENT_RECORD,19,4022,0.000,1791460564719559.868	,1791460564719559.868	
1,_Z24add_rms_norm_bias_customIfEvPhS0_S0_S0_S0_mmjff,AI_VECTOR_CORE,19,4023,8.860,1791460564719575.228	,1791460564719584.088	
1,N/A,EVENT_RECORD,19,4024,0.020,1791460564719589.288	,1791460564719589.308	
1,N/A,EVENT_RESET,19,4025,0.100,1791460564719663.832	,1791460564719663.932	
1,N/A,EVENT_RESET,19,4026,0.100,1791460564719666.132	,1791460564719666.232	
1,N/A,EVENT_RECORD,19,4027,0.020,1791460564719675.932	,1791460564719675.952	
1,_Z24add_rms_norm_bias_customIfEvPhS0_S0_S0_S0_mmjff,AI_VECTOR_CORE,19,4028,9.280,1791460564719705.392	,1791460564719714.672	
1,N/A,EVENT_RECORD,19,4029,0.020,1791460564719724.412	,1791460564719724.432	
1,N/A,EVENT_RESET,19,4030,0.100,1791460564719795.292	,1791460564719795.392	
1,N/A,EVENT_RESET,19,4031,0.100,1791460564719797.272	,1791460564719797.372	
1,N/A,EVENT_RECORD,19,4032,0.020,1791460564719799.732	,1791460564719799.752	
1,_Z24add_rms_norm_bias_customIfEvPhS0_S0_S0_S0_mmjff,AI_VECTOR_CORE,19,4033,7.920,1791460564719818.232	,1791460564719826.152	
1,N/A,EVENT_RECORD,19,4034,0.020,1791460564719847.436	,1791460564719847.456	
1,N/A,EVENT_RESET,19,4035,0.080,1791460564719909.216	,1791460564719909.296	
1,N/A,EVENT_RESET,19,4036,0.080,1791460564719913.976	,1791460564719914.056	
1,N/A,EVENT_RECORD,19,4037,0.020,1791460564719925.276	,1791460564719925.296	
1,_Z24add_rms_norm_bias_customIfEvPhS0_S0_S0_S0_mmjff,AI_VECTOR_CORE,19,4038,54.320,1791460564719936.756	,1791460564719991.076	
1,N/A,EVENT_RECORD,19,4039,0.020,1791460564719991.096	,1791460564719991.116	
1,N/A,EVENT_RECORD,19,4040,0.020,1791460564720002.576	,1791460564720002.596	
1,N/A,EVENT_RESET,19,4041,0.080,1791460564720042.880	,1791460564720042.960	
1,N/A,EVENT_RESET,19,4042,0.080,1791460564720044.800	,1791460564720044.880	
1,N/A,EVENT_RECORD,19,4043,0.020,1791460564720057.800	,1791460564720057.820	
1,_Z24add_rms_norm_bias_customIfEvPhS0_S0_S0_S0_mmjff,AI_VECTOR_CORE,19,4044,212.004,1791460564720075.040	,1791460564720287.044	
1,N/A,EVENT_RECORD,19,4045,0.020,1791460564720287.064	,1791460564720287.084	
1,N/A,EVENT_RECORD,19,4046,0.020,1791460564720287.244	,1791460564720287.264	
1,N/A,EVENT_RESET,19,4047,0.080,1791460564720343.764	,1791460564720343.844	
1,N/A,EVENT_RESET,19,4048,0.100,1791460564720345.904	,1791460564720346.004	
1,N/A,EVENT_RECORD,19,4049,0.020,1791460564720358.164	,1791460564720358.184	
1,_Z24add_rms_norm_bias_customIfEvPhS0_S0_S0_S0_mmjff,AI_VECTOR_CORE,19,4050,8.160,1791460564720371.444	,1791460564720379.604	
1,N/A,EVENT_RECORD,19,4051,0.000,1791460564720388.784	,1791460564720388.784	
1,N/A,EVENT_RESET,19,4052,0.100,1791460564720458.548	,1791460564720458.648	
1,N/A,EVENT_RESET,19,4053,0.080,1791460564720460.568	,1791460564720460.648	
1,N/A,EVENT_RECORD,19,4054,0.020,1791460564720462.648	,1791460564720462.668	
1,_Z24add_rms_norm_bias_customIfEvPhS0_S0_S0_S0_mmjff,AI_VECTOR_CORE,19,4055,8.180,1791460564720475.688	,1791460564720483.868	
1,N/A,EVENT_RECORD,19,4056,0.020,1791460564720492.148	,1791460564720492.168	
1,N/A,EVENT_RESET,19,4057,0.100,1791460564720562.288	,1791460564720562.388	
1,N/A,EVENT_RESET,19,4058,0.080,1791460564720564.628	,1791460564720564.708	
1,N/A,EVENT_RECORD,19,4059,0.020,1791460564720611.568	,1791460564720611.588	
1,_Z24add_rms_norm_bias_customIfEvPhS0_S0_S0_S0_mmjff,AI_VECTOR_CORE,19,4060,9.280,1791460564720619.228	,1791460564720628.508	
1,N/A,EVENT_RECORD,19,4061,0.020,1791460564720628.548	,1791460564720628.568	
1,N/A,EVENT_RESET,19,4062,0.100,1791460564720696.512	,1791460564720696.612	
1,N/A,EVENT_RESET,19,4063,0.080,1791460564720700.432	,1791460564720700.512	
1,N/A,EVENT_RECORD,19,4064,0.020,1791460564720703.692	,1791460564720703.712	
1,_Z24add_rms_norm_bias_customIfEvPhS0_S0_S0_S0_mmjff,AI_VECTOR_CORE,19,4065,7.380,1791460564720727.492	,1791460564720734.872	
1,N/A,EVENT_RECORD,19,4066,0.020,1791460564720734.892	,1791460564720734.912	
1,N/A,EVENT_RESET,19,4067,0.100,1791460564720812.672	,1791460564720812.772	
1,N/A,EVENT_RESET,19,4068,0.100,1791460564720814.932	,1791460564720815.032	
1,N/A,EVENT_RECORD,19,4069,0.020,1791460564720816.812	,1791460564720816.832	
1,_Z24add_rms_norm_bias_customIfEvPhS0_S0_S0_S0_mmjff,AI_VECTOR_CORE,19,4070,623.936,1791460564720828.912	,1791460564721452.848	
1,N/A,EVENT_RECORD,19,4071,0.000,1791460564721452.888	,1791460564721452.888	
1,N/A,EVENT_RECORD,19,4072,0.020,1791460564721453.048	,1791460564721453.068	
1,N/A,EVENT_RESET,19,4073,0.100,1791460564721517.848	,1791460564721517.948	
1,N/A,EVENT_RESET,19,4074,0.080,1791460564721519.828	,1791460564721519.908	
1,N/A,EVENT_RECORD,19,4075,0.020,1791460564721522.528	,1791460564721522.548	
1,_Z24add_rms_norm_bias_customIfEvPhS0_S0_S0_S0_mmjff,AI_VECTOR_CORE,19,4076,6.840,1791460564721543.068	,1791460564721549.908	
1,N/A,EVENT_RECORD,19,4077,0.020,1791460564721558.488	,1791460564721558.508	
1,N/A,EVENT_RESET,19,4078,0.104,1791460564721636.788	,1791460564721636.892	
1,N/A,EVENT_RESET,19,4079,0.104,1791460564721638.788	,1791460564721638.892	
1,N/A,EVENT_RECORD,19,4080,0.020,1791460564721646.272	,1791460564721646.292	
1,_Z24add_rms_norm_bias_customIfEvPhS0_S0_S0_S0_mmjff,AI_VECTOR_CORE,19,4081,43.680,1791460564721664.612	,1791460564721708.292	
1,N/A,EVENT_RECORD,19,4082,0.020,1791460564721708.312	,1791460564721708.332	
1,N/A,EVENT_RESET,19,4083,0.100,1791460564721764.992	,1791460564721765.092	
1,N/A,EVENT_RESET,19,4084,0.080,1791460564721767.952	,1791460564721768.032	
1,N/A,EVENT_RECORD,19,4085,0.020,1791460564721769.712	,1791460564721769.732	
1,_Z24add_rms_norm_bias_customIfEvPhS0_S0_S0_S0_mmjff,AI_VECTOR_CORE,19,4086,9.980,1791460564721788.572	,1791460564721798.552	
1,N/A,EVENT_RECORD,19,4087,0.020,1791460564721800.212	,1791460564721800.232	
1,N/A,EVENT_RESET,19,4088,0.080,1791460564721867.116	,1791460564721867.196	
1,N/A,EVENT_RESET,19,4089,0.100,1791460564721869.816	,1791460564721869.916	
1,N/A,EVENT_RECORD,19,4090,0.020,1791460564721879.776	,1791460564721879.796	
1,_Z24add_rms_norm_bias_customIfEvPhS0_S0_S0_S0_mmjff,AI_VECTOR_CORE,19,4091,10.020,1791460564721891.596	,1791460564721901.616	
1,N/A,EVENT_RECORD,19,4092,0.020,1791460564721905.996	,1791460564721906.016	
1,N/A,EVENT_RESET,19,4093,0.080,1791460564721985.216	,1791460564721985.296	
1,N/A,EVENT_RESET,19,4094,0.100,1791460564721988.496	,1791460564721988.596	
1,N/A,EVENT_RECORD,19,4095,0.020,1791460564721991.276	,1791460564721991.296	
1,_Z24add_rms_norm_bias_customIfEvPhS0_S0_S0_S0_mmjff,AI_VECTOR_CORE,19,4096,10.740,1791460564722008.316	,1791460564722019.056	
1,N/A,EVENT_RECORD,19,4097,0.020,1791460564722019.076	,1791460564722019.096	
1,N/A,EVENT_RESET,19,4098,0.080,1791460564722084.960	,1791460564722085.040	
1,N/A,EVENT_RESET,19,4099,0.100,1791460564722087.180	,1791460564722087.280	
1,N/A,EVENT_RECORD,19,4100,0.020,1791460564722089.880	,1791460564722089.900	
1,_Z24add_rms_norm_bias_customIfEvPhS0_S0_S0_S0_mmjff,AI_VECTOR_CORE,19,4101,10.240,1791460564722104.680	,1791460564722114.920	
1,N/A,EVENT_RECORD,19,4102,0.020,1791460564722117.580	,1791460564722117.600	
1,N/A,EVENT_RESET,19,4103,0.100,1791460564722184.360	,1791460564722184.460	
1,N/A,EVENT_RESET,19,4104,0.100,1791460564722187.980	,1791460564722188.080	
1,N/A,EVENT_RECORD,19,4105,0.020,1791460564722196.060	,1791460564722196.080	
1,_Z24add_rms_norm_bias_customIfEvPhS0_S0_S0_S0_mmjff,AI_VECTOR_CORE,19,4106,7.740,1791460564722212.920	,1791460564722220.660	
1,N/A,EVENT_RECORD,19,4107,0.020,1791460564722231.480	,1791460564722231.500	
1,N/A,EVENT_RESET,19,4108,0.100,1791460564722299.304	,1791460564722299.404	
1,N/A,EVENT_RESET,19,4109,0.100,1791460564722302.924	,1791460564722303.024	
1,N/A,EVENT_RECORD,19,4110,0.020,1791460564722305.444	,1791460564722305.464	
1,_Z24add_rms_norm_bias_customIfEvPhS0_S0_S0_S0_mmjff,AI_VECTOR_CORE,19,4111,7.480,1791460564722324.324	,1791460564722331.804	
1,N/A,EVENT_RECORD,19,4112,0.020,1791460564722331.824	,1791460564722331.844	
1,N/A,EVENT_RESET,19,4113,0.100,1791460564722391.804	,1791460564722391.904	
1,N/A,EVENT_RESET,19,4114,0.080,1791460564722395.204	,1791460564722395.284	
1,N/A,EVENT_RECORD,19,4115,0.020,1791460564722405.484	,1791460564722405.504	
1,_Z24add_rms_norm_bias_customIfEvPhS0_S0_S0_S0_mmjff,AI_VECTOR_CORE,19,4116,6.560,1791460564722421.724	,1791460564722428.284	
1,N/A,EVENT_RECORD,19,4117,0.016,1791460564722439.788	,1791460564722439.804	
1,N/A,EVENT_RESET,19,4118,0.080,1791460564722511.528	,1791460564722511.608	
1,N/A,EVENT_RESET,19,4119,0.100,1791460564722513.368	,1791460564722513.468	
1,N/A,EVENT_RECORD,19,4120,0.020,1791460564722515.248	,1791460564722515.268	
1,_Z24add_rms_norm_bias_customIfEvPhS0_S0_S0_S0_mmjff,AI_VECTOR_CORE,19,4121,6.300,1791460564722527.068	,1791460564722533.368	
1,N/A,EVENT_RECORD,19,4122,0.020,1791460564722538.048	,1791460564722538.068	
1,_Z24add_rms_norm_bias_customIfEvPhS0_S0_S0_S0_mmjff,AI_VECTOR_CORE,19,4123,8.584,1791460564722632.428	,1791460564722641.012	
1,N/A,EVENT_RESET,19,4124,0.100,1791460564722674.992	,1791460564722675.092	
1,N/A,EVENT_RESET,19,4125,0.100,1791460564722676.792	,1791460564722676.892	
1,N/A,EVENT_RECORD,19,4126,0.020,1791460564722679.032	,1791460564722679.052	
1,_Z24add_rms_norm_bias_customIfEvPhS0_S0_S0_S0_mmjff,AI_VECTOR_CORE,19,4127,8.120,1791460564722699.632	,1791460564722707.752	
1,N/A,EVENT_RECORD,19,4128,0.020,1791460564722710.872	,1791460564722710.892	
1,N/A,EVENT_RESET,19,4129,0.100,1791460564722784.392	,1791460564722784.492	
1,N/A,EVENT_RESET,19,4130,0.100,1791460564722787.852	,1791460564722787.952	
1,N/A,EVENT_RECORD,19,4131,0.000,1791460564722790.152	,1791460564722790.152	
1,_Z24add_rms_norm_bias_customIfEvPhS0_S0_S0_S0_mmjff,AI_VECTOR_CORE,19,4132,9.840,1791460564722808.892	,1791460564722818.732	
1,N/A,EVENT_RECORD,19,4133,0.020,1791460564722818.752	,1791460564722818.772	
1,N/A,EVENT_RESET,19,4134,0.100,1791460564722892.256	,1791460564722892.356	
1,N/A,EVENT_RESET,19,4135,0.080,1791460564722894.896	,1791460564722894.976	
1,N/A,EVENT_RECORD,19,4136,0.020,1791460564722897.036	,1791460564722897.056	
1,_Z24add_rms_norm_bias_customIfEvPhS0_S0_S0_S0_mmjff,AI_VECTOR_CORE,19,4137,8.300,1791460564722920.816	,1791460564722929.116	
1,N/A,EVENT_RECORD,19,4138,0.020,1791460564722933.576	,1791460564722933.596	
1,N/A,EVENT_RESET,19,4139,0.080,1791460564723008.936	,1791460564723009.016	
1,N/A,EVENT_RESET,19,4140,0.080,1791460564723012.336	,1791460564723012.416	
1,N/A,EVENT_RECORD,19,4141,0.020,1791460564723014.596	,1791460564723014.616	
1,_Z24add_rms_norm_bias_customIfEvPhS0_S0_S0_S0_mmjff,AI_VECTOR_CORE,19,4142,8.340,1791460564723031.856	,1791460564723040.196	
1,N/A,EVENT_RECORD,19,4143,0.020,1791460564723052.520	,1791460564723052.540	
1,N/A,EVENT_RESET,19,4144,0.100,1791460564723125.500	,1791460564723125.600	
1,N/A,EVENT_RESET,19,4145,0.100,1791460564723130.140	,1791460564723130.240	
1,N/A,EVENT_RECORD,19,4146,0.020,1791460564723136.000	,1791460564723136.020	
1,_Z24add_rms_norm_bias_customIfEvPhS0_S0_S0_S0_mmjff,AI_VECTOR_CORE,19,4147,60.380,1791460564723148.660	,1791460564723209.040	
1,N/A,EVENT_RECORD,19,4148,0.020,1791460564723209.060	,1791460564723209.080	
1,N/A,EVENT_RECORD,19,4149,0.000,1791460564723209.240	,1791460564723209.240	
1,N/A,EVENT_RESET,19,4150,0.100,1791460564723281.384	,1791460564723281.484	
1,N/A,EVENT_RESET,19,4151,0.080,1791460564723284.284	,1791460564723284.364	
1,N/A,EVENT_RECORD,19,4152,0.020,1791460564723288.264	,1791460564723288.284	
1,_Z24add_rms_norm_bias_customIfEvPhS0_S0_S0_S0_mmjff,AI_VECTOR_CORE,19,4153,7.540,1791460564723302.424	,1791460564723309.964	
1,N/A,EVENT_RECORD,19,4154,0.020,1791460564723310.164	,1791460564723310.184	
1,N/A,EVENT_RESET,19,4155,0.100,1791460564723389.744	,1791460564723389.844	
1,N/A,EVENT_RESET,19,4156,0.100,1791460564723395.924	,1791460564723396.024	
1,N/A,EVENT_RECORD,19,4157,0.020,1791460564723400.064	,1791460564723400.084	
1,_Z24add_rms_norm_bias_customIfEvPhS0_S0_S0_S0_mmjff,AI_VECTOR_CORE,19,4158,88.484,1791460564723412.424	,1791460564723500.908	
1,N/A,EVENT_RECORD,19,4159,0.020,1791460564723500.948	,1791460564723500.968	
1,N/A,EVENT_RECORD,19,4160,0.020,1791460564723501.108	,1791460564723501.128	
1,N/A,EVENT_RESET,19,4161,0.100,1791460564723563.148	,1791460564723563.248	
1,N/A,EVENT_RESET,19,4162,0.080,1791460564723569.248	,1791460564723569.328	
1,N/A,EVENT_RECORD,19,4163,0.020,1791460564723573.808	,1791460564723573.828	
1,_Z24add_rms_norm_bias_customIfEvPhS0_S0_S0_S0_mmjff,AI_VECTOR_CORE,19,4164,16.260,1791460564723589.968	,1791460564723606.228	
1,N/A,EVENT_RECORD,19,4165,0.020,1791460564723608.928	,1791460564723608.948	
1,N/A,EVENT_RESET,19,4166,0.080,1791460564723675.112	,1791460564723675.192	
1,N/A,EVENT_RESET,19,4167,0.100,1791460564723682.812	,1791460564723682.912	
1,N/A,EVENT_RECORD,19,4168,0.020,1791460564723712.172	,1791460564723712.192	
1,_Z24add_rms_norm_bias_customIfEvPhS0_S0_S0_S0_mmjff,AI_VECTOR_CORE,19,4169,118.280,1791460564723714.192	,1791460564723832.472	
1,N/A,EVENT_RECORD,19,4170,0.020,1791460564723832.492	,1791460564723832.512	
1,N/A,EVENT_RECORD,19,4171,0.000,1791460564723832.672	,1791460564723832.672	
1,N/A,EVENT_RESET,19,4172,0.080,1791460564723910.376	,1791460564723910.456	
1,N/A,EVENT_RESET,19,4173,0.100,1791460564723914.336	,1791460564723914.436	
1,N/A,EVENT_RECORD,19,4174,0.020,1791460564723916.236	,1791460564723916.256	
1,_Z24add_rms_norm_bias_customIfEvPhS0_S0_S0_S0_mmjff,AI_VECTOR_CORE,19,4175,6.780,1791460564723920.156	,1791460564723926.936	
1,N/A,EVENT_RECORD,19,4176,0.020,1791460564723933.136	,1791460564723933.156	
1,N/A,EVENT_RESET,19,4177,0.100,1791460564724018.996	,1791460564724019.096	
1,N/A,EVENT_RESET,19,4178,0.080,1791460564724021.316	,1791460564724021.396	
1,N/A,EVENT_RECORD,19,4179,0.020,1791460564724023.076	,1791460564724023.096	
1,_Z24add_rms_norm_bias_customIfEvPhS0_S0_S0_S0_mmjff,AI_VECTOR_CORE,19,4180,162.324,1791460564724038.816	,1791460564724201.140	
1,N/A,EVENT_RECORD,19,4181,0.020,1791460564724201.160	,1791460564724201.180	
1,N/A,EVENT_RECORD,19,4182,0.000,1791460564724201.340	,1791460564724201.340	
1,N/A,EVENT_RESET,19,4183,0.080,1791460564724275.424	,1791460564724275.504	
1,N/A,EVENT_RESET,19,4184,0.100,1791460564724282.424	,1791460564724282.524	
1,N/A,EVENT_RECORD,19,4185,0.020,1791460564724288.764	,1791460564724288.784	
1,_Z24add_rms_norm_bias_customIfEvPhS0_S0_S0_S0_mmjff,AI_VECTOR_CORE,19,4186,391.068,1791460564724299.384	,1791460564724690.452	
1,N/A,EVENT_RECORD,19,4187,0.020,1791460564724690.472	,1791460564724690.492	
1,N/A,EVENT_RECORD,19,4188,0.000,1791460564724690.652	,1791460564724690.652	
1,N/A,EVENT_RESET,19,4189,0.100,1791460564724752.752	,1791460564724752.852	
1,N/A,EVENT_RESET,19,4190,0.080,1791460564724756.192	,1791460564724756.272	
1,N/A,EVENT_RECORD,19,4191,0.020,1791460564724759.452	,1791460564724759.472	
1,_Z24add_rms_norm_bias_customIfEvPhS0_S0_S0_S0_mmjff,AI_VECTOR_CORE,19,4192,64.000,1791460564724774.212	,1791460564724838.212	
1,N/A,EVENT_RECORD,19,4193,0.020,1791460564724838.232	,1791460564724838.252	
1,N/A,EVENT_RECORD,19,4194,0.000,1791460564724838.412	,1791460564724838.412	
1,N/A,EVENT_RESET,19,4195,0.100,1791460564724902.296	,1791460564724902.396	
1,N/A,EVENT_RESET,19,4196,0.080,1791460564724908.116	,1791460564724908.196	
1,N/A,EVENT_RECORD,19,4197,0.020,1791460564724914.236	,1791460564724914.256	
1,_Z24add_rms_norm_bias_customIfEvPhS0_S0_S0_S0_mmjff,AI_VECTOR_CORE,19,4198,71.660,1791460564724924.756	,1791460564724996.416	
1,N/A,EVENT_RECORD,19,4199,0.000,1791460564724996.456	,1791460564724996.456	
1,N/A,EVENT_RECORD,19,4200,0.020,1791460564724996.616	,1791460564724996.636	
1,N/A,EVENT_RESET,19,4201,0.100,1791460564725059.500	,1791460564725059.600	
1,N/A,EVENT_RESET,19,4202,0.100,1791460564725064.280	,1791460564725064.380	
1,N/A,EVENT_RECORD,19,4203,0.020,1791460564725069.080	,1791460564725069.100	
1,_Z24add_rms_norm_bias_customIfEvPhS0_S0_S0_S0_mmjff,AI_VECTOR_CORE,19,4204,10.060,1791460564725091.560	,1791460564725101.620	
1,N/A,EVENT_RECORD,19,4205,0.020,1791460564725101.640	,1791460564725101.660	
1,N/A,EVENT_RESET,19,4206,0.080,1791460564725172.480	,1791460564725172.560	
1,N/A,EVENT_RESET,19,4207,0.080,1791460564725176.320	,1791460564725176.400	
1,N/A,EVENT_RECORD,19,4208,0.020,1791460564725180.060	,1791460564725180.080	
1,_Z24add_rms_norm_bias_customIfEvPhS0_S0_S0_S0_mmjff,AI_VECTOR_CORE,19,4209,7.580,1791460564725198.640	,1791460564725206.220	
1,N/A,EVENT_RECORD,19,4210,0.020,1791460564725210.040	,1791460564725210.060	
1,N/A,EVENT_RESET,19,4211,0.080,1791460564725283.464	,1791460564725283.544	
1,N/A,EVENT_RESET,19,4212,0.100,1791460564725288.424	,1791460564725288.524	
1,N/A,EVENT_RECORD,19,4213,0.020,1791460564725291.824	,1791460564725291.844	
1,_Z24add_rms_norm_bias_customIfEvPhS0_S0_S0_S0_mmjff,AI_VECTOR_CORE,19,4214,8.740,1791460564725308.044	,1791460564725316.784	
1,N/A,EVENT_RECORD,19,4215,0.020,1791460564725325.444	,1791460564725325.464	
1,N/A,EVENT_RESET,19,4216,0.100,1791460564725402.464	,1791460564725402.564	
1,N/A,EVENT_RESET,19,4217,0.100,1791460564725408.144	,1791460564725408.244	
1,N/A,EVENT_RECORD,19,4218,0.020,1791460564725415.664	,1791460564725415.684	
1,_Z24add_rms_norm_bias_customIfEvPhS0_S0_S0_S0_mmjff,AI_VECTOR_CORE,19,4219,7.720,1791460564725419.104	,1791460564725426.824	
1,N/A,EVENT_RECORD,19,4220,0.016,1791460564725441.948	,1791460564725441.964	
1,N/A,EVENT_RESET,19,4221,0.100,1791460564725509.408	,1791460564725509.508	
1,N/A,EVENT_RESET,19,4222,0.080,1791460564725513.288	,1791460564725513.368	
1,N/A,EVENT_RECORD,19,4223,0.020,1791460564725517.768	,1791460564725517.788	
1,_Z24add_rms_norm_bias_customIfEvPhS0_S0_S0_S0_mmjff,AI_VECTOR_CORE,19,4224,8.300,1791460564725529.068	,1791460564725537.368	
1,N/A,EVENT_RECORD,19,4225,0.020,1791460564725539.688	,1791460564725539.708	
1,N/A,EVENT_RESET,19,4226,0.100,1791460564725616.948	,1791460564725617.048	
1,N/A,EVENT_RESET,19,4227,0.080,1791460564725620.568	,1791460564725620.648	
1,N/A,EVENT_RECORD,19,4228,0.020,1791460564725623.028	,1791460564725623.048	
1,_Z24add_rms_norm_bias_customIfEvPhS0_S0_S0_S0_mmjff,AI_VECTOR_CORE,19,4229,259.804,1791460564725643.812	,1791460564725903.616	
1,N/A,EVENT_RECORD,19,4230,0.020,1791460564725903.636	,1791460564725903.656	
1,N/A,EVENT_RECORD,19,4231,0.020,1791460564725903.816	,1791460564725903.836	
1,N/A,EVENT_RESET,19,4232,0.080,1791460564725967.236	,1791460564725967.316	
1,N/A,EVENT_RESET,19,4233,0.080,1791460564725970.416	,1791460564725970.496	
1,N/A,EVENT_RECORD,19,4234,0.000,1791460564725972.476	,1791460564725972.476	
1,_Z24add_rms_norm_bias_customIfEvPhS0_S0_S0_S0_mmjff,AI_VECTOR_CORE,19,4235,7.720,1791460564725992.136	,1791460564725999.856	
1,N/A,EVENT_RECORD,19,4236,0.020,1791460564726010.316	,1791460564726010.336	
1,N/A,EVENT_RESET,19,4237,0.100,1791460564726078.920	,1791460564726079.020	
1,N/A,EVENT_RESET,19,4238,0.080,1791460564726081.580	,1791460564726081.660	
1,N/A,EVENT_RECORD,19,4239,0.000,1791460564726083.760	,1791460564726083.760	
1,_Z24add_rms_norm_bias_customIfEvPhS0_S0_S0_S0_mmjff,AI_VECTOR_CORE,19,4240,8.660,1791460564726097.780	,1791460564726106.440	
1,N/A,EVENT_RECORD,19,4241,0.020,1791460564726117.000	,1791460564726117.020	
1,N/A,EVENT_RESET,19,4242,0.100,1791460564726189.780	,1791460564726189.880	
1,N/A,EVENT_RESET,19,4243,0.100,1791460564726192.180	,1791460564726192.280	
1,N/A,EVENT_RECORD,19,4244,0.020,1791460564726194.220	,1791460564726194.240	
1,_Z24add_rms_norm_bias_customIfEvPhS0_S0_S0_S0_mmjff,AI_VECTOR_CORE,19,4245,8.380,1791460564726221.780	,1791460564726230.160	
1,N/A,EVENT_RECORD,19,4246,0.020,1791460564726239.920	,1791460564726239.940	
1,N/A,EVENT_RESET,19,4247,0.100,1791460564726304.864	,1791460564726304.964	
1,N/A,EVENT_RESET,19,4248,0.080,1791460564726307.744	,1791460564726307.824	
1,N/A,EVENT_RECORD,19,4249,0.020,1791460564726312.124	,1791460564726312.144	
1,_Z24add_rms_norm_bias_customIfEvPhS0_S0_S0_S0_mmjff,AI_VECTOR_CORE,19,4250,8.600,1791460564726331.084	,1791460564726339.684	
1,N/A,EVENT_RECORD,19,4251,0.020,1791460564726352.024	,1791460564726352.044	
1,N/A,EVENT_RESET,19,4252,0.080,1791460564726420.764	,1791460564726420.844	
1,N/A,EVENT_RESET,19,4253,0.080,1791460564726422.644	,1791460564726422.724	
1,N/A,EVENT_RECORD,19,4254,0.020,1791460564726424.484	,1791460564726424.504	
1,_Z24add_rms_norm_bias_customIfEvPhS0_S0_S0_S0_mmjff,AI_VECTOR_CORE,19,4255,8.464,1791460564726440.524	,1791460564726448.988	
1,N/A,EVENT_RECORD,19,4256,0.020,1791460564726464.708	,1791460564726464.728	
1,N/A,EVENT_RESET,19,4257,0.080,1791460564726528.968	,1791460564726529.048	
1,N/A,EVENT_RESET,19,4258,0.080,1791460564726532.008	,1791460564726532.088	
1,N/A,EVENT_RECORD,19,4259,0.020,1791460564726534.128	,1791460564726534.148	
1,_Z24add_rms_norm_bias_customIfEvPhS0_S0_S0_S0_mmjff,AI_VECTOR_CORE,19,4260,7.540,1791460564726550.548	,1791460564726558.088	
1,N/A,EVENT_RECORD,19,4261,0.020,1791460564726558.808	,1791460564726558.828	
1,N/A,EVENT_RESET,19,4262,0.096,1791460564726643.012	,1791460564726643.108	
1,N/A,EVENT_RESET,19,4263,0.104,1791460564726645.708	,1791460564726645.812	
1,N/A,EVENT_RECORD,19,4264,0.024,1791460564726648.188	,1791460564726648.212	
1,_Z24add_rms_norm_bias_customIfEvPhS0_S0_S0_S0_mmjff,AI_VECTOR_CORE,19,4265,129.020,1791460564726665.112	,1791460564726794.132	
1,N/A,EVENT_RECORD,19,4266,0.020,1791460564726794.152	,1791460564726794.172	
1,N/A,EVENT_RECORD,19,4267,0.020,1791460564726794.312	,1791460564726794.332	
1,N/A,EVENT_RESET,19,4268,0.080,1791460564726859.596	,1791460564726859.676	
1,N/A,EVENT_RESET,19,4269,0.100,1791460564726861.896	,1791460564726861.996	
1,N/A,EVENT_RECORD,19,4270,0.020,1791460564726864.236	,1791460564726864.256	
1,_Z24add_rms_norm_bias_customIfEvPhS0_S0_S0_S0_mmjff,AI_VECTOR_CORE,19,4271,5.980,1791460564726884.176	,1791460564726890.156	
1,N/A,EVENT_RECORD,19,4272,0.020,1791460564726897.736	,1791460564726897.756	
1,N/A,EVENT_RESET,19,4273,0.100,1791460564726963.896	,1791460564726963.996	
1,N/A,EVENT_RESET,19,4274,0.100,1791460564726965.876	,1791460564726965.976	
1,N/A,EVENT_RECORD,19,4275,0.020,1791460564726979.476	,1791460564726979.496	
1,_Z24add_rms_norm_bias_customIfEvPhS0_S0_S0_S0_mmjff,AI_VECTOR_CORE,19,4276,6.420,1791460564726988.936	,1791460564726995.356	
1,N/A,EVENT_RECORD,19,4277,0.020,1791460564727002.296	,1791460564727002.316	
1,N/A,EVENT_RESET,19,4278,0.080,1791460564727080.800	,1791460564727080.880	
1,N/A,EVENT_RESET,19,4279,0.100,1791460564727082.520	,1791460564727082.620	
1,N/A,EVENT_RECORD,19,4280,0.020,1791460564727084.360	,1791460564727084.380	
1,_Z24add_rms_norm_bias_customIfEvPhS0_S0_S0_S0_mmjff,AI_VECTOR_CORE,19,4281,6.780,1791460564727096.540	,1791460564727103.320	
1,N/A,EVENT_RECORD,19,4282,0.000,1791460564727110.160	,1791460564727110.160	
1,N/A,EVENT_RESET,19,4283,0.100,1791460564727171.360	,1791460564727171.460	
1,N/A,EVENT_RESET,19,4284,0.100,1791460564727180.640	,1791460564727180.740	
1,N/A,EVENT_RECORD,19,4285,0.020,1791460564727184.020	,1791460564727184.040	
1,_Z24add_rms_norm_bias_customIfEvPhS0_S0_S0_S0_mmjff,AI_VECTOR_CORE,19,4286,5.500,1791460564727196.720	,1791460564727202.220	
1,N/A,EVENT_RECORD,19,4287,0.020,1791460564727219.660	,1791460564727219.680	
1,N/A,EVENT_RESET,19,4288,0.100,1791460564727288.044	,1791460564727288.144	
1,N/A,EVENT_RESET,19,4289,0.100,1791460564727290.424	,1791460564727290.524	
1,N/A,EVENT_RECORD,19,4290,0.020,1791460564727292.444	,1791460564727292.464	
1,_Z24add_rms_norm_bias_customIfEvPhS0_S0_S0_S0_mmjff,AI_VECTOR_CORE,19,4291,5.300,1791460564727306.484	,1791460564727311.784	
1,N/A,EVENT_RECORD,19,4292,0.020,1791460564727324.724	,1791460564727324.744	
1,_Z24add_rms_norm_bias_customIfEvPhS0_S0_S0_S0_mmjff,AI_VECTOR_CORE,19,4293,5.760,1791460564727461.568	,1791460564727467.328	
1,_Z24add_rms_norm_bias_customIfEvPhS0_S0_S0_S0_mmjff,AI_VECTOR_CORE,19,4294,10.820,1791460564728116.540	,1791460564728127.360	
1,N/A,PROFILING_DISABLE,20,4,0.000,1791460564729972.376	,1791460564729972.376	
1,N/A,PLACE_HOLDER_SQE,20,5,0.020,1791460564730065.660	,1791460564730065.680	
1,N/A,PLACE_HOLDER_SQE,20,6,0.000,1791460564730065.980	,1791460564730065.980	
