Device_id,Model ID,Task ID,Stream ID,Op Name,OP Type,OP State,Task Type,Task Start Time(us),Task Duration(us),Task Wait Time(us),Block Dim,Mix Block Dim,HF32 Eligible,Input Shapes,Input Data Types,Input Formats,Output Shapes,Output Data Types,Output Formats,Context ID
4,4294967295,0,463,_Z24add_rms_norm_bias_customIu6__bf16EvPhS0_S0_S0_S0_mmjff,_Z24add_rms_norm_bias_customIu6__bf16EvPhS0_S0_S0_S0_mmjff,dynamic,AI_VECTOR_CORE,1791436083348672.110	,60.824,0,40,0,NO,N/A,N/A,N/A,N/A,N/A,N/A,N/A
4,4294967295,1,463,_Z24add_rms_norm_bias_customIu6__bf16EvPhS0_S0_S0_S0_mmjff,_Z24add_rms_norm_bias_customIu6__bf16EvPhS0_S0_S0_S0_mmjff,dynamic,AI_VECTOR_CORE,1791436083348922.678	,28.380,189.926000,40,0,NO,N/A,N/A,N/A,N/A,N/A,N/A,N/A
4,4294967295,3,463,_Z24add_rms_norm_bias_customIu6__bf16EvPhS0_S0_S0_S0_mmjff,_Z24add_rms_norm_bias_customIu6__bf16EvPhS0_S0_S0_S0_mmjff,dynamic,AI_VECTOR_CORE,1791436083349074.778	,63.344,123.620000,40,0,NO,N/A,N/A,N/A,N/A,N/A,N/A,N/A
4,4294967295,5,463,_Z24add_rms_norm_bias_customIu6__bf16EvPhS0_S0_S0_S0_mmjff,_Z24add_rms_norm_bias_customIu6__bf16EvPhS0_S0_S0_S0_mmjff,dynamic,AI_VECTOR_CORE,1791436083349436.826	,22.780,298.656000,40,0,NO,N/A,N/A,N/A,N/A,N/A,N/A,N/A
4,4294967295,7,463,_Z24add_rms_norm_bias_customIu6__bf16EvPhS0_S0_S0_S0_mmjff,_Z24add_rms_norm_bias_customIu6__bf16EvPhS0_S0_S0_S0_mmjff,dynamic,AI_VECTOR_CORE,1791436083349638.410	,156.004,178.970000,40,0,NO,N/A,N/A,N/A,N/A,N/A,N/A,N/A
4,4294967295,9,463,_Z24add_rms_norm_bias_customIu6__bf16EvPhS0_S0_S0_S0_mmjff,_Z24add_rms_norm_bias_customIu6__bf16EvPhS0_S0_S0_S0_mmjff,dynamic,AI_VECTOR_CORE,1791436083349871.514	,31.360,76.996000,40,0,NO,N/A,N/A,N/A,N/A,N/A,N/A,N/A
4,4294967295,11,463,_Z24add_rms_norm_bias_customIu6__bf16EvPhS0_S0_S0_S0_mmjff,_Z24add_rms_norm_bias_customIu6__bf16EvPhS0_S0_S0_S0_mmjff,dynamic,AI_VECTOR_CORE,1791436083350014.118	,36.120,111.140000,40,0,NO,N/A,N/A,N/A,N/A,N/A,N/A,N/A
4,4294967295,13,463,_Z24add_rms_norm_bias_customIu6__bf16EvPhS0_S0_S0_S0_mmjff,_Z24add_rms_norm_bias_customIu6__bf16EvPhS0_S0_S0_S0_mmjff,dynamic,AI_VECTOR_CORE,1791436083350117.178	,27.504,67.130000,40,0,NO,N/A,N/A,N/A,N/A,N/A,N/A,N/A
4,4294967295,15,463,_Z24add_rms_norm_bias_customIu6__bf16EvPhS0_S0_S0_S0_mmjff,_Z24add_rms_norm_bias_customIu6__bf16EvPhS0_S0_S0_S0_mmjff,dynamic,AI_VECTOR_CORE,1791436083350234.662	,32.040,89.996000,40,0,NO,N/A,N/A,N/A,N/A,N/A,N/A,N/A
4,4294967295,17,463,_Z24add_rms_norm_bias_customIu6__bf16EvPhS0_S0_S0_S0_mmjff,_Z24add_rms_norm_bias_customIu6__bf16EvPhS0_S0_S0_S0_mmjff,dynamic,AI_VECTOR_CORE,1791436083350392.106	,34.360,125.210000,40,0,NO,N/A,N/A,N/A,N/A,N/A,N/A,N/A
4,4294967295,19,463,_Z24add_rms_norm_bias_customIu6__bf16EvPhS0_S0_S0_S0_mmjff,_Z24add_rms_norm_bias_customIu6__bf16EvPhS0_S0_S0_S0_mmjff,dynamic,AI_VECTOR_CORE,1791436083350511.546	,30.404,85.140000,40,0,NO,N/A,N/A,N/A,N/A,N/A,N/A,N/A
4,4294967295,21,463,_Z24add_rms_norm_bias_customIu6__bf16EvPhS0_S0_S0_S0_mmjff,_Z24add_rms_norm_bias_customIu6__bf16EvPhS0_S0_S0_S0_mmjff,dynamic,AI_VECTOR_CORE,1791436083350630.550	,31.780,88.596000,40,0,NO,N/A,N/A,N/A,N/A,N/A,N/A,N/A
4,4294967295,23,463,_Z24add_rms_norm_bias_customIu6__bf16EvPhS0_S0_S0_S0_mmjff,_Z24add_rms_norm_bias_customIu6__bf16EvPhS0_S0_S0_S0_mmjff,dynamic,AI_VECTOR_CORE,1791436083350748.694	,28.140,86.470000,40,0,NO,N/A,N/A,N/A,N/A,N/A,N/A,N/A
4,4294967295,25,463,_Z24add_rms_norm_bias_customIu6__bf16EvPhS0_S0_S0_S0_mmjff,_Z24add_rms_norm_bias_customIu6__bf16EvPhS0_S0_S0_S0_mmjff,dynamic,AI_VECTOR_CORE,1791436083350849.674	,35.040,72.860000,40,0,NO,N/A,N/A,N/A,N/A,N/A,N/A,N/A
4,4294967295,27,463,_Z24add_rms_norm_bias_customIu6__bf16EvPhS0_S0_S0_S0_mmjff,_Z24add_rms_norm_bias_customIu6__bf16EvPhS0_S0_S0_S0_mmjff,dynamic,AI_VECTOR_CORE,1791436083350959.058	,23.700,74.210000,40,0,NO,N/A,N/A,N/A,N/A,N/A,N/A,N/A
4,4294967295,29,463,_Z24add_rms_norm_bias_customIu6__bf16EvPhS0_S0_S0_S0_mmjff,_Z24add_rms_norm_bias_customIu6__bf16EvPhS0_S0_S0_S0_mmjff,dynamic,AI_VECTOR_CORE,1791436083351059.458	,20.500,76.800000,40,0,NO,N/A,N/A,N/A,N/A,N/A,N/A,N/A
4,4294967295,31,463,_Z24add_rms_norm_bias_customIu6__bf16EvPhS0_S0_S0_S0_mmjff,_Z24add_rms_norm_bias_customIu6__bf16EvPhS0_S0_S0_S0_mmjff,dynamic,AI_VECTOR_CORE,1791436083351174.862	,28.700,94.750000,40,0,NO,N/A,N/A,N/A,N/A,N/A,N/A,N/A
4,4294967295,33,463,_Z24add_rms_norm_bias_customIu6__bf16EvPhS0_S0_S0_S0_mmjff,_Z24add_rms_norm_bias_customIu6__bf16EvPhS0_S0_S0_S0_mmjff,dynamic,AI_VECTOR_CORE,1791436083351281.042	,33.080,77.550000,40,0,NO,N/A,N/A,N/A,N/A,N/A,N/A,N/A
4,4294967295,35,463,_Z24add_rms_norm_bias_customIu6__bf16EvPhS0_S0_S0_S0_mmjff,_Z24add_rms_norm_bias_customIu6__bf16EvPhS0_S0_S0_S0_mmjff,dynamic,AI_VECTOR_CORE,1791436083351382.786	,30.920,68.670000,40,0,NO,N/A,N/A,N/A,N/A,N/A,N/A,N/A
4,4294967295,37,463,_Z24add_rms_norm_bias_customIu6__bf16EvPhS0_S0_S0_S0_mmjff,_Z24add_rms_norm_bias_customIu6__bf16EvPhS0_S0_S0_S0_mmjff,dynamic,AI_VECTOR_CORE,1791436083351585.450	,30.440,171.830000,40,0,NO,N/A,N/A,N/A,N/A,N/A,N/A,N/A
4,4294967295,39,463,_Z24add_rms_norm_bias_customIu6__bf16EvPhS0_S0_S0_S0_mmjff,_Z24add_rms_norm_bias_customIu6__bf16EvPhS0_S0_S0_S0_mmjff,dynamic,AI_VECTOR_CORE,1791436083351680.030	,33.040,64.060000,40,0,NO,N/A,N/A,N/A,N/A,N/A,N/A,N/A
4,4294967295,40,463,_Z24add_rms_norm_bias_customIu6__bf16EvPhS0_S0_S0_S0_mmjff,_Z24add_rms_norm_bias_customIu6__bf16EvPhS0_S0_S0_S0_mmjff,dynamic,AI_VECTOR_CORE,1791436083351747.254	,28.040,34.210000,40,0,NO,N/A,N/A,N/A,N/A,N/A,N/A,N/A
4,4294967295,42,463,_Z24add_rms_norm_bias_customIu6__bf16EvPhS0_S0_S0_S0_mmjff,_Z24add_rms_norm_bias_customIu6__bf16EvPhS0_S0_S0_S0_mmjff,dynamic,AI_VECTOR_CORE,1791436083351853.054	,38.040,77.710000,40,0,NO,N/A,N/A,N/A,N/A,N/A,N/A,N/A
4,4294967295,44,463,_Z24add_rms_norm_bias_customIu6__bf16EvPhS0_S0_S0_S0_mmjff,_Z24add_rms_norm_bias_customIu6__bf16EvPhS0_S0_S0_S0_mmjff,dynamic,AI_VECTOR_CORE,1791436083351963.738	,31.260,72.710000,40,0,NO,N/A,N/A,N/A,N/A,N/A,N/A,N/A
4,4294967295,46,463,_Z24add_rms_norm_bias_customIu6__bf16EvPhS0_S0_S0_S0_mmjff,_Z24add_rms_norm_bias_customIu6__bf16EvPhS0_S0_S0_S0_mmjff,dynamic,AI_VECTOR_CORE,1791436083352066.418	,179.624,71.490000,40,0,NO,N/A,N/A,N/A,N/A,N/A,N/A,N/A
4,4294967295,48,463,_Z24add_rms_norm_bias_customIu6__bf16EvPhS0_S0_S0_S0_mmjff,_Z24add_rms_norm_bias_customIu6__bf16EvPhS0_S0_S0_S0_mmjff,dynamic,AI_VECTOR_CORE,1791436083352298.102	,31.324,51.876000,40,0,NO,N/A,N/A,N/A,N/A,N/A,N/A,N/A
4,4294967295,50,463,_Z24add_rms_norm_bias_customIu6__bf16EvPhS0_S0_S0_S0_mmjff,_Z24add_rms_norm_bias_customIu6__bf16EvPhS0_S0_S0_S0_mmjff,dynamic,AI_VECTOR_CORE,1791436083352475.146	,34.120,145.926000,40,0,NO,N/A,N/A,N/A,N/A,N/A,N/A,N/A
4,4294967295,52,463,_Z24add_rms_norm_bias_customIu6__bf16EvPhS0_S0_S0_S0_mmjff,_Z24add_rms_norm_bias_customIu6__bf16EvPhS0_S0_S0_S0_mmjff,dynamic,AI_VECTOR_CORE,1791436083352602.250	,21.200,92.880000,40,0,NO,N/A,N/A,N/A,N/A,N/A,N/A,N/A
4,4294967295,54,463,_Z24add_rms_norm_bias_customIu6__bf16EvPhS0_S0_S0_S0_mmjff,_Z24add_rms_norm_bias_customIu6__bf16EvPhS0_S0_S0_S0_mmjff,dynamic,AI_VECTOR_CORE,1791436083352698.110	,31.224,74.550000,40,0,NO,N/A,N/A,N/A,N/A,N/A,N/A,N/A
4,4294967295,56,463,_Z24add_rms_norm_bias_customIu6__bf16EvPhS0_S0_S0_S0_mmjff,_Z24add_rms_norm_bias_customIu6__bf16EvPhS0_S0_S0_S0_mmjff,dynamic,AI_VECTOR_CORE,1791436083352822.794	,27.760,93.526000,40,0,NO,N/A,N/A,N/A,N/A,N/A,N/A,N/A
4,4294967295,58,463,_Z24add_rms_norm_bias_customIu6__bf16EvPhS0_S0_S0_S0_mmjff,_Z24add_rms_norm_bias_customIu6__bf16EvPhS0_S0_S0_S0_mmjff,dynamic,AI_VECTOR_CORE,1791436083352985.558	,30.420,134.990000,40,0,NO,N/A,N/A,N/A,N/A,N/A,N/A,N/A
4,4294967295,60,463,_Z24add_rms_norm_bias_customIu6__bf16EvPhS0_S0_S0_S0_mmjff,_Z24add_rms_norm_bias_customIu6__bf16EvPhS0_S0_S0_S0_mmjff,dynamic,AI_VECTOR_CORE,1791436083353174.562	,23.900,158.580000,40,0,NO,N/A,N/A,N/A,N/A,N/A,N/A,N/A
4,4294967295,62,463,_Z24add_rms_norm_bias_customIu6__bf16EvPhS0_S0_S0_S0_mmjff,_Z24add_rms_norm_bias_customIu6__bf16EvPhS0_S0_S0_S0_mmjff,dynamic,AI_VECTOR_CORE,1791436083353339.846	,31.680,141.350000,40,0,NO,N/A,N/A,N/A,N/A,N/A,N/A,N/A
4,4294967295,64,463,_Z24add_rms_norm_bias_customIu6__bf16EvPhS0_S0_S0_S0_mmjff,_Z24add_rms_norm_bias_customIu6__bf16EvPhS0_S0_S0_S0_mmjff,dynamic,AI_VECTOR_CORE,1791436083353476.946	,30.640,105.570000,40,0,NO,N/A,N/A,N/A,N/A,N/A,N/A,N/A
4,4294967295,66,463,_Z24add_rms_norm_bias_customIu6__bf16EvPhS0_S0_S0_S0_mmjff,_Z24add_rms_norm_bias_customIu6__bf16EvPhS0_S0_S0_S0_mmjff,dynamic,AI_VECTOR_CORE,1791436083353560.130	,27.340,52.610000,40,0,NO,N/A,N/A,N/A,N/A,N/A,N/A,N/A
4,4294967295,68,463,_Z24add_rms_norm_bias_customIu6__bf16EvPhS0_S0_S0_S0_mmjff,_Z24add_rms_norm_bias_customIu6__bf16EvPhS0_S0_S0_S0_mmjff,dynamic,AI_VECTOR_CORE,1791436083353789.834	,36.780,202.160000,40,0,NO,N/A,N/A,N/A,N/A,N/A,N/A,N/A
4,4294967295,70,463,_Z24add_rms_norm_bias_customIu6__bf16EvPhS0_S0_S0_S0_mmjff,_Z24add_rms_norm_bias_customIu6__bf16EvPhS0_S0_S0_S0_mmjff,dynamic,AI_VECTOR_CORE,1791436083353935.718	,38.060,109.220000,40,0,NO,N/A,N/A,N/A,N/A,N/A,N/A,N/A
4,4294967295,72,463,_Z24add_rms_norm_bias_customIu6__bf16EvPhS0_S0_S0_S0_mmjff,_Z24add_rms_norm_bias_customIu6__bf16EvPhS0_S0_S0_S0_mmjff,dynamic,AI_VECTOR_CORE,1791436083354110.198	,30.664,136.440000,40,0,NO,N/A,N/A,N/A,N/A,N/A,N/A,N/A
4,4294967295,74,463,_Z24add_rms_norm_bias_customIu6__bf16EvPhS0_S0_S0_S0_mmjff,_Z24add_rms_norm_bias_customIu6__bf16EvPhS0_S0_S0_S0_mmjff,dynamic,AI_VECTOR_CORE,1791436083354232.302	,30.180,91.336000,40,0,NO,N/A,N/A,N/A,N/A,N/A,N/A,N/A
4,4294967295,76,463,_Z24add_rms_norm_bias_customIu6__bf16EvPhS0_S0_S0_S0_mmjff,_Z24add_rms_norm_bias_customIu6__bf16EvPhS0_S0_S0_S0_mmjff,dynamic,AI_VECTOR_CORE,1791436083354459.246	,30.260,196.820000,40,0,NO,N/A,N/A,N/A,N/A,N/A,N/A,N/A
4,4294967295,78,463,_Z24add_rms_norm_bias_customIu6__bf16EvPhS0_S0_S0_S0_mmjff,_Z24add_rms_norm_bias_customIu6__bf16EvPhS0_S0_S0_S0_mmjff,dynamic,AI_VECTOR_CORE,1791436083354601.810	,170.144,112.240000,40,0,NO,N/A,N/A,N/A,N/A,N/A,N/A,N/A
4,4294967295,80,463,_Z24add_rms_norm_bias_customIu6__bf16EvPhS0_S0_S0_S0_mmjff,_Z24add_rms_norm_bias_customIu6__bf16EvPhS0_S0_S0_S0_mmjff,dynamic,AI_VECTOR_CORE,1791436083354915.394	,30.824,143.606000,40,0,NO,N/A,N/A,N/A,N/A,N/A,N/A,N/A
4,4294967295,82,463,_Z24add_rms_norm_bias_customIu6__bf16EvPhS0_S0_S0_S0_mmjff,_Z24add_rms_norm_bias_customIu6__bf16EvPhS0_S0_S0_S0_mmjff,dynamic,AI_VECTOR_CORE,1791436083355093.658	,29.920,147.426000,40,0,NO,N/A,N/A,N/A,N/A,N/A,N/A,N/A
4,4294967295,84,463,_Z24add_rms_norm_bias_customIu6__bf16EvPhS0_S0_S0_S0_mmjff,_Z24add_rms_norm_bias_customIu6__bf16EvPhS0_S0_S0_S0_mmjff,dynamic,AI_VECTOR_CORE,1791436083355204.182	,36.820,80.580000,40,0,NO,N/A,N/A,N/A,N/A,N/A,N/A,N/A
4,4294967295,86,463,_Z24add_rms_norm_bias_customIu6__bf16EvPhS0_S0_S0_S0_mmjff,_Z24add_rms_norm_bias_customIu6__bf16EvPhS0_S0_S0_S0_mmjff,dynamic,AI_VECTOR_CORE,1791436083355399.846	,24.900,158.680000,40,0,NO,N/A,N/A,N/A,N/A,N/A,N/A,N/A
4,4294967295,88,463,_Z24add_rms_norm_bias_customIu6__bf16EvPhS0_S0_S0_S0_mmjff,_Z24add_rms_norm_bias_customIu6__bf16EvPhS0_S0_S0_S0_mmjff,dynamic,AI_VECTOR_CORE,1791436083355600.470	,34.340,175.850000,40,0,NO,N/A,N/A,N/A,N/A,N/A,N/A,N/A
4,4294967295,90,463,_Z24add_rms_norm_bias_customIu6__bf16EvPhS0_S0_S0_S0_mmjff,_Z24add_rms_norm_bias_customIu6__bf16EvPhS0_S0_S0_S0_mmjff,dynamic,AI_VECTOR_CORE,1791436083355808.374	,38.080,173.410000,40,0,NO,N/A,N/A,N/A,N/A,N/A,N/A,N/A
4,4294967295,92,463,_Z24add_rms_norm_bias_customIu6__bf16EvPhS0_S0_S0_S0_mmjff,_Z24add_rms_norm_bias_customIu6__bf16EvPhS0_S0_S0_S0_mmjff,dynamic,AI_VECTOR_CORE,1791436083355998.618	,32.440,152.170000,40,0,NO,N/A,N/A,N/A,N/A,N/A,N/A,N/A
4,4294967295,94,463,_Z24add_rms_norm_bias_customIu6__bf16EvPhS0_S0_S0_S0_mmjff,_Z24add_rms_norm_bias_customIu6__bf16EvPhS0_S0_S0_S0_mmjff,dynamic,AI_VECTOR_CORE,1791436083356232.182	,37.800,201.310000,40,0,NO,N/A,N/A,N/A,N/A,N/A,N/A,N/A
4,4294967295,96,463,_Z24add_rms_norm_bias_customIu6__bf16EvPhS0_S0_S0_S0_mmjff,_Z24add_rms_norm_bias_customIu6__bf16EvPhS0_S0_S0_S0_mmjff,dynamic,AI_VECTOR_CORE,1791436083356439.746	,31.500,169.700000,40,0,NO,N/A,N/A,N/A,N/A,N/A,N/A,N/A
4,4294967295,98,463,_Z24add_rms_norm_bias_customIu6__bf16EvPhS0_S0_S0_S0_mmjff,_Z24add_rms_norm_bias_customIu6__bf16EvPhS0_S0_S0_S0_mmjff,dynamic,AI_VECTOR_CORE,1791436083356627.090	,31.700,155.750000,40,0,NO,N/A,N/A,N/A,N/A,N/A,N/A,N/A
4,4294967295,100,463,_Z24add_rms_norm_bias_customIu6__bf16EvPhS0_S0_S0_S0_mmjff,_Z24add_rms_norm_bias_customIu6__bf16EvPhS0_S0_S0_S0_mmjff,dynamic,AI_VECTOR_CORE,1791436083356824.274	,29.100,165.550000,40,0,NO,N/A,N/A,N/A,N/A,N/A,N/A,N/A
4,4294967295,102,463,_Z24add_rms_norm_bias_customIu6__bf16EvPhS0_S0_S0_S0_mmjff,_Z24add_rms_norm_bias_customIu6__bf16EvPhS0_S0_S0_S0_mmjff,dynamic,AI_VECTOR_CORE,1791436083357009.098	,32.580,155.650000,40,0,NO,N/A,N/A,N/A,N/A,N/A,N/A,N/A
4,4294967295,104,463,_Z24add_rms_norm_bias_customIu6__bf16EvPhS0_S0_S0_S0_mmjff,_Z24add_rms_norm_bias_customIu6__bf16EvPhS0_S0_S0_S0_mmjff,dynamic,AI_VECTOR_CORE,1791436083357124.178	,163.684,82.670000,40,0,NO,N/A,N/A,N/A,N/A,N/A,N/A,N/A
4,4294967295,106,463,_Z24add_rms_norm_bias_customIu6__bf16EvPhS0_S0_S0_S0_mmjff,_Z24add_rms_norm_bias_customIu6__bf16EvPhS0_S0_S0_S0_mmjff,dynamic,AI_VECTOR_CORE,1791436083357365.326	,30.500,77.316000,40,0,NO,N/A,N/A,N/A,N/A,N/A,N/A,N/A
4,4294967295,108,463,_Z24add_rms_norm_bias_customIu6__bf16EvPhS0_S0_S0_S0_mmjff,_Z24add_rms_norm_bias_customIu6__bf16EvPhS0_S0_S0_S0_mmjff,dynamic,AI_VECTOR_CORE,1791436083357488.566	,30.900,92.750000,40,0,NO,N/A,N/A,N/A,N/A,N/A,N/A,N/A
4,4294967295,109,463,_Z24add_rms_norm_bias_customIu6__bf16EvPhS0_S0_S0_S0_mmjff,_Z24add_rms_norm_bias_customIu6__bf16EvPhS0_S0_S0_S0_mmjff,dynamic,AI_VECTOR_CORE,1791436083357599.770	,28.380,80.350000,40,0,NO,N/A,N/A,N/A,N/A,N/A,N/A,N/A
4,4294967295,111,463,_Z24add_rms_norm_bias_customIu6__bf16EvPhS0_S0_S0_S0_mmjff,_Z24add_rms_norm_bias_customIu6__bf16EvPhS0_S0_S0_S0_mmjff,dynamic,AI_VECTOR_CORE,1791436083357720.350	,39.724,92.120000,40,0,NO,N/A,N/A,N/A,N/A,N/A,N/A,N/A
4,4294967295,113,463,_Z24add_rms_norm_bias_customIu6__bf16EvPhS0_S0_S0_S0_mmjff,_Z24add_rms_norm_bias_customIu6__bf16EvPhS0_S0_S0_S0_mmjff,dynamic,AI_VECTOR_CORE,1791436083357850.934	,27.780,91.026000,40,0,NO,N/A,N/A,N/A,N/A,N/A,N/A,N/A
4,4294967295,115,463,_Z24add_rms_norm_bias_customIu6__bf16EvPhS0_S0_S0_S0_mmjff,_Z24add_rms_norm_bias_customIu6__bf16EvPhS0_S0_S0_S0_mmjff,dynamic,AI_VECTOR_CORE,1791436083358069.638	,36.020,190.970000,40,0,NO,N/A,N/A,N/A,N/A,N/A,N/A,N/A
4,4294967295,118,463,_Z24add_rms_norm_bias_customIu6__bf16EvPhS0_S0_S0_S0_mmjff,_Z24add_rms_norm_bias_customIu6__bf16EvPhS0_S0_S0_S0_mmjff,dynamic,AI_VECTOR_CORE,1791436083358283.302	,22.920,177.480000,40,0,NO,N/A,N/A,N/A,N/A,N/A,N/A,N/A
4,4294967295,122,463,_Z24add_rms_norm_bias_customIu6__bf16EvPhS0_S0_S0_S0_mmjff,_Z24add_rms_norm_bias_customIu6__bf16EvPhS0_S0_S0_S0_mmjff,dynamic,AI_VECTOR_CORE,1791436083358664.110	,36.960,357.830000,40,0,NO,N/A,N/A,N/A,N/A,N/A,N/A,N/A
4,4294967295,125,463,_Z24add_rms_norm_bias_customIu6__bf16EvPhS0_S0_S0_S0_mmjff,_Z24add_rms_norm_bias_customIu6__bf16EvPhS0_S0_S0_S0_mmjff,dynamic,AI_VECTOR_CORE,1791436083358890.454	,24.080,189.540000,40,0,NO,N/A,N/A,N/A,N/A,N/A,N/A,N/A
4,4294967295,129,463,_Z24add_rms_norm_bias_customIu6__bf16EvPhS0_S0_S0_S0_mmjff,_Z24add_rms_norm_bias_customIu6__bf16EvPhS0_S0_S0_S0_mmjff,dynamic,AI_VECTOR_CORE,1791436083359057.178	,52.840,142.670000,40,0,NO,N/A,N/A,N/A,N/A,N/A,N/A,N/A
4,4294967295,132,463,_Z24add_rms_norm_bias_customIu6__bf16EvPhS0_S0_S0_S0_mmjff,_Z24add_rms_norm_bias_customIu6__bf16EvPhS0_S0_S0_S0_mmjff,dynamic,AI_VECTOR_CORE,1791436083359205.202	,38.780,95.160000,40,0,NO,N/A,N/A,N/A,N/A,N/A,N/A,N/A
4,4294967295,135,463,_Z24add_rms_norm_bias_customIu6__bf16EvPhS0_S0_S0_S0_mmjff,_Z24add_rms_norm_bias_customIu6__bf16EvPhS0_S0_S0_S0_mmjff,dynamic,AI_VECTOR_CORE,1791436083359390.966	,34.420,146.970000,40,0,NO,N/A,N/A,N/A,N/A,N/A,N/A,N/A
4,4294967295,138,463,_Z24add_rms_norm_bias_customIu6__bf16EvPhS0_S0_S0_S0_mmjff,_Z24add_rms_norm_bias_customIu6__bf16EvPhS0_S0_S0_S0_mmjff,dynamic,AI_VECTOR_CORE,1791436083359514.406	,29.084,89.080000,40,0,NO,N/A,N/A,N/A,N/A,N/A,N/A,N/A
4,4294967295,141,463,_Z24add_rms_norm_bias_customIu6__bf16EvPhS0_S0_S0_S0_mmjff,_Z24add_rms_norm_bias_customIu6__bf16EvPhS0_S0_S0_S0_mmjff,dynamic,AI_VECTOR_CORE,1791436083359766.754	,41.760,223.166000,40,0,NO,N/A,N/A,N/A,N/A,N/A,N/A,N/A
4,4294967295,145,463,_Z24add_rms_norm_bias_customIu6__bf16EvPhS0_S0_S0_S0_mmjff,_Z24add_rms_norm_bias_customIu6__bf16EvPhS0_S0_S0_S0_mmjff,dynamic,AI_VECTOR_CORE,1791436083359952.998	,36.980,144.490000,40,0,NO,N/A,N/A,N/A,N/A,N/A,N/A,N/A
4,4294967295,148,463,_Z24add_rms_norm_bias_customIu6__bf16EvPhS0_S0_S0_S0_mmjff,_Z24add_rms_norm_bias_customIu6__bf16EvPhS0_S0_S0_S0_mmjff,dynamic,AI_VECTOR_CORE,1791436083360122.318	,30.124,132.270000,40,0,NO,N/A,N/A,N/A,N/A,N/A,N/A,N/A
4,4294967295,151,463,_Z24add_rms_norm_bias_customIu6__bf16EvPhS0_S0_S0_S0_mmjff,_Z24add_rms_norm_bias_customIu6__bf16EvPhS0_S0_S0_S0_mmjff,dynamic,AI_VECTOR_CORE,1791436083360306.162	,37.744,153.876000,40,0,NO,N/A,N/A,N/A,N/A,N/A,N/A,N/A
4,4294967295,155,463,_Z24add_rms_norm_bias_customIu6__bf16EvPhS0_S0_S0_S0_mmjff,_Z24add_rms_norm_bias_customIu6__bf16EvPhS0_S0_S0_S0_mmjff,dynamic,AI_VECTOR_CORE,1791436083360499.986	,31.584,156.006000,40,0,NO,N/A,N/A,N/A,N/A,N/A,N/A,N/A
4,4294967295,158,463,_Z24add_rms_norm_bias_customIu6__bf16EvPhS0_S0_S0_S0_mmjff,_Z24add_rms_norm_bias_customIu6__bf16EvPhS0_S0_S0_S0_mmjff,dynamic,AI_VECTOR_CORE,1791436083360642.170	,32.860,110.666000,40,0,NO,N/A,N/A,N/A,N/A,N/A,N/A,N/A
4,4294967295,161,463,_Z24add_rms_norm_bias_customIu6__bf16EvPhS0_S0_S0_S0_mmjff,_Z24add_rms_norm_bias_customIu6__bf16EvPhS0_S0_S0_S0_mmjff,dynamic,AI_VECTOR_CORE,1791436083360840.914	,60.940,165.890000,40,0,NO,N/A,N/A,N/A,N/A,N/A,N/A,N/A
4,4294967295,165,463,_Z24add_rms_norm_bias_customIu6__bf16EvPhS0_S0_S0_S0_mmjff,_Z24add_rms_norm_bias_customIu6__bf16EvPhS0_S0_S0_S0_mmjff,dynamic,AI_VECTOR_CORE,1791436083361051.258	,36.080,149.310000,40,0,NO,N/A,N/A,N/A,N/A,N/A,N/A,N/A
4,4294967295,168,463,_Z24add_rms_norm_bias_customIu6__bf16EvPhS0_S0_S0_S0_mmjff,_Z24add_rms_norm_bias_customIu6__bf16EvPhS0_S0_S0_S0_mmjff,dynamic,AI_VECTOR_CORE,1791436083361214.282	,33.920,126.920000,40,0,NO,N/A,N/A,N/A,N/A,N/A,N/A,N/A
4,4294967295,171,463,_Z24add_rms_norm_bias_customIu6__bf16EvPhS0_S0_S0_S0_mmjff,_Z24add_rms_norm_bias_customIu6__bf16EvPhS0_S0_S0_S0_mmjff,dynamic,AI_VECTOR_CORE,1791436083361371.406	,30.520,123.330000,40,0,NO,N/A,N/A,N/A,N/A,N/A,N/A,N/A
4,4294967295,174,463,_Z24add_rms_norm_bias_customIu6__bf16EvPhS0_S0_S0_S0_mmjff,_Z24add_rms_norm_bias_customIu6__bf16EvPhS0_S0_S0_S0_mmjff,dynamic,AI_VECTOR_CORE,1791436083361534.850	,32.660,132.730000,40,0,NO,N/A,N/A,N/A,N/A,N/A,N/A,N/A
4,4294967295,177,463,_Z24add_rms_norm_bias_customIu6__bf16EvPhS0_S0_S0_S0_mmjff,_Z24add_rms_norm_bias_customIu6__bf16EvPhS0_S0_S0_S0_mmjff,dynamic,AI_VECTOR_CORE,1791436083361717.910	,31.804,150.590000,40,0,NO,N/A,N/A,N/A,N/A,N/A,N/A,N/A
4,4294967295,181,463,_Z24add_rms_norm_bias_customIu6__bf16EvPhS0_S0_S0_S0_mmjff,_Z24add_rms_norm_bias_customIu6__bf16EvPhS0_S0_S0_S0_mmjff,dynamic,AI_VECTOR_CORE,1791436083361899.434	,36.724,149.696000,40,0,NO,N/A,N/A,N/A,N/A,N/A,N/A,N/A
4,4294967295,184,463,_Z24add_rms_norm_bias_customIu6__bf16EvPhS0_S0_S0_S0_mmjff,_Z24add_rms_norm_bias_customIu6__bf16EvPhS0_S0_S0_S0_mmjff,dynamic,AI_VECTOR_CORE,1791436083362081.398	,97.864,145.276000,40,0,NO,N/A,N/A,N/A,N/A,N/A,N/A,N/A
4,4294967295,188,463,_Z24add_rms_norm_bias_customIu6__bf16EvPhS0_S0_S0_S0_mmjff,_Z24add_rms_norm_bias_customIu6__bf16EvPhS0_S0_S0_S0_mmjff,dynamic,AI_VECTOR_CORE,1791436083362304.502	,30.644,125.136000,40,0,NO,N/A,N/A,N/A,N/A,N/A,N/A,N/A
4,4294967295,191,463,_Z24add_rms_norm_bias_customIu6__bf16EvPhS0_S0_S0_S0_mmjff,_Z24add_rms_norm_bias_customIu6__bf16EvPhS0_S0_S0_S0_mmjff,dynamic,AI_VECTOR_CORE,1791436083362462.586	,30.620,127.356000,40,0,NO,N/A,N/A,N/A,N/A,N/A,N/A,N/A
4,4294967295,194,463,_Z24add_rms_norm_bias_customIu6__bf16EvPhS0_S0_S0_S0_mmjff,_Z24add_rms_norm_bias_customIu6__bf16EvPhS0_S0_S0_S0_mmjff,dynamic,AI_VECTOR_CORE,1791436083362686.930	,45.184,193.880000,40,0,NO,N/A,N/A,N/A,N/A,N/A,N/A,N/A
4,4294967295,198,463,_Z24add_rms_norm_bias_customIu6__bf16EvPhS0_S0_S0_S0_mmjff,_Z24add_rms_norm_bias_customIu6__bf16EvPhS0_S0_S0_S0_mmjff,dynamic,AI_VECTOR_CORE,1791436083362869.374	,35.900,137.066000,40,0,NO,N/A,N/A,N/A,N/A,N/A,N/A,N/A
4,4294967295,201,463,_Z24add_rms_norm_bias_customIu6__bf16EvPhS0_S0_S0_S0_mmjff,_Z24add_rms_norm_bias_customIu6__bf16EvPhS0_S0_S0_S0_mmjff,dynamic,AI_VECTOR_CORE,1791436083363041.198	,30.360,136.100000,40,0,NO,N/A,N/A,N/A,N/A,N/A,N/A,N/A
4,4294967295,205,463,_Z24add_rms_norm_bias_customIu6__bf16EvPhS0_S0_S0_S0_mmjff,_Z24add_rms_norm_bias_customIu6__bf16EvPhS0_S0_S0_S0_mmjff,dynamic,AI_VECTOR_CORE,1791436083363232.202	,60.760,160.640000,40,0,NO,N/A,N/A,N/A,N/A,N/A,N/A,N/A
4,4294967295,209,463,_Z24add_rms_norm_bias_customIu6__bf16EvPhS0_S0_S0_S0_mmjff,_Z24add_rms_norm_bias_customIu6__bf16EvPhS0_S0_S0_S0_mmjff,dynamic,AI_VECTOR_CORE,1791436083363516.366	,33.524,223.240000,40,0,NO,N/A,N/A,N/A,N/A,N/A,N/A,N/A
4,4294967295,213,463,_Z24add_rms_norm_bias_customIu6__bf16EvPhS0_S0_S0_S0_mmjff,_Z24add_rms_norm_bias_customIu6__bf16EvPhS0_S0_S0_S0_mmjff,dynamic,AI_VECTOR_CORE,1791436083363718.550	,37.664,168.726000,40,0,NO,N/A,N/A,N/A,N/A,N/A,N/A,N/A
4,4294967295,217,463,_Z24add_rms_norm_bias_customIu6__bf16EvPhS0_S0_S0_S0_mmjff,_Z24add_rms_norm_bias_customIu6__bf16EvPhS0_S0_S0_S0_mmjff,dynamic,AI_VECTOR_CORE,1791436083363848.694	,47.820,92.586000,40,0,NO,N/A,N/A,N/A,N/A,N/A,N/A,N/A
4,4294967295,220,463,_Z24add_rms_norm_bias_customIu6__bf16EvPhS0_S0_S0_S0_mmjff,_Z24add_rms_norm_bias_customIu6__bf16EvPhS0_S0_S0_S0_mmjff,dynamic,AI_VECTOR_CORE,1791436083364051.258	,37.120,154.680000,40,0,NO,N/A,N/A,N/A,N/A,N/A,N/A,N/A
4,4294967295,223,463,_Z24add_rms_norm_bias_customIu6__bf16EvPhS0_S0_S0_S0_mmjff,_Z24add_rms_norm_bias_customIu6__bf16EvPhS0_S0_S0_S0_mmjff,dynamic,AI_VECTOR_CORE,1791436083364177.762	,34.160,89.380000,40,0,NO,N/A,N/A,N/A,N/A,N/A,N/A,N/A
4,4294967295,226,463,_Z24add_rms_norm_bias_customIu6__bf16EvPhS0_S0_S0_S0_mmjff,_Z24add_rms_norm_bias_customIu6__bf16EvPhS0_S0_S0_S0_mmjff,dynamic,AI_VECTOR_CORE,1791436083364361.546	,205.724,149.590000,40,0,NO,N/A,N/A,N/A,N/A,N/A,N/A,N/A
4,4294967295,230,463,_Z24add_rms_norm_bias_customIu6__bf16EvPhS0_S0_S0_S0_mmjff,_Z24add_rms_norm_bias_customIu6__bf16EvPhS0_S0_S0_S0_mmjff,dynamic,AI_VECTOR_CORE,1791436083364676.370	,30.340,109.026000,40,0,NO,N/A,N/A,N/A,N/A,N/A,N/A,N/A
4,4294967295,233,463,_Z24add_rms_norm_bias_customIu6__bf16EvPhS0_S0_S0_S0_mmjff,_Z24add_rms_norm_bias_customIu6__bf16EvPhS0_S0_S0_S0_mmjff,dynamic,AI_VECTOR_CORE,1791436083364837.014	,32.180,130.410000,40,0,NO,N/A,N/A,N/A,N/A,N/A,N/A,N/A
4,4294967295,236,463,_Z24add_rms_norm_bias_customIu6__bf16EvPhS0_S0_S0_S0_mmjff,_Z24add_rms_norm_bias_customIu6__bf16EvPhS0_S0_S0_S0_mmjff,dynamic,AI_VECTOR_CORE,1791436083365009.938	,32.160,140.820000,40,0,NO,N/A,N/A,N/A,N/A,N/A,N/A,N/A
4,4294967295,240,463,_Z24add_rms_norm_bias_customIu6__bf16EvPhS0_S0_S0_S0_mmjff,_Z24add_rms_norm_bias_customIu6__bf16EvPhS0_S0_S0_S0_mmjff,dynamic,AI_VECTOR_CORE,1791436083365149.602	,28.480,107.340000,40,0,NO,N/A,N/A,N/A,N/A,N/A,N/A,N/A
4,4294967295,243,463,_Z24add_rms_norm_bias_customIu6__bf16EvPhS0_S0_S0_S0_mmjff,_Z24add_rms_norm_bias_customIu6__bf16EvPhS0_S0_S0_S0_mmjff,dynamic,AI_VECTOR_CORE,1791436083365289.162	,33.380,111.270000,40,0,NO,N/A,N/A,N/A,N/A,N/A,N/A,N/A
4,4294967295,246,463,_Z24add_rms_norm_bias_customIu6__bf16EvPhS0_S0_S0_S0_mmjff,_Z24add_rms_norm_bias_customIu6__bf16EvPhS0_S0_S0_S0_mmjff,dynamic,AI_VECTOR_CORE,1791436083365422.326	,39.260,99.620000,40,0,NO,N/A,N/A,N/A,N/A,N/A,N/A,N/A
4,4294967295,249,463,_Z24add_rms_norm_bias_customIu6__bf16EvPhS0_S0_S0_S0_mmjff,_Z24add_rms_norm_bias_customIu6__bf16EvPhS0_S0_S0_S0_mmjff,dynamic,AI_VECTOR_CORE,1791436083365570.670	,37.400,109.240000,40,0,NO,N/A,N/A,N/A,N/A,N/A,N/A,N/A
4,4294967295,252,463,_Z24add_rms_norm_bias_customIu6__bf16EvPhS0_S0_S0_S0_mmjff,_Z24add_rms_norm_bias_customIu6__bf16EvPhS0_S0_S0_S0_mmjff,dynamic,AI_VECTOR_CORE,1791436083365700.230	,53.764,92.100000,40,0,NO,N/A,N/A,N/A,N/A,N/A,N/A,N/A
4,4294967295,255,463,_Z24add_rms_norm_bias_customIu6__bf16EvPhS0_S0_S0_S0_mmjff,_Z24add_rms_norm_bias_customIu6__bf16EvPhS0_S0_S0_S0_mmjff,dynamic,AI_VECTOR_CORE,1791436083365828.994	,28.100,74.986000,40,0,NO,N/A,N/A,N/A,N/A,N/A,N/A,N/A
4,4294967295,258,463,_Z24add_rms_norm_bias_customIu6__bf16EvPhS0_S0_S0_S0_mmjff,_Z24add_rms_norm_bias_customIu6__bf16EvPhS0_S0_S0_S0_mmjff,dynamic,AI_VECTOR_CORE,1791436083366068.158	,34.060,211.150000,40,0,NO,N/A,N/A,N/A,N/A,N/A,N/A,N/A
4,4294967295,262,463,_Z24add_rms_norm_bias_customIu6__bf16EvPhS0_S0_S0_S0_mmjff,_Z24add_rms_norm_bias_customIu6__bf16EvPhS0_S0_S0_S0_mmjff,dynamic,AI_VECTOR_CORE,1791436083366240.422	,30.840,138.190000,40,0,NO,N/A,N/A,N/A,N/A,N/A,N/A,N/A
4,4294967295,266,463,_Z24add_rms_norm_bias_customIu6__bf16EvPhS0_S0_S0_S0_mmjff,_Z24add_rms_norm_bias_customIu6__bf16EvPhS0_S0_S0_S0_mmjff,dynamic,AI_VECTOR_CORE,1791436083366400.566	,26.880,129.160000,40,0,NO,N/A,N/A,N/A,N/A,N/A,N/A,N/A
4,4294967295,269,463,_Z24add_rms_norm_bias_customIu6__bf16EvPhS0_S0_S0_S0_mmjff,_Z24add_rms_norm_bias_customIu6__bf16EvPhS0_S0_S0_S0_mmjff,dynamic,AI_VECTOR_CORE,1791436083366509.346	,35.284,81.870000,40,0,NO,N/A,N/A,N/A,N/A,N/A,N/A,N/A
4,4294967295,272,463,_Z24add_rms_norm_bias_customIu6__bf16EvPhS0_S0_S0_S0_mmjff,_Z24add_rms_norm_bias_customIu6__bf16EvPhS0_S0_S0_S0_mmjff,dynamic,AI_VECTOR_CORE,1791436083366678.430	,37.320,133.966000,40,0,NO,N/A,N/A,N/A,N/A,N/A,N/A,N/A
4,4294967295,275,463,_Z24add_rms_norm_bias_customIu6__bf16EvPhS0_S0_S0_S0_mmjff,_Z24add_rms_norm_bias_customIu6__bf16EvPhS0_S0_S0_S0_mmjff,dynamic,AI_VECTOR_CORE,1791436083366800.234	,34.600,84.430000,40,0,NO,N/A,N/A,N/A,N/A,N/A,N/A,N/A
4,4294967295,278,463,_Z24add_rms_norm_bias_customIu6__bf16EvPhS0_S0_S0_S0_mmjff,_Z24add_rms_norm_bias_customIu6__bf16EvPhS0_S0_S0_S0_mmjff,dynamic,AI_VECTOR_CORE,1791436083366929.654	,152.924,94.900000,40,0,NO,N/A,N/A,N/A,N/A,N/A,N/A,N/A
4,4294967295,282,463,_Z24add_rms_norm_bias_customIu6__bf16EvPhS0_S0_S0_S0_mmjff,_Z24add_rms_norm_bias_customIu6__bf16EvPhS0_S0_S0_S0_mmjff,dynamic,AI_VECTOR_CORE,1791436083367219.582	,29.460,136.826000,40,0,NO,N/A,N/A,N/A,N/A,N/A,N/A,N/A
4,4294967295,285,463,_Z24add_rms_norm_bias_customIu6__bf16EvPhS0_S0_S0_S0_mmjff,_Z24add_rms_norm_bias_customIu6__bf16EvPhS0_S0_S0_S0_mmjff,dynamic,AI_VECTOR_CORE,1791436083367337.802	,32.684,88.790000,40,0,NO,N/A,N/A,N/A,N/A,N/A,N/A,N/A
4,4294967295,288,463,_Z24add_rms_norm_bias_customIu6__bf16EvPhS0_S0_S0_S0_mmjff,_Z24add_rms_norm_bias_customIu6__bf16EvPhS0_S0_S0_S0_mmjff,dynamic,AI_VECTOR_CORE,1791436083367445.966	,35.160,75.566000,40,0,NO,N/A,N/A,N/A,N/A,N/A,N/A,N/A
4,4294967295,291,463,_Z24add_rms_norm_bias_customIu6__bf16EvPhS0_S0_S0_S0_mmjff,_Z24add_rms_norm_bias_customIu6__bf16EvPhS0_S0_S0_S0_mmjff,dynamic,AI_VECTOR_CORE,1791436083367620.750	,32.100,139.590000,40,0,NO,N/A,N/A,N/A,N/A,N/A,N/A,N/A
4,4294967295,295,463,_Z24add_rms_norm_bias_customIu6__bf16EvPhS0_S0_S0_S0_mmjff,_Z24add_rms_norm_bias_customIu6__bf16EvPhS0_S0_S0_S0_mmjff,dynamic,AI_VECTOR_CORE,1791436083367806.194	,33.600,153.400000,40,0,NO,N/A,N/A,N/A,N/A,N/A,N/A,N/A
4,4294967295,299,463,_Z24add_rms_norm_bias_customIu6__bf16EvPhS0_S0_S0_S0_mmjff,_Z24add_rms_norm_bias_customIu6__bf16EvPhS0_S0_S0_S0_mmjff,dynamic,AI_VECTOR_CORE,1791436083367980.838	,30.320,140.900000,40,0,NO,N/A,N/A,N/A,N/A,N/A,N/A,N/A
4,4294967295,302,463,_Z24add_rms_norm_bias_customIu6__bf16EvPhS0_S0_S0_S0_mmjff,_Z24add_rms_norm_bias_customIu6__bf16EvPhS0_S0_S0_S0_mmjff,dynamic,AI_VECTOR_CORE,1791436083368095.658	,40.680,84.680000,40,0,NO,N/A,N/A,N/A,N/A,N/A,N/A,N/A
4,4294967295,305,463,_Z24add_rms_norm_bias_customIu6__bf16EvPhS0_S0_S0_S0_mmjff,_Z24add_rms_norm_bias_customIu6__bf16EvPhS0_S0_S0_S0_mmjff,dynamic,AI_VECTOR_CORE,1791436083368244.882	,32.600,108.570000,40,0,NO,N/A,N/A,N/A,N/A,N/A,N/A,N/A
4,4294967295,308,463,_Z24add_rms_norm_bias_customIu6__bf16EvPhS0_S0_S0_S0_mmjff,_Z24add_rms_norm_bias_customIu6__bf16EvPhS0_S0_S0_S0_mmjff,dynamic,AI_VECTOR_CORE,1791436083368360.666	,36.960,83.150000,40,0,NO,N/A,N/A,N/A,N/A,N/A,N/A,N/A
4,4294967295,311,463,_Z24add_rms_norm_bias_customIu6__bf16EvPhS0_S0_S0_S0_mmjff,_Z24add_rms_norm_bias_customIu6__bf16EvPhS0_S0_S0_S0_mmjff,dynamic,AI_VECTOR_CORE,1791436083368503.826	,35.144,106.040000,40,0,NO,N/A,N/A,N/A,N/A,N/A,N/A,N/A
4,4294967295,315,463,_Z24add_rms_norm_bias_customIu6__bf16EvPhS0_S0_S0_S0_mmjff,_Z24add_rms_norm_bias_customIu6__bf16EvPhS0_S0_S0_S0_mmjff,dynamic,AI_VECTOR_CORE,1791436083368777.994	,33.120,239.106000,40,0,NO,N/A,N/A,N/A,N/A,N/A,N/A,N/A
4,4294967295,319,463,_Z24add_rms_norm_bias_customIu6__bf16EvPhS0_S0_S0_S0_mmjff,_Z24add_rms_norm_bias_customIu6__bf16EvPhS0_S0_S0_S0_mmjff,dynamic,AI_VECTOR_CORE,1791436083368972.318	,30.280,161.130000,40,0,NO,N/A,N/A,N/A,N/A,N/A,N/A,N/A
4,4294967295,323,463,_Z24add_rms_norm_bias_customIu6__bf16EvPhS0_S0_S0_S0_mmjff,_Z24add_rms_norm_bias_customIu6__bf16EvPhS0_S0_S0_S0_mmjff,dynamic,AI_VECTOR_CORE,1791436083369170.482	,30.880,167.970000,40,0,NO,N/A,N/A,N/A,N/A,N/A,N/A,N/A
4,4294967295,326,463,_Z24add_rms_norm_bias_customIu6__bf16EvPhS0_S0_S0_S0_mmjff,_Z24add_rms_norm_bias_customIu6__bf16EvPhS0_S0_S0_S0_mmjff,dynamic,AI_VECTOR_CORE,1791436083369362.486	,31.980,161.120000,40,0,NO,N/A,N/A,N/A,N/A,N/A,N/A,N/A
4,4294967295,330,463,_Z24add_rms_norm_bias_customIu6__bf16EvPhS0_S0_S0_S0_mmjff,_Z24add_rms_norm_bias_customIu6__bf16EvPhS0_S0_S0_S0_mmjff,dynamic,AI_VECTOR_CORE,1791436083369563.190	,61.080,168.770000,40,0,NO,N/A,N/A,N/A,N/A,N/A,N/A,N/A
4,4294967295,334,463,_Z24add_rms_norm_bias_customIu6__bf16EvPhS0_S0_S0_S0_mmjff,_Z24add_rms_norm_bias_customIu6__bf16EvPhS0_S0_S0_S0_mmjff,dynamic,AI_VECTOR_CORE,1791436083369762.054	,29.900,137.670000,40,0,NO,N/A,N/A,N/A,N/A,N/A,N/A,N/A
4,4294967295,337,463,_Z24add_rms_norm_bias_customIu6__bf16EvPhS0_S0_S0_S0_mmjff,_Z24add_rms_norm_bias_customIu6__bf16EvPhS0_S0_S0_S0_mmjff,dynamic,AI_VECTOR_CORE,1791436083369958.558	,32.120,166.600000,40,0,NO,N/A,N/A,N/A,N/A,N/A,N/A,N/A
4,4294967295,341,463,_Z24add_rms_norm_bias_customIu6__bf16EvPhS0_S0_S0_S0_mmjff,_Z24add_rms_norm_bias_customIu6__bf16EvPhS0_S0_S0_S0_mmjff,dynamic,AI_VECTOR_CORE,1791436083370148.442	,32.640,157.880000,40,0,NO,N/A,N/A,N/A,N/A,N/A,N/A,N/A
4,4294967295,345,463,_Z24add_rms_norm_bias_customIu6__bf16EvPhS0_S0_S0_S0_mmjff,_Z24add_rms_norm_bias_customIu6__bf16EvPhS0_S0_S0_S0_mmjff,dynamic,AI_VECTOR_CORE,1791436083370352.806	,34.900,171.610000,40,0,NO,N/A,N/A,N/A,N/A,N/A,N/A,N/A
4,4294967295,349,463,_Z24add_rms_norm_bias_customIu6__bf16EvPhS0_S0_S0_S0_mmjff,_Z24add_rms_norm_bias_customIu6__bf16EvPhS0_S0_S0_S0_mmjff,dynamic,AI_VECTOR_CORE,1791436083370574.210	,37.340,186.600000,40,0,NO,N/A,N/A,N/A,N/A,N/A,N/A,N/A
4,4294967295,352,463,_Z24add_rms_norm_bias_customIu6__bf16EvPhS0_S0_S0_S0_mmjff,_Z24add_rms_norm_bias_customIu6__bf16EvPhS0_S0_S0_S0_mmjff,dynamic,AI_VECTOR_CORE,1791436083370763.834	,30.640,152.160000,40,0,NO,N/A,N/A,N/A,N/A,N/A,N/A,N/A
4,4294967295,355,463,_Z24add_rms_norm_bias_customIu6__bf16EvPhS0_S0_S0_S0_mmjff,_Z24add_rms_norm_bias_customIu6__bf16EvPhS0_S0_S0_S0_mmjff,dynamic,AI_VECTOR_CORE,1791436083370961.478	,33.340,167.110000,40,0,NO,N/A,N/A,N/A,N/A,N/A,N/A,N/A
4,4294967295,359,463,_Z24add_rms_norm_bias_customIu6__bf16EvPhS0_S0_S0_S0_mmjff,_Z24add_rms_norm_bias_customIu6__bf16EvPhS0_S0_S0_S0_mmjff,dynamic,AI_VECTOR_CORE,1791436083371074.258	,33.240,79.410000,40,0,NO,N/A,N/A,N/A,N/A,N/A,N/A,N/A
4,4294967295,362,463,_Z24add_rms_norm_bias_customIu6__bf16EvPhS0_S0_S0_S0_mmjff,_Z24add_rms_norm_bias_customIu6__bf16EvPhS0_S0_S0_S0_mmjff,dynamic,AI_VECTOR_CORE,1791436083371262.822	,59.640,155.260000,40,0,NO,N/A,N/A,N/A,N/A,N/A,N/A,N/A
4,4294967295,366,463,_Z24add_rms_norm_bias_customIu6__bf16EvPhS0_S0_S0_S0_mmjff,_Z24add_rms_norm_bias_customIu6__bf16EvPhS0_S0_S0_S0_mmjff,dynamic,AI_VECTOR_CORE,1791436083371563.910	,26.060,241.610000,40,0,NO,N/A,N/A,N/A,N/A,N/A,N/A,N/A
4,4294967295,370,463,_Z24add_rms_norm_bias_customIu6__bf16EvPhS0_S0_S0_S0_mmjff,_Z24add_rms_norm_bias_customIu6__bf16EvPhS0_S0_S0_S0_mmjff,dynamic,AI_VECTOR_CORE,1791436083371767.874	,24.280,177.690000,40,0,NO,N/A,N/A,N/A,N/A,N/A,N/A,N/A
4,4294967295,374,463,_Z24add_rms_norm_bias_customIu6__bf16EvPhS0_S0_S0_S0_mmjff,_Z24add_rms_norm_bias_customIu6__bf16EvPhS0_S0_S0_S0_mmjff,dynamic,AI_VECTOR_CORE,1791436083371926.034	,119.884,133.970000,40,0,NO,N/A,N/A,N/A,N/A,N/A,N/A,N/A
4,4294967295,378,463,_Z24add_rms_norm_bias_customIu6__bf16EvPhS0_S0_S0_S0_mmjff,_Z24add_rms_norm_bias_customIu6__bf16EvPhS0_S0_S0_S0_mmjff,dynamic,AI_VECTOR_CORE,1791436083372146.042	,30.020,100.116000,40,0,NO,N/A,N/A,N/A,N/A,N/A,N/A,N/A
4,4294967295,381,463,_Z24add_rms_norm_bias_customIu6__bf16EvPhS0_S0_S0_S0_mmjff,_Z24add_rms_norm_bias_customIu6__bf16EvPhS0_S0_S0_S0_mmjff,dynamic,AI_VECTOR_CORE,1791436083372267.662	,37.880,91.730000,40,0,NO,N/A,N/A,N/A,N/A,N/A,N/A,N/A
4,4294967295,384,463,_Z24add_rms_norm_bias_customIu6__bf16EvPhS0_S0_S0_S0_mmjff,_Z24add_rms_norm_bias_customIu6__bf16EvPhS0_S0_S0_S0_mmjff,dynamic,AI_VECTOR_CORE,1791436083372473.346	,33.400,167.620000,40,0,NO,N/A,N/A,N/A,N/A,N/A,N/A,N/A
4,4294967295,388,463,_Z24add_rms_norm_bias_customIu6__bf16EvPhS0_S0_S0_S0_mmjff,_Z24add_rms_norm_bias_customIu6__bf16EvPhS0_S0_S0_S0_mmjff,dynamic,AI_VECTOR_CORE,1791436083372632.330	,23.440,125.600000,40,0,NO,N/A,N/A,N/A,N/A,N/A,N/A,N/A
4,4294967295,391,463,_Z24add_rms_norm_bias_customIu6__bf16EvPhS0_S0_S0_S0_mmjff,_Z24add_rms_norm_bias_customIu6__bf16EvPhS0_S0_S0_S0_mmjff,dynamic,AI_VECTOR_CORE,1791436083372770.074	,24.500,114.310000,40,0,NO,N/A,N/A,N/A,N/A,N/A,N/A,N/A
4,4294967295,394,463,_Z24add_rms_norm_bias_customIu6__bf16EvPhS0_S0_S0_S0_mmjff,_Z24add_rms_norm_bias_customIu6__bf16EvPhS0_S0_S0_S0_mmjff,dynamic,AI_VECTOR_CORE,1791436083372910.154	,24.180,115.750000,40,0,NO,N/A,N/A,N/A,N/A,N/A,N/A,N/A
4,4294967295,397,463,_Z24add_rms_norm_bias_customIu6__bf16EvPhS0_S0_S0_S0_mmjff,_Z24add_rms_norm_bias_customIu6__bf16EvPhS0_S0_S0_S0_mmjff,dynamic,AI_VECTOR_CORE,1791436083373047.518	,24.220,113.070000,40,0,NO,N/A,N/A,N/A,N/A,N/A,N/A,N/A
4,4294967295,400,463,_Z24add_rms_norm_bias_customIu6__bf16EvPhS0_S0_S0_S0_mmjff,_Z24add_rms_norm_bias_customIu6__bf16EvPhS0_S0_S0_S0_mmjff,dynamic,AI_VECTOR_CORE,1791436083373150.902	,23.600,79.280000,40,0,NO,N/A,N/A,N/A,N/A,N/A,N/A,N/A
4,4294967295,403,463,_Z24add_rms_norm_bias_customIu6__bf16EvPhS0_S0_S0_S0_mmjff,_Z24add_rms_norm_bias_customIu6__bf16EvPhS0_S0_S0_S0_mmjff,dynamic,AI_VECTOR_CORE,1791436083373329.002	,26.064,154.400000,40,0,NO,N/A,N/A,N/A,N/A,N/A,N/A,N/A
4,4294967295,407,463,_Z24add_rms_norm_bias_customIu6__bf16EvPhS0_S0_S0_S0_mmjff,_Z24add_rms_norm_bias_customIu6__bf16EvPhS0_S0_S0_S0_mmjff,dynamic,AI_VECTOR_CORE,1791436083373517.086	,26.220,161.936000,40,0,NO,N/A,N/A,N/A,N/A,N/A,N/A,N/A
4,4294967295,411,463,_Z24add_rms_norm_bias_customIu6__bf16EvPhS0_S0_S0_S0_mmjff,_Z24add_rms_norm_bias_customIu6__bf16EvPhS0_S0_S0_S0_mmjff,dynamic,AI_VECTOR_CORE,1791436083373712.050	,25.380,168.780000,40,0,NO,N/A,N/A,N/A,N/A,N/A,N/A,N/A
4,4294967295,415,463,_Z24add_rms_norm_bias_customIu6__bf16EvPhS0_S0_S0_S0_mmjff,_Z24add_rms_norm_bias_customIu6__bf16EvPhS0_S0_S0_S0_mmjff,dynamic,AI_VECTOR_CORE,1791436083373907.454	,26.240,170.120000,40,0,NO,N/A,N/A,N/A,N/A,N/A,N/A,N/A
4,4294967295,419,463,_Z24add_rms_norm_bias_customIu6__bf16EvPhS0_S0_S0_S0_mmjff,_Z24add_rms_norm_bias_customIu6__bf16EvPhS0_S0_S0_S0_mmjff,dynamic,AI_VECTOR_CORE,1791436083374102.918	,26.800,169.260000,40,0,NO,N/A,N/A,N/A,N/A,N/A,N/A,N/A
4,4294967295,423,463,_Z24add_rms_norm_bias_customIu6__bf16EvPhS0_S0_S0_S0_mmjff,_Z24add_rms_norm_bias_customIu6__bf16EvPhS0_S0_S0_S0_mmjff,dynamic,AI_VECTOR_CORE,1791436083374303.002	,25.160,173.200000,40,0,NO,N/A,N/A,N/A,N/A,N/A,N/A,N/A
4,4294967295,427,463,_Z24add_rms_norm_bias_customIu6__bf16EvPhS0_S0_S0_S0_mmjff,_Z24add_rms_norm_bias_customIu6__bf16EvPhS0_S0_S0_S0_mmjff,dynamic,AI_VECTOR_CORE,1791436083374497.346	,17.880,169.090000,40,0,NO,N/A,N/A,N/A,N/A,N/A,N/A,N/A
4,4294967295,431,463,_Z24add_rms_norm_bias_customIu6__bf16EvPhS0_S0_S0_S0_mmjff,_Z24add_rms_norm_bias_customIu6__bf16EvPhS0_S0_S0_S0_mmjff,dynamic,AI_VECTOR_CORE,1791436083374692.490	,31.660,177.370000,40,0,NO,N/A,N/A,N/A,N/A,N/A,N/A,N/A
4,4294967295,435,463,_Z24add_rms_norm_bias_customIu6__bf16EvPhS0_S0_S0_S0_mmjff,_Z24add_rms_norm_bias_customIu6__bf16EvPhS0_S0_S0_S0_mmjff,dynamic,AI_VECTOR_CORE,1791436083374811.114	,25.940,86.840000,40,0,NO,N/A,N/A,N/A,N/A,N/A,N/A,N/A
4,4294967295,439,463,_Z24add_rms_norm_bias_customIu6__bf16EvPhS0_S0_S0_S0_mmjff,_Z24add_rms_norm_bias_customIu6__bf16EvPhS0_S0_S0_S0_mmjff,dynamic,AI_VECTOR_CORE,1791436083375007.558	,33.820,170.560000,40,0,NO,N/A,N/A,N/A,N/A,N/A,N/A,N/A
4,4294967295,442,463,_Z24add_rms_norm_bias_customIu6__bf16EvPhS0_S0_S0_S0_mmjff,_Z24add_rms_norm_bias_customIu6__bf16EvPhS0_S0_S0_S0_mmjff,dynamic,AI_VECTOR_CORE,1791436083375200.022	,36.560,158.680000,40,0,NO,N/A,N/A,N/A,N/A,N/A,N/A,N/A
4,4294967295,446,463,_Z24add_rms_norm_bias_customIu6__bf16EvPhS0_S0_S0_S0_mmjff,_Z24add_rms_norm_bias_customIu6__bf16EvPhS0_S0_S0_S0_mmjff,dynamic,AI_VECTOR_CORE,1791436083375409.166	,32.380,172.690000,40,0,NO,N/A,N/A,N/A,N/A,N/A,N/A,N/A
4,4294967295,450,463,_Z24add_rms_norm_bias_customIu6__bf16EvPhS0_S0_S0_S0_mmjff,_Z24add_rms_norm_bias_customIu6__bf16EvPhS0_S0_S0_S0_mmjff,dynamic,AI_VECTOR_CORE,1791436083375606.890	,31.920,165.370000,40,0,NO,N/A,N/A,N/A,N/A,N/A,N/A,N/A
4,4294967295,454,463,_Z24add_rms_norm_bias_customIu6__bf16EvPhS0_S0_S0_S0_mmjff,_Z24add_rms_norm_bias_customIu6__bf16EvPhS0_S0_S0_S0_mmjff,dynamic,AI_VECTOR_CORE,1791436083375825.014	,22.260,186.080000,40,0,NO,N/A,N/A,N/A,N/A,N/A,N/A,N/A
4,4294967295,458,463,_Z24add_rms_norm_bias_customIu6__bf16EvPhS0_S0_S0_S0_mmjff,_Z24add_rms_norm_bias_customIu6__bf16EvPhS0_S0_S0_S0_mmjff,dynamic,AI_VECTOR_CORE,1791436083376020.598	,31.060,173.240000,40,0,NO,N/A,N/A,N/A,N/A,N/A,N/A,N/A
4,4294967295,462,463,_Z24add_rms_norm_bias_customIu6__bf16EvPhS0_S0_S0_S0_mmjff,_Z24add_rms_norm_bias_customIu6__bf16EvPhS0_S0_S0_S0_mmjff,dynamic,AI_VECTOR_CORE,1791436083376214.982	,36.280,163.440000,40,0,NO,N/A,N/A,N/A,N/A,N/A,N/A,N/A
4,4294967295,466,463,_Z24add_rms_norm_bias_customIu6__bf16EvPhS0_S0_S0_S0_mmjff,_Z24add_rms_norm_bias_customIu6__bf16EvPhS0_S0_S0_S0_mmjff,dynamic,AI_VECTOR_CORE,1791436083376409.766	,32.100,158.470000,40,0,NO,N/A,N/A,N/A,N/A,N/A,N/A,N/A
4,4294967295,470,463,_Z24add_rms_norm_bias_customIu6__bf16EvPhS0_S0_S0_S0_mmjff,_Z24add_rms_norm_bias_customIu6__bf16EvPhS0_S0_S0_S0_mmjff,dynamic,AI_VECTOR_CORE,1791436083376586.050	,34.760,144.150000,40,0,NO,N/A,N/A,N/A,N/A,N/A,N/A,N/A
4,4294967295,474,463,_Z24add_rms_norm_bias_customIu6__bf16EvPhS0_S0_S0_S0_mmjff,_Z24add_rms_norm_bias_customIu6__bf16EvPhS0_S0_S0_S0_mmjff,dynamic,AI_VECTOR_CORE,1791436083376770.874	,42.980,149.990000,40,0,NO,N/A,N/A,N/A,N/A,N/A,N/A,N/A
4,4294967295,478,463,_Z24add_rms_norm_bias_customIu6__bf16EvPhS0_S0_S0_S0_mmjff,_Z24add_rms_norm_bias_customIu6__bf16EvPhS0_S0_S0_S0_mmjff,dynamic,AI_VECTOR_CORE,1791436083376958.398	,150.460,144.770000,40,0,NO,N/A,N/A,N/A,N/A,N/A,N/A,N/A
4,4294967295,482,463,_Z24add_rms_norm_bias_customIu6__bf16EvPhS0_S0_S0_S0_mmjff,_Z24add_rms_norm_bias_customIu6__bf16EvPhS0_S0_S0_S0_mmjff,dynamic,AI_VECTOR_CORE,1791436083377319.002	,38.544,210.040000,40,0,NO,N/A,N/A,N/A,N/A,N/A,N/A,N/A
4,4294967295,486,463,_Z24add_rms_norm_bias_customIu6__bf16EvPhS0_S0_S0_S0_mmjff,_Z24add_rms_norm_bias_customIu6__bf16EvPhS0_S0_S0_S0_mmjff,dynamic,AI_VECTOR_CORE,1791436083377520.606	,37.844,162.956000,40,0,NO,N/A,N/A,N/A,N/A,N/A,N/A,N/A
4,4294967295,490,463,_Z24add_rms_norm_bias_customIu6__bf16EvPhS0_S0_S0_S0_mmjff,_Z24add_rms_norm_bias_customIu6__bf16EvPhS0_S0_S0_S0_mmjff,dynamic,AI_VECTOR_CORE,1791436083377641.570	,21.300,83.156000,40,0,NO,N/A,N/A,N/A,N/A,N/A,N/A,N/A
4,4294967295,493,463,_Z24add_rms_norm_bias_customIu6__bf16EvPhS0_S0_S0_S0_mmjff,_Z24add_rms_norm_bias_customIu6__bf16EvPhS0_S0_S0_S0_mmjff,dynamic,AI_VECTOR_CORE,1791436083377762.054	,25.480,99.200000,40,0,NO,N/A,N/A,N/A,N/A,N/A,N/A,N/A
4,4294967295,496,463,_Z24add_rms_norm_bias_customIu6__bf16EvPhS0_S0_S0_S0_mmjff,_Z24add_rms_norm_bias_customIu6__bf16EvPhS0_S0_S0_S0_mmjff,dynamic,AI_VECTOR_CORE,1791436083377890.134	,21.160,102.770000,40,0,NO,N/A,N/A,N/A,N/A,N/A,N/A,N/A
4,4294967295,499,463,_Z24add_rms_norm_bias_customIu6__bf16EvPhS0_S0_S0_S0_mmjff,_Z24add_rms_norm_bias_customIu6__bf16EvPhS0_S0_S0_S0_mmjff,dynamic,AI_VECTOR_CORE,1791436083377991.358	,25.400,79.840000,40,0,NO,N/A,N/A,N/A,N/A,N/A,N/A,N/A
4,4294967295,503,463,_Z24add_rms_norm_bias_customIu6__bf16EvPhS0_S0_S0_S0_mmjff,_Z24add_rms_norm_bias_customIu6__bf16EvPhS0_S0_S0_S0_mmjff,dynamic,AI_VECTOR_CORE,1791436083378171.922	,23.940,155.350000,40,0,NO,N/A,N/A,N/A,N/A,N/A,N/A,N/A
4,4294967295,506,463,_Z24add_rms_norm_bias_customIu6__bf16EvPhS0_S0_S0_S0_mmjff,_Z24add_rms_norm_bias_customIu6__bf16EvPhS0_S0_S0_S0_mmjff,dynamic,AI_VECTOR_CORE,1791436083378346.802	,28.444,150.810000,40,0,NO,N/A,N/A,N/A,N/A,N/A,N/A,N/A
4,4294967295,510,463,_Z24add_rms_norm_bias_customIu6__bf16EvPhS0_S0_S0_S0_mmjff,_Z24add_rms_norm_bias_customIu6__bf16EvPhS0_S0_S0_S0_mmjff,dynamic,AI_VECTOR_CORE,1791436083378612.970	,25.220,237.806000,40,0,NO,N/A,N/A,N/A,N/A,N/A,N/A,N/A
4,4294967295,514,463,_Z24add_rms_norm_bias_customIu6__bf16EvPhS0_S0_S0_S0_mmjff,_Z24add_rms_norm_bias_customIu6__bf16EvPhS0_S0_S0_S0_mmjff,dynamic,AI_VECTOR_CORE,1791436083378749.770	,23.624,111.530000,40,0,NO,N/A,N/A,N/A,N/A,N/A,N/A,N/A
4,4294967295,518,463,_Z24add_rms_norm_bias_customIu6__bf16EvPhS0_S0_S0_S0_mmjff,_Z24add_rms_norm_bias_customIu6__bf16EvPhS0_S0_S0_S0_mmjff,dynamic,AI_VECTOR_CORE,1791436083379058.298	,25.020,284.876000,40,0,NO,N/A,N/A,N/A,N/A,N/A,N/A,N/A
4,4294967295,522,463,_Z24add_rms_norm_bias_customIu6__bf16EvPhS0_S0_S0_S0_mmjff,_Z24add_rms_norm_bias_customIu6__bf16EvPhS0_S0_S0_S0_mmjff,dynamic,AI_VECTOR_CORE,1791436083379263.362	,23.860,179.980000,40,0,NO,N/A,N/A,N/A,N/A,N/A,N/A,N/A
4,4294967295,526,463,_Z24add_rms_norm_bias_customIu6__bf16EvPhS0_S0_S0_S0_mmjff,_Z24add_rms_norm_bias_customIu6__bf16EvPhS0_S0_S0_S0_mmjff,dynamic,AI_VECTOR_CORE,1791436083379461.486	,23.020,174.390000,40,0,NO,N/A,N/A,N/A,N/A,N/A,N/A,N/A
4,4294967295,530,463,_Z24add_rms_norm_bias_customIu6__bf16EvPhS0_S0_S0_S0_mmjff,_Z24add_rms_norm_bias_customIu6__bf16EvPhS0_S0_S0_S0_mmjff,dynamic,AI_VECTOR_CORE,1791436083379639.490	,28.160,154.980000,40,0,NO,N/A,N/A,N/A,N/A,N/A,N/A,N/A
4,4294967295,533,463,_Z24add_rms_norm_bias_customIu6__bf16EvPhS0_S0_S0_S0_mmjff,_Z24add_rms_norm_bias_customIu6__bf16EvPhS0_S0_S0_S0_mmjff,dynamic,AI_VECTOR_CORE,1791436083379827.774	,31.680,160.090000,40,0,NO,N/A,N/A,N/A,N/A,N/A,N/A,N/A
4,4294967295,536,463,_Z24add_rms_norm_bias_customIu6__bf16EvPhS0_S0_S0_S0_mmjff,_Z24add_rms_norm_bias_customIu6__bf16EvPhS0_S0_S0_S0_mmjff,dynamic,AI_VECTOR_CORE,1791436083380087.678	,32.280,228.320000,40,0,NO,N/A,N/A,N/A,N/A,N/A,N/A,N/A
4,4294967295,540,463,_Z24add_rms_norm_bias_customIu6__bf16EvPhS0_S0_S0_S0_mmjff,_Z24add_rms_norm_bias_customIu6__bf16EvPhS0_S0_S0_S0_mmjff,dynamic,AI_VECTOR_CORE,1791436083380265.042	,32.840,144.970000,40,0,NO,N/A,N/A,N/A,N/A,N/A,N/A,N/A
4,4294967295,543,463,_Z24add_rms_norm_bias_customIu6__bf16EvPhS0_S0_S0_S0_mmjff,_Z24add_rms_norm_bias_customIu6__bf16EvPhS0_S0_S0_S0_mmjff,dynamic,AI_VECTOR_CORE,1791436083380436.546	,31.740,138.660000,40,0,NO,N/A,N/A,N/A,N/A,N/A,N/A,N/A
4,4294967295,546,463,_Z24add_rms_norm_bias_customIu6__bf16EvPhS0_S0_S0_S0_mmjff,_Z24add_rms_norm_bias_customIu6__bf16EvPhS0_S0_S0_S0_mmjff,dynamic,AI_VECTOR_CORE,1791436083380612.930	,31.720,144.760000,40,0,NO,N/A,N/A,N/A,N/A,N/A,N/A,N/A
4,4294967295,549,463,_Z24add_rms_norm_bias_customIu6__bf16EvPhS0_S0_S0_S0_mmjff,_Z24add_rms_norm_bias_customIu6__bf16EvPhS0_S0_S0_S0_mmjff,dynamic,AI_VECTOR_CORE,1791436083380802.594	,26.660,157.780000,40,0,NO,N/A,N/A,N/A,N/A,N/A,N/A,N/A
4,4294967295,552,463,_Z24add_rms_norm_bias_customIu6__bf16EvPhS0_S0_S0_S0_mmjff,_Z24add_rms_norm_bias_customIu6__bf16EvPhS0_S0_S0_S0_mmjff,dynamic,AI_VECTOR_CORE,1791436083381624.130	,25.520,795.090000,40,0,NO,N/A,N/A,N/A,N/A,N/A,N/A,N/A
4,4294967295,554,463,_Z24add_rms_norm_bias_customIu6__bf16EvPhS0_S0_S0_S0_mmjff,_Z24add_rms_norm_bias_customIu6__bf16EvPhS0_S0_S0_S0_mmjff,dynamic,AI_VECTOR_CORE,1791436083382098.678	,31.040,448.980000,32,0,NO,N/A,N/A,N/A,N/A,N/A,N/A,N/A
4,4294967295,555,463,_Z24add_rms_norm_bias_customIu6__bf16EvPhS0_S0_S0_S0_mmjff,_Z24add_rms_norm_bias_customIu6__bf16EvPhS0_S0_S0_S0_mmjff,dynamic,AI_VECTOR_CORE,1791436083382243.742	,21.500,113.960000,40,0,NO,N/A,N/A,N/A,N/A,N/A,N/A,N/A
4,4294967295,557,463,_Z24add_rms_norm_bias_customIu6__bf16EvPhS0_S0_S0_S0_mmjff,_Z24add_rms_norm_bias_customIu6__bf16EvPhS0_S0_S0_S0_mmjff,dynamic,AI_VECTOR_CORE,1791436083382420.626	,29.100,155.500000,32,0,NO,N/A,N/A,N/A,N/A,N/A,N/A,N/A
4,4294967295,559,463,_Z24add_rms_norm_bias_customIu6__bf16EvPhS0_S0_S0_S0_mmjff,_Z24add_rms_norm_bias_customIu6__bf16EvPhS0_S0_S0_S0_mmjff,dynamic,AI_VECTOR_CORE,1791436083382610.390	,28.920,160.650000,40,0,NO,N/A,N/A,N/A,N/A,N/A,N/A,N/A
4,4294967295,561,463,_Z24add_rms_norm_bias_customIu6__bf16EvPhS0_S0_S0_S0_mmjff,_Z24add_rms_norm_bias_customIu6__bf16EvPhS0_S0_S0_S0_mmjff,dynamic,AI_VECTOR_CORE,1791436083382800.974	,40.640,161.580000,32,0,NO,N/A,N/A,N/A,N/A,N/A,N/A,N/A
4,4294967295,563,463,_Z24add_rms_norm_bias_customIu6__bf16EvPhS0_S0_S0_S0_mmjff,_Z24add_rms_norm_bias_customIu6__bf16EvPhS0_S0_S0_S0_mmjff,dynamic,AI_VECTOR_CORE,1791436083383011.078	,32.260,169.360000,40,0,NO,N/A,N/A,N/A,N/A,N/A,N/A,N/A
4,4294967295,565,463,_Z24add_rms_norm_bias_customIu6__bf16EvPhS0_S0_S0_S0_mmjff,_Z24add_rms_norm_bias_customIu6__bf16EvPhS0_S0_S0_S0_mmjff,dynamic,AI_VECTOR_CORE,1791436083383220.682	,34.300,177.490000,32,0,NO,N/A,N/A,N/A,N/A,N/A,N/A,N/A
4,4294967295,567,463,_Z24add_rms_norm_bias_customIu6__bf16EvPhS0_S0_S0_S0_mmjff,_Z24add_rms_norm_bias_customIu6__bf16EvPhS0_S0_S0_S0_mmjff,dynamic,AI_VECTOR_CORE,1791436083383406.006	,38.140,150.950000,40,0,NO,N/A,N/A,N/A,N/A,N/A,N/A,N/A
4,4294967295,569,463,_Z24add_rms_norm_bias_customIu6__bf16EvPhS0_S0_S0_S0_mmjff,_Z24add_rms_norm_bias_customIu6__bf16EvPhS0_S0_S0_S0_mmjff,dynamic,AI_VECTOR_CORE,1791436083383598.910	,33.600,154.860000,32,0,NO,N/A,N/A,N/A,N/A,N/A,N/A,N/A
4,4294967295,571,463,_Z24add_rms_norm_bias_customIu6__bf16EvPhS0_S0_S0_S0_mmjff,_Z24add_rms_norm_bias_customIu6__bf16EvPhS0_S0_S0_S0_mmjff,dynamic,AI_VECTOR_CORE,1791436083383739.430	,24.564,106.900000,40,0,NO,N/A,N/A,N/A,N/A,N/A,N/A,N/A
4,4294967295,572,463,_Z24add_rms_norm_bias_customIu6__bf16EvPhS0_S0_S0_S0_mmjff,_Z24add_rms_norm_bias_customIu6__bf16EvPhS0_S0_S0_S0_mmjff,dynamic,AI_VECTOR_CORE,1791436083383854.394	,25.400,90.436000,32,0,NO,N/A,N/A,N/A,N/A,N/A,N/A,N/A
4,4294967295,574,463,_Z24add_rms_norm_bias_customIu6__bf16EvPhS0_S0_S0_S0_mmjff,_Z24add_rms_norm_bias_customIu6__bf16EvPhS0_S0_S0_S0_mmjff,dynamic,AI_VECTOR_CORE,1791436083384067.098	,25.260,187.100000,40,0,NO,N/A,N/A,N/A,N/A,N/A,N/A,N/A
4,4294967295,576,463,_Z24add_rms_norm_bias_customIu6__bf16EvPhS0_S0_S0_S0_mmjff,_Z24add_rms_norm_bias_customIu6__bf16EvPhS0_S0_S0_S0_mmjff,dynamic,AI_VECTOR_CORE,1791436083384263.022	,25.040,170.740000,32,0,NO,N/A,N/A,N/A,N/A,N/A,N/A,N/A
4,4294967295,578,463,_Z24add_rms_norm_bias_customIu6__bf16EvPhS0_S0_S0_S0_mmjff,_Z24add_rms_norm_bias_customIu6__bf16EvPhS0_S0_S0_S0_mmjff,dynamic,AI_VECTOR_CORE,1791436083384451.646	,26.880,163.710000,40,0,NO,N/A,N/A,N/A,N/A,N/A,N/A,N/A
4,4294967295,580,463,_Z24add_rms_norm_bias_customIu6__bf16EvPhS0_S0_S0_S0_mmjff,_Z24add_rms_norm_bias_customIu6__bf16EvPhS0_S0_S0_S0_mmjff,dynamic,AI_VECTOR_CORE,1791436083384639.150	,26.000,160.620000,32,0,NO,N/A,N/A,N/A,N/A,N/A,N/A,N/A
4,4294967295,582,463,_Z24add_rms_norm_bias_customIu6__bf16EvPhS0_S0_S0_S0_mmjff,_Z24add_rms_norm_bias_customIu6__bf16EvPhS0_S0_S0_S0_mmjff,dynamic,AI_VECTOR_CORE,1791436083384831.254	,28.200,166.000000,40,0,NO,N/A,N/A,N/A,N/A,N/A,N/A,N/A
4,4294967295,584,463,_Z24add_rms_norm_bias_customIu6__bf16EvPhS0_S0_S0_S0_mmjff,_Z24add_rms_norm_bias_customIu6__bf16EvPhS0_S0_S0_S0_mmjff,dynamic,AI_VECTOR_CORE,1791436083385002.958	,27.800,143.550000,32,0,NO,N/A,N/A,N/A,N/A,N/A,N/A,N/A
4,4294967295,586,463,_Z24add_rms_norm_bias_customIu6__bf16EvPhS0_S0_S0_S0_mmjff,_Z24add_rms_norm_bias_customIu6__bf16EvPhS0_S0_S0_S0_mmjff,dynamic,AI_VECTOR_CORE,1791436083385212.902	,25.460,182.200000,40,0,NO,N/A,N/A,N/A,N/A,N/A,N/A,N/A
4,4294967295,588,463,_Z24add_rms_norm_bias_customIu6__bf16EvPhS0_S0_S0_S0_mmjff,_Z24add_rms_norm_bias_customIu6__bf16EvPhS0_S0_S0_S0_mmjff,dynamic,AI_VECTOR_CORE,1791436083385445.426	,25.320,207.040000,32,0,NO,N/A,N/A,N/A,N/A,N/A,N/A,N/A
4,4294967295,590,463,_Z24add_rms_norm_bias_customIu6__bf16EvPhS0_S0_S0_S0_mmjff,_Z24add_rms_norm_bias_customIu6__bf16EvPhS0_S0_S0_S0_mmjff,dynamic,AI_VECTOR_CORE,1791436083385776.954	,25.980,306.180000,40,0,NO,N/A,N/A,N/A,N/A,N/A,N/A,N/A
4,4294967295,592,463,_Z24add_rms_norm_bias_customIu6__bf16EvPhS0_S0_S0_S0_mmjff,_Z24add_rms_norm_bias_customIu6__bf16EvPhS0_S0_S0_S0_mmjff,dynamic,AI_VECTOR_CORE,1791436083385919.734	,34.844,116.770000,32,0,NO,N/A,N/A,N/A,N/A,N/A,N/A,N/A
4,4294967295,594,463,_Z24add_rms_norm_bias_customIu6__bf16EvPhS0_S0_S0_S0_mmjff,_Z24add_rms_norm_bias_customIu6__bf16EvPhS0_S0_S0_S0_mmjff,dynamic,AI_VECTOR_CORE,1791436083386290.522	,30.580,335.906000,40,0,NO,N/A,N/A,N/A,N/A,N/A,N/A,N/A
4,4294967295,596,463,_Z24add_rms_norm_bias_customIu6__bf16EvPhS0_S0_S0_S0_mmjff,_Z24add_rms_norm_bias_customIu6__bf16EvPhS0_S0_S0_S0_mmjff,dynamic,AI_VECTOR_CORE,1791436083386705.110	,30.720,383.920000,32,0,NO,N/A,N/A,N/A,N/A,N/A,N/A,N/A
4,4294967295,598,463,_Z24add_rms_norm_bias_customIu6__bf16EvPhS0_S0_S0_S0_mmjff,_Z24add_rms_norm_bias_customIu6__bf16EvPhS0_S0_S0_S0_mmjff,dynamic,AI_VECTOR_CORE,1791436083386900.714	,33.980,165.030000,40,0,NO,N/A,N/A,N/A,N/A,N/A,N/A,N/A
4,4294967295,600,463,_Z24add_rms_norm_bias_customIu6__bf16EvPhS0_S0_S0_S0_mmjff,_Z24add_rms_norm_bias_customIu6__bf16EvPhS0_S0_S0_S0_mmjff,dynamic,AI_VECTOR_CORE,1791436083387092.898	,27.300,158.270000,32,0,NO,N/A,N/A,N/A,N/A,N/A,N/A,N/A
4,4294967295,602,463,_Z24add_rms_norm_bias_customIu6__bf16EvPhS0_S0_S0_S0_mmjff,_Z24add_rms_norm_bias_customIu6__bf16EvPhS0_S0_S0_S0_mmjff,dynamic,AI_VECTOR_CORE,1791436083387204.642	,20.480,84.450000,40,0,NO,N/A,N/A,N/A,N/A,N/A,N/A,N/A
4,4294967295,603,463,_Z24add_rms_norm_bias_customIu6__bf16EvPhS0_S0_S0_S0_mmjff,_Z24add_rms_norm_bias_customIu6__bf16EvPhS0_S0_S0_S0_mmjff,dynamic,AI_VECTOR_CORE,1791436083387299.202	,24.660,74.020000,32,0,NO,N/A,N/A,N/A,N/A,N/A,N/A,N/A
4,4294967295,605,463,_Z24add_rms_norm_bias_customIu6__bf16EvPhS0_S0_S0_S0_mmjff,_Z24add_rms_norm_bias_customIu6__bf16EvPhS0_S0_S0_S0_mmjff,dynamic,AI_VECTOR_CORE,1791436083387424.046	,22.160,100.090000,40,0,NO,N/A,N/A,N/A,N/A,N/A,N/A,N/A
4,4294967295,607,463,_Z24add_rms_norm_bias_customIu6__bf16EvPhS0_S0_S0_S0_mmjff,_Z24add_rms_norm_bias_customIu6__bf16EvPhS0_S0_S0_S0_mmjff,dynamic,AI_VECTOR_CORE,1791436083387593.910	,26.720,147.840000,32,0,NO,N/A,N/A,N/A,N/A,N/A,N/A,N/A
4,4294967295,609,463,_Z24add_rms_norm_bias_customIu6__bf16EvPhS0_S0_S0_S0_mmjff,_Z24add_rms_norm_bias_customIu6__bf16EvPhS0_S0_S0_S0_mmjff,dynamic,AI_VECTOR_CORE,1791436083387746.830	,25.324,126.030000,40,0,NO,N/A,N/A,N/A,N/A,N/A,N/A,N/A
4,4294967295,611,463,_Z24add_rms_norm_bias_customIu6__bf16EvPhS0_S0_S0_S0_mmjff,_Z24add_rms_norm_bias_customIu6__bf16EvPhS0_S0_S0_S0_mmjff,dynamic,AI_VECTOR_CORE,1791436083387917.534	,27.720,145.426000,32,0,NO,N/A,N/A,N/A,N/A,N/A,N/A,N/A
4,4294967295,613,463,_Z24add_rms_norm_bias_customIu6__bf16EvPhS0_S0_S0_S0_mmjff,_Z24add_rms_norm_bias_customIu6__bf16EvPhS0_S0_S0_S0_mmjff,dynamic,AI_VECTOR_CORE,1791436083388033.978	,20.740,88.780000,40,0,NO,N/A,N/A,N/A,N/A,N/A,N/A,N/A
4,4294967295,614,463,_Z24add_rms_norm_bias_customIu6__bf16EvPhS0_S0_S0_S0_mmjff,_Z24add_rms_norm_bias_customIu6__bf16EvPhS0_S0_S0_S0_mmjff,dynamic,AI_VECTOR_CORE,1791436083388093.738	,24.580,39.010000,32,0,NO,N/A,N/A,N/A,N/A,N/A,N/A,N/A
4,4294967295,616,463,_Z24add_rms_norm_bias_customIu6__bf16EvPhS0_S0_S0_S0_mmjff,_Z24add_rms_norm_bias_customIu6__bf16EvPhS0_S0_S0_S0_mmjff,dynamic,AI_VECTOR_CORE,1791436083388229.302	,22.760,110.920000,40,0,NO,N/A,N/A,N/A,N/A,N/A,N/A,N/A
4,4294967295,617,463,_Z24add_rms_norm_bias_customIu6__bf16EvPhS0_S0_S0_S0_mmjff,_Z24add_rms_norm_bias_customIu6__bf16EvPhS0_S0_S0_S0_mmjff,dynamic,AI_VECTOR_CORE,1791436083388295.422	,24.340,43.490000,32,0,NO,N/A,N/A,N/A,N/A,N/A,N/A,N/A
4,4294967295,619,463,_Z24add_rms_norm_bias_customIu6__bf16EvPhS0_S0_S0_S0_mmjff,_Z24add_rms_norm_bias_customIu6__bf16EvPhS0_S0_S0_S0_mmjff,dynamic,AI_VECTOR_CORE,1791436083388537.846	,22.004,217.910000,40,0,NO,N/A,N/A,N/A,N/A,N/A,N/A,N/A
4,4294967295,621,463,_Z24add_rms_norm_bias_customIu6__bf16EvPhS0_S0_S0_S0_mmjff,_Z24add_rms_norm_bias_customIu6__bf16EvPhS0_S0_S0_S0_mmjff,dynamic,AI_VECTOR_CORE,1791436083388679.430	,17.380,119.746000,32,0,NO,N/A,N/A,N/A,N/A,N/A,N/A,N/A
4,4294967295,623,463,_Z24add_rms_norm_bias_customIu6__bf16EvPhS0_S0_S0_S0_mmjff,_Z24add_rms_norm_bias_customIu6__bf16EvPhS0_S0_S0_S0_mmjff,dynamic,AI_VECTOR_CORE,1791436083388772.854	,33.680,75.870000,40,0,NO,N/A,N/A,N/A,N/A,N/A,N/A,N/A
4,4294967295,624,463,_Z24add_rms_norm_bias_customIu6__bf16EvPhS0_S0_S0_S0_mmjff,_Z24add_rms_norm_bias_customIu6__bf16EvPhS0_S0_S0_S0_mmjff,dynamic,AI_VECTOR_CORE,1791436083388834.054	,22.240,27.570000,32,0,NO,N/A,N/A,N/A,N/A,N/A,N/A,N/A
4,4294967295,626,463,_Z24add_rms_norm_bias_customIu6__bf16EvPhS0_S0_S0_S0_mmjff,_Z24add_rms_norm_bias_customIu6__bf16EvPhS0_S0_S0_S0_mmjff,dynamic,AI_VECTOR_CORE,1791436083388953.534	,35.124,97.260000,40,0,NO,N/A,N/A,N/A,N/A,N/A,N/A,N/A
4,4294967295,627,463,_Z24add_rms_norm_bias_customIu6__bf16EvPhS0_S0_S0_S0_mmjff,_Z24add_rms_norm_bias_customIu6__bf16EvPhS0_S0_S0_S0_mmjff,dynamic,AI_VECTOR_CORE,1791436083389059.258	,21.740,70.626000,32,0,NO,N/A,N/A,N/A,N/A,N/A,N/A,N/A
4,4294967295,629,463,_Z24add_rms_norm_bias_customIu6__bf16EvPhS0_S0_S0_S0_mmjff,_Z24add_rms_norm_bias_customIu6__bf16EvPhS0_S0_S0_S0_mmjff,dynamic,AI_VECTOR_CORE,1791436083389831.154	,24.220,750.260000,40,0,NO,N/A,N/A,N/A,N/A,N/A,N/A,N/A
4,4294967295,630,463,_Z24add_rms_norm_bias_customIu6__bf16EvPhS0_S0_S0_S0_mmjff,_Z24add_rms_norm_bias_customIu6__bf16EvPhS0_S0_S0_S0_mmjff,dynamic,AI_VECTOR_CORE,1791436083389993.598	,21.600,138.030000,32,0,NO,N/A,N/A,N/A,N/A,N/A,N/A,N/A
4,4294967295,632,463,_Z24add_rms_norm_bias_customIu6__bf16EvPhS0_S0_S0_S0_mmjff,_Z24add_rms_norm_bias_customIu6__bf16EvPhS0_S0_S0_S0_mmjff,dynamic,AI_VECTOR_CORE,1791436083390082.978	,17.280,67.900000,40,0,NO,N/A,N/A,N/A,N/A,N/A,N/A,N/A
4,4294967295,633,463,_Z24add_rms_norm_bias_customIu6__bf16EvPhS0_S0_S0_S0_mmjff,_Z24add_rms_norm_bias_customIu6__bf16EvPhS0_S0_S0_S0_mmjff,dynamic,AI_VECTOR_CORE,1791436083390136.858	,17.300,36.470000,32,0,NO,N/A,N/A,N/A,N/A,N/A,N/A,N/A
4,4294967295,635,463,_Z24add_rms_norm_bias_customIu6__bf16EvPhS0_S0_S0_S0_mmjff,_Z24add_rms_norm_bias_customIu6__bf16EvPhS0_S0_S0_S0_mmjff,dynamic,AI_VECTOR_CORE,1791436083390252.562	,17.320,98.450000,40,0,NO,N/A,N/A,N/A,N/A,N/A,N/A,N/A
4,4294967295,636,463,_Z24add_rms_norm_bias_customIu6__bf16EvPhS0_S0_S0_S0_mmjff,_Z24add_rms_norm_bias_customIu6__bf16EvPhS0_S0_S0_S0_mmjff,dynamic,AI_VECTOR_CORE,1791436083390300.522	,17.500,30.680000,32,0,NO,N/A,N/A,N/A,N/A,N/A,N/A,N/A
4,4294967295,638,463,_Z24add_rms_norm_bias_customIu6__bf16EvPhS0_S0_S0_S0_mmjff,_Z24add_rms_norm_bias_customIu6__bf16EvPhS0_S0_S0_S0_mmjff,dynamic,AI_VECTOR_CORE,1791436083390538.506	,17.840,220.500000,40,0,NO,N/A,N/A,N/A,N/A,N/A,N/A,N/A
4,4294967295,639,463,_Z24add_rms_norm_bias_customIu6__bf16EvPhS0_S0_S0_S0_mmjff,_Z24add_rms_norm_bias_customIu6__bf16EvPhS0_S0_S0_S0_mmjff,dynamic,AI_VECTOR_CORE,1791436083390662.350	,17.580,105.910000,32,0,NO,N/A,N/A,N/A,N/A,N/A,N/A,N/A
4,4294967295,641,463,_Z24add_rms_norm_bias_customIu6__bf16EvPhS0_S0_S0_S0_mmjff,_Z24add_rms_norm_bias_customIu6__bf16EvPhS0_S0_S0_S0_mmjff,dynamic,AI_VECTOR_CORE,1791436083390739.590	,17.660,59.670000,40,0,NO,N/A,N/A,N/A,N/A,N/A,N/A,N/A
4,4294967295,642,463,_Z24add_rms_norm_bias_customIu6__bf16EvPhS0_S0_S0_S0_mmjff,_Z24add_rms_norm_bias_customIu6__bf16EvPhS0_S0_S0_S0_mmjff,dynamic,AI_VECTOR_CORE,1791436083390945.374	,17.984,188.090000,32,0,NO,N/A,N/A,N/A,N/A,N/A,N/A,N/A
4,4294967295,644,463,_Z24add_rms_norm_bias_customIu6__bf16EvPhS0_S0_S0_S0_mmjff,_Z24add_rms_norm_bias_customIu6__bf16EvPhS0_S0_S0_S0_mmjff,dynamic,AI_VECTOR_CORE,1791436083392210.482	,41.220,1247.266000,40,0,NO,N/A,N/A,N/A,N/A,N/A,N/A,N/A
4,4294967295,646,463,_Z24add_rms_norm_bias_customIu6__bf16EvPhS0_S0_S0_S0_mmjff,_Z24add_rms_norm_bias_customIu6__bf16EvPhS0_S0_S0_S0_mmjff,dynamic,AI_VECTOR_CORE,1791436083392418.646	,58.100,167.030000,32,0,NO,N/A,N/A,N/A,N/A,N/A,N/A,N/A
4,4294967295,648,463,_Z24add_rms_norm_bias_customIu6__bf16EvPhS0_S0_S0_S0_mmjff,_Z24add_rms_norm_bias_customIu6__bf16EvPhS0_S0_S0_S0_mmjff,dynamic,AI_VECTOR_CORE,1791436083392637.430	,31.380,160.650000,40,0,NO,N/A,N/A,N/A,N/A,N/A,N/A,N/A
4,4294967295,650,463,_Z24add_rms_norm_bias_customIu6__bf16EvPhS0_S0_S0_S0_mmjff,_Z24add_rms_norm_bias_customIu6__bf16EvPhS0_S0_S0_S0_mmjff,dynamic,AI_VECTOR_CORE,1791436083392840.374	,32.700,171.370000,32,0,NO,N/A,N/A,N/A,N/A,N/A,N/A,N/A
4,4294967295,652,463,_Z24add_rms_norm_bias_customIu6__bf16EvPhS0_S0_S0_S0_mmjff,_Z24add_rms_norm_bias_customIu6__bf16EvPhS0_S0_S0_S0_mmjff,dynamic,AI_VECTOR_CORE,1791436083392962.754	,192.504,89.800000,40,0,NO,N/A,N/A,N/A,N/A,N/A,N/A,N/A
4,4294967295,654,463,_Z24add_rms_norm_bias_customIu6__bf16EvPhS0_S0_S0_S0_mmjff,_Z24add_rms_norm_bias_customIu6__bf16EvPhS0_S0_S0_S0_mmjff,dynamic,AI_VECTOR_CORE,1791436083393270.542	,34.780,115.246000,32,0,NO,N/A,N/A,N/A,N/A,N/A,N/A,N/A
4,4294967295,656,463,_Z24add_rms_norm_bias_customIu6__bf16EvPhS0_S0_S0_S0_mmjff,_Z24add_rms_norm_bias_customIu6__bf16EvPhS0_S0_S0_S0_mmjff,dynamic,AI_VECTOR_CORE,1791436083393356.462	,37.024,51.220000,40,0,NO,N/A,N/A,N/A,N/A,N/A,N/A,N/A
4,4294967295,658,463,_Z24add_rms_norm_bias_customIu6__bf16EvPhS0_S0_S0_S0_mmjff,_Z24add_rms_norm_bias_customIu6__bf16EvPhS0_S0_S0_S0_mmjff,dynamic,AI_VECTOR_CORE,1791436083393589.790	,33.640,196.226000,32,0,NO,N/A,N/A,N/A,N/A,N/A,N/A,N/A
4,4294967295,660,463,_Z24add_rms_norm_bias_customIu6__bf16EvPhS0_S0_S0_S0_mmjff,_Z24add_rms_norm_bias_customIu6__bf16EvPhS0_S0_S0_S0_mmjff,dynamic,AI_VECTOR_CORE,1791436083393707.690	,30.940,84.360000,40,0,NO,N/A,N/A,N/A,N/A,N/A,N/A,N/A
4,4294967295,662,463,_Z24add_rms_norm_bias_customIu6__bf16EvPhS0_S0_S0_S0_mmjff,_Z24add_rms_norm_bias_customIu6__bf16EvPhS0_S0_S0_S0_mmjff,dynamic,AI_VECTOR_CORE,1791436083393908.734	,32.560,170.060000,32,0,NO,N/A,N/A,N/A,N/A,N/A,N/A,N/A
4,4294967295,664,463,_Z24add_rms_norm_bias_customIu6__bf16EvPhS0_S0_S0_S0_mmjff,_Z24add_rms_norm_bias_customIu6__bf16EvPhS0_S0_S0_S0_mmjff,dynamic,AI_VECTOR_CORE,1791436083394108.238	,30.360,166.940000,40,0,NO,N/A,N/A,N/A,N/A,N/A,N/A,N/A
4,4294967295,666,463,_Z24add_rms_norm_bias_customIu6__bf16EvPhS0_S0_S0_S0_mmjff,_Z24add_rms_norm_bias_customIu6__bf16EvPhS0_S0_S0_S0_mmjff,dynamic,AI_VECTOR_CORE,1791436083394257.982	,56.640,119.390000,32,0,NO,N/A,N/A,N/A,N/A,N/A,N/A,N/A
4,4294967295,668,463,_Z24add_rms_norm_bias_customIu6__bf16EvPhS0_S0_S0_S0_mmjff,_Z24add_rms_norm_bias_customIu6__bf16EvPhS0_S0_S0_S0_mmjff,dynamic,AI_VECTOR_CORE,1791436083394409.246	,26.400,94.610000,40,0,NO,N/A,N/A,N/A,N/A,N/A,N/A,N/A
4,4294967295,670,463,_Z24add_rms_norm_bias_customIu6__bf16EvPhS0_S0_S0_S0_mmjff,_Z24add_rms_norm_bias_customIu6__bf16EvPhS0_S0_S0_S0_mmjff,dynamic,AI_VECTOR_CORE,1791436083394492.166	,34.240,56.600000,32,0,NO,N/A,N/A,N/A,N/A,N/A,N/A,N/A
4,4294967295,672,463,_Z24add_rms_norm_bias_customIu6__bf16EvPhS0_S0_S0_S0_mmjff,_Z24add_rms_norm_bias_customIu6__bf16EvPhS0_S0_S0_S0_mmjff,dynamic,AI_VECTOR_CORE,1791436083394596.630	,32.280,70.260000,40,0,NO,N/A,N/A,N/A,N/A,N/A,N/A,N/A
4,4294967295,674,463,_Z24add_rms_norm_bias_customIu6__bf16EvPhS0_S0_S0_S0_mmjff,_Z24add_rms_norm_bias_customIu6__bf16EvPhS0_S0_S0_S0_mmjff,dynamic,AI_VECTOR_CORE,1791436083394705.950	,34.400,76.970000,32,0,NO,N/A,N/A,N/A,N/A,N/A,N/A,N/A
4,4294967295,676,463,_Z24add_rms_norm_bias_customIu6__bf16EvPhS0_S0_S0_S0_mmjff,_Z24add_rms_norm_bias_customIu6__bf16EvPhS0_S0_S0_S0_mmjff,dynamic,AI_VECTOR_CORE,1791436083394965.538	,31.180,225.100000,40,0,NO,N/A,N/A,N/A,N/A,N/A,N/A,N/A
4,4294967295,678,463,_Z24add_rms_norm_bias_customIu6__bf16EvPhS0_S0_S0_S0_mmjff,_Z24add_rms_norm_bias_customIu6__bf16EvPhS0_S0_S0_S0_mmjff,dynamic,AI_VECTOR_CORE,1791436083395324.902	,34.400,328.320000,32,0,NO,N/A,N/A,N/A,N/A,N/A,N/A,N/A
4,4294967295,680,463,_Z24add_rms_norm_bias_customIu6__bf16EvPhS0_S0_S0_S0_mmjff,_Z24add_rms_norm_bias_customIu6__bf16EvPhS0_S0_S0_S0_mmjff,dynamic,AI_VECTOR_CORE,1791436083395465.666	,155.404,106.350000,40,0,NO,N/A,N/A,N/A,N/A,N/A,N/A,N/A
4,4294967295,682,463,_Z24add_rms_norm_bias_customIu6__bf16EvPhS0_S0_S0_S0_mmjff,_Z24add_rms_norm_bias_customIu6__bf16EvPhS0_S0_S0_S0_mmjff,dynamic,AI_VECTOR_CORE,1791436083395684.590	,34.140,63.346000,32,0,NO,N/A,N/A,N/A,N/A,N/A,N/A,N/A
4,4294967295,684,463,_Z24add_rms_norm_bias_customIu6__bf16EvPhS0_S0_S0_S0_mmjff,_Z24add_rms_norm_bias_customIu6__bf16EvPhS0_S0_S0_S0_mmjff,dynamic,AI_VECTOR_CORE,1791436083395873.454	,31.040,154.860000,40,0,NO,N/A,N/A,N/A,N/A,N/A,N/A,N/A
4,4294967295,686,463,_Z24add_rms_norm_bias_customIu6__bf16EvPhS0_S0_S0_S0_mmjff,_Z24add_rms_norm_bias_customIu6__bf16EvPhS0_S0_S0_S0_mmjff,dynamic,AI_VECTOR_CORE,1791436083396051.218	,35.000,146.710000,32,0,NO,N/A,N/A,N/A,N/A,N/A,N/A,N/A
4,4294967295,688,463,_Z24add_rms_norm_bias_customIu6__bf16EvPhS0_S0_S0_S0_mmjff,_Z24add_rms_norm_bias_customIu6__bf16EvPhS0_S0_S0_S0_mmjff,dynamic,AI_VECTOR_CORE,1791436083396237.662	,29.120,151.500000,40,0,NO,N/A,N/A,N/A,N/A,N/A,N/A,N/A
4,4294967295,690,463,_Z24add_rms_norm_bias_customIu6__bf16EvPhS0_S0_S0_S0_mmjff,_Z24add_rms_norm_bias_customIu6__bf16EvPhS0_S0_S0_S0_mmjff,dynamic,AI_VECTOR_CORE,1791436083396417.946	,34.340,151.130000,32,0,NO,N/A,N/A,N/A,N/A,N/A,N/A,N/A
4,4294967295,692,463,_Z24add_rms_norm_bias_customIu6__bf16EvPhS0_S0_S0_S0_mmjff,_Z24add_rms_norm_bias_customIu6__bf16EvPhS0_S0_S0_S0_mmjff,dynamic,AI_VECTOR_CORE,1791436083396568.226	,30.884,115.910000,40,0,NO,N/A,N/A,N/A,N/A,N/A,N/A,N/A
4,4294967295,694,463,_Z24add_rms_norm_bias_customIu6__bf16EvPhS0_S0_S0_S0_mmjff,_Z24add_rms_norm_bias_customIu6__bf16EvPhS0_S0_S0_S0_mmjff,dynamic,AI_VECTOR_CORE,1791436083396642.210	,39.660,43.116000,32,0,NO,N/A,N/A,N/A,N/A,N/A,N/A,N/A
4,4294967295,696,463,_Z24add_rms_norm_bias_customIu6__bf16EvPhS0_S0_S0_S0_mmjff,_Z24add_rms_norm_bias_customIu6__bf16EvPhS0_S0_S0_S0_mmjff,dynamic,AI_VECTOR_CORE,1791436083396819.454	,32.040,137.590000,40,0,NO,N/A,N/A,N/A,N/A,N/A,N/A,N/A
4,4294967295,698,463,_Z24add_rms_norm_bias_customIu6__bf16EvPhS0_S0_S0_S0_mmjff,_Z24add_rms_norm_bias_customIu6__bf16EvPhS0_S0_S0_S0_mmjff,dynamic,AI_VECTOR_CORE,1791436083396895.714	,39.960,44.210000,32,0,NO,N/A,N/A,N/A,N/A,N/A,N/A,N/A
4,4294967295,700,463,_Z24add_rms_norm_bias_customIu6__bf16EvPhS0_S0_S0_S0_mmjff,_Z24add_rms_norm_bias_customIu6__bf16EvPhS0_S0_S0_S0_mmjff,dynamic,AI_VECTOR_CORE,1791436083397090.278	,40.620,154.540000,40,0,NO,N/A,N/A,N/A,N/A,N/A,N/A,N/A
4,4294967295,702,463,_Z24add_rms_norm_bias_customIu6__bf16EvPhS0_S0_S0_S0_mmjff,_Z24add_rms_norm_bias_customIu6__bf16EvPhS0_S0_S0_S0_mmjff,dynamic,AI_VECTOR_CORE,1791436083397270.402	,22.520,139.630000,32,0,NO,N/A,N/A,N/A,N/A,N/A,N/A,N/A
4,4294967295,704,463,_Z24add_rms_norm_bias_customIu6__bf16EvPhS0_S0_S0_S0_mmjff,_Z24add_rms_norm_bias_customIu6__bf16EvPhS0_S0_S0_S0_mmjff,dynamic,AI_VECTOR_CORE,1791436083397458.366	,38.200,165.230000,40,0,NO,N/A,N/A,N/A,N/A,N/A,N/A,N/A
4,4294967295,706,463,_Z24add_rms_norm_bias_customIu6__bf16EvPhS0_S0_S0_S0_mmjff,_Z24add_rms_norm_bias_customIu6__bf16EvPhS0_S0_S0_S0_mmjff,dynamic,AI_VECTOR_CORE,1791436083397662.090	,22.020,165.550000,32,0,NO,N/A,N/A,N/A,N/A,N/A,N/A,N/A
4,4294967295,708,463,_Z24add_rms_norm_bias_customIu6__bf16EvPhS0_S0_S0_S0_mmjff,_Z24add_rms_norm_bias_customIu6__bf16EvPhS0_S0_S0_S0_mmjff,dynamic,AI_VECTOR_CORE,1791436083397991.178	,123.000,307.230000,40,0,NO,N/A,N/A,N/A,N/A,N/A,N/A,N/A
4,4294967295,710,463,_Z24add_rms_norm_bias_customIu6__bf16EvPhS0_S0_S0_S0_mmjff,_Z24add_rms_norm_bias_customIu6__bf16EvPhS0_S0_S0_S0_mmjff,dynamic,AI_VECTOR_CORE,1791436083398169.098	,33.624,54.750000,32,0,NO,N/A,N/A,N/A,N/A,N/A,N/A,N/A
4,4294967295,712,463,_Z24add_rms_norm_bias_customIu6__bf16EvPhS0_S0_S0_S0_mmjff,_Z24add_rms_norm_bias_customIu6__bf16EvPhS0_S0_S0_S0_mmjff,dynamic,AI_VECTOR_CORE,1791436083398424.806	,30.620,222.126000,40,0,NO,N/A,N/A,N/A,N/A,N/A,N/A,N/A
4,4294967295,714,463,_Z24add_rms_norm_bias_customIu6__bf16EvPhS0_S0_S0_S0_mmjff,_Z24add_rms_norm_bias_customIu6__bf16EvPhS0_S0_S0_S0_mmjff,dynamic,AI_VECTOR_CORE,1791436083398558.746	,22.184,103.380000,32,0,NO,N/A,N/A,N/A,N/A,N/A,N/A,N/A
4,4294967295,716,463,_Z24add_rms_norm_bias_customIu6__bf16EvPhS0_S0_S0_S0_mmjff,_Z24add_rms_norm_bias_customIu6__bf16EvPhS0_S0_S0_S0_mmjff,dynamic,AI_VECTOR_CORE,1791436083398672.410	,29.520,91.566000,40,0,NO,N/A,N/A,N/A,N/A,N/A,N/A,N/A
4,4294967295,718,463,_Z24add_rms_norm_bias_customIu6__bf16EvPhS0_S0_S0_S0_mmjff,_Z24add_rms_norm_bias_customIu6__bf16EvPhS0_S0_S0_S0_mmjff,dynamic,AI_VECTOR_CORE,1791436083398757.130	,24.584,55.230000,32,0,NO,N/A,N/A,N/A,N/A,N/A,N/A,N/A
4,4294967295,720,463,_Z24add_rms_norm_bias_customIu6__bf16EvPhS0_S0_S0_S0_mmjff,_Z24add_rms_norm_bias_customIu6__bf16EvPhS0_S0_S0_S0_mmjff,dynamic,AI_VECTOR_CORE,1791436083398924.014	,34.900,142.166000,40,0,NO,N/A,N/A,N/A,N/A,N/A,N/A,N/A
4,4294967295,722,463,_Z24add_rms_norm_bias_customIu6__bf16EvPhS0_S0_S0_S0_mmjff,_Z24add_rms_norm_bias_customIu6__bf16EvPhS0_S0_S0_S0_mmjff,dynamic,AI_VECTOR_CORE,1791436083399006.178	,33.380,47.350000,32,0,NO,N/A,N/A,N/A,N/A,N/A,N/A,N/A
4,4294967295,724,463,_Z24add_rms_norm_bias_customIu6__bf16EvPhS0_S0_S0_S0_mmjff,_Z24add_rms_norm_bias_customIu6__bf16EvPhS0_S0_S0_S0_mmjff,dynamic,AI_VECTOR_CORE,1791436083399287.062	,37.320,247.370000,40,0,NO,N/A,N/A,N/A,N/A,N/A,N/A,N/A
4,4294967295,726,463,_Z24add_rms_norm_bias_customIu6__bf16EvPhS0_S0_S0_S0_mmjff,_Z24add_rms_norm_bias_customIu6__bf16EvPhS0_S0_S0_S0_mmjff,dynamic,AI_VECTOR_CORE,1791436083399459.526	,40.340,135.180000,32,0,NO,N/A,N/A,N/A,N/A,N/A,N/A,N/A
4,4294967295,728,463,_Z24add_rms_norm_bias_customIu6__bf16EvPhS0_S0_S0_S0_mmjff,_Z24add_rms_norm_bias_customIu6__bf16EvPhS0_S0_S0_S0_mmjff,dynamic,AI_VECTOR_CORE,1791436083399631.210	,35.040,131.410000,40,0,NO,N/A,N/A,N/A,N/A,N/A,N/A,N/A
4,4294967295,730,463,_Z24add_rms_norm_bias_customIu6__bf16EvPhS0_S0_S0_S0_mmjff,_Z24add_rms_norm_bias_customIu6__bf16EvPhS0_S0_S0_S0_mmjff,dynamic,AI_VECTOR_CORE,1791436083399833.274	,59.440,166.960000,32,0,NO,N/A,N/A,N/A,N/A,N/A,N/A,N/A
4,4294967295,732,463,_Z24add_rms_norm_bias_customIu6__bf16EvPhS0_S0_S0_S0_mmjff,_Z24add_rms_norm_bias_customIu6__bf16EvPhS0_S0_S0_S0_mmjff,dynamic,AI_VECTOR_CORE,1791436083400024.398	,36.620,131.810000,40,0,NO,N/A,N/A,N/A,N/A,N/A,N/A,N/A
4,4294967295,734,463,_Z24add_rms_norm_bias_customIu6__bf16EvPhS0_S0_S0_S0_mmjff,_Z24add_rms_norm_bias_customIu6__bf16EvPhS0_S0_S0_S0_mmjff,dynamic,AI_VECTOR_CORE,1791436083400146.318	,41.384,85.130000,32,0,NO,N/A,N/A,N/A,N/A,N/A,N/A,N/A
4,4294967295,736,463,_Z24add_rms_norm_bias_customIu6__bf16EvPhS0_S0_S0_S0_mmjff,_Z24add_rms_norm_bias_customIu6__bf16EvPhS0_S0_S0_S0_mmjff,dynamic,AI_VECTOR_CORE,1791436083400280.902	,30.040,93.366000,40,0,NO,N/A,N/A,N/A,N/A,N/A,N/A,N/A
4,4294967295,738,463,_Z24add_rms_norm_bias_customIu6__bf16EvPhS0_S0_S0_S0_mmjff,_Z24add_rms_norm_bias_customIu6__bf16EvPhS0_S0_S0_S0_mmjff,dynamic,AI_VECTOR_CORE,1791436083400370.802	,216.188,59.710000,32,0,NO,N/A,N/A,N/A,N/A,N/A,N/A,N/A
4,4294967295,740,463,_Z24add_rms_norm_bias_customIu6__bf16EvPhS0_S0_S0_S0_mmjff,_Z24add_rms_norm_bias_customIu6__bf16EvPhS0_S0_S0_S0_mmjff,dynamic,AI_VECTOR_CORE,1791436083400647.030	,33.260,60.062000,40,0,NO,N/A,N/A,N/A,N/A,N/A,N/A,N/A
4,4294967295,742,463,_Z24add_rms_norm_bias_customIu6__bf16EvPhS0_S0_S0_S0_mmjff,_Z24add_rms_norm_bias_customIu6__bf16EvPhS0_S0_S0_S0_mmjff,dynamic,AI_VECTOR_CORE,1791436083400771.354	,36.300,90.990000,32,0,NO,N/A,N/A,N/A,N/A,N/A,N/A,N/A
4,4294967295,744,463,_Z24add_rms_norm_bias_customIu6__bf16EvPhS0_S0_S0_S0_mmjff,_Z24add_rms_norm_bias_customIu6__bf16EvPhS0_S0_S0_S0_mmjff,dynamic,AI_VECTOR_CORE,1791436083400905.694	,29.760,98.200000,40,0,NO,N/A,N/A,N/A,N/A,N/A,N/A,N/A
4,4294967295,746,463,_Z24add_rms_norm_bias_customIu6__bf16EvPhS0_S0_S0_S0_mmjff,_Z24add_rms_norm_bias_customIu6__bf16EvPhS0_S0_S0_S0_mmjff,dynamic,AI_VECTOR_CORE,1791436083401023.538	,35.300,87.990000,32,0,NO,N/A,N/A,N/A,N/A,N/A,N/A,N/A
4,4294967295,748,463,_Z24add_rms_norm_bias_customIu6__bf16EvPhS0_S0_S0_S0_mmjff,_Z24add_rms_norm_bias_customIu6__bf16EvPhS0_S0_S0_S0_mmjff,dynamic,AI_VECTOR_CORE,1791436083401156.658	,31.224,97.950000,40,0,NO,N/A,N/A,N/A,N/A,N/A,N/A,N/A
4,4294967295,750,463,_Z24add_rms_norm_bias_customIu6__bf16EvPhS0_S0_S0_S0_mmjff,_Z24add_rms_norm_bias_customIu6__bf16EvPhS0_S0_S0_S0_mmjff,dynamic,AI_VECTOR_CORE,1791436083401260.922	,24.020,73.026000,32,0,NO,N/A,N/A,N/A,N/A,N/A,N/A,N/A
4,4294967295,752,463,_Z24add_rms_norm_bias_customIu6__bf16EvPhS0_S0_S0_S0_mmjff,_Z24add_rms_norm_bias_customIu6__bf16EvPhS0_S0_S0_S0_mmjff,dynamic,AI_VECTOR_CORE,1791436083401475.086	,33.740,189.980000,40,0,NO,N/A,N/A,N/A,N/A,N/A,N/A,N/A
4,4294967295,754,463,_Z24add_rms_norm_bias_customIu6__bf16EvPhS0_S0_S0_S0_mmjff,_Z24add_rms_norm_bias_customIu6__bf16EvPhS0_S0_S0_S0_mmjff,dynamic,AI_VECTOR_CORE,1791436083401669.870	,33.000,161.010000,32,0,NO,N/A,N/A,N/A,N/A,N/A,N/A,N/A
4,4294967295,756,463,_Z24add_rms_norm_bias_customIu6__bf16EvPhS0_S0_S0_S0_mmjff,_Z24add_rms_norm_bias_customIu6__bf16EvPhS0_S0_S0_S0_mmjff,dynamic,AI_VECTOR_CORE,1791436083401861.934	,31.800,159.250000,40,0,NO,N/A,N/A,N/A,N/A,N/A,N/A,N/A
4,4294967295,758,463,_Z24add_rms_norm_bias_customIu6__bf16EvPhS0_S0_S0_S0_mmjff,_Z24add_rms_norm_bias_customIu6__bf16EvPhS0_S0_S0_S0_mmjff,dynamic,AI_VECTOR_CORE,1791436083401987.178	,39.900,93.450000,32,0,NO,N/A,N/A,N/A,N/A,N/A,N/A,N/A
4,4294967295,760,463,_Z24add_rms_norm_bias_customIu6__bf16EvPhS0_S0_S0_S0_mmjff,_Z24add_rms_norm_bias_customIu6__bf16EvPhS0_S0_S0_S0_mmjff,dynamic,AI_VECTOR_CORE,1791436083402092.458	,33.140,65.350000,40,0,NO,N/A,N/A,N/A,N/A,N/A,N/A,N/A
4,4294967295,762,463,_Z24add_rms_norm_bias_customIu6__bf16EvPhS0_S0_S0_S0_mmjff,_Z24add_rms_norm_bias_customIu6__bf16EvPhS0_S0_S0_S0_mmjff,dynamic,AI_VECTOR_CORE,1791436083402234.122	,36.820,108.360000,32,0,NO,N/A,N/A,N/A,N/A,N/A,N/A,N/A
4,4294967295,764,463,_Z24add_rms_norm_bias_customIu6__bf16EvPhS0_S0_S0_S0_mmjff,_Z24add_rms_norm_bias_customIu6__bf16EvPhS0_S0_S0_S0_mmjff,dynamic,AI_VECTOR_CORE,1791436083402420.666	,35.740,149.930000,40,0,NO,N/A,N/A,N/A,N/A,N/A,N/A,N/A
4,4294967295,766,463,_Z24add_rms_norm_bias_customIu6__bf16EvPhS0_S0_S0_S0_mmjff,_Z24add_rms_norm_bias_customIu6__bf16EvPhS0_S0_S0_S0_mmjff,dynamic,AI_VECTOR_CORE,1791436083402612.650	,36.360,156.260000,32,0,NO,N/A,N/A,N/A,N/A,N/A,N/A,N/A
4,4294967295,768,463,_Z24add_rms_norm_bias_customIu6__bf16EvPhS0_S0_S0_S0_mmjff,_Z24add_rms_norm_bias_customIu6__bf16EvPhS0_S0_S0_S0_mmjff,dynamic,AI_VECTOR_CORE,1791436083402800.394	,30.440,151.390000,40,0,NO,N/A,N/A,N/A,N/A,N/A,N/A,N/A
4,4294967295,770,463,_Z24add_rms_norm_bias_customIu6__bf16EvPhS0_S0_S0_S0_mmjff,_Z24add_rms_norm_bias_customIu6__bf16EvPhS0_S0_S0_S0_mmjff,dynamic,AI_VECTOR_CORE,1791436083402967.634	,150.624,136.810000,32,0,NO,N/A,N/A,N/A,N/A,N/A,N/A,N/A
4,4294967295,772,463,_Z24add_rms_norm_bias_customIu6__bf16EvPhS0_S0_S0_S0_mmjff,_Z24add_rms_norm_bias_customIu6__bf16EvPhS0_S0_S0_S0_mmjff,dynamic,AI_VECTOR_CORE,1791436083403296.902	,37.480,178.626000,40,0,NO,N/A,N/A,N/A,N/A,N/A,N/A,N/A
4,4294967295,774,463,_Z24add_rms_norm_bias_customIu6__bf16EvPhS0_S0_S0_S0_mmjff,_Z24add_rms_norm_bias_customIu6__bf16EvPhS0_S0_S0_S0_mmjff,dynamic,AI_VECTOR_CORE,1791436083403391.666	,21.760,57.270000,32,0,NO,N/A,N/A,N/A,N/A,N/A,N/A,N/A
4,4294967295,776,463,_Z24add_rms_norm_bias_customIu6__bf16EvPhS0_S0_S0_S0_mmjff,_Z24add_rms_norm_bias_customIu6__bf16EvPhS0_S0_S0_S0_mmjff,dynamic,AI_VECTOR_CORE,1791436083403595.790	,60.100,182.240000,40,0,NO,N/A,N/A,N/A,N/A,N/A,N/A,N/A
4,4294967295,778,463,_Z24add_rms_norm_bias_customIu6__bf16EvPhS0_S0_S0_S0_mmjff,_Z24add_rms_norm_bias_customIu6__bf16EvPhS0_S0_S0_S0_mmjff,dynamic,AI_VECTOR_CORE,1791436083403732.350	,22.680,76.400000,32,0,NO,N/A,N/A,N/A,N/A,N/A,N/A,N/A
4,4294967295,781,463,_Z24add_rms_norm_bias_customIu6__bf16EvPhS0_S0_S0_S0_mmjff,_Z24add_rms_norm_bias_customIu6__bf16EvPhS0_S0_S0_S0_mmjff,dynamic,AI_VECTOR_CORE,1791436083403945.194	,33.064,190.320000,40,0,NO,N/A,N/A,N/A,N/A,N/A,N/A,N/A
4,4294967295,784,463,_Z24add_rms_norm_bias_customIu6__bf16EvPhS0_S0_S0_S0_mmjff,_Z24add_rms_norm_bias_customIu6__bf16EvPhS0_S0_S0_S0_mmjff,dynamic,AI_VECTOR_CORE,1791436083404130.018	,40.240,151.686000,32,0,NO,N/A,N/A,N/A,N/A,N/A,N/A,N/A
4,4294967295,788,463,_Z24add_rms_norm_bias_customIu6__bf16EvPhS0_S0_S0_S0_mmjff,_Z24add_rms_norm_bias_customIu6__bf16EvPhS0_S0_S0_S0_mmjff,dynamic,AI_VECTOR_CORE,1791436083404329.982	,29.600,159.760000,32,0,NO,N/A,N/A,N/A,N/A,N/A,N/A,N/A
4,4294967295,792,463,_Z24add_rms_norm_bias_customIu6__bf16EvPhS0_S0_S0_S0_mmjff,_Z24add_rms_norm_bias_customIu6__bf16EvPhS0_S0_S0_S0_mmjff,dynamic,AI_VECTOR_CORE,1791436083404454.906	,30.900,95.400000,40,0,NO,N/A,N/A,N/A,N/A,N/A,N/A,N/A
4,4294967295,796,463,_Z24add_rms_norm_bias_customIu6__bf16EvPhS0_S0_S0_S0_mmjff,_Z24add_rms_norm_bias_customIu6__bf16EvPhS0_S0_S0_S0_mmjff,dynamic,AI_VECTOR_CORE,1791436083404743.570	,32.480,257.600000,40,0,NO,N/A,N/A,N/A,N/A,N/A,N/A,N/A
4,4294967295,800,463,_Z24add_rms_norm_bias_customIu6__bf16EvPhS0_S0_S0_S0_mmjff,_Z24add_rms_norm_bias_customIu6__bf16EvPhS0_S0_S0_S0_mmjff,dynamic,AI_VECTOR_CORE,1791436083404937.014	,29.020,161.020000,32,0,NO,N/A,N/A,N/A,N/A,N/A,N/A,N/A
4,4294967295,804,463,_Z24add_rms_norm_bias_customIu6__bf16EvPhS0_S0_S0_S0_mmjff,_Z24add_rms_norm_bias_customIu6__bf16EvPhS0_S0_S0_S0_mmjff,dynamic,AI_VECTOR_CORE,1791436083405131.058	,46.144,164.980000,32,0,NO,N/A,N/A,N/A,N/A,N/A,N/A,N/A
4,4294967295,808,463,_Z24add_rms_norm_bias_customIu6__bf16EvPhS0_S0_S0_S0_mmjff,_Z24add_rms_norm_bias_customIu6__bf16EvPhS0_S0_S0_S0_mmjff,dynamic,AI_VECTOR_CORE,1791436083405327.462	,47.764,150.356000,40,0,NO,N/A,N/A,N/A,N/A,N/A,N/A,N/A
4,4294967295,812,463,_Z24add_rms_norm_bias_customIu6__bf16EvPhS0_S0_S0_S0_mmjff,_Z24add_rms_norm_bias_customIu6__bf16EvPhS0_S0_S0_S0_mmjff,dynamic,AI_VECTOR_CORE,1791436083405514.366	,36.960,138.986000,40,0,NO,N/A,N/A,N/A,N/A,N/A,N/A,N/A
4,4294967295,816,463,_Z24add_rms_norm_bias_customIu6__bf16EvPhS0_S0_S0_S0_mmjff,_Z24add_rms_norm_bias_customIu6__bf16EvPhS0_S0_S0_S0_mmjff,dynamic,AI_VECTOR_CORE,1791436083405718.650	,20.840,167.540000,32,0,NO,N/A,N/A,N/A,N/A,N/A,N/A,N/A
4,4294967295,820,463,_Z24add_rms_norm_bias_customIu6__bf16EvPhS0_S0_S0_S0_mmjff,_Z24add_rms_norm_bias_customIu6__bf16EvPhS0_S0_S0_S0_mmjff,dynamic,AI_VECTOR_CORE,1791436083405933.314	,39.784,193.660000,32,0,NO,N/A,N/A,N/A,N/A,N/A,N/A,N/A
4,4294967295,824,463,_Z24add_rms_norm_bias_customIu6__bf16EvPhS0_S0_S0_S0_mmjff,_Z24add_rms_norm_bias_customIu6__bf16EvPhS0_S0_S0_S0_mmjff,dynamic,AI_VECTOR_CORE,1791436083406145.798	,25.560,172.716000,40,0,NO,N/A,N/A,N/A,N/A,N/A,N/A,N/A
4,4294967295,828,463,_Z24add_rms_norm_bias_customIu6__bf16EvPhS0_S0_S0_S0_mmjff,_Z24add_rms_norm_bias_customIu6__bf16EvPhS0_S0_S0_S0_mmjff,dynamic,AI_VECTOR_CORE,1791436083406273.702	,30.220,102.440000,40,0,NO,N/A,N/A,N/A,N/A,N/A,N/A,N/A
4,4294967295,831,463,_Z24add_rms_norm_bias_customIu6__bf16EvPhS0_S0_S0_S0_mmjff,_Z24add_rms_norm_bias_customIu6__bf16EvPhS0_S0_S0_S0_mmjff,dynamic,AI_VECTOR_CORE,1791436083406400.226	,35.300,96.280000,32,0,NO,N/A,N/A,N/A,N/A,N/A,N/A,N/A
4,4294967295,835,463,_Z24add_rms_norm_bias_customIu6__bf16EvPhS0_S0_S0_S0_mmjff,_Z24add_rms_norm_bias_customIu6__bf16EvPhS0_S0_S0_S0_mmjff,dynamic,AI_VECTOR_CORE,1791436083406650.470	,51.240,214.950000,32,0,NO,N/A,N/A,N/A,N/A,N/A,N/A,N/A
4,4294967295,839,463,_Z24add_rms_norm_bias_customIu6__bf16EvPhS0_S0_S0_S0_mmjff,_Z24add_rms_norm_bias_customIu6__bf16EvPhS0_S0_S0_S0_mmjff,dynamic,AI_VECTOR_CORE,1791436083406786.294	,34.800,84.510000,40,0,NO,N/A,N/A,N/A,N/A,N/A,N/A,N/A
4,4294967295,842,463,_Z24add_rms_norm_bias_customIu6__bf16EvPhS0_S0_S0_S0_mmjff,_Z24add_rms_norm_bias_customIu6__bf16EvPhS0_S0_S0_S0_mmjff,dynamic,AI_VECTOR_CORE,1791436083406913.054	,28.180,91.950000,40,0,NO,N/A,N/A,N/A,N/A,N/A,N/A,N/A
4,4294967295,845,463,_Z24add_rms_norm_bias_customIu6__bf16EvPhS0_S0_S0_S0_mmjff,_Z24add_rms_norm_bias_customIu6__bf16EvPhS0_S0_S0_S0_mmjff,dynamic,AI_VECTOR_CORE,1791436083407050.958	,33.280,109.820000,32,0,NO,N/A,N/A,N/A,N/A,N/A,N/A,N/A
4,4294967295,848,463,_Z24add_rms_norm_bias_customIu6__bf16EvPhS0_S0_S0_S0_mmjff,_Z24add_rms_norm_bias_customIu6__bf16EvPhS0_S0_S0_S0_mmjff,dynamic,AI_VECTOR_CORE,1791436083407171.558	,37.644,87.220000,32,0,NO,N/A,N/A,N/A,N/A,N/A,N/A,N/A
4,4294967295,852,463,_Z24add_rms_norm_bias_customIu6__bf16EvPhS0_S0_S0_S0_mmjff,_Z24add_rms_norm_bias_customIu6__bf16EvPhS0_S0_S0_S0_mmjff,dynamic,AI_VECTOR_CORE,1791436083407423.386	,41.020,214.356000,40,0,NO,N/A,N/A,N/A,N/A,N/A,N/A,N/A
4,4294967295,856,463,_Z24add_rms_norm_bias_customIu6__bf16EvPhS0_S0_S0_S0_mmjff,_Z24add_rms_norm_bias_customIu6__bf16EvPhS0_S0_S0_S0_mmjff,dynamic,AI_VECTOR_CORE,1791436083407549.026	,35.784,84.480000,40,0,NO,N/A,N/A,N/A,N/A,N/A,N/A,N/A
4,4294967295,859,463,_Z24add_rms_norm_bias_customIu6__bf16EvPhS0_S0_S0_S0_mmjff,_Z24add_rms_norm_bias_customIu6__bf16EvPhS0_S0_S0_S0_mmjff,dynamic,AI_VECTOR_CORE,1791436083407677.290	,36.500,92.466000,32,0,NO,N/A,N/A,N/A,N/A,N/A,N/A,N/A
4,4294967295,862,463,_Z24add_rms_norm_bias_customIu6__bf16EvPhS0_S0_S0_S0_mmjff,_Z24add_rms_norm_bias_customIu6__bf16EvPhS0_S0_S0_S0_mmjff,dynamic,AI_VECTOR_CORE,1791436083407826.254	,134.820,112.500000,32,0,NO,N/A,N/A,N/A,N/A,N/A,N/A,N/A
4,4294967295,866,463,_Z24add_rms_norm_bias_customIu6__bf16EvPhS0_S0_S0_S0_mmjff,_Z24add_rms_norm_bias_customIu6__bf16EvPhS0_S0_S0_S0_mmjff,dynamic,AI_VECTOR_CORE,1791436083408085.698	,29.980,124.680000,40,0,NO,N/A,N/A,N/A,N/A,N/A,N/A,N/A
4,4294967295,869,463,_Z24add_rms_norm_bias_customIu6__bf16EvPhS0_S0_S0_S0_mmjff,_Z24add_rms_norm_bias_customIu6__bf16EvPhS0_S0_S0_S0_mmjff,dynamic,AI_VECTOR_CORE,1791436083408235.422	,29.120,119.770000,40,0,NO,N/A,N/A,N/A,N/A,N/A,N/A,N/A
4,4294967295,873,463,_Z24add_rms_norm_bias_customIu6__bf16EvPhS0_S0_S0_S0_mmjff,_Z24add_rms_norm_bias_customIu6__bf16EvPhS0_S0_S0_S0_mmjff,dynamic,AI_VECTOR_CORE,1791436083408362.182	,40.864,97.630000,32,0,NO,N/A,N/A,N/A,N/A,N/A,N/A,N/A
4,4294967295,877,463,_Z24add_rms_norm_bias_customIu6__bf16EvPhS0_S0_S0_S0_mmjff,_Z24add_rms_norm_bias_customIu6__bf16EvPhS0_S0_S0_S0_mmjff,dynamic,AI_VECTOR_CORE,1791436083408548.046	,21.860,144.886000,32,0,NO,N/A,N/A,N/A,N/A,N/A,N/A,N/A
4,4294967295,881,463,_Z24add_rms_norm_bias_customIu6__bf16EvPhS0_S0_S0_S0_mmjff,_Z24add_rms_norm_bias_customIu6__bf16EvPhS0_S0_S0_S0_mmjff,dynamic,AI_VECTOR_CORE,1791436083408696.690	,37.400,126.890000,40,0,NO,N/A,N/A,N/A,N/A,N/A,N/A,N/A
4,4294967295,885,463,_Z24add_rms_norm_bias_customIu6__bf16EvPhS0_S0_S0_S0_mmjff,_Z24add_rms_norm_bias_customIu6__bf16EvPhS0_S0_S0_S0_mmjff,dynamic,AI_VECTOR_CORE,1791436083408878.774	,23.240,144.600000,40,0,NO,N/A,N/A,N/A,N/A,N/A,N/A,N/A
4,4294967295,888,463,_Z24add_rms_norm_bias_customIu6__bf16EvPhS0_S0_S0_S0_mmjff,_Z24add_rms_norm_bias_customIu6__bf16EvPhS0_S0_S0_S0_mmjff,dynamic,AI_VECTOR_CORE,1791436083409078.658	,29.000,176.760000,32,0,NO,N/A,N/A,N/A,N/A,N/A,N/A,N/A
4,4294967295,892,463,_Z24add_rms_norm_bias_customIu6__bf16EvPhS0_S0_S0_S0_mmjff,_Z24add_rms_norm_bias_customIu6__bf16EvPhS0_S0_S0_S0_mmjff,dynamic,AI_VECTOR_CORE,1791436083409290.702	,34.340,183.000000,32,0,NO,N/A,N/A,N/A,N/A,N/A,N/A,N/A
4,4294967295,896,463,_Z24add_rms_norm_bias_customIu6__bf16EvPhS0_S0_S0_S0_mmjff,_Z24add_rms_norm_bias_customIu6__bf16EvPhS0_S0_S0_S0_mmjff,dynamic,AI_VECTOR_CORE,1791436083409489.746	,25.740,164.660000,40,0,NO,N/A,N/A,N/A,N/A,N/A,N/A,N/A
4,4294967295,900,463,_Z24add_rms_norm_bias_customIu6__bf16EvPhS0_S0_S0_S0_mmjff,_Z24add_rms_norm_bias_customIu6__bf16EvPhS0_S0_S0_S0_mmjff,dynamic,AI_VECTOR_CORE,1791436083409627.530	,61.840,112.010000,40,0,NO,N/A,N/A,N/A,N/A,N/A,N/A,N/A
4,4294967295,904,463,_Z24add_rms_norm_bias_customIu6__bf16EvPhS0_S0_S0_S0_mmjff,_Z24add_rms_norm_bias_customIu6__bf16EvPhS0_S0_S0_S0_mmjff,dynamic,AI_VECTOR_CORE,1791436083409762.810	,24.884,73.410000,32,0,NO,N/A,N/A,N/A,N/A,N/A,N/A,N/A
4,4294967295,907,463,_Z24add_rms_norm_bias_customIu6__bf16EvPhS0_S0_S0_S0_mmjff,_Z24add_rms_norm_bias_customIu6__bf16EvPhS0_S0_S0_S0_mmjff,dynamic,AI_VECTOR_CORE,1791436083409903.834	,31.460,116.116000,32,0,NO,N/A,N/A,N/A,N/A,N/A,N/A,N/A
4,4294967295,910,463,_Z24add_rms_norm_bias_customIu6__bf16EvPhS0_S0_S0_S0_mmjff,_Z24add_rms_norm_bias_customIu6__bf16EvPhS0_S0_S0_S0_mmjff,dynamic,AI_VECTOR_CORE,1791436083410075.418	,30.200,140.290000,40,0,NO,N/A,N/A,N/A,N/A,N/A,N/A,N/A
4,4294967295,914,463,_Z24add_rms_norm_bias_customIu6__bf16EvPhS0_S0_S0_S0_mmjff,_Z24add_rms_norm_bias_customIu6__bf16EvPhS0_S0_S0_S0_mmjff,dynamic,AI_VECTOR_CORE,1791436083410218.002	,125.520,112.300000,40,0,NO,N/A,N/A,N/A,N/A,N/A,N/A,N/A
4,4294967295,918,463,_Z24add_rms_norm_bias_customIu6__bf16EvPhS0_S0_S0_S0_mmjff,_Z24add_rms_norm_bias_customIu6__bf16EvPhS0_S0_S0_S0_mmjff,dynamic,AI_VECTOR_CORE,1791436083410460.746	,33.240,117.230000,32,0,NO,N/A,N/A,N/A,N/A,N/A,N/A,N/A
4,4294967295,921,463,_Z24add_rms_norm_bias_customIu6__bf16EvPhS0_S0_S0_S0_mmjff,_Z24add_rms_norm_bias_customIu6__bf16EvPhS0_S0_S0_S0_mmjff,dynamic,AI_VECTOR_CORE,1791436083410582.770	,34.660,88.760000,32,0,NO,N/A,N/A,N/A,N/A,N/A,N/A,N/A
4,4294967295,925,463,_Z24add_rms_norm_bias_customIu6__bf16EvPhS0_S0_S0_S0_mmjff,_Z24add_rms_norm_bias_customIu6__bf16EvPhS0_S0_S0_S0_mmjff,dynamic,AI_VECTOR_CORE,1791436083410748.830	,36.224,131.340000,40,0,NO,N/A,N/A,N/A,N/A,N/A,N/A,N/A
4,4294967295,928,463,_Z24add_rms_norm_bias_customIu6__bf16EvPhS0_S0_S0_S0_mmjff,_Z24add_rms_norm_bias_customIu6__bf16EvPhS0_S0_S0_S0_mmjff,dynamic,AI_VECTOR_CORE,1791436083410853.914	,38.920,69.026000,40,0,NO,N/A,N/A,N/A,N/A,N/A,N/A,N/A
4,4294967295,931,463,_Z24add_rms_norm_bias_customIu6__bf16EvPhS0_S0_S0_S0_mmjff,_Z24add_rms_norm_bias_customIu6__bf16EvPhS0_S0_S0_S0_mmjff,dynamic,AI_VECTOR_CORE,1791436083410983.418	,41.400,90.580000,32,0,NO,N/A,N/A,N/A,N/A,N/A,N/A,N/A
4,4294967295,935,463,_Z24add_rms_norm_bias_customIu6__bf16EvPhS0_S0_S0_S0_mmjff,_Z24add_rms_norm_bias_customIu6__bf16EvPhS0_S0_S0_S0_mmjff,dynamic,AI_VECTOR_CORE,1791436083411191.422	,35.080,166.600000,32,0,NO,N/A,N/A,N/A,N/A,N/A,N/A,N/A
4,4294967295,938,463,_Z24add_rms_norm_bias_customIu6__bf16EvPhS0_S0_S0_S0_mmjff,_Z24add_rms_norm_bias_customIu6__bf16EvPhS0_S0_S0_S0_mmjff,dynamic,AI_VECTOR_CORE,1791436083411364.482	,25.724,137.920000,40,0,NO,N/A,N/A,N/A,N/A,N/A,N/A,N/A
4,4294967295,942,463,_Z24add_rms_norm_bias_customIu6__bf16EvPhS0_S0_S0_S0_mmjff,_Z24add_rms_norm_bias_customIu6__bf16EvPhS0_S0_S0_S0_mmjff,dynamic,AI_VECTOR_CORE,1791436083411550.886	,27.804,160.776000,40,0,NO,N/A,N/A,N/A,N/A,N/A,N/A,N/A
4,4294967295,946,463,_Z24add_rms_norm_bias_customIu6__bf16EvPhS0_S0_S0_S0_mmjff,_Z24add_rms_norm_bias_customIu6__bf16EvPhS0_S0_S0_S0_mmjff,dynamic,AI_VECTOR_CORE,1791436083411736.870	,25.460,157.946000,32,0,NO,N/A,N/A,N/A,N/A,N/A,N/A,N/A
4,4294967295,949,463,_Z24add_rms_norm_bias_customIu6__bf16EvPhS0_S0_S0_S0_mmjff,_Z24add_rms_norm_bias_customIu6__bf16EvPhS0_S0_S0_S0_mmjff,dynamic,AI_VECTOR_CORE,1791436083412302.842	,44.400,540.540000,32,0,NO,N/A,N/A,N/A,N/A,N/A,N/A,N/A
4,4294967295,952,463,_Z24add_rms_norm_bias_customIu6__bf16EvPhS0_S0_S0_S0_mmjff,_Z24add_rms_norm_bias_customIu6__bf16EvPhS0_S0_S0_S0_mmjff,dynamic,AI_VECTOR_CORE,1791436083412667.430	,68.620,320.350000,40,0,NO,N/A,N/A,N/A,N/A,N/A,N/A,N/A
4,4294967295,956,463,_Z24add_rms_norm_bias_customIu6__bf16EvPhS0_S0_S0_S0_mmjff,_Z24add_rms_norm_bias_customIu6__bf16EvPhS0_S0_S0_S0_mmjff,dynamic,AI_VECTOR_CORE,1791436083413148.338	,24.080,412.130000,40,0,NO,N/A,N/A,N/A,N/A,N/A,N/A,N/A
4,4294967295,960,463,_Z24add_rms_norm_bias_customIu6__bf16EvPhS0_S0_S0_S0_mmjff,_Z24add_rms_norm_bias_customIu6__bf16EvPhS0_S0_S0_S0_mmjff,dynamic,AI_VECTOR_CORE,1791436083413401.426	,40.960,229.170000,32,0,NO,N/A,N/A,N/A,N/A,N/A,N/A,N/A
4,4294967295,964,463,_Z24add_rms_norm_bias_customIu6__bf16EvPhS0_S0_S0_S0_mmjff,_Z24add_rms_norm_bias_customIu6__bf16EvPhS0_S0_S0_S0_mmjff,dynamic,AI_VECTOR_CORE,1791436083413571.606	,33.324,129.040000,32,0,NO,N/A,N/A,N/A,N/A,N/A,N/A,N/A
4,4294967295,967,463,_Z24add_rms_norm_bias_customIu6__bf16EvPhS0_S0_S0_S0_mmjff,_Z24add_rms_norm_bias_customIu6__bf16EvPhS0_S0_S0_S0_mmjff,dynamic,AI_VECTOR_CORE,1791436083413810.514	,61.380,205.676000,40,0,NO,N/A,N/A,N/A,N/A,N/A,N/A,N/A
4,4294967295,971,463,_Z24add_rms_norm_bias_customIu6__bf16EvPhS0_S0_S0_S0_mmjff,_Z24add_rms_norm_bias_customIu6__bf16EvPhS0_S0_S0_S0_mmjff,dynamic,AI_VECTOR_CORE,1791436083414150.458	,34.024,278.620000,40,0,NO,N/A,N/A,N/A,N/A,N/A,N/A,N/A
4,4294967295,975,463,_Z24add_rms_norm_bias_customIu6__bf16EvPhS0_S0_S0_S0_mmjff,_Z24add_rms_norm_bias_customIu6__bf16EvPhS0_S0_S0_S0_mmjff,dynamic,AI_VECTOR_CORE,1791436083414334.122	,21.940,149.476000,32,0,NO,N/A,N/A,N/A,N/A,N/A,N/A,N/A
4,4294967295,979,463,_Z24add_rms_norm_bias_customIu6__bf16EvPhS0_S0_S0_S0_mmjff,_Z24add_rms_norm_bias_customIu6__bf16EvPhS0_S0_S0_S0_mmjff,dynamic,AI_VECTOR_CORE,1791436083414678.030	,47.340,322.060000,32,0,NO,N/A,N/A,N/A,N/A,N/A,N/A,N/A
4,4294967295,982,463,_Z24add_rms_norm_bias_customIu6__bf16EvPhS0_S0_S0_S0_mmjff,_Z24add_rms_norm_bias_customIu6__bf16EvPhS0_S0_S0_S0_mmjff,dynamic,AI_VECTOR_CORE,1791436083414928.834	,196.864,203.410000,40,0,NO,N/A,N/A,N/A,N/A,N/A,N/A,N/A
4,4294967295,986,463,_Z24add_rms_norm_bias_customIu6__bf16EvPhS0_S0_S0_S0_mmjff,_Z24add_rms_norm_bias_customIu6__bf16EvPhS0_S0_S0_S0_mmjff,dynamic,AI_VECTOR_CORE,1791436083415346.942	,36.484,221.386000,40,0,NO,N/A,N/A,N/A,N/A,N/A,N/A,N/A
4,4294967295,990,463,_Z24add_rms_norm_bias_customIu6__bf16EvPhS0_S0_S0_S0_mmjff,_Z24add_rms_norm_bias_customIu6__bf16EvPhS0_S0_S0_S0_mmjff,dynamic,AI_VECTOR_CORE,1791436083415572.246	,32.644,188.766000,32,0,NO,N/A,N/A,N/A,N/A,N/A,N/A,N/A
4,4294967295,993,463,_Z24add_rms_norm_bias_customIu6__bf16EvPhS0_S0_S0_S0_mmjff,_Z24add_rms_norm_bias_customIu6__bf16EvPhS0_S0_S0_S0_mmjff,dynamic,AI_VECTOR_CORE,1791436083415791.774	,23.340,186.856000,32,0,NO,N/A,N/A,N/A,N/A,N/A,N/A,N/A
4,4294967295,996,463,_Z24add_rms_norm_bias_customIu6__bf16EvPhS0_S0_S0_S0_mmjff,_Z24add_rms_norm_bias_customIu6__bf16EvPhS0_S0_S0_S0_mmjff,dynamic,AI_VECTOR_CORE,1791436083416415.826	,40.660,600.660000,40,0,NO,N/A,N/A,N/A,N/A,N/A,N/A,N/A
4,4294967295,1000,463,_Z24add_rms_norm_bias_customIu6__bf16EvPhS0_S0_S0_S0_mmjff,_Z24add_rms_norm_bias_customIu6__bf16EvPhS0_S0_S0_S0_mmjff,dynamic,AI_VECTOR_CORE,1791436083416699.190	,35.940,242.840000,40,0,NO,N/A,N/A,N/A,N/A,N/A,N/A,N/A
4,4294967295,1004,463,_Z24add_rms_norm_bias_customIu6__bf16EvPhS0_S0_S0_S0_mmjff,_Z24add_rms_norm_bias_customIu6__bf16EvPhS0_S0_S0_S0_mmjff,dynamic,AI_VECTOR_CORE,1791436083416945.994	,32.500,210.810000,32,0,NO,N/A,N/A,N/A,N/A,N/A,N/A,N/A
4,4294967295,1007,463,_Z24add_rms_norm_bias_customIu6__bf16EvPhS0_S0_S0_S0_mmjff,_Z24add_rms_norm_bias_customIu6__bf16EvPhS0_S0_S0_S0_mmjff,dynamic,AI_VECTOR_CORE,1791436083417132.178	,34.600,153.750000,32,0,NO,N/A,N/A,N/A,N/A,N/A,N/A,N/A
4,4294967295,1010,463,_Z24add_rms_norm_bias_customIu6__bf16EvPhS0_S0_S0_S0_mmjff,_Z24add_rms_norm_bias_customIu6__bf16EvPhS0_S0_S0_S0_mmjff,dynamic,AI_VECTOR_CORE,1791436083417351.502	,33.780,184.650000,40,0,NO,N/A,N/A,N/A,N/A,N/A,N/A,N/A
4,4294967295,1013,463,_Z24add_rms_norm_bias_customIu6__bf16EvPhS0_S0_S0_S0_mmjff,_Z24add_rms_norm_bias_customIu6__bf16EvPhS0_S0_S0_S0_mmjff,dynamic,AI_VECTOR_CORE,1791436083417513.186	,102.144,127.970000,40,0,NO,N/A,N/A,N/A,N/A,N/A,N/A,N/A
4,4294967295,1017,463,_Z24add_rms_norm_bias_customIu6__bf16EvPhS0_S0_S0_S0_mmjff,_Z24add_rms_norm_bias_customIu6__bf16EvPhS0_S0_S0_S0_mmjff,dynamic,AI_VECTOR_CORE,1791436083417802.934	,24.840,187.606000,32,0,NO,N/A,N/A,N/A,N/A,N/A,N/A,N/A
4,4294967295,1020,463,_Z24add_rms_norm_bias_customIu6__bf16EvPhS0_S0_S0_S0_mmjff,_Z24add_rms_norm_bias_customIu6__bf16EvPhS0_S0_S0_S0_mmjff,dynamic,AI_VECTOR_CORE,1791436083417974.714	,21.284,146.910000,32,0,NO,N/A,N/A,N/A,N/A,N/A,N/A,N/A
4,4294967295,1023,463,_Z24add_rms_norm_bias_customIu6__bf16EvPhS0_S0_S0_S0_mmjff,_Z24add_rms_norm_bias_customIu6__bf16EvPhS0_S0_S0_S0_mmjff,dynamic,AI_VECTOR_CORE,1791436083418172.578	,29.664,176.466000,40,0,NO,N/A,N/A,N/A,N/A,N/A,N/A,N/A
4,4294967295,1027,463,_Z24add_rms_norm_bias_customIu6__bf16EvPhS0_S0_S0_S0_mmjff,_Z24add_rms_norm_bias_customIu6__bf16EvPhS0_S0_S0_S0_mmjff,dynamic,AI_VECTOR_CORE,1791436083418490.746	,31.140,288.586000,40,0,NO,N/A,N/A,N/A,N/A,N/A,N/A,N/A
4,4294967295,1030,463,_Z24add_rms_norm_bias_customIu6__bf16EvPhS0_S0_S0_S0_mmjff,_Z24add_rms_norm_bias_customIu6__bf16EvPhS0_S0_S0_S0_mmjff,dynamic,AI_VECTOR_CORE,1791436083418635.010	,32.760,113.110000,32,0,NO,N/A,N/A,N/A,N/A,N/A,N/A,N/A
4,4294967295,1033,463,_Z24add_rms_norm_bias_customIu6__bf16EvPhS0_S0_S0_S0_mmjff,_Z24add_rms_norm_bias_customIu6__bf16EvPhS0_S0_S0_S0_mmjff,dynamic,AI_VECTOR_CORE,1791436083418973.394	,39.204,305.740000,32,0,NO,N/A,N/A,N/A,N/A,N/A,N/A,N/A
4,4294967295,1037,463,_Z24add_rms_norm_bias_customIu6__bf16EvPhS0_S0_S0_S0_mmjff,_Z24add_rms_norm_bias_customIu6__bf16EvPhS0_S0_S0_S0_mmjff,dynamic,AI_VECTOR_CORE,1791436083419209.202	,33.480,196.546000,40,0,NO,N/A,N/A,N/A,N/A,N/A,N/A,N/A
4,4294967295,1040,463,_Z24add_rms_norm_bias_customIu6__bf16EvPhS0_S0_S0_S0_mmjff,_Z24add_rms_norm_bias_customIu6__bf16EvPhS0_S0_S0_S0_mmjff,dynamic,AI_VECTOR_CORE,1791436083419402.106	,33.260,159.270000,40,0,NO,N/A,N/A,N/A,N/A,N/A,N/A,N/A
4,4294967295,1044,463,_Z24add_rms_norm_bias_customIu6__bf16EvPhS0_S0_S0_S0_mmjff,_Z24add_rms_norm_bias_customIu6__bf16EvPhS0_S0_S0_S0_mmjff,dynamic,AI_VECTOR_CORE,1791436083419566.406	,38.004,131.240000,32,0,NO,N/A,N/A,N/A,N/A,N/A,N/A,N/A
4,4294967295,1047,463,_Z24add_rms_norm_bias_customIu6__bf16EvPhS0_S0_S0_S0_mmjff,_Z24add_rms_norm_bias_customIu6__bf16EvPhS0_S0_S0_S0_mmjff,dynamic,AI_VECTOR_CORE,1791436083419786.634	,33.120,182.246000,32,0,NO,N/A,N/A,N/A,N/A,N/A,N/A,N/A
4,4294967295,1051,463,_Z24add_rms_norm_bias_customIu6__bf16EvPhS0_S0_S0_S0_mmjff,_Z24add_rms_norm_bias_customIu6__bf16EvPhS0_S0_S0_S0_mmjff,dynamic,AI_VECTOR_CORE,1791436083419978.394	,69.804,158.630000,40,0,NO,N/A,N/A,N/A,N/A,N/A,N/A,N/A
4,4294967295,1055,463,_Z24add_rms_norm_bias_customIu6__bf16EvPhS0_S0_S0_S0_mmjff,_Z24add_rms_norm_bias_customIu6__bf16EvPhS0_S0_S0_S0_mmjff,dynamic,AI_VECTOR_CORE,1791436083420530.106	,60.544,481.696000,40,0,NO,N/A,N/A,N/A,N/A,N/A,N/A,N/A
4,4294967295,1059,463,_Z24add_rms_norm_bias_customIu6__bf16EvPhS0_S0_S0_S0_mmjff,_Z24add_rms_norm_bias_customIu6__bf16EvPhS0_S0_S0_S0_mmjff,dynamic,AI_VECTOR_CORE,1791436083420849.754	,39.900,259.206000,32,0,NO,N/A,N/A,N/A,N/A,N/A,N/A,N/A
4,4294967295,1063,463,_Z24add_rms_norm_bias_customIu6__bf16EvPhS0_S0_S0_S0_mmjff,_Z24add_rms_norm_bias_customIu6__bf16EvPhS0_S0_S0_S0_mmjff,dynamic,AI_VECTOR_CORE,1791436083420995.498	,43.520,105.850000,32,0,NO,N/A,N/A,N/A,N/A,N/A,N/A,N/A
4,4294967295,1066,463,_Z24add_rms_norm_bias_customIu6__bf16EvPhS0_S0_S0_S0_mmjff,_Z24add_rms_norm_bias_customIu6__bf16EvPhS0_S0_S0_S0_mmjff,dynamic,AI_VECTOR_CORE,1791436083421131.258	,40.160,92.230000,40,0,NO,N/A,N/A,N/A,N/A,N/A,N/A,N/A
4,4294967295,1070,463,_Z24add_rms_norm_bias_customIu6__bf16EvPhS0_S0_S0_S0_mmjff,_Z24add_rms_norm_bias_customIu6__bf16EvPhS0_S0_S0_S0_mmjff,dynamic,AI_VECTOR_CORE,1791436083421348.302	,37.640,176.840000,40,0,NO,N/A,N/A,N/A,N/A,N/A,N/A,N/A
4,4294967295,1074,463,_Z24add_rms_norm_bias_customIu6__bf16EvPhS0_S0_S0_S0_mmjff,_Z24add_rms_norm_bias_customIu6__bf16EvPhS0_S0_S0_S0_mmjff,dynamic,AI_VECTOR_CORE,1791436083421643.570	,45.100,257.610000,32,0,NO,N/A,N/A,N/A,N/A,N/A,N/A,N/A
4,4294967295,1078,463,_Z24add_rms_norm_bias_customIu6__bf16EvPhS0_S0_S0_S0_mmjff,_Z24add_rms_norm_bias_customIu6__bf16EvPhS0_S0_S0_S0_mmjff,dynamic,AI_VECTOR_CORE,1791436083421842.554	,32.260,153.900000,32,0,NO,N/A,N/A,N/A,N/A,N/A,N/A,N/A
4,4294967295,1081,463,_Z24add_rms_norm_bias_customIu6__bf16EvPhS0_S0_S0_S0_mmjff,_Z24add_rms_norm_bias_customIu6__bf16EvPhS0_S0_S0_S0_mmjff,dynamic,AI_VECTOR_CORE,1791436083422033.518	,31.700,158.740000,40,0,NO,N/A,N/A,N/A,N/A,N/A,N/A,N/A
4,4294967295,1085,463,_Z24add_rms_norm_bias_customIu6__bf16EvPhS0_S0_S0_S0_mmjff,_Z24add_rms_norm_bias_customIu6__bf16EvPhS0_S0_S0_S0_mmjff,dynamic,AI_VECTOR_CORE,1791436083422220.762	,35.820,155.550000,40,0,NO,N/A,N/A,N/A,N/A,N/A,N/A,N/A
4,4294967295,1089,463,_Z24add_rms_norm_bias_customIu6__bf16EvPhS0_S0_S0_S0_mmjff,_Z24add_rms_norm_bias_customIu6__bf16EvPhS0_S0_S0_S0_mmjff,dynamic,AI_VECTOR_CORE,1791436083422418.946	,97.560,162.430000,32,0,NO,N/A,N/A,N/A,N/A,N/A,N/A,N/A
4,4294967295,1093,463,_Z24add_rms_norm_bias_customIu6__bf16EvPhS0_S0_S0_S0_mmjff,_Z24add_rms_norm_bias_customIu6__bf16EvPhS0_S0_S0_S0_mmjff,dynamic,AI_VECTOR_CORE,1791436083422617.730	,33.200,101.190000,32,0,NO,N/A,N/A,N/A,N/A,N/A,N/A,N/A
4,4294967295,1096,463,_Z24add_rms_norm_bias_customIu6__bf16EvPhS0_S0_S0_S0_mmjff,_Z24add_rms_norm_bias_customIu6__bf16EvPhS0_S0_S0_S0_mmjff,dynamic,AI_VECTOR_CORE,1791436083422810.834	,32.000,159.800000,40,0,NO,N/A,N/A,N/A,N/A,N/A,N/A,N/A
4,4294967295,1100,463,_Z24add_rms_norm_bias_customIu6__bf16EvPhS0_S0_S0_S0_mmjff,_Z24add_rms_norm_bias_customIu6__bf16EvPhS0_S0_S0_S0_mmjff,dynamic,AI_VECTOR_CORE,1791436083423001.378	,58.220,158.750000,40,0,NO,N/A,N/A,N/A,N/A,N/A,N/A,N/A
4,4294967295,1104,463,_Z24add_rms_norm_bias_customIu6__bf16EvPhS0_S0_S0_S0_mmjff,_Z24add_rms_norm_bias_customIu6__bf16EvPhS0_S0_S0_S0_mmjff,dynamic,AI_VECTOR_CORE,1791436083423198.142	,36.400,138.530000,32,0,NO,N/A,N/A,N/A,N/A,N/A,N/A,N/A
4,4294967295,1107,463,_Z24add_rms_norm_bias_customIu6__bf16EvPhS0_S0_S0_S0_mmjff,_Z24add_rms_norm_bias_customIu6__bf16EvPhS0_S0_S0_S0_mmjff,dynamic,AI_VECTOR_CORE,1791436083423393.106	,32.800,158.350000,32,0,NO,N/A,N/A,N/A,N/A,N/A,N/A,N/A
4,4294967295,1111,463,_Z24add_rms_norm_bias_customIu6__bf16EvPhS0_S0_S0_S0_mmjff,_Z24add_rms_norm_bias_customIu6__bf16EvPhS0_S0_S0_S0_mmjff,dynamic,AI_VECTOR_CORE,1791436083423580.426	,62.904,154.700000,40,0,NO,N/A,N/A,N/A,N/A,N/A,N/A,N/A
4,4294967295,1115,463,_Z24add_rms_norm_bias_customIu6__bf16EvPhS0_S0_S0_S0_mmjff,_Z24add_rms_norm_bias_customIu6__bf16EvPhS0_S0_S0_S0_mmjff,dynamic,AI_VECTOR_CORE,1791436083423820.034	,44.100,176.596000,40,0,NO,N/A,N/A,N/A,N/A,N/A,N/A,N/A
4,4294967295,1119,463,_Z24add_rms_norm_bias_customIu6__bf16EvPhS0_S0_S0_S0_mmjff,_Z24add_rms_norm_bias_customIu6__bf16EvPhS0_S0_S0_S0_mmjff,dynamic,AI_VECTOR_CORE,1791436083424016.398	,34.020,152.400000,32,0,NO,N/A,N/A,N/A,N/A,N/A,N/A,N/A
4,4294967295,1123,463,_Z24add_rms_norm_bias_customIu6__bf16EvPhS0_S0_S0_S0_mmjff,_Z24add_rms_norm_bias_customIu6__bf16EvPhS0_S0_S0_S0_mmjff,dynamic,AI_VECTOR_CORE,1791436083424185.678	,58.864,135.230000,32,0,NO,N/A,N/A,N/A,N/A,N/A,N/A,N/A
4,4294967295,1127,463,_Z24add_rms_norm_bias_customIu6__bf16EvPhS0_S0_S0_S0_mmjff,_Z24add_rms_norm_bias_customIu6__bf16EvPhS0_S0_S0_S0_mmjff,dynamic,AI_VECTOR_CORE,1791436083424379.362	,32.664,134.636000,40,0,NO,N/A,N/A,N/A,N/A,N/A,N/A,N/A
4,4294967295,1131,463,_Z24add_rms_norm_bias_customIu6__bf16EvPhS0_S0_S0_S0_mmjff,_Z24add_rms_norm_bias_customIu6__bf16EvPhS0_S0_S0_S0_mmjff,dynamic,AI_VECTOR_CORE,1791436083424564.406	,37.944,152.586000,40,0,NO,N/A,N/A,N/A,N/A,N/A,N/A,N/A
4,4294967295,1135,463,_Z24add_rms_norm_bias_customIu6__bf16EvPhS0_S0_S0_S0_mmjff,_Z24add_rms_norm_bias_customIu6__bf16EvPhS0_S0_S0_S0_mmjff,dynamic,AI_VECTOR_CORE,1791436083424744.150	,182.404,141.806000,32,0,NO,N/A,N/A,N/A,N/A,N/A,N/A,N/A
4,4294967295,1139,463,_Z24add_rms_norm_bias_customIu6__bf16EvPhS0_S0_S0_S0_mmjff,_Z24add_rms_norm_bias_customIu6__bf16EvPhS0_S0_S0_S0_mmjff,dynamic,AI_VECTOR_CORE,1791436083425030.618	,33.440,103.846000,32,0,NO,N/A,N/A,N/A,N/A,N/A,N/A,N/A
4,4294967295,1143,463,_Z24add_rms_norm_bias_customIu6__bf16EvPhS0_S0_S0_S0_mmjff,_Z24add_rms_norm_bias_customIu6__bf16EvPhS0_S0_S0_S0_mmjff,dynamic,AI_VECTOR_CORE,1791436083425193.602	,34.900,129.560000,40,0,NO,N/A,N/A,N/A,N/A,N/A,N/A,N/A
4,4294967295,1146,463,_Z24add_rms_norm_bias_customIu6__bf16EvPhS0_S0_S0_S0_mmjff,_Z24add_rms_norm_bias_customIu6__bf16EvPhS0_S0_S0_S0_mmjff,dynamic,AI_VECTOR_CORE,1791436083425316.902	,34.120,88.600000,40,0,NO,N/A,N/A,N/A,N/A,N/A,N/A,N/A
4,4294967295,1150,463,_Z24add_rms_norm_bias_customIu6__bf16EvPhS0_S0_S0_S0_mmjff,_Z24add_rms_norm_bias_customIu6__bf16EvPhS0_S0_S0_S0_mmjff,dynamic,AI_VECTOR_CORE,1791436083425560.046	,38.204,208.880000,32,0,NO,N/A,N/A,N/A,N/A,N/A,N/A,N/A
4,4294967295,1153,463,_Z24add_rms_norm_bias_customIu6__bf16EvPhS0_S0_S0_S0_mmjff,_Z24add_rms_norm_bias_customIu6__bf16EvPhS0_S0_S0_S0_mmjff,dynamic,AI_VECTOR_CORE,1791436083425681.350	,17.920,83.046000,32,0,NO,N/A,N/A,N/A,N/A,N/A,N/A,N/A
4,4294967295,1156,463,_Z24add_rms_norm_bias_customIu6__bf16EvPhS0_S0_S0_S0_mmjff,_Z24add_rms_norm_bias_customIu6__bf16EvPhS0_S0_S0_S0_mmjff,dynamic,AI_VECTOR_CORE,1791436083425795.890	,30.404,96.830000,40,0,NO,N/A,N/A,N/A,N/A,N/A,N/A,N/A
4,4294967295,1159,463,_Z24add_rms_norm_bias_customIu6__bf16EvPhS0_S0_S0_S0_mmjff,_Z24add_rms_norm_bias_customIu6__bf16EvPhS0_S0_S0_S0_mmjff,dynamic,AI_VECTOR_CORE,1791436083425914.794	,30.680,88.346000,40,0,NO,N/A,N/A,N/A,N/A,N/A,N/A,N/A
4,4294967295,1162,463,_Z24add_rms_norm_bias_customIu6__bf16EvPhS0_S0_S0_S0_mmjff,_Z24add_rms_norm_bias_customIu6__bf16EvPhS0_S0_S0_S0_mmjff,dynamic,AI_VECTOR_CORE,1791436083426033.418	,52.060,88.070000,32,0,NO,N/A,N/A,N/A,N/A,N/A,N/A,N/A
4,4294967295,1166,463,_Z24add_rms_norm_bias_customIu6__bf16EvPhS0_S0_S0_S0_mmjff,_Z24add_rms_norm_bias_customIu6__bf16EvPhS0_S0_S0_S0_mmjff,dynamic,AI_VECTOR_CORE,1791436083426287.942	,21.780,202.440000,32,0,NO,N/A,N/A,N/A,N/A,N/A,N/A,N/A
4,4294967295,1170,463,_Z24add_rms_norm_bias_customIu6__bf16EvPhS0_S0_S0_S0_mmjff,_Z24add_rms_norm_bias_customIu6__bf16EvPhS0_S0_S0_S0_mmjff,dynamic,AI_VECTOR_CORE,1791436083426545.146	,37.220,235.470000,40,0,NO,N/A,N/A,N/A,N/A,N/A,N/A,N/A
4,4294967295,1174,463,_Z24add_rms_norm_bias_customIu6__bf16EvPhS0_S0_S0_S0_mmjff,_Z24add_rms_norm_bias_customIu6__bf16EvPhS0_S0_S0_S0_mmjff,dynamic,AI_VECTOR_CORE,1791436083426714.170	,30.980,131.780000,40,0,NO,N/A,N/A,N/A,N/A,N/A,N/A,N/A
4,4294967295,1178,463,_Z24add_rms_norm_bias_customIu6__bf16EvPhS0_S0_S0_S0_mmjff,_Z24add_rms_norm_bias_customIu6__bf16EvPhS0_S0_S0_S0_mmjff,dynamic,AI_VECTOR_CORE,1791436083426889.274	,36.240,144.020000,32,0,NO,N/A,N/A,N/A,N/A,N/A,N/A,N/A
4,4294967295,1182,463,_Z24add_rms_norm_bias_customIu6__bf16EvPhS0_S0_S0_S0_mmjff,_Z24add_rms_norm_bias_customIu6__bf16EvPhS0_S0_S0_S0_mmjff,dynamic,AI_VECTOR_CORE,1791436083427053.738	,24.740,128.260000,32,0,NO,N/A,N/A,N/A,N/A,N/A,N/A,N/A
4,4294967295,1185,463,_Z24add_rms_norm_bias_customIu6__bf16EvPhS0_S0_S0_S0_mmjff,_Z24add_rms_norm_bias_customIu6__bf16EvPhS0_S0_S0_S0_mmjff,dynamic,AI_VECTOR_CORE,1791436083427194.642	,212.404,116.260000,40,0,NO,N/A,N/A,N/A,N/A,N/A,N/A,N/A
4,4294967295,1189,463,_Z24add_rms_norm_bias_customIu6__bf16EvPhS0_S0_S0_S0_mmjff,_Z24add_rms_norm_bias_customIu6__bf16EvPhS0_S0_S0_S0_mmjff,dynamic,AI_VECTOR_CORE,1791436083427572.226	,38.624,165.096000,40,0,NO,N/A,N/A,N/A,N/A,N/A,N/A,N/A
4,4294967295,1192,463,_Z24add_rms_norm_bias_customIu6__bf16EvPhS0_S0_S0_S0_mmjff,_Z24add_rms_norm_bias_customIu6__bf16EvPhS0_S0_S0_S0_mmjff,dynamic,AI_VECTOR_CORE,1791436083427734.410	,20.880,123.626000,32,0,NO,N/A,N/A,N/A,N/A,N/A,N/A,N/A
4,4294967295,1196,463,_Z24add_rms_norm_bias_customIu6__bf16EvPhS0_S0_S0_S0_mmjff,_Z24add_rms_norm_bias_customIu6__bf16EvPhS0_S0_S0_S0_mmjff,dynamic,AI_VECTOR_CORE,1791436083427996.498	,22.080,241.120000,32,0,NO,N/A,N/A,N/A,N/A,N/A,N/A,N/A
4,4294967295,1199,463,_Z24add_rms_norm_bias_customIu6__bf16EvPhS0_S0_S0_S0_mmjff,_Z24add_rms_norm_bias_customIu6__bf16EvPhS0_S0_S0_S0_mmjff,dynamic,AI_VECTOR_CORE,1791436083428132.178	,31.840,113.670000,40,0,NO,N/A,N/A,N/A,N/A,N/A,N/A,N/A
4,4294967295,1202,463,_Z24add_rms_norm_bias_customIu6__bf16EvPhS0_S0_S0_S0_mmjff,_Z24add_rms_norm_bias_customIu6__bf16EvPhS0_S0_S0_S0_mmjff,dynamic,AI_VECTOR_CORE,1791436083428254.482	,23.360,90.410000,40,0,NO,N/A,N/A,N/A,N/A,N/A,N/A,N/A
4,4294967295,1206,463,_Z24add_rms_norm_bias_customIu6__bf16EvPhS0_S0_S0_S0_mmjff,_Z24add_rms_norm_bias_customIu6__bf16EvPhS0_S0_S0_S0_mmjff,dynamic,AI_VECTOR_CORE,1791436083428564.026	,29.780,286.140000,32,0,NO,N/A,N/A,N/A,N/A,N/A,N/A,N/A
4,4294967295,1210,463,_Z24add_rms_norm_bias_customIu6__bf16EvPhS0_S0_S0_S0_mmjff,_Z24add_rms_norm_bias_customIu6__bf16EvPhS0_S0_S0_S0_mmjff,dynamic,AI_VECTOR_CORE,1791436083428734.770	,38.260,140.970000,32,0,NO,N/A,N/A,N/A,N/A,N/A,N/A,N/A
4,4294967295,1213,463,_Z24add_rms_norm_bias_customIu6__bf16EvPhS0_S0_S0_S0_mmjff,_Z24add_rms_norm_bias_customIu6__bf16EvPhS0_S0_S0_S0_mmjff,dynamic,AI_VECTOR_CORE,1791436083428898.534	,30.600,125.490000,40,0,NO,N/A,N/A,N/A,N/A,N/A,N/A,N/A
4,4294967295,1216,463,_Z24add_rms_norm_bias_customIu6__bf16EvPhS0_S0_S0_S0_mmjff,_Z24add_rms_norm_bias_customIu6__bf16EvPhS0_S0_S0_S0_mmjff,dynamic,AI_VECTOR_CORE,1791436083429018.078	,33.460,88.900000,40,0,NO,N/A,N/A,N/A,N/A,N/A,N/A,N/A
4,4294967295,1219,463,_Z24add_rms_norm_bias_customIu6__bf16EvPhS0_S0_S0_S0_mmjff,_Z24add_rms_norm_bias_customIu6__bf16EvPhS0_S0_S0_S0_mmjff,dynamic,AI_VECTOR_CORE,1791436083429179.418	,32.064,128.040000,32,0,NO,N/A,N/A,N/A,N/A,N/A,N/A,N/A
4,4294967295,1222,463,_Z24add_rms_norm_bias_customIu6__bf16EvPhS0_S0_S0_S0_mmjff,_Z24add_rms_norm_bias_customIu6__bf16EvPhS0_S0_S0_S0_mmjff,dynamic,AI_VECTOR_CORE,1791436083429368.942	,21.780,157.436000,32,0,NO,N/A,N/A,N/A,N/A,N/A,N/A,N/A
4,4294967295,1226,463,_Z24add_rms_norm_bias_customIu6__bf16EvPhS0_S0_S0_S0_mmjff,_Z24add_rms_norm_bias_customIu6__bf16EvPhS0_S0_S0_S0_mmjff,dynamic,AI_VECTOR_CORE,1791436083429562.686	,34.380,171.970000,40,0,NO,N/A,N/A,N/A,N/A,N/A,N/A,N/A
