ROUTE	REVISION	EVENT_DECLARATION	SOURCE_COMMIT	SOURCE_COMMIT_TREE	SOURCE_BASE	SOURCE_PATH	SOURCE_MODE	SOURCE_BLOB	ARCHIVE_PATH	SELECTION	FILE_CLASS	DUPLICATE_GROUP	NOTE
W3-R2-ADAPTIVE-CORE-OWNERSHIP-CHAMPION-X	V001	exp: record adaptive core ownership V001 local evidence	fc4df9197a5125fdc4ac2348cdfe78e9eb2cef46	23b35fc799a7c2b488f555559852c4384a600142	503b98cb22ae88798bb6bfca83a46676933f3600	本地实验/ADAPTIVE-CORE-OWNERSHIP-CHAMPION-X/V001/CMakeLists.txt	100644	0d603a16038e1bef64587621d0cc9c4497115183		EXCLUDE	BUILD_CONFIGURATION		build configuration omitted
W3-R2-ADAPTIVE-CORE-OWNERSHIP-CHAMPION-X	V001	exp: record adaptive core ownership V001 local evidence	fc4df9197a5125fdc4ac2348cdfe78e9eb2cef46	23b35fc799a7c2b488f555559852c4384a600142	503b98cb22ae88798bb6bfca83a46676933f3600	本地实验/ADAPTIVE-CORE-OWNERSHIP-CHAMPION-X/V001/build_server3.sh	100644	2e6006ac7761807975ceb5d3754c5b1cdc44cfa6		EXCLUDE	BUILD_OR_RUN_SCRIPT		script omitted
W3-R2-ADAPTIVE-CORE-OWNERSHIP-CHAMPION-X	V001	exp: record adaptive core ownership V001 local evidence	fc4df9197a5125fdc4ac2348cdfe78e9eb2cef46	23b35fc799a7c2b488f555559852c4384a600142	503b98cb22ae88798bb6bfca83a46676933f3600	本地实验/ADAPTIVE-CORE-OWNERSHIP-CHAMPION-X/V001/logs/local-20261005T052213Z-post-usages.txt	100644	df2d473c22e7fb5e0c9c0a07b68e1e7b5d7eb27c	证据集成/W3/Batch-08-R2/R2/V001/logs/local-20261005T052213Z-post-usages.txt	COPY	LOCAL_CONTEXT_LOG		original bytes
W3-R2-ADAPTIVE-CORE-OWNERSHIP-CHAMPION-X	V001	exp: record adaptive core ownership V001 local evidence	fc4df9197a5125fdc4ac2348cdfe78e9eb2cef46	23b35fc799a7c2b488f555559852c4384a600142	503b98cb22ae88798bb6bfca83a46676933f3600	本地实验/ADAPTIVE-CORE-OWNERSHIP-CHAMPION-X/V001/logs/local-20261005T052213Z-pre-usages.txt	100644	e5b61c75cb1871722e403fccda47ef3d94bc6168	证据集成/W3/Batch-08-R2/R2/V001/logs/local-20261005T052213Z-pre-usages.txt	COPY	LOCAL_CONTEXT_LOG		original bytes
W3-R2-ADAPTIVE-CORE-OWNERSHIP-CHAMPION-X	V001	exp: record adaptive core ownership V001 local evidence	fc4df9197a5125fdc4ac2348cdfe78e9eb2cef46	23b35fc799a7c2b488f555559852c4384a600142	503b98cb22ae88798bb6bfca83a46676933f3600	本地实验/ADAPTIVE-CORE-OWNERSHIP-CHAMPION-X/V001/logs/local-20261005T052213Z-raw.tsv	100644	dc5fd0686f956bcf9ad0eafe815cab7fa8c8df0b	证据集成/W3/Batch-08-R2/R2/V001/logs/local-20261005T052213Z-raw.tsv	COPY	LOCAL_RAW_TABLE		original bytes
W3-R2-ADAPTIVE-CORE-OWNERSHIP-CHAMPION-X	V001	exp: record adaptive core ownership V001 local evidence	fc4df9197a5125fdc4ac2348cdfe78e9eb2cef46	23b35fc799a7c2b488f555559852c4384a600142	503b98cb22ae88798bb6bfca83a46676933f3600	本地实验/ADAPTIVE-CORE-OWNERSHIP-CHAMPION-X/V001/logs/local-20261005T052213Z-runner.log	100644	e3c054e03a082f28c331dcac8113e015182bf9a5	证据集成/W3/Batch-08-R2/R2/V001/logs/local-20261005T052213Z-runner.log	COPY	LOCAL_RUN_LOG		original bytes
W3-R2-ADAPTIVE-CORE-OWNERSHIP-CHAMPION-X	V001	exp: record adaptive core ownership V001 local evidence	fc4df9197a5125fdc4ac2348cdfe78e9eb2cef46	23b35fc799a7c2b488f555559852c4384a600142	503b98cb22ae88798bb6bfca83a46676933f3600	本地实验/ADAPTIVE-CORE-OWNERSHIP-CHAMPION-X/V001/logs/server3-compile-20261004T183821Z.log	100644	38ffd529fda94f6768847f6da06d3ca1fa3b719b	证据集成/W3/Batch-08-R2/R2/V001/logs/server3-compile-20261004T183821Z.log	COPY	COMPILE_LOG		original bytes
W3-R2-ADAPTIVE-CORE-OWNERSHIP-CHAMPION-X	V001	exp: record adaptive core ownership V001 local evidence	fc4df9197a5125fdc4ac2348cdfe78e9eb2cef46	23b35fc799a7c2b488f555559852c4384a600142	503b98cb22ae88798bb6bfca83a46676933f3600	本地实验/ADAPTIVE-CORE-OWNERSHIP-CHAMPION-X/V001/logs/server3-compile-20261004T184014Z.log	100644	f68b9e88e70e22f9d83cba1f7de31fc48005af76	证据集成/W3/Batch-08-R2/R2/V001/logs/server3-compile-20261004T184014Z.log	COPY	COMPILE_LOG		original bytes
W3-R2-ADAPTIVE-CORE-OWNERSHIP-CHAMPION-X	V001	exp: record adaptive core ownership V001 local evidence	fc4df9197a5125fdc4ac2348cdfe78e9eb2cef46	23b35fc799a7c2b488f555559852c4384a600142	503b98cb22ae88798bb6bfca83a46676933f3600	本地实验/ADAPTIVE-CORE-OWNERSHIP-CHAMPION-X/V001/logs/server3-transfer-compile-20261004T183418Z.log	100644	e69de29bb2d1d6434b8b29ae775ad8c2e48c5391	证据集成/W3/Batch-08-R2/R2/V001/logs/server3-transfer-compile-20261004T183418Z.log	COPY	COMPILE_LOG		original bytes
W3-R2-ADAPTIVE-CORE-OWNERSHIP-CHAMPION-X	V001	exp: record adaptive core ownership V001 local evidence	fc4df9197a5125fdc4ac2348cdfe78e9eb2cef46	23b35fc799a7c2b488f555559852c4384a600142	503b98cb22ae88798bb6bfca83a46676933f3600	本地实验/ADAPTIVE-CORE-OWNERSHIP-CHAMPION-X/V001/logs/server3-transfer-compile-20261004T183809Z.log	100644	f11a41157bbd834f0f605ec9116442763dc665b1	证据集成/W3/Batch-08-R2/R2/V001/logs/server3-transfer-compile-20261004T183809Z.log	COPY	COMPILE_LOG		original bytes
W3-R2-ADAPTIVE-CORE-OWNERSHIP-CHAMPION-X	V001	exp: record adaptive core ownership V001 local evidence	fc4df9197a5125fdc4ac2348cdfe78e9eb2cef46	23b35fc799a7c2b488f555559852c4384a600142	503b98cb22ae88798bb6bfca83a46676933f3600	本地实验/ADAPTIVE-CORE-OWNERSHIP-CHAMPION-X/V001/logs/server3-transfer-compile-20261004T184004Z.log	100644	b1de3f509b0eb6ed036a4cd9331ed91cd8843a5b	证据集成/W3/Batch-08-R2/R2/V001/logs/server3-transfer-compile-20261004T184004Z.log	COPY	COMPILE_LOG		original bytes
W3-R2-ADAPTIVE-CORE-OWNERSHIP-CHAMPION-X	V001	exp: record adaptive core ownership V001 local evidence	fc4df9197a5125fdc4ac2348cdfe78e9eb2cef46	23b35fc799a7c2b488f555559852c4384a600142	503b98cb22ae88798bb6bfca83a46676933f3600	本地实验/ADAPTIVE-CORE-OWNERSHIP-CHAMPION-X/V001/parent-source.json	100644	c4f3d78bf3231b620776ffa7eb8a3c799c0fceeb	证据集成/W3/Batch-08-R2/R2/V001/parent-source.json	COPY	SOURCE_METADATA	D020	original bytes
W3-R2-ADAPTIVE-CORE-OWNERSHIP-CHAMPION-X	V001	exp: record adaptive core ownership V001 local evidence	fc4df9197a5125fdc4ac2348cdfe78e9eb2cef46	23b35fc799a7c2b488f555559852c4384a600142	503b98cb22ae88798bb6bfca83a46676933f3600	本地实验/ADAPTIVE-CORE-OWNERSHIP-CHAMPION-X/V001/parent.asc	100644	6adb6f586a3c2c4461401efe64d0a64e25cb60c3		EXCLUDE	PARENT_KERNEL_SOURCE	D010	kernel source omitted; source blob id retained
W3-R2-ADAPTIVE-CORE-OWNERSHIP-CHAMPION-X	V001	exp: record adaptive core ownership V001 local evidence	fc4df9197a5125fdc4ac2348cdfe78e9eb2cef46	23b35fc799a7c2b488f555559852c4384a600142	503b98cb22ae88798bb6bfca83a46676933f3600	本地实验/ADAPTIVE-CORE-OWNERSHIP-CHAMPION-X/V001/run_server3.sh	100644	6cee4112ebc242df428a5176f0921bacf29a1472		EXCLUDE	BUILD_OR_RUN_SCRIPT		script omitted
W3-R2-ADAPTIVE-CORE-OWNERSHIP-CHAMPION-X	V001	exp: record adaptive core ownership V001 local evidence	fc4df9197a5125fdc4ac2348cdfe78e9eb2cef46	23b35fc799a7c2b488f555559852c4384a600142	503b98cb22ae88798bb6bfca83a46676933f3600	本地实验/ADAPTIVE-CORE-OWNERSHIP-CHAMPION-X/V001/submission.asc	100644	d75e9b70f3a78bbf14bcdaeadc580f782e4f65b1		EXCLUDE	CANDIDATE_KERNEL_SOURCE		kernel source omitted; source blob id retained
W3-R2-ADAPTIVE-CORE-OWNERSHIP-CHAMPION-X	V001	exp: record adaptive core ownership V001 local evidence	fc4df9197a5125fdc4ac2348cdfe78e9eb2cef46	23b35fc799a7c2b488f555559852c4384a600142	503b98cb22ae88798bb6bfca83a46676933f3600	本地实验/ADAPTIVE-CORE-OWNERSHIP-CHAMPION-X/V001/support/build_on_server3.sh	100644	89b1da65163f44a3c8bff98ddb3f5af857c6c3b5		EXCLUDE	BUILD_OR_RUN_SCRIPT		script omitted
W3-R2-ADAPTIVE-CORE-OWNERSHIP-CHAMPION-X	V001	exp: record adaptive core ownership V001 local evidence	fc4df9197a5125fdc4ac2348cdfe78e9eb2cef46	23b35fc799a7c2b488f555559852c4384a600142	503b98cb22ae88798bb6bfca83a46676933f3600	本地实验/ADAPTIVE-CORE-OWNERSHIP-CHAMPION-X/V001/support/candidate_entry.asc	100644	18e027bae25362b967ed9de7161661b7d178b00f		EXCLUDE	CANDIDATE_KERNEL_SOURCE	D003	kernel source omitted; source blob id retained
W3-R2-ADAPTIVE-CORE-OWNERSHIP-CHAMPION-X	V001	exp: record adaptive core ownership V001 local evidence	fc4df9197a5125fdc4ac2348cdfe78e9eb2cef46	23b35fc799a7c2b488f555559852c4384a600142	503b98cb22ae88798bb6bfca83a46676933f3600	本地实验/ADAPTIVE-CORE-OWNERSHIP-CHAMPION-X/V001/support/judge_types.hpp	100644	805d14e5125e17ebb48f4cd189640098214b869f		EXCLUDE	C_CPP_SUPPORT_SOURCE	D014	support source omitted; source blob id retained
W3-R2-ADAPTIVE-CORE-OWNERSHIP-CHAMPION-X	V001	exp: record adaptive core ownership V001 local evidence	fc4df9197a5125fdc4ac2348cdfe78e9eb2cef46	23b35fc799a7c2b488f555559852c4384a600142	503b98cb22ae88798bb6bfca83a46676933f3600	本地实验/ADAPTIVE-CORE-OWNERSHIP-CHAMPION-X/V001/support/parent_entry.asc	100644	7d992a0cb5ee7975373cd6a081171ea2d0e7a338		EXCLUDE	PARENT_KERNEL_SOURCE	D013	kernel source omitted; source blob id retained
W3-R2-ADAPTIVE-CORE-OWNERSHIP-CHAMPION-X	V001	exp: record adaptive core ownership V001 local evidence	fc4df9197a5125fdc4ac2348cdfe78e9eb2cef46	23b35fc799a7c2b488f555559852c4384a600142	503b98cb22ae88798bb6bfca83a46676933f3600	本地实验/ADAPTIVE-CORE-OWNERSHIP-CHAMPION-X/V001/support/probe.cpp	100644	16d0378fefa40db2b84eaba80fb7bdb5cf1d313b		EXCLUDE	C_CPP_SUPPORT_SOURCE	D002	support source omitted; source blob id retained
W3-R2-ADAPTIVE-CORE-OWNERSHIP-CHAMPION-X	V002	perf: record adaptive core ownership V002 local result	883eb1616bdcfefb77775f807405427ea8a4ba56	42d4c2469bd508d6200ebb0a4b6756571a24ac4a	503b98cb22ae88798bb6bfca83a46676933f3600	本地实验/ADAPTIVE-CORE-OWNERSHIP-CHAMPION-X/V002/CMakeLists.txt	100644	3ab2bf2c52a4ba81c3a5a808adfc905fc4b64b85		EXCLUDE	BUILD_CONFIGURATION		build configuration omitted
W3-R2-ADAPTIVE-CORE-OWNERSHIP-CHAMPION-X	V002	perf: record adaptive core ownership V002 local result	883eb1616bdcfefb77775f807405427ea8a4ba56	42d4c2469bd508d6200ebb0a4b6756571a24ac4a	503b98cb22ae88798bb6bfca83a46676933f3600	本地实验/ADAPTIVE-CORE-OWNERSHIP-CHAMPION-X/V002/build_server3.sh	100644	c190206981314aacd7dc5e0b4aa73ae95846f765		EXCLUDE	BUILD_OR_RUN_SCRIPT		script omitted
W3-R2-ADAPTIVE-CORE-OWNERSHIP-CHAMPION-X	V002	perf: record adaptive core ownership V002 local result	883eb1616bdcfefb77775f807405427ea8a4ba56	42d4c2469bd508d6200ebb0a4b6756571a24ac4a	503b98cb22ae88798bb6bfca83a46676933f3600	本地实验/ADAPTIVE-CORE-OWNERSHIP-CHAMPION-X/V002/logs/correctness-current.log	100644	2d53be38fc23d5a0522ad84da47274fa924dad03	证据集成/W3/Batch-08-R2/R2/V002/logs/correctness-current.log	COPY	CORRECTNESS_LOG	D005	original bytes
W3-R2-ADAPTIVE-CORE-OWNERSHIP-CHAMPION-X	V002	perf: record adaptive core ownership V002 local result	883eb1616bdcfefb77775f807405427ea8a4ba56	42d4c2469bd508d6200ebb0a4b6756571a24ac4a	503b98cb22ae88798bb6bfca83a46676933f3600	本地实验/ADAPTIVE-CORE-OWNERSHIP-CHAMPION-X/V002/logs/local-20261005T054903Z-post-usages.txt	100644	bf6acb9f168c3aa2d35a04784d413270c8ecfec6	证据集成/W3/Batch-08-R2/R2/V002/logs/local-20261005T054903Z-post-usages.txt	COPY	LOCAL_CONTEXT_LOG		original bytes
W3-R2-ADAPTIVE-CORE-OWNERSHIP-CHAMPION-X	V002	perf: record adaptive core ownership V002 local result	883eb1616bdcfefb77775f807405427ea8a4ba56	42d4c2469bd508d6200ebb0a4b6756571a24ac4a	503b98cb22ae88798bb6bfca83a46676933f3600	本地实验/ADAPTIVE-CORE-OWNERSHIP-CHAMPION-X/V002/logs/local-20261005T054903Z-pre-usages.txt	100644	b4a4037528e37e3390557c2738993e4d33980b9a	证据集成/W3/Batch-08-R2/R2/V002/logs/local-20261005T054903Z-pre-usages.txt	COPY	LOCAL_CONTEXT_LOG		original bytes
W3-R2-ADAPTIVE-CORE-OWNERSHIP-CHAMPION-X	V002	perf: record adaptive core ownership V002 local result	883eb1616bdcfefb77775f807405427ea8a4ba56	42d4c2469bd508d6200ebb0a4b6756571a24ac4a	503b98cb22ae88798bb6bfca83a46676933f3600	本地实验/ADAPTIVE-CORE-OWNERSHIP-CHAMPION-X/V002/logs/local-20261005T054903Z-raw.tsv	100644	89576c89fca4a400503016b30aa5a7a9db57a2b7	证据集成/W3/Batch-08-R2/R2/V002/logs/local-20261005T054903Z-raw.tsv	COPY	LOCAL_RAW_TABLE		original bytes
W3-R2-ADAPTIVE-CORE-OWNERSHIP-CHAMPION-X	V002	perf: record adaptive core ownership V002 local result	883eb1616bdcfefb77775f807405427ea8a4ba56	42d4c2469bd508d6200ebb0a4b6756571a24ac4a	503b98cb22ae88798bb6bfca83a46676933f3600	本地实验/ADAPTIVE-CORE-OWNERSHIP-CHAMPION-X/V002/logs/local-20261005T054903Z-runner.log	100644	0b81d4617e8b6b7675493d8bb3c799b2fdd217fe	证据集成/W3/Batch-08-R2/R2/V002/logs/local-20261005T054903Z-runner.log	COPY	LOCAL_RUN_LOG		original bytes
W3-R2-ADAPTIVE-CORE-OWNERSHIP-CHAMPION-X	V002	perf: record adaptive core ownership V002 local result	883eb1616bdcfefb77775f807405427ea8a4ba56	42d4c2469bd508d6200ebb0a4b6756571a24ac4a	503b98cb22ae88798bb6bfca83a46676933f3600	本地实验/ADAPTIVE-CORE-OWNERSHIP-CHAMPION-X/V002/logs/server3-transfer-compile-20261005T054513Z.log	100644	751059b86743abdce7c109fe485585d01465facd	证据集成/W3/Batch-08-R2/R2/V002/logs/server3-transfer-compile-20261005T054513Z.log	COPY	COMPILE_LOG	D011	original bytes
W3-R2-ADAPTIVE-CORE-OWNERSHIP-CHAMPION-X	V002	perf: record adaptive core ownership V002 local result	883eb1616bdcfefb77775f807405427ea8a4ba56	42d4c2469bd508d6200ebb0a4b6756571a24ac4a	503b98cb22ae88798bb6bfca83a46676933f3600	本地实验/ADAPTIVE-CORE-OWNERSHIP-CHAMPION-X/V002/logs/server3-transfer-compile-current.log	100644	751059b86743abdce7c109fe485585d01465facd	证据集成/W3/Batch-08-R2/R2/V002/logs/server3-transfer-compile-current.log	COPY	COMPILE_LOG	D011	original bytes
W3-R2-ADAPTIVE-CORE-OWNERSHIP-CHAMPION-X	V002	perf: record adaptive core ownership V002 local result	883eb1616bdcfefb77775f807405427ea8a4ba56	42d4c2469bd508d6200ebb0a4b6756571a24ac4a	503b98cb22ae88798bb6bfca83a46676933f3600	本地实验/ADAPTIVE-CORE-OWNERSHIP-CHAMPION-X/V002/parent-source.json	100644	c4f3d78bf3231b620776ffa7eb8a3c799c0fceeb	证据集成/W3/Batch-08-R2/R2/V002/parent-source.json	COPY	SOURCE_METADATA	D020	original bytes
W3-R2-ADAPTIVE-CORE-OWNERSHIP-CHAMPION-X	V002	perf: record adaptive core ownership V002 local result	883eb1616bdcfefb77775f807405427ea8a4ba56	42d4c2469bd508d6200ebb0a4b6756571a24ac4a	503b98cb22ae88798bb6bfca83a46676933f3600	本地实验/ADAPTIVE-CORE-OWNERSHIP-CHAMPION-X/V002/parent.asc	100644	6adb6f586a3c2c4461401efe64d0a64e25cb60c3		EXCLUDE	PARENT_KERNEL_SOURCE	D010	kernel source omitted; source blob id retained
W3-R2-ADAPTIVE-CORE-OWNERSHIP-CHAMPION-X	V002	perf: record adaptive core ownership V002 local result	883eb1616bdcfefb77775f807405427ea8a4ba56	42d4c2469bd508d6200ebb0a4b6756571a24ac4a	503b98cb22ae88798bb6bfca83a46676933f3600	本地实验/ADAPTIVE-CORE-OWNERSHIP-CHAMPION-X/V002/run_server3.sh	100644	563e4f811cc8b304ab6df9bcd8f842d592c3f894		EXCLUDE	BUILD_OR_RUN_SCRIPT		script omitted
W3-R2-ADAPTIVE-CORE-OWNERSHIP-CHAMPION-X	V002	perf: record adaptive core ownership V002 local result	883eb1616bdcfefb77775f807405427ea8a4ba56	42d4c2469bd508d6200ebb0a4b6756571a24ac4a	503b98cb22ae88798bb6bfca83a46676933f3600	本地实验/ADAPTIVE-CORE-OWNERSHIP-CHAMPION-X/V002/submission.asc	100644	94e532be5f2ebdf09dca0c5b28ce3b42b4c5c6bd		EXCLUDE	CANDIDATE_KERNEL_SOURCE	D016	kernel source omitted; source blob id retained
W3-R2-ADAPTIVE-CORE-OWNERSHIP-CHAMPION-X	V002	perf: record adaptive core ownership V002 local result	883eb1616bdcfefb77775f807405427ea8a4ba56	42d4c2469bd508d6200ebb0a4b6756571a24ac4a	503b98cb22ae88798bb6bfca83a46676933f3600	本地实验/ADAPTIVE-CORE-OWNERSHIP-CHAMPION-X/V002/support/build_on_server3.sh	100644	29303641bea57d2ead67e636de405ca75072574c		EXCLUDE	BUILD_OR_RUN_SCRIPT		script omitted
W3-R2-ADAPTIVE-CORE-OWNERSHIP-CHAMPION-X	V002	perf: record adaptive core ownership V002 local result	883eb1616bdcfefb77775f807405427ea8a4ba56	42d4c2469bd508d6200ebb0a4b6756571a24ac4a	503b98cb22ae88798bb6bfca83a46676933f3600	本地实验/ADAPTIVE-CORE-OWNERSHIP-CHAMPION-X/V002/support/candidate_entry.asc	100644	18e027bae25362b967ed9de7161661b7d178b00f		EXCLUDE	CANDIDATE_KERNEL_SOURCE	D003	kernel source omitted; source blob id retained
W3-R2-ADAPTIVE-CORE-OWNERSHIP-CHAMPION-X	V002	perf: record adaptive core ownership V002 local result	883eb1616bdcfefb77775f807405427ea8a4ba56	42d4c2469bd508d6200ebb0a4b6756571a24ac4a	503b98cb22ae88798bb6bfca83a46676933f3600	本地实验/ADAPTIVE-CORE-OWNERSHIP-CHAMPION-X/V002/support/judge_types.hpp	100644	805d14e5125e17ebb48f4cd189640098214b869f		EXCLUDE	C_CPP_SUPPORT_SOURCE	D014	support source omitted; source blob id retained
W3-R2-ADAPTIVE-CORE-OWNERSHIP-CHAMPION-X	V002	perf: record adaptive core ownership V002 local result	883eb1616bdcfefb77775f807405427ea8a4ba56	42d4c2469bd508d6200ebb0a4b6756571a24ac4a	503b98cb22ae88798bb6bfca83a46676933f3600	本地实验/ADAPTIVE-CORE-OWNERSHIP-CHAMPION-X/V002/support/parent_entry.asc	100644	7d992a0cb5ee7975373cd6a081171ea2d0e7a338		EXCLUDE	PARENT_KERNEL_SOURCE	D013	kernel source omitted; source blob id retained
W3-R2-ADAPTIVE-CORE-OWNERSHIP-CHAMPION-X	V002	perf: record adaptive core ownership V002 local result	883eb1616bdcfefb77775f807405427ea8a4ba56	42d4c2469bd508d6200ebb0a4b6756571a24ac4a	503b98cb22ae88798bb6bfca83a46676933f3600	本地实验/ADAPTIVE-CORE-OWNERSHIP-CHAMPION-X/V002/support/probe.cpp	100644	16d0378fefa40db2b84eaba80fb7bdb5cf1d313b		EXCLUDE	C_CPP_SUPPORT_SOURCE	D002	support source omitted; source blob id retained
W3-R2-ADAPTIVE-CORE-OWNERSHIP-CHAMPION-X	V003	exp: record adaptive core ownership V003 local result	c8e3f8311b54bdd0d5c27e6dedb5d1d5b6b9ee54	bacb1e802c8b9686ea2b1a657fc41a73d9c2e886	503b98cb22ae88798bb6bfca83a46676933f3600	本地实验/ADAPTIVE-CORE-OWNERSHIP-CHAMPION-X/V003/CMakeLists.txt	100644	aa4e3b7f2360d8846a6d810c26b5ec829b78a637		EXCLUDE	BUILD_CONFIGURATION		build configuration omitted
W3-R2-ADAPTIVE-CORE-OWNERSHIP-CHAMPION-X	V003	exp: record adaptive core ownership V003 local result	c8e3f8311b54bdd0d5c27e6dedb5d1d5b6b9ee54	bacb1e802c8b9686ea2b1a657fc41a73d9c2e886	503b98cb22ae88798bb6bfca83a46676933f3600	本地实验/ADAPTIVE-CORE-OWNERSHIP-CHAMPION-X/V003/build_server3.sh	100644	6299c2fbeac9bf0a4593e692f7ac2431810b2e40		EXCLUDE	BUILD_OR_RUN_SCRIPT		script omitted
W3-R2-ADAPTIVE-CORE-OWNERSHIP-CHAMPION-X	V003	exp: record adaptive core ownership V003 local result	c8e3f8311b54bdd0d5c27e6dedb5d1d5b6b9ee54	bacb1e802c8b9686ea2b1a657fc41a73d9c2e886	503b98cb22ae88798bb6bfca83a46676933f3600	本地实验/ADAPTIVE-CORE-OWNERSHIP-CHAMPION-X/V003/logs/correctness-current.log	100644	2d53be38fc23d5a0522ad84da47274fa924dad03	证据集成/W3/Batch-08-R2/R2/V003/logs/correctness-current.log	COPY	CORRECTNESS_LOG	D005	original bytes
W3-R2-ADAPTIVE-CORE-OWNERSHIP-CHAMPION-X	V003	exp: record adaptive core ownership V003 local result	c8e3f8311b54bdd0d5c27e6dedb5d1d5b6b9ee54	bacb1e802c8b9686ea2b1a657fc41a73d9c2e886	503b98cb22ae88798bb6bfca83a46676933f3600	本地实验/ADAPTIVE-CORE-OWNERSHIP-CHAMPION-X/V003/logs/local-20261005T061248Z-post-usages.txt	100644	8dd5ffbebd412fc606f71d223eb31402bb6805d0	证据集成/W3/Batch-08-R2/R2/V003/logs/local-20261005T061248Z-post-usages.txt	COPY	LOCAL_CONTEXT_LOG		original bytes
W3-R2-ADAPTIVE-CORE-OWNERSHIP-CHAMPION-X	V003	exp: record adaptive core ownership V003 local result	c8e3f8311b54bdd0d5c27e6dedb5d1d5b6b9ee54	bacb1e802c8b9686ea2b1a657fc41a73d9c2e886	503b98cb22ae88798bb6bfca83a46676933f3600	本地实验/ADAPTIVE-CORE-OWNERSHIP-CHAMPION-X/V003/logs/local-20261005T061248Z-pre-usages.txt	100644	5d781124b8514ad58f4d484ad4c28b73bd3fd70c	证据集成/W3/Batch-08-R2/R2/V003/logs/local-20261005T061248Z-pre-usages.txt	COPY	LOCAL_CONTEXT_LOG		original bytes
W3-R2-ADAPTIVE-CORE-OWNERSHIP-CHAMPION-X	V003	exp: record adaptive core ownership V003 local result	c8e3f8311b54bdd0d5c27e6dedb5d1d5b6b9ee54	bacb1e802c8b9686ea2b1a657fc41a73d9c2e886	503b98cb22ae88798bb6bfca83a46676933f3600	本地实验/ADAPTIVE-CORE-OWNERSHIP-CHAMPION-X/V003/logs/local-20261005T061248Z-raw.tsv	100644	3aa63d6553f55fb0456cee8b646408bf38b2844f	证据集成/W3/Batch-08-R2/R2/V003/logs/local-20261005T061248Z-raw.tsv	COPY	LOCAL_RAW_TABLE		original bytes
W3-R2-ADAPTIVE-CORE-OWNERSHIP-CHAMPION-X	V003	exp: record adaptive core ownership V003 local result	c8e3f8311b54bdd0d5c27e6dedb5d1d5b6b9ee54	bacb1e802c8b9686ea2b1a657fc41a73d9c2e886	503b98cb22ae88798bb6bfca83a46676933f3600	本地实验/ADAPTIVE-CORE-OWNERSHIP-CHAMPION-X/V003/logs/local-20261005T061248Z-runner.log	100644	63dc44f2a2ee336aefdf68ce9eab223c10386530	证据集成/W3/Batch-08-R2/R2/V003/logs/local-20261005T061248Z-runner.log	COPY	LOCAL_RUN_LOG		original bytes
W3-R2-ADAPTIVE-CORE-OWNERSHIP-CHAMPION-X	V003	exp: record adaptive core ownership V003 local result	c8e3f8311b54bdd0d5c27e6dedb5d1d5b6b9ee54	bacb1e802c8b9686ea2b1a657fc41a73d9c2e886	503b98cb22ae88798bb6bfca83a46676933f3600	本地实验/ADAPTIVE-CORE-OWNERSHIP-CHAMPION-X/V003/logs/server3-transfer-compile-20261005T060830Z.log	100644	9ab3a93ef5a443060b8e9311eb6bcde2ddd77a85	证据集成/W3/Batch-08-R2/R2/V003/logs/server3-transfer-compile-20261005T060830Z.log	COPY	COMPILE_LOG	D017	original bytes
W3-R2-ADAPTIVE-CORE-OWNERSHIP-CHAMPION-X	V003	exp: record adaptive core ownership V003 local result	c8e3f8311b54bdd0d5c27e6dedb5d1d5b6b9ee54	bacb1e802c8b9686ea2b1a657fc41a73d9c2e886	503b98cb22ae88798bb6bfca83a46676933f3600	本地实验/ADAPTIVE-CORE-OWNERSHIP-CHAMPION-X/V003/logs/server3-transfer-compile-current.log	100644	9ab3a93ef5a443060b8e9311eb6bcde2ddd77a85	证据集成/W3/Batch-08-R2/R2/V003/logs/server3-transfer-compile-current.log	COPY	COMPILE_LOG	D017	original bytes
W3-R2-ADAPTIVE-CORE-OWNERSHIP-CHAMPION-X	V003	exp: record adaptive core ownership V003 local result	c8e3f8311b54bdd0d5c27e6dedb5d1d5b6b9ee54	bacb1e802c8b9686ea2b1a657fc41a73d9c2e886	503b98cb22ae88798bb6bfca83a46676933f3600	本地实验/ADAPTIVE-CORE-OWNERSHIP-CHAMPION-X/V003/parent-source.json	100644	e5ea5cf114aa9d945a8d7a2cc61d2d85b5d45a2f	证据集成/W3/Batch-08-R2/R2/V003/parent-source.json	COPY	SOURCE_METADATA	D022	original bytes
W3-R2-ADAPTIVE-CORE-OWNERSHIP-CHAMPION-X	V003	exp: record adaptive core ownership V003 local result	c8e3f8311b54bdd0d5c27e6dedb5d1d5b6b9ee54	bacb1e802c8b9686ea2b1a657fc41a73d9c2e886	503b98cb22ae88798bb6bfca83a46676933f3600	本地实验/ADAPTIVE-CORE-OWNERSHIP-CHAMPION-X/V003/parent.asc	100644	94e532be5f2ebdf09dca0c5b28ce3b42b4c5c6bd		EXCLUDE	PARENT_KERNEL_SOURCE	D016	kernel source omitted; source blob id retained
W3-R2-ADAPTIVE-CORE-OWNERSHIP-CHAMPION-X	V003	exp: record adaptive core ownership V003 local result	c8e3f8311b54bdd0d5c27e6dedb5d1d5b6b9ee54	bacb1e802c8b9686ea2b1a657fc41a73d9c2e886	503b98cb22ae88798bb6bfca83a46676933f3600	本地实验/ADAPTIVE-CORE-OWNERSHIP-CHAMPION-X/V003/run_server3.sh	100644	3283882bb3f41c2a1e096d506b58c6fe456642c3		EXCLUDE	BUILD_OR_RUN_SCRIPT		script omitted
W3-R2-ADAPTIVE-CORE-OWNERSHIP-CHAMPION-X	V003	exp: record adaptive core ownership V003 local result	c8e3f8311b54bdd0d5c27e6dedb5d1d5b6b9ee54	bacb1e802c8b9686ea2b1a657fc41a73d9c2e886	503b98cb22ae88798bb6bfca83a46676933f3600	本地实验/ADAPTIVE-CORE-OWNERSHIP-CHAMPION-X/V003/submission.asc	100644	53b19e8f64062b569e4405f0433a1d0bfca5ba96		EXCLUDE	CANDIDATE_KERNEL_SOURCE		kernel source omitted; source blob id retained
W3-R2-ADAPTIVE-CORE-OWNERSHIP-CHAMPION-X	V003	exp: record adaptive core ownership V003 local result	c8e3f8311b54bdd0d5c27e6dedb5d1d5b6b9ee54	bacb1e802c8b9686ea2b1a657fc41a73d9c2e886	503b98cb22ae88798bb6bfca83a46676933f3600	本地实验/ADAPTIVE-CORE-OWNERSHIP-CHAMPION-X/V003/support/build_on_server3.sh	100644	8a344cf60fd7e7b2f18d093efb6343e83ccb59f3		EXCLUDE	BUILD_OR_RUN_SCRIPT		script omitted
W3-R2-ADAPTIVE-CORE-OWNERSHIP-CHAMPION-X	V003	exp: record adaptive core ownership V003 local result	c8e3f8311b54bdd0d5c27e6dedb5d1d5b6b9ee54	bacb1e802c8b9686ea2b1a657fc41a73d9c2e886	503b98cb22ae88798bb6bfca83a46676933f3600	本地实验/ADAPTIVE-CORE-OWNERSHIP-CHAMPION-X/V003/support/candidate_entry.asc	100644	18e027bae25362b967ed9de7161661b7d178b00f		EXCLUDE	CANDIDATE_KERNEL_SOURCE	D003	kernel source omitted; source blob id retained
W3-R2-ADAPTIVE-CORE-OWNERSHIP-CHAMPION-X	V003	exp: record adaptive core ownership V003 local result	c8e3f8311b54bdd0d5c27e6dedb5d1d5b6b9ee54	bacb1e802c8b9686ea2b1a657fc41a73d9c2e886	503b98cb22ae88798bb6bfca83a46676933f3600	本地实验/ADAPTIVE-CORE-OWNERSHIP-CHAMPION-X/V003/support/judge_types.hpp	100644	805d14e5125e17ebb48f4cd189640098214b869f		EXCLUDE	C_CPP_SUPPORT_SOURCE	D014	support source omitted; source blob id retained
W3-R2-ADAPTIVE-CORE-OWNERSHIP-CHAMPION-X	V003	exp: record adaptive core ownership V003 local result	c8e3f8311b54bdd0d5c27e6dedb5d1d5b6b9ee54	bacb1e802c8b9686ea2b1a657fc41a73d9c2e886	503b98cb22ae88798bb6bfca83a46676933f3600	本地实验/ADAPTIVE-CORE-OWNERSHIP-CHAMPION-X/V003/support/parent_entry.asc	100644	7d992a0cb5ee7975373cd6a081171ea2d0e7a338		EXCLUDE	PARENT_KERNEL_SOURCE	D013	kernel source omitted; source blob id retained
W3-R2-ADAPTIVE-CORE-OWNERSHIP-CHAMPION-X	V003	exp: record adaptive core ownership V003 local result	c8e3f8311b54bdd0d5c27e6dedb5d1d5b6b9ee54	bacb1e802c8b9686ea2b1a657fc41a73d9c2e886	503b98cb22ae88798bb6bfca83a46676933f3600	本地实验/ADAPTIVE-CORE-OWNERSHIP-CHAMPION-X/V003/support/probe.cpp	100644	16d0378fefa40db2b84eaba80fb7bdb5cf1d313b		EXCLUDE	C_CPP_SUPPORT_SOURCE	D002	support source omitted; source blob id retained
W3-R2-ADAPTIVE-CORE-OWNERSHIP-CHAMPION-X	V004	exp: record adaptive core ownership V004 local result	75ae577f06ff958eb5f5eb6e67fb112a07354ea3	8c6013cd1bcc644857b841b6d9df524a0adb40f5	503b98cb22ae88798bb6bfca83a46676933f3600	本地实验/ADAPTIVE-CORE-OWNERSHIP-CHAMPION-X/V004/CMakeLists.txt	100644	0d8511b25c4eacc75898ee4da8df03428d74dc1d		EXCLUDE	BUILD_CONFIGURATION		build configuration omitted
W3-R2-ADAPTIVE-CORE-OWNERSHIP-CHAMPION-X	V004	exp: record adaptive core ownership V004 local result	75ae577f06ff958eb5f5eb6e67fb112a07354ea3	8c6013cd1bcc644857b841b6d9df524a0adb40f5	503b98cb22ae88798bb6bfca83a46676933f3600	本地实验/ADAPTIVE-CORE-OWNERSHIP-CHAMPION-X/V004/build_server3.sh	100644	3587991db470bbd64ef2c5b3faccaa4c98dfcd0d		EXCLUDE	BUILD_OR_RUN_SCRIPT		script omitted
W3-R2-ADAPTIVE-CORE-OWNERSHIP-CHAMPION-X	V004	exp: record adaptive core ownership V004 local result	75ae577f06ff958eb5f5eb6e67fb112a07354ea3	8c6013cd1bcc644857b841b6d9df524a0adb40f5	503b98cb22ae88798bb6bfca83a46676933f3600	本地实验/ADAPTIVE-CORE-OWNERSHIP-CHAMPION-X/V004/logs/correctness-current.log	100644	2d53be38fc23d5a0522ad84da47274fa924dad03	证据集成/W3/Batch-08-R2/R2/V004/logs/correctness-current.log	COPY	CORRECTNESS_LOG	D005	original bytes
W3-R2-ADAPTIVE-CORE-OWNERSHIP-CHAMPION-X	V004	exp: record adaptive core ownership V004 local result	75ae577f06ff958eb5f5eb6e67fb112a07354ea3	8c6013cd1bcc644857b841b6d9df524a0adb40f5	503b98cb22ae88798bb6bfca83a46676933f3600	本地实验/ADAPTIVE-CORE-OWNERSHIP-CHAMPION-X/V004/logs/local-20261005T064225Z-post-usages.txt	100644	32c0a7f24572c80d82f60d380e60f37b48ddb75a	证据集成/W3/Batch-08-R2/R2/V004/logs/local-20261005T064225Z-post-usages.txt	COPY	LOCAL_CONTEXT_LOG		original bytes
W3-R2-ADAPTIVE-CORE-OWNERSHIP-CHAMPION-X	V004	exp: record adaptive core ownership V004 local result	75ae577f06ff958eb5f5eb6e67fb112a07354ea3	8c6013cd1bcc644857b841b6d9df524a0adb40f5	503b98cb22ae88798bb6bfca83a46676933f3600	本地实验/ADAPTIVE-CORE-OWNERSHIP-CHAMPION-X/V004/logs/local-20261005T064225Z-pre-usages.txt	100644	c47f5f1784d49105c5d07a3e6b28c0825d6e306b	证据集成/W3/Batch-08-R2/R2/V004/logs/local-20261005T064225Z-pre-usages.txt	COPY	LOCAL_CONTEXT_LOG		original bytes
W3-R2-ADAPTIVE-CORE-OWNERSHIP-CHAMPION-X	V004	exp: record adaptive core ownership V004 local result	75ae577f06ff958eb5f5eb6e67fb112a07354ea3	8c6013cd1bcc644857b841b6d9df524a0adb40f5	503b98cb22ae88798bb6bfca83a46676933f3600	本地实验/ADAPTIVE-CORE-OWNERSHIP-CHAMPION-X/V004/logs/local-20261005T064225Z-raw.tsv	100644	b5c5aee4d27938d7d88350df406888acb3373fce	证据集成/W3/Batch-08-R2/R2/V004/logs/local-20261005T064225Z-raw.tsv	COPY	LOCAL_RAW_TABLE		original bytes
W3-R2-ADAPTIVE-CORE-OWNERSHIP-CHAMPION-X	V004	exp: record adaptive core ownership V004 local result	75ae577f06ff958eb5f5eb6e67fb112a07354ea3	8c6013cd1bcc644857b841b6d9df524a0adb40f5	503b98cb22ae88798bb6bfca83a46676933f3600	本地实验/ADAPTIVE-CORE-OWNERSHIP-CHAMPION-X/V004/logs/local-20261005T064225Z-runner.log	100644	27b64ed2ab720a367a7985c7363a1baaa6dd26be	证据集成/W3/Batch-08-R2/R2/V004/logs/local-20261005T064225Z-runner.log	COPY	LOCAL_RUN_LOG		original bytes
W3-R2-ADAPTIVE-CORE-OWNERSHIP-CHAMPION-X	V004	exp: record adaptive core ownership V004 local result	75ae577f06ff958eb5f5eb6e67fb112a07354ea3	8c6013cd1bcc644857b841b6d9df524a0adb40f5	503b98cb22ae88798bb6bfca83a46676933f3600	本地实验/ADAPTIVE-CORE-OWNERSHIP-CHAMPION-X/V004/logs/server3-transfer-compile-20261005T063730Z.log	100644	4acb7825b836dae45cdf3397a8329d19c8dc717a	证据集成/W3/Batch-08-R2/R2/V004/logs/server3-transfer-compile-20261005T063730Z.log	COPY	COMPILE_LOG	D009	original bytes
W3-R2-ADAPTIVE-CORE-OWNERSHIP-CHAMPION-X	V004	exp: record adaptive core ownership V004 local result	75ae577f06ff958eb5f5eb6e67fb112a07354ea3	8c6013cd1bcc644857b841b6d9df524a0adb40f5	503b98cb22ae88798bb6bfca83a46676933f3600	本地实验/ADAPTIVE-CORE-OWNERSHIP-CHAMPION-X/V004/logs/server3-transfer-compile-current.log	100644	4acb7825b836dae45cdf3397a8329d19c8dc717a	证据集成/W3/Batch-08-R2/R2/V004/logs/server3-transfer-compile-current.log	COPY	COMPILE_LOG	D009	original bytes
W3-R2-ADAPTIVE-CORE-OWNERSHIP-CHAMPION-X	V004	exp: record adaptive core ownership V004 local result	75ae577f06ff958eb5f5eb6e67fb112a07354ea3	8c6013cd1bcc644857b841b6d9df524a0adb40f5	503b98cb22ae88798bb6bfca83a46676933f3600	本地实验/ADAPTIVE-CORE-OWNERSHIP-CHAMPION-X/V004/parent-source.json	100644	e5ea5cf114aa9d945a8d7a2cc61d2d85b5d45a2f	证据集成/W3/Batch-08-R2/R2/V004/parent-source.json	COPY	SOURCE_METADATA	D022	original bytes
W3-R2-ADAPTIVE-CORE-OWNERSHIP-CHAMPION-X	V004	exp: record adaptive core ownership V004 local result	75ae577f06ff958eb5f5eb6e67fb112a07354ea3	8c6013cd1bcc644857b841b6d9df524a0adb40f5	503b98cb22ae88798bb6bfca83a46676933f3600	本地实验/ADAPTIVE-CORE-OWNERSHIP-CHAMPION-X/V004/parent.asc	100644	94e532be5f2ebdf09dca0c5b28ce3b42b4c5c6bd		EXCLUDE	PARENT_KERNEL_SOURCE	D016	kernel source omitted; source blob id retained
W3-R2-ADAPTIVE-CORE-OWNERSHIP-CHAMPION-X	V004	exp: record adaptive core ownership V004 local result	75ae577f06ff958eb5f5eb6e67fb112a07354ea3	8c6013cd1bcc644857b841b6d9df524a0adb40f5	503b98cb22ae88798bb6bfca83a46676933f3600	本地实验/ADAPTIVE-CORE-OWNERSHIP-CHAMPION-X/V004/run_server3.sh	100644	c9034099d217d24d7120f0cf0eff9465d0223732		EXCLUDE	BUILD_OR_RUN_SCRIPT		script omitted
W3-R2-ADAPTIVE-CORE-OWNERSHIP-CHAMPION-X	V004	exp: record adaptive core ownership V004 local result	75ae577f06ff958eb5f5eb6e67fb112a07354ea3	8c6013cd1bcc644857b841b6d9df524a0adb40f5	503b98cb22ae88798bb6bfca83a46676933f3600	本地实验/ADAPTIVE-CORE-OWNERSHIP-CHAMPION-X/V004/submission.asc	100644	b287292d5278a0f679db1653dde211fdc6a12b72		EXCLUDE	CANDIDATE_KERNEL_SOURCE		kernel source omitted; source blob id retained
W3-R2-ADAPTIVE-CORE-OWNERSHIP-CHAMPION-X	V004	exp: record adaptive core ownership V004 local result	75ae577f06ff958eb5f5eb6e67fb112a07354ea3	8c6013cd1bcc644857b841b6d9df524a0adb40f5	503b98cb22ae88798bb6bfca83a46676933f3600	本地实验/ADAPTIVE-CORE-OWNERSHIP-CHAMPION-X/V004/support/build_on_server3.sh	100644	ce23cb96d83756d3b15a9d9faa11f176c0d9e2aa		EXCLUDE	BUILD_OR_RUN_SCRIPT		script omitted
W3-R2-ADAPTIVE-CORE-OWNERSHIP-CHAMPION-X	V004	exp: record adaptive core ownership V004 local result	75ae577f06ff958eb5f5eb6e67fb112a07354ea3	8c6013cd1bcc644857b841b6d9df524a0adb40f5	503b98cb22ae88798bb6bfca83a46676933f3600	本地实验/ADAPTIVE-CORE-OWNERSHIP-CHAMPION-X/V004/support/candidate_entry.asc	100644	18e027bae25362b967ed9de7161661b7d178b00f		EXCLUDE	CANDIDATE_KERNEL_SOURCE	D003	kernel source omitted; source blob id retained
W3-R2-ADAPTIVE-CORE-OWNERSHIP-CHAMPION-X	V004	exp: record adaptive core ownership V004 local result	75ae577f06ff958eb5f5eb6e67fb112a07354ea3	8c6013cd1bcc644857b841b6d9df524a0adb40f5	503b98cb22ae88798bb6bfca83a46676933f3600	本地实验/ADAPTIVE-CORE-OWNERSHIP-CHAMPION-X/V004/support/judge_types.hpp	100644	805d14e5125e17ebb48f4cd189640098214b869f		EXCLUDE	C_CPP_SUPPORT_SOURCE	D014	support source omitted; source blob id retained
W3-R2-ADAPTIVE-CORE-OWNERSHIP-CHAMPION-X	V004	exp: record adaptive core ownership V004 local result	75ae577f06ff958eb5f5eb6e67fb112a07354ea3	8c6013cd1bcc644857b841b6d9df524a0adb40f5	503b98cb22ae88798bb6bfca83a46676933f3600	本地实验/ADAPTIVE-CORE-OWNERSHIP-CHAMPION-X/V004/support/parent_entry.asc	100644	7d992a0cb5ee7975373cd6a081171ea2d0e7a338		EXCLUDE	PARENT_KERNEL_SOURCE	D013	kernel source omitted; source blob id retained
W3-R2-ADAPTIVE-CORE-OWNERSHIP-CHAMPION-X	V004	exp: record adaptive core ownership V004 local result	75ae577f06ff958eb5f5eb6e67fb112a07354ea3	8c6013cd1bcc644857b841b6d9df524a0adb40f5	503b98cb22ae88798bb6bfca83a46676933f3600	本地实验/ADAPTIVE-CORE-OWNERSHIP-CHAMPION-X/V004/support/probe.cpp	100644	16d0378fefa40db2b84eaba80fb7bdb5cf1d313b		EXCLUDE	C_CPP_SUPPORT_SOURCE	D002	support source omitted; source blob id retained
W3-R2-ADAPTIVE-CORE-OWNERSHIP-CHAMPION-X	V005	exp: record adaptive core ownership V005 local result	0bc922e0869c8f92c232ac9ed051bf014064cdb1	ca9dcee2f96e44d2861790e76dc686abda69eb93	503b98cb22ae88798bb6bfca83a46676933f3600	本地实验/ADAPTIVE-CORE-OWNERSHIP-CHAMPION-X/V005/CMakeLists.txt	100644	562a5b6a3d31a323cf28f84f8984855fd463ce20		EXCLUDE	BUILD_CONFIGURATION		build configuration omitted
W3-R2-ADAPTIVE-CORE-OWNERSHIP-CHAMPION-X	V005	exp: record adaptive core ownership V005 local result	0bc922e0869c8f92c232ac9ed051bf014064cdb1	ca9dcee2f96e44d2861790e76dc686abda69eb93	503b98cb22ae88798bb6bfca83a46676933f3600	本地实验/ADAPTIVE-CORE-OWNERSHIP-CHAMPION-X/V005/build_server3.sh	100644	37805da90752f75d8aefe5800efeb523908de286		EXCLUDE	BUILD_OR_RUN_SCRIPT		script omitted
W3-R2-ADAPTIVE-CORE-OWNERSHIP-CHAMPION-X	V005	exp: record adaptive core ownership V005 local result	0bc922e0869c8f92c232ac9ed051bf014064cdb1	ca9dcee2f96e44d2861790e76dc686abda69eb93	503b98cb22ae88798bb6bfca83a46676933f3600	本地实验/ADAPTIVE-CORE-OWNERSHIP-CHAMPION-X/V005/logs/correctness-current.log	100644	2d53be38fc23d5a0522ad84da47274fa924dad03	证据集成/W3/Batch-08-R2/R2/V005/logs/correctness-current.log	COPY	CORRECTNESS_LOG	D005	original bytes
W3-R2-ADAPTIVE-CORE-OWNERSHIP-CHAMPION-X	V005	exp: record adaptive core ownership V005 local result	0bc922e0869c8f92c232ac9ed051bf014064cdb1	ca9dcee2f96e44d2861790e76dc686abda69eb93	503b98cb22ae88798bb6bfca83a46676933f3600	本地实验/ADAPTIVE-CORE-OWNERSHIP-CHAMPION-X/V005/logs/local-20261005T070815Z-post-usages.txt	100644	4587fbe3770df234f16ee1b29a8cec418e12cc3c	证据集成/W3/Batch-08-R2/R2/V005/logs/local-20261005T070815Z-post-usages.txt	COPY	LOCAL_CONTEXT_LOG		original bytes
W3-R2-ADAPTIVE-CORE-OWNERSHIP-CHAMPION-X	V005	exp: record adaptive core ownership V005 local result	0bc922e0869c8f92c232ac9ed051bf014064cdb1	ca9dcee2f96e44d2861790e76dc686abda69eb93	503b98cb22ae88798bb6bfca83a46676933f3600	本地实验/ADAPTIVE-CORE-OWNERSHIP-CHAMPION-X/V005/logs/local-20261005T070815Z-pre-usages.txt	100644	5c269b993a269531b49c4c04fdd1a89d5816485b	证据集成/W3/Batch-08-R2/R2/V005/logs/local-20261005T070815Z-pre-usages.txt	COPY	LOCAL_CONTEXT_LOG		original bytes
W3-R2-ADAPTIVE-CORE-OWNERSHIP-CHAMPION-X	V005	exp: record adaptive core ownership V005 local result	0bc922e0869c8f92c232ac9ed051bf014064cdb1	ca9dcee2f96e44d2861790e76dc686abda69eb93	503b98cb22ae88798bb6bfca83a46676933f3600	本地实验/ADAPTIVE-CORE-OWNERSHIP-CHAMPION-X/V005/logs/local-20261005T070815Z-raw.tsv	100644	45437d77b8b489d7eb7533205adb43dcb2f741cd	证据集成/W3/Batch-08-R2/R2/V005/logs/local-20261005T070815Z-raw.tsv	COPY	LOCAL_RAW_TABLE		original bytes
W3-R2-ADAPTIVE-CORE-OWNERSHIP-CHAMPION-X	V005	exp: record adaptive core ownership V005 local result	0bc922e0869c8f92c232ac9ed051bf014064cdb1	ca9dcee2f96e44d2861790e76dc686abda69eb93	503b98cb22ae88798bb6bfca83a46676933f3600	本地实验/ADAPTIVE-CORE-OWNERSHIP-CHAMPION-X/V005/logs/local-20261005T070815Z-runner.log	100644	c3a4992d2e5836c3b77bfb34e95ce018357ecb48	证据集成/W3/Batch-08-R2/R2/V005/logs/local-20261005T070815Z-runner.log	COPY	LOCAL_RUN_LOG		original bytes
W3-R2-ADAPTIVE-CORE-OWNERSHIP-CHAMPION-X	V005	exp: record adaptive core ownership V005 local result	0bc922e0869c8f92c232ac9ed051bf014064cdb1	ca9dcee2f96e44d2861790e76dc686abda69eb93	503b98cb22ae88798bb6bfca83a46676933f3600	本地实验/ADAPTIVE-CORE-OWNERSHIP-CHAMPION-X/V005/logs/server3-transfer-compile-20261005T070332Z.log	100644	3699f4e6e2b50f65edf027d89351866f5be4075b	证据集成/W3/Batch-08-R2/R2/V005/logs/server3-transfer-compile-20261005T070332Z.log	COPY	COMPILE_LOG	D006	original bytes
W3-R2-ADAPTIVE-CORE-OWNERSHIP-CHAMPION-X	V005	exp: record adaptive core ownership V005 local result	0bc922e0869c8f92c232ac9ed051bf014064cdb1	ca9dcee2f96e44d2861790e76dc686abda69eb93	503b98cb22ae88798bb6bfca83a46676933f3600	本地实验/ADAPTIVE-CORE-OWNERSHIP-CHAMPION-X/V005/logs/server3-transfer-compile-current.log	100644	3699f4e6e2b50f65edf027d89351866f5be4075b	证据集成/W3/Batch-08-R2/R2/V005/logs/server3-transfer-compile-current.log	COPY	COMPILE_LOG	D006	original bytes
W3-R2-ADAPTIVE-CORE-OWNERSHIP-CHAMPION-X	V005	exp: record adaptive core ownership V005 local result	0bc922e0869c8f92c232ac9ed051bf014064cdb1	ca9dcee2f96e44d2861790e76dc686abda69eb93	503b98cb22ae88798bb6bfca83a46676933f3600	本地实验/ADAPTIVE-CORE-OWNERSHIP-CHAMPION-X/V005/parent-source.json	100644	e5ea5cf114aa9d945a8d7a2cc61d2d85b5d45a2f	证据集成/W3/Batch-08-R2/R2/V005/parent-source.json	COPY	SOURCE_METADATA	D022	original bytes
W3-R2-ADAPTIVE-CORE-OWNERSHIP-CHAMPION-X	V005	exp: record adaptive core ownership V005 local result	0bc922e0869c8f92c232ac9ed051bf014064cdb1	ca9dcee2f96e44d2861790e76dc686abda69eb93	503b98cb22ae88798bb6bfca83a46676933f3600	本地实验/ADAPTIVE-CORE-OWNERSHIP-CHAMPION-X/V005/parent.asc	100644	94e532be5f2ebdf09dca0c5b28ce3b42b4c5c6bd		EXCLUDE	PARENT_KERNEL_SOURCE	D016	kernel source omitted; source blob id retained
W3-R2-ADAPTIVE-CORE-OWNERSHIP-CHAMPION-X	V005	exp: record adaptive core ownership V005 local result	0bc922e0869c8f92c232ac9ed051bf014064cdb1	ca9dcee2f96e44d2861790e76dc686abda69eb93	503b98cb22ae88798bb6bfca83a46676933f3600	本地实验/ADAPTIVE-CORE-OWNERSHIP-CHAMPION-X/V005/run_server3.sh	100644	f23da31f21750b6fbca0bf36b5bae640100e712a		EXCLUDE	BUILD_OR_RUN_SCRIPT		script omitted
W3-R2-ADAPTIVE-CORE-OWNERSHIP-CHAMPION-X	V005	exp: record adaptive core ownership V005 local result	0bc922e0869c8f92c232ac9ed051bf014064cdb1	ca9dcee2f96e44d2861790e76dc686abda69eb93	503b98cb22ae88798bb6bfca83a46676933f3600	本地实验/ADAPTIVE-CORE-OWNERSHIP-CHAMPION-X/V005/submission.asc	100644	b5dc9772cbfcfe8e95fc58f6a6b678e1e5e62c98		EXCLUDE	CANDIDATE_KERNEL_SOURCE		kernel source omitted; source blob id retained
W3-R2-ADAPTIVE-CORE-OWNERSHIP-CHAMPION-X	V005	exp: record adaptive core ownership V005 local result	0bc922e0869c8f92c232ac9ed051bf014064cdb1	ca9dcee2f96e44d2861790e76dc686abda69eb93	503b98cb22ae88798bb6bfca83a46676933f3600	本地实验/ADAPTIVE-CORE-OWNERSHIP-CHAMPION-X/V005/support/build_on_server3.sh	100644	58e8c8d8a9815e329178653908e054dd06d0eee4		EXCLUDE	BUILD_OR_RUN_SCRIPT		script omitted
W3-R2-ADAPTIVE-CORE-OWNERSHIP-CHAMPION-X	V005	exp: record adaptive core ownership V005 local result	0bc922e0869c8f92c232ac9ed051bf014064cdb1	ca9dcee2f96e44d2861790e76dc686abda69eb93	503b98cb22ae88798bb6bfca83a46676933f3600	本地实验/ADAPTIVE-CORE-OWNERSHIP-CHAMPION-X/V005/support/candidate_entry.asc	100644	18e027bae25362b967ed9de7161661b7d178b00f		EXCLUDE	CANDIDATE_KERNEL_SOURCE	D003	kernel source omitted; source blob id retained
W3-R2-ADAPTIVE-CORE-OWNERSHIP-CHAMPION-X	V005	exp: record adaptive core ownership V005 local result	0bc922e0869c8f92c232ac9ed051bf014064cdb1	ca9dcee2f96e44d2861790e76dc686abda69eb93	503b98cb22ae88798bb6bfca83a46676933f3600	本地实验/ADAPTIVE-CORE-OWNERSHIP-CHAMPION-X/V005/support/judge_types.hpp	100644	805d14e5125e17ebb48f4cd189640098214b869f		EXCLUDE	C_CPP_SUPPORT_SOURCE	D014	support source omitted; source blob id retained
W3-R2-ADAPTIVE-CORE-OWNERSHIP-CHAMPION-X	V005	exp: record adaptive core ownership V005 local result	0bc922e0869c8f92c232ac9ed051bf014064cdb1	ca9dcee2f96e44d2861790e76dc686abda69eb93	503b98cb22ae88798bb6bfca83a46676933f3600	本地实验/ADAPTIVE-CORE-OWNERSHIP-CHAMPION-X/V005/support/parent_entry.asc	100644	7d992a0cb5ee7975373cd6a081171ea2d0e7a338		EXCLUDE	PARENT_KERNEL_SOURCE	D013	kernel source omitted; source blob id retained
W3-R2-ADAPTIVE-CORE-OWNERSHIP-CHAMPION-X	V005	exp: record adaptive core ownership V005 local result	0bc922e0869c8f92c232ac9ed051bf014064cdb1	ca9dcee2f96e44d2861790e76dc686abda69eb93	503b98cb22ae88798bb6bfca83a46676933f3600	本地实验/ADAPTIVE-CORE-OWNERSHIP-CHAMPION-X/V005/support/probe.cpp	100644	16d0378fefa40db2b84eaba80fb7bdb5cf1d313b		EXCLUDE	C_CPP_SUPPORT_SOURCE	D002	support source omitted; source blob id retained
W3-R2-ADAPTIVE-CORE-OWNERSHIP-CHAMPION-X	V006	exp: record adaptive core ownership V006 local result	827fa274fb1105b35ba89a67df22264eaad524f7	fbea4cd0a188a46712f4a18e54970343b3f27ed8	503b98cb22ae88798bb6bfca83a46676933f3600	本地实验/ADAPTIVE-CORE-OWNERSHIP-CHAMPION-X/V006/CMakeLists.txt	100644	7cded71e203067760bc695b4ebcfd415f7264bdf		EXCLUDE	BUILD_CONFIGURATION		build configuration omitted
W3-R2-ADAPTIVE-CORE-OWNERSHIP-CHAMPION-X	V006	exp: record adaptive core ownership V006 local result	827fa274fb1105b35ba89a67df22264eaad524f7	fbea4cd0a188a46712f4a18e54970343b3f27ed8	503b98cb22ae88798bb6bfca83a46676933f3600	本地实验/ADAPTIVE-CORE-OWNERSHIP-CHAMPION-X/V006/build_server3.sh	100644	dcc4deab80abdbb9c1f433d0e6c117742cb0721c		EXCLUDE	BUILD_OR_RUN_SCRIPT		script omitted
W3-R2-ADAPTIVE-CORE-OWNERSHIP-CHAMPION-X	V006	exp: record adaptive core ownership V006 local result	827fa274fb1105b35ba89a67df22264eaad524f7	fbea4cd0a188a46712f4a18e54970343b3f27ed8	503b98cb22ae88798bb6bfca83a46676933f3600	本地实验/ADAPTIVE-CORE-OWNERSHIP-CHAMPION-X/V006/logs/correctness-current.log	100644	2d53be38fc23d5a0522ad84da47274fa924dad03	证据集成/W3/Batch-08-R2/R2/V006/logs/correctness-current.log	COPY	CORRECTNESS_LOG	D005	original bytes
W3-R2-ADAPTIVE-CORE-OWNERSHIP-CHAMPION-X	V006	exp: record adaptive core ownership V006 local result	827fa274fb1105b35ba89a67df22264eaad524f7	fbea4cd0a188a46712f4a18e54970343b3f27ed8	503b98cb22ae88798bb6bfca83a46676933f3600	本地实验/ADAPTIVE-CORE-OWNERSHIP-CHAMPION-X/V006/logs/local-20261005T074856Z-post-usages.txt	100644	7cafc963f5661323b7545f8e2b86004358292547	证据集成/W3/Batch-08-R2/R2/V006/logs/local-20261005T074856Z-post-usages.txt	COPY	LOCAL_CONTEXT_LOG		original bytes
W3-R2-ADAPTIVE-CORE-OWNERSHIP-CHAMPION-X	V006	exp: record adaptive core ownership V006 local result	827fa274fb1105b35ba89a67df22264eaad524f7	fbea4cd0a188a46712f4a18e54970343b3f27ed8	503b98cb22ae88798bb6bfca83a46676933f3600	本地实验/ADAPTIVE-CORE-OWNERSHIP-CHAMPION-X/V006/logs/local-20261005T074856Z-pre-usages.txt	100644	b5f929ded594b0fd3bb77e947937f8bb7650788d	证据集成/W3/Batch-08-R2/R2/V006/logs/local-20261005T074856Z-pre-usages.txt	COPY	LOCAL_CONTEXT_LOG		original bytes
W3-R2-ADAPTIVE-CORE-OWNERSHIP-CHAMPION-X	V006	exp: record adaptive core ownership V006 local result	827fa274fb1105b35ba89a67df22264eaad524f7	fbea4cd0a188a46712f4a18e54970343b3f27ed8	503b98cb22ae88798bb6bfca83a46676933f3600	本地实验/ADAPTIVE-CORE-OWNERSHIP-CHAMPION-X/V006/logs/local-20261005T074856Z-raw.tsv	100644	0d2e828c3d791f6be3f0413357ca1625628fa21f	证据集成/W3/Batch-08-R2/R2/V006/logs/local-20261005T074856Z-raw.tsv	COPY	LOCAL_RAW_TABLE		original bytes
W3-R2-ADAPTIVE-CORE-OWNERSHIP-CHAMPION-X	V006	exp: record adaptive core ownership V006 local result	827fa274fb1105b35ba89a67df22264eaad524f7	fbea4cd0a188a46712f4a18e54970343b3f27ed8	503b98cb22ae88798bb6bfca83a46676933f3600	本地实验/ADAPTIVE-CORE-OWNERSHIP-CHAMPION-X/V006/logs/local-20261005T074856Z-runner.log	100644	2a2efcef7e7c90b2be746c9768744c47d4353501	证据集成/W3/Batch-08-R2/R2/V006/logs/local-20261005T074856Z-runner.log	COPY	LOCAL_RUN_LOG		original bytes
W3-R2-ADAPTIVE-CORE-OWNERSHIP-CHAMPION-X	V006	exp: record adaptive core ownership V006 local result	827fa274fb1105b35ba89a67df22264eaad524f7	fbea4cd0a188a46712f4a18e54970343b3f27ed8	503b98cb22ae88798bb6bfca83a46676933f3600	本地实验/ADAPTIVE-CORE-OWNERSHIP-CHAMPION-X/V006/logs/server3-transfer-compile-20261005T074451Z.log	100644	0f1142dbaeba3a7828f09ca7d852b0fa107f7306	证据集成/W3/Batch-08-R2/R2/V006/logs/server3-transfer-compile-20261005T074451Z.log	COPY	COMPILE_LOG	D001	original bytes
W3-R2-ADAPTIVE-CORE-OWNERSHIP-CHAMPION-X	V006	exp: record adaptive core ownership V006 local result	827fa274fb1105b35ba89a67df22264eaad524f7	fbea4cd0a188a46712f4a18e54970343b3f27ed8	503b98cb22ae88798bb6bfca83a46676933f3600	本地实验/ADAPTIVE-CORE-OWNERSHIP-CHAMPION-X/V006/logs/server3-transfer-compile-current.log	100644	0f1142dbaeba3a7828f09ca7d852b0fa107f7306	证据集成/W3/Batch-08-R2/R2/V006/logs/server3-transfer-compile-current.log	COPY	COMPILE_LOG	D001	original bytes
W3-R2-ADAPTIVE-CORE-OWNERSHIP-CHAMPION-X	V006	exp: record adaptive core ownership V006 local result	827fa274fb1105b35ba89a67df22264eaad524f7	fbea4cd0a188a46712f4a18e54970343b3f27ed8	503b98cb22ae88798bb6bfca83a46676933f3600	本地实验/ADAPTIVE-CORE-OWNERSHIP-CHAMPION-X/V006/parent-source.json	100644	e5ea5cf114aa9d945a8d7a2cc61d2d85b5d45a2f	证据集成/W3/Batch-08-R2/R2/V006/parent-source.json	COPY	SOURCE_METADATA	D022	original bytes
W3-R2-ADAPTIVE-CORE-OWNERSHIP-CHAMPION-X	V006	exp: record adaptive core ownership V006 local result	827fa274fb1105b35ba89a67df22264eaad524f7	fbea4cd0a188a46712f4a18e54970343b3f27ed8	503b98cb22ae88798bb6bfca83a46676933f3600	本地实验/ADAPTIVE-CORE-OWNERSHIP-CHAMPION-X/V006/parent.asc	100644	94e532be5f2ebdf09dca0c5b28ce3b42b4c5c6bd		EXCLUDE	PARENT_KERNEL_SOURCE	D016	kernel source omitted; source blob id retained
W3-R2-ADAPTIVE-CORE-OWNERSHIP-CHAMPION-X	V006	exp: record adaptive core ownership V006 local result	827fa274fb1105b35ba89a67df22264eaad524f7	fbea4cd0a188a46712f4a18e54970343b3f27ed8	503b98cb22ae88798bb6bfca83a46676933f3600	本地实验/ADAPTIVE-CORE-OWNERSHIP-CHAMPION-X/V006/run_server3.sh	100644	e8c6430d2afcd26b747f464f41a2c0599b324cb3		EXCLUDE	BUILD_OR_RUN_SCRIPT		script omitted
W3-R2-ADAPTIVE-CORE-OWNERSHIP-CHAMPION-X	V006	exp: record adaptive core ownership V006 local result	827fa274fb1105b35ba89a67df22264eaad524f7	fbea4cd0a188a46712f4a18e54970343b3f27ed8	503b98cb22ae88798bb6bfca83a46676933f3600	本地实验/ADAPTIVE-CORE-OWNERSHIP-CHAMPION-X/V006/submission.asc	100644	5d7ec654feee7c41385e238bfbf90893ed6f3088		EXCLUDE	CANDIDATE_KERNEL_SOURCE		kernel source omitted; source blob id retained
W3-R2-ADAPTIVE-CORE-OWNERSHIP-CHAMPION-X	V006	exp: record adaptive core ownership V006 local result	827fa274fb1105b35ba89a67df22264eaad524f7	fbea4cd0a188a46712f4a18e54970343b3f27ed8	503b98cb22ae88798bb6bfca83a46676933f3600	本地实验/ADAPTIVE-CORE-OWNERSHIP-CHAMPION-X/V006/support/build_on_server3.sh	100644	52afdcf9199c5fbcc101d8c7acd8ddbe3b3b82f2		EXCLUDE	BUILD_OR_RUN_SCRIPT		script omitted
W3-R2-ADAPTIVE-CORE-OWNERSHIP-CHAMPION-X	V006	exp: record adaptive core ownership V006 local result	827fa274fb1105b35ba89a67df22264eaad524f7	fbea4cd0a188a46712f4a18e54970343b3f27ed8	503b98cb22ae88798bb6bfca83a46676933f3600	本地实验/ADAPTIVE-CORE-OWNERSHIP-CHAMPION-X/V006/support/candidate_entry.asc	100644	18e027bae25362b967ed9de7161661b7d178b00f		EXCLUDE	CANDIDATE_KERNEL_SOURCE	D003	kernel source omitted; source blob id retained
W3-R2-ADAPTIVE-CORE-OWNERSHIP-CHAMPION-X	V006	exp: record adaptive core ownership V006 local result	827fa274fb1105b35ba89a67df22264eaad524f7	fbea4cd0a188a46712f4a18e54970343b3f27ed8	503b98cb22ae88798bb6bfca83a46676933f3600	本地实验/ADAPTIVE-CORE-OWNERSHIP-CHAMPION-X/V006/support/judge_types.hpp	100644	805d14e5125e17ebb48f4cd189640098214b869f		EXCLUDE	C_CPP_SUPPORT_SOURCE	D014	support source omitted; source blob id retained
W3-R2-ADAPTIVE-CORE-OWNERSHIP-CHAMPION-X	V006	exp: record adaptive core ownership V006 local result	827fa274fb1105b35ba89a67df22264eaad524f7	fbea4cd0a188a46712f4a18e54970343b3f27ed8	503b98cb22ae88798bb6bfca83a46676933f3600	本地实验/ADAPTIVE-CORE-OWNERSHIP-CHAMPION-X/V006/support/parent_entry.asc	100644	7d992a0cb5ee7975373cd6a081171ea2d0e7a338		EXCLUDE	PARENT_KERNEL_SOURCE	D013	kernel source omitted; source blob id retained
W3-R2-ADAPTIVE-CORE-OWNERSHIP-CHAMPION-X	V006	exp: record adaptive core ownership V006 local result	827fa274fb1105b35ba89a67df22264eaad524f7	fbea4cd0a188a46712f4a18e54970343b3f27ed8	503b98cb22ae88798bb6bfca83a46676933f3600	本地实验/ADAPTIVE-CORE-OWNERSHIP-CHAMPION-X/V006/support/probe.cpp	100644	16d0378fefa40db2b84eaba80fb7bdb5cf1d313b		EXCLUDE	C_CPP_SUPPORT_SOURCE	D002	support source omitted; source blob id retained
W3-R2-ADAPTIVE-CORE-OWNERSHIP-CHAMPION-X	V007	exp: record adaptive core ownership V007 local result	f9ab43b30d26713ca045268e0e9f7bf3a67e67b8	b34d1eb95845d98ea581c7c55d7de7dd46b5c038	503b98cb22ae88798bb6bfca83a46676933f3600	本地实验/ADAPTIVE-CORE-OWNERSHIP-CHAMPION-X/V007/CMakeLists.txt	100644	ed20c06f60eb53f0545ec38d4164407e75702dfd		EXCLUDE	BUILD_CONFIGURATION		build configuration omitted
W3-R2-ADAPTIVE-CORE-OWNERSHIP-CHAMPION-X	V007	exp: record adaptive core ownership V007 local result	f9ab43b30d26713ca045268e0e9f7bf3a67e67b8	b34d1eb95845d98ea581c7c55d7de7dd46b5c038	503b98cb22ae88798bb6bfca83a46676933f3600	本地实验/ADAPTIVE-CORE-OWNERSHIP-CHAMPION-X/V007/build_server3.sh	100644	9d4154bb797b8a58c98312eaca9d9eac7936530b		EXCLUDE	BUILD_OR_RUN_SCRIPT		script omitted
W3-R2-ADAPTIVE-CORE-OWNERSHIP-CHAMPION-X	V007	exp: record adaptive core ownership V007 local result	f9ab43b30d26713ca045268e0e9f7bf3a67e67b8	b34d1eb95845d98ea581c7c55d7de7dd46b5c038	503b98cb22ae88798bb6bfca83a46676933f3600	本地实验/ADAPTIVE-CORE-OWNERSHIP-CHAMPION-X/V007/logs/correctness-current.log	100644	2d53be38fc23d5a0522ad84da47274fa924dad03	证据集成/W3/Batch-08-R2/R2/V007/logs/correctness-current.log	COPY	CORRECTNESS_LOG	D005	original bytes
W3-R2-ADAPTIVE-CORE-OWNERSHIP-CHAMPION-X	V007	exp: record adaptive core ownership V007 local result	f9ab43b30d26713ca045268e0e9f7bf3a67e67b8	b34d1eb95845d98ea581c7c55d7de7dd46b5c038	503b98cb22ae88798bb6bfca83a46676933f3600	本地实验/ADAPTIVE-CORE-OWNERSHIP-CHAMPION-X/V007/logs/local-20261005T080532Z-post-usages.txt	100644	60a3b3838015c4befb043ae1becacec340d6c7b6	证据集成/W3/Batch-08-R2/R2/V007/logs/local-20261005T080532Z-post-usages.txt	COPY	LOCAL_CONTEXT_LOG		original bytes
W3-R2-ADAPTIVE-CORE-OWNERSHIP-CHAMPION-X	V007	exp: record adaptive core ownership V007 local result	f9ab43b30d26713ca045268e0e9f7bf3a67e67b8	b34d1eb95845d98ea581c7c55d7de7dd46b5c038	503b98cb22ae88798bb6bfca83a46676933f3600	本地实验/ADAPTIVE-CORE-OWNERSHIP-CHAMPION-X/V007/logs/local-20261005T080532Z-pre-usages.txt	100644	e3d09b261351dbd91c2023d9bf94c782be3e3d52	证据集成/W3/Batch-08-R2/R2/V007/logs/local-20261005T080532Z-pre-usages.txt	COPY	LOCAL_CONTEXT_LOG		original bytes
W3-R2-ADAPTIVE-CORE-OWNERSHIP-CHAMPION-X	V007	exp: record adaptive core ownership V007 local result	f9ab43b30d26713ca045268e0e9f7bf3a67e67b8	b34d1eb95845d98ea581c7c55d7de7dd46b5c038	503b98cb22ae88798bb6bfca83a46676933f3600	本地实验/ADAPTIVE-CORE-OWNERSHIP-CHAMPION-X/V007/logs/local-20261005T080532Z-raw.tsv	100644	67c33122a63479621636668b9f1ed718c459db0b	证据集成/W3/Batch-08-R2/R2/V007/logs/local-20261005T080532Z-raw.tsv	COPY	LOCAL_RAW_TABLE		original bytes
W3-R2-ADAPTIVE-CORE-OWNERSHIP-CHAMPION-X	V007	exp: record adaptive core ownership V007 local result	f9ab43b30d26713ca045268e0e9f7bf3a67e67b8	b34d1eb95845d98ea581c7c55d7de7dd46b5c038	503b98cb22ae88798bb6bfca83a46676933f3600	本地实验/ADAPTIVE-CORE-OWNERSHIP-CHAMPION-X/V007/logs/local-20261005T080532Z-runner.log	100644	06a383ae62f5fc89f4424ff5d1ae79ba7ce37ad8	证据集成/W3/Batch-08-R2/R2/V007/logs/local-20261005T080532Z-runner.log	COPY	LOCAL_RUN_LOG		original bytes
W3-R2-ADAPTIVE-CORE-OWNERSHIP-CHAMPION-X	V007	exp: record adaptive core ownership V007 local result	f9ab43b30d26713ca045268e0e9f7bf3a67e67b8	b34d1eb95845d98ea581c7c55d7de7dd46b5c038	503b98cb22ae88798bb6bfca83a46676933f3600	本地实验/ADAPTIVE-CORE-OWNERSHIP-CHAMPION-X/V007/logs/server3-transfer-compile-20261005T080019Z.log	100644	d59d01b1ab60d3fdbd4c70841d4f4d4e709f9162	证据集成/W3/Batch-08-R2/R2/V007/logs/server3-transfer-compile-20261005T080019Z.log	COPY	COMPILE_LOG	D021	original bytes
W3-R2-ADAPTIVE-CORE-OWNERSHIP-CHAMPION-X	V007	exp: record adaptive core ownership V007 local result	f9ab43b30d26713ca045268e0e9f7bf3a67e67b8	b34d1eb95845d98ea581c7c55d7de7dd46b5c038	503b98cb22ae88798bb6bfca83a46676933f3600	本地实验/ADAPTIVE-CORE-OWNERSHIP-CHAMPION-X/V007/logs/server3-transfer-compile-current.log	100644	d59d01b1ab60d3fdbd4c70841d4f4d4e709f9162	证据集成/W3/Batch-08-R2/R2/V007/logs/server3-transfer-compile-current.log	COPY	COMPILE_LOG	D021	original bytes
W3-R2-ADAPTIVE-CORE-OWNERSHIP-CHAMPION-X	V007	exp: record adaptive core ownership V007 local result	f9ab43b30d26713ca045268e0e9f7bf3a67e67b8	b34d1eb95845d98ea581c7c55d7de7dd46b5c038	503b98cb22ae88798bb6bfca83a46676933f3600	本地实验/ADAPTIVE-CORE-OWNERSHIP-CHAMPION-X/V007/parent-source.json	100644	e5ea5cf114aa9d945a8d7a2cc61d2d85b5d45a2f	证据集成/W3/Batch-08-R2/R2/V007/parent-source.json	COPY	SOURCE_METADATA	D022	original bytes
W3-R2-ADAPTIVE-CORE-OWNERSHIP-CHAMPION-X	V007	exp: record adaptive core ownership V007 local result	f9ab43b30d26713ca045268e0e9f7bf3a67e67b8	b34d1eb95845d98ea581c7c55d7de7dd46b5c038	503b98cb22ae88798bb6bfca83a46676933f3600	本地实验/ADAPTIVE-CORE-OWNERSHIP-CHAMPION-X/V007/parent.asc	100644	94e532be5f2ebdf09dca0c5b28ce3b42b4c5c6bd		EXCLUDE	PARENT_KERNEL_SOURCE	D016	kernel source omitted; source blob id retained
W3-R2-ADAPTIVE-CORE-OWNERSHIP-CHAMPION-X	V007	exp: record adaptive core ownership V007 local result	f9ab43b30d26713ca045268e0e9f7bf3a67e67b8	b34d1eb95845d98ea581c7c55d7de7dd46b5c038	503b98cb22ae88798bb6bfca83a46676933f3600	本地实验/ADAPTIVE-CORE-OWNERSHIP-CHAMPION-X/V007/run_server3.sh	100644	76ff635381b9227e1c6e1bb29baef35fca9f9e58		EXCLUDE	BUILD_OR_RUN_SCRIPT		script omitted
W3-R2-ADAPTIVE-CORE-OWNERSHIP-CHAMPION-X	V007	exp: record adaptive core ownership V007 local result	f9ab43b30d26713ca045268e0e9f7bf3a67e67b8	b34d1eb95845d98ea581c7c55d7de7dd46b5c038	503b98cb22ae88798bb6bfca83a46676933f3600	本地实验/ADAPTIVE-CORE-OWNERSHIP-CHAMPION-X/V007/submission.asc	100644	4d8fe583183556b45e48fcd70590892e4b7dbde4		EXCLUDE	CANDIDATE_KERNEL_SOURCE		kernel source omitted; source blob id retained
W3-R2-ADAPTIVE-CORE-OWNERSHIP-CHAMPION-X	V007	exp: record adaptive core ownership V007 local result	f9ab43b30d26713ca045268e0e9f7bf3a67e67b8	b34d1eb95845d98ea581c7c55d7de7dd46b5c038	503b98cb22ae88798bb6bfca83a46676933f3600	本地实验/ADAPTIVE-CORE-OWNERSHIP-CHAMPION-X/V007/support/build_on_server3.sh	100644	834649de949c39d99b05768d70015752a5a8cc2d		EXCLUDE	BUILD_OR_RUN_SCRIPT		script omitted
W3-R2-ADAPTIVE-CORE-OWNERSHIP-CHAMPION-X	V007	exp: record adaptive core ownership V007 local result	f9ab43b30d26713ca045268e0e9f7bf3a67e67b8	b34d1eb95845d98ea581c7c55d7de7dd46b5c038	503b98cb22ae88798bb6bfca83a46676933f3600	本地实验/ADAPTIVE-CORE-OWNERSHIP-CHAMPION-X/V007/support/candidate_entry.asc	100644	18e027bae25362b967ed9de7161661b7d178b00f		EXCLUDE	CANDIDATE_KERNEL_SOURCE	D003	kernel source omitted; source blob id retained
W3-R2-ADAPTIVE-CORE-OWNERSHIP-CHAMPION-X	V007	exp: record adaptive core ownership V007 local result	f9ab43b30d26713ca045268e0e9f7bf3a67e67b8	b34d1eb95845d98ea581c7c55d7de7dd46b5c038	503b98cb22ae88798bb6bfca83a46676933f3600	本地实验/ADAPTIVE-CORE-OWNERSHIP-CHAMPION-X/V007/support/judge_types.hpp	100644	805d14e5125e17ebb48f4cd189640098214b869f		EXCLUDE	C_CPP_SUPPORT_SOURCE	D014	support source omitted; source blob id retained
W3-R2-ADAPTIVE-CORE-OWNERSHIP-CHAMPION-X	V007	exp: record adaptive core ownership V007 local result	f9ab43b30d26713ca045268e0e9f7bf3a67e67b8	b34d1eb95845d98ea581c7c55d7de7dd46b5c038	503b98cb22ae88798bb6bfca83a46676933f3600	本地实验/ADAPTIVE-CORE-OWNERSHIP-CHAMPION-X/V007/support/parent_entry.asc	100644	7d992a0cb5ee7975373cd6a081171ea2d0e7a338		EXCLUDE	PARENT_KERNEL_SOURCE	D013	kernel source omitted; source blob id retained
W3-R2-ADAPTIVE-CORE-OWNERSHIP-CHAMPION-X	V007	exp: record adaptive core ownership V007 local result	f9ab43b30d26713ca045268e0e9f7bf3a67e67b8	b34d1eb95845d98ea581c7c55d7de7dd46b5c038	503b98cb22ae88798bb6bfca83a46676933f3600	本地实验/ADAPTIVE-CORE-OWNERSHIP-CHAMPION-X/V007/support/probe.cpp	100644	16d0378fefa40db2b84eaba80fb7bdb5cf1d313b		EXCLUDE	C_CPP_SUPPORT_SOURCE	D002	support source omitted; source blob id retained
W3-R2-ADAPTIVE-CORE-OWNERSHIP-CHAMPION-X	V008	exp: record adaptive core ownership V008 local result	5bc6756a8f98af1fbdd27e65efc2e05ee5169b73	763be9bf2b98ea05b5902cbfaee7e2722eda8391	503b98cb22ae88798bb6bfca83a46676933f3600	本地实验/ADAPTIVE-CORE-OWNERSHIP-CHAMPION-X/V008/CMakeLists.txt	100644	799c0679bc02bef61a1088419b29224b66085038		EXCLUDE	BUILD_CONFIGURATION		build configuration omitted
W3-R2-ADAPTIVE-CORE-OWNERSHIP-CHAMPION-X	V008	exp: record adaptive core ownership V008 local result	5bc6756a8f98af1fbdd27e65efc2e05ee5169b73	763be9bf2b98ea05b5902cbfaee7e2722eda8391	503b98cb22ae88798bb6bfca83a46676933f3600	本地实验/ADAPTIVE-CORE-OWNERSHIP-CHAMPION-X/V008/build_server3.sh	100644	26a3f61e68df87a3058576b1a0fb0c71b8bc5848		EXCLUDE	BUILD_OR_RUN_SCRIPT		script omitted
W3-R2-ADAPTIVE-CORE-OWNERSHIP-CHAMPION-X	V008	exp: record adaptive core ownership V008 local result	5bc6756a8f98af1fbdd27e65efc2e05ee5169b73	763be9bf2b98ea05b5902cbfaee7e2722eda8391	503b98cb22ae88798bb6bfca83a46676933f3600	本地实验/ADAPTIVE-CORE-OWNERSHIP-CHAMPION-X/V008/logs/correctness-current.log	100644	2d53be38fc23d5a0522ad84da47274fa924dad03	证据集成/W3/Batch-08-R2/R2/V008/logs/correctness-current.log	COPY	CORRECTNESS_LOG	D005	original bytes
W3-R2-ADAPTIVE-CORE-OWNERSHIP-CHAMPION-X	V008	exp: record adaptive core ownership V008 local result	5bc6756a8f98af1fbdd27e65efc2e05ee5169b73	763be9bf2b98ea05b5902cbfaee7e2722eda8391	503b98cb22ae88798bb6bfca83a46676933f3600	本地实验/ADAPTIVE-CORE-OWNERSHIP-CHAMPION-X/V008/logs/local-20261005T083835Z-post-usages.txt	100644	4deb1b6a4a7ee33eb46974a9ce7972034d7093b9	证据集成/W3/Batch-08-R2/R2/V008/logs/local-20261005T083835Z-post-usages.txt	COPY	LOCAL_CONTEXT_LOG		original bytes
W3-R2-ADAPTIVE-CORE-OWNERSHIP-CHAMPION-X	V008	exp: record adaptive core ownership V008 local result	5bc6756a8f98af1fbdd27e65efc2e05ee5169b73	763be9bf2b98ea05b5902cbfaee7e2722eda8391	503b98cb22ae88798bb6bfca83a46676933f3600	本地实验/ADAPTIVE-CORE-OWNERSHIP-CHAMPION-X/V008/logs/local-20261005T083835Z-pre-usages.txt	100644	acfa8bca1e1402134fa01bc04726a26f4b0b656e	证据集成/W3/Batch-08-R2/R2/V008/logs/local-20261005T083835Z-pre-usages.txt	COPY	LOCAL_CONTEXT_LOG		original bytes
W3-R2-ADAPTIVE-CORE-OWNERSHIP-CHAMPION-X	V008	exp: record adaptive core ownership V008 local result	5bc6756a8f98af1fbdd27e65efc2e05ee5169b73	763be9bf2b98ea05b5902cbfaee7e2722eda8391	503b98cb22ae88798bb6bfca83a46676933f3600	本地实验/ADAPTIVE-CORE-OWNERSHIP-CHAMPION-X/V008/logs/local-20261005T083835Z-raw.tsv	100644	35b525b3bd7533e39f792a826bc94f2d1babf612	证据集成/W3/Batch-08-R2/R2/V008/logs/local-20261005T083835Z-raw.tsv	COPY	LOCAL_RAW_TABLE		original bytes
W3-R2-ADAPTIVE-CORE-OWNERSHIP-CHAMPION-X	V008	exp: record adaptive core ownership V008 local result	5bc6756a8f98af1fbdd27e65efc2e05ee5169b73	763be9bf2b98ea05b5902cbfaee7e2722eda8391	503b98cb22ae88798bb6bfca83a46676933f3600	本地实验/ADAPTIVE-CORE-OWNERSHIP-CHAMPION-X/V008/logs/local-20261005T083835Z-runner.log	100644	51c64547ecd3e44fce5611abc3abbd02bd1afb26	证据集成/W3/Batch-08-R2/R2/V008/logs/local-20261005T083835Z-runner.log	COPY	LOCAL_RUN_LOG		original bytes
W3-R2-ADAPTIVE-CORE-OWNERSHIP-CHAMPION-X	V008	exp: record adaptive core ownership V008 local result	5bc6756a8f98af1fbdd27e65efc2e05ee5169b73	763be9bf2b98ea05b5902cbfaee7e2722eda8391	503b98cb22ae88798bb6bfca83a46676933f3600	本地实验/ADAPTIVE-CORE-OWNERSHIP-CHAMPION-X/V008/logs/server3-transfer-compile-20261005T083330Z.log	100644	455fa0bb3d9ef7c9fa46ecc95fd2ea61898b98f3	证据集成/W3/Batch-08-R2/R2/V008/logs/server3-transfer-compile-20261005T083330Z.log	COPY	COMPILE_LOG	D007	original bytes
W3-R2-ADAPTIVE-CORE-OWNERSHIP-CHAMPION-X	V008	exp: record adaptive core ownership V008 local result	5bc6756a8f98af1fbdd27e65efc2e05ee5169b73	763be9bf2b98ea05b5902cbfaee7e2722eda8391	503b98cb22ae88798bb6bfca83a46676933f3600	本地实验/ADAPTIVE-CORE-OWNERSHIP-CHAMPION-X/V008/logs/server3-transfer-compile-current.log	100644	455fa0bb3d9ef7c9fa46ecc95fd2ea61898b98f3	证据集成/W3/Batch-08-R2/R2/V008/logs/server3-transfer-compile-current.log	COPY	COMPILE_LOG	D007	original bytes
W3-R2-ADAPTIVE-CORE-OWNERSHIP-CHAMPION-X	V008	exp: record adaptive core ownership V008 local result	5bc6756a8f98af1fbdd27e65efc2e05ee5169b73	763be9bf2b98ea05b5902cbfaee7e2722eda8391	503b98cb22ae88798bb6bfca83a46676933f3600	本地实验/ADAPTIVE-CORE-OWNERSHIP-CHAMPION-X/V008/parent-source.json	100644	e5ea5cf114aa9d945a8d7a2cc61d2d85b5d45a2f	证据集成/W3/Batch-08-R2/R2/V008/parent-source.json	COPY	SOURCE_METADATA	D022	original bytes
W3-R2-ADAPTIVE-CORE-OWNERSHIP-CHAMPION-X	V008	exp: record adaptive core ownership V008 local result	5bc6756a8f98af1fbdd27e65efc2e05ee5169b73	763be9bf2b98ea05b5902cbfaee7e2722eda8391	503b98cb22ae88798bb6bfca83a46676933f3600	本地实验/ADAPTIVE-CORE-OWNERSHIP-CHAMPION-X/V008/parent.asc	100644	94e532be5f2ebdf09dca0c5b28ce3b42b4c5c6bd		EXCLUDE	PARENT_KERNEL_SOURCE	D016	kernel source omitted; source blob id retained
W3-R2-ADAPTIVE-CORE-OWNERSHIP-CHAMPION-X	V008	exp: record adaptive core ownership V008 local result	5bc6756a8f98af1fbdd27e65efc2e05ee5169b73	763be9bf2b98ea05b5902cbfaee7e2722eda8391	503b98cb22ae88798bb6bfca83a46676933f3600	本地实验/ADAPTIVE-CORE-OWNERSHIP-CHAMPION-X/V008/run_server3.sh	100644	12ebe4e2acf4afa3669dd34da6bbfff456a982b4		EXCLUDE	BUILD_OR_RUN_SCRIPT		script omitted
W3-R2-ADAPTIVE-CORE-OWNERSHIP-CHAMPION-X	V008	exp: record adaptive core ownership V008 local result	5bc6756a8f98af1fbdd27e65efc2e05ee5169b73	763be9bf2b98ea05b5902cbfaee7e2722eda8391	503b98cb22ae88798bb6bfca83a46676933f3600	本地实验/ADAPTIVE-CORE-OWNERSHIP-CHAMPION-X/V008/submission.asc	100644	3109b079c7ff7040dfb113a941e0faf3e458597d		EXCLUDE	CANDIDATE_KERNEL_SOURCE		kernel source omitted; source blob id retained
W3-R2-ADAPTIVE-CORE-OWNERSHIP-CHAMPION-X	V008	exp: record adaptive core ownership V008 local result	5bc6756a8f98af1fbdd27e65efc2e05ee5169b73	763be9bf2b98ea05b5902cbfaee7e2722eda8391	503b98cb22ae88798bb6bfca83a46676933f3600	本地实验/ADAPTIVE-CORE-OWNERSHIP-CHAMPION-X/V008/support/build_on_server3.sh	100644	b1c5c88f407ded803d996cd927acbab70a2ca562		EXCLUDE	BUILD_OR_RUN_SCRIPT		script omitted
W3-R2-ADAPTIVE-CORE-OWNERSHIP-CHAMPION-X	V008	exp: record adaptive core ownership V008 local result	5bc6756a8f98af1fbdd27e65efc2e05ee5169b73	763be9bf2b98ea05b5902cbfaee7e2722eda8391	503b98cb22ae88798bb6bfca83a46676933f3600	本地实验/ADAPTIVE-CORE-OWNERSHIP-CHAMPION-X/V008/support/candidate_entry.asc	100644	18e027bae25362b967ed9de7161661b7d178b00f		EXCLUDE	CANDIDATE_KERNEL_SOURCE	D003	kernel source omitted; source blob id retained
W3-R2-ADAPTIVE-CORE-OWNERSHIP-CHAMPION-X	V008	exp: record adaptive core ownership V008 local result	5bc6756a8f98af1fbdd27e65efc2e05ee5169b73	763be9bf2b98ea05b5902cbfaee7e2722eda8391	503b98cb22ae88798bb6bfca83a46676933f3600	本地实验/ADAPTIVE-CORE-OWNERSHIP-CHAMPION-X/V008/support/judge_types.hpp	100644	805d14e5125e17ebb48f4cd189640098214b869f		EXCLUDE	C_CPP_SUPPORT_SOURCE	D014	support source omitted; source blob id retained
W3-R2-ADAPTIVE-CORE-OWNERSHIP-CHAMPION-X	V008	exp: record adaptive core ownership V008 local result	5bc6756a8f98af1fbdd27e65efc2e05ee5169b73	763be9bf2b98ea05b5902cbfaee7e2722eda8391	503b98cb22ae88798bb6bfca83a46676933f3600	本地实验/ADAPTIVE-CORE-OWNERSHIP-CHAMPION-X/V008/support/parent_entry.asc	100644	7d992a0cb5ee7975373cd6a081171ea2d0e7a338		EXCLUDE	PARENT_KERNEL_SOURCE	D013	kernel source omitted; source blob id retained
W3-R2-ADAPTIVE-CORE-OWNERSHIP-CHAMPION-X	V008	exp: record adaptive core ownership V008 local result	5bc6756a8f98af1fbdd27e65efc2e05ee5169b73	763be9bf2b98ea05b5902cbfaee7e2722eda8391	503b98cb22ae88798bb6bfca83a46676933f3600	本地实验/ADAPTIVE-CORE-OWNERSHIP-CHAMPION-X/V008/support/probe.cpp	100644	16d0378fefa40db2b84eaba80fb7bdb5cf1d313b		EXCLUDE	C_CPP_SUPPORT_SOURCE	D002	support source omitted; source blob id retained
W3-R2-ADAPTIVE-CORE-OWNERSHIP-CHAMPION-X	V009	exp: record adaptive core ownership V009 local result	8abff4e880e74204c209bc01de1a7870308d5bee	be77765b1531c2fb102702929544a0a4f6359b72	503b98cb22ae88798bb6bfca83a46676933f3600	本地实验/ADAPTIVE-CORE-OWNERSHIP-CHAMPION-X/V009/CMakeLists.txt	100644	b8b598b2239083efef5781abf173c47060793657		EXCLUDE	BUILD_CONFIGURATION		build configuration omitted
W3-R2-ADAPTIVE-CORE-OWNERSHIP-CHAMPION-X	V009	exp: record adaptive core ownership V009 local result	8abff4e880e74204c209bc01de1a7870308d5bee	be77765b1531c2fb102702929544a0a4f6359b72	503b98cb22ae88798bb6bfca83a46676933f3600	本地实验/ADAPTIVE-CORE-OWNERSHIP-CHAMPION-X/V009/build_server3.sh	100644	eb0eba55710a1c22e8feef2864ac28370fa94d24		EXCLUDE	BUILD_OR_RUN_SCRIPT		script omitted
W3-R2-ADAPTIVE-CORE-OWNERSHIP-CHAMPION-X	V009	exp: record adaptive core ownership V009 local result	8abff4e880e74204c209bc01de1a7870308d5bee	be77765b1531c2fb102702929544a0a4f6359b72	503b98cb22ae88798bb6bfca83a46676933f3600	本地实验/ADAPTIVE-CORE-OWNERSHIP-CHAMPION-X/V009/logs/correctness-current.log	100644	21e72f86792ded199dbb235fdbfdb26fcabe4518	证据集成/W3/Batch-08-R2/R2/V009/logs/correctness-current.log	COPY	CORRECTNESS_LOG	D004	original bytes
W3-R2-ADAPTIVE-CORE-OWNERSHIP-CHAMPION-X	V009	exp: record adaptive core ownership V009 local result	8abff4e880e74204c209bc01de1a7870308d5bee	be77765b1531c2fb102702929544a0a4f6359b72	503b98cb22ae88798bb6bfca83a46676933f3600	本地实验/ADAPTIVE-CORE-OWNERSHIP-CHAMPION-X/V009/logs/local-20261005T091302Z-post-usages.txt	100644	9e5cf2138c0ab787299ea97dedf1f4fe169b6aa8	证据集成/W3/Batch-08-R2/R2/V009/logs/local-20261005T091302Z-post-usages.txt	COPY	LOCAL_CONTEXT_LOG		original bytes
W3-R2-ADAPTIVE-CORE-OWNERSHIP-CHAMPION-X	V009	exp: record adaptive core ownership V009 local result	8abff4e880e74204c209bc01de1a7870308d5bee	be77765b1531c2fb102702929544a0a4f6359b72	503b98cb22ae88798bb6bfca83a46676933f3600	本地实验/ADAPTIVE-CORE-OWNERSHIP-CHAMPION-X/V009/logs/local-20261005T091302Z-pre-usages.txt	100644	0e2fda7b38cfaf9c48236e072e904066dfe023ec	证据集成/W3/Batch-08-R2/R2/V009/logs/local-20261005T091302Z-pre-usages.txt	COPY	LOCAL_CONTEXT_LOG		original bytes
W3-R2-ADAPTIVE-CORE-OWNERSHIP-CHAMPION-X	V009	exp: record adaptive core ownership V009 local result	8abff4e880e74204c209bc01de1a7870308d5bee	be77765b1531c2fb102702929544a0a4f6359b72	503b98cb22ae88798bb6bfca83a46676933f3600	本地实验/ADAPTIVE-CORE-OWNERSHIP-CHAMPION-X/V009/logs/local-20261005T091302Z-raw.tsv	100644	dc9e52d5617b5ac51a2e08751377a50e47c06c31	证据集成/W3/Batch-08-R2/R2/V009/logs/local-20261005T091302Z-raw.tsv	COPY	LOCAL_RAW_TABLE		original bytes
W3-R2-ADAPTIVE-CORE-OWNERSHIP-CHAMPION-X	V009	exp: record adaptive core ownership V009 local result	8abff4e880e74204c209bc01de1a7870308d5bee	be77765b1531c2fb102702929544a0a4f6359b72	503b98cb22ae88798bb6bfca83a46676933f3600	本地实验/ADAPTIVE-CORE-OWNERSHIP-CHAMPION-X/V009/logs/local-20261005T091302Z-runner.log	100644	ab093a56215ad932d5b588f5caa177dd5cd45e78	证据集成/W3/Batch-08-R2/R2/V009/logs/local-20261005T091302Z-runner.log	COPY	LOCAL_RUN_LOG		original bytes
W3-R2-ADAPTIVE-CORE-OWNERSHIP-CHAMPION-X	V009	exp: record adaptive core ownership V009 local result	8abff4e880e74204c209bc01de1a7870308d5bee	be77765b1531c2fb102702929544a0a4f6359b72	503b98cb22ae88798bb6bfca83a46676933f3600	本地实验/ADAPTIVE-CORE-OWNERSHIP-CHAMPION-X/V009/logs/server3-transfer-compile-20261005T090919Z.log	100644	01d23c43b39d68f4bb96bdb28aa307a2ed8e9f0a	证据集成/W3/Batch-08-R2/R2/V009/logs/server3-transfer-compile-20261005T090919Z.log	COPY	COMPILE_LOG		original bytes
W3-R2-ADAPTIVE-CORE-OWNERSHIP-CHAMPION-X	V009	exp: record adaptive core ownership V009 local result	8abff4e880e74204c209bc01de1a7870308d5bee	be77765b1531c2fb102702929544a0a4f6359b72	503b98cb22ae88798bb6bfca83a46676933f3600	本地实验/ADAPTIVE-CORE-OWNERSHIP-CHAMPION-X/V009/parent-source.json	100644	a2824b0ac22c23fcecab9ca16241510e57a68b51	证据集成/W3/Batch-08-R2/R2/V009/parent-source.json	COPY	SOURCE_METADATA		original bytes
W3-R2-ADAPTIVE-CORE-OWNERSHIP-CHAMPION-X	V009	exp: record adaptive core ownership V009 local result	8abff4e880e74204c209bc01de1a7870308d5bee	be77765b1531c2fb102702929544a0a4f6359b72	503b98cb22ae88798bb6bfca83a46676933f3600	本地实验/ADAPTIVE-CORE-OWNERSHIP-CHAMPION-X/V009/parent.asc	100644	94e532be5f2ebdf09dca0c5b28ce3b42b4c5c6bd		EXCLUDE	PARENT_KERNEL_SOURCE	D016	kernel source omitted; source blob id retained
W3-R2-ADAPTIVE-CORE-OWNERSHIP-CHAMPION-X	V009	exp: record adaptive core ownership V009 local result	8abff4e880e74204c209bc01de1a7870308d5bee	be77765b1531c2fb102702929544a0a4f6359b72	503b98cb22ae88798bb6bfca83a46676933f3600	本地实验/ADAPTIVE-CORE-OWNERSHIP-CHAMPION-X/V009/run_server3.sh	100644	e3a360855a28e47157a193d6e0e44b9734d7790f		EXCLUDE	BUILD_OR_RUN_SCRIPT		script omitted
W3-R2-ADAPTIVE-CORE-OWNERSHIP-CHAMPION-X	V009	exp: record adaptive core ownership V009 local result	8abff4e880e74204c209bc01de1a7870308d5bee	be77765b1531c2fb102702929544a0a4f6359b72	503b98cb22ae88798bb6bfca83a46676933f3600	本地实验/ADAPTIVE-CORE-OWNERSHIP-CHAMPION-X/V009/submission.asc	100644	5ad163b893ce7fe56a2ace2e5364cf09d6d8b6b5		EXCLUDE	CANDIDATE_KERNEL_SOURCE		kernel source omitted; source blob id retained
W3-R2-ADAPTIVE-CORE-OWNERSHIP-CHAMPION-X	V009	exp: record adaptive core ownership V009 local result	8abff4e880e74204c209bc01de1a7870308d5bee	be77765b1531c2fb102702929544a0a4f6359b72	503b98cb22ae88798bb6bfca83a46676933f3600	本地实验/ADAPTIVE-CORE-OWNERSHIP-CHAMPION-X/V009/support/build_on_server3.sh	100644	e2468c26eb21af55d5451c95a3c060a5fcf68070		EXCLUDE	BUILD_OR_RUN_SCRIPT		script omitted
W3-R2-ADAPTIVE-CORE-OWNERSHIP-CHAMPION-X	V009	exp: record adaptive core ownership V009 local result	8abff4e880e74204c209bc01de1a7870308d5bee	be77765b1531c2fb102702929544a0a4f6359b72	503b98cb22ae88798bb6bfca83a46676933f3600	本地实验/ADAPTIVE-CORE-OWNERSHIP-CHAMPION-X/V009/support/candidate_entry.asc	100644	18e027bae25362b967ed9de7161661b7d178b00f		EXCLUDE	CANDIDATE_KERNEL_SOURCE	D003	kernel source omitted; source blob id retained
W3-R2-ADAPTIVE-CORE-OWNERSHIP-CHAMPION-X	V009	exp: record adaptive core ownership V009 local result	8abff4e880e74204c209bc01de1a7870308d5bee	be77765b1531c2fb102702929544a0a4f6359b72	503b98cb22ae88798bb6bfca83a46676933f3600	本地实验/ADAPTIVE-CORE-OWNERSHIP-CHAMPION-X/V009/support/judge_types.hpp	100644	805d14e5125e17ebb48f4cd189640098214b869f		EXCLUDE	C_CPP_SUPPORT_SOURCE	D014	support source omitted; source blob id retained
W3-R2-ADAPTIVE-CORE-OWNERSHIP-CHAMPION-X	V009	exp: record adaptive core ownership V009 local result	8abff4e880e74204c209bc01de1a7870308d5bee	be77765b1531c2fb102702929544a0a4f6359b72	503b98cb22ae88798bb6bfca83a46676933f3600	本地实验/ADAPTIVE-CORE-OWNERSHIP-CHAMPION-X/V009/support/parent_entry.asc	100644	7d992a0cb5ee7975373cd6a081171ea2d0e7a338		EXCLUDE	PARENT_KERNEL_SOURCE	D013	kernel source omitted; source blob id retained
W3-R2-ADAPTIVE-CORE-OWNERSHIP-CHAMPION-X	V009	exp: record adaptive core ownership V009 local result	8abff4e880e74204c209bc01de1a7870308d5bee	be77765b1531c2fb102702929544a0a4f6359b72	503b98cb22ae88798bb6bfca83a46676933f3600	本地实验/ADAPTIVE-CORE-OWNERSHIP-CHAMPION-X/V009/support/probe.cpp	100644	4aa7a94d41f9f58cf0ea38cd415b639c379822bb		EXCLUDE	C_CPP_SUPPORT_SOURCE	D008	support source omitted; source blob id retained
W3-R2-ADAPTIVE-CORE-OWNERSHIP-CHAMPION-X	V010	exp: record adaptive core ownership V010 local result	efd770ee312abe66b56dad85dba1df6d83f3b69f	fff98b170d3d5a669a38eea9d5f1642a632a6a7e	503b98cb22ae88798bb6bfca83a46676933f3600	本地实验/ADAPTIVE-CORE-OWNERSHIP-CHAMPION-X/V010/CMakeLists.txt	100644	32f5667539630c6fb5f5bd4d763de73cb1107b98		EXCLUDE	BUILD_CONFIGURATION		build configuration omitted
W3-R2-ADAPTIVE-CORE-OWNERSHIP-CHAMPION-X	V010	exp: record adaptive core ownership V010 local result	efd770ee312abe66b56dad85dba1df6d83f3b69f	fff98b170d3d5a669a38eea9d5f1642a632a6a7e	503b98cb22ae88798bb6bfca83a46676933f3600	本地实验/ADAPTIVE-CORE-OWNERSHIP-CHAMPION-X/V010/build_server3.sh	100644	fc543b742f2457a9f57b0e1c48b8df04be120a6f		EXCLUDE	BUILD_OR_RUN_SCRIPT		script omitted
W3-R2-ADAPTIVE-CORE-OWNERSHIP-CHAMPION-X	V010	exp: record adaptive core ownership V010 local result	efd770ee312abe66b56dad85dba1df6d83f3b69f	fff98b170d3d5a669a38eea9d5f1642a632a6a7e	503b98cb22ae88798bb6bfca83a46676933f3600	本地实验/ADAPTIVE-CORE-OWNERSHIP-CHAMPION-X/V010/logs/correctness-current.log	100644	21e72f86792ded199dbb235fdbfdb26fcabe4518	证据集成/W3/Batch-08-R2/R2/V010/logs/correctness-current.log	COPY	CORRECTNESS_LOG	D004	original bytes
W3-R2-ADAPTIVE-CORE-OWNERSHIP-CHAMPION-X	V010	exp: record adaptive core ownership V010 local result	efd770ee312abe66b56dad85dba1df6d83f3b69f	fff98b170d3d5a669a38eea9d5f1642a632a6a7e	503b98cb22ae88798bb6bfca83a46676933f3600	本地实验/ADAPTIVE-CORE-OWNERSHIP-CHAMPION-X/V010/logs/local-20261005T093213Z-post-usages.txt	100644	462f8fe5bedbe0204c32bab0569c29c7e3a25d28	证据集成/W3/Batch-08-R2/R2/V010/logs/local-20261005T093213Z-post-usages.txt	COPY	LOCAL_CONTEXT_LOG		original bytes
W3-R2-ADAPTIVE-CORE-OWNERSHIP-CHAMPION-X	V010	exp: record adaptive core ownership V010 local result	efd770ee312abe66b56dad85dba1df6d83f3b69f	fff98b170d3d5a669a38eea9d5f1642a632a6a7e	503b98cb22ae88798bb6bfca83a46676933f3600	本地实验/ADAPTIVE-CORE-OWNERSHIP-CHAMPION-X/V010/logs/local-20261005T093213Z-pre-usages.txt	100644	e6772daed2467ea66eb6b8bbc3d09f80ce1d2b48	证据集成/W3/Batch-08-R2/R2/V010/logs/local-20261005T093213Z-pre-usages.txt	COPY	LOCAL_CONTEXT_LOG		original bytes
W3-R2-ADAPTIVE-CORE-OWNERSHIP-CHAMPION-X	V010	exp: record adaptive core ownership V010 local result	efd770ee312abe66b56dad85dba1df6d83f3b69f	fff98b170d3d5a669a38eea9d5f1642a632a6a7e	503b98cb22ae88798bb6bfca83a46676933f3600	本地实验/ADAPTIVE-CORE-OWNERSHIP-CHAMPION-X/V010/logs/local-20261005T093213Z-raw.tsv	100644	2784737b39e44008a88c0a07febe93c00011d526	证据集成/W3/Batch-08-R2/R2/V010/logs/local-20261005T093213Z-raw.tsv	COPY	LOCAL_RAW_TABLE		original bytes
W3-R2-ADAPTIVE-CORE-OWNERSHIP-CHAMPION-X	V010	exp: record adaptive core ownership V010 local result	efd770ee312abe66b56dad85dba1df6d83f3b69f	fff98b170d3d5a669a38eea9d5f1642a632a6a7e	503b98cb22ae88798bb6bfca83a46676933f3600	本地实验/ADAPTIVE-CORE-OWNERSHIP-CHAMPION-X/V010/logs/local-20261005T093213Z-runner.log	100644	19a405338cc73fe1bdf191820f18d710b39b0586	证据集成/W3/Batch-08-R2/R2/V010/logs/local-20261005T093213Z-runner.log	COPY	LOCAL_RUN_LOG		original bytes
W3-R2-ADAPTIVE-CORE-OWNERSHIP-CHAMPION-X	V010	exp: record adaptive core ownership V010 local result	efd770ee312abe66b56dad85dba1df6d83f3b69f	fff98b170d3d5a669a38eea9d5f1642a632a6a7e	503b98cb22ae88798bb6bfca83a46676933f3600	本地实验/ADAPTIVE-CORE-OWNERSHIP-CHAMPION-X/V010/logs/server3-transfer-compile-20261005T092856Z.log	100644	9934624c73cb3709c10407337137063cd5c361fe	证据集成/W3/Batch-08-R2/R2/V010/logs/server3-transfer-compile-20261005T092856Z.log	COPY	COMPILE_LOG		original bytes
W3-R2-ADAPTIVE-CORE-OWNERSHIP-CHAMPION-X	V010	exp: record adaptive core ownership V010 local result	efd770ee312abe66b56dad85dba1df6d83f3b69f	fff98b170d3d5a669a38eea9d5f1642a632a6a7e	503b98cb22ae88798bb6bfca83a46676933f3600	本地实验/ADAPTIVE-CORE-OWNERSHIP-CHAMPION-X/V010/parent-source.json	100644	354abbbef43bc06df0983e6269d02f042f695446	证据集成/W3/Batch-08-R2/R2/V010/parent-source.json	COPY	SOURCE_METADATA		original bytes
W3-R2-ADAPTIVE-CORE-OWNERSHIP-CHAMPION-X	V010	exp: record adaptive core ownership V010 local result	efd770ee312abe66b56dad85dba1df6d83f3b69f	fff98b170d3d5a669a38eea9d5f1642a632a6a7e	503b98cb22ae88798bb6bfca83a46676933f3600	本地实验/ADAPTIVE-CORE-OWNERSHIP-CHAMPION-X/V010/parent.asc	100644	94e532be5f2ebdf09dca0c5b28ce3b42b4c5c6bd		EXCLUDE	PARENT_KERNEL_SOURCE	D016	kernel source omitted; source blob id retained
W3-R2-ADAPTIVE-CORE-OWNERSHIP-CHAMPION-X	V010	exp: record adaptive core ownership V010 local result	efd770ee312abe66b56dad85dba1df6d83f3b69f	fff98b170d3d5a669a38eea9d5f1642a632a6a7e	503b98cb22ae88798bb6bfca83a46676933f3600	本地实验/ADAPTIVE-CORE-OWNERSHIP-CHAMPION-X/V010/run_server3.sh	100644	e4b1276f1cc9d757781702f7567f91c67f0b7386		EXCLUDE	BUILD_OR_RUN_SCRIPT		script omitted
W3-R2-ADAPTIVE-CORE-OWNERSHIP-CHAMPION-X	V010	exp: record adaptive core ownership V010 local result	efd770ee312abe66b56dad85dba1df6d83f3b69f	fff98b170d3d5a669a38eea9d5f1642a632a6a7e	503b98cb22ae88798bb6bfca83a46676933f3600	本地实验/ADAPTIVE-CORE-OWNERSHIP-CHAMPION-X/V010/submission.asc	100644	763f07521fabf162c483715b0995dc8a99647982		EXCLUDE	CANDIDATE_KERNEL_SOURCE		kernel source omitted; source blob id retained
W3-R2-ADAPTIVE-CORE-OWNERSHIP-CHAMPION-X	V010	exp: record adaptive core ownership V010 local result	efd770ee312abe66b56dad85dba1df6d83f3b69f	fff98b170d3d5a669a38eea9d5f1642a632a6a7e	503b98cb22ae88798bb6bfca83a46676933f3600	本地实验/ADAPTIVE-CORE-OWNERSHIP-CHAMPION-X/V010/support/build_on_server3.sh	100644	7a6e121ba9a2ac6ee59b9da60e8a87493c52b796		EXCLUDE	BUILD_OR_RUN_SCRIPT		script omitted
W3-R2-ADAPTIVE-CORE-OWNERSHIP-CHAMPION-X	V010	exp: record adaptive core ownership V010 local result	efd770ee312abe66b56dad85dba1df6d83f3b69f	fff98b170d3d5a669a38eea9d5f1642a632a6a7e	503b98cb22ae88798bb6bfca83a46676933f3600	本地实验/ADAPTIVE-CORE-OWNERSHIP-CHAMPION-X/V010/support/candidate_entry.asc	100644	18e027bae25362b967ed9de7161661b7d178b00f		EXCLUDE	CANDIDATE_KERNEL_SOURCE	D003	kernel source omitted; source blob id retained
W3-R2-ADAPTIVE-CORE-OWNERSHIP-CHAMPION-X	V010	exp: record adaptive core ownership V010 local result	efd770ee312abe66b56dad85dba1df6d83f3b69f	fff98b170d3d5a669a38eea9d5f1642a632a6a7e	503b98cb22ae88798bb6bfca83a46676933f3600	本地实验/ADAPTIVE-CORE-OWNERSHIP-CHAMPION-X/V010/support/judge_types.hpp	100644	805d14e5125e17ebb48f4cd189640098214b869f		EXCLUDE	C_CPP_SUPPORT_SOURCE	D014	support source omitted; source blob id retained
W3-R2-ADAPTIVE-CORE-OWNERSHIP-CHAMPION-X	V010	exp: record adaptive core ownership V010 local result	efd770ee312abe66b56dad85dba1df6d83f3b69f	fff98b170d3d5a669a38eea9d5f1642a632a6a7e	503b98cb22ae88798bb6bfca83a46676933f3600	本地实验/ADAPTIVE-CORE-OWNERSHIP-CHAMPION-X/V010/support/parent_entry.asc	100644	7d992a0cb5ee7975373cd6a081171ea2d0e7a338		EXCLUDE	PARENT_KERNEL_SOURCE	D013	kernel source omitted; source blob id retained
W3-R2-ADAPTIVE-CORE-OWNERSHIP-CHAMPION-X	V010	exp: record adaptive core ownership V010 local result	efd770ee312abe66b56dad85dba1df6d83f3b69f	fff98b170d3d5a669a38eea9d5f1642a632a6a7e	503b98cb22ae88798bb6bfca83a46676933f3600	本地实验/ADAPTIVE-CORE-OWNERSHIP-CHAMPION-X/V010/support/probe.cpp	100644	4aa7a94d41f9f58cf0ea38cd415b639c379822bb		EXCLUDE	C_CPP_SUPPORT_SOURCE	D008	support source omitted; source blob id retained
W3-R2-ADAPTIVE-CORE-OWNERSHIP-CHAMPION-X	V011	exp: record adaptive core ownership V011 local result	68f1d1117a4de2eea2905f7627437a8624729c54	1fc8ba6857ac6933f3b08c964fd63c7f91c9c689	503b98cb22ae88798bb6bfca83a46676933f3600	本地实验/ADAPTIVE-CORE-OWNERSHIP-CHAMPION-X/V011/CMakeLists.txt	100644	1e8f93752bafdb2af7846218e1c44a4f560d6492		EXCLUDE	BUILD_CONFIGURATION		build configuration omitted
W3-R2-ADAPTIVE-CORE-OWNERSHIP-CHAMPION-X	V011	exp: record adaptive core ownership V011 local result	68f1d1117a4de2eea2905f7627437a8624729c54	1fc8ba6857ac6933f3b08c964fd63c7f91c9c689	503b98cb22ae88798bb6bfca83a46676933f3600	本地实验/ADAPTIVE-CORE-OWNERSHIP-CHAMPION-X/V011/build_server3.sh	100644	8cee86689b00f59c9a3584de398ae681eabbbbca		EXCLUDE	BUILD_OR_RUN_SCRIPT		script omitted
W3-R2-ADAPTIVE-CORE-OWNERSHIP-CHAMPION-X	V011	exp: record adaptive core ownership V011 local result	68f1d1117a4de2eea2905f7627437a8624729c54	1fc8ba6857ac6933f3b08c964fd63c7f91c9c689	503b98cb22ae88798bb6bfca83a46676933f3600	本地实验/ADAPTIVE-CORE-OWNERSHIP-CHAMPION-X/V011/logs/correctness-current.log	100644	93177350950e3f9caa80014973a2312c2fbfcead	证据集成/W3/Batch-08-R2/R2/V011/logs/correctness-current.log	COPY	CORRECTNESS_LOG	D015	original bytes
W3-R2-ADAPTIVE-CORE-OWNERSHIP-CHAMPION-X	V011	exp: record adaptive core ownership V011 local result	68f1d1117a4de2eea2905f7627437a8624729c54	1fc8ba6857ac6933f3b08c964fd63c7f91c9c689	503b98cb22ae88798bb6bfca83a46676933f3600	本地实验/ADAPTIVE-CORE-OWNERSHIP-CHAMPION-X/V011/logs/local-20261005T095808Z-post-usages.txt	100644	91e5e4f2827021e8948057e3cb320d2fc3251248	证据集成/W3/Batch-08-R2/R2/V011/logs/local-20261005T095808Z-post-usages.txt	COPY	LOCAL_CONTEXT_LOG		original bytes
W3-R2-ADAPTIVE-CORE-OWNERSHIP-CHAMPION-X	V011	exp: record adaptive core ownership V011 local result	68f1d1117a4de2eea2905f7627437a8624729c54	1fc8ba6857ac6933f3b08c964fd63c7f91c9c689	503b98cb22ae88798bb6bfca83a46676933f3600	本地实验/ADAPTIVE-CORE-OWNERSHIP-CHAMPION-X/V011/logs/local-20261005T095808Z-pre-usages.txt	100644	89772a235f23c4d44caaa8e8c97fd60197d9d705	证据集成/W3/Batch-08-R2/R2/V011/logs/local-20261005T095808Z-pre-usages.txt	COPY	LOCAL_CONTEXT_LOG		original bytes
W3-R2-ADAPTIVE-CORE-OWNERSHIP-CHAMPION-X	V011	exp: record adaptive core ownership V011 local result	68f1d1117a4de2eea2905f7627437a8624729c54	1fc8ba6857ac6933f3b08c964fd63c7f91c9c689	503b98cb22ae88798bb6bfca83a46676933f3600	本地实验/ADAPTIVE-CORE-OWNERSHIP-CHAMPION-X/V011/logs/local-20261005T095808Z-raw.tsv	100644	13d5b1826f979df6c91ca818e47205f65a12b1e3	证据集成/W3/Batch-08-R2/R2/V011/logs/local-20261005T095808Z-raw.tsv	COPY	LOCAL_RAW_TABLE		original bytes
W3-R2-ADAPTIVE-CORE-OWNERSHIP-CHAMPION-X	V011	exp: record adaptive core ownership V011 local result	68f1d1117a4de2eea2905f7627437a8624729c54	1fc8ba6857ac6933f3b08c964fd63c7f91c9c689	503b98cb22ae88798bb6bfca83a46676933f3600	本地实验/ADAPTIVE-CORE-OWNERSHIP-CHAMPION-X/V011/logs/local-20261005T095808Z-runner.log	100644	f330145ccc7a3e8059975b8f0310ae1e54b3880e	证据集成/W3/Batch-08-R2/R2/V011/logs/local-20261005T095808Z-runner.log	COPY	LOCAL_RUN_LOG		original bytes
W3-R2-ADAPTIVE-CORE-OWNERSHIP-CHAMPION-X	V011	exp: record adaptive core ownership V011 local result	68f1d1117a4de2eea2905f7627437a8624729c54	1fc8ba6857ac6933f3b08c964fd63c7f91c9c689	503b98cb22ae88798bb6bfca83a46676933f3600	本地实验/ADAPTIVE-CORE-OWNERSHIP-CHAMPION-X/V011/logs/server3-transfer-compile-20261005T095502Z.log	100644	66301b00730c2636c88f321d9a7cbb9e1f96cf55	证据集成/W3/Batch-08-R2/R2/V011/logs/server3-transfer-compile-20261005T095502Z.log	COPY	COMPILE_LOG		original bytes
W3-R2-ADAPTIVE-CORE-OWNERSHIP-CHAMPION-X	V011	exp: record adaptive core ownership V011 local result	68f1d1117a4de2eea2905f7627437a8624729c54	1fc8ba6857ac6933f3b08c964fd63c7f91c9c689	503b98cb22ae88798bb6bfca83a46676933f3600	本地实验/ADAPTIVE-CORE-OWNERSHIP-CHAMPION-X/V011/parent-source.json	100644	3891f445b9e15c64389e4ba62b94740ee790c0aa	证据集成/W3/Batch-08-R2/R2/V011/parent-source.json	COPY	SOURCE_METADATA		original bytes
W3-R2-ADAPTIVE-CORE-OWNERSHIP-CHAMPION-X	V011	exp: record adaptive core ownership V011 local result	68f1d1117a4de2eea2905f7627437a8624729c54	1fc8ba6857ac6933f3b08c964fd63c7f91c9c689	503b98cb22ae88798bb6bfca83a46676933f3600	本地实验/ADAPTIVE-CORE-OWNERSHIP-CHAMPION-X/V011/parent.asc	100644	94e532be5f2ebdf09dca0c5b28ce3b42b4c5c6bd		EXCLUDE	PARENT_KERNEL_SOURCE	D016	kernel source omitted; source blob id retained
W3-R2-ADAPTIVE-CORE-OWNERSHIP-CHAMPION-X	V011	exp: record adaptive core ownership V011 local result	68f1d1117a4de2eea2905f7627437a8624729c54	1fc8ba6857ac6933f3b08c964fd63c7f91c9c689	503b98cb22ae88798bb6bfca83a46676933f3600	本地实验/ADAPTIVE-CORE-OWNERSHIP-CHAMPION-X/V011/run_server3.sh	100644	23d610bdd993f511e3d09a2ab3e7508c69b0667a		EXCLUDE	BUILD_OR_RUN_SCRIPT		script omitted
W3-R2-ADAPTIVE-CORE-OWNERSHIP-CHAMPION-X	V011	exp: record adaptive core ownership V011 local result	68f1d1117a4de2eea2905f7627437a8624729c54	1fc8ba6857ac6933f3b08c964fd63c7f91c9c689	503b98cb22ae88798bb6bfca83a46676933f3600	本地实验/ADAPTIVE-CORE-OWNERSHIP-CHAMPION-X/V011/submission.asc	100644	b0cc420bc2d90dbc6383548a454484b39d3f1441		EXCLUDE	CANDIDATE_KERNEL_SOURCE		kernel source omitted; source blob id retained
W3-R2-ADAPTIVE-CORE-OWNERSHIP-CHAMPION-X	V011	exp: record adaptive core ownership V011 local result	68f1d1117a4de2eea2905f7627437a8624729c54	1fc8ba6857ac6933f3b08c964fd63c7f91c9c689	503b98cb22ae88798bb6bfca83a46676933f3600	本地实验/ADAPTIVE-CORE-OWNERSHIP-CHAMPION-X/V011/support/build_on_server3.sh	100644	c214d85ce7f582525bdc5769420c6cc9f7d4a2ed		EXCLUDE	BUILD_OR_RUN_SCRIPT		script omitted
W3-R2-ADAPTIVE-CORE-OWNERSHIP-CHAMPION-X	V011	exp: record adaptive core ownership V011 local result	68f1d1117a4de2eea2905f7627437a8624729c54	1fc8ba6857ac6933f3b08c964fd63c7f91c9c689	503b98cb22ae88798bb6bfca83a46676933f3600	本地实验/ADAPTIVE-CORE-OWNERSHIP-CHAMPION-X/V011/support/candidate_entry.asc	100644	18e027bae25362b967ed9de7161661b7d178b00f		EXCLUDE	CANDIDATE_KERNEL_SOURCE	D003	kernel source omitted; source blob id retained
W3-R2-ADAPTIVE-CORE-OWNERSHIP-CHAMPION-X	V011	exp: record adaptive core ownership V011 local result	68f1d1117a4de2eea2905f7627437a8624729c54	1fc8ba6857ac6933f3b08c964fd63c7f91c9c689	503b98cb22ae88798bb6bfca83a46676933f3600	本地实验/ADAPTIVE-CORE-OWNERSHIP-CHAMPION-X/V011/support/judge_types.hpp	100644	805d14e5125e17ebb48f4cd189640098214b869f		EXCLUDE	C_CPP_SUPPORT_SOURCE	D014	support source omitted; source blob id retained
W3-R2-ADAPTIVE-CORE-OWNERSHIP-CHAMPION-X	V011	exp: record adaptive core ownership V011 local result	68f1d1117a4de2eea2905f7627437a8624729c54	1fc8ba6857ac6933f3b08c964fd63c7f91c9c689	503b98cb22ae88798bb6bfca83a46676933f3600	本地实验/ADAPTIVE-CORE-OWNERSHIP-CHAMPION-X/V011/support/parent_entry.asc	100644	7d992a0cb5ee7975373cd6a081171ea2d0e7a338		EXCLUDE	PARENT_KERNEL_SOURCE	D013	kernel source omitted; source blob id retained
W3-R2-ADAPTIVE-CORE-OWNERSHIP-CHAMPION-X	V011	exp: record adaptive core ownership V011 local result	68f1d1117a4de2eea2905f7627437a8624729c54	1fc8ba6857ac6933f3b08c964fd63c7f91c9c689	503b98cb22ae88798bb6bfca83a46676933f3600	本地实验/ADAPTIVE-CORE-OWNERSHIP-CHAMPION-X/V011/support/probe.cpp	100644	a89a42fca0d46f34f90ec122dfe4b52ae266fb49		EXCLUDE	C_CPP_SUPPORT_SOURCE	D018	support source omitted; source blob id retained
W3-R2-ADAPTIVE-CORE-OWNERSHIP-CHAMPION-X	V012	exp: record adaptive core ownership V012 local result	8a203402f9d379acfcd0c5434093d04f5aa08538	75b5550969cedebe215627b1b65c260fef8bf552	503b98cb22ae88798bb6bfca83a46676933f3600	本地实验/ADAPTIVE-CORE-OWNERSHIP-CHAMPION-X/V012/CMakeLists.txt	100644	48f5e6e2caba0c88fd8ec7dce2a0b570a95d502b		EXCLUDE	BUILD_CONFIGURATION		build configuration omitted
W3-R2-ADAPTIVE-CORE-OWNERSHIP-CHAMPION-X	V012	exp: record adaptive core ownership V012 local result	8a203402f9d379acfcd0c5434093d04f5aa08538	75b5550969cedebe215627b1b65c260fef8bf552	503b98cb22ae88798bb6bfca83a46676933f3600	本地实验/ADAPTIVE-CORE-OWNERSHIP-CHAMPION-X/V012/build_server3.sh	100644	bc71b95b67af556d674c2546b60e0b53169648e4		EXCLUDE	BUILD_OR_RUN_SCRIPT		script omitted
W3-R2-ADAPTIVE-CORE-OWNERSHIP-CHAMPION-X	V012	exp: record adaptive core ownership V012 local result	8a203402f9d379acfcd0c5434093d04f5aa08538	75b5550969cedebe215627b1b65c260fef8bf552	503b98cb22ae88798bb6bfca83a46676933f3600	本地实验/ADAPTIVE-CORE-OWNERSHIP-CHAMPION-X/V012/logs/correctness-current.log	100644	93177350950e3f9caa80014973a2312c2fbfcead	证据集成/W3/Batch-08-R2/R2/V012/logs/correctness-current.log	COPY	CORRECTNESS_LOG	D015	original bytes
W3-R2-ADAPTIVE-CORE-OWNERSHIP-CHAMPION-X	V012	exp: record adaptive core ownership V012 local result	8a203402f9d379acfcd0c5434093d04f5aa08538	75b5550969cedebe215627b1b65c260fef8bf552	503b98cb22ae88798bb6bfca83a46676933f3600	本地实验/ADAPTIVE-CORE-OWNERSHIP-CHAMPION-X/V012/logs/local-20261005T105507Z-post-usages.txt	100644	e406486037c29471a7584bd28c2aade7414a1271	证据集成/W3/Batch-08-R2/R2/V012/logs/local-20261005T105507Z-post-usages.txt	COPY	LOCAL_CONTEXT_LOG		original bytes
W3-R2-ADAPTIVE-CORE-OWNERSHIP-CHAMPION-X	V012	exp: record adaptive core ownership V012 local result	8a203402f9d379acfcd0c5434093d04f5aa08538	75b5550969cedebe215627b1b65c260fef8bf552	503b98cb22ae88798bb6bfca83a46676933f3600	本地实验/ADAPTIVE-CORE-OWNERSHIP-CHAMPION-X/V012/logs/local-20261005T105507Z-pre-usages.txt	100644	fa8d174656401d5ddd4b3234d916d9238e7ca77c	证据集成/W3/Batch-08-R2/R2/V012/logs/local-20261005T105507Z-pre-usages.txt	COPY	LOCAL_CONTEXT_LOG		original bytes
W3-R2-ADAPTIVE-CORE-OWNERSHIP-CHAMPION-X	V012	exp: record adaptive core ownership V012 local result	8a203402f9d379acfcd0c5434093d04f5aa08538	75b5550969cedebe215627b1b65c260fef8bf552	503b98cb22ae88798bb6bfca83a46676933f3600	本地实验/ADAPTIVE-CORE-OWNERSHIP-CHAMPION-X/V012/logs/local-20261005T105507Z-raw.tsv	100644	7b2be2559830d05ac9e7665277d8860a1dba58c5	证据集成/W3/Batch-08-R2/R2/V012/logs/local-20261005T105507Z-raw.tsv	COPY	LOCAL_RAW_TABLE		original bytes
W3-R2-ADAPTIVE-CORE-OWNERSHIP-CHAMPION-X	V012	exp: record adaptive core ownership V012 local result	8a203402f9d379acfcd0c5434093d04f5aa08538	75b5550969cedebe215627b1b65c260fef8bf552	503b98cb22ae88798bb6bfca83a46676933f3600	本地实验/ADAPTIVE-CORE-OWNERSHIP-CHAMPION-X/V012/logs/local-20261005T105507Z-runner.log	100644	101bc3b6698751f07596a61c72ec8ff2c9c9a1aa	证据集成/W3/Batch-08-R2/R2/V012/logs/local-20261005T105507Z-runner.log	COPY	LOCAL_RUN_LOG		original bytes
W3-R2-ADAPTIVE-CORE-OWNERSHIP-CHAMPION-X	V012	exp: record adaptive core ownership V012 local result	8a203402f9d379acfcd0c5434093d04f5aa08538	75b5550969cedebe215627b1b65c260fef8bf552	503b98cb22ae88798bb6bfca83a46676933f3600	本地实验/ADAPTIVE-CORE-OWNERSHIP-CHAMPION-X/V012/logs/server3-transfer-compile-20261005T105126Z.log	100644	95095a9ea4b46599d21e5a37a9507eb1c2a02ddb	证据集成/W3/Batch-08-R2/R2/V012/logs/server3-transfer-compile-20261005T105126Z.log	COPY	COMPILE_LOG		original bytes
W3-R2-ADAPTIVE-CORE-OWNERSHIP-CHAMPION-X	V012	exp: record adaptive core ownership V012 local result	8a203402f9d379acfcd0c5434093d04f5aa08538	75b5550969cedebe215627b1b65c260fef8bf552	503b98cb22ae88798bb6bfca83a46676933f3600	本地实验/ADAPTIVE-CORE-OWNERSHIP-CHAMPION-X/V012/parent-source.json	100644	9cb26c4911b30e7dc8ba4c454a3dc9f7e0b4c6df	证据集成/W3/Batch-08-R2/R2/V012/parent-source.json	COPY	SOURCE_METADATA		original bytes
W3-R2-ADAPTIVE-CORE-OWNERSHIP-CHAMPION-X	V012	exp: record adaptive core ownership V012 local result	8a203402f9d379acfcd0c5434093d04f5aa08538	75b5550969cedebe215627b1b65c260fef8bf552	503b98cb22ae88798bb6bfca83a46676933f3600	本地实验/ADAPTIVE-CORE-OWNERSHIP-CHAMPION-X/V012/parent.asc	100644	94e532be5f2ebdf09dca0c5b28ce3b42b4c5c6bd		EXCLUDE	PARENT_KERNEL_SOURCE	D016	kernel source omitted; source blob id retained
W3-R2-ADAPTIVE-CORE-OWNERSHIP-CHAMPION-X	V012	exp: record adaptive core ownership V012 local result	8a203402f9d379acfcd0c5434093d04f5aa08538	75b5550969cedebe215627b1b65c260fef8bf552	503b98cb22ae88798bb6bfca83a46676933f3600	本地实验/ADAPTIVE-CORE-OWNERSHIP-CHAMPION-X/V012/run_server3.sh	100644	a6a66f9dce39ea064d483549cadbb8f2164dd4fa		EXCLUDE	BUILD_OR_RUN_SCRIPT		script omitted
W3-R2-ADAPTIVE-CORE-OWNERSHIP-CHAMPION-X	V012	exp: record adaptive core ownership V012 local result	8a203402f9d379acfcd0c5434093d04f5aa08538	75b5550969cedebe215627b1b65c260fef8bf552	503b98cb22ae88798bb6bfca83a46676933f3600	本地实验/ADAPTIVE-CORE-OWNERSHIP-CHAMPION-X/V012/submission.asc	100644	590b4b8df50e2d7e9ebff41bd82a2a374a258c8c		EXCLUDE	CANDIDATE_KERNEL_SOURCE		kernel source omitted; source blob id retained
W3-R2-ADAPTIVE-CORE-OWNERSHIP-CHAMPION-X	V012	exp: record adaptive core ownership V012 local result	8a203402f9d379acfcd0c5434093d04f5aa08538	75b5550969cedebe215627b1b65c260fef8bf552	503b98cb22ae88798bb6bfca83a46676933f3600	本地实验/ADAPTIVE-CORE-OWNERSHIP-CHAMPION-X/V012/support/build_on_server3.sh	100644	b9c36ad5a7db44b9207fcdfc2251af03149541eb		EXCLUDE	BUILD_OR_RUN_SCRIPT		script omitted
W3-R2-ADAPTIVE-CORE-OWNERSHIP-CHAMPION-X	V012	exp: record adaptive core ownership V012 local result	8a203402f9d379acfcd0c5434093d04f5aa08538	75b5550969cedebe215627b1b65c260fef8bf552	503b98cb22ae88798bb6bfca83a46676933f3600	本地实验/ADAPTIVE-CORE-OWNERSHIP-CHAMPION-X/V012/support/candidate_entry.asc	100644	18e027bae25362b967ed9de7161661b7d178b00f		EXCLUDE	CANDIDATE_KERNEL_SOURCE	D003	kernel source omitted; source blob id retained
W3-R2-ADAPTIVE-CORE-OWNERSHIP-CHAMPION-X	V012	exp: record adaptive core ownership V012 local result	8a203402f9d379acfcd0c5434093d04f5aa08538	75b5550969cedebe215627b1b65c260fef8bf552	503b98cb22ae88798bb6bfca83a46676933f3600	本地实验/ADAPTIVE-CORE-OWNERSHIP-CHAMPION-X/V012/support/judge_types.hpp	100644	805d14e5125e17ebb48f4cd189640098214b869f		EXCLUDE	C_CPP_SUPPORT_SOURCE	D014	support source omitted; source blob id retained
W3-R2-ADAPTIVE-CORE-OWNERSHIP-CHAMPION-X	V012	exp: record adaptive core ownership V012 local result	8a203402f9d379acfcd0c5434093d04f5aa08538	75b5550969cedebe215627b1b65c260fef8bf552	503b98cb22ae88798bb6bfca83a46676933f3600	本地实验/ADAPTIVE-CORE-OWNERSHIP-CHAMPION-X/V012/support/parent_entry.asc	100644	7d992a0cb5ee7975373cd6a081171ea2d0e7a338		EXCLUDE	PARENT_KERNEL_SOURCE	D013	kernel source omitted; source blob id retained
W3-R2-ADAPTIVE-CORE-OWNERSHIP-CHAMPION-X	V012	exp: record adaptive core ownership V012 local result	8a203402f9d379acfcd0c5434093d04f5aa08538	75b5550969cedebe215627b1b65c260fef8bf552	503b98cb22ae88798bb6bfca83a46676933f3600	本地实验/ADAPTIVE-CORE-OWNERSHIP-CHAMPION-X/V012/support/probe.cpp	100644	a89a42fca0d46f34f90ec122dfe4b52ae266fb49		EXCLUDE	C_CPP_SUPPORT_SOURCE	D018	support source omitted; source blob id retained
W3-R2-ADAPTIVE-CORE-OWNERSHIP-CHAMPION-X	V013	exp: record adaptive core ownership V013 local result	4a4d64cf74ae09863fe21afe35605aca2262a14d	890e0bc7591af6849fbb99973ffb5aeebf8e6429	503b98cb22ae88798bb6bfca83a46676933f3600	本地实验/ADAPTIVE-CORE-OWNERSHIP-CHAMPION-X/V013/CMakeLists.txt	100644	2e0badb18b734aec994d7cb4f6dc53a6b3eef2b9		EXCLUDE	BUILD_CONFIGURATION		build configuration omitted
W3-R2-ADAPTIVE-CORE-OWNERSHIP-CHAMPION-X	V013	exp: record adaptive core ownership V013 local result	4a4d64cf74ae09863fe21afe35605aca2262a14d	890e0bc7591af6849fbb99973ffb5aeebf8e6429	503b98cb22ae88798bb6bfca83a46676933f3600	本地实验/ADAPTIVE-CORE-OWNERSHIP-CHAMPION-X/V013/build_server3.sh	100644	b86f5c6ea66e266722b54ec69ef5c0d062ea7e0c		EXCLUDE	BUILD_OR_RUN_SCRIPT		script omitted
W3-R2-ADAPTIVE-CORE-OWNERSHIP-CHAMPION-X	V013	exp: record adaptive core ownership V013 local result	4a4d64cf74ae09863fe21afe35605aca2262a14d	890e0bc7591af6849fbb99973ffb5aeebf8e6429	503b98cb22ae88798bb6bfca83a46676933f3600	本地实验/ADAPTIVE-CORE-OWNERSHIP-CHAMPION-X/V013/logs/correctness-current.log	100644	93177350950e3f9caa80014973a2312c2fbfcead	证据集成/W3/Batch-08-R2/R2/V013/logs/correctness-current.log	COPY	CORRECTNESS_LOG	D015	original bytes
W3-R2-ADAPTIVE-CORE-OWNERSHIP-CHAMPION-X	V013	exp: record adaptive core ownership V013 local result	4a4d64cf74ae09863fe21afe35605aca2262a14d	890e0bc7591af6849fbb99973ffb5aeebf8e6429	503b98cb22ae88798bb6bfca83a46676933f3600	本地实验/ADAPTIVE-CORE-OWNERSHIP-CHAMPION-X/V013/logs/local-20261005T123137Z-post-usages.txt	100644	76c484a9231bc2cd5a02a1f9da19c7f7147160df	证据集成/W3/Batch-08-R2/R2/V013/logs/local-20261005T123137Z-post-usages.txt	COPY	LOCAL_CONTEXT_LOG		original bytes
W3-R2-ADAPTIVE-CORE-OWNERSHIP-CHAMPION-X	V013	exp: record adaptive core ownership V013 local result	4a4d64cf74ae09863fe21afe35605aca2262a14d	890e0bc7591af6849fbb99973ffb5aeebf8e6429	503b98cb22ae88798bb6bfca83a46676933f3600	本地实验/ADAPTIVE-CORE-OWNERSHIP-CHAMPION-X/V013/logs/local-20261005T123137Z-pre-usages.txt	100644	16952004a87133dce16a4e61e2ce5e075b5cdfa1	证据集成/W3/Batch-08-R2/R2/V013/logs/local-20261005T123137Z-pre-usages.txt	COPY	LOCAL_CONTEXT_LOG		original bytes
W3-R2-ADAPTIVE-CORE-OWNERSHIP-CHAMPION-X	V013	exp: record adaptive core ownership V013 local result	4a4d64cf74ae09863fe21afe35605aca2262a14d	890e0bc7591af6849fbb99973ffb5aeebf8e6429	503b98cb22ae88798bb6bfca83a46676933f3600	本地实验/ADAPTIVE-CORE-OWNERSHIP-CHAMPION-X/V013/logs/local-20261005T123137Z-raw.tsv	100644	ca1c43cf626c48fedac0d72e31bce8e46390701b	证据集成/W3/Batch-08-R2/R2/V013/logs/local-20261005T123137Z-raw.tsv	COPY	LOCAL_RAW_TABLE		original bytes
W3-R2-ADAPTIVE-CORE-OWNERSHIP-CHAMPION-X	V013	exp: record adaptive core ownership V013 local result	4a4d64cf74ae09863fe21afe35605aca2262a14d	890e0bc7591af6849fbb99973ffb5aeebf8e6429	503b98cb22ae88798bb6bfca83a46676933f3600	本地实验/ADAPTIVE-CORE-OWNERSHIP-CHAMPION-X/V013/logs/local-20261005T123137Z-runner.log	100644	9db9e0cf816783b610ab07d37628bbc61b453bec	证据集成/W3/Batch-08-R2/R2/V013/logs/local-20261005T123137Z-runner.log	COPY	LOCAL_RUN_LOG		original bytes
W3-R2-ADAPTIVE-CORE-OWNERSHIP-CHAMPION-X	V013	exp: record adaptive core ownership V013 local result	4a4d64cf74ae09863fe21afe35605aca2262a14d	890e0bc7591af6849fbb99973ffb5aeebf8e6429	503b98cb22ae88798bb6bfca83a46676933f3600	本地实验/ADAPTIVE-CORE-OWNERSHIP-CHAMPION-X/V013/logs/server3-transfer-compile-20261005T122824Z.log	100644	e36ccfc10ad3ff550b6977c1d1cce9fac6600ee4	证据集成/W3/Batch-08-R2/R2/V013/logs/server3-transfer-compile-20261005T122824Z.log	COPY	COMPILE_LOG		original bytes
W3-R2-ADAPTIVE-CORE-OWNERSHIP-CHAMPION-X	V013	exp: record adaptive core ownership V013 local result	4a4d64cf74ae09863fe21afe35605aca2262a14d	890e0bc7591af6849fbb99973ffb5aeebf8e6429	503b98cb22ae88798bb6bfca83a46676933f3600	本地实验/ADAPTIVE-CORE-OWNERSHIP-CHAMPION-X/V013/parent-source.json	100644	00ac278f4a0212114f9acb5811adaf186abbd291	证据集成/W3/Batch-08-R2/R2/V013/parent-source.json	COPY	SOURCE_METADATA		original bytes
W3-R2-ADAPTIVE-CORE-OWNERSHIP-CHAMPION-X	V013	exp: record adaptive core ownership V013 local result	4a4d64cf74ae09863fe21afe35605aca2262a14d	890e0bc7591af6849fbb99973ffb5aeebf8e6429	503b98cb22ae88798bb6bfca83a46676933f3600	本地实验/ADAPTIVE-CORE-OWNERSHIP-CHAMPION-X/V013/parent.asc	100644	94e532be5f2ebdf09dca0c5b28ce3b42b4c5c6bd		EXCLUDE	PARENT_KERNEL_SOURCE	D016	kernel source omitted; source blob id retained
W3-R2-ADAPTIVE-CORE-OWNERSHIP-CHAMPION-X	V013	exp: record adaptive core ownership V013 local result	4a4d64cf74ae09863fe21afe35605aca2262a14d	890e0bc7591af6849fbb99973ffb5aeebf8e6429	503b98cb22ae88798bb6bfca83a46676933f3600	本地实验/ADAPTIVE-CORE-OWNERSHIP-CHAMPION-X/V013/run_server3.sh	100644	fca6d330a41ca9dbb2683080578eb1d277c37e1c		EXCLUDE	BUILD_OR_RUN_SCRIPT		script omitted
W3-R2-ADAPTIVE-CORE-OWNERSHIP-CHAMPION-X	V013	exp: record adaptive core ownership V013 local result	4a4d64cf74ae09863fe21afe35605aca2262a14d	890e0bc7591af6849fbb99973ffb5aeebf8e6429	503b98cb22ae88798bb6bfca83a46676933f3600	本地实验/ADAPTIVE-CORE-OWNERSHIP-CHAMPION-X/V013/submission.asc	100644	ae76d3dbe8887504fc5b067406e1a308a5fec6ed		EXCLUDE	CANDIDATE_KERNEL_SOURCE		kernel source omitted; source blob id retained
W3-R2-ADAPTIVE-CORE-OWNERSHIP-CHAMPION-X	V013	exp: record adaptive core ownership V013 local result	4a4d64cf74ae09863fe21afe35605aca2262a14d	890e0bc7591af6849fbb99973ffb5aeebf8e6429	503b98cb22ae88798bb6bfca83a46676933f3600	本地实验/ADAPTIVE-CORE-OWNERSHIP-CHAMPION-X/V013/support/build_on_server3.sh	100644	3018ef40886cb27df13233c306602be18ef7aee0		EXCLUDE	BUILD_OR_RUN_SCRIPT		script omitted
W3-R2-ADAPTIVE-CORE-OWNERSHIP-CHAMPION-X	V013	exp: record adaptive core ownership V013 local result	4a4d64cf74ae09863fe21afe35605aca2262a14d	890e0bc7591af6849fbb99973ffb5aeebf8e6429	503b98cb22ae88798bb6bfca83a46676933f3600	本地实验/ADAPTIVE-CORE-OWNERSHIP-CHAMPION-X/V013/support/candidate_entry.asc	100644	18e027bae25362b967ed9de7161661b7d178b00f		EXCLUDE	CANDIDATE_KERNEL_SOURCE	D003	kernel source omitted; source blob id retained
W3-R2-ADAPTIVE-CORE-OWNERSHIP-CHAMPION-X	V013	exp: record adaptive core ownership V013 local result	4a4d64cf74ae09863fe21afe35605aca2262a14d	890e0bc7591af6849fbb99973ffb5aeebf8e6429	503b98cb22ae88798bb6bfca83a46676933f3600	本地实验/ADAPTIVE-CORE-OWNERSHIP-CHAMPION-X/V013/support/judge_types.hpp	100644	805d14e5125e17ebb48f4cd189640098214b869f		EXCLUDE	C_CPP_SUPPORT_SOURCE	D014	support source omitted; source blob id retained
W3-R2-ADAPTIVE-CORE-OWNERSHIP-CHAMPION-X	V013	exp: record adaptive core ownership V013 local result	4a4d64cf74ae09863fe21afe35605aca2262a14d	890e0bc7591af6849fbb99973ffb5aeebf8e6429	503b98cb22ae88798bb6bfca83a46676933f3600	本地实验/ADAPTIVE-CORE-OWNERSHIP-CHAMPION-X/V013/support/parent_entry.asc	100644	7d992a0cb5ee7975373cd6a081171ea2d0e7a338		EXCLUDE	PARENT_KERNEL_SOURCE	D013	kernel source omitted; source blob id retained
W3-R2-ADAPTIVE-CORE-OWNERSHIP-CHAMPION-X	V013	exp: record adaptive core ownership V013 local result	4a4d64cf74ae09863fe21afe35605aca2262a14d	890e0bc7591af6849fbb99973ffb5aeebf8e6429	503b98cb22ae88798bb6bfca83a46676933f3600	本地实验/ADAPTIVE-CORE-OWNERSHIP-CHAMPION-X/V013/support/probe.cpp	100644	a89a42fca0d46f34f90ec122dfe4b52ae266fb49		EXCLUDE	C_CPP_SUPPORT_SOURCE	D018	support source omitted; source blob id retained
W3-R2-ADAPTIVE-CORE-OWNERSHIP-CHAMPION-X	V014	exp: record adaptive core ownership V014 local result	3a47e940f0077c1e4826814cb1de8afdd1c4f8fd	c88d8b4934d64a9eac46fcc0d54b8dee841ffa85	503b98cb22ae88798bb6bfca83a46676933f3600	本地实验/ADAPTIVE-CORE-OWNERSHIP-CHAMPION-X/V014/CMakeLists.txt	100644	de801a89c590454bac6e2a807125c9e0ccb5718a		EXCLUDE	BUILD_CONFIGURATION		build configuration omitted
W3-R2-ADAPTIVE-CORE-OWNERSHIP-CHAMPION-X	V014	exp: record adaptive core ownership V014 local result	3a47e940f0077c1e4826814cb1de8afdd1c4f8fd	c88d8b4934d64a9eac46fcc0d54b8dee841ffa85	503b98cb22ae88798bb6bfca83a46676933f3600	本地实验/ADAPTIVE-CORE-OWNERSHIP-CHAMPION-X/V014/build_server3.sh	100644	fb6e1f539a30300c97e0176ff5e4250a6c5ba76d		EXCLUDE	BUILD_OR_RUN_SCRIPT		script omitted
W3-R2-ADAPTIVE-CORE-OWNERSHIP-CHAMPION-X	V014	exp: record adaptive core ownership V014 local result	3a47e940f0077c1e4826814cb1de8afdd1c4f8fd	c88d8b4934d64a9eac46fcc0d54b8dee841ffa85	503b98cb22ae88798bb6bfca83a46676933f3600	本地实验/ADAPTIVE-CORE-OWNERSHIP-CHAMPION-X/V014/logs/correctness-current.log	100644	93177350950e3f9caa80014973a2312c2fbfcead	证据集成/W3/Batch-08-R2/R2/V014/logs/correctness-current.log	COPY	CORRECTNESS_LOG	D015	original bytes
W3-R2-ADAPTIVE-CORE-OWNERSHIP-CHAMPION-X	V014	exp: record adaptive core ownership V014 local result	3a47e940f0077c1e4826814cb1de8afdd1c4f8fd	c88d8b4934d64a9eac46fcc0d54b8dee841ffa85	503b98cb22ae88798bb6bfca83a46676933f3600	本地实验/ADAPTIVE-CORE-OWNERSHIP-CHAMPION-X/V014/logs/local-20261005T130103Z-post-usages.txt	100644	36f9f5fb3cacb5590c39ffe263fa6de8a5b4d5d1	证据集成/W3/Batch-08-R2/R2/V014/logs/local-20261005T130103Z-post-usages.txt	COPY	LOCAL_CONTEXT_LOG		original bytes
W3-R2-ADAPTIVE-CORE-OWNERSHIP-CHAMPION-X	V014	exp: record adaptive core ownership V014 local result	3a47e940f0077c1e4826814cb1de8afdd1c4f8fd	c88d8b4934d64a9eac46fcc0d54b8dee841ffa85	503b98cb22ae88798bb6bfca83a46676933f3600	本地实验/ADAPTIVE-CORE-OWNERSHIP-CHAMPION-X/V014/logs/local-20261005T130103Z-pre-usages.txt	100644	edf76128894f52e6cb3b68b63370f23b3390db1d	证据集成/W3/Batch-08-R2/R2/V014/logs/local-20261005T130103Z-pre-usages.txt	COPY	LOCAL_CONTEXT_LOG		original bytes
W3-R2-ADAPTIVE-CORE-OWNERSHIP-CHAMPION-X	V014	exp: record adaptive core ownership V014 local result	3a47e940f0077c1e4826814cb1de8afdd1c4f8fd	c88d8b4934d64a9eac46fcc0d54b8dee841ffa85	503b98cb22ae88798bb6bfca83a46676933f3600	本地实验/ADAPTIVE-CORE-OWNERSHIP-CHAMPION-X/V014/logs/local-20261005T130103Z-raw.tsv	100644	56360f3ce7f87c5e8a85609aea61c43d9684d474	证据集成/W3/Batch-08-R2/R2/V014/logs/local-20261005T130103Z-raw.tsv	COPY	LOCAL_RAW_TABLE		original bytes
W3-R2-ADAPTIVE-CORE-OWNERSHIP-CHAMPION-X	V014	exp: record adaptive core ownership V014 local result	3a47e940f0077c1e4826814cb1de8afdd1c4f8fd	c88d8b4934d64a9eac46fcc0d54b8dee841ffa85	503b98cb22ae88798bb6bfca83a46676933f3600	本地实验/ADAPTIVE-CORE-OWNERSHIP-CHAMPION-X/V014/logs/local-20261005T130103Z-runner.log	100644	3a092ac43ec0ea8b8d6e522145f4c34bfdf0b229	证据集成/W3/Batch-08-R2/R2/V014/logs/local-20261005T130103Z-runner.log	COPY	LOCAL_RUN_LOG		original bytes
W3-R2-ADAPTIVE-CORE-OWNERSHIP-CHAMPION-X	V014	exp: record adaptive core ownership V014 local result	3a47e940f0077c1e4826814cb1de8afdd1c4f8fd	c88d8b4934d64a9eac46fcc0d54b8dee841ffa85	503b98cb22ae88798bb6bfca83a46676933f3600	本地实验/ADAPTIVE-CORE-OWNERSHIP-CHAMPION-X/V014/logs/server3-transfer-compile-20261005T125710Z.log	100644	be0d030cea6ca647dac153df54271871acd731c5	证据集成/W3/Batch-08-R2/R2/V014/logs/server3-transfer-compile-20261005T125710Z.log	COPY	COMPILE_LOG		original bytes
W3-R2-ADAPTIVE-CORE-OWNERSHIP-CHAMPION-X	V014	exp: record adaptive core ownership V014 local result	3a47e940f0077c1e4826814cb1de8afdd1c4f8fd	c88d8b4934d64a9eac46fcc0d54b8dee841ffa85	503b98cb22ae88798bb6bfca83a46676933f3600	本地实验/ADAPTIVE-CORE-OWNERSHIP-CHAMPION-X/V014/parent-source.json	100644	67f0d52d9cf6d6f7bbcd772ea8290199d7dd904c	证据集成/W3/Batch-08-R2/R2/V014/parent-source.json	COPY	SOURCE_METADATA		original bytes
W3-R2-ADAPTIVE-CORE-OWNERSHIP-CHAMPION-X	V014	exp: record adaptive core ownership V014 local result	3a47e940f0077c1e4826814cb1de8afdd1c4f8fd	c88d8b4934d64a9eac46fcc0d54b8dee841ffa85	503b98cb22ae88798bb6bfca83a46676933f3600	本地实验/ADAPTIVE-CORE-OWNERSHIP-CHAMPION-X/V014/parent.asc	100644	94e532be5f2ebdf09dca0c5b28ce3b42b4c5c6bd		EXCLUDE	PARENT_KERNEL_SOURCE	D016	kernel source omitted; source blob id retained
W3-R2-ADAPTIVE-CORE-OWNERSHIP-CHAMPION-X	V014	exp: record adaptive core ownership V014 local result	3a47e940f0077c1e4826814cb1de8afdd1c4f8fd	c88d8b4934d64a9eac46fcc0d54b8dee841ffa85	503b98cb22ae88798bb6bfca83a46676933f3600	本地实验/ADAPTIVE-CORE-OWNERSHIP-CHAMPION-X/V014/run_server3.sh	100644	e3e72bad045169930cfb9f7f4d25fac170f14ba7		EXCLUDE	BUILD_OR_RUN_SCRIPT		script omitted
W3-R2-ADAPTIVE-CORE-OWNERSHIP-CHAMPION-X	V014	exp: record adaptive core ownership V014 local result	3a47e940f0077c1e4826814cb1de8afdd1c4f8fd	c88d8b4934d64a9eac46fcc0d54b8dee841ffa85	503b98cb22ae88798bb6bfca83a46676933f3600	本地实验/ADAPTIVE-CORE-OWNERSHIP-CHAMPION-X/V014/submission.asc	100644	301fef20a24bae15c08160089eadf2c2c7a186ff		EXCLUDE	CANDIDATE_KERNEL_SOURCE		kernel source omitted; source blob id retained
W3-R2-ADAPTIVE-CORE-OWNERSHIP-CHAMPION-X	V014	exp: record adaptive core ownership V014 local result	3a47e940f0077c1e4826814cb1de8afdd1c4f8fd	c88d8b4934d64a9eac46fcc0d54b8dee841ffa85	503b98cb22ae88798bb6bfca83a46676933f3600	本地实验/ADAPTIVE-CORE-OWNERSHIP-CHAMPION-X/V014/support/build_on_server3.sh	100644	11bc711548d1134ad1e38cdc789c2621767f12a9		EXCLUDE	BUILD_OR_RUN_SCRIPT		script omitted
W3-R2-ADAPTIVE-CORE-OWNERSHIP-CHAMPION-X	V014	exp: record adaptive core ownership V014 local result	3a47e940f0077c1e4826814cb1de8afdd1c4f8fd	c88d8b4934d64a9eac46fcc0d54b8dee841ffa85	503b98cb22ae88798bb6bfca83a46676933f3600	本地实验/ADAPTIVE-CORE-OWNERSHIP-CHAMPION-X/V014/support/candidate_entry.asc	100644	18e027bae25362b967ed9de7161661b7d178b00f		EXCLUDE	CANDIDATE_KERNEL_SOURCE	D003	kernel source omitted; source blob id retained
W3-R2-ADAPTIVE-CORE-OWNERSHIP-CHAMPION-X	V014	exp: record adaptive core ownership V014 local result	3a47e940f0077c1e4826814cb1de8afdd1c4f8fd	c88d8b4934d64a9eac46fcc0d54b8dee841ffa85	503b98cb22ae88798bb6bfca83a46676933f3600	本地实验/ADAPTIVE-CORE-OWNERSHIP-CHAMPION-X/V014/support/judge_types.hpp	100644	805d14e5125e17ebb48f4cd189640098214b869f		EXCLUDE	C_CPP_SUPPORT_SOURCE	D014	support source omitted; source blob id retained
W3-R2-ADAPTIVE-CORE-OWNERSHIP-CHAMPION-X	V014	exp: record adaptive core ownership V014 local result	3a47e940f0077c1e4826814cb1de8afdd1c4f8fd	c88d8b4934d64a9eac46fcc0d54b8dee841ffa85	503b98cb22ae88798bb6bfca83a46676933f3600	本地实验/ADAPTIVE-CORE-OWNERSHIP-CHAMPION-X/V014/support/parent_entry.asc	100644	7d992a0cb5ee7975373cd6a081171ea2d0e7a338		EXCLUDE	PARENT_KERNEL_SOURCE	D013	kernel source omitted; source blob id retained
W3-R2-ADAPTIVE-CORE-OWNERSHIP-CHAMPION-X	V014	exp: record adaptive core ownership V014 local result	3a47e940f0077c1e4826814cb1de8afdd1c4f8fd	c88d8b4934d64a9eac46fcc0d54b8dee841ffa85	503b98cb22ae88798bb6bfca83a46676933f3600	本地实验/ADAPTIVE-CORE-OWNERSHIP-CHAMPION-X/V014/support/probe.cpp	100644	a89a42fca0d46f34f90ec122dfe4b52ae266fb49		EXCLUDE	C_CPP_SUPPORT_SOURCE	D018	support source omitted; source blob id retained
W3-R2-ADAPTIVE-CORE-OWNERSHIP-CHAMPION-X	V015	exp: record adaptive core ownership V015 local result	48fb4dcfe00ebd9ddf311160ea95cf275fbe221b	74151b0601772332fecbc97ac2b01114ddb0d54b	503b98cb22ae88798bb6bfca83a46676933f3600	本地实验/ADAPTIVE-CORE-OWNERSHIP-CHAMPION-X/V015/CMakeLists.txt	100644	759175318b60064bf6469ffcc47ebf74933e1b89		EXCLUDE	BUILD_CONFIGURATION		build configuration omitted
W3-R2-ADAPTIVE-CORE-OWNERSHIP-CHAMPION-X	V015	exp: record adaptive core ownership V015 local result	48fb4dcfe00ebd9ddf311160ea95cf275fbe221b	74151b0601772332fecbc97ac2b01114ddb0d54b	503b98cb22ae88798bb6bfca83a46676933f3600	本地实验/ADAPTIVE-CORE-OWNERSHIP-CHAMPION-X/V015/build_server3.sh	100644	d3e4baa437917fad8802c5fe24125afee104c7a2		EXCLUDE	BUILD_OR_RUN_SCRIPT		script omitted
W3-R2-ADAPTIVE-CORE-OWNERSHIP-CHAMPION-X	V015	exp: record adaptive core ownership V015 local result	48fb4dcfe00ebd9ddf311160ea95cf275fbe221b	74151b0601772332fecbc97ac2b01114ddb0d54b	503b98cb22ae88798bb6bfca83a46676933f3600	本地实验/ADAPTIVE-CORE-OWNERSHIP-CHAMPION-X/V015/logs/correctness-current.log	100644	93177350950e3f9caa80014973a2312c2fbfcead	证据集成/W3/Batch-08-R2/R2/V015/logs/correctness-current.log	COPY	CORRECTNESS_LOG	D015	original bytes
W3-R2-ADAPTIVE-CORE-OWNERSHIP-CHAMPION-X	V015	exp: record adaptive core ownership V015 local result	48fb4dcfe00ebd9ddf311160ea95cf275fbe221b	74151b0601772332fecbc97ac2b01114ddb0d54b	503b98cb22ae88798bb6bfca83a46676933f3600	本地实验/ADAPTIVE-CORE-OWNERSHIP-CHAMPION-X/V015/logs/local-20261005T133305Z-post-usages.txt	100644	b4df76cc2a54ab97572765e89de1fd7af8af9e22	证据集成/W3/Batch-08-R2/R2/V015/logs/local-20261005T133305Z-post-usages.txt	COPY	LOCAL_CONTEXT_LOG		original bytes
W3-R2-ADAPTIVE-CORE-OWNERSHIP-CHAMPION-X	V015	exp: record adaptive core ownership V015 local result	48fb4dcfe00ebd9ddf311160ea95cf275fbe221b	74151b0601772332fecbc97ac2b01114ddb0d54b	503b98cb22ae88798bb6bfca83a46676933f3600	本地实验/ADAPTIVE-CORE-OWNERSHIP-CHAMPION-X/V015/logs/local-20261005T133305Z-pre-usages.txt	100644	2fd9a3e27933a188f6f7fdaeba130636b4b83311	证据集成/W3/Batch-08-R2/R2/V015/logs/local-20261005T133305Z-pre-usages.txt	COPY	LOCAL_CONTEXT_LOG		original bytes
W3-R2-ADAPTIVE-CORE-OWNERSHIP-CHAMPION-X	V015	exp: record adaptive core ownership V015 local result	48fb4dcfe00ebd9ddf311160ea95cf275fbe221b	74151b0601772332fecbc97ac2b01114ddb0d54b	503b98cb22ae88798bb6bfca83a46676933f3600	本地实验/ADAPTIVE-CORE-OWNERSHIP-CHAMPION-X/V015/logs/local-20261005T133305Z-raw.tsv	100644	ad06e2e4a6f3555a68702811ac23ab9ccdda0234	证据集成/W3/Batch-08-R2/R2/V015/logs/local-20261005T133305Z-raw.tsv	COPY	LOCAL_RAW_TABLE		original bytes
W3-R2-ADAPTIVE-CORE-OWNERSHIP-CHAMPION-X	V015	exp: record adaptive core ownership V015 local result	48fb4dcfe00ebd9ddf311160ea95cf275fbe221b	74151b0601772332fecbc97ac2b01114ddb0d54b	503b98cb22ae88798bb6bfca83a46676933f3600	本地实验/ADAPTIVE-CORE-OWNERSHIP-CHAMPION-X/V015/logs/local-20261005T133305Z-runner.log	100644	8a5bb6d83cc244f17fd9b44586e255b7dbc7549d	证据集成/W3/Batch-08-R2/R2/V015/logs/local-20261005T133305Z-runner.log	COPY	LOCAL_RUN_LOG		original bytes
W3-R2-ADAPTIVE-CORE-OWNERSHIP-CHAMPION-X	V015	exp: record adaptive core ownership V015 local result	48fb4dcfe00ebd9ddf311160ea95cf275fbe221b	74151b0601772332fecbc97ac2b01114ddb0d54b	503b98cb22ae88798bb6bfca83a46676933f3600	本地实验/ADAPTIVE-CORE-OWNERSHIP-CHAMPION-X/V015/logs/server3-transfer-compile-20261005T132922Z.log	100644	9e9ac3db683b3926c9211f3b589fc5689df4cc06	证据集成/W3/Batch-08-R2/R2/V015/logs/server3-transfer-compile-20261005T132922Z.log	COPY	COMPILE_LOG		original bytes
W3-R2-ADAPTIVE-CORE-OWNERSHIP-CHAMPION-X	V015	exp: record adaptive core ownership V015 local result	48fb4dcfe00ebd9ddf311160ea95cf275fbe221b	74151b0601772332fecbc97ac2b01114ddb0d54b	503b98cb22ae88798bb6bfca83a46676933f3600	本地实验/ADAPTIVE-CORE-OWNERSHIP-CHAMPION-X/V015/parent-source.json	100644	977b2dd6c14e871dcd6eab75ba8271ad12a8dd95	证据集成/W3/Batch-08-R2/R2/V015/parent-source.json	COPY	SOURCE_METADATA		original bytes
W3-R2-ADAPTIVE-CORE-OWNERSHIP-CHAMPION-X	V015	exp: record adaptive core ownership V015 local result	48fb4dcfe00ebd9ddf311160ea95cf275fbe221b	74151b0601772332fecbc97ac2b01114ddb0d54b	503b98cb22ae88798bb6bfca83a46676933f3600	本地实验/ADAPTIVE-CORE-OWNERSHIP-CHAMPION-X/V015/parent.asc	100644	94e532be5f2ebdf09dca0c5b28ce3b42b4c5c6bd		EXCLUDE	PARENT_KERNEL_SOURCE	D016	kernel source omitted; source blob id retained
W3-R2-ADAPTIVE-CORE-OWNERSHIP-CHAMPION-X	V015	exp: record adaptive core ownership V015 local result	48fb4dcfe00ebd9ddf311160ea95cf275fbe221b	74151b0601772332fecbc97ac2b01114ddb0d54b	503b98cb22ae88798bb6bfca83a46676933f3600	本地实验/ADAPTIVE-CORE-OWNERSHIP-CHAMPION-X/V015/run_server3.sh	100644	1181782f2f5831844370ae5ca570d65d58149af5		EXCLUDE	BUILD_OR_RUN_SCRIPT		script omitted
W3-R2-ADAPTIVE-CORE-OWNERSHIP-CHAMPION-X	V015	exp: record adaptive core ownership V015 local result	48fb4dcfe00ebd9ddf311160ea95cf275fbe221b	74151b0601772332fecbc97ac2b01114ddb0d54b	503b98cb22ae88798bb6bfca83a46676933f3600	本地实验/ADAPTIVE-CORE-OWNERSHIP-CHAMPION-X/V015/submission.asc	100644	7578f2fb980bd7472c0da842b803404e072ef80c		EXCLUDE	CANDIDATE_KERNEL_SOURCE	D012	kernel source omitted; source blob id retained
W3-R2-ADAPTIVE-CORE-OWNERSHIP-CHAMPION-X	V015	exp: record adaptive core ownership V015 local result	48fb4dcfe00ebd9ddf311160ea95cf275fbe221b	74151b0601772332fecbc97ac2b01114ddb0d54b	503b98cb22ae88798bb6bfca83a46676933f3600	本地实验/ADAPTIVE-CORE-OWNERSHIP-CHAMPION-X/V015/support/build_on_server3.sh	100644	967c260070324847e6081d89191584dd8ca478b0		EXCLUDE	BUILD_OR_RUN_SCRIPT		script omitted
W3-R2-ADAPTIVE-CORE-OWNERSHIP-CHAMPION-X	V015	exp: record adaptive core ownership V015 local result	48fb4dcfe00ebd9ddf311160ea95cf275fbe221b	74151b0601772332fecbc97ac2b01114ddb0d54b	503b98cb22ae88798bb6bfca83a46676933f3600	本地实验/ADAPTIVE-CORE-OWNERSHIP-CHAMPION-X/V015/support/candidate_entry.asc	100644	18e027bae25362b967ed9de7161661b7d178b00f		EXCLUDE	CANDIDATE_KERNEL_SOURCE	D003	kernel source omitted; source blob id retained
W3-R2-ADAPTIVE-CORE-OWNERSHIP-CHAMPION-X	V015	exp: record adaptive core ownership V015 local result	48fb4dcfe00ebd9ddf311160ea95cf275fbe221b	74151b0601772332fecbc97ac2b01114ddb0d54b	503b98cb22ae88798bb6bfca83a46676933f3600	本地实验/ADAPTIVE-CORE-OWNERSHIP-CHAMPION-X/V015/support/judge_types.hpp	100644	805d14e5125e17ebb48f4cd189640098214b869f		EXCLUDE	C_CPP_SUPPORT_SOURCE	D014	support source omitted; source blob id retained
W3-R2-ADAPTIVE-CORE-OWNERSHIP-CHAMPION-X	V015	exp: record adaptive core ownership V015 local result	48fb4dcfe00ebd9ddf311160ea95cf275fbe221b	74151b0601772332fecbc97ac2b01114ddb0d54b	503b98cb22ae88798bb6bfca83a46676933f3600	本地实验/ADAPTIVE-CORE-OWNERSHIP-CHAMPION-X/V015/support/parent_entry.asc	100644	7d992a0cb5ee7975373cd6a081171ea2d0e7a338		EXCLUDE	PARENT_KERNEL_SOURCE	D013	kernel source omitted; source blob id retained
W3-R2-ADAPTIVE-CORE-OWNERSHIP-CHAMPION-X	V015	exp: record adaptive core ownership V015 local result	48fb4dcfe00ebd9ddf311160ea95cf275fbe221b	74151b0601772332fecbc97ac2b01114ddb0d54b	503b98cb22ae88798bb6bfca83a46676933f3600	本地实验/ADAPTIVE-CORE-OWNERSHIP-CHAMPION-X/V015/support/probe.cpp	100644	a89a42fca0d46f34f90ec122dfe4b52ae266fb49		EXCLUDE	C_CPP_SUPPORT_SOURCE	D018	support source omitted; source blob id retained
W3-R2-ADAPTIVE-CORE-OWNERSHIP-CHAMPION-X	V016	exp: record adaptive core ownership V016 local result	498cc222000acdf20290606dc2ab31d2922c43d3	af8cc502ffaf79bc044e717ffd676e0af93b0cd1	503b98cb22ae88798bb6bfca83a46676933f3600	本地实验/ADAPTIVE-CORE-OWNERSHIP-CHAMPION-X/V016/CMakeLists.txt	100644	c9e7e5e25fa6c1900a1d3a47948c70b2fedd98ff		EXCLUDE	BUILD_CONFIGURATION		build configuration omitted
W3-R2-ADAPTIVE-CORE-OWNERSHIP-CHAMPION-X	V016	exp: record adaptive core ownership V016 local result	498cc222000acdf20290606dc2ab31d2922c43d3	af8cc502ffaf79bc044e717ffd676e0af93b0cd1	503b98cb22ae88798bb6bfca83a46676933f3600	本地实验/ADAPTIVE-CORE-OWNERSHIP-CHAMPION-X/V016/build_server3.sh	100644	5dd63af21ef958421e881c8ec8e7cdba72c0190e		EXCLUDE	BUILD_OR_RUN_SCRIPT		script omitted
W3-R2-ADAPTIVE-CORE-OWNERSHIP-CHAMPION-X	V016	exp: record adaptive core ownership V016 local result	498cc222000acdf20290606dc2ab31d2922c43d3	af8cc502ffaf79bc044e717ffd676e0af93b0cd1	503b98cb22ae88798bb6bfca83a46676933f3600	本地实验/ADAPTIVE-CORE-OWNERSHIP-CHAMPION-X/V016/logs/correctness-current.log	100644	93177350950e3f9caa80014973a2312c2fbfcead	证据集成/W3/Batch-08-R2/R2/V016/logs/correctness-current.log	COPY	CORRECTNESS_LOG	D015	original bytes
W3-R2-ADAPTIVE-CORE-OWNERSHIP-CHAMPION-X	V016	exp: record adaptive core ownership V016 local result	498cc222000acdf20290606dc2ab31d2922c43d3	af8cc502ffaf79bc044e717ffd676e0af93b0cd1	503b98cb22ae88798bb6bfca83a46676933f3600	本地实验/ADAPTIVE-CORE-OWNERSHIP-CHAMPION-X/V016/logs/local-20261005T140145Z-post-usages.txt	100644	0fd1aec8c4a417c09ca09b0019a1d1bf61a20ead	证据集成/W3/Batch-08-R2/R2/V016/logs/local-20261005T140145Z-post-usages.txt	COPY	LOCAL_CONTEXT_LOG		original bytes
W3-R2-ADAPTIVE-CORE-OWNERSHIP-CHAMPION-X	V016	exp: record adaptive core ownership V016 local result	498cc222000acdf20290606dc2ab31d2922c43d3	af8cc502ffaf79bc044e717ffd676e0af93b0cd1	503b98cb22ae88798bb6bfca83a46676933f3600	本地实验/ADAPTIVE-CORE-OWNERSHIP-CHAMPION-X/V016/logs/local-20261005T140145Z-pre-usages.txt	100644	25d1a7f02d3e574ae18e90d81d876b4933391107	证据集成/W3/Batch-08-R2/R2/V016/logs/local-20261005T140145Z-pre-usages.txt	COPY	LOCAL_CONTEXT_LOG		original bytes
W3-R2-ADAPTIVE-CORE-OWNERSHIP-CHAMPION-X	V016	exp: record adaptive core ownership V016 local result	498cc222000acdf20290606dc2ab31d2922c43d3	af8cc502ffaf79bc044e717ffd676e0af93b0cd1	503b98cb22ae88798bb6bfca83a46676933f3600	本地实验/ADAPTIVE-CORE-OWNERSHIP-CHAMPION-X/V016/logs/local-20261005T140145Z-raw.tsv	100644	2f9ed24051a3c0010c9cd2d0bce9bdc107489c86	证据集成/W3/Batch-08-R2/R2/V016/logs/local-20261005T140145Z-raw.tsv	COPY	LOCAL_RAW_TABLE		original bytes
W3-R2-ADAPTIVE-CORE-OWNERSHIP-CHAMPION-X	V016	exp: record adaptive core ownership V016 local result	498cc222000acdf20290606dc2ab31d2922c43d3	af8cc502ffaf79bc044e717ffd676e0af93b0cd1	503b98cb22ae88798bb6bfca83a46676933f3600	本地实验/ADAPTIVE-CORE-OWNERSHIP-CHAMPION-X/V016/logs/local-20261005T140145Z-runner.log	100644	8b4da41d89680141670f4192295ad0a76ba0c12d	证据集成/W3/Batch-08-R2/R2/V016/logs/local-20261005T140145Z-runner.log	COPY	LOCAL_RUN_LOG		original bytes
W3-R2-ADAPTIVE-CORE-OWNERSHIP-CHAMPION-X	V016	exp: record adaptive core ownership V016 local result	498cc222000acdf20290606dc2ab31d2922c43d3	af8cc502ffaf79bc044e717ffd676e0af93b0cd1	503b98cb22ae88798bb6bfca83a46676933f3600	本地实验/ADAPTIVE-CORE-OWNERSHIP-CHAMPION-X/V016/logs/server3-transfer-compile-20261005T135800Z.log	100644	be0abad48b204b0412d724350d40e0e4c15f9c9c	证据集成/W3/Batch-08-R2/R2/V016/logs/server3-transfer-compile-20261005T135800Z.log	COPY	COMPILE_LOG		original bytes
W3-R2-ADAPTIVE-CORE-OWNERSHIP-CHAMPION-X	V016	exp: record adaptive core ownership V016 local result	498cc222000acdf20290606dc2ab31d2922c43d3	af8cc502ffaf79bc044e717ffd676e0af93b0cd1	503b98cb22ae88798bb6bfca83a46676933f3600	本地实验/ADAPTIVE-CORE-OWNERSHIP-CHAMPION-X/V016/parent-source.json	100644	3db45aa83d115c20406aa04d0998b09ba283e04a	证据集成/W3/Batch-08-R2/R2/V016/parent-source.json	COPY	SOURCE_METADATA		original bytes
W3-R2-ADAPTIVE-CORE-OWNERSHIP-CHAMPION-X	V016	exp: record adaptive core ownership V016 local result	498cc222000acdf20290606dc2ab31d2922c43d3	af8cc502ffaf79bc044e717ffd676e0af93b0cd1	503b98cb22ae88798bb6bfca83a46676933f3600	本地实验/ADAPTIVE-CORE-OWNERSHIP-CHAMPION-X/V016/parent.asc	100644	7578f2fb980bd7472c0da842b803404e072ef80c		EXCLUDE	PARENT_KERNEL_SOURCE	D012	kernel source omitted; source blob id retained
W3-R2-ADAPTIVE-CORE-OWNERSHIP-CHAMPION-X	V016	exp: record adaptive core ownership V016 local result	498cc222000acdf20290606dc2ab31d2922c43d3	af8cc502ffaf79bc044e717ffd676e0af93b0cd1	503b98cb22ae88798bb6bfca83a46676933f3600	本地实验/ADAPTIVE-CORE-OWNERSHIP-CHAMPION-X/V016/run_server3.sh	100644	3bd99b5fa72def7a61383517e042323c3d9ecadb		EXCLUDE	BUILD_OR_RUN_SCRIPT		script omitted
W3-R2-ADAPTIVE-CORE-OWNERSHIP-CHAMPION-X	V016	exp: record adaptive core ownership V016 local result	498cc222000acdf20290606dc2ab31d2922c43d3	af8cc502ffaf79bc044e717ffd676e0af93b0cd1	503b98cb22ae88798bb6bfca83a46676933f3600	本地实验/ADAPTIVE-CORE-OWNERSHIP-CHAMPION-X/V016/submission.asc	100644	ebd963e340639ab11b2f36111ac3c2edace5a32c		EXCLUDE	CANDIDATE_KERNEL_SOURCE		kernel source omitted; source blob id retained
W3-R2-ADAPTIVE-CORE-OWNERSHIP-CHAMPION-X	V016	exp: record adaptive core ownership V016 local result	498cc222000acdf20290606dc2ab31d2922c43d3	af8cc502ffaf79bc044e717ffd676e0af93b0cd1	503b98cb22ae88798bb6bfca83a46676933f3600	本地实验/ADAPTIVE-CORE-OWNERSHIP-CHAMPION-X/V016/support/build_on_server3.sh	100644	7330f751d6b9a959936cbcd17f0a173afc9bc676		EXCLUDE	BUILD_OR_RUN_SCRIPT		script omitted
W3-R2-ADAPTIVE-CORE-OWNERSHIP-CHAMPION-X	V016	exp: record adaptive core ownership V016 local result	498cc222000acdf20290606dc2ab31d2922c43d3	af8cc502ffaf79bc044e717ffd676e0af93b0cd1	503b98cb22ae88798bb6bfca83a46676933f3600	本地实验/ADAPTIVE-CORE-OWNERSHIP-CHAMPION-X/V016/support/candidate_entry.asc	100644	18e027bae25362b967ed9de7161661b7d178b00f		EXCLUDE	CANDIDATE_KERNEL_SOURCE	D003	kernel source omitted; source blob id retained
W3-R2-ADAPTIVE-CORE-OWNERSHIP-CHAMPION-X	V016	exp: record adaptive core ownership V016 local result	498cc222000acdf20290606dc2ab31d2922c43d3	af8cc502ffaf79bc044e717ffd676e0af93b0cd1	503b98cb22ae88798bb6bfca83a46676933f3600	本地实验/ADAPTIVE-CORE-OWNERSHIP-CHAMPION-X/V016/support/judge_types.hpp	100644	805d14e5125e17ebb48f4cd189640098214b869f		EXCLUDE	C_CPP_SUPPORT_SOURCE	D014	support source omitted; source blob id retained
W3-R2-ADAPTIVE-CORE-OWNERSHIP-CHAMPION-X	V016	exp: record adaptive core ownership V016 local result	498cc222000acdf20290606dc2ab31d2922c43d3	af8cc502ffaf79bc044e717ffd676e0af93b0cd1	503b98cb22ae88798bb6bfca83a46676933f3600	本地实验/ADAPTIVE-CORE-OWNERSHIP-CHAMPION-X/V016/support/parent_entry.asc	100644	7d992a0cb5ee7975373cd6a081171ea2d0e7a338		EXCLUDE	PARENT_KERNEL_SOURCE	D013	kernel source omitted; source blob id retained
W3-R2-ADAPTIVE-CORE-OWNERSHIP-CHAMPION-X	V016	exp: record adaptive core ownership V016 local result	498cc222000acdf20290606dc2ab31d2922c43d3	af8cc502ffaf79bc044e717ffd676e0af93b0cd1	503b98cb22ae88798bb6bfca83a46676933f3600	本地实验/ADAPTIVE-CORE-OWNERSHIP-CHAMPION-X/V016/support/probe.cpp	100644	a89a42fca0d46f34f90ec122dfe4b52ae266fb49		EXCLUDE	C_CPP_SUPPORT_SOURCE	D018	support source omitted; source blob id retained
W3-R2-ADAPTIVE-CORE-OWNERSHIP-CHAMPION-X	V017	exp: record adaptive core ownership V017 local result	02fdf80359cb1a09dec5b6f23c2c49f97ce57ac4	c5e20cf6c65d613526156f1eed8effe37f5ae665	503b98cb22ae88798bb6bfca83a46676933f3600	本地实验/ADAPTIVE-CORE-OWNERSHIP-CHAMPION-X/V017/CMakeLists.txt	100644	2c6a80ad7efc51768e2122663a54bf24a6d2090d		EXCLUDE	BUILD_CONFIGURATION		build configuration omitted
W3-R2-ADAPTIVE-CORE-OWNERSHIP-CHAMPION-X	V017	exp: record adaptive core ownership V017 local result	02fdf80359cb1a09dec5b6f23c2c49f97ce57ac4	c5e20cf6c65d613526156f1eed8effe37f5ae665	503b98cb22ae88798bb6bfca83a46676933f3600	本地实验/ADAPTIVE-CORE-OWNERSHIP-CHAMPION-X/V017/build_server3.sh	100644	3010d06f79196bc9aeddea48cac10fe223a74952		EXCLUDE	BUILD_OR_RUN_SCRIPT		script omitted
W3-R2-ADAPTIVE-CORE-OWNERSHIP-CHAMPION-X	V017	exp: record adaptive core ownership V017 local result	02fdf80359cb1a09dec5b6f23c2c49f97ce57ac4	c5e20cf6c65d613526156f1eed8effe37f5ae665	503b98cb22ae88798bb6bfca83a46676933f3600	本地实验/ADAPTIVE-CORE-OWNERSHIP-CHAMPION-X/V017/logs/correctness-20261006T160005Z.log	100644	93177350950e3f9caa80014973a2312c2fbfcead	证据集成/W3/Batch-08-R2/R2/V017/logs/correctness-20261006T160005Z.log	COPY	CORRECTNESS_LOG	D015	original bytes
W3-R2-ADAPTIVE-CORE-OWNERSHIP-CHAMPION-X	V017	exp: record adaptive core ownership V017 local result	02fdf80359cb1a09dec5b6f23c2c49f97ce57ac4	c5e20cf6c65d613526156f1eed8effe37f5ae665	503b98cb22ae88798bb6bfca83a46676933f3600	本地实验/ADAPTIVE-CORE-OWNERSHIP-CHAMPION-X/V017/logs/local-20261006T160054Z-pre-usages.txt	100644	e268df4a66923720bd5cfb1e76e4d61f922a6f81	证据集成/W3/Batch-08-R2/R2/V017/logs/local-20261006T160054Z-pre-usages.txt	COPY	LOCAL_CONTEXT_LOG		original bytes
W3-R2-ADAPTIVE-CORE-OWNERSHIP-CHAMPION-X	V017	exp: record adaptive core ownership V017 local result	02fdf80359cb1a09dec5b6f23c2c49f97ce57ac4	c5e20cf6c65d613526156f1eed8effe37f5ae665	503b98cb22ae88798bb6bfca83a46676933f3600	本地实验/ADAPTIVE-CORE-OWNERSHIP-CHAMPION-X/V017/logs/local-20261006T160202Z-post-usages.txt	100644	792962ff1e504314274b89b52bda3c7c1ff886a9	证据集成/W3/Batch-08-R2/R2/V017/logs/local-20261006T160202Z-post-usages.txt	COPY	LOCAL_CONTEXT_LOG		original bytes
W3-R2-ADAPTIVE-CORE-OWNERSHIP-CHAMPION-X	V017	exp: record adaptive core ownership V017 local result	02fdf80359cb1a09dec5b6f23c2c49f97ce57ac4	c5e20cf6c65d613526156f1eed8effe37f5ae665	503b98cb22ae88798bb6bfca83a46676933f3600	本地实验/ADAPTIVE-CORE-OWNERSHIP-CHAMPION-X/V017/logs/local-20261006T160202Z-runner.log	100644	8785a77341020a54ce80c2e53c0f6c541c2c2a97	证据集成/W3/Batch-08-R2/R2/V017/logs/local-20261006T160202Z-runner.log	COPY	LOCAL_RUN_LOG		original bytes
W3-R2-ADAPTIVE-CORE-OWNERSHIP-CHAMPION-X	V017	exp: record adaptive core ownership V017 local result	02fdf80359cb1a09dec5b6f23c2c49f97ce57ac4	c5e20cf6c65d613526156f1eed8effe37f5ae665	503b98cb22ae88798bb6bfca83a46676933f3600	本地实验/ADAPTIVE-CORE-OWNERSHIP-CHAMPION-X/V017/logs/local-20261006T160352Z-pre-retry-usages.txt	100644	e82035849c2668ed202c1fc6a53530343fa99fe5	证据集成/W3/Batch-08-R2/R2/V017/logs/local-20261006T160352Z-pre-retry-usages.txt	COPY	LOCAL_CONTEXT_LOG		original bytes
W3-R2-ADAPTIVE-CORE-OWNERSHIP-CHAMPION-X	V017	exp: record adaptive core ownership V017 local result	02fdf80359cb1a09dec5b6f23c2c49f97ce57ac4	c5e20cf6c65d613526156f1eed8effe37f5ae665	503b98cb22ae88798bb6bfca83a46676933f3600	本地实验/ADAPTIVE-CORE-OWNERSHIP-CHAMPION-X/V017/logs/local-20261006T160426Z-post-usages.txt	100644	acc7d9f016e0526f9a8396eb25429643349ef0b5	证据集成/W3/Batch-08-R2/R2/V017/logs/local-20261006T160426Z-post-usages.txt	COPY	LOCAL_CONTEXT_LOG		original bytes
W3-R2-ADAPTIVE-CORE-OWNERSHIP-CHAMPION-X	V017	exp: record adaptive core ownership V017 local result	02fdf80359cb1a09dec5b6f23c2c49f97ce57ac4	c5e20cf6c65d613526156f1eed8effe37f5ae665	503b98cb22ae88798bb6bfca83a46676933f3600	本地实验/ADAPTIVE-CORE-OWNERSHIP-CHAMPION-X/V017/logs/local-20261006T160426Z-raw.tsv	100644	6dbe17e52a62192c32a2c115a36914a7d113cc95	证据集成/W3/Batch-08-R2/R2/V017/logs/local-20261006T160426Z-raw.tsv	COPY	LOCAL_RAW_TABLE		original bytes
W3-R2-ADAPTIVE-CORE-OWNERSHIP-CHAMPION-X	V017	exp: record adaptive core ownership V017 local result	02fdf80359cb1a09dec5b6f23c2c49f97ce57ac4	c5e20cf6c65d613526156f1eed8effe37f5ae665	503b98cb22ae88798bb6bfca83a46676933f3600	本地实验/ADAPTIVE-CORE-OWNERSHIP-CHAMPION-X/V017/logs/local-20261006T160426Z-runner.log	100644	c7a12ba5694981391cb706657a6eae4b455b4c76	证据集成/W3/Batch-08-R2/R2/V017/logs/local-20261006T160426Z-runner.log	COPY	LOCAL_RUN_LOG		original bytes
W3-R2-ADAPTIVE-CORE-OWNERSHIP-CHAMPION-X	V017	exp: record adaptive core ownership V017 local result	02fdf80359cb1a09dec5b6f23c2c49f97ce57ac4	c5e20cf6c65d613526156f1eed8effe37f5ae665	503b98cb22ae88798bb6bfca83a46676933f3600	本地实验/ADAPTIVE-CORE-OWNERSHIP-CHAMPION-X/V017/logs/server3-transfer-compile-20261006T155744Z.log	100644	9d6a5e04dd6c82c6c7e868963be087378521bc10	证据集成/W3/Batch-08-R2/R2/V017/logs/server3-transfer-compile-20261006T155744Z.log	COPY	COMPILE_LOG		original bytes
W3-R2-ADAPTIVE-CORE-OWNERSHIP-CHAMPION-X	V017	exp: record adaptive core ownership V017 local result	02fdf80359cb1a09dec5b6f23c2c49f97ce57ac4	c5e20cf6c65d613526156f1eed8effe37f5ae665	503b98cb22ae88798bb6bfca83a46676933f3600	本地实验/ADAPTIVE-CORE-OWNERSHIP-CHAMPION-X/V017/parent-source.json	100644	f34d21585ab0efd70e86ed49c629c64f56d4c8ce	证据集成/W3/Batch-08-R2/R2/V017/parent-source.json	COPY	SOURCE_METADATA		original bytes
W3-R2-ADAPTIVE-CORE-OWNERSHIP-CHAMPION-X	V017	exp: record adaptive core ownership V017 local result	02fdf80359cb1a09dec5b6f23c2c49f97ce57ac4	c5e20cf6c65d613526156f1eed8effe37f5ae665	503b98cb22ae88798bb6bfca83a46676933f3600	本地实验/ADAPTIVE-CORE-OWNERSHIP-CHAMPION-X/V017/parent.asc	100644	7578f2fb980bd7472c0da842b803404e072ef80c		EXCLUDE	PARENT_KERNEL_SOURCE	D012	kernel source omitted; source blob id retained
W3-R2-ADAPTIVE-CORE-OWNERSHIP-CHAMPION-X	V017	exp: record adaptive core ownership V017 local result	02fdf80359cb1a09dec5b6f23c2c49f97ce57ac4	c5e20cf6c65d613526156f1eed8effe37f5ae665	503b98cb22ae88798bb6bfca83a46676933f3600	本地实验/ADAPTIVE-CORE-OWNERSHIP-CHAMPION-X/V017/run_server3.sh	100644	49cbc1b246b11944669ff8ad0acae50db54789ba		EXCLUDE	BUILD_OR_RUN_SCRIPT		script omitted
W3-R2-ADAPTIVE-CORE-OWNERSHIP-CHAMPION-X	V017	exp: record adaptive core ownership V017 local result	02fdf80359cb1a09dec5b6f23c2c49f97ce57ac4	c5e20cf6c65d613526156f1eed8effe37f5ae665	503b98cb22ae88798bb6bfca83a46676933f3600	本地实验/ADAPTIVE-CORE-OWNERSHIP-CHAMPION-X/V017/submission.asc	100644	3e87201f5f6db80b60af8e4bdeb76ef806f0666e		EXCLUDE	CANDIDATE_KERNEL_SOURCE		kernel source omitted; source blob id retained
W3-R2-ADAPTIVE-CORE-OWNERSHIP-CHAMPION-X	V017	exp: record adaptive core ownership V017 local result	02fdf80359cb1a09dec5b6f23c2c49f97ce57ac4	c5e20cf6c65d613526156f1eed8effe37f5ae665	503b98cb22ae88798bb6bfca83a46676933f3600	本地实验/ADAPTIVE-CORE-OWNERSHIP-CHAMPION-X/V017/support/build_on_server3.sh	100644	5c69f54ef2eec1a7bee1cb547771f191c3e69914		EXCLUDE	BUILD_OR_RUN_SCRIPT		script omitted
W3-R2-ADAPTIVE-CORE-OWNERSHIP-CHAMPION-X	V017	exp: record adaptive core ownership V017 local result	02fdf80359cb1a09dec5b6f23c2c49f97ce57ac4	c5e20cf6c65d613526156f1eed8effe37f5ae665	503b98cb22ae88798bb6bfca83a46676933f3600	本地实验/ADAPTIVE-CORE-OWNERSHIP-CHAMPION-X/V017/support/candidate_entry.asc	100644	18e027bae25362b967ed9de7161661b7d178b00f		EXCLUDE	CANDIDATE_KERNEL_SOURCE	D003	kernel source omitted; source blob id retained
W3-R2-ADAPTIVE-CORE-OWNERSHIP-CHAMPION-X	V017	exp: record adaptive core ownership V017 local result	02fdf80359cb1a09dec5b6f23c2c49f97ce57ac4	c5e20cf6c65d613526156f1eed8effe37f5ae665	503b98cb22ae88798bb6bfca83a46676933f3600	本地实验/ADAPTIVE-CORE-OWNERSHIP-CHAMPION-X/V017/support/judge_types.hpp	100644	805d14e5125e17ebb48f4cd189640098214b869f		EXCLUDE	C_CPP_SUPPORT_SOURCE	D014	support source omitted; source blob id retained
W3-R2-ADAPTIVE-CORE-OWNERSHIP-CHAMPION-X	V017	exp: record adaptive core ownership V017 local result	02fdf80359cb1a09dec5b6f23c2c49f97ce57ac4	c5e20cf6c65d613526156f1eed8effe37f5ae665	503b98cb22ae88798bb6bfca83a46676933f3600	本地实验/ADAPTIVE-CORE-OWNERSHIP-CHAMPION-X/V017/support/parent_entry.asc	100644	7d992a0cb5ee7975373cd6a081171ea2d0e7a338		EXCLUDE	PARENT_KERNEL_SOURCE	D013	kernel source omitted; source blob id retained
W3-R2-ADAPTIVE-CORE-OWNERSHIP-CHAMPION-X	V017	exp: record adaptive core ownership V017 local result	02fdf80359cb1a09dec5b6f23c2c49f97ce57ac4	c5e20cf6c65d613526156f1eed8effe37f5ae665	503b98cb22ae88798bb6bfca83a46676933f3600	本地实验/ADAPTIVE-CORE-OWNERSHIP-CHAMPION-X/V017/support/probe.cpp	100644	a89a42fca0d46f34f90ec122dfe4b52ae266fb49		EXCLUDE	C_CPP_SUPPORT_SOURCE	D018	support source omitted; source blob id retained
W3-R2-ADAPTIVE-CORE-OWNERSHIP-CHAMPION-X	V018	exp: record adaptive core ownership V018 local result	2e488e6de7821a3701ac19feb2f1eef9dd57e485	3d0e3f62c792c7e5b4e95da91e29fe47a20e3fd4	503b98cb22ae88798bb6bfca83a46676933f3600	本地实验/ADAPTIVE-CORE-OWNERSHIP-CHAMPION-X/V018/CMakeLists.txt	100644	117a61d0624dffd63d70872f1fcf2e3d135b545d		EXCLUDE	BUILD_CONFIGURATION		build configuration omitted
W3-R2-ADAPTIVE-CORE-OWNERSHIP-CHAMPION-X	V018	exp: record adaptive core ownership V018 local result	2e488e6de7821a3701ac19feb2f1eef9dd57e485	3d0e3f62c792c7e5b4e95da91e29fe47a20e3fd4	503b98cb22ae88798bb6bfca83a46676933f3600	本地实验/ADAPTIVE-CORE-OWNERSHIP-CHAMPION-X/V018/build_server3.sh	100644	90f79c58b3f774f326a894b5c7b3f8e87d5334e3		EXCLUDE	BUILD_OR_RUN_SCRIPT		script omitted
W3-R2-ADAPTIVE-CORE-OWNERSHIP-CHAMPION-X	V018	exp: record adaptive core ownership V018 local result	2e488e6de7821a3701ac19feb2f1eef9dd57e485	3d0e3f62c792c7e5b4e95da91e29fe47a20e3fd4	503b98cb22ae88798bb6bfca83a46676933f3600	本地实验/ADAPTIVE-CORE-OWNERSHIP-CHAMPION-X/V018/logs/correctness-20261006T161529Z.log	100644	93177350950e3f9caa80014973a2312c2fbfcead	证据集成/W3/Batch-08-R2/R2/V018/logs/correctness-20261006T161529Z.log	COPY	CORRECTNESS_LOG	D015	original bytes
W3-R2-ADAPTIVE-CORE-OWNERSHIP-CHAMPION-X	V018	exp: record adaptive core ownership V018 local result	2e488e6de7821a3701ac19feb2f1eef9dd57e485	3d0e3f62c792c7e5b4e95da91e29fe47a20e3fd4	503b98cb22ae88798bb6bfca83a46676933f3600	本地实验/ADAPTIVE-CORE-OWNERSHIP-CHAMPION-X/V018/logs/local-20261006T161815Z-pre-usages.txt	100644	54f680cbf144f9ce1fde654684e073828d555e36	证据集成/W3/Batch-08-R2/R2/V018/logs/local-20261006T161815Z-pre-usages.txt	COPY	LOCAL_CONTEXT_LOG		original bytes
W3-R2-ADAPTIVE-CORE-OWNERSHIP-CHAMPION-X	V018	exp: record adaptive core ownership V018 local result	2e488e6de7821a3701ac19feb2f1eef9dd57e485	3d0e3f62c792c7e5b4e95da91e29fe47a20e3fd4	503b98cb22ae88798bb6bfca83a46676933f3600	本地实验/ADAPTIVE-CORE-OWNERSHIP-CHAMPION-X/V018/logs/local-20261006T161853Z-post-usages.txt	100644	19b0f4e664d7bbfb17a3682d677583a40eddb4e5	证据集成/W3/Batch-08-R2/R2/V018/logs/local-20261006T161853Z-post-usages.txt	COPY	LOCAL_CONTEXT_LOG		original bytes
W3-R2-ADAPTIVE-CORE-OWNERSHIP-CHAMPION-X	V018	exp: record adaptive core ownership V018 local result	2e488e6de7821a3701ac19feb2f1eef9dd57e485	3d0e3f62c792c7e5b4e95da91e29fe47a20e3fd4	503b98cb22ae88798bb6bfca83a46676933f3600	本地实验/ADAPTIVE-CORE-OWNERSHIP-CHAMPION-X/V018/logs/local-20261006T161853Z-raw.tsv	100644	1c57f51790c640a183291929185e26d9e064dd76	证据集成/W3/Batch-08-R2/R2/V018/logs/local-20261006T161853Z-raw.tsv	COPY	LOCAL_RAW_TABLE		original bytes
W3-R2-ADAPTIVE-CORE-OWNERSHIP-CHAMPION-X	V018	exp: record adaptive core ownership V018 local result	2e488e6de7821a3701ac19feb2f1eef9dd57e485	3d0e3f62c792c7e5b4e95da91e29fe47a20e3fd4	503b98cb22ae88798bb6bfca83a46676933f3600	本地实验/ADAPTIVE-CORE-OWNERSHIP-CHAMPION-X/V018/logs/local-20261006T161853Z-runner.log	100644	592c4b7501d357ee0935b845a639a535e5f0a7f6	证据集成/W3/Batch-08-R2/R2/V018/logs/local-20261006T161853Z-runner.log	COPY	LOCAL_RUN_LOG		original bytes
W3-R2-ADAPTIVE-CORE-OWNERSHIP-CHAMPION-X	V018	exp: record adaptive core ownership V018 local result	2e488e6de7821a3701ac19feb2f1eef9dd57e485	3d0e3f62c792c7e5b4e95da91e29fe47a20e3fd4	503b98cb22ae88798bb6bfca83a46676933f3600	本地实验/ADAPTIVE-CORE-OWNERSHIP-CHAMPION-X/V018/logs/server3-transfer-compile-20261006T161248Z.log	100644	2a3b3bf893c5fedbda7d1812e15949b855fbd2b3	证据集成/W3/Batch-08-R2/R2/V018/logs/server3-transfer-compile-20261006T161248Z.log	COPY	COMPILE_LOG		original bytes
W3-R2-ADAPTIVE-CORE-OWNERSHIP-CHAMPION-X	V018	exp: record adaptive core ownership V018 local result	2e488e6de7821a3701ac19feb2f1eef9dd57e485	3d0e3f62c792c7e5b4e95da91e29fe47a20e3fd4	503b98cb22ae88798bb6bfca83a46676933f3600	本地实验/ADAPTIVE-CORE-OWNERSHIP-CHAMPION-X/V018/parent-source.json	100644	b2962031b2da3c663a89e3c1da8116e45865d10c	证据集成/W3/Batch-08-R2/R2/V018/parent-source.json	COPY	SOURCE_METADATA		original bytes
W3-R2-ADAPTIVE-CORE-OWNERSHIP-CHAMPION-X	V018	exp: record adaptive core ownership V018 local result	2e488e6de7821a3701ac19feb2f1eef9dd57e485	3d0e3f62c792c7e5b4e95da91e29fe47a20e3fd4	503b98cb22ae88798bb6bfca83a46676933f3600	本地实验/ADAPTIVE-CORE-OWNERSHIP-CHAMPION-X/V018/parent.asc	100644	7578f2fb980bd7472c0da842b803404e072ef80c		EXCLUDE	PARENT_KERNEL_SOURCE	D012	kernel source omitted; source blob id retained
W3-R2-ADAPTIVE-CORE-OWNERSHIP-CHAMPION-X	V018	exp: record adaptive core ownership V018 local result	2e488e6de7821a3701ac19feb2f1eef9dd57e485	3d0e3f62c792c7e5b4e95da91e29fe47a20e3fd4	503b98cb22ae88798bb6bfca83a46676933f3600	本地实验/ADAPTIVE-CORE-OWNERSHIP-CHAMPION-X/V018/run_server3.sh	100644	b4957e4f0f56e2b20ee6a8be6d93819c0531a6bb		EXCLUDE	BUILD_OR_RUN_SCRIPT		script omitted
W3-R2-ADAPTIVE-CORE-OWNERSHIP-CHAMPION-X	V018	exp: record adaptive core ownership V018 local result	2e488e6de7821a3701ac19feb2f1eef9dd57e485	3d0e3f62c792c7e5b4e95da91e29fe47a20e3fd4	503b98cb22ae88798bb6bfca83a46676933f3600	本地实验/ADAPTIVE-CORE-OWNERSHIP-CHAMPION-X/V018/submission.asc	100644	c7e6e9330ade302e705f478b15760550b6e13bf0		EXCLUDE	CANDIDATE_KERNEL_SOURCE		kernel source omitted; source blob id retained
W3-R2-ADAPTIVE-CORE-OWNERSHIP-CHAMPION-X	V018	exp: record adaptive core ownership V018 local result	2e488e6de7821a3701ac19feb2f1eef9dd57e485	3d0e3f62c792c7e5b4e95da91e29fe47a20e3fd4	503b98cb22ae88798bb6bfca83a46676933f3600	本地实验/ADAPTIVE-CORE-OWNERSHIP-CHAMPION-X/V018/support/build_on_server3.sh	100644	88889b88e37ed926a8e8a13b4e3730703e9c51bf		EXCLUDE	BUILD_OR_RUN_SCRIPT		script omitted
W3-R2-ADAPTIVE-CORE-OWNERSHIP-CHAMPION-X	V018	exp: record adaptive core ownership V018 local result	2e488e6de7821a3701ac19feb2f1eef9dd57e485	3d0e3f62c792c7e5b4e95da91e29fe47a20e3fd4	503b98cb22ae88798bb6bfca83a46676933f3600	本地实验/ADAPTIVE-CORE-OWNERSHIP-CHAMPION-X/V018/support/candidate_entry.asc	100644	18e027bae25362b967ed9de7161661b7d178b00f		EXCLUDE	CANDIDATE_KERNEL_SOURCE	D003	kernel source omitted; source blob id retained
W3-R2-ADAPTIVE-CORE-OWNERSHIP-CHAMPION-X	V018	exp: record adaptive core ownership V018 local result	2e488e6de7821a3701ac19feb2f1eef9dd57e485	3d0e3f62c792c7e5b4e95da91e29fe47a20e3fd4	503b98cb22ae88798bb6bfca83a46676933f3600	本地实验/ADAPTIVE-CORE-OWNERSHIP-CHAMPION-X/V018/support/judge_types.hpp	100644	805d14e5125e17ebb48f4cd189640098214b869f		EXCLUDE	C_CPP_SUPPORT_SOURCE	D014	support source omitted; source blob id retained
W3-R2-ADAPTIVE-CORE-OWNERSHIP-CHAMPION-X	V018	exp: record adaptive core ownership V018 local result	2e488e6de7821a3701ac19feb2f1eef9dd57e485	3d0e3f62c792c7e5b4e95da91e29fe47a20e3fd4	503b98cb22ae88798bb6bfca83a46676933f3600	本地实验/ADAPTIVE-CORE-OWNERSHIP-CHAMPION-X/V018/support/parent_entry.asc	100644	7d992a0cb5ee7975373cd6a081171ea2d0e7a338		EXCLUDE	PARENT_KERNEL_SOURCE	D013	kernel source omitted; source blob id retained
W3-R2-ADAPTIVE-CORE-OWNERSHIP-CHAMPION-X	V018	exp: record adaptive core ownership V018 local result	2e488e6de7821a3701ac19feb2f1eef9dd57e485	3d0e3f62c792c7e5b4e95da91e29fe47a20e3fd4	503b98cb22ae88798bb6bfca83a46676933f3600	本地实验/ADAPTIVE-CORE-OWNERSHIP-CHAMPION-X/V018/support/probe.cpp	100644	a89a42fca0d46f34f90ec122dfe4b52ae266fb49		EXCLUDE	C_CPP_SUPPORT_SOURCE	D018	support source omitted; source blob id retained
W3-R2-ADAPTIVE-CORE-OWNERSHIP-CHAMPION-X	V019	exp: record adaptive core ownership V019 local result	58307a05400934cc8ce1a2d4c8cc2021e57e6485	740797df62d2934fdf4b73d82c036d958329c05c	503b98cb22ae88798bb6bfca83a46676933f3600	本地实验/ADAPTIVE-CORE-OWNERSHIP-CHAMPION-X/V019/CMakeLists.txt	100644	e248b58ce5ce11a404f159160ecaee4ad9e7d7eb		EXCLUDE	BUILD_CONFIGURATION		build configuration omitted
W3-R2-ADAPTIVE-CORE-OWNERSHIP-CHAMPION-X	V019	exp: record adaptive core ownership V019 local result	58307a05400934cc8ce1a2d4c8cc2021e57e6485	740797df62d2934fdf4b73d82c036d958329c05c	503b98cb22ae88798bb6bfca83a46676933f3600	本地实验/ADAPTIVE-CORE-OWNERSHIP-CHAMPION-X/V019/build_server3.sh	100644	ebec1bbfc34f8644b1f195a6f42cd019f5352783		EXCLUDE	BUILD_OR_RUN_SCRIPT		script omitted
W3-R2-ADAPTIVE-CORE-OWNERSHIP-CHAMPION-X	V019	exp: record adaptive core ownership V019 local result	58307a05400934cc8ce1a2d4c8cc2021e57e6485	740797df62d2934fdf4b73d82c036d958329c05c	503b98cb22ae88798bb6bfca83a46676933f3600	本地实验/ADAPTIVE-CORE-OWNERSHIP-CHAMPION-X/V019/logs/correctness-20261006T162807Z.log	100644	93177350950e3f9caa80014973a2312c2fbfcead	证据集成/W3/Batch-08-R2/R2/V019/logs/correctness-20261006T162807Z.log	COPY	CORRECTNESS_LOG	D015	original bytes
W3-R2-ADAPTIVE-CORE-OWNERSHIP-CHAMPION-X	V019	exp: record adaptive core ownership V019 local result	58307a05400934cc8ce1a2d4c8cc2021e57e6485	740797df62d2934fdf4b73d82c036d958329c05c	503b98cb22ae88798bb6bfca83a46676933f3600	本地实验/ADAPTIVE-CORE-OWNERSHIP-CHAMPION-X/V019/logs/local-20261006T162901Z-pre-usages.txt	100644	0ddddd52a6a950f31bc48c7b44cdf271073ab287	证据集成/W3/Batch-08-R2/R2/V019/logs/local-20261006T162901Z-pre-usages.txt	COPY	LOCAL_CONTEXT_LOG		original bytes
W3-R2-ADAPTIVE-CORE-OWNERSHIP-CHAMPION-X	V019	exp: record adaptive core ownership V019 local result	58307a05400934cc8ce1a2d4c8cc2021e57e6485	740797df62d2934fdf4b73d82c036d958329c05c	503b98cb22ae88798bb6bfca83a46676933f3600	本地实验/ADAPTIVE-CORE-OWNERSHIP-CHAMPION-X/V019/logs/local-20261006T163019Z-post-usages.txt	100644	d8837aa24a30e96ba732c5630828918736bfcfd7	证据集成/W3/Batch-08-R2/R2/V019/logs/local-20261006T163019Z-post-usages.txt	COPY	LOCAL_CONTEXT_LOG		original bytes
W3-R2-ADAPTIVE-CORE-OWNERSHIP-CHAMPION-X	V019	exp: record adaptive core ownership V019 local result	58307a05400934cc8ce1a2d4c8cc2021e57e6485	740797df62d2934fdf4b73d82c036d958329c05c	503b98cb22ae88798bb6bfca83a46676933f3600	本地实验/ADAPTIVE-CORE-OWNERSHIP-CHAMPION-X/V019/logs/local-20261006T163019Z-raw.tsv	100644	4d1e6205b0b62ce2b225893ea5f7cb4e05ebae37	证据集成/W3/Batch-08-R2/R2/V019/logs/local-20261006T163019Z-raw.tsv	COPY	LOCAL_RAW_TABLE		original bytes
W3-R2-ADAPTIVE-CORE-OWNERSHIP-CHAMPION-X	V019	exp: record adaptive core ownership V019 local result	58307a05400934cc8ce1a2d4c8cc2021e57e6485	740797df62d2934fdf4b73d82c036d958329c05c	503b98cb22ae88798bb6bfca83a46676933f3600	本地实验/ADAPTIVE-CORE-OWNERSHIP-CHAMPION-X/V019/logs/local-20261006T163019Z-runner.log	100644	be3c8c5294d5d7271cdbafcf695492ec6ec31b5e	证据集成/W3/Batch-08-R2/R2/V019/logs/local-20261006T163019Z-runner.log	COPY	LOCAL_RUN_LOG		original bytes
W3-R2-ADAPTIVE-CORE-OWNERSHIP-CHAMPION-X	V019	exp: record adaptive core ownership V019 local result	58307a05400934cc8ce1a2d4c8cc2021e57e6485	740797df62d2934fdf4b73d82c036d958329c05c	503b98cb22ae88798bb6bfca83a46676933f3600	本地实验/ADAPTIVE-CORE-OWNERSHIP-CHAMPION-X/V019/logs/server3-transfer-compile-20261006T162550Z.log	100644	83998c5b58943e71beb39de41d0368ede5b8dc62	证据集成/W3/Batch-08-R2/R2/V019/logs/server3-transfer-compile-20261006T162550Z.log	COPY	COMPILE_LOG		original bytes
W3-R2-ADAPTIVE-CORE-OWNERSHIP-CHAMPION-X	V019	exp: record adaptive core ownership V019 local result	58307a05400934cc8ce1a2d4c8cc2021e57e6485	740797df62d2934fdf4b73d82c036d958329c05c	503b98cb22ae88798bb6bfca83a46676933f3600	本地实验/ADAPTIVE-CORE-OWNERSHIP-CHAMPION-X/V019/parent-source.json	100644	a85265c70ffe89dc529caef91a29e84f179c38a3	证据集成/W3/Batch-08-R2/R2/V019/parent-source.json	COPY	SOURCE_METADATA		original bytes
W3-R2-ADAPTIVE-CORE-OWNERSHIP-CHAMPION-X	V019	exp: record adaptive core ownership V019 local result	58307a05400934cc8ce1a2d4c8cc2021e57e6485	740797df62d2934fdf4b73d82c036d958329c05c	503b98cb22ae88798bb6bfca83a46676933f3600	本地实验/ADAPTIVE-CORE-OWNERSHIP-CHAMPION-X/V019/parent.asc	100644	7578f2fb980bd7472c0da842b803404e072ef80c		EXCLUDE	PARENT_KERNEL_SOURCE	D012	kernel source omitted; source blob id retained
W3-R2-ADAPTIVE-CORE-OWNERSHIP-CHAMPION-X	V019	exp: record adaptive core ownership V019 local result	58307a05400934cc8ce1a2d4c8cc2021e57e6485	740797df62d2934fdf4b73d82c036d958329c05c	503b98cb22ae88798bb6bfca83a46676933f3600	本地实验/ADAPTIVE-CORE-OWNERSHIP-CHAMPION-X/V019/run_server3.sh	100644	7d5da4f66911e74835cb6af76a197f6e2cd5e110		EXCLUDE	BUILD_OR_RUN_SCRIPT		script omitted
W3-R2-ADAPTIVE-CORE-OWNERSHIP-CHAMPION-X	V019	exp: record adaptive core ownership V019 local result	58307a05400934cc8ce1a2d4c8cc2021e57e6485	740797df62d2934fdf4b73d82c036d958329c05c	503b98cb22ae88798bb6bfca83a46676933f3600	本地实验/ADAPTIVE-CORE-OWNERSHIP-CHAMPION-X/V019/submission.asc	100644	e7cd80ac561317a7f043bb85406722534c97f73c		EXCLUDE	CANDIDATE_KERNEL_SOURCE		kernel source omitted; source blob id retained
W3-R2-ADAPTIVE-CORE-OWNERSHIP-CHAMPION-X	V019	exp: record adaptive core ownership V019 local result	58307a05400934cc8ce1a2d4c8cc2021e57e6485	740797df62d2934fdf4b73d82c036d958329c05c	503b98cb22ae88798bb6bfca83a46676933f3600	本地实验/ADAPTIVE-CORE-OWNERSHIP-CHAMPION-X/V019/support/build_on_server3.sh	100644	1baa8732f93833a52450bbf9e7a14fcc2021fcae		EXCLUDE	BUILD_OR_RUN_SCRIPT		script omitted
W3-R2-ADAPTIVE-CORE-OWNERSHIP-CHAMPION-X	V019	exp: record adaptive core ownership V019 local result	58307a05400934cc8ce1a2d4c8cc2021e57e6485	740797df62d2934fdf4b73d82c036d958329c05c	503b98cb22ae88798bb6bfca83a46676933f3600	本地实验/ADAPTIVE-CORE-OWNERSHIP-CHAMPION-X/V019/support/candidate_entry.asc	100644	18e027bae25362b967ed9de7161661b7d178b00f		EXCLUDE	CANDIDATE_KERNEL_SOURCE	D003	kernel source omitted; source blob id retained
W3-R2-ADAPTIVE-CORE-OWNERSHIP-CHAMPION-X	V019	exp: record adaptive core ownership V019 local result	58307a05400934cc8ce1a2d4c8cc2021e57e6485	740797df62d2934fdf4b73d82c036d958329c05c	503b98cb22ae88798bb6bfca83a46676933f3600	本地实验/ADAPTIVE-CORE-OWNERSHIP-CHAMPION-X/V019/support/judge_types.hpp	100644	805d14e5125e17ebb48f4cd189640098214b869f		EXCLUDE	C_CPP_SUPPORT_SOURCE	D014	support source omitted; source blob id retained
W3-R2-ADAPTIVE-CORE-OWNERSHIP-CHAMPION-X	V019	exp: record adaptive core ownership V019 local result	58307a05400934cc8ce1a2d4c8cc2021e57e6485	740797df62d2934fdf4b73d82c036d958329c05c	503b98cb22ae88798bb6bfca83a46676933f3600	本地实验/ADAPTIVE-CORE-OWNERSHIP-CHAMPION-X/V019/support/parent_entry.asc	100644	7d992a0cb5ee7975373cd6a081171ea2d0e7a338		EXCLUDE	PARENT_KERNEL_SOURCE	D013	kernel source omitted; source blob id retained
W3-R2-ADAPTIVE-CORE-OWNERSHIP-CHAMPION-X	V019	exp: record adaptive core ownership V019 local result	58307a05400934cc8ce1a2d4c8cc2021e57e6485	740797df62d2934fdf4b73d82c036d958329c05c	503b98cb22ae88798bb6bfca83a46676933f3600	本地实验/ADAPTIVE-CORE-OWNERSHIP-CHAMPION-X/V019/support/probe.cpp	100644	a89a42fca0d46f34f90ec122dfe4b52ae266fb49		EXCLUDE	C_CPP_SUPPORT_SOURCE	D018	support source omitted; source blob id retained
W3-R2-ADAPTIVE-CORE-OWNERSHIP-CHAMPION-X	V020	exp: record adaptive core ownership V020 local result	a9532429520e58a6c22eb5eb8d8d94cc164cf34f	62a0eebe8cb52548ad86fd3abf22bfb0b89b3c4f	503b98cb22ae88798bb6bfca83a46676933f3600	本地实验/ADAPTIVE-CORE-OWNERSHIP-CHAMPION-X/V020/CMakeLists.txt	100644	12198c55667f3a38597d4050118f8c7fe9b74902		EXCLUDE	BUILD_CONFIGURATION		build configuration omitted
W3-R2-ADAPTIVE-CORE-OWNERSHIP-CHAMPION-X	V020	exp: record adaptive core ownership V020 local result	a9532429520e58a6c22eb5eb8d8d94cc164cf34f	62a0eebe8cb52548ad86fd3abf22bfb0b89b3c4f	503b98cb22ae88798bb6bfca83a46676933f3600	本地实验/ADAPTIVE-CORE-OWNERSHIP-CHAMPION-X/V020/build_server3.sh	100644	e230e0483036bd65890ef24bb29d03cb5ace6237		EXCLUDE	BUILD_OR_RUN_SCRIPT		script omitted
W3-R2-ADAPTIVE-CORE-OWNERSHIP-CHAMPION-X	V020	exp: record adaptive core ownership V020 local result	a9532429520e58a6c22eb5eb8d8d94cc164cf34f	62a0eebe8cb52548ad86fd3abf22bfb0b89b3c4f	503b98cb22ae88798bb6bfca83a46676933f3600	本地实验/ADAPTIVE-CORE-OWNERSHIP-CHAMPION-X/V020/logs/correctness-20261006T163900Z.log	100644	93177350950e3f9caa80014973a2312c2fbfcead	证据集成/W3/Batch-08-R2/R2/V020/logs/correctness-20261006T163900Z.log	COPY	CORRECTNESS_LOG	D015	original bytes
W3-R2-ADAPTIVE-CORE-OWNERSHIP-CHAMPION-X	V020	exp: record adaptive core ownership V020 local result	a9532429520e58a6c22eb5eb8d8d94cc164cf34f	62a0eebe8cb52548ad86fd3abf22bfb0b89b3c4f	503b98cb22ae88798bb6bfca83a46676933f3600	本地实验/ADAPTIVE-CORE-OWNERSHIP-CHAMPION-X/V020/logs/local-20261006T163943Z-pre-usages.txt	100644	f45fbe150c90258ad44fa5a068d4a1ac31a583a8	证据集成/W3/Batch-08-R2/R2/V020/logs/local-20261006T163943Z-pre-usages.txt	COPY	LOCAL_CONTEXT_LOG		original bytes
W3-R2-ADAPTIVE-CORE-OWNERSHIP-CHAMPION-X	V020	exp: record adaptive core ownership V020 local result	a9532429520e58a6c22eb5eb8d8d94cc164cf34f	62a0eebe8cb52548ad86fd3abf22bfb0b89b3c4f	503b98cb22ae88798bb6bfca83a46676933f3600	本地实验/ADAPTIVE-CORE-OWNERSHIP-CHAMPION-X/V020/logs/local-20261006T164006Z-post-usages.txt	100644	7171759b6645be952e8f4d4eb51c327cf609f251	证据集成/W3/Batch-08-R2/R2/V020/logs/local-20261006T164006Z-post-usages.txt	COPY	LOCAL_CONTEXT_LOG		original bytes
W3-R2-ADAPTIVE-CORE-OWNERSHIP-CHAMPION-X	V020	exp: record adaptive core ownership V020 local result	a9532429520e58a6c22eb5eb8d8d94cc164cf34f	62a0eebe8cb52548ad86fd3abf22bfb0b89b3c4f	503b98cb22ae88798bb6bfca83a46676933f3600	本地实验/ADAPTIVE-CORE-OWNERSHIP-CHAMPION-X/V020/logs/local-20261006T164006Z-raw.tsv	100644	6405407e48bc7c4e44a3af3a3e51506741b8cd83	证据集成/W3/Batch-08-R2/R2/V020/logs/local-20261006T164006Z-raw.tsv	COPY	LOCAL_RAW_TABLE		original bytes
W3-R2-ADAPTIVE-CORE-OWNERSHIP-CHAMPION-X	V020	exp: record adaptive core ownership V020 local result	a9532429520e58a6c22eb5eb8d8d94cc164cf34f	62a0eebe8cb52548ad86fd3abf22bfb0b89b3c4f	503b98cb22ae88798bb6bfca83a46676933f3600	本地实验/ADAPTIVE-CORE-OWNERSHIP-CHAMPION-X/V020/logs/local-20261006T164006Z-runner.log	100644	8bb3e617373a3ca648387d011def975628ad85d2	证据集成/W3/Batch-08-R2/R2/V020/logs/local-20261006T164006Z-runner.log	COPY	LOCAL_RUN_LOG		original bytes
W3-R2-ADAPTIVE-CORE-OWNERSHIP-CHAMPION-X	V020	exp: record adaptive core ownership V020 local result	a9532429520e58a6c22eb5eb8d8d94cc164cf34f	62a0eebe8cb52548ad86fd3abf22bfb0b89b3c4f	503b98cb22ae88798bb6bfca83a46676933f3600	本地实验/ADAPTIVE-CORE-OWNERSHIP-CHAMPION-X/V020/logs/server3-transfer-compile-20261006T163613Z.log	100644	6b2d42a949bd3ec64ff5b0e506a92c9bf1279742	证据集成/W3/Batch-08-R2/R2/V020/logs/server3-transfer-compile-20261006T163613Z.log	COPY	COMPILE_LOG		original bytes
W3-R2-ADAPTIVE-CORE-OWNERSHIP-CHAMPION-X	V020	exp: record adaptive core ownership V020 local result	a9532429520e58a6c22eb5eb8d8d94cc164cf34f	62a0eebe8cb52548ad86fd3abf22bfb0b89b3c4f	503b98cb22ae88798bb6bfca83a46676933f3600	本地实验/ADAPTIVE-CORE-OWNERSHIP-CHAMPION-X/V020/parent-source.json	100644	9bb72f34014e2fc198201fd0a8603da68c50e9fb	证据集成/W3/Batch-08-R2/R2/V020/parent-source.json	COPY	SOURCE_METADATA		original bytes
W3-R2-ADAPTIVE-CORE-OWNERSHIP-CHAMPION-X	V020	exp: record adaptive core ownership V020 local result	a9532429520e58a6c22eb5eb8d8d94cc164cf34f	62a0eebe8cb52548ad86fd3abf22bfb0b89b3c4f	503b98cb22ae88798bb6bfca83a46676933f3600	本地实验/ADAPTIVE-CORE-OWNERSHIP-CHAMPION-X/V020/parent.asc	100644	7578f2fb980bd7472c0da842b803404e072ef80c		EXCLUDE	PARENT_KERNEL_SOURCE	D012	kernel source omitted; source blob id retained
W3-R2-ADAPTIVE-CORE-OWNERSHIP-CHAMPION-X	V020	exp: record adaptive core ownership V020 local result	a9532429520e58a6c22eb5eb8d8d94cc164cf34f	62a0eebe8cb52548ad86fd3abf22bfb0b89b3c4f	503b98cb22ae88798bb6bfca83a46676933f3600	本地实验/ADAPTIVE-CORE-OWNERSHIP-CHAMPION-X/V020/run_server3.sh	100644	0108add427f053569c94384d31a485111a32a036		EXCLUDE	BUILD_OR_RUN_SCRIPT		script omitted
W3-R2-ADAPTIVE-CORE-OWNERSHIP-CHAMPION-X	V020	exp: record adaptive core ownership V020 local result	a9532429520e58a6c22eb5eb8d8d94cc164cf34f	62a0eebe8cb52548ad86fd3abf22bfb0b89b3c4f	503b98cb22ae88798bb6bfca83a46676933f3600	本地实验/ADAPTIVE-CORE-OWNERSHIP-CHAMPION-X/V020/submission.asc	100644	badd4a7c0367e25611d88ba9b7e5ee5c8060302d		EXCLUDE	CANDIDATE_KERNEL_SOURCE	D019	kernel source omitted; source blob id retained
W3-R2-ADAPTIVE-CORE-OWNERSHIP-CHAMPION-X	V020	exp: record adaptive core ownership V020 local result	a9532429520e58a6c22eb5eb8d8d94cc164cf34f	62a0eebe8cb52548ad86fd3abf22bfb0b89b3c4f	503b98cb22ae88798bb6bfca83a46676933f3600	本地实验/ADAPTIVE-CORE-OWNERSHIP-CHAMPION-X/V020/support/build_on_server3.sh	100644	775065c16d8cf2d8c1a69671a20b662432b5aee4		EXCLUDE	BUILD_OR_RUN_SCRIPT		script omitted
W3-R2-ADAPTIVE-CORE-OWNERSHIP-CHAMPION-X	V020	exp: record adaptive core ownership V020 local result	a9532429520e58a6c22eb5eb8d8d94cc164cf34f	62a0eebe8cb52548ad86fd3abf22bfb0b89b3c4f	503b98cb22ae88798bb6bfca83a46676933f3600	本地实验/ADAPTIVE-CORE-OWNERSHIP-CHAMPION-X/V020/support/candidate_entry.asc	100644	18e027bae25362b967ed9de7161661b7d178b00f		EXCLUDE	CANDIDATE_KERNEL_SOURCE	D003	kernel source omitted; source blob id retained
W3-R2-ADAPTIVE-CORE-OWNERSHIP-CHAMPION-X	V020	exp: record adaptive core ownership V020 local result	a9532429520e58a6c22eb5eb8d8d94cc164cf34f	62a0eebe8cb52548ad86fd3abf22bfb0b89b3c4f	503b98cb22ae88798bb6bfca83a46676933f3600	本地实验/ADAPTIVE-CORE-OWNERSHIP-CHAMPION-X/V020/support/judge_types.hpp	100644	805d14e5125e17ebb48f4cd189640098214b869f		EXCLUDE	C_CPP_SUPPORT_SOURCE	D014	support source omitted; source blob id retained
W3-R2-ADAPTIVE-CORE-OWNERSHIP-CHAMPION-X	V020	exp: record adaptive core ownership V020 local result	a9532429520e58a6c22eb5eb8d8d94cc164cf34f	62a0eebe8cb52548ad86fd3abf22bfb0b89b3c4f	503b98cb22ae88798bb6bfca83a46676933f3600	本地实验/ADAPTIVE-CORE-OWNERSHIP-CHAMPION-X/V020/support/parent_entry.asc	100644	7d992a0cb5ee7975373cd6a081171ea2d0e7a338		EXCLUDE	PARENT_KERNEL_SOURCE	D013	kernel source omitted; source blob id retained
W3-R2-ADAPTIVE-CORE-OWNERSHIP-CHAMPION-X	V020	exp: record adaptive core ownership V020 local result	a9532429520e58a6c22eb5eb8d8d94cc164cf34f	62a0eebe8cb52548ad86fd3abf22bfb0b89b3c4f	503b98cb22ae88798bb6bfca83a46676933f3600	本地实验/ADAPTIVE-CORE-OWNERSHIP-CHAMPION-X/V020/support/probe.cpp	100644	a89a42fca0d46f34f90ec122dfe4b52ae266fb49		EXCLUDE	C_CPP_SUPPORT_SOURCE	D018	support source omitted; source blob id retained
W3-R2-ADAPTIVE-CORE-OWNERSHIP-CHAMPION-X	V021	exp: record adaptive core ownership V021 local result	a261674cbf2084b54ea9686353bdfc0b405451ee	3271f43fce2983a560b3ec7c637230b2bf33e00a	503b98cb22ae88798bb6bfca83a46676933f3600	本地实验/ADAPTIVE-CORE-OWNERSHIP-CHAMPION-X/V021/CMakeLists.txt	100644	4f9b20128db133d2a3ac19e83de5ffd8d930ffa9		EXCLUDE	BUILD_CONFIGURATION		build configuration omitted
W3-R2-ADAPTIVE-CORE-OWNERSHIP-CHAMPION-X	V021	exp: record adaptive core ownership V021 local result	a261674cbf2084b54ea9686353bdfc0b405451ee	3271f43fce2983a560b3ec7c637230b2bf33e00a	503b98cb22ae88798bb6bfca83a46676933f3600	本地实验/ADAPTIVE-CORE-OWNERSHIP-CHAMPION-X/V021/build_server3.sh	100644	3e6529180e3601c74a2e183a0b3a5e0af84c6521		EXCLUDE	BUILD_OR_RUN_SCRIPT		script omitted
W3-R2-ADAPTIVE-CORE-OWNERSHIP-CHAMPION-X	V021	exp: record adaptive core ownership V021 local result	a261674cbf2084b54ea9686353bdfc0b405451ee	3271f43fce2983a560b3ec7c637230b2bf33e00a	503b98cb22ae88798bb6bfca83a46676933f3600	本地实验/ADAPTIVE-CORE-OWNERSHIP-CHAMPION-X/V021/logs/correctness-20261006T165028Z.log	100644	93177350950e3f9caa80014973a2312c2fbfcead	证据集成/W3/Batch-08-R2/R2/V021/logs/correctness-20261006T165028Z.log	COPY	CORRECTNESS_LOG	D015	original bytes
W3-R2-ADAPTIVE-CORE-OWNERSHIP-CHAMPION-X	V021	exp: record adaptive core ownership V021 local result	a261674cbf2084b54ea9686353bdfc0b405451ee	3271f43fce2983a560b3ec7c637230b2bf33e00a	503b98cb22ae88798bb6bfca83a46676933f3600	本地实验/ADAPTIVE-CORE-OWNERSHIP-CHAMPION-X/V021/logs/local-20261006T165114Z-pre-usages.txt	100644	374301ba9cf786e6362df540cc201e355e311e4a	证据集成/W3/Batch-08-R2/R2/V021/logs/local-20261006T165114Z-pre-usages.txt	COPY	LOCAL_CONTEXT_LOG		original bytes
W3-R2-ADAPTIVE-CORE-OWNERSHIP-CHAMPION-X	V021	exp: record adaptive core ownership V021 local result	a261674cbf2084b54ea9686353bdfc0b405451ee	3271f43fce2983a560b3ec7c637230b2bf33e00a	503b98cb22ae88798bb6bfca83a46676933f3600	本地实验/ADAPTIVE-CORE-OWNERSHIP-CHAMPION-X/V021/logs/local-20261006T165140Z-post-usages.txt	100644	820843a8f448c3a2e6ef638207690e3608bd9df7	证据集成/W3/Batch-08-R2/R2/V021/logs/local-20261006T165140Z-post-usages.txt	COPY	LOCAL_CONTEXT_LOG		original bytes
W3-R2-ADAPTIVE-CORE-OWNERSHIP-CHAMPION-X	V021	exp: record adaptive core ownership V021 local result	a261674cbf2084b54ea9686353bdfc0b405451ee	3271f43fce2983a560b3ec7c637230b2bf33e00a	503b98cb22ae88798bb6bfca83a46676933f3600	本地实验/ADAPTIVE-CORE-OWNERSHIP-CHAMPION-X/V021/logs/local-20261006T165140Z-raw.tsv	100644	c273aa8f59a81ab88eede5309705da3c17b25713	证据集成/W3/Batch-08-R2/R2/V021/logs/local-20261006T165140Z-raw.tsv	COPY	LOCAL_RAW_TABLE		original bytes
W3-R2-ADAPTIVE-CORE-OWNERSHIP-CHAMPION-X	V021	exp: record adaptive core ownership V021 local result	a261674cbf2084b54ea9686353bdfc0b405451ee	3271f43fce2983a560b3ec7c637230b2bf33e00a	503b98cb22ae88798bb6bfca83a46676933f3600	本地实验/ADAPTIVE-CORE-OWNERSHIP-CHAMPION-X/V021/logs/local-20261006T165140Z-runner.log	100644	a4e9d79bd1b60bfac5906f6c89ac30e9b528d6ae	证据集成/W3/Batch-08-R2/R2/V021/logs/local-20261006T165140Z-runner.log	COPY	LOCAL_RUN_LOG		original bytes
W3-R2-ADAPTIVE-CORE-OWNERSHIP-CHAMPION-X	V021	exp: record adaptive core ownership V021 local result	a261674cbf2084b54ea9686353bdfc0b405451ee	3271f43fce2983a560b3ec7c637230b2bf33e00a	503b98cb22ae88798bb6bfca83a46676933f3600	本地实验/ADAPTIVE-CORE-OWNERSHIP-CHAMPION-X/V021/logs/server3-transfer-compile-20261006T164813Z.log	100644	c80c6390d395e5bc106b0ecf38dd605c0228d437	证据集成/W3/Batch-08-R2/R2/V021/logs/server3-transfer-compile-20261006T164813Z.log	COPY	COMPILE_LOG		original bytes
W3-R2-ADAPTIVE-CORE-OWNERSHIP-CHAMPION-X	V021	exp: record adaptive core ownership V021 local result	a261674cbf2084b54ea9686353bdfc0b405451ee	3271f43fce2983a560b3ec7c637230b2bf33e00a	503b98cb22ae88798bb6bfca83a46676933f3600	本地实验/ADAPTIVE-CORE-OWNERSHIP-CHAMPION-X/V021/parent-source.json	100644	386bc3dbe9b1e200bf7b48020ab335115ffc57cd	证据集成/W3/Batch-08-R2/R2/V021/parent-source.json	COPY	SOURCE_METADATA		original bytes
W3-R2-ADAPTIVE-CORE-OWNERSHIP-CHAMPION-X	V021	exp: record adaptive core ownership V021 local result	a261674cbf2084b54ea9686353bdfc0b405451ee	3271f43fce2983a560b3ec7c637230b2bf33e00a	503b98cb22ae88798bb6bfca83a46676933f3600	本地实验/ADAPTIVE-CORE-OWNERSHIP-CHAMPION-X/V021/parent.asc	100644	badd4a7c0367e25611d88ba9b7e5ee5c8060302d		EXCLUDE	PARENT_KERNEL_SOURCE	D019	kernel source omitted; source blob id retained
W3-R2-ADAPTIVE-CORE-OWNERSHIP-CHAMPION-X	V021	exp: record adaptive core ownership V021 local result	a261674cbf2084b54ea9686353bdfc0b405451ee	3271f43fce2983a560b3ec7c637230b2bf33e00a	503b98cb22ae88798bb6bfca83a46676933f3600	本地实验/ADAPTIVE-CORE-OWNERSHIP-CHAMPION-X/V021/run_server3.sh	100644	f1ff473338cfdc9b84bfcfd87b4cac5b4cda9c8a		EXCLUDE	BUILD_OR_RUN_SCRIPT		script omitted
W3-R2-ADAPTIVE-CORE-OWNERSHIP-CHAMPION-X	V021	exp: record adaptive core ownership V021 local result	a261674cbf2084b54ea9686353bdfc0b405451ee	3271f43fce2983a560b3ec7c637230b2bf33e00a	503b98cb22ae88798bb6bfca83a46676933f3600	本地实验/ADAPTIVE-CORE-OWNERSHIP-CHAMPION-X/V021/submission.asc	100644	90a3e97f5510b95820ded437e7c1312d1528feaf		EXCLUDE	CANDIDATE_KERNEL_SOURCE		kernel source omitted; source blob id retained
W3-R2-ADAPTIVE-CORE-OWNERSHIP-CHAMPION-X	V021	exp: record adaptive core ownership V021 local result	a261674cbf2084b54ea9686353bdfc0b405451ee	3271f43fce2983a560b3ec7c637230b2bf33e00a	503b98cb22ae88798bb6bfca83a46676933f3600	本地实验/ADAPTIVE-CORE-OWNERSHIP-CHAMPION-X/V021/support/build_on_server3.sh	100644	6053c9483492bf4cf3e228f6d52176adb40b0a26		EXCLUDE	BUILD_OR_RUN_SCRIPT		script omitted
W3-R2-ADAPTIVE-CORE-OWNERSHIP-CHAMPION-X	V021	exp: record adaptive core ownership V021 local result	a261674cbf2084b54ea9686353bdfc0b405451ee	3271f43fce2983a560b3ec7c637230b2bf33e00a	503b98cb22ae88798bb6bfca83a46676933f3600	本地实验/ADAPTIVE-CORE-OWNERSHIP-CHAMPION-X/V021/support/candidate_entry.asc	100644	18e027bae25362b967ed9de7161661b7d178b00f		EXCLUDE	CANDIDATE_KERNEL_SOURCE	D003	kernel source omitted; source blob id retained
W3-R2-ADAPTIVE-CORE-OWNERSHIP-CHAMPION-X	V021	exp: record adaptive core ownership V021 local result	a261674cbf2084b54ea9686353bdfc0b405451ee	3271f43fce2983a560b3ec7c637230b2bf33e00a	503b98cb22ae88798bb6bfca83a46676933f3600	本地实验/ADAPTIVE-CORE-OWNERSHIP-CHAMPION-X/V021/support/judge_types.hpp	100644	805d14e5125e17ebb48f4cd189640098214b869f		EXCLUDE	C_CPP_SUPPORT_SOURCE	D014	support source omitted; source blob id retained
W3-R2-ADAPTIVE-CORE-OWNERSHIP-CHAMPION-X	V021	exp: record adaptive core ownership V021 local result	a261674cbf2084b54ea9686353bdfc0b405451ee	3271f43fce2983a560b3ec7c637230b2bf33e00a	503b98cb22ae88798bb6bfca83a46676933f3600	本地实验/ADAPTIVE-CORE-OWNERSHIP-CHAMPION-X/V021/support/parent_entry.asc	100644	7d992a0cb5ee7975373cd6a081171ea2d0e7a338		EXCLUDE	PARENT_KERNEL_SOURCE	D013	kernel source omitted; source blob id retained
W3-R2-ADAPTIVE-CORE-OWNERSHIP-CHAMPION-X	V021	exp: record adaptive core ownership V021 local result	a261674cbf2084b54ea9686353bdfc0b405451ee	3271f43fce2983a560b3ec7c637230b2bf33e00a	503b98cb22ae88798bb6bfca83a46676933f3600	本地实验/ADAPTIVE-CORE-OWNERSHIP-CHAMPION-X/V021/support/probe.cpp	100644	a89a42fca0d46f34f90ec122dfe4b52ae266fb49		EXCLUDE	C_CPP_SUPPORT_SOURCE	D018	support source omitted; source blob id retained
W3-R2-ADAPTIVE-CORE-OWNERSHIP-CHAMPION-X	V022	exp: record adaptive core ownership V022 local result	3dbf5258429be60d051e59eb070b4f2fa8e90b62	50f2029ca78f7741514c60f3af55751477632c9a	503b98cb22ae88798bb6bfca83a46676933f3600	本地实验/ADAPTIVE-CORE-OWNERSHIP-CHAMPION-X/V022/CMakeLists.txt	100644	6cf468b4d28a8776552738da8b9cd6352b1e2f93		EXCLUDE	BUILD_CONFIGURATION		build configuration omitted
W3-R2-ADAPTIVE-CORE-OWNERSHIP-CHAMPION-X	V022	exp: record adaptive core ownership V022 local result	3dbf5258429be60d051e59eb070b4f2fa8e90b62	50f2029ca78f7741514c60f3af55751477632c9a	503b98cb22ae88798bb6bfca83a46676933f3600	本地实验/ADAPTIVE-CORE-OWNERSHIP-CHAMPION-X/V022/build_server3.sh	100644	f213c831bb9d5f53cace993c301bba83b7301677		EXCLUDE	BUILD_OR_RUN_SCRIPT		script omitted
W3-R2-ADAPTIVE-CORE-OWNERSHIP-CHAMPION-X	V022	exp: record adaptive core ownership V022 local result	3dbf5258429be60d051e59eb070b4f2fa8e90b62	50f2029ca78f7741514c60f3af55751477632c9a	503b98cb22ae88798bb6bfca83a46676933f3600	本地实验/ADAPTIVE-CORE-OWNERSHIP-CHAMPION-X/V022/logs/correctness-20261006T171344Z.log	100644	93177350950e3f9caa80014973a2312c2fbfcead	证据集成/W3/Batch-08-R2/R2/V022/logs/correctness-20261006T171344Z.log	COPY	CORRECTNESS_LOG	D015	original bytes
W3-R2-ADAPTIVE-CORE-OWNERSHIP-CHAMPION-X	V022	exp: record adaptive core ownership V022 local result	3dbf5258429be60d051e59eb070b4f2fa8e90b62	50f2029ca78f7741514c60f3af55751477632c9a	503b98cb22ae88798bb6bfca83a46676933f3600	本地实验/ADAPTIVE-CORE-OWNERSHIP-CHAMPION-X/V022/logs/local-20261006T171427Z-pre-usages.txt	100644	9b00304ba2c894758c06ecd6e86101f487da2798	证据集成/W3/Batch-08-R2/R2/V022/logs/local-20261006T171427Z-pre-usages.txt	COPY	LOCAL_CONTEXT_LOG		original bytes
W3-R2-ADAPTIVE-CORE-OWNERSHIP-CHAMPION-X	V022	exp: record adaptive core ownership V022 local result	3dbf5258429be60d051e59eb070b4f2fa8e90b62	50f2029ca78f7741514c60f3af55751477632c9a	503b98cb22ae88798bb6bfca83a46676933f3600	本地实验/ADAPTIVE-CORE-OWNERSHIP-CHAMPION-X/V022/logs/local-20261006T171508Z-post-usages.txt	100644	30040e534900be139c55a9a94ada63acf7d753c0	证据集成/W3/Batch-08-R2/R2/V022/logs/local-20261006T171508Z-post-usages.txt	COPY	LOCAL_CONTEXT_LOG		original bytes
W3-R2-ADAPTIVE-CORE-OWNERSHIP-CHAMPION-X	V022	exp: record adaptive core ownership V022 local result	3dbf5258429be60d051e59eb070b4f2fa8e90b62	50f2029ca78f7741514c60f3af55751477632c9a	503b98cb22ae88798bb6bfca83a46676933f3600	本地实验/ADAPTIVE-CORE-OWNERSHIP-CHAMPION-X/V022/logs/local-20261006T171508Z-raw.tsv	100644	7291eb418acc5943605cb7258f7a10a116aaa369	证据集成/W3/Batch-08-R2/R2/V022/logs/local-20261006T171508Z-raw.tsv	COPY	LOCAL_RAW_TABLE		original bytes
W3-R2-ADAPTIVE-CORE-OWNERSHIP-CHAMPION-X	V022	exp: record adaptive core ownership V022 local result	3dbf5258429be60d051e59eb070b4f2fa8e90b62	50f2029ca78f7741514c60f3af55751477632c9a	503b98cb22ae88798bb6bfca83a46676933f3600	本地实验/ADAPTIVE-CORE-OWNERSHIP-CHAMPION-X/V022/logs/local-20261006T171508Z-runner.log	100644	a00037cfba9d80c8f34df2064ba112ffb0635e47	证据集成/W3/Batch-08-R2/R2/V022/logs/local-20261006T171508Z-runner.log	COPY	LOCAL_RUN_LOG		original bytes
W3-R2-ADAPTIVE-CORE-OWNERSHIP-CHAMPION-X	V022	exp: record adaptive core ownership V022 local result	3dbf5258429be60d051e59eb070b4f2fa8e90b62	50f2029ca78f7741514c60f3af55751477632c9a	503b98cb22ae88798bb6bfca83a46676933f3600	本地实验/ADAPTIVE-CORE-OWNERSHIP-CHAMPION-X/V022/logs/server3-transfer-compile-20261006T171113Z.log	100644	3ffb3e9f631af22299f74ae78ca4aa397df518cc	证据集成/W3/Batch-08-R2/R2/V022/logs/server3-transfer-compile-20261006T171113Z.log	COPY	COMPILE_LOG		original bytes
W3-R2-ADAPTIVE-CORE-OWNERSHIP-CHAMPION-X	V022	exp: record adaptive core ownership V022 local result	3dbf5258429be60d051e59eb070b4f2fa8e90b62	50f2029ca78f7741514c60f3af55751477632c9a	503b98cb22ae88798bb6bfca83a46676933f3600	本地实验/ADAPTIVE-CORE-OWNERSHIP-CHAMPION-X/V022/parent-source.json	100644	5f94ad5b927aaa689f064f3fd1e10ecf71891b5a	证据集成/W3/Batch-08-R2/R2/V022/parent-source.json	COPY	SOURCE_METADATA		original bytes
W3-R2-ADAPTIVE-CORE-OWNERSHIP-CHAMPION-X	V022	exp: record adaptive core ownership V022 local result	3dbf5258429be60d051e59eb070b4f2fa8e90b62	50f2029ca78f7741514c60f3af55751477632c9a	503b98cb22ae88798bb6bfca83a46676933f3600	本地实验/ADAPTIVE-CORE-OWNERSHIP-CHAMPION-X/V022/parent.asc	100644	badd4a7c0367e25611d88ba9b7e5ee5c8060302d		EXCLUDE	PARENT_KERNEL_SOURCE	D019	kernel source omitted; source blob id retained
W3-R2-ADAPTIVE-CORE-OWNERSHIP-CHAMPION-X	V022	exp: record adaptive core ownership V022 local result	3dbf5258429be60d051e59eb070b4f2fa8e90b62	50f2029ca78f7741514c60f3af55751477632c9a	503b98cb22ae88798bb6bfca83a46676933f3600	本地实验/ADAPTIVE-CORE-OWNERSHIP-CHAMPION-X/V022/run_server3.sh	100644	f7a8314636b8c07fd4c40fa17f2c090690195aad		EXCLUDE	BUILD_OR_RUN_SCRIPT		script omitted
W3-R2-ADAPTIVE-CORE-OWNERSHIP-CHAMPION-X	V022	exp: record adaptive core ownership V022 local result	3dbf5258429be60d051e59eb070b4f2fa8e90b62	50f2029ca78f7741514c60f3af55751477632c9a	503b98cb22ae88798bb6bfca83a46676933f3600	本地实验/ADAPTIVE-CORE-OWNERSHIP-CHAMPION-X/V022/submission.asc	100644	2fad60aee6806f22cb932f13ab99df96c1e91152		EXCLUDE	CANDIDATE_KERNEL_SOURCE		kernel source omitted; source blob id retained
W3-R2-ADAPTIVE-CORE-OWNERSHIP-CHAMPION-X	V022	exp: record adaptive core ownership V022 local result	3dbf5258429be60d051e59eb070b4f2fa8e90b62	50f2029ca78f7741514c60f3af55751477632c9a	503b98cb22ae88798bb6bfca83a46676933f3600	本地实验/ADAPTIVE-CORE-OWNERSHIP-CHAMPION-X/V022/support/build_on_server3.sh	100644	05e8bc1465972eb2b1afebe090650c4230463756		EXCLUDE	BUILD_OR_RUN_SCRIPT		script omitted
W3-R2-ADAPTIVE-CORE-OWNERSHIP-CHAMPION-X	V022	exp: record adaptive core ownership V022 local result	3dbf5258429be60d051e59eb070b4f2fa8e90b62	50f2029ca78f7741514c60f3af55751477632c9a	503b98cb22ae88798bb6bfca83a46676933f3600	本地实验/ADAPTIVE-CORE-OWNERSHIP-CHAMPION-X/V022/support/candidate_entry.asc	100644	18e027bae25362b967ed9de7161661b7d178b00f		EXCLUDE	CANDIDATE_KERNEL_SOURCE	D003	kernel source omitted; source blob id retained
W3-R2-ADAPTIVE-CORE-OWNERSHIP-CHAMPION-X	V022	exp: record adaptive core ownership V022 local result	3dbf5258429be60d051e59eb070b4f2fa8e90b62	50f2029ca78f7741514c60f3af55751477632c9a	503b98cb22ae88798bb6bfca83a46676933f3600	本地实验/ADAPTIVE-CORE-OWNERSHIP-CHAMPION-X/V022/support/judge_types.hpp	100644	805d14e5125e17ebb48f4cd189640098214b869f		EXCLUDE	C_CPP_SUPPORT_SOURCE	D014	support source omitted; source blob id retained
W3-R2-ADAPTIVE-CORE-OWNERSHIP-CHAMPION-X	V022	exp: record adaptive core ownership V022 local result	3dbf5258429be60d051e59eb070b4f2fa8e90b62	50f2029ca78f7741514c60f3af55751477632c9a	503b98cb22ae88798bb6bfca83a46676933f3600	本地实验/ADAPTIVE-CORE-OWNERSHIP-CHAMPION-X/V022/support/parent_entry.asc	100644	7d992a0cb5ee7975373cd6a081171ea2d0e7a338		EXCLUDE	PARENT_KERNEL_SOURCE	D013	kernel source omitted; source blob id retained
W3-R2-ADAPTIVE-CORE-OWNERSHIP-CHAMPION-X	V022	exp: record adaptive core ownership V022 local result	3dbf5258429be60d051e59eb070b4f2fa8e90b62	50f2029ca78f7741514c60f3af55751477632c9a	503b98cb22ae88798bb6bfca83a46676933f3600	本地实验/ADAPTIVE-CORE-OWNERSHIP-CHAMPION-X/V022/support/probe.cpp	100644	a89a42fca0d46f34f90ec122dfe4b52ae266fb49		EXCLUDE	C_CPP_SUPPORT_SOURCE	D018	support source omitted; source blob id retained
W3-R2-ADAPTIVE-CORE-OWNERSHIP-CHAMPION-X	V023	exp: record adaptive core ownership V023 local result	6df72200308a98592d622baec752f6b3b292918f	b92955c4e2ad388b7c1f56e6693a61125a8b979f	503b98cb22ae88798bb6bfca83a46676933f3600	本地实验/ADAPTIVE-CORE-OWNERSHIP-CHAMPION-X/V023/CMakeLists.txt	100644	3401d46bff43e54949d84e7c1c2febb2edf911cf		EXCLUDE	BUILD_CONFIGURATION		build configuration omitted
W3-R2-ADAPTIVE-CORE-OWNERSHIP-CHAMPION-X	V023	exp: record adaptive core ownership V023 local result	6df72200308a98592d622baec752f6b3b292918f	b92955c4e2ad388b7c1f56e6693a61125a8b979f	503b98cb22ae88798bb6bfca83a46676933f3600	本地实验/ADAPTIVE-CORE-OWNERSHIP-CHAMPION-X/V023/build_server3.sh	100644	29a6c1321ccac38bd248537c87454f030d2663c6		EXCLUDE	BUILD_OR_RUN_SCRIPT		script omitted
W3-R2-ADAPTIVE-CORE-OWNERSHIP-CHAMPION-X	V023	exp: record adaptive core ownership V023 local result	6df72200308a98592d622baec752f6b3b292918f	b92955c4e2ad388b7c1f56e6693a61125a8b979f	503b98cb22ae88798bb6bfca83a46676933f3600	本地实验/ADAPTIVE-CORE-OWNERSHIP-CHAMPION-X/V023/logs/correctness-20261006T172417Z.log	100644	93177350950e3f9caa80014973a2312c2fbfcead	证据集成/W3/Batch-08-R2/R2/V023/logs/correctness-20261006T172417Z.log	COPY	CORRECTNESS_LOG	D015	original bytes
W3-R2-ADAPTIVE-CORE-OWNERSHIP-CHAMPION-X	V023	exp: record adaptive core ownership V023 local result	6df72200308a98592d622baec752f6b3b292918f	b92955c4e2ad388b7c1f56e6693a61125a8b979f	503b98cb22ae88798bb6bfca83a46676933f3600	本地实验/ADAPTIVE-CORE-OWNERSHIP-CHAMPION-X/V023/logs/local-20261006T172519Z-pre-usages.txt	100644	f2e26a1f0feba09d64f2778182db52b910915439	证据集成/W3/Batch-08-R2/R2/V023/logs/local-20261006T172519Z-pre-usages.txt	COPY	LOCAL_CONTEXT_LOG		original bytes
W3-R2-ADAPTIVE-CORE-OWNERSHIP-CHAMPION-X	V023	exp: record adaptive core ownership V023 local result	6df72200308a98592d622baec752f6b3b292918f	b92955c4e2ad388b7c1f56e6693a61125a8b979f	503b98cb22ae88798bb6bfca83a46676933f3600	本地实验/ADAPTIVE-CORE-OWNERSHIP-CHAMPION-X/V023/logs/local-20261006T172624Z-post-usages.txt	100644	17150fbfa5855df4db2e3f4812aafdfee9379e1a	证据集成/W3/Batch-08-R2/R2/V023/logs/local-20261006T172624Z-post-usages.txt	COPY	LOCAL_CONTEXT_LOG		original bytes
W3-R2-ADAPTIVE-CORE-OWNERSHIP-CHAMPION-X	V023	exp: record adaptive core ownership V023 local result	6df72200308a98592d622baec752f6b3b292918f	b92955c4e2ad388b7c1f56e6693a61125a8b979f	503b98cb22ae88798bb6bfca83a46676933f3600	本地实验/ADAPTIVE-CORE-OWNERSHIP-CHAMPION-X/V023/logs/local-20261006T172624Z-raw.tsv	100644	14cb2d55dd8f074bfe8a0791eff5cf550df67153	证据集成/W3/Batch-08-R2/R2/V023/logs/local-20261006T172624Z-raw.tsv	COPY	LOCAL_RAW_TABLE		original bytes
W3-R2-ADAPTIVE-CORE-OWNERSHIP-CHAMPION-X	V023	exp: record adaptive core ownership V023 local result	6df72200308a98592d622baec752f6b3b292918f	b92955c4e2ad388b7c1f56e6693a61125a8b979f	503b98cb22ae88798bb6bfca83a46676933f3600	本地实验/ADAPTIVE-CORE-OWNERSHIP-CHAMPION-X/V023/logs/local-20261006T172624Z-runner.log	100644	65b734b083e97761e4cfc83543ab963cf67bfb1e	证据集成/W3/Batch-08-R2/R2/V023/logs/local-20261006T172624Z-runner.log	COPY	LOCAL_RUN_LOG		original bytes
W3-R2-ADAPTIVE-CORE-OWNERSHIP-CHAMPION-X	V023	exp: record adaptive core ownership V023 local result	6df72200308a98592d622baec752f6b3b292918f	b92955c4e2ad388b7c1f56e6693a61125a8b979f	503b98cb22ae88798bb6bfca83a46676933f3600	本地实验/ADAPTIVE-CORE-OWNERSHIP-CHAMPION-X/V023/logs/server3-transfer-compile-20261006T172144Z.log	100644	6fabee970078ad893872d0b54a8ad102e4782f72	证据集成/W3/Batch-08-R2/R2/V023/logs/server3-transfer-compile-20261006T172144Z.log	COPY	COMPILE_LOG		original bytes
W3-R2-ADAPTIVE-CORE-OWNERSHIP-CHAMPION-X	V023	exp: record adaptive core ownership V023 local result	6df72200308a98592d622baec752f6b3b292918f	b92955c4e2ad388b7c1f56e6693a61125a8b979f	503b98cb22ae88798bb6bfca83a46676933f3600	本地实验/ADAPTIVE-CORE-OWNERSHIP-CHAMPION-X/V023/parent-source.json	100644	7844649ff4efdb1b8012354bd3359861fac6cf5f	证据集成/W3/Batch-08-R2/R2/V023/parent-source.json	COPY	SOURCE_METADATA		original bytes
W3-R2-ADAPTIVE-CORE-OWNERSHIP-CHAMPION-X	V023	exp: record adaptive core ownership V023 local result	6df72200308a98592d622baec752f6b3b292918f	b92955c4e2ad388b7c1f56e6693a61125a8b979f	503b98cb22ae88798bb6bfca83a46676933f3600	本地实验/ADAPTIVE-CORE-OWNERSHIP-CHAMPION-X/V023/parent.asc	100644	badd4a7c0367e25611d88ba9b7e5ee5c8060302d		EXCLUDE	PARENT_KERNEL_SOURCE	D019	kernel source omitted; source blob id retained
W3-R2-ADAPTIVE-CORE-OWNERSHIP-CHAMPION-X	V023	exp: record adaptive core ownership V023 local result	6df72200308a98592d622baec752f6b3b292918f	b92955c4e2ad388b7c1f56e6693a61125a8b979f	503b98cb22ae88798bb6bfca83a46676933f3600	本地实验/ADAPTIVE-CORE-OWNERSHIP-CHAMPION-X/V023/run_server3.sh	100644	c2907663fa7667376657c5f3374bdca8dafa5b86		EXCLUDE	BUILD_OR_RUN_SCRIPT		script omitted
W3-R2-ADAPTIVE-CORE-OWNERSHIP-CHAMPION-X	V023	exp: record adaptive core ownership V023 local result	6df72200308a98592d622baec752f6b3b292918f	b92955c4e2ad388b7c1f56e6693a61125a8b979f	503b98cb22ae88798bb6bfca83a46676933f3600	本地实验/ADAPTIVE-CORE-OWNERSHIP-CHAMPION-X/V023/submission.asc	100644	17b16ad1523b60a9ca1d6b89202872db7c4210f4		EXCLUDE	CANDIDATE_KERNEL_SOURCE		kernel source omitted; source blob id retained
W3-R2-ADAPTIVE-CORE-OWNERSHIP-CHAMPION-X	V023	exp: record adaptive core ownership V023 local result	6df72200308a98592d622baec752f6b3b292918f	b92955c4e2ad388b7c1f56e6693a61125a8b979f	503b98cb22ae88798bb6bfca83a46676933f3600	本地实验/ADAPTIVE-CORE-OWNERSHIP-CHAMPION-X/V023/support/build_on_server3.sh	100644	f472933ef2d6d157c2c1ab1d270dca79d059d484		EXCLUDE	BUILD_OR_RUN_SCRIPT		script omitted
W3-R2-ADAPTIVE-CORE-OWNERSHIP-CHAMPION-X	V023	exp: record adaptive core ownership V023 local result	6df72200308a98592d622baec752f6b3b292918f	b92955c4e2ad388b7c1f56e6693a61125a8b979f	503b98cb22ae88798bb6bfca83a46676933f3600	本地实验/ADAPTIVE-CORE-OWNERSHIP-CHAMPION-X/V023/support/candidate_entry.asc	100644	18e027bae25362b967ed9de7161661b7d178b00f		EXCLUDE	CANDIDATE_KERNEL_SOURCE	D003	kernel source omitted; source blob id retained
W3-R2-ADAPTIVE-CORE-OWNERSHIP-CHAMPION-X	V023	exp: record adaptive core ownership V023 local result	6df72200308a98592d622baec752f6b3b292918f	b92955c4e2ad388b7c1f56e6693a61125a8b979f	503b98cb22ae88798bb6bfca83a46676933f3600	本地实验/ADAPTIVE-CORE-OWNERSHIP-CHAMPION-X/V023/support/judge_types.hpp	100644	805d14e5125e17ebb48f4cd189640098214b869f		EXCLUDE	C_CPP_SUPPORT_SOURCE	D014	support source omitted; source blob id retained
W3-R2-ADAPTIVE-CORE-OWNERSHIP-CHAMPION-X	V023	exp: record adaptive core ownership V023 local result	6df72200308a98592d622baec752f6b3b292918f	b92955c4e2ad388b7c1f56e6693a61125a8b979f	503b98cb22ae88798bb6bfca83a46676933f3600	本地实验/ADAPTIVE-CORE-OWNERSHIP-CHAMPION-X/V023/support/parent_entry.asc	100644	7d992a0cb5ee7975373cd6a081171ea2d0e7a338		EXCLUDE	PARENT_KERNEL_SOURCE	D013	kernel source omitted; source blob id retained
W3-R2-ADAPTIVE-CORE-OWNERSHIP-CHAMPION-X	V023	exp: record adaptive core ownership V023 local result	6df72200308a98592d622baec752f6b3b292918f	b92955c4e2ad388b7c1f56e6693a61125a8b979f	503b98cb22ae88798bb6bfca83a46676933f3600	本地实验/ADAPTIVE-CORE-OWNERSHIP-CHAMPION-X/V023/support/probe.cpp	100644	a89a42fca0d46f34f90ec122dfe4b52ae266fb49		EXCLUDE	C_CPP_SUPPORT_SOURCE	D018	support source omitted; source blob id retained
W3-R2-ADAPTIVE-CORE-OWNERSHIP-CHAMPION-X	V024	exp: record adaptive core ownership V024 local result	7a125bee3fce67cb295a988d63f63b29ee9c756a	1a5feb0641376991c3c3fb571d172c9047d613da	503b98cb22ae88798bb6bfca83a46676933f3600	本地实验/ADAPTIVE-CORE-OWNERSHIP-CHAMPION-X/V024/CMakeLists.txt	100644	abffea60bda7ba0b90eba4b5aa45a5ffc8b1a548		EXCLUDE	BUILD_CONFIGURATION		build configuration omitted
W3-R2-ADAPTIVE-CORE-OWNERSHIP-CHAMPION-X	V024	exp: record adaptive core ownership V024 local result	7a125bee3fce67cb295a988d63f63b29ee9c756a	1a5feb0641376991c3c3fb571d172c9047d613da	503b98cb22ae88798bb6bfca83a46676933f3600	本地实验/ADAPTIVE-CORE-OWNERSHIP-CHAMPION-X/V024/build_server3.sh	100644	4671083efb7e7f6a1185378f0ce43aaa04e253f1		EXCLUDE	BUILD_OR_RUN_SCRIPT		script omitted
W3-R2-ADAPTIVE-CORE-OWNERSHIP-CHAMPION-X	V024	exp: record adaptive core ownership V024 local result	7a125bee3fce67cb295a988d63f63b29ee9c756a	1a5feb0641376991c3c3fb571d172c9047d613da	503b98cb22ae88798bb6bfca83a46676933f3600	本地实验/ADAPTIVE-CORE-OWNERSHIP-CHAMPION-X/V024/logs/correctness-20261006T173758Z.log	100644	93177350950e3f9caa80014973a2312c2fbfcead	证据集成/W3/Batch-08-R2/R2/V024/logs/correctness-20261006T173758Z.log	COPY	CORRECTNESS_LOG	D015	original bytes
W3-R2-ADAPTIVE-CORE-OWNERSHIP-CHAMPION-X	V024	exp: record adaptive core ownership V024 local result	7a125bee3fce67cb295a988d63f63b29ee9c756a	1a5feb0641376991c3c3fb571d172c9047d613da	503b98cb22ae88798bb6bfca83a46676933f3600	本地实验/ADAPTIVE-CORE-OWNERSHIP-CHAMPION-X/V024/logs/local-20261006T173829Z-raw.tsv	100644	211654761d38ec0cab829ad5ac51ca1993b2afae	证据集成/W3/Batch-08-R2/R2/V024/logs/local-20261006T173829Z-raw.tsv	COPY	LOCAL_RAW_TABLE		original bytes
W3-R2-ADAPTIVE-CORE-OWNERSHIP-CHAMPION-X	V024	exp: record adaptive core ownership V024 local result	7a125bee3fce67cb295a988d63f63b29ee9c756a	1a5feb0641376991c3c3fb571d172c9047d613da	503b98cb22ae88798bb6bfca83a46676933f3600	本地实验/ADAPTIVE-CORE-OWNERSHIP-CHAMPION-X/V024/logs/local-20261006T173829Z-runner.log	100644	5f8abbf4f0258b46e951e8fa59d9bdae51fe7794	证据集成/W3/Batch-08-R2/R2/V024/logs/local-20261006T173829Z-runner.log	COPY	LOCAL_RUN_LOG		original bytes
W3-R2-ADAPTIVE-CORE-OWNERSHIP-CHAMPION-X	V024	exp: record adaptive core ownership V024 local result	7a125bee3fce67cb295a988d63f63b29ee9c756a	1a5feb0641376991c3c3fb571d172c9047d613da	503b98cb22ae88798bb6bfca83a46676933f3600	本地实验/ADAPTIVE-CORE-OWNERSHIP-CHAMPION-X/V024/logs/post-local-20261006T173924Z-device-context.txt	100644	b5a41a9392c1a4882619fdf5598f67963c5d2c1f	证据集成/W3/Batch-08-R2/R2/V024/logs/post-local-20261006T173924Z-device-context.txt	COPY	LOCAL_CONTEXT_LOG		original bytes
W3-R2-ADAPTIVE-CORE-OWNERSHIP-CHAMPION-X	V024	exp: record adaptive core ownership V024 local result	7a125bee3fce67cb295a988d63f63b29ee9c756a	1a5feb0641376991c3c3fb571d172c9047d613da	503b98cb22ae88798bb6bfca83a46676933f3600	本地实验/ADAPTIVE-CORE-OWNERSHIP-CHAMPION-X/V024/logs/post-local-20261006T174034Z-proc-mem.txt	100644	96c5d3a35b8f5c5f47d1e8bd90fdcc7925fac0b1	证据集成/W3/Batch-08-R2/R2/V024/logs/post-local-20261006T174034Z-proc-mem.txt	COPY	LOCAL_CONTEXT_LOG		original bytes
W3-R2-ADAPTIVE-CORE-OWNERSHIP-CHAMPION-X	V024	exp: record adaptive core ownership V024 local result	7a125bee3fce67cb295a988d63f63b29ee9c756a	1a5feb0641376991c3c3fb571d172c9047d613da	503b98cb22ae88798bb6bfca83a46676933f3600	本地实验/ADAPTIVE-CORE-OWNERSHIP-CHAMPION-X/V024/logs/server3-transfer-compile-20261006T173600Z.log	100644	6c9c5188441f8b308ed167dc13fdf8b7bc08b1ee	证据集成/W3/Batch-08-R2/R2/V024/logs/server3-transfer-compile-20261006T173600Z.log	COPY	COMPILE_LOG		original bytes
W3-R2-ADAPTIVE-CORE-OWNERSHIP-CHAMPION-X	V024	exp: record adaptive core ownership V024 local result	7a125bee3fce67cb295a988d63f63b29ee9c756a	1a5feb0641376991c3c3fb571d172c9047d613da	503b98cb22ae88798bb6bfca83a46676933f3600	本地实验/ADAPTIVE-CORE-OWNERSHIP-CHAMPION-X/V024/parent-source.json	100644	2d35a4fa6ac375df22d633c72e0fedd2ea364d0e	证据集成/W3/Batch-08-R2/R2/V024/parent-source.json	COPY	SOURCE_METADATA		original bytes
W3-R2-ADAPTIVE-CORE-OWNERSHIP-CHAMPION-X	V024	exp: record adaptive core ownership V024 local result	7a125bee3fce67cb295a988d63f63b29ee9c756a	1a5feb0641376991c3c3fb571d172c9047d613da	503b98cb22ae88798bb6bfca83a46676933f3600	本地实验/ADAPTIVE-CORE-OWNERSHIP-CHAMPION-X/V024/parent.asc	100644	badd4a7c0367e25611d88ba9b7e5ee5c8060302d		EXCLUDE	PARENT_KERNEL_SOURCE	D019	kernel source omitted; source blob id retained
W3-R2-ADAPTIVE-CORE-OWNERSHIP-CHAMPION-X	V024	exp: record adaptive core ownership V024 local result	7a125bee3fce67cb295a988d63f63b29ee9c756a	1a5feb0641376991c3c3fb571d172c9047d613da	503b98cb22ae88798bb6bfca83a46676933f3600	本地实验/ADAPTIVE-CORE-OWNERSHIP-CHAMPION-X/V024/run_server3.sh	100644	0aa13511f2be6b39a0e503f84aa00b7ad13928e6		EXCLUDE	BUILD_OR_RUN_SCRIPT		script omitted
W3-R2-ADAPTIVE-CORE-OWNERSHIP-CHAMPION-X	V024	exp: record adaptive core ownership V024 local result	7a125bee3fce67cb295a988d63f63b29ee9c756a	1a5feb0641376991c3c3fb571d172c9047d613da	503b98cb22ae88798bb6bfca83a46676933f3600	本地实验/ADAPTIVE-CORE-OWNERSHIP-CHAMPION-X/V024/submission.asc	100644	5dd4a4dd918e4a16855e204fb79a3d365bfcdde2		EXCLUDE	CANDIDATE_KERNEL_SOURCE		kernel source omitted; source blob id retained
W3-R2-ADAPTIVE-CORE-OWNERSHIP-CHAMPION-X	V024	exp: record adaptive core ownership V024 local result	7a125bee3fce67cb295a988d63f63b29ee9c756a	1a5feb0641376991c3c3fb571d172c9047d613da	503b98cb22ae88798bb6bfca83a46676933f3600	本地实验/ADAPTIVE-CORE-OWNERSHIP-CHAMPION-X/V024/support/build_on_server3.sh	100644	a1b48483ab3e3950451d91372ffb0bdb69cd576d		EXCLUDE	BUILD_OR_RUN_SCRIPT		script omitted
W3-R2-ADAPTIVE-CORE-OWNERSHIP-CHAMPION-X	V024	exp: record adaptive core ownership V024 local result	7a125bee3fce67cb295a988d63f63b29ee9c756a	1a5feb0641376991c3c3fb571d172c9047d613da	503b98cb22ae88798bb6bfca83a46676933f3600	本地实验/ADAPTIVE-CORE-OWNERSHIP-CHAMPION-X/V024/support/candidate_entry.asc	100644	18e027bae25362b967ed9de7161661b7d178b00f		EXCLUDE	CANDIDATE_KERNEL_SOURCE	D003	kernel source omitted; source blob id retained
W3-R2-ADAPTIVE-CORE-OWNERSHIP-CHAMPION-X	V024	exp: record adaptive core ownership V024 local result	7a125bee3fce67cb295a988d63f63b29ee9c756a	1a5feb0641376991c3c3fb571d172c9047d613da	503b98cb22ae88798bb6bfca83a46676933f3600	本地实验/ADAPTIVE-CORE-OWNERSHIP-CHAMPION-X/V024/support/judge_types.hpp	100644	805d14e5125e17ebb48f4cd189640098214b869f		EXCLUDE	C_CPP_SUPPORT_SOURCE	D014	support source omitted; source blob id retained
W3-R2-ADAPTIVE-CORE-OWNERSHIP-CHAMPION-X	V024	exp: record adaptive core ownership V024 local result	7a125bee3fce67cb295a988d63f63b29ee9c756a	1a5feb0641376991c3c3fb571d172c9047d613da	503b98cb22ae88798bb6bfca83a46676933f3600	本地实验/ADAPTIVE-CORE-OWNERSHIP-CHAMPION-X/V024/support/parent_entry.asc	100644	7d992a0cb5ee7975373cd6a081171ea2d0e7a338		EXCLUDE	PARENT_KERNEL_SOURCE	D013	kernel source omitted; source blob id retained
W3-R2-ADAPTIVE-CORE-OWNERSHIP-CHAMPION-X	V024	exp: record adaptive core ownership V024 local result	7a125bee3fce67cb295a988d63f63b29ee9c756a	1a5feb0641376991c3c3fb571d172c9047d613da	503b98cb22ae88798bb6bfca83a46676933f3600	本地实验/ADAPTIVE-CORE-OWNERSHIP-CHAMPION-X/V024/support/probe.cpp	100644	a89a42fca0d46f34f90ec122dfe4b52ae266fb49		EXCLUDE	C_CPP_SUPPORT_SOURCE	D018	support source omitted; source blob id retained
W3-R2-ADAPTIVE-CORE-OWNERSHIP-CHAMPION-X	V025	exp: record adaptive core ownership V025 local result	5b080d79762d8c742dffbcde7690e2a04b474367	eeb4401c8ec7032cd0471ad5f94a1f148251bd85	503b98cb22ae88798bb6bfca83a46676933f3600	本地实验/ADAPTIVE-CORE-OWNERSHIP-CHAMPION-X/V025/CMakeLists.txt	100644	9dc104a5df786a9b2a48a31f9ff0f2c41acb6e86		EXCLUDE	BUILD_CONFIGURATION		build configuration omitted
W3-R2-ADAPTIVE-CORE-OWNERSHIP-CHAMPION-X	V025	exp: record adaptive core ownership V025 local result	5b080d79762d8c742dffbcde7690e2a04b474367	eeb4401c8ec7032cd0471ad5f94a1f148251bd85	503b98cb22ae88798bb6bfca83a46676933f3600	本地实验/ADAPTIVE-CORE-OWNERSHIP-CHAMPION-X/V025/build_server3.sh	100644	fec1895984c0827eca01f2951680389991fe4a6a		EXCLUDE	BUILD_OR_RUN_SCRIPT		script omitted
W3-R2-ADAPTIVE-CORE-OWNERSHIP-CHAMPION-X	V025	exp: record adaptive core ownership V025 local result	5b080d79762d8c742dffbcde7690e2a04b474367	eeb4401c8ec7032cd0471ad5f94a1f148251bd85	503b98cb22ae88798bb6bfca83a46676933f3600	本地实验/ADAPTIVE-CORE-OWNERSHIP-CHAMPION-X/V025/logs/correctness-20261006T174657Z.log	100644	93177350950e3f9caa80014973a2312c2fbfcead	证据集成/W3/Batch-08-R2/R2/V025/logs/correctness-20261006T174657Z.log	COPY	CORRECTNESS_LOG	D015	original bytes
W3-R2-ADAPTIVE-CORE-OWNERSHIP-CHAMPION-X	V025	exp: record adaptive core ownership V025 local result	5b080d79762d8c742dffbcde7690e2a04b474367	eeb4401c8ec7032cd0471ad5f94a1f148251bd85	503b98cb22ae88798bb6bfca83a46676933f3600	本地实验/ADAPTIVE-CORE-OWNERSHIP-CHAMPION-X/V025/logs/local-20261006T174730Z-raw.tsv	100644	b748563b0bdca1b77fff7f263a08d3c2b3d882e8	证据集成/W3/Batch-08-R2/R2/V025/logs/local-20261006T174730Z-raw.tsv	COPY	LOCAL_RAW_TABLE		original bytes
W3-R2-ADAPTIVE-CORE-OWNERSHIP-CHAMPION-X	V025	exp: record adaptive core ownership V025 local result	5b080d79762d8c742dffbcde7690e2a04b474367	eeb4401c8ec7032cd0471ad5f94a1f148251bd85	503b98cb22ae88798bb6bfca83a46676933f3600	本地实验/ADAPTIVE-CORE-OWNERSHIP-CHAMPION-X/V025/logs/local-20261006T174730Z-runner.log	100644	9481482501f79ab464231eef21208de1484c207d	证据集成/W3/Batch-08-R2/R2/V025/logs/local-20261006T174730Z-runner.log	COPY	LOCAL_RUN_LOG		original bytes
W3-R2-ADAPTIVE-CORE-OWNERSHIP-CHAMPION-X	V025	exp: record adaptive core ownership V025 local result	5b080d79762d8c742dffbcde7690e2a04b474367	eeb4401c8ec7032cd0471ad5f94a1f148251bd85	503b98cb22ae88798bb6bfca83a46676933f3600	本地实验/ADAPTIVE-CORE-OWNERSHIP-CHAMPION-X/V025/logs/post-local-20261006T174813Z-proc-mem.txt	100644	4cf9d2754adc0ce69d157af06f335b5a3b0d236a	证据集成/W3/Batch-08-R2/R2/V025/logs/post-local-20261006T174813Z-proc-mem.txt	COPY	LOCAL_CONTEXT_LOG		original bytes
W3-R2-ADAPTIVE-CORE-OWNERSHIP-CHAMPION-X	V025	exp: record adaptive core ownership V025 local result	5b080d79762d8c742dffbcde7690e2a04b474367	eeb4401c8ec7032cd0471ad5f94a1f148251bd85	503b98cb22ae88798bb6bfca83a46676933f3600	本地实验/ADAPTIVE-CORE-OWNERSHIP-CHAMPION-X/V025/logs/server3-transfer-compile-20261006T174510Z.log	100644	c5943cee18d037ede958aca6fb3121ac39f6580b	证据集成/W3/Batch-08-R2/R2/V025/logs/server3-transfer-compile-20261006T174510Z.log	COPY	COMPILE_LOG		original bytes
W3-R2-ADAPTIVE-CORE-OWNERSHIP-CHAMPION-X	V025	exp: record adaptive core ownership V025 local result	5b080d79762d8c742dffbcde7690e2a04b474367	eeb4401c8ec7032cd0471ad5f94a1f148251bd85	503b98cb22ae88798bb6bfca83a46676933f3600	本地实验/ADAPTIVE-CORE-OWNERSHIP-CHAMPION-X/V025/parent-source.json	100644	4e27d89634abc7ec2ee46bed0b749677bd909b68	证据集成/W3/Batch-08-R2/R2/V025/parent-source.json	COPY	SOURCE_METADATA		original bytes
W3-R2-ADAPTIVE-CORE-OWNERSHIP-CHAMPION-X	V025	exp: record adaptive core ownership V025 local result	5b080d79762d8c742dffbcde7690e2a04b474367	eeb4401c8ec7032cd0471ad5f94a1f148251bd85	503b98cb22ae88798bb6bfca83a46676933f3600	本地实验/ADAPTIVE-CORE-OWNERSHIP-CHAMPION-X/V025/parent.asc	100644	badd4a7c0367e25611d88ba9b7e5ee5c8060302d		EXCLUDE	PARENT_KERNEL_SOURCE	D019	kernel source omitted; source blob id retained
W3-R2-ADAPTIVE-CORE-OWNERSHIP-CHAMPION-X	V025	exp: record adaptive core ownership V025 local result	5b080d79762d8c742dffbcde7690e2a04b474367	eeb4401c8ec7032cd0471ad5f94a1f148251bd85	503b98cb22ae88798bb6bfca83a46676933f3600	本地实验/ADAPTIVE-CORE-OWNERSHIP-CHAMPION-X/V025/run_server3.sh	100644	a010a909f83be880fbce6d99ee9d1e060b35c9ed		EXCLUDE	BUILD_OR_RUN_SCRIPT		script omitted
W3-R2-ADAPTIVE-CORE-OWNERSHIP-CHAMPION-X	V025	exp: record adaptive core ownership V025 local result	5b080d79762d8c742dffbcde7690e2a04b474367	eeb4401c8ec7032cd0471ad5f94a1f148251bd85	503b98cb22ae88798bb6bfca83a46676933f3600	本地实验/ADAPTIVE-CORE-OWNERSHIP-CHAMPION-X/V025/submission.asc	100644	4fe8afbdee7cd526a2b00c05250f4bf861cfddcb		EXCLUDE	CANDIDATE_KERNEL_SOURCE		kernel source omitted; source blob id retained
W3-R2-ADAPTIVE-CORE-OWNERSHIP-CHAMPION-X	V025	exp: record adaptive core ownership V025 local result	5b080d79762d8c742dffbcde7690e2a04b474367	eeb4401c8ec7032cd0471ad5f94a1f148251bd85	503b98cb22ae88798bb6bfca83a46676933f3600	本地实验/ADAPTIVE-CORE-OWNERSHIP-CHAMPION-X/V025/support/build_on_server3.sh	100644	9ef06db8a0a013d4de33cf5660b046aec585b579		EXCLUDE	BUILD_OR_RUN_SCRIPT		script omitted
W3-R2-ADAPTIVE-CORE-OWNERSHIP-CHAMPION-X	V025	exp: record adaptive core ownership V025 local result	5b080d79762d8c742dffbcde7690e2a04b474367	eeb4401c8ec7032cd0471ad5f94a1f148251bd85	503b98cb22ae88798bb6bfca83a46676933f3600	本地实验/ADAPTIVE-CORE-OWNERSHIP-CHAMPION-X/V025/support/candidate_entry.asc	100644	18e027bae25362b967ed9de7161661b7d178b00f		EXCLUDE	CANDIDATE_KERNEL_SOURCE	D003	kernel source omitted; source blob id retained
W3-R2-ADAPTIVE-CORE-OWNERSHIP-CHAMPION-X	V025	exp: record adaptive core ownership V025 local result	5b080d79762d8c742dffbcde7690e2a04b474367	eeb4401c8ec7032cd0471ad5f94a1f148251bd85	503b98cb22ae88798bb6bfca83a46676933f3600	本地实验/ADAPTIVE-CORE-OWNERSHIP-CHAMPION-X/V025/support/judge_types.hpp	100644	805d14e5125e17ebb48f4cd189640098214b869f		EXCLUDE	C_CPP_SUPPORT_SOURCE	D014	support source omitted; source blob id retained
W3-R2-ADAPTIVE-CORE-OWNERSHIP-CHAMPION-X	V025	exp: record adaptive core ownership V025 local result	5b080d79762d8c742dffbcde7690e2a04b474367	eeb4401c8ec7032cd0471ad5f94a1f148251bd85	503b98cb22ae88798bb6bfca83a46676933f3600	本地实验/ADAPTIVE-CORE-OWNERSHIP-CHAMPION-X/V025/support/parent_entry.asc	100644	7d992a0cb5ee7975373cd6a081171ea2d0e7a338		EXCLUDE	PARENT_KERNEL_SOURCE	D013	kernel source omitted; source blob id retained
W3-R2-ADAPTIVE-CORE-OWNERSHIP-CHAMPION-X	V025	exp: record adaptive core ownership V025 local result	5b080d79762d8c742dffbcde7690e2a04b474367	eeb4401c8ec7032cd0471ad5f94a1f148251bd85	503b98cb22ae88798bb6bfca83a46676933f3600	本地实验/ADAPTIVE-CORE-OWNERSHIP-CHAMPION-X/V025/support/probe.cpp	100644	a89a42fca0d46f34f90ec122dfe4b52ae266fb49		EXCLUDE	C_CPP_SUPPORT_SOURCE	D018	support source omitted; source blob id retained
W3-R2-ADAPTIVE-CORE-OWNERSHIP-CHAMPION-X	V026	exp: record adaptive core ownership V026 local result	7addb66dd495d9536485f0dd4df3b968a302f245	9aa34b4252e09b3292ae919b48c02c6a6a91dc66	503b98cb22ae88798bb6bfca83a46676933f3600	本地实验/ADAPTIVE-CORE-OWNERSHIP-CHAMPION-X/V026/CMakeLists.txt	100644	4902cd78acde23de36594395c8013ad32fad34e4		EXCLUDE	BUILD_CONFIGURATION		build configuration omitted
W3-R2-ADAPTIVE-CORE-OWNERSHIP-CHAMPION-X	V026	exp: record adaptive core ownership V026 local result	7addb66dd495d9536485f0dd4df3b968a302f245	9aa34b4252e09b3292ae919b48c02c6a6a91dc66	503b98cb22ae88798bb6bfca83a46676933f3600	本地实验/ADAPTIVE-CORE-OWNERSHIP-CHAMPION-X/V026/build_server3.sh	100644	1e25f2146b5ee0e5e2838aa3bd134f60b35c62e2		EXCLUDE	BUILD_OR_RUN_SCRIPT		script omitted
W3-R2-ADAPTIVE-CORE-OWNERSHIP-CHAMPION-X	V026	exp: record adaptive core ownership V026 local result	7addb66dd495d9536485f0dd4df3b968a302f245	9aa34b4252e09b3292ae919b48c02c6a6a91dc66	503b98cb22ae88798bb6bfca83a46676933f3600	本地实验/ADAPTIVE-CORE-OWNERSHIP-CHAMPION-X/V026/logs/correctness-20261006T175322Z.log	100644	93177350950e3f9caa80014973a2312c2fbfcead	证据集成/W3/Batch-08-R2/R2/V026/logs/correctness-20261006T175322Z.log	COPY	CORRECTNESS_LOG	D015	original bytes
W3-R2-ADAPTIVE-CORE-OWNERSHIP-CHAMPION-X	V026	exp: record adaptive core ownership V026 local result	7addb66dd495d9536485f0dd4df3b968a302f245	9aa34b4252e09b3292ae919b48c02c6a6a91dc66	503b98cb22ae88798bb6bfca83a46676933f3600	本地实验/ADAPTIVE-CORE-OWNERSHIP-CHAMPION-X/V026/logs/local-20261006T175400Z-raw.tsv	100644	f2f3459fa6649745567cb8f755a0d6cdbf78133b	证据集成/W3/Batch-08-R2/R2/V026/logs/local-20261006T175400Z-raw.tsv	COPY	LOCAL_RAW_TABLE		original bytes
W3-R2-ADAPTIVE-CORE-OWNERSHIP-CHAMPION-X	V026	exp: record adaptive core ownership V026 local result	7addb66dd495d9536485f0dd4df3b968a302f245	9aa34b4252e09b3292ae919b48c02c6a6a91dc66	503b98cb22ae88798bb6bfca83a46676933f3600	本地实验/ADAPTIVE-CORE-OWNERSHIP-CHAMPION-X/V026/logs/local-20261006T175400Z-runner.log	100644	b208a40b2d44642d63c1f6b39d72b6da36bc09ee	证据集成/W3/Batch-08-R2/R2/V026/logs/local-20261006T175400Z-runner.log	COPY	LOCAL_RUN_LOG		original bytes
W3-R2-ADAPTIVE-CORE-OWNERSHIP-CHAMPION-X	V026	exp: record adaptive core ownership V026 local result	7addb66dd495d9536485f0dd4df3b968a302f245	9aa34b4252e09b3292ae919b48c02c6a6a91dc66	503b98cb22ae88798bb6bfca83a46676933f3600	本地实验/ADAPTIVE-CORE-OWNERSHIP-CHAMPION-X/V026/logs/post-local-20261006T175434Z-proc-mem.txt	100644	598e0e46444f485549dfb228d6898e7fa9112679	证据集成/W3/Batch-08-R2/R2/V026/logs/post-local-20261006T175434Z-proc-mem.txt	COPY	LOCAL_CONTEXT_LOG		original bytes
W3-R2-ADAPTIVE-CORE-OWNERSHIP-CHAMPION-X	V026	exp: record adaptive core ownership V026 local result	7addb66dd495d9536485f0dd4df3b968a302f245	9aa34b4252e09b3292ae919b48c02c6a6a91dc66	503b98cb22ae88798bb6bfca83a46676933f3600	本地实验/ADAPTIVE-CORE-OWNERSHIP-CHAMPION-X/V026/logs/server3-transfer-compile-20261006T175141Z.log	100644	59338032e66d7c8cafca64fb7a591053f37a68f7	证据集成/W3/Batch-08-R2/R2/V026/logs/server3-transfer-compile-20261006T175141Z.log	COPY	COMPILE_LOG		original bytes
W3-R2-ADAPTIVE-CORE-OWNERSHIP-CHAMPION-X	V026	exp: record adaptive core ownership V026 local result	7addb66dd495d9536485f0dd4df3b968a302f245	9aa34b4252e09b3292ae919b48c02c6a6a91dc66	503b98cb22ae88798bb6bfca83a46676933f3600	本地实验/ADAPTIVE-CORE-OWNERSHIP-CHAMPION-X/V026/parent-source.json	100644	be9d97490b1e2e99437e906cad2a815ac5e9f719	证据集成/W3/Batch-08-R2/R2/V026/parent-source.json	COPY	SOURCE_METADATA		original bytes
W3-R2-ADAPTIVE-CORE-OWNERSHIP-CHAMPION-X	V026	exp: record adaptive core ownership V026 local result	7addb66dd495d9536485f0dd4df3b968a302f245	9aa34b4252e09b3292ae919b48c02c6a6a91dc66	503b98cb22ae88798bb6bfca83a46676933f3600	本地实验/ADAPTIVE-CORE-OWNERSHIP-CHAMPION-X/V026/parent.asc	100644	badd4a7c0367e25611d88ba9b7e5ee5c8060302d		EXCLUDE	PARENT_KERNEL_SOURCE	D019	kernel source omitted; source blob id retained
W3-R2-ADAPTIVE-CORE-OWNERSHIP-CHAMPION-X	V026	exp: record adaptive core ownership V026 local result	7addb66dd495d9536485f0dd4df3b968a302f245	9aa34b4252e09b3292ae919b48c02c6a6a91dc66	503b98cb22ae88798bb6bfca83a46676933f3600	本地实验/ADAPTIVE-CORE-OWNERSHIP-CHAMPION-X/V026/run_server3.sh	100644	24fdf152e46fe14e62220602728924eda1e926e5		EXCLUDE	BUILD_OR_RUN_SCRIPT		script omitted
W3-R2-ADAPTIVE-CORE-OWNERSHIP-CHAMPION-X	V026	exp: record adaptive core ownership V026 local result	7addb66dd495d9536485f0dd4df3b968a302f245	9aa34b4252e09b3292ae919b48c02c6a6a91dc66	503b98cb22ae88798bb6bfca83a46676933f3600	本地实验/ADAPTIVE-CORE-OWNERSHIP-CHAMPION-X/V026/submission.asc	100644	bbe0eef2860c7ed8e4014b2fa4b2372d6585ec67		EXCLUDE	CANDIDATE_KERNEL_SOURCE		kernel source omitted; source blob id retained
W3-R2-ADAPTIVE-CORE-OWNERSHIP-CHAMPION-X	V026	exp: record adaptive core ownership V026 local result	7addb66dd495d9536485f0dd4df3b968a302f245	9aa34b4252e09b3292ae919b48c02c6a6a91dc66	503b98cb22ae88798bb6bfca83a46676933f3600	本地实验/ADAPTIVE-CORE-OWNERSHIP-CHAMPION-X/V026/support/build_on_server3.sh	100644	2404838c547142d88b37882c2ecbd6590f602885		EXCLUDE	BUILD_OR_RUN_SCRIPT		script omitted
W3-R2-ADAPTIVE-CORE-OWNERSHIP-CHAMPION-X	V026	exp: record adaptive core ownership V026 local result	7addb66dd495d9536485f0dd4df3b968a302f245	9aa34b4252e09b3292ae919b48c02c6a6a91dc66	503b98cb22ae88798bb6bfca83a46676933f3600	本地实验/ADAPTIVE-CORE-OWNERSHIP-CHAMPION-X/V026/support/candidate_entry.asc	100644	18e027bae25362b967ed9de7161661b7d178b00f		EXCLUDE	CANDIDATE_KERNEL_SOURCE	D003	kernel source omitted; source blob id retained
W3-R2-ADAPTIVE-CORE-OWNERSHIP-CHAMPION-X	V026	exp: record adaptive core ownership V026 local result	7addb66dd495d9536485f0dd4df3b968a302f245	9aa34b4252e09b3292ae919b48c02c6a6a91dc66	503b98cb22ae88798bb6bfca83a46676933f3600	本地实验/ADAPTIVE-CORE-OWNERSHIP-CHAMPION-X/V026/support/judge_types.hpp	100644	805d14e5125e17ebb48f4cd189640098214b869f		EXCLUDE	C_CPP_SUPPORT_SOURCE	D014	support source omitted; source blob id retained
W3-R2-ADAPTIVE-CORE-OWNERSHIP-CHAMPION-X	V026	exp: record adaptive core ownership V026 local result	7addb66dd495d9536485f0dd4df3b968a302f245	9aa34b4252e09b3292ae919b48c02c6a6a91dc66	503b98cb22ae88798bb6bfca83a46676933f3600	本地实验/ADAPTIVE-CORE-OWNERSHIP-CHAMPION-X/V026/support/parent_entry.asc	100644	7d992a0cb5ee7975373cd6a081171ea2d0e7a338		EXCLUDE	PARENT_KERNEL_SOURCE	D013	kernel source omitted; source blob id retained
W3-R2-ADAPTIVE-CORE-OWNERSHIP-CHAMPION-X	V026	exp: record adaptive core ownership V026 local result	7addb66dd495d9536485f0dd4df3b968a302f245	9aa34b4252e09b3292ae919b48c02c6a6a91dc66	503b98cb22ae88798bb6bfca83a46676933f3600	本地实验/ADAPTIVE-CORE-OWNERSHIP-CHAMPION-X/V026/support/probe.cpp	100644	a89a42fca0d46f34f90ec122dfe4b52ae266fb49		EXCLUDE	C_CPP_SUPPORT_SOURCE	D018	support source omitted; source blob id retained
W3-R2-ADAPTIVE-CORE-OWNERSHIP-CHAMPION-X	V027	exp: record adaptive core ownership V027 local result	b899373bf8e4d052a14e78b2e5425140b54b640d	da2476ae5b4f4cf3f8eb0c8ba506784493b4abf4	503b98cb22ae88798bb6bfca83a46676933f3600	本地实验/ADAPTIVE-CORE-OWNERSHIP-CHAMPION-X/V027/CMakeLists.txt	100644	60c2e063df944c1a86686bb54f33d6df1a2fb14b		EXCLUDE	BUILD_CONFIGURATION		build configuration omitted
W3-R2-ADAPTIVE-CORE-OWNERSHIP-CHAMPION-X	V027	exp: record adaptive core ownership V027 local result	b899373bf8e4d052a14e78b2e5425140b54b640d	da2476ae5b4f4cf3f8eb0c8ba506784493b4abf4	503b98cb22ae88798bb6bfca83a46676933f3600	本地实验/ADAPTIVE-CORE-OWNERSHIP-CHAMPION-X/V027/build_server3.sh	100644	9154181a538942f0a122a2539a9319672f1ceff4		EXCLUDE	BUILD_OR_RUN_SCRIPT		script omitted
W3-R2-ADAPTIVE-CORE-OWNERSHIP-CHAMPION-X	V027	exp: record adaptive core ownership V027 local result	b899373bf8e4d052a14e78b2e5425140b54b640d	da2476ae5b4f4cf3f8eb0c8ba506784493b4abf4	503b98cb22ae88798bb6bfca83a46676933f3600	本地实验/ADAPTIVE-CORE-OWNERSHIP-CHAMPION-X/V027/logs/correctness-20261006T180048Z.log	100644	93177350950e3f9caa80014973a2312c2fbfcead	证据集成/W3/Batch-08-R2/R2/V027/logs/correctness-20261006T180048Z.log	COPY	CORRECTNESS_LOG	D015	original bytes
W3-R2-ADAPTIVE-CORE-OWNERSHIP-CHAMPION-X	V027	exp: record adaptive core ownership V027 local result	b899373bf8e4d052a14e78b2e5425140b54b640d	da2476ae5b4f4cf3f8eb0c8ba506784493b4abf4	503b98cb22ae88798bb6bfca83a46676933f3600	本地实验/ADAPTIVE-CORE-OWNERSHIP-CHAMPION-X/V027/logs/local-20261006T180140Z-raw.tsv	100644	2a3dd53323cc0d239a99a12e9968547907972e7f	证据集成/W3/Batch-08-R2/R2/V027/logs/local-20261006T180140Z-raw.tsv	COPY	LOCAL_RAW_TABLE		original bytes
W3-R2-ADAPTIVE-CORE-OWNERSHIP-CHAMPION-X	V027	exp: record adaptive core ownership V027 local result	b899373bf8e4d052a14e78b2e5425140b54b640d	da2476ae5b4f4cf3f8eb0c8ba506784493b4abf4	503b98cb22ae88798bb6bfca83a46676933f3600	本地实验/ADAPTIVE-CORE-OWNERSHIP-CHAMPION-X/V027/logs/local-20261006T180140Z-runner.log	100644	f485a754a3ef562a3b820d9c075b45d36d5fc232	证据集成/W3/Batch-08-R2/R2/V027/logs/local-20261006T180140Z-runner.log	COPY	LOCAL_RUN_LOG		original bytes
W3-R2-ADAPTIVE-CORE-OWNERSHIP-CHAMPION-X	V027	exp: record adaptive core ownership V027 local result	b899373bf8e4d052a14e78b2e5425140b54b640d	da2476ae5b4f4cf3f8eb0c8ba506784493b4abf4	503b98cb22ae88798bb6bfca83a46676933f3600	本地实验/ADAPTIVE-CORE-OWNERSHIP-CHAMPION-X/V027/logs/post-local-20261006T180219Z-proc-mem.txt	100644	b6cad2423f53adeb5b8e61671384ef348a7d9dee	证据集成/W3/Batch-08-R2/R2/V027/logs/post-local-20261006T180219Z-proc-mem.txt	COPY	LOCAL_CONTEXT_LOG		original bytes
W3-R2-ADAPTIVE-CORE-OWNERSHIP-CHAMPION-X	V027	exp: record adaptive core ownership V027 local result	b899373bf8e4d052a14e78b2e5425140b54b640d	da2476ae5b4f4cf3f8eb0c8ba506784493b4abf4	503b98cb22ae88798bb6bfca83a46676933f3600	本地实验/ADAPTIVE-CORE-OWNERSHIP-CHAMPION-X/V027/logs/server3-transfer-compile-20261006T175844Z.log	100644	bfe57447bec59e26869becdf2d25901ff56d8630	证据集成/W3/Batch-08-R2/R2/V027/logs/server3-transfer-compile-20261006T175844Z.log	COPY	COMPILE_LOG		original bytes
W3-R2-ADAPTIVE-CORE-OWNERSHIP-CHAMPION-X	V027	exp: record adaptive core ownership V027 local result	b899373bf8e4d052a14e78b2e5425140b54b640d	da2476ae5b4f4cf3f8eb0c8ba506784493b4abf4	503b98cb22ae88798bb6bfca83a46676933f3600	本地实验/ADAPTIVE-CORE-OWNERSHIP-CHAMPION-X/V027/parent-source.json	100644	32f24f12457dadbb6edd8620f98a25a8a96f8e6d	证据集成/W3/Batch-08-R2/R2/V027/parent-source.json	COPY	SOURCE_METADATA		original bytes
W3-R2-ADAPTIVE-CORE-OWNERSHIP-CHAMPION-X	V027	exp: record adaptive core ownership V027 local result	b899373bf8e4d052a14e78b2e5425140b54b640d	da2476ae5b4f4cf3f8eb0c8ba506784493b4abf4	503b98cb22ae88798bb6bfca83a46676933f3600	本地实验/ADAPTIVE-CORE-OWNERSHIP-CHAMPION-X/V027/parent.asc	100644	badd4a7c0367e25611d88ba9b7e5ee5c8060302d		EXCLUDE	PARENT_KERNEL_SOURCE	D019	kernel source omitted; source blob id retained
W3-R2-ADAPTIVE-CORE-OWNERSHIP-CHAMPION-X	V027	exp: record adaptive core ownership V027 local result	b899373bf8e4d052a14e78b2e5425140b54b640d	da2476ae5b4f4cf3f8eb0c8ba506784493b4abf4	503b98cb22ae88798bb6bfca83a46676933f3600	本地实验/ADAPTIVE-CORE-OWNERSHIP-CHAMPION-X/V027/run_server3.sh	100644	2719f5c8a534fbebef5902be8cedb1673d43bf30		EXCLUDE	BUILD_OR_RUN_SCRIPT		script omitted
W3-R2-ADAPTIVE-CORE-OWNERSHIP-CHAMPION-X	V027	exp: record adaptive core ownership V027 local result	b899373bf8e4d052a14e78b2e5425140b54b640d	da2476ae5b4f4cf3f8eb0c8ba506784493b4abf4	503b98cb22ae88798bb6bfca83a46676933f3600	本地实验/ADAPTIVE-CORE-OWNERSHIP-CHAMPION-X/V027/submission.asc	100644	56215cbd177d33a931de2053216555560bc83672		EXCLUDE	CANDIDATE_KERNEL_SOURCE		kernel source omitted; source blob id retained
W3-R2-ADAPTIVE-CORE-OWNERSHIP-CHAMPION-X	V027	exp: record adaptive core ownership V027 local result	b899373bf8e4d052a14e78b2e5425140b54b640d	da2476ae5b4f4cf3f8eb0c8ba506784493b4abf4	503b98cb22ae88798bb6bfca83a46676933f3600	本地实验/ADAPTIVE-CORE-OWNERSHIP-CHAMPION-X/V027/support/build_on_server3.sh	100644	2739189cf52d8a4eee8cdbb4eaea3db494f26217		EXCLUDE	BUILD_OR_RUN_SCRIPT		script omitted
W3-R2-ADAPTIVE-CORE-OWNERSHIP-CHAMPION-X	V027	exp: record adaptive core ownership V027 local result	b899373bf8e4d052a14e78b2e5425140b54b640d	da2476ae5b4f4cf3f8eb0c8ba506784493b4abf4	503b98cb22ae88798bb6bfca83a46676933f3600	本地实验/ADAPTIVE-CORE-OWNERSHIP-CHAMPION-X/V027/support/candidate_entry.asc	100644	18e027bae25362b967ed9de7161661b7d178b00f		EXCLUDE	CANDIDATE_KERNEL_SOURCE	D003	kernel source omitted; source blob id retained
W3-R2-ADAPTIVE-CORE-OWNERSHIP-CHAMPION-X	V027	exp: record adaptive core ownership V027 local result	b899373bf8e4d052a14e78b2e5425140b54b640d	da2476ae5b4f4cf3f8eb0c8ba506784493b4abf4	503b98cb22ae88798bb6bfca83a46676933f3600	本地实验/ADAPTIVE-CORE-OWNERSHIP-CHAMPION-X/V027/support/judge_types.hpp	100644	805d14e5125e17ebb48f4cd189640098214b869f		EXCLUDE	C_CPP_SUPPORT_SOURCE	D014	support source omitted; source blob id retained
W3-R2-ADAPTIVE-CORE-OWNERSHIP-CHAMPION-X	V027	exp: record adaptive core ownership V027 local result	b899373bf8e4d052a14e78b2e5425140b54b640d	da2476ae5b4f4cf3f8eb0c8ba506784493b4abf4	503b98cb22ae88798bb6bfca83a46676933f3600	本地实验/ADAPTIVE-CORE-OWNERSHIP-CHAMPION-X/V027/support/parent_entry.asc	100644	7d992a0cb5ee7975373cd6a081171ea2d0e7a338		EXCLUDE	PARENT_KERNEL_SOURCE	D013	kernel source omitted; source blob id retained
W3-R2-ADAPTIVE-CORE-OWNERSHIP-CHAMPION-X	V027	exp: record adaptive core ownership V027 local result	b899373bf8e4d052a14e78b2e5425140b54b640d	da2476ae5b4f4cf3f8eb0c8ba506784493b4abf4	503b98cb22ae88798bb6bfca83a46676933f3600	本地实验/ADAPTIVE-CORE-OWNERSHIP-CHAMPION-X/V027/support/probe.cpp	100644	a89a42fca0d46f34f90ec122dfe4b52ae266fb49		EXCLUDE	C_CPP_SUPPORT_SOURCE	D018	support source omitted; source blob id retained
W3-R2-ADAPTIVE-CORE-OWNERSHIP-CHAMPION-X	V028	exp: record adaptive core ownership V028 local result	a6978955f0ec7aefb9e051f1a26f7e5f145995c1	6bcec429b8bcf2254d51ad3c2dfc3b810d615924	503b98cb22ae88798bb6bfca83a46676933f3600	本地实验/ADAPTIVE-CORE-OWNERSHIP-CHAMPION-X/V028/CMakeLists.txt	100644	f8631fa4af45561f2fa4312b04f8aef9441d466a		EXCLUDE	BUILD_CONFIGURATION		build configuration omitted
W3-R2-ADAPTIVE-CORE-OWNERSHIP-CHAMPION-X	V028	exp: record adaptive core ownership V028 local result	a6978955f0ec7aefb9e051f1a26f7e5f145995c1	6bcec429b8bcf2254d51ad3c2dfc3b810d615924	503b98cb22ae88798bb6bfca83a46676933f3600	本地实验/ADAPTIVE-CORE-OWNERSHIP-CHAMPION-X/V028/build_server3.sh	100644	9daf0d3b71a8db72eafd53567b1010155ea611cd		EXCLUDE	BUILD_OR_RUN_SCRIPT		script omitted
W3-R2-ADAPTIVE-CORE-OWNERSHIP-CHAMPION-X	V028	exp: record adaptive core ownership V028 local result	a6978955f0ec7aefb9e051f1a26f7e5f145995c1	6bcec429b8bcf2254d51ad3c2dfc3b810d615924	503b98cb22ae88798bb6bfca83a46676933f3600	本地实验/ADAPTIVE-CORE-OWNERSHIP-CHAMPION-X/V028/logs/correctness-20261006T180748Z.log	100644	93177350950e3f9caa80014973a2312c2fbfcead	证据集成/W3/Batch-08-R2/R2/V028/logs/correctness-20261006T180748Z.log	COPY	CORRECTNESS_LOG	D015	original bytes
W3-R2-ADAPTIVE-CORE-OWNERSHIP-CHAMPION-X	V028	exp: record adaptive core ownership V028 local result	a6978955f0ec7aefb9e051f1a26f7e5f145995c1	6bcec429b8bcf2254d51ad3c2dfc3b810d615924	503b98cb22ae88798bb6bfca83a46676933f3600	本地实验/ADAPTIVE-CORE-OWNERSHIP-CHAMPION-X/V028/logs/local-20261006T180820Z-raw.tsv	100644	1280181b74b4aa11a81db9e69f8258519d142c0b	证据集成/W3/Batch-08-R2/R2/V028/logs/local-20261006T180820Z-raw.tsv	COPY	LOCAL_RAW_TABLE		original bytes
W3-R2-ADAPTIVE-CORE-OWNERSHIP-CHAMPION-X	V028	exp: record adaptive core ownership V028 local result	a6978955f0ec7aefb9e051f1a26f7e5f145995c1	6bcec429b8bcf2254d51ad3c2dfc3b810d615924	503b98cb22ae88798bb6bfca83a46676933f3600	本地实验/ADAPTIVE-CORE-OWNERSHIP-CHAMPION-X/V028/logs/local-20261006T180820Z-runner.log	100644	f52d612ed410820eb429ecc6a7b3972f85a5d19b	证据集成/W3/Batch-08-R2/R2/V028/logs/local-20261006T180820Z-runner.log	COPY	LOCAL_RUN_LOG		original bytes
W3-R2-ADAPTIVE-CORE-OWNERSHIP-CHAMPION-X	V028	exp: record adaptive core ownership V028 local result	a6978955f0ec7aefb9e051f1a26f7e5f145995c1	6bcec429b8bcf2254d51ad3c2dfc3b810d615924	503b98cb22ae88798bb6bfca83a46676933f3600	本地实验/ADAPTIVE-CORE-OWNERSHIP-CHAMPION-X/V028/logs/post-local-20261006T181031Z-proc-mem.txt	100644	fd7b77e3ecd402ba63fb991b7c8bb5320b55b7d9	证据集成/W3/Batch-08-R2/R2/V028/logs/post-local-20261006T181031Z-proc-mem.txt	COPY	LOCAL_CONTEXT_LOG		original bytes
W3-R2-ADAPTIVE-CORE-OWNERSHIP-CHAMPION-X	V028	exp: record adaptive core ownership V028 local result	a6978955f0ec7aefb9e051f1a26f7e5f145995c1	6bcec429b8bcf2254d51ad3c2dfc3b810d615924	503b98cb22ae88798bb6bfca83a46676933f3600	本地实验/ADAPTIVE-CORE-OWNERSHIP-CHAMPION-X/V028/logs/server3-transfer-compile-20261006T180518Z.log	100644	4b5d0f6bc3b4e8fbbce12f33ff76112de2aac6de	证据集成/W3/Batch-08-R2/R2/V028/logs/server3-transfer-compile-20261006T180518Z.log	COPY	COMPILE_LOG		original bytes
W3-R2-ADAPTIVE-CORE-OWNERSHIP-CHAMPION-X	V028	exp: record adaptive core ownership V028 local result	a6978955f0ec7aefb9e051f1a26f7e5f145995c1	6bcec429b8bcf2254d51ad3c2dfc3b810d615924	503b98cb22ae88798bb6bfca83a46676933f3600	本地实验/ADAPTIVE-CORE-OWNERSHIP-CHAMPION-X/V028/parent-source.json	100644	1319809e3ce0ebf2aa417a32d5e67a76154426a3	证据集成/W3/Batch-08-R2/R2/V028/parent-source.json	COPY	SOURCE_METADATA		original bytes
W3-R2-ADAPTIVE-CORE-OWNERSHIP-CHAMPION-X	V028	exp: record adaptive core ownership V028 local result	a6978955f0ec7aefb9e051f1a26f7e5f145995c1	6bcec429b8bcf2254d51ad3c2dfc3b810d615924	503b98cb22ae88798bb6bfca83a46676933f3600	本地实验/ADAPTIVE-CORE-OWNERSHIP-CHAMPION-X/V028/parent.asc	100644	badd4a7c0367e25611d88ba9b7e5ee5c8060302d		EXCLUDE	PARENT_KERNEL_SOURCE	D019	kernel source omitted; source blob id retained
W3-R2-ADAPTIVE-CORE-OWNERSHIP-CHAMPION-X	V028	exp: record adaptive core ownership V028 local result	a6978955f0ec7aefb9e051f1a26f7e5f145995c1	6bcec429b8bcf2254d51ad3c2dfc3b810d615924	503b98cb22ae88798bb6bfca83a46676933f3600	本地实验/ADAPTIVE-CORE-OWNERSHIP-CHAMPION-X/V028/run_server3.sh	100644	48fcedf644501e88d41fee82d855abdf7a410de5		EXCLUDE	BUILD_OR_RUN_SCRIPT		script omitted
W3-R2-ADAPTIVE-CORE-OWNERSHIP-CHAMPION-X	V028	exp: record adaptive core ownership V028 local result	a6978955f0ec7aefb9e051f1a26f7e5f145995c1	6bcec429b8bcf2254d51ad3c2dfc3b810d615924	503b98cb22ae88798bb6bfca83a46676933f3600	本地实验/ADAPTIVE-CORE-OWNERSHIP-CHAMPION-X/V028/submission.asc	100644	36d7855904ff3fdfbea000a9d15c669486abb92e		EXCLUDE	CANDIDATE_KERNEL_SOURCE		kernel source omitted; source blob id retained
W3-R2-ADAPTIVE-CORE-OWNERSHIP-CHAMPION-X	V028	exp: record adaptive core ownership V028 local result	a6978955f0ec7aefb9e051f1a26f7e5f145995c1	6bcec429b8bcf2254d51ad3c2dfc3b810d615924	503b98cb22ae88798bb6bfca83a46676933f3600	本地实验/ADAPTIVE-CORE-OWNERSHIP-CHAMPION-X/V028/support/build_on_server3.sh	100644	378addb449124ed27d95c0655820701222f81af1		EXCLUDE	BUILD_OR_RUN_SCRIPT		script omitted
W3-R2-ADAPTIVE-CORE-OWNERSHIP-CHAMPION-X	V028	exp: record adaptive core ownership V028 local result	a6978955f0ec7aefb9e051f1a26f7e5f145995c1	6bcec429b8bcf2254d51ad3c2dfc3b810d615924	503b98cb22ae88798bb6bfca83a46676933f3600	本地实验/ADAPTIVE-CORE-OWNERSHIP-CHAMPION-X/V028/support/candidate_entry.asc	100644	18e027bae25362b967ed9de7161661b7d178b00f		EXCLUDE	CANDIDATE_KERNEL_SOURCE	D003	kernel source omitted; source blob id retained
W3-R2-ADAPTIVE-CORE-OWNERSHIP-CHAMPION-X	V028	exp: record adaptive core ownership V028 local result	a6978955f0ec7aefb9e051f1a26f7e5f145995c1	6bcec429b8bcf2254d51ad3c2dfc3b810d615924	503b98cb22ae88798bb6bfca83a46676933f3600	本地实验/ADAPTIVE-CORE-OWNERSHIP-CHAMPION-X/V028/support/judge_types.hpp	100644	805d14e5125e17ebb48f4cd189640098214b869f		EXCLUDE	C_CPP_SUPPORT_SOURCE	D014	support source omitted; source blob id retained
W3-R2-ADAPTIVE-CORE-OWNERSHIP-CHAMPION-X	V028	exp: record adaptive core ownership V028 local result	a6978955f0ec7aefb9e051f1a26f7e5f145995c1	6bcec429b8bcf2254d51ad3c2dfc3b810d615924	503b98cb22ae88798bb6bfca83a46676933f3600	本地实验/ADAPTIVE-CORE-OWNERSHIP-CHAMPION-X/V028/support/parent_entry.asc	100644	7d992a0cb5ee7975373cd6a081171ea2d0e7a338		EXCLUDE	PARENT_KERNEL_SOURCE	D013	kernel source omitted; source blob id retained
W3-R2-ADAPTIVE-CORE-OWNERSHIP-CHAMPION-X	V028	exp: record adaptive core ownership V028 local result	a6978955f0ec7aefb9e051f1a26f7e5f145995c1	6bcec429b8bcf2254d51ad3c2dfc3b810d615924	503b98cb22ae88798bb6bfca83a46676933f3600	本地实验/ADAPTIVE-CORE-OWNERSHIP-CHAMPION-X/V028/support/probe.cpp	100644	a89a42fca0d46f34f90ec122dfe4b52ae266fb49		EXCLUDE	C_CPP_SUPPORT_SOURCE	D018	support source omitted; source blob id retained
W3-R2-ADAPTIVE-CORE-OWNERSHIP-CHAMPION-X	V029	exp: record adaptive core ownership V029 local result	993412d528b477f300163478af2db66e7e317f81	6c0c5887fb7af41093a58f4616d6d9e5c2c83cf6	503b98cb22ae88798bb6bfca83a46676933f3600	本地实验/ADAPTIVE-CORE-OWNERSHIP-CHAMPION-X/V029/CMakeLists.txt	100644	60258b74e6a19560ed141dc7e3dd1e8231dbbf78		EXCLUDE	BUILD_CONFIGURATION		build configuration omitted
W3-R2-ADAPTIVE-CORE-OWNERSHIP-CHAMPION-X	V029	exp: record adaptive core ownership V029 local result	993412d528b477f300163478af2db66e7e317f81	6c0c5887fb7af41093a58f4616d6d9e5c2c83cf6	503b98cb22ae88798bb6bfca83a46676933f3600	本地实验/ADAPTIVE-CORE-OWNERSHIP-CHAMPION-X/V029/build_server3.sh	100644	f67215d3459a2883eaeb2e7c6beaab3b2f92f7fd		EXCLUDE	BUILD_OR_RUN_SCRIPT		script omitted
W3-R2-ADAPTIVE-CORE-OWNERSHIP-CHAMPION-X	V029	exp: record adaptive core ownership V029 local result	993412d528b477f300163478af2db66e7e317f81	6c0c5887fb7af41093a58f4616d6d9e5c2c83cf6	503b98cb22ae88798bb6bfca83a46676933f3600	本地实验/ADAPTIVE-CORE-OWNERSHIP-CHAMPION-X/V029/logs/correctness-20261006T182108Z.log	100644	93177350950e3f9caa80014973a2312c2fbfcead	证据集成/W3/Batch-08-R2/R2/V029/logs/correctness-20261006T182108Z.log	COPY	CORRECTNESS_LOG	D015	original bytes
W3-R2-ADAPTIVE-CORE-OWNERSHIP-CHAMPION-X	V029	exp: record adaptive core ownership V029 local result	993412d528b477f300163478af2db66e7e317f81	6c0c5887fb7af41093a58f4616d6d9e5c2c83cf6	503b98cb22ae88798bb6bfca83a46676933f3600	本地实验/ADAPTIVE-CORE-OWNERSHIP-CHAMPION-X/V029/logs/local-20261006T182150Z-raw.tsv	100644	8fa956daf331934e6ef88052ae45e4f919765d5a	证据集成/W3/Batch-08-R2/R2/V029/logs/local-20261006T182150Z-raw.tsv	COPY	LOCAL_RAW_TABLE		original bytes
W3-R2-ADAPTIVE-CORE-OWNERSHIP-CHAMPION-X	V029	exp: record adaptive core ownership V029 local result	993412d528b477f300163478af2db66e7e317f81	6c0c5887fb7af41093a58f4616d6d9e5c2c83cf6	503b98cb22ae88798bb6bfca83a46676933f3600	本地实验/ADAPTIVE-CORE-OWNERSHIP-CHAMPION-X/V029/logs/local-20261006T182150Z-runner.log	100644	fe2a608fa778b1c6deecf86b271ce55b898f1062	证据集成/W3/Batch-08-R2/R2/V029/logs/local-20261006T182150Z-runner.log	COPY	LOCAL_RUN_LOG		original bytes
W3-R2-ADAPTIVE-CORE-OWNERSHIP-CHAMPION-X	V029	exp: record adaptive core ownership V029 local result	993412d528b477f300163478af2db66e7e317f81	6c0c5887fb7af41093a58f4616d6d9e5c2c83cf6	503b98cb22ae88798bb6bfca83a46676933f3600	本地实验/ADAPTIVE-CORE-OWNERSHIP-CHAMPION-X/V029/logs/post-local-20261006T182335Z-proc-mem.txt	100644	ae3265a0ec5bc6d9a11b0e840271ebafe7651931	证据集成/W3/Batch-08-R2/R2/V029/logs/post-local-20261006T182335Z-proc-mem.txt	COPY	LOCAL_CONTEXT_LOG		original bytes
W3-R2-ADAPTIVE-CORE-OWNERSHIP-CHAMPION-X	V029	exp: record adaptive core ownership V029 local result	993412d528b477f300163478af2db66e7e317f81	6c0c5887fb7af41093a58f4616d6d9e5c2c83cf6	503b98cb22ae88798bb6bfca83a46676933f3600	本地实验/ADAPTIVE-CORE-OWNERSHIP-CHAMPION-X/V029/logs/server3-transfer-compile-20261006T181916Z.log	100644	8f405242ad553c7e4a41485d9d237c5d5e64257b	证据集成/W3/Batch-08-R2/R2/V029/logs/server3-transfer-compile-20261006T181916Z.log	COPY	COMPILE_LOG		original bytes
W3-R2-ADAPTIVE-CORE-OWNERSHIP-CHAMPION-X	V029	exp: record adaptive core ownership V029 local result	993412d528b477f300163478af2db66e7e317f81	6c0c5887fb7af41093a58f4616d6d9e5c2c83cf6	503b98cb22ae88798bb6bfca83a46676933f3600	本地实验/ADAPTIVE-CORE-OWNERSHIP-CHAMPION-X/V029/parent-source.json	100644	c30695ac8151eed4d511177288582df384f7d9bc	证据集成/W3/Batch-08-R2/R2/V029/parent-source.json	COPY	SOURCE_METADATA		original bytes
W3-R2-ADAPTIVE-CORE-OWNERSHIP-CHAMPION-X	V029	exp: record adaptive core ownership V029 local result	993412d528b477f300163478af2db66e7e317f81	6c0c5887fb7af41093a58f4616d6d9e5c2c83cf6	503b98cb22ae88798bb6bfca83a46676933f3600	本地实验/ADAPTIVE-CORE-OWNERSHIP-CHAMPION-X/V029/parent.asc	100644	badd4a7c0367e25611d88ba9b7e5ee5c8060302d		EXCLUDE	PARENT_KERNEL_SOURCE	D019	kernel source omitted; source blob id retained
W3-R2-ADAPTIVE-CORE-OWNERSHIP-CHAMPION-X	V029	exp: record adaptive core ownership V029 local result	993412d528b477f300163478af2db66e7e317f81	6c0c5887fb7af41093a58f4616d6d9e5c2c83cf6	503b98cb22ae88798bb6bfca83a46676933f3600	本地实验/ADAPTIVE-CORE-OWNERSHIP-CHAMPION-X/V029/run_server3.sh	100644	98663e9c2613d7711ca0973e175f7254460e09e7		EXCLUDE	BUILD_OR_RUN_SCRIPT		script omitted
W3-R2-ADAPTIVE-CORE-OWNERSHIP-CHAMPION-X	V029	exp: record adaptive core ownership V029 local result	993412d528b477f300163478af2db66e7e317f81	6c0c5887fb7af41093a58f4616d6d9e5c2c83cf6	503b98cb22ae88798bb6bfca83a46676933f3600	本地实验/ADAPTIVE-CORE-OWNERSHIP-CHAMPION-X/V029/submission.asc	100644	730d3c0ae0a68783dd0455cf8fd783e7f0d7a8af		EXCLUDE	CANDIDATE_KERNEL_SOURCE		kernel source omitted; source blob id retained
W3-R2-ADAPTIVE-CORE-OWNERSHIP-CHAMPION-X	V029	exp: record adaptive core ownership V029 local result	993412d528b477f300163478af2db66e7e317f81	6c0c5887fb7af41093a58f4616d6d9e5c2c83cf6	503b98cb22ae88798bb6bfca83a46676933f3600	本地实验/ADAPTIVE-CORE-OWNERSHIP-CHAMPION-X/V029/support/build_on_server3.sh	100644	5ac42a0788c9640f5d5f886e3deb83b0d4f41311		EXCLUDE	BUILD_OR_RUN_SCRIPT		script omitted
W3-R2-ADAPTIVE-CORE-OWNERSHIP-CHAMPION-X	V029	exp: record adaptive core ownership V029 local result	993412d528b477f300163478af2db66e7e317f81	6c0c5887fb7af41093a58f4616d6d9e5c2c83cf6	503b98cb22ae88798bb6bfca83a46676933f3600	本地实验/ADAPTIVE-CORE-OWNERSHIP-CHAMPION-X/V029/support/candidate_entry.asc	100644	18e027bae25362b967ed9de7161661b7d178b00f		EXCLUDE	CANDIDATE_KERNEL_SOURCE	D003	kernel source omitted; source blob id retained
W3-R2-ADAPTIVE-CORE-OWNERSHIP-CHAMPION-X	V029	exp: record adaptive core ownership V029 local result	993412d528b477f300163478af2db66e7e317f81	6c0c5887fb7af41093a58f4616d6d9e5c2c83cf6	503b98cb22ae88798bb6bfca83a46676933f3600	本地实验/ADAPTIVE-CORE-OWNERSHIP-CHAMPION-X/V029/support/judge_types.hpp	100644	805d14e5125e17ebb48f4cd189640098214b869f		EXCLUDE	C_CPP_SUPPORT_SOURCE	D014	support source omitted; source blob id retained
W3-R2-ADAPTIVE-CORE-OWNERSHIP-CHAMPION-X	V029	exp: record adaptive core ownership V029 local result	993412d528b477f300163478af2db66e7e317f81	6c0c5887fb7af41093a58f4616d6d9e5c2c83cf6	503b98cb22ae88798bb6bfca83a46676933f3600	本地实验/ADAPTIVE-CORE-OWNERSHIP-CHAMPION-X/V029/support/parent_entry.asc	100644	7d992a0cb5ee7975373cd6a081171ea2d0e7a338		EXCLUDE	PARENT_KERNEL_SOURCE	D013	kernel source omitted; source blob id retained
W3-R2-ADAPTIVE-CORE-OWNERSHIP-CHAMPION-X	V029	exp: record adaptive core ownership V029 local result	993412d528b477f300163478af2db66e7e317f81	6c0c5887fb7af41093a58f4616d6d9e5c2c83cf6	503b98cb22ae88798bb6bfca83a46676933f3600	本地实验/ADAPTIVE-CORE-OWNERSHIP-CHAMPION-X/V029/support/probe.cpp	100644	a89a42fca0d46f34f90ec122dfe4b52ae266fb49		EXCLUDE	C_CPP_SUPPORT_SOURCE	D018	support source omitted; source blob id retained
W3-R2-ADAPTIVE-CORE-OWNERSHIP-CHAMPION-X	V030	exp: record adaptive core ownership V030 local result	c2a3a0e6b6522f55486e11b2431ad377799baaf1	86115dea1d4fbfe1413c843556aca28fed75aa2d	503b98cb22ae88798bb6bfca83a46676933f3600	本地实验/ADAPTIVE-CORE-OWNERSHIP-CHAMPION-X/V030/CMakeLists.txt	100644	ea7ca33c53117e0f9e97d107982aaf1ecb402aa2		EXCLUDE	BUILD_CONFIGURATION		build configuration omitted
W3-R2-ADAPTIVE-CORE-OWNERSHIP-CHAMPION-X	V030	exp: record adaptive core ownership V030 local result	c2a3a0e6b6522f55486e11b2431ad377799baaf1	86115dea1d4fbfe1413c843556aca28fed75aa2d	503b98cb22ae88798bb6bfca83a46676933f3600	本地实验/ADAPTIVE-CORE-OWNERSHIP-CHAMPION-X/V030/build_server3.sh	100644	4462ef204f6af2a2e14b1903ef7dcd401b3d85ff		EXCLUDE	BUILD_OR_RUN_SCRIPT		script omitted
W3-R2-ADAPTIVE-CORE-OWNERSHIP-CHAMPION-X	V030	exp: record adaptive core ownership V030 local result	c2a3a0e6b6522f55486e11b2431ad377799baaf1	86115dea1d4fbfe1413c843556aca28fed75aa2d	503b98cb22ae88798bb6bfca83a46676933f3600	本地实验/ADAPTIVE-CORE-OWNERSHIP-CHAMPION-X/V030/logs/correctness-20261006T183241Z.log	100644	93177350950e3f9caa80014973a2312c2fbfcead	证据集成/W3/Batch-08-R2/R2/V030/logs/correctness-20261006T183241Z.log	COPY	CORRECTNESS_LOG	D015	original bytes
W3-R2-ADAPTIVE-CORE-OWNERSHIP-CHAMPION-X	V030	exp: record adaptive core ownership V030 local result	c2a3a0e6b6522f55486e11b2431ad377799baaf1	86115dea1d4fbfe1413c843556aca28fed75aa2d	503b98cb22ae88798bb6bfca83a46676933f3600	本地实验/ADAPTIVE-CORE-OWNERSHIP-CHAMPION-X/V030/logs/local-20261006T183313Z-raw.tsv	100644	dba14e96e481b50415a6ad2330cc4ed0070809d4	证据集成/W3/Batch-08-R2/R2/V030/logs/local-20261006T183313Z-raw.tsv	COPY	LOCAL_RAW_TABLE		original bytes
W3-R2-ADAPTIVE-CORE-OWNERSHIP-CHAMPION-X	V030	exp: record adaptive core ownership V030 local result	c2a3a0e6b6522f55486e11b2431ad377799baaf1	86115dea1d4fbfe1413c843556aca28fed75aa2d	503b98cb22ae88798bb6bfca83a46676933f3600	本地实验/ADAPTIVE-CORE-OWNERSHIP-CHAMPION-X/V030/logs/local-20261006T183313Z-runner.log	100644	93f93e16c17bac88e7a394b7b07c1b688f5ddf3d	证据集成/W3/Batch-08-R2/R2/V030/logs/local-20261006T183313Z-runner.log	COPY	LOCAL_RUN_LOG		original bytes
W3-R2-ADAPTIVE-CORE-OWNERSHIP-CHAMPION-X	V030	exp: record adaptive core ownership V030 local result	c2a3a0e6b6522f55486e11b2431ad377799baaf1	86115dea1d4fbfe1413c843556aca28fed75aa2d	503b98cb22ae88798bb6bfca83a46676933f3600	本地实验/ADAPTIVE-CORE-OWNERSHIP-CHAMPION-X/V030/logs/post-local-20261006T183351Z-proc-mem.txt	100644	17d22e54b65b1853ac291f31bccb5d2028dd76cd	证据集成/W3/Batch-08-R2/R2/V030/logs/post-local-20261006T183351Z-proc-mem.txt	COPY	LOCAL_CONTEXT_LOG		original bytes
W3-R2-ADAPTIVE-CORE-OWNERSHIP-CHAMPION-X	V030	exp: record adaptive core ownership V030 local result	c2a3a0e6b6522f55486e11b2431ad377799baaf1	86115dea1d4fbfe1413c843556aca28fed75aa2d	503b98cb22ae88798bb6bfca83a46676933f3600	本地实验/ADAPTIVE-CORE-OWNERSHIP-CHAMPION-X/V030/logs/server3-transfer-compile-20261006T182813Z.log	100644	2e9cf0b718e2f8105793ca3240188257b83584d8	证据集成/W3/Batch-08-R2/R2/V030/logs/server3-transfer-compile-20261006T182813Z.log	COPY	COMPILE_LOG		original bytes
W3-R2-ADAPTIVE-CORE-OWNERSHIP-CHAMPION-X	V030	exp: record adaptive core ownership V030 local result	c2a3a0e6b6522f55486e11b2431ad377799baaf1	86115dea1d4fbfe1413c843556aca28fed75aa2d	503b98cb22ae88798bb6bfca83a46676933f3600	本地实验/ADAPTIVE-CORE-OWNERSHIP-CHAMPION-X/V030/parent-source.json	100644	b26889f411a9b4acce356505280d4af1d05f02fc	证据集成/W3/Batch-08-R2/R2/V030/parent-source.json	COPY	SOURCE_METADATA		original bytes
W3-R2-ADAPTIVE-CORE-OWNERSHIP-CHAMPION-X	V030	exp: record adaptive core ownership V030 local result	c2a3a0e6b6522f55486e11b2431ad377799baaf1	86115dea1d4fbfe1413c843556aca28fed75aa2d	503b98cb22ae88798bb6bfca83a46676933f3600	本地实验/ADAPTIVE-CORE-OWNERSHIP-CHAMPION-X/V030/parent.asc	100644	badd4a7c0367e25611d88ba9b7e5ee5c8060302d		EXCLUDE	PARENT_KERNEL_SOURCE	D019	kernel source omitted; source blob id retained
W3-R2-ADAPTIVE-CORE-OWNERSHIP-CHAMPION-X	V030	exp: record adaptive core ownership V030 local result	c2a3a0e6b6522f55486e11b2431ad377799baaf1	86115dea1d4fbfe1413c843556aca28fed75aa2d	503b98cb22ae88798bb6bfca83a46676933f3600	本地实验/ADAPTIVE-CORE-OWNERSHIP-CHAMPION-X/V030/run_server3.sh	100644	5a39d8aa68242577b577c0527f00e40c9d7aef96		EXCLUDE	BUILD_OR_RUN_SCRIPT		script omitted
W3-R2-ADAPTIVE-CORE-OWNERSHIP-CHAMPION-X	V030	exp: record adaptive core ownership V030 local result	c2a3a0e6b6522f55486e11b2431ad377799baaf1	86115dea1d4fbfe1413c843556aca28fed75aa2d	503b98cb22ae88798bb6bfca83a46676933f3600	本地实验/ADAPTIVE-CORE-OWNERSHIP-CHAMPION-X/V030/submission.asc	100644	b4217589e7102c26cedf6b71de0326c658a024ec		EXCLUDE	CANDIDATE_KERNEL_SOURCE		kernel source omitted; source blob id retained
W3-R2-ADAPTIVE-CORE-OWNERSHIP-CHAMPION-X	V030	exp: record adaptive core ownership V030 local result	c2a3a0e6b6522f55486e11b2431ad377799baaf1	86115dea1d4fbfe1413c843556aca28fed75aa2d	503b98cb22ae88798bb6bfca83a46676933f3600	本地实验/ADAPTIVE-CORE-OWNERSHIP-CHAMPION-X/V030/support/build_on_server3.sh	100644	1e1c8303512a3f1f1e54a9e0ef831d3518cdb367		EXCLUDE	BUILD_OR_RUN_SCRIPT		script omitted
W3-R2-ADAPTIVE-CORE-OWNERSHIP-CHAMPION-X	V030	exp: record adaptive core ownership V030 local result	c2a3a0e6b6522f55486e11b2431ad377799baaf1	86115dea1d4fbfe1413c843556aca28fed75aa2d	503b98cb22ae88798bb6bfca83a46676933f3600	本地实验/ADAPTIVE-CORE-OWNERSHIP-CHAMPION-X/V030/support/candidate_entry.asc	100644	18e027bae25362b967ed9de7161661b7d178b00f		EXCLUDE	CANDIDATE_KERNEL_SOURCE	D003	kernel source omitted; source blob id retained
W3-R2-ADAPTIVE-CORE-OWNERSHIP-CHAMPION-X	V030	exp: record adaptive core ownership V030 local result	c2a3a0e6b6522f55486e11b2431ad377799baaf1	86115dea1d4fbfe1413c843556aca28fed75aa2d	503b98cb22ae88798bb6bfca83a46676933f3600	本地实验/ADAPTIVE-CORE-OWNERSHIP-CHAMPION-X/V030/support/judge_types.hpp	100644	805d14e5125e17ebb48f4cd189640098214b869f		EXCLUDE	C_CPP_SUPPORT_SOURCE	D014	support source omitted; source blob id retained
W3-R2-ADAPTIVE-CORE-OWNERSHIP-CHAMPION-X	V030	exp: record adaptive core ownership V030 local result	c2a3a0e6b6522f55486e11b2431ad377799baaf1	86115dea1d4fbfe1413c843556aca28fed75aa2d	503b98cb22ae88798bb6bfca83a46676933f3600	本地实验/ADAPTIVE-CORE-OWNERSHIP-CHAMPION-X/V030/support/parent_entry.asc	100644	7d992a0cb5ee7975373cd6a081171ea2d0e7a338		EXCLUDE	PARENT_KERNEL_SOURCE	D013	kernel source omitted; source blob id retained
W3-R2-ADAPTIVE-CORE-OWNERSHIP-CHAMPION-X	V030	exp: record adaptive core ownership V030 local result	c2a3a0e6b6522f55486e11b2431ad377799baaf1	86115dea1d4fbfe1413c843556aca28fed75aa2d	503b98cb22ae88798bb6bfca83a46676933f3600	本地实验/ADAPTIVE-CORE-OWNERSHIP-CHAMPION-X/V030/support/probe.cpp	100644	a89a42fca0d46f34f90ec122dfe4b52ae266fb49		EXCLUDE	C_CPP_SUPPORT_SOURCE	D018	support source omitted; source blob id retained
W3-R2-ADAPTIVE-CORE-OWNERSHIP-CHAMPION-X	V031	exp: record adaptive core ownership V031 local result	c82186bdc96f52c5bf3a470a52aadc7d14f67ec7	05e55af9184d2a0270b5ce8e3e0330aac029526d	503b98cb22ae88798bb6bfca83a46676933f3600	本地实验/ADAPTIVE-CORE-OWNERSHIP-CHAMPION-X/V031/CMakeLists.txt	100644	81da5b8e5cc40196a4f6e1ba0905698cb5df1325		EXCLUDE	BUILD_CONFIGURATION		build configuration omitted
W3-R2-ADAPTIVE-CORE-OWNERSHIP-CHAMPION-X	V031	exp: record adaptive core ownership V031 local result	c82186bdc96f52c5bf3a470a52aadc7d14f67ec7	05e55af9184d2a0270b5ce8e3e0330aac029526d	503b98cb22ae88798bb6bfca83a46676933f3600	本地实验/ADAPTIVE-CORE-OWNERSHIP-CHAMPION-X/V031/build_server3.sh	100644	a46f57e3050cb754621324fb8936e3e8e1cfd841		EXCLUDE	BUILD_OR_RUN_SCRIPT		script omitted
W3-R2-ADAPTIVE-CORE-OWNERSHIP-CHAMPION-X	V031	exp: record adaptive core ownership V031 local result	c82186bdc96f52c5bf3a470a52aadc7d14f67ec7	05e55af9184d2a0270b5ce8e3e0330aac029526d	503b98cb22ae88798bb6bfca83a46676933f3600	本地实验/ADAPTIVE-CORE-OWNERSHIP-CHAMPION-X/V031/logs/correctness-20261006T183923Z.log	100644	93177350950e3f9caa80014973a2312c2fbfcead	证据集成/W3/Batch-08-R2/R2/V031/logs/correctness-20261006T183923Z.log	COPY	CORRECTNESS_LOG	D015	original bytes
W3-R2-ADAPTIVE-CORE-OWNERSHIP-CHAMPION-X	V031	exp: record adaptive core ownership V031 local result	c82186bdc96f52c5bf3a470a52aadc7d14f67ec7	05e55af9184d2a0270b5ce8e3e0330aac029526d	503b98cb22ae88798bb6bfca83a46676933f3600	本地实验/ADAPTIVE-CORE-OWNERSHIP-CHAMPION-X/V031/logs/local-20261006T184009Z-raw.tsv	100644	ea61ca46b60128fb43eb04e3a8a7ac9bf89eb5bf	证据集成/W3/Batch-08-R2/R2/V031/logs/local-20261006T184009Z-raw.tsv	COPY	LOCAL_RAW_TABLE		original bytes
W3-R2-ADAPTIVE-CORE-OWNERSHIP-CHAMPION-X	V031	exp: record adaptive core ownership V031 local result	c82186bdc96f52c5bf3a470a52aadc7d14f67ec7	05e55af9184d2a0270b5ce8e3e0330aac029526d	503b98cb22ae88798bb6bfca83a46676933f3600	本地实验/ADAPTIVE-CORE-OWNERSHIP-CHAMPION-X/V031/logs/local-20261006T184009Z-runner.log	100644	7c1a1e2c89b8136db387542b7a88b8613e1dd3ca	证据集成/W3/Batch-08-R2/R2/V031/logs/local-20261006T184009Z-runner.log	COPY	LOCAL_RUN_LOG		original bytes
W3-R2-ADAPTIVE-CORE-OWNERSHIP-CHAMPION-X	V031	exp: record adaptive core ownership V031 local result	c82186bdc96f52c5bf3a470a52aadc7d14f67ec7	05e55af9184d2a0270b5ce8e3e0330aac029526d	503b98cb22ae88798bb6bfca83a46676933f3600	本地实验/ADAPTIVE-CORE-OWNERSHIP-CHAMPION-X/V031/logs/post-local-20261006T184100Z-proc-mem.txt	100644	d0624598e82c860a3641cd9a60c7bc853a583508	证据集成/W3/Batch-08-R2/R2/V031/logs/post-local-20261006T184100Z-proc-mem.txt	COPY	LOCAL_CONTEXT_LOG		original bytes
W3-R2-ADAPTIVE-CORE-OWNERSHIP-CHAMPION-X	V031	exp: record adaptive core ownership V031 local result	c82186bdc96f52c5bf3a470a52aadc7d14f67ec7	05e55af9184d2a0270b5ce8e3e0330aac029526d	503b98cb22ae88798bb6bfca83a46676933f3600	本地实验/ADAPTIVE-CORE-OWNERSHIP-CHAMPION-X/V031/logs/server3-transfer-compile-20261006T183720Z.log	100644	e35b1a6c5b8354a37fa19b2145788319acb043be	证据集成/W3/Batch-08-R2/R2/V031/logs/server3-transfer-compile-20261006T183720Z.log	COPY	COMPILE_LOG		original bytes
W3-R2-ADAPTIVE-CORE-OWNERSHIP-CHAMPION-X	V031	exp: record adaptive core ownership V031 local result	c82186bdc96f52c5bf3a470a52aadc7d14f67ec7	05e55af9184d2a0270b5ce8e3e0330aac029526d	503b98cb22ae88798bb6bfca83a46676933f3600	本地实验/ADAPTIVE-CORE-OWNERSHIP-CHAMPION-X/V031/parent-source.json	100644	24a342c6c2c093a76c9887175827b75c8f48c1c4	证据集成/W3/Batch-08-R2/R2/V031/parent-source.json	COPY	SOURCE_METADATA		original bytes
W3-R2-ADAPTIVE-CORE-OWNERSHIP-CHAMPION-X	V031	exp: record adaptive core ownership V031 local result	c82186bdc96f52c5bf3a470a52aadc7d14f67ec7	05e55af9184d2a0270b5ce8e3e0330aac029526d	503b98cb22ae88798bb6bfca83a46676933f3600	本地实验/ADAPTIVE-CORE-OWNERSHIP-CHAMPION-X/V031/parent.asc	100644	badd4a7c0367e25611d88ba9b7e5ee5c8060302d		EXCLUDE	PARENT_KERNEL_SOURCE	D019	kernel source omitted; source blob id retained
W3-R2-ADAPTIVE-CORE-OWNERSHIP-CHAMPION-X	V031	exp: record adaptive core ownership V031 local result	c82186bdc96f52c5bf3a470a52aadc7d14f67ec7	05e55af9184d2a0270b5ce8e3e0330aac029526d	503b98cb22ae88798bb6bfca83a46676933f3600	本地实验/ADAPTIVE-CORE-OWNERSHIP-CHAMPION-X/V031/run_server3.sh	100644	459f9a5b08a488b3f91a83e2021d46648e2a2bb8		EXCLUDE	BUILD_OR_RUN_SCRIPT		script omitted
W3-R2-ADAPTIVE-CORE-OWNERSHIP-CHAMPION-X	V031	exp: record adaptive core ownership V031 local result	c82186bdc96f52c5bf3a470a52aadc7d14f67ec7	05e55af9184d2a0270b5ce8e3e0330aac029526d	503b98cb22ae88798bb6bfca83a46676933f3600	本地实验/ADAPTIVE-CORE-OWNERSHIP-CHAMPION-X/V031/submission.asc	100644	7fc2511e79a62e812602d27a8851310004c3c7f7		EXCLUDE	CANDIDATE_KERNEL_SOURCE		kernel source omitted; source blob id retained
W3-R2-ADAPTIVE-CORE-OWNERSHIP-CHAMPION-X	V031	exp: record adaptive core ownership V031 local result	c82186bdc96f52c5bf3a470a52aadc7d14f67ec7	05e55af9184d2a0270b5ce8e3e0330aac029526d	503b98cb22ae88798bb6bfca83a46676933f3600	本地实验/ADAPTIVE-CORE-OWNERSHIP-CHAMPION-X/V031/support/build_on_server3.sh	100644	56b8855bbfaa2cd462c11b7a6d2dfa3520e4b3f8		EXCLUDE	BUILD_OR_RUN_SCRIPT		script omitted
W3-R2-ADAPTIVE-CORE-OWNERSHIP-CHAMPION-X	V031	exp: record adaptive core ownership V031 local result	c82186bdc96f52c5bf3a470a52aadc7d14f67ec7	05e55af9184d2a0270b5ce8e3e0330aac029526d	503b98cb22ae88798bb6bfca83a46676933f3600	本地实验/ADAPTIVE-CORE-OWNERSHIP-CHAMPION-X/V031/support/candidate_entry.asc	100644	18e027bae25362b967ed9de7161661b7d178b00f		EXCLUDE	CANDIDATE_KERNEL_SOURCE	D003	kernel source omitted; source blob id retained
W3-R2-ADAPTIVE-CORE-OWNERSHIP-CHAMPION-X	V031	exp: record adaptive core ownership V031 local result	c82186bdc96f52c5bf3a470a52aadc7d14f67ec7	05e55af9184d2a0270b5ce8e3e0330aac029526d	503b98cb22ae88798bb6bfca83a46676933f3600	本地实验/ADAPTIVE-CORE-OWNERSHIP-CHAMPION-X/V031/support/judge_types.hpp	100644	805d14e5125e17ebb48f4cd189640098214b869f		EXCLUDE	C_CPP_SUPPORT_SOURCE	D014	support source omitted; source blob id retained
W3-R2-ADAPTIVE-CORE-OWNERSHIP-CHAMPION-X	V031	exp: record adaptive core ownership V031 local result	c82186bdc96f52c5bf3a470a52aadc7d14f67ec7	05e55af9184d2a0270b5ce8e3e0330aac029526d	503b98cb22ae88798bb6bfca83a46676933f3600	本地实验/ADAPTIVE-CORE-OWNERSHIP-CHAMPION-X/V031/support/parent_entry.asc	100644	7d992a0cb5ee7975373cd6a081171ea2d0e7a338		EXCLUDE	PARENT_KERNEL_SOURCE	D013	kernel source omitted; source blob id retained
W3-R2-ADAPTIVE-CORE-OWNERSHIP-CHAMPION-X	V031	exp: record adaptive core ownership V031 local result	c82186bdc96f52c5bf3a470a52aadc7d14f67ec7	05e55af9184d2a0270b5ce8e3e0330aac029526d	503b98cb22ae88798bb6bfca83a46676933f3600	本地实验/ADAPTIVE-CORE-OWNERSHIP-CHAMPION-X/V031/support/probe.cpp	100644	a89a42fca0d46f34f90ec122dfe4b52ae266fb49		EXCLUDE	C_CPP_SUPPORT_SOURCE	D018	support source omitted; source blob id retained
W3-R2-ADAPTIVE-CORE-OWNERSHIP-CHAMPION-X	V032	exp: record adaptive core ownership V032 local result	128e82277a8a2cb6e6e9f4c0fea9d3676f9bffe5	0438e7928be85bbdc4fc5d536e4bf4d48db649c3	503b98cb22ae88798bb6bfca83a46676933f3600	本地实验/ADAPTIVE-CORE-OWNERSHIP-CHAMPION-X/V032/CMakeLists.txt	100644	dedf2126807d7ad367433337c19249dd05dfabdb		EXCLUDE	BUILD_CONFIGURATION		build configuration omitted
W3-R2-ADAPTIVE-CORE-OWNERSHIP-CHAMPION-X	V032	exp: record adaptive core ownership V032 local result	128e82277a8a2cb6e6e9f4c0fea9d3676f9bffe5	0438e7928be85bbdc4fc5d536e4bf4d48db649c3	503b98cb22ae88798bb6bfca83a46676933f3600	本地实验/ADAPTIVE-CORE-OWNERSHIP-CHAMPION-X/V032/build_server3.sh	100644	892f5e1348f3ce7231b104a5340548d1dfa3b854		EXCLUDE	BUILD_OR_RUN_SCRIPT		script omitted
W3-R2-ADAPTIVE-CORE-OWNERSHIP-CHAMPION-X	V032	exp: record adaptive core ownership V032 local result	128e82277a8a2cb6e6e9f4c0fea9d3676f9bffe5	0438e7928be85bbdc4fc5d536e4bf4d48db649c3	503b98cb22ae88798bb6bfca83a46676933f3600	本地实验/ADAPTIVE-CORE-OWNERSHIP-CHAMPION-X/V032/logs/correctness-20261006T184741Z.log	100644	93177350950e3f9caa80014973a2312c2fbfcead	证据集成/W3/Batch-08-R2/R2/V032/logs/correctness-20261006T184741Z.log	COPY	CORRECTNESS_LOG	D015	original bytes
W3-R2-ADAPTIVE-CORE-OWNERSHIP-CHAMPION-X	V032	exp: record adaptive core ownership V032 local result	128e82277a8a2cb6e6e9f4c0fea9d3676f9bffe5	0438e7928be85bbdc4fc5d536e4bf4d48db649c3	503b98cb22ae88798bb6bfca83a46676933f3600	本地实验/ADAPTIVE-CORE-OWNERSHIP-CHAMPION-X/V032/logs/local-20261006T184826Z-raw.tsv	100644	7554e90033f88500b61a456ee20abc5664d20ea1	证据集成/W3/Batch-08-R2/R2/V032/logs/local-20261006T184826Z-raw.tsv	COPY	LOCAL_RAW_TABLE		original bytes
W3-R2-ADAPTIVE-CORE-OWNERSHIP-CHAMPION-X	V032	exp: record adaptive core ownership V032 local result	128e82277a8a2cb6e6e9f4c0fea9d3676f9bffe5	0438e7928be85bbdc4fc5d536e4bf4d48db649c3	503b98cb22ae88798bb6bfca83a46676933f3600	本地实验/ADAPTIVE-CORE-OWNERSHIP-CHAMPION-X/V032/logs/local-20261006T184826Z-runner.log	100644	5b5bd64387a65934d4fcf473a6eb3724c7266ed9	证据集成/W3/Batch-08-R2/R2/V032/logs/local-20261006T184826Z-runner.log	COPY	LOCAL_RUN_LOG		original bytes
W3-R2-ADAPTIVE-CORE-OWNERSHIP-CHAMPION-X	V032	exp: record adaptive core ownership V032 local result	128e82277a8a2cb6e6e9f4c0fea9d3676f9bffe5	0438e7928be85bbdc4fc5d536e4bf4d48db649c3	503b98cb22ae88798bb6bfca83a46676933f3600	本地实验/ADAPTIVE-CORE-OWNERSHIP-CHAMPION-X/V032/logs/post-local-20261006T184922Z-proc-mem.txt	100644	1fb422786cce51882bdf13b441498ece00df7655	证据集成/W3/Batch-08-R2/R2/V032/logs/post-local-20261006T184922Z-proc-mem.txt	COPY	LOCAL_CONTEXT_LOG		original bytes
W3-R2-ADAPTIVE-CORE-OWNERSHIP-CHAMPION-X	V032	exp: record adaptive core ownership V032 local result	128e82277a8a2cb6e6e9f4c0fea9d3676f9bffe5	0438e7928be85bbdc4fc5d536e4bf4d48db649c3	503b98cb22ae88798bb6bfca83a46676933f3600	本地实验/ADAPTIVE-CORE-OWNERSHIP-CHAMPION-X/V032/logs/server3-transfer-compile-20261006T184544Z.log	100644	d38a32aabd87fc9f1f7eb51cd05945fb72c37344	证据集成/W3/Batch-08-R2/R2/V032/logs/server3-transfer-compile-20261006T184544Z.log	COPY	COMPILE_LOG		original bytes
W3-R2-ADAPTIVE-CORE-OWNERSHIP-CHAMPION-X	V032	exp: record adaptive core ownership V032 local result	128e82277a8a2cb6e6e9f4c0fea9d3676f9bffe5	0438e7928be85bbdc4fc5d536e4bf4d48db649c3	503b98cb22ae88798bb6bfca83a46676933f3600	本地实验/ADAPTIVE-CORE-OWNERSHIP-CHAMPION-X/V032/parent-source.json	100644	2ac018ced31b9f1bde022d019426f7b0c62b4c71	证据集成/W3/Batch-08-R2/R2/V032/parent-source.json	COPY	SOURCE_METADATA		original bytes
W3-R2-ADAPTIVE-CORE-OWNERSHIP-CHAMPION-X	V032	exp: record adaptive core ownership V032 local result	128e82277a8a2cb6e6e9f4c0fea9d3676f9bffe5	0438e7928be85bbdc4fc5d536e4bf4d48db649c3	503b98cb22ae88798bb6bfca83a46676933f3600	本地实验/ADAPTIVE-CORE-OWNERSHIP-CHAMPION-X/V032/parent.asc	100644	badd4a7c0367e25611d88ba9b7e5ee5c8060302d		EXCLUDE	PARENT_KERNEL_SOURCE	D019	kernel source omitted; source blob id retained
W3-R2-ADAPTIVE-CORE-OWNERSHIP-CHAMPION-X	V032	exp: record adaptive core ownership V032 local result	128e82277a8a2cb6e6e9f4c0fea9d3676f9bffe5	0438e7928be85bbdc4fc5d536e4bf4d48db649c3	503b98cb22ae88798bb6bfca83a46676933f3600	本地实验/ADAPTIVE-CORE-OWNERSHIP-CHAMPION-X/V032/run_server3.sh	100644	7748c62d454ffd5c8da94b35092cfb736fecea8c		EXCLUDE	BUILD_OR_RUN_SCRIPT		script omitted
W3-R2-ADAPTIVE-CORE-OWNERSHIP-CHAMPION-X	V032	exp: record adaptive core ownership V032 local result	128e82277a8a2cb6e6e9f4c0fea9d3676f9bffe5	0438e7928be85bbdc4fc5d536e4bf4d48db649c3	503b98cb22ae88798bb6bfca83a46676933f3600	本地实验/ADAPTIVE-CORE-OWNERSHIP-CHAMPION-X/V032/submission.asc	100644	fdf31347f55cc30c9f99c08cf7b224fb76a5d4f6		EXCLUDE	CANDIDATE_KERNEL_SOURCE		kernel source omitted; source blob id retained
W3-R2-ADAPTIVE-CORE-OWNERSHIP-CHAMPION-X	V032	exp: record adaptive core ownership V032 local result	128e82277a8a2cb6e6e9f4c0fea9d3676f9bffe5	0438e7928be85bbdc4fc5d536e4bf4d48db649c3	503b98cb22ae88798bb6bfca83a46676933f3600	本地实验/ADAPTIVE-CORE-OWNERSHIP-CHAMPION-X/V032/support/build_on_server3.sh	100644	73d1c553673948817d700891c06147aa5d9af676		EXCLUDE	BUILD_OR_RUN_SCRIPT		script omitted
W3-R2-ADAPTIVE-CORE-OWNERSHIP-CHAMPION-X	V032	exp: record adaptive core ownership V032 local result	128e82277a8a2cb6e6e9f4c0fea9d3676f9bffe5	0438e7928be85bbdc4fc5d536e4bf4d48db649c3	503b98cb22ae88798bb6bfca83a46676933f3600	本地实验/ADAPTIVE-CORE-OWNERSHIP-CHAMPION-X/V032/support/candidate_entry.asc	100644	18e027bae25362b967ed9de7161661b7d178b00f		EXCLUDE	CANDIDATE_KERNEL_SOURCE	D003	kernel source omitted; source blob id retained
W3-R2-ADAPTIVE-CORE-OWNERSHIP-CHAMPION-X	V032	exp: record adaptive core ownership V032 local result	128e82277a8a2cb6e6e9f4c0fea9d3676f9bffe5	0438e7928be85bbdc4fc5d536e4bf4d48db649c3	503b98cb22ae88798bb6bfca83a46676933f3600	本地实验/ADAPTIVE-CORE-OWNERSHIP-CHAMPION-X/V032/support/judge_types.hpp	100644	805d14e5125e17ebb48f4cd189640098214b869f		EXCLUDE	C_CPP_SUPPORT_SOURCE	D014	support source omitted; source blob id retained
W3-R2-ADAPTIVE-CORE-OWNERSHIP-CHAMPION-X	V032	exp: record adaptive core ownership V032 local result	128e82277a8a2cb6e6e9f4c0fea9d3676f9bffe5	0438e7928be85bbdc4fc5d536e4bf4d48db649c3	503b98cb22ae88798bb6bfca83a46676933f3600	本地实验/ADAPTIVE-CORE-OWNERSHIP-CHAMPION-X/V032/support/parent_entry.asc	100644	7d992a0cb5ee7975373cd6a081171ea2d0e7a338		EXCLUDE	PARENT_KERNEL_SOURCE	D013	kernel source omitted; source blob id retained
W3-R2-ADAPTIVE-CORE-OWNERSHIP-CHAMPION-X	V032	exp: record adaptive core ownership V032 local result	128e82277a8a2cb6e6e9f4c0fea9d3676f9bffe5	0438e7928be85bbdc4fc5d536e4bf4d48db649c3	503b98cb22ae88798bb6bfca83a46676933f3600	本地实验/ADAPTIVE-CORE-OWNERSHIP-CHAMPION-X/V032/support/probe.cpp	100644	a89a42fca0d46f34f90ec122dfe4b52ae266fb49		EXCLUDE	C_CPP_SUPPORT_SOURCE	D018	support source omitted; source blob id retained
W3-R2-ADAPTIVE-CORE-OWNERSHIP-CHAMPION-X	V033	exp: record adaptive core ownership V033 local result	f0cf8ab530122f79419008e467085f5530827ff3	031b83b66053a5e19065340b7566e21c65c27741	503b98cb22ae88798bb6bfca83a46676933f3600	本地实验/ADAPTIVE-CORE-OWNERSHIP-CHAMPION-X/V033/CMakeLists.txt	100644	ee7e8fb14230e0a876a05372f83f75eeebb4bea1		EXCLUDE	BUILD_CONFIGURATION		build configuration omitted
W3-R2-ADAPTIVE-CORE-OWNERSHIP-CHAMPION-X	V033	exp: record adaptive core ownership V033 local result	f0cf8ab530122f79419008e467085f5530827ff3	031b83b66053a5e19065340b7566e21c65c27741	503b98cb22ae88798bb6bfca83a46676933f3600	本地实验/ADAPTIVE-CORE-OWNERSHIP-CHAMPION-X/V033/build_server3.sh	100644	028aab28f95d70e2573a52257883913498f54d35		EXCLUDE	BUILD_OR_RUN_SCRIPT		script omitted
W3-R2-ADAPTIVE-CORE-OWNERSHIP-CHAMPION-X	V033	exp: record adaptive core ownership V033 local result	f0cf8ab530122f79419008e467085f5530827ff3	031b83b66053a5e19065340b7566e21c65c27741	503b98cb22ae88798bb6bfca83a46676933f3600	本地实验/ADAPTIVE-CORE-OWNERSHIP-CHAMPION-X/V033/logs/correctness-20261006T185646Z.log	100644	93177350950e3f9caa80014973a2312c2fbfcead	证据集成/W3/Batch-08-R2/R2/V033/logs/correctness-20261006T185646Z.log	COPY	CORRECTNESS_LOG	D015	original bytes
W3-R2-ADAPTIVE-CORE-OWNERSHIP-CHAMPION-X	V033	exp: record adaptive core ownership V033 local result	f0cf8ab530122f79419008e467085f5530827ff3	031b83b66053a5e19065340b7566e21c65c27741	503b98cb22ae88798bb6bfca83a46676933f3600	本地实验/ADAPTIVE-CORE-OWNERSHIP-CHAMPION-X/V033/logs/local-20261006T185729Z-raw.tsv	100644	33750eb45e1ab4d15a96bb448b05a1ff9f1b2307	证据集成/W3/Batch-08-R2/R2/V033/logs/local-20261006T185729Z-raw.tsv	COPY	LOCAL_RAW_TABLE		original bytes
W3-R2-ADAPTIVE-CORE-OWNERSHIP-CHAMPION-X	V033	exp: record adaptive core ownership V033 local result	f0cf8ab530122f79419008e467085f5530827ff3	031b83b66053a5e19065340b7566e21c65c27741	503b98cb22ae88798bb6bfca83a46676933f3600	本地实验/ADAPTIVE-CORE-OWNERSHIP-CHAMPION-X/V033/logs/local-20261006T185729Z-runner.log	100644	c293e53e45543f3d0edce584b0cb1de359100eb3	证据集成/W3/Batch-08-R2/R2/V033/logs/local-20261006T185729Z-runner.log	COPY	LOCAL_RUN_LOG		original bytes
W3-R2-ADAPTIVE-CORE-OWNERSHIP-CHAMPION-X	V033	exp: record adaptive core ownership V033 local result	f0cf8ab530122f79419008e467085f5530827ff3	031b83b66053a5e19065340b7566e21c65c27741	503b98cb22ae88798bb6bfca83a46676933f3600	本地实验/ADAPTIVE-CORE-OWNERSHIP-CHAMPION-X/V033/logs/post-local-20261006T185815Z-proc-mem.txt	100644	8e59fe379acd41831b2afe6cd3ca686b82d09fe8	证据集成/W3/Batch-08-R2/R2/V033/logs/post-local-20261006T185815Z-proc-mem.txt	COPY	LOCAL_CONTEXT_LOG		original bytes
W3-R2-ADAPTIVE-CORE-OWNERSHIP-CHAMPION-X	V033	exp: record adaptive core ownership V033 local result	f0cf8ab530122f79419008e467085f5530827ff3	031b83b66053a5e19065340b7566e21c65c27741	503b98cb22ae88798bb6bfca83a46676933f3600	本地实验/ADAPTIVE-CORE-OWNERSHIP-CHAMPION-X/V033/logs/server3-transfer-compile-20261006T185458Z.log	100644	ac932d2fa69c647969f4b3c3881071735728c626	证据集成/W3/Batch-08-R2/R2/V033/logs/server3-transfer-compile-20261006T185458Z.log	COPY	COMPILE_LOG		original bytes
W3-R2-ADAPTIVE-CORE-OWNERSHIP-CHAMPION-X	V033	exp: record adaptive core ownership V033 local result	f0cf8ab530122f79419008e467085f5530827ff3	031b83b66053a5e19065340b7566e21c65c27741	503b98cb22ae88798bb6bfca83a46676933f3600	本地实验/ADAPTIVE-CORE-OWNERSHIP-CHAMPION-X/V033/parent-source.json	100644	2a228a599c67c0aff227adb056ddc03b276073fa	证据集成/W3/Batch-08-R2/R2/V033/parent-source.json	COPY	SOURCE_METADATA		original bytes
W3-R2-ADAPTIVE-CORE-OWNERSHIP-CHAMPION-X	V033	exp: record adaptive core ownership V033 local result	f0cf8ab530122f79419008e467085f5530827ff3	031b83b66053a5e19065340b7566e21c65c27741	503b98cb22ae88798bb6bfca83a46676933f3600	本地实验/ADAPTIVE-CORE-OWNERSHIP-CHAMPION-X/V033/parent.asc	100644	badd4a7c0367e25611d88ba9b7e5ee5c8060302d		EXCLUDE	PARENT_KERNEL_SOURCE	D019	kernel source omitted; source blob id retained
W3-R2-ADAPTIVE-CORE-OWNERSHIP-CHAMPION-X	V033	exp: record adaptive core ownership V033 local result	f0cf8ab530122f79419008e467085f5530827ff3	031b83b66053a5e19065340b7566e21c65c27741	503b98cb22ae88798bb6bfca83a46676933f3600	本地实验/ADAPTIVE-CORE-OWNERSHIP-CHAMPION-X/V033/run_server3.sh	100644	0e4a789712f3420697268b1c83504349e98aef13		EXCLUDE	BUILD_OR_RUN_SCRIPT		script omitted
W3-R2-ADAPTIVE-CORE-OWNERSHIP-CHAMPION-X	V033	exp: record adaptive core ownership V033 local result	f0cf8ab530122f79419008e467085f5530827ff3	031b83b66053a5e19065340b7566e21c65c27741	503b98cb22ae88798bb6bfca83a46676933f3600	本地实验/ADAPTIVE-CORE-OWNERSHIP-CHAMPION-X/V033/submission.asc	100644	671acc14251a14ebd342a7aac85fd78936b70961		EXCLUDE	CANDIDATE_KERNEL_SOURCE		kernel source omitted; source blob id retained
W3-R2-ADAPTIVE-CORE-OWNERSHIP-CHAMPION-X	V033	exp: record adaptive core ownership V033 local result	f0cf8ab530122f79419008e467085f5530827ff3	031b83b66053a5e19065340b7566e21c65c27741	503b98cb22ae88798bb6bfca83a46676933f3600	本地实验/ADAPTIVE-CORE-OWNERSHIP-CHAMPION-X/V033/support/build_on_server3.sh	100644	455f8dafb26c9ca77d929af7a1f87460b870cb0a		EXCLUDE	BUILD_OR_RUN_SCRIPT		script omitted
W3-R2-ADAPTIVE-CORE-OWNERSHIP-CHAMPION-X	V033	exp: record adaptive core ownership V033 local result	f0cf8ab530122f79419008e467085f5530827ff3	031b83b66053a5e19065340b7566e21c65c27741	503b98cb22ae88798bb6bfca83a46676933f3600	本地实验/ADAPTIVE-CORE-OWNERSHIP-CHAMPION-X/V033/support/candidate_entry.asc	100644	18e027bae25362b967ed9de7161661b7d178b00f		EXCLUDE	CANDIDATE_KERNEL_SOURCE	D003	kernel source omitted; source blob id retained
W3-R2-ADAPTIVE-CORE-OWNERSHIP-CHAMPION-X	V033	exp: record adaptive core ownership V033 local result	f0cf8ab530122f79419008e467085f5530827ff3	031b83b66053a5e19065340b7566e21c65c27741	503b98cb22ae88798bb6bfca83a46676933f3600	本地实验/ADAPTIVE-CORE-OWNERSHIP-CHAMPION-X/V033/support/judge_types.hpp	100644	805d14e5125e17ebb48f4cd189640098214b869f		EXCLUDE	C_CPP_SUPPORT_SOURCE	D014	support source omitted; source blob id retained
W3-R2-ADAPTIVE-CORE-OWNERSHIP-CHAMPION-X	V033	exp: record adaptive core ownership V033 local result	f0cf8ab530122f79419008e467085f5530827ff3	031b83b66053a5e19065340b7566e21c65c27741	503b98cb22ae88798bb6bfca83a46676933f3600	本地实验/ADAPTIVE-CORE-OWNERSHIP-CHAMPION-X/V033/support/parent_entry.asc	100644	7d992a0cb5ee7975373cd6a081171ea2d0e7a338		EXCLUDE	PARENT_KERNEL_SOURCE	D013	kernel source omitted; source blob id retained
W3-R2-ADAPTIVE-CORE-OWNERSHIP-CHAMPION-X	V033	exp: record adaptive core ownership V033 local result	f0cf8ab530122f79419008e467085f5530827ff3	031b83b66053a5e19065340b7566e21c65c27741	503b98cb22ae88798bb6bfca83a46676933f3600	本地实验/ADAPTIVE-CORE-OWNERSHIP-CHAMPION-X/V033/support/probe.cpp	100644	a89a42fca0d46f34f90ec122dfe4b52ae266fb49		EXCLUDE	C_CPP_SUPPORT_SOURCE	D018	support source omitted; source blob id retained
W3-R2-ADAPTIVE-CORE-OWNERSHIP-CHAMPION-X	V034	exp: record adaptive core ownership V034 local result	fa8d56b0b837e82460ba152cf9305660278d3432	4b1a2f3fa2ca30f4ae967b202c48ce89f519b085	503b98cb22ae88798bb6bfca83a46676933f3600	本地实验/ADAPTIVE-CORE-OWNERSHIP-CHAMPION-X/V034/CMakeLists.txt	100644	a0b100b0654045f6abe61d1f74ddb9dc7983e2fa		EXCLUDE	BUILD_CONFIGURATION		build configuration omitted
W3-R2-ADAPTIVE-CORE-OWNERSHIP-CHAMPION-X	V034	exp: record adaptive core ownership V034 local result	fa8d56b0b837e82460ba152cf9305660278d3432	4b1a2f3fa2ca30f4ae967b202c48ce89f519b085	503b98cb22ae88798bb6bfca83a46676933f3600	本地实验/ADAPTIVE-CORE-OWNERSHIP-CHAMPION-X/V034/build_server3.sh	100644	48f10032a17dff3a01ff1ad7a0bba4d0061d5aac		EXCLUDE	BUILD_OR_RUN_SCRIPT		script omitted
W3-R2-ADAPTIVE-CORE-OWNERSHIP-CHAMPION-X	V034	exp: record adaptive core ownership V034 local result	fa8d56b0b837e82460ba152cf9305660278d3432	4b1a2f3fa2ca30f4ae967b202c48ce89f519b085	503b98cb22ae88798bb6bfca83a46676933f3600	本地实验/ADAPTIVE-CORE-OWNERSHIP-CHAMPION-X/V034/logs/correctness-20261006T190504Z.log	100644	93177350950e3f9caa80014973a2312c2fbfcead	证据集成/W3/Batch-08-R2/R2/V034/logs/correctness-20261006T190504Z.log	COPY	CORRECTNESS_LOG	D015	original bytes
W3-R2-ADAPTIVE-CORE-OWNERSHIP-CHAMPION-X	V034	exp: record adaptive core ownership V034 local result	fa8d56b0b837e82460ba152cf9305660278d3432	4b1a2f3fa2ca30f4ae967b202c48ce89f519b085	503b98cb22ae88798bb6bfca83a46676933f3600	本地实验/ADAPTIVE-CORE-OWNERSHIP-CHAMPION-X/V034/logs/local-20261006T190614Z-raw.tsv	100644	0e032895703cb2bcdc80e22a7ee66c832b0eaa26	证据集成/W3/Batch-08-R2/R2/V034/logs/local-20261006T190614Z-raw.tsv	COPY	LOCAL_RAW_TABLE		original bytes
W3-R2-ADAPTIVE-CORE-OWNERSHIP-CHAMPION-X	V034	exp: record adaptive core ownership V034 local result	fa8d56b0b837e82460ba152cf9305660278d3432	4b1a2f3fa2ca30f4ae967b202c48ce89f519b085	503b98cb22ae88798bb6bfca83a46676933f3600	本地实验/ADAPTIVE-CORE-OWNERSHIP-CHAMPION-X/V034/logs/local-20261006T190614Z-runner.log	100644	67505f916bfe5a64b280edb211393967c5cb5a1d	证据集成/W3/Batch-08-R2/R2/V034/logs/local-20261006T190614Z-runner.log	COPY	LOCAL_RUN_LOG		original bytes
W3-R2-ADAPTIVE-CORE-OWNERSHIP-CHAMPION-X	V034	exp: record adaptive core ownership V034 local result	fa8d56b0b837e82460ba152cf9305660278d3432	4b1a2f3fa2ca30f4ae967b202c48ce89f519b085	503b98cb22ae88798bb6bfca83a46676933f3600	本地实验/ADAPTIVE-CORE-OWNERSHIP-CHAMPION-X/V034/logs/post-local-20261006T190808Z-proc-mem.txt	100644	f2eed10d423536ffe0f1017f8e76b38ee0625591	证据集成/W3/Batch-08-R2/R2/V034/logs/post-local-20261006T190808Z-proc-mem.txt	COPY	LOCAL_CONTEXT_LOG		original bytes
W3-R2-ADAPTIVE-CORE-OWNERSHIP-CHAMPION-X	V034	exp: record adaptive core ownership V034 local result	fa8d56b0b837e82460ba152cf9305660278d3432	4b1a2f3fa2ca30f4ae967b202c48ce89f519b085	503b98cb22ae88798bb6bfca83a46676933f3600	本地实验/ADAPTIVE-CORE-OWNERSHIP-CHAMPION-X/V034/logs/server3-transfer-compile-20261006T190250Z.log	100644	457efa5ac719dd6ca60adf4d0780070372e95546	证据集成/W3/Batch-08-R2/R2/V034/logs/server3-transfer-compile-20261006T190250Z.log	COPY	COMPILE_LOG		original bytes
W3-R2-ADAPTIVE-CORE-OWNERSHIP-CHAMPION-X	V034	exp: record adaptive core ownership V034 local result	fa8d56b0b837e82460ba152cf9305660278d3432	4b1a2f3fa2ca30f4ae967b202c48ce89f519b085	503b98cb22ae88798bb6bfca83a46676933f3600	本地实验/ADAPTIVE-CORE-OWNERSHIP-CHAMPION-X/V034/parent-source.json	100644	fe52031e898acc6a0b6351a9309ae8eb315bbd12	证据集成/W3/Batch-08-R2/R2/V034/parent-source.json	COPY	SOURCE_METADATA		original bytes
W3-R2-ADAPTIVE-CORE-OWNERSHIP-CHAMPION-X	V034	exp: record adaptive core ownership V034 local result	fa8d56b0b837e82460ba152cf9305660278d3432	4b1a2f3fa2ca30f4ae967b202c48ce89f519b085	503b98cb22ae88798bb6bfca83a46676933f3600	本地实验/ADAPTIVE-CORE-OWNERSHIP-CHAMPION-X/V034/parent.asc	100644	badd4a7c0367e25611d88ba9b7e5ee5c8060302d		EXCLUDE	PARENT_KERNEL_SOURCE	D019	kernel source omitted; source blob id retained
W3-R2-ADAPTIVE-CORE-OWNERSHIP-CHAMPION-X	V034	exp: record adaptive core ownership V034 local result	fa8d56b0b837e82460ba152cf9305660278d3432	4b1a2f3fa2ca30f4ae967b202c48ce89f519b085	503b98cb22ae88798bb6bfca83a46676933f3600	本地实验/ADAPTIVE-CORE-OWNERSHIP-CHAMPION-X/V034/run_server3.sh	100644	f523892fa78bec1600cacabafd6d8462d5d5f5bf		EXCLUDE	BUILD_OR_RUN_SCRIPT		script omitted
W3-R2-ADAPTIVE-CORE-OWNERSHIP-CHAMPION-X	V034	exp: record adaptive core ownership V034 local result	fa8d56b0b837e82460ba152cf9305660278d3432	4b1a2f3fa2ca30f4ae967b202c48ce89f519b085	503b98cb22ae88798bb6bfca83a46676933f3600	本地实验/ADAPTIVE-CORE-OWNERSHIP-CHAMPION-X/V034/submission.asc	100644	966573a23e01e8429c131c4c244fc46dae32244d		EXCLUDE	CANDIDATE_KERNEL_SOURCE		kernel source omitted; source blob id retained
W3-R2-ADAPTIVE-CORE-OWNERSHIP-CHAMPION-X	V034	exp: record adaptive core ownership V034 local result	fa8d56b0b837e82460ba152cf9305660278d3432	4b1a2f3fa2ca30f4ae967b202c48ce89f519b085	503b98cb22ae88798bb6bfca83a46676933f3600	本地实验/ADAPTIVE-CORE-OWNERSHIP-CHAMPION-X/V034/support/build_on_server3.sh	100644	f2337a6cdc2998c8bf8f111eae11276a8bdd28f4		EXCLUDE	BUILD_OR_RUN_SCRIPT		script omitted
W3-R2-ADAPTIVE-CORE-OWNERSHIP-CHAMPION-X	V034	exp: record adaptive core ownership V034 local result	fa8d56b0b837e82460ba152cf9305660278d3432	4b1a2f3fa2ca30f4ae967b202c48ce89f519b085	503b98cb22ae88798bb6bfca83a46676933f3600	本地实验/ADAPTIVE-CORE-OWNERSHIP-CHAMPION-X/V034/support/candidate_entry.asc	100644	18e027bae25362b967ed9de7161661b7d178b00f		EXCLUDE	CANDIDATE_KERNEL_SOURCE	D003	kernel source omitted; source blob id retained
W3-R2-ADAPTIVE-CORE-OWNERSHIP-CHAMPION-X	V034	exp: record adaptive core ownership V034 local result	fa8d56b0b837e82460ba152cf9305660278d3432	4b1a2f3fa2ca30f4ae967b202c48ce89f519b085	503b98cb22ae88798bb6bfca83a46676933f3600	本地实验/ADAPTIVE-CORE-OWNERSHIP-CHAMPION-X/V034/support/judge_types.hpp	100644	805d14e5125e17ebb48f4cd189640098214b869f		EXCLUDE	C_CPP_SUPPORT_SOURCE	D014	support source omitted; source blob id retained
W3-R2-ADAPTIVE-CORE-OWNERSHIP-CHAMPION-X	V034	exp: record adaptive core ownership V034 local result	fa8d56b0b837e82460ba152cf9305660278d3432	4b1a2f3fa2ca30f4ae967b202c48ce89f519b085	503b98cb22ae88798bb6bfca83a46676933f3600	本地实验/ADAPTIVE-CORE-OWNERSHIP-CHAMPION-X/V034/support/parent_entry.asc	100644	7d992a0cb5ee7975373cd6a081171ea2d0e7a338		EXCLUDE	PARENT_KERNEL_SOURCE	D013	kernel source omitted; source blob id retained
W3-R2-ADAPTIVE-CORE-OWNERSHIP-CHAMPION-X	V034	exp: record adaptive core ownership V034 local result	fa8d56b0b837e82460ba152cf9305660278d3432	4b1a2f3fa2ca30f4ae967b202c48ce89f519b085	503b98cb22ae88798bb6bfca83a46676933f3600	本地实验/ADAPTIVE-CORE-OWNERSHIP-CHAMPION-X/V034/support/probe.cpp	100644	a89a42fca0d46f34f90ec122dfe4b52ae266fb49		EXCLUDE	C_CPP_SUPPORT_SOURCE	D018	support source omitted; source blob id retained
W3-R2-ADAPTIVE-CORE-OWNERSHIP-CHAMPION-X	V035	exp: record adaptive core ownership V035 local result	f0cdd493fbfe417ab24ada5971660e33a5cf7699	83f72cc211b5529714b97253ea34ee4b937a4fb9	503b98cb22ae88798bb6bfca83a46676933f3600	本地实验/ADAPTIVE-CORE-OWNERSHIP-CHAMPION-X/V035/CMakeLists.txt	100644	212a22e860e71cc411e9bc2fc537523e698b85e6		EXCLUDE	BUILD_CONFIGURATION		build configuration omitted
W3-R2-ADAPTIVE-CORE-OWNERSHIP-CHAMPION-X	V035	exp: record adaptive core ownership V035 local result	f0cdd493fbfe417ab24ada5971660e33a5cf7699	83f72cc211b5529714b97253ea34ee4b937a4fb9	503b98cb22ae88798bb6bfca83a46676933f3600	本地实验/ADAPTIVE-CORE-OWNERSHIP-CHAMPION-X/V035/build_server3.sh	100644	73a7abf80d67fa068f2189452895d71c5982f70d		EXCLUDE	BUILD_OR_RUN_SCRIPT		script omitted
W3-R2-ADAPTIVE-CORE-OWNERSHIP-CHAMPION-X	V035	exp: record adaptive core ownership V035 local result	f0cdd493fbfe417ab24ada5971660e33a5cf7699	83f72cc211b5529714b97253ea34ee4b937a4fb9	503b98cb22ae88798bb6bfca83a46676933f3600	本地实验/ADAPTIVE-CORE-OWNERSHIP-CHAMPION-X/V035/logs/correctness-20261006T191711Z.log	100644	93177350950e3f9caa80014973a2312c2fbfcead	证据集成/W3/Batch-08-R2/R2/V035/logs/correctness-20261006T191711Z.log	COPY	CORRECTNESS_LOG	D015	original bytes
W3-R2-ADAPTIVE-CORE-OWNERSHIP-CHAMPION-X	V035	exp: record adaptive core ownership V035 local result	f0cdd493fbfe417ab24ada5971660e33a5cf7699	83f72cc211b5529714b97253ea34ee4b937a4fb9	503b98cb22ae88798bb6bfca83a46676933f3600	本地实验/ADAPTIVE-CORE-OWNERSHIP-CHAMPION-X/V035/logs/local-20261006T191801Z-raw.tsv	100644	baee23e6bddf7b5cc79cd141eeef881dd0b27341	证据集成/W3/Batch-08-R2/R2/V035/logs/local-20261006T191801Z-raw.tsv	COPY	LOCAL_RAW_TABLE		original bytes
W3-R2-ADAPTIVE-CORE-OWNERSHIP-CHAMPION-X	V035	exp: record adaptive core ownership V035 local result	f0cdd493fbfe417ab24ada5971660e33a5cf7699	83f72cc211b5529714b97253ea34ee4b937a4fb9	503b98cb22ae88798bb6bfca83a46676933f3600	本地实验/ADAPTIVE-CORE-OWNERSHIP-CHAMPION-X/V035/logs/local-20261006T191801Z-runner.log	100644	eb947dd3f526a4dcb072fe70cf1046f65ab68f72	证据集成/W3/Batch-08-R2/R2/V035/logs/local-20261006T191801Z-runner.log	COPY	LOCAL_RUN_LOG		original bytes
W3-R2-ADAPTIVE-CORE-OWNERSHIP-CHAMPION-X	V035	exp: record adaptive core ownership V035 local result	f0cdd493fbfe417ab24ada5971660e33a5cf7699	83f72cc211b5529714b97253ea34ee4b937a4fb9	503b98cb22ae88798bb6bfca83a46676933f3600	本地实验/ADAPTIVE-CORE-OWNERSHIP-CHAMPION-X/V035/logs/post-local-20261006T191852Z-proc-mem.txt	100644	dafdebf7252a1dc7596d4f201832f34afa9f710d	证据集成/W3/Batch-08-R2/R2/V035/logs/post-local-20261006T191852Z-proc-mem.txt	COPY	LOCAL_CONTEXT_LOG		original bytes
W3-R2-ADAPTIVE-CORE-OWNERSHIP-CHAMPION-X	V035	exp: record adaptive core ownership V035 local result	f0cdd493fbfe417ab24ada5971660e33a5cf7699	83f72cc211b5529714b97253ea34ee4b937a4fb9	503b98cb22ae88798bb6bfca83a46676933f3600	本地实验/ADAPTIVE-CORE-OWNERSHIP-CHAMPION-X/V035/logs/server3-transfer-compile-20261006T191503Z.log	100644	58fe9b2f72cd6dea2b364b2a86303ba199c9c67b	证据集成/W3/Batch-08-R2/R2/V035/logs/server3-transfer-compile-20261006T191503Z.log	COPY	COMPILE_LOG		original bytes
W3-R2-ADAPTIVE-CORE-OWNERSHIP-CHAMPION-X	V035	exp: record adaptive core ownership V035 local result	f0cdd493fbfe417ab24ada5971660e33a5cf7699	83f72cc211b5529714b97253ea34ee4b937a4fb9	503b98cb22ae88798bb6bfca83a46676933f3600	本地实验/ADAPTIVE-CORE-OWNERSHIP-CHAMPION-X/V035/parent-source.json	100644	2ded8f5a81ba1284dd8cd073d49076c3829e07c5	证据集成/W3/Batch-08-R2/R2/V035/parent-source.json	COPY	SOURCE_METADATA		original bytes
W3-R2-ADAPTIVE-CORE-OWNERSHIP-CHAMPION-X	V035	exp: record adaptive core ownership V035 local result	f0cdd493fbfe417ab24ada5971660e33a5cf7699	83f72cc211b5529714b97253ea34ee4b937a4fb9	503b98cb22ae88798bb6bfca83a46676933f3600	本地实验/ADAPTIVE-CORE-OWNERSHIP-CHAMPION-X/V035/parent.asc	100644	badd4a7c0367e25611d88ba9b7e5ee5c8060302d		EXCLUDE	PARENT_KERNEL_SOURCE	D019	kernel source omitted; source blob id retained
W3-R2-ADAPTIVE-CORE-OWNERSHIP-CHAMPION-X	V035	exp: record adaptive core ownership V035 local result	f0cdd493fbfe417ab24ada5971660e33a5cf7699	83f72cc211b5529714b97253ea34ee4b937a4fb9	503b98cb22ae88798bb6bfca83a46676933f3600	本地实验/ADAPTIVE-CORE-OWNERSHIP-CHAMPION-X/V035/run_server3.sh	100644	d699a0315b0863ed3b99184c2be977196a1905cb		EXCLUDE	BUILD_OR_RUN_SCRIPT		script omitted
W3-R2-ADAPTIVE-CORE-OWNERSHIP-CHAMPION-X	V035	exp: record adaptive core ownership V035 local result	f0cdd493fbfe417ab24ada5971660e33a5cf7699	83f72cc211b5529714b97253ea34ee4b937a4fb9	503b98cb22ae88798bb6bfca83a46676933f3600	本地实验/ADAPTIVE-CORE-OWNERSHIP-CHAMPION-X/V035/submission.asc	100644	bcba7b1e75f8520081879a750beed72813a1d6c4		EXCLUDE	CANDIDATE_KERNEL_SOURCE		kernel source omitted; source blob id retained
W3-R2-ADAPTIVE-CORE-OWNERSHIP-CHAMPION-X	V035	exp: record adaptive core ownership V035 local result	f0cdd493fbfe417ab24ada5971660e33a5cf7699	83f72cc211b5529714b97253ea34ee4b937a4fb9	503b98cb22ae88798bb6bfca83a46676933f3600	本地实验/ADAPTIVE-CORE-OWNERSHIP-CHAMPION-X/V035/support/build_on_server3.sh	100644	af842ca4238052a2fa7613425fbf722dae5b82ef		EXCLUDE	BUILD_OR_RUN_SCRIPT		script omitted
W3-R2-ADAPTIVE-CORE-OWNERSHIP-CHAMPION-X	V035	exp: record adaptive core ownership V035 local result	f0cdd493fbfe417ab24ada5971660e33a5cf7699	83f72cc211b5529714b97253ea34ee4b937a4fb9	503b98cb22ae88798bb6bfca83a46676933f3600	本地实验/ADAPTIVE-CORE-OWNERSHIP-CHAMPION-X/V035/support/candidate_entry.asc	100644	18e027bae25362b967ed9de7161661b7d178b00f		EXCLUDE	CANDIDATE_KERNEL_SOURCE	D003	kernel source omitted; source blob id retained
W3-R2-ADAPTIVE-CORE-OWNERSHIP-CHAMPION-X	V035	exp: record adaptive core ownership V035 local result	f0cdd493fbfe417ab24ada5971660e33a5cf7699	83f72cc211b5529714b97253ea34ee4b937a4fb9	503b98cb22ae88798bb6bfca83a46676933f3600	本地实验/ADAPTIVE-CORE-OWNERSHIP-CHAMPION-X/V035/support/judge_types.hpp	100644	805d14e5125e17ebb48f4cd189640098214b869f		EXCLUDE	C_CPP_SUPPORT_SOURCE	D014	support source omitted; source blob id retained
W3-R2-ADAPTIVE-CORE-OWNERSHIP-CHAMPION-X	V035	exp: record adaptive core ownership V035 local result	f0cdd493fbfe417ab24ada5971660e33a5cf7699	83f72cc211b5529714b97253ea34ee4b937a4fb9	503b98cb22ae88798bb6bfca83a46676933f3600	本地实验/ADAPTIVE-CORE-OWNERSHIP-CHAMPION-X/V035/support/parent_entry.asc	100644	7d992a0cb5ee7975373cd6a081171ea2d0e7a338		EXCLUDE	PARENT_KERNEL_SOURCE	D013	kernel source omitted; source blob id retained
W3-R2-ADAPTIVE-CORE-OWNERSHIP-CHAMPION-X	V035	exp: record adaptive core ownership V035 local result	f0cdd493fbfe417ab24ada5971660e33a5cf7699	83f72cc211b5529714b97253ea34ee4b937a4fb9	503b98cb22ae88798bb6bfca83a46676933f3600	本地实验/ADAPTIVE-CORE-OWNERSHIP-CHAMPION-X/V035/support/probe.cpp	100644	a89a42fca0d46f34f90ec122dfe4b52ae266fb49		EXCLUDE	C_CPP_SUPPORT_SOURCE	D018	support source omitted; source blob id retained
W3-R2-ADAPTIVE-CORE-OWNERSHIP-CHAMPION-X	V036	exp: record adaptive core ownership V036 local result	e629c38eac7cf8dc9a9863cadce20edcfc04a1e8	a1be712dfa4e1b024ab8c1d3b77fdae5cc346245	503b98cb22ae88798bb6bfca83a46676933f3600	本地实验/ADAPTIVE-CORE-OWNERSHIP-CHAMPION-X/V036/CMakeLists.txt	100644	53a64fd910bc5f63ea62ef9d8ebb6e79535a0334		EXCLUDE	BUILD_CONFIGURATION		build configuration omitted
W3-R2-ADAPTIVE-CORE-OWNERSHIP-CHAMPION-X	V036	exp: record adaptive core ownership V036 local result	e629c38eac7cf8dc9a9863cadce20edcfc04a1e8	a1be712dfa4e1b024ab8c1d3b77fdae5cc346245	503b98cb22ae88798bb6bfca83a46676933f3600	本地实验/ADAPTIVE-CORE-OWNERSHIP-CHAMPION-X/V036/build_server3.sh	100644	8998633f7733606a9d128a1dc54a1449236de0fb		EXCLUDE	BUILD_OR_RUN_SCRIPT		script omitted
W3-R2-ADAPTIVE-CORE-OWNERSHIP-CHAMPION-X	V036	exp: record adaptive core ownership V036 local result	e629c38eac7cf8dc9a9863cadce20edcfc04a1e8	a1be712dfa4e1b024ab8c1d3b77fdae5cc346245	503b98cb22ae88798bb6bfca83a46676933f3600	本地实验/ADAPTIVE-CORE-OWNERSHIP-CHAMPION-X/V036/logs/correctness-20261006T192401Z.log	100644	93177350950e3f9caa80014973a2312c2fbfcead	证据集成/W3/Batch-08-R2/R2/V036/logs/correctness-20261006T192401Z.log	COPY	CORRECTNESS_LOG	D015	original bytes
W3-R2-ADAPTIVE-CORE-OWNERSHIP-CHAMPION-X	V036	exp: record adaptive core ownership V036 local result	e629c38eac7cf8dc9a9863cadce20edcfc04a1e8	a1be712dfa4e1b024ab8c1d3b77fdae5cc346245	503b98cb22ae88798bb6bfca83a46676933f3600	本地实验/ADAPTIVE-CORE-OWNERSHIP-CHAMPION-X/V036/logs/local-20261006T192437Z-raw.tsv	100644	6f1b4e77d6104a75a8f37319c61329472b7c355d	证据集成/W3/Batch-08-R2/R2/V036/logs/local-20261006T192437Z-raw.tsv	COPY	LOCAL_RAW_TABLE		original bytes
W3-R2-ADAPTIVE-CORE-OWNERSHIP-CHAMPION-X	V036	exp: record adaptive core ownership V036 local result	e629c38eac7cf8dc9a9863cadce20edcfc04a1e8	a1be712dfa4e1b024ab8c1d3b77fdae5cc346245	503b98cb22ae88798bb6bfca83a46676933f3600	本地实验/ADAPTIVE-CORE-OWNERSHIP-CHAMPION-X/V036/logs/local-20261006T192437Z-runner.log	100644	ac9f8866c93c4f93049ebac53122cb2abd9aabe2	证据集成/W3/Batch-08-R2/R2/V036/logs/local-20261006T192437Z-runner.log	COPY	LOCAL_RUN_LOG		original bytes
W3-R2-ADAPTIVE-CORE-OWNERSHIP-CHAMPION-X	V036	exp: record adaptive core ownership V036 local result	e629c38eac7cf8dc9a9863cadce20edcfc04a1e8	a1be712dfa4e1b024ab8c1d3b77fdae5cc346245	503b98cb22ae88798bb6bfca83a46676933f3600	本地实验/ADAPTIVE-CORE-OWNERSHIP-CHAMPION-X/V036/logs/post-local-20261006T192519Z-proc-mem.txt	100644	1d3ddc6443a7d278a4481409bb84a7879b771fdd	证据集成/W3/Batch-08-R2/R2/V036/logs/post-local-20261006T192519Z-proc-mem.txt	COPY	LOCAL_CONTEXT_LOG		original bytes
W3-R2-ADAPTIVE-CORE-OWNERSHIP-CHAMPION-X	V036	exp: record adaptive core ownership V036 local result	e629c38eac7cf8dc9a9863cadce20edcfc04a1e8	a1be712dfa4e1b024ab8c1d3b77fdae5cc346245	503b98cb22ae88798bb6bfca83a46676933f3600	本地实验/ADAPTIVE-CORE-OWNERSHIP-CHAMPION-X/V036/logs/server3-transfer-compile-20261006T192158Z.log	100644	f5ce89f153269f8c0d76b58e5b4eda9e71a16c77	证据集成/W3/Batch-08-R2/R2/V036/logs/server3-transfer-compile-20261006T192158Z.log	COPY	COMPILE_LOG		original bytes
W3-R2-ADAPTIVE-CORE-OWNERSHIP-CHAMPION-X	V036	exp: record adaptive core ownership V036 local result	e629c38eac7cf8dc9a9863cadce20edcfc04a1e8	a1be712dfa4e1b024ab8c1d3b77fdae5cc346245	503b98cb22ae88798bb6bfca83a46676933f3600	本地实验/ADAPTIVE-CORE-OWNERSHIP-CHAMPION-X/V036/parent-source.json	100644	0cdfff537b54b95d1112197c19307da6b021a1e7	证据集成/W3/Batch-08-R2/R2/V036/parent-source.json	COPY	SOURCE_METADATA		original bytes
W3-R2-ADAPTIVE-CORE-OWNERSHIP-CHAMPION-X	V036	exp: record adaptive core ownership V036 local result	e629c38eac7cf8dc9a9863cadce20edcfc04a1e8	a1be712dfa4e1b024ab8c1d3b77fdae5cc346245	503b98cb22ae88798bb6bfca83a46676933f3600	本地实验/ADAPTIVE-CORE-OWNERSHIP-CHAMPION-X/V036/parent.asc	100644	badd4a7c0367e25611d88ba9b7e5ee5c8060302d		EXCLUDE	PARENT_KERNEL_SOURCE	D019	kernel source omitted; source blob id retained
W3-R2-ADAPTIVE-CORE-OWNERSHIP-CHAMPION-X	V036	exp: record adaptive core ownership V036 local result	e629c38eac7cf8dc9a9863cadce20edcfc04a1e8	a1be712dfa4e1b024ab8c1d3b77fdae5cc346245	503b98cb22ae88798bb6bfca83a46676933f3600	本地实验/ADAPTIVE-CORE-OWNERSHIP-CHAMPION-X/V036/run_server3.sh	100644	7e07b6bf659eab0458a39c5c50c1aeca93a8e041		EXCLUDE	BUILD_OR_RUN_SCRIPT		script omitted
W3-R2-ADAPTIVE-CORE-OWNERSHIP-CHAMPION-X	V036	exp: record adaptive core ownership V036 local result	e629c38eac7cf8dc9a9863cadce20edcfc04a1e8	a1be712dfa4e1b024ab8c1d3b77fdae5cc346245	503b98cb22ae88798bb6bfca83a46676933f3600	本地实验/ADAPTIVE-CORE-OWNERSHIP-CHAMPION-X/V036/submission.asc	100644	90e40bd7cd37745959348a58ed2d30902f5d5f0e		EXCLUDE	CANDIDATE_KERNEL_SOURCE		kernel source omitted; source blob id retained
W3-R2-ADAPTIVE-CORE-OWNERSHIP-CHAMPION-X	V036	exp: record adaptive core ownership V036 local result	e629c38eac7cf8dc9a9863cadce20edcfc04a1e8	a1be712dfa4e1b024ab8c1d3b77fdae5cc346245	503b98cb22ae88798bb6bfca83a46676933f3600	本地实验/ADAPTIVE-CORE-OWNERSHIP-CHAMPION-X/V036/support/build_on_server3.sh	100644	24c46f723980289b76cee3f82e7cf37aafb95166		EXCLUDE	BUILD_OR_RUN_SCRIPT		script omitted
W3-R2-ADAPTIVE-CORE-OWNERSHIP-CHAMPION-X	V036	exp: record adaptive core ownership V036 local result	e629c38eac7cf8dc9a9863cadce20edcfc04a1e8	a1be712dfa4e1b024ab8c1d3b77fdae5cc346245	503b98cb22ae88798bb6bfca83a46676933f3600	本地实验/ADAPTIVE-CORE-OWNERSHIP-CHAMPION-X/V036/support/candidate_entry.asc	100644	18e027bae25362b967ed9de7161661b7d178b00f		EXCLUDE	CANDIDATE_KERNEL_SOURCE	D003	kernel source omitted; source blob id retained
W3-R2-ADAPTIVE-CORE-OWNERSHIP-CHAMPION-X	V036	exp: record adaptive core ownership V036 local result	e629c38eac7cf8dc9a9863cadce20edcfc04a1e8	a1be712dfa4e1b024ab8c1d3b77fdae5cc346245	503b98cb22ae88798bb6bfca83a46676933f3600	本地实验/ADAPTIVE-CORE-OWNERSHIP-CHAMPION-X/V036/support/judge_types.hpp	100644	805d14e5125e17ebb48f4cd189640098214b869f		EXCLUDE	C_CPP_SUPPORT_SOURCE	D014	support source omitted; source blob id retained
W3-R2-ADAPTIVE-CORE-OWNERSHIP-CHAMPION-X	V036	exp: record adaptive core ownership V036 local result	e629c38eac7cf8dc9a9863cadce20edcfc04a1e8	a1be712dfa4e1b024ab8c1d3b77fdae5cc346245	503b98cb22ae88798bb6bfca83a46676933f3600	本地实验/ADAPTIVE-CORE-OWNERSHIP-CHAMPION-X/V036/support/parent_entry.asc	100644	7d992a0cb5ee7975373cd6a081171ea2d0e7a338		EXCLUDE	PARENT_KERNEL_SOURCE	D013	kernel source omitted; source blob id retained
W3-R2-ADAPTIVE-CORE-OWNERSHIP-CHAMPION-X	V036	exp: record adaptive core ownership V036 local result	e629c38eac7cf8dc9a9863cadce20edcfc04a1e8	a1be712dfa4e1b024ab8c1d3b77fdae5cc346245	503b98cb22ae88798bb6bfca83a46676933f3600	本地实验/ADAPTIVE-CORE-OWNERSHIP-CHAMPION-X/V036/support/probe.cpp	100644	a89a42fca0d46f34f90ec122dfe4b52ae266fb49		EXCLUDE	C_CPP_SUPPORT_SOURCE	D018	support source omitted; source blob id retained
W3-R2-ADAPTIVE-CORE-OWNERSHIP-CHAMPION-X	V037	exp: record adaptive core ownership V037 local result	cc993549db52c688e5dc610b8fbc5dc057b3a361	5f721d7b56eb954179e2370c8f2663aceea7caab	503b98cb22ae88798bb6bfca83a46676933f3600	本地实验/ADAPTIVE-CORE-OWNERSHIP-CHAMPION-X/V037/CMakeLists.txt	100644	09cf4aded5c3b4eb6102cd8d73d264e38379fc6d		EXCLUDE	BUILD_CONFIGURATION		build configuration omitted
W3-R2-ADAPTIVE-CORE-OWNERSHIP-CHAMPION-X	V037	exp: record adaptive core ownership V037 local result	cc993549db52c688e5dc610b8fbc5dc057b3a361	5f721d7b56eb954179e2370c8f2663aceea7caab	503b98cb22ae88798bb6bfca83a46676933f3600	本地实验/ADAPTIVE-CORE-OWNERSHIP-CHAMPION-X/V037/build_server3.sh	100644	5e6c7a3fe642741b709827be953a8d398728ddb6		EXCLUDE	BUILD_OR_RUN_SCRIPT		script omitted
W3-R2-ADAPTIVE-CORE-OWNERSHIP-CHAMPION-X	V037	exp: record adaptive core ownership V037 local result	cc993549db52c688e5dc610b8fbc5dc057b3a361	5f721d7b56eb954179e2370c8f2663aceea7caab	503b98cb22ae88798bb6bfca83a46676933f3600	本地实验/ADAPTIVE-CORE-OWNERSHIP-CHAMPION-X/V037/logs/correctness-20261006T193017Z.log	100644	93177350950e3f9caa80014973a2312c2fbfcead	证据集成/W3/Batch-08-R2/R2/V037/logs/correctness-20261006T193017Z.log	COPY	CORRECTNESS_LOG	D015	original bytes
W3-R2-ADAPTIVE-CORE-OWNERSHIP-CHAMPION-X	V037	exp: record adaptive core ownership V037 local result	cc993549db52c688e5dc610b8fbc5dc057b3a361	5f721d7b56eb954179e2370c8f2663aceea7caab	503b98cb22ae88798bb6bfca83a46676933f3600	本地实验/ADAPTIVE-CORE-OWNERSHIP-CHAMPION-X/V037/logs/local-20261006T193105Z-raw.tsv	100644	011a0e9a7474c07e57138f82774426653cd38e44	证据集成/W3/Batch-08-R2/R2/V037/logs/local-20261006T193105Z-raw.tsv	COPY	LOCAL_RAW_TABLE		original bytes
W3-R2-ADAPTIVE-CORE-OWNERSHIP-CHAMPION-X	V037	exp: record adaptive core ownership V037 local result	cc993549db52c688e5dc610b8fbc5dc057b3a361	5f721d7b56eb954179e2370c8f2663aceea7caab	503b98cb22ae88798bb6bfca83a46676933f3600	本地实验/ADAPTIVE-CORE-OWNERSHIP-CHAMPION-X/V037/logs/local-20261006T193105Z-runner.log	100644	9cddf65faf2acb6f5357e52df663178acb13ebbe	证据集成/W3/Batch-08-R2/R2/V037/logs/local-20261006T193105Z-runner.log	COPY	LOCAL_RUN_LOG		original bytes
W3-R2-ADAPTIVE-CORE-OWNERSHIP-CHAMPION-X	V037	exp: record adaptive core ownership V037 local result	cc993549db52c688e5dc610b8fbc5dc057b3a361	5f721d7b56eb954179e2370c8f2663aceea7caab	503b98cb22ae88798bb6bfca83a46676933f3600	本地实验/ADAPTIVE-CORE-OWNERSHIP-CHAMPION-X/V037/logs/post-local-20261006T193254Z-proc-mem.txt	100644	e78f2faccb760daf6b3ea88893e845a6fd215306	证据集成/W3/Batch-08-R2/R2/V037/logs/post-local-20261006T193254Z-proc-mem.txt	COPY	LOCAL_CONTEXT_LOG		original bytes
W3-R2-ADAPTIVE-CORE-OWNERSHIP-CHAMPION-X	V037	exp: record adaptive core ownership V037 local result	cc993549db52c688e5dc610b8fbc5dc057b3a361	5f721d7b56eb954179e2370c8f2663aceea7caab	503b98cb22ae88798bb6bfca83a46676933f3600	本地实验/ADAPTIVE-CORE-OWNERSHIP-CHAMPION-X/V037/logs/server3-transfer-compile-20261006T192819Z.log	100644	c31d9bdd7e237e2e23c3fb543e8497924a5a1864	证据集成/W3/Batch-08-R2/R2/V037/logs/server3-transfer-compile-20261006T192819Z.log	COPY	COMPILE_LOG		original bytes
W3-R2-ADAPTIVE-CORE-OWNERSHIP-CHAMPION-X	V037	exp: record adaptive core ownership V037 local result	cc993549db52c688e5dc610b8fbc5dc057b3a361	5f721d7b56eb954179e2370c8f2663aceea7caab	503b98cb22ae88798bb6bfca83a46676933f3600	本地实验/ADAPTIVE-CORE-OWNERSHIP-CHAMPION-X/V037/parent-source.json	100644	567f29caca900396479dbccabe4a0bdc306be188	证据集成/W3/Batch-08-R2/R2/V037/parent-source.json	COPY	SOURCE_METADATA		original bytes
W3-R2-ADAPTIVE-CORE-OWNERSHIP-CHAMPION-X	V037	exp: record adaptive core ownership V037 local result	cc993549db52c688e5dc610b8fbc5dc057b3a361	5f721d7b56eb954179e2370c8f2663aceea7caab	503b98cb22ae88798bb6bfca83a46676933f3600	本地实验/ADAPTIVE-CORE-OWNERSHIP-CHAMPION-X/V037/parent.asc	100644	badd4a7c0367e25611d88ba9b7e5ee5c8060302d		EXCLUDE	PARENT_KERNEL_SOURCE	D019	kernel source omitted; source blob id retained
W3-R2-ADAPTIVE-CORE-OWNERSHIP-CHAMPION-X	V037	exp: record adaptive core ownership V037 local result	cc993549db52c688e5dc610b8fbc5dc057b3a361	5f721d7b56eb954179e2370c8f2663aceea7caab	503b98cb22ae88798bb6bfca83a46676933f3600	本地实验/ADAPTIVE-CORE-OWNERSHIP-CHAMPION-X/V037/run_server3.sh	100644	0257af460901e83c0110b195936b864d739362f9		EXCLUDE	BUILD_OR_RUN_SCRIPT		script omitted
W3-R2-ADAPTIVE-CORE-OWNERSHIP-CHAMPION-X	V037	exp: record adaptive core ownership V037 local result	cc993549db52c688e5dc610b8fbc5dc057b3a361	5f721d7b56eb954179e2370c8f2663aceea7caab	503b98cb22ae88798bb6bfca83a46676933f3600	本地实验/ADAPTIVE-CORE-OWNERSHIP-CHAMPION-X/V037/submission.asc	100644	6223de81576e242924ab0a4e2eb7591a2da0afef		EXCLUDE	CANDIDATE_KERNEL_SOURCE		kernel source omitted; source blob id retained
W3-R2-ADAPTIVE-CORE-OWNERSHIP-CHAMPION-X	V037	exp: record adaptive core ownership V037 local result	cc993549db52c688e5dc610b8fbc5dc057b3a361	5f721d7b56eb954179e2370c8f2663aceea7caab	503b98cb22ae88798bb6bfca83a46676933f3600	本地实验/ADAPTIVE-CORE-OWNERSHIP-CHAMPION-X/V037/support/build_on_server3.sh	100644	0b99cb8f9546addc3c975154e606a6a8b2952a1e		EXCLUDE	BUILD_OR_RUN_SCRIPT		script omitted
W3-R2-ADAPTIVE-CORE-OWNERSHIP-CHAMPION-X	V037	exp: record adaptive core ownership V037 local result	cc993549db52c688e5dc610b8fbc5dc057b3a361	5f721d7b56eb954179e2370c8f2663aceea7caab	503b98cb22ae88798bb6bfca83a46676933f3600	本地实验/ADAPTIVE-CORE-OWNERSHIP-CHAMPION-X/V037/support/candidate_entry.asc	100644	18e027bae25362b967ed9de7161661b7d178b00f		EXCLUDE	CANDIDATE_KERNEL_SOURCE	D003	kernel source omitted; source blob id retained
W3-R2-ADAPTIVE-CORE-OWNERSHIP-CHAMPION-X	V037	exp: record adaptive core ownership V037 local result	cc993549db52c688e5dc610b8fbc5dc057b3a361	5f721d7b56eb954179e2370c8f2663aceea7caab	503b98cb22ae88798bb6bfca83a46676933f3600	本地实验/ADAPTIVE-CORE-OWNERSHIP-CHAMPION-X/V037/support/judge_types.hpp	100644	805d14e5125e17ebb48f4cd189640098214b869f		EXCLUDE	C_CPP_SUPPORT_SOURCE	D014	support source omitted; source blob id retained
W3-R2-ADAPTIVE-CORE-OWNERSHIP-CHAMPION-X	V037	exp: record adaptive core ownership V037 local result	cc993549db52c688e5dc610b8fbc5dc057b3a361	5f721d7b56eb954179e2370c8f2663aceea7caab	503b98cb22ae88798bb6bfca83a46676933f3600	本地实验/ADAPTIVE-CORE-OWNERSHIP-CHAMPION-X/V037/support/parent_entry.asc	100644	7d992a0cb5ee7975373cd6a081171ea2d0e7a338		EXCLUDE	PARENT_KERNEL_SOURCE	D013	kernel source omitted; source blob id retained
W3-R2-ADAPTIVE-CORE-OWNERSHIP-CHAMPION-X	V037	exp: record adaptive core ownership V037 local result	cc993549db52c688e5dc610b8fbc5dc057b3a361	5f721d7b56eb954179e2370c8f2663aceea7caab	503b98cb22ae88798bb6bfca83a46676933f3600	本地实验/ADAPTIVE-CORE-OWNERSHIP-CHAMPION-X/V037/support/probe.cpp	100644	a89a42fca0d46f34f90ec122dfe4b52ae266fb49		EXCLUDE	C_CPP_SUPPORT_SOURCE	D018	support source omitted; source blob id retained
W3-R2-ADAPTIVE-CORE-OWNERSHIP-CHAMPION-X	V038	exp: record adaptive core ownership V038 local result	69236d543b5dc7cf875e0de0aab96b93cae26b05	7371376f207a5dfa704653f2e08a0ace9d692493	503b98cb22ae88798bb6bfca83a46676933f3600	本地实验/ADAPTIVE-CORE-OWNERSHIP-CHAMPION-X/V038/CMakeLists.txt	100644	fb60fd208ed6af4495783515973e80db383acae0		EXCLUDE	BUILD_CONFIGURATION		build configuration omitted
W3-R2-ADAPTIVE-CORE-OWNERSHIP-CHAMPION-X	V038	exp: record adaptive core ownership V038 local result	69236d543b5dc7cf875e0de0aab96b93cae26b05	7371376f207a5dfa704653f2e08a0ace9d692493	503b98cb22ae88798bb6bfca83a46676933f3600	本地实验/ADAPTIVE-CORE-OWNERSHIP-CHAMPION-X/V038/build_server3.sh	100644	c9eb4701ddc4f37330d32d6564878044beaf88cf		EXCLUDE	BUILD_OR_RUN_SCRIPT		script omitted
W3-R2-ADAPTIVE-CORE-OWNERSHIP-CHAMPION-X	V038	exp: record adaptive core ownership V038 local result	69236d543b5dc7cf875e0de0aab96b93cae26b05	7371376f207a5dfa704653f2e08a0ace9d692493	503b98cb22ae88798bb6bfca83a46676933f3600	本地实验/ADAPTIVE-CORE-OWNERSHIP-CHAMPION-X/V038/logs/correctness-20261006T193746Z.log	100644	93177350950e3f9caa80014973a2312c2fbfcead	证据集成/W3/Batch-08-R2/R2/V038/logs/correctness-20261006T193746Z.log	COPY	CORRECTNESS_LOG	D015	original bytes
W3-R2-ADAPTIVE-CORE-OWNERSHIP-CHAMPION-X	V038	exp: record adaptive core ownership V038 local result	69236d543b5dc7cf875e0de0aab96b93cae26b05	7371376f207a5dfa704653f2e08a0ace9d692493	503b98cb22ae88798bb6bfca83a46676933f3600	本地实验/ADAPTIVE-CORE-OWNERSHIP-CHAMPION-X/V038/logs/local-20261006T193823Z-raw.tsv	100644	af22d199750f4752f5eadc2b0108f90afe074f78	证据集成/W3/Batch-08-R2/R2/V038/logs/local-20261006T193823Z-raw.tsv	COPY	LOCAL_RAW_TABLE		original bytes
W3-R2-ADAPTIVE-CORE-OWNERSHIP-CHAMPION-X	V038	exp: record adaptive core ownership V038 local result	69236d543b5dc7cf875e0de0aab96b93cae26b05	7371376f207a5dfa704653f2e08a0ace9d692493	503b98cb22ae88798bb6bfca83a46676933f3600	本地实验/ADAPTIVE-CORE-OWNERSHIP-CHAMPION-X/V038/logs/local-20261006T193823Z-runner.log	100644	dbdb1ac93e89dcc11f933ef35683be85ffc43151	证据集成/W3/Batch-08-R2/R2/V038/logs/local-20261006T193823Z-runner.log	COPY	LOCAL_RUN_LOG		original bytes
W3-R2-ADAPTIVE-CORE-OWNERSHIP-CHAMPION-X	V038	exp: record adaptive core ownership V038 local result	69236d543b5dc7cf875e0de0aab96b93cae26b05	7371376f207a5dfa704653f2e08a0ace9d692493	503b98cb22ae88798bb6bfca83a46676933f3600	本地实验/ADAPTIVE-CORE-OWNERSHIP-CHAMPION-X/V038/logs/post-local-20261006T193910Z-proc-mem.txt	100644	2c975c72eccef4b0a8137c6c0f4bbf12574d4f3d	证据集成/W3/Batch-08-R2/R2/V038/logs/post-local-20261006T193910Z-proc-mem.txt	COPY	LOCAL_CONTEXT_LOG		original bytes
W3-R2-ADAPTIVE-CORE-OWNERSHIP-CHAMPION-X	V038	exp: record adaptive core ownership V038 local result	69236d543b5dc7cf875e0de0aab96b93cae26b05	7371376f207a5dfa704653f2e08a0ace9d692493	503b98cb22ae88798bb6bfca83a46676933f3600	本地实验/ADAPTIVE-CORE-OWNERSHIP-CHAMPION-X/V038/logs/server3-transfer-compile-20261006T193555Z.log	100644	c957f2bbe3fdd838c257a9c1d822e06b00347168	证据集成/W3/Batch-08-R2/R2/V038/logs/server3-transfer-compile-20261006T193555Z.log	COPY	COMPILE_LOG		original bytes
W3-R2-ADAPTIVE-CORE-OWNERSHIP-CHAMPION-X	V038	exp: record adaptive core ownership V038 local result	69236d543b5dc7cf875e0de0aab96b93cae26b05	7371376f207a5dfa704653f2e08a0ace9d692493	503b98cb22ae88798bb6bfca83a46676933f3600	本地实验/ADAPTIVE-CORE-OWNERSHIP-CHAMPION-X/V038/parent-source.json	100644	a210a7ba512f3a7ffea1276fe13b203483a1988a	证据集成/W3/Batch-08-R2/R2/V038/parent-source.json	COPY	SOURCE_METADATA		original bytes
W3-R2-ADAPTIVE-CORE-OWNERSHIP-CHAMPION-X	V038	exp: record adaptive core ownership V038 local result	69236d543b5dc7cf875e0de0aab96b93cae26b05	7371376f207a5dfa704653f2e08a0ace9d692493	503b98cb22ae88798bb6bfca83a46676933f3600	本地实验/ADAPTIVE-CORE-OWNERSHIP-CHAMPION-X/V038/parent.asc	100644	badd4a7c0367e25611d88ba9b7e5ee5c8060302d		EXCLUDE	PARENT_KERNEL_SOURCE	D019	kernel source omitted; source blob id retained
W3-R2-ADAPTIVE-CORE-OWNERSHIP-CHAMPION-X	V038	exp: record adaptive core ownership V038 local result	69236d543b5dc7cf875e0de0aab96b93cae26b05	7371376f207a5dfa704653f2e08a0ace9d692493	503b98cb22ae88798bb6bfca83a46676933f3600	本地实验/ADAPTIVE-CORE-OWNERSHIP-CHAMPION-X/V038/run_server3.sh	100644	6b3ed51e9fcdb795e06c7675097675f8d7d40e29		EXCLUDE	BUILD_OR_RUN_SCRIPT		script omitted
W3-R2-ADAPTIVE-CORE-OWNERSHIP-CHAMPION-X	V038	exp: record adaptive core ownership V038 local result	69236d543b5dc7cf875e0de0aab96b93cae26b05	7371376f207a5dfa704653f2e08a0ace9d692493	503b98cb22ae88798bb6bfca83a46676933f3600	本地实验/ADAPTIVE-CORE-OWNERSHIP-CHAMPION-X/V038/submission.asc	100644	47f0b79789193263ec4bb42f2f343b95f93857b0		EXCLUDE	CANDIDATE_KERNEL_SOURCE		kernel source omitted; source blob id retained
W3-R2-ADAPTIVE-CORE-OWNERSHIP-CHAMPION-X	V038	exp: record adaptive core ownership V038 local result	69236d543b5dc7cf875e0de0aab96b93cae26b05	7371376f207a5dfa704653f2e08a0ace9d692493	503b98cb22ae88798bb6bfca83a46676933f3600	本地实验/ADAPTIVE-CORE-OWNERSHIP-CHAMPION-X/V038/support/build_on_server3.sh	100644	8b6919d27980865229b7e7ddbab5b7539ead5f00		EXCLUDE	BUILD_OR_RUN_SCRIPT		script omitted
W3-R2-ADAPTIVE-CORE-OWNERSHIP-CHAMPION-X	V038	exp: record adaptive core ownership V038 local result	69236d543b5dc7cf875e0de0aab96b93cae26b05	7371376f207a5dfa704653f2e08a0ace9d692493	503b98cb22ae88798bb6bfca83a46676933f3600	本地实验/ADAPTIVE-CORE-OWNERSHIP-CHAMPION-X/V038/support/candidate_entry.asc	100644	18e027bae25362b967ed9de7161661b7d178b00f		EXCLUDE	CANDIDATE_KERNEL_SOURCE	D003	kernel source omitted; source blob id retained
W3-R2-ADAPTIVE-CORE-OWNERSHIP-CHAMPION-X	V038	exp: record adaptive core ownership V038 local result	69236d543b5dc7cf875e0de0aab96b93cae26b05	7371376f207a5dfa704653f2e08a0ace9d692493	503b98cb22ae88798bb6bfca83a46676933f3600	本地实验/ADAPTIVE-CORE-OWNERSHIP-CHAMPION-X/V038/support/judge_types.hpp	100644	805d14e5125e17ebb48f4cd189640098214b869f		EXCLUDE	C_CPP_SUPPORT_SOURCE	D014	support source omitted; source blob id retained
W3-R2-ADAPTIVE-CORE-OWNERSHIP-CHAMPION-X	V038	exp: record adaptive core ownership V038 local result	69236d543b5dc7cf875e0de0aab96b93cae26b05	7371376f207a5dfa704653f2e08a0ace9d692493	503b98cb22ae88798bb6bfca83a46676933f3600	本地实验/ADAPTIVE-CORE-OWNERSHIP-CHAMPION-X/V038/support/parent_entry.asc	100644	7d992a0cb5ee7975373cd6a081171ea2d0e7a338		EXCLUDE	PARENT_KERNEL_SOURCE	D013	kernel source omitted; source blob id retained
W3-R2-ADAPTIVE-CORE-OWNERSHIP-CHAMPION-X	V038	exp: record adaptive core ownership V038 local result	69236d543b5dc7cf875e0de0aab96b93cae26b05	7371376f207a5dfa704653f2e08a0ace9d692493	503b98cb22ae88798bb6bfca83a46676933f3600	本地实验/ADAPTIVE-CORE-OWNERSHIP-CHAMPION-X/V038/support/probe.cpp	100644	a89a42fca0d46f34f90ec122dfe4b52ae266fb49		EXCLUDE	C_CPP_SUPPORT_SOURCE	D018	support source omitted; source blob id retained
W3-R2-ADAPTIVE-CORE-OWNERSHIP-CHAMPION-X	V039	exp: record adaptive core ownership V039 local result	ebacb134dd1df9a2859d6dc3e96cef33a0bc87fb	90629e4d9e0ce53e21cd090a19201f435ca5279c	503b98cb22ae88798bb6bfca83a46676933f3600	本地实验/ADAPTIVE-CORE-OWNERSHIP-CHAMPION-X/V039/CMakeLists.txt	100644	aa81ae7b9dde7f184896554ed0a514974f370e07		EXCLUDE	BUILD_CONFIGURATION		build configuration omitted
W3-R2-ADAPTIVE-CORE-OWNERSHIP-CHAMPION-X	V039	exp: record adaptive core ownership V039 local result	ebacb134dd1df9a2859d6dc3e96cef33a0bc87fb	90629e4d9e0ce53e21cd090a19201f435ca5279c	503b98cb22ae88798bb6bfca83a46676933f3600	本地实验/ADAPTIVE-CORE-OWNERSHIP-CHAMPION-X/V039/build_server3.sh	100644	155e4249906404682bdfad3fb408d49b3307abde		EXCLUDE	BUILD_OR_RUN_SCRIPT		script omitted
W3-R2-ADAPTIVE-CORE-OWNERSHIP-CHAMPION-X	V039	exp: record adaptive core ownership V039 local result	ebacb134dd1df9a2859d6dc3e96cef33a0bc87fb	90629e4d9e0ce53e21cd090a19201f435ca5279c	503b98cb22ae88798bb6bfca83a46676933f3600	本地实验/ADAPTIVE-CORE-OWNERSHIP-CHAMPION-X/V039/logs/correctness-20261006T194726Z.log	100644	93177350950e3f9caa80014973a2312c2fbfcead	证据集成/W3/Batch-08-R2/R2/V039/logs/correctness-20261006T194726Z.log	COPY	CORRECTNESS_LOG	D015	original bytes
W3-R2-ADAPTIVE-CORE-OWNERSHIP-CHAMPION-X	V039	exp: record adaptive core ownership V039 local result	ebacb134dd1df9a2859d6dc3e96cef33a0bc87fb	90629e4d9e0ce53e21cd090a19201f435ca5279c	503b98cb22ae88798bb6bfca83a46676933f3600	本地实验/ADAPTIVE-CORE-OWNERSHIP-CHAMPION-X/V039/logs/local-20261006T194811Z-raw.tsv	100644	1acaf03d1b62780ca9d01c515275323bd092da5d	证据集成/W3/Batch-08-R2/R2/V039/logs/local-20261006T194811Z-raw.tsv	COPY	LOCAL_RAW_TABLE		original bytes
W3-R2-ADAPTIVE-CORE-OWNERSHIP-CHAMPION-X	V039	exp: record adaptive core ownership V039 local result	ebacb134dd1df9a2859d6dc3e96cef33a0bc87fb	90629e4d9e0ce53e21cd090a19201f435ca5279c	503b98cb22ae88798bb6bfca83a46676933f3600	本地实验/ADAPTIVE-CORE-OWNERSHIP-CHAMPION-X/V039/logs/local-20261006T194811Z-runner.log	100644	205992e97d2812d2c80f386bb47b9c3c78aed653	证据集成/W3/Batch-08-R2/R2/V039/logs/local-20261006T194811Z-runner.log	COPY	LOCAL_RUN_LOG		original bytes
W3-R2-ADAPTIVE-CORE-OWNERSHIP-CHAMPION-X	V039	exp: record adaptive core ownership V039 local result	ebacb134dd1df9a2859d6dc3e96cef33a0bc87fb	90629e4d9e0ce53e21cd090a19201f435ca5279c	503b98cb22ae88798bb6bfca83a46676933f3600	本地实验/ADAPTIVE-CORE-OWNERSHIP-CHAMPION-X/V039/logs/post-local-20261006T194856Z-proc-mem.txt	100644	f65800398f17411a40f76f4d9ef09a9763c7d0e6	证据集成/W3/Batch-08-R2/R2/V039/logs/post-local-20261006T194856Z-proc-mem.txt	COPY	LOCAL_CONTEXT_LOG		original bytes
W3-R2-ADAPTIVE-CORE-OWNERSHIP-CHAMPION-X	V039	exp: record adaptive core ownership V039 local result	ebacb134dd1df9a2859d6dc3e96cef33a0bc87fb	90629e4d9e0ce53e21cd090a19201f435ca5279c	503b98cb22ae88798bb6bfca83a46676933f3600	本地实验/ADAPTIVE-CORE-OWNERSHIP-CHAMPION-X/V039/logs/server3-transfer-compile-20261006T194524Z.log	100644	ccaa1b1ea552436ca3ab60424dbfc9b26e27e743	证据集成/W3/Batch-08-R2/R2/V039/logs/server3-transfer-compile-20261006T194524Z.log	COPY	COMPILE_LOG		original bytes
W3-R2-ADAPTIVE-CORE-OWNERSHIP-CHAMPION-X	V039	exp: record adaptive core ownership V039 local result	ebacb134dd1df9a2859d6dc3e96cef33a0bc87fb	90629e4d9e0ce53e21cd090a19201f435ca5279c	503b98cb22ae88798bb6bfca83a46676933f3600	本地实验/ADAPTIVE-CORE-OWNERSHIP-CHAMPION-X/V039/parent-source.json	100644	22eeda909aad859f820a5b4cc9cb3fd1ca1a7018	证据集成/W3/Batch-08-R2/R2/V039/parent-source.json	COPY	SOURCE_METADATA		original bytes
W3-R2-ADAPTIVE-CORE-OWNERSHIP-CHAMPION-X	V039	exp: record adaptive core ownership V039 local result	ebacb134dd1df9a2859d6dc3e96cef33a0bc87fb	90629e4d9e0ce53e21cd090a19201f435ca5279c	503b98cb22ae88798bb6bfca83a46676933f3600	本地实验/ADAPTIVE-CORE-OWNERSHIP-CHAMPION-X/V039/parent.asc	100644	badd4a7c0367e25611d88ba9b7e5ee5c8060302d		EXCLUDE	PARENT_KERNEL_SOURCE	D019	kernel source omitted; source blob id retained
W3-R2-ADAPTIVE-CORE-OWNERSHIP-CHAMPION-X	V039	exp: record adaptive core ownership V039 local result	ebacb134dd1df9a2859d6dc3e96cef33a0bc87fb	90629e4d9e0ce53e21cd090a19201f435ca5279c	503b98cb22ae88798bb6bfca83a46676933f3600	本地实验/ADAPTIVE-CORE-OWNERSHIP-CHAMPION-X/V039/run_server3.sh	100644	0dca072a60f8e014e5a2fd2cb52f315cd021faad		EXCLUDE	BUILD_OR_RUN_SCRIPT		script omitted
W3-R2-ADAPTIVE-CORE-OWNERSHIP-CHAMPION-X	V039	exp: record adaptive core ownership V039 local result	ebacb134dd1df9a2859d6dc3e96cef33a0bc87fb	90629e4d9e0ce53e21cd090a19201f435ca5279c	503b98cb22ae88798bb6bfca83a46676933f3600	本地实验/ADAPTIVE-CORE-OWNERSHIP-CHAMPION-X/V039/submission.asc	100644	1e4dfd87cc40c87564732ee4e3c14d0e69aeb220		EXCLUDE	CANDIDATE_KERNEL_SOURCE		kernel source omitted; source blob id retained
W3-R2-ADAPTIVE-CORE-OWNERSHIP-CHAMPION-X	V039	exp: record adaptive core ownership V039 local result	ebacb134dd1df9a2859d6dc3e96cef33a0bc87fb	90629e4d9e0ce53e21cd090a19201f435ca5279c	503b98cb22ae88798bb6bfca83a46676933f3600	本地实验/ADAPTIVE-CORE-OWNERSHIP-CHAMPION-X/V039/support/build_on_server3.sh	100644	3e1c3c63f5eef50272a0ac41c76febc3f291b1cd		EXCLUDE	BUILD_OR_RUN_SCRIPT		script omitted
W3-R2-ADAPTIVE-CORE-OWNERSHIP-CHAMPION-X	V039	exp: record adaptive core ownership V039 local result	ebacb134dd1df9a2859d6dc3e96cef33a0bc87fb	90629e4d9e0ce53e21cd090a19201f435ca5279c	503b98cb22ae88798bb6bfca83a46676933f3600	本地实验/ADAPTIVE-CORE-OWNERSHIP-CHAMPION-X/V039/support/candidate_entry.asc	100644	18e027bae25362b967ed9de7161661b7d178b00f		EXCLUDE	CANDIDATE_KERNEL_SOURCE	D003	kernel source omitted; source blob id retained
W3-R2-ADAPTIVE-CORE-OWNERSHIP-CHAMPION-X	V039	exp: record adaptive core ownership V039 local result	ebacb134dd1df9a2859d6dc3e96cef33a0bc87fb	90629e4d9e0ce53e21cd090a19201f435ca5279c	503b98cb22ae88798bb6bfca83a46676933f3600	本地实验/ADAPTIVE-CORE-OWNERSHIP-CHAMPION-X/V039/support/judge_types.hpp	100644	805d14e5125e17ebb48f4cd189640098214b869f		EXCLUDE	C_CPP_SUPPORT_SOURCE	D014	support source omitted; source blob id retained
W3-R2-ADAPTIVE-CORE-OWNERSHIP-CHAMPION-X	V039	exp: record adaptive core ownership V039 local result	ebacb134dd1df9a2859d6dc3e96cef33a0bc87fb	90629e4d9e0ce53e21cd090a19201f435ca5279c	503b98cb22ae88798bb6bfca83a46676933f3600	本地实验/ADAPTIVE-CORE-OWNERSHIP-CHAMPION-X/V039/support/parent_entry.asc	100644	7d992a0cb5ee7975373cd6a081171ea2d0e7a338		EXCLUDE	PARENT_KERNEL_SOURCE	D013	kernel source omitted; source blob id retained
W3-R2-ADAPTIVE-CORE-OWNERSHIP-CHAMPION-X	V039	exp: record adaptive core ownership V039 local result	ebacb134dd1df9a2859d6dc3e96cef33a0bc87fb	90629e4d9e0ce53e21cd090a19201f435ca5279c	503b98cb22ae88798bb6bfca83a46676933f3600	本地实验/ADAPTIVE-CORE-OWNERSHIP-CHAMPION-X/V039/support/probe.cpp	100644	a89a42fca0d46f34f90ec122dfe4b52ae266fb49		EXCLUDE	C_CPP_SUPPORT_SOURCE	D018	support source omitted; source blob id retained
W3-R2-ADAPTIVE-CORE-OWNERSHIP-CHAMPION-X	V040	exp: record adaptive core ownership V040 local result	6321ad4427b1819d172c719ebde190eb447ce9ae	ecef96b5259a6ab068f156d52e2e1dcd618f1b75	503b98cb22ae88798bb6bfca83a46676933f3600	本地实验/ADAPTIVE-CORE-OWNERSHIP-CHAMPION-X/V040/CMakeLists.txt	100644	dca4a33b6f42966313d783627c1282a5de6f271d		EXCLUDE	BUILD_CONFIGURATION		build configuration omitted
W3-R2-ADAPTIVE-CORE-OWNERSHIP-CHAMPION-X	V040	exp: record adaptive core ownership V040 local result	6321ad4427b1819d172c719ebde190eb447ce9ae	ecef96b5259a6ab068f156d52e2e1dcd618f1b75	503b98cb22ae88798bb6bfca83a46676933f3600	本地实验/ADAPTIVE-CORE-OWNERSHIP-CHAMPION-X/V040/build_server3.sh	100644	47637dc2f8bac525f3b29893de1689c7d241d83f		EXCLUDE	BUILD_OR_RUN_SCRIPT		script omitted
W3-R2-ADAPTIVE-CORE-OWNERSHIP-CHAMPION-X	V040	exp: record adaptive core ownership V040 local result	6321ad4427b1819d172c719ebde190eb447ce9ae	ecef96b5259a6ab068f156d52e2e1dcd618f1b75	503b98cb22ae88798bb6bfca83a46676933f3600	本地实验/ADAPTIVE-CORE-OWNERSHIP-CHAMPION-X/V040/logs/correctness-20261006T195431Z.log	100644	93177350950e3f9caa80014973a2312c2fbfcead	证据集成/W3/Batch-08-R2/R2/V040/logs/correctness-20261006T195431Z.log	COPY	CORRECTNESS_LOG	D015	original bytes
W3-R2-ADAPTIVE-CORE-OWNERSHIP-CHAMPION-X	V040	exp: record adaptive core ownership V040 local result	6321ad4427b1819d172c719ebde190eb447ce9ae	ecef96b5259a6ab068f156d52e2e1dcd618f1b75	503b98cb22ae88798bb6bfca83a46676933f3600	本地实验/ADAPTIVE-CORE-OWNERSHIP-CHAMPION-X/V040/logs/local-20261006T195519Z-raw.tsv	100644	7d900843025906c2d20262769825ae4525c82dd3	证据集成/W3/Batch-08-R2/R2/V040/logs/local-20261006T195519Z-raw.tsv	COPY	LOCAL_RAW_TABLE		original bytes
W3-R2-ADAPTIVE-CORE-OWNERSHIP-CHAMPION-X	V040	exp: record adaptive core ownership V040 local result	6321ad4427b1819d172c719ebde190eb447ce9ae	ecef96b5259a6ab068f156d52e2e1dcd618f1b75	503b98cb22ae88798bb6bfca83a46676933f3600	本地实验/ADAPTIVE-CORE-OWNERSHIP-CHAMPION-X/V040/logs/local-20261006T195519Z-runner.log	100644	1757052aba447c54126223b051e8fd64e1d62d49	证据集成/W3/Batch-08-R2/R2/V040/logs/local-20261006T195519Z-runner.log	COPY	LOCAL_RUN_LOG		original bytes
W3-R2-ADAPTIVE-CORE-OWNERSHIP-CHAMPION-X	V040	exp: record adaptive core ownership V040 local result	6321ad4427b1819d172c719ebde190eb447ce9ae	ecef96b5259a6ab068f156d52e2e1dcd618f1b75	503b98cb22ae88798bb6bfca83a46676933f3600	本地实验/ADAPTIVE-CORE-OWNERSHIP-CHAMPION-X/V040/logs/post-local-20261006T195619Z-proc-mem.txt	100644	60612d9f47aba207884b819608ba0b3f7632590d	证据集成/W3/Batch-08-R2/R2/V040/logs/post-local-20261006T195619Z-proc-mem.txt	COPY	LOCAL_CONTEXT_LOG		original bytes
W3-R2-ADAPTIVE-CORE-OWNERSHIP-CHAMPION-X	V040	exp: record adaptive core ownership V040 local result	6321ad4427b1819d172c719ebde190eb447ce9ae	ecef96b5259a6ab068f156d52e2e1dcd618f1b75	503b98cb22ae88798bb6bfca83a46676933f3600	本地实验/ADAPTIVE-CORE-OWNERSHIP-CHAMPION-X/V040/logs/server3-transfer-compile-20261006T195225Z.log	100644	592cba051f5f1cf2842fac1c50326e829b8205a4	证据集成/W3/Batch-08-R2/R2/V040/logs/server3-transfer-compile-20261006T195225Z.log	COPY	COMPILE_LOG		original bytes
W3-R2-ADAPTIVE-CORE-OWNERSHIP-CHAMPION-X	V040	exp: record adaptive core ownership V040 local result	6321ad4427b1819d172c719ebde190eb447ce9ae	ecef96b5259a6ab068f156d52e2e1dcd618f1b75	503b98cb22ae88798bb6bfca83a46676933f3600	本地实验/ADAPTIVE-CORE-OWNERSHIP-CHAMPION-X/V040/parent-source.json	100644	fa1f02f6c633151779ca8551887e2ebd65cec043	证据集成/W3/Batch-08-R2/R2/V040/parent-source.json	COPY	SOURCE_METADATA		original bytes
W3-R2-ADAPTIVE-CORE-OWNERSHIP-CHAMPION-X	V040	exp: record adaptive core ownership V040 local result	6321ad4427b1819d172c719ebde190eb447ce9ae	ecef96b5259a6ab068f156d52e2e1dcd618f1b75	503b98cb22ae88798bb6bfca83a46676933f3600	本地实验/ADAPTIVE-CORE-OWNERSHIP-CHAMPION-X/V040/parent.asc	100644	badd4a7c0367e25611d88ba9b7e5ee5c8060302d		EXCLUDE	PARENT_KERNEL_SOURCE	D019	kernel source omitted; source blob id retained
W3-R2-ADAPTIVE-CORE-OWNERSHIP-CHAMPION-X	V040	exp: record adaptive core ownership V040 local result	6321ad4427b1819d172c719ebde190eb447ce9ae	ecef96b5259a6ab068f156d52e2e1dcd618f1b75	503b98cb22ae88798bb6bfca83a46676933f3600	本地实验/ADAPTIVE-CORE-OWNERSHIP-CHAMPION-X/V040/run_server3.sh	100644	28220ce5b52c2336f856a78b2f173d568e3b4b7e		EXCLUDE	BUILD_OR_RUN_SCRIPT		script omitted
W3-R2-ADAPTIVE-CORE-OWNERSHIP-CHAMPION-X	V040	exp: record adaptive core ownership V040 local result	6321ad4427b1819d172c719ebde190eb447ce9ae	ecef96b5259a6ab068f156d52e2e1dcd618f1b75	503b98cb22ae88798bb6bfca83a46676933f3600	本地实验/ADAPTIVE-CORE-OWNERSHIP-CHAMPION-X/V040/submission.asc	100644	79ee5c81251d46b06a7f491e6c37418c95e68228		EXCLUDE	CANDIDATE_KERNEL_SOURCE		kernel source omitted; source blob id retained
W3-R2-ADAPTIVE-CORE-OWNERSHIP-CHAMPION-X	V040	exp: record adaptive core ownership V040 local result	6321ad4427b1819d172c719ebde190eb447ce9ae	ecef96b5259a6ab068f156d52e2e1dcd618f1b75	503b98cb22ae88798bb6bfca83a46676933f3600	本地实验/ADAPTIVE-CORE-OWNERSHIP-CHAMPION-X/V040/support/build_on_server3.sh	100644	72e211bd3b1e8c748afce028d74d831c3c51d533		EXCLUDE	BUILD_OR_RUN_SCRIPT		script omitted
W3-R2-ADAPTIVE-CORE-OWNERSHIP-CHAMPION-X	V040	exp: record adaptive core ownership V040 local result	6321ad4427b1819d172c719ebde190eb447ce9ae	ecef96b5259a6ab068f156d52e2e1dcd618f1b75	503b98cb22ae88798bb6bfca83a46676933f3600	本地实验/ADAPTIVE-CORE-OWNERSHIP-CHAMPION-X/V040/support/candidate_entry.asc	100644	18e027bae25362b967ed9de7161661b7d178b00f		EXCLUDE	CANDIDATE_KERNEL_SOURCE	D003	kernel source omitted; source blob id retained
W3-R2-ADAPTIVE-CORE-OWNERSHIP-CHAMPION-X	V040	exp: record adaptive core ownership V040 local result	6321ad4427b1819d172c719ebde190eb447ce9ae	ecef96b5259a6ab068f156d52e2e1dcd618f1b75	503b98cb22ae88798bb6bfca83a46676933f3600	本地实验/ADAPTIVE-CORE-OWNERSHIP-CHAMPION-X/V040/support/judge_types.hpp	100644	805d14e5125e17ebb48f4cd189640098214b869f		EXCLUDE	C_CPP_SUPPORT_SOURCE	D014	support source omitted; source blob id retained
W3-R2-ADAPTIVE-CORE-OWNERSHIP-CHAMPION-X	V040	exp: record adaptive core ownership V040 local result	6321ad4427b1819d172c719ebde190eb447ce9ae	ecef96b5259a6ab068f156d52e2e1dcd618f1b75	503b98cb22ae88798bb6bfca83a46676933f3600	本地实验/ADAPTIVE-CORE-OWNERSHIP-CHAMPION-X/V040/support/parent_entry.asc	100644	7d992a0cb5ee7975373cd6a081171ea2d0e7a338		EXCLUDE	PARENT_KERNEL_SOURCE	D013	kernel source omitted; source blob id retained
W3-R2-ADAPTIVE-CORE-OWNERSHIP-CHAMPION-X	V040	exp: record adaptive core ownership V040 local result	6321ad4427b1819d172c719ebde190eb447ce9ae	ecef96b5259a6ab068f156d52e2e1dcd618f1b75	503b98cb22ae88798bb6bfca83a46676933f3600	本地实验/ADAPTIVE-CORE-OWNERSHIP-CHAMPION-X/V040/support/probe.cpp	100644	a89a42fca0d46f34f90ec122dfe4b52ae266fb49		EXCLUDE	C_CPP_SUPPORT_SOURCE	D018	support source omitted; source blob id retained
