SNAPSHOT_UTC=2026-10-08T07:47:58Z

=== npu-smi info ===
+------------------------------------------------------------------------------------------------+
| npu-smi 25.0.rc1.1               Version: 25.0.rc1.1                                           |
+---------------------------+---------------+----------------------------------------------------+
| NPU   Name                | Health        | Power(W)    Temp(C)           Hugepages-Usage(page)|
| Chip                      | Bus-Id        | AICore(%)   Memory-Usage(MB)  HBM-Usage(MB)        |
+===========================+===============+====================================================+
| 0     910B3               | OK            | 116.8       40                0    / 0             |
| 0                         | 0000:C1:00.0  | 1           0    / 0          4813 / 65536         |
+===========================+===============+====================================================+
| 1     910B3               | OK            | 107.1       41                0    / 0             |
| 0                         | 0000:C2:00.0  | 2           0    / 0          24083/ 65536         |
+===========================+===============+====================================================+
| 2     910B3               | OK            | 99.2        40                0    / 0             |
| 0                         | 0000:81:00.0  | 1           0    / 0          6436 / 65536         |
+===========================+===============+====================================================+
| 3     910B3               | OK            | 94.5        39                0    / 0             |
| 0                         | 0000:82:00.0  | 0           0    / 0          3428 / 65536         |
+===========================+===============+====================================================+
| 4     910B3               | OK            | 200.3       64                0    / 0             |
| 0                         | 0000:01:00.0  | 57          0    / 0          59193/ 65536         |
+===========================+===============+====================================================+
| 5     910B3               | OK            | 237.4       54                0    / 0             |
| 0                         | 0000:02:00.0  | 43          0    / 0          60222/ 65536         |
+===========================+===============+====================================================+
| 6     910B3               | OK            | 241.7       55                0    / 0             |
| 0                         | 0000:41:00.0  | 44          0    / 0          60222/ 65536         |
+===========================+===============+====================================================+
| 7     910B3               | OK            | 178.2       53                0    / 0             |
| 0                         | 0000:42:00.0  | 3           0    / 0          28832/ 65536         |
+===========================+===============+====================================================+
+---------------------------+---------------+----------------------------------------------------+
| NPU     Chip              | Process id    | Process name             | Process memory(MB)      |
+===========================+===============+====================================================+
| 0       0                 | 251901        | python                   | 1434                    |
+===========================+===============+====================================================+
| 1       0                 | 3150467       | python                   | 5748                    |
| 1       0                 | 203339        | python                   | 14955                   |
+===========================+===============+====================================================+
| 2       0                 | 2532306       | python                   | 3066                    |
+===========================+===============+====================================================+
| No running processes found in NPU 3                                                            |
+===========================+===============+====================================================+
| 4       0                 | 2999855       | VLLMEngineCor            | 55666                   |
+===========================+===============+====================================================+
| 5       0                 | 89602         | VLLMWorker_TP            | 56700                   |
+===========================+===============+====================================================+
| 6       0                 | 91228         | VLLMWorker_TP            | 56701                   |
+===========================+===============+====================================================+
| 7       0                 | 439848        | python3                  | 21260                   |
| 7       0                 | 2532308       | python                   | 4094                    |
+===========================+===============+====================================================+

=== relevant host processes ===
   5048       1 Ss   242-19:21:40 networkd-dispat /usr/bin/python3 /usr/bin/networkd-dispatcher --run-startup-triggers
   5328       1 Ssl  242-19:21:40 unattended-upgr /usr/bin/python3 /usr/share/unattended-upgrades/unattended-upgrade-shutdown --wait-for-signal
   8992 2937312 Ss+  51-18:50:14 watch           watch -n 2 npu-smi info
  82397   82370 Ssl  16-01:19:57 vllm            /usr/local/python3.12.13/bin/python3 /usr/local/python3.12.13/bin/vllm serve /models/Qwen3.8-27B-w8a8 --host 0.0.0.0 --port 9001 --tensor-parallel-size 4 --quantization ascend --served-model-name qwen3.8 --max-model-len 256000 --max-num-seqs 8 --max-num-batched-tokens 8192 --gpu-memory-utilization 0.90 --enable-prefix-caching --trust-remote-code --reasoning-parser qwen3 --enable-auto-tool-choice --tool-call-parser qwen3_coder
  83352   83328 Ssl  16-01:19:47 vllm            /usr/local/python3.12.13/bin/python3 /usr/local/python3.12.13/bin/vllm serve /models/Qwen3.8-27B-w8a8 --host 0.0.0.0 --port 9002 --tensor-parallel-size 2 --quantization ascend --served-model-name qwen3.8 --max-model-len 256000 --max-num-seqs 8 --max-num-batched-tokens 8192 --gpu-memory-utilization 0.90 --enable-prefix-caching --trust-remote-code --reasoning-parser qwen3 --enable-auto-tool-choice --tool-call-parser qwen3_coder
  87335   82397 S    16-01:19:07 python3         /usr/local/python3.12.13/bin/python3 -c from multiprocessing.resource_tracker import main;main(35)
  87669   83352 S    16-01:19:03 python3         /usr/local/python3.12.13/bin/python3 -c from multiprocessing.resource_tracker import main;main(35)
  95970   89602 Sl   16-01:17:31 python3         /usr/local/python3.12.13/bin/python3 -c from multiprocessing.spawn import spawn_main; spawn_main(tracker_fd=36, pipe_handle=88) --multiprocessing-fork
  96143   91228 Sl   16-01:17:29 python3         /usr/local/python3.12.13/bin/python3 -c from multiprocessing.spawn import spawn_main; spawn_main(tracker_fd=36, pipe_handle=77) --multiprocessing-fork
  96830   89602 S    16-01:17:22 python3         /usr/local/python3.12.13/bin/python3 -c from multiprocessing.forkserver import main; main(85, 87, [], **{})
  96848   96830 S    16-01:17:22 python3         /usr/local/python3.12.13/bin/python3 -c from multiprocessing.forkserver import main; main(85, 87, [], **{})
  96849   96830 S    16-01:17:22 python3         /usr/local/python3.12.13/bin/python3 -c from multiprocessing.forkserver import main; main(85, 87, [], **{})
  96850   96830 S    16-01:17:22 python3         /usr/local/python3.12.13/bin/python3 -c from multiprocessing.forkserver import main; main(85, 87, [], **{})
  96851   96830 S    16-01:17:22 python3         /usr/local/python3.12.13/bin/python3 -c from multiprocessing.forkserver import main; main(85, 87, [], **{})
  96853   96830 S    16-01:17:22 python3         /usr/local/python3.12.13/bin/python3 -c from multiprocessing.forkserver import main; main(85, 87, [], **{})
  96854   96830 S    16-01:17:22 python3         /usr/local/python3.12.13/bin/python3 -c from multiprocessing.forkserver import main; main(85, 87, [], **{})
  96855   96830 S    16-01:17:22 python3         /usr/local/python3.12.13/bin/python3 -c from multiprocessing.forkserver import main; main(85, 87, [], **{})
  96856   96830 S    16-01:17:22 python3         /usr/local/python3.12.13/bin/python3 -c from multiprocessing.forkserver import main; main(85, 87, [], **{})
  96857   96830 S    16-01:17:22 python3         /usr/local/python3.12.13/bin/python3 -c from multiprocessing.forkserver import main; main(85, 87, [], **{})
  96891   96830 S    16-01:17:22 python3         /usr/local/python3.12.13/bin/python3 -c from multiprocessing.forkserver import main; main(85, 87, [], **{})
  96892   96830 S    16-01:17:22 python3         /usr/local/python3.12.13/bin/python3 -c from multiprocessing.forkserver import main; main(85, 87, [], **{})
  96893   96830 S    16-01:17:22 python3         /usr/local/python3.12.13/bin/python3 -c from multiprocessing.forkserver import main; main(85, 87, [], **{})
  96894   96830 S    16-01:17:22 python3         /usr/local/python3.12.13/bin/python3 -c from multiprocessing.forkserver import main; main(85, 87, [], **{})
  96895   96830 S    16-01:17:22 python3         /usr/local/python3.12.13/bin/python3 -c from multiprocessing.forkserver import main; main(85, 87, [], **{})
  96896   96830 S    16-01:17:22 python3         /usr/local/python3.12.13/bin/python3 -c from multiprocessing.forkserver import main; main(85, 87, [], **{})
  96897   96830 S    16-01:17:22 python3         /usr/local/python3.12.13/bin/python3 -c from multiprocessing.forkserver import main; main(85, 87, [], **{})
  96898   96830 S    16-01:17:22 python3         /usr/local/python3.12.13/bin/python3 -c from multiprocessing.forkserver import main; main(85, 87, [], **{})
  97110   91228 S    16-01:17:20 python3         /usr/local/python3.12.13/bin/python3 -c from multiprocessing.forkserver import main; main(74, 76, [], **{})
  97116   97110 S    16-01:17:20 python3         /usr/local/python3.12.13/bin/python3 -c from multiprocessing.forkserver import main; main(74, 76, [], **{})
  97118   97110 S    16-01:17:20 python3         /usr/local/python3.12.13/bin/python3 -c from multiprocessing.forkserver import main; main(74, 76, [], **{})
  97120   97110 S    16-01:17:20 python3         /usr/local/python3.12.13/bin/python3 -c from multiprocessing.forkserver import main; main(74, 76, [], **{})
  97121   97110 S    16-01:17:20 python3         /usr/local/python3.12.13/bin/python3 -c from multiprocessing.forkserver import main; main(74, 76, [], **{})
  97122   97110 S    16-01:17:20 python3         /usr/local/python3.12.13/bin/python3 -c from multiprocessing.forkserver import main; main(74, 76, [], **{})
  97123   97110 S    16-01:17:20 python3         /usr/local/python3.12.13/bin/python3 -c from multiprocessing.forkserver import main; main(74, 76, [], **{})
  97124   97110 S    16-01:17:20 python3         /usr/local/python3.12.13/bin/python3 -c from multiprocessing.forkserver import main; main(74, 76, [], **{})
  97125   97110 S    16-01:17:20 python3         /usr/local/python3.12.13/bin/python3 -c from multiprocessing.forkserver import main; main(74, 76, [], **{})
  97126   97110 S    16-01:17:20 python3         /usr/local/python3.12.13/bin/python3 -c from multiprocessing.forkserver import main; main(74, 76, [], **{})
  97157   97110 S    16-01:17:20 python3         /usr/local/python3.12.13/bin/python3 -c from multiprocessing.forkserver import main; main(74, 76, [], **{})
  97158   97110 S    16-01:17:20 python3         /usr/local/python3.12.13/bin/python3 -c from multiprocessing.forkserver import main; main(74, 76, [], **{})
  97159   97110 S    16-01:17:20 python3         /usr/local/python3.12.13/bin/python3 -c from multiprocessing.forkserver import main; main(74, 76, [], **{})
  97160   97110 S    16-01:17:20 python3         /usr/local/python3.12.13/bin/python3 -c from multiprocessing.forkserver import main; main(74, 76, [], **{})
  97161   97110 S    16-01:17:20 python3         /usr/local/python3.12.13/bin/python3 -c from multiprocessing.forkserver import main; main(74, 76, [], **{})
  97163   97110 S    16-01:17:20 python3         /usr/local/python3.12.13/bin/python3 -c from multiprocessing.forkserver import main; main(74, 76, [], **{})
  97166   97110 S    16-01:17:20 python3         /usr/local/python3.12.13/bin/python3 -c from multiprocessing.forkserver import main; main(74, 76, [], **{})
  97169   97110 S    16-01:17:20 python3         /usr/local/python3.12.13/bin/python3 -c from multiprocessing.forkserver import main; main(74, 76, [], **{})
  98516   94234 Sl      01:24:40 pet             /home/data4t1/wangjielei/.vscode-server/extensions/ms-python.vscode-python-envs-1.38.0-linux-arm64/python-env-tools/bin/pet server
 100247   82397 Z    16-01:16:54 pytho <defunct> [python3] <defunct>
 100272   82397 Z    16-01:16:54 pytho <defunct> [python3] <defunct>
 100372   82397 Sl   16-01:16:53 python3         /usr/local/python3.12.13/bin/python3 -c from multiprocessing.spawn import spawn_main; spawn_main(tracker_fd=36, pipe_handle=85) --multiprocessing-fork
 100434   82397 Z    16-01:16:52 pytho <defunct> [python3] <defunct>
 101149   82397 Z    16-01:16:45 pytho <defunct> [python3] <defunct>
 101158   82397 Z    16-01:16:45 pytho <defunct> [python3] <defunct>
 101161   82397 Z    16-01:16:45 pytho <defunct> [python3] <defunct>
 101163   82397 Z    16-01:16:45 pytho <defunct> [python3] <defunct>
 101164   82397 Z    16-01:16:45 pytho <defunct> [python3] <defunct>
 101206   94234 Sl      01:24:33 python          /home/data4t1/wangjielei/anaconda3/bin/python /home/data4t1/wangjielei/.vscode-server/extensions/ms-python.autopep8-2026.4.0/bundled/tool/lsp_server.py
 101220   82397 Z    16-01:16:45 pytho <defunct> [python3] <defunct>
 101222   82397 Z    16-01:16:45 pytho <defunct> [python3] <defunct>
 101223   82397 Z    16-01:16:45 pytho <defunct> [python3] <defunct>
 101224   82397 Z    16-01:16:45 pytho <defunct> [python3] <defunct>
 101225   82397 Z    16-01:16:45 pytho <defunct> [python3] <defunct>
 101226   82397 Z    16-01:16:45 pytho <defunct> [python3] <defunct>
 101227   82397 Z    16-01:16:45 pytho <defunct> [python3] <defunct>
 101228   82397 Z    16-01:16:45 pytho <defunct> [python3] <defunct>
 101229   82397 Z    16-01:16:45 pytho <defunct> [python3] <defunct>
 101230   82397 Z    16-01:16:45 pytho <defunct> [python3] <defunct>
 101267   82397 Z    16-01:16:45 pytho <defunct> [python3] <defunct>
 101268   82397 Z    16-01:16:45 pytho <defunct> [python3] <defunct>
 101269   82397 Z    16-01:16:45 pytho <defunct> [python3] <defunct>
 101270   82397 Z    16-01:16:45 pytho <defunct> [python3] <defunct>
 101271   82397 Z    16-01:16:45 pytho <defunct> [python3] <defunct>
 101272   82397 Z    16-01:16:45 pytho <defunct> [python3] <defunct>
 101273   82397 Z    16-01:16:45 pytho <defunct> [python3] <defunct>
 101274   82397 Z    16-01:16:45 pytho <defunct> [python3] <defunct>
 101337   94234 Sl      01:24:32 MainThread      /home/data4t1/wangjielei/.vscode-server/cli/servers/Stable-7debcd0e2acdea1c52de81bf9ee1620444407dda/server/node /home/data4t1/wangjielei/.vscode-server/extensions/ms-python.vscode-pylance-2026.4.1/dist/server.bundle.js --cancellationReceive=file:b4186f51865faf66de95bf4967d814132c363b3d27 --node-ipc --clientProcessId=94234
 101463   82397 S    16-01:16:44 python3         /usr/local/python3.12.13/bin/python3 -c from multiprocessing.forkserver import main; main(82, 84, [], **{})
 101467  101463 S    16-01:16:43 python3         /usr/local/python3.12.13/bin/python3 -c from multiprocessing.forkserver import main; main(82, 84, [], **{})
 101468  101463 S    16-01:16:43 python3         /usr/local/python3.12.13/bin/python3 -c from multiprocessing.forkserver import main; main(82, 84, [], **{})
 101469  101463 S    16-01:16:43 python3         /usr/local/python3.12.13/bin/python3 -c from multiprocessing.forkserver import main; main(82, 84, [], **{})
 101470  101463 S    16-01:16:43 python3         /usr/local/python3.12.13/bin/python3 -c from multiprocessing.forkserver import main; main(82, 84, [], **{})
 101471  101463 S    16-01:16:43 python3         /usr/local/python3.12.13/bin/python3 -c from multiprocessing.forkserver import main; main(82, 84, [], **{})
 101472  101463 S    16-01:16:43 python3         /usr/local/python3.12.13/bin/python3 -c from multiprocessing.forkserver import main; main(82, 84, [], **{})
 101473  101463 S    16-01:16:43 python3         /usr/local/python3.12.13/bin/python3 -c from multiprocessing.forkserver import main; main(82, 84, [], **{})
 101474  101463 S    16-01:16:43 python3         /usr/local/python3.12.13/bin/python3 -c from multiprocessing.forkserver import main; main(82, 84, [], **{})
 101475  101463 S    16-01:16:43 python3         /usr/local/python3.12.13/bin/python3 -c from multiprocessing.forkserver import main; main(82, 84, [], **{})
 102072   82397 Z    16-01:16:41 pytho <defunct> [python3] <defunct>
 102203   82397 Z    16-01:16:41 pytho <defunct> [python3] <defunct>
 102204   82397 Z    16-01:16:41 pytho <defunct> [python3] <defunct>
 102205   82397 Z    16-01:16:41 pytho <defunct> [python3] <defunct>
 102206   82397 Z    16-01:16:41 pytho <defunct> [python3] <defunct>
 102207   82397 Z    16-01:16:41 pytho <defunct> [python3] <defunct>
 102208   82397 Z    16-01:16:41 pytho <defunct> [python3] <defunct>
 102209   82397 Z    16-01:16:41 pytho <defunct> [python3] <defunct>
 102210   82397 Z    16-01:16:41 pytho <defunct> [python3] <defunct>
 102211   82397 Z    16-01:16:41 pytho <defunct> [python3] <defunct>
 102261   82397 Z    16-01:16:40 pytho <defunct> [python3] <defunct>
 102262   82397 Z    16-01:16:40 pytho <defunct> [python3] <defunct>
 102263   82397 Z    16-01:16:40 pytho <defunct> [python3] <defunct>
 102264   82397 Z    16-01:16:40 pytho <defunct> [python3] <defunct>
 102265   82397 Z    16-01:16:40 pytho <defunct> [python3] <defunct>
 102266   82397 Z    16-01:16:40 pytho <defunct> [python3] <defunct>
 102267   82397 Z    16-01:16:40 pytho <defunct> [python3] <defunct>
 102268   82397 Z    16-01:16:40 pytho <defunct> [python3] <defunct>
 203339  203306 Rl+     01:15:15 python          /home/data4t1/wangjielei/anaconda3/envs/dassl/bin/python train.py --root /home/data4t2/hxwDir/data --seed 1 --trainer CoOpPartCReliabilityCovTinyViT --dataset-config-file configs/datasets/long_tail/sun397_lt.yaml --config-file configs/trainers/CoOp/vit_b16_ep130_part_c_reliability_cov_tiny_vit.yaml --output-dir /home/data4t2/czhDir/PromptKD/output/part_c_reliability_cov_tiny_vit/5m_1k/sun397/seed1_if0.1/gated_kappa32_nu8_drift0_cov0.05_min2_eps1e-8 DATASET.NUM_SHOTS -1 DATASET.LONG_TAIL.IMB_FACTOR 0.1 DATASET.LONG_TAIL.SEED 0 DATALOADER.TRAIN_X.SAMPLER RandomSampler DATALOADER.TEST.BATCH_SIZE 16 OPTIM.MAX_EPOCH 130 TRAINER.COOP_THREE_STAGE_CSC.CSC_START_EPOCH 55 TRAINER.COOP_THREE_STAGE_CSC.PHASE2_LR 0.001 TRAINER.COOP_THREE_STAGE_CSC.PHASE3_LR 0.01 TRAINER.COOP_THREE_STAGE_CSC.BETA 0.9999 TRAINER.COOP_THREE_STAGE_VIT.VARIANT 5m TRAINER.COOP_THREE_STAGE_VIT.PRETRAINED_TYPE 1k TRAINER.COOP_THREE_STAGE_VIT.STUDENT_LR 0.00005 TRAINER.COOP_PART_C.MODE gated TRAINER.COOP_PART_C.KAPPA 32.000000000000 TRAINER.COOP_PART_C_RELIABILITY.PRIOR_STRENGTH 8.000000000000 TRAINER.COOP_PART_C_RELIABILITY.EPS 1.000000000000e-08 TRAINER.COOP_PART_C_RELIABILITY.DRIFT_WEIGHT 0.000000000000 TRAINER.COOP_THREE_STAGE_CSC_RELATIVE_COV.WEIGHT 5.000000000000e-02 TRAINER.COOP_THREE_STAGE_CSC_RELATIVE_COV.MIN_SAMPLES 2 TRAINER.COOP_THREE_STAGE_CSC_RELATIVE_COV.EPS 1.000000000000e-08
 209885  203339 Sl+     01:14:38 python          /home/data4t1/wangjielei/anaconda3/envs/dassl/bin/python train.py --root /home/data4t2/hxwDir/data --seed 1 --trainer CoOpPartCReliabilityCovTinyViT --dataset-config-file configs/datasets/long_tail/sun397_lt.yaml --config-file configs/trainers/CoOp/vit_b16_ep130_part_c_reliability_cov_tiny_vit.yaml --output-dir /home/data4t2/czhDir/PromptKD/output/part_c_reliability_cov_tiny_vit/5m_1k/sun397/seed1_if0.1/gated_kappa32_nu8_drift0_cov0.05_min2_eps1e-8 DATASET.NUM_SHOTS -1 DATASET.LONG_TAIL.IMB_FACTOR 0.1 DATASET.LONG_TAIL.SEED 0 DATALOADER.TRAIN_X.SAMPLER RandomSampler DATALOADER.TEST.BATCH_SIZE 16 OPTIM.MAX_EPOCH 130 TRAINER.COOP_THREE_STAGE_CSC.CSC_START_EPOCH 55 TRAINER.COOP_THREE_STAGE_CSC.PHASE2_LR 0.001 TRAINER.COOP_THREE_STAGE_CSC.PHASE3_LR 0.01 TRAINER.COOP_THREE_STAGE_CSC.BETA 0.9999 TRAINER.COOP_THREE_STAGE_VIT.VARIANT 5m TRAINER.COOP_THREE_STAGE_VIT.PRETRAINED_TYPE 1k TRAINER.COOP_THREE_STAGE_VIT.STUDENT_LR 0.00005 TRAINER.COOP_PART_C.MODE gated TRAINER.COOP_PART_C.KAPPA 32.000000000000 TRAINER.COOP_PART_C_RELIABILITY.PRIOR_STRENGTH 8.000000000000 TRAINER.COOP_PART_C_RELIABILITY.EPS 1.000000000000e-08 TRAINER.COOP_PART_C_RELIABILITY.DRIFT_WEIGHT 0.000000000000 TRAINER.COOP_THREE_STAGE_CSC_RELATIVE_COV.WEIGHT 5.000000000000e-02 TRAINER.COOP_THREE_STAGE_CSC_RELATIVE_COV.MIN_SAMPLES 2 TRAINER.COOP_THREE_STAGE_CSC_RELATIVE_COV.EPS 1.000000000000e-08
 209947  203339 S+      01:14:38 python          /home/data4t1/wangjielei/anaconda3/envs/dassl/bin/python -c from multiprocessing.resource_tracker import main;main(27)
 209948  203339 S+      01:14:38 python          /home/data4t1/wangjielei/anaconda3/envs/dassl/bin/python -c from multiprocessing.forkserver import main; main(27, 30, [], **{})
 209972  209948 Sl+     01:14:38 python          /home/data4t1/wangjielei/anaconda3/envs/dassl/bin/python -c from multiprocessing.forkserver import main; main(27, 30, [], **{})
 209973  209948 Sl+     01:14:38 python          /home/data4t1/wangjielei/anaconda3/envs/dassl/bin/python -c from multiprocessing.forkserver import main; main(27, 30, [], **{})
 209974  209948 Sl+     01:14:38 python          /home/data4t1/wangjielei/anaconda3/envs/dassl/bin/python -c from multiprocessing.forkserver import main; main(27, 30, [], **{})
 209975  209948 Sl+     01:14:38 python          /home/data4t1/wangjielei/anaconda3/envs/dassl/bin/python -c from multiprocessing.forkserver import main; main(27, 30, [], **{})
 209976  209948 Sl+     01:14:38 python          /home/data4t1/wangjielei/anaconda3/envs/dassl/bin/python -c from multiprocessing.forkserver import main; main(27, 30, [], **{})
 209977  209948 Sl+     01:14:38 python          /home/data4t1/wangjielei/anaconda3/envs/dassl/bin/python -c from multiprocessing.forkserver import main; main(27, 30, [], **{})
 209978  209948 Sl+     01:14:38 python          /home/data4t1/wangjielei/anaconda3/envs/dassl/bin/python -c from multiprocessing.forkserver import main; main(27, 30, [], **{})
 209979  209948 Sl+     01:14:38 python          /home/data4t1/wangjielei/anaconda3/envs/dassl/bin/python -c from multiprocessing.forkserver import main; main(27, 30, [], **{})
 209980  209948 Sl+     01:14:38 python          /home/data4t1/wangjielei/anaconda3/envs/dassl/bin/python -c from multiprocessing.forkserver import main; main(27, 30, [], **{})
 210158  209948 Sl+     01:14:37 python          /home/data4t1/wangjielei/anaconda3/envs/dassl/bin/python -c from multiprocessing.forkserver import main; main(27, 30, [], **{})
 210159  209948 Sl+     01:14:37 python          /home/data4t1/wangjielei/anaconda3/envs/dassl/bin/python -c from multiprocessing.forkserver import main; main(27, 30, [], **{})
 210160  209948 Sl+     01:14:37 python          /home/data4t1/wangjielei/anaconda3/envs/dassl/bin/python -c from multiprocessing.forkserver import main; main(27, 30, [], **{})
 210162  209948 Sl+     01:14:37 python          /home/data4t1/wangjielei/anaconda3/envs/dassl/bin/python -c from multiprocessing.forkserver import main; main(27, 30, [], **{})
 210165  209948 Sl+     01:14:37 python          /home/data4t1/wangjielei/anaconda3/envs/dassl/bin/python -c from multiprocessing.forkserver import main; main(27, 30, [], **{})
 210166  209948 Sl+     01:14:37 python          /home/data4t1/wangjielei/anaconda3/envs/dassl/bin/python -c from multiprocessing.forkserver import main; main(27, 30, [], **{})
 210169  209948 Sl+     01:14:37 python          /home/data4t1/wangjielei/anaconda3/envs/dassl/bin/python -c from multiprocessing.forkserver import main; main(27, 30, [], **{})
 210170  209948 Sl+     01:14:37 python          /home/data4t1/wangjielei/anaconda3/envs/dassl/bin/python -c from multiprocessing.forkserver import main; main(27, 30, [], **{})
 210171  209948 Sl+     01:14:37 python          /home/data4t1/wangjielei/anaconda3/envs/dassl/bin/python -c from multiprocessing.forkserver import main; main(27, 30, [], **{})
 210172  209948 Sl+     01:14:37 python          /home/data4t1/wangjielei/anaconda3/envs/dassl/bin/python -c from multiprocessing.forkserver import main; main(27, 30, [], **{})
 210173  209948 Sl+     01:14:37 python          /home/data4t1/wangjielei/anaconda3/envs/dassl/bin/python -c from multiprocessing.forkserver import main; main(27, 30, [], **{})
 210174  209948 Sl+     01:14:37 python          /home/data4t1/wangjielei/anaconda3/envs/dassl/bin/python -c from multiprocessing.forkserver import main; main(27, 30, [], **{})
 210176  209948 Sl+     01:14:37 python          /home/data4t1/wangjielei/anaconda3/envs/dassl/bin/python -c from multiprocessing.forkserver import main; main(27, 30, [], **{})
 210177  209948 Sl+     01:14:37 python          /home/data4t1/wangjielei/anaconda3/envs/dassl/bin/python -c from multiprocessing.forkserver import main; main(27, 30, [], **{})
 210178  209948 Sl+     01:14:37 python          /home/data4t1/wangjielei/anaconda3/envs/dassl/bin/python -c from multiprocessing.forkserver import main; main(27, 30, [], **{})
 210179  209948 Sl+     01:14:37 python          /home/data4t1/wangjielei/anaconda3/envs/dassl/bin/python -c from multiprocessing.forkserver import main; main(27, 30, [], **{})
 210181  209948 Sl+     01:14:37 python          /home/data4t1/wangjielei/anaconda3/envs/dassl/bin/python -c from multiprocessing.forkserver import main; main(27, 30, [], **{})
 210185  209948 Sl+     01:14:37 python          /home/data4t1/wangjielei/anaconda3/envs/dassl/bin/python -c from multiprocessing.forkserver import main; main(27, 30, [], **{})
 210186  209948 Sl+     01:14:37 python          /home/data4t1/wangjielei/anaconda3/envs/dassl/bin/python -c from multiprocessing.forkserver import main; main(27, 30, [], **{})
 210188  209948 Sl+     01:14:37 python          /home/data4t1/wangjielei/anaconda3/envs/dassl/bin/python -c from multiprocessing.forkserver import main; main(27, 30, [], **{})
 210192  209948 Sl+     01:14:37 python          /home/data4t1/wangjielei/anaconda3/envs/dassl/bin/python -c from multiprocessing.forkserver import main; main(27, 30, [], **{})
 210193  209948 Sl+     01:14:37 python          /home/data4t1/wangjielei/anaconda3/envs/dassl/bin/python -c from multiprocessing.forkserver import main; main(27, 30, [], **{})
 210194  209948 Sl+     01:14:37 python          /home/data4t1/wangjielei/anaconda3/envs/dassl/bin/python -c from multiprocessing.forkserver import main; main(27, 30, [], **{})
 210197  209948 Sl+     01:14:37 python          /home/data4t1/wangjielei/anaconda3/envs/dassl/bin/python -c from multiprocessing.forkserver import main; main(27, 30, [], **{})
 210198  209948 Sl+     01:14:37 python          /home/data4t1/wangjielei/anaconda3/envs/dassl/bin/python -c from multiprocessing.forkserver import main; main(27, 30, [], **{})
 210199  209948 Sl+     01:14:37 python          /home/data4t1/wangjielei/anaconda3/envs/dassl/bin/python -c from multiprocessing.forkserver import main; main(27, 30, [], **{})
 210200  209948 Sl+     01:14:37 python          /home/data4t1/wangjielei/anaconda3/envs/dassl/bin/python -c from multiprocessing.forkserver import main; main(27, 30, [], **{})
 210201  209948 Sl+     01:14:37 python          /home/data4t1/wangjielei/anaconda3/envs/dassl/bin/python -c from multiprocessing.forkserver import main; main(27, 30, [], **{})
 210202  209948 Sl+     01:14:37 python          /home/data4t1/wangjielei/anaconda3/envs/dassl/bin/python -c from multiprocessing.forkserver import main; main(27, 30, [], **{})
 210203  209948 Sl+     01:14:37 python          /home/data4t1/wangjielei/anaconda3/envs/dassl/bin/python -c from multiprocessing.forkserver import main; main(27, 30, [], **{})
 210204  209948 Sl+     01:14:37 python          /home/data4t1/wangjielei/anaconda3/envs/dassl/bin/python -c from multiprocessing.forkserver import main; main(27, 30, [], **{})
 210205  209948 Sl+     01:14:37 python          /home/data4t1/wangjielei/anaconda3/envs/dassl/bin/python -c from multiprocessing.forkserver import main; main(27, 30, [], **{})
 239676 1182483 Sl+     01:11:58 nputop          /home/data4t1/hxw/anaconda3/bin/python3.10 /home/data4t1/hxw/anaconda3/bin/nputop
 251901  251890 Sl+     01:10:26 python          /home/data4t1/wangjielei/anaconda3/envs/dassl/bin/python train.py --root /home/data4t2/czhDir/data --seed 1 --trainer CoOpPartCReliabilityCovTinyViT --dataset-config-file configs/datasets/cifar100_lt_if0.1.yaml --config-file configs/trainers/CoOp/vit_b16_ep130_part_c_reliability_cov_tiny_vit.yaml --output-dir /home/data4t2/czhDir/PromptKD/output/part_c_reliability_cov_tiny_vit/5m_1k/cifar100/seed1_if0.1/gated_kappa32_nu8_drift0_cov0.05_min2_eps1e-8 DATASET.NUM_SHOTS -1 DATASET.CIFAR100_LT.IMB_FACTOR 0.1 DATASET.CIFAR100_LT.SEED 0 DATALOADER.TRAIN_X.SAMPLER RandomSampler DATALOADER.TEST.BATCH_SIZE 16 OPTIM.MAX_EPOCH 130 TRAINER.COOP_THREE_STAGE_CSC.CSC_START_EPOCH 55 TRAINER.COOP_THREE_STAGE_CSC.PHASE2_LR 0.001 TRAINER.COOP_THREE_STAGE_CSC.PHASE3_LR 0.01 TRAINER.COOP_THREE_STAGE_CSC.BETA 0.9999 TRAINER.COOP_THREE_STAGE_VIT.VARIANT 5m TRAINER.COOP_THREE_STAGE_VIT.PRETRAINED_TYPE 1k TRAINER.COOP_THREE_STAGE_VIT.STUDENT_LR 0.00005 TRAINER.COOP_PART_C.MODE gated TRAINER.COOP_PART_C.KAPPA 32.000000000000 TRAINER.COOP_PART_C_RELIABILITY.PRIOR_STRENGTH 8.000000000000 TRAINER.COOP_PART_C_RELIABILITY.EPS 1.000000000000e-08 TRAINER.COOP_PART_C_RELIABILITY.DRIFT_WEIGHT 0.000000000000 TRAINER.COOP_THREE_STAGE_CSC_RELATIVE_COV.WEIGHT 5.000000000000e-02 TRAINER.COOP_THREE_STAGE_CSC_RELATIVE_COV.MIN_SAMPLES 2 TRAINER.COOP_THREE_STAGE_CSC_RELATIVE_COV.EPS 1.000000000000e-08
 258803  251901 Sl+     01:09:49 python          /home/data4t1/wangjielei/anaconda3/envs/dassl/bin/python train.py --root /home/data4t2/czhDir/data --seed 1 --trainer CoOpPartCReliabilityCovTinyViT --dataset-config-file configs/datasets/cifar100_lt_if0.1.yaml --config-file configs/trainers/CoOp/vit_b16_ep130_part_c_reliability_cov_tiny_vit.yaml --output-dir /home/data4t2/czhDir/PromptKD/output/part_c_reliability_cov_tiny_vit/5m_1k/cifar100/seed1_if0.1/gated_kappa32_nu8_drift0_cov0.05_min2_eps1e-8 DATASET.NUM_SHOTS -1 DATASET.CIFAR100_LT.IMB_FACTOR 0.1 DATASET.CIFAR100_LT.SEED 0 DATALOADER.TRAIN_X.SAMPLER RandomSampler DATALOADER.TEST.BATCH_SIZE 16 OPTIM.MAX_EPOCH 130 TRAINER.COOP_THREE_STAGE_CSC.CSC_START_EPOCH 55 TRAINER.COOP_THREE_STAGE_CSC.PHASE2_LR 0.001 TRAINER.COOP_THREE_STAGE_CSC.PHASE3_LR 0.01 TRAINER.COOP_THREE_STAGE_CSC.BETA 0.9999 TRAINER.COOP_THREE_STAGE_VIT.VARIANT 5m TRAINER.COOP_THREE_STAGE_VIT.PRETRAINED_TYPE 1k TRAINER.COOP_THREE_STAGE_VIT.STUDENT_LR 0.00005 TRAINER.COOP_PART_C.MODE gated TRAINER.COOP_PART_C.KAPPA 32.000000000000 TRAINER.COOP_PART_C_RELIABILITY.PRIOR_STRENGTH 8.000000000000 TRAINER.COOP_PART_C_RELIABILITY.EPS 1.000000000000e-08 TRAINER.COOP_PART_C_RELIABILITY.DRIFT_WEIGHT 0.000000000000 TRAINER.COOP_THREE_STAGE_CSC_RELATIVE_COV.WEIGHT 5.000000000000e-02 TRAINER.COOP_THREE_STAGE_CSC_RELATIVE_COV.MIN_SAMPLES 2 TRAINER.COOP_THREE_STAGE_CSC_RELATIVE_COV.EPS 1.000000000000e-08
 258889  251901 S+      01:09:48 python          /home/data4t1/wangjielei/anaconda3/envs/dassl/bin/python -c from multiprocessing.resource_tracker import main;main(27)
 258890  251901 S+      01:09:48 python          /home/data4t1/wangjielei/anaconda3/envs/dassl/bin/python -c from multiprocessing.forkserver import main; main(27, 30, [], **{})
 258899  258890 Sl+     01:09:48 python          /home/data4t1/wangjielei/anaconda3/envs/dassl/bin/python -c from multiprocessing.forkserver import main; main(27, 30, [], **{})
 258900  258890 Sl+     01:09:48 python          /home/data4t1/wangjielei/anaconda3/envs/dassl/bin/python -c from multiprocessing.forkserver import main; main(27, 30, [], **{})
 258901  258890 Sl+     01:09:48 python          /home/data4t1/wangjielei/anaconda3/envs/dassl/bin/python -c from multiprocessing.forkserver import main; main(27, 30, [], **{})
 258902  258890 Sl+     01:09:48 python          /home/data4t1/wangjielei/anaconda3/envs/dassl/bin/python -c from multiprocessing.forkserver import main; main(27, 30, [], **{})
 258903  258890 Sl+     01:09:48 python          /home/data4t1/wangjielei/anaconda3/envs/dassl/bin/python -c from multiprocessing.forkserver import main; main(27, 30, [], **{})
 258904  258890 Sl+     01:09:48 python          /home/data4t1/wangjielei/anaconda3/envs/dassl/bin/python -c from multiprocessing.forkserver import main; main(27, 30, [], **{})
 258905  258890 Sl+     01:09:48 python          /home/data4t1/wangjielei/anaconda3/envs/dassl/bin/python -c from multiprocessing.forkserver import main; main(27, 30, [], **{})
 258906  258890 Sl+     01:09:48 python          /home/data4t1/wangjielei/anaconda3/envs/dassl/bin/python -c from multiprocessing.forkserver import main; main(27, 30, [], **{})
 258907  258890 Sl+     01:09:48 python          /home/data4t1/wangjielei/anaconda3/envs/dassl/bin/python -c from multiprocessing.forkserver import main; main(27, 30, [], **{})
 259155  258890 Sl+     01:09:47 python          /home/data4t1/wangjielei/anaconda3/envs/dassl/bin/python -c from multiprocessing.forkserver import main; main(27, 30, [], **{})
 259156  258890 Sl+     01:09:47 python          /home/data4t1/wangjielei/anaconda3/envs/dassl/bin/python -c from multiprocessing.forkserver import main; main(27, 30, [], **{})
 259157  258890 Sl+     01:09:47 python          /home/data4t1/wangjielei/anaconda3/envs/dassl/bin/python -c from multiprocessing.forkserver import main; main(27, 30, [], **{})
 259158  258890 Sl+     01:09:47 python          /home/data4t1/wangjielei/anaconda3/envs/dassl/bin/python -c from multiprocessing.forkserver import main; main(27, 30, [], **{})
 259159  258890 Sl+     01:09:47 python          /home/data4t1/wangjielei/anaconda3/envs/dassl/bin/python -c from multiprocessing.forkserver import main; main(27, 30, [], **{})
 259160  258890 Sl+     01:09:47 python          /home/data4t1/wangjielei/anaconda3/envs/dassl/bin/python -c from multiprocessing.forkserver import main; main(27, 30, [], **{})
 259161  258890 Sl+     01:09:47 python          /home/data4t1/wangjielei/anaconda3/envs/dassl/bin/python -c from multiprocessing.forkserver import main; main(27, 30, [], **{})
 259162  258890 Sl+     01:09:47 python          /home/data4t1/wangjielei/anaconda3/envs/dassl/bin/python -c from multiprocessing.forkserver import main; main(27, 30, [], **{})
 259163  258890 Sl+     01:09:47 python          /home/data4t1/wangjielei/anaconda3/envs/dassl/bin/python -c from multiprocessing.forkserver import main; main(27, 30, [], **{})
 259164  258890 Sl+     01:09:47 python          /home/data4t1/wangjielei/anaconda3/envs/dassl/bin/python -c from multiprocessing.forkserver import main; main(27, 30, [], **{})
 259165  258890 Sl+     01:09:47 python          /home/data4t1/wangjielei/anaconda3/envs/dassl/bin/python -c from multiprocessing.forkserver import main; main(27, 30, [], **{})
 259166  258890 Sl+     01:09:47 python          /home/data4t1/wangjielei/anaconda3/envs/dassl/bin/python -c from multiprocessing.forkserver import main; main(27, 30, [], **{})
 259167  258890 Sl+     01:09:47 python          /home/data4t1/wangjielei/anaconda3/envs/dassl/bin/python -c from multiprocessing.forkserver import main; main(27, 30, [], **{})
 259168  258890 Sl+     01:09:47 python          /home/data4t1/wangjielei/anaconda3/envs/dassl/bin/python -c from multiprocessing.forkserver import main; main(27, 30, [], **{})
 259169  258890 Sl+     01:09:47 python          /home/data4t1/wangjielei/anaconda3/envs/dassl/bin/python -c from multiprocessing.forkserver import main; main(27, 30, [], **{})
 259170  258890 Sl+     01:09:47 python          /home/data4t1/wangjielei/anaconda3/envs/dassl/bin/python -c from multiprocessing.forkserver import main; main(27, 30, [], **{})
 259171  258890 Sl+     01:09:47 python          /home/data4t1/wangjielei/anaconda3/envs/dassl/bin/python -c from multiprocessing.forkserver import main; main(27, 30, [], **{})
 259172  258890 Sl+     01:09:47 python          /home/data4t1/wangjielei/anaconda3/envs/dassl/bin/python -c from multiprocessing.forkserver import main; main(27, 30, [], **{})
 259173  258890 Sl+     01:09:47 python          /home/data4t1/wangjielei/anaconda3/envs/dassl/bin/python -c from multiprocessing.forkserver import main; main(27, 30, [], **{})
 259174  258890 Sl+     01:09:47 python          /home/data4t1/wangjielei/anaconda3/envs/dassl/bin/python -c from multiprocessing.forkserver import main; main(27, 30, [], **{})
 259175  258890 Sl+     01:09:47 python          /home/data4t1/wangjielei/anaconda3/envs/dassl/bin/python -c from multiprocessing.forkserver import main; main(27, 30, [], **{})
 259176  258890 Sl+     01:09:47 python          /home/data4t1/wangjielei/anaconda3/envs/dassl/bin/python -c from multiprocessing.forkserver import main; main(27, 30, [], **{})
 259177  258890 Sl+     01:09:47 python          /home/data4t1/wangjielei/anaconda3/envs/dassl/bin/python -c from multiprocessing.forkserver import main; main(27, 30, [], **{})
 259178  258890 Sl+     01:09:47 python          /home/data4t1/wangjielei/anaconda3/envs/dassl/bin/python -c from multiprocessing.forkserver import main; main(27, 30, [], **{})
 259179  258890 Sl+     01:09:47 python          /home/data4t1/wangjielei/anaconda3/envs/dassl/bin/python -c from multiprocessing.forkserver import main; main(27, 30, [], **{})
 259180  258890 Sl+     01:09:47 python          /home/data4t1/wangjielei/anaconda3/envs/dassl/bin/python -c from multiprocessing.forkserver import main; main(27, 30, [], **{})
 259181  258890 Sl+     01:09:47 python          /home/data4t1/wangjielei/anaconda3/envs/dassl/bin/python -c from multiprocessing.forkserver import main; main(27, 30, [], **{})
 259182  258890 Sl+     01:09:47 python          /home/data4t1/wangjielei/anaconda3/envs/dassl/bin/python -c from multiprocessing.forkserver import main; main(27, 30, [], **{})
 259183  258890 Sl+     01:09:47 python          /home/data4t1/wangjielei/anaconda3/envs/dassl/bin/python -c from multiprocessing.forkserver import main; main(27, 30, [], **{})
 259184  258890 Sl+     01:09:47 python          /home/data4t1/wangjielei/anaconda3/envs/dassl/bin/python -c from multiprocessing.forkserver import main; main(27, 30, [], **{})
 259185  258890 Sl+     01:09:47 python          /home/data4t1/wangjielei/anaconda3/envs/dassl/bin/python -c from multiprocessing.forkserver import main; main(27, 30, [], **{})
 259186  258890 Sl+     01:09:47 python          /home/data4t1/wangjielei/anaconda3/envs/dassl/bin/python -c from multiprocessing.forkserver import main; main(27, 30, [], **{})
 422749  422238 Sl      05:27:15 pet             /home/data4t1/wangjielei/.vscode-server/extensions/ms-python.vscode-python-envs-1.38.0-linux-arm64/python-env-tools/bin/pet server
 439427  439426 Sl    6-18:39:47 python3         python3 -m torch.distributed.launch --nproc_per_node=1 --master_port 2344 --use_env run.py --exp_name release --run-type train --exp-config scripts/iter_train.yaml SIMULATOR_GPU_IDS [0] TORCH_GPU_IDS [0] GPU_NUMBERS 1 NUM_ENVIRONMENTS 1 IL.iters 100000 IL.lr 1e-6 IL.log_every 1000 IL.ml_weight 1.0 IL.sample_ratio 0.8 IL.load_from_ckpt False IL.is_requeue False TASK_CONFIG.SIMULATOR.HABITAT_SIM_V0.ALLOW_SLIDING True
 439848  439427 Rl    6-18:39:44 python3         /home/data4t1/zhouxinyu/anaconda3/envs/dynam3d/bin/python3 -u run.py --exp_name release --run-type train --exp-config scripts/iter_train.yaml SIMULATOR_GPU_IDS [0] TORCH_GPU_IDS [0] GPU_NUMBERS 1 NUM_ENVIRONMENTS 1 IL.iters 100000 IL.lr 1e-6 IL.log_every 1000 IL.ml_weight 1.0 IL.sample_ratio 0.8 IL.load_from_ckpt False IL.is_requeue False TASK_CONFIG.SIMULATOR.HABITAT_SIM_V0.ALLOW_SLIDING True
 443076  439848 Sl    6-18:39:18 python3         /home/data4t1/zhouxinyu/anaconda3/envs/dynam3d/bin/python3 -u run.py --exp_name release --run-type train --exp-config scripts/iter_train.yaml SIMULATOR_GPU_IDS [0] TORCH_GPU_IDS [0] GPU_NUMBERS 1 NUM_ENVIRONMENTS 1 IL.iters 100000 IL.lr 1e-6 IL.log_every 1000 IL.ml_weight 1.0 IL.sample_ratio 0.8 IL.load_from_ckpt False IL.is_requeue False TASK_CONFIG.SIMULATOR.HABITAT_SIM_V0.ALLOW_SLIDING True
 443134  439848 S     6-18:39:17 python3         /home/data4t1/zhouxinyu/anaconda3/envs/dynam3d/bin/python3 -c from multiprocessing.resource_tracker import main;main(26)
 443152  439848 S     6-18:39:17 python3         /home/data4t1/zhouxinyu/anaconda3/envs/dynam3d/bin/python3 -c from multiprocessing.forkserver import main; main(26, 29, [], **{})
 443160  443152 S     6-18:39:17 python3         /home/data4t1/zhouxinyu/anaconda3/envs/dynam3d/bin/python3 -c from multiprocessing.forkserver import main; main(26, 29, [], **{})
 443161  443152 S     6-18:39:17 python3         /home/data4t1/zhouxinyu/anaconda3/envs/dynam3d/bin/python3 -c from multiprocessing.forkserver import main; main(26, 29, [], **{})
 443162  443152 S     6-18:39:17 python3         /home/data4t1/zhouxinyu/anaconda3/envs/dynam3d/bin/python3 -c from multiprocessing.forkserver import main; main(26, 29, [], **{})
 443163  443152 S     6-18:39:17 python3         /home/data4t1/zhouxinyu/anaconda3/envs/dynam3d/bin/python3 -c from multiprocessing.forkserver import main; main(26, 29, [], **{})
 443164  443152 S     6-18:39:17 python3         /home/data4t1/zhouxinyu/anaconda3/envs/dynam3d/bin/python3 -c from multiprocessing.forkserver import main; main(26, 29, [], **{})
 443165  443152 S     6-18:39:17 python3         /home/data4t1/zhouxinyu/anaconda3/envs/dynam3d/bin/python3 -c from multiprocessing.forkserver import main; main(26, 29, [], **{})
 443167  443152 S     6-18:39:17 python3         /home/data4t1/zhouxinyu/anaconda3/envs/dynam3d/bin/python3 -c from multiprocessing.forkserver import main; main(26, 29, [], **{})
 443168  443152 S     6-18:39:17 python3         /home/data4t1/zhouxinyu/anaconda3/envs/dynam3d/bin/python3 -c from multiprocessing.forkserver import main; main(26, 29, [], **{})
 443169  443152 S     6-18:39:17 python3         /home/data4t1/zhouxinyu/anaconda3/envs/dynam3d/bin/python3 -c from multiprocessing.forkserver import main; main(26, 29, [], **{})
 443203  443152 Sl    6-18:39:17 python3         /home/data4t1/zhouxinyu/anaconda3/envs/dynam3d/bin/python3 -c from multiprocessing.forkserver import main; main(26, 29, [], **{})
 443204  443152 S     6-18:39:17 python3         /home/data4t1/zhouxinyu/anaconda3/envs/dynam3d/bin/python3 -c from multiprocessing.forkserver import main; main(26, 29, [], **{})
 443205  443152 S     6-18:39:17 python3         /home/data4t1/zhouxinyu/anaconda3/envs/dynam3d/bin/python3 -c from multiprocessing.forkserver import main; main(26, 29, [], **{})
 443206  443152 Sl    6-18:39:17 python3         /home/data4t1/zhouxinyu/anaconda3/envs/dynam3d/bin/python3 -c from multiprocessing.forkserver import main; main(26, 29, [], **{})
 443207  443152 Sl    6-18:39:17 python3         /home/data4t1/zhouxinyu/anaconda3/envs/dynam3d/bin/python3 -c from multiprocessing.forkserver import main; main(26, 29, [], **{})
 443208  443152 Sl    6-18:39:17 python3         /home/data4t1/zhouxinyu/anaconda3/envs/dynam3d/bin/python3 -c from multiprocessing.forkserver import main; main(26, 29, [], **{})
 443209  443152 Sl    6-18:39:17 python3         /home/data4t1/zhouxinyu/anaconda3/envs/dynam3d/bin/python3 -c from multiprocessing.forkserver import main; main(26, 29, [], **{})
 443210  443152 Sl    6-18:39:17 python3         /home/data4t1/zhouxinyu/anaconda3/envs/dynam3d/bin/python3 -c from multiprocessing.forkserver import main; main(26, 29, [], **{})
 531969 2298726 Sl+  44-01:10:57 tensorboard     /home/data4t2/hxwDir/hxw_moved/conda_envs/opd/bin/python /home/data4t2/hxwDir/hxw_moved/conda_envs/opd/bin/tensorboard --logdir /home/data4t2/hxwDir/hxw_moved/opd-resources/runs/train --host 0.0.0.0 --port 6006
 644507       1 Sl   175-19:01:21 tensorboard    /home/data4t1/hxw/anaconda3/envs/dfkd/bin/python3.10 /home/data4t1/hxw/anaconda3/envs/dfkd/bin/tensorboard --logdir=/home/data4t2/hxwDir/hxw_moved/dfkd/runs/datafree-nayer_df/ --port=6007 --bind_all
 855861       1 Ss   148-01:03:44 avahi-daemon   avahi-daemon: running [hwnput3.local]
 916303  439848 Sl         06:54 python3         /home/data4t1/zhouxinyu/anaconda3/envs/dynam3d/bin/python3 -c from multiprocessing.spawn import spawn_main; spawn_main(tracker_fd=28, pipe_handle=96) --multiprocessing-fork
 932625  251901 Sl+        04:55 pt_data_worker  /home/data4t1/wangjielei/anaconda3/envs/dassl/bin/python train.py --root /home/data4t2/czhDir/data --seed 1 --trainer CoOpPartCReliabilityCovTinyViT --dataset-config-file configs/datasets/cifar100_lt_if0.1.yaml --config-file configs/trainers/CoOp/vit_b16_ep130_part_c_reliability_cov_tiny_vit.yaml --output-dir /home/data4t2/czhDir/PromptKD/output/part_c_reliability_cov_tiny_vit/5m_1k/cifar100/seed1_if0.1/gated_kappa32_nu8_drift0_cov0.05_min2_eps1e-8 DATASET.NUM_SHOTS -1 DATASET.CIFAR100_LT.IMB_FACTOR 0.1 DATASET.CIFAR100_LT.SEED 0 DATALOADER.TRAIN_X.SAMPLER RandomSampler DATALOADER.TEST.BATCH_SIZE 16 OPTIM.MAX_EPOCH 130 TRAINER.COOP_THREE_STAGE_CSC.CSC_START_EPOCH 55 TRAINER.COOP_THREE_STAGE_CSC.PHASE2_LR 0.001 TRAINER.COOP_THREE_STAGE_CSC.PHASE3_LR 0.01 TRAINER.COOP_THREE_STAGE_CSC.BETA 0.9999 TRAINER.COOP_THREE_STAGE_VIT.VARIANT 5m TRAINER.COOP_THREE_STAGE_VIT.PRETRAINED_TYPE 1k TRAINER.COOP_THREE_STAGE_VIT.STUDENT_LR 0.00005 TRAINER.COOP_PART_C.MODE gated TRAINER.COOP_PART_C.KAPPA 32.000000000000 TRAINER.COOP_PART_C_RELIABILITY.PRIOR_STRENGTH 8.000000000000 TRAINER.COOP_PART_C_RELIABILITY.EPS 1.000000000000e-08 TRAINER.COOP_PART_C_RELIABILITY.DRIFT_WEIGHT 0.000000000000 TRAINER.COOP_THREE_STAGE_CSC_RELATIVE_COV.WEIGHT 5.000000000000e-02 TRAINER.COOP_THREE_STAGE_CSC_RELATIVE_COV.MIN_SAMPLES 2 TRAINER.COOP_THREE_STAGE_CSC_RELATIVE_COV.EPS 1.000000000000e-08
 932650  251901 Sl+        04:55 pt_data_worker  /home/data4t1/wangjielei/anaconda3/envs/dassl/bin/python train.py --root /home/data4t2/czhDir/data --seed 1 --trainer CoOpPartCReliabilityCovTinyViT --dataset-config-file configs/datasets/cifar100_lt_if0.1.yaml --config-file configs/trainers/CoOp/vit_b16_ep130_part_c_reliability_cov_tiny_vit.yaml --output-dir /home/data4t2/czhDir/PromptKD/output/part_c_reliability_cov_tiny_vit/5m_1k/cifar100/seed1_if0.1/gated_kappa32_nu8_drift0_cov0.05_min2_eps1e-8 DATASET.NUM_SHOTS -1 DATASET.CIFAR100_LT.IMB_FACTOR 0.1 DATASET.CIFAR100_LT.SEED 0 DATALOADER.TRAIN_X.SAMPLER RandomSampler DATALOADER.TEST.BATCH_SIZE 16 OPTIM.MAX_EPOCH 130 TRAINER.COOP_THREE_STAGE_CSC.CSC_START_EPOCH 55 TRAINER.COOP_THREE_STAGE_CSC.PHASE2_LR 0.001 TRAINER.COOP_THREE_STAGE_CSC.PHASE3_LR 0.01 TRAINER.COOP_THREE_STAGE_CSC.BETA 0.9999 TRAINER.COOP_THREE_STAGE_VIT.VARIANT 5m TRAINER.COOP_THREE_STAGE_VIT.PRETRAINED_TYPE 1k TRAINER.COOP_THREE_STAGE_VIT.STUDENT_LR 0.00005 TRAINER.COOP_PART_C.MODE gated TRAINER.COOP_PART_C.KAPPA 32.000000000000 TRAINER.COOP_PART_C_RELIABILITY.PRIOR_STRENGTH 8.000000000000 TRAINER.COOP_PART_C_RELIABILITY.EPS 1.000000000000e-08 TRAINER.COOP_PART_C_RELIABILITY.DRIFT_WEIGHT 0.000000000000 TRAINER.COOP_THREE_STAGE_CSC_RELATIVE_COV.WEIGHT 5.000000000000e-02 TRAINER.COOP_THREE_STAGE_CSC_RELATIVE_COV.MIN_SAMPLES 2 TRAINER.COOP_THREE_STAGE_CSC_RELATIVE_COV.EPS 1.000000000000e-08
 932669  251901 Sl+        04:55 pt_data_worker  /home/data4t1/wangjielei/anaconda3/envs/dassl/bin/python train.py --root /home/data4t2/czhDir/data --seed 1 --trainer CoOpPartCReliabilityCovTinyViT --dataset-config-file configs/datasets/cifar100_lt_if0.1.yaml --config-file configs/trainers/CoOp/vit_b16_ep130_part_c_reliability_cov_tiny_vit.yaml --output-dir /home/data4t2/czhDir/PromptKD/output/part_c_reliability_cov_tiny_vit/5m_1k/cifar100/seed1_if0.1/gated_kappa32_nu8_drift0_cov0.05_min2_eps1e-8 DATASET.NUM_SHOTS -1 DATASET.CIFAR100_LT.IMB_FACTOR 0.1 DATASET.CIFAR100_LT.SEED 0 DATALOADER.TRAIN_X.SAMPLER RandomSampler DATALOADER.TEST.BATCH_SIZE 16 OPTIM.MAX_EPOCH 130 TRAINER.COOP_THREE_STAGE_CSC.CSC_START_EPOCH 55 TRAINER.COOP_THREE_STAGE_CSC.PHASE2_LR 0.001 TRAINER.COOP_THREE_STAGE_CSC.PHASE3_LR 0.01 TRAINER.COOP_THREE_STAGE_CSC.BETA 0.9999 TRAINER.COOP_THREE_STAGE_VIT.VARIANT 5m TRAINER.COOP_THREE_STAGE_VIT.PRETRAINED_TYPE 1k TRAINER.COOP_THREE_STAGE_VIT.STUDENT_LR 0.00005 TRAINER.COOP_PART_C.MODE gated TRAINER.COOP_PART_C.KAPPA 32.000000000000 TRAINER.COOP_PART_C_RELIABILITY.PRIOR_STRENGTH 8.000000000000 TRAINER.COOP_PART_C_RELIABILITY.EPS 1.000000000000e-08 TRAINER.COOP_PART_C_RELIABILITY.DRIFT_WEIGHT 0.000000000000 TRAINER.COOP_THREE_STAGE_CSC_RELATIVE_COV.WEIGHT 5.000000000000e-02 TRAINER.COOP_THREE_STAGE_CSC_RELATIVE_COV.MIN_SAMPLES 2 TRAINER.COOP_THREE_STAGE_CSC_RELATIVE_COV.EPS 1.000000000000e-08
 932694  251901 Rl+        04:55 pt_data_worker  /home/data4t1/wangjielei/anaconda3/envs/dassl/bin/python train.py --root /home/data4t2/czhDir/data --seed 1 --trainer CoOpPartCReliabilityCovTinyViT --dataset-config-file configs/datasets/cifar100_lt_if0.1.yaml --config-file configs/trainers/CoOp/vit_b16_ep130_part_c_reliability_cov_tiny_vit.yaml --output-dir /home/data4t2/czhDir/PromptKD/output/part_c_reliability_cov_tiny_vit/5m_1k/cifar100/seed1_if0.1/gated_kappa32_nu8_drift0_cov0.05_min2_eps1e-8 DATASET.NUM_SHOTS -1 DATASET.CIFAR100_LT.IMB_FACTOR 0.1 DATASET.CIFAR100_LT.SEED 0 DATALOADER.TRAIN_X.SAMPLER RandomSampler DATALOADER.TEST.BATCH_SIZE 16 OPTIM.MAX_EPOCH 130 TRAINER.COOP_THREE_STAGE_CSC.CSC_START_EPOCH 55 TRAINER.COOP_THREE_STAGE_CSC.PHASE2_LR 0.001 TRAINER.COOP_THREE_STAGE_CSC.PHASE3_LR 0.01 TRAINER.COOP_THREE_STAGE_CSC.BETA 0.9999 TRAINER.COOP_THREE_STAGE_VIT.VARIANT 5m TRAINER.COOP_THREE_STAGE_VIT.PRETRAINED_TYPE 1k TRAINER.COOP_THREE_STAGE_VIT.STUDENT_LR 0.00005 TRAINER.COOP_PART_C.MODE gated TRAINER.COOP_PART_C.KAPPA 32.000000000000 TRAINER.COOP_PART_C_RELIABILITY.PRIOR_STRENGTH 8.000000000000 TRAINER.COOP_PART_C_RELIABILITY.EPS 1.000000000000e-08 TRAINER.COOP_PART_C_RELIABILITY.DRIFT_WEIGHT 0.000000000000 TRAINER.COOP_THREE_STAGE_CSC_RELATIVE_COV.WEIGHT 5.000000000000e-02 TRAINER.COOP_THREE_STAGE_CSC_RELATIVE_COV.MIN_SAMPLES 2 TRAINER.COOP_THREE_STAGE_CSC_RELATIVE_COV.EPS 1.000000000000e-08
 932716  251901 Sl+        04:55 pt_data_worker  /home/data4t1/wangjielei/anaconda3/envs/dassl/bin/python train.py --root /home/data4t2/czhDir/data --seed 1 --trainer CoOpPartCReliabilityCovTinyViT --dataset-config-file configs/datasets/cifar100_lt_if0.1.yaml --config-file configs/trainers/CoOp/vit_b16_ep130_part_c_reliability_cov_tiny_vit.yaml --output-dir /home/data4t2/czhDir/PromptKD/output/part_c_reliability_cov_tiny_vit/5m_1k/cifar100/seed1_if0.1/gated_kappa32_nu8_drift0_cov0.05_min2_eps1e-8 DATASET.NUM_SHOTS -1 DATASET.CIFAR100_LT.IMB_FACTOR 0.1 DATASET.CIFAR100_LT.SEED 0 DATALOADER.TRAIN_X.SAMPLER RandomSampler DATALOADER.TEST.BATCH_SIZE 16 OPTIM.MAX_EPOCH 130 TRAINER.COOP_THREE_STAGE_CSC.CSC_START_EPOCH 55 TRAINER.COOP_THREE_STAGE_CSC.PHASE2_LR 0.001 TRAINER.COOP_THREE_STAGE_CSC.PHASE3_LR 0.01 TRAINER.COOP_THREE_STAGE_CSC.BETA 0.9999 TRAINER.COOP_THREE_STAGE_VIT.VARIANT 5m TRAINER.COOP_THREE_STAGE_VIT.PRETRAINED_TYPE 1k TRAINER.COOP_THREE_STAGE_VIT.STUDENT_LR 0.00005 TRAINER.COOP_PART_C.MODE gated TRAINER.COOP_PART_C.KAPPA 32.000000000000 TRAINER.COOP_PART_C_RELIABILITY.PRIOR_STRENGTH 8.000000000000 TRAINER.COOP_PART_C_RELIABILITY.EPS 1.000000000000e-08 TRAINER.COOP_PART_C_RELIABILITY.DRIFT_WEIGHT 0.000000000000 TRAINER.COOP_THREE_STAGE_CSC_RELATIVE_COV.WEIGHT 5.000000000000e-02 TRAINER.COOP_THREE_STAGE_CSC_RELATIVE_COV.MIN_SAMPLES 2 TRAINER.COOP_THREE_STAGE_CSC_RELATIVE_COV.EPS 1.000000000000e-08
 932738  251901 Sl+        04:55 pt_data_worker  /home/data4t1/wangjielei/anaconda3/envs/dassl/bin/python train.py --root /home/data4t2/czhDir/data --seed 1 --trainer CoOpPartCReliabilityCovTinyViT --dataset-config-file configs/datasets/cifar100_lt_if0.1.yaml --config-file configs/trainers/CoOp/vit_b16_ep130_part_c_reliability_cov_tiny_vit.yaml --output-dir /home/data4t2/czhDir/PromptKD/output/part_c_reliability_cov_tiny_vit/5m_1k/cifar100/seed1_if0.1/gated_kappa32_nu8_drift0_cov0.05_min2_eps1e-8 DATASET.NUM_SHOTS -1 DATASET.CIFAR100_LT.IMB_FACTOR 0.1 DATASET.CIFAR100_LT.SEED 0 DATALOADER.TRAIN_X.SAMPLER RandomSampler DATALOADER.TEST.BATCH_SIZE 16 OPTIM.MAX_EPOCH 130 TRAINER.COOP_THREE_STAGE_CSC.CSC_START_EPOCH 55 TRAINER.COOP_THREE_STAGE_CSC.PHASE2_LR 0.001 TRAINER.COOP_THREE_STAGE_CSC.PHASE3_LR 0.01 TRAINER.COOP_THREE_STAGE_CSC.BETA 0.9999 TRAINER.COOP_THREE_STAGE_VIT.VARIANT 5m TRAINER.COOP_THREE_STAGE_VIT.PRETRAINED_TYPE 1k TRAINER.COOP_THREE_STAGE_VIT.STUDENT_LR 0.00005 TRAINER.COOP_PART_C.MODE gated TRAINER.COOP_PART_C.KAPPA 32.000000000000 TRAINER.COOP_PART_C_RELIABILITY.PRIOR_STRENGTH 8.000000000000 TRAINER.COOP_PART_C_RELIABILITY.EPS 1.000000000000e-08 TRAINER.COOP_PART_C_RELIABILITY.DRIFT_WEIGHT 0.000000000000 TRAINER.COOP_THREE_STAGE_CSC_RELATIVE_COV.WEIGHT 5.000000000000e-02 TRAINER.COOP_THREE_STAGE_CSC_RELATIVE_COV.MIN_SAMPLES 2 TRAINER.COOP_THREE_STAGE_CSC_RELATIVE_COV.EPS 1.000000000000e-08
 932757  251901 Sl+        04:55 pt_data_worker  /home/data4t1/wangjielei/anaconda3/envs/dassl/bin/python train.py --root /home/data4t2/czhDir/data --seed 1 --trainer CoOpPartCReliabilityCovTinyViT --dataset-config-file configs/datasets/cifar100_lt_if0.1.yaml --config-file configs/trainers/CoOp/vit_b16_ep130_part_c_reliability_cov_tiny_vit.yaml --output-dir /home/data4t2/czhDir/PromptKD/output/part_c_reliability_cov_tiny_vit/5m_1k/cifar100/seed1_if0.1/gated_kappa32_nu8_drift0_cov0.05_min2_eps1e-8 DATASET.NUM_SHOTS -1 DATASET.CIFAR100_LT.IMB_FACTOR 0.1 DATASET.CIFAR100_LT.SEED 0 DATALOADER.TRAIN_X.SAMPLER RandomSampler DATALOADER.TEST.BATCH_SIZE 16 OPTIM.MAX_EPOCH 130 TRAINER.COOP_THREE_STAGE_CSC.CSC_START_EPOCH 55 TRAINER.COOP_THREE_STAGE_CSC.PHASE2_LR 0.001 TRAINER.COOP_THREE_STAGE_CSC.PHASE3_LR 0.01 TRAINER.COOP_THREE_STAGE_CSC.BETA 0.9999 TRAINER.COOP_THREE_STAGE_VIT.VARIANT 5m TRAINER.COOP_THREE_STAGE_VIT.PRETRAINED_TYPE 1k TRAINER.COOP_THREE_STAGE_VIT.STUDENT_LR 0.00005 TRAINER.COOP_PART_C.MODE gated TRAINER.COOP_PART_C.KAPPA 32.000000000000 TRAINER.COOP_PART_C_RELIABILITY.PRIOR_STRENGTH 8.000000000000 TRAINER.COOP_PART_C_RELIABILITY.EPS 1.000000000000e-08 TRAINER.COOP_PART_C_RELIABILITY.DRIFT_WEIGHT 0.000000000000 TRAINER.COOP_THREE_STAGE_CSC_RELATIVE_COV.WEIGHT 5.000000000000e-02 TRAINER.COOP_THREE_STAGE_CSC_RELATIVE_COV.MIN_SAMPLES 2 TRAINER.COOP_THREE_STAGE_CSC_RELATIVE_COV.EPS 1.000000000000e-08
 932780  251901 Sl+        04:55 pt_data_worker  /home/data4t1/wangjielei/anaconda3/envs/dassl/bin/python train.py --root /home/data4t2/czhDir/data --seed 1 --trainer CoOpPartCReliabilityCovTinyViT --dataset-config-file configs/datasets/cifar100_lt_if0.1.yaml --config-file configs/trainers/CoOp/vit_b16_ep130_part_c_reliability_cov_tiny_vit.yaml --output-dir /home/data4t2/czhDir/PromptKD/output/part_c_reliability_cov_tiny_vit/5m_1k/cifar100/seed1_if0.1/gated_kappa32_nu8_drift0_cov0.05_min2_eps1e-8 DATASET.NUM_SHOTS -1 DATASET.CIFAR100_LT.IMB_FACTOR 0.1 DATASET.CIFAR100_LT.SEED 0 DATALOADER.TRAIN_X.SAMPLER RandomSampler DATALOADER.TEST.BATCH_SIZE 16 OPTIM.MAX_EPOCH 130 TRAINER.COOP_THREE_STAGE_CSC.CSC_START_EPOCH 55 TRAINER.COOP_THREE_STAGE_CSC.PHASE2_LR 0.001 TRAINER.COOP_THREE_STAGE_CSC.PHASE3_LR 0.01 TRAINER.COOP_THREE_STAGE_CSC.BETA 0.9999 TRAINER.COOP_THREE_STAGE_VIT.VARIANT 5m TRAINER.COOP_THREE_STAGE_VIT.PRETRAINED_TYPE 1k TRAINER.COOP_THREE_STAGE_VIT.STUDENT_LR 0.00005 TRAINER.COOP_PART_C.MODE gated TRAINER.COOP_PART_C.KAPPA 32.000000000000 TRAINER.COOP_PART_C_RELIABILITY.PRIOR_STRENGTH 8.000000000000 TRAINER.COOP_PART_C_RELIABILITY.EPS 1.000000000000e-08 TRAINER.COOP_PART_C_RELIABILITY.DRIFT_WEIGHT 0.000000000000 TRAINER.COOP_THREE_STAGE_CSC_RELATIVE_COV.WEIGHT 5.000000000000e-02 TRAINER.COOP_THREE_STAGE_CSC_RELATIVE_COV.MIN_SAMPLES 2 TRAINER.COOP_THREE_STAGE_CSC_RELATIVE_COV.EPS 1.000000000000e-08
 966135 3150467 Sl+        01:44 pt_data_worker  /home/data4t1/wangjielei/anaconda3/envs/dassl/bin/python train.py --root /home/data4t2/czhDir/data --seed 1 --trainer CoOpThreeStageCSCTinyViT --dataset-config-file configs/datasets/cifar100_lt_if0.1.yaml --config-file configs/trainers/CoOp/vit_b16_ep130_three_stage_csc_tiny_vit.yaml --output-dir /home/data4t2/czhDir/PromptKD/output/long_tail_three_stage_csc_tiny_vit/5m_1k/cifar100/longtail_if0.1_ltseed0/seed1_npu1 DATASET.NUM_SHOTS -1 DATASET.CIFAR100_LT.IMB_FACTOR 0.1 DATASET.CIFAR100_LT.SEED 0 DATALOADER.TRAIN_X.SAMPLER RandomSampler DATALOADER.TEST.BATCH_SIZE 32 OPTIM.MAX_EPOCH 130 TRAINER.COOP_THREE_STAGE_CSC.CSC_START_EPOCH 55 TRAINER.COOP_THREE_STAGE_CSC.PHASE2_LR 0.001 TRAINER.COOP_THREE_STAGE_CSC.PHASE3_LR 0.01 TRAINER.COOP_THREE_STAGE_CSC.BETA 0.9999 TRAINER.COOP_THREE_STAGE_VIT.VARIANT 5m TRAINER.COOP_THREE_STAGE_VIT.PRETRAINED_TYPE 1k TRAINER.COOP_THREE_STAGE_VIT.STUDENT_LR 0.00005
 966157 3150467 Sl+        01:43 pt_data_worker  /home/data4t1/wangjielei/anaconda3/envs/dassl/bin/python train.py --root /home/data4t2/czhDir/data --seed 1 --trainer CoOpThreeStageCSCTinyViT --dataset-config-file configs/datasets/cifar100_lt_if0.1.yaml --config-file configs/trainers/CoOp/vit_b16_ep130_three_stage_csc_tiny_vit.yaml --output-dir /home/data4t2/czhDir/PromptKD/output/long_tail_three_stage_csc_tiny_vit/5m_1k/cifar100/longtail_if0.1_ltseed0/seed1_npu1 DATASET.NUM_SHOTS -1 DATASET.CIFAR100_LT.IMB_FACTOR 0.1 DATASET.CIFAR100_LT.SEED 0 DATALOADER.TRAIN_X.SAMPLER RandomSampler DATALOADER.TEST.BATCH_SIZE 32 OPTIM.MAX_EPOCH 130 TRAINER.COOP_THREE_STAGE_CSC.CSC_START_EPOCH 55 TRAINER.COOP_THREE_STAGE_CSC.PHASE2_LR 0.001 TRAINER.COOP_THREE_STAGE_CSC.PHASE3_LR 0.01 TRAINER.COOP_THREE_STAGE_CSC.BETA 0.9999 TRAINER.COOP_THREE_STAGE_VIT.VARIANT 5m TRAINER.COOP_THREE_STAGE_VIT.PRETRAINED_TYPE 1k TRAINER.COOP_THREE_STAGE_VIT.STUDENT_LR 0.00005
 966196 3150467 Sl+        01:43 pt_data_worker  /home/data4t1/wangjielei/anaconda3/envs/dassl/bin/python train.py --root /home/data4t2/czhDir/data --seed 1 --trainer CoOpThreeStageCSCTinyViT --dataset-config-file configs/datasets/cifar100_lt_if0.1.yaml --config-file configs/trainers/CoOp/vit_b16_ep130_three_stage_csc_tiny_vit.yaml --output-dir /home/data4t2/czhDir/PromptKD/output/long_tail_three_stage_csc_tiny_vit/5m_1k/cifar100/longtail_if0.1_ltseed0/seed1_npu1 DATASET.NUM_SHOTS -1 DATASET.CIFAR100_LT.IMB_FACTOR 0.1 DATASET.CIFAR100_LT.SEED 0 DATALOADER.TRAIN_X.SAMPLER RandomSampler DATALOADER.TEST.BATCH_SIZE 32 OPTIM.MAX_EPOCH 130 TRAINER.COOP_THREE_STAGE_CSC.CSC_START_EPOCH 55 TRAINER.COOP_THREE_STAGE_CSC.PHASE2_LR 0.001 TRAINER.COOP_THREE_STAGE_CSC.PHASE3_LR 0.01 TRAINER.COOP_THREE_STAGE_CSC.BETA 0.9999 TRAINER.COOP_THREE_STAGE_VIT.VARIANT 5m TRAINER.COOP_THREE_STAGE_VIT.PRETRAINED_TYPE 1k TRAINER.COOP_THREE_STAGE_VIT.STUDENT_LR 0.00005
 966215 3150467 Sl+        01:43 pt_data_worker  /home/data4t1/wangjielei/anaconda3/envs/dassl/bin/python train.py --root /home/data4t2/czhDir/data --seed 1 --trainer CoOpThreeStageCSCTinyViT --dataset-config-file configs/datasets/cifar100_lt_if0.1.yaml --config-file configs/trainers/CoOp/vit_b16_ep130_three_stage_csc_tiny_vit.yaml --output-dir /home/data4t2/czhDir/PromptKD/output/long_tail_three_stage_csc_tiny_vit/5m_1k/cifar100/longtail_if0.1_ltseed0/seed1_npu1 DATASET.NUM_SHOTS -1 DATASET.CIFAR100_LT.IMB_FACTOR 0.1 DATASET.CIFAR100_LT.SEED 0 DATALOADER.TRAIN_X.SAMPLER RandomSampler DATALOADER.TEST.BATCH_SIZE 32 OPTIM.MAX_EPOCH 130 TRAINER.COOP_THREE_STAGE_CSC.CSC_START_EPOCH 55 TRAINER.COOP_THREE_STAGE_CSC.PHASE2_LR 0.001 TRAINER.COOP_THREE_STAGE_CSC.PHASE3_LR 0.01 TRAINER.COOP_THREE_STAGE_CSC.BETA 0.9999 TRAINER.COOP_THREE_STAGE_VIT.VARIANT 5m TRAINER.COOP_THREE_STAGE_VIT.PRETRAINED_TYPE 1k TRAINER.COOP_THREE_STAGE_VIT.STUDENT_LR 0.00005
 966268 3150467 Sl+        01:43 pt_data_worker  /home/data4t1/wangjielei/anaconda3/envs/dassl/bin/python train.py --root /home/data4t2/czhDir/data --seed 1 --trainer CoOpThreeStageCSCTinyViT --dataset-config-file configs/datasets/cifar100_lt_if0.1.yaml --config-file configs/trainers/CoOp/vit_b16_ep130_three_stage_csc_tiny_vit.yaml --output-dir /home/data4t2/czhDir/PromptKD/output/long_tail_three_stage_csc_tiny_vit/5m_1k/cifar100/longtail_if0.1_ltseed0/seed1_npu1 DATASET.NUM_SHOTS -1 DATASET.CIFAR100_LT.IMB_FACTOR 0.1 DATASET.CIFAR100_LT.SEED 0 DATALOADER.TRAIN_X.SAMPLER RandomSampler DATALOADER.TEST.BATCH_SIZE 32 OPTIM.MAX_EPOCH 130 TRAINER.COOP_THREE_STAGE_CSC.CSC_START_EPOCH 55 TRAINER.COOP_THREE_STAGE_CSC.PHASE2_LR 0.001 TRAINER.COOP_THREE_STAGE_CSC.PHASE3_LR 0.01 TRAINER.COOP_THREE_STAGE_CSC.BETA 0.9999 TRAINER.COOP_THREE_STAGE_VIT.VARIANT 5m TRAINER.COOP_THREE_STAGE_VIT.PRETRAINED_TYPE 1k TRAINER.COOP_THREE_STAGE_VIT.STUDENT_LR 0.00005
 966294 3150467 Sl+        01:43 pt_data_worker  /home/data4t1/wangjielei/anaconda3/envs/dassl/bin/python train.py --root /home/data4t2/czhDir/data --seed 1 --trainer CoOpThreeStageCSCTinyViT --dataset-config-file configs/datasets/cifar100_lt_if0.1.yaml --config-file configs/trainers/CoOp/vit_b16_ep130_three_stage_csc_tiny_vit.yaml --output-dir /home/data4t2/czhDir/PromptKD/output/long_tail_three_stage_csc_tiny_vit/5m_1k/cifar100/longtail_if0.1_ltseed0/seed1_npu1 DATASET.NUM_SHOTS -1 DATASET.CIFAR100_LT.IMB_FACTOR 0.1 DATASET.CIFAR100_LT.SEED 0 DATALOADER.TRAIN_X.SAMPLER RandomSampler DATALOADER.TEST.BATCH_SIZE 32 OPTIM.MAX_EPOCH 130 TRAINER.COOP_THREE_STAGE_CSC.CSC_START_EPOCH 55 TRAINER.COOP_THREE_STAGE_CSC.PHASE2_LR 0.001 TRAINER.COOP_THREE_STAGE_CSC.PHASE3_LR 0.01 TRAINER.COOP_THREE_STAGE_CSC.BETA 0.9999 TRAINER.COOP_THREE_STAGE_VIT.VARIANT 5m TRAINER.COOP_THREE_STAGE_VIT.PRETRAINED_TYPE 1k TRAINER.COOP_THREE_STAGE_VIT.STUDENT_LR 0.00005
 966313 3150467 Sl+        01:43 pt_data_worker  /home/data4t1/wangjielei/anaconda3/envs/dassl/bin/python train.py --root /home/data4t2/czhDir/data --seed 1 --trainer CoOpThreeStageCSCTinyViT --dataset-config-file configs/datasets/cifar100_lt_if0.1.yaml --config-file configs/trainers/CoOp/vit_b16_ep130_three_stage_csc_tiny_vit.yaml --output-dir /home/data4t2/czhDir/PromptKD/output/long_tail_three_stage_csc_tiny_vit/5m_1k/cifar100/longtail_if0.1_ltseed0/seed1_npu1 DATASET.NUM_SHOTS -1 DATASET.CIFAR100_LT.IMB_FACTOR 0.1 DATASET.CIFAR100_LT.SEED 0 DATALOADER.TRAIN_X.SAMPLER RandomSampler DATALOADER.TEST.BATCH_SIZE 32 OPTIM.MAX_EPOCH 130 TRAINER.COOP_THREE_STAGE_CSC.CSC_START_EPOCH 55 TRAINER.COOP_THREE_STAGE_CSC.PHASE2_LR 0.001 TRAINER.COOP_THREE_STAGE_CSC.PHASE3_LR 0.01 TRAINER.COOP_THREE_STAGE_CSC.BETA 0.9999 TRAINER.COOP_THREE_STAGE_VIT.VARIANT 5m TRAINER.COOP_THREE_STAGE_VIT.PRETRAINED_TYPE 1k TRAINER.COOP_THREE_STAGE_VIT.STUDENT_LR 0.00005
 966341 3150467 Sl+        01:43 pt_data_worker  /home/data4t1/wangjielei/anaconda3/envs/dassl/bin/python train.py --root /home/data4t2/czhDir/data --seed 1 --trainer CoOpThreeStageCSCTinyViT --dataset-config-file configs/datasets/cifar100_lt_if0.1.yaml --config-file configs/trainers/CoOp/vit_b16_ep130_three_stage_csc_tiny_vit.yaml --output-dir /home/data4t2/czhDir/PromptKD/output/long_tail_three_stage_csc_tiny_vit/5m_1k/cifar100/longtail_if0.1_ltseed0/seed1_npu1 DATASET.NUM_SHOTS -1 DATASET.CIFAR100_LT.IMB_FACTOR 0.1 DATASET.CIFAR100_LT.SEED 0 DATALOADER.TRAIN_X.SAMPLER RandomSampler DATALOADER.TEST.BATCH_SIZE 32 OPTIM.MAX_EPOCH 130 TRAINER.COOP_THREE_STAGE_CSC.CSC_START_EPOCH 55 TRAINER.COOP_THREE_STAGE_CSC.PHASE2_LR 0.001 TRAINER.COOP_THREE_STAGE_CSC.PHASE3_LR 0.01 TRAINER.COOP_THREE_STAGE_CSC.BETA 0.9999 TRAINER.COOP_THREE_STAGE_VIT.VARIANT 5m TRAINER.COOP_THREE_STAGE_VIT.PRETRAINED_TYPE 1k TRAINER.COOP_THREE_STAGE_VIT.STUDENT_LR 0.00005
 972571 2532308 Sl+        01:03 pt_data_worker  /home/data4t1/wangjielei/anaconda3/envs/dassl/bin/python train.py --root /home/data4t2/czhDir/data --seed 1 --trainer CoOpPartCReliabilityCovTinyViT --dataset-config-file configs/datasets/long_tail/nwpu_resisc45_lt.yaml --config-file configs/trainers/CoOp/vit_b16_ep130_part_c_reliability_cov_tiny_vit.yaml --output-dir /home/data4t2/czhDir/PromptKD/output/part_c_reliability_cov_tiny_vit/5m_1k/resisc45/seed1_if0.1/gated_kappa32_nu8_drift0_cov0.05_min2_eps1e-8 DATASET.NUM_SHOTS -1 DATASET.LONG_TAIL.IMB_FACTOR 0.1 DATASET.LONG_TAIL.SEED 0 DATALOADER.TRAIN_X.SAMPLER RandomSampler DATALOADER.TEST.BATCH_SIZE 16 OPTIM.MAX_EPOCH 130 TRAINER.COOP_THREE_STAGE_CSC.CSC_START_EPOCH 55 TRAINER.COOP_THREE_STAGE_CSC.PHASE2_LR 0.001 TRAINER.COOP_THREE_STAGE_CSC.PHASE3_LR 0.01 TRAINER.COOP_THREE_STAGE_CSC.BETA 0.9999 TRAINER.COOP_THREE_STAGE_VIT.VARIANT 5m TRAINER.COOP_THREE_STAGE_VIT.PRETRAINED_TYPE 1k TRAINER.COOP_THREE_STAGE_VIT.STUDENT_LR 0.00005 TRAINER.COOP_PART_C.MODE gated TRAINER.COOP_PART_C.KAPPA 32.000000000000 TRAINER.COOP_PART_C_RELIABILITY.PRIOR_STRENGTH 8.000000000000 TRAINER.COOP_PART_C_RELIABILITY.EPS 1.000000000000e-08 TRAINER.COOP_PART_C_RELIABILITY.DRIFT_WEIGHT 0.000000000000 TRAINER.COOP_THREE_STAGE_CSC_RELATIVE_COV.WEIGHT 5.000000000000e-02 TRAINER.COOP_THREE_STAGE_CSC_RELATIVE_COV.MIN_SAMPLES 2 TRAINER.COOP_THREE_STAGE_CSC_RELATIVE_COV.EPS 1.000000000000e-08
 972614 2532308 Sl+        01:03 pt_data_worker  /home/data4t1/wangjielei/anaconda3/envs/dassl/bin/python train.py --root /home/data4t2/czhDir/data --seed 1 --trainer CoOpPartCReliabilityCovTinyViT --dataset-config-file configs/datasets/long_tail/nwpu_resisc45_lt.yaml --config-file configs/trainers/CoOp/vit_b16_ep130_part_c_reliability_cov_tiny_vit.yaml --output-dir /home/data4t2/czhDir/PromptKD/output/part_c_reliability_cov_tiny_vit/5m_1k/resisc45/seed1_if0.1/gated_kappa32_nu8_drift0_cov0.05_min2_eps1e-8 DATASET.NUM_SHOTS -1 DATASET.LONG_TAIL.IMB_FACTOR 0.1 DATASET.LONG_TAIL.SEED 0 DATALOADER.TRAIN_X.SAMPLER RandomSampler DATALOADER.TEST.BATCH_SIZE 16 OPTIM.MAX_EPOCH 130 TRAINER.COOP_THREE_STAGE_CSC.CSC_START_EPOCH 55 TRAINER.COOP_THREE_STAGE_CSC.PHASE2_LR 0.001 TRAINER.COOP_THREE_STAGE_CSC.PHASE3_LR 0.01 TRAINER.COOP_THREE_STAGE_CSC.BETA 0.9999 TRAINER.COOP_THREE_STAGE_VIT.VARIANT 5m TRAINER.COOP_THREE_STAGE_VIT.PRETRAINED_TYPE 1k TRAINER.COOP_THREE_STAGE_VIT.STUDENT_LR 0.00005 TRAINER.COOP_PART_C.MODE gated TRAINER.COOP_PART_C.KAPPA 32.000000000000 TRAINER.COOP_PART_C_RELIABILITY.PRIOR_STRENGTH 8.000000000000 TRAINER.COOP_PART_C_RELIABILITY.EPS 1.000000000000e-08 TRAINER.COOP_PART_C_RELIABILITY.DRIFT_WEIGHT 0.000000000000 TRAINER.COOP_THREE_STAGE_CSC_RELATIVE_COV.WEIGHT 5.000000000000e-02 TRAINER.COOP_THREE_STAGE_CSC_RELATIVE_COV.MIN_SAMPLES 2 TRAINER.COOP_THREE_STAGE_CSC_RELATIVE_COV.EPS 1.000000000000e-08
 972656 2532308 Sl+        01:03 pt_data_worker  /home/data4t1/wangjielei/anaconda3/envs/dassl/bin/python train.py --root /home/data4t2/czhDir/data --seed 1 --trainer CoOpPartCReliabilityCovTinyViT --dataset-config-file configs/datasets/long_tail/nwpu_resisc45_lt.yaml --config-file configs/trainers/CoOp/vit_b16_ep130_part_c_reliability_cov_tiny_vit.yaml --output-dir /home/data4t2/czhDir/PromptKD/output/part_c_reliability_cov_tiny_vit/5m_1k/resisc45/seed1_if0.1/gated_kappa32_nu8_drift0_cov0.05_min2_eps1e-8 DATASET.NUM_SHOTS -1 DATASET.LONG_TAIL.IMB_FACTOR 0.1 DATASET.LONG_TAIL.SEED 0 DATALOADER.TRAIN_X.SAMPLER RandomSampler DATALOADER.TEST.BATCH_SIZE 16 OPTIM.MAX_EPOCH 130 TRAINER.COOP_THREE_STAGE_CSC.CSC_START_EPOCH 55 TRAINER.COOP_THREE_STAGE_CSC.PHASE2_LR 0.001 TRAINER.COOP_THREE_STAGE_CSC.PHASE3_LR 0.01 TRAINER.COOP_THREE_STAGE_CSC.BETA 0.9999 TRAINER.COOP_THREE_STAGE_VIT.VARIANT 5m TRAINER.COOP_THREE_STAGE_VIT.PRETRAINED_TYPE 1k TRAINER.COOP_THREE_STAGE_VIT.STUDENT_LR 0.00005 TRAINER.COOP_PART_C.MODE gated TRAINER.COOP_PART_C.KAPPA 32.000000000000 TRAINER.COOP_PART_C_RELIABILITY.PRIOR_STRENGTH 8.000000000000 TRAINER.COOP_PART_C_RELIABILITY.EPS 1.000000000000e-08 TRAINER.COOP_PART_C_RELIABILITY.DRIFT_WEIGHT 0.000000000000 TRAINER.COOP_THREE_STAGE_CSC_RELATIVE_COV.WEIGHT 5.000000000000e-02 TRAINER.COOP_THREE_STAGE_CSC_RELATIVE_COV.MIN_SAMPLES 2 TRAINER.COOP_THREE_STAGE_CSC_RELATIVE_COV.EPS 1.000000000000e-08
 972695 2532308 Sl+        01:03 pt_data_worker  /home/data4t1/wangjielei/anaconda3/envs/dassl/bin/python train.py --root /home/data4t2/czhDir/data --seed 1 --trainer CoOpPartCReliabilityCovTinyViT --dataset-config-file configs/datasets/long_tail/nwpu_resisc45_lt.yaml --config-file configs/trainers/CoOp/vit_b16_ep130_part_c_reliability_cov_tiny_vit.yaml --output-dir /home/data4t2/czhDir/PromptKD/output/part_c_reliability_cov_tiny_vit/5m_1k/resisc45/seed1_if0.1/gated_kappa32_nu8_drift0_cov0.05_min2_eps1e-8 DATASET.NUM_SHOTS -1 DATASET.LONG_TAIL.IMB_FACTOR 0.1 DATASET.LONG_TAIL.SEED 0 DATALOADER.TRAIN_X.SAMPLER RandomSampler DATALOADER.TEST.BATCH_SIZE 16 OPTIM.MAX_EPOCH 130 TRAINER.COOP_THREE_STAGE_CSC.CSC_START_EPOCH 55 TRAINER.COOP_THREE_STAGE_CSC.PHASE2_LR 0.001 TRAINER.COOP_THREE_STAGE_CSC.PHASE3_LR 0.01 TRAINER.COOP_THREE_STAGE_CSC.BETA 0.9999 TRAINER.COOP_THREE_STAGE_VIT.VARIANT 5m TRAINER.COOP_THREE_STAGE_VIT.PRETRAINED_TYPE 1k TRAINER.COOP_THREE_STAGE_VIT.STUDENT_LR 0.00005 TRAINER.COOP_PART_C.MODE gated TRAINER.COOP_PART_C.KAPPA 32.000000000000 TRAINER.COOP_PART_C_RELIABILITY.PRIOR_STRENGTH 8.000000000000 TRAINER.COOP_PART_C_RELIABILITY.EPS 1.000000000000e-08 TRAINER.COOP_PART_C_RELIABILITY.DRIFT_WEIGHT 0.000000000000 TRAINER.COOP_THREE_STAGE_CSC_RELATIVE_COV.WEIGHT 5.000000000000e-02 TRAINER.COOP_THREE_STAGE_CSC_RELATIVE_COV.MIN_SAMPLES 2 TRAINER.COOP_THREE_STAGE_CSC_RELATIVE_COV.EPS 1.000000000000e-08
 972734 2532308 Sl+        01:02 pt_data_worker  /home/data4t1/wangjielei/anaconda3/envs/dassl/bin/python train.py --root /home/data4t2/czhDir/data --seed 1 --trainer CoOpPartCReliabilityCovTinyViT --dataset-config-file configs/datasets/long_tail/nwpu_resisc45_lt.yaml --config-file configs/trainers/CoOp/vit_b16_ep130_part_c_reliability_cov_tiny_vit.yaml --output-dir /home/data4t2/czhDir/PromptKD/output/part_c_reliability_cov_tiny_vit/5m_1k/resisc45/seed1_if0.1/gated_kappa32_nu8_drift0_cov0.05_min2_eps1e-8 DATASET.NUM_SHOTS -1 DATASET.LONG_TAIL.IMB_FACTOR 0.1 DATASET.LONG_TAIL.SEED 0 DATALOADER.TRAIN_X.SAMPLER RandomSampler DATALOADER.TEST.BATCH_SIZE 16 OPTIM.MAX_EPOCH 130 TRAINER.COOP_THREE_STAGE_CSC.CSC_START_EPOCH 55 TRAINER.COOP_THREE_STAGE_CSC.PHASE2_LR 0.001 TRAINER.COOP_THREE_STAGE_CSC.PHASE3_LR 0.01 TRAINER.COOP_THREE_STAGE_CSC.BETA 0.9999 TRAINER.COOP_THREE_STAGE_VIT.VARIANT 5m TRAINER.COOP_THREE_STAGE_VIT.PRETRAINED_TYPE 1k TRAINER.COOP_THREE_STAGE_VIT.STUDENT_LR 0.00005 TRAINER.COOP_PART_C.MODE gated TRAINER.COOP_PART_C.KAPPA 32.000000000000 TRAINER.COOP_PART_C_RELIABILITY.PRIOR_STRENGTH 8.000000000000 TRAINER.COOP_PART_C_RELIABILITY.EPS 1.000000000000e-08 TRAINER.COOP_PART_C_RELIABILITY.DRIFT_WEIGHT 0.000000000000 TRAINER.COOP_THREE_STAGE_CSC_RELATIVE_COV.WEIGHT 5.000000000000e-02 TRAINER.COOP_THREE_STAGE_CSC_RELATIVE_COV.MIN_SAMPLES 2 TRAINER.COOP_THREE_STAGE_CSC_RELATIVE_COV.EPS 1.000000000000e-08
 972804 2532308 Sl+        01:02 pt_data_worker  /home/data4t1/wangjielei/anaconda3/envs/dassl/bin/python train.py --root /home/data4t2/czhDir/data --seed 1 --trainer CoOpPartCReliabilityCovTinyViT --dataset-config-file configs/datasets/long_tail/nwpu_resisc45_lt.yaml --config-file configs/trainers/CoOp/vit_b16_ep130_part_c_reliability_cov_tiny_vit.yaml --output-dir /home/data4t2/czhDir/PromptKD/output/part_c_reliability_cov_tiny_vit/5m_1k/resisc45/seed1_if0.1/gated_kappa32_nu8_drift0_cov0.05_min2_eps1e-8 DATASET.NUM_SHOTS -1 DATASET.LONG_TAIL.IMB_FACTOR 0.1 DATASET.LONG_TAIL.SEED 0 DATALOADER.TRAIN_X.SAMPLER RandomSampler DATALOADER.TEST.BATCH_SIZE 16 OPTIM.MAX_EPOCH 130 TRAINER.COOP_THREE_STAGE_CSC.CSC_START_EPOCH 55 TRAINER.COOP_THREE_STAGE_CSC.PHASE2_LR 0.001 TRAINER.COOP_THREE_STAGE_CSC.PHASE3_LR 0.01 TRAINER.COOP_THREE_STAGE_CSC.BETA 0.9999 TRAINER.COOP_THREE_STAGE_VIT.VARIANT 5m TRAINER.COOP_THREE_STAGE_VIT.PRETRAINED_TYPE 1k TRAINER.COOP_THREE_STAGE_VIT.STUDENT_LR 0.00005 TRAINER.COOP_PART_C.MODE gated TRAINER.COOP_PART_C.KAPPA 32.000000000000 TRAINER.COOP_PART_C_RELIABILITY.PRIOR_STRENGTH 8.000000000000 TRAINER.COOP_PART_C_RELIABILITY.EPS 1.000000000000e-08 TRAINER.COOP_PART_C_RELIABILITY.DRIFT_WEIGHT 0.000000000000 TRAINER.COOP_THREE_STAGE_CSC_RELATIVE_COV.WEIGHT 5.000000000000e-02 TRAINER.COOP_THREE_STAGE_CSC_RELATIVE_COV.MIN_SAMPLES 2 TRAINER.COOP_THREE_STAGE_CSC_RELATIVE_COV.EPS 1.000000000000e-08
 972844 2532308 Sl+        01:02 pt_data_worker  /home/data4t1/wangjielei/anaconda3/envs/dassl/bin/python train.py --root /home/data4t2/czhDir/data --seed 1 --trainer CoOpPartCReliabilityCovTinyViT --dataset-config-file configs/datasets/long_tail/nwpu_resisc45_lt.yaml --config-file configs/trainers/CoOp/vit_b16_ep130_part_c_reliability_cov_tiny_vit.yaml --output-dir /home/data4t2/czhDir/PromptKD/output/part_c_reliability_cov_tiny_vit/5m_1k/resisc45/seed1_if0.1/gated_kappa32_nu8_drift0_cov0.05_min2_eps1e-8 DATASET.NUM_SHOTS -1 DATASET.LONG_TAIL.IMB_FACTOR 0.1 DATASET.LONG_TAIL.SEED 0 DATALOADER.TRAIN_X.SAMPLER RandomSampler DATALOADER.TEST.BATCH_SIZE 16 OPTIM.MAX_EPOCH 130 TRAINER.COOP_THREE_STAGE_CSC.CSC_START_EPOCH 55 TRAINER.COOP_THREE_STAGE_CSC.PHASE2_LR 0.001 TRAINER.COOP_THREE_STAGE_CSC.PHASE3_LR 0.01 TRAINER.COOP_THREE_STAGE_CSC.BETA 0.9999 TRAINER.COOP_THREE_STAGE_VIT.VARIANT 5m TRAINER.COOP_THREE_STAGE_VIT.PRETRAINED_TYPE 1k TRAINER.COOP_THREE_STAGE_VIT.STUDENT_LR 0.00005 TRAINER.COOP_PART_C.MODE gated TRAINER.COOP_PART_C.KAPPA 32.000000000000 TRAINER.COOP_PART_C_RELIABILITY.PRIOR_STRENGTH 8.000000000000 TRAINER.COOP_PART_C_RELIABILITY.EPS 1.000000000000e-08 TRAINER.COOP_PART_C_RELIABILITY.DRIFT_WEIGHT 0.000000000000 TRAINER.COOP_THREE_STAGE_CSC_RELATIVE_COV.WEIGHT 5.000000000000e-02 TRAINER.COOP_THREE_STAGE_CSC_RELATIVE_COV.MIN_SAMPLES 2 TRAINER.COOP_THREE_STAGE_CSC_RELATIVE_COV.EPS 1.000000000000e-08
 972863 2532308 Sl+        01:02 pt_data_worker  /home/data4t1/wangjielei/anaconda3/envs/dassl/bin/python train.py --root /home/data4t2/czhDir/data --seed 1 --trainer CoOpPartCReliabilityCovTinyViT --dataset-config-file configs/datasets/long_tail/nwpu_resisc45_lt.yaml --config-file configs/trainers/CoOp/vit_b16_ep130_part_c_reliability_cov_tiny_vit.yaml --output-dir /home/data4t2/czhDir/PromptKD/output/part_c_reliability_cov_tiny_vit/5m_1k/resisc45/seed1_if0.1/gated_kappa32_nu8_drift0_cov0.05_min2_eps1e-8 DATASET.NUM_SHOTS -1 DATASET.LONG_TAIL.IMB_FACTOR 0.1 DATASET.LONG_TAIL.SEED 0 DATALOADER.TRAIN_X.SAMPLER RandomSampler DATALOADER.TEST.BATCH_SIZE 16 OPTIM.MAX_EPOCH 130 TRAINER.COOP_THREE_STAGE_CSC.CSC_START_EPOCH 55 TRAINER.COOP_THREE_STAGE_CSC.PHASE2_LR 0.001 TRAINER.COOP_THREE_STAGE_CSC.PHASE3_LR 0.01 TRAINER.COOP_THREE_STAGE_CSC.BETA 0.9999 TRAINER.COOP_THREE_STAGE_VIT.VARIANT 5m TRAINER.COOP_THREE_STAGE_VIT.PRETRAINED_TYPE 1k TRAINER.COOP_THREE_STAGE_VIT.STUDENT_LR 0.00005 TRAINER.COOP_PART_C.MODE gated TRAINER.COOP_PART_C.KAPPA 32.000000000000 TRAINER.COOP_PART_C_RELIABILITY.PRIOR_STRENGTH 8.000000000000 TRAINER.COOP_PART_C_RELIABILITY.EPS 1.000000000000e-08 TRAINER.COOP_PART_C_RELIABILITY.DRIFT_WEIGHT 0.000000000000 TRAINER.COOP_THREE_STAGE_CSC_RELATIVE_COV.WEIGHT 5.000000000000e-02 TRAINER.COOP_THREE_STAGE_CSC_RELATIVE_COV.MIN_SAMPLES 2 TRAINER.COOP_THREE_STAGE_CSC_RELATIVE_COV.EPS 1.000000000000e-08
 975392 2532306 Sl+        00:43 pt_data_worker  /home/data4t1/wangjielei/anaconda3/envs/dassl/bin/python train.py --root /home/data4t2/hxwDir/data --seed 1 --trainer CoOpPartCReliabilityCovTinyViT --dataset-config-file configs/datasets/long_tail/eurosat_lt.yaml --config-file configs/trainers/CoOp/vit_b16_ep130_part_c_reliability_cov_tiny_vit.yaml --output-dir /home/data4t2/czhDir/PromptKD/output/part_c_reliability_cov_tiny_vit/5m_1k/eurosat/seed1_if0.1/gated_kappa32_nu8_drift0_cov0.05_min2_eps1e-8 DATASET.NUM_SHOTS -1 DATASET.LONG_TAIL.IMB_FACTOR 0.1 DATASET.LONG_TAIL.SEED 0 DATALOADER.TRAIN_X.SAMPLER RandomSampler DATALOADER.TEST.BATCH_SIZE 16 OPTIM.MAX_EPOCH 130 TRAINER.COOP_THREE_STAGE_CSC.CSC_START_EPOCH 55 TRAINER.COOP_THREE_STAGE_CSC.PHASE2_LR 0.001 TRAINER.COOP_THREE_STAGE_CSC.PHASE3_LR 0.01 TRAINER.COOP_THREE_STAGE_CSC.BETA 0.9999 TRAINER.COOP_THREE_STAGE_VIT.VARIANT 5m TRAINER.COOP_THREE_STAGE_VIT.PRETRAINED_TYPE 1k TRAINER.COOP_THREE_STAGE_VIT.STUDENT_LR 0.00005 TRAINER.COOP_PART_C.MODE gated TRAINER.COOP_PART_C.KAPPA 32.000000000000 TRAINER.COOP_PART_C_RELIABILITY.PRIOR_STRENGTH 8.000000000000 TRAINER.COOP_PART_C_RELIABILITY.EPS 1.000000000000e-08 TRAINER.COOP_PART_C_RELIABILITY.DRIFT_WEIGHT 0.000000000000 TRAINER.COOP_THREE_STAGE_CSC_RELATIVE_COV.WEIGHT 5.000000000000e-02 TRAINER.COOP_THREE_STAGE_CSC_RELATIVE_COV.MIN_SAMPLES 2 TRAINER.COOP_THREE_STAGE_CSC_RELATIVE_COV.EPS 1.000000000000e-08
 975436 2532306 Sl+        00:43 pt_data_worker  /home/data4t1/wangjielei/anaconda3/envs/dassl/bin/python train.py --root /home/data4t2/hxwDir/data --seed 1 --trainer CoOpPartCReliabilityCovTinyViT --dataset-config-file configs/datasets/long_tail/eurosat_lt.yaml --config-file configs/trainers/CoOp/vit_b16_ep130_part_c_reliability_cov_tiny_vit.yaml --output-dir /home/data4t2/czhDir/PromptKD/output/part_c_reliability_cov_tiny_vit/5m_1k/eurosat/seed1_if0.1/gated_kappa32_nu8_drift0_cov0.05_min2_eps1e-8 DATASET.NUM_SHOTS -1 DATASET.LONG_TAIL.IMB_FACTOR 0.1 DATASET.LONG_TAIL.SEED 0 DATALOADER.TRAIN_X.SAMPLER RandomSampler DATALOADER.TEST.BATCH_SIZE 16 OPTIM.MAX_EPOCH 130 TRAINER.COOP_THREE_STAGE_CSC.CSC_START_EPOCH 55 TRAINER.COOP_THREE_STAGE_CSC.PHASE2_LR 0.001 TRAINER.COOP_THREE_STAGE_CSC.PHASE3_LR 0.01 TRAINER.COOP_THREE_STAGE_CSC.BETA 0.9999 TRAINER.COOP_THREE_STAGE_VIT.VARIANT 5m TRAINER.COOP_THREE_STAGE_VIT.PRETRAINED_TYPE 1k TRAINER.COOP_THREE_STAGE_VIT.STUDENT_LR 0.00005 TRAINER.COOP_PART_C.MODE gated TRAINER.COOP_PART_C.KAPPA 32.000000000000 TRAINER.COOP_PART_C_RELIABILITY.PRIOR_STRENGTH 8.000000000000 TRAINER.COOP_PART_C_RELIABILITY.EPS 1.000000000000e-08 TRAINER.COOP_PART_C_RELIABILITY.DRIFT_WEIGHT 0.000000000000 TRAINER.COOP_THREE_STAGE_CSC_RELATIVE_COV.WEIGHT 5.000000000000e-02 TRAINER.COOP_THREE_STAGE_CSC_RELATIVE_COV.MIN_SAMPLES 2 TRAINER.COOP_THREE_STAGE_CSC_RELATIVE_COV.EPS 1.000000000000e-08
 975477  422238 Rl         00:43 MainThread      /home/data4t1/wangjielei/.vscode-server/cli/servers/Stable-a44adf7f53e00964ab890f9f8758a334f1fc15bc/server/node /home/data4t1/wangjielei/.vscode-server/extensions/ms-python.vscode-pylance-2026.4.1/dist/server.bundle.js --cancellationReceive=file:57a720bd65d71f7b79ad37ecce4c98d21fc44b9d8b --node-ipc --clientProcessId=422238
 975499 2532306 Sl+        00:42 pt_data_worker  /home/data4t1/wangjielei/anaconda3/envs/dassl/bin/python train.py --root /home/data4t2/hxwDir/data --seed 1 --trainer CoOpPartCReliabilityCovTinyViT --dataset-config-file configs/datasets/long_tail/eurosat_lt.yaml --config-file configs/trainers/CoOp/vit_b16_ep130_part_c_reliability_cov_tiny_vit.yaml --output-dir /home/data4t2/czhDir/PromptKD/output/part_c_reliability_cov_tiny_vit/5m_1k/eurosat/seed1_if0.1/gated_kappa32_nu8_drift0_cov0.05_min2_eps1e-8 DATASET.NUM_SHOTS -1 DATASET.LONG_TAIL.IMB_FACTOR 0.1 DATASET.LONG_TAIL.SEED 0 DATALOADER.TRAIN_X.SAMPLER RandomSampler DATALOADER.TEST.BATCH_SIZE 16 OPTIM.MAX_EPOCH 130 TRAINER.COOP_THREE_STAGE_CSC.CSC_START_EPOCH 55 TRAINER.COOP_THREE_STAGE_CSC.PHASE2_LR 0.001 TRAINER.COOP_THREE_STAGE_CSC.PHASE3_LR 0.01 TRAINER.COOP_THREE_STAGE_CSC.BETA 0.9999 TRAINER.COOP_THREE_STAGE_VIT.VARIANT 5m TRAINER.COOP_THREE_STAGE_VIT.PRETRAINED_TYPE 1k TRAINER.COOP_THREE_STAGE_VIT.STUDENT_LR 0.00005 TRAINER.COOP_PART_C.MODE gated TRAINER.COOP_PART_C.KAPPA 32.000000000000 TRAINER.COOP_PART_C_RELIABILITY.PRIOR_STRENGTH 8.000000000000 TRAINER.COOP_PART_C_RELIABILITY.EPS 1.000000000000e-08 TRAINER.COOP_PART_C_RELIABILITY.DRIFT_WEIGHT 0.000000000000 TRAINER.COOP_THREE_STAGE_CSC_RELATIVE_COV.WEIGHT 5.000000000000e-02 TRAINER.COOP_THREE_STAGE_CSC_RELATIVE_COV.MIN_SAMPLES 2 TRAINER.COOP_THREE_STAGE_CSC_RELATIVE_COV.EPS 1.000000000000e-08
 975545 2532306 Sl+        00:42 pt_data_worker  /home/data4t1/wangjielei/anaconda3/envs/dassl/bin/python train.py --root /home/data4t2/hxwDir/data --seed 1 --trainer CoOpPartCReliabilityCovTinyViT --dataset-config-file configs/datasets/long_tail/eurosat_lt.yaml --config-file configs/trainers/CoOp/vit_b16_ep130_part_c_reliability_cov_tiny_vit.yaml --output-dir /home/data4t2/czhDir/PromptKD/output/part_c_reliability_cov_tiny_vit/5m_1k/eurosat/seed1_if0.1/gated_kappa32_nu8_drift0_cov0.05_min2_eps1e-8 DATASET.NUM_SHOTS -1 DATASET.LONG_TAIL.IMB_FACTOR 0.1 DATASET.LONG_TAIL.SEED 0 DATALOADER.TRAIN_X.SAMPLER RandomSampler DATALOADER.TEST.BATCH_SIZE 16 OPTIM.MAX_EPOCH 130 TRAINER.COOP_THREE_STAGE_CSC.CSC_START_EPOCH 55 TRAINER.COOP_THREE_STAGE_CSC.PHASE2_LR 0.001 TRAINER.COOP_THREE_STAGE_CSC.PHASE3_LR 0.01 TRAINER.COOP_THREE_STAGE_CSC.BETA 0.9999 TRAINER.COOP_THREE_STAGE_VIT.VARIANT 5m TRAINER.COOP_THREE_STAGE_VIT.PRETRAINED_TYPE 1k TRAINER.COOP_THREE_STAGE_VIT.STUDENT_LR 0.00005 TRAINER.COOP_PART_C.MODE gated TRAINER.COOP_PART_C.KAPPA 32.000000000000 TRAINER.COOP_PART_C_RELIABILITY.PRIOR_STRENGTH 8.000000000000 TRAINER.COOP_PART_C_RELIABILITY.EPS 1.000000000000e-08 TRAINER.COOP_PART_C_RELIABILITY.DRIFT_WEIGHT 0.000000000000 TRAINER.COOP_THREE_STAGE_CSC_RELATIVE_COV.WEIGHT 5.000000000000e-02 TRAINER.COOP_THREE_STAGE_CSC_RELATIVE_COV.MIN_SAMPLES 2 TRAINER.COOP_THREE_STAGE_CSC_RELATIVE_COV.EPS 1.000000000000e-08
 975574 2532306 Sl+        00:42 pt_data_worker  /home/data4t1/wangjielei/anaconda3/envs/dassl/bin/python train.py --root /home/data4t2/hxwDir/data --seed 1 --trainer CoOpPartCReliabilityCovTinyViT --dataset-config-file configs/datasets/long_tail/eurosat_lt.yaml --config-file configs/trainers/CoOp/vit_b16_ep130_part_c_reliability_cov_tiny_vit.yaml --output-dir /home/data4t2/czhDir/PromptKD/output/part_c_reliability_cov_tiny_vit/5m_1k/eurosat/seed1_if0.1/gated_kappa32_nu8_drift0_cov0.05_min2_eps1e-8 DATASET.NUM_SHOTS -1 DATASET.LONG_TAIL.IMB_FACTOR 0.1 DATASET.LONG_TAIL.SEED 0 DATALOADER.TRAIN_X.SAMPLER RandomSampler DATALOADER.TEST.BATCH_SIZE 16 OPTIM.MAX_EPOCH 130 TRAINER.COOP_THREE_STAGE_CSC.CSC_START_EPOCH 55 TRAINER.COOP_THREE_STAGE_CSC.PHASE2_LR 0.001 TRAINER.COOP_THREE_STAGE_CSC.PHASE3_LR 0.01 TRAINER.COOP_THREE_STAGE_CSC.BETA 0.9999 TRAINER.COOP_THREE_STAGE_VIT.VARIANT 5m TRAINER.COOP_THREE_STAGE_VIT.PRETRAINED_TYPE 1k TRAINER.COOP_THREE_STAGE_VIT.STUDENT_LR 0.00005 TRAINER.COOP_PART_C.MODE gated TRAINER.COOP_PART_C.KAPPA 32.000000000000 TRAINER.COOP_PART_C_RELIABILITY.PRIOR_STRENGTH 8.000000000000 TRAINER.COOP_PART_C_RELIABILITY.EPS 1.000000000000e-08 TRAINER.COOP_PART_C_RELIABILITY.DRIFT_WEIGHT 0.000000000000 TRAINER.COOP_THREE_STAGE_CSC_RELATIVE_COV.WEIGHT 5.000000000000e-02 TRAINER.COOP_THREE_STAGE_CSC_RELATIVE_COV.MIN_SAMPLES 2 TRAINER.COOP_THREE_STAGE_CSC_RELATIVE_COV.EPS 1.000000000000e-08
 975624 2532306 Sl+        00:42 pt_data_worker  /home/data4t1/wangjielei/anaconda3/envs/dassl/bin/python train.py --root /home/data4t2/hxwDir/data --seed 1 --trainer CoOpPartCReliabilityCovTinyViT --dataset-config-file configs/datasets/long_tail/eurosat_lt.yaml --config-file configs/trainers/CoOp/vit_b16_ep130_part_c_reliability_cov_tiny_vit.yaml --output-dir /home/data4t2/czhDir/PromptKD/output/part_c_reliability_cov_tiny_vit/5m_1k/eurosat/seed1_if0.1/gated_kappa32_nu8_drift0_cov0.05_min2_eps1e-8 DATASET.NUM_SHOTS -1 DATASET.LONG_TAIL.IMB_FACTOR 0.1 DATASET.LONG_TAIL.SEED 0 DATALOADER.TRAIN_X.SAMPLER RandomSampler DATALOADER.TEST.BATCH_SIZE 16 OPTIM.MAX_EPOCH 130 TRAINER.COOP_THREE_STAGE_CSC.CSC_START_EPOCH 55 TRAINER.COOP_THREE_STAGE_CSC.PHASE2_LR 0.001 TRAINER.COOP_THREE_STAGE_CSC.PHASE3_LR 0.01 TRAINER.COOP_THREE_STAGE_CSC.BETA 0.9999 TRAINER.COOP_THREE_STAGE_VIT.VARIANT 5m TRAINER.COOP_THREE_STAGE_VIT.PRETRAINED_TYPE 1k TRAINER.COOP_THREE_STAGE_VIT.STUDENT_LR 0.00005 TRAINER.COOP_PART_C.MODE gated TRAINER.COOP_PART_C.KAPPA 32.000000000000 TRAINER.COOP_PART_C_RELIABILITY.PRIOR_STRENGTH 8.000000000000 TRAINER.COOP_PART_C_RELIABILITY.EPS 1.000000000000e-08 TRAINER.COOP_PART_C_RELIABILITY.DRIFT_WEIGHT 0.000000000000 TRAINER.COOP_THREE_STAGE_CSC_RELATIVE_COV.WEIGHT 5.000000000000e-02 TRAINER.COOP_THREE_STAGE_CSC_RELATIVE_COV.MIN_SAMPLES 2 TRAINER.COOP_THREE_STAGE_CSC_RELATIVE_COV.EPS 1.000000000000e-08
 975662 2532306 Sl+        00:42 pt_data_worker  /home/data4t1/wangjielei/anaconda3/envs/dassl/bin/python train.py --root /home/data4t2/hxwDir/data --seed 1 --trainer CoOpPartCReliabilityCovTinyViT --dataset-config-file configs/datasets/long_tail/eurosat_lt.yaml --config-file configs/trainers/CoOp/vit_b16_ep130_part_c_reliability_cov_tiny_vit.yaml --output-dir /home/data4t2/czhDir/PromptKD/output/part_c_reliability_cov_tiny_vit/5m_1k/eurosat/seed1_if0.1/gated_kappa32_nu8_drift0_cov0.05_min2_eps1e-8 DATASET.NUM_SHOTS -1 DATASET.LONG_TAIL.IMB_FACTOR 0.1 DATASET.LONG_TAIL.SEED 0 DATALOADER.TRAIN_X.SAMPLER RandomSampler DATALOADER.TEST.BATCH_SIZE 16 OPTIM.MAX_EPOCH 130 TRAINER.COOP_THREE_STAGE_CSC.CSC_START_EPOCH 55 TRAINER.COOP_THREE_STAGE_CSC.PHASE2_LR 0.001 TRAINER.COOP_THREE_STAGE_CSC.PHASE3_LR 0.01 TRAINER.COOP_THREE_STAGE_CSC.BETA 0.9999 TRAINER.COOP_THREE_STAGE_VIT.VARIANT 5m TRAINER.COOP_THREE_STAGE_VIT.PRETRAINED_TYPE 1k TRAINER.COOP_THREE_STAGE_VIT.STUDENT_LR 0.00005 TRAINER.COOP_PART_C.MODE gated TRAINER.COOP_PART_C.KAPPA 32.000000000000 TRAINER.COOP_PART_C_RELIABILITY.PRIOR_STRENGTH 8.000000000000 TRAINER.COOP_PART_C_RELIABILITY.EPS 1.000000000000e-08 TRAINER.COOP_PART_C_RELIABILITY.DRIFT_WEIGHT 0.000000000000 TRAINER.COOP_THREE_STAGE_CSC_RELATIVE_COV.WEIGHT 5.000000000000e-02 TRAINER.COOP_THREE_STAGE_CSC_RELATIVE_COV.MIN_SAMPLES 2 TRAINER.COOP_THREE_STAGE_CSC_RELATIVE_COV.EPS 1.000000000000e-08
 975692 2532306 Sl+        00:41 pt_data_worker  /home/data4t1/wangjielei/anaconda3/envs/dassl/bin/python train.py --root /home/data4t2/hxwDir/data --seed 1 --trainer CoOpPartCReliabilityCovTinyViT --dataset-config-file configs/datasets/long_tail/eurosat_lt.yaml --config-file configs/trainers/CoOp/vit_b16_ep130_part_c_reliability_cov_tiny_vit.yaml --output-dir /home/data4t2/czhDir/PromptKD/output/part_c_reliability_cov_tiny_vit/5m_1k/eurosat/seed1_if0.1/gated_kappa32_nu8_drift0_cov0.05_min2_eps1e-8 DATASET.NUM_SHOTS -1 DATASET.LONG_TAIL.IMB_FACTOR 0.1 DATASET.LONG_TAIL.SEED 0 DATALOADER.TRAIN_X.SAMPLER RandomSampler DATALOADER.TEST.BATCH_SIZE 16 OPTIM.MAX_EPOCH 130 TRAINER.COOP_THREE_STAGE_CSC.CSC_START_EPOCH 55 TRAINER.COOP_THREE_STAGE_CSC.PHASE2_LR 0.001 TRAINER.COOP_THREE_STAGE_CSC.PHASE3_LR 0.01 TRAINER.COOP_THREE_STAGE_CSC.BETA 0.9999 TRAINER.COOP_THREE_STAGE_VIT.VARIANT 5m TRAINER.COOP_THREE_STAGE_VIT.PRETRAINED_TYPE 1k TRAINER.COOP_THREE_STAGE_VIT.STUDENT_LR 0.00005 TRAINER.COOP_PART_C.MODE gated TRAINER.COOP_PART_C.KAPPA 32.000000000000 TRAINER.COOP_PART_C_RELIABILITY.PRIOR_STRENGTH 8.000000000000 TRAINER.COOP_PART_C_RELIABILITY.EPS 1.000000000000e-08 TRAINER.COOP_PART_C_RELIABILITY.DRIFT_WEIGHT 0.000000000000 TRAINER.COOP_THREE_STAGE_CSC_RELATIVE_COV.WEIGHT 5.000000000000e-02 TRAINER.COOP_THREE_STAGE_CSC_RELATIVE_COV.MIN_SAMPLES 2 TRAINER.COOP_THREE_STAGE_CSC_RELATIVE_COV.EPS 1.000000000000e-08
 980161  203339 Sl+        00:18 pt_data_worker  /home/data4t1/wangjielei/anaconda3/envs/dassl/bin/python train.py --root /home/data4t2/hxwDir/data --seed 1 --trainer CoOpPartCReliabilityCovTinyViT --dataset-config-file configs/datasets/long_tail/sun397_lt.yaml --config-file configs/trainers/CoOp/vit_b16_ep130_part_c_reliability_cov_tiny_vit.yaml --output-dir /home/data4t2/czhDir/PromptKD/output/part_c_reliability_cov_tiny_vit/5m_1k/sun397/seed1_if0.1/gated_kappa32_nu8_drift0_cov0.05_min2_eps1e-8 DATASET.NUM_SHOTS -1 DATASET.LONG_TAIL.IMB_FACTOR 0.1 DATASET.LONG_TAIL.SEED 0 DATALOADER.TRAIN_X.SAMPLER RandomSampler DATALOADER.TEST.BATCH_SIZE 16 OPTIM.MAX_EPOCH 130 TRAINER.COOP_THREE_STAGE_CSC.CSC_START_EPOCH 55 TRAINER.COOP_THREE_STAGE_CSC.PHASE2_LR 0.001 TRAINER.COOP_THREE_STAGE_CSC.PHASE3_LR 0.01 TRAINER.COOP_THREE_STAGE_CSC.BETA 0.9999 TRAINER.COOP_THREE_STAGE_VIT.VARIANT 5m TRAINER.COOP_THREE_STAGE_VIT.PRETRAINED_TYPE 1k TRAINER.COOP_THREE_STAGE_VIT.STUDENT_LR 0.00005 TRAINER.COOP_PART_C.MODE gated TRAINER.COOP_PART_C.KAPPA 32.000000000000 TRAINER.COOP_PART_C_RELIABILITY.PRIOR_STRENGTH 8.000000000000 TRAINER.COOP_PART_C_RELIABILITY.EPS 1.000000000000e-08 TRAINER.COOP_PART_C_RELIABILITY.DRIFT_WEIGHT 0.000000000000 TRAINER.COOP_THREE_STAGE_CSC_RELATIVE_COV.WEIGHT 5.000000000000e-02 TRAINER.COOP_THREE_STAGE_CSC_RELATIVE_COV.MIN_SAMPLES 2 TRAINER.COOP_THREE_STAGE_CSC_RELATIVE_COV.EPS 1.000000000000e-08
 980237  203339 Sl+        00:18 pt_data_worker  /home/data4t1/wangjielei/anaconda3/envs/dassl/bin/python train.py --root /home/data4t2/hxwDir/data --seed 1 --trainer CoOpPartCReliabilityCovTinyViT --dataset-config-file configs/datasets/long_tail/sun397_lt.yaml --config-file configs/trainers/CoOp/vit_b16_ep130_part_c_reliability_cov_tiny_vit.yaml --output-dir /home/data4t2/czhDir/PromptKD/output/part_c_reliability_cov_tiny_vit/5m_1k/sun397/seed1_if0.1/gated_kappa32_nu8_drift0_cov0.05_min2_eps1e-8 DATASET.NUM_SHOTS -1 DATASET.LONG_TAIL.IMB_FACTOR 0.1 DATASET.LONG_TAIL.SEED 0 DATALOADER.TRAIN_X.SAMPLER RandomSampler DATALOADER.TEST.BATCH_SIZE 16 OPTIM.MAX_EPOCH 130 TRAINER.COOP_THREE_STAGE_CSC.CSC_START_EPOCH 55 TRAINER.COOP_THREE_STAGE_CSC.PHASE2_LR 0.001 TRAINER.COOP_THREE_STAGE_CSC.PHASE3_LR 0.01 TRAINER.COOP_THREE_STAGE_CSC.BETA 0.9999 TRAINER.COOP_THREE_STAGE_VIT.VARIANT 5m TRAINER.COOP_THREE_STAGE_VIT.PRETRAINED_TYPE 1k TRAINER.COOP_THREE_STAGE_VIT.STUDENT_LR 0.00005 TRAINER.COOP_PART_C.MODE gated TRAINER.COOP_PART_C.KAPPA 32.000000000000 TRAINER.COOP_PART_C_RELIABILITY.PRIOR_STRENGTH 8.000000000000 TRAINER.COOP_PART_C_RELIABILITY.EPS 1.000000000000e-08 TRAINER.COOP_PART_C_RELIABILITY.DRIFT_WEIGHT 0.000000000000 TRAINER.COOP_THREE_STAGE_CSC_RELATIVE_COV.WEIGHT 5.000000000000e-02 TRAINER.COOP_THREE_STAGE_CSC_RELATIVE_COV.MIN_SAMPLES 2 TRAINER.COOP_THREE_STAGE_CSC_RELATIVE_COV.EPS 1.000000000000e-08
 980322  203339 Sl+        00:17 pt_data_worker  /home/data4t1/wangjielei/anaconda3/envs/dassl/bin/python train.py --root /home/data4t2/hxwDir/data --seed 1 --trainer CoOpPartCReliabilityCovTinyViT --dataset-config-file configs/datasets/long_tail/sun397_lt.yaml --config-file configs/trainers/CoOp/vit_b16_ep130_part_c_reliability_cov_tiny_vit.yaml --output-dir /home/data4t2/czhDir/PromptKD/output/part_c_reliability_cov_tiny_vit/5m_1k/sun397/seed1_if0.1/gated_kappa32_nu8_drift0_cov0.05_min2_eps1e-8 DATASET.NUM_SHOTS -1 DATASET.LONG_TAIL.IMB_FACTOR 0.1 DATASET.LONG_TAIL.SEED 0 DATALOADER.TRAIN_X.SAMPLER RandomSampler DATALOADER.TEST.BATCH_SIZE 16 OPTIM.MAX_EPOCH 130 TRAINER.COOP_THREE_STAGE_CSC.CSC_START_EPOCH 55 TRAINER.COOP_THREE_STAGE_CSC.PHASE2_LR 0.001 TRAINER.COOP_THREE_STAGE_CSC.PHASE3_LR 0.01 TRAINER.COOP_THREE_STAGE_CSC.BETA 0.9999 TRAINER.COOP_THREE_STAGE_VIT.VARIANT 5m TRAINER.COOP_THREE_STAGE_VIT.PRETRAINED_TYPE 1k TRAINER.COOP_THREE_STAGE_VIT.STUDENT_LR 0.00005 TRAINER.COOP_PART_C.MODE gated TRAINER.COOP_PART_C.KAPPA 32.000000000000 TRAINER.COOP_PART_C_RELIABILITY.PRIOR_STRENGTH 8.000000000000 TRAINER.COOP_PART_C_RELIABILITY.EPS 1.000000000000e-08 TRAINER.COOP_PART_C_RELIABILITY.DRIFT_WEIGHT 0.000000000000 TRAINER.COOP_THREE_STAGE_CSC_RELATIVE_COV.WEIGHT 5.000000000000e-02 TRAINER.COOP_THREE_STAGE_CSC_RELATIVE_COV.MIN_SAMPLES 2 TRAINER.COOP_THREE_STAGE_CSC_RELATIVE_COV.EPS 1.000000000000e-08
 980344  203339 Sl+        00:17 pt_data_worker  /home/data4t1/wangjielei/anaconda3/envs/dassl/bin/python train.py --root /home/data4t2/hxwDir/data --seed 1 --trainer CoOpPartCReliabilityCovTinyViT --dataset-config-file configs/datasets/long_tail/sun397_lt.yaml --config-file configs/trainers/CoOp/vit_b16_ep130_part_c_reliability_cov_tiny_vit.yaml --output-dir /home/data4t2/czhDir/PromptKD/output/part_c_reliability_cov_tiny_vit/5m_1k/sun397/seed1_if0.1/gated_kappa32_nu8_drift0_cov0.05_min2_eps1e-8 DATASET.NUM_SHOTS -1 DATASET.LONG_TAIL.IMB_FACTOR 0.1 DATASET.LONG_TAIL.SEED 0 DATALOADER.TRAIN_X.SAMPLER RandomSampler DATALOADER.TEST.BATCH_SIZE 16 OPTIM.MAX_EPOCH 130 TRAINER.COOP_THREE_STAGE_CSC.CSC_START_EPOCH 55 TRAINER.COOP_THREE_STAGE_CSC.PHASE2_LR 0.001 TRAINER.COOP_THREE_STAGE_CSC.PHASE3_LR 0.01 TRAINER.COOP_THREE_STAGE_CSC.BETA 0.9999 TRAINER.COOP_THREE_STAGE_VIT.VARIANT 5m TRAINER.COOP_THREE_STAGE_VIT.PRETRAINED_TYPE 1k TRAINER.COOP_THREE_STAGE_VIT.STUDENT_LR 0.00005 TRAINER.COOP_PART_C.MODE gated TRAINER.COOP_PART_C.KAPPA 32.000000000000 TRAINER.COOP_PART_C_RELIABILITY.PRIOR_STRENGTH 8.000000000000 TRAINER.COOP_PART_C_RELIABILITY.EPS 1.000000000000e-08 TRAINER.COOP_PART_C_RELIABILITY.DRIFT_WEIGHT 0.000000000000 TRAINER.COOP_THREE_STAGE_CSC_RELATIVE_COV.WEIGHT 5.000000000000e-02 TRAINER.COOP_THREE_STAGE_CSC_RELATIVE_COV.MIN_SAMPLES 2 TRAINER.COOP_THREE_STAGE_CSC_RELATIVE_COV.EPS 1.000000000000e-08
 980387  203339 Sl+        00:17 pt_data_worker  /home/data4t1/wangjielei/anaconda3/envs/dassl/bin/python train.py --root /home/data4t2/hxwDir/data --seed 1 --trainer CoOpPartCReliabilityCovTinyViT --dataset-config-file configs/datasets/long_tail/sun397_lt.yaml --config-file configs/trainers/CoOp/vit_b16_ep130_part_c_reliability_cov_tiny_vit.yaml --output-dir /home/data4t2/czhDir/PromptKD/output/part_c_reliability_cov_tiny_vit/5m_1k/sun397/seed1_if0.1/gated_kappa32_nu8_drift0_cov0.05_min2_eps1e-8 DATASET.NUM_SHOTS -1 DATASET.LONG_TAIL.IMB_FACTOR 0.1 DATASET.LONG_TAIL.SEED 0 DATALOADER.TRAIN_X.SAMPLER RandomSampler DATALOADER.TEST.BATCH_SIZE 16 OPTIM.MAX_EPOCH 130 TRAINER.COOP_THREE_STAGE_CSC.CSC_START_EPOCH 55 TRAINER.COOP_THREE_STAGE_CSC.PHASE2_LR 0.001 TRAINER.COOP_THREE_STAGE_CSC.PHASE3_LR 0.01 TRAINER.COOP_THREE_STAGE_CSC.BETA 0.9999 TRAINER.COOP_THREE_STAGE_VIT.VARIANT 5m TRAINER.COOP_THREE_STAGE_VIT.PRETRAINED_TYPE 1k TRAINER.COOP_THREE_STAGE_VIT.STUDENT_LR 0.00005 TRAINER.COOP_PART_C.MODE gated TRAINER.COOP_PART_C.KAPPA 32.000000000000 TRAINER.COOP_PART_C_RELIABILITY.PRIOR_STRENGTH 8.000000000000 TRAINER.COOP_PART_C_RELIABILITY.EPS 1.000000000000e-08 TRAINER.COOP_PART_C_RELIABILITY.DRIFT_WEIGHT 0.000000000000 TRAINER.COOP_THREE_STAGE_CSC_RELATIVE_COV.WEIGHT 5.000000000000e-02 TRAINER.COOP_THREE_STAGE_CSC_RELATIVE_COV.MIN_SAMPLES 2 TRAINER.COOP_THREE_STAGE_CSC_RELATIVE_COV.EPS 1.000000000000e-08
 980491  203339 Sl+        00:17 pt_data_worker  /home/data4t1/wangjielei/anaconda3/envs/dassl/bin/python train.py --root /home/data4t2/hxwDir/data --seed 1 --trainer CoOpPartCReliabilityCovTinyViT --dataset-config-file configs/datasets/long_tail/sun397_lt.yaml --config-file configs/trainers/CoOp/vit_b16_ep130_part_c_reliability_cov_tiny_vit.yaml --output-dir /home/data4t2/czhDir/PromptKD/output/part_c_reliability_cov_tiny_vit/5m_1k/sun397/seed1_if0.1/gated_kappa32_nu8_drift0_cov0.05_min2_eps1e-8 DATASET.NUM_SHOTS -1 DATASET.LONG_TAIL.IMB_FACTOR 0.1 DATASET.LONG_TAIL.SEED 0 DATALOADER.TRAIN_X.SAMPLER RandomSampler DATALOADER.TEST.BATCH_SIZE 16 OPTIM.MAX_EPOCH 130 TRAINER.COOP_THREE_STAGE_CSC.CSC_START_EPOCH 55 TRAINER.COOP_THREE_STAGE_CSC.PHASE2_LR 0.001 TRAINER.COOP_THREE_STAGE_CSC.PHASE3_LR 0.01 TRAINER.COOP_THREE_STAGE_CSC.BETA 0.9999 TRAINER.COOP_THREE_STAGE_VIT.VARIANT 5m TRAINER.COOP_THREE_STAGE_VIT.PRETRAINED_TYPE 1k TRAINER.COOP_THREE_STAGE_VIT.STUDENT_LR 0.00005 TRAINER.COOP_PART_C.MODE gated TRAINER.COOP_PART_C.KAPPA 32.000000000000 TRAINER.COOP_PART_C_RELIABILITY.PRIOR_STRENGTH 8.000000000000 TRAINER.COOP_PART_C_RELIABILITY.EPS 1.000000000000e-08 TRAINER.COOP_PART_C_RELIABILITY.DRIFT_WEIGHT 0.000000000000 TRAINER.COOP_THREE_STAGE_CSC_RELATIVE_COV.WEIGHT 5.000000000000e-02 TRAINER.COOP_THREE_STAGE_CSC_RELATIVE_COV.MIN_SAMPLES 2 TRAINER.COOP_THREE_STAGE_CSC_RELATIVE_COV.EPS 1.000000000000e-08
 980544  203339 Sl+        00:16 pt_data_worker  /home/data4t1/wangjielei/anaconda3/envs/dassl/bin/python train.py --root /home/data4t2/hxwDir/data --seed 1 --trainer CoOpPartCReliabilityCovTinyViT --dataset-config-file configs/datasets/long_tail/sun397_lt.yaml --config-file configs/trainers/CoOp/vit_b16_ep130_part_c_reliability_cov_tiny_vit.yaml --output-dir /home/data4t2/czhDir/PromptKD/output/part_c_reliability_cov_tiny_vit/5m_1k/sun397/seed1_if0.1/gated_kappa32_nu8_drift0_cov0.05_min2_eps1e-8 DATASET.NUM_SHOTS -1 DATASET.LONG_TAIL.IMB_FACTOR 0.1 DATASET.LONG_TAIL.SEED 0 DATALOADER.TRAIN_X.SAMPLER RandomSampler DATALOADER.TEST.BATCH_SIZE 16 OPTIM.MAX_EPOCH 130 TRAINER.COOP_THREE_STAGE_CSC.CSC_START_EPOCH 55 TRAINER.COOP_THREE_STAGE_CSC.PHASE2_LR 0.001 TRAINER.COOP_THREE_STAGE_CSC.PHASE3_LR 0.01 TRAINER.COOP_THREE_STAGE_CSC.BETA 0.9999 TRAINER.COOP_THREE_STAGE_VIT.VARIANT 5m TRAINER.COOP_THREE_STAGE_VIT.PRETRAINED_TYPE 1k TRAINER.COOP_THREE_STAGE_VIT.STUDENT_LR 0.00005 TRAINER.COOP_PART_C.MODE gated TRAINER.COOP_PART_C.KAPPA 32.000000000000 TRAINER.COOP_PART_C_RELIABILITY.PRIOR_STRENGTH 8.000000000000 TRAINER.COOP_PART_C_RELIABILITY.EPS 1.000000000000e-08 TRAINER.COOP_PART_C_RELIABILITY.DRIFT_WEIGHT 0.000000000000 TRAINER.COOP_THREE_STAGE_CSC_RELATIVE_COV.WEIGHT 5.000000000000e-02 TRAINER.COOP_THREE_STAGE_CSC_RELATIVE_COV.MIN_SAMPLES 2 TRAINER.COOP_THREE_STAGE_CSC_RELATIVE_COV.EPS 1.000000000000e-08
 980570  203339 Sl+        00:16 pt_data_worker  /home/data4t1/wangjielei/anaconda3/envs/dassl/bin/python train.py --root /home/data4t2/hxwDir/data --seed 1 --trainer CoOpPartCReliabilityCovTinyViT --dataset-config-file configs/datasets/long_tail/sun397_lt.yaml --config-file configs/trainers/CoOp/vit_b16_ep130_part_c_reliability_cov_tiny_vit.yaml --output-dir /home/data4t2/czhDir/PromptKD/output/part_c_reliability_cov_tiny_vit/5m_1k/sun397/seed1_if0.1/gated_kappa32_nu8_drift0_cov0.05_min2_eps1e-8 DATASET.NUM_SHOTS -1 DATASET.LONG_TAIL.IMB_FACTOR 0.1 DATASET.LONG_TAIL.SEED 0 DATALOADER.TRAIN_X.SAMPLER RandomSampler DATALOADER.TEST.BATCH_SIZE 16 OPTIM.MAX_EPOCH 130 TRAINER.COOP_THREE_STAGE_CSC.CSC_START_EPOCH 55 TRAINER.COOP_THREE_STAGE_CSC.PHASE2_LR 0.001 TRAINER.COOP_THREE_STAGE_CSC.PHASE3_LR 0.01 TRAINER.COOP_THREE_STAGE_CSC.BETA 0.9999 TRAINER.COOP_THREE_STAGE_VIT.VARIANT 5m TRAINER.COOP_THREE_STAGE_VIT.PRETRAINED_TYPE 1k TRAINER.COOP_THREE_STAGE_VIT.STUDENT_LR 0.00005 TRAINER.COOP_PART_C.MODE gated TRAINER.COOP_PART_C.KAPPA 32.000000000000 TRAINER.COOP_PART_C_RELIABILITY.PRIOR_STRENGTH 8.000000000000 TRAINER.COOP_PART_C_RELIABILITY.EPS 1.000000000000e-08 TRAINER.COOP_PART_C_RELIABILITY.DRIFT_WEIGHT 0.000000000000 TRAINER.COOP_THREE_STAGE_CSC_RELATIVE_COV.WEIGHT 5.000000000000e-02 TRAINER.COOP_THREE_STAGE_CSC_RELATIVE_COV.MIN_SAMPLES 2 TRAINER.COOP_THREE_STAGE_CSC_RELATIVE_COV.EPS 1.000000000000e-08
 982011 1833615 Ss         00:02 bash            /bin/bash -lc { date -u '+SNAPSHOT_UTC=%Y-%m-%dT%H:%M:%SZ'; printf '\n=== npu-smi info ===\n'; npu-smi info; printf '\n=== relevant host processes ===\n'; ps -eo pid,ppid,stat,etime,comm,args | rg '[p]ython|[v]llm|[a]scend|[n]pu|[s]ync_barrier|[c]orrectness_runner' || true; printf '\n=== compiled identities ===\n'; sha256sum '本地实验/SYNC-BARRIER-ELISION-X/V059/parent.asc' '本地实验/SYNC-BARRIER-ELISION-X/V059/submission.asc' /tmp/sync-barrier-elision-v059.6mQO2j/sync_barrier_elision_v059 /tmp/sync-barrier-elision-v059.6mQO2j/sync_barrier_elision_correctness; } 2>&1 | tee '本地实验/SYNC-BARRIER-ELISION-X/V059/logs/device3-postcompile-precorrectness-snapshot.log'
 982015  982011 S          00:02 bash            /bin/bash -lc { date -u '+SNAPSHOT_UTC=%Y-%m-%dT%H:%M:%SZ'; printf '\n=== npu-smi info ===\n'; npu-smi info; printf '\n=== relevant host processes ===\n'; ps -eo pid,ppid,stat,etime,comm,args | rg '[p]ython|[v]llm|[a]scend|[n]pu|[s]ync_barrier|[c]orrectness_runner' || true; printf '\n=== compiled identities ===\n'; sha256sum '本地实验/SYNC-BARRIER-ELISION-X/V059/parent.asc' '本地实验/SYNC-BARRIER-ELISION-X/V059/submission.asc' /tmp/sync-barrier-elision-v059.6mQO2j/sync_barrier_elision_v059 /tmp/sync-barrier-elision-v059.6mQO2j/sync_barrier_elision_correctness; } 2>&1 | tee '本地实验/SYNC-BARRIER-ELISION-X/V059/logs/device3-postcompile-precorrectness-snapshot.log'
 982076  239676 Sl+        00:01 npu-smi         npu-smi info
 982077 2483105 S+         00:01 watch           watch -n 1 npu-smi info
 982078  982077 S+         00:01 sh              sh -c npu-smi info
 982079  982078 Sl+        00:01 npu-smi         npu-smi info
 982118    8992 S+         00:01 watch           watch -n 2 npu-smi info
 982119  982118 S+         00:01 sh              sh -c npu-smi info
 982122  982119 Sl+        00:01 npu-smi         npu-smi info
 982145 4178764 Sl+        00:01 npu-smi         npu-smi info
 982165  239676 Sl+        00:01 npu-smi         npu-smi info
 982185 2916664 Sl+        00:01 npu-smi         npu-smi info
 982213 3838590 Sl+        00:01 npu-smi         npu-smi info -t usages -i 5 -c 0
1175415 2937312 Ss+  51-16:02:54 tail            tail -F /home/data4t2/hxwDir/hxw_moved/verl-npu-opd/logs/opd-sampled-6npu-2048-b24-graph-micro8.log
2033118 3834144 Sl+  78-23:57:51 nputop          /home/data4t1/hxw/anaconda3/bin/python3.10 /home/data4t1/hxw/anaconda3/bin/nputop
2431193 1414382 Sl+  14-00:42:29 nputop          /home/data4t1/wangjielei/anaconda3/bin/python3.10 /home/data4t1/wangjielei/anaconda3/bin/nputop
2483105 2915079 S+   182-05:26:24 watch          watch -n 1 npu-smi info
2532306 2532253 Rl+     04:07:43 python          /home/data4t1/wangjielei/anaconda3/envs/dassl/bin/python train.py --root /home/data4t2/hxwDir/data --seed 1 --trainer CoOpPartCReliabilityCovTinyViT --dataset-config-file configs/datasets/long_tail/eurosat_lt.yaml --config-file configs/trainers/CoOp/vit_b16_ep130_part_c_reliability_cov_tiny_vit.yaml --output-dir /home/data4t2/czhDir/PromptKD/output/part_c_reliability_cov_tiny_vit/5m_1k/eurosat/seed1_if0.1/gated_kappa32_nu8_drift0_cov0.05_min2_eps1e-8 DATASET.NUM_SHOTS -1 DATASET.LONG_TAIL.IMB_FACTOR 0.1 DATASET.LONG_TAIL.SEED 0 DATALOADER.TRAIN_X.SAMPLER RandomSampler DATALOADER.TEST.BATCH_SIZE 16 OPTIM.MAX_EPOCH 130 TRAINER.COOP_THREE_STAGE_CSC.CSC_START_EPOCH 55 TRAINER.COOP_THREE_STAGE_CSC.PHASE2_LR 0.001 TRAINER.COOP_THREE_STAGE_CSC.PHASE3_LR 0.01 TRAINER.COOP_THREE_STAGE_CSC.BETA 0.9999 TRAINER.COOP_THREE_STAGE_VIT.VARIANT 5m TRAINER.COOP_THREE_STAGE_VIT.PRETRAINED_TYPE 1k TRAINER.COOP_THREE_STAGE_VIT.STUDENT_LR 0.00005 TRAINER.COOP_PART_C.MODE gated TRAINER.COOP_PART_C.KAPPA 32.000000000000 TRAINER.COOP_PART_C_RELIABILITY.PRIOR_STRENGTH 8.000000000000 TRAINER.COOP_PART_C_RELIABILITY.EPS 1.000000000000e-08 TRAINER.COOP_PART_C_RELIABILITY.DRIFT_WEIGHT 0.000000000000 TRAINER.COOP_THREE_STAGE_CSC_RELATIVE_COV.WEIGHT 5.000000000000e-02 TRAINER.COOP_THREE_STAGE_CSC_RELATIVE_COV.MIN_SAMPLES 2 TRAINER.COOP_THREE_STAGE_CSC_RELATIVE_COV.EPS 1.000000000000e-08
2532308 2532257 Sl+     04:07:43 python          /home/data4t1/wangjielei/anaconda3/envs/dassl/bin/python train.py --root /home/data4t2/czhDir/data --seed 1 --trainer CoOpPartCReliabilityCovTinyViT --dataset-config-file configs/datasets/long_tail/nwpu_resisc45_lt.yaml --config-file configs/trainers/CoOp/vit_b16_ep130_part_c_reliability_cov_tiny_vit.yaml --output-dir /home/data4t2/czhDir/PromptKD/output/part_c_reliability_cov_tiny_vit/5m_1k/resisc45/seed1_if0.1/gated_kappa32_nu8_drift0_cov0.05_min2_eps1e-8 DATASET.NUM_SHOTS -1 DATASET.LONG_TAIL.IMB_FACTOR 0.1 DATASET.LONG_TAIL.SEED 0 DATALOADER.TRAIN_X.SAMPLER RandomSampler DATALOADER.TEST.BATCH_SIZE 16 OPTIM.MAX_EPOCH 130 TRAINER.COOP_THREE_STAGE_CSC.CSC_START_EPOCH 55 TRAINER.COOP_THREE_STAGE_CSC.PHASE2_LR 0.001 TRAINER.COOP_THREE_STAGE_CSC.PHASE3_LR 0.01 TRAINER.COOP_THREE_STAGE_CSC.BETA 0.9999 TRAINER.COOP_THREE_STAGE_VIT.VARIANT 5m TRAINER.COOP_THREE_STAGE_VIT.PRETRAINED_TYPE 1k TRAINER.COOP_THREE_STAGE_VIT.STUDENT_LR 0.00005 TRAINER.COOP_PART_C.MODE gated TRAINER.COOP_PART_C.KAPPA 32.000000000000 TRAINER.COOP_PART_C_RELIABILITY.PRIOR_STRENGTH 8.000000000000 TRAINER.COOP_PART_C_RELIABILITY.EPS 1.000000000000e-08 TRAINER.COOP_PART_C_RELIABILITY.DRIFT_WEIGHT 0.000000000000 TRAINER.COOP_THREE_STAGE_CSC_RELATIVE_COV.WEIGHT 5.000000000000e-02 TRAINER.COOP_THREE_STAGE_CSC_RELATIVE_COV.MIN_SAMPLES 2 TRAINER.COOP_THREE_STAGE_CSC_RELATIVE_COV.EPS 1.000000000000e-08
2541200 2532306 Sl+     04:07:06 python          /home/data4t1/wangjielei/anaconda3/envs/dassl/bin/python train.py --root /home/data4t2/hxwDir/data --seed 1 --trainer CoOpPartCReliabilityCovTinyViT --dataset-config-file configs/datasets/long_tail/eurosat_lt.yaml --config-file configs/trainers/CoOp/vit_b16_ep130_part_c_reliability_cov_tiny_vit.yaml --output-dir /home/data4t2/czhDir/PromptKD/output/part_c_reliability_cov_tiny_vit/5m_1k/eurosat/seed1_if0.1/gated_kappa32_nu8_drift0_cov0.05_min2_eps1e-8 DATASET.NUM_SHOTS -1 DATASET.LONG_TAIL.IMB_FACTOR 0.1 DATASET.LONG_TAIL.SEED 0 DATALOADER.TRAIN_X.SAMPLER RandomSampler DATALOADER.TEST.BATCH_SIZE 16 OPTIM.MAX_EPOCH 130 TRAINER.COOP_THREE_STAGE_CSC.CSC_START_EPOCH 55 TRAINER.COOP_THREE_STAGE_CSC.PHASE2_LR 0.001 TRAINER.COOP_THREE_STAGE_CSC.PHASE3_LR 0.01 TRAINER.COOP_THREE_STAGE_CSC.BETA 0.9999 TRAINER.COOP_THREE_STAGE_VIT.VARIANT 5m TRAINER.COOP_THREE_STAGE_VIT.PRETRAINED_TYPE 1k TRAINER.COOP_THREE_STAGE_VIT.STUDENT_LR 0.00005 TRAINER.COOP_PART_C.MODE gated TRAINER.COOP_PART_C.KAPPA 32.000000000000 TRAINER.COOP_PART_C_RELIABILITY.PRIOR_STRENGTH 8.000000000000 TRAINER.COOP_PART_C_RELIABILITY.EPS 1.000000000000e-08 TRAINER.COOP_PART_C_RELIABILITY.DRIFT_WEIGHT 0.000000000000 TRAINER.COOP_THREE_STAGE_CSC_RELATIVE_COV.WEIGHT 5.000000000000e-02 TRAINER.COOP_THREE_STAGE_CSC_RELATIVE_COV.MIN_SAMPLES 2 TRAINER.COOP_THREE_STAGE_CSC_RELATIVE_COV.EPS 1.000000000000e-08
2541258 2532306 S+      04:07:06 python          /home/data4t1/wangjielei/anaconda3/envs/dassl/bin/python -c from multiprocessing.resource_tracker import main;main(27)
2541259 2532306 S+      04:07:06 python          /home/data4t1/wangjielei/anaconda3/envs/dassl/bin/python -c from multiprocessing.forkserver import main; main(27, 30, [], **{})
2541260 2541259 Sl+     04:07:06 python          /home/data4t1/wangjielei/anaconda3/envs/dassl/bin/python -c from multiprocessing.forkserver import main; main(27, 30, [], **{})
2541261 2541259 Sl+     04:07:06 python          /home/data4t1/wangjielei/anaconda3/envs/dassl/bin/python -c from multiprocessing.forkserver import main; main(27, 30, [], **{})
2541262 2541259 Sl+     04:07:06 python          /home/data4t1/wangjielei/anaconda3/envs/dassl/bin/python -c from multiprocessing.forkserver import main; main(27, 30, [], **{})
2541263 2541259 Sl+     04:07:06 python          /home/data4t1/wangjielei/anaconda3/envs/dassl/bin/python -c from multiprocessing.forkserver import main; main(27, 30, [], **{})
2541264 2541259 Sl+     04:07:06 python          /home/data4t1/wangjielei/anaconda3/envs/dassl/bin/python -c from multiprocessing.forkserver import main; main(27, 30, [], **{})
2541265 2541259 Sl+     04:07:06 python          /home/data4t1/wangjielei/anaconda3/envs/dassl/bin/python -c from multiprocessing.forkserver import main; main(27, 30, [], **{})
2541266 2541259 Sl+     04:07:06 python          /home/data4t1/wangjielei/anaconda3/envs/dassl/bin/python -c from multiprocessing.forkserver import main; main(27, 30, [], **{})
2541267 2541259 Sl+     04:07:06 python          /home/data4t1/wangjielei/anaconda3/envs/dassl/bin/python -c from multiprocessing.forkserver import main; main(27, 30, [], **{})
2541268 2541259 Sl+     04:07:06 python          /home/data4t1/wangjielei/anaconda3/envs/dassl/bin/python -c from multiprocessing.forkserver import main; main(27, 30, [], **{})
2541438 2532308 Sl+     04:07:06 python          /home/data4t1/wangjielei/anaconda3/envs/dassl/bin/python train.py --root /home/data4t2/czhDir/data --seed 1 --trainer CoOpPartCReliabilityCovTinyViT --dataset-config-file configs/datasets/long_tail/nwpu_resisc45_lt.yaml --config-file configs/trainers/CoOp/vit_b16_ep130_part_c_reliability_cov_tiny_vit.yaml --output-dir /home/data4t2/czhDir/PromptKD/output/part_c_reliability_cov_tiny_vit/5m_1k/resisc45/seed1_if0.1/gated_kappa32_nu8_drift0_cov0.05_min2_eps1e-8 DATASET.NUM_SHOTS -1 DATASET.LONG_TAIL.IMB_FACTOR 0.1 DATASET.LONG_TAIL.SEED 0 DATALOADER.TRAIN_X.SAMPLER RandomSampler DATALOADER.TEST.BATCH_SIZE 16 OPTIM.MAX_EPOCH 130 TRAINER.COOP_THREE_STAGE_CSC.CSC_START_EPOCH 55 TRAINER.COOP_THREE_STAGE_CSC.PHASE2_LR 0.001 TRAINER.COOP_THREE_STAGE_CSC.PHASE3_LR 0.01 TRAINER.COOP_THREE_STAGE_CSC.BETA 0.9999 TRAINER.COOP_THREE_STAGE_VIT.VARIANT 5m TRAINER.COOP_THREE_STAGE_VIT.PRETRAINED_TYPE 1k TRAINER.COOP_THREE_STAGE_VIT.STUDENT_LR 0.00005 TRAINER.COOP_PART_C.MODE gated TRAINER.COOP_PART_C.KAPPA 32.000000000000 TRAINER.COOP_PART_C_RELIABILITY.PRIOR_STRENGTH 8.000000000000 TRAINER.COOP_PART_C_RELIABILITY.EPS 1.000000000000e-08 TRAINER.COOP_PART_C_RELIABILITY.DRIFT_WEIGHT 0.000000000000 TRAINER.COOP_THREE_STAGE_CSC_RELATIVE_COV.WEIGHT 5.000000000000e-02 TRAINER.COOP_THREE_STAGE_CSC_RELATIVE_COV.MIN_SAMPLES 2 TRAINER.COOP_THREE_STAGE_CSC_RELATIVE_COV.EPS 1.000000000000e-08
2541547 2532308 S+      04:07:06 python          /home/data4t1/wangjielei/anaconda3/envs/dassl/bin/python -c from multiprocessing.resource_tracker import main;main(27)
2541548 2532308 S+      04:07:06 python          /home/data4t1/wangjielei/anaconda3/envs/dassl/bin/python -c from multiprocessing.forkserver import main; main(27, 30, [], **{})
2541556 2541548 Sl+     04:07:05 python          /home/data4t1/wangjielei/anaconda3/envs/dassl/bin/python -c from multiprocessing.forkserver import main; main(27, 30, [], **{})
2541559 2541548 Sl+     04:07:05 python          /home/data4t1/wangjielei/anaconda3/envs/dassl/bin/python -c from multiprocessing.forkserver import main; main(27, 30, [], **{})
2541560 2541548 Sl+     04:07:05 python          /home/data4t1/wangjielei/anaconda3/envs/dassl/bin/python -c from multiprocessing.forkserver import main; main(27, 30, [], **{})
2541561 2541548 Sl+     04:07:05 python          /home/data4t1/wangjielei/anaconda3/envs/dassl/bin/python -c from multiprocessing.forkserver import main; main(27, 30, [], **{})
2541562 2541548 Sl+     04:07:05 python          /home/data4t1/wangjielei/anaconda3/envs/dassl/bin/python -c from multiprocessing.forkserver import main; main(27, 30, [], **{})
2541563 2541548 Sl+     04:07:05 python          /home/data4t1/wangjielei/anaconda3/envs/dassl/bin/python -c from multiprocessing.forkserver import main; main(27, 30, [], **{})
2541564 2541548 Sl+     04:07:05 python          /home/data4t1/wangjielei/anaconda3/envs/dassl/bin/python -c from multiprocessing.forkserver import main; main(27, 30, [], **{})
2541565 2541548 Sl+     04:07:05 python          /home/data4t1/wangjielei/anaconda3/envs/dassl/bin/python -c from multiprocessing.forkserver import main; main(27, 30, [], **{})
2541566 2541548 Sl+     04:07:05 python          /home/data4t1/wangjielei/anaconda3/envs/dassl/bin/python -c from multiprocessing.forkserver import main; main(27, 30, [], **{})
2541727 2541259 Sl+     04:07:04 python          /home/data4t1/wangjielei/anaconda3/envs/dassl/bin/python -c from multiprocessing.forkserver import main; main(27, 30, [], **{})
2541728 2541259 Sl+     04:07:04 python          /home/data4t1/wangjielei/anaconda3/envs/dassl/bin/python -c from multiprocessing.forkserver import main; main(27, 30, [], **{})
2541729 2541259 Sl+     04:07:04 python          /home/data4t1/wangjielei/anaconda3/envs/dassl/bin/python -c from multiprocessing.forkserver import main; main(27, 30, [], **{})
2541731 2541259 Sl+     04:07:04 python          /home/data4t1/wangjielei/anaconda3/envs/dassl/bin/python -c from multiprocessing.forkserver import main; main(27, 30, [], **{})
2541732 2541259 Sl+     04:07:04 python          /home/data4t1/wangjielei/anaconda3/envs/dassl/bin/python -c from multiprocessing.forkserver import main; main(27, 30, [], **{})
2541733 2541259 Sl+     04:07:04 python          /home/data4t1/wangjielei/anaconda3/envs/dassl/bin/python -c from multiprocessing.forkserver import main; main(27, 30, [], **{})
2541734 2541259 Sl+     04:07:04 python          /home/data4t1/wangjielei/anaconda3/envs/dassl/bin/python -c from multiprocessing.forkserver import main; main(27, 30, [], **{})
2541735 2541259 Sl+     04:07:04 python          /home/data4t1/wangjielei/anaconda3/envs/dassl/bin/python -c from multiprocessing.forkserver import main; main(27, 30, [], **{})
2541737 2541259 Sl+     04:07:04 python          /home/data4t1/wangjielei/anaconda3/envs/dassl/bin/python -c from multiprocessing.forkserver import main; main(27, 30, [], **{})
2541741 2541259 Sl+     04:07:04 python          /home/data4t1/wangjielei/anaconda3/envs/dassl/bin/python -c from multiprocessing.forkserver import main; main(27, 30, [], **{})
2541742 2541259 Sl+     04:07:04 python          /home/data4t1/wangjielei/anaconda3/envs/dassl/bin/python -c from multiprocessing.forkserver import main; main(27, 30, [], **{})
2541743 2541259 Sl+     04:07:04 python          /home/data4t1/wangjielei/anaconda3/envs/dassl/bin/python -c from multiprocessing.forkserver import main; main(27, 30, [], **{})
2541745 2541259 Sl+     04:07:04 python          /home/data4t1/wangjielei/anaconda3/envs/dassl/bin/python -c from multiprocessing.forkserver import main; main(27, 30, [], **{})
2541749 2541259 Sl+     04:07:04 python          /home/data4t1/wangjielei/anaconda3/envs/dassl/bin/python -c from multiprocessing.forkserver import main; main(27, 30, [], **{})
2541750 2541259 Sl+     04:07:04 python          /home/data4t1/wangjielei/anaconda3/envs/dassl/bin/python -c from multiprocessing.forkserver import main; main(27, 30, [], **{})
2541751 2541259 Sl+     04:07:04 python          /home/data4t1/wangjielei/anaconda3/envs/dassl/bin/python -c from multiprocessing.forkserver import main; main(27, 30, [], **{})
2541753 2541259 Sl+     04:07:04 python          /home/data4t1/wangjielei/anaconda3/envs/dassl/bin/python -c from multiprocessing.forkserver import main; main(27, 30, [], **{})
2541755 2541259 Sl+     04:07:04 python          /home/data4t1/wangjielei/anaconda3/envs/dassl/bin/python -c from multiprocessing.forkserver import main; main(27, 30, [], **{})
2541756 2541259 Sl+     04:07:04 python          /home/data4t1/wangjielei/anaconda3/envs/dassl/bin/python -c from multiprocessing.forkserver import main; main(27, 30, [], **{})
2541757 2541259 Sl+     04:07:04 python          /home/data4t1/wangjielei/anaconda3/envs/dassl/bin/python -c from multiprocessing.forkserver import main; main(27, 30, [], **{})
2541758 2541259 Sl+     04:07:04 python          /home/data4t1/wangjielei/anaconda3/envs/dassl/bin/python -c from multiprocessing.forkserver import main; main(27, 30, [], **{})
2541761 2541259 Sl+     04:07:04 python          /home/data4t1/wangjielei/anaconda3/envs/dassl/bin/python -c from multiprocessing.forkserver import main; main(27, 30, [], **{})
2541762 2541259 Sl+     04:07:04 python          /home/data4t1/wangjielei/anaconda3/envs/dassl/bin/python -c from multiprocessing.forkserver import main; main(27, 30, [], **{})
2541764 2541259 Sl+     04:07:04 python          /home/data4t1/wangjielei/anaconda3/envs/dassl/bin/python -c from multiprocessing.forkserver import main; main(27, 30, [], **{})
2541765 2541259 Sl+     04:07:04 python          /home/data4t1/wangjielei/anaconda3/envs/dassl/bin/python -c from multiprocessing.forkserver import main; main(27, 30, [], **{})
2541767 2541259 Sl+     04:07:04 python          /home/data4t1/wangjielei/anaconda3/envs/dassl/bin/python -c from multiprocessing.forkserver import main; main(27, 30, [], **{})
2541768 2541259 Sl+     04:07:04 python          /home/data4t1/wangjielei/anaconda3/envs/dassl/bin/python -c from multiprocessing.forkserver import main; main(27, 30, [], **{})
2541769 2541259 Sl+     04:07:04 python          /home/data4t1/wangjielei/anaconda3/envs/dassl/bin/python -c from multiprocessing.forkserver import main; main(27, 30, [], **{})
2541770 2541259 Sl+     04:07:04 python          /home/data4t1/wangjielei/anaconda3/envs/dassl/bin/python -c from multiprocessing.forkserver import main; main(27, 30, [], **{})
2541771 2541259 Sl+     04:07:04 python          /home/data4t1/wangjielei/anaconda3/envs/dassl/bin/python -c from multiprocessing.forkserver import main; main(27, 30, [], **{})
2541772 2541259 Sl+     04:07:04 python          /home/data4t1/wangjielei/anaconda3/envs/dassl/bin/python -c from multiprocessing.forkserver import main; main(27, 30, [], **{})
2541773 2541259 Sl+     04:07:04 python          /home/data4t1/wangjielei/anaconda3/envs/dassl/bin/python -c from multiprocessing.forkserver import main; main(27, 30, [], **{})
2541843 2541548 Sl+     04:07:04 python          /home/data4t1/wangjielei/anaconda3/envs/dassl/bin/python -c from multiprocessing.forkserver import main; main(27, 30, [], **{})
2541845 2541548 Sl+     04:07:04 python          /home/data4t1/wangjielei/anaconda3/envs/dassl/bin/python -c from multiprocessing.forkserver import main; main(27, 30, [], **{})
2541848 2541548 Sl+     04:07:04 python          /home/data4t1/wangjielei/anaconda3/envs/dassl/bin/python -c from multiprocessing.forkserver import main; main(27, 30, [], **{})
2541849 2541548 Sl+     04:07:04 python          /home/data4t1/wangjielei/anaconda3/envs/dassl/bin/python -c from multiprocessing.forkserver import main; main(27, 30, [], **{})
2541851 2541548 Sl+     04:07:04 python          /home/data4t1/wangjielei/anaconda3/envs/dassl/bin/python -c from multiprocessing.forkserver import main; main(27, 30, [], **{})
2541854 2541548 Sl+     04:07:04 python          /home/data4t1/wangjielei/anaconda3/envs/dassl/bin/python -c from multiprocessing.forkserver import main; main(27, 30, [], **{})
2541857 2541548 Sl+     04:07:04 python          /home/data4t1/wangjielei/anaconda3/envs/dassl/bin/python -c from multiprocessing.forkserver import main; main(27, 30, [], **{})
2541860 2541548 Sl+     04:07:04 python          /home/data4t1/wangjielei/anaconda3/envs/dassl/bin/python -c from multiprocessing.forkserver import main; main(27, 30, [], **{})
2541864 2541548 Sl+     04:07:04 python          /home/data4t1/wangjielei/anaconda3/envs/dassl/bin/python -c from multiprocessing.forkserver import main; main(27, 30, [], **{})
2541867 2541548 Sl+     04:07:04 python          /home/data4t1/wangjielei/anaconda3/envs/dassl/bin/python -c from multiprocessing.forkserver import main; main(27, 30, [], **{})
2541869 2541548 Sl+     04:07:04 python          /home/data4t1/wangjielei/anaconda3/envs/dassl/bin/python -c from multiprocessing.forkserver import main; main(27, 30, [], **{})
2541872 2541548 Sl+     04:07:04 python          /home/data4t1/wangjielei/anaconda3/envs/dassl/bin/python -c from multiprocessing.forkserver import main; main(27, 30, [], **{})
2541875 2541548 Sl+     04:07:04 python          /home/data4t1/wangjielei/anaconda3/envs/dassl/bin/python -c from multiprocessing.forkserver import main; main(27, 30, [], **{})
2541877 2541548 Sl+     04:07:04 python          /home/data4t1/wangjielei/anaconda3/envs/dassl/bin/python -c from multiprocessing.forkserver import main; main(27, 30, [], **{})
2541880 2541548 Sl+     04:07:04 python          /home/data4t1/wangjielei/anaconda3/envs/dassl/bin/python -c from multiprocessing.forkserver import main; main(27, 30, [], **{})
2541882 2541548 Sl+     04:07:04 python          /home/data4t1/wangjielei/anaconda3/envs/dassl/bin/python -c from multiprocessing.forkserver import main; main(27, 30, [], **{})
2541884 2541548 Sl+     04:07:04 python          /home/data4t1/wangjielei/anaconda3/envs/dassl/bin/python -c from multiprocessing.forkserver import main; main(27, 30, [], **{})
2541886 2541548 Sl+     04:07:04 python          /home/data4t1/wangjielei/anaconda3/envs/dassl/bin/python -c from multiprocessing.forkserver import main; main(27, 30, [], **{})
2541888 2541548 Sl+     04:07:04 python          /home/data4t1/wangjielei/anaconda3/envs/dassl/bin/python -c from multiprocessing.forkserver import main; main(27, 30, [], **{})
2541890 2541548 Sl+     04:07:04 python          /home/data4t1/wangjielei/anaconda3/envs/dassl/bin/python -c from multiprocessing.forkserver import main; main(27, 30, [], **{})
2541893 2541548 Sl+     04:07:04 python          /home/data4t1/wangjielei/anaconda3/envs/dassl/bin/python -c from multiprocessing.forkserver import main; main(27, 30, [], **{})
2541895 2541548 Sl+     04:07:04 python          /home/data4t1/wangjielei/anaconda3/envs/dassl/bin/python -c from multiprocessing.forkserver import main; main(27, 30, [], **{})
2541898 2541548 Sl+     04:07:04 python          /home/data4t1/wangjielei/anaconda3/envs/dassl/bin/python -c from multiprocessing.forkserver import main; main(27, 30, [], **{})
2541900 2541548 Sl+     04:07:04 python          /home/data4t1/wangjielei/anaconda3/envs/dassl/bin/python -c from multiprocessing.forkserver import main; main(27, 30, [], **{})
2541902 2541548 Sl+     04:07:04 python          /home/data4t1/wangjielei/anaconda3/envs/dassl/bin/python -c from multiprocessing.forkserver import main; main(27, 30, [], **{})
2541904 2541548 Sl+     04:07:04 python          /home/data4t1/wangjielei/anaconda3/envs/dassl/bin/python -c from multiprocessing.forkserver import main; main(27, 30, [], **{})
2541907 2541548 Sl+     04:07:04 python          /home/data4t1/wangjielei/anaconda3/envs/dassl/bin/python -c from multiprocessing.forkserver import main; main(27, 30, [], **{})
2541909 2541548 Sl+     04:07:04 python          /home/data4t1/wangjielei/anaconda3/envs/dassl/bin/python -c from multiprocessing.forkserver import main; main(27, 30, [], **{})
2541910 2541548 Sl+     04:07:04 python          /home/data4t1/wangjielei/anaconda3/envs/dassl/bin/python -c from multiprocessing.forkserver import main; main(27, 30, [], **{})
2541911 2541548 Sl+     04:07:04 python          /home/data4t1/wangjielei/anaconda3/envs/dassl/bin/python -c from multiprocessing.forkserver import main; main(27, 30, [], **{})
2541913 2541548 Sl+     04:07:04 python          /home/data4t1/wangjielei/anaconda3/envs/dassl/bin/python -c from multiprocessing.forkserver import main; main(27, 30, [], **{})
2541916 2541548 Sl+     04:07:04 python          /home/data4t1/wangjielei/anaconda3/envs/dassl/bin/python -c from multiprocessing.forkserver import main; main(27, 30, [], **{})
2894305       1 S     1-00:26:35 sh              sh /home/data4t1/wangjielei/.vscode-server/cli/servers/Stable-a44adf7f53e00964ab890f9f8758a334f1fc15bc/server/bin/code-server --connection-token=remotessh --accept-server-license-terms --install-extension=ms-python.python --install-extension=ms-toolsai.jupyter-renderers --install-extension=ms-toolsai.jupyter-keymap --install-extension=ms-toolsai.jupyter --agent-host-bridge-port=39829 --agent-host-bridge-host=127.0.0.1 --start-server --enable-remote-auto-shutdown --socket-path=/tmp/code-f8531d84-13b8-4614-91f0-425796197ae6
2894309 2894305 Sl    1-00:26:35 MainThread      /home/data4t1/wangjielei/.vscode-server/cli/servers/Stable-a44adf7f53e00964ab890f9f8758a334f1fc15bc/server/node /home/data4t1/wangjielei/.vscode-server/cli/servers/Stable-a44adf7f53e00964ab890f9f8758a334f1fc15bc/server/out/server-main.js --connection-token=remotessh --accept-server-license-terms --install-extension=ms-python.python --install-extension=ms-toolsai.jupyter-renderers --install-extension=ms-toolsai.jupyter-keymap --install-extension=ms-toolsai.jupyter --agent-host-bridge-port=39829 --agent-host-bridge-host=127.0.0.1 --start-server --enable-remote-auto-shutdown --socket-path=/tmp/code-f8531d84-13b8-4614-91f0-425796197ae6
2916664 2914109 Sl+  107-19:41:09 nputop         /home/data4t1/hxw/anaconda3/bin/python3.10 /home/data4t1/hxw/anaconda3/bin/nputop
2991304 2429127 Sl+  16-05:08:24 python          /home/data4t2/hxwDir/hxw_moved/conda_envs/opd/bin/python -m tools.visual_opd.llm_eval_browser.server --data-root /home/data4t2/hxwDir/hxw_moved/verl-npu-opd/dataset/llm_eval --host 0.0.0.0 --port 8767
2992910 2577231 Sl+  24-16:45:26 vllm            /home/data4t1/zhangkaijie/conda/envs/qwen38_a2/bin/python3.12 /home/data4t1/zhangkaijie/conda/envs/qwen38_a2/bin/vllm serve /home/data4t2/models/Qwen3.8-27B-w8a8 --host 0.0.0.0 --port 9000 --tensor-parallel-size 1 --max-model-len 200000 --max-num-seqs 8 --max-num-batched-tokens 16384 --enable-prefix-caching --trust-remote-code --speculative-config {"method":"mtp","num_speculative_tokens":4} --enable-auto-tool-choice --tool-call-parser qwen3_coder --gpu-memory-utilization 0.85
2999854 2992910 S+   24-16:44:40 python3.12      /home/data4t1/zhangkaijie/conda/envs/qwen38_a2/bin/python3.12 -c from multiprocessing.resource_tracker import main;main(39)
3008420 2999855 Sl+  24-16:43:40 python3.12      /home/data4t1/zhangkaijie/conda/envs/qwen38_a2/bin/python3.12 -c from multiprocessing.spawn import spawn_main; spawn_main(tracker_fd=40, pipe_handle=84) --multiprocessing-fork
3009726 2999855 S+   24-16:43:31 python3.12      /home/data4t1/zhangkaijie/conda/envs/qwen38_a2/bin/python3.12 -c from multiprocessing.forkserver import main; main(81, 83, [], **{})
3009729 3009726 S+   24-16:43:31 python3.12      /home/data4t1/zhangkaijie/conda/envs/qwen38_a2/bin/python3.12 -c from multiprocessing.forkserver import main; main(81, 83, [], **{})
3009731 3009726 S+   24-16:43:31 python3.12      /home/data4t1/zhangkaijie/conda/envs/qwen38_a2/bin/python3.12 -c from multiprocessing.forkserver import main; main(81, 83, [], **{})
3009733 3009726 S+   24-16:43:31 python3.12      /home/data4t1/zhangkaijie/conda/envs/qwen38_a2/bin/python3.12 -c from multiprocessing.forkserver import main; main(81, 83, [], **{})
3009734 3009726 S+   24-16:43:31 python3.12      /home/data4t1/zhangkaijie/conda/envs/qwen38_a2/bin/python3.12 -c from multiprocessing.forkserver import main; main(81, 83, [], **{})
3009736 3009726 S+   24-16:43:31 python3.12      /home/data4t1/zhangkaijie/conda/envs/qwen38_a2/bin/python3.12 -c from multiprocessing.forkserver import main; main(81, 83, [], **{})
3009739 3009726 S+   24-16:43:31 python3.12      /home/data4t1/zhangkaijie/conda/envs/qwen38_a2/bin/python3.12 -c from multiprocessing.forkserver import main; main(81, 83, [], **{})
3009740 3009726 S+   24-16:43:31 python3.12      /home/data4t1/zhangkaijie/conda/envs/qwen38_a2/bin/python3.12 -c from multiprocessing.forkserver import main; main(81, 83, [], **{})
3009741 3009726 S+   24-16:43:31 python3.12      /home/data4t1/zhangkaijie/conda/envs/qwen38_a2/bin/python3.12 -c from multiprocessing.forkserver import main; main(81, 83, [], **{})
3009742 3009726 S+   24-16:43:31 python3.12      /home/data4t1/zhangkaijie/conda/envs/qwen38_a2/bin/python3.12 -c from multiprocessing.forkserver import main; main(81, 83, [], **{})
3009773 3009726 S+   24-16:43:30 python3.12      /home/data4t1/zhangkaijie/conda/envs/qwen38_a2/bin/python3.12 -c from multiprocessing.forkserver import main; main(81, 83, [], **{})
3009774 3009726 S+   24-16:43:30 python3.12      /home/data4t1/zhangkaijie/conda/envs/qwen38_a2/bin/python3.12 -c from multiprocessing.forkserver import main; main(81, 83, [], **{})
3009775 3009726 S+   24-16:43:30 python3.12      /home/data4t1/zhangkaijie/conda/envs/qwen38_a2/bin/python3.12 -c from multiprocessing.forkserver import main; main(81, 83, [], **{})
3009776 3009726 S+   24-16:43:30 python3.12      /home/data4t1/zhangkaijie/conda/envs/qwen38_a2/bin/python3.12 -c from multiprocessing.forkserver import main; main(81, 83, [], **{})
3009777 3009726 S+   24-16:43:30 python3.12      /home/data4t1/zhangkaijie/conda/envs/qwen38_a2/bin/python3.12 -c from multiprocessing.forkserver import main; main(81, 83, [], **{})
3009778 3009726 S+   24-16:43:30 python3.12      /home/data4t1/zhangkaijie/conda/envs/qwen38_a2/bin/python3.12 -c from multiprocessing.forkserver import main; main(81, 83, [], **{})
3009779 3009726 S+   24-16:43:30 python3.12      /home/data4t1/zhangkaijie/conda/envs/qwen38_a2/bin/python3.12 -c from multiprocessing.forkserver import main; main(81, 83, [], **{})
3009780 3009726 S+   24-16:43:30 python3.12      /home/data4t1/zhangkaijie/conda/envs/qwen38_a2/bin/python3.12 -c from multiprocessing.forkserver import main; main(81, 83, [], **{})
3150467 3150455 Sl+     16:12:17 python          /home/data4t1/wangjielei/anaconda3/envs/dassl/bin/python train.py --root /home/data4t2/czhDir/data --seed 1 --trainer CoOpThreeStageCSCTinyViT --dataset-config-file configs/datasets/cifar100_lt_if0.1.yaml --config-file configs/trainers/CoOp/vit_b16_ep130_three_stage_csc_tiny_vit.yaml --output-dir /home/data4t2/czhDir/PromptKD/output/long_tail_three_stage_csc_tiny_vit/5m_1k/cifar100/longtail_if0.1_ltseed0/seed1_npu1 DATASET.NUM_SHOTS -1 DATASET.CIFAR100_LT.IMB_FACTOR 0.1 DATASET.CIFAR100_LT.SEED 0 DATALOADER.TRAIN_X.SAMPLER RandomSampler DATALOADER.TEST.BATCH_SIZE 32 OPTIM.MAX_EPOCH 130 TRAINER.COOP_THREE_STAGE_CSC.CSC_START_EPOCH 55 TRAINER.COOP_THREE_STAGE_CSC.PHASE2_LR 0.001 TRAINER.COOP_THREE_STAGE_CSC.PHASE3_LR 0.01 TRAINER.COOP_THREE_STAGE_CSC.BETA 0.9999 TRAINER.COOP_THREE_STAGE_VIT.VARIANT 5m TRAINER.COOP_THREE_STAGE_VIT.PRETRAINED_TYPE 1k TRAINER.COOP_THREE_STAGE_VIT.STUDENT_LR 0.00005
3156348 3150467 Sl+     16:11:44 python          /home/data4t1/wangjielei/anaconda3/envs/dassl/bin/python train.py --root /home/data4t2/czhDir/data --seed 1 --trainer CoOpThreeStageCSCTinyViT --dataset-config-file configs/datasets/cifar100_lt_if0.1.yaml --config-file configs/trainers/CoOp/vit_b16_ep130_three_stage_csc_tiny_vit.yaml --output-dir /home/data4t2/czhDir/PromptKD/output/long_tail_three_stage_csc_tiny_vit/5m_1k/cifar100/longtail_if0.1_ltseed0/seed1_npu1 DATASET.NUM_SHOTS -1 DATASET.CIFAR100_LT.IMB_FACTOR 0.1 DATASET.CIFAR100_LT.SEED 0 DATALOADER.TRAIN_X.SAMPLER RandomSampler DATALOADER.TEST.BATCH_SIZE 32 OPTIM.MAX_EPOCH 130 TRAINER.COOP_THREE_STAGE_CSC.CSC_START_EPOCH 55 TRAINER.COOP_THREE_STAGE_CSC.PHASE2_LR 0.001 TRAINER.COOP_THREE_STAGE_CSC.PHASE3_LR 0.01 TRAINER.COOP_THREE_STAGE_CSC.BETA 0.9999 TRAINER.COOP_THREE_STAGE_VIT.VARIANT 5m TRAINER.COOP_THREE_STAGE_VIT.PRETRAINED_TYPE 1k TRAINER.COOP_THREE_STAGE_VIT.STUDENT_LR 0.00005
3156404 3150467 S+      16:11:43 python          /home/data4t1/wangjielei/anaconda3/envs/dassl/bin/python -c from multiprocessing.resource_tracker import main;main(27)
3156405 3150467 S+      16:11:43 python          /home/data4t1/wangjielei/anaconda3/envs/dassl/bin/python -c from multiprocessing.forkserver import main; main(27, 30, [], **{})
3156412 3156405 Sl+     16:11:43 python          /home/data4t1/wangjielei/anaconda3/envs/dassl/bin/python -c from multiprocessing.forkserver import main; main(27, 30, [], **{})
3156413 3156405 Sl+     16:11:43 python          /home/data4t1/wangjielei/anaconda3/envs/dassl/bin/python -c from multiprocessing.forkserver import main; main(27, 30, [], **{})
3156414 3156405 Sl+     16:11:43 python          /home/data4t1/wangjielei/anaconda3/envs/dassl/bin/python -c from multiprocessing.forkserver import main; main(27, 30, [], **{})
3156415 3156405 Sl+     16:11:43 python          /home/data4t1/wangjielei/anaconda3/envs/dassl/bin/python -c from multiprocessing.forkserver import main; main(27, 30, [], **{})
3156416 3156405 Sl+     16:11:43 python          /home/data4t1/wangjielei/anaconda3/envs/dassl/bin/python -c from multiprocessing.forkserver import main; main(27, 30, [], **{})
3156417 3156405 Sl+     16:11:43 python          /home/data4t1/wangjielei/anaconda3/envs/dassl/bin/python -c from multiprocessing.forkserver import main; main(27, 30, [], **{})
3156418 3156405 Sl+     16:11:43 python          /home/data4t1/wangjielei/anaconda3/envs/dassl/bin/python -c from multiprocessing.forkserver import main; main(27, 30, [], **{})
3156419 3156405 Sl+     16:11:43 python          /home/data4t1/wangjielei/anaconda3/envs/dassl/bin/python -c from multiprocessing.forkserver import main; main(27, 30, [], **{})
3156420 3156405 Sl+     16:11:43 python          /home/data4t1/wangjielei/anaconda3/envs/dassl/bin/python -c from multiprocessing.forkserver import main; main(27, 30, [], **{})
3156962 3156405 Sl+     16:11:42 python          /home/data4t1/wangjielei/anaconda3/envs/dassl/bin/python -c from multiprocessing.forkserver import main; main(27, 30, [], **{})
3156963 3156405 Sl+     16:11:42 python          /home/data4t1/wangjielei/anaconda3/envs/dassl/bin/python -c from multiprocessing.forkserver import main; main(27, 30, [], **{})
3156964 3156405 Sl+     16:11:42 python          /home/data4t1/wangjielei/anaconda3/envs/dassl/bin/python -c from multiprocessing.forkserver import main; main(27, 30, [], **{})
3156965 3156405 Sl+     16:11:42 python          /home/data4t1/wangjielei/anaconda3/envs/dassl/bin/python -c from multiprocessing.forkserver import main; main(27, 30, [], **{})
3156966 3156405 Sl+     16:11:42 python          /home/data4t1/wangjielei/anaconda3/envs/dassl/bin/python -c from multiprocessing.forkserver import main; main(27, 30, [], **{})
3156967 3156405 Sl+     16:11:42 python          /home/data4t1/wangjielei/anaconda3/envs/dassl/bin/python -c from multiprocessing.forkserver import main; main(27, 30, [], **{})
3156968 3156405 Sl+     16:11:42 python          /home/data4t1/wangjielei/anaconda3/envs/dassl/bin/python -c from multiprocessing.forkserver import main; main(27, 30, [], **{})
3156969 3156405 Sl+     16:11:42 python          /home/data4t1/wangjielei/anaconda3/envs/dassl/bin/python -c from multiprocessing.forkserver import main; main(27, 30, [], **{})
3156970 3156405 Sl+     16:11:42 python          /home/data4t1/wangjielei/anaconda3/envs/dassl/bin/python -c from multiprocessing.forkserver import main; main(27, 30, [], **{})
3156971 3156405 Sl+     16:11:42 python          /home/data4t1/wangjielei/anaconda3/envs/dassl/bin/python -c from multiprocessing.forkserver import main; main(27, 30, [], **{})
3156972 3156405 Sl+     16:11:42 python          /home/data4t1/wangjielei/anaconda3/envs/dassl/bin/python -c from multiprocessing.forkserver import main; main(27, 30, [], **{})
3156973 3156405 Sl+     16:11:42 python          /home/data4t1/wangjielei/anaconda3/envs/dassl/bin/python -c from multiprocessing.forkserver import main; main(27, 30, [], **{})
3156975 3156405 Sl+     16:11:42 python          /home/data4t1/wangjielei/anaconda3/envs/dassl/bin/python -c from multiprocessing.forkserver import main; main(27, 30, [], **{})
3156977 3156405 Sl+     16:11:42 python          /home/data4t1/wangjielei/anaconda3/envs/dassl/bin/python -c from multiprocessing.forkserver import main; main(27, 30, [], **{})
3156979 3156405 Sl+     16:11:42 python          /home/data4t1/wangjielei/anaconda3/envs/dassl/bin/python -c from multiprocessing.forkserver import main; main(27, 30, [], **{})
3156980 3156405 Sl+     16:11:42 python          /home/data4t1/wangjielei/anaconda3/envs/dassl/bin/python -c from multiprocessing.forkserver import main; main(27, 30, [], **{})
3156981 3156405 Sl+     16:11:42 python          /home/data4t1/wangjielei/anaconda3/envs/dassl/bin/python -c from multiprocessing.forkserver import main; main(27, 30, [], **{})
3156982 3156405 Sl+     16:11:42 python          /home/data4t1/wangjielei/anaconda3/envs/dassl/bin/python -c from multiprocessing.forkserver import main; main(27, 30, [], **{})
3156983 3156405 Sl+     16:11:42 python          /home/data4t1/wangjielei/anaconda3/envs/dassl/bin/python -c from multiprocessing.forkserver import main; main(27, 30, [], **{})
3156984 3156405 Sl+     16:11:42 python          /home/data4t1/wangjielei/anaconda3/envs/dassl/bin/python -c from multiprocessing.forkserver import main; main(27, 30, [], **{})
3156985 3156405 Sl+     16:11:42 python          /home/data4t1/wangjielei/anaconda3/envs/dassl/bin/python -c from multiprocessing.forkserver import main; main(27, 30, [], **{})
3156986 3156405 Sl+     16:11:42 python          /home/data4t1/wangjielei/anaconda3/envs/dassl/bin/python -c from multiprocessing.forkserver import main; main(27, 30, [], **{})
3156987 3156405 Sl+     16:11:42 python          /home/data4t1/wangjielei/anaconda3/envs/dassl/bin/python -c from multiprocessing.forkserver import main; main(27, 30, [], **{})
3156988 3156405 Sl+     16:11:42 python          /home/data4t1/wangjielei/anaconda3/envs/dassl/bin/python -c from multiprocessing.forkserver import main; main(27, 30, [], **{})
3156989 3156405 Sl+     16:11:42 python          /home/data4t1/wangjielei/anaconda3/envs/dassl/bin/python -c from multiprocessing.forkserver import main; main(27, 30, [], **{})
3156990 3156405 Sl+     16:11:42 python          /home/data4t1/wangjielei/anaconda3/envs/dassl/bin/python -c from multiprocessing.forkserver import main; main(27, 30, [], **{})
3156991 3156405 Sl+     16:11:42 python          /home/data4t1/wangjielei/anaconda3/envs/dassl/bin/python -c from multiprocessing.forkserver import main; main(27, 30, [], **{})
3156992 3156405 Sl+     16:11:42 python          /home/data4t1/wangjielei/anaconda3/envs/dassl/bin/python -c from multiprocessing.forkserver import main; main(27, 30, [], **{})
3156993 3156405 Sl+     16:11:42 python          /home/data4t1/wangjielei/anaconda3/envs/dassl/bin/python -c from multiprocessing.forkserver import main; main(27, 30, [], **{})
3156994 3156405 Sl+     16:11:42 python          /home/data4t1/wangjielei/anaconda3/envs/dassl/bin/python -c from multiprocessing.forkserver import main; main(27, 30, [], **{})
3156995 3156405 Sl+     16:11:42 python          /home/data4t1/wangjielei/anaconda3/envs/dassl/bin/python -c from multiprocessing.forkserver import main; main(27, 30, [], **{})
3156998 3156405 Sl+     16:11:42 python          /home/data4t1/wangjielei/anaconda3/envs/dassl/bin/python -c from multiprocessing.forkserver import main; main(27, 30, [], **{})
3182512 3170962 T    163-20:16:50 python3        python3
3838590 3208085 S+    2-05:03:39 python3.11      /home/data4t1/hxw/anaconda3/envs/opd/bin/python3.11 -u /home/data4t1/hxw/.hxw/inference.py --target-npus 4 --npu-ids 4 5 6 7 --model /home/data4t2/models/Qwen3-4B
3920485 3583169 S+   42-03:03:31 python          /home/data4t2/hxwDir/hxw_moved/conda_envs/opd/bin/python -m tools.visual_opd.rollout_browser.server
4178764 2895847 Sl+     06:13:49 nputop          /home/data4t1/wangjielei/anaconda3/envs/dassl/bin/python3.10 /home/data4t1/wangjielei/anaconda3/envs/dassl/bin/nputop

=== compiled identities ===
a8c19a1972207acc67e3fb0cd393cc70b0a4b183d1eaf5610edf80c2879b15e3  本地实验/SYNC-BARRIER-ELISION-X/V059/parent.asc
f605ee1765eef7818485101d3d6621ed2d4ff35ae3758cf033bee8d7dcfe1030  本地实验/SYNC-BARRIER-ELISION-X/V059/submission.asc
db79236f011bfcff8786d48503a6bab38b9acb2c1d615793b94e6efc64b752ec  /tmp/sync-barrier-elision-v059.6mQO2j/sync_barrier_elision_v059
70dafa6794a5301f9ca1239b26fd47cd7139cd53284f10717a6b64880b06c9c9  /tmp/sync-barrier-elision-v059.6mQO2j/sync_barrier_elision_correctness
