g++ (Ubuntu 11.4.0-1ubuntu1~22.04.3) 11.4.0
000000000004afc8 W _Z24add_rms_norm_bias_customIDhEvjPvS0_PhS1_S1_S1_S1_mmjff
000000000004af14 W _Z24add_rms_norm_bias_customIfEvjPvS0_PhS1_S1_S1_S1_mmjff
000000000004b07c W _Z24add_rms_norm_bias_customIu6__bf16EvjPvS0_PhS1_S1_S1_S1_mmjff
0000000000054350 W _ZN9__gnu_cxx11char_traitsIcE2eqERKcS3_
00000000000541e0 W _ZN9__gnu_cxx11char_traitsIcE2ltERKcS3_
00000000000542c4 W _ZN9__gnu_cxx11char_traitsIcE6lengthEPKc
0000000000054210 W _ZN9__gnu_cxx11char_traitsIcE7compareEPKcS3_m
000000000005e66c W _ZN9__gnu_cxx13new_allocatorINSt8__detail10_Hash_nodeISt4pairIKPvSt10shared_ptrISt5mutexEELb0EEEE10deallocateEPSA_m
000000000005e454 W _ZN9__gnu_cxx13new_allocatorINSt8__detail10_Hash_nodeISt4pairIKPvSt10shared_ptrISt5mutexEELb0EEEE8allocateEmPKv
00000000000573cc W _ZN9__gnu_cxx13new_allocatorINSt8__detail10_Hash_nodeISt4pairIKPvSt10shared_ptrISt5mutexEELb0EEEEC1Ev
00000000000573cc W _ZN9__gnu_cxx13new_allocatorINSt8__detail10_Hash_nodeISt4pairIKPvSt10shared_ptrISt5mutexEELb0EEEEC2Ev
00000000000573e0 W _ZN9__gnu_cxx13new_allocatorINSt8__detail10_Hash_nodeISt4pairIKPvSt10shared_ptrISt5mutexEELb0EEEED1Ev
00000000000573e0 W _ZN9__gnu_cxx13new_allocatorINSt8__detail10_Hash_nodeISt4pairIKPvSt10shared_ptrISt5mutexEELb0EEEED2Ev
000000000005f82c W _ZN9__gnu_cxx13new_allocatorINSt8__detail10_Hash_nodeISt4pairIKSsSsELb1EEEE10deallocateEPS6_m
0000000000061e84 W _ZN9__gnu_cxx13new_allocatorINSt8__detail10_Hash_nodeISt4pairIKSsSsELb1EEEE8allocateEmPKv
0000000000061814 W _ZN9__gnu_cxx13new_allocatorINSt8__detail10_Hash_nodeISt4pairIKSsSsELb1EEEEC1ERKS7_
000000000005f414 W _ZN9__gnu_cxx13new_allocatorINSt8__detail10_Hash_nodeISt4pairIKSsSsELb1EEEEC1Ev
0000000000061814 W _ZN9__gnu_cxx13new_allocatorINSt8__detail10_Hash_nodeISt4pairIKSsSsELb1EEEEC2ERKS7_
000000000005f414 W _ZN9__gnu_cxx13new_allocatorINSt8__detail10_Hash_nodeISt4pairIKSsSsELb1EEEEC2Ev
0000000000058e6c W _ZN9__gnu_cxx13new_allocatorINSt8__detail10_Hash_nodeISt4pairIKSsSsELb1EEEED1Ev
0000000000058e6c W _ZN9__gnu_cxx13new_allocatorINSt8__detail10_Hash_nodeISt4pairIKSsSsELb1EEEED2Ev
000000000005f388 W _ZN9__gnu_cxx13new_allocatorINSt8__detail10_Hash_nodeIcLb0EEEE10deallocateEPS3_m
0000000000061de8 W _ZN9__gnu_cxx13new_allocatorINSt8__detail10_Hash_nodeIcLb0EEEE8allocateEmPKv
0000000000061558 W _ZN9__gnu_cxx13new_allocatorINSt8__detail10_Hash_nodeIcLb0EEEEC1ERKS4_
000000000005eec8 W _ZN9__gnu_cxx13new_allocatorINSt8__detail10_Hash_nodeIcLb0EEEEC1Ev
0000000000061558 W _ZN9__gnu_cxx13new_allocatorINSt8__detail10_Hash_nodeIcLb0EEEEC2ERKS4_
000000000005eec8 W _ZN9__gnu_cxx13new_allocatorINSt8__detail10_Hash_nodeIcLb0EEEEC2Ev
0000000000058c2c W _ZN9__gnu_cxx13new_allocatorINSt8__detail10_Hash_nodeIcLb0EEEED1Ev
0000000000058c2c W _ZN9__gnu_cxx13new_allocatorINSt8__detail10_Hash_nodeIcLb0EEEED2Ev
000000000004a590 W _ZN9__gnu_cxx13new_allocatorIPFvPvEE10deallocateEPS3_m
000000000004ad78 W _ZN9__gnu_cxx13new_allocatorIPFvPvEE8allocateEmPKv
000000000004a904 W _ZN9__gnu_cxx13new_allocatorIPFvPvEE9constructIS3_JRS3_EEEvPT_DpOT0_
000000000004a39c W _ZN9__gnu_cxx13new_allocatorIPFvPvEEC2Ev
000000000004a5e0 W _ZN9__gnu_cxx13new_allocatorIPFvPvEED2Ev
000000000005f3f0 W _ZN9__gnu_cxx13new_allocatorIPNSt8__detail15_Hash_node_baseEE10deallocateEPS3_m
00000000000603c8 W _ZN9__gnu_cxx13new_allocatorIPNSt8__detail15_Hash_node_baseEE8allocateEmPKv
000000000005f3c8 W _ZN9__gnu_cxx13new_allocatorIPNSt8__detail15_Hash_node_baseEEC1Ev
000000000005f3c8 W _ZN9__gnu_cxx13new_allocatorIPNSt8__detail15_Hash_node_baseEEC2Ev
000000000005f3dc W _ZN9__gnu_cxx13new_allocatorIPNSt8__detail15_Hash_node_baseEED1Ev
000000000005f3dc W _ZN9__gnu_cxx13new_allocatorIPNSt8__detail15_Hash_node_baseEED2Ev
0000000000057f64 W _ZN9__gnu_cxx13new_allocatorISsEC1ERKS1_
0000000000055e98 W _ZN9__gnu_cxx13new_allocatorISsEC1Ev
0000000000057f64 W _ZN9__gnu_cxx13new_allocatorISsEC2ERKS1_
0000000000055e98 W _ZN9__gnu_cxx13new_allocatorISsEC2Ev
0000000000055eac W _ZN9__gnu_cxx13new_allocatorISsED1Ev
0000000000055eac W _ZN9__gnu_cxx13new_allocatorISsED2Ev
000000000005ec30 W _ZN9__gnu_cxx13new_allocatorISt13_Rb_tree_nodeISsEE10deallocateEPS2_m
000000000005ec0c W _ZN9__gnu_cxx13new_allocatorISt13_Rb_tree_nodeISsEE7destroyISsEEvPT_
0000000000061c10 W _ZN9__gnu_cxx13new_allocatorISt13_Rb_tree_nodeISsEE8allocateEmPKv
0000000000061c6c W _ZN9__gnu_cxx13new_allocatorISt13_Rb_tree_nodeISsEE9constructISsJRKSsEEEvPT_DpOT0_
000000000005cd6c W _ZN9__gnu_cxx13new_allocatorISt13_Rb_tree_nodeISsEEC1ERKS3_
000000000005a4e0 W _ZN9__gnu_cxx13new_allocatorISt13_Rb_tree_nodeISsEEC1Ev
000000000005cd6c W _ZN9__gnu_cxx13new_allocatorISt13_Rb_tree_nodeISsEEC2ERKS3_
000000000005a4e0 W _ZN9__gnu_cxx13new_allocatorISt13_Rb_tree_nodeISsEEC2Ev
0000000000058180 W _ZN9__gnu_cxx13new_allocatorISt13_Rb_tree_nodeISsEED1Ev
0000000000058180 W _ZN9__gnu_cxx13new_allocatorISt13_Rb_tree_nodeISsEED2Ev
000000000005ec9c W _ZN9__gnu_cxx13new_allocatorISt13_Rb_tree_nodeISt4pairIKjSsEEE10deallocateEPS5_m
000000000005ec78 W _ZN9__gnu_cxx13new_allocatorISt13_Rb_tree_nodeISt4pairIKjSsEEE7destroyIS4_EEvPT_
000000000005ecc0 W _ZN9__gnu_cxx13new_allocatorISt13_Rb_tree_nodeISt4pairIKjSsEEE8allocateEmPKv
000000000005edcc W _ZN9__gnu_cxx13new_allocatorISt13_Rb_tree_nodeISt4pairIKjSsEEE9constructIS4_JRKSt21piecewise_construct_tSt5tupleIJRS3_EESB_IJEEEEEvPT_DpOT0_
00000000000560e8 W _ZN9__gnu_cxx13new_allocatorISt13_Rb_tree_nodeISt4pairIKjSsEEEC1Ev
00000000000560e8 W _ZN9__gnu_cxx13new_allocatorISt13_Rb_tree_nodeISt4pairIKjSsEEEC2Ev
00000000000560fc W _ZN9__gnu_cxx13new_allocatorISt13_Rb_tree_nodeISt4pairIKjSsEEED1Ev
00000000000560fc W _ZN9__gnu_cxx13new_allocatorISt13_Rb_tree_nodeISt4pairIKjSsEEED2Ev
0000000000061b58 W _ZN9__gnu_cxx13new_allocatorISt23_Sp_counted_ptr_inplaceISt5mutexSaIS2_ELNS_12_Lock_policyE2EEE10deallocateEPS5_m
0000000000061af4 W _ZN9__gnu_cxx13new_allocatorISt23_Sp_counted_ptr_inplaceISt5mutexSaIS2_ELNS_12_Lock_policyE2EEE8allocateEmPKv
0000000000061250 W _ZN9__gnu_cxx13new_allocatorISt23_Sp_counted_ptr_inplaceISt5mutexSaIS2_ELNS_12_Lock_policyE2EEEC1Ev
0000000000061250 W _ZN9__gnu_cxx13new_allocatorISt23_Sp_counted_ptr_inplaceISt5mutexSaIS2_ELNS_12_Lock_policyE2EEEC2Ev
0000000000061264 W _ZN9__gnu_cxx13new_allocatorISt23_Sp_counted_ptr_inplaceISt5mutexSaIS2_ELNS_12_Lock_policyE2EEED1Ev
0000000000061264 W _ZN9__gnu_cxx13new_allocatorISt23_Sp_counted_ptr_inplaceISt5mutexSaIS2_ELNS_12_Lock_policyE2EEED2Ev
000000000005fa20 W _ZN9__gnu_cxx13new_allocatorISt4pairIKPvSt10shared_ptrISt5mutexEEE7destroyIS7_EEvPT_
000000000005e598 W _ZN9__gnu_cxx13new_allocatorISt4pairIKPvSt10shared_ptrISt5mutexEEE9constructIS7_JRKSt21piecewise_construct_tSt5tupleIJRS3_EESD_IJEEEEEvPT_DpOT0_
000000000005e4a4 W _ZN9__gnu_cxx13new_allocatorISt4pairIKPvSt10shared_ptrISt5mutexEEEC1Ev
000000000005e4a4 W _ZN9__gnu_cxx13new_allocatorISt4pairIKPvSt10shared_ptrISt5mutexEEEC2Ev
000000000005e4b8 W _ZN9__gnu_cxx13new_allocatorISt4pairIKPvSt10shared_ptrISt5mutexEEED1Ev
000000000005e4b8 W _ZN9__gnu_cxx13new_allocatorISt4pairIKPvSt10shared_ptrISt5mutexEEED2Ev
000000000005f808 W _ZN9__gnu_cxx13new_allocatorISt4pairIKSsSsEE7destroyIS3_EEvPT_
0000000000061f34 W _ZN9__gnu_cxx13new_allocatorISt4pairIKSsSsEE9constructIS3_JRKS3_EEEvPT_DpOT0_
0000000000056864 W _ZN9__gnu_cxx13new_allocatorISt4pairIKSsSsEEC1Ev
0000000000056864 W _ZN9__gnu_cxx13new_allocatorISt4pairIKSsSsEEC2Ev
0000000000056878 W _ZN9__gnu_cxx13new_allocatorISt4pairIKSsSsEED1Ev
0000000000056878 W _ZN9__gnu_cxx13new_allocatorISt4pairIKSsSsEED2Ev
00000000000623f0 W _ZN9__gnu_cxx13new_allocatorISt5mutexE7destroyIS1_EEvPT_
0000000000061bc0 W _ZN9__gnu_cxx13new_allocatorISt5mutexE9constructIS1_JEEEvPT_DpOT0_
0000000000061324 W _ZN9__gnu_cxx13new_allocatorISt5mutexEC1ERKS2_
0000000000059e34 W _ZN9__gnu_cxx13new_allocatorISt5mutexEC1Ev
0000000000061324 W _ZN9__gnu_cxx13new_allocatorISt5mutexEC2ERKS2_
0000000000059e34 W _ZN9__gnu_cxx13new_allocatorISt5mutexEC2Ev
0000000000059e48 W _ZN9__gnu_cxx13new_allocatorISt5mutexED1Ev
0000000000059e48 W _ZN9__gnu_cxx13new_allocatorISt5mutexED2Ev
0000000000059f44 W _ZN9__gnu_cxx13new_allocatorIcE10deallocateEPcm
000000000005f370 W _ZN9__gnu_cxx13new_allocatorIcE7destroyIcEEvPT_
000000000005d33c W _ZN9__gnu_cxx13new_allocatorIcE8allocateEmPKv
0000000000061e38 W _ZN9__gnu_cxx13new_allocatorIcE9constructIcJRKcEEEvPT_DpOT0_
0000000000055948 W _ZN9__gnu_cxx13new_allocatorIcEC1Ev
0000000000055948 W _ZN9__gnu_cxx13new_allocatorIcEC2Ev
000000000005dcac W _ZN9__gnu_cxx13new_allocatorIjE10deallocateEPjm
000000000005dcd0 W _ZN9__gnu_cxx13new_allocatorIjE8allocateEmPKv
000000000005dc94 W _ZN9__gnu_cxx13new_allocatorIjEC1ERKS1_
000000000005707c W _ZN9__gnu_cxx13new_allocatorIjEC1Ev
000000000005dc94 W _ZN9__gnu_cxx13new_allocatorIjEC2ERKS1_
000000000005707c W _ZN9__gnu_cxx13new_allocatorIjEC2Ev
0000000000057090 W _ZN9__gnu_cxx13new_allocatorIjED1Ev
0000000000057090 W _ZN9__gnu_cxx13new_allocatorIjED2Ev
000000000005a474 W _ZN9__gnu_cxx13new_allocatorIlE10deallocateEPlm
000000000005cc8c W _ZN9__gnu_cxx13new_allocatorIlE8allocateEmPKv
000000000005cc74 W _ZN9__gnu_cxx13new_allocatorIlEC1ERKS1_
0000000000055b9c W _ZN9__gnu_cxx13new_allocatorIlEC1Ev
000000000005cc74 W _ZN9__gnu_cxx13new_allocatorIlEC2ERKS1_
0000000000055b9c W _ZN9__gnu_cxx13new_allocatorIlEC2Ev
0000000000055bb0 W _ZN9__gnu_cxx13new_allocatorIlED1Ev
0000000000055bb0 W _ZN9__gnu_cxx13new_allocatorIlED2Ev
000000000005cba8 W _ZN9__gnu_cxx17__is_null_pointerIKcEEbPT_
000000000004a6d0 W _ZN9__gnu_cxx17__normal_iteratorIPKPFvPvESt6vectorIS3_SaIS3_EEEC2ERKS5_
000000000004a6b0 W _ZN9__gnu_cxx17__normal_iteratorIPKPFvPvESt6vectorIS3_SaIS3_EEEppEv
000000000004ad24 W _ZN9__gnu_cxx17__normal_iteratorIPPFvPvESt6vectorIS3_SaIS3_EEEC2ERKS4_
0000000000056ac4 W _ZN9__gnu_cxx17__normal_iteratorIPcSsEC1ERKS1_
0000000000056ac4 W _ZN9__gnu_cxx17__normal_iteratorIPcSsEC2ERKS1_
0000000000054fbc W _ZN9__gnu_cxx17__normal_iteratorIPcSsEppEv
000000000004aa3c W _ZN9__gnu_cxxmiIPPFvPvESt6vectorIS3_SaIS3_EEEENS_17__normal_iteratorIT_T0_E15difference_typeERKSB_SE_
000000000004a64c W _ZN9__gnu_cxxneIPKPFvPvESt6vectorIS3_SaIS3_EEEEbRKNS_17__normal_iteratorIT_T0_EESE_
0000000000054f78 W _ZN9__gnu_cxxneIPcSsEEbRKNS_17__normal_iteratorIT_T0_EES7_
000000000005fd4c W _ZNK9__gnu_cxx13new_allocatorINSt8__detail10_Hash_nodeISt4pairIKPvSt10shared_ptrISt5mutexEELb0EEEE8max_sizeEv
000000000006214c W _ZNK9__gnu_cxx13new_allocatorINSt8__detail10_Hash_nodeISt4pairIKSsSsELb1EEEE8max_sizeEv
0000000000062138 W _ZNK9__gnu_cxx13new_allocatorINSt8__detail10_Hash_nodeIcLb0EEEE8max_sizeEv
000000000004ad10 W _ZNK9__gnu_cxx13new_allocatorIPFvPvEE11_M_max_sizeEv
000000000004acec W _ZNK9__gnu_cxx13new_allocatorIPFvPvEE8max_sizeEv
0000000000061570 W _ZNK9__gnu_cxx13new_allocatorIPNSt8__detail15_Hash_node_baseEE8max_sizeEv
00000000000620a8 W _ZNK9__gnu_cxx13new_allocatorISt13_Rb_tree_nodeISsEE8max_sizeEv
00000000000602a4 W _ZNK9__gnu_cxx13new_allocatorISt13_Rb_tree_nodeISt4pairIKjSsEEE8max_sizeEv
0000000000062080 W _ZNK9__gnu_cxx13new_allocatorISt23_Sp_counted_ptr_inplaceISt5mutexSaIS2_ELNS_12_Lock_policyE2EEE8max_sizeEv
000000000005eeb4 W _ZNK9__gnu_cxx13new_allocatorIcE8max_sizeEv
000000000005f950 W _ZNK9__gnu_cxx13new_allocatorIjE8max_sizeEv
000000000005e9dc W _ZNK9__gnu_cxx13new_allocatorIlE8max_sizeEv
000000000004a6f4 W _ZNK9__gnu_cxx17__normal_iteratorIPKPFvPvESt6vectorIS3_SaIS3_EEE4baseEv
000000000004a698 W _ZNK9__gnu_cxx17__normal_iteratorIPKPFvPvESt6vectorIS3_SaIS3_EEEdeEv
000000000004ab54 W _ZNK9__gnu_cxx17__normal_iteratorIPPFvPvESt6vectorIS3_SaIS3_EEE4baseEv
0000000000056aec W _ZNK9__gnu_cxx17__normal_iteratorIPcSsE4baseEv
0000000000054fe4 W _ZNK9__gnu_cxx17__normal_iteratorIPcSsEdeEv
0000000000059134 W _ZNKSs11_M_disjunctEPKc
0000000000055898 W _ZNKSs13get_allocatorEv
00000000000590c4 W _ZNKSs15_M_check_lengthEmmPKc
000000000005896c W _ZNKSs4_Rep12_M_is_leakedEv
0000000000057d04 W _ZNKSs4_Rep12_M_is_sharedEv
000000000005444c W _ZNKSs4dataEv
0000000000055a64 W _ZNKSs4sizeEv
0000000000054380 W _ZNKSs5c_strEv
0000000000055878 W _ZNKSs6_M_repEv
0000000000054468 W _ZNKSs6lengthEv
0000000000055860 W _ZNKSs7_M_dataEv
00000000000600e8 W _ZNKSs7compareERKSs
0000000000055a84 W _ZNKSs8capacityEv
000000000005baa8 W _ZNKSs8max_sizeEv
00000000000599ec W _ZNKSt10_HashtableIPvSt4pairIKS0_St10shared_ptrISt5mutexEESaIS6_ENSt8__detail10_Select1stESt8equal_toIS0_ESt4hashIS0_ENS8_18_Mod_range_hashingENS8_20_Default_ranged_hashENS8_20_Prime_rehash_policyENS8_17_Hashtable_traitsILb0ELb0ELb1EEEE12_M_find_nodeEmRS2_m
000000000005e410 W _ZNKSt10_HashtableIPvSt4pairIKS0_St10shared_ptrISt5mutexEESaIS6_ENSt8__detail10_Select1stESt8equal_toIS0_ESt4hashIS0_ENS8_18_Mod_range_hashingENS8_20_Default_ranged_hashENS8_20_Prime_rehash_policyENS8_17_Hashtable_traitsILb0ELb0ELb1EEEE15_M_bucket_indexEPNS8_10_Hash_nodeIS6_Lb0EEE
00000000000599b4 W _ZNKSt10_HashtableIPvSt4pairIKS0_St10shared_ptrISt5mutexEESaIS6_ENSt8__detail10_Select1stESt8equal_toIS0_ESt4hashIS0_ENS8_18_Mod_range_hashingENS8_20_Default_ranged_hashENS8_20_Prime_rehash_policyENS8_17_Hashtable_traitsILb0ELb0ELb1EEEE15_M_bucket_indexERS2_m
000000000005c5e4 W _ZNKSt10_HashtableIPvSt4pairIKS0_St10shared_ptrISt5mutexEESaIS6_ENSt8__detail10_Select1stESt8equal_toIS0_ESt4hashIS0_ENS8_18_Mod_range_hashingENS8_20_Default_ranged_hashENS8_20_Prime_rehash_policyENS8_17_Hashtable_traitsILb0ELb0ELb1EEEE19_M_find_before_nodeEmRS2_m
000000000005be58 W _ZNKSt10_HashtableIPvSt4pairIKS0_St10shared_ptrISt5mutexEESaIS6_ENSt8__detail10_Select1stESt8equal_toIS0_ESt4hashIS0_ENS8_18_Mod_range_hashingENS8_20_Default_ranged_hashENS8_20_Prime_rehash_policyENS8_17_Hashtable_traitsILb0ELb0ELb1EEEE21_M_uses_single_bucketEPPNS8_15_Hash_node_baseE
00000000000578c8 W _ZNKSt10_HashtableIPvSt4pairIKS0_St10shared_ptrISt5mutexEESaIS6_ENSt8__detail10_Select1stESt8equal_toIS0_ESt4hashIS0_ENS8_18_Mod_range_hashingENS8_20_Default_ranged_hashENS8_20_Prime_rehash_policyENS8_17_Hashtable_traitsILb0ELb0ELb1EEEE3endEv
0000000000059404 W _ZNKSt10_HashtableIPvSt4pairIKS0_St10shared_ptrISt5mutexEESaIS6_ENSt8__detail10_Select1stESt8equal_toIS0_ESt4hashIS0_ENS8_18_Mod_range_hashingENS8_20_Default_ranged_hashENS8_20_Prime_rehash_policyENS8_17_Hashtable_traitsILb0ELb0ELb1EEEE8_M_beginEv
0000000000059010 W _ZNKSt10_HashtableISsSt4pairIKSsSsESaIS2_ENSt8__detail10_Select1stESt8equal_toISsESt4hashISsENS4_18_Mod_range_hashingENS4_20_Default_ranged_hashENS4_20_Prime_rehash_policyENS4_17_Hashtable_traitsILb1ELb0ELb1EEEE12_M_find_nodeEmRS1_m
000000000005dc64 W _ZNKSt10_HashtableISsSt4pairIKSsSsESaIS2_ENSt8__detail10_Select1stESt8equal_toISsESt4hashISsENS4_18_Mod_range_hashingENS4_20_Default_ranged_hashENS4_20_Prime_rehash_policyENS4_17_Hashtable_traitsILb1ELb0ELb1EEEE15_M_bucket_indexEPNS4_10_Hash_nodeIS2_Lb1EEE
0000000000058fd8 W _ZNKSt10_HashtableISsSt4pairIKSsSsESaIS2_ENSt8__detail10_Select1stESt8equal_toISsESt4hashISsENS4_18_Mod_range_hashingENS4_20_Default_ranged_hashENS4_20_Prime_rehash_policyENS4_17_Hashtable_traitsILb1ELb0ELb1EEEE15_M_bucket_indexERS1_m
000000000005b984 W _ZNKSt10_HashtableISsSt4pairIKSsSsESaIS2_ENSt8__detail10_Select1stESt8equal_toISsESt4hashISsENS4_18_Mod_range_hashingENS4_20_Default_ranged_hashENS4_20_Prime_rehash_policyENS4_17_Hashtable_traitsILb1ELb0ELb1EEEE19_M_find_before_nodeEmRS1_m
000000000005b82c W _ZNKSt10_HashtableISsSt4pairIKSsSsESaIS2_ENSt8__detail10_Select1stESt8equal_toISsESt4hashISsENS4_18_Mod_range_hashingENS4_20_Default_ranged_hashENS4_20_Prime_rehash_policyENS4_17_Hashtable_traitsILb1ELb0ELb1EEEE21_M_uses_single_bucketEPPNS4_15_Hash_node_baseE
0000000000056c68 W _ZNKSt10_HashtableISsSt4pairIKSsSsESaIS2_ENSt8__detail10_Select1stESt8equal_toISsESt4hashISsENS4_18_Mod_range_hashingENS4_20_Default_ranged_hashENS4_20_Prime_rehash_policyENS4_17_Hashtable_traitsILb1ELb0ELb1EEEE3endEv
0000000000056bb4 W _ZNKSt10_HashtableISsSt4pairIKSsSsESaIS2_ENSt8__detail10_Select1stESt8equal_toISsESt4hashISsENS4_18_Mod_range_hashingENS4_20_Default_ranged_hashENS4_20_Prime_rehash_policyENS4_17_Hashtable_traitsILb1ELb0ELb1EEEE4findERS1_
0000000000058e80 W _ZNKSt10_HashtableISsSt4pairIKSsSsESaIS2_ENSt8__detail10_Select1stESt8equal_toISsESt4hashISsENS4_18_Mod_range_hashingENS4_20_Default_ranged_hashENS4_20_Prime_rehash_policyENS4_17_Hashtable_traitsILb1ELb0ELb1EEEE8_M_beginEv
000000000005f078 W _ZNKSt10_HashtableIccSaIcENSt8__detail9_IdentityESt8equal_toIcESt4hashIcENS1_18_Mod_range_hashingENS1_20_Default_ranged_hashENS1_20_Prime_rehash_policyENS1_17_Hashtable_traitsILb0ELb1ELb1EEEE12_M_find_nodeEmRKcm
000000000006160c W _ZNKSt10_HashtableIccSaIcENSt8__detail9_IdentityESt8equal_toIcESt4hashIcENS1_18_Mod_range_hashingENS1_20_Default_ranged_hashENS1_20_Prime_rehash_policyENS1_17_Hashtable_traitsILb0ELb1ELb1EEEE15_M_bucket_indexEPNS1_10_Hash_nodeIcLb0EEE
000000000005f040 W _ZNKSt10_HashtableIccSaIcENSt8__detail9_IdentityESt8equal_toIcESt4hashIcENS1_18_Mod_range_hashingENS1_20_Default_ranged_hashENS1_20_Prime_rehash_policyENS1_17_Hashtable_traitsILb0ELb1ELb1EEEE15_M_bucket_indexERKcm
000000000006047c W _ZNKSt10_HashtableIccSaIcENSt8__detail9_IdentityESt8equal_toIcESt4hashIcENS1_18_Mod_range_hashingENS1_20_Default_ranged_hashENS1_20_Prime_rehash_policyENS1_17_Hashtable_traitsILb0ELb1ELb1EEEE19_M_find_before_nodeEmRKcm
000000000005b430 W _ZNKSt10_HashtableIccSaIcENSt8__detail9_IdentityESt8equal_toIcESt4hashIcENS1_18_Mod_range_hashingENS1_20_Default_ranged_hashENS1_20_Prime_rehash_policyENS1_17_Hashtable_traitsILb0ELb1ELb1EEEE21_M_uses_single_bucketEPPNS1_15_Hash_node_baseE
0000000000058c40 W _ZNKSt10_HashtableIccSaIcENSt8__detail9_IdentityESt8equal_toIcESt4hashIcENS1_18_Mod_range_hashingENS1_20_Default_ranged_hashENS1_20_Prime_rehash_policyENS1_17_Hashtable_traitsILb0ELb1ELb1EEEE8_M_beginEv
000000000005aad8 W _ZNKSt10_Select1stISt4pairIKjSsEEclERKS2_
000000000004ac64 W _ZNKSt12_Vector_baseIPFvPvESaIS2_EE19_M_get_Tp_allocatorEv
0000000000059f2c W _ZNKSt12__shared_ptrISt5mutexLN9__gnu_cxx12_Lock_policyE2EE3getEv
0000000000057b94 W _ZNKSt12__shared_ptrISt5mutexLN9__gnu_cxx12_Lock_policyE2EEcvbEv
00000000000600c8 W _ZNKSt13_Rb_tree_nodeISsE9_M_valptrEv
0000000000056610 W _ZNKSt13_Rb_tree_nodeISt4pairIKjSsEE9_M_valptrEv
0000000000055660 W _ZNKSt13unordered_mapIPvSt10shared_ptrISt5mutexESt4hashIS0_ESt8equal_toIS0_ESaISt4pairIKS0_S3_EEE4cendEv
00000000000550e4 W _ZNKSt13unordered_mapISsSsSt4hashISsESt8equal_toISsESaISt4pairIKSsSsEEE2atERS5_
0000000000055048 W _ZNKSt13unordered_mapISsSsSt4hashISsESt8equal_toISsESaISt4pairIKSsSsEEE3endEv
0000000000055024 W _ZNKSt13unordered_mapISsSsSt4hashISsESt8equal_toISsESaISt4pairIKSsSsEEE4findERS5_
000000000005e96c W _ZNKSt14__shared_countILN9__gnu_cxx12_Lock_policyE2EE14_M_get_deleterERKSt9type_info
0000000000054710 W _ZNKSt16initializer_listISsE3endEv
0000000000055f88 W _ZNKSt16initializer_listISsE4sizeEv
00000000000546f8 W _ZNKSt16initializer_listISsE5beginEv
00000000000568a4 W _ZNKSt16initializer_listISt4pairIKSsSsEE3endEv
0000000000058cf0 W _ZNKSt16initializer_listISt4pairIKSsSsEE4sizeEv
000000000005688c W _ZNKSt16initializer_listISt4pairIKSsSsEE5beginEv
00000000000566b4 W _ZNKSt16initializer_listIcE3endEv
0000000000058ab0 W _ZNKSt16initializer_listIcE4sizeEv
000000000005669c W _ZNKSt16initializer_listIcE5beginEv
00000000000552ac W _ZNKSt16initializer_listIjE3endEv
000000000005713c W _ZNKSt16initializer_listIjE4sizeEv
0000000000055294 W _ZNKSt16initializer_listIjE5beginEv
00000000000544e0 W _ZNKSt16initializer_listIlE3endEv
0000000000055c5c W _ZNKSt16initializer_listIlE4sizeEv
00000000000544c8 W _ZNKSt16initializer_listIlE5beginEv
000000000005eb38 W _ZNKSt17_Rb_tree_iteratorISsEeqERKS0_
000000000005633c W _ZNKSt17_Rb_tree_iteratorISt4pairIKjSsEEdeEv
00000000000562e4 W _ZNKSt17_Rb_tree_iteratorISt4pairIKjSsEEeqERKS3_
0000000000054940 W _ZNKSt17_Rb_tree_iteratorISt4pairIKjSsEEneERKS3_
0000000000057bb8 W _ZNKSt19__shared_ptr_accessISt5mutexLN9__gnu_cxx12_Lock_policyE2ELb0ELb0EE6_M_getEv
0000000000055844 W _ZNKSt19__shared_ptr_accessISt5mutexLN9__gnu_cxx12_Lock_policyE2ELb0ELb0EEdeEv
000000000005cd84 W _ZNKSt23_Rb_tree_const_iteratorISsE13_M_const_castEv
000000000005abec W _ZNKSt23_Rb_tree_const_iteratorISt4pairIKjSsEE13_M_const_castEv
0000000000056314 W _ZNKSt3mapIjSsSt4lessIjESaISt4pairIKjSsEEE8key_compEv
000000000005bf5c W _ZNKSt4hashIPKvEclES1_
000000000005c598 W _ZNKSt4hashIPvEclES0_
000000000005bac0 W _ZNKSt4lessIPKcEclERKS1_S4_
000000000005ce84 W _ZNKSt4lessISsEclERKSsS2_
000000000005635c W _ZNKSt4lessIjEclERKjS2_
000000000004a92c W _ZNKSt6vectorIPFvPvESaIS2_EE12_M_check_lenEmPKc
000000000004a61c W _ZNKSt6vectorIPFvPvESaIS2_EE3endEv
000000000004ab90 W _ZNKSt6vectorIPFvPvESaIS2_EE4sizeEv
000000000004a5f0 W _ZNKSt6vectorIPFvPvESaIS2_EE5beginEv
000000000004ab68 W _ZNKSt6vectorIPFvPvESaIS2_EE8max_sizeEv
0000000000057284 W _ZNKSt6vectorIjSaIjEE14_M_range_checkEm
00000000000553d8 W _ZNKSt6vectorIjSaIjEE2atEm
0000000000059328 W _ZNKSt6vectorIjSaIjEE4sizeEv
00000000000572e4 W _ZNKSt6vectorIjSaIjEEixEm
000000000005d0ac W _ZNKSt8_Rb_treeISsSsSt9_IdentityISsESt4lessISsESaISsEE11_Alloc_nodeclIRKSsEEPSt13_Rb_tree_nodeISsEOT_
000000000005cdf8 W _ZNKSt8_Rb_treeISsSsSt9_IdentityISsESt4lessISsESaISsEE4sizeEv
000000000005ac48 W _ZNKSt8_Rb_treeIjSt4pairIKjSsESt10_Select1stIS2_ESt4lessIjESaIS2_EE4sizeEv
000000000005840c W _ZNKSt8_Rb_treeIjSt4pairIKjSsESt10_Select1stIS2_ESt4lessIjESaIS2_EE8key_compEv
000000000005f628 W _ZNKSt8__detail10_AllocNodeISaINS_10_Hash_nodeISt4pairIKSsSsELb1EEEEEclIRKS4_EEPS5_OT_
000000000005f188 W _ZNKSt8__detail10_AllocNodeISaINS_10_Hash_nodeIcLb0EEEEEclIRKcEEPS2_OT_
000000000005bd80 W _ZNKSt8__detail10_Hash_nodeISt4pairIKPvSt10shared_ptrISt5mutexEELb0EE7_M_nextEv
000000000005b754 W _ZNKSt8__detail10_Hash_nodeISt4pairIKSsSsELb1EE7_M_nextEv
000000000005b358 W _ZNKSt8__detail10_Hash_nodeIcLb0EE7_M_nextEv
00000000000610dc W _ZNKSt8__detail10_Select1stclIRKSt4pairIKPvSt10shared_ptrISt5mutexEEEEDTcl3getILi0EEcl7forwardIT_Efp_EEEOSB_
000000000005f548 W _ZNKSt8__detail10_Select1stclIRKSt4pairIKSsSsEEEDTcl3getILi0EEcl7forwardIT_Efp_EEEOS7_
000000000005c904 W _ZNKSt8__detail10_Select1stclIRSt4pairIKPvSt10shared_ptrISt5mutexEEEEDTcl3getILi0EEcl7forwardIT_Efp_EEEOSA_
0000000000060c70 W _ZNKSt8__detail10_Select1stclIRSt4pairIKSsSsEEEDTcl3getILi0EEcl7forwardIT_Efp_EEEOS6_
0000000000059df8 W _ZNKSt8__detail14_Node_iteratorISt4pairIKPvSt10shared_ptrISt5mutexEELb0ELb0EEptEv
000000000005fc98 W _ZNKSt8__detail15_Hash_code_baseIPvSt4pairIKS1_St10shared_ptrISt5mutexEENS_10_Select1stESt4hashIS1_ENS_18_Mod_range_hashingENS_20_Default_ranged_hashELb0EE10_M_extractEv
000000000005997c W _ZNKSt8__detail15_Hash_code_baseIPvSt4pairIKS1_St10shared_ptrISt5mutexEENS_10_Select1stESt4hashIS1_ENS_18_Mod_range_hashingENS_20_Default_ranged_hashELb0EE12_M_hash_codeERS3_
000000000005c928 W _ZNKSt8__detail15_Hash_code_baseIPvSt4pairIKS1_St10shared_ptrISt5mutexEENS_10_Select1stESt4hashIS1_ENS_18_Mod_range_hashingENS_20_Default_ranged_hashELb0EE13_M_store_codeEPNS_10_Hash_nodeIS7_Lb0EEEm
000000000005fcc8 W _ZNKSt8__detail15_Hash_code_baseIPvSt4pairIKS1_St10shared_ptrISt5mutexEENS_10_Select1stESt4hashIS1_ENS_18_Mod_range_hashingENS_20_Default_ranged_hashELb0EE15_M_bucket_indexEPKNS_10_Hash_nodeIS7_Lb0EEEm
000000000005c5b0 W _ZNKSt8__detail15_Hash_code_baseIPvSt4pairIKS1_St10shared_ptrISt5mutexEENS_10_Select1stESt4hashIS1_ENS_18_Mod_range_hashingENS_20_Default_ranged_hashELb0EE15_M_bucket_indexERS3_mm
000000000005c57c W _ZNKSt8__detail15_Hash_code_baseIPvSt4pairIKS1_St10shared_ptrISt5mutexEENS_10_Select1stESt4hashIS1_ENS_18_Mod_range_hashingENS_20_Default_ranged_hashELb0EE5_M_h1Ev
000000000005e39c W _ZNKSt8__detail15_Hash_code_baseIPvSt4pairIKS1_St10shared_ptrISt5mutexEENS_10_Select1stESt4hashIS1_ENS_18_Mod_range_hashingENS_20_Default_ranged_hashELb0EE5_M_h2Ev
000000000005f8f4 W _ZNKSt8__detail15_Hash_code_baseISsSt4pairIKSsSsENS_10_Select1stESt4hashISsENS_18_Mod_range_hashingENS_20_Default_ranged_hashELb1EE10_M_extractEv
0000000000058fb0 W _ZNKSt8__detail15_Hash_code_baseISsSt4pairIKSsSsENS_10_Select1stESt4hashISsENS_18_Mod_range_hashingENS_20_Default_ranged_hashELb1EE12_M_hash_codeERS2_
0000000000060c94 W _ZNKSt8__detail15_Hash_code_baseISsSt4pairIKSsSsENS_10_Select1stESt4hashISsENS_18_Mod_range_hashingENS_20_Default_ranged_hashELb1EE13_M_store_codeEPNS_10_Hash_nodeIS3_Lb1EEEm
000000000005f910 W _ZNKSt8__detail15_Hash_code_baseISsSt4pairIKSsSsENS_10_Select1stESt4hashISsENS_18_Mod_range_hashingENS_20_Default_ranged_hashELb1EE15_M_bucket_indexEPKNS_10_Hash_nodeIS3_Lb1EEEm
000000000005b950 W _ZNKSt8__detail15_Hash_code_baseISsSt4pairIKSsSsENS_10_Select1stESt4hashISsENS_18_Mod_range_hashingENS_20_Default_ranged_hashELb1EE15_M_bucket_indexERS2_mm
000000000005b934 W _ZNKSt8__detail15_Hash_code_baseISsSt4pairIKSsSsENS_10_Select1stESt4hashISsENS_18_Mod_range_hashingENS_20_Default_ranged_hashELb1EE5_M_h1Ev
000000000005dbf0 W _ZNKSt8__detail15_Hash_code_baseISsSt4pairIKSsSsENS_10_Select1stESt4hashISsENS_18_Mod_range_hashingENS_20_Default_ranged_hashELb1EE5_M_h2Ev
0000000000061d48 W _ZNKSt8__detail15_Hash_code_baseIccNS_9_IdentityESt4hashIcENS_18_Mod_range_hashingENS_20_Default_ranged_hashELb0EE10_M_extractEv
000000000005f008 W _ZNKSt8__detail15_Hash_code_baseIccNS_9_IdentityESt4hashIcENS_18_Mod_range_hashingENS_20_Default_ranged_hashELb0EE12_M_hash_codeERKc
0000000000060808 W _ZNKSt8__detail15_Hash_code_baseIccNS_9_IdentityESt4hashIcENS_18_Mod_range_hashingENS_20_Default_ranged_hashELb0EE13_M_store_codeEPNS_10_Hash_nodeIcLb0EEEm
0000000000061d64 W _ZNKSt8__detail15_Hash_code_baseIccNS_9_IdentityESt4hashIcENS_18_Mod_range_hashingENS_20_Default_ranged_hashELb0EE15_M_bucket_indexEPKNS_10_Hash_nodeIcLb0EEEm
0000000000060448 W _ZNKSt8__detail15_Hash_code_baseIccNS_9_IdentityESt4hashIcENS_18_Mod_range_hashingENS_20_Default_ranged_hashELb0EE15_M_bucket_indexERKcmm
000000000006042c W _ZNKSt8__detail15_Hash_code_baseIccNS_9_IdentityESt4hashIcENS_18_Mod_range_hashingENS_20_Default_ranged_hashELb0EE5_M_h1Ev
0000000000061598 W _ZNKSt8__detail15_Hash_code_baseIccNS_9_IdentityESt4hashIcENS_18_Mod_range_hashingENS_20_Default_ranged_hashELb0EE5_M_h2Ev
000000000005fc7c W _ZNKSt8__detail15_Hashtable_baseIPvSt4pairIKS1_St10shared_ptrISt5mutexEENS_10_Select1stESt8equal_toIS1_ESt4hashIS1_ENS_18_Mod_range_hashingENS_20_Default_ranged_hashENS_17_Hashtable_traitsILb0ELb0ELb1EEEE5_M_eqEv
000000000005e3b8 W _ZNKSt8__detail15_Hashtable_baseIPvSt4pairIKS1_St10shared_ptrISt5mutexEENS_10_Select1stESt8equal_toIS1_ESt4hashIS1_ENS_18_Mod_range_hashingENS_20_Default_ranged_hashENS_17_Hashtable_traitsILb0ELb0ELb1EEEE9_M_equalsERS3_mPNS_10_Hash_nodeIS7_Lb0EEE
000000000005f8d8 W _ZNKSt8__detail15_Hashtable_baseISsSt4pairIKSsSsENS_10_Select1stESt8equal_toISsESt4hashISsENS_18_Mod_range_hashingENS_20_Default_ranged_hashENS_17_Hashtable_traitsILb1ELb0ELb1EEEE5_M_eqEv
000000000005dc0c W _ZNKSt8__detail15_Hashtable_baseISsSt4pairIKSsSsENS_10_Select1stESt8equal_toISsESt4hashISsENS_18_Mod_range_hashingENS_20_Default_ranged_hashENS_17_Hashtable_traitsILb1ELb0ELb1EEEE9_M_equalsERS2_mPNS_10_Hash_nodeIS3_Lb1EEE
0000000000061d2c W _ZNKSt8__detail15_Hashtable_baseIccNS_9_IdentityESt8equal_toIcESt4hashIcENS_18_Mod_range_hashingENS_20_Default_ranged_hashENS_17_Hashtable_traitsILb0ELb1ELb1EEEE5_M_eqEv
00000000000615b4 W _ZNKSt8__detail15_Hashtable_baseIccNS_9_IdentityESt8equal_toIcESt4hashIcENS_18_Mod_range_hashingENS_20_Default_ranged_hashENS_17_Hashtable_traitsILb0ELb1ELb1EEEE9_M_equalsERKcmPNS_10_Hash_nodeIcLb0EEE
0000000000055094 W _ZNKSt8__detail20_Node_const_iteratorISt4pairIKSsSsELb0ELb1EEptEv
00000000000610c0 W _ZNKSt8__detail21_Hash_node_value_baseISt4pairIKPvSt10shared_ptrISt5mutexEEE4_M_vEv
0000000000061ab8 W _ZNKSt8__detail21_Hash_node_value_baseISt4pairIKPvSt10shared_ptrISt5mutexEEE9_M_valptrEv
000000000006211c W _ZNKSt8__detail21_Hash_node_value_baseIcE4_M_vEv
0000000000062188 W _ZNKSt8__detail21_Hash_node_value_baseIcE9_M_valptrEv
000000000005efe8 W _ZNKSt8__detail9_IdentityclIRKcEEOT_S5_
00000000000607e8 W _ZNKSt8__detail9_IdentityclIRcEEOT_S4_
0000000000056d60 W _ZNKSt8__detail9_Map_baseISsSt4pairIKSsSsESaIS3_ENS_10_Select1stESt8equal_toISsESt4hashISsENS_18_Mod_range_hashingENS_20_Default_ranged_hashENS_20_Prime_rehash_policyENS_17_Hashtable_traitsILb1ELb0ELb1EEELb1EE2atERS2_
0000000000060e94 W _ZNKSt8equal_toIPKvEclERKS1_S4_
0000000000061078 W _ZNKSt8equal_toIPvEclERKS0_S3_
0000000000060dd8 W _ZNKSt8equal_toISsEclERKSsS2_
00000000000620c0 W _ZNKSt8equal_toIcEclERKcS2_
000000000005a898 W _ZNKSt9_IdentityISsEclERKSs
0000000000055478 W _ZNSaINSt8__detail10_Hash_nodeISt4pairIKPvSt10shared_ptrISt5mutexEELb0EEEEC1Ev
0000000000055478 W _ZNSaINSt8__detail10_Hash_nodeISt4pairIKPvSt10shared_ptrISt5mutexEELb0EEEEC2Ev
0000000000055498 W _ZNSaINSt8__detail10_Hash_nodeISt4pairIKPvSt10shared_ptrISt5mutexEELb0EEEED1Ev
0000000000055498 W _ZNSaINSt8__detail10_Hash_nodeISt4pairIKPvSt10shared_ptrISt5mutexEELb0EEEED2Ev
00000000000609c4 W _ZNSaINSt8__detail10_Hash_nodeISt4pairIKSsSsELb1EEEEC1ERKS5_
000000000005d7f8 W _ZNSaINSt8__detail10_Hash_nodeISt4pairIKSsSsELb1EEEEC1IS3_EERKSaIT_E
00000000000609c4 W _ZNSaINSt8__detail10_Hash_nodeISt4pairIKSsSsELb1EEEEC2ERKS5_
000000000005d7f8 W _ZNSaINSt8__detail10_Hash_nodeISt4pairIKSsSsELb1EEEEC2IS3_EERKSaIT_E
00000000000569a0 W _ZNSaINSt8__detail10_Hash_nodeISt4pairIKSsSsELb1EEEED1Ev
00000000000569a0 W _ZNSaINSt8__detail10_Hash_nodeISt4pairIKSsSsELb1EEEED2Ev
00000000000603a0 W _ZNSaINSt8__detail10_Hash_nodeIcLb0EEEEC1ERKS2_
000000000005d388 W _ZNSaINSt8__detail10_Hash_nodeIcLb0EEEEC1IcEERKSaIT_E
00000000000603a0 W _ZNSaINSt8__detail10_Hash_nodeIcLb0EEEEC2ERKS2_
000000000005d388 W _ZNSaINSt8__detail10_Hash_nodeIcLb0EEEEC2IcEERKSaIT_E
00000000000567ac W _ZNSaINSt8__detail10_Hash_nodeIcLb0EEEED1Ev
00000000000567ac W _ZNSaINSt8__detail10_Hash_nodeIcLb0EEEED2Ev
000000000004a358 W _ZNSaIPFvPvEEC2Ev
000000000004a5bc W _ZNSaIPFvPvEED2Ev
000000000005ddf8 W _ZNSaIPNSt8__detail15_Hash_node_baseEEC1INS_10_Hash_nodeISt4pairIKPvSt10shared_ptrISt5mutexEELb0EEEEERKSaIT_E
000000000005dbb8 W _ZNSaIPNSt8__detail15_Hash_node_baseEEC1INS_10_Hash_nodeISt4pairIKSsSsELb1EEEEERKSaIT_E
000000000005d784 W _ZNSaIPNSt8__detail15_Hash_node_baseEEC1INS_10_Hash_nodeIcLb0EEEEERKSaIT_E
000000000005ddf8 W _ZNSaIPNSt8__detail15_Hash_node_baseEEC2INS_10_Hash_nodeISt4pairIKPvSt10shared_ptrISt5mutexEELb0EEEEERKSaIT_E
000000000005dbb8 W _ZNSaIPNSt8__detail15_Hash_node_baseEEC2INS_10_Hash_nodeISt4pairIKSsSsELb1EEEEERKSaIT_E
000000000005d784 W _ZNSaIPNSt8__detail15_Hash_node_baseEEC2INS_10_Hash_nodeIcLb0EEEEERKSaIT_E
000000000005d7a8 W _ZNSaIPNSt8__detail15_Hash_node_baseEED1Ev
000000000005d7a8 W _ZNSaIPNSt8__detail15_Hash_node_baseEED2Ev
0000000000055ec0 W _ZNSaISsEC1ERKS_
00000000000546b8 W _ZNSaISsEC1Ev
0000000000055ec0 W _ZNSaISsEC2ERKS_
00000000000546b8 W _ZNSaISsEC2Ev
00000000000546d8 W _ZNSaISsED1Ev
00000000000546d8 W _ZNSaISsED2Ev
000000000005a4f4 W _ZNSaISt13_Rb_tree_nodeISsEEC1ERKS1_
0000000000057f7c W _ZNSaISt13_Rb_tree_nodeISsEEC1ISsEERKSaIT_E
000000000005a4f4 W _ZNSaISt13_Rb_tree_nodeISsEEC2ERKS1_
0000000000057f7c W _ZNSaISt13_Rb_tree_nodeISsEEC2ISsEERKSaIT_E
0000000000056050 W _ZNSaISt13_Rb_tree_nodeISsEED1Ev
0000000000056050 W _ZNSaISt13_Rb_tree_nodeISsEED2Ev
0000000000054878 W _ZNSaISt13_Rb_tree_nodeISt4pairIKjSsEEEC1Ev
0000000000054878 W _ZNSaISt13_Rb_tree_nodeISt4pairIKjSsEEEC2Ev
0000000000054898 W _ZNSaISt13_Rb_tree_nodeISt4pairIKjSsEEED1Ev
0000000000054898 W _ZNSaISt13_Rb_tree_nodeISt4pairIKjSsEEED2Ev
000000000005fe18 W _ZNSaISt23_Sp_counted_ptr_inplaceISt5mutexSaIS0_ELN9__gnu_cxx12_Lock_policyE2EEEC1IS0_EERKSaIT_E
000000000005fe18 W _ZNSaISt23_Sp_counted_ptr_inplaceISt5mutexSaIS0_ELN9__gnu_cxx12_Lock_policyE2EEEC2IS0_EERKSaIT_E
000000000005fe3c W _ZNSaISt23_Sp_counted_ptr_inplaceISt5mutexSaIS0_ELN9__gnu_cxx12_Lock_policyE2EEED1Ev
000000000005fe3c W _ZNSaISt23_Sp_counted_ptr_inplaceISt5mutexSaIS0_ELN9__gnu_cxx12_Lock_policyE2EEED2Ev
000000000005c74c W _ZNSaISt4pairIKPvSt10shared_ptrISt5mutexEEEC1INSt8__detail10_Hash_nodeIS5_Lb0EEEEERKSaIT_E
000000000005c74c W _ZNSaISt4pairIKPvSt10shared_ptrISt5mutexEEEC2INSt8__detail10_Hash_nodeIS5_Lb0EEEEERKSaIT_E
000000000005c770 W _ZNSaISt4pairIKPvSt10shared_ptrISt5mutexEEED1Ev
000000000005c770 W _ZNSaISt4pairIKPvSt10shared_ptrISt5mutexEEED2Ev
0000000000054d08 W _ZNSaISt4pairIKSsSsEEC1Ev
000000000005db3c W _ZNSaISt4pairIKSsSsEEC1INSt8__detail10_Hash_nodeIS1_Lb1EEEEERKSaIT_E
0000000000054d08 W _ZNSaISt4pairIKSsSsEEC2Ev
000000000005db3c W _ZNSaISt4pairIKSsSsEEC2INSt8__detail10_Hash_nodeIS1_Lb1EEEEERKSaIT_E
0000000000054d28 W _ZNSaISt4pairIKSsSsEED1Ev
0000000000054d28 W _ZNSaISt4pairIKSsSsEED2Ev
000000000005ff04 W _ZNSaISt5mutexEC1ERKS0_
0000000000057a98 W _ZNSaISt5mutexEC1Ev
000000000005ff04 W _ZNSaISt5mutexEC2ERKS0_
0000000000057a98 W _ZNSaISt5mutexEC2Ev
0000000000057ab8 W _ZNSaISt5mutexED1Ev
0000000000057ab8 W _ZNSaISt5mutexED2Ev
000000000005d6cc W _ZNSaIcEC1INSt8__detail10_Hash_nodeIcLb0EEEEERKSaIT_E
000000000005d6cc W _ZNSaIcEC2INSt8__detail10_Hash_nodeIcLb0EEEEERKSaIT_E
000000000005baf4 W _ZNSaIjEC1ERKS_
0000000000055254 W _ZNSaIjEC1Ev
000000000005baf4 W _ZNSaIjEC2ERKS_
0000000000055254 W _ZNSaIjEC2Ev
0000000000055274 W _ZNSaIjED1Ev
0000000000055274 W _ZNSaIjED2Ev
000000000005a388 W _ZNSaIlEC1ERKS_
0000000000054488 W _ZNSaIlEC1Ev
000000000005a388 W _ZNSaIlEC2ERKS_
0000000000054488 W _ZNSaIlEC2Ev
00000000000544a8 W _ZNSaIlED1Ev
00000000000544a8 W _ZNSaIlED2Ev
000000000006141c W _ZNSs10_S_compareEmm
0000000000055988 W _ZNSs12_Alloc_hiderC1EPcRKSaIcE
0000000000055988 W _ZNSs12_Alloc_hiderC2EPcRKSaIcE
0000000000058f30 W _ZNSs12_M_leak_hardEv
000000000005595c W _ZNSs12_S_constructIPKcEEPcT_S3_RKSaIcE
0000000000059fb8 W _ZNSs12_S_constructIPKcEEPcT_S3_RKSaIcESt20forward_iterator_tag
0000000000056a58 W _ZNSs12_S_empty_repEv
000000000005cbec W _ZNSs13_S_copy_charsEPcPKcS1_
0000000000057c74 W _ZNSs16_S_construct_auxIPKcEEPcT_S3_RKSaIcESt12__false_type
0000000000054ef4 W _ZNSs3endEv
0000000000057bf0 W _ZNSs4_Rep10_M_destroyERKSaIcE
00000000000558cc W _ZNSs4_Rep10_M_disposeERKSaIcE
00000000000589a8 W _ZNSs4_Rep10_M_refcopyEv
0000000000056a6c W _ZNSs4_Rep10_M_refdataEv
0000000000022ccc u _ZNSs4_Rep11_S_terminalE
0000000000057bd4 W _ZNSs4_Rep12_S_empty_repEv
000000000005b914 W _ZNSs4_Rep13_M_set_leakedEv
000000000005a110 W _ZNSs4_Rep15_M_set_sharableEv
0000000000057d78 W _ZNSs4_Rep26_M_set_length_and_sharableEm
0000000000056630 W _ZNSs4_Rep7_M_grabERKSaIcES2_
0000000000058a04 W _ZNSs4_Rep8_M_cloneERKSaIcEm
000000000005af74 W _ZNSs4_Rep9_S_createEmmRKSaIcE
0000000000054e88 W _ZNSs5beginEv
00000000000559c0 W _ZNSs6appendEPKc
0000000000056f3c W _ZNSs6appendEPKcm
0000000000055ab8 W _ZNSs6appendERKSs
00000000000564f0 W _ZNSs6assignERKSs
0000000000057d2c W _ZNSs7_M_copyEPcPKcm
0000000000057cdc W _ZNSs7_M_dataEPc
0000000000056a84 W _ZNSs7_M_leakEv
000000000005cc28 W _ZNSs7_M_moveEPcPKcm
0000000000056de0 W _ZNSs7reserveEm
000000000005a12c W _ZNSs9_M_mutateEmmm
0000000000056b00 W _ZNSs9push_backEc
0000000000055a28 W _ZNSsC1EOSs
0000000000054640 W _ZNSsC1EPKcRKSaIcE
0000000000054b50 W _ZNSsC1ERKSs
0000000000054e00 W _ZNSsC1Ev
0000000000055a28 W _ZNSsC2EOSs
0000000000054640 W _ZNSsC2EPKcRKSaIcE
0000000000054b50 W _ZNSsC2ERKSs
0000000000054e00 W _ZNSsC2Ev
00000000000543bc W _ZNSsD1Ev
00000000000543bc W _ZNSsD2Ev
0000000000054b04 W _ZNSsaSERKSs
0000000000054ffc W _ZNSspLEc
000000000005e690 W _ZNSt10_HashtableIPvSt4pairIKS0_St10shared_ptrISt5mutexEESaIS6_ENSt8__detail10_Select1stESt8equal_toIS0_ESt4hashIS0_ENS8_18_Mod_range_hashingENS8_20_Default_ranged_hashENS8_20_Prime_rehash_policyENS8_17_Hashtable_traitsILb0ELb0ELb1EEEE13_M_rehash_auxEmSt17integral_constantIbLb1EE
000000000005fdb0 W _ZNSt10_HashtableIPvSt4pairIKS0_St10shared_ptrISt5mutexEESaIS6_ENSt8__detail10_Select1stESt8equal_toIS0_ESt4hashIS0_ENS8_18_Mod_range_hashingENS8_20_Default_ranged_hashENS8_20_Prime_rehash_policyENS8_17_Hashtable_traitsILb0ELb0ELb1EEEE19_M_allocate_bucketsEm
0000000000059468 W _ZNSt10_HashtableIPvSt4pairIKS0_St10shared_ptrISt5mutexEESaIS6_ENSt8__detail10_Select1stESt8equal_toIS0_ESt4hashIS0_ENS8_18_Mod_range_hashingENS8_20_Default_ranged_hashENS8_20_Prime_rehash_policyENS8_17_Hashtable_traitsILb0ELb0ELb1EEEE21_M_deallocate_bucketsEPPNS8_15_Hash_node_baseEm
0000000000057458 W _ZNSt10_HashtableIPvSt4pairIKS0_St10shared_ptrISt5mutexEESaIS6_ENSt8__detail10_Select1stESt8equal_toIS0_ESt4hashIS0_ENS8_18_Mod_range_hashingENS8_20_Default_ranged_hashENS8_20_Prime_rehash_policyENS8_17_Hashtable_traitsILb0ELb0ELb1EEEE21_M_deallocate_bucketsEv
0000000000059c98 W _ZNSt10_HashtableIPvSt4pairIKS0_St10shared_ptrISt5mutexEESaIS6_ENSt8__detail10_Select1stESt8equal_toIS0_ESt4hashIS0_ENS8_18_Mod_range_hashingENS8_20_Default_ranged_hashENS8_20_Prime_rehash_policyENS8_17_Hashtable_traitsILb0ELb0ELb1EEEE21_M_insert_unique_nodeEmmPNS8_10_Hash_nodeIS6_Lb0EEE
000000000005c944 W _ZNSt10_HashtableIPvSt4pairIKS0_St10shared_ptrISt5mutexEESaIS6_ENSt8__detail10_Select1stESt8equal_toIS0_ESt4hashIS0_ENS8_18_Mod_range_hashingENS8_20_Default_ranged_hashENS8_20_Prime_rehash_policyENS8_17_Hashtable_traitsILb0ELb0ELb1EEEE22_M_insert_bucket_beginEmPNS8_10_Hash_nodeIS6_Lb0EEE
0000000000059a68 W _ZNSt10_HashtableIPvSt4pairIKS0_St10shared_ptrISt5mutexEESaIS6_ENSt8__detail10_Select1stESt8equal_toIS0_ESt4hashIS0_ENS8_18_Mod_range_hashingENS8_20_Default_ranged_hashENS8_20_Prime_rehash_policyENS8_17_Hashtable_traitsILb0ELb0ELb1EEEE3endEv
0000000000057814 W _ZNSt10_HashtableIPvSt4pairIKS0_St10shared_ptrISt5mutexEESaIS6_ENSt8__detail10_Select1stESt8equal_toIS0_ESt4hashIS0_ENS8_18_Mod_range_hashingENS8_20_Default_ranged_hashENS8_20_Prime_rehash_policyENS8_17_Hashtable_traitsILb0ELb0ELb1EEEE4findERS2_
00000000000573f4 W _ZNSt10_HashtableIPvSt4pairIKS0_St10shared_ptrISt5mutexEESaIS6_ENSt8__detail10_Select1stESt8equal_toIS0_ESt4hashIS0_ENS8_18_Mod_range_hashingENS8_20_Default_ranged_hashENS8_20_Prime_rehash_policyENS8_17_Hashtable_traitsILb0ELb0ELb1EEEE5clearEv
000000000005c848 W _ZNSt10_HashtableIPvSt4pairIKS0_St10shared_ptrISt5mutexEESaIS6_ENSt8__detail10_Select1stESt8equal_toIS0_ESt4hashIS0_ENS8_18_Mod_range_hashingENS8_20_Default_ranged_hashENS8_20_Prime_rehash_policyENS8_17_Hashtable_traitsILb0ELb0ELb1EEEE9_M_rehashEmRKm
00000000000554b8 W _ZNSt10_HashtableIPvSt4pairIKS0_St10shared_ptrISt5mutexEESaIS6_ENSt8__detail10_Select1stESt8equal_toIS0_ESt4hashIS0_ENS8_18_Mod_range_hashingENS8_20_Default_ranged_hashENS8_20_Prime_rehash_policyENS8_17_Hashtable_traitsILb0ELb0ELb1EEEED1Ev
00000000000554b8 W _ZNSt10_HashtableIPvSt4pairIKS0_St10shared_ptrISt5mutexEESaIS6_ENSt8__detail10_Select1stESt8equal_toIS0_ESt4hashIS0_ENS8_18_Mod_range_hashingENS8_20_Default_ranged_hashENS8_20_Prime_rehash_policyENS8_17_Hashtable_traitsILb0ELb0ELb1EEEED2Ev
00000000000618a0 W _ZNSt10_HashtableISsSt4pairIKSsSsESaIS2_ENSt8__detail10_Select1stESt8equal_toISsESt4hashISsENS4_18_Mod_range_hashingENS4_20_Default_ranged_hashENS4_20_Prime_rehash_policyENS4_17_Hashtable_traitsILb1ELb0ELb1EEEE13_M_rehash_auxEmSt17integral_constantIbLb1EE
000000000005b67c W _ZNSt10_HashtableISsSt4pairIKSsSsESaIS2_ENSt8__detail10_Select1stESt8equal_toISsESt4hashISsENS4_18_Mod_range_hashingENS4_20_Default_ranged_hashENS4_20_Prime_rehash_policyENS4_17_Hashtable_traitsILb1ELb0ELb1EEEE19_M_allocate_bucketsEm
0000000000058ee4 W _ZNSt10_HashtableISsSt4pairIKSsSsESaIS2_ENSt8__detail10_Select1stESt8equal_toISsESt4hashISsENS4_18_Mod_range_hashingENS4_20_Default_ranged_hashENS4_20_Prime_rehash_policyENS4_17_Hashtable_traitsILb1ELb0ELb1EEEE21_M_deallocate_bucketsEPPNS4_15_Hash_node_baseEm
0000000000056a24 W _ZNSt10_HashtableISsSt4pairIKSsSsESaIS2_ENSt8__detail10_Select1stESt8equal_toISsESt4hashISsENS4_18_Mod_range_hashingENS4_20_Default_ranged_hashENS4_20_Prime_rehash_policyENS4_17_Hashtable_traitsILb1ELb0ELb1EEEE21_M_deallocate_bucketsEv
000000000005f678 W _ZNSt10_HashtableISsSt4pairIKSsSsESaIS2_ENSt8__detail10_Select1stESt8equal_toISsESt4hashISsENS4_18_Mod_range_hashingENS4_20_Default_ranged_hashENS4_20_Prime_rehash_policyENS4_17_Hashtable_traitsILb1ELb0ELb1EEEE21_M_insert_unique_nodeEmmPNS4_10_Hash_nodeIS2_Lb1EEE
0000000000060cbc W _ZNSt10_HashtableISsSt4pairIKSsSsESaIS2_ENSt8__detail10_Select1stESt8equal_toISsESt4hashISsENS4_18_Mod_range_hashingENS4_20_Default_ranged_hashENS4_20_Prime_rehash_policyENS4_17_Hashtable_traitsILb1ELb0ELb1EEEE22_M_insert_bucket_beginEmPNS4_10_Hash_nodeIS2_Lb1EEE
00000000000569c0 W _ZNSt10_HashtableISsSt4pairIKSsSsESaIS2_ENSt8__detail10_Select1stESt8equal_toISsESt4hashISsENS4_18_Mod_range_hashingENS4_20_Default_ranged_hashENS4_20_Prime_rehash_policyENS4_17_Hashtable_traitsILb1ELb0ELb1EEEE5clearEv
000000000005d9f0 W _ZNSt10_HashtableISsSt4pairIKSsSsESaIS2_ENSt8__detail10_Select1stESt8equal_toISsESt4hashISsENS4_18_Mod_range_hashingENS4_20_Default_ranged_hashENS4_20_Prime_rehash_policyENS4_17_Hashtable_traitsILb1ELb0ELb1EEEE9_M_insertIRKS2_NS4_10_AllocNodeISaINS4_10_Hash_nodeIS2_Lb1EEEEEEEES0_INS4_14_Node_iteratorIS2_Lb0ELb1EEEbEOT_RKT0_St17integral_constantIbLb1EE
0000000000060bd0 W _ZNSt10_HashtableISsSt4pairIKSsSsESaIS2_ENSt8__detail10_Select1stESt8equal_toISsESt4hashISsENS4_18_Mod_range_hashingENS4_20_Default_ranged_hashENS4_20_Prime_rehash_policyENS4_17_Hashtable_traitsILb1ELb0ELb1EEEE9_M_rehashEmRKm
000000000005b518 W _ZNSt10_HashtableISsSt4pairIKSsSsESaIS2_ENSt8__detail10_Select1stESt8equal_toISsESt4hashISsENS4_18_Mod_range_hashingENS4_20_Default_ranged_hashENS4_20_Prime_rehash_policyENS4_17_Hashtable_traitsILb1ELb0ELb1EEEEC1ERKS9_RKSA_RKSB_RKS7_RKS5_RKS3_
00000000000568dc W _ZNSt10_HashtableISsSt4pairIKSsSsESaIS2_ENSt8__detail10_Select1stESt8equal_toISsESt4hashISsENS4_18_Mod_range_hashingENS4_20_Default_ranged_hashENS4_20_Prime_rehash_policyENS4_17_Hashtable_traitsILb1ELb0ELb1EEEEC1ESt16initializer_listIS2_EmRKS9_RKS7_RKS3_
0000000000058d08 W _ZNSt10_HashtableISsSt4pairIKSsSsESaIS2_ENSt8__detail10_Select1stESt8equal_toISsESt4hashISsENS4_18_Mod_range_hashingENS4_20_Default_ranged_hashENS4_20_Prime_rehash_policyENS4_17_Hashtable_traitsILb1ELb0ELb1EEEEC1IPKS2_EET_SJ_mRKS9_RKSA_RKSB_RKS7_RKS5_RKS3_
000000000005b518 W _ZNSt10_HashtableISsSt4pairIKSsSsESaIS2_ENSt8__detail10_Select1stESt8equal_toISsESt4hashISsENS4_18_Mod_range_hashingENS4_20_Default_ranged_hashENS4_20_Prime_rehash_policyENS4_17_Hashtable_traitsILb1ELb0ELb1EEEEC2ERKS9_RKSA_RKSB_RKS7_RKS5_RKS3_
00000000000568dc W _ZNSt10_HashtableISsSt4pairIKSsSsESaIS2_ENSt8__detail10_Select1stESt8equal_toISsESt4hashISsENS4_18_Mod_range_hashingENS4_20_Default_ranged_hashENS4_20_Prime_rehash_policyENS4_17_Hashtable_traitsILb1ELb0ELb1EEEEC2ESt16initializer_listIS2_EmRKS9_RKS7_RKS3_
0000000000058d08 W _ZNSt10_HashtableISsSt4pairIKSsSsESaIS2_ENSt8__detail10_Select1stESt8equal_toISsESt4hashISsENS4_18_Mod_range_hashingENS4_20_Default_ranged_hashENS4_20_Prime_rehash_policyENS4_17_Hashtable_traitsILb1ELb0ELb1EEEEC2IPKS2_EET_SJ_mRKS9_RKSA_RKSB_RKS7_RKS5_RKS3_
0000000000054dd0 W _ZNSt10_HashtableISsSt4pairIKSsSsESaIS2_ENSt8__detail10_Select1stESt8equal_toISsESt4hashISsENS4_18_Mod_range_hashingENS4_20_Default_ranged_hashENS4_20_Prime_rehash_policyENS4_17_Hashtable_traitsILb1ELb0ELb1EEEED1Ev
0000000000054dd0 W _ZNSt10_HashtableISsSt4pairIKSsSsESaIS2_ENSt8__detail10_Select1stESt8equal_toISsESt4hashISsENS4_18_Mod_range_hashingENS4_20_Default_ranged_hashENS4_20_Prime_rehash_policyENS4_17_Hashtable_traitsILb1ELb0ELb1EEEED2Ev
000000000006169c W _ZNSt10_HashtableIccSaIcENSt8__detail9_IdentityESt8equal_toIcESt4hashIcENS1_18_Mod_range_hashingENS1_20_Default_ranged_hashENS1_20_Prime_rehash_policyENS1_17_Hashtable_traitsILb0ELb1ELb1EEEE13_M_rehash_auxEmSt17integral_constantIbLb1EE
000000000005b280 W _ZNSt10_HashtableIccSaIcENSt8__detail9_IdentityESt8equal_toIcESt4hashIcENS1_18_Mod_range_hashingENS1_20_Default_ranged_hashENS1_20_Prime_rehash_policyENS1_17_Hashtable_traitsILb0ELb1ELb1EEEE19_M_allocate_bucketsEm
0000000000058ca4 W _ZNSt10_HashtableIccSaIcENSt8__detail9_IdentityESt8equal_toIcESt4hashIcENS1_18_Mod_range_hashingENS1_20_Default_ranged_hashENS1_20_Prime_rehash_policyENS1_17_Hashtable_traitsILb0ELb1ELb1EEEE21_M_deallocate_bucketsEPPNS1_15_Hash_node_baseEm
0000000000056830 W _ZNSt10_HashtableIccSaIcENSt8__detail9_IdentityESt8equal_toIcESt4hashIcENS1_18_Mod_range_hashingENS1_20_Default_ranged_hashENS1_20_Prime_rehash_policyENS1_17_Hashtable_traitsILb0ELb1ELb1EEEE21_M_deallocate_bucketsEv
000000000005f1c4 W _ZNSt10_HashtableIccSaIcENSt8__detail9_IdentityESt8equal_toIcESt4hashIcENS1_18_Mod_range_hashingENS1_20_Default_ranged_hashENS1_20_Prime_rehash_policyENS1_17_Hashtable_traitsILb0ELb1ELb1EEEE21_M_insert_unique_nodeEmmPNS1_10_Hash_nodeIcLb0EEE
0000000000060824 W _ZNSt10_HashtableIccSaIcENSt8__detail9_IdentityESt8equal_toIcESt4hashIcENS1_18_Mod_range_hashingENS1_20_Default_ranged_hashENS1_20_Prime_rehash_policyENS1_17_Hashtable_traitsILb0ELb1ELb1EEEE22_M_insert_bucket_beginEmPNS1_10_Hash_nodeIcLb0EEE
00000000000567cc W _ZNSt10_HashtableIccSaIcENSt8__detail9_IdentityESt8equal_toIcESt4hashIcENS1_18_Mod_range_hashingENS1_20_Default_ranged_hashENS1_20_Prime_rehash_policyENS1_17_Hashtable_traitsILb0ELb1ELb1EEEE5clearEv
000000000005d580 W _ZNSt10_HashtableIccSaIcENSt8__detail9_IdentityESt8equal_toIcESt4hashIcENS1_18_Mod_range_hashingENS1_20_Default_ranged_hashENS1_20_Prime_rehash_policyENS1_17_Hashtable_traitsILb0ELb1ELb1EEEE9_M_insertIRKcNS1_10_AllocNodeISaINS1_10_Hash_nodeIcLb0EEEEEEEESt4pairINS1_14_Node_iteratorIcLb1ELb0EEEbEOT_RKT0_St17integral_constantIbLb1EE
000000000006072c W _ZNSt10_HashtableIccSaIcENSt8__detail9_IdentityESt8equal_toIcESt4hashIcENS1_18_Mod_range_hashingENS1_20_Default_ranged_hashENS1_20_Prime_rehash_policyENS1_17_Hashtable_traitsILb0ELb1ELb1EEEE9_M_rehashEmRKm
000000000005b11c W _ZNSt10_HashtableIccSaIcENSt8__detail9_IdentityESt8equal_toIcESt4hashIcENS1_18_Mod_range_hashingENS1_20_Default_ranged_hashENS1_20_Prime_rehash_policyENS1_17_Hashtable_traitsILb0ELb1ELb1EEEEC1ERKS6_RKS7_RKS8_RKS4_RKS2_RKS0_
00000000000566e8 W _ZNSt10_HashtableIccSaIcENSt8__detail9_IdentityESt8equal_toIcESt4hashIcENS1_18_Mod_range_hashingENS1_20_Default_ranged_hashENS1_20_Prime_rehash_policyENS1_17_Hashtable_traitsILb0ELb1ELb1EEEEC1ESt16initializer_listIcEmRKS6_RKS4_RKS0_
0000000000058ac8 W _ZNSt10_HashtableIccSaIcENSt8__detail9_IdentityESt8equal_toIcESt4hashIcENS1_18_Mod_range_hashingENS1_20_Default_ranged_hashENS1_20_Prime_rehash_policyENS1_17_Hashtable_traitsILb0ELb1ELb1EEEEC1IPKcEET_SG_mRKS6_RKS7_RKS8_RKS4_RKS2_RKS0_
000000000005b11c W _ZNSt10_HashtableIccSaIcENSt8__detail9_IdentityESt8equal_toIcESt4hashIcENS1_18_Mod_range_hashingENS1_20_Default_ranged_hashENS1_20_Prime_rehash_policyENS1_17_Hashtable_traitsILb0ELb1ELb1EEEEC2ERKS6_RKS7_RKS8_RKS4_RKS2_RKS0_
00000000000566e8 W _ZNSt10_HashtableIccSaIcENSt8__detail9_IdentityESt8equal_toIcESt4hashIcENS1_18_Mod_range_hashingENS1_20_Default_ranged_hashENS1_20_Prime_rehash_policyENS1_17_Hashtable_traitsILb0ELb1ELb1EEEEC2ESt16initializer_listIcEmRKS6_RKS4_RKS0_
0000000000058ac8 W _ZNSt10_HashtableIccSaIcENSt8__detail9_IdentityESt8equal_toIcESt4hashIcENS1_18_Mod_range_hashingENS1_20_Default_ranged_hashENS1_20_Prime_rehash_policyENS1_17_Hashtable_traitsILb0ELb1ELb1EEEEC2IPKcEET_SG_mRKS6_RKS7_RKS8_RKS4_RKS2_RKS0_
0000000000054cd8 W _ZNSt10_HashtableIccSaIcENSt8__detail9_IdentityESt8equal_toIcESt4hashIcENS1_18_Mod_range_hashingENS1_20_Default_ranged_hashENS1_20_Prime_rehash_policyENS1_17_Hashtable_traitsILb0ELb1ELb1EEEED1Ev
0000000000054cd8 W _ZNSt10_HashtableIccSaIcENSt8__detail9_IdentityESt8equal_toIcESt4hashIcENS1_18_Mod_range_hashingENS1_20_Default_ranged_hashENS1_20_Prime_rehash_policyENS1_17_Hashtable_traitsILb0ELb1ELb1EEEED2Ev
000000000005dfcc W _ZNSt10_Head_baseILm0EOPKvLb0EE7_M_headERS3_
000000000005765c W _ZNSt10_Head_baseILm0EOPKvLb0EEC1IS1_EEOT_
000000000005765c W _ZNSt10_Head_baseILm0EOPKvLb0EEC2IS1_EEOT_
000000000005e52c W _ZNSt10_Head_baseILm0ERKPvLb0EE7_M_headERS3_
0000000000057970 W _ZNSt10_Head_baseILm0ERKPvLb0EEC1ES2_
0000000000057970 W _ZNSt10_Head_baseILm0ERKPvLb0EEC2ES2_
000000000005ed60 W _ZNSt10_Head_baseILm0ERKjLb0EE7_M_headERS2_
00000000000549c0 W _ZNSt10_Head_baseILm0ERKjLb0EEC1ES1_
00000000000549c0 W _ZNSt10_Head_baseILm0ERKjLb0EEC2ES1_
000000000006206c W _ZNSt10__pair_getILm0EE11__const_getIKPvSt10shared_ptrISt5mutexEEERKT_RKSt4pairIS7_T0_E
000000000006182c W _ZNSt10__pair_getILm0EE11__const_getIKSsSsEERKT_RKSt4pairIS3_T0_E
000000000005fe04 W _ZNSt10__pair_getILm0EE5__getIKPvSt10shared_ptrISt5mutexEEERT_RSt4pairIS7_T0_E
0000000000061fa8 W _ZNSt10__pair_getILm0EE5__getIKSsSsEERT_RSt4pairIS3_T0_E
00000000000555e4 W _ZNSt10lock_guardISt5mutexEC1ERS0_
00000000000555e4 W _ZNSt10lock_guardISt5mutexEC2ERS0_
0000000000055618 W _ZNSt10lock_guardISt5mutexED1Ev
0000000000055618 W _ZNSt10lock_guardISt5mutexED2Ev
0000000000054178 W _ZNSt10shared_ptrISt5mutexEC1Ev
0000000000059e5c W _ZNSt10shared_ptrISt5mutexEC1ISaIS0_EJEEESt19_Sp_make_shared_tagRKT_DpOT0_
0000000000059e5c W _ZNSt10shared_ptrISt5mutexEC2ISaIS0_EJEEESt19_Sp_make_shared_tagRKT_DpOT0_
000000000005576c W _ZNSt10shared_ptrISt5mutexEaSEOS1_
000000000005dfb0 W _ZNSt11_Tuple_implILm0EJOPKvEE7_M_headERS3_
000000000005dff8 W _ZNSt11_Tuple_implILm0EJOPKvEEC1EOS3_
0000000000057620 W _ZNSt11_Tuple_implILm0EJOPKvEEC1IS1_EEOT_
000000000005dff8 W _ZNSt11_Tuple_implILm0EJOPKvEEC2EOS3_
0000000000057620 W _ZNSt11_Tuple_implILm0EJOPKvEEC2IS1_EEOT_
000000000005e510 W _ZNSt11_Tuple_implILm0EJRKPvEE7_M_headERS3_
000000000005e558 W _ZNSt11_Tuple_implILm0EJRKPvEEC1EOS3_
0000000000057948 W _ZNSt11_Tuple_implILm0EJRKPvEEC1ES2_
000000000005e558 W _ZNSt11_Tuple_implILm0EJRKPvEEC2EOS3_
0000000000057948 W _ZNSt11_Tuple_implILm0EJRKPvEEC2ES2_
000000000005ed44 W _ZNSt11_Tuple_implILm0EJRKjEE7_M_headERS2_
000000000005ed8c W _ZNSt11_Tuple_implILm0EJRKjEEC1EOS2_
0000000000054998 W _ZNSt11_Tuple_implILm0EJRKjEEC1ES1_
000000000005ed8c W _ZNSt11_Tuple_implILm0EJRKjEEC2EOS2_
0000000000054998 W _ZNSt11_Tuple_implILm0EJRKjEEC2ES1_
0000000000061fbc W _ZNSt11__copy_moveILb0ELb1ESt26random_access_iterator_tagE8__copy_mIjEEPT_PKS3_S6_S4_
000000000005cd08 W _ZNSt11__copy_moveILb0ELb1ESt26random_access_iterator_tagE8__copy_mIlEEPT_PKS3_S6_S4_
000000000004a4d0 W _ZNSt12_Destroy_auxILb1EE9__destroyIPPFvPvEEEvT_S6_
000000000005bba8 W _ZNSt12_Destroy_auxILb1EE9__destroyIPjEEvT_S3_
000000000005a40c W _ZNSt12_Destroy_auxILb1EE9__destroyIPlEEvT_S3_
000000000004aab4 W _ZNSt12_Vector_baseIPFvPvESaIS2_EE11_M_allocateEm
000000000004a328 W _ZNSt12_Vector_baseIPFvPvESaIS2_EE12_Vector_implC2Ev
000000000004a538 W _ZNSt12_Vector_baseIPFvPvESaIS2_EE12_Vector_implD2Ev
000000000004a4e4 W _ZNSt12_Vector_baseIPFvPvESaIS2_EE13_M_deallocateEPS2_m
000000000004a37c W _ZNSt12_Vector_baseIPFvPvESaIS2_EE17_Vector_impl_dataC2Ev
000000000004a434 W _ZNSt12_Vector_baseIPFvPvESaIS2_EE19_M_get_Tp_allocatorEv
000000000004a304 W _ZNSt12_Vector_baseIPFvPvESaIS2_EEC2Ev
000000000004a454 W _ZNSt12_Vector_baseIPFvPvESaIS2_EED2Ev
0000000000059298 W _ZNSt12_Vector_baseIjSaIjEE11_M_allocateEm
00000000000591f4 W _ZNSt12_Vector_baseIjSaIjEE12_Vector_implC1ERKS0_
00000000000591f4 W _ZNSt12_Vector_baseIjSaIjEE12_Vector_implC2ERKS0_
0000000000059234 W _ZNSt12_Vector_baseIjSaIjEE13_M_deallocateEPjm
0000000000057244 W _ZNSt12_Vector_baseIjSaIjEE19_M_get_Tp_allocatorEv
00000000000570c4 W _ZNSt12_Vector_baseIjSaIjEEC1ERKS0_
00000000000570c4 W _ZNSt12_Vector_baseIjSaIjEEC2ERKS0_
00000000000570ec W _ZNSt12_Vector_baseIjSaIjEED1Ev
00000000000570ec W _ZNSt12_Vector_baseIjSaIjEED2Ev
0000000000057e68 W _ZNSt12_Vector_baseIlSaIlEE11_M_allocateEm
0000000000057e00 W _ZNSt12_Vector_baseIlSaIlEE12_Vector_implC1ERKS0_
0000000000057e00 W _ZNSt12_Vector_baseIlSaIlEE12_Vector_implC2ERKS0_
0000000000055e5c W _ZNSt12_Vector_baseIlSaIlEE13_M_deallocateEPlm
0000000000055d64 W _ZNSt12_Vector_baseIlSaIlEE19_M_get_Tp_allocatorEv
0000000000055be4 W _ZNSt12_Vector_baseIlSaIlEEC1ERKS0_
0000000000055be4 W _ZNSt12_Vector_baseIlSaIlEEC2ERKS0_
0000000000055c0c W _ZNSt12_Vector_baseIlSaIlEED1Ev
0000000000055c0c W _ZNSt12_Vector_baseIlSaIlEED2Ev
000000000005e9c4 W _ZNSt12__shared_ptrISt5mutexLN9__gnu_cxx12_Lock_policyE2EE31_M_enable_shared_from_this_withIS0_S0_EENSt9enable_ifIXntsrNS3_15__has_esft_baseIT0_vEE5valueEvE4typeEPT_
0000000000059ee8 W _ZNSt12__shared_ptrISt5mutexLN9__gnu_cxx12_Lock_policyE2EE4swapERS3_
0000000000059e8c W _ZNSt12__shared_ptrISt5mutexLN9__gnu_cxx12_Lock_policyE2EEC1EOS3_
000000000005ca4c W _ZNSt12__shared_ptrISt5mutexLN9__gnu_cxx12_Lock_policyE2EEC1ISaIS0_EJEEESt19_Sp_make_shared_tagRKT_DpOT0_
0000000000059e8c W _ZNSt12__shared_ptrISt5mutexLN9__gnu_cxx12_Lock_policyE2EEC2EOS3_
0000000000054198 W _ZNSt12__shared_ptrISt5mutexLN9__gnu_cxx12_Lock_policyE2EEC2Ev
000000000005ca4c W _ZNSt12__shared_ptrISt5mutexLN9__gnu_cxx12_Lock_policyE2EEC2ISaIS0_EJEEESt19_Sp_make_shared_tagRKT_DpOT0_
0000000000057b1c W _ZNSt12__shared_ptrISt5mutexLN9__gnu_cxx12_Lock_policyE2EEaSEOS3_
000000000005d0fc W _ZNSt13_Rb_tree_nodeISsE9_M_valptrEv
0000000000058420 W _ZNSt13_Rb_tree_nodeISt4pairIKjSsEE9_M_valptrEv
000000000005563c W _ZNSt13unordered_mapIPvSt10shared_ptrISt5mutexESt4hashIS0_ESt8equal_toIS0_ESaISt4pairIKS0_S3_EEE4findERS9_
00000000000556ac W _ZNSt13unordered_mapIPvSt10shared_ptrISt5mutexESt4hashIS0_ESt8equal_toIS0_ESaISt4pairIKS0_S3_EEEixERS9_
0000000000054d48 W _ZNSt13unordered_mapISsSsSt4hashISsESt8equal_toISsESaISt4pairIKSsSsEEEC1ESt16initializer_listIS6_EmRKS1_RKS3_RKS7_
0000000000054d48 W _ZNSt13unordered_mapISsSsSt4hashISsESt8equal_toISsESaISt4pairIKSsSsEEEC2ESt16initializer_listIS6_EmRKS1_RKS3_RKS7_
0000000000054c50 W _ZNSt13unordered_setIcSt4hashIcESt8equal_toIcESaIcEEC1ESt16initializer_listIcEmRKS1_RKS3_RKS4_
0000000000054c50 W _ZNSt13unordered_setIcSt4hashIcESt8equal_toIcESaIcEEC2ESt16initializer_listIcEmRKS1_RKS3_RKS4_
00000000000623dc W _ZNSt14_Sp_ebo_helperILi0ESaISt5mutexELb1EE6_S_getERS2_
0000000000061b7c W _ZNSt14_Sp_ebo_helperILi0ESaISt5mutexELb1EEC1ERKS1_
0000000000061b7c W _ZNSt14_Sp_ebo_helperILi0ESaISt5mutexELb1EEC2ERKS1_
000000000005cacc W _ZNSt14__shared_countILN9__gnu_cxx12_Lock_policyE2EE7_M_swapERS2_
00000000000541c4 W _ZNSt14__shared_countILN9__gnu_cxx12_Lock_policyE2EEC1Ev
000000000005e824 W _ZNSt14__shared_countILN9__gnu_cxx12_Lock_policyE2EEC1ISt5mutexSaIS4_EJEEESt19_Sp_make_shared_tagPT_RKT0_DpOT1_
000000000005e824 W _ZNSt14__shared_countILN9__gnu_cxx12_Lock_policyE2EEC2ISt5mutexSaIS4_EJEEESt19_Sp_make_shared_tagPT_RKT0_DpOT1_
000000000005460c W _ZNSt14__shared_countILN9__gnu_cxx12_Lock_policyE2EED1Ev
000000000005460c W _ZNSt14__shared_countILN9__gnu_cxx12_Lock_policyE2EED2Ev
00000000000557cc W _ZNSt14__shared_countILN9__gnu_cxx12_Lock_policyE2EEaSERKS2_
000000000005ddb4 W _ZNSt14pointer_traitsIPNSt8__detail10_Hash_nodeISt4pairIKPvSt10shared_ptrISt5mutexEELb0EEEE10pointer_toERS9_
000000000005db04 W _ZNSt14pointer_traitsIPNSt8__detail10_Hash_nodeISt4pairIKSsSsELb1EEEE10pointer_toERS5_
000000000005d694 W _ZNSt14pointer_traitsIPNSt8__detail10_Hash_nodeIcLb0EEEE10pointer_toERS2_
000000000005d768 W _ZNSt14pointer_traitsIPPNSt8__detail15_Hash_node_baseEE10pointer_toERS2_
0000000000061310 W _ZNSt15__allocated_ptrISaISt23_Sp_counted_ptr_inplaceISt5mutexSaIS1_ELN9__gnu_cxx12_Lock_policyE2EEEE10_S_raw_ptrEPS5_
000000000005fee4 W _ZNSt15__allocated_ptrISaISt23_Sp_counted_ptr_inplaceISt5mutexSaIS1_ELN9__gnu_cxx12_Lock_policyE2EEEE3getEv
00000000000612a0 W _ZNSt15__allocated_ptrISaISt23_Sp_counted_ptr_inplaceISt5mutexSaIS1_ELN9__gnu_cxx12_Lock_policyE2EEEEC1ERS6_PS5_
00000000000612a0 W _ZNSt15__allocated_ptrISaISt23_Sp_counted_ptr_inplaceISt5mutexSaIS1_ELN9__gnu_cxx12_Lock_policyE2EEEEC2ERS6_PS5_
000000000005fe9c W _ZNSt15__allocated_ptrISaISt23_Sp_counted_ptr_inplaceISt5mutexSaIS1_ELN9__gnu_cxx12_Lock_policyE2EEEED1Ev
000000000005fe9c W _ZNSt15__allocated_ptrISaISt23_Sp_counted_ptr_inplaceISt5mutexSaIS1_ELN9__gnu_cxx12_Lock_policyE2EEEED2Ev
0000000000060040 W _ZNSt15__allocated_ptrISaISt23_Sp_counted_ptr_inplaceISt5mutexSaIS1_ELN9__gnu_cxx12_Lock_policyE2EEEEaSEDn
0000000000057ef8 W _ZNSt16_Sp_counted_baseILN9__gnu_cxx12_Lock_policyE2EE10_M_destroyEv
0000000000055da4 W _ZNSt16_Sp_counted_baseILN9__gnu_cxx12_Lock_policyE2EE10_M_releaseEv
0000000000055e34 W _ZNSt16_Sp_counted_baseILN9__gnu_cxx12_Lock_policyE2EE15_M_add_ref_copyEv
000000000006133c W _ZNSt16_Sp_counted_baseILN9__gnu_cxx12_Lock_policyE2EEC1Ev
000000000006133c W _ZNSt16_Sp_counted_baseILN9__gnu_cxx12_Lock_policyE2EEC2Ev
000000000005a44c W _ZNSt16_Sp_counted_baseILN9__gnu_cxx12_Lock_policyE2EED0Ev
000000000005a424 W _ZNSt16_Sp_counted_baseILN9__gnu_cxx12_Lock_policyE2EED1Ev
000000000005a424 W _ZNSt16_Sp_counted_baseILN9__gnu_cxx12_Lock_policyE2EED2Ev
000000000005c818 W _ZNSt16allocator_traitsISaINSt8__detail10_Hash_nodeISt4pairIKPvSt10shared_ptrISt5mutexEELb0EEEEE10deallocateERSA_PS9_m
000000000005c710 W _ZNSt16allocator_traitsISaINSt8__detail10_Hash_nodeISt4pairIKPvSt10shared_ptrISt5mutexEELb0EEEEE8allocateERSA_m
000000000005db88 W _ZNSt16allocator_traitsISaINSt8__detail10_Hash_nodeISt4pairIKSsSsELb1EEEEE10deallocateERS6_PS5_m
0000000000061840 W _ZNSt16allocator_traitsISaINSt8__detail10_Hash_nodeISt4pairIKSsSsELb1EEEEE8allocateERS6_m
000000000005d738 W _ZNSt16allocator_traitsISaINSt8__detail10_Hash_nodeIcLb0EEEEE10deallocateERS3_PS2_m
000000000006163c W _ZNSt16allocator_traitsISaINSt8__detail10_Hash_nodeIcLb0EEEEE8allocateERS3_m
000000000004a55c W _ZNSt16allocator_traitsISaIPFvPvEEE10deallocateERS3_PS2_m
000000000004ad48 W _ZNSt16allocator_traitsISaIPFvPvEEE8allocateERS3_m
000000000004ac78 W _ZNSt16allocator_traitsISaIPFvPvEEE8max_sizeERKS3_
000000000004a708 W _ZNSt16allocator_traitsISaIPFvPvEEE9constructIS2_JRS2_EEEvRS3_PT_DpOT0_
000000000005d7c8 W _ZNSt16allocator_traitsISaIPNSt8__detail15_Hash_node_baseEEE10deallocateERS3_PS2_m
000000000005ef90 W _ZNSt16allocator_traitsISaIPNSt8__detail15_Hash_node_baseEEE8allocateERS3_m
000000000005d144 W _ZNSt16allocator_traitsISaISt13_Rb_tree_nodeISsEEE10deallocateERS2_PS1_m
000000000005d11c W _ZNSt16allocator_traitsISaISt13_Rb_tree_nodeISsEEE7destroyISsEEvRS2_PT_
0000000000061474 W _ZNSt16allocator_traitsISaISt13_Rb_tree_nodeISsEEE8allocateERS2_m
000000000006149c W _ZNSt16allocator_traitsISaISt13_Rb_tree_nodeISsEEE9constructISsJRKSsEEEvRS2_PT_DpOT0_
000000000005d1b0 W _ZNSt16allocator_traitsISaISt13_Rb_tree_nodeISt4pairIKjSsEEEE10deallocateERS5_PS4_m
000000000005d188 W _ZNSt16allocator_traitsISaISt13_Rb_tree_nodeISt4pairIKjSsEEEE7destroyIS3_EEvRS5_PT_
000000000005d1f4 W _ZNSt16allocator_traitsISaISt13_Rb_tree_nodeISt4pairIKjSsEEEE8allocateERS5_m
000000000005d21c W _ZNSt16allocator_traitsISaISt13_Rb_tree_nodeISt4pairIKjSsEEEE9constructIS3_JRKSt21piecewise_construct_tSt5tupleIJRS2_EESB_IJEEEEEvRS5_PT_DpOT0_
00000000000612e0 W _ZNSt16allocator_traitsISaISt23_Sp_counted_ptr_inplaceISt5mutexSaIS1_ELN9__gnu_cxx12_Lock_policyE2EEEE10deallocateERS6_PS5_m
0000000000061278 W _ZNSt16allocator_traitsISaISt23_Sp_counted_ptr_inplaceISt5mutexSaIS1_ELN9__gnu_cxx12_Lock_policyE2EEEE8allocateERS6_m
000000000005ddd0 W _ZNSt16allocator_traitsISaISt4pairIKPvSt10shared_ptrISt5mutexEEEE7destroyIS6_EEvRS7_PT_
000000000005c7b0 W _ZNSt16allocator_traitsISaISt4pairIKPvSt10shared_ptrISt5mutexEEEE9constructIS6_JRKSt21piecewise_construct_tSt5tupleIJRS2_EESD_IJEEEEEvRS7_PT_DpOT0_
000000000005db60 W _ZNSt16allocator_traitsISaISt4pairIKSsSsEEE7destroyIS2_EEvRS3_PT_
0000000000061868 W _ZNSt16allocator_traitsISaISt4pairIKSsSsEEE9constructIS2_JRKS2_EEEvRS3_PT_DpOT0_
00000000000623b4 W _ZNSt16allocator_traitsISaISt5mutexEE7destroyIS0_EEvRS1_PT_
00000000000613c4 W _ZNSt16allocator_traitsISaISt5mutexEE9constructIS0_JEEEvRS1_PT_DpOT0_
000000000005d710 W _ZNSt16allocator_traitsISaIcEE7destroyIcEEvRS0_PT_
0000000000061664 W _ZNSt16allocator_traitsISaIcEE9constructIcJRKcEEEvRS0_PT_DpOT0_
000000000005bb1c W _ZNSt16allocator_traitsISaIjEE10deallocateERS0_Pjm
000000000005bb4c W _ZNSt16allocator_traitsISaIjEE8allocateERS0_m
0000000000057f34 W _ZNSt16allocator_traitsISaIlEE10deallocateERS0_Plm
000000000005a3b0 W _ZNSt16allocator_traitsISaIlEE8allocateERS0_m
000000000005a534 W _ZNSt17_Rb_tree_iteratorISsEC1EPSt18_Rb_tree_node_base
000000000005a534 W _ZNSt17_Rb_tree_iteratorISsEC2EPSt18_Rb_tree_node_base
000000000005d04c W _ZNSt17_Rb_tree_iteratorISsEmmEv
000000000005d07c W _ZNSt17_Rb_tree_iteratorISsEppEv
00000000000583a0 W _ZNSt17_Rb_tree_iteratorISt4pairIKjSsEEC1EPSt18_Rb_tree_node_base
00000000000583a0 W _ZNSt17_Rb_tree_iteratorISt4pairIKjSsEEC2EPSt18_Rb_tree_node_base
000000000005aea0 W _ZNSt17_Rb_tree_iteratorISt4pairIKjSsEEmmEv
000000000005aed0 W _ZNSt17_Rb_tree_iteratorISt4pairIKjSsEEppEv
000000000005a51c W _ZNSt20_Rb_tree_key_compareISt4lessISsEEC1ERKS1_
000000000005a51c W _ZNSt20_Rb_tree_key_compareISt4lessISsEEC2ERKS1_
00000000000548b8 W _ZNSt20_Rb_tree_key_compareISt4lessIjEEC1Ev
00000000000548b8 W _ZNSt20_Rb_tree_key_compareISt4lessIjEEC2Ev
000000000005dd20 W _ZNSt20__uninitialized_copyILb1EE13__uninit_copyIPKjPjEET0_T_S6_S5_
000000000005ccdc W _ZNSt20__uninitialized_copyILb1EE13__uninit_copyIPKlPlEET0_T_S6_S5_
0000000000058080 W _ZNSt23_Rb_tree_const_iteratorISsEC1ERKSt17_Rb_tree_iteratorISsE
0000000000058080 W _ZNSt23_Rb_tree_const_iteratorISsEC2ERKSt17_Rb_tree_iteratorISsE
0000000000054b28 W _ZNSt23_Rb_tree_const_iteratorISt4pairIKjSsEEC1ERKSt17_Rb_tree_iteratorIS2_E
0000000000054b28 W _ZNSt23_Rb_tree_const_iteratorISt4pairIKjSsEEC2ERKSt17_Rb_tree_iteratorIS2_E
00000000000622c4 W _ZNSt23_Sp_counted_ptr_inplaceISt5mutexSaIS0_ELN9__gnu_cxx12_Lock_policyE2EE10_M_destroyEv
0000000000062280 W _ZNSt23_Sp_counted_ptr_inplaceISt5mutexSaIS0_ELN9__gnu_cxx12_Lock_policyE2EE10_M_disposeEv
0000000000062350 W _ZNSt23_Sp_counted_ptr_inplaceISt5mutexSaIS0_ELN9__gnu_cxx12_Lock_policyE2EE14_M_get_deleterERKSt9type_info
0000000000062398 W _ZNSt23_Sp_counted_ptr_inplaceISt5mutexSaIS0_ELN9__gnu_cxx12_Lock_policyE2EE5_Impl8_M_allocEv
000000000006137c W _ZNSt23_Sp_counted_ptr_inplaceISt5mutexSaIS0_ELN9__gnu_cxx12_Lock_policyE2EE5_ImplC1ES1_
000000000006137c W _ZNSt23_Sp_counted_ptr_inplaceISt5mutexSaIS0_ELN9__gnu_cxx12_Lock_policyE2EE5_ImplC2ES1_
00000000000613a4 W _ZNSt23_Sp_counted_ptr_inplaceISt5mutexSaIS0_ELN9__gnu_cxx12_Lock_policyE2EE6_M_ptrEv
000000000005ff6c W _ZNSt23_Sp_counted_ptr_inplaceISt5mutexSaIS0_ELN9__gnu_cxx12_Lock_policyE2EEC1IJEEES1_DpOT_
000000000005ff6c W _ZNSt23_Sp_counted_ptr_inplaceISt5mutexSaIS0_ELN9__gnu_cxx12_Lock_policyE2EEC2IJEEES1_DpOT_
0000000000062258 W _ZNSt23_Sp_counted_ptr_inplaceISt5mutexSaIS0_ELN9__gnu_cxx12_Lock_policyE2EED0Ev
0000000000062218 W _ZNSt23_Sp_counted_ptr_inplaceISt5mutexSaIS0_ELN9__gnu_cxx12_Lock_policyE2EED1Ev
0000000000062218 W _ZNSt23_Sp_counted_ptr_inplaceISt5mutexSaIS0_ELN9__gnu_cxx12_Lock_policyE2EED2Ev
00000000000562c0 W _ZNSt3mapIjSsSt4lessIjESaISt4pairIKjSsEEE11lower_boundERS3_
0000000000054924 W _ZNSt3mapIjSsSt4lessIjESaISt4pairIKjSsEEE3endEv
0000000000054900 W _ZNSt3mapIjSsSt4lessIjESaISt4pairIKjSsEEE4findERS3_
00000000000549e4 W _ZNSt3mapIjSsSt4lessIjESaISt4pairIKjSsEEEixERS3_
0000000000054748 W _ZNSt3setISsSt4lessISsESaISsEEC1ESt16initializer_listISsERKS1_RKS2_
0000000000054748 W _ZNSt3setISsSt4lessISsESaISsEEC2ESt16initializer_listISsERKS1_RKS2_
000000000005fd74 W _ZNSt4pairIKPvSt10shared_ptrISt5mutexEEC1IJRS1_EJEEESt21piecewise_construct_tSt5tupleIJDpT_EES9_IJDpT0_EE
0000000000061138 W _ZNSt4pairIKPvSt10shared_ptrISt5mutexEEC1IJRS1_EJLm0EEJEJEEERSt5tupleIJDpT_EERS8_IJDpT1_EESt12_Index_tupleIJXspT0_EEESH_IJXspT2_EEE
000000000005fd74 W _ZNSt4pairIKPvSt10shared_ptrISt5mutexEEC2IJRS1_EJEEESt21piecewise_construct_tSt5tupleIJDpT_EES9_IJDpT0_EE
0000000000061138 W _ZNSt4pairIKPvSt10shared_ptrISt5mutexEEC2IJRS1_EJLm0EEJEJEEERSt5tupleIJDpT_EERS8_IJDpT1_EESt12_Index_tupleIJXspT0_EEESH_IJXspT2_EEE
0000000000053234 W _ZNSt4pairIKSsSsEC1IRA11_KcRA10_S3_Lb1EEEOT_OT0_
0000000000053a5c W _ZNSt4pairIKSsSsEC1IRA11_KcS5_Lb1EEEOT_OT0_
0000000000052cf8 W _ZNSt4pairIKSsSsEC1IRA12_KcRA11_S3_Lb1EEEOT_OT0_
000000000005366c W _ZNSt4pairIKSsSsEC1IRA12_KcS5_Lb1EEEOT_OT0_
0000000000052e08 W _ZNSt4pairIKSsSsEC1IRA13_KcRA11_S3_Lb1EEEOT_OT0_
0000000000053768 W _ZNSt4pairIKSsSsEC1IRA13_KcS5_Lb1EEEOT_OT0_
0000000000053330 W _ZNSt4pairIKSsSsEC1IRA14_KcRA10_S3_Lb1EEEOT_OT0_
0000000000052f18 W _ZNSt4pairIKSsSsEC1IRA14_KcRA11_S3_Lb1EEEOT_OT0_
0000000000053864 W _ZNSt4pairIKSsSsEC1IRA14_KcS5_Lb1EEEOT_OT0_
0000000000053028 W _ZNSt4pairIKSsSsEC1IRA15_KcRA11_S3_Lb1EEEOT_OT0_
0000000000053124 W _ZNSt4pairIKSsSsEC1IRA15_KcRA13_S3_Lb1EEEOT_OT0_
0000000000053960 W _ZNSt4pairIKSsSsEC1IRA15_KcS5_Lb1EEEOT_OT0_
0000000000053550 W _ZNSt4pairIKSsSsEC1IRA17_KcRA11_S3_Lb1EEEOT_OT0_
0000000000053c54 W _ZNSt4pairIKSsSsEC1IRA17_KcS5_Lb1EEEOT_OT0_
0000000000053440 W _ZNSt4pairIKSsSsEC1IRA18_KcRA10_S3_Lb1EEEOT_OT0_
0000000000053b58 W _ZNSt4pairIKSsSsEC1IRA18_KcS5_Lb1EEEOT_OT0_
00000000000602bc W _ZNSt4pairIKjSsEC1IJRS0_EJEEESt21piecewise_construct_tSt5tupleIJDpT_EES5_IJDpT0_EE
000000000006150c W _ZNSt4pairIKjSsEC1IJRS0_EJLm0EEJEJEEERSt5tupleIJDpT_EERS4_IJDpT1_EESt12_Index_tupleIJXspT0_EEESD_IJXspT2_EEE
00000000000602bc W _ZNSt4pairIKjSsEC2IJRS0_EJEEESt21piecewise_construct_tSt5tupleIJDpT_EES5_IJDpT0_EE
000000000006150c W _ZNSt4pairIKjSsEC2IJRS0_EJLm0EEJEJEEERSt5tupleIJDpT_EERS4_IJDpT1_EESt12_Index_tupleIJXspT0_EEESD_IJXspT2_EEE
0000000000060a30 W _ZNSt4pairINSt8__detail14_Node_iteratorIS_IKSsSsELb0ELb1EEEbEC1IS4_bLb1EEEOT_OT0_
0000000000060a30 W _ZNSt4pairINSt8__detail14_Node_iteratorIS_IKSsSsELb0ELb1EEEbEC2IS4_bLb1EEEOT_OT0_
000000000006058c W _ZNSt4pairINSt8__detail14_Node_iteratorIcLb1ELb0EEEbEC1IS2_bLb1EEEOT_OT0_
000000000006058c W _ZNSt4pairINSt8__detail14_Node_iteratorIcLb1ELb0EEEbEC2IS2_bLb1EEEOT_OT0_
000000000005d2f4 W _ZNSt4pairIPSt18_Rb_tree_node_baseS1_EC1IRPSt13_Rb_tree_nodeIS_IKjSsEERS1_Lb1EEEOT_OT0_
000000000005eb68 W _ZNSt4pairIPSt18_Rb_tree_node_baseS1_EC1IRPSt13_Rb_tree_nodeISsERS1_Lb1EEEOT_OT0_
000000000005af00 W _ZNSt4pairIPSt18_Rb_tree_node_baseS1_EC1IRS1_Lb1EEEOT_RKS1_
000000000005ac78 W _ZNSt4pairIPSt18_Rb_tree_node_baseS1_EC1IRS1_Lb1EEERKS1_OT_
000000000005ae58 W _ZNSt4pairIPSt18_Rb_tree_node_baseS1_EC1IRS1_S4_Lb1EEEOT_OT0_
000000000005d2f4 W _ZNSt4pairIPSt18_Rb_tree_node_baseS1_EC2IRPSt13_Rb_tree_nodeIS_IKjSsEERS1_Lb1EEEOT_OT0_
000000000005eb68 W _ZNSt4pairIPSt18_Rb_tree_node_baseS1_EC2IRPSt13_Rb_tree_nodeISsERS1_Lb1EEEOT_OT0_
000000000005af00 W _ZNSt4pairIPSt18_Rb_tree_node_baseS1_EC2IRS1_Lb1EEEOT_RKS1_
000000000005ac78 W _ZNSt4pairIPSt18_Rb_tree_node_baseS1_EC2IRS1_Lb1EEERKS1_OT_
000000000005ae58 W _ZNSt4pairIPSt18_Rb_tree_node_baseS1_EC2IRS1_S4_Lb1EEEOT_OT0_
0000000000053d50 W _ZNSt4pairImmEC1ImmLb1EEERKmS3_
00000000000575e4 W _ZNSt5tupleIJOPKvEEC1IJS1_ELb1EEEDpOT_
00000000000575e4 W _ZNSt5tupleIJOPKvEEC2IJS1_ELb1EEEDpOT_
0000000000057920 W _ZNSt5tupleIJRKPvEEC1IvLb1EEES2_
0000000000057920 W _ZNSt5tupleIJRKPvEEC2IvLb1EEES2_
0000000000054970 W _ZNSt5tupleIJRKjEEC1IvLb1EEES1_
0000000000054970 W _ZNSt5tupleIJRKjEEC2IvLb1EEES1_
000000000004ac08 W _ZNSt6vectorIPFvPvESaIS2_EE11_S_max_sizeERKS3_
000000000004ab14 W _ZNSt6vectorIPFvPvESaIS2_EE11_S_relocateEPS2_S5_S5_RS3_
000000000004a258 W _ZNSt6vectorIPFvPvESaIS2_EE12emplace_backIJRS2_EEEvDpOT_
000000000004adec W _ZNSt6vectorIPFvPvESaIS2_EE14_S_do_relocateEPS2_S5_S5_RS3_St17integral_constantIbLb1EE
000000000004a73c W _ZNSt6vectorIPFvPvESaIS2_EE17_M_realloc_insertIJRS2_EEEvN9__gnu_cxx17__normal_iteratorIPS2_S4_EEDpOT_
000000000004a8d4 W _ZNSt6vectorIPFvPvESaIS2_EE3endEv
000000000004aa88 W _ZNSt6vectorIPFvPvESaIS2_EE5beginEv
000000000004a2e0 W _ZNSt6vectorIPFvPvESaIS2_EEC2Ev
000000000004a3ac W _ZNSt6vectorIPFvPvESaIS2_EED2Ev
00000000000571a4 W _ZNSt6vectorIjSaIjEE19_M_range_initializeIPKjEEvT_S5_St20forward_iterator_tag
00000000000552e4 W _ZNSt6vectorIjSaIjEEC1ESt16initializer_listIjERKS0_
00000000000552e4 W _ZNSt6vectorIjSaIjEEC2ESt16initializer_listIjERKS0_
0000000000055388 W _ZNSt6vectorIjSaIjEED1Ev
0000000000055388 W _ZNSt6vectorIjSaIjEED2Ev
0000000000055cc4 W _ZNSt6vectorIlSaIlEE19_M_range_initializeIPKlEEvT_S5_St20forward_iterator_tag
0000000000054518 W _ZNSt6vectorIlSaIlEEC1ESt16initializer_listIlERKS0_
0000000000054518 W _ZNSt6vectorIlSaIlEEC2ESt16initializer_listIlERKS0_
00000000000545bc W _ZNSt6vectorIlSaIlEED1Ev
00000000000545bc W _ZNSt6vectorIlSaIlEED2Ev
000000000005a8b0 W _ZNSt8_Rb_treeISsSsSt9_IdentityISsESt4lessISsESaISsEE10_M_insert_IRKSsNS5_11_Alloc_nodeEEESt17_Rb_tree_iteratorISsEPSt18_Rb_tree_node_baseSD_OT_RT0_
0000000000058000 W _ZNSt8_Rb_treeISsSsSt9_IdentityISsESt4lessISsESaISsEE11_Alloc_nodeC1ERS5_
0000000000058000 W _ZNSt8_Rb_treeISsSsSt9_IdentityISsESt4lessISsESaISsEE11_Alloc_nodeC2ERS5_
00000000000601e0 W _ZNSt8_Rb_treeISsSsSt9_IdentityISsESt4lessISsESaISsEE11_M_get_nodeEv
000000000005d034 W _ZNSt8_Rb_treeISsSsSt9_IdentityISsESt4lessISsESaISsEE11_M_leftmostEv
000000000005aa18 W _ZNSt8_Rb_treeISsSsSt9_IdentityISsESt4lessISsESaISsEE11_M_put_nodeEPSt13_Rb_tree_nodeISsE
00000000000581c4 W _ZNSt8_Rb_treeISsSsSt9_IdentityISsESt4lessISsESaISsEE12_M_drop_nodeEPSt13_Rb_tree_nodeISsE
000000000005ce10 W _ZNSt8_Rb_treeISsSsSt9_IdentityISsESt4lessISsESaISsEE12_M_rightmostEv
0000000000057fb4 W _ZNSt8_Rb_treeISsSsSt9_IdentityISsESt4lessISsESaISsEE13_Rb_tree_implIS3_Lb1EEC1ERKS3_OSaISt13_Rb_tree_nodeISsEE
0000000000057fb4 W _ZNSt8_Rb_treeISsSsSt9_IdentityISsESt4lessISsESaISsEE13_Rb_tree_implIS3_Lb1EEC2ERKS3_OSaISt13_Rb_tree_nodeISsEE
000000000005ebb0 W _ZNSt8_Rb_treeISsSsSt9_IdentityISsESt4lessISsESaISsEE14_M_create_nodeIJRKSsEEEPSt13_Rb_tree_nodeISsEDpOT_
000000000005a9d4 W _ZNSt8_Rb_treeISsSsSt9_IdentityISsESt4lessISsESaISsEE15_M_destroy_nodeEPSt13_Rb_tree_nodeISsE
0000000000055fa0 W _ZNSt8_Rb_treeISsSsSt9_IdentityISsESt4lessISsESaISsEE16_M_insert_uniqueIPKSsEEvT_S9_
0000000000060204 W _ZNSt8_Rb_treeISsSsSt9_IdentityISsESt4lessISsESaISsEE17_M_construct_nodeIJRKSsEEEvPSt13_Rb_tree_nodeISsEDpOT_
00000000000580bc W _ZNSt8_Rb_treeISsSsSt9_IdentityISsESt4lessISsESaISsEE17_M_insert_unique_IRKSsNS5_11_Alloc_nodeEEESt17_Rb_tree_iteratorISsESt23_Rb_tree_const_iteratorISsEOT_RT0_
000000000005d0e8 W _ZNSt8_Rb_treeISsSsSt9_IdentityISsESt4lessISsESaISsEE21_M_get_Node_allocatorEv
000000000005ceb0 W _ZNSt8_Rb_treeISsSsSt9_IdentityISsESt4lessISsESaISsEE24_M_get_insert_unique_posERKSs
000000000005a558 W _ZNSt8_Rb_treeISsSsSt9_IdentityISsESt4lessISsESaISsEE29_M_get_insert_hint_unique_posESt23_Rb_tree_const_iteratorISsERKSs
0000000000058024 W _ZNSt8_Rb_treeISsSsSt9_IdentityISsESt4lessISsESaISsEE3endEv
000000000005eadc W _ZNSt8_Rb_treeISsSsSt9_IdentityISsESt4lessISsESaISsEE5beginEv
000000000005cde0 W _ZNSt8_Rb_treeISsSsSt9_IdentityISsESt4lessISsESaISsEE6_M_endEv
000000000005ea80 W _ZNSt8_Rb_treeISsSsSt9_IdentityISsESt4lessISsESaISsEE6_S_keyEPKSt13_Rb_tree_nodeISsE
000000000005ce28 W _ZNSt8_Rb_treeISsSsSt9_IdentityISsESt4lessISsESaISsEE6_S_keyEPKSt18_Rb_tree_node_base
00000000000581ac W _ZNSt8_Rb_treeISsSsSt9_IdentityISsESt4lessISsESaISsEE7_S_leftEPSt18_Rb_tree_node_base
00000000000560d0 W _ZNSt8_Rb_treeISsSsSt9_IdentityISsESt4lessISsESaISsEE8_M_beginEv
0000000000056070 W _ZNSt8_Rb_treeISsSsSt9_IdentityISsESt4lessISsESaISsEE8_M_eraseEPSt13_Rb_tree_nodeISsE
0000000000058194 W _ZNSt8_Rb_treeISsSsSt9_IdentityISsESt4lessISsESaISsEE8_S_rightEPSt18_Rb_tree_node_base
00000000000601b0 W _ZNSt8_Rb_treeISsSsSt9_IdentityISsESt4lessISsESaISsEE8_S_valueEPKSt13_Rb_tree_nodeISsE
000000000005ea38 W _ZNSt8_Rb_treeISsSsSt9_IdentityISsESt4lessISsESaISsEE8_S_valueEPKSt18_Rb_tree_node_base
0000000000055ee8 W _ZNSt8_Rb_treeISsSsSt9_IdentityISsESt4lessISsESaISsEEC1ERKS3_RKS4_
0000000000055ee8 W _ZNSt8_Rb_treeISsSsSt9_IdentityISsESt4lessISsESaISsEEC2ERKS3_RKS4_
0000000000054844 W _ZNSt8_Rb_treeISsSsSt9_IdentityISsESt4lessISsESaISsEED1Ev
0000000000054844 W _ZNSt8_Rb_treeISsSsSt9_IdentityISsESt4lessISsESaISsEED2Ev
000000000005ab0c W _ZNSt8_Rb_treeIjSt4pairIKjSsESt10_Select1stIS2_ESt4lessIjESaIS2_EE11_M_get_nodeEv
000000000005ae40 W _ZNSt8_Rb_treeIjSt4pairIKjSsESt10_Select1stIS2_ESt4lessIjESaIS2_EE11_M_leftmostEv
000000000005aa8c W _ZNSt8_Rb_treeIjSt4pairIKjSsESt10_Select1stIS2_ESt4lessIjESaIS2_EE11_M_put_nodeEPSt13_Rb_tree_nodeIS2_E
00000000000583c4 W _ZNSt8_Rb_treeIjSt4pairIKjSsESt10_Select1stIS2_ESt4lessIjESaIS2_EE11lower_boundERS1_
0000000000058228 W _ZNSt8_Rb_treeIjSt4pairIKjSsESt10_Select1stIS2_ESt4lessIjESaIS2_EE12_M_drop_nodeEPSt13_Rb_tree_nodeIS2_E
000000000005ac60 W _ZNSt8_Rb_treeIjSt4pairIKjSsESt10_Select1stIS2_ESt4lessIjESaIS2_EE12_M_rightmostEv
0000000000058440 W _ZNSt8_Rb_treeIjSt4pairIKjSsESt10_Select1stIS2_ESt4lessIjESaIS2_EE14_M_create_nodeIJRKSt21piecewise_construct_tSt5tupleIJRS1_EESD_IJEEEEEPSt13_Rb_tree_nodeIS2_EDpOT_
000000000005884c W _ZNSt8_Rb_treeIjSt4pairIKjSsESt10_Select1stIS2_ESt4lessIjESaIS2_EE14_M_insert_nodeEPSt18_Rb_tree_node_baseSA_PSt13_Rb_tree_nodeIS2_E
0000000000058274 W _ZNSt8_Rb_treeIjSt4pairIKjSsESt10_Select1stIS2_ESt4lessIjESaIS2_EE14_M_lower_boundEPSt13_Rb_tree_nodeIS2_EPSt18_Rb_tree_node_baseRS1_
000000000005aa48 W _ZNSt8_Rb_treeIjSt4pairIKjSsESt10_Select1stIS2_ESt4lessIjESaIS2_EE15_M_destroy_nodeEPSt13_Rb_tree_nodeIS2_E
000000000005ab30 W _ZNSt8_Rb_treeIjSt4pairIKjSsESt10_Select1stIS2_ESt4lessIjESaIS2_EE17_M_construct_nodeIJRKSt21piecewise_construct_tSt5tupleIJRS1_EESD_IJEEEEEvPSt13_Rb_tree_nodeIS2_EDpOT_
000000000005d174 W _ZNSt8_Rb_treeIjSt4pairIKjSsESt10_Select1stIS2_ESt4lessIjESaIS2_EE21_M_get_Node_allocatorEv
00000000000563cc W _ZNSt8_Rb_treeIjSt4pairIKjSsESt10_Select1stIS2_ESt4lessIjESaIS2_EE22_M_emplace_hint_uniqueIJRKSt21piecewise_construct_tSt5tupleIJRS1_EESD_IJEEEEESt17_Rb_tree_iteratorIS2_ESt23_Rb_tree_const_iteratorIS2_EDpOT_
000000000005acbc W _ZNSt8_Rb_treeIjSt4pairIKjSsESt10_Select1stIS2_ESt4lessIjESaIS2_EE24_M_get_insert_unique_posERS1_
00000000000584b0 W _ZNSt8_Rb_treeIjSt4pairIKjSsESt10_Select1stIS2_ESt4lessIjESaIS2_EE29_M_get_insert_hint_unique_posESt23_Rb_tree_const_iteratorIS2_ERS1_
0000000000056264 W _ZNSt8_Rb_treeIjSt4pairIKjSsESt10_Select1stIS2_ESt4lessIjESaIS2_EE3endEv
0000000000056188 W _ZNSt8_Rb_treeIjSt4pairIKjSsESt10_Select1stIS2_ESt4lessIjESaIS2_EE4findERS1_
000000000005d298 W _ZNSt8_Rb_treeIjSt4pairIKjSsESt10_Select1stIS2_ESt4lessIjESaIS2_EE5beginEv
000000000005825c W _ZNSt8_Rb_treeIjSt4pairIKjSsESt10_Select1stIS2_ESt4lessIjESaIS2_EE6_M_endEv
00000000000587f0 W _ZNSt8_Rb_treeIjSt4pairIKjSsESt10_Select1stIS2_ESt4lessIjESaIS2_EE6_S_keyEPKSt13_Rb_tree_nodeIS2_E
0000000000058344 W _ZNSt8_Rb_treeIjSt4pairIKjSsESt10_Select1stIS2_ESt4lessIjESaIS2_EE6_S_keyEPKSt18_Rb_tree_node_base
0000000000058210 W _ZNSt8_Rb_treeIjSt4pairIKjSsESt10_Select1stIS2_ESt4lessIjESaIS2_EE7_S_leftEPSt18_Rb_tree_node_base
0000000000056170 W _ZNSt8_Rb_treeIjSt4pairIKjSsESt10_Select1stIS2_ESt4lessIjESaIS2_EE8_M_beginEv
0000000000056110 W _ZNSt8_Rb_treeIjSt4pairIKjSsESt10_Select1stIS2_ESt4lessIjESaIS2_EE8_M_eraseEPSt13_Rb_tree_nodeIS2_E
00000000000581f8 W _ZNSt8_Rb_treeIjSt4pairIKjSsESt10_Select1stIS2_ESt4lessIjESaIS2_EE8_S_rightEPSt18_Rb_tree_node_base
000000000005af44 W _ZNSt8_Rb_treeIjSt4pairIKjSsESt10_Select1stIS2_ESt4lessIjESaIS2_EE8_S_valueEPKSt13_Rb_tree_nodeIS2_E
000000000005aabc W _ZNSt8_Rb_treeIjSt4pairIKjSsESt10_Select1stIS2_ESt4lessIjESaIS2_EE8_S_valueEPKSt18_Rb_tree_node_base
00000000000548cc W _ZNSt8_Rb_treeIjSt4pairIKjSsESt10_Select1stIS2_ESt4lessIjESaIS2_EED1Ev
00000000000548cc W _ZNSt8_Rb_treeIjSt4pairIKjSsESt10_Select1stIS2_ESt4lessIjESaIS2_EED2Ev
000000000005d9b8 W _ZNSt8__detail10_AllocNodeISaINS_10_Hash_nodeISt4pairIKSsSsELb1EEEEEC1ERNS_16_Hashtable_allocIS6_EE
000000000005d9b8 W _ZNSt8__detail10_AllocNodeISaINS_10_Hash_nodeISt4pairIKSsSsELb1EEEEEC2ERNS_16_Hashtable_allocIS6_EE
000000000005d548 W _ZNSt8__detail10_AllocNodeISaINS_10_Hash_nodeIcLb0EEEEEC1ERNS_16_Hashtable_allocIS3_EE
000000000005d548 W _ZNSt8__detail10_AllocNodeISaINS_10_Hash_nodeIcLb0EEEEEC2ERNS_16_Hashtable_allocIS3_EE
000000000005d9a4 W _ZNSt8__detail12_Insert_baseISsSt4pairIKSsSsESaIS3_ENS_10_Select1stESt8equal_toISsESt4hashISsENS_18_Mod_range_hashingENS_20_Default_ranged_hashENS_20_Prime_rehash_policyENS_17_Hashtable_traitsILb1ELb0ELb1EEEE20_M_conjure_hashtableEv
000000000005b6d0 W _ZNSt8__detail12_Insert_baseISsSt4pairIKSsSsESaIS3_ENS_10_Select1stESt8equal_toISsESt4hashISsENS_18_Mod_range_hashingENS_20_Default_ranged_hashENS_20_Prime_rehash_policyENS_17_Hashtable_traitsILb1ELb0ELb1EEEE6insertERKS3_
000000000005d534 W _ZNSt8__detail12_Insert_baseIccSaIcENS_9_IdentityESt8equal_toIcESt4hashIcENS_18_Mod_range_hashingENS_20_Default_ranged_hashENS_20_Prime_rehash_policyENS_17_Hashtable_traitsILb0ELb1ELb1EEEE20_M_conjure_hashtableEv
000000000005b2d4 W _ZNSt8__detail12_Insert_baseIccSaIcENS_9_IdentityESt8equal_toIcESt4hashIcENS_18_Mod_range_hashingENS_20_Default_ranged_hashENS_20_Prime_rehash_policyENS_17_Hashtable_traitsILb0ELb1ELb1EEEE6insertERKc
000000000005fc30 W _ZNSt8__detail13_Equal_helperIPvSt4pairIKS1_St10shared_ptrISt5mutexEENS_10_Select1stESt8equal_toIS1_EmLb0EE9_S_equalsERKSA_RKS8_RS3_mPNS_10_Hash_nodeIS7_Lb0EEE
000000000005f864 W _ZNSt8__detail13_Equal_helperISsSt4pairIKSsSsENS_10_Select1stESt8equal_toISsEmLb1EE9_S_equalsERKS6_RKS4_RS2_mPNS_10_Hash_nodeIS3_Lb1EEE
0000000000061ce0 W _ZNSt8__detail13_Equal_helperIccNS_9_IdentityESt8equal_toIcEmLb0EE9_S_equalsERKS3_RKS1_RKcmPNS_10_Hash_nodeIcLb0EEE
000000000005b624 W _ZNSt8__detail13__distance_fwIPKSt4pairIKSsSsEEENSt15iterator_traitsIT_E15difference_typeES7_S7_
000000000005d8b0 W _ZNSt8__detail13__distance_fwIPKSt4pairIKSsSsEEENSt15iterator_traitsIT_E15difference_typeES7_S7_St20forward_iterator_tag
000000000005b228 W _ZNSt8__detail13__distance_fwIPKcEENSt15iterator_traitsIT_E15difference_typeES4_S4_
000000000005d440 W _ZNSt8__detail13__distance_fwIPKcEENSt15iterator_traitsIT_E15difference_typeES4_S4_St20forward_iterator_tag
0000000000059a40 W _ZNSt8__detail14_Node_iteratorISt4pairIKPvSt10shared_ptrISt5mutexEELb0ELb0EEC1EPNS_10_Hash_nodeIS7_Lb0EEE
0000000000059a40 W _ZNSt8__detail14_Node_iteratorISt4pairIKPvSt10shared_ptrISt5mutexEELb0ELb0EEC2EPNS_10_Hash_nodeIS7_Lb0EEE
000000000005f56c W _ZNSt8__detail14_Node_iteratorISt4pairIKSsSsELb0ELb1EEC1EPNS_10_Hash_nodeIS3_Lb1EEE
000000000005f56c W _ZNSt8__detail14_Node_iteratorISt4pairIKSsSsELb0ELb1EEC2EPNS_10_Hash_nodeIS3_Lb1EEE
000000000005f0cc W _ZNSt8__detail14_Node_iteratorIcLb1ELb0EEC1EPNS_10_Hash_nodeIcLb0EEE
000000000005f0cc W _ZNSt8__detail14_Node_iteratorIcLb1ELb0EEC2EPNS_10_Hash_nodeIcLb0EEE
000000000005c8e8 W _ZNSt8__detail15_Hash_code_baseIPvSt4pairIKS1_St10shared_ptrISt5mutexEENS_10_Select1stESt4hashIS1_ENS_18_Mod_range_hashingENS_20_Default_ranged_hashELb0EE10_M_extractEv
000000000005f52c W _ZNSt8__detail15_Hash_code_baseISsSt4pairIKSsSsENS_10_Select1stESt4hashISsENS_18_Mod_range_hashingENS_20_Default_ranged_hashELb1EE10_M_extractEv
000000000005f428 W _ZNSt8__detail15_Hash_code_baseISsSt4pairIKSsSsENS_10_Select1stESt4hashISsENS_18_Mod_range_hashingENS_20_Default_ranged_hashELb1EEC1ERKS4_RKS6_RKS7_RKS8_
000000000005f428 W _ZNSt8__detail15_Hash_code_baseISsSt4pairIKSsSsENS_10_Select1stESt4hashISsENS_18_Mod_range_hashingENS_20_Default_ranged_hashELb1EEC2ERKS4_RKS6_RKS7_RKS8_
000000000005efcc W _ZNSt8__detail15_Hash_code_baseIccNS_9_IdentityESt4hashIcENS_18_Mod_range_hashingENS_20_Default_ranged_hashELb0EE10_M_extractEv
000000000005eedc W _ZNSt8__detail15_Hash_code_baseIccNS_9_IdentityESt4hashIcENS_18_Mod_range_hashingENS_20_Default_ranged_hashELb0EEC1ERKS1_RKS3_RKS4_RKS5_
000000000005eedc W _ZNSt8__detail15_Hash_code_baseIccNS_9_IdentityESt4hashIcENS_18_Mod_range_hashingENS_20_Default_ranged_hashELb0EEC2ERKS1_RKS3_RKS4_RKS5_
000000000005d81c W _ZNSt8__detail15_Hashtable_baseISsSt4pairIKSsSsENS_10_Select1stESt8equal_toISsESt4hashISsENS_18_Mod_range_hashingENS_20_Default_ranged_hashENS_17_Hashtable_traitsILb1ELb0ELb1EEEEC1ERKS4_RKS8_RKS9_RKSA_RKS6_
000000000005d81c W _ZNSt8__detail15_Hashtable_baseISsSt4pairIKSsSsENS_10_Select1stESt8equal_toISsESt4hashISsENS_18_Mod_range_hashingENS_20_Default_ranged_hashENS_17_Hashtable_traitsILb1ELb0ELb1EEEEC2ERKS4_RKS8_RKS9_RKSA_RKS6_
000000000005d3ac W _ZNSt8__detail15_Hashtable_baseIccNS_9_IdentityESt8equal_toIcESt4hashIcENS_18_Mod_range_hashingENS_20_Default_ranged_hashENS_17_Hashtable_traitsILb0ELb1ELb1EEEEC1ERKS1_RKS5_RKS6_RKS7_RKS3_
000000000005d3ac W _ZNSt8__detail15_Hashtable_baseIccNS_9_IdentityESt8equal_toIcESt4hashIcENS_18_Mod_range_hashingENS_20_Default_ranged_hashENS_17_Hashtable_traitsILb0ELb1ELb1EEEEC2ERKS1_RKS5_RKS6_RKS7_RKS3_
0000000000059b3c W _ZNSt8__detail16_Hashtable_allocISaINS_10_Hash_nodeISt4pairIKPvSt10shared_ptrISt5mutexEELb0EEEEE16_M_allocate_nodeIJRKSt21piecewise_construct_tSt5tupleIJRS4_EESG_IJEEEEEPS9_DpOT_
000000000005c6f4 W _ZNSt8__detail16_Hashtable_allocISaINS_10_Hash_nodeISt4pairIKPvSt10shared_ptrISt5mutexEELb0EEEEE17_M_node_allocatorEv
000000000005bd98 W _ZNSt8__detail16_Hashtable_allocISaINS_10_Hash_nodeISt4pairIKPvSt10shared_ptrISt5mutexEELb0EEEEE18_M_deallocate_nodeEPS9_
0000000000061184 W _ZNSt8__detail16_Hashtable_allocISaINS_10_Hash_nodeISt4pairIKPvSt10shared_ptrISt5mutexEELb0EEEEE19_M_allocate_bucketsEm
000000000005941c W _ZNSt8__detail16_Hashtable_allocISaINS_10_Hash_nodeISt4pairIKPvSt10shared_ptrISt5mutexEELb0EEEEE19_M_deallocate_nodesEPS9_
000000000005be94 W _ZNSt8__detail16_Hashtable_allocISaINS_10_Hash_nodeISt4pairIKPvSt10shared_ptrISt5mutexEELb0EEEEE21_M_deallocate_bucketsEPPNS_15_Hash_node_baseEm
0000000000060abc W _ZNSt8__detail16_Hashtable_allocISaINS_10_Hash_nodeISt4pairIKSsSsELb1EEEEE16_M_allocate_nodeIJRKS4_EEEPS5_DpOT_
000000000005db20 W _ZNSt8__detail16_Hashtable_allocISaINS_10_Hash_nodeISt4pairIKSsSsELb1EEEEE17_M_node_allocatorEv
000000000005b76c W _ZNSt8__detail16_Hashtable_allocISaINS_10_Hash_nodeISt4pairIKSsSsELb1EEEEE18_M_deallocate_nodeEPS5_
000000000005d8d8 W _ZNSt8__detail16_Hashtable_allocISaINS_10_Hash_nodeISt4pairIKSsSsELb1EEEEE19_M_allocate_bucketsEm
0000000000058e98 W _ZNSt8__detail16_Hashtable_allocISaINS_10_Hash_nodeISt4pairIKSsSsELb1EEEEE19_M_deallocate_nodesEPS5_
000000000005b868 W _ZNSt8__detail16_Hashtable_allocISaINS_10_Hash_nodeISt4pairIKSsSsELb1EEEEE21_M_deallocate_bucketsEPPNS_15_Hash_node_baseEm
000000000005d880 W _ZNSt8__detail16_Hashtable_allocISaINS_10_Hash_nodeISt4pairIKSsSsELb1EEEEEC1IS6_EEOT_
000000000005d880 W _ZNSt8__detail16_Hashtable_allocISaINS_10_Hash_nodeISt4pairIKSsSsELb1EEEEEC2IS6_EEOT_
0000000000060618 W _ZNSt8__detail16_Hashtable_allocISaINS_10_Hash_nodeIcLb0EEEEE16_M_allocate_nodeIJRKcEEEPS2_DpOT_
000000000005d6b0 W _ZNSt8__detail16_Hashtable_allocISaINS_10_Hash_nodeIcLb0EEEEE17_M_node_allocatorEv
000000000005b370 W _ZNSt8__detail16_Hashtable_allocISaINS_10_Hash_nodeIcLb0EEEEE18_M_deallocate_nodeEPS2_
000000000005d468 W _ZNSt8__detail16_Hashtable_allocISaINS_10_Hash_nodeIcLb0EEEEE19_M_allocate_bucketsEm
0000000000058c58 W _ZNSt8__detail16_Hashtable_allocISaINS_10_Hash_nodeIcLb0EEEEE19_M_deallocate_nodesEPS2_
000000000005b46c W _ZNSt8__detail16_Hashtable_allocISaINS_10_Hash_nodeIcLb0EEEEE21_M_deallocate_bucketsEPPNS_15_Hash_node_baseEm
000000000005d410 W _ZNSt8__detail16_Hashtable_allocISaINS_10_Hash_nodeIcLb0EEEEEC1IS3_EEOT_
000000000005d410 W _ZNSt8__detail16_Hashtable_allocISaINS_10_Hash_nodeIcLb0EEEEEC2IS3_EEOT_
000000000005c6d0 W _ZNSt8__detail19_Node_iterator_baseISt4pairIKPvSt10shared_ptrISt5mutexEELb0EEC1EPNS_10_Hash_nodeIS7_Lb0EEE
000000000005c6d0 W _ZNSt8__detail19_Node_iterator_baseISt4pairIKPvSt10shared_ptrISt5mutexEELb0EEC2EPNS_10_Hash_nodeIS7_Lb0EEE
000000000005ba70 W _ZNSt8__detail19_Node_iterator_baseISt4pairIKSsSsELb1EEC1EPNS_10_Hash_nodeIS3_Lb1EEE
000000000005ba70 W _ZNSt8__detail19_Node_iterator_baseISt4pairIKSsSsELb1EEC2EPNS_10_Hash_nodeIS3_Lb1EEE
0000000000060568 W _ZNSt8__detail19_Node_iterator_baseIcLb0EEC1EPNS_10_Hash_nodeIcLb0EEE
0000000000060568 W _ZNSt8__detail19_Node_iterator_baseIcLb0EEC2EPNS_10_Hash_nodeIcLb0EEE
0000000000059ac0 W _ZNSt8__detail20_Node_const_iteratorISt4pairIKPvSt10shared_ptrISt5mutexEELb0ELb0EEC1EPNS_10_Hash_nodeIS7_Lb0EEE
0000000000059ac0 W _ZNSt8__detail20_Node_const_iteratorISt4pairIKPvSt10shared_ptrISt5mutexEELb0ELb0EEC2EPNS_10_Hash_nodeIS7_Lb0EEE
0000000000059064 W _ZNSt8__detail20_Node_const_iteratorISt4pairIKSsSsELb0ELb1EEC1EPNS_10_Hash_nodeIS3_Lb1EEE
0000000000059064 W _ZNSt8__detail20_Node_const_iteratorISt4pairIKSsSsELb0ELb1EEC2EPNS_10_Hash_nodeIS3_Lb1EEE
0000000000059e18 W _ZNSt8__detail21_Hash_node_value_baseISt4pairIKPvSt10shared_ptrISt5mutexEEE4_M_vEv
000000000005c790 W _ZNSt8__detail21_Hash_node_value_baseISt4pairIKPvSt10shared_ptrISt5mutexEEE9_M_valptrEv
00000000000590a8 W _ZNSt8__detail21_Hash_node_value_baseISt4pairIKSsSsEE4_M_vEv
0000000000056cc0 W _ZNSt8__detail21_Hash_node_value_baseISt4pairIKSsSsEE9_M_valptrEv
00000000000607cc W _ZNSt8__detail21_Hash_node_value_baseIcE4_M_vEv
000000000005d6f0 W _ZNSt8__detail21_Hash_node_value_baseIcE9_M_valptrEv
000000000005e294 W _ZNSt8__detail21_Hashtable_ebo_helperILi0ENS_10_Select1stELb1EE6_S_getERS2_
0000000000060e18 W _ZNSt8__detail21_Hashtable_ebo_helperILi0ENS_10_Select1stELb1EE7_S_cgetERKS2_
0000000000060968 W _ZNSt8__detail21_Hashtable_ebo_helperILi0ENS_10_Select1stELb1EEC1IRKS1_EEOT_
0000000000060968 W _ZNSt8__detail21_Hashtable_ebo_helperILi0ENS_10_Select1stELb1EEC2IRKS1_EEOT_
0000000000060418 W _ZNSt8__detail21_Hashtable_ebo_helperILi0ENS_9_IdentityELb1EE6_S_getERS2_
0000000000062108 W _ZNSt8__detail21_Hashtable_ebo_helperILi0ENS_9_IdentityELb1EE7_S_cgetERKS2_
000000000006030c W _ZNSt8__detail21_Hashtable_ebo_helperILi0ENS_9_IdentityELb1EEC1IRKS1_EEOT_
000000000006030c W _ZNSt8__detail21_Hashtable_ebo_helperILi0ENS_9_IdentityELb1EEC2IRKS1_EEOT_
000000000005e440 W _ZNSt8__detail21_Hashtable_ebo_helperILi0ESaINS_10_Hash_nodeISt4pairIKPvSt10shared_ptrISt5mutexEELb0EEEELb1EE6_S_getERSB_
000000000005f7f4 W _ZNSt8__detail21_Hashtable_ebo_helperILi0ESaINS_10_Hash_nodeISt4pairIKSsSsELb1EEEELb1EE6_S_getERS7_
000000000005f4ac W _ZNSt8__detail21_Hashtable_ebo_helperILi0ESaINS_10_Hash_nodeISt4pairIKSsSsELb1EEEELb1EEC1IS6_EEOT_
000000000005f4ac W _ZNSt8__detail21_Hashtable_ebo_helperILi0ESaINS_10_Hash_nodeISt4pairIKSsSsELb1EEEELb1EEC2IS6_EEOT_
000000000005f340 W _ZNSt8__detail21_Hashtable_ebo_helperILi0ESaINS_10_Hash_nodeIcLb0EEEELb1EE6_S_getERS4_
000000000005ef60 W _ZNSt8__detail21_Hashtable_ebo_helperILi0ESaINS_10_Hash_nodeIcLb0EEEELb1EEC1IS3_EEOT_
000000000005ef60 W _ZNSt8__detail21_Hashtable_ebo_helperILi0ESaINS_10_Hash_nodeIcLb0EEEELb1EEC2IS3_EEOT_
0000000000060ec8 W _ZNSt8__detail21_Hashtable_ebo_helperILi0ESt8equal_toIPKvELb1EE7_S_cgetERKS5_
00000000000610ac W _ZNSt8__detail21_Hashtable_ebo_helperILi0ESt8equal_toIPvELb1EE7_S_cgetERKS4_
0000000000060e04 W _ZNSt8__detail21_Hashtable_ebo_helperILi0ESt8equal_toISsELb1EE7_S_cgetERKS3_
000000000005f488 W _ZNSt8__detail21_Hashtable_ebo_helperILi0ESt8equal_toISsELb1EEC1IRKS2_EEOT_
000000000005f488 W _ZNSt8__detail21_Hashtable_ebo_helperILi0ESt8equal_toISsELb1EEC2IRKS2_EEOT_
00000000000620f4 W _ZNSt8__detail21_Hashtable_ebo_helperILi0ESt8equal_toIcELb1EE7_S_cgetERKS3_
000000000005ef3c W _ZNSt8__detail21_Hashtable_ebo_helperILi0ESt8equal_toIcELb1EEC1IRKS2_EEOT_
000000000005ef3c W _ZNSt8__detail21_Hashtable_ebo_helperILi0ESt8equal_toIcELb1EEC2IRKS2_EEOT_
000000000005de1c W _ZNSt8__detail21_Hashtable_ebo_helperILi1ESt4hashIPKvELb1EE7_S_cgetERKS5_
000000000005e388 W _ZNSt8__detail21_Hashtable_ebo_helperILi1ESt4hashIPvELb1EE7_S_cgetERKS4_
000000000005dbdc W _ZNSt8__detail21_Hashtable_ebo_helperILi1ESt4hashISsELb1EE7_S_cgetERKS3_
00000000000609a0 W _ZNSt8__detail21_Hashtable_ebo_helperILi1ESt4hashISsELb1EEC1IRKS2_EEOT_
00000000000609a0 W _ZNSt8__detail21_Hashtable_ebo_helperILi1ESt4hashISsELb1EEC2IRKS2_EEOT_
0000000000061584 W _ZNSt8__detail21_Hashtable_ebo_helperILi1ESt4hashIcELb1EE7_S_cgetERKS3_
0000000000060344 W _ZNSt8__detail21_Hashtable_ebo_helperILi1ESt4hashIcELb1EEC1IRKS2_EEOT_
0000000000060344 W _ZNSt8__detail21_Hashtable_ebo_helperILi1ESt4hashIcELb1EEC2IRKS2_EEOT_
000000000005f850 W _ZNSt8__detail21_Hashtable_ebo_helperILi2ENS_18_Mod_range_hashingELb1EE7_S_cgetERKS2_
000000000006037c W _ZNSt8__detail21_Hashtable_ebo_helperILi2ENS_18_Mod_range_hashingELb1EEC1IRKS1_EEOT_
000000000006037c W _ZNSt8__detail21_Hashtable_ebo_helperILi2ENS_18_Mod_range_hashingELb1EEC2IRKS1_EEOT_
0000000000057994 W _ZNSt8__detail9_Map_baseIPvSt4pairIKS1_St10shared_ptrISt5mutexEESaIS7_ENS_10_Select1stESt8equal_toIS1_ESt4hashIS1_ENS_18_Mod_range_hashingENS_20_Default_ranged_hashENS_20_Prime_rehash_policyENS_17_Hashtable_traitsILb0ELb0ELb1EEELb1EEixERS3_
000000000005567c W _ZNSt8__detaileqISt4pairIKPvSt10shared_ptrISt5mutexEELb0EEEbRKNS_19_Node_iterator_baseIT_XT0_EEESC_
0000000000055064 W _ZNSt8__detaileqISt4pairIKSsSsELb1EEEbRKNS_19_Node_iterator_baseIT_XT0_EEES8_
00000000000609ec W _ZSt10__distanceIPKSt4pairIKSsSsEENSt15iterator_traitsIT_E15difference_typeES6_S6_St26random_access_iterator_tag
000000000005cbc8 W _ZSt10__distanceIPKcENSt15iterator_traitsIT_E15difference_typeES3_S3_St26random_access_iterator_tag
0000000000059270 W _ZSt10__distanceIPKjENSt15iterator_traitsIT_E15difference_typeES3_S3_St26random_access_iterator_tag
0000000000057e40 W _ZSt10__distanceIPKlENSt15iterator_traitsIT_E15difference_typeES3_S3_St26random_access_iterator_tag
000000000005c738 W _ZSt11__addressofINSt8__detail10_Hash_nodeISt4pairIKPvSt10shared_ptrISt5mutexEELb0EEEEPT_RSA_
0000000000060dc4 W _ZSt11__addressofINSt8__detail10_Hash_nodeISt4pairIKSsSsELb1EEEEPT_RS6_
000000000006092c W _ZSt11__addressofINSt8__detail10_Hash_nodeIcLb0EEEEPT_RS3_
000000000005efb8 W _ZSt11__addressofIPNSt8__detail15_Hash_node_baseEEPT_RS3_
0000000000061b44 W _ZSt11__addressofISaISt23_Sp_counted_ptr_inplaceISt5mutexSaIS1_ELN9__gnu_cxx12_Lock_policyE2EEEEPT_RS7_
00000000000556d0 W _ZSt11make_sharedISt5mutexJEESt10shared_ptrIT_EDpOT0_
0000000000060f38 W _ZSt12__get_helperILm0EOPKvJEERT0_RSt11_Tuple_implIXT_EJS3_DpT1_EE
000000000006111c W _ZSt12__get_helperILm0ERKPvJEERT0_RSt11_Tuple_implIXT_EJS3_DpT1_EE
00000000000614f0 W _ZSt12__get_helperILm0ERKjJEERT0_RSt11_Tuple_implIXT_EJS2_DpT1_EE
0000000000060e2c W _ZSt12__miter_baseIPKjET_S2_
0000000000060060 W _ZSt12__miter_baseIPKlET_S2_
0000000000061a20 W _ZSt12__niter_baseIPKjET_S2_
00000000000613ec W _ZSt12__niter_baseIPKlET_S2_
000000000004af00 W _ZSt12__niter_baseIPPFvPvEET_S4_
0000000000061a34 W _ZSt12__niter_baseIPjET_S1_
000000000005a4cc W _ZSt12__niter_baseIPlET_S1_
000000000004ae2c W _ZSt12__relocate_aIPPFvPvES3_SaIS2_EET0_T_S6_S5_RT1_
0000000000061a48 W _ZSt13__copy_move_aILb0EPKjPjET1_T0_S4_S3_
000000000005a498 W _ZSt13__copy_move_aILb0EPKlPlET1_T0_S4_S3_
0000000000060e40 W _ZSt14__copy_move_a2ILb0EPKjPjET1_T0_S4_S3_
0000000000060074 W _ZSt14__copy_move_a2ILb0EPKlPlET1_T0_S4_S3_
000000000004ae88 W _ZSt14__relocate_a_1IPFvPvES2_ENSt9enable_ifIXsr3std24__is_bitwise_relocatableIT_EE5valueEPS4_E4typeES5_S5_S5_RSaIT0_E
0000000000057ad8 W _ZSt15allocate_sharedISt5mutexSaIS0_EJEESt10shared_ptrIT_ERKT0_DpOT1_
00000000000575ac W _ZSt16forward_as_tupleIJPKvEESt5tupleIJDpOT_EES5_
000000000005fe5c W _ZSt18__allocate_guardedISaISt23_Sp_counted_ptr_inplaceISt5mutexSaIS1_ELN9__gnu_cxx12_Lock_policyE2EEEESt15__allocated_ptrIT_ERS8_
000000000005bb74 W _ZSt18uninitialized_copyIPKjPjET0_T_S4_S3_
000000000005a3d8 W _ZSt18uninitialized_copyIPKlPlET0_T_S4_S3_
000000000005f4dc W _ZSt19__iterator_categoryIPKSt4pairIKSsSsEENSt15iterator_traitsIT_E17iterator_categoryERKS6_
0000000000059f68 W _ZSt19__iterator_categoryIPKcENSt15iterator_traitsIT_E17iterator_categoryERKS3_
0000000000057154 W _ZSt19__iterator_categoryIPKjENSt15iterator_traitsIT_E17iterator_categoryERKS3_
0000000000055c74 W _ZSt19__iterator_categoryIPKlENSt15iterator_traitsIT_E17iterator_categoryERKS3_
000000000001fe08 u _ZSt19piecewise_construct
00000000000592d0 W _ZSt22__uninitialized_copy_aIPKjPjjET0_T_S4_S3_RSaIT1_E
0000000000057ea0 W _ZSt22__uninitialized_copy_aIPKlPllET0_T_S4_S3_RSaIT1_E
0000000000060f1c W _ZSt3getILm0EJOPKvEERNSt13tuple_elementIXT_ESt5tupleIJDpT0_EEE4typeERS7_
0000000000061100 W _ZSt3getILm0EJRKPvEERNSt13tuple_elementIXT_ESt5tupleIJDpT0_EEE4typeERS7_
00000000000614d4 W _ZSt3getILm0EJRKjEERNSt13tuple_elementIXT_ESt5tupleIJDpT0_EEE4typeERS6_
0000000000061ad8 W _ZSt3getILm0EKPvSt10shared_ptrISt5mutexEERKNSt13tuple_elementIXT_ESt4pairIT0_T1_EE4typeERKS9_
000000000005e7f4 W _ZSt3getILm0EKPvSt10shared_ptrISt5mutexEERNSt13tuple_elementIXT_ESt4pairIT0_T1_EE4typeERS9_
0000000000060a14 W _ZSt3getILm0EKSsSsERKNSt13tuple_elementIXT_ESt4pairIT0_T1_EE4typeERKS5_
0000000000061a04 W _ZSt3getILm0EKSsSsERNSt13tuple_elementIXT_ESt4pairIT0_T1_EE4typeERS5_
000000000004abb8 W _ZSt3maxImERKT_S2_S2_
000000000004ac9c W _ZSt3minImERKT_S2_S2_
000000000005f964 W _ZSt4copyIPKjPjET0_T_S4_S3_
000000000005e9f0 W _ZSt4copyIPKlPlET0_T_S4_S3_
000000000005e810 W _ZSt4moveIRKSaISt5mutexEEONSt16remove_referenceIT_E4typeEOS5_
0000000000055558 W _ZSt4moveIRPKvEONSt16remove_referenceIT_E4typeEOS4_
000000000005cb0c W _ZSt4moveIRPSt5mutexEONSt16remove_referenceIT_E4typeEOS4_
0000000000057fa0 W _ZSt4moveIRSaISt13_Rb_tree_nodeISsEEEONSt16remove_referenceIT_E4typeEOS5_
0000000000055aa4 W _ZSt4moveIRSsEONSt16remove_referenceIT_E4typeEOS2_
0000000000055758 W _ZSt4moveIRSt10shared_ptrISt5mutexEEONSt16remove_referenceIT_E4typeEOS5_
0000000000057b08 W _ZSt4moveIRSt12__shared_ptrISt5mutexLN9__gnu_cxx12_Lock_policyE2EEEONSt16remove_referenceIT_E4typeEOS7_
000000000005cb20 W _ZSt4swapIPSt5mutexENSt9enable_ifIXsrSt6__and_IJSt6__not_ISt15__is_tuple_likeIT_EESt21is_move_constructibleIS6_ESt18is_move_assignableIS6_EEE5valueEvE4typeERS6_SG_
000000000005f594 W _ZSt7forwardINSt8__detail14_Node_iteratorISt4pairIKSsSsELb0ELb1EEEEOT_RNSt16remove_referenceIS6_E4typeE
000000000005f0f4 W _ZSt7forwardINSt8__detail14_Node_iteratorIcLb1ELb0EEEEOT_RNSt16remove_referenceIS3_E4typeE
000000000005dfe4 W _ZSt7forwardIOPKvEOT_RNSt16remove_referenceIS3_E4typeE
0000000000057598 W _ZSt7forwardIPKvEOT_RNSt16remove_referenceIS2_E4typeE
0000000000053220 W _ZSt7forwardIRA10_KcEOT_RNSt16remove_referenceIS3_E4typeE
0000000000052ce4 W _ZSt7forwardIRA11_KcEOT_RNSt16remove_referenceIS3_E4typeE
0000000000052cd0 W _ZSt7forwardIRA12_KcEOT_RNSt16remove_referenceIS3_E4typeE
0000000000052df4 W _ZSt7forwardIRA13_KcEOT_RNSt16remove_referenceIS3_E4typeE
0000000000052f04 W _ZSt7forwardIRA14_KcEOT_RNSt16remove_referenceIS3_E4typeE
0000000000053014 W _ZSt7forwardIRA15_KcEOT_RNSt16remove_referenceIS3_E4typeE
000000000005353c W _ZSt7forwardIRA17_KcEOT_RNSt16remove_referenceIS3_E4typeE
000000000005342c W _ZSt7forwardIRA18_KcEOT_RNSt16remove_referenceIS3_E4typeE
0000000000060954 W _ZSt7forwardIRKNSt8__detail10_Select1stEEOT_RNSt16remove_referenceIS4_E4typeE
0000000000060368 W _ZSt7forwardIRKNSt8__detail18_Mod_range_hashingEEOT_RNSt16remove_referenceIS4_E4typeE
00000000000602f8 W _ZSt7forwardIRKNSt8__detail9_IdentityEEOT_RNSt16remove_referenceIS4_E4typeE
000000000005e544 W _ZSt7forwardIRKPvEOT_RNSt16remove_referenceIS3_E4typeE
00000000000580a8 W _ZSt7forwardIRKSsEOT_RNSt16remove_referenceIS2_E4typeE
0000000000056390 W _ZSt7forwardIRKSt21piecewise_construct_tEOT_RNSt16remove_referenceIS3_E4typeE
000000000006098c W _ZSt7forwardIRKSt4hashISsEEOT_RNSt16remove_referenceIS4_E4typeE
0000000000060330 W _ZSt7forwardIRKSt4hashIcEEOT_RNSt16remove_referenceIS4_E4typeE
000000000005fcb4 W _ZSt7forwardIRKSt4pairIKPvSt10shared_ptrISt5mutexEEEOT_RNSt16remove_referenceIS9_E4typeE
000000000005d9dc W _ZSt7forwardIRKSt4pairIKSsSsEEOT_RNSt16remove_referenceIS5_E4typeE
000000000005f474 W _ZSt7forwardIRKSt8equal_toISsEEOT_RNSt16remove_referenceIS4_E4typeE
000000000005ef28 W _ZSt7forwardIRKSt8equal_toIcEEOT_RNSt16remove_referenceIS4_E4typeE
000000000005d56c W _ZSt7forwardIRKcEOT_RNSt16remove_referenceIS2_E4typeE
000000000005ed78 W _ZSt7forwardIRKjEOT_RNSt16remove_referenceIS2_E4typeE
00000000000601cc W _ZSt7forwardIRPSt13_Rb_tree_nodeISsEEOT_RNSt16remove_referenceIS4_E4typeE
000000000005eea0 W _ZSt7forwardIRPSt13_Rb_tree_nodeISt4pairIKjSsEEEOT_RNSt16remove_referenceIS7_E4typeE
000000000005d284 W _ZSt7forwardIRPSt18_Rb_tree_node_baseEOT_RNSt16remove_referenceIS3_E4typeE
0000000000059c84 W _ZSt7forwardIRSt4pairIKPvSt10shared_ptrISt5mutexEEEOT_RNSt16remove_referenceIS8_E4typeE
000000000005f664 W _ZSt7forwardIRSt4pairIKSsSsEEOT_RNSt16remove_referenceIS4_E4typeE
0000000000061800 W _ZSt7forwardIRcEOT_RNSt16remove_referenceIS1_E4typeE
000000000005d86c W _ZSt7forwardISaINSt8__detail10_Hash_nodeISt4pairIKSsSsELb1EEEEEOT_RNSt16remove_referenceIS7_E4typeE
000000000005d3fc W _ZSt7forwardISaINSt8__detail10_Hash_nodeIcLb0EEEEEOT_RNSt16remove_referenceIS4_E4typeE
00000000000563b8 W _ZSt7forwardISt5tupleIJEEEOT_RNSt16remove_referenceIS2_E4typeE
00000000000595e0 W _ZSt7forwardISt5tupleIJOPKvEEEOT_RNSt16remove_referenceIS5_E4typeE
0000000000059b28 W _ZSt7forwardISt5tupleIJRKPvEEEOT_RNSt16remove_referenceIS5_E4typeE
00000000000563a4 W _ZSt7forwardISt5tupleIJRKjEEEOT_RNSt16remove_referenceIS4_E4typeE
0000000000052910 W _ZSt7forwardIbEOT_RNSt16remove_referenceIS0_E4typeE
000000000004a4a4 W _ZSt8_DestroyIPPFvPvEEvT_S4_
000000000004a404 W _ZSt8_DestroyIPPFvPvES2_EvT_S4_RSaIT0_E
0000000000059300 W _ZSt8_DestroyIPjEvT_S1_
0000000000057258 W _ZSt8_DestroyIPjjEvT_S1_RSaIT0_E
0000000000057ed0 W _ZSt8_DestroyIPlEvT_S1_
0000000000055d78 W _ZSt8_DestroyIPllEvT_S1_RSaIT0_E
000000000005f4f0 W _ZSt8distanceIPKSt4pairIKSsSsEENSt15iterator_traitsIT_E15difference_typeES6_S6_
0000000000059f7c W _ZSt8distanceIPKcENSt15iterator_traitsIT_E15difference_typeES3_S3_
0000000000057168 W _ZSt8distanceIPKjENSt15iterator_traitsIT_E15difference_typeES3_S3_
0000000000055c88 W _ZSt8distanceIPKlENSt15iterator_traitsIT_E15difference_typeES3_S3_
000000000005f9e0 W _ZSt9addressofINSt8__detail10_Hash_nodeISt4pairIKPvSt10shared_ptrISt5mutexEELb0EEEEPT_RSA_
000000000005f7d8 W _ZSt9addressofINSt8__detail10_Hash_nodeISt4pairIKSsSsELb1EEEEPT_RS6_
000000000005f324 W _ZSt9addressofINSt8__detail10_Hash_nodeIcLb0EEEEPT_RS3_
000000000005f3ac W _ZSt9addressofIPNSt8__detail15_Hash_node_baseEEPT_RS3_
000000000005f5a8 W _ZSt9make_pairINSt8__detail14_Node_iteratorISt4pairIKSsSsELb0ELb1EEEbES2_INSt17__decay_and_stripIT_E6__typeENS6_IT0_E6__typeEEOS7_OSA_
000000000005f108 W _ZSt9make_pairINSt8__detail14_Node_iteratorIcLb1ELb0EEEbESt4pairINSt17__decay_and_stripIT_E6__typeENS4_IT0_E6__typeEEOS5_OS8_
0000000000056ce0 W _ZSteqIcEN9__gnu_cxx11__enable_ifIXsrSt9__is_charIT_E7__valueEbE6__typeERKSbIS3_St11char_traitsIS3_ESaIS3_EESC_
0000000000058990 W _ZSteqIcEbRKSaIT_ES3_
000000000005ea54 W _ZStltIcSt11char_traitsIcESaIcEEbRKSbIT_T0_T1_ES8_
00000000000557a8 W _ZStneISt5mutexEbRKSt10shared_ptrIT_EDn
00000000000550b4 W _ZStneIcSt11char_traitsIcESaIcEEbRKSbIT_T0_T1_ES8_
00000000000551cc W _ZStplIcSt11char_traitsIcESaIcEESbIT_T0_T1_EOS6_PKS3_
0000000000055210 W _ZStplIcSt11char_traitsIcESaIcEESbIT_T0_T1_EOS6_RKS6_
0000000000055108 W _ZStplIcSt11char_traitsIcESaIcEESbIT_T0_T1_EPKS3_RKS6_
0000000000073178 V _ZTISt11_Mutex_baseILN9__gnu_cxx12_Lock_policyE2EE
0000000000073160 V _ZTISt16_Sp_counted_baseILN9__gnu_cxx12_Lock_policyE2EE
0000000000073150 V _ZTISt19_Sp_make_shared_tag
0000000000073138 V _ZTISt23_Sp_counted_ptr_inplaceISt5mutexSaIS0_ELN9__gnu_cxx12_Lock_policyE2EE
0000000000022cd0 V _ZTSSt11_Mutex_baseILN9__gnu_cxx12_Lock_policyE2EE
0000000000022c98 V _ZTSSt16_Sp_counted_baseILN9__gnu_cxx12_Lock_policyE2EE
0000000000022c80 V _ZTSSt19_Sp_make_shared_tag
0000000000022c30 V _ZTSSt23_Sp_counted_ptr_inplaceISt5mutexSaIS0_ELN9__gnu_cxx12_Lock_policyE2EE
0000000000073100 V _ZTVSt16_Sp_counted_baseILN9__gnu_cxx12_Lock_policyE2EE
00000000000730c8 V _ZTVSt23_Sp_counted_ptr_inplaceISt5mutexSaIS0_ELN9__gnu_cxx12_Lock_policyE2EE
000000000004a24c T __device_stub___Z24add_rms_norm_bias_customIDhEvPhS0_S0_S0_S0_mmjff
000000000004a248 T __device_stub___Z24add_rms_norm_bias_customIfEvPhS0_S0_S0_S0_mmjff
000000000004a250 T __device_stub___Z24add_rms_norm_bias_customIu6__bf16EvPhS0_S0_S0_S0_mmjff
0000000000049f40 T run_kernel_parent

build/libw4r07_parent.so:     file format elf64-littleaarch64


Disassembly of section .text:

0000000000049880 <run_kernel_parent-0x6c0>:
   49880:	d0000140 	adrp	x0, 73000 <_ZNSt8ios_base4InitC1Ev@plt+0x10690>
   49884:	f941ec00 	ldr	x0, [x0, #984]
   49888:	b4000040 	cbz	x0, 49890 <_ZTSSt11_Mutex_baseILN9__gnu_cxx12_Lock_policyE2EE+0x26bc0>
   4988c:	140062f5 	b	62460 <__gmon_start__@plt>
   49890:	d65f03c0 	ret
	...
   498a0:	d503201f 	nop
   498a4:	101cdea0 	adr	x0, 83478 <__TMC_END__>
   498a8:	d503201f 	nop
   498ac:	101cde61 	adr	x1, 83478 <__TMC_END__>
   498b0:	eb00003f 	cmp	x1, x0
   498b4:	540000c0 	b.eq	498cc <_ZTSSt11_Mutex_baseILN9__gnu_cxx12_Lock_policyE2EE+0x26bfc>  // b.none
   498b8:	d0000141 	adrp	x1, 73000 <_ZNSt8ios_base4InitC1Ev@plt+0x10690>
   498bc:	f941f021 	ldr	x1, [x1, #992]
   498c0:	b4000061 	cbz	x1, 498cc <_ZTSSt11_Mutex_baseILN9__gnu_cxx12_Lock_policyE2EE+0x26bfc>
   498c4:	aa0103f0 	mov	x16, x1
   498c8:	d61f0200 	br	x16
   498cc:	d65f03c0 	ret
   498d0:	d503201f 	nop
   498d4:	101cdd20 	adr	x0, 83478 <__TMC_END__>
   498d8:	d503201f 	nop
   498dc:	101cdce1 	adr	x1, 83478 <__TMC_END__>
   498e0:	cb000021 	sub	x1, x1, x0
   498e4:	d37ffc22 	lsr	x2, x1, #63
   498e8:	8b810c41 	add	x1, x2, x1, asr #3
   498ec:	9341fc21 	asr	x1, x1, #1
   498f0:	b40000c1 	cbz	x1, 49908 <_ZTSSt11_Mutex_baseILN9__gnu_cxx12_Lock_policyE2EE+0x26c38>
   498f4:	d0000142 	adrp	x2, 73000 <_ZNSt8ios_base4InitC1Ev@plt+0x10690>
   498f8:	f941f442 	ldr	x2, [x2, #1000]
   498fc:	b4000062 	cbz	x2, 49908 <_ZTSSt11_Mutex_baseILN9__gnu_cxx12_Lock_policyE2EE+0x26c38>
   49900:	aa0203f0 	mov	x16, x2
   49904:	d61f0200 	br	x16
   49908:	d65f03c0 	ret
   4990c:	d503201f 	nop
   49910:	a9be7bfd 	stp	x29, x30, [sp, #-32]!
   49914:	910003fd 	mov	x29, sp
   49918:	f9000bf3 	str	x19, [sp, #16]
   4991c:	b0000233 	adrp	x19, 8e000 <__TMC_END__+0xab88>
   49920:	39526260 	ldrb	w0, [x19, #1176]
   49924:	35000140 	cbnz	w0, 4994c <_ZTSSt11_Mutex_baseILN9__gnu_cxx12_Lock_policyE2EE+0x26c7c>
   49928:	d0000140 	adrp	x0, 73000 <_ZNSt8ios_base4InitC1Ev@plt+0x10690>
   4992c:	f941f800 	ldr	x0, [x0, #1008]
   49930:	b4000080 	cbz	x0, 49940 <_ZTSSt11_Mutex_baseILN9__gnu_cxx12_Lock_policyE2EE+0x26c70>
   49934:	d00001c0 	adrp	x0, 83000 <_DYNAMIC+0xfe78>
   49938:	f9422c00 	ldr	x0, [x0, #1112]
   4993c:	940062cd 	bl	62470 <__cxa_finalize@plt>
   49940:	97ffffd8 	bl	498a0 <_ZTSSt11_Mutex_baseILN9__gnu_cxx12_Lock_policyE2EE+0x26bd0>
   49944:	52800020 	mov	w0, #0x1                   	// #1
   49948:	39126260 	strb	w0, [x19, #1176]
   4994c:	f9400bf3 	ldr	x19, [sp, #16]
   49950:	a8c27bfd 	ldp	x29, x30, [sp], #32
   49954:	d65f03c0 	ret
   49958:	d503201f 	nop
   4995c:	d503201f 	nop
   49960:	17ffffdc 	b	498d0 <_ZTSSt11_Mutex_baseILN9__gnu_cxx12_Lock_policyE2EE+0x26c00>
   49964:	d10143ff 	sub	sp, sp, #0x50
   49968:	a9047bfd 	stp	x29, x30, [sp, #64]
   4996c:	910103fd 	add	x29, sp, #0x40
   49970:	b81f83a0 	stur	w0, [x29, #-8]
   49974:	d10033a1 	sub	x1, x29, #0xc
   49978:	b81f43bf 	stur	wzr, [x29, #-12]
   4997c:	52800028 	mov	w8, #0x1                   	// #1
   49980:	b81f03a8 	stur	w8, [x29, #-16]
   49984:	52800060 	mov	w0, #0x3                   	// #3
   49988:	940062be 	bl	62480 <AdumpGetSizeInfoAddr@plt>
   4998c:	f81e83a0 	stur	x0, [x29, #-24]
   49990:	f85e83a8 	ldur	x8, [x29, #-24]
   49994:	f1000108 	subs	x8, x8, #0x0
   49998:	1a9f07e8 	cset	w8, ne  // ne = any
   4999c:	37000108 	tbnz	w8, #0, 499bc <_ZTSSt11_Mutex_baseILN9__gnu_cxx12_Lock_policyE2EE+0x26cec>
   499a0:	14000001 	b	499a4 <_ZTSSt11_Mutex_baseILN9__gnu_cxx12_Lock_policyE2EE+0x26cd4>
   499a4:	d0fffea0 	adrp	x0, 1f000 <_ZSt19piecewise_construct-0xe08>
   499a8:	91373000 	add	x0, x0, #0xdcc
   499ac:	940062b9 	bl	62490 <printf@plt>
   499b0:	52800028 	mov	w8, #0x1                   	// #1
   499b4:	b81fc3a8 	stur	w8, [x29, #-4]
   499b8:	1400002f 	b	49a74 <_ZTSSt11_Mutex_baseILN9__gnu_cxx12_Lock_policyE2EE+0x26da4>
   499bc:	f85e83a8 	ldur	x8, [x29, #-24]
   499c0:	f90013e8 	str	x8, [sp, #32]
   499c4:	b85f43a8 	ldur	w8, [x29, #-12]
   499c8:	f94013e9 	ldr	x9, [sp, #32]
   499cc:	f9000128 	str	x8, [x9]
   499d0:	f94013e8 	ldr	x8, [sp, #32]
   499d4:	91002108 	add	x8, x8, #0x8
   499d8:	f90013e8 	str	x8, [sp, #32]
   499dc:	f94013e9 	ldr	x9, [sp, #32]
   499e0:	d2800028 	mov	x8, #0x1                   	// #1
   499e4:	f9000128 	str	x8, [x9]
   499e8:	f94013e8 	ldr	x8, [sp, #32]
   499ec:	91002108 	add	x8, x8, #0x8
   499f0:	f90013e8 	str	x8, [sp, #32]
   499f4:	b85f83a8 	ldur	w8, [x29, #-8]
   499f8:	52800969 	mov	w9, #0x4b                  	// #75
   499fc:	1b097d08 	mul	w8, w8, w9
   49a00:	f94013e9 	ldr	x9, [sp, #32]
   49a04:	f9000128 	str	x8, [x9]
   49a08:	d2e08008 	mov	x8, #0x400000000000000     	// #288230376151711744
   49a0c:	f9000fe8 	str	x8, [sp, #24]
   49a10:	f94013e9 	ldr	x9, [sp, #32]
   49a14:	f9400128 	ldr	x8, [x9]
   49a18:	b2460108 	orr	x8, x8, #0x400000000000000
   49a1c:	f9000128 	str	x8, [x9]
   49a20:	f85e83a8 	ldur	x8, [x29, #-24]
   49a24:	910023e0 	add	x0, sp, #0x8
   49a28:	f90007e8 	str	x8, [sp, #8]
   49a2c:	b85f43a8 	ldur	w8, [x29, #-12]
   49a30:	b90013e8 	str	w8, [sp, #16]
   49a34:	9400629b 	bl	624a0 <rtSetExceptionExtInfo@plt>
   49a38:	b90007e0 	str	w0, [sp, #4]
   49a3c:	b94007e8 	ldr	w8, [sp, #4]
   49a40:	71000108 	subs	w8, w8, #0x0
   49a44:	1a9f17e8 	cset	w8, eq  // eq = none
   49a48:	37000128 	tbnz	w8, #0, 49a6c <_ZTSSt11_Mutex_baseILN9__gnu_cxx12_Lock_policyE2EE+0x26d9c>
   49a4c:	14000001 	b	49a50 <_ZTSSt11_Mutex_baseILN9__gnu_cxx12_Lock_policyE2EE+0x26d80>
   49a50:	b94007e1 	ldr	w1, [sp, #4]
   49a54:	d0fffea0 	adrp	x0, 1f000 <_ZSt19piecewise_construct-0xe08>
   49a58:	91306800 	add	x0, x0, #0xc1a
   49a5c:	9400628d 	bl	62490 <printf@plt>
   49a60:	52800028 	mov	w8, #0x1                   	// #1
   49a64:	b81fc3a8 	stur	w8, [x29, #-4]
   49a68:	14000003 	b	49a74 <_ZTSSt11_Mutex_baseILN9__gnu_cxx12_Lock_policyE2EE+0x26da4>
   49a6c:	b81fc3bf 	stur	wzr, [x29, #-4]
   49a70:	14000001 	b	49a74 <_ZTSSt11_Mutex_baseILN9__gnu_cxx12_Lock_policyE2EE+0x26da4>
   49a74:	b85fc3a0 	ldur	w0, [x29, #-4]
   49a78:	a9447bfd 	ldp	x29, x30, [sp, #64]
   49a7c:	910143ff 	add	sp, sp, #0x50
   49a80:	d65f03c0 	ret
   49a84:	d100c3ff 	sub	sp, sp, #0x30
   49a88:	a9027bfd 	stp	x29, x30, [sp, #32]
   49a8c:	910083fd 	add	x29, sp, #0x20
   49a90:	d10023a8 	sub	x8, x29, #0x8
   49a94:	f90007e8 	str	x8, [sp, #8]
   49a98:	f81f83a0 	stur	x0, [x29, #-8]
   49a9c:	94000009 	bl	49ac0 <_ZTSSt11_Mutex_baseILN9__gnu_cxx12_Lock_policyE2EE+0x26df0>
   49aa0:	f94007e1 	ldr	x1, [sp, #8]
   49aa4:	f9000be0 	str	x0, [sp, #16]
   49aa8:	f9400be0 	ldr	x0, [sp, #16]
   49aac:	940001eb 	bl	4a258 <_ZNSt6vectorIPFvPvESaIS2_EE12emplace_backIJRS2_EEEvDpOT_>
   49ab0:	2a1f03e0 	mov	w0, wzr
   49ab4:	a9427bfd 	ldp	x29, x30, [sp, #32]
   49ab8:	9100c3ff 	add	sp, sp, #0x30
   49abc:	d65f03c0 	ret
   49ac0:	d10083ff 	sub	sp, sp, #0x20
   49ac4:	a9017bfd 	stp	x29, x30, [sp, #16]
   49ac8:	910043fd 	add	x29, sp, #0x10
   49acc:	d0000228 	adrp	x8, 8f000 <__TMC_END__+0xbb88>
   49ad0:	91130108 	add	x8, x8, #0x4c0
   49ad4:	08dffd08 	ldarb	w8, [x8]
   49ad8:	12000108 	and	w8, w8, #0x1
   49adc:	72001d08 	ands	w8, w8, #0xff
   49ae0:	1a9f07e8 	cset	w8, ne  // ne = any

Disassembly of section .init:

Disassembly of section .fini:

Disassembly of section .plt:
