ROUTE	REVISION	EVENT_DECLARATION	SOURCE_REF	SOURCE_COMMIT	SOURCE_COMMIT_PARENT	SOURCE_COMMIT_TREE	SOURCE_BASE_COMMIT	SOURCE_PATH	SOURCE_MODE	SOURCE_BLOB	ARCHIVE_PATH	SELECTION	RESULT_CLASS	DUPLICATE_GROUP	NOTE
W3-R1-UB-BANK-LAYOUT-CHAMPION-X	V001	exp: record UB bank V001 local result	w3/m1/ub-bank-layout	1a166b62987d189def6ec859480172bf023b4151	57d9ce17227302ba546eeb769e0405d2c0458afa	e2a59863dd2036360f78dca2b417a41ccc50fd31	503b98cb22ae88798bb6bfca83a46676933f3600	本地实验/UB-BANK-LAYOUT-CHAMPION-X/V001/submission.asc	100644	995bcd13323376163e104178a5f146ab7042d1e0		EXCLUDE	CANDIDATE_OR_KERNEL_SOURCE		source retained only by source commit/blob reference
W3-R1-UB-BANK-LAYOUT-CHAMPION-X	V001	exp: record UB bank V001 local result	w3/m1/ub-bank-layout	1a166b62987d189def6ec859480172bf023b4151	57d9ce17227302ba546eeb769e0405d2c0458afa	e2a59863dd2036360f78dca2b417a41ccc50fd31	503b98cb22ae88798bb6bfca83a46676933f3600	本地实验/UB-BANK-LAYOUT-CHAMPION-X/V001/support/CMakeLists.txt	100644	e6bfb7b23c7ad6201c3322b5132805af55698bae		EXCLUDE	BUILD_CONFIGURATION		build configuration not copied
W3-R1-UB-BANK-LAYOUT-CHAMPION-X	V001	exp: record UB bank V001 local result	w3/m1/ub-bank-layout	1a166b62987d189def6ec859480172bf023b4151	57d9ce17227302ba546eeb769e0405d2c0458afa	e2a59863dd2036360f78dca2b417a41ccc50fd31	503b98cb22ae88798bb6bfca83a46676933f3600	本地实验/UB-BANK-LAYOUT-CHAMPION-X/V001/support/build_server3.sh	100644	0a2dde8e6a8f8e42fa54e716387f993f5a9a02ad		EXCLUDE	BUILD_OR_EXECUTION_SCRIPT		script not copied
W3-R1-UB-BANK-LAYOUT-CHAMPION-X	V001	exp: record UB bank V001 local result	w3/m1/ub-bank-layout	1a166b62987d189def6ec859480172bf023b4151	57d9ce17227302ba546eeb769e0405d2c0458afa	e2a59863dd2036360f78dca2b417a41ccc50fd31	503b98cb22ae88798bb6bfca83a46676933f3600	本地实验/UB-BANK-LAYOUT-CHAMPION-X/V001/support/logs/compile-20261004T182311Z.log	100644	cd1ccc43fb738abc0c4fbbef444f5d719b0c6223	证据集成/W3/Batch-09-R1-R3-R4-R5/R1/V001/support/logs/compile-20261004T182311Z.log	COPY	COMPILE_LOG		original bytes
W3-R1-UB-BANK-LAYOUT-CHAMPION-X	V001	exp: record UB bank V001 local result	w3/m1/ub-bank-layout	1a166b62987d189def6ec859480172bf023b4151	57d9ce17227302ba546eeb769e0405d2c0458afa	e2a59863dd2036360f78dca2b417a41ccc50fd31	503b98cb22ae88798bb6bfca83a46676933f3600	本地实验/UB-BANK-LAYOUT-CHAMPION-X/V001/support/logs/compile-20261004T182356Z-18489.log	100644	4277aceb0c59b93c3efe8ce77472e014e9a13006	证据集成/W3/Batch-09-R1-R3-R4-R5/R1/V001/support/logs/compile-20261004T182356Z-18489.log	COPY	COMPILE_LOG		original bytes
W3-R1-UB-BANK-LAYOUT-CHAMPION-X	V001	exp: record UB bank V001 local result	w3/m1/ub-bank-layout	1a166b62987d189def6ec859480172bf023b4151	57d9ce17227302ba546eeb769e0405d2c0458afa	e2a59863dd2036360f78dca2b417a41ccc50fd31	503b98cb22ae88798bb6bfca83a46676933f3600	本地实验/UB-BANK-LAYOUT-CHAMPION-X/V001/support/logs/compile-20261004T182450Z-18854.log	100644	560a2ebd564722b64f53d9c2eaf1101d219af8f6	证据集成/W3/Batch-09-R1-R3-R4-R5/R1/V001/support/logs/compile-20261004T182450Z-18854.log	COPY	COMPILE_LOG		original bytes
W3-R1-UB-BANK-LAYOUT-CHAMPION-X	V001	exp: record UB bank V001 local result	w3/m1/ub-bank-layout	1a166b62987d189def6ec859480172bf023b4151	57d9ce17227302ba546eeb769e0405d2c0458afa	e2a59863dd2036360f78dca2b417a41ccc50fd31	503b98cb22ae88798bb6bfca83a46676933f3600	本地实验/UB-BANK-LAYOUT-CHAMPION-X/V001/support/logs/compile-20261004T182816Z-19628.log	100644	71e515c6616d406b7c4ba90818856978b6e44d29	证据集成/W3/Batch-09-R1-R3-R4-R5/R1/V001/support/logs/compile-20261004T182816Z-19628.log	COPY	COMPILE_LOG		original bytes
W3-R1-UB-BANK-LAYOUT-CHAMPION-X	V001	exp: record UB bank V001 local result	w3/m1/ub-bank-layout	1a166b62987d189def6ec859480172bf023b4151	57d9ce17227302ba546eeb769e0405d2c0458afa	e2a59863dd2036360f78dca2b417a41ccc50fd31	503b98cb22ae88798bb6bfca83a46676933f3600	本地实验/UB-BANK-LAYOUT-CHAMPION-X/V001/support/paired_runner.asc	100644	f2a54eb55ab33af19fd13ea7cabc501cf7575eef		EXCLUDE	SUPPORT_SOURCE		source retained only by source commit/blob reference
W3-R1-UB-BANK-LAYOUT-CHAMPION-X	V001	exp: record UB bank V001 local result	w3/m1/ub-bank-layout	1a166b62987d189def6ec859480172bf023b4151	57d9ce17227302ba546eeb769e0405d2c0458afa	e2a59863dd2036360f78dca2b417a41ccc50fd31	503b98cb22ae88798bb6bfca83a46676933f3600	本地实验/UB-BANK-LAYOUT-CHAMPION-X/V001/support/paired_runner.cpp	100644	09b1508f67961e78ca585d1aa4e5294d5b5d1a43		EXCLUDE	SUPPORT_SOURCE		source retained only by source commit/blob reference
W3-R1-UB-BANK-LAYOUT-CHAMPION-X	V001	exp: record UB bank V001 local result	w3/m1/ub-bank-layout	1a166b62987d189def6ec859480172bf023b4151	57d9ce17227302ba546eeb769e0405d2c0458afa	e2a59863dd2036360f78dca2b417a41ccc50fd31	503b98cb22ae88798bb6bfca83a46676933f3600	本地实验/UB-BANK-LAYOUT-CHAMPION-X/V001/support/paired_runner_abi.h	100644	5578a42288108e3019d39a1a04929b2d768ebe04		EXCLUDE	SUPPORT_SOURCE		source retained only by source commit/blob reference
W3-R1-UB-BANK-LAYOUT-CHAMPION-X	V001	exp: record UB bank V001 local result	w3/m1/ub-bank-layout	1a166b62987d189def6ec859480172bf023b4151	57d9ce17227302ba546eeb769e0405d2c0458afa	e2a59863dd2036360f78dca2b417a41ccc50fd31	503b98cb22ae88798bb6bfca83a46676933f3600	本地实验/UB-BANK-LAYOUT-CHAMPION-X/V001/support/run_correctness.sh	100644	993e7b393ccafc7214df51409cc70cece8de7d4b		EXCLUDE	BUILD_OR_EXECUTION_SCRIPT		script not copied
W3-R1-UB-BANK-LAYOUT-CHAMPION-X	V001	infra: correct HBM free parsing against npu-smi usages	w3/m1/ub-bank-layout	57d9ce17227302ba546eeb769e0405d2c0458afa	551cefc35269c8d8c6f69a407a16457396161a60	4fe429376fe9803234553b857c977bb43983cfd1	503b98cb22ae88798bb6bfca83a46676933f3600	本地实验/UB-BANK-LAYOUT-CHAMPION-X/V001/support/run_local.sh	100644	24f6f81af41d4bcb086cb1bd8c3eff333e031346		EXCLUDE	BUILD_OR_EXECUTION_SCRIPT		script not copied
W3-R1-UB-BANK-LAYOUT-CHAMPION-X	V002	exp: record UB bank V002 allocation result	w3/m1/ub-bank-layout	41689004bca4f0d96a0a1873646a06467b9650d6	1a166b62987d189def6ec859480172bf023b4151	f4d987f9e38334ac6c2fbfc497d0219d21099fcc	503b98cb22ae88798bb6bfca83a46676933f3600	本地实验/UB-BANK-LAYOUT-CHAMPION-X/V002/submission.asc	100644	2a7ea14dc73d6a4d3bd2cad2ac7d63ece85921f2		EXCLUDE	CANDIDATE_OR_KERNEL_SOURCE		source retained only by source commit/blob reference
W3-R1-UB-BANK-LAYOUT-CHAMPION-X	V002	exp: record UB bank V002 allocation result	w3/m1/ub-bank-layout	41689004bca4f0d96a0a1873646a06467b9650d6	1a166b62987d189def6ec859480172bf023b4151	f4d987f9e38334ac6c2fbfc497d0219d21099fcc	503b98cb22ae88798bb6bfca83a46676933f3600	本地实验/UB-BANK-LAYOUT-CHAMPION-X/V002/support/CMakeLists.txt	100644	665feede669322ab378d983255748e2ba3c4b2b2		EXCLUDE	BUILD_CONFIGURATION		build configuration not copied
W3-R1-UB-BANK-LAYOUT-CHAMPION-X	V002	exp: record UB bank V002 allocation result	w3/m1/ub-bank-layout	41689004bca4f0d96a0a1873646a06467b9650d6	1a166b62987d189def6ec859480172bf023b4151	f4d987f9e38334ac6c2fbfc497d0219d21099fcc	503b98cb22ae88798bb6bfca83a46676933f3600	本地实验/UB-BANK-LAYOUT-CHAMPION-X/V002/support/build_server3.sh	100644	d80052495e08a2349f41a137918ef1b43999c79e		EXCLUDE	BUILD_OR_EXECUTION_SCRIPT		script not copied
W3-R1-UB-BANK-LAYOUT-CHAMPION-X	V002	exp: record UB bank V002 allocation result	w3/m1/ub-bank-layout	41689004bca4f0d96a0a1873646a06467b9650d6	1a166b62987d189def6ec859480172bf023b4151	f4d987f9e38334ac6c2fbfc497d0219d21099fcc	503b98cb22ae88798bb6bfca83a46676933f3600	本地实验/UB-BANK-LAYOUT-CHAMPION-X/V002/support/logs/compile-20261005T054635Z-51729.log	100644	f4d35628c5588abdf0339e1ab8e8c405199493d1	证据集成/W3/Batch-09-R1-R3-R4-R5/R1/V002/support/logs/compile-20261005T054635Z-51729.log	COPY	COMPILE_LOG		original bytes
W3-R1-UB-BANK-LAYOUT-CHAMPION-X	V002	exp: record UB bank V002 allocation result	w3/m1/ub-bank-layout	41689004bca4f0d96a0a1873646a06467b9650d6	1a166b62987d189def6ec859480172bf023b4151	f4d987f9e38334ac6c2fbfc497d0219d21099fcc	503b98cb22ae88798bb6bfca83a46676933f3600	本地实验/UB-BANK-LAYOUT-CHAMPION-X/V002/support/paired_runner.asc	100644	8938bc44f24a5a17ca8bfe01c01a0c4ed811bfa3		EXCLUDE	SUPPORT_SOURCE		source retained only by source commit/blob reference
W3-R1-UB-BANK-LAYOUT-CHAMPION-X	V002	exp: record UB bank V002 allocation result	w3/m1/ub-bank-layout	41689004bca4f0d96a0a1873646a06467b9650d6	1a166b62987d189def6ec859480172bf023b4151	f4d987f9e38334ac6c2fbfc497d0219d21099fcc	503b98cb22ae88798bb6bfca83a46676933f3600	本地实验/UB-BANK-LAYOUT-CHAMPION-X/V002/support/paired_runner.cpp	100644	6a410f0020c2a1cde32f28c1520987ba7f616d90		EXCLUDE	SUPPORT_SOURCE		source retained only by source commit/blob reference
W3-R1-UB-BANK-LAYOUT-CHAMPION-X	V002	exp: record UB bank V002 allocation result	w3/m1/ub-bank-layout	41689004bca4f0d96a0a1873646a06467b9650d6	1a166b62987d189def6ec859480172bf023b4151	f4d987f9e38334ac6c2fbfc497d0219d21099fcc	503b98cb22ae88798bb6bfca83a46676933f3600	本地实验/UB-BANK-LAYOUT-CHAMPION-X/V002/support/paired_runner_abi.h	100644	4196dc29bf3b740f2fcf774d96bb98a0c09f980b		EXCLUDE	SUPPORT_SOURCE		source retained only by source commit/blob reference
W3-R1-UB-BANK-LAYOUT-CHAMPION-X	V002	exp: record UB bank V002 allocation result	w3/m1/ub-bank-layout	41689004bca4f0d96a0a1873646a06467b9650d6	1a166b62987d189def6ec859480172bf023b4151	f4d987f9e38334ac6c2fbfc497d0219d21099fcc	503b98cb22ae88798bb6bfca83a46676933f3600	本地实验/UB-BANK-LAYOUT-CHAMPION-X/V002/support/run_correctness.sh	100644	993e7b393ccafc7214df51409cc70cece8de7d4b		EXCLUDE	BUILD_OR_EXECUTION_SCRIPT		script not copied
W3-R1-UB-BANK-LAYOUT-CHAMPION-X	V002	exp: record UB bank V002 allocation result	w3/m1/ub-bank-layout	41689004bca4f0d96a0a1873646a06467b9650d6	1a166b62987d189def6ec859480172bf023b4151	f4d987f9e38334ac6c2fbfc497d0219d21099fcc	503b98cb22ae88798bb6bfca83a46676933f3600	本地实验/UB-BANK-LAYOUT-CHAMPION-X/V002/support/run_local.sh	100644	86337069f53f92ddcb5a8cd803016a44143ac02d		EXCLUDE	BUILD_OR_EXECUTION_SCRIPT		script not copied
W3-R1-UB-BANK-LAYOUT-CHAMPION-X	V003	exp: record UB bank V003 layout result	w3/m1/ub-bank-layout	d84cae1a995f2a30bbf19cefa23f0e4ff23baf4e	41689004bca4f0d96a0a1873646a06467b9650d6	a6e9acc5e88c0633a55b63bbad626b279a0f25df	503b98cb22ae88798bb6bfca83a46676933f3600	本地实验/UB-BANK-LAYOUT-CHAMPION-X/V003/submission.asc	100644	30e3626e4264936e6016eb450e40cdcb6ea2d2a2		EXCLUDE	CANDIDATE_OR_KERNEL_SOURCE		source retained only by source commit/blob reference
W3-R1-UB-BANK-LAYOUT-CHAMPION-X	V003	exp: record UB bank V003 layout result	w3/m1/ub-bank-layout	d84cae1a995f2a30bbf19cefa23f0e4ff23baf4e	41689004bca4f0d96a0a1873646a06467b9650d6	a6e9acc5e88c0633a55b63bbad626b279a0f25df	503b98cb22ae88798bb6bfca83a46676933f3600	本地实验/UB-BANK-LAYOUT-CHAMPION-X/V003/support/CMakeLists.txt	100644	9d4698234c79e1e31047931dade0704f6b8ef264		EXCLUDE	BUILD_CONFIGURATION		build configuration not copied
W3-R1-UB-BANK-LAYOUT-CHAMPION-X	V003	exp: record UB bank V003 layout result	w3/m1/ub-bank-layout	d84cae1a995f2a30bbf19cefa23f0e4ff23baf4e	41689004bca4f0d96a0a1873646a06467b9650d6	a6e9acc5e88c0633a55b63bbad626b279a0f25df	503b98cb22ae88798bb6bfca83a46676933f3600	本地实验/UB-BANK-LAYOUT-CHAMPION-X/V003/support/build_server3.sh	100644	776f33d2ae03438770f4b238b2aa6b1cfbf351e6		EXCLUDE	BUILD_OR_EXECUTION_SCRIPT		script not copied
W3-R1-UB-BANK-LAYOUT-CHAMPION-X	V003	exp: record UB bank V003 layout result	w3/m1/ub-bank-layout	d84cae1a995f2a30bbf19cefa23f0e4ff23baf4e	41689004bca4f0d96a0a1873646a06467b9650d6	a6e9acc5e88c0633a55b63bbad626b279a0f25df	503b98cb22ae88798bb6bfca83a46676933f3600	本地实验/UB-BANK-LAYOUT-CHAMPION-X/V003/support/logs/compile-20261005T060535Z-57376.log	100644	7e85b6aa34169243217f9cf4691e4901cef032e9	证据集成/W3/Batch-09-R1-R3-R4-R5/R1/V003/support/logs/compile-20261005T060535Z-57376.log	COPY	COMPILE_LOG		original bytes
W3-R1-UB-BANK-LAYOUT-CHAMPION-X	V003	exp: record UB bank V003 layout result	w3/m1/ub-bank-layout	d84cae1a995f2a30bbf19cefa23f0e4ff23baf4e	41689004bca4f0d96a0a1873646a06467b9650d6	a6e9acc5e88c0633a55b63bbad626b279a0f25df	503b98cb22ae88798bb6bfca83a46676933f3600	本地实验/UB-BANK-LAYOUT-CHAMPION-X/V003/support/paired_runner.asc	100644	30250197a25735bf181705ae11eff0fb25fa9845		EXCLUDE	SUPPORT_SOURCE		source retained only by source commit/blob reference
W3-R1-UB-BANK-LAYOUT-CHAMPION-X	V003	exp: record UB bank V003 layout result	w3/m1/ub-bank-layout	d84cae1a995f2a30bbf19cefa23f0e4ff23baf4e	41689004bca4f0d96a0a1873646a06467b9650d6	a6e9acc5e88c0633a55b63bbad626b279a0f25df	503b98cb22ae88798bb6bfca83a46676933f3600	本地实验/UB-BANK-LAYOUT-CHAMPION-X/V003/support/paired_runner.cpp	100644	cf652f9a8637e15c68f08a07b5c650227b06bb08		EXCLUDE	SUPPORT_SOURCE		source retained only by source commit/blob reference
W3-R1-UB-BANK-LAYOUT-CHAMPION-X	V003	exp: record UB bank V003 layout result	w3/m1/ub-bank-layout	d84cae1a995f2a30bbf19cefa23f0e4ff23baf4e	41689004bca4f0d96a0a1873646a06467b9650d6	a6e9acc5e88c0633a55b63bbad626b279a0f25df	503b98cb22ae88798bb6bfca83a46676933f3600	本地实验/UB-BANK-LAYOUT-CHAMPION-X/V003/support/paired_runner_abi.h	100644	95caf732cb41e758d78d320c2e96cecca01a566b		EXCLUDE	SUPPORT_SOURCE		source retained only by source commit/blob reference
W3-R1-UB-BANK-LAYOUT-CHAMPION-X	V003	exp: record UB bank V003 layout result	w3/m1/ub-bank-layout	d84cae1a995f2a30bbf19cefa23f0e4ff23baf4e	41689004bca4f0d96a0a1873646a06467b9650d6	a6e9acc5e88c0633a55b63bbad626b279a0f25df	503b98cb22ae88798bb6bfca83a46676933f3600	本地实验/UB-BANK-LAYOUT-CHAMPION-X/V003/support/run_correctness.sh	100644	993e7b393ccafc7214df51409cc70cece8de7d4b		EXCLUDE	BUILD_OR_EXECUTION_SCRIPT		script not copied
W3-R1-UB-BANK-LAYOUT-CHAMPION-X	V003	exp: record UB bank V003 layout result	w3/m1/ub-bank-layout	d84cae1a995f2a30bbf19cefa23f0e4ff23baf4e	41689004bca4f0d96a0a1873646a06467b9650d6	a6e9acc5e88c0633a55b63bbad626b279a0f25df	503b98cb22ae88798bb6bfca83a46676933f3600	本地实验/UB-BANK-LAYOUT-CHAMPION-X/V003/support/run_local.sh	100644	86337069f53f92ddcb5a8cd803016a44143ac02d		EXCLUDE	BUILD_OR_EXECUTION_SCRIPT		script not copied
W3-R1-UB-BANK-LAYOUT-CHAMPION-X	V004	exp: record UB bank V004 stride result	w3/m1/ub-bank-layout	4f9cb5089c8a45327ad8bbd471e4f669675c5559	d84cae1a995f2a30bbf19cefa23f0e4ff23baf4e	38c5f010ef49374039d98d562105809930a95be9	503b98cb22ae88798bb6bfca83a46676933f3600	本地实验/UB-BANK-LAYOUT-CHAMPION-X/V004/submission.asc	100644	9cc4b5f49bddfd6ffd89bd95321fd74a26efd3a5		EXCLUDE	CANDIDATE_OR_KERNEL_SOURCE		source retained only by source commit/blob reference
W3-R1-UB-BANK-LAYOUT-CHAMPION-X	V004	exp: record UB bank V004 stride result	w3/m1/ub-bank-layout	4f9cb5089c8a45327ad8bbd471e4f669675c5559	d84cae1a995f2a30bbf19cefa23f0e4ff23baf4e	38c5f010ef49374039d98d562105809930a95be9	503b98cb22ae88798bb6bfca83a46676933f3600	本地实验/UB-BANK-LAYOUT-CHAMPION-X/V004/support/CMakeLists.txt	100644	626fa4a2d6d59e9fa7b647123369a26eae4c7474		EXCLUDE	BUILD_CONFIGURATION		build configuration not copied
W3-R1-UB-BANK-LAYOUT-CHAMPION-X	V004	exp: record UB bank V004 stride result	w3/m1/ub-bank-layout	4f9cb5089c8a45327ad8bbd471e4f669675c5559	d84cae1a995f2a30bbf19cefa23f0e4ff23baf4e	38c5f010ef49374039d98d562105809930a95be9	503b98cb22ae88798bb6bfca83a46676933f3600	本地实验/UB-BANK-LAYOUT-CHAMPION-X/V004/support/build_server3.sh	100644	c729824f42a906141ec6adeb0403a14f52236514		EXCLUDE	BUILD_OR_EXECUTION_SCRIPT		script not copied
W3-R1-UB-BANK-LAYOUT-CHAMPION-X	V004	exp: record UB bank V004 stride result	w3/m1/ub-bank-layout	4f9cb5089c8a45327ad8bbd471e4f669675c5559	d84cae1a995f2a30bbf19cefa23f0e4ff23baf4e	38c5f010ef49374039d98d562105809930a95be9	503b98cb22ae88798bb6bfca83a46676933f3600	本地实验/UB-BANK-LAYOUT-CHAMPION-X/V004/support/logs/compile-20261005T063130Z-66685.log	100644	e13db2b43a27b839b43002f698174e3c1bbfbc83	证据集成/W3/Batch-09-R1-R3-R4-R5/R1/V004/support/logs/compile-20261005T063130Z-66685.log	COPY	COMPILE_LOG		original bytes
W3-R1-UB-BANK-LAYOUT-CHAMPION-X	V004	exp: record UB bank V004 stride result	w3/m1/ub-bank-layout	4f9cb5089c8a45327ad8bbd471e4f669675c5559	d84cae1a995f2a30bbf19cefa23f0e4ff23baf4e	38c5f010ef49374039d98d562105809930a95be9	503b98cb22ae88798bb6bfca83a46676933f3600	本地实验/UB-BANK-LAYOUT-CHAMPION-X/V004/support/paired_runner.asc	100644	725dc4cf92d60b10c61bdae08362d47e5a522c12		EXCLUDE	SUPPORT_SOURCE		source retained only by source commit/blob reference
W3-R1-UB-BANK-LAYOUT-CHAMPION-X	V004	exp: record UB bank V004 stride result	w3/m1/ub-bank-layout	4f9cb5089c8a45327ad8bbd471e4f669675c5559	d84cae1a995f2a30bbf19cefa23f0e4ff23baf4e	38c5f010ef49374039d98d562105809930a95be9	503b98cb22ae88798bb6bfca83a46676933f3600	本地实验/UB-BANK-LAYOUT-CHAMPION-X/V004/support/paired_runner.cpp	100644	b5d92b6caa03a15f93fd3b1df56d956823d29ef2		EXCLUDE	SUPPORT_SOURCE		source retained only by source commit/blob reference
W3-R1-UB-BANK-LAYOUT-CHAMPION-X	V004	exp: record UB bank V004 stride result	w3/m1/ub-bank-layout	4f9cb5089c8a45327ad8bbd471e4f669675c5559	d84cae1a995f2a30bbf19cefa23f0e4ff23baf4e	38c5f010ef49374039d98d562105809930a95be9	503b98cb22ae88798bb6bfca83a46676933f3600	本地实验/UB-BANK-LAYOUT-CHAMPION-X/V004/support/paired_runner_abi.h	100644	7268cfcccd172cabd7f3211f7139eda6d98b9aec		EXCLUDE	SUPPORT_SOURCE		source retained only by source commit/blob reference
W3-R1-UB-BANK-LAYOUT-CHAMPION-X	V004	exp: record UB bank V004 stride result	w3/m1/ub-bank-layout	4f9cb5089c8a45327ad8bbd471e4f669675c5559	d84cae1a995f2a30bbf19cefa23f0e4ff23baf4e	38c5f010ef49374039d98d562105809930a95be9	503b98cb22ae88798bb6bfca83a46676933f3600	本地实验/UB-BANK-LAYOUT-CHAMPION-X/V004/support/run_correctness.sh	100644	993e7b393ccafc7214df51409cc70cece8de7d4b		EXCLUDE	BUILD_OR_EXECUTION_SCRIPT		script not copied
W3-R1-UB-BANK-LAYOUT-CHAMPION-X	V004	exp: record UB bank V004 stride result	w3/m1/ub-bank-layout	4f9cb5089c8a45327ad8bbd471e4f669675c5559	d84cae1a995f2a30bbf19cefa23f0e4ff23baf4e	38c5f010ef49374039d98d562105809930a95be9	503b98cb22ae88798bb6bfca83a46676933f3600	本地实验/UB-BANK-LAYOUT-CHAMPION-X/V004/support/run_local.sh	100644	86337069f53f92ddcb5a8cd803016a44143ac02d		EXCLUDE	BUILD_OR_EXECUTION_SCRIPT		script not copied
W3-R1-UB-BANK-LAYOUT-CHAMPION-X	V005	exp: record UB bank V005 placement result	w3/m1/ub-bank-layout	27abde5a2ec22e382ba0975a162b68b5cea5b8e4	4f9cb5089c8a45327ad8bbd471e4f669675c5559	16d83de982add522c907a10115dbaf4f21359d04	503b98cb22ae88798bb6bfca83a46676933f3600	本地实验/UB-BANK-LAYOUT-CHAMPION-X/V005/submission.asc	100644	19b890b96ec2d3fd2f669603f7a2cec325cf99d1		EXCLUDE	CANDIDATE_OR_KERNEL_SOURCE		source retained only by source commit/blob reference
W3-R1-UB-BANK-LAYOUT-CHAMPION-X	V005	exp: record UB bank V005 placement result	w3/m1/ub-bank-layout	27abde5a2ec22e382ba0975a162b68b5cea5b8e4	4f9cb5089c8a45327ad8bbd471e4f669675c5559	16d83de982add522c907a10115dbaf4f21359d04	503b98cb22ae88798bb6bfca83a46676933f3600	本地实验/UB-BANK-LAYOUT-CHAMPION-X/V005/support/CMakeLists.txt	100644	5581ae3d067c4c405b36cb4abdfd1dd5020d45fc		EXCLUDE	BUILD_CONFIGURATION		build configuration not copied
W3-R1-UB-BANK-LAYOUT-CHAMPION-X	V005	exp: record UB bank V005 placement result	w3/m1/ub-bank-layout	27abde5a2ec22e382ba0975a162b68b5cea5b8e4	4f9cb5089c8a45327ad8bbd471e4f669675c5559	16d83de982add522c907a10115dbaf4f21359d04	503b98cb22ae88798bb6bfca83a46676933f3600	本地实验/UB-BANK-LAYOUT-CHAMPION-X/V005/support/build_server3.sh	100644	e581d529f1f43990ed98fa0641b11a13ca5afa13		EXCLUDE	BUILD_OR_EXECUTION_SCRIPT		script not copied
W3-R1-UB-BANK-LAYOUT-CHAMPION-X	V005	exp: record UB bank V005 placement result	w3/m1/ub-bank-layout	27abde5a2ec22e382ba0975a162b68b5cea5b8e4	4f9cb5089c8a45327ad8bbd471e4f669675c5559	16d83de982add522c907a10115dbaf4f21359d04	503b98cb22ae88798bb6bfca83a46676933f3600	本地实验/UB-BANK-LAYOUT-CHAMPION-X/V005/support/logs/compile-20261005T065822Z-75272.log	100644	e5ada9821641f38bd5890670e2652ab752e801fe	证据集成/W3/Batch-09-R1-R3-R4-R5/R1/V005/support/logs/compile-20261005T065822Z-75272.log	COPY	COMPILE_LOG		original bytes
W3-R1-UB-BANK-LAYOUT-CHAMPION-X	V005	exp: record UB bank V005 placement result	w3/m1/ub-bank-layout	27abde5a2ec22e382ba0975a162b68b5cea5b8e4	4f9cb5089c8a45327ad8bbd471e4f669675c5559	16d83de982add522c907a10115dbaf4f21359d04	503b98cb22ae88798bb6bfca83a46676933f3600	本地实验/UB-BANK-LAYOUT-CHAMPION-X/V005/support/paired_runner.asc	100644	43530620838d146ff25cedbf887cce1056c59053		EXCLUDE	SUPPORT_SOURCE		source retained only by source commit/blob reference
W3-R1-UB-BANK-LAYOUT-CHAMPION-X	V005	exp: record UB bank V005 placement result	w3/m1/ub-bank-layout	27abde5a2ec22e382ba0975a162b68b5cea5b8e4	4f9cb5089c8a45327ad8bbd471e4f669675c5559	16d83de982add522c907a10115dbaf4f21359d04	503b98cb22ae88798bb6bfca83a46676933f3600	本地实验/UB-BANK-LAYOUT-CHAMPION-X/V005/support/paired_runner.cpp	100644	ca28e1d87d1038aa178d29fb8f609574d6da8dc2		EXCLUDE	SUPPORT_SOURCE		source retained only by source commit/blob reference
W3-R1-UB-BANK-LAYOUT-CHAMPION-X	V005	exp: record UB bank V005 placement result	w3/m1/ub-bank-layout	27abde5a2ec22e382ba0975a162b68b5cea5b8e4	4f9cb5089c8a45327ad8bbd471e4f669675c5559	16d83de982add522c907a10115dbaf4f21359d04	503b98cb22ae88798bb6bfca83a46676933f3600	本地实验/UB-BANK-LAYOUT-CHAMPION-X/V005/support/paired_runner_abi.h	100644	83f3084bcd173b43174b94b4b4afb9718d1d6123		EXCLUDE	SUPPORT_SOURCE		source retained only by source commit/blob reference
W3-R1-UB-BANK-LAYOUT-CHAMPION-X	V005	exp: record UB bank V005 placement result	w3/m1/ub-bank-layout	27abde5a2ec22e382ba0975a162b68b5cea5b8e4	4f9cb5089c8a45327ad8bbd471e4f669675c5559	16d83de982add522c907a10115dbaf4f21359d04	503b98cb22ae88798bb6bfca83a46676933f3600	本地实验/UB-BANK-LAYOUT-CHAMPION-X/V005/support/run_correctness.sh	100644	993e7b393ccafc7214df51409cc70cece8de7d4b		EXCLUDE	BUILD_OR_EXECUTION_SCRIPT		script not copied
W3-R1-UB-BANK-LAYOUT-CHAMPION-X	V005	exp: record UB bank V005 placement result	w3/m1/ub-bank-layout	27abde5a2ec22e382ba0975a162b68b5cea5b8e4	4f9cb5089c8a45327ad8bbd471e4f669675c5559	16d83de982add522c907a10115dbaf4f21359d04	503b98cb22ae88798bb6bfca83a46676933f3600	本地实验/UB-BANK-LAYOUT-CHAMPION-X/V005/support/run_local.sh	100644	86337069f53f92ddcb5a8cd803016a44143ac02d		EXCLUDE	BUILD_OR_EXECUTION_SCRIPT		script not copied
W3-R1-UB-BANK-LAYOUT-CHAMPION-X	V006	exp: record UB bank V006 placement result	w3/m1/ub-bank-layout	70d5050fceaae833f3849152d1b80e9d11047294	27abde5a2ec22e382ba0975a162b68b5cea5b8e4	6e98d95afd63f35ea559487cffc2913445497930	503b98cb22ae88798bb6bfca83a46676933f3600	本地实验/UB-BANK-LAYOUT-CHAMPION-X/V006/submission.asc	100644	5dcc74c72a267ce7a09b950b6f72b67633d628f3		EXCLUDE	CANDIDATE_OR_KERNEL_SOURCE		source retained only by source commit/blob reference
W3-R1-UB-BANK-LAYOUT-CHAMPION-X	V006	exp: record UB bank V006 placement result	w3/m1/ub-bank-layout	70d5050fceaae833f3849152d1b80e9d11047294	27abde5a2ec22e382ba0975a162b68b5cea5b8e4	6e98d95afd63f35ea559487cffc2913445497930	503b98cb22ae88798bb6bfca83a46676933f3600	本地实验/UB-BANK-LAYOUT-CHAMPION-X/V006/support/CMakeLists.txt	100644	146832baf915275f870ed402d43bf2caab984932		EXCLUDE	BUILD_CONFIGURATION		build configuration not copied
W3-R1-UB-BANK-LAYOUT-CHAMPION-X	V006	exp: record UB bank V006 placement result	w3/m1/ub-bank-layout	70d5050fceaae833f3849152d1b80e9d11047294	27abde5a2ec22e382ba0975a162b68b5cea5b8e4	6e98d95afd63f35ea559487cffc2913445497930	503b98cb22ae88798bb6bfca83a46676933f3600	本地实验/UB-BANK-LAYOUT-CHAMPION-X/V006/support/build_server3.sh	100644	7e1689cae9a6bf7bcbca474ed6a6d943f9b03c11		EXCLUDE	BUILD_OR_EXECUTION_SCRIPT		script not copied
W3-R1-UB-BANK-LAYOUT-CHAMPION-X	V006	exp: record UB bank V006 placement result	w3/m1/ub-bank-layout	70d5050fceaae833f3849152d1b80e9d11047294	27abde5a2ec22e382ba0975a162b68b5cea5b8e4	6e98d95afd63f35ea559487cffc2913445497930	503b98cb22ae88798bb6bfca83a46676933f3600	本地实验/UB-BANK-LAYOUT-CHAMPION-X/V006/support/logs/compile-20261005T074248Z-87978.log	100644	eb6f0434e7a2d6eb5071893ef9d779e38422bac6	证据集成/W3/Batch-09-R1-R3-R4-R5/R1/V006/support/logs/compile-20261005T074248Z-87978.log	COPY	COMPILE_LOG		original bytes
W3-R1-UB-BANK-LAYOUT-CHAMPION-X	V006	exp: record UB bank V006 placement result	w3/m1/ub-bank-layout	70d5050fceaae833f3849152d1b80e9d11047294	27abde5a2ec22e382ba0975a162b68b5cea5b8e4	6e98d95afd63f35ea559487cffc2913445497930	503b98cb22ae88798bb6bfca83a46676933f3600	本地实验/UB-BANK-LAYOUT-CHAMPION-X/V006/support/paired_runner.asc	100644	179fe715f2b17285835301343ad938ccd3da78d1		EXCLUDE	SUPPORT_SOURCE		source retained only by source commit/blob reference
W3-R1-UB-BANK-LAYOUT-CHAMPION-X	V006	exp: record UB bank V006 placement result	w3/m1/ub-bank-layout	70d5050fceaae833f3849152d1b80e9d11047294	27abde5a2ec22e382ba0975a162b68b5cea5b8e4	6e98d95afd63f35ea559487cffc2913445497930	503b98cb22ae88798bb6bfca83a46676933f3600	本地实验/UB-BANK-LAYOUT-CHAMPION-X/V006/support/paired_runner.cpp	100644	39bacd6317bbcee56d36316129b33090b0b804af		EXCLUDE	SUPPORT_SOURCE		source retained only by source commit/blob reference
W3-R1-UB-BANK-LAYOUT-CHAMPION-X	V006	exp: record UB bank V006 placement result	w3/m1/ub-bank-layout	70d5050fceaae833f3849152d1b80e9d11047294	27abde5a2ec22e382ba0975a162b68b5cea5b8e4	6e98d95afd63f35ea559487cffc2913445497930	503b98cb22ae88798bb6bfca83a46676933f3600	本地实验/UB-BANK-LAYOUT-CHAMPION-X/V006/support/paired_runner_abi.h	100644	848cd1754b040e5b4c08d7b2f8c9c6ef26d93ecd		EXCLUDE	SUPPORT_SOURCE		source retained only by source commit/blob reference
W3-R1-UB-BANK-LAYOUT-CHAMPION-X	V006	exp: record UB bank V006 placement result	w3/m1/ub-bank-layout	70d5050fceaae833f3849152d1b80e9d11047294	27abde5a2ec22e382ba0975a162b68b5cea5b8e4	6e98d95afd63f35ea559487cffc2913445497930	503b98cb22ae88798bb6bfca83a46676933f3600	本地实验/UB-BANK-LAYOUT-CHAMPION-X/V006/support/run_correctness.sh	100644	993e7b393ccafc7214df51409cc70cece8de7d4b		EXCLUDE	BUILD_OR_EXECUTION_SCRIPT		script not copied
W3-R1-UB-BANK-LAYOUT-CHAMPION-X	V006	exp: record UB bank V006 placement result	w3/m1/ub-bank-layout	70d5050fceaae833f3849152d1b80e9d11047294	27abde5a2ec22e382ba0975a162b68b5cea5b8e4	6e98d95afd63f35ea559487cffc2913445497930	503b98cb22ae88798bb6bfca83a46676933f3600	本地实验/UB-BANK-LAYOUT-CHAMPION-X/V006/support/run_local.sh	100644	86337069f53f92ddcb5a8cd803016a44143ac02d		EXCLUDE	BUILD_OR_EXECUTION_SCRIPT		script not copied
W3-R1-UB-BANK-LAYOUT-CHAMPION-X	V007	exp: test V007 residual FP32 buffer padding	w3/m1/ub-bank-layout	8cc15911ba8cb422a5042ba9757498a3ffec98aa	70d5050fceaae833f3849152d1b80e9d11047294	8eab6d091ce1ff89db669ef40ffb8f6a68e40011	503b98cb22ae88798bb6bfca83a46676933f3600	本地实验/UB-BANK-LAYOUT-CHAMPION-X/V007/submission.asc	100644	63936863524ca79cca4c4471643689a531764054		EXCLUDE	CANDIDATE_OR_KERNEL_SOURCE		source retained only by source commit/blob reference
W3-R1-UB-BANK-LAYOUT-CHAMPION-X	V007	exp: test V007 residual FP32 buffer padding	w3/m1/ub-bank-layout	8cc15911ba8cb422a5042ba9757498a3ffec98aa	70d5050fceaae833f3849152d1b80e9d11047294	8eab6d091ce1ff89db669ef40ffb8f6a68e40011	503b98cb22ae88798bb6bfca83a46676933f3600	本地实验/UB-BANK-LAYOUT-CHAMPION-X/V007/support/CMakeLists.txt	100644	8b054ee1c44a23502c294e0906ab05c083d64170		EXCLUDE	BUILD_CONFIGURATION		build configuration not copied
W3-R1-UB-BANK-LAYOUT-CHAMPION-X	V007	exp: test V007 residual FP32 buffer padding	w3/m1/ub-bank-layout	8cc15911ba8cb422a5042ba9757498a3ffec98aa	70d5050fceaae833f3849152d1b80e9d11047294	8eab6d091ce1ff89db669ef40ffb8f6a68e40011	503b98cb22ae88798bb6bfca83a46676933f3600	本地实验/UB-BANK-LAYOUT-CHAMPION-X/V007/support/build_server3.sh	100644	193d0cb55277b5341af5be5b5f41b3c7e79204cc		EXCLUDE	BUILD_OR_EXECUTION_SCRIPT		script not copied
W3-R1-UB-BANK-LAYOUT-CHAMPION-X	V007	exp: test V007 residual FP32 buffer padding	w3/m1/ub-bank-layout	8cc15911ba8cb422a5042ba9757498a3ffec98aa	70d5050fceaae833f3849152d1b80e9d11047294	8eab6d091ce1ff89db669ef40ffb8f6a68e40011	503b98cb22ae88798bb6bfca83a46676933f3600	本地实验/UB-BANK-LAYOUT-CHAMPION-X/V007/support/logs/compile-20261005T080546Z-94952.log	100644	ced9c77d86e3158228ed632c3580236cd830433a	证据集成/W3/Batch-09-R1-R3-R4-R5/R1/V007/support/logs/compile-20261005T080546Z-94952.log	COPY	COMPILE_LOG		original bytes
W3-R1-UB-BANK-LAYOUT-CHAMPION-X	V007	exp: test V007 residual FP32 buffer padding	w3/m1/ub-bank-layout	8cc15911ba8cb422a5042ba9757498a3ffec98aa	70d5050fceaae833f3849152d1b80e9d11047294	8eab6d091ce1ff89db669ef40ffb8f6a68e40011	503b98cb22ae88798bb6bfca83a46676933f3600	本地实验/UB-BANK-LAYOUT-CHAMPION-X/V007/support/paired_runner.asc	100644	0a26379c33ced865a668bb25cbc63ff49a63d82a		EXCLUDE	SUPPORT_SOURCE		source retained only by source commit/blob reference
W3-R1-UB-BANK-LAYOUT-CHAMPION-X	V007	exp: test V007 residual FP32 buffer padding	w3/m1/ub-bank-layout	8cc15911ba8cb422a5042ba9757498a3ffec98aa	70d5050fceaae833f3849152d1b80e9d11047294	8eab6d091ce1ff89db669ef40ffb8f6a68e40011	503b98cb22ae88798bb6bfca83a46676933f3600	本地实验/UB-BANK-LAYOUT-CHAMPION-X/V007/support/paired_runner.cpp	100644	30ba9d9a5857e0f91d9ddff07794181b72a2f34b		EXCLUDE	SUPPORT_SOURCE		source retained only by source commit/blob reference
W3-R1-UB-BANK-LAYOUT-CHAMPION-X	V007	exp: test V007 residual FP32 buffer padding	w3/m1/ub-bank-layout	8cc15911ba8cb422a5042ba9757498a3ffec98aa	70d5050fceaae833f3849152d1b80e9d11047294	8eab6d091ce1ff89db669ef40ffb8f6a68e40011	503b98cb22ae88798bb6bfca83a46676933f3600	本地实验/UB-BANK-LAYOUT-CHAMPION-X/V007/support/paired_runner_abi.h	100644	5be8757ebc00fce62715b4e79eda4e48cf4c8ccb		EXCLUDE	SUPPORT_SOURCE		source retained only by source commit/blob reference
W3-R1-UB-BANK-LAYOUT-CHAMPION-X	V007	exp: test V007 residual FP32 buffer padding	w3/m1/ub-bank-layout	8cc15911ba8cb422a5042ba9757498a3ffec98aa	70d5050fceaae833f3849152d1b80e9d11047294	8eab6d091ce1ff89db669ef40ffb8f6a68e40011	503b98cb22ae88798bb6bfca83a46676933f3600	本地实验/UB-BANK-LAYOUT-CHAMPION-X/V007/support/run_correctness.sh	100644	993e7b393ccafc7214df51409cc70cece8de7d4b		EXCLUDE	BUILD_OR_EXECUTION_SCRIPT		script not copied
W3-R1-UB-BANK-LAYOUT-CHAMPION-X	V007	exp: test V007 residual FP32 buffer padding	w3/m1/ub-bank-layout	8cc15911ba8cb422a5042ba9757498a3ffec98aa	70d5050fceaae833f3849152d1b80e9d11047294	8eab6d091ce1ff89db669ef40ffb8f6a68e40011	503b98cb22ae88798bb6bfca83a46676933f3600	本地实验/UB-BANK-LAYOUT-CHAMPION-X/V007/support/run_local.sh	100644	86337069f53f92ddcb5a8cd803016a44143ac02d		EXCLUDE	BUILD_OR_EXECUTION_SCRIPT		script not copied
W3-R1-UB-BANK-LAYOUT-CHAMPION-X	V008	exp: test V008 reduce buffer padding	w3/m1/ub-bank-layout	628a0bb1181e6bd6037712b9304cc5e82ca1bd6c	8cc15911ba8cb422a5042ba9757498a3ffec98aa	5a2353fea669cacfc1473546f51e5f60e2233137	503b98cb22ae88798bb6bfca83a46676933f3600	本地实验/UB-BANK-LAYOUT-CHAMPION-X/V008/submission.asc	100644	954334aa63f6c0b31a93baf128c6c589b0db586b		EXCLUDE	CANDIDATE_OR_KERNEL_SOURCE		source retained only by source commit/blob reference
W3-R1-UB-BANK-LAYOUT-CHAMPION-X	V008	exp: test V008 reduce buffer padding	w3/m1/ub-bank-layout	628a0bb1181e6bd6037712b9304cc5e82ca1bd6c	8cc15911ba8cb422a5042ba9757498a3ffec98aa	5a2353fea669cacfc1473546f51e5f60e2233137	503b98cb22ae88798bb6bfca83a46676933f3600	本地实验/UB-BANK-LAYOUT-CHAMPION-X/V008/support/CMakeLists.txt	100644	b06958c5a56a3a87577b32102779bb9728cda32a		EXCLUDE	BUILD_CONFIGURATION		build configuration not copied
W3-R1-UB-BANK-LAYOUT-CHAMPION-X	V008	exp: test V008 reduce buffer padding	w3/m1/ub-bank-layout	628a0bb1181e6bd6037712b9304cc5e82ca1bd6c	8cc15911ba8cb422a5042ba9757498a3ffec98aa	5a2353fea669cacfc1473546f51e5f60e2233137	503b98cb22ae88798bb6bfca83a46676933f3600	本地实验/UB-BANK-LAYOUT-CHAMPION-X/V008/support/build_server3.sh	100644	b2eea537eab9624581cd9475654d3de42ef6dddf		EXCLUDE	BUILD_OR_EXECUTION_SCRIPT		script not copied
W3-R1-UB-BANK-LAYOUT-CHAMPION-X	V008	exp: test V008 reduce buffer padding	w3/m1/ub-bank-layout	628a0bb1181e6bd6037712b9304cc5e82ca1bd6c	8cc15911ba8cb422a5042ba9757498a3ffec98aa	5a2353fea669cacfc1473546f51e5f60e2233137	503b98cb22ae88798bb6bfca83a46676933f3600	本地实验/UB-BANK-LAYOUT-CHAMPION-X/V008/support/logs/compile-20261005T083005Z-2572.log	100644	36bf4ee58fbf26b253c964c2e2023d020edb1816	证据集成/W3/Batch-09-R1-R3-R4-R5/R1/V008/support/logs/compile-20261005T083005Z-2572.log	COPY	COMPILE_LOG		original bytes
W3-R1-UB-BANK-LAYOUT-CHAMPION-X	V008	exp: test V008 reduce buffer padding	w3/m1/ub-bank-layout	628a0bb1181e6bd6037712b9304cc5e82ca1bd6c	8cc15911ba8cb422a5042ba9757498a3ffec98aa	5a2353fea669cacfc1473546f51e5f60e2233137	503b98cb22ae88798bb6bfca83a46676933f3600	本地实验/UB-BANK-LAYOUT-CHAMPION-X/V008/support/paired_runner.asc	100644	a0a5657e6c43d3261fbeb0ad873b0cf78878251b		EXCLUDE	SUPPORT_SOURCE		source retained only by source commit/blob reference
W3-R1-UB-BANK-LAYOUT-CHAMPION-X	V008	exp: test V008 reduce buffer padding	w3/m1/ub-bank-layout	628a0bb1181e6bd6037712b9304cc5e82ca1bd6c	8cc15911ba8cb422a5042ba9757498a3ffec98aa	5a2353fea669cacfc1473546f51e5f60e2233137	503b98cb22ae88798bb6bfca83a46676933f3600	本地实验/UB-BANK-LAYOUT-CHAMPION-X/V008/support/paired_runner.cpp	100644	0ae42da5c835dfd283e15e536bb49c8a50b3712b		EXCLUDE	SUPPORT_SOURCE		source retained only by source commit/blob reference
W3-R1-UB-BANK-LAYOUT-CHAMPION-X	V008	exp: test V008 reduce buffer padding	w3/m1/ub-bank-layout	628a0bb1181e6bd6037712b9304cc5e82ca1bd6c	8cc15911ba8cb422a5042ba9757498a3ffec98aa	5a2353fea669cacfc1473546f51e5f60e2233137	503b98cb22ae88798bb6bfca83a46676933f3600	本地实验/UB-BANK-LAYOUT-CHAMPION-X/V008/support/paired_runner_abi.h	100644	73be343853f30f4f707cbd62eec2903354844bb4		EXCLUDE	SUPPORT_SOURCE		source retained only by source commit/blob reference
W3-R1-UB-BANK-LAYOUT-CHAMPION-X	V008	exp: test V008 reduce buffer padding	w3/m1/ub-bank-layout	628a0bb1181e6bd6037712b9304cc5e82ca1bd6c	8cc15911ba8cb422a5042ba9757498a3ffec98aa	5a2353fea669cacfc1473546f51e5f60e2233137	503b98cb22ae88798bb6bfca83a46676933f3600	本地实验/UB-BANK-LAYOUT-CHAMPION-X/V008/support/run_correctness.sh	100644	993e7b393ccafc7214df51409cc70cece8de7d4b		EXCLUDE	BUILD_OR_EXECUTION_SCRIPT		script not copied
W3-R1-UB-BANK-LAYOUT-CHAMPION-X	V008	exp: test V008 reduce buffer padding	w3/m1/ub-bank-layout	628a0bb1181e6bd6037712b9304cc5e82ca1bd6c	8cc15911ba8cb422a5042ba9757498a3ffec98aa	5a2353fea669cacfc1473546f51e5f60e2233137	503b98cb22ae88798bb6bfca83a46676933f3600	本地实验/UB-BANK-LAYOUT-CHAMPION-X/V008/support/run_local.sh	100644	86337069f53f92ddcb5a8cd803016a44143ac02d		EXCLUDE	BUILD_OR_EXECUTION_SCRIPT		script not copied
W3-R1-UB-BANK-LAYOUT-CHAMPION-X	V009	exp: test V009 output buffer alignment	w3/m1/ub-bank-layout	341093168b6c375d8e25c8ac9f602481ae2949e7	628a0bb1181e6bd6037712b9304cc5e82ca1bd6c	5994bf803ad60472e8b40a9c12ab2c4594541c49	503b98cb22ae88798bb6bfca83a46676933f3600	本地实验/UB-BANK-LAYOUT-CHAMPION-X/V009/submission.asc	100644	6722219c2f7db64d6502d32392fd959d6abd6ca8		EXCLUDE	CANDIDATE_OR_KERNEL_SOURCE		source retained only by source commit/blob reference
W3-R1-UB-BANK-LAYOUT-CHAMPION-X	V009	exp: test V009 output buffer alignment	w3/m1/ub-bank-layout	341093168b6c375d8e25c8ac9f602481ae2949e7	628a0bb1181e6bd6037712b9304cc5e82ca1bd6c	5994bf803ad60472e8b40a9c12ab2c4594541c49	503b98cb22ae88798bb6bfca83a46676933f3600	本地实验/UB-BANK-LAYOUT-CHAMPION-X/V009/support/CMakeLists.txt	100644	0d9170e5890a465d59ee298930628f57ec092458		EXCLUDE	BUILD_CONFIGURATION		build configuration not copied
W3-R1-UB-BANK-LAYOUT-CHAMPION-X	V009	exp: test V009 output buffer alignment	w3/m1/ub-bank-layout	341093168b6c375d8e25c8ac9f602481ae2949e7	628a0bb1181e6bd6037712b9304cc5e82ca1bd6c	5994bf803ad60472e8b40a9c12ab2c4594541c49	503b98cb22ae88798bb6bfca83a46676933f3600	本地实验/UB-BANK-LAYOUT-CHAMPION-X/V009/support/build_server3.sh	100644	7ac9ddf4941bc0826b08fbf2e4bda825814e3569		EXCLUDE	BUILD_OR_EXECUTION_SCRIPT		script not copied
W3-R1-UB-BANK-LAYOUT-CHAMPION-X	V009	exp: test V009 output buffer alignment	w3/m1/ub-bank-layout	341093168b6c375d8e25c8ac9f602481ae2949e7	628a0bb1181e6bd6037712b9304cc5e82ca1bd6c	5994bf803ad60472e8b40a9c12ab2c4594541c49	503b98cb22ae88798bb6bfca83a46676933f3600	本地实验/UB-BANK-LAYOUT-CHAMPION-X/V009/support/logs/compile-20261005T090314Z-11473.log	100644	f68a3c87a79b36b198e213e701d70a54b3a6c069	证据集成/W3/Batch-09-R1-R3-R4-R5/R1/V009/support/logs/compile-20261005T090314Z-11473.log	COPY	COMPILE_LOG		original bytes
W3-R1-UB-BANK-LAYOUT-CHAMPION-X	V009	exp: test V009 output buffer alignment	w3/m1/ub-bank-layout	341093168b6c375d8e25c8ac9f602481ae2949e7	628a0bb1181e6bd6037712b9304cc5e82ca1bd6c	5994bf803ad60472e8b40a9c12ab2c4594541c49	503b98cb22ae88798bb6bfca83a46676933f3600	本地实验/UB-BANK-LAYOUT-CHAMPION-X/V009/support/paired_runner.asc	100644	3118dc04c49dfce532f91f2ac20e9df1fafbf880		EXCLUDE	SUPPORT_SOURCE		source retained only by source commit/blob reference
W3-R1-UB-BANK-LAYOUT-CHAMPION-X	V009	exp: test V009 output buffer alignment	w3/m1/ub-bank-layout	341093168b6c375d8e25c8ac9f602481ae2949e7	628a0bb1181e6bd6037712b9304cc5e82ca1bd6c	5994bf803ad60472e8b40a9c12ab2c4594541c49	503b98cb22ae88798bb6bfca83a46676933f3600	本地实验/UB-BANK-LAYOUT-CHAMPION-X/V009/support/paired_runner.cpp	100644	fd2f585252aa8425d7c77e8e4760a9419055fb20		EXCLUDE	SUPPORT_SOURCE		source retained only by source commit/blob reference
W3-R1-UB-BANK-LAYOUT-CHAMPION-X	V009	exp: test V009 output buffer alignment	w3/m1/ub-bank-layout	341093168b6c375d8e25c8ac9f602481ae2949e7	628a0bb1181e6bd6037712b9304cc5e82ca1bd6c	5994bf803ad60472e8b40a9c12ab2c4594541c49	503b98cb22ae88798bb6bfca83a46676933f3600	本地实验/UB-BANK-LAYOUT-CHAMPION-X/V009/support/paired_runner_abi.h	100644	a48ef88b71ed2065d68930318cdd44298e16d4af		EXCLUDE	SUPPORT_SOURCE		source retained only by source commit/blob reference
W3-R1-UB-BANK-LAYOUT-CHAMPION-X	V009	exp: test V009 output buffer alignment	w3/m1/ub-bank-layout	341093168b6c375d8e25c8ac9f602481ae2949e7	628a0bb1181e6bd6037712b9304cc5e82ca1bd6c	5994bf803ad60472e8b40a9c12ab2c4594541c49	503b98cb22ae88798bb6bfca83a46676933f3600	本地实验/UB-BANK-LAYOUT-CHAMPION-X/V009/support/run_correctness.sh	100644	993e7b393ccafc7214df51409cc70cece8de7d4b		EXCLUDE	BUILD_OR_EXECUTION_SCRIPT		script not copied
W3-R1-UB-BANK-LAYOUT-CHAMPION-X	V009	exp: test V009 output buffer alignment	w3/m1/ub-bank-layout	341093168b6c375d8e25c8ac9f602481ae2949e7	628a0bb1181e6bd6037712b9304cc5e82ca1bd6c	5994bf803ad60472e8b40a9c12ab2c4594541c49	503b98cb22ae88798bb6bfca83a46676933f3600	本地实验/UB-BANK-LAYOUT-CHAMPION-X/V009/support/run_local.sh	100644	86337069f53f92ddcb5a8cd803016a44143ac02d		EXCLUDE	BUILD_OR_EXECUTION_SCRIPT		script not copied
W3-R1-UB-BANK-LAYOUT-CHAMPION-X	V010	exp: test V010 x buffer alignment	w3/m1/ub-bank-layout	64e32f535348cdde1828cd8a8fd89fad100aaa33	341093168b6c375d8e25c8ac9f602481ae2949e7	ee1f6f747c1c52a1a9ba1bf304cfc190f8748cdb	503b98cb22ae88798bb6bfca83a46676933f3600	本地实验/UB-BANK-LAYOUT-CHAMPION-X/V010/submission.asc	100644	9cc13c6aa1146752f40eb7fd751d70d4a9bface6		EXCLUDE	CANDIDATE_OR_KERNEL_SOURCE		source retained only by source commit/blob reference
W3-R1-UB-BANK-LAYOUT-CHAMPION-X	V010	exp: test V010 x buffer alignment	w3/m1/ub-bank-layout	64e32f535348cdde1828cd8a8fd89fad100aaa33	341093168b6c375d8e25c8ac9f602481ae2949e7	ee1f6f747c1c52a1a9ba1bf304cfc190f8748cdb	503b98cb22ae88798bb6bfca83a46676933f3600	本地实验/UB-BANK-LAYOUT-CHAMPION-X/V010/support/CMakeLists.txt	100644	1262ff85120b8c7a94396ca5e92e23f675780ddd		EXCLUDE	BUILD_CONFIGURATION		build configuration not copied
W3-R1-UB-BANK-LAYOUT-CHAMPION-X	V010	exp: test V010 x buffer alignment	w3/m1/ub-bank-layout	64e32f535348cdde1828cd8a8fd89fad100aaa33	341093168b6c375d8e25c8ac9f602481ae2949e7	ee1f6f747c1c52a1a9ba1bf304cfc190f8748cdb	503b98cb22ae88798bb6bfca83a46676933f3600	本地实验/UB-BANK-LAYOUT-CHAMPION-X/V010/support/build_server3.sh	100644	38a997614f64d56501ecfaa0b1028bcf505ee3df		EXCLUDE	BUILD_OR_EXECUTION_SCRIPT		script not copied
W3-R1-UB-BANK-LAYOUT-CHAMPION-X	V010	exp: test V010 x buffer alignment	w3/m1/ub-bank-layout	64e32f535348cdde1828cd8a8fd89fad100aaa33	341093168b6c375d8e25c8ac9f602481ae2949e7	ee1f6f747c1c52a1a9ba1bf304cfc190f8748cdb	503b98cb22ae88798bb6bfca83a46676933f3600	本地实验/UB-BANK-LAYOUT-CHAMPION-X/V010/support/logs/compile-20261005T092827Z-18158.log	100644	9cebf450c14b2a35c4237ddbf5c7a7eb444830ec	证据集成/W3/Batch-09-R1-R3-R4-R5/R1/V010/support/logs/compile-20261005T092827Z-18158.log	COPY	COMPILE_LOG		original bytes
W3-R1-UB-BANK-LAYOUT-CHAMPION-X	V010	exp: test V010 x buffer alignment	w3/m1/ub-bank-layout	64e32f535348cdde1828cd8a8fd89fad100aaa33	341093168b6c375d8e25c8ac9f602481ae2949e7	ee1f6f747c1c52a1a9ba1bf304cfc190f8748cdb	503b98cb22ae88798bb6bfca83a46676933f3600	本地实验/UB-BANK-LAYOUT-CHAMPION-X/V010/support/paired_runner.asc	100644	2dfd64186d57612c7cd2dd507189286f932f3ff0		EXCLUDE	SUPPORT_SOURCE		source retained only by source commit/blob reference
W3-R1-UB-BANK-LAYOUT-CHAMPION-X	V010	exp: test V010 x buffer alignment	w3/m1/ub-bank-layout	64e32f535348cdde1828cd8a8fd89fad100aaa33	341093168b6c375d8e25c8ac9f602481ae2949e7	ee1f6f747c1c52a1a9ba1bf304cfc190f8748cdb	503b98cb22ae88798bb6bfca83a46676933f3600	本地实验/UB-BANK-LAYOUT-CHAMPION-X/V010/support/paired_runner.cpp	100644	f0f5367734c73dfd5d139325551ed9e58b8df1bd		EXCLUDE	SUPPORT_SOURCE		source retained only by source commit/blob reference
W3-R1-UB-BANK-LAYOUT-CHAMPION-X	V010	exp: test V010 x buffer alignment	w3/m1/ub-bank-layout	64e32f535348cdde1828cd8a8fd89fad100aaa33	341093168b6c375d8e25c8ac9f602481ae2949e7	ee1f6f747c1c52a1a9ba1bf304cfc190f8748cdb	503b98cb22ae88798bb6bfca83a46676933f3600	本地实验/UB-BANK-LAYOUT-CHAMPION-X/V010/support/paired_runner_abi.h	100644	a4ac5966e2900b394b536e17c8b2cd78d3cad75f		EXCLUDE	SUPPORT_SOURCE		source retained only by source commit/blob reference
W3-R1-UB-BANK-LAYOUT-CHAMPION-X	V010	exp: test V010 x buffer alignment	w3/m1/ub-bank-layout	64e32f535348cdde1828cd8a8fd89fad100aaa33	341093168b6c375d8e25c8ac9f602481ae2949e7	ee1f6f747c1c52a1a9ba1bf304cfc190f8748cdb	503b98cb22ae88798bb6bfca83a46676933f3600	本地实验/UB-BANK-LAYOUT-CHAMPION-X/V010/support/run_correctness.sh	100644	993e7b393ccafc7214df51409cc70cece8de7d4b		EXCLUDE	BUILD_OR_EXECUTION_SCRIPT		script not copied
W3-R1-UB-BANK-LAYOUT-CHAMPION-X	V010	exp: test V010 x buffer alignment	w3/m1/ub-bank-layout	64e32f535348cdde1828cd8a8fd89fad100aaa33	341093168b6c375d8e25c8ac9f602481ae2949e7	ee1f6f747c1c52a1a9ba1bf304cfc190f8748cdb	503b98cb22ae88798bb6bfca83a46676933f3600	本地实验/UB-BANK-LAYOUT-CHAMPION-X/V010/support/run_local.sh	100644	86337069f53f92ddcb5a8cd803016a44143ac02d		EXCLUDE	BUILD_OR_EXECUTION_SCRIPT		script not copied
W3-R3-TINY-MINIMAL-KERNEL-CHAMPION-X	V001	exp: complete tiny V001 local evidence	w3/m1/tiny-minimal-kernel	5e546a534836414f0594ec7ecb64e2ff834f26af	ca96dfa0a7e4f0c6457965a33612da7d8d48d174	11e5ff45e5749e939492ccc881814a69d4caccc5	503b98cb22ae88798bb6bfca83a46676933f3600	本地实验/TINY-MINIMAL-KERNEL-CHAMPION-X/V001/candidate.asc	100644	834506253076dbca29b62f3b6b64c4e539d9e9cd		EXCLUDE	CANDIDATE_OR_KERNEL_SOURCE		source retained only by source commit/blob reference
W3-R3-TINY-MINIMAL-KERNEL-CHAMPION-X	V001	exp: complete tiny V001 local evidence	w3/m1/tiny-minimal-kernel	5e546a534836414f0594ec7ecb64e2ff834f26af	ca96dfa0a7e4f0c6457965a33612da7d8d48d174	11e5ff45e5749e939492ccc881814a69d4caccc5	503b98cb22ae88798bb6bfca83a46676933f3600	本地实验/TINY-MINIMAL-KERNEL-CHAMPION-X/V001/parent.asc	100644	6adb6f586a3c2c4461401efe64d0a64e25cb60c3		EXCLUDE	PARENT_KERNEL_SOURCE		source retained only by source commit/blob reference
W3-R3-TINY-MINIMAL-KERNEL-CHAMPION-X	V001	exp: complete tiny V001 local evidence	w3/m1/tiny-minimal-kernel	5e546a534836414f0594ec7ecb64e2ff834f26af	ca96dfa0a7e4f0c6457965a33612da7d8d48d174	11e5ff45e5749e939492ccc881814a69d4caccc5	503b98cb22ae88798bb6bfca83a46676933f3600	本地实验/TINY-MINIMAL-KERNEL-CHAMPION-X/V001/support/CMakeLists.txt	100644	95ce689771fc8ab08e27bf4fa7e94c196f3f3d6f		EXCLUDE	BUILD_CONFIGURATION		build configuration not copied
W3-R3-TINY-MINIMAL-KERNEL-CHAMPION-X	V001	exp: complete tiny V001 local evidence	w3/m1/tiny-minimal-kernel	5e546a534836414f0594ec7ecb64e2ff834f26af	ca96dfa0a7e4f0c6457965a33612da7d8d48d174	11e5ff45e5749e939492ccc881814a69d4caccc5	503b98cb22ae88798bb6bfca83a46676933f3600	本地实验/TINY-MINIMAL-KERNEL-CHAMPION-X/V001/support/compile-20261005T022253+0800.log	100644	f7e3f599196a14febdb6acdb19b7d68f1e32de5b	证据集成/W3/Batch-09-R1-R3-R4-R5/R3/V001/support/compile-20261005T022253+0800.log	COPY	COMPILE_LOG		original bytes
W3-R3-TINY-MINIMAL-KERNEL-CHAMPION-X	V001	exp: complete tiny V001 local evidence	w3/m1/tiny-minimal-kernel	5e546a534836414f0594ec7ecb64e2ff834f26af	ca96dfa0a7e4f0c6457965a33612da7d8d48d174	11e5ff45e5749e939492ccc881814a69d4caccc5	503b98cb22ae88798bb6bfca83a46676933f3600	本地实验/TINY-MINIMAL-KERNEL-CHAMPION-X/V001/support/compile-20261005T022435+0800.log	100644	d6a5a96593d4909f2f6708c855703240aa055b96	证据集成/W3/Batch-09-R1-R3-R4-R5/R3/V001/support/compile-20261005T022435+0800.log	COPY	COMPILE_LOG		original bytes
W3-R3-TINY-MINIMAL-KERNEL-CHAMPION-X	V001	exp: complete tiny V001 local evidence	w3/m1/tiny-minimal-kernel	5e546a534836414f0594ec7ecb64e2ff834f26af	ca96dfa0a7e4f0c6457965a33612da7d8d48d174	11e5ff45e5749e939492ccc881814a69d4caccc5	503b98cb22ae88798bb6bfca83a46676933f3600	本地实验/TINY-MINIMAL-KERNEL-CHAMPION-X/V001/support/compile-20261005T023005+0800.log	100644	24bfd2e7eaf7c122fad0fa9e9afdc9d951400cef	证据集成/W3/Batch-09-R1-R3-R4-R5/R3/V001/support/compile-20261005T023005+0800.log	COPY	COMPILE_LOG		original bytes
W3-R3-TINY-MINIMAL-KERNEL-CHAMPION-X	V001	exp: complete tiny V001 local evidence	w3/m1/tiny-minimal-kernel	5e546a534836414f0594ec7ecb64e2ff834f26af	ca96dfa0a7e4f0c6457965a33612da7d8d48d174	11e5ff45e5749e939492ccc881814a69d4caccc5	503b98cb22ae88798bb6bfca83a46676933f3600	本地实验/TINY-MINIMAL-KERNEL-CHAMPION-X/V001/support/compile-server3.sh	100644	f1507cdaf2aab2d684c4bc5f475249e771b0c3c5		EXCLUDE	BUILD_OR_EXECUTION_SCRIPT		script not copied
W3-R3-TINY-MINIMAL-KERNEL-CHAMPION-X	V001	exp: complete tiny V001 local evidence	w3/m1/tiny-minimal-kernel	5e546a534836414f0594ec7ecb64e2ff834f26af	ca96dfa0a7e4f0c6457965a33612da7d8d48d174	11e5ff45e5749e939492ccc881814a69d4caccc5	503b98cb22ae88798bb6bfca83a46676933f3600	本地实验/TINY-MINIMAL-KERNEL-CHAMPION-X/V001/support/paired_runner.cpp	100644	d15a59da5c791b662c8f43993074d2a7676bfedd		EXCLUDE	SUPPORT_SOURCE		source retained only by source commit/blob reference
W3-R3-TINY-MINIMAL-KERNEL-CHAMPION-X	V001	exp: complete tiny V001 local evidence	w3/m1/tiny-minimal-kernel	5e546a534836414f0594ec7ecb64e2ff834f26af	ca96dfa0a7e4f0c6457965a33612da7d8d48d174	11e5ff45e5749e939492ccc881814a69d4caccc5	503b98cb22ae88798bb6bfca83a46676933f3600	本地实验/TINY-MINIMAL-KERNEL-CHAMPION-X/V001/support/paired_runner_abi.h	100644	0e0aae1327ac14231f32f6adcf4977207b344283		EXCLUDE	SUPPORT_SOURCE		source retained only by source commit/blob reference
W3-R3-TINY-MINIMAL-KERNEL-CHAMPION-X	V001	infra: correct HBM free parsing against npu-smi usages	w3/m1/tiny-minimal-kernel	ca96dfa0a7e4f0c6457965a33612da7d8d48d174	3669c256cc72d4b1ddd372128ca5c4a3b6587fb1	30f13d45d473c1013ead3912a26eeee5f269f38a	503b98cb22ae88798bb6bfca83a46676933f3600	本地实验/TINY-MINIMAL-KERNEL-CHAMPION-X/V001/support/run-server3.sh	100644	d7aca8bcb0ad9baa4e5cc3f9b0c135b822e10ff9		EXCLUDE	BUILD_OR_EXECUTION_SCRIPT		script not copied
W3-R3-TINY-MINIMAL-KERNEL-CHAMPION-X	V001	exp: complete tiny V001 local evidence	w3/m1/tiny-minimal-kernel	5e546a534836414f0594ec7ecb64e2ff834f26af	ca96dfa0a7e4f0c6457965a33612da7d8d48d174	11e5ff45e5749e939492ccc881814a69d4caccc5	503b98cb22ae88798bb6bfca83a46676933f3600	本地实验/TINY-MINIMAL-KERNEL-CHAMPION-X/V001/support/tiny_runner_v001.asc	100644	7b2b08a9056d901eacb02339e7a8f586d7c748bf		EXCLUDE	SUPPORT_SOURCE		source retained only by source commit/blob reference
W3-R3-TINY-MINIMAL-KERNEL-CHAMPION-X	V002	exp: record tiny V002 dispatch threshold	w3/m1/tiny-minimal-kernel	a95ba1e6cb1991cef1ca96017b0d24e978e407ff	5e546a534836414f0594ec7ecb64e2ff834f26af	1643931f018e097419458863334c377b870fbe24	503b98cb22ae88798bb6bfca83a46676933f3600	本地实验/TINY-MINIMAL-KERNEL-CHAMPION-X/V002/candidate.asc	100644	86e1b56c84b274daae937b0e511d5f83c95de973		EXCLUDE	CANDIDATE_OR_KERNEL_SOURCE		source retained only by source commit/blob reference
W3-R3-TINY-MINIMAL-KERNEL-CHAMPION-X	V002	exp: record tiny V002 dispatch threshold	w3/m1/tiny-minimal-kernel	a95ba1e6cb1991cef1ca96017b0d24e978e407ff	5e546a534836414f0594ec7ecb64e2ff834f26af	1643931f018e097419458863334c377b870fbe24	503b98cb22ae88798bb6bfca83a46676933f3600	本地实验/TINY-MINIMAL-KERNEL-CHAMPION-X/V002/parent.asc	100644	6adb6f586a3c2c4461401efe64d0a64e25cb60c3		EXCLUDE	PARENT_KERNEL_SOURCE		source retained only by source commit/blob reference
W3-R3-TINY-MINIMAL-KERNEL-CHAMPION-X	V002	exp: record tiny V002 dispatch threshold	w3/m1/tiny-minimal-kernel	a95ba1e6cb1991cef1ca96017b0d24e978e407ff	5e546a534836414f0594ec7ecb64e2ff834f26af	1643931f018e097419458863334c377b870fbe24	503b98cb22ae88798bb6bfca83a46676933f3600	本地实验/TINY-MINIMAL-KERNEL-CHAMPION-X/V002/support/CMakeLists.txt	100644	15c908acd2b264990617155a9519bdbcdae4eb5b		EXCLUDE	BUILD_CONFIGURATION		build configuration not copied
W3-R3-TINY-MINIMAL-KERNEL-CHAMPION-X	V002	exp: record tiny V002 dispatch threshold	w3/m1/tiny-minimal-kernel	a95ba1e6cb1991cef1ca96017b0d24e978e407ff	5e546a534836414f0594ec7ecb64e2ff834f26af	1643931f018e097419458863334c377b870fbe24	503b98cb22ae88798bb6bfca83a46676933f3600	本地实验/TINY-MINIMAL-KERNEL-CHAMPION-X/V002/support/compile-20261005T134732+0800.log	100644	9cae1a26a02a31983c91e7b207fa5068a6f77150	证据集成/W3/Batch-09-R1-R3-R4-R5/R3/V002/support/compile-20261005T134732+0800.log	COPY	COMPILE_LOG		original bytes
W3-R3-TINY-MINIMAL-KERNEL-CHAMPION-X	V002	exp: record tiny V002 dispatch threshold	w3/m1/tiny-minimal-kernel	a95ba1e6cb1991cef1ca96017b0d24e978e407ff	5e546a534836414f0594ec7ecb64e2ff834f26af	1643931f018e097419458863334c377b870fbe24	503b98cb22ae88798bb6bfca83a46676933f3600	本地实验/TINY-MINIMAL-KERNEL-CHAMPION-X/V002/support/compile-server3.sh	100644	beed186cdbee604b6350a74f7844e056d78e1ed8		EXCLUDE	BUILD_OR_EXECUTION_SCRIPT		script not copied
W3-R3-TINY-MINIMAL-KERNEL-CHAMPION-X	V002	exp: record tiny V002 dispatch threshold	w3/m1/tiny-minimal-kernel	a95ba1e6cb1991cef1ca96017b0d24e978e407ff	5e546a534836414f0594ec7ecb64e2ff834f26af	1643931f018e097419458863334c377b870fbe24	503b98cb22ae88798bb6bfca83a46676933f3600	本地实验/TINY-MINIMAL-KERNEL-CHAMPION-X/V002/support/paired_runner.cpp	100644	b4f7f63c38c8cc1c210b2f266dedb0d64873cbbb		EXCLUDE	SUPPORT_SOURCE		source retained only by source commit/blob reference
W3-R3-TINY-MINIMAL-KERNEL-CHAMPION-X	V002	exp: record tiny V002 dispatch threshold	w3/m1/tiny-minimal-kernel	a95ba1e6cb1991cef1ca96017b0d24e978e407ff	5e546a534836414f0594ec7ecb64e2ff834f26af	1643931f018e097419458863334c377b870fbe24	503b98cb22ae88798bb6bfca83a46676933f3600	本地实验/TINY-MINIMAL-KERNEL-CHAMPION-X/V002/support/paired_runner_abi.h	100644	30d0a41f28e86070ab305d7ed509cc9203a476db		EXCLUDE	SUPPORT_SOURCE		source retained only by source commit/blob reference
W3-R3-TINY-MINIMAL-KERNEL-CHAMPION-X	V002	exp: record tiny V002 dispatch threshold	w3/m1/tiny-minimal-kernel	a95ba1e6cb1991cef1ca96017b0d24e978e407ff	5e546a534836414f0594ec7ecb64e2ff834f26af	1643931f018e097419458863334c377b870fbe24	503b98cb22ae88798bb6bfca83a46676933f3600	本地实验/TINY-MINIMAL-KERNEL-CHAMPION-X/V002/support/run-server3.sh	100644	1c88ba5c5bf0eb084d88bd834628926749e92441		EXCLUDE	BUILD_OR_EXECUTION_SCRIPT		script not copied
W3-R3-TINY-MINIMAL-KERNEL-CHAMPION-X	V002	exp: record tiny V002 dispatch threshold	w3/m1/tiny-minimal-kernel	a95ba1e6cb1991cef1ca96017b0d24e978e407ff	5e546a534836414f0594ec7ecb64e2ff834f26af	1643931f018e097419458863334c377b870fbe24	503b98cb22ae88798bb6bfca83a46676933f3600	本地实验/TINY-MINIMAL-KERNEL-CHAMPION-X/V002/support/tiny_runner_v002.asc	100644	7b2b08a9056d901eacb02339e7a8f586d7c748bf		EXCLUDE	SUPPORT_SOURCE		source retained only by source commit/blob reference
W3-R3-TINY-MINIMAL-KERNEL-CHAMPION-X	V003	exp: record tiny V003 parameter caching	w3/m1/tiny-minimal-kernel	4ff17baa48b656703fd6129d63e46903d8a82a53	a95ba1e6cb1991cef1ca96017b0d24e978e407ff	4dea563b58c4e4d28ce9db37ace32ba4d5092ed9	503b98cb22ae88798bb6bfca83a46676933f3600	本地实验/TINY-MINIMAL-KERNEL-CHAMPION-X/V003/candidate.asc	100644	e6cbe86f870c4963b723ac2c58bcf3d70e4991f6		EXCLUDE	CANDIDATE_OR_KERNEL_SOURCE		source retained only by source commit/blob reference
W3-R3-TINY-MINIMAL-KERNEL-CHAMPION-X	V003	exp: record tiny V003 parameter caching	w3/m1/tiny-minimal-kernel	4ff17baa48b656703fd6129d63e46903d8a82a53	a95ba1e6cb1991cef1ca96017b0d24e978e407ff	4dea563b58c4e4d28ce9db37ace32ba4d5092ed9	503b98cb22ae88798bb6bfca83a46676933f3600	本地实验/TINY-MINIMAL-KERNEL-CHAMPION-X/V003/parent.asc	100644	6adb6f586a3c2c4461401efe64d0a64e25cb60c3		EXCLUDE	PARENT_KERNEL_SOURCE		source retained only by source commit/blob reference
W3-R3-TINY-MINIMAL-KERNEL-CHAMPION-X	V003	exp: record tiny V003 parameter caching	w3/m1/tiny-minimal-kernel	4ff17baa48b656703fd6129d63e46903d8a82a53	a95ba1e6cb1991cef1ca96017b0d24e978e407ff	4dea563b58c4e4d28ce9db37ace32ba4d5092ed9	503b98cb22ae88798bb6bfca83a46676933f3600	本地实验/TINY-MINIMAL-KERNEL-CHAMPION-X/V003/support/CMakeLists.txt	100644	1443f11e9ead1c5f80c8051e2762640c51f36d25		EXCLUDE	BUILD_CONFIGURATION		build configuration not copied
W3-R3-TINY-MINIMAL-KERNEL-CHAMPION-X	V003	exp: record tiny V003 parameter caching	w3/m1/tiny-minimal-kernel	4ff17baa48b656703fd6129d63e46903d8a82a53	a95ba1e6cb1991cef1ca96017b0d24e978e407ff	4dea563b58c4e4d28ce9db37ace32ba4d5092ed9	503b98cb22ae88798bb6bfca83a46676933f3600	本地实验/TINY-MINIMAL-KERNEL-CHAMPION-X/V003/support/compile-20261005T140629+0800.log	100644	b899125ed903df8d095558e2f78d505f0dc5c5f8	证据集成/W3/Batch-09-R1-R3-R4-R5/R3/V003/support/compile-20261005T140629+0800.log	COPY	COMPILE_LOG		original bytes
W3-R3-TINY-MINIMAL-KERNEL-CHAMPION-X	V003	exp: record tiny V003 parameter caching	w3/m1/tiny-minimal-kernel	4ff17baa48b656703fd6129d63e46903d8a82a53	a95ba1e6cb1991cef1ca96017b0d24e978e407ff	4dea563b58c4e4d28ce9db37ace32ba4d5092ed9	503b98cb22ae88798bb6bfca83a46676933f3600	本地实验/TINY-MINIMAL-KERNEL-CHAMPION-X/V003/support/compile-server3.sh	100644	6de0aeea039d589d4228ccaf3ae1d9cee4fdd012		EXCLUDE	BUILD_OR_EXECUTION_SCRIPT		script not copied
W3-R3-TINY-MINIMAL-KERNEL-CHAMPION-X	V003	exp: record tiny V003 parameter caching	w3/m1/tiny-minimal-kernel	4ff17baa48b656703fd6129d63e46903d8a82a53	a95ba1e6cb1991cef1ca96017b0d24e978e407ff	4dea563b58c4e4d28ce9db37ace32ba4d5092ed9	503b98cb22ae88798bb6bfca83a46676933f3600	本地实验/TINY-MINIMAL-KERNEL-CHAMPION-X/V003/support/paired_runner.cpp	100644	4100ddf0c26baa03f6d92ff046881ce08ad13319		EXCLUDE	SUPPORT_SOURCE		source retained only by source commit/blob reference
W3-R3-TINY-MINIMAL-KERNEL-CHAMPION-X	V003	exp: record tiny V003 parameter caching	w3/m1/tiny-minimal-kernel	4ff17baa48b656703fd6129d63e46903d8a82a53	a95ba1e6cb1991cef1ca96017b0d24e978e407ff	4dea563b58c4e4d28ce9db37ace32ba4d5092ed9	503b98cb22ae88798bb6bfca83a46676933f3600	本地实验/TINY-MINIMAL-KERNEL-CHAMPION-X/V003/support/paired_runner_abi.h	100644	540bfb1d2855df7466dade6f9d7433444d48ec80		EXCLUDE	SUPPORT_SOURCE		source retained only by source commit/blob reference
W3-R3-TINY-MINIMAL-KERNEL-CHAMPION-X	V003	exp: record tiny V003 parameter caching	w3/m1/tiny-minimal-kernel	4ff17baa48b656703fd6129d63e46903d8a82a53	a95ba1e6cb1991cef1ca96017b0d24e978e407ff	4dea563b58c4e4d28ce9db37ace32ba4d5092ed9	503b98cb22ae88798bb6bfca83a46676933f3600	本地实验/TINY-MINIMAL-KERNEL-CHAMPION-X/V003/support/run-server3.sh	100644	043c74905473f1f1fe1b1152964a5deac5d62e0e		EXCLUDE	BUILD_OR_EXECUTION_SCRIPT		script not copied
W3-R3-TINY-MINIMAL-KERNEL-CHAMPION-X	V003	exp: record tiny V003 parameter caching	w3/m1/tiny-minimal-kernel	4ff17baa48b656703fd6129d63e46903d8a82a53	a95ba1e6cb1991cef1ca96017b0d24e978e407ff	4dea563b58c4e4d28ce9db37ace32ba4d5092ed9	503b98cb22ae88798bb6bfca83a46676933f3600	本地实验/TINY-MINIMAL-KERNEL-CHAMPION-X/V003/support/tiny_runner_v003.asc	100644	7b2b08a9056d901eacb02339e7a8f586d7c748bf		EXCLUDE	SUPPORT_SOURCE		source retained only by source commit/blob reference
W3-R3-TINY-MINIMAL-KERNEL-CHAMPION-X	V004	exp: record tiny V004 tile capacity	w3/m1/tiny-minimal-kernel	3677b07b3e9e2a4cc1c38c985695148fc52280a2	4ff17baa48b656703fd6129d63e46903d8a82a53	663d3786e8c0d2164211599360358475abb492c9	503b98cb22ae88798bb6bfca83a46676933f3600	本地实验/TINY-MINIMAL-KERNEL-CHAMPION-X/V004/candidate.asc	100644	3397aa1ecfd0616fb3b09df197593141b5d8df91		EXCLUDE	CANDIDATE_OR_KERNEL_SOURCE		source retained only by source commit/blob reference
W3-R3-TINY-MINIMAL-KERNEL-CHAMPION-X	V004	exp: record tiny V004 tile capacity	w3/m1/tiny-minimal-kernel	3677b07b3e9e2a4cc1c38c985695148fc52280a2	4ff17baa48b656703fd6129d63e46903d8a82a53	663d3786e8c0d2164211599360358475abb492c9	503b98cb22ae88798bb6bfca83a46676933f3600	本地实验/TINY-MINIMAL-KERNEL-CHAMPION-X/V004/parent.asc	100644	6adb6f586a3c2c4461401efe64d0a64e25cb60c3		EXCLUDE	PARENT_KERNEL_SOURCE		source retained only by source commit/blob reference
W3-R3-TINY-MINIMAL-KERNEL-CHAMPION-X	V004	exp: record tiny V004 tile capacity	w3/m1/tiny-minimal-kernel	3677b07b3e9e2a4cc1c38c985695148fc52280a2	4ff17baa48b656703fd6129d63e46903d8a82a53	663d3786e8c0d2164211599360358475abb492c9	503b98cb22ae88798bb6bfca83a46676933f3600	本地实验/TINY-MINIMAL-KERNEL-CHAMPION-X/V004/support/CMakeLists.txt	100644	842d23206acc309b406f683b7681dc1ccd1a61d3		EXCLUDE	BUILD_CONFIGURATION		build configuration not copied
W3-R3-TINY-MINIMAL-KERNEL-CHAMPION-X	V004	exp: record tiny V004 tile capacity	w3/m1/tiny-minimal-kernel	3677b07b3e9e2a4cc1c38c985695148fc52280a2	4ff17baa48b656703fd6129d63e46903d8a82a53	663d3786e8c0d2164211599360358475abb492c9	503b98cb22ae88798bb6bfca83a46676933f3600	本地实验/TINY-MINIMAL-KERNEL-CHAMPION-X/V004/support/compile-20261005T143216+0800.log	100644	80c55c98ba1bc17ae895f4f79b4ab0302901a529	证据集成/W3/Batch-09-R1-R3-R4-R5/R3/V004/support/compile-20261005T143216+0800.log	COPY	COMPILE_LOG		original bytes
W3-R3-TINY-MINIMAL-KERNEL-CHAMPION-X	V004	exp: record tiny V004 tile capacity	w3/m1/tiny-minimal-kernel	3677b07b3e9e2a4cc1c38c985695148fc52280a2	4ff17baa48b656703fd6129d63e46903d8a82a53	663d3786e8c0d2164211599360358475abb492c9	503b98cb22ae88798bb6bfca83a46676933f3600	本地实验/TINY-MINIMAL-KERNEL-CHAMPION-X/V004/support/compile-server3.sh	100644	58be8cec97809e43b551064983b915e88f5fe0b9		EXCLUDE	BUILD_OR_EXECUTION_SCRIPT		script not copied
W3-R3-TINY-MINIMAL-KERNEL-CHAMPION-X	V004	exp: record tiny V004 tile capacity	w3/m1/tiny-minimal-kernel	3677b07b3e9e2a4cc1c38c985695148fc52280a2	4ff17baa48b656703fd6129d63e46903d8a82a53	663d3786e8c0d2164211599360358475abb492c9	503b98cb22ae88798bb6bfca83a46676933f3600	本地实验/TINY-MINIMAL-KERNEL-CHAMPION-X/V004/support/paired_runner.cpp	100644	56e1ced1029bab7e9b2a677643cd0ed72726a307		EXCLUDE	SUPPORT_SOURCE		source retained only by source commit/blob reference
W3-R3-TINY-MINIMAL-KERNEL-CHAMPION-X	V004	exp: record tiny V004 tile capacity	w3/m1/tiny-minimal-kernel	3677b07b3e9e2a4cc1c38c985695148fc52280a2	4ff17baa48b656703fd6129d63e46903d8a82a53	663d3786e8c0d2164211599360358475abb492c9	503b98cb22ae88798bb6bfca83a46676933f3600	本地实验/TINY-MINIMAL-KERNEL-CHAMPION-X/V004/support/paired_runner_abi.h	100644	94d01634ae658ac162c63071fd45d34821021c7d		EXCLUDE	SUPPORT_SOURCE		source retained only by source commit/blob reference
W3-R3-TINY-MINIMAL-KERNEL-CHAMPION-X	V004	exp: record tiny V004 tile capacity	w3/m1/tiny-minimal-kernel	3677b07b3e9e2a4cc1c38c985695148fc52280a2	4ff17baa48b656703fd6129d63e46903d8a82a53	663d3786e8c0d2164211599360358475abb492c9	503b98cb22ae88798bb6bfca83a46676933f3600	本地实验/TINY-MINIMAL-KERNEL-CHAMPION-X/V004/support/run-server3.sh	100644	0490b66266c32ed86a335530b978ca54d74fff5b		EXCLUDE	BUILD_OR_EXECUTION_SCRIPT		script not copied
W3-R3-TINY-MINIMAL-KERNEL-CHAMPION-X	V004	exp: record tiny V004 tile capacity	w3/m1/tiny-minimal-kernel	3677b07b3e9e2a4cc1c38c985695148fc52280a2	4ff17baa48b656703fd6129d63e46903d8a82a53	663d3786e8c0d2164211599360358475abb492c9	503b98cb22ae88798bb6bfca83a46676933f3600	本地实验/TINY-MINIMAL-KERNEL-CHAMPION-X/V004/support/tiny_runner_v004.asc	100644	7b2b08a9056d901eacb02339e7a8f586d7c748bf		EXCLUDE	SUPPORT_SOURCE		source retained only by source commit/blob reference
W3-R3-TINY-MINIMAL-KERNEL-CHAMPION-X	V005	exp: record tiny V005 event reuse evidence	w3/m1/tiny-minimal-kernel	645d7c820b577c299787169c5a6196508cc477e0	3677b07b3e9e2a4cc1c38c985695148fc52280a2	17127dc10c077945581d9ff6a8f1a6d0ef5c3470	503b98cb22ae88798bb6bfca83a46676933f3600	本地实验/TINY-MINIMAL-KERNEL-CHAMPION-X/V005/candidate.asc	100644	9a966e6f7658a3dbf6429a59266c40bcd3be8edd		EXCLUDE	CANDIDATE_OR_KERNEL_SOURCE		source retained only by source commit/blob reference
W3-R3-TINY-MINIMAL-KERNEL-CHAMPION-X	V005	exp: record tiny V005 event reuse evidence	w3/m1/tiny-minimal-kernel	645d7c820b577c299787169c5a6196508cc477e0	3677b07b3e9e2a4cc1c38c985695148fc52280a2	17127dc10c077945581d9ff6a8f1a6d0ef5c3470	503b98cb22ae88798bb6bfca83a46676933f3600	本地实验/TINY-MINIMAL-KERNEL-CHAMPION-X/V005/parent.asc	100644	6adb6f586a3c2c4461401efe64d0a64e25cb60c3		EXCLUDE	PARENT_KERNEL_SOURCE		source retained only by source commit/blob reference
W3-R3-TINY-MINIMAL-KERNEL-CHAMPION-X	V005	exp: record tiny V005 event reuse evidence	w3/m1/tiny-minimal-kernel	645d7c820b577c299787169c5a6196508cc477e0	3677b07b3e9e2a4cc1c38c985695148fc52280a2	17127dc10c077945581d9ff6a8f1a6d0ef5c3470	503b98cb22ae88798bb6bfca83a46676933f3600	本地实验/TINY-MINIMAL-KERNEL-CHAMPION-X/V005/support/CMakeLists.txt	100644	d7b54ce1832f2aa472e182c43d1c8c898820de6a		EXCLUDE	BUILD_CONFIGURATION		build configuration not copied
W3-R3-TINY-MINIMAL-KERNEL-CHAMPION-X	V005	exp: record tiny V005 event reuse evidence	w3/m1/tiny-minimal-kernel	645d7c820b577c299787169c5a6196508cc477e0	3677b07b3e9e2a4cc1c38c985695148fc52280a2	17127dc10c077945581d9ff6a8f1a6d0ef5c3470	503b98cb22ae88798bb6bfca83a46676933f3600	本地实验/TINY-MINIMAL-KERNEL-CHAMPION-X/V005/support/compile-20261005T150151+0800.log	100644	bff6e1934c3d5cb02f979e5329ccb0f96a68238b	证据集成/W3/Batch-09-R1-R3-R4-R5/R3/V005/support/compile-20261005T150151+0800.log	COPY	COMPILE_LOG		original bytes
W3-R3-TINY-MINIMAL-KERNEL-CHAMPION-X	V005	exp: record tiny V005 event reuse evidence	w3/m1/tiny-minimal-kernel	645d7c820b577c299787169c5a6196508cc477e0	3677b07b3e9e2a4cc1c38c985695148fc52280a2	17127dc10c077945581d9ff6a8f1a6d0ef5c3470	503b98cb22ae88798bb6bfca83a46676933f3600	本地实验/TINY-MINIMAL-KERNEL-CHAMPION-X/V005/support/compile-server3.sh	100644	c9648debc34379f3de2f8cd587181ccc53bc941f		EXCLUDE	BUILD_OR_EXECUTION_SCRIPT		script not copied
W3-R3-TINY-MINIMAL-KERNEL-CHAMPION-X	V005	exp: record tiny V005 event reuse evidence	w3/m1/tiny-minimal-kernel	645d7c820b577c299787169c5a6196508cc477e0	3677b07b3e9e2a4cc1c38c985695148fc52280a2	17127dc10c077945581d9ff6a8f1a6d0ef5c3470	503b98cb22ae88798bb6bfca83a46676933f3600	本地实验/TINY-MINIMAL-KERNEL-CHAMPION-X/V005/support/paired_runner.cpp	100644	ef866dbedce8d4955eac90d5ec92cce674bd1f10		EXCLUDE	SUPPORT_SOURCE		source retained only by source commit/blob reference
W3-R3-TINY-MINIMAL-KERNEL-CHAMPION-X	V005	exp: record tiny V005 event reuse evidence	w3/m1/tiny-minimal-kernel	645d7c820b577c299787169c5a6196508cc477e0	3677b07b3e9e2a4cc1c38c985695148fc52280a2	17127dc10c077945581d9ff6a8f1a6d0ef5c3470	503b98cb22ae88798bb6bfca83a46676933f3600	本地实验/TINY-MINIMAL-KERNEL-CHAMPION-X/V005/support/paired_runner_abi.h	100644	33bf523d006eec35cd4e350f227152a92461813f		EXCLUDE	SUPPORT_SOURCE		source retained only by source commit/blob reference
W3-R3-TINY-MINIMAL-KERNEL-CHAMPION-X	V005	exp: record tiny V005 event reuse evidence	w3/m1/tiny-minimal-kernel	645d7c820b577c299787169c5a6196508cc477e0	3677b07b3e9e2a4cc1c38c985695148fc52280a2	17127dc10c077945581d9ff6a8f1a6d0ef5c3470	503b98cb22ae88798bb6bfca83a46676933f3600	本地实验/TINY-MINIMAL-KERNEL-CHAMPION-X/V005/support/run-server3.sh	100644	d0e43c485abe0ff024d7ca55361395bfb443bc57		EXCLUDE	BUILD_OR_EXECUTION_SCRIPT		script not copied
W3-R3-TINY-MINIMAL-KERNEL-CHAMPION-X	V005	exp: record tiny V005 event reuse evidence	w3/m1/tiny-minimal-kernel	645d7c820b577c299787169c5a6196508cc477e0	3677b07b3e9e2a4cc1c38c985695148fc52280a2	17127dc10c077945581d9ff6a8f1a6d0ef5c3470	503b98cb22ae88798bb6bfca83a46676933f3600	本地实验/TINY-MINIMAL-KERNEL-CHAMPION-X/V005/support/tiny_runner_v005.asc	100644	7b2b08a9056d901eacb02339e7a8f586d7c748bf		EXCLUDE	SUPPORT_SOURCE		source retained only by source commit/blob reference
W3-R3-TINY-MINIMAL-KERNEL-CHAMPION-X	V006	exp: record tiny V006 loop invariant evidence	w3/m1/tiny-minimal-kernel	94a230acd1e6c09be8f45fca15d40692042319aa	645d7c820b577c299787169c5a6196508cc477e0	ebb22df63896b0dc8a2091033842a8c1616cddf8	503b98cb22ae88798bb6bfca83a46676933f3600	本地实验/TINY-MINIMAL-KERNEL-CHAMPION-X/V006/candidate.asc	100644	f9af9597ece57e3ec74bd4b5f73e474f79db1832		EXCLUDE	CANDIDATE_OR_KERNEL_SOURCE		source retained only by source commit/blob reference
W3-R3-TINY-MINIMAL-KERNEL-CHAMPION-X	V006	exp: record tiny V006 loop invariant evidence	w3/m1/tiny-minimal-kernel	94a230acd1e6c09be8f45fca15d40692042319aa	645d7c820b577c299787169c5a6196508cc477e0	ebb22df63896b0dc8a2091033842a8c1616cddf8	503b98cb22ae88798bb6bfca83a46676933f3600	本地实验/TINY-MINIMAL-KERNEL-CHAMPION-X/V006/parent.asc	100644	6adb6f586a3c2c4461401efe64d0a64e25cb60c3		EXCLUDE	PARENT_KERNEL_SOURCE		source retained only by source commit/blob reference
W3-R3-TINY-MINIMAL-KERNEL-CHAMPION-X	V006	exp: record tiny V006 loop invariant evidence	w3/m1/tiny-minimal-kernel	94a230acd1e6c09be8f45fca15d40692042319aa	645d7c820b577c299787169c5a6196508cc477e0	ebb22df63896b0dc8a2091033842a8c1616cddf8	503b98cb22ae88798bb6bfca83a46676933f3600	本地实验/TINY-MINIMAL-KERNEL-CHAMPION-X/V006/support/CMakeLists.txt	100644	8dcfd337a0e5ba7322693c39e4b89e255d6a79aa		EXCLUDE	BUILD_CONFIGURATION		build configuration not copied
W3-R3-TINY-MINIMAL-KERNEL-CHAMPION-X	V006	exp: record tiny V006 loop invariant evidence	w3/m1/tiny-minimal-kernel	94a230acd1e6c09be8f45fca15d40692042319aa	645d7c820b577c299787169c5a6196508cc477e0	ebb22df63896b0dc8a2091033842a8c1616cddf8	503b98cb22ae88798bb6bfca83a46676933f3600	本地实验/TINY-MINIMAL-KERNEL-CHAMPION-X/V006/support/compile-20261005T154454+0800.log	100644	37506c823ab0cadd264f6e0f14533d8628399b2b	证据集成/W3/Batch-09-R1-R3-R4-R5/R3/V006/support/compile-20261005T154454+0800.log	COPY	COMPILE_LOG		original bytes
W3-R3-TINY-MINIMAL-KERNEL-CHAMPION-X	V006	exp: record tiny V006 loop invariant evidence	w3/m1/tiny-minimal-kernel	94a230acd1e6c09be8f45fca15d40692042319aa	645d7c820b577c299787169c5a6196508cc477e0	ebb22df63896b0dc8a2091033842a8c1616cddf8	503b98cb22ae88798bb6bfca83a46676933f3600	本地实验/TINY-MINIMAL-KERNEL-CHAMPION-X/V006/support/compile-server3.sh	100644	07f6a63c083a6d0a465c969aec2eaa702db1c107		EXCLUDE	BUILD_OR_EXECUTION_SCRIPT		script not copied
W3-R3-TINY-MINIMAL-KERNEL-CHAMPION-X	V006	exp: record tiny V006 loop invariant evidence	w3/m1/tiny-minimal-kernel	94a230acd1e6c09be8f45fca15d40692042319aa	645d7c820b577c299787169c5a6196508cc477e0	ebb22df63896b0dc8a2091033842a8c1616cddf8	503b98cb22ae88798bb6bfca83a46676933f3600	本地实验/TINY-MINIMAL-KERNEL-CHAMPION-X/V006/support/paired_runner.cpp	100644	d22f659502a890329082ecb3a859dd1fddc2161f		EXCLUDE	SUPPORT_SOURCE		source retained only by source commit/blob reference
W3-R3-TINY-MINIMAL-KERNEL-CHAMPION-X	V006	exp: record tiny V006 loop invariant evidence	w3/m1/tiny-minimal-kernel	94a230acd1e6c09be8f45fca15d40692042319aa	645d7c820b577c299787169c5a6196508cc477e0	ebb22df63896b0dc8a2091033842a8c1616cddf8	503b98cb22ae88798bb6bfca83a46676933f3600	本地实验/TINY-MINIMAL-KERNEL-CHAMPION-X/V006/support/paired_runner_abi.h	100644	a6d46884f5f1761faa541a9b61e91940232cf4c8		EXCLUDE	SUPPORT_SOURCE		source retained only by source commit/blob reference
W3-R3-TINY-MINIMAL-KERNEL-CHAMPION-X	V006	exp: record tiny V006 loop invariant evidence	w3/m1/tiny-minimal-kernel	94a230acd1e6c09be8f45fca15d40692042319aa	645d7c820b577c299787169c5a6196508cc477e0	ebb22df63896b0dc8a2091033842a8c1616cddf8	503b98cb22ae88798bb6bfca83a46676933f3600	本地实验/TINY-MINIMAL-KERNEL-CHAMPION-X/V006/support/run-server3.sh	100644	227a075d7d40398b22247ec54f5b823ce87af695		EXCLUDE	BUILD_OR_EXECUTION_SCRIPT		script not copied
W3-R3-TINY-MINIMAL-KERNEL-CHAMPION-X	V006	exp: record tiny V006 loop invariant evidence	w3/m1/tiny-minimal-kernel	94a230acd1e6c09be8f45fca15d40692042319aa	645d7c820b577c299787169c5a6196508cc477e0	ebb22df63896b0dc8a2091033842a8c1616cddf8	503b98cb22ae88798bb6bfca83a46676933f3600	本地实验/TINY-MINIMAL-KERNEL-CHAMPION-X/V006/support/tiny_runner_v006.asc	100644	7b2b08a9056d901eacb02339e7a8f586d7c748bf		EXCLUDE	SUPPORT_SOURCE		source retained only by source commit/blob reference
W3-R3-TINY-MINIMAL-KERNEL-CHAMPION-X	V007	exp: record tiny V007 row offset evidence	w3/m1/tiny-minimal-kernel	db3ad69744d2cf05ded10cbdb770b5dff4fc586a	94a230acd1e6c09be8f45fca15d40692042319aa	ca84f6c6ffd6040cdd559ade84ad93daacd1cb9e	503b98cb22ae88798bb6bfca83a46676933f3600	本地实验/TINY-MINIMAL-KERNEL-CHAMPION-X/V007/candidate.asc	100644	b0f6ff39dfac4c53cd8e73f723aa43cb119abb95		EXCLUDE	CANDIDATE_OR_KERNEL_SOURCE		source retained only by source commit/blob reference
W3-R3-TINY-MINIMAL-KERNEL-CHAMPION-X	V007	exp: record tiny V007 row offset evidence	w3/m1/tiny-minimal-kernel	db3ad69744d2cf05ded10cbdb770b5dff4fc586a	94a230acd1e6c09be8f45fca15d40692042319aa	ca84f6c6ffd6040cdd559ade84ad93daacd1cb9e	503b98cb22ae88798bb6bfca83a46676933f3600	本地实验/TINY-MINIMAL-KERNEL-CHAMPION-X/V007/parent.asc	100644	6adb6f586a3c2c4461401efe64d0a64e25cb60c3		EXCLUDE	PARENT_KERNEL_SOURCE		source retained only by source commit/blob reference
W3-R3-TINY-MINIMAL-KERNEL-CHAMPION-X	V007	exp: record tiny V007 row offset evidence	w3/m1/tiny-minimal-kernel	db3ad69744d2cf05ded10cbdb770b5dff4fc586a	94a230acd1e6c09be8f45fca15d40692042319aa	ca84f6c6ffd6040cdd559ade84ad93daacd1cb9e	503b98cb22ae88798bb6bfca83a46676933f3600	本地实验/TINY-MINIMAL-KERNEL-CHAMPION-X/V007/support/CMakeLists.txt	100644	161f4a7e9b9d72a11955b0028d4e3da58543e441		EXCLUDE	BUILD_CONFIGURATION		build configuration not copied
W3-R3-TINY-MINIMAL-KERNEL-CHAMPION-X	V007	exp: record tiny V007 row offset evidence	w3/m1/tiny-minimal-kernel	db3ad69744d2cf05ded10cbdb770b5dff4fc586a	94a230acd1e6c09be8f45fca15d40692042319aa	ca84f6c6ffd6040cdd559ade84ad93daacd1cb9e	503b98cb22ae88798bb6bfca83a46676933f3600	本地实验/TINY-MINIMAL-KERNEL-CHAMPION-X/V007/support/compile-20261005T155904+0800.log	100644	1900ad0a9792e2a947ae814cebfbe46ce45245a5	证据集成/W3/Batch-09-R1-R3-R4-R5/R3/V007/support/compile-20261005T155904+0800.log	COPY	COMPILE_LOG		original bytes
W3-R3-TINY-MINIMAL-KERNEL-CHAMPION-X	V007	exp: record tiny V007 row offset evidence	w3/m1/tiny-minimal-kernel	db3ad69744d2cf05ded10cbdb770b5dff4fc586a	94a230acd1e6c09be8f45fca15d40692042319aa	ca84f6c6ffd6040cdd559ade84ad93daacd1cb9e	503b98cb22ae88798bb6bfca83a46676933f3600	本地实验/TINY-MINIMAL-KERNEL-CHAMPION-X/V007/support/compile-server3.sh	100644	927964710b6a1c2a0e1a57398bd1172a4b4906b6		EXCLUDE	BUILD_OR_EXECUTION_SCRIPT		script not copied
W3-R3-TINY-MINIMAL-KERNEL-CHAMPION-X	V007	exp: record tiny V007 row offset evidence	w3/m1/tiny-minimal-kernel	db3ad69744d2cf05ded10cbdb770b5dff4fc586a	94a230acd1e6c09be8f45fca15d40692042319aa	ca84f6c6ffd6040cdd559ade84ad93daacd1cb9e	503b98cb22ae88798bb6bfca83a46676933f3600	本地实验/TINY-MINIMAL-KERNEL-CHAMPION-X/V007/support/paired_runner.cpp	100644	72b99954d0526ea166997c823a599b0da9419d8c		EXCLUDE	SUPPORT_SOURCE		source retained only by source commit/blob reference
W3-R3-TINY-MINIMAL-KERNEL-CHAMPION-X	V007	exp: record tiny V007 row offset evidence	w3/m1/tiny-minimal-kernel	db3ad69744d2cf05ded10cbdb770b5dff4fc586a	94a230acd1e6c09be8f45fca15d40692042319aa	ca84f6c6ffd6040cdd559ade84ad93daacd1cb9e	503b98cb22ae88798bb6bfca83a46676933f3600	本地实验/TINY-MINIMAL-KERNEL-CHAMPION-X/V007/support/paired_runner_abi.h	100644	7687195b6d948ef09c5db5cd36b1cc68bfb4134d		EXCLUDE	SUPPORT_SOURCE		source retained only by source commit/blob reference
W3-R3-TINY-MINIMAL-KERNEL-CHAMPION-X	V007	exp: record tiny V007 row offset evidence	w3/m1/tiny-minimal-kernel	db3ad69744d2cf05ded10cbdb770b5dff4fc586a	94a230acd1e6c09be8f45fca15d40692042319aa	ca84f6c6ffd6040cdd559ade84ad93daacd1cb9e	503b98cb22ae88798bb6bfca83a46676933f3600	本地实验/TINY-MINIMAL-KERNEL-CHAMPION-X/V007/support/run-server3.sh	100644	6590ebc35340e001cd9d95c46b71672261f8d52c		EXCLUDE	BUILD_OR_EXECUTION_SCRIPT		script not copied
W3-R3-TINY-MINIMAL-KERNEL-CHAMPION-X	V007	exp: record tiny V007 row offset evidence	w3/m1/tiny-minimal-kernel	db3ad69744d2cf05ded10cbdb770b5dff4fc586a	94a230acd1e6c09be8f45fca15d40692042319aa	ca84f6c6ffd6040cdd559ade84ad93daacd1cb9e	503b98cb22ae88798bb6bfca83a46676933f3600	本地实验/TINY-MINIMAL-KERNEL-CHAMPION-X/V007/support/tiny_runner_v007.asc	100644	7b2b08a9056d901eacb02339e7a8f586d7c748bf		EXCLUDE	SUPPORT_SOURCE		source retained only by source commit/blob reference
W3-R3-TINY-MINIMAL-KERNEL-CHAMPION-X	V008	exp: record tiny V008 end row evidence	w3/m1/tiny-minimal-kernel	39bc3b49761a99354c86d537ea6d9a38cc8ddb7f	db3ad69744d2cf05ded10cbdb770b5dff4fc586a	ac2c6ead86538def9980fc88f9a69f3d5901c1ad	503b98cb22ae88798bb6bfca83a46676933f3600	本地实验/TINY-MINIMAL-KERNEL-CHAMPION-X/V008/candidate.asc	100644	5392f62d8bd1a3c72c166dc3cfb8714ce1e8bf42		EXCLUDE	CANDIDATE_OR_KERNEL_SOURCE		source retained only by source commit/blob reference
W3-R3-TINY-MINIMAL-KERNEL-CHAMPION-X	V008	exp: record tiny V008 end row evidence	w3/m1/tiny-minimal-kernel	39bc3b49761a99354c86d537ea6d9a38cc8ddb7f	db3ad69744d2cf05ded10cbdb770b5dff4fc586a	ac2c6ead86538def9980fc88f9a69f3d5901c1ad	503b98cb22ae88798bb6bfca83a46676933f3600	本地实验/TINY-MINIMAL-KERNEL-CHAMPION-X/V008/parent.asc	100644	6adb6f586a3c2c4461401efe64d0a64e25cb60c3		EXCLUDE	PARENT_KERNEL_SOURCE		source retained only by source commit/blob reference
W3-R3-TINY-MINIMAL-KERNEL-CHAMPION-X	V008	exp: record tiny V008 end row evidence	w3/m1/tiny-minimal-kernel	39bc3b49761a99354c86d537ea6d9a38cc8ddb7f	db3ad69744d2cf05ded10cbdb770b5dff4fc586a	ac2c6ead86538def9980fc88f9a69f3d5901c1ad	503b98cb22ae88798bb6bfca83a46676933f3600	本地实验/TINY-MINIMAL-KERNEL-CHAMPION-X/V008/support/CMakeLists.txt	100644	1b0c7595124acaa5e3712ca198922d76c04f3236		EXCLUDE	BUILD_CONFIGURATION		build configuration not copied
W3-R3-TINY-MINIMAL-KERNEL-CHAMPION-X	V008	exp: record tiny V008 end row evidence	w3/m1/tiny-minimal-kernel	39bc3b49761a99354c86d537ea6d9a38cc8ddb7f	db3ad69744d2cf05ded10cbdb770b5dff4fc586a	ac2c6ead86538def9980fc88f9a69f3d5901c1ad	503b98cb22ae88798bb6bfca83a46676933f3600	本地实验/TINY-MINIMAL-KERNEL-CHAMPION-X/V008/support/compile-20261005T163013+0800.log	100644	a7c815db09d3738d527d4d30529ee328a9b06522	证据集成/W3/Batch-09-R1-R3-R4-R5/R3/V008/support/compile-20261005T163013+0800.log	COPY	COMPILE_LOG		original bytes
W3-R3-TINY-MINIMAL-KERNEL-CHAMPION-X	V008	exp: record tiny V008 end row evidence	w3/m1/tiny-minimal-kernel	39bc3b49761a99354c86d537ea6d9a38cc8ddb7f	db3ad69744d2cf05ded10cbdb770b5dff4fc586a	ac2c6ead86538def9980fc88f9a69f3d5901c1ad	503b98cb22ae88798bb6bfca83a46676933f3600	本地实验/TINY-MINIMAL-KERNEL-CHAMPION-X/V008/support/compile-server3.sh	100644	e9305ec1ec223643499270a06e8813f1c35d3c3e		EXCLUDE	BUILD_OR_EXECUTION_SCRIPT		script not copied
W3-R3-TINY-MINIMAL-KERNEL-CHAMPION-X	V008	exp: record tiny V008 end row evidence	w3/m1/tiny-minimal-kernel	39bc3b49761a99354c86d537ea6d9a38cc8ddb7f	db3ad69744d2cf05ded10cbdb770b5dff4fc586a	ac2c6ead86538def9980fc88f9a69f3d5901c1ad	503b98cb22ae88798bb6bfca83a46676933f3600	本地实验/TINY-MINIMAL-KERNEL-CHAMPION-X/V008/support/paired_runner.cpp	100644	3960cad64fb9595e415d8cbc2f59e8721563c88c		EXCLUDE	SUPPORT_SOURCE		source retained only by source commit/blob reference
W3-R3-TINY-MINIMAL-KERNEL-CHAMPION-X	V008	exp: record tiny V008 end row evidence	w3/m1/tiny-minimal-kernel	39bc3b49761a99354c86d537ea6d9a38cc8ddb7f	db3ad69744d2cf05ded10cbdb770b5dff4fc586a	ac2c6ead86538def9980fc88f9a69f3d5901c1ad	503b98cb22ae88798bb6bfca83a46676933f3600	本地实验/TINY-MINIMAL-KERNEL-CHAMPION-X/V008/support/paired_runner_abi.h	100644	108a6279f60b7c7203675d649b764a2ff4e9d5d3		EXCLUDE	SUPPORT_SOURCE		source retained only by source commit/blob reference
W3-R3-TINY-MINIMAL-KERNEL-CHAMPION-X	V008	exp: record tiny V008 end row evidence	w3/m1/tiny-minimal-kernel	39bc3b49761a99354c86d537ea6d9a38cc8ddb7f	db3ad69744d2cf05ded10cbdb770b5dff4fc586a	ac2c6ead86538def9980fc88f9a69f3d5901c1ad	503b98cb22ae88798bb6bfca83a46676933f3600	本地实验/TINY-MINIMAL-KERNEL-CHAMPION-X/V008/support/run-server3.sh	100644	73a3e165260850f343ccb6845dc615898357c7c8		EXCLUDE	BUILD_OR_EXECUTION_SCRIPT		script not copied
W3-R3-TINY-MINIMAL-KERNEL-CHAMPION-X	V008	exp: record tiny V008 end row evidence	w3/m1/tiny-minimal-kernel	39bc3b49761a99354c86d537ea6d9a38cc8ddb7f	db3ad69744d2cf05ded10cbdb770b5dff4fc586a	ac2c6ead86538def9980fc88f9a69f3d5901c1ad	503b98cb22ae88798bb6bfca83a46676933f3600	本地实验/TINY-MINIMAL-KERNEL-CHAMPION-X/V008/support/tiny_runner_v008.asc	100644	7b2b08a9056d901eacb02339e7a8f586d7c748bf		EXCLUDE	SUPPORT_SOURCE		source retained only by source commit/blob reference
W3-R3-TINY-MINIMAL-KERNEL-CHAMPION-X	V009	exp: record tiny V009 next row evidence	w3/m1/tiny-minimal-kernel	a7f5ba313c1dcc30b4dfa396f497b4be14764d9f	39bc3b49761a99354c86d537ea6d9a38cc8ddb7f	dad49adf31034ff13f4718c882378927b9467bc6	503b98cb22ae88798bb6bfca83a46676933f3600	本地实验/TINY-MINIMAL-KERNEL-CHAMPION-X/V009/candidate.asc	100644	380a3f4a7ac138453ff62296e70f959c8e4335ab		EXCLUDE	CANDIDATE_OR_KERNEL_SOURCE		source retained only by source commit/blob reference
W3-R3-TINY-MINIMAL-KERNEL-CHAMPION-X	V009	exp: record tiny V009 next row evidence	w3/m1/tiny-minimal-kernel	a7f5ba313c1dcc30b4dfa396f497b4be14764d9f	39bc3b49761a99354c86d537ea6d9a38cc8ddb7f	dad49adf31034ff13f4718c882378927b9467bc6	503b98cb22ae88798bb6bfca83a46676933f3600	本地实验/TINY-MINIMAL-KERNEL-CHAMPION-X/V009/parent.asc	100644	6adb6f586a3c2c4461401efe64d0a64e25cb60c3		EXCLUDE	PARENT_KERNEL_SOURCE		source retained only by source commit/blob reference
W3-R3-TINY-MINIMAL-KERNEL-CHAMPION-X	V009	exp: record tiny V009 next row evidence	w3/m1/tiny-minimal-kernel	a7f5ba313c1dcc30b4dfa396f497b4be14764d9f	39bc3b49761a99354c86d537ea6d9a38cc8ddb7f	dad49adf31034ff13f4718c882378927b9467bc6	503b98cb22ae88798bb6bfca83a46676933f3600	本地实验/TINY-MINIMAL-KERNEL-CHAMPION-X/V009/support/CMakeLists.txt	100644	05a74c037debbd9f7ac03dcd664dd0c089215188		EXCLUDE	BUILD_CONFIGURATION		build configuration not copied
W3-R3-TINY-MINIMAL-KERNEL-CHAMPION-X	V009	exp: record tiny V009 next row evidence	w3/m1/tiny-minimal-kernel	a7f5ba313c1dcc30b4dfa396f497b4be14764d9f	39bc3b49761a99354c86d537ea6d9a38cc8ddb7f	dad49adf31034ff13f4718c882378927b9467bc6	503b98cb22ae88798bb6bfca83a46676933f3600	本地实验/TINY-MINIMAL-KERNEL-CHAMPION-X/V009/support/compile-20261005T170309+0800.log	100644	80c9bb7be0d4573889b58a98c9a9a560cd4193de	证据集成/W3/Batch-09-R1-R3-R4-R5/R3/V009/support/compile-20261005T170309+0800.log	COPY	COMPILE_LOG		original bytes
W3-R3-TINY-MINIMAL-KERNEL-CHAMPION-X	V009	exp: record tiny V009 next row evidence	w3/m1/tiny-minimal-kernel	a7f5ba313c1dcc30b4dfa396f497b4be14764d9f	39bc3b49761a99354c86d537ea6d9a38cc8ddb7f	dad49adf31034ff13f4718c882378927b9467bc6	503b98cb22ae88798bb6bfca83a46676933f3600	本地实验/TINY-MINIMAL-KERNEL-CHAMPION-X/V009/support/compile-server3.sh	100644	06c0a4e206a1f80cd37204720d36b0f79b1f62bc		EXCLUDE	BUILD_OR_EXECUTION_SCRIPT		script not copied
W3-R3-TINY-MINIMAL-KERNEL-CHAMPION-X	V009	exp: record tiny V009 next row evidence	w3/m1/tiny-minimal-kernel	a7f5ba313c1dcc30b4dfa396f497b4be14764d9f	39bc3b49761a99354c86d537ea6d9a38cc8ddb7f	dad49adf31034ff13f4718c882378927b9467bc6	503b98cb22ae88798bb6bfca83a46676933f3600	本地实验/TINY-MINIMAL-KERNEL-CHAMPION-X/V009/support/paired_runner.cpp	100644	d5a00635754479b7b2a9adb47d9fad45e3631353		EXCLUDE	SUPPORT_SOURCE		source retained only by source commit/blob reference
W3-R3-TINY-MINIMAL-KERNEL-CHAMPION-X	V009	exp: record tiny V009 next row evidence	w3/m1/tiny-minimal-kernel	a7f5ba313c1dcc30b4dfa396f497b4be14764d9f	39bc3b49761a99354c86d537ea6d9a38cc8ddb7f	dad49adf31034ff13f4718c882378927b9467bc6	503b98cb22ae88798bb6bfca83a46676933f3600	本地实验/TINY-MINIMAL-KERNEL-CHAMPION-X/V009/support/paired_runner_abi.h	100644	dbd92299dfdf90cfca29e5ca8fcba6f62a5163d8		EXCLUDE	SUPPORT_SOURCE		source retained only by source commit/blob reference
W3-R3-TINY-MINIMAL-KERNEL-CHAMPION-X	V009	exp: record tiny V009 next row evidence	w3/m1/tiny-minimal-kernel	a7f5ba313c1dcc30b4dfa396f497b4be14764d9f	39bc3b49761a99354c86d537ea6d9a38cc8ddb7f	dad49adf31034ff13f4718c882378927b9467bc6	503b98cb22ae88798bb6bfca83a46676933f3600	本地实验/TINY-MINIMAL-KERNEL-CHAMPION-X/V009/support/run-server3.sh	100644	6baa8f0898fb28e90bb7504ea71298c0ad4f02c4		EXCLUDE	BUILD_OR_EXECUTION_SCRIPT		script not copied
W3-R3-TINY-MINIMAL-KERNEL-CHAMPION-X	V009	exp: record tiny V009 next row evidence	w3/m1/tiny-minimal-kernel	a7f5ba313c1dcc30b4dfa396f497b4be14764d9f	39bc3b49761a99354c86d537ea6d9a38cc8ddb7f	dad49adf31034ff13f4718c882378927b9467bc6	503b98cb22ae88798bb6bfca83a46676933f3600	本地实验/TINY-MINIMAL-KERNEL-CHAMPION-X/V009/support/tiny_runner_v009.asc	100644	7b2b08a9056d901eacb02339e7a8f586d7c748bf		EXCLUDE	SUPPORT_SOURCE		source retained only by source commit/blob reference
W3-R3-TINY-MINIMAL-KERNEL-CHAMPION-X	V010	exp: record tiny V010 tile-end control evidence	w3/m1/tiny-minimal-kernel	584c590cef81349969c4dcf014a5c04d05032e9d	a7f5ba313c1dcc30b4dfa396f497b4be14764d9f	9f21231a74abc19884e862f799d0ca04ecfee1ea	503b98cb22ae88798bb6bfca83a46676933f3600	本地实验/TINY-MINIMAL-KERNEL-CHAMPION-X/V010/candidate.asc	100644	e156f7b7a444529ecc72520cb671e9f55afbc793		EXCLUDE	CANDIDATE_OR_KERNEL_SOURCE		source retained only by source commit/blob reference
W3-R3-TINY-MINIMAL-KERNEL-CHAMPION-X	V010	exp: record tiny V010 tile-end control evidence	w3/m1/tiny-minimal-kernel	584c590cef81349969c4dcf014a5c04d05032e9d	a7f5ba313c1dcc30b4dfa396f497b4be14764d9f	9f21231a74abc19884e862f799d0ca04ecfee1ea	503b98cb22ae88798bb6bfca83a46676933f3600	本地实验/TINY-MINIMAL-KERNEL-CHAMPION-X/V010/parent.asc	100644	6adb6f586a3c2c4461401efe64d0a64e25cb60c3		EXCLUDE	PARENT_KERNEL_SOURCE		source retained only by source commit/blob reference
W3-R3-TINY-MINIMAL-KERNEL-CHAMPION-X	V010	exp: record tiny V010 tile-end control evidence	w3/m1/tiny-minimal-kernel	584c590cef81349969c4dcf014a5c04d05032e9d	a7f5ba313c1dcc30b4dfa396f497b4be14764d9f	9f21231a74abc19884e862f799d0ca04ecfee1ea	503b98cb22ae88798bb6bfca83a46676933f3600	本地实验/TINY-MINIMAL-KERNEL-CHAMPION-X/V010/support/CMakeLists.txt	100644	e941e4b4a0a32fe6da24a756cd292ff144862067		EXCLUDE	BUILD_CONFIGURATION		build configuration not copied
W3-R3-TINY-MINIMAL-KERNEL-CHAMPION-X	V010	exp: record tiny V010 tile-end control evidence	w3/m1/tiny-minimal-kernel	584c590cef81349969c4dcf014a5c04d05032e9d	a7f5ba313c1dcc30b4dfa396f497b4be14764d9f	9f21231a74abc19884e862f799d0ca04ecfee1ea	503b98cb22ae88798bb6bfca83a46676933f3600	本地实验/TINY-MINIMAL-KERNEL-CHAMPION-X/V010/support/compile-20261005T173705+0800.log	100644	2d5770b596c5ee5b81365355874982b751441bba	证据集成/W3/Batch-09-R1-R3-R4-R5/R3/V010/support/compile-20261005T173705+0800.log	COPY	COMPILE_LOG		original bytes
W3-R3-TINY-MINIMAL-KERNEL-CHAMPION-X	V010	exp: record tiny V010 tile-end control evidence	w3/m1/tiny-minimal-kernel	584c590cef81349969c4dcf014a5c04d05032e9d	a7f5ba313c1dcc30b4dfa396f497b4be14764d9f	9f21231a74abc19884e862f799d0ca04ecfee1ea	503b98cb22ae88798bb6bfca83a46676933f3600	本地实验/TINY-MINIMAL-KERNEL-CHAMPION-X/V010/support/compile-server3.sh	100755	f4928a6a0c7e99b735b2e51b381d604028de3bc1		EXCLUDE	BUILD_OR_EXECUTION_SCRIPT		script not copied
W3-R3-TINY-MINIMAL-KERNEL-CHAMPION-X	V010	exp: record tiny V010 tile-end control evidence	w3/m1/tiny-minimal-kernel	584c590cef81349969c4dcf014a5c04d05032e9d	a7f5ba313c1dcc30b4dfa396f497b4be14764d9f	9f21231a74abc19884e862f799d0ca04ecfee1ea	503b98cb22ae88798bb6bfca83a46676933f3600	本地实验/TINY-MINIMAL-KERNEL-CHAMPION-X/V010/support/paired_runner.cpp	100644	3b48148a52cd5d07f1054088c5d09bc843bebcbe		EXCLUDE	SUPPORT_SOURCE		source retained only by source commit/blob reference
W3-R3-TINY-MINIMAL-KERNEL-CHAMPION-X	V010	exp: record tiny V010 tile-end control evidence	w3/m1/tiny-minimal-kernel	584c590cef81349969c4dcf014a5c04d05032e9d	a7f5ba313c1dcc30b4dfa396f497b4be14764d9f	9f21231a74abc19884e862f799d0ca04ecfee1ea	503b98cb22ae88798bb6bfca83a46676933f3600	本地实验/TINY-MINIMAL-KERNEL-CHAMPION-X/V010/support/paired_runner_abi.h	100644	c89265c87b11dcde695cf9df98b886a9bf4f7ec5		EXCLUDE	SUPPORT_SOURCE		source retained only by source commit/blob reference
W3-R3-TINY-MINIMAL-KERNEL-CHAMPION-X	V010	exp: record tiny V010 tile-end control evidence	w3/m1/tiny-minimal-kernel	584c590cef81349969c4dcf014a5c04d05032e9d	a7f5ba313c1dcc30b4dfa396f497b4be14764d9f	9f21231a74abc19884e862f799d0ca04ecfee1ea	503b98cb22ae88798bb6bfca83a46676933f3600	本地实验/TINY-MINIMAL-KERNEL-CHAMPION-X/V010/support/run-server3.sh	100755	2b11b12bab3151eae0714f072239e01977fa5719		EXCLUDE	BUILD_OR_EXECUTION_SCRIPT		script not copied
W3-R3-TINY-MINIMAL-KERNEL-CHAMPION-X	V010	exp: record tiny V010 tile-end control evidence	w3/m1/tiny-minimal-kernel	584c590cef81349969c4dcf014a5c04d05032e9d	a7f5ba313c1dcc30b4dfa396f497b4be14764d9f	9f21231a74abc19884e862f799d0ca04ecfee1ea	503b98cb22ae88798bb6bfca83a46676933f3600	本地实验/TINY-MINIMAL-KERNEL-CHAMPION-X/V010/support/tiny_runner_v010.asc	100644	7b2b08a9056d901eacb02339e7a8f586d7c748bf		EXCLUDE	SUPPORT_SOURCE		source retained only by source commit/blob reference
W3-R4-MULTIROW-PANEL-RMS-CHAMPION-X	V001	test(r4): record V001 paired local	w3/m1/multirow-panel-rms	2167656c06590afc69d7fa5c6f77a3e27e457471	648b9e3727e4fc98fe3556d22914cf5d7a56d5d9	fd00659b431d67e55e293a9d80d52e8c13dee783	503b98cb22ae88798bb6bfca83a46676933f3600	本地实验/MULTIROW-PANEL-RMS-CHAMPION-X/V001/local/MPR4-V001-LOCAL-PAIRED-20261005T0610Z/end.utc	100644	b0e7893decd0147609ba8ff7c98a1c69bc7cd643	证据集成/W3/Batch-09-R1-R3-R4-R5/R4/V001/local/MPR4-V001-LOCAL-PAIRED-20261005T0610Z/end.utc	COPY	LOCAL_TIME_METADATA		original bytes
W3-R4-MULTIROW-PANEL-RMS-CHAMPION-X	V001	test(r4): record V001 paired local	w3/m1/multirow-panel-rms	2167656c06590afc69d7fa5c6f77a3e27e457471	648b9e3727e4fc98fe3556d22914cf5d7a56d5d9	fd00659b431d67e55e293a9d80d52e8c13dee783	503b98cb22ae88798bb6bfca83a46676933f3600	本地实验/MULTIROW-PANEL-RMS-CHAMPION-X/V001/local/MPR4-V001-LOCAL-PAIRED-20261005T0610Z/hostname.txt	100644	105e29a1fa49d948cbfb3891f60dffbfd27a1aaf	证据集成/W3/Batch-09-R1-R3-R4-R5/R4/V001/local/MPR4-V001-LOCAL-PAIRED-20261005T0610Z/hostname.txt	COPY	LOCAL_CONTEXT_OR_DIAGNOSTIC		original bytes
W3-R4-MULTIROW-PANEL-RMS-CHAMPION-X	V001	test(r4): record V001 paired local	w3/m1/multirow-panel-rms	2167656c06590afc69d7fa5c6f77a3e27e457471	648b9e3727e4fc98fe3556d22914cf5d7a56d5d9	fd00659b431d67e55e293a9d80d52e8c13dee783	503b98cb22ae88798bb6bfca83a46676933f3600	本地实验/MULTIROW-PANEL-RMS-CHAMPION-X/V001/local/MPR4-V001-LOCAL-PAIRED-20261005T0610Z/paired-fp32-128.tsv	100644	da9e49056161eb32105ec810bef0bf0169d625cb	证据集成/W3/Batch-09-R1-R3-R4-R5/R4/V001/local/MPR4-V001-LOCAL-PAIRED-20261005T0610Z/paired-fp32-128.tsv	COPY	LOCAL_RAW_STATISTICS		original bytes
W3-R4-MULTIROW-PANEL-RMS-CHAMPION-X	V001	test(r4): record V001 paired local	w3/m1/multirow-panel-rms	2167656c06590afc69d7fa5c6f77a3e27e457471	648b9e3727e4fc98fe3556d22914cf5d7a56d5d9	fd00659b431d67e55e293a9d80d52e8c13dee783	503b98cb22ae88798bb6bfca83a46676933f3600	本地实验/MULTIROW-PANEL-RMS-CHAMPION-X/V001/local/MPR4-V001-LOCAL-PAIRED-20261005T0610Z/post.npu-smi.txt	100644	1621303cd67d665d036d2c6ad39fba834b296ca4	证据集成/W3/Batch-09-R1-R3-R4-R5/R4/V001/local/MPR4-V001-LOCAL-PAIRED-20261005T0610Z/post.npu-smi.txt	COPY	LOCAL_CONTEXT_OR_DIAGNOSTIC		original bytes
W3-R4-MULTIROW-PANEL-RMS-CHAMPION-X	V001	test(r4): record V001 paired local	w3/m1/multirow-panel-rms	2167656c06590afc69d7fa5c6f77a3e27e457471	648b9e3727e4fc98fe3556d22914cf5d7a56d5d9	fd00659b431d67e55e293a9d80d52e8c13dee783	503b98cb22ae88798bb6bfca83a46676933f3600	本地实验/MULTIROW-PANEL-RMS-CHAMPION-X/V001/local/MPR4-V001-LOCAL-PAIRED-20261005T0610Z/pre.npu-smi.txt	100644	ecd4d895ce522f995a5a9cccedf20be675a30889	证据集成/W3/Batch-09-R1-R3-R4-R5/R4/V001/local/MPR4-V001-LOCAL-PAIRED-20261005T0610Z/pre.npu-smi.txt	COPY	LOCAL_CONTEXT_OR_DIAGNOSTIC		original bytes
W3-R4-MULTIROW-PANEL-RMS-CHAMPION-X	V001	test(r4): record V001 paired local	w3/m1/multirow-panel-rms	2167656c06590afc69d7fa5c6f77a3e27e457471	648b9e3727e4fc98fe3556d22914cf5d7a56d5d9	fd00659b431d67e55e293a9d80d52e8c13dee783	503b98cb22ae88798bb6bfca83a46676933f3600	本地实验/MULTIROW-PANEL-RMS-CHAMPION-X/V001/local/MPR4-V001-LOCAL-PAIRED-20261005T0610Z/runner.stdout.log	100644	e69de29bb2d1d6434b8b29ae775ad8c2e48c5391	证据集成/W3/Batch-09-R1-R3-R4-R5/R4/V001/local/MPR4-V001-LOCAL-PAIRED-20261005T0610Z/runner.stdout.log	COPY	RUN_LOG		original bytes
W3-R4-MULTIROW-PANEL-RMS-CHAMPION-X	V001	test(r4): record V001 paired local	w3/m1/multirow-panel-rms	2167656c06590afc69d7fa5c6f77a3e27e457471	648b9e3727e4fc98fe3556d22914cf5d7a56d5d9	fd00659b431d67e55e293a9d80d52e8c13dee783	503b98cb22ae88798bb6bfca83a46676933f3600	本地实验/MULTIROW-PANEL-RMS-CHAMPION-X/V001/local/MPR4-V001-LOCAL-PAIRED-20261005T0610Z/start.utc	100644	0e125456f78584790ee144edc73eaadf30880b71	证据集成/W3/Batch-09-R1-R3-R4-R5/R4/V001/local/MPR4-V001-LOCAL-PAIRED-20261005T0610Z/start.utc	COPY	LOCAL_TIME_METADATA		original bytes
W3-R4-MULTIROW-PANEL-RMS-CHAMPION-X	V001	test(r4): record V001 paired local	w3/m1/multirow-panel-rms	2167656c06590afc69d7fa5c6f77a3e27e457471	648b9e3727e4fc98fe3556d22914cf5d7a56d5d9	fd00659b431d67e55e293a9d80d52e8c13dee783	503b98cb22ae88798bb6bfca83a46676933f3600	本地实验/MULTIROW-PANEL-RMS-CHAMPION-X/V001/local/MPR4-V001-LOCAL-PAIRED-20261005T0610Z/summary.txt	100644	6d12e17d5fc38e8b3c288d365b00c95b6a9f12ee	证据集成/W3/Batch-09-R1-R3-R4-R5/R4/V001/local/MPR4-V001-LOCAL-PAIRED-20261005T0610Z/summary.txt	COPY	LOCAL_CONTEXT_OR_DIAGNOSTIC		original bytes
W3-R4-MULTIROW-PANEL-RMS-CHAMPION-X	V001	test(r4): add width-selectable proxy runner	w3/m1/multirow-panel-rms	648b9e3727e4fc98fe3556d22914cf5d7a56d5d9	020dcdb47bcae1fb3745126056583de8c66f5e7d	5e2e5c891e1087fe657b11be1233dd2174cf49c0	503b98cb22ae88798bb6bfca83a46676933f3600	本地实验/MULTIROW-PANEL-RMS-CHAMPION-X/V001/logs/MPR4-V001-CANDIDATE-PROXY-20261005T0606Z-fp32-128.tsv	100644	2dbbc7d76697b020e810ee429bdfee0b44218595	证据集成/W3/Batch-09-R1-R3-R4-R5/R4/V001/logs/MPR4-V001-CANDIDATE-PROXY-20261005T0606Z-fp32-128.tsv	COPY	LOCAL_RAW_STATISTICS		original bytes
W3-R4-MULTIROW-PANEL-RMS-CHAMPION-X	V001	perf(r4): cap FP16 panel batch at two	w3/m1/multirow-panel-rms	81ee67653a082fe79c0937b4be765e980f2b2aba	503b98cb22ae88798bb6bfca83a46676933f3600	eb453f16f8e0e100ccc3ecc39b4bf180daa1cedd	503b98cb22ae88798bb6bfca83a46676933f3600	本地实验/MULTIROW-PANEL-RMS-CHAMPION-X/V001/logs/MPR4-V001-COMPILE-20261004T182509Z.log	100644	cad37028394710cf8c51410c20ceedd05a868d67	证据集成/W3/Batch-09-R1-R3-R4-R5/R4/V001/logs/MPR4-V001-COMPILE-20261004T182509Z.log	COPY	COMPILE_LOG		original bytes
W3-R4-MULTIROW-PANEL-RMS-CHAMPION-X	V001	perf(r4): cap FP16 panel batch at two	w3/m1/multirow-panel-rms	81ee67653a082fe79c0937b4be765e980f2b2aba	503b98cb22ae88798bb6bfca83a46676933f3600	eb453f16f8e0e100ccc3ecc39b4bf180daa1cedd	503b98cb22ae88798bb6bfca83a46676933f3600	本地实验/MULTIROW-PANEL-RMS-CHAMPION-X/V001/logs/MPR4-V001-COMPILE-20261004T182931Z.log	100644	36bc3c7f832dfdc399f4600d730a619cffd1e062	证据集成/W3/Batch-09-R1-R3-R4-R5/R4/V001/logs/MPR4-V001-COMPILE-20261004T182931Z.log	COPY	COMPILE_LOG		original bytes
W3-R4-MULTIROW-PANEL-RMS-CHAMPION-X	V001	test(r4): record V001 correctness failure	w3/m1/multirow-panel-rms	020dcdb47bcae1fb3745126056583de8c66f5e7d	81ee67653a082fe79c0937b4be765e980f2b2aba	b8a8f81fc2ea8b6f6074417c4b763dbb8c0fd19c	503b98cb22ae88798bb6bfca83a46676933f3600	本地实验/MULTIROW-PANEL-RMS-CHAMPION-X/V001/logs/MPR4-V001-COMPILE-20261005T051133Z.log	100644	7e4fb7377cfce8ae97aa1d6ce2edd60914ed17b7	证据集成/W3/Batch-09-R1-R3-R4-R5/R4/V001/logs/MPR4-V001-COMPILE-20261005T051133Z.log	COPY	COMPILE_LOG		original bytes
W3-R4-MULTIROW-PANEL-RMS-CHAMPION-X	V001	test(r4): add width-selectable proxy runner	w3/m1/multirow-panel-rms	648b9e3727e4fc98fe3556d22914cf5d7a56d5d9	020dcdb47bcae1fb3745126056583de8c66f5e7d	5e2e5c891e1087fe657b11be1233dd2174cf49c0	503b98cb22ae88798bb6bfca83a46676933f3600	本地实验/MULTIROW-PANEL-RMS-CHAMPION-X/V001/logs/MPR4-V001-COMPILE-20261005T060230Z.log	100644	d5c5f141dbbcee32cc64b54f1fe82b6eddf8ecdc	证据集成/W3/Batch-09-R1-R3-R4-R5/R4/V001/logs/MPR4-V001-COMPILE-20261005T060230Z.log	COPY	COMPILE_LOG		original bytes
W3-R4-MULTIROW-PANEL-RMS-CHAMPION-X	V001	test(r4): record V001 correctness failure	w3/m1/multirow-panel-rms	020dcdb47bcae1fb3745126056583de8c66f5e7d	81ee67653a082fe79c0937b4be765e980f2b2aba	b8a8f81fc2ea8b6f6074417c4b763dbb8c0fd19c	503b98cb22ae88798bb6bfca83a46676933f3600	本地实验/MULTIROW-PANEL-RMS-CHAMPION-X/V001/logs/MPR4-V001-CORRECTNESS-20261005T0517Z-candidate-fp32-12288.tsv	100644	166973fb027da7ce689eabf53d696bca86b0bc6b	证据集成/W3/Batch-09-R1-R3-R4-R5/R4/V001/logs/MPR4-V001-CORRECTNESS-20261005T0517Z-candidate-fp32-12288.tsv	COPY	LOCAL_RAW_STATISTICS		original bytes
W3-R4-MULTIROW-PANEL-RMS-CHAMPION-X	V001	test(r4): record V001 correctness failure	w3/m1/multirow-panel-rms	020dcdb47bcae1fb3745126056583de8c66f5e7d	81ee67653a082fe79c0937b4be765e980f2b2aba	b8a8f81fc2ea8b6f6074417c4b763dbb8c0fd19c	503b98cb22ae88798bb6bfca83a46676933f3600	本地实验/MULTIROW-PANEL-RMS-CHAMPION-X/V001/logs/MPR4-V001-CORRECTNESS-PARENT-20261005T0521Z.tsv	100644	4cd43b26a85934c95925859c062119a2721ccc0a	证据集成/W3/Batch-09-R1-R3-R4-R5/R4/V001/logs/MPR4-V001-CORRECTNESS-PARENT-20261005T0521Z.tsv	COPY	LOCAL_RAW_STATISTICS		original bytes
W3-R4-MULTIROW-PANEL-RMS-CHAMPION-X	V001	test(r4): add width-selectable proxy runner	w3/m1/multirow-panel-rms	648b9e3727e4fc98fe3556d22914cf5d7a56d5d9	020dcdb47bcae1fb3745126056583de8c66f5e7d	5e2e5c891e1087fe657b11be1233dd2174cf49c0	503b98cb22ae88798bb6bfca83a46676933f3600	本地实验/MULTIROW-PANEL-RMS-CHAMPION-X/V001/logs/MPR4-V001-PARENT-PROXY-20261005T0604Z-fp32-128.stdout.log	100644	1115a79a6a10ab125c393c53a0d209d3c014e8d1	证据集成/W3/Batch-09-R1-R3-R4-R5/R4/V001/logs/MPR4-V001-PARENT-PROXY-20261005T0604Z-fp32-128.stdout.log	COPY	RUN_LOG		original bytes
W3-R4-MULTIROW-PANEL-RMS-CHAMPION-X	V001	test(r4): add width-selectable proxy runner	w3/m1/multirow-panel-rms	648b9e3727e4fc98fe3556d22914cf5d7a56d5d9	020dcdb47bcae1fb3745126056583de8c66f5e7d	5e2e5c891e1087fe657b11be1233dd2174cf49c0	503b98cb22ae88798bb6bfca83a46676933f3600	本地实验/MULTIROW-PANEL-RMS-CHAMPION-X/V001/logs/MPR4-V001-PARENT-PROXY-20261005T0604Z-fp32-128.tsv	100644	ee630933bc32e1f74b0500ebfe68cd13c4bd4c42	证据集成/W3/Batch-09-R1-R3-R4-R5/R4/V001/logs/MPR4-V001-PARENT-PROXY-20261005T0604Z-fp32-128.tsv	COPY	LOCAL_RAW_STATISTICS		original bytes
W3-R4-MULTIROW-PANEL-RMS-CHAMPION-X	V001	perf(r4): cap FP16 panel batch at two	w3/m1/multirow-panel-rms	81ee67653a082fe79c0937b4be765e980f2b2aba	503b98cb22ae88798bb6bfca83a46676933f3600	eb453f16f8e0e100ccc3ecc39b4bf180daa1cedd	503b98cb22ae88798bb6bfca83a46676933f3600	本地实验/MULTIROW-PANEL-RMS-CHAMPION-X/V001/submission.asc	100644	a6093964f2bd05c9aaef7622384e76b07b76c75d		EXCLUDE	CANDIDATE_OR_KERNEL_SOURCE		source retained only by source commit/blob reference
W3-R4-MULTIROW-PANEL-RMS-CHAMPION-X	V001	perf(r4): cap FP16 panel batch at two	w3/m1/multirow-panel-rms	81ee67653a082fe79c0937b4be765e980f2b2aba	503b98cb22ae88798bb6bfca83a46676933f3600	eb453f16f8e0e100ccc3ecc39b4bf180daa1cedd	503b98cb22ae88798bb6bfca83a46676933f3600	本地实验/MULTIROW-PANEL-RMS-CHAMPION-X/V001/support/CMakeLists.txt	100644	26d61167cac3e643a1461b5097915cd02b21f364		EXCLUDE	BUILD_CONFIGURATION		build configuration not copied
W3-R4-MULTIROW-PANEL-RMS-CHAMPION-X	V001	perf(r4): cap FP16 panel batch at two	w3/m1/multirow-panel-rms	81ee67653a082fe79c0937b4be765e980f2b2aba	503b98cb22ae88798bb6bfca83a46676933f3600	eb453f16f8e0e100ccc3ecc39b4bf180daa1cedd	503b98cb22ae88798bb6bfca83a46676933f3600	本地实验/MULTIROW-PANEL-RMS-CHAMPION-X/V001/support/build_server3.sh	100644	536e40054f900f595b5b0de73f5c49a08a71b6f3		EXCLUDE	BUILD_OR_EXECUTION_SCRIPT		script not copied
W3-R4-MULTIROW-PANEL-RMS-CHAMPION-X	V001	perf(r4): cap FP16 panel batch at two	w3/m1/multirow-panel-rms	81ee67653a082fe79c0937b4be765e980f2b2aba	503b98cb22ae88798bb6bfca83a46676933f3600	eb453f16f8e0e100ccc3ecc39b4bf180daa1cedd	503b98cb22ae88798bb6bfca83a46676933f3600	本地实验/MULTIROW-PANEL-RMS-CHAMPION-X/V001/support/candidate_kernel.asc	100644	3ef7048e01ddd88fb3d4b4a87c0ecb102c75799c		EXCLUDE	CANDIDATE_OR_KERNEL_SOURCE		source retained only by source commit/blob reference
W3-R4-MULTIROW-PANEL-RMS-CHAMPION-X	V001	perf(r4): cap FP16 panel batch at two	w3/m1/multirow-panel-rms	81ee67653a082fe79c0937b4be765e980f2b2aba	503b98cb22ae88798bb6bfca83a46676933f3600	eb453f16f8e0e100ccc3ecc39b4bf180daa1cedd	503b98cb22ae88798bb6bfca83a46676933f3600	本地实验/MULTIROW-PANEL-RMS-CHAMPION-X/V001/support/compile_server3.sh	100644	f620b91096b80eae6105b21fbe19ebead617cd83		EXCLUDE	BUILD_OR_EXECUTION_SCRIPT		script not copied
W3-R4-MULTIROW-PANEL-RMS-CHAMPION-X	V001	perf(r4): cap FP16 panel batch at two	w3/m1/multirow-panel-rms	81ee67653a082fe79c0937b4be765e980f2b2aba	503b98cb22ae88798bb6bfca83a46676933f3600	eb453f16f8e0e100ccc3ecc39b4bf180daa1cedd	503b98cb22ae88798bb6bfca83a46676933f3600	本地实验/MULTIROW-PANEL-RMS-CHAMPION-X/V001/support/local_abi_shim.h	100644	f52411b2c5f6b614ff1e61f30707250a43cc10d3		EXCLUDE	SUPPORT_SOURCE		source retained only by source commit/blob reference
W3-R4-MULTIROW-PANEL-RMS-CHAMPION-X	V001	perf(r4): cap FP16 panel batch at two	w3/m1/multirow-panel-rms	81ee67653a082fe79c0937b4be765e980f2b2aba	503b98cb22ae88798bb6bfca83a46676933f3600	eb453f16f8e0e100ccc3ecc39b4bf180daa1cedd	503b98cb22ae88798bb6bfca83a46676933f3600	本地实验/MULTIROW-PANEL-RMS-CHAMPION-X/V001/support/parent_kernel.asc	100644	9dbb3053c84dc39f4aee7826176ba96b70f413bc		EXCLUDE	CANDIDATE_OR_KERNEL_SOURCE		source retained only by source commit/blob reference
W3-R4-MULTIROW-PANEL-RMS-CHAMPION-X	V001	test(r4): add width-selectable proxy runner	w3/m1/multirow-panel-rms	648b9e3727e4fc98fe3556d22914cf5d7a56d5d9	020dcdb47bcae1fb3745126056583de8c66f5e7d	5e2e5c891e1087fe657b11be1233dd2174cf49c0	503b98cb22ae88798bb6bfca83a46676933f3600	本地实验/MULTIROW-PANEL-RMS-CHAMPION-X/V001/support/runner_main.cpp	100644	c344fbd6e08908a30453471d90b4ff465ed5b8e5		EXCLUDE	SUPPORT_SOURCE		source retained only by source commit/blob reference
W3-R4-MULTIROW-PANEL-RMS-CHAMPION-X	V002	test(r4): record V002 panel width local	w3/m1/multirow-panel-rms	cf5b70284670d357b1da61fd861aaeaa204f07cb	2167656c06590afc69d7fa5c6f77a3e27e457471	17f3a99738b1127c9455d3cea594c231c839773d	503b98cb22ae88798bb6bfca83a46676933f3600	本地实验/MULTIROW-PANEL-RMS-CHAMPION-X/V002/local/MPR4-V002-LOCAL-PAIRED-20261005T0645Z/end.utc	100644	e365eb799b02578fe8128db2591217b67a76705d	证据集成/W3/Batch-09-R1-R3-R4-R5/R4/V002/local/MPR4-V002-LOCAL-PAIRED-20261005T0645Z/end.utc	COPY	LOCAL_TIME_METADATA		original bytes
W3-R4-MULTIROW-PANEL-RMS-CHAMPION-X	V002	test(r4): record V002 panel width local	w3/m1/multirow-panel-rms	cf5b70284670d357b1da61fd861aaeaa204f07cb	2167656c06590afc69d7fa5c6f77a3e27e457471	17f3a99738b1127c9455d3cea594c231c839773d	503b98cb22ae88798bb6bfca83a46676933f3600	本地实验/MULTIROW-PANEL-RMS-CHAMPION-X/V002/local/MPR4-V002-LOCAL-PAIRED-20261005T0645Z/hostname.txt	100644	105e29a1fa49d948cbfb3891f60dffbfd27a1aaf	证据集成/W3/Batch-09-R1-R3-R4-R5/R4/V002/local/MPR4-V002-LOCAL-PAIRED-20261005T0645Z/hostname.txt	COPY	LOCAL_CONTEXT_OR_DIAGNOSTIC		original bytes
W3-R4-MULTIROW-PANEL-RMS-CHAMPION-X	V002	test(r4): record V002 panel width local	w3/m1/multirow-panel-rms	cf5b70284670d357b1da61fd861aaeaa204f07cb	2167656c06590afc69d7fa5c6f77a3e27e457471	17f3a99738b1127c9455d3cea594c231c839773d	503b98cb22ae88798bb6bfca83a46676933f3600	本地实验/MULTIROW-PANEL-RMS-CHAMPION-X/V002/local/MPR4-V002-LOCAL-PAIRED-20261005T0645Z/paired-fp32-128.tsv	100644	bd8fece5e966a52fb44b266a8532a34661cc532a	证据集成/W3/Batch-09-R1-R3-R4-R5/R4/V002/local/MPR4-V002-LOCAL-PAIRED-20261005T0645Z/paired-fp32-128.tsv	COPY	LOCAL_RAW_STATISTICS		original bytes
W3-R4-MULTIROW-PANEL-RMS-CHAMPION-X	V002	test(r4): record V002 panel width local	w3/m1/multirow-panel-rms	cf5b70284670d357b1da61fd861aaeaa204f07cb	2167656c06590afc69d7fa5c6f77a3e27e457471	17f3a99738b1127c9455d3cea594c231c839773d	503b98cb22ae88798bb6bfca83a46676933f3600	本地实验/MULTIROW-PANEL-RMS-CHAMPION-X/V002/local/MPR4-V002-LOCAL-PAIRED-20261005T0645Z/post.npu-smi.txt	100644	f37e5b346ee1760675be6d46685ffc3151b31891	证据集成/W3/Batch-09-R1-R3-R4-R5/R4/V002/local/MPR4-V002-LOCAL-PAIRED-20261005T0645Z/post.npu-smi.txt	COPY	LOCAL_CONTEXT_OR_DIAGNOSTIC		original bytes
W3-R4-MULTIROW-PANEL-RMS-CHAMPION-X	V002	test(r4): record V002 panel width local	w3/m1/multirow-panel-rms	cf5b70284670d357b1da61fd861aaeaa204f07cb	2167656c06590afc69d7fa5c6f77a3e27e457471	17f3a99738b1127c9455d3cea594c231c839773d	503b98cb22ae88798bb6bfca83a46676933f3600	本地实验/MULTIROW-PANEL-RMS-CHAMPION-X/V002/local/MPR4-V002-LOCAL-PAIRED-20261005T0645Z/pre.npu-smi.txt	100644	195c054e827184b1c58e3a21c574b26048a501e0	证据集成/W3/Batch-09-R1-R3-R4-R5/R4/V002/local/MPR4-V002-LOCAL-PAIRED-20261005T0645Z/pre.npu-smi.txt	COPY	LOCAL_CONTEXT_OR_DIAGNOSTIC		original bytes
W3-R4-MULTIROW-PANEL-RMS-CHAMPION-X	V002	test(r4): record V002 panel width local	w3/m1/multirow-panel-rms	cf5b70284670d357b1da61fd861aaeaa204f07cb	2167656c06590afc69d7fa5c6f77a3e27e457471	17f3a99738b1127c9455d3cea594c231c839773d	503b98cb22ae88798bb6bfca83a46676933f3600	本地实验/MULTIROW-PANEL-RMS-CHAMPION-X/V002/local/MPR4-V002-LOCAL-PAIRED-20261005T0645Z/runner.stdout.log	100644	e69de29bb2d1d6434b8b29ae775ad8c2e48c5391	证据集成/W3/Batch-09-R1-R3-R4-R5/R4/V002/local/MPR4-V002-LOCAL-PAIRED-20261005T0645Z/runner.stdout.log	COPY	RUN_LOG		original bytes
W3-R4-MULTIROW-PANEL-RMS-CHAMPION-X	V002	test(r4): record V002 panel width local	w3/m1/multirow-panel-rms	cf5b70284670d357b1da61fd861aaeaa204f07cb	2167656c06590afc69d7fa5c6f77a3e27e457471	17f3a99738b1127c9455d3cea594c231c839773d	503b98cb22ae88798bb6bfca83a46676933f3600	本地实验/MULTIROW-PANEL-RMS-CHAMPION-X/V002/local/MPR4-V002-LOCAL-PAIRED-20261005T0645Z/start.utc	100644	ec880df331f5fb946b8bf2055284b9fd2b001a23	证据集成/W3/Batch-09-R1-R3-R4-R5/R4/V002/local/MPR4-V002-LOCAL-PAIRED-20261005T0645Z/start.utc	COPY	LOCAL_TIME_METADATA		original bytes
W3-R4-MULTIROW-PANEL-RMS-CHAMPION-X	V002	test(r4): record V002 panel width local	w3/m1/multirow-panel-rms	cf5b70284670d357b1da61fd861aaeaa204f07cb	2167656c06590afc69d7fa5c6f77a3e27e457471	17f3a99738b1127c9455d3cea594c231c839773d	503b98cb22ae88798bb6bfca83a46676933f3600	本地实验/MULTIROW-PANEL-RMS-CHAMPION-X/V002/local/MPR4-V002-LOCAL-PAIRED-20261005T0645Z/summary.txt	100644	0d221c75b52a6aa8da16a9d317134412cf51d7b9	证据集成/W3/Batch-09-R1-R3-R4-R5/R4/V002/local/MPR4-V002-LOCAL-PAIRED-20261005T0645Z/summary.txt	COPY	LOCAL_CONTEXT_OR_DIAGNOSTIC		original bytes
W3-R4-MULTIROW-PANEL-RMS-CHAMPION-X	V002	test(r4): record V002 panel width local	w3/m1/multirow-panel-rms	cf5b70284670d357b1da61fd861aaeaa204f07cb	2167656c06590afc69d7fa5c6f77a3e27e457471	17f3a99738b1127c9455d3cea594c231c839773d	503b98cb22ae88798bb6bfca83a46676933f3600	本地实验/MULTIROW-PANEL-RMS-CHAMPION-X/V002/logs/MPR4-V002-COMPILE-20261005T063257Z.log	100644	e53be8270945b5517ed5b369f7be1a01d9d1e848	证据集成/W3/Batch-09-R1-R3-R4-R5/R4/V002/logs/MPR4-V002-COMPILE-20261005T063257Z.log	COPY	COMPILE_LOG		original bytes
W3-R4-MULTIROW-PANEL-RMS-CHAMPION-X	V002	test(r4): record V002 panel width local	w3/m1/multirow-panel-rms	cf5b70284670d357b1da61fd861aaeaa204f07cb	2167656c06590afc69d7fa5c6f77a3e27e457471	17f3a99738b1127c9455d3cea594c231c839773d	503b98cb22ae88798bb6bfca83a46676933f3600	本地实验/MULTIROW-PANEL-RMS-CHAMPION-X/V002/logs/MPR4-V002-CORRECTNESS-20261005T0640Z-candidate-fp32-128.tsv	100644	e00b0cf8df1b6e6957d757aeac0985015babfe5e	证据集成/W3/Batch-09-R1-R3-R4-R5/R4/V002/logs/MPR4-V002-CORRECTNESS-20261005T0640Z-candidate-fp32-128.tsv	COPY	LOCAL_RAW_STATISTICS		original bytes
W3-R4-MULTIROW-PANEL-RMS-CHAMPION-X	V002	test(r4): record V002 panel width local	w3/m1/multirow-panel-rms	cf5b70284670d357b1da61fd861aaeaa204f07cb	2167656c06590afc69d7fa5c6f77a3e27e457471	17f3a99738b1127c9455d3cea594c231c839773d	503b98cb22ae88798bb6bfca83a46676933f3600	本地实验/MULTIROW-PANEL-RMS-CHAMPION-X/V002/logs/MPR4-V002-CORRECTNESS-20261005T0640Z-candidate.stdout.log	100644	f65e3b2f3db8e691ee75847cbb6ee5edf82edf5c	证据集成/W3/Batch-09-R1-R3-R4-R5/R4/V002/logs/MPR4-V002-CORRECTNESS-20261005T0640Z-candidate.stdout.log	COPY	CORRECTNESS_LOG		original bytes
W3-R4-MULTIROW-PANEL-RMS-CHAMPION-X	V002	test(r4): record V002 panel width local	w3/m1/multirow-panel-rms	cf5b70284670d357b1da61fd861aaeaa204f07cb	2167656c06590afc69d7fa5c6f77a3e27e457471	17f3a99738b1127c9455d3cea594c231c839773d	503b98cb22ae88798bb6bfca83a46676933f3600	本地实验/MULTIROW-PANEL-RMS-CHAMPION-X/V002/logs/MPR4-V002-CORRECTNESS-20261005T0640Z-parent-fp32-128.tsv	100644	30f904213beb60698fbbf559c5d58a159c2a647e	证据集成/W3/Batch-09-R1-R3-R4-R5/R4/V002/logs/MPR4-V002-CORRECTNESS-20261005T0640Z-parent-fp32-128.tsv	COPY	LOCAL_RAW_STATISTICS		original bytes
W3-R4-MULTIROW-PANEL-RMS-CHAMPION-X	V002	test(r4): record V002 panel width local	w3/m1/multirow-panel-rms	cf5b70284670d357b1da61fd861aaeaa204f07cb	2167656c06590afc69d7fa5c6f77a3e27e457471	17f3a99738b1127c9455d3cea594c231c839773d	503b98cb22ae88798bb6bfca83a46676933f3600	本地实验/MULTIROW-PANEL-RMS-CHAMPION-X/V002/logs/MPR4-V002-CORRECTNESS-20261005T0640Z-parent.stdout.log	100644	1115a79a6a10ab125c393c53a0d209d3c014e8d1	证据集成/W3/Batch-09-R1-R3-R4-R5/R4/V002/logs/MPR4-V002-CORRECTNESS-20261005T0640Z-parent.stdout.log	COPY	CORRECTNESS_LOG		original bytes
W3-R4-MULTIROW-PANEL-RMS-CHAMPION-X	V002	test(r4): record V002 panel width local	w3/m1/multirow-panel-rms	cf5b70284670d357b1da61fd861aaeaa204f07cb	2167656c06590afc69d7fa5c6f77a3e27e457471	17f3a99738b1127c9455d3cea594c231c839773d	503b98cb22ae88798bb6bfca83a46676933f3600	本地实验/MULTIROW-PANEL-RMS-CHAMPION-X/V002/logs/MPR4-V002-CORRECTNESS-20261005T0640Z-post.npu-smi.txt	100644	185267b2a5dfc0891eeb87d801d5398458741df0	证据集成/W3/Batch-09-R1-R3-R4-R5/R4/V002/logs/MPR4-V002-CORRECTNESS-20261005T0640Z-post.npu-smi.txt	COPY	LOCAL_CONTEXT_OR_DIAGNOSTIC		original bytes
W3-R4-MULTIROW-PANEL-RMS-CHAMPION-X	V002	test(r4): record V002 panel width local	w3/m1/multirow-panel-rms	cf5b70284670d357b1da61fd861aaeaa204f07cb	2167656c06590afc69d7fa5c6f77a3e27e457471	17f3a99738b1127c9455d3cea594c231c839773d	503b98cb22ae88798bb6bfca83a46676933f3600	本地实验/MULTIROW-PANEL-RMS-CHAMPION-X/V002/logs/MPR4-V002-CORRECTNESS-20261005T0640Z-pre.npu-smi.txt	100644	00490b069ae232f7ce0d893e7ad5364b88ec8503	证据集成/W3/Batch-09-R1-R3-R4-R5/R4/V002/logs/MPR4-V002-CORRECTNESS-20261005T0640Z-pre.npu-smi.txt	COPY	LOCAL_CONTEXT_OR_DIAGNOSTIC		original bytes
W3-R4-MULTIROW-PANEL-RMS-CHAMPION-X	V002	test(r4): record V002 panel width local	w3/m1/multirow-panel-rms	cf5b70284670d357b1da61fd861aaeaa204f07cb	2167656c06590afc69d7fa5c6f77a3e27e457471	17f3a99738b1127c9455d3cea594c231c839773d	503b98cb22ae88798bb6bfca83a46676933f3600	本地实验/MULTIROW-PANEL-RMS-CHAMPION-X/V002/submission.asc	100644	a7ba6457adb6e329adbe27781e7abab91e6adc77		EXCLUDE	CANDIDATE_OR_KERNEL_SOURCE		source retained only by source commit/blob reference
W3-R4-MULTIROW-PANEL-RMS-CHAMPION-X	V002	test(r4): record V002 panel width local	w3/m1/multirow-panel-rms	cf5b70284670d357b1da61fd861aaeaa204f07cb	2167656c06590afc69d7fa5c6f77a3e27e457471	17f3a99738b1127c9455d3cea594c231c839773d	503b98cb22ae88798bb6bfca83a46676933f3600	本地实验/MULTIROW-PANEL-RMS-CHAMPION-X/V002/support/CMakeLists.txt	100644	26d61167cac3e643a1461b5097915cd02b21f364		EXCLUDE	BUILD_CONFIGURATION		build configuration not copied
W3-R4-MULTIROW-PANEL-RMS-CHAMPION-X	V002	test(r4): record V002 panel width local	w3/m1/multirow-panel-rms	cf5b70284670d357b1da61fd861aaeaa204f07cb	2167656c06590afc69d7fa5c6f77a3e27e457471	17f3a99738b1127c9455d3cea594c231c839773d	503b98cb22ae88798bb6bfca83a46676933f3600	本地实验/MULTIROW-PANEL-RMS-CHAMPION-X/V002/support/build_server3.sh	100644	536e40054f900f595b5b0de73f5c49a08a71b6f3		EXCLUDE	BUILD_OR_EXECUTION_SCRIPT		script not copied
W3-R4-MULTIROW-PANEL-RMS-CHAMPION-X	V002	test(r4): record V002 panel width local	w3/m1/multirow-panel-rms	cf5b70284670d357b1da61fd861aaeaa204f07cb	2167656c06590afc69d7fa5c6f77a3e27e457471	17f3a99738b1127c9455d3cea594c231c839773d	503b98cb22ae88798bb6bfca83a46676933f3600	本地实验/MULTIROW-PANEL-RMS-CHAMPION-X/V002/support/candidate_kernel.asc	100644	3ef7048e01ddd88fb3d4b4a87c0ecb102c75799c		EXCLUDE	CANDIDATE_OR_KERNEL_SOURCE		source retained only by source commit/blob reference
W3-R4-MULTIROW-PANEL-RMS-CHAMPION-X	V002	test(r4): record V002 panel width local	w3/m1/multirow-panel-rms	cf5b70284670d357b1da61fd861aaeaa204f07cb	2167656c06590afc69d7fa5c6f77a3e27e457471	17f3a99738b1127c9455d3cea594c231c839773d	503b98cb22ae88798bb6bfca83a46676933f3600	本地实验/MULTIROW-PANEL-RMS-CHAMPION-X/V002/support/compile_server3.sh	100644	4a7dbef88963b29036a07920d1021e8822638bf6		EXCLUDE	BUILD_OR_EXECUTION_SCRIPT		script not copied
W3-R4-MULTIROW-PANEL-RMS-CHAMPION-X	V002	test(r4): record V002 panel width local	w3/m1/multirow-panel-rms	cf5b70284670d357b1da61fd861aaeaa204f07cb	2167656c06590afc69d7fa5c6f77a3e27e457471	17f3a99738b1127c9455d3cea594c231c839773d	503b98cb22ae88798bb6bfca83a46676933f3600	本地实验/MULTIROW-PANEL-RMS-CHAMPION-X/V002/support/local_abi_shim.h	100644	f52411b2c5f6b614ff1e61f30707250a43cc10d3		EXCLUDE	SUPPORT_SOURCE		source retained only by source commit/blob reference
W3-R4-MULTIROW-PANEL-RMS-CHAMPION-X	V002	test(r4): record V002 panel width local	w3/m1/multirow-panel-rms	cf5b70284670d357b1da61fd861aaeaa204f07cb	2167656c06590afc69d7fa5c6f77a3e27e457471	17f3a99738b1127c9455d3cea594c231c839773d	503b98cb22ae88798bb6bfca83a46676933f3600	本地实验/MULTIROW-PANEL-RMS-CHAMPION-X/V002/support/parent_kernel.asc	100644	9dbb3053c84dc39f4aee7826176ba96b70f413bc		EXCLUDE	CANDIDATE_OR_KERNEL_SOURCE		source retained only by source commit/blob reference
W3-R4-MULTIROW-PANEL-RMS-CHAMPION-X	V002	test(r4): record V002 panel width local	w3/m1/multirow-panel-rms	cf5b70284670d357b1da61fd861aaeaa204f07cb	2167656c06590afc69d7fa5c6f77a3e27e457471	17f3a99738b1127c9455d3cea594c231c839773d	503b98cb22ae88798bb6bfca83a46676933f3600	本地实验/MULTIROW-PANEL-RMS-CHAMPION-X/V002/support/runner_main.cpp	100644	c344fbd6e08908a30453471d90b4ff465ed5b8e5		EXCLUDE	SUPPORT_SOURCE		source retained only by source commit/blob reference
W3-R4-MULTIROW-PANEL-RMS-CHAMPION-X	V003	test(r4): record V003 wide issue order result	w3/m1/multirow-panel-rms	706db2a11156ef057523678f8a57060cbde1379f	cf5b70284670d357b1da61fd861aaeaa204f07cb	55aa3aebb3070dabf63eb1d192432a034bafad28	503b98cb22ae88798bb6bfca83a46676933f3600	本地实验/MULTIROW-PANEL-RMS-CHAMPION-X/V003/local/MPR4-V003-LOCAL-20261005T072007Z/device_event_us.derived.tsv	100644	759e09f6e0e387b08041516d6f5aad1a968db0f3	证据集成/W3/Batch-09-R1-R3-R4-R5/R4/V003/local/MPR4-V003-LOCAL-20261005T072007Z/device_event_us.derived.tsv	COPY	LOCAL_RAW_STATISTICS		original bytes
W3-R4-MULTIROW-PANEL-RMS-CHAMPION-X	V003	test(r4): record V003 wide issue order result	w3/m1/multirow-panel-rms	706db2a11156ef057523678f8a57060cbde1379f	cf5b70284670d357b1da61fd861aaeaa204f07cb	55aa3aebb3070dabf63eb1d192432a034bafad28	503b98cb22ae88798bb6bfca83a46676933f3600	本地实验/MULTIROW-PANEL-RMS-CHAMPION-X/V003/local/MPR4-V003-LOCAL-20261005T072007Z/paired-fp16-128x12288.tsv	100644	79dd1107e0fdf205f011da818f9e19649668f151	证据集成/W3/Batch-09-R1-R3-R4-R5/R4/V003/local/MPR4-V003-LOCAL-20261005T072007Z/paired-fp16-128x12288.tsv	COPY	LOCAL_RAW_STATISTICS		original bytes
W3-R4-MULTIROW-PANEL-RMS-CHAMPION-X	V003	test(r4): record V003 wide issue order result	w3/m1/multirow-panel-rms	706db2a11156ef057523678f8a57060cbde1379f	cf5b70284670d357b1da61fd861aaeaa204f07cb	55aa3aebb3070dabf63eb1d192432a034bafad28	503b98cb22ae88798bb6bfca83a46676933f3600	本地实验/MULTIROW-PANEL-RMS-CHAMPION-X/V003/local/MPR4-V003-LOCAL-20261005T072007Z/post.npu-smi.txt	100644	4a362dfbc03ab48d172eec24ba191329386d1eab	证据集成/W3/Batch-09-R1-R3-R4-R5/R4/V003/local/MPR4-V003-LOCAL-20261005T072007Z/post.npu-smi.txt	COPY	LOCAL_CONTEXT_OR_DIAGNOSTIC		original bytes
W3-R4-MULTIROW-PANEL-RMS-CHAMPION-X	V003	test(r4): record V003 wide issue order result	w3/m1/multirow-panel-rms	706db2a11156ef057523678f8a57060cbde1379f	cf5b70284670d357b1da61fd861aaeaa204f07cb	55aa3aebb3070dabf63eb1d192432a034bafad28	503b98cb22ae88798bb6bfca83a46676933f3600	本地实验/MULTIROW-PANEL-RMS-CHAMPION-X/V003/local/MPR4-V003-LOCAL-20261005T072007Z/pre.npu-smi.txt	100644	bb1c0d476394c4613f5b2b7af24840e825f56a33	证据集成/W3/Batch-09-R1-R3-R4-R5/R4/V003/local/MPR4-V003-LOCAL-20261005T072007Z/pre.npu-smi.txt	COPY	LOCAL_CONTEXT_OR_DIAGNOSTIC		original bytes
W3-R4-MULTIROW-PANEL-RMS-CHAMPION-X	V003	test(r4): record V003 wide issue order result	w3/m1/multirow-panel-rms	706db2a11156ef057523678f8a57060cbde1379f	cf5b70284670d357b1da61fd861aaeaa204f07cb	55aa3aebb3070dabf63eb1d192432a034bafad28	503b98cb22ae88798bb6bfca83a46676933f3600	本地实验/MULTIROW-PANEL-RMS-CHAMPION-X/V003/local/MPR4-V003-LOCAL-20261005T072007Z/runner.stdout.log	100644	e69de29bb2d1d6434b8b29ae775ad8c2e48c5391	证据集成/W3/Batch-09-R1-R3-R4-R5/R4/V003/local/MPR4-V003-LOCAL-20261005T072007Z/runner.stdout.log	COPY	RUN_LOG		original bytes
W3-R4-MULTIROW-PANEL-RMS-CHAMPION-X	V003	test(r4): record V003 wide issue order result	w3/m1/multirow-panel-rms	706db2a11156ef057523678f8a57060cbde1379f	cf5b70284670d357b1da61fd861aaeaa204f07cb	55aa3aebb3070dabf63eb1d192432a034bafad28	503b98cb22ae88798bb6bfca83a46676933f3600	本地实验/MULTIROW-PANEL-RMS-CHAMPION-X/V003/local/MPR4-V003-LOCAL-20261005T072007Z/wall_us.derived.tsv	100644	089c60dcdb9aa97da376249cd3286d2e4d62e14e	证据集成/W3/Batch-09-R1-R3-R4-R5/R4/V003/local/MPR4-V003-LOCAL-20261005T072007Z/wall_us.derived.tsv	COPY	LOCAL_RAW_STATISTICS		original bytes
W3-R4-MULTIROW-PANEL-RMS-CHAMPION-X	V003	test(r4): record V003 wide issue order result	w3/m1/multirow-panel-rms	706db2a11156ef057523678f8a57060cbde1379f	cf5b70284670d357b1da61fd861aaeaa204f07cb	55aa3aebb3070dabf63eb1d192432a034bafad28	503b98cb22ae88798bb6bfca83a46676933f3600	本地实验/MULTIROW-PANEL-RMS-CHAMPION-X/V003/logs/MPR4-V003-COMPILE-20261005T070716Z.log	100644	c170cb175454fe60543a99521358ff627f8e2ddd	证据集成/W3/Batch-09-R1-R3-R4-R5/R4/V003/logs/MPR4-V003-COMPILE-20261005T070716Z.log	COPY	COMPILE_LOG		original bytes
W3-R4-MULTIROW-PANEL-RMS-CHAMPION-X	V003	test(r4): record V003 wide issue order result	w3/m1/multirow-panel-rms	706db2a11156ef057523678f8a57060cbde1379f	cf5b70284670d357b1da61fd861aaeaa204f07cb	55aa3aebb3070dabf63eb1d192432a034bafad28	503b98cb22ae88798bb6bfca83a46676933f3600	本地实验/MULTIROW-PANEL-RMS-CHAMPION-X/V003/logs/MPR4-V003-CORR-CANDIDATE-20261005T071904Z.post.npu-smi.txt	100644	0ecf743217c0154a09352bbcbe4ee5ede9ed9e9c	证据集成/W3/Batch-09-R1-R3-R4-R5/R4/V003/logs/MPR4-V003-CORR-CANDIDATE-20261005T071904Z.post.npu-smi.txt	COPY	LOCAL_CONTEXT_OR_DIAGNOSTIC		original bytes
W3-R4-MULTIROW-PANEL-RMS-CHAMPION-X	V003	test(r4): record V003 wide issue order result	w3/m1/multirow-panel-rms	706db2a11156ef057523678f8a57060cbde1379f	cf5b70284670d357b1da61fd861aaeaa204f07cb	55aa3aebb3070dabf63eb1d192432a034bafad28	503b98cb22ae88798bb6bfca83a46676933f3600	本地实验/MULTIROW-PANEL-RMS-CHAMPION-X/V003/logs/MPR4-V003-CORR-CANDIDATE-20261005T071904Z.pre.npu-smi.txt	100644	7b98141b2771bdb701f564bec3327a9dadb976e4	证据集成/W3/Batch-09-R1-R3-R4-R5/R4/V003/logs/MPR4-V003-CORR-CANDIDATE-20261005T071904Z.pre.npu-smi.txt	COPY	LOCAL_CONTEXT_OR_DIAGNOSTIC		original bytes
W3-R4-MULTIROW-PANEL-RMS-CHAMPION-X	V003	test(r4): record V003 wide issue order result	w3/m1/multirow-panel-rms	706db2a11156ef057523678f8a57060cbde1379f	cf5b70284670d357b1da61fd861aaeaa204f07cb	55aa3aebb3070dabf63eb1d192432a034bafad28	503b98cb22ae88798bb6bfca83a46676933f3600	本地实验/MULTIROW-PANEL-RMS-CHAMPION-X/V003/logs/MPR4-V003-CORR-CANDIDATE-20261005T071904Z.stdout.log	100644	7165ba5d08f1885477d7e35348e0aeb659fb408f	证据集成/W3/Batch-09-R1-R3-R4-R5/R4/V003/logs/MPR4-V003-CORR-CANDIDATE-20261005T071904Z.stdout.log	COPY	RUN_LOG		original bytes
W3-R4-MULTIROW-PANEL-RMS-CHAMPION-X	V003	test(r4): record V003 wide issue order result	w3/m1/multirow-panel-rms	706db2a11156ef057523678f8a57060cbde1379f	cf5b70284670d357b1da61fd861aaeaa204f07cb	55aa3aebb3070dabf63eb1d192432a034bafad28	503b98cb22ae88798bb6bfca83a46676933f3600	本地实验/MULTIROW-PANEL-RMS-CHAMPION-X/V003/logs/MPR4-V003-CORR-CANDIDATE-20261005T071904Z.tsv	100644	62a37163b52684942762890af6eefad56c74e4e2	证据集成/W3/Batch-09-R1-R3-R4-R5/R4/V003/logs/MPR4-V003-CORR-CANDIDATE-20261005T071904Z.tsv	COPY	LOCAL_RAW_STATISTICS		original bytes
W3-R4-MULTIROW-PANEL-RMS-CHAMPION-X	V003	test(r4): record V003 wide issue order result	w3/m1/multirow-panel-rms	706db2a11156ef057523678f8a57060cbde1379f	cf5b70284670d357b1da61fd861aaeaa204f07cb	55aa3aebb3070dabf63eb1d192432a034bafad28	503b98cb22ae88798bb6bfca83a46676933f3600	本地实验/MULTIROW-PANEL-RMS-CHAMPION-X/V003/logs/MPR4-V003-CORR-PARENT-20261005T071526Z.post.npu-smi.txt	100644	bc3bba575d72f31a9ba7d57750aca6c6541b8284	证据集成/W3/Batch-09-R1-R3-R4-R5/R4/V003/logs/MPR4-V003-CORR-PARENT-20261005T071526Z.post.npu-smi.txt	COPY	LOCAL_CONTEXT_OR_DIAGNOSTIC		original bytes
W3-R4-MULTIROW-PANEL-RMS-CHAMPION-X	V003	test(r4): record V003 wide issue order result	w3/m1/multirow-panel-rms	706db2a11156ef057523678f8a57060cbde1379f	cf5b70284670d357b1da61fd861aaeaa204f07cb	55aa3aebb3070dabf63eb1d192432a034bafad28	503b98cb22ae88798bb6bfca83a46676933f3600	本地实验/MULTIROW-PANEL-RMS-CHAMPION-X/V003/logs/MPR4-V003-CORR-PARENT-20261005T071526Z.pre.npu-smi.txt	100644	d32b406de23536d8f5077117c0e43d44ea33a78e	证据集成/W3/Batch-09-R1-R3-R4-R5/R4/V003/logs/MPR4-V003-CORR-PARENT-20261005T071526Z.pre.npu-smi.txt	COPY	LOCAL_CONTEXT_OR_DIAGNOSTIC		original bytes
W3-R4-MULTIROW-PANEL-RMS-CHAMPION-X	V003	test(r4): record V003 wide issue order result	w3/m1/multirow-panel-rms	706db2a11156ef057523678f8a57060cbde1379f	cf5b70284670d357b1da61fd861aaeaa204f07cb	55aa3aebb3070dabf63eb1d192432a034bafad28	503b98cb22ae88798bb6bfca83a46676933f3600	本地实验/MULTIROW-PANEL-RMS-CHAMPION-X/V003/logs/MPR4-V003-CORR-PARENT-20261005T071526Z.stdout.log	100644	15716cb68c19b809d8783b41c990e16cff16ff10	证据集成/W3/Batch-09-R1-R3-R4-R5/R4/V003/logs/MPR4-V003-CORR-PARENT-20261005T071526Z.stdout.log	COPY	RUN_LOG		original bytes
W3-R4-MULTIROW-PANEL-RMS-CHAMPION-X	V003	test(r4): record V003 wide issue order result	w3/m1/multirow-panel-rms	706db2a11156ef057523678f8a57060cbde1379f	cf5b70284670d357b1da61fd861aaeaa204f07cb	55aa3aebb3070dabf63eb1d192432a034bafad28	503b98cb22ae88798bb6bfca83a46676933f3600	本地实验/MULTIROW-PANEL-RMS-CHAMPION-X/V003/logs/MPR4-V003-CORR-PARENT-ENV-20261005T071801Z.post.npu-smi.txt	100644	e056fc4c4ab7656b6578567afbc06d31768fa9f5	证据集成/W3/Batch-09-R1-R3-R4-R5/R4/V003/logs/MPR4-V003-CORR-PARENT-ENV-20261005T071801Z.post.npu-smi.txt	COPY	LOCAL_CONTEXT_OR_DIAGNOSTIC		original bytes
W3-R4-MULTIROW-PANEL-RMS-CHAMPION-X	V003	test(r4): record V003 wide issue order result	w3/m1/multirow-panel-rms	706db2a11156ef057523678f8a57060cbde1379f	cf5b70284670d357b1da61fd861aaeaa204f07cb	55aa3aebb3070dabf63eb1d192432a034bafad28	503b98cb22ae88798bb6bfca83a46676933f3600	本地实验/MULTIROW-PANEL-RMS-CHAMPION-X/V003/logs/MPR4-V003-CORR-PARENT-ENV-20261005T071801Z.pre.npu-smi.txt	100644	317fda7e4808ba10d2b150a5099efa91287d3ba3	证据集成/W3/Batch-09-R1-R3-R4-R5/R4/V003/logs/MPR4-V003-CORR-PARENT-ENV-20261005T071801Z.pre.npu-smi.txt	COPY	LOCAL_CONTEXT_OR_DIAGNOSTIC		original bytes
W3-R4-MULTIROW-PANEL-RMS-CHAMPION-X	V003	test(r4): record V003 wide issue order result	w3/m1/multirow-panel-rms	706db2a11156ef057523678f8a57060cbde1379f	cf5b70284670d357b1da61fd861aaeaa204f07cb	55aa3aebb3070dabf63eb1d192432a034bafad28	503b98cb22ae88798bb6bfca83a46676933f3600	本地实验/MULTIROW-PANEL-RMS-CHAMPION-X/V003/logs/MPR4-V003-CORR-PARENT-ENV-20261005T071801Z.runner.ldd.txt	100644	9bea8b3067eb1f03e597509391c8ddc21b8f2428	证据集成/W3/Batch-09-R1-R3-R4-R5/R4/V003/logs/MPR4-V003-CORR-PARENT-ENV-20261005T071801Z.runner.ldd.txt	COPY	LOCAL_CONTEXT_OR_DIAGNOSTIC		original bytes
W3-R4-MULTIROW-PANEL-RMS-CHAMPION-X	V003	test(r4): record V003 wide issue order result	w3/m1/multirow-panel-rms	706db2a11156ef057523678f8a57060cbde1379f	cf5b70284670d357b1da61fd861aaeaa204f07cb	55aa3aebb3070dabf63eb1d192432a034bafad28	503b98cb22ae88798bb6bfca83a46676933f3600	本地实验/MULTIROW-PANEL-RMS-CHAMPION-X/V003/logs/MPR4-V003-CORR-PARENT-ENV-20261005T071801Z.stdout.log	100644	d206967ae86ca302ee146cebc9e7477265b526b6	证据集成/W3/Batch-09-R1-R3-R4-R5/R4/V003/logs/MPR4-V003-CORR-PARENT-ENV-20261005T071801Z.stdout.log	COPY	RUN_LOG		original bytes
W3-R4-MULTIROW-PANEL-RMS-CHAMPION-X	V003	test(r4): record V003 wide issue order result	w3/m1/multirow-panel-rms	706db2a11156ef057523678f8a57060cbde1379f	cf5b70284670d357b1da61fd861aaeaa204f07cb	55aa3aebb3070dabf63eb1d192432a034bafad28	503b98cb22ae88798bb6bfca83a46676933f3600	本地实验/MULTIROW-PANEL-RMS-CHAMPION-X/V003/logs/MPR4-V003-CORR-PARENT-ENV-20261005T071801Z.tsv	100644	9cebff1008e2cc0bf1e07ad8a5621aeed495794a	证据集成/W3/Batch-09-R1-R3-R4-R5/R4/V003/logs/MPR4-V003-CORR-PARENT-ENV-20261005T071801Z.tsv	COPY	LOCAL_RAW_STATISTICS		original bytes
W3-R4-MULTIROW-PANEL-RMS-CHAMPION-X	V003	test(r4): record V003 wide issue order result	w3/m1/multirow-panel-rms	706db2a11156ef057523678f8a57060cbde1379f	cf5b70284670d357b1da61fd861aaeaa204f07cb	55aa3aebb3070dabf63eb1d192432a034bafad28	503b98cb22ae88798bb6bfca83a46676933f3600	本地实验/MULTIROW-PANEL-RMS-CHAMPION-X/V003/submission.asc	100644	75a70551d27b09db52897b3c773ebc18750fcd6c		EXCLUDE	CANDIDATE_OR_KERNEL_SOURCE		source retained only by source commit/blob reference
W3-R4-MULTIROW-PANEL-RMS-CHAMPION-X	V003	test(r4): record V003 wide issue order result	w3/m1/multirow-panel-rms	706db2a11156ef057523678f8a57060cbde1379f	cf5b70284670d357b1da61fd861aaeaa204f07cb	55aa3aebb3070dabf63eb1d192432a034bafad28	503b98cb22ae88798bb6bfca83a46676933f3600	本地实验/MULTIROW-PANEL-RMS-CHAMPION-X/V003/summary.txt	100644	10a2214cece35d573b5f7a871c0d35ddc980fd38	证据集成/W3/Batch-09-R1-R3-R4-R5/R4/V003/summary.txt	COPY	LOCAL_CONTEXT_OR_DIAGNOSTIC		original bytes
W3-R4-MULTIROW-PANEL-RMS-CHAMPION-X	V003	test(r4): record V003 wide issue order result	w3/m1/multirow-panel-rms	706db2a11156ef057523678f8a57060cbde1379f	cf5b70284670d357b1da61fd861aaeaa204f07cb	55aa3aebb3070dabf63eb1d192432a034bafad28	503b98cb22ae88798bb6bfca83a46676933f3600	本地实验/MULTIROW-PANEL-RMS-CHAMPION-X/V003/support/CMakeLists.txt	100644	26d61167cac3e643a1461b5097915cd02b21f364		EXCLUDE	BUILD_CONFIGURATION		build configuration not copied
W3-R4-MULTIROW-PANEL-RMS-CHAMPION-X	V003	test(r4): record V003 wide issue order result	w3/m1/multirow-panel-rms	706db2a11156ef057523678f8a57060cbde1379f	cf5b70284670d357b1da61fd861aaeaa204f07cb	55aa3aebb3070dabf63eb1d192432a034bafad28	503b98cb22ae88798bb6bfca83a46676933f3600	本地实验/MULTIROW-PANEL-RMS-CHAMPION-X/V003/support/build_server3.sh	100644	536e40054f900f595b5b0de73f5c49a08a71b6f3		EXCLUDE	BUILD_OR_EXECUTION_SCRIPT		script not copied
W3-R4-MULTIROW-PANEL-RMS-CHAMPION-X	V003	test(r4): record V003 wide issue order result	w3/m1/multirow-panel-rms	706db2a11156ef057523678f8a57060cbde1379f	cf5b70284670d357b1da61fd861aaeaa204f07cb	55aa3aebb3070dabf63eb1d192432a034bafad28	503b98cb22ae88798bb6bfca83a46676933f3600	本地实验/MULTIROW-PANEL-RMS-CHAMPION-X/V003/support/candidate_kernel.asc	100644	3ef7048e01ddd88fb3d4b4a87c0ecb102c75799c		EXCLUDE	CANDIDATE_OR_KERNEL_SOURCE		source retained only by source commit/blob reference
W3-R4-MULTIROW-PANEL-RMS-CHAMPION-X	V003	test(r4): record V003 wide issue order result	w3/m1/multirow-panel-rms	706db2a11156ef057523678f8a57060cbde1379f	cf5b70284670d357b1da61fd861aaeaa204f07cb	55aa3aebb3070dabf63eb1d192432a034bafad28	503b98cb22ae88798bb6bfca83a46676933f3600	本地实验/MULTIROW-PANEL-RMS-CHAMPION-X/V003/support/compile_server3.sh	100644	7b1cd3b7114716911cfc01000d76adf380779d10		EXCLUDE	BUILD_OR_EXECUTION_SCRIPT		script not copied
W3-R4-MULTIROW-PANEL-RMS-CHAMPION-X	V003	test(r4): record V003 wide issue order result	w3/m1/multirow-panel-rms	706db2a11156ef057523678f8a57060cbde1379f	cf5b70284670d357b1da61fd861aaeaa204f07cb	55aa3aebb3070dabf63eb1d192432a034bafad28	503b98cb22ae88798bb6bfca83a46676933f3600	本地实验/MULTIROW-PANEL-RMS-CHAMPION-X/V003/support/local_abi_shim.h	100644	f52411b2c5f6b614ff1e61f30707250a43cc10d3		EXCLUDE	SUPPORT_SOURCE		source retained only by source commit/blob reference
W3-R4-MULTIROW-PANEL-RMS-CHAMPION-X	V003	test(r4): record V003 wide issue order result	w3/m1/multirow-panel-rms	706db2a11156ef057523678f8a57060cbde1379f	cf5b70284670d357b1da61fd861aaeaa204f07cb	55aa3aebb3070dabf63eb1d192432a034bafad28	503b98cb22ae88798bb6bfca83a46676933f3600	本地实验/MULTIROW-PANEL-RMS-CHAMPION-X/V003/support/parent_kernel.asc	100644	9dbb3053c84dc39f4aee7826176ba96b70f413bc		EXCLUDE	CANDIDATE_OR_KERNEL_SOURCE		source retained only by source commit/blob reference
W3-R4-MULTIROW-PANEL-RMS-CHAMPION-X	V003	test(r4): record V003 wide issue order result	w3/m1/multirow-panel-rms	706db2a11156ef057523678f8a57060cbde1379f	cf5b70284670d357b1da61fd861aaeaa204f07cb	55aa3aebb3070dabf63eb1d192432a034bafad28	503b98cb22ae88798bb6bfca83a46676933f3600	本地实验/MULTIROW-PANEL-RMS-CHAMPION-X/V003/support/runner_main.cpp	100644	c344fbd6e08908a30453471d90b4ff465ed5b8e5		EXCLUDE	SUPPORT_SOURCE		source retained only by source commit/blob reference
W3-R4-MULTIROW-PANEL-RMS-CHAMPION-X	V004	test(r4): record V004 RMS stride result	w3/m1/multirow-panel-rms	ec18ead79df577a3318904fcbf54e5607c5b6bbf	706db2a11156ef057523678f8a57060cbde1379f	604b9c2b502ae4476c967511f76693cdac2060c9	503b98cb22ae88798bb6bfca83a46676933f3600	本地实验/MULTIROW-PANEL-RMS-CHAMPION-X/V004/local/MPR4-V004-LOCAL-20261005T080406Z/device_event_us.derived.tsv	100644	d8d3ed759b434e5cb24ae90cc13ae1fe691d02bb	证据集成/W3/Batch-09-R1-R3-R4-R5/R4/V004/local/MPR4-V004-LOCAL-20261005T080406Z/device_event_us.derived.tsv	COPY	LOCAL_RAW_STATISTICS		original bytes
W3-R4-MULTIROW-PANEL-RMS-CHAMPION-X	V004	test(r4): record V004 RMS stride result	w3/m1/multirow-panel-rms	ec18ead79df577a3318904fcbf54e5607c5b6bbf	706db2a11156ef057523678f8a57060cbde1379f	604b9c2b502ae4476c967511f76693cdac2060c9	503b98cb22ae88798bb6bfca83a46676933f3600	本地实验/MULTIROW-PANEL-RMS-CHAMPION-X/V004/local/MPR4-V004-LOCAL-20261005T080406Z/paired-fp16-128x12288.tsv	100644	2bef95decb6f34946d12fce9018b02692e311ce2	证据集成/W3/Batch-09-R1-R3-R4-R5/R4/V004/local/MPR4-V004-LOCAL-20261005T080406Z/paired-fp16-128x12288.tsv	COPY	LOCAL_RAW_STATISTICS		original bytes
W3-R4-MULTIROW-PANEL-RMS-CHAMPION-X	V004	test(r4): record V004 RMS stride result	w3/m1/multirow-panel-rms	ec18ead79df577a3318904fcbf54e5607c5b6bbf	706db2a11156ef057523678f8a57060cbde1379f	604b9c2b502ae4476c967511f76693cdac2060c9	503b98cb22ae88798bb6bfca83a46676933f3600	本地实验/MULTIROW-PANEL-RMS-CHAMPION-X/V004/local/MPR4-V004-LOCAL-20261005T080406Z/post.npu-smi.txt	100644	1e34824f68844f37aadf19f2d48c324cbc413219	证据集成/W3/Batch-09-R1-R3-R4-R5/R4/V004/local/MPR4-V004-LOCAL-20261005T080406Z/post.npu-smi.txt	COPY	LOCAL_CONTEXT_OR_DIAGNOSTIC		original bytes
W3-R4-MULTIROW-PANEL-RMS-CHAMPION-X	V004	test(r4): record V004 RMS stride result	w3/m1/multirow-panel-rms	ec18ead79df577a3318904fcbf54e5607c5b6bbf	706db2a11156ef057523678f8a57060cbde1379f	604b9c2b502ae4476c967511f76693cdac2060c9	503b98cb22ae88798bb6bfca83a46676933f3600	本地实验/MULTIROW-PANEL-RMS-CHAMPION-X/V004/local/MPR4-V004-LOCAL-20261005T080406Z/pre.npu-smi.txt	100644	338951576c7a3725a360dd95bdc6d24abb9852c2	证据集成/W3/Batch-09-R1-R3-R4-R5/R4/V004/local/MPR4-V004-LOCAL-20261005T080406Z/pre.npu-smi.txt	COPY	LOCAL_CONTEXT_OR_DIAGNOSTIC		original bytes
W3-R4-MULTIROW-PANEL-RMS-CHAMPION-X	V004	test(r4): record V004 RMS stride result	w3/m1/multirow-panel-rms	ec18ead79df577a3318904fcbf54e5607c5b6bbf	706db2a11156ef057523678f8a57060cbde1379f	604b9c2b502ae4476c967511f76693cdac2060c9	503b98cb22ae88798bb6bfca83a46676933f3600	本地实验/MULTIROW-PANEL-RMS-CHAMPION-X/V004/local/MPR4-V004-LOCAL-20261005T080406Z/runner.stdout.log	100644	e69de29bb2d1d6434b8b29ae775ad8c2e48c5391	证据集成/W3/Batch-09-R1-R3-R4-R5/R4/V004/local/MPR4-V004-LOCAL-20261005T080406Z/runner.stdout.log	COPY	RUN_LOG		original bytes
W3-R4-MULTIROW-PANEL-RMS-CHAMPION-X	V004	test(r4): record V004 RMS stride result	w3/m1/multirow-panel-rms	ec18ead79df577a3318904fcbf54e5607c5b6bbf	706db2a11156ef057523678f8a57060cbde1379f	604b9c2b502ae4476c967511f76693cdac2060c9	503b98cb22ae88798bb6bfca83a46676933f3600	本地实验/MULTIROW-PANEL-RMS-CHAMPION-X/V004/local/MPR4-V004-LOCAL-20261005T080406Z/wall_us.derived.tsv	100644	1cfcfa3869ead9e7bdf3e650b1d140d62128204c	证据集成/W3/Batch-09-R1-R3-R4-R5/R4/V004/local/MPR4-V004-LOCAL-20261005T080406Z/wall_us.derived.tsv	COPY	LOCAL_RAW_STATISTICS		original bytes
W3-R4-MULTIROW-PANEL-RMS-CHAMPION-X	V004	test(r4): record V004 RMS stride result	w3/m1/multirow-panel-rms	ec18ead79df577a3318904fcbf54e5607c5b6bbf	706db2a11156ef057523678f8a57060cbde1379f	604b9c2b502ae4476c967511f76693cdac2060c9	503b98cb22ae88798bb6bfca83a46676933f3600	本地实验/MULTIROW-PANEL-RMS-CHAMPION-X/V004/logs/MPR4-V004-COMPILE-20261005T075946Z.log	100644	eeeef1440528c3d9be3ed1cdd27e4cd30bab232d	证据集成/W3/Batch-09-R1-R3-R4-R5/R4/V004/logs/MPR4-V004-COMPILE-20261005T075946Z.log	COPY	COMPILE_LOG		original bytes
W3-R4-MULTIROW-PANEL-RMS-CHAMPION-X	V004	test(r4): record V004 RMS stride result	w3/m1/multirow-panel-rms	ec18ead79df577a3318904fcbf54e5607c5b6bbf	706db2a11156ef057523678f8a57060cbde1379f	604b9c2b502ae4476c967511f76693cdac2060c9	503b98cb22ae88798bb6bfca83a46676933f3600	本地实验/MULTIROW-PANEL-RMS-CHAMPION-X/V004/logs/MPR4-V004-CORR-CANDIDATE-20261005T080306Z.post.npu-smi.txt	100644	679d7434cd6cbb917c10994e69e682c8871b6e43	证据集成/W3/Batch-09-R1-R3-R4-R5/R4/V004/logs/MPR4-V004-CORR-CANDIDATE-20261005T080306Z.post.npu-smi.txt	COPY	LOCAL_CONTEXT_OR_DIAGNOSTIC		original bytes
W3-R4-MULTIROW-PANEL-RMS-CHAMPION-X	V004	test(r4): record V004 RMS stride result	w3/m1/multirow-panel-rms	ec18ead79df577a3318904fcbf54e5607c5b6bbf	706db2a11156ef057523678f8a57060cbde1379f	604b9c2b502ae4476c967511f76693cdac2060c9	503b98cb22ae88798bb6bfca83a46676933f3600	本地实验/MULTIROW-PANEL-RMS-CHAMPION-X/V004/logs/MPR4-V004-CORR-CANDIDATE-20261005T080306Z.pre.npu-smi.txt	100644	4af8df1d340d82b95adb7c785e879f286dd48f31	证据集成/W3/Batch-09-R1-R3-R4-R5/R4/V004/logs/MPR4-V004-CORR-CANDIDATE-20261005T080306Z.pre.npu-smi.txt	COPY	LOCAL_CONTEXT_OR_DIAGNOSTIC		original bytes
W3-R4-MULTIROW-PANEL-RMS-CHAMPION-X	V004	test(r4): record V004 RMS stride result	w3/m1/multirow-panel-rms	ec18ead79df577a3318904fcbf54e5607c5b6bbf	706db2a11156ef057523678f8a57060cbde1379f	604b9c2b502ae4476c967511f76693cdac2060c9	503b98cb22ae88798bb6bfca83a46676933f3600	本地实验/MULTIROW-PANEL-RMS-CHAMPION-X/V004/logs/MPR4-V004-CORR-CANDIDATE-20261005T080306Z.stdout.log	100644	7165ba5d08f1885477d7e35348e0aeb659fb408f	证据集成/W3/Batch-09-R1-R3-R4-R5/R4/V004/logs/MPR4-V004-CORR-CANDIDATE-20261005T080306Z.stdout.log	COPY	RUN_LOG		original bytes
W3-R4-MULTIROW-PANEL-RMS-CHAMPION-X	V004	test(r4): record V004 RMS stride result	w3/m1/multirow-panel-rms	ec18ead79df577a3318904fcbf54e5607c5b6bbf	706db2a11156ef057523678f8a57060cbde1379f	604b9c2b502ae4476c967511f76693cdac2060c9	503b98cb22ae88798bb6bfca83a46676933f3600	本地实验/MULTIROW-PANEL-RMS-CHAMPION-X/V004/logs/MPR4-V004-CORR-CANDIDATE-20261005T080306Z.tsv	100644	a8e8f34a0c54914c7ddafa38b201e7f686260394	证据集成/W3/Batch-09-R1-R3-R4-R5/R4/V004/logs/MPR4-V004-CORR-CANDIDATE-20261005T080306Z.tsv	COPY	LOCAL_RAW_STATISTICS		original bytes
W3-R4-MULTIROW-PANEL-RMS-CHAMPION-X	V004	test(r4): record V004 RMS stride result	w3/m1/multirow-panel-rms	ec18ead79df577a3318904fcbf54e5607c5b6bbf	706db2a11156ef057523678f8a57060cbde1379f	604b9c2b502ae4476c967511f76693cdac2060c9	503b98cb22ae88798bb6bfca83a46676933f3600	本地实验/MULTIROW-PANEL-RMS-CHAMPION-X/V004/logs/MPR4-V004-CORR-PARENT-20261005T080224Z.post.npu-smi.txt	100644	b8ae6561e6186d0cee696f8b418f4bffaa12e7da	证据集成/W3/Batch-09-R1-R3-R4-R5/R4/V004/logs/MPR4-V004-CORR-PARENT-20261005T080224Z.post.npu-smi.txt	COPY	LOCAL_CONTEXT_OR_DIAGNOSTIC		original bytes
W3-R4-MULTIROW-PANEL-RMS-CHAMPION-X	V004	test(r4): record V004 RMS stride result	w3/m1/multirow-panel-rms	ec18ead79df577a3318904fcbf54e5607c5b6bbf	706db2a11156ef057523678f8a57060cbde1379f	604b9c2b502ae4476c967511f76693cdac2060c9	503b98cb22ae88798bb6bfca83a46676933f3600	本地实验/MULTIROW-PANEL-RMS-CHAMPION-X/V004/logs/MPR4-V004-CORR-PARENT-20261005T080224Z.pre.npu-smi.txt	100644	16164a408765a9e2684fcb93213fefdd8ee6636e	证据集成/W3/Batch-09-R1-R3-R4-R5/R4/V004/logs/MPR4-V004-CORR-PARENT-20261005T080224Z.pre.npu-smi.txt	COPY	LOCAL_CONTEXT_OR_DIAGNOSTIC		original bytes
W3-R4-MULTIROW-PANEL-RMS-CHAMPION-X	V004	test(r4): record V004 RMS stride result	w3/m1/multirow-panel-rms	ec18ead79df577a3318904fcbf54e5607c5b6bbf	706db2a11156ef057523678f8a57060cbde1379f	604b9c2b502ae4476c967511f76693cdac2060c9	503b98cb22ae88798bb6bfca83a46676933f3600	本地实验/MULTIROW-PANEL-RMS-CHAMPION-X/V004/logs/MPR4-V004-CORR-PARENT-20261005T080224Z.stdout.log	100644	d206967ae86ca302ee146cebc9e7477265b526b6	证据集成/W3/Batch-09-R1-R3-R4-R5/R4/V004/logs/MPR4-V004-CORR-PARENT-20261005T080224Z.stdout.log	COPY	RUN_LOG		original bytes
W3-R4-MULTIROW-PANEL-RMS-CHAMPION-X	V004	test(r4): record V004 RMS stride result	w3/m1/multirow-panel-rms	ec18ead79df577a3318904fcbf54e5607c5b6bbf	706db2a11156ef057523678f8a57060cbde1379f	604b9c2b502ae4476c967511f76693cdac2060c9	503b98cb22ae88798bb6bfca83a46676933f3600	本地实验/MULTIROW-PANEL-RMS-CHAMPION-X/V004/logs/MPR4-V004-CORR-PARENT-20261005T080224Z.tsv	100644	59e04c21dabc2302a102b4b66e3673261fa929dd	证据集成/W3/Batch-09-R1-R3-R4-R5/R4/V004/logs/MPR4-V004-CORR-PARENT-20261005T080224Z.tsv	COPY	LOCAL_RAW_STATISTICS		original bytes
W3-R4-MULTIROW-PANEL-RMS-CHAMPION-X	V004	test(r4): record V004 RMS stride result	w3/m1/multirow-panel-rms	ec18ead79df577a3318904fcbf54e5607c5b6bbf	706db2a11156ef057523678f8a57060cbde1379f	604b9c2b502ae4476c967511f76693cdac2060c9	503b98cb22ae88798bb6bfca83a46676933f3600	本地实验/MULTIROW-PANEL-RMS-CHAMPION-X/V004/submission.asc	100644	e8572455d69d9b00a199a86698bca44f52f71b4c		EXCLUDE	CANDIDATE_OR_KERNEL_SOURCE		source retained only by source commit/blob reference
W3-R4-MULTIROW-PANEL-RMS-CHAMPION-X	V004	test(r4): record V004 RMS stride result	w3/m1/multirow-panel-rms	ec18ead79df577a3318904fcbf54e5607c5b6bbf	706db2a11156ef057523678f8a57060cbde1379f	604b9c2b502ae4476c967511f76693cdac2060c9	503b98cb22ae88798bb6bfca83a46676933f3600	本地实验/MULTIROW-PANEL-RMS-CHAMPION-X/V004/summary.txt	100644	49215679bfdccef150e0023835af7146422c4a95	证据集成/W3/Batch-09-R1-R3-R4-R5/R4/V004/summary.txt	COPY	LOCAL_CONTEXT_OR_DIAGNOSTIC		original bytes
W3-R4-MULTIROW-PANEL-RMS-CHAMPION-X	V004	test(r4): record V004 RMS stride result	w3/m1/multirow-panel-rms	ec18ead79df577a3318904fcbf54e5607c5b6bbf	706db2a11156ef057523678f8a57060cbde1379f	604b9c2b502ae4476c967511f76693cdac2060c9	503b98cb22ae88798bb6bfca83a46676933f3600	本地实验/MULTIROW-PANEL-RMS-CHAMPION-X/V004/support/CMakeLists.txt	100644	26d61167cac3e643a1461b5097915cd02b21f364		EXCLUDE	BUILD_CONFIGURATION		build configuration not copied
W3-R4-MULTIROW-PANEL-RMS-CHAMPION-X	V004	test(r4): record V004 RMS stride result	w3/m1/multirow-panel-rms	ec18ead79df577a3318904fcbf54e5607c5b6bbf	706db2a11156ef057523678f8a57060cbde1379f	604b9c2b502ae4476c967511f76693cdac2060c9	503b98cb22ae88798bb6bfca83a46676933f3600	本地实验/MULTIROW-PANEL-RMS-CHAMPION-X/V004/support/build_server3.sh	100644	536e40054f900f595b5b0de73f5c49a08a71b6f3		EXCLUDE	BUILD_OR_EXECUTION_SCRIPT		script not copied
W3-R4-MULTIROW-PANEL-RMS-CHAMPION-X	V004	test(r4): record V004 RMS stride result	w3/m1/multirow-panel-rms	ec18ead79df577a3318904fcbf54e5607c5b6bbf	706db2a11156ef057523678f8a57060cbde1379f	604b9c2b502ae4476c967511f76693cdac2060c9	503b98cb22ae88798bb6bfca83a46676933f3600	本地实验/MULTIROW-PANEL-RMS-CHAMPION-X/V004/support/candidate_kernel.asc	100644	3ef7048e01ddd88fb3d4b4a87c0ecb102c75799c		EXCLUDE	CANDIDATE_OR_KERNEL_SOURCE		source retained only by source commit/blob reference
W3-R4-MULTIROW-PANEL-RMS-CHAMPION-X	V004	test(r4): record V004 RMS stride result	w3/m1/multirow-panel-rms	ec18ead79df577a3318904fcbf54e5607c5b6bbf	706db2a11156ef057523678f8a57060cbde1379f	604b9c2b502ae4476c967511f76693cdac2060c9	503b98cb22ae88798bb6bfca83a46676933f3600	本地实验/MULTIROW-PANEL-RMS-CHAMPION-X/V004/support/compile_server3.sh	100644	7c7558c74cb10061db75b89474f779e9dbe08cd0		EXCLUDE	BUILD_OR_EXECUTION_SCRIPT		script not copied
W3-R4-MULTIROW-PANEL-RMS-CHAMPION-X	V004	test(r4): record V004 RMS stride result	w3/m1/multirow-panel-rms	ec18ead79df577a3318904fcbf54e5607c5b6bbf	706db2a11156ef057523678f8a57060cbde1379f	604b9c2b502ae4476c967511f76693cdac2060c9	503b98cb22ae88798bb6bfca83a46676933f3600	本地实验/MULTIROW-PANEL-RMS-CHAMPION-X/V004/support/local_abi_shim.h	100644	f52411b2c5f6b614ff1e61f30707250a43cc10d3		EXCLUDE	SUPPORT_SOURCE		source retained only by source commit/blob reference
W3-R4-MULTIROW-PANEL-RMS-CHAMPION-X	V004	test(r4): record V004 RMS stride result	w3/m1/multirow-panel-rms	ec18ead79df577a3318904fcbf54e5607c5b6bbf	706db2a11156ef057523678f8a57060cbde1379f	604b9c2b502ae4476c967511f76693cdac2060c9	503b98cb22ae88798bb6bfca83a46676933f3600	本地实验/MULTIROW-PANEL-RMS-CHAMPION-X/V004/support/parent_kernel.asc	100644	9dbb3053c84dc39f4aee7826176ba96b70f413bc		EXCLUDE	CANDIDATE_OR_KERNEL_SOURCE		source retained only by source commit/blob reference
W3-R4-MULTIROW-PANEL-RMS-CHAMPION-X	V004	test(r4): record V004 RMS stride result	w3/m1/multirow-panel-rms	ec18ead79df577a3318904fcbf54e5607c5b6bbf	706db2a11156ef057523678f8a57060cbde1379f	604b9c2b502ae4476c967511f76693cdac2060c9	503b98cb22ae88798bb6bfca83a46676933f3600	本地实验/MULTIROW-PANEL-RMS-CHAMPION-X/V004/support/runner_main.cpp	100644	c344fbd6e08908a30453471d90b4ff465ed5b8e5		EXCLUDE	SUPPORT_SOURCE		source retained only by source commit/blob reference
W3-R4-MULTIROW-PANEL-RMS-CHAMPION-X	V005	test(r4): record V005 panel fence result	w3/m1/multirow-panel-rms	93d187f248678966fc37fc91a8fd586f066b03cc	ec18ead79df577a3318904fcbf54e5607c5b6bbf	d6cf199a3c96aad905707f2b64f1b0e63f99ac9a	503b98cb22ae88798bb6bfca83a46676933f3600	本地实验/MULTIROW-PANEL-RMS-CHAMPION-X/V005/local/MPR4-V005-LOCAL-20261005T084609Z/device_event_us.derived.tsv	100644	22dfd220b9004b145a180be5bccb7880636a31e1	证据集成/W3/Batch-09-R1-R3-R4-R5/R4/V005/local/MPR4-V005-LOCAL-20261005T084609Z/device_event_us.derived.tsv	COPY	LOCAL_RAW_STATISTICS		original bytes
W3-R4-MULTIROW-PANEL-RMS-CHAMPION-X	V005	test(r4): record V005 panel fence result	w3/m1/multirow-panel-rms	93d187f248678966fc37fc91a8fd586f066b03cc	ec18ead79df577a3318904fcbf54e5607c5b6bbf	d6cf199a3c96aad905707f2b64f1b0e63f99ac9a	503b98cb22ae88798bb6bfca83a46676933f3600	本地实验/MULTIROW-PANEL-RMS-CHAMPION-X/V005/local/MPR4-V005-LOCAL-20261005T084609Z/paired-fp16-128x12288.tsv	100644	28451b3a574917a10336ed645450bd6b69b33c13	证据集成/W3/Batch-09-R1-R3-R4-R5/R4/V005/local/MPR4-V005-LOCAL-20261005T084609Z/paired-fp16-128x12288.tsv	COPY	LOCAL_RAW_STATISTICS		original bytes
W3-R4-MULTIROW-PANEL-RMS-CHAMPION-X	V005	test(r4): record V005 panel fence result	w3/m1/multirow-panel-rms	93d187f248678966fc37fc91a8fd586f066b03cc	ec18ead79df577a3318904fcbf54e5607c5b6bbf	d6cf199a3c96aad905707f2b64f1b0e63f99ac9a	503b98cb22ae88798bb6bfca83a46676933f3600	本地实验/MULTIROW-PANEL-RMS-CHAMPION-X/V005/local/MPR4-V005-LOCAL-20261005T084609Z/post.npu-smi.txt	100644	cd21d7ef4cad642cbfbfb7cf68cd810fb476ecf3	证据集成/W3/Batch-09-R1-R3-R4-R5/R4/V005/local/MPR4-V005-LOCAL-20261005T084609Z/post.npu-smi.txt	COPY	LOCAL_CONTEXT_OR_DIAGNOSTIC		original bytes
W3-R4-MULTIROW-PANEL-RMS-CHAMPION-X	V005	test(r4): record V005 panel fence result	w3/m1/multirow-panel-rms	93d187f248678966fc37fc91a8fd586f066b03cc	ec18ead79df577a3318904fcbf54e5607c5b6bbf	d6cf199a3c96aad905707f2b64f1b0e63f99ac9a	503b98cb22ae88798bb6bfca83a46676933f3600	本地实验/MULTIROW-PANEL-RMS-CHAMPION-X/V005/local/MPR4-V005-LOCAL-20261005T084609Z/pre.npu-smi.txt	100644	a122c730fabeea3b1d348939693063e66efea5f2	证据集成/W3/Batch-09-R1-R3-R4-R5/R4/V005/local/MPR4-V005-LOCAL-20261005T084609Z/pre.npu-smi.txt	COPY	LOCAL_CONTEXT_OR_DIAGNOSTIC		original bytes
W3-R4-MULTIROW-PANEL-RMS-CHAMPION-X	V005	test(r4): record V005 panel fence result	w3/m1/multirow-panel-rms	93d187f248678966fc37fc91a8fd586f066b03cc	ec18ead79df577a3318904fcbf54e5607c5b6bbf	d6cf199a3c96aad905707f2b64f1b0e63f99ac9a	503b98cb22ae88798bb6bfca83a46676933f3600	本地实验/MULTIROW-PANEL-RMS-CHAMPION-X/V005/local/MPR4-V005-LOCAL-20261005T084609Z/runner.stdout.log	100644	e69de29bb2d1d6434b8b29ae775ad8c2e48c5391	证据集成/W3/Batch-09-R1-R3-R4-R5/R4/V005/local/MPR4-V005-LOCAL-20261005T084609Z/runner.stdout.log	COPY	RUN_LOG		original bytes
W3-R4-MULTIROW-PANEL-RMS-CHAMPION-X	V005	test(r4): record V005 panel fence result	w3/m1/multirow-panel-rms	93d187f248678966fc37fc91a8fd586f066b03cc	ec18ead79df577a3318904fcbf54e5607c5b6bbf	d6cf199a3c96aad905707f2b64f1b0e63f99ac9a	503b98cb22ae88798bb6bfca83a46676933f3600	本地实验/MULTIROW-PANEL-RMS-CHAMPION-X/V005/local/MPR4-V005-LOCAL-20261005T084609Z/wall_us.derived.tsv	100644	78144becdb82bc1136885da414cd165f55aeec0a	证据集成/W3/Batch-09-R1-R3-R4-R5/R4/V005/local/MPR4-V005-LOCAL-20261005T084609Z/wall_us.derived.tsv	COPY	LOCAL_RAW_STATISTICS		original bytes
W3-R4-MULTIROW-PANEL-RMS-CHAMPION-X	V005	test(r4): record V005 panel fence result	w3/m1/multirow-panel-rms	93d187f248678966fc37fc91a8fd586f066b03cc	ec18ead79df577a3318904fcbf54e5607c5b6bbf	d6cf199a3c96aad905707f2b64f1b0e63f99ac9a	503b98cb22ae88798bb6bfca83a46676933f3600	本地实验/MULTIROW-PANEL-RMS-CHAMPION-X/V005/logs/MPR4-V005-COMPILE-20261005T084143Z.log	100644	6e5dd2cb8788734483832c2ee8a223bd31f9b448	证据集成/W3/Batch-09-R1-R3-R4-R5/R4/V005/logs/MPR4-V005-COMPILE-20261005T084143Z.log	COPY	COMPILE_LOG		original bytes
W3-R4-MULTIROW-PANEL-RMS-CHAMPION-X	V005	test(r4): record V005 panel fence result	w3/m1/multirow-panel-rms	93d187f248678966fc37fc91a8fd586f066b03cc	ec18ead79df577a3318904fcbf54e5607c5b6bbf	d6cf199a3c96aad905707f2b64f1b0e63f99ac9a	503b98cb22ae88798bb6bfca83a46676933f3600	本地实验/MULTIROW-PANEL-RMS-CHAMPION-X/V005/logs/MPR4-V005-CORR-CANDIDATE-20261005T084500Z.post.npu-smi.txt	100644	d3a727cf88ce19b152e7bd5f34e1818df3053de1	证据集成/W3/Batch-09-R1-R3-R4-R5/R4/V005/logs/MPR4-V005-CORR-CANDIDATE-20261005T084500Z.post.npu-smi.txt	COPY	LOCAL_CONTEXT_OR_DIAGNOSTIC		original bytes
W3-R4-MULTIROW-PANEL-RMS-CHAMPION-X	V005	test(r4): record V005 panel fence result	w3/m1/multirow-panel-rms	93d187f248678966fc37fc91a8fd586f066b03cc	ec18ead79df577a3318904fcbf54e5607c5b6bbf	d6cf199a3c96aad905707f2b64f1b0e63f99ac9a	503b98cb22ae88798bb6bfca83a46676933f3600	本地实验/MULTIROW-PANEL-RMS-CHAMPION-X/V005/logs/MPR4-V005-CORR-CANDIDATE-20261005T084500Z.pre.npu-smi.txt	100644	48ed53fc6fbb66a720e186644365e8092da6aadf	证据集成/W3/Batch-09-R1-R3-R4-R5/R4/V005/logs/MPR4-V005-CORR-CANDIDATE-20261005T084500Z.pre.npu-smi.txt	COPY	LOCAL_CONTEXT_OR_DIAGNOSTIC		original bytes
W3-R4-MULTIROW-PANEL-RMS-CHAMPION-X	V005	test(r4): record V005 panel fence result	w3/m1/multirow-panel-rms	93d187f248678966fc37fc91a8fd586f066b03cc	ec18ead79df577a3318904fcbf54e5607c5b6bbf	d6cf199a3c96aad905707f2b64f1b0e63f99ac9a	503b98cb22ae88798bb6bfca83a46676933f3600	本地实验/MULTIROW-PANEL-RMS-CHAMPION-X/V005/logs/MPR4-V005-CORR-CANDIDATE-20261005T084500Z.stdout.log	100644	7165ba5d08f1885477d7e35348e0aeb659fb408f	证据集成/W3/Batch-09-R1-R3-R4-R5/R4/V005/logs/MPR4-V005-CORR-CANDIDATE-20261005T084500Z.stdout.log	COPY	RUN_LOG		original bytes
W3-R4-MULTIROW-PANEL-RMS-CHAMPION-X	V005	test(r4): record V005 panel fence result	w3/m1/multirow-panel-rms	93d187f248678966fc37fc91a8fd586f066b03cc	ec18ead79df577a3318904fcbf54e5607c5b6bbf	d6cf199a3c96aad905707f2b64f1b0e63f99ac9a	503b98cb22ae88798bb6bfca83a46676933f3600	本地实验/MULTIROW-PANEL-RMS-CHAMPION-X/V005/logs/MPR4-V005-CORR-CANDIDATE-20261005T084500Z.tsv	100644	582cb76486a16cd0f67857c835cdfe97c7d0475b	证据集成/W3/Batch-09-R1-R3-R4-R5/R4/V005/logs/MPR4-V005-CORR-CANDIDATE-20261005T084500Z.tsv	COPY	LOCAL_RAW_STATISTICS		original bytes
W3-R4-MULTIROW-PANEL-RMS-CHAMPION-X	V005	test(r4): record V005 panel fence result	w3/m1/multirow-panel-rms	93d187f248678966fc37fc91a8fd586f066b03cc	ec18ead79df577a3318904fcbf54e5607c5b6bbf	d6cf199a3c96aad905707f2b64f1b0e63f99ac9a	503b98cb22ae88798bb6bfca83a46676933f3600	本地实验/MULTIROW-PANEL-RMS-CHAMPION-X/V005/logs/MPR4-V005-CORR-PARENT-20261005T084408Z.post.npu-smi.txt	100644	9820fa724028ba559e721b798b5b30c9d8175561	证据集成/W3/Batch-09-R1-R3-R4-R5/R4/V005/logs/MPR4-V005-CORR-PARENT-20261005T084408Z.post.npu-smi.txt	COPY	LOCAL_CONTEXT_OR_DIAGNOSTIC		original bytes
W3-R4-MULTIROW-PANEL-RMS-CHAMPION-X	V005	test(r4): record V005 panel fence result	w3/m1/multirow-panel-rms	93d187f248678966fc37fc91a8fd586f066b03cc	ec18ead79df577a3318904fcbf54e5607c5b6bbf	d6cf199a3c96aad905707f2b64f1b0e63f99ac9a	503b98cb22ae88798bb6bfca83a46676933f3600	本地实验/MULTIROW-PANEL-RMS-CHAMPION-X/V005/logs/MPR4-V005-CORR-PARENT-20261005T084408Z.pre.npu-smi.txt	100644	a4b7914786beab958b5183f85d7f6edf3612a8e5	证据集成/W3/Batch-09-R1-R3-R4-R5/R4/V005/logs/MPR4-V005-CORR-PARENT-20261005T084408Z.pre.npu-smi.txt	COPY	LOCAL_CONTEXT_OR_DIAGNOSTIC		original bytes
W3-R4-MULTIROW-PANEL-RMS-CHAMPION-X	V005	test(r4): record V005 panel fence result	w3/m1/multirow-panel-rms	93d187f248678966fc37fc91a8fd586f066b03cc	ec18ead79df577a3318904fcbf54e5607c5b6bbf	d6cf199a3c96aad905707f2b64f1b0e63f99ac9a	503b98cb22ae88798bb6bfca83a46676933f3600	本地实验/MULTIROW-PANEL-RMS-CHAMPION-X/V005/logs/MPR4-V005-CORR-PARENT-20261005T084408Z.stdout.log	100644	d206967ae86ca302ee146cebc9e7477265b526b6	证据集成/W3/Batch-09-R1-R3-R4-R5/R4/V005/logs/MPR4-V005-CORR-PARENT-20261005T084408Z.stdout.log	COPY	RUN_LOG		original bytes
W3-R4-MULTIROW-PANEL-RMS-CHAMPION-X	V005	test(r4): record V005 panel fence result	w3/m1/multirow-panel-rms	93d187f248678966fc37fc91a8fd586f066b03cc	ec18ead79df577a3318904fcbf54e5607c5b6bbf	d6cf199a3c96aad905707f2b64f1b0e63f99ac9a	503b98cb22ae88798bb6bfca83a46676933f3600	本地实验/MULTIROW-PANEL-RMS-CHAMPION-X/V005/logs/MPR4-V005-CORR-PARENT-20261005T084408Z.tsv	100644	be18a6c87b5cd5373117ca259fae9bc22d031d1c	证据集成/W3/Batch-09-R1-R3-R4-R5/R4/V005/logs/MPR4-V005-CORR-PARENT-20261005T084408Z.tsv	COPY	LOCAL_RAW_STATISTICS		original bytes
W3-R4-MULTIROW-PANEL-RMS-CHAMPION-X	V005	test(r4): record V005 panel fence result	w3/m1/multirow-panel-rms	93d187f248678966fc37fc91a8fd586f066b03cc	ec18ead79df577a3318904fcbf54e5607c5b6bbf	d6cf199a3c96aad905707f2b64f1b0e63f99ac9a	503b98cb22ae88798bb6bfca83a46676933f3600	本地实验/MULTIROW-PANEL-RMS-CHAMPION-X/V005/submission.asc	100644	7441f83641a17892485f2b7f4bd27c188601dcca		EXCLUDE	CANDIDATE_OR_KERNEL_SOURCE		source retained only by source commit/blob reference
W3-R4-MULTIROW-PANEL-RMS-CHAMPION-X	V005	test(r4): record V005 panel fence result	w3/m1/multirow-panel-rms	93d187f248678966fc37fc91a8fd586f066b03cc	ec18ead79df577a3318904fcbf54e5607c5b6bbf	d6cf199a3c96aad905707f2b64f1b0e63f99ac9a	503b98cb22ae88798bb6bfca83a46676933f3600	本地实验/MULTIROW-PANEL-RMS-CHAMPION-X/V005/summary.txt	100644	a853e6efb31a4828c53185205bdb58b76aabaf74	证据集成/W3/Batch-09-R1-R3-R4-R5/R4/V005/summary.txt	COPY	LOCAL_CONTEXT_OR_DIAGNOSTIC		original bytes
W3-R4-MULTIROW-PANEL-RMS-CHAMPION-X	V005	test(r4): record V005 panel fence result	w3/m1/multirow-panel-rms	93d187f248678966fc37fc91a8fd586f066b03cc	ec18ead79df577a3318904fcbf54e5607c5b6bbf	d6cf199a3c96aad905707f2b64f1b0e63f99ac9a	503b98cb22ae88798bb6bfca83a46676933f3600	本地实验/MULTIROW-PANEL-RMS-CHAMPION-X/V005/support/CMakeLists.txt	100644	26d61167cac3e643a1461b5097915cd02b21f364		EXCLUDE	BUILD_CONFIGURATION		build configuration not copied
W3-R4-MULTIROW-PANEL-RMS-CHAMPION-X	V005	test(r4): record V005 panel fence result	w3/m1/multirow-panel-rms	93d187f248678966fc37fc91a8fd586f066b03cc	ec18ead79df577a3318904fcbf54e5607c5b6bbf	d6cf199a3c96aad905707f2b64f1b0e63f99ac9a	503b98cb22ae88798bb6bfca83a46676933f3600	本地实验/MULTIROW-PANEL-RMS-CHAMPION-X/V005/support/build_server3.sh	100644	229e343f878e8de61c0fd3f5e8690c738280aaa6		EXCLUDE	BUILD_OR_EXECUTION_SCRIPT		script not copied
W3-R4-MULTIROW-PANEL-RMS-CHAMPION-X	V005	test(r4): record V005 panel fence result	w3/m1/multirow-panel-rms	93d187f248678966fc37fc91a8fd586f066b03cc	ec18ead79df577a3318904fcbf54e5607c5b6bbf	d6cf199a3c96aad905707f2b64f1b0e63f99ac9a	503b98cb22ae88798bb6bfca83a46676933f3600	本地实验/MULTIROW-PANEL-RMS-CHAMPION-X/V005/support/candidate_kernel.asc	100644	3ef7048e01ddd88fb3d4b4a87c0ecb102c75799c		EXCLUDE	CANDIDATE_OR_KERNEL_SOURCE		source retained only by source commit/blob reference
W3-R4-MULTIROW-PANEL-RMS-CHAMPION-X	V005	test(r4): record V005 panel fence result	w3/m1/multirow-panel-rms	93d187f248678966fc37fc91a8fd586f066b03cc	ec18ead79df577a3318904fcbf54e5607c5b6bbf	d6cf199a3c96aad905707f2b64f1b0e63f99ac9a	503b98cb22ae88798bb6bfca83a46676933f3600	本地实验/MULTIROW-PANEL-RMS-CHAMPION-X/V005/support/compile_server3.sh	100644	077676233868e25731739e03ab748177937d7d79		EXCLUDE	BUILD_OR_EXECUTION_SCRIPT		script not copied
W3-R4-MULTIROW-PANEL-RMS-CHAMPION-X	V005	test(r4): record V005 panel fence result	w3/m1/multirow-panel-rms	93d187f248678966fc37fc91a8fd586f066b03cc	ec18ead79df577a3318904fcbf54e5607c5b6bbf	d6cf199a3c96aad905707f2b64f1b0e63f99ac9a	503b98cb22ae88798bb6bfca83a46676933f3600	本地实验/MULTIROW-PANEL-RMS-CHAMPION-X/V005/support/local_abi_shim.h	100644	f52411b2c5f6b614ff1e61f30707250a43cc10d3		EXCLUDE	SUPPORT_SOURCE		source retained only by source commit/blob reference
W3-R4-MULTIROW-PANEL-RMS-CHAMPION-X	V005	test(r4): record V005 panel fence result	w3/m1/multirow-panel-rms	93d187f248678966fc37fc91a8fd586f066b03cc	ec18ead79df577a3318904fcbf54e5607c5b6bbf	d6cf199a3c96aad905707f2b64f1b0e63f99ac9a	503b98cb22ae88798bb6bfca83a46676933f3600	本地实验/MULTIROW-PANEL-RMS-CHAMPION-X/V005/support/parent_kernel.asc	100644	9dbb3053c84dc39f4aee7826176ba96b70f413bc		EXCLUDE	CANDIDATE_OR_KERNEL_SOURCE		source retained only by source commit/blob reference
W3-R4-MULTIROW-PANEL-RMS-CHAMPION-X	V005	test(r4): record V005 panel fence result	w3/m1/multirow-panel-rms	93d187f248678966fc37fc91a8fd586f066b03cc	ec18ead79df577a3318904fcbf54e5607c5b6bbf	d6cf199a3c96aad905707f2b64f1b0e63f99ac9a	503b98cb22ae88798bb6bfca83a46676933f3600	本地实验/MULTIROW-PANEL-RMS-CHAMPION-X/V005/support/runner_main.cpp	100644	c344fbd6e08908a30453471d90b4ff465ed5b8e5		EXCLUDE	SUPPORT_SOURCE		source retained only by source commit/blob reference
W3-R4-MULTIROW-PANEL-RMS-CHAMPION-X	V006	test(r4): record V006 RMS identity result	w3/m1/multirow-panel-rms	4c7cecce1f8a4cfdb001dfec1e82c78293925eb5	93d187f248678966fc37fc91a8fd586f066b03cc	ebfb4d43db4fa8b0688f98bc56a7931d3de18478	503b98cb22ae88798bb6bfca83a46676933f3600	本地实验/MULTIROW-PANEL-RMS-CHAMPION-X/V006/local/MPR4-V006-LOCAL-20261005T090734Z/device_event_us.derived.tsv	100644	63c67d2eb0ce92836ff453afc9c62071ca79ff20	证据集成/W3/Batch-09-R1-R3-R4-R5/R4/V006/local/MPR4-V006-LOCAL-20261005T090734Z/device_event_us.derived.tsv	COPY	LOCAL_RAW_STATISTICS		original bytes
W3-R4-MULTIROW-PANEL-RMS-CHAMPION-X	V006	test(r4): record V006 RMS identity result	w3/m1/multirow-panel-rms	4c7cecce1f8a4cfdb001dfec1e82c78293925eb5	93d187f248678966fc37fc91a8fd586f066b03cc	ebfb4d43db4fa8b0688f98bc56a7931d3de18478	503b98cb22ae88798bb6bfca83a46676933f3600	本地实验/MULTIROW-PANEL-RMS-CHAMPION-X/V006/local/MPR4-V006-LOCAL-20261005T090734Z/paired-fp16-128x12288.tsv	100644	48add810634ced5129c23c9f8f17fd8bd43b0fce	证据集成/W3/Batch-09-R1-R3-R4-R5/R4/V006/local/MPR4-V006-LOCAL-20261005T090734Z/paired-fp16-128x12288.tsv	COPY	LOCAL_RAW_STATISTICS		original bytes
W3-R4-MULTIROW-PANEL-RMS-CHAMPION-X	V006	test(r4): record V006 RMS identity result	w3/m1/multirow-panel-rms	4c7cecce1f8a4cfdb001dfec1e82c78293925eb5	93d187f248678966fc37fc91a8fd586f066b03cc	ebfb4d43db4fa8b0688f98bc56a7931d3de18478	503b98cb22ae88798bb6bfca83a46676933f3600	本地实验/MULTIROW-PANEL-RMS-CHAMPION-X/V006/local/MPR4-V006-LOCAL-20261005T090734Z/post.npu-smi.txt	100644	93409f5d5f94b56dafd9a3659601e0493edd304a	证据集成/W3/Batch-09-R1-R3-R4-R5/R4/V006/local/MPR4-V006-LOCAL-20261005T090734Z/post.npu-smi.txt	COPY	LOCAL_CONTEXT_OR_DIAGNOSTIC		original bytes
W3-R4-MULTIROW-PANEL-RMS-CHAMPION-X	V006	test(r4): record V006 RMS identity result	w3/m1/multirow-panel-rms	4c7cecce1f8a4cfdb001dfec1e82c78293925eb5	93d187f248678966fc37fc91a8fd586f066b03cc	ebfb4d43db4fa8b0688f98bc56a7931d3de18478	503b98cb22ae88798bb6bfca83a46676933f3600	本地实验/MULTIROW-PANEL-RMS-CHAMPION-X/V006/local/MPR4-V006-LOCAL-20261005T090734Z/pre.npu-smi.txt	100644	6f2245db269ee26347b9f0f6552a5ee06c625907	证据集成/W3/Batch-09-R1-R3-R4-R5/R4/V006/local/MPR4-V006-LOCAL-20261005T090734Z/pre.npu-smi.txt	COPY	LOCAL_CONTEXT_OR_DIAGNOSTIC		original bytes
W3-R4-MULTIROW-PANEL-RMS-CHAMPION-X	V006	test(r4): record V006 RMS identity result	w3/m1/multirow-panel-rms	4c7cecce1f8a4cfdb001dfec1e82c78293925eb5	93d187f248678966fc37fc91a8fd586f066b03cc	ebfb4d43db4fa8b0688f98bc56a7931d3de18478	503b98cb22ae88798bb6bfca83a46676933f3600	本地实验/MULTIROW-PANEL-RMS-CHAMPION-X/V006/local/MPR4-V006-LOCAL-20261005T090734Z/runner.stdout.log	100644	e69de29bb2d1d6434b8b29ae775ad8c2e48c5391	证据集成/W3/Batch-09-R1-R3-R4-R5/R4/V006/local/MPR4-V006-LOCAL-20261005T090734Z/runner.stdout.log	COPY	RUN_LOG		original bytes
W3-R4-MULTIROW-PANEL-RMS-CHAMPION-X	V006	test(r4): record V006 RMS identity result	w3/m1/multirow-panel-rms	4c7cecce1f8a4cfdb001dfec1e82c78293925eb5	93d187f248678966fc37fc91a8fd586f066b03cc	ebfb4d43db4fa8b0688f98bc56a7931d3de18478	503b98cb22ae88798bb6bfca83a46676933f3600	本地实验/MULTIROW-PANEL-RMS-CHAMPION-X/V006/local/MPR4-V006-LOCAL-20261005T090734Z/wall_us.derived.tsv	100644	15e87a82dd6004dd614d89b8faa7e61d16d0aa7a	证据集成/W3/Batch-09-R1-R3-R4-R5/R4/V006/local/MPR4-V006-LOCAL-20261005T090734Z/wall_us.derived.tsv	COPY	LOCAL_RAW_STATISTICS		original bytes
W3-R4-MULTIROW-PANEL-RMS-CHAMPION-X	V006	test(r4): record V006 RMS identity result	w3/m1/multirow-panel-rms	4c7cecce1f8a4cfdb001dfec1e82c78293925eb5	93d187f248678966fc37fc91a8fd586f066b03cc	ebfb4d43db4fa8b0688f98bc56a7931d3de18478	503b98cb22ae88798bb6bfca83a46676933f3600	本地实验/MULTIROW-PANEL-RMS-CHAMPION-X/V006/logs/MPR4-V006-COMPILE-20261005T090315Z.log	100644	beeba55d910aa2840ba8c4a13788ea0d81aadb3a	证据集成/W3/Batch-09-R1-R3-R4-R5/R4/V006/logs/MPR4-V006-COMPILE-20261005T090315Z.log	COPY	COMPILE_LOG		original bytes
W3-R4-MULTIROW-PANEL-RMS-CHAMPION-X	V006	test(r4): record V006 RMS identity result	w3/m1/multirow-panel-rms	4c7cecce1f8a4cfdb001dfec1e82c78293925eb5	93d187f248678966fc37fc91a8fd586f066b03cc	ebfb4d43db4fa8b0688f98bc56a7931d3de18478	503b98cb22ae88798bb6bfca83a46676933f3600	本地实验/MULTIROW-PANEL-RMS-CHAMPION-X/V006/logs/MPR4-V006-CORR-CANDIDATE-20261005T090642Z.post.npu-smi.txt	100644	b13db08b97040f72db901e2b90cbf8a64d6ec30b	证据集成/W3/Batch-09-R1-R3-R4-R5/R4/V006/logs/MPR4-V006-CORR-CANDIDATE-20261005T090642Z.post.npu-smi.txt	COPY	LOCAL_CONTEXT_OR_DIAGNOSTIC		original bytes
W3-R4-MULTIROW-PANEL-RMS-CHAMPION-X	V006	test(r4): record V006 RMS identity result	w3/m1/multirow-panel-rms	4c7cecce1f8a4cfdb001dfec1e82c78293925eb5	93d187f248678966fc37fc91a8fd586f066b03cc	ebfb4d43db4fa8b0688f98bc56a7931d3de18478	503b98cb22ae88798bb6bfca83a46676933f3600	本地实验/MULTIROW-PANEL-RMS-CHAMPION-X/V006/logs/MPR4-V006-CORR-CANDIDATE-20261005T090642Z.pre.npu-smi.txt	100644	24a6f882038aa1f59e5739513aec75cb0c128f88	证据集成/W3/Batch-09-R1-R3-R4-R5/R4/V006/logs/MPR4-V006-CORR-CANDIDATE-20261005T090642Z.pre.npu-smi.txt	COPY	LOCAL_CONTEXT_OR_DIAGNOSTIC		original bytes
W3-R4-MULTIROW-PANEL-RMS-CHAMPION-X	V006	test(r4): record V006 RMS identity result	w3/m1/multirow-panel-rms	4c7cecce1f8a4cfdb001dfec1e82c78293925eb5	93d187f248678966fc37fc91a8fd586f066b03cc	ebfb4d43db4fa8b0688f98bc56a7931d3de18478	503b98cb22ae88798bb6bfca83a46676933f3600	本地实验/MULTIROW-PANEL-RMS-CHAMPION-X/V006/logs/MPR4-V006-CORR-CANDIDATE-20261005T090642Z.stdout.log	100644	7165ba5d08f1885477d7e35348e0aeb659fb408f	证据集成/W3/Batch-09-R1-R3-R4-R5/R4/V006/logs/MPR4-V006-CORR-CANDIDATE-20261005T090642Z.stdout.log	COPY	RUN_LOG		original bytes
W3-R4-MULTIROW-PANEL-RMS-CHAMPION-X	V006	test(r4): record V006 RMS identity result	w3/m1/multirow-panel-rms	4c7cecce1f8a4cfdb001dfec1e82c78293925eb5	93d187f248678966fc37fc91a8fd586f066b03cc	ebfb4d43db4fa8b0688f98bc56a7931d3de18478	503b98cb22ae88798bb6bfca83a46676933f3600	本地实验/MULTIROW-PANEL-RMS-CHAMPION-X/V006/logs/MPR4-V006-CORR-CANDIDATE-20261005T090642Z.tsv	100644	49095623b0995de0f797c173c274338ed58cc48b	证据集成/W3/Batch-09-R1-R3-R4-R5/R4/V006/logs/MPR4-V006-CORR-CANDIDATE-20261005T090642Z.tsv	COPY	LOCAL_RAW_STATISTICS		original bytes
W3-R4-MULTIROW-PANEL-RMS-CHAMPION-X	V006	test(r4): record V006 RMS identity result	w3/m1/multirow-panel-rms	4c7cecce1f8a4cfdb001dfec1e82c78293925eb5	93d187f248678966fc37fc91a8fd586f066b03cc	ebfb4d43db4fa8b0688f98bc56a7931d3de18478	503b98cb22ae88798bb6bfca83a46676933f3600	本地实验/MULTIROW-PANEL-RMS-CHAMPION-X/V006/logs/MPR4-V006-CORR-PARENT-20261005T090541Z.post.npu-smi.txt	100644	8ef38f2b78bfecee70aa9ee0717dc7093caa0718	证据集成/W3/Batch-09-R1-R3-R4-R5/R4/V006/logs/MPR4-V006-CORR-PARENT-20261005T090541Z.post.npu-smi.txt	COPY	LOCAL_CONTEXT_OR_DIAGNOSTIC		original bytes
W3-R4-MULTIROW-PANEL-RMS-CHAMPION-X	V006	test(r4): record V006 RMS identity result	w3/m1/multirow-panel-rms	4c7cecce1f8a4cfdb001dfec1e82c78293925eb5	93d187f248678966fc37fc91a8fd586f066b03cc	ebfb4d43db4fa8b0688f98bc56a7931d3de18478	503b98cb22ae88798bb6bfca83a46676933f3600	本地实验/MULTIROW-PANEL-RMS-CHAMPION-X/V006/logs/MPR4-V006-CORR-PARENT-20261005T090541Z.pre.npu-smi.txt	100644	cf199f754499f4b80f820254c2075a9f097f15a2	证据集成/W3/Batch-09-R1-R3-R4-R5/R4/V006/logs/MPR4-V006-CORR-PARENT-20261005T090541Z.pre.npu-smi.txt	COPY	LOCAL_CONTEXT_OR_DIAGNOSTIC		original bytes
W3-R4-MULTIROW-PANEL-RMS-CHAMPION-X	V006	test(r4): record V006 RMS identity result	w3/m1/multirow-panel-rms	4c7cecce1f8a4cfdb001dfec1e82c78293925eb5	93d187f248678966fc37fc91a8fd586f066b03cc	ebfb4d43db4fa8b0688f98bc56a7931d3de18478	503b98cb22ae88798bb6bfca83a46676933f3600	本地实验/MULTIROW-PANEL-RMS-CHAMPION-X/V006/logs/MPR4-V006-CORR-PARENT-20261005T090541Z.stdout.log	100644	d206967ae86ca302ee146cebc9e7477265b526b6	证据集成/W3/Batch-09-R1-R3-R4-R5/R4/V006/logs/MPR4-V006-CORR-PARENT-20261005T090541Z.stdout.log	COPY	RUN_LOG		original bytes
W3-R4-MULTIROW-PANEL-RMS-CHAMPION-X	V006	test(r4): record V006 RMS identity result	w3/m1/multirow-panel-rms	4c7cecce1f8a4cfdb001dfec1e82c78293925eb5	93d187f248678966fc37fc91a8fd586f066b03cc	ebfb4d43db4fa8b0688f98bc56a7931d3de18478	503b98cb22ae88798bb6bfca83a46676933f3600	本地实验/MULTIROW-PANEL-RMS-CHAMPION-X/V006/logs/MPR4-V006-CORR-PARENT-20261005T090541Z.tsv	100644	6057c6dd70eed87f3a3c667bfb705e6c0401bd3d	证据集成/W3/Batch-09-R1-R3-R4-R5/R4/V006/logs/MPR4-V006-CORR-PARENT-20261005T090541Z.tsv	COPY	LOCAL_RAW_STATISTICS		original bytes
W3-R4-MULTIROW-PANEL-RMS-CHAMPION-X	V006	test(r4): record V006 RMS identity result	w3/m1/multirow-panel-rms	4c7cecce1f8a4cfdb001dfec1e82c78293925eb5	93d187f248678966fc37fc91a8fd586f066b03cc	ebfb4d43db4fa8b0688f98bc56a7931d3de18478	503b98cb22ae88798bb6bfca83a46676933f3600	本地实验/MULTIROW-PANEL-RMS-CHAMPION-X/V006/submission.asc	100644	0d0b4f435696a6417829d50cec1a22af0f24b232		EXCLUDE	CANDIDATE_OR_KERNEL_SOURCE		source retained only by source commit/blob reference
W3-R4-MULTIROW-PANEL-RMS-CHAMPION-X	V006	test(r4): record V006 RMS identity result	w3/m1/multirow-panel-rms	4c7cecce1f8a4cfdb001dfec1e82c78293925eb5	93d187f248678966fc37fc91a8fd586f066b03cc	ebfb4d43db4fa8b0688f98bc56a7931d3de18478	503b98cb22ae88798bb6bfca83a46676933f3600	本地实验/MULTIROW-PANEL-RMS-CHAMPION-X/V006/summary.txt	100644	2d000171a81a04367b8ab01ab638ce2adf91d5b6	证据集成/W3/Batch-09-R1-R3-R4-R5/R4/V006/summary.txt	COPY	LOCAL_CONTEXT_OR_DIAGNOSTIC		original bytes
W3-R4-MULTIROW-PANEL-RMS-CHAMPION-X	V006	test(r4): record V006 RMS identity result	w3/m1/multirow-panel-rms	4c7cecce1f8a4cfdb001dfec1e82c78293925eb5	93d187f248678966fc37fc91a8fd586f066b03cc	ebfb4d43db4fa8b0688f98bc56a7931d3de18478	503b98cb22ae88798bb6bfca83a46676933f3600	本地实验/MULTIROW-PANEL-RMS-CHAMPION-X/V006/support/CMakeLists.txt	100644	26d61167cac3e643a1461b5097915cd02b21f364		EXCLUDE	BUILD_CONFIGURATION		build configuration not copied
W3-R4-MULTIROW-PANEL-RMS-CHAMPION-X	V006	test(r4): record V006 RMS identity result	w3/m1/multirow-panel-rms	4c7cecce1f8a4cfdb001dfec1e82c78293925eb5	93d187f248678966fc37fc91a8fd586f066b03cc	ebfb4d43db4fa8b0688f98bc56a7931d3de18478	503b98cb22ae88798bb6bfca83a46676933f3600	本地实验/MULTIROW-PANEL-RMS-CHAMPION-X/V006/support/build_server3.sh	100644	229e343f878e8de61c0fd3f5e8690c738280aaa6		EXCLUDE	BUILD_OR_EXECUTION_SCRIPT		script not copied
W3-R4-MULTIROW-PANEL-RMS-CHAMPION-X	V006	test(r4): record V006 RMS identity result	w3/m1/multirow-panel-rms	4c7cecce1f8a4cfdb001dfec1e82c78293925eb5	93d187f248678966fc37fc91a8fd586f066b03cc	ebfb4d43db4fa8b0688f98bc56a7931d3de18478	503b98cb22ae88798bb6bfca83a46676933f3600	本地实验/MULTIROW-PANEL-RMS-CHAMPION-X/V006/support/candidate_kernel.asc	100644	3ef7048e01ddd88fb3d4b4a87c0ecb102c75799c		EXCLUDE	CANDIDATE_OR_KERNEL_SOURCE		source retained only by source commit/blob reference
W3-R4-MULTIROW-PANEL-RMS-CHAMPION-X	V006	test(r4): record V006 RMS identity result	w3/m1/multirow-panel-rms	4c7cecce1f8a4cfdb001dfec1e82c78293925eb5	93d187f248678966fc37fc91a8fd586f066b03cc	ebfb4d43db4fa8b0688f98bc56a7931d3de18478	503b98cb22ae88798bb6bfca83a46676933f3600	本地实验/MULTIROW-PANEL-RMS-CHAMPION-X/V006/support/compile_server3.sh	100644	dd10245755135005cdea43b219022d1c6ec0ef4e		EXCLUDE	BUILD_OR_EXECUTION_SCRIPT		script not copied
W3-R4-MULTIROW-PANEL-RMS-CHAMPION-X	V006	test(r4): record V006 RMS identity result	w3/m1/multirow-panel-rms	4c7cecce1f8a4cfdb001dfec1e82c78293925eb5	93d187f248678966fc37fc91a8fd586f066b03cc	ebfb4d43db4fa8b0688f98bc56a7931d3de18478	503b98cb22ae88798bb6bfca83a46676933f3600	本地实验/MULTIROW-PANEL-RMS-CHAMPION-X/V006/support/local_abi_shim.h	100644	f52411b2c5f6b614ff1e61f30707250a43cc10d3		EXCLUDE	SUPPORT_SOURCE		source retained only by source commit/blob reference
W3-R4-MULTIROW-PANEL-RMS-CHAMPION-X	V006	test(r4): record V006 RMS identity result	w3/m1/multirow-panel-rms	4c7cecce1f8a4cfdb001dfec1e82c78293925eb5	93d187f248678966fc37fc91a8fd586f066b03cc	ebfb4d43db4fa8b0688f98bc56a7931d3de18478	503b98cb22ae88798bb6bfca83a46676933f3600	本地实验/MULTIROW-PANEL-RMS-CHAMPION-X/V006/support/parent_kernel.asc	100644	9dbb3053c84dc39f4aee7826176ba96b70f413bc		EXCLUDE	CANDIDATE_OR_KERNEL_SOURCE		source retained only by source commit/blob reference
W3-R4-MULTIROW-PANEL-RMS-CHAMPION-X	V006	test(r4): record V006 RMS identity result	w3/m1/multirow-panel-rms	4c7cecce1f8a4cfdb001dfec1e82c78293925eb5	93d187f248678966fc37fc91a8fd586f066b03cc	ebfb4d43db4fa8b0688f98bc56a7931d3de18478	503b98cb22ae88798bb6bfca83a46676933f3600	本地实验/MULTIROW-PANEL-RMS-CHAMPION-X/V006/support/runner_main.cpp	100644	c344fbd6e08908a30453471d90b4ff465ed5b8e5		EXCLUDE	SUPPORT_SOURCE		source retained only by source commit/blob reference
W3-R4-MULTIROW-PANEL-RMS-CHAMPION-X	V007	test(r4): record V007 input prefetch result	w3/m1/multirow-panel-rms	f384bdbb80e9af09b3e15d1a73b4019ad1e18b92	4c7cecce1f8a4cfdb001dfec1e82c78293925eb5	e1051d3ba3dd4095e78dd7385236c2b2cb007a1c	503b98cb22ae88798bb6bfca83a46676933f3600	本地实验/MULTIROW-PANEL-RMS-CHAMPION-X/V007/local/MPR4-V007-LOCAL-20261005T093253Z/device_event_us.derived.tsv	100644	87c9fa0e0c0955dd812ef4fc4d53e4d184152322	证据集成/W3/Batch-09-R1-R3-R4-R5/R4/V007/local/MPR4-V007-LOCAL-20261005T093253Z/device_event_us.derived.tsv	COPY	LOCAL_RAW_STATISTICS		original bytes
W3-R4-MULTIROW-PANEL-RMS-CHAMPION-X	V007	test(r4): record V007 input prefetch result	w3/m1/multirow-panel-rms	f384bdbb80e9af09b3e15d1a73b4019ad1e18b92	4c7cecce1f8a4cfdb001dfec1e82c78293925eb5	e1051d3ba3dd4095e78dd7385236c2b2cb007a1c	503b98cb22ae88798bb6bfca83a46676933f3600	本地实验/MULTIROW-PANEL-RMS-CHAMPION-X/V007/local/MPR4-V007-LOCAL-20261005T093253Z/paired-fp16-128x12288.tsv	100644	6aa708f07b55a7d0eda39c3bef5654f168706069	证据集成/W3/Batch-09-R1-R3-R4-R5/R4/V007/local/MPR4-V007-LOCAL-20261005T093253Z/paired-fp16-128x12288.tsv	COPY	LOCAL_RAW_STATISTICS		original bytes
W3-R4-MULTIROW-PANEL-RMS-CHAMPION-X	V007	test(r4): record V007 input prefetch result	w3/m1/multirow-panel-rms	f384bdbb80e9af09b3e15d1a73b4019ad1e18b92	4c7cecce1f8a4cfdb001dfec1e82c78293925eb5	e1051d3ba3dd4095e78dd7385236c2b2cb007a1c	503b98cb22ae88798bb6bfca83a46676933f3600	本地实验/MULTIROW-PANEL-RMS-CHAMPION-X/V007/local/MPR4-V007-LOCAL-20261005T093253Z/post.npu-smi.txt	100644	964c56350dd0734841f719ace8efc6525fb389da	证据集成/W3/Batch-09-R1-R3-R4-R5/R4/V007/local/MPR4-V007-LOCAL-20261005T093253Z/post.npu-smi.txt	COPY	LOCAL_CONTEXT_OR_DIAGNOSTIC		original bytes
W3-R4-MULTIROW-PANEL-RMS-CHAMPION-X	V007	test(r4): record V007 input prefetch result	w3/m1/multirow-panel-rms	f384bdbb80e9af09b3e15d1a73b4019ad1e18b92	4c7cecce1f8a4cfdb001dfec1e82c78293925eb5	e1051d3ba3dd4095e78dd7385236c2b2cb007a1c	503b98cb22ae88798bb6bfca83a46676933f3600	本地实验/MULTIROW-PANEL-RMS-CHAMPION-X/V007/local/MPR4-V007-LOCAL-20261005T093253Z/pre.npu-smi.txt	100644	31fcd59d45fb0c550a9a2c912ab6164b97489183	证据集成/W3/Batch-09-R1-R3-R4-R5/R4/V007/local/MPR4-V007-LOCAL-20261005T093253Z/pre.npu-smi.txt	COPY	LOCAL_CONTEXT_OR_DIAGNOSTIC		original bytes
W3-R4-MULTIROW-PANEL-RMS-CHAMPION-X	V007	test(r4): record V007 input prefetch result	w3/m1/multirow-panel-rms	f384bdbb80e9af09b3e15d1a73b4019ad1e18b92	4c7cecce1f8a4cfdb001dfec1e82c78293925eb5	e1051d3ba3dd4095e78dd7385236c2b2cb007a1c	503b98cb22ae88798bb6bfca83a46676933f3600	本地实验/MULTIROW-PANEL-RMS-CHAMPION-X/V007/local/MPR4-V007-LOCAL-20261005T093253Z/runner.stdout.log	100644	e69de29bb2d1d6434b8b29ae775ad8c2e48c5391	证据集成/W3/Batch-09-R1-R3-R4-R5/R4/V007/local/MPR4-V007-LOCAL-20261005T093253Z/runner.stdout.log	COPY	RUN_LOG		original bytes
W3-R4-MULTIROW-PANEL-RMS-CHAMPION-X	V007	test(r4): record V007 input prefetch result	w3/m1/multirow-panel-rms	f384bdbb80e9af09b3e15d1a73b4019ad1e18b92	4c7cecce1f8a4cfdb001dfec1e82c78293925eb5	e1051d3ba3dd4095e78dd7385236c2b2cb007a1c	503b98cb22ae88798bb6bfca83a46676933f3600	本地实验/MULTIROW-PANEL-RMS-CHAMPION-X/V007/local/MPR4-V007-LOCAL-20261005T093253Z/wall_us.derived.tsv	100644	5a1195a4871066ebb34433e63b572a721c9da913	证据集成/W3/Batch-09-R1-R3-R4-R5/R4/V007/local/MPR4-V007-LOCAL-20261005T093253Z/wall_us.derived.tsv	COPY	LOCAL_RAW_STATISTICS		original bytes
W3-R4-MULTIROW-PANEL-RMS-CHAMPION-X	V007	test(r4): record V007 input prefetch result	w3/m1/multirow-panel-rms	f384bdbb80e9af09b3e15d1a73b4019ad1e18b92	4c7cecce1f8a4cfdb001dfec1e82c78293925eb5	e1051d3ba3dd4095e78dd7385236c2b2cb007a1c	503b98cb22ae88798bb6bfca83a46676933f3600	本地实验/MULTIROW-PANEL-RMS-CHAMPION-X/V007/logs/MPR4-V007-COMPILE-20261005T092856Z.log	100644	17a6db9463b325c4debd99f72b238b79309bdb19	证据集成/W3/Batch-09-R1-R3-R4-R5/R4/V007/logs/MPR4-V007-COMPILE-20261005T092856Z.log	COPY	COMPILE_LOG		original bytes
W3-R4-MULTIROW-PANEL-RMS-CHAMPION-X	V007	test(r4): record V007 input prefetch result	w3/m1/multirow-panel-rms	f384bdbb80e9af09b3e15d1a73b4019ad1e18b92	4c7cecce1f8a4cfdb001dfec1e82c78293925eb5	e1051d3ba3dd4095e78dd7385236c2b2cb007a1c	503b98cb22ae88798bb6bfca83a46676933f3600	本地实验/MULTIROW-PANEL-RMS-CHAMPION-X/V007/logs/MPR4-V007-CORR-CANDIDATE-20261005T093145Z.post.npu-smi.txt	100644	3f4bf2ba9734ec89576068063af9645e21615a90	证据集成/W3/Batch-09-R1-R3-R4-R5/R4/V007/logs/MPR4-V007-CORR-CANDIDATE-20261005T093145Z.post.npu-smi.txt	COPY	LOCAL_CONTEXT_OR_DIAGNOSTIC		original bytes
W3-R4-MULTIROW-PANEL-RMS-CHAMPION-X	V007	test(r4): record V007 input prefetch result	w3/m1/multirow-panel-rms	f384bdbb80e9af09b3e15d1a73b4019ad1e18b92	4c7cecce1f8a4cfdb001dfec1e82c78293925eb5	e1051d3ba3dd4095e78dd7385236c2b2cb007a1c	503b98cb22ae88798bb6bfca83a46676933f3600	本地实验/MULTIROW-PANEL-RMS-CHAMPION-X/V007/logs/MPR4-V007-CORR-CANDIDATE-20261005T093145Z.pre.npu-smi.txt	100644	b87215ef4a33f9431257adcb401ad3d1d6c519d2	证据集成/W3/Batch-09-R1-R3-R4-R5/R4/V007/logs/MPR4-V007-CORR-CANDIDATE-20261005T093145Z.pre.npu-smi.txt	COPY	LOCAL_CONTEXT_OR_DIAGNOSTIC		original bytes
W3-R4-MULTIROW-PANEL-RMS-CHAMPION-X	V007	test(r4): record V007 input prefetch result	w3/m1/multirow-panel-rms	f384bdbb80e9af09b3e15d1a73b4019ad1e18b92	4c7cecce1f8a4cfdb001dfec1e82c78293925eb5	e1051d3ba3dd4095e78dd7385236c2b2cb007a1c	503b98cb22ae88798bb6bfca83a46676933f3600	本地实验/MULTIROW-PANEL-RMS-CHAMPION-X/V007/logs/MPR4-V007-CORR-CANDIDATE-20261005T093145Z.stdout.log	100644	7165ba5d08f1885477d7e35348e0aeb659fb408f	证据集成/W3/Batch-09-R1-R3-R4-R5/R4/V007/logs/MPR4-V007-CORR-CANDIDATE-20261005T093145Z.stdout.log	COPY	RUN_LOG		original bytes
W3-R4-MULTIROW-PANEL-RMS-CHAMPION-X	V007	test(r4): record V007 input prefetch result	w3/m1/multirow-panel-rms	f384bdbb80e9af09b3e15d1a73b4019ad1e18b92	4c7cecce1f8a4cfdb001dfec1e82c78293925eb5	e1051d3ba3dd4095e78dd7385236c2b2cb007a1c	503b98cb22ae88798bb6bfca83a46676933f3600	本地实验/MULTIROW-PANEL-RMS-CHAMPION-X/V007/logs/MPR4-V007-CORR-CANDIDATE-20261005T093145Z.tsv	100644	415e4e69510e2489cbb7dfa30b3fd16df248ba6c	证据集成/W3/Batch-09-R1-R3-R4-R5/R4/V007/logs/MPR4-V007-CORR-CANDIDATE-20261005T093145Z.tsv	COPY	LOCAL_RAW_STATISTICS		original bytes
W3-R4-MULTIROW-PANEL-RMS-CHAMPION-X	V007	test(r4): record V007 input prefetch result	w3/m1/multirow-panel-rms	f384bdbb80e9af09b3e15d1a73b4019ad1e18b92	4c7cecce1f8a4cfdb001dfec1e82c78293925eb5	e1051d3ba3dd4095e78dd7385236c2b2cb007a1c	503b98cb22ae88798bb6bfca83a46676933f3600	本地实验/MULTIROW-PANEL-RMS-CHAMPION-X/V007/logs/MPR4-V007-CORR-PARENT-20261005T093046Z.post.npu-smi.txt	100644	337b5359d7f5f4683f4f0e499dececcc54e6ad2d	证据集成/W3/Batch-09-R1-R3-R4-R5/R4/V007/logs/MPR4-V007-CORR-PARENT-20261005T093046Z.post.npu-smi.txt	COPY	LOCAL_CONTEXT_OR_DIAGNOSTIC		original bytes
W3-R4-MULTIROW-PANEL-RMS-CHAMPION-X	V007	test(r4): record V007 input prefetch result	w3/m1/multirow-panel-rms	f384bdbb80e9af09b3e15d1a73b4019ad1e18b92	4c7cecce1f8a4cfdb001dfec1e82c78293925eb5	e1051d3ba3dd4095e78dd7385236c2b2cb007a1c	503b98cb22ae88798bb6bfca83a46676933f3600	本地实验/MULTIROW-PANEL-RMS-CHAMPION-X/V007/logs/MPR4-V007-CORR-PARENT-20261005T093046Z.pre.npu-smi.txt	100644	00312c5e036bc89d7ee3a80f7a159315eeea10f9	证据集成/W3/Batch-09-R1-R3-R4-R5/R4/V007/logs/MPR4-V007-CORR-PARENT-20261005T093046Z.pre.npu-smi.txt	COPY	LOCAL_CONTEXT_OR_DIAGNOSTIC		original bytes
W3-R4-MULTIROW-PANEL-RMS-CHAMPION-X	V007	test(r4): record V007 input prefetch result	w3/m1/multirow-panel-rms	f384bdbb80e9af09b3e15d1a73b4019ad1e18b92	4c7cecce1f8a4cfdb001dfec1e82c78293925eb5	e1051d3ba3dd4095e78dd7385236c2b2cb007a1c	503b98cb22ae88798bb6bfca83a46676933f3600	本地实验/MULTIROW-PANEL-RMS-CHAMPION-X/V007/logs/MPR4-V007-CORR-PARENT-20261005T093046Z.stdout.log	100644	d206967ae86ca302ee146cebc9e7477265b526b6	证据集成/W3/Batch-09-R1-R3-R4-R5/R4/V007/logs/MPR4-V007-CORR-PARENT-20261005T093046Z.stdout.log	COPY	RUN_LOG		original bytes
W3-R4-MULTIROW-PANEL-RMS-CHAMPION-X	V007	test(r4): record V007 input prefetch result	w3/m1/multirow-panel-rms	f384bdbb80e9af09b3e15d1a73b4019ad1e18b92	4c7cecce1f8a4cfdb001dfec1e82c78293925eb5	e1051d3ba3dd4095e78dd7385236c2b2cb007a1c	503b98cb22ae88798bb6bfca83a46676933f3600	本地实验/MULTIROW-PANEL-RMS-CHAMPION-X/V007/logs/MPR4-V007-CORR-PARENT-20261005T093046Z.tsv	100644	517f4ad1e7b9ef2a1a7558fa653c3c2c872289aa	证据集成/W3/Batch-09-R1-R3-R4-R5/R4/V007/logs/MPR4-V007-CORR-PARENT-20261005T093046Z.tsv	COPY	LOCAL_RAW_STATISTICS		original bytes
W3-R4-MULTIROW-PANEL-RMS-CHAMPION-X	V007	test(r4): record V007 input prefetch result	w3/m1/multirow-panel-rms	f384bdbb80e9af09b3e15d1a73b4019ad1e18b92	4c7cecce1f8a4cfdb001dfec1e82c78293925eb5	e1051d3ba3dd4095e78dd7385236c2b2cb007a1c	503b98cb22ae88798bb6bfca83a46676933f3600	本地实验/MULTIROW-PANEL-RMS-CHAMPION-X/V007/submission.asc	100644	4013887a391e782ad3cfd4c26919be6180507f44		EXCLUDE	CANDIDATE_OR_KERNEL_SOURCE		source retained only by source commit/blob reference
W3-R4-MULTIROW-PANEL-RMS-CHAMPION-X	V007	test(r4): record V007 input prefetch result	w3/m1/multirow-panel-rms	f384bdbb80e9af09b3e15d1a73b4019ad1e18b92	4c7cecce1f8a4cfdb001dfec1e82c78293925eb5	e1051d3ba3dd4095e78dd7385236c2b2cb007a1c	503b98cb22ae88798bb6bfca83a46676933f3600	本地实验/MULTIROW-PANEL-RMS-CHAMPION-X/V007/summary.txt	100644	d49425fa5762757725e02683f07115404a53eee6	证据集成/W3/Batch-09-R1-R3-R4-R5/R4/V007/summary.txt	COPY	LOCAL_CONTEXT_OR_DIAGNOSTIC		original bytes
W3-R4-MULTIROW-PANEL-RMS-CHAMPION-X	V007	test(r4): record V007 input prefetch result	w3/m1/multirow-panel-rms	f384bdbb80e9af09b3e15d1a73b4019ad1e18b92	4c7cecce1f8a4cfdb001dfec1e82c78293925eb5	e1051d3ba3dd4095e78dd7385236c2b2cb007a1c	503b98cb22ae88798bb6bfca83a46676933f3600	本地实验/MULTIROW-PANEL-RMS-CHAMPION-X/V007/support/CMakeLists.txt	100644	26d61167cac3e643a1461b5097915cd02b21f364		EXCLUDE	BUILD_CONFIGURATION		build configuration not copied
W3-R4-MULTIROW-PANEL-RMS-CHAMPION-X	V007	test(r4): record V007 input prefetch result	w3/m1/multirow-panel-rms	f384bdbb80e9af09b3e15d1a73b4019ad1e18b92	4c7cecce1f8a4cfdb001dfec1e82c78293925eb5	e1051d3ba3dd4095e78dd7385236c2b2cb007a1c	503b98cb22ae88798bb6bfca83a46676933f3600	本地实验/MULTIROW-PANEL-RMS-CHAMPION-X/V007/support/build_server3.sh	100644	229e343f878e8de61c0fd3f5e8690c738280aaa6		EXCLUDE	BUILD_OR_EXECUTION_SCRIPT		script not copied
W3-R4-MULTIROW-PANEL-RMS-CHAMPION-X	V007	test(r4): record V007 input prefetch result	w3/m1/multirow-panel-rms	f384bdbb80e9af09b3e15d1a73b4019ad1e18b92	4c7cecce1f8a4cfdb001dfec1e82c78293925eb5	e1051d3ba3dd4095e78dd7385236c2b2cb007a1c	503b98cb22ae88798bb6bfca83a46676933f3600	本地实验/MULTIROW-PANEL-RMS-CHAMPION-X/V007/support/candidate_kernel.asc	100644	3ef7048e01ddd88fb3d4b4a87c0ecb102c75799c		EXCLUDE	CANDIDATE_OR_KERNEL_SOURCE		source retained only by source commit/blob reference
W3-R4-MULTIROW-PANEL-RMS-CHAMPION-X	V007	test(r4): record V007 input prefetch result	w3/m1/multirow-panel-rms	f384bdbb80e9af09b3e15d1a73b4019ad1e18b92	4c7cecce1f8a4cfdb001dfec1e82c78293925eb5	e1051d3ba3dd4095e78dd7385236c2b2cb007a1c	503b98cb22ae88798bb6bfca83a46676933f3600	本地实验/MULTIROW-PANEL-RMS-CHAMPION-X/V007/support/compile_server3.sh	100644	510e13637d621bb249574e8cadfae79c38bbff59		EXCLUDE	BUILD_OR_EXECUTION_SCRIPT		script not copied
W3-R4-MULTIROW-PANEL-RMS-CHAMPION-X	V007	test(r4): record V007 input prefetch result	w3/m1/multirow-panel-rms	f384bdbb80e9af09b3e15d1a73b4019ad1e18b92	4c7cecce1f8a4cfdb001dfec1e82c78293925eb5	e1051d3ba3dd4095e78dd7385236c2b2cb007a1c	503b98cb22ae88798bb6bfca83a46676933f3600	本地实验/MULTIROW-PANEL-RMS-CHAMPION-X/V007/support/local_abi_shim.h	100644	f52411b2c5f6b614ff1e61f30707250a43cc10d3		EXCLUDE	SUPPORT_SOURCE		source retained only by source commit/blob reference
W3-R4-MULTIROW-PANEL-RMS-CHAMPION-X	V007	test(r4): record V007 input prefetch result	w3/m1/multirow-panel-rms	f384bdbb80e9af09b3e15d1a73b4019ad1e18b92	4c7cecce1f8a4cfdb001dfec1e82c78293925eb5	e1051d3ba3dd4095e78dd7385236c2b2cb007a1c	503b98cb22ae88798bb6bfca83a46676933f3600	本地实验/MULTIROW-PANEL-RMS-CHAMPION-X/V007/support/parent_kernel.asc	100644	9dbb3053c84dc39f4aee7826176ba96b70f413bc		EXCLUDE	CANDIDATE_OR_KERNEL_SOURCE		source retained only by source commit/blob reference
W3-R4-MULTIROW-PANEL-RMS-CHAMPION-X	V007	test(r4): record V007 input prefetch result	w3/m1/multirow-panel-rms	f384bdbb80e9af09b3e15d1a73b4019ad1e18b92	4c7cecce1f8a4cfdb001dfec1e82c78293925eb5	e1051d3ba3dd4095e78dd7385236c2b2cb007a1c	503b98cb22ae88798bb6bfca83a46676933f3600	本地实验/MULTIROW-PANEL-RMS-CHAMPION-X/V007/support/runner_main.cpp	100644	c344fbd6e08908a30453471d90b4ff465ed5b8e5		EXCLUDE	SUPPORT_SOURCE		source retained only by source commit/blob reference
W3-R4-MULTIROW-PANEL-RMS-CHAMPION-X	V008	test(r4): record V008 FP16 scratch result	w3/m1/multirow-panel-rms	e3f24091aac8df7e3eb6da40baf0135a8037929a	f384bdbb80e9af09b3e15d1a73b4019ad1e18b92	3b0626e36d5da6e6f8ddf549f536dcd19155dfa1	503b98cb22ae88798bb6bfca83a46676933f3600	本地实验/MULTIROW-PANEL-RMS-CHAMPION-X/V008/local/MPR4-V008-LOCAL-20261005T1022Z/candidate-device-us.sorted.tsv	100644	81829d056e4be75c2b39b6bc56f6fa1bd55c2aa9	证据集成/W3/Batch-09-R1-R3-R4-R5/R4/V008/local/MPR4-V008-LOCAL-20261005T1022Z/candidate-device-us.sorted.tsv	COPY	LOCAL_RAW_STATISTICS		original bytes
W3-R4-MULTIROW-PANEL-RMS-CHAMPION-X	V008	test(r4): record V008 FP16 scratch result	w3/m1/multirow-panel-rms	e3f24091aac8df7e3eb6da40baf0135a8037929a	f384bdbb80e9af09b3e15d1a73b4019ad1e18b92	3b0626e36d5da6e6f8ddf549f536dcd19155dfa1	503b98cb22ae88798bb6bfca83a46676933f3600	本地实验/MULTIROW-PANEL-RMS-CHAMPION-X/V008/local/MPR4-V008-LOCAL-20261005T1022Z/candidate-wall-us.sorted.tsv	100644	42925ed58d835c52ae8f6a01ed67807e5a4ea698	证据集成/W3/Batch-09-R1-R3-R4-R5/R4/V008/local/MPR4-V008-LOCAL-20261005T1022Z/candidate-wall-us.sorted.tsv	COPY	LOCAL_RAW_STATISTICS		original bytes
W3-R4-MULTIROW-PANEL-RMS-CHAMPION-X	V008	test(r4): record V008 FP16 scratch result	w3/m1/multirow-panel-rms	e3f24091aac8df7e3eb6da40baf0135a8037929a	f384bdbb80e9af09b3e15d1a73b4019ad1e18b92	3b0626e36d5da6e6f8ddf549f536dcd19155dfa1	503b98cb22ae88798bb6bfca83a46676933f3600	本地实验/MULTIROW-PANEL-RMS-CHAMPION-X/V008/local/MPR4-V008-LOCAL-20261005T1022Z/cp-delta-us.sorted.tsv	100644	093d5050714f5dceaed6ce3f69eb8319fc4e568c	证据集成/W3/Batch-09-R1-R3-R4-R5/R4/V008/local/MPR4-V008-LOCAL-20261005T1022Z/cp-delta-us.sorted.tsv	COPY	LOCAL_RAW_STATISTICS		original bytes
W3-R4-MULTIROW-PANEL-RMS-CHAMPION-X	V008	test(r4): record V008 FP16 scratch result	w3/m1/multirow-panel-rms	e3f24091aac8df7e3eb6da40baf0135a8037929a	f384bdbb80e9af09b3e15d1a73b4019ad1e18b92	3b0626e36d5da6e6f8ddf549f536dcd19155dfa1	503b98cb22ae88798bb6bfca83a46676933f3600	本地实验/MULTIROW-PANEL-RMS-CHAMPION-X/V008/local/MPR4-V008-LOCAL-20261005T1022Z/device_event_us.derived.tsv	100644	350de4e1688136dee562440ec253478718634c75	证据集成/W3/Batch-09-R1-R3-R4-R5/R4/V008/local/MPR4-V008-LOCAL-20261005T1022Z/device_event_us.derived.tsv	COPY	LOCAL_RAW_STATISTICS		original bytes
W3-R4-MULTIROW-PANEL-RMS-CHAMPION-X	V008	test(r4): record V008 FP16 scratch result	w3/m1/multirow-panel-rms	e3f24091aac8df7e3eb6da40baf0135a8037929a	f384bdbb80e9af09b3e15d1a73b4019ad1e18b92	3b0626e36d5da6e6f8ddf549f536dcd19155dfa1	503b98cb22ae88798bb6bfca83a46676933f3600	本地实验/MULTIROW-PANEL-RMS-CHAMPION-X/V008/local/MPR4-V008-LOCAL-20261005T1022Z/paired-delta-us.sorted.tsv	100644	9ad7f12aceb109481ed92bcc4a68f45bdf11494c	证据集成/W3/Batch-09-R1-R3-R4-R5/R4/V008/local/MPR4-V008-LOCAL-20261005T1022Z/paired-delta-us.sorted.tsv	COPY	LOCAL_RAW_STATISTICS		original bytes
W3-R4-MULTIROW-PANEL-RMS-CHAMPION-X	V008	test(r4): record V008 FP16 scratch result	w3/m1/multirow-panel-rms	e3f24091aac8df7e3eb6da40baf0135a8037929a	f384bdbb80e9af09b3e15d1a73b4019ad1e18b92	3b0626e36d5da6e6f8ddf549f536dcd19155dfa1	503b98cb22ae88798bb6bfca83a46676933f3600	本地实验/MULTIROW-PANEL-RMS-CHAMPION-X/V008/local/MPR4-V008-LOCAL-20261005T1022Z/paired-fp16-128x12288.tsv	100644	c43ff996db77e21ed5c06513aa3644617d613133	证据集成/W3/Batch-09-R1-R3-R4-R5/R4/V008/local/MPR4-V008-LOCAL-20261005T1022Z/paired-fp16-128x12288.tsv	COPY	LOCAL_RAW_STATISTICS		original bytes
W3-R4-MULTIROW-PANEL-RMS-CHAMPION-X	V008	test(r4): record V008 FP16 scratch result	w3/m1/multirow-panel-rms	e3f24091aac8df7e3eb6da40baf0135a8037929a	f384bdbb80e9af09b3e15d1a73b4019ad1e18b92	3b0626e36d5da6e6f8ddf549f536dcd19155dfa1	503b98cb22ae88798bb6bfca83a46676933f3600	本地实验/MULTIROW-PANEL-RMS-CHAMPION-X/V008/local/MPR4-V008-LOCAL-20261005T1022Z/paired_delta.derived.tsv	100644	8ecc543e78ccfa8b375fad3fb63fc1eaddb5b514	证据集成/W3/Batch-09-R1-R3-R4-R5/R4/V008/local/MPR4-V008-LOCAL-20261005T1022Z/paired_delta.derived.tsv	COPY	LOCAL_RAW_STATISTICS		original bytes
W3-R4-MULTIROW-PANEL-RMS-CHAMPION-X	V008	test(r4): record V008 FP16 scratch result	w3/m1/multirow-panel-rms	e3f24091aac8df7e3eb6da40baf0135a8037929a	f384bdbb80e9af09b3e15d1a73b4019ad1e18b92	3b0626e36d5da6e6f8ddf549f536dcd19155dfa1	503b98cb22ae88798bb6bfca83a46676933f3600	本地实验/MULTIROW-PANEL-RMS-CHAMPION-X/V008/local/MPR4-V008-LOCAL-20261005T1022Z/parent-device-us.sorted.tsv	100644	03528d9648a507732a61c992b9c328fe37313e04	证据集成/W3/Batch-09-R1-R3-R4-R5/R4/V008/local/MPR4-V008-LOCAL-20261005T1022Z/parent-device-us.sorted.tsv	COPY	LOCAL_RAW_STATISTICS		original bytes
W3-R4-MULTIROW-PANEL-RMS-CHAMPION-X	V008	test(r4): record V008 FP16 scratch result	w3/m1/multirow-panel-rms	e3f24091aac8df7e3eb6da40baf0135a8037929a	f384bdbb80e9af09b3e15d1a73b4019ad1e18b92	3b0626e36d5da6e6f8ddf549f536dcd19155dfa1	503b98cb22ae88798bb6bfca83a46676933f3600	本地实验/MULTIROW-PANEL-RMS-CHAMPION-X/V008/local/MPR4-V008-LOCAL-20261005T1022Z/parent-wall-us.sorted.tsv	100644	d1b6217d09128f00b093e777fb3603633a7a222f	证据集成/W3/Batch-09-R1-R3-R4-R5/R4/V008/local/MPR4-V008-LOCAL-20261005T1022Z/parent-wall-us.sorted.tsv	COPY	LOCAL_RAW_STATISTICS		original bytes
W3-R4-MULTIROW-PANEL-RMS-CHAMPION-X	V008	test(r4): record V008 FP16 scratch result	w3/m1/multirow-panel-rms	e3f24091aac8df7e3eb6da40baf0135a8037929a	f384bdbb80e9af09b3e15d1a73b4019ad1e18b92	3b0626e36d5da6e6f8ddf549f536dcd19155dfa1	503b98cb22ae88798bb6bfca83a46676933f3600	本地实验/MULTIROW-PANEL-RMS-CHAMPION-X/V008/local/MPR4-V008-LOCAL-20261005T1022Z/pc-delta-us.sorted.tsv	100644	2ee402e6f5cb5fda03360aeb87bd27bd72ecb4a9	证据集成/W3/Batch-09-R1-R3-R4-R5/R4/V008/local/MPR4-V008-LOCAL-20261005T1022Z/pc-delta-us.sorted.tsv	COPY	LOCAL_RAW_STATISTICS		original bytes
W3-R4-MULTIROW-PANEL-RMS-CHAMPION-X	V008	test(r4): record V008 FP16 scratch result	w3/m1/multirow-panel-rms	e3f24091aac8df7e3eb6da40baf0135a8037929a	f384bdbb80e9af09b3e15d1a73b4019ad1e18b92	3b0626e36d5da6e6f8ddf549f536dcd19155dfa1	503b98cb22ae88798bb6bfca83a46676933f3600	本地实验/MULTIROW-PANEL-RMS-CHAMPION-X/V008/local/MPR4-V008-LOCAL-20261005T1022Z/post.npu-smi.txt	100644	bef932f3a4eccf23c6c8d464c160b95c4371ea7d	证据集成/W3/Batch-09-R1-R3-R4-R5/R4/V008/local/MPR4-V008-LOCAL-20261005T1022Z/post.npu-smi.txt	COPY	LOCAL_CONTEXT_OR_DIAGNOSTIC		original bytes
W3-R4-MULTIROW-PANEL-RMS-CHAMPION-X	V008	test(r4): record V008 FP16 scratch result	w3/m1/multirow-panel-rms	e3f24091aac8df7e3eb6da40baf0135a8037929a	f384bdbb80e9af09b3e15d1a73b4019ad1e18b92	3b0626e36d5da6e6f8ddf549f536dcd19155dfa1	503b98cb22ae88798bb6bfca83a46676933f3600	本地实验/MULTIROW-PANEL-RMS-CHAMPION-X/V008/local/MPR4-V008-LOCAL-20261005T1022Z/pre.npu-smi.txt	100644	1fa029829b7e05a0cbbb2a73fbeed931da620f87	证据集成/W3/Batch-09-R1-R3-R4-R5/R4/V008/local/MPR4-V008-LOCAL-20261005T1022Z/pre.npu-smi.txt	COPY	LOCAL_CONTEXT_OR_DIAGNOSTIC		original bytes
W3-R4-MULTIROW-PANEL-RMS-CHAMPION-X	V008	test(r4): record V008 FP16 scratch result	w3/m1/multirow-panel-rms	e3f24091aac8df7e3eb6da40baf0135a8037929a	f384bdbb80e9af09b3e15d1a73b4019ad1e18b92	3b0626e36d5da6e6f8ddf549f536dcd19155dfa1	503b98cb22ae88798bb6bfca83a46676933f3600	本地实验/MULTIROW-PANEL-RMS-CHAMPION-X/V008/local/MPR4-V008-LOCAL-20261005T1022Z/runner.stdout.log	100644	e69de29bb2d1d6434b8b29ae775ad8c2e48c5391	证据集成/W3/Batch-09-R1-R3-R4-R5/R4/V008/local/MPR4-V008-LOCAL-20261005T1022Z/runner.stdout.log	COPY	RUN_LOG		original bytes
W3-R4-MULTIROW-PANEL-RMS-CHAMPION-X	V008	test(r4): record V008 FP16 scratch result	w3/m1/multirow-panel-rms	e3f24091aac8df7e3eb6da40baf0135a8037929a	f384bdbb80e9af09b3e15d1a73b4019ad1e18b92	3b0626e36d5da6e6f8ddf549f536dcd19155dfa1	503b98cb22ae88798bb6bfca83a46676933f3600	本地实验/MULTIROW-PANEL-RMS-CHAMPION-X/V008/local/MPR4-V008-LOCAL-20261005T1022Z/wall-us.all.sorted.tsv	100644	869c15a064d1169ba7ce56e51298d9ecc6eddb3a	证据集成/W3/Batch-09-R1-R3-R4-R5/R4/V008/local/MPR4-V008-LOCAL-20261005T1022Z/wall-us.all.sorted.tsv	COPY	LOCAL_RAW_STATISTICS		original bytes
W3-R4-MULTIROW-PANEL-RMS-CHAMPION-X	V008	test(r4): record V008 FP16 scratch result	w3/m1/multirow-panel-rms	e3f24091aac8df7e3eb6da40baf0135a8037929a	f384bdbb80e9af09b3e15d1a73b4019ad1e18b92	3b0626e36d5da6e6f8ddf549f536dcd19155dfa1	503b98cb22ae88798bb6bfca83a46676933f3600	本地实验/MULTIROW-PANEL-RMS-CHAMPION-X/V008/local/MPR4-V008-LOCAL-20261005T1022Z/wall_us.derived.tsv	100644	fea1372fbbdbb9176f4b678cb67c5b508883b87e	证据集成/W3/Batch-09-R1-R3-R4-R5/R4/V008/local/MPR4-V008-LOCAL-20261005T1022Z/wall_us.derived.tsv	COPY	LOCAL_RAW_STATISTICS		original bytes
W3-R4-MULTIROW-PANEL-RMS-CHAMPION-X	V008	test(r4): record V008 FP16 scratch result	w3/m1/multirow-panel-rms	e3f24091aac8df7e3eb6da40baf0135a8037929a	f384bdbb80e9af09b3e15d1a73b4019ad1e18b92	3b0626e36d5da6e6f8ddf549f536dcd19155dfa1	503b98cb22ae88798bb6bfca83a46676933f3600	本地实验/MULTIROW-PANEL-RMS-CHAMPION-X/V008/logs/MPR4-V008-COMPILE-20261005T100923Z.log	100644	43e0c2edcdf25314e9bd4730f2f190ce2473a061	证据集成/W3/Batch-09-R1-R3-R4-R5/R4/V008/logs/MPR4-V008-COMPILE-20261005T100923Z.log	COPY	COMPILE_LOG		original bytes
W3-R4-MULTIROW-PANEL-RMS-CHAMPION-X	V008	test(r4): record V008 FP16 scratch result	w3/m1/multirow-panel-rms	e3f24091aac8df7e3eb6da40baf0135a8037929a	f384bdbb80e9af09b3e15d1a73b4019ad1e18b92	3b0626e36d5da6e6f8ddf549f536dcd19155dfa1	503b98cb22ae88798bb6bfca83a46676933f3600	本地实验/MULTIROW-PANEL-RMS-CHAMPION-X/V008/logs/MPR4-V008-CORR-CANDIDATE-20261005T1018Z.post.npu-smi.txt	100644	9dddc723558708d72f2ef1505ba23b35ee66cee6	证据集成/W3/Batch-09-R1-R3-R4-R5/R4/V008/logs/MPR4-V008-CORR-CANDIDATE-20261005T1018Z.post.npu-smi.txt	COPY	LOCAL_CONTEXT_OR_DIAGNOSTIC		original bytes
W3-R4-MULTIROW-PANEL-RMS-CHAMPION-X	V008	test(r4): record V008 FP16 scratch result	w3/m1/multirow-panel-rms	e3f24091aac8df7e3eb6da40baf0135a8037929a	f384bdbb80e9af09b3e15d1a73b4019ad1e18b92	3b0626e36d5da6e6f8ddf549f536dcd19155dfa1	503b98cb22ae88798bb6bfca83a46676933f3600	本地实验/MULTIROW-PANEL-RMS-CHAMPION-X/V008/logs/MPR4-V008-CORR-CANDIDATE-20261005T1018Z.pre.npu-smi.txt	100644	896e598dce681724bcbaba5508b570fe0bcf12fe	证据集成/W3/Batch-09-R1-R3-R4-R5/R4/V008/logs/MPR4-V008-CORR-CANDIDATE-20261005T1018Z.pre.npu-smi.txt	COPY	LOCAL_CONTEXT_OR_DIAGNOSTIC		original bytes
W3-R4-MULTIROW-PANEL-RMS-CHAMPION-X	V008	test(r4): record V008 FP16 scratch result	w3/m1/multirow-panel-rms	e3f24091aac8df7e3eb6da40baf0135a8037929a	f384bdbb80e9af09b3e15d1a73b4019ad1e18b92	3b0626e36d5da6e6f8ddf549f536dcd19155dfa1	503b98cb22ae88798bb6bfca83a46676933f3600	本地实验/MULTIROW-PANEL-RMS-CHAMPION-X/V008/logs/MPR4-V008-CORR-CANDIDATE-20261005T1018Z.stdout.log	100644	7165ba5d08f1885477d7e35348e0aeb659fb408f	证据集成/W3/Batch-09-R1-R3-R4-R5/R4/V008/logs/MPR4-V008-CORR-CANDIDATE-20261005T1018Z.stdout.log	COPY	RUN_LOG		original bytes
W3-R4-MULTIROW-PANEL-RMS-CHAMPION-X	V008	test(r4): record V008 FP16 scratch result	w3/m1/multirow-panel-rms	e3f24091aac8df7e3eb6da40baf0135a8037929a	f384bdbb80e9af09b3e15d1a73b4019ad1e18b92	3b0626e36d5da6e6f8ddf549f536dcd19155dfa1	503b98cb22ae88798bb6bfca83a46676933f3600	本地实验/MULTIROW-PANEL-RMS-CHAMPION-X/V008/logs/MPR4-V008-CORR-CANDIDATE-20261005T1018Z.tsv	100644	d6c1f9606c63f8cb892a40d6aadc8224753094b4	证据集成/W3/Batch-09-R1-R3-R4-R5/R4/V008/logs/MPR4-V008-CORR-CANDIDATE-20261005T1018Z.tsv	COPY	LOCAL_RAW_STATISTICS		original bytes
W3-R4-MULTIROW-PANEL-RMS-CHAMPION-X	V008	test(r4): record V008 FP16 scratch result	w3/m1/multirow-panel-rms	e3f24091aac8df7e3eb6da40baf0135a8037929a	f384bdbb80e9af09b3e15d1a73b4019ad1e18b92	3b0626e36d5da6e6f8ddf549f536dcd19155dfa1	503b98cb22ae88798bb6bfca83a46676933f3600	本地实验/MULTIROW-PANEL-RMS-CHAMPION-X/V008/logs/MPR4-V008-CORR-PARENT-20261005T1012Z.post.npu-smi.txt	100644	caf8dbbc8bc623b323baa53aa63773e3b7ee7503	证据集成/W3/Batch-09-R1-R3-R4-R5/R4/V008/logs/MPR4-V008-CORR-PARENT-20261005T1012Z.post.npu-smi.txt	COPY	LOCAL_CONTEXT_OR_DIAGNOSTIC		original bytes
W3-R4-MULTIROW-PANEL-RMS-CHAMPION-X	V008	test(r4): record V008 FP16 scratch result	w3/m1/multirow-panel-rms	e3f24091aac8df7e3eb6da40baf0135a8037929a	f384bdbb80e9af09b3e15d1a73b4019ad1e18b92	3b0626e36d5da6e6f8ddf549f536dcd19155dfa1	503b98cb22ae88798bb6bfca83a46676933f3600	本地实验/MULTIROW-PANEL-RMS-CHAMPION-X/V008/logs/MPR4-V008-CORR-PARENT-20261005T1012Z.pre.npu-smi.txt	100644	5c205ec1ac61073b44536a50a0f267d52eb3abd2	证据集成/W3/Batch-09-R1-R3-R4-R5/R4/V008/logs/MPR4-V008-CORR-PARENT-20261005T1012Z.pre.npu-smi.txt	COPY	LOCAL_CONTEXT_OR_DIAGNOSTIC		original bytes
W3-R4-MULTIROW-PANEL-RMS-CHAMPION-X	V008	test(r4): record V008 FP16 scratch result	w3/m1/multirow-panel-rms	e3f24091aac8df7e3eb6da40baf0135a8037929a	f384bdbb80e9af09b3e15d1a73b4019ad1e18b92	3b0626e36d5da6e6f8ddf549f536dcd19155dfa1	503b98cb22ae88798bb6bfca83a46676933f3600	本地实验/MULTIROW-PANEL-RMS-CHAMPION-X/V008/logs/MPR4-V008-CORR-PARENT-20261005T1012Z.stdout.log	100644	108acbb9fd196d23f4eb0b73a89fe4a21e5d0ab2	证据集成/W3/Batch-09-R1-R3-R4-R5/R4/V008/logs/MPR4-V008-CORR-PARENT-20261005T1012Z.stdout.log	COPY	RUN_LOG		original bytes
W3-R4-MULTIROW-PANEL-RMS-CHAMPION-X	V008	test(r4): record V008 FP16 scratch result	w3/m1/multirow-panel-rms	e3f24091aac8df7e3eb6da40baf0135a8037929a	f384bdbb80e9af09b3e15d1a73b4019ad1e18b92	3b0626e36d5da6e6f8ddf549f536dcd19155dfa1	503b98cb22ae88798bb6bfca83a46676933f3600	本地实验/MULTIROW-PANEL-RMS-CHAMPION-X/V008/logs/MPR4-V008-CORR-PARENT-20261005T1015Z.post.npu-smi.txt	100644	60c44b2f8d147809fcd69e063b25730b0dadda06	证据集成/W3/Batch-09-R1-R3-R4-R5/R4/V008/logs/MPR4-V008-CORR-PARENT-20261005T1015Z.post.npu-smi.txt	COPY	LOCAL_CONTEXT_OR_DIAGNOSTIC		original bytes
W3-R4-MULTIROW-PANEL-RMS-CHAMPION-X	V008	test(r4): record V008 FP16 scratch result	w3/m1/multirow-panel-rms	e3f24091aac8df7e3eb6da40baf0135a8037929a	f384bdbb80e9af09b3e15d1a73b4019ad1e18b92	3b0626e36d5da6e6f8ddf549f536dcd19155dfa1	503b98cb22ae88798bb6bfca83a46676933f3600	本地实验/MULTIROW-PANEL-RMS-CHAMPION-X/V008/logs/MPR4-V008-CORR-PARENT-20261005T1015Z.pre.npu-smi.txt	100644	c93681d522d67beae1ae621f2997817da6146add	证据集成/W3/Batch-09-R1-R3-R4-R5/R4/V008/logs/MPR4-V008-CORR-PARENT-20261005T1015Z.pre.npu-smi.txt	COPY	LOCAL_CONTEXT_OR_DIAGNOSTIC		original bytes
W3-R4-MULTIROW-PANEL-RMS-CHAMPION-X	V008	test(r4): record V008 FP16 scratch result	w3/m1/multirow-panel-rms	e3f24091aac8df7e3eb6da40baf0135a8037929a	f384bdbb80e9af09b3e15d1a73b4019ad1e18b92	3b0626e36d5da6e6f8ddf549f536dcd19155dfa1	503b98cb22ae88798bb6bfca83a46676933f3600	本地实验/MULTIROW-PANEL-RMS-CHAMPION-X/V008/logs/MPR4-V008-CORR-PARENT-20261005T1015Z.stdout.log	100644	d206967ae86ca302ee146cebc9e7477265b526b6	证据集成/W3/Batch-09-R1-R3-R4-R5/R4/V008/logs/MPR4-V008-CORR-PARENT-20261005T1015Z.stdout.log	COPY	RUN_LOG		original bytes
W3-R4-MULTIROW-PANEL-RMS-CHAMPION-X	V008	test(r4): record V008 FP16 scratch result	w3/m1/multirow-panel-rms	e3f24091aac8df7e3eb6da40baf0135a8037929a	f384bdbb80e9af09b3e15d1a73b4019ad1e18b92	3b0626e36d5da6e6f8ddf549f536dcd19155dfa1	503b98cb22ae88798bb6bfca83a46676933f3600	本地实验/MULTIROW-PANEL-RMS-CHAMPION-X/V008/logs/MPR4-V008-CORR-PARENT-20261005T1015Z.tsv	100644	10b5fbae7a1ac69e50dc0f8fd7be557972e6db32	证据集成/W3/Batch-09-R1-R3-R4-R5/R4/V008/logs/MPR4-V008-CORR-PARENT-20261005T1015Z.tsv	COPY	LOCAL_RAW_STATISTICS		original bytes
W3-R4-MULTIROW-PANEL-RMS-CHAMPION-X	V008	test(r4): record V008 FP16 scratch result	w3/m1/multirow-panel-rms	e3f24091aac8df7e3eb6da40baf0135a8037929a	f384bdbb80e9af09b3e15d1a73b4019ad1e18b92	3b0626e36d5da6e6f8ddf549f536dcd19155dfa1	503b98cb22ae88798bb6bfca83a46676933f3600	本地实验/MULTIROW-PANEL-RMS-CHAMPION-X/V008/submission.asc	100644	3d908afa78d0148b040950f21c47420ae42116a1		EXCLUDE	CANDIDATE_OR_KERNEL_SOURCE		source retained only by source commit/blob reference
W3-R4-MULTIROW-PANEL-RMS-CHAMPION-X	V008	test(r4): record V008 FP16 scratch result	w3/m1/multirow-panel-rms	e3f24091aac8df7e3eb6da40baf0135a8037929a	f384bdbb80e9af09b3e15d1a73b4019ad1e18b92	3b0626e36d5da6e6f8ddf549f536dcd19155dfa1	503b98cb22ae88798bb6bfca83a46676933f3600	本地实验/MULTIROW-PANEL-RMS-CHAMPION-X/V008/summary.txt	100644	d552e6073251130862f95957161df811e8f460b7	证据集成/W3/Batch-09-R1-R3-R4-R5/R4/V008/summary.txt	COPY	LOCAL_CONTEXT_OR_DIAGNOSTIC		original bytes
W3-R4-MULTIROW-PANEL-RMS-CHAMPION-X	V008	test(r4): record V008 FP16 scratch result	w3/m1/multirow-panel-rms	e3f24091aac8df7e3eb6da40baf0135a8037929a	f384bdbb80e9af09b3e15d1a73b4019ad1e18b92	3b0626e36d5da6e6f8ddf549f536dcd19155dfa1	503b98cb22ae88798bb6bfca83a46676933f3600	本地实验/MULTIROW-PANEL-RMS-CHAMPION-X/V008/support/CMakeLists.txt	100644	26d61167cac3e643a1461b5097915cd02b21f364		EXCLUDE	BUILD_CONFIGURATION		build configuration not copied
W3-R4-MULTIROW-PANEL-RMS-CHAMPION-X	V008	test(r4): record V008 FP16 scratch result	w3/m1/multirow-panel-rms	e3f24091aac8df7e3eb6da40baf0135a8037929a	f384bdbb80e9af09b3e15d1a73b4019ad1e18b92	3b0626e36d5da6e6f8ddf549f536dcd19155dfa1	503b98cb22ae88798bb6bfca83a46676933f3600	本地实验/MULTIROW-PANEL-RMS-CHAMPION-X/V008/support/build_server3.sh	100644	229e343f878e8de61c0fd3f5e8690c738280aaa6		EXCLUDE	BUILD_OR_EXECUTION_SCRIPT		script not copied
W3-R4-MULTIROW-PANEL-RMS-CHAMPION-X	V008	test(r4): record V008 FP16 scratch result	w3/m1/multirow-panel-rms	e3f24091aac8df7e3eb6da40baf0135a8037929a	f384bdbb80e9af09b3e15d1a73b4019ad1e18b92	3b0626e36d5da6e6f8ddf549f536dcd19155dfa1	503b98cb22ae88798bb6bfca83a46676933f3600	本地实验/MULTIROW-PANEL-RMS-CHAMPION-X/V008/support/candidate_kernel.asc	100644	3ef7048e01ddd88fb3d4b4a87c0ecb102c75799c		EXCLUDE	CANDIDATE_OR_KERNEL_SOURCE		source retained only by source commit/blob reference
W3-R4-MULTIROW-PANEL-RMS-CHAMPION-X	V008	test(r4): record V008 FP16 scratch result	w3/m1/multirow-panel-rms	e3f24091aac8df7e3eb6da40baf0135a8037929a	f384bdbb80e9af09b3e15d1a73b4019ad1e18b92	3b0626e36d5da6e6f8ddf549f536dcd19155dfa1	503b98cb22ae88798bb6bfca83a46676933f3600	本地实验/MULTIROW-PANEL-RMS-CHAMPION-X/V008/support/compile_server3.sh	100644	567970e2e0bfe0e9de7e83fd9f21e8641ef590e2		EXCLUDE	BUILD_OR_EXECUTION_SCRIPT		script not copied
W3-R4-MULTIROW-PANEL-RMS-CHAMPION-X	V008	test(r4): record V008 FP16 scratch result	w3/m1/multirow-panel-rms	e3f24091aac8df7e3eb6da40baf0135a8037929a	f384bdbb80e9af09b3e15d1a73b4019ad1e18b92	3b0626e36d5da6e6f8ddf549f536dcd19155dfa1	503b98cb22ae88798bb6bfca83a46676933f3600	本地实验/MULTIROW-PANEL-RMS-CHAMPION-X/V008/support/local_abi_shim.h	100644	f52411b2c5f6b614ff1e61f30707250a43cc10d3		EXCLUDE	SUPPORT_SOURCE		source retained only by source commit/blob reference
W3-R4-MULTIROW-PANEL-RMS-CHAMPION-X	V008	test(r4): record V008 FP16 scratch result	w3/m1/multirow-panel-rms	e3f24091aac8df7e3eb6da40baf0135a8037929a	f384bdbb80e9af09b3e15d1a73b4019ad1e18b92	3b0626e36d5da6e6f8ddf549f536dcd19155dfa1	503b98cb22ae88798bb6bfca83a46676933f3600	本地实验/MULTIROW-PANEL-RMS-CHAMPION-X/V008/support/parent_kernel.asc	100644	9dbb3053c84dc39f4aee7826176ba96b70f413bc		EXCLUDE	CANDIDATE_OR_KERNEL_SOURCE		source retained only by source commit/blob reference
W3-R4-MULTIROW-PANEL-RMS-CHAMPION-X	V008	test(r4): record V008 FP16 scratch result	w3/m1/multirow-panel-rms	e3f24091aac8df7e3eb6da40baf0135a8037929a	f384bdbb80e9af09b3e15d1a73b4019ad1e18b92	3b0626e36d5da6e6f8ddf549f536dcd19155dfa1	503b98cb22ae88798bb6bfca83a46676933f3600	本地实验/MULTIROW-PANEL-RMS-CHAMPION-X/V008/support/runner_main.cpp	100644	c344fbd6e08908a30453471d90b4ff465ed5b8e5		EXCLUDE	SUPPORT_SOURCE		source retained only by source commit/blob reference
W3-R4-MULTIROW-PANEL-RMS-CHAMPION-X	V009	test(r4): record V009 reduction scratch result	w3/m1/multirow-panel-rms	661a1e4afa9d03c8e519f88504db98e21f649f92	e3f24091aac8df7e3eb6da40baf0135a8037929a	6ba5244641acf4d241e3f9abec5450d3ff9fc864	503b98cb22ae88798bb6bfca83a46676933f3600	本地实验/MULTIROW-PANEL-RMS-CHAMPION-X/V009/local/MPR4-V009-LOCAL-20261005T1105Z/candidate-device-us.sorted.tsv	100644	e992e98208b4f37633e9475b1b21867fc280d8d9	证据集成/W3/Batch-09-R1-R3-R4-R5/R4/V009/local/MPR4-V009-LOCAL-20261005T1105Z/candidate-device-us.sorted.tsv	COPY	LOCAL_RAW_STATISTICS		original bytes
W3-R4-MULTIROW-PANEL-RMS-CHAMPION-X	V009	test(r4): record V009 reduction scratch result	w3/m1/multirow-panel-rms	661a1e4afa9d03c8e519f88504db98e21f649f92	e3f24091aac8df7e3eb6da40baf0135a8037929a	6ba5244641acf4d241e3f9abec5450d3ff9fc864	503b98cb22ae88798bb6bfca83a46676933f3600	本地实验/MULTIROW-PANEL-RMS-CHAMPION-X/V009/local/MPR4-V009-LOCAL-20261005T1105Z/candidate-wall-us.sorted.tsv	100644	85f59b5d27d5c295deb740793282072828647567	证据集成/W3/Batch-09-R1-R3-R4-R5/R4/V009/local/MPR4-V009-LOCAL-20261005T1105Z/candidate-wall-us.sorted.tsv	COPY	LOCAL_RAW_STATISTICS		original bytes
W3-R4-MULTIROW-PANEL-RMS-CHAMPION-X	V009	test(r4): record V009 reduction scratch result	w3/m1/multirow-panel-rms	661a1e4afa9d03c8e519f88504db98e21f649f92	e3f24091aac8df7e3eb6da40baf0135a8037929a	6ba5244641acf4d241e3f9abec5450d3ff9fc864	503b98cb22ae88798bb6bfca83a46676933f3600	本地实验/MULTIROW-PANEL-RMS-CHAMPION-X/V009/local/MPR4-V009-LOCAL-20261005T1105Z/cp-delta-us.sorted.tsv	100644	064c3b48a61669d023ed66a324411f8596e8d238	证据集成/W3/Batch-09-R1-R3-R4-R5/R4/V009/local/MPR4-V009-LOCAL-20261005T1105Z/cp-delta-us.sorted.tsv	COPY	LOCAL_RAW_STATISTICS		original bytes
W3-R4-MULTIROW-PANEL-RMS-CHAMPION-X	V009	test(r4): record V009 reduction scratch result	w3/m1/multirow-panel-rms	661a1e4afa9d03c8e519f88504db98e21f649f92	e3f24091aac8df7e3eb6da40baf0135a8037929a	6ba5244641acf4d241e3f9abec5450d3ff9fc864	503b98cb22ae88798bb6bfca83a46676933f3600	本地实验/MULTIROW-PANEL-RMS-CHAMPION-X/V009/local/MPR4-V009-LOCAL-20261005T1105Z/device_event_us.derived.tsv	100644	0f29e2871a874d5d8cb9c24d8540277968d58151	证据集成/W3/Batch-09-R1-R3-R4-R5/R4/V009/local/MPR4-V009-LOCAL-20261005T1105Z/device_event_us.derived.tsv	COPY	LOCAL_RAW_STATISTICS		original bytes
W3-R4-MULTIROW-PANEL-RMS-CHAMPION-X	V009	test(r4): record V009 reduction scratch result	w3/m1/multirow-panel-rms	661a1e4afa9d03c8e519f88504db98e21f649f92	e3f24091aac8df7e3eb6da40baf0135a8037929a	6ba5244641acf4d241e3f9abec5450d3ff9fc864	503b98cb22ae88798bb6bfca83a46676933f3600	本地实验/MULTIROW-PANEL-RMS-CHAMPION-X/V009/local/MPR4-V009-LOCAL-20261005T1105Z/paired-delta-us.sorted.tsv	100644	15fdfeb81666024e8578c89fa2be9d200bc486a1	证据集成/W3/Batch-09-R1-R3-R4-R5/R4/V009/local/MPR4-V009-LOCAL-20261005T1105Z/paired-delta-us.sorted.tsv	COPY	LOCAL_RAW_STATISTICS		original bytes
W3-R4-MULTIROW-PANEL-RMS-CHAMPION-X	V009	test(r4): record V009 reduction scratch result	w3/m1/multirow-panel-rms	661a1e4afa9d03c8e519f88504db98e21f649f92	e3f24091aac8df7e3eb6da40baf0135a8037929a	6ba5244641acf4d241e3f9abec5450d3ff9fc864	503b98cb22ae88798bb6bfca83a46676933f3600	本地实验/MULTIROW-PANEL-RMS-CHAMPION-X/V009/local/MPR4-V009-LOCAL-20261005T1105Z/paired-fp16-128x12288.tsv	100644	1b83331b9c4cfc96316378f060c597ad9e24ad4d	证据集成/W3/Batch-09-R1-R3-R4-R5/R4/V009/local/MPR4-V009-LOCAL-20261005T1105Z/paired-fp16-128x12288.tsv	COPY	LOCAL_RAW_STATISTICS		original bytes
W3-R4-MULTIROW-PANEL-RMS-CHAMPION-X	V009	test(r4): record V009 reduction scratch result	w3/m1/multirow-panel-rms	661a1e4afa9d03c8e519f88504db98e21f649f92	e3f24091aac8df7e3eb6da40baf0135a8037929a	6ba5244641acf4d241e3f9abec5450d3ff9fc864	503b98cb22ae88798bb6bfca83a46676933f3600	本地实验/MULTIROW-PANEL-RMS-CHAMPION-X/V009/local/MPR4-V009-LOCAL-20261005T1105Z/paired_delta.derived.tsv	100644	603860a9873aef9cb686cce9041df41b7b4989c3	证据集成/W3/Batch-09-R1-R3-R4-R5/R4/V009/local/MPR4-V009-LOCAL-20261005T1105Z/paired_delta.derived.tsv	COPY	LOCAL_RAW_STATISTICS		original bytes
W3-R4-MULTIROW-PANEL-RMS-CHAMPION-X	V009	test(r4): record V009 reduction scratch result	w3/m1/multirow-panel-rms	661a1e4afa9d03c8e519f88504db98e21f649f92	e3f24091aac8df7e3eb6da40baf0135a8037929a	6ba5244641acf4d241e3f9abec5450d3ff9fc864	503b98cb22ae88798bb6bfca83a46676933f3600	本地实验/MULTIROW-PANEL-RMS-CHAMPION-X/V009/local/MPR4-V009-LOCAL-20261005T1105Z/parent-device-us.sorted.tsv	100644	bcefc9a44d07295eaef8451d8b0b3abd56fe6488	证据集成/W3/Batch-09-R1-R3-R4-R5/R4/V009/local/MPR4-V009-LOCAL-20261005T1105Z/parent-device-us.sorted.tsv	COPY	LOCAL_RAW_STATISTICS		original bytes
W3-R4-MULTIROW-PANEL-RMS-CHAMPION-X	V009	test(r4): record V009 reduction scratch result	w3/m1/multirow-panel-rms	661a1e4afa9d03c8e519f88504db98e21f649f92	e3f24091aac8df7e3eb6da40baf0135a8037929a	6ba5244641acf4d241e3f9abec5450d3ff9fc864	503b98cb22ae88798bb6bfca83a46676933f3600	本地实验/MULTIROW-PANEL-RMS-CHAMPION-X/V009/local/MPR4-V009-LOCAL-20261005T1105Z/parent-wall-us.sorted.tsv	100644	adb4c5075a4d6efe9b1e6905485d83247335186a	证据集成/W3/Batch-09-R1-R3-R4-R5/R4/V009/local/MPR4-V009-LOCAL-20261005T1105Z/parent-wall-us.sorted.tsv	COPY	LOCAL_RAW_STATISTICS		original bytes
W3-R4-MULTIROW-PANEL-RMS-CHAMPION-X	V009	test(r4): record V009 reduction scratch result	w3/m1/multirow-panel-rms	661a1e4afa9d03c8e519f88504db98e21f649f92	e3f24091aac8df7e3eb6da40baf0135a8037929a	6ba5244641acf4d241e3f9abec5450d3ff9fc864	503b98cb22ae88798bb6bfca83a46676933f3600	本地实验/MULTIROW-PANEL-RMS-CHAMPION-X/V009/local/MPR4-V009-LOCAL-20261005T1105Z/pc-delta-us.sorted.tsv	100644	4285b650c061928246b488e12c1a9534d3735e3f	证据集成/W3/Batch-09-R1-R3-R4-R5/R4/V009/local/MPR4-V009-LOCAL-20261005T1105Z/pc-delta-us.sorted.tsv	COPY	LOCAL_RAW_STATISTICS		original bytes
W3-R4-MULTIROW-PANEL-RMS-CHAMPION-X	V009	test(r4): record V009 reduction scratch result	w3/m1/multirow-panel-rms	661a1e4afa9d03c8e519f88504db98e21f649f92	e3f24091aac8df7e3eb6da40baf0135a8037929a	6ba5244641acf4d241e3f9abec5450d3ff9fc864	503b98cb22ae88798bb6bfca83a46676933f3600	本地实验/MULTIROW-PANEL-RMS-CHAMPION-X/V009/local/MPR4-V009-LOCAL-20261005T1105Z/post.npu-smi.txt	100644	2e1d925889c0d2772e2fb93b185f3f7561a2bc3a	证据集成/W3/Batch-09-R1-R3-R4-R5/R4/V009/local/MPR4-V009-LOCAL-20261005T1105Z/post.npu-smi.txt	COPY	LOCAL_CONTEXT_OR_DIAGNOSTIC		original bytes
W3-R4-MULTIROW-PANEL-RMS-CHAMPION-X	V009	test(r4): record V009 reduction scratch result	w3/m1/multirow-panel-rms	661a1e4afa9d03c8e519f88504db98e21f649f92	e3f24091aac8df7e3eb6da40baf0135a8037929a	6ba5244641acf4d241e3f9abec5450d3ff9fc864	503b98cb22ae88798bb6bfca83a46676933f3600	本地实验/MULTIROW-PANEL-RMS-CHAMPION-X/V009/local/MPR4-V009-LOCAL-20261005T1105Z/pre.npu-smi.txt	100644	54f8e42d1a9c6066f27ee95c664f6c675c5fa94f	证据集成/W3/Batch-09-R1-R3-R4-R5/R4/V009/local/MPR4-V009-LOCAL-20261005T1105Z/pre.npu-smi.txt	COPY	LOCAL_CONTEXT_OR_DIAGNOSTIC		original bytes
W3-R4-MULTIROW-PANEL-RMS-CHAMPION-X	V009	test(r4): record V009 reduction scratch result	w3/m1/multirow-panel-rms	661a1e4afa9d03c8e519f88504db98e21f649f92	e3f24091aac8df7e3eb6da40baf0135a8037929a	6ba5244641acf4d241e3f9abec5450d3ff9fc864	503b98cb22ae88798bb6bfca83a46676933f3600	本地实验/MULTIROW-PANEL-RMS-CHAMPION-X/V009/local/MPR4-V009-LOCAL-20261005T1105Z/runner.stdout.log	100644	e69de29bb2d1d6434b8b29ae775ad8c2e48c5391	证据集成/W3/Batch-09-R1-R3-R4-R5/R4/V009/local/MPR4-V009-LOCAL-20261005T1105Z/runner.stdout.log	COPY	RUN_LOG		original bytes
W3-R4-MULTIROW-PANEL-RMS-CHAMPION-X	V009	test(r4): record V009 reduction scratch result	w3/m1/multirow-panel-rms	661a1e4afa9d03c8e519f88504db98e21f649f92	e3f24091aac8df7e3eb6da40baf0135a8037929a	6ba5244641acf4d241e3f9abec5450d3ff9fc864	503b98cb22ae88798bb6bfca83a46676933f3600	本地实验/MULTIROW-PANEL-RMS-CHAMPION-X/V009/local/MPR4-V009-LOCAL-20261005T1105Z/wall-us.all.sorted.tsv	100644	379bda980edc13b26dcd10b8189e52d6c0ad35ec	证据集成/W3/Batch-09-R1-R3-R4-R5/R4/V009/local/MPR4-V009-LOCAL-20261005T1105Z/wall-us.all.sorted.tsv	COPY	LOCAL_RAW_STATISTICS		original bytes
W3-R4-MULTIROW-PANEL-RMS-CHAMPION-X	V009	test(r4): record V009 reduction scratch result	w3/m1/multirow-panel-rms	661a1e4afa9d03c8e519f88504db98e21f649f92	e3f24091aac8df7e3eb6da40baf0135a8037929a	6ba5244641acf4d241e3f9abec5450d3ff9fc864	503b98cb22ae88798bb6bfca83a46676933f3600	本地实验/MULTIROW-PANEL-RMS-CHAMPION-X/V009/local/MPR4-V009-LOCAL-20261005T1105Z/wall_us.derived.tsv	100644	5daffa7f158332f822224c35570bef32c3d770fc	证据集成/W3/Batch-09-R1-R3-R4-R5/R4/V009/local/MPR4-V009-LOCAL-20261005T1105Z/wall_us.derived.tsv	COPY	LOCAL_RAW_STATISTICS		original bytes
W3-R4-MULTIROW-PANEL-RMS-CHAMPION-X	V009	test(r4): record V009 reduction scratch result	w3/m1/multirow-panel-rms	661a1e4afa9d03c8e519f88504db98e21f649f92	e3f24091aac8df7e3eb6da40baf0135a8037929a	6ba5244641acf4d241e3f9abec5450d3ff9fc864	503b98cb22ae88798bb6bfca83a46676933f3600	本地实验/MULTIROW-PANEL-RMS-CHAMPION-X/V009/logs/MPR4-V009-COMPILE-20261005T105407Z.log	100644	2ec43ff1310e027f2a8213179d6cf1682c52da53	证据集成/W3/Batch-09-R1-R3-R4-R5/R4/V009/logs/MPR4-V009-COMPILE-20261005T105407Z.log	COPY	COMPILE_LOG		original bytes
W3-R4-MULTIROW-PANEL-RMS-CHAMPION-X	V009	test(r4): record V009 reduction scratch result	w3/m1/multirow-panel-rms	661a1e4afa9d03c8e519f88504db98e21f649f92	e3f24091aac8df7e3eb6da40baf0135a8037929a	6ba5244641acf4d241e3f9abec5450d3ff9fc864	503b98cb22ae88798bb6bfca83a46676933f3600	本地实验/MULTIROW-PANEL-RMS-CHAMPION-X/V009/logs/MPR4-V009-CORR-CANDIDATE-20261005T1101Z.post.npu-smi.txt	100644	a09d7526cef3c572ad2915f69c771de65d631504	证据集成/W3/Batch-09-R1-R3-R4-R5/R4/V009/logs/MPR4-V009-CORR-CANDIDATE-20261005T1101Z.post.npu-smi.txt	COPY	LOCAL_CONTEXT_OR_DIAGNOSTIC		original bytes
W3-R4-MULTIROW-PANEL-RMS-CHAMPION-X	V009	test(r4): record V009 reduction scratch result	w3/m1/multirow-panel-rms	661a1e4afa9d03c8e519f88504db98e21f649f92	e3f24091aac8df7e3eb6da40baf0135a8037929a	6ba5244641acf4d241e3f9abec5450d3ff9fc864	503b98cb22ae88798bb6bfca83a46676933f3600	本地实验/MULTIROW-PANEL-RMS-CHAMPION-X/V009/logs/MPR4-V009-CORR-CANDIDATE-20261005T1101Z.pre.npu-smi.txt	100644	2bb56a7e421fd7edaed1635231c2bb945dc3bf24	证据集成/W3/Batch-09-R1-R3-R4-R5/R4/V009/logs/MPR4-V009-CORR-CANDIDATE-20261005T1101Z.pre.npu-smi.txt	COPY	LOCAL_CONTEXT_OR_DIAGNOSTIC		original bytes
W3-R4-MULTIROW-PANEL-RMS-CHAMPION-X	V009	test(r4): record V009 reduction scratch result	w3/m1/multirow-panel-rms	661a1e4afa9d03c8e519f88504db98e21f649f92	e3f24091aac8df7e3eb6da40baf0135a8037929a	6ba5244641acf4d241e3f9abec5450d3ff9fc864	503b98cb22ae88798bb6bfca83a46676933f3600	本地实验/MULTIROW-PANEL-RMS-CHAMPION-X/V009/logs/MPR4-V009-CORR-CANDIDATE-20261005T1101Z.stdout.log	100644	7165ba5d08f1885477d7e35348e0aeb659fb408f	证据集成/W3/Batch-09-R1-R3-R4-R5/R4/V009/logs/MPR4-V009-CORR-CANDIDATE-20261005T1101Z.stdout.log	COPY	RUN_LOG		original bytes
W3-R4-MULTIROW-PANEL-RMS-CHAMPION-X	V009	test(r4): record V009 reduction scratch result	w3/m1/multirow-panel-rms	661a1e4afa9d03c8e519f88504db98e21f649f92	e3f24091aac8df7e3eb6da40baf0135a8037929a	6ba5244641acf4d241e3f9abec5450d3ff9fc864	503b98cb22ae88798bb6bfca83a46676933f3600	本地实验/MULTIROW-PANEL-RMS-CHAMPION-X/V009/logs/MPR4-V009-CORR-CANDIDATE-20261005T1101Z.tsv	100644	349ae9b5dd851c822026794bf9802d332004cbbf	证据集成/W3/Batch-09-R1-R3-R4-R5/R4/V009/logs/MPR4-V009-CORR-CANDIDATE-20261005T1101Z.tsv	COPY	LOCAL_RAW_STATISTICS		original bytes
W3-R4-MULTIROW-PANEL-RMS-CHAMPION-X	V009	test(r4): record V009 reduction scratch result	w3/m1/multirow-panel-rms	661a1e4afa9d03c8e519f88504db98e21f649f92	e3f24091aac8df7e3eb6da40baf0135a8037929a	6ba5244641acf4d241e3f9abec5450d3ff9fc864	503b98cb22ae88798bb6bfca83a46676933f3600	本地实验/MULTIROW-PANEL-RMS-CHAMPION-X/V009/logs/MPR4-V009-CORR-PARENT-20261005T1058Z.post.npu-smi.txt	100644	6669140eb29f282df142186eab51579925ea5df2	证据集成/W3/Batch-09-R1-R3-R4-R5/R4/V009/logs/MPR4-V009-CORR-PARENT-20261005T1058Z.post.npu-smi.txt	COPY	LOCAL_CONTEXT_OR_DIAGNOSTIC		original bytes
W3-R4-MULTIROW-PANEL-RMS-CHAMPION-X	V009	test(r4): record V009 reduction scratch result	w3/m1/multirow-panel-rms	661a1e4afa9d03c8e519f88504db98e21f649f92	e3f24091aac8df7e3eb6da40baf0135a8037929a	6ba5244641acf4d241e3f9abec5450d3ff9fc864	503b98cb22ae88798bb6bfca83a46676933f3600	本地实验/MULTIROW-PANEL-RMS-CHAMPION-X/V009/logs/MPR4-V009-CORR-PARENT-20261005T1058Z.pre.npu-smi.txt	100644	fe0c81e698b77fcb946da7a19d58b1095fa20484	证据集成/W3/Batch-09-R1-R3-R4-R5/R4/V009/logs/MPR4-V009-CORR-PARENT-20261005T1058Z.pre.npu-smi.txt	COPY	LOCAL_CONTEXT_OR_DIAGNOSTIC		original bytes
W3-R4-MULTIROW-PANEL-RMS-CHAMPION-X	V009	test(r4): record V009 reduction scratch result	w3/m1/multirow-panel-rms	661a1e4afa9d03c8e519f88504db98e21f649f92	e3f24091aac8df7e3eb6da40baf0135a8037929a	6ba5244641acf4d241e3f9abec5450d3ff9fc864	503b98cb22ae88798bb6bfca83a46676933f3600	本地实验/MULTIROW-PANEL-RMS-CHAMPION-X/V009/logs/MPR4-V009-CORR-PARENT-20261005T1058Z.stdout.log	100644	d206967ae86ca302ee146cebc9e7477265b526b6	证据集成/W3/Batch-09-R1-R3-R4-R5/R4/V009/logs/MPR4-V009-CORR-PARENT-20261005T1058Z.stdout.log	COPY	RUN_LOG		original bytes
W3-R4-MULTIROW-PANEL-RMS-CHAMPION-X	V009	test(r4): record V009 reduction scratch result	w3/m1/multirow-panel-rms	661a1e4afa9d03c8e519f88504db98e21f649f92	e3f24091aac8df7e3eb6da40baf0135a8037929a	6ba5244641acf4d241e3f9abec5450d3ff9fc864	503b98cb22ae88798bb6bfca83a46676933f3600	本地实验/MULTIROW-PANEL-RMS-CHAMPION-X/V009/logs/MPR4-V009-CORR-PARENT-20261005T1058Z.tsv	100644	bfbbc30c242e48f20f2d6ce34dfa8b4058e8c7d4	证据集成/W3/Batch-09-R1-R3-R4-R5/R4/V009/logs/MPR4-V009-CORR-PARENT-20261005T1058Z.tsv	COPY	LOCAL_RAW_STATISTICS		original bytes
W3-R4-MULTIROW-PANEL-RMS-CHAMPION-X	V009	test(r4): record V009 reduction scratch result	w3/m1/multirow-panel-rms	661a1e4afa9d03c8e519f88504db98e21f649f92	e3f24091aac8df7e3eb6da40baf0135a8037929a	6ba5244641acf4d241e3f9abec5450d3ff9fc864	503b98cb22ae88798bb6bfca83a46676933f3600	本地实验/MULTIROW-PANEL-RMS-CHAMPION-X/V009/submission.asc	100644	d0549fc0f6fb5da9d8f78f6a070f446703fa6d04		EXCLUDE	CANDIDATE_OR_KERNEL_SOURCE		source retained only by source commit/blob reference
W3-R4-MULTIROW-PANEL-RMS-CHAMPION-X	V009	test(r4): record V009 reduction scratch result	w3/m1/multirow-panel-rms	661a1e4afa9d03c8e519f88504db98e21f649f92	e3f24091aac8df7e3eb6da40baf0135a8037929a	6ba5244641acf4d241e3f9abec5450d3ff9fc864	503b98cb22ae88798bb6bfca83a46676933f3600	本地实验/MULTIROW-PANEL-RMS-CHAMPION-X/V009/summary.txt	100644	b7d0b7a33c123f2c9381cbbfae90eb64ae42a1c6	证据集成/W3/Batch-09-R1-R3-R4-R5/R4/V009/summary.txt	COPY	LOCAL_CONTEXT_OR_DIAGNOSTIC		original bytes
W3-R4-MULTIROW-PANEL-RMS-CHAMPION-X	V009	test(r4): record V009 reduction scratch result	w3/m1/multirow-panel-rms	661a1e4afa9d03c8e519f88504db98e21f649f92	e3f24091aac8df7e3eb6da40baf0135a8037929a	6ba5244641acf4d241e3f9abec5450d3ff9fc864	503b98cb22ae88798bb6bfca83a46676933f3600	本地实验/MULTIROW-PANEL-RMS-CHAMPION-X/V009/support/CMakeLists.txt	100644	26d61167cac3e643a1461b5097915cd02b21f364		EXCLUDE	BUILD_CONFIGURATION		build configuration not copied
W3-R4-MULTIROW-PANEL-RMS-CHAMPION-X	V009	test(r4): record V009 reduction scratch result	w3/m1/multirow-panel-rms	661a1e4afa9d03c8e519f88504db98e21f649f92	e3f24091aac8df7e3eb6da40baf0135a8037929a	6ba5244641acf4d241e3f9abec5450d3ff9fc864	503b98cb22ae88798bb6bfca83a46676933f3600	本地实验/MULTIROW-PANEL-RMS-CHAMPION-X/V009/support/build_server3.sh	100644	229e343f878e8de61c0fd3f5e8690c738280aaa6		EXCLUDE	BUILD_OR_EXECUTION_SCRIPT		script not copied
W3-R4-MULTIROW-PANEL-RMS-CHAMPION-X	V009	test(r4): record V009 reduction scratch result	w3/m1/multirow-panel-rms	661a1e4afa9d03c8e519f88504db98e21f649f92	e3f24091aac8df7e3eb6da40baf0135a8037929a	6ba5244641acf4d241e3f9abec5450d3ff9fc864	503b98cb22ae88798bb6bfca83a46676933f3600	本地实验/MULTIROW-PANEL-RMS-CHAMPION-X/V009/support/candidate_kernel.asc	100644	3ef7048e01ddd88fb3d4b4a87c0ecb102c75799c		EXCLUDE	CANDIDATE_OR_KERNEL_SOURCE		source retained only by source commit/blob reference
W3-R4-MULTIROW-PANEL-RMS-CHAMPION-X	V009	test(r4): record V009 reduction scratch result	w3/m1/multirow-panel-rms	661a1e4afa9d03c8e519f88504db98e21f649f92	e3f24091aac8df7e3eb6da40baf0135a8037929a	6ba5244641acf4d241e3f9abec5450d3ff9fc864	503b98cb22ae88798bb6bfca83a46676933f3600	本地实验/MULTIROW-PANEL-RMS-CHAMPION-X/V009/support/compile_server3.sh	100644	715bd85b6be1568d87f136a90dfa3b5eaf8b7961		EXCLUDE	BUILD_OR_EXECUTION_SCRIPT		script not copied
W3-R4-MULTIROW-PANEL-RMS-CHAMPION-X	V009	test(r4): record V009 reduction scratch result	w3/m1/multirow-panel-rms	661a1e4afa9d03c8e519f88504db98e21f649f92	e3f24091aac8df7e3eb6da40baf0135a8037929a	6ba5244641acf4d241e3f9abec5450d3ff9fc864	503b98cb22ae88798bb6bfca83a46676933f3600	本地实验/MULTIROW-PANEL-RMS-CHAMPION-X/V009/support/local_abi_shim.h	100644	f52411b2c5f6b614ff1e61f30707250a43cc10d3		EXCLUDE	SUPPORT_SOURCE		source retained only by source commit/blob reference
W3-R4-MULTIROW-PANEL-RMS-CHAMPION-X	V009	test(r4): record V009 reduction scratch result	w3/m1/multirow-panel-rms	661a1e4afa9d03c8e519f88504db98e21f649f92	e3f24091aac8df7e3eb6da40baf0135a8037929a	6ba5244641acf4d241e3f9abec5450d3ff9fc864	503b98cb22ae88798bb6bfca83a46676933f3600	本地实验/MULTIROW-PANEL-RMS-CHAMPION-X/V009/support/parent_kernel.asc	100644	9dbb3053c84dc39f4aee7826176ba96b70f413bc		EXCLUDE	CANDIDATE_OR_KERNEL_SOURCE		source retained only by source commit/blob reference
W3-R4-MULTIROW-PANEL-RMS-CHAMPION-X	V009	test(r4): record V009 reduction scratch result	w3/m1/multirow-panel-rms	661a1e4afa9d03c8e519f88504db98e21f649f92	e3f24091aac8df7e3eb6da40baf0135a8037929a	6ba5244641acf4d241e3f9abec5450d3ff9fc864	503b98cb22ae88798bb6bfca83a46676933f3600	本地实验/MULTIROW-PANEL-RMS-CHAMPION-X/V009/support/runner_main.cpp	100644	c344fbd6e08908a30453471d90b4ff465ed5b8e5		EXCLUDE	SUPPORT_SOURCE		source retained only by source commit/blob reference
W3-R4-MULTIROW-PANEL-RMS-CHAMPION-X	V010	test(r4): record V010 panel buffer result	w3/m1/multirow-panel-rms	707d62c508d7cd03e456a629a790b00c50deb401	661a1e4afa9d03c8e519f88504db98e21f649f92	eb5ea394830bb69176a47f82c50d4023f44d5d73	503b98cb22ae88798bb6bfca83a46676933f3600	本地实验/MULTIROW-PANEL-RMS-CHAMPION-X/V010/local/MPR4-V010-LOCAL-20261005T1240Z/candidate-device-us.sorted.tsv	100644	e0eaf6990410966bfbfa1d6d3b4a1e187588615d	证据集成/W3/Batch-09-R1-R3-R4-R5/R4/V010/local/MPR4-V010-LOCAL-20261005T1240Z/candidate-device-us.sorted.tsv	COPY	LOCAL_RAW_STATISTICS		original bytes
W3-R4-MULTIROW-PANEL-RMS-CHAMPION-X	V010	test(r4): record V010 panel buffer result	w3/m1/multirow-panel-rms	707d62c508d7cd03e456a629a790b00c50deb401	661a1e4afa9d03c8e519f88504db98e21f649f92	eb5ea394830bb69176a47f82c50d4023f44d5d73	503b98cb22ae88798bb6bfca83a46676933f3600	本地实验/MULTIROW-PANEL-RMS-CHAMPION-X/V010/local/MPR4-V010-LOCAL-20261005T1240Z/candidate-wall-us.sorted.tsv	100644	05c6599880a79886cf55f0a56c7bc7c66ae21e49	证据集成/W3/Batch-09-R1-R3-R4-R5/R4/V010/local/MPR4-V010-LOCAL-20261005T1240Z/candidate-wall-us.sorted.tsv	COPY	LOCAL_RAW_STATISTICS		original bytes
W3-R4-MULTIROW-PANEL-RMS-CHAMPION-X	V010	test(r4): record V010 panel buffer result	w3/m1/multirow-panel-rms	707d62c508d7cd03e456a629a790b00c50deb401	661a1e4afa9d03c8e519f88504db98e21f649f92	eb5ea394830bb69176a47f82c50d4023f44d5d73	503b98cb22ae88798bb6bfca83a46676933f3600	本地实验/MULTIROW-PANEL-RMS-CHAMPION-X/V010/local/MPR4-V010-LOCAL-20261005T1240Z/cp-delta-us.sorted.tsv	100644	dc9c67ecde337072d59f12b27e7774eba89dcbad	证据集成/W3/Batch-09-R1-R3-R4-R5/R4/V010/local/MPR4-V010-LOCAL-20261005T1240Z/cp-delta-us.sorted.tsv	COPY	LOCAL_RAW_STATISTICS		original bytes
W3-R4-MULTIROW-PANEL-RMS-CHAMPION-X	V010	test(r4): record V010 panel buffer result	w3/m1/multirow-panel-rms	707d62c508d7cd03e456a629a790b00c50deb401	661a1e4afa9d03c8e519f88504db98e21f649f92	eb5ea394830bb69176a47f82c50d4023f44d5d73	503b98cb22ae88798bb6bfca83a46676933f3600	本地实验/MULTIROW-PANEL-RMS-CHAMPION-X/V010/local/MPR4-V010-LOCAL-20261005T1240Z/device_event_us.derived.tsv	100644	24b5d82856482f60b6048b11a8bf8016839f2f38	证据集成/W3/Batch-09-R1-R3-R4-R5/R4/V010/local/MPR4-V010-LOCAL-20261005T1240Z/device_event_us.derived.tsv	COPY	LOCAL_RAW_STATISTICS		original bytes
W3-R4-MULTIROW-PANEL-RMS-CHAMPION-X	V010	test(r4): record V010 panel buffer result	w3/m1/multirow-panel-rms	707d62c508d7cd03e456a629a790b00c50deb401	661a1e4afa9d03c8e519f88504db98e21f649f92	eb5ea394830bb69176a47f82c50d4023f44d5d73	503b98cb22ae88798bb6bfca83a46676933f3600	本地实验/MULTIROW-PANEL-RMS-CHAMPION-X/V010/local/MPR4-V010-LOCAL-20261005T1240Z/paired-delta-us.sorted.tsv	100644	c9f1c2dd8665bbda93cf2063dbf03c68aab1c54c	证据集成/W3/Batch-09-R1-R3-R4-R5/R4/V010/local/MPR4-V010-LOCAL-20261005T1240Z/paired-delta-us.sorted.tsv	COPY	LOCAL_RAW_STATISTICS		original bytes
W3-R4-MULTIROW-PANEL-RMS-CHAMPION-X	V010	test(r4): record V010 panel buffer result	w3/m1/multirow-panel-rms	707d62c508d7cd03e456a629a790b00c50deb401	661a1e4afa9d03c8e519f88504db98e21f649f92	eb5ea394830bb69176a47f82c50d4023f44d5d73	503b98cb22ae88798bb6bfca83a46676933f3600	本地实验/MULTIROW-PANEL-RMS-CHAMPION-X/V010/local/MPR4-V010-LOCAL-20261005T1240Z/paired-fp16-128x12288.tsv	100644	83cf7109813a62d1ad90be070801923511b8180d	证据集成/W3/Batch-09-R1-R3-R4-R5/R4/V010/local/MPR4-V010-LOCAL-20261005T1240Z/paired-fp16-128x12288.tsv	COPY	LOCAL_RAW_STATISTICS		original bytes
W3-R4-MULTIROW-PANEL-RMS-CHAMPION-X	V010	test(r4): record V010 panel buffer result	w3/m1/multirow-panel-rms	707d62c508d7cd03e456a629a790b00c50deb401	661a1e4afa9d03c8e519f88504db98e21f649f92	eb5ea394830bb69176a47f82c50d4023f44d5d73	503b98cb22ae88798bb6bfca83a46676933f3600	本地实验/MULTIROW-PANEL-RMS-CHAMPION-X/V010/local/MPR4-V010-LOCAL-20261005T1240Z/paired_delta.derived.tsv	100644	4a61af14976c0e23f766b7ec84598aab3d004642	证据集成/W3/Batch-09-R1-R3-R4-R5/R4/V010/local/MPR4-V010-LOCAL-20261005T1240Z/paired_delta.derived.tsv	COPY	LOCAL_RAW_STATISTICS		original bytes
W3-R4-MULTIROW-PANEL-RMS-CHAMPION-X	V010	test(r4): record V010 panel buffer result	w3/m1/multirow-panel-rms	707d62c508d7cd03e456a629a790b00c50deb401	661a1e4afa9d03c8e519f88504db98e21f649f92	eb5ea394830bb69176a47f82c50d4023f44d5d73	503b98cb22ae88798bb6bfca83a46676933f3600	本地实验/MULTIROW-PANEL-RMS-CHAMPION-X/V010/local/MPR4-V010-LOCAL-20261005T1240Z/parent-device-us.sorted.tsv	100644	d6d62bdf60b8e700668e53ae18dd424d52b235f9	证据集成/W3/Batch-09-R1-R3-R4-R5/R4/V010/local/MPR4-V010-LOCAL-20261005T1240Z/parent-device-us.sorted.tsv	COPY	LOCAL_RAW_STATISTICS		original bytes
W3-R4-MULTIROW-PANEL-RMS-CHAMPION-X	V010	test(r4): record V010 panel buffer result	w3/m1/multirow-panel-rms	707d62c508d7cd03e456a629a790b00c50deb401	661a1e4afa9d03c8e519f88504db98e21f649f92	eb5ea394830bb69176a47f82c50d4023f44d5d73	503b98cb22ae88798bb6bfca83a46676933f3600	本地实验/MULTIROW-PANEL-RMS-CHAMPION-X/V010/local/MPR4-V010-LOCAL-20261005T1240Z/parent-wall-us.sorted.tsv	100644	87d88827911812680868fd14b84be2a5fc3535de	证据集成/W3/Batch-09-R1-R3-R4-R5/R4/V010/local/MPR4-V010-LOCAL-20261005T1240Z/parent-wall-us.sorted.tsv	COPY	LOCAL_RAW_STATISTICS		original bytes
W3-R4-MULTIROW-PANEL-RMS-CHAMPION-X	V010	test(r4): record V010 panel buffer result	w3/m1/multirow-panel-rms	707d62c508d7cd03e456a629a790b00c50deb401	661a1e4afa9d03c8e519f88504db98e21f649f92	eb5ea394830bb69176a47f82c50d4023f44d5d73	503b98cb22ae88798bb6bfca83a46676933f3600	本地实验/MULTIROW-PANEL-RMS-CHAMPION-X/V010/local/MPR4-V010-LOCAL-20261005T1240Z/pc-delta-us.sorted.tsv	100644	f20534190b4bfa19a3a5b6a525c9ad8107973bee	证据集成/W3/Batch-09-R1-R3-R4-R5/R4/V010/local/MPR4-V010-LOCAL-20261005T1240Z/pc-delta-us.sorted.tsv	COPY	LOCAL_RAW_STATISTICS		original bytes
W3-R4-MULTIROW-PANEL-RMS-CHAMPION-X	V010	test(r4): record V010 panel buffer result	w3/m1/multirow-panel-rms	707d62c508d7cd03e456a629a790b00c50deb401	661a1e4afa9d03c8e519f88504db98e21f649f92	eb5ea394830bb69176a47f82c50d4023f44d5d73	503b98cb22ae88798bb6bfca83a46676933f3600	本地实验/MULTIROW-PANEL-RMS-CHAMPION-X/V010/local/MPR4-V010-LOCAL-20261005T1240Z/post.npu-smi.txt	100644	777b9c89518ac9cf960557a6bf90f5a64f0c620e	证据集成/W3/Batch-09-R1-R3-R4-R5/R4/V010/local/MPR4-V010-LOCAL-20261005T1240Z/post.npu-smi.txt	COPY	LOCAL_CONTEXT_OR_DIAGNOSTIC		original bytes
W3-R4-MULTIROW-PANEL-RMS-CHAMPION-X	V010	test(r4): record V010 panel buffer result	w3/m1/multirow-panel-rms	707d62c508d7cd03e456a629a790b00c50deb401	661a1e4afa9d03c8e519f88504db98e21f649f92	eb5ea394830bb69176a47f82c50d4023f44d5d73	503b98cb22ae88798bb6bfca83a46676933f3600	本地实验/MULTIROW-PANEL-RMS-CHAMPION-X/V010/local/MPR4-V010-LOCAL-20261005T1240Z/pre.npu-smi.txt	100644	b8cb181921174019afd92b94f6943a0d411b1543	证据集成/W3/Batch-09-R1-R3-R4-R5/R4/V010/local/MPR4-V010-LOCAL-20261005T1240Z/pre.npu-smi.txt	COPY	LOCAL_CONTEXT_OR_DIAGNOSTIC		original bytes
W3-R4-MULTIROW-PANEL-RMS-CHAMPION-X	V010	test(r4): record V010 panel buffer result	w3/m1/multirow-panel-rms	707d62c508d7cd03e456a629a790b00c50deb401	661a1e4afa9d03c8e519f88504db98e21f649f92	eb5ea394830bb69176a47f82c50d4023f44d5d73	503b98cb22ae88798bb6bfca83a46676933f3600	本地实验/MULTIROW-PANEL-RMS-CHAMPION-X/V010/local/MPR4-V010-LOCAL-20261005T1240Z/runner.stdout.log	100644	e69de29bb2d1d6434b8b29ae775ad8c2e48c5391	证据集成/W3/Batch-09-R1-R3-R4-R5/R4/V010/local/MPR4-V010-LOCAL-20261005T1240Z/runner.stdout.log	COPY	RUN_LOG		original bytes
W3-R4-MULTIROW-PANEL-RMS-CHAMPION-X	V010	test(r4): record V010 panel buffer result	w3/m1/multirow-panel-rms	707d62c508d7cd03e456a629a790b00c50deb401	661a1e4afa9d03c8e519f88504db98e21f649f92	eb5ea394830bb69176a47f82c50d4023f44d5d73	503b98cb22ae88798bb6bfca83a46676933f3600	本地实验/MULTIROW-PANEL-RMS-CHAMPION-X/V010/local/MPR4-V010-LOCAL-20261005T1240Z/wall-us.all.sorted.tsv	100644	847dc08dfa4ae5b269c4f5a66d81bd21d6575894	证据集成/W3/Batch-09-R1-R3-R4-R5/R4/V010/local/MPR4-V010-LOCAL-20261005T1240Z/wall-us.all.sorted.tsv	COPY	LOCAL_RAW_STATISTICS		original bytes
W3-R4-MULTIROW-PANEL-RMS-CHAMPION-X	V010	test(r4): record V010 panel buffer result	w3/m1/multirow-panel-rms	707d62c508d7cd03e456a629a790b00c50deb401	661a1e4afa9d03c8e519f88504db98e21f649f92	eb5ea394830bb69176a47f82c50d4023f44d5d73	503b98cb22ae88798bb6bfca83a46676933f3600	本地实验/MULTIROW-PANEL-RMS-CHAMPION-X/V010/local/MPR4-V010-LOCAL-20261005T1240Z/wall_us.derived.tsv	100644	d4ab78263971ce751c2e6f63a870c70076c6b511	证据集成/W3/Batch-09-R1-R3-R4-R5/R4/V010/local/MPR4-V010-LOCAL-20261005T1240Z/wall_us.derived.tsv	COPY	LOCAL_RAW_STATISTICS		original bytes
W3-R4-MULTIROW-PANEL-RMS-CHAMPION-X	V010	test(r4): record V010 panel buffer result	w3/m1/multirow-panel-rms	707d62c508d7cd03e456a629a790b00c50deb401	661a1e4afa9d03c8e519f88504db98e21f649f92	eb5ea394830bb69176a47f82c50d4023f44d5d73	503b98cb22ae88798bb6bfca83a46676933f3600	本地实验/MULTIROW-PANEL-RMS-CHAMPION-X/V010/logs/MPR4-V010-COMPILE-20261005T122820Z.log	100644	f470b914a183a2adc55ea7393f62e364cf633f0d	证据集成/W3/Batch-09-R1-R3-R4-R5/R4/V010/logs/MPR4-V010-COMPILE-20261005T122820Z.log	COPY	COMPILE_LOG		original bytes
W3-R4-MULTIROW-PANEL-RMS-CHAMPION-X	V010	test(r4): record V010 panel buffer result	w3/m1/multirow-panel-rms	707d62c508d7cd03e456a629a790b00c50deb401	661a1e4afa9d03c8e519f88504db98e21f649f92	eb5ea394830bb69176a47f82c50d4023f44d5d73	503b98cb22ae88798bb6bfca83a46676933f3600	本地实验/MULTIROW-PANEL-RMS-CHAMPION-X/V010/logs/MPR4-V010-CORR-CANDIDATE-20261005T1235Z.post.npu-smi.txt	100644	c206c497f753a3b7f4b01377be29678017dc93e3	证据集成/W3/Batch-09-R1-R3-R4-R5/R4/V010/logs/MPR4-V010-CORR-CANDIDATE-20261005T1235Z.post.npu-smi.txt	COPY	LOCAL_CONTEXT_OR_DIAGNOSTIC		original bytes
W3-R4-MULTIROW-PANEL-RMS-CHAMPION-X	V010	test(r4): record V010 panel buffer result	w3/m1/multirow-panel-rms	707d62c508d7cd03e456a629a790b00c50deb401	661a1e4afa9d03c8e519f88504db98e21f649f92	eb5ea394830bb69176a47f82c50d4023f44d5d73	503b98cb22ae88798bb6bfca83a46676933f3600	本地实验/MULTIROW-PANEL-RMS-CHAMPION-X/V010/logs/MPR4-V010-CORR-CANDIDATE-20261005T1235Z.pre.npu-smi.txt	100644	bd353f197798159ddf4b9c71894ca4195c0b47d9	证据集成/W3/Batch-09-R1-R3-R4-R5/R4/V010/logs/MPR4-V010-CORR-CANDIDATE-20261005T1235Z.pre.npu-smi.txt	COPY	LOCAL_CONTEXT_OR_DIAGNOSTIC		original bytes
W3-R4-MULTIROW-PANEL-RMS-CHAMPION-X	V010	test(r4): record V010 panel buffer result	w3/m1/multirow-panel-rms	707d62c508d7cd03e456a629a790b00c50deb401	661a1e4afa9d03c8e519f88504db98e21f649f92	eb5ea394830bb69176a47f82c50d4023f44d5d73	503b98cb22ae88798bb6bfca83a46676933f3600	本地实验/MULTIROW-PANEL-RMS-CHAMPION-X/V010/logs/MPR4-V010-CORR-CANDIDATE-20261005T1235Z.stdout.log	100644	7165ba5d08f1885477d7e35348e0aeb659fb408f	证据集成/W3/Batch-09-R1-R3-R4-R5/R4/V010/logs/MPR4-V010-CORR-CANDIDATE-20261005T1235Z.stdout.log	COPY	RUN_LOG		original bytes
W3-R4-MULTIROW-PANEL-RMS-CHAMPION-X	V010	test(r4): record V010 panel buffer result	w3/m1/multirow-panel-rms	707d62c508d7cd03e456a629a790b00c50deb401	661a1e4afa9d03c8e519f88504db98e21f649f92	eb5ea394830bb69176a47f82c50d4023f44d5d73	503b98cb22ae88798bb6bfca83a46676933f3600	本地实验/MULTIROW-PANEL-RMS-CHAMPION-X/V010/logs/MPR4-V010-CORR-CANDIDATE-20261005T1235Z.tsv	100644	bea770ee12848312dfea1acc14cc3367b0270ccf	证据集成/W3/Batch-09-R1-R3-R4-R5/R4/V010/logs/MPR4-V010-CORR-CANDIDATE-20261005T1235Z.tsv	COPY	LOCAL_RAW_STATISTICS		original bytes
W3-R4-MULTIROW-PANEL-RMS-CHAMPION-X	V010	test(r4): record V010 panel buffer result	w3/m1/multirow-panel-rms	707d62c508d7cd03e456a629a790b00c50deb401	661a1e4afa9d03c8e519f88504db98e21f649f92	eb5ea394830bb69176a47f82c50d4023f44d5d73	503b98cb22ae88798bb6bfca83a46676933f3600	本地实验/MULTIROW-PANEL-RMS-CHAMPION-X/V010/logs/MPR4-V010-CORR-PARENT-20261005T1231Z.post.npu-smi.txt	100644	2017010afc51b2c97682acfb4b4559ff52a6d2b4	证据集成/W3/Batch-09-R1-R3-R4-R5/R4/V010/logs/MPR4-V010-CORR-PARENT-20261005T1231Z.post.npu-smi.txt	COPY	LOCAL_CONTEXT_OR_DIAGNOSTIC		original bytes
W3-R4-MULTIROW-PANEL-RMS-CHAMPION-X	V010	test(r4): record V010 panel buffer result	w3/m1/multirow-panel-rms	707d62c508d7cd03e456a629a790b00c50deb401	661a1e4afa9d03c8e519f88504db98e21f649f92	eb5ea394830bb69176a47f82c50d4023f44d5d73	503b98cb22ae88798bb6bfca83a46676933f3600	本地实验/MULTIROW-PANEL-RMS-CHAMPION-X/V010/logs/MPR4-V010-CORR-PARENT-20261005T1231Z.pre.npu-smi.txt	100644	e6240cce135f27baec5001bc837dfd0eabd2913d	证据集成/W3/Batch-09-R1-R3-R4-R5/R4/V010/logs/MPR4-V010-CORR-PARENT-20261005T1231Z.pre.npu-smi.txt	COPY	LOCAL_CONTEXT_OR_DIAGNOSTIC		original bytes
W3-R4-MULTIROW-PANEL-RMS-CHAMPION-X	V010	test(r4): record V010 panel buffer result	w3/m1/multirow-panel-rms	707d62c508d7cd03e456a629a790b00c50deb401	661a1e4afa9d03c8e519f88504db98e21f649f92	eb5ea394830bb69176a47f82c50d4023f44d5d73	503b98cb22ae88798bb6bfca83a46676933f3600	本地实验/MULTIROW-PANEL-RMS-CHAMPION-X/V010/logs/MPR4-V010-CORR-PARENT-20261005T1231Z.stdout.log	100644	d206967ae86ca302ee146cebc9e7477265b526b6	证据集成/W3/Batch-09-R1-R3-R4-R5/R4/V010/logs/MPR4-V010-CORR-PARENT-20261005T1231Z.stdout.log	COPY	RUN_LOG		original bytes
W3-R4-MULTIROW-PANEL-RMS-CHAMPION-X	V010	test(r4): record V010 panel buffer result	w3/m1/multirow-panel-rms	707d62c508d7cd03e456a629a790b00c50deb401	661a1e4afa9d03c8e519f88504db98e21f649f92	eb5ea394830bb69176a47f82c50d4023f44d5d73	503b98cb22ae88798bb6bfca83a46676933f3600	本地实验/MULTIROW-PANEL-RMS-CHAMPION-X/V010/logs/MPR4-V010-CORR-PARENT-20261005T1231Z.tsv	100644	b732e5e6e10b4c506dea62353e4a5a4cb430eb2f	证据集成/W3/Batch-09-R1-R3-R4-R5/R4/V010/logs/MPR4-V010-CORR-PARENT-20261005T1231Z.tsv	COPY	LOCAL_RAW_STATISTICS		original bytes
W3-R4-MULTIROW-PANEL-RMS-CHAMPION-X	V010	test(r4): record V010 panel buffer result	w3/m1/multirow-panel-rms	707d62c508d7cd03e456a629a790b00c50deb401	661a1e4afa9d03c8e519f88504db98e21f649f92	eb5ea394830bb69176a47f82c50d4023f44d5d73	503b98cb22ae88798bb6bfca83a46676933f3600	本地实验/MULTIROW-PANEL-RMS-CHAMPION-X/V010/submission.asc	100644	3604b95164bb3d548a3124b96f20da3349e6a0ba		EXCLUDE	CANDIDATE_OR_KERNEL_SOURCE		source retained only by source commit/blob reference
W3-R4-MULTIROW-PANEL-RMS-CHAMPION-X	V010	test(r4): record V010 panel buffer result	w3/m1/multirow-panel-rms	707d62c508d7cd03e456a629a790b00c50deb401	661a1e4afa9d03c8e519f88504db98e21f649f92	eb5ea394830bb69176a47f82c50d4023f44d5d73	503b98cb22ae88798bb6bfca83a46676933f3600	本地实验/MULTIROW-PANEL-RMS-CHAMPION-X/V010/summary.txt	100644	add7400f50d24b322e605eb7ff70151c00f91a48	证据集成/W3/Batch-09-R1-R3-R4-R5/R4/V010/summary.txt	COPY	LOCAL_CONTEXT_OR_DIAGNOSTIC		original bytes
W3-R4-MULTIROW-PANEL-RMS-CHAMPION-X	V010	test(r4): record V010 panel buffer result	w3/m1/multirow-panel-rms	707d62c508d7cd03e456a629a790b00c50deb401	661a1e4afa9d03c8e519f88504db98e21f649f92	eb5ea394830bb69176a47f82c50d4023f44d5d73	503b98cb22ae88798bb6bfca83a46676933f3600	本地实验/MULTIROW-PANEL-RMS-CHAMPION-X/V010/support/CMakeLists.txt	100644	26d61167cac3e643a1461b5097915cd02b21f364		EXCLUDE	BUILD_CONFIGURATION		build configuration not copied
W3-R4-MULTIROW-PANEL-RMS-CHAMPION-X	V010	test(r4): record V010 panel buffer result	w3/m1/multirow-panel-rms	707d62c508d7cd03e456a629a790b00c50deb401	661a1e4afa9d03c8e519f88504db98e21f649f92	eb5ea394830bb69176a47f82c50d4023f44d5d73	503b98cb22ae88798bb6bfca83a46676933f3600	本地实验/MULTIROW-PANEL-RMS-CHAMPION-X/V010/support/build_server3.sh	100644	0465000312500c8961a6af48b977b30b9b71b7ff		EXCLUDE	BUILD_OR_EXECUTION_SCRIPT		script not copied
W3-R4-MULTIROW-PANEL-RMS-CHAMPION-X	V010	test(r4): record V010 panel buffer result	w3/m1/multirow-panel-rms	707d62c508d7cd03e456a629a790b00c50deb401	661a1e4afa9d03c8e519f88504db98e21f649f92	eb5ea394830bb69176a47f82c50d4023f44d5d73	503b98cb22ae88798bb6bfca83a46676933f3600	本地实验/MULTIROW-PANEL-RMS-CHAMPION-X/V010/support/candidate_kernel.asc	100644	3ef7048e01ddd88fb3d4b4a87c0ecb102c75799c		EXCLUDE	CANDIDATE_OR_KERNEL_SOURCE		source retained only by source commit/blob reference
W3-R4-MULTIROW-PANEL-RMS-CHAMPION-X	V010	test(r4): record V010 panel buffer result	w3/m1/multirow-panel-rms	707d62c508d7cd03e456a629a790b00c50deb401	661a1e4afa9d03c8e519f88504db98e21f649f92	eb5ea394830bb69176a47f82c50d4023f44d5d73	503b98cb22ae88798bb6bfca83a46676933f3600	本地实验/MULTIROW-PANEL-RMS-CHAMPION-X/V010/support/compile_server3.sh	100644	3f8f474eef393d397768272a3ae829c3943cb103		EXCLUDE	BUILD_OR_EXECUTION_SCRIPT		script not copied
W3-R4-MULTIROW-PANEL-RMS-CHAMPION-X	V010	test(r4): record V010 panel buffer result	w3/m1/multirow-panel-rms	707d62c508d7cd03e456a629a790b00c50deb401	661a1e4afa9d03c8e519f88504db98e21f649f92	eb5ea394830bb69176a47f82c50d4023f44d5d73	503b98cb22ae88798bb6bfca83a46676933f3600	本地实验/MULTIROW-PANEL-RMS-CHAMPION-X/V010/support/local_abi_shim.h	100644	f52411b2c5f6b614ff1e61f30707250a43cc10d3		EXCLUDE	SUPPORT_SOURCE		source retained only by source commit/blob reference
W3-R4-MULTIROW-PANEL-RMS-CHAMPION-X	V010	test(r4): record V010 panel buffer result	w3/m1/multirow-panel-rms	707d62c508d7cd03e456a629a790b00c50deb401	661a1e4afa9d03c8e519f88504db98e21f649f92	eb5ea394830bb69176a47f82c50d4023f44d5d73	503b98cb22ae88798bb6bfca83a46676933f3600	本地实验/MULTIROW-PANEL-RMS-CHAMPION-X/V010/support/parent_kernel.asc	100644	9dbb3053c84dc39f4aee7826176ba96b70f413bc		EXCLUDE	CANDIDATE_OR_KERNEL_SOURCE		source retained only by source commit/blob reference
W3-R4-MULTIROW-PANEL-RMS-CHAMPION-X	V010	test(r4): record V010 panel buffer result	w3/m1/multirow-panel-rms	707d62c508d7cd03e456a629a790b00c50deb401	661a1e4afa9d03c8e519f88504db98e21f649f92	eb5ea394830bb69176a47f82c50d4023f44d5d73	503b98cb22ae88798bb6bfca83a46676933f3600	本地实验/MULTIROW-PANEL-RMS-CHAMPION-X/V010/support/runner_main.cpp	100644	c344fbd6e08908a30453471d90b4ff465ed5b8e5		EXCLUDE	SUPPORT_SOURCE		source retained only by source commit/blob reference
W3-R4-MULTIROW-PANEL-RMS-CHAMPION-X	V011	test(r4): record V011 scalar RMS binding result	w3/m1/multirow-panel-rms	89c21c19ce8fa454b9f09f9929e15d9fb96a8675	707d62c508d7cd03e456a629a790b00c50deb401	39d64bf15d98d2a562dc2687eccae4e9999c1f81	503b98cb22ae88798bb6bfca83a46676933f3600	本地实验/MULTIROW-PANEL-RMS-CHAMPION-X/V011/local/MPR4-V011-LOCAL-20261005T131100Z/candidate-device-us.sorted.tsv	100644	d378a3954c77a99423d137b1900fb54e88a261dc	证据集成/W3/Batch-09-R1-R3-R4-R5/R4/V011/local/MPR4-V011-LOCAL-20261005T131100Z/candidate-device-us.sorted.tsv	COPY	LOCAL_RAW_STATISTICS		original bytes
W3-R4-MULTIROW-PANEL-RMS-CHAMPION-X	V011	test(r4): record V011 scalar RMS binding result	w3/m1/multirow-panel-rms	89c21c19ce8fa454b9f09f9929e15d9fb96a8675	707d62c508d7cd03e456a629a790b00c50deb401	39d64bf15d98d2a562dc2687eccae4e9999c1f81	503b98cb22ae88798bb6bfca83a46676933f3600	本地实验/MULTIROW-PANEL-RMS-CHAMPION-X/V011/local/MPR4-V011-LOCAL-20261005T131100Z/candidate-wall-us.sorted.tsv	100644	da338516eae5361107ce3e23375603e20471a49a	证据集成/W3/Batch-09-R1-R3-R4-R5/R4/V011/local/MPR4-V011-LOCAL-20261005T131100Z/candidate-wall-us.sorted.tsv	COPY	LOCAL_RAW_STATISTICS		original bytes
W3-R4-MULTIROW-PANEL-RMS-CHAMPION-X	V011	test(r4): record V011 scalar RMS binding result	w3/m1/multirow-panel-rms	89c21c19ce8fa454b9f09f9929e15d9fb96a8675	707d62c508d7cd03e456a629a790b00c50deb401	39d64bf15d98d2a562dc2687eccae4e9999c1f81	503b98cb22ae88798bb6bfca83a46676933f3600	本地实验/MULTIROW-PANEL-RMS-CHAMPION-X/V011/local/MPR4-V011-LOCAL-20261005T131100Z/cp-delta-us.sorted.tsv	100644	61a3b7bdcfe2784a55221a9125798bb0bf9f175d	证据集成/W3/Batch-09-R1-R3-R4-R5/R4/V011/local/MPR4-V011-LOCAL-20261005T131100Z/cp-delta-us.sorted.tsv	COPY	LOCAL_RAW_STATISTICS		original bytes
W3-R4-MULTIROW-PANEL-RMS-CHAMPION-X	V011	test(r4): record V011 scalar RMS binding result	w3/m1/multirow-panel-rms	89c21c19ce8fa454b9f09f9929e15d9fb96a8675	707d62c508d7cd03e456a629a790b00c50deb401	39d64bf15d98d2a562dc2687eccae4e9999c1f81	503b98cb22ae88798bb6bfca83a46676933f3600	本地实验/MULTIROW-PANEL-RMS-CHAMPION-X/V011/local/MPR4-V011-LOCAL-20261005T131100Z/device_event_us.derived.tsv	100644	6e29eab807099e6b6e80b208744fc85070519df5	证据集成/W3/Batch-09-R1-R3-R4-R5/R4/V011/local/MPR4-V011-LOCAL-20261005T131100Z/device_event_us.derived.tsv	COPY	LOCAL_RAW_STATISTICS		original bytes
W3-R4-MULTIROW-PANEL-RMS-CHAMPION-X	V011	test(r4): record V011 scalar RMS binding result	w3/m1/multirow-panel-rms	89c21c19ce8fa454b9f09f9929e15d9fb96a8675	707d62c508d7cd03e456a629a790b00c50deb401	39d64bf15d98d2a562dc2687eccae4e9999c1f81	503b98cb22ae88798bb6bfca83a46676933f3600	本地实验/MULTIROW-PANEL-RMS-CHAMPION-X/V011/local/MPR4-V011-LOCAL-20261005T131100Z/paired-delta-us.sorted.tsv	100644	c9fcdde84b4587db39efccc63c198585567d7439	证据集成/W3/Batch-09-R1-R3-R4-R5/R4/V011/local/MPR4-V011-LOCAL-20261005T131100Z/paired-delta-us.sorted.tsv	COPY	LOCAL_RAW_STATISTICS		original bytes
W3-R4-MULTIROW-PANEL-RMS-CHAMPION-X	V011	test(r4): record V011 scalar RMS binding result	w3/m1/multirow-panel-rms	89c21c19ce8fa454b9f09f9929e15d9fb96a8675	707d62c508d7cd03e456a629a790b00c50deb401	39d64bf15d98d2a562dc2687eccae4e9999c1f81	503b98cb22ae88798bb6bfca83a46676933f3600	本地实验/MULTIROW-PANEL-RMS-CHAMPION-X/V011/local/MPR4-V011-LOCAL-20261005T131100Z/paired-fp16-128x12288.tsv	100644	1c9322673948adeb4342119f1975f7a05b5544cd	证据集成/W3/Batch-09-R1-R3-R4-R5/R4/V011/local/MPR4-V011-LOCAL-20261005T131100Z/paired-fp16-128x12288.tsv	COPY	LOCAL_RAW_STATISTICS		original bytes
W3-R4-MULTIROW-PANEL-RMS-CHAMPION-X	V011	test(r4): record V011 scalar RMS binding result	w3/m1/multirow-panel-rms	89c21c19ce8fa454b9f09f9929e15d9fb96a8675	707d62c508d7cd03e456a629a790b00c50deb401	39d64bf15d98d2a562dc2687eccae4e9999c1f81	503b98cb22ae88798bb6bfca83a46676933f3600	本地实验/MULTIROW-PANEL-RMS-CHAMPION-X/V011/local/MPR4-V011-LOCAL-20261005T131100Z/paired_delta.derived.tsv	100644	db6b2e85fc9aa68de8cea2026426e3e1eb274c67	证据集成/W3/Batch-09-R1-R3-R4-R5/R4/V011/local/MPR4-V011-LOCAL-20261005T131100Z/paired_delta.derived.tsv	COPY	LOCAL_RAW_STATISTICS		original bytes
W3-R4-MULTIROW-PANEL-RMS-CHAMPION-X	V011	test(r4): record V011 scalar RMS binding result	w3/m1/multirow-panel-rms	89c21c19ce8fa454b9f09f9929e15d9fb96a8675	707d62c508d7cd03e456a629a790b00c50deb401	39d64bf15d98d2a562dc2687eccae4e9999c1f81	503b98cb22ae88798bb6bfca83a46676933f3600	本地实验/MULTIROW-PANEL-RMS-CHAMPION-X/V011/local/MPR4-V011-LOCAL-20261005T131100Z/parent-device-us.sorted.tsv	100644	908b6dba5715ae96e6f3bcc4af728d86b9b2eb65	证据集成/W3/Batch-09-R1-R3-R4-R5/R4/V011/local/MPR4-V011-LOCAL-20261005T131100Z/parent-device-us.sorted.tsv	COPY	LOCAL_RAW_STATISTICS		original bytes
W3-R4-MULTIROW-PANEL-RMS-CHAMPION-X	V011	test(r4): record V011 scalar RMS binding result	w3/m1/multirow-panel-rms	89c21c19ce8fa454b9f09f9929e15d9fb96a8675	707d62c508d7cd03e456a629a790b00c50deb401	39d64bf15d98d2a562dc2687eccae4e9999c1f81	503b98cb22ae88798bb6bfca83a46676933f3600	本地实验/MULTIROW-PANEL-RMS-CHAMPION-X/V011/local/MPR4-V011-LOCAL-20261005T131100Z/parent-wall-us.sorted.tsv	100644	24d616306f12baa078b30a51b9dc0f26e0e7568f	证据集成/W3/Batch-09-R1-R3-R4-R5/R4/V011/local/MPR4-V011-LOCAL-20261005T131100Z/parent-wall-us.sorted.tsv	COPY	LOCAL_RAW_STATISTICS		original bytes
W3-R4-MULTIROW-PANEL-RMS-CHAMPION-X	V011	test(r4): record V011 scalar RMS binding result	w3/m1/multirow-panel-rms	89c21c19ce8fa454b9f09f9929e15d9fb96a8675	707d62c508d7cd03e456a629a790b00c50deb401	39d64bf15d98d2a562dc2687eccae4e9999c1f81	503b98cb22ae88798bb6bfca83a46676933f3600	本地实验/MULTIROW-PANEL-RMS-CHAMPION-X/V011/local/MPR4-V011-LOCAL-20261005T131100Z/pc-delta-us.sorted.tsv	100644	da35ee41ace6ae8b5f25d5a20ce98b113aa3bd0c	证据集成/W3/Batch-09-R1-R3-R4-R5/R4/V011/local/MPR4-V011-LOCAL-20261005T131100Z/pc-delta-us.sorted.tsv	COPY	LOCAL_RAW_STATISTICS		original bytes
W3-R4-MULTIROW-PANEL-RMS-CHAMPION-X	V011	test(r4): record V011 scalar RMS binding result	w3/m1/multirow-panel-rms	89c21c19ce8fa454b9f09f9929e15d9fb96a8675	707d62c508d7cd03e456a629a790b00c50deb401	39d64bf15d98d2a562dc2687eccae4e9999c1f81	503b98cb22ae88798bb6bfca83a46676933f3600	本地实验/MULTIROW-PANEL-RMS-CHAMPION-X/V011/local/MPR4-V011-LOCAL-20261005T131100Z/post.npu-smi.txt	100644	2b51e561004575bb82edd812a3a5ce8bc32cdaf4	证据集成/W3/Batch-09-R1-R3-R4-R5/R4/V011/local/MPR4-V011-LOCAL-20261005T131100Z/post.npu-smi.txt	COPY	LOCAL_CONTEXT_OR_DIAGNOSTIC		original bytes
W3-R4-MULTIROW-PANEL-RMS-CHAMPION-X	V011	test(r4): record V011 scalar RMS binding result	w3/m1/multirow-panel-rms	89c21c19ce8fa454b9f09f9929e15d9fb96a8675	707d62c508d7cd03e456a629a790b00c50deb401	39d64bf15d98d2a562dc2687eccae4e9999c1f81	503b98cb22ae88798bb6bfca83a46676933f3600	本地实验/MULTIROW-PANEL-RMS-CHAMPION-X/V011/local/MPR4-V011-LOCAL-20261005T131100Z/pre.npu-smi.txt	100644	299fdf3dbadf5a3f48840edc949cc4ff756fc6c4	证据集成/W3/Batch-09-R1-R3-R4-R5/R4/V011/local/MPR4-V011-LOCAL-20261005T131100Z/pre.npu-smi.txt	COPY	LOCAL_CONTEXT_OR_DIAGNOSTIC		original bytes
W3-R4-MULTIROW-PANEL-RMS-CHAMPION-X	V011	test(r4): record V011 scalar RMS binding result	w3/m1/multirow-panel-rms	89c21c19ce8fa454b9f09f9929e15d9fb96a8675	707d62c508d7cd03e456a629a790b00c50deb401	39d64bf15d98d2a562dc2687eccae4e9999c1f81	503b98cb22ae88798bb6bfca83a46676933f3600	本地实验/MULTIROW-PANEL-RMS-CHAMPION-X/V011/local/MPR4-V011-LOCAL-20261005T131100Z/runner.stdout.log	100644	e69de29bb2d1d6434b8b29ae775ad8c2e48c5391	证据集成/W3/Batch-09-R1-R3-R4-R5/R4/V011/local/MPR4-V011-LOCAL-20261005T131100Z/runner.stdout.log	COPY	RUN_LOG		original bytes
W3-R4-MULTIROW-PANEL-RMS-CHAMPION-X	V011	test(r4): record V011 scalar RMS binding result	w3/m1/multirow-panel-rms	89c21c19ce8fa454b9f09f9929e15d9fb96a8675	707d62c508d7cd03e456a629a790b00c50deb401	39d64bf15d98d2a562dc2687eccae4e9999c1f81	503b98cb22ae88798bb6bfca83a46676933f3600	本地实验/MULTIROW-PANEL-RMS-CHAMPION-X/V011/local/MPR4-V011-LOCAL-20261005T131100Z/wall-us.all.sorted.tsv	100644	698c39f9d18d0e47bd3b8ee1c7025829a31ac79a	证据集成/W3/Batch-09-R1-R3-R4-R5/R4/V011/local/MPR4-V011-LOCAL-20261005T131100Z/wall-us.all.sorted.tsv	COPY	LOCAL_RAW_STATISTICS		original bytes
W3-R4-MULTIROW-PANEL-RMS-CHAMPION-X	V011	test(r4): record V011 scalar RMS binding result	w3/m1/multirow-panel-rms	89c21c19ce8fa454b9f09f9929e15d9fb96a8675	707d62c508d7cd03e456a629a790b00c50deb401	39d64bf15d98d2a562dc2687eccae4e9999c1f81	503b98cb22ae88798bb6bfca83a46676933f3600	本地实验/MULTIROW-PANEL-RMS-CHAMPION-X/V011/local/MPR4-V011-LOCAL-20261005T131100Z/wall_us.derived.tsv	100644	e0dfd68f425b9beffc5514212f90d705bf110e4a	证据集成/W3/Batch-09-R1-R3-R4-R5/R4/V011/local/MPR4-V011-LOCAL-20261005T131100Z/wall_us.derived.tsv	COPY	LOCAL_RAW_STATISTICS		original bytes
W3-R4-MULTIROW-PANEL-RMS-CHAMPION-X	V011	test(r4): record V011 scalar RMS binding result	w3/m1/multirow-panel-rms	89c21c19ce8fa454b9f09f9929e15d9fb96a8675	707d62c508d7cd03e456a629a790b00c50deb401	39d64bf15d98d2a562dc2687eccae4e9999c1f81	503b98cb22ae88798bb6bfca83a46676933f3600	本地实验/MULTIROW-PANEL-RMS-CHAMPION-X/V011/logs/MPR4-V011-COMPILE-20261005T125830Z.log	100644	00b4a652e1d7649cf92070f737a56b6e290abe8d	证据集成/W3/Batch-09-R1-R3-R4-R5/R4/V011/logs/MPR4-V011-COMPILE-20261005T125830Z.log	COPY	COMPILE_LOG		original bytes
W3-R4-MULTIROW-PANEL-RMS-CHAMPION-X	V011	test(r4): record V011 scalar RMS binding result	w3/m1/multirow-panel-rms	89c21c19ce8fa454b9f09f9929e15d9fb96a8675	707d62c508d7cd03e456a629a790b00c50deb401	39d64bf15d98d2a562dc2687eccae4e9999c1f81	503b98cb22ae88798bb6bfca83a46676933f3600	本地实验/MULTIROW-PANEL-RMS-CHAMPION-X/V011/logs/MPR4-V011-CORR-CANDIDATE-20261005T130925Z.post.npu-smi.txt	100644	e74bde48bfc2604158e4205a1a3e4ed9bcb8e438	证据集成/W3/Batch-09-R1-R3-R4-R5/R4/V011/logs/MPR4-V011-CORR-CANDIDATE-20261005T130925Z.post.npu-smi.txt	COPY	LOCAL_CONTEXT_OR_DIAGNOSTIC		original bytes
W3-R4-MULTIROW-PANEL-RMS-CHAMPION-X	V011	test(r4): record V011 scalar RMS binding result	w3/m1/multirow-panel-rms	89c21c19ce8fa454b9f09f9929e15d9fb96a8675	707d62c508d7cd03e456a629a790b00c50deb401	39d64bf15d98d2a562dc2687eccae4e9999c1f81	503b98cb22ae88798bb6bfca83a46676933f3600	本地实验/MULTIROW-PANEL-RMS-CHAMPION-X/V011/logs/MPR4-V011-CORR-CANDIDATE-20261005T130925Z.pre.npu-smi.txt	100644	523ca26aeaec7f9717b9ba7f825b58ff4d837935	证据集成/W3/Batch-09-R1-R3-R4-R5/R4/V011/logs/MPR4-V011-CORR-CANDIDATE-20261005T130925Z.pre.npu-smi.txt	COPY	LOCAL_CONTEXT_OR_DIAGNOSTIC		original bytes
W3-R4-MULTIROW-PANEL-RMS-CHAMPION-X	V011	test(r4): record V011 scalar RMS binding result	w3/m1/multirow-panel-rms	89c21c19ce8fa454b9f09f9929e15d9fb96a8675	707d62c508d7cd03e456a629a790b00c50deb401	39d64bf15d98d2a562dc2687eccae4e9999c1f81	503b98cb22ae88798bb6bfca83a46676933f3600	本地实验/MULTIROW-PANEL-RMS-CHAMPION-X/V011/logs/MPR4-V011-CORR-CANDIDATE-20261005T130925Z.stderr.log	100644	e69de29bb2d1d6434b8b29ae775ad8c2e48c5391	证据集成/W3/Batch-09-R1-R3-R4-R5/R4/V011/logs/MPR4-V011-CORR-CANDIDATE-20261005T130925Z.stderr.log	COPY	RUN_LOG		original bytes
W3-R4-MULTIROW-PANEL-RMS-CHAMPION-X	V011	test(r4): record V011 scalar RMS binding result	w3/m1/multirow-panel-rms	89c21c19ce8fa454b9f09f9929e15d9fb96a8675	707d62c508d7cd03e456a629a790b00c50deb401	39d64bf15d98d2a562dc2687eccae4e9999c1f81	503b98cb22ae88798bb6bfca83a46676933f3600	本地实验/MULTIROW-PANEL-RMS-CHAMPION-X/V011/logs/MPR4-V011-CORR-CANDIDATE-20261005T130925Z.stdout.log	100644	7165ba5d08f1885477d7e35348e0aeb659fb408f	证据集成/W3/Batch-09-R1-R3-R4-R5/R4/V011/logs/MPR4-V011-CORR-CANDIDATE-20261005T130925Z.stdout.log	COPY	RUN_LOG		original bytes
W3-R4-MULTIROW-PANEL-RMS-CHAMPION-X	V011	test(r4): record V011 scalar RMS binding result	w3/m1/multirow-panel-rms	89c21c19ce8fa454b9f09f9929e15d9fb96a8675	707d62c508d7cd03e456a629a790b00c50deb401	39d64bf15d98d2a562dc2687eccae4e9999c1f81	503b98cb22ae88798bb6bfca83a46676933f3600	本地实验/MULTIROW-PANEL-RMS-CHAMPION-X/V011/logs/MPR4-V011-CORR-CANDIDATE-20261005T130925Z.tsv	100644	be9c5b554206cc90a2d35a03fb95a040d3525522	证据集成/W3/Batch-09-R1-R3-R4-R5/R4/V011/logs/MPR4-V011-CORR-CANDIDATE-20261005T130925Z.tsv	COPY	LOCAL_RAW_STATISTICS		original bytes
W3-R4-MULTIROW-PANEL-RMS-CHAMPION-X	V011	test(r4): record V011 scalar RMS binding result	w3/m1/multirow-panel-rms	89c21c19ce8fa454b9f09f9929e15d9fb96a8675	707d62c508d7cd03e456a629a790b00c50deb401	39d64bf15d98d2a562dc2687eccae4e9999c1f81	503b98cb22ae88798bb6bfca83a46676933f3600	本地实验/MULTIROW-PANEL-RMS-CHAMPION-X/V011/logs/MPR4-V011-CORR-PARENT-20261005T1300Z.pre.npu-smi.txt	100644	4b88f03dd4715a6b6a1931582e4c82c55b1b73b6	证据集成/W3/Batch-09-R1-R3-R4-R5/R4/V011/logs/MPR4-V011-CORR-PARENT-20261005T1300Z.pre.npu-smi.txt	COPY	LOCAL_CONTEXT_OR_DIAGNOSTIC		original bytes
W3-R4-MULTIROW-PANEL-RMS-CHAMPION-X	V011	test(r4): record V011 scalar RMS binding result	w3/m1/multirow-panel-rms	89c21c19ce8fa454b9f09f9929e15d9fb96a8675	707d62c508d7cd03e456a629a790b00c50deb401	39d64bf15d98d2a562dc2687eccae4e9999c1f81	503b98cb22ae88798bb6bfca83a46676933f3600	本地实验/MULTIROW-PANEL-RMS-CHAMPION-X/V011/logs/MPR4-V011-CORR-PARENT-20261005T130619Z.post.npu-smi.txt	100644	2e71f8d170b2bfe6efaf3900c2e3a3a5e1c56087	证据集成/W3/Batch-09-R1-R3-R4-R5/R4/V011/logs/MPR4-V011-CORR-PARENT-20261005T130619Z.post.npu-smi.txt	COPY	LOCAL_CONTEXT_OR_DIAGNOSTIC		original bytes
W3-R4-MULTIROW-PANEL-RMS-CHAMPION-X	V011	test(r4): record V011 scalar RMS binding result	w3/m1/multirow-panel-rms	89c21c19ce8fa454b9f09f9929e15d9fb96a8675	707d62c508d7cd03e456a629a790b00c50deb401	39d64bf15d98d2a562dc2687eccae4e9999c1f81	503b98cb22ae88798bb6bfca83a46676933f3600	本地实验/MULTIROW-PANEL-RMS-CHAMPION-X/V011/logs/MPR4-V011-CORR-PARENT-20261005T130619Z.pre.npu-smi.txt	100644	50734c6fa4cebdcc43212b9e1f50b98679ceb911	证据集成/W3/Batch-09-R1-R3-R4-R5/R4/V011/logs/MPR4-V011-CORR-PARENT-20261005T130619Z.pre.npu-smi.txt	COPY	LOCAL_CONTEXT_OR_DIAGNOSTIC		original bytes
W3-R4-MULTIROW-PANEL-RMS-CHAMPION-X	V011	test(r4): record V011 scalar RMS binding result	w3/m1/multirow-panel-rms	89c21c19ce8fa454b9f09f9929e15d9fb96a8675	707d62c508d7cd03e456a629a790b00c50deb401	39d64bf15d98d2a562dc2687eccae4e9999c1f81	503b98cb22ae88798bb6bfca83a46676933f3600	本地实验/MULTIROW-PANEL-RMS-CHAMPION-X/V011/logs/MPR4-V011-CORR-PARENT-20261005T130619Z.stderr.log	100644	e69de29bb2d1d6434b8b29ae775ad8c2e48c5391	证据集成/W3/Batch-09-R1-R3-R4-R5/R4/V011/logs/MPR4-V011-CORR-PARENT-20261005T130619Z.stderr.log	COPY	RUN_LOG		original bytes
W3-R4-MULTIROW-PANEL-RMS-CHAMPION-X	V011	test(r4): record V011 scalar RMS binding result	w3/m1/multirow-panel-rms	89c21c19ce8fa454b9f09f9929e15d9fb96a8675	707d62c508d7cd03e456a629a790b00c50deb401	39d64bf15d98d2a562dc2687eccae4e9999c1f81	503b98cb22ae88798bb6bfca83a46676933f3600	本地实验/MULTIROW-PANEL-RMS-CHAMPION-X/V011/logs/MPR4-V011-CORR-PARENT-20261005T130619Z.stdout.log	100644	d206967ae86ca302ee146cebc9e7477265b526b6	证据集成/W3/Batch-09-R1-R3-R4-R5/R4/V011/logs/MPR4-V011-CORR-PARENT-20261005T130619Z.stdout.log	COPY	RUN_LOG		original bytes
W3-R4-MULTIROW-PANEL-RMS-CHAMPION-X	V011	test(r4): record V011 scalar RMS binding result	w3/m1/multirow-panel-rms	89c21c19ce8fa454b9f09f9929e15d9fb96a8675	707d62c508d7cd03e456a629a790b00c50deb401	39d64bf15d98d2a562dc2687eccae4e9999c1f81	503b98cb22ae88798bb6bfca83a46676933f3600	本地实验/MULTIROW-PANEL-RMS-CHAMPION-X/V011/logs/MPR4-V011-CORR-PARENT-20261005T130619Z.tsv	100644	a7f4763dad2402a650f86ac9cefac0aa7bd0a33b	证据集成/W3/Batch-09-R1-R3-R4-R5/R4/V011/logs/MPR4-V011-CORR-PARENT-20261005T130619Z.tsv	COPY	LOCAL_RAW_STATISTICS		original bytes
W3-R4-MULTIROW-PANEL-RMS-CHAMPION-X	V011	test(r4): record V011 scalar RMS binding result	w3/m1/multirow-panel-rms	89c21c19ce8fa454b9f09f9929e15d9fb96a8675	707d62c508d7cd03e456a629a790b00c50deb401	39d64bf15d98d2a562dc2687eccae4e9999c1f81	503b98cb22ae88798bb6bfca83a46676933f3600	本地实验/MULTIROW-PANEL-RMS-CHAMPION-X/V011/logs/MPR4-V011-LOCAL-20261005T131100Z.post.npu-smi.txt	100644	2b51e561004575bb82edd812a3a5ce8bc32cdaf4	证据集成/W3/Batch-09-R1-R3-R4-R5/R4/V011/logs/MPR4-V011-LOCAL-20261005T131100Z.post.npu-smi.txt	COPY	LOCAL_CONTEXT_OR_DIAGNOSTIC		original bytes
W3-R4-MULTIROW-PANEL-RMS-CHAMPION-X	V011	test(r4): record V011 scalar RMS binding result	w3/m1/multirow-panel-rms	89c21c19ce8fa454b9f09f9929e15d9fb96a8675	707d62c508d7cd03e456a629a790b00c50deb401	39d64bf15d98d2a562dc2687eccae4e9999c1f81	503b98cb22ae88798bb6bfca83a46676933f3600	本地实验/MULTIROW-PANEL-RMS-CHAMPION-X/V011/logs/MPR4-V011-LOCAL-20261005T131100Z.pre.npu-smi.txt	100644	299fdf3dbadf5a3f48840edc949cc4ff756fc6c4	证据集成/W3/Batch-09-R1-R3-R4-R5/R4/V011/logs/MPR4-V011-LOCAL-20261005T131100Z.pre.npu-smi.txt	COPY	LOCAL_CONTEXT_OR_DIAGNOSTIC		original bytes
W3-R4-MULTIROW-PANEL-RMS-CHAMPION-X	V011	test(r4): record V011 scalar RMS binding result	w3/m1/multirow-panel-rms	89c21c19ce8fa454b9f09f9929e15d9fb96a8675	707d62c508d7cd03e456a629a790b00c50deb401	39d64bf15d98d2a562dc2687eccae4e9999c1f81	503b98cb22ae88798bb6bfca83a46676933f3600	本地实验/MULTIROW-PANEL-RMS-CHAMPION-X/V011/logs/MPR4-V011-LOCAL-20261005T131100Z.stderr.log	100644	e69de29bb2d1d6434b8b29ae775ad8c2e48c5391	证据集成/W3/Batch-09-R1-R3-R4-R5/R4/V011/logs/MPR4-V011-LOCAL-20261005T131100Z.stderr.log	COPY	LOCAL_RUN_LOG		original bytes
W3-R4-MULTIROW-PANEL-RMS-CHAMPION-X	V011	test(r4): record V011 scalar RMS binding result	w3/m1/multirow-panel-rms	89c21c19ce8fa454b9f09f9929e15d9fb96a8675	707d62c508d7cd03e456a629a790b00c50deb401	39d64bf15d98d2a562dc2687eccae4e9999c1f81	503b98cb22ae88798bb6bfca83a46676933f3600	本地实验/MULTIROW-PANEL-RMS-CHAMPION-X/V011/logs/MPR4-V011-LOCAL-20261005T131100Z.stdout.log	100644	e69de29bb2d1d6434b8b29ae775ad8c2e48c5391	证据集成/W3/Batch-09-R1-R3-R4-R5/R4/V011/logs/MPR4-V011-LOCAL-20261005T131100Z.stdout.log	COPY	LOCAL_RUN_LOG		original bytes
W3-R4-MULTIROW-PANEL-RMS-CHAMPION-X	V011	test(r4): record V011 scalar RMS binding result	w3/m1/multirow-panel-rms	89c21c19ce8fa454b9f09f9929e15d9fb96a8675	707d62c508d7cd03e456a629a790b00c50deb401	39d64bf15d98d2a562dc2687eccae4e9999c1f81	503b98cb22ae88798bb6bfca83a46676933f3600	本地实验/MULTIROW-PANEL-RMS-CHAMPION-X/V011/logs/MPR4-V011-LOCAL-20261005T131100Z.tsv	100644	1c9322673948adeb4342119f1975f7a05b5544cd	证据集成/W3/Batch-09-R1-R3-R4-R5/R4/V011/logs/MPR4-V011-LOCAL-20261005T131100Z.tsv	COPY	LOCAL_RAW_STATISTICS		original bytes
W3-R4-MULTIROW-PANEL-RMS-CHAMPION-X	V011	test(r4): record V011 scalar RMS binding result	w3/m1/multirow-panel-rms	89c21c19ce8fa454b9f09f9929e15d9fb96a8675	707d62c508d7cd03e456a629a790b00c50deb401	39d64bf15d98d2a562dc2687eccae4e9999c1f81	503b98cb22ae88798bb6bfca83a46676933f3600	本地实验/MULTIROW-PANEL-RMS-CHAMPION-X/V011/submission.asc	100644	8e9d5d7a5cd172deb59e49cfec3f357659833aa2		EXCLUDE	CANDIDATE_OR_KERNEL_SOURCE		source retained only by source commit/blob reference
W3-R4-MULTIROW-PANEL-RMS-CHAMPION-X	V011	test(r4): record V011 scalar RMS binding result	w3/m1/multirow-panel-rms	89c21c19ce8fa454b9f09f9929e15d9fb96a8675	707d62c508d7cd03e456a629a790b00c50deb401	39d64bf15d98d2a562dc2687eccae4e9999c1f81	503b98cb22ae88798bb6bfca83a46676933f3600	本地实验/MULTIROW-PANEL-RMS-CHAMPION-X/V011/summary.txt	100644	cd751fb132e22e6eeca651a80f7d0d70aa2a43ab	证据集成/W3/Batch-09-R1-R3-R4-R5/R4/V011/summary.txt	COPY	LOCAL_CONTEXT_OR_DIAGNOSTIC		original bytes
W3-R4-MULTIROW-PANEL-RMS-CHAMPION-X	V011	test(r4): record V011 scalar RMS binding result	w3/m1/multirow-panel-rms	89c21c19ce8fa454b9f09f9929e15d9fb96a8675	707d62c508d7cd03e456a629a790b00c50deb401	39d64bf15d98d2a562dc2687eccae4e9999c1f81	503b98cb22ae88798bb6bfca83a46676933f3600	本地实验/MULTIROW-PANEL-RMS-CHAMPION-X/V011/support/CMakeLists.txt	100644	26d61167cac3e643a1461b5097915cd02b21f364		EXCLUDE	BUILD_CONFIGURATION		build configuration not copied
W3-R4-MULTIROW-PANEL-RMS-CHAMPION-X	V011	test(r4): record V011 scalar RMS binding result	w3/m1/multirow-panel-rms	89c21c19ce8fa454b9f09f9929e15d9fb96a8675	707d62c508d7cd03e456a629a790b00c50deb401	39d64bf15d98d2a562dc2687eccae4e9999c1f81	503b98cb22ae88798bb6bfca83a46676933f3600	本地实验/MULTIROW-PANEL-RMS-CHAMPION-X/V011/support/build_server3.sh	100644	0465000312500c8961a6af48b977b30b9b71b7ff		EXCLUDE	BUILD_OR_EXECUTION_SCRIPT		script not copied
W3-R4-MULTIROW-PANEL-RMS-CHAMPION-X	V011	test(r4): record V011 scalar RMS binding result	w3/m1/multirow-panel-rms	89c21c19ce8fa454b9f09f9929e15d9fb96a8675	707d62c508d7cd03e456a629a790b00c50deb401	39d64bf15d98d2a562dc2687eccae4e9999c1f81	503b98cb22ae88798bb6bfca83a46676933f3600	本地实验/MULTIROW-PANEL-RMS-CHAMPION-X/V011/support/candidate_kernel.asc	100644	3ef7048e01ddd88fb3d4b4a87c0ecb102c75799c		EXCLUDE	CANDIDATE_OR_KERNEL_SOURCE		source retained only by source commit/blob reference
W3-R4-MULTIROW-PANEL-RMS-CHAMPION-X	V011	test(r4): record V011 scalar RMS binding result	w3/m1/multirow-panel-rms	89c21c19ce8fa454b9f09f9929e15d9fb96a8675	707d62c508d7cd03e456a629a790b00c50deb401	39d64bf15d98d2a562dc2687eccae4e9999c1f81	503b98cb22ae88798bb6bfca83a46676933f3600	本地实验/MULTIROW-PANEL-RMS-CHAMPION-X/V011/support/compile_server3.sh	100644	ddd11880bd6135459567e4831a67ebf47fbb4ab7		EXCLUDE	BUILD_OR_EXECUTION_SCRIPT		script not copied
W3-R4-MULTIROW-PANEL-RMS-CHAMPION-X	V011	test(r4): record V011 scalar RMS binding result	w3/m1/multirow-panel-rms	89c21c19ce8fa454b9f09f9929e15d9fb96a8675	707d62c508d7cd03e456a629a790b00c50deb401	39d64bf15d98d2a562dc2687eccae4e9999c1f81	503b98cb22ae88798bb6bfca83a46676933f3600	本地实验/MULTIROW-PANEL-RMS-CHAMPION-X/V011/support/local_abi_shim.h	100644	f52411b2c5f6b614ff1e61f30707250a43cc10d3		EXCLUDE	SUPPORT_SOURCE		source retained only by source commit/blob reference
W3-R4-MULTIROW-PANEL-RMS-CHAMPION-X	V011	test(r4): record V011 scalar RMS binding result	w3/m1/multirow-panel-rms	89c21c19ce8fa454b9f09f9929e15d9fb96a8675	707d62c508d7cd03e456a629a790b00c50deb401	39d64bf15d98d2a562dc2687eccae4e9999c1f81	503b98cb22ae88798bb6bfca83a46676933f3600	本地实验/MULTIROW-PANEL-RMS-CHAMPION-X/V011/support/parent_kernel.asc	100644	9dbb3053c84dc39f4aee7826176ba96b70f413bc		EXCLUDE	CANDIDATE_OR_KERNEL_SOURCE		source retained only by source commit/blob reference
W3-R4-MULTIROW-PANEL-RMS-CHAMPION-X	V011	test(r4): record V011 scalar RMS binding result	w3/m1/multirow-panel-rms	89c21c19ce8fa454b9f09f9929e15d9fb96a8675	707d62c508d7cd03e456a629a790b00c50deb401	39d64bf15d98d2a562dc2687eccae4e9999c1f81	503b98cb22ae88798bb6bfca83a46676933f3600	本地实验/MULTIROW-PANEL-RMS-CHAMPION-X/V011/support/runner_main.cpp	100644	c344fbd6e08908a30453471d90b4ff465ed5b8e5		EXCLUDE	SUPPORT_SOURCE		source retained only by source commit/blob reference
W3-R4-MULTIROW-PANEL-RMS-CHAMPION-X	V012	test(r4): record V012 FP16 affine staging result	w3/m1/multirow-panel-rms	dda3aa04eb6c287396d9616314820c155727780c	89c21c19ce8fa454b9f09f9929e15d9fb96a8675	274c8bf1da488f70f5faa1b2166b49a3093489ea	503b98cb22ae88798bb6bfca83a46676933f3600	本地实验/MULTIROW-PANEL-RMS-CHAMPION-X/V012/local/MPR4-V012-LOCAL-20261005T134331Z/candidate-device-us.sorted.tsv	100644	c1899a90c95026111e6b019c6646202d0e544a7e	证据集成/W3/Batch-09-R1-R3-R4-R5/R4/V012/local/MPR4-V012-LOCAL-20261005T134331Z/candidate-device-us.sorted.tsv	COPY	LOCAL_RAW_STATISTICS		original bytes
W3-R4-MULTIROW-PANEL-RMS-CHAMPION-X	V012	test(r4): record V012 FP16 affine staging result	w3/m1/multirow-panel-rms	dda3aa04eb6c287396d9616314820c155727780c	89c21c19ce8fa454b9f09f9929e15d9fb96a8675	274c8bf1da488f70f5faa1b2166b49a3093489ea	503b98cb22ae88798bb6bfca83a46676933f3600	本地实验/MULTIROW-PANEL-RMS-CHAMPION-X/V012/local/MPR4-V012-LOCAL-20261005T134331Z/candidate-wall-us.sorted.tsv	100644	72c9456f60b36916164f564b887148263cf25f93	证据集成/W3/Batch-09-R1-R3-R4-R5/R4/V012/local/MPR4-V012-LOCAL-20261005T134331Z/candidate-wall-us.sorted.tsv	COPY	LOCAL_RAW_STATISTICS		original bytes
W3-R4-MULTIROW-PANEL-RMS-CHAMPION-X	V012	test(r4): record V012 FP16 affine staging result	w3/m1/multirow-panel-rms	dda3aa04eb6c287396d9616314820c155727780c	89c21c19ce8fa454b9f09f9929e15d9fb96a8675	274c8bf1da488f70f5faa1b2166b49a3093489ea	503b98cb22ae88798bb6bfca83a46676933f3600	本地实验/MULTIROW-PANEL-RMS-CHAMPION-X/V012/local/MPR4-V012-LOCAL-20261005T134331Z/cp-delta-us.sorted.tsv	100644	f7b9f6d1c542fc96b9685613408b6d390372b7d5	证据集成/W3/Batch-09-R1-R3-R4-R5/R4/V012/local/MPR4-V012-LOCAL-20261005T134331Z/cp-delta-us.sorted.tsv	COPY	LOCAL_RAW_STATISTICS		original bytes
W3-R4-MULTIROW-PANEL-RMS-CHAMPION-X	V012	test(r4): record V012 FP16 affine staging result	w3/m1/multirow-panel-rms	dda3aa04eb6c287396d9616314820c155727780c	89c21c19ce8fa454b9f09f9929e15d9fb96a8675	274c8bf1da488f70f5faa1b2166b49a3093489ea	503b98cb22ae88798bb6bfca83a46676933f3600	本地实验/MULTIROW-PANEL-RMS-CHAMPION-X/V012/local/MPR4-V012-LOCAL-20261005T134331Z/device_event_us.derived.tsv	100644	d3ddc62e5a6c53c57057e30a91cdd77c61700f68	证据集成/W3/Batch-09-R1-R3-R4-R5/R4/V012/local/MPR4-V012-LOCAL-20261005T134331Z/device_event_us.derived.tsv	COPY	LOCAL_RAW_STATISTICS		original bytes
W3-R4-MULTIROW-PANEL-RMS-CHAMPION-X	V012	test(r4): record V012 FP16 affine staging result	w3/m1/multirow-panel-rms	dda3aa04eb6c287396d9616314820c155727780c	89c21c19ce8fa454b9f09f9929e15d9fb96a8675	274c8bf1da488f70f5faa1b2166b49a3093489ea	503b98cb22ae88798bb6bfca83a46676933f3600	本地实验/MULTIROW-PANEL-RMS-CHAMPION-X/V012/local/MPR4-V012-LOCAL-20261005T134331Z/paired-delta-us.sorted.tsv	100644	4b51a11e9257328dd2bd048e3148cbdcf5cb1af5	证据集成/W3/Batch-09-R1-R3-R4-R5/R4/V012/local/MPR4-V012-LOCAL-20261005T134331Z/paired-delta-us.sorted.tsv	COPY	LOCAL_RAW_STATISTICS		original bytes
W3-R4-MULTIROW-PANEL-RMS-CHAMPION-X	V012	test(r4): record V012 FP16 affine staging result	w3/m1/multirow-panel-rms	dda3aa04eb6c287396d9616314820c155727780c	89c21c19ce8fa454b9f09f9929e15d9fb96a8675	274c8bf1da488f70f5faa1b2166b49a3093489ea	503b98cb22ae88798bb6bfca83a46676933f3600	本地实验/MULTIROW-PANEL-RMS-CHAMPION-X/V012/local/MPR4-V012-LOCAL-20261005T134331Z/paired-fp16-128x12288.tsv	100644	bab727e2cd60ba941ef2ab9e931b043078130c76	证据集成/W3/Batch-09-R1-R3-R4-R5/R4/V012/local/MPR4-V012-LOCAL-20261005T134331Z/paired-fp16-128x12288.tsv	COPY	LOCAL_RAW_STATISTICS		original bytes
W3-R4-MULTIROW-PANEL-RMS-CHAMPION-X	V012	test(r4): record V012 FP16 affine staging result	w3/m1/multirow-panel-rms	dda3aa04eb6c287396d9616314820c155727780c	89c21c19ce8fa454b9f09f9929e15d9fb96a8675	274c8bf1da488f70f5faa1b2166b49a3093489ea	503b98cb22ae88798bb6bfca83a46676933f3600	本地实验/MULTIROW-PANEL-RMS-CHAMPION-X/V012/local/MPR4-V012-LOCAL-20261005T134331Z/paired_delta.derived.tsv	100644	aa160875f45b5c28a84a3f26fac8315827188c66	证据集成/W3/Batch-09-R1-R3-R4-R5/R4/V012/local/MPR4-V012-LOCAL-20261005T134331Z/paired_delta.derived.tsv	COPY	LOCAL_RAW_STATISTICS		original bytes
W3-R4-MULTIROW-PANEL-RMS-CHAMPION-X	V012	test(r4): record V012 FP16 affine staging result	w3/m1/multirow-panel-rms	dda3aa04eb6c287396d9616314820c155727780c	89c21c19ce8fa454b9f09f9929e15d9fb96a8675	274c8bf1da488f70f5faa1b2166b49a3093489ea	503b98cb22ae88798bb6bfca83a46676933f3600	本地实验/MULTIROW-PANEL-RMS-CHAMPION-X/V012/local/MPR4-V012-LOCAL-20261005T134331Z/parent-device-us.sorted.tsv	100644	c33220ff3d35b90771cdf8effedd6e1dad3e1b79	证据集成/W3/Batch-09-R1-R3-R4-R5/R4/V012/local/MPR4-V012-LOCAL-20261005T134331Z/parent-device-us.sorted.tsv	COPY	LOCAL_RAW_STATISTICS		original bytes
W3-R4-MULTIROW-PANEL-RMS-CHAMPION-X	V012	test(r4): record V012 FP16 affine staging result	w3/m1/multirow-panel-rms	dda3aa04eb6c287396d9616314820c155727780c	89c21c19ce8fa454b9f09f9929e15d9fb96a8675	274c8bf1da488f70f5faa1b2166b49a3093489ea	503b98cb22ae88798bb6bfca83a46676933f3600	本地实验/MULTIROW-PANEL-RMS-CHAMPION-X/V012/local/MPR4-V012-LOCAL-20261005T134331Z/parent-wall-us.sorted.tsv	100644	10fc14542ba62dcfeba88d094946f907eba96925	证据集成/W3/Batch-09-R1-R3-R4-R5/R4/V012/local/MPR4-V012-LOCAL-20261005T134331Z/parent-wall-us.sorted.tsv	COPY	LOCAL_RAW_STATISTICS		original bytes
W3-R4-MULTIROW-PANEL-RMS-CHAMPION-X	V012	test(r4): record V012 FP16 affine staging result	w3/m1/multirow-panel-rms	dda3aa04eb6c287396d9616314820c155727780c	89c21c19ce8fa454b9f09f9929e15d9fb96a8675	274c8bf1da488f70f5faa1b2166b49a3093489ea	503b98cb22ae88798bb6bfca83a46676933f3600	本地实验/MULTIROW-PANEL-RMS-CHAMPION-X/V012/local/MPR4-V012-LOCAL-20261005T134331Z/pc-delta-us.sorted.tsv	100644	0ae9b306383ef456f5db5a18c901f002bef9a2bd	证据集成/W3/Batch-09-R1-R3-R4-R5/R4/V012/local/MPR4-V012-LOCAL-20261005T134331Z/pc-delta-us.sorted.tsv	COPY	LOCAL_RAW_STATISTICS		original bytes
W3-R4-MULTIROW-PANEL-RMS-CHAMPION-X	V012	test(r4): record V012 FP16 affine staging result	w3/m1/multirow-panel-rms	dda3aa04eb6c287396d9616314820c155727780c	89c21c19ce8fa454b9f09f9929e15d9fb96a8675	274c8bf1da488f70f5faa1b2166b49a3093489ea	503b98cb22ae88798bb6bfca83a46676933f3600	本地实验/MULTIROW-PANEL-RMS-CHAMPION-X/V012/local/MPR4-V012-LOCAL-20261005T134331Z/post.npu-smi.txt	100644	9ab4be6032e0ce4ad514f6c39e0d7330cc59e388	证据集成/W3/Batch-09-R1-R3-R4-R5/R4/V012/local/MPR4-V012-LOCAL-20261005T134331Z/post.npu-smi.txt	COPY	LOCAL_CONTEXT_OR_DIAGNOSTIC		original bytes
W3-R4-MULTIROW-PANEL-RMS-CHAMPION-X	V012	test(r4): record V012 FP16 affine staging result	w3/m1/multirow-panel-rms	dda3aa04eb6c287396d9616314820c155727780c	89c21c19ce8fa454b9f09f9929e15d9fb96a8675	274c8bf1da488f70f5faa1b2166b49a3093489ea	503b98cb22ae88798bb6bfca83a46676933f3600	本地实验/MULTIROW-PANEL-RMS-CHAMPION-X/V012/local/MPR4-V012-LOCAL-20261005T134331Z/pre.npu-smi.txt	100644	80ca29d9ac2cc3c92f090a6e13b673e17c58ef8c	证据集成/W3/Batch-09-R1-R3-R4-R5/R4/V012/local/MPR4-V012-LOCAL-20261005T134331Z/pre.npu-smi.txt	COPY	LOCAL_CONTEXT_OR_DIAGNOSTIC		original bytes
W3-R4-MULTIROW-PANEL-RMS-CHAMPION-X	V012	test(r4): record V012 FP16 affine staging result	w3/m1/multirow-panel-rms	dda3aa04eb6c287396d9616314820c155727780c	89c21c19ce8fa454b9f09f9929e15d9fb96a8675	274c8bf1da488f70f5faa1b2166b49a3093489ea	503b98cb22ae88798bb6bfca83a46676933f3600	本地实验/MULTIROW-PANEL-RMS-CHAMPION-X/V012/local/MPR4-V012-LOCAL-20261005T134331Z/runner.stdout.log	100644	e69de29bb2d1d6434b8b29ae775ad8c2e48c5391	证据集成/W3/Batch-09-R1-R3-R4-R5/R4/V012/local/MPR4-V012-LOCAL-20261005T134331Z/runner.stdout.log	COPY	RUN_LOG		original bytes
W3-R4-MULTIROW-PANEL-RMS-CHAMPION-X	V012	test(r4): record V012 FP16 affine staging result	w3/m1/multirow-panel-rms	dda3aa04eb6c287396d9616314820c155727780c	89c21c19ce8fa454b9f09f9929e15d9fb96a8675	274c8bf1da488f70f5faa1b2166b49a3093489ea	503b98cb22ae88798bb6bfca83a46676933f3600	本地实验/MULTIROW-PANEL-RMS-CHAMPION-X/V012/local/MPR4-V012-LOCAL-20261005T134331Z/wall-us.all.sorted.tsv	100644	a192bc901eff4d3f26e42c380f4bc152288be3b6	证据集成/W3/Batch-09-R1-R3-R4-R5/R4/V012/local/MPR4-V012-LOCAL-20261005T134331Z/wall-us.all.sorted.tsv	COPY	LOCAL_RAW_STATISTICS		original bytes
W3-R4-MULTIROW-PANEL-RMS-CHAMPION-X	V012	test(r4): record V012 FP16 affine staging result	w3/m1/multirow-panel-rms	dda3aa04eb6c287396d9616314820c155727780c	89c21c19ce8fa454b9f09f9929e15d9fb96a8675	274c8bf1da488f70f5faa1b2166b49a3093489ea	503b98cb22ae88798bb6bfca83a46676933f3600	本地实验/MULTIROW-PANEL-RMS-CHAMPION-X/V012/local/MPR4-V012-LOCAL-20261005T134331Z/wall_us.derived.tsv	100644	4f8c735eb4caa95ab16532c1920cc17f278876b7	证据集成/W3/Batch-09-R1-R3-R4-R5/R4/V012/local/MPR4-V012-LOCAL-20261005T134331Z/wall_us.derived.tsv	COPY	LOCAL_RAW_STATISTICS		original bytes
W3-R4-MULTIROW-PANEL-RMS-CHAMPION-X	V012	test(r4): record V012 FP16 affine staging result	w3/m1/multirow-panel-rms	dda3aa04eb6c287396d9616314820c155727780c	89c21c19ce8fa454b9f09f9929e15d9fb96a8675	274c8bf1da488f70f5faa1b2166b49a3093489ea	503b98cb22ae88798bb6bfca83a46676933f3600	本地实验/MULTIROW-PANEL-RMS-CHAMPION-X/V012/logs/MPR4-V012-COMPILE-20261005T133847Z.log	100644	591e27f06b15a2b01a0fc1095ababa1d1ba167c7	证据集成/W3/Batch-09-R1-R3-R4-R5/R4/V012/logs/MPR4-V012-COMPILE-20261005T133847Z.log	COPY	COMPILE_LOG		original bytes
W3-R4-MULTIROW-PANEL-RMS-CHAMPION-X	V012	test(r4): record V012 FP16 affine staging result	w3/m1/multirow-panel-rms	dda3aa04eb6c287396d9616314820c155727780c	89c21c19ce8fa454b9f09f9929e15d9fb96a8675	274c8bf1da488f70f5faa1b2166b49a3093489ea	503b98cb22ae88798bb6bfca83a46676933f3600	本地实验/MULTIROW-PANEL-RMS-CHAMPION-X/V012/logs/MPR4-V012-CORR-CANDIDATE-20261005T134205Z.post.npu-smi.txt	100644	55674ce7ac5b9a8f9778804eeeae591e760ee572	证据集成/W3/Batch-09-R1-R3-R4-R5/R4/V012/logs/MPR4-V012-CORR-CANDIDATE-20261005T134205Z.post.npu-smi.txt	COPY	LOCAL_CONTEXT_OR_DIAGNOSTIC		original bytes
W3-R4-MULTIROW-PANEL-RMS-CHAMPION-X	V012	test(r4): record V012 FP16 affine staging result	w3/m1/multirow-panel-rms	dda3aa04eb6c287396d9616314820c155727780c	89c21c19ce8fa454b9f09f9929e15d9fb96a8675	274c8bf1da488f70f5faa1b2166b49a3093489ea	503b98cb22ae88798bb6bfca83a46676933f3600	本地实验/MULTIROW-PANEL-RMS-CHAMPION-X/V012/logs/MPR4-V012-CORR-CANDIDATE-20261005T134205Z.pre.npu-smi.txt	100644	6ec75e114064db85c0946bbb5de1d4213c016e7f	证据集成/W3/Batch-09-R1-R3-R4-R5/R4/V012/logs/MPR4-V012-CORR-CANDIDATE-20261005T134205Z.pre.npu-smi.txt	COPY	LOCAL_CONTEXT_OR_DIAGNOSTIC		original bytes
W3-R4-MULTIROW-PANEL-RMS-CHAMPION-X	V012	test(r4): record V012 FP16 affine staging result	w3/m1/multirow-panel-rms	dda3aa04eb6c287396d9616314820c155727780c	89c21c19ce8fa454b9f09f9929e15d9fb96a8675	274c8bf1da488f70f5faa1b2166b49a3093489ea	503b98cb22ae88798bb6bfca83a46676933f3600	本地实验/MULTIROW-PANEL-RMS-CHAMPION-X/V012/logs/MPR4-V012-CORR-CANDIDATE-20261005T134205Z.stderr.log	100644	e69de29bb2d1d6434b8b29ae775ad8c2e48c5391	证据集成/W3/Batch-09-R1-R3-R4-R5/R4/V012/logs/MPR4-V012-CORR-CANDIDATE-20261005T134205Z.stderr.log	COPY	RUN_LOG		original bytes
W3-R4-MULTIROW-PANEL-RMS-CHAMPION-X	V012	test(r4): record V012 FP16 affine staging result	w3/m1/multirow-panel-rms	dda3aa04eb6c287396d9616314820c155727780c	89c21c19ce8fa454b9f09f9929e15d9fb96a8675	274c8bf1da488f70f5faa1b2166b49a3093489ea	503b98cb22ae88798bb6bfca83a46676933f3600	本地实验/MULTIROW-PANEL-RMS-CHAMPION-X/V012/logs/MPR4-V012-CORR-CANDIDATE-20261005T134205Z.stdout.log	100644	737a420a49c0732baf96a556dee33b9306fe791c	证据集成/W3/Batch-09-R1-R3-R4-R5/R4/V012/logs/MPR4-V012-CORR-CANDIDATE-20261005T134205Z.stdout.log	COPY	RUN_LOG		original bytes
W3-R4-MULTIROW-PANEL-RMS-CHAMPION-X	V012	test(r4): record V012 FP16 affine staging result	w3/m1/multirow-panel-rms	dda3aa04eb6c287396d9616314820c155727780c	89c21c19ce8fa454b9f09f9929e15d9fb96a8675	274c8bf1da488f70f5faa1b2166b49a3093489ea	503b98cb22ae88798bb6bfca83a46676933f3600	本地实验/MULTIROW-PANEL-RMS-CHAMPION-X/V012/logs/MPR4-V012-CORR-CANDIDATE-20261005T134205Z.tsv	100644	fd6a35451a06253644dfc482dad414fabafb04ec	证据集成/W3/Batch-09-R1-R3-R4-R5/R4/V012/logs/MPR4-V012-CORR-CANDIDATE-20261005T134205Z.tsv	COPY	LOCAL_RAW_STATISTICS		original bytes
W3-R4-MULTIROW-PANEL-RMS-CHAMPION-X	V012	test(r4): record V012 FP16 affine staging result	w3/m1/multirow-panel-rms	dda3aa04eb6c287396d9616314820c155727780c	89c21c19ce8fa454b9f09f9929e15d9fb96a8675	274c8bf1da488f70f5faa1b2166b49a3093489ea	503b98cb22ae88798bb6bfca83a46676933f3600	本地实验/MULTIROW-PANEL-RMS-CHAMPION-X/V012/logs/MPR4-V012-CORR-PARENT-20261005T134017Z.post.npu-smi.txt	100644	92c4c966a277b82a37cfb7177e7ca0baa86312b2	证据集成/W3/Batch-09-R1-R3-R4-R5/R4/V012/logs/MPR4-V012-CORR-PARENT-20261005T134017Z.post.npu-smi.txt	COPY	LOCAL_CONTEXT_OR_DIAGNOSTIC		original bytes
W3-R4-MULTIROW-PANEL-RMS-CHAMPION-X	V012	test(r4): record V012 FP16 affine staging result	w3/m1/multirow-panel-rms	dda3aa04eb6c287396d9616314820c155727780c	89c21c19ce8fa454b9f09f9929e15d9fb96a8675	274c8bf1da488f70f5faa1b2166b49a3093489ea	503b98cb22ae88798bb6bfca83a46676933f3600	本地实验/MULTIROW-PANEL-RMS-CHAMPION-X/V012/logs/MPR4-V012-CORR-PARENT-20261005T134017Z.pre.npu-smi.txt	100644	b95e4e365756f18d1f46eb37f353bd48e5a1b064	证据集成/W3/Batch-09-R1-R3-R4-R5/R4/V012/logs/MPR4-V012-CORR-PARENT-20261005T134017Z.pre.npu-smi.txt	COPY	LOCAL_CONTEXT_OR_DIAGNOSTIC		original bytes
W3-R4-MULTIROW-PANEL-RMS-CHAMPION-X	V012	test(r4): record V012 FP16 affine staging result	w3/m1/multirow-panel-rms	dda3aa04eb6c287396d9616314820c155727780c	89c21c19ce8fa454b9f09f9929e15d9fb96a8675	274c8bf1da488f70f5faa1b2166b49a3093489ea	503b98cb22ae88798bb6bfca83a46676933f3600	本地实验/MULTIROW-PANEL-RMS-CHAMPION-X/V012/logs/MPR4-V012-CORR-PARENT-20261005T134017Z.stderr.log	100644	e69de29bb2d1d6434b8b29ae775ad8c2e48c5391	证据集成/W3/Batch-09-R1-R3-R4-R5/R4/V012/logs/MPR4-V012-CORR-PARENT-20261005T134017Z.stderr.log	COPY	RUN_LOG		original bytes
W3-R4-MULTIROW-PANEL-RMS-CHAMPION-X	V012	test(r4): record V012 FP16 affine staging result	w3/m1/multirow-panel-rms	dda3aa04eb6c287396d9616314820c155727780c	89c21c19ce8fa454b9f09f9929e15d9fb96a8675	274c8bf1da488f70f5faa1b2166b49a3093489ea	503b98cb22ae88798bb6bfca83a46676933f3600	本地实验/MULTIROW-PANEL-RMS-CHAMPION-X/V012/logs/MPR4-V012-CORR-PARENT-20261005T134017Z.stdout.log	100644	d206967ae86ca302ee146cebc9e7477265b526b6	证据集成/W3/Batch-09-R1-R3-R4-R5/R4/V012/logs/MPR4-V012-CORR-PARENT-20261005T134017Z.stdout.log	COPY	RUN_LOG		original bytes
W3-R4-MULTIROW-PANEL-RMS-CHAMPION-X	V012	test(r4): record V012 FP16 affine staging result	w3/m1/multirow-panel-rms	dda3aa04eb6c287396d9616314820c155727780c	89c21c19ce8fa454b9f09f9929e15d9fb96a8675	274c8bf1da488f70f5faa1b2166b49a3093489ea	503b98cb22ae88798bb6bfca83a46676933f3600	本地实验/MULTIROW-PANEL-RMS-CHAMPION-X/V012/logs/MPR4-V012-CORR-PARENT-20261005T134017Z.tsv	100644	50bafee89abf03c7abf6e45f25e166cd067349e8	证据集成/W3/Batch-09-R1-R3-R4-R5/R4/V012/logs/MPR4-V012-CORR-PARENT-20261005T134017Z.tsv	COPY	LOCAL_RAW_STATISTICS		original bytes
W3-R4-MULTIROW-PANEL-RMS-CHAMPION-X	V012	test(r4): record V012 FP16 affine staging result	w3/m1/multirow-panel-rms	dda3aa04eb6c287396d9616314820c155727780c	89c21c19ce8fa454b9f09f9929e15d9fb96a8675	274c8bf1da488f70f5faa1b2166b49a3093489ea	503b98cb22ae88798bb6bfca83a46676933f3600	本地实验/MULTIROW-PANEL-RMS-CHAMPION-X/V012/logs/MPR4-V012-LOCAL-20261005T134331Z.post.npu-smi.txt	100644	9ab4be6032e0ce4ad514f6c39e0d7330cc59e388	证据集成/W3/Batch-09-R1-R3-R4-R5/R4/V012/logs/MPR4-V012-LOCAL-20261005T134331Z.post.npu-smi.txt	COPY	LOCAL_CONTEXT_OR_DIAGNOSTIC		original bytes
W3-R4-MULTIROW-PANEL-RMS-CHAMPION-X	V012	test(r4): record V012 FP16 affine staging result	w3/m1/multirow-panel-rms	dda3aa04eb6c287396d9616314820c155727780c	89c21c19ce8fa454b9f09f9929e15d9fb96a8675	274c8bf1da488f70f5faa1b2166b49a3093489ea	503b98cb22ae88798bb6bfca83a46676933f3600	本地实验/MULTIROW-PANEL-RMS-CHAMPION-X/V012/logs/MPR4-V012-LOCAL-20261005T134331Z.pre.npu-smi.txt	100644	80ca29d9ac2cc3c92f090a6e13b673e17c58ef8c	证据集成/W3/Batch-09-R1-R3-R4-R5/R4/V012/logs/MPR4-V012-LOCAL-20261005T134331Z.pre.npu-smi.txt	COPY	LOCAL_CONTEXT_OR_DIAGNOSTIC		original bytes
W3-R4-MULTIROW-PANEL-RMS-CHAMPION-X	V012	test(r4): record V012 FP16 affine staging result	w3/m1/multirow-panel-rms	dda3aa04eb6c287396d9616314820c155727780c	89c21c19ce8fa454b9f09f9929e15d9fb96a8675	274c8bf1da488f70f5faa1b2166b49a3093489ea	503b98cb22ae88798bb6bfca83a46676933f3600	本地实验/MULTIROW-PANEL-RMS-CHAMPION-X/V012/logs/MPR4-V012-LOCAL-20261005T134331Z.stderr.log	100644	e69de29bb2d1d6434b8b29ae775ad8c2e48c5391	证据集成/W3/Batch-09-R1-R3-R4-R5/R4/V012/logs/MPR4-V012-LOCAL-20261005T134331Z.stderr.log	COPY	LOCAL_RUN_LOG		original bytes
W3-R4-MULTIROW-PANEL-RMS-CHAMPION-X	V012	test(r4): record V012 FP16 affine staging result	w3/m1/multirow-panel-rms	dda3aa04eb6c287396d9616314820c155727780c	89c21c19ce8fa454b9f09f9929e15d9fb96a8675	274c8bf1da488f70f5faa1b2166b49a3093489ea	503b98cb22ae88798bb6bfca83a46676933f3600	本地实验/MULTIROW-PANEL-RMS-CHAMPION-X/V012/logs/MPR4-V012-LOCAL-20261005T134331Z.stdout.log	100644	e69de29bb2d1d6434b8b29ae775ad8c2e48c5391	证据集成/W3/Batch-09-R1-R3-R4-R5/R4/V012/logs/MPR4-V012-LOCAL-20261005T134331Z.stdout.log	COPY	LOCAL_RUN_LOG		original bytes
W3-R4-MULTIROW-PANEL-RMS-CHAMPION-X	V012	test(r4): record V012 FP16 affine staging result	w3/m1/multirow-panel-rms	dda3aa04eb6c287396d9616314820c155727780c	89c21c19ce8fa454b9f09f9929e15d9fb96a8675	274c8bf1da488f70f5faa1b2166b49a3093489ea	503b98cb22ae88798bb6bfca83a46676933f3600	本地实验/MULTIROW-PANEL-RMS-CHAMPION-X/V012/logs/MPR4-V012-LOCAL-20261005T134331Z.tsv	100644	bab727e2cd60ba941ef2ab9e931b043078130c76	证据集成/W3/Batch-09-R1-R3-R4-R5/R4/V012/logs/MPR4-V012-LOCAL-20261005T134331Z.tsv	COPY	LOCAL_RAW_STATISTICS		original bytes
W3-R4-MULTIROW-PANEL-RMS-CHAMPION-X	V012	test(r4): record V012 FP16 affine staging result	w3/m1/multirow-panel-rms	dda3aa04eb6c287396d9616314820c155727780c	89c21c19ce8fa454b9f09f9929e15d9fb96a8675	274c8bf1da488f70f5faa1b2166b49a3093489ea	503b98cb22ae88798bb6bfca83a46676933f3600	本地实验/MULTIROW-PANEL-RMS-CHAMPION-X/V012/submission.asc	100644	ea45450b9d3414aa4dfb83019cb936ccb01fbda4		EXCLUDE	CANDIDATE_OR_KERNEL_SOURCE		source retained only by source commit/blob reference
W3-R4-MULTIROW-PANEL-RMS-CHAMPION-X	V012	test(r4): record V012 FP16 affine staging result	w3/m1/multirow-panel-rms	dda3aa04eb6c287396d9616314820c155727780c	89c21c19ce8fa454b9f09f9929e15d9fb96a8675	274c8bf1da488f70f5faa1b2166b49a3093489ea	503b98cb22ae88798bb6bfca83a46676933f3600	本地实验/MULTIROW-PANEL-RMS-CHAMPION-X/V012/summary.txt	100644	951bf30b4f21ef5fa49cd6ec7fbfdadafd521cf8	证据集成/W3/Batch-09-R1-R3-R4-R5/R4/V012/summary.txt	COPY	LOCAL_CONTEXT_OR_DIAGNOSTIC		original bytes
W3-R4-MULTIROW-PANEL-RMS-CHAMPION-X	V012	test(r4): record V012 FP16 affine staging result	w3/m1/multirow-panel-rms	dda3aa04eb6c287396d9616314820c155727780c	89c21c19ce8fa454b9f09f9929e15d9fb96a8675	274c8bf1da488f70f5faa1b2166b49a3093489ea	503b98cb22ae88798bb6bfca83a46676933f3600	本地实验/MULTIROW-PANEL-RMS-CHAMPION-X/V012/support/CMakeLists.txt	100644	26d61167cac3e643a1461b5097915cd02b21f364		EXCLUDE	BUILD_CONFIGURATION		build configuration not copied
W3-R4-MULTIROW-PANEL-RMS-CHAMPION-X	V012	test(r4): record V012 FP16 affine staging result	w3/m1/multirow-panel-rms	dda3aa04eb6c287396d9616314820c155727780c	89c21c19ce8fa454b9f09f9929e15d9fb96a8675	274c8bf1da488f70f5faa1b2166b49a3093489ea	503b98cb22ae88798bb6bfca83a46676933f3600	本地实验/MULTIROW-PANEL-RMS-CHAMPION-X/V012/support/build_server3.sh	100644	0465000312500c8961a6af48b977b30b9b71b7ff		EXCLUDE	BUILD_OR_EXECUTION_SCRIPT		script not copied
W3-R4-MULTIROW-PANEL-RMS-CHAMPION-X	V012	test(r4): record V012 FP16 affine staging result	w3/m1/multirow-panel-rms	dda3aa04eb6c287396d9616314820c155727780c	89c21c19ce8fa454b9f09f9929e15d9fb96a8675	274c8bf1da488f70f5faa1b2166b49a3093489ea	503b98cb22ae88798bb6bfca83a46676933f3600	本地实验/MULTIROW-PANEL-RMS-CHAMPION-X/V012/support/candidate_kernel.asc	100644	3ef7048e01ddd88fb3d4b4a87c0ecb102c75799c		EXCLUDE	CANDIDATE_OR_KERNEL_SOURCE		source retained only by source commit/blob reference
W3-R4-MULTIROW-PANEL-RMS-CHAMPION-X	V012	test(r4): record V012 FP16 affine staging result	w3/m1/multirow-panel-rms	dda3aa04eb6c287396d9616314820c155727780c	89c21c19ce8fa454b9f09f9929e15d9fb96a8675	274c8bf1da488f70f5faa1b2166b49a3093489ea	503b98cb22ae88798bb6bfca83a46676933f3600	本地实验/MULTIROW-PANEL-RMS-CHAMPION-X/V012/support/compile_server3.sh	100644	f3960c6a8e8bec470a7f878910a2f914d536cc0d		EXCLUDE	BUILD_OR_EXECUTION_SCRIPT		script not copied
W3-R4-MULTIROW-PANEL-RMS-CHAMPION-X	V012	test(r4): record V012 FP16 affine staging result	w3/m1/multirow-panel-rms	dda3aa04eb6c287396d9616314820c155727780c	89c21c19ce8fa454b9f09f9929e15d9fb96a8675	274c8bf1da488f70f5faa1b2166b49a3093489ea	503b98cb22ae88798bb6bfca83a46676933f3600	本地实验/MULTIROW-PANEL-RMS-CHAMPION-X/V012/support/local_abi_shim.h	100644	f52411b2c5f6b614ff1e61f30707250a43cc10d3		EXCLUDE	SUPPORT_SOURCE		source retained only by source commit/blob reference
W3-R4-MULTIROW-PANEL-RMS-CHAMPION-X	V012	test(r4): record V012 FP16 affine staging result	w3/m1/multirow-panel-rms	dda3aa04eb6c287396d9616314820c155727780c	89c21c19ce8fa454b9f09f9929e15d9fb96a8675	274c8bf1da488f70f5faa1b2166b49a3093489ea	503b98cb22ae88798bb6bfca83a46676933f3600	本地实验/MULTIROW-PANEL-RMS-CHAMPION-X/V012/support/parent_kernel.asc	100644	9dbb3053c84dc39f4aee7826176ba96b70f413bc		EXCLUDE	CANDIDATE_OR_KERNEL_SOURCE		source retained only by source commit/blob reference
W3-R4-MULTIROW-PANEL-RMS-CHAMPION-X	V012	test(r4): record V012 FP16 affine staging result	w3/m1/multirow-panel-rms	dda3aa04eb6c287396d9616314820c155727780c	89c21c19ce8fa454b9f09f9929e15d9fb96a8675	274c8bf1da488f70f5faa1b2166b49a3093489ea	503b98cb22ae88798bb6bfca83a46676933f3600	本地实验/MULTIROW-PANEL-RMS-CHAMPION-X/V012/support/runner_main.cpp	100644	c344fbd6e08908a30453471d90b4ff465ed5b8e5		EXCLUDE	SUPPORT_SOURCE		source retained only by source commit/blob reference
W3-R4-MULTIROW-PANEL-RMS-CHAMPION-X	V013	test(r4): record V013 RMS broadcast result	w3/m1/multirow-panel-rms	6847d2c63f4ea049425c7208ba0cb10e661c5bcb	dda3aa04eb6c287396d9616314820c155727780c	dbf45b37fca2f4abd3ed07c69384f309e8587c0c	503b98cb22ae88798bb6bfca83a46676933f3600	本地实验/MULTIROW-PANEL-RMS-CHAMPION-X/V013/local/MPR4-V013-LOCAL-20261005T140226Z/candidate-device-us.sorted.tsv	100644	305ad35f476a032f5c516efbb6b9c874fe83ca69	证据集成/W3/Batch-09-R1-R3-R4-R5/R4/V013/local/MPR4-V013-LOCAL-20261005T140226Z/candidate-device-us.sorted.tsv	COPY	LOCAL_RAW_STATISTICS		original bytes
W3-R4-MULTIROW-PANEL-RMS-CHAMPION-X	V013	test(r4): record V013 RMS broadcast result	w3/m1/multirow-panel-rms	6847d2c63f4ea049425c7208ba0cb10e661c5bcb	dda3aa04eb6c287396d9616314820c155727780c	dbf45b37fca2f4abd3ed07c69384f309e8587c0c	503b98cb22ae88798bb6bfca83a46676933f3600	本地实验/MULTIROW-PANEL-RMS-CHAMPION-X/V013/local/MPR4-V013-LOCAL-20261005T140226Z/candidate-wall-us.sorted.tsv	100644	f6649b1a4572b8d442ae692767103d9a318bdd13	证据集成/W3/Batch-09-R1-R3-R4-R5/R4/V013/local/MPR4-V013-LOCAL-20261005T140226Z/candidate-wall-us.sorted.tsv	COPY	LOCAL_RAW_STATISTICS		original bytes
W3-R4-MULTIROW-PANEL-RMS-CHAMPION-X	V013	test(r4): record V013 RMS broadcast result	w3/m1/multirow-panel-rms	6847d2c63f4ea049425c7208ba0cb10e661c5bcb	dda3aa04eb6c287396d9616314820c155727780c	dbf45b37fca2f4abd3ed07c69384f309e8587c0c	503b98cb22ae88798bb6bfca83a46676933f3600	本地实验/MULTIROW-PANEL-RMS-CHAMPION-X/V013/local/MPR4-V013-LOCAL-20261005T140226Z/cp-delta-us.sorted.tsv	100644	e99408243d98a470451a308e418ac68c9df79cfe	证据集成/W3/Batch-09-R1-R3-R4-R5/R4/V013/local/MPR4-V013-LOCAL-20261005T140226Z/cp-delta-us.sorted.tsv	COPY	LOCAL_RAW_STATISTICS		original bytes
W3-R4-MULTIROW-PANEL-RMS-CHAMPION-X	V013	test(r4): record V013 RMS broadcast result	w3/m1/multirow-panel-rms	6847d2c63f4ea049425c7208ba0cb10e661c5bcb	dda3aa04eb6c287396d9616314820c155727780c	dbf45b37fca2f4abd3ed07c69384f309e8587c0c	503b98cb22ae88798bb6bfca83a46676933f3600	本地实验/MULTIROW-PANEL-RMS-CHAMPION-X/V013/local/MPR4-V013-LOCAL-20261005T140226Z/device_event_us.derived.tsv	100644	c4d025a63a885c9d58f70a42943b353fb1549f05	证据集成/W3/Batch-09-R1-R3-R4-R5/R4/V013/local/MPR4-V013-LOCAL-20261005T140226Z/device_event_us.derived.tsv	COPY	LOCAL_RAW_STATISTICS		original bytes
W3-R4-MULTIROW-PANEL-RMS-CHAMPION-X	V013	test(r4): record V013 RMS broadcast result	w3/m1/multirow-panel-rms	6847d2c63f4ea049425c7208ba0cb10e661c5bcb	dda3aa04eb6c287396d9616314820c155727780c	dbf45b37fca2f4abd3ed07c69384f309e8587c0c	503b98cb22ae88798bb6bfca83a46676933f3600	本地实验/MULTIROW-PANEL-RMS-CHAMPION-X/V013/local/MPR4-V013-LOCAL-20261005T140226Z/paired-delta-us.sorted.tsv	100644	8e4f7bd4b610ecfecab6b405d01a96951984c2c6	证据集成/W3/Batch-09-R1-R3-R4-R5/R4/V013/local/MPR4-V013-LOCAL-20261005T140226Z/paired-delta-us.sorted.tsv	COPY	LOCAL_RAW_STATISTICS		original bytes
W3-R4-MULTIROW-PANEL-RMS-CHAMPION-X	V013	test(r4): record V013 RMS broadcast result	w3/m1/multirow-panel-rms	6847d2c63f4ea049425c7208ba0cb10e661c5bcb	dda3aa04eb6c287396d9616314820c155727780c	dbf45b37fca2f4abd3ed07c69384f309e8587c0c	503b98cb22ae88798bb6bfca83a46676933f3600	本地实验/MULTIROW-PANEL-RMS-CHAMPION-X/V013/local/MPR4-V013-LOCAL-20261005T140226Z/paired-fp16-128x12288.tsv	100644	2070662b16429e5e048f162d82426ac78c58d3d8	证据集成/W3/Batch-09-R1-R3-R4-R5/R4/V013/local/MPR4-V013-LOCAL-20261005T140226Z/paired-fp16-128x12288.tsv	COPY	LOCAL_RAW_STATISTICS		original bytes
W3-R4-MULTIROW-PANEL-RMS-CHAMPION-X	V013	test(r4): record V013 RMS broadcast result	w3/m1/multirow-panel-rms	6847d2c63f4ea049425c7208ba0cb10e661c5bcb	dda3aa04eb6c287396d9616314820c155727780c	dbf45b37fca2f4abd3ed07c69384f309e8587c0c	503b98cb22ae88798bb6bfca83a46676933f3600	本地实验/MULTIROW-PANEL-RMS-CHAMPION-X/V013/local/MPR4-V013-LOCAL-20261005T140226Z/paired_delta.derived.tsv	100644	8f74712d266d6aa69c8334277c846ac7787b7137	证据集成/W3/Batch-09-R1-R3-R4-R5/R4/V013/local/MPR4-V013-LOCAL-20261005T140226Z/paired_delta.derived.tsv	COPY	LOCAL_RAW_STATISTICS		original bytes
W3-R4-MULTIROW-PANEL-RMS-CHAMPION-X	V013	test(r4): record V013 RMS broadcast result	w3/m1/multirow-panel-rms	6847d2c63f4ea049425c7208ba0cb10e661c5bcb	dda3aa04eb6c287396d9616314820c155727780c	dbf45b37fca2f4abd3ed07c69384f309e8587c0c	503b98cb22ae88798bb6bfca83a46676933f3600	本地实验/MULTIROW-PANEL-RMS-CHAMPION-X/V013/local/MPR4-V013-LOCAL-20261005T140226Z/parent-device-us.sorted.tsv	100644	c9ac7769f258170054ae0cd1c74ded9591afebb5	证据集成/W3/Batch-09-R1-R3-R4-R5/R4/V013/local/MPR4-V013-LOCAL-20261005T140226Z/parent-device-us.sorted.tsv	COPY	LOCAL_RAW_STATISTICS		original bytes
W3-R4-MULTIROW-PANEL-RMS-CHAMPION-X	V013	test(r4): record V013 RMS broadcast result	w3/m1/multirow-panel-rms	6847d2c63f4ea049425c7208ba0cb10e661c5bcb	dda3aa04eb6c287396d9616314820c155727780c	dbf45b37fca2f4abd3ed07c69384f309e8587c0c	503b98cb22ae88798bb6bfca83a46676933f3600	本地实验/MULTIROW-PANEL-RMS-CHAMPION-X/V013/local/MPR4-V013-LOCAL-20261005T140226Z/parent-wall-us.sorted.tsv	100644	4251e059c619fa7129dba1544ebd1e7b1b0ed16d	证据集成/W3/Batch-09-R1-R3-R4-R5/R4/V013/local/MPR4-V013-LOCAL-20261005T140226Z/parent-wall-us.sorted.tsv	COPY	LOCAL_RAW_STATISTICS		original bytes
W3-R4-MULTIROW-PANEL-RMS-CHAMPION-X	V013	test(r4): record V013 RMS broadcast result	w3/m1/multirow-panel-rms	6847d2c63f4ea049425c7208ba0cb10e661c5bcb	dda3aa04eb6c287396d9616314820c155727780c	dbf45b37fca2f4abd3ed07c69384f309e8587c0c	503b98cb22ae88798bb6bfca83a46676933f3600	本地实验/MULTIROW-PANEL-RMS-CHAMPION-X/V013/local/MPR4-V013-LOCAL-20261005T140226Z/pc-delta-us.sorted.tsv	100644	a0953766706564ffae64f9a9b5b31b15b626108a	证据集成/W3/Batch-09-R1-R3-R4-R5/R4/V013/local/MPR4-V013-LOCAL-20261005T140226Z/pc-delta-us.sorted.tsv	COPY	LOCAL_RAW_STATISTICS		original bytes
W3-R4-MULTIROW-PANEL-RMS-CHAMPION-X	V013	test(r4): record V013 RMS broadcast result	w3/m1/multirow-panel-rms	6847d2c63f4ea049425c7208ba0cb10e661c5bcb	dda3aa04eb6c287396d9616314820c155727780c	dbf45b37fca2f4abd3ed07c69384f309e8587c0c	503b98cb22ae88798bb6bfca83a46676933f3600	本地实验/MULTIROW-PANEL-RMS-CHAMPION-X/V013/local/MPR4-V013-LOCAL-20261005T140226Z/post.npu-smi.txt	100644	405913d41ca6d24df806fbc0b6f686a462db75a8	证据集成/W3/Batch-09-R1-R3-R4-R5/R4/V013/local/MPR4-V013-LOCAL-20261005T140226Z/post.npu-smi.txt	COPY	LOCAL_CONTEXT_OR_DIAGNOSTIC		original bytes
W3-R4-MULTIROW-PANEL-RMS-CHAMPION-X	V013	test(r4): record V013 RMS broadcast result	w3/m1/multirow-panel-rms	6847d2c63f4ea049425c7208ba0cb10e661c5bcb	dda3aa04eb6c287396d9616314820c155727780c	dbf45b37fca2f4abd3ed07c69384f309e8587c0c	503b98cb22ae88798bb6bfca83a46676933f3600	本地实验/MULTIROW-PANEL-RMS-CHAMPION-X/V013/local/MPR4-V013-LOCAL-20261005T140226Z/pre.npu-smi.txt	100644	31890d540b2c3640ccd5d7a2a81cbcbf8190aae5	证据集成/W3/Batch-09-R1-R3-R4-R5/R4/V013/local/MPR4-V013-LOCAL-20261005T140226Z/pre.npu-smi.txt	COPY	LOCAL_CONTEXT_OR_DIAGNOSTIC		original bytes
W3-R4-MULTIROW-PANEL-RMS-CHAMPION-X	V013	test(r4): record V013 RMS broadcast result	w3/m1/multirow-panel-rms	6847d2c63f4ea049425c7208ba0cb10e661c5bcb	dda3aa04eb6c287396d9616314820c155727780c	dbf45b37fca2f4abd3ed07c69384f309e8587c0c	503b98cb22ae88798bb6bfca83a46676933f3600	本地实验/MULTIROW-PANEL-RMS-CHAMPION-X/V013/local/MPR4-V013-LOCAL-20261005T140226Z/runner.stdout.log	100644	e69de29bb2d1d6434b8b29ae775ad8c2e48c5391	证据集成/W3/Batch-09-R1-R3-R4-R5/R4/V013/local/MPR4-V013-LOCAL-20261005T140226Z/runner.stdout.log	COPY	RUN_LOG		original bytes
W3-R4-MULTIROW-PANEL-RMS-CHAMPION-X	V013	test(r4): record V013 RMS broadcast result	w3/m1/multirow-panel-rms	6847d2c63f4ea049425c7208ba0cb10e661c5bcb	dda3aa04eb6c287396d9616314820c155727780c	dbf45b37fca2f4abd3ed07c69384f309e8587c0c	503b98cb22ae88798bb6bfca83a46676933f3600	本地实验/MULTIROW-PANEL-RMS-CHAMPION-X/V013/local/MPR4-V013-LOCAL-20261005T140226Z/wall-us.all.sorted.tsv	100644	8f41f0a3fd19a0287bea41078a718b4c601ad1a5	证据集成/W3/Batch-09-R1-R3-R4-R5/R4/V013/local/MPR4-V013-LOCAL-20261005T140226Z/wall-us.all.sorted.tsv	COPY	LOCAL_RAW_STATISTICS		original bytes
W3-R4-MULTIROW-PANEL-RMS-CHAMPION-X	V013	test(r4): record V013 RMS broadcast result	w3/m1/multirow-panel-rms	6847d2c63f4ea049425c7208ba0cb10e661c5bcb	dda3aa04eb6c287396d9616314820c155727780c	dbf45b37fca2f4abd3ed07c69384f309e8587c0c	503b98cb22ae88798bb6bfca83a46676933f3600	本地实验/MULTIROW-PANEL-RMS-CHAMPION-X/V013/local/MPR4-V013-LOCAL-20261005T140226Z/wall_us.derived.tsv	100644	d8f221586a751adbdc06812f03465185b7399ef1	证据集成/W3/Batch-09-R1-R3-R4-R5/R4/V013/local/MPR4-V013-LOCAL-20261005T140226Z/wall_us.derived.tsv	COPY	LOCAL_RAW_STATISTICS		original bytes
W3-R4-MULTIROW-PANEL-RMS-CHAMPION-X	V013	test(r4): record V013 RMS broadcast result	w3/m1/multirow-panel-rms	6847d2c63f4ea049425c7208ba0cb10e661c5bcb	dda3aa04eb6c287396d9616314820c155727780c	dbf45b37fca2f4abd3ed07c69384f309e8587c0c	503b98cb22ae88798bb6bfca83a46676933f3600	本地实验/MULTIROW-PANEL-RMS-CHAMPION-X/V013/logs/MPR4-V013-COMPILE-20261005T135805Z.log	100644	e5e0f7d21df3d7c292d57e454249f9b19a9a0534	证据集成/W3/Batch-09-R1-R3-R4-R5/R4/V013/logs/MPR4-V013-COMPILE-20261005T135805Z.log	COPY	COMPILE_LOG		original bytes
W3-R4-MULTIROW-PANEL-RMS-CHAMPION-X	V013	test(r4): record V013 RMS broadcast result	w3/m1/multirow-panel-rms	6847d2c63f4ea049425c7208ba0cb10e661c5bcb	dda3aa04eb6c287396d9616314820c155727780c	dbf45b37fca2f4abd3ed07c69384f309e8587c0c	503b98cb22ae88798bb6bfca83a46676933f3600	本地实验/MULTIROW-PANEL-RMS-CHAMPION-X/V013/logs/MPR4-V013-CORR-CANDIDATE-20261005T140053Z.post.npu-smi.txt	100644	73eb522033c51625dc59f48259eeb32223610306	证据集成/W3/Batch-09-R1-R3-R4-R5/R4/V013/logs/MPR4-V013-CORR-CANDIDATE-20261005T140053Z.post.npu-smi.txt	COPY	LOCAL_CONTEXT_OR_DIAGNOSTIC		original bytes
W3-R4-MULTIROW-PANEL-RMS-CHAMPION-X	V013	test(r4): record V013 RMS broadcast result	w3/m1/multirow-panel-rms	6847d2c63f4ea049425c7208ba0cb10e661c5bcb	dda3aa04eb6c287396d9616314820c155727780c	dbf45b37fca2f4abd3ed07c69384f309e8587c0c	503b98cb22ae88798bb6bfca83a46676933f3600	本地实验/MULTIROW-PANEL-RMS-CHAMPION-X/V013/logs/MPR4-V013-CORR-CANDIDATE-20261005T140053Z.pre.npu-smi.txt	100644	de3365331c79f46205887d1e3e75efb5e2ce26af	证据集成/W3/Batch-09-R1-R3-R4-R5/R4/V013/logs/MPR4-V013-CORR-CANDIDATE-20261005T140053Z.pre.npu-smi.txt	COPY	LOCAL_CONTEXT_OR_DIAGNOSTIC		original bytes
W3-R4-MULTIROW-PANEL-RMS-CHAMPION-X	V013	test(r4): record V013 RMS broadcast result	w3/m1/multirow-panel-rms	6847d2c63f4ea049425c7208ba0cb10e661c5bcb	dda3aa04eb6c287396d9616314820c155727780c	dbf45b37fca2f4abd3ed07c69384f309e8587c0c	503b98cb22ae88798bb6bfca83a46676933f3600	本地实验/MULTIROW-PANEL-RMS-CHAMPION-X/V013/logs/MPR4-V013-CORR-CANDIDATE-20261005T140053Z.stderr.log	100644	e69de29bb2d1d6434b8b29ae775ad8c2e48c5391	证据集成/W3/Batch-09-R1-R3-R4-R5/R4/V013/logs/MPR4-V013-CORR-CANDIDATE-20261005T140053Z.stderr.log	COPY	RUN_LOG		original bytes
W3-R4-MULTIROW-PANEL-RMS-CHAMPION-X	V013	test(r4): record V013 RMS broadcast result	w3/m1/multirow-panel-rms	6847d2c63f4ea049425c7208ba0cb10e661c5bcb	dda3aa04eb6c287396d9616314820c155727780c	dbf45b37fca2f4abd3ed07c69384f309e8587c0c	503b98cb22ae88798bb6bfca83a46676933f3600	本地实验/MULTIROW-PANEL-RMS-CHAMPION-X/V013/logs/MPR4-V013-CORR-CANDIDATE-20261005T140053Z.stdout.log	100644	7165ba5d08f1885477d7e35348e0aeb659fb408f	证据集成/W3/Batch-09-R1-R3-R4-R5/R4/V013/logs/MPR4-V013-CORR-CANDIDATE-20261005T140053Z.stdout.log	COPY	RUN_LOG		original bytes
W3-R4-MULTIROW-PANEL-RMS-CHAMPION-X	V013	test(r4): record V013 RMS broadcast result	w3/m1/multirow-panel-rms	6847d2c63f4ea049425c7208ba0cb10e661c5bcb	dda3aa04eb6c287396d9616314820c155727780c	dbf45b37fca2f4abd3ed07c69384f309e8587c0c	503b98cb22ae88798bb6bfca83a46676933f3600	本地实验/MULTIROW-PANEL-RMS-CHAMPION-X/V013/logs/MPR4-V013-CORR-CANDIDATE-20261005T140053Z.tsv	100644	0dadd80805a9750f972c5fce98b830e3a6cd6760	证据集成/W3/Batch-09-R1-R3-R4-R5/R4/V013/logs/MPR4-V013-CORR-CANDIDATE-20261005T140053Z.tsv	COPY	LOCAL_RAW_STATISTICS		original bytes
W3-R4-MULTIROW-PANEL-RMS-CHAMPION-X	V013	test(r4): record V013 RMS broadcast result	w3/m1/multirow-panel-rms	6847d2c63f4ea049425c7208ba0cb10e661c5bcb	dda3aa04eb6c287396d9616314820c155727780c	dbf45b37fca2f4abd3ed07c69384f309e8587c0c	503b98cb22ae88798bb6bfca83a46676933f3600	本地实验/MULTIROW-PANEL-RMS-CHAMPION-X/V013/logs/MPR4-V013-CORR-PARENT-20261005T135923Z.post.npu-smi.txt	100644	6a1d8c721efbac11430a9df7722cca98f2830dcb	证据集成/W3/Batch-09-R1-R3-R4-R5/R4/V013/logs/MPR4-V013-CORR-PARENT-20261005T135923Z.post.npu-smi.txt	COPY	LOCAL_CONTEXT_OR_DIAGNOSTIC		original bytes
W3-R4-MULTIROW-PANEL-RMS-CHAMPION-X	V013	test(r4): record V013 RMS broadcast result	w3/m1/multirow-panel-rms	6847d2c63f4ea049425c7208ba0cb10e661c5bcb	dda3aa04eb6c287396d9616314820c155727780c	dbf45b37fca2f4abd3ed07c69384f309e8587c0c	503b98cb22ae88798bb6bfca83a46676933f3600	本地实验/MULTIROW-PANEL-RMS-CHAMPION-X/V013/logs/MPR4-V013-CORR-PARENT-20261005T135923Z.pre.npu-smi.txt	100644	683ad335b1958d2aefe1f19c843fa32f6d647a67	证据集成/W3/Batch-09-R1-R3-R4-R5/R4/V013/logs/MPR4-V013-CORR-PARENT-20261005T135923Z.pre.npu-smi.txt	COPY	LOCAL_CONTEXT_OR_DIAGNOSTIC		original bytes
W3-R4-MULTIROW-PANEL-RMS-CHAMPION-X	V013	test(r4): record V013 RMS broadcast result	w3/m1/multirow-panel-rms	6847d2c63f4ea049425c7208ba0cb10e661c5bcb	dda3aa04eb6c287396d9616314820c155727780c	dbf45b37fca2f4abd3ed07c69384f309e8587c0c	503b98cb22ae88798bb6bfca83a46676933f3600	本地实验/MULTIROW-PANEL-RMS-CHAMPION-X/V013/logs/MPR4-V013-CORR-PARENT-20261005T135923Z.stderr.log	100644	e69de29bb2d1d6434b8b29ae775ad8c2e48c5391	证据集成/W3/Batch-09-R1-R3-R4-R5/R4/V013/logs/MPR4-V013-CORR-PARENT-20261005T135923Z.stderr.log	COPY	RUN_LOG		original bytes
W3-R4-MULTIROW-PANEL-RMS-CHAMPION-X	V013	test(r4): record V013 RMS broadcast result	w3/m1/multirow-panel-rms	6847d2c63f4ea049425c7208ba0cb10e661c5bcb	dda3aa04eb6c287396d9616314820c155727780c	dbf45b37fca2f4abd3ed07c69384f309e8587c0c	503b98cb22ae88798bb6bfca83a46676933f3600	本地实验/MULTIROW-PANEL-RMS-CHAMPION-X/V013/logs/MPR4-V013-CORR-PARENT-20261005T135923Z.stdout.log	100644	d206967ae86ca302ee146cebc9e7477265b526b6	证据集成/W3/Batch-09-R1-R3-R4-R5/R4/V013/logs/MPR4-V013-CORR-PARENT-20261005T135923Z.stdout.log	COPY	RUN_LOG		original bytes
W3-R4-MULTIROW-PANEL-RMS-CHAMPION-X	V013	test(r4): record V013 RMS broadcast result	w3/m1/multirow-panel-rms	6847d2c63f4ea049425c7208ba0cb10e661c5bcb	dda3aa04eb6c287396d9616314820c155727780c	dbf45b37fca2f4abd3ed07c69384f309e8587c0c	503b98cb22ae88798bb6bfca83a46676933f3600	本地实验/MULTIROW-PANEL-RMS-CHAMPION-X/V013/logs/MPR4-V013-CORR-PARENT-20261005T135923Z.tsv	100644	99812f072a3e7aa50811031df6ba4b0c79f9a45d	证据集成/W3/Batch-09-R1-R3-R4-R5/R4/V013/logs/MPR4-V013-CORR-PARENT-20261005T135923Z.tsv	COPY	LOCAL_RAW_STATISTICS		original bytes
W3-R4-MULTIROW-PANEL-RMS-CHAMPION-X	V013	test(r4): record V013 RMS broadcast result	w3/m1/multirow-panel-rms	6847d2c63f4ea049425c7208ba0cb10e661c5bcb	dda3aa04eb6c287396d9616314820c155727780c	dbf45b37fca2f4abd3ed07c69384f309e8587c0c	503b98cb22ae88798bb6bfca83a46676933f3600	本地实验/MULTIROW-PANEL-RMS-CHAMPION-X/V013/logs/MPR4-V013-LOCAL-20261005T140226Z.post.npu-smi.txt	100644	405913d41ca6d24df806fbc0b6f686a462db75a8	证据集成/W3/Batch-09-R1-R3-R4-R5/R4/V013/logs/MPR4-V013-LOCAL-20261005T140226Z.post.npu-smi.txt	COPY	LOCAL_CONTEXT_OR_DIAGNOSTIC		original bytes
W3-R4-MULTIROW-PANEL-RMS-CHAMPION-X	V013	test(r4): record V013 RMS broadcast result	w3/m1/multirow-panel-rms	6847d2c63f4ea049425c7208ba0cb10e661c5bcb	dda3aa04eb6c287396d9616314820c155727780c	dbf45b37fca2f4abd3ed07c69384f309e8587c0c	503b98cb22ae88798bb6bfca83a46676933f3600	本地实验/MULTIROW-PANEL-RMS-CHAMPION-X/V013/logs/MPR4-V013-LOCAL-20261005T140226Z.pre.npu-smi.txt	100644	31890d540b2c3640ccd5d7a2a81cbcbf8190aae5	证据集成/W3/Batch-09-R1-R3-R4-R5/R4/V013/logs/MPR4-V013-LOCAL-20261005T140226Z.pre.npu-smi.txt	COPY	LOCAL_CONTEXT_OR_DIAGNOSTIC		original bytes
W3-R4-MULTIROW-PANEL-RMS-CHAMPION-X	V013	test(r4): record V013 RMS broadcast result	w3/m1/multirow-panel-rms	6847d2c63f4ea049425c7208ba0cb10e661c5bcb	dda3aa04eb6c287396d9616314820c155727780c	dbf45b37fca2f4abd3ed07c69384f309e8587c0c	503b98cb22ae88798bb6bfca83a46676933f3600	本地实验/MULTIROW-PANEL-RMS-CHAMPION-X/V013/logs/MPR4-V013-LOCAL-20261005T140226Z.stderr.log	100644	e69de29bb2d1d6434b8b29ae775ad8c2e48c5391	证据集成/W3/Batch-09-R1-R3-R4-R5/R4/V013/logs/MPR4-V013-LOCAL-20261005T140226Z.stderr.log	COPY	LOCAL_RUN_LOG		original bytes
W3-R4-MULTIROW-PANEL-RMS-CHAMPION-X	V013	test(r4): record V013 RMS broadcast result	w3/m1/multirow-panel-rms	6847d2c63f4ea049425c7208ba0cb10e661c5bcb	dda3aa04eb6c287396d9616314820c155727780c	dbf45b37fca2f4abd3ed07c69384f309e8587c0c	503b98cb22ae88798bb6bfca83a46676933f3600	本地实验/MULTIROW-PANEL-RMS-CHAMPION-X/V013/logs/MPR4-V013-LOCAL-20261005T140226Z.stdout.log	100644	e69de29bb2d1d6434b8b29ae775ad8c2e48c5391	证据集成/W3/Batch-09-R1-R3-R4-R5/R4/V013/logs/MPR4-V013-LOCAL-20261005T140226Z.stdout.log	COPY	LOCAL_RUN_LOG		original bytes
W3-R4-MULTIROW-PANEL-RMS-CHAMPION-X	V013	test(r4): record V013 RMS broadcast result	w3/m1/multirow-panel-rms	6847d2c63f4ea049425c7208ba0cb10e661c5bcb	dda3aa04eb6c287396d9616314820c155727780c	dbf45b37fca2f4abd3ed07c69384f309e8587c0c	503b98cb22ae88798bb6bfca83a46676933f3600	本地实验/MULTIROW-PANEL-RMS-CHAMPION-X/V013/logs/MPR4-V013-LOCAL-20261005T140226Z.tsv	100644	2070662b16429e5e048f162d82426ac78c58d3d8	证据集成/W3/Batch-09-R1-R3-R4-R5/R4/V013/logs/MPR4-V013-LOCAL-20261005T140226Z.tsv	COPY	LOCAL_RAW_STATISTICS		original bytes
W3-R4-MULTIROW-PANEL-RMS-CHAMPION-X	V013	test(r4): record V013 RMS broadcast result	w3/m1/multirow-panel-rms	6847d2c63f4ea049425c7208ba0cb10e661c5bcb	dda3aa04eb6c287396d9616314820c155727780c	dbf45b37fca2f4abd3ed07c69384f309e8587c0c	503b98cb22ae88798bb6bfca83a46676933f3600	本地实验/MULTIROW-PANEL-RMS-CHAMPION-X/V013/submission.asc	100644	6ed49761ffec65f0824a6ce488d7e5a0bc47eef9		EXCLUDE	CANDIDATE_OR_KERNEL_SOURCE		source retained only by source commit/blob reference
W3-R4-MULTIROW-PANEL-RMS-CHAMPION-X	V013	test(r4): record V013 RMS broadcast result	w3/m1/multirow-panel-rms	6847d2c63f4ea049425c7208ba0cb10e661c5bcb	dda3aa04eb6c287396d9616314820c155727780c	dbf45b37fca2f4abd3ed07c69384f309e8587c0c	503b98cb22ae88798bb6bfca83a46676933f3600	本地实验/MULTIROW-PANEL-RMS-CHAMPION-X/V013/summary.txt	100644	5606edf4eb6bb9a75798b9998f1023da927ce83c	证据集成/W3/Batch-09-R1-R3-R4-R5/R4/V013/summary.txt	COPY	LOCAL_CONTEXT_OR_DIAGNOSTIC		original bytes
W3-R4-MULTIROW-PANEL-RMS-CHAMPION-X	V013	test(r4): record V013 RMS broadcast result	w3/m1/multirow-panel-rms	6847d2c63f4ea049425c7208ba0cb10e661c5bcb	dda3aa04eb6c287396d9616314820c155727780c	dbf45b37fca2f4abd3ed07c69384f309e8587c0c	503b98cb22ae88798bb6bfca83a46676933f3600	本地实验/MULTIROW-PANEL-RMS-CHAMPION-X/V013/support/CMakeLists.txt	100644	26d61167cac3e643a1461b5097915cd02b21f364		EXCLUDE	BUILD_CONFIGURATION		build configuration not copied
W3-R4-MULTIROW-PANEL-RMS-CHAMPION-X	V013	test(r4): record V013 RMS broadcast result	w3/m1/multirow-panel-rms	6847d2c63f4ea049425c7208ba0cb10e661c5bcb	dda3aa04eb6c287396d9616314820c155727780c	dbf45b37fca2f4abd3ed07c69384f309e8587c0c	503b98cb22ae88798bb6bfca83a46676933f3600	本地实验/MULTIROW-PANEL-RMS-CHAMPION-X/V013/support/build_server3.sh	100644	0465000312500c8961a6af48b977b30b9b71b7ff		EXCLUDE	BUILD_OR_EXECUTION_SCRIPT		script not copied
W3-R4-MULTIROW-PANEL-RMS-CHAMPION-X	V013	test(r4): record V013 RMS broadcast result	w3/m1/multirow-panel-rms	6847d2c63f4ea049425c7208ba0cb10e661c5bcb	dda3aa04eb6c287396d9616314820c155727780c	dbf45b37fca2f4abd3ed07c69384f309e8587c0c	503b98cb22ae88798bb6bfca83a46676933f3600	本地实验/MULTIROW-PANEL-RMS-CHAMPION-X/V013/support/candidate_kernel.asc	100644	3ef7048e01ddd88fb3d4b4a87c0ecb102c75799c		EXCLUDE	CANDIDATE_OR_KERNEL_SOURCE		source retained only by source commit/blob reference
W3-R4-MULTIROW-PANEL-RMS-CHAMPION-X	V013	test(r4): record V013 RMS broadcast result	w3/m1/multirow-panel-rms	6847d2c63f4ea049425c7208ba0cb10e661c5bcb	dda3aa04eb6c287396d9616314820c155727780c	dbf45b37fca2f4abd3ed07c69384f309e8587c0c	503b98cb22ae88798bb6bfca83a46676933f3600	本地实验/MULTIROW-PANEL-RMS-CHAMPION-X/V013/support/compile_server3.sh	100644	cbcee455a1a321b3613ea7addab61880b67d95a8		EXCLUDE	BUILD_OR_EXECUTION_SCRIPT		script not copied
W3-R4-MULTIROW-PANEL-RMS-CHAMPION-X	V013	test(r4): record V013 RMS broadcast result	w3/m1/multirow-panel-rms	6847d2c63f4ea049425c7208ba0cb10e661c5bcb	dda3aa04eb6c287396d9616314820c155727780c	dbf45b37fca2f4abd3ed07c69384f309e8587c0c	503b98cb22ae88798bb6bfca83a46676933f3600	本地实验/MULTIROW-PANEL-RMS-CHAMPION-X/V013/support/local_abi_shim.h	100644	f52411b2c5f6b614ff1e61f30707250a43cc10d3		EXCLUDE	SUPPORT_SOURCE		source retained only by source commit/blob reference
W3-R4-MULTIROW-PANEL-RMS-CHAMPION-X	V013	test(r4): record V013 RMS broadcast result	w3/m1/multirow-panel-rms	6847d2c63f4ea049425c7208ba0cb10e661c5bcb	dda3aa04eb6c287396d9616314820c155727780c	dbf45b37fca2f4abd3ed07c69384f309e8587c0c	503b98cb22ae88798bb6bfca83a46676933f3600	本地实验/MULTIROW-PANEL-RMS-CHAMPION-X/V013/support/parent_kernel.asc	100644	9dbb3053c84dc39f4aee7826176ba96b70f413bc		EXCLUDE	CANDIDATE_OR_KERNEL_SOURCE		source retained only by source commit/blob reference
W3-R4-MULTIROW-PANEL-RMS-CHAMPION-X	V013	test(r4): record V013 RMS broadcast result	w3/m1/multirow-panel-rms	6847d2c63f4ea049425c7208ba0cb10e661c5bcb	dda3aa04eb6c287396d9616314820c155727780c	dbf45b37fca2f4abd3ed07c69384f309e8587c0c	503b98cb22ae88798bb6bfca83a46676933f3600	本地实验/MULTIROW-PANEL-RMS-CHAMPION-X/V013/support/runner_main.cpp	100644	c344fbd6e08908a30453471d90b4ff465ed5b8e5		EXCLUDE	SUPPORT_SOURCE		source retained only by source commit/blob reference
W3-R4-MULTIROW-PANEL-RMS-CHAMPION-X	V014	perf(r4): tune wide panel tile width for v014	w3/m1/multirow-panel-rms	ab4c2db2017e3987389d0b447dacc527fc7fda9c	6847d2c63f4ea049425c7208ba0cb10e661c5bcb	a2794e3c0f00f0dd9a84424178cd5d4cc5067292	503b98cb22ae88798bb6bfca83a46676933f3600	本地实验/MULTIROW-PANEL-RMS-CHAMPION-X/V014/local/20261006T160820Z/paired-fp16-128x12288.tsv	100644	bc01e311e1d15e46925f7fb738d724e78b25e1f9	证据集成/W3/Batch-09-R1-R3-R4-R5/R4/V014/local/20261006T160820Z/paired-fp16-128x12288.tsv	COPY	LOCAL_RAW_STATISTICS		original bytes
W3-R4-MULTIROW-PANEL-RMS-CHAMPION-X	V014	perf(r4): tune wide panel tile width for v014	w3/m1/multirow-panel-rms	ab4c2db2017e3987389d0b447dacc527fc7fda9c	6847d2c63f4ea049425c7208ba0cb10e661c5bcb	a2794e3c0f00f0dd9a84424178cd5d4cc5067292	503b98cb22ae88798bb6bfca83a46676933f3600	本地实验/MULTIROW-PANEL-RMS-CHAMPION-X/V014/local/20261006T160820Z/post.npu-smi.txt	100644	f61a7e960a85cf750702f3f22ec96aacd988d9ab	证据集成/W3/Batch-09-R1-R3-R4-R5/R4/V014/local/20261006T160820Z/post.npu-smi.txt	COPY	LOCAL_CONTEXT_OR_DIAGNOSTIC		original bytes
W3-R4-MULTIROW-PANEL-RMS-CHAMPION-X	V014	perf(r4): tune wide panel tile width for v014	w3/m1/multirow-panel-rms	ab4c2db2017e3987389d0b447dacc527fc7fda9c	6847d2c63f4ea049425c7208ba0cb10e661c5bcb	a2794e3c0f00f0dd9a84424178cd5d4cc5067292	503b98cb22ae88798bb6bfca83a46676933f3600	本地实验/MULTIROW-PANEL-RMS-CHAMPION-X/V014/local/20261006T160820Z/pre.npu-smi.txt	100644	a409ad65af4650681b0c4cfa3e4aeb82bf441085	证据集成/W3/Batch-09-R1-R3-R4-R5/R4/V014/local/20261006T160820Z/pre.npu-smi.txt	COPY	LOCAL_CONTEXT_OR_DIAGNOSTIC		original bytes
W3-R4-MULTIROW-PANEL-RMS-CHAMPION-X	V014	perf(r4): tune wide panel tile width for v014	w3/m1/multirow-panel-rms	ab4c2db2017e3987389d0b447dacc527fc7fda9c	6847d2c63f4ea049425c7208ba0cb10e661c5bcb	a2794e3c0f00f0dd9a84424178cd5d4cc5067292	503b98cb22ae88798bb6bfca83a46676933f3600	本地实验/MULTIROW-PANEL-RMS-CHAMPION-X/V014/local/20261006T160820Z/runner.stderr.log	100644	e69de29bb2d1d6434b8b29ae775ad8c2e48c5391	证据集成/W3/Batch-09-R1-R3-R4-R5/R4/V014/local/20261006T160820Z/runner.stderr.log	COPY	RUN_LOG		original bytes
W3-R4-MULTIROW-PANEL-RMS-CHAMPION-X	V014	perf(r4): tune wide panel tile width for v014	w3/m1/multirow-panel-rms	ab4c2db2017e3987389d0b447dacc527fc7fda9c	6847d2c63f4ea049425c7208ba0cb10e661c5bcb	a2794e3c0f00f0dd9a84424178cd5d4cc5067292	503b98cb22ae88798bb6bfca83a46676933f3600	本地实验/MULTIROW-PANEL-RMS-CHAMPION-X/V014/local/20261006T160820Z/runner.stdout.log	100644	e69de29bb2d1d6434b8b29ae775ad8c2e48c5391	证据集成/W3/Batch-09-R1-R3-R4-R5/R4/V014/local/20261006T160820Z/runner.stdout.log	COPY	RUN_LOG		original bytes
W3-R4-MULTIROW-PANEL-RMS-CHAMPION-X	V014	perf(r4): tune wide panel tile width for v014	w3/m1/multirow-panel-rms	ab4c2db2017e3987389d0b447dacc527fc7fda9c	6847d2c63f4ea049425c7208ba0cb10e661c5bcb	a2794e3c0f00f0dd9a84424178cd5d4cc5067292	503b98cb22ae88798bb6bfca83a46676933f3600	本地实验/MULTIROW-PANEL-RMS-CHAMPION-X/V014/logs/MPR4-V014-COMPILE-20261006T160356Z.log	100644	e461ddeee27c562e5b6c62215b5eb4fc573e9e6d	证据集成/W3/Batch-09-R1-R3-R4-R5/R4/V014/logs/MPR4-V014-COMPILE-20261006T160356Z.log	COPY	COMPILE_LOG		original bytes
W3-R4-MULTIROW-PANEL-RMS-CHAMPION-X	V014	perf(r4): tune wide panel tile width for v014	w3/m1/multirow-panel-rms	ab4c2db2017e3987389d0b447dacc527fc7fda9c	6847d2c63f4ea049425c7208ba0cb10e661c5bcb	a2794e3c0f00f0dd9a84424178cd5d4cc5067292	503b98cb22ae88798bb6bfca83a46676933f3600	本地实验/MULTIROW-PANEL-RMS-CHAMPION-X/V014/logs/MPR4-V014-CORR-CANDIDATE-20261006T160630Z.stderr.log	100644	e69de29bb2d1d6434b8b29ae775ad8c2e48c5391	证据集成/W3/Batch-09-R1-R3-R4-R5/R4/V014/logs/MPR4-V014-CORR-CANDIDATE-20261006T160630Z.stderr.log	COPY	RUN_LOG		original bytes
W3-R4-MULTIROW-PANEL-RMS-CHAMPION-X	V014	perf(r4): tune wide panel tile width for v014	w3/m1/multirow-panel-rms	ab4c2db2017e3987389d0b447dacc527fc7fda9c	6847d2c63f4ea049425c7208ba0cb10e661c5bcb	a2794e3c0f00f0dd9a84424178cd5d4cc5067292	503b98cb22ae88798bb6bfca83a46676933f3600	本地实验/MULTIROW-PANEL-RMS-CHAMPION-X/V014/logs/MPR4-V014-CORR-CANDIDATE-20261006T160630Z.stdout.log	100644	7165ba5d08f1885477d7e35348e0aeb659fb408f	证据集成/W3/Batch-09-R1-R3-R4-R5/R4/V014/logs/MPR4-V014-CORR-CANDIDATE-20261006T160630Z.stdout.log	COPY	RUN_LOG		original bytes
W3-R4-MULTIROW-PANEL-RMS-CHAMPION-X	V014	perf(r4): tune wide panel tile width for v014	w3/m1/multirow-panel-rms	ab4c2db2017e3987389d0b447dacc527fc7fda9c	6847d2c63f4ea049425c7208ba0cb10e661c5bcb	a2794e3c0f00f0dd9a84424178cd5d4cc5067292	503b98cb22ae88798bb6bfca83a46676933f3600	本地实验/MULTIROW-PANEL-RMS-CHAMPION-X/V014/logs/MPR4-V014-CORR-CANDIDATE-20261006T160630Z.tsv	100644	e40b3756b8344fafa365d907fbc3555c04548a47	证据集成/W3/Batch-09-R1-R3-R4-R5/R4/V014/logs/MPR4-V014-CORR-CANDIDATE-20261006T160630Z.tsv	COPY	LOCAL_RAW_STATISTICS		original bytes
W3-R4-MULTIROW-PANEL-RMS-CHAMPION-X	V014	perf(r4): tune wide panel tile width for v014	w3/m1/multirow-panel-rms	ab4c2db2017e3987389d0b447dacc527fc7fda9c	6847d2c63f4ea049425c7208ba0cb10e661c5bcb	a2794e3c0f00f0dd9a84424178cd5d4cc5067292	503b98cb22ae88798bb6bfca83a46676933f3600	本地实验/MULTIROW-PANEL-RMS-CHAMPION-X/V014/logs/MPR4-V014-CORR-PARENT-20261006T160630Z.stderr.log	100644	e69de29bb2d1d6434b8b29ae775ad8c2e48c5391	证据集成/W3/Batch-09-R1-R3-R4-R5/R4/V014/logs/MPR4-V014-CORR-PARENT-20261006T160630Z.stderr.log	COPY	RUN_LOG		original bytes
W3-R4-MULTIROW-PANEL-RMS-CHAMPION-X	V014	perf(r4): tune wide panel tile width for v014	w3/m1/multirow-panel-rms	ab4c2db2017e3987389d0b447dacc527fc7fda9c	6847d2c63f4ea049425c7208ba0cb10e661c5bcb	a2794e3c0f00f0dd9a84424178cd5d4cc5067292	503b98cb22ae88798bb6bfca83a46676933f3600	本地实验/MULTIROW-PANEL-RMS-CHAMPION-X/V014/logs/MPR4-V014-CORR-PARENT-20261006T160630Z.stdout.log	100644	d206967ae86ca302ee146cebc9e7477265b526b6	证据集成/W3/Batch-09-R1-R3-R4-R5/R4/V014/logs/MPR4-V014-CORR-PARENT-20261006T160630Z.stdout.log	COPY	RUN_LOG		original bytes
W3-R4-MULTIROW-PANEL-RMS-CHAMPION-X	V014	perf(r4): tune wide panel tile width for v014	w3/m1/multirow-panel-rms	ab4c2db2017e3987389d0b447dacc527fc7fda9c	6847d2c63f4ea049425c7208ba0cb10e661c5bcb	a2794e3c0f00f0dd9a84424178cd5d4cc5067292	503b98cb22ae88798bb6bfca83a46676933f3600	本地实验/MULTIROW-PANEL-RMS-CHAMPION-X/V014/logs/MPR4-V014-CORR-PARENT-20261006T160630Z.tsv	100644	2e0134463e22946ea954e3a5c9597068affc10a2	证据集成/W3/Batch-09-R1-R3-R4-R5/R4/V014/logs/MPR4-V014-CORR-PARENT-20261006T160630Z.tsv	COPY	LOCAL_RAW_STATISTICS		original bytes
W3-R4-MULTIROW-PANEL-RMS-CHAMPION-X	V014	perf(r4): tune wide panel tile width for v014	w3/m1/multirow-panel-rms	ab4c2db2017e3987389d0b447dacc527fc7fda9c	6847d2c63f4ea049425c7208ba0cb10e661c5bcb	a2794e3c0f00f0dd9a84424178cd5d4cc5067292	503b98cb22ae88798bb6bfca83a46676933f3600	本地实验/MULTIROW-PANEL-RMS-CHAMPION-X/V014/logs/MPR4-V014-POST-CORR-20261006T160630Z.npu-smi.txt	100644	9e8a2bf483015e13c7af22ec023f62fa911b6526	证据集成/W3/Batch-09-R1-R3-R4-R5/R4/V014/logs/MPR4-V014-POST-CORR-20261006T160630Z.npu-smi.txt	COPY	LOCAL_CONTEXT_OR_DIAGNOSTIC		original bytes
W3-R4-MULTIROW-PANEL-RMS-CHAMPION-X	V014	perf(r4): tune wide panel tile width for v014	w3/m1/multirow-panel-rms	ab4c2db2017e3987389d0b447dacc527fc7fda9c	6847d2c63f4ea049425c7208ba0cb10e661c5bcb	a2794e3c0f00f0dd9a84424178cd5d4cc5067292	503b98cb22ae88798bb6bfca83a46676933f3600	本地实验/MULTIROW-PANEL-RMS-CHAMPION-X/V014/logs/MPR4-V014-PRE-CORR-20261006T160630Z.npu-smi.txt	100644	ea876aa9f98d94b061077c13480dba670209b509	证据集成/W3/Batch-09-R1-R3-R4-R5/R4/V014/logs/MPR4-V014-PRE-CORR-20261006T160630Z.npu-smi.txt	COPY	LOCAL_CONTEXT_OR_DIAGNOSTIC		original bytes
W3-R4-MULTIROW-PANEL-RMS-CHAMPION-X	V014	perf(r4): tune wide panel tile width for v014	w3/m1/multirow-panel-rms	ab4c2db2017e3987389d0b447dacc527fc7fda9c	6847d2c63f4ea049425c7208ba0cb10e661c5bcb	a2794e3c0f00f0dd9a84424178cd5d4cc5067292	503b98cb22ae88798bb6bfca83a46676933f3600	本地实验/MULTIROW-PANEL-RMS-CHAMPION-X/V014/submission.asc	100644	1423a742dcf1b2f9e80c52d01d11fcc2e3fd9e1b		EXCLUDE	CANDIDATE_OR_KERNEL_SOURCE		source retained only by source commit/blob reference
W3-R4-MULTIROW-PANEL-RMS-CHAMPION-X	V014	perf(r4): tune wide panel tile width for v014	w3/m1/multirow-panel-rms	ab4c2db2017e3987389d0b447dacc527fc7fda9c	6847d2c63f4ea049425c7208ba0cb10e661c5bcb	a2794e3c0f00f0dd9a84424178cd5d4cc5067292	503b98cb22ae88798bb6bfca83a46676933f3600	本地实验/MULTIROW-PANEL-RMS-CHAMPION-X/V014/summary.txt	100644	9ec7d127787538066fff892bab18c9e39c74e216	证据集成/W3/Batch-09-R1-R3-R4-R5/R4/V014/summary.txt	COPY	LOCAL_CONTEXT_OR_DIAGNOSTIC		original bytes
W3-R4-MULTIROW-PANEL-RMS-CHAMPION-X	V014	perf(r4): tune wide panel tile width for v014	w3/m1/multirow-panel-rms	ab4c2db2017e3987389d0b447dacc527fc7fda9c	6847d2c63f4ea049425c7208ba0cb10e661c5bcb	a2794e3c0f00f0dd9a84424178cd5d4cc5067292	503b98cb22ae88798bb6bfca83a46676933f3600	本地实验/MULTIROW-PANEL-RMS-CHAMPION-X/V014/support/CMakeLists.txt	100644	26d61167cac3e643a1461b5097915cd02b21f364		EXCLUDE	BUILD_CONFIGURATION		build configuration not copied
W3-R4-MULTIROW-PANEL-RMS-CHAMPION-X	V014	perf(r4): tune wide panel tile width for v014	w3/m1/multirow-panel-rms	ab4c2db2017e3987389d0b447dacc527fc7fda9c	6847d2c63f4ea049425c7208ba0cb10e661c5bcb	a2794e3c0f00f0dd9a84424178cd5d4cc5067292	503b98cb22ae88798bb6bfca83a46676933f3600	本地实验/MULTIROW-PANEL-RMS-CHAMPION-X/V014/support/build_server3.sh	100644	0465000312500c8961a6af48b977b30b9b71b7ff		EXCLUDE	BUILD_OR_EXECUTION_SCRIPT		script not copied
W3-R4-MULTIROW-PANEL-RMS-CHAMPION-X	V014	perf(r4): tune wide panel tile width for v014	w3/m1/multirow-panel-rms	ab4c2db2017e3987389d0b447dacc527fc7fda9c	6847d2c63f4ea049425c7208ba0cb10e661c5bcb	a2794e3c0f00f0dd9a84424178cd5d4cc5067292	503b98cb22ae88798bb6bfca83a46676933f3600	本地实验/MULTIROW-PANEL-RMS-CHAMPION-X/V014/support/candidate_kernel.asc	100644	3ef7048e01ddd88fb3d4b4a87c0ecb102c75799c		EXCLUDE	CANDIDATE_OR_KERNEL_SOURCE		source retained only by source commit/blob reference
W3-R4-MULTIROW-PANEL-RMS-CHAMPION-X	V014	perf(r4): tune wide panel tile width for v014	w3/m1/multirow-panel-rms	ab4c2db2017e3987389d0b447dacc527fc7fda9c	6847d2c63f4ea049425c7208ba0cb10e661c5bcb	a2794e3c0f00f0dd9a84424178cd5d4cc5067292	503b98cb22ae88798bb6bfca83a46676933f3600	本地实验/MULTIROW-PANEL-RMS-CHAMPION-X/V014/support/compile_server3.sh	100644	76f0ce92fc9bc9cdbdc4f2b7ecee61b0a3594bab		EXCLUDE	BUILD_OR_EXECUTION_SCRIPT		script not copied
W3-R4-MULTIROW-PANEL-RMS-CHAMPION-X	V014	perf(r4): tune wide panel tile width for v014	w3/m1/multirow-panel-rms	ab4c2db2017e3987389d0b447dacc527fc7fda9c	6847d2c63f4ea049425c7208ba0cb10e661c5bcb	a2794e3c0f00f0dd9a84424178cd5d4cc5067292	503b98cb22ae88798bb6bfca83a46676933f3600	本地实验/MULTIROW-PANEL-RMS-CHAMPION-X/V014/support/local_abi_shim.h	100644	f52411b2c5f6b614ff1e61f30707250a43cc10d3		EXCLUDE	SUPPORT_SOURCE		source retained only by source commit/blob reference
W3-R4-MULTIROW-PANEL-RMS-CHAMPION-X	V014	perf(r4): tune wide panel tile width for v014	w3/m1/multirow-panel-rms	ab4c2db2017e3987389d0b447dacc527fc7fda9c	6847d2c63f4ea049425c7208ba0cb10e661c5bcb	a2794e3c0f00f0dd9a84424178cd5d4cc5067292	503b98cb22ae88798bb6bfca83a46676933f3600	本地实验/MULTIROW-PANEL-RMS-CHAMPION-X/V014/support/parent_kernel.asc	100644	9dbb3053c84dc39f4aee7826176ba96b70f413bc		EXCLUDE	CANDIDATE_OR_KERNEL_SOURCE		source retained only by source commit/blob reference
W3-R4-MULTIROW-PANEL-RMS-CHAMPION-X	V014	perf(r4): tune wide panel tile width for v014	w3/m1/multirow-panel-rms	ab4c2db2017e3987389d0b447dacc527fc7fda9c	6847d2c63f4ea049425c7208ba0cb10e661c5bcb	a2794e3c0f00f0dd9a84424178cd5d4cc5067292	503b98cb22ae88798bb6bfca83a46676933f3600	本地实验/MULTIROW-PANEL-RMS-CHAMPION-X/V014/support/runner_main.cpp	100644	c344fbd6e08908a30453471d90b4ff465ed5b8e5		EXCLUDE	SUPPORT_SOURCE		source retained only by source commit/blob reference
W3-R4-MULTIROW-PANEL-RMS-CHAMPION-X	V015	perf(r4): record v015 panel tile result	w3/m1/multirow-panel-rms	b7a02d041d686b162b2d8ea2988b8c880033082d	ab4c2db2017e3987389d0b447dacc527fc7fda9c	05fbbdd0074d3902b7835039d8c70d875a264f6e	503b98cb22ae88798bb6bfca83a46676933f3600	本地实验/MULTIROW-PANEL-RMS-CHAMPION-X/V015/local/20261006T163257Z/paired-fp16-128x12288.tsv	100644	eece3a9e475c72e90bee4de91f009d31f8e52969	证据集成/W3/Batch-09-R1-R3-R4-R5/R4/V015/local/20261006T163257Z/paired-fp16-128x12288.tsv	COPY	LOCAL_RAW_STATISTICS		original bytes
W3-R4-MULTIROW-PANEL-RMS-CHAMPION-X	V015	perf(r4): record v015 panel tile result	w3/m1/multirow-panel-rms	b7a02d041d686b162b2d8ea2988b8c880033082d	ab4c2db2017e3987389d0b447dacc527fc7fda9c	05fbbdd0074d3902b7835039d8c70d875a264f6e	503b98cb22ae88798bb6bfca83a46676933f3600	本地实验/MULTIROW-PANEL-RMS-CHAMPION-X/V015/local/20261006T163257Z/post.npu-smi.txt	100644	382c16847e7d881de8c82d142e3e465d2604f8ba	证据集成/W3/Batch-09-R1-R3-R4-R5/R4/V015/local/20261006T163257Z/post.npu-smi.txt	COPY	LOCAL_CONTEXT_OR_DIAGNOSTIC		original bytes
W3-R4-MULTIROW-PANEL-RMS-CHAMPION-X	V015	perf(r4): record v015 panel tile result	w3/m1/multirow-panel-rms	b7a02d041d686b162b2d8ea2988b8c880033082d	ab4c2db2017e3987389d0b447dacc527fc7fda9c	05fbbdd0074d3902b7835039d8c70d875a264f6e	503b98cb22ae88798bb6bfca83a46676933f3600	本地实验/MULTIROW-PANEL-RMS-CHAMPION-X/V015/local/20261006T163257Z/pre.npu-smi.txt	100644	4c18858f3af6e8a6dc29b17bd43647a6d6c5116b	证据集成/W3/Batch-09-R1-R3-R4-R5/R4/V015/local/20261006T163257Z/pre.npu-smi.txt	COPY	LOCAL_CONTEXT_OR_DIAGNOSTIC		original bytes
W3-R4-MULTIROW-PANEL-RMS-CHAMPION-X	V015	perf(r4): record v015 panel tile result	w3/m1/multirow-panel-rms	b7a02d041d686b162b2d8ea2988b8c880033082d	ab4c2db2017e3987389d0b447dacc527fc7fda9c	05fbbdd0074d3902b7835039d8c70d875a264f6e	503b98cb22ae88798bb6bfca83a46676933f3600	本地实验/MULTIROW-PANEL-RMS-CHAMPION-X/V015/local/20261006T163257Z/runner.stderr.log	100644	e69de29bb2d1d6434b8b29ae775ad8c2e48c5391	证据集成/W3/Batch-09-R1-R3-R4-R5/R4/V015/local/20261006T163257Z/runner.stderr.log	COPY	RUN_LOG		original bytes
W3-R4-MULTIROW-PANEL-RMS-CHAMPION-X	V015	perf(r4): record v015 panel tile result	w3/m1/multirow-panel-rms	b7a02d041d686b162b2d8ea2988b8c880033082d	ab4c2db2017e3987389d0b447dacc527fc7fda9c	05fbbdd0074d3902b7835039d8c70d875a264f6e	503b98cb22ae88798bb6bfca83a46676933f3600	本地实验/MULTIROW-PANEL-RMS-CHAMPION-X/V015/local/20261006T163257Z/runner.stdout.log	100644	e69de29bb2d1d6434b8b29ae775ad8c2e48c5391	证据集成/W3/Batch-09-R1-R3-R4-R5/R4/V015/local/20261006T163257Z/runner.stdout.log	COPY	RUN_LOG		original bytes
W3-R4-MULTIROW-PANEL-RMS-CHAMPION-X	V015	perf(r4): record v015 panel tile result	w3/m1/multirow-panel-rms	b7a02d041d686b162b2d8ea2988b8c880033082d	ab4c2db2017e3987389d0b447dacc527fc7fda9c	05fbbdd0074d3902b7835039d8c70d875a264f6e	503b98cb22ae88798bb6bfca83a46676933f3600	本地实验/MULTIROW-PANEL-RMS-CHAMPION-X/V015/logs/MPR4-V015-COMPILE-20261006T163042Z.log	100644	1f1fc9b807432258746ea4b0730877f2ad6a8209	证据集成/W3/Batch-09-R1-R3-R4-R5/R4/V015/logs/MPR4-V015-COMPILE-20261006T163042Z.log	COPY	COMPILE_LOG		original bytes
W3-R4-MULTIROW-PANEL-RMS-CHAMPION-X	V015	perf(r4): record v015 panel tile result	w3/m1/multirow-panel-rms	b7a02d041d686b162b2d8ea2988b8c880033082d	ab4c2db2017e3987389d0b447dacc527fc7fda9c	05fbbdd0074d3902b7835039d8c70d875a264f6e	503b98cb22ae88798bb6bfca83a46676933f3600	本地实验/MULTIROW-PANEL-RMS-CHAMPION-X/V015/logs/MPR4-V015-CORR-CANDIDATE-20261006T163206Z.stderr.log	100644	e69de29bb2d1d6434b8b29ae775ad8c2e48c5391	证据集成/W3/Batch-09-R1-R3-R4-R5/R4/V015/logs/MPR4-V015-CORR-CANDIDATE-20261006T163206Z.stderr.log	COPY	RUN_LOG		original bytes
W3-R4-MULTIROW-PANEL-RMS-CHAMPION-X	V015	perf(r4): record v015 panel tile result	w3/m1/multirow-panel-rms	b7a02d041d686b162b2d8ea2988b8c880033082d	ab4c2db2017e3987389d0b447dacc527fc7fda9c	05fbbdd0074d3902b7835039d8c70d875a264f6e	503b98cb22ae88798bb6bfca83a46676933f3600	本地实验/MULTIROW-PANEL-RMS-CHAMPION-X/V015/logs/MPR4-V015-CORR-CANDIDATE-20261006T163206Z.stdout.log	100644	7165ba5d08f1885477d7e35348e0aeb659fb408f	证据集成/W3/Batch-09-R1-R3-R4-R5/R4/V015/logs/MPR4-V015-CORR-CANDIDATE-20261006T163206Z.stdout.log	COPY	RUN_LOG		original bytes
W3-R4-MULTIROW-PANEL-RMS-CHAMPION-X	V015	perf(r4): record v015 panel tile result	w3/m1/multirow-panel-rms	b7a02d041d686b162b2d8ea2988b8c880033082d	ab4c2db2017e3987389d0b447dacc527fc7fda9c	05fbbdd0074d3902b7835039d8c70d875a264f6e	503b98cb22ae88798bb6bfca83a46676933f3600	本地实验/MULTIROW-PANEL-RMS-CHAMPION-X/V015/logs/MPR4-V015-CORR-CANDIDATE-20261006T163206Z.tsv	100644	111f2f9d238c39520f2b89c020f87b0a197c4c41	证据集成/W3/Batch-09-R1-R3-R4-R5/R4/V015/logs/MPR4-V015-CORR-CANDIDATE-20261006T163206Z.tsv	COPY	LOCAL_RAW_STATISTICS		original bytes
W3-R4-MULTIROW-PANEL-RMS-CHAMPION-X	V015	perf(r4): record v015 panel tile result	w3/m1/multirow-panel-rms	b7a02d041d686b162b2d8ea2988b8c880033082d	ab4c2db2017e3987389d0b447dacc527fc7fda9c	05fbbdd0074d3902b7835039d8c70d875a264f6e	503b98cb22ae88798bb6bfca83a46676933f3600	本地实验/MULTIROW-PANEL-RMS-CHAMPION-X/V015/logs/MPR4-V015-CORR-PARENT-20261006T163206Z.stderr.log	100644	e69de29bb2d1d6434b8b29ae775ad8c2e48c5391	证据集成/W3/Batch-09-R1-R3-R4-R5/R4/V015/logs/MPR4-V015-CORR-PARENT-20261006T163206Z.stderr.log	COPY	RUN_LOG		original bytes
W3-R4-MULTIROW-PANEL-RMS-CHAMPION-X	V015	perf(r4): record v015 panel tile result	w3/m1/multirow-panel-rms	b7a02d041d686b162b2d8ea2988b8c880033082d	ab4c2db2017e3987389d0b447dacc527fc7fda9c	05fbbdd0074d3902b7835039d8c70d875a264f6e	503b98cb22ae88798bb6bfca83a46676933f3600	本地实验/MULTIROW-PANEL-RMS-CHAMPION-X/V015/logs/MPR4-V015-CORR-PARENT-20261006T163206Z.stdout.log	100644	d206967ae86ca302ee146cebc9e7477265b526b6	证据集成/W3/Batch-09-R1-R3-R4-R5/R4/V015/logs/MPR4-V015-CORR-PARENT-20261006T163206Z.stdout.log	COPY	RUN_LOG		original bytes
W3-R4-MULTIROW-PANEL-RMS-CHAMPION-X	V015	perf(r4): record v015 panel tile result	w3/m1/multirow-panel-rms	b7a02d041d686b162b2d8ea2988b8c880033082d	ab4c2db2017e3987389d0b447dacc527fc7fda9c	05fbbdd0074d3902b7835039d8c70d875a264f6e	503b98cb22ae88798bb6bfca83a46676933f3600	本地实验/MULTIROW-PANEL-RMS-CHAMPION-X/V015/logs/MPR4-V015-CORR-PARENT-20261006T163206Z.tsv	100644	68e08179720d55c6a7d92d8be8559b662410dd05	证据集成/W3/Batch-09-R1-R3-R4-R5/R4/V015/logs/MPR4-V015-CORR-PARENT-20261006T163206Z.tsv	COPY	LOCAL_RAW_STATISTICS		original bytes
W3-R4-MULTIROW-PANEL-RMS-CHAMPION-X	V015	perf(r4): record v015 panel tile result	w3/m1/multirow-panel-rms	b7a02d041d686b162b2d8ea2988b8c880033082d	ab4c2db2017e3987389d0b447dacc527fc7fda9c	05fbbdd0074d3902b7835039d8c70d875a264f6e	503b98cb22ae88798bb6bfca83a46676933f3600	本地实验/MULTIROW-PANEL-RMS-CHAMPION-X/V015/logs/MPR4-V015-POST-CORR-20261006T163206Z.npu-smi.txt	100644	d08f22df9e56f114a293dd8f714f9e69618a7731	证据集成/W3/Batch-09-R1-R3-R4-R5/R4/V015/logs/MPR4-V015-POST-CORR-20261006T163206Z.npu-smi.txt	COPY	LOCAL_CONTEXT_OR_DIAGNOSTIC		original bytes
W3-R4-MULTIROW-PANEL-RMS-CHAMPION-X	V015	perf(r4): record v015 panel tile result	w3/m1/multirow-panel-rms	b7a02d041d686b162b2d8ea2988b8c880033082d	ab4c2db2017e3987389d0b447dacc527fc7fda9c	05fbbdd0074d3902b7835039d8c70d875a264f6e	503b98cb22ae88798bb6bfca83a46676933f3600	本地实验/MULTIROW-PANEL-RMS-CHAMPION-X/V015/logs/MPR4-V015-PRE-CORR-20261006T163206Z.npu-smi.txt	100644	ac588f8e5f0e7ce52f46df7a17a48e24d6de0d6e	证据集成/W3/Batch-09-R1-R3-R4-R5/R4/V015/logs/MPR4-V015-PRE-CORR-20261006T163206Z.npu-smi.txt	COPY	LOCAL_CONTEXT_OR_DIAGNOSTIC		original bytes
W3-R4-MULTIROW-PANEL-RMS-CHAMPION-X	V015	perf(r4): record v015 panel tile result	w3/m1/multirow-panel-rms	b7a02d041d686b162b2d8ea2988b8c880033082d	ab4c2db2017e3987389d0b447dacc527fc7fda9c	05fbbdd0074d3902b7835039d8c70d875a264f6e	503b98cb22ae88798bb6bfca83a46676933f3600	本地实验/MULTIROW-PANEL-RMS-CHAMPION-X/V015/submission.asc	100644	0469e7d4849e1c2a8fd0ec73abf2cf0f9e8d6787		EXCLUDE	CANDIDATE_OR_KERNEL_SOURCE		source retained only by source commit/blob reference
W3-R4-MULTIROW-PANEL-RMS-CHAMPION-X	V015	perf(r4): record v015 panel tile result	w3/m1/multirow-panel-rms	b7a02d041d686b162b2d8ea2988b8c880033082d	ab4c2db2017e3987389d0b447dacc527fc7fda9c	05fbbdd0074d3902b7835039d8c70d875a264f6e	503b98cb22ae88798bb6bfca83a46676933f3600	本地实验/MULTIROW-PANEL-RMS-CHAMPION-X/V015/summary.txt	100644	193f17c7887f85b01cfe9c8a8d956b6f532756fc	证据集成/W3/Batch-09-R1-R3-R4-R5/R4/V015/summary.txt	COPY	LOCAL_CONTEXT_OR_DIAGNOSTIC		original bytes
W3-R4-MULTIROW-PANEL-RMS-CHAMPION-X	V015	perf(r4): record v015 panel tile result	w3/m1/multirow-panel-rms	b7a02d041d686b162b2d8ea2988b8c880033082d	ab4c2db2017e3987389d0b447dacc527fc7fda9c	05fbbdd0074d3902b7835039d8c70d875a264f6e	503b98cb22ae88798bb6bfca83a46676933f3600	本地实验/MULTIROW-PANEL-RMS-CHAMPION-X/V015/support/CMakeLists.txt	100644	26d61167cac3e643a1461b5097915cd02b21f364		EXCLUDE	BUILD_CONFIGURATION		build configuration not copied
W3-R4-MULTIROW-PANEL-RMS-CHAMPION-X	V015	perf(r4): record v015 panel tile result	w3/m1/multirow-panel-rms	b7a02d041d686b162b2d8ea2988b8c880033082d	ab4c2db2017e3987389d0b447dacc527fc7fda9c	05fbbdd0074d3902b7835039d8c70d875a264f6e	503b98cb22ae88798bb6bfca83a46676933f3600	本地实验/MULTIROW-PANEL-RMS-CHAMPION-X/V015/support/build_server3.sh	100644	82f0eac2bf55c2c2688c68543c4dd02207c47863		EXCLUDE	BUILD_OR_EXECUTION_SCRIPT		script not copied
W3-R4-MULTIROW-PANEL-RMS-CHAMPION-X	V015	perf(r4): record v015 panel tile result	w3/m1/multirow-panel-rms	b7a02d041d686b162b2d8ea2988b8c880033082d	ab4c2db2017e3987389d0b447dacc527fc7fda9c	05fbbdd0074d3902b7835039d8c70d875a264f6e	503b98cb22ae88798bb6bfca83a46676933f3600	本地实验/MULTIROW-PANEL-RMS-CHAMPION-X/V015/support/candidate_kernel.asc	100644	3ef7048e01ddd88fb3d4b4a87c0ecb102c75799c		EXCLUDE	CANDIDATE_OR_KERNEL_SOURCE		source retained only by source commit/blob reference
W3-R4-MULTIROW-PANEL-RMS-CHAMPION-X	V015	perf(r4): record v015 panel tile result	w3/m1/multirow-panel-rms	b7a02d041d686b162b2d8ea2988b8c880033082d	ab4c2db2017e3987389d0b447dacc527fc7fda9c	05fbbdd0074d3902b7835039d8c70d875a264f6e	503b98cb22ae88798bb6bfca83a46676933f3600	本地实验/MULTIROW-PANEL-RMS-CHAMPION-X/V015/support/compile_server3.sh	100644	87cc9f07387bbcefd83d88825fb32d0ceec441ec		EXCLUDE	BUILD_OR_EXECUTION_SCRIPT		script not copied
W3-R4-MULTIROW-PANEL-RMS-CHAMPION-X	V015	perf(r4): record v015 panel tile result	w3/m1/multirow-panel-rms	b7a02d041d686b162b2d8ea2988b8c880033082d	ab4c2db2017e3987389d0b447dacc527fc7fda9c	05fbbdd0074d3902b7835039d8c70d875a264f6e	503b98cb22ae88798bb6bfca83a46676933f3600	本地实验/MULTIROW-PANEL-RMS-CHAMPION-X/V015/support/local_abi_shim.h	100644	f52411b2c5f6b614ff1e61f30707250a43cc10d3		EXCLUDE	SUPPORT_SOURCE		source retained only by source commit/blob reference
W3-R4-MULTIROW-PANEL-RMS-CHAMPION-X	V015	perf(r4): record v015 panel tile result	w3/m1/multirow-panel-rms	b7a02d041d686b162b2d8ea2988b8c880033082d	ab4c2db2017e3987389d0b447dacc527fc7fda9c	05fbbdd0074d3902b7835039d8c70d875a264f6e	503b98cb22ae88798bb6bfca83a46676933f3600	本地实验/MULTIROW-PANEL-RMS-CHAMPION-X/V015/support/parent_kernel.asc	100644	9dbb3053c84dc39f4aee7826176ba96b70f413bc		EXCLUDE	CANDIDATE_OR_KERNEL_SOURCE		source retained only by source commit/blob reference
W3-R4-MULTIROW-PANEL-RMS-CHAMPION-X	V015	perf(r4): record v015 panel tile result	w3/m1/multirow-panel-rms	b7a02d041d686b162b2d8ea2988b8c880033082d	ab4c2db2017e3987389d0b447dacc527fc7fda9c	05fbbdd0074d3902b7835039d8c70d875a264f6e	503b98cb22ae88798bb6bfca83a46676933f3600	本地实验/MULTIROW-PANEL-RMS-CHAMPION-X/V015/support/runner_main.cpp	100644	c344fbd6e08908a30453471d90b4ff465ed5b8e5		EXCLUDE	SUPPORT_SOURCE		source retained only by source commit/blob reference
W3-R4-MULTIROW-PANEL-RMS-CHAMPION-X	V016	perf(r4): record v016 panel tile result	w3/m1/multirow-panel-rms	e17c1c574518b9bdba45dc0fdab9d1b9902cc0a8	b7a02d041d686b162b2d8ea2988b8c880033082d	0e2d18a4b0aeaba7207dd73d16795f90e860fee9	503b98cb22ae88798bb6bfca83a46676933f3600	本地实验/MULTIROW-PANEL-RMS-CHAMPION-X/V016/local/20261006T164511Z/paired-fp16-128x12288.tsv	100644	9b176b1277b917ffc81121b03f2f3f4764cfbc8f	证据集成/W3/Batch-09-R1-R3-R4-R5/R4/V016/local/20261006T164511Z/paired-fp16-128x12288.tsv	COPY	LOCAL_RAW_STATISTICS		original bytes
W3-R4-MULTIROW-PANEL-RMS-CHAMPION-X	V016	perf(r4): record v016 panel tile result	w3/m1/multirow-panel-rms	e17c1c574518b9bdba45dc0fdab9d1b9902cc0a8	b7a02d041d686b162b2d8ea2988b8c880033082d	0e2d18a4b0aeaba7207dd73d16795f90e860fee9	503b98cb22ae88798bb6bfca83a46676933f3600	本地实验/MULTIROW-PANEL-RMS-CHAMPION-X/V016/local/20261006T164511Z/post.npu-smi.txt	100644	52af7e22b9742598d16a1b473e7fe29d8eae170d	证据集成/W3/Batch-09-R1-R3-R4-R5/R4/V016/local/20261006T164511Z/post.npu-smi.txt	COPY	LOCAL_CONTEXT_OR_DIAGNOSTIC		original bytes
W3-R4-MULTIROW-PANEL-RMS-CHAMPION-X	V016	perf(r4): record v016 panel tile result	w3/m1/multirow-panel-rms	e17c1c574518b9bdba45dc0fdab9d1b9902cc0a8	b7a02d041d686b162b2d8ea2988b8c880033082d	0e2d18a4b0aeaba7207dd73d16795f90e860fee9	503b98cb22ae88798bb6bfca83a46676933f3600	本地实验/MULTIROW-PANEL-RMS-CHAMPION-X/V016/local/20261006T164511Z/pre.npu-smi.txt	100644	ab5063e7a3cd0b691a43304c7aa242c09188dbf4	证据集成/W3/Batch-09-R1-R3-R4-R5/R4/V016/local/20261006T164511Z/pre.npu-smi.txt	COPY	LOCAL_CONTEXT_OR_DIAGNOSTIC		original bytes
W3-R4-MULTIROW-PANEL-RMS-CHAMPION-X	V016	perf(r4): record v016 panel tile result	w3/m1/multirow-panel-rms	e17c1c574518b9bdba45dc0fdab9d1b9902cc0a8	b7a02d041d686b162b2d8ea2988b8c880033082d	0e2d18a4b0aeaba7207dd73d16795f90e860fee9	503b98cb22ae88798bb6bfca83a46676933f3600	本地实验/MULTIROW-PANEL-RMS-CHAMPION-X/V016/local/20261006T164511Z/runner.stderr.log	100644	e69de29bb2d1d6434b8b29ae775ad8c2e48c5391	证据集成/W3/Batch-09-R1-R3-R4-R5/R4/V016/local/20261006T164511Z/runner.stderr.log	COPY	RUN_LOG		original bytes
W3-R4-MULTIROW-PANEL-RMS-CHAMPION-X	V016	perf(r4): record v016 panel tile result	w3/m1/multirow-panel-rms	e17c1c574518b9bdba45dc0fdab9d1b9902cc0a8	b7a02d041d686b162b2d8ea2988b8c880033082d	0e2d18a4b0aeaba7207dd73d16795f90e860fee9	503b98cb22ae88798bb6bfca83a46676933f3600	本地实验/MULTIROW-PANEL-RMS-CHAMPION-X/V016/local/20261006T164511Z/runner.stdout.log	100644	e69de29bb2d1d6434b8b29ae775ad8c2e48c5391	证据集成/W3/Batch-09-R1-R3-R4-R5/R4/V016/local/20261006T164511Z/runner.stdout.log	COPY	RUN_LOG		original bytes
W3-R4-MULTIROW-PANEL-RMS-CHAMPION-X	V016	perf(r4): record v016 panel tile result	w3/m1/multirow-panel-rms	e17c1c574518b9bdba45dc0fdab9d1b9902cc0a8	b7a02d041d686b162b2d8ea2988b8c880033082d	0e2d18a4b0aeaba7207dd73d16795f90e860fee9	503b98cb22ae88798bb6bfca83a46676933f3600	本地实验/MULTIROW-PANEL-RMS-CHAMPION-X/V016/logs/MPR4-V016-COMPILE-20261006T164253Z.log	100644	149cd6bed47db2f0d5b9d6d711917d9ba23baf73	证据集成/W3/Batch-09-R1-R3-R4-R5/R4/V016/logs/MPR4-V016-COMPILE-20261006T164253Z.log	COPY	COMPILE_LOG		original bytes
W3-R4-MULTIROW-PANEL-RMS-CHAMPION-X	V016	perf(r4): record v016 panel tile result	w3/m1/multirow-panel-rms	e17c1c574518b9bdba45dc0fdab9d1b9902cc0a8	b7a02d041d686b162b2d8ea2988b8c880033082d	0e2d18a4b0aeaba7207dd73d16795f90e860fee9	503b98cb22ae88798bb6bfca83a46676933f3600	本地实验/MULTIROW-PANEL-RMS-CHAMPION-X/V016/logs/MPR4-V016-CORR-CANDIDATE-20261006T164426Z.stderr.log	100644	e69de29bb2d1d6434b8b29ae775ad8c2e48c5391	证据集成/W3/Batch-09-R1-R3-R4-R5/R4/V016/logs/MPR4-V016-CORR-CANDIDATE-20261006T164426Z.stderr.log	COPY	RUN_LOG		original bytes
W3-R4-MULTIROW-PANEL-RMS-CHAMPION-X	V016	perf(r4): record v016 panel tile result	w3/m1/multirow-panel-rms	e17c1c574518b9bdba45dc0fdab9d1b9902cc0a8	b7a02d041d686b162b2d8ea2988b8c880033082d	0e2d18a4b0aeaba7207dd73d16795f90e860fee9	503b98cb22ae88798bb6bfca83a46676933f3600	本地实验/MULTIROW-PANEL-RMS-CHAMPION-X/V016/logs/MPR4-V016-CORR-CANDIDATE-20261006T164426Z.stdout.log	100644	7165ba5d08f1885477d7e35348e0aeb659fb408f	证据集成/W3/Batch-09-R1-R3-R4-R5/R4/V016/logs/MPR4-V016-CORR-CANDIDATE-20261006T164426Z.stdout.log	COPY	RUN_LOG		original bytes
W3-R4-MULTIROW-PANEL-RMS-CHAMPION-X	V016	perf(r4): record v016 panel tile result	w3/m1/multirow-panel-rms	e17c1c574518b9bdba45dc0fdab9d1b9902cc0a8	b7a02d041d686b162b2d8ea2988b8c880033082d	0e2d18a4b0aeaba7207dd73d16795f90e860fee9	503b98cb22ae88798bb6bfca83a46676933f3600	本地实验/MULTIROW-PANEL-RMS-CHAMPION-X/V016/logs/MPR4-V016-CORR-CANDIDATE-20261006T164426Z.tsv	100644	4c6759a6e8e18c743b8c65ffb8dc2d78e548d415	证据集成/W3/Batch-09-R1-R3-R4-R5/R4/V016/logs/MPR4-V016-CORR-CANDIDATE-20261006T164426Z.tsv	COPY	LOCAL_RAW_STATISTICS		original bytes
W3-R4-MULTIROW-PANEL-RMS-CHAMPION-X	V016	perf(r4): record v016 panel tile result	w3/m1/multirow-panel-rms	e17c1c574518b9bdba45dc0fdab9d1b9902cc0a8	b7a02d041d686b162b2d8ea2988b8c880033082d	0e2d18a4b0aeaba7207dd73d16795f90e860fee9	503b98cb22ae88798bb6bfca83a46676933f3600	本地实验/MULTIROW-PANEL-RMS-CHAMPION-X/V016/logs/MPR4-V016-CORR-PARENT-20261006T164426Z.stderr.log	100644	e69de29bb2d1d6434b8b29ae775ad8c2e48c5391	证据集成/W3/Batch-09-R1-R3-R4-R5/R4/V016/logs/MPR4-V016-CORR-PARENT-20261006T164426Z.stderr.log	COPY	RUN_LOG		original bytes
W3-R4-MULTIROW-PANEL-RMS-CHAMPION-X	V016	perf(r4): record v016 panel tile result	w3/m1/multirow-panel-rms	e17c1c574518b9bdba45dc0fdab9d1b9902cc0a8	b7a02d041d686b162b2d8ea2988b8c880033082d	0e2d18a4b0aeaba7207dd73d16795f90e860fee9	503b98cb22ae88798bb6bfca83a46676933f3600	本地实验/MULTIROW-PANEL-RMS-CHAMPION-X/V016/logs/MPR4-V016-CORR-PARENT-20261006T164426Z.stdout.log	100644	d206967ae86ca302ee146cebc9e7477265b526b6	证据集成/W3/Batch-09-R1-R3-R4-R5/R4/V016/logs/MPR4-V016-CORR-PARENT-20261006T164426Z.stdout.log	COPY	RUN_LOG		original bytes
W3-R4-MULTIROW-PANEL-RMS-CHAMPION-X	V016	perf(r4): record v016 panel tile result	w3/m1/multirow-panel-rms	e17c1c574518b9bdba45dc0fdab9d1b9902cc0a8	b7a02d041d686b162b2d8ea2988b8c880033082d	0e2d18a4b0aeaba7207dd73d16795f90e860fee9	503b98cb22ae88798bb6bfca83a46676933f3600	本地实验/MULTIROW-PANEL-RMS-CHAMPION-X/V016/logs/MPR4-V016-CORR-PARENT-20261006T164426Z.tsv	100644	e05b33e110d250d854eef3353cb59ce97b0ab69e	证据集成/W3/Batch-09-R1-R3-R4-R5/R4/V016/logs/MPR4-V016-CORR-PARENT-20261006T164426Z.tsv	COPY	LOCAL_RAW_STATISTICS		original bytes
W3-R4-MULTIROW-PANEL-RMS-CHAMPION-X	V016	perf(r4): record v016 panel tile result	w3/m1/multirow-panel-rms	e17c1c574518b9bdba45dc0fdab9d1b9902cc0a8	b7a02d041d686b162b2d8ea2988b8c880033082d	0e2d18a4b0aeaba7207dd73d16795f90e860fee9	503b98cb22ae88798bb6bfca83a46676933f3600	本地实验/MULTIROW-PANEL-RMS-CHAMPION-X/V016/logs/MPR4-V016-POST-CORR-20261006T164426Z.npu-smi.txt	100644	250959adaeff3b09e43c07959caffd7ce7b8f9df	证据集成/W3/Batch-09-R1-R3-R4-R5/R4/V016/logs/MPR4-V016-POST-CORR-20261006T164426Z.npu-smi.txt	COPY	LOCAL_CONTEXT_OR_DIAGNOSTIC		original bytes
W3-R4-MULTIROW-PANEL-RMS-CHAMPION-X	V016	perf(r4): record v016 panel tile result	w3/m1/multirow-panel-rms	e17c1c574518b9bdba45dc0fdab9d1b9902cc0a8	b7a02d041d686b162b2d8ea2988b8c880033082d	0e2d18a4b0aeaba7207dd73d16795f90e860fee9	503b98cb22ae88798bb6bfca83a46676933f3600	本地实验/MULTIROW-PANEL-RMS-CHAMPION-X/V016/logs/MPR4-V016-PRE-CORR-20261006T164426Z.npu-smi.txt	100644	1a38f6433530d44f7b51ce016a3321942a7d6343	证据集成/W3/Batch-09-R1-R3-R4-R5/R4/V016/logs/MPR4-V016-PRE-CORR-20261006T164426Z.npu-smi.txt	COPY	LOCAL_CONTEXT_OR_DIAGNOSTIC		original bytes
W3-R4-MULTIROW-PANEL-RMS-CHAMPION-X	V016	perf(r4): record v016 panel tile result	w3/m1/multirow-panel-rms	e17c1c574518b9bdba45dc0fdab9d1b9902cc0a8	b7a02d041d686b162b2d8ea2988b8c880033082d	0e2d18a4b0aeaba7207dd73d16795f90e860fee9	503b98cb22ae88798bb6bfca83a46676933f3600	本地实验/MULTIROW-PANEL-RMS-CHAMPION-X/V016/submission.asc	100644	682ccbff8997cfcbabd2228a553f415b5a50b910		EXCLUDE	CANDIDATE_OR_KERNEL_SOURCE		source retained only by source commit/blob reference
W3-R4-MULTIROW-PANEL-RMS-CHAMPION-X	V016	perf(r4): record v016 panel tile result	w3/m1/multirow-panel-rms	e17c1c574518b9bdba45dc0fdab9d1b9902cc0a8	b7a02d041d686b162b2d8ea2988b8c880033082d	0e2d18a4b0aeaba7207dd73d16795f90e860fee9	503b98cb22ae88798bb6bfca83a46676933f3600	本地实验/MULTIROW-PANEL-RMS-CHAMPION-X/V016/summary.txt	100644	6f3273ab5685d5f327ee51bfb80e39dc3815cc25	证据集成/W3/Batch-09-R1-R3-R4-R5/R4/V016/summary.txt	COPY	LOCAL_CONTEXT_OR_DIAGNOSTIC		original bytes
W3-R4-MULTIROW-PANEL-RMS-CHAMPION-X	V016	perf(r4): record v016 panel tile result	w3/m1/multirow-panel-rms	e17c1c574518b9bdba45dc0fdab9d1b9902cc0a8	b7a02d041d686b162b2d8ea2988b8c880033082d	0e2d18a4b0aeaba7207dd73d16795f90e860fee9	503b98cb22ae88798bb6bfca83a46676933f3600	本地实验/MULTIROW-PANEL-RMS-CHAMPION-X/V016/support/CMakeLists.txt	100644	26d61167cac3e643a1461b5097915cd02b21f364		EXCLUDE	BUILD_CONFIGURATION		build configuration not copied
W3-R4-MULTIROW-PANEL-RMS-CHAMPION-X	V016	perf(r4): record v016 panel tile result	w3/m1/multirow-panel-rms	e17c1c574518b9bdba45dc0fdab9d1b9902cc0a8	b7a02d041d686b162b2d8ea2988b8c880033082d	0e2d18a4b0aeaba7207dd73d16795f90e860fee9	503b98cb22ae88798bb6bfca83a46676933f3600	本地实验/MULTIROW-PANEL-RMS-CHAMPION-X/V016/support/build_server3.sh	100644	82f0eac2bf55c2c2688c68543c4dd02207c47863		EXCLUDE	BUILD_OR_EXECUTION_SCRIPT		script not copied
W3-R4-MULTIROW-PANEL-RMS-CHAMPION-X	V016	perf(r4): record v016 panel tile result	w3/m1/multirow-panel-rms	e17c1c574518b9bdba45dc0fdab9d1b9902cc0a8	b7a02d041d686b162b2d8ea2988b8c880033082d	0e2d18a4b0aeaba7207dd73d16795f90e860fee9	503b98cb22ae88798bb6bfca83a46676933f3600	本地实验/MULTIROW-PANEL-RMS-CHAMPION-X/V016/support/candidate_kernel.asc	100644	3ef7048e01ddd88fb3d4b4a87c0ecb102c75799c		EXCLUDE	CANDIDATE_OR_KERNEL_SOURCE		source retained only by source commit/blob reference
W3-R4-MULTIROW-PANEL-RMS-CHAMPION-X	V016	perf(r4): record v016 panel tile result	w3/m1/multirow-panel-rms	e17c1c574518b9bdba45dc0fdab9d1b9902cc0a8	b7a02d041d686b162b2d8ea2988b8c880033082d	0e2d18a4b0aeaba7207dd73d16795f90e860fee9	503b98cb22ae88798bb6bfca83a46676933f3600	本地实验/MULTIROW-PANEL-RMS-CHAMPION-X/V016/support/compile_server3.sh	100644	58e5ae67eba073a359cfa07d7f81b57b2d71fb70		EXCLUDE	BUILD_OR_EXECUTION_SCRIPT		script not copied
W3-R4-MULTIROW-PANEL-RMS-CHAMPION-X	V016	perf(r4): record v016 panel tile result	w3/m1/multirow-panel-rms	e17c1c574518b9bdba45dc0fdab9d1b9902cc0a8	b7a02d041d686b162b2d8ea2988b8c880033082d	0e2d18a4b0aeaba7207dd73d16795f90e860fee9	503b98cb22ae88798bb6bfca83a46676933f3600	本地实验/MULTIROW-PANEL-RMS-CHAMPION-X/V016/support/local_abi_shim.h	100644	f52411b2c5f6b614ff1e61f30707250a43cc10d3		EXCLUDE	SUPPORT_SOURCE		source retained only by source commit/blob reference
W3-R4-MULTIROW-PANEL-RMS-CHAMPION-X	V016	perf(r4): record v016 panel tile result	w3/m1/multirow-panel-rms	e17c1c574518b9bdba45dc0fdab9d1b9902cc0a8	b7a02d041d686b162b2d8ea2988b8c880033082d	0e2d18a4b0aeaba7207dd73d16795f90e860fee9	503b98cb22ae88798bb6bfca83a46676933f3600	本地实验/MULTIROW-PANEL-RMS-CHAMPION-X/V016/support/parent_kernel.asc	100644	9dbb3053c84dc39f4aee7826176ba96b70f413bc		EXCLUDE	CANDIDATE_OR_KERNEL_SOURCE		source retained only by source commit/blob reference
W3-R4-MULTIROW-PANEL-RMS-CHAMPION-X	V016	perf(r4): record v016 panel tile result	w3/m1/multirow-panel-rms	e17c1c574518b9bdba45dc0fdab9d1b9902cc0a8	b7a02d041d686b162b2d8ea2988b8c880033082d	0e2d18a4b0aeaba7207dd73d16795f90e860fee9	503b98cb22ae88798bb6bfca83a46676933f3600	本地实验/MULTIROW-PANEL-RMS-CHAMPION-X/V016/support/runner_main.cpp	100644	c344fbd6e08908a30453471d90b4ff465ed5b8e5		EXCLUDE	SUPPORT_SOURCE		source retained only by source commit/blob reference
W3-R4-MULTIROW-PANEL-RMS-CHAMPION-X	V017	perf(r4): preserve v017 precision failure evidence	w3/m1/multirow-panel-rms	7003082197918489aad322a635e66a0e86e394c7	e17c1c574518b9bdba45dc0fdab9d1b9902cc0a8	2c5bf5da707794158ee57b53a3655d255f661ab7	503b98cb22ae88798bb6bfca83a46676933f3600	本地实验/MULTIROW-PANEL-RMS-CHAMPION-X/V017/logs/MPR4-V017-COMPILE-20261006T165330Z.log	100644	3226a98af1eb59fefd6d075060a7f86f4a92855b	证据集成/W3/Batch-09-R1-R3-R4-R5/R4/V017/logs/MPR4-V017-COMPILE-20261006T165330Z.log	COPY	COMPILE_LOG		original bytes
W3-R4-MULTIROW-PANEL-RMS-CHAMPION-X	V017	perf(r4): preserve v017 precision failure evidence	w3/m1/multirow-panel-rms	7003082197918489aad322a635e66a0e86e394c7	e17c1c574518b9bdba45dc0fdab9d1b9902cc0a8	2c5bf5da707794158ee57b53a3655d255f661ab7	503b98cb22ae88798bb6bfca83a46676933f3600	本地实验/MULTIROW-PANEL-RMS-CHAMPION-X/V017/logs/MPR4-V017-CORR-CANDIDATE-20261006T165459Z.stderr.log	100644	e69de29bb2d1d6434b8b29ae775ad8c2e48c5391	证据集成/W3/Batch-09-R1-R3-R4-R5/R4/V017/logs/MPR4-V017-CORR-CANDIDATE-20261006T165459Z.stderr.log	COPY	RUN_LOG		original bytes
W3-R4-MULTIROW-PANEL-RMS-CHAMPION-X	V017	perf(r4): preserve v017 precision failure evidence	w3/m1/multirow-panel-rms	7003082197918489aad322a635e66a0e86e394c7	e17c1c574518b9bdba45dc0fdab9d1b9902cc0a8	2c5bf5da707794158ee57b53a3655d255f661ab7	503b98cb22ae88798bb6bfca83a46676933f3600	本地实验/MULTIROW-PANEL-RMS-CHAMPION-X/V017/logs/MPR4-V017-CORR-CANDIDATE-20261006T165459Z.stdout.log	100644	b26b5cb55758531c327789a75daf21b97c5c5cfc	证据集成/W3/Batch-09-R1-R3-R4-R5/R4/V017/logs/MPR4-V017-CORR-CANDIDATE-20261006T165459Z.stdout.log	COPY	RUN_LOG		original bytes
W3-R4-MULTIROW-PANEL-RMS-CHAMPION-X	V017	perf(r4): preserve v017 precision failure evidence	w3/m1/multirow-panel-rms	7003082197918489aad322a635e66a0e86e394c7	e17c1c574518b9bdba45dc0fdab9d1b9902cc0a8	2c5bf5da707794158ee57b53a3655d255f661ab7	503b98cb22ae88798bb6bfca83a46676933f3600	本地实验/MULTIROW-PANEL-RMS-CHAMPION-X/V017/logs/MPR4-V017-CORR-CANDIDATE-20261006T165459Z.tsv	100644	1cdeb7df8bc86f8ed735eabf84caea4236deeb8a	证据集成/W3/Batch-09-R1-R3-R4-R5/R4/V017/logs/MPR4-V017-CORR-CANDIDATE-20261006T165459Z.tsv	COPY	LOCAL_RAW_STATISTICS		original bytes
W3-R4-MULTIROW-PANEL-RMS-CHAMPION-X	V017	perf(r4): preserve v017 precision failure evidence	w3/m1/multirow-panel-rms	7003082197918489aad322a635e66a0e86e394c7	e17c1c574518b9bdba45dc0fdab9d1b9902cc0a8	2c5bf5da707794158ee57b53a3655d255f661ab7	503b98cb22ae88798bb6bfca83a46676933f3600	本地实验/MULTIROW-PANEL-RMS-CHAMPION-X/V017/logs/MPR4-V017-CORR-PARENT-20261006T165459Z.stderr.log	100644	e69de29bb2d1d6434b8b29ae775ad8c2e48c5391	证据集成/W3/Batch-09-R1-R3-R4-R5/R4/V017/logs/MPR4-V017-CORR-PARENT-20261006T165459Z.stderr.log	COPY	RUN_LOG		original bytes
W3-R4-MULTIROW-PANEL-RMS-CHAMPION-X	V017	perf(r4): preserve v017 precision failure evidence	w3/m1/multirow-panel-rms	7003082197918489aad322a635e66a0e86e394c7	e17c1c574518b9bdba45dc0fdab9d1b9902cc0a8	2c5bf5da707794158ee57b53a3655d255f661ab7	503b98cb22ae88798bb6bfca83a46676933f3600	本地实验/MULTIROW-PANEL-RMS-CHAMPION-X/V017/logs/MPR4-V017-CORR-PARENT-20261006T165459Z.stdout.log	100644	d206967ae86ca302ee146cebc9e7477265b526b6	证据集成/W3/Batch-09-R1-R3-R4-R5/R4/V017/logs/MPR4-V017-CORR-PARENT-20261006T165459Z.stdout.log	COPY	RUN_LOG		original bytes
W3-R4-MULTIROW-PANEL-RMS-CHAMPION-X	V017	perf(r4): preserve v017 precision failure evidence	w3/m1/multirow-panel-rms	7003082197918489aad322a635e66a0e86e394c7	e17c1c574518b9bdba45dc0fdab9d1b9902cc0a8	2c5bf5da707794158ee57b53a3655d255f661ab7	503b98cb22ae88798bb6bfca83a46676933f3600	本地实验/MULTIROW-PANEL-RMS-CHAMPION-X/V017/logs/MPR4-V017-CORR-PARENT-20261006T165459Z.tsv	100644	20f43932ada0fcec7724ea9963732bc3204f8840	证据集成/W3/Batch-09-R1-R3-R4-R5/R4/V017/logs/MPR4-V017-CORR-PARENT-20261006T165459Z.tsv	COPY	LOCAL_RAW_STATISTICS		original bytes
W3-R4-MULTIROW-PANEL-RMS-CHAMPION-X	V017	perf(r4): preserve v017 precision failure evidence	w3/m1/multirow-panel-rms	7003082197918489aad322a635e66a0e86e394c7	e17c1c574518b9bdba45dc0fdab9d1b9902cc0a8	2c5bf5da707794158ee57b53a3655d255f661ab7	503b98cb22ae88798bb6bfca83a46676933f3600	本地实验/MULTIROW-PANEL-RMS-CHAMPION-X/V017/logs/MPR4-V017-PRE-CORR-20261006T165459Z.npu-smi.txt	100644	cda4db05ee3e866d8c2bca2f9ac4022ad7485b74	证据集成/W3/Batch-09-R1-R3-R4-R5/R4/V017/logs/MPR4-V017-PRE-CORR-20261006T165459Z.npu-smi.txt	COPY	LOCAL_CONTEXT_OR_DIAGNOSTIC		original bytes
W3-R4-MULTIROW-PANEL-RMS-CHAMPION-X	V017	perf(r4): preserve v017 precision failure evidence	w3/m1/multirow-panel-rms	7003082197918489aad322a635e66a0e86e394c7	e17c1c574518b9bdba45dc0fdab9d1b9902cc0a8	2c5bf5da707794158ee57b53a3655d255f661ab7	503b98cb22ae88798bb6bfca83a46676933f3600	本地实验/MULTIROW-PANEL-RMS-CHAMPION-X/V017/submission.asc	100644	08b763f64cee925c46c90d8a206f8045d71b4ca8		EXCLUDE	CANDIDATE_OR_KERNEL_SOURCE		source retained only by source commit/blob reference
W3-R4-MULTIROW-PANEL-RMS-CHAMPION-X	V017	perf(r4): preserve v017 precision failure evidence	w3/m1/multirow-panel-rms	7003082197918489aad322a635e66a0e86e394c7	e17c1c574518b9bdba45dc0fdab9d1b9902cc0a8	2c5bf5da707794158ee57b53a3655d255f661ab7	503b98cb22ae88798bb6bfca83a46676933f3600	本地实验/MULTIROW-PANEL-RMS-CHAMPION-X/V017/summary.txt	100644	2f5987582d5bdbf130b3c5c274616f523eacd1ed	证据集成/W3/Batch-09-R1-R3-R4-R5/R4/V017/summary.txt	COPY	LOCAL_CONTEXT_OR_DIAGNOSTIC		original bytes
W3-R4-MULTIROW-PANEL-RMS-CHAMPION-X	V017	perf(r4): preserve v017 precision failure evidence	w3/m1/multirow-panel-rms	7003082197918489aad322a635e66a0e86e394c7	e17c1c574518b9bdba45dc0fdab9d1b9902cc0a8	2c5bf5da707794158ee57b53a3655d255f661ab7	503b98cb22ae88798bb6bfca83a46676933f3600	本地实验/MULTIROW-PANEL-RMS-CHAMPION-X/V017/support/CMakeLists.txt	100644	26d61167cac3e643a1461b5097915cd02b21f364		EXCLUDE	BUILD_CONFIGURATION		build configuration not copied
W3-R4-MULTIROW-PANEL-RMS-CHAMPION-X	V017	perf(r4): preserve v017 precision failure evidence	w3/m1/multirow-panel-rms	7003082197918489aad322a635e66a0e86e394c7	e17c1c574518b9bdba45dc0fdab9d1b9902cc0a8	2c5bf5da707794158ee57b53a3655d255f661ab7	503b98cb22ae88798bb6bfca83a46676933f3600	本地实验/MULTIROW-PANEL-RMS-CHAMPION-X/V017/support/build_server3.sh	100644	82f0eac2bf55c2c2688c68543c4dd02207c47863		EXCLUDE	BUILD_OR_EXECUTION_SCRIPT		script not copied
W3-R4-MULTIROW-PANEL-RMS-CHAMPION-X	V017	perf(r4): preserve v017 precision failure evidence	w3/m1/multirow-panel-rms	7003082197918489aad322a635e66a0e86e394c7	e17c1c574518b9bdba45dc0fdab9d1b9902cc0a8	2c5bf5da707794158ee57b53a3655d255f661ab7	503b98cb22ae88798bb6bfca83a46676933f3600	本地实验/MULTIROW-PANEL-RMS-CHAMPION-X/V017/support/candidate_kernel.asc	100644	3ef7048e01ddd88fb3d4b4a87c0ecb102c75799c		EXCLUDE	CANDIDATE_OR_KERNEL_SOURCE		source retained only by source commit/blob reference
W3-R4-MULTIROW-PANEL-RMS-CHAMPION-X	V017	perf(r4): preserve v017 precision failure evidence	w3/m1/multirow-panel-rms	7003082197918489aad322a635e66a0e86e394c7	e17c1c574518b9bdba45dc0fdab9d1b9902cc0a8	2c5bf5da707794158ee57b53a3655d255f661ab7	503b98cb22ae88798bb6bfca83a46676933f3600	本地实验/MULTIROW-PANEL-RMS-CHAMPION-X/V017/support/compile_server3.sh	100644	07b142d212620b68421f92fc05cb900b479c6096		EXCLUDE	BUILD_OR_EXECUTION_SCRIPT		script not copied
W3-R4-MULTIROW-PANEL-RMS-CHAMPION-X	V017	perf(r4): preserve v017 precision failure evidence	w3/m1/multirow-panel-rms	7003082197918489aad322a635e66a0e86e394c7	e17c1c574518b9bdba45dc0fdab9d1b9902cc0a8	2c5bf5da707794158ee57b53a3655d255f661ab7	503b98cb22ae88798bb6bfca83a46676933f3600	本地实验/MULTIROW-PANEL-RMS-CHAMPION-X/V017/support/local_abi_shim.h	100644	f52411b2c5f6b614ff1e61f30707250a43cc10d3		EXCLUDE	SUPPORT_SOURCE		source retained only by source commit/blob reference
W3-R4-MULTIROW-PANEL-RMS-CHAMPION-X	V017	perf(r4): preserve v017 precision failure evidence	w3/m1/multirow-panel-rms	7003082197918489aad322a635e66a0e86e394c7	e17c1c574518b9bdba45dc0fdab9d1b9902cc0a8	2c5bf5da707794158ee57b53a3655d255f661ab7	503b98cb22ae88798bb6bfca83a46676933f3600	本地实验/MULTIROW-PANEL-RMS-CHAMPION-X/V017/support/parent_kernel.asc	100644	9dbb3053c84dc39f4aee7826176ba96b70f413bc		EXCLUDE	CANDIDATE_OR_KERNEL_SOURCE		source retained only by source commit/blob reference
W3-R4-MULTIROW-PANEL-RMS-CHAMPION-X	V017	perf(r4): preserve v017 precision failure evidence	w3/m1/multirow-panel-rms	7003082197918489aad322a635e66a0e86e394c7	e17c1c574518b9bdba45dc0fdab9d1b9902cc0a8	2c5bf5da707794158ee57b53a3655d255f661ab7	503b98cb22ae88798bb6bfca83a46676933f3600	本地实验/MULTIROW-PANEL-RMS-CHAMPION-X/V017/support/runner_main.cpp	100644	c344fbd6e08908a30453471d90b4ff465ed5b8e5		EXCLUDE	SUPPORT_SOURCE		source retained only by source commit/blob reference
W3-R4-MULTIROW-PANEL-RMS-CHAMPION-X	V018	perf(r4): record v018 direct y tile writeback	w3/m1/multirow-panel-rms	fb86afca24662f4c5f056833627043a31aa70dd6	7003082197918489aad322a635e66a0e86e394c7	9c0b9433b7deff4b89c1e817eecd662b6428ca54	503b98cb22ae88798bb6bfca83a46676933f3600	本地实验/MULTIROW-PANEL-RMS-CHAMPION-X/V018/local/MPR4-V018-LOCAL-20261006T171539Z/MPR4-V018-LOCAL-20261006T171539Z.status.txt	100644	38eee5d6e6651467b7acc9329fcad72ec2170d70	证据集成/W3/Batch-09-R1-R3-R4-R5/R4/V018/local/MPR4-V018-LOCAL-20261006T171539Z/MPR4-V018-LOCAL-20261006T171539Z.status.txt	COPY	LOCAL_CONTEXT_OR_DIAGNOSTIC		original bytes
W3-R4-MULTIROW-PANEL-RMS-CHAMPION-X	V018	perf(r4): record v018 direct y tile writeback	w3/m1/multirow-panel-rms	fb86afca24662f4c5f056833627043a31aa70dd6	7003082197918489aad322a635e66a0e86e394c7	9c0b9433b7deff4b89c1e817eecd662b6428ca54	503b98cb22ae88798bb6bfca83a46676933f3600	本地实验/MULTIROW-PANEL-RMS-CHAMPION-X/V018/local/MPR4-V018-LOCAL-20261006T171539Z/paired-fp16-128x12288.tsv	100644	6168a9337132983f473a7bb5f8fb3d0231cf1551	证据集成/W3/Batch-09-R1-R3-R4-R5/R4/V018/local/MPR4-V018-LOCAL-20261006T171539Z/paired-fp16-128x12288.tsv	COPY	LOCAL_RAW_STATISTICS		original bytes
W3-R4-MULTIROW-PANEL-RMS-CHAMPION-X	V018	perf(r4): record v018 direct y tile writeback	w3/m1/multirow-panel-rms	fb86afca24662f4c5f056833627043a31aa70dd6	7003082197918489aad322a635e66a0e86e394c7	9c0b9433b7deff4b89c1e817eecd662b6428ca54	503b98cb22ae88798bb6bfca83a46676933f3600	本地实验/MULTIROW-PANEL-RMS-CHAMPION-X/V018/local/MPR4-V018-LOCAL-20261006T171539Z/post.loadavg.txt	100644	8dfa114620bc82d8ec1477b4a5e81c68079290ee	证据集成/W3/Batch-09-R1-R3-R4-R5/R4/V018/local/MPR4-V018-LOCAL-20261006T171539Z/post.loadavg.txt	COPY	LOCAL_CONTEXT_OR_DIAGNOSTIC		original bytes
W3-R4-MULTIROW-PANEL-RMS-CHAMPION-X	V018	perf(r4): record v018 direct y tile writeback	w3/m1/multirow-panel-rms	fb86afca24662f4c5f056833627043a31aa70dd6	7003082197918489aad322a635e66a0e86e394c7	9c0b9433b7deff4b89c1e817eecd662b6428ca54	503b98cb22ae88798bb6bfca83a46676933f3600	本地实验/MULTIROW-PANEL-RMS-CHAMPION-X/V018/local/MPR4-V018-LOCAL-20261006T171539Z/post.npu-smi.txt	100644	6320de843d6e142e92fb6678e8c401b1e7c60406	证据集成/W3/Batch-09-R1-R3-R4-R5/R4/V018/local/MPR4-V018-LOCAL-20261006T171539Z/post.npu-smi.txt	COPY	LOCAL_CONTEXT_OR_DIAGNOSTIC		original bytes
W3-R4-MULTIROW-PANEL-RMS-CHAMPION-X	V018	perf(r4): record v018 direct y tile writeback	w3/m1/multirow-panel-rms	fb86afca24662f4c5f056833627043a31aa70dd6	7003082197918489aad322a635e66a0e86e394c7	9c0b9433b7deff4b89c1e817eecd662b6428ca54	503b98cb22ae88798bb6bfca83a46676933f3600	本地实验/MULTIROW-PANEL-RMS-CHAMPION-X/V018/local/MPR4-V018-LOCAL-20261006T171539Z/pre.loadavg.txt	100644	bce5b13f4a4547fa0b9c13db0701751d3de86c8f	证据集成/W3/Batch-09-R1-R3-R4-R5/R4/V018/local/MPR4-V018-LOCAL-20261006T171539Z/pre.loadavg.txt	COPY	LOCAL_CONTEXT_OR_DIAGNOSTIC		original bytes
W3-R4-MULTIROW-PANEL-RMS-CHAMPION-X	V018	perf(r4): record v018 direct y tile writeback	w3/m1/multirow-panel-rms	fb86afca24662f4c5f056833627043a31aa70dd6	7003082197918489aad322a635e66a0e86e394c7	9c0b9433b7deff4b89c1e817eecd662b6428ca54	503b98cb22ae88798bb6bfca83a46676933f3600	本地实验/MULTIROW-PANEL-RMS-CHAMPION-X/V018/local/MPR4-V018-LOCAL-20261006T171539Z/pre.npu-smi.txt	100644	9d9577368d2be3854fe9a6e44acb29378c25c68d	证据集成/W3/Batch-09-R1-R3-R4-R5/R4/V018/local/MPR4-V018-LOCAL-20261006T171539Z/pre.npu-smi.txt	COPY	LOCAL_CONTEXT_OR_DIAGNOSTIC		original bytes
W3-R4-MULTIROW-PANEL-RMS-CHAMPION-X	V018	perf(r4): record v018 direct y tile writeback	w3/m1/multirow-panel-rms	fb86afca24662f4c5f056833627043a31aa70dd6	7003082197918489aad322a635e66a0e86e394c7	9c0b9433b7deff4b89c1e817eecd662b6428ca54	503b98cb22ae88798bb6bfca83a46676933f3600	本地实验/MULTIROW-PANEL-RMS-CHAMPION-X/V018/local/MPR4-V018-LOCAL-20261006T171539Z/runner.stderr.log	100644	e69de29bb2d1d6434b8b29ae775ad8c2e48c5391	证据集成/W3/Batch-09-R1-R3-R4-R5/R4/V018/local/MPR4-V018-LOCAL-20261006T171539Z/runner.stderr.log	COPY	RUN_LOG		original bytes
W3-R4-MULTIROW-PANEL-RMS-CHAMPION-X	V018	perf(r4): record v018 direct y tile writeback	w3/m1/multirow-panel-rms	fb86afca24662f4c5f056833627043a31aa70dd6	7003082197918489aad322a635e66a0e86e394c7	9c0b9433b7deff4b89c1e817eecd662b6428ca54	503b98cb22ae88798bb6bfca83a46676933f3600	本地实验/MULTIROW-PANEL-RMS-CHAMPION-X/V018/local/MPR4-V018-LOCAL-20261006T171539Z/runner.stdout.log	100644	e69de29bb2d1d6434b8b29ae775ad8c2e48c5391	证据集成/W3/Batch-09-R1-R3-R4-R5/R4/V018/local/MPR4-V018-LOCAL-20261006T171539Z/runner.stdout.log	COPY	RUN_LOG		original bytes
W3-R4-MULTIROW-PANEL-RMS-CHAMPION-X	V018	perf(r4): record v018 direct y tile writeback	w3/m1/multirow-panel-rms	fb86afca24662f4c5f056833627043a31aa70dd6	7003082197918489aad322a635e66a0e86e394c7	9c0b9433b7deff4b89c1e817eecd662b6428ca54	503b98cb22ae88798bb6bfca83a46676933f3600	本地实验/MULTIROW-PANEL-RMS-CHAMPION-X/V018/logs/MPR4-V018-COMPILE-20261006T171044Z.log	100644	d8ca4129f924a819085f1fe81c722a316acfb94b	证据集成/W3/Batch-09-R1-R3-R4-R5/R4/V018/logs/MPR4-V018-COMPILE-20261006T171044Z.log	COPY	COMPILE_LOG		original bytes
W3-R4-MULTIROW-PANEL-RMS-CHAMPION-X	V018	perf(r4): record v018 direct y tile writeback	w3/m1/multirow-panel-rms	fb86afca24662f4c5f056833627043a31aa70dd6	7003082197918489aad322a635e66a0e86e394c7	9c0b9433b7deff4b89c1e817eecd662b6428ca54	503b98cb22ae88798bb6bfca83a46676933f3600	本地实验/MULTIROW-PANEL-RMS-CHAMPION-X/V018/logs/MPR4-V018-CORR-20261006T171258Z.parent.stdout.log	100644	8f0a5b7d870a4cd8d9e0fb92c3630e618db919d2	证据集成/W3/Batch-09-R1-R3-R4-R5/R4/V018/logs/MPR4-V018-CORR-20261006T171258Z.parent.stdout.log	COPY	RUN_LOG		original bytes
W3-R4-MULTIROW-PANEL-RMS-CHAMPION-X	V018	perf(r4): record v018 direct y tile writeback	w3/m1/multirow-panel-rms	fb86afca24662f4c5f056833627043a31aa70dd6	7003082197918489aad322a635e66a0e86e394c7	9c0b9433b7deff4b89c1e817eecd662b6428ca54	503b98cb22ae88798bb6bfca83a46676933f3600	本地实验/MULTIROW-PANEL-RMS-CHAMPION-X/V018/logs/MPR4-V018-CORR-20261006T171258Z.post.npu-smi.txt	100644	748257744d6e5ab91f3693b9489fb6a321c67487	证据集成/W3/Batch-09-R1-R3-R4-R5/R4/V018/logs/MPR4-V018-CORR-20261006T171258Z.post.npu-smi.txt	COPY	LOCAL_CONTEXT_OR_DIAGNOSTIC		original bytes
W3-R4-MULTIROW-PANEL-RMS-CHAMPION-X	V018	perf(r4): record v018 direct y tile writeback	w3/m1/multirow-panel-rms	fb86afca24662f4c5f056833627043a31aa70dd6	7003082197918489aad322a635e66a0e86e394c7	9c0b9433b7deff4b89c1e817eecd662b6428ca54	503b98cb22ae88798bb6bfca83a46676933f3600	本地实验/MULTIROW-PANEL-RMS-CHAMPION-X/V018/logs/MPR4-V018-CORR-20261006T171258Z.pre.npu-smi.txt	100644	748257744d6e5ab91f3693b9489fb6a321c67487	证据集成/W3/Batch-09-R1-R3-R4-R5/R4/V018/logs/MPR4-V018-CORR-20261006T171258Z.pre.npu-smi.txt	COPY	LOCAL_CONTEXT_OR_DIAGNOSTIC		original bytes
W3-R4-MULTIROW-PANEL-RMS-CHAMPION-X	V018	perf(r4): record v018 direct y tile writeback	w3/m1/multirow-panel-rms	fb86afca24662f4c5f056833627043a31aa70dd6	7003082197918489aad322a635e66a0e86e394c7	9c0b9433b7deff4b89c1e817eecd662b6428ca54	503b98cb22ae88798bb6bfca83a46676933f3600	本地实验/MULTIROW-PANEL-RMS-CHAMPION-X/V018/logs/MPR4-V018-CORR-20261006T171258Z.runner-launch-failure.log	100644	1f49a1b9f060ebeab0b13cfe1c419bcd76f6c8bc	证据集成/W3/Batch-09-R1-R3-R4-R5/R4/V018/logs/MPR4-V018-CORR-20261006T171258Z.runner-launch-failure.log	COPY	RUN_LOG		original bytes
W3-R4-MULTIROW-PANEL-RMS-CHAMPION-X	V018	perf(r4): record v018 direct y tile writeback	w3/m1/multirow-panel-rms	fb86afca24662f4c5f056833627043a31aa70dd6	7003082197918489aad322a635e66a0e86e394c7	9c0b9433b7deff4b89c1e817eecd662b6428ca54	503b98cb22ae88798bb6bfca83a46676933f3600	本地实验/MULTIROW-PANEL-RMS-CHAMPION-X/V018/logs/MPR4-V018-CORR-20261006T171258Z.status.txt	100644	bd44d28d23eed8725bf28307fe498a0b1f26be6c	证据集成/W3/Batch-09-R1-R3-R4-R5/R4/V018/logs/MPR4-V018-CORR-20261006T171258Z.status.txt	COPY	LOCAL_CONTEXT_OR_DIAGNOSTIC		original bytes
W3-R4-MULTIROW-PANEL-RMS-CHAMPION-X	V018	perf(r4): record v018 direct y tile writeback	w3/m1/multirow-panel-rms	fb86afca24662f4c5f056833627043a31aa70dd6	7003082197918489aad322a635e66a0e86e394c7	9c0b9433b7deff4b89c1e817eecd662b6428ca54	503b98cb22ae88798bb6bfca83a46676933f3600	本地实验/MULTIROW-PANEL-RMS-CHAMPION-X/V018/logs/MPR4-V018-CORR-20261006T171427Z.candidate.stdout.log	100644	7165ba5d08f1885477d7e35348e0aeb659fb408f	证据集成/W3/Batch-09-R1-R3-R4-R5/R4/V018/logs/MPR4-V018-CORR-20261006T171427Z.candidate.stdout.log	COPY	RUN_LOG		original bytes
W3-R4-MULTIROW-PANEL-RMS-CHAMPION-X	V018	perf(r4): record v018 direct y tile writeback	w3/m1/multirow-panel-rms	fb86afca24662f4c5f056833627043a31aa70dd6	7003082197918489aad322a635e66a0e86e394c7	9c0b9433b7deff4b89c1e817eecd662b6428ca54	503b98cb22ae88798bb6bfca83a46676933f3600	本地实验/MULTIROW-PANEL-RMS-CHAMPION-X/V018/logs/MPR4-V018-CORR-20261006T171427Z.candidate.tsv	100644	cfc544f3f699cdfe0a97ab1a2673ba24709f4b08	证据集成/W3/Batch-09-R1-R3-R4-R5/R4/V018/logs/MPR4-V018-CORR-20261006T171427Z.candidate.tsv	COPY	LOCAL_RAW_STATISTICS		original bytes
W3-R4-MULTIROW-PANEL-RMS-CHAMPION-X	V018	perf(r4): record v018 direct y tile writeback	w3/m1/multirow-panel-rms	fb86afca24662f4c5f056833627043a31aa70dd6	7003082197918489aad322a635e66a0e86e394c7	9c0b9433b7deff4b89c1e817eecd662b6428ca54	503b98cb22ae88798bb6bfca83a46676933f3600	本地实验/MULTIROW-PANEL-RMS-CHAMPION-X/V018/logs/MPR4-V018-CORR-20261006T171427Z.parent.stdout.log	100644	d206967ae86ca302ee146cebc9e7477265b526b6	证据集成/W3/Batch-09-R1-R3-R4-R5/R4/V018/logs/MPR4-V018-CORR-20261006T171427Z.parent.stdout.log	COPY	RUN_LOG		original bytes
W3-R4-MULTIROW-PANEL-RMS-CHAMPION-X	V018	perf(r4): record v018 direct y tile writeback	w3/m1/multirow-panel-rms	fb86afca24662f4c5f056833627043a31aa70dd6	7003082197918489aad322a635e66a0e86e394c7	9c0b9433b7deff4b89c1e817eecd662b6428ca54	503b98cb22ae88798bb6bfca83a46676933f3600	本地实验/MULTIROW-PANEL-RMS-CHAMPION-X/V018/logs/MPR4-V018-CORR-20261006T171427Z.parent.tsv	100644	6de87e0646152947f14f0d82019e4d36ab164aaa	证据集成/W3/Batch-09-R1-R3-R4-R5/R4/V018/logs/MPR4-V018-CORR-20261006T171427Z.parent.tsv	COPY	LOCAL_RAW_STATISTICS		original bytes
W3-R4-MULTIROW-PANEL-RMS-CHAMPION-X	V018	perf(r4): record v018 direct y tile writeback	w3/m1/multirow-panel-rms	fb86afca24662f4c5f056833627043a31aa70dd6	7003082197918489aad322a635e66a0e86e394c7	9c0b9433b7deff4b89c1e817eecd662b6428ca54	503b98cb22ae88798bb6bfca83a46676933f3600	本地实验/MULTIROW-PANEL-RMS-CHAMPION-X/V018/logs/MPR4-V018-CORR-20261006T171427Z.post.npu-smi.txt	100644	bcfbf8864938353a0f112de64163ac4765f2d568	证据集成/W3/Batch-09-R1-R3-R4-R5/R4/V018/logs/MPR4-V018-CORR-20261006T171427Z.post.npu-smi.txt	COPY	LOCAL_CONTEXT_OR_DIAGNOSTIC		original bytes
W3-R4-MULTIROW-PANEL-RMS-CHAMPION-X	V018	perf(r4): record v018 direct y tile writeback	w3/m1/multirow-panel-rms	fb86afca24662f4c5f056833627043a31aa70dd6	7003082197918489aad322a635e66a0e86e394c7	9c0b9433b7deff4b89c1e817eecd662b6428ca54	503b98cb22ae88798bb6bfca83a46676933f3600	本地实验/MULTIROW-PANEL-RMS-CHAMPION-X/V018/logs/MPR4-V018-CORR-20261006T171427Z.pre.npu-smi.txt	100644	88f70f6e409334d9143fb9cf813e248a8ec9d14a	证据集成/W3/Batch-09-R1-R3-R4-R5/R4/V018/logs/MPR4-V018-CORR-20261006T171427Z.pre.npu-smi.txt	COPY	LOCAL_CONTEXT_OR_DIAGNOSTIC		original bytes
W3-R4-MULTIROW-PANEL-RMS-CHAMPION-X	V018	perf(r4): record v018 direct y tile writeback	w3/m1/multirow-panel-rms	fb86afca24662f4c5f056833627043a31aa70dd6	7003082197918489aad322a635e66a0e86e394c7	9c0b9433b7deff4b89c1e817eecd662b6428ca54	503b98cb22ae88798bb6bfca83a46676933f3600	本地实验/MULTIROW-PANEL-RMS-CHAMPION-X/V018/logs/MPR4-V018-CORR-20261006T171427Z.status.txt	100644	08c6290014ade458b3b42f90ed64597ed3a862ed	证据集成/W3/Batch-09-R1-R3-R4-R5/R4/V018/logs/MPR4-V018-CORR-20261006T171427Z.status.txt	COPY	LOCAL_CONTEXT_OR_DIAGNOSTIC		original bytes
W3-R4-MULTIROW-PANEL-RMS-CHAMPION-X	V018	perf(r4): record v018 direct y tile writeback	w3/m1/multirow-panel-rms	fb86afca24662f4c5f056833627043a31aa70dd6	7003082197918489aad322a635e66a0e86e394c7	9c0b9433b7deff4b89c1e817eecd662b6428ca54	503b98cb22ae88798bb6bfca83a46676933f3600	本地实验/MULTIROW-PANEL-RMS-CHAMPION-X/V018/submission.asc	100644	e22196fc82bf356eebf40b9037f98bfbc526d316		EXCLUDE	CANDIDATE_OR_KERNEL_SOURCE		source retained only by source commit/blob reference
W3-R4-MULTIROW-PANEL-RMS-CHAMPION-X	V018	perf(r4): record v018 direct y tile writeback	w3/m1/multirow-panel-rms	fb86afca24662f4c5f056833627043a31aa70dd6	7003082197918489aad322a635e66a0e86e394c7	9c0b9433b7deff4b89c1e817eecd662b6428ca54	503b98cb22ae88798bb6bfca83a46676933f3600	本地实验/MULTIROW-PANEL-RMS-CHAMPION-X/V018/summary.txt	100644	8cc067971f213846a02eb31cebf9451a44e45117	证据集成/W3/Batch-09-R1-R3-R4-R5/R4/V018/summary.txt	COPY	LOCAL_CONTEXT_OR_DIAGNOSTIC		original bytes
W3-R4-MULTIROW-PANEL-RMS-CHAMPION-X	V018	perf(r4): record v018 direct y tile writeback	w3/m1/multirow-panel-rms	fb86afca24662f4c5f056833627043a31aa70dd6	7003082197918489aad322a635e66a0e86e394c7	9c0b9433b7deff4b89c1e817eecd662b6428ca54	503b98cb22ae88798bb6bfca83a46676933f3600	本地实验/MULTIROW-PANEL-RMS-CHAMPION-X/V018/support/CMakeLists.txt	100644	26d61167cac3e643a1461b5097915cd02b21f364		EXCLUDE	BUILD_CONFIGURATION		build configuration not copied
W3-R4-MULTIROW-PANEL-RMS-CHAMPION-X	V018	perf(r4): record v018 direct y tile writeback	w3/m1/multirow-panel-rms	fb86afca24662f4c5f056833627043a31aa70dd6	7003082197918489aad322a635e66a0e86e394c7	9c0b9433b7deff4b89c1e817eecd662b6428ca54	503b98cb22ae88798bb6bfca83a46676933f3600	本地实验/MULTIROW-PANEL-RMS-CHAMPION-X/V018/support/build_server3.sh	100644	82f0eac2bf55c2c2688c68543c4dd02207c47863		EXCLUDE	BUILD_OR_EXECUTION_SCRIPT		script not copied
W3-R4-MULTIROW-PANEL-RMS-CHAMPION-X	V018	perf(r4): record v018 direct y tile writeback	w3/m1/multirow-panel-rms	fb86afca24662f4c5f056833627043a31aa70dd6	7003082197918489aad322a635e66a0e86e394c7	9c0b9433b7deff4b89c1e817eecd662b6428ca54	503b98cb22ae88798bb6bfca83a46676933f3600	本地实验/MULTIROW-PANEL-RMS-CHAMPION-X/V018/support/candidate_kernel.asc	100644	3ef7048e01ddd88fb3d4b4a87c0ecb102c75799c		EXCLUDE	CANDIDATE_OR_KERNEL_SOURCE		source retained only by source commit/blob reference
W3-R4-MULTIROW-PANEL-RMS-CHAMPION-X	V018	perf(r4): record v018 direct y tile writeback	w3/m1/multirow-panel-rms	fb86afca24662f4c5f056833627043a31aa70dd6	7003082197918489aad322a635e66a0e86e394c7	9c0b9433b7deff4b89c1e817eecd662b6428ca54	503b98cb22ae88798bb6bfca83a46676933f3600	本地实验/MULTIROW-PANEL-RMS-CHAMPION-X/V018/support/compile_server3.sh	100644	ee9e30b24d3d7fbe943af126e3d58259b96dbc63		EXCLUDE	BUILD_OR_EXECUTION_SCRIPT		script not copied
W3-R4-MULTIROW-PANEL-RMS-CHAMPION-X	V018	perf(r4): record v018 direct y tile writeback	w3/m1/multirow-panel-rms	fb86afca24662f4c5f056833627043a31aa70dd6	7003082197918489aad322a635e66a0e86e394c7	9c0b9433b7deff4b89c1e817eecd662b6428ca54	503b98cb22ae88798bb6bfca83a46676933f3600	本地实验/MULTIROW-PANEL-RMS-CHAMPION-X/V018/support/local_abi_shim.h	100644	f52411b2c5f6b614ff1e61f30707250a43cc10d3		EXCLUDE	SUPPORT_SOURCE		source retained only by source commit/blob reference
W3-R4-MULTIROW-PANEL-RMS-CHAMPION-X	V018	perf(r4): record v018 direct y tile writeback	w3/m1/multirow-panel-rms	fb86afca24662f4c5f056833627043a31aa70dd6	7003082197918489aad322a635e66a0e86e394c7	9c0b9433b7deff4b89c1e817eecd662b6428ca54	503b98cb22ae88798bb6bfca83a46676933f3600	本地实验/MULTIROW-PANEL-RMS-CHAMPION-X/V018/support/parent_kernel.asc	100644	9dbb3053c84dc39f4aee7826176ba96b70f413bc		EXCLUDE	CANDIDATE_OR_KERNEL_SOURCE		source retained only by source commit/blob reference
W3-R4-MULTIROW-PANEL-RMS-CHAMPION-X	V018	perf(r4): record v018 direct y tile writeback	w3/m1/multirow-panel-rms	fb86afca24662f4c5f056833627043a31aa70dd6	7003082197918489aad322a635e66a0e86e394c7	9c0b9433b7deff4b89c1e817eecd662b6428ca54	503b98cb22ae88798bb6bfca83a46676933f3600	本地实验/MULTIROW-PANEL-RMS-CHAMPION-X/V018/support/runner_main.cpp	100644	c344fbd6e08908a30453471d90b4ff465ed5b8e5		EXCLUDE	SUPPORT_SOURCE		source retained only by source commit/blob reference
W3-R4-MULTIROW-PANEL-RMS-CHAMPION-X	V019	perf(r4): record v019 tile width 6400	w3/m1/multirow-panel-rms	b4e17a792eaee4e7df6701d60f7756145ab0e665	fb86afca24662f4c5f056833627043a31aa70dd6	06feb8950e0cb931115e7f6c327f706d3aed2f19	503b98cb22ae88798bb6bfca83a46676933f3600	本地实验/MULTIROW-PANEL-RMS-CHAMPION-X/V019/local/MPR4-V019-LOCAL-20261006T173434Z/PARENT-MISMATCH-NOTE.txt	100644	c17033aee6e67c4260acdbe856e9c83483556184	证据集成/W3/Batch-09-R1-R3-R4-R5/R4/V019/local/MPR4-V019-LOCAL-20261006T173434Z/PARENT-MISMATCH-NOTE.txt	COPY	LOCAL_CONTEXT_OR_DIAGNOSTIC		original bytes
W3-R4-MULTIROW-PANEL-RMS-CHAMPION-X	V019	perf(r4): record v019 tile width 6400	w3/m1/multirow-panel-rms	b4e17a792eaee4e7df6701d60f7756145ab0e665	fb86afca24662f4c5f056833627043a31aa70dd6	06feb8950e0cb931115e7f6c327f706d3aed2f19	503b98cb22ae88798bb6bfca83a46676933f3600	本地实验/MULTIROW-PANEL-RMS-CHAMPION-X/V019/local/MPR4-V019-LOCAL-20261006T173434Z/paired-fp16-128x12288.tsv	100644	3a0090c4e20eccd2e4631acefaa1790dfdfbb9ed	证据集成/W3/Batch-09-R1-R3-R4-R5/R4/V019/local/MPR4-V019-LOCAL-20261006T173434Z/paired-fp16-128x12288.tsv	COPY	LOCAL_RAW_STATISTICS		original bytes
W3-R4-MULTIROW-PANEL-RMS-CHAMPION-X	V019	perf(r4): record v019 tile width 6400	w3/m1/multirow-panel-rms	b4e17a792eaee4e7df6701d60f7756145ab0e665	fb86afca24662f4c5f056833627043a31aa70dd6	06feb8950e0cb931115e7f6c327f706d3aed2f19	503b98cb22ae88798bb6bfca83a46676933f3600	本地实验/MULTIROW-PANEL-RMS-CHAMPION-X/V019/local/MPR4-V019-LOCAL-20261006T173434Z/post.loadavg.txt	100644	5c301c13819cef0b5067570670e443da6b1cc08c	证据集成/W3/Batch-09-R1-R3-R4-R5/R4/V019/local/MPR4-V019-LOCAL-20261006T173434Z/post.loadavg.txt	COPY	LOCAL_CONTEXT_OR_DIAGNOSTIC		original bytes
W3-R4-MULTIROW-PANEL-RMS-CHAMPION-X	V019	perf(r4): record v019 tile width 6400	w3/m1/multirow-panel-rms	b4e17a792eaee4e7df6701d60f7756145ab0e665	fb86afca24662f4c5f056833627043a31aa70dd6	06feb8950e0cb931115e7f6c327f706d3aed2f19	503b98cb22ae88798bb6bfca83a46676933f3600	本地实验/MULTIROW-PANEL-RMS-CHAMPION-X/V019/local/MPR4-V019-LOCAL-20261006T173434Z/post.npu-smi.txt	100644	bb5e94a10ff0fa98b6b00351993d228087046c8d	证据集成/W3/Batch-09-R1-R3-R4-R5/R4/V019/local/MPR4-V019-LOCAL-20261006T173434Z/post.npu-smi.txt	COPY	LOCAL_CONTEXT_OR_DIAGNOSTIC		original bytes
W3-R4-MULTIROW-PANEL-RMS-CHAMPION-X	V019	perf(r4): record v019 tile width 6400	w3/m1/multirow-panel-rms	b4e17a792eaee4e7df6701d60f7756145ab0e665	fb86afca24662f4c5f056833627043a31aa70dd6	06feb8950e0cb931115e7f6c327f706d3aed2f19	503b98cb22ae88798bb6bfca83a46676933f3600	本地实验/MULTIROW-PANEL-RMS-CHAMPION-X/V019/local/MPR4-V019-LOCAL-20261006T173434Z/pre.loadavg.txt	100644	6d0c4bd2391628bb79968d1d068c2737657b90b9	证据集成/W3/Batch-09-R1-R3-R4-R5/R4/V019/local/MPR4-V019-LOCAL-20261006T173434Z/pre.loadavg.txt	COPY	LOCAL_CONTEXT_OR_DIAGNOSTIC		original bytes
W3-R4-MULTIROW-PANEL-RMS-CHAMPION-X	V019	perf(r4): record v019 tile width 6400	w3/m1/multirow-panel-rms	b4e17a792eaee4e7df6701d60f7756145ab0e665	fb86afca24662f4c5f056833627043a31aa70dd6	06feb8950e0cb931115e7f6c327f706d3aed2f19	503b98cb22ae88798bb6bfca83a46676933f3600	本地实验/MULTIROW-PANEL-RMS-CHAMPION-X/V019/local/MPR4-V019-LOCAL-20261006T173434Z/pre.npu-smi.txt	100644	2f4eb54ca00d80f858df402b72f15e6c9b2606e8	证据集成/W3/Batch-09-R1-R3-R4-R5/R4/V019/local/MPR4-V019-LOCAL-20261006T173434Z/pre.npu-smi.txt	COPY	LOCAL_CONTEXT_OR_DIAGNOSTIC		original bytes
W3-R4-MULTIROW-PANEL-RMS-CHAMPION-X	V019	perf(r4): record v019 tile width 6400	w3/m1/multirow-panel-rms	b4e17a792eaee4e7df6701d60f7756145ab0e665	fb86afca24662f4c5f056833627043a31aa70dd6	06feb8950e0cb931115e7f6c327f706d3aed2f19	503b98cb22ae88798bb6bfca83a46676933f3600	本地实验/MULTIROW-PANEL-RMS-CHAMPION-X/V019/local/MPR4-V019-LOCAL-20261006T173434Z/runner.stderr.log	100644	e69de29bb2d1d6434b8b29ae775ad8c2e48c5391	证据集成/W3/Batch-09-R1-R3-R4-R5/R4/V019/local/MPR4-V019-LOCAL-20261006T173434Z/runner.stderr.log	COPY	RUN_LOG		original bytes
W3-R4-MULTIROW-PANEL-RMS-CHAMPION-X	V019	perf(r4): record v019 tile width 6400	w3/m1/multirow-panel-rms	b4e17a792eaee4e7df6701d60f7756145ab0e665	fb86afca24662f4c5f056833627043a31aa70dd6	06feb8950e0cb931115e7f6c327f706d3aed2f19	503b98cb22ae88798bb6bfca83a46676933f3600	本地实验/MULTIROW-PANEL-RMS-CHAMPION-X/V019/local/MPR4-V019-LOCAL-20261006T173434Z/runner.stdout.log	100644	e69de29bb2d1d6434b8b29ae775ad8c2e48c5391	证据集成/W3/Batch-09-R1-R3-R4-R5/R4/V019/local/MPR4-V019-LOCAL-20261006T173434Z/runner.stdout.log	COPY	RUN_LOG		original bytes
W3-R4-MULTIROW-PANEL-RMS-CHAMPION-X	V019	perf(r4): record v019 tile width 6400	w3/m1/multirow-panel-rms	b4e17a792eaee4e7df6701d60f7756145ab0e665	fb86afca24662f4c5f056833627043a31aa70dd6	06feb8950e0cb931115e7f6c327f706d3aed2f19	503b98cb22ae88798bb6bfca83a46676933f3600	本地实验/MULTIROW-PANEL-RMS-CHAMPION-X/V019/local/MPR4-V019-LOCAL-20261006T173434Z/status.txt	100644	2263eca7441b7fc92a92f05edf7e119b410a14f0	证据集成/W3/Batch-09-R1-R3-R4-R5/R4/V019/local/MPR4-V019-LOCAL-20261006T173434Z/status.txt	COPY	LOCAL_CONTEXT_OR_DIAGNOSTIC		original bytes
W3-R4-MULTIROW-PANEL-RMS-CHAMPION-X	V019	perf(r4): record v019 tile width 6400	w3/m1/multirow-panel-rms	b4e17a792eaee4e7df6701d60f7756145ab0e665	fb86afca24662f4c5f056833627043a31aa70dd6	06feb8950e0cb931115e7f6c327f706d3aed2f19	503b98cb22ae88798bb6bfca83a46676933f3600	本地实验/MULTIROW-PANEL-RMS-CHAMPION-X/V019/local/MPR4-V019-LOCAL-20261006T174332Z/paired-fp16-128x12288.tsv	100644	530b480f5e72d8d29dea2175b7332446d79471c0	证据集成/W3/Batch-09-R1-R3-R4-R5/R4/V019/local/MPR4-V019-LOCAL-20261006T174332Z/paired-fp16-128x12288.tsv	COPY	LOCAL_RAW_STATISTICS		original bytes
W3-R4-MULTIROW-PANEL-RMS-CHAMPION-X	V019	perf(r4): record v019 tile width 6400	w3/m1/multirow-panel-rms	b4e17a792eaee4e7df6701d60f7756145ab0e665	fb86afca24662f4c5f056833627043a31aa70dd6	06feb8950e0cb931115e7f6c327f706d3aed2f19	503b98cb22ae88798bb6bfca83a46676933f3600	本地实验/MULTIROW-PANEL-RMS-CHAMPION-X/V019/local/MPR4-V019-LOCAL-20261006T174332Z/post.loadavg.txt	100644	695dc94912f775161037352b75ae6cf7814dcc56	证据集成/W3/Batch-09-R1-R3-R4-R5/R4/V019/local/MPR4-V019-LOCAL-20261006T174332Z/post.loadavg.txt	COPY	LOCAL_CONTEXT_OR_DIAGNOSTIC		original bytes
W3-R4-MULTIROW-PANEL-RMS-CHAMPION-X	V019	perf(r4): record v019 tile width 6400	w3/m1/multirow-panel-rms	b4e17a792eaee4e7df6701d60f7756145ab0e665	fb86afca24662f4c5f056833627043a31aa70dd6	06feb8950e0cb931115e7f6c327f706d3aed2f19	503b98cb22ae88798bb6bfca83a46676933f3600	本地实验/MULTIROW-PANEL-RMS-CHAMPION-X/V019/local/MPR4-V019-LOCAL-20261006T174332Z/post.npu-smi.txt	100644	ae5ea23d0fc5977be26b4a06421a90017fcd584d	证据集成/W3/Batch-09-R1-R3-R4-R5/R4/V019/local/MPR4-V019-LOCAL-20261006T174332Z/post.npu-smi.txt	COPY	LOCAL_CONTEXT_OR_DIAGNOSTIC		original bytes
W3-R4-MULTIROW-PANEL-RMS-CHAMPION-X	V019	perf(r4): record v019 tile width 6400	w3/m1/multirow-panel-rms	b4e17a792eaee4e7df6701d60f7756145ab0e665	fb86afca24662f4c5f056833627043a31aa70dd6	06feb8950e0cb931115e7f6c327f706d3aed2f19	503b98cb22ae88798bb6bfca83a46676933f3600	本地实验/MULTIROW-PANEL-RMS-CHAMPION-X/V019/local/MPR4-V019-LOCAL-20261006T174332Z/pre.loadavg.txt	100644	db5ff1ad77abd964d283882124c3e920761919fd	证据集成/W3/Batch-09-R1-R3-R4-R5/R4/V019/local/MPR4-V019-LOCAL-20261006T174332Z/pre.loadavg.txt	COPY	LOCAL_CONTEXT_OR_DIAGNOSTIC		original bytes
W3-R4-MULTIROW-PANEL-RMS-CHAMPION-X	V019	perf(r4): record v019 tile width 6400	w3/m1/multirow-panel-rms	b4e17a792eaee4e7df6701d60f7756145ab0e665	fb86afca24662f4c5f056833627043a31aa70dd6	06feb8950e0cb931115e7f6c327f706d3aed2f19	503b98cb22ae88798bb6bfca83a46676933f3600	本地实验/MULTIROW-PANEL-RMS-CHAMPION-X/V019/local/MPR4-V019-LOCAL-20261006T174332Z/pre.npu-smi.txt	100644	22fa613689302050beb509e5bbd8dde1e164625b	证据集成/W3/Batch-09-R1-R3-R4-R5/R4/V019/local/MPR4-V019-LOCAL-20261006T174332Z/pre.npu-smi.txt	COPY	LOCAL_CONTEXT_OR_DIAGNOSTIC		original bytes
W3-R4-MULTIROW-PANEL-RMS-CHAMPION-X	V019	perf(r4): record v019 tile width 6400	w3/m1/multirow-panel-rms	b4e17a792eaee4e7df6701d60f7756145ab0e665	fb86afca24662f4c5f056833627043a31aa70dd6	06feb8950e0cb931115e7f6c327f706d3aed2f19	503b98cb22ae88798bb6bfca83a46676933f3600	本地实验/MULTIROW-PANEL-RMS-CHAMPION-X/V019/local/MPR4-V019-LOCAL-20261006T174332Z/runner.stderr.log	100644	e69de29bb2d1d6434b8b29ae775ad8c2e48c5391	证据集成/W3/Batch-09-R1-R3-R4-R5/R4/V019/local/MPR4-V019-LOCAL-20261006T174332Z/runner.stderr.log	COPY	RUN_LOG		original bytes
W3-R4-MULTIROW-PANEL-RMS-CHAMPION-X	V019	perf(r4): record v019 tile width 6400	w3/m1/multirow-panel-rms	b4e17a792eaee4e7df6701d60f7756145ab0e665	fb86afca24662f4c5f056833627043a31aa70dd6	06feb8950e0cb931115e7f6c327f706d3aed2f19	503b98cb22ae88798bb6bfca83a46676933f3600	本地实验/MULTIROW-PANEL-RMS-CHAMPION-X/V019/local/MPR4-V019-LOCAL-20261006T174332Z/runner.stdout.log	100644	e69de29bb2d1d6434b8b29ae775ad8c2e48c5391	证据集成/W3/Batch-09-R1-R3-R4-R5/R4/V019/local/MPR4-V019-LOCAL-20261006T174332Z/runner.stdout.log	COPY	RUN_LOG		original bytes
W3-R4-MULTIROW-PANEL-RMS-CHAMPION-X	V019	perf(r4): record v019 tile width 6400	w3/m1/multirow-panel-rms	b4e17a792eaee4e7df6701d60f7756145ab0e665	fb86afca24662f4c5f056833627043a31aa70dd6	06feb8950e0cb931115e7f6c327f706d3aed2f19	503b98cb22ae88798bb6bfca83a46676933f3600	本地实验/MULTIROW-PANEL-RMS-CHAMPION-X/V019/local/MPR4-V019-LOCAL-20261006T174332Z/status.txt	100644	90377b72f5e681bba7f3171d1419ca4bc2c7b46e	证据集成/W3/Batch-09-R1-R3-R4-R5/R4/V019/local/MPR4-V019-LOCAL-20261006T174332Z/status.txt	COPY	LOCAL_CONTEXT_OR_DIAGNOSTIC		original bytes
W3-R4-MULTIROW-PANEL-RMS-CHAMPION-X	V019	perf(r4): record v019 tile width 6400	w3/m1/multirow-panel-rms	b4e17a792eaee4e7df6701d60f7756145ab0e665	fb86afca24662f4c5f056833627043a31aa70dd6	06feb8950e0cb931115e7f6c327f706d3aed2f19	503b98cb22ae88798bb6bfca83a46676933f3600	本地实验/MULTIROW-PANEL-RMS-CHAMPION-X/V019/logs/MPR4-V019-COMPILE-20261006T173154Z.log	100644	368ace9e609c5f3ab56ebbdd99fa6493671433bf	证据集成/W3/Batch-09-R1-R3-R4-R5/R4/V019/logs/MPR4-V019-COMPILE-20261006T173154Z.log	COPY	COMPILE_LOG		original bytes
W3-R4-MULTIROW-PANEL-RMS-CHAMPION-X	V019	perf(r4): record v019 tile width 6400	w3/m1/multirow-panel-rms	b4e17a792eaee4e7df6701d60f7756145ab0e665	fb86afca24662f4c5f056833627043a31aa70dd6	06feb8950e0cb931115e7f6c327f706d3aed2f19	503b98cb22ae88798bb6bfca83a46676933f3600	本地实验/MULTIROW-PANEL-RMS-CHAMPION-X/V019/logs/MPR4-V019-COMPILE-20261006T174044Z.log	100644	f5000deae69336d49f90ddff1640c001a8ec0a3b	证据集成/W3/Batch-09-R1-R3-R4-R5/R4/V019/logs/MPR4-V019-COMPILE-20261006T174044Z.log	COPY	COMPILE_LOG		original bytes
W3-R4-MULTIROW-PANEL-RMS-CHAMPION-X	V019	perf(r4): record v019 tile width 6400	w3/m1/multirow-panel-rms	b4e17a792eaee4e7df6701d60f7756145ab0e665	fb86afca24662f4c5f056833627043a31aa70dd6	06feb8950e0cb931115e7f6c327f706d3aed2f19	503b98cb22ae88798bb6bfca83a46676933f3600	本地实验/MULTIROW-PANEL-RMS-CHAMPION-X/V019/logs/MPR4-V019-CORR-20261006T173337Z.candidate.stdout.log	100644	7165ba5d08f1885477d7e35348e0aeb659fb408f	证据集成/W3/Batch-09-R1-R3-R4-R5/R4/V019/logs/MPR4-V019-CORR-20261006T173337Z.candidate.stdout.log	COPY	RUN_LOG		original bytes
W3-R4-MULTIROW-PANEL-RMS-CHAMPION-X	V019	perf(r4): record v019 tile width 6400	w3/m1/multirow-panel-rms	b4e17a792eaee4e7df6701d60f7756145ab0e665	fb86afca24662f4c5f056833627043a31aa70dd6	06feb8950e0cb931115e7f6c327f706d3aed2f19	503b98cb22ae88798bb6bfca83a46676933f3600	本地实验/MULTIROW-PANEL-RMS-CHAMPION-X/V019/logs/MPR4-V019-CORR-20261006T173337Z.candidate.tsv	100644	c4022a7851ca19c53c6cd5d3d2f5bcffa81ce98b	证据集成/W3/Batch-09-R1-R3-R4-R5/R4/V019/logs/MPR4-V019-CORR-20261006T173337Z.candidate.tsv	COPY	LOCAL_RAW_STATISTICS		original bytes
W3-R4-MULTIROW-PANEL-RMS-CHAMPION-X	V019	perf(r4): record v019 tile width 6400	w3/m1/multirow-panel-rms	b4e17a792eaee4e7df6701d60f7756145ab0e665	fb86afca24662f4c5f056833627043a31aa70dd6	06feb8950e0cb931115e7f6c327f706d3aed2f19	503b98cb22ae88798bb6bfca83a46676933f3600	本地实验/MULTIROW-PANEL-RMS-CHAMPION-X/V019/logs/MPR4-V019-CORR-20261006T173337Z.parent.stdout.log	100644	d206967ae86ca302ee146cebc9e7477265b526b6	证据集成/W3/Batch-09-R1-R3-R4-R5/R4/V019/logs/MPR4-V019-CORR-20261006T173337Z.parent.stdout.log	COPY	RUN_LOG		original bytes
W3-R4-MULTIROW-PANEL-RMS-CHAMPION-X	V019	perf(r4): record v019 tile width 6400	w3/m1/multirow-panel-rms	b4e17a792eaee4e7df6701d60f7756145ab0e665	fb86afca24662f4c5f056833627043a31aa70dd6	06feb8950e0cb931115e7f6c327f706d3aed2f19	503b98cb22ae88798bb6bfca83a46676933f3600	本地实验/MULTIROW-PANEL-RMS-CHAMPION-X/V019/logs/MPR4-V019-CORR-20261006T173337Z.parent.tsv	100644	40897ec0a33e307eefa9510a1a16711a594df3ba	证据集成/W3/Batch-09-R1-R3-R4-R5/R4/V019/logs/MPR4-V019-CORR-20261006T173337Z.parent.tsv	COPY	LOCAL_RAW_STATISTICS		original bytes
W3-R4-MULTIROW-PANEL-RMS-CHAMPION-X	V019	perf(r4): record v019 tile width 6400	w3/m1/multirow-panel-rms	b4e17a792eaee4e7df6701d60f7756145ab0e665	fb86afca24662f4c5f056833627043a31aa70dd6	06feb8950e0cb931115e7f6c327f706d3aed2f19	503b98cb22ae88798bb6bfca83a46676933f3600	本地实验/MULTIROW-PANEL-RMS-CHAMPION-X/V019/logs/MPR4-V019-CORR-20261006T173337Z.post.npu-smi.txt	100644	b3e8e2bdc4c836edab395971740872c2d0a89d5f	证据集成/W3/Batch-09-R1-R3-R4-R5/R4/V019/logs/MPR4-V019-CORR-20261006T173337Z.post.npu-smi.txt	COPY	LOCAL_CONTEXT_OR_DIAGNOSTIC		original bytes
W3-R4-MULTIROW-PANEL-RMS-CHAMPION-X	V019	perf(r4): record v019 tile width 6400	w3/m1/multirow-panel-rms	b4e17a792eaee4e7df6701d60f7756145ab0e665	fb86afca24662f4c5f056833627043a31aa70dd6	06feb8950e0cb931115e7f6c327f706d3aed2f19	503b98cb22ae88798bb6bfca83a46676933f3600	本地实验/MULTIROW-PANEL-RMS-CHAMPION-X/V019/logs/MPR4-V019-CORR-20261006T173337Z.pre.npu-smi.txt	100644	5826e9b0c1acfc329fc117b4e8c9d4a19ea976c9	证据集成/W3/Batch-09-R1-R3-R4-R5/R4/V019/logs/MPR4-V019-CORR-20261006T173337Z.pre.npu-smi.txt	COPY	LOCAL_CONTEXT_OR_DIAGNOSTIC		original bytes
W3-R4-MULTIROW-PANEL-RMS-CHAMPION-X	V019	perf(r4): record v019 tile width 6400	w3/m1/multirow-panel-rms	b4e17a792eaee4e7df6701d60f7756145ab0e665	fb86afca24662f4c5f056833627043a31aa70dd6	06feb8950e0cb931115e7f6c327f706d3aed2f19	503b98cb22ae88798bb6bfca83a46676933f3600	本地实验/MULTIROW-PANEL-RMS-CHAMPION-X/V019/logs/MPR4-V019-CORR-20261006T173337Z.status.txt	100644	4127c58a2fa74b53115f2a89241c4f61e74e9847	证据集成/W3/Batch-09-R1-R3-R4-R5/R4/V019/logs/MPR4-V019-CORR-20261006T173337Z.status.txt	COPY	LOCAL_CONTEXT_OR_DIAGNOSTIC		original bytes
W3-R4-MULTIROW-PANEL-RMS-CHAMPION-X	V019	perf(r4): record v019 tile width 6400	w3/m1/multirow-panel-rms	b4e17a792eaee4e7df6701d60f7756145ab0e665	fb86afca24662f4c5f056833627043a31aa70dd6	06feb8950e0cb931115e7f6c327f706d3aed2f19	503b98cb22ae88798bb6bfca83a46676933f3600	本地实验/MULTIROW-PANEL-RMS-CHAMPION-X/V019/logs/MPR4-V019-CORR-20261006T174214Z.candidate.stdout.log	100644	7165ba5d08f1885477d7e35348e0aeb659fb408f	证据集成/W3/Batch-09-R1-R3-R4-R5/R4/V019/logs/MPR4-V019-CORR-20261006T174214Z.candidate.stdout.log	COPY	RUN_LOG		original bytes
W3-R4-MULTIROW-PANEL-RMS-CHAMPION-X	V019	perf(r4): record v019 tile width 6400	w3/m1/multirow-panel-rms	b4e17a792eaee4e7df6701d60f7756145ab0e665	fb86afca24662f4c5f056833627043a31aa70dd6	06feb8950e0cb931115e7f6c327f706d3aed2f19	503b98cb22ae88798bb6bfca83a46676933f3600	本地实验/MULTIROW-PANEL-RMS-CHAMPION-X/V019/logs/MPR4-V019-CORR-20261006T174214Z.candidate.tsv	100644	b373140e032ca0c16ea311a8c571b35e54c11194	证据集成/W3/Batch-09-R1-R3-R4-R5/R4/V019/logs/MPR4-V019-CORR-20261006T174214Z.candidate.tsv	COPY	LOCAL_RAW_STATISTICS		original bytes
W3-R4-MULTIROW-PANEL-RMS-CHAMPION-X	V019	perf(r4): record v019 tile width 6400	w3/m1/multirow-panel-rms	b4e17a792eaee4e7df6701d60f7756145ab0e665	fb86afca24662f4c5f056833627043a31aa70dd6	06feb8950e0cb931115e7f6c327f706d3aed2f19	503b98cb22ae88798bb6bfca83a46676933f3600	本地实验/MULTIROW-PANEL-RMS-CHAMPION-X/V019/logs/MPR4-V019-CORR-20261006T174214Z.parent.stdout.log	100644	d206967ae86ca302ee146cebc9e7477265b526b6	证据集成/W3/Batch-09-R1-R3-R4-R5/R4/V019/logs/MPR4-V019-CORR-20261006T174214Z.parent.stdout.log	COPY	RUN_LOG		original bytes
W3-R4-MULTIROW-PANEL-RMS-CHAMPION-X	V019	perf(r4): record v019 tile width 6400	w3/m1/multirow-panel-rms	b4e17a792eaee4e7df6701d60f7756145ab0e665	fb86afca24662f4c5f056833627043a31aa70dd6	06feb8950e0cb931115e7f6c327f706d3aed2f19	503b98cb22ae88798bb6bfca83a46676933f3600	本地实验/MULTIROW-PANEL-RMS-CHAMPION-X/V019/logs/MPR4-V019-CORR-20261006T174214Z.parent.tsv	100644	6021faeca025d94edb136198a2b11ab3e2400b69	证据集成/W3/Batch-09-R1-R3-R4-R5/R4/V019/logs/MPR4-V019-CORR-20261006T174214Z.parent.tsv	COPY	LOCAL_RAW_STATISTICS		original bytes
W3-R4-MULTIROW-PANEL-RMS-CHAMPION-X	V019	perf(r4): record v019 tile width 6400	w3/m1/multirow-panel-rms	b4e17a792eaee4e7df6701d60f7756145ab0e665	fb86afca24662f4c5f056833627043a31aa70dd6	06feb8950e0cb931115e7f6c327f706d3aed2f19	503b98cb22ae88798bb6bfca83a46676933f3600	本地实验/MULTIROW-PANEL-RMS-CHAMPION-X/V019/logs/MPR4-V019-CORR-20261006T174214Z.post.npu-smi.txt	100644	f311c8c74ac636db6de7b0109ad56dcb5a2a9957	证据集成/W3/Batch-09-R1-R3-R4-R5/R4/V019/logs/MPR4-V019-CORR-20261006T174214Z.post.npu-smi.txt	COPY	LOCAL_CONTEXT_OR_DIAGNOSTIC		original bytes
W3-R4-MULTIROW-PANEL-RMS-CHAMPION-X	V019	perf(r4): record v019 tile width 6400	w3/m1/multirow-panel-rms	b4e17a792eaee4e7df6701d60f7756145ab0e665	fb86afca24662f4c5f056833627043a31aa70dd6	06feb8950e0cb931115e7f6c327f706d3aed2f19	503b98cb22ae88798bb6bfca83a46676933f3600	本地实验/MULTIROW-PANEL-RMS-CHAMPION-X/V019/logs/MPR4-V019-CORR-20261006T174214Z.pre.npu-smi.txt	100644	f438f98651ec95737fc0501fa6e8df0f95fbc783	证据集成/W3/Batch-09-R1-R3-R4-R5/R4/V019/logs/MPR4-V019-CORR-20261006T174214Z.pre.npu-smi.txt	COPY	LOCAL_CONTEXT_OR_DIAGNOSTIC		original bytes
W3-R4-MULTIROW-PANEL-RMS-CHAMPION-X	V019	perf(r4): record v019 tile width 6400	w3/m1/multirow-panel-rms	b4e17a792eaee4e7df6701d60f7756145ab0e665	fb86afca24662f4c5f056833627043a31aa70dd6	06feb8950e0cb931115e7f6c327f706d3aed2f19	503b98cb22ae88798bb6bfca83a46676933f3600	本地实验/MULTIROW-PANEL-RMS-CHAMPION-X/V019/logs/MPR4-V019-CORR-20261006T174214Z.status.txt	100644	1b9ad3dd09d7cde7fd8ceaaf07b69edf71f94f1a	证据集成/W3/Batch-09-R1-R3-R4-R5/R4/V019/logs/MPR4-V019-CORR-20261006T174214Z.status.txt	COPY	LOCAL_CONTEXT_OR_DIAGNOSTIC		original bytes
W3-R4-MULTIROW-PANEL-RMS-CHAMPION-X	V019	perf(r4): record v019 tile width 6400	w3/m1/multirow-panel-rms	b4e17a792eaee4e7df6701d60f7756145ab0e665	fb86afca24662f4c5f056833627043a31aa70dd6	06feb8950e0cb931115e7f6c327f706d3aed2f19	503b98cb22ae88798bb6bfca83a46676933f3600	本地实验/MULTIROW-PANEL-RMS-CHAMPION-X/V019/logs/MPR4-V019-parent-selection-note.txt	100644	dbda0a6fda9b98f63ee2965f3e8fe81a0c284f58	证据集成/W3/Batch-09-R1-R3-R4-R5/R4/V019/logs/MPR4-V019-parent-selection-note.txt	COPY	LOCAL_CONTEXT_OR_DIAGNOSTIC		original bytes
W3-R4-MULTIROW-PANEL-RMS-CHAMPION-X	V019	perf(r4): record v019 tile width 6400	w3/m1/multirow-panel-rms	b4e17a792eaee4e7df6701d60f7756145ab0e665	fb86afca24662f4c5f056833627043a31aa70dd6	06feb8950e0cb931115e7f6c327f706d3aed2f19	503b98cb22ae88798bb6bfca83a46676933f3600	本地实验/MULTIROW-PANEL-RMS-CHAMPION-X/V019/submission.asc	100644	26f7d9346d175964d9dd13d4f2cae5eb011a6b7e		EXCLUDE	CANDIDATE_OR_KERNEL_SOURCE		source retained only by source commit/blob reference
W3-R4-MULTIROW-PANEL-RMS-CHAMPION-X	V019	perf(r4): record v019 tile width 6400	w3/m1/multirow-panel-rms	b4e17a792eaee4e7df6701d60f7756145ab0e665	fb86afca24662f4c5f056833627043a31aa70dd6	06feb8950e0cb931115e7f6c327f706d3aed2f19	503b98cb22ae88798bb6bfca83a46676933f3600	本地实验/MULTIROW-PANEL-RMS-CHAMPION-X/V019/summary.txt	100644	77c57e183bebcd81eaf520f6005c3e08c7dad8ec	证据集成/W3/Batch-09-R1-R3-R4-R5/R4/V019/summary.txt	COPY	LOCAL_CONTEXT_OR_DIAGNOSTIC		original bytes
W3-R4-MULTIROW-PANEL-RMS-CHAMPION-X	V019	perf(r4): record v019 tile width 6400	w3/m1/multirow-panel-rms	b4e17a792eaee4e7df6701d60f7756145ab0e665	fb86afca24662f4c5f056833627043a31aa70dd6	06feb8950e0cb931115e7f6c327f706d3aed2f19	503b98cb22ae88798bb6bfca83a46676933f3600	本地实验/MULTIROW-PANEL-RMS-CHAMPION-X/V019/support/CMakeLists.txt	100644	26d61167cac3e643a1461b5097915cd02b21f364		EXCLUDE	BUILD_CONFIGURATION		build configuration not copied
W3-R4-MULTIROW-PANEL-RMS-CHAMPION-X	V019	perf(r4): record v019 tile width 6400	w3/m1/multirow-panel-rms	b4e17a792eaee4e7df6701d60f7756145ab0e665	fb86afca24662f4c5f056833627043a31aa70dd6	06feb8950e0cb931115e7f6c327f706d3aed2f19	503b98cb22ae88798bb6bfca83a46676933f3600	本地实验/MULTIROW-PANEL-RMS-CHAMPION-X/V019/support/build_server3.sh	100644	82f0eac2bf55c2c2688c68543c4dd02207c47863		EXCLUDE	BUILD_OR_EXECUTION_SCRIPT		script not copied
W3-R4-MULTIROW-PANEL-RMS-CHAMPION-X	V019	perf(r4): record v019 tile width 6400	w3/m1/multirow-panel-rms	b4e17a792eaee4e7df6701d60f7756145ab0e665	fb86afca24662f4c5f056833627043a31aa70dd6	06feb8950e0cb931115e7f6c327f706d3aed2f19	503b98cb22ae88798bb6bfca83a46676933f3600	本地实验/MULTIROW-PANEL-RMS-CHAMPION-X/V019/support/candidate_kernel.asc	100644	3ef7048e01ddd88fb3d4b4a87c0ecb102c75799c		EXCLUDE	CANDIDATE_OR_KERNEL_SOURCE		source retained only by source commit/blob reference
W3-R4-MULTIROW-PANEL-RMS-CHAMPION-X	V019	perf(r4): record v019 tile width 6400	w3/m1/multirow-panel-rms	b4e17a792eaee4e7df6701d60f7756145ab0e665	fb86afca24662f4c5f056833627043a31aa70dd6	06feb8950e0cb931115e7f6c327f706d3aed2f19	503b98cb22ae88798bb6bfca83a46676933f3600	本地实验/MULTIROW-PANEL-RMS-CHAMPION-X/V019/support/compile_server3.sh	100644	36093887d3b8535f93151c245c6f34903dfd5b1c		EXCLUDE	BUILD_OR_EXECUTION_SCRIPT		script not copied
W3-R4-MULTIROW-PANEL-RMS-CHAMPION-X	V019	perf(r4): record v019 tile width 6400	w3/m1/multirow-panel-rms	b4e17a792eaee4e7df6701d60f7756145ab0e665	fb86afca24662f4c5f056833627043a31aa70dd6	06feb8950e0cb931115e7f6c327f706d3aed2f19	503b98cb22ae88798bb6bfca83a46676933f3600	本地实验/MULTIROW-PANEL-RMS-CHAMPION-X/V019/support/local_abi_shim.h	100644	f52411b2c5f6b614ff1e61f30707250a43cc10d3		EXCLUDE	SUPPORT_SOURCE		source retained only by source commit/blob reference
W3-R4-MULTIROW-PANEL-RMS-CHAMPION-X	V019	perf(r4): record v019 tile width 6400	w3/m1/multirow-panel-rms	b4e17a792eaee4e7df6701d60f7756145ab0e665	fb86afca24662f4c5f056833627043a31aa70dd6	06feb8950e0cb931115e7f6c327f706d3aed2f19	503b98cb22ae88798bb6bfca83a46676933f3600	本地实验/MULTIROW-PANEL-RMS-CHAMPION-X/V019/support/parent_kernel.asc	100644	9dbb3053c84dc39f4aee7826176ba96b70f413bc		EXCLUDE	CANDIDATE_OR_KERNEL_SOURCE		source retained only by source commit/blob reference
W3-R4-MULTIROW-PANEL-RMS-CHAMPION-X	V019	perf(r4): record v019 tile width 6400	w3/m1/multirow-panel-rms	b4e17a792eaee4e7df6701d60f7756145ab0e665	fb86afca24662f4c5f056833627043a31aa70dd6	06feb8950e0cb931115e7f6c327f706d3aed2f19	503b98cb22ae88798bb6bfca83a46676933f3600	本地实验/MULTIROW-PANEL-RMS-CHAMPION-X/V019/support/runner_main.cpp	100644	c344fbd6e08908a30453471d90b4ff465ed5b8e5		EXCLUDE	SUPPORT_SOURCE		source retained only by source commit/blob reference
W3-R4-MULTIROW-PANEL-RMS-CHAMPION-X	V020	perf(r4): record v020 tile-major panel traversal	w3/m1/multirow-panel-rms	55256a150764c1aadcd813ce531b65c933fa4951	b4e17a792eaee4e7df6701d60f7756145ab0e665	1463fe2558782a7c3d2898d837a93f6269087b78	503b98cb22ae88798bb6bfca83a46676933f3600	本地实验/MULTIROW-PANEL-RMS-CHAMPION-X/V020/local/MPR4-V020-LOCAL-20261006T180058Z/paired-fp16-128x12288.tsv	100644	7cbf332fa5bac14ed0e1d15f0affd9830a67412b	证据集成/W3/Batch-09-R1-R3-R4-R5/R4/V020/local/MPR4-V020-LOCAL-20261006T180058Z/paired-fp16-128x12288.tsv	COPY	LOCAL_RAW_STATISTICS		original bytes
W3-R4-MULTIROW-PANEL-RMS-CHAMPION-X	V020	perf(r4): record v020 tile-major panel traversal	w3/m1/multirow-panel-rms	55256a150764c1aadcd813ce531b65c933fa4951	b4e17a792eaee4e7df6701d60f7756145ab0e665	1463fe2558782a7c3d2898d837a93f6269087b78	503b98cb22ae88798bb6bfca83a46676933f3600	本地实验/MULTIROW-PANEL-RMS-CHAMPION-X/V020/local/MPR4-V020-LOCAL-20261006T180058Z/post.loadavg.txt	100644	0596f7571a0df5a12983c3f87479db299d192cfc	证据集成/W3/Batch-09-R1-R3-R4-R5/R4/V020/local/MPR4-V020-LOCAL-20261006T180058Z/post.loadavg.txt	COPY	LOCAL_CONTEXT_OR_DIAGNOSTIC		original bytes
W3-R4-MULTIROW-PANEL-RMS-CHAMPION-X	V020	perf(r4): record v020 tile-major panel traversal	w3/m1/multirow-panel-rms	55256a150764c1aadcd813ce531b65c933fa4951	b4e17a792eaee4e7df6701d60f7756145ab0e665	1463fe2558782a7c3d2898d837a93f6269087b78	503b98cb22ae88798bb6bfca83a46676933f3600	本地实验/MULTIROW-PANEL-RMS-CHAMPION-X/V020/local/MPR4-V020-LOCAL-20261006T180058Z/post.npu-smi.txt	100644	5845a42a6b3655390fd0d1c73dfd484afa9c869a	证据集成/W3/Batch-09-R1-R3-R4-R5/R4/V020/local/MPR4-V020-LOCAL-20261006T180058Z/post.npu-smi.txt	COPY	LOCAL_CONTEXT_OR_DIAGNOSTIC		original bytes
W3-R4-MULTIROW-PANEL-RMS-CHAMPION-X	V020	perf(r4): record v020 tile-major panel traversal	w3/m1/multirow-panel-rms	55256a150764c1aadcd813ce531b65c933fa4951	b4e17a792eaee4e7df6701d60f7756145ab0e665	1463fe2558782a7c3d2898d837a93f6269087b78	503b98cb22ae88798bb6bfca83a46676933f3600	本地实验/MULTIROW-PANEL-RMS-CHAMPION-X/V020/local/MPR4-V020-LOCAL-20261006T180058Z/pre.loadavg.txt	100644	07dfc96f9de9c22615e6c031ddb1034bc1da784b	证据集成/W3/Batch-09-R1-R3-R4-R5/R4/V020/local/MPR4-V020-LOCAL-20261006T180058Z/pre.loadavg.txt	COPY	LOCAL_CONTEXT_OR_DIAGNOSTIC		original bytes
W3-R4-MULTIROW-PANEL-RMS-CHAMPION-X	V020	perf(r4): record v020 tile-major panel traversal	w3/m1/multirow-panel-rms	55256a150764c1aadcd813ce531b65c933fa4951	b4e17a792eaee4e7df6701d60f7756145ab0e665	1463fe2558782a7c3d2898d837a93f6269087b78	503b98cb22ae88798bb6bfca83a46676933f3600	本地实验/MULTIROW-PANEL-RMS-CHAMPION-X/V020/local/MPR4-V020-LOCAL-20261006T180058Z/pre.npu-smi.txt	100644	3c84e11628ce20bebb6b0886aac477d8042b5a7a	证据集成/W3/Batch-09-R1-R3-R4-R5/R4/V020/local/MPR4-V020-LOCAL-20261006T180058Z/pre.npu-smi.txt	COPY	LOCAL_CONTEXT_OR_DIAGNOSTIC		original bytes
W3-R4-MULTIROW-PANEL-RMS-CHAMPION-X	V020	perf(r4): record v020 tile-major panel traversal	w3/m1/multirow-panel-rms	55256a150764c1aadcd813ce531b65c933fa4951	b4e17a792eaee4e7df6701d60f7756145ab0e665	1463fe2558782a7c3d2898d837a93f6269087b78	503b98cb22ae88798bb6bfca83a46676933f3600	本地实验/MULTIROW-PANEL-RMS-CHAMPION-X/V020/local/MPR4-V020-LOCAL-20261006T180058Z/runner.stderr.log	100644	e69de29bb2d1d6434b8b29ae775ad8c2e48c5391	证据集成/W3/Batch-09-R1-R3-R4-R5/R4/V020/local/MPR4-V020-LOCAL-20261006T180058Z/runner.stderr.log	COPY	RUN_LOG		original bytes
W3-R4-MULTIROW-PANEL-RMS-CHAMPION-X	V020	perf(r4): record v020 tile-major panel traversal	w3/m1/multirow-panel-rms	55256a150764c1aadcd813ce531b65c933fa4951	b4e17a792eaee4e7df6701d60f7756145ab0e665	1463fe2558782a7c3d2898d837a93f6269087b78	503b98cb22ae88798bb6bfca83a46676933f3600	本地实验/MULTIROW-PANEL-RMS-CHAMPION-X/V020/local/MPR4-V020-LOCAL-20261006T180058Z/runner.stdout.log	100644	e69de29bb2d1d6434b8b29ae775ad8c2e48c5391	证据集成/W3/Batch-09-R1-R3-R4-R5/R4/V020/local/MPR4-V020-LOCAL-20261006T180058Z/runner.stdout.log	COPY	RUN_LOG		original bytes
W3-R4-MULTIROW-PANEL-RMS-CHAMPION-X	V020	perf(r4): record v020 tile-major panel traversal	w3/m1/multirow-panel-rms	55256a150764c1aadcd813ce531b65c933fa4951	b4e17a792eaee4e7df6701d60f7756145ab0e665	1463fe2558782a7c3d2898d837a93f6269087b78	503b98cb22ae88798bb6bfca83a46676933f3600	本地实验/MULTIROW-PANEL-RMS-CHAMPION-X/V020/local/MPR4-V020-LOCAL-20261006T180058Z/status.txt	100644	45c70a07cf9d49e3da45ce8aa875c556e58f43c5	证据集成/W3/Batch-09-R1-R3-R4-R5/R4/V020/local/MPR4-V020-LOCAL-20261006T180058Z/status.txt	COPY	LOCAL_CONTEXT_OR_DIAGNOSTIC		original bytes
W3-R4-MULTIROW-PANEL-RMS-CHAMPION-X	V020	perf(r4): record v020 tile-major panel traversal	w3/m1/multirow-panel-rms	55256a150764c1aadcd813ce531b65c933fa4951	b4e17a792eaee4e7df6701d60f7756145ab0e665	1463fe2558782a7c3d2898d837a93f6269087b78	503b98cb22ae88798bb6bfca83a46676933f3600	本地实验/MULTIROW-PANEL-RMS-CHAMPION-X/V020/logs/MPR4-V020-COMPILE-20261006T175645Z.log	100644	de75575983dd19833a7c403d1e1979dc1eba78fd	证据集成/W3/Batch-09-R1-R3-R4-R5/R4/V020/logs/MPR4-V020-COMPILE-20261006T175645Z.log	COPY	COMPILE_LOG		original bytes
W3-R4-MULTIROW-PANEL-RMS-CHAMPION-X	V020	perf(r4): record v020 tile-major panel traversal	w3/m1/multirow-panel-rms	55256a150764c1aadcd813ce531b65c933fa4951	b4e17a792eaee4e7df6701d60f7756145ab0e665	1463fe2558782a7c3d2898d837a93f6269087b78	503b98cb22ae88798bb6bfca83a46676933f3600	本地实验/MULTIROW-PANEL-RMS-CHAMPION-X/V020/logs/MPR4-V020-CORR-20261006T175847Z.candidate.stdout.log	100644	7165ba5d08f1885477d7e35348e0aeb659fb408f	证据集成/W3/Batch-09-R1-R3-R4-R5/R4/V020/logs/MPR4-V020-CORR-20261006T175847Z.candidate.stdout.log	COPY	RUN_LOG		original bytes
W3-R4-MULTIROW-PANEL-RMS-CHAMPION-X	V020	perf(r4): record v020 tile-major panel traversal	w3/m1/multirow-panel-rms	55256a150764c1aadcd813ce531b65c933fa4951	b4e17a792eaee4e7df6701d60f7756145ab0e665	1463fe2558782a7c3d2898d837a93f6269087b78	503b98cb22ae88798bb6bfca83a46676933f3600	本地实验/MULTIROW-PANEL-RMS-CHAMPION-X/V020/logs/MPR4-V020-CORR-20261006T175847Z.candidate.tsv	100644	7e2ef3135f01e41041fc889664bdf0df724e794b	证据集成/W3/Batch-09-R1-R3-R4-R5/R4/V020/logs/MPR4-V020-CORR-20261006T175847Z.candidate.tsv	COPY	LOCAL_RAW_STATISTICS		original bytes
W3-R4-MULTIROW-PANEL-RMS-CHAMPION-X	V020	perf(r4): record v020 tile-major panel traversal	w3/m1/multirow-panel-rms	55256a150764c1aadcd813ce531b65c933fa4951	b4e17a792eaee4e7df6701d60f7756145ab0e665	1463fe2558782a7c3d2898d837a93f6269087b78	503b98cb22ae88798bb6bfca83a46676933f3600	本地实验/MULTIROW-PANEL-RMS-CHAMPION-X/V020/logs/MPR4-V020-CORR-20261006T175847Z.parent.stdout.log	100644	d206967ae86ca302ee146cebc9e7477265b526b6	证据集成/W3/Batch-09-R1-R3-R4-R5/R4/V020/logs/MPR4-V020-CORR-20261006T175847Z.parent.stdout.log	COPY	RUN_LOG		original bytes
W3-R4-MULTIROW-PANEL-RMS-CHAMPION-X	V020	perf(r4): record v020 tile-major panel traversal	w3/m1/multirow-panel-rms	55256a150764c1aadcd813ce531b65c933fa4951	b4e17a792eaee4e7df6701d60f7756145ab0e665	1463fe2558782a7c3d2898d837a93f6269087b78	503b98cb22ae88798bb6bfca83a46676933f3600	本地实验/MULTIROW-PANEL-RMS-CHAMPION-X/V020/logs/MPR4-V020-CORR-20261006T175847Z.parent.tsv	100644	ef980486590e97c78c9b8dc0babe45c8eb4de01f	证据集成/W3/Batch-09-R1-R3-R4-R5/R4/V020/logs/MPR4-V020-CORR-20261006T175847Z.parent.tsv	COPY	LOCAL_RAW_STATISTICS		original bytes
W3-R4-MULTIROW-PANEL-RMS-CHAMPION-X	V020	perf(r4): record v020 tile-major panel traversal	w3/m1/multirow-panel-rms	55256a150764c1aadcd813ce531b65c933fa4951	b4e17a792eaee4e7df6701d60f7756145ab0e665	1463fe2558782a7c3d2898d837a93f6269087b78	503b98cb22ae88798bb6bfca83a46676933f3600	本地实验/MULTIROW-PANEL-RMS-CHAMPION-X/V020/logs/MPR4-V020-CORR-20261006T175847Z.post.npu-smi.txt	100644	55bef495761ef72e7ee409df4cdfc31c89901d4b	证据集成/W3/Batch-09-R1-R3-R4-R5/R4/V020/logs/MPR4-V020-CORR-20261006T175847Z.post.npu-smi.txt	COPY	LOCAL_CONTEXT_OR_DIAGNOSTIC		original bytes
W3-R4-MULTIROW-PANEL-RMS-CHAMPION-X	V020	perf(r4): record v020 tile-major panel traversal	w3/m1/multirow-panel-rms	55256a150764c1aadcd813ce531b65c933fa4951	b4e17a792eaee4e7df6701d60f7756145ab0e665	1463fe2558782a7c3d2898d837a93f6269087b78	503b98cb22ae88798bb6bfca83a46676933f3600	本地实验/MULTIROW-PANEL-RMS-CHAMPION-X/V020/logs/MPR4-V020-CORR-20261006T175847Z.pre.npu-smi.txt	100644	2e2a89298544addbfcef4b30d73db6add2ce8c1e	证据集成/W3/Batch-09-R1-R3-R4-R5/R4/V020/logs/MPR4-V020-CORR-20261006T175847Z.pre.npu-smi.txt	COPY	LOCAL_CONTEXT_OR_DIAGNOSTIC		original bytes
W3-R4-MULTIROW-PANEL-RMS-CHAMPION-X	V020	perf(r4): record v020 tile-major panel traversal	w3/m1/multirow-panel-rms	55256a150764c1aadcd813ce531b65c933fa4951	b4e17a792eaee4e7df6701d60f7756145ab0e665	1463fe2558782a7c3d2898d837a93f6269087b78	503b98cb22ae88798bb6bfca83a46676933f3600	本地实验/MULTIROW-PANEL-RMS-CHAMPION-X/V020/logs/MPR4-V020-CORR-20261006T175847Z.status.txt	100644	117bd7f4ff3f2afc2b6eeb1bd6d7cf95a726fcc0	证据集成/W3/Batch-09-R1-R3-R4-R5/R4/V020/logs/MPR4-V020-CORR-20261006T175847Z.status.txt	COPY	LOCAL_CONTEXT_OR_DIAGNOSTIC		original bytes
W3-R4-MULTIROW-PANEL-RMS-CHAMPION-X	V020	perf(r4): record v020 tile-major panel traversal	w3/m1/multirow-panel-rms	55256a150764c1aadcd813ce531b65c933fa4951	b4e17a792eaee4e7df6701d60f7756145ab0e665	1463fe2558782a7c3d2898d837a93f6269087b78	503b98cb22ae88798bb6bfca83a46676933f3600	本地实验/MULTIROW-PANEL-RMS-CHAMPION-X/V020/submission.asc	100644	22ec365b492bffadeed12dccaaa448b378f62d4f		EXCLUDE	CANDIDATE_OR_KERNEL_SOURCE		source retained only by source commit/blob reference
W3-R4-MULTIROW-PANEL-RMS-CHAMPION-X	V020	perf(r4): record v020 tile-major panel traversal	w3/m1/multirow-panel-rms	55256a150764c1aadcd813ce531b65c933fa4951	b4e17a792eaee4e7df6701d60f7756145ab0e665	1463fe2558782a7c3d2898d837a93f6269087b78	503b98cb22ae88798bb6bfca83a46676933f3600	本地实验/MULTIROW-PANEL-RMS-CHAMPION-X/V020/summary.txt	100644	4be1b595484b01de0744377c64727a96870ec1a7	证据集成/W3/Batch-09-R1-R3-R4-R5/R4/V020/summary.txt	COPY	LOCAL_CONTEXT_OR_DIAGNOSTIC		original bytes
W3-R4-MULTIROW-PANEL-RMS-CHAMPION-X	V020	perf(r4): record v020 tile-major panel traversal	w3/m1/multirow-panel-rms	55256a150764c1aadcd813ce531b65c933fa4951	b4e17a792eaee4e7df6701d60f7756145ab0e665	1463fe2558782a7c3d2898d837a93f6269087b78	503b98cb22ae88798bb6bfca83a46676933f3600	本地实验/MULTIROW-PANEL-RMS-CHAMPION-X/V020/support/CMakeLists.txt	100644	26d61167cac3e643a1461b5097915cd02b21f364		EXCLUDE	BUILD_CONFIGURATION		build configuration not copied
W3-R4-MULTIROW-PANEL-RMS-CHAMPION-X	V020	perf(r4): record v020 tile-major panel traversal	w3/m1/multirow-panel-rms	55256a150764c1aadcd813ce531b65c933fa4951	b4e17a792eaee4e7df6701d60f7756145ab0e665	1463fe2558782a7c3d2898d837a93f6269087b78	503b98cb22ae88798bb6bfca83a46676933f3600	本地实验/MULTIROW-PANEL-RMS-CHAMPION-X/V020/support/build_server3.sh	100644	82f0eac2bf55c2c2688c68543c4dd02207c47863		EXCLUDE	BUILD_OR_EXECUTION_SCRIPT		script not copied
W3-R4-MULTIROW-PANEL-RMS-CHAMPION-X	V020	perf(r4): record v020 tile-major panel traversal	w3/m1/multirow-panel-rms	55256a150764c1aadcd813ce531b65c933fa4951	b4e17a792eaee4e7df6701d60f7756145ab0e665	1463fe2558782a7c3d2898d837a93f6269087b78	503b98cb22ae88798bb6bfca83a46676933f3600	本地实验/MULTIROW-PANEL-RMS-CHAMPION-X/V020/support/candidate_kernel.asc	100644	3ef7048e01ddd88fb3d4b4a87c0ecb102c75799c		EXCLUDE	CANDIDATE_OR_KERNEL_SOURCE		source retained only by source commit/blob reference
W3-R4-MULTIROW-PANEL-RMS-CHAMPION-X	V020	perf(r4): record v020 tile-major panel traversal	w3/m1/multirow-panel-rms	55256a150764c1aadcd813ce531b65c933fa4951	b4e17a792eaee4e7df6701d60f7756145ab0e665	1463fe2558782a7c3d2898d837a93f6269087b78	503b98cb22ae88798bb6bfca83a46676933f3600	本地实验/MULTIROW-PANEL-RMS-CHAMPION-X/V020/support/compile_server3.sh	100644	7b89c58f321f617405365c06d84dfb030e746a35		EXCLUDE	BUILD_OR_EXECUTION_SCRIPT		script not copied
W3-R4-MULTIROW-PANEL-RMS-CHAMPION-X	V020	perf(r4): record v020 tile-major panel traversal	w3/m1/multirow-panel-rms	55256a150764c1aadcd813ce531b65c933fa4951	b4e17a792eaee4e7df6701d60f7756145ab0e665	1463fe2558782a7c3d2898d837a93f6269087b78	503b98cb22ae88798bb6bfca83a46676933f3600	本地实验/MULTIROW-PANEL-RMS-CHAMPION-X/V020/support/local_abi_shim.h	100644	f52411b2c5f6b614ff1e61f30707250a43cc10d3		EXCLUDE	SUPPORT_SOURCE		source retained only by source commit/blob reference
W3-R4-MULTIROW-PANEL-RMS-CHAMPION-X	V020	perf(r4): record v020 tile-major panel traversal	w3/m1/multirow-panel-rms	55256a150764c1aadcd813ce531b65c933fa4951	b4e17a792eaee4e7df6701d60f7756145ab0e665	1463fe2558782a7c3d2898d837a93f6269087b78	503b98cb22ae88798bb6bfca83a46676933f3600	本地实验/MULTIROW-PANEL-RMS-CHAMPION-X/V020/support/parent_kernel.asc	100644	9dbb3053c84dc39f4aee7826176ba96b70f413bc		EXCLUDE	CANDIDATE_OR_KERNEL_SOURCE		source retained only by source commit/blob reference
W3-R4-MULTIROW-PANEL-RMS-CHAMPION-X	V020	perf(r4): record v020 tile-major panel traversal	w3/m1/multirow-panel-rms	55256a150764c1aadcd813ce531b65c933fa4951	b4e17a792eaee4e7df6701d60f7756145ab0e665	1463fe2558782a7c3d2898d837a93f6269087b78	503b98cb22ae88798bb6bfca83a46676933f3600	本地实验/MULTIROW-PANEL-RMS-CHAMPION-X/V020/support/runner_main.cpp	100644	c344fbd6e08908a30453471d90b4ff465ed5b8e5		EXCLUDE	SUPPORT_SOURCE		source retained only by source commit/blob reference
W3-R4-MULTIROW-PANEL-RMS-CHAMPION-X	V021	perf(r4): record v021 tile width regression	w3/m1/multirow-panel-rms	b020401dabc8c06e350d8405d0b9946154c3a241	55256a150764c1aadcd813ce531b65c933fa4951	1e78f9fc4b64dc4732a4016d4c49e07d3aae2907	503b98cb22ae88798bb6bfca83a46676933f3600	本地实验/MULTIROW-PANEL-RMS-CHAMPION-X/V021/local/MPR4-V021-LOCAL-20261006T181910Z/paired-fp16-128x12288.tsv	100644	b83135814a65c281ec3e64a5ef3794c0b4042897	证据集成/W3/Batch-09-R1-R3-R4-R5/R4/V021/local/MPR4-V021-LOCAL-20261006T181910Z/paired-fp16-128x12288.tsv	COPY	LOCAL_RAW_STATISTICS		original bytes
W3-R4-MULTIROW-PANEL-RMS-CHAMPION-X	V021	perf(r4): record v021 tile width regression	w3/m1/multirow-panel-rms	b020401dabc8c06e350d8405d0b9946154c3a241	55256a150764c1aadcd813ce531b65c933fa4951	1e78f9fc4b64dc4732a4016d4c49e07d3aae2907	503b98cb22ae88798bb6bfca83a46676933f3600	本地实验/MULTIROW-PANEL-RMS-CHAMPION-X/V021/local/MPR4-V021-LOCAL-20261006T181910Z/post.loadavg.txt	100644	5d34ac3085bc3c131ed5402e4faf6c0b116c1fdc	证据集成/W3/Batch-09-R1-R3-R4-R5/R4/V021/local/MPR4-V021-LOCAL-20261006T181910Z/post.loadavg.txt	COPY	LOCAL_CONTEXT_OR_DIAGNOSTIC		original bytes
W3-R4-MULTIROW-PANEL-RMS-CHAMPION-X	V021	perf(r4): record v021 tile width regression	w3/m1/multirow-panel-rms	b020401dabc8c06e350d8405d0b9946154c3a241	55256a150764c1aadcd813ce531b65c933fa4951	1e78f9fc4b64dc4732a4016d4c49e07d3aae2907	503b98cb22ae88798bb6bfca83a46676933f3600	本地实验/MULTIROW-PANEL-RMS-CHAMPION-X/V021/local/MPR4-V021-LOCAL-20261006T181910Z/post.npu-smi.txt	100644	68daa40c3f01c400b90290a547abb0e25191dfb1	证据集成/W3/Batch-09-R1-R3-R4-R5/R4/V021/local/MPR4-V021-LOCAL-20261006T181910Z/post.npu-smi.txt	COPY	LOCAL_CONTEXT_OR_DIAGNOSTIC		original bytes
W3-R4-MULTIROW-PANEL-RMS-CHAMPION-X	V021	perf(r4): record v021 tile width regression	w3/m1/multirow-panel-rms	b020401dabc8c06e350d8405d0b9946154c3a241	55256a150764c1aadcd813ce531b65c933fa4951	1e78f9fc4b64dc4732a4016d4c49e07d3aae2907	503b98cb22ae88798bb6bfca83a46676933f3600	本地实验/MULTIROW-PANEL-RMS-CHAMPION-X/V021/local/MPR4-V021-LOCAL-20261006T181910Z/pre.loadavg.txt	100644	01c9292b14d35d6f4759085a75e49cead9db2747	证据集成/W3/Batch-09-R1-R3-R4-R5/R4/V021/local/MPR4-V021-LOCAL-20261006T181910Z/pre.loadavg.txt	COPY	LOCAL_CONTEXT_OR_DIAGNOSTIC		original bytes
W3-R4-MULTIROW-PANEL-RMS-CHAMPION-X	V021	perf(r4): record v021 tile width regression	w3/m1/multirow-panel-rms	b020401dabc8c06e350d8405d0b9946154c3a241	55256a150764c1aadcd813ce531b65c933fa4951	1e78f9fc4b64dc4732a4016d4c49e07d3aae2907	503b98cb22ae88798bb6bfca83a46676933f3600	本地实验/MULTIROW-PANEL-RMS-CHAMPION-X/V021/local/MPR4-V021-LOCAL-20261006T181910Z/pre.npu-smi.txt	100644	a0e10a1e48e82fc801de1cd2183b326bc44c9ff6	证据集成/W3/Batch-09-R1-R3-R4-R5/R4/V021/local/MPR4-V021-LOCAL-20261006T181910Z/pre.npu-smi.txt	COPY	LOCAL_CONTEXT_OR_DIAGNOSTIC		original bytes
W3-R4-MULTIROW-PANEL-RMS-CHAMPION-X	V021	perf(r4): record v021 tile width regression	w3/m1/multirow-panel-rms	b020401dabc8c06e350d8405d0b9946154c3a241	55256a150764c1aadcd813ce531b65c933fa4951	1e78f9fc4b64dc4732a4016d4c49e07d3aae2907	503b98cb22ae88798bb6bfca83a46676933f3600	本地实验/MULTIROW-PANEL-RMS-CHAMPION-X/V021/local/MPR4-V021-LOCAL-20261006T181910Z/runner.stderr.log	100644	e69de29bb2d1d6434b8b29ae775ad8c2e48c5391	证据集成/W3/Batch-09-R1-R3-R4-R5/R4/V021/local/MPR4-V021-LOCAL-20261006T181910Z/runner.stderr.log	COPY	RUN_LOG		original bytes
W3-R4-MULTIROW-PANEL-RMS-CHAMPION-X	V021	perf(r4): record v021 tile width regression	w3/m1/multirow-panel-rms	b020401dabc8c06e350d8405d0b9946154c3a241	55256a150764c1aadcd813ce531b65c933fa4951	1e78f9fc4b64dc4732a4016d4c49e07d3aae2907	503b98cb22ae88798bb6bfca83a46676933f3600	本地实验/MULTIROW-PANEL-RMS-CHAMPION-X/V021/local/MPR4-V021-LOCAL-20261006T181910Z/runner.stdout.log	100644	e69de29bb2d1d6434b8b29ae775ad8c2e48c5391	证据集成/W3/Batch-09-R1-R3-R4-R5/R4/V021/local/MPR4-V021-LOCAL-20261006T181910Z/runner.stdout.log	COPY	RUN_LOG		original bytes
W3-R4-MULTIROW-PANEL-RMS-CHAMPION-X	V021	perf(r4): record v021 tile width regression	w3/m1/multirow-panel-rms	b020401dabc8c06e350d8405d0b9946154c3a241	55256a150764c1aadcd813ce531b65c933fa4951	1e78f9fc4b64dc4732a4016d4c49e07d3aae2907	503b98cb22ae88798bb6bfca83a46676933f3600	本地实验/MULTIROW-PANEL-RMS-CHAMPION-X/V021/local/MPR4-V021-LOCAL-20261006T181910Z/status.txt	100644	59455ccae5a6f57cd3d70b9c8464b9cd4f52a2f1	证据集成/W3/Batch-09-R1-R3-R4-R5/R4/V021/local/MPR4-V021-LOCAL-20261006T181910Z/status.txt	COPY	LOCAL_CONTEXT_OR_DIAGNOSTIC		original bytes
W3-R4-MULTIROW-PANEL-RMS-CHAMPION-X	V021	perf(r4): record v021 tile width regression	w3/m1/multirow-panel-rms	b020401dabc8c06e350d8405d0b9946154c3a241	55256a150764c1aadcd813ce531b65c933fa4951	1e78f9fc4b64dc4732a4016d4c49e07d3aae2907	503b98cb22ae88798bb6bfca83a46676933f3600	本地实验/MULTIROW-PANEL-RMS-CHAMPION-X/V021/logs/MPR4-V021-COMPILE-20261006T181526Z.log	100644	2f4c3179ce49ebbd2048f324e3241898834e2010	证据集成/W3/Batch-09-R1-R3-R4-R5/R4/V021/logs/MPR4-V021-COMPILE-20261006T181526Z.log	COPY	COMPILE_LOG		original bytes
W3-R4-MULTIROW-PANEL-RMS-CHAMPION-X	V021	perf(r4): record v021 tile width regression	w3/m1/multirow-panel-rms	b020401dabc8c06e350d8405d0b9946154c3a241	55256a150764c1aadcd813ce531b65c933fa4951	1e78f9fc4b64dc4732a4016d4c49e07d3aae2907	503b98cb22ae88798bb6bfca83a46676933f3600	本地实验/MULTIROW-PANEL-RMS-CHAMPION-X/V021/logs/MPR4-V021-CORR-20261006T181718Z.candidate.stdout.log	100644	7165ba5d08f1885477d7e35348e0aeb659fb408f	证据集成/W3/Batch-09-R1-R3-R4-R5/R4/V021/logs/MPR4-V021-CORR-20261006T181718Z.candidate.stdout.log	COPY	RUN_LOG		original bytes
W3-R4-MULTIROW-PANEL-RMS-CHAMPION-X	V021	perf(r4): record v021 tile width regression	w3/m1/multirow-panel-rms	b020401dabc8c06e350d8405d0b9946154c3a241	55256a150764c1aadcd813ce531b65c933fa4951	1e78f9fc4b64dc4732a4016d4c49e07d3aae2907	503b98cb22ae88798bb6bfca83a46676933f3600	本地实验/MULTIROW-PANEL-RMS-CHAMPION-X/V021/logs/MPR4-V021-CORR-20261006T181718Z.candidate.tsv	100644	73cd1312fb566d6f65fae75c01f807836e0537d9	证据集成/W3/Batch-09-R1-R3-R4-R5/R4/V021/logs/MPR4-V021-CORR-20261006T181718Z.candidate.tsv	COPY	LOCAL_RAW_STATISTICS		original bytes
W3-R4-MULTIROW-PANEL-RMS-CHAMPION-X	V021	perf(r4): record v021 tile width regression	w3/m1/multirow-panel-rms	b020401dabc8c06e350d8405d0b9946154c3a241	55256a150764c1aadcd813ce531b65c933fa4951	1e78f9fc4b64dc4732a4016d4c49e07d3aae2907	503b98cb22ae88798bb6bfca83a46676933f3600	本地实验/MULTIROW-PANEL-RMS-CHAMPION-X/V021/logs/MPR4-V021-CORR-20261006T181718Z.parent.stdout.log	100644	d206967ae86ca302ee146cebc9e7477265b526b6	证据集成/W3/Batch-09-R1-R3-R4-R5/R4/V021/logs/MPR4-V021-CORR-20261006T181718Z.parent.stdout.log	COPY	RUN_LOG		original bytes
W3-R4-MULTIROW-PANEL-RMS-CHAMPION-X	V021	perf(r4): record v021 tile width regression	w3/m1/multirow-panel-rms	b020401dabc8c06e350d8405d0b9946154c3a241	55256a150764c1aadcd813ce531b65c933fa4951	1e78f9fc4b64dc4732a4016d4c49e07d3aae2907	503b98cb22ae88798bb6bfca83a46676933f3600	本地实验/MULTIROW-PANEL-RMS-CHAMPION-X/V021/logs/MPR4-V021-CORR-20261006T181718Z.parent.tsv	100644	608745ca39ef6a322b102b0ae68322a415fcd571	证据集成/W3/Batch-09-R1-R3-R4-R5/R4/V021/logs/MPR4-V021-CORR-20261006T181718Z.parent.tsv	COPY	LOCAL_RAW_STATISTICS		original bytes
W3-R4-MULTIROW-PANEL-RMS-CHAMPION-X	V021	perf(r4): record v021 tile width regression	w3/m1/multirow-panel-rms	b020401dabc8c06e350d8405d0b9946154c3a241	55256a150764c1aadcd813ce531b65c933fa4951	1e78f9fc4b64dc4732a4016d4c49e07d3aae2907	503b98cb22ae88798bb6bfca83a46676933f3600	本地实验/MULTIROW-PANEL-RMS-CHAMPION-X/V021/logs/MPR4-V021-CORR-20261006T181718Z.post.npu-smi.txt	100644	c3e3cd29629eb907a8a2882d9616f9935c16598f	证据集成/W3/Batch-09-R1-R3-R4-R5/R4/V021/logs/MPR4-V021-CORR-20261006T181718Z.post.npu-smi.txt	COPY	LOCAL_CONTEXT_OR_DIAGNOSTIC		original bytes
W3-R4-MULTIROW-PANEL-RMS-CHAMPION-X	V021	perf(r4): record v021 tile width regression	w3/m1/multirow-panel-rms	b020401dabc8c06e350d8405d0b9946154c3a241	55256a150764c1aadcd813ce531b65c933fa4951	1e78f9fc4b64dc4732a4016d4c49e07d3aae2907	503b98cb22ae88798bb6bfca83a46676933f3600	本地实验/MULTIROW-PANEL-RMS-CHAMPION-X/V021/logs/MPR4-V021-CORR-20261006T181718Z.pre.npu-smi.txt	100644	7d909f665616f4f7912506568eadcd89898391e1	证据集成/W3/Batch-09-R1-R3-R4-R5/R4/V021/logs/MPR4-V021-CORR-20261006T181718Z.pre.npu-smi.txt	COPY	LOCAL_CONTEXT_OR_DIAGNOSTIC		original bytes
W3-R4-MULTIROW-PANEL-RMS-CHAMPION-X	V021	perf(r4): record v021 tile width regression	w3/m1/multirow-panel-rms	b020401dabc8c06e350d8405d0b9946154c3a241	55256a150764c1aadcd813ce531b65c933fa4951	1e78f9fc4b64dc4732a4016d4c49e07d3aae2907	503b98cb22ae88798bb6bfca83a46676933f3600	本地实验/MULTIROW-PANEL-RMS-CHAMPION-X/V021/logs/MPR4-V021-CORR-20261006T181718Z.status.txt	100644	31d68091deceb25ec7f052839e20a2219a6b3f1b	证据集成/W3/Batch-09-R1-R3-R4-R5/R4/V021/logs/MPR4-V021-CORR-20261006T181718Z.status.txt	COPY	LOCAL_CONTEXT_OR_DIAGNOSTIC		original bytes
W3-R4-MULTIROW-PANEL-RMS-CHAMPION-X	V021	perf(r4): record v021 tile width regression	w3/m1/multirow-panel-rms	b020401dabc8c06e350d8405d0b9946154c3a241	55256a150764c1aadcd813ce531b65c933fa4951	1e78f9fc4b64dc4732a4016d4c49e07d3aae2907	503b98cb22ae88798bb6bfca83a46676933f3600	本地实验/MULTIROW-PANEL-RMS-CHAMPION-X/V021/submission.asc	100644	c4518a5e81c71f39ac896472253a3035f1a6055f		EXCLUDE	CANDIDATE_OR_KERNEL_SOURCE		source retained only by source commit/blob reference
W3-R4-MULTIROW-PANEL-RMS-CHAMPION-X	V021	perf(r4): record v021 tile width regression	w3/m1/multirow-panel-rms	b020401dabc8c06e350d8405d0b9946154c3a241	55256a150764c1aadcd813ce531b65c933fa4951	1e78f9fc4b64dc4732a4016d4c49e07d3aae2907	503b98cb22ae88798bb6bfca83a46676933f3600	本地实验/MULTIROW-PANEL-RMS-CHAMPION-X/V021/summary.txt	100644	2d8549539ab0416a8ca31b984fd390406a633337	证据集成/W3/Batch-09-R1-R3-R4-R5/R4/V021/summary.txt	COPY	LOCAL_CONTEXT_OR_DIAGNOSTIC		original bytes
W3-R4-MULTIROW-PANEL-RMS-CHAMPION-X	V021	perf(r4): record v021 tile width regression	w3/m1/multirow-panel-rms	b020401dabc8c06e350d8405d0b9946154c3a241	55256a150764c1aadcd813ce531b65c933fa4951	1e78f9fc4b64dc4732a4016d4c49e07d3aae2907	503b98cb22ae88798bb6bfca83a46676933f3600	本地实验/MULTIROW-PANEL-RMS-CHAMPION-X/V021/support/CMakeLists.txt	100644	26d61167cac3e643a1461b5097915cd02b21f364		EXCLUDE	BUILD_CONFIGURATION		build configuration not copied
W3-R4-MULTIROW-PANEL-RMS-CHAMPION-X	V021	perf(r4): record v021 tile width regression	w3/m1/multirow-panel-rms	b020401dabc8c06e350d8405d0b9946154c3a241	55256a150764c1aadcd813ce531b65c933fa4951	1e78f9fc4b64dc4732a4016d4c49e07d3aae2907	503b98cb22ae88798bb6bfca83a46676933f3600	本地实验/MULTIROW-PANEL-RMS-CHAMPION-X/V021/support/build_server3.sh	100644	82f0eac2bf55c2c2688c68543c4dd02207c47863		EXCLUDE	BUILD_OR_EXECUTION_SCRIPT		script not copied
W3-R4-MULTIROW-PANEL-RMS-CHAMPION-X	V021	perf(r4): record v021 tile width regression	w3/m1/multirow-panel-rms	b020401dabc8c06e350d8405d0b9946154c3a241	55256a150764c1aadcd813ce531b65c933fa4951	1e78f9fc4b64dc4732a4016d4c49e07d3aae2907	503b98cb22ae88798bb6bfca83a46676933f3600	本地实验/MULTIROW-PANEL-RMS-CHAMPION-X/V021/support/candidate_kernel.asc	100644	3ef7048e01ddd88fb3d4b4a87c0ecb102c75799c		EXCLUDE	CANDIDATE_OR_KERNEL_SOURCE		source retained only by source commit/blob reference
W3-R4-MULTIROW-PANEL-RMS-CHAMPION-X	V021	perf(r4): record v021 tile width regression	w3/m1/multirow-panel-rms	b020401dabc8c06e350d8405d0b9946154c3a241	55256a150764c1aadcd813ce531b65c933fa4951	1e78f9fc4b64dc4732a4016d4c49e07d3aae2907	503b98cb22ae88798bb6bfca83a46676933f3600	本地实验/MULTIROW-PANEL-RMS-CHAMPION-X/V021/support/compile_server3.sh	100644	4844d0e553ee20588167f4b71bbc9365d5fe0257		EXCLUDE	BUILD_OR_EXECUTION_SCRIPT		script not copied
W3-R4-MULTIROW-PANEL-RMS-CHAMPION-X	V021	perf(r4): record v021 tile width regression	w3/m1/multirow-panel-rms	b020401dabc8c06e350d8405d0b9946154c3a241	55256a150764c1aadcd813ce531b65c933fa4951	1e78f9fc4b64dc4732a4016d4c49e07d3aae2907	503b98cb22ae88798bb6bfca83a46676933f3600	本地实验/MULTIROW-PANEL-RMS-CHAMPION-X/V021/support/local_abi_shim.h	100644	f52411b2c5f6b614ff1e61f30707250a43cc10d3		EXCLUDE	SUPPORT_SOURCE		source retained only by source commit/blob reference
W3-R4-MULTIROW-PANEL-RMS-CHAMPION-X	V021	perf(r4): record v021 tile width regression	w3/m1/multirow-panel-rms	b020401dabc8c06e350d8405d0b9946154c3a241	55256a150764c1aadcd813ce531b65c933fa4951	1e78f9fc4b64dc4732a4016d4c49e07d3aae2907	503b98cb22ae88798bb6bfca83a46676933f3600	本地实验/MULTIROW-PANEL-RMS-CHAMPION-X/V021/support/parent_kernel.asc	100644	9dbb3053c84dc39f4aee7826176ba96b70f413bc		EXCLUDE	CANDIDATE_OR_KERNEL_SOURCE		source retained only by source commit/blob reference
W3-R4-MULTIROW-PANEL-RMS-CHAMPION-X	V021	perf(r4): record v021 tile width regression	w3/m1/multirow-panel-rms	b020401dabc8c06e350d8405d0b9946154c3a241	55256a150764c1aadcd813ce531b65c933fa4951	1e78f9fc4b64dc4732a4016d4c49e07d3aae2907	503b98cb22ae88798bb6bfca83a46676933f3600	本地实验/MULTIROW-PANEL-RMS-CHAMPION-X/V021/support/runner_main.cpp	100644	c344fbd6e08908a30453471d90b4ff465ed5b8e5		EXCLUDE	SUPPORT_SOURCE		source retained only by source commit/blob reference
W3-R4-MULTIROW-PANEL-RMS-CHAMPION-X	V022	perf(r4): record v022 tile width regression	w3/m1/multirow-panel-rms	b11954c0042eb10d75a5f327be1d313608840780	b020401dabc8c06e350d8405d0b9946154c3a241	6fe8dd99cc0b8a89adc6a7738fc1ec25dc91bcb9	503b98cb22ae88798bb6bfca83a46676933f3600	本地实验/MULTIROW-PANEL-RMS-CHAMPION-X/V022/local/MPR4-V022-LOCAL-20261006T183507Z/paired-fp16-128x12288.tsv	100644	bb2adcf86f22ed6413629e3b64b4e319ffff34f8	证据集成/W3/Batch-09-R1-R3-R4-R5/R4/V022/local/MPR4-V022-LOCAL-20261006T183507Z/paired-fp16-128x12288.tsv	COPY	LOCAL_RAW_STATISTICS		original bytes
W3-R4-MULTIROW-PANEL-RMS-CHAMPION-X	V022	perf(r4): record v022 tile width regression	w3/m1/multirow-panel-rms	b11954c0042eb10d75a5f327be1d313608840780	b020401dabc8c06e350d8405d0b9946154c3a241	6fe8dd99cc0b8a89adc6a7738fc1ec25dc91bcb9	503b98cb22ae88798bb6bfca83a46676933f3600	本地实验/MULTIROW-PANEL-RMS-CHAMPION-X/V022/local/MPR4-V022-LOCAL-20261006T183507Z/post.loadavg.txt	100644	46dc4e6244a4651a47f7ecad2100b11dc01b603c	证据集成/W3/Batch-09-R1-R3-R4-R5/R4/V022/local/MPR4-V022-LOCAL-20261006T183507Z/post.loadavg.txt	COPY	LOCAL_CONTEXT_OR_DIAGNOSTIC		original bytes
W3-R4-MULTIROW-PANEL-RMS-CHAMPION-X	V022	perf(r4): record v022 tile width regression	w3/m1/multirow-panel-rms	b11954c0042eb10d75a5f327be1d313608840780	b020401dabc8c06e350d8405d0b9946154c3a241	6fe8dd99cc0b8a89adc6a7738fc1ec25dc91bcb9	503b98cb22ae88798bb6bfca83a46676933f3600	本地实验/MULTIROW-PANEL-RMS-CHAMPION-X/V022/local/MPR4-V022-LOCAL-20261006T183507Z/post.npu-smi.txt	100644	073dd934b675b0232ee01a7ce25644c4f141d31f	证据集成/W3/Batch-09-R1-R3-R4-R5/R4/V022/local/MPR4-V022-LOCAL-20261006T183507Z/post.npu-smi.txt	COPY	LOCAL_CONTEXT_OR_DIAGNOSTIC		original bytes
W3-R4-MULTIROW-PANEL-RMS-CHAMPION-X	V022	perf(r4): record v022 tile width regression	w3/m1/multirow-panel-rms	b11954c0042eb10d75a5f327be1d313608840780	b020401dabc8c06e350d8405d0b9946154c3a241	6fe8dd99cc0b8a89adc6a7738fc1ec25dc91bcb9	503b98cb22ae88798bb6bfca83a46676933f3600	本地实验/MULTIROW-PANEL-RMS-CHAMPION-X/V022/local/MPR4-V022-LOCAL-20261006T183507Z/pre.loadavg.txt	100644	1d22429d80c947fe8cfa8c7ff371ef77ae7e1537	证据集成/W3/Batch-09-R1-R3-R4-R5/R4/V022/local/MPR4-V022-LOCAL-20261006T183507Z/pre.loadavg.txt	COPY	LOCAL_CONTEXT_OR_DIAGNOSTIC		original bytes
W3-R4-MULTIROW-PANEL-RMS-CHAMPION-X	V022	perf(r4): record v022 tile width regression	w3/m1/multirow-panel-rms	b11954c0042eb10d75a5f327be1d313608840780	b020401dabc8c06e350d8405d0b9946154c3a241	6fe8dd99cc0b8a89adc6a7738fc1ec25dc91bcb9	503b98cb22ae88798bb6bfca83a46676933f3600	本地实验/MULTIROW-PANEL-RMS-CHAMPION-X/V022/local/MPR4-V022-LOCAL-20261006T183507Z/pre.npu-smi.txt	100644	a51232932ff33fdcf8f8cf8dbf4bf9862c22aca5	证据集成/W3/Batch-09-R1-R3-R4-R5/R4/V022/local/MPR4-V022-LOCAL-20261006T183507Z/pre.npu-smi.txt	COPY	LOCAL_CONTEXT_OR_DIAGNOSTIC		original bytes
W3-R4-MULTIROW-PANEL-RMS-CHAMPION-X	V022	perf(r4): record v022 tile width regression	w3/m1/multirow-panel-rms	b11954c0042eb10d75a5f327be1d313608840780	b020401dabc8c06e350d8405d0b9946154c3a241	6fe8dd99cc0b8a89adc6a7738fc1ec25dc91bcb9	503b98cb22ae88798bb6bfca83a46676933f3600	本地实验/MULTIROW-PANEL-RMS-CHAMPION-X/V022/local/MPR4-V022-LOCAL-20261006T183507Z/runner.stderr.log	100644	e69de29bb2d1d6434b8b29ae775ad8c2e48c5391	证据集成/W3/Batch-09-R1-R3-R4-R5/R4/V022/local/MPR4-V022-LOCAL-20261006T183507Z/runner.stderr.log	COPY	RUN_LOG		original bytes
W3-R4-MULTIROW-PANEL-RMS-CHAMPION-X	V022	perf(r4): record v022 tile width regression	w3/m1/multirow-panel-rms	b11954c0042eb10d75a5f327be1d313608840780	b020401dabc8c06e350d8405d0b9946154c3a241	6fe8dd99cc0b8a89adc6a7738fc1ec25dc91bcb9	503b98cb22ae88798bb6bfca83a46676933f3600	本地实验/MULTIROW-PANEL-RMS-CHAMPION-X/V022/local/MPR4-V022-LOCAL-20261006T183507Z/runner.stdout.log	100644	e69de29bb2d1d6434b8b29ae775ad8c2e48c5391	证据集成/W3/Batch-09-R1-R3-R4-R5/R4/V022/local/MPR4-V022-LOCAL-20261006T183507Z/runner.stdout.log	COPY	RUN_LOG		original bytes
W3-R4-MULTIROW-PANEL-RMS-CHAMPION-X	V022	perf(r4): record v022 tile width regression	w3/m1/multirow-panel-rms	b11954c0042eb10d75a5f327be1d313608840780	b020401dabc8c06e350d8405d0b9946154c3a241	6fe8dd99cc0b8a89adc6a7738fc1ec25dc91bcb9	503b98cb22ae88798bb6bfca83a46676933f3600	本地实验/MULTIROW-PANEL-RMS-CHAMPION-X/V022/local/MPR4-V022-LOCAL-20261006T183507Z/status.txt	100644	4514ce3ece45c7dde9836ca48c9b40d0662b707e	证据集成/W3/Batch-09-R1-R3-R4-R5/R4/V022/local/MPR4-V022-LOCAL-20261006T183507Z/status.txt	COPY	LOCAL_CONTEXT_OR_DIAGNOSTIC		original bytes
W3-R4-MULTIROW-PANEL-RMS-CHAMPION-X	V022	perf(r4): record v022 tile width regression	w3/m1/multirow-panel-rms	b11954c0042eb10d75a5f327be1d313608840780	b020401dabc8c06e350d8405d0b9946154c3a241	6fe8dd99cc0b8a89adc6a7738fc1ec25dc91bcb9	503b98cb22ae88798bb6bfca83a46676933f3600	本地实验/MULTIROW-PANEL-RMS-CHAMPION-X/V022/logs/MPR4-V022-COMPILE-20261006T182945Z.log	100644	2982278ae9f077af92e58e120ea0588093971a3c	证据集成/W3/Batch-09-R1-R3-R4-R5/R4/V022/logs/MPR4-V022-COMPILE-20261006T182945Z.log	COPY	COMPILE_LOG		original bytes
W3-R4-MULTIROW-PANEL-RMS-CHAMPION-X	V022	perf(r4): record v022 tile width regression	w3/m1/multirow-panel-rms	b11954c0042eb10d75a5f327be1d313608840780	b020401dabc8c06e350d8405d0b9946154c3a241	6fe8dd99cc0b8a89adc6a7738fc1ec25dc91bcb9	503b98cb22ae88798bb6bfca83a46676933f3600	本地实验/MULTIROW-PANEL-RMS-CHAMPION-X/V022/logs/MPR4-V022-CORR-20261006T183352Z.candidate.stdout.log	100644	7165ba5d08f1885477d7e35348e0aeb659fb408f	证据集成/W3/Batch-09-R1-R3-R4-R5/R4/V022/logs/MPR4-V022-CORR-20261006T183352Z.candidate.stdout.log	COPY	RUN_LOG		original bytes
W3-R4-MULTIROW-PANEL-RMS-CHAMPION-X	V022	perf(r4): record v022 tile width regression	w3/m1/multirow-panel-rms	b11954c0042eb10d75a5f327be1d313608840780	b020401dabc8c06e350d8405d0b9946154c3a241	6fe8dd99cc0b8a89adc6a7738fc1ec25dc91bcb9	503b98cb22ae88798bb6bfca83a46676933f3600	本地实验/MULTIROW-PANEL-RMS-CHAMPION-X/V022/logs/MPR4-V022-CORR-20261006T183352Z.candidate.tsv	100644	40e49ea03d9edd334433ef081fda0634f3e21a0f	证据集成/W3/Batch-09-R1-R3-R4-R5/R4/V022/logs/MPR4-V022-CORR-20261006T183352Z.candidate.tsv	COPY	LOCAL_RAW_STATISTICS		original bytes
W3-R4-MULTIROW-PANEL-RMS-CHAMPION-X	V022	perf(r4): record v022 tile width regression	w3/m1/multirow-panel-rms	b11954c0042eb10d75a5f327be1d313608840780	b020401dabc8c06e350d8405d0b9946154c3a241	6fe8dd99cc0b8a89adc6a7738fc1ec25dc91bcb9	503b98cb22ae88798bb6bfca83a46676933f3600	本地实验/MULTIROW-PANEL-RMS-CHAMPION-X/V022/logs/MPR4-V022-CORR-20261006T183352Z.parent.stdout.log	100644	d206967ae86ca302ee146cebc9e7477265b526b6	证据集成/W3/Batch-09-R1-R3-R4-R5/R4/V022/logs/MPR4-V022-CORR-20261006T183352Z.parent.stdout.log	COPY	RUN_LOG		original bytes
W3-R4-MULTIROW-PANEL-RMS-CHAMPION-X	V022	perf(r4): record v022 tile width regression	w3/m1/multirow-panel-rms	b11954c0042eb10d75a5f327be1d313608840780	b020401dabc8c06e350d8405d0b9946154c3a241	6fe8dd99cc0b8a89adc6a7738fc1ec25dc91bcb9	503b98cb22ae88798bb6bfca83a46676933f3600	本地实验/MULTIROW-PANEL-RMS-CHAMPION-X/V022/logs/MPR4-V022-CORR-20261006T183352Z.parent.tsv	100644	86c00ecfc631813b2e640942351d46e9afc9dc4d	证据集成/W3/Batch-09-R1-R3-R4-R5/R4/V022/logs/MPR4-V022-CORR-20261006T183352Z.parent.tsv	COPY	LOCAL_RAW_STATISTICS		original bytes
W3-R4-MULTIROW-PANEL-RMS-CHAMPION-X	V022	perf(r4): record v022 tile width regression	w3/m1/multirow-panel-rms	b11954c0042eb10d75a5f327be1d313608840780	b020401dabc8c06e350d8405d0b9946154c3a241	6fe8dd99cc0b8a89adc6a7738fc1ec25dc91bcb9	503b98cb22ae88798bb6bfca83a46676933f3600	本地实验/MULTIROW-PANEL-RMS-CHAMPION-X/V022/logs/MPR4-V022-CORR-20261006T183352Z.post.npu-smi.txt	100644	51f30306ad9be9317320b56e9b59b293e1241e5f	证据集成/W3/Batch-09-R1-R3-R4-R5/R4/V022/logs/MPR4-V022-CORR-20261006T183352Z.post.npu-smi.txt	COPY	LOCAL_CONTEXT_OR_DIAGNOSTIC		original bytes
W3-R4-MULTIROW-PANEL-RMS-CHAMPION-X	V022	perf(r4): record v022 tile width regression	w3/m1/multirow-panel-rms	b11954c0042eb10d75a5f327be1d313608840780	b020401dabc8c06e350d8405d0b9946154c3a241	6fe8dd99cc0b8a89adc6a7738fc1ec25dc91bcb9	503b98cb22ae88798bb6bfca83a46676933f3600	本地实验/MULTIROW-PANEL-RMS-CHAMPION-X/V022/logs/MPR4-V022-CORR-20261006T183352Z.pre.npu-smi.txt	100644	436bd578bf5ce3213121bcc8326c6a375d8c5384	证据集成/W3/Batch-09-R1-R3-R4-R5/R4/V022/logs/MPR4-V022-CORR-20261006T183352Z.pre.npu-smi.txt	COPY	LOCAL_CONTEXT_OR_DIAGNOSTIC		original bytes
W3-R4-MULTIROW-PANEL-RMS-CHAMPION-X	V022	perf(r4): record v022 tile width regression	w3/m1/multirow-panel-rms	b11954c0042eb10d75a5f327be1d313608840780	b020401dabc8c06e350d8405d0b9946154c3a241	6fe8dd99cc0b8a89adc6a7738fc1ec25dc91bcb9	503b98cb22ae88798bb6bfca83a46676933f3600	本地实验/MULTIROW-PANEL-RMS-CHAMPION-X/V022/logs/MPR4-V022-CORR-20261006T183352Z.status.txt	100644	6e02be5f0346a5d87e97d89aab781e47554600ec	证据集成/W3/Batch-09-R1-R3-R4-R5/R4/V022/logs/MPR4-V022-CORR-20261006T183352Z.status.txt	COPY	LOCAL_CONTEXT_OR_DIAGNOSTIC		original bytes
W3-R4-MULTIROW-PANEL-RMS-CHAMPION-X	V022	perf(r4): record v022 tile width regression	w3/m1/multirow-panel-rms	b11954c0042eb10d75a5f327be1d313608840780	b020401dabc8c06e350d8405d0b9946154c3a241	6fe8dd99cc0b8a89adc6a7738fc1ec25dc91bcb9	503b98cb22ae88798bb6bfca83a46676933f3600	本地实验/MULTIROW-PANEL-RMS-CHAMPION-X/V022/submission.asc	100644	089d50a49dfd5ec20db52962d49383ff2f8fe5d8		EXCLUDE	CANDIDATE_OR_KERNEL_SOURCE		source retained only by source commit/blob reference
W3-R4-MULTIROW-PANEL-RMS-CHAMPION-X	V022	perf(r4): record v022 tile width regression	w3/m1/multirow-panel-rms	b11954c0042eb10d75a5f327be1d313608840780	b020401dabc8c06e350d8405d0b9946154c3a241	6fe8dd99cc0b8a89adc6a7738fc1ec25dc91bcb9	503b98cb22ae88798bb6bfca83a46676933f3600	本地实验/MULTIROW-PANEL-RMS-CHAMPION-X/V022/summary.txt	100644	2cdb5b9610a1469d94df663a7f81cf231b49cd14	证据集成/W3/Batch-09-R1-R3-R4-R5/R4/V022/summary.txt	COPY	LOCAL_CONTEXT_OR_DIAGNOSTIC		original bytes
W3-R4-MULTIROW-PANEL-RMS-CHAMPION-X	V022	perf(r4): record v022 tile width regression	w3/m1/multirow-panel-rms	b11954c0042eb10d75a5f327be1d313608840780	b020401dabc8c06e350d8405d0b9946154c3a241	6fe8dd99cc0b8a89adc6a7738fc1ec25dc91bcb9	503b98cb22ae88798bb6bfca83a46676933f3600	本地实验/MULTIROW-PANEL-RMS-CHAMPION-X/V022/support/CMakeLists.txt	100644	26d61167cac3e643a1461b5097915cd02b21f364		EXCLUDE	BUILD_CONFIGURATION		build configuration not copied
W3-R4-MULTIROW-PANEL-RMS-CHAMPION-X	V022	perf(r4): record v022 tile width regression	w3/m1/multirow-panel-rms	b11954c0042eb10d75a5f327be1d313608840780	b020401dabc8c06e350d8405d0b9946154c3a241	6fe8dd99cc0b8a89adc6a7738fc1ec25dc91bcb9	503b98cb22ae88798bb6bfca83a46676933f3600	本地实验/MULTIROW-PANEL-RMS-CHAMPION-X/V022/support/build_server3.sh	100644	82f0eac2bf55c2c2688c68543c4dd02207c47863		EXCLUDE	BUILD_OR_EXECUTION_SCRIPT		script not copied
W3-R4-MULTIROW-PANEL-RMS-CHAMPION-X	V022	perf(r4): record v022 tile width regression	w3/m1/multirow-panel-rms	b11954c0042eb10d75a5f327be1d313608840780	b020401dabc8c06e350d8405d0b9946154c3a241	6fe8dd99cc0b8a89adc6a7738fc1ec25dc91bcb9	503b98cb22ae88798bb6bfca83a46676933f3600	本地实验/MULTIROW-PANEL-RMS-CHAMPION-X/V022/support/candidate_kernel.asc	100644	3ef7048e01ddd88fb3d4b4a87c0ecb102c75799c		EXCLUDE	CANDIDATE_OR_KERNEL_SOURCE		source retained only by source commit/blob reference
W3-R4-MULTIROW-PANEL-RMS-CHAMPION-X	V022	perf(r4): record v022 tile width regression	w3/m1/multirow-panel-rms	b11954c0042eb10d75a5f327be1d313608840780	b020401dabc8c06e350d8405d0b9946154c3a241	6fe8dd99cc0b8a89adc6a7738fc1ec25dc91bcb9	503b98cb22ae88798bb6bfca83a46676933f3600	本地实验/MULTIROW-PANEL-RMS-CHAMPION-X/V022/support/compile_server3.sh	100644	8b1d6216c62e599e5df9547f4e49050e0afb5510		EXCLUDE	BUILD_OR_EXECUTION_SCRIPT		script not copied
W3-R4-MULTIROW-PANEL-RMS-CHAMPION-X	V022	perf(r4): record v022 tile width regression	w3/m1/multirow-panel-rms	b11954c0042eb10d75a5f327be1d313608840780	b020401dabc8c06e350d8405d0b9946154c3a241	6fe8dd99cc0b8a89adc6a7738fc1ec25dc91bcb9	503b98cb22ae88798bb6bfca83a46676933f3600	本地实验/MULTIROW-PANEL-RMS-CHAMPION-X/V022/support/local_abi_shim.h	100644	f52411b2c5f6b614ff1e61f30707250a43cc10d3		EXCLUDE	SUPPORT_SOURCE		source retained only by source commit/blob reference
W3-R4-MULTIROW-PANEL-RMS-CHAMPION-X	V022	perf(r4): record v022 tile width regression	w3/m1/multirow-panel-rms	b11954c0042eb10d75a5f327be1d313608840780	b020401dabc8c06e350d8405d0b9946154c3a241	6fe8dd99cc0b8a89adc6a7738fc1ec25dc91bcb9	503b98cb22ae88798bb6bfca83a46676933f3600	本地实验/MULTIROW-PANEL-RMS-CHAMPION-X/V022/support/parent_kernel.asc	100644	9dbb3053c84dc39f4aee7826176ba96b70f413bc		EXCLUDE	CANDIDATE_OR_KERNEL_SOURCE		source retained only by source commit/blob reference
W3-R4-MULTIROW-PANEL-RMS-CHAMPION-X	V022	perf(r4): record v022 tile width regression	w3/m1/multirow-panel-rms	b11954c0042eb10d75a5f327be1d313608840780	b020401dabc8c06e350d8405d0b9946154c3a241	6fe8dd99cc0b8a89adc6a7738fc1ec25dc91bcb9	503b98cb22ae88798bb6bfca83a46676933f3600	本地实验/MULTIROW-PANEL-RMS-CHAMPION-X/V022/support/runner_main.cpp	100644	c344fbd6e08908a30453471d90b4ff465ed5b8e5		EXCLUDE	SUPPORT_SOURCE		source retained only by source commit/blob reference
W3-R4-MULTIROW-PANEL-RMS-CHAMPION-X	V023	perf(r4): record v023 tile width regression	w3/m1/multirow-panel-rms	938f2b7c0588f3a3e4f26c7d6f1b26f243525efb	b11954c0042eb10d75a5f327be1d313608840780	7ed2db6878564106bd8ec1de2a8524c661879df9	503b98cb22ae88798bb6bfca83a46676933f3600	本地实验/MULTIROW-PANEL-RMS-CHAMPION-X/V023/local/MPR4-V023-LOCAL-20261006T184723Z/paired-fp16-128x12288.tsv	100644	1d15dbe21ce9feb66e133a631726be3c8e6704f8	证据集成/W3/Batch-09-R1-R3-R4-R5/R4/V023/local/MPR4-V023-LOCAL-20261006T184723Z/paired-fp16-128x12288.tsv	COPY	LOCAL_RAW_STATISTICS		original bytes
W3-R4-MULTIROW-PANEL-RMS-CHAMPION-X	V023	perf(r4): record v023 tile width regression	w3/m1/multirow-panel-rms	938f2b7c0588f3a3e4f26c7d6f1b26f243525efb	b11954c0042eb10d75a5f327be1d313608840780	7ed2db6878564106bd8ec1de2a8524c661879df9	503b98cb22ae88798bb6bfca83a46676933f3600	本地实验/MULTIROW-PANEL-RMS-CHAMPION-X/V023/local/MPR4-V023-LOCAL-20261006T184723Z/post.loadavg.txt	100644	4012103be0a20414c30fdf50c60f6c7dd113c7ca	证据集成/W3/Batch-09-R1-R3-R4-R5/R4/V023/local/MPR4-V023-LOCAL-20261006T184723Z/post.loadavg.txt	COPY	LOCAL_CONTEXT_OR_DIAGNOSTIC		original bytes
W3-R4-MULTIROW-PANEL-RMS-CHAMPION-X	V023	perf(r4): record v023 tile width regression	w3/m1/multirow-panel-rms	938f2b7c0588f3a3e4f26c7d6f1b26f243525efb	b11954c0042eb10d75a5f327be1d313608840780	7ed2db6878564106bd8ec1de2a8524c661879df9	503b98cb22ae88798bb6bfca83a46676933f3600	本地实验/MULTIROW-PANEL-RMS-CHAMPION-X/V023/local/MPR4-V023-LOCAL-20261006T184723Z/post.npu-smi.txt	100644	f7db2c7453c62509264e07048b55a199d9e4f5af	证据集成/W3/Batch-09-R1-R3-R4-R5/R4/V023/local/MPR4-V023-LOCAL-20261006T184723Z/post.npu-smi.txt	COPY	LOCAL_CONTEXT_OR_DIAGNOSTIC		original bytes
W3-R4-MULTIROW-PANEL-RMS-CHAMPION-X	V023	perf(r4): record v023 tile width regression	w3/m1/multirow-panel-rms	938f2b7c0588f3a3e4f26c7d6f1b26f243525efb	b11954c0042eb10d75a5f327be1d313608840780	7ed2db6878564106bd8ec1de2a8524c661879df9	503b98cb22ae88798bb6bfca83a46676933f3600	本地实验/MULTIROW-PANEL-RMS-CHAMPION-X/V023/local/MPR4-V023-LOCAL-20261006T184723Z/pre.loadavg.txt	100644	94e24d5b21ec418a212b743df2d5745e64db5970	证据集成/W3/Batch-09-R1-R3-R4-R5/R4/V023/local/MPR4-V023-LOCAL-20261006T184723Z/pre.loadavg.txt	COPY	LOCAL_CONTEXT_OR_DIAGNOSTIC		original bytes
W3-R4-MULTIROW-PANEL-RMS-CHAMPION-X	V023	perf(r4): record v023 tile width regression	w3/m1/multirow-panel-rms	938f2b7c0588f3a3e4f26c7d6f1b26f243525efb	b11954c0042eb10d75a5f327be1d313608840780	7ed2db6878564106bd8ec1de2a8524c661879df9	503b98cb22ae88798bb6bfca83a46676933f3600	本地实验/MULTIROW-PANEL-RMS-CHAMPION-X/V023/local/MPR4-V023-LOCAL-20261006T184723Z/pre.npu-smi.txt	100644	3ad885803604ba526eb6bf68f03ca77fc6de1ac8	证据集成/W3/Batch-09-R1-R3-R4-R5/R4/V023/local/MPR4-V023-LOCAL-20261006T184723Z/pre.npu-smi.txt	COPY	LOCAL_CONTEXT_OR_DIAGNOSTIC		original bytes
W3-R4-MULTIROW-PANEL-RMS-CHAMPION-X	V023	perf(r4): record v023 tile width regression	w3/m1/multirow-panel-rms	938f2b7c0588f3a3e4f26c7d6f1b26f243525efb	b11954c0042eb10d75a5f327be1d313608840780	7ed2db6878564106bd8ec1de2a8524c661879df9	503b98cb22ae88798bb6bfca83a46676933f3600	本地实验/MULTIROW-PANEL-RMS-CHAMPION-X/V023/local/MPR4-V023-LOCAL-20261006T184723Z/runner.stderr.log	100644	e69de29bb2d1d6434b8b29ae775ad8c2e48c5391	证据集成/W3/Batch-09-R1-R3-R4-R5/R4/V023/local/MPR4-V023-LOCAL-20261006T184723Z/runner.stderr.log	COPY	RUN_LOG		original bytes
W3-R4-MULTIROW-PANEL-RMS-CHAMPION-X	V023	perf(r4): record v023 tile width regression	w3/m1/multirow-panel-rms	938f2b7c0588f3a3e4f26c7d6f1b26f243525efb	b11954c0042eb10d75a5f327be1d313608840780	7ed2db6878564106bd8ec1de2a8524c661879df9	503b98cb22ae88798bb6bfca83a46676933f3600	本地实验/MULTIROW-PANEL-RMS-CHAMPION-X/V023/local/MPR4-V023-LOCAL-20261006T184723Z/runner.stdout.log	100644	e69de29bb2d1d6434b8b29ae775ad8c2e48c5391	证据集成/W3/Batch-09-R1-R3-R4-R5/R4/V023/local/MPR4-V023-LOCAL-20261006T184723Z/runner.stdout.log	COPY	RUN_LOG		original bytes
W3-R4-MULTIROW-PANEL-RMS-CHAMPION-X	V023	perf(r4): record v023 tile width regression	w3/m1/multirow-panel-rms	938f2b7c0588f3a3e4f26c7d6f1b26f243525efb	b11954c0042eb10d75a5f327be1d313608840780	7ed2db6878564106bd8ec1de2a8524c661879df9	503b98cb22ae88798bb6bfca83a46676933f3600	本地实验/MULTIROW-PANEL-RMS-CHAMPION-X/V023/local/MPR4-V023-LOCAL-20261006T184723Z/status.txt	100644	5dbc25d1056650a407390428009440b140bb52b5	证据集成/W3/Batch-09-R1-R3-R4-R5/R4/V023/local/MPR4-V023-LOCAL-20261006T184723Z/status.txt	COPY	LOCAL_CONTEXT_OR_DIAGNOSTIC		original bytes
W3-R4-MULTIROW-PANEL-RMS-CHAMPION-X	V023	perf(r4): record v023 tile width regression	w3/m1/multirow-panel-rms	938f2b7c0588f3a3e4f26c7d6f1b26f243525efb	b11954c0042eb10d75a5f327be1d313608840780	7ed2db6878564106bd8ec1de2a8524c661879df9	503b98cb22ae88798bb6bfca83a46676933f3600	本地实验/MULTIROW-PANEL-RMS-CHAMPION-X/V023/logs/MPR4-V023-COMPILE-20261006T184259Z.log	100644	b1e7bf95f1bb372b8f19319b1a2c1c6c9bb339f4	证据集成/W3/Batch-09-R1-R3-R4-R5/R4/V023/logs/MPR4-V023-COMPILE-20261006T184259Z.log	COPY	COMPILE_LOG		original bytes
W3-R4-MULTIROW-PANEL-RMS-CHAMPION-X	V023	perf(r4): record v023 tile width regression	w3/m1/multirow-panel-rms	938f2b7c0588f3a3e4f26c7d6f1b26f243525efb	b11954c0042eb10d75a5f327be1d313608840780	7ed2db6878564106bd8ec1de2a8524c661879df9	503b98cb22ae88798bb6bfca83a46676933f3600	本地实验/MULTIROW-PANEL-RMS-CHAMPION-X/V023/logs/MPR4-V023-CORR-20261006T184600Z.candidate.stdout.log	100644	7165ba5d08f1885477d7e35348e0aeb659fb408f	证据集成/W3/Batch-09-R1-R3-R4-R5/R4/V023/logs/MPR4-V023-CORR-20261006T184600Z.candidate.stdout.log	COPY	RUN_LOG		original bytes
W3-R4-MULTIROW-PANEL-RMS-CHAMPION-X	V023	perf(r4): record v023 tile width regression	w3/m1/multirow-panel-rms	938f2b7c0588f3a3e4f26c7d6f1b26f243525efb	b11954c0042eb10d75a5f327be1d313608840780	7ed2db6878564106bd8ec1de2a8524c661879df9	503b98cb22ae88798bb6bfca83a46676933f3600	本地实验/MULTIROW-PANEL-RMS-CHAMPION-X/V023/logs/MPR4-V023-CORR-20261006T184600Z.candidate.tsv	100644	1a15172706984416ba2e0bbb6ef7df3af5cf925c	证据集成/W3/Batch-09-R1-R3-R4-R5/R4/V023/logs/MPR4-V023-CORR-20261006T184600Z.candidate.tsv	COPY	LOCAL_RAW_STATISTICS		original bytes
W3-R4-MULTIROW-PANEL-RMS-CHAMPION-X	V023	perf(r4): record v023 tile width regression	w3/m1/multirow-panel-rms	938f2b7c0588f3a3e4f26c7d6f1b26f243525efb	b11954c0042eb10d75a5f327be1d313608840780	7ed2db6878564106bd8ec1de2a8524c661879df9	503b98cb22ae88798bb6bfca83a46676933f3600	本地实验/MULTIROW-PANEL-RMS-CHAMPION-X/V023/logs/MPR4-V023-CORR-20261006T184600Z.parent.stdout.log	100644	d206967ae86ca302ee146cebc9e7477265b526b6	证据集成/W3/Batch-09-R1-R3-R4-R5/R4/V023/logs/MPR4-V023-CORR-20261006T184600Z.parent.stdout.log	COPY	RUN_LOG		original bytes
W3-R4-MULTIROW-PANEL-RMS-CHAMPION-X	V023	perf(r4): record v023 tile width regression	w3/m1/multirow-panel-rms	938f2b7c0588f3a3e4f26c7d6f1b26f243525efb	b11954c0042eb10d75a5f327be1d313608840780	7ed2db6878564106bd8ec1de2a8524c661879df9	503b98cb22ae88798bb6bfca83a46676933f3600	本地实验/MULTIROW-PANEL-RMS-CHAMPION-X/V023/logs/MPR4-V023-CORR-20261006T184600Z.parent.tsv	100644	9dde407dec0d897eed3aa4b1a4d1fede4ac48914	证据集成/W3/Batch-09-R1-R3-R4-R5/R4/V023/logs/MPR4-V023-CORR-20261006T184600Z.parent.tsv	COPY	LOCAL_RAW_STATISTICS		original bytes
W3-R4-MULTIROW-PANEL-RMS-CHAMPION-X	V023	perf(r4): record v023 tile width regression	w3/m1/multirow-panel-rms	938f2b7c0588f3a3e4f26c7d6f1b26f243525efb	b11954c0042eb10d75a5f327be1d313608840780	7ed2db6878564106bd8ec1de2a8524c661879df9	503b98cb22ae88798bb6bfca83a46676933f3600	本地实验/MULTIROW-PANEL-RMS-CHAMPION-X/V023/logs/MPR4-V023-CORR-20261006T184600Z.post.npu-smi.txt	100644	42b911ddcb86aab2653b4e98cfb4695b5fb1b9cd	证据集成/W3/Batch-09-R1-R3-R4-R5/R4/V023/logs/MPR4-V023-CORR-20261006T184600Z.post.npu-smi.txt	COPY	LOCAL_CONTEXT_OR_DIAGNOSTIC		original bytes
W3-R4-MULTIROW-PANEL-RMS-CHAMPION-X	V023	perf(r4): record v023 tile width regression	w3/m1/multirow-panel-rms	938f2b7c0588f3a3e4f26c7d6f1b26f243525efb	b11954c0042eb10d75a5f327be1d313608840780	7ed2db6878564106bd8ec1de2a8524c661879df9	503b98cb22ae88798bb6bfca83a46676933f3600	本地实验/MULTIROW-PANEL-RMS-CHAMPION-X/V023/logs/MPR4-V023-CORR-20261006T184600Z.pre.npu-smi.txt	100644	255a03bde8ee8c5ad0565fd5f9c98f7d241fbb4d	证据集成/W3/Batch-09-R1-R3-R4-R5/R4/V023/logs/MPR4-V023-CORR-20261006T184600Z.pre.npu-smi.txt	COPY	LOCAL_CONTEXT_OR_DIAGNOSTIC		original bytes
W3-R4-MULTIROW-PANEL-RMS-CHAMPION-X	V023	perf(r4): record v023 tile width regression	w3/m1/multirow-panel-rms	938f2b7c0588f3a3e4f26c7d6f1b26f243525efb	b11954c0042eb10d75a5f327be1d313608840780	7ed2db6878564106bd8ec1de2a8524c661879df9	503b98cb22ae88798bb6bfca83a46676933f3600	本地实验/MULTIROW-PANEL-RMS-CHAMPION-X/V023/logs/MPR4-V023-CORR-20261006T184600Z.status.txt	100644	dbb799799fef953d36a82e75d6800b9261993553	证据集成/W3/Batch-09-R1-R3-R4-R5/R4/V023/logs/MPR4-V023-CORR-20261006T184600Z.status.txt	COPY	LOCAL_CONTEXT_OR_DIAGNOSTIC		original bytes
W3-R4-MULTIROW-PANEL-RMS-CHAMPION-X	V023	perf(r4): record v023 tile width regression	w3/m1/multirow-panel-rms	938f2b7c0588f3a3e4f26c7d6f1b26f243525efb	b11954c0042eb10d75a5f327be1d313608840780	7ed2db6878564106bd8ec1de2a8524c661879df9	503b98cb22ae88798bb6bfca83a46676933f3600	本地实验/MULTIROW-PANEL-RMS-CHAMPION-X/V023/submission.asc	100644	f703528e79ed4ead4c6deaf34a16c90e84bdfd22		EXCLUDE	CANDIDATE_OR_KERNEL_SOURCE		source retained only by source commit/blob reference
W3-R4-MULTIROW-PANEL-RMS-CHAMPION-X	V023	perf(r4): record v023 tile width regression	w3/m1/multirow-panel-rms	938f2b7c0588f3a3e4f26c7d6f1b26f243525efb	b11954c0042eb10d75a5f327be1d313608840780	7ed2db6878564106bd8ec1de2a8524c661879df9	503b98cb22ae88798bb6bfca83a46676933f3600	本地实验/MULTIROW-PANEL-RMS-CHAMPION-X/V023/summary.txt	100644	ecfc31866c3459791e875c5407baa5af58bc78f0	证据集成/W3/Batch-09-R1-R3-R4-R5/R4/V023/summary.txt	COPY	LOCAL_CONTEXT_OR_DIAGNOSTIC		original bytes
W3-R4-MULTIROW-PANEL-RMS-CHAMPION-X	V023	perf(r4): record v023 tile width regression	w3/m1/multirow-panel-rms	938f2b7c0588f3a3e4f26c7d6f1b26f243525efb	b11954c0042eb10d75a5f327be1d313608840780	7ed2db6878564106bd8ec1de2a8524c661879df9	503b98cb22ae88798bb6bfca83a46676933f3600	本地实验/MULTIROW-PANEL-RMS-CHAMPION-X/V023/support/CMakeLists.txt	100644	26d61167cac3e643a1461b5097915cd02b21f364		EXCLUDE	BUILD_CONFIGURATION		build configuration not copied
W3-R4-MULTIROW-PANEL-RMS-CHAMPION-X	V023	perf(r4): record v023 tile width regression	w3/m1/multirow-panel-rms	938f2b7c0588f3a3e4f26c7d6f1b26f243525efb	b11954c0042eb10d75a5f327be1d313608840780	7ed2db6878564106bd8ec1de2a8524c661879df9	503b98cb22ae88798bb6bfca83a46676933f3600	本地实验/MULTIROW-PANEL-RMS-CHAMPION-X/V023/support/build_server3.sh	100644	18e12240f69695504258543fa4480c78b93adcba		EXCLUDE	BUILD_OR_EXECUTION_SCRIPT		script not copied
W3-R4-MULTIROW-PANEL-RMS-CHAMPION-X	V023	perf(r4): record v023 tile width regression	w3/m1/multirow-panel-rms	938f2b7c0588f3a3e4f26c7d6f1b26f243525efb	b11954c0042eb10d75a5f327be1d313608840780	7ed2db6878564106bd8ec1de2a8524c661879df9	503b98cb22ae88798bb6bfca83a46676933f3600	本地实验/MULTIROW-PANEL-RMS-CHAMPION-X/V023/support/candidate_kernel.asc	100644	3ef7048e01ddd88fb3d4b4a87c0ecb102c75799c		EXCLUDE	CANDIDATE_OR_KERNEL_SOURCE		source retained only by source commit/blob reference
W3-R4-MULTIROW-PANEL-RMS-CHAMPION-X	V023	perf(r4): record v023 tile width regression	w3/m1/multirow-panel-rms	938f2b7c0588f3a3e4f26c7d6f1b26f243525efb	b11954c0042eb10d75a5f327be1d313608840780	7ed2db6878564106bd8ec1de2a8524c661879df9	503b98cb22ae88798bb6bfca83a46676933f3600	本地实验/MULTIROW-PANEL-RMS-CHAMPION-X/V023/support/compile_server3.sh	100644	0217b100bfb8a7a4d6b1e524e0bc48c3b0e52cf6		EXCLUDE	BUILD_OR_EXECUTION_SCRIPT		script not copied
W3-R4-MULTIROW-PANEL-RMS-CHAMPION-X	V023	perf(r4): record v023 tile width regression	w3/m1/multirow-panel-rms	938f2b7c0588f3a3e4f26c7d6f1b26f243525efb	b11954c0042eb10d75a5f327be1d313608840780	7ed2db6878564106bd8ec1de2a8524c661879df9	503b98cb22ae88798bb6bfca83a46676933f3600	本地实验/MULTIROW-PANEL-RMS-CHAMPION-X/V023/support/local_abi_shim.h	100644	f52411b2c5f6b614ff1e61f30707250a43cc10d3		EXCLUDE	SUPPORT_SOURCE		source retained only by source commit/blob reference
W3-R4-MULTIROW-PANEL-RMS-CHAMPION-X	V023	perf(r4): record v023 tile width regression	w3/m1/multirow-panel-rms	938f2b7c0588f3a3e4f26c7d6f1b26f243525efb	b11954c0042eb10d75a5f327be1d313608840780	7ed2db6878564106bd8ec1de2a8524c661879df9	503b98cb22ae88798bb6bfca83a46676933f3600	本地实验/MULTIROW-PANEL-RMS-CHAMPION-X/V023/support/parent_kernel.asc	100644	9dbb3053c84dc39f4aee7826176ba96b70f413bc		EXCLUDE	CANDIDATE_OR_KERNEL_SOURCE		source retained only by source commit/blob reference
W3-R4-MULTIROW-PANEL-RMS-CHAMPION-X	V023	perf(r4): record v023 tile width regression	w3/m1/multirow-panel-rms	938f2b7c0588f3a3e4f26c7d6f1b26f243525efb	b11954c0042eb10d75a5f327be1d313608840780	7ed2db6878564106bd8ec1de2a8524c661879df9	503b98cb22ae88798bb6bfca83a46676933f3600	本地实验/MULTIROW-PANEL-RMS-CHAMPION-X/V023/support/runner_main.cpp	100644	c344fbd6e08908a30453471d90b4ff465ed5b8e5		EXCLUDE	SUPPORT_SOURCE		source retained only by source commit/blob reference
W3-R4-MULTIROW-PANEL-RMS-CHAMPION-X	V024	perf(r4): record v024 wide y budget regression	w3/m1/multirow-panel-rms	031dcc9995f76187dd1c325fafe9bd44899aa7eb	938f2b7c0588f3a3e4f26c7d6f1b26f243525efb	03c6020adf62b28f034ebf4fc2d3f9ccec4763f5	503b98cb22ae88798bb6bfca83a46676933f3600	本地实验/MULTIROW-PANEL-RMS-CHAMPION-X/V024/local/MPR4-V024-LOCAL-20261006T190820Z/MPR4-V024-LOCAL-20261006T190820Z.paired.tsv	100644	d070ef129df54986fc0a69e3810381e2e50be3d9	证据集成/W3/Batch-09-R1-R3-R4-R5/R4/V024/local/MPR4-V024-LOCAL-20261006T190820Z/MPR4-V024-LOCAL-20261006T190820Z.paired.tsv	COPY	LOCAL_RAW_STATISTICS		original bytes
W3-R4-MULTIROW-PANEL-RMS-CHAMPION-X	V024	perf(r4): record v024 wide y budget regression	w3/m1/multirow-panel-rms	031dcc9995f76187dd1c325fafe9bd44899aa7eb	938f2b7c0588f3a3e4f26c7d6f1b26f243525efb	03c6020adf62b28f034ebf4fc2d3f9ccec4763f5	503b98cb22ae88798bb6bfca83a46676933f3600	本地实验/MULTIROW-PANEL-RMS-CHAMPION-X/V024/local/MPR4-V024-LOCAL-20261006T190820Z/MPR4-V024-LOCAL-20261006T190820Z.post.loadavg.txt	100644	a75ab06a6d338855545b96bb1833a0a9aca74a8b	证据集成/W3/Batch-09-R1-R3-R4-R5/R4/V024/local/MPR4-V024-LOCAL-20261006T190820Z/MPR4-V024-LOCAL-20261006T190820Z.post.loadavg.txt	COPY	LOCAL_CONTEXT_OR_DIAGNOSTIC		original bytes
W3-R4-MULTIROW-PANEL-RMS-CHAMPION-X	V024	perf(r4): record v024 wide y budget regression	w3/m1/multirow-panel-rms	031dcc9995f76187dd1c325fafe9bd44899aa7eb	938f2b7c0588f3a3e4f26c7d6f1b26f243525efb	03c6020adf62b28f034ebf4fc2d3f9ccec4763f5	503b98cb22ae88798bb6bfca83a46676933f3600	本地实验/MULTIROW-PANEL-RMS-CHAMPION-X/V024/local/MPR4-V024-LOCAL-20261006T190820Z/MPR4-V024-LOCAL-20261006T190820Z.post.npu-smi.txt	100644	670905c554e53fe99602c28b2c83ad45d54725c1	证据集成/W3/Batch-09-R1-R3-R4-R5/R4/V024/local/MPR4-V024-LOCAL-20261006T190820Z/MPR4-V024-LOCAL-20261006T190820Z.post.npu-smi.txt	COPY	LOCAL_CONTEXT_OR_DIAGNOSTIC		original bytes
W3-R4-MULTIROW-PANEL-RMS-CHAMPION-X	V024	perf(r4): record v024 wide y budget regression	w3/m1/multirow-panel-rms	031dcc9995f76187dd1c325fafe9bd44899aa7eb	938f2b7c0588f3a3e4f26c7d6f1b26f243525efb	03c6020adf62b28f034ebf4fc2d3f9ccec4763f5	503b98cb22ae88798bb6bfca83a46676933f3600	本地实验/MULTIROW-PANEL-RMS-CHAMPION-X/V024/local/MPR4-V024-LOCAL-20261006T190820Z/MPR4-V024-LOCAL-20261006T190820Z.pre.loadavg.txt	100644	44b54d5eda00722707922866ba66f790b5f52319	证据集成/W3/Batch-09-R1-R3-R4-R5/R4/V024/local/MPR4-V024-LOCAL-20261006T190820Z/MPR4-V024-LOCAL-20261006T190820Z.pre.loadavg.txt	COPY	LOCAL_CONTEXT_OR_DIAGNOSTIC		original bytes
W3-R4-MULTIROW-PANEL-RMS-CHAMPION-X	V024	perf(r4): record v024 wide y budget regression	w3/m1/multirow-panel-rms	031dcc9995f76187dd1c325fafe9bd44899aa7eb	938f2b7c0588f3a3e4f26c7d6f1b26f243525efb	03c6020adf62b28f034ebf4fc2d3f9ccec4763f5	503b98cb22ae88798bb6bfca83a46676933f3600	本地实验/MULTIROW-PANEL-RMS-CHAMPION-X/V024/local/MPR4-V024-LOCAL-20261006T190820Z/MPR4-V024-LOCAL-20261006T190820Z.pre.npu-smi.txt	100644	69dd459078800a1749405f4291ad14adaecc3bfe	证据集成/W3/Batch-09-R1-R3-R4-R5/R4/V024/local/MPR4-V024-LOCAL-20261006T190820Z/MPR4-V024-LOCAL-20261006T190820Z.pre.npu-smi.txt	COPY	LOCAL_CONTEXT_OR_DIAGNOSTIC		original bytes
W3-R4-MULTIROW-PANEL-RMS-CHAMPION-X	V024	perf(r4): record v024 wide y budget regression	w3/m1/multirow-panel-rms	031dcc9995f76187dd1c325fafe9bd44899aa7eb	938f2b7c0588f3a3e4f26c7d6f1b26f243525efb	03c6020adf62b28f034ebf4fc2d3f9ccec4763f5	503b98cb22ae88798bb6bfca83a46676933f3600	本地实验/MULTIROW-PANEL-RMS-CHAMPION-X/V024/local/MPR4-V024-LOCAL-20261006T190820Z/MPR4-V024-LOCAL-20261006T190820Z.runner.stderr.log	100644	e69de29bb2d1d6434b8b29ae775ad8c2e48c5391	证据集成/W3/Batch-09-R1-R3-R4-R5/R4/V024/local/MPR4-V024-LOCAL-20261006T190820Z/MPR4-V024-LOCAL-20261006T190820Z.runner.stderr.log	COPY	LOCAL_RUN_LOG		original bytes
W3-R4-MULTIROW-PANEL-RMS-CHAMPION-X	V024	perf(r4): record v024 wide y budget regression	w3/m1/multirow-panel-rms	031dcc9995f76187dd1c325fafe9bd44899aa7eb	938f2b7c0588f3a3e4f26c7d6f1b26f243525efb	03c6020adf62b28f034ebf4fc2d3f9ccec4763f5	503b98cb22ae88798bb6bfca83a46676933f3600	本地实验/MULTIROW-PANEL-RMS-CHAMPION-X/V024/local/MPR4-V024-LOCAL-20261006T190820Z/MPR4-V024-LOCAL-20261006T190820Z.runner.stdout.log	100644	e69de29bb2d1d6434b8b29ae775ad8c2e48c5391	证据集成/W3/Batch-09-R1-R3-R4-R5/R4/V024/local/MPR4-V024-LOCAL-20261006T190820Z/MPR4-V024-LOCAL-20261006T190820Z.runner.stdout.log	COPY	LOCAL_RUN_LOG		original bytes
W3-R4-MULTIROW-PANEL-RMS-CHAMPION-X	V024	perf(r4): record v024 wide y budget regression	w3/m1/multirow-panel-rms	031dcc9995f76187dd1c325fafe9bd44899aa7eb	938f2b7c0588f3a3e4f26c7d6f1b26f243525efb	03c6020adf62b28f034ebf4fc2d3f9ccec4763f5	503b98cb22ae88798bb6bfca83a46676933f3600	本地实验/MULTIROW-PANEL-RMS-CHAMPION-X/V024/local/MPR4-V024-LOCAL-20261006T190820Z/MPR4-V024-LOCAL-20261006T190820Z.status.txt	100644	b1711fd8b67e581e14495c2b2c933c639b1ddf4f	证据集成/W3/Batch-09-R1-R3-R4-R5/R4/V024/local/MPR4-V024-LOCAL-20261006T190820Z/MPR4-V024-LOCAL-20261006T190820Z.status.txt	COPY	LOCAL_CONTEXT_OR_DIAGNOSTIC		original bytes
W3-R4-MULTIROW-PANEL-RMS-CHAMPION-X	V024	perf(r4): record v024 wide y budget regression	w3/m1/multirow-panel-rms	031dcc9995f76187dd1c325fafe9bd44899aa7eb	938f2b7c0588f3a3e4f26c7d6f1b26f243525efb	03c6020adf62b28f034ebf4fc2d3f9ccec4763f5	503b98cb22ae88798bb6bfca83a46676933f3600	本地实验/MULTIROW-PANEL-RMS-CHAMPION-X/V024/logs/${run_id}.post.npu-smi.txt	100644	4ce268c0de885d978452ffac0d3f3f45d0488c66	证据集成/W3/Batch-09-R1-R3-R4-R5/R4/V024/logs/${run_id}.post.npu-smi.txt	COPY	LOCAL_CONTEXT_OR_DIAGNOSTIC		original bytes
W3-R4-MULTIROW-PANEL-RMS-CHAMPION-X	V024	perf(r4): record v024 wide y budget regression	w3/m1/multirow-panel-rms	031dcc9995f76187dd1c325fafe9bd44899aa7eb	938f2b7c0588f3a3e4f26c7d6f1b26f243525efb	03c6020adf62b28f034ebf4fc2d3f9ccec4763f5	503b98cb22ae88798bb6bfca83a46676933f3600	本地实验/MULTIROW-PANEL-RMS-CHAMPION-X/V024/logs/${run_id}.pre.npu-smi.txt	100644	56ffae5a28cd7d277b50bd6aa8335db1b83d353d	证据集成/W3/Batch-09-R1-R3-R4-R5/R4/V024/logs/${run_id}.pre.npu-smi.txt	COPY	LOCAL_CONTEXT_OR_DIAGNOSTIC		original bytes
W3-R4-MULTIROW-PANEL-RMS-CHAMPION-X	V024	perf(r4): record v024 wide y budget regression	w3/m1/multirow-panel-rms	031dcc9995f76187dd1c325fafe9bd44899aa7eb	938f2b7c0588f3a3e4f26c7d6f1b26f243525efb	03c6020adf62b28f034ebf4fc2d3f9ccec4763f5	503b98cb22ae88798bb6bfca83a46676933f3600	本地实验/MULTIROW-PANEL-RMS-CHAMPION-X/V024/logs/MPR4-V024-COMPILE-20261006T190130Z.log	100644	7799de550821f179691cdb6b178947154dc26e22	证据集成/W3/Batch-09-R1-R3-R4-R5/R4/V024/logs/MPR4-V024-COMPILE-20261006T190130Z.log	COPY	COMPILE_LOG		original bytes
W3-R4-MULTIROW-PANEL-RMS-CHAMPION-X	V024	perf(r4): record v024 wide y budget regression	w3/m1/multirow-panel-rms	031dcc9995f76187dd1c325fafe9bd44899aa7eb	938f2b7c0588f3a3e4f26c7d6f1b26f243525efb	03c6020adf62b28f034ebf4fc2d3f9ccec4763f5	503b98cb22ae88798bb6bfca83a46676933f3600	本地实验/MULTIROW-PANEL-RMS-CHAMPION-X/V024/logs/MPR4-V024-CORR-20261006T190545Z.candidate.stderr.log	100644	e69de29bb2d1d6434b8b29ae775ad8c2e48c5391	证据集成/W3/Batch-09-R1-R3-R4-R5/R4/V024/logs/MPR4-V024-CORR-20261006T190545Z.candidate.stderr.log	COPY	RUN_LOG		original bytes
W3-R4-MULTIROW-PANEL-RMS-CHAMPION-X	V024	perf(r4): record v024 wide y budget regression	w3/m1/multirow-panel-rms	031dcc9995f76187dd1c325fafe9bd44899aa7eb	938f2b7c0588f3a3e4f26c7d6f1b26f243525efb	03c6020adf62b28f034ebf4fc2d3f9ccec4763f5	503b98cb22ae88798bb6bfca83a46676933f3600	本地实验/MULTIROW-PANEL-RMS-CHAMPION-X/V024/logs/MPR4-V024-CORR-20261006T190545Z.candidate.stdout.log	100644	7165ba5d08f1885477d7e35348e0aeb659fb408f	证据集成/W3/Batch-09-R1-R3-R4-R5/R4/V024/logs/MPR4-V024-CORR-20261006T190545Z.candidate.stdout.log	COPY	RUN_LOG		original bytes
W3-R4-MULTIROW-PANEL-RMS-CHAMPION-X	V024	perf(r4): record v024 wide y budget regression	w3/m1/multirow-panel-rms	031dcc9995f76187dd1c325fafe9bd44899aa7eb	938f2b7c0588f3a3e4f26c7d6f1b26f243525efb	03c6020adf62b28f034ebf4fc2d3f9ccec4763f5	503b98cb22ae88798bb6bfca83a46676933f3600	本地实验/MULTIROW-PANEL-RMS-CHAMPION-X/V024/logs/MPR4-V024-CORR-20261006T190545Z.candidate.tsv	100644	de8d823da9cd0ede12d2e5217581dbeec70aefde	证据集成/W3/Batch-09-R1-R3-R4-R5/R4/V024/logs/MPR4-V024-CORR-20261006T190545Z.candidate.tsv	COPY	LOCAL_RAW_STATISTICS		original bytes
W3-R4-MULTIROW-PANEL-RMS-CHAMPION-X	V024	perf(r4): record v024 wide y budget regression	w3/m1/multirow-panel-rms	031dcc9995f76187dd1c325fafe9bd44899aa7eb	938f2b7c0588f3a3e4f26c7d6f1b26f243525efb	03c6020adf62b28f034ebf4fc2d3f9ccec4763f5	503b98cb22ae88798bb6bfca83a46676933f3600	本地实验/MULTIROW-PANEL-RMS-CHAMPION-X/V024/logs/MPR4-V024-CORR-20261006T190545Z.parent.stderr.log	100644	e69de29bb2d1d6434b8b29ae775ad8c2e48c5391	证据集成/W3/Batch-09-R1-R3-R4-R5/R4/V024/logs/MPR4-V024-CORR-20261006T190545Z.parent.stderr.log	COPY	RUN_LOG		original bytes
W3-R4-MULTIROW-PANEL-RMS-CHAMPION-X	V024	perf(r4): record v024 wide y budget regression	w3/m1/multirow-panel-rms	031dcc9995f76187dd1c325fafe9bd44899aa7eb	938f2b7c0588f3a3e4f26c7d6f1b26f243525efb	03c6020adf62b28f034ebf4fc2d3f9ccec4763f5	503b98cb22ae88798bb6bfca83a46676933f3600	本地实验/MULTIROW-PANEL-RMS-CHAMPION-X/V024/logs/MPR4-V024-CORR-20261006T190545Z.parent.stdout.log	100644	d206967ae86ca302ee146cebc9e7477265b526b6	证据集成/W3/Batch-09-R1-R3-R4-R5/R4/V024/logs/MPR4-V024-CORR-20261006T190545Z.parent.stdout.log	COPY	RUN_LOG		original bytes
W3-R4-MULTIROW-PANEL-RMS-CHAMPION-X	V024	perf(r4): record v024 wide y budget regression	w3/m1/multirow-panel-rms	031dcc9995f76187dd1c325fafe9bd44899aa7eb	938f2b7c0588f3a3e4f26c7d6f1b26f243525efb	03c6020adf62b28f034ebf4fc2d3f9ccec4763f5	503b98cb22ae88798bb6bfca83a46676933f3600	本地实验/MULTIROW-PANEL-RMS-CHAMPION-X/V024/logs/MPR4-V024-CORR-20261006T190545Z.parent.tsv	100644	2163a4c7a4f0a5e4b2c2f620c798ce5af1a4fc1b	证据集成/W3/Batch-09-R1-R3-R4-R5/R4/V024/logs/MPR4-V024-CORR-20261006T190545Z.parent.tsv	COPY	LOCAL_RAW_STATISTICS		original bytes
W3-R4-MULTIROW-PANEL-RMS-CHAMPION-X	V024	perf(r4): record v024 wide y budget regression	w3/m1/multirow-panel-rms	031dcc9995f76187dd1c325fafe9bd44899aa7eb	938f2b7c0588f3a3e4f26c7d6f1b26f243525efb	03c6020adf62b28f034ebf4fc2d3f9ccec4763f5	503b98cb22ae88798bb6bfca83a46676933f3600	本地实验/MULTIROW-PANEL-RMS-CHAMPION-X/V024/logs/MPR4-V024-CORR-20261006T190545Z.post.npu-smi.txt	100644	9fa890cbdd247d8772d73dc8463db9a7e02f1c3c	证据集成/W3/Batch-09-R1-R3-R4-R5/R4/V024/logs/MPR4-V024-CORR-20261006T190545Z.post.npu-smi.txt	COPY	LOCAL_CONTEXT_OR_DIAGNOSTIC		original bytes
W3-R4-MULTIROW-PANEL-RMS-CHAMPION-X	V024	perf(r4): record v024 wide y budget regression	w3/m1/multirow-panel-rms	031dcc9995f76187dd1c325fafe9bd44899aa7eb	938f2b7c0588f3a3e4f26c7d6f1b26f243525efb	03c6020adf62b28f034ebf4fc2d3f9ccec4763f5	503b98cb22ae88798bb6bfca83a46676933f3600	本地实验/MULTIROW-PANEL-RMS-CHAMPION-X/V024/logs/MPR4-V024-CORR-20261006T190545Z.pre.npu-smi.txt	100644	064c27d871eaf47f90bf4015117b3f802b5f638b	证据集成/W3/Batch-09-R1-R3-R4-R5/R4/V024/logs/MPR4-V024-CORR-20261006T190545Z.pre.npu-smi.txt	COPY	LOCAL_CONTEXT_OR_DIAGNOSTIC		original bytes
W3-R4-MULTIROW-PANEL-RMS-CHAMPION-X	V024	perf(r4): record v024 wide y budget regression	w3/m1/multirow-panel-rms	031dcc9995f76187dd1c325fafe9bd44899aa7eb	938f2b7c0588f3a3e4f26c7d6f1b26f243525efb	03c6020adf62b28f034ebf4fc2d3f9ccec4763f5	503b98cb22ae88798bb6bfca83a46676933f3600	本地实验/MULTIROW-PANEL-RMS-CHAMPION-X/V024/logs/MPR4-V024-CORR-20261006T190545Z.status.txt	100644	9f58b2f70e890e4fbe9629d576bd2fb84b90dff3	证据集成/W3/Batch-09-R1-R3-R4-R5/R4/V024/logs/MPR4-V024-CORR-20261006T190545Z.status.txt	COPY	LOCAL_CONTEXT_OR_DIAGNOSTIC		original bytes
W3-R4-MULTIROW-PANEL-RMS-CHAMPION-X	V024	perf(r4): record v024 wide y budget regression	w3/m1/multirow-panel-rms	031dcc9995f76187dd1c325fafe9bd44899aa7eb	938f2b7c0588f3a3e4f26c7d6f1b26f243525efb	03c6020adf62b28f034ebf4fc2d3f9ccec4763f5	503b98cb22ae88798bb6bfca83a46676933f3600	本地实验/MULTIROW-PANEL-RMS-CHAMPION-X/V024/submission.asc	100644	edcbe5134729aa24e9441d1ca6f5d69fcace8672		EXCLUDE	CANDIDATE_OR_KERNEL_SOURCE		source retained only by source commit/blob reference
W3-R4-MULTIROW-PANEL-RMS-CHAMPION-X	V024	perf(r4): record v024 wide y budget regression	w3/m1/multirow-panel-rms	031dcc9995f76187dd1c325fafe9bd44899aa7eb	938f2b7c0588f3a3e4f26c7d6f1b26f243525efb	03c6020adf62b28f034ebf4fc2d3f9ccec4763f5	503b98cb22ae88798bb6bfca83a46676933f3600	本地实验/MULTIROW-PANEL-RMS-CHAMPION-X/V024/summary.txt	100644	fb0de6df1d6d40c36ce2a635e82d5846193203dd	证据集成/W3/Batch-09-R1-R3-R4-R5/R4/V024/summary.txt	COPY	LOCAL_CONTEXT_OR_DIAGNOSTIC		original bytes
W3-R4-MULTIROW-PANEL-RMS-CHAMPION-X	V024	perf(r4): record v024 wide y budget regression	w3/m1/multirow-panel-rms	031dcc9995f76187dd1c325fafe9bd44899aa7eb	938f2b7c0588f3a3e4f26c7d6f1b26f243525efb	03c6020adf62b28f034ebf4fc2d3f9ccec4763f5	503b98cb22ae88798bb6bfca83a46676933f3600	本地实验/MULTIROW-PANEL-RMS-CHAMPION-X/V024/support/CMakeLists.txt	100644	26d61167cac3e643a1461b5097915cd02b21f364		EXCLUDE	BUILD_CONFIGURATION		build configuration not copied
W3-R4-MULTIROW-PANEL-RMS-CHAMPION-X	V024	perf(r4): record v024 wide y budget regression	w3/m1/multirow-panel-rms	031dcc9995f76187dd1c325fafe9bd44899aa7eb	938f2b7c0588f3a3e4f26c7d6f1b26f243525efb	03c6020adf62b28f034ebf4fc2d3f9ccec4763f5	503b98cb22ae88798bb6bfca83a46676933f3600	本地实验/MULTIROW-PANEL-RMS-CHAMPION-X/V024/support/build_server3.sh	100644	18e12240f69695504258543fa4480c78b93adcba		EXCLUDE	BUILD_OR_EXECUTION_SCRIPT		script not copied
W3-R4-MULTIROW-PANEL-RMS-CHAMPION-X	V024	perf(r4): record v024 wide y budget regression	w3/m1/multirow-panel-rms	031dcc9995f76187dd1c325fafe9bd44899aa7eb	938f2b7c0588f3a3e4f26c7d6f1b26f243525efb	03c6020adf62b28f034ebf4fc2d3f9ccec4763f5	503b98cb22ae88798bb6bfca83a46676933f3600	本地实验/MULTIROW-PANEL-RMS-CHAMPION-X/V024/support/candidate_kernel.asc	100644	3ef7048e01ddd88fb3d4b4a87c0ecb102c75799c		EXCLUDE	CANDIDATE_OR_KERNEL_SOURCE		source retained only by source commit/blob reference
W3-R4-MULTIROW-PANEL-RMS-CHAMPION-X	V024	perf(r4): record v024 wide y budget regression	w3/m1/multirow-panel-rms	031dcc9995f76187dd1c325fafe9bd44899aa7eb	938f2b7c0588f3a3e4f26c7d6f1b26f243525efb	03c6020adf62b28f034ebf4fc2d3f9ccec4763f5	503b98cb22ae88798bb6bfca83a46676933f3600	本地实验/MULTIROW-PANEL-RMS-CHAMPION-X/V024/support/compile_server3.sh	100644	de72fed2e5444255f0307fd1b71f53e170f7d849		EXCLUDE	BUILD_OR_EXECUTION_SCRIPT		script not copied
W3-R4-MULTIROW-PANEL-RMS-CHAMPION-X	V024	perf(r4): record v024 wide y budget regression	w3/m1/multirow-panel-rms	031dcc9995f76187dd1c325fafe9bd44899aa7eb	938f2b7c0588f3a3e4f26c7d6f1b26f243525efb	03c6020adf62b28f034ebf4fc2d3f9ccec4763f5	503b98cb22ae88798bb6bfca83a46676933f3600	本地实验/MULTIROW-PANEL-RMS-CHAMPION-X/V024/support/local_abi_shim.h	100644	f52411b2c5f6b614ff1e61f30707250a43cc10d3		EXCLUDE	SUPPORT_SOURCE		source retained only by source commit/blob reference
W3-R4-MULTIROW-PANEL-RMS-CHAMPION-X	V024	perf(r4): record v024 wide y budget regression	w3/m1/multirow-panel-rms	031dcc9995f76187dd1c325fafe9bd44899aa7eb	938f2b7c0588f3a3e4f26c7d6f1b26f243525efb	03c6020adf62b28f034ebf4fc2d3f9ccec4763f5	503b98cb22ae88798bb6bfca83a46676933f3600	本地实验/MULTIROW-PANEL-RMS-CHAMPION-X/V024/support/parent_kernel.asc	100644	9dbb3053c84dc39f4aee7826176ba96b70f413bc		EXCLUDE	CANDIDATE_OR_KERNEL_SOURCE		source retained only by source commit/blob reference
W3-R4-MULTIROW-PANEL-RMS-CHAMPION-X	V024	perf(r4): record v024 wide y budget regression	w3/m1/multirow-panel-rms	031dcc9995f76187dd1c325fafe9bd44899aa7eb	938f2b7c0588f3a3e4f26c7d6f1b26f243525efb	03c6020adf62b28f034ebf4fc2d3f9ccec4763f5	503b98cb22ae88798bb6bfca83a46676933f3600	本地实验/MULTIROW-PANEL-RMS-CHAMPION-X/V024/support/runner_main.cpp	100644	c344fbd6e08908a30453471d90b4ff465ed5b8e5		EXCLUDE	SUPPORT_SOURCE		source retained only by source commit/blob reference
W3-R4-MULTIROW-PANEL-RMS-CHAMPION-X	V025	perf(r4): record v025 wide y tile regression	w3/m1/multirow-panel-rms	1973348e551a5ba2e4e17789a30d7f97527c73f1	031dcc9995f76187dd1c325fafe9bd44899aa7eb	65fb4180b0ddf4d7ff58bfd13ed87db13701e3d9	503b98cb22ae88798bb6bfca83a46676933f3600	本地实验/MULTIROW-PANEL-RMS-CHAMPION-X/V025/local/MPR4-V025-LOCAL-20261006T192301Z/MPR4-V025-LOCAL-20261006T192301Z.paired.tsv	100644	52342289747b385f7806dc31e35df28a07e279df	证据集成/W3/Batch-09-R1-R3-R4-R5/R4/V025/local/MPR4-V025-LOCAL-20261006T192301Z/MPR4-V025-LOCAL-20261006T192301Z.paired.tsv	COPY	LOCAL_RAW_STATISTICS		original bytes
W3-R4-MULTIROW-PANEL-RMS-CHAMPION-X	V025	perf(r4): record v025 wide y tile regression	w3/m1/multirow-panel-rms	1973348e551a5ba2e4e17789a30d7f97527c73f1	031dcc9995f76187dd1c325fafe9bd44899aa7eb	65fb4180b0ddf4d7ff58bfd13ed87db13701e3d9	503b98cb22ae88798bb6bfca83a46676933f3600	本地实验/MULTIROW-PANEL-RMS-CHAMPION-X/V025/local/MPR4-V025-LOCAL-20261006T192301Z/MPR4-V025-LOCAL-20261006T192301Z.post.loadavg.txt	100644	aacc89bfc5e7071572f181304db79645cf5697c3	证据集成/W3/Batch-09-R1-R3-R4-R5/R4/V025/local/MPR4-V025-LOCAL-20261006T192301Z/MPR4-V025-LOCAL-20261006T192301Z.post.loadavg.txt	COPY	LOCAL_CONTEXT_OR_DIAGNOSTIC		original bytes
W3-R4-MULTIROW-PANEL-RMS-CHAMPION-X	V025	perf(r4): record v025 wide y tile regression	w3/m1/multirow-panel-rms	1973348e551a5ba2e4e17789a30d7f97527c73f1	031dcc9995f76187dd1c325fafe9bd44899aa7eb	65fb4180b0ddf4d7ff58bfd13ed87db13701e3d9	503b98cb22ae88798bb6bfca83a46676933f3600	本地实验/MULTIROW-PANEL-RMS-CHAMPION-X/V025/local/MPR4-V025-LOCAL-20261006T192301Z/MPR4-V025-LOCAL-20261006T192301Z.post.npu-smi.txt	100644	21fa0e4afc9549b88290851d4f5feb6206d67b02	证据集成/W3/Batch-09-R1-R3-R4-R5/R4/V025/local/MPR4-V025-LOCAL-20261006T192301Z/MPR4-V025-LOCAL-20261006T192301Z.post.npu-smi.txt	COPY	LOCAL_CONTEXT_OR_DIAGNOSTIC		original bytes
W3-R4-MULTIROW-PANEL-RMS-CHAMPION-X	V025	perf(r4): record v025 wide y tile regression	w3/m1/multirow-panel-rms	1973348e551a5ba2e4e17789a30d7f97527c73f1	031dcc9995f76187dd1c325fafe9bd44899aa7eb	65fb4180b0ddf4d7ff58bfd13ed87db13701e3d9	503b98cb22ae88798bb6bfca83a46676933f3600	本地实验/MULTIROW-PANEL-RMS-CHAMPION-X/V025/local/MPR4-V025-LOCAL-20261006T192301Z/MPR4-V025-LOCAL-20261006T192301Z.pre.loadavg.txt	100644	be63d09de7a1fb932382f94d05e84436f6091262	证据集成/W3/Batch-09-R1-R3-R4-R5/R4/V025/local/MPR4-V025-LOCAL-20261006T192301Z/MPR4-V025-LOCAL-20261006T192301Z.pre.loadavg.txt	COPY	LOCAL_CONTEXT_OR_DIAGNOSTIC		original bytes
W3-R4-MULTIROW-PANEL-RMS-CHAMPION-X	V025	perf(r4): record v025 wide y tile regression	w3/m1/multirow-panel-rms	1973348e551a5ba2e4e17789a30d7f97527c73f1	031dcc9995f76187dd1c325fafe9bd44899aa7eb	65fb4180b0ddf4d7ff58bfd13ed87db13701e3d9	503b98cb22ae88798bb6bfca83a46676933f3600	本地实验/MULTIROW-PANEL-RMS-CHAMPION-X/V025/local/MPR4-V025-LOCAL-20261006T192301Z/MPR4-V025-LOCAL-20261006T192301Z.pre.npu-smi.txt	100644	b6ab1edbda16b139bf87e4a7f0c762ae45ed5d4e	证据集成/W3/Batch-09-R1-R3-R4-R5/R4/V025/local/MPR4-V025-LOCAL-20261006T192301Z/MPR4-V025-LOCAL-20261006T192301Z.pre.npu-smi.txt	COPY	LOCAL_CONTEXT_OR_DIAGNOSTIC		original bytes
W3-R4-MULTIROW-PANEL-RMS-CHAMPION-X	V025	perf(r4): record v025 wide y tile regression	w3/m1/multirow-panel-rms	1973348e551a5ba2e4e17789a30d7f97527c73f1	031dcc9995f76187dd1c325fafe9bd44899aa7eb	65fb4180b0ddf4d7ff58bfd13ed87db13701e3d9	503b98cb22ae88798bb6bfca83a46676933f3600	本地实验/MULTIROW-PANEL-RMS-CHAMPION-X/V025/local/MPR4-V025-LOCAL-20261006T192301Z/MPR4-V025-LOCAL-20261006T192301Z.runner.stderr.log	100644	e69de29bb2d1d6434b8b29ae775ad8c2e48c5391	证据集成/W3/Batch-09-R1-R3-R4-R5/R4/V025/local/MPR4-V025-LOCAL-20261006T192301Z/MPR4-V025-LOCAL-20261006T192301Z.runner.stderr.log	COPY	LOCAL_RUN_LOG		original bytes
W3-R4-MULTIROW-PANEL-RMS-CHAMPION-X	V025	perf(r4): record v025 wide y tile regression	w3/m1/multirow-panel-rms	1973348e551a5ba2e4e17789a30d7f97527c73f1	031dcc9995f76187dd1c325fafe9bd44899aa7eb	65fb4180b0ddf4d7ff58bfd13ed87db13701e3d9	503b98cb22ae88798bb6bfca83a46676933f3600	本地实验/MULTIROW-PANEL-RMS-CHAMPION-X/V025/local/MPR4-V025-LOCAL-20261006T192301Z/MPR4-V025-LOCAL-20261006T192301Z.runner.stdout.log	100644	e69de29bb2d1d6434b8b29ae775ad8c2e48c5391	证据集成/W3/Batch-09-R1-R3-R4-R5/R4/V025/local/MPR4-V025-LOCAL-20261006T192301Z/MPR4-V025-LOCAL-20261006T192301Z.runner.stdout.log	COPY	LOCAL_RUN_LOG		original bytes
W3-R4-MULTIROW-PANEL-RMS-CHAMPION-X	V025	perf(r4): record v025 wide y tile regression	w3/m1/multirow-panel-rms	1973348e551a5ba2e4e17789a30d7f97527c73f1	031dcc9995f76187dd1c325fafe9bd44899aa7eb	65fb4180b0ddf4d7ff58bfd13ed87db13701e3d9	503b98cb22ae88798bb6bfca83a46676933f3600	本地实验/MULTIROW-PANEL-RMS-CHAMPION-X/V025/local/MPR4-V025-LOCAL-20261006T192301Z/MPR4-V025-LOCAL-20261006T192301Z.status.txt	100644	e282bf67f210c084db433d1be7d5d9ef1d41d5a6	证据集成/W3/Batch-09-R1-R3-R4-R5/R4/V025/local/MPR4-V025-LOCAL-20261006T192301Z/MPR4-V025-LOCAL-20261006T192301Z.status.txt	COPY	LOCAL_CONTEXT_OR_DIAGNOSTIC		original bytes
W3-R4-MULTIROW-PANEL-RMS-CHAMPION-X	V025	perf(r4): record v025 wide y tile regression	w3/m1/multirow-panel-rms	1973348e551a5ba2e4e17789a30d7f97527c73f1	031dcc9995f76187dd1c325fafe9bd44899aa7eb	65fb4180b0ddf4d7ff58bfd13ed87db13701e3d9	503b98cb22ae88798bb6bfca83a46676933f3600	本地实验/MULTIROW-PANEL-RMS-CHAMPION-X/V025/logs/MPR4-V025-COMPILE-20261006T192023Z.log	100644	43d9c0f30e2a873fe19b5fcc5c7c238988118e79	证据集成/W3/Batch-09-R1-R3-R4-R5/R4/V025/logs/MPR4-V025-COMPILE-20261006T192023Z.log	COPY	COMPILE_LOG		original bytes
W3-R4-MULTIROW-PANEL-RMS-CHAMPION-X	V025	perf(r4): record v025 wide y tile regression	w3/m1/multirow-panel-rms	1973348e551a5ba2e4e17789a30d7f97527c73f1	031dcc9995f76187dd1c325fafe9bd44899aa7eb	65fb4180b0ddf4d7ff58bfd13ed87db13701e3d9	503b98cb22ae88798bb6bfca83a46676933f3600	本地实验/MULTIROW-PANEL-RMS-CHAMPION-X/V025/logs/MPR4-V025-CORR-20261006T192125Z.candidate.stderr.log	100644	e69de29bb2d1d6434b8b29ae775ad8c2e48c5391	证据集成/W3/Batch-09-R1-R3-R4-R5/R4/V025/logs/MPR4-V025-CORR-20261006T192125Z.candidate.stderr.log	COPY	RUN_LOG		original bytes
W3-R4-MULTIROW-PANEL-RMS-CHAMPION-X	V025	perf(r4): record v025 wide y tile regression	w3/m1/multirow-panel-rms	1973348e551a5ba2e4e17789a30d7f97527c73f1	031dcc9995f76187dd1c325fafe9bd44899aa7eb	65fb4180b0ddf4d7ff58bfd13ed87db13701e3d9	503b98cb22ae88798bb6bfca83a46676933f3600	本地实验/MULTIROW-PANEL-RMS-CHAMPION-X/V025/logs/MPR4-V025-CORR-20261006T192125Z.candidate.stdout.log	100644	7165ba5d08f1885477d7e35348e0aeb659fb408f	证据集成/W3/Batch-09-R1-R3-R4-R5/R4/V025/logs/MPR4-V025-CORR-20261006T192125Z.candidate.stdout.log	COPY	RUN_LOG		original bytes
W3-R4-MULTIROW-PANEL-RMS-CHAMPION-X	V025	perf(r4): record v025 wide y tile regression	w3/m1/multirow-panel-rms	1973348e551a5ba2e4e17789a30d7f97527c73f1	031dcc9995f76187dd1c325fafe9bd44899aa7eb	65fb4180b0ddf4d7ff58bfd13ed87db13701e3d9	503b98cb22ae88798bb6bfca83a46676933f3600	本地实验/MULTIROW-PANEL-RMS-CHAMPION-X/V025/logs/MPR4-V025-CORR-20261006T192125Z.candidate.tsv	100644	59a4608640c97af9e513f654019a9376850ac8e8	证据集成/W3/Batch-09-R1-R3-R4-R5/R4/V025/logs/MPR4-V025-CORR-20261006T192125Z.candidate.tsv	COPY	LOCAL_RAW_STATISTICS		original bytes
W3-R4-MULTIROW-PANEL-RMS-CHAMPION-X	V025	perf(r4): record v025 wide y tile regression	w3/m1/multirow-panel-rms	1973348e551a5ba2e4e17789a30d7f97527c73f1	031dcc9995f76187dd1c325fafe9bd44899aa7eb	65fb4180b0ddf4d7ff58bfd13ed87db13701e3d9	503b98cb22ae88798bb6bfca83a46676933f3600	本地实验/MULTIROW-PANEL-RMS-CHAMPION-X/V025/logs/MPR4-V025-CORR-20261006T192125Z.parent.stderr.log	100644	e69de29bb2d1d6434b8b29ae775ad8c2e48c5391	证据集成/W3/Batch-09-R1-R3-R4-R5/R4/V025/logs/MPR4-V025-CORR-20261006T192125Z.parent.stderr.log	COPY	RUN_LOG		original bytes
W3-R4-MULTIROW-PANEL-RMS-CHAMPION-X	V025	perf(r4): record v025 wide y tile regression	w3/m1/multirow-panel-rms	1973348e551a5ba2e4e17789a30d7f97527c73f1	031dcc9995f76187dd1c325fafe9bd44899aa7eb	65fb4180b0ddf4d7ff58bfd13ed87db13701e3d9	503b98cb22ae88798bb6bfca83a46676933f3600	本地实验/MULTIROW-PANEL-RMS-CHAMPION-X/V025/logs/MPR4-V025-CORR-20261006T192125Z.parent.stdout.log	100644	d206967ae86ca302ee146cebc9e7477265b526b6	证据集成/W3/Batch-09-R1-R3-R4-R5/R4/V025/logs/MPR4-V025-CORR-20261006T192125Z.parent.stdout.log	COPY	RUN_LOG		original bytes
W3-R4-MULTIROW-PANEL-RMS-CHAMPION-X	V025	perf(r4): record v025 wide y tile regression	w3/m1/multirow-panel-rms	1973348e551a5ba2e4e17789a30d7f97527c73f1	031dcc9995f76187dd1c325fafe9bd44899aa7eb	65fb4180b0ddf4d7ff58bfd13ed87db13701e3d9	503b98cb22ae88798bb6bfca83a46676933f3600	本地实验/MULTIROW-PANEL-RMS-CHAMPION-X/V025/logs/MPR4-V025-CORR-20261006T192125Z.parent.tsv	100644	c2ba5b8438c172dbd3ab8c4b27b490e39ea1ac60	证据集成/W3/Batch-09-R1-R3-R4-R5/R4/V025/logs/MPR4-V025-CORR-20261006T192125Z.parent.tsv	COPY	LOCAL_RAW_STATISTICS		original bytes
W3-R4-MULTIROW-PANEL-RMS-CHAMPION-X	V025	perf(r4): record v025 wide y tile regression	w3/m1/multirow-panel-rms	1973348e551a5ba2e4e17789a30d7f97527c73f1	031dcc9995f76187dd1c325fafe9bd44899aa7eb	65fb4180b0ddf4d7ff58bfd13ed87db13701e3d9	503b98cb22ae88798bb6bfca83a46676933f3600	本地实验/MULTIROW-PANEL-RMS-CHAMPION-X/V025/logs/MPR4-V025-CORR-20261006T192125Z.post.npu-smi.txt	100644	251d6aa15b7231121c87f1f46324607c336ed0b3	证据集成/W3/Batch-09-R1-R3-R4-R5/R4/V025/logs/MPR4-V025-CORR-20261006T192125Z.post.npu-smi.txt	COPY	LOCAL_CONTEXT_OR_DIAGNOSTIC		original bytes
W3-R4-MULTIROW-PANEL-RMS-CHAMPION-X	V025	perf(r4): record v025 wide y tile regression	w3/m1/multirow-panel-rms	1973348e551a5ba2e4e17789a30d7f97527c73f1	031dcc9995f76187dd1c325fafe9bd44899aa7eb	65fb4180b0ddf4d7ff58bfd13ed87db13701e3d9	503b98cb22ae88798bb6bfca83a46676933f3600	本地实验/MULTIROW-PANEL-RMS-CHAMPION-X/V025/logs/MPR4-V025-CORR-20261006T192125Z.pre.npu-smi.txt	100644	1b0724be4d62f6b9db5c7b15df99755b602b46b5	证据集成/W3/Batch-09-R1-R3-R4-R5/R4/V025/logs/MPR4-V025-CORR-20261006T192125Z.pre.npu-smi.txt	COPY	LOCAL_CONTEXT_OR_DIAGNOSTIC		original bytes
W3-R4-MULTIROW-PANEL-RMS-CHAMPION-X	V025	perf(r4): record v025 wide y tile regression	w3/m1/multirow-panel-rms	1973348e551a5ba2e4e17789a30d7f97527c73f1	031dcc9995f76187dd1c325fafe9bd44899aa7eb	65fb4180b0ddf4d7ff58bfd13ed87db13701e3d9	503b98cb22ae88798bb6bfca83a46676933f3600	本地实验/MULTIROW-PANEL-RMS-CHAMPION-X/V025/logs/MPR4-V025-CORR-20261006T192125Z.status.txt	100644	910a1b6ed36078689ba94c944907989b7716aed4	证据集成/W3/Batch-09-R1-R3-R4-R5/R4/V025/logs/MPR4-V025-CORR-20261006T192125Z.status.txt	COPY	LOCAL_CONTEXT_OR_DIAGNOSTIC		original bytes
W3-R4-MULTIROW-PANEL-RMS-CHAMPION-X	V025	perf(r4): record v025 wide y tile regression	w3/m1/multirow-panel-rms	1973348e551a5ba2e4e17789a30d7f97527c73f1	031dcc9995f76187dd1c325fafe9bd44899aa7eb	65fb4180b0ddf4d7ff58bfd13ed87db13701e3d9	503b98cb22ae88798bb6bfca83a46676933f3600	本地实验/MULTIROW-PANEL-RMS-CHAMPION-X/V025/submission.asc	100644	af6746d9b82c63b6899b76a5ef304b7338bedc36		EXCLUDE	CANDIDATE_OR_KERNEL_SOURCE		source retained only by source commit/blob reference
W3-R4-MULTIROW-PANEL-RMS-CHAMPION-X	V025	perf(r4): record v025 wide y tile regression	w3/m1/multirow-panel-rms	1973348e551a5ba2e4e17789a30d7f97527c73f1	031dcc9995f76187dd1c325fafe9bd44899aa7eb	65fb4180b0ddf4d7ff58bfd13ed87db13701e3d9	503b98cb22ae88798bb6bfca83a46676933f3600	本地实验/MULTIROW-PANEL-RMS-CHAMPION-X/V025/summary.txt	100644	f6e06df82b73f6b6ba41686d535adf66e3ae735a	证据集成/W3/Batch-09-R1-R3-R4-R5/R4/V025/summary.txt	COPY	LOCAL_CONTEXT_OR_DIAGNOSTIC		original bytes
W3-R4-MULTIROW-PANEL-RMS-CHAMPION-X	V025	perf(r4): record v025 wide y tile regression	w3/m1/multirow-panel-rms	1973348e551a5ba2e4e17789a30d7f97527c73f1	031dcc9995f76187dd1c325fafe9bd44899aa7eb	65fb4180b0ddf4d7ff58bfd13ed87db13701e3d9	503b98cb22ae88798bb6bfca83a46676933f3600	本地实验/MULTIROW-PANEL-RMS-CHAMPION-X/V025/support/CMakeLists.txt	100644	26d61167cac3e643a1461b5097915cd02b21f364		EXCLUDE	BUILD_CONFIGURATION		build configuration not copied
W3-R4-MULTIROW-PANEL-RMS-CHAMPION-X	V025	perf(r4): record v025 wide y tile regression	w3/m1/multirow-panel-rms	1973348e551a5ba2e4e17789a30d7f97527c73f1	031dcc9995f76187dd1c325fafe9bd44899aa7eb	65fb4180b0ddf4d7ff58bfd13ed87db13701e3d9	503b98cb22ae88798bb6bfca83a46676933f3600	本地实验/MULTIROW-PANEL-RMS-CHAMPION-X/V025/support/build_server3.sh	100644	18e12240f69695504258543fa4480c78b93adcba		EXCLUDE	BUILD_OR_EXECUTION_SCRIPT		script not copied
W3-R4-MULTIROW-PANEL-RMS-CHAMPION-X	V025	perf(r4): record v025 wide y tile regression	w3/m1/multirow-panel-rms	1973348e551a5ba2e4e17789a30d7f97527c73f1	031dcc9995f76187dd1c325fafe9bd44899aa7eb	65fb4180b0ddf4d7ff58bfd13ed87db13701e3d9	503b98cb22ae88798bb6bfca83a46676933f3600	本地实验/MULTIROW-PANEL-RMS-CHAMPION-X/V025/support/candidate_kernel.asc	100644	3ef7048e01ddd88fb3d4b4a87c0ecb102c75799c		EXCLUDE	CANDIDATE_OR_KERNEL_SOURCE		source retained only by source commit/blob reference
W3-R4-MULTIROW-PANEL-RMS-CHAMPION-X	V025	perf(r4): record v025 wide y tile regression	w3/m1/multirow-panel-rms	1973348e551a5ba2e4e17789a30d7f97527c73f1	031dcc9995f76187dd1c325fafe9bd44899aa7eb	65fb4180b0ddf4d7ff58bfd13ed87db13701e3d9	503b98cb22ae88798bb6bfca83a46676933f3600	本地实验/MULTIROW-PANEL-RMS-CHAMPION-X/V025/support/compile_server3.sh	100644	80d88bbf852ecead51179a74dbc3faf749146136		EXCLUDE	BUILD_OR_EXECUTION_SCRIPT		script not copied
W3-R4-MULTIROW-PANEL-RMS-CHAMPION-X	V025	perf(r4): record v025 wide y tile regression	w3/m1/multirow-panel-rms	1973348e551a5ba2e4e17789a30d7f97527c73f1	031dcc9995f76187dd1c325fafe9bd44899aa7eb	65fb4180b0ddf4d7ff58bfd13ed87db13701e3d9	503b98cb22ae88798bb6bfca83a46676933f3600	本地实验/MULTIROW-PANEL-RMS-CHAMPION-X/V025/support/local_abi_shim.h	100644	f52411b2c5f6b614ff1e61f30707250a43cc10d3		EXCLUDE	SUPPORT_SOURCE		source retained only by source commit/blob reference
W3-R4-MULTIROW-PANEL-RMS-CHAMPION-X	V025	perf(r4): record v025 wide y tile regression	w3/m1/multirow-panel-rms	1973348e551a5ba2e4e17789a30d7f97527c73f1	031dcc9995f76187dd1c325fafe9bd44899aa7eb	65fb4180b0ddf4d7ff58bfd13ed87db13701e3d9	503b98cb22ae88798bb6bfca83a46676933f3600	本地实验/MULTIROW-PANEL-RMS-CHAMPION-X/V025/support/parent_kernel.asc	100644	9dbb3053c84dc39f4aee7826176ba96b70f413bc		EXCLUDE	CANDIDATE_OR_KERNEL_SOURCE		source retained only by source commit/blob reference
W3-R4-MULTIROW-PANEL-RMS-CHAMPION-X	V025	perf(r4): record v025 wide y tile regression	w3/m1/multirow-panel-rms	1973348e551a5ba2e4e17789a30d7f97527c73f1	031dcc9995f76187dd1c325fafe9bd44899aa7eb	65fb4180b0ddf4d7ff58bfd13ed87db13701e3d9	503b98cb22ae88798bb6bfca83a46676933f3600	本地实验/MULTIROW-PANEL-RMS-CHAMPION-X/V025/support/runner_main.cpp	100644	c344fbd6e08908a30453471d90b4ff465ed5b8e5		EXCLUDE	SUPPORT_SOURCE		source retained only by source commit/blob reference
W3-R4-MULTIROW-PANEL-RMS-CHAMPION-X	V026	perf(r4): record v026 reduction stride regression	w3/m1/multirow-panel-rms	a0f5f4e1df25c5dadb919aa4526e8567e64bcdcb	1973348e551a5ba2e4e17789a30d7f97527c73f1	1a16437676c50f9067d8ef56aceabb24667dbe04	503b98cb22ae88798bb6bfca83a46676933f3600	本地实验/MULTIROW-PANEL-RMS-CHAMPION-X/V026/local/MPR4-V026-LOCAL-20261006T193237Z/MPR4-V026-LOCAL-20261006T193237Z.paired.tsv	100644	385432bf8c4105c4ffe0c55ad0ef064998602c00	证据集成/W3/Batch-09-R1-R3-R4-R5/R4/V026/local/MPR4-V026-LOCAL-20261006T193237Z/MPR4-V026-LOCAL-20261006T193237Z.paired.tsv	COPY	LOCAL_RAW_STATISTICS		original bytes
W3-R4-MULTIROW-PANEL-RMS-CHAMPION-X	V026	perf(r4): record v026 reduction stride regression	w3/m1/multirow-panel-rms	a0f5f4e1df25c5dadb919aa4526e8567e64bcdcb	1973348e551a5ba2e4e17789a30d7f97527c73f1	1a16437676c50f9067d8ef56aceabb24667dbe04	503b98cb22ae88798bb6bfca83a46676933f3600	本地实验/MULTIROW-PANEL-RMS-CHAMPION-X/V026/local/MPR4-V026-LOCAL-20261006T193237Z/MPR4-V026-LOCAL-20261006T193237Z.post.loadavg.txt	100644	cfc1e478747d3f056ae9b676f67bc7af51ae0b57	证据集成/W3/Batch-09-R1-R3-R4-R5/R4/V026/local/MPR4-V026-LOCAL-20261006T193237Z/MPR4-V026-LOCAL-20261006T193237Z.post.loadavg.txt	COPY	LOCAL_CONTEXT_OR_DIAGNOSTIC		original bytes
W3-R4-MULTIROW-PANEL-RMS-CHAMPION-X	V026	perf(r4): record v026 reduction stride regression	w3/m1/multirow-panel-rms	a0f5f4e1df25c5dadb919aa4526e8567e64bcdcb	1973348e551a5ba2e4e17789a30d7f97527c73f1	1a16437676c50f9067d8ef56aceabb24667dbe04	503b98cb22ae88798bb6bfca83a46676933f3600	本地实验/MULTIROW-PANEL-RMS-CHAMPION-X/V026/local/MPR4-V026-LOCAL-20261006T193237Z/MPR4-V026-LOCAL-20261006T193237Z.post.npu-smi.txt	100644	e865f853d0f7dd5957463952966caf2246fa0788	证据集成/W3/Batch-09-R1-R3-R4-R5/R4/V026/local/MPR4-V026-LOCAL-20261006T193237Z/MPR4-V026-LOCAL-20261006T193237Z.post.npu-smi.txt	COPY	LOCAL_CONTEXT_OR_DIAGNOSTIC		original bytes
W3-R4-MULTIROW-PANEL-RMS-CHAMPION-X	V026	perf(r4): record v026 reduction stride regression	w3/m1/multirow-panel-rms	a0f5f4e1df25c5dadb919aa4526e8567e64bcdcb	1973348e551a5ba2e4e17789a30d7f97527c73f1	1a16437676c50f9067d8ef56aceabb24667dbe04	503b98cb22ae88798bb6bfca83a46676933f3600	本地实验/MULTIROW-PANEL-RMS-CHAMPION-X/V026/local/MPR4-V026-LOCAL-20261006T193237Z/MPR4-V026-LOCAL-20261006T193237Z.pre.loadavg.txt	100644	86ef082487ce0cae798fe5582ad74e3a4cb43f96	证据集成/W3/Batch-09-R1-R3-R4-R5/R4/V026/local/MPR4-V026-LOCAL-20261006T193237Z/MPR4-V026-LOCAL-20261006T193237Z.pre.loadavg.txt	COPY	LOCAL_CONTEXT_OR_DIAGNOSTIC		original bytes
W3-R4-MULTIROW-PANEL-RMS-CHAMPION-X	V026	perf(r4): record v026 reduction stride regression	w3/m1/multirow-panel-rms	a0f5f4e1df25c5dadb919aa4526e8567e64bcdcb	1973348e551a5ba2e4e17789a30d7f97527c73f1	1a16437676c50f9067d8ef56aceabb24667dbe04	503b98cb22ae88798bb6bfca83a46676933f3600	本地实验/MULTIROW-PANEL-RMS-CHAMPION-X/V026/local/MPR4-V026-LOCAL-20261006T193237Z/MPR4-V026-LOCAL-20261006T193237Z.pre.npu-smi.txt	100644	427d1d38c36217e4dd514ebf682a277a15c6bfd8	证据集成/W3/Batch-09-R1-R3-R4-R5/R4/V026/local/MPR4-V026-LOCAL-20261006T193237Z/MPR4-V026-LOCAL-20261006T193237Z.pre.npu-smi.txt	COPY	LOCAL_CONTEXT_OR_DIAGNOSTIC		original bytes
W3-R4-MULTIROW-PANEL-RMS-CHAMPION-X	V026	perf(r4): record v026 reduction stride regression	w3/m1/multirow-panel-rms	a0f5f4e1df25c5dadb919aa4526e8567e64bcdcb	1973348e551a5ba2e4e17789a30d7f97527c73f1	1a16437676c50f9067d8ef56aceabb24667dbe04	503b98cb22ae88798bb6bfca83a46676933f3600	本地实验/MULTIROW-PANEL-RMS-CHAMPION-X/V026/local/MPR4-V026-LOCAL-20261006T193237Z/MPR4-V026-LOCAL-20261006T193237Z.runner.stderr.log	100644	e69de29bb2d1d6434b8b29ae775ad8c2e48c5391	证据集成/W3/Batch-09-R1-R3-R4-R5/R4/V026/local/MPR4-V026-LOCAL-20261006T193237Z/MPR4-V026-LOCAL-20261006T193237Z.runner.stderr.log	COPY	LOCAL_RUN_LOG		original bytes
W3-R4-MULTIROW-PANEL-RMS-CHAMPION-X	V026	perf(r4): record v026 reduction stride regression	w3/m1/multirow-panel-rms	a0f5f4e1df25c5dadb919aa4526e8567e64bcdcb	1973348e551a5ba2e4e17789a30d7f97527c73f1	1a16437676c50f9067d8ef56aceabb24667dbe04	503b98cb22ae88798bb6bfca83a46676933f3600	本地实验/MULTIROW-PANEL-RMS-CHAMPION-X/V026/local/MPR4-V026-LOCAL-20261006T193237Z/MPR4-V026-LOCAL-20261006T193237Z.runner.stdout.log	100644	e69de29bb2d1d6434b8b29ae775ad8c2e48c5391	证据集成/W3/Batch-09-R1-R3-R4-R5/R4/V026/local/MPR4-V026-LOCAL-20261006T193237Z/MPR4-V026-LOCAL-20261006T193237Z.runner.stdout.log	COPY	LOCAL_RUN_LOG		original bytes
W3-R4-MULTIROW-PANEL-RMS-CHAMPION-X	V026	perf(r4): record v026 reduction stride regression	w3/m1/multirow-panel-rms	a0f5f4e1df25c5dadb919aa4526e8567e64bcdcb	1973348e551a5ba2e4e17789a30d7f97527c73f1	1a16437676c50f9067d8ef56aceabb24667dbe04	503b98cb22ae88798bb6bfca83a46676933f3600	本地实验/MULTIROW-PANEL-RMS-CHAMPION-X/V026/local/MPR4-V026-LOCAL-20261006T193237Z/MPR4-V026-LOCAL-20261006T193237Z.status.txt	100644	860e03105d95d79f35083f4e490f224d55227cf9	证据集成/W3/Batch-09-R1-R3-R4-R5/R4/V026/local/MPR4-V026-LOCAL-20261006T193237Z/MPR4-V026-LOCAL-20261006T193237Z.status.txt	COPY	LOCAL_CONTEXT_OR_DIAGNOSTIC		original bytes
W3-R4-MULTIROW-PANEL-RMS-CHAMPION-X	V026	perf(r4): record v026 reduction stride regression	w3/m1/multirow-panel-rms	a0f5f4e1df25c5dadb919aa4526e8567e64bcdcb	1973348e551a5ba2e4e17789a30d7f97527c73f1	1a16437676c50f9067d8ef56aceabb24667dbe04	503b98cb22ae88798bb6bfca83a46676933f3600	本地实验/MULTIROW-PANEL-RMS-CHAMPION-X/V026/logs/MPR4-V026-COMPILE-20261006T192942Z.log	100644	3a7abc3f1d96b79e4008f6e16c3ab622e8738812	证据集成/W3/Batch-09-R1-R3-R4-R5/R4/V026/logs/MPR4-V026-COMPILE-20261006T192942Z.log	COPY	COMPILE_LOG		original bytes
W3-R4-MULTIROW-PANEL-RMS-CHAMPION-X	V026	perf(r4): record v026 reduction stride regression	w3/m1/multirow-panel-rms	a0f5f4e1df25c5dadb919aa4526e8567e64bcdcb	1973348e551a5ba2e4e17789a30d7f97527c73f1	1a16437676c50f9067d8ef56aceabb24667dbe04	503b98cb22ae88798bb6bfca83a46676933f3600	本地实验/MULTIROW-PANEL-RMS-CHAMPION-X/V026/logs/MPR4-V026-CORR-20261006T193048Z.candidate.stderr.log	100644	e69de29bb2d1d6434b8b29ae775ad8c2e48c5391	证据集成/W3/Batch-09-R1-R3-R4-R5/R4/V026/logs/MPR4-V026-CORR-20261006T193048Z.candidate.stderr.log	COPY	RUN_LOG		original bytes
W3-R4-MULTIROW-PANEL-RMS-CHAMPION-X	V026	perf(r4): record v026 reduction stride regression	w3/m1/multirow-panel-rms	a0f5f4e1df25c5dadb919aa4526e8567e64bcdcb	1973348e551a5ba2e4e17789a30d7f97527c73f1	1a16437676c50f9067d8ef56aceabb24667dbe04	503b98cb22ae88798bb6bfca83a46676933f3600	本地实验/MULTIROW-PANEL-RMS-CHAMPION-X/V026/logs/MPR4-V026-CORR-20261006T193048Z.candidate.stdout.log	100644	7165ba5d08f1885477d7e35348e0aeb659fb408f	证据集成/W3/Batch-09-R1-R3-R4-R5/R4/V026/logs/MPR4-V026-CORR-20261006T193048Z.candidate.stdout.log	COPY	RUN_LOG		original bytes
W3-R4-MULTIROW-PANEL-RMS-CHAMPION-X	V026	perf(r4): record v026 reduction stride regression	w3/m1/multirow-panel-rms	a0f5f4e1df25c5dadb919aa4526e8567e64bcdcb	1973348e551a5ba2e4e17789a30d7f97527c73f1	1a16437676c50f9067d8ef56aceabb24667dbe04	503b98cb22ae88798bb6bfca83a46676933f3600	本地实验/MULTIROW-PANEL-RMS-CHAMPION-X/V026/logs/MPR4-V026-CORR-20261006T193048Z.candidate.tsv	100644	f2eb3e943322bafe2ac30543e59df542b87d7f67	证据集成/W3/Batch-09-R1-R3-R4-R5/R4/V026/logs/MPR4-V026-CORR-20261006T193048Z.candidate.tsv	COPY	LOCAL_RAW_STATISTICS		original bytes
W3-R4-MULTIROW-PANEL-RMS-CHAMPION-X	V026	perf(r4): record v026 reduction stride regression	w3/m1/multirow-panel-rms	a0f5f4e1df25c5dadb919aa4526e8567e64bcdcb	1973348e551a5ba2e4e17789a30d7f97527c73f1	1a16437676c50f9067d8ef56aceabb24667dbe04	503b98cb22ae88798bb6bfca83a46676933f3600	本地实验/MULTIROW-PANEL-RMS-CHAMPION-X/V026/logs/MPR4-V026-CORR-20261006T193048Z.parent.stderr.log	100644	e69de29bb2d1d6434b8b29ae775ad8c2e48c5391	证据集成/W3/Batch-09-R1-R3-R4-R5/R4/V026/logs/MPR4-V026-CORR-20261006T193048Z.parent.stderr.log	COPY	RUN_LOG		original bytes
W3-R4-MULTIROW-PANEL-RMS-CHAMPION-X	V026	perf(r4): record v026 reduction stride regression	w3/m1/multirow-panel-rms	a0f5f4e1df25c5dadb919aa4526e8567e64bcdcb	1973348e551a5ba2e4e17789a30d7f97527c73f1	1a16437676c50f9067d8ef56aceabb24667dbe04	503b98cb22ae88798bb6bfca83a46676933f3600	本地实验/MULTIROW-PANEL-RMS-CHAMPION-X/V026/logs/MPR4-V026-CORR-20261006T193048Z.parent.stdout.log	100644	d206967ae86ca302ee146cebc9e7477265b526b6	证据集成/W3/Batch-09-R1-R3-R4-R5/R4/V026/logs/MPR4-V026-CORR-20261006T193048Z.parent.stdout.log	COPY	RUN_LOG		original bytes
W3-R4-MULTIROW-PANEL-RMS-CHAMPION-X	V026	perf(r4): record v026 reduction stride regression	w3/m1/multirow-panel-rms	a0f5f4e1df25c5dadb919aa4526e8567e64bcdcb	1973348e551a5ba2e4e17789a30d7f97527c73f1	1a16437676c50f9067d8ef56aceabb24667dbe04	503b98cb22ae88798bb6bfca83a46676933f3600	本地实验/MULTIROW-PANEL-RMS-CHAMPION-X/V026/logs/MPR4-V026-CORR-20261006T193048Z.parent.tsv	100644	25a43a880ca3a92417e9e17fd3538495ad1a0c67	证据集成/W3/Batch-09-R1-R3-R4-R5/R4/V026/logs/MPR4-V026-CORR-20261006T193048Z.parent.tsv	COPY	LOCAL_RAW_STATISTICS		original bytes
W3-R4-MULTIROW-PANEL-RMS-CHAMPION-X	V026	perf(r4): record v026 reduction stride regression	w3/m1/multirow-panel-rms	a0f5f4e1df25c5dadb919aa4526e8567e64bcdcb	1973348e551a5ba2e4e17789a30d7f97527c73f1	1a16437676c50f9067d8ef56aceabb24667dbe04	503b98cb22ae88798bb6bfca83a46676933f3600	本地实验/MULTIROW-PANEL-RMS-CHAMPION-X/V026/logs/MPR4-V026-CORR-20261006T193048Z.post.npu-smi.txt	100644	e52db8bbb63c6c2234535c589483bcececc12ade	证据集成/W3/Batch-09-R1-R3-R4-R5/R4/V026/logs/MPR4-V026-CORR-20261006T193048Z.post.npu-smi.txt	COPY	LOCAL_CONTEXT_OR_DIAGNOSTIC		original bytes
W3-R4-MULTIROW-PANEL-RMS-CHAMPION-X	V026	perf(r4): record v026 reduction stride regression	w3/m1/multirow-panel-rms	a0f5f4e1df25c5dadb919aa4526e8567e64bcdcb	1973348e551a5ba2e4e17789a30d7f97527c73f1	1a16437676c50f9067d8ef56aceabb24667dbe04	503b98cb22ae88798bb6bfca83a46676933f3600	本地实验/MULTIROW-PANEL-RMS-CHAMPION-X/V026/logs/MPR4-V026-CORR-20261006T193048Z.pre.npu-smi.txt	100644	09fd9fcde9680ec72c970c77165c8c7abaa8dbe1	证据集成/W3/Batch-09-R1-R3-R4-R5/R4/V026/logs/MPR4-V026-CORR-20261006T193048Z.pre.npu-smi.txt	COPY	LOCAL_CONTEXT_OR_DIAGNOSTIC		original bytes
W3-R4-MULTIROW-PANEL-RMS-CHAMPION-X	V026	perf(r4): record v026 reduction stride regression	w3/m1/multirow-panel-rms	a0f5f4e1df25c5dadb919aa4526e8567e64bcdcb	1973348e551a5ba2e4e17789a30d7f97527c73f1	1a16437676c50f9067d8ef56aceabb24667dbe04	503b98cb22ae88798bb6bfca83a46676933f3600	本地实验/MULTIROW-PANEL-RMS-CHAMPION-X/V026/logs/MPR4-V026-CORR-20261006T193048Z.status.txt	100644	c2331f1855a88fec27681f7b1cd238b5337fe307	证据集成/W3/Batch-09-R1-R3-R4-R5/R4/V026/logs/MPR4-V026-CORR-20261006T193048Z.status.txt	COPY	LOCAL_CONTEXT_OR_DIAGNOSTIC		original bytes
W3-R4-MULTIROW-PANEL-RMS-CHAMPION-X	V026	perf(r4): record v026 reduction stride regression	w3/m1/multirow-panel-rms	a0f5f4e1df25c5dadb919aa4526e8567e64bcdcb	1973348e551a5ba2e4e17789a30d7f97527c73f1	1a16437676c50f9067d8ef56aceabb24667dbe04	503b98cb22ae88798bb6bfca83a46676933f3600	本地实验/MULTIROW-PANEL-RMS-CHAMPION-X/V026/submission.asc	100644	3ac3e3a0650b0897636b08454aa7d919adcd85e8		EXCLUDE	CANDIDATE_OR_KERNEL_SOURCE		source retained only by source commit/blob reference
W3-R4-MULTIROW-PANEL-RMS-CHAMPION-X	V026	perf(r4): record v026 reduction stride regression	w3/m1/multirow-panel-rms	a0f5f4e1df25c5dadb919aa4526e8567e64bcdcb	1973348e551a5ba2e4e17789a30d7f97527c73f1	1a16437676c50f9067d8ef56aceabb24667dbe04	503b98cb22ae88798bb6bfca83a46676933f3600	本地实验/MULTIROW-PANEL-RMS-CHAMPION-X/V026/summary.txt	100644	a5f35ce19898e5df264a2cb0038b79a1cbf15441	证据集成/W3/Batch-09-R1-R3-R4-R5/R4/V026/summary.txt	COPY	LOCAL_CONTEXT_OR_DIAGNOSTIC		original bytes
W3-R4-MULTIROW-PANEL-RMS-CHAMPION-X	V026	perf(r4): record v026 reduction stride regression	w3/m1/multirow-panel-rms	a0f5f4e1df25c5dadb919aa4526e8567e64bcdcb	1973348e551a5ba2e4e17789a30d7f97527c73f1	1a16437676c50f9067d8ef56aceabb24667dbe04	503b98cb22ae88798bb6bfca83a46676933f3600	本地实验/MULTIROW-PANEL-RMS-CHAMPION-X/V026/support/CMakeLists.txt	100644	26d61167cac3e643a1461b5097915cd02b21f364		EXCLUDE	BUILD_CONFIGURATION		build configuration not copied
W3-R4-MULTIROW-PANEL-RMS-CHAMPION-X	V026	perf(r4): record v026 reduction stride regression	w3/m1/multirow-panel-rms	a0f5f4e1df25c5dadb919aa4526e8567e64bcdcb	1973348e551a5ba2e4e17789a30d7f97527c73f1	1a16437676c50f9067d8ef56aceabb24667dbe04	503b98cb22ae88798bb6bfca83a46676933f3600	本地实验/MULTIROW-PANEL-RMS-CHAMPION-X/V026/support/build_server3.sh	100644	18e12240f69695504258543fa4480c78b93adcba		EXCLUDE	BUILD_OR_EXECUTION_SCRIPT		script not copied
W3-R4-MULTIROW-PANEL-RMS-CHAMPION-X	V026	perf(r4): record v026 reduction stride regression	w3/m1/multirow-panel-rms	a0f5f4e1df25c5dadb919aa4526e8567e64bcdcb	1973348e551a5ba2e4e17789a30d7f97527c73f1	1a16437676c50f9067d8ef56aceabb24667dbe04	503b98cb22ae88798bb6bfca83a46676933f3600	本地实验/MULTIROW-PANEL-RMS-CHAMPION-X/V026/support/candidate_kernel.asc	100644	3ef7048e01ddd88fb3d4b4a87c0ecb102c75799c		EXCLUDE	CANDIDATE_OR_KERNEL_SOURCE		source retained only by source commit/blob reference
W3-R4-MULTIROW-PANEL-RMS-CHAMPION-X	V026	perf(r4): record v026 reduction stride regression	w3/m1/multirow-panel-rms	a0f5f4e1df25c5dadb919aa4526e8567e64bcdcb	1973348e551a5ba2e4e17789a30d7f97527c73f1	1a16437676c50f9067d8ef56aceabb24667dbe04	503b98cb22ae88798bb6bfca83a46676933f3600	本地实验/MULTIROW-PANEL-RMS-CHAMPION-X/V026/support/compile_server3.sh	100644	982980838d4773aec823bc271ea0d74241b03e3c		EXCLUDE	BUILD_OR_EXECUTION_SCRIPT		script not copied
W3-R4-MULTIROW-PANEL-RMS-CHAMPION-X	V026	perf(r4): record v026 reduction stride regression	w3/m1/multirow-panel-rms	a0f5f4e1df25c5dadb919aa4526e8567e64bcdcb	1973348e551a5ba2e4e17789a30d7f97527c73f1	1a16437676c50f9067d8ef56aceabb24667dbe04	503b98cb22ae88798bb6bfca83a46676933f3600	本地实验/MULTIROW-PANEL-RMS-CHAMPION-X/V026/support/local_abi_shim.h	100644	f52411b2c5f6b614ff1e61f30707250a43cc10d3		EXCLUDE	SUPPORT_SOURCE		source retained only by source commit/blob reference
W3-R4-MULTIROW-PANEL-RMS-CHAMPION-X	V026	perf(r4): record v026 reduction stride regression	w3/m1/multirow-panel-rms	a0f5f4e1df25c5dadb919aa4526e8567e64bcdcb	1973348e551a5ba2e4e17789a30d7f97527c73f1	1a16437676c50f9067d8ef56aceabb24667dbe04	503b98cb22ae88798bb6bfca83a46676933f3600	本地实验/MULTIROW-PANEL-RMS-CHAMPION-X/V026/support/parent_kernel.asc	100644	9dbb3053c84dc39f4aee7826176ba96b70f413bc		EXCLUDE	CANDIDATE_OR_KERNEL_SOURCE		source retained only by source commit/blob reference
W3-R4-MULTIROW-PANEL-RMS-CHAMPION-X	V026	perf(r4): record v026 reduction stride regression	w3/m1/multirow-panel-rms	a0f5f4e1df25c5dadb919aa4526e8567e64bcdcb	1973348e551a5ba2e4e17789a30d7f97527c73f1	1a16437676c50f9067d8ef56aceabb24667dbe04	503b98cb22ae88798bb6bfca83a46676933f3600	本地实验/MULTIROW-PANEL-RMS-CHAMPION-X/V026/support/runner_main.cpp	100644	c344fbd6e08908a30453471d90b4ff465ed5b8e5		EXCLUDE	SUPPORT_SOURCE		source retained only by source commit/blob reference
W3-R4-MULTIROW-PANEL-RMS-CHAMPION-X	V027	perf(r4): record v027 correctness failure	w3/m1/multirow-panel-rms	88b66f9229027cc8204e81d5f402da6cfd6cb1b7	a0f5f4e1df25c5dadb919aa4526e8567e64bcdcb	9300e25d81ae5505a8157177be1b994f7271432d	503b98cb22ae88798bb6bfca83a46676933f3600	本地实验/MULTIROW-PANEL-RMS-CHAMPION-X/V027/logs/MPR4-V027-COMPILE-20261006T193701Z.log	100644	4ef18790f565c5afc10f21802717f1d4002fe76f	证据集成/W3/Batch-09-R1-R3-R4-R5/R4/V027/logs/MPR4-V027-COMPILE-20261006T193701Z.log	COPY	COMPILE_LOG		original bytes
W3-R4-MULTIROW-PANEL-RMS-CHAMPION-X	V027	perf(r4): record v027 correctness failure	w3/m1/multirow-panel-rms	88b66f9229027cc8204e81d5f402da6cfd6cb1b7	a0f5f4e1df25c5dadb919aa4526e8567e64bcdcb	9300e25d81ae5505a8157177be1b994f7271432d	503b98cb22ae88798bb6bfca83a46676933f3600	本地实验/MULTIROW-PANEL-RMS-CHAMPION-X/V027/logs/MPR4-V027-CORR-20261006T193831Z.candidate.stderr.log	100644	5d616883b8fb9d05017417a6893c526ea6efab61	证据集成/W3/Batch-09-R1-R3-R4-R5/R4/V027/logs/MPR4-V027-CORR-20261006T193831Z.candidate.stderr.log	COPY	RUN_LOG		original bytes
W3-R4-MULTIROW-PANEL-RMS-CHAMPION-X	V027	perf(r4): record v027 correctness failure	w3/m1/multirow-panel-rms	88b66f9229027cc8204e81d5f402da6cfd6cb1b7	a0f5f4e1df25c5dadb919aa4526e8567e64bcdcb	9300e25d81ae5505a8157177be1b994f7271432d	503b98cb22ae88798bb6bfca83a46676933f3600	本地实验/MULTIROW-PANEL-RMS-CHAMPION-X/V027/logs/MPR4-V027-CORR-20261006T193831Z.candidate.stdout.log	100644	e69de29bb2d1d6434b8b29ae775ad8c2e48c5391	证据集成/W3/Batch-09-R1-R3-R4-R5/R4/V027/logs/MPR4-V027-CORR-20261006T193831Z.candidate.stdout.log	COPY	RUN_LOG		original bytes
W3-R4-MULTIROW-PANEL-RMS-CHAMPION-X	V027	perf(r4): record v027 correctness failure	w3/m1/multirow-panel-rms	88b66f9229027cc8204e81d5f402da6cfd6cb1b7	a0f5f4e1df25c5dadb919aa4526e8567e64bcdcb	9300e25d81ae5505a8157177be1b994f7271432d	503b98cb22ae88798bb6bfca83a46676933f3600	本地实验/MULTIROW-PANEL-RMS-CHAMPION-X/V027/logs/MPR4-V027-CORR-20261006T193831Z.candidate.tsv	100644	a7b4bfd815fb41e6462bde84201962ec5837e731	证据集成/W3/Batch-09-R1-R3-R4-R5/R4/V027/logs/MPR4-V027-CORR-20261006T193831Z.candidate.tsv	COPY	LOCAL_RAW_STATISTICS		original bytes
W3-R4-MULTIROW-PANEL-RMS-CHAMPION-X	V027	perf(r4): record v027 correctness failure	w3/m1/multirow-panel-rms	88b66f9229027cc8204e81d5f402da6cfd6cb1b7	a0f5f4e1df25c5dadb919aa4526e8567e64bcdcb	9300e25d81ae5505a8157177be1b994f7271432d	503b98cb22ae88798bb6bfca83a46676933f3600	本地实验/MULTIROW-PANEL-RMS-CHAMPION-X/V027/logs/MPR4-V027-CORR-20261006T193831Z.parent.stderr.log	100644	e69de29bb2d1d6434b8b29ae775ad8c2e48c5391	证据集成/W3/Batch-09-R1-R3-R4-R5/R4/V027/logs/MPR4-V027-CORR-20261006T193831Z.parent.stderr.log	COPY	RUN_LOG		original bytes
W3-R4-MULTIROW-PANEL-RMS-CHAMPION-X	V027	perf(r4): record v027 correctness failure	w3/m1/multirow-panel-rms	88b66f9229027cc8204e81d5f402da6cfd6cb1b7	a0f5f4e1df25c5dadb919aa4526e8567e64bcdcb	9300e25d81ae5505a8157177be1b994f7271432d	503b98cb22ae88798bb6bfca83a46676933f3600	本地实验/MULTIROW-PANEL-RMS-CHAMPION-X/V027/logs/MPR4-V027-CORR-20261006T193831Z.parent.stdout.log	100644	d206967ae86ca302ee146cebc9e7477265b526b6	证据集成/W3/Batch-09-R1-R3-R4-R5/R4/V027/logs/MPR4-V027-CORR-20261006T193831Z.parent.stdout.log	COPY	RUN_LOG		original bytes
W3-R4-MULTIROW-PANEL-RMS-CHAMPION-X	V027	perf(r4): record v027 correctness failure	w3/m1/multirow-panel-rms	88b66f9229027cc8204e81d5f402da6cfd6cb1b7	a0f5f4e1df25c5dadb919aa4526e8567e64bcdcb	9300e25d81ae5505a8157177be1b994f7271432d	503b98cb22ae88798bb6bfca83a46676933f3600	本地实验/MULTIROW-PANEL-RMS-CHAMPION-X/V027/logs/MPR4-V027-CORR-20261006T193831Z.parent.tsv	100644	d120efd4239fb06e6b30738107cd012abf2f9788	证据集成/W3/Batch-09-R1-R3-R4-R5/R4/V027/logs/MPR4-V027-CORR-20261006T193831Z.parent.tsv	COPY	LOCAL_RAW_STATISTICS		original bytes
W3-R4-MULTIROW-PANEL-RMS-CHAMPION-X	V027	perf(r4): record v027 correctness failure	w3/m1/multirow-panel-rms	88b66f9229027cc8204e81d5f402da6cfd6cb1b7	a0f5f4e1df25c5dadb919aa4526e8567e64bcdcb	9300e25d81ae5505a8157177be1b994f7271432d	503b98cb22ae88798bb6bfca83a46676933f3600	本地实验/MULTIROW-PANEL-RMS-CHAMPION-X/V027/logs/MPR4-V027-CORR-20261006T193831Z.post.npu-smi.txt	100644	41b8230f13447f7d5a2a57d05049e46f5c65474d	证据集成/W3/Batch-09-R1-R3-R4-R5/R4/V027/logs/MPR4-V027-CORR-20261006T193831Z.post.npu-smi.txt	COPY	LOCAL_CONTEXT_OR_DIAGNOSTIC		original bytes
W3-R4-MULTIROW-PANEL-RMS-CHAMPION-X	V027	perf(r4): record v027 correctness failure	w3/m1/multirow-panel-rms	88b66f9229027cc8204e81d5f402da6cfd6cb1b7	a0f5f4e1df25c5dadb919aa4526e8567e64bcdcb	9300e25d81ae5505a8157177be1b994f7271432d	503b98cb22ae88798bb6bfca83a46676933f3600	本地实验/MULTIROW-PANEL-RMS-CHAMPION-X/V027/logs/MPR4-V027-CORR-20261006T193831Z.pre.npu-smi.txt	100644	8128ea17d4448885be3a86c4059fce0a4fd16aaf	证据集成/W3/Batch-09-R1-R3-R4-R5/R4/V027/logs/MPR4-V027-CORR-20261006T193831Z.pre.npu-smi.txt	COPY	LOCAL_CONTEXT_OR_DIAGNOSTIC		original bytes
W3-R4-MULTIROW-PANEL-RMS-CHAMPION-X	V027	perf(r4): record v027 correctness failure	w3/m1/multirow-panel-rms	88b66f9229027cc8204e81d5f402da6cfd6cb1b7	a0f5f4e1df25c5dadb919aa4526e8567e64bcdcb	9300e25d81ae5505a8157177be1b994f7271432d	503b98cb22ae88798bb6bfca83a46676933f3600	本地实验/MULTIROW-PANEL-RMS-CHAMPION-X/V027/logs/MPR4-V027-CORR-20261006T193831Z.status.txt	100644	62c2e3a0702657a10226f4b7fd8855a9fe543209	证据集成/W3/Batch-09-R1-R3-R4-R5/R4/V027/logs/MPR4-V027-CORR-20261006T193831Z.status.txt	COPY	LOCAL_CONTEXT_OR_DIAGNOSTIC		original bytes
W3-R4-MULTIROW-PANEL-RMS-CHAMPION-X	V027	perf(r4): record v027 correctness failure	w3/m1/multirow-panel-rms	88b66f9229027cc8204e81d5f402da6cfd6cb1b7	a0f5f4e1df25c5dadb919aa4526e8567e64bcdcb	9300e25d81ae5505a8157177be1b994f7271432d	503b98cb22ae88798bb6bfca83a46676933f3600	本地实验/MULTIROW-PANEL-RMS-CHAMPION-X/V027/submission.asc	100644	4ca0e1140bbaac223b0bb1a4e47f173fa20ea331		EXCLUDE	CANDIDATE_OR_KERNEL_SOURCE		source retained only by source commit/blob reference
W3-R4-MULTIROW-PANEL-RMS-CHAMPION-X	V027	perf(r4): record v027 correctness failure	w3/m1/multirow-panel-rms	88b66f9229027cc8204e81d5f402da6cfd6cb1b7	a0f5f4e1df25c5dadb919aa4526e8567e64bcdcb	9300e25d81ae5505a8157177be1b994f7271432d	503b98cb22ae88798bb6bfca83a46676933f3600	本地实验/MULTIROW-PANEL-RMS-CHAMPION-X/V027/summary.txt	100644	026a1d843f8b9e976e8388eed57e67f9aec89cfd	证据集成/W3/Batch-09-R1-R3-R4-R5/R4/V027/summary.txt	COPY	LOCAL_CONTEXT_OR_DIAGNOSTIC		original bytes
W3-R4-MULTIROW-PANEL-RMS-CHAMPION-X	V027	perf(r4): record v027 correctness failure	w3/m1/multirow-panel-rms	88b66f9229027cc8204e81d5f402da6cfd6cb1b7	a0f5f4e1df25c5dadb919aa4526e8567e64bcdcb	9300e25d81ae5505a8157177be1b994f7271432d	503b98cb22ae88798bb6bfca83a46676933f3600	本地实验/MULTIROW-PANEL-RMS-CHAMPION-X/V027/support/CMakeLists.txt	100644	26d61167cac3e643a1461b5097915cd02b21f364		EXCLUDE	BUILD_CONFIGURATION		build configuration not copied
W3-R4-MULTIROW-PANEL-RMS-CHAMPION-X	V027	perf(r4): record v027 correctness failure	w3/m1/multirow-panel-rms	88b66f9229027cc8204e81d5f402da6cfd6cb1b7	a0f5f4e1df25c5dadb919aa4526e8567e64bcdcb	9300e25d81ae5505a8157177be1b994f7271432d	503b98cb22ae88798bb6bfca83a46676933f3600	本地实验/MULTIROW-PANEL-RMS-CHAMPION-X/V027/support/build_server3.sh	100644	18e12240f69695504258543fa4480c78b93adcba		EXCLUDE	BUILD_OR_EXECUTION_SCRIPT		script not copied
W3-R4-MULTIROW-PANEL-RMS-CHAMPION-X	V027	perf(r4): record v027 correctness failure	w3/m1/multirow-panel-rms	88b66f9229027cc8204e81d5f402da6cfd6cb1b7	a0f5f4e1df25c5dadb919aa4526e8567e64bcdcb	9300e25d81ae5505a8157177be1b994f7271432d	503b98cb22ae88798bb6bfca83a46676933f3600	本地实验/MULTIROW-PANEL-RMS-CHAMPION-X/V027/support/candidate_kernel.asc	100644	3ef7048e01ddd88fb3d4b4a87c0ecb102c75799c		EXCLUDE	CANDIDATE_OR_KERNEL_SOURCE		source retained only by source commit/blob reference
W3-R4-MULTIROW-PANEL-RMS-CHAMPION-X	V027	perf(r4): record v027 correctness failure	w3/m1/multirow-panel-rms	88b66f9229027cc8204e81d5f402da6cfd6cb1b7	a0f5f4e1df25c5dadb919aa4526e8567e64bcdcb	9300e25d81ae5505a8157177be1b994f7271432d	503b98cb22ae88798bb6bfca83a46676933f3600	本地实验/MULTIROW-PANEL-RMS-CHAMPION-X/V027/support/compile_server3.sh	100644	3e0f6080abdbf959b1bc227e51e11ea978e31230		EXCLUDE	BUILD_OR_EXECUTION_SCRIPT		script not copied
W3-R4-MULTIROW-PANEL-RMS-CHAMPION-X	V027	perf(r4): record v027 correctness failure	w3/m1/multirow-panel-rms	88b66f9229027cc8204e81d5f402da6cfd6cb1b7	a0f5f4e1df25c5dadb919aa4526e8567e64bcdcb	9300e25d81ae5505a8157177be1b994f7271432d	503b98cb22ae88798bb6bfca83a46676933f3600	本地实验/MULTIROW-PANEL-RMS-CHAMPION-X/V027/support/local_abi_shim.h	100644	f52411b2c5f6b614ff1e61f30707250a43cc10d3		EXCLUDE	SUPPORT_SOURCE		source retained only by source commit/blob reference
W3-R4-MULTIROW-PANEL-RMS-CHAMPION-X	V027	perf(r4): record v027 correctness failure	w3/m1/multirow-panel-rms	88b66f9229027cc8204e81d5f402da6cfd6cb1b7	a0f5f4e1df25c5dadb919aa4526e8567e64bcdcb	9300e25d81ae5505a8157177be1b994f7271432d	503b98cb22ae88798bb6bfca83a46676933f3600	本地实验/MULTIROW-PANEL-RMS-CHAMPION-X/V027/support/parent_kernel.asc	100644	9dbb3053c84dc39f4aee7826176ba96b70f413bc		EXCLUDE	CANDIDATE_OR_KERNEL_SOURCE		source retained only by source commit/blob reference
W3-R4-MULTIROW-PANEL-RMS-CHAMPION-X	V027	perf(r4): record v027 correctness failure	w3/m1/multirow-panel-rms	88b66f9229027cc8204e81d5f402da6cfd6cb1b7	a0f5f4e1df25c5dadb919aa4526e8567e64bcdcb	9300e25d81ae5505a8157177be1b994f7271432d	503b98cb22ae88798bb6bfca83a46676933f3600	本地实验/MULTIROW-PANEL-RMS-CHAMPION-X/V027/support/runner_main.cpp	100644	c344fbd6e08908a30453471d90b4ff465ed5b8e5		EXCLUDE	SUPPORT_SOURCE		source retained only by source commit/blob reference
W3-R4-MULTIROW-PANEL-RMS-CHAMPION-X	V028	perf(r4): record v028 reduction stride result	w3/m1/multirow-panel-rms	a09646a31e7057432a1d9678db0b2f96f3a4bae7	88b66f9229027cc8204e81d5f402da6cfd6cb1b7	893405f2cfa03e5892863216d97c3fd87390b33a	503b98cb22ae88798bb6bfca83a46676933f3600	本地实验/MULTIROW-PANEL-RMS-CHAMPION-X/V028/local/MPR4-V028-LOCAL-20261006T195126Z/MPR4-V028-LOCAL-20261006T195126Z.paired.tsv	100644	2e17983a1d157df518ea3219905f8867e71133f4	证据集成/W3/Batch-09-R1-R3-R4-R5/R4/V028/local/MPR4-V028-LOCAL-20261006T195126Z/MPR4-V028-LOCAL-20261006T195126Z.paired.tsv	COPY	LOCAL_RAW_STATISTICS		original bytes
W3-R4-MULTIROW-PANEL-RMS-CHAMPION-X	V028	perf(r4): record v028 reduction stride result	w3/m1/multirow-panel-rms	a09646a31e7057432a1d9678db0b2f96f3a4bae7	88b66f9229027cc8204e81d5f402da6cfd6cb1b7	893405f2cfa03e5892863216d97c3fd87390b33a	503b98cb22ae88798bb6bfca83a46676933f3600	本地实验/MULTIROW-PANEL-RMS-CHAMPION-X/V028/local/MPR4-V028-LOCAL-20261006T195126Z/MPR4-V028-LOCAL-20261006T195126Z.post.loadavg.txt	100644	d8bc5b94ccea28ebb07f552b76564b83fdc76fc4	证据集成/W3/Batch-09-R1-R3-R4-R5/R4/V028/local/MPR4-V028-LOCAL-20261006T195126Z/MPR4-V028-LOCAL-20261006T195126Z.post.loadavg.txt	COPY	LOCAL_CONTEXT_OR_DIAGNOSTIC		original bytes
W3-R4-MULTIROW-PANEL-RMS-CHAMPION-X	V028	perf(r4): record v028 reduction stride result	w3/m1/multirow-panel-rms	a09646a31e7057432a1d9678db0b2f96f3a4bae7	88b66f9229027cc8204e81d5f402da6cfd6cb1b7	893405f2cfa03e5892863216d97c3fd87390b33a	503b98cb22ae88798bb6bfca83a46676933f3600	本地实验/MULTIROW-PANEL-RMS-CHAMPION-X/V028/local/MPR4-V028-LOCAL-20261006T195126Z/MPR4-V028-LOCAL-20261006T195126Z.post.npu-smi.txt	100644	9db83aa53a4033299c69ca69c25674ab0852b283	证据集成/W3/Batch-09-R1-R3-R4-R5/R4/V028/local/MPR4-V028-LOCAL-20261006T195126Z/MPR4-V028-LOCAL-20261006T195126Z.post.npu-smi.txt	COPY	LOCAL_CONTEXT_OR_DIAGNOSTIC		original bytes
W3-R4-MULTIROW-PANEL-RMS-CHAMPION-X	V028	perf(r4): record v028 reduction stride result	w3/m1/multirow-panel-rms	a09646a31e7057432a1d9678db0b2f96f3a4bae7	88b66f9229027cc8204e81d5f402da6cfd6cb1b7	893405f2cfa03e5892863216d97c3fd87390b33a	503b98cb22ae88798bb6bfca83a46676933f3600	本地实验/MULTIROW-PANEL-RMS-CHAMPION-X/V028/local/MPR4-V028-LOCAL-20261006T195126Z/MPR4-V028-LOCAL-20261006T195126Z.pre.loadavg.txt	100644	fc2601980ba693a8d38035a5624fb2224a29be5a	证据集成/W3/Batch-09-R1-R3-R4-R5/R4/V028/local/MPR4-V028-LOCAL-20261006T195126Z/MPR4-V028-LOCAL-20261006T195126Z.pre.loadavg.txt	COPY	LOCAL_CONTEXT_OR_DIAGNOSTIC		original bytes
W3-R4-MULTIROW-PANEL-RMS-CHAMPION-X	V028	perf(r4): record v028 reduction stride result	w3/m1/multirow-panel-rms	a09646a31e7057432a1d9678db0b2f96f3a4bae7	88b66f9229027cc8204e81d5f402da6cfd6cb1b7	893405f2cfa03e5892863216d97c3fd87390b33a	503b98cb22ae88798bb6bfca83a46676933f3600	本地实验/MULTIROW-PANEL-RMS-CHAMPION-X/V028/local/MPR4-V028-LOCAL-20261006T195126Z/MPR4-V028-LOCAL-20261006T195126Z.pre.npu-smi.txt	100644	3f60a59b339beb6e69af36893ac4265cff54d87f	证据集成/W3/Batch-09-R1-R3-R4-R5/R4/V028/local/MPR4-V028-LOCAL-20261006T195126Z/MPR4-V028-LOCAL-20261006T195126Z.pre.npu-smi.txt	COPY	LOCAL_CONTEXT_OR_DIAGNOSTIC		original bytes
W3-R4-MULTIROW-PANEL-RMS-CHAMPION-X	V028	perf(r4): record v028 reduction stride result	w3/m1/multirow-panel-rms	a09646a31e7057432a1d9678db0b2f96f3a4bae7	88b66f9229027cc8204e81d5f402da6cfd6cb1b7	893405f2cfa03e5892863216d97c3fd87390b33a	503b98cb22ae88798bb6bfca83a46676933f3600	本地实验/MULTIROW-PANEL-RMS-CHAMPION-X/V028/local/MPR4-V028-LOCAL-20261006T195126Z/MPR4-V028-LOCAL-20261006T195126Z.runner.stderr.log	100644	e69de29bb2d1d6434b8b29ae775ad8c2e48c5391	证据集成/W3/Batch-09-R1-R3-R4-R5/R4/V028/local/MPR4-V028-LOCAL-20261006T195126Z/MPR4-V028-LOCAL-20261006T195126Z.runner.stderr.log	COPY	LOCAL_RUN_LOG		original bytes
W3-R4-MULTIROW-PANEL-RMS-CHAMPION-X	V028	perf(r4): record v028 reduction stride result	w3/m1/multirow-panel-rms	a09646a31e7057432a1d9678db0b2f96f3a4bae7	88b66f9229027cc8204e81d5f402da6cfd6cb1b7	893405f2cfa03e5892863216d97c3fd87390b33a	503b98cb22ae88798bb6bfca83a46676933f3600	本地实验/MULTIROW-PANEL-RMS-CHAMPION-X/V028/local/MPR4-V028-LOCAL-20261006T195126Z/MPR4-V028-LOCAL-20261006T195126Z.runner.stdout.log	100644	e69de29bb2d1d6434b8b29ae775ad8c2e48c5391	证据集成/W3/Batch-09-R1-R3-R4-R5/R4/V028/local/MPR4-V028-LOCAL-20261006T195126Z/MPR4-V028-LOCAL-20261006T195126Z.runner.stdout.log	COPY	LOCAL_RUN_LOG		original bytes
W3-R4-MULTIROW-PANEL-RMS-CHAMPION-X	V028	perf(r4): record v028 reduction stride result	w3/m1/multirow-panel-rms	a09646a31e7057432a1d9678db0b2f96f3a4bae7	88b66f9229027cc8204e81d5f402da6cfd6cb1b7	893405f2cfa03e5892863216d97c3fd87390b33a	503b98cb22ae88798bb6bfca83a46676933f3600	本地实验/MULTIROW-PANEL-RMS-CHAMPION-X/V028/local/MPR4-V028-LOCAL-20261006T195126Z/MPR4-V028-LOCAL-20261006T195126Z.status.txt	100644	ef84f37393fcfd2255d4561d07ae14c89fd0ab34	证据集成/W3/Batch-09-R1-R3-R4-R5/R4/V028/local/MPR4-V028-LOCAL-20261006T195126Z/MPR4-V028-LOCAL-20261006T195126Z.status.txt	COPY	LOCAL_CONTEXT_OR_DIAGNOSTIC		original bytes
W3-R4-MULTIROW-PANEL-RMS-CHAMPION-X	V028	perf(r4): record v028 reduction stride result	w3/m1/multirow-panel-rms	a09646a31e7057432a1d9678db0b2f96f3a4bae7	88b66f9229027cc8204e81d5f402da6cfd6cb1b7	893405f2cfa03e5892863216d97c3fd87390b33a	503b98cb22ae88798bb6bfca83a46676933f3600	本地实验/MULTIROW-PANEL-RMS-CHAMPION-X/V028/logs/MPR4-V028-COMPILE-20261006T194810Z.log	100644	05b66ba9861eda696f3ec6070cb1b382acfc655a	证据集成/W3/Batch-09-R1-R3-R4-R5/R4/V028/logs/MPR4-V028-COMPILE-20261006T194810Z.log	COPY	COMPILE_LOG		original bytes
W3-R4-MULTIROW-PANEL-RMS-CHAMPION-X	V028	perf(r4): record v028 reduction stride result	w3/m1/multirow-panel-rms	a09646a31e7057432a1d9678db0b2f96f3a4bae7	88b66f9229027cc8204e81d5f402da6cfd6cb1b7	893405f2cfa03e5892863216d97c3fd87390b33a	503b98cb22ae88798bb6bfca83a46676933f3600	本地实验/MULTIROW-PANEL-RMS-CHAMPION-X/V028/logs/MPR4-V028-CORR-20261006T194920Z.candidate.stderr.log	100644	e69de29bb2d1d6434b8b29ae775ad8c2e48c5391	证据集成/W3/Batch-09-R1-R3-R4-R5/R4/V028/logs/MPR4-V028-CORR-20261006T194920Z.candidate.stderr.log	COPY	RUN_LOG		original bytes
W3-R4-MULTIROW-PANEL-RMS-CHAMPION-X	V028	perf(r4): record v028 reduction stride result	w3/m1/multirow-panel-rms	a09646a31e7057432a1d9678db0b2f96f3a4bae7	88b66f9229027cc8204e81d5f402da6cfd6cb1b7	893405f2cfa03e5892863216d97c3fd87390b33a	503b98cb22ae88798bb6bfca83a46676933f3600	本地实验/MULTIROW-PANEL-RMS-CHAMPION-X/V028/logs/MPR4-V028-CORR-20261006T194920Z.candidate.stdout.log	100644	7165ba5d08f1885477d7e35348e0aeb659fb408f	证据集成/W3/Batch-09-R1-R3-R4-R5/R4/V028/logs/MPR4-V028-CORR-20261006T194920Z.candidate.stdout.log	COPY	RUN_LOG		original bytes
W3-R4-MULTIROW-PANEL-RMS-CHAMPION-X	V028	perf(r4): record v028 reduction stride result	w3/m1/multirow-panel-rms	a09646a31e7057432a1d9678db0b2f96f3a4bae7	88b66f9229027cc8204e81d5f402da6cfd6cb1b7	893405f2cfa03e5892863216d97c3fd87390b33a	503b98cb22ae88798bb6bfca83a46676933f3600	本地实验/MULTIROW-PANEL-RMS-CHAMPION-X/V028/logs/MPR4-V028-CORR-20261006T194920Z.candidate.tsv	100644	13b2b04f98bb9b0a6364e6f935af59f2cb92233b	证据集成/W3/Batch-09-R1-R3-R4-R5/R4/V028/logs/MPR4-V028-CORR-20261006T194920Z.candidate.tsv	COPY	LOCAL_RAW_STATISTICS		original bytes
W3-R4-MULTIROW-PANEL-RMS-CHAMPION-X	V028	perf(r4): record v028 reduction stride result	w3/m1/multirow-panel-rms	a09646a31e7057432a1d9678db0b2f96f3a4bae7	88b66f9229027cc8204e81d5f402da6cfd6cb1b7	893405f2cfa03e5892863216d97c3fd87390b33a	503b98cb22ae88798bb6bfca83a46676933f3600	本地实验/MULTIROW-PANEL-RMS-CHAMPION-X/V028/logs/MPR4-V028-CORR-20261006T194920Z.parent.stderr.log	100644	e69de29bb2d1d6434b8b29ae775ad8c2e48c5391	证据集成/W3/Batch-09-R1-R3-R4-R5/R4/V028/logs/MPR4-V028-CORR-20261006T194920Z.parent.stderr.log	COPY	RUN_LOG		original bytes
W3-R4-MULTIROW-PANEL-RMS-CHAMPION-X	V028	perf(r4): record v028 reduction stride result	w3/m1/multirow-panel-rms	a09646a31e7057432a1d9678db0b2f96f3a4bae7	88b66f9229027cc8204e81d5f402da6cfd6cb1b7	893405f2cfa03e5892863216d97c3fd87390b33a	503b98cb22ae88798bb6bfca83a46676933f3600	本地实验/MULTIROW-PANEL-RMS-CHAMPION-X/V028/logs/MPR4-V028-CORR-20261006T194920Z.parent.stdout.log	100644	d206967ae86ca302ee146cebc9e7477265b526b6	证据集成/W3/Batch-09-R1-R3-R4-R5/R4/V028/logs/MPR4-V028-CORR-20261006T194920Z.parent.stdout.log	COPY	RUN_LOG		original bytes
W3-R4-MULTIROW-PANEL-RMS-CHAMPION-X	V028	perf(r4): record v028 reduction stride result	w3/m1/multirow-panel-rms	a09646a31e7057432a1d9678db0b2f96f3a4bae7	88b66f9229027cc8204e81d5f402da6cfd6cb1b7	893405f2cfa03e5892863216d97c3fd87390b33a	503b98cb22ae88798bb6bfca83a46676933f3600	本地实验/MULTIROW-PANEL-RMS-CHAMPION-X/V028/logs/MPR4-V028-CORR-20261006T194920Z.parent.tsv	100644	a2fecc7237174d8ffdd441db52a3ae7d519bf638	证据集成/W3/Batch-09-R1-R3-R4-R5/R4/V028/logs/MPR4-V028-CORR-20261006T194920Z.parent.tsv	COPY	LOCAL_RAW_STATISTICS		original bytes
W3-R4-MULTIROW-PANEL-RMS-CHAMPION-X	V028	perf(r4): record v028 reduction stride result	w3/m1/multirow-panel-rms	a09646a31e7057432a1d9678db0b2f96f3a4bae7	88b66f9229027cc8204e81d5f402da6cfd6cb1b7	893405f2cfa03e5892863216d97c3fd87390b33a	503b98cb22ae88798bb6bfca83a46676933f3600	本地实验/MULTIROW-PANEL-RMS-CHAMPION-X/V028/logs/MPR4-V028-CORR-20261006T194920Z.post.npu-smi.txt	100644	687db4477d5be5b091fa26a3e12607024f92ca23	证据集成/W3/Batch-09-R1-R3-R4-R5/R4/V028/logs/MPR4-V028-CORR-20261006T194920Z.post.npu-smi.txt	COPY	LOCAL_CONTEXT_OR_DIAGNOSTIC		original bytes
W3-R4-MULTIROW-PANEL-RMS-CHAMPION-X	V028	perf(r4): record v028 reduction stride result	w3/m1/multirow-panel-rms	a09646a31e7057432a1d9678db0b2f96f3a4bae7	88b66f9229027cc8204e81d5f402da6cfd6cb1b7	893405f2cfa03e5892863216d97c3fd87390b33a	503b98cb22ae88798bb6bfca83a46676933f3600	本地实验/MULTIROW-PANEL-RMS-CHAMPION-X/V028/logs/MPR4-V028-CORR-20261006T194920Z.pre.npu-smi.txt	100644	c8e1459f7f2cc210e13322658f92ff1cf7d7322e	证据集成/W3/Batch-09-R1-R3-R4-R5/R4/V028/logs/MPR4-V028-CORR-20261006T194920Z.pre.npu-smi.txt	COPY	LOCAL_CONTEXT_OR_DIAGNOSTIC		original bytes
W3-R4-MULTIROW-PANEL-RMS-CHAMPION-X	V028	perf(r4): record v028 reduction stride result	w3/m1/multirow-panel-rms	a09646a31e7057432a1d9678db0b2f96f3a4bae7	88b66f9229027cc8204e81d5f402da6cfd6cb1b7	893405f2cfa03e5892863216d97c3fd87390b33a	503b98cb22ae88798bb6bfca83a46676933f3600	本地实验/MULTIROW-PANEL-RMS-CHAMPION-X/V028/logs/MPR4-V028-CORR-20261006T194920Z.status.txt	100644	1c94e2b7e0000b24198c44cabbf458765aa63f39	证据集成/W3/Batch-09-R1-R3-R4-R5/R4/V028/logs/MPR4-V028-CORR-20261006T194920Z.status.txt	COPY	LOCAL_CONTEXT_OR_DIAGNOSTIC		original bytes
W3-R4-MULTIROW-PANEL-RMS-CHAMPION-X	V028	perf(r4): record v028 reduction stride result	w3/m1/multirow-panel-rms	a09646a31e7057432a1d9678db0b2f96f3a4bae7	88b66f9229027cc8204e81d5f402da6cfd6cb1b7	893405f2cfa03e5892863216d97c3fd87390b33a	503b98cb22ae88798bb6bfca83a46676933f3600	本地实验/MULTIROW-PANEL-RMS-CHAMPION-X/V028/submission.asc	100644	ab950be1be50a45312f9426b69a09991dbe2237a		EXCLUDE	CANDIDATE_OR_KERNEL_SOURCE		source retained only by source commit/blob reference
W3-R4-MULTIROW-PANEL-RMS-CHAMPION-X	V028	perf(r4): record v028 reduction stride result	w3/m1/multirow-panel-rms	a09646a31e7057432a1d9678db0b2f96f3a4bae7	88b66f9229027cc8204e81d5f402da6cfd6cb1b7	893405f2cfa03e5892863216d97c3fd87390b33a	503b98cb22ae88798bb6bfca83a46676933f3600	本地实验/MULTIROW-PANEL-RMS-CHAMPION-X/V028/summary.txt	100644	c8f00c179a0227ae441a2843d3159d96e60d2eaa	证据集成/W3/Batch-09-R1-R3-R4-R5/R4/V028/summary.txt	COPY	LOCAL_CONTEXT_OR_DIAGNOSTIC		original bytes
W3-R4-MULTIROW-PANEL-RMS-CHAMPION-X	V028	perf(r4): record v028 reduction stride result	w3/m1/multirow-panel-rms	a09646a31e7057432a1d9678db0b2f96f3a4bae7	88b66f9229027cc8204e81d5f402da6cfd6cb1b7	893405f2cfa03e5892863216d97c3fd87390b33a	503b98cb22ae88798bb6bfca83a46676933f3600	本地实验/MULTIROW-PANEL-RMS-CHAMPION-X/V028/support/CMakeLists.txt	100644	26d61167cac3e643a1461b5097915cd02b21f364		EXCLUDE	BUILD_CONFIGURATION		build configuration not copied
W3-R4-MULTIROW-PANEL-RMS-CHAMPION-X	V028	perf(r4): record v028 reduction stride result	w3/m1/multirow-panel-rms	a09646a31e7057432a1d9678db0b2f96f3a4bae7	88b66f9229027cc8204e81d5f402da6cfd6cb1b7	893405f2cfa03e5892863216d97c3fd87390b33a	503b98cb22ae88798bb6bfca83a46676933f3600	本地实验/MULTIROW-PANEL-RMS-CHAMPION-X/V028/support/build_server3.sh	100644	18e12240f69695504258543fa4480c78b93adcba		EXCLUDE	BUILD_OR_EXECUTION_SCRIPT		script not copied
W3-R4-MULTIROW-PANEL-RMS-CHAMPION-X	V028	perf(r4): record v028 reduction stride result	w3/m1/multirow-panel-rms	a09646a31e7057432a1d9678db0b2f96f3a4bae7	88b66f9229027cc8204e81d5f402da6cfd6cb1b7	893405f2cfa03e5892863216d97c3fd87390b33a	503b98cb22ae88798bb6bfca83a46676933f3600	本地实验/MULTIROW-PANEL-RMS-CHAMPION-X/V028/support/candidate_kernel.asc	100644	3ef7048e01ddd88fb3d4b4a87c0ecb102c75799c		EXCLUDE	CANDIDATE_OR_KERNEL_SOURCE		source retained only by source commit/blob reference
W3-R4-MULTIROW-PANEL-RMS-CHAMPION-X	V028	perf(r4): record v028 reduction stride result	w3/m1/multirow-panel-rms	a09646a31e7057432a1d9678db0b2f96f3a4bae7	88b66f9229027cc8204e81d5f402da6cfd6cb1b7	893405f2cfa03e5892863216d97c3fd87390b33a	503b98cb22ae88798bb6bfca83a46676933f3600	本地实验/MULTIROW-PANEL-RMS-CHAMPION-X/V028/support/compile_server3.sh	100644	e3015e1a0b4a3516f2bb541a69b053abab86fc4a		EXCLUDE	BUILD_OR_EXECUTION_SCRIPT		script not copied
W3-R4-MULTIROW-PANEL-RMS-CHAMPION-X	V028	perf(r4): record v028 reduction stride result	w3/m1/multirow-panel-rms	a09646a31e7057432a1d9678db0b2f96f3a4bae7	88b66f9229027cc8204e81d5f402da6cfd6cb1b7	893405f2cfa03e5892863216d97c3fd87390b33a	503b98cb22ae88798bb6bfca83a46676933f3600	本地实验/MULTIROW-PANEL-RMS-CHAMPION-X/V028/support/local_abi_shim.h	100644	f52411b2c5f6b614ff1e61f30707250a43cc10d3		EXCLUDE	SUPPORT_SOURCE		source retained only by source commit/blob reference
W3-R4-MULTIROW-PANEL-RMS-CHAMPION-X	V028	perf(r4): record v028 reduction stride result	w3/m1/multirow-panel-rms	a09646a31e7057432a1d9678db0b2f96f3a4bae7	88b66f9229027cc8204e81d5f402da6cfd6cb1b7	893405f2cfa03e5892863216d97c3fd87390b33a	503b98cb22ae88798bb6bfca83a46676933f3600	本地实验/MULTIROW-PANEL-RMS-CHAMPION-X/V028/support/parent_kernel.asc	100644	9dbb3053c84dc39f4aee7826176ba96b70f413bc		EXCLUDE	CANDIDATE_OR_KERNEL_SOURCE		source retained only by source commit/blob reference
W3-R4-MULTIROW-PANEL-RMS-CHAMPION-X	V028	perf(r4): record v028 reduction stride result	w3/m1/multirow-panel-rms	a09646a31e7057432a1d9678db0b2f96f3a4bae7	88b66f9229027cc8204e81d5f402da6cfd6cb1b7	893405f2cfa03e5892863216d97c3fd87390b33a	503b98cb22ae88798bb6bfca83a46676933f3600	本地实验/MULTIROW-PANEL-RMS-CHAMPION-X/V028/support/runner_main.cpp	100644	c344fbd6e08908a30453471d90b4ff465ed5b8e5		EXCLUDE	SUPPORT_SOURCE		source retained only by source commit/blob reference
W3-R4-MULTIROW-PANEL-RMS-CHAMPION-X	V029	perf(r4): record v029 tile width regression	w3/m1/multirow-panel-rms	0dbd82ee1d96d39a0152a4ec911a945b1ceddeb5	a09646a31e7057432a1d9678db0b2f96f3a4bae7	e3b2f4d1cb655a988b3c9465f802dfaef2fe31f8	503b98cb22ae88798bb6bfca83a46676933f3600	本地实验/MULTIROW-PANEL-RMS-CHAMPION-X/V029/local/MPR4-V029-LOCAL-20261006T195935Z/MPR4-V029-LOCAL-20261006T195935Z.paired.tsv	100644	df3d6b350df9282dcc3c6e48184ed54049d21fd2	证据集成/W3/Batch-09-R1-R3-R4-R5/R4/V029/local/MPR4-V029-LOCAL-20261006T195935Z/MPR4-V029-LOCAL-20261006T195935Z.paired.tsv	COPY	LOCAL_RAW_STATISTICS		original bytes
W3-R4-MULTIROW-PANEL-RMS-CHAMPION-X	V029	perf(r4): record v029 tile width regression	w3/m1/multirow-panel-rms	0dbd82ee1d96d39a0152a4ec911a945b1ceddeb5	a09646a31e7057432a1d9678db0b2f96f3a4bae7	e3b2f4d1cb655a988b3c9465f802dfaef2fe31f8	503b98cb22ae88798bb6bfca83a46676933f3600	本地实验/MULTIROW-PANEL-RMS-CHAMPION-X/V029/local/MPR4-V029-LOCAL-20261006T195935Z/MPR4-V029-LOCAL-20261006T195935Z.post.loadavg.txt	100644	b7e038051c5e53e7b2553595b016b573520fa3f8	证据集成/W3/Batch-09-R1-R3-R4-R5/R4/V029/local/MPR4-V029-LOCAL-20261006T195935Z/MPR4-V029-LOCAL-20261006T195935Z.post.loadavg.txt	COPY	LOCAL_CONTEXT_OR_DIAGNOSTIC		original bytes
W3-R4-MULTIROW-PANEL-RMS-CHAMPION-X	V029	perf(r4): record v029 tile width regression	w3/m1/multirow-panel-rms	0dbd82ee1d96d39a0152a4ec911a945b1ceddeb5	a09646a31e7057432a1d9678db0b2f96f3a4bae7	e3b2f4d1cb655a988b3c9465f802dfaef2fe31f8	503b98cb22ae88798bb6bfca83a46676933f3600	本地实验/MULTIROW-PANEL-RMS-CHAMPION-X/V029/local/MPR4-V029-LOCAL-20261006T195935Z/MPR4-V029-LOCAL-20261006T195935Z.post.npu-smi.txt	100644	a76593844971d5cb5ac4e11476eee7fa4f3be258	证据集成/W3/Batch-09-R1-R3-R4-R5/R4/V029/local/MPR4-V029-LOCAL-20261006T195935Z/MPR4-V029-LOCAL-20261006T195935Z.post.npu-smi.txt	COPY	LOCAL_CONTEXT_OR_DIAGNOSTIC		original bytes
W3-R4-MULTIROW-PANEL-RMS-CHAMPION-X	V029	perf(r4): record v029 tile width regression	w3/m1/multirow-panel-rms	0dbd82ee1d96d39a0152a4ec911a945b1ceddeb5	a09646a31e7057432a1d9678db0b2f96f3a4bae7	e3b2f4d1cb655a988b3c9465f802dfaef2fe31f8	503b98cb22ae88798bb6bfca83a46676933f3600	本地实验/MULTIROW-PANEL-RMS-CHAMPION-X/V029/local/MPR4-V029-LOCAL-20261006T195935Z/MPR4-V029-LOCAL-20261006T195935Z.pre.loadavg.txt	100644	0225b72a45b1b7fbc223279ebd2e24299620d7d2	证据集成/W3/Batch-09-R1-R3-R4-R5/R4/V029/local/MPR4-V029-LOCAL-20261006T195935Z/MPR4-V029-LOCAL-20261006T195935Z.pre.loadavg.txt	COPY	LOCAL_CONTEXT_OR_DIAGNOSTIC		original bytes
W3-R4-MULTIROW-PANEL-RMS-CHAMPION-X	V029	perf(r4): record v029 tile width regression	w3/m1/multirow-panel-rms	0dbd82ee1d96d39a0152a4ec911a945b1ceddeb5	a09646a31e7057432a1d9678db0b2f96f3a4bae7	e3b2f4d1cb655a988b3c9465f802dfaef2fe31f8	503b98cb22ae88798bb6bfca83a46676933f3600	本地实验/MULTIROW-PANEL-RMS-CHAMPION-X/V029/local/MPR4-V029-LOCAL-20261006T195935Z/MPR4-V029-LOCAL-20261006T195935Z.pre.npu-smi.txt	100644	6eaa289dc1b203b68692ac8bb527aea3c988513f	证据集成/W3/Batch-09-R1-R3-R4-R5/R4/V029/local/MPR4-V029-LOCAL-20261006T195935Z/MPR4-V029-LOCAL-20261006T195935Z.pre.npu-smi.txt	COPY	LOCAL_CONTEXT_OR_DIAGNOSTIC		original bytes
W3-R4-MULTIROW-PANEL-RMS-CHAMPION-X	V029	perf(r4): record v029 tile width regression	w3/m1/multirow-panel-rms	0dbd82ee1d96d39a0152a4ec911a945b1ceddeb5	a09646a31e7057432a1d9678db0b2f96f3a4bae7	e3b2f4d1cb655a988b3c9465f802dfaef2fe31f8	503b98cb22ae88798bb6bfca83a46676933f3600	本地实验/MULTIROW-PANEL-RMS-CHAMPION-X/V029/local/MPR4-V029-LOCAL-20261006T195935Z/MPR4-V029-LOCAL-20261006T195935Z.runner.stderr.log	100644	e69de29bb2d1d6434b8b29ae775ad8c2e48c5391	证据集成/W3/Batch-09-R1-R3-R4-R5/R4/V029/local/MPR4-V029-LOCAL-20261006T195935Z/MPR4-V029-LOCAL-20261006T195935Z.runner.stderr.log	COPY	LOCAL_RUN_LOG		original bytes
W3-R4-MULTIROW-PANEL-RMS-CHAMPION-X	V029	perf(r4): record v029 tile width regression	w3/m1/multirow-panel-rms	0dbd82ee1d96d39a0152a4ec911a945b1ceddeb5	a09646a31e7057432a1d9678db0b2f96f3a4bae7	e3b2f4d1cb655a988b3c9465f802dfaef2fe31f8	503b98cb22ae88798bb6bfca83a46676933f3600	本地实验/MULTIROW-PANEL-RMS-CHAMPION-X/V029/local/MPR4-V029-LOCAL-20261006T195935Z/MPR4-V029-LOCAL-20261006T195935Z.runner.stdout.log	100644	e69de29bb2d1d6434b8b29ae775ad8c2e48c5391	证据集成/W3/Batch-09-R1-R3-R4-R5/R4/V029/local/MPR4-V029-LOCAL-20261006T195935Z/MPR4-V029-LOCAL-20261006T195935Z.runner.stdout.log	COPY	LOCAL_RUN_LOG		original bytes
W3-R4-MULTIROW-PANEL-RMS-CHAMPION-X	V029	perf(r4): record v029 tile width regression	w3/m1/multirow-panel-rms	0dbd82ee1d96d39a0152a4ec911a945b1ceddeb5	a09646a31e7057432a1d9678db0b2f96f3a4bae7	e3b2f4d1cb655a988b3c9465f802dfaef2fe31f8	503b98cb22ae88798bb6bfca83a46676933f3600	本地实验/MULTIROW-PANEL-RMS-CHAMPION-X/V029/local/MPR4-V029-LOCAL-20261006T195935Z/MPR4-V029-LOCAL-20261006T195935Z.status.txt	100644	3d03a55e044a3737b57a6ca0261710e9ad1894f7	证据集成/W3/Batch-09-R1-R3-R4-R5/R4/V029/local/MPR4-V029-LOCAL-20261006T195935Z/MPR4-V029-LOCAL-20261006T195935Z.status.txt	COPY	LOCAL_CONTEXT_OR_DIAGNOSTIC		original bytes
W3-R4-MULTIROW-PANEL-RMS-CHAMPION-X	V029	perf(r4): record v029 tile width regression	w3/m1/multirow-panel-rms	0dbd82ee1d96d39a0152a4ec911a945b1ceddeb5	a09646a31e7057432a1d9678db0b2f96f3a4bae7	e3b2f4d1cb655a988b3c9465f802dfaef2fe31f8	503b98cb22ae88798bb6bfca83a46676933f3600	本地实验/MULTIROW-PANEL-RMS-CHAMPION-X/V029/logs/MPR4-V029-COMPILE-20261006T195628Z.log	100644	34eea6885191ca25f86b7fb7bbd9c3591d903ab2	证据集成/W3/Batch-09-R1-R3-R4-R5/R4/V029/logs/MPR4-V029-COMPILE-20261006T195628Z.log	COPY	COMPILE_LOG		original bytes
W3-R4-MULTIROW-PANEL-RMS-CHAMPION-X	V029	perf(r4): record v029 tile width regression	w3/m1/multirow-panel-rms	0dbd82ee1d96d39a0152a4ec911a945b1ceddeb5	a09646a31e7057432a1d9678db0b2f96f3a4bae7	e3b2f4d1cb655a988b3c9465f802dfaef2fe31f8	503b98cb22ae88798bb6bfca83a46676933f3600	本地实验/MULTIROW-PANEL-RMS-CHAMPION-X/V029/logs/MPR4-V029-CORR-20261006T195745Z.candidate.stderr.log	100644	e69de29bb2d1d6434b8b29ae775ad8c2e48c5391	证据集成/W3/Batch-09-R1-R3-R4-R5/R4/V029/logs/MPR4-V029-CORR-20261006T195745Z.candidate.stderr.log	COPY	RUN_LOG		original bytes
W3-R4-MULTIROW-PANEL-RMS-CHAMPION-X	V029	perf(r4): record v029 tile width regression	w3/m1/multirow-panel-rms	0dbd82ee1d96d39a0152a4ec911a945b1ceddeb5	a09646a31e7057432a1d9678db0b2f96f3a4bae7	e3b2f4d1cb655a988b3c9465f802dfaef2fe31f8	503b98cb22ae88798bb6bfca83a46676933f3600	本地实验/MULTIROW-PANEL-RMS-CHAMPION-X/V029/logs/MPR4-V029-CORR-20261006T195745Z.candidate.stdout.log	100644	7165ba5d08f1885477d7e35348e0aeb659fb408f	证据集成/W3/Batch-09-R1-R3-R4-R5/R4/V029/logs/MPR4-V029-CORR-20261006T195745Z.candidate.stdout.log	COPY	RUN_LOG		original bytes
W3-R4-MULTIROW-PANEL-RMS-CHAMPION-X	V029	perf(r4): record v029 tile width regression	w3/m1/multirow-panel-rms	0dbd82ee1d96d39a0152a4ec911a945b1ceddeb5	a09646a31e7057432a1d9678db0b2f96f3a4bae7	e3b2f4d1cb655a988b3c9465f802dfaef2fe31f8	503b98cb22ae88798bb6bfca83a46676933f3600	本地实验/MULTIROW-PANEL-RMS-CHAMPION-X/V029/logs/MPR4-V029-CORR-20261006T195745Z.candidate.tsv	100644	0dcc28f7d5de2dbb3670d4cc89b5a3dfcfd9e93b	证据集成/W3/Batch-09-R1-R3-R4-R5/R4/V029/logs/MPR4-V029-CORR-20261006T195745Z.candidate.tsv	COPY	LOCAL_RAW_STATISTICS		original bytes
W3-R4-MULTIROW-PANEL-RMS-CHAMPION-X	V029	perf(r4): record v029 tile width regression	w3/m1/multirow-panel-rms	0dbd82ee1d96d39a0152a4ec911a945b1ceddeb5	a09646a31e7057432a1d9678db0b2f96f3a4bae7	e3b2f4d1cb655a988b3c9465f802dfaef2fe31f8	503b98cb22ae88798bb6bfca83a46676933f3600	本地实验/MULTIROW-PANEL-RMS-CHAMPION-X/V029/logs/MPR4-V029-CORR-20261006T195745Z.parent.stderr.log	100644	e69de29bb2d1d6434b8b29ae775ad8c2e48c5391	证据集成/W3/Batch-09-R1-R3-R4-R5/R4/V029/logs/MPR4-V029-CORR-20261006T195745Z.parent.stderr.log	COPY	RUN_LOG		original bytes
W3-R4-MULTIROW-PANEL-RMS-CHAMPION-X	V029	perf(r4): record v029 tile width regression	w3/m1/multirow-panel-rms	0dbd82ee1d96d39a0152a4ec911a945b1ceddeb5	a09646a31e7057432a1d9678db0b2f96f3a4bae7	e3b2f4d1cb655a988b3c9465f802dfaef2fe31f8	503b98cb22ae88798bb6bfca83a46676933f3600	本地实验/MULTIROW-PANEL-RMS-CHAMPION-X/V029/logs/MPR4-V029-CORR-20261006T195745Z.parent.stdout.log	100644	d206967ae86ca302ee146cebc9e7477265b526b6	证据集成/W3/Batch-09-R1-R3-R4-R5/R4/V029/logs/MPR4-V029-CORR-20261006T195745Z.parent.stdout.log	COPY	RUN_LOG		original bytes
W3-R4-MULTIROW-PANEL-RMS-CHAMPION-X	V029	perf(r4): record v029 tile width regression	w3/m1/multirow-panel-rms	0dbd82ee1d96d39a0152a4ec911a945b1ceddeb5	a09646a31e7057432a1d9678db0b2f96f3a4bae7	e3b2f4d1cb655a988b3c9465f802dfaef2fe31f8	503b98cb22ae88798bb6bfca83a46676933f3600	本地实验/MULTIROW-PANEL-RMS-CHAMPION-X/V029/logs/MPR4-V029-CORR-20261006T195745Z.parent.tsv	100644	2f1dfb6d37ad192a00c82988e01d2245708e7615	证据集成/W3/Batch-09-R1-R3-R4-R5/R4/V029/logs/MPR4-V029-CORR-20261006T195745Z.parent.tsv	COPY	LOCAL_RAW_STATISTICS		original bytes
W3-R4-MULTIROW-PANEL-RMS-CHAMPION-X	V029	perf(r4): record v029 tile width regression	w3/m1/multirow-panel-rms	0dbd82ee1d96d39a0152a4ec911a945b1ceddeb5	a09646a31e7057432a1d9678db0b2f96f3a4bae7	e3b2f4d1cb655a988b3c9465f802dfaef2fe31f8	503b98cb22ae88798bb6bfca83a46676933f3600	本地实验/MULTIROW-PANEL-RMS-CHAMPION-X/V029/logs/MPR4-V029-CORR-20261006T195745Z.post.npu-smi.txt	100644	7e05b9c5d696ec897fb2837ae8dcfd4c01b580dd	证据集成/W3/Batch-09-R1-R3-R4-R5/R4/V029/logs/MPR4-V029-CORR-20261006T195745Z.post.npu-smi.txt	COPY	LOCAL_CONTEXT_OR_DIAGNOSTIC		original bytes
W3-R4-MULTIROW-PANEL-RMS-CHAMPION-X	V029	perf(r4): record v029 tile width regression	w3/m1/multirow-panel-rms	0dbd82ee1d96d39a0152a4ec911a945b1ceddeb5	a09646a31e7057432a1d9678db0b2f96f3a4bae7	e3b2f4d1cb655a988b3c9465f802dfaef2fe31f8	503b98cb22ae88798bb6bfca83a46676933f3600	本地实验/MULTIROW-PANEL-RMS-CHAMPION-X/V029/logs/MPR4-V029-CORR-20261006T195745Z.pre.npu-smi.txt	100644	0ace284850efed0a026e28caf20020f8f62bcb8b	证据集成/W3/Batch-09-R1-R3-R4-R5/R4/V029/logs/MPR4-V029-CORR-20261006T195745Z.pre.npu-smi.txt	COPY	LOCAL_CONTEXT_OR_DIAGNOSTIC		original bytes
W3-R4-MULTIROW-PANEL-RMS-CHAMPION-X	V029	perf(r4): record v029 tile width regression	w3/m1/multirow-panel-rms	0dbd82ee1d96d39a0152a4ec911a945b1ceddeb5	a09646a31e7057432a1d9678db0b2f96f3a4bae7	e3b2f4d1cb655a988b3c9465f802dfaef2fe31f8	503b98cb22ae88798bb6bfca83a46676933f3600	本地实验/MULTIROW-PANEL-RMS-CHAMPION-X/V029/logs/MPR4-V029-CORR-20261006T195745Z.status.txt	100644	f6deef8d8e92f26ab2ae0064b7e7495b316dcbd9	证据集成/W3/Batch-09-R1-R3-R4-R5/R4/V029/logs/MPR4-V029-CORR-20261006T195745Z.status.txt	COPY	LOCAL_CONTEXT_OR_DIAGNOSTIC		original bytes
W3-R4-MULTIROW-PANEL-RMS-CHAMPION-X	V029	perf(r4): record v029 tile width regression	w3/m1/multirow-panel-rms	0dbd82ee1d96d39a0152a4ec911a945b1ceddeb5	a09646a31e7057432a1d9678db0b2f96f3a4bae7	e3b2f4d1cb655a988b3c9465f802dfaef2fe31f8	503b98cb22ae88798bb6bfca83a46676933f3600	本地实验/MULTIROW-PANEL-RMS-CHAMPION-X/V029/submission.asc	100644	15733fb8fb4e285a778d7b688366fb47318b5c50		EXCLUDE	CANDIDATE_OR_KERNEL_SOURCE		source retained only by source commit/blob reference
W3-R4-MULTIROW-PANEL-RMS-CHAMPION-X	V029	perf(r4): record v029 tile width regression	w3/m1/multirow-panel-rms	0dbd82ee1d96d39a0152a4ec911a945b1ceddeb5	a09646a31e7057432a1d9678db0b2f96f3a4bae7	e3b2f4d1cb655a988b3c9465f802dfaef2fe31f8	503b98cb22ae88798bb6bfca83a46676933f3600	本地实验/MULTIROW-PANEL-RMS-CHAMPION-X/V029/summary.txt	100644	16060738f4f188856c8c2ee960f2373d76386973	证据集成/W3/Batch-09-R1-R3-R4-R5/R4/V029/summary.txt	COPY	LOCAL_CONTEXT_OR_DIAGNOSTIC		original bytes
W3-R4-MULTIROW-PANEL-RMS-CHAMPION-X	V029	perf(r4): record v029 tile width regression	w3/m1/multirow-panel-rms	0dbd82ee1d96d39a0152a4ec911a945b1ceddeb5	a09646a31e7057432a1d9678db0b2f96f3a4bae7	e3b2f4d1cb655a988b3c9465f802dfaef2fe31f8	503b98cb22ae88798bb6bfca83a46676933f3600	本地实验/MULTIROW-PANEL-RMS-CHAMPION-X/V029/support/CMakeLists.txt	100644	26d61167cac3e643a1461b5097915cd02b21f364		EXCLUDE	BUILD_CONFIGURATION		build configuration not copied
W3-R4-MULTIROW-PANEL-RMS-CHAMPION-X	V029	perf(r4): record v029 tile width regression	w3/m1/multirow-panel-rms	0dbd82ee1d96d39a0152a4ec911a945b1ceddeb5	a09646a31e7057432a1d9678db0b2f96f3a4bae7	e3b2f4d1cb655a988b3c9465f802dfaef2fe31f8	503b98cb22ae88798bb6bfca83a46676933f3600	本地实验/MULTIROW-PANEL-RMS-CHAMPION-X/V029/support/build_server3.sh	100644	18e12240f69695504258543fa4480c78b93adcba		EXCLUDE	BUILD_OR_EXECUTION_SCRIPT		script not copied
W3-R4-MULTIROW-PANEL-RMS-CHAMPION-X	V029	perf(r4): record v029 tile width regression	w3/m1/multirow-panel-rms	0dbd82ee1d96d39a0152a4ec911a945b1ceddeb5	a09646a31e7057432a1d9678db0b2f96f3a4bae7	e3b2f4d1cb655a988b3c9465f802dfaef2fe31f8	503b98cb22ae88798bb6bfca83a46676933f3600	本地实验/MULTIROW-PANEL-RMS-CHAMPION-X/V029/support/candidate_kernel.asc	100644	3ef7048e01ddd88fb3d4b4a87c0ecb102c75799c		EXCLUDE	CANDIDATE_OR_KERNEL_SOURCE		source retained only by source commit/blob reference
W3-R4-MULTIROW-PANEL-RMS-CHAMPION-X	V029	perf(r4): record v029 tile width regression	w3/m1/multirow-panel-rms	0dbd82ee1d96d39a0152a4ec911a945b1ceddeb5	a09646a31e7057432a1d9678db0b2f96f3a4bae7	e3b2f4d1cb655a988b3c9465f802dfaef2fe31f8	503b98cb22ae88798bb6bfca83a46676933f3600	本地实验/MULTIROW-PANEL-RMS-CHAMPION-X/V029/support/compile_server3.sh	100644	4bf6718ae03e4e08786259ab17147faff3e11ac2		EXCLUDE	BUILD_OR_EXECUTION_SCRIPT		script not copied
W3-R4-MULTIROW-PANEL-RMS-CHAMPION-X	V029	perf(r4): record v029 tile width regression	w3/m1/multirow-panel-rms	0dbd82ee1d96d39a0152a4ec911a945b1ceddeb5	a09646a31e7057432a1d9678db0b2f96f3a4bae7	e3b2f4d1cb655a988b3c9465f802dfaef2fe31f8	503b98cb22ae88798bb6bfca83a46676933f3600	本地实验/MULTIROW-PANEL-RMS-CHAMPION-X/V029/support/local_abi_shim.h	100644	f52411b2c5f6b614ff1e61f30707250a43cc10d3		EXCLUDE	SUPPORT_SOURCE		source retained only by source commit/blob reference
W3-R4-MULTIROW-PANEL-RMS-CHAMPION-X	V029	perf(r4): record v029 tile width regression	w3/m1/multirow-panel-rms	0dbd82ee1d96d39a0152a4ec911a945b1ceddeb5	a09646a31e7057432a1d9678db0b2f96f3a4bae7	e3b2f4d1cb655a988b3c9465f802dfaef2fe31f8	503b98cb22ae88798bb6bfca83a46676933f3600	本地实验/MULTIROW-PANEL-RMS-CHAMPION-X/V029/support/parent_kernel.asc	100644	9dbb3053c84dc39f4aee7826176ba96b70f413bc		EXCLUDE	CANDIDATE_OR_KERNEL_SOURCE		source retained only by source commit/blob reference
W3-R4-MULTIROW-PANEL-RMS-CHAMPION-X	V029	perf(r4): record v029 tile width regression	w3/m1/multirow-panel-rms	0dbd82ee1d96d39a0152a4ec911a945b1ceddeb5	a09646a31e7057432a1d9678db0b2f96f3a4bae7	e3b2f4d1cb655a988b3c9465f802dfaef2fe31f8	503b98cb22ae88798bb6bfca83a46676933f3600	本地实验/MULTIROW-PANEL-RMS-CHAMPION-X/V029/support/runner_main.cpp	100644	c344fbd6e08908a30453471d90b4ff465ed5b8e5		EXCLUDE	SUPPORT_SOURCE		source retained only by source commit/blob reference
W3-R4-MULTIROW-PANEL-RMS-CHAMPION-X	V030	perf(r4): record v030 tile width regression	w3/m1/multirow-panel-rms	2c3040045003e1ccc5e8eabf19443d42085d4034	0dbd82ee1d96d39a0152a4ec911a945b1ceddeb5	a6f78d5e2dc9569fa367bb7e6d3adc38c3f68c48	503b98cb22ae88798bb6bfca83a46676933f3600	本地实验/MULTIROW-PANEL-RMS-CHAMPION-X/V030/local/MPR4-V030-LOCAL-20261006T200659Z/MPR4-V030-LOCAL-20261006T200659Z.paired.tsv	100644	8aa6b4e894c47973c1b79db7985a37792ef3a722	证据集成/W3/Batch-09-R1-R3-R4-R5/R4/V030/local/MPR4-V030-LOCAL-20261006T200659Z/MPR4-V030-LOCAL-20261006T200659Z.paired.tsv	COPY	LOCAL_RAW_STATISTICS		original bytes
W3-R4-MULTIROW-PANEL-RMS-CHAMPION-X	V030	perf(r4): record v030 tile width regression	w3/m1/multirow-panel-rms	2c3040045003e1ccc5e8eabf19443d42085d4034	0dbd82ee1d96d39a0152a4ec911a945b1ceddeb5	a6f78d5e2dc9569fa367bb7e6d3adc38c3f68c48	503b98cb22ae88798bb6bfca83a46676933f3600	本地实验/MULTIROW-PANEL-RMS-CHAMPION-X/V030/local/MPR4-V030-LOCAL-20261006T200659Z/MPR4-V030-LOCAL-20261006T200659Z.post.loadavg.txt	100644	31e31247bad3c919ad9c7d141ad30b10f26f2df8	证据集成/W3/Batch-09-R1-R3-R4-R5/R4/V030/local/MPR4-V030-LOCAL-20261006T200659Z/MPR4-V030-LOCAL-20261006T200659Z.post.loadavg.txt	COPY	LOCAL_CONTEXT_OR_DIAGNOSTIC		original bytes
W3-R4-MULTIROW-PANEL-RMS-CHAMPION-X	V030	perf(r4): record v030 tile width regression	w3/m1/multirow-panel-rms	2c3040045003e1ccc5e8eabf19443d42085d4034	0dbd82ee1d96d39a0152a4ec911a945b1ceddeb5	a6f78d5e2dc9569fa367bb7e6d3adc38c3f68c48	503b98cb22ae88798bb6bfca83a46676933f3600	本地实验/MULTIROW-PANEL-RMS-CHAMPION-X/V030/local/MPR4-V030-LOCAL-20261006T200659Z/MPR4-V030-LOCAL-20261006T200659Z.post.npu-smi.txt	100644	99de368a5bf3976e34b054b24efa9e7be97e1121	证据集成/W3/Batch-09-R1-R3-R4-R5/R4/V030/local/MPR4-V030-LOCAL-20261006T200659Z/MPR4-V030-LOCAL-20261006T200659Z.post.npu-smi.txt	COPY	LOCAL_CONTEXT_OR_DIAGNOSTIC		original bytes
W3-R4-MULTIROW-PANEL-RMS-CHAMPION-X	V030	perf(r4): record v030 tile width regression	w3/m1/multirow-panel-rms	2c3040045003e1ccc5e8eabf19443d42085d4034	0dbd82ee1d96d39a0152a4ec911a945b1ceddeb5	a6f78d5e2dc9569fa367bb7e6d3adc38c3f68c48	503b98cb22ae88798bb6bfca83a46676933f3600	本地实验/MULTIROW-PANEL-RMS-CHAMPION-X/V030/local/MPR4-V030-LOCAL-20261006T200659Z/MPR4-V030-LOCAL-20261006T200659Z.pre.loadavg.txt	100644	8b7ca9db82b1d02ec327ba045b023794f3c651e0	证据集成/W3/Batch-09-R1-R3-R4-R5/R4/V030/local/MPR4-V030-LOCAL-20261006T200659Z/MPR4-V030-LOCAL-20261006T200659Z.pre.loadavg.txt	COPY	LOCAL_CONTEXT_OR_DIAGNOSTIC		original bytes
W3-R4-MULTIROW-PANEL-RMS-CHAMPION-X	V030	perf(r4): record v030 tile width regression	w3/m1/multirow-panel-rms	2c3040045003e1ccc5e8eabf19443d42085d4034	0dbd82ee1d96d39a0152a4ec911a945b1ceddeb5	a6f78d5e2dc9569fa367bb7e6d3adc38c3f68c48	503b98cb22ae88798bb6bfca83a46676933f3600	本地实验/MULTIROW-PANEL-RMS-CHAMPION-X/V030/local/MPR4-V030-LOCAL-20261006T200659Z/MPR4-V030-LOCAL-20261006T200659Z.pre.npu-smi.txt	100644	637569abcb17df318f6c790c757203bf91e729b8	证据集成/W3/Batch-09-R1-R3-R4-R5/R4/V030/local/MPR4-V030-LOCAL-20261006T200659Z/MPR4-V030-LOCAL-20261006T200659Z.pre.npu-smi.txt	COPY	LOCAL_CONTEXT_OR_DIAGNOSTIC		original bytes
W3-R4-MULTIROW-PANEL-RMS-CHAMPION-X	V030	perf(r4): record v030 tile width regression	w3/m1/multirow-panel-rms	2c3040045003e1ccc5e8eabf19443d42085d4034	0dbd82ee1d96d39a0152a4ec911a945b1ceddeb5	a6f78d5e2dc9569fa367bb7e6d3adc38c3f68c48	503b98cb22ae88798bb6bfca83a46676933f3600	本地实验/MULTIROW-PANEL-RMS-CHAMPION-X/V030/local/MPR4-V030-LOCAL-20261006T200659Z/MPR4-V030-LOCAL-20261006T200659Z.runner.stderr.log	100644	e69de29bb2d1d6434b8b29ae775ad8c2e48c5391	证据集成/W3/Batch-09-R1-R3-R4-R5/R4/V030/local/MPR4-V030-LOCAL-20261006T200659Z/MPR4-V030-LOCAL-20261006T200659Z.runner.stderr.log	COPY	LOCAL_RUN_LOG		original bytes
W3-R4-MULTIROW-PANEL-RMS-CHAMPION-X	V030	perf(r4): record v030 tile width regression	w3/m1/multirow-panel-rms	2c3040045003e1ccc5e8eabf19443d42085d4034	0dbd82ee1d96d39a0152a4ec911a945b1ceddeb5	a6f78d5e2dc9569fa367bb7e6d3adc38c3f68c48	503b98cb22ae88798bb6bfca83a46676933f3600	本地实验/MULTIROW-PANEL-RMS-CHAMPION-X/V030/local/MPR4-V030-LOCAL-20261006T200659Z/MPR4-V030-LOCAL-20261006T200659Z.runner.stdout.log	100644	e69de29bb2d1d6434b8b29ae775ad8c2e48c5391	证据集成/W3/Batch-09-R1-R3-R4-R5/R4/V030/local/MPR4-V030-LOCAL-20261006T200659Z/MPR4-V030-LOCAL-20261006T200659Z.runner.stdout.log	COPY	LOCAL_RUN_LOG		original bytes
W3-R4-MULTIROW-PANEL-RMS-CHAMPION-X	V030	perf(r4): record v030 tile width regression	w3/m1/multirow-panel-rms	2c3040045003e1ccc5e8eabf19443d42085d4034	0dbd82ee1d96d39a0152a4ec911a945b1ceddeb5	a6f78d5e2dc9569fa367bb7e6d3adc38c3f68c48	503b98cb22ae88798bb6bfca83a46676933f3600	本地实验/MULTIROW-PANEL-RMS-CHAMPION-X/V030/local/MPR4-V030-LOCAL-20261006T200659Z/MPR4-V030-LOCAL-20261006T200659Z.status.txt	100644	f705802486a7685d46a3b8660bf86e421550e8cf	证据集成/W3/Batch-09-R1-R3-R4-R5/R4/V030/local/MPR4-V030-LOCAL-20261006T200659Z/MPR4-V030-LOCAL-20261006T200659Z.status.txt	COPY	LOCAL_CONTEXT_OR_DIAGNOSTIC		original bytes
W3-R4-MULTIROW-PANEL-RMS-CHAMPION-X	V030	perf(r4): record v030 tile width regression	w3/m1/multirow-panel-rms	2c3040045003e1ccc5e8eabf19443d42085d4034	0dbd82ee1d96d39a0152a4ec911a945b1ceddeb5	a6f78d5e2dc9569fa367bb7e6d3adc38c3f68c48	503b98cb22ae88798bb6bfca83a46676933f3600	本地实验/MULTIROW-PANEL-RMS-CHAMPION-X/V030/logs/MPR4-V030-COMPILE-20261006T200416Z.log	100644	89214e057540fba2098a4adf1a4268d6979b578c	证据集成/W3/Batch-09-R1-R3-R4-R5/R4/V030/logs/MPR4-V030-COMPILE-20261006T200416Z.log	COPY	COMPILE_LOG		original bytes
W3-R4-MULTIROW-PANEL-RMS-CHAMPION-X	V030	perf(r4): record v030 tile width regression	w3/m1/multirow-panel-rms	2c3040045003e1ccc5e8eabf19443d42085d4034	0dbd82ee1d96d39a0152a4ec911a945b1ceddeb5	a6f78d5e2dc9569fa367bb7e6d3adc38c3f68c48	503b98cb22ae88798bb6bfca83a46676933f3600	本地实验/MULTIROW-PANEL-RMS-CHAMPION-X/V030/logs/MPR4-V030-CORR-20261006T200514Z.candidate.stderr.log	100644	e69de29bb2d1d6434b8b29ae775ad8c2e48c5391	证据集成/W3/Batch-09-R1-R3-R4-R5/R4/V030/logs/MPR4-V030-CORR-20261006T200514Z.candidate.stderr.log	COPY	RUN_LOG		original bytes
W3-R4-MULTIROW-PANEL-RMS-CHAMPION-X	V030	perf(r4): record v030 tile width regression	w3/m1/multirow-panel-rms	2c3040045003e1ccc5e8eabf19443d42085d4034	0dbd82ee1d96d39a0152a4ec911a945b1ceddeb5	a6f78d5e2dc9569fa367bb7e6d3adc38c3f68c48	503b98cb22ae88798bb6bfca83a46676933f3600	本地实验/MULTIROW-PANEL-RMS-CHAMPION-X/V030/logs/MPR4-V030-CORR-20261006T200514Z.candidate.stdout.log	100644	7165ba5d08f1885477d7e35348e0aeb659fb408f	证据集成/W3/Batch-09-R1-R3-R4-R5/R4/V030/logs/MPR4-V030-CORR-20261006T200514Z.candidate.stdout.log	COPY	RUN_LOG		original bytes
W3-R4-MULTIROW-PANEL-RMS-CHAMPION-X	V030	perf(r4): record v030 tile width regression	w3/m1/multirow-panel-rms	2c3040045003e1ccc5e8eabf19443d42085d4034	0dbd82ee1d96d39a0152a4ec911a945b1ceddeb5	a6f78d5e2dc9569fa367bb7e6d3adc38c3f68c48	503b98cb22ae88798bb6bfca83a46676933f3600	本地实验/MULTIROW-PANEL-RMS-CHAMPION-X/V030/logs/MPR4-V030-CORR-20261006T200514Z.candidate.tsv	100644	f8771b0c182069cf43c3a49f6fc668f347a96cb2	证据集成/W3/Batch-09-R1-R3-R4-R5/R4/V030/logs/MPR4-V030-CORR-20261006T200514Z.candidate.tsv	COPY	LOCAL_RAW_STATISTICS		original bytes
W3-R4-MULTIROW-PANEL-RMS-CHAMPION-X	V030	perf(r4): record v030 tile width regression	w3/m1/multirow-panel-rms	2c3040045003e1ccc5e8eabf19443d42085d4034	0dbd82ee1d96d39a0152a4ec911a945b1ceddeb5	a6f78d5e2dc9569fa367bb7e6d3adc38c3f68c48	503b98cb22ae88798bb6bfca83a46676933f3600	本地实验/MULTIROW-PANEL-RMS-CHAMPION-X/V030/logs/MPR4-V030-CORR-20261006T200514Z.parent.stderr.log	100644	e69de29bb2d1d6434b8b29ae775ad8c2e48c5391	证据集成/W3/Batch-09-R1-R3-R4-R5/R4/V030/logs/MPR4-V030-CORR-20261006T200514Z.parent.stderr.log	COPY	RUN_LOG		original bytes
W3-R4-MULTIROW-PANEL-RMS-CHAMPION-X	V030	perf(r4): record v030 tile width regression	w3/m1/multirow-panel-rms	2c3040045003e1ccc5e8eabf19443d42085d4034	0dbd82ee1d96d39a0152a4ec911a945b1ceddeb5	a6f78d5e2dc9569fa367bb7e6d3adc38c3f68c48	503b98cb22ae88798bb6bfca83a46676933f3600	本地实验/MULTIROW-PANEL-RMS-CHAMPION-X/V030/logs/MPR4-V030-CORR-20261006T200514Z.parent.stdout.log	100644	d206967ae86ca302ee146cebc9e7477265b526b6	证据集成/W3/Batch-09-R1-R3-R4-R5/R4/V030/logs/MPR4-V030-CORR-20261006T200514Z.parent.stdout.log	COPY	RUN_LOG		original bytes
W3-R4-MULTIROW-PANEL-RMS-CHAMPION-X	V030	perf(r4): record v030 tile width regression	w3/m1/multirow-panel-rms	2c3040045003e1ccc5e8eabf19443d42085d4034	0dbd82ee1d96d39a0152a4ec911a945b1ceddeb5	a6f78d5e2dc9569fa367bb7e6d3adc38c3f68c48	503b98cb22ae88798bb6bfca83a46676933f3600	本地实验/MULTIROW-PANEL-RMS-CHAMPION-X/V030/logs/MPR4-V030-CORR-20261006T200514Z.parent.tsv	100644	4e33625919abc5b52fa987f2142142a701c981df	证据集成/W3/Batch-09-R1-R3-R4-R5/R4/V030/logs/MPR4-V030-CORR-20261006T200514Z.parent.tsv	COPY	LOCAL_RAW_STATISTICS		original bytes
W3-R4-MULTIROW-PANEL-RMS-CHAMPION-X	V030	perf(r4): record v030 tile width regression	w3/m1/multirow-panel-rms	2c3040045003e1ccc5e8eabf19443d42085d4034	0dbd82ee1d96d39a0152a4ec911a945b1ceddeb5	a6f78d5e2dc9569fa367bb7e6d3adc38c3f68c48	503b98cb22ae88798bb6bfca83a46676933f3600	本地实验/MULTIROW-PANEL-RMS-CHAMPION-X/V030/logs/MPR4-V030-CORR-20261006T200514Z.post.npu-smi.txt	100644	55f92319a54cf2253080fc44c1b36d090728a2f1	证据集成/W3/Batch-09-R1-R3-R4-R5/R4/V030/logs/MPR4-V030-CORR-20261006T200514Z.post.npu-smi.txt	COPY	LOCAL_CONTEXT_OR_DIAGNOSTIC		original bytes
W3-R4-MULTIROW-PANEL-RMS-CHAMPION-X	V030	perf(r4): record v030 tile width regression	w3/m1/multirow-panel-rms	2c3040045003e1ccc5e8eabf19443d42085d4034	0dbd82ee1d96d39a0152a4ec911a945b1ceddeb5	a6f78d5e2dc9569fa367bb7e6d3adc38c3f68c48	503b98cb22ae88798bb6bfca83a46676933f3600	本地实验/MULTIROW-PANEL-RMS-CHAMPION-X/V030/logs/MPR4-V030-CORR-20261006T200514Z.pre.npu-smi.txt	100644	27ea7eeee39551563e8a246c4fb7cbf86a6d8fc7	证据集成/W3/Batch-09-R1-R3-R4-R5/R4/V030/logs/MPR4-V030-CORR-20261006T200514Z.pre.npu-smi.txt	COPY	LOCAL_CONTEXT_OR_DIAGNOSTIC		original bytes
W3-R4-MULTIROW-PANEL-RMS-CHAMPION-X	V030	perf(r4): record v030 tile width regression	w3/m1/multirow-panel-rms	2c3040045003e1ccc5e8eabf19443d42085d4034	0dbd82ee1d96d39a0152a4ec911a945b1ceddeb5	a6f78d5e2dc9569fa367bb7e6d3adc38c3f68c48	503b98cb22ae88798bb6bfca83a46676933f3600	本地实验/MULTIROW-PANEL-RMS-CHAMPION-X/V030/logs/MPR4-V030-CORR-20261006T200514Z.status.txt	100644	1b2de7237e5a4ef6409827095d15189ae673506b	证据集成/W3/Batch-09-R1-R3-R4-R5/R4/V030/logs/MPR4-V030-CORR-20261006T200514Z.status.txt	COPY	LOCAL_CONTEXT_OR_DIAGNOSTIC		original bytes
W3-R4-MULTIROW-PANEL-RMS-CHAMPION-X	V030	perf(r4): record v030 tile width regression	w3/m1/multirow-panel-rms	2c3040045003e1ccc5e8eabf19443d42085d4034	0dbd82ee1d96d39a0152a4ec911a945b1ceddeb5	a6f78d5e2dc9569fa367bb7e6d3adc38c3f68c48	503b98cb22ae88798bb6bfca83a46676933f3600	本地实验/MULTIROW-PANEL-RMS-CHAMPION-X/V030/submission.asc	100644	9bce7cf8ab0a5bc60cc7d09b91e1bafe04dadfc8		EXCLUDE	CANDIDATE_OR_KERNEL_SOURCE		source retained only by source commit/blob reference
W3-R4-MULTIROW-PANEL-RMS-CHAMPION-X	V030	perf(r4): record v030 tile width regression	w3/m1/multirow-panel-rms	2c3040045003e1ccc5e8eabf19443d42085d4034	0dbd82ee1d96d39a0152a4ec911a945b1ceddeb5	a6f78d5e2dc9569fa367bb7e6d3adc38c3f68c48	503b98cb22ae88798bb6bfca83a46676933f3600	本地实验/MULTIROW-PANEL-RMS-CHAMPION-X/V030/summary.txt	100644	c4cbac027da11060d073d4e7b3e76939d57b33fa	证据集成/W3/Batch-09-R1-R3-R4-R5/R4/V030/summary.txt	COPY	LOCAL_CONTEXT_OR_DIAGNOSTIC		original bytes
W3-R4-MULTIROW-PANEL-RMS-CHAMPION-X	V030	perf(r4): record v030 tile width regression	w3/m1/multirow-panel-rms	2c3040045003e1ccc5e8eabf19443d42085d4034	0dbd82ee1d96d39a0152a4ec911a945b1ceddeb5	a6f78d5e2dc9569fa367bb7e6d3adc38c3f68c48	503b98cb22ae88798bb6bfca83a46676933f3600	本地实验/MULTIROW-PANEL-RMS-CHAMPION-X/V030/support/CMakeLists.txt	100644	26d61167cac3e643a1461b5097915cd02b21f364		EXCLUDE	BUILD_CONFIGURATION		build configuration not copied
W3-R4-MULTIROW-PANEL-RMS-CHAMPION-X	V030	perf(r4): record v030 tile width regression	w3/m1/multirow-panel-rms	2c3040045003e1ccc5e8eabf19443d42085d4034	0dbd82ee1d96d39a0152a4ec911a945b1ceddeb5	a6f78d5e2dc9569fa367bb7e6d3adc38c3f68c48	503b98cb22ae88798bb6bfca83a46676933f3600	本地实验/MULTIROW-PANEL-RMS-CHAMPION-X/V030/support/build_server3.sh	100644	18e12240f69695504258543fa4480c78b93adcba		EXCLUDE	BUILD_OR_EXECUTION_SCRIPT		script not copied
W3-R4-MULTIROW-PANEL-RMS-CHAMPION-X	V030	perf(r4): record v030 tile width regression	w3/m1/multirow-panel-rms	2c3040045003e1ccc5e8eabf19443d42085d4034	0dbd82ee1d96d39a0152a4ec911a945b1ceddeb5	a6f78d5e2dc9569fa367bb7e6d3adc38c3f68c48	503b98cb22ae88798bb6bfca83a46676933f3600	本地实验/MULTIROW-PANEL-RMS-CHAMPION-X/V030/support/candidate_kernel.asc	100644	3ef7048e01ddd88fb3d4b4a87c0ecb102c75799c		EXCLUDE	CANDIDATE_OR_KERNEL_SOURCE		source retained only by source commit/blob reference
W3-R4-MULTIROW-PANEL-RMS-CHAMPION-X	V030	perf(r4): record v030 tile width regression	w3/m1/multirow-panel-rms	2c3040045003e1ccc5e8eabf19443d42085d4034	0dbd82ee1d96d39a0152a4ec911a945b1ceddeb5	a6f78d5e2dc9569fa367bb7e6d3adc38c3f68c48	503b98cb22ae88798bb6bfca83a46676933f3600	本地实验/MULTIROW-PANEL-RMS-CHAMPION-X/V030/support/compile_server3.sh	100644	b2651b2c99b184a3fcfc1a855801b02df99d1ac7		EXCLUDE	BUILD_OR_EXECUTION_SCRIPT		script not copied
W3-R4-MULTIROW-PANEL-RMS-CHAMPION-X	V030	perf(r4): record v030 tile width regression	w3/m1/multirow-panel-rms	2c3040045003e1ccc5e8eabf19443d42085d4034	0dbd82ee1d96d39a0152a4ec911a945b1ceddeb5	a6f78d5e2dc9569fa367bb7e6d3adc38c3f68c48	503b98cb22ae88798bb6bfca83a46676933f3600	本地实验/MULTIROW-PANEL-RMS-CHAMPION-X/V030/support/local_abi_shim.h	100644	f52411b2c5f6b614ff1e61f30707250a43cc10d3		EXCLUDE	SUPPORT_SOURCE		source retained only by source commit/blob reference
W3-R4-MULTIROW-PANEL-RMS-CHAMPION-X	V030	perf(r4): record v030 tile width regression	w3/m1/multirow-panel-rms	2c3040045003e1ccc5e8eabf19443d42085d4034	0dbd82ee1d96d39a0152a4ec911a945b1ceddeb5	a6f78d5e2dc9569fa367bb7e6d3adc38c3f68c48	503b98cb22ae88798bb6bfca83a46676933f3600	本地实验/MULTIROW-PANEL-RMS-CHAMPION-X/V030/support/parent_kernel.asc	100644	9dbb3053c84dc39f4aee7826176ba96b70f413bc		EXCLUDE	CANDIDATE_OR_KERNEL_SOURCE		source retained only by source commit/blob reference
W3-R4-MULTIROW-PANEL-RMS-CHAMPION-X	V030	perf(r4): record v030 tile width regression	w3/m1/multirow-panel-rms	2c3040045003e1ccc5e8eabf19443d42085d4034	0dbd82ee1d96d39a0152a4ec911a945b1ceddeb5	a6f78d5e2dc9569fa367bb7e6d3adc38c3f68c48	503b98cb22ae88798bb6bfca83a46676933f3600	本地实验/MULTIROW-PANEL-RMS-CHAMPION-X/V030/support/runner_main.cpp	100644	c344fbd6e08908a30453471d90b4ff465ed5b8e5		EXCLUDE	SUPPORT_SOURCE		source retained only by source commit/blob reference
W3-R4-MULTIROW-PANEL-RMS-CHAMPION-X	V031	perf(r4): record v031 reduction stride result	w3/m1/multirow-panel-rms	ce6c6dc568256ac8b80b674096bd7ca081b897cb	2c3040045003e1ccc5e8eabf19443d42085d4034	103eba6f1d5631b058ff28e89068f197bb6ba848	503b98cb22ae88798bb6bfca83a46676933f3600	本地实验/MULTIROW-PANEL-RMS-CHAMPION-X/V031/local/MPR4-V031-LOCAL-20261006T201612Z/MPR4-V031-LOCAL-20261006T201612Z.paired.tsv	100644	d05ce090cba81dd7fd15cf00418d02d32a31e54e	证据集成/W3/Batch-09-R1-R3-R4-R5/R4/V031/local/MPR4-V031-LOCAL-20261006T201612Z/MPR4-V031-LOCAL-20261006T201612Z.paired.tsv	COPY	LOCAL_RAW_STATISTICS		original bytes
W3-R4-MULTIROW-PANEL-RMS-CHAMPION-X	V031	perf(r4): record v031 reduction stride result	w3/m1/multirow-panel-rms	ce6c6dc568256ac8b80b674096bd7ca081b897cb	2c3040045003e1ccc5e8eabf19443d42085d4034	103eba6f1d5631b058ff28e89068f197bb6ba848	503b98cb22ae88798bb6bfca83a46676933f3600	本地实验/MULTIROW-PANEL-RMS-CHAMPION-X/V031/local/MPR4-V031-LOCAL-20261006T201612Z/MPR4-V031-LOCAL-20261006T201612Z.post.loadavg.txt	100644	31995074c6b788b9c1b849f1002604ef3a8de74c	证据集成/W3/Batch-09-R1-R3-R4-R5/R4/V031/local/MPR4-V031-LOCAL-20261006T201612Z/MPR4-V031-LOCAL-20261006T201612Z.post.loadavg.txt	COPY	LOCAL_CONTEXT_OR_DIAGNOSTIC		original bytes
W3-R4-MULTIROW-PANEL-RMS-CHAMPION-X	V031	perf(r4): record v031 reduction stride result	w3/m1/multirow-panel-rms	ce6c6dc568256ac8b80b674096bd7ca081b897cb	2c3040045003e1ccc5e8eabf19443d42085d4034	103eba6f1d5631b058ff28e89068f197bb6ba848	503b98cb22ae88798bb6bfca83a46676933f3600	本地实验/MULTIROW-PANEL-RMS-CHAMPION-X/V031/local/MPR4-V031-LOCAL-20261006T201612Z/MPR4-V031-LOCAL-20261006T201612Z.post.npu-smi.txt	100644	2bc141aaa47d93037029ccdf45b480b4b270cb50	证据集成/W3/Batch-09-R1-R3-R4-R5/R4/V031/local/MPR4-V031-LOCAL-20261006T201612Z/MPR4-V031-LOCAL-20261006T201612Z.post.npu-smi.txt	COPY	LOCAL_CONTEXT_OR_DIAGNOSTIC		original bytes
W3-R4-MULTIROW-PANEL-RMS-CHAMPION-X	V031	perf(r4): record v031 reduction stride result	w3/m1/multirow-panel-rms	ce6c6dc568256ac8b80b674096bd7ca081b897cb	2c3040045003e1ccc5e8eabf19443d42085d4034	103eba6f1d5631b058ff28e89068f197bb6ba848	503b98cb22ae88798bb6bfca83a46676933f3600	本地实验/MULTIROW-PANEL-RMS-CHAMPION-X/V031/local/MPR4-V031-LOCAL-20261006T201612Z/MPR4-V031-LOCAL-20261006T201612Z.pre.loadavg.txt	100644	5fadb6d180b436475ed044322f2a71169c847079	证据集成/W3/Batch-09-R1-R3-R4-R5/R4/V031/local/MPR4-V031-LOCAL-20261006T201612Z/MPR4-V031-LOCAL-20261006T201612Z.pre.loadavg.txt	COPY	LOCAL_CONTEXT_OR_DIAGNOSTIC		original bytes
W3-R4-MULTIROW-PANEL-RMS-CHAMPION-X	V031	perf(r4): record v031 reduction stride result	w3/m1/multirow-panel-rms	ce6c6dc568256ac8b80b674096bd7ca081b897cb	2c3040045003e1ccc5e8eabf19443d42085d4034	103eba6f1d5631b058ff28e89068f197bb6ba848	503b98cb22ae88798bb6bfca83a46676933f3600	本地实验/MULTIROW-PANEL-RMS-CHAMPION-X/V031/local/MPR4-V031-LOCAL-20261006T201612Z/MPR4-V031-LOCAL-20261006T201612Z.pre.npu-smi.txt	100644	b942522abf92b0bec3fa4de80308ff9a95988f13	证据集成/W3/Batch-09-R1-R3-R4-R5/R4/V031/local/MPR4-V031-LOCAL-20261006T201612Z/MPR4-V031-LOCAL-20261006T201612Z.pre.npu-smi.txt	COPY	LOCAL_CONTEXT_OR_DIAGNOSTIC		original bytes
W3-R4-MULTIROW-PANEL-RMS-CHAMPION-X	V031	perf(r4): record v031 reduction stride result	w3/m1/multirow-panel-rms	ce6c6dc568256ac8b80b674096bd7ca081b897cb	2c3040045003e1ccc5e8eabf19443d42085d4034	103eba6f1d5631b058ff28e89068f197bb6ba848	503b98cb22ae88798bb6bfca83a46676933f3600	本地实验/MULTIROW-PANEL-RMS-CHAMPION-X/V031/local/MPR4-V031-LOCAL-20261006T201612Z/MPR4-V031-LOCAL-20261006T201612Z.runner.stderr.log	100644	e69de29bb2d1d6434b8b29ae775ad8c2e48c5391	证据集成/W3/Batch-09-R1-R3-R4-R5/R4/V031/local/MPR4-V031-LOCAL-20261006T201612Z/MPR4-V031-LOCAL-20261006T201612Z.runner.stderr.log	COPY	LOCAL_RUN_LOG		original bytes
W3-R4-MULTIROW-PANEL-RMS-CHAMPION-X	V031	perf(r4): record v031 reduction stride result	w3/m1/multirow-panel-rms	ce6c6dc568256ac8b80b674096bd7ca081b897cb	2c3040045003e1ccc5e8eabf19443d42085d4034	103eba6f1d5631b058ff28e89068f197bb6ba848	503b98cb22ae88798bb6bfca83a46676933f3600	本地实验/MULTIROW-PANEL-RMS-CHAMPION-X/V031/local/MPR4-V031-LOCAL-20261006T201612Z/MPR4-V031-LOCAL-20261006T201612Z.runner.stdout.log	100644	e69de29bb2d1d6434b8b29ae775ad8c2e48c5391	证据集成/W3/Batch-09-R1-R3-R4-R5/R4/V031/local/MPR4-V031-LOCAL-20261006T201612Z/MPR4-V031-LOCAL-20261006T201612Z.runner.stdout.log	COPY	LOCAL_RUN_LOG		original bytes
W3-R4-MULTIROW-PANEL-RMS-CHAMPION-X	V031	perf(r4): record v031 reduction stride result	w3/m1/multirow-panel-rms	ce6c6dc568256ac8b80b674096bd7ca081b897cb	2c3040045003e1ccc5e8eabf19443d42085d4034	103eba6f1d5631b058ff28e89068f197bb6ba848	503b98cb22ae88798bb6bfca83a46676933f3600	本地实验/MULTIROW-PANEL-RMS-CHAMPION-X/V031/local/MPR4-V031-LOCAL-20261006T201612Z/MPR4-V031-LOCAL-20261006T201612Z.status.txt	100644	c859dda168e4047063a075dfee5039fe8c3ebd58	证据集成/W3/Batch-09-R1-R3-R4-R5/R4/V031/local/MPR4-V031-LOCAL-20261006T201612Z/MPR4-V031-LOCAL-20261006T201612Z.status.txt	COPY	LOCAL_CONTEXT_OR_DIAGNOSTIC		original bytes
W3-R4-MULTIROW-PANEL-RMS-CHAMPION-X	V031	perf(r4): record v031 reduction stride result	w3/m1/multirow-panel-rms	ce6c6dc568256ac8b80b674096bd7ca081b897cb	2c3040045003e1ccc5e8eabf19443d42085d4034	103eba6f1d5631b058ff28e89068f197bb6ba848	503b98cb22ae88798bb6bfca83a46676933f3600	本地实验/MULTIROW-PANEL-RMS-CHAMPION-X/V031/logs/MPR4-V031-COMPILE-20261006T201250Z.log	100644	268702d12f9d353ede43fbb224b3790726782930	证据集成/W3/Batch-09-R1-R3-R4-R5/R4/V031/logs/MPR4-V031-COMPILE-20261006T201250Z.log	COPY	COMPILE_LOG		original bytes
W3-R4-MULTIROW-PANEL-RMS-CHAMPION-X	V031	perf(r4): record v031 reduction stride result	w3/m1/multirow-panel-rms	ce6c6dc568256ac8b80b674096bd7ca081b897cb	2c3040045003e1ccc5e8eabf19443d42085d4034	103eba6f1d5631b058ff28e89068f197bb6ba848	503b98cb22ae88798bb6bfca83a46676933f3600	本地实验/MULTIROW-PANEL-RMS-CHAMPION-X/V031/logs/MPR4-V031-CORR-20261006T201408Z.candidate.stderr.log	100644	e69de29bb2d1d6434b8b29ae775ad8c2e48c5391	证据集成/W3/Batch-09-R1-R3-R4-R5/R4/V031/logs/MPR4-V031-CORR-20261006T201408Z.candidate.stderr.log	COPY	RUN_LOG		original bytes
W3-R4-MULTIROW-PANEL-RMS-CHAMPION-X	V031	perf(r4): record v031 reduction stride result	w3/m1/multirow-panel-rms	ce6c6dc568256ac8b80b674096bd7ca081b897cb	2c3040045003e1ccc5e8eabf19443d42085d4034	103eba6f1d5631b058ff28e89068f197bb6ba848	503b98cb22ae88798bb6bfca83a46676933f3600	本地实验/MULTIROW-PANEL-RMS-CHAMPION-X/V031/logs/MPR4-V031-CORR-20261006T201408Z.candidate.stdout.log	100644	7165ba5d08f1885477d7e35348e0aeb659fb408f	证据集成/W3/Batch-09-R1-R3-R4-R5/R4/V031/logs/MPR4-V031-CORR-20261006T201408Z.candidate.stdout.log	COPY	RUN_LOG		original bytes
W3-R4-MULTIROW-PANEL-RMS-CHAMPION-X	V031	perf(r4): record v031 reduction stride result	w3/m1/multirow-panel-rms	ce6c6dc568256ac8b80b674096bd7ca081b897cb	2c3040045003e1ccc5e8eabf19443d42085d4034	103eba6f1d5631b058ff28e89068f197bb6ba848	503b98cb22ae88798bb6bfca83a46676933f3600	本地实验/MULTIROW-PANEL-RMS-CHAMPION-X/V031/logs/MPR4-V031-CORR-20261006T201408Z.candidate.tsv	100644	eb02c6b31b876e72630a12df3b387c755657469b	证据集成/W3/Batch-09-R1-R3-R4-R5/R4/V031/logs/MPR4-V031-CORR-20261006T201408Z.candidate.tsv	COPY	LOCAL_RAW_STATISTICS		original bytes
W3-R4-MULTIROW-PANEL-RMS-CHAMPION-X	V031	perf(r4): record v031 reduction stride result	w3/m1/multirow-panel-rms	ce6c6dc568256ac8b80b674096bd7ca081b897cb	2c3040045003e1ccc5e8eabf19443d42085d4034	103eba6f1d5631b058ff28e89068f197bb6ba848	503b98cb22ae88798bb6bfca83a46676933f3600	本地实验/MULTIROW-PANEL-RMS-CHAMPION-X/V031/logs/MPR4-V031-CORR-20261006T201408Z.parent.stderr.log	100644	e69de29bb2d1d6434b8b29ae775ad8c2e48c5391	证据集成/W3/Batch-09-R1-R3-R4-R5/R4/V031/logs/MPR4-V031-CORR-20261006T201408Z.parent.stderr.log	COPY	RUN_LOG		original bytes
W3-R4-MULTIROW-PANEL-RMS-CHAMPION-X	V031	perf(r4): record v031 reduction stride result	w3/m1/multirow-panel-rms	ce6c6dc568256ac8b80b674096bd7ca081b897cb	2c3040045003e1ccc5e8eabf19443d42085d4034	103eba6f1d5631b058ff28e89068f197bb6ba848	503b98cb22ae88798bb6bfca83a46676933f3600	本地实验/MULTIROW-PANEL-RMS-CHAMPION-X/V031/logs/MPR4-V031-CORR-20261006T201408Z.parent.stdout.log	100644	d206967ae86ca302ee146cebc9e7477265b526b6	证据集成/W3/Batch-09-R1-R3-R4-R5/R4/V031/logs/MPR4-V031-CORR-20261006T201408Z.parent.stdout.log	COPY	RUN_LOG		original bytes
W3-R4-MULTIROW-PANEL-RMS-CHAMPION-X	V031	perf(r4): record v031 reduction stride result	w3/m1/multirow-panel-rms	ce6c6dc568256ac8b80b674096bd7ca081b897cb	2c3040045003e1ccc5e8eabf19443d42085d4034	103eba6f1d5631b058ff28e89068f197bb6ba848	503b98cb22ae88798bb6bfca83a46676933f3600	本地实验/MULTIROW-PANEL-RMS-CHAMPION-X/V031/logs/MPR4-V031-CORR-20261006T201408Z.parent.tsv	100644	c0df3efa56052e9f89bc1fd9ebac8f314b566141	证据集成/W3/Batch-09-R1-R3-R4-R5/R4/V031/logs/MPR4-V031-CORR-20261006T201408Z.parent.tsv	COPY	LOCAL_RAW_STATISTICS		original bytes
W3-R4-MULTIROW-PANEL-RMS-CHAMPION-X	V031	perf(r4): record v031 reduction stride result	w3/m1/multirow-panel-rms	ce6c6dc568256ac8b80b674096bd7ca081b897cb	2c3040045003e1ccc5e8eabf19443d42085d4034	103eba6f1d5631b058ff28e89068f197bb6ba848	503b98cb22ae88798bb6bfca83a46676933f3600	本地实验/MULTIROW-PANEL-RMS-CHAMPION-X/V031/logs/MPR4-V031-CORR-20261006T201408Z.post.npu-smi.txt	100644	947b71420661eef1b3bd15891782a749de531a72	证据集成/W3/Batch-09-R1-R3-R4-R5/R4/V031/logs/MPR4-V031-CORR-20261006T201408Z.post.npu-smi.txt	COPY	LOCAL_CONTEXT_OR_DIAGNOSTIC		original bytes
W3-R4-MULTIROW-PANEL-RMS-CHAMPION-X	V031	perf(r4): record v031 reduction stride result	w3/m1/multirow-panel-rms	ce6c6dc568256ac8b80b674096bd7ca081b897cb	2c3040045003e1ccc5e8eabf19443d42085d4034	103eba6f1d5631b058ff28e89068f197bb6ba848	503b98cb22ae88798bb6bfca83a46676933f3600	本地实验/MULTIROW-PANEL-RMS-CHAMPION-X/V031/logs/MPR4-V031-CORR-20261006T201408Z.pre.npu-smi.txt	100644	370643d76dcaa3f2552caddde291f8ad395af470	证据集成/W3/Batch-09-R1-R3-R4-R5/R4/V031/logs/MPR4-V031-CORR-20261006T201408Z.pre.npu-smi.txt	COPY	LOCAL_CONTEXT_OR_DIAGNOSTIC		original bytes
W3-R4-MULTIROW-PANEL-RMS-CHAMPION-X	V031	perf(r4): record v031 reduction stride result	w3/m1/multirow-panel-rms	ce6c6dc568256ac8b80b674096bd7ca081b897cb	2c3040045003e1ccc5e8eabf19443d42085d4034	103eba6f1d5631b058ff28e89068f197bb6ba848	503b98cb22ae88798bb6bfca83a46676933f3600	本地实验/MULTIROW-PANEL-RMS-CHAMPION-X/V031/logs/MPR4-V031-CORR-20261006T201408Z.status.txt	100644	4dc3abee173ccacd6d917dda4c5a9b8b0db47f2b	证据集成/W3/Batch-09-R1-R3-R4-R5/R4/V031/logs/MPR4-V031-CORR-20261006T201408Z.status.txt	COPY	LOCAL_CONTEXT_OR_DIAGNOSTIC		original bytes
W3-R4-MULTIROW-PANEL-RMS-CHAMPION-X	V031	perf(r4): record v031 reduction stride result	w3/m1/multirow-panel-rms	ce6c6dc568256ac8b80b674096bd7ca081b897cb	2c3040045003e1ccc5e8eabf19443d42085d4034	103eba6f1d5631b058ff28e89068f197bb6ba848	503b98cb22ae88798bb6bfca83a46676933f3600	本地实验/MULTIROW-PANEL-RMS-CHAMPION-X/V031/submission.asc	100644	c97803af6b6d67fb1e7581a122571c5b796157d7		EXCLUDE	CANDIDATE_OR_KERNEL_SOURCE		source retained only by source commit/blob reference
W3-R4-MULTIROW-PANEL-RMS-CHAMPION-X	V031	perf(r4): record v031 reduction stride result	w3/m1/multirow-panel-rms	ce6c6dc568256ac8b80b674096bd7ca081b897cb	2c3040045003e1ccc5e8eabf19443d42085d4034	103eba6f1d5631b058ff28e89068f197bb6ba848	503b98cb22ae88798bb6bfca83a46676933f3600	本地实验/MULTIROW-PANEL-RMS-CHAMPION-X/V031/summary.txt	100644	649e5989bd14b6e60c7fd82290bea375a6ab2bc8	证据集成/W3/Batch-09-R1-R3-R4-R5/R4/V031/summary.txt	COPY	LOCAL_CONTEXT_OR_DIAGNOSTIC		original bytes
W3-R4-MULTIROW-PANEL-RMS-CHAMPION-X	V031	perf(r4): record v031 reduction stride result	w3/m1/multirow-panel-rms	ce6c6dc568256ac8b80b674096bd7ca081b897cb	2c3040045003e1ccc5e8eabf19443d42085d4034	103eba6f1d5631b058ff28e89068f197bb6ba848	503b98cb22ae88798bb6bfca83a46676933f3600	本地实验/MULTIROW-PANEL-RMS-CHAMPION-X/V031/support/CMakeLists.txt	100644	26d61167cac3e643a1461b5097915cd02b21f364		EXCLUDE	BUILD_CONFIGURATION		build configuration not copied
W3-R4-MULTIROW-PANEL-RMS-CHAMPION-X	V031	perf(r4): record v031 reduction stride result	w3/m1/multirow-panel-rms	ce6c6dc568256ac8b80b674096bd7ca081b897cb	2c3040045003e1ccc5e8eabf19443d42085d4034	103eba6f1d5631b058ff28e89068f197bb6ba848	503b98cb22ae88798bb6bfca83a46676933f3600	本地实验/MULTIROW-PANEL-RMS-CHAMPION-X/V031/support/build_server3.sh	100644	18e12240f69695504258543fa4480c78b93adcba		EXCLUDE	BUILD_OR_EXECUTION_SCRIPT		script not copied
W3-R4-MULTIROW-PANEL-RMS-CHAMPION-X	V031	perf(r4): record v031 reduction stride result	w3/m1/multirow-panel-rms	ce6c6dc568256ac8b80b674096bd7ca081b897cb	2c3040045003e1ccc5e8eabf19443d42085d4034	103eba6f1d5631b058ff28e89068f197bb6ba848	503b98cb22ae88798bb6bfca83a46676933f3600	本地实验/MULTIROW-PANEL-RMS-CHAMPION-X/V031/support/candidate_kernel.asc	100644	3ef7048e01ddd88fb3d4b4a87c0ecb102c75799c		EXCLUDE	CANDIDATE_OR_KERNEL_SOURCE		source retained only by source commit/blob reference
W3-R4-MULTIROW-PANEL-RMS-CHAMPION-X	V031	perf(r4): record v031 reduction stride result	w3/m1/multirow-panel-rms	ce6c6dc568256ac8b80b674096bd7ca081b897cb	2c3040045003e1ccc5e8eabf19443d42085d4034	103eba6f1d5631b058ff28e89068f197bb6ba848	503b98cb22ae88798bb6bfca83a46676933f3600	本地实验/MULTIROW-PANEL-RMS-CHAMPION-X/V031/support/compile_server3.sh	100644	d8cd64ea54a3c2f998cb2eb18a025affae376054		EXCLUDE	BUILD_OR_EXECUTION_SCRIPT		script not copied
W3-R4-MULTIROW-PANEL-RMS-CHAMPION-X	V031	perf(r4): record v031 reduction stride result	w3/m1/multirow-panel-rms	ce6c6dc568256ac8b80b674096bd7ca081b897cb	2c3040045003e1ccc5e8eabf19443d42085d4034	103eba6f1d5631b058ff28e89068f197bb6ba848	503b98cb22ae88798bb6bfca83a46676933f3600	本地实验/MULTIROW-PANEL-RMS-CHAMPION-X/V031/support/local_abi_shim.h	100644	f52411b2c5f6b614ff1e61f30707250a43cc10d3		EXCLUDE	SUPPORT_SOURCE		source retained only by source commit/blob reference
W3-R4-MULTIROW-PANEL-RMS-CHAMPION-X	V031	perf(r4): record v031 reduction stride result	w3/m1/multirow-panel-rms	ce6c6dc568256ac8b80b674096bd7ca081b897cb	2c3040045003e1ccc5e8eabf19443d42085d4034	103eba6f1d5631b058ff28e89068f197bb6ba848	503b98cb22ae88798bb6bfca83a46676933f3600	本地实验/MULTIROW-PANEL-RMS-CHAMPION-X/V031/support/parent_kernel.asc	100644	9dbb3053c84dc39f4aee7826176ba96b70f413bc		EXCLUDE	CANDIDATE_OR_KERNEL_SOURCE		source retained only by source commit/blob reference
W3-R4-MULTIROW-PANEL-RMS-CHAMPION-X	V031	perf(r4): record v031 reduction stride result	w3/m1/multirow-panel-rms	ce6c6dc568256ac8b80b674096bd7ca081b897cb	2c3040045003e1ccc5e8eabf19443d42085d4034	103eba6f1d5631b058ff28e89068f197bb6ba848	503b98cb22ae88798bb6bfca83a46676933f3600	本地实验/MULTIROW-PANEL-RMS-CHAMPION-X/V031/support/runner_main.cpp	100644	c344fbd6e08908a30453471d90b4ff465ed5b8e5		EXCLUDE	SUPPORT_SOURCE		source retained only by source commit/blob reference
W3-R5-CROSSROW-FULL-PIPELINE-CHAMPION-X	V001	perf(crossrow): overlap retained-y row stores	w3/m1/crossrow-full-pipeline	a4d175a9c59ac0a250655d581d1c77ad7be3f167	503b98cb22ae88798bb6bfca83a46676933f3600	b9297791599ea98baec579f24f9989e7da64407c	503b98cb22ae88798bb6bfca83a46676933f3600	本地实验/CROSSROW-FULL-PIPELINE-CHAMPION-X/V001/CMakeLists.txt	100644	d9563b5a0c19e156463c930d8f231cd3a33fb525		EXCLUDE	BUILD_CONFIGURATION		build configuration not copied
W3-R5-CROSSROW-FULL-PIPELINE-CHAMPION-X	V001	perf(crossrow): overlap retained-y row stores	w3/m1/crossrow-full-pipeline	a4d175a9c59ac0a250655d581d1c77ad7be3f167	503b98cb22ae88798bb6bfca83a46676933f3600	b9297791599ea98baec579f24f9989e7da64407c	503b98cb22ae88798bb6bfca83a46676933f3600	本地实验/CROSSROW-FULL-PIPELINE-CHAMPION-X/V001/Candidate.asc	100644	6c41d0eb5549351758ae88a08b28bf260a1e6637		EXCLUDE	CANDIDATE_OR_KERNEL_SOURCE		source retained only by source commit/blob reference
W3-R5-CROSSROW-FULL-PIPELINE-CHAMPION-X	V001	perf(crossrow): overlap retained-y row stores	w3/m1/crossrow-full-pipeline	a4d175a9c59ac0a250655d581d1c77ad7be3f167	503b98cb22ae88798bb6bfca83a46676933f3600	b9297791599ea98baec579f24f9989e7da64407c	503b98cb22ae88798bb6bfca83a46676933f3600	本地实验/CROSSROW-FULL-PIPELINE-CHAMPION-X/V001/Parent.asc	100644	6adb6f586a3c2c4461401efe64d0a64e25cb60c3		EXCLUDE	PARENT_KERNEL_SOURCE		source retained only by source commit/blob reference
W3-R5-CROSSROW-FULL-PIPELINE-CHAMPION-X	V001	perf(crossrow): overlap retained-y row stores	w3/m1/crossrow-full-pipeline	a4d175a9c59ac0a250655d581d1c77ad7be3f167	503b98cb22ae88798bb6bfca83a46676933f3600	b9297791599ea98baec579f24f9989e7da64407c	503b98cb22ae88798bb6bfca83a46676933f3600	本地实验/CROSSROW-FULL-PIPELINE-CHAMPION-X/V001/compile-v001-server3-attempt-01.log	100644	48c331dfb68377d7969078abb2845d3e90b8882e	证据集成/W3/Batch-09-R1-R3-R4-R5/R5/V001/compile-v001-server3-attempt-01.log	COPY	COMPILE_LOG		original bytes
W3-R5-CROSSROW-FULL-PIPELINE-CHAMPION-X	V001	perf(crossrow): overlap retained-y row stores	w3/m1/crossrow-full-pipeline	a4d175a9c59ac0a250655d581d1c77ad7be3f167	503b98cb22ae88798bb6bfca83a46676933f3600	b9297791599ea98baec579f24f9989e7da64407c	503b98cb22ae88798bb6bfca83a46676933f3600	本地实验/CROSSROW-FULL-PIPELINE-CHAMPION-X/V001/compile-v001-server3-attempt-02.log	100644	927af0287db2ebed2ce0bdfef787bb75b2957308	证据集成/W3/Batch-09-R1-R3-R4-R5/R5/V001/compile-v001-server3-attempt-02.log	COPY	COMPILE_LOG		original bytes
W3-R5-CROSSROW-FULL-PIPELINE-CHAMPION-X	V001	perf(crossrow): overlap retained-y row stores	w3/m1/crossrow-full-pipeline	a4d175a9c59ac0a250655d581d1c77ad7be3f167	503b98cb22ae88798bb6bfca83a46676933f3600	b9297791599ea98baec579f24f9989e7da64407c	503b98cb22ae88798bb6bfca83a46676933f3600	本地实验/CROSSROW-FULL-PIPELINE-CHAMPION-X/V001/compile-v001-server3.log	100644	a48dc8595ad138593b70b4742e06d51daa80363f	证据集成/W3/Batch-09-R1-R3-R4-R5/R5/V001/compile-v001-server3.log	COPY	COMPILE_LOG		original bytes
W3-R5-CROSSROW-FULL-PIPELINE-CHAMPION-X	V001	perf(crossrow): overlap retained-y row stores	w3/m1/crossrow-full-pipeline	a4d175a9c59ac0a250655d581d1c77ad7be3f167	503b98cb22ae88798bb6bfca83a46676933f3600	b9297791599ea98baec579f24f9989e7da64407c	503b98cb22ae88798bb6bfca83a46676933f3600	本地实验/CROSSROW-FULL-PIPELINE-CHAMPION-X/V001/compile_adapter.asc	100644	fd777d9da0f76c4a462c7dbea7fb23322028f7ef		EXCLUDE	SUPPORT_SOURCE		source retained only by source commit/blob reference
W3-R5-CROSSROW-FULL-PIPELINE-CHAMPION-X	V001	perf(crossrow): overlap retained-y row stores	w3/m1/crossrow-full-pipeline	a4d175a9c59ac0a250655d581d1c77ad7be3f167	503b98cb22ae88798bb6bfca83a46676933f3600	b9297791599ea98baec579f24f9989e7da64407c	503b98cb22ae88798bb6bfca83a46676933f3600	本地实验/CROSSROW-FULL-PIPELINE-CHAMPION-X/V001/configure-v001-server3.log	100644	663e61783b448a3099664cfd0d02e37d327d1b59	证据集成/W3/Batch-09-R1-R3-R4-R5/R5/V001/configure-v001-server3.log	COPY	RUN_LOG		original bytes
W3-R5-CROSSROW-FULL-PIPELINE-CHAMPION-X	V001	perf(crossrow): record V001 correctness and local	w3/m1/crossrow-full-pipeline	374a07e7db60738d9cac0f1c6910cd216af51453	a4d175a9c59ac0a250655d581d1c77ad7be3f167	57089f8fc5a9904cb8aee62860a7b7e0172f701b	503b98cb22ae88798bb6bfca83a46676933f3600	本地实验/CROSSROW-FULL-PIPELINE-CHAMPION-X/V001/support/CMakeLists.txt	100644	a4fbcffb60b5984b0237e73297282a80b05f8a79		EXCLUDE	BUILD_CONFIGURATION		build configuration not copied
W3-R5-CROSSROW-FULL-PIPELINE-CHAMPION-X	V001	perf(crossrow): record V001 correctness and local	w3/m1/crossrow-full-pipeline	374a07e7db60738d9cac0f1c6910cd216af51453	a4d175a9c59ac0a250655d581d1c77ad7be3f167	57089f8fc5a9904cb8aee62860a7b7e0172f701b	503b98cb22ae88798bb6bfca83a46676933f3600	本地实验/CROSSROW-FULL-PIPELINE-CHAMPION-X/V001/support/candidate_adapter.asc	100644	c80db9b5125e177971939da98a4e765d9e0f05cf		EXCLUDE	CANDIDATE_OR_KERNEL_SOURCE		source retained only by source commit/blob reference
W3-R5-CROSSROW-FULL-PIPELINE-CHAMPION-X	V001	perf(crossrow): record V001 correctness and local	w3/m1/crossrow-full-pipeline	374a07e7db60738d9cac0f1c6910cd216af51453	a4d175a9c59ac0a250655d581d1c77ad7be3f167	57089f8fc5a9904cb8aee62860a7b7e0172f701b	503b98cb22ae88798bb6bfca83a46676933f3600	本地实验/CROSSROW-FULL-PIPELINE-CHAMPION-X/V001/support/compile-runner-attempt-01.log	100644	6135c0e138e302c793a9b2739bbd84a66c9dbe10	证据集成/W3/Batch-09-R1-R3-R4-R5/R5/V001/support/compile-runner-attempt-01.log	COPY	COMPILE_LOG		original bytes
W3-R5-CROSSROW-FULL-PIPELINE-CHAMPION-X	V001	perf(crossrow): record V001 correctness and local	w3/m1/crossrow-full-pipeline	374a07e7db60738d9cac0f1c6910cd216af51453	a4d175a9c59ac0a250655d581d1c77ad7be3f167	57089f8fc5a9904cb8aee62860a7b7e0172f701b	503b98cb22ae88798bb6bfca83a46676933f3600	本地实验/CROSSROW-FULL-PIPELINE-CHAMPION-X/V001/support/compile-runner-attempt-02.log	100644	b089bd01811aa7b359b1050e080039eb4722bf8c	证据集成/W3/Batch-09-R1-R3-R4-R5/R5/V001/support/compile-runner-attempt-02.log	COPY	COMPILE_LOG		original bytes
W3-R5-CROSSROW-FULL-PIPELINE-CHAMPION-X	V001	perf(crossrow): record V001 correctness and local	w3/m1/crossrow-full-pipeline	374a07e7db60738d9cac0f1c6910cd216af51453	a4d175a9c59ac0a250655d581d1c77ad7be3f167	57089f8fc5a9904cb8aee62860a7b7e0172f701b	503b98cb22ae88798bb6bfca83a46676933f3600	本地实验/CROSSROW-FULL-PIPELINE-CHAMPION-X/V001/support/compile-runner-attempt-03.log	100644	63ae3765f9b6f5ffe0cc6165d20592aa203cce6f	证据集成/W3/Batch-09-R1-R3-R4-R5/R5/V001/support/compile-runner-attempt-03.log	COPY	COMPILE_LOG		original bytes
W3-R5-CROSSROW-FULL-PIPELINE-CHAMPION-X	V001	perf(crossrow): record V001 correctness and local	w3/m1/crossrow-full-pipeline	374a07e7db60738d9cac0f1c6910cd216af51453	a4d175a9c59ac0a250655d581d1c77ad7be3f167	57089f8fc5a9904cb8aee62860a7b7e0172f701b	503b98cb22ae88798bb6bfca83a46676933f3600	本地实验/CROSSROW-FULL-PIPELINE-CHAMPION-X/V001/support/compile-runner-attempt-04.log	100644	80b6633512ba7b67d191af9a9f5072aa0af6a109	证据集成/W3/Batch-09-R1-R3-R4-R5/R5/V001/support/compile-runner-attempt-04.log	COPY	COMPILE_LOG		original bytes
W3-R5-CROSSROW-FULL-PIPELINE-CHAMPION-X	V001	perf(crossrow): record V001 correctness and local	w3/m1/crossrow-full-pipeline	374a07e7db60738d9cac0f1c6910cd216af51453	a4d175a9c59ac0a250655d581d1c77ad7be3f167	57089f8fc5a9904cb8aee62860a7b7e0172f701b	503b98cb22ae88798bb6bfca83a46676933f3600	本地实验/CROSSROW-FULL-PIPELINE-CHAMPION-X/V001/support/compile-runner-attempt-05.log	100644	eb715b8f3bed22fd022d74a175e207b58f4d7e1f	证据集成/W3/Batch-09-R1-R3-R4-R5/R5/V001/support/compile-runner-attempt-05.log	COPY	COMPILE_LOG		original bytes
W3-R5-CROSSROW-FULL-PIPELINE-CHAMPION-X	V001	perf(crossrow): record V001 correctness and local	w3/m1/crossrow-full-pipeline	374a07e7db60738d9cac0f1c6910cd216af51453	a4d175a9c59ac0a250655d581d1c77ad7be3f167	57089f8fc5a9904cb8aee62860a7b7e0172f701b	503b98cb22ae88798bb6bfca83a46676933f3600	本地实验/CROSSROW-FULL-PIPELINE-CHAMPION-X/V001/support/compile-runner-attempt-06.log	100644	eb715b8f3bed22fd022d74a175e207b58f4d7e1f	证据集成/W3/Batch-09-R1-R3-R4-R5/R5/V001/support/compile-runner-attempt-06.log	COPY	COMPILE_LOG		original bytes
W3-R5-CROSSROW-FULL-PIPELINE-CHAMPION-X	V001	perf(crossrow): record V001 correctness and local	w3/m1/crossrow-full-pipeline	374a07e7db60738d9cac0f1c6910cd216af51453	a4d175a9c59ac0a250655d581d1c77ad7be3f167	57089f8fc5a9904cb8aee62860a7b7e0172f701b	503b98cb22ae88798bb6bfca83a46676933f3600	本地实验/CROSSROW-FULL-PIPELINE-CHAMPION-X/V001/support/compile-runner-attempt-07.log	100644	eb715b8f3bed22fd022d74a175e207b58f4d7e1f	证据集成/W3/Batch-09-R1-R3-R4-R5/R5/V001/support/compile-runner-attempt-07.log	COPY	COMPILE_LOG		original bytes
W3-R5-CROSSROW-FULL-PIPELINE-CHAMPION-X	V001	perf(crossrow): record V001 correctness and local	w3/m1/crossrow-full-pipeline	374a07e7db60738d9cac0f1c6910cd216af51453	a4d175a9c59ac0a250655d581d1c77ad7be3f167	57089f8fc5a9904cb8aee62860a7b7e0172f701b	503b98cb22ae88798bb6bfca83a46676933f3600	本地实验/CROSSROW-FULL-PIPELINE-CHAMPION-X/V001/support/compile-runner-attempt-08.log	100644	eb715b8f3bed22fd022d74a175e207b58f4d7e1f	证据集成/W3/Batch-09-R1-R3-R4-R5/R5/V001/support/compile-runner-attempt-08.log	COPY	COMPILE_LOG		original bytes
W3-R5-CROSSROW-FULL-PIPELINE-CHAMPION-X	V001	perf(crossrow): record V001 correctness and local	w3/m1/crossrow-full-pipeline	374a07e7db60738d9cac0f1c6910cd216af51453	a4d175a9c59ac0a250655d581d1c77ad7be3f167	57089f8fc5a9904cb8aee62860a7b7e0172f701b	503b98cb22ae88798bb6bfca83a46676933f3600	本地实验/CROSSROW-FULL-PIPELINE-CHAMPION-X/V001/support/correctness-v001-device1-r16-d16384.log	100644	b05cb7cfa7a3bbe28c9b44348a464d1740ca7ae4	证据集成/W3/Batch-09-R1-R3-R4-R5/R5/V001/support/correctness-v001-device1-r16-d16384.log	COPY	CORRECTNESS_LOG		original bytes
W3-R5-CROSSROW-FULL-PIPELINE-CHAMPION-X	V001	perf(crossrow): record V001 correctness and local	w3/m1/crossrow-full-pipeline	374a07e7db60738d9cac0f1c6910cd216af51453	a4d175a9c59ac0a250655d581d1c77ad7be3f167	57089f8fc5a9904cb8aee62860a7b7e0172f701b	503b98cb22ae88798bb6bfca83a46676933f3600	本地实验/CROSSROW-FULL-PIPELINE-CHAMPION-X/V001/support/help-runner-attempt-01.log	100644	e3b4ff8fd714339b92b4595296a1733fbd7cdac8	证据集成/W3/Batch-09-R1-R3-R4-R5/R5/V001/support/help-runner-attempt-01.log	COPY	RUN_LOG		original bytes
W3-R5-CROSSROW-FULL-PIPELINE-CHAMPION-X	V001	perf(crossrow): record V001 correctness and local	w3/m1/crossrow-full-pipeline	374a07e7db60738d9cac0f1c6910cd216af51453	a4d175a9c59ac0a250655d581d1c77ad7be3f167	57089f8fc5a9904cb8aee62860a7b7e0172f701b	503b98cb22ae88798bb6bfca83a46676933f3600	本地实验/CROSSROW-FULL-PIPELINE-CHAMPION-X/V001/support/help-runner-final.log	100644	055abf0281ab9d45e9791760bc52548360516a7e	证据集成/W3/Batch-09-R1-R3-R4-R5/R5/V001/support/help-runner-final.log	COPY	RUN_LOG		original bytes
W3-R5-CROSSROW-FULL-PIPELINE-CHAMPION-X	V001	perf(crossrow): record V001 correctness and local	w3/m1/crossrow-full-pipeline	374a07e7db60738d9cac0f1c6910cd216af51453	a4d175a9c59ac0a250655d581d1c77ad7be3f167	57089f8fc5a9904cb8aee62860a7b7e0172f701b	503b98cb22ae88798bb6bfca83a46676933f3600	本地实验/CROSSROW-FULL-PIPELINE-CHAMPION-X/V001/support/help-runner.log	100644	055abf0281ab9d45e9791760bc52548360516a7e	证据集成/W3/Batch-09-R1-R3-R4-R5/R5/V001/support/help-runner.log	COPY	RUN_LOG		original bytes
W3-R5-CROSSROW-FULL-PIPELINE-CHAMPION-X	V001	perf(crossrow): record V001 correctness and local	w3/m1/crossrow-full-pipeline	374a07e7db60738d9cac0f1c6910cd216af51453	a4d175a9c59ac0a250655d581d1c77ad7be3f167	57089f8fc5a9904cb8aee62860a7b7e0172f701b	503b98cb22ae88798bb6bfca83a46676933f3600	本地实验/CROSSROW-FULL-PIPELINE-CHAMPION-X/V001/support/local-min-rows-guard.log	100644	bd42a48b2d592f9bc2ac34b7a0dab9f51d9f3f2c	证据集成/W3/Batch-09-R1-R3-R4-R5/R5/V001/support/local-min-rows-guard.log	COPY	LOCAL_RUN_LOG		original bytes
W3-R5-CROSSROW-FULL-PIPELINE-CHAMPION-X	V001	perf(crossrow): record V001 correctness and local	w3/m1/crossrow-full-pipeline	374a07e7db60738d9cac0f1c6910cd216af51453	a4d175a9c59ac0a250655d581d1c77ad7be3f167	57089f8fc5a9904cb8aee62860a7b7e0172f701b	503b98cb22ae88798bb6bfca83a46676933f3600	本地实验/CROSSROW-FULL-PIPELINE-CHAMPION-X/V001/support/local-v001-device1-r16-d16384.log	100644	3108328041f6a7999fba84f7e0996ac80214db48	证据集成/W3/Batch-09-R1-R3-R4-R5/R5/V001/support/local-v001-device1-r16-d16384.log	COPY	LOCAL_RUN_LOG		original bytes
W3-R5-CROSSROW-FULL-PIPELINE-CHAMPION-X	V001	perf(crossrow): record V001 correctness and local	w3/m1/crossrow-full-pipeline	374a07e7db60738d9cac0f1c6910cd216af51453	a4d175a9c59ac0a250655d581d1c77ad7be3f167	57089f8fc5a9904cb8aee62860a7b7e0172f701b	503b98cb22ae88798bb6bfca83a46676933f3600	本地实验/CROSSROW-FULL-PIPELINE-CHAMPION-X/V001/support/local-v001-device1-r16-d16384.tsv	100644	97ab82383c2c9efee06e7b979f345be59181372b	证据集成/W3/Batch-09-R1-R3-R4-R5/R5/V001/support/local-v001-device1-r16-d16384.tsv	COPY	LOCAL_RAW_STATISTICS		original bytes
W3-R5-CROSSROW-FULL-PIPELINE-CHAMPION-X	V001	perf(crossrow): record V001 correctness and local	w3/m1/crossrow-full-pipeline	374a07e7db60738d9cac0f1c6910cd216af51453	a4d175a9c59ac0a250655d581d1c77ad7be3f167	57089f8fc5a9904cb8aee62860a7b7e0172f701b	503b98cb22ae88798bb6bfca83a46676933f3600	本地实验/CROSSROW-FULL-PIPELINE-CHAMPION-X/V001/support/parent_adapter.asc	100644	d5c9df28ed2a8f26b020c6c551eb8cc400846dd9		EXCLUDE	PARENT_KERNEL_SOURCE		source retained only by source commit/blob reference
W3-R5-CROSSROW-FULL-PIPELINE-CHAMPION-X	V001	perf(crossrow): record V001 correctness and local	w3/m1/crossrow-full-pipeline	374a07e7db60738d9cac0f1c6910cd216af51453	a4d175a9c59ac0a250655d581d1c77ad7be3f167	57089f8fc5a9904cb8aee62860a7b7e0172f701b	503b98cb22ae88798bb6bfca83a46676933f3600	本地实验/CROSSROW-FULL-PIPELINE-CHAMPION-X/V001/support/runner_abi.h	100644	0b47603fc5a303efe00b0b66d79d72786d8435bb		EXCLUDE	SUPPORT_SOURCE		source retained only by source commit/blob reference
W3-R5-CROSSROW-FULL-PIPELINE-CHAMPION-X	V001	perf(crossrow): record V001 correctness and local	w3/m1/crossrow-full-pipeline	374a07e7db60738d9cac0f1c6910cd216af51453	a4d175a9c59ac0a250655d581d1c77ad7be3f167	57089f8fc5a9904cb8aee62860a7b7e0172f701b	503b98cb22ae88798bb6bfca83a46676933f3600	本地实验/CROSSROW-FULL-PIPELINE-CHAMPION-X/V001/support/runner_main.cpp	100644	fbf5fa8c920e8f2169cb7d6b609020e46964b433		EXCLUDE	SUPPORT_SOURCE		source retained only by source commit/blob reference
W3-R5-CROSSROW-FULL-PIPELINE-CHAMPION-X	V002	perf(crossrow): record V002 event placement result	w3/m1/crossrow-full-pipeline	6ca77bc4041a879ea69b55410770811c5f118a36	374a07e7db60738d9cac0f1c6910cd216af51453	e4391dd27d15fc7ba73877ef6c5ea3987b255e81	503b98cb22ae88798bb6bfca83a46676933f3600	本地实验/CROSSROW-FULL-PIPELINE-CHAMPION-X/V002/CMakeLists.txt	100644	d9563b5a0c19e156463c930d8f231cd3a33fb525		EXCLUDE	BUILD_CONFIGURATION		build configuration not copied
W3-R5-CROSSROW-FULL-PIPELINE-CHAMPION-X	V002	perf(crossrow): record V002 event placement result	w3/m1/crossrow-full-pipeline	6ca77bc4041a879ea69b55410770811c5f118a36	374a07e7db60738d9cac0f1c6910cd216af51453	e4391dd27d15fc7ba73877ef6c5ea3987b255e81	503b98cb22ae88798bb6bfca83a46676933f3600	本地实验/CROSSROW-FULL-PIPELINE-CHAMPION-X/V002/Candidate.asc	100644	979a310cf90ba563c97e7aa25699712ee74c84ea		EXCLUDE	CANDIDATE_OR_KERNEL_SOURCE		source retained only by source commit/blob reference
W3-R5-CROSSROW-FULL-PIPELINE-CHAMPION-X	V002	perf(crossrow): record V002 event placement result	w3/m1/crossrow-full-pipeline	6ca77bc4041a879ea69b55410770811c5f118a36	374a07e7db60738d9cac0f1c6910cd216af51453	e4391dd27d15fc7ba73877ef6c5ea3987b255e81	503b98cb22ae88798bb6bfca83a46676933f3600	本地实验/CROSSROW-FULL-PIPELINE-CHAMPION-X/V002/Parent.asc	100644	6c41d0eb5549351758ae88a08b28bf260a1e6637		EXCLUDE	PARENT_KERNEL_SOURCE		source retained only by source commit/blob reference
W3-R5-CROSSROW-FULL-PIPELINE-CHAMPION-X	V002	perf(crossrow): record V002 event placement result	w3/m1/crossrow-full-pipeline	6ca77bc4041a879ea69b55410770811c5f118a36	374a07e7db60738d9cac0f1c6910cd216af51453	e4391dd27d15fc7ba73877ef6c5ea3987b255e81	503b98cb22ae88798bb6bfca83a46676933f3600	本地实验/CROSSROW-FULL-PIPELINE-CHAMPION-X/V002/REVISION-DECLARATION.md	100644	9ffdefe29b811fab122880e1bea51e1e83e7fae0	证据集成/W3/Batch-09-R1-R3-R4-R5/R5/V002/REVISION-DECLARATION.md	COPY	REVISION_DECLARATION		original bytes
W3-R5-CROSSROW-FULL-PIPELINE-CHAMPION-X	V002	perf(crossrow): record V002 event placement result	w3/m1/crossrow-full-pipeline	6ca77bc4041a879ea69b55410770811c5f118a36	374a07e7db60738d9cac0f1c6910cd216af51453	e4391dd27d15fc7ba73877ef6c5ea3987b255e81	503b98cb22ae88798bb6bfca83a46676933f3600	本地实验/CROSSROW-FULL-PIPELINE-CHAMPION-X/V002/compile-v002-server3-attempt-02.log	100644	1e6edcfaa90cb0182712004a497acb862f397ad2	证据集成/W3/Batch-09-R1-R3-R4-R5/R5/V002/compile-v002-server3-attempt-02.log	COPY	COMPILE_LOG		original bytes
W3-R5-CROSSROW-FULL-PIPELINE-CHAMPION-X	V002	perf(crossrow): record V002 event placement result	w3/m1/crossrow-full-pipeline	6ca77bc4041a879ea69b55410770811c5f118a36	374a07e7db60738d9cac0f1c6910cd216af51453	e4391dd27d15fc7ba73877ef6c5ea3987b255e81	503b98cb22ae88798bb6bfca83a46676933f3600	本地实验/CROSSROW-FULL-PIPELINE-CHAMPION-X/V002/compile-v002-server3.log	100644	909e49e5f2a5bc29270820f3c2a4dc3b83cdf08d	证据集成/W3/Batch-09-R1-R3-R4-R5/R5/V002/compile-v002-server3.log	COPY	COMPILE_LOG		original bytes
W3-R5-CROSSROW-FULL-PIPELINE-CHAMPION-X	V002	perf(crossrow): record V002 event placement result	w3/m1/crossrow-full-pipeline	6ca77bc4041a879ea69b55410770811c5f118a36	374a07e7db60738d9cac0f1c6910cd216af51453	e4391dd27d15fc7ba73877ef6c5ea3987b255e81	503b98cb22ae88798bb6bfca83a46676933f3600	本地实验/CROSSROW-FULL-PIPELINE-CHAMPION-X/V002/compile_adapter.asc	100644	fd777d9da0f76c4a462c7dbea7fb23322028f7ef		EXCLUDE	SUPPORT_SOURCE		source retained only by source commit/blob reference
W3-R5-CROSSROW-FULL-PIPELINE-CHAMPION-X	V002	perf(crossrow): record V002 event placement result	w3/m1/crossrow-full-pipeline	6ca77bc4041a879ea69b55410770811c5f118a36	374a07e7db60738d9cac0f1c6910cd216af51453	e4391dd27d15fc7ba73877ef6c5ea3987b255e81	503b98cb22ae88798bb6bfca83a46676933f3600	本地实验/CROSSROW-FULL-PIPELINE-CHAMPION-X/V002/configure-v002-server3.log	100644	bd0fcf6a40a4a09a61a6888b3e6ff2d191a89176	证据集成/W3/Batch-09-R1-R3-R4-R5/R5/V002/configure-v002-server3.log	COPY	RUN_LOG		original bytes
W3-R5-CROSSROW-FULL-PIPELINE-CHAMPION-X	V002	perf(crossrow): record V002 event placement result	w3/m1/crossrow-full-pipeline	6ca77bc4041a879ea69b55410770811c5f118a36	374a07e7db60738d9cac0f1c6910cd216af51453	e4391dd27d15fc7ba73877ef6c5ea3987b255e81	503b98cb22ae88798bb6bfca83a46676933f3600	本地实验/CROSSROW-FULL-PIPELINE-CHAMPION-X/V002/support/CMakeLists.txt	100644	a4fbcffb60b5984b0237e73297282a80b05f8a79		EXCLUDE	BUILD_CONFIGURATION		build configuration not copied
W3-R5-CROSSROW-FULL-PIPELINE-CHAMPION-X	V002	perf(crossrow): record V002 event placement result	w3/m1/crossrow-full-pipeline	6ca77bc4041a879ea69b55410770811c5f118a36	374a07e7db60738d9cac0f1c6910cd216af51453	e4391dd27d15fc7ba73877ef6c5ea3987b255e81	503b98cb22ae88798bb6bfca83a46676933f3600	本地实验/CROSSROW-FULL-PIPELINE-CHAMPION-X/V002/support/candidate_adapter.asc	100644	c80db9b5125e177971939da98a4e765d9e0f05cf		EXCLUDE	CANDIDATE_OR_KERNEL_SOURCE		source retained only by source commit/blob reference
W3-R5-CROSSROW-FULL-PIPELINE-CHAMPION-X	V002	perf(crossrow): record V002 event placement result	w3/m1/crossrow-full-pipeline	6ca77bc4041a879ea69b55410770811c5f118a36	374a07e7db60738d9cac0f1c6910cd216af51453	e4391dd27d15fc7ba73877ef6c5ea3987b255e81	503b98cb22ae88798bb6bfca83a46676933f3600	本地实验/CROSSROW-FULL-PIPELINE-CHAMPION-X/V002/support/compile-runner-v002-server3-attempt-02.log	100644	e1bba518f202fce4e47344bc19d9b20f124d231a	证据集成/W3/Batch-09-R1-R3-R4-R5/R5/V002/support/compile-runner-v002-server3-attempt-02.log	COPY	COMPILE_LOG		original bytes
W3-R5-CROSSROW-FULL-PIPELINE-CHAMPION-X	V002	perf(crossrow): record V002 event placement result	w3/m1/crossrow-full-pipeline	6ca77bc4041a879ea69b55410770811c5f118a36	374a07e7db60738d9cac0f1c6910cd216af51453	e4391dd27d15fc7ba73877ef6c5ea3987b255e81	503b98cb22ae88798bb6bfca83a46676933f3600	本地实验/CROSSROW-FULL-PIPELINE-CHAMPION-X/V002/support/compile-runner-v002-server3.log	100644	14abe4eb2b3292d45c37cd4acd4651073ee95d76	证据集成/W3/Batch-09-R1-R3-R4-R5/R5/V002/support/compile-runner-v002-server3.log	COPY	COMPILE_LOG		original bytes
W3-R5-CROSSROW-FULL-PIPELINE-CHAMPION-X	V002	perf(crossrow): record V002 event placement result	w3/m1/crossrow-full-pipeline	6ca77bc4041a879ea69b55410770811c5f118a36	374a07e7db60738d9cac0f1c6910cd216af51453	e4391dd27d15fc7ba73877ef6c5ea3987b255e81	503b98cb22ae88798bb6bfca83a46676933f3600	本地实验/CROSSROW-FULL-PIPELINE-CHAMPION-X/V002/support/configure-runner-v002-server3.log	100644	2bf7f64661307c0377040e354d7307e9baa6f9b6	证据集成/W3/Batch-09-R1-R3-R4-R5/R5/V002/support/configure-runner-v002-server3.log	COPY	RUN_LOG		original bytes
W3-R5-CROSSROW-FULL-PIPELINE-CHAMPION-X	V002	perf(crossrow): record V002 event placement result	w3/m1/crossrow-full-pipeline	6ca77bc4041a879ea69b55410770811c5f118a36	374a07e7db60738d9cac0f1c6910cd216af51453	e4391dd27d15fc7ba73877ef6c5ea3987b255e81	503b98cb22ae88798bb6bfca83a46676933f3600	本地实验/CROSSROW-FULL-PIPELINE-CHAMPION-X/V002/support/correctness-v002-device1-r16-d16384-labeled.log	100644	a9fe11fca183f6e5c6354788d8e0ca2202e147e8	证据集成/W3/Batch-09-R1-R3-R4-R5/R5/V002/support/correctness-v002-device1-r16-d16384-labeled.log	COPY	CORRECTNESS_LOG		original bytes
W3-R5-CROSSROW-FULL-PIPELINE-CHAMPION-X	V002	perf(crossrow): record V002 event placement result	w3/m1/crossrow-full-pipeline	6ca77bc4041a879ea69b55410770811c5f118a36	374a07e7db60738d9cac0f1c6910cd216af51453	e4391dd27d15fc7ba73877ef6c5ea3987b255e81	503b98cb22ae88798bb6bfca83a46676933f3600	本地实验/CROSSROW-FULL-PIPELINE-CHAMPION-X/V002/support/correctness-v002-device1-r16-d16384.log	100644	b05cb7cfa7a3bbe28c9b44348a464d1740ca7ae4	证据集成/W3/Batch-09-R1-R3-R4-R5/R5/V002/support/correctness-v002-device1-r16-d16384.log	COPY	CORRECTNESS_LOG		original bytes
W3-R5-CROSSROW-FULL-PIPELINE-CHAMPION-X	V002	perf(crossrow): record V002 event placement result	w3/m1/crossrow-full-pipeline	6ca77bc4041a879ea69b55410770811c5f118a36	374a07e7db60738d9cac0f1c6910cd216af51453	e4391dd27d15fc7ba73877ef6c5ea3987b255e81	503b98cb22ae88798bb6bfca83a46676933f3600	本地实验/CROSSROW-FULL-PIPELINE-CHAMPION-X/V002/support/local-v002-device1-r16-d16384.log	100644	ef5cd9d42e3152d407d112a220da17827c404e80	证据集成/W3/Batch-09-R1-R3-R4-R5/R5/V002/support/local-v002-device1-r16-d16384.log	COPY	LOCAL_RUN_LOG		original bytes
W3-R5-CROSSROW-FULL-PIPELINE-CHAMPION-X	V002	perf(crossrow): record V002 event placement result	w3/m1/crossrow-full-pipeline	6ca77bc4041a879ea69b55410770811c5f118a36	374a07e7db60738d9cac0f1c6910cd216af51453	e4391dd27d15fc7ba73877ef6c5ea3987b255e81	503b98cb22ae88798bb6bfca83a46676933f3600	本地实验/CROSSROW-FULL-PIPELINE-CHAMPION-X/V002/support/local-v002-device1-r16-d16384.tsv	100644	cf46e7a81dea46baf56e63b330e0b3c38a71faea	证据集成/W3/Batch-09-R1-R3-R4-R5/R5/V002/support/local-v002-device1-r16-d16384.tsv	COPY	LOCAL_RAW_STATISTICS		original bytes
W3-R5-CROSSROW-FULL-PIPELINE-CHAMPION-X	V002	perf(crossrow): record V002 event placement result	w3/m1/crossrow-full-pipeline	6ca77bc4041a879ea69b55410770811c5f118a36	374a07e7db60738d9cac0f1c6910cd216af51453	e4391dd27d15fc7ba73877ef6c5ea3987b255e81	503b98cb22ae88798bb6bfca83a46676933f3600	本地实验/CROSSROW-FULL-PIPELINE-CHAMPION-X/V002/support/parent_adapter.asc	100644	d5c9df28ed2a8f26b020c6c551eb8cc400846dd9		EXCLUDE	PARENT_KERNEL_SOURCE		source retained only by source commit/blob reference
W3-R5-CROSSROW-FULL-PIPELINE-CHAMPION-X	V002	perf(crossrow): record V002 event placement result	w3/m1/crossrow-full-pipeline	6ca77bc4041a879ea69b55410770811c5f118a36	374a07e7db60738d9cac0f1c6910cd216af51453	e4391dd27d15fc7ba73877ef6c5ea3987b255e81	503b98cb22ae88798bb6bfca83a46676933f3600	本地实验/CROSSROW-FULL-PIPELINE-CHAMPION-X/V002/support/runner_abi.h	100644	0b47603fc5a303efe00b0b66d79d72786d8435bb		EXCLUDE	SUPPORT_SOURCE		source retained only by source commit/blob reference
W3-R5-CROSSROW-FULL-PIPELINE-CHAMPION-X	V002	perf(crossrow): record V002 event placement result	w3/m1/crossrow-full-pipeline	6ca77bc4041a879ea69b55410770811c5f118a36	374a07e7db60738d9cac0f1c6910cd216af51453	e4391dd27d15fc7ba73877ef6c5ea3987b255e81	503b98cb22ae88798bb6bfca83a46676933f3600	本地实验/CROSSROW-FULL-PIPELINE-CHAMPION-X/V002/support/runner_main.cpp	100644	f46703a3526424b5af97943666f23e2ea51dd266		EXCLUDE	SUPPORT_SOURCE		source retained only by source commit/blob reference
W3-R5-CROSSROW-FULL-PIPELINE-CHAMPION-X	V003	perf(crossrow): record V003 first-tile wait result	w3/m1/crossrow-full-pipeline	a74e4c156f737da7d35574c67cd9ede08d8e58f2	6ca77bc4041a879ea69b55410770811c5f118a36	f13918d91d909edd3ad60b5ddcfef3331bfe2e3e	503b98cb22ae88798bb6bfca83a46676933f3600	本地实验/CROSSROW-FULL-PIPELINE-CHAMPION-X/V003/CMakeLists.txt	100644	d9563b5a0c19e156463c930d8f231cd3a33fb525		EXCLUDE	BUILD_CONFIGURATION		build configuration not copied
W3-R5-CROSSROW-FULL-PIPELINE-CHAMPION-X	V003	perf(crossrow): record V003 first-tile wait result	w3/m1/crossrow-full-pipeline	a74e4c156f737da7d35574c67cd9ede08d8e58f2	6ca77bc4041a879ea69b55410770811c5f118a36	f13918d91d909edd3ad60b5ddcfef3331bfe2e3e	503b98cb22ae88798bb6bfca83a46676933f3600	本地实验/CROSSROW-FULL-PIPELINE-CHAMPION-X/V003/Candidate.asc	100644	f41b7f53eb63a432b6807af8540f85bc6db69aef		EXCLUDE	CANDIDATE_OR_KERNEL_SOURCE		source retained only by source commit/blob reference
W3-R5-CROSSROW-FULL-PIPELINE-CHAMPION-X	V003	perf(crossrow): record V003 first-tile wait result	w3/m1/crossrow-full-pipeline	a74e4c156f737da7d35574c67cd9ede08d8e58f2	6ca77bc4041a879ea69b55410770811c5f118a36	f13918d91d909edd3ad60b5ddcfef3331bfe2e3e	503b98cb22ae88798bb6bfca83a46676933f3600	本地实验/CROSSROW-FULL-PIPELINE-CHAMPION-X/V003/Parent.asc	100644	6c41d0eb5549351758ae88a08b28bf260a1e6637		EXCLUDE	PARENT_KERNEL_SOURCE		source retained only by source commit/blob reference
W3-R5-CROSSROW-FULL-PIPELINE-CHAMPION-X	V003	perf(crossrow): record V003 first-tile wait result	w3/m1/crossrow-full-pipeline	a74e4c156f737da7d35574c67cd9ede08d8e58f2	6ca77bc4041a879ea69b55410770811c5f118a36	f13918d91d909edd3ad60b5ddcfef3331bfe2e3e	503b98cb22ae88798bb6bfca83a46676933f3600	本地实验/CROSSROW-FULL-PIPELINE-CHAMPION-X/V003/REVISION-DECLARATION.md	100644	f9361fb208aa2e1e48e9c87bea14ddb1866284cc	证据集成/W3/Batch-09-R1-R3-R4-R5/R5/V003/REVISION-DECLARATION.md	COPY	REVISION_DECLARATION		original bytes
W3-R5-CROSSROW-FULL-PIPELINE-CHAMPION-X	V003	perf(crossrow): record V003 first-tile wait result	w3/m1/crossrow-full-pipeline	a74e4c156f737da7d35574c67cd9ede08d8e58f2	6ca77bc4041a879ea69b55410770811c5f118a36	f13918d91d909edd3ad60b5ddcfef3331bfe2e3e	503b98cb22ae88798bb6bfca83a46676933f3600	本地实验/CROSSROW-FULL-PIPELINE-CHAMPION-X/V003/compile-v003-server3.log	100644	1e6edcfaa90cb0182712004a497acb862f397ad2	证据集成/W3/Batch-09-R1-R3-R4-R5/R5/V003/compile-v003-server3.log	COPY	COMPILE_LOG		original bytes
W3-R5-CROSSROW-FULL-PIPELINE-CHAMPION-X	V003	perf(crossrow): record V003 first-tile wait result	w3/m1/crossrow-full-pipeline	a74e4c156f737da7d35574c67cd9ede08d8e58f2	6ca77bc4041a879ea69b55410770811c5f118a36	f13918d91d909edd3ad60b5ddcfef3331bfe2e3e	503b98cb22ae88798bb6bfca83a46676933f3600	本地实验/CROSSROW-FULL-PIPELINE-CHAMPION-X/V003/compile_adapter.asc	100644	fd777d9da0f76c4a462c7dbea7fb23322028f7ef		EXCLUDE	SUPPORT_SOURCE		source retained only by source commit/blob reference
W3-R5-CROSSROW-FULL-PIPELINE-CHAMPION-X	V003	perf(crossrow): record V003 first-tile wait result	w3/m1/crossrow-full-pipeline	a74e4c156f737da7d35574c67cd9ede08d8e58f2	6ca77bc4041a879ea69b55410770811c5f118a36	f13918d91d909edd3ad60b5ddcfef3331bfe2e3e	503b98cb22ae88798bb6bfca83a46676933f3600	本地实验/CROSSROW-FULL-PIPELINE-CHAMPION-X/V003/configure-v003-server3.log	100644	beb9a7df52eb21ddffcf5a7dd6929aef6d5d13a0	证据集成/W3/Batch-09-R1-R3-R4-R5/R5/V003/configure-v003-server3.log	COPY	RUN_LOG		original bytes
W3-R5-CROSSROW-FULL-PIPELINE-CHAMPION-X	V003	perf(crossrow): record V003 first-tile wait result	w3/m1/crossrow-full-pipeline	a74e4c156f737da7d35574c67cd9ede08d8e58f2	6ca77bc4041a879ea69b55410770811c5f118a36	f13918d91d909edd3ad60b5ddcfef3331bfe2e3e	503b98cb22ae88798bb6bfca83a46676933f3600	本地实验/CROSSROW-FULL-PIPELINE-CHAMPION-X/V003/support/CMakeLists.txt	100644	a4fbcffb60b5984b0237e73297282a80b05f8a79		EXCLUDE	BUILD_CONFIGURATION		build configuration not copied
W3-R5-CROSSROW-FULL-PIPELINE-CHAMPION-X	V003	perf(crossrow): record V003 first-tile wait result	w3/m1/crossrow-full-pipeline	a74e4c156f737da7d35574c67cd9ede08d8e58f2	6ca77bc4041a879ea69b55410770811c5f118a36	f13918d91d909edd3ad60b5ddcfef3331bfe2e3e	503b98cb22ae88798bb6bfca83a46676933f3600	本地实验/CROSSROW-FULL-PIPELINE-CHAMPION-X/V003/support/candidate_adapter.asc	100644	c80db9b5125e177971939da98a4e765d9e0f05cf		EXCLUDE	CANDIDATE_OR_KERNEL_SOURCE		source retained only by source commit/blob reference
W3-R5-CROSSROW-FULL-PIPELINE-CHAMPION-X	V003	perf(crossrow): record V003 first-tile wait result	w3/m1/crossrow-full-pipeline	a74e4c156f737da7d35574c67cd9ede08d8e58f2	6ca77bc4041a879ea69b55410770811c5f118a36	f13918d91d909edd3ad60b5ddcfef3331bfe2e3e	503b98cb22ae88798bb6bfca83a46676933f3600	本地实验/CROSSROW-FULL-PIPELINE-CHAMPION-X/V003/support/compile-runner-v003-server3.log	100644	14abe4eb2b3292d45c37cd4acd4651073ee95d76	证据集成/W3/Batch-09-R1-R3-R4-R5/R5/V003/support/compile-runner-v003-server3.log	COPY	COMPILE_LOG		original bytes
W3-R5-CROSSROW-FULL-PIPELINE-CHAMPION-X	V003	perf(crossrow): record V003 first-tile wait result	w3/m1/crossrow-full-pipeline	a74e4c156f737da7d35574c67cd9ede08d8e58f2	6ca77bc4041a879ea69b55410770811c5f118a36	f13918d91d909edd3ad60b5ddcfef3331bfe2e3e	503b98cb22ae88798bb6bfca83a46676933f3600	本地实验/CROSSROW-FULL-PIPELINE-CHAMPION-X/V003/support/configure-runner-v003-server3.log	100644	b2f2766a6d5a322186d7278feec3719804a0514a	证据集成/W3/Batch-09-R1-R3-R4-R5/R5/V003/support/configure-runner-v003-server3.log	COPY	RUN_LOG		original bytes
W3-R5-CROSSROW-FULL-PIPELINE-CHAMPION-X	V003	perf(crossrow): record V003 first-tile wait result	w3/m1/crossrow-full-pipeline	a74e4c156f737da7d35574c67cd9ede08d8e58f2	6ca77bc4041a879ea69b55410770811c5f118a36	f13918d91d909edd3ad60b5ddcfef3331bfe2e3e	503b98cb22ae88798bb6bfca83a46676933f3600	本地实验/CROSSROW-FULL-PIPELINE-CHAMPION-X/V003/support/correctness-v003-device1-r16-d16384.log	100644	d206f08118f56017a63e1b8d8ee97696de07308a	证据集成/W3/Batch-09-R1-R3-R4-R5/R5/V003/support/correctness-v003-device1-r16-d16384.log	COPY	CORRECTNESS_LOG		original bytes
W3-R5-CROSSROW-FULL-PIPELINE-CHAMPION-X	V003	perf(crossrow): record V003 first-tile wait result	w3/m1/crossrow-full-pipeline	a74e4c156f737da7d35574c67cd9ede08d8e58f2	6ca77bc4041a879ea69b55410770811c5f118a36	f13918d91d909edd3ad60b5ddcfef3331bfe2e3e	503b98cb22ae88798bb6bfca83a46676933f3600	本地实验/CROSSROW-FULL-PIPELINE-CHAMPION-X/V003/support/local-v003-device1-r16-d16384.log	100644	7c0187f7302155317a1196a4606ee9b4daec6e37	证据集成/W3/Batch-09-R1-R3-R4-R5/R5/V003/support/local-v003-device1-r16-d16384.log	COPY	LOCAL_RUN_LOG		original bytes
W3-R5-CROSSROW-FULL-PIPELINE-CHAMPION-X	V003	perf(crossrow): record V003 first-tile wait result	w3/m1/crossrow-full-pipeline	a74e4c156f737da7d35574c67cd9ede08d8e58f2	6ca77bc4041a879ea69b55410770811c5f118a36	f13918d91d909edd3ad60b5ddcfef3331bfe2e3e	503b98cb22ae88798bb6bfca83a46676933f3600	本地实验/CROSSROW-FULL-PIPELINE-CHAMPION-X/V003/support/local-v003-device1-r16-d16384.tsv	100644	9134db22a192d2981f27958e66d366af636fc061	证据集成/W3/Batch-09-R1-R3-R4-R5/R5/V003/support/local-v003-device1-r16-d16384.tsv	COPY	LOCAL_RAW_STATISTICS		original bytes
W3-R5-CROSSROW-FULL-PIPELINE-CHAMPION-X	V003	perf(crossrow): record V003 first-tile wait result	w3/m1/crossrow-full-pipeline	a74e4c156f737da7d35574c67cd9ede08d8e58f2	6ca77bc4041a879ea69b55410770811c5f118a36	f13918d91d909edd3ad60b5ddcfef3331bfe2e3e	503b98cb22ae88798bb6bfca83a46676933f3600	本地实验/CROSSROW-FULL-PIPELINE-CHAMPION-X/V003/support/parent_adapter.asc	100644	d5c9df28ed2a8f26b020c6c551eb8cc400846dd9		EXCLUDE	PARENT_KERNEL_SOURCE		source retained only by source commit/blob reference
W3-R5-CROSSROW-FULL-PIPELINE-CHAMPION-X	V003	perf(crossrow): record V003 first-tile wait result	w3/m1/crossrow-full-pipeline	a74e4c156f737da7d35574c67cd9ede08d8e58f2	6ca77bc4041a879ea69b55410770811c5f118a36	f13918d91d909edd3ad60b5ddcfef3331bfe2e3e	503b98cb22ae88798bb6bfca83a46676933f3600	本地实验/CROSSROW-FULL-PIPELINE-CHAMPION-X/V003/support/runner_abi.h	100644	0b47603fc5a303efe00b0b66d79d72786d8435bb		EXCLUDE	SUPPORT_SOURCE		source retained only by source commit/blob reference
W3-R5-CROSSROW-FULL-PIPELINE-CHAMPION-X	V003	perf(crossrow): record V003 first-tile wait result	w3/m1/crossrow-full-pipeline	a74e4c156f737da7d35574c67cd9ede08d8e58f2	6ca77bc4041a879ea69b55410770811c5f118a36	f13918d91d909edd3ad60b5ddcfef3331bfe2e3e	503b98cb22ae88798bb6bfca83a46676933f3600	本地实验/CROSSROW-FULL-PIPELINE-CHAMPION-X/V003/support/runner_main.cpp	100644	e571e9189df9d6f00aa778191956c49231913a51		EXCLUDE	SUPPORT_SOURCE		source retained only by source commit/blob reference
W3-R5-CROSSROW-FULL-PIPELINE-CHAMPION-X	V004	perf(crossrow): record V004 input release result	w3/m1/crossrow-full-pipeline	164ad289609c1b09e9c096da4b520bab7c438359	a74e4c156f737da7d35574c67cd9ede08d8e58f2	60ad91a0017c00db6afb8b209caaddfb0e56f392	503b98cb22ae88798bb6bfca83a46676933f3600	本地实验/CROSSROW-FULL-PIPELINE-CHAMPION-X/V004/CMakeLists.txt	100644	d9563b5a0c19e156463c930d8f231cd3a33fb525		EXCLUDE	BUILD_CONFIGURATION		build configuration not copied
W3-R5-CROSSROW-FULL-PIPELINE-CHAMPION-X	V004	perf(crossrow): record V004 input release result	w3/m1/crossrow-full-pipeline	164ad289609c1b09e9c096da4b520bab7c438359	a74e4c156f737da7d35574c67cd9ede08d8e58f2	60ad91a0017c00db6afb8b209caaddfb0e56f392	503b98cb22ae88798bb6bfca83a46676933f3600	本地实验/CROSSROW-FULL-PIPELINE-CHAMPION-X/V004/Candidate.asc	100644	7031e38725548364190e26abf742496e4e97def1		EXCLUDE	CANDIDATE_OR_KERNEL_SOURCE		source retained only by source commit/blob reference
W3-R5-CROSSROW-FULL-PIPELINE-CHAMPION-X	V004	perf(crossrow): record V004 input release result	w3/m1/crossrow-full-pipeline	164ad289609c1b09e9c096da4b520bab7c438359	a74e4c156f737da7d35574c67cd9ede08d8e58f2	60ad91a0017c00db6afb8b209caaddfb0e56f392	503b98cb22ae88798bb6bfca83a46676933f3600	本地实验/CROSSROW-FULL-PIPELINE-CHAMPION-X/V004/Parent.asc	100644	6c41d0eb5549351758ae88a08b28bf260a1e6637		EXCLUDE	PARENT_KERNEL_SOURCE		source retained only by source commit/blob reference
W3-R5-CROSSROW-FULL-PIPELINE-CHAMPION-X	V004	perf(crossrow): record V004 input release result	w3/m1/crossrow-full-pipeline	164ad289609c1b09e9c096da4b520bab7c438359	a74e4c156f737da7d35574c67cd9ede08d8e58f2	60ad91a0017c00db6afb8b209caaddfb0e56f392	503b98cb22ae88798bb6bfca83a46676933f3600	本地实验/CROSSROW-FULL-PIPELINE-CHAMPION-X/V004/REVISION-DECLARATION.md	100644	4e0a301ad25b663410624c4b05810c00490361f3	证据集成/W3/Batch-09-R1-R3-R4-R5/R5/V004/REVISION-DECLARATION.md	COPY	REVISION_DECLARATION		original bytes
W3-R5-CROSSROW-FULL-PIPELINE-CHAMPION-X	V004	perf(crossrow): record V004 input release result	w3/m1/crossrow-full-pipeline	164ad289609c1b09e9c096da4b520bab7c438359	a74e4c156f737da7d35574c67cd9ede08d8e58f2	60ad91a0017c00db6afb8b209caaddfb0e56f392	503b98cb22ae88798bb6bfca83a46676933f3600	本地实验/CROSSROW-FULL-PIPELINE-CHAMPION-X/V004/compile-v004-server3.log	100644	1e6edcfaa90cb0182712004a497acb862f397ad2	证据集成/W3/Batch-09-R1-R3-R4-R5/R5/V004/compile-v004-server3.log	COPY	COMPILE_LOG		original bytes
W3-R5-CROSSROW-FULL-PIPELINE-CHAMPION-X	V004	perf(crossrow): record V004 input release result	w3/m1/crossrow-full-pipeline	164ad289609c1b09e9c096da4b520bab7c438359	a74e4c156f737da7d35574c67cd9ede08d8e58f2	60ad91a0017c00db6afb8b209caaddfb0e56f392	503b98cb22ae88798bb6bfca83a46676933f3600	本地实验/CROSSROW-FULL-PIPELINE-CHAMPION-X/V004/compile_adapter.asc	100644	fd777d9da0f76c4a462c7dbea7fb23322028f7ef		EXCLUDE	SUPPORT_SOURCE		source retained only by source commit/blob reference
W3-R5-CROSSROW-FULL-PIPELINE-CHAMPION-X	V004	perf(crossrow): record V004 input release result	w3/m1/crossrow-full-pipeline	164ad289609c1b09e9c096da4b520bab7c438359	a74e4c156f737da7d35574c67cd9ede08d8e58f2	60ad91a0017c00db6afb8b209caaddfb0e56f392	503b98cb22ae88798bb6bfca83a46676933f3600	本地实验/CROSSROW-FULL-PIPELINE-CHAMPION-X/V004/configure-v004-server3.log	100644	31828ce417ca7b4aae674d2a24d6b721489a4990	证据集成/W3/Batch-09-R1-R3-R4-R5/R5/V004/configure-v004-server3.log	COPY	RUN_LOG		original bytes
W3-R5-CROSSROW-FULL-PIPELINE-CHAMPION-X	V004	perf(crossrow): record V004 input release result	w3/m1/crossrow-full-pipeline	164ad289609c1b09e9c096da4b520bab7c438359	a74e4c156f737da7d35574c67cd9ede08d8e58f2	60ad91a0017c00db6afb8b209caaddfb0e56f392	503b98cb22ae88798bb6bfca83a46676933f3600	本地实验/CROSSROW-FULL-PIPELINE-CHAMPION-X/V004/support/CMakeLists.txt	100644	a4fbcffb60b5984b0237e73297282a80b05f8a79		EXCLUDE	BUILD_CONFIGURATION		build configuration not copied
W3-R5-CROSSROW-FULL-PIPELINE-CHAMPION-X	V004	perf(crossrow): record V004 input release result	w3/m1/crossrow-full-pipeline	164ad289609c1b09e9c096da4b520bab7c438359	a74e4c156f737da7d35574c67cd9ede08d8e58f2	60ad91a0017c00db6afb8b209caaddfb0e56f392	503b98cb22ae88798bb6bfca83a46676933f3600	本地实验/CROSSROW-FULL-PIPELINE-CHAMPION-X/V004/support/candidate_adapter.asc	100644	c80db9b5125e177971939da98a4e765d9e0f05cf		EXCLUDE	CANDIDATE_OR_KERNEL_SOURCE		source retained only by source commit/blob reference
W3-R5-CROSSROW-FULL-PIPELINE-CHAMPION-X	V004	perf(crossrow): record V004 input release result	w3/m1/crossrow-full-pipeline	164ad289609c1b09e9c096da4b520bab7c438359	a74e4c156f737da7d35574c67cd9ede08d8e58f2	60ad91a0017c00db6afb8b209caaddfb0e56f392	503b98cb22ae88798bb6bfca83a46676933f3600	本地实验/CROSSROW-FULL-PIPELINE-CHAMPION-X/V004/support/compile-runner-v004-server3.log	100644	51b41beccd4b7c544dcae98c83911b1576cb19e6	证据集成/W3/Batch-09-R1-R3-R4-R5/R5/V004/support/compile-runner-v004-server3.log	COPY	COMPILE_LOG		original bytes
W3-R5-CROSSROW-FULL-PIPELINE-CHAMPION-X	V004	perf(crossrow): record V004 input release result	w3/m1/crossrow-full-pipeline	164ad289609c1b09e9c096da4b520bab7c438359	a74e4c156f737da7d35574c67cd9ede08d8e58f2	60ad91a0017c00db6afb8b209caaddfb0e56f392	503b98cb22ae88798bb6bfca83a46676933f3600	本地实验/CROSSROW-FULL-PIPELINE-CHAMPION-X/V004/support/configure-runner-v004-server3.log	100644	8e72841543ce6cda4b1598f06864ca16de876921	证据集成/W3/Batch-09-R1-R3-R4-R5/R5/V004/support/configure-runner-v004-server3.log	COPY	RUN_LOG		original bytes
W3-R5-CROSSROW-FULL-PIPELINE-CHAMPION-X	V004	perf(crossrow): record V004 input release result	w3/m1/crossrow-full-pipeline	164ad289609c1b09e9c096da4b520bab7c438359	a74e4c156f737da7d35574c67cd9ede08d8e58f2	60ad91a0017c00db6afb8b209caaddfb0e56f392	503b98cb22ae88798bb6bfca83a46676933f3600	本地实验/CROSSROW-FULL-PIPELINE-CHAMPION-X/V004/support/correctness-v004-device1-r16-d16384.log	100644	ce9f7f9bd9feaa6bd8e9e6d2e9fd4d7fd2a54b43	证据集成/W3/Batch-09-R1-R3-R4-R5/R5/V004/support/correctness-v004-device1-r16-d16384.log	COPY	CORRECTNESS_LOG		original bytes
W3-R5-CROSSROW-FULL-PIPELINE-CHAMPION-X	V004	perf(crossrow): record V004 input release result	w3/m1/crossrow-full-pipeline	164ad289609c1b09e9c096da4b520bab7c438359	a74e4c156f737da7d35574c67cd9ede08d8e58f2	60ad91a0017c00db6afb8b209caaddfb0e56f392	503b98cb22ae88798bb6bfca83a46676933f3600	本地实验/CROSSROW-FULL-PIPELINE-CHAMPION-X/V004/support/local-v004-device1-r16-d16384.log	100644	3aad290a37334295050fdf2f9eec734b120aacf6	证据集成/W3/Batch-09-R1-R3-R4-R5/R5/V004/support/local-v004-device1-r16-d16384.log	COPY	LOCAL_RUN_LOG		original bytes
W3-R5-CROSSROW-FULL-PIPELINE-CHAMPION-X	V004	perf(crossrow): record V004 input release result	w3/m1/crossrow-full-pipeline	164ad289609c1b09e9c096da4b520bab7c438359	a74e4c156f737da7d35574c67cd9ede08d8e58f2	60ad91a0017c00db6afb8b209caaddfb0e56f392	503b98cb22ae88798bb6bfca83a46676933f3600	本地实验/CROSSROW-FULL-PIPELINE-CHAMPION-X/V004/support/local-v004-device1-r16-d16384.tsv	100644	980b93feb806812d363495f1f33fb05468c947b5	证据集成/W3/Batch-09-R1-R3-R4-R5/R5/V004/support/local-v004-device1-r16-d16384.tsv	COPY	LOCAL_RAW_STATISTICS		original bytes
W3-R5-CROSSROW-FULL-PIPELINE-CHAMPION-X	V004	perf(crossrow): record V004 input release result	w3/m1/crossrow-full-pipeline	164ad289609c1b09e9c096da4b520bab7c438359	a74e4c156f737da7d35574c67cd9ede08d8e58f2	60ad91a0017c00db6afb8b209caaddfb0e56f392	503b98cb22ae88798bb6bfca83a46676933f3600	本地实验/CROSSROW-FULL-PIPELINE-CHAMPION-X/V004/support/npu-smi-v004-post-local.txt	100644	8fe657b2acc7dfb2ffe05034866652adb8539b61	证据集成/W3/Batch-09-R1-R3-R4-R5/R5/V004/support/npu-smi-v004-post-local.txt	COPY	LOCAL_CONTEXT_OR_DIAGNOSTIC		original bytes
W3-R5-CROSSROW-FULL-PIPELINE-CHAMPION-X	V004	perf(crossrow): record V004 input release result	w3/m1/crossrow-full-pipeline	164ad289609c1b09e9c096da4b520bab7c438359	a74e4c156f737da7d35574c67cd9ede08d8e58f2	60ad91a0017c00db6afb8b209caaddfb0e56f392	503b98cb22ae88798bb6bfca83a46676933f3600	本地实验/CROSSROW-FULL-PIPELINE-CHAMPION-X/V004/support/parent_adapter.asc	100644	d5c9df28ed2a8f26b020c6c551eb8cc400846dd9		EXCLUDE	PARENT_KERNEL_SOURCE		source retained only by source commit/blob reference
W3-R5-CROSSROW-FULL-PIPELINE-CHAMPION-X	V004	perf(crossrow): record V004 input release result	w3/m1/crossrow-full-pipeline	164ad289609c1b09e9c096da4b520bab7c438359	a74e4c156f737da7d35574c67cd9ede08d8e58f2	60ad91a0017c00db6afb8b209caaddfb0e56f392	503b98cb22ae88798bb6bfca83a46676933f3600	本地实验/CROSSROW-FULL-PIPELINE-CHAMPION-X/V004/support/runner_abi.h	100644	0b47603fc5a303efe00b0b66d79d72786d8435bb		EXCLUDE	SUPPORT_SOURCE		source retained only by source commit/blob reference
W3-R5-CROSSROW-FULL-PIPELINE-CHAMPION-X	V004	perf(crossrow): record V004 input release result	w3/m1/crossrow-full-pipeline	164ad289609c1b09e9c096da4b520bab7c438359	a74e4c156f737da7d35574c67cd9ede08d8e58f2	60ad91a0017c00db6afb8b209caaddfb0e56f392	503b98cb22ae88798bb6bfca83a46676933f3600	本地实验/CROSSROW-FULL-PIPELINE-CHAMPION-X/V004/support/runner_main.cpp	100644	253e2e269a0b1415063e34d1cb871cd96c4014c9		EXCLUDE	SUPPORT_SOURCE		source retained only by source commit/blob reference
W3-R5-CROSSROW-FULL-PIPELINE-CHAMPION-X	V005	perf(crossrow): record V005 barrier result	w3/m1/crossrow-full-pipeline	0b31ee3f26a17c945f8be2a650e8c474618efdc7	164ad289609c1b09e9c096da4b520bab7c438359	3be8193d11b4bd24405651b311d062a0e791c7cb	503b98cb22ae88798bb6bfca83a46676933f3600	本地实验/CROSSROW-FULL-PIPELINE-CHAMPION-X/V005/CMakeLists.txt	100644	d9563b5a0c19e156463c930d8f231cd3a33fb525		EXCLUDE	BUILD_CONFIGURATION		build configuration not copied
W3-R5-CROSSROW-FULL-PIPELINE-CHAMPION-X	V005	perf(crossrow): record V005 barrier result	w3/m1/crossrow-full-pipeline	0b31ee3f26a17c945f8be2a650e8c474618efdc7	164ad289609c1b09e9c096da4b520bab7c438359	3be8193d11b4bd24405651b311d062a0e791c7cb	503b98cb22ae88798bb6bfca83a46676933f3600	本地实验/CROSSROW-FULL-PIPELINE-CHAMPION-X/V005/Candidate.asc	100644	febdcdd485c3d434ed2735999639802a6a08d724		EXCLUDE	CANDIDATE_OR_KERNEL_SOURCE		source retained only by source commit/blob reference
W3-R5-CROSSROW-FULL-PIPELINE-CHAMPION-X	V005	perf(crossrow): record V005 barrier result	w3/m1/crossrow-full-pipeline	0b31ee3f26a17c945f8be2a650e8c474618efdc7	164ad289609c1b09e9c096da4b520bab7c438359	3be8193d11b4bd24405651b311d062a0e791c7cb	503b98cb22ae88798bb6bfca83a46676933f3600	本地实验/CROSSROW-FULL-PIPELINE-CHAMPION-X/V005/Parent.asc	100644	6c41d0eb5549351758ae88a08b28bf260a1e6637		EXCLUDE	PARENT_KERNEL_SOURCE		source retained only by source commit/blob reference
W3-R5-CROSSROW-FULL-PIPELINE-CHAMPION-X	V005	perf(crossrow): record V005 barrier result	w3/m1/crossrow-full-pipeline	0b31ee3f26a17c945f8be2a650e8c474618efdc7	164ad289609c1b09e9c096da4b520bab7c438359	3be8193d11b4bd24405651b311d062a0e791c7cb	503b98cb22ae88798bb6bfca83a46676933f3600	本地实验/CROSSROW-FULL-PIPELINE-CHAMPION-X/V005/REVISION-DECLARATION.md	100644	396c6a6f6dc83e2c28d1a362ce6f16be20281a91	证据集成/W3/Batch-09-R1-R3-R4-R5/R5/V005/REVISION-DECLARATION.md	COPY	REVISION_DECLARATION		original bytes
W3-R5-CROSSROW-FULL-PIPELINE-CHAMPION-X	V005	perf(crossrow): record V005 barrier result	w3/m1/crossrow-full-pipeline	0b31ee3f26a17c945f8be2a650e8c474618efdc7	164ad289609c1b09e9c096da4b520bab7c438359	3be8193d11b4bd24405651b311d062a0e791c7cb	503b98cb22ae88798bb6bfca83a46676933f3600	本地实验/CROSSROW-FULL-PIPELINE-CHAMPION-X/V005/compile-v005-server3.log	100644	1e6edcfaa90cb0182712004a497acb862f397ad2	证据集成/W3/Batch-09-R1-R3-R4-R5/R5/V005/compile-v005-server3.log	COPY	COMPILE_LOG		original bytes
W3-R5-CROSSROW-FULL-PIPELINE-CHAMPION-X	V005	perf(crossrow): record V005 barrier result	w3/m1/crossrow-full-pipeline	0b31ee3f26a17c945f8be2a650e8c474618efdc7	164ad289609c1b09e9c096da4b520bab7c438359	3be8193d11b4bd24405651b311d062a0e791c7cb	503b98cb22ae88798bb6bfca83a46676933f3600	本地实验/CROSSROW-FULL-PIPELINE-CHAMPION-X/V005/compile_adapter.asc	100644	fd777d9da0f76c4a462c7dbea7fb23322028f7ef		EXCLUDE	SUPPORT_SOURCE		source retained only by source commit/blob reference
W3-R5-CROSSROW-FULL-PIPELINE-CHAMPION-X	V005	perf(crossrow): record V005 barrier result	w3/m1/crossrow-full-pipeline	0b31ee3f26a17c945f8be2a650e8c474618efdc7	164ad289609c1b09e9c096da4b520bab7c438359	3be8193d11b4bd24405651b311d062a0e791c7cb	503b98cb22ae88798bb6bfca83a46676933f3600	本地实验/CROSSROW-FULL-PIPELINE-CHAMPION-X/V005/configure-v005-server3.log	100644	c1a9eb2baaf9722585290daa3b12f2e1fdda9c8b	证据集成/W3/Batch-09-R1-R3-R4-R5/R5/V005/configure-v005-server3.log	COPY	RUN_LOG		original bytes
W3-R5-CROSSROW-FULL-PIPELINE-CHAMPION-X	V005	perf(crossrow): record V005 barrier result	w3/m1/crossrow-full-pipeline	0b31ee3f26a17c945f8be2a650e8c474618efdc7	164ad289609c1b09e9c096da4b520bab7c438359	3be8193d11b4bd24405651b311d062a0e791c7cb	503b98cb22ae88798bb6bfca83a46676933f3600	本地实验/CROSSROW-FULL-PIPELINE-CHAMPION-X/V005/support/CMakeLists.txt	100644	a4fbcffb60b5984b0237e73297282a80b05f8a79		EXCLUDE	BUILD_CONFIGURATION		build configuration not copied
W3-R5-CROSSROW-FULL-PIPELINE-CHAMPION-X	V005	perf(crossrow): record V005 barrier result	w3/m1/crossrow-full-pipeline	0b31ee3f26a17c945f8be2a650e8c474618efdc7	164ad289609c1b09e9c096da4b520bab7c438359	3be8193d11b4bd24405651b311d062a0e791c7cb	503b98cb22ae88798bb6bfca83a46676933f3600	本地实验/CROSSROW-FULL-PIPELINE-CHAMPION-X/V005/support/candidate_adapter.asc	100644	c80db9b5125e177971939da98a4e765d9e0f05cf		EXCLUDE	CANDIDATE_OR_KERNEL_SOURCE		source retained only by source commit/blob reference
W3-R5-CROSSROW-FULL-PIPELINE-CHAMPION-X	V005	perf(crossrow): record V005 barrier result	w3/m1/crossrow-full-pipeline	0b31ee3f26a17c945f8be2a650e8c474618efdc7	164ad289609c1b09e9c096da4b520bab7c438359	3be8193d11b4bd24405651b311d062a0e791c7cb	503b98cb22ae88798bb6bfca83a46676933f3600	本地实验/CROSSROW-FULL-PIPELINE-CHAMPION-X/V005/support/compile-runner-v005-server3.log	100644	14abe4eb2b3292d45c37cd4acd4651073ee95d76	证据集成/W3/Batch-09-R1-R3-R4-R5/R5/V005/support/compile-runner-v005-server3.log	COPY	COMPILE_LOG		original bytes
W3-R5-CROSSROW-FULL-PIPELINE-CHAMPION-X	V005	perf(crossrow): record V005 barrier result	w3/m1/crossrow-full-pipeline	0b31ee3f26a17c945f8be2a650e8c474618efdc7	164ad289609c1b09e9c096da4b520bab7c438359	3be8193d11b4bd24405651b311d062a0e791c7cb	503b98cb22ae88798bb6bfca83a46676933f3600	本地实验/CROSSROW-FULL-PIPELINE-CHAMPION-X/V005/support/configure-runner-v005-server3.log	100644	fd6f04a11316a8db3fcdd21c102f5f350604bcbc	证据集成/W3/Batch-09-R1-R3-R4-R5/R5/V005/support/configure-runner-v005-server3.log	COPY	RUN_LOG		original bytes
W3-R5-CROSSROW-FULL-PIPELINE-CHAMPION-X	V005	perf(crossrow): record V005 barrier result	w3/m1/crossrow-full-pipeline	0b31ee3f26a17c945f8be2a650e8c474618efdc7	164ad289609c1b09e9c096da4b520bab7c438359	3be8193d11b4bd24405651b311d062a0e791c7cb	503b98cb22ae88798bb6bfca83a46676933f3600	本地实验/CROSSROW-FULL-PIPELINE-CHAMPION-X/V005/support/correctness-v005-device1-r16-d16384.log	100644	eb258460ce1db453ae1821994e910586b4ea3fb8	证据集成/W3/Batch-09-R1-R3-R4-R5/R5/V005/support/correctness-v005-device1-r16-d16384.log	COPY	CORRECTNESS_LOG		original bytes
W3-R5-CROSSROW-FULL-PIPELINE-CHAMPION-X	V005	perf(crossrow): record V005 barrier result	w3/m1/crossrow-full-pipeline	0b31ee3f26a17c945f8be2a650e8c474618efdc7	164ad289609c1b09e9c096da4b520bab7c438359	3be8193d11b4bd24405651b311d062a0e791c7cb	503b98cb22ae88798bb6bfca83a46676933f3600	本地实验/CROSSROW-FULL-PIPELINE-CHAMPION-X/V005/support/local-v005-device1-r16-d16384.log	100644	a66ba054151a0eebdc72c6ffc8c861a601d8b269	证据集成/W3/Batch-09-R1-R3-R4-R5/R5/V005/support/local-v005-device1-r16-d16384.log	COPY	LOCAL_RUN_LOG		original bytes
W3-R5-CROSSROW-FULL-PIPELINE-CHAMPION-X	V005	perf(crossrow): record V005 barrier result	w3/m1/crossrow-full-pipeline	0b31ee3f26a17c945f8be2a650e8c474618efdc7	164ad289609c1b09e9c096da4b520bab7c438359	3be8193d11b4bd24405651b311d062a0e791c7cb	503b98cb22ae88798bb6bfca83a46676933f3600	本地实验/CROSSROW-FULL-PIPELINE-CHAMPION-X/V005/support/local-v005-device1-r16-d16384.tsv	100644	da7300029f1ee30e8a7c8d2e42aa7b2a82649c94	证据集成/W3/Batch-09-R1-R3-R4-R5/R5/V005/support/local-v005-device1-r16-d16384.tsv	COPY	LOCAL_RAW_STATISTICS		original bytes
W3-R5-CROSSROW-FULL-PIPELINE-CHAMPION-X	V005	perf(crossrow): record V005 barrier result	w3/m1/crossrow-full-pipeline	0b31ee3f26a17c945f8be2a650e8c474618efdc7	164ad289609c1b09e9c096da4b520bab7c438359	3be8193d11b4bd24405651b311d062a0e791c7cb	503b98cb22ae88798bb6bfca83a46676933f3600	本地实验/CROSSROW-FULL-PIPELINE-CHAMPION-X/V005/support/npu-smi-v005-post-local.txt	100644	c0423922dcd906e3ea1d053af88f79b28c4996b8	证据集成/W3/Batch-09-R1-R3-R4-R5/R5/V005/support/npu-smi-v005-post-local.txt	COPY	LOCAL_CONTEXT_OR_DIAGNOSTIC		original bytes
W3-R5-CROSSROW-FULL-PIPELINE-CHAMPION-X	V005	perf(crossrow): record V005 barrier result	w3/m1/crossrow-full-pipeline	0b31ee3f26a17c945f8be2a650e8c474618efdc7	164ad289609c1b09e9c096da4b520bab7c438359	3be8193d11b4bd24405651b311d062a0e791c7cb	503b98cb22ae88798bb6bfca83a46676933f3600	本地实验/CROSSROW-FULL-PIPELINE-CHAMPION-X/V005/support/parent_adapter.asc	100644	d5c9df28ed2a8f26b020c6c551eb8cc400846dd9		EXCLUDE	PARENT_KERNEL_SOURCE		source retained only by source commit/blob reference
W3-R5-CROSSROW-FULL-PIPELINE-CHAMPION-X	V005	perf(crossrow): record V005 barrier result	w3/m1/crossrow-full-pipeline	0b31ee3f26a17c945f8be2a650e8c474618efdc7	164ad289609c1b09e9c096da4b520bab7c438359	3be8193d11b4bd24405651b311d062a0e791c7cb	503b98cb22ae88798bb6bfca83a46676933f3600	本地实验/CROSSROW-FULL-PIPELINE-CHAMPION-X/V005/support/runner_abi.h	100644	0b47603fc5a303efe00b0b66d79d72786d8435bb		EXCLUDE	SUPPORT_SOURCE		source retained only by source commit/blob reference
W3-R5-CROSSROW-FULL-PIPELINE-CHAMPION-X	V005	perf(crossrow): record V005 barrier result	w3/m1/crossrow-full-pipeline	0b31ee3f26a17c945f8be2a650e8c474618efdc7	164ad289609c1b09e9c096da4b520bab7c438359	3be8193d11b4bd24405651b311d062a0e791c7cb	503b98cb22ae88798bb6bfca83a46676933f3600	本地实验/CROSSROW-FULL-PIPELINE-CHAMPION-X/V005/support/runner_main.cpp	100644	321bd4cc4336de159fcd3c6e017d6db706ae5bc1		EXCLUDE	SUPPORT_SOURCE		source retained only by source commit/blob reference
W3-R5-CROSSROW-FULL-PIPELINE-CHAMPION-X	V006	perf(crossrow): record V006 traversal result	w3/m1/crossrow-full-pipeline	b00aedecb694248e7ccd21e61cd041037ff108dd	0b31ee3f26a17c945f8be2a650e8c474618efdc7	db42cbfe8b7d1ddb2177d3d1b713084d07135d6e	503b98cb22ae88798bb6bfca83a46676933f3600	本地实验/CROSSROW-FULL-PIPELINE-CHAMPION-X/V006/CMakeLists.txt	100644	d9563b5a0c19e156463c930d8f231cd3a33fb525		EXCLUDE	BUILD_CONFIGURATION		build configuration not copied
W3-R5-CROSSROW-FULL-PIPELINE-CHAMPION-X	V006	perf(crossrow): record V006 traversal result	w3/m1/crossrow-full-pipeline	b00aedecb694248e7ccd21e61cd041037ff108dd	0b31ee3f26a17c945f8be2a650e8c474618efdc7	db42cbfe8b7d1ddb2177d3d1b713084d07135d6e	503b98cb22ae88798bb6bfca83a46676933f3600	本地实验/CROSSROW-FULL-PIPELINE-CHAMPION-X/V006/Candidate.asc	100644	85e90a1ca5b37091fef37e931908a740a4d6f843		EXCLUDE	CANDIDATE_OR_KERNEL_SOURCE		source retained only by source commit/blob reference
W3-R5-CROSSROW-FULL-PIPELINE-CHAMPION-X	V006	perf(crossrow): record V006 traversal result	w3/m1/crossrow-full-pipeline	b00aedecb694248e7ccd21e61cd041037ff108dd	0b31ee3f26a17c945f8be2a650e8c474618efdc7	db42cbfe8b7d1ddb2177d3d1b713084d07135d6e	503b98cb22ae88798bb6bfca83a46676933f3600	本地实验/CROSSROW-FULL-PIPELINE-CHAMPION-X/V006/Parent.asc	100644	6c41d0eb5549351758ae88a08b28bf260a1e6637		EXCLUDE	PARENT_KERNEL_SOURCE		source retained only by source commit/blob reference
W3-R5-CROSSROW-FULL-PIPELINE-CHAMPION-X	V006	perf(crossrow): record V006 traversal result	w3/m1/crossrow-full-pipeline	b00aedecb694248e7ccd21e61cd041037ff108dd	0b31ee3f26a17c945f8be2a650e8c474618efdc7	db42cbfe8b7d1ddb2177d3d1b713084d07135d6e	503b98cb22ae88798bb6bfca83a46676933f3600	本地实验/CROSSROW-FULL-PIPELINE-CHAMPION-X/V006/REVISION-DECLARATION.md	100644	04709643e003e374d9890eb82336382b3dc20cd7	证据集成/W3/Batch-09-R1-R3-R4-R5/R5/V006/REVISION-DECLARATION.md	COPY	REVISION_DECLARATION		original bytes
W3-R5-CROSSROW-FULL-PIPELINE-CHAMPION-X	V006	perf(crossrow): record V006 traversal result	w3/m1/crossrow-full-pipeline	b00aedecb694248e7ccd21e61cd041037ff108dd	0b31ee3f26a17c945f8be2a650e8c474618efdc7	db42cbfe8b7d1ddb2177d3d1b713084d07135d6e	503b98cb22ae88798bb6bfca83a46676933f3600	本地实验/CROSSROW-FULL-PIPELINE-CHAMPION-X/V006/compile-v006-server3.log	100644	1e6edcfaa90cb0182712004a497acb862f397ad2	证据集成/W3/Batch-09-R1-R3-R4-R5/R5/V006/compile-v006-server3.log	COPY	COMPILE_LOG		original bytes
W3-R5-CROSSROW-FULL-PIPELINE-CHAMPION-X	V006	perf(crossrow): record V006 traversal result	w3/m1/crossrow-full-pipeline	b00aedecb694248e7ccd21e61cd041037ff108dd	0b31ee3f26a17c945f8be2a650e8c474618efdc7	db42cbfe8b7d1ddb2177d3d1b713084d07135d6e	503b98cb22ae88798bb6bfca83a46676933f3600	本地实验/CROSSROW-FULL-PIPELINE-CHAMPION-X/V006/compile_adapter.asc	100644	fd777d9da0f76c4a462c7dbea7fb23322028f7ef		EXCLUDE	SUPPORT_SOURCE		source retained only by source commit/blob reference
W3-R5-CROSSROW-FULL-PIPELINE-CHAMPION-X	V006	perf(crossrow): record V006 traversal result	w3/m1/crossrow-full-pipeline	b00aedecb694248e7ccd21e61cd041037ff108dd	0b31ee3f26a17c945f8be2a650e8c474618efdc7	db42cbfe8b7d1ddb2177d3d1b713084d07135d6e	503b98cb22ae88798bb6bfca83a46676933f3600	本地实验/CROSSROW-FULL-PIPELINE-CHAMPION-X/V006/configure-v006-server3.log	100644	dafb063dfabf22384ecdaad13db78c9063f40813	证据集成/W3/Batch-09-R1-R3-R4-R5/R5/V006/configure-v006-server3.log	COPY	RUN_LOG		original bytes
W3-R5-CROSSROW-FULL-PIPELINE-CHAMPION-X	V006	perf(crossrow): record V006 traversal result	w3/m1/crossrow-full-pipeline	b00aedecb694248e7ccd21e61cd041037ff108dd	0b31ee3f26a17c945f8be2a650e8c474618efdc7	db42cbfe8b7d1ddb2177d3d1b713084d07135d6e	503b98cb22ae88798bb6bfca83a46676933f3600	本地实验/CROSSROW-FULL-PIPELINE-CHAMPION-X/V006/support/CMakeLists.txt	100644	a4fbcffb60b5984b0237e73297282a80b05f8a79		EXCLUDE	BUILD_CONFIGURATION		build configuration not copied
W3-R5-CROSSROW-FULL-PIPELINE-CHAMPION-X	V006	perf(crossrow): record V006 traversal result	w3/m1/crossrow-full-pipeline	b00aedecb694248e7ccd21e61cd041037ff108dd	0b31ee3f26a17c945f8be2a650e8c474618efdc7	db42cbfe8b7d1ddb2177d3d1b713084d07135d6e	503b98cb22ae88798bb6bfca83a46676933f3600	本地实验/CROSSROW-FULL-PIPELINE-CHAMPION-X/V006/support/candidate_adapter.asc	100644	c80db9b5125e177971939da98a4e765d9e0f05cf		EXCLUDE	CANDIDATE_OR_KERNEL_SOURCE		source retained only by source commit/blob reference
W3-R5-CROSSROW-FULL-PIPELINE-CHAMPION-X	V006	perf(crossrow): record V006 traversal result	w3/m1/crossrow-full-pipeline	b00aedecb694248e7ccd21e61cd041037ff108dd	0b31ee3f26a17c945f8be2a650e8c474618efdc7	db42cbfe8b7d1ddb2177d3d1b713084d07135d6e	503b98cb22ae88798bb6bfca83a46676933f3600	本地实验/CROSSROW-FULL-PIPELINE-CHAMPION-X/V006/support/compile-runner-v006-server3.log	100644	14abe4eb2b3292d45c37cd4acd4651073ee95d76	证据集成/W3/Batch-09-R1-R3-R4-R5/R5/V006/support/compile-runner-v006-server3.log	COPY	COMPILE_LOG		original bytes
W3-R5-CROSSROW-FULL-PIPELINE-CHAMPION-X	V006	perf(crossrow): record V006 traversal result	w3/m1/crossrow-full-pipeline	b00aedecb694248e7ccd21e61cd041037ff108dd	0b31ee3f26a17c945f8be2a650e8c474618efdc7	db42cbfe8b7d1ddb2177d3d1b713084d07135d6e	503b98cb22ae88798bb6bfca83a46676933f3600	本地实验/CROSSROW-FULL-PIPELINE-CHAMPION-X/V006/support/configure-runner-v006-server3.log	100644	165f272c52501f7507471397a4ae940247900ed8	证据集成/W3/Batch-09-R1-R3-R4-R5/R5/V006/support/configure-runner-v006-server3.log	COPY	RUN_LOG		original bytes
W3-R5-CROSSROW-FULL-PIPELINE-CHAMPION-X	V006	perf(crossrow): record V006 traversal result	w3/m1/crossrow-full-pipeline	b00aedecb694248e7ccd21e61cd041037ff108dd	0b31ee3f26a17c945f8be2a650e8c474618efdc7	db42cbfe8b7d1ddb2177d3d1b713084d07135d6e	503b98cb22ae88798bb6bfca83a46676933f3600	本地实验/CROSSROW-FULL-PIPELINE-CHAMPION-X/V006/support/correctness-v006-device1-r16-d16384.log	100644	92886fc2247fc4fcd8d81bbb7fe9009036eb538b	证据集成/W3/Batch-09-R1-R3-R4-R5/R5/V006/support/correctness-v006-device1-r16-d16384.log	COPY	CORRECTNESS_LOG		original bytes
W3-R5-CROSSROW-FULL-PIPELINE-CHAMPION-X	V006	perf(crossrow): record V006 traversal result	w3/m1/crossrow-full-pipeline	b00aedecb694248e7ccd21e61cd041037ff108dd	0b31ee3f26a17c945f8be2a650e8c474618efdc7	db42cbfe8b7d1ddb2177d3d1b713084d07135d6e	503b98cb22ae88798bb6bfca83a46676933f3600	本地实验/CROSSROW-FULL-PIPELINE-CHAMPION-X/V006/support/local-v006-device1-r16-d16384.log	100644	529c74a9db8712cc471df637982848cd968a9a9c	证据集成/W3/Batch-09-R1-R3-R4-R5/R5/V006/support/local-v006-device1-r16-d16384.log	COPY	LOCAL_RUN_LOG		original bytes
W3-R5-CROSSROW-FULL-PIPELINE-CHAMPION-X	V006	perf(crossrow): record V006 traversal result	w3/m1/crossrow-full-pipeline	b00aedecb694248e7ccd21e61cd041037ff108dd	0b31ee3f26a17c945f8be2a650e8c474618efdc7	db42cbfe8b7d1ddb2177d3d1b713084d07135d6e	503b98cb22ae88798bb6bfca83a46676933f3600	本地实验/CROSSROW-FULL-PIPELINE-CHAMPION-X/V006/support/local-v006-device1-r16-d16384.tsv	100644	0b6af24a66376a2735555c93322cfc7d30f828f8	证据集成/W3/Batch-09-R1-R3-R4-R5/R5/V006/support/local-v006-device1-r16-d16384.tsv	COPY	LOCAL_RAW_STATISTICS		original bytes
W3-R5-CROSSROW-FULL-PIPELINE-CHAMPION-X	V006	perf(crossrow): record V006 traversal result	w3/m1/crossrow-full-pipeline	b00aedecb694248e7ccd21e61cd041037ff108dd	0b31ee3f26a17c945f8be2a650e8c474618efdc7	db42cbfe8b7d1ddb2177d3d1b713084d07135d6e	503b98cb22ae88798bb6bfca83a46676933f3600	本地实验/CROSSROW-FULL-PIPELINE-CHAMPION-X/V006/support/npu-smi-v006-post-local.txt	100644	ad7eef7a0729ff390f2af89a6f019808aa43cc6f	证据集成/W3/Batch-09-R1-R3-R4-R5/R5/V006/support/npu-smi-v006-post-local.txt	COPY	LOCAL_CONTEXT_OR_DIAGNOSTIC		original bytes
W3-R5-CROSSROW-FULL-PIPELINE-CHAMPION-X	V006	perf(crossrow): record V006 traversal result	w3/m1/crossrow-full-pipeline	b00aedecb694248e7ccd21e61cd041037ff108dd	0b31ee3f26a17c945f8be2a650e8c474618efdc7	db42cbfe8b7d1ddb2177d3d1b713084d07135d6e	503b98cb22ae88798bb6bfca83a46676933f3600	本地实验/CROSSROW-FULL-PIPELINE-CHAMPION-X/V006/support/parent_adapter.asc	100644	d5c9df28ed2a8f26b020c6c551eb8cc400846dd9		EXCLUDE	PARENT_KERNEL_SOURCE		source retained only by source commit/blob reference
W3-R5-CROSSROW-FULL-PIPELINE-CHAMPION-X	V006	perf(crossrow): record V006 traversal result	w3/m1/crossrow-full-pipeline	b00aedecb694248e7ccd21e61cd041037ff108dd	0b31ee3f26a17c945f8be2a650e8c474618efdc7	db42cbfe8b7d1ddb2177d3d1b713084d07135d6e	503b98cb22ae88798bb6bfca83a46676933f3600	本地实验/CROSSROW-FULL-PIPELINE-CHAMPION-X/V006/support/runner_abi.h	100644	0b47603fc5a303efe00b0b66d79d72786d8435bb		EXCLUDE	SUPPORT_SOURCE		source retained only by source commit/blob reference
W3-R5-CROSSROW-FULL-PIPELINE-CHAMPION-X	V006	perf(crossrow): record V006 traversal result	w3/m1/crossrow-full-pipeline	b00aedecb694248e7ccd21e61cd041037ff108dd	0b31ee3f26a17c945f8be2a650e8c474618efdc7	db42cbfe8b7d1ddb2177d3d1b713084d07135d6e	503b98cb22ae88798bb6bfca83a46676933f3600	本地实验/CROSSROW-FULL-PIPELINE-CHAMPION-X/V006/support/runner_main.cpp	100644	24206d6cbb808504fa281d57e54e8e5406d06732		EXCLUDE	SUPPORT_SOURCE		source retained only by source commit/blob reference
W3-R5-CROSSROW-FULL-PIPELINE-CHAMPION-X	V007	perf(crossrow): record V007 param prefetch result	w3/m1/crossrow-full-pipeline	c45544113578cdf8698ea8219335dda9d18adef5	b00aedecb694248e7ccd21e61cd041037ff108dd	02198139f757683cd1f14f1395dc3eb637f89e23	503b98cb22ae88798bb6bfca83a46676933f3600	本地实验/CROSSROW-FULL-PIPELINE-CHAMPION-X/V007/CMakeLists.txt	100644	d9563b5a0c19e156463c930d8f231cd3a33fb525		EXCLUDE	BUILD_CONFIGURATION		build configuration not copied
W3-R5-CROSSROW-FULL-PIPELINE-CHAMPION-X	V007	perf(crossrow): record V007 param prefetch result	w3/m1/crossrow-full-pipeline	c45544113578cdf8698ea8219335dda9d18adef5	b00aedecb694248e7ccd21e61cd041037ff108dd	02198139f757683cd1f14f1395dc3eb637f89e23	503b98cb22ae88798bb6bfca83a46676933f3600	本地实验/CROSSROW-FULL-PIPELINE-CHAMPION-X/V007/Candidate.asc	100644	a36a48ed8d06d9df83878c6da98c05f8c268eabb		EXCLUDE	CANDIDATE_OR_KERNEL_SOURCE		source retained only by source commit/blob reference
W3-R5-CROSSROW-FULL-PIPELINE-CHAMPION-X	V007	perf(crossrow): record V007 param prefetch result	w3/m1/crossrow-full-pipeline	c45544113578cdf8698ea8219335dda9d18adef5	b00aedecb694248e7ccd21e61cd041037ff108dd	02198139f757683cd1f14f1395dc3eb637f89e23	503b98cb22ae88798bb6bfca83a46676933f3600	本地实验/CROSSROW-FULL-PIPELINE-CHAMPION-X/V007/Parent.asc	100644	6c41d0eb5549351758ae88a08b28bf260a1e6637		EXCLUDE	PARENT_KERNEL_SOURCE		source retained only by source commit/blob reference
W3-R5-CROSSROW-FULL-PIPELINE-CHAMPION-X	V007	perf(crossrow): record V007 param prefetch result	w3/m1/crossrow-full-pipeline	c45544113578cdf8698ea8219335dda9d18adef5	b00aedecb694248e7ccd21e61cd041037ff108dd	02198139f757683cd1f14f1395dc3eb637f89e23	503b98cb22ae88798bb6bfca83a46676933f3600	本地实验/CROSSROW-FULL-PIPELINE-CHAMPION-X/V007/REVISION-DECLARATION.md	100644	a1bcf55fb95c9172fc5b138ed25183f12f5dc920	证据集成/W3/Batch-09-R1-R3-R4-R5/R5/V007/REVISION-DECLARATION.md	COPY	REVISION_DECLARATION		original bytes
W3-R5-CROSSROW-FULL-PIPELINE-CHAMPION-X	V007	perf(crossrow): record V007 param prefetch result	w3/m1/crossrow-full-pipeline	c45544113578cdf8698ea8219335dda9d18adef5	b00aedecb694248e7ccd21e61cd041037ff108dd	02198139f757683cd1f14f1395dc3eb637f89e23	503b98cb22ae88798bb6bfca83a46676933f3600	本地实验/CROSSROW-FULL-PIPELINE-CHAMPION-X/V007/compile-v007-server3.log	100644	1e6edcfaa90cb0182712004a497acb862f397ad2	证据集成/W3/Batch-09-R1-R3-R4-R5/R5/V007/compile-v007-server3.log	COPY	COMPILE_LOG		original bytes
W3-R5-CROSSROW-FULL-PIPELINE-CHAMPION-X	V007	perf(crossrow): record V007 param prefetch result	w3/m1/crossrow-full-pipeline	c45544113578cdf8698ea8219335dda9d18adef5	b00aedecb694248e7ccd21e61cd041037ff108dd	02198139f757683cd1f14f1395dc3eb637f89e23	503b98cb22ae88798bb6bfca83a46676933f3600	本地实验/CROSSROW-FULL-PIPELINE-CHAMPION-X/V007/compile_adapter.asc	100644	fd777d9da0f76c4a462c7dbea7fb23322028f7ef		EXCLUDE	SUPPORT_SOURCE		source retained only by source commit/blob reference
W3-R5-CROSSROW-FULL-PIPELINE-CHAMPION-X	V007	perf(crossrow): record V007 param prefetch result	w3/m1/crossrow-full-pipeline	c45544113578cdf8698ea8219335dda9d18adef5	b00aedecb694248e7ccd21e61cd041037ff108dd	02198139f757683cd1f14f1395dc3eb637f89e23	503b98cb22ae88798bb6bfca83a46676933f3600	本地实验/CROSSROW-FULL-PIPELINE-CHAMPION-X/V007/configure-v007-server3.log	100644	234fecab43562f4a39048f711f37797bdbcc59af	证据集成/W3/Batch-09-R1-R3-R4-R5/R5/V007/configure-v007-server3.log	COPY	RUN_LOG		original bytes
W3-R5-CROSSROW-FULL-PIPELINE-CHAMPION-X	V007	perf(crossrow): record V007 param prefetch result	w3/m1/crossrow-full-pipeline	c45544113578cdf8698ea8219335dda9d18adef5	b00aedecb694248e7ccd21e61cd041037ff108dd	02198139f757683cd1f14f1395dc3eb637f89e23	503b98cb22ae88798bb6bfca83a46676933f3600	本地实验/CROSSROW-FULL-PIPELINE-CHAMPION-X/V007/support/CMakeLists.txt	100644	a4fbcffb60b5984b0237e73297282a80b05f8a79		EXCLUDE	BUILD_CONFIGURATION		build configuration not copied
W3-R5-CROSSROW-FULL-PIPELINE-CHAMPION-X	V007	perf(crossrow): record V007 param prefetch result	w3/m1/crossrow-full-pipeline	c45544113578cdf8698ea8219335dda9d18adef5	b00aedecb694248e7ccd21e61cd041037ff108dd	02198139f757683cd1f14f1395dc3eb637f89e23	503b98cb22ae88798bb6bfca83a46676933f3600	本地实验/CROSSROW-FULL-PIPELINE-CHAMPION-X/V007/support/candidate_adapter.asc	100644	c80db9b5125e177971939da98a4e765d9e0f05cf		EXCLUDE	CANDIDATE_OR_KERNEL_SOURCE		source retained only by source commit/blob reference
W3-R5-CROSSROW-FULL-PIPELINE-CHAMPION-X	V007	perf(crossrow): record V007 param prefetch result	w3/m1/crossrow-full-pipeline	c45544113578cdf8698ea8219335dda9d18adef5	b00aedecb694248e7ccd21e61cd041037ff108dd	02198139f757683cd1f14f1395dc3eb637f89e23	503b98cb22ae88798bb6bfca83a46676933f3600	本地实验/CROSSROW-FULL-PIPELINE-CHAMPION-X/V007/support/compile-runner-v007-server3.log	100644	51b41beccd4b7c544dcae98c83911b1576cb19e6	证据集成/W3/Batch-09-R1-R3-R4-R5/R5/V007/support/compile-runner-v007-server3.log	COPY	COMPILE_LOG		original bytes
W3-R5-CROSSROW-FULL-PIPELINE-CHAMPION-X	V007	perf(crossrow): record V007 param prefetch result	w3/m1/crossrow-full-pipeline	c45544113578cdf8698ea8219335dda9d18adef5	b00aedecb694248e7ccd21e61cd041037ff108dd	02198139f757683cd1f14f1395dc3eb637f89e23	503b98cb22ae88798bb6bfca83a46676933f3600	本地实验/CROSSROW-FULL-PIPELINE-CHAMPION-X/V007/support/configure-runner-v007-server3.log	100644	8f995ff75c6a6e2320d6e40ba3934548cd952426	证据集成/W3/Batch-09-R1-R3-R4-R5/R5/V007/support/configure-runner-v007-server3.log	COPY	RUN_LOG		original bytes
W3-R5-CROSSROW-FULL-PIPELINE-CHAMPION-X	V007	perf(crossrow): record V007 param prefetch result	w3/m1/crossrow-full-pipeline	c45544113578cdf8698ea8219335dda9d18adef5	b00aedecb694248e7ccd21e61cd041037ff108dd	02198139f757683cd1f14f1395dc3eb637f89e23	503b98cb22ae88798bb6bfca83a46676933f3600	本地实验/CROSSROW-FULL-PIPELINE-CHAMPION-X/V007/support/correctness-v007-device1-r16-d16384.log	100644	5127dca25e14c1815317ca8424f300a1f27217c0	证据集成/W3/Batch-09-R1-R3-R4-R5/R5/V007/support/correctness-v007-device1-r16-d16384.log	COPY	CORRECTNESS_LOG		original bytes
W3-R5-CROSSROW-FULL-PIPELINE-CHAMPION-X	V007	perf(crossrow): record V007 param prefetch result	w3/m1/crossrow-full-pipeline	c45544113578cdf8698ea8219335dda9d18adef5	b00aedecb694248e7ccd21e61cd041037ff108dd	02198139f757683cd1f14f1395dc3eb637f89e23	503b98cb22ae88798bb6bfca83a46676933f3600	本地实验/CROSSROW-FULL-PIPELINE-CHAMPION-X/V007/support/local-v007-device1-r16-d16384.log	100644	be0c0c762a333a9a86a3957861b2be0b94359e85	证据集成/W3/Batch-09-R1-R3-R4-R5/R5/V007/support/local-v007-device1-r16-d16384.log	COPY	LOCAL_RUN_LOG		original bytes
W3-R5-CROSSROW-FULL-PIPELINE-CHAMPION-X	V007	perf(crossrow): record V007 param prefetch result	w3/m1/crossrow-full-pipeline	c45544113578cdf8698ea8219335dda9d18adef5	b00aedecb694248e7ccd21e61cd041037ff108dd	02198139f757683cd1f14f1395dc3eb637f89e23	503b98cb22ae88798bb6bfca83a46676933f3600	本地实验/CROSSROW-FULL-PIPELINE-CHAMPION-X/V007/support/local-v007-device1-r16-d16384.tsv	100644	bac7136b539cd8267e14d285bf160fb295f88c7c	证据集成/W3/Batch-09-R1-R3-R4-R5/R5/V007/support/local-v007-device1-r16-d16384.tsv	COPY	LOCAL_RAW_STATISTICS		original bytes
W3-R5-CROSSROW-FULL-PIPELINE-CHAMPION-X	V007	perf(crossrow): record V007 param prefetch result	w3/m1/crossrow-full-pipeline	c45544113578cdf8698ea8219335dda9d18adef5	b00aedecb694248e7ccd21e61cd041037ff108dd	02198139f757683cd1f14f1395dc3eb637f89e23	503b98cb22ae88798bb6bfca83a46676933f3600	本地实验/CROSSROW-FULL-PIPELINE-CHAMPION-X/V007/support/npu-smi-v007-post-local.txt	100644	026af3ebdab36637626f1456f8d70e6f8eb3ed60	证据集成/W3/Batch-09-R1-R3-R4-R5/R5/V007/support/npu-smi-v007-post-local.txt	COPY	LOCAL_CONTEXT_OR_DIAGNOSTIC		original bytes
W3-R5-CROSSROW-FULL-PIPELINE-CHAMPION-X	V007	perf(crossrow): record V007 param prefetch result	w3/m1/crossrow-full-pipeline	c45544113578cdf8698ea8219335dda9d18adef5	b00aedecb694248e7ccd21e61cd041037ff108dd	02198139f757683cd1f14f1395dc3eb637f89e23	503b98cb22ae88798bb6bfca83a46676933f3600	本地实验/CROSSROW-FULL-PIPELINE-CHAMPION-X/V007/support/parent_adapter.asc	100644	d5c9df28ed2a8f26b020c6c551eb8cc400846dd9		EXCLUDE	PARENT_KERNEL_SOURCE		source retained only by source commit/blob reference
W3-R5-CROSSROW-FULL-PIPELINE-CHAMPION-X	V007	perf(crossrow): record V007 param prefetch result	w3/m1/crossrow-full-pipeline	c45544113578cdf8698ea8219335dda9d18adef5	b00aedecb694248e7ccd21e61cd041037ff108dd	02198139f757683cd1f14f1395dc3eb637f89e23	503b98cb22ae88798bb6bfca83a46676933f3600	本地实验/CROSSROW-FULL-PIPELINE-CHAMPION-X/V007/support/runner_abi.h	100644	0b47603fc5a303efe00b0b66d79d72786d8435bb		EXCLUDE	SUPPORT_SOURCE		source retained only by source commit/blob reference
W3-R5-CROSSROW-FULL-PIPELINE-CHAMPION-X	V007	perf(crossrow): record V007 param prefetch result	w3/m1/crossrow-full-pipeline	c45544113578cdf8698ea8219335dda9d18adef5	b00aedecb694248e7ccd21e61cd041037ff108dd	02198139f757683cd1f14f1395dc3eb637f89e23	503b98cb22ae88798bb6bfca83a46676933f3600	本地实验/CROSSROW-FULL-PIPELINE-CHAMPION-X/V007/support/runner_main.cpp	100644	6252063ad7192ecff48fc62d41e43bb1647bd48a		EXCLUDE	SUPPORT_SOURCE		source retained only by source commit/blob reference
W3-R5-CROSSROW-FULL-PIPELINE-CHAMPION-X	V008	perf(crossrow): record V008 row order result	w3/m1/crossrow-full-pipeline	fed438f409b77e92746b75b3e317c0549b28aee8	c45544113578cdf8698ea8219335dda9d18adef5	2cb0faec8cd2af400574c3fa35e0e7b56cdc1d65	503b98cb22ae88798bb6bfca83a46676933f3600	本地实验/CROSSROW-FULL-PIPELINE-CHAMPION-X/V008/CMakeLists.txt	100644	d9563b5a0c19e156463c930d8f231cd3a33fb525		EXCLUDE	BUILD_CONFIGURATION		build configuration not copied
W3-R5-CROSSROW-FULL-PIPELINE-CHAMPION-X	V008	perf(crossrow): record V008 row order result	w3/m1/crossrow-full-pipeline	fed438f409b77e92746b75b3e317c0549b28aee8	c45544113578cdf8698ea8219335dda9d18adef5	2cb0faec8cd2af400574c3fa35e0e7b56cdc1d65	503b98cb22ae88798bb6bfca83a46676933f3600	本地实验/CROSSROW-FULL-PIPELINE-CHAMPION-X/V008/Candidate.asc	100644	5e34f491137edda1bc3ecd3ca0bac62abb181134		EXCLUDE	CANDIDATE_OR_KERNEL_SOURCE		source retained only by source commit/blob reference
W3-R5-CROSSROW-FULL-PIPELINE-CHAMPION-X	V008	perf(crossrow): record V008 row order result	w3/m1/crossrow-full-pipeline	fed438f409b77e92746b75b3e317c0549b28aee8	c45544113578cdf8698ea8219335dda9d18adef5	2cb0faec8cd2af400574c3fa35e0e7b56cdc1d65	503b98cb22ae88798bb6bfca83a46676933f3600	本地实验/CROSSROW-FULL-PIPELINE-CHAMPION-X/V008/Parent.asc	100644	6c41d0eb5549351758ae88a08b28bf260a1e6637		EXCLUDE	PARENT_KERNEL_SOURCE		source retained only by source commit/blob reference
W3-R5-CROSSROW-FULL-PIPELINE-CHAMPION-X	V008	perf(crossrow): record V008 row order result	w3/m1/crossrow-full-pipeline	fed438f409b77e92746b75b3e317c0549b28aee8	c45544113578cdf8698ea8219335dda9d18adef5	2cb0faec8cd2af400574c3fa35e0e7b56cdc1d65	503b98cb22ae88798bb6bfca83a46676933f3600	本地实验/CROSSROW-FULL-PIPELINE-CHAMPION-X/V008/REVISION-DECLARATION.md	100644	4e5760c4a89f91d3854d602970f05b29cdff8c04	证据集成/W3/Batch-09-R1-R3-R4-R5/R5/V008/REVISION-DECLARATION.md	COPY	REVISION_DECLARATION		original bytes
W3-R5-CROSSROW-FULL-PIPELINE-CHAMPION-X	V008	perf(crossrow): record V008 row order result	w3/m1/crossrow-full-pipeline	fed438f409b77e92746b75b3e317c0549b28aee8	c45544113578cdf8698ea8219335dda9d18adef5	2cb0faec8cd2af400574c3fa35e0e7b56cdc1d65	503b98cb22ae88798bb6bfca83a46676933f3600	本地实验/CROSSROW-FULL-PIPELINE-CHAMPION-X/V008/compile-v008-server3.log	100644	1e6edcfaa90cb0182712004a497acb862f397ad2	证据集成/W3/Batch-09-R1-R3-R4-R5/R5/V008/compile-v008-server3.log	COPY	COMPILE_LOG		original bytes
W3-R5-CROSSROW-FULL-PIPELINE-CHAMPION-X	V008	perf(crossrow): record V008 row order result	w3/m1/crossrow-full-pipeline	fed438f409b77e92746b75b3e317c0549b28aee8	c45544113578cdf8698ea8219335dda9d18adef5	2cb0faec8cd2af400574c3fa35e0e7b56cdc1d65	503b98cb22ae88798bb6bfca83a46676933f3600	本地实验/CROSSROW-FULL-PIPELINE-CHAMPION-X/V008/compile_adapter.asc	100644	fd777d9da0f76c4a462c7dbea7fb23322028f7ef		EXCLUDE	SUPPORT_SOURCE		source retained only by source commit/blob reference
W3-R5-CROSSROW-FULL-PIPELINE-CHAMPION-X	V008	perf(crossrow): record V008 row order result	w3/m1/crossrow-full-pipeline	fed438f409b77e92746b75b3e317c0549b28aee8	c45544113578cdf8698ea8219335dda9d18adef5	2cb0faec8cd2af400574c3fa35e0e7b56cdc1d65	503b98cb22ae88798bb6bfca83a46676933f3600	本地实验/CROSSROW-FULL-PIPELINE-CHAMPION-X/V008/configure-v008-server3.log	100644	6550e4f3c2057e85bed2e925880af4adb2d56750	证据集成/W3/Batch-09-R1-R3-R4-R5/R5/V008/configure-v008-server3.log	COPY	RUN_LOG		original bytes
W3-R5-CROSSROW-FULL-PIPELINE-CHAMPION-X	V008	perf(crossrow): record V008 row order result	w3/m1/crossrow-full-pipeline	fed438f409b77e92746b75b3e317c0549b28aee8	c45544113578cdf8698ea8219335dda9d18adef5	2cb0faec8cd2af400574c3fa35e0e7b56cdc1d65	503b98cb22ae88798bb6bfca83a46676933f3600	本地实验/CROSSROW-FULL-PIPELINE-CHAMPION-X/V008/support/CMakeLists.txt	100644	a4fbcffb60b5984b0237e73297282a80b05f8a79		EXCLUDE	BUILD_CONFIGURATION		build configuration not copied
W3-R5-CROSSROW-FULL-PIPELINE-CHAMPION-X	V008	perf(crossrow): record V008 row order result	w3/m1/crossrow-full-pipeline	fed438f409b77e92746b75b3e317c0549b28aee8	c45544113578cdf8698ea8219335dda9d18adef5	2cb0faec8cd2af400574c3fa35e0e7b56cdc1d65	503b98cb22ae88798bb6bfca83a46676933f3600	本地实验/CROSSROW-FULL-PIPELINE-CHAMPION-X/V008/support/candidate_adapter.asc	100644	c80db9b5125e177971939da98a4e765d9e0f05cf		EXCLUDE	CANDIDATE_OR_KERNEL_SOURCE		source retained only by source commit/blob reference
W3-R5-CROSSROW-FULL-PIPELINE-CHAMPION-X	V008	perf(crossrow): record V008 row order result	w3/m1/crossrow-full-pipeline	fed438f409b77e92746b75b3e317c0549b28aee8	c45544113578cdf8698ea8219335dda9d18adef5	2cb0faec8cd2af400574c3fa35e0e7b56cdc1d65	503b98cb22ae88798bb6bfca83a46676933f3600	本地实验/CROSSROW-FULL-PIPELINE-CHAMPION-X/V008/support/compile-runner-v008-server3.log	100644	14abe4eb2b3292d45c37cd4acd4651073ee95d76	证据集成/W3/Batch-09-R1-R3-R4-R5/R5/V008/support/compile-runner-v008-server3.log	COPY	COMPILE_LOG		original bytes
W3-R5-CROSSROW-FULL-PIPELINE-CHAMPION-X	V008	perf(crossrow): record V008 row order result	w3/m1/crossrow-full-pipeline	fed438f409b77e92746b75b3e317c0549b28aee8	c45544113578cdf8698ea8219335dda9d18adef5	2cb0faec8cd2af400574c3fa35e0e7b56cdc1d65	503b98cb22ae88798bb6bfca83a46676933f3600	本地实验/CROSSROW-FULL-PIPELINE-CHAMPION-X/V008/support/configure-runner-v008-server3.log	100644	1ed34370b3a747e56583d3aad9c68938cb4884a8	证据集成/W3/Batch-09-R1-R3-R4-R5/R5/V008/support/configure-runner-v008-server3.log	COPY	RUN_LOG		original bytes
W3-R5-CROSSROW-FULL-PIPELINE-CHAMPION-X	V008	perf(crossrow): record V008 row order result	w3/m1/crossrow-full-pipeline	fed438f409b77e92746b75b3e317c0549b28aee8	c45544113578cdf8698ea8219335dda9d18adef5	2cb0faec8cd2af400574c3fa35e0e7b56cdc1d65	503b98cb22ae88798bb6bfca83a46676933f3600	本地实验/CROSSROW-FULL-PIPELINE-CHAMPION-X/V008/support/correctness-v008-device1-r16-d16384.log	100644	5493dc40d8bee857f6e7cbeab56cb207411244b2	证据集成/W3/Batch-09-R1-R3-R4-R5/R5/V008/support/correctness-v008-device1-r16-d16384.log	COPY	CORRECTNESS_LOG		original bytes
W3-R5-CROSSROW-FULL-PIPELINE-CHAMPION-X	V008	perf(crossrow): record V008 row order result	w3/m1/crossrow-full-pipeline	fed438f409b77e92746b75b3e317c0549b28aee8	c45544113578cdf8698ea8219335dda9d18adef5	2cb0faec8cd2af400574c3fa35e0e7b56cdc1d65	503b98cb22ae88798bb6bfca83a46676933f3600	本地实验/CROSSROW-FULL-PIPELINE-CHAMPION-X/V008/support/local-v008-device1-r16-d16384.log	100644	129a4e909e22df0ba860dd2be01fafa223a4c559	证据集成/W3/Batch-09-R1-R3-R4-R5/R5/V008/support/local-v008-device1-r16-d16384.log	COPY	LOCAL_RUN_LOG		original bytes
W3-R5-CROSSROW-FULL-PIPELINE-CHAMPION-X	V008	perf(crossrow): record V008 row order result	w3/m1/crossrow-full-pipeline	fed438f409b77e92746b75b3e317c0549b28aee8	c45544113578cdf8698ea8219335dda9d18adef5	2cb0faec8cd2af400574c3fa35e0e7b56cdc1d65	503b98cb22ae88798bb6bfca83a46676933f3600	本地实验/CROSSROW-FULL-PIPELINE-CHAMPION-X/V008/support/local-v008-device1-r16-d16384.tsv	100644	0ab1a24b1cd0fa511c98c81c6598375773364e36	证据集成/W3/Batch-09-R1-R3-R4-R5/R5/V008/support/local-v008-device1-r16-d16384.tsv	COPY	LOCAL_RAW_STATISTICS		original bytes
W3-R5-CROSSROW-FULL-PIPELINE-CHAMPION-X	V008	perf(crossrow): record V008 row order result	w3/m1/crossrow-full-pipeline	fed438f409b77e92746b75b3e317c0549b28aee8	c45544113578cdf8698ea8219335dda9d18adef5	2cb0faec8cd2af400574c3fa35e0e7b56cdc1d65	503b98cb22ae88798bb6bfca83a46676933f3600	本地实验/CROSSROW-FULL-PIPELINE-CHAMPION-X/V008/support/npu-smi-v008-post-local.txt	100644	d9c241c3ccf89a48c5027c33e1a05abe0e74d112	证据集成/W3/Batch-09-R1-R3-R4-R5/R5/V008/support/npu-smi-v008-post-local.txt	COPY	LOCAL_CONTEXT_OR_DIAGNOSTIC		original bytes
W3-R5-CROSSROW-FULL-PIPELINE-CHAMPION-X	V008	perf(crossrow): record V008 row order result	w3/m1/crossrow-full-pipeline	fed438f409b77e92746b75b3e317c0549b28aee8	c45544113578cdf8698ea8219335dda9d18adef5	2cb0faec8cd2af400574c3fa35e0e7b56cdc1d65	503b98cb22ae88798bb6bfca83a46676933f3600	本地实验/CROSSROW-FULL-PIPELINE-CHAMPION-X/V008/support/parent_adapter.asc	100644	d5c9df28ed2a8f26b020c6c551eb8cc400846dd9		EXCLUDE	PARENT_KERNEL_SOURCE		source retained only by source commit/blob reference
W3-R5-CROSSROW-FULL-PIPELINE-CHAMPION-X	V008	perf(crossrow): record V008 row order result	w3/m1/crossrow-full-pipeline	fed438f409b77e92746b75b3e317c0549b28aee8	c45544113578cdf8698ea8219335dda9d18adef5	2cb0faec8cd2af400574c3fa35e0e7b56cdc1d65	503b98cb22ae88798bb6bfca83a46676933f3600	本地实验/CROSSROW-FULL-PIPELINE-CHAMPION-X/V008/support/runner_abi.h	100644	0b47603fc5a303efe00b0b66d79d72786d8435bb		EXCLUDE	SUPPORT_SOURCE		source retained only by source commit/blob reference
W3-R5-CROSSROW-FULL-PIPELINE-CHAMPION-X	V008	perf(crossrow): record V008 row order result	w3/m1/crossrow-full-pipeline	fed438f409b77e92746b75b3e317c0549b28aee8	c45544113578cdf8698ea8219335dda9d18adef5	2cb0faec8cd2af400574c3fa35e0e7b56cdc1d65	503b98cb22ae88798bb6bfca83a46676933f3600	本地实验/CROSSROW-FULL-PIPELINE-CHAMPION-X/V008/support/runner_main.cpp	100644	c730c0e1b1aa74aa57e4f8e2fed2b1f55fb32b4c		EXCLUDE	SUPPORT_SOURCE		source retained only by source commit/blob reference
W3-R5-CROSSROW-FULL-PIPELINE-CHAMPION-X	V009	perf(crossrow): record V009 batch cap result	w3/m1/crossrow-full-pipeline	77435b78d786ee93713c74d8888cd71364ea41b0	fed438f409b77e92746b75b3e317c0549b28aee8	7511a94d4fa1f41010e2e2745b41aab1a2f425a6	503b98cb22ae88798bb6bfca83a46676933f3600	本地实验/CROSSROW-FULL-PIPELINE-CHAMPION-X/V009/CMakeLists.txt	100644	d9563b5a0c19e156463c930d8f231cd3a33fb525		EXCLUDE	BUILD_CONFIGURATION		build configuration not copied
W3-R5-CROSSROW-FULL-PIPELINE-CHAMPION-X	V009	perf(crossrow): record V009 batch cap result	w3/m1/crossrow-full-pipeline	77435b78d786ee93713c74d8888cd71364ea41b0	fed438f409b77e92746b75b3e317c0549b28aee8	7511a94d4fa1f41010e2e2745b41aab1a2f425a6	503b98cb22ae88798bb6bfca83a46676933f3600	本地实验/CROSSROW-FULL-PIPELINE-CHAMPION-X/V009/Candidate.asc	100644	400a9aad3d1952db023f87a955834c4534a55407		EXCLUDE	CANDIDATE_OR_KERNEL_SOURCE		source retained only by source commit/blob reference
W3-R5-CROSSROW-FULL-PIPELINE-CHAMPION-X	V009	perf(crossrow): record V009 batch cap result	w3/m1/crossrow-full-pipeline	77435b78d786ee93713c74d8888cd71364ea41b0	fed438f409b77e92746b75b3e317c0549b28aee8	7511a94d4fa1f41010e2e2745b41aab1a2f425a6	503b98cb22ae88798bb6bfca83a46676933f3600	本地实验/CROSSROW-FULL-PIPELINE-CHAMPION-X/V009/Parent.asc	100644	6c41d0eb5549351758ae88a08b28bf260a1e6637		EXCLUDE	PARENT_KERNEL_SOURCE		source retained only by source commit/blob reference
W3-R5-CROSSROW-FULL-PIPELINE-CHAMPION-X	V009	perf(crossrow): record V009 batch cap result	w3/m1/crossrow-full-pipeline	77435b78d786ee93713c74d8888cd71364ea41b0	fed438f409b77e92746b75b3e317c0549b28aee8	7511a94d4fa1f41010e2e2745b41aab1a2f425a6	503b98cb22ae88798bb6bfca83a46676933f3600	本地实验/CROSSROW-FULL-PIPELINE-CHAMPION-X/V009/REVISION-DECLARATION.md	100644	a2fa12e5c332056869d2acc06d12ae06865a5737	证据集成/W3/Batch-09-R1-R3-R4-R5/R5/V009/REVISION-DECLARATION.md	COPY	REVISION_DECLARATION		original bytes
W3-R5-CROSSROW-FULL-PIPELINE-CHAMPION-X	V009	perf(crossrow): record V009 batch cap result	w3/m1/crossrow-full-pipeline	77435b78d786ee93713c74d8888cd71364ea41b0	fed438f409b77e92746b75b3e317c0549b28aee8	7511a94d4fa1f41010e2e2745b41aab1a2f425a6	503b98cb22ae88798bb6bfca83a46676933f3600	本地实验/CROSSROW-FULL-PIPELINE-CHAMPION-X/V009/compile-v009-server3.log	100644	1e6edcfaa90cb0182712004a497acb862f397ad2	证据集成/W3/Batch-09-R1-R3-R4-R5/R5/V009/compile-v009-server3.log	COPY	COMPILE_LOG		original bytes
W3-R5-CROSSROW-FULL-PIPELINE-CHAMPION-X	V009	perf(crossrow): record V009 batch cap result	w3/m1/crossrow-full-pipeline	77435b78d786ee93713c74d8888cd71364ea41b0	fed438f409b77e92746b75b3e317c0549b28aee8	7511a94d4fa1f41010e2e2745b41aab1a2f425a6	503b98cb22ae88798bb6bfca83a46676933f3600	本地实验/CROSSROW-FULL-PIPELINE-CHAMPION-X/V009/compile_adapter.asc	100644	fd777d9da0f76c4a462c7dbea7fb23322028f7ef		EXCLUDE	SUPPORT_SOURCE		source retained only by source commit/blob reference
W3-R5-CROSSROW-FULL-PIPELINE-CHAMPION-X	V009	perf(crossrow): record V009 batch cap result	w3/m1/crossrow-full-pipeline	77435b78d786ee93713c74d8888cd71364ea41b0	fed438f409b77e92746b75b3e317c0549b28aee8	7511a94d4fa1f41010e2e2745b41aab1a2f425a6	503b98cb22ae88798bb6bfca83a46676933f3600	本地实验/CROSSROW-FULL-PIPELINE-CHAMPION-X/V009/configure-v009-server3.log	100644	a0b5b0ea7c37fdc04ee18a7913d19d4d8ddb4d1e	证据集成/W3/Batch-09-R1-R3-R4-R5/R5/V009/configure-v009-server3.log	COPY	RUN_LOG		original bytes
W3-R5-CROSSROW-FULL-PIPELINE-CHAMPION-X	V009	perf(crossrow): record V009 batch cap result	w3/m1/crossrow-full-pipeline	77435b78d786ee93713c74d8888cd71364ea41b0	fed438f409b77e92746b75b3e317c0549b28aee8	7511a94d4fa1f41010e2e2745b41aab1a2f425a6	503b98cb22ae88798bb6bfca83a46676933f3600	本地实验/CROSSROW-FULL-PIPELINE-CHAMPION-X/V009/support/CMakeLists.txt	100644	a4fbcffb60b5984b0237e73297282a80b05f8a79		EXCLUDE	BUILD_CONFIGURATION		build configuration not copied
W3-R5-CROSSROW-FULL-PIPELINE-CHAMPION-X	V009	perf(crossrow): record V009 batch cap result	w3/m1/crossrow-full-pipeline	77435b78d786ee93713c74d8888cd71364ea41b0	fed438f409b77e92746b75b3e317c0549b28aee8	7511a94d4fa1f41010e2e2745b41aab1a2f425a6	503b98cb22ae88798bb6bfca83a46676933f3600	本地实验/CROSSROW-FULL-PIPELINE-CHAMPION-X/V009/support/candidate_adapter.asc	100644	c80db9b5125e177971939da98a4e765d9e0f05cf		EXCLUDE	CANDIDATE_OR_KERNEL_SOURCE		source retained only by source commit/blob reference
W3-R5-CROSSROW-FULL-PIPELINE-CHAMPION-X	V009	perf(crossrow): record V009 batch cap result	w3/m1/crossrow-full-pipeline	77435b78d786ee93713c74d8888cd71364ea41b0	fed438f409b77e92746b75b3e317c0549b28aee8	7511a94d4fa1f41010e2e2745b41aab1a2f425a6	503b98cb22ae88798bb6bfca83a46676933f3600	本地实验/CROSSROW-FULL-PIPELINE-CHAMPION-X/V009/support/compile-runner-v009-server3.log	100644	51b41beccd4b7c544dcae98c83911b1576cb19e6	证据集成/W3/Batch-09-R1-R3-R4-R5/R5/V009/support/compile-runner-v009-server3.log	COPY	COMPILE_LOG		original bytes
W3-R5-CROSSROW-FULL-PIPELINE-CHAMPION-X	V009	perf(crossrow): record V009 batch cap result	w3/m1/crossrow-full-pipeline	77435b78d786ee93713c74d8888cd71364ea41b0	fed438f409b77e92746b75b3e317c0549b28aee8	7511a94d4fa1f41010e2e2745b41aab1a2f425a6	503b98cb22ae88798bb6bfca83a46676933f3600	本地实验/CROSSROW-FULL-PIPELINE-CHAMPION-X/V009/support/configure-runner-v009-server3.log	100644	f0661aafc122643384057083f3c16cdb96e2231f	证据集成/W3/Batch-09-R1-R3-R4-R5/R5/V009/support/configure-runner-v009-server3.log	COPY	RUN_LOG		original bytes
W3-R5-CROSSROW-FULL-PIPELINE-CHAMPION-X	V009	perf(crossrow): record V009 batch cap result	w3/m1/crossrow-full-pipeline	77435b78d786ee93713c74d8888cd71364ea41b0	fed438f409b77e92746b75b3e317c0549b28aee8	7511a94d4fa1f41010e2e2745b41aab1a2f425a6	503b98cb22ae88798bb6bfca83a46676933f3600	本地实验/CROSSROW-FULL-PIPELINE-CHAMPION-X/V009/support/correctness-v009-device1-r16-d16384.log	100644	85cdfe929feaa1f7d34e2f34390fb7f5d14eecef	证据集成/W3/Batch-09-R1-R3-R4-R5/R5/V009/support/correctness-v009-device1-r16-d16384.log	COPY	CORRECTNESS_LOG		original bytes
W3-R5-CROSSROW-FULL-PIPELINE-CHAMPION-X	V009	perf(crossrow): record V009 batch cap result	w3/m1/crossrow-full-pipeline	77435b78d786ee93713c74d8888cd71364ea41b0	fed438f409b77e92746b75b3e317c0549b28aee8	7511a94d4fa1f41010e2e2745b41aab1a2f425a6	503b98cb22ae88798bb6bfca83a46676933f3600	本地实验/CROSSROW-FULL-PIPELINE-CHAMPION-X/V009/support/local-v009-device1-r16-d16384.log	100644	cc73f641e3741a24b51e0533a091ee6e43e1db66	证据集成/W3/Batch-09-R1-R3-R4-R5/R5/V009/support/local-v009-device1-r16-d16384.log	COPY	LOCAL_RUN_LOG		original bytes
W3-R5-CROSSROW-FULL-PIPELINE-CHAMPION-X	V009	perf(crossrow): record V009 batch cap result	w3/m1/crossrow-full-pipeline	77435b78d786ee93713c74d8888cd71364ea41b0	fed438f409b77e92746b75b3e317c0549b28aee8	7511a94d4fa1f41010e2e2745b41aab1a2f425a6	503b98cb22ae88798bb6bfca83a46676933f3600	本地实验/CROSSROW-FULL-PIPELINE-CHAMPION-X/V009/support/local-v009-device1-r16-d16384.tsv	100644	f16ef8433ec8fbf5bc0354a0f474fd9382d790a6	证据集成/W3/Batch-09-R1-R3-R4-R5/R5/V009/support/local-v009-device1-r16-d16384.tsv	COPY	LOCAL_RAW_STATISTICS		original bytes
W3-R5-CROSSROW-FULL-PIPELINE-CHAMPION-X	V009	perf(crossrow): record V009 batch cap result	w3/m1/crossrow-full-pipeline	77435b78d786ee93713c74d8888cd71364ea41b0	fed438f409b77e92746b75b3e317c0549b28aee8	7511a94d4fa1f41010e2e2745b41aab1a2f425a6	503b98cb22ae88798bb6bfca83a46676933f3600	本地实验/CROSSROW-FULL-PIPELINE-CHAMPION-X/V009/support/npu-smi-v009-post-local.txt	100644	d6607e8ecb5f3d722af01760f816b57c7188d346	证据集成/W3/Batch-09-R1-R3-R4-R5/R5/V009/support/npu-smi-v009-post-local.txt	COPY	LOCAL_CONTEXT_OR_DIAGNOSTIC		original bytes
W3-R5-CROSSROW-FULL-PIPELINE-CHAMPION-X	V009	perf(crossrow): record V009 batch cap result	w3/m1/crossrow-full-pipeline	77435b78d786ee93713c74d8888cd71364ea41b0	fed438f409b77e92746b75b3e317c0549b28aee8	7511a94d4fa1f41010e2e2745b41aab1a2f425a6	503b98cb22ae88798bb6bfca83a46676933f3600	本地实验/CROSSROW-FULL-PIPELINE-CHAMPION-X/V009/support/parent_adapter.asc	100644	d5c9df28ed2a8f26b020c6c551eb8cc400846dd9		EXCLUDE	PARENT_KERNEL_SOURCE		source retained only by source commit/blob reference
W3-R5-CROSSROW-FULL-PIPELINE-CHAMPION-X	V009	perf(crossrow): record V009 batch cap result	w3/m1/crossrow-full-pipeline	77435b78d786ee93713c74d8888cd71364ea41b0	fed438f409b77e92746b75b3e317c0549b28aee8	7511a94d4fa1f41010e2e2745b41aab1a2f425a6	503b98cb22ae88798bb6bfca83a46676933f3600	本地实验/CROSSROW-FULL-PIPELINE-CHAMPION-X/V009/support/runner_abi.h	100644	0b47603fc5a303efe00b0b66d79d72786d8435bb		EXCLUDE	SUPPORT_SOURCE		source retained only by source commit/blob reference
W3-R5-CROSSROW-FULL-PIPELINE-CHAMPION-X	V009	perf(crossrow): record V009 batch cap result	w3/m1/crossrow-full-pipeline	77435b78d786ee93713c74d8888cd71364ea41b0	fed438f409b77e92746b75b3e317c0549b28aee8	7511a94d4fa1f41010e2e2745b41aab1a2f425a6	503b98cb22ae88798bb6bfca83a46676933f3600	本地实验/CROSSROW-FULL-PIPELINE-CHAMPION-X/V009/support/runner_main.cpp	100644	fcf14f3d08f9b3a22bf91766e59674ab3189068b		EXCLUDE	SUPPORT_SOURCE		source retained only by source commit/blob reference
W3-R5-CROSSROW-FULL-PIPELINE-CHAMPION-X	V010	perf(crossrow): record V010 input dma order result	w3/m1/crossrow-full-pipeline	188d6c6e92356154220cad78ad17daff20cc0d2f	77435b78d786ee93713c74d8888cd71364ea41b0	9963b954ec96cc4b94e25c605fac24b97f895e59	503b98cb22ae88798bb6bfca83a46676933f3600	本地实验/CROSSROW-FULL-PIPELINE-CHAMPION-X/V010/CMakeLists.txt	100644	d9563b5a0c19e156463c930d8f231cd3a33fb525		EXCLUDE	BUILD_CONFIGURATION		build configuration not copied
W3-R5-CROSSROW-FULL-PIPELINE-CHAMPION-X	V010	perf(crossrow): record V010 input dma order result	w3/m1/crossrow-full-pipeline	188d6c6e92356154220cad78ad17daff20cc0d2f	77435b78d786ee93713c74d8888cd71364ea41b0	9963b954ec96cc4b94e25c605fac24b97f895e59	503b98cb22ae88798bb6bfca83a46676933f3600	本地实验/CROSSROW-FULL-PIPELINE-CHAMPION-X/V010/Candidate.asc	100644	9101d9356f0e6bd32cb87001bd997273b2cc2c8f		EXCLUDE	CANDIDATE_OR_KERNEL_SOURCE		source retained only by source commit/blob reference
W3-R5-CROSSROW-FULL-PIPELINE-CHAMPION-X	V010	perf(crossrow): record V010 input dma order result	w3/m1/crossrow-full-pipeline	188d6c6e92356154220cad78ad17daff20cc0d2f	77435b78d786ee93713c74d8888cd71364ea41b0	9963b954ec96cc4b94e25c605fac24b97f895e59	503b98cb22ae88798bb6bfca83a46676933f3600	本地实验/CROSSROW-FULL-PIPELINE-CHAMPION-X/V010/Parent.asc	100644	6c41d0eb5549351758ae88a08b28bf260a1e6637		EXCLUDE	PARENT_KERNEL_SOURCE		source retained only by source commit/blob reference
W3-R5-CROSSROW-FULL-PIPELINE-CHAMPION-X	V010	perf(crossrow): record V010 input dma order result	w3/m1/crossrow-full-pipeline	188d6c6e92356154220cad78ad17daff20cc0d2f	77435b78d786ee93713c74d8888cd71364ea41b0	9963b954ec96cc4b94e25c605fac24b97f895e59	503b98cb22ae88798bb6bfca83a46676933f3600	本地实验/CROSSROW-FULL-PIPELINE-CHAMPION-X/V010/REVISION-DECLARATION.md	100644	068789c79c695cf21c0ececf39939b82f0123568	证据集成/W3/Batch-09-R1-R3-R4-R5/R5/V010/REVISION-DECLARATION.md	COPY	REVISION_DECLARATION		original bytes
W3-R5-CROSSROW-FULL-PIPELINE-CHAMPION-X	V010	perf(crossrow): record V010 input dma order result	w3/m1/crossrow-full-pipeline	188d6c6e92356154220cad78ad17daff20cc0d2f	77435b78d786ee93713c74d8888cd71364ea41b0	9963b954ec96cc4b94e25c605fac24b97f895e59	503b98cb22ae88798bb6bfca83a46676933f3600	本地实验/CROSSROW-FULL-PIPELINE-CHAMPION-X/V010/compile-v010-server3.log	100644	1e6edcfaa90cb0182712004a497acb862f397ad2	证据集成/W3/Batch-09-R1-R3-R4-R5/R5/V010/compile-v010-server3.log	COPY	COMPILE_LOG		original bytes
W3-R5-CROSSROW-FULL-PIPELINE-CHAMPION-X	V010	perf(crossrow): record V010 input dma order result	w3/m1/crossrow-full-pipeline	188d6c6e92356154220cad78ad17daff20cc0d2f	77435b78d786ee93713c74d8888cd71364ea41b0	9963b954ec96cc4b94e25c605fac24b97f895e59	503b98cb22ae88798bb6bfca83a46676933f3600	本地实验/CROSSROW-FULL-PIPELINE-CHAMPION-X/V010/compile_adapter.asc	100644	fd777d9da0f76c4a462c7dbea7fb23322028f7ef		EXCLUDE	SUPPORT_SOURCE		source retained only by source commit/blob reference
W3-R5-CROSSROW-FULL-PIPELINE-CHAMPION-X	V010	perf(crossrow): record V010 input dma order result	w3/m1/crossrow-full-pipeline	188d6c6e92356154220cad78ad17daff20cc0d2f	77435b78d786ee93713c74d8888cd71364ea41b0	9963b954ec96cc4b94e25c605fac24b97f895e59	503b98cb22ae88798bb6bfca83a46676933f3600	本地实验/CROSSROW-FULL-PIPELINE-CHAMPION-X/V010/configure-v010-server3.log	100644	475852ca970f174d9b09d4c0f2248bf8605ef1bc	证据集成/W3/Batch-09-R1-R3-R4-R5/R5/V010/configure-v010-server3.log	COPY	RUN_LOG		original bytes
W3-R5-CROSSROW-FULL-PIPELINE-CHAMPION-X	V010	perf(crossrow): record V010 input dma order result	w3/m1/crossrow-full-pipeline	188d6c6e92356154220cad78ad17daff20cc0d2f	77435b78d786ee93713c74d8888cd71364ea41b0	9963b954ec96cc4b94e25c605fac24b97f895e59	503b98cb22ae88798bb6bfca83a46676933f3600	本地实验/CROSSROW-FULL-PIPELINE-CHAMPION-X/V010/support/CMakeLists.txt	100644	a4fbcffb60b5984b0237e73297282a80b05f8a79		EXCLUDE	BUILD_CONFIGURATION		build configuration not copied
W3-R5-CROSSROW-FULL-PIPELINE-CHAMPION-X	V010	perf(crossrow): record V010 input dma order result	w3/m1/crossrow-full-pipeline	188d6c6e92356154220cad78ad17daff20cc0d2f	77435b78d786ee93713c74d8888cd71364ea41b0	9963b954ec96cc4b94e25c605fac24b97f895e59	503b98cb22ae88798bb6bfca83a46676933f3600	本地实验/CROSSROW-FULL-PIPELINE-CHAMPION-X/V010/support/candidate_adapter.asc	100644	c80db9b5125e177971939da98a4e765d9e0f05cf		EXCLUDE	CANDIDATE_OR_KERNEL_SOURCE		source retained only by source commit/blob reference
W3-R5-CROSSROW-FULL-PIPELINE-CHAMPION-X	V010	perf(crossrow): record V010 input dma order result	w3/m1/crossrow-full-pipeline	188d6c6e92356154220cad78ad17daff20cc0d2f	77435b78d786ee93713c74d8888cd71364ea41b0	9963b954ec96cc4b94e25c605fac24b97f895e59	503b98cb22ae88798bb6bfca83a46676933f3600	本地实验/CROSSROW-FULL-PIPELINE-CHAMPION-X/V010/support/compile-runner-v010-server3.log	100644	51b41beccd4b7c544dcae98c83911b1576cb19e6	证据集成/W3/Batch-09-R1-R3-R4-R5/R5/V010/support/compile-runner-v010-server3.log	COPY	COMPILE_LOG		original bytes
W3-R5-CROSSROW-FULL-PIPELINE-CHAMPION-X	V010	perf(crossrow): record V010 input dma order result	w3/m1/crossrow-full-pipeline	188d6c6e92356154220cad78ad17daff20cc0d2f	77435b78d786ee93713c74d8888cd71364ea41b0	9963b954ec96cc4b94e25c605fac24b97f895e59	503b98cb22ae88798bb6bfca83a46676933f3600	本地实验/CROSSROW-FULL-PIPELINE-CHAMPION-X/V010/support/configure-runner-v010-server3.log	100644	47596488d392204cc9df1c9688f4d77033952cb3	证据集成/W3/Batch-09-R1-R3-R4-R5/R5/V010/support/configure-runner-v010-server3.log	COPY	RUN_LOG		original bytes
W3-R5-CROSSROW-FULL-PIPELINE-CHAMPION-X	V010	perf(crossrow): record V010 input dma order result	w3/m1/crossrow-full-pipeline	188d6c6e92356154220cad78ad17daff20cc0d2f	77435b78d786ee93713c74d8888cd71364ea41b0	9963b954ec96cc4b94e25c605fac24b97f895e59	503b98cb22ae88798bb6bfca83a46676933f3600	本地实验/CROSSROW-FULL-PIPELINE-CHAMPION-X/V010/support/correctness-v010-device1-r16-d16384.log	100644	984a598f425b5f424a8891ededbd10d80ee24ef5	证据集成/W3/Batch-09-R1-R3-R4-R5/R5/V010/support/correctness-v010-device1-r16-d16384.log	COPY	CORRECTNESS_LOG		original bytes
W3-R5-CROSSROW-FULL-PIPELINE-CHAMPION-X	V010	perf(crossrow): record V010 input dma order result	w3/m1/crossrow-full-pipeline	188d6c6e92356154220cad78ad17daff20cc0d2f	77435b78d786ee93713c74d8888cd71364ea41b0	9963b954ec96cc4b94e25c605fac24b97f895e59	503b98cb22ae88798bb6bfca83a46676933f3600	本地实验/CROSSROW-FULL-PIPELINE-CHAMPION-X/V010/support/local-v010-device1-r16-d16384.log	100644	957b29d502834c7bda76f3447c92dfaca1647597	证据集成/W3/Batch-09-R1-R3-R4-R5/R5/V010/support/local-v010-device1-r16-d16384.log	COPY	LOCAL_RUN_LOG		original bytes
W3-R5-CROSSROW-FULL-PIPELINE-CHAMPION-X	V010	perf(crossrow): record V010 input dma order result	w3/m1/crossrow-full-pipeline	188d6c6e92356154220cad78ad17daff20cc0d2f	77435b78d786ee93713c74d8888cd71364ea41b0	9963b954ec96cc4b94e25c605fac24b97f895e59	503b98cb22ae88798bb6bfca83a46676933f3600	本地实验/CROSSROW-FULL-PIPELINE-CHAMPION-X/V010/support/local-v010-device1-r16-d16384.tsv	100644	8f5f00741d986cf5b3de9238b1e98eada9df86b1	证据集成/W3/Batch-09-R1-R3-R4-R5/R5/V010/support/local-v010-device1-r16-d16384.tsv	COPY	LOCAL_RAW_STATISTICS		original bytes
W3-R5-CROSSROW-FULL-PIPELINE-CHAMPION-X	V010	perf(crossrow): record V010 input dma order result	w3/m1/crossrow-full-pipeline	188d6c6e92356154220cad78ad17daff20cc0d2f	77435b78d786ee93713c74d8888cd71364ea41b0	9963b954ec96cc4b94e25c605fac24b97f895e59	503b98cb22ae88798bb6bfca83a46676933f3600	本地实验/CROSSROW-FULL-PIPELINE-CHAMPION-X/V010/support/npu-smi-v010-post-local.txt	100644	a501d0640b903008399122d2be7c2eba2c739fd6	证据集成/W3/Batch-09-R1-R3-R4-R5/R5/V010/support/npu-smi-v010-post-local.txt	COPY	LOCAL_CONTEXT_OR_DIAGNOSTIC		original bytes
W3-R5-CROSSROW-FULL-PIPELINE-CHAMPION-X	V010	perf(crossrow): record V010 input dma order result	w3/m1/crossrow-full-pipeline	188d6c6e92356154220cad78ad17daff20cc0d2f	77435b78d786ee93713c74d8888cd71364ea41b0	9963b954ec96cc4b94e25c605fac24b97f895e59	503b98cb22ae88798bb6bfca83a46676933f3600	本地实验/CROSSROW-FULL-PIPELINE-CHAMPION-X/V010/support/parent_adapter.asc	100644	d5c9df28ed2a8f26b020c6c551eb8cc400846dd9		EXCLUDE	PARENT_KERNEL_SOURCE		source retained only by source commit/blob reference
W3-R5-CROSSROW-FULL-PIPELINE-CHAMPION-X	V010	perf(crossrow): record V010 input dma order result	w3/m1/crossrow-full-pipeline	188d6c6e92356154220cad78ad17daff20cc0d2f	77435b78d786ee93713c74d8888cd71364ea41b0	9963b954ec96cc4b94e25c605fac24b97f895e59	503b98cb22ae88798bb6bfca83a46676933f3600	本地实验/CROSSROW-FULL-PIPELINE-CHAMPION-X/V010/support/runner_abi.h	100644	0b47603fc5a303efe00b0b66d79d72786d8435bb		EXCLUDE	SUPPORT_SOURCE		source retained only by source commit/blob reference
W3-R5-CROSSROW-FULL-PIPELINE-CHAMPION-X	V010	perf(crossrow): record V010 input dma order result	w3/m1/crossrow-full-pipeline	188d6c6e92356154220cad78ad17daff20cc0d2f	77435b78d786ee93713c74d8888cd71364ea41b0	9963b954ec96cc4b94e25c605fac24b97f895e59	503b98cb22ae88798bb6bfca83a46676933f3600	本地实验/CROSSROW-FULL-PIPELINE-CHAMPION-X/V010/support/runner_main.cpp	100644	6278df47ef6cd97af84eba3fd3b6a7ee7b856058		EXCLUDE	SUPPORT_SOURCE		source retained only by source commit/blob reference
W3-R5-CROSSROW-FULL-PIPELINE-CHAMPION-X	V011	perf(crossrow): record V011 buffer phase result	w3/m1/crossrow-full-pipeline	adf74d806ba109ff6abc571b19629d2cc1ca169e	188d6c6e92356154220cad78ad17daff20cc0d2f	450d2c712318a79443644be90b680044dc5d8ed0	503b98cb22ae88798bb6bfca83a46676933f3600	本地实验/CROSSROW-FULL-PIPELINE-CHAMPION-X/V011/CMakeLists.txt	100644	d9563b5a0c19e156463c930d8f231cd3a33fb525		EXCLUDE	BUILD_CONFIGURATION		build configuration not copied
W3-R5-CROSSROW-FULL-PIPELINE-CHAMPION-X	V011	perf(crossrow): record V011 buffer phase result	w3/m1/crossrow-full-pipeline	adf74d806ba109ff6abc571b19629d2cc1ca169e	188d6c6e92356154220cad78ad17daff20cc0d2f	450d2c712318a79443644be90b680044dc5d8ed0	503b98cb22ae88798bb6bfca83a46676933f3600	本地实验/CROSSROW-FULL-PIPELINE-CHAMPION-X/V011/Candidate.asc	100644	a9e6bb43fc182bd579f679b9caeea54a73d768f8		EXCLUDE	CANDIDATE_OR_KERNEL_SOURCE		source retained only by source commit/blob reference
W3-R5-CROSSROW-FULL-PIPELINE-CHAMPION-X	V011	perf(crossrow): record V011 buffer phase result	w3/m1/crossrow-full-pipeline	adf74d806ba109ff6abc571b19629d2cc1ca169e	188d6c6e92356154220cad78ad17daff20cc0d2f	450d2c712318a79443644be90b680044dc5d8ed0	503b98cb22ae88798bb6bfca83a46676933f3600	本地实验/CROSSROW-FULL-PIPELINE-CHAMPION-X/V011/Parent.asc	100644	6c41d0eb5549351758ae88a08b28bf260a1e6637		EXCLUDE	PARENT_KERNEL_SOURCE		source retained only by source commit/blob reference
W3-R5-CROSSROW-FULL-PIPELINE-CHAMPION-X	V011	perf(crossrow): record V011 buffer phase result	w3/m1/crossrow-full-pipeline	adf74d806ba109ff6abc571b19629d2cc1ca169e	188d6c6e92356154220cad78ad17daff20cc0d2f	450d2c712318a79443644be90b680044dc5d8ed0	503b98cb22ae88798bb6bfca83a46676933f3600	本地实验/CROSSROW-FULL-PIPELINE-CHAMPION-X/V011/REVISION-DECLARATION.md	100644	6630fbe46dfc38b0c6704c81ddc9e3fc6208c501	证据集成/W3/Batch-09-R1-R3-R4-R5/R5/V011/REVISION-DECLARATION.md	COPY	REVISION_DECLARATION		original bytes
W3-R5-CROSSROW-FULL-PIPELINE-CHAMPION-X	V011	perf(crossrow): record V011 buffer phase result	w3/m1/crossrow-full-pipeline	adf74d806ba109ff6abc571b19629d2cc1ca169e	188d6c6e92356154220cad78ad17daff20cc0d2f	450d2c712318a79443644be90b680044dc5d8ed0	503b98cb22ae88798bb6bfca83a46676933f3600	本地实验/CROSSROW-FULL-PIPELINE-CHAMPION-X/V011/compile-v011-server3.log	100644	1e6edcfaa90cb0182712004a497acb862f397ad2	证据集成/W3/Batch-09-R1-R3-R4-R5/R5/V011/compile-v011-server3.log	COPY	COMPILE_LOG		original bytes
W3-R5-CROSSROW-FULL-PIPELINE-CHAMPION-X	V011	perf(crossrow): record V011 buffer phase result	w3/m1/crossrow-full-pipeline	adf74d806ba109ff6abc571b19629d2cc1ca169e	188d6c6e92356154220cad78ad17daff20cc0d2f	450d2c712318a79443644be90b680044dc5d8ed0	503b98cb22ae88798bb6bfca83a46676933f3600	本地实验/CROSSROW-FULL-PIPELINE-CHAMPION-X/V011/compile_adapter.asc	100644	fd777d9da0f76c4a462c7dbea7fb23322028f7ef		EXCLUDE	SUPPORT_SOURCE		source retained only by source commit/blob reference
W3-R5-CROSSROW-FULL-PIPELINE-CHAMPION-X	V011	perf(crossrow): record V011 buffer phase result	w3/m1/crossrow-full-pipeline	adf74d806ba109ff6abc571b19629d2cc1ca169e	188d6c6e92356154220cad78ad17daff20cc0d2f	450d2c712318a79443644be90b680044dc5d8ed0	503b98cb22ae88798bb6bfca83a46676933f3600	本地实验/CROSSROW-FULL-PIPELINE-CHAMPION-X/V011/configure-v011-server3.log	100644	d4c3051a04b9df47e6bab2042650c6962d5e77fb	证据集成/W3/Batch-09-R1-R3-R4-R5/R5/V011/configure-v011-server3.log	COPY	RUN_LOG		original bytes
W3-R5-CROSSROW-FULL-PIPELINE-CHAMPION-X	V011	perf(crossrow): record V011 buffer phase result	w3/m1/crossrow-full-pipeline	adf74d806ba109ff6abc571b19629d2cc1ca169e	188d6c6e92356154220cad78ad17daff20cc0d2f	450d2c712318a79443644be90b680044dc5d8ed0	503b98cb22ae88798bb6bfca83a46676933f3600	本地实验/CROSSROW-FULL-PIPELINE-CHAMPION-X/V011/support/CMakeLists.txt	100644	a4fbcffb60b5984b0237e73297282a80b05f8a79		EXCLUDE	BUILD_CONFIGURATION		build configuration not copied
W3-R5-CROSSROW-FULL-PIPELINE-CHAMPION-X	V011	perf(crossrow): record V011 buffer phase result	w3/m1/crossrow-full-pipeline	adf74d806ba109ff6abc571b19629d2cc1ca169e	188d6c6e92356154220cad78ad17daff20cc0d2f	450d2c712318a79443644be90b680044dc5d8ed0	503b98cb22ae88798bb6bfca83a46676933f3600	本地实验/CROSSROW-FULL-PIPELINE-CHAMPION-X/V011/support/candidate_adapter.asc	100644	c80db9b5125e177971939da98a4e765d9e0f05cf		EXCLUDE	CANDIDATE_OR_KERNEL_SOURCE		source retained only by source commit/blob reference
W3-R5-CROSSROW-FULL-PIPELINE-CHAMPION-X	V011	perf(crossrow): record V011 buffer phase result	w3/m1/crossrow-full-pipeline	adf74d806ba109ff6abc571b19629d2cc1ca169e	188d6c6e92356154220cad78ad17daff20cc0d2f	450d2c712318a79443644be90b680044dc5d8ed0	503b98cb22ae88798bb6bfca83a46676933f3600	本地实验/CROSSROW-FULL-PIPELINE-CHAMPION-X/V011/support/compile-runner-v011-server3.log	100644	14abe4eb2b3292d45c37cd4acd4651073ee95d76	证据集成/W3/Batch-09-R1-R3-R4-R5/R5/V011/support/compile-runner-v011-server3.log	COPY	COMPILE_LOG		original bytes
W3-R5-CROSSROW-FULL-PIPELINE-CHAMPION-X	V011	perf(crossrow): record V011 buffer phase result	w3/m1/crossrow-full-pipeline	adf74d806ba109ff6abc571b19629d2cc1ca169e	188d6c6e92356154220cad78ad17daff20cc0d2f	450d2c712318a79443644be90b680044dc5d8ed0	503b98cb22ae88798bb6bfca83a46676933f3600	本地实验/CROSSROW-FULL-PIPELINE-CHAMPION-X/V011/support/configure-runner-v011-server3.log	100644	d320fcfdc336c6eb69dfe92aac059015c74f0628	证据集成/W3/Batch-09-R1-R3-R4-R5/R5/V011/support/configure-runner-v011-server3.log	COPY	RUN_LOG		original bytes
W3-R5-CROSSROW-FULL-PIPELINE-CHAMPION-X	V011	perf(crossrow): record V011 buffer phase result	w3/m1/crossrow-full-pipeline	adf74d806ba109ff6abc571b19629d2cc1ca169e	188d6c6e92356154220cad78ad17daff20cc0d2f	450d2c712318a79443644be90b680044dc5d8ed0	503b98cb22ae88798bb6bfca83a46676933f3600	本地实验/CROSSROW-FULL-PIPELINE-CHAMPION-X/V011/support/correctness-v011-device1-r16-d16384.log	100644	d6ba4b004d9455bbe2dae29bfc86ea7958fee1ad	证据集成/W3/Batch-09-R1-R3-R4-R5/R5/V011/support/correctness-v011-device1-r16-d16384.log	COPY	CORRECTNESS_LOG		original bytes
W3-R5-CROSSROW-FULL-PIPELINE-CHAMPION-X	V011	perf(crossrow): record V011 buffer phase result	w3/m1/crossrow-full-pipeline	adf74d806ba109ff6abc571b19629d2cc1ca169e	188d6c6e92356154220cad78ad17daff20cc0d2f	450d2c712318a79443644be90b680044dc5d8ed0	503b98cb22ae88798bb6bfca83a46676933f3600	本地实验/CROSSROW-FULL-PIPELINE-CHAMPION-X/V011/support/local-v011-device1-r16-d16384.log	100644	66be927dbf582383045fd53e56075c04fb816341	证据集成/W3/Batch-09-R1-R3-R4-R5/R5/V011/support/local-v011-device1-r16-d16384.log	COPY	LOCAL_RUN_LOG		original bytes
W3-R5-CROSSROW-FULL-PIPELINE-CHAMPION-X	V011	perf(crossrow): record V011 buffer phase result	w3/m1/crossrow-full-pipeline	adf74d806ba109ff6abc571b19629d2cc1ca169e	188d6c6e92356154220cad78ad17daff20cc0d2f	450d2c712318a79443644be90b680044dc5d8ed0	503b98cb22ae88798bb6bfca83a46676933f3600	本地实验/CROSSROW-FULL-PIPELINE-CHAMPION-X/V011/support/local-v011-device1-r16-d16384.tsv	100644	0ce14f52de04934a2db7e3af4cdd581e52a77d1f	证据集成/W3/Batch-09-R1-R3-R4-R5/R5/V011/support/local-v011-device1-r16-d16384.tsv	COPY	LOCAL_RAW_STATISTICS		original bytes
W3-R5-CROSSROW-FULL-PIPELINE-CHAMPION-X	V011	perf(crossrow): record V011 buffer phase result	w3/m1/crossrow-full-pipeline	adf74d806ba109ff6abc571b19629d2cc1ca169e	188d6c6e92356154220cad78ad17daff20cc0d2f	450d2c712318a79443644be90b680044dc5d8ed0	503b98cb22ae88798bb6bfca83a46676933f3600	本地实验/CROSSROW-FULL-PIPELINE-CHAMPION-X/V011/support/npu-smi-v011-post-local.txt	100644	1884ea6239e593067113c8a2ad5c956f0595e5d1	证据集成/W3/Batch-09-R1-R3-R4-R5/R5/V011/support/npu-smi-v011-post-local.txt	COPY	LOCAL_CONTEXT_OR_DIAGNOSTIC		original bytes
W3-R5-CROSSROW-FULL-PIPELINE-CHAMPION-X	V011	perf(crossrow): record V011 buffer phase result	w3/m1/crossrow-full-pipeline	adf74d806ba109ff6abc571b19629d2cc1ca169e	188d6c6e92356154220cad78ad17daff20cc0d2f	450d2c712318a79443644be90b680044dc5d8ed0	503b98cb22ae88798bb6bfca83a46676933f3600	本地实验/CROSSROW-FULL-PIPELINE-CHAMPION-X/V011/support/parent_adapter.asc	100644	d5c9df28ed2a8f26b020c6c551eb8cc400846dd9		EXCLUDE	PARENT_KERNEL_SOURCE		source retained only by source commit/blob reference
W3-R5-CROSSROW-FULL-PIPELINE-CHAMPION-X	V011	perf(crossrow): record V011 buffer phase result	w3/m1/crossrow-full-pipeline	adf74d806ba109ff6abc571b19629d2cc1ca169e	188d6c6e92356154220cad78ad17daff20cc0d2f	450d2c712318a79443644be90b680044dc5d8ed0	503b98cb22ae88798bb6bfca83a46676933f3600	本地实验/CROSSROW-FULL-PIPELINE-CHAMPION-X/V011/support/runner_abi.h	100644	0b47603fc5a303efe00b0b66d79d72786d8435bb		EXCLUDE	SUPPORT_SOURCE		source retained only by source commit/blob reference
W3-R5-CROSSROW-FULL-PIPELINE-CHAMPION-X	V011	perf(crossrow): record V011 buffer phase result	w3/m1/crossrow-full-pipeline	adf74d806ba109ff6abc571b19629d2cc1ca169e	188d6c6e92356154220cad78ad17daff20cc0d2f	450d2c712318a79443644be90b680044dc5d8ed0	503b98cb22ae88798bb6bfca83a46676933f3600	本地实验/CROSSROW-FULL-PIPELINE-CHAMPION-X/V011/support/runner_main.cpp	100644	4d9f502c91fc8097564c935cdc7037627c8ba3a5		EXCLUDE	SUPPORT_SOURCE		source retained only by source commit/blob reference
W3-R5-CROSSROW-FULL-PIPELINE-CHAMPION-X	V012	perf(crossrow): record V012 param phase result	w3/m1/crossrow-full-pipeline	b68fcebe6492e2c34c7fcc03c7506a74a0ad1a3b	adf74d806ba109ff6abc571b19629d2cc1ca169e	dcbe86893d071d94fa2451489ca1856dd9da207b	503b98cb22ae88798bb6bfca83a46676933f3600	本地实验/CROSSROW-FULL-PIPELINE-CHAMPION-X/V012/CMakeLists.txt	100644	d9563b5a0c19e156463c930d8f231cd3a33fb525		EXCLUDE	BUILD_CONFIGURATION		build configuration not copied
W3-R5-CROSSROW-FULL-PIPELINE-CHAMPION-X	V012	perf(crossrow): record V012 param phase result	w3/m1/crossrow-full-pipeline	b68fcebe6492e2c34c7fcc03c7506a74a0ad1a3b	adf74d806ba109ff6abc571b19629d2cc1ca169e	dcbe86893d071d94fa2451489ca1856dd9da207b	503b98cb22ae88798bb6bfca83a46676933f3600	本地实验/CROSSROW-FULL-PIPELINE-CHAMPION-X/V012/Candidate.asc	100644	d381ce0a2a5d242f346d26e8080ec95bfd9f3d75		EXCLUDE	CANDIDATE_OR_KERNEL_SOURCE		source retained only by source commit/blob reference
W3-R5-CROSSROW-FULL-PIPELINE-CHAMPION-X	V012	perf(crossrow): record V012 param phase result	w3/m1/crossrow-full-pipeline	b68fcebe6492e2c34c7fcc03c7506a74a0ad1a3b	adf74d806ba109ff6abc571b19629d2cc1ca169e	dcbe86893d071d94fa2451489ca1856dd9da207b	503b98cb22ae88798bb6bfca83a46676933f3600	本地实验/CROSSROW-FULL-PIPELINE-CHAMPION-X/V012/Parent.asc	100644	6c41d0eb5549351758ae88a08b28bf260a1e6637		EXCLUDE	PARENT_KERNEL_SOURCE		source retained only by source commit/blob reference
W3-R5-CROSSROW-FULL-PIPELINE-CHAMPION-X	V012	perf(crossrow): record V012 param phase result	w3/m1/crossrow-full-pipeline	b68fcebe6492e2c34c7fcc03c7506a74a0ad1a3b	adf74d806ba109ff6abc571b19629d2cc1ca169e	dcbe86893d071d94fa2451489ca1856dd9da207b	503b98cb22ae88798bb6bfca83a46676933f3600	本地实验/CROSSROW-FULL-PIPELINE-CHAMPION-X/V012/REVISION-DECLARATION.md	100644	224d79aa75c2ba3576d1d266470ea63159d8467b	证据集成/W3/Batch-09-R1-R3-R4-R5/R5/V012/REVISION-DECLARATION.md	COPY	REVISION_DECLARATION		original bytes
W3-R5-CROSSROW-FULL-PIPELINE-CHAMPION-X	V012	perf(crossrow): record V012 param phase result	w3/m1/crossrow-full-pipeline	b68fcebe6492e2c34c7fcc03c7506a74a0ad1a3b	adf74d806ba109ff6abc571b19629d2cc1ca169e	dcbe86893d071d94fa2451489ca1856dd9da207b	503b98cb22ae88798bb6bfca83a46676933f3600	本地实验/CROSSROW-FULL-PIPELINE-CHAMPION-X/V012/compile-v012-server3.log	100644	1e6edcfaa90cb0182712004a497acb862f397ad2	证据集成/W3/Batch-09-R1-R3-R4-R5/R5/V012/compile-v012-server3.log	COPY	COMPILE_LOG		original bytes
W3-R5-CROSSROW-FULL-PIPELINE-CHAMPION-X	V012	perf(crossrow): record V012 param phase result	w3/m1/crossrow-full-pipeline	b68fcebe6492e2c34c7fcc03c7506a74a0ad1a3b	adf74d806ba109ff6abc571b19629d2cc1ca169e	dcbe86893d071d94fa2451489ca1856dd9da207b	503b98cb22ae88798bb6bfca83a46676933f3600	本地实验/CROSSROW-FULL-PIPELINE-CHAMPION-X/V012/compile_adapter.asc	100644	fd777d9da0f76c4a462c7dbea7fb23322028f7ef		EXCLUDE	SUPPORT_SOURCE		source retained only by source commit/blob reference
W3-R5-CROSSROW-FULL-PIPELINE-CHAMPION-X	V012	perf(crossrow): record V012 param phase result	w3/m1/crossrow-full-pipeline	b68fcebe6492e2c34c7fcc03c7506a74a0ad1a3b	adf74d806ba109ff6abc571b19629d2cc1ca169e	dcbe86893d071d94fa2451489ca1856dd9da207b	503b98cb22ae88798bb6bfca83a46676933f3600	本地实验/CROSSROW-FULL-PIPELINE-CHAMPION-X/V012/configure-v012-server3.log	100644	1f3317ab0fa0870c4e73e9626951b2d8bae4a5a0	证据集成/W3/Batch-09-R1-R3-R4-R5/R5/V012/configure-v012-server3.log	COPY	RUN_LOG		original bytes
W3-R5-CROSSROW-FULL-PIPELINE-CHAMPION-X	V012	perf(crossrow): record V012 param phase result	w3/m1/crossrow-full-pipeline	b68fcebe6492e2c34c7fcc03c7506a74a0ad1a3b	adf74d806ba109ff6abc571b19629d2cc1ca169e	dcbe86893d071d94fa2451489ca1856dd9da207b	503b98cb22ae88798bb6bfca83a46676933f3600	本地实验/CROSSROW-FULL-PIPELINE-CHAMPION-X/V012/support/CMakeLists.txt	100644	a4fbcffb60b5984b0237e73297282a80b05f8a79		EXCLUDE	BUILD_CONFIGURATION		build configuration not copied
W3-R5-CROSSROW-FULL-PIPELINE-CHAMPION-X	V012	perf(crossrow): record V012 param phase result	w3/m1/crossrow-full-pipeline	b68fcebe6492e2c34c7fcc03c7506a74a0ad1a3b	adf74d806ba109ff6abc571b19629d2cc1ca169e	dcbe86893d071d94fa2451489ca1856dd9da207b	503b98cb22ae88798bb6bfca83a46676933f3600	本地实验/CROSSROW-FULL-PIPELINE-CHAMPION-X/V012/support/candidate_adapter.asc	100644	c80db9b5125e177971939da98a4e765d9e0f05cf		EXCLUDE	CANDIDATE_OR_KERNEL_SOURCE		source retained only by source commit/blob reference
W3-R5-CROSSROW-FULL-PIPELINE-CHAMPION-X	V012	perf(crossrow): record V012 param phase result	w3/m1/crossrow-full-pipeline	b68fcebe6492e2c34c7fcc03c7506a74a0ad1a3b	adf74d806ba109ff6abc571b19629d2cc1ca169e	dcbe86893d071d94fa2451489ca1856dd9da207b	503b98cb22ae88798bb6bfca83a46676933f3600	本地实验/CROSSROW-FULL-PIPELINE-CHAMPION-X/V012/support/compile-runner-v012-server3.log	100644	14abe4eb2b3292d45c37cd4acd4651073ee95d76	证据集成/W3/Batch-09-R1-R3-R4-R5/R5/V012/support/compile-runner-v012-server3.log	COPY	COMPILE_LOG		original bytes
W3-R5-CROSSROW-FULL-PIPELINE-CHAMPION-X	V012	perf(crossrow): record V012 param phase result	w3/m1/crossrow-full-pipeline	b68fcebe6492e2c34c7fcc03c7506a74a0ad1a3b	adf74d806ba109ff6abc571b19629d2cc1ca169e	dcbe86893d071d94fa2451489ca1856dd9da207b	503b98cb22ae88798bb6bfca83a46676933f3600	本地实验/CROSSROW-FULL-PIPELINE-CHAMPION-X/V012/support/configure-runner-v012-server3.log	100644	7146d2467d8cf20f77731ed1083febd035bfd8a3	证据集成/W3/Batch-09-R1-R3-R4-R5/R5/V012/support/configure-runner-v012-server3.log	COPY	RUN_LOG		original bytes
W3-R5-CROSSROW-FULL-PIPELINE-CHAMPION-X	V012	perf(crossrow): record V012 param phase result	w3/m1/crossrow-full-pipeline	b68fcebe6492e2c34c7fcc03c7506a74a0ad1a3b	adf74d806ba109ff6abc571b19629d2cc1ca169e	dcbe86893d071d94fa2451489ca1856dd9da207b	503b98cb22ae88798bb6bfca83a46676933f3600	本地实验/CROSSROW-FULL-PIPELINE-CHAMPION-X/V012/support/correctness-v012-device1-r16-d16384.log	100644	23aed6f8f4caee962a437ff07ce172b292eb9ab6	证据集成/W3/Batch-09-R1-R3-R4-R5/R5/V012/support/correctness-v012-device1-r16-d16384.log	COPY	CORRECTNESS_LOG		original bytes
W3-R5-CROSSROW-FULL-PIPELINE-CHAMPION-X	V012	perf(crossrow): record V012 param phase result	w3/m1/crossrow-full-pipeline	b68fcebe6492e2c34c7fcc03c7506a74a0ad1a3b	adf74d806ba109ff6abc571b19629d2cc1ca169e	dcbe86893d071d94fa2451489ca1856dd9da207b	503b98cb22ae88798bb6bfca83a46676933f3600	本地实验/CROSSROW-FULL-PIPELINE-CHAMPION-X/V012/support/local-v012-device1-r16-d16384.log	100644	56032a1e89f802a5da500b335856cfaf3db28be4	证据集成/W3/Batch-09-R1-R3-R4-R5/R5/V012/support/local-v012-device1-r16-d16384.log	COPY	LOCAL_RUN_LOG		original bytes
W3-R5-CROSSROW-FULL-PIPELINE-CHAMPION-X	V012	perf(crossrow): record V012 param phase result	w3/m1/crossrow-full-pipeline	b68fcebe6492e2c34c7fcc03c7506a74a0ad1a3b	adf74d806ba109ff6abc571b19629d2cc1ca169e	dcbe86893d071d94fa2451489ca1856dd9da207b	503b98cb22ae88798bb6bfca83a46676933f3600	本地实验/CROSSROW-FULL-PIPELINE-CHAMPION-X/V012/support/local-v012-device1-r16-d16384.tsv	100644	2fad5a1c328a8dd59078b7224e1c11485a176367	证据集成/W3/Batch-09-R1-R3-R4-R5/R5/V012/support/local-v012-device1-r16-d16384.tsv	COPY	LOCAL_RAW_STATISTICS		original bytes
W3-R5-CROSSROW-FULL-PIPELINE-CHAMPION-X	V012	perf(crossrow): record V012 param phase result	w3/m1/crossrow-full-pipeline	b68fcebe6492e2c34c7fcc03c7506a74a0ad1a3b	adf74d806ba109ff6abc571b19629d2cc1ca169e	dcbe86893d071d94fa2451489ca1856dd9da207b	503b98cb22ae88798bb6bfca83a46676933f3600	本地实验/CROSSROW-FULL-PIPELINE-CHAMPION-X/V012/support/npu-smi-v012-post-local.txt	100644	14dded8dea020690aff7ffb1a701738e353a9d06	证据集成/W3/Batch-09-R1-R3-R4-R5/R5/V012/support/npu-smi-v012-post-local.txt	COPY	LOCAL_CONTEXT_OR_DIAGNOSTIC		original bytes
W3-R5-CROSSROW-FULL-PIPELINE-CHAMPION-X	V012	perf(crossrow): record V012 param phase result	w3/m1/crossrow-full-pipeline	b68fcebe6492e2c34c7fcc03c7506a74a0ad1a3b	adf74d806ba109ff6abc571b19629d2cc1ca169e	dcbe86893d071d94fa2451489ca1856dd9da207b	503b98cb22ae88798bb6bfca83a46676933f3600	本地实验/CROSSROW-FULL-PIPELINE-CHAMPION-X/V012/support/parent_adapter.asc	100644	d5c9df28ed2a8f26b020c6c551eb8cc400846dd9		EXCLUDE	PARENT_KERNEL_SOURCE		source retained only by source commit/blob reference
W3-R5-CROSSROW-FULL-PIPELINE-CHAMPION-X	V012	perf(crossrow): record V012 param phase result	w3/m1/crossrow-full-pipeline	b68fcebe6492e2c34c7fcc03c7506a74a0ad1a3b	adf74d806ba109ff6abc571b19629d2cc1ca169e	dcbe86893d071d94fa2451489ca1856dd9da207b	503b98cb22ae88798bb6bfca83a46676933f3600	本地实验/CROSSROW-FULL-PIPELINE-CHAMPION-X/V012/support/runner_abi.h	100644	0b47603fc5a303efe00b0b66d79d72786d8435bb		EXCLUDE	SUPPORT_SOURCE		source retained only by source commit/blob reference
W3-R5-CROSSROW-FULL-PIPELINE-CHAMPION-X	V012	perf(crossrow): record V012 param phase result	w3/m1/crossrow-full-pipeline	b68fcebe6492e2c34c7fcc03c7506a74a0ad1a3b	adf74d806ba109ff6abc571b19629d2cc1ca169e	dcbe86893d071d94fa2451489ca1856dd9da207b	503b98cb22ae88798bb6bfca83a46676933f3600	本地实验/CROSSROW-FULL-PIPELINE-CHAMPION-X/V012/support/runner_main.cpp	100644	75de072ae88796ef5e6c69f223fd15e2d965eb2f		EXCLUDE	SUPPORT_SOURCE		source retained only by source commit/blob reference
W3-R5-CROSSROW-FULL-PIPELINE-CHAMPION-X	V013	perf(crossrow): record V013 reverse row reduction result	w3/m1/crossrow-full-pipeline	40dec6bf772cb1b9415aab6e44dc815d2b798a21	b68fcebe6492e2c34c7fcc03c7506a74a0ad1a3b	a38dbc4fecc1fb84ad6394673c553d527f621114	503b98cb22ae88798bb6bfca83a46676933f3600	本地实验/CROSSROW-FULL-PIPELINE-CHAMPION-X/V013/CMakeLists.txt	100644	d9563b5a0c19e156463c930d8f231cd3a33fb525		EXCLUDE	BUILD_CONFIGURATION		build configuration not copied
W3-R5-CROSSROW-FULL-PIPELINE-CHAMPION-X	V013	perf(crossrow): record V013 reverse row reduction result	w3/m1/crossrow-full-pipeline	40dec6bf772cb1b9415aab6e44dc815d2b798a21	b68fcebe6492e2c34c7fcc03c7506a74a0ad1a3b	a38dbc4fecc1fb84ad6394673c553d527f621114	503b98cb22ae88798bb6bfca83a46676933f3600	本地实验/CROSSROW-FULL-PIPELINE-CHAMPION-X/V013/Candidate.asc	100644	7686d7ece604aac84ad1c426b06115f2fb311925		EXCLUDE	CANDIDATE_OR_KERNEL_SOURCE		source retained only by source commit/blob reference
W3-R5-CROSSROW-FULL-PIPELINE-CHAMPION-X	V013	perf(crossrow): record V013 reverse row reduction result	w3/m1/crossrow-full-pipeline	40dec6bf772cb1b9415aab6e44dc815d2b798a21	b68fcebe6492e2c34c7fcc03c7506a74a0ad1a3b	a38dbc4fecc1fb84ad6394673c553d527f621114	503b98cb22ae88798bb6bfca83a46676933f3600	本地实验/CROSSROW-FULL-PIPELINE-CHAMPION-X/V013/Parent.asc	100644	d381ce0a2a5d242f346d26e8080ec95bfd9f3d75		EXCLUDE	PARENT_KERNEL_SOURCE		source retained only by source commit/blob reference
W3-R5-CROSSROW-FULL-PIPELINE-CHAMPION-X	V013	perf(crossrow): record V013 reverse row reduction result	w3/m1/crossrow-full-pipeline	40dec6bf772cb1b9415aab6e44dc815d2b798a21	b68fcebe6492e2c34c7fcc03c7506a74a0ad1a3b	a38dbc4fecc1fb84ad6394673c553d527f621114	503b98cb22ae88798bb6bfca83a46676933f3600	本地实验/CROSSROW-FULL-PIPELINE-CHAMPION-X/V013/REVISION-DECLARATION.md	100644	6e3144dc33d588d454ac5ffbd8afd4c8652d2a5f	证据集成/W3/Batch-09-R1-R3-R4-R5/R5/V013/REVISION-DECLARATION.md	COPY	REVISION_DECLARATION		original bytes
W3-R5-CROSSROW-FULL-PIPELINE-CHAMPION-X	V013	perf(crossrow): record V013 reverse row reduction result	w3/m1/crossrow-full-pipeline	40dec6bf772cb1b9415aab6e44dc815d2b798a21	b68fcebe6492e2c34c7fcc03c7506a74a0ad1a3b	a38dbc4fecc1fb84ad6394673c553d527f621114	503b98cb22ae88798bb6bfca83a46676933f3600	本地实验/CROSSROW-FULL-PIPELINE-CHAMPION-X/V013/compile-v013-server3.log	100644	1e6edcfaa90cb0182712004a497acb862f397ad2	证据集成/W3/Batch-09-R1-R3-R4-R5/R5/V013/compile-v013-server3.log	COPY	COMPILE_LOG		original bytes
W3-R5-CROSSROW-FULL-PIPELINE-CHAMPION-X	V013	perf(crossrow): record V013 reverse row reduction result	w3/m1/crossrow-full-pipeline	40dec6bf772cb1b9415aab6e44dc815d2b798a21	b68fcebe6492e2c34c7fcc03c7506a74a0ad1a3b	a38dbc4fecc1fb84ad6394673c553d527f621114	503b98cb22ae88798bb6bfca83a46676933f3600	本地实验/CROSSROW-FULL-PIPELINE-CHAMPION-X/V013/compile_adapter.asc	100644	fd777d9da0f76c4a462c7dbea7fb23322028f7ef		EXCLUDE	SUPPORT_SOURCE		source retained only by source commit/blob reference
W3-R5-CROSSROW-FULL-PIPELINE-CHAMPION-X	V013	perf(crossrow): record V013 reverse row reduction result	w3/m1/crossrow-full-pipeline	40dec6bf772cb1b9415aab6e44dc815d2b798a21	b68fcebe6492e2c34c7fcc03c7506a74a0ad1a3b	a38dbc4fecc1fb84ad6394673c553d527f621114	503b98cb22ae88798bb6bfca83a46676933f3600	本地实验/CROSSROW-FULL-PIPELINE-CHAMPION-X/V013/configure-v013-server3.log	100644	a5966c68aba475f007acab87a20e47b3a07d8dd6	证据集成/W3/Batch-09-R1-R3-R4-R5/R5/V013/configure-v013-server3.log	COPY	RUN_LOG		original bytes
W3-R5-CROSSROW-FULL-PIPELINE-CHAMPION-X	V013	perf(crossrow): record V013 reverse row reduction result	w3/m1/crossrow-full-pipeline	40dec6bf772cb1b9415aab6e44dc815d2b798a21	b68fcebe6492e2c34c7fcc03c7506a74a0ad1a3b	a38dbc4fecc1fb84ad6394673c553d527f621114	503b98cb22ae88798bb6bfca83a46676933f3600	本地实验/CROSSROW-FULL-PIPELINE-CHAMPION-X/V013/support/CMakeLists.txt	100644	a4fbcffb60b5984b0237e73297282a80b05f8a79		EXCLUDE	BUILD_CONFIGURATION		build configuration not copied
W3-R5-CROSSROW-FULL-PIPELINE-CHAMPION-X	V013	perf(crossrow): record V013 reverse row reduction result	w3/m1/crossrow-full-pipeline	40dec6bf772cb1b9415aab6e44dc815d2b798a21	b68fcebe6492e2c34c7fcc03c7506a74a0ad1a3b	a38dbc4fecc1fb84ad6394673c553d527f621114	503b98cb22ae88798bb6bfca83a46676933f3600	本地实验/CROSSROW-FULL-PIPELINE-CHAMPION-X/V013/support/candidate_adapter.asc	100644	c80db9b5125e177971939da98a4e765d9e0f05cf		EXCLUDE	CANDIDATE_OR_KERNEL_SOURCE		source retained only by source commit/blob reference
W3-R5-CROSSROW-FULL-PIPELINE-CHAMPION-X	V013	perf(crossrow): record V013 reverse row reduction result	w3/m1/crossrow-full-pipeline	40dec6bf772cb1b9415aab6e44dc815d2b798a21	b68fcebe6492e2c34c7fcc03c7506a74a0ad1a3b	a38dbc4fecc1fb84ad6394673c553d527f621114	503b98cb22ae88798bb6bfca83a46676933f3600	本地实验/CROSSROW-FULL-PIPELINE-CHAMPION-X/V013/support/compile-runner-v013-server3.log	100644	07f1c751fc780bcaae11dc377078a16821c1c8ed	证据集成/W3/Batch-09-R1-R3-R4-R5/R5/V013/support/compile-runner-v013-server3.log	COPY	COMPILE_LOG		original bytes
W3-R5-CROSSROW-FULL-PIPELINE-CHAMPION-X	V013	perf(crossrow): record V013 reverse row reduction result	w3/m1/crossrow-full-pipeline	40dec6bf772cb1b9415aab6e44dc815d2b798a21	b68fcebe6492e2c34c7fcc03c7506a74a0ad1a3b	a38dbc4fecc1fb84ad6394673c553d527f621114	503b98cb22ae88798bb6bfca83a46676933f3600	本地实验/CROSSROW-FULL-PIPELINE-CHAMPION-X/V013/support/configure-runner-v013-server3.log	100644	04c973d8c3af3c2fa24fb0d81605b8d0708a1a7c	证据集成/W3/Batch-09-R1-R3-R4-R5/R5/V013/support/configure-runner-v013-server3.log	COPY	RUN_LOG		original bytes
W3-R5-CROSSROW-FULL-PIPELINE-CHAMPION-X	V013	perf(crossrow): record V013 reverse row reduction result	w3/m1/crossrow-full-pipeline	40dec6bf772cb1b9415aab6e44dc815d2b798a21	b68fcebe6492e2c34c7fcc03c7506a74a0ad1a3b	a38dbc4fecc1fb84ad6394673c553d527f621114	503b98cb22ae88798bb6bfca83a46676933f3600	本地实验/CROSSROW-FULL-PIPELINE-CHAMPION-X/V013/support/correctness-v013-device1-r16-d16384.log	100644	fbf612eda3e5d5e51162ac48840529c36f51e8d8	证据集成/W3/Batch-09-R1-R3-R4-R5/R5/V013/support/correctness-v013-device1-r16-d16384.log	COPY	CORRECTNESS_LOG		original bytes
W3-R5-CROSSROW-FULL-PIPELINE-CHAMPION-X	V013	perf(crossrow): record V013 reverse row reduction result	w3/m1/crossrow-full-pipeline	40dec6bf772cb1b9415aab6e44dc815d2b798a21	b68fcebe6492e2c34c7fcc03c7506a74a0ad1a3b	a38dbc4fecc1fb84ad6394673c553d527f621114	503b98cb22ae88798bb6bfca83a46676933f3600	本地实验/CROSSROW-FULL-PIPELINE-CHAMPION-X/V013/support/local-v013-device1-r16-d16384.log	100644	94e70963f02a779f194c1e746d0df9a120c657fa	证据集成/W3/Batch-09-R1-R3-R4-R5/R5/V013/support/local-v013-device1-r16-d16384.log	COPY	LOCAL_RUN_LOG		original bytes
W3-R5-CROSSROW-FULL-PIPELINE-CHAMPION-X	V013	perf(crossrow): record V013 reverse row reduction result	w3/m1/crossrow-full-pipeline	40dec6bf772cb1b9415aab6e44dc815d2b798a21	b68fcebe6492e2c34c7fcc03c7506a74a0ad1a3b	a38dbc4fecc1fb84ad6394673c553d527f621114	503b98cb22ae88798bb6bfca83a46676933f3600	本地实验/CROSSROW-FULL-PIPELINE-CHAMPION-X/V013/support/local-v013-device1-r16-d16384.tsv	100644	f0c5e6c34f007b5384a6015c6e7e71fcff8888cf	证据集成/W3/Batch-09-R1-R3-R4-R5/R5/V013/support/local-v013-device1-r16-d16384.tsv	COPY	LOCAL_RAW_STATISTICS		original bytes
W3-R5-CROSSROW-FULL-PIPELINE-CHAMPION-X	V013	perf(crossrow): record V013 reverse row reduction result	w3/m1/crossrow-full-pipeline	40dec6bf772cb1b9415aab6e44dc815d2b798a21	b68fcebe6492e2c34c7fcc03c7506a74a0ad1a3b	a38dbc4fecc1fb84ad6394673c553d527f621114	503b98cb22ae88798bb6bfca83a46676933f3600	本地实验/CROSSROW-FULL-PIPELINE-CHAMPION-X/V013/support/npu-smi-v013-post-local.txt	100644	c6322c6c94c8e7a67c15cdccbf3878c08f57d1ce	证据集成/W3/Batch-09-R1-R3-R4-R5/R5/V013/support/npu-smi-v013-post-local.txt	COPY	LOCAL_CONTEXT_OR_DIAGNOSTIC		original bytes
W3-R5-CROSSROW-FULL-PIPELINE-CHAMPION-X	V013	perf(crossrow): record V013 reverse row reduction result	w3/m1/crossrow-full-pipeline	40dec6bf772cb1b9415aab6e44dc815d2b798a21	b68fcebe6492e2c34c7fcc03c7506a74a0ad1a3b	a38dbc4fecc1fb84ad6394673c553d527f621114	503b98cb22ae88798bb6bfca83a46676933f3600	本地实验/CROSSROW-FULL-PIPELINE-CHAMPION-X/V013/support/parent_adapter.asc	100644	d5c9df28ed2a8f26b020c6c551eb8cc400846dd9		EXCLUDE	PARENT_KERNEL_SOURCE		source retained only by source commit/blob reference
W3-R5-CROSSROW-FULL-PIPELINE-CHAMPION-X	V013	perf(crossrow): record V013 reverse row reduction result	w3/m1/crossrow-full-pipeline	40dec6bf772cb1b9415aab6e44dc815d2b798a21	b68fcebe6492e2c34c7fcc03c7506a74a0ad1a3b	a38dbc4fecc1fb84ad6394673c553d527f621114	503b98cb22ae88798bb6bfca83a46676933f3600	本地实验/CROSSROW-FULL-PIPELINE-CHAMPION-X/V013/support/runner_abi.h	100644	0b47603fc5a303efe00b0b66d79d72786d8435bb		EXCLUDE	SUPPORT_SOURCE		source retained only by source commit/blob reference
W3-R5-CROSSROW-FULL-PIPELINE-CHAMPION-X	V013	perf(crossrow): record V013 reverse row reduction result	w3/m1/crossrow-full-pipeline	40dec6bf772cb1b9415aab6e44dc815d2b798a21	b68fcebe6492e2c34c7fcc03c7506a74a0ad1a3b	a38dbc4fecc1fb84ad6394673c553d527f621114	503b98cb22ae88798bb6bfca83a46676933f3600	本地实验/CROSSROW-FULL-PIPELINE-CHAMPION-X/V013/support/runner_main.cpp	100644	8778458d0bb5d0deea7c479945e332716d1fff62		EXCLUDE	SUPPORT_SOURCE		source retained only by source commit/blob reference
W3-R5-CROSSROW-FULL-PIPELINE-CHAMPION-X	V014	perf(crossrow): record V014 input prefetch result	w3/m1/crossrow-full-pipeline	6764ca4354f5c288cdb10f4663887b202110cf31	40dec6bf772cb1b9415aab6e44dc815d2b798a21	b377fb274a7afec38a72a1689a5756ea26036b86	503b98cb22ae88798bb6bfca83a46676933f3600	本地实验/CROSSROW-FULL-PIPELINE-CHAMPION-X/V014/CMakeLists.txt	100644	d9563b5a0c19e156463c930d8f231cd3a33fb525		EXCLUDE	BUILD_CONFIGURATION		build configuration not copied
W3-R5-CROSSROW-FULL-PIPELINE-CHAMPION-X	V014	perf(crossrow): record V014 input prefetch result	w3/m1/crossrow-full-pipeline	6764ca4354f5c288cdb10f4663887b202110cf31	40dec6bf772cb1b9415aab6e44dc815d2b798a21	b377fb274a7afec38a72a1689a5756ea26036b86	503b98cb22ae88798bb6bfca83a46676933f3600	本地实验/CROSSROW-FULL-PIPELINE-CHAMPION-X/V014/Candidate.asc	100644	748f48317198942df7a33d3e411e23655934d1ff		EXCLUDE	CANDIDATE_OR_KERNEL_SOURCE		source retained only by source commit/blob reference
W3-R5-CROSSROW-FULL-PIPELINE-CHAMPION-X	V014	perf(crossrow): record V014 input prefetch result	w3/m1/crossrow-full-pipeline	6764ca4354f5c288cdb10f4663887b202110cf31	40dec6bf772cb1b9415aab6e44dc815d2b798a21	b377fb274a7afec38a72a1689a5756ea26036b86	503b98cb22ae88798bb6bfca83a46676933f3600	本地实验/CROSSROW-FULL-PIPELINE-CHAMPION-X/V014/Parent.asc	100644	d381ce0a2a5d242f346d26e8080ec95bfd9f3d75		EXCLUDE	PARENT_KERNEL_SOURCE		source retained only by source commit/blob reference
W3-R5-CROSSROW-FULL-PIPELINE-CHAMPION-X	V014	perf(crossrow): record V014 input prefetch result	w3/m1/crossrow-full-pipeline	6764ca4354f5c288cdb10f4663887b202110cf31	40dec6bf772cb1b9415aab6e44dc815d2b798a21	b377fb274a7afec38a72a1689a5756ea26036b86	503b98cb22ae88798bb6bfca83a46676933f3600	本地实验/CROSSROW-FULL-PIPELINE-CHAMPION-X/V014/REVISION-DECLARATION.md	100644	1fbfc936bca96a11431b296e1998cb3b28aec74a	证据集成/W3/Batch-09-R1-R3-R4-R5/R5/V014/REVISION-DECLARATION.md	COPY	REVISION_DECLARATION		original bytes
W3-R5-CROSSROW-FULL-PIPELINE-CHAMPION-X	V014	perf(crossrow): record V014 input prefetch result	w3/m1/crossrow-full-pipeline	6764ca4354f5c288cdb10f4663887b202110cf31	40dec6bf772cb1b9415aab6e44dc815d2b798a21	b377fb274a7afec38a72a1689a5756ea26036b86	503b98cb22ae88798bb6bfca83a46676933f3600	本地实验/CROSSROW-FULL-PIPELINE-CHAMPION-X/V014/compile-v014-server3.log	100644	1e6edcfaa90cb0182712004a497acb862f397ad2	证据集成/W3/Batch-09-R1-R3-R4-R5/R5/V014/compile-v014-server3.log	COPY	COMPILE_LOG		original bytes
W3-R5-CROSSROW-FULL-PIPELINE-CHAMPION-X	V014	perf(crossrow): record V014 input prefetch result	w3/m1/crossrow-full-pipeline	6764ca4354f5c288cdb10f4663887b202110cf31	40dec6bf772cb1b9415aab6e44dc815d2b798a21	b377fb274a7afec38a72a1689a5756ea26036b86	503b98cb22ae88798bb6bfca83a46676933f3600	本地实验/CROSSROW-FULL-PIPELINE-CHAMPION-X/V014/compile_adapter.asc	100644	fd777d9da0f76c4a462c7dbea7fb23322028f7ef		EXCLUDE	SUPPORT_SOURCE		source retained only by source commit/blob reference
W3-R5-CROSSROW-FULL-PIPELINE-CHAMPION-X	V014	perf(crossrow): record V014 input prefetch result	w3/m1/crossrow-full-pipeline	6764ca4354f5c288cdb10f4663887b202110cf31	40dec6bf772cb1b9415aab6e44dc815d2b798a21	b377fb274a7afec38a72a1689a5756ea26036b86	503b98cb22ae88798bb6bfca83a46676933f3600	本地实验/CROSSROW-FULL-PIPELINE-CHAMPION-X/V014/configure-v014-server3.log	100644	ad1da322983a7eeaab74f45263b2256cb3f84354	证据集成/W3/Batch-09-R1-R3-R4-R5/R5/V014/configure-v014-server3.log	COPY	RUN_LOG		original bytes
W3-R5-CROSSROW-FULL-PIPELINE-CHAMPION-X	V014	perf(crossrow): record V014 input prefetch result	w3/m1/crossrow-full-pipeline	6764ca4354f5c288cdb10f4663887b202110cf31	40dec6bf772cb1b9415aab6e44dc815d2b798a21	b377fb274a7afec38a72a1689a5756ea26036b86	503b98cb22ae88798bb6bfca83a46676933f3600	本地实验/CROSSROW-FULL-PIPELINE-CHAMPION-X/V014/support/CMakeLists.txt	100644	a4fbcffb60b5984b0237e73297282a80b05f8a79		EXCLUDE	BUILD_CONFIGURATION		build configuration not copied
W3-R5-CROSSROW-FULL-PIPELINE-CHAMPION-X	V014	perf(crossrow): record V014 input prefetch result	w3/m1/crossrow-full-pipeline	6764ca4354f5c288cdb10f4663887b202110cf31	40dec6bf772cb1b9415aab6e44dc815d2b798a21	b377fb274a7afec38a72a1689a5756ea26036b86	503b98cb22ae88798bb6bfca83a46676933f3600	本地实验/CROSSROW-FULL-PIPELINE-CHAMPION-X/V014/support/candidate_adapter.asc	100644	c80db9b5125e177971939da98a4e765d9e0f05cf		EXCLUDE	CANDIDATE_OR_KERNEL_SOURCE		source retained only by source commit/blob reference
W3-R5-CROSSROW-FULL-PIPELINE-CHAMPION-X	V014	perf(crossrow): record V014 input prefetch result	w3/m1/crossrow-full-pipeline	6764ca4354f5c288cdb10f4663887b202110cf31	40dec6bf772cb1b9415aab6e44dc815d2b798a21	b377fb274a7afec38a72a1689a5756ea26036b86	503b98cb22ae88798bb6bfca83a46676933f3600	本地实验/CROSSROW-FULL-PIPELINE-CHAMPION-X/V014/support/compile-runner-v014-server3.log	100644	6bcb82ec9eed8fd4d19075aa67ff6422cbc873c6	证据集成/W3/Batch-09-R1-R3-R4-R5/R5/V014/support/compile-runner-v014-server3.log	COPY	COMPILE_LOG		original bytes
W3-R5-CROSSROW-FULL-PIPELINE-CHAMPION-X	V014	perf(crossrow): record V014 input prefetch result	w3/m1/crossrow-full-pipeline	6764ca4354f5c288cdb10f4663887b202110cf31	40dec6bf772cb1b9415aab6e44dc815d2b798a21	b377fb274a7afec38a72a1689a5756ea26036b86	503b98cb22ae88798bb6bfca83a46676933f3600	本地实验/CROSSROW-FULL-PIPELINE-CHAMPION-X/V014/support/configure-runner-v014-server3.log	100644	c1e957dc3886f70b2c7a70b2f6e9b09ee62fe58f	证据集成/W3/Batch-09-R1-R3-R4-R5/R5/V014/support/configure-runner-v014-server3.log	COPY	RUN_LOG		original bytes
W3-R5-CROSSROW-FULL-PIPELINE-CHAMPION-X	V014	perf(crossrow): record V014 input prefetch result	w3/m1/crossrow-full-pipeline	6764ca4354f5c288cdb10f4663887b202110cf31	40dec6bf772cb1b9415aab6e44dc815d2b798a21	b377fb274a7afec38a72a1689a5756ea26036b86	503b98cb22ae88798bb6bfca83a46676933f3600	本地实验/CROSSROW-FULL-PIPELINE-CHAMPION-X/V014/support/correctness-v014-device1-r16-d16384.log	100644	2c95d3c41c09e924df1fab11f7c92e113179f04f	证据集成/W3/Batch-09-R1-R3-R4-R5/R5/V014/support/correctness-v014-device1-r16-d16384.log	COPY	CORRECTNESS_LOG		original bytes
W3-R5-CROSSROW-FULL-PIPELINE-CHAMPION-X	V014	perf(crossrow): record V014 input prefetch result	w3/m1/crossrow-full-pipeline	6764ca4354f5c288cdb10f4663887b202110cf31	40dec6bf772cb1b9415aab6e44dc815d2b798a21	b377fb274a7afec38a72a1689a5756ea26036b86	503b98cb22ae88798bb6bfca83a46676933f3600	本地实验/CROSSROW-FULL-PIPELINE-CHAMPION-X/V014/support/local-v014-device1-r16-d16384.log	100644	48aa763bf8951b26dceccb1a602fab06d7715adb	证据集成/W3/Batch-09-R1-R3-R4-R5/R5/V014/support/local-v014-device1-r16-d16384.log	COPY	LOCAL_RUN_LOG		original bytes
W3-R5-CROSSROW-FULL-PIPELINE-CHAMPION-X	V014	perf(crossrow): record V014 input prefetch result	w3/m1/crossrow-full-pipeline	6764ca4354f5c288cdb10f4663887b202110cf31	40dec6bf772cb1b9415aab6e44dc815d2b798a21	b377fb274a7afec38a72a1689a5756ea26036b86	503b98cb22ae88798bb6bfca83a46676933f3600	本地实验/CROSSROW-FULL-PIPELINE-CHAMPION-X/V014/support/local-v014-device1-r16-d16384.tsv	100644	fe45662270bc5471e88001f8f3f6ff42c8939b73	证据集成/W3/Batch-09-R1-R3-R4-R5/R5/V014/support/local-v014-device1-r16-d16384.tsv	COPY	LOCAL_RAW_STATISTICS		original bytes
W3-R5-CROSSROW-FULL-PIPELINE-CHAMPION-X	V014	perf(crossrow): record V014 input prefetch result	w3/m1/crossrow-full-pipeline	6764ca4354f5c288cdb10f4663887b202110cf31	40dec6bf772cb1b9415aab6e44dc815d2b798a21	b377fb274a7afec38a72a1689a5756ea26036b86	503b98cb22ae88798bb6bfca83a46676933f3600	本地实验/CROSSROW-FULL-PIPELINE-CHAMPION-X/V014/support/npu-smi-v014-post-local.txt	100644	bacf278e97e560b0132221cb638d973ec79adb4b	证据集成/W3/Batch-09-R1-R3-R4-R5/R5/V014/support/npu-smi-v014-post-local.txt	COPY	LOCAL_CONTEXT_OR_DIAGNOSTIC		original bytes
W3-R5-CROSSROW-FULL-PIPELINE-CHAMPION-X	V014	perf(crossrow): record V014 input prefetch result	w3/m1/crossrow-full-pipeline	6764ca4354f5c288cdb10f4663887b202110cf31	40dec6bf772cb1b9415aab6e44dc815d2b798a21	b377fb274a7afec38a72a1689a5756ea26036b86	503b98cb22ae88798bb6bfca83a46676933f3600	本地实验/CROSSROW-FULL-PIPELINE-CHAMPION-X/V014/support/parent_adapter.asc	100644	d5c9df28ed2a8f26b020c6c551eb8cc400846dd9		EXCLUDE	PARENT_KERNEL_SOURCE		source retained only by source commit/blob reference
W3-R5-CROSSROW-FULL-PIPELINE-CHAMPION-X	V014	perf(crossrow): record V014 input prefetch result	w3/m1/crossrow-full-pipeline	6764ca4354f5c288cdb10f4663887b202110cf31	40dec6bf772cb1b9415aab6e44dc815d2b798a21	b377fb274a7afec38a72a1689a5756ea26036b86	503b98cb22ae88798bb6bfca83a46676933f3600	本地实验/CROSSROW-FULL-PIPELINE-CHAMPION-X/V014/support/runner_abi.h	100644	0b47603fc5a303efe00b0b66d79d72786d8435bb		EXCLUDE	SUPPORT_SOURCE		source retained only by source commit/blob reference
W3-R5-CROSSROW-FULL-PIPELINE-CHAMPION-X	V014	perf(crossrow): record V014 input prefetch result	w3/m1/crossrow-full-pipeline	6764ca4354f5c288cdb10f4663887b202110cf31	40dec6bf772cb1b9415aab6e44dc815d2b798a21	b377fb274a7afec38a72a1689a5756ea26036b86	503b98cb22ae88798bb6bfca83a46676933f3600	本地实验/CROSSROW-FULL-PIPELINE-CHAMPION-X/V014/support/runner_main.cpp	100644	044e412a02abfef8190edb916afb9de2f59ae8b6		EXCLUDE	SUPPORT_SOURCE		source retained only by source commit/blob reference
W3-R5-CROSSROW-FULL-PIPELINE-CHAMPION-X	V015	perf(crossrow): record V015 parameter release result	w3/m1/crossrow-full-pipeline	066b721288ee476d17bce431d9e5bdf2d9c892a5	6764ca4354f5c288cdb10f4663887b202110cf31	625cf0a236877efa9b9c2c88b1cf13ff70cd60d7	503b98cb22ae88798bb6bfca83a46676933f3600	本地实验/CROSSROW-FULL-PIPELINE-CHAMPION-X/V015/CMakeLists.txt	100644	d9563b5a0c19e156463c930d8f231cd3a33fb525		EXCLUDE	BUILD_CONFIGURATION		build configuration not copied
W3-R5-CROSSROW-FULL-PIPELINE-CHAMPION-X	V015	perf(crossrow): record V015 parameter release result	w3/m1/crossrow-full-pipeline	066b721288ee476d17bce431d9e5bdf2d9c892a5	6764ca4354f5c288cdb10f4663887b202110cf31	625cf0a236877efa9b9c2c88b1cf13ff70cd60d7	503b98cb22ae88798bb6bfca83a46676933f3600	本地实验/CROSSROW-FULL-PIPELINE-CHAMPION-X/V015/Candidate.asc	100644	ec73923c52ba3d7456d82ad0261ae4e6974093e5		EXCLUDE	CANDIDATE_OR_KERNEL_SOURCE		source retained only by source commit/blob reference
W3-R5-CROSSROW-FULL-PIPELINE-CHAMPION-X	V015	perf(crossrow): record V015 parameter release result	w3/m1/crossrow-full-pipeline	066b721288ee476d17bce431d9e5bdf2d9c892a5	6764ca4354f5c288cdb10f4663887b202110cf31	625cf0a236877efa9b9c2c88b1cf13ff70cd60d7	503b98cb22ae88798bb6bfca83a46676933f3600	本地实验/CROSSROW-FULL-PIPELINE-CHAMPION-X/V015/Parent.asc	100644	d381ce0a2a5d242f346d26e8080ec95bfd9f3d75		EXCLUDE	PARENT_KERNEL_SOURCE		source retained only by source commit/blob reference
W3-R5-CROSSROW-FULL-PIPELINE-CHAMPION-X	V015	perf(crossrow): record V015 parameter release result	w3/m1/crossrow-full-pipeline	066b721288ee476d17bce431d9e5bdf2d9c892a5	6764ca4354f5c288cdb10f4663887b202110cf31	625cf0a236877efa9b9c2c88b1cf13ff70cd60d7	503b98cb22ae88798bb6bfca83a46676933f3600	本地实验/CROSSROW-FULL-PIPELINE-CHAMPION-X/V015/REVISION-DECLARATION.md	100644	d798004969b02f18e0fecc56b20a20fb36840329	证据集成/W3/Batch-09-R1-R3-R4-R5/R5/V015/REVISION-DECLARATION.md	COPY	REVISION_DECLARATION		original bytes
W3-R5-CROSSROW-FULL-PIPELINE-CHAMPION-X	V015	perf(crossrow): record V015 parameter release result	w3/m1/crossrow-full-pipeline	066b721288ee476d17bce431d9e5bdf2d9c892a5	6764ca4354f5c288cdb10f4663887b202110cf31	625cf0a236877efa9b9c2c88b1cf13ff70cd60d7	503b98cb22ae88798bb6bfca83a46676933f3600	本地实验/CROSSROW-FULL-PIPELINE-CHAMPION-X/V015/compile-v015-server3.log	100644	1e6edcfaa90cb0182712004a497acb862f397ad2	证据集成/W3/Batch-09-R1-R3-R4-R5/R5/V015/compile-v015-server3.log	COPY	COMPILE_LOG		original bytes
W3-R5-CROSSROW-FULL-PIPELINE-CHAMPION-X	V015	perf(crossrow): record V015 parameter release result	w3/m1/crossrow-full-pipeline	066b721288ee476d17bce431d9e5bdf2d9c892a5	6764ca4354f5c288cdb10f4663887b202110cf31	625cf0a236877efa9b9c2c88b1cf13ff70cd60d7	503b98cb22ae88798bb6bfca83a46676933f3600	本地实验/CROSSROW-FULL-PIPELINE-CHAMPION-X/V015/compile_adapter.asc	100644	fd777d9da0f76c4a462c7dbea7fb23322028f7ef		EXCLUDE	SUPPORT_SOURCE		source retained only by source commit/blob reference
W3-R5-CROSSROW-FULL-PIPELINE-CHAMPION-X	V015	perf(crossrow): record V015 parameter release result	w3/m1/crossrow-full-pipeline	066b721288ee476d17bce431d9e5bdf2d9c892a5	6764ca4354f5c288cdb10f4663887b202110cf31	625cf0a236877efa9b9c2c88b1cf13ff70cd60d7	503b98cb22ae88798bb6bfca83a46676933f3600	本地实验/CROSSROW-FULL-PIPELINE-CHAMPION-X/V015/configure-v015-server3.log	100644	4c5914d9645b728287547b75fb41aa3a21d9fe0b	证据集成/W3/Batch-09-R1-R3-R4-R5/R5/V015/configure-v015-server3.log	COPY	RUN_LOG		original bytes
W3-R5-CROSSROW-FULL-PIPELINE-CHAMPION-X	V015	perf(crossrow): record V015 parameter release result	w3/m1/crossrow-full-pipeline	066b721288ee476d17bce431d9e5bdf2d9c892a5	6764ca4354f5c288cdb10f4663887b202110cf31	625cf0a236877efa9b9c2c88b1cf13ff70cd60d7	503b98cb22ae88798bb6bfca83a46676933f3600	本地实验/CROSSROW-FULL-PIPELINE-CHAMPION-X/V015/support/CMakeLists.txt	100644	a4fbcffb60b5984b0237e73297282a80b05f8a79		EXCLUDE	BUILD_CONFIGURATION		build configuration not copied
W3-R5-CROSSROW-FULL-PIPELINE-CHAMPION-X	V015	perf(crossrow): record V015 parameter release result	w3/m1/crossrow-full-pipeline	066b721288ee476d17bce431d9e5bdf2d9c892a5	6764ca4354f5c288cdb10f4663887b202110cf31	625cf0a236877efa9b9c2c88b1cf13ff70cd60d7	503b98cb22ae88798bb6bfca83a46676933f3600	本地实验/CROSSROW-FULL-PIPELINE-CHAMPION-X/V015/support/candidate_adapter.asc	100644	c80db9b5125e177971939da98a4e765d9e0f05cf		EXCLUDE	CANDIDATE_OR_KERNEL_SOURCE		source retained only by source commit/blob reference
W3-R5-CROSSROW-FULL-PIPELINE-CHAMPION-X	V015	perf(crossrow): record V015 parameter release result	w3/m1/crossrow-full-pipeline	066b721288ee476d17bce431d9e5bdf2d9c892a5	6764ca4354f5c288cdb10f4663887b202110cf31	625cf0a236877efa9b9c2c88b1cf13ff70cd60d7	503b98cb22ae88798bb6bfca83a46676933f3600	本地实验/CROSSROW-FULL-PIPELINE-CHAMPION-X/V015/support/compile-runner-v015-server3.log	100644	62301f55b9997d5925e0108b25b8aa2b0923ff50	证据集成/W3/Batch-09-R1-R3-R4-R5/R5/V015/support/compile-runner-v015-server3.log	COPY	COMPILE_LOG		original bytes
W3-R5-CROSSROW-FULL-PIPELINE-CHAMPION-X	V015	perf(crossrow): record V015 parameter release result	w3/m1/crossrow-full-pipeline	066b721288ee476d17bce431d9e5bdf2d9c892a5	6764ca4354f5c288cdb10f4663887b202110cf31	625cf0a236877efa9b9c2c88b1cf13ff70cd60d7	503b98cb22ae88798bb6bfca83a46676933f3600	本地实验/CROSSROW-FULL-PIPELINE-CHAMPION-X/V015/support/configure-runner-v015-server3.log	100644	960f16bfea2cad52c83d6cb13fbd37c9da56a20a	证据集成/W3/Batch-09-R1-R3-R4-R5/R5/V015/support/configure-runner-v015-server3.log	COPY	RUN_LOG		original bytes
W3-R5-CROSSROW-FULL-PIPELINE-CHAMPION-X	V015	perf(crossrow): record V015 parameter release result	w3/m1/crossrow-full-pipeline	066b721288ee476d17bce431d9e5bdf2d9c892a5	6764ca4354f5c288cdb10f4663887b202110cf31	625cf0a236877efa9b9c2c88b1cf13ff70cd60d7	503b98cb22ae88798bb6bfca83a46676933f3600	本地实验/CROSSROW-FULL-PIPELINE-CHAMPION-X/V015/support/correctness-v015-device1-r16-d16384.log	100644	074de07a16a3e735c283022cbd4a4b2cb3628209	证据集成/W3/Batch-09-R1-R3-R4-R5/R5/V015/support/correctness-v015-device1-r16-d16384.log	COPY	CORRECTNESS_LOG		original bytes
W3-R5-CROSSROW-FULL-PIPELINE-CHAMPION-X	V015	perf(crossrow): record V015 parameter release result	w3/m1/crossrow-full-pipeline	066b721288ee476d17bce431d9e5bdf2d9c892a5	6764ca4354f5c288cdb10f4663887b202110cf31	625cf0a236877efa9b9c2c88b1cf13ff70cd60d7	503b98cb22ae88798bb6bfca83a46676933f3600	本地实验/CROSSROW-FULL-PIPELINE-CHAMPION-X/V015/support/local-v015-device1-r16-d16384.log	100644	9db6d80ae85adb89a2904697aad44ba73fd30bc7	证据集成/W3/Batch-09-R1-R3-R4-R5/R5/V015/support/local-v015-device1-r16-d16384.log	COPY	LOCAL_RUN_LOG		original bytes
W3-R5-CROSSROW-FULL-PIPELINE-CHAMPION-X	V015	perf(crossrow): record V015 parameter release result	w3/m1/crossrow-full-pipeline	066b721288ee476d17bce431d9e5bdf2d9c892a5	6764ca4354f5c288cdb10f4663887b202110cf31	625cf0a236877efa9b9c2c88b1cf13ff70cd60d7	503b98cb22ae88798bb6bfca83a46676933f3600	本地实验/CROSSROW-FULL-PIPELINE-CHAMPION-X/V015/support/local-v015-device1-r16-d16384.tsv	100644	9a59f23dc0f13cdee8a899519ba2eeaac6584b14	证据集成/W3/Batch-09-R1-R3-R4-R5/R5/V015/support/local-v015-device1-r16-d16384.tsv	COPY	LOCAL_RAW_STATISTICS		original bytes
W3-R5-CROSSROW-FULL-PIPELINE-CHAMPION-X	V015	perf(crossrow): record V015 parameter release result	w3/m1/crossrow-full-pipeline	066b721288ee476d17bce431d9e5bdf2d9c892a5	6764ca4354f5c288cdb10f4663887b202110cf31	625cf0a236877efa9b9c2c88b1cf13ff70cd60d7	503b98cb22ae88798bb6bfca83a46676933f3600	本地实验/CROSSROW-FULL-PIPELINE-CHAMPION-X/V015/support/npu-smi-v015-post-local.txt	100644	bcaaff8ff8a487fe098b4adcc75141dd21c7e67a	证据集成/W3/Batch-09-R1-R3-R4-R5/R5/V015/support/npu-smi-v015-post-local.txt	COPY	LOCAL_CONTEXT_OR_DIAGNOSTIC		original bytes
W3-R5-CROSSROW-FULL-PIPELINE-CHAMPION-X	V015	perf(crossrow): record V015 parameter release result	w3/m1/crossrow-full-pipeline	066b721288ee476d17bce431d9e5bdf2d9c892a5	6764ca4354f5c288cdb10f4663887b202110cf31	625cf0a236877efa9b9c2c88b1cf13ff70cd60d7	503b98cb22ae88798bb6bfca83a46676933f3600	本地实验/CROSSROW-FULL-PIPELINE-CHAMPION-X/V015/support/parent_adapter.asc	100644	d5c9df28ed2a8f26b020c6c551eb8cc400846dd9		EXCLUDE	PARENT_KERNEL_SOURCE		source retained only by source commit/blob reference
W3-R5-CROSSROW-FULL-PIPELINE-CHAMPION-X	V015	perf(crossrow): record V015 parameter release result	w3/m1/crossrow-full-pipeline	066b721288ee476d17bce431d9e5bdf2d9c892a5	6764ca4354f5c288cdb10f4663887b202110cf31	625cf0a236877efa9b9c2c88b1cf13ff70cd60d7	503b98cb22ae88798bb6bfca83a46676933f3600	本地实验/CROSSROW-FULL-PIPELINE-CHAMPION-X/V015/support/runner_abi.h	100644	0b47603fc5a303efe00b0b66d79d72786d8435bb		EXCLUDE	SUPPORT_SOURCE		source retained only by source commit/blob reference
W3-R5-CROSSROW-FULL-PIPELINE-CHAMPION-X	V015	perf(crossrow): record V015 parameter release result	w3/m1/crossrow-full-pipeline	066b721288ee476d17bce431d9e5bdf2d9c892a5	6764ca4354f5c288cdb10f4663887b202110cf31	625cf0a236877efa9b9c2c88b1cf13ff70cd60d7	503b98cb22ae88798bb6bfca83a46676933f3600	本地实验/CROSSROW-FULL-PIPELINE-CHAMPION-X/V015/support/runner_main.cpp	100644	199293c393f845cbe5f654eeb9b714bf4ee753cd		EXCLUDE	SUPPORT_SOURCE		source retained only by source commit/blob reference
W3-R5-CROSSROW-FULL-PIPELINE-CHAMPION-X	V016	perf(crossrow): record V016 parameter load order result	w3/m1/crossrow-full-pipeline	0f020a204af4e222d98a9c23a6855843632f7c9a	066b721288ee476d17bce431d9e5bdf2d9c892a5	5b698d9564c949b1f424a2467328b7d27156d4ba	503b98cb22ae88798bb6bfca83a46676933f3600	本地实验/CROSSROW-FULL-PIPELINE-CHAMPION-X/V016/CMakeLists.txt	100644	d9563b5a0c19e156463c930d8f231cd3a33fb525		EXCLUDE	BUILD_CONFIGURATION		build configuration not copied
W3-R5-CROSSROW-FULL-PIPELINE-CHAMPION-X	V016	perf(crossrow): record V016 parameter load order result	w3/m1/crossrow-full-pipeline	0f020a204af4e222d98a9c23a6855843632f7c9a	066b721288ee476d17bce431d9e5bdf2d9c892a5	5b698d9564c949b1f424a2467328b7d27156d4ba	503b98cb22ae88798bb6bfca83a46676933f3600	本地实验/CROSSROW-FULL-PIPELINE-CHAMPION-X/V016/Candidate.asc	100644	cbd17a59be60fc6a877edc3468cdd7a1d4290596		EXCLUDE	CANDIDATE_OR_KERNEL_SOURCE		source retained only by source commit/blob reference
W3-R5-CROSSROW-FULL-PIPELINE-CHAMPION-X	V016	perf(crossrow): record V016 parameter load order result	w3/m1/crossrow-full-pipeline	0f020a204af4e222d98a9c23a6855843632f7c9a	066b721288ee476d17bce431d9e5bdf2d9c892a5	5b698d9564c949b1f424a2467328b7d27156d4ba	503b98cb22ae88798bb6bfca83a46676933f3600	本地实验/CROSSROW-FULL-PIPELINE-CHAMPION-X/V016/Parent.asc	100644	d381ce0a2a5d242f346d26e8080ec95bfd9f3d75		EXCLUDE	PARENT_KERNEL_SOURCE		source retained only by source commit/blob reference
W3-R5-CROSSROW-FULL-PIPELINE-CHAMPION-X	V016	perf(crossrow): record V016 parameter load order result	w3/m1/crossrow-full-pipeline	0f020a204af4e222d98a9c23a6855843632f7c9a	066b721288ee476d17bce431d9e5bdf2d9c892a5	5b698d9564c949b1f424a2467328b7d27156d4ba	503b98cb22ae88798bb6bfca83a46676933f3600	本地实验/CROSSROW-FULL-PIPELINE-CHAMPION-X/V016/REVISION-DECLARATION.md	100644	29c2f719537b7426e155c2752148af057ca73177	证据集成/W3/Batch-09-R1-R3-R4-R5/R5/V016/REVISION-DECLARATION.md	COPY	REVISION_DECLARATION		original bytes
W3-R5-CROSSROW-FULL-PIPELINE-CHAMPION-X	V016	perf(crossrow): record V016 parameter load order result	w3/m1/crossrow-full-pipeline	0f020a204af4e222d98a9c23a6855843632f7c9a	066b721288ee476d17bce431d9e5bdf2d9c892a5	5b698d9564c949b1f424a2467328b7d27156d4ba	503b98cb22ae88798bb6bfca83a46676933f3600	本地实验/CROSSROW-FULL-PIPELINE-CHAMPION-X/V016/compile-v016-server3.log	100644	1e6edcfaa90cb0182712004a497acb862f397ad2	证据集成/W3/Batch-09-R1-R3-R4-R5/R5/V016/compile-v016-server3.log	COPY	COMPILE_LOG		original bytes
W3-R5-CROSSROW-FULL-PIPELINE-CHAMPION-X	V016	perf(crossrow): record V016 parameter load order result	w3/m1/crossrow-full-pipeline	0f020a204af4e222d98a9c23a6855843632f7c9a	066b721288ee476d17bce431d9e5bdf2d9c892a5	5b698d9564c949b1f424a2467328b7d27156d4ba	503b98cb22ae88798bb6bfca83a46676933f3600	本地实验/CROSSROW-FULL-PIPELINE-CHAMPION-X/V016/compile_adapter.asc	100644	fd777d9da0f76c4a462c7dbea7fb23322028f7ef		EXCLUDE	SUPPORT_SOURCE		source retained only by source commit/blob reference
W3-R5-CROSSROW-FULL-PIPELINE-CHAMPION-X	V016	perf(crossrow): record V016 parameter load order result	w3/m1/crossrow-full-pipeline	0f020a204af4e222d98a9c23a6855843632f7c9a	066b721288ee476d17bce431d9e5bdf2d9c892a5	5b698d9564c949b1f424a2467328b7d27156d4ba	503b98cb22ae88798bb6bfca83a46676933f3600	本地实验/CROSSROW-FULL-PIPELINE-CHAMPION-X/V016/configure-v016-server3.log	100644	7f2c511a4064b664386543ce697ac86a44a53447	证据集成/W3/Batch-09-R1-R3-R4-R5/R5/V016/configure-v016-server3.log	COPY	RUN_LOG		original bytes
W3-R5-CROSSROW-FULL-PIPELINE-CHAMPION-X	V016	perf(crossrow): record V016 parameter load order result	w3/m1/crossrow-full-pipeline	0f020a204af4e222d98a9c23a6855843632f7c9a	066b721288ee476d17bce431d9e5bdf2d9c892a5	5b698d9564c949b1f424a2467328b7d27156d4ba	503b98cb22ae88798bb6bfca83a46676933f3600	本地实验/CROSSROW-FULL-PIPELINE-CHAMPION-X/V016/support/CMakeLists.txt	100644	a4fbcffb60b5984b0237e73297282a80b05f8a79		EXCLUDE	BUILD_CONFIGURATION		build configuration not copied
W3-R5-CROSSROW-FULL-PIPELINE-CHAMPION-X	V016	perf(crossrow): record V016 parameter load order result	w3/m1/crossrow-full-pipeline	0f020a204af4e222d98a9c23a6855843632f7c9a	066b721288ee476d17bce431d9e5bdf2d9c892a5	5b698d9564c949b1f424a2467328b7d27156d4ba	503b98cb22ae88798bb6bfca83a46676933f3600	本地实验/CROSSROW-FULL-PIPELINE-CHAMPION-X/V016/support/candidate_adapter.asc	100644	c80db9b5125e177971939da98a4e765d9e0f05cf		EXCLUDE	CANDIDATE_OR_KERNEL_SOURCE		source retained only by source commit/blob reference
W3-R5-CROSSROW-FULL-PIPELINE-CHAMPION-X	V016	perf(crossrow): record V016 parameter load order result	w3/m1/crossrow-full-pipeline	0f020a204af4e222d98a9c23a6855843632f7c9a	066b721288ee476d17bce431d9e5bdf2d9c892a5	5b698d9564c949b1f424a2467328b7d27156d4ba	503b98cb22ae88798bb6bfca83a46676933f3600	本地实验/CROSSROW-FULL-PIPELINE-CHAMPION-X/V016/support/compile-runner-v016-server3.log	100644	cc3767942134ddb22cb2c8e9a24ab70b33103e2f	证据集成/W3/Batch-09-R1-R3-R4-R5/R5/V016/support/compile-runner-v016-server3.log	COPY	COMPILE_LOG		original bytes
W3-R5-CROSSROW-FULL-PIPELINE-CHAMPION-X	V016	perf(crossrow): record V016 parameter load order result	w3/m1/crossrow-full-pipeline	0f020a204af4e222d98a9c23a6855843632f7c9a	066b721288ee476d17bce431d9e5bdf2d9c892a5	5b698d9564c949b1f424a2467328b7d27156d4ba	503b98cb22ae88798bb6bfca83a46676933f3600	本地实验/CROSSROW-FULL-PIPELINE-CHAMPION-X/V016/support/configure-runner-v016-server3.log	100644	77cb598238e3f3d09803eb97ccef9de4166f714e	证据集成/W3/Batch-09-R1-R3-R4-R5/R5/V016/support/configure-runner-v016-server3.log	COPY	RUN_LOG		original bytes
W3-R5-CROSSROW-FULL-PIPELINE-CHAMPION-X	V016	perf(crossrow): record V016 parameter load order result	w3/m1/crossrow-full-pipeline	0f020a204af4e222d98a9c23a6855843632f7c9a	066b721288ee476d17bce431d9e5bdf2d9c892a5	5b698d9564c949b1f424a2467328b7d27156d4ba	503b98cb22ae88798bb6bfca83a46676933f3600	本地实验/CROSSROW-FULL-PIPELINE-CHAMPION-X/V016/support/correctness-v016-device1-r16-d16384.log	100644	f37dbab90a91c993d49560904d6eb91ed73999fb	证据集成/W3/Batch-09-R1-R3-R4-R5/R5/V016/support/correctness-v016-device1-r16-d16384.log	COPY	CORRECTNESS_LOG		original bytes
W3-R5-CROSSROW-FULL-PIPELINE-CHAMPION-X	V016	perf(crossrow): record V016 parameter load order result	w3/m1/crossrow-full-pipeline	0f020a204af4e222d98a9c23a6855843632f7c9a	066b721288ee476d17bce431d9e5bdf2d9c892a5	5b698d9564c949b1f424a2467328b7d27156d4ba	503b98cb22ae88798bb6bfca83a46676933f3600	本地实验/CROSSROW-FULL-PIPELINE-CHAMPION-X/V016/support/local-v016-device1-r16-d16384.log	100644	f3c90741bc49a176f381471c9229e8b16d27b484	证据集成/W3/Batch-09-R1-R3-R4-R5/R5/V016/support/local-v016-device1-r16-d16384.log	COPY	LOCAL_RUN_LOG		original bytes
W3-R5-CROSSROW-FULL-PIPELINE-CHAMPION-X	V016	perf(crossrow): record V016 parameter load order result	w3/m1/crossrow-full-pipeline	0f020a204af4e222d98a9c23a6855843632f7c9a	066b721288ee476d17bce431d9e5bdf2d9c892a5	5b698d9564c949b1f424a2467328b7d27156d4ba	503b98cb22ae88798bb6bfca83a46676933f3600	本地实验/CROSSROW-FULL-PIPELINE-CHAMPION-X/V016/support/local-v016-device1-r16-d16384.tsv	100644	9e9a5e26ceea199329076c2fa945f17cc341729d	证据集成/W3/Batch-09-R1-R3-R4-R5/R5/V016/support/local-v016-device1-r16-d16384.tsv	COPY	LOCAL_RAW_STATISTICS		original bytes
W3-R5-CROSSROW-FULL-PIPELINE-CHAMPION-X	V016	perf(crossrow): record V016 parameter load order result	w3/m1/crossrow-full-pipeline	0f020a204af4e222d98a9c23a6855843632f7c9a	066b721288ee476d17bce431d9e5bdf2d9c892a5	5b698d9564c949b1f424a2467328b7d27156d4ba	503b98cb22ae88798bb6bfca83a46676933f3600	本地实验/CROSSROW-FULL-PIPELINE-CHAMPION-X/V016/support/npu-smi-v016-post-local.txt	100644	68a7385bea7dc30e7d1f9367052cff3a353cea7b	证据集成/W3/Batch-09-R1-R3-R4-R5/R5/V016/support/npu-smi-v016-post-local.txt	COPY	LOCAL_CONTEXT_OR_DIAGNOSTIC		original bytes
W3-R5-CROSSROW-FULL-PIPELINE-CHAMPION-X	V016	perf(crossrow): record V016 parameter load order result	w3/m1/crossrow-full-pipeline	0f020a204af4e222d98a9c23a6855843632f7c9a	066b721288ee476d17bce431d9e5bdf2d9c892a5	5b698d9564c949b1f424a2467328b7d27156d4ba	503b98cb22ae88798bb6bfca83a46676933f3600	本地实验/CROSSROW-FULL-PIPELINE-CHAMPION-X/V016/support/parent_adapter.asc	100644	d5c9df28ed2a8f26b020c6c551eb8cc400846dd9		EXCLUDE	PARENT_KERNEL_SOURCE		source retained only by source commit/blob reference
W3-R5-CROSSROW-FULL-PIPELINE-CHAMPION-X	V016	perf(crossrow): record V016 parameter load order result	w3/m1/crossrow-full-pipeline	0f020a204af4e222d98a9c23a6855843632f7c9a	066b721288ee476d17bce431d9e5bdf2d9c892a5	5b698d9564c949b1f424a2467328b7d27156d4ba	503b98cb22ae88798bb6bfca83a46676933f3600	本地实验/CROSSROW-FULL-PIPELINE-CHAMPION-X/V016/support/runner_abi.h	100644	0b47603fc5a303efe00b0b66d79d72786d8435bb		EXCLUDE	SUPPORT_SOURCE		source retained only by source commit/blob reference
W3-R5-CROSSROW-FULL-PIPELINE-CHAMPION-X	V016	perf(crossrow): record V016 parameter load order result	w3/m1/crossrow-full-pipeline	0f020a204af4e222d98a9c23a6855843632f7c9a	066b721288ee476d17bce431d9e5bdf2d9c892a5	5b698d9564c949b1f424a2467328b7d27156d4ba	503b98cb22ae88798bb6bfca83a46676933f3600	本地实验/CROSSROW-FULL-PIPELINE-CHAMPION-X/V016/support/runner_main.cpp	100644	29f4b4955dc433299ce14666ae31227286df09be		EXCLUDE	SUPPORT_SOURCE		source retained only by source commit/blob reference
W3-R5-CROSSROW-FULL-PIPELINE-CHAMPION-X	V017	perf(crossrow): test V017 alternating FP16 row-store order	w3/m1/crossrow-full-pipeline	121b6c3de4652b5842c28799996ba67c1f0039ef	0f020a204af4e222d98a9c23a6855843632f7c9a	df88336aeed0b79ace13184435e222b63ee66561	503b98cb22ae88798bb6bfca83a46676933f3600	本地实验/CROSSROW-FULL-PIPELINE-CHAMPION-X/V017/CMakeLists.txt	100644	d9563b5a0c19e156463c930d8f231cd3a33fb525		EXCLUDE	BUILD_CONFIGURATION		build configuration not copied
W3-R5-CROSSROW-FULL-PIPELINE-CHAMPION-X	V017	perf(crossrow): test V017 alternating FP16 row-store order	w3/m1/crossrow-full-pipeline	121b6c3de4652b5842c28799996ba67c1f0039ef	0f020a204af4e222d98a9c23a6855843632f7c9a	df88336aeed0b79ace13184435e222b63ee66561	503b98cb22ae88798bb6bfca83a46676933f3600	本地实验/CROSSROW-FULL-PIPELINE-CHAMPION-X/V017/Candidate.asc	100644	7872beaf9c65c01728b8d1fed81d233efb71f93d		EXCLUDE	CANDIDATE_OR_KERNEL_SOURCE		source retained only by source commit/blob reference
W3-R5-CROSSROW-FULL-PIPELINE-CHAMPION-X	V017	perf(crossrow): test V017 alternating FP16 row-store order	w3/m1/crossrow-full-pipeline	121b6c3de4652b5842c28799996ba67c1f0039ef	0f020a204af4e222d98a9c23a6855843632f7c9a	df88336aeed0b79ace13184435e222b63ee66561	503b98cb22ae88798bb6bfca83a46676933f3600	本地实验/CROSSROW-FULL-PIPELINE-CHAMPION-X/V017/Parent.asc	100644	d381ce0a2a5d242f346d26e8080ec95bfd9f3d75		EXCLUDE	PARENT_KERNEL_SOURCE		source retained only by source commit/blob reference
W3-R5-CROSSROW-FULL-PIPELINE-CHAMPION-X	V017	perf(crossrow): test V017 alternating FP16 row-store order	w3/m1/crossrow-full-pipeline	121b6c3de4652b5842c28799996ba67c1f0039ef	0f020a204af4e222d98a9c23a6855843632f7c9a	df88336aeed0b79ace13184435e222b63ee66561	503b98cb22ae88798bb6bfca83a46676933f3600	本地实验/CROSSROW-FULL-PIPELINE-CHAMPION-X/V017/compile-v017-attempt-02.log	100644	9d152ac49489b399e1c77554e7135147af9503d0	证据集成/W3/Batch-09-R1-R3-R4-R5/R5/V017/compile-v017-attempt-02.log	COPY	COMPILE_LOG		original bytes
W3-R5-CROSSROW-FULL-PIPELINE-CHAMPION-X	V017	perf(crossrow): test V017 alternating FP16 row-store order	w3/m1/crossrow-full-pipeline	121b6c3de4652b5842c28799996ba67c1f0039ef	0f020a204af4e222d98a9c23a6855843632f7c9a	df88336aeed0b79ace13184435e222b63ee66561	503b98cb22ae88798bb6bfca83a46676933f3600	本地实验/CROSSROW-FULL-PIPELINE-CHAMPION-X/V017/compile-v017-attempt-03.log	100644	47e4ff65517ec66d86c6eb0a797a18b021e6dbd3	证据集成/W3/Batch-09-R1-R3-R4-R5/R5/V017/compile-v017-attempt-03.log	COPY	COMPILE_LOG		original bytes
W3-R5-CROSSROW-FULL-PIPELINE-CHAMPION-X	V017	perf(crossrow): test V017 alternating FP16 row-store order	w3/m1/crossrow-full-pipeline	121b6c3de4652b5842c28799996ba67c1f0039ef	0f020a204af4e222d98a9c23a6855843632f7c9a	df88336aeed0b79ace13184435e222b63ee66561	503b98cb22ae88798bb6bfca83a46676933f3600	本地实验/CROSSROW-FULL-PIPELINE-CHAMPION-X/V017/compile-v017-server3.log	100644	5e6fb419d5e9db8fe2564ad4644efafa571e3fea	证据集成/W3/Batch-09-R1-R3-R4-R5/R5/V017/compile-v017-server3.log	COPY	COMPILE_LOG		original bytes
W3-R5-CROSSROW-FULL-PIPELINE-CHAMPION-X	V017	perf(crossrow): test V017 alternating FP16 row-store order	w3/m1/crossrow-full-pipeline	121b6c3de4652b5842c28799996ba67c1f0039ef	0f020a204af4e222d98a9c23a6855843632f7c9a	df88336aeed0b79ace13184435e222b63ee66561	503b98cb22ae88798bb6bfca83a46676933f3600	本地实验/CROSSROW-FULL-PIPELINE-CHAMPION-X/V017/compile_adapter.asc	100644	fd777d9da0f76c4a462c7dbea7fb23322028f7ef		EXCLUDE	SUPPORT_SOURCE		source retained only by source commit/blob reference
W3-R5-CROSSROW-FULL-PIPELINE-CHAMPION-X	V017	perf(crossrow): test V017 alternating FP16 row-store order	w3/m1/crossrow-full-pipeline	121b6c3de4652b5842c28799996ba67c1f0039ef	0f020a204af4e222d98a9c23a6855843632f7c9a	df88336aeed0b79ace13184435e222b63ee66561	503b98cb22ae88798bb6bfca83a46676933f3600	本地实验/CROSSROW-FULL-PIPELINE-CHAMPION-X/V017/support/CMakeLists.txt	100644	a4fbcffb60b5984b0237e73297282a80b05f8a79		EXCLUDE	BUILD_CONFIGURATION		build configuration not copied
W3-R5-CROSSROW-FULL-PIPELINE-CHAMPION-X	V017	perf(crossrow): test V017 alternating FP16 row-store order	w3/m1/crossrow-full-pipeline	121b6c3de4652b5842c28799996ba67c1f0039ef	0f020a204af4e222d98a9c23a6855843632f7c9a	df88336aeed0b79ace13184435e222b63ee66561	503b98cb22ae88798bb6bfca83a46676933f3600	本地实验/CROSSROW-FULL-PIPELINE-CHAMPION-X/V017/support/candidate_adapter.asc	100644	c80db9b5125e177971939da98a4e765d9e0f05cf		EXCLUDE	CANDIDATE_OR_KERNEL_SOURCE		source retained only by source commit/blob reference
W3-R5-CROSSROW-FULL-PIPELINE-CHAMPION-X	V017	perf(crossrow): test V017 alternating FP16 row-store order	w3/m1/crossrow-full-pipeline	121b6c3de4652b5842c28799996ba67c1f0039ef	0f020a204af4e222d98a9c23a6855843632f7c9a	df88336aeed0b79ace13184435e222b63ee66561	503b98cb22ae88798bb6bfca83a46676933f3600	本地实验/CROSSROW-FULL-PIPELINE-CHAMPION-X/V017/support/compile-runner-v017-label-env-server3.log	100644	cea8164d5e698f7b5416fbac9914173400217764	证据集成/W3/Batch-09-R1-R3-R4-R5/R5/V017/support/compile-runner-v017-label-env-server3.log	COPY	COMPILE_LOG		original bytes
W3-R5-CROSSROW-FULL-PIPELINE-CHAMPION-X	V017	perf(crossrow): test V017 alternating FP16 row-store order	w3/m1/crossrow-full-pipeline	121b6c3de4652b5842c28799996ba67c1f0039ef	0f020a204af4e222d98a9c23a6855843632f7c9a	df88336aeed0b79ace13184435e222b63ee66561	503b98cb22ae88798bb6bfca83a46676933f3600	本地实验/CROSSROW-FULL-PIPELINE-CHAMPION-X/V017/support/compile-runner-v017-label-server3.log	100644	b9605df99a42c373c31ffc9c8db9a0840a5a0aea	证据集成/W3/Batch-09-R1-R3-R4-R5/R5/V017/support/compile-runner-v017-label-server3.log	COPY	COMPILE_LOG		original bytes
W3-R5-CROSSROW-FULL-PIPELINE-CHAMPION-X	V017	perf(crossrow): test V017 alternating FP16 row-store order	w3/m1/crossrow-full-pipeline	121b6c3de4652b5842c28799996ba67c1f0039ef	0f020a204af4e222d98a9c23a6855843632f7c9a	df88336aeed0b79ace13184435e222b63ee66561	503b98cb22ae88798bb6bfca83a46676933f3600	本地实验/CROSSROW-FULL-PIPELINE-CHAMPION-X/V017/support/compile-runner-v017-server3.log	100644	ea61fc12b27d9212f0b1078736af944e14fe5295	证据集成/W3/Batch-09-R1-R3-R4-R5/R5/V017/support/compile-runner-v017-server3.log	COPY	COMPILE_LOG		original bytes
W3-R5-CROSSROW-FULL-PIPELINE-CHAMPION-X	V017	perf(crossrow): test V017 alternating FP16 row-store order	w3/m1/crossrow-full-pipeline	121b6c3de4652b5842c28799996ba67c1f0039ef	0f020a204af4e222d98a9c23a6855843632f7c9a	df88336aeed0b79ace13184435e222b63ee66561	503b98cb22ae88798bb6bfca83a46676933f3600	本地实验/CROSSROW-FULL-PIPELINE-CHAMPION-X/V017/support/configure-runner-v017-label-env-server3.log	100644	0ec6eb81ac5bcf052e1c1a385ac1e859ca9a52bf	证据集成/W3/Batch-09-R1-R3-R4-R5/R5/V017/support/configure-runner-v017-label-env-server3.log	COPY	RUN_LOG		original bytes
W3-R5-CROSSROW-FULL-PIPELINE-CHAMPION-X	V017	perf(crossrow): test V017 alternating FP16 row-store order	w3/m1/crossrow-full-pipeline	121b6c3de4652b5842c28799996ba67c1f0039ef	0f020a204af4e222d98a9c23a6855843632f7c9a	df88336aeed0b79ace13184435e222b63ee66561	503b98cb22ae88798bb6bfca83a46676933f3600	本地实验/CROSSROW-FULL-PIPELINE-CHAMPION-X/V017/support/configure-runner-v017-label-server3.log	100644	0d946f17d157c44cf5d98c46e18fb12cc6140e98	证据集成/W3/Batch-09-R1-R3-R4-R5/R5/V017/support/configure-runner-v017-label-server3.log	COPY	RUN_LOG		original bytes
W3-R5-CROSSROW-FULL-PIPELINE-CHAMPION-X	V017	perf(crossrow): test V017 alternating FP16 row-store order	w3/m1/crossrow-full-pipeline	121b6c3de4652b5842c28799996ba67c1f0039ef	0f020a204af4e222d98a9c23a6855843632f7c9a	df88336aeed0b79ace13184435e222b63ee66561	503b98cb22ae88798bb6bfca83a46676933f3600	本地实验/CROSSROW-FULL-PIPELINE-CHAMPION-X/V017/support/configure-runner-v017-server3.log	100644	2524b441385871c5885fb538a0beb06bd17b8c24	证据集成/W3/Batch-09-R1-R3-R4-R5/R5/V017/support/configure-runner-v017-server3.log	COPY	RUN_LOG		original bytes
W3-R5-CROSSROW-FULL-PIPELINE-CHAMPION-X	V017	perf(crossrow): test V017 alternating FP16 row-store order	w3/m1/crossrow-full-pipeline	121b6c3de4652b5842c28799996ba67c1f0039ef	0f020a204af4e222d98a9c23a6855843632f7c9a	df88336aeed0b79ace13184435e222b63ee66561	503b98cb22ae88798bb6bfca83a46676933f3600	本地实验/CROSSROW-FULL-PIPELINE-CHAMPION-X/V017/support/correctness-v017-attempt-03-device1-r16-d16384.log	100644	0d1f164fb135e70cc9bec51d94ea2270c0c91d0a	证据集成/W3/Batch-09-R1-R3-R4-R5/R5/V017/support/correctness-v017-attempt-03-device1-r16-d16384.log	COPY	CORRECTNESS_LOG		original bytes
W3-R5-CROSSROW-FULL-PIPELINE-CHAMPION-X	V017	perf(crossrow): test V017 alternating FP16 row-store order	w3/m1/crossrow-full-pipeline	121b6c3de4652b5842c28799996ba67c1f0039ef	0f020a204af4e222d98a9c23a6855843632f7c9a	df88336aeed0b79ace13184435e222b63ee66561	503b98cb22ae88798bb6bfca83a46676933f3600	本地实验/CROSSROW-FULL-PIPELINE-CHAMPION-X/V017/support/correctness-v017-device1-r16-d16384.log	100644	dbc7af4470f3b04d9ac2d0286897bf08801da2ae	证据集成/W3/Batch-09-R1-R3-R4-R5/R5/V017/support/correctness-v017-device1-r16-d16384.log	COPY	CORRECTNESS_LOG		original bytes
W3-R5-CROSSROW-FULL-PIPELINE-CHAMPION-X	V017	perf(crossrow): test V017 alternating FP16 row-store order	w3/m1/crossrow-full-pipeline	121b6c3de4652b5842c28799996ba67c1f0039ef	0f020a204af4e222d98a9c23a6855843632f7c9a	df88336aeed0b79ace13184435e222b63ee66561	503b98cb22ae88798bb6bfca83a46676933f3600	本地实验/CROSSROW-FULL-PIPELINE-CHAMPION-X/V017/support/correctness-v017-label-env-device1-r16-d16384.log	100644	0d1f164fb135e70cc9bec51d94ea2270c0c91d0a	证据集成/W3/Batch-09-R1-R3-R4-R5/R5/V017/support/correctness-v017-label-env-device1-r16-d16384.log	COPY	CORRECTNESS_LOG		original bytes
W3-R5-CROSSROW-FULL-PIPELINE-CHAMPION-X	V017	perf(crossrow): test V017 alternating FP16 row-store order	w3/m1/crossrow-full-pipeline	121b6c3de4652b5842c28799996ba67c1f0039ef	0f020a204af4e222d98a9c23a6855843632f7c9a	df88336aeed0b79ace13184435e222b63ee66561	503b98cb22ae88798bb6bfca83a46676933f3600	本地实验/CROSSROW-FULL-PIPELINE-CHAMPION-X/V017/support/local-v017-attempt-02-device1-r16-d16384.log	100644	c2a1e09048e781a76726756d790063de4502e3d6	证据集成/W3/Batch-09-R1-R3-R4-R5/R5/V017/support/local-v017-attempt-02-device1-r16-d16384.log	COPY	LOCAL_RUN_LOG		original bytes
W3-R5-CROSSROW-FULL-PIPELINE-CHAMPION-X	V017	perf(crossrow): test V017 alternating FP16 row-store order	w3/m1/crossrow-full-pipeline	121b6c3de4652b5842c28799996ba67c1f0039ef	0f020a204af4e222d98a9c23a6855843632f7c9a	df88336aeed0b79ace13184435e222b63ee66561	503b98cb22ae88798bb6bfca83a46676933f3600	本地实验/CROSSROW-FULL-PIPELINE-CHAMPION-X/V017/support/local-v017-attempt-02-device1-r16-d16384.tsv	100644	4d5ea1bc770ed68c5ddf0684c38c3a59a72c273d	证据集成/W3/Batch-09-R1-R3-R4-R5/R5/V017/support/local-v017-attempt-02-device1-r16-d16384.tsv	COPY	LOCAL_RAW_STATISTICS		original bytes
W3-R5-CROSSROW-FULL-PIPELINE-CHAMPION-X	V017	perf(crossrow): test V017 alternating FP16 row-store order	w3/m1/crossrow-full-pipeline	121b6c3de4652b5842c28799996ba67c1f0039ef	0f020a204af4e222d98a9c23a6855843632f7c9a	df88336aeed0b79ace13184435e222b63ee66561	503b98cb22ae88798bb6bfca83a46676933f3600	本地实验/CROSSROW-FULL-PIPELINE-CHAMPION-X/V017/support/local-v017-device1-r16-d16384.log	100644	b1bb9e6a5a4754b5b975eec690d7afc1d4903ed2	证据集成/W3/Batch-09-R1-R3-R4-R5/R5/V017/support/local-v017-device1-r16-d16384.log	COPY	LOCAL_RUN_LOG		original bytes
W3-R5-CROSSROW-FULL-PIPELINE-CHAMPION-X	V017	perf(crossrow): test V017 alternating FP16 row-store order	w3/m1/crossrow-full-pipeline	121b6c3de4652b5842c28799996ba67c1f0039ef	0f020a204af4e222d98a9c23a6855843632f7c9a	df88336aeed0b79ace13184435e222b63ee66561	503b98cb22ae88798bb6bfca83a46676933f3600	本地实验/CROSSROW-FULL-PIPELINE-CHAMPION-X/V017/support/local-v017-device1-r16-d16384.tsv	100644	4b79fb8e1d710fd1e766bea08100869c4ee25078	证据集成/W3/Batch-09-R1-R3-R4-R5/R5/V017/support/local-v017-device1-r16-d16384.tsv	COPY	LOCAL_RAW_STATISTICS		original bytes
W3-R5-CROSSROW-FULL-PIPELINE-CHAMPION-X	V017	perf(crossrow): test V017 alternating FP16 row-store order	w3/m1/crossrow-full-pipeline	121b6c3de4652b5842c28799996ba67c1f0039ef	0f020a204af4e222d98a9c23a6855843632f7c9a	df88336aeed0b79ace13184435e222b63ee66561	503b98cb22ae88798bb6bfca83a46676933f3600	本地实验/CROSSROW-FULL-PIPELINE-CHAMPION-X/V017/support/npu-smi-v017-post-local-attempt-02.txt	100644	f0cf412b65dd80471fea6db53b1e74035b0316c9	证据集成/W3/Batch-09-R1-R3-R4-R5/R5/V017/support/npu-smi-v017-post-local-attempt-02.txt	COPY	LOCAL_CONTEXT_OR_DIAGNOSTIC		original bytes
W3-R5-CROSSROW-FULL-PIPELINE-CHAMPION-X	V017	perf(crossrow): test V017 alternating FP16 row-store order	w3/m1/crossrow-full-pipeline	121b6c3de4652b5842c28799996ba67c1f0039ef	0f020a204af4e222d98a9c23a6855843632f7c9a	df88336aeed0b79ace13184435e222b63ee66561	503b98cb22ae88798bb6bfca83a46676933f3600	本地实验/CROSSROW-FULL-PIPELINE-CHAMPION-X/V017/support/npu-smi-v017-post-local.txt	100644	4adf48f78b3a5500458730a0bd13697a17eab2b0	证据集成/W3/Batch-09-R1-R3-R4-R5/R5/V017/support/npu-smi-v017-post-local.txt	COPY	LOCAL_CONTEXT_OR_DIAGNOSTIC		original bytes
W3-R5-CROSSROW-FULL-PIPELINE-CHAMPION-X	V017	perf(crossrow): test V017 alternating FP16 row-store order	w3/m1/crossrow-full-pipeline	121b6c3de4652b5842c28799996ba67c1f0039ef	0f020a204af4e222d98a9c23a6855843632f7c9a	df88336aeed0b79ace13184435e222b63ee66561	503b98cb22ae88798bb6bfca83a46676933f3600	本地实验/CROSSROW-FULL-PIPELINE-CHAMPION-X/V017/support/npu-smi-v017-pre-local-attempt-02.txt	100644	3cac66f9db00e72a4dba8ff41f80efd43e6b0d88	证据集成/W3/Batch-09-R1-R3-R4-R5/R5/V017/support/npu-smi-v017-pre-local-attempt-02.txt	COPY	LOCAL_CONTEXT_OR_DIAGNOSTIC		original bytes
W3-R5-CROSSROW-FULL-PIPELINE-CHAMPION-X	V017	perf(crossrow): test V017 alternating FP16 row-store order	w3/m1/crossrow-full-pipeline	121b6c3de4652b5842c28799996ba67c1f0039ef	0f020a204af4e222d98a9c23a6855843632f7c9a	df88336aeed0b79ace13184435e222b63ee66561	503b98cb22ae88798bb6bfca83a46676933f3600	本地实验/CROSSROW-FULL-PIPELINE-CHAMPION-X/V017/support/npu-smi-v017-pre-local.txt	100644	57869b9ce3405924570c0171ae5806bb6624ebd9	证据集成/W3/Batch-09-R1-R3-R4-R5/R5/V017/support/npu-smi-v017-pre-local.txt	COPY	LOCAL_CONTEXT_OR_DIAGNOSTIC		original bytes
W3-R5-CROSSROW-FULL-PIPELINE-CHAMPION-X	V017	perf(crossrow): test V017 alternating FP16 row-store order	w3/m1/crossrow-full-pipeline	121b6c3de4652b5842c28799996ba67c1f0039ef	0f020a204af4e222d98a9c23a6855843632f7c9a	df88336aeed0b79ace13184435e222b63ee66561	503b98cb22ae88798bb6bfca83a46676933f3600	本地实验/CROSSROW-FULL-PIPELINE-CHAMPION-X/V017/support/parent_adapter.asc	100644	d5c9df28ed2a8f26b020c6c551eb8cc400846dd9		EXCLUDE	PARENT_KERNEL_SOURCE		source retained only by source commit/blob reference
W3-R5-CROSSROW-FULL-PIPELINE-CHAMPION-X	V017	perf(crossrow): test V017 alternating FP16 row-store order	w3/m1/crossrow-full-pipeline	121b6c3de4652b5842c28799996ba67c1f0039ef	0f020a204af4e222d98a9c23a6855843632f7c9a	df88336aeed0b79ace13184435e222b63ee66561	503b98cb22ae88798bb6bfca83a46676933f3600	本地实验/CROSSROW-FULL-PIPELINE-CHAMPION-X/V017/support/runner_abi.h	100644	0b47603fc5a303efe00b0b66d79d72786d8435bb		EXCLUDE	SUPPORT_SOURCE		source retained only by source commit/blob reference
W3-R5-CROSSROW-FULL-PIPELINE-CHAMPION-X	V017	perf(crossrow): test V017 alternating FP16 row-store order	w3/m1/crossrow-full-pipeline	121b6c3de4652b5842c28799996ba67c1f0039ef	0f020a204af4e222d98a9c23a6855843632f7c9a	df88336aeed0b79ace13184435e222b63ee66561	503b98cb22ae88798bb6bfca83a46676933f3600	本地实验/CROSSROW-FULL-PIPELINE-CHAMPION-X/V017/support/runner_main.cpp	100644	038115e7aa745251c58b7a7e6efdb2825ed7a1a8		EXCLUDE	SUPPORT_SOURCE		source retained only by source commit/blob reference
W3-R5-CROSSROW-FULL-PIPELINE-CHAMPION-X	V018	perf(crossrow): test reverse FP16 pass2 tiles V018	w3/m1/crossrow-full-pipeline	d704c17f90acffea21ce74d6df57fa3242776c79	121b6c3de4652b5842c28799996ba67c1f0039ef	7f62b136603f1f32585bcee7f52b53d77d34638e	503b98cb22ae88798bb6bfca83a46676933f3600	本地实验/CROSSROW-FULL-PIPELINE-CHAMPION-X/V018/CMakeLists.txt	100644	d9563b5a0c19e156463c930d8f231cd3a33fb525		EXCLUDE	BUILD_CONFIGURATION		build configuration not copied
W3-R5-CROSSROW-FULL-PIPELINE-CHAMPION-X	V018	perf(crossrow): test reverse FP16 pass2 tiles V018	w3/m1/crossrow-full-pipeline	d704c17f90acffea21ce74d6df57fa3242776c79	121b6c3de4652b5842c28799996ba67c1f0039ef	7f62b136603f1f32585bcee7f52b53d77d34638e	503b98cb22ae88798bb6bfca83a46676933f3600	本地实验/CROSSROW-FULL-PIPELINE-CHAMPION-X/V018/Candidate.asc	100644	9f3a1f0dc2c514a79fd65d3eb21984ae48c200bf		EXCLUDE	CANDIDATE_OR_KERNEL_SOURCE		source retained only by source commit/blob reference
W3-R5-CROSSROW-FULL-PIPELINE-CHAMPION-X	V018	perf(crossrow): test reverse FP16 pass2 tiles V018	w3/m1/crossrow-full-pipeline	d704c17f90acffea21ce74d6df57fa3242776c79	121b6c3de4652b5842c28799996ba67c1f0039ef	7f62b136603f1f32585bcee7f52b53d77d34638e	503b98cb22ae88798bb6bfca83a46676933f3600	本地实验/CROSSROW-FULL-PIPELINE-CHAMPION-X/V018/Parent.asc	100644	d381ce0a2a5d242f346d26e8080ec95bfd9f3d75		EXCLUDE	PARENT_KERNEL_SOURCE		source retained only by source commit/blob reference
W3-R5-CROSSROW-FULL-PIPELINE-CHAMPION-X	V018	perf(crossrow): test reverse FP16 pass2 tiles V018	w3/m1/crossrow-full-pipeline	d704c17f90acffea21ce74d6df57fa3242776c79	121b6c3de4652b5842c28799996ba67c1f0039ef	7f62b136603f1f32585bcee7f52b53d77d34638e	503b98cb22ae88798bb6bfca83a46676933f3600	本地实验/CROSSROW-FULL-PIPELINE-CHAMPION-X/V018/compile-v018-attempt-02.log	100644	a48dc8595ad138593b70b4742e06d51daa80363f	证据集成/W3/Batch-09-R1-R3-R4-R5/R5/V018/compile-v018-attempt-02.log	COPY	COMPILE_LOG		original bytes
W3-R5-CROSSROW-FULL-PIPELINE-CHAMPION-X	V018	perf(crossrow): test reverse FP16 pass2 tiles V018	w3/m1/crossrow-full-pipeline	d704c17f90acffea21ce74d6df57fa3242776c79	121b6c3de4652b5842c28799996ba67c1f0039ef	7f62b136603f1f32585bcee7f52b53d77d34638e	503b98cb22ae88798bb6bfca83a46676933f3600	本地实验/CROSSROW-FULL-PIPELINE-CHAMPION-X/V018/compile-v018-server3.log	100644	e227efee3515d70af00ce2a51316ca4120d7ef3a	证据集成/W3/Batch-09-R1-R3-R4-R5/R5/V018/compile-v018-server3.log	COPY	COMPILE_LOG		original bytes
W3-R5-CROSSROW-FULL-PIPELINE-CHAMPION-X	V018	perf(crossrow): test reverse FP16 pass2 tiles V018	w3/m1/crossrow-full-pipeline	d704c17f90acffea21ce74d6df57fa3242776c79	121b6c3de4652b5842c28799996ba67c1f0039ef	7f62b136603f1f32585bcee7f52b53d77d34638e	503b98cb22ae88798bb6bfca83a46676933f3600	本地实验/CROSSROW-FULL-PIPELINE-CHAMPION-X/V018/compile_adapter.asc	100644	fd777d9da0f76c4a462c7dbea7fb23322028f7ef		EXCLUDE	SUPPORT_SOURCE		source retained only by source commit/blob reference
W3-R5-CROSSROW-FULL-PIPELINE-CHAMPION-X	V018	perf(crossrow): test reverse FP16 pass2 tiles V018	w3/m1/crossrow-full-pipeline	d704c17f90acffea21ce74d6df57fa3242776c79	121b6c3de4652b5842c28799996ba67c1f0039ef	7f62b136603f1f32585bcee7f52b53d77d34638e	503b98cb22ae88798bb6bfca83a46676933f3600	本地实验/CROSSROW-FULL-PIPELINE-CHAMPION-X/V018/support/CMakeLists.txt	100644	a4fbcffb60b5984b0237e73297282a80b05f8a79		EXCLUDE	BUILD_CONFIGURATION		build configuration not copied
W3-R5-CROSSROW-FULL-PIPELINE-CHAMPION-X	V018	perf(crossrow): test reverse FP16 pass2 tiles V018	w3/m1/crossrow-full-pipeline	d704c17f90acffea21ce74d6df57fa3242776c79	121b6c3de4652b5842c28799996ba67c1f0039ef	7f62b136603f1f32585bcee7f52b53d77d34638e	503b98cb22ae88798bb6bfca83a46676933f3600	本地实验/CROSSROW-FULL-PIPELINE-CHAMPION-X/V018/support/candidate_adapter.asc	100644	c80db9b5125e177971939da98a4e765d9e0f05cf		EXCLUDE	CANDIDATE_OR_KERNEL_SOURCE		source retained only by source commit/blob reference
W3-R5-CROSSROW-FULL-PIPELINE-CHAMPION-X	V018	perf(crossrow): test reverse FP16 pass2 tiles V018	w3/m1/crossrow-full-pipeline	d704c17f90acffea21ce74d6df57fa3242776c79	121b6c3de4652b5842c28799996ba67c1f0039ef	7f62b136603f1f32585bcee7f52b53d77d34638e	503b98cb22ae88798bb6bfca83a46676933f3600	本地实验/CROSSROW-FULL-PIPELINE-CHAMPION-X/V018/support/compile-runner-v018-attempt-02.log	100644	f68b25685d72d70ed3844b571ba9cabfbdd02984	证据集成/W3/Batch-09-R1-R3-R4-R5/R5/V018/support/compile-runner-v018-attempt-02.log	COPY	COMPILE_LOG		original bytes
W3-R5-CROSSROW-FULL-PIPELINE-CHAMPION-X	V018	perf(crossrow): test reverse FP16 pass2 tiles V018	w3/m1/crossrow-full-pipeline	d704c17f90acffea21ce74d6df57fa3242776c79	121b6c3de4652b5842c28799996ba67c1f0039ef	7f62b136603f1f32585bcee7f52b53d77d34638e	503b98cb22ae88798bb6bfca83a46676933f3600	本地实验/CROSSROW-FULL-PIPELINE-CHAMPION-X/V018/support/compile-runner-v018-server3.log	100644	ea61fc12b27d9212f0b1078736af944e14fe5295	证据集成/W3/Batch-09-R1-R3-R4-R5/R5/V018/support/compile-runner-v018-server3.log	COPY	COMPILE_LOG		original bytes
W3-R5-CROSSROW-FULL-PIPELINE-CHAMPION-X	V018	perf(crossrow): test reverse FP16 pass2 tiles V018	w3/m1/crossrow-full-pipeline	d704c17f90acffea21ce74d6df57fa3242776c79	121b6c3de4652b5842c28799996ba67c1f0039ef	7f62b136603f1f32585bcee7f52b53d77d34638e	503b98cb22ae88798bb6bfca83a46676933f3600	本地实验/CROSSROW-FULL-PIPELINE-CHAMPION-X/V018/support/configure-runner-v018-server3.log	100644	832b7a77f78e31b65e5c2c2cfdcf582022170338	证据集成/W3/Batch-09-R1-R3-R4-R5/R5/V018/support/configure-runner-v018-server3.log	COPY	RUN_LOG		original bytes
W3-R5-CROSSROW-FULL-PIPELINE-CHAMPION-X	V018	perf(crossrow): test reverse FP16 pass2 tiles V018	w3/m1/crossrow-full-pipeline	d704c17f90acffea21ce74d6df57fa3242776c79	121b6c3de4652b5842c28799996ba67c1f0039ef	7f62b136603f1f32585bcee7f52b53d77d34638e	503b98cb22ae88798bb6bfca83a46676933f3600	本地实验/CROSSROW-FULL-PIPELINE-CHAMPION-X/V018/support/correctness-v018-attempt-02-device1-r16-d16384.log	100644	2368dfef70fec2b9f0e02330bf33c860dfe415bb	证据集成/W3/Batch-09-R1-R3-R4-R5/R5/V018/support/correctness-v018-attempt-02-device1-r16-d16384.log	COPY	CORRECTNESS_LOG		original bytes
W3-R5-CROSSROW-FULL-PIPELINE-CHAMPION-X	V018	perf(crossrow): test reverse FP16 pass2 tiles V018	w3/m1/crossrow-full-pipeline	d704c17f90acffea21ce74d6df57fa3242776c79	121b6c3de4652b5842c28799996ba67c1f0039ef	7f62b136603f1f32585bcee7f52b53d77d34638e	503b98cb22ae88798bb6bfca83a46676933f3600	本地实验/CROSSROW-FULL-PIPELINE-CHAMPION-X/V018/support/correctness-v018-attempt-03-device1-r16-d16384.log	100644	a962e38ffa378473581239204001e6eb5f279039	证据集成/W3/Batch-09-R1-R3-R4-R5/R5/V018/support/correctness-v018-attempt-03-device1-r16-d16384.log	COPY	CORRECTNESS_LOG		original bytes
W3-R5-CROSSROW-FULL-PIPELINE-CHAMPION-X	V018	perf(crossrow): test reverse FP16 pass2 tiles V018	w3/m1/crossrow-full-pipeline	d704c17f90acffea21ce74d6df57fa3242776c79	121b6c3de4652b5842c28799996ba67c1f0039ef	7f62b136603f1f32585bcee7f52b53d77d34638e	503b98cb22ae88798bb6bfca83a46676933f3600	本地实验/CROSSROW-FULL-PIPELINE-CHAMPION-X/V018/support/correctness-v018-device1-r16-d16384.log	100644	2368dfef70fec2b9f0e02330bf33c860dfe415bb	证据集成/W3/Batch-09-R1-R3-R4-R5/R5/V018/support/correctness-v018-device1-r16-d16384.log	COPY	CORRECTNESS_LOG		original bytes
W3-R5-CROSSROW-FULL-PIPELINE-CHAMPION-X	V018	perf(crossrow): test reverse FP16 pass2 tiles V018	w3/m1/crossrow-full-pipeline	d704c17f90acffea21ce74d6df57fa3242776c79	121b6c3de4652b5842c28799996ba67c1f0039ef	7f62b136603f1f32585bcee7f52b53d77d34638e	503b98cb22ae88798bb6bfca83a46676933f3600	本地实验/CROSSROW-FULL-PIPELINE-CHAMPION-X/V018/support/local-v018-device1-r16-d16384.log	100644	a30c767bddc2ad5b550b6421bd4a5900e7065913	证据集成/W3/Batch-09-R1-R3-R4-R5/R5/V018/support/local-v018-device1-r16-d16384.log	COPY	LOCAL_RUN_LOG		original bytes
W3-R5-CROSSROW-FULL-PIPELINE-CHAMPION-X	V018	perf(crossrow): test reverse FP16 pass2 tiles V018	w3/m1/crossrow-full-pipeline	d704c17f90acffea21ce74d6df57fa3242776c79	121b6c3de4652b5842c28799996ba67c1f0039ef	7f62b136603f1f32585bcee7f52b53d77d34638e	503b98cb22ae88798bb6bfca83a46676933f3600	本地实验/CROSSROW-FULL-PIPELINE-CHAMPION-X/V018/support/local-v018-device1-r16-d16384.tsv	100644	87998a1b4df7eced3fa8f04dd7bc90934608f40e	证据集成/W3/Batch-09-R1-R3-R4-R5/R5/V018/support/local-v018-device1-r16-d16384.tsv	COPY	LOCAL_RAW_STATISTICS		original bytes
W3-R5-CROSSROW-FULL-PIPELINE-CHAMPION-X	V018	perf(crossrow): test reverse FP16 pass2 tiles V018	w3/m1/crossrow-full-pipeline	d704c17f90acffea21ce74d6df57fa3242776c79	121b6c3de4652b5842c28799996ba67c1f0039ef	7f62b136603f1f32585bcee7f52b53d77d34638e	503b98cb22ae88798bb6bfca83a46676933f3600	本地实验/CROSSROW-FULL-PIPELINE-CHAMPION-X/V018/support/npu-smi-v018-post-local.txt	100644	c0bed4f2e7e4af0c9fb2982d1a5751a62e2dab9d	证据集成/W3/Batch-09-R1-R3-R4-R5/R5/V018/support/npu-smi-v018-post-local.txt	COPY	LOCAL_CONTEXT_OR_DIAGNOSTIC		original bytes
W3-R5-CROSSROW-FULL-PIPELINE-CHAMPION-X	V018	perf(crossrow): test reverse FP16 pass2 tiles V018	w3/m1/crossrow-full-pipeline	d704c17f90acffea21ce74d6df57fa3242776c79	121b6c3de4652b5842c28799996ba67c1f0039ef	7f62b136603f1f32585bcee7f52b53d77d34638e	503b98cb22ae88798bb6bfca83a46676933f3600	本地实验/CROSSROW-FULL-PIPELINE-CHAMPION-X/V018/support/npu-smi-v018-pre-local.txt	100644	be213ade51a3051f4887c7fad68957f0b099b8cf	证据集成/W3/Batch-09-R1-R3-R4-R5/R5/V018/support/npu-smi-v018-pre-local.txt	COPY	LOCAL_CONTEXT_OR_DIAGNOSTIC		original bytes
W3-R5-CROSSROW-FULL-PIPELINE-CHAMPION-X	V018	perf(crossrow): test reverse FP16 pass2 tiles V018	w3/m1/crossrow-full-pipeline	d704c17f90acffea21ce74d6df57fa3242776c79	121b6c3de4652b5842c28799996ba67c1f0039ef	7f62b136603f1f32585bcee7f52b53d77d34638e	503b98cb22ae88798bb6bfca83a46676933f3600	本地实验/CROSSROW-FULL-PIPELINE-CHAMPION-X/V018/support/parent_adapter.asc	100644	d5c9df28ed2a8f26b020c6c551eb8cc400846dd9		EXCLUDE	PARENT_KERNEL_SOURCE		source retained only by source commit/blob reference
W3-R5-CROSSROW-FULL-PIPELINE-CHAMPION-X	V018	perf(crossrow): test reverse FP16 pass2 tiles V018	w3/m1/crossrow-full-pipeline	d704c17f90acffea21ce74d6df57fa3242776c79	121b6c3de4652b5842c28799996ba67c1f0039ef	7f62b136603f1f32585bcee7f52b53d77d34638e	503b98cb22ae88798bb6bfca83a46676933f3600	本地实验/CROSSROW-FULL-PIPELINE-CHAMPION-X/V018/support/runner_abi.h	100644	0b47603fc5a303efe00b0b66d79d72786d8435bb		EXCLUDE	SUPPORT_SOURCE		source retained only by source commit/blob reference
W3-R5-CROSSROW-FULL-PIPELINE-CHAMPION-X	V018	perf(crossrow): test reverse FP16 pass2 tiles V018	w3/m1/crossrow-full-pipeline	d704c17f90acffea21ce74d6df57fa3242776c79	121b6c3de4652b5842c28799996ba67c1f0039ef	7f62b136603f1f32585bcee7f52b53d77d34638e	503b98cb22ae88798bb6bfca83a46676933f3600	本地实验/CROSSROW-FULL-PIPELINE-CHAMPION-X/V018/support/runner_main.cpp	100644	cb20263738b11d60b76489a9bfee113b196879ed		EXCLUDE	SUPPORT_SOURCE		source retained only by source commit/blob reference
W3-R5-CROSSROW-FULL-PIPELINE-CHAMPION-X	V019	perf(crossrow): test V019 alternating param DMA order	w3/m1/crossrow-full-pipeline	39d43f2dec1eb2c59c65859fbb540315fffe9b0a	d704c17f90acffea21ce74d6df57fa3242776c79	4f80440c03768ccf9e981b0b317ca0382c873b5f	503b98cb22ae88798bb6bfca83a46676933f3600	本地实验/CROSSROW-FULL-PIPELINE-CHAMPION-X/V019/CMakeLists.txt	100644	d9563b5a0c19e156463c930d8f231cd3a33fb525		EXCLUDE	BUILD_CONFIGURATION		build configuration not copied
W3-R5-CROSSROW-FULL-PIPELINE-CHAMPION-X	V019	perf(crossrow): test V019 alternating param DMA order	w3/m1/crossrow-full-pipeline	39d43f2dec1eb2c59c65859fbb540315fffe9b0a	d704c17f90acffea21ce74d6df57fa3242776c79	4f80440c03768ccf9e981b0b317ca0382c873b5f	503b98cb22ae88798bb6bfca83a46676933f3600	本地实验/CROSSROW-FULL-PIPELINE-CHAMPION-X/V019/Candidate.asc	100644	1ac15f3ab5c90189faf5a92ff359d7ef72fd6aa8		EXCLUDE	CANDIDATE_OR_KERNEL_SOURCE		source retained only by source commit/blob reference
W3-R5-CROSSROW-FULL-PIPELINE-CHAMPION-X	V019	perf(crossrow): test V019 alternating param DMA order	w3/m1/crossrow-full-pipeline	39d43f2dec1eb2c59c65859fbb540315fffe9b0a	d704c17f90acffea21ce74d6df57fa3242776c79	4f80440c03768ccf9e981b0b317ca0382c873b5f	503b98cb22ae88798bb6bfca83a46676933f3600	本地实验/CROSSROW-FULL-PIPELINE-CHAMPION-X/V019/Parent.asc	100644	d381ce0a2a5d242f346d26e8080ec95bfd9f3d75		EXCLUDE	PARENT_KERNEL_SOURCE		source retained only by source commit/blob reference
W3-R5-CROSSROW-FULL-PIPELINE-CHAMPION-X	V019	perf(crossrow): test V019 alternating param DMA order	w3/m1/crossrow-full-pipeline	39d43f2dec1eb2c59c65859fbb540315fffe9b0a	d704c17f90acffea21ce74d6df57fa3242776c79	4f80440c03768ccf9e981b0b317ca0382c873b5f	503b98cb22ae88798bb6bfca83a46676933f3600	本地实验/CROSSROW-FULL-PIPELINE-CHAMPION-X/V019/compile-v019-attempt-02.log	100644	63b5b8645dfa8dc61233e727e9eb264175386e08	证据集成/W3/Batch-09-R1-R3-R4-R5/R5/V019/compile-v019-attempt-02.log	COPY	COMPILE_LOG		original bytes
W3-R5-CROSSROW-FULL-PIPELINE-CHAMPION-X	V019	perf(crossrow): test V019 alternating param DMA order	w3/m1/crossrow-full-pipeline	39d43f2dec1eb2c59c65859fbb540315fffe9b0a	d704c17f90acffea21ce74d6df57fa3242776c79	4f80440c03768ccf9e981b0b317ca0382c873b5f	503b98cb22ae88798bb6bfca83a46676933f3600	本地实验/CROSSROW-FULL-PIPELINE-CHAMPION-X/V019/compile-v019-attempt-03.log	100644	ab76a0cd40224564f43d14c5df32902173e26f36	证据集成/W3/Batch-09-R1-R3-R4-R5/R5/V019/compile-v019-attempt-03.log	COPY	COMPILE_LOG		original bytes
W3-R5-CROSSROW-FULL-PIPELINE-CHAMPION-X	V019	perf(crossrow): test V019 alternating param DMA order	w3/m1/crossrow-full-pipeline	39d43f2dec1eb2c59c65859fbb540315fffe9b0a	d704c17f90acffea21ce74d6df57fa3242776c79	4f80440c03768ccf9e981b0b317ca0382c873b5f	503b98cb22ae88798bb6bfca83a46676933f3600	本地实验/CROSSROW-FULL-PIPELINE-CHAMPION-X/V019/compile-v019-attempt-04.log	100644	bab91ff1e18f2ac6105904d386f5dbd75ecb8c25	证据集成/W3/Batch-09-R1-R3-R4-R5/R5/V019/compile-v019-attempt-04.log	COPY	COMPILE_LOG		original bytes
W3-R5-CROSSROW-FULL-PIPELINE-CHAMPION-X	V019	perf(crossrow): test V019 alternating param DMA order	w3/m1/crossrow-full-pipeline	39d43f2dec1eb2c59c65859fbb540315fffe9b0a	d704c17f90acffea21ce74d6df57fa3242776c79	4f80440c03768ccf9e981b0b317ca0382c873b5f	503b98cb22ae88798bb6bfca83a46676933f3600	本地实验/CROSSROW-FULL-PIPELINE-CHAMPION-X/V019/compile-v019-attempt-05.log	100644	3a68bd43873cf409408e714f0e3f351463d91c95	证据集成/W3/Batch-09-R1-R3-R4-R5/R5/V019/compile-v019-attempt-05.log	COPY	COMPILE_LOG		original bytes
W3-R5-CROSSROW-FULL-PIPELINE-CHAMPION-X	V019	perf(crossrow): test V019 alternating param DMA order	w3/m1/crossrow-full-pipeline	39d43f2dec1eb2c59c65859fbb540315fffe9b0a	d704c17f90acffea21ce74d6df57fa3242776c79	4f80440c03768ccf9e981b0b317ca0382c873b5f	503b98cb22ae88798bb6bfca83a46676933f3600	本地实验/CROSSROW-FULL-PIPELINE-CHAMPION-X/V019/compile-v019-server3.log	100644	88f28471bb26c5a2348c87f1a9090bb15814d9cc	证据集成/W3/Batch-09-R1-R3-R4-R5/R5/V019/compile-v019-server3.log	COPY	COMPILE_LOG		original bytes
W3-R5-CROSSROW-FULL-PIPELINE-CHAMPION-X	V019	perf(crossrow): test V019 alternating param DMA order	w3/m1/crossrow-full-pipeline	39d43f2dec1eb2c59c65859fbb540315fffe9b0a	d704c17f90acffea21ce74d6df57fa3242776c79	4f80440c03768ccf9e981b0b317ca0382c873b5f	503b98cb22ae88798bb6bfca83a46676933f3600	本地实验/CROSSROW-FULL-PIPELINE-CHAMPION-X/V019/compile_adapter.asc	100644	fd777d9da0f76c4a462c7dbea7fb23322028f7ef		EXCLUDE	SUPPORT_SOURCE		source retained only by source commit/blob reference
W3-R5-CROSSROW-FULL-PIPELINE-CHAMPION-X	V019	perf(crossrow): test V019 alternating param DMA order	w3/m1/crossrow-full-pipeline	39d43f2dec1eb2c59c65859fbb540315fffe9b0a	d704c17f90acffea21ce74d6df57fa3242776c79	4f80440c03768ccf9e981b0b317ca0382c873b5f	503b98cb22ae88798bb6bfca83a46676933f3600	本地实验/CROSSROW-FULL-PIPELINE-CHAMPION-X/V019/support/CMakeLists.txt	100644	a4fbcffb60b5984b0237e73297282a80b05f8a79		EXCLUDE	BUILD_CONFIGURATION		build configuration not copied
W3-R5-CROSSROW-FULL-PIPELINE-CHAMPION-X	V019	perf(crossrow): test V019 alternating param DMA order	w3/m1/crossrow-full-pipeline	39d43f2dec1eb2c59c65859fbb540315fffe9b0a	d704c17f90acffea21ce74d6df57fa3242776c79	4f80440c03768ccf9e981b0b317ca0382c873b5f	503b98cb22ae88798bb6bfca83a46676933f3600	本地实验/CROSSROW-FULL-PIPELINE-CHAMPION-X/V019/support/candidate_adapter.asc	100644	c80db9b5125e177971939da98a4e765d9e0f05cf		EXCLUDE	CANDIDATE_OR_KERNEL_SOURCE		source retained only by source commit/blob reference
W3-R5-CROSSROW-FULL-PIPELINE-CHAMPION-X	V019	perf(crossrow): test V019 alternating param DMA order	w3/m1/crossrow-full-pipeline	39d43f2dec1eb2c59c65859fbb540315fffe9b0a	d704c17f90acffea21ce74d6df57fa3242776c79	4f80440c03768ccf9e981b0b317ca0382c873b5f	503b98cb22ae88798bb6bfca83a46676933f3600	本地实验/CROSSROW-FULL-PIPELINE-CHAMPION-X/V019/support/compile-runner-v019-server3.log	100644	91e98001ce86bf71da0305ea5f2cf488716b384b	证据集成/W3/Batch-09-R1-R3-R4-R5/R5/V019/support/compile-runner-v019-server3.log	COPY	COMPILE_LOG		original bytes
W3-R5-CROSSROW-FULL-PIPELINE-CHAMPION-X	V019	perf(crossrow): test V019 alternating param DMA order	w3/m1/crossrow-full-pipeline	39d43f2dec1eb2c59c65859fbb540315fffe9b0a	d704c17f90acffea21ce74d6df57fa3242776c79	4f80440c03768ccf9e981b0b317ca0382c873b5f	503b98cb22ae88798bb6bfca83a46676933f3600	本地实验/CROSSROW-FULL-PIPELINE-CHAMPION-X/V019/support/configure-runner-v019-server3.log	100644	cf4423ce2ad4be151a64af3e445014698f08ed37	证据集成/W3/Batch-09-R1-R3-R4-R5/R5/V019/support/configure-runner-v019-server3.log	COPY	RUN_LOG		original bytes
W3-R5-CROSSROW-FULL-PIPELINE-CHAMPION-X	V019	perf(crossrow): test V019 alternating param DMA order	w3/m1/crossrow-full-pipeline	39d43f2dec1eb2c59c65859fbb540315fffe9b0a	d704c17f90acffea21ce74d6df57fa3242776c79	4f80440c03768ccf9e981b0b317ca0382c873b5f	503b98cb22ae88798bb6bfca83a46676933f3600	本地实验/CROSSROW-FULL-PIPELINE-CHAMPION-X/V019/support/correctness-v019-device1-r16-d16384.log	100644	4e04ca496b6172937d01c9b313f1e6c6c852d34b	证据集成/W3/Batch-09-R1-R3-R4-R5/R5/V019/support/correctness-v019-device1-r16-d16384.log	COPY	CORRECTNESS_LOG		original bytes
W3-R5-CROSSROW-FULL-PIPELINE-CHAMPION-X	V019	perf(crossrow): test V019 alternating param DMA order	w3/m1/crossrow-full-pipeline	39d43f2dec1eb2c59c65859fbb540315fffe9b0a	d704c17f90acffea21ce74d6df57fa3242776c79	4f80440c03768ccf9e981b0b317ca0382c873b5f	503b98cb22ae88798bb6bfca83a46676933f3600	本地实验/CROSSROW-FULL-PIPELINE-CHAMPION-X/V019/support/local-v019-device1-r16-d16384.log	100644	ac96af351617c43ebbc0449df800f5a4645a26d4	证据集成/W3/Batch-09-R1-R3-R4-R5/R5/V019/support/local-v019-device1-r16-d16384.log	COPY	LOCAL_RUN_LOG		original bytes
W3-R5-CROSSROW-FULL-PIPELINE-CHAMPION-X	V019	perf(crossrow): test V019 alternating param DMA order	w3/m1/crossrow-full-pipeline	39d43f2dec1eb2c59c65859fbb540315fffe9b0a	d704c17f90acffea21ce74d6df57fa3242776c79	4f80440c03768ccf9e981b0b317ca0382c873b5f	503b98cb22ae88798bb6bfca83a46676933f3600	本地实验/CROSSROW-FULL-PIPELINE-CHAMPION-X/V019/support/local-v019-device1-r16-d16384.tsv	100644	c53b1c0e27edd334fb83f16eaf9acd2576b10d5b	证据集成/W3/Batch-09-R1-R3-R4-R5/R5/V019/support/local-v019-device1-r16-d16384.tsv	COPY	LOCAL_RAW_STATISTICS		original bytes
W3-R5-CROSSROW-FULL-PIPELINE-CHAMPION-X	V019	perf(crossrow): test V019 alternating param DMA order	w3/m1/crossrow-full-pipeline	39d43f2dec1eb2c59c65859fbb540315fffe9b0a	d704c17f90acffea21ce74d6df57fa3242776c79	4f80440c03768ccf9e981b0b317ca0382c873b5f	503b98cb22ae88798bb6bfca83a46676933f3600	本地实验/CROSSROW-FULL-PIPELINE-CHAMPION-X/V019/support/npu-smi-v019-post-local.txt	100644	13f7fbfd3553e2cf8effc5e9316a0c979764ce05	证据集成/W3/Batch-09-R1-R3-R4-R5/R5/V019/support/npu-smi-v019-post-local.txt	COPY	LOCAL_CONTEXT_OR_DIAGNOSTIC		original bytes
W3-R5-CROSSROW-FULL-PIPELINE-CHAMPION-X	V019	perf(crossrow): test V019 alternating param DMA order	w3/m1/crossrow-full-pipeline	39d43f2dec1eb2c59c65859fbb540315fffe9b0a	d704c17f90acffea21ce74d6df57fa3242776c79	4f80440c03768ccf9e981b0b317ca0382c873b5f	503b98cb22ae88798bb6bfca83a46676933f3600	本地实验/CROSSROW-FULL-PIPELINE-CHAMPION-X/V019/support/npu-smi-v019-pre-local.txt	100644	831113bcd74f577f0872e29aa1ef8c323da8c0a3	证据集成/W3/Batch-09-R1-R3-R4-R5/R5/V019/support/npu-smi-v019-pre-local.txt	COPY	LOCAL_CONTEXT_OR_DIAGNOSTIC		original bytes
W3-R5-CROSSROW-FULL-PIPELINE-CHAMPION-X	V019	perf(crossrow): test V019 alternating param DMA order	w3/m1/crossrow-full-pipeline	39d43f2dec1eb2c59c65859fbb540315fffe9b0a	d704c17f90acffea21ce74d6df57fa3242776c79	4f80440c03768ccf9e981b0b317ca0382c873b5f	503b98cb22ae88798bb6bfca83a46676933f3600	本地实验/CROSSROW-FULL-PIPELINE-CHAMPION-X/V019/support/parent_adapter.asc	100644	d5c9df28ed2a8f26b020c6c551eb8cc400846dd9		EXCLUDE	PARENT_KERNEL_SOURCE		source retained only by source commit/blob reference
W3-R5-CROSSROW-FULL-PIPELINE-CHAMPION-X	V019	perf(crossrow): test V019 alternating param DMA order	w3/m1/crossrow-full-pipeline	39d43f2dec1eb2c59c65859fbb540315fffe9b0a	d704c17f90acffea21ce74d6df57fa3242776c79	4f80440c03768ccf9e981b0b317ca0382c873b5f	503b98cb22ae88798bb6bfca83a46676933f3600	本地实验/CROSSROW-FULL-PIPELINE-CHAMPION-X/V019/support/runner_abi.h	100644	0b47603fc5a303efe00b0b66d79d72786d8435bb		EXCLUDE	SUPPORT_SOURCE		source retained only by source commit/blob reference
W3-R5-CROSSROW-FULL-PIPELINE-CHAMPION-X	V019	perf(crossrow): test V019 alternating param DMA order	w3/m1/crossrow-full-pipeline	39d43f2dec1eb2c59c65859fbb540315fffe9b0a	d704c17f90acffea21ce74d6df57fa3242776c79	4f80440c03768ccf9e981b0b317ca0382c873b5f	503b98cb22ae88798bb6bfca83a46676933f3600	本地实验/CROSSROW-FULL-PIPELINE-CHAMPION-X/V019/support/runner_main.cpp	100644	53e8c4ebf8dbc0aaef078dfd47aadc112acb8e83		EXCLUDE	SUPPORT_SOURCE		source retained only by source commit/blob reference
W3-R5-CROSSROW-FULL-PIPELINE-CHAMPION-X	V020	perf(crossrow): test V020 pass1 buffer phase	w3/m1/crossrow-full-pipeline	7b47e83cb8f119bcab6f0ee8d592d404ce46b2ae	39d43f2dec1eb2c59c65859fbb540315fffe9b0a	d06c26de1257c61e33324d6108c1352d28daf7d4	503b98cb22ae88798bb6bfca83a46676933f3600	本地实验/CROSSROW-FULL-PIPELINE-CHAMPION-X/V020/CMakeLists.txt	100644	d9563b5a0c19e156463c930d8f231cd3a33fb525		EXCLUDE	BUILD_CONFIGURATION		build configuration not copied
W3-R5-CROSSROW-FULL-PIPELINE-CHAMPION-X	V020	perf(crossrow): test V020 pass1 buffer phase	w3/m1/crossrow-full-pipeline	7b47e83cb8f119bcab6f0ee8d592d404ce46b2ae	39d43f2dec1eb2c59c65859fbb540315fffe9b0a	d06c26de1257c61e33324d6108c1352d28daf7d4	503b98cb22ae88798bb6bfca83a46676933f3600	本地实验/CROSSROW-FULL-PIPELINE-CHAMPION-X/V020/Candidate.asc	100644	8d8600192fd6401d995fac6d6415d34e6ddbfc1c		EXCLUDE	CANDIDATE_OR_KERNEL_SOURCE		source retained only by source commit/blob reference
W3-R5-CROSSROW-FULL-PIPELINE-CHAMPION-X	V020	perf(crossrow): test V020 pass1 buffer phase	w3/m1/crossrow-full-pipeline	7b47e83cb8f119bcab6f0ee8d592d404ce46b2ae	39d43f2dec1eb2c59c65859fbb540315fffe9b0a	d06c26de1257c61e33324d6108c1352d28daf7d4	503b98cb22ae88798bb6bfca83a46676933f3600	本地实验/CROSSROW-FULL-PIPELINE-CHAMPION-X/V020/Parent.asc	100644	d381ce0a2a5d242f346d26e8080ec95bfd9f3d75		EXCLUDE	PARENT_KERNEL_SOURCE		source retained only by source commit/blob reference
W3-R5-CROSSROW-FULL-PIPELINE-CHAMPION-X	V020	perf(crossrow): test V020 pass1 buffer phase	w3/m1/crossrow-full-pipeline	7b47e83cb8f119bcab6f0ee8d592d404ce46b2ae	39d43f2dec1eb2c59c65859fbb540315fffe9b0a	d06c26de1257c61e33324d6108c1352d28daf7d4	503b98cb22ae88798bb6bfca83a46676933f3600	本地实验/CROSSROW-FULL-PIPELINE-CHAMPION-X/V020/compile-v020-server3.log	100644	78f2095daa479c223086a0891381b372358c2663	证据集成/W3/Batch-09-R1-R3-R4-R5/R5/V020/compile-v020-server3.log	COPY	COMPILE_LOG		original bytes
W3-R5-CROSSROW-FULL-PIPELINE-CHAMPION-X	V020	perf(crossrow): test V020 pass1 buffer phase	w3/m1/crossrow-full-pipeline	7b47e83cb8f119bcab6f0ee8d592d404ce46b2ae	39d43f2dec1eb2c59c65859fbb540315fffe9b0a	d06c26de1257c61e33324d6108c1352d28daf7d4	503b98cb22ae88798bb6bfca83a46676933f3600	本地实验/CROSSROW-FULL-PIPELINE-CHAMPION-X/V020/compile_adapter.asc	100644	fd777d9da0f76c4a462c7dbea7fb23322028f7ef		EXCLUDE	SUPPORT_SOURCE		source retained only by source commit/blob reference
W3-R5-CROSSROW-FULL-PIPELINE-CHAMPION-X	V020	perf(crossrow): test V020 pass1 buffer phase	w3/m1/crossrow-full-pipeline	7b47e83cb8f119bcab6f0ee8d592d404ce46b2ae	39d43f2dec1eb2c59c65859fbb540315fffe9b0a	d06c26de1257c61e33324d6108c1352d28daf7d4	503b98cb22ae88798bb6bfca83a46676933f3600	本地实验/CROSSROW-FULL-PIPELINE-CHAMPION-X/V020/support/CMakeLists.txt	100644	a4fbcffb60b5984b0237e73297282a80b05f8a79		EXCLUDE	BUILD_CONFIGURATION		build configuration not copied
W3-R5-CROSSROW-FULL-PIPELINE-CHAMPION-X	V020	perf(crossrow): test V020 pass1 buffer phase	w3/m1/crossrow-full-pipeline	7b47e83cb8f119bcab6f0ee8d592d404ce46b2ae	39d43f2dec1eb2c59c65859fbb540315fffe9b0a	d06c26de1257c61e33324d6108c1352d28daf7d4	503b98cb22ae88798bb6bfca83a46676933f3600	本地实验/CROSSROW-FULL-PIPELINE-CHAMPION-X/V020/support/candidate_adapter.asc	100644	c80db9b5125e177971939da98a4e765d9e0f05cf		EXCLUDE	CANDIDATE_OR_KERNEL_SOURCE		source retained only by source commit/blob reference
W3-R5-CROSSROW-FULL-PIPELINE-CHAMPION-X	V020	perf(crossrow): test V020 pass1 buffer phase	w3/m1/crossrow-full-pipeline	7b47e83cb8f119bcab6f0ee8d592d404ce46b2ae	39d43f2dec1eb2c59c65859fbb540315fffe9b0a	d06c26de1257c61e33324d6108c1352d28daf7d4	503b98cb22ae88798bb6bfca83a46676933f3600	本地实验/CROSSROW-FULL-PIPELINE-CHAMPION-X/V020/support/compile-runner-v020-server3.log	100644	8bdbc2674c59c90b1f8d3ecaf3a85b083b069379	证据集成/W3/Batch-09-R1-R3-R4-R5/R5/V020/support/compile-runner-v020-server3.log	COPY	COMPILE_LOG		original bytes
W3-R5-CROSSROW-FULL-PIPELINE-CHAMPION-X	V020	perf(crossrow): test V020 pass1 buffer phase	w3/m1/crossrow-full-pipeline	7b47e83cb8f119bcab6f0ee8d592d404ce46b2ae	39d43f2dec1eb2c59c65859fbb540315fffe9b0a	d06c26de1257c61e33324d6108c1352d28daf7d4	503b98cb22ae88798bb6bfca83a46676933f3600	本地实验/CROSSROW-FULL-PIPELINE-CHAMPION-X/V020/support/correctness-v020-device1-r16-d16384.log	100644	024e446c374ad6445719cc27341795f9cc9b5345	证据集成/W3/Batch-09-R1-R3-R4-R5/R5/V020/support/correctness-v020-device1-r16-d16384.log	COPY	CORRECTNESS_LOG		original bytes
W3-R5-CROSSROW-FULL-PIPELINE-CHAMPION-X	V020	perf(crossrow): test V020 pass1 buffer phase	w3/m1/crossrow-full-pipeline	7b47e83cb8f119bcab6f0ee8d592d404ce46b2ae	39d43f2dec1eb2c59c65859fbb540315fffe9b0a	d06c26de1257c61e33324d6108c1352d28daf7d4	503b98cb22ae88798bb6bfca83a46676933f3600	本地实验/CROSSROW-FULL-PIPELINE-CHAMPION-X/V020/support/local-v020-device1-r16-d16384.log	100644	d745a8771e05ad02a2e090445a956c9ce2c47478	证据集成/W3/Batch-09-R1-R3-R4-R5/R5/V020/support/local-v020-device1-r16-d16384.log	COPY	LOCAL_RUN_LOG		original bytes
W3-R5-CROSSROW-FULL-PIPELINE-CHAMPION-X	V020	perf(crossrow): test V020 pass1 buffer phase	w3/m1/crossrow-full-pipeline	7b47e83cb8f119bcab6f0ee8d592d404ce46b2ae	39d43f2dec1eb2c59c65859fbb540315fffe9b0a	d06c26de1257c61e33324d6108c1352d28daf7d4	503b98cb22ae88798bb6bfca83a46676933f3600	本地实验/CROSSROW-FULL-PIPELINE-CHAMPION-X/V020/support/local-v020-device1-r16-d16384.tsv	100644	45c6339567621cc048761c68977163a0824d8d94	证据集成/W3/Batch-09-R1-R3-R4-R5/R5/V020/support/local-v020-device1-r16-d16384.tsv	COPY	LOCAL_RAW_STATISTICS		original bytes
W3-R5-CROSSROW-FULL-PIPELINE-CHAMPION-X	V020	perf(crossrow): test V020 pass1 buffer phase	w3/m1/crossrow-full-pipeline	7b47e83cb8f119bcab6f0ee8d592d404ce46b2ae	39d43f2dec1eb2c59c65859fbb540315fffe9b0a	d06c26de1257c61e33324d6108c1352d28daf7d4	503b98cb22ae88798bb6bfca83a46676933f3600	本地实验/CROSSROW-FULL-PIPELINE-CHAMPION-X/V020/support/npu-smi-v020-post-local.txt	100644	f75bfd4da31a5198d68fdd31d68588c1a0057d50	证据集成/W3/Batch-09-R1-R3-R4-R5/R5/V020/support/npu-smi-v020-post-local.txt	COPY	LOCAL_CONTEXT_OR_DIAGNOSTIC		original bytes
W3-R5-CROSSROW-FULL-PIPELINE-CHAMPION-X	V020	perf(crossrow): test V020 pass1 buffer phase	w3/m1/crossrow-full-pipeline	7b47e83cb8f119bcab6f0ee8d592d404ce46b2ae	39d43f2dec1eb2c59c65859fbb540315fffe9b0a	d06c26de1257c61e33324d6108c1352d28daf7d4	503b98cb22ae88798bb6bfca83a46676933f3600	本地实验/CROSSROW-FULL-PIPELINE-CHAMPION-X/V020/support/npu-smi-v020-pre-local.txt	100644	d9dd7a35a8773d6a3e268e993c9757f4d6e17ce2	证据集成/W3/Batch-09-R1-R3-R4-R5/R5/V020/support/npu-smi-v020-pre-local.txt	COPY	LOCAL_CONTEXT_OR_DIAGNOSTIC		original bytes
W3-R5-CROSSROW-FULL-PIPELINE-CHAMPION-X	V020	perf(crossrow): test V020 pass1 buffer phase	w3/m1/crossrow-full-pipeline	7b47e83cb8f119bcab6f0ee8d592d404ce46b2ae	39d43f2dec1eb2c59c65859fbb540315fffe9b0a	d06c26de1257c61e33324d6108c1352d28daf7d4	503b98cb22ae88798bb6bfca83a46676933f3600	本地实验/CROSSROW-FULL-PIPELINE-CHAMPION-X/V020/support/parent_adapter.asc	100644	d5c9df28ed2a8f26b020c6c551eb8cc400846dd9		EXCLUDE	PARENT_KERNEL_SOURCE		source retained only by source commit/blob reference
W3-R5-CROSSROW-FULL-PIPELINE-CHAMPION-X	V020	perf(crossrow): test V020 pass1 buffer phase	w3/m1/crossrow-full-pipeline	7b47e83cb8f119bcab6f0ee8d592d404ce46b2ae	39d43f2dec1eb2c59c65859fbb540315fffe9b0a	d06c26de1257c61e33324d6108c1352d28daf7d4	503b98cb22ae88798bb6bfca83a46676933f3600	本地实验/CROSSROW-FULL-PIPELINE-CHAMPION-X/V020/support/runner_abi.h	100644	0b47603fc5a303efe00b0b66d79d72786d8435bb		EXCLUDE	SUPPORT_SOURCE		source retained only by source commit/blob reference
W3-R5-CROSSROW-FULL-PIPELINE-CHAMPION-X	V020	perf(crossrow): test V020 pass1 buffer phase	w3/m1/crossrow-full-pipeline	7b47e83cb8f119bcab6f0ee8d592d404ce46b2ae	39d43f2dec1eb2c59c65859fbb540315fffe9b0a	d06c26de1257c61e33324d6108c1352d28daf7d4	503b98cb22ae88798bb6bfca83a46676933f3600	本地实验/CROSSROW-FULL-PIPELINE-CHAMPION-X/V020/support/runner_main.cpp	100644	4f8f92aac3e549db6e5b58158aa25bcc77a3a773		EXCLUDE	SUPPORT_SOURCE		source retained only by source commit/blob reference
W3-R5-CROSSROW-FULL-PIPELINE-CHAMPION-X	V021	perf(crossrow): test V021 residual-first input loads	w3/m1/crossrow-full-pipeline	0ef46d655d16f700d9df9fa21ca7a39b97b58ddd	7b47e83cb8f119bcab6f0ee8d592d404ce46b2ae	d34dc28ff7749eef45011e01aaa2fbb1681f612b	503b98cb22ae88798bb6bfca83a46676933f3600	本地实验/CROSSROW-FULL-PIPELINE-CHAMPION-X/V021/CMakeLists.txt	100644	d9563b5a0c19e156463c930d8f231cd3a33fb525		EXCLUDE	BUILD_CONFIGURATION		build configuration not copied
W3-R5-CROSSROW-FULL-PIPELINE-CHAMPION-X	V021	perf(crossrow): test V021 residual-first input loads	w3/m1/crossrow-full-pipeline	0ef46d655d16f700d9df9fa21ca7a39b97b58ddd	7b47e83cb8f119bcab6f0ee8d592d404ce46b2ae	d34dc28ff7749eef45011e01aaa2fbb1681f612b	503b98cb22ae88798bb6bfca83a46676933f3600	本地实验/CROSSROW-FULL-PIPELINE-CHAMPION-X/V021/Candidate.asc	100644	d3d5d1fa3b4d1605268873a1baf99a1de20b345c		EXCLUDE	CANDIDATE_OR_KERNEL_SOURCE		source retained only by source commit/blob reference
W3-R5-CROSSROW-FULL-PIPELINE-CHAMPION-X	V021	perf(crossrow): test V021 residual-first input loads	w3/m1/crossrow-full-pipeline	0ef46d655d16f700d9df9fa21ca7a39b97b58ddd	7b47e83cb8f119bcab6f0ee8d592d404ce46b2ae	d34dc28ff7749eef45011e01aaa2fbb1681f612b	503b98cb22ae88798bb6bfca83a46676933f3600	本地实验/CROSSROW-FULL-PIPELINE-CHAMPION-X/V021/Parent.asc	100644	d381ce0a2a5d242f346d26e8080ec95bfd9f3d75		EXCLUDE	PARENT_KERNEL_SOURCE		source retained only by source commit/blob reference
W3-R5-CROSSROW-FULL-PIPELINE-CHAMPION-X	V021	perf(crossrow): test V021 residual-first input loads	w3/m1/crossrow-full-pipeline	0ef46d655d16f700d9df9fa21ca7a39b97b58ddd	7b47e83cb8f119bcab6f0ee8d592d404ce46b2ae	d34dc28ff7749eef45011e01aaa2fbb1681f612b	503b98cb22ae88798bb6bfca83a46676933f3600	本地实验/CROSSROW-FULL-PIPELINE-CHAMPION-X/V021/compile-v021-server3.log	100644	574fd9341f91e755ebbdc5ab65b5f0cd00dfa4b2	证据集成/W3/Batch-09-R1-R3-R4-R5/R5/V021/compile-v021-server3.log	COPY	COMPILE_LOG		original bytes
W3-R5-CROSSROW-FULL-PIPELINE-CHAMPION-X	V021	perf(crossrow): test V021 residual-first input loads	w3/m1/crossrow-full-pipeline	0ef46d655d16f700d9df9fa21ca7a39b97b58ddd	7b47e83cb8f119bcab6f0ee8d592d404ce46b2ae	d34dc28ff7749eef45011e01aaa2fbb1681f612b	503b98cb22ae88798bb6bfca83a46676933f3600	本地实验/CROSSROW-FULL-PIPELINE-CHAMPION-X/V021/compile_adapter.asc	100644	fd777d9da0f76c4a462c7dbea7fb23322028f7ef		EXCLUDE	SUPPORT_SOURCE		source retained only by source commit/blob reference
W3-R5-CROSSROW-FULL-PIPELINE-CHAMPION-X	V021	perf(crossrow): test V021 residual-first input loads	w3/m1/crossrow-full-pipeline	0ef46d655d16f700d9df9fa21ca7a39b97b58ddd	7b47e83cb8f119bcab6f0ee8d592d404ce46b2ae	d34dc28ff7749eef45011e01aaa2fbb1681f612b	503b98cb22ae88798bb6bfca83a46676933f3600	本地实验/CROSSROW-FULL-PIPELINE-CHAMPION-X/V021/support/CMakeLists.txt	100644	a4fbcffb60b5984b0237e73297282a80b05f8a79		EXCLUDE	BUILD_CONFIGURATION		build configuration not copied
W3-R5-CROSSROW-FULL-PIPELINE-CHAMPION-X	V021	perf(crossrow): test V021 residual-first input loads	w3/m1/crossrow-full-pipeline	0ef46d655d16f700d9df9fa21ca7a39b97b58ddd	7b47e83cb8f119bcab6f0ee8d592d404ce46b2ae	d34dc28ff7749eef45011e01aaa2fbb1681f612b	503b98cb22ae88798bb6bfca83a46676933f3600	本地实验/CROSSROW-FULL-PIPELINE-CHAMPION-X/V021/support/candidate_adapter.asc	100644	c80db9b5125e177971939da98a4e765d9e0f05cf		EXCLUDE	CANDIDATE_OR_KERNEL_SOURCE		source retained only by source commit/blob reference
W3-R5-CROSSROW-FULL-PIPELINE-CHAMPION-X	V021	perf(crossrow): test V021 residual-first input loads	w3/m1/crossrow-full-pipeline	0ef46d655d16f700d9df9fa21ca7a39b97b58ddd	7b47e83cb8f119bcab6f0ee8d592d404ce46b2ae	d34dc28ff7749eef45011e01aaa2fbb1681f612b	503b98cb22ae88798bb6bfca83a46676933f3600	本地实验/CROSSROW-FULL-PIPELINE-CHAMPION-X/V021/support/compile-runner-v021-server3.log	100644	8c9b9d1031ee60b59baed129a5ae7c663d0c9892	证据集成/W3/Batch-09-R1-R3-R4-R5/R5/V021/support/compile-runner-v021-server3.log	COPY	COMPILE_LOG		original bytes
W3-R5-CROSSROW-FULL-PIPELINE-CHAMPION-X	V021	perf(crossrow): test V021 residual-first input loads	w3/m1/crossrow-full-pipeline	0ef46d655d16f700d9df9fa21ca7a39b97b58ddd	7b47e83cb8f119bcab6f0ee8d592d404ce46b2ae	d34dc28ff7749eef45011e01aaa2fbb1681f612b	503b98cb22ae88798bb6bfca83a46676933f3600	本地实验/CROSSROW-FULL-PIPELINE-CHAMPION-X/V021/support/correctness-v021-device1-r16-d16384.log	100644	2324cfc7525b37343132cc17e65a37df2a9fd3dc	证据集成/W3/Batch-09-R1-R3-R4-R5/R5/V021/support/correctness-v021-device1-r16-d16384.log	COPY	CORRECTNESS_LOG		original bytes
W3-R5-CROSSROW-FULL-PIPELINE-CHAMPION-X	V021	perf(crossrow): test V021 residual-first input loads	w3/m1/crossrow-full-pipeline	0ef46d655d16f700d9df9fa21ca7a39b97b58ddd	7b47e83cb8f119bcab6f0ee8d592d404ce46b2ae	d34dc28ff7749eef45011e01aaa2fbb1681f612b	503b98cb22ae88798bb6bfca83a46676933f3600	本地实验/CROSSROW-FULL-PIPELINE-CHAMPION-X/V021/support/local-v021-device1-r16-d16384.log	100644	a91fd5a2706479609a6d50afd8c5d93973cbc3a1	证据集成/W3/Batch-09-R1-R3-R4-R5/R5/V021/support/local-v021-device1-r16-d16384.log	COPY	LOCAL_RUN_LOG		original bytes
W3-R5-CROSSROW-FULL-PIPELINE-CHAMPION-X	V021	perf(crossrow): test V021 residual-first input loads	w3/m1/crossrow-full-pipeline	0ef46d655d16f700d9df9fa21ca7a39b97b58ddd	7b47e83cb8f119bcab6f0ee8d592d404ce46b2ae	d34dc28ff7749eef45011e01aaa2fbb1681f612b	503b98cb22ae88798bb6bfca83a46676933f3600	本地实验/CROSSROW-FULL-PIPELINE-CHAMPION-X/V021/support/local-v021-device1-r16-d16384.tsv	100644	2af488b9f9e6efe579aa61fb0630b671673b61f4	证据集成/W3/Batch-09-R1-R3-R4-R5/R5/V021/support/local-v021-device1-r16-d16384.tsv	COPY	LOCAL_RAW_STATISTICS		original bytes
W3-R5-CROSSROW-FULL-PIPELINE-CHAMPION-X	V021	perf(crossrow): test V021 residual-first input loads	w3/m1/crossrow-full-pipeline	0ef46d655d16f700d9df9fa21ca7a39b97b58ddd	7b47e83cb8f119bcab6f0ee8d592d404ce46b2ae	d34dc28ff7749eef45011e01aaa2fbb1681f612b	503b98cb22ae88798bb6bfca83a46676933f3600	本地实验/CROSSROW-FULL-PIPELINE-CHAMPION-X/V021/support/npu-smi-v021-post-local.txt	100644	b521b823763533dc3a89b97e3372fb344a549176	证据集成/W3/Batch-09-R1-R3-R4-R5/R5/V021/support/npu-smi-v021-post-local.txt	COPY	LOCAL_CONTEXT_OR_DIAGNOSTIC		original bytes
W3-R5-CROSSROW-FULL-PIPELINE-CHAMPION-X	V021	perf(crossrow): test V021 residual-first input loads	w3/m1/crossrow-full-pipeline	0ef46d655d16f700d9df9fa21ca7a39b97b58ddd	7b47e83cb8f119bcab6f0ee8d592d404ce46b2ae	d34dc28ff7749eef45011e01aaa2fbb1681f612b	503b98cb22ae88798bb6bfca83a46676933f3600	本地实验/CROSSROW-FULL-PIPELINE-CHAMPION-X/V021/support/npu-smi-v021-pre-local.txt	100644	3a28b7e2539b6946f572650ce950ad340ff6f928	证据集成/W3/Batch-09-R1-R3-R4-R5/R5/V021/support/npu-smi-v021-pre-local.txt	COPY	LOCAL_CONTEXT_OR_DIAGNOSTIC		original bytes
W3-R5-CROSSROW-FULL-PIPELINE-CHAMPION-X	V021	perf(crossrow): test V021 residual-first input loads	w3/m1/crossrow-full-pipeline	0ef46d655d16f700d9df9fa21ca7a39b97b58ddd	7b47e83cb8f119bcab6f0ee8d592d404ce46b2ae	d34dc28ff7749eef45011e01aaa2fbb1681f612b	503b98cb22ae88798bb6bfca83a46676933f3600	本地实验/CROSSROW-FULL-PIPELINE-CHAMPION-X/V021/support/parent_adapter.asc	100644	d5c9df28ed2a8f26b020c6c551eb8cc400846dd9		EXCLUDE	PARENT_KERNEL_SOURCE		source retained only by source commit/blob reference
W3-R5-CROSSROW-FULL-PIPELINE-CHAMPION-X	V021	perf(crossrow): test V021 residual-first input loads	w3/m1/crossrow-full-pipeline	0ef46d655d16f700d9df9fa21ca7a39b97b58ddd	7b47e83cb8f119bcab6f0ee8d592d404ce46b2ae	d34dc28ff7749eef45011e01aaa2fbb1681f612b	503b98cb22ae88798bb6bfca83a46676933f3600	本地实验/CROSSROW-FULL-PIPELINE-CHAMPION-X/V021/support/runner_abi.h	100644	0b47603fc5a303efe00b0b66d79d72786d8435bb		EXCLUDE	SUPPORT_SOURCE		source retained only by source commit/blob reference
W3-R5-CROSSROW-FULL-PIPELINE-CHAMPION-X	V021	perf(crossrow): test V021 residual-first input loads	w3/m1/crossrow-full-pipeline	0ef46d655d16f700d9df9fa21ca7a39b97b58ddd	7b47e83cb8f119bcab6f0ee8d592d404ce46b2ae	d34dc28ff7749eef45011e01aaa2fbb1681f612b	503b98cb22ae88798bb6bfca83a46676933f3600	本地实验/CROSSROW-FULL-PIPELINE-CHAMPION-X/V021/support/runner_main.cpp	100644	7c739fd5417ba38c955ad94757384460a1d3f0f6		EXCLUDE	SUPPORT_SOURCE		source retained only by source commit/blob reference
W3-R5-CROSSROW-FULL-PIPELINE-CHAMPION-X	V022	perf(crossrow): test V022 fp16 y copy form	w3/m1/crossrow-full-pipeline	57c40aa291a115cf6ff4c108f1cd591a9786c15a	0ef46d655d16f700d9df9fa21ca7a39b97b58ddd	e5ffef805b871f7e9e8d2e0f5f74c244bc95cd64	503b98cb22ae88798bb6bfca83a46676933f3600	本地实验/CROSSROW-FULL-PIPELINE-CHAMPION-X/V022/CMakeLists.txt	100644	d9563b5a0c19e156463c930d8f231cd3a33fb525		EXCLUDE	BUILD_CONFIGURATION		build configuration not copied
W3-R5-CROSSROW-FULL-PIPELINE-CHAMPION-X	V022	perf(crossrow): test V022 fp16 y copy form	w3/m1/crossrow-full-pipeline	57c40aa291a115cf6ff4c108f1cd591a9786c15a	0ef46d655d16f700d9df9fa21ca7a39b97b58ddd	e5ffef805b871f7e9e8d2e0f5f74c244bc95cd64	503b98cb22ae88798bb6bfca83a46676933f3600	本地实验/CROSSROW-FULL-PIPELINE-CHAMPION-X/V022/Candidate.asc	100644	18d8c65a51ed9d1252d4c11557f44dba1c6d925b		EXCLUDE	CANDIDATE_OR_KERNEL_SOURCE		source retained only by source commit/blob reference
W3-R5-CROSSROW-FULL-PIPELINE-CHAMPION-X	V022	perf(crossrow): test V022 fp16 y copy form	w3/m1/crossrow-full-pipeline	57c40aa291a115cf6ff4c108f1cd591a9786c15a	0ef46d655d16f700d9df9fa21ca7a39b97b58ddd	e5ffef805b871f7e9e8d2e0f5f74c244bc95cd64	503b98cb22ae88798bb6bfca83a46676933f3600	本地实验/CROSSROW-FULL-PIPELINE-CHAMPION-X/V022/Parent.asc	100644	d381ce0a2a5d242f346d26e8080ec95bfd9f3d75		EXCLUDE	PARENT_KERNEL_SOURCE		source retained only by source commit/blob reference
W3-R5-CROSSROW-FULL-PIPELINE-CHAMPION-X	V022	perf(crossrow): test V022 fp16 y copy form	w3/m1/crossrow-full-pipeline	57c40aa291a115cf6ff4c108f1cd591a9786c15a	0ef46d655d16f700d9df9fa21ca7a39b97b58ddd	e5ffef805b871f7e9e8d2e0f5f74c244bc95cd64	503b98cb22ae88798bb6bfca83a46676933f3600	本地实验/CROSSROW-FULL-PIPELINE-CHAMPION-X/V022/compile-v022-server3.log	100644	3c3b1dd889070ca123bf070a664d251a7d2b81d1	证据集成/W3/Batch-09-R1-R3-R4-R5/R5/V022/compile-v022-server3.log	COPY	COMPILE_LOG		original bytes
W3-R5-CROSSROW-FULL-PIPELINE-CHAMPION-X	V022	perf(crossrow): test V022 fp16 y copy form	w3/m1/crossrow-full-pipeline	57c40aa291a115cf6ff4c108f1cd591a9786c15a	0ef46d655d16f700d9df9fa21ca7a39b97b58ddd	e5ffef805b871f7e9e8d2e0f5f74c244bc95cd64	503b98cb22ae88798bb6bfca83a46676933f3600	本地实验/CROSSROW-FULL-PIPELINE-CHAMPION-X/V022/compile_adapter.asc	100644	fd777d9da0f76c4a462c7dbea7fb23322028f7ef		EXCLUDE	SUPPORT_SOURCE		source retained only by source commit/blob reference
W3-R5-CROSSROW-FULL-PIPELINE-CHAMPION-X	V022	perf(crossrow): test V022 fp16 y copy form	w3/m1/crossrow-full-pipeline	57c40aa291a115cf6ff4c108f1cd591a9786c15a	0ef46d655d16f700d9df9fa21ca7a39b97b58ddd	e5ffef805b871f7e9e8d2e0f5f74c244bc95cd64	503b98cb22ae88798bb6bfca83a46676933f3600	本地实验/CROSSROW-FULL-PIPELINE-CHAMPION-X/V022/support/CMakeLists.txt	100644	a4fbcffb60b5984b0237e73297282a80b05f8a79		EXCLUDE	BUILD_CONFIGURATION		build configuration not copied
W3-R5-CROSSROW-FULL-PIPELINE-CHAMPION-X	V022	perf(crossrow): test V022 fp16 y copy form	w3/m1/crossrow-full-pipeline	57c40aa291a115cf6ff4c108f1cd591a9786c15a	0ef46d655d16f700d9df9fa21ca7a39b97b58ddd	e5ffef805b871f7e9e8d2e0f5f74c244bc95cd64	503b98cb22ae88798bb6bfca83a46676933f3600	本地实验/CROSSROW-FULL-PIPELINE-CHAMPION-X/V022/support/candidate_adapter.asc	100644	c80db9b5125e177971939da98a4e765d9e0f05cf		EXCLUDE	CANDIDATE_OR_KERNEL_SOURCE		source retained only by source commit/blob reference
W3-R5-CROSSROW-FULL-PIPELINE-CHAMPION-X	V022	perf(crossrow): test V022 fp16 y copy form	w3/m1/crossrow-full-pipeline	57c40aa291a115cf6ff4c108f1cd591a9786c15a	0ef46d655d16f700d9df9fa21ca7a39b97b58ddd	e5ffef805b871f7e9e8d2e0f5f74c244bc95cd64	503b98cb22ae88798bb6bfca83a46676933f3600	本地实验/CROSSROW-FULL-PIPELINE-CHAMPION-X/V022/support/compile-runner-v022-server3.log	100644	e24b52bb973d3edc949244bfa66f13ae4a8b3f6e	证据集成/W3/Batch-09-R1-R3-R4-R5/R5/V022/support/compile-runner-v022-server3.log	COPY	COMPILE_LOG		original bytes
W3-R5-CROSSROW-FULL-PIPELINE-CHAMPION-X	V022	perf(crossrow): test V022 fp16 y copy form	w3/m1/crossrow-full-pipeline	57c40aa291a115cf6ff4c108f1cd591a9786c15a	0ef46d655d16f700d9df9fa21ca7a39b97b58ddd	e5ffef805b871f7e9e8d2e0f5f74c244bc95cd64	503b98cb22ae88798bb6bfca83a46676933f3600	本地实验/CROSSROW-FULL-PIPELINE-CHAMPION-X/V022/support/correctness-v022-device1-r16-d16384.log	100644	95ba19583fe551114fe675f28b85cb28d94c9746	证据集成/W3/Batch-09-R1-R3-R4-R5/R5/V022/support/correctness-v022-device1-r16-d16384.log	COPY	CORRECTNESS_LOG		original bytes
W3-R5-CROSSROW-FULL-PIPELINE-CHAMPION-X	V022	perf(crossrow): test V022 fp16 y copy form	w3/m1/crossrow-full-pipeline	57c40aa291a115cf6ff4c108f1cd591a9786c15a	0ef46d655d16f700d9df9fa21ca7a39b97b58ddd	e5ffef805b871f7e9e8d2e0f5f74c244bc95cd64	503b98cb22ae88798bb6bfca83a46676933f3600	本地实验/CROSSROW-FULL-PIPELINE-CHAMPION-X/V022/support/local-v022-device1-r16-d16384.log	100644	3c18bb7c5e0cd9ef3377ea17183592ed315f8a80	证据集成/W3/Batch-09-R1-R3-R4-R5/R5/V022/support/local-v022-device1-r16-d16384.log	COPY	LOCAL_RUN_LOG		original bytes
W3-R5-CROSSROW-FULL-PIPELINE-CHAMPION-X	V022	perf(crossrow): test V022 fp16 y copy form	w3/m1/crossrow-full-pipeline	57c40aa291a115cf6ff4c108f1cd591a9786c15a	0ef46d655d16f700d9df9fa21ca7a39b97b58ddd	e5ffef805b871f7e9e8d2e0f5f74c244bc95cd64	503b98cb22ae88798bb6bfca83a46676933f3600	本地实验/CROSSROW-FULL-PIPELINE-CHAMPION-X/V022/support/local-v022-device1-r16-d16384.tsv	100644	cc7d8e6564468672d5391175a9b4bcd897e574a3	证据集成/W3/Batch-09-R1-R3-R4-R5/R5/V022/support/local-v022-device1-r16-d16384.tsv	COPY	LOCAL_RAW_STATISTICS		original bytes
W3-R5-CROSSROW-FULL-PIPELINE-CHAMPION-X	V022	perf(crossrow): test V022 fp16 y copy form	w3/m1/crossrow-full-pipeline	57c40aa291a115cf6ff4c108f1cd591a9786c15a	0ef46d655d16f700d9df9fa21ca7a39b97b58ddd	e5ffef805b871f7e9e8d2e0f5f74c244bc95cd64	503b98cb22ae88798bb6bfca83a46676933f3600	本地实验/CROSSROW-FULL-PIPELINE-CHAMPION-X/V022/support/npu-smi-v022-post-local.txt	100644	d8a5f3cf329126b05ae14c4af44e73e3053c0e5e	证据集成/W3/Batch-09-R1-R3-R4-R5/R5/V022/support/npu-smi-v022-post-local.txt	COPY	LOCAL_CONTEXT_OR_DIAGNOSTIC		original bytes
W3-R5-CROSSROW-FULL-PIPELINE-CHAMPION-X	V022	perf(crossrow): test V022 fp16 y copy form	w3/m1/crossrow-full-pipeline	57c40aa291a115cf6ff4c108f1cd591a9786c15a	0ef46d655d16f700d9df9fa21ca7a39b97b58ddd	e5ffef805b871f7e9e8d2e0f5f74c244bc95cd64	503b98cb22ae88798bb6bfca83a46676933f3600	本地实验/CROSSROW-FULL-PIPELINE-CHAMPION-X/V022/support/npu-smi-v022-pre-local.txt	100644	4fda04f9728bef752f420823d740c9c02c9bd7eb	证据集成/W3/Batch-09-R1-R3-R4-R5/R5/V022/support/npu-smi-v022-pre-local.txt	COPY	LOCAL_CONTEXT_OR_DIAGNOSTIC		original bytes
W3-R5-CROSSROW-FULL-PIPELINE-CHAMPION-X	V022	perf(crossrow): test V022 fp16 y copy form	w3/m1/crossrow-full-pipeline	57c40aa291a115cf6ff4c108f1cd591a9786c15a	0ef46d655d16f700d9df9fa21ca7a39b97b58ddd	e5ffef805b871f7e9e8d2e0f5f74c244bc95cd64	503b98cb22ae88798bb6bfca83a46676933f3600	本地实验/CROSSROW-FULL-PIPELINE-CHAMPION-X/V022/support/parent_adapter.asc	100644	d5c9df28ed2a8f26b020c6c551eb8cc400846dd9		EXCLUDE	PARENT_KERNEL_SOURCE		source retained only by source commit/blob reference
W3-R5-CROSSROW-FULL-PIPELINE-CHAMPION-X	V022	perf(crossrow): test V022 fp16 y copy form	w3/m1/crossrow-full-pipeline	57c40aa291a115cf6ff4c108f1cd591a9786c15a	0ef46d655d16f700d9df9fa21ca7a39b97b58ddd	e5ffef805b871f7e9e8d2e0f5f74c244bc95cd64	503b98cb22ae88798bb6bfca83a46676933f3600	本地实验/CROSSROW-FULL-PIPELINE-CHAMPION-X/V022/support/runner_abi.h	100644	0b47603fc5a303efe00b0b66d79d72786d8435bb		EXCLUDE	SUPPORT_SOURCE		source retained only by source commit/blob reference
W3-R5-CROSSROW-FULL-PIPELINE-CHAMPION-X	V022	perf(crossrow): test V022 fp16 y copy form	w3/m1/crossrow-full-pipeline	57c40aa291a115cf6ff4c108f1cd591a9786c15a	0ef46d655d16f700d9df9fa21ca7a39b97b58ddd	e5ffef805b871f7e9e8d2e0f5f74c244bc95cd64	503b98cb22ae88798bb6bfca83a46676933f3600	本地实验/CROSSROW-FULL-PIPELINE-CHAMPION-X/V022/support/runner_main.cpp	100644	fd1f235f8e3194af5f814ea1f1b8b336d85d3b1e		EXCLUDE	SUPPORT_SOURCE		source retained only by source commit/blob reference
W3-R5-CROSSROW-FULL-PIPELINE-CHAMPION-X	V023	perf(crossrow): test V023 reverse fp16 pass1 tiles	w3/m1/crossrow-full-pipeline	dffedf5c9a2daff3f228ffb836d89ac1471d796e	57c40aa291a115cf6ff4c108f1cd591a9786c15a	837d1f5a61d1863730392d0fb050e716856a980f	503b98cb22ae88798bb6bfca83a46676933f3600	本地实验/CROSSROW-FULL-PIPELINE-CHAMPION-X/V023/CMakeLists.txt	100644	d9563b5a0c19e156463c930d8f231cd3a33fb525		EXCLUDE	BUILD_CONFIGURATION		build configuration not copied
W3-R5-CROSSROW-FULL-PIPELINE-CHAMPION-X	V023	perf(crossrow): test V023 reverse fp16 pass1 tiles	w3/m1/crossrow-full-pipeline	dffedf5c9a2daff3f228ffb836d89ac1471d796e	57c40aa291a115cf6ff4c108f1cd591a9786c15a	837d1f5a61d1863730392d0fb050e716856a980f	503b98cb22ae88798bb6bfca83a46676933f3600	本地实验/CROSSROW-FULL-PIPELINE-CHAMPION-X/V023/Candidate.asc	100644	da7d17767a8facdafb5d30ee92d36346347fd5cb		EXCLUDE	CANDIDATE_OR_KERNEL_SOURCE		source retained only by source commit/blob reference
W3-R5-CROSSROW-FULL-PIPELINE-CHAMPION-X	V023	perf(crossrow): test V023 reverse fp16 pass1 tiles	w3/m1/crossrow-full-pipeline	dffedf5c9a2daff3f228ffb836d89ac1471d796e	57c40aa291a115cf6ff4c108f1cd591a9786c15a	837d1f5a61d1863730392d0fb050e716856a980f	503b98cb22ae88798bb6bfca83a46676933f3600	本地实验/CROSSROW-FULL-PIPELINE-CHAMPION-X/V023/Parent.asc	100644	d381ce0a2a5d242f346d26e8080ec95bfd9f3d75		EXCLUDE	PARENT_KERNEL_SOURCE		source retained only by source commit/blob reference
W3-R5-CROSSROW-FULL-PIPELINE-CHAMPION-X	V023	perf(crossrow): test V023 reverse fp16 pass1 tiles	w3/m1/crossrow-full-pipeline	dffedf5c9a2daff3f228ffb836d89ac1471d796e	57c40aa291a115cf6ff4c108f1cd591a9786c15a	837d1f5a61d1863730392d0fb050e716856a980f	503b98cb22ae88798bb6bfca83a46676933f3600	本地实验/CROSSROW-FULL-PIPELINE-CHAMPION-X/V023/compile-v023-attempt-02.log	100644	59516a5785d89f7db59811f033498630cd7477f8	证据集成/W3/Batch-09-R1-R3-R4-R5/R5/V023/compile-v023-attempt-02.log	COPY	COMPILE_LOG		original bytes
W3-R5-CROSSROW-FULL-PIPELINE-CHAMPION-X	V023	perf(crossrow): test V023 reverse fp16 pass1 tiles	w3/m1/crossrow-full-pipeline	dffedf5c9a2daff3f228ffb836d89ac1471d796e	57c40aa291a115cf6ff4c108f1cd591a9786c15a	837d1f5a61d1863730392d0fb050e716856a980f	503b98cb22ae88798bb6bfca83a46676933f3600	本地实验/CROSSROW-FULL-PIPELINE-CHAMPION-X/V023/compile-v023-server3.log	100644	c1b1684a19224801513f5bf243015674e6a1db03	证据集成/W3/Batch-09-R1-R3-R4-R5/R5/V023/compile-v023-server3.log	COPY	COMPILE_LOG		original bytes
W3-R5-CROSSROW-FULL-PIPELINE-CHAMPION-X	V023	perf(crossrow): test V023 reverse fp16 pass1 tiles	w3/m1/crossrow-full-pipeline	dffedf5c9a2daff3f228ffb836d89ac1471d796e	57c40aa291a115cf6ff4c108f1cd591a9786c15a	837d1f5a61d1863730392d0fb050e716856a980f	503b98cb22ae88798bb6bfca83a46676933f3600	本地实验/CROSSROW-FULL-PIPELINE-CHAMPION-X/V023/compile_adapter.asc	100644	fd777d9da0f76c4a462c7dbea7fb23322028f7ef		EXCLUDE	SUPPORT_SOURCE		source retained only by source commit/blob reference
W3-R5-CROSSROW-FULL-PIPELINE-CHAMPION-X	V023	perf(crossrow): test V023 reverse fp16 pass1 tiles	w3/m1/crossrow-full-pipeline	dffedf5c9a2daff3f228ffb836d89ac1471d796e	57c40aa291a115cf6ff4c108f1cd591a9786c15a	837d1f5a61d1863730392d0fb050e716856a980f	503b98cb22ae88798bb6bfca83a46676933f3600	本地实验/CROSSROW-FULL-PIPELINE-CHAMPION-X/V023/support/CMakeLists.txt	100644	a4fbcffb60b5984b0237e73297282a80b05f8a79		EXCLUDE	BUILD_CONFIGURATION		build configuration not copied
W3-R5-CROSSROW-FULL-PIPELINE-CHAMPION-X	V023	perf(crossrow): test V023 reverse fp16 pass1 tiles	w3/m1/crossrow-full-pipeline	dffedf5c9a2daff3f228ffb836d89ac1471d796e	57c40aa291a115cf6ff4c108f1cd591a9786c15a	837d1f5a61d1863730392d0fb050e716856a980f	503b98cb22ae88798bb6bfca83a46676933f3600	本地实验/CROSSROW-FULL-PIPELINE-CHAMPION-X/V023/support/candidate_adapter.asc	100644	c80db9b5125e177971939da98a4e765d9e0f05cf		EXCLUDE	CANDIDATE_OR_KERNEL_SOURCE		source retained only by source commit/blob reference
W3-R5-CROSSROW-FULL-PIPELINE-CHAMPION-X	V023	perf(crossrow): test V023 reverse fp16 pass1 tiles	w3/m1/crossrow-full-pipeline	dffedf5c9a2daff3f228ffb836d89ac1471d796e	57c40aa291a115cf6ff4c108f1cd591a9786c15a	837d1f5a61d1863730392d0fb050e716856a980f	503b98cb22ae88798bb6bfca83a46676933f3600	本地实验/CROSSROW-FULL-PIPELINE-CHAMPION-X/V023/support/compile-runner-v023-server3.log	100644	95d0ee69ce947265818c4552944dc2b3e804abe6	证据集成/W3/Batch-09-R1-R3-R4-R5/R5/V023/support/compile-runner-v023-server3.log	COPY	COMPILE_LOG		original bytes
W3-R5-CROSSROW-FULL-PIPELINE-CHAMPION-X	V023	perf(crossrow): test V023 reverse fp16 pass1 tiles	w3/m1/crossrow-full-pipeline	dffedf5c9a2daff3f228ffb836d89ac1471d796e	57c40aa291a115cf6ff4c108f1cd591a9786c15a	837d1f5a61d1863730392d0fb050e716856a980f	503b98cb22ae88798bb6bfca83a46676933f3600	本地实验/CROSSROW-FULL-PIPELINE-CHAMPION-X/V023/support/correctness-v023-device1-r16-d16384.log	100644	92cf69d2705a4a221c9369383abe1eae5e10c372	证据集成/W3/Batch-09-R1-R3-R4-R5/R5/V023/support/correctness-v023-device1-r16-d16384.log	COPY	CORRECTNESS_LOG		original bytes
W3-R5-CROSSROW-FULL-PIPELINE-CHAMPION-X	V023	perf(crossrow): test V023 reverse fp16 pass1 tiles	w3/m1/crossrow-full-pipeline	dffedf5c9a2daff3f228ffb836d89ac1471d796e	57c40aa291a115cf6ff4c108f1cd591a9786c15a	837d1f5a61d1863730392d0fb050e716856a980f	503b98cb22ae88798bb6bfca83a46676933f3600	本地实验/CROSSROW-FULL-PIPELINE-CHAMPION-X/V023/support/local-v023-device1-r16-d16384.log	100644	64e395bedb76d200b9555a55d0a75fc80d8da675	证据集成/W3/Batch-09-R1-R3-R4-R5/R5/V023/support/local-v023-device1-r16-d16384.log	COPY	LOCAL_RUN_LOG		original bytes
W3-R5-CROSSROW-FULL-PIPELINE-CHAMPION-X	V023	perf(crossrow): test V023 reverse fp16 pass1 tiles	w3/m1/crossrow-full-pipeline	dffedf5c9a2daff3f228ffb836d89ac1471d796e	57c40aa291a115cf6ff4c108f1cd591a9786c15a	837d1f5a61d1863730392d0fb050e716856a980f	503b98cb22ae88798bb6bfca83a46676933f3600	本地实验/CROSSROW-FULL-PIPELINE-CHAMPION-X/V023/support/local-v023-device1-r16-d16384.tsv	100644	66a78f90cb9d1174ff5e0a5d16541c52d1cca9dc	证据集成/W3/Batch-09-R1-R3-R4-R5/R5/V023/support/local-v023-device1-r16-d16384.tsv	COPY	LOCAL_RAW_STATISTICS		original bytes
W3-R5-CROSSROW-FULL-PIPELINE-CHAMPION-X	V023	perf(crossrow): test V023 reverse fp16 pass1 tiles	w3/m1/crossrow-full-pipeline	dffedf5c9a2daff3f228ffb836d89ac1471d796e	57c40aa291a115cf6ff4c108f1cd591a9786c15a	837d1f5a61d1863730392d0fb050e716856a980f	503b98cb22ae88798bb6bfca83a46676933f3600	本地实验/CROSSROW-FULL-PIPELINE-CHAMPION-X/V023/support/npu-smi-v023-post-local.txt	100644	87e1fdb04be5534736c23ac5925eb480156acdf1	证据集成/W3/Batch-09-R1-R3-R4-R5/R5/V023/support/npu-smi-v023-post-local.txt	COPY	LOCAL_CONTEXT_OR_DIAGNOSTIC		original bytes
W3-R5-CROSSROW-FULL-PIPELINE-CHAMPION-X	V023	perf(crossrow): test V023 reverse fp16 pass1 tiles	w3/m1/crossrow-full-pipeline	dffedf5c9a2daff3f228ffb836d89ac1471d796e	57c40aa291a115cf6ff4c108f1cd591a9786c15a	837d1f5a61d1863730392d0fb050e716856a980f	503b98cb22ae88798bb6bfca83a46676933f3600	本地实验/CROSSROW-FULL-PIPELINE-CHAMPION-X/V023/support/npu-smi-v023-pre-local.txt	100644	f8e2bf428955138f2ba2915854bb6536692a9b5e	证据集成/W3/Batch-09-R1-R3-R4-R5/R5/V023/support/npu-smi-v023-pre-local.txt	COPY	LOCAL_CONTEXT_OR_DIAGNOSTIC		original bytes
W3-R5-CROSSROW-FULL-PIPELINE-CHAMPION-X	V023	perf(crossrow): test V023 reverse fp16 pass1 tiles	w3/m1/crossrow-full-pipeline	dffedf5c9a2daff3f228ffb836d89ac1471d796e	57c40aa291a115cf6ff4c108f1cd591a9786c15a	837d1f5a61d1863730392d0fb050e716856a980f	503b98cb22ae88798bb6bfca83a46676933f3600	本地实验/CROSSROW-FULL-PIPELINE-CHAMPION-X/V023/support/parent_adapter.asc	100644	d5c9df28ed2a8f26b020c6c551eb8cc400846dd9		EXCLUDE	PARENT_KERNEL_SOURCE		source retained only by source commit/blob reference
W3-R5-CROSSROW-FULL-PIPELINE-CHAMPION-X	V023	perf(crossrow): test V023 reverse fp16 pass1 tiles	w3/m1/crossrow-full-pipeline	dffedf5c9a2daff3f228ffb836d89ac1471d796e	57c40aa291a115cf6ff4c108f1cd591a9786c15a	837d1f5a61d1863730392d0fb050e716856a980f	503b98cb22ae88798bb6bfca83a46676933f3600	本地实验/CROSSROW-FULL-PIPELINE-CHAMPION-X/V023/support/runner_abi.h	100644	0b47603fc5a303efe00b0b66d79d72786d8435bb		EXCLUDE	SUPPORT_SOURCE		source retained only by source commit/blob reference
W3-R5-CROSSROW-FULL-PIPELINE-CHAMPION-X	V023	perf(crossrow): test V023 reverse fp16 pass1 tiles	w3/m1/crossrow-full-pipeline	dffedf5c9a2daff3f228ffb836d89ac1471d796e	57c40aa291a115cf6ff4c108f1cd591a9786c15a	837d1f5a61d1863730392d0fb050e716856a980f	503b98cb22ae88798bb6bfca83a46676933f3600	本地实验/CROSSROW-FULL-PIPELINE-CHAMPION-X/V023/support/runner_main.cpp	100644	1f329f4b2b0a33e7764e6ea4400a3f0b52f56a52		EXCLUDE	SUPPORT_SOURCE		source retained only by source commit/blob reference
W3-R5-CROSSROW-FULL-PIPELINE-CHAMPION-X	V024	perf(crossrow): test V024 fp16 retained-y source	w3/m1/crossrow-full-pipeline	44d790c69bd2b8a1d5bc3dd6f5c0f3432919c365	dffedf5c9a2daff3f228ffb836d89ac1471d796e	4640430e9c697de2a0581c53b1084bd1c08316a5	503b98cb22ae88798bb6bfca83a46676933f3600	本地实验/CROSSROW-FULL-PIPELINE-CHAMPION-X/V024/CMakeLists.txt	100644	d9563b5a0c19e156463c930d8f231cd3a33fb525		EXCLUDE	BUILD_CONFIGURATION		build configuration not copied
W3-R5-CROSSROW-FULL-PIPELINE-CHAMPION-X	V024	perf(crossrow): test V024 fp16 retained-y source	w3/m1/crossrow-full-pipeline	44d790c69bd2b8a1d5bc3dd6f5c0f3432919c365	dffedf5c9a2daff3f228ffb836d89ac1471d796e	4640430e9c697de2a0581c53b1084bd1c08316a5	503b98cb22ae88798bb6bfca83a46676933f3600	本地实验/CROSSROW-FULL-PIPELINE-CHAMPION-X/V024/Candidate.asc	100644	54fd63600c6d0f5a22fb9ea321126e6bf596bb9e		EXCLUDE	CANDIDATE_OR_KERNEL_SOURCE		source retained only by source commit/blob reference
W3-R5-CROSSROW-FULL-PIPELINE-CHAMPION-X	V024	perf(crossrow): test V024 fp16 retained-y source	w3/m1/crossrow-full-pipeline	44d790c69bd2b8a1d5bc3dd6f5c0f3432919c365	dffedf5c9a2daff3f228ffb836d89ac1471d796e	4640430e9c697de2a0581c53b1084bd1c08316a5	503b98cb22ae88798bb6bfca83a46676933f3600	本地实验/CROSSROW-FULL-PIPELINE-CHAMPION-X/V024/Parent.asc	100644	d381ce0a2a5d242f346d26e8080ec95bfd9f3d75		EXCLUDE	PARENT_KERNEL_SOURCE		source retained only by source commit/blob reference
W3-R5-CROSSROW-FULL-PIPELINE-CHAMPION-X	V024	perf(crossrow): test V024 fp16 retained-y source	w3/m1/crossrow-full-pipeline	44d790c69bd2b8a1d5bc3dd6f5c0f3432919c365	dffedf5c9a2daff3f228ffb836d89ac1471d796e	4640430e9c697de2a0581c53b1084bd1c08316a5	503b98cb22ae88798bb6bfca83a46676933f3600	本地实验/CROSSROW-FULL-PIPELINE-CHAMPION-X/V024/compile-v024-server3.log	100644	20a40ded007cf744653a271c7e133fbacfa0ffdb	证据集成/W3/Batch-09-R1-R3-R4-R5/R5/V024/compile-v024-server3.log	COPY	COMPILE_LOG		original bytes
W3-R5-CROSSROW-FULL-PIPELINE-CHAMPION-X	V024	perf(crossrow): test V024 fp16 retained-y source	w3/m1/crossrow-full-pipeline	44d790c69bd2b8a1d5bc3dd6f5c0f3432919c365	dffedf5c9a2daff3f228ffb836d89ac1471d796e	4640430e9c697de2a0581c53b1084bd1c08316a5	503b98cb22ae88798bb6bfca83a46676933f3600	本地实验/CROSSROW-FULL-PIPELINE-CHAMPION-X/V024/compile_adapter.asc	100644	fd777d9da0f76c4a462c7dbea7fb23322028f7ef		EXCLUDE	SUPPORT_SOURCE		source retained only by source commit/blob reference
W3-R5-CROSSROW-FULL-PIPELINE-CHAMPION-X	V024	perf(crossrow): test V024 fp16 retained-y source	w3/m1/crossrow-full-pipeline	44d790c69bd2b8a1d5bc3dd6f5c0f3432919c365	dffedf5c9a2daff3f228ffb836d89ac1471d796e	4640430e9c697de2a0581c53b1084bd1c08316a5	503b98cb22ae88798bb6bfca83a46676933f3600	本地实验/CROSSROW-FULL-PIPELINE-CHAMPION-X/V024/support/CMakeLists.txt	100644	a4fbcffb60b5984b0237e73297282a80b05f8a79		EXCLUDE	BUILD_CONFIGURATION		build configuration not copied
W3-R5-CROSSROW-FULL-PIPELINE-CHAMPION-X	V024	perf(crossrow): test V024 fp16 retained-y source	w3/m1/crossrow-full-pipeline	44d790c69bd2b8a1d5bc3dd6f5c0f3432919c365	dffedf5c9a2daff3f228ffb836d89ac1471d796e	4640430e9c697de2a0581c53b1084bd1c08316a5	503b98cb22ae88798bb6bfca83a46676933f3600	本地实验/CROSSROW-FULL-PIPELINE-CHAMPION-X/V024/support/candidate_adapter.asc	100644	c80db9b5125e177971939da98a4e765d9e0f05cf		EXCLUDE	CANDIDATE_OR_KERNEL_SOURCE		source retained only by source commit/blob reference
W3-R5-CROSSROW-FULL-PIPELINE-CHAMPION-X	V024	perf(crossrow): test V024 fp16 retained-y source	w3/m1/crossrow-full-pipeline	44d790c69bd2b8a1d5bc3dd6f5c0f3432919c365	dffedf5c9a2daff3f228ffb836d89ac1471d796e	4640430e9c697de2a0581c53b1084bd1c08316a5	503b98cb22ae88798bb6bfca83a46676933f3600	本地实验/CROSSROW-FULL-PIPELINE-CHAMPION-X/V024/support/compile-runner-v024-server3.log	100644	20ce24191a7b97005765610e7814ca55f79e06a4	证据集成/W3/Batch-09-R1-R3-R4-R5/R5/V024/support/compile-runner-v024-server3.log	COPY	COMPILE_LOG		original bytes
W3-R5-CROSSROW-FULL-PIPELINE-CHAMPION-X	V024	perf(crossrow): test V024 fp16 retained-y source	w3/m1/crossrow-full-pipeline	44d790c69bd2b8a1d5bc3dd6f5c0f3432919c365	dffedf5c9a2daff3f228ffb836d89ac1471d796e	4640430e9c697de2a0581c53b1084bd1c08316a5	503b98cb22ae88798bb6bfca83a46676933f3600	本地实验/CROSSROW-FULL-PIPELINE-CHAMPION-X/V024/support/correctness-v024-device1-r16-d16384.log	100644	c12f796e500df5a2523e8bba96c23f87ae54dc0c	证据集成/W3/Batch-09-R1-R3-R4-R5/R5/V024/support/correctness-v024-device1-r16-d16384.log	COPY	CORRECTNESS_LOG		original bytes
W3-R5-CROSSROW-FULL-PIPELINE-CHAMPION-X	V024	perf(crossrow): test V024 fp16 retained-y source	w3/m1/crossrow-full-pipeline	44d790c69bd2b8a1d5bc3dd6f5c0f3432919c365	dffedf5c9a2daff3f228ffb836d89ac1471d796e	4640430e9c697de2a0581c53b1084bd1c08316a5	503b98cb22ae88798bb6bfca83a46676933f3600	本地实验/CROSSROW-FULL-PIPELINE-CHAMPION-X/V024/support/local-v024-device1-r16-d16384.log	100644	681e59af0987ab2615cfa046da6a28154cf5f3f9	证据集成/W3/Batch-09-R1-R3-R4-R5/R5/V024/support/local-v024-device1-r16-d16384.log	COPY	LOCAL_RUN_LOG		original bytes
W3-R5-CROSSROW-FULL-PIPELINE-CHAMPION-X	V024	perf(crossrow): test V024 fp16 retained-y source	w3/m1/crossrow-full-pipeline	44d790c69bd2b8a1d5bc3dd6f5c0f3432919c365	dffedf5c9a2daff3f228ffb836d89ac1471d796e	4640430e9c697de2a0581c53b1084bd1c08316a5	503b98cb22ae88798bb6bfca83a46676933f3600	本地实验/CROSSROW-FULL-PIPELINE-CHAMPION-X/V024/support/local-v024-device1-r16-d16384.tsv	100644	ab4dfeffe69d979fa6c722826df54ec82763bc92	证据集成/W3/Batch-09-R1-R3-R4-R5/R5/V024/support/local-v024-device1-r16-d16384.tsv	COPY	LOCAL_RAW_STATISTICS		original bytes
W3-R5-CROSSROW-FULL-PIPELINE-CHAMPION-X	V024	perf(crossrow): test V024 fp16 retained-y source	w3/m1/crossrow-full-pipeline	44d790c69bd2b8a1d5bc3dd6f5c0f3432919c365	dffedf5c9a2daff3f228ffb836d89ac1471d796e	4640430e9c697de2a0581c53b1084bd1c08316a5	503b98cb22ae88798bb6bfca83a46676933f3600	本地实验/CROSSROW-FULL-PIPELINE-CHAMPION-X/V024/support/npu-smi-v024-post-local.txt	100644	2fa6c06593018fa4ba75de0dca91faabffae2975	证据集成/W3/Batch-09-R1-R3-R4-R5/R5/V024/support/npu-smi-v024-post-local.txt	COPY	LOCAL_CONTEXT_OR_DIAGNOSTIC		original bytes
W3-R5-CROSSROW-FULL-PIPELINE-CHAMPION-X	V024	perf(crossrow): test V024 fp16 retained-y source	w3/m1/crossrow-full-pipeline	44d790c69bd2b8a1d5bc3dd6f5c0f3432919c365	dffedf5c9a2daff3f228ffb836d89ac1471d796e	4640430e9c697de2a0581c53b1084bd1c08316a5	503b98cb22ae88798bb6bfca83a46676933f3600	本地实验/CROSSROW-FULL-PIPELINE-CHAMPION-X/V024/support/npu-smi-v024-pre-local.txt	100644	d08b1d77d026061de0f0ccf3f295fc98956b2c6a	证据集成/W3/Batch-09-R1-R3-R4-R5/R5/V024/support/npu-smi-v024-pre-local.txt	COPY	LOCAL_CONTEXT_OR_DIAGNOSTIC		original bytes
W3-R5-CROSSROW-FULL-PIPELINE-CHAMPION-X	V024	perf(crossrow): test V024 fp16 retained-y source	w3/m1/crossrow-full-pipeline	44d790c69bd2b8a1d5bc3dd6f5c0f3432919c365	dffedf5c9a2daff3f228ffb836d89ac1471d796e	4640430e9c697de2a0581c53b1084bd1c08316a5	503b98cb22ae88798bb6bfca83a46676933f3600	本地实验/CROSSROW-FULL-PIPELINE-CHAMPION-X/V024/support/parent_adapter.asc	100644	d5c9df28ed2a8f26b020c6c551eb8cc400846dd9		EXCLUDE	PARENT_KERNEL_SOURCE		source retained only by source commit/blob reference
W3-R5-CROSSROW-FULL-PIPELINE-CHAMPION-X	V024	perf(crossrow): test V024 fp16 retained-y source	w3/m1/crossrow-full-pipeline	44d790c69bd2b8a1d5bc3dd6f5c0f3432919c365	dffedf5c9a2daff3f228ffb836d89ac1471d796e	4640430e9c697de2a0581c53b1084bd1c08316a5	503b98cb22ae88798bb6bfca83a46676933f3600	本地实验/CROSSROW-FULL-PIPELINE-CHAMPION-X/V024/support/runner_abi.h	100644	0b47603fc5a303efe00b0b66d79d72786d8435bb		EXCLUDE	SUPPORT_SOURCE		source retained only by source commit/blob reference
W3-R5-CROSSROW-FULL-PIPELINE-CHAMPION-X	V024	perf(crossrow): test V024 fp16 retained-y source	w3/m1/crossrow-full-pipeline	44d790c69bd2b8a1d5bc3dd6f5c0f3432919c365	dffedf5c9a2daff3f228ffb836d89ac1471d796e	4640430e9c697de2a0581c53b1084bd1c08316a5	503b98cb22ae88798bb6bfca83a46676933f3600	本地实验/CROSSROW-FULL-PIPELINE-CHAMPION-X/V024/support/runner_main.cpp	100644	ad9ee5cb5da1c98ec616aad7801b8e9526d4d20e		EXCLUDE	SUPPORT_SOURCE		source retained only by source commit/blob reference
W3-R5-CROSSROW-FULL-PIPELINE-CHAMPION-X	V025	perf(crossrow): test V025 fp16 reduction temp slots	w3/m1/crossrow-full-pipeline	c44862b4476bb9276ab843e56ad029f4d60766fc	44d790c69bd2b8a1d5bc3dd6f5c0f3432919c365	b253bb92ab0fa36a7f955735db17c0a96229749c	503b98cb22ae88798bb6bfca83a46676933f3600	本地实验/CROSSROW-FULL-PIPELINE-CHAMPION-X/V025/CMakeLists.txt	100644	d9563b5a0c19e156463c930d8f231cd3a33fb525		EXCLUDE	BUILD_CONFIGURATION		build configuration not copied
W3-R5-CROSSROW-FULL-PIPELINE-CHAMPION-X	V025	perf(crossrow): test V025 fp16 reduction temp slots	w3/m1/crossrow-full-pipeline	c44862b4476bb9276ab843e56ad029f4d60766fc	44d790c69bd2b8a1d5bc3dd6f5c0f3432919c365	b253bb92ab0fa36a7f955735db17c0a96229749c	503b98cb22ae88798bb6bfca83a46676933f3600	本地实验/CROSSROW-FULL-PIPELINE-CHAMPION-X/V025/Candidate.asc	100644	2bf0dccd26abc4a31419ba79946dc5d71457abdc		EXCLUDE	CANDIDATE_OR_KERNEL_SOURCE		source retained only by source commit/blob reference
W3-R5-CROSSROW-FULL-PIPELINE-CHAMPION-X	V025	perf(crossrow): test V025 fp16 reduction temp slots	w3/m1/crossrow-full-pipeline	c44862b4476bb9276ab843e56ad029f4d60766fc	44d790c69bd2b8a1d5bc3dd6f5c0f3432919c365	b253bb92ab0fa36a7f955735db17c0a96229749c	503b98cb22ae88798bb6bfca83a46676933f3600	本地实验/CROSSROW-FULL-PIPELINE-CHAMPION-X/V025/Parent.asc	100644	d381ce0a2a5d242f346d26e8080ec95bfd9f3d75		EXCLUDE	PARENT_KERNEL_SOURCE		source retained only by source commit/blob reference
W3-R5-CROSSROW-FULL-PIPELINE-CHAMPION-X	V025	perf(crossrow): test V025 fp16 reduction temp slots	w3/m1/crossrow-full-pipeline	c44862b4476bb9276ab843e56ad029f4d60766fc	44d790c69bd2b8a1d5bc3dd6f5c0f3432919c365	b253bb92ab0fa36a7f955735db17c0a96229749c	503b98cb22ae88798bb6bfca83a46676933f3600	本地实验/CROSSROW-FULL-PIPELINE-CHAMPION-X/V025/compile-v025-server3.log	100644	ef90cf49e35572052632fd83b2a24845aa95e06e	证据集成/W3/Batch-09-R1-R3-R4-R5/R5/V025/compile-v025-server3.log	COPY	COMPILE_LOG		original bytes
W3-R5-CROSSROW-FULL-PIPELINE-CHAMPION-X	V025	perf(crossrow): test V025 fp16 reduction temp slots	w3/m1/crossrow-full-pipeline	c44862b4476bb9276ab843e56ad029f4d60766fc	44d790c69bd2b8a1d5bc3dd6f5c0f3432919c365	b253bb92ab0fa36a7f955735db17c0a96229749c	503b98cb22ae88798bb6bfca83a46676933f3600	本地实验/CROSSROW-FULL-PIPELINE-CHAMPION-X/V025/compile_adapter.asc	100644	fd777d9da0f76c4a462c7dbea7fb23322028f7ef		EXCLUDE	SUPPORT_SOURCE		source retained only by source commit/blob reference
W3-R5-CROSSROW-FULL-PIPELINE-CHAMPION-X	V025	perf(crossrow): test V025 fp16 reduction temp slots	w3/m1/crossrow-full-pipeline	c44862b4476bb9276ab843e56ad029f4d60766fc	44d790c69bd2b8a1d5bc3dd6f5c0f3432919c365	b253bb92ab0fa36a7f955735db17c0a96229749c	503b98cb22ae88798bb6bfca83a46676933f3600	本地实验/CROSSROW-FULL-PIPELINE-CHAMPION-X/V025/support/CMakeLists.txt	100644	a4fbcffb60b5984b0237e73297282a80b05f8a79		EXCLUDE	BUILD_CONFIGURATION		build configuration not copied
W3-R5-CROSSROW-FULL-PIPELINE-CHAMPION-X	V025	perf(crossrow): test V025 fp16 reduction temp slots	w3/m1/crossrow-full-pipeline	c44862b4476bb9276ab843e56ad029f4d60766fc	44d790c69bd2b8a1d5bc3dd6f5c0f3432919c365	b253bb92ab0fa36a7f955735db17c0a96229749c	503b98cb22ae88798bb6bfca83a46676933f3600	本地实验/CROSSROW-FULL-PIPELINE-CHAMPION-X/V025/support/candidate_adapter.asc	100644	c80db9b5125e177971939da98a4e765d9e0f05cf		EXCLUDE	CANDIDATE_OR_KERNEL_SOURCE		source retained only by source commit/blob reference
W3-R5-CROSSROW-FULL-PIPELINE-CHAMPION-X	V025	perf(crossrow): test V025 fp16 reduction temp slots	w3/m1/crossrow-full-pipeline	c44862b4476bb9276ab843e56ad029f4d60766fc	44d790c69bd2b8a1d5bc3dd6f5c0f3432919c365	b253bb92ab0fa36a7f955735db17c0a96229749c	503b98cb22ae88798bb6bfca83a46676933f3600	本地实验/CROSSROW-FULL-PIPELINE-CHAMPION-X/V025/support/compile-runner-v025-server3.log	100644	d6124d784e95e1f1d12f20d8958e916edeb2dac4	证据集成/W3/Batch-09-R1-R3-R4-R5/R5/V025/support/compile-runner-v025-server3.log	COPY	COMPILE_LOG		original bytes
W3-R5-CROSSROW-FULL-PIPELINE-CHAMPION-X	V025	perf(crossrow): test V025 fp16 reduction temp slots	w3/m1/crossrow-full-pipeline	c44862b4476bb9276ab843e56ad029f4d60766fc	44d790c69bd2b8a1d5bc3dd6f5c0f3432919c365	b253bb92ab0fa36a7f955735db17c0a96229749c	503b98cb22ae88798bb6bfca83a46676933f3600	本地实验/CROSSROW-FULL-PIPELINE-CHAMPION-X/V025/support/correctness-v025-device1-r16-d16384.log	100644	9970b3a9f5edccdc46ff00b7eeaa8e7daac1a485	证据集成/W3/Batch-09-R1-R3-R4-R5/R5/V025/support/correctness-v025-device1-r16-d16384.log	COPY	CORRECTNESS_LOG		original bytes
W3-R5-CROSSROW-FULL-PIPELINE-CHAMPION-X	V025	perf(crossrow): test V025 fp16 reduction temp slots	w3/m1/crossrow-full-pipeline	c44862b4476bb9276ab843e56ad029f4d60766fc	44d790c69bd2b8a1d5bc3dd6f5c0f3432919c365	b253bb92ab0fa36a7f955735db17c0a96229749c	503b98cb22ae88798bb6bfca83a46676933f3600	本地实验/CROSSROW-FULL-PIPELINE-CHAMPION-X/V025/support/local-v025-device1-r16-d16384.log	100644	d1d8461ee728ae096346abf27301e02e02897979	证据集成/W3/Batch-09-R1-R3-R4-R5/R5/V025/support/local-v025-device1-r16-d16384.log	COPY	LOCAL_RUN_LOG		original bytes
W3-R5-CROSSROW-FULL-PIPELINE-CHAMPION-X	V025	perf(crossrow): test V025 fp16 reduction temp slots	w3/m1/crossrow-full-pipeline	c44862b4476bb9276ab843e56ad029f4d60766fc	44d790c69bd2b8a1d5bc3dd6f5c0f3432919c365	b253bb92ab0fa36a7f955735db17c0a96229749c	503b98cb22ae88798bb6bfca83a46676933f3600	本地实验/CROSSROW-FULL-PIPELINE-CHAMPION-X/V025/support/local-v025-device1-r16-d16384.tsv	100644	71ca1cbb9745b76c2463ae51b65bd54812428034	证据集成/W3/Batch-09-R1-R3-R4-R5/R5/V025/support/local-v025-device1-r16-d16384.tsv	COPY	LOCAL_RAW_STATISTICS		original bytes
W3-R5-CROSSROW-FULL-PIPELINE-CHAMPION-X	V025	perf(crossrow): test V025 fp16 reduction temp slots	w3/m1/crossrow-full-pipeline	c44862b4476bb9276ab843e56ad029f4d60766fc	44d790c69bd2b8a1d5bc3dd6f5c0f3432919c365	b253bb92ab0fa36a7f955735db17c0a96229749c	503b98cb22ae88798bb6bfca83a46676933f3600	本地实验/CROSSROW-FULL-PIPELINE-CHAMPION-X/V025/support/npu-smi-v025-post-local.txt	100644	0e023072aef21cf5f99c2ffc97eb5d79f65fb12c	证据集成/W3/Batch-09-R1-R3-R4-R5/R5/V025/support/npu-smi-v025-post-local.txt	COPY	LOCAL_CONTEXT_OR_DIAGNOSTIC		original bytes
W3-R5-CROSSROW-FULL-PIPELINE-CHAMPION-X	V025	perf(crossrow): test V025 fp16 reduction temp slots	w3/m1/crossrow-full-pipeline	c44862b4476bb9276ab843e56ad029f4d60766fc	44d790c69bd2b8a1d5bc3dd6f5c0f3432919c365	b253bb92ab0fa36a7f955735db17c0a96229749c	503b98cb22ae88798bb6bfca83a46676933f3600	本地实验/CROSSROW-FULL-PIPELINE-CHAMPION-X/V025/support/npu-smi-v025-pre-local.txt	100644	5cd31ed582aa488f3e4ae49c38f59712e4da2866	证据集成/W3/Batch-09-R1-R3-R4-R5/R5/V025/support/npu-smi-v025-pre-local.txt	COPY	LOCAL_CONTEXT_OR_DIAGNOSTIC		original bytes
W3-R5-CROSSROW-FULL-PIPELINE-CHAMPION-X	V025	perf(crossrow): test V025 fp16 reduction temp slots	w3/m1/crossrow-full-pipeline	c44862b4476bb9276ab843e56ad029f4d60766fc	44d790c69bd2b8a1d5bc3dd6f5c0f3432919c365	b253bb92ab0fa36a7f955735db17c0a96229749c	503b98cb22ae88798bb6bfca83a46676933f3600	本地实验/CROSSROW-FULL-PIPELINE-CHAMPION-X/V025/support/parent_adapter.asc	100644	d5c9df28ed2a8f26b020c6c551eb8cc400846dd9		EXCLUDE	PARENT_KERNEL_SOURCE		source retained only by source commit/blob reference
W3-R5-CROSSROW-FULL-PIPELINE-CHAMPION-X	V025	perf(crossrow): test V025 fp16 reduction temp slots	w3/m1/crossrow-full-pipeline	c44862b4476bb9276ab843e56ad029f4d60766fc	44d790c69bd2b8a1d5bc3dd6f5c0f3432919c365	b253bb92ab0fa36a7f955735db17c0a96229749c	503b98cb22ae88798bb6bfca83a46676933f3600	本地实验/CROSSROW-FULL-PIPELINE-CHAMPION-X/V025/support/runner_abi.h	100644	0b47603fc5a303efe00b0b66d79d72786d8435bb		EXCLUDE	SUPPORT_SOURCE		source retained only by source commit/blob reference
W3-R5-CROSSROW-FULL-PIPELINE-CHAMPION-X	V025	perf(crossrow): test V025 fp16 reduction temp slots	w3/m1/crossrow-full-pipeline	c44862b4476bb9276ab843e56ad029f4d60766fc	44d790c69bd2b8a1d5bc3dd6f5c0f3432919c365	b253bb92ab0fa36a7f955735db17c0a96229749c	503b98cb22ae88798bb6bfca83a46676933f3600	本地实验/CROSSROW-FULL-PIPELINE-CHAMPION-X/V025/support/runner_main.cpp	100644	a26d231ac44224ff13653fb0c44fe6f55446f058		EXCLUDE	SUPPORT_SOURCE		source retained only by source commit/blob reference
W3-R5-CROSSROW-FULL-PIPELINE-CHAMPION-X	V026	perf(crossrow): test V026 remove fp16 pass1 barrier	w3/m1/crossrow-full-pipeline	f7eabf53543b1853ae0a2cdbbed88744dc2a6675	c44862b4476bb9276ab843e56ad029f4d60766fc	72140ebeb309172b9515a0921f9866353a3e6fee	503b98cb22ae88798bb6bfca83a46676933f3600	本地实验/CROSSROW-FULL-PIPELINE-CHAMPION-X/V026/CMakeLists.txt	100644	d9563b5a0c19e156463c930d8f231cd3a33fb525		EXCLUDE	BUILD_CONFIGURATION		build configuration not copied
W3-R5-CROSSROW-FULL-PIPELINE-CHAMPION-X	V026	perf(crossrow): test V026 remove fp16 pass1 barrier	w3/m1/crossrow-full-pipeline	f7eabf53543b1853ae0a2cdbbed88744dc2a6675	c44862b4476bb9276ab843e56ad029f4d60766fc	72140ebeb309172b9515a0921f9866353a3e6fee	503b98cb22ae88798bb6bfca83a46676933f3600	本地实验/CROSSROW-FULL-PIPELINE-CHAMPION-X/V026/Candidate.asc	100644	e4771d1e130e4efc75f98a7162bae59b4b41e648		EXCLUDE	CANDIDATE_OR_KERNEL_SOURCE		source retained only by source commit/blob reference
W3-R5-CROSSROW-FULL-PIPELINE-CHAMPION-X	V026	perf(crossrow): test V026 remove fp16 pass1 barrier	w3/m1/crossrow-full-pipeline	f7eabf53543b1853ae0a2cdbbed88744dc2a6675	c44862b4476bb9276ab843e56ad029f4d60766fc	72140ebeb309172b9515a0921f9866353a3e6fee	503b98cb22ae88798bb6bfca83a46676933f3600	本地实验/CROSSROW-FULL-PIPELINE-CHAMPION-X/V026/Parent.asc	100644	d381ce0a2a5d242f346d26e8080ec95bfd9f3d75		EXCLUDE	PARENT_KERNEL_SOURCE		source retained only by source commit/blob reference
W3-R5-CROSSROW-FULL-PIPELINE-CHAMPION-X	V026	perf(crossrow): test V026 remove fp16 pass1 barrier	w3/m1/crossrow-full-pipeline	f7eabf53543b1853ae0a2cdbbed88744dc2a6675	c44862b4476bb9276ab843e56ad029f4d60766fc	72140ebeb309172b9515a0921f9866353a3e6fee	503b98cb22ae88798bb6bfca83a46676933f3600	本地实验/CROSSROW-FULL-PIPELINE-CHAMPION-X/V026/compile-v026-server3.log	100644	a6a4e65f7b862acea4c3a42d9b4b1f1e1f966f7c	证据集成/W3/Batch-09-R1-R3-R4-R5/R5/V026/compile-v026-server3.log	COPY	COMPILE_LOG		original bytes
W3-R5-CROSSROW-FULL-PIPELINE-CHAMPION-X	V026	perf(crossrow): test V026 remove fp16 pass1 barrier	w3/m1/crossrow-full-pipeline	f7eabf53543b1853ae0a2cdbbed88744dc2a6675	c44862b4476bb9276ab843e56ad029f4d60766fc	72140ebeb309172b9515a0921f9866353a3e6fee	503b98cb22ae88798bb6bfca83a46676933f3600	本地实验/CROSSROW-FULL-PIPELINE-CHAMPION-X/V026/compile_adapter.asc	100644	fd777d9da0f76c4a462c7dbea7fb23322028f7ef		EXCLUDE	SUPPORT_SOURCE		source retained only by source commit/blob reference
W3-R5-CROSSROW-FULL-PIPELINE-CHAMPION-X	V026	perf(crossrow): test V026 remove fp16 pass1 barrier	w3/m1/crossrow-full-pipeline	f7eabf53543b1853ae0a2cdbbed88744dc2a6675	c44862b4476bb9276ab843e56ad029f4d60766fc	72140ebeb309172b9515a0921f9866353a3e6fee	503b98cb22ae88798bb6bfca83a46676933f3600	本地实验/CROSSROW-FULL-PIPELINE-CHAMPION-X/V026/support/CMakeLists.txt	100644	a4fbcffb60b5984b0237e73297282a80b05f8a79		EXCLUDE	BUILD_CONFIGURATION		build configuration not copied
W3-R5-CROSSROW-FULL-PIPELINE-CHAMPION-X	V026	perf(crossrow): test V026 remove fp16 pass1 barrier	w3/m1/crossrow-full-pipeline	f7eabf53543b1853ae0a2cdbbed88744dc2a6675	c44862b4476bb9276ab843e56ad029f4d60766fc	72140ebeb309172b9515a0921f9866353a3e6fee	503b98cb22ae88798bb6bfca83a46676933f3600	本地实验/CROSSROW-FULL-PIPELINE-CHAMPION-X/V026/support/candidate_adapter.asc	100644	c80db9b5125e177971939da98a4e765d9e0f05cf		EXCLUDE	CANDIDATE_OR_KERNEL_SOURCE		source retained only by source commit/blob reference
W3-R5-CROSSROW-FULL-PIPELINE-CHAMPION-X	V026	perf(crossrow): test V026 remove fp16 pass1 barrier	w3/m1/crossrow-full-pipeline	f7eabf53543b1853ae0a2cdbbed88744dc2a6675	c44862b4476bb9276ab843e56ad029f4d60766fc	72140ebeb309172b9515a0921f9866353a3e6fee	503b98cb22ae88798bb6bfca83a46676933f3600	本地实验/CROSSROW-FULL-PIPELINE-CHAMPION-X/V026/support/compile-runner-v026-server3.log	100644	7c208df50ff708c669f6173be3b72b393e3cd1c8	证据集成/W3/Batch-09-R1-R3-R4-R5/R5/V026/support/compile-runner-v026-server3.log	COPY	COMPILE_LOG		original bytes
W3-R5-CROSSROW-FULL-PIPELINE-CHAMPION-X	V026	perf(crossrow): test V026 remove fp16 pass1 barrier	w3/m1/crossrow-full-pipeline	f7eabf53543b1853ae0a2cdbbed88744dc2a6675	c44862b4476bb9276ab843e56ad029f4d60766fc	72140ebeb309172b9515a0921f9866353a3e6fee	503b98cb22ae88798bb6bfca83a46676933f3600	本地实验/CROSSROW-FULL-PIPELINE-CHAMPION-X/V026/support/correctness-v026-device1-r16-d16384.log	100644	10fc02d97b240bd5cb6877ac0540559b8f7dcef2	证据集成/W3/Batch-09-R1-R3-R4-R5/R5/V026/support/correctness-v026-device1-r16-d16384.log	COPY	CORRECTNESS_LOG		original bytes
W3-R5-CROSSROW-FULL-PIPELINE-CHAMPION-X	V026	perf(crossrow): test V026 remove fp16 pass1 barrier	w3/m1/crossrow-full-pipeline	f7eabf53543b1853ae0a2cdbbed88744dc2a6675	c44862b4476bb9276ab843e56ad029f4d60766fc	72140ebeb309172b9515a0921f9866353a3e6fee	503b98cb22ae88798bb6bfca83a46676933f3600	本地实验/CROSSROW-FULL-PIPELINE-CHAMPION-X/V026/support/local-v026-device1-r16-d16384.log	100644	f7ab5c5f1397dbb876b63adb40575c88eb43d038	证据集成/W3/Batch-09-R1-R3-R4-R5/R5/V026/support/local-v026-device1-r16-d16384.log	COPY	LOCAL_RUN_LOG		original bytes
W3-R5-CROSSROW-FULL-PIPELINE-CHAMPION-X	V026	perf(crossrow): test V026 remove fp16 pass1 barrier	w3/m1/crossrow-full-pipeline	f7eabf53543b1853ae0a2cdbbed88744dc2a6675	c44862b4476bb9276ab843e56ad029f4d60766fc	72140ebeb309172b9515a0921f9866353a3e6fee	503b98cb22ae88798bb6bfca83a46676933f3600	本地实验/CROSSROW-FULL-PIPELINE-CHAMPION-X/V026/support/local-v026-device1-r16-d16384.tsv	100644	73e15a30478b43ad0b6eb321fd91c319f1103d61	证据集成/W3/Batch-09-R1-R3-R4-R5/R5/V026/support/local-v026-device1-r16-d16384.tsv	COPY	LOCAL_RAW_STATISTICS		original bytes
W3-R5-CROSSROW-FULL-PIPELINE-CHAMPION-X	V026	perf(crossrow): test V026 remove fp16 pass1 barrier	w3/m1/crossrow-full-pipeline	f7eabf53543b1853ae0a2cdbbed88744dc2a6675	c44862b4476bb9276ab843e56ad029f4d60766fc	72140ebeb309172b9515a0921f9866353a3e6fee	503b98cb22ae88798bb6bfca83a46676933f3600	本地实验/CROSSROW-FULL-PIPELINE-CHAMPION-X/V026/support/npu-smi-v026-post-local.txt	100644	5648bb618e7503a5429007622af808188ba0d284	证据集成/W3/Batch-09-R1-R3-R4-R5/R5/V026/support/npu-smi-v026-post-local.txt	COPY	LOCAL_CONTEXT_OR_DIAGNOSTIC		original bytes
W3-R5-CROSSROW-FULL-PIPELINE-CHAMPION-X	V026	perf(crossrow): test V026 remove fp16 pass1 barrier	w3/m1/crossrow-full-pipeline	f7eabf53543b1853ae0a2cdbbed88744dc2a6675	c44862b4476bb9276ab843e56ad029f4d60766fc	72140ebeb309172b9515a0921f9866353a3e6fee	503b98cb22ae88798bb6bfca83a46676933f3600	本地实验/CROSSROW-FULL-PIPELINE-CHAMPION-X/V026/support/npu-smi-v026-pre-local.txt	100644	83c2cb5b3d31bb249a3bbcc70c85afc40c79797a	证据集成/W3/Batch-09-R1-R3-R4-R5/R5/V026/support/npu-smi-v026-pre-local.txt	COPY	LOCAL_CONTEXT_OR_DIAGNOSTIC		original bytes
W3-R5-CROSSROW-FULL-PIPELINE-CHAMPION-X	V026	perf(crossrow): test V026 remove fp16 pass1 barrier	w3/m1/crossrow-full-pipeline	f7eabf53543b1853ae0a2cdbbed88744dc2a6675	c44862b4476bb9276ab843e56ad029f4d60766fc	72140ebeb309172b9515a0921f9866353a3e6fee	503b98cb22ae88798bb6bfca83a46676933f3600	本地实验/CROSSROW-FULL-PIPELINE-CHAMPION-X/V026/support/parent_adapter.asc	100644	d5c9df28ed2a8f26b020c6c551eb8cc400846dd9		EXCLUDE	PARENT_KERNEL_SOURCE		source retained only by source commit/blob reference
W3-R5-CROSSROW-FULL-PIPELINE-CHAMPION-X	V026	perf(crossrow): test V026 remove fp16 pass1 barrier	w3/m1/crossrow-full-pipeline	f7eabf53543b1853ae0a2cdbbed88744dc2a6675	c44862b4476bb9276ab843e56ad029f4d60766fc	72140ebeb309172b9515a0921f9866353a3e6fee	503b98cb22ae88798bb6bfca83a46676933f3600	本地实验/CROSSROW-FULL-PIPELINE-CHAMPION-X/V026/support/runner_abi.h	100644	0b47603fc5a303efe00b0b66d79d72786d8435bb		EXCLUDE	SUPPORT_SOURCE		source retained only by source commit/blob reference
W3-R5-CROSSROW-FULL-PIPELINE-CHAMPION-X	V026	perf(crossrow): test V026 remove fp16 pass1 barrier	w3/m1/crossrow-full-pipeline	f7eabf53543b1853ae0a2cdbbed88744dc2a6675	c44862b4476bb9276ab843e56ad029f4d60766fc	72140ebeb309172b9515a0921f9866353a3e6fee	503b98cb22ae88798bb6bfca83a46676933f3600	本地实验/CROSSROW-FULL-PIPELINE-CHAMPION-X/V026/support/runner_main.cpp	100644	fe5bc140a5abd294a96470856ca22d8b2a7315fa		EXCLUDE	SUPPORT_SOURCE		source retained only by source commit/blob reference
W3-R5-CROSSROW-FULL-PIPELINE-CHAMPION-X	V027	perf(crossrow): test V027 remove fp16 pass1 barrier	w3/m1/crossrow-full-pipeline	413e39fdd7bc443e307eae65624db168cdf84ed3	f7eabf53543b1853ae0a2cdbbed88744dc2a6675	5ede9140f8400ebb0aa8796ecc14dcb3702e5246	503b98cb22ae88798bb6bfca83a46676933f3600	本地实验/CROSSROW-FULL-PIPELINE-CHAMPION-X/V027/CMakeLists.txt	100644	d9563b5a0c19e156463c930d8f231cd3a33fb525		EXCLUDE	BUILD_CONFIGURATION		build configuration not copied
W3-R5-CROSSROW-FULL-PIPELINE-CHAMPION-X	V027	perf(crossrow): test V027 remove fp16 pass1 barrier	w3/m1/crossrow-full-pipeline	413e39fdd7bc443e307eae65624db168cdf84ed3	f7eabf53543b1853ae0a2cdbbed88744dc2a6675	5ede9140f8400ebb0aa8796ecc14dcb3702e5246	503b98cb22ae88798bb6bfca83a46676933f3600	本地实验/CROSSROW-FULL-PIPELINE-CHAMPION-X/V027/Candidate.asc	100644	b30125f226203fa4fb2f216d53a9d32494054142		EXCLUDE	CANDIDATE_OR_KERNEL_SOURCE		source retained only by source commit/blob reference
W3-R5-CROSSROW-FULL-PIPELINE-CHAMPION-X	V027	perf(crossrow): test V027 remove fp16 pass1 barrier	w3/m1/crossrow-full-pipeline	413e39fdd7bc443e307eae65624db168cdf84ed3	f7eabf53543b1853ae0a2cdbbed88744dc2a6675	5ede9140f8400ebb0aa8796ecc14dcb3702e5246	503b98cb22ae88798bb6bfca83a46676933f3600	本地实验/CROSSROW-FULL-PIPELINE-CHAMPION-X/V027/Parent.asc	100644	d381ce0a2a5d242f346d26e8080ec95bfd9f3d75		EXCLUDE	PARENT_KERNEL_SOURCE		source retained only by source commit/blob reference
W3-R5-CROSSROW-FULL-PIPELINE-CHAMPION-X	V027	perf(crossrow): test V027 remove fp16 pass1 barrier	w3/m1/crossrow-full-pipeline	413e39fdd7bc443e307eae65624db168cdf84ed3	f7eabf53543b1853ae0a2cdbbed88744dc2a6675	5ede9140f8400ebb0aa8796ecc14dcb3702e5246	503b98cb22ae88798bb6bfca83a46676933f3600	本地实验/CROSSROW-FULL-PIPELINE-CHAMPION-X/V027/compile-v027-server3.log	100644	51fc139854a40770c8ef043c90a1dce78b7d87b5	证据集成/W3/Batch-09-R1-R3-R4-R5/R5/V027/compile-v027-server3.log	COPY	COMPILE_LOG		original bytes
W3-R5-CROSSROW-FULL-PIPELINE-CHAMPION-X	V027	perf(crossrow): test V027 remove fp16 pass1 barrier	w3/m1/crossrow-full-pipeline	413e39fdd7bc443e307eae65624db168cdf84ed3	f7eabf53543b1853ae0a2cdbbed88744dc2a6675	5ede9140f8400ebb0aa8796ecc14dcb3702e5246	503b98cb22ae88798bb6bfca83a46676933f3600	本地实验/CROSSROW-FULL-PIPELINE-CHAMPION-X/V027/compile_adapter.asc	100644	fd777d9da0f76c4a462c7dbea7fb23322028f7ef		EXCLUDE	SUPPORT_SOURCE		source retained only by source commit/blob reference
W3-R5-CROSSROW-FULL-PIPELINE-CHAMPION-X	V027	perf(crossrow): test V027 remove fp16 pass1 barrier	w3/m1/crossrow-full-pipeline	413e39fdd7bc443e307eae65624db168cdf84ed3	f7eabf53543b1853ae0a2cdbbed88744dc2a6675	5ede9140f8400ebb0aa8796ecc14dcb3702e5246	503b98cb22ae88798bb6bfca83a46676933f3600	本地实验/CROSSROW-FULL-PIPELINE-CHAMPION-X/V027/support/CMakeLists.txt	100644	a4fbcffb60b5984b0237e73297282a80b05f8a79		EXCLUDE	BUILD_CONFIGURATION		build configuration not copied
W3-R5-CROSSROW-FULL-PIPELINE-CHAMPION-X	V027	perf(crossrow): test V027 remove fp16 pass1 barrier	w3/m1/crossrow-full-pipeline	413e39fdd7bc443e307eae65624db168cdf84ed3	f7eabf53543b1853ae0a2cdbbed88744dc2a6675	5ede9140f8400ebb0aa8796ecc14dcb3702e5246	503b98cb22ae88798bb6bfca83a46676933f3600	本地实验/CROSSROW-FULL-PIPELINE-CHAMPION-X/V027/support/candidate_adapter.asc	100644	c80db9b5125e177971939da98a4e765d9e0f05cf		EXCLUDE	CANDIDATE_OR_KERNEL_SOURCE		source retained only by source commit/blob reference
W3-R5-CROSSROW-FULL-PIPELINE-CHAMPION-X	V027	perf(crossrow): test V027 remove fp16 pass1 barrier	w3/m1/crossrow-full-pipeline	413e39fdd7bc443e307eae65624db168cdf84ed3	f7eabf53543b1853ae0a2cdbbed88744dc2a6675	5ede9140f8400ebb0aa8796ecc14dcb3702e5246	503b98cb22ae88798bb6bfca83a46676933f3600	本地实验/CROSSROW-FULL-PIPELINE-CHAMPION-X/V027/support/compile-runner-v027-server3.log	100644	b450c90ac2738234e592cb5ef0eed4b0665c84d7	证据集成/W3/Batch-09-R1-R3-R4-R5/R5/V027/support/compile-runner-v027-server3.log	COPY	COMPILE_LOG		original bytes
W3-R5-CROSSROW-FULL-PIPELINE-CHAMPION-X	V027	perf(crossrow): test V027 remove fp16 pass1 barrier	w3/m1/crossrow-full-pipeline	413e39fdd7bc443e307eae65624db168cdf84ed3	f7eabf53543b1853ae0a2cdbbed88744dc2a6675	5ede9140f8400ebb0aa8796ecc14dcb3702e5246	503b98cb22ae88798bb6bfca83a46676933f3600	本地实验/CROSSROW-FULL-PIPELINE-CHAMPION-X/V027/support/correctness-v027-device1-r16-d16384.log	100644	7ddf4ec3f58ad1954432eec912daf133581f4d51	证据集成/W3/Batch-09-R1-R3-R4-R5/R5/V027/support/correctness-v027-device1-r16-d16384.log	COPY	CORRECTNESS_LOG		original bytes
W3-R5-CROSSROW-FULL-PIPELINE-CHAMPION-X	V027	perf(crossrow): test V027 remove fp16 pass1 barrier	w3/m1/crossrow-full-pipeline	413e39fdd7bc443e307eae65624db168cdf84ed3	f7eabf53543b1853ae0a2cdbbed88744dc2a6675	5ede9140f8400ebb0aa8796ecc14dcb3702e5246	503b98cb22ae88798bb6bfca83a46676933f3600	本地实验/CROSSROW-FULL-PIPELINE-CHAMPION-X/V027/support/local-v027-device1-r16-d16384.log	100644	4a67acaa42f3cd6705f9d877fcea8e6d3d80af0d	证据集成/W3/Batch-09-R1-R3-R4-R5/R5/V027/support/local-v027-device1-r16-d16384.log	COPY	LOCAL_RUN_LOG		original bytes
W3-R5-CROSSROW-FULL-PIPELINE-CHAMPION-X	V027	perf(crossrow): test V027 remove fp16 pass1 barrier	w3/m1/crossrow-full-pipeline	413e39fdd7bc443e307eae65624db168cdf84ed3	f7eabf53543b1853ae0a2cdbbed88744dc2a6675	5ede9140f8400ebb0aa8796ecc14dcb3702e5246	503b98cb22ae88798bb6bfca83a46676933f3600	本地实验/CROSSROW-FULL-PIPELINE-CHAMPION-X/V027/support/local-v027-device1-r16-d16384.tsv	100644	28134a0c0190fa2e34fc405ff15ead135ee3401d	证据集成/W3/Batch-09-R1-R3-R4-R5/R5/V027/support/local-v027-device1-r16-d16384.tsv	COPY	LOCAL_RAW_STATISTICS		original bytes
W3-R5-CROSSROW-FULL-PIPELINE-CHAMPION-X	V027	perf(crossrow): test V027 remove fp16 pass1 barrier	w3/m1/crossrow-full-pipeline	413e39fdd7bc443e307eae65624db168cdf84ed3	f7eabf53543b1853ae0a2cdbbed88744dc2a6675	5ede9140f8400ebb0aa8796ecc14dcb3702e5246	503b98cb22ae88798bb6bfca83a46676933f3600	本地实验/CROSSROW-FULL-PIPELINE-CHAMPION-X/V027/support/npu-smi-v027-post-local.txt	100644	926f28d9527afbad79bf3b39f77d1ee5e37060fa	证据集成/W3/Batch-09-R1-R3-R4-R5/R5/V027/support/npu-smi-v027-post-local.txt	COPY	LOCAL_CONTEXT_OR_DIAGNOSTIC		original bytes
W3-R5-CROSSROW-FULL-PIPELINE-CHAMPION-X	V027	perf(crossrow): test V027 remove fp16 pass1 barrier	w3/m1/crossrow-full-pipeline	413e39fdd7bc443e307eae65624db168cdf84ed3	f7eabf53543b1853ae0a2cdbbed88744dc2a6675	5ede9140f8400ebb0aa8796ecc14dcb3702e5246	503b98cb22ae88798bb6bfca83a46676933f3600	本地实验/CROSSROW-FULL-PIPELINE-CHAMPION-X/V027/support/npu-smi-v027-pre-local.txt	100644	67ad1ee6908bcf634ba529c7b588d570cd31f193	证据集成/W3/Batch-09-R1-R3-R4-R5/R5/V027/support/npu-smi-v027-pre-local.txt	COPY	LOCAL_CONTEXT_OR_DIAGNOSTIC		original bytes
W3-R5-CROSSROW-FULL-PIPELINE-CHAMPION-X	V027	perf(crossrow): test V027 remove fp16 pass1 barrier	w3/m1/crossrow-full-pipeline	413e39fdd7bc443e307eae65624db168cdf84ed3	f7eabf53543b1853ae0a2cdbbed88744dc2a6675	5ede9140f8400ebb0aa8796ecc14dcb3702e5246	503b98cb22ae88798bb6bfca83a46676933f3600	本地实验/CROSSROW-FULL-PIPELINE-CHAMPION-X/V027/support/parent_adapter.asc	100644	d5c9df28ed2a8f26b020c6c551eb8cc400846dd9		EXCLUDE	PARENT_KERNEL_SOURCE		source retained only by source commit/blob reference
W3-R5-CROSSROW-FULL-PIPELINE-CHAMPION-X	V027	perf(crossrow): test V027 remove fp16 pass1 barrier	w3/m1/crossrow-full-pipeline	413e39fdd7bc443e307eae65624db168cdf84ed3	f7eabf53543b1853ae0a2cdbbed88744dc2a6675	5ede9140f8400ebb0aa8796ecc14dcb3702e5246	503b98cb22ae88798bb6bfca83a46676933f3600	本地实验/CROSSROW-FULL-PIPELINE-CHAMPION-X/V027/support/runner_abi.h	100644	0b47603fc5a303efe00b0b66d79d72786d8435bb		EXCLUDE	SUPPORT_SOURCE		source retained only by source commit/blob reference
W3-R5-CROSSROW-FULL-PIPELINE-CHAMPION-X	V027	perf(crossrow): test V027 remove fp16 pass1 barrier	w3/m1/crossrow-full-pipeline	413e39fdd7bc443e307eae65624db168cdf84ed3	f7eabf53543b1853ae0a2cdbbed88744dc2a6675	5ede9140f8400ebb0aa8796ecc14dcb3702e5246	503b98cb22ae88798bb6bfca83a46676933f3600	本地实验/CROSSROW-FULL-PIPELINE-CHAMPION-X/V027/support/runner_main.cpp	100644	3d4c66c8e96f4a18ffc63c1e54d002dc07df1c3e		EXCLUDE	SUPPORT_SOURCE		source retained only by source commit/blob reference
W3-R5-CROSSROW-FULL-PIPELINE-CHAMPION-X	V028	perf(crossrow): test V028 remove fp16 reduce barrier	w3/m1/crossrow-full-pipeline	1efa0863611f1a9b76ab13dd361eba161b32b46d	413e39fdd7bc443e307eae65624db168cdf84ed3	ed8eba8f6b04a9526d93452f0f97cf93bbafa1ba	503b98cb22ae88798bb6bfca83a46676933f3600	本地实验/CROSSROW-FULL-PIPELINE-CHAMPION-X/V028/CMakeLists.txt	100644	d9563b5a0c19e156463c930d8f231cd3a33fb525		EXCLUDE	BUILD_CONFIGURATION		build configuration not copied
W3-R5-CROSSROW-FULL-PIPELINE-CHAMPION-X	V028	perf(crossrow): test V028 remove fp16 reduce barrier	w3/m1/crossrow-full-pipeline	1efa0863611f1a9b76ab13dd361eba161b32b46d	413e39fdd7bc443e307eae65624db168cdf84ed3	ed8eba8f6b04a9526d93452f0f97cf93bbafa1ba	503b98cb22ae88798bb6bfca83a46676933f3600	本地实验/CROSSROW-FULL-PIPELINE-CHAMPION-X/V028/Candidate.asc	100644	9da78d5f18d2d70b830709da28c4d8f85a2f601f		EXCLUDE	CANDIDATE_OR_KERNEL_SOURCE		source retained only by source commit/blob reference
W3-R5-CROSSROW-FULL-PIPELINE-CHAMPION-X	V028	perf(crossrow): test V028 remove fp16 reduce barrier	w3/m1/crossrow-full-pipeline	1efa0863611f1a9b76ab13dd361eba161b32b46d	413e39fdd7bc443e307eae65624db168cdf84ed3	ed8eba8f6b04a9526d93452f0f97cf93bbafa1ba	503b98cb22ae88798bb6bfca83a46676933f3600	本地实验/CROSSROW-FULL-PIPELINE-CHAMPION-X/V028/Parent.asc	100644	d381ce0a2a5d242f346d26e8080ec95bfd9f3d75		EXCLUDE	PARENT_KERNEL_SOURCE		source retained only by source commit/blob reference
W3-R5-CROSSROW-FULL-PIPELINE-CHAMPION-X	V028	perf(crossrow): test V028 remove fp16 reduce barrier	w3/m1/crossrow-full-pipeline	1efa0863611f1a9b76ab13dd361eba161b32b46d	413e39fdd7bc443e307eae65624db168cdf84ed3	ed8eba8f6b04a9526d93452f0f97cf93bbafa1ba	503b98cb22ae88798bb6bfca83a46676933f3600	本地实验/CROSSROW-FULL-PIPELINE-CHAMPION-X/V028/compile-v028-server3.log	100644	c0dede23b988ea9bd3b2f9fc78ad5670da6ef416	证据集成/W3/Batch-09-R1-R3-R4-R5/R5/V028/compile-v028-server3.log	COPY	COMPILE_LOG		original bytes
W3-R5-CROSSROW-FULL-PIPELINE-CHAMPION-X	V028	perf(crossrow): test V028 remove fp16 reduce barrier	w3/m1/crossrow-full-pipeline	1efa0863611f1a9b76ab13dd361eba161b32b46d	413e39fdd7bc443e307eae65624db168cdf84ed3	ed8eba8f6b04a9526d93452f0f97cf93bbafa1ba	503b98cb22ae88798bb6bfca83a46676933f3600	本地实验/CROSSROW-FULL-PIPELINE-CHAMPION-X/V028/compile_adapter.asc	100644	fd777d9da0f76c4a462c7dbea7fb23322028f7ef		EXCLUDE	SUPPORT_SOURCE		source retained only by source commit/blob reference
W3-R5-CROSSROW-FULL-PIPELINE-CHAMPION-X	V028	perf(crossrow): test V028 remove fp16 reduce barrier	w3/m1/crossrow-full-pipeline	1efa0863611f1a9b76ab13dd361eba161b32b46d	413e39fdd7bc443e307eae65624db168cdf84ed3	ed8eba8f6b04a9526d93452f0f97cf93bbafa1ba	503b98cb22ae88798bb6bfca83a46676933f3600	本地实验/CROSSROW-FULL-PIPELINE-CHAMPION-X/V028/support/CMakeLists.txt	100644	a4fbcffb60b5984b0237e73297282a80b05f8a79		EXCLUDE	BUILD_CONFIGURATION		build configuration not copied
W3-R5-CROSSROW-FULL-PIPELINE-CHAMPION-X	V028	perf(crossrow): test V028 remove fp16 reduce barrier	w3/m1/crossrow-full-pipeline	1efa0863611f1a9b76ab13dd361eba161b32b46d	413e39fdd7bc443e307eae65624db168cdf84ed3	ed8eba8f6b04a9526d93452f0f97cf93bbafa1ba	503b98cb22ae88798bb6bfca83a46676933f3600	本地实验/CROSSROW-FULL-PIPELINE-CHAMPION-X/V028/support/candidate_adapter.asc	100644	c80db9b5125e177971939da98a4e765d9e0f05cf		EXCLUDE	CANDIDATE_OR_KERNEL_SOURCE		source retained only by source commit/blob reference
W3-R5-CROSSROW-FULL-PIPELINE-CHAMPION-X	V028	perf(crossrow): test V028 remove fp16 reduce barrier	w3/m1/crossrow-full-pipeline	1efa0863611f1a9b76ab13dd361eba161b32b46d	413e39fdd7bc443e307eae65624db168cdf84ed3	ed8eba8f6b04a9526d93452f0f97cf93bbafa1ba	503b98cb22ae88798bb6bfca83a46676933f3600	本地实验/CROSSROW-FULL-PIPELINE-CHAMPION-X/V028/support/compile-runner-v028-server3.log	100644	a8f3b1eb70c41e56aa6cfe69e592ac09dc2a7640	证据集成/W3/Batch-09-R1-R3-R4-R5/R5/V028/support/compile-runner-v028-server3.log	COPY	COMPILE_LOG		original bytes
W3-R5-CROSSROW-FULL-PIPELINE-CHAMPION-X	V028	perf(crossrow): test V028 remove fp16 reduce barrier	w3/m1/crossrow-full-pipeline	1efa0863611f1a9b76ab13dd361eba161b32b46d	413e39fdd7bc443e307eae65624db168cdf84ed3	ed8eba8f6b04a9526d93452f0f97cf93bbafa1ba	503b98cb22ae88798bb6bfca83a46676933f3600	本地实验/CROSSROW-FULL-PIPELINE-CHAMPION-X/V028/support/correctness-v028-device1-r16-d16384.log	100644	68db95d8b82fd976f99eb1275e555a638242bd92	证据集成/W3/Batch-09-R1-R3-R4-R5/R5/V028/support/correctness-v028-device1-r16-d16384.log	COPY	CORRECTNESS_LOG		original bytes
W3-R5-CROSSROW-FULL-PIPELINE-CHAMPION-X	V028	perf(crossrow): test V028 remove fp16 reduce barrier	w3/m1/crossrow-full-pipeline	1efa0863611f1a9b76ab13dd361eba161b32b46d	413e39fdd7bc443e307eae65624db168cdf84ed3	ed8eba8f6b04a9526d93452f0f97cf93bbafa1ba	503b98cb22ae88798bb6bfca83a46676933f3600	本地实验/CROSSROW-FULL-PIPELINE-CHAMPION-X/V028/support/local-v028-device1-r16-d16384.log	100644	2aa7f0f99529b6dc6a6f8596445cdf698d66b853	证据集成/W3/Batch-09-R1-R3-R4-R5/R5/V028/support/local-v028-device1-r16-d16384.log	COPY	LOCAL_RUN_LOG		original bytes
W3-R5-CROSSROW-FULL-PIPELINE-CHAMPION-X	V028	perf(crossrow): test V028 remove fp16 reduce barrier	w3/m1/crossrow-full-pipeline	1efa0863611f1a9b76ab13dd361eba161b32b46d	413e39fdd7bc443e307eae65624db168cdf84ed3	ed8eba8f6b04a9526d93452f0f97cf93bbafa1ba	503b98cb22ae88798bb6bfca83a46676933f3600	本地实验/CROSSROW-FULL-PIPELINE-CHAMPION-X/V028/support/local-v028-device1-r16-d16384.tsv	100644	509c2db8d7e433b759a2651e58c3f240b4ae693f	证据集成/W3/Batch-09-R1-R3-R4-R5/R5/V028/support/local-v028-device1-r16-d16384.tsv	COPY	LOCAL_RAW_STATISTICS		original bytes
W3-R5-CROSSROW-FULL-PIPELINE-CHAMPION-X	V028	perf(crossrow): test V028 remove fp16 reduce barrier	w3/m1/crossrow-full-pipeline	1efa0863611f1a9b76ab13dd361eba161b32b46d	413e39fdd7bc443e307eae65624db168cdf84ed3	ed8eba8f6b04a9526d93452f0f97cf93bbafa1ba	503b98cb22ae88798bb6bfca83a46676933f3600	本地实验/CROSSROW-FULL-PIPELINE-CHAMPION-X/V028/support/npu-smi-v028-post-local.txt	100644	9df66f83f605debdc6c11095b5716c00ada3375f	证据集成/W3/Batch-09-R1-R3-R4-R5/R5/V028/support/npu-smi-v028-post-local.txt	COPY	LOCAL_CONTEXT_OR_DIAGNOSTIC		original bytes
W3-R5-CROSSROW-FULL-PIPELINE-CHAMPION-X	V028	perf(crossrow): test V028 remove fp16 reduce barrier	w3/m1/crossrow-full-pipeline	1efa0863611f1a9b76ab13dd361eba161b32b46d	413e39fdd7bc443e307eae65624db168cdf84ed3	ed8eba8f6b04a9526d93452f0f97cf93bbafa1ba	503b98cb22ae88798bb6bfca83a46676933f3600	本地实验/CROSSROW-FULL-PIPELINE-CHAMPION-X/V028/support/npu-smi-v028-pre-local.txt	100644	30abc3cf857affe53498656aa379f3efaec7ff96	证据集成/W3/Batch-09-R1-R3-R4-R5/R5/V028/support/npu-smi-v028-pre-local.txt	COPY	LOCAL_CONTEXT_OR_DIAGNOSTIC		original bytes
W3-R5-CROSSROW-FULL-PIPELINE-CHAMPION-X	V028	perf(crossrow): test V028 remove fp16 reduce barrier	w3/m1/crossrow-full-pipeline	1efa0863611f1a9b76ab13dd361eba161b32b46d	413e39fdd7bc443e307eae65624db168cdf84ed3	ed8eba8f6b04a9526d93452f0f97cf93bbafa1ba	503b98cb22ae88798bb6bfca83a46676933f3600	本地实验/CROSSROW-FULL-PIPELINE-CHAMPION-X/V028/support/parent_adapter.asc	100644	d5c9df28ed2a8f26b020c6c551eb8cc400846dd9		EXCLUDE	PARENT_KERNEL_SOURCE		source retained only by source commit/blob reference
W3-R5-CROSSROW-FULL-PIPELINE-CHAMPION-X	V028	perf(crossrow): test V028 remove fp16 reduce barrier	w3/m1/crossrow-full-pipeline	1efa0863611f1a9b76ab13dd361eba161b32b46d	413e39fdd7bc443e307eae65624db168cdf84ed3	ed8eba8f6b04a9526d93452f0f97cf93bbafa1ba	503b98cb22ae88798bb6bfca83a46676933f3600	本地实验/CROSSROW-FULL-PIPELINE-CHAMPION-X/V028/support/runner_abi.h	100644	0b47603fc5a303efe00b0b66d79d72786d8435bb		EXCLUDE	SUPPORT_SOURCE		source retained only by source commit/blob reference
W3-R5-CROSSROW-FULL-PIPELINE-CHAMPION-X	V028	perf(crossrow): test V028 remove fp16 reduce barrier	w3/m1/crossrow-full-pipeline	1efa0863611f1a9b76ab13dd361eba161b32b46d	413e39fdd7bc443e307eae65624db168cdf84ed3	ed8eba8f6b04a9526d93452f0f97cf93bbafa1ba	503b98cb22ae88798bb6bfca83a46676933f3600	本地实验/CROSSROW-FULL-PIPELINE-CHAMPION-X/V028/support/runner_main.cpp	100644	6dcd62261918f719fad003c62e71eeca2fc18b4b		EXCLUDE	SUPPORT_SOURCE		source retained only by source commit/blob reference
W3-R4-MULTIROW-PANEL-RMS-CHAMPION-X	V020	docs: record W3 official calibration	origin/main	1ea9677ba8e7307a73f13041c7b639ab6a96425c	373a5a39a6a1144b090ff928cfdda8daa7d48734	255f4977c1c9b446b638854d54ab72860b78bdcb	373a5a39a6a1144b090ff928cfdda8daa7d48734	线上结果/MULTIROW-PANEL-RMS-CHAMPION-X/V020/official-result.json	100644	5d2ca94253cc513db9ae6f2e3445f4fe9dd924fb	证据集成/W3/Batch-09-R1-R3-R4-R5/R4/V020/official/official-result.json	COPY	OFFICIAL_RESULT		original bytes from the stated source commit
W3-R4-MULTIROW-PANEL-RMS-CHAMPION-X	V020	docs: record W3 official calibration	origin/main	1ea9677ba8e7307a73f13041c7b639ab6a96425c	373a5a39a6a1144b090ff928cfdda8daa7d48734	255f4977c1c9b446b638854d54ab72860b78bdcb	373a5a39a6a1144b090ff928cfdda8daa7d48734	线上结果/MULTIROW-PANEL-RMS-CHAMPION-X/V020/submit.stdout.log	100644	98efee5e6809f8cb40f105e63d5d52551a54bcb9	证据集成/W3/Batch-09-R1-R3-R4-R5/R4/V020/official/submit.stdout.log	COPY	OFFICIAL_SUBMISSION_LOG		original bytes from the stated source commit
W3-R4-MULTIROW-PANEL-RMS-CHAMPION-X	V020	docs: record W3 official calibration	origin/main	1ea9677ba8e7307a73f13041c7b639ab6a96425c	373a5a39a6a1144b090ff928cfdda8daa7d48734	255f4977c1c9b446b638854d54ab72860b78bdcb	373a5a39a6a1144b090ff928cfdda8daa7d48734	线上结果/MULTIROW-PANEL-RMS-CHAMPION-X/V020/submit.stderr.log	100644	e69de29bb2d1d6434b8b29ae775ad8c2e48c5391	证据集成/W3/Batch-09-R1-R3-R4-R5/R4/V020/official/submit.stderr.log	COPY	OFFICIAL_SUBMISSION_LOG		original bytes from the stated source commit
W3-R5-CROSSROW-FULL-PIPELINE-CHAMPION-X	V012	docs: record W3 official calibration	origin/main	1ea9677ba8e7307a73f13041c7b639ab6a96425c	373a5a39a6a1144b090ff928cfdda8daa7d48734	255f4977c1c9b446b638854d54ab72860b78bdcb	373a5a39a6a1144b090ff928cfdda8daa7d48734	线上结果/CROSSROW-FULL-PIPELINE-CHAMPION-X/V012/official-result.json	100644	94b8a996bb27ee8cb3bc4a992f0ddc82cad4dfbe	证据集成/W3/Batch-09-R1-R3-R4-R5/R5/V012/official/official-result.json	COPY	OFFICIAL_RESULT		original bytes from the stated source commit
W3-R5-CROSSROW-FULL-PIPELINE-CHAMPION-X	V012	docs: record W3 official calibration	origin/main	1ea9677ba8e7307a73f13041c7b639ab6a96425c	373a5a39a6a1144b090ff928cfdda8daa7d48734	255f4977c1c9b446b638854d54ab72860b78bdcb	373a5a39a6a1144b090ff928cfdda8daa7d48734	线上结果/CROSSROW-FULL-PIPELINE-CHAMPION-X/V012/submit.stdout.log	100644	e4c96ec411e684884747c3aab8b96bbcf4c463db	证据集成/W3/Batch-09-R1-R3-R4-R5/R5/V012/official/submit.stdout.log	COPY	OFFICIAL_SUBMISSION_LOG		original bytes from the stated source commit
W3-R5-CROSSROW-FULL-PIPELINE-CHAMPION-X	V012	docs: record W3 official calibration	origin/main	1ea9677ba8e7307a73f13041c7b639ab6a96425c	373a5a39a6a1144b090ff928cfdda8daa7d48734	255f4977c1c9b446b638854d54ab72860b78bdcb	373a5a39a6a1144b090ff928cfdda8daa7d48734	线上结果/CROSSROW-FULL-PIPELINE-CHAMPION-X/V012/submit.stderr.log	100644	e69de29bb2d1d6434b8b29ae775ad8c2e48c5391	证据集成/W3/Batch-09-R1-R3-R4-R5/R5/V012/official/submit.stderr.log	COPY	OFFICIAL_SUBMISSION_LOG		original bytes from the stated source commit
