Device_id,kernel_name,kernel_type,stream_id,task_id,task_time(us),task_start(us),task_stop(us)
2,_Z24add_rms_norm_bias_customIfEvPhS0_S0_S0_S0_mmjff,AI_VECTOR_CORE,13,0,12.340,1791437213967759.384	,1791437213967771.724	
2,_Z24add_rms_norm_bias_customIfEvPhS0_S0_S0_S0_mmjff,AI_VECTOR_CORE,13,1,7.380,1791437214098543.220	,1791437214098550.600	
2,_Z24add_rms_norm_bias_customIfEvPhS0_S0_S0_S0_mmjff,AI_VECTOR_CORE,13,2,6.720,1791437214203544.116	,1791437214203550.836	
2,_Z24add_rms_norm_bias_customIfEvPhS0_S0_S0_S0_mmjff,AI_VECTOR_CORE,13,3,7.460,1791437214204560.056	,1791437214204567.516	
2,_Z24add_rms_norm_bias_customIfEvPhS0_S0_S0_S0_mmjff,AI_VECTOR_CORE,13,4,13.704,1791437214226435.012	,1791437214226448.716	
2,_Z24add_rms_norm_bias_customIfEvPhS0_S0_S0_S0_mmjff,AI_VECTOR_CORE,13,5,17.980,1791437214484448.708	,1791437214484466.688	
2,_Z24add_rms_norm_bias_customIfEvPhS0_S0_S0_S0_mmjff,AI_VECTOR_CORE,13,6,10.160,1791437215037333.636	,1791437215037343.796	
2,_Z24add_rms_norm_bias_customIfEvPhS0_S0_S0_S0_mmjff,AI_VECTOR_CORE,13,7,10.340,1791437215037396.076	,1791437215037406.416	
2,N/A,EVENT_RECORD,13,8,0.000,1791437215037508.340	,1791437215037508.340	
2,_Z24add_rms_norm_bias_customIfEvPhS0_S0_S0_S0_mmjff,AI_VECTOR_CORE,13,9,6.040,1791437215037598.520	,1791437215037604.560	
2,_Z24add_rms_norm_bias_customIfEvPhS0_S0_S0_S0_mmjff,AI_VECTOR_CORE,13,10,6.000,1791437215037688.264	,1791437215037694.264	
2,N/A,EVENT_RECORD,13,11,0.020,1791437215037708.964	,1791437215037708.984	
2,_Z24add_rms_norm_bias_customIfEvPhS0_S0_S0_S0_mmjff,AI_VECTOR_CORE,13,12,6.200,1791437215037772.464	,1791437215037778.664	
2,_Z24add_rms_norm_bias_customIfEvPhS0_S0_S0_S0_mmjff,AI_VECTOR_CORE,13,13,4.220,1791437215037809.364	,1791437215037813.584	
2,_Z24add_rms_norm_bias_customIfEvPhS0_S0_S0_S0_mmjff,AI_VECTOR_CORE,13,14,4.280,1791437215037851.788	,1791437215037856.068	
2,_Z24add_rms_norm_bias_customIfEvPhS0_S0_S0_S0_mmjff,AI_VECTOR_CORE,13,15,2.900,1791437215037878.228	,1791437215037881.128	
2,_Z24add_rms_norm_bias_customIfEvPhS0_S0_S0_S0_mmjff,AI_VECTOR_CORE,13,16,3.000,1791437215037907.088	,1791437215037910.088	
2,_Z24add_rms_norm_bias_customIfEvPhS0_S0_S0_S0_mmjff,AI_VECTOR_CORE,13,17,2.900,1791437215037935.808	,1791437215037938.708	
2,_Z24add_rms_norm_bias_customIfEvPhS0_S0_S0_S0_mmjff,AI_VECTOR_CORE,13,18,2.900,1791437215037955.768	,1791437215037958.668	
2,_Z24add_rms_norm_bias_customIfEvPhS0_S0_S0_S0_mmjff,AI_VECTOR_CORE,13,19,2.920,1791437215037994.528	,1791437215037997.448	
2,_Z24add_rms_norm_bias_customIfEvPhS0_S0_S0_S0_mmjff,AI_VECTOR_CORE,13,20,2.860,1791437215038024.908	,1791437215038027.768	
2,_Z24add_rms_norm_bias_customIfEvPhS0_S0_S0_S0_mmjff,AI_VECTOR_CORE,13,21,3.200,1791437215038050.788	,1791437215038053.988	
2,_Z24add_rms_norm_bias_customIfEvPhS0_S0_S0_S0_mmjff,AI_VECTOR_CORE,13,22,3.080,1791437215038070.352	,1791437215038073.432	
2,_Z24add_rms_norm_bias_customIfEvPhS0_S0_S0_S0_mmjff,AI_VECTOR_CORE,13,23,2.960,1791437215038104.052	,1791437215038107.012	
2,_Z24add_rms_norm_bias_customIfEvPhS0_S0_S0_S0_mmjff,AI_VECTOR_CORE,13,24,2.960,1791437215038123.652	,1791437215038126.612	
2,_Z24add_rms_norm_bias_customIfEvPhS0_S0_S0_S0_mmjff,AI_VECTOR_CORE,13,25,2.820,1791437215038149.012	,1791437215038151.832	
2,_Z24add_rms_norm_bias_customIfEvPhS0_S0_S0_S0_mmjff,AI_VECTOR_CORE,13,26,3.120,1791437215038175.712	,1791437215038178.832	
2,_Z24add_rms_norm_bias_customIfEvPhS0_S0_S0_S0_mmjff,AI_VECTOR_CORE,13,27,3.060,1791437215038202.652	,1791437215038205.712	
2,_Z24add_rms_norm_bias_customIfEvPhS0_S0_S0_S0_mmjff,AI_VECTOR_CORE,13,28,2.900,1791437215038229.612	,1791437215038232.512	
2,_Z24add_rms_norm_bias_customIfEvPhS0_S0_S0_S0_mmjff,AI_VECTOR_CORE,13,29,2.924,1791437215038255.532	,1791437215038258.456	
2,_Z24add_rms_norm_bias_customIfEvPhS0_S0_S0_S0_mmjff,AI_VECTOR_CORE,13,30,2.860,1791437215038277.976	,1791437215038280.836	
2,_Z24add_rms_norm_bias_customIfEvPhS0_S0_S0_S0_mmjff,AI_VECTOR_CORE,13,31,2.980,1791437215038310.956	,1791437215038313.936	
2,_Z24add_rms_norm_bias_customIfEvPhS0_S0_S0_S0_mmjff,AI_VECTOR_CORE,13,32,3.120,1791437215038347.476	,1791437215038350.596	
2,_Z24add_rms_norm_bias_customIfEvPhS0_S0_S0_S0_mmjff,AI_VECTOR_CORE,13,33,2.940,1791437215038372.536	,1791437215038375.476	
2,_Z24add_rms_norm_bias_customIfEvPhS0_S0_S0_S0_mmjff,AI_VECTOR_CORE,13,34,2.900,1791437215038396.936	,1791437215038399.836	
2,_Z24add_rms_norm_bias_customIfEvPhS0_S0_S0_S0_mmjff,AI_VECTOR_CORE,13,35,2.860,1791437215038424.236	,1791437215038427.096	
2,_Z24add_rms_norm_bias_customIfEvPhS0_S0_S0_S0_mmjff,AI_VECTOR_CORE,13,36,3.020,1791437215038456.620	,1791437215038459.640	
2,N/A,EVENT_RECORD,13,37,0.020,1791437215038481.520	,1791437215038481.540	
2,_Z24add_rms_norm_bias_customIfEvPhS0_S0_S0_S0_mmjff,AI_VECTOR_CORE,13,38,3.080,1791437215038535.180	,1791437215038538.260	
2,_Z24add_rms_norm_bias_customIfEvPhS0_S0_S0_S0_mmjff,AI_VECTOR_CORE,13,39,2.940,1791437215038579.960	,1791437215038582.900	
2,_Z24add_rms_norm_bias_customIfEvPhS0_S0_S0_S0_mmjff,AI_VECTOR_CORE,13,40,2.920,1791437215038608.880	,1791437215038611.800	
2,_Z24add_rms_norm_bias_customIfEvPhS0_S0_S0_S0_mmjff,AI_VECTOR_CORE,13,41,2.840,1791437215038635.940	,1791437215038638.780	
2,_Z24add_rms_norm_bias_customIfEvPhS0_S0_S0_S0_mmjff,AI_VECTOR_CORE,13,42,3.020,1791437215038664.664	,1791437215038667.684	
2,_Z24add_rms_norm_bias_customIfEvPhS0_S0_S0_S0_mmjff,AI_VECTOR_CORE,13,43,2.900,1791437215038693.404	,1791437215038696.304	
2,_Z24add_rms_norm_bias_customIfEvPhS0_S0_S0_S0_mmjff,AI_VECTOR_CORE,13,44,2.900,1791437215038720.924	,1791437215038723.824	
2,_Z24add_rms_norm_bias_customIfEvPhS0_S0_S0_S0_mmjff,AI_VECTOR_CORE,13,45,2.880,1791437215038748.504	,1791437215038751.384	
2,_Z24add_rms_norm_bias_customIfEvPhS0_S0_S0_S0_mmjff,AI_VECTOR_CORE,13,46,2.860,1791437215038798.224	,1791437215038801.084	
2,_Z24add_rms_norm_bias_customIfEvPhS0_S0_S0_S0_mmjff,AI_VECTOR_CORE,13,47,2.980,1791437215038824.384	,1791437215038827.364	
2,_Z24add_rms_norm_bias_customIfEvPhS0_S0_S0_S0_mmjff,AI_VECTOR_CORE,13,48,3.784,1791437215038849.844	,1791437215038853.628	
2,_Z24add_rms_norm_bias_customIfEvPhS0_S0_S0_S0_mmjff,AI_VECTOR_CORE,13,49,3.700,1791437215038875.368	,1791437215038879.068	
2,_Z24add_rms_norm_bias_customIfEvPhS0_S0_S0_S0_mmjff,AI_VECTOR_CORE,13,50,3.620,1791437215038902.048	,1791437215038905.668	
2,_Z24add_rms_norm_bias_customIfEvPhS0_S0_S0_S0_mmjff,AI_VECTOR_CORE,13,51,3.300,1791437215038931.148	,1791437215038934.448	
2,_Z24add_rms_norm_bias_customIfEvPhS0_S0_S0_S0_mmjff,AI_VECTOR_CORE,13,52,3.860,1791437215038963.848	,1791437215038967.708	
2,N/A,EVENT_RECORD,13,53,0.000,1791437215038980.028	,1791437215038980.028	
2,_Z24add_rms_norm_bias_customIfEvPhS0_S0_S0_S0_mmjff,AI_VECTOR_CORE,13,54,3.000,1791437215039031.868	,1791437215039034.868	
2,_Z24add_rms_norm_bias_customIfEvPhS0_S0_S0_S0_mmjff,AI_VECTOR_CORE,13,55,3.800,1791437215039087.072	,1791437215039090.872	
2,N/A,EVENT_RECORD,13,56,0.000,1791437215039105.852	,1791437215039105.852	
2,_Z24add_rms_norm_bias_customIfEvPhS0_S0_S0_S0_mmjff,AI_VECTOR_CORE,13,57,4.160,1791437215039158.352	,1791437215039162.512	
2,_Z24add_rms_norm_bias_customIfEvPhS0_S0_S0_S0_mmjff,AI_VECTOR_CORE,13,58,3.720,1791437215039200.992	,1791437215039204.712	
2,_Z24add_rms_norm_bias_customIfEvPhS0_S0_S0_S0_mmjff,AI_VECTOR_CORE,13,59,4.200,1791437215039227.472	,1791437215039231.672	
2,_Z24add_rms_norm_bias_customIfEvPhS0_S0_S0_S0_mmjff,AI_VECTOR_CORE,13,60,4.016,1791437215039251.236	,1791437215039255.252	
2,_Z24add_rms_norm_bias_customIfEvPhS0_S0_S0_S0_mmjff,AI_VECTOR_CORE,13,61,3.340,1791437215039298.636	,1791437215039301.976	
2,_Z24add_rms_norm_bias_customIfEvPhS0_S0_S0_S0_mmjff,AI_VECTOR_CORE,13,62,2.880,1791437215039318.776	,1791437215039321.656	
2,_Z24add_rms_norm_bias_customIfEvPhS0_S0_S0_S0_mmjff,AI_VECTOR_CORE,13,63,3.220,1791437215039345.536	,1791437215039348.756	
2,_Z24add_rms_norm_bias_customIfEvPhS0_S0_S0_S0_mmjff,AI_VECTOR_CORE,13,64,3.100,1791437215039372.016	,1791437215039375.116	
2,_Z24add_rms_norm_bias_customIfEvPhS0_S0_S0_S0_mmjff,AI_VECTOR_CORE,13,65,3.100,1791437215039400.216	,1791437215039403.316	
2,_Z24add_rms_norm_bias_customIfEvPhS0_S0_S0_S0_mmjff,AI_VECTOR_CORE,13,66,2.940,1791437215039436.536	,1791437215039439.476	
2,_Z24add_rms_norm_bias_customIfEvPhS0_S0_S0_S0_mmjff,AI_VECTOR_CORE,13,67,2.860,1791437215039458.820	,1791437215039461.680	
2,_Z24add_rms_norm_bias_customIfEvPhS0_S0_S0_S0_mmjff,AI_VECTOR_CORE,13,68,2.900,1791437215039486.080	,1791437215039488.980	
2,_Z24add_rms_norm_bias_customIfEvPhS0_S0_S0_S0_mmjff,AI_VECTOR_CORE,13,69,3.020,1791437215039508.900	,1791437215039511.920	
2,_Z24add_rms_norm_bias_customIfEvPhS0_S0_S0_S0_mmjff,AI_VECTOR_CORE,13,70,3.040,1791437215039535.000	,1791437215039538.040	
2,N/A,EVENT_RECORD,13,71,0.020,1791437215039633.880	,1791437215039633.900	
2,_Z24add_rms_norm_bias_customIfEvPhS0_S0_S0_S0_mmjff,AI_VECTOR_CORE,13,72,3.464,1791437215039650.500	,1791437215039653.964	
2,N/A,EVENT_RECORD,13,73,0.020,1791437215039753.664	,1791437215039753.684	
2,N/A,EVENT_RECORD,13,74,0.016,1791437215039857.908	,1791437215039857.924	
2,_Z24add_rms_norm_bias_customIfEvPhS0_S0_S0_S0_mmjff,AI_VECTOR_CORE,13,75,3.560,1791437215039891.128	,1791437215039894.688	
2,N/A,EVENT_RECORD,13,76,0.020,1791437215039940.348	,1791437215039940.368	
2,N/A,EVENT_RECORD,13,77,0.020,1791437215040015.028	,1791437215040015.048	
2,_Z24add_rms_norm_bias_customIfEvPhS0_S0_S0_S0_mmjff,AI_VECTOR_CORE,13,78,3.460,1791437215040021.308	,1791437215040024.768	
2,N/A,EVENT_RECORD,13,79,0.020,1791437215040041.388	,1791437215040041.408	
2,N/A,EVENT_RECORD,13,80,0.020,1791437215040109.952	,1791437215040109.972	
2,_Z24add_rms_norm_bias_customIfEvPhS0_S0_S0_S0_mmjff,AI_VECTOR_CORE,13,81,3.720,1791437215040114.232	,1791437215040117.952	
2,N/A,EVENT_RECORD,13,82,0.000,1791437215040135.952	,1791437215040135.952	
2,N/A,EVENT_RECORD,13,83,0.000,1791437215040203.252	,1791437215040203.252	
2,_Z24add_rms_norm_bias_customIfEvPhS0_S0_S0_S0_mmjff,AI_VECTOR_CORE,13,84,3.420,1791437215040217.272	,1791437215040220.692	
2,N/A,EVENT_RECORD,13,85,0.020,1791437215040231.832	,1791437215040231.852	
2,N/A,EVENT_RECORD,13,86,0.020,1791437215040311.116	,1791437215040311.136	
2,_Z24add_rms_norm_bias_customIfEvPhS0_S0_S0_S0_mmjff,AI_VECTOR_CORE,13,87,2.920,1791437215040325.776	,1791437215040328.696	
2,N/A,EVENT_RECORD,13,88,0.020,1791437215040341.016	,1791437215040341.036	
2,N/A,EVENT_RECORD,13,89,0.020,1791437215040408.656	,1791437215040408.676	
2,_Z24add_rms_norm_bias_customIfEvPhS0_S0_S0_S0_mmjff,AI_VECTOR_CORE,13,90,2.900,1791437215040413.556	,1791437215040416.456	
2,N/A,EVENT_RECORD,13,91,0.016,1791437215040456.620	,1791437215040456.636	
2,N/A,EVENT_RECORD,13,92,0.020,1791437215040518.340	,1791437215040518.360	
2,_Z24add_rms_norm_bias_customIfEvPhS0_S0_S0_S0_mmjff,AI_VECTOR_CORE,13,93,2.920,1791437215040531.300	,1791437215040534.220	
2,N/A,EVENT_RECORD,13,94,0.020,1791437215040545.460	,1791437215040545.480	
2,N/A,EVENT_RECORD,13,95,0.020,1791437215040612.100	,1791437215040612.120	
2,_Z24add_rms_norm_bias_customIfEvPhS0_S0_S0_S0_mmjff,AI_VECTOR_CORE,13,96,3.140,1791437215040626.060	,1791437215040629.200	
2,N/A,EVENT_RECORD,13,97,0.020,1791437215040642.500	,1791437215040642.520	
2,N/A,EVENT_RECORD,13,98,0.020,1791437215040705.964	,1791437215040705.984	
2,_Z24add_rms_norm_bias_customIfEvPhS0_S0_S0_S0_mmjff,AI_VECTOR_CORE,13,99,2.920,1791437215040719.444	,1791437215040722.364	
2,N/A,EVENT_RECORD,13,100,0.020,1791437215040736.064	,1791437215040736.084	
2,N/A,EVENT_RECORD,13,101,0.020,1791437215040790.564	,1791437215040790.584	
2,_Z24add_rms_norm_bias_customIfEvPhS0_S0_S0_S0_mmjff,AI_VECTOR_CORE,13,102,2.920,1791437215040837.624	,1791437215040840.544	
2,N/A,EVENT_RECORD,13,103,0.020,1791437215040842.524	,1791437215040842.544	
2,N/A,EVENT_RECORD,13,104,0.020,1791437215040907.228	,1791437215040907.248	
2,_Z24add_rms_norm_bias_customIfEvPhS0_S0_S0_S0_mmjff,AI_VECTOR_CORE,13,105,4.180,1791437215040914.088	,1791437215040918.268	
2,N/A,EVENT_RECORD,13,106,0.020,1791437215040930.288	,1791437215040930.308	
2,N/A,EVENT_RECORD,13,107,0.020,1791437215041000.828	,1791437215041000.848	
2,_Z24add_rms_norm_bias_customIfEvPhS0_S0_S0_S0_mmjff,AI_VECTOR_CORE,13,108,4.340,1791437215041006.808	,1791437215041011.148	
2,N/A,EVENT_RECORD,13,109,0.020,1791437215041024.948	,1791437215041024.968	
2,N/A,EVENT_RECORD,13,110,0.020,1791437215041115.252	,1791437215041115.272	
2,_Z24add_rms_norm_bias_customIfEvPhS0_S0_S0_S0_mmjff,AI_VECTOR_CORE,13,111,3.880,1791437215041134.312	,1791437215041138.192	
2,N/A,EVENT_RECORD,13,112,0.020,1791437215041152.132	,1791437215041152.152	
2,N/A,EVENT_RECORD,13,113,0.020,1791437215041224.312	,1791437215041224.332	
2,_Z24add_rms_norm_bias_customIfEvPhS0_S0_S0_S0_mmjff,AI_VECTOR_CORE,13,114,5.440,1791437215041238.452	,1791437215041243.892	
2,N/A,EVENT_RECORD,13,115,0.000,1791437215041256.996	,1791437215041256.996	
2,N/A,EVENT_RECORD,13,116,0.020,1791437215041318.396	,1791437215041318.416	
2,_Z24add_rms_norm_bias_customIfEvPhS0_S0_S0_S0_mmjff,AI_VECTOR_CORE,13,117,5.040,1791437215041334.856	,1791437215041339.896	
2,N/A,EVENT_RECORD,13,118,0.020,1791437215041340.496	,1791437215041340.516	
2,N/A,EVENT_RECORD,13,119,0.020,1791437215041414.356	,1791437215041414.376	
2,_Z24add_rms_norm_bias_customIfEvPhS0_S0_S0_S0_mmjff,AI_VECTOR_CORE,13,120,5.180,1791437215041416.296	,1791437215041421.476	
2,N/A,EVENT_RECORD,13,121,0.020,1791437215041437.496	,1791437215041437.516	
2,N/A,EVENT_RECORD,13,122,0.020,1791437215041492.620	,1791437215041492.640	
2,_Z24add_rms_norm_bias_customIfEvPhS0_S0_S0_S0_mmjff,AI_VECTOR_CORE,13,123,3.160,1791437215041505.860	,1791437215041509.020	
2,N/A,EVENT_RECORD,13,124,0.020,1791437215041529.860	,1791437215041529.880	
2,N/A,EVENT_RECORD,13,125,0.020,1791437215041588.460	,1791437215041588.480	
2,_Z24add_rms_norm_bias_customIfEvPhS0_S0_S0_S0_mmjff,AI_VECTOR_CORE,13,126,3.620,1791437215041612.940	,1791437215041616.560	
2,N/A,EVENT_RECORD,13,127,0.020,1791437215041617.860	,1791437215041617.880	
2,N/A,EVENT_RECORD,13,128,0.020,1791437215041698.244	,1791437215041698.264	
2,_Z24add_rms_norm_bias_customIfEvPhS0_S0_S0_S0_mmjff,AI_VECTOR_CORE,13,129,4.200,1791437215041701.544	,1791437215041705.744	
2,N/A,EVENT_RECORD,13,130,0.020,1791437215041726.164	,1791437215041726.184	
2,N/A,EVENT_RECORD,13,131,0.020,1791437215041785.804	,1791437215041785.824	
2,_Z24add_rms_norm_bias_customIfEvPhS0_S0_S0_S0_mmjff,AI_VECTOR_CORE,13,132,2.940,1791437215041790.084	,1791437215041793.024	
2,N/A,EVENT_RECORD,13,133,0.020,1791437215041806.844	,1791437215041806.864	
2,N/A,EVENT_RECORD,13,134,0.000,1791437215041884.588	,1791437215041884.588	
2,_Z24add_rms_norm_bias_customIfEvPhS0_S0_S0_S0_mmjff,AI_VECTOR_CORE,13,135,2.940,1791437215041901.048	,1791437215041903.988	
2,N/A,EVENT_RECORD,13,136,0.020,1791437215041907.588	,1791437215041907.608	
2,N/A,EVENT_RECORD,13,137,0.020,1791437215041962.688	,1791437215041962.708	
2,_Z24add_rms_norm_bias_customIfEvPhS0_S0_S0_S0_mmjff,AI_VECTOR_CORE,13,138,2.880,1791437215041980.188	,1791437215041983.068	
2,N/A,EVENT_RECORD,13,139,0.020,1791437215041995.388	,1791437215041995.408	
2,N/A,EVENT_RECORD,13,140,0.020,1791437215042062.692	,1791437215042062.712	
2,_Z24add_rms_norm_bias_customIfEvPhS0_S0_S0_S0_mmjff,AI_VECTOR_CORE,13,141,2.880,1791437215042065.932	,1791437215042068.812	
2,N/A,EVENT_RECORD,13,142,0.020,1791437215042088.992	,1791437215042089.012	
2,N/A,EVENT_RECORD,13,143,0.020,1791437215042151.872	,1791437215042151.892	
2,_Z24add_rms_norm_bias_customIfEvPhS0_S0_S0_S0_mmjff,AI_VECTOR_CORE,13,144,2.840,1791437215042162.792	,1791437215042165.632	
2,N/A,EVENT_RECORD,13,145,0.020,1791437215042176.212	,1791437215042176.232	
2,N/A,EVENT_RECORD,13,146,0.020,1791437215042237.512	,1791437215042237.532	
2,_Z24add_rms_norm_bias_customIfEvPhS0_S0_S0_S0_mmjff,AI_VECTOR_CORE,13,147,3.120,1791437215042249.832	,1791437215042252.952	
2,N/A,EVENT_RECORD,13,148,0.020,1791437215042280.836	,1791437215042280.856	
2,N/A,EVENT_RECORD,13,149,0.020,1791437215042338.976	,1791437215042338.996	
2,_Z24add_rms_norm_bias_customIfEvPhS0_S0_S0_S0_mmjff,AI_VECTOR_CORE,13,150,3.000,1791437215042353.336	,1791437215042356.336	
2,N/A,EVENT_RECORD,13,151,0.020,1791437215042368.076	,1791437215042368.096	
2,N/A,EVENT_RECORD,13,152,0.020,1791437215042439.036	,1791437215042439.056	
2,_Z24add_rms_norm_bias_customIfEvPhS0_S0_S0_S0_mmjff,AI_VECTOR_CORE,13,153,2.920,1791437215042458.116	,1791437215042461.036	
2,N/A,EVENT_RECORD,13,154,0.020,1791437215042473.800	,1791437215042473.820	
2,N/A,EVENT_RECORD,13,155,0.020,1791437215042534.480	,1791437215042534.500	
2,_Z24add_rms_norm_bias_customIfEvPhS0_S0_S0_S0_mmjff,AI_VECTOR_CORE,13,156,2.840,1791437215042550.020	,1791437215042552.860	
2,N/A,EVENT_RECORD,13,157,0.020,1791437215042569.420	,1791437215042569.440	
2,N/A,EVENT_RECORD,13,158,0.020,1791437215042652.260	,1791437215042652.280	
2,_Z24add_rms_norm_bias_customIfEvPhS0_S0_S0_S0_mmjff,AI_VECTOR_CORE,13,159,2.920,1791437215042682.544	,1791437215042685.464	
2,N/A,EVENT_RECORD,13,160,0.020,1791437215042699.344	,1791437215042699.364	
2,N/A,EVENT_RECORD,13,161,0.020,1791437215042759.364	,1791437215042759.384	
2,_Z24add_rms_norm_bias_customIfEvPhS0_S0_S0_S0_mmjff,AI_VECTOR_CORE,13,162,3.120,1791437215042778.184	,1791437215042781.304	
2,N/A,EVENT_RECORD,13,163,0.020,1791437215042793.244	,1791437215042793.264	
2,N/A,EVENT_RECORD,13,164,0.016,1791437215042855.268	,1791437215042855.284	
2,_Z24add_rms_norm_bias_customIfEvPhS0_S0_S0_S0_mmjff,AI_VECTOR_CORE,13,165,3.060,1791437215042892.428	,1791437215042895.488	
2,N/A,EVENT_RECORD,13,166,0.020,1791437215042898.868	,1791437215042898.888	
2,N/A,EVENT_RECORD,13,167,0.000,1791437215042964.268	,1791437215042964.268	
2,_Z24add_rms_norm_bias_customIfEvPhS0_S0_S0_S0_mmjff,AI_VECTOR_CORE,13,168,3.000,1791437215042979.028	,1791437215042982.028	
2,N/A,EVENT_RECORD,13,169,0.020,1791437215042991.208	,1791437215042991.228	
2,N/A,EVENT_RECORD,13,170,0.016,1791437215043058.332	,1791437215043058.348	
2,_Z24add_rms_norm_bias_customIfEvPhS0_S0_S0_S0_mmjff,AI_VECTOR_CORE,13,171,2.880,1791437215043063.172	,1791437215043066.052	
2,N/A,EVENT_RECORD,13,172,0.020,1791437215043088.592	,1791437215043088.612	
2,N/A,EVENT_RECORD,13,173,0.000,1791437215043149.452	,1791437215043149.452	
2,_Z24add_rms_norm_bias_customIfEvPhS0_S0_S0_S0_mmjff,AI_VECTOR_CORE,13,174,2.860,1791437215043162.432	,1791437215043165.292	
2,N/A,EVENT_RECORD,13,175,0.020,1791437215043177.892	,1791437215043177.912	
2,N/A,EVENT_RECORD,13,176,0.020,1791437215043249.872	,1791437215043249.892	
2,_Z24add_rms_norm_bias_customIfEvPhS0_S0_S0_S0_mmjff,AI_VECTOR_CORE,13,177,4.100,1791437215043254.192	,1791437215043258.292	
2,N/A,EVENT_RECORD,13,178,0.020,1791437215043275.616	,1791437215043275.636	
2,N/A,EVENT_RECORD,13,179,0.020,1791437215043351.276	,1791437215043351.296	
2,_Z24add_rms_norm_bias_customIfEvPhS0_S0_S0_S0_mmjff,AI_VECTOR_CORE,13,180,2.920,1791437215043356.856	,1791437215043359.776	
2,N/A,EVENT_RECORD,13,181,0.020,1791437215043376.556	,1791437215043376.576	
2,N/A,EVENT_RECORD,13,182,0.020,1791437215043453.656	,1791437215043453.676	
2,_Z24add_rms_norm_bias_customIfEvPhS0_S0_S0_S0_mmjff,AI_VECTOR_CORE,13,183,2.960,1791437215043473.320	,1791437215043476.280	
2,N/A,EVENT_RECORD,13,184,0.020,1791437215043490.720	,1791437215043490.740	
2,N/A,EVENT_RECORD,13,185,0.020,1791437215043556.540	,1791437215043556.560	
2,_Z24add_rms_norm_bias_customIfEvPhS0_S0_S0_S0_mmjff,AI_VECTOR_CORE,13,186,3.040,1791437215043568.360	,1791437215043571.400	
2,N/A,EVENT_RECORD,13,187,0.020,1791437215043590.160	,1791437215043590.180	
2,N/A,EVENT_RECORD,13,188,0.020,1791437215043638.660	,1791437215043638.680	
2,_Z24add_rms_norm_bias_customIfEvPhS0_S0_S0_S0_mmjff,AI_VECTOR_CORE,13,189,2.860,1791437215043659.524	,1791437215043662.384	
2,N/A,EVENT_RECORD,13,190,0.020,1791437215043673.624	,1791437215043673.644	
2,N/A,EVENT_RECORD,13,191,0.020,1791437215043750.004	,1791437215043750.024	
2,_Z24add_rms_norm_bias_customIfEvPhS0_S0_S0_S0_mmjff,AI_VECTOR_CORE,13,192,2.900,1791437215043764.704	,1791437215043767.604	
2,N/A,EVENT_RECORD,13,193,0.020,1791437215043782.164	,1791437215043782.184	
2,N/A,EVENT_RECORD,13,194,0.000,1791437215043847.184	,1791437215043847.184	
2,_Z24add_rms_norm_bias_customIfEvPhS0_S0_S0_S0_mmjff,AI_VECTOR_CORE,13,195,2.864,1791437215043858.884	,1791437215043861.748	
2,N/A,EVENT_RECORD,13,196,0.020,1791437215043874.208	,1791437215043874.228	
2,N/A,EVENT_RECORD,13,197,0.020,1791437215043934.328	,1791437215043934.348	
2,_Z24add_rms_norm_bias_customIfEvPhS0_S0_S0_S0_mmjff,AI_VECTOR_CORE,13,198,3.200,1791437215043985.108	,1791437215043988.308	
2,N/A,EVENT_RECORD,13,199,0.020,1791437215043989.968	,1791437215043989.988	
2,N/A,EVENT_RECORD,13,200,0.020,1791437215044045.428	,1791437215044045.448	
2,_Z24add_rms_norm_bias_customIfEvPhS0_S0_S0_S0_mmjff,AI_VECTOR_CORE,13,201,3.620,1791437215044062.252	,1791437215044065.872	
2,N/A,EVENT_RECORD,13,202,0.000,1791437215044079.832	,1791437215044079.832	
2,N/A,EVENT_RECORD,13,203,0.000,1791437215044145.932	,1791437215044145.932	
2,_Z24add_rms_norm_bias_customIfEvPhS0_S0_S0_S0_mmjff,AI_VECTOR_CORE,13,204,2.920,1791437215044178.392	,1791437215044181.312	
2,N/A,EVENT_RECORD,13,205,0.020,1791437215044193.172	,1791437215044193.192	
2,N/A,EVENT_RECORD,13,206,0.020,1791437215044281.936	,1791437215044281.956	
2,_Z24add_rms_norm_bias_customIfEvPhS0_S0_S0_S0_mmjff,AI_VECTOR_CORE,13,207,2.840,1791437215044305.036	,1791437215044307.876	
2,N/A,EVENT_RECORD,13,208,0.020,1791437215044330.136	,1791437215044330.156	
2,N/A,EVENT_RECORD,13,209,0.020,1791437215044387.556	,1791437215044387.576	
2,_Z24add_rms_norm_bias_customIfEvPhS0_S0_S0_S0_mmjff,AI_VECTOR_CORE,13,210,2.920,1791437215044410.776	,1791437215044413.696	
2,N/A,EVENT_RECORD,13,211,0.020,1791437215044426.276	,1791437215044426.296	
2,N/A,EVENT_RECORD,13,212,0.020,1791437215044491.260	,1791437215044491.280	
2,_Z24add_rms_norm_bias_customIfEvPhS0_S0_S0_S0_mmjff,AI_VECTOR_CORE,13,213,3.060,1791437215044503.920	,1791437215044506.980	
2,N/A,EVENT_RECORD,13,214,0.020,1791437215044521.120	,1791437215044521.140	
2,N/A,EVENT_RECORD,13,215,0.020,1791437215044582.160	,1791437215044582.180	
2,_Z24add_rms_norm_bias_customIfEvPhS0_S0_S0_S0_mmjff,AI_VECTOR_CORE,13,216,3.680,1791437215044598.900	,1791437215044602.580	
2,N/A,EVENT_RECORD,13,217,0.020,1791437215044613.440	,1791437215044613.460	
2,N/A,EVENT_RECORD,13,218,0.020,1791437215044672.124	,1791437215044672.144	
2,_Z24add_rms_norm_bias_customIfEvPhS0_S0_S0_S0_mmjff,AI_VECTOR_CORE,13,219,3.160,1791437215044709.284	,1791437215044712.444	
2,N/A,EVENT_RECORD,13,220,0.020,1791437215044725.084	,1791437215044725.104	
2,N/A,EVENT_RECORD,13,221,0.020,1791437215044795.364	,1791437215044795.384	
2,_Z24add_rms_norm_bias_customIfEvPhS0_S0_S0_S0_mmjff,AI_VECTOR_CORE,13,222,2.880,1791437215044807.664	,1791437215044810.544	
2,N/A,EVENT_RECORD,13,223,0.020,1791437215044823.984	,1791437215044824.004	
2,N/A,EVENT_RECORD,13,224,0.020,1791437215044879.028	,1791437215044879.048	
2,_Z24add_rms_norm_bias_customIfEvPhS0_S0_S0_S0_mmjff,AI_VECTOR_CORE,13,225,2.820,1791437215044893.608	,1791437215044896.428	
2,N/A,EVENT_RECORD,13,226,0.020,1791437215044913.108	,1791437215044913.128	
2,N/A,EVENT_RECORD,13,227,0.020,1791437215044977.908	,1791437215044977.928	
2,_Z24add_rms_norm_bias_customIfEvPhS0_S0_S0_S0_mmjff,AI_VECTOR_CORE,13,228,3.000,1791437215044992.208	,1791437215044995.208	
2,N/A,EVENT_RECORD,13,229,0.020,1791437215045008.288	,1791437215045008.308	
2,N/A,EVENT_RECORD,13,230,0.020,1791437215045086.472	,1791437215045086.492	
2,_Z24add_rms_norm_bias_customIfEvPhS0_S0_S0_S0_mmjff,AI_VECTOR_CORE,13,231,3.700,1791437215045102.132	,1791437215045105.832	
2,N/A,EVENT_RECORD,13,232,0.020,1791437215045117.992	,1791437215045118.012	
2,N/A,EVENT_RECORD,13,233,0.020,1791437215045185.312	,1791437215045185.332	
2,_Z24add_rms_norm_bias_customIfEvPhS0_S0_S0_S0_mmjff,AI_VECTOR_CORE,13,234,4.700,1791437215045187.792	,1791437215045192.492	
2,N/A,EVENT_RECORD,13,235,0.020,1791437215045212.052	,1791437215045212.072	
2,N/A,EVENT_RECORD,13,236,0.020,1791437215045264.076	,1791437215045264.096	
2,_Z24add_rms_norm_bias_customIfEvPhS0_S0_S0_S0_mmjff,AI_VECTOR_CORE,13,237,3.080,1791437215045279.136	,1791437215045282.216	
2,N/A,EVENT_RECORD,13,238,0.020,1791437215045295.156	,1791437215045295.176	
2,N/A,EVENT_RECORD,13,239,0.020,1791437215045362.196	,1791437215045362.216	
2,_Z24add_rms_norm_bias_customIfEvPhS0_S0_S0_S0_mmjff,AI_VECTOR_CORE,13,240,2.900,1791437215045367.636	,1791437215045370.536	
2,N/A,EVENT_RECORD,13,241,0.020,1791437215045386.576	,1791437215045386.596	
2,N/A,EVENT_RECORD,13,242,0.020,1791437215045456.776	,1791437215045456.796	
2,_Z24add_rms_norm_bias_customIfEvPhS0_S0_S0_S0_mmjff,AI_VECTOR_CORE,13,243,2.880,1791437215045470.140	,1791437215045473.020	
2,N/A,EVENT_RECORD,13,244,0.020,1791437215045484.380	,1791437215045484.400	
2,N/A,EVENT_RECORD,13,245,0.020,1791437215045547.100	,1791437215045547.120	
2,_Z24add_rms_norm_bias_customIfEvPhS0_S0_S0_S0_mmjff,AI_VECTOR_CORE,13,246,2.840,1791437215045559.820	,1791437215045562.660	
2,N/A,EVENT_RECORD,13,247,0.020,1791437215045573.940	,1791437215045573.960	
2,N/A,EVENT_RECORD,13,248,0.020,1791437215045642.700	,1791437215045642.720	
2,_Z24add_rms_norm_bias_customIfEvPhS0_S0_S0_S0_mmjff,AI_VECTOR_CORE,13,249,2.980,1791437215045647.480	,1791437215045650.460	
2,N/A,EVENT_RECORD,13,250,0.000,1791437215045663.484	,1791437215045663.484	
2,N/A,EVENT_RECORD,13,251,0.020,1791437215045723.544	,1791437215045723.564	
2,_Z24add_rms_norm_bias_customIfEvPhS0_S0_S0_S0_mmjff,AI_VECTOR_CORE,13,252,3.020,1791437215045736.044	,1791437215045739.064	
2,N/A,EVENT_RECORD,13,253,0.020,1791437215045751.504	,1791437215045751.524	
2,N/A,EVENT_RECORD,13,254,0.020,1791437215045824.884	,1791437215045824.904	
2,_Z24add_rms_norm_bias_customIfEvPhS0_S0_S0_S0_mmjff,AI_VECTOR_CORE,13,255,3.060,1791437215045866.588	,1791437215045869.648	
2,N/A,EVENT_RECORD,13,256,0.020,1791437215045896.828	,1791437215045896.848	
2,N/A,EVENT_RECORD,13,257,0.020,1791437215045956.048	,1791437215045956.068	
2,_Z24add_rms_norm_bias_customIfEvPhS0_S0_S0_S0_mmjff,AI_VECTOR_CORE,13,258,2.900,1791437215045972.088	,1791437215045974.988	
2,N/A,EVENT_RECORD,13,259,0.020,1791437215045989.388	,1791437215045989.408	
2,N/A,EVENT_RECORD,13,260,0.020,1791437215046051.968	,1791437215046051.988	
2,_Z24add_rms_norm_bias_customIfEvPhS0_S0_S0_S0_mmjff,AI_VECTOR_CORE,13,261,5.520,1791437215046072.952	,1791437215046078.472	
2,N/A,EVENT_RECORD,13,262,0.000,1791437215046078.512	,1791437215046078.512	
2,N/A,EVENT_RECORD,13,263,0.020,1791437215046143.152	,1791437215046143.172	
2,_Z24add_rms_norm_bias_customIfEvPhS0_S0_S0_S0_mmjff,AI_VECTOR_CORE,13,264,4.120,1791437215046157.452	,1791437215046161.572	
2,N/A,EVENT_RECORD,13,265,0.020,1791437215046175.932	,1791437215046175.952	
2,N/A,EVENT_RECORD,13,266,0.020,1791437215046226.012	,1791437215046226.032	
2,_Z24add_rms_norm_bias_customIfEvPhS0_S0_S0_S0_mmjff,AI_VECTOR_CORE,13,267,3.860,1791437215046246.212	,1791437215046250.072	
2,N/A,EVENT_RECORD,13,268,0.024,1791437215046264.012	,1791437215046264.036	
2,N/A,EVENT_RECORD,13,269,0.020,1791437215046325.796	,1791437215046325.816	
2,_Z24add_rms_norm_bias_customIfEvPhS0_S0_S0_S0_mmjff,AI_VECTOR_CORE,13,270,3.360,1791437215046342.516	,1791437215046345.876	
2,N/A,EVENT_RECORD,13,271,0.020,1791437215046356.936	,1791437215046356.956	
2,N/A,EVENT_RECORD,13,272,0.020,1791437215046408.056	,1791437215046408.076	
2,_Z24add_rms_norm_bias_customIfEvPhS0_S0_S0_S0_mmjff,AI_VECTOR_CORE,13,273,2.860,1791437215046423.636	,1791437215046426.496	
2,N/A,EVENT_RECORD,13,274,0.020,1791437215046447.516	,1791437215046447.536	
2,N/A,EVENT_RECORD,13,275,0.000,1791437215046508.540	,1791437215046508.540	
2,_Z24add_rms_norm_bias_customIfEvPhS0_S0_S0_S0_mmjff,AI_VECTOR_CORE,13,276,4.940,1791437215046515.680	,1791437215046520.620	
2,N/A,EVENT_RECORD,13,277,0.020,1791437215046533.540	,1791437215046533.560	
2,N/A,EVENT_RECORD,13,278,0.020,1791437215046605.640	,1791437215046605.660	
2,_Z24add_rms_norm_bias_customIfEvPhS0_S0_S0_S0_mmjff,AI_VECTOR_CORE,13,279,5.020,1791437215046622.160	,1791437215046627.180	
2,N/A,EVENT_RECORD,13,280,0.020,1791437215046643.320	,1791437215046643.340	
2,N/A,EVENT_RECORD,13,281,0.000,1791437215046722.604	,1791437215046722.604	
2,_Z24add_rms_norm_bias_customIfEvPhS0_S0_S0_S0_mmjff,AI_VECTOR_CORE,13,282,3.660,1791437215046741.664	,1791437215046745.324	
2,N/A,EVENT_RECORD,13,283,0.020,1791437215046745.364	,1791437215046745.384	
2,N/A,EVENT_RECORD,13,284,0.020,1791437215046808.384	,1791437215046808.404	
2,_Z24add_rms_norm_bias_customIfEvPhS0_S0_S0_S0_mmjff,AI_VECTOR_CORE,13,285,2.920,1791437215046820.524	,1791437215046823.444	
2,N/A,EVENT_RECORD,13,286,0.020,1791437215046834.704	,1791437215046834.724	
2,N/A,EVENT_RECORD,13,287,0.000,1791437215046900.608	,1791437215046900.608	
2,_Z24add_rms_norm_bias_customIfEvPhS0_S0_S0_S0_mmjff,AI_VECTOR_CORE,13,288,2.880,1791437215046913.728	,1791437215046916.608	
2,N/A,EVENT_RECORD,13,289,0.000,1791437215046929.328	,1791437215046929.328	
2,N/A,EVENT_RECORD,13,290,0.020,1791437215046991.828	,1791437215046991.848	
2,_Z24add_rms_norm_bias_customIfEvPhS0_S0_S0_S0_mmjff,AI_VECTOR_CORE,13,291,4.080,1791437215047043.548	,1791437215047047.628	
2,N/A,EVENT_RECORD,13,292,0.000,1791437215047061.932	,1791437215047061.932	
2,N/A,EVENT_RECORD,13,293,0.020,1791437215047133.272	,1791437215047133.292	
2,_Z24add_rms_norm_bias_customIfEvPhS0_S0_S0_S0_mmjff,AI_VECTOR_CORE,13,294,5.140,1791437215047141.272	,1791437215047146.412	
2,N/A,EVENT_RECORD,13,295,0.000,1791437215047164.632	,1791437215047164.632	
2,N/A,EVENT_RECORD,13,296,0.020,1791437215047228.932	,1791437215047228.952	
2,_Z24add_rms_norm_bias_customIfEvPhS0_S0_S0_S0_mmjff,AI_VECTOR_CORE,13,297,3.720,1791437215047249.812	,1791437215047253.532	
2,N/A,EVENT_RECORD,13,298,0.020,1791437215047255.572	,1791437215047255.592	
2,N/A,EVENT_RECORD,13,299,0.020,1791437215047326.536	,1791437215047326.556	
2,_Z24add_rms_norm_bias_customIfEvPhS0_S0_S0_S0_mmjff,AI_VECTOR_CORE,13,300,5.280,1791437215047328.576	,1791437215047333.856	
2,N/A,EVENT_RECORD,13,301,0.020,1791437215047342.836	,1791437215047342.856	
2,N/A,EVENT_RECORD,13,302,0.020,1791437215047426.436	,1791437215047426.456	
2,_Z24add_rms_norm_bias_customIfEvPhS0_S0_S0_S0_mmjff,AI_VECTOR_CORE,13,303,3.600,1791437215047453.596	,1791437215047457.196	
2,N/A,EVENT_RECORD,13,304,0.020,1791437215047469.120	,1791437215047469.140	
2,N/A,EVENT_RECORD,13,305,0.020,1791437215047537.040	,1791437215047537.060	
2,_Z24add_rms_norm_bias_customIfEvPhS0_S0_S0_S0_mmjff,AI_VECTOR_CORE,13,306,2.960,1791437215047551.760	,1791437215047554.720	
2,N/A,EVENT_RECORD,13,307,0.000,1791437215047590.540	,1791437215047590.540	
2,N/A,EVENT_RECORD,13,308,0.020,1791437215047647.720	,1791437215047647.740	
2,_Z24add_rms_norm_bias_customIfEvPhS0_S0_S0_S0_mmjff,AI_VECTOR_CORE,13,309,2.824,1791437215047662.580	,1791437215047665.404	
2,N/A,EVENT_RECORD,13,310,0.020,1791437215047687.784	,1791437215047687.804	
2,N/A,EVENT_RECORD,13,311,0.020,1791437215047767.384	,1791437215047767.404	
2,_Z24add_rms_norm_bias_customIfEvPhS0_S0_S0_S0_mmjff,AI_VECTOR_CORE,13,312,2.860,1791437215047776.204	,1791437215047779.064	
2,N/A,EVENT_RECORD,13,313,0.020,1791437215047794.824	,1791437215047794.844	
2,N/A,EVENT_RECORD,13,314,0.024,1791437215047864.164	,1791437215047864.188	
2,_Z24add_rms_norm_bias_customIfEvPhS0_S0_S0_S0_mmjff,AI_VECTOR_CORE,13,315,3.640,1791437215047867.448	,1791437215047871.088	
2,N/A,EVENT_RECORD,13,316,0.020,1791437215047891.628	,1791437215047891.648	
2,N/A,EVENT_RECORD,13,317,0.020,1791437215047955.288	,1791437215047955.308	
2,_Z24add_rms_norm_bias_customIfEvPhS0_S0_S0_S0_mmjff,AI_VECTOR_CORE,13,318,5.180,1791437215047981.408	,1791437215047986.588	
2,N/A,EVENT_RECORD,13,319,0.000,1791437215047986.628	,1791437215047986.628	
2,N/A,EVENT_RECORD,13,320,0.020,1791437215048049.528	,1791437215048049.548	
2,_Z24add_rms_norm_bias_customIfEvPhS0_S0_S0_S0_mmjff,AI_VECTOR_CORE,13,321,5.096,1791437215048061.332	,1791437215048066.428	
2,N/A,EVENT_RECORD,13,322,0.000,1791437215048082.352	,1791437215048082.352	
2,N/A,EVENT_RECORD,13,323,0.020,1791437215048148.372	,1791437215048148.392	
2,_Z24add_rms_norm_bias_customIfEvPhS0_S0_S0_S0_mmjff,AI_VECTOR_CORE,13,324,3.740,1791437215048160.292	,1791437215048164.032	
2,N/A,EVENT_RECORD,13,325,0.020,1791437215048182.932	,1791437215048182.952	
2,N/A,EVENT_RECORD,13,326,0.020,1791437215048272.316	,1791437215048272.336	
2,_Z24add_rms_norm_bias_customIfEvPhS0_S0_S0_S0_mmjff,AI_VECTOR_CORE,13,327,3.020,1791437215048282.216	,1791437215048285.236	
2,N/A,EVENT_RECORD,13,328,0.020,1791437215048312.676	,1791437215048312.696	
2,N/A,EVENT_RECORD,13,329,0.020,1791437215048381.136	,1791437215048381.156	
2,_Z24add_rms_norm_bias_customIfEvPhS0_S0_S0_S0_mmjff,AI_VECTOR_CORE,13,330,3.940,1791437215048384.376	,1791437215048388.316	
2,N/A,EVENT_RECORD,13,331,0.020,1791437215048403.236	,1791437215048403.256	
2,N/A,EVENT_RECORD,13,332,0.020,1791437215048489.620	,1791437215048489.640	
2,_Z24add_rms_norm_bias_customIfEvPhS0_S0_S0_S0_mmjff,AI_VECTOR_CORE,13,333,3.820,1791437215048503.600	,1791437215048507.420	
2,N/A,EVENT_RECORD,13,334,0.020,1791437215048522.940	,1791437215048522.960	
2,N/A,EVENT_RECORD,13,335,0.020,1791437215048578.420	,1791437215048578.440	
2,_Z24add_rms_norm_bias_customIfEvPhS0_S0_S0_S0_mmjff,AI_VECTOR_CORE,13,336,2.840,1791437215048594.240	,1791437215048597.080	
2,N/A,EVENT_RECORD,13,337,0.020,1791437215048611.480	,1791437215048611.500	
2,N/A,EVENT_RECORD,13,338,0.000,1791437215048686.024	,1791437215048686.024	
2,_Z24add_rms_norm_bias_customIfEvPhS0_S0_S0_S0_mmjff,AI_VECTOR_CORE,13,339,2.860,1791437215048689.484	,1791437215048692.344	
2,N/A,EVENT_RECORD,13,340,0.000,1791437215048715.264	,1791437215048715.264	
2,N/A,EVENT_RECORD,13,341,0.020,1791437215048777.684	,1791437215048777.704	
2,_Z24add_rms_norm_bias_customIfEvPhS0_S0_S0_S0_mmjff,AI_VECTOR_CORE,13,342,3.040,1791437215048793.524	,1791437215048796.564	
2,N/A,EVENT_RECORD,13,343,0.020,1791437215048809.124	,1791437215048809.144	
2,N/A,EVENT_RECORD,13,344,0.000,1791437215048869.248	,1791437215048869.248	
2,_Z24add_rms_norm_bias_customIfEvPhS0_S0_S0_S0_mmjff,AI_VECTOR_CORE,13,345,2.880,1791437215048886.488	,1791437215048889.368	
2,N/A,EVENT_RECORD,13,346,0.000,1791437215048903.328	,1791437215048903.328	
2,N/A,EVENT_RECORD,13,347,0.020,1791437215048986.168	,1791437215048986.188	
2,_Z24add_rms_norm_bias_customIfEvPhS0_S0_S0_S0_mmjff,AI_VECTOR_CORE,13,348,3.220,1791437215048990.508	,1791437215048993.728	
2,N/A,EVENT_RECORD,13,349,0.020,1791437215049016.228	,1791437215049016.248	
2,N/A,EVENT_RECORD,13,350,0.020,1791437215049099.652	,1791437215049099.672	
2,_Z24add_rms_norm_bias_customIfEvPhS0_S0_S0_S0_mmjff,AI_VECTOR_CORE,13,351,2.920,1791437215049133.512	,1791437215049136.432	
2,N/A,EVENT_RECORD,13,352,0.020,1791437215049161.152	,1791437215049161.172	
2,N/A,EVENT_RECORD,13,353,0.020,1791437215049231.052	,1791437215049231.072	
2,_Z24add_rms_norm_bias_customIfEvPhS0_S0_S0_S0_mmjff,AI_VECTOR_CORE,13,354,2.920,1791437215049234.032	,1791437215049236.952	
2,N/A,EVENT_RECORD,13,355,0.020,1791437215049252.852	,1791437215049252.872	
2,N/A,EVENT_RECORD,13,356,0.020,1791437215049318.096	,1791437215049318.116	
2,_Z24add_rms_norm_bias_customIfEvPhS0_S0_S0_S0_mmjff,AI_VECTOR_CORE,13,357,3.200,1791437215049333.636	,1791437215049336.836	
2,N/A,EVENT_RECORD,13,358,0.020,1791437215049363.816	,1791437215049363.836	
2,N/A,EVENT_RECORD,13,359,0.020,1791437215049444.936	,1791437215049444.956	
2,_Z24add_rms_norm_bias_customIfEvPhS0_S0_S0_S0_mmjff,AI_VECTOR_CORE,13,360,2.940,1791437215049447.316	,1791437215049450.256	
2,N/A,EVENT_RECORD,13,361,0.000,1791437215049474.720	,1791437215049474.720	
2,N/A,EVENT_RECORD,13,362,0.020,1791437215049536.680	,1791437215049536.700	
2,_Z24add_rms_norm_bias_customIfEvPhS0_S0_S0_S0_mmjff,AI_VECTOR_CORE,13,363,3.020,1791437215049546.780	,1791437215049549.800	
2,N/A,EVENT_RECORD,13,364,0.020,1791437215049566.300	,1791437215049566.320	
2,N/A,EVENT_RECORD,13,365,0.020,1791437215049633.040	,1791437215049633.060	
2,_Z24add_rms_norm_bias_customIfEvPhS0_S0_S0_S0_mmjff,AI_VECTOR_CORE,13,366,3.000,1791437215049638.960	,1791437215049641.960	
2,N/A,EVENT_RECORD,13,367,0.020,1791437215049660.080	,1791437215049660.100	
2,N/A,EVENT_RECORD,13,368,0.020,1791437215049732.284	,1791437215049732.304	
2,_Z24add_rms_norm_bias_customIfEvPhS0_S0_S0_S0_mmjff,AI_VECTOR_CORE,13,369,2.860,1791437215049736.504	,1791437215049739.364	
2,N/A,EVENT_RECORD,13,370,0.020,1791437215049759.904	,1791437215049759.924	
2,N/A,EVENT_RECORD,13,371,0.020,1791437215049817.304	,1791437215049817.324	
2,_Z24add_rms_norm_bias_customIfEvPhS0_S0_S0_S0_mmjff,AI_VECTOR_CORE,13,372,3.020,1791437215049837.624	,1791437215049840.644	
2,N/A,EVENT_RECORD,13,373,0.020,1791437215049861.244	,1791437215049861.264	
2,N/A,EVENT_RECORD,13,374,0.020,1791437215049947.048	,1791437215049947.068	
2,_Z24add_rms_norm_bias_customIfEvPhS0_S0_S0_S0_mmjff,AI_VECTOR_CORE,13,375,2.960,1791437215049972.048	,1791437215049975.008	
2,N/A,EVENT_RECORD,13,376,0.020,1791437215049977.628	,1791437215049977.648	
2,N/A,EVENT_RECORD,13,377,0.020,1791437215050051.788	,1791437215050051.808	
2,_Z24add_rms_norm_bias_customIfEvPhS0_S0_S0_S0_mmjff,AI_VECTOR_CORE,13,378,3.140,1791437215050054.908	,1791437215050058.048	
2,N/A,EVENT_RECORD,13,379,0.020,1791437215050073.092	,1791437215050073.112	
2,N/A,EVENT_RECORD,13,380,0.020,1791437215050142.212	,1791437215050142.232	
2,_Z24add_rms_norm_bias_customIfEvPhS0_S0_S0_S0_mmjff,AI_VECTOR_CORE,13,381,2.880,1791437215050145.212	,1791437215050148.092	
2,N/A,EVENT_RECORD,13,382,0.020,1791437215050162.612	,1791437215050162.632	
2,N/A,EVENT_RECORD,13,383,0.020,1791437215050250.612	,1791437215050250.632	
2,_Z24add_rms_norm_bias_customIfEvPhS0_S0_S0_S0_mmjff,AI_VECTOR_CORE,13,384,2.800,1791437215050254.392	,1791437215050257.192	
2,N/A,EVENT_RECORD,13,385,0.020,1791437215050271.116	,1791437215050271.136	
2,N/A,EVENT_RECORD,13,386,0.020,1791437215050337.776	,1791437215050337.796	
2,_Z24add_rms_norm_bias_customIfEvPhS0_S0_S0_S0_mmjff,AI_VECTOR_CORE,13,387,4.980,1791437215050350.856	,1791437215050355.836	
2,N/A,EVENT_RECORD,13,388,0.020,1791437215050365.516	,1791437215050365.536	
2,N/A,EVENT_RECORD,13,389,0.020,1791437215050417.496	,1791437215050417.516	
2,_Z24add_rms_norm_bias_customIfEvPhS0_S0_S0_S0_mmjff,AI_VECTOR_CORE,13,390,5.620,1791437215050441.256	,1791437215050446.876	
2,N/A,EVENT_RECORD,13,391,0.020,1791437215050457.016	,1791437215050457.036	
2,N/A,EVENT_RECORD,13,392,0.000,1791437215050516.480	,1791437215050516.480	
2,_Z24add_rms_norm_bias_customIfEvPhS0_S0_S0_S0_mmjff,AI_VECTOR_CORE,13,393,3.520,1791437215050531.160	,1791437215050534.680	
2,N/A,EVENT_RECORD,13,394,0.020,1791437215050549.200	,1791437215050549.220	
2,N/A,EVENT_RECORD,13,395,0.020,1791437215050620.520	,1791437215050620.540	
2,_Z24add_rms_norm_bias_customIfEvPhS0_S0_S0_S0_mmjff,AI_VECTOR_CORE,13,396,2.960,1791437215050623.120	,1791437215050626.080	
2,N/A,EVENT_RECORD,13,397,0.020,1791437215050643.840	,1791437215050643.860	
2,N/A,EVENT_RECORD,13,398,0.000,1791437215050733.544	,1791437215050733.544	
2,_Z24add_rms_norm_bias_customIfEvPhS0_S0_S0_S0_mmjff,AI_VECTOR_CORE,13,399,2.900,1791437215050752.744	,1791437215050755.644	
2,N/A,EVENT_RECORD,13,400,0.000,1791437215050768.664	,1791437215050768.664	
2,N/A,EVENT_RECORD,13,401,0.000,1791437215050825.484	,1791437215050825.484	
2,_Z24add_rms_norm_bias_customIfEvPhS0_S0_S0_S0_mmjff,AI_VECTOR_CORE,13,402,2.920,1791437215050841.084	,1791437215050844.004	
2,N/A,EVENT_RECORD,13,403,0.000,1791437215050866.684	,1791437215050866.684	
2,N/A,EVENT_RECORD,13,404,0.020,1791437215050923.588	,1791437215050923.608	
2,_Z24add_rms_norm_bias_customIfEvPhS0_S0_S0_S0_mmjff,AI_VECTOR_CORE,13,405,2.800,1791437215050939.628	,1791437215050942.428	
2,N/A,EVENT_RECORD,13,406,0.020,1791437215050957.448	,1791437215050957.468	
2,N/A,EVENT_RECORD,13,407,0.000,1791437215051028.848	,1791437215051028.848	
2,_Z24add_rms_norm_bias_customIfEvPhS0_S0_S0_S0_mmjff,AI_VECTOR_CORE,13,408,3.100,1791437215051033.028	,1791437215051036.128	
2,N/A,EVENT_RECORD,13,409,0.016,1791437215051068.052	,1791437215051068.068	
2,N/A,EVENT_RECORD,13,410,0.020,1791437215051129.732	,1791437215051129.752	
2,_Z24add_rms_norm_bias_customIfEvPhS0_S0_S0_S0_mmjff,AI_VECTOR_CORE,13,411,3.280,1791437215051149.952	,1791437215051153.232	
2,N/A,EVENT_RECORD,13,412,0.000,1791437215051156.992	,1791437215051156.992	
2,N/A,EVENT_RECORD,13,413,0.020,1791437215051225.012	,1791437215051225.032	
2,_Z24add_rms_norm_bias_customIfEvPhS0_S0_S0_S0_mmjff,AI_VECTOR_CORE,13,414,2.960,1791437215051234.292	,1791437215051237.252	
2,N/A,EVENT_RECORD,13,415,0.020,1791437215051258.132	,1791437215051258.152	
2,N/A,EVENT_RECORD,13,416,0.020,1791437215051315.916	,1791437215051315.936	
2,_Z24add_rms_norm_bias_customIfEvPhS0_S0_S0_S0_mmjff,AI_VECTOR_CORE,13,417,2.840,1791437215051335.756	,1791437215051338.596	
2,N/A,EVENT_RECORD,13,418,0.020,1791437215051359.136	,1791437215051359.156	
2,N/A,EVENT_RECORD,13,419,0.020,1791437215051420.856	,1791437215051420.876	
2,_Z24add_rms_norm_bias_customIfEvPhS0_S0_S0_S0_mmjff,AI_VECTOR_CORE,13,420,2.860,1791437215051424.856	,1791437215051427.716	
2,N/A,EVENT_RECORD,13,421,0.020,1791437215051450.516	,1791437215051450.536	
2,N/A,EVENT_RECORD,13,422,0.020,1791437215051526.180	,1791437215051526.200	
2,_Z24add_rms_norm_bias_customIfEvPhS0_S0_S0_S0_mmjff,AI_VECTOR_CORE,13,423,3.580,1791437215051545.780	,1791437215051549.360	
2,N/A,EVENT_RECORD,13,424,0.020,1791437215051572.360	,1791437215051572.380	
2,N/A,EVENT_RECORD,13,425,0.020,1791437215051633.660	,1791437215051633.680	
2,_Z24add_rms_norm_bias_customIfEvPhS0_S0_S0_S0_mmjff,AI_VECTOR_CORE,13,426,3.120,1791437215051638.640	,1791437215051641.760	
2,N/A,EVENT_RECORD,13,427,0.016,1791437215051670.084	,1791437215051670.100	
2,N/A,EVENT_RECORD,13,428,0.020,1791437215051760.784	,1791437215051760.804	
2,_Z24add_rms_norm_bias_customIfEvPhS0_S0_S0_S0_mmjff,AI_VECTOR_CORE,13,429,3.000,1791437215051781.804	,1791437215051784.804	
2,N/A,EVENT_RECORD,13,430,0.020,1791437215051803.684	,1791437215051803.704	
2,N/A,EVENT_RECORD,13,431,0.020,1791437215051879.268	,1791437215051879.288	
2,_Z24add_rms_norm_bias_customIfEvPhS0_S0_S0_S0_mmjff,AI_VECTOR_CORE,13,432,2.840,1791437215051883.128	,1791437215051885.968	
2,N/A,EVENT_RECORD,13,433,0.020,1791437215051887.428	,1791437215051887.448	
2,N/A,EVENT_RECORD,13,434,0.020,1791437215051973.028	,1791437215051973.048	
2,_Z24add_rms_norm_bias_customIfEvPhS0_S0_S0_S0_mmjff,AI_VECTOR_CORE,13,435,2.860,1791437215051985.548	,1791437215051988.408	
2,N/A,EVENT_RECORD,13,436,0.020,1791437215052007.268	,1791437215052007.288	
2,N/A,EVENT_RECORD,13,437,0.000,1791437215052083.412	,1791437215052083.412	
2,_Z24add_rms_norm_bias_customIfEvPhS0_S0_S0_S0_mmjff,AI_VECTOR_CORE,13,438,3.520,1791437215052085.992	,1791437215052089.512	
2,N/A,EVENT_RECORD,13,439,0.020,1791437215052101.372	,1791437215052101.392	
2,N/A,EVENT_RECORD,13,440,0.020,1791437215052163.872	,1791437215052163.892	
2,_Z24add_rms_norm_bias_customIfEvPhS0_S0_S0_S0_mmjff,AI_VECTOR_CORE,13,441,3.160,1791437215052176.852	,1791437215052180.012	
2,N/A,EVENT_RECORD,13,442,0.020,1791437215052194.832	,1791437215052194.852	
2,_Z24add_rms_norm_bias_customIfEvPhS0_S0_S0_S0_mmjff,AI_VECTOR_CORE,13,443,5.720,1791437215060202.852	,1791437215060208.572	
2,_Z24add_rms_norm_bias_customIfEvPhS0_S0_S0_S0_mmjff,AI_VECTOR_CORE,13,444,6.300,1791437215060289.736	,1791437215060296.036	
2,_Z24add_rms_norm_bias_customIfEvPhS0_S0_S0_S0_mmjff,AI_VECTOR_CORE,13,445,3.660,1791437215060316.876	,1791437215060320.536	
2,_Z24add_rms_norm_bias_customIfEvPhS0_S0_S0_S0_mmjff,AI_VECTOR_CORE,13,446,3.100,1791437215060354.896	,1791437215060357.996	
2,N/A,EVENT_RECORD,13,447,0.000,1791437215060375.716	,1791437215060375.716	
2,_Z24add_rms_norm_bias_customIfEvPhS0_S0_S0_S0_mmjff,AI_VECTOR_CORE,13,448,3.060,1791437215060459.696	,1791437215060462.756	
2,_Z24add_rms_norm_bias_customIfEvPhS0_S0_S0_S0_mmjff,AI_VECTOR_CORE,13,449,3.020,1791437215060527.400	,1791437215060530.420	
2,_Z24add_rms_norm_bias_customIfEvPhS0_S0_S0_S0_mmjff,AI_VECTOR_CORE,13,450,2.900,1791437215060552.540	,1791437215060555.440	
2,_Z24add_rms_norm_bias_customIfEvPhS0_S0_S0_S0_mmjff,AI_VECTOR_CORE,13,451,2.860,1791437215060572.000	,1791437215060574.860	
2,_Z24add_rms_norm_bias_customIfEvPhS0_S0_S0_S0_mmjff,AI_VECTOR_CORE,13,452,3.220,1791437215060609.620	,1791437215060612.840	
2,N/A,EVENT_RECORD,13,453,0.000,1791437215060629.220	,1791437215060629.220	
2,_Z24add_rms_norm_bias_customIfEvPhS0_S0_S0_S0_mmjff,AI_VECTOR_CORE,13,454,3.020,1791437215060719.284	,1791437215060722.304	
2,_Z24add_rms_norm_bias_customIfEvPhS0_S0_S0_S0_mmjff,AI_VECTOR_CORE,13,455,2.980,1791437215060749.404	,1791437215060752.384	
2,_Z24add_rms_norm_bias_customIfEvPhS0_S0_S0_S0_mmjff,AI_VECTOR_CORE,13,456,2.940,1791437215060775.724	,1791437215060778.664	
2,_Z24add_rms_norm_bias_customIfEvPhS0_S0_S0_S0_mmjff,AI_VECTOR_CORE,13,457,2.940,1791437215060814.224	,1791437215060817.164	
2,_Z24add_rms_norm_bias_customIfEvPhS0_S0_S0_S0_mmjff,AI_VECTOR_CORE,13,458,3.140,1791437215060843.364	,1791437215060846.504	
2,_Z24add_rms_norm_bias_customIfEvPhS0_S0_S0_S0_mmjff,AI_VECTOR_CORE,13,459,2.984,1791437215060874.764	,1791437215060877.748	
2,_Z24add_rms_norm_bias_customIfEvPhS0_S0_S0_S0_mmjff,AI_VECTOR_CORE,13,460,3.000,1791437215060901.468	,1791437215060904.468	
2,_Z24add_rms_norm_bias_customIfEvPhS0_S0_S0_S0_mmjff,AI_VECTOR_CORE,13,461,2.940,1791437215060928.348	,1791437215060931.288	
2,_Z24add_rms_norm_bias_customIfEvPhS0_S0_S0_S0_mmjff,AI_VECTOR_CORE,13,462,3.240,1791437215060955.728	,1791437215060958.968	
2,_Z24add_rms_norm_bias_customIfEvPhS0_S0_S0_S0_mmjff,AI_VECTOR_CORE,13,463,3.220,1791437215060995.068	,1791437215060998.288	
2,_Z24add_rms_norm_bias_customIfEvPhS0_S0_S0_S0_mmjff,AI_VECTOR_CORE,13,464,3.080,1791437215061015.828	,1791437215061018.908	
2,_Z24add_rms_norm_bias_customIfEvPhS0_S0_S0_S0_mmjff,AI_VECTOR_CORE,13,465,3.020,1791437215061043.248	,1791437215061046.268	
2,_Z24add_rms_norm_bias_customIfEvPhS0_S0_S0_S0_mmjff,AI_VECTOR_CORE,13,466,3.320,1791437215061070.308	,1791437215061073.628	
2,_Z24add_rms_norm_bias_customIfEvPhS0_S0_S0_S0_mmjff,AI_VECTOR_CORE,13,467,2.980,1791437215061096.712	,1791437215061099.692	
2,_Z24add_rms_norm_bias_customIfEvPhS0_S0_S0_S0_mmjff,AI_VECTOR_CORE,13,468,3.100,1791437215061123.912	,1791437215061127.012	
2,_Z24add_rms_norm_bias_customIfEvPhS0_S0_S0_S0_mmjff,AI_VECTOR_CORE,13,469,3.060,1791437215061151.552	,1791437215061154.612	
2,_Z24add_rms_norm_bias_customIfEvPhS0_S0_S0_S0_mmjff,AI_VECTOR_CORE,13,470,3.040,1791437215061179.212	,1791437215061182.252	
2,_Z24add_rms_norm_bias_customIfEvPhS0_S0_S0_S0_mmjff,AI_VECTOR_CORE,13,471,2.960,1791437215061204.712	,1791437215061207.672	
2,_Z24add_rms_norm_bias_customIfEvPhS0_S0_S0_S0_mmjff,AI_VECTOR_CORE,13,472,2.900,1791437215061230.172	,1791437215061233.072	
2,_Z24add_rms_norm_bias_customIfEvPhS0_S0_S0_S0_mmjff,AI_VECTOR_CORE,13,473,3.400,1791437215061256.632	,1791437215061260.032	
2,_Z24add_rms_norm_bias_customIfEvPhS0_S0_S0_S0_mmjff,AI_VECTOR_CORE,13,474,2.960,1791437215061276.916	,1791437215061279.876	
2,_Z24add_rms_norm_bias_customIfEvPhS0_S0_S0_S0_mmjff,AI_VECTOR_CORE,13,475,3.220,1791437215061306.536	,1791437215061309.756	
2,_Z24add_rms_norm_bias_customIfEvPhS0_S0_S0_S0_mmjff,AI_VECTOR_CORE,13,476,3.260,1791437215061345.876	,1791437215061349.136	
2,_Z24add_rms_norm_bias_customIfEvPhS0_S0_S0_S0_mmjff,AI_VECTOR_CORE,13,477,2.900,1791437215061375.236	,1791437215061378.136	
2,_Z24add_rms_norm_bias_customIfEvPhS0_S0_S0_S0_mmjff,AI_VECTOR_CORE,13,478,3.060,1791437215061395.936	,1791437215061398.996	
2,_Z24add_rms_norm_bias_customIfEvPhS0_S0_S0_S0_mmjff,AI_VECTOR_CORE,13,479,2.940,1791437215061423.616	,1791437215061426.556	
2,_Z24add_rms_norm_bias_customIfEvPhS0_S0_S0_S0_mmjff,AI_VECTOR_CORE,13,480,3.040,1791437215061446.896	,1791437215061449.936	
2,_Z24add_rms_norm_bias_customIfEvPhS0_S0_S0_S0_mmjff,AI_VECTOR_CORE,13,481,3.000,1791437215061473.620	,1791437215061476.620	
2,_Z24add_rms_norm_bias_customIfEvPhS0_S0_S0_S0_mmjff,AI_VECTOR_CORE,13,482,3.320,1791437215061502.120	,1791437215061505.440	
2,_Z24add_rms_norm_bias_customIfEvPhS0_S0_S0_S0_mmjff,AI_VECTOR_CORE,13,483,3.100,1791437215061530.100	,1791437215061533.200	
2,_Z24add_rms_norm_bias_customIfEvPhS0_S0_S0_S0_mmjff,AI_VECTOR_CORE,13,484,3.000,1791437215061558.800	,1791437215061561.800	
2,_Z24add_rms_norm_bias_customIfEvPhS0_S0_S0_S0_mmjff,AI_VECTOR_CORE,13,485,3.060,1791437215061586.420	,1791437215061589.480	
2,_Z24add_rms_norm_bias_customIfEvPhS0_S0_S0_S0_mmjff,AI_VECTOR_CORE,13,486,3.000,1791437215061606.580	,1791437215061609.580	
2,_Z24add_rms_norm_bias_customIfEvPhS0_S0_S0_S0_mmjff,AI_VECTOR_CORE,13,487,3.000,1791437215061634.140	,1791437215061637.140	
2,_Z24add_rms_norm_bias_customIfEvPhS0_S0_S0_S0_mmjff,AI_VECTOR_CORE,13,488,3.564,1791437215061670.920	,1791437215061674.484	
2,_Z24add_rms_norm_bias_customIfEvPhS0_S0_S0_S0_mmjff,AI_VECTOR_CORE,13,489,3.280,1791437215061697.884	,1791437215061701.164	
2,_Z24add_rms_norm_bias_customIfEvPhS0_S0_S0_S0_mmjff,AI_VECTOR_CORE,13,490,3.160,1791437215061731.284	,1791437215061734.444	
2,N/A,EVENT_RECORD,13,491,0.000,1791437215061754.064	,1791437215061754.064	
2,_Z24add_rms_norm_bias_customIfEvPhS0_S0_S0_S0_mmjff,AI_VECTOR_CORE,13,492,2.980,1791437215061824.944	,1791437215061827.924	
2,_Z24add_rms_norm_bias_customIfEvPhS0_S0_S0_S0_mmjff,AI_VECTOR_CORE,13,493,2.924,1791437215061871.424	,1791437215061874.348	
2,_Z24add_rms_norm_bias_customIfEvPhS0_S0_S0_S0_mmjff,AI_VECTOR_CORE,13,494,2.980,1791437215061894.368	,1791437215061897.348	
2,_Z24add_rms_norm_bias_customIfEvPhS0_S0_S0_S0_mmjff,AI_VECTOR_CORE,13,495,2.860,1791437215061916.228	,1791437215061919.088	
2,_Z24add_rms_norm_bias_customIfEvPhS0_S0_S0_S0_mmjff,AI_VECTOR_CORE,13,496,3.020,1791437215061950.128	,1791437215061953.148	
2,_Z24add_rms_norm_bias_customIfEvPhS0_S0_S0_S0_mmjff,AI_VECTOR_CORE,13,497,3.120,1791437215061977.888	,1791437215061981.008	
2,_Z24add_rms_norm_bias_customIfEvPhS0_S0_S0_S0_mmjff,AI_VECTOR_CORE,13,498,2.920,1791437215061998.768	,1791437215062001.688	
2,_Z24add_rms_norm_bias_customIfEvPhS0_S0_S0_S0_mmjff,AI_VECTOR_CORE,13,499,2.940,1791437215062028.688	,1791437215062031.628	
2,_Z24add_rms_norm_bias_customIfEvPhS0_S0_S0_S0_mmjff,AI_VECTOR_CORE,13,500,2.860,1791437215062050.548	,1791437215062053.408	
2,_Z24add_rms_norm_bias_customIfEvPhS0_S0_S0_S0_mmjff,AI_VECTOR_CORE,13,501,3.080,1791437215062081.152	,1791437215062084.232	
2,_Z24add_rms_norm_bias_customIfEvPhS0_S0_S0_S0_mmjff,AI_VECTOR_CORE,13,502,3.300,1791437215062122.092	,1791437215062125.392	
2,_Z24add_rms_norm_bias_customIfEvPhS0_S0_S0_S0_mmjff,AI_VECTOR_CORE,13,503,2.920,1791437215062150.172	,1791437215062153.092	
2,_Z24add_rms_norm_bias_customIfEvPhS0_S0_S0_S0_mmjff,AI_VECTOR_CORE,13,504,3.180,1791437215062179.772	,1791437215062182.952	
2,_Z24add_rms_norm_bias_customIfEvPhS0_S0_S0_S0_mmjff,AI_VECTOR_CORE,13,505,2.900,1791437215062205.312	,1791437215062208.212	
2,N/A,EVENT_RECORD,13,506,0.020,1791437215062234.752	,1791437215062234.772	
2,_Z24add_rms_norm_bias_customIfEvPhS0_S0_S0_S0_mmjff,AI_VECTOR_CORE,13,507,3.040,1791437215062251.472	,1791437215062254.512	
2,N/A,EVENT_RECORD,13,508,0.000,1791437215062287.816	,1791437215062287.816	
2,N/A,EVENT_RECORD,13,509,0.020,1791437215062361.696	,1791437215062361.716	
2,_Z24add_rms_norm_bias_customIfEvPhS0_S0_S0_S0_mmjff,AI_VECTOR_CORE,13,510,3.020,1791437215062393.416	,1791437215062396.436	
2,N/A,EVENT_RECORD,13,511,0.000,1791437215062413.396	,1791437215062413.396	
2,N/A,EVENT_RECORD,13,512,0.020,1791437215062490.400	,1791437215062490.420	
2,_Z24add_rms_norm_bias_customIfEvPhS0_S0_S0_S0_mmjff,AI_VECTOR_CORE,13,513,3.040,1791437215062492.820	,1791437215062495.860	
2,N/A,EVENT_RECORD,13,514,0.020,1791437215062512.500	,1791437215062512.520	
2,N/A,EVENT_RECORD,13,515,0.020,1791437215062575.140	,1791437215062575.160	
2,_Z24add_rms_norm_bias_customIfEvPhS0_S0_S0_S0_mmjff,AI_VECTOR_CORE,13,516,2.960,1791437215062600.080	,1791437215062603.040	
2,N/A,EVENT_RECORD,13,517,0.000,1791437215062607.620	,1791437215062607.620	
2,N/A,EVENT_RECORD,13,518,0.020,1791437215062673.960	,1791437215062673.980	
2,_Z24add_rms_norm_bias_customIfEvPhS0_S0_S0_S0_mmjff,AI_VECTOR_CORE,13,519,2.940,1791437215062689.664	,1791437215062692.604	
2,N/A,EVENT_RECORD,13,520,0.020,1791437215062705.844	,1791437215062705.864	
2,N/A,EVENT_RECORD,13,521,0.020,1791437215062772.964	,1791437215062772.984	
2,_Z24add_rms_norm_bias_customIfEvPhS0_S0_S0_S0_mmjff,AI_VECTOR_CORE,13,522,3.740,1791437215062785.924	,1791437215062789.664	
2,N/A,EVENT_RECORD,13,523,0.020,1791437215062800.384	,1791437215062800.404	
2,N/A,EVENT_RECORD,13,524,0.024,1791437215062880.084	,1791437215062880.108	
2,_Z24add_rms_norm_bias_customIfEvPhS0_S0_S0_S0_mmjff,AI_VECTOR_CORE,13,525,3.280,1791437215062895.828	,1791437215062899.108	
2,N/A,EVENT_RECORD,13,526,0.020,1791437215062916.448	,1791437215062916.468	
2,N/A,EVENT_RECORD,13,527,0.020,1791437215062988.188	,1791437215062988.208	
2,_Z24add_rms_norm_bias_customIfEvPhS0_S0_S0_S0_mmjff,AI_VECTOR_CORE,13,528,3.180,1791437215062992.368	,1791437215062995.548	
2,N/A,EVENT_RECORD,13,529,0.020,1791437215063033.748	,1791437215063033.768	
2,N/A,EVENT_RECORD,13,530,0.020,1791437215063089.572	,1791437215063089.592	
2,_Z24add_rms_norm_bias_customIfEvPhS0_S0_S0_S0_mmjff,AI_VECTOR_CORE,13,531,2.920,1791437215063112.372	,1791437215063115.292	
2,N/A,EVENT_RECORD,13,532,0.020,1791437215063129.992	,1791437215063130.012	
2,N/A,EVENT_RECORD,13,533,0.020,1791437215063206.192	,1791437215063206.212	
2,_Z24add_rms_norm_bias_customIfEvPhS0_S0_S0_S0_mmjff,AI_VECTOR_CORE,13,534,2.900,1791437215063226.292	,1791437215063229.192	
2,N/A,EVENT_RECORD,13,535,0.020,1791437215063244.852	,1791437215063244.872	
2,N/A,EVENT_RECORD,13,536,0.020,1791437215063311.016	,1791437215063311.036	
2,_Z24add_rms_norm_bias_customIfEvPhS0_S0_S0_S0_mmjff,AI_VECTOR_CORE,13,537,3.640,1791437215063326.196	,1791437215063329.836	
2,N/A,EVENT_RECORD,13,538,0.020,1791437215063339.756	,1791437215063339.776	
2,N/A,EVENT_RECORD,13,539,0.020,1791437215063418.496	,1791437215063418.516	
2,_Z24add_rms_norm_bias_customIfEvPhS0_S0_S0_S0_mmjff,AI_VECTOR_CORE,13,540,3.020,1791437215063438.616	,1791437215063441.636	
2,N/A,EVENT_RECORD,13,541,0.020,1791437215063453.036	,1791437215063453.056	
2,N/A,EVENT_RECORD,13,542,0.020,1791437215063511.480	,1791437215063511.500	
2,_Z24add_rms_norm_bias_customIfEvPhS0_S0_S0_S0_mmjff,AI_VECTOR_CORE,13,543,3.120,1791437215063529.020	,1791437215063532.140	
2,N/A,EVENT_RECORD,13,544,0.020,1791437215063551.780	,1791437215063551.800	
2,N/A,EVENT_RECORD,13,545,0.020,1791437215063607.420	,1791437215063607.440	
2,_Z24add_rms_norm_bias_customIfEvPhS0_S0_S0_S0_mmjff,AI_VECTOR_CORE,13,546,5.100,1791437215063624.980	,1791437215063630.080	
2,N/A,EVENT_RECORD,13,547,0.020,1791437215063641.300	,1791437215063641.320	
2,N/A,EVENT_RECORD,13,548,0.020,1791437215063711.704	,1791437215063711.724	
2,_Z24add_rms_norm_bias_customIfEvPhS0_S0_S0_S0_mmjff,AI_VECTOR_CORE,13,549,5.140,1791437215063770.564	,1791437215063775.704	
2,N/A,EVENT_RECORD,13,550,0.020,1791437215063786.404	,1791437215063786.424	
2,N/A,EVENT_RECORD,13,551,0.020,1791437215063853.944	,1791437215063853.964	
2,_Z24add_rms_norm_bias_customIfEvPhS0_S0_S0_S0_mmjff,AI_VECTOR_CORE,13,552,3.740,1791437215063867.324	,1791437215063871.064	
2,N/A,EVENT_RECORD,13,553,0.020,1791437215063903.088	,1791437215063903.108	
2,N/A,EVENT_RECORD,13,554,0.020,1791437215063962.248	,1791437215063962.268	
2,_Z24add_rms_norm_bias_customIfEvPhS0_S0_S0_S0_mmjff,AI_VECTOR_CORE,13,555,5.060,1791437215063979.548	,1791437215063984.608	
2,N/A,EVENT_RECORD,13,556,0.020,1791437215063993.188	,1791437215063993.208	
2,N/A,EVENT_RECORD,13,557,0.020,1791437215064066.228	,1791437215064066.248	
2,_Z24add_rms_norm_bias_customIfEvPhS0_S0_S0_S0_mmjff,AI_VECTOR_CORE,13,558,4.980,1791437215064087.332	,1791437215064092.312	
2,N/A,EVENT_RECORD,13,559,0.020,1791437215064105.312	,1791437215064105.332	
2,N/A,EVENT_RECORD,13,560,0.020,1791437215064162.392	,1791437215064162.412	
2,_Z24add_rms_norm_bias_customIfEvPhS0_S0_S0_S0_mmjff,AI_VECTOR_CORE,13,561,3.680,1791437215064179.472	,1791437215064183.152	
2,N/A,EVENT_RECORD,13,562,0.020,1791437215064196.652	,1791437215064196.672	
2,N/A,EVENT_RECORD,13,563,0.020,1791437215064258.112	,1791437215064258.132	
2,_Z24add_rms_norm_bias_customIfEvPhS0_S0_S0_S0_mmjff,AI_VECTOR_CORE,13,564,3.060,1791437215064272.152	,1791437215064275.212	
2,N/A,EVENT_RECORD,13,565,0.020,1791437215064289.336	,1791437215064289.356	
2,N/A,EVENT_RECORD,13,566,0.000,1791437215064347.616	,1791437215064347.616	
2,_Z24add_rms_norm_bias_customIfEvPhS0_S0_S0_S0_mmjff,AI_VECTOR_CORE,13,567,3.040,1791437215064361.456	,1791437215064364.496	
2,N/A,EVENT_RECORD,13,568,0.020,1791437215064378.956	,1791437215064378.976	
2,N/A,EVENT_RECORD,13,569,0.020,1791437215064442.716	,1791437215064442.736	
2,_Z24add_rms_norm_bias_customIfEvPhS0_S0_S0_S0_mmjff,AI_VECTOR_CORE,13,570,2.940,1791437215064447.976	,1791437215064450.916	
2,N/A,EVENT_RECORD,13,571,0.020,1791437215064466.476	,1791437215064466.496	
2,N/A,EVENT_RECORD,13,572,0.020,1791437215064536.020	,1791437215064536.040	
2,_Z24add_rms_norm_bias_customIfEvPhS0_S0_S0_S0_mmjff,AI_VECTOR_CORE,13,573,4.040,1791437215064539.720	,1791437215064543.760	
2,N/A,EVENT_RECORD,13,574,0.020,1791437215064560.360	,1791437215064560.380	
2,N/A,EVENT_RECORD,13,575,0.020,1791437215064647.680	,1791437215064647.700	
2,_Z24add_rms_norm_bias_customIfEvPhS0_S0_S0_S0_mmjff,AI_VECTOR_CORE,13,576,5.100,1791437215064663.240	,1791437215064668.340	
2,N/A,EVENT_RECORD,13,577,0.000,1791437215064694.164	,1791437215064694.164	
2,N/A,EVENT_RECORD,13,578,0.020,1791437215064758.944	,1791437215064758.964	
2,_Z24add_rms_norm_bias_customIfEvPhS0_S0_S0_S0_mmjff,AI_VECTOR_CORE,13,579,3.620,1791437215064778.704	,1791437215064782.324	
2,N/A,EVENT_RECORD,13,580,0.020,1791437215064790.844	,1791437215064790.864	
2,N/A,EVENT_RECORD,13,581,0.020,1791437215064854.524	,1791437215064854.544	
2,_Z24add_rms_norm_bias_customIfEvPhS0_S0_S0_S0_mmjff,AI_VECTOR_CORE,13,582,5.260,1791437215064871.404	,1791437215064876.664	
2,N/A,EVENT_RECORD,13,583,0.024,1791437215064879.164	,1791437215064879.188	
2,N/A,EVENT_RECORD,13,584,0.020,1791437215064948.248	,1791437215064948.268	
2,_Z24add_rms_norm_bias_customIfEvPhS0_S0_S0_S0_mmjff,AI_VECTOR_CORE,13,585,3.660,1791437215064950.808	,1791437215064954.468	
2,N/A,EVENT_RECORD,13,586,0.020,1791437215064986.868	,1791437215064986.888	
2,N/A,EVENT_RECORD,13,587,0.020,1791437215065051.708	,1791437215065051.728	
2,_Z24add_rms_norm_bias_customIfEvPhS0_S0_S0_S0_mmjff,AI_VECTOR_CORE,13,588,3.140,1791437215065054.268	,1791437215065057.408	
2,N/A,EVENT_RECORD,13,589,0.020,1791437215065075.548	,1791437215065075.568	
2,N/A,EVENT_RECORD,13,590,0.020,1791437215065143.832	,1791437215065143.852	
2,_Z24add_rms_norm_bias_customIfEvPhS0_S0_S0_S0_mmjff,AI_VECTOR_CORE,13,591,2.900,1791437215065156.772	,1791437215065159.672	
2,N/A,EVENT_RECORD,13,592,0.020,1791437215065182.952	,1791437215065182.972	
2,N/A,EVENT_RECORD,13,593,0.020,1791437215065248.132	,1791437215065248.152	
2,_Z24add_rms_norm_bias_customIfEvPhS0_S0_S0_S0_mmjff,AI_VECTOR_CORE,13,594,2.920,1791437215065265.252	,1791437215065268.172	
2,N/A,EVENT_RECORD,13,595,0.016,1791437215065282.636	,1791437215065282.652	
2,N/A,EVENT_RECORD,13,596,0.020,1791437215065344.856	,1791437215065344.876	
2,_Z24add_rms_norm_bias_customIfEvPhS0_S0_S0_S0_mmjff,AI_VECTOR_CORE,13,597,3.700,1791437215065361.976	,1791437215065365.676	
2,N/A,EVENT_RECORD,13,598,0.020,1791437215065380.356	,1791437215065380.376	
2,N/A,EVENT_RECORD,13,599,0.020,1791437215065440.796	,1791437215065440.816	
2,_Z24add_rms_norm_bias_customIfEvPhS0_S0_S0_S0_mmjff,AI_VECTOR_CORE,13,600,2.880,1791437215065457.256	,1791437215065460.136	
2,N/A,EVENT_RECORD,13,601,0.020,1791437215065508.960	,1791437215065508.980	
2,N/A,EVENT_RECORD,13,602,0.020,1791437215065569.700	,1791437215065569.720	
2,_Z24add_rms_norm_bias_customIfEvPhS0_S0_S0_S0_mmjff,AI_VECTOR_CORE,13,603,5.100,1791437215065584.960	,1791437215065590.060	
2,N/A,EVENT_RECORD,13,604,0.020,1791437215065602.900	,1791437215065602.920	
2,N/A,EVENT_RECORD,13,605,0.020,1791437215065669.640	,1791437215065669.660	
2,_Z24add_rms_norm_bias_customIfEvPhS0_S0_S0_S0_mmjff,AI_VECTOR_CORE,13,606,5.200,1791437215065699.364	,1791437215065704.564	
2,N/A,EVENT_RECORD,13,607,0.020,1791437215065723.144	,1791437215065723.164	
2,N/A,EVENT_RECORD,13,608,0.020,1791437215065779.144	,1791437215065779.164	
2,_Z24add_rms_norm_bias_customIfEvPhS0_S0_S0_S0_mmjff,AI_VECTOR_CORE,13,609,2.980,1791437215065794.624	,1791437215065797.604	
2,N/A,EVENT_RECORD,13,610,0.020,1791437215065809.204	,1791437215065809.224	
2,N/A,EVENT_RECORD,13,611,0.020,1791437215065869.044	,1791437215065869.064	
2,_Z24add_rms_norm_bias_customIfEvPhS0_S0_S0_S0_mmjff,AI_VECTOR_CORE,13,612,3.940,1791437215065889.588	,1791437215065893.528	
2,N/A,EVENT_RECORD,13,613,0.020,1791437215065910.388	,1791437215065910.408	
2,N/A,EVENT_RECORD,13,614,0.000,1791437215065983.928	,1791437215065983.928	
2,_Z24add_rms_norm_bias_customIfEvPhS0_S0_S0_S0_mmjff,AI_VECTOR_CORE,13,615,3.760,1791437215065999.288	,1791437215066003.048	
2,N/A,EVENT_RECORD,13,616,0.020,1791437215066017.808	,1791437215066017.828	
2,N/A,EVENT_RECORD,13,617,0.020,1791437215066088.512	,1791437215066088.532	
2,_Z24add_rms_norm_bias_customIfEvPhS0_S0_S0_S0_mmjff,AI_VECTOR_CORE,13,618,2.920,1791437215066095.332	,1791437215066098.252	
2,N/A,EVENT_RECORD,13,619,0.000,1791437215066116.612	,1791437215066116.612	
2,N/A,EVENT_RECORD,13,620,0.020,1791437215066185.872	,1791437215066185.892	
2,_Z24add_rms_norm_bias_customIfEvPhS0_S0_S0_S0_mmjff,AI_VECTOR_CORE,13,621,2.940,1791437215066192.272	,1791437215066195.212	
2,N/A,EVENT_RECORD,13,622,0.020,1791437215066212.312	,1791437215066212.332	
2,N/A,EVENT_RECORD,13,623,0.016,1791437215066279.076	,1791437215066279.092	
2,_Z24add_rms_norm_bias_customIfEvPhS0_S0_S0_S0_mmjff,AI_VECTOR_CORE,13,624,2.960,1791437215066294.536	,1791437215066297.496	
2,N/A,EVENT_RECORD,13,625,0.020,1791437215066326.736	,1791437215066326.756	
2,N/A,EVENT_RECORD,13,626,0.020,1791437215066415.956	,1791437215066415.976	
2,_Z24add_rms_norm_bias_customIfEvPhS0_S0_S0_S0_mmjff,AI_VECTOR_CORE,13,627,3.340,1791437215066431.556	,1791437215066434.896	
2,N/A,EVENT_RECORD,13,628,0.000,1791437215066451.856	,1791437215066451.856	
2,N/A,EVENT_RECORD,13,629,0.020,1791437215066508.620	,1791437215066508.640	
2,_Z24add_rms_norm_bias_customIfEvPhS0_S0_S0_S0_mmjff,AI_VECTOR_CORE,13,630,3.020,1791437215066526.180	,1791437215066529.200	
2,N/A,EVENT_RECORD,13,631,0.020,1791437215066545.220	,1791437215066545.240	
2,N/A,EVENT_RECORD,13,632,0.020,1791437215066613.280	,1791437215066613.300	
2,_Z24add_rms_norm_bias_customIfEvPhS0_S0_S0_S0_mmjff,AI_VECTOR_CORE,13,633,3.160,1791437215066627.080	,1791437215066630.240	
2,N/A,EVENT_RECORD,13,634,0.020,1791437215066642.500	,1791437215066642.520	
2,N/A,EVENT_RECORD,13,635,0.020,1791437215066702.064	,1791437215066702.084	
2,_Z24add_rms_norm_bias_customIfEvPhS0_S0_S0_S0_mmjff,AI_VECTOR_CORE,13,636,3.000,1791437215066719.104	,1791437215066722.104	
2,N/A,EVENT_RECORD,13,637,0.020,1791437215066737.884	,1791437215066737.904	
2,N/A,EVENT_RECORD,13,638,0.020,1791437215066795.964	,1791437215066795.984	
2,_Z24add_rms_norm_bias_customIfEvPhS0_S0_S0_S0_mmjff,AI_VECTOR_CORE,13,639,2.960,1791437215066811.504	,1791437215066814.464	
2,N/A,EVENT_RECORD,13,640,0.020,1791437215066828.624	,1791437215066828.644	
2,N/A,EVENT_RECORD,13,641,0.020,1791437215066891.988	,1791437215066892.008	
2,_Z24add_rms_norm_bias_customIfEvPhS0_S0_S0_S0_mmjff,AI_VECTOR_CORE,13,642,2.900,1791437215066899.428	,1791437215066902.328	
2,N/A,EVENT_RECORD,13,643,0.020,1791437215066919.788	,1791437215066919.808	
2,N/A,EVENT_RECORD,13,644,0.020,1791437215066980.268	,1791437215066980.288	
2,_Z24add_rms_norm_bias_customIfEvPhS0_S0_S0_S0_mmjff,AI_VECTOR_CORE,13,645,3.060,1791437215066995.728	,1791437215066998.788	
2,N/A,EVENT_RECORD,13,646,0.020,1791437215067014.668	,1791437215067014.688	
2,N/A,EVENT_RECORD,13,647,0.020,1791437215067071.968	,1791437215067071.988	
2,_Z24add_rms_norm_bias_customIfEvPhS0_S0_S0_S0_mmjff,AI_VECTOR_CORE,13,648,2.940,1791437215067088.792	,1791437215067091.732	
2,N/A,EVENT_RECORD,13,649,0.020,1791437215067132.892	,1791437215067132.912	
2,N/A,EVENT_RECORD,13,650,0.020,1791437215067197.172	,1791437215067197.192	
2,_Z24add_rms_norm_bias_customIfEvPhS0_S0_S0_S0_mmjff,AI_VECTOR_CORE,13,651,2.920,1791437215067214.552	,1791437215067217.472	
2,N/A,EVENT_RECORD,13,652,0.020,1791437215067244.572	,1791437215067244.592	
2,N/A,EVENT_RECORD,13,653,0.020,1791437215067324.176	,1791437215067324.196	
2,_Z24add_rms_norm_bias_customIfEvPhS0_S0_S0_S0_mmjff,AI_VECTOR_CORE,13,654,3.000,1791437215067355.596	,1791437215067358.596	
2,N/A,EVENT_RECORD,13,655,0.020,1791437215067370.776	,1791437215067370.796	
2,N/A,EVENT_RECORD,13,656,0.020,1791437215067435.956	,1791437215067435.976	
2,_Z24add_rms_norm_bias_customIfEvPhS0_S0_S0_S0_mmjff,AI_VECTOR_CORE,13,657,2.880,1791437215067448.396	,1791437215067451.276	
2,N/A,EVENT_RECORD,13,658,0.020,1791437215067477.576	,1791437215067477.596	
2,N/A,EVENT_RECORD,13,659,0.000,1791437215067536.840	,1791437215067536.840	
2,_Z24add_rms_norm_bias_customIfEvPhS0_S0_S0_S0_mmjff,AI_VECTOR_CORE,13,660,3.040,1791437215067555.300	,1791437215067558.340	
2,N/A,EVENT_RECORD,13,661,0.020,1791437215067563.860	,1791437215067563.880	
2,N/A,EVENT_RECORD,13,662,0.020,1791437215067638.740	,1791437215067638.760	
2,_Z24add_rms_norm_bias_customIfEvPhS0_S0_S0_S0_mmjff,AI_VECTOR_CORE,13,663,5.160,1791437215067643.140	,1791437215067648.300	
2,N/A,EVENT_RECORD,13,664,0.020,1791437215067669.560	,1791437215067669.580	
2,N/A,EVENT_RECORD,13,665,0.020,1791437215067752.124	,1791437215067752.144	
2,_Z24add_rms_norm_bias_customIfEvPhS0_S0_S0_S0_mmjff,AI_VECTOR_CORE,13,666,5.140,1791437215067754.764	,1791437215067759.904	
2,N/A,EVENT_RECORD,13,667,0.020,1791437215067800.744	,1791437215067800.764	
2,N/A,EVENT_RECORD,13,668,0.020,1791437215067869.244	,1791437215067869.264	
2,_Z24add_rms_norm_bias_customIfEvPhS0_S0_S0_S0_mmjff,AI_VECTOR_CORE,13,669,3.000,1791437215067883.588	,1791437215067886.588	
2,N/A,EVENT_RECORD,13,670,0.020,1791437215067899.228	,1791437215067899.248	
2,N/A,EVENT_RECORD,13,671,0.000,1791437215067958.548	,1791437215067958.548	
2,_Z24add_rms_norm_bias_customIfEvPhS0_S0_S0_S0_mmjff,AI_VECTOR_CORE,13,672,3.320,1791437215067976.008	,1791437215067979.328	
2,N/A,EVENT_RECORD,13,673,0.020,1791437215068008.828	,1791437215068008.848	
2,N/A,EVENT_RECORD,13,674,0.020,1791437215068065.028	,1791437215068065.048	
2,_Z24add_rms_norm_bias_customIfEvPhS0_S0_S0_S0_mmjff,AI_VECTOR_CORE,13,675,3.940,1791437215068089.032	,1791437215068092.972	
2,N/A,EVENT_RECORD,13,676,0.020,1791437215068109.212	,1791437215068109.232	
2,N/A,EVENT_RECORD,13,677,0.020,1791437215068194.472	,1791437215068194.492	
2,_Z24add_rms_norm_bias_customIfEvPhS0_S0_S0_S0_mmjff,AI_VECTOR_CORE,13,678,2.840,1791437215068197.292	,1791437215068200.132	
2,N/A,EVENT_RECORD,13,679,0.020,1791437215068223.992	,1791437215068224.012	
2,N/A,EVENT_RECORD,13,680,0.016,1791437215068283.676	,1791437215068283.692	
2,_Z24add_rms_norm_bias_customIfEvPhS0_S0_S0_S0_mmjff,AI_VECTOR_CORE,13,681,3.160,1791437215068299.076	,1791437215068302.236	
2,N/A,EVENT_RECORD,13,682,0.020,1791437215068316.316	,1791437215068316.336	
2,N/A,EVENT_RECORD,13,683,0.020,1791437215068381.936	,1791437215068381.956	
2,_Z24add_rms_norm_bias_customIfEvPhS0_S0_S0_S0_mmjff,AI_VECTOR_CORE,13,684,3.060,1791437215068385.996	,1791437215068389.056	
2,N/A,EVENT_RECORD,13,685,0.020,1791437215068410.396	,1791437215068410.416	
2,N/A,EVENT_RECORD,13,686,0.020,1791437215068470.356	,1791437215068470.376	
2,_Z24add_rms_norm_bias_customIfEvPhS0_S0_S0_S0_mmjff,AI_VECTOR_CORE,13,687,3.020,1791437215068489.120	,1791437215068492.140	
2,N/A,EVENT_RECORD,13,688,0.020,1791437215068507.300	,1791437215068507.320	
2,N/A,EVENT_RECORD,13,689,0.020,1791437215068569.460	,1791437215068569.480	
2,_Z24add_rms_norm_bias_customIfEvPhS0_S0_S0_S0_mmjff,AI_VECTOR_CORE,13,690,3.380,1791437215068588.260	,1791437215068591.640	
2,N/A,EVENT_RECORD,13,691,0.020,1791437215068595.480	,1791437215068595.500	
2,N/A,EVENT_RECORD,13,692,0.020,1791437215068657.960	,1791437215068657.980	
2,_Z24add_rms_norm_bias_customIfEvPhS0_S0_S0_S0_mmjff,AI_VECTOR_CORE,13,693,2.884,1791437215068679.480	,1791437215068682.364	
2,N/A,EVENT_RECORD,13,694,0.000,1791437215068700.904	,1791437215068700.904	
2,N/A,EVENT_RECORD,13,695,0.020,1791437215068758.564	,1791437215068758.584	
2,_Z24add_rms_norm_bias_customIfEvPhS0_S0_S0_S0_mmjff,AI_VECTOR_CORE,13,696,3.140,1791437215068774.344	,1791437215068777.484	
2,N/A,EVENT_RECORD,13,697,0.020,1791437215068814.484	,1791437215068814.504	
2,N/A,EVENT_RECORD,13,698,0.020,1791437215068878.524	,1791437215068878.544	
2,_Z24add_rms_norm_bias_customIfEvPhS0_S0_S0_S0_mmjff,AI_VECTOR_CORE,13,699,2.940,1791437215068894.848	,1791437215068897.788	
2,N/A,EVENT_RECORD,13,700,0.020,1791437215068912.748	,1791437215068912.768	
2,N/A,EVENT_RECORD,13,701,0.020,1791437215068972.928	,1791437215068972.948	
2,_Z24add_rms_norm_bias_customIfEvPhS0_S0_S0_S0_mmjff,AI_VECTOR_CORE,13,702,3.460,1791437215069005.588	,1791437215069009.048	
2,N/A,EVENT_RECORD,13,703,0.020,1791437215069032.368	,1791437215069032.388	
2,N/A,EVENT_RECORD,13,704,0.020,1791437215069095.312	,1791437215069095.332	
2,_Z24add_rms_norm_bias_customIfEvPhS0_S0_S0_S0_mmjff,AI_VECTOR_CORE,13,705,2.960,1791437215069111.532	,1791437215069114.492	
2,N/A,EVENT_RECORD,13,706,0.020,1791437215069128.552	,1791437215069128.572	
2,N/A,EVENT_RECORD,13,707,0.020,1791437215069189.292	,1791437215069189.312	
2,_Z24add_rms_norm_bias_customIfEvPhS0_S0_S0_S0_mmjff,AI_VECTOR_CORE,13,708,2.880,1791437215069203.152	,1791437215069206.032	
2,N/A,EVENT_RECORD,13,709,0.020,1791437215069217.872	,1791437215069217.892	
2,N/A,EVENT_RECORD,13,710,0.020,1791437215069281.072	,1791437215069281.092	
2,_Z24add_rms_norm_bias_customIfEvPhS0_S0_S0_S0_mmjff,AI_VECTOR_CORE,13,711,3.560,1791437215069296.256	,1791437215069299.816	
2,N/A,EVENT_RECORD,13,712,0.020,1791437215069310.636	,1791437215069310.656	
2,N/A,EVENT_RECORD,13,713,0.020,1791437215069375.256	,1791437215069375.276	
2,_Z24add_rms_norm_bias_customIfEvPhS0_S0_S0_S0_mmjff,AI_VECTOR_CORE,13,714,2.980,1791437215069396.656	,1791437215069399.636	
2,N/A,EVENT_RECORD,13,715,0.000,1791437215069411.096	,1791437215069411.096	
2,N/A,EVENT_RECORD,13,716,0.024,1791437215069483.116	,1791437215069483.140	
2,_Z24add_rms_norm_bias_customIfEvPhS0_S0_S0_S0_mmjff,AI_VECTOR_CORE,13,717,3.120,1791437215069495.760	,1791437215069498.880	
2,N/A,EVENT_RECORD,13,718,0.020,1791437215069509.400	,1791437215069509.420	
2,N/A,EVENT_RECORD,13,719,0.020,1791437215069575.480	,1791437215069575.500	
2,_Z24add_rms_norm_bias_customIfEvPhS0_S0_S0_S0_mmjff,AI_VECTOR_CORE,13,720,3.080,1791437215069584.660	,1791437215069587.740	
2,N/A,EVENT_RECORD,13,721,0.020,1791437215069628.040	,1791437215069628.060	
2,N/A,EVENT_RECORD,13,722,0.000,1791437215069705.144	,1791437215069705.144	
2,_Z24add_rms_norm_bias_customIfEvPhS0_S0_S0_S0_mmjff,AI_VECTOR_CORE,13,723,2.980,1791437215069709.364	,1791437215069712.344	
2,N/A,EVENT_RECORD,13,724,0.020,1791437215069732.484	,1791437215069732.504	
2,N/A,EVENT_RECORD,13,725,0.020,1791437215069796.684	,1791437215069796.704	
2,_Z24add_rms_norm_bias_customIfEvPhS0_S0_S0_S0_mmjff,AI_VECTOR_CORE,13,726,2.900,1791437215069812.444	,1791437215069815.344	
2,N/A,EVENT_RECORD,13,727,0.020,1791437215069828.424	,1791437215069828.444	
2,N/A,EVENT_RECORD,13,728,0.020,1791437215069911.588	,1791437215069911.608	
2,_Z24add_rms_norm_bias_customIfEvPhS0_S0_S0_S0_mmjff,AI_VECTOR_CORE,13,729,2.780,1791437215069924.808	,1791437215069927.588	
2,N/A,EVENT_RECORD,13,730,0.020,1791437215069939.768	,1791437215069939.788	
2,N/A,EVENT_RECORD,13,731,0.020,1791437215069997.508	,1791437215069997.528	
2,_Z24add_rms_norm_bias_customIfEvPhS0_S0_S0_S0_mmjff,AI_VECTOR_CORE,13,732,4.000,1791437215070011.748	,1791437215070015.748	
2,N/A,EVENT_RECORD,13,733,0.020,1791437215070026.768	,1791437215070026.788	
2,N/A,EVENT_RECORD,13,734,0.024,1791437215070085.028	,1791437215070085.052	
2,_Z24add_rms_norm_bias_customIfEvPhS0_S0_S0_S0_mmjff,AI_VECTOR_CORE,13,735,3.040,1791437215070099.992	,1791437215070103.032	
2,N/A,EVENT_RECORD,13,736,0.020,1791437215070116.772	,1791437215070116.792	
2,N/A,EVENT_RECORD,13,737,0.020,1791437215070183.712	,1791437215070183.732	
2,_Z24add_rms_norm_bias_customIfEvPhS0_S0_S0_S0_mmjff,AI_VECTOR_CORE,13,738,2.900,1791437215070191.452	,1791437215070194.352	
2,N/A,EVENT_RECORD,13,739,0.020,1791437215070206.472	,1791437215070206.492	
2,N/A,EVENT_RECORD,13,740,0.020,1791437215070268.512	,1791437215070268.532	
2,_Z24add_rms_norm_bias_customIfEvPhS0_S0_S0_S0_mmjff,AI_VECTOR_CORE,13,741,2.976,1791437215070285.236	,1791437215070288.212	
2,N/A,EVENT_RECORD,13,742,0.020,1791437215070299.856	,1791437215070299.876	
2,N/A,EVENT_RECORD,13,743,0.020,1791437215070356.696	,1791437215070356.716	
2,_Z24add_rms_norm_bias_customIfEvPhS0_S0_S0_S0_mmjff,AI_VECTOR_CORE,13,744,2.800,1791437215070373.016	,1791437215070375.816	
2,N/A,EVENT_RECORD,13,745,0.020,1791437215070415.676	,1791437215070415.696	
2,N/A,EVENT_RECORD,13,746,0.000,1791437215070487.756	,1791437215070487.756	
2,_Z24add_rms_norm_bias_customIfEvPhS0_S0_S0_S0_mmjff,AI_VECTOR_CORE,13,747,3.180,1791437215070493.860	,1791437215070497.040	
2,N/A,EVENT_RECORD,13,748,0.020,1791437215070520.640	,1791437215070520.660	
2,N/A,EVENT_RECORD,13,749,0.000,1791437215070585.480	,1791437215070585.480	
2,_Z24add_rms_norm_bias_customIfEvPhS0_S0_S0_S0_mmjff,AI_VECTOR_CORE,13,750,3.080,1791437215070617.700	,1791437215070620.780	
2,N/A,EVENT_RECORD,13,751,0.020,1791437215070639.060	,1791437215070639.080	
2,N/A,EVENT_RECORD,13,752,0.020,1791437215070704.724	,1791437215070704.744	
2,_Z24add_rms_norm_bias_customIfEvPhS0_S0_S0_S0_mmjff,AI_VECTOR_CORE,13,753,3.180,1791437215070721.284	,1791437215070724.464	
2,N/A,EVENT_RECORD,13,754,0.020,1791437215070753.924	,1791437215070753.944	
2,N/A,EVENT_RECORD,13,755,0.020,1791437215070827.004	,1791437215070827.024	
2,_Z24add_rms_norm_bias_customIfEvPhS0_S0_S0_S0_mmjff,AI_VECTOR_CORE,13,756,2.960,1791437215070848.484	,1791437215070851.444	
2,N/A,EVENT_RECORD,13,757,0.000,1791437215070854.184	,1791437215070854.184	
2,N/A,EVENT_RECORD,13,758,0.020,1791437215070906.168	,1791437215070906.188	
2,_Z24add_rms_norm_bias_customIfEvPhS0_S0_S0_S0_mmjff,AI_VECTOR_CORE,13,759,3.340,1791437215070929.068	,1791437215070932.408	
2,N/A,EVENT_RECORD,13,760,0.020,1791437215070944.208	,1791437215070944.228	
2,N/A,EVENT_RECORD,13,761,0.020,1791437215071013.588	,1791437215071013.608	
2,_Z24add_rms_norm_bias_customIfEvPhS0_S0_S0_S0_mmjff,AI_VECTOR_CORE,13,762,3.720,1791437215071019.068	,1791437215071022.788	
2,N/A,EVENT_RECORD,13,763,0.020,1791437215071046.708	,1791437215071046.728	
2,N/A,EVENT_RECORD,13,764,0.000,1791437215071102.332	,1791437215071102.332	
2,_Z24add_rms_norm_bias_customIfEvPhS0_S0_S0_S0_mmjff,AI_VECTOR_CORE,13,765,2.980,1791437215071123.212	,1791437215071126.192	
2,N/A,EVENT_RECORD,13,766,0.020,1791437215071142.552	,1791437215071142.572	
2,N/A,EVENT_RECORD,13,767,0.020,1791437215071204.192	,1791437215071204.212	
2,_Z24add_rms_norm_bias_customIfEvPhS0_S0_S0_S0_mmjff,AI_VECTOR_CORE,13,768,3.440,1791437215071241.692	,1791437215071245.132	
2,N/A,EVENT_RECORD,13,769,0.020,1791437215071263.952	,1791437215071263.972	
2,N/A,EVENT_RECORD,13,770,0.020,1791437215071321.796	,1791437215071321.816	
2,_Z24add_rms_norm_bias_customIfEvPhS0_S0_S0_S0_mmjff,AI_VECTOR_CORE,13,771,3.920,1791437215071349.576	,1791437215071353.496	
2,N/A,EVENT_RECORD,13,772,0.020,1791437215071356.076	,1791437215071356.096	
2,N/A,EVENT_RECORD,13,773,0.020,1791437215071415.316	,1791437215071415.336	
2,_Z24add_rms_norm_bias_customIfEvPhS0_S0_S0_S0_mmjff,AI_VECTOR_CORE,13,774,3.360,1791437215071427.556	,1791437215071430.916	
2,N/A,EVENT_RECORD,13,775,0.020,1791437215071442.096	,1791437215071442.116	
2,N/A,EVENT_RECORD,13,776,0.020,1791437215071510.220	,1791437215071510.240	
2,_Z24add_rms_norm_bias_customIfEvPhS0_S0_S0_S0_mmjff,AI_VECTOR_CORE,13,777,3.120,1791437215071513.480	,1791437215071516.600	
2,N/A,EVENT_RECORD,13,778,0.020,1791437215071534.140	,1791437215071534.160	
2,N/A,EVENT_RECORD,13,779,0.020,1791437215071594.520	,1791437215071594.540	
2,_Z24add_rms_norm_bias_customIfEvPhS0_S0_S0_S0_mmjff,AI_VECTOR_CORE,13,780,2.860,1791437215071626.900	,1791437215071629.760	
2,N/A,EVENT_RECORD,13,781,0.020,1791437215071641.760	,1791437215071641.780	
2,N/A,EVENT_RECORD,13,782,0.020,1791437215071715.544	,1791437215071715.564	
2,_Z24add_rms_norm_bias_customIfEvPhS0_S0_S0_S0_mmjff,AI_VECTOR_CORE,13,783,3.140,1791437215071733.024	,1791437215071736.164	
2,N/A,EVENT_RECORD,13,784,0.020,1791437215071752.424	,1791437215071752.444	
2,N/A,EVENT_RECORD,13,785,0.020,1791437215071825.224	,1791437215071825.244	
2,_Z24add_rms_norm_bias_customIfEvPhS0_S0_S0_S0_mmjff,AI_VECTOR_CORE,13,786,3.580,1791437215071829.584	,1791437215071833.164	
2,N/A,EVENT_RECORD,13,787,0.020,1791437215071853.364	,1791437215071853.384	
2,N/A,EVENT_RECORD,13,788,0.020,1791437215071921.888	,1791437215071921.908	
2,_Z24add_rms_norm_bias_customIfEvPhS0_S0_S0_S0_mmjff,AI_VECTOR_CORE,13,789,2.980,1791437215071928.368	,1791437215071931.348	
2,N/A,EVENT_RECORD,13,790,0.020,1791437215071948.888	,1791437215071948.908	
2,N/A,EVENT_RECORD,13,791,0.020,1791437215072025.908	,1791437215072025.928	
2,_Z24add_rms_norm_bias_customIfEvPhS0_S0_S0_S0_mmjff,AI_VECTOR_CORE,13,792,2.920,1791437215072029.828	,1791437215072032.748	
2,N/A,EVENT_RECORD,13,793,0.000,1791437215072068.108	,1791437215072068.108	
2,N/A,EVENT_RECORD,13,794,0.020,1791437215072156.452	,1791437215072156.472	
2,_Z24add_rms_norm_bias_customIfEvPhS0_S0_S0_S0_mmjff,AI_VECTOR_CORE,13,795,2.900,1791437215072171.332	,1791437215072174.232	
2,N/A,EVENT_RECORD,13,796,0.020,1791437215072190.512	,1791437215072190.532	
2,N/A,EVENT_RECORD,13,797,0.000,1791437215072255.792	,1791437215072255.792	
2,_Z24add_rms_norm_bias_customIfEvPhS0_S0_S0_S0_mmjff,AI_VECTOR_CORE,13,798,3.100,1791437215072297.996	,1791437215072301.096	
2,N/A,EVENT_RECORD,13,799,0.020,1791437215072314.436	,1791437215072314.456	
2,N/A,EVENT_RECORD,13,800,0.020,1791437215072389.016	,1791437215072389.036	
2,_Z24add_rms_norm_bias_customIfEvPhS0_S0_S0_S0_mmjff,AI_VECTOR_CORE,13,801,3.360,1791437215072394.756	,1791437215072398.116	
2,N/A,EVENT_RECORD,13,802,0.020,1791437215072412.416	,1791437215072412.436	
2,N/A,EVENT_RECORD,13,803,0.000,1791437215072486.060	,1791437215072486.060	
2,_Z24add_rms_norm_bias_customIfEvPhS0_S0_S0_S0_mmjff,AI_VECTOR_CORE,13,804,2.940,1791437215072506.340	,1791437215072509.280	
2,N/A,EVENT_RECORD,13,805,0.020,1791437215072535.020	,1791437215072535.040	
2,N/A,EVENT_RECORD,13,806,0.020,1791437215072603.240	,1791437215072603.260	
2,_Z24add_rms_norm_bias_customIfEvPhS0_S0_S0_S0_mmjff,AI_VECTOR_CORE,13,807,2.980,1791437215072622.080	,1791437215072625.060	
2,N/A,EVENT_RECORD,13,808,0.020,1791437215072642.800	,1791437215072642.820	
2,N/A,EVENT_RECORD,13,809,0.020,1791437215072704.924	,1791437215072704.944	
2,_Z24add_rms_norm_bias_customIfEvPhS0_S0_S0_S0_mmjff,AI_VECTOR_CORE,13,810,5.200,1791437215072721.804	,1791437215072727.004	
2,N/A,EVENT_RECORD,13,811,0.020,1791437215072739.764	,1791437215072739.784	
2,N/A,EVENT_RECORD,13,812,0.020,1791437215072805.984	,1791437215072806.004	
2,_Z24add_rms_norm_bias_customIfEvPhS0_S0_S0_S0_mmjff,AI_VECTOR_CORE,13,813,5.480,1791437215072824.864	,1791437215072830.344	
2,N/A,EVENT_RECORD,13,814,0.020,1791437215072836.304	,1791437215072836.324	
2,N/A,EVENT_RECORD,13,815,0.020,1791437215072910.628	,1791437215072910.648	
2,_Z24add_rms_norm_bias_customIfEvPhS0_S0_S0_S0_mmjff,AI_VECTOR_CORE,13,816,3.200,1791437215072925.768	,1791437215072928.968	
2,N/A,EVENT_RECORD,13,817,0.020,1791437215072960.268	,1791437215072960.288	
2,N/A,EVENT_RECORD,13,818,0.020,1791437215073025.428	,1791437215073025.448	
2,_Z24add_rms_norm_bias_customIfEvPhS0_S0_S0_S0_mmjff,AI_VECTOR_CORE,13,819,5.080,1791437215073042.808	,1791437215073047.888	
2,N/A,EVENT_RECORD,13,820,0.020,1791437215073059.968	,1791437215073059.988	
2,N/A,EVENT_RECORD,13,821,0.020,1791437215073131.992	,1791437215073132.012	
2,_Z24add_rms_norm_bias_customIfEvPhS0_S0_S0_S0_mmjff,AI_VECTOR_CORE,13,822,5.160,1791437215073135.912	,1791437215073141.072	
2,N/A,EVENT_RECORD,13,823,0.020,1791437215073157.052	,1791437215073157.072	
2,N/A,EVENT_RECORD,13,824,0.020,1791437215073228.292	,1791437215073228.312	
2,_Z24add_rms_norm_bias_customIfEvPhS0_S0_S0_S0_mmjff,AI_VECTOR_CORE,13,825,3.200,1791437215073243.112	,1791437215073246.312	
2,N/A,EVENT_RECORD,13,826,0.020,1791437215073252.112	,1791437215073252.132	
2,N/A,EVENT_RECORD,13,827,0.020,1791437215073316.996	,1791437215073317.016	
2,_Z24add_rms_norm_bias_customIfEvPhS0_S0_S0_S0_mmjff,AI_VECTOR_CORE,13,828,3.300,1791437215073346.116	,1791437215073349.416	
2,N/A,EVENT_RECORD,13,829,0.000,1791437215073360.536	,1791437215073360.536	
2,N/A,EVENT_RECORD,13,830,0.020,1791437215073427.216	,1791437215073427.236	
2,_Z24add_rms_norm_bias_customIfEvPhS0_S0_S0_S0_mmjff,AI_VECTOR_CORE,13,831,2.940,1791437215073458.036	,1791437215073460.976	
2,N/A,EVENT_RECORD,13,832,0.020,1791437215073484.056	,1791437215073484.076	
2,N/A,EVENT_RECORD,13,833,0.020,1791437215073556.180	,1791437215073556.200	
2,_Z24add_rms_norm_bias_customIfEvPhS0_S0_S0_S0_mmjff,AI_VECTOR_CORE,13,834,4.100,1791437215073572.280	,1791437215073576.380	
2,N/A,EVENT_RECORD,13,835,0.020,1791437215073596.200	,1791437215073596.220	
2,N/A,EVENT_RECORD,13,836,0.020,1791437215073659.820	,1791437215073659.840	
2,_Z24add_rms_norm_bias_customIfEvPhS0_S0_S0_S0_mmjff,AI_VECTOR_CORE,13,837,5.160,1791437215073665.000	,1791437215073670.160	
2,N/A,EVENT_RECORD,13,838,0.020,1791437215073694.804	,1791437215073694.824	
2,N/A,EVENT_RECORD,13,839,0.020,1791437215073756.444	,1791437215073756.464	
2,_Z24add_rms_norm_bias_customIfEvPhS0_S0_S0_S0_mmjff,AI_VECTOR_CORE,13,840,5.180,1791437215073775.544	,1791437215073780.724	
2,N/A,EVENT_RECORD,13,841,0.020,1791437215073808.124	,1791437215073808.144	
2,N/A,EVENT_RECORD,13,842,0.020,1791437215073872.824	,1791437215073872.844	
2,_Z24add_rms_norm_bias_customIfEvPhS0_S0_S0_S0_mmjff,AI_VECTOR_CORE,13,843,5.020,1791437215073888.268	,1791437215073893.288	
2,N/A,EVENT_RECORD,13,844,0.020,1791437215073911.148	,1791437215073911.168	
2,N/A,EVENT_RECORD,13,845,0.020,1791437215073980.048	,1791437215073980.068	
2,_Z24add_rms_norm_bias_customIfEvPhS0_S0_S0_S0_mmjff,AI_VECTOR_CORE,13,846,3.100,1791437215074014.408	,1791437215074017.508	
2,N/A,EVENT_RECORD,13,847,0.020,1791437215074038.148	,1791437215074038.168	
2,N/A,EVENT_RECORD,13,848,0.020,1791437215074105.052	,1791437215074105.072	
2,_Z24add_rms_norm_bias_customIfEvPhS0_S0_S0_S0_mmjff,AI_VECTOR_CORE,13,849,3.200,1791437215074124.092	,1791437215074127.292	
2,N/A,EVENT_RECORD,13,850,0.020,1791437215074133.512	,1791437215074133.532	
2,N/A,EVENT_RECORD,13,851,0.020,1791437215074203.472	,1791437215074203.492	
2,_Z24add_rms_norm_bias_customIfEvPhS0_S0_S0_S0_mmjff,AI_VECTOR_CORE,13,852,3.060,1791437215074216.912	,1791437215074219.972	
2,N/A,EVENT_RECORD,13,853,0.020,1791437215074234.192	,1791437215074234.212	
2,N/A,EVENT_RECORD,13,854,0.020,1791437215074302.556	,1791437215074302.576	
2,_Z24add_rms_norm_bias_customIfEvPhS0_S0_S0_S0_mmjff,AI_VECTOR_CORE,13,855,3.340,1791437215074306.936	,1791437215074310.276	
2,N/A,EVENT_RECORD,13,856,0.020,1791437215074334.136	,1791437215074334.156	
2,N/A,EVENT_RECORD,13,857,0.020,1791437215074394.856	,1791437215074394.876	
2,_Z24add_rms_norm_bias_customIfEvPhS0_S0_S0_S0_mmjff,AI_VECTOR_CORE,13,858,3.760,1791437215074410.396	,1791437215074414.156	
2,N/A,EVENT_RECORD,13,859,0.020,1791437215074431.656	,1791437215074431.676	
2,N/A,EVENT_RECORD,13,860,0.020,1791437215074509.240	,1791437215074509.260	
2,_Z24add_rms_norm_bias_customIfEvPhS0_S0_S0_S0_mmjff,AI_VECTOR_CORE,13,861,5.380,1791437215074520.640	,1791437215074526.020	
2,N/A,EVENT_RECORD,13,862,0.020,1791437215074532.560	,1791437215074532.580	
2,N/A,EVENT_RECORD,13,863,0.020,1791437215074596.720	,1791437215074596.740	
2,_Z24add_rms_norm_bias_customIfEvPhS0_S0_S0_S0_mmjff,AI_VECTOR_CORE,13,864,5.640,1791437215074603.220	,1791437215074608.860	
2,N/A,EVENT_RECORD,13,865,0.020,1791437215074654.960	,1791437215074654.980	
2,N/A,EVENT_RECORD,13,866,0.020,1791437215074721.264	,1791437215074721.284	
2,_Z24add_rms_norm_bias_customIfEvPhS0_S0_S0_S0_mmjff,AI_VECTOR_CORE,13,867,3.960,1791437215074739.844	,1791437215074743.804	
2,N/A,EVENT_RECORD,13,868,0.020,1791437215074754.144	,1791437215074754.164	
2,N/A,EVENT_RECORD,13,869,0.020,1791437215074824.664	,1791437215074824.684	
2,_Z24add_rms_norm_bias_customIfEvPhS0_S0_S0_S0_mmjff,AI_VECTOR_CORE,13,870,3.020,1791437215074830.624	,1791437215074833.644	
2,N/A,EVENT_RECORD,13,871,0.020,1791437215074850.544	,1791437215074850.564	
2,N/A,EVENT_RECORD,13,872,0.020,1791437215074916.588	,1791437215074916.608	
2,_Z24add_rms_norm_bias_customIfEvPhS0_S0_S0_S0_mmjff,AI_VECTOR_CORE,13,873,3.920,1791437215074930.788	,1791437215074934.708	
2,N/A,EVENT_RECORD,13,874,0.020,1791437215074947.888	,1791437215074947.908	
2,N/A,EVENT_RECORD,13,875,0.020,1791437215075016.088	,1791437215075016.108	
2,_Z24add_rms_norm_bias_customIfEvPhS0_S0_S0_S0_mmjff,AI_VECTOR_CORE,13,876,3.760,1791437215075021.748	,1791437215075025.508	
2,N/A,EVENT_RECORD,13,877,0.020,1791437215075040.368	,1791437215075040.388	
2,_Z24add_rms_norm_bias_customIfEvPhS0_S0_S0_S0_mmjff,AI_VECTOR_CORE,13,878,1.740,1791437215075443.916	,1791437215075445.656	
2,_Z24add_rms_norm_bias_customIfEvPhS0_S0_S0_S0_mmjff,AI_VECTOR_CORE,13,879,1.600,1791437215075495.480	,1791437215075497.080	
2,_Z24add_rms_norm_bias_customIfEvPhS0_S0_S0_S0_mmjff,AI_VECTOR_CORE,13,880,1.600,1791437215075518.940	,1791437215075520.540	
2,_Z24add_rms_norm_bias_customIfEvPhS0_S0_S0_S0_mmjff,AI_VECTOR_CORE,13,881,1.640,1791437215075547.700	,1791437215075549.340	
2,_Z24add_rms_norm_bias_customIfEvPhS0_S0_S0_S0_mmjff,AI_VECTOR_CORE,13,882,1.680,1791437215075575.360	,1791437215075577.040	
2,_Z24add_rms_norm_bias_customIfEvPhS0_S0_S0_S0_mmjff,AI_VECTOR_CORE,13,883,1.820,1791437215075604.480	,1791437215075606.300	
2,_Z24add_rms_norm_bias_customIfEvPhS0_S0_S0_S0_mmjff,AI_VECTOR_CORE,13,884,1.660,1791437215075625.180	,1791437215075626.840	
2,_Z24add_rms_norm_bias_customIfEvPhS0_S0_S0_S0_mmjff,AI_VECTOR_CORE,13,885,1.620,1791437215075652.660	,1791437215075654.280	
2,_Z24add_rms_norm_bias_customIfEvPhS0_S0_S0_S0_mmjff,AI_VECTOR_CORE,13,886,1.660,1791437215075714.264	,1791437215075715.924	
2,_Z24add_rms_norm_bias_customIfEvPhS0_S0_S0_S0_mmjff,AI_VECTOR_CORE,13,887,1.660,1791437215075754.244	,1791437215075755.904	
2,_Z24add_rms_norm_bias_customIfEvPhS0_S0_S0_S0_mmjff,AI_VECTOR_CORE,13,888,1.660,1791437215075773.884	,1791437215075775.544	
2,_Z24add_rms_norm_bias_customIfEvPhS0_S0_S0_S0_mmjff,AI_VECTOR_CORE,13,889,1.680,1791437215075832.764	,1791437215075834.444	
2,N/A,EVENT_RECORD,13,890,0.020,1791437215075853.104	,1791437215075853.124	
2,_Z24add_rms_norm_bias_customIfEvPhS0_S0_S0_S0_mmjff,AI_VECTOR_CORE,13,891,1.680,1791437215075926.388	,1791437215075928.068	
2,_Z24add_rms_norm_bias_customIfEvPhS0_S0_S0_S0_mmjff,AI_VECTOR_CORE,13,892,1.660,1791437215075990.048	,1791437215075991.708	
2,N/A,EVENT_RECORD,13,893,0.020,1791437215076008.588	,1791437215076008.608	
2,_Z24add_rms_norm_bias_customIfEvPhS0_S0_S0_S0_mmjff,AI_VECTOR_CORE,13,894,1.680,1791437215076075.388	,1791437215076077.068	
2,_Z24add_rms_norm_bias_customIfEvPhS0_S0_S0_S0_mmjff,AI_VECTOR_CORE,13,895,1.700,1791437215076116.032	,1791437215076117.732	
2,_Z24add_rms_norm_bias_customIfEvPhS0_S0_S0_S0_mmjff,AI_VECTOR_CORE,13,896,1.760,1791437215076139.652	,1791437215076141.412	
2,_Z24add_rms_norm_bias_customIfEvPhS0_S0_S0_S0_mmjff,AI_VECTOR_CORE,13,897,1.680,1791437215076160.412	,1791437215076162.092	
2,_Z24add_rms_norm_bias_customIfEvPhS0_S0_S0_S0_mmjff,AI_VECTOR_CORE,13,898,1.700,1791437215076193.992	,1791437215076195.692	
2,_Z24add_rms_norm_bias_customIfEvPhS0_S0_S0_S0_mmjff,AI_VECTOR_CORE,13,899,1.700,1791437215076236.092	,1791437215076237.792	
2,_Z24add_rms_norm_bias_customIfEvPhS0_S0_S0_S0_mmjff,AI_VECTOR_CORE,13,900,1.700,1791437215076258.112	,1791437215076259.812	
2,_Z24add_rms_norm_bias_customIfEvPhS0_S0_S0_S0_mmjff,AI_VECTOR_CORE,13,901,1.700,1791437215076279.712	,1791437215076281.412	
2,_Z24add_rms_norm_bias_customIfEvPhS0_S0_S0_S0_mmjff,AI_VECTOR_CORE,13,902,1.840,1791437215076306.596	,1791437215076308.436	
2,_Z24add_rms_norm_bias_customIfEvPhS0_S0_S0_S0_mmjff,AI_VECTOR_CORE,13,903,1.760,1791437215076326.996	,1791437215076328.756	
2,_Z24add_rms_norm_bias_customIfEvPhS0_S0_S0_S0_mmjff,AI_VECTOR_CORE,13,904,2.540,1791437215076375.316	,1791437215076377.856	
2,_Z24add_rms_norm_bias_customIfEvPhS0_S0_S0_S0_mmjff,AI_VECTOR_CORE,13,905,2.300,1791437215076404.496	,1791437215076406.796	
2,_Z24add_rms_norm_bias_customIfEvPhS0_S0_S0_S0_mmjff,AI_VECTOR_CORE,13,906,2.240,1791437215076425.696	,1791437215076427.936	
2,_Z24add_rms_norm_bias_customIfEvPhS0_S0_S0_S0_mmjff,AI_VECTOR_CORE,13,907,2.160,1791437215076454.136	,1791437215076456.296	
2,_Z24add_rms_norm_bias_customIfEvPhS0_S0_S0_S0_mmjff,AI_VECTOR_CORE,13,908,2.180,1791437215076477.516	,1791437215076479.696	
2,_Z24add_rms_norm_bias_customIfEvPhS0_S0_S0_S0_mmjff,AI_VECTOR_CORE,13,909,2.300,1791437215076498.040	,1791437215076500.340	
2,_Z24add_rms_norm_bias_customIfEvPhS0_S0_S0_S0_mmjff,AI_VECTOR_CORE,13,910,2.240,1791437215076519.220	,1791437215076521.460	
2,_Z24add_rms_norm_bias_customIfEvPhS0_S0_S0_S0_mmjff,AI_VECTOR_CORE,13,911,2.280,1791437215076548.840	,1791437215076551.120	
2,_Z24add_rms_norm_bias_customIfEvPhS0_S0_S0_S0_mmjff,AI_VECTOR_CORE,13,912,2.260,1791437215076568.500	,1791437215076570.760	
2,_Z24add_rms_norm_bias_customIfEvPhS0_S0_S0_S0_mmjff,AI_VECTOR_CORE,13,913,2.280,1791437215076610.820	,1791437215076613.100	
2,_Z24add_rms_norm_bias_customIfEvPhS0_S0_S0_S0_mmjff,AI_VECTOR_CORE,13,914,2.480,1791437215076637.880	,1791437215076640.360	
2,_Z24add_rms_norm_bias_customIfEvPhS0_S0_S0_S0_mmjff,AI_VECTOR_CORE,13,915,2.320,1791437215076678.120	,1791437215076680.440	
2,N/A,EVENT_RECORD,13,916,0.000,1791437215076681.300	,1791437215076681.300	
2,_Z24add_rms_norm_bias_customIfEvPhS0_S0_S0_S0_mmjff,AI_VECTOR_CORE,13,917,2.360,1791437215076751.164	,1791437215076753.524	
2,_Z24add_rms_norm_bias_customIfEvPhS0_S0_S0_S0_mmjff,AI_VECTOR_CORE,13,918,2.240,1791437215076802.224	,1791437215076804.464	
2,_Z24add_rms_norm_bias_customIfEvPhS0_S0_S0_S0_mmjff,AI_VECTOR_CORE,13,919,2.280,1791437215076831.204	,1791437215076833.484	
2,_Z24add_rms_norm_bias_customIfEvPhS0_S0_S0_S0_mmjff,AI_VECTOR_CORE,13,920,2.320,1791437215076862.524	,1791437215076864.844	
2,_Z24add_rms_norm_bias_customIfEvPhS0_S0_S0_S0_mmjff,AI_VECTOR_CORE,13,921,2.364,1791437215076888.544	,1791437215076890.908	
2,_Z24add_rms_norm_bias_customIfEvPhS0_S0_S0_S0_mmjff,AI_VECTOR_CORE,13,922,2.360,1791437215076910.128	,1791437215076912.488	
2,_Z24add_rms_norm_bias_customIfEvPhS0_S0_S0_S0_mmjff,AI_VECTOR_CORE,13,923,2.420,1791437215076931.388	,1791437215076933.808	
2,_Z24add_rms_norm_bias_customIfEvPhS0_S0_S0_S0_mmjff,AI_VECTOR_CORE,13,924,2.360,1791437215076952.528	,1791437215076954.888	
2,_Z24add_rms_norm_bias_customIfEvPhS0_S0_S0_S0_mmjff,AI_VECTOR_CORE,13,925,2.320,1791437215076982.828	,1791437215076985.148	
2,_Z24add_rms_norm_bias_customIfEvPhS0_S0_S0_S0_mmjff,AI_VECTOR_CORE,13,926,2.320,1791437215077006.468	,1791437215077008.788	
2,_Z24add_rms_norm_bias_customIfEvPhS0_S0_S0_S0_mmjff,AI_VECTOR_CORE,13,927,2.380,1791437215077031.388	,1791437215077033.768	
2,_Z24add_rms_norm_bias_customIfEvPhS0_S0_S0_S0_mmjff,AI_VECTOR_CORE,13,928,2.500,1791437215077059.128	,1791437215077061.628	
2,_Z24add_rms_norm_bias_customIfEvPhS0_S0_S0_S0_mmjff,AI_VECTOR_CORE,13,929,2.340,1791437215077094.652	,1791437215077096.992	
2,_Z24add_rms_norm_bias_customIfEvPhS0_S0_S0_S0_mmjff,AI_VECTOR_CORE,13,930,2.400,1791437215077124.252	,1791437215077126.652	
2,_Z24add_rms_norm_bias_customIfEvPhS0_S0_S0_S0_mmjff,AI_VECTOR_CORE,13,931,2.420,1791437215077170.592	,1791437215077173.012	
2,N/A,EVENT_RECORD,13,932,0.000,1791437215077188.892	,1791437215077188.892	
2,_Z24add_rms_norm_bias_customIfEvPhS0_S0_S0_S0_mmjff,AI_VECTOR_CORE,13,933,2.480,1791437215077255.072	,1791437215077257.552	
2,_Z24add_rms_norm_bias_customIfEvPhS0_S0_S0_S0_mmjff,AI_VECTOR_CORE,13,934,2.320,1791437215077292.276	,1791437215077294.596	
2,_Z24add_rms_norm_bias_customIfEvPhS0_S0_S0_S0_mmjff,AI_VECTOR_CORE,13,935,1.560,1791437215077315.236	,1791437215077316.796	
2,_Z24add_rms_norm_bias_customIfEvPhS0_S0_S0_S0_mmjff,AI_VECTOR_CORE,13,936,1.460,1791437215077349.136	,1791437215077350.596	
2,_Z24add_rms_norm_bias_customIfEvPhS0_S0_S0_S0_mmjff,AI_VECTOR_CORE,13,937,1.460,1791437215077374.116	,1791437215077375.576	
2,_Z24add_rms_norm_bias_customIfEvPhS0_S0_S0_S0_mmjff,AI_VECTOR_CORE,13,938,1.440,1791437215077406.756	,1791437215077408.196	
2,_Z24add_rms_norm_bias_customIfEvPhS0_S0_S0_S0_mmjff,AI_VECTOR_CORE,13,939,1.420,1791437215077434.196	,1791437215077435.616	
2,_Z24add_rms_norm_bias_customIfEvPhS0_S0_S0_S0_mmjff,AI_VECTOR_CORE,13,940,1.440,1791437215077465.536	,1791437215077466.976	
2,_Z24add_rms_norm_bias_customIfEvPhS0_S0_S0_S0_mmjff,AI_VECTOR_CORE,13,941,1.460,1791437215077484.996	,1791437215077486.456	
2,N/A,EVENT_RECORD,13,942,0.020,1791437215077510.760	,1791437215077510.780	
2,_Z24add_rms_norm_bias_customIfEvPhS0_S0_S0_S0_mmjff,AI_VECTOR_CORE,13,943,1.460,1791437215077540.800	,1791437215077542.260	
2,N/A,EVENT_RECORD,13,944,0.000,1791437215077548.820	,1791437215077548.820	
2,N/A,EVENT_RECORD,13,945,0.020,1791437215077623.680	,1791437215077623.700	
2,_Z24add_rms_norm_bias_customIfEvPhS0_S0_S0_S0_mmjff,AI_VECTOR_CORE,13,946,2.460,1791437215077627.980	,1791437215077630.440	
2,N/A,EVENT_RECORD,13,947,0.020,1791437215077668.680	,1791437215077668.700	
2,N/A,EVENT_RECORD,13,948,0.020,1791437215077734.784	,1791437215077734.804	
2,_Z24add_rms_norm_bias_customIfEvPhS0_S0_S0_S0_mmjff,AI_VECTOR_CORE,13,949,2.320,1791437215077747.784	,1791437215077750.104	
2,N/A,EVENT_RECORD,13,950,0.020,1791437215077776.564	,1791437215077776.584	
2,N/A,EVENT_RECORD,13,951,0.020,1791437215077838.444	,1791437215077838.464	
2,_Z24add_rms_norm_bias_customIfEvPhS0_S0_S0_S0_mmjff,AI_VECTOR_CORE,13,952,2.480,1791437215077853.004	,1791437215077855.484	
2,N/A,EVENT_RECORD,13,953,0.020,1791437215077863.744	,1791437215077863.764	
2,N/A,EVENT_RECORD,13,954,0.020,1791437215077929.628	,1791437215077929.648	
2,_Z24add_rms_norm_bias_customIfEvPhS0_S0_S0_S0_mmjff,AI_VECTOR_CORE,13,955,2.320,1791437215077932.508	,1791437215077934.828	
2,N/A,EVENT_RECORD,13,956,0.020,1791437215077949.328	,1791437215077949.348	
2,N/A,EVENT_RECORD,13,957,0.000,1791437215078026.728	,1791437215078026.728	
2,_Z24add_rms_norm_bias_customIfEvPhS0_S0_S0_S0_mmjff,AI_VECTOR_CORE,13,958,2.300,1791437215078044.508	,1791437215078046.808	
2,N/A,EVENT_RECORD,13,959,0.020,1791437215078060.148	,1791437215078060.168	
2,N/A,EVENT_RECORD,13,960,0.020,1791437215078135.232	,1791437215078135.252	
2,_Z24add_rms_norm_bias_customIfEvPhS0_S0_S0_S0_mmjff,AI_VECTOR_CORE,13,961,1.460,1791437215078139.752	,1791437215078141.212	
2,N/A,EVENT_RECORD,13,962,0.020,1791437215078167.832	,1791437215078167.852	
2,N/A,EVENT_RECORD,13,963,0.020,1791437215078227.732	,1791437215078227.752	
2,_Z24add_rms_norm_bias_customIfEvPhS0_S0_S0_S0_mmjff,AI_VECTOR_CORE,13,964,1.480,1791437215078246.032	,1791437215078247.512	
2,N/A,EVENT_RECORD,13,965,0.020,1791437215078254.472	,1791437215078254.492	
2,N/A,EVENT_RECORD,13,966,0.020,1791437215078328.716	,1791437215078328.736	
2,_Z24add_rms_norm_bias_customIfEvPhS0_S0_S0_S0_mmjff,AI_VECTOR_CORE,13,967,1.740,1791437215078330.556	,1791437215078332.296	
2,N/A,EVENT_RECORD,13,968,0.020,1791437215078347.776	,1791437215078347.796	
2,N/A,EVENT_RECORD,13,969,0.020,1791437215078412.676	,1791437215078412.696	
2,_Z24add_rms_norm_bias_customIfEvPhS0_S0_S0_S0_mmjff,AI_VECTOR_CORE,13,970,1.560,1791437215078432.556	,1791437215078434.116	
2,N/A,EVENT_RECORD,13,971,0.020,1791437215078441.936	,1791437215078441.956	
2,N/A,EVENT_RECORD,13,972,0.020,1791437215078530.540	,1791437215078530.560	
2,_Z24add_rms_norm_bias_customIfEvPhS0_S0_S0_S0_mmjff,AI_VECTOR_CORE,13,973,2.620,1791437215078534.180	,1791437215078536.800	
2,N/A,EVENT_RECORD,13,974,0.000,1791437215078553.320	,1791437215078553.320	
2,N/A,EVENT_RECORD,13,975,0.020,1791437215078626.640	,1791437215078626.660	
2,_Z24add_rms_norm_bias_customIfEvPhS0_S0_S0_S0_mmjff,AI_VECTOR_CORE,13,976,1.560,1791437215078636.980	,1791437215078638.540	
2,N/A,EVENT_RECORD,13,977,0.020,1791437215078665.340	,1791437215078665.360	
2,N/A,EVENT_RECORD,13,978,0.020,1791437215078736.984	,1791437215078737.004	
2,_Z24add_rms_norm_bias_customIfEvPhS0_S0_S0_S0_mmjff,AI_VECTOR_CORE,13,979,1.560,1791437215078739.284	,1791437215078740.844	
2,N/A,EVENT_RECORD,13,980,0.020,1791437215078759.584	,1791437215078759.604	
2,N/A,EVENT_RECORD,13,981,0.020,1791437215078819.904	,1791437215078819.924	
2,_Z24add_rms_norm_bias_customIfEvPhS0_S0_S0_S0_mmjff,AI_VECTOR_CORE,13,982,1.520,1791437215078837.804	,1791437215078839.324	
2,N/A,EVENT_RECORD,13,983,0.020,1791437215078865.484	,1791437215078865.504	
2,N/A,EVENT_RECORD,13,984,0.020,1791437215078922.908	,1791437215078922.928	
2,_Z24add_rms_norm_bias_customIfEvPhS0_S0_S0_S0_mmjff,AI_VECTOR_CORE,13,985,1.420,1791437215078934.388	,1791437215078935.808	
2,N/A,EVENT_RECORD,13,986,0.020,1791437215078955.348	,1791437215078955.368	
2,N/A,EVENT_RECORD,13,987,0.020,1791437215079040.348	,1791437215079040.368	
2,_Z24add_rms_norm_bias_customIfEvPhS0_S0_S0_S0_mmjff,AI_VECTOR_CORE,13,988,2.260,1791437215079047.368	,1791437215079049.628	
2,N/A,EVENT_RECORD,13,989,0.000,1791437215079066.108	,1791437215079066.108	
2,N/A,EVENT_RECORD,13,990,0.020,1791437215079138.352	,1791437215079138.372	
2,_Z24add_rms_norm_bias_customIfEvPhS0_S0_S0_S0_mmjff,AI_VECTOR_CORE,13,991,1.460,1791437215079148.552	,1791437215079150.012	
2,N/A,EVENT_RECORD,13,992,0.020,1791437215079171.252	,1791437215079171.272	
2,N/A,EVENT_RECORD,13,993,0.000,1791437215079232.812	,1791437215079232.812	
2,_Z24add_rms_norm_bias_customIfEvPhS0_S0_S0_S0_mmjff,AI_VECTOR_CORE,13,994,2.440,1791437215079240.032	,1791437215079242.472	
2,N/A,EVENT_RECORD,13,995,0.020,1791437215079258.232	,1791437215079258.252	
2,N/A,EVENT_RECORD,13,996,0.020,1791437215079327.876	,1791437215079327.896	
2,_Z24add_rms_norm_bias_customIfEvPhS0_S0_S0_S0_mmjff,AI_VECTOR_CORE,13,997,2.440,1791437215079331.176	,1791437215079333.616	
2,N/A,EVENT_RECORD,13,998,0.020,1791437215079386.836	,1791437215079386.856	
2,N/A,EVENT_RECORD,13,999,0.020,1791437215079451.236	,1791437215079451.256	
2,_Z24add_rms_norm_bias_customIfEvPhS0_S0_S0_S0_mmjff,AI_VECTOR_CORE,13,1000,2.400,1791437215079454.576	,1791437215079456.976	
2,N/A,EVENT_RECORD,13,1001,0.020,1791437215079479.816	,1791437215079479.836	
2,N/A,EVENT_RECORD,13,1002,0.020,1791437215079558.040	,1791437215079558.060	
2,_Z24add_rms_norm_bias_customIfEvPhS0_S0_S0_S0_mmjff,AI_VECTOR_CORE,13,1003,1.440,1791437215079560.220	,1791437215079561.660	
2,N/A,EVENT_RECORD,13,1004,0.020,1791437215079584.180	,1791437215079584.200	
2,N/A,EVENT_RECORD,13,1005,0.020,1791437215079658.060	,1791437215079658.080	
2,_Z24add_rms_norm_bias_customIfEvPhS0_S0_S0_S0_mmjff,AI_VECTOR_CORE,13,1006,1.420,1791437215079674.760	,1791437215079676.180	
2,N/A,EVENT_RECORD,13,1007,0.020,1791437215079720.664	,1791437215079720.684	
2,N/A,EVENT_RECORD,13,1008,0.020,1791437215079785.264	,1791437215079785.284	
2,_Z24add_rms_norm_bias_customIfEvPhS0_S0_S0_S0_mmjff,AI_VECTOR_CORE,13,1009,2.300,1791437215079806.604	,1791437215079808.904	
2,N/A,EVENT_RECORD,13,1010,0.020,1791437215079824.944	,1791437215079824.964	
2,N/A,EVENT_RECORD,13,1011,0.020,1791437215079891.584	,1791437215079891.604	
2,_Z24add_rms_norm_bias_customIfEvPhS0_S0_S0_S0_mmjff,AI_VECTOR_CORE,13,1012,1.580,1791437215079906.388	,1791437215079907.968	
2,N/A,EVENT_RECORD,13,1013,0.020,1791437215079923.668	,1791437215079923.688	
2,N/A,EVENT_RECORD,13,1014,0.000,1791437215079988.048	,1791437215079988.048	
2,_Z24add_rms_norm_bias_customIfEvPhS0_S0_S0_S0_mmjff,AI_VECTOR_CORE,13,1015,1.420,1791437215080003.028	,1791437215080004.448	
2,N/A,EVENT_RECORD,13,1016,0.020,1791437215080019.408	,1791437215080019.428	
2,N/A,EVENT_RECORD,13,1017,0.020,1791437215080082.868	,1791437215080082.888	
2,_Z24add_rms_norm_bias_customIfEvPhS0_S0_S0_S0_mmjff,AI_VECTOR_CORE,13,1018,2.376,1791437215080095.932	,1791437215080098.308	
2,N/A,EVENT_RECORD,13,1019,0.000,1791437215080115.852	,1791437215080115.852	
2,N/A,EVENT_RECORD,13,1020,0.020,1791437215080174.772	,1791437215080174.792	
2,_Z24add_rms_norm_bias_customIfEvPhS0_S0_S0_S0_mmjff,AI_VECTOR_CORE,13,1021,2.360,1791437215080182.912	,1791437215080185.272	
2,N/A,EVENT_RECORD,13,1022,0.020,1791437215080201.012	,1791437215080201.032	
2,N/A,EVENT_RECORD,13,1023,0.020,1791437215080277.472	,1791437215080277.492	
2,_Z24add_rms_norm_bias_customIfEvPhS0_S0_S0_S0_mmjff,AI_VECTOR_CORE,13,1024,2.440,1791437215080292.876	,1791437215080295.316	
2,N/A,EVENT_RECORD,13,1025,0.000,1791437215080311.016	,1791437215080311.016	
2,N/A,EVENT_RECORD,13,1026,0.020,1791437215080383.876	,1791437215080383.896	
2,_Z24add_rms_norm_bias_customIfEvPhS0_S0_S0_S0_mmjff,AI_VECTOR_CORE,13,1027,2.400,1791437215080404.076	,1791437215080406.476	
2,N/A,EVENT_RECORD,13,1028,0.020,1791437215080410.056	,1791437215080410.076	
2,N/A,EVENT_RECORD,13,1029,0.000,1791437215080473.256	,1791437215080473.256	
2,_Z24add_rms_norm_bias_customIfEvPhS0_S0_S0_S0_mmjff,AI_VECTOR_CORE,13,1030,2.440,1791437215080489.736	,1791437215080492.176	
2,N/A,EVENT_RECORD,13,1031,0.020,1791437215080509.520	,1791437215080509.540	
2,N/A,EVENT_RECORD,13,1032,0.020,1791437215080576.640	,1791437215080576.660	
2,_Z24add_rms_norm_bias_customIfEvPhS0_S0_S0_S0_mmjff,AI_VECTOR_CORE,13,1033,2.660,1791437215080580.840	,1791437215080583.500	
2,N/A,EVENT_RECORD,13,1034,0.020,1791437215080609.660	,1791437215080609.680	
2,N/A,EVENT_RECORD,13,1035,0.020,1791437215080664.980	,1791437215080665.000	
2,_Z24add_rms_norm_bias_customIfEvPhS0_S0_S0_S0_mmjff,AI_VECTOR_CORE,13,1036,2.360,1791437215080684.000	,1791437215080686.360	
2,N/A,EVENT_RECORD,13,1037,0.020,1791437215080691.920	,1791437215080691.940	
2,N/A,EVENT_RECORD,13,1038,0.020,1791437215080765.604	,1791437215080765.624	
2,_Z24add_rms_norm_bias_customIfEvPhS0_S0_S0_S0_mmjff,AI_VECTOR_CORE,13,1039,2.380,1791437215080769.104	,1791437215080771.484	
2,N/A,EVENT_RECORD,13,1040,0.020,1791437215080792.924	,1791437215080792.944	
2,N/A,EVENT_RECORD,13,1041,0.020,1791437215080850.664	,1791437215080850.684	
2,_Z24add_rms_norm_bias_customIfEvPhS0_S0_S0_S0_mmjff,AI_VECTOR_CORE,13,1042,2.320,1791437215080867.124	,1791437215080869.444	
2,N/A,EVENT_RECORD,13,1043,0.020,1791437215080882.644	,1791437215080882.664	
2,N/A,EVENT_RECORD,13,1044,0.020,1791437215080944.608	,1791437215080944.628	
2,_Z24add_rms_norm_bias_customIfEvPhS0_S0_S0_S0_mmjff,AI_VECTOR_CORE,13,1045,2.300,1791437215080964.048	,1791437215080966.348	
2,N/A,EVENT_RECORD,13,1046,0.020,1791437215080968.928	,1791437215080968.948	
2,N/A,EVENT_RECORD,13,1047,0.020,1791437215081026.868	,1791437215081026.888	
2,_Z24add_rms_norm_bias_customIfEvPhS0_S0_S0_S0_mmjff,AI_VECTOR_CORE,13,1048,2.380,1791437215081044.248	,1791437215081046.628	
2,N/A,EVENT_RECORD,13,1049,0.020,1791437215081081.788	,1791437215081081.808	
2,N/A,EVENT_RECORD,13,1050,0.020,1791437215081137.412	,1791437215081137.432	
2,_Z24add_rms_norm_bias_customIfEvPhS0_S0_S0_S0_mmjff,AI_VECTOR_CORE,13,1051,2.420,1791437215081161.932	,1791437215081164.352	
2,N/A,EVENT_RECORD,13,1052,0.020,1791437215081180.712	,1791437215081180.732	
2,N/A,EVENT_RECORD,13,1053,0.020,1791437215081248.832	,1791437215081248.852	
2,_Z24add_rms_norm_bias_customIfEvPhS0_S0_S0_S0_mmjff,AI_VECTOR_CORE,13,1054,2.440,1791437215081266.412	,1791437215081268.852	
2,N/A,EVENT_RECORD,13,1055,0.020,1791437215081273.392	,1791437215081273.412	
2,N/A,EVENT_RECORD,13,1056,0.020,1791437215081340.116	,1791437215081340.136	
2,_Z24add_rms_norm_bias_customIfEvPhS0_S0_S0_S0_mmjff,AI_VECTOR_CORE,13,1057,2.440,1791437215081342.516	,1791437215081344.956	
2,N/A,EVENT_RECORD,13,1058,0.020,1791437215081359.456	,1791437215081359.476	
2,N/A,EVENT_RECORD,13,1059,0.020,1791437215081413.216	,1791437215081413.236	
2,_Z24add_rms_norm_bias_customIfEvPhS0_S0_S0_S0_mmjff,AI_VECTOR_CORE,13,1060,2.420,1791437215081430.936	,1791437215081433.356	
2,N/A,EVENT_RECORD,13,1061,0.020,1791437215081448.896	,1791437215081448.916	
2,N/A,EVENT_RECORD,13,1062,0.020,1791437215081517.440	,1791437215081517.460	
2,_Z24add_rms_norm_bias_customIfEvPhS0_S0_S0_S0_mmjff,AI_VECTOR_CORE,13,1063,2.380,1791437215081520.360	,1791437215081522.740	
2,N/A,EVENT_RECORD,13,1064,0.000,1791437215081543.180	,1791437215081543.180	
2,N/A,EVENT_RECORD,13,1065,0.020,1791437215081610.100	,1791437215081610.120	
2,_Z24add_rms_norm_bias_customIfEvPhS0_S0_S0_S0_mmjff,AI_VECTOR_CORE,13,1066,1.500,1791437215081617.220	,1791437215081618.720	
2,N/A,EVENT_RECORD,13,1067,0.020,1791437215081636.300	,1791437215081636.320	
2,N/A,EVENT_RECORD,13,1068,0.020,1791437215081705.604	,1791437215081705.624	
2,_Z24add_rms_norm_bias_customIfEvPhS0_S0_S0_S0_mmjff,AI_VECTOR_CORE,13,1069,2.480,1791437215081711.244	,1791437215081713.724	
2,N/A,EVENT_RECORD,13,1070,0.000,1791437215081729.764	,1791437215081729.764	
2,N/A,EVENT_RECORD,13,1071,0.020,1791437215081790.744	,1791437215081790.764	
2,_Z24add_rms_norm_bias_customIfEvPhS0_S0_S0_S0_mmjff,AI_VECTOR_CORE,13,1072,2.500,1791437215081796.544	,1791437215081799.044	
2,N/A,EVENT_RECORD,13,1073,0.020,1791437215081826.364	,1791437215081826.384	
2,N/A,EVENT_RECORD,13,1074,0.016,1791437215081896.348	,1791437215081896.364	
2,_Z24add_rms_norm_bias_customIfEvPhS0_S0_S0_S0_mmjff,AI_VECTOR_CORE,13,1075,2.520,1791437215081912.668	,1791437215081915.188	
2,N/A,EVENT_RECORD,13,1076,0.020,1791437215081930.348	,1791437215081930.368	
2,N/A,EVENT_RECORD,13,1077,0.020,1791437215081999.028	,1791437215081999.048	
2,_Z24add_rms_norm_bias_customIfEvPhS0_S0_S0_S0_mmjff,AI_VECTOR_CORE,13,1078,2.480,1791437215082006.168	,1791437215082008.648	
2,N/A,EVENT_RECORD,13,1079,0.020,1791437215082023.848	,1791437215082023.868	
2,N/A,EVENT_RECORD,13,1080,0.020,1791437215082090.248	,1791437215082090.268	
2,_Z24add_rms_norm_bias_customIfEvPhS0_S0_S0_S0_mmjff,AI_VECTOR_CORE,13,1081,2.500,1791437215082112.132	,1791437215082114.632	
2,N/A,EVENT_RECORD,13,1082,0.020,1791437215082120.552	,1791437215082120.572	
2,N/A,EVENT_RECORD,13,1083,0.020,1791437215082190.132	,1791437215082190.152	
2,_Z24add_rms_norm_bias_customIfEvPhS0_S0_S0_S0_mmjff,AI_VECTOR_CORE,13,1084,2.620,1791437215082193.312	,1791437215082195.932	
2,N/A,EVENT_RECORD,13,1085,0.020,1791437215082222.972	,1791437215082222.992	
2,N/A,EVENT_RECORD,13,1086,0.020,1791437215082277.412	,1791437215082277.432	
2,_Z24add_rms_norm_bias_customIfEvPhS0_S0_S0_S0_mmjff,AI_VECTOR_CORE,13,1087,1.464,1791437215082293.332	,1791437215082294.796	
2,N/A,EVENT_RECORD,13,1088,0.020,1791437215082312.476	,1791437215082312.496	
2,N/A,EVENT_RECORD,13,1089,0.020,1791437215082380.196	,1791437215082380.216	
2,_Z24add_rms_norm_bias_customIfEvPhS0_S0_S0_S0_mmjff,AI_VECTOR_CORE,13,1090,1.440,1791437215082393.916	,1791437215082395.356	
2,N/A,EVENT_RECORD,13,1091,0.020,1791437215082407.616	,1791437215082407.636	
2,N/A,EVENT_RECORD,13,1092,0.020,1791437215082466.116	,1791437215082466.136	
2,_Z24add_rms_norm_bias_customIfEvPhS0_S0_S0_S0_mmjff,AI_VECTOR_CORE,13,1093,1.440,1791437215082485.456	,1791437215082486.896	
2,N/A,EVENT_RECORD,13,1094,0.020,1791437215082490.836	,1791437215082490.856	
2,N/A,EVENT_RECORD,13,1095,0.020,1791437215082545.820	,1791437215082545.840	
2,_Z24add_rms_norm_bias_customIfEvPhS0_S0_S0_S0_mmjff,AI_VECTOR_CORE,13,1096,1.480,1791437215082562.840	,1791437215082564.320	
2,N/A,EVENT_RECORD,13,1097,0.020,1791437215082583.800	,1791437215082583.820	
2,N/A,EVENT_RECORD,13,1098,0.020,1791437215082645.660	,1791437215082645.680	
2,_Z24add_rms_norm_bias_customIfEvPhS0_S0_S0_S0_mmjff,AI_VECTOR_CORE,13,1099,1.500,1791437215082661.500	,1791437215082663.000	
2,N/A,EVENT_RECORD,13,1100,0.020,1791437215082706.344	,1791437215082706.364	
2,N/A,EVENT_RECORD,13,1101,0.020,1791437215082776.544	,1791437215082776.564	
2,_Z24add_rms_norm_bias_customIfEvPhS0_S0_S0_S0_mmjff,AI_VECTOR_CORE,13,1102,2.360,1791437215082795.184	,1791437215082797.544	
2,N/A,EVENT_RECORD,13,1103,0.020,1791437215082815.264	,1791437215082815.284	
2,N/A,EVENT_RECORD,13,1104,0.020,1791437215082869.064	,1791437215082869.084	
2,_Z24add_rms_norm_bias_customIfEvPhS0_S0_S0_S0_mmjff,AI_VECTOR_CORE,13,1105,2.280,1791437215082891.924	,1791437215082894.204	
2,N/A,EVENT_RECORD,13,1106,0.020,1791437215082909.948	,1791437215082909.968	
2,N/A,EVENT_RECORD,13,1107,0.020,1791437215082969.508	,1791437215082969.528	
2,_Z24add_rms_norm_bias_customIfEvPhS0_S0_S0_S0_mmjff,AI_VECTOR_CORE,13,1108,2.260,1791437215082984.148	,1791437215082986.408	
2,N/A,EVENT_RECORD,13,1109,0.020,1791437215083005.148	,1791437215083005.168	
2,N/A,EVENT_RECORD,13,1110,0.020,1791437215083061.488	,1791437215083061.508	
2,_Z24add_rms_norm_bias_customIfEvPhS0_S0_S0_S0_mmjff,AI_VECTOR_CORE,13,1111,2.160,1791437215083080.348	,1791437215083082.508	
2,N/A,EVENT_RECORD,13,1112,0.016,1791437215083099.452	,1791437215083099.468	
2,N/A,EVENT_RECORD,13,1113,0.020,1791437215083179.892	,1791437215083179.912	
2,_Z24add_rms_norm_bias_customIfEvPhS0_S0_S0_S0_mmjff,AI_VECTOR_CORE,13,1114,2.280,1791437215083182.892	,1791437215083185.172	
2,N/A,EVENT_RECORD,13,1115,0.020,1791437215083215.952	,1791437215083215.972	
2,N/A,EVENT_RECORD,13,1116,0.020,1791437215083269.752	,1791437215083269.772	
2,_Z24add_rms_norm_bias_customIfEvPhS0_S0_S0_S0_mmjff,AI_VECTOR_CORE,13,1117,2.340,1791437215083285.612	,1791437215083287.952	
2,N/A,EVENT_RECORD,13,1118,0.020,1791437215083302.196	,1791437215083302.216	
2,N/A,EVENT_RECORD,13,1119,0.020,1791437215083370.916	,1791437215083370.936	
2,_Z24add_rms_norm_bias_customIfEvPhS0_S0_S0_S0_mmjff,AI_VECTOR_CORE,13,1120,2.340,1791437215083374.276	,1791437215083376.616	
2,N/A,EVENT_RECORD,13,1121,0.020,1791437215083394.156	,1791437215083394.176	
2,N/A,EVENT_RECORD,13,1122,0.020,1791437215083460.396	,1791437215083460.416	
2,_Z24add_rms_norm_bias_customIfEvPhS0_S0_S0_S0_mmjff,AI_VECTOR_CORE,13,1123,2.540,1791437215083465.216	,1791437215083467.756	
2,N/A,EVENT_RECORD,13,1124,0.000,1791437215083488.636	,1791437215083488.636	
2,N/A,EVENT_RECORD,13,1125,0.020,1791437215083551.420	,1791437215083551.440	
2,_Z24add_rms_norm_bias_customIfEvPhS0_S0_S0_S0_mmjff,AI_VECTOR_CORE,13,1126,2.560,1791437215083587.420	,1791437215083589.980	
2,N/A,EVENT_RECORD,13,1127,0.020,1791437215083607.560	,1791437215083607.580	
2,N/A,EVENT_RECORD,13,1128,0.020,1791437215083669.140	,1791437215083669.160	
2,_Z24add_rms_norm_bias_customIfEvPhS0_S0_S0_S0_mmjff,AI_VECTOR_CORE,13,1129,2.460,1791437215083686.840	,1791437215083689.300	
2,N/A,EVENT_RECORD,13,1130,0.020,1791437215083720.364	,1791437215083720.384	
2,N/A,EVENT_RECORD,13,1131,0.020,1791437215083795.404	,1791437215083795.424	
2,_Z24add_rms_norm_bias_customIfEvPhS0_S0_S0_S0_mmjff,AI_VECTOR_CORE,13,1132,2.500,1791437215083798.684	,1791437215083801.184	
2,N/A,EVENT_RECORD,13,1133,0.020,1791437215083824.644	,1791437215083824.664	
2,N/A,EVENT_RECORD,13,1134,0.020,1791437215083889.484	,1791437215083889.504	
2,_Z24add_rms_norm_bias_customIfEvPhS0_S0_S0_S0_mmjff,AI_VECTOR_CORE,13,1135,2.576,1791437215083896.108	,1791437215083898.684	
2,N/A,EVENT_RECORD,13,1136,0.020,1791437215083913.308	,1791437215083913.328	
2,N/A,EVENT_RECORD,13,1137,0.020,1791437215083977.288	,1791437215083977.308	
2,_Z24add_rms_norm_bias_customIfEvPhS0_S0_S0_S0_mmjff,AI_VECTOR_CORE,13,1138,2.500,1791437215083982.708	,1791437215083985.208	
2,N/A,EVENT_RECORD,13,1139,0.020,1791437215084003.608	,1791437215084003.628	
2,N/A,EVENT_RECORD,13,1140,0.020,1791437215084084.288	,1791437215084084.308	
2,_Z24add_rms_norm_bias_customIfEvPhS0_S0_S0_S0_mmjff,AI_VECTOR_CORE,13,1141,2.400,1791437215084088.328	,1791437215084090.728	
2,N/A,EVENT_RECORD,13,1142,0.020,1791437215084093.388	,1791437215084093.408	
2,N/A,EVENT_RECORD,13,1143,0.020,1791437215084161.572	,1791437215084161.592	
2,_Z24add_rms_norm_bias_customIfEvPhS0_S0_S0_S0_mmjff,AI_VECTOR_CORE,13,1144,2.400,1791437215084164.672	,1791437215084167.072	
2,N/A,EVENT_RECORD,13,1145,0.020,1791437215084187.072	,1791437215084187.092	
2,N/A,EVENT_RECORD,13,1146,0.020,1791437215084257.052	,1791437215084257.072	
2,_Z24add_rms_norm_bias_customIfEvPhS0_S0_S0_S0_mmjff,AI_VECTOR_CORE,13,1147,2.320,1791437215084259.932	,1791437215084262.252	
2,N/A,EVENT_RECORD,13,1148,0.020,1791437215084280.912	,1791437215084280.932	
2,N/A,EVENT_RECORD,13,1149,0.020,1791437215084357.276	,1791437215084357.296	
2,_Z24add_rms_norm_bias_customIfEvPhS0_S0_S0_S0_mmjff,AI_VECTOR_CORE,13,1150,2.280,1791437215084374.036	,1791437215084376.316	
2,N/A,EVENT_RECORD,13,1151,0.020,1791437215084391.616	,1791437215084391.636	
2,N/A,EVENT_RECORD,13,1152,0.020,1791437215084472.656	,1791437215084472.676	
2,_Z24add_rms_norm_bias_customIfEvPhS0_S0_S0_S0_mmjff,AI_VECTOR_CORE,13,1153,2.260,1791437215084477.516	,1791437215084479.776	
2,N/A,EVENT_RECORD,13,1154,0.020,1791437215084493.776	,1791437215084493.796	
2,N/A,EVENT_RECORD,13,1155,0.020,1791437215084568.840	,1791437215084568.860	
2,_Z24add_rms_norm_bias_customIfEvPhS0_S0_S0_S0_mmjff,AI_VECTOR_CORE,13,1156,2.420,1791437215084571.840	,1791437215084574.260	
2,N/A,EVENT_RECORD,13,1157,0.000,1791437215084585.120	,1791437215084585.120	
2,N/A,EVENT_RECORD,13,1158,0.020,1791437215084646.960	,1791437215084646.980	
2,_Z24add_rms_norm_bias_customIfEvPhS0_S0_S0_S0_mmjff,AI_VECTOR_CORE,13,1159,2.360,1791437215084666.440	,1791437215084668.800	
2,N/A,EVENT_RECORD,13,1160,0.000,1791437215084677.860	,1791437215084677.860	
2,N/A,EVENT_RECORD,13,1161,0.020,1791437215084734.004	,1791437215084734.024	
2,_Z24add_rms_norm_bias_customIfEvPhS0_S0_S0_S0_mmjff,AI_VECTOR_CORE,13,1162,2.400,1791437215084752.704	,1791437215084755.104	
2,N/A,EVENT_RECORD,13,1163,0.020,1791437215084769.504	,1791437215084769.524	
2,N/A,EVENT_RECORD,13,1164,0.020,1791437215084843.424	,1791437215084843.444	
2,_Z24add_rms_norm_bias_customIfEvPhS0_S0_S0_S0_mmjff,AI_VECTOR_CORE,13,1165,2.380,1791437215084847.944	,1791437215084850.324	
2,N/A,EVENT_RECORD,13,1166,0.020,1791437215084869.324	,1791437215084869.344	
2,N/A,EVENT_RECORD,13,1167,0.020,1791437215084930.328	,1791437215084930.348	
2,_Z24add_rms_norm_bias_customIfEvPhS0_S0_S0_S0_mmjff,AI_VECTOR_CORE,13,1168,1.520,1791437215084941.688	,1791437215084943.208	
2,N/A,EVENT_RECORD,13,1169,0.020,1791437215084968.508	,1791437215084968.528	
2,N/A,EVENT_RECORD,13,1170,0.020,1791437215085018.088	,1791437215085018.108	
2,_Z24add_rms_norm_bias_customIfEvPhS0_S0_S0_S0_mmjff,AI_VECTOR_CORE,13,1171,1.500,1791437215085034.728	,1791437215085036.228	
2,N/A,EVENT_RECORD,13,1172,0.020,1791437215085072.388	,1791437215085072.408	
2,N/A,EVENT_RECORD,13,1173,0.020,1791437215085138.612	,1791437215085138.632	
2,_Z24add_rms_norm_bias_customIfEvPhS0_S0_S0_S0_mmjff,AI_VECTOR_CORE,13,1174,2.300,1791437215085159.392	,1791437215085161.692	
2,N/A,EVENT_RECORD,13,1175,0.020,1791437215085164.832	,1791437215085164.852	
2,N/A,EVENT_RECORD,13,1176,0.020,1791437215085232.672	,1791437215085232.692	
2,_Z24add_rms_norm_bias_customIfEvPhS0_S0_S0_S0_mmjff,AI_VECTOR_CORE,13,1177,1.720,1791437215085249.312	,1791437215085251.032	
2,N/A,EVENT_RECORD,13,1178,0.020,1791437215085278.772	,1791437215085278.792	
2,N/A,EVENT_RECORD,13,1179,0.020,1791437215085345.116	,1791437215085345.136	
2,_Z24add_rms_norm_bias_customIfEvPhS0_S0_S0_S0_mmjff,AI_VECTOR_CORE,13,1180,2.340,1791437215085357.616	,1791437215085359.956	
2,N/A,EVENT_RECORD,13,1181,0.020,1791437215085374.756	,1791437215085374.776	
2,N/A,EVENT_RECORD,13,1182,0.020,1791437215085438.276	,1791437215085438.296	
2,_Z24add_rms_norm_bias_customIfEvPhS0_S0_S0_S0_mmjff,AI_VECTOR_CORE,13,1183,3.520,1791437215085457.576	,1791437215085461.096	
2,N/A,EVENT_RECORD,13,1184,0.020,1791437215085462.776	,1791437215085462.796	
2,N/A,EVENT_RECORD,13,1185,0.020,1791437215085521.820	,1791437215085521.840	
2,_Z24add_rms_norm_bias_customIfEvPhS0_S0_S0_S0_mmjff,AI_VECTOR_CORE,13,1186,2.300,1791437215085539.360	,1791437215085541.660	
2,N/A,EVENT_RECORD,13,1187,0.020,1791437215085557.480	,1791437215085557.500	
2,N/A,EVENT_RECORD,13,1188,0.020,1791437215085621.660	,1791437215085621.680	
2,_Z24add_rms_norm_bias_customIfEvPhS0_S0_S0_S0_mmjff,AI_VECTOR_CORE,13,1189,2.280,1791437215085625.160	,1791437215085627.440	
2,N/A,EVENT_RECORD,13,1190,0.020,1791437215085642.760	,1791437215085642.780	
2,N/A,EVENT_RECORD,13,1191,0.020,1791437215085709.764	,1791437215085709.784	
2,_Z24add_rms_norm_bias_customIfEvPhS0_S0_S0_S0_mmjff,AI_VECTOR_CORE,13,1192,2.380,1791437215085713.004	,1791437215085715.384	
2,N/A,EVENT_RECORD,13,1193,0.020,1791437215085738.104	,1791437215085738.124	
2,N/A,EVENT_RECORD,13,1194,0.020,1791437215085795.584	,1791437215085795.604	
2,_Z24add_rms_norm_bias_customIfEvPhS0_S0_S0_S0_mmjff,AI_VECTOR_CORE,13,1195,2.280,1791437215085803.624	,1791437215085805.904	
2,N/A,EVENT_RECORD,13,1196,0.020,1791437215085825.404	,1791437215085825.424	
2,N/A,EVENT_RECORD,13,1197,0.016,1791437215085901.028	,1791437215085901.044	
2,_Z24add_rms_norm_bias_customIfEvPhS0_S0_S0_S0_mmjff,AI_VECTOR_CORE,13,1198,2.300,1791437215085905.408	,1791437215085907.708	
2,N/A,EVENT_RECORD,13,1199,0.020,1791437215085931.208	,1791437215085931.228	
2,N/A,EVENT_RECORD,13,1200,0.020,1791437215085992.208	,1791437215085992.228	
2,_Z24add_rms_norm_bias_customIfEvPhS0_S0_S0_S0_mmjff,AI_VECTOR_CORE,13,1201,2.380,1791437215086010.748	,1791437215086013.128	
2,N/A,EVENT_RECORD,13,1202,0.020,1791437215086022.428	,1791437215086022.448	
2,N/A,EVENT_RECORD,13,1203,0.024,1791437215086099.388	,1791437215086099.412	
2,_Z24add_rms_norm_bias_customIfEvPhS0_S0_S0_S0_mmjff,AI_VECTOR_CORE,13,1204,2.404,1791437215086102.508	,1791437215086104.912	
2,N/A,EVENT_RECORD,13,1205,0.020,1791437215086123.092	,1791437215086123.112	
2,N/A,EVENT_RECORD,13,1206,0.020,1791437215086189.392	,1791437215086189.412	
2,_Z24add_rms_norm_bias_customIfEvPhS0_S0_S0_S0_mmjff,AI_VECTOR_CORE,13,1207,2.400,1791437215086198.172	,1791437215086200.572	
2,N/A,EVENT_RECORD,13,1208,0.020,1791437215086221.312	,1791437215086221.332	
2,N/A,EVENT_RECORD,13,1209,0.000,1791437215086286.532	,1791437215086286.532	
2,_Z24add_rms_norm_bias_customIfEvPhS0_S0_S0_S0_mmjff,AI_VECTOR_CORE,13,1210,2.180,1791437215086290.152	,1791437215086292.332	
2,N/A,EVENT_RECORD,13,1211,0.000,1791437215086311.676	,1791437215086311.676	
2,N/A,EVENT_RECORD,13,1212,0.020,1791437215086385.136	,1791437215086385.156	
2,_Z24add_rms_norm_bias_customIfEvPhS0_S0_S0_S0_mmjff,AI_VECTOR_CORE,13,1213,2.260,1791437215086387.616	,1791437215086389.876	
2,N/A,EVENT_RECORD,13,1214,0.020,1791437215086410.036	,1791437215086410.056	
2,N/A,EVENT_RECORD,13,1215,0.020,1791437215086473.816	,1791437215086473.836	
2,_Z24add_rms_norm_bias_customIfEvPhS0_S0_S0_S0_mmjff,AI_VECTOR_CORE,13,1216,3.800,1791437215086483.276	,1791437215086487.076	
2,N/A,EVENT_RECORD,13,1217,0.024,1791437215086504.916	,1791437215086504.940	
2,N/A,EVENT_RECORD,13,1218,0.020,1791437215086565.380	,1791437215086565.400	
2,_Z24add_rms_norm_bias_customIfEvPhS0_S0_S0_S0_mmjff,AI_VECTOR_CORE,13,1219,2.360,1791437215086572.220	,1791437215086574.580	
2,N/A,EVENT_RECORD,13,1220,0.020,1791437215086589.180	,1791437215086589.200	
2,N/A,EVENT_RECORD,13,1221,0.020,1791437215086656.920	,1791437215086656.940	
2,_Z24add_rms_norm_bias_customIfEvPhS0_S0_S0_S0_mmjff,AI_VECTOR_CORE,13,1222,2.380,1791437215086659.660	,1791437215086662.040	
2,N/A,EVENT_RECORD,13,1223,0.020,1791437215086678.460	,1791437215086678.480	
2,N/A,EVENT_RECORD,13,1224,0.000,1791437215086734.904	,1791437215086734.904	
2,_Z24add_rms_norm_bias_customIfEvPhS0_S0_S0_S0_mmjff,AI_VECTOR_CORE,13,1225,2.280,1791437215086750.544	,1791437215086752.824	
2,N/A,EVENT_RECORD,13,1226,0.020,1791437215086769.684	,1791437215086769.704	
2,N/A,EVENT_RECORD,13,1227,0.020,1791437215086835.764	,1791437215086835.784	
2,_Z24add_rms_norm_bias_customIfEvPhS0_S0_S0_S0_mmjff,AI_VECTOR_CORE,13,1228,2.360,1791437215086864.084	,1791437215086866.444	
2,N/A,EVENT_RECORD,13,1229,0.020,1791437215086889.484	,1791437215086889.504	
2,N/A,EVENT_RECORD,13,1230,0.020,1791437215086953.448	,1791437215086953.468	
2,_Z24add_rms_norm_bias_customIfEvPhS0_S0_S0_S0_mmjff,AI_VECTOR_CORE,13,1231,2.460,1791437215086971.388	,1791437215086973.848	
2,N/A,EVENT_RECORD,13,1232,0.020,1791437215086990.108	,1791437215086990.128	
2,N/A,EVENT_RECORD,13,1233,0.020,1791437215087050.148	,1791437215087050.168	
2,_Z24add_rms_norm_bias_customIfEvPhS0_S0_S0_S0_mmjff,AI_VECTOR_CORE,13,1234,2.400,1791437215087056.148	,1791437215087058.548	
2,N/A,EVENT_RECORD,13,1235,0.020,1791437215087076.068	,1791437215087076.088	
2,N/A,EVENT_RECORD,13,1236,0.020,1791437215087145.372	,1791437215087145.392	
2,_Z24add_rms_norm_bias_customIfEvPhS0_S0_S0_S0_mmjff,AI_VECTOR_CORE,13,1237,2.460,1791437215087151.992	,1791437215087154.452	
2,N/A,EVENT_RECORD,13,1238,0.020,1791437215087182.612	,1791437215087182.632	
2,N/A,EVENT_RECORD,13,1239,0.020,1791437215087241.472	,1791437215087241.492	
2,_Z24add_rms_norm_bias_customIfEvPhS0_S0_S0_S0_mmjff,AI_VECTOR_CORE,13,1240,2.460,1791437215087261.152	,1791437215087263.612	
2,N/A,EVENT_RECORD,13,1241,0.020,1791437215087269.252	,1791437215087269.272	
2,N/A,EVENT_RECORD,13,1242,0.020,1791437215087341.096	,1791437215087341.116	
2,_Z24add_rms_norm_bias_customIfEvPhS0_S0_S0_S0_mmjff,AI_VECTOR_CORE,13,1243,2.360,1791437215087374.336	,1791437215087376.696	
2,N/A,EVENT_RECORD,13,1244,0.020,1791437215087383.016	,1791437215087383.036	
2,N/A,EVENT_RECORD,13,1245,0.020,1791437215087459.656	,1791437215087459.676	
2,_Z24add_rms_norm_bias_customIfEvPhS0_S0_S0_S0_mmjff,AI_VECTOR_CORE,13,1246,2.400,1791437215087465.996	,1791437215087468.396	
2,N/A,EVENT_RECORD,13,1247,0.020,1791437215087482.876	,1791437215087482.896	
2,N/A,EVENT_RECORD,13,1248,0.000,1791437215087554.780	,1791437215087554.780	
2,_Z24add_rms_norm_bias_customIfEvPhS0_S0_S0_S0_mmjff,AI_VECTOR_CORE,13,1249,1.420,1791437215087557.680	,1791437215087559.100	
2,N/A,EVENT_RECORD,13,1250,0.020,1791437215087577.880	,1791437215087577.900	
2,N/A,EVENT_RECORD,13,1251,0.000,1791437215087662.140	,1791437215087662.140	
2,_Z24add_rms_norm_bias_customIfEvPhS0_S0_S0_S0_mmjff,AI_VECTOR_CORE,13,1252,1.420,1791437215087664.740	,1791437215087666.160	
2,N/A,EVENT_RECORD,13,1253,0.020,1791437215087687.900	,1791437215087687.920	
2,N/A,EVENT_RECORD,13,1254,0.020,1791437215087779.064	,1791437215087779.084	
2,_Z24add_rms_norm_bias_customIfEvPhS0_S0_S0_S0_mmjff,AI_VECTOR_CORE,13,1255,2.280,1791437215087782.124	,1791437215087784.404	
2,N/A,EVENT_RECORD,13,1256,0.020,1791437215087806.264	,1791437215087806.284	
2,N/A,EVENT_RECORD,13,1257,0.020,1791437215087867.984	,1791437215087868.004	
2,_Z24add_rms_norm_bias_customIfEvPhS0_S0_S0_S0_mmjff,AI_VECTOR_CORE,13,1258,2.500,1791437215087878.044	,1791437215087880.544	
2,N/A,EVENT_RECORD,13,1259,0.020,1791437215087895.084	,1791437215087895.104	
2,N/A,EVENT_RECORD,13,1260,0.020,1791437215087960.568	,1791437215087960.588	
2,_Z24add_rms_norm_bias_customIfEvPhS0_S0_S0_S0_mmjff,AI_VECTOR_CORE,13,1261,2.480,1791437215087963.928	,1791437215087966.408	
2,N/A,EVENT_RECORD,13,1262,0.020,1791437215087984.748	,1791437215087984.768	
2,N/A,EVENT_RECORD,13,1263,0.020,1791437215088047.948	,1791437215088047.968	
2,_Z24add_rms_norm_bias_customIfEvPhS0_S0_S0_S0_mmjff,AI_VECTOR_CORE,13,1264,2.440,1791437215088055.368	,1791437215088057.808	
2,N/A,EVENT_RECORD,13,1265,0.020,1791437215088075.548	,1791437215088075.568	
2,N/A,EVENT_RECORD,13,1266,0.020,1791437215088141.152	,1791437215088141.172	
2,_Z24add_rms_norm_bias_customIfEvPhS0_S0_S0_S0_mmjff,AI_VECTOR_CORE,13,1267,2.400,1791437215088157.552	,1791437215088159.952	
2,N/A,EVENT_RECORD,13,1268,0.020,1791437215088164.052	,1791437215088164.072	
2,N/A,EVENT_RECORD,13,1269,0.020,1791437215088234.012	,1791437215088234.032	
2,_Z24add_rms_norm_bias_customIfEvPhS0_S0_S0_S0_mmjff,AI_VECTOR_CORE,13,1270,2.240,1791437215088241.972	,1791437215088244.212	
2,N/A,EVENT_RECORD,13,1271,0.000,1791437215088261.632	,1791437215088261.632	
2,N/A,EVENT_RECORD,13,1272,0.020,1791437215088336.436	,1791437215088336.456	
2,_Z24add_rms_norm_bias_customIfEvPhS0_S0_S0_S0_mmjff,AI_VECTOR_CORE,13,1273,2.500,1791437215088339.316	,1791437215088341.816	
2,N/A,EVENT_RECORD,13,1274,0.020,1791437215088353.816	,1791437215088353.836	
2,N/A,EVENT_RECORD,13,1275,0.020,1791437215088421.476	,1791437215088421.496	
2,_Z24add_rms_norm_bias_customIfEvPhS0_S0_S0_S0_mmjff,AI_VECTOR_CORE,13,1276,2.500,1791437215088425.656	,1791437215088428.156	
2,N/A,EVENT_RECORD,13,1277,0.020,1791437215088445.756	,1791437215088445.776	
2,N/A,EVENT_RECORD,13,1278,0.024,1791437215088504.636	,1791437215088504.660	
2,_Z24add_rms_norm_bias_customIfEvPhS0_S0_S0_S0_mmjff,AI_VECTOR_CORE,13,1279,2.380,1791437215088522.540	,1791437215088524.920	
2,N/A,EVENT_RECORD,13,1280,0.020,1791437215088563.820	,1791437215088563.840	
2,N/A,EVENT_RECORD,13,1281,0.020,1791437215088625.100	,1791437215088625.120	
2,_Z24add_rms_norm_bias_customIfEvPhS0_S0_S0_S0_mmjff,AI_VECTOR_CORE,13,1282,2.360,1791437215088643.260	,1791437215088645.620	
2,N/A,EVENT_RECORD,13,1283,0.020,1791437215088661.700	,1791437215088661.720	
2,N/A,EVENT_RECORD,13,1284,0.000,1791437215088725.704	,1791437215088725.704	
2,_Z24add_rms_norm_bias_customIfEvPhS0_S0_S0_S0_mmjff,AI_VECTOR_CORE,13,1285,2.320,1791437215088742.264	,1791437215088744.584	
2,N/A,EVENT_RECORD,13,1286,0.020,1791437215088761.004	,1791437215088761.024	
2,N/A,EVENT_RECORD,13,1287,0.020,1791437215088835.084	,1791437215088835.104	
2,_Z24add_rms_norm_bias_customIfEvPhS0_S0_S0_S0_mmjff,AI_VECTOR_CORE,13,1288,2.300,1791437215088838.864	,1791437215088841.164	
2,N/A,EVENT_RECORD,13,1289,0.020,1791437215088859.264	,1791437215088859.284	
2,N/A,EVENT_RECORD,13,1290,0.020,1791437215088923.188	,1791437215088923.208	
2,_Z24add_rms_norm_bias_customIfEvPhS0_S0_S0_S0_mmjff,AI_VECTOR_CORE,13,1291,2.380,1791437215088929.268	,1791437215088931.648	
2,N/A,EVENT_RECORD,13,1292,0.020,1791437215088948.748	,1791437215088948.768	
2,N/A,EVENT_RECORD,13,1293,0.000,1791437215089024.288	,1791437215089024.288	
2,_Z24add_rms_norm_bias_customIfEvPhS0_S0_S0_S0_mmjff,AI_VECTOR_CORE,13,1294,2.580,1791437215089032.388	,1791437215089034.968	
2,N/A,EVENT_RECORD,13,1295,0.020,1791437215089051.468	,1791437215089051.488	
2,N/A,EVENT_RECORD,13,1296,0.020,1791437215089119.252	,1791437215089119.272	
2,_Z24add_rms_norm_bias_customIfEvPhS0_S0_S0_S0_mmjff,AI_VECTOR_CORE,13,1297,2.460,1791437215089133.872	,1791437215089136.332	
2,N/A,EVENT_RECORD,13,1298,0.020,1791437215089153.452	,1791437215089153.472	
2,N/A,EVENT_RECORD,13,1299,0.020,1791437215089206.912	,1791437215089206.932	
2,_Z24add_rms_norm_bias_customIfEvPhS0_S0_S0_S0_mmjff,AI_VECTOR_CORE,13,1300,2.360,1791437215089223.052	,1791437215089225.412	
2,N/A,EVENT_RECORD,13,1301,0.020,1791437215089238.052	,1791437215089238.072	
2,N/A,EVENT_RECORD,13,1302,0.020,1791437215089298.132	,1791437215089298.152	
2,_Z24add_rms_norm_bias_customIfEvPhS0_S0_S0_S0_mmjff,AI_VECTOR_CORE,13,1303,2.424,1791437215089304.132	,1791437215089306.556	
2,N/A,EVENT_RECORD,13,1304,0.020,1791437215089327.516	,1791437215089327.536	
2,N/A,EVENT_RECORD,13,1305,0.020,1791437215089415.696	,1791437215089415.716	
2,_Z24add_rms_norm_bias_customIfEvPhS0_S0_S0_S0_mmjff,AI_VECTOR_CORE,13,1306,2.400,1791437215089420.656	,1791437215089423.056	
2,N/A,EVENT_RECORD,13,1307,0.020,1791437215089439.576	,1791437215089439.596	
2,N/A,EVENT_RECORD,13,1308,0.000,1791437215089512.800	,1791437215089512.800	
2,_Z24add_rms_norm_bias_customIfEvPhS0_S0_S0_S0_mmjff,AI_VECTOR_CORE,13,1309,2.400,1791437215089515.780	,1791437215089518.180	
2,N/A,EVENT_RECORD,13,1310,0.020,1791437215089536.120	,1791437215089536.140	
2,N/A,EVENT_RECORD,13,1311,0.020,1791437215089600.420	,1791437215089600.440	
2,_Z24add_rms_norm_bias_customIfEvPhS0_S0_S0_S0_mmjff,AI_VECTOR_CORE,13,1312,2.480,1791437215089609.840	,1791437215089612.320	
2,N/A,EVENT_RECORD,13,1313,0.020,1791437215089629.900	,1791437215089629.920	
2,N/A,PROFILING_DISABLE,11,4,0.020,1791437215092869.544	,1791437215092869.564	
2,N/A,PLACE_HOLDER_SQE,11,5,0.020,1791437215092932.008	,1791437215092932.028	
2,N/A,PLACE_HOLDER_SQE,11,6,0.000,1791437215092932.208	,1791437215092932.208	
