Device_id,kernel_name,kernel_type,stream_id,task_id,task_time(us),task_start(us),task_stop(us)
2,_Z24add_rms_norm_bias_customIfEvPhS0_S0_S0_S0_mmjff,AI_VECTOR_CORE,28,0,15.080,1791521596571509.976	,1791521596571525.056	
2,_Z24add_rms_norm_bias_customIfEvPhS0_S0_S0_S0_mmjff,AI_VECTOR_CORE,28,1,12.704,1791521596571678.996	,1791521596571691.700	
2,N/A,EVENT_RECORD,28,2,0.000,1791521596571722.260	,1791521596571722.260	
2,_Z24add_rms_norm_bias_customIfEvPhS0_S0_S0_S0_mmjff,AI_VECTOR_CORE,28,3,8.820,1791521596571831.480	,1791521596571840.300	
2,_Z24add_rms_norm_bias_customIfEvPhS0_S0_S0_S0_mmjff,AI_VECTOR_CORE,28,4,7.000,1791521596571921.984	,1791521596571928.984	
2,_Z24add_rms_norm_bias_customIfEvPhS0_S0_S0_S0_mmjff,AI_VECTOR_CORE,28,5,6.020,1791521596571958.464	,1791521596571964.484	
2,N/A,EVENT_RECORD,28,6,0.000,1791521596571981.304	,1791521596571981.304	
2,_Z24add_rms_norm_bias_customIfEvPhS0_S0_S0_S0_mmjff,AI_VECTOR_CORE,28,7,2.740,1791521596572036.964	,1791521596572039.704	
2,_Z24add_rms_norm_bias_customIfEvPhS0_S0_S0_S0_mmjff,AI_VECTOR_CORE,28,8,2.840,1791521596572091.088	,1791521596572093.928	
2,N/A,EVENT_RECORD,28,9,0.020,1791521596572112.028	,1791521596572112.048	
2,_Z24add_rms_norm_bias_customIfEvPhS0_S0_S0_S0_mmjff,AI_VECTOR_CORE,28,10,2.720,1791521596572162.988	,1791521596572165.708	
2,_Z24add_rms_norm_bias_customIfEvPhS0_S0_S0_S0_mmjff,AI_VECTOR_CORE,28,11,2.880,1791521596572203.048	,1791521596572205.928	
2,_Z24add_rms_norm_bias_customIfEvPhS0_S0_S0_S0_mmjff,AI_VECTOR_CORE,28,12,2.800,1791521596572243.188	,1791521596572245.988	
2,N/A,EVENT_RECORD,28,13,0.000,1791521596572249.788	,1791521596572249.788	
2,_Z24add_rms_norm_bias_customIfEvPhS0_S0_S0_S0_mmjff,AI_VECTOR_CORE,28,14,4.020,1791521596572307.332	,1791521596572311.352	
2,_Z24add_rms_norm_bias_customIfEvPhS0_S0_S0_S0_mmjff,AI_VECTOR_CORE,28,15,4.860,1791521596572351.912	,1791521596572356.772	
2,_Z24add_rms_norm_bias_customIfEvPhS0_S0_S0_S0_mmjff,AI_VECTOR_CORE,28,16,3.580,1791521596572373.752	,1791521596572377.332	
2,_Z24add_rms_norm_bias_customIfEvPhS0_S0_S0_S0_mmjff,AI_VECTOR_CORE,28,17,2.700,1791521596572402.452	,1791521596572405.152	
2,_Z24add_rms_norm_bias_customIfEvPhS0_S0_S0_S0_mmjff,AI_VECTOR_CORE,28,18,2.840,1791521596572425.592	,1791521596572428.432	
2,_Z24add_rms_norm_bias_customIfEvPhS0_S0_S0_S0_mmjff,AI_VECTOR_CORE,28,19,2.760,1791521596572452.992	,1791521596572455.752	
2,_Z24add_rms_norm_bias_customIfEvPhS0_S0_S0_S0_mmjff,AI_VECTOR_CORE,28,20,2.860,1791521596572472.592	,1791521596572475.452	
2,_Z24add_rms_norm_bias_customIfEvPhS0_S0_S0_S0_mmjff,AI_VECTOR_CORE,28,21,2.780,1791521596572500.696	,1791521596572503.476	
2,_Z24add_rms_norm_bias_customIfEvPhS0_S0_S0_S0_mmjff,AI_VECTOR_CORE,28,22,2.720,1791521596572519.496	,1791521596572522.216	
2,_Z24add_rms_norm_bias_customIfEvPhS0_S0_S0_S0_mmjff,AI_VECTOR_CORE,28,23,2.900,1791521596572545.416	,1791521596572548.316	
2,_Z24add_rms_norm_bias_customIfEvPhS0_S0_S0_S0_mmjff,AI_VECTOR_CORE,28,24,2.760,1791521596572571.456	,1791521596572574.216	
2,_Z24add_rms_norm_bias_customIfEvPhS0_S0_S0_S0_mmjff,AI_VECTOR_CORE,28,25,2.900,1791521596572595.276	,1791521596572598.176	
2,_Z24add_rms_norm_bias_customIfEvPhS0_S0_S0_S0_mmjff,AI_VECTOR_CORE,28,26,2.720,1791521596572620.716	,1791521596572623.436	
2,_Z24add_rms_norm_bias_customIfEvPhS0_S0_S0_S0_mmjff,AI_VECTOR_CORE,28,27,2.760,1791521596572647.896	,1791521596572650.656	
2,_Z24add_rms_norm_bias_customIfEvPhS0_S0_S0_S0_mmjff,AI_VECTOR_CORE,28,28,5.500,1791521596572671.896	,1791521596572677.396	
2,_Z24add_rms_norm_bias_customIfEvPhS0_S0_S0_S0_mmjff,AI_VECTOR_CORE,28,29,6.000,1791521596572702.700	,1791521596572708.700	
2,N/A,EVENT_RECORD,28,30,0.020,1791521596572732.460	,1791521596572732.480	
2,_Z24add_rms_norm_bias_customIfEvPhS0_S0_S0_S0_mmjff,AI_VECTOR_CORE,28,31,6.020,1791521596572791.740	,1791521596572797.760	
2,_Z24add_rms_norm_bias_customIfEvPhS0_S0_S0_S0_mmjff,AI_VECTOR_CORE,28,32,6.140,1791521596572833.100	,1791521596572839.240	
2,N/A,EVENT_RECORD,28,33,0.000,1791521596572850.560	,1791521596572850.560	
2,_Z24add_rms_norm_bias_customIfEvPhS0_S0_S0_S0_mmjff,AI_VECTOR_CORE,28,34,3.580,1791521596572906.204	,1791521596572909.784	
2,_Z24add_rms_norm_bias_customIfEvPhS0_S0_S0_S0_mmjff,AI_VECTOR_CORE,28,35,4.820,1791521596572952.544	,1791521596572957.364	
2,N/A,EVENT_RECORD,28,36,0.000,1791521596572976.524	,1791521596572976.524	
2,_Z24add_rms_norm_bias_customIfEvPhS0_S0_S0_S0_mmjff,AI_VECTOR_CORE,28,37,3.400,1791521596573037.184	,1791521596573040.584	
2,_Z24add_rms_norm_bias_customIfEvPhS0_S0_S0_S0_mmjff,AI_VECTOR_CORE,28,38,19.684,1791521596573067.224	,1791521596573086.908	
2,N/A,EVENT_RECORD,28,39,0.020,1791521596573099.988	,1791521596573100.008	
2,_Z24add_rms_norm_bias_customIfEvPhS0_S0_S0_S0_mmjff,AI_VECTOR_CORE,28,40,5.300,1791521596573155.888	,1791521596573161.188	
2,_Z24add_rms_norm_bias_customIfEvPhS0_S0_S0_S0_mmjff,AI_VECTOR_CORE,28,41,5.480,1791521596573194.248	,1791521596573199.728	
2,_Z24add_rms_norm_bias_customIfEvPhS0_S0_S0_S0_mmjff,AI_VECTOR_CORE,28,42,9.600,1791521596573217.448	,1791521596573227.048	
2,_Z24add_rms_norm_bias_customIfEvPhS0_S0_S0_S0_mmjff,AI_VECTOR_CORE,28,43,4.100,1791521596573248.808	,1791521596573252.908	
2,_Z24add_rms_norm_bias_customIfEvPhS0_S0_S0_S0_mmjff,AI_VECTOR_CORE,28,44,4.880,1791521596573269.708	,1791521596573274.588	
2,_Z24add_rms_norm_bias_customIfEvPhS0_S0_S0_S0_mmjff,AI_VECTOR_CORE,28,45,3.280,1791521596573295.192	,1791521596573298.472	
2,_Z24add_rms_norm_bias_customIfEvPhS0_S0_S0_S0_mmjff,AI_VECTOR_CORE,28,46,5.600,1791521596573315.032	,1791521596573320.632	
2,_Z24add_rms_norm_bias_customIfEvPhS0_S0_S0_S0_mmjff,AI_VECTOR_CORE,28,47,2.920,1791521596573344.092	,1791521596573347.012	
2,_Z24add_rms_norm_bias_customIfEvPhS0_S0_S0_S0_mmjff,AI_VECTOR_CORE,28,48,2.780,1791521596573365.212	,1791521596573367.992	
2,_Z24add_rms_norm_bias_customIfEvPhS0_S0_S0_S0_mmjff,AI_VECTOR_CORE,28,49,2.720,1791521596573391.052	,1791521596573393.772	
2,_Z24add_rms_norm_bias_customIfEvPhS0_S0_S0_S0_mmjff,AI_VECTOR_CORE,28,50,4.360,1791521596573409.732	,1791521596573414.092	
2,_Z24add_rms_norm_bias_customIfEvPhS0_S0_S0_S0_mmjff,AI_VECTOR_CORE,28,51,5.940,1791521596573444.432	,1791521596573450.372	
2,N/A,EVENT_RECORD,28,52,0.000,1791521596573463.112	,1791521596573463.112	
2,_Z24add_rms_norm_bias_customIfEvPhS0_S0_S0_S0_mmjff,AI_VECTOR_CORE,28,53,4.580,1791521596573522.656	,1791521596573527.236	
2,_Z24add_rms_norm_bias_customIfEvPhS0_S0_S0_S0_mmjff,AI_VECTOR_CORE,28,54,3.400,1791521596573563.976	,1791521596573567.376	
2,_Z24add_rms_norm_bias_customIfEvPhS0_S0_S0_S0_mmjff,AI_VECTOR_CORE,28,55,2.820,1791521596573590.196	,1791521596573593.016	
2,_Z24add_rms_norm_bias_customIfEvPhS0_S0_S0_S0_mmjff,AI_VECTOR_CORE,28,56,3.040,1791521596573610.076	,1791521596573613.116	
2,_Z24add_rms_norm_bias_customIfEvPhS0_S0_S0_S0_mmjff,AI_VECTOR_CORE,28,57,18.820,1791521596573638.036	,1791521596573656.856	
2,N/A,EVENT_RECORD,28,58,0.000,1791521596573656.876	,1791521596573656.876	
2,_Z24add_rms_norm_bias_customIfEvPhS0_S0_S0_S0_mmjff,AI_VECTOR_CORE,28,59,4.820,1791521596573706.240	,1791521596573711.060	
2,_Z24add_rms_norm_bias_customIfEvPhS0_S0_S0_S0_mmjff,AI_VECTOR_CORE,28,60,5.120,1791521596573743.540	,1791521596573748.660	
2,_Z24add_rms_norm_bias_customIfEvPhS0_S0_S0_S0_mmjff,AI_VECTOR_CORE,28,61,4.140,1791521596573777.100	,1791521596573781.240	
2,_Z24add_rms_norm_bias_customIfEvPhS0_S0_S0_S0_mmjff,AI_VECTOR_CORE,28,62,4.240,1791521596573797.180	,1791521596573801.420	
2,_Z24add_rms_norm_bias_customIfEvPhS0_S0_S0_S0_mmjff,AI_VECTOR_CORE,28,63,3.340,1791521596573832.040	,1791521596573835.380	
2,N/A,EVENT_RECORD,28,64,0.020,1791521596573856.520	,1791521596573856.540	
2,_Z24add_rms_norm_bias_customIfEvPhS0_S0_S0_S0_mmjff,AI_VECTOR_CORE,28,65,4.900,1791521596573912.624	,1791521596573917.524	
2,_Z24add_rms_norm_bias_customIfEvPhS0_S0_S0_S0_mmjff,AI_VECTOR_CORE,28,66,4.820,1791521596573949.744	,1791521596573954.564	
2,_Z24add_rms_norm_bias_customIfEvPhS0_S0_S0_S0_mmjff,AI_VECTOR_CORE,28,67,3.620,1791521596573979.284	,1791521596573982.904	
2,_Z24add_rms_norm_bias_customIfEvPhS0_S0_S0_S0_mmjff,AI_VECTOR_CORE,28,68,2.820,1791521596574010.604	,1791521596574013.424	
2,_Z24add_rms_norm_bias_customIfEvPhS0_S0_S0_S0_mmjff,AI_VECTOR_CORE,28,69,2.700,1791521596574042.764	,1791521596574045.464	
2,N/A,EVENT_RECORD,28,70,0.000,1791521596574061.724	,1791521596574061.724	
2,_Z24add_rms_norm_bias_customIfEvPhS0_S0_S0_S0_mmjff,AI_VECTOR_CORE,28,71,4.820,1791521596574116.308	,1791521596574121.128	
2,N/A,EVENT_RECORD,28,72,0.020,1791521596574187.228	,1791521596574187.248	
2,_Z24add_rms_norm_bias_customIfEvPhS0_S0_S0_S0_mmjff,AI_VECTOR_CORE,28,73,4.760,1791521596574195.348	,1791521596574200.108	
2,N/A,EVENT_RECORD,28,74,0.020,1791521596574228.548	,1791521596574228.568	
2,N/A,EVENT_RECORD,28,75,0.020,1791521596574299.052	,1791521596574299.072	
2,_Z24add_rms_norm_bias_customIfEvPhS0_S0_S0_S0_mmjff,AI_VECTOR_CORE,28,76,3.700,1791521596574322.972	,1791521596574326.672	
2,N/A,EVENT_RECORD,28,77,0.020,1791521596574359.472	,1791521596574359.492	
2,N/A,EVENT_RECORD,28,78,0.020,1791521596574420.332	,1791521596574420.352	
2,_Z24add_rms_norm_bias_customIfEvPhS0_S0_S0_S0_mmjff,AI_VECTOR_CORE,28,79,2.800,1791521596574426.092	,1791521596574428.892	
2,N/A,EVENT_RECORD,28,80,0.020,1791521596574440.132	,1791521596574440.152	
2,N/A,EVENT_RECORD,28,81,0.000,1791521596574510.556	,1791521596574510.556	
2,_Z24add_rms_norm_bias_customIfEvPhS0_S0_S0_S0_mmjff,AI_VECTOR_CORE,28,82,2.740,1791521596574514.596	,1791521596574517.336	
2,N/A,EVENT_RECORD,28,83,0.020,1791521596574542.016	,1791521596574542.036	
2,N/A,EVENT_RECORD,28,84,0.020,1791521596574607.516	,1791521596574607.536	
2,_Z24add_rms_norm_bias_customIfEvPhS0_S0_S0_S0_mmjff,AI_VECTOR_CORE,28,85,2.900,1791521596574612.896	,1791521596574615.796	
2,N/A,EVENT_RECORD,28,86,0.020,1791521596574627.436	,1791521596574627.456	
2,N/A,EVENT_RECORD,28,87,0.020,1791521596574690.220	,1791521596574690.240	
2,_Z24add_rms_norm_bias_customIfEvPhS0_S0_S0_S0_mmjff,AI_VECTOR_CORE,28,88,2.800,1791521596574696.020	,1791521596574698.820	
2,N/A,EVENT_RECORD,28,89,0.020,1791521596574710.260	,1791521596574710.280	
2,N/A,EVENT_RECORD,28,90,0.020,1791521596574774.620	,1791521596574774.640	
2,_Z24add_rms_norm_bias_customIfEvPhS0_S0_S0_S0_mmjff,AI_VECTOR_CORE,28,91,2.940,1791521596574778.700	,1791521596574781.640	
2,N/A,EVENT_RECORD,28,92,0.020,1791521596574801.320	,1791521596574801.340	
2,N/A,EVENT_RECORD,28,93,0.020,1791521596574851.460	,1791521596574851.480	
2,_Z24add_rms_norm_bias_customIfEvPhS0_S0_S0_S0_mmjff,AI_VECTOR_CORE,28,94,2.780,1791521596574864.700	,1791521596574867.480	
2,N/A,EVENT_RECORD,28,95,0.000,1791521596574883.564	,1791521596574883.564	
2,N/A,EVENT_RECORD,28,96,0.000,1791521596574943.764	,1791521596574943.764	
2,_Z24add_rms_norm_bias_customIfEvPhS0_S0_S0_S0_mmjff,AI_VECTOR_CORE,28,97,4.820,1791521596574948.084	,1791521596574952.904	
2,N/A,EVENT_RECORD,28,98,0.020,1791521596574966.004	,1791521596574966.024	
2,N/A,EVENT_RECORD,28,99,0.020,1791521596575033.264	,1791521596575033.284	
2,_Z24add_rms_norm_bias_customIfEvPhS0_S0_S0_S0_mmjff,AI_VECTOR_CORE,28,100,4.880,1791521596575036.404	,1791521596575041.284	
2,N/A,EVENT_RECORD,28,101,0.020,1791521596575058.424	,1791521596575058.444	
2,N/A,EVENT_RECORD,28,102,0.020,1791521596575124.428	,1791521596575124.448	
2,_Z24add_rms_norm_bias_customIfEvPhS0_S0_S0_S0_mmjff,AI_VECTOR_CORE,28,103,3.480,1791521596575129.248	,1791521596575132.728	
2,N/A,EVENT_RECORD,28,104,0.020,1791521596575146.128	,1791521596575146.148	
2,N/A,EVENT_RECORD,28,105,0.020,1791521596575209.528	,1791521596575209.548	
2,_Z24add_rms_norm_bias_customIfEvPhS0_S0_S0_S0_mmjff,AI_VECTOR_CORE,28,106,14.740,1791521596575212.848	,1791521596575227.588	
2,N/A,EVENT_RECORD,28,107,0.020,1791521596575234.148	,1791521596575234.168	
2,N/A,EVENT_RECORD,28,108,0.000,1791521596575303.592	,1791521596575303.592	
2,_Z24add_rms_norm_bias_customIfEvPhS0_S0_S0_S0_mmjff,AI_VECTOR_CORE,28,109,3.600,1791521596575305.992	,1791521596575309.592	
2,N/A,EVENT_RECORD,28,110,0.020,1791521596575316.212	,1791521596575316.232	
2,N/A,EVENT_RECORD,28,111,0.020,1791521596575380.252	,1791521596575380.272	
2,_Z24add_rms_norm_bias_customIfEvPhS0_S0_S0_S0_mmjff,AI_VECTOR_CORE,28,112,5.080,1791521596575386.132	,1791521596575391.212	
2,N/A,EVENT_RECORD,28,113,0.020,1791521596575400.872	,1791521596575400.892	
2,N/A,EVENT_RECORD,28,114,0.024,1791521596575484.172	,1791521596575484.196	
2,_Z24add_rms_norm_bias_customIfEvPhS0_S0_S0_S0_mmjff,AI_VECTOR_CORE,28,115,3.280,1791521596575491.056	,1791521596575494.336	
2,N/A,EVENT_RECORD,28,116,0.020,1791521596575499.476	,1791521596575499.496	
2,N/A,EVENT_RECORD,28,117,0.020,1791521596575566.076	,1791521596575566.096	
2,_Z24add_rms_norm_bias_customIfEvPhS0_S0_S0_S0_mmjff,AI_VECTOR_CORE,28,118,4.840,1791521596575568.556	,1791521596575573.396	
2,N/A,EVENT_RECORD,28,119,0.020,1791521596575584.016	,1791521596575584.036	
2,N/A,EVENT_RECORD,28,120,0.020,1791521596575645.316	,1791521596575645.336	
2,_Z24add_rms_norm_bias_customIfEvPhS0_S0_S0_S0_mmjff,AI_VECTOR_CORE,28,121,4.940,1791521596575648.956	,1791521596575653.896	
2,N/A,EVENT_RECORD,28,122,0.020,1791521596575668.256	,1791521596575668.276	
2,N/A,EVENT_RECORD,28,123,0.020,1791521596575770.360	,1791521596575770.380	
2,_Z24add_rms_norm_bias_customIfEvPhS0_S0_S0_S0_mmjff,AI_VECTOR_CORE,28,124,3.560,1791521596575775.920	,1791521596575779.480	
2,N/A,EVENT_RECORD,28,125,0.020,1791521596575793.400	,1791521596575793.420	
2,N/A,EVENT_RECORD,28,126,0.020,1791521596575857.960	,1791521596575857.980	
2,_Z24add_rms_norm_bias_customIfEvPhS0_S0_S0_S0_mmjff,AI_VECTOR_CORE,28,127,4.820,1791521596575862.480	,1791521596575867.300	
2,N/A,EVENT_RECORD,28,128,0.024,1791521596575880.060	,1791521596575880.084	
2,N/A,EVENT_RECORD,28,129,0.020,1791521596575951.444	,1791521596575951.464	
2,_Z24add_rms_norm_bias_customIfEvPhS0_S0_S0_S0_mmjff,AI_VECTOR_CORE,28,130,4.860,1791521596575956.664	,1791521596575961.524	
2,N/A,EVENT_RECORD,28,131,0.020,1791521596575971.304	,1791521596575971.324	
2,N/A,EVENT_RECORD,28,132,0.020,1791521596576022.344	,1791521596576022.364	
2,_Z24add_rms_norm_bias_customIfEvPhS0_S0_S0_S0_mmjff,AI_VECTOR_CORE,28,133,3.320,1791521596576036.204	,1791521596576039.524	
2,N/A,EVENT_RECORD,28,134,0.020,1791521596576052.064	,1791521596576052.084	
2,N/A,EVENT_RECORD,28,135,0.020,1791521596576110.668	,1791521596576110.688	
2,_Z24add_rms_norm_bias_customIfEvPhS0_S0_S0_S0_mmjff,AI_VECTOR_CORE,28,136,2.700,1791521596576114.348	,1791521596576117.048	
2,N/A,EVENT_RECORD,28,137,0.020,1791521596576131.788	,1791521596576131.808	
2,N/A,EVENT_RECORD,28,138,0.000,1791521596576196.368	,1791521596576196.368	
2,_Z24add_rms_norm_bias_customIfEvPhS0_S0_S0_S0_mmjff,AI_VECTOR_CORE,28,139,2.900,1791521596576201.788	,1791521596576204.688	
2,N/A,EVENT_RECORD,28,140,0.020,1791521596576222.608	,1791521596576222.628	
2,N/A,EVENT_RECORD,28,141,0.016,1791521596576285.692	,1791521596576285.708	
2,_Z24add_rms_norm_bias_customIfEvPhS0_S0_S0_S0_mmjff,AI_VECTOR_CORE,28,142,24.920,1791521596576291.752	,1791521596576316.672	
2,N/A,EVENT_RECORD,28,143,0.020,1791521596576317.832	,1791521596576317.852	
2,N/A,EVENT_RECORD,28,144,0.000,1791521596576365.592	,1791521596576365.592	
2,_Z24add_rms_norm_bias_customIfEvPhS0_S0_S0_S0_mmjff,AI_VECTOR_CORE,28,145,8.780,1791521596576381.192	,1791521596576389.972	
2,N/A,EVENT_RECORD,28,146,0.020,1791521596576399.132	,1791521596576399.152	
2,N/A,EVENT_RECORD,28,147,0.020,1791521596576454.692	,1791521596576454.712	
2,_Z24add_rms_norm_bias_customIfEvPhS0_S0_S0_S0_mmjff,AI_VECTOR_CORE,28,148,4.380,1791521596576460.352	,1791521596576464.732	
2,N/A,EVENT_RECORD,28,149,0.020,1791521596576476.452	,1791521596576476.472	
2,N/A,EVENT_RECORD,28,150,0.020,1791521596576546.596	,1791521596576546.616	
2,_Z24add_rms_norm_bias_customIfEvPhS0_S0_S0_S0_mmjff,AI_VECTOR_CORE,28,151,4.820,1791521596576559.536	,1791521596576564.356	
2,N/A,EVENT_RECORD,28,152,0.020,1791521596576577.696	,1791521596576577.716	
2,N/A,EVENT_RECORD,28,153,0.000,1791521596576628.976	,1791521596576628.976	
2,_Z24add_rms_norm_bias_customIfEvPhS0_S0_S0_S0_mmjff,AI_VECTOR_CORE,28,154,3.300,1791521596576642.636	,1791521596576645.936	
2,N/A,EVENT_RECORD,28,155,0.020,1791521596576668.236	,1791521596576668.256	
2,N/A,EVENT_RECORD,28,156,0.020,1791521596576723.780	,1791521596576723.800	
2,_Z24add_rms_norm_bias_customIfEvPhS0_S0_S0_S0_mmjff,AI_VECTOR_CORE,28,157,2.920,1791521596576729.340	,1791521596576732.260	
2,N/A,EVENT_RECORD,28,158,0.020,1791521596576748.480	,1791521596576748.500	
2,N/A,EVENT_RECORD,28,159,0.020,1791521596576811.900	,1791521596576811.920	
2,_Z24add_rms_norm_bias_customIfEvPhS0_S0_S0_S0_mmjff,AI_VECTOR_CORE,28,160,4.840,1791521596576813.800	,1791521596576818.640	
2,N/A,EVENT_RECORD,28,161,0.020,1791521596576830.580	,1791521596576830.600	
2,N/A,EVENT_RECORD,28,162,0.020,1791521596576892.304	,1791521596576892.324	
2,_Z24add_rms_norm_bias_customIfEvPhS0_S0_S0_S0_mmjff,AI_VECTOR_CORE,28,163,4.740,1791521596576905.584	,1791521596576910.324	
2,N/A,EVENT_RECORD,28,164,0.020,1791521596576920.684	,1791521596576920.704	
2,N/A,EVENT_RECORD,28,165,0.020,1791521596576984.184	,1791521596576984.204	
2,_Z24add_rms_norm_bias_customIfEvPhS0_S0_S0_S0_mmjff,AI_VECTOR_CORE,28,166,3.300,1791521596576995.864	,1791521596576999.164	
2,N/A,EVENT_RECORD,28,167,0.020,1791521596577013.864	,1791521596577013.884	
2,N/A,EVENT_RECORD,28,168,0.020,1791521596577076.864	,1791521596577076.884	
2,_Z24add_rms_norm_bias_customIfEvPhS0_S0_S0_S0_mmjff,AI_VECTOR_CORE,28,169,3.200,1791521596577081.044	,1791521596577084.244	
2,N/A,EVENT_RECORD,28,170,0.020,1791521596577108.268	,1791521596577108.288	
2,N/A,EVENT_RECORD,28,171,0.020,1791521596577175.108	,1791521596577175.128	
2,_Z24add_rms_norm_bias_customIfEvPhS0_S0_S0_S0_mmjff,AI_VECTOR_CORE,28,172,2.840,1791521596577181.628	,1791521596577184.468	
2,N/A,EVENT_RECORD,28,173,0.000,1791521596577187.668	,1791521596577187.668	
2,N/A,EVENT_RECORD,28,174,0.020,1791521596577252.728	,1791521596577252.748	
2,_Z24add_rms_norm_bias_customIfEvPhS0_S0_S0_S0_mmjff,AI_VECTOR_CORE,28,175,4.840,1791521596577257.408	,1791521596577262.248	
2,N/A,EVENT_RECORD,28,176,0.020,1791521596577293.592	,1791521596577293.612	
2,N/A,EVENT_RECORD,28,177,0.020,1791521596577337.372	,1791521596577337.392	
2,_Z24add_rms_norm_bias_customIfEvPhS0_S0_S0_S0_mmjff,AI_VECTOR_CORE,28,178,4.860,1791521596577351.972	,1791521596577356.832	
2,N/A,EVENT_RECORD,28,179,0.000,1791521596577364.312	,1791521596577364.312	
2,N/A,EVENT_RECORD,28,180,0.020,1791521596577419.612	,1791521596577419.632	
2,_Z24add_rms_norm_bias_customIfEvPhS0_S0_S0_S0_mmjff,AI_VECTOR_CORE,28,181,4.840,1791521596577432.252	,1791521596577437.092	
2,N/A,EVENT_RECORD,28,182,0.020,1791521596577453.952	,1791521596577453.972	
2,N/A,EVENT_RECORD,28,183,0.020,1791521596577512.256	,1791521596577512.276	
2,_Z24add_rms_norm_bias_customIfEvPhS0_S0_S0_S0_mmjff,AI_VECTOR_CORE,28,184,4.980,1791521596577514.496	,1791521596577519.476	
2,N/A,EVENT_RECORD,28,185,0.020,1791521596577534.716	,1791521596577534.736	
2,N/A,EVENT_RECORD,28,186,0.020,1791521596577596.876	,1791521596577596.896	
2,_Z24add_rms_norm_bias_customIfEvPhS0_S0_S0_S0_mmjff,AI_VECTOR_CORE,28,187,7.680,1791521596577599.456	,1791521596577607.136	
2,N/A,EVENT_RECORD,28,188,0.020,1791521596577619.256	,1791521596577619.276	
2,N/A,EVENT_RECORD,28,189,0.020,1791521596577672.436	,1791521596577672.456	
2,_Z24add_rms_norm_bias_customIfEvPhS0_S0_S0_S0_mmjff,AI_VECTOR_CORE,28,190,3.624,1791521596577683.836	,1791521596577687.460	
2,N/A,EVENT_RECORD,28,191,0.020,1791521596577702.720	,1791521596577702.740	
2,N/A,EVENT_RECORD,28,192,0.020,1791521596577767.800	,1791521596577767.820	
2,_Z24add_rms_norm_bias_customIfEvPhS0_S0_S0_S0_mmjff,AI_VECTOR_CORE,28,193,5.000,1791521596577773.600	,1791521596577778.600	
2,N/A,EVENT_RECORD,28,194,0.020,1791521596577785.400	,1791521596577785.420	
2,N/A,EVENT_RECORD,28,195,0.020,1791521596577851.100	,1791521596577851.120	
2,_Z24add_rms_norm_bias_customIfEvPhS0_S0_S0_S0_mmjff,AI_VECTOR_CORE,28,196,3.520,1791521596577856.880	,1791521596577860.400	
2,N/A,EVENT_RECORD,28,197,0.020,1791521596577870.040	,1791521596577870.060	
2,N/A,EVENT_RECORD,28,198,0.020,1791521596577942.744	,1791521596577942.764	
2,_Z24add_rms_norm_bias_customIfEvPhS0_S0_S0_S0_mmjff,AI_VECTOR_CORE,28,199,2.960,1791521596577948.384	,1791521596577951.344	
2,N/A,EVENT_RECORD,28,200,0.000,1791521596577956.984	,1791521596577956.984	
2,N/A,EVENT_RECORD,28,201,0.000,1791521596578025.464	,1791521596578025.464	
2,_Z24add_rms_norm_bias_customIfEvPhS0_S0_S0_S0_mmjff,AI_VECTOR_CORE,28,202,4.900,1791521596578027.264	,1791521596578032.164	
2,N/A,EVENT_RECORD,28,203,0.020,1791521596578047.344	,1791521596578047.364	
2,N/A,EVENT_RECORD,28,204,0.020,1791521596578115.408	,1791521596578115.428	
2,_Z24add_rms_norm_bias_customIfEvPhS0_S0_S0_S0_mmjff,AI_VECTOR_CORE,28,205,4.860,1791521596578120.968	,1791521596578125.828	
2,N/A,EVENT_RECORD,28,206,0.000,1791521596578129.708	,1791521596578129.708	
2,N/A,EVENT_RECORD,28,207,0.000,1791521596578192.788	,1791521596578192.788	
2,_Z24add_rms_norm_bias_customIfEvPhS0_S0_S0_S0_mmjff,AI_VECTOR_CORE,28,208,5.160,1791521596578196.828	,1791521596578201.988	
2,N/A,EVENT_RECORD,28,209,0.020,1791521596578222.728	,1791521596578222.748	
2,N/A,EVENT_RECORD,28,210,0.024,1791521596578284.788	,1791521596578284.812	
2,_Z24add_rms_norm_bias_customIfEvPhS0_S0_S0_S0_mmjff,AI_VECTOR_CORE,28,211,4.820,1791521596578289.472	,1791521596578294.292	
2,N/A,EVENT_RECORD,28,212,0.020,1791521596578320.172	,1791521596578320.192	
2,N/A,EVENT_RECORD,28,213,0.020,1791521596578384.992	,1791521596578385.012	
2,_Z24add_rms_norm_bias_customIfEvPhS0_S0_S0_S0_mmjff,AI_VECTOR_CORE,28,214,4.960,1791521596578387.592	,1791521596578392.552	
2,N/A,EVENT_RECORD,28,215,0.020,1791521596578408.332	,1791521596578408.352	
2,N/A,EVENT_RECORD,28,216,0.020,1791521596578480.712	,1791521596578480.732	
2,_Z24add_rms_norm_bias_customIfEvPhS0_S0_S0_S0_mmjff,AI_VECTOR_CORE,28,217,4.804,1791521596578486.132	,1791521596578490.936	
2,N/A,EVENT_RECORD,28,218,0.020,1791521596578495.616	,1791521596578495.636	
2,N/A,EVENT_RECORD,28,219,0.020,1791521596578560.836	,1791521596578560.856	
2,_Z24add_rms_norm_bias_customIfEvPhS0_S0_S0_S0_mmjff,AI_VECTOR_CORE,28,220,3.680,1791521596578563.336	,1791521596578567.016	
2,N/A,EVENT_RECORD,28,221,0.020,1791521596578583.496	,1791521596578583.516	
2,N/A,EVENT_RECORD,28,222,0.020,1791521596578646.276	,1791521596578646.296	
2,_Z24add_rms_norm_bias_customIfEvPhS0_S0_S0_S0_mmjff,AI_VECTOR_CORE,28,223,3.140,1791521596578656.216	,1791521596578659.356	
2,N/A,EVENT_RECORD,28,224,0.020,1791521596578665.816	,1791521596578665.836	
2,N/A,EVENT_RECORD,28,225,0.000,1791521596578730.720	,1791521596578730.720	
2,_Z24add_rms_norm_bias_customIfEvPhS0_S0_S0_S0_mmjff,AI_VECTOR_CORE,28,226,4.820,1791521596578736.580	,1791521596578741.400	
2,N/A,EVENT_RECORD,28,227,0.000,1791521596578751.300	,1791521596578751.300	
2,N/A,EVENT_RECORD,28,228,0.020,1791521596578812.820	,1791521596578812.840	
2,_Z24add_rms_norm_bias_customIfEvPhS0_S0_S0_S0_mmjff,AI_VECTOR_CORE,28,229,4.900,1791521596578817.680	,1791521596578822.580	
2,N/A,EVENT_RECORD,28,230,0.020,1791521596578848.340	,1791521596578848.360	
2,N/A,EVENT_RECORD,28,231,0.020,1791521596578897.924	,1791521596578897.944	
2,_Z24add_rms_norm_bias_customIfEvPhS0_S0_S0_S0_mmjff,AI_VECTOR_CORE,28,232,22.480,1791521596578913.564	,1791521596578936.044	
2,N/A,EVENT_RECORD,28,233,0.020,1791521596578936.064	,1791521596578936.084	
2,N/A,EVENT_RECORD,28,234,0.020,1791521596578991.104	,1791521596578991.124	
2,_Z24add_rms_norm_bias_customIfEvPhS0_S0_S0_S0_mmjff,AI_VECTOR_CORE,28,235,4.860,1791521596578994.224	,1791521596578999.084	
2,N/A,EVENT_RECORD,28,236,0.000,1791521596579014.324	,1791521596579014.324	
2,N/A,EVENT_RECORD,28,237,0.020,1791521596579062.204	,1791521596579062.224	
2,_Z24add_rms_norm_bias_customIfEvPhS0_S0_S0_S0_mmjff,AI_VECTOR_CORE,28,238,3.540,1791521596579078.984	,1791521596579082.524	
2,N/A,EVENT_RECORD,28,239,0.000,1791521596579107.008	,1791521596579107.008	
2,N/A,EVENT_RECORD,28,240,0.020,1791521596579167.868	,1791521596579167.888	
2,_Z24add_rms_norm_bias_customIfEvPhS0_S0_S0_S0_mmjff,AI_VECTOR_CORE,28,241,3.220,1791521596579171.828	,1791521596579175.048	
2,N/A,EVENT_RECORD,28,242,0.020,1791521596579201.728	,1791521596579201.748	
2,N/A,EVENT_RECORD,28,243,0.020,1791521596579261.208	,1791521596579261.228	
2,_Z24add_rms_norm_bias_customIfEvPhS0_S0_S0_S0_mmjff,AI_VECTOR_CORE,28,244,3.100,1791521596579265.508	,1791521596579268.608	
2,N/A,EVENT_RECORD,28,245,0.020,1791521596579275.048	,1791521596579275.068	
2,N/A,EVENT_RECORD,28,246,0.020,1791521596579332.732	,1791521596579332.752	
2,_Z24add_rms_norm_bias_customIfEvPhS0_S0_S0_S0_mmjff,AI_VECTOR_CORE,28,247,2.980,1791521596579340.572	,1791521596579343.552	
2,N/A,EVENT_RECORD,28,248,0.020,1791521596579359.392	,1791521596579359.412	
2,N/A,EVENT_RECORD,28,249,0.020,1791521596579426.192	,1791521596579426.212	
2,_Z24add_rms_norm_bias_customIfEvPhS0_S0_S0_S0_mmjff,AI_VECTOR_CORE,28,250,2.780,1791521596579429.172	,1791521596579431.952	
2,N/A,EVENT_RECORD,28,251,0.020,1791521596579447.372	,1791521596579447.392	
2,N/A,EVENT_RECORD,28,252,0.000,1791521596579501.576	,1791521596579501.576	
2,_Z24add_rms_norm_bias_customIfEvPhS0_S0_S0_S0_mmjff,AI_VECTOR_CORE,28,253,2.760,1791521596579504.576	,1791521596579507.336	
2,N/A,EVENT_RECORD,28,254,0.020,1791521596579526.396	,1791521596579526.416	
2,N/A,EVENT_RECORD,28,255,0.020,1791521596579585.996	,1791521596579586.016	
2,_Z24add_rms_norm_bias_customIfEvPhS0_S0_S0_S0_mmjff,AI_VECTOR_CORE,28,256,2.700,1791521596579589.096	,1791521596579591.796	
2,N/A,EVENT_RECORD,28,257,0.020,1791521596579611.336	,1791521596579611.356	
2,N/A,EVENT_RECORD,28,258,0.020,1791521596579661.636	,1791521596579661.656	
2,_Z24add_rms_norm_bias_customIfEvPhS0_S0_S0_S0_mmjff,AI_VECTOR_CORE,28,259,2.940,1791521596579672.496	,1791521596579675.436	
2,N/A,EVENT_RECORD,28,260,0.020,1791521596579701.480	,1791521596579701.500	
2,N/A,EVENT_RECORD,28,261,0.020,1791521596579759.080	,1791521596579759.100	
2,_Z24add_rms_norm_bias_customIfEvPhS0_S0_S0_S0_mmjff,AI_VECTOR_CORE,28,262,34.140,1791521596579762.320	,1791521596579796.460	
2,N/A,EVENT_RECORD,28,263,0.020,1791521596579796.480	,1791521596579796.500	
2,N/A,EVENT_RECORD,28,264,0.020,1791521596579846.620	,1791521596579846.640	
2,_Z24add_rms_norm_bias_customIfEvPhS0_S0_S0_S0_mmjff,AI_VECTOR_CORE,28,265,5.300,1791521596579859.560	,1791521596579864.860	
2,N/A,EVENT_RECORD,28,266,0.020,1791521596579882.720	,1791521596579882.740	
2,N/A,EVENT_RECORD,28,267,0.020,1791521596579934.404	,1791521596579934.424	
2,_Z24add_rms_norm_bias_customIfEvPhS0_S0_S0_S0_mmjff,AI_VECTOR_CORE,28,268,4.920,1791521596579940.564	,1791521596579945.484	
2,N/A,EVENT_RECORD,28,269,0.020,1791521596579957.764	,1791521596579957.784	
2,N/A,EVENT_RECORD,28,270,0.000,1791521596580018.304	,1791521596580018.304	
2,_Z24add_rms_norm_bias_customIfEvPhS0_S0_S0_S0_mmjff,AI_VECTOR_CORE,28,271,4.020,1791521596580020.804	,1791521596580024.824	
2,N/A,EVENT_RECORD,28,272,0.020,1791521596580036.484	,1791521596580036.504	
2,N/A,EVENT_RECORD,28,273,0.020,1791521596580094.828	,1791521596580094.848	
2,_Z24add_rms_norm_bias_customIfEvPhS0_S0_S0_S0_mmjff,AI_VECTOR_CORE,28,274,5.300,1791521596580105.208	,1791521596580110.508	
2,N/A,EVENT_RECORD,28,275,0.020,1791521596580121.928	,1791521596580121.948	
2,N/A,EVENT_RECORD,28,276,0.020,1791521596580183.468	,1791521596580183.488	
2,_Z24add_rms_norm_bias_customIfEvPhS0_S0_S0_S0_mmjff,AI_VECTOR_CORE,28,277,5.480,1791521596580186.988	,1791521596580192.468	
2,N/A,EVENT_RECORD,28,278,0.020,1791521596580210.448	,1791521596580210.468	
2,N/A,EVENT_RECORD,28,279,0.020,1791521596580263.168	,1791521596580263.188	
2,_Z24add_rms_norm_bias_customIfEvPhS0_S0_S0_S0_mmjff,AI_VECTOR_CORE,28,280,3.900,1791521596580266.408	,1791521596580270.308	
2,N/A,EVENT_RECORD,28,281,0.024,1791521596580287.508	,1791521596580287.532	
2,N/A,EVENT_RECORD,28,282,0.020,1791521596580338.732	,1791521596580338.752	
2,_Z24add_rms_norm_bias_customIfEvPhS0_S0_S0_S0_mmjff,AI_VECTOR_CORE,28,283,4.800,1791521596580354.752	,1791521596580359.552	
2,N/A,EVENT_RECORD,28,284,0.020,1791521596580372.972	,1791521596580372.992	
2,N/A,EVENT_RECORD,28,285,0.020,1791521596580427.172	,1791521596580427.192	
2,_Z24add_rms_norm_bias_customIfEvPhS0_S0_S0_S0_mmjff,AI_VECTOR_CORE,28,286,4.840,1791521596580432.712	,1791521596580437.552	
2,N/A,EVENT_RECORD,28,287,0.020,1791521596580454.112	,1791521596580454.132	
2,N/A,EVENT_RECORD,28,288,0.020,1791521596580511.376	,1791521596580511.396	
2,_Z24add_rms_norm_bias_customIfEvPhS0_S0_S0_S0_mmjff,AI_VECTOR_CORE,28,289,3.520,1791521596580515.276	,1791521596580518.796	
2,N/A,EVENT_RECORD,28,290,0.020,1791521596580540.356	,1791521596580540.376	
2,N/A,EVENT_RECORD,28,291,0.000,1791521596580596.376	,1791521596580596.376	
2,_Z24add_rms_norm_bias_customIfEvPhS0_S0_S0_S0_mmjff,AI_VECTOR_CORE,28,292,4.960,1791521596580607.216	,1791521596580612.176	
2,N/A,EVENT_RECORD,28,293,0.020,1791521596580627.316	,1791521596580627.336	
2,N/A,EVENT_RECORD,28,294,0.020,1791521596580681.336	,1791521596580681.356	
2,_Z24add_rms_norm_bias_customIfEvPhS0_S0_S0_S0_mmjff,AI_VECTOR_CORE,28,295,5.004,1791521596580686.876	,1791521596580691.880	
2,N/A,EVENT_RECORD,28,296,0.020,1791521596580703.340	,1791521596580703.360	
2,N/A,EVENT_RECORD,28,297,0.020,1791521596580767.560	,1791521596580767.580	
2,_Z24add_rms_norm_bias_customIfEvPhS0_S0_S0_S0_mmjff,AI_VECTOR_CORE,28,298,3.320,1791521596580769.620	,1791521596580772.940	
2,N/A,EVENT_RECORD,28,299,0.020,1791521596580791.820	,1791521596580791.840	
2,N/A,EVENT_RECORD,28,300,0.020,1791521596580847.340	,1791521596580847.360	
2,_Z24add_rms_norm_bias_customIfEvPhS0_S0_S0_S0_mmjff,AI_VECTOR_CORE,28,301,2.760,1791521596580850.680	,1791521596580853.440	
2,N/A,EVENT_RECORD,28,302,0.020,1791521596580873.720	,1791521596580873.740	
2,N/A,EVENT_RECORD,28,303,0.020,1791521596580925.144	,1791521596580925.164	
2,_Z24add_rms_norm_bias_customIfEvPhS0_S0_S0_S0_mmjff,AI_VECTOR_CORE,28,304,2.960,1791521596580938.704	,1791521596580941.664	
2,N/A,EVENT_RECORD,28,305,0.020,1791521596580959.904	,1791521596580959.924	
2,N/A,EVENT_RECORD,28,306,0.020,1791521596581008.264	,1791521596581008.284	
2,_Z24add_rms_norm_bias_customIfEvPhS0_S0_S0_S0_mmjff,AI_VECTOR_CORE,28,307,28.620,1791521596581028.584	,1791521596581057.204	
2,N/A,EVENT_RECORD,28,308,0.020,1791521596581057.224	,1791521596581057.244	
2,N/A,EVENT_RECORD,28,309,0.000,1791521596581109.808	,1791521596581109.808	
2,_Z24add_rms_norm_bias_customIfEvPhS0_S0_S0_S0_mmjff,AI_VECTOR_CORE,28,310,11.660,1791521596581117.648	,1791521596581129.308	
2,N/A,EVENT_RECORD,28,311,0.020,1791521596581131.788	,1791521596581131.808	
2,N/A,EVENT_RECORD,28,312,0.020,1791521596581196.048	,1791521596581196.068	
2,_Z24add_rms_norm_bias_customIfEvPhS0_S0_S0_S0_mmjff,AI_VECTOR_CORE,28,313,4.620,1791521596581203.648	,1791521596581208.268	
2,N/A,EVENT_RECORD,28,314,0.020,1791521596581221.468	,1791521596581221.488	
2,N/A,EVENT_RECORD,28,315,0.020,1791521596581280.328	,1791521596581280.348	
2,_Z24add_rms_norm_bias_customIfEvPhS0_S0_S0_S0_mmjff,AI_VECTOR_CORE,28,316,4.884,1791521596581283.568	,1791521596581288.452	
2,N/A,EVENT_RECORD,28,317,0.020,1791521596581305.432	,1791521596581305.452	
2,N/A,EVENT_RECORD,28,318,0.020,1791521596581361.292	,1791521596581361.312	
2,_Z24add_rms_norm_bias_customIfEvPhS0_S0_S0_S0_mmjff,AI_VECTOR_CORE,28,319,3.260,1791521596581364.332	,1791521596581367.592	
2,N/A,EVENT_RECORD,28,320,0.020,1791521596581385.772	,1791521596581385.792	
2,N/A,EVENT_RECORD,28,321,0.020,1791521596581440.412	,1791521596581440.432	
2,_Z24add_rms_norm_bias_customIfEvPhS0_S0_S0_S0_mmjff,AI_VECTOR_CORE,28,322,4.600,1791521596581449.432	,1791521596581454.032	
2,N/A,EVENT_RECORD,28,323,0.020,1791521596581465.252	,1791521596581465.272	
2,N/A,EVENT_RECORD,28,324,0.020,1791521596581533.656	,1791521596581533.676	
2,_Z24add_rms_norm_bias_customIfEvPhS0_S0_S0_S0_mmjff,AI_VECTOR_CORE,28,325,3.240,1791521596581537.936	,1791521596581541.176	
2,N/A,EVENT_RECORD,28,326,0.020,1791521596581564.376	,1791521596581564.396	
2,N/A,EVENT_RECORD,28,327,0.020,1791521596581620.516	,1791521596581620.536	
2,_Z24add_rms_norm_bias_customIfEvPhS0_S0_S0_S0_mmjff,AI_VECTOR_CORE,28,328,5.280,1791521596581624.056	,1791521596581629.336	
2,N/A,EVENT_RECORD,28,329,0.020,1791521596581642.556	,1791521596581642.576	
2,N/A,EVENT_RECORD,28,330,0.000,1791521596581704.360	,1791521596581704.360	
2,_Z24add_rms_norm_bias_customIfEvPhS0_S0_S0_S0_mmjff,AI_VECTOR_CORE,28,331,3.440,1791521596581708.700	,1791521596581712.140	
2,N/A,EVENT_RECORD,28,332,0.020,1791521596581729.120	,1791521596581729.140	
2,N/A,EVENT_RECORD,28,333,0.020,1791521596581781.800	,1791521596581781.820	
2,_Z24add_rms_norm_bias_customIfEvPhS0_S0_S0_S0_mmjff,AI_VECTOR_CORE,28,334,2.960,1791521596581786.980	,1791521596581789.940	
2,N/A,EVENT_RECORD,28,335,0.020,1791521596581805.500	,1791521596581805.520	
2,N/A,EVENT_RECORD,28,336,0.020,1791521596581869.380	,1791521596581869.400	
2,_Z24add_rms_norm_bias_customIfEvPhS0_S0_S0_S0_mmjff,AI_VECTOR_CORE,28,337,4.820,1791521596581873.760	,1791521596581878.580	
2,N/A,EVENT_RECORD,28,338,0.020,1791521596581900.524	,1791521596581900.544	
2,N/A,EVENT_RECORD,28,339,0.020,1791521596581956.344	,1791521596581956.364	
2,_Z24add_rms_norm_bias_customIfEvPhS0_S0_S0_S0_mmjff,AI_VECTOR_CORE,28,340,4.800,1791521596581966.244	,1791521596581971.044	
2,N/A,EVENT_RECORD,28,341,0.020,1791521596581986.504	,1791521596581986.524	
2,N/A,EVENT_RECORD,28,342,0.020,1791521596582036.564	,1791521596582036.584	
2,_Z24add_rms_norm_bias_customIfEvPhS0_S0_S0_S0_mmjff,AI_VECTOR_CORE,28,343,4.940,1791521596582049.384	,1791521596582054.324	
2,N/A,EVENT_RECORD,28,344,0.020,1791521596582067.244	,1791521596582067.264	
2,N/A,EVENT_RECORD,28,345,0.020,1791521596582126.968	,1791521596582126.988	
2,_Z24add_rms_norm_bias_customIfEvPhS0_S0_S0_S0_mmjff,AI_VECTOR_CORE,28,346,4.860,1791521596582146.008	,1791521596582150.868	
2,N/A,EVENT_RECORD,28,347,0.020,1791521596582151.668	,1791521596582151.688	
2,N/A,EVENT_RECORD,28,348,0.020,1791521596582214.628	,1791521596582214.648	
2,_Z24add_rms_norm_bias_customIfEvPhS0_S0_S0_S0_mmjff,AI_VECTOR_CORE,28,349,3.900,1791521596582216.328	,1791521596582220.228	
2,N/A,EVENT_RECORD,28,350,0.020,1791521596582237.408	,1791521596582237.428	
2,N/A,EVENT_RECORD,28,351,0.020,1791521596582296.052	,1791521596582296.072	
2,_Z24add_rms_norm_bias_customIfEvPhS0_S0_S0_S0_mmjff,AI_VECTOR_CORE,28,352,2.820,1791521596582300.752	,1791521596582303.572	
2,N/A,EVENT_RECORD,28,353,0.020,1791521596582324.932	,1791521596582324.952	
2,N/A,EVENT_RECORD,28,354,0.020,1791521596582385.692	,1791521596582385.712	
2,_Z24add_rms_norm_bias_customIfEvPhS0_S0_S0_S0_mmjff,AI_VECTOR_CORE,28,355,2.840,1791521596582387.712	,1791521596582390.552	
2,N/A,EVENT_RECORD,28,356,0.020,1791521596582406.312	,1791521596582406.332	
2,N/A,EVENT_RECORD,28,357,0.020,1791521596582456.732	,1791521596582456.752	
2,_Z24add_rms_norm_bias_customIfEvPhS0_S0_S0_S0_mmjff,AI_VECTOR_CORE,28,358,4.920,1791521596582462.572	,1791521596582467.492	
2,N/A,EVENT_RECORD,28,359,0.020,1791521596582478.012	,1791521596582478.032	
2,N/A,EVENT_RECORD,28,360,0.020,1791521596582548.196	,1791521596582548.216	
2,_Z24add_rms_norm_bias_customIfEvPhS0_S0_S0_S0_mmjff,AI_VECTOR_CORE,28,361,16.360,1791521596582555.276	,1791521596582571.636	
2,N/A,EVENT_RECORD,28,362,0.020,1791521596582571.656	,1791521596582571.676	
2,N/A,EVENT_RECORD,28,363,0.020,1791521596582627.396	,1791521596582627.416	
2,_Z24add_rms_norm_bias_customIfEvPhS0_S0_S0_S0_mmjff,AI_VECTOR_CORE,28,364,3.800,1791521596582630.556	,1791521596582634.356	
2,N/A,EVENT_RECORD,28,365,0.020,1791521596582655.836	,1791521596582655.856	
2,N/A,EVENT_RECORD,28,366,0.020,1791521596582701.720	,1791521596582701.740	
2,_Z24add_rms_norm_bias_customIfEvPhS0_S0_S0_S0_mmjff,AI_VECTOR_CORE,28,367,15.660,1791521596582716.320	,1791521596582731.980	
2,N/A,EVENT_RECORD,28,368,0.000,1791521596582734.560	,1791521596582734.560	
2,N/A,EVENT_RECORD,28,369,0.020,1791521596582789.000	,1791521596582789.020	
2,_Z24add_rms_norm_bias_customIfEvPhS0_S0_S0_S0_mmjff,AI_VECTOR_CORE,28,370,4.520,1791521596582799.140	,1791521596582803.660	
2,N/A,EVENT_RECORD,28,371,0.020,1791521596582816.640	,1791521596582816.660	
2,N/A,EVENT_RECORD,28,372,0.020,1791521596582873.240	,1791521596582873.260	
2,_Z24add_rms_norm_bias_customIfEvPhS0_S0_S0_S0_mmjff,AI_VECTOR_CORE,28,373,3.760,1791521596582880.580	,1791521596582884.340	
2,N/A,EVENT_RECORD,28,374,0.020,1791521596582906.544	,1791521596582906.564	
2,N/A,EVENT_RECORD,28,375,0.000,1791521596582959.944	,1791521596582959.944	
2,_Z24add_rms_norm_bias_customIfEvPhS0_S0_S0_S0_mmjff,AI_VECTOR_CORE,28,376,3.400,1791521596582963.284	,1791521596582966.684	
2,N/A,EVENT_RECORD,28,377,0.020,1791521596582984.444	,1791521596582984.464	
2,N/A,EVENT_RECORD,28,378,0.020,1791521596583042.784	,1791521596583042.804	
2,_Z24add_rms_norm_bias_customIfEvPhS0_S0_S0_S0_mmjff,AI_VECTOR_CORE,28,379,2.840,1791521596583045.744	,1791521596583048.584	
2,N/A,EVENT_RECORD,28,380,0.020,1791521596583065.244	,1791521596583065.264	
2,N/A,EVENT_RECORD,28,381,0.020,1791521596583121.008	,1791521596583121.028	
2,_Z24add_rms_norm_bias_customIfEvPhS0_S0_S0_S0_mmjff,AI_VECTOR_CORE,28,382,4.820,1791521596583127.108	,1791521596583131.928	
2,N/A,EVENT_RECORD,28,383,0.020,1791521596583146.308	,1791521596583146.328	
2,N/A,EVENT_RECORD,28,384,0.020,1791521596583219.628	,1791521596583219.648	
2,_Z24add_rms_norm_bias_customIfEvPhS0_S0_S0_S0_mmjff,AI_VECTOR_CORE,28,385,4.920,1791521596583223.928	,1791521596583228.848	
2,N/A,EVENT_RECORD,28,386,0.020,1791521596583245.108	,1791521596583245.128	
2,N/A,EVENT_RECORD,28,387,0.020,1791521596583301.152	,1791521596583301.172	
2,_Z24add_rms_norm_bias_customIfEvPhS0_S0_S0_S0_mmjff,AI_VECTOR_CORE,28,388,9.740,1791521596583308.032	,1791521596583317.772	
2,N/A,EVENT_RECORD,28,389,0.020,1791521596583322.232	,1791521596583322.252	
2,N/A,EVENT_RECORD,28,390,0.020,1791521596583399.272	,1791521596583399.292	
2,_Z24add_rms_norm_bias_customIfEvPhS0_S0_S0_S0_mmjff,AI_VECTOR_CORE,28,391,4.880,1791521596583401.932	,1791521596583406.812	
2,N/A,EVENT_RECORD,28,392,0.020,1791521596583406.832	,1791521596583406.852	
2,N/A,EVENT_RECORD,28,393,0.020,1791521596583465.372	,1791521596583465.392	
2,_Z24add_rms_norm_bias_customIfEvPhS0_S0_S0_S0_mmjff,AI_VECTOR_CORE,28,394,5.140,1791521596583467.272	,1791521596583472.412	
2,N/A,EVENT_RECORD,28,395,0.020,1791521596583486.392	,1791521596583486.412	
2,N/A,EVENT_RECORD,28,396,0.020,1791521596583546.676	,1791521596583546.696	
2,_Z24add_rms_norm_bias_customIfEvPhS0_S0_S0_S0_mmjff,AI_VECTOR_CORE,28,397,2.940,1791521596583550.216	,1791521596583553.156	
2,N/A,EVENT_RECORD,28,398,0.020,1791521596583570.176	,1791521596583570.196	
2,N/A,EVENT_RECORD,28,399,0.020,1791521596583624.676	,1791521596583624.696	
2,_Z24add_rms_norm_bias_customIfEvPhS0_S0_S0_S0_mmjff,AI_VECTOR_CORE,28,400,3.120,1791521596583640.356	,1791521596583643.476	
2,N/A,EVENT_RECORD,28,401,0.020,1791521596583656.936	,1791521596583656.956	
2,N/A,EVENT_RECORD,28,402,0.020,1791521596583719.540	,1791521596583719.560	
2,_Z24add_rms_norm_bias_customIfEvPhS0_S0_S0_S0_mmjff,AI_VECTOR_CORE,28,403,2.680,1791521596583727.700	,1791521596583730.380	
2,N/A,EVENT_RECORD,28,404,0.000,1791521596583746.300	,1791521596583746.300	
2,N/A,EVENT_RECORD,28,405,0.020,1791521596583812.780	,1791521596583812.800	
2,_Z24add_rms_norm_bias_customIfEvPhS0_S0_S0_S0_mmjff,AI_VECTOR_CORE,28,406,2.680,1791521596583817.060	,1791521596583819.740	
2,N/A,EVENT_RECORD,28,407,0.020,1791521596583839.960	,1791521596583839.980	
2,N/A,EVENT_RECORD,28,408,0.020,1791521596583905.484	,1791521596583905.504	
2,_Z24add_rms_norm_bias_customIfEvPhS0_S0_S0_S0_mmjff,AI_VECTOR_CORE,28,409,2.860,1791521596583909.744	,1791521596583912.604	
2,N/A,EVENT_RECORD,28,410,0.020,1791521596583931.864	,1791521596583931.884	
2,N/A,EVENT_RECORD,28,411,0.020,1791521596583975.724	,1791521596583975.744	
2,_Z24add_rms_norm_bias_customIfEvPhS0_S0_S0_S0_mmjff,AI_VECTOR_CORE,28,412,2.780,1791521596583988.864	,1791521596583991.644	
2,N/A,EVENT_RECORD,28,413,0.020,1791521596584011.004	,1791521596584011.024	
2,N/A,EVENT_RECORD,28,414,0.020,1791521596584073.604	,1791521596584073.624	
2,_Z24add_rms_norm_bias_customIfEvPhS0_S0_S0_S0_mmjff,AI_VECTOR_CORE,28,415,2.900,1791521596584078.304	,1791521596584081.204	
2,N/A,EVENT_RECORD,28,416,0.020,1791521596584102.708	,1791521596584102.728	
2,N/A,EVENT_RECORD,28,417,0.020,1791521596584163.668	,1791521596584163.688	
2,_Z24add_rms_norm_bias_customIfEvPhS0_S0_S0_S0_mmjff,AI_VECTOR_CORE,28,418,4.720,1791521596584168.328	,1791521596584173.048	
2,N/A,EVENT_RECORD,28,419,0.020,1791521596584192.188	,1791521596584192.208	
2,N/A,EVENT_RECORD,28,420,0.020,1791521596584247.648	,1791521596584247.668	
2,_Z24add_rms_norm_bias_customIfEvPhS0_S0_S0_S0_mmjff,AI_VECTOR_CORE,28,421,4.840,1791521596584252.228	,1791521596584257.068	
2,N/A,EVENT_RECORD,28,422,0.020,1791521596584276.888	,1791521596584276.908	
2,N/A,EVENT_RECORD,28,423,0.020,1791521596584333.112	,1791521596584333.132	
2,_Z24add_rms_norm_bias_customIfEvPhS0_S0_S0_S0_mmjff,AI_VECTOR_CORE,28,424,3.520,1791521596584337.412	,1791521596584340.932	
2,N/A,EVENT_RECORD,28,425,0.000,1791521596584360.212	,1791521596584360.212	
2,N/A,EVENT_RECORD,28,426,0.020,1791521596584414.332	,1791521596584414.352	
2,_Z24add_rms_norm_bias_customIfEvPhS0_S0_S0_S0_mmjff,AI_VECTOR_CORE,28,427,2.780,1791521596584419.492	,1791521596584422.272	
2,N/A,EVENT_RECORD,28,428,0.020,1791521596584437.752	,1791521596584437.772	
2,N/A,EVENT_RECORD,28,429,0.020,1791521596584505.056	,1791521596584505.076	
2,_Z24add_rms_norm_bias_customIfEvPhS0_S0_S0_S0_mmjff,AI_VECTOR_CORE,28,430,4.960,1791521596584509.256	,1791521596584514.216	
2,N/A,EVENT_RECORD,28,431,0.020,1791521596584532.756	,1791521596584532.776	
2,N/A,EVENT_RECORD,28,432,0.020,1791521596584586.936	,1791521596584586.956	
2,_Z24add_rms_norm_bias_customIfEvPhS0_S0_S0_S0_mmjff,AI_VECTOR_CORE,28,433,4.740,1791521596584591.156	,1791521596584595.896	
2,N/A,EVENT_RECORD,28,434,0.020,1791521596584613.816	,1791521596584613.836	
2,N/A,EVENT_RECORD,28,435,0.000,1791521596584672.096	,1791521596584672.096	
2,_Z24add_rms_norm_bias_customIfEvPhS0_S0_S0_S0_mmjff,AI_VECTOR_CORE,28,436,3.420,1791521596584674.156	,1791521596584677.576	
2,N/A,EVENT_RECORD,28,437,0.024,1791521596584695.356	,1791521596584695.380	
2,N/A,EVENT_RECORD,28,438,0.020,1791521596584743.380	,1791521596584743.400	
2,_Z24add_rms_norm_bias_customIfEvPhS0_S0_S0_S0_mmjff,AI_VECTOR_CORE,28,439,4.900,1791521596584756.080	,1791521596584760.980	
2,N/A,EVENT_RECORD,28,440,0.020,1791521596584770.560	,1791521596584770.580	
2,N/A,EVENT_RECORD,28,441,0.000,1791521596584826.880	,1791521596584826.880	
2,_Z24add_rms_norm_bias_customIfEvPhS0_S0_S0_S0_mmjff,AI_VECTOR_CORE,28,442,4.860,1791521596584830.400	,1791521596584835.260	
2,N/A,EVENT_RECORD,28,443,0.020,1791521596584848.240	,1791521596584848.260	
2,_Z24add_rms_norm_bias_customIfEvPhS0_S0_S0_S0_mmjff,AI_VECTOR_CORE,28,444,3.420,1791521596584915.304	,1791521596584918.724	
2,_Z24add_rms_norm_bias_customIfEvPhS0_S0_S0_S0_mmjff,AI_VECTOR_CORE,28,445,5.160,1791521596585163.348	,1791521596585168.508	
2,_Z24add_rms_norm_bias_customIfEvPhS0_S0_S0_S0_mmjff,AI_VECTOR_CORE,28,446,4.820,1791521596585219.008	,1791521596585223.828	
2,_Z24add_rms_norm_bias_customIfEvPhS0_S0_S0_S0_mmjff,AI_VECTOR_CORE,28,447,3.580,1791521596585248.948	,1791521596585252.528	
2,_Z24add_rms_norm_bias_customIfEvPhS0_S0_S0_S0_mmjff,AI_VECTOR_CORE,28,448,3.400,1791521596585278.828	,1791521596585282.228	
2,_Z24add_rms_norm_bias_customIfEvPhS0_S0_S0_S0_mmjff,AI_VECTOR_CORE,28,449,3.340,1791521596585305.692	,1791521596585309.032	
2,_Z24add_rms_norm_bias_customIfEvPhS0_S0_S0_S0_mmjff,AI_VECTOR_CORE,28,450,3.300,1791521596585333.012	,1791521596585336.312	
2,_Z24add_rms_norm_bias_customIfEvPhS0_S0_S0_S0_mmjff,AI_VECTOR_CORE,28,451,3.360,1791521596585359.812	,1791521596585363.172	
2,_Z24add_rms_norm_bias_customIfEvPhS0_S0_S0_S0_mmjff,AI_VECTOR_CORE,28,452,3.460,1791521596585386.472	,1791521596585389.932	
2,_Z24add_rms_norm_bias_customIfEvPhS0_S0_S0_S0_mmjff,AI_VECTOR_CORE,28,453,3.260,1791521596585411.992	,1791521596585415.252	
2,_Z24add_rms_norm_bias_customIfEvPhS0_S0_S0_S0_mmjff,AI_VECTOR_CORE,28,454,3.580,1791521596585438.032	,1791521596585441.612	
2,_Z24add_rms_norm_bias_customIfEvPhS0_S0_S0_S0_mmjff,AI_VECTOR_CORE,28,455,3.180,1791521596585463.972	,1791521596585467.152	
2,_Z24add_rms_norm_bias_customIfEvPhS0_S0_S0_S0_mmjff,AI_VECTOR_CORE,28,456,3.364,1791521596585496.012	,1791521596585499.376	
2,N/A,EVENT_RECORD,28,457,0.000,1791521596585515.756	,1791521596585515.756	
2,_Z24add_rms_norm_bias_customIfEvPhS0_S0_S0_S0_mmjff,AI_VECTOR_CORE,28,458,3.060,1791521596585578.996	,1791521596585582.056	
2,_Z24add_rms_norm_bias_customIfEvPhS0_S0_S0_S0_mmjff,AI_VECTOR_CORE,28,459,3.720,1791521596585630.156	,1791521596585633.876	
2,_Z24add_rms_norm_bias_customIfEvPhS0_S0_S0_S0_mmjff,AI_VECTOR_CORE,28,460,3.120,1791521596585658.316	,1791521596585661.436	
2,_Z24add_rms_norm_bias_customIfEvPhS0_S0_S0_S0_mmjff,AI_VECTOR_CORE,28,461,3.344,1791521596585686.756	,1791521596585690.100	
2,_Z24add_rms_norm_bias_customIfEvPhS0_S0_S0_S0_mmjff,AI_VECTOR_CORE,28,462,3.380,1791521596585705.600	,1791521596585708.980	
2,_Z24add_rms_norm_bias_customIfEvPhS0_S0_S0_S0_mmjff,AI_VECTOR_CORE,28,463,3.400,1791521596585742.540	,1791521596585745.940	
2,_Z24add_rms_norm_bias_customIfEvPhS0_S0_S0_S0_mmjff,AI_VECTOR_CORE,28,464,3.320,1791521596585770.920	,1791521596585774.240	
2,_Z24add_rms_norm_bias_customIfEvPhS0_S0_S0_S0_mmjff,AI_VECTOR_CORE,28,465,3.420,1791521596585790.640	,1791521596585794.060	
2,_Z24add_rms_norm_bias_customIfEvPhS0_S0_S0_S0_mmjff,AI_VECTOR_CORE,28,466,3.260,1791521596585817.420	,1791521596585820.680	
2,_Z24add_rms_norm_bias_customIfEvPhS0_S0_S0_S0_mmjff,AI_VECTOR_CORE,28,467,3.520,1791521596585844.500	,1791521596585848.020	
2,_Z24add_rms_norm_bias_customIfEvPhS0_S0_S0_S0_mmjff,AI_VECTOR_CORE,28,468,3.180,1791521596585863.900	,1791521596585867.080	
2,_Z24add_rms_norm_bias_customIfEvPhS0_S0_S0_S0_mmjff,AI_VECTOR_CORE,28,469,3.800,1791521596585891.220	,1791521596585895.020	
2,_Z24add_rms_norm_bias_customIfEvPhS0_S0_S0_S0_mmjff,AI_VECTOR_CORE,28,470,3.240,1791521596585919.224	,1791521596585922.464	
2,_Z24add_rms_norm_bias_customIfEvPhS0_S0_S0_S0_mmjff,AI_VECTOR_CORE,28,471,3.300,1791521596585939.784	,1791521596585943.084	
2,_Z24add_rms_norm_bias_customIfEvPhS0_S0_S0_S0_mmjff,AI_VECTOR_CORE,28,472,3.260,1791521596585968.144	,1791521596585971.404	
2,_Z24add_rms_norm_bias_customIfEvPhS0_S0_S0_S0_mmjff,AI_VECTOR_CORE,28,473,3.320,1791521596585997.424	,1791521596586000.744	
2,_Z24add_rms_norm_bias_customIfEvPhS0_S0_S0_S0_mmjff,AI_VECTOR_CORE,28,474,3.160,1791521596586018.684	,1791521596586021.844	
2,_Z24add_rms_norm_bias_customIfEvPhS0_S0_S0_S0_mmjff,AI_VECTOR_CORE,28,475,3.420,1791521596586049.824	,1791521596586053.244	
2,_Z24add_rms_norm_bias_customIfEvPhS0_S0_S0_S0_mmjff,AI_VECTOR_CORE,28,476,3.160,1791521596586069.264	,1791521596586072.424	
2,_Z24add_rms_norm_bias_customIfEvPhS0_S0_S0_S0_mmjff,AI_VECTOR_CORE,28,477,3.360,1791521596586094.268	,1791521596586097.628	
2,_Z24add_rms_norm_bias_customIfEvPhS0_S0_S0_S0_mmjff,AI_VECTOR_CORE,28,478,3.140,1791521596586120.768	,1791521596586123.908	
2,_Z24add_rms_norm_bias_customIfEvPhS0_S0_S0_S0_mmjff,AI_VECTOR_CORE,28,479,3.240,1791521596586140.268	,1791521596586143.508	
2,_Z24add_rms_norm_bias_customIfEvPhS0_S0_S0_S0_mmjff,AI_VECTOR_CORE,28,480,3.280,1791521596586169.468	,1791521596586172.748	
2,_Z24add_rms_norm_bias_customIfEvPhS0_S0_S0_S0_mmjff,AI_VECTOR_CORE,28,481,3.820,1791521596586192.708	,1791521596586196.528	
2,_Z24add_rms_norm_bias_customIfEvPhS0_S0_S0_S0_mmjff,AI_VECTOR_CORE,28,482,3.280,1791521596586221.868	,1791521596586225.148	
2,_Z24add_rms_norm_bias_customIfEvPhS0_S0_S0_S0_mmjff,AI_VECTOR_CORE,28,483,3.420,1791521596586242.348	,1791521596586245.768	
2,_Z24add_rms_norm_bias_customIfEvPhS0_S0_S0_S0_mmjff,AI_VECTOR_CORE,28,484,3.140,1791521596586270.208	,1791521596586273.348	
2,_Z24add_rms_norm_bias_customIfEvPhS0_S0_S0_S0_mmjff,AI_VECTOR_CORE,28,485,3.416,1791521596586290.652	,1791521596586294.068	
2,_Z24add_rms_norm_bias_customIfEvPhS0_S0_S0_S0_mmjff,AI_VECTOR_CORE,28,486,3.360,1791521596586316.812	,1791521596586320.172	
2,_Z24add_rms_norm_bias_customIfEvPhS0_S0_S0_S0_mmjff,AI_VECTOR_CORE,28,487,3.360,1791521596586344.532	,1791521596586347.892	
2,_Z24add_rms_norm_bias_customIfEvPhS0_S0_S0_S0_mmjff,AI_VECTOR_CORE,28,488,3.140,1791521596586372.492	,1791521596586375.632	
2,_Z24add_rms_norm_bias_customIfEvPhS0_S0_S0_S0_mmjff,AI_VECTOR_CORE,28,489,3.260,1791521596586396.052	,1791521596586399.312	
2,_Z24add_rms_norm_bias_customIfEvPhS0_S0_S0_S0_mmjff,AI_VECTOR_CORE,28,490,3.220,1791521596586418.712	,1791521596586421.932	
2,_Z24add_rms_norm_bias_customIfEvPhS0_S0_S0_S0_mmjff,AI_VECTOR_CORE,28,491,3.460,1791521596586448.892	,1791521596586452.352	
2,_Z24add_rms_norm_bias_customIfEvPhS0_S0_S0_S0_mmjff,AI_VECTOR_CORE,28,492,3.460,1791521596586480.372	,1791521596586483.832	
2,_Z24add_rms_norm_bias_customIfEvPhS0_S0_S0_S0_mmjff,AI_VECTOR_CORE,28,493,3.420,1791521596586512.076	,1791521596586515.496	
2,_Z24add_rms_norm_bias_customIfEvPhS0_S0_S0_S0_mmjff,AI_VECTOR_CORE,28,494,3.280,1791521596586544.936	,1791521596586548.216	
2,_Z24add_rms_norm_bias_customIfEvPhS0_S0_S0_S0_mmjff,AI_VECTOR_CORE,28,495,3.720,1791521596586568.896	,1791521596586572.616	
2,_Z24add_rms_norm_bias_customIfEvPhS0_S0_S0_S0_mmjff,AI_VECTOR_CORE,28,496,3.160,1791521596586598.376	,1791521596586601.536	
2,_Z24add_rms_norm_bias_customIfEvPhS0_S0_S0_S0_mmjff,AI_VECTOR_CORE,28,497,3.460,1791521596586628.696	,1791521596586632.156	
2,_Z24add_rms_norm_bias_customIfEvPhS0_S0_S0_S0_mmjff,AI_VECTOR_CORE,28,498,3.200,1791521596586660.176	,1791521596586663.376	
2,_Z24add_rms_norm_bias_customIfEvPhS0_S0_S0_S0_mmjff,AI_VECTOR_CORE,28,499,3.320,1791521596586684.256	,1791521596586687.576	
2,_Z24add_rms_norm_bias_customIfEvPhS0_S0_S0_S0_mmjff,AI_VECTOR_CORE,28,500,3.680,1791521596586705.820	,1791521596586709.500	
2,_Z24add_rms_norm_bias_customIfEvPhS0_S0_S0_S0_mmjff,AI_VECTOR_CORE,28,501,3.320,1791521596586735.980	,1791521596586739.300	
2,_Z24add_rms_norm_bias_customIfEvPhS0_S0_S0_S0_mmjff,AI_VECTOR_CORE,28,502,3.280,1791521596586762.200	,1791521596586765.480	
2,_Z24add_rms_norm_bias_customIfEvPhS0_S0_S0_S0_mmjff,AI_VECTOR_CORE,28,503,3.300,1791521596586784.000	,1791521596586787.300	
2,_Z24add_rms_norm_bias_customIfEvPhS0_S0_S0_S0_mmjff,AI_VECTOR_CORE,28,504,3.600,1791521596586803.860	,1791521596586807.460	
2,N/A,EVENT_RECORD,28,505,0.020,1791521596586834.840	,1791521596586834.860	
2,_Z24add_rms_norm_bias_customIfEvPhS0_S0_S0_S0_mmjff,AI_VECTOR_CORE,28,506,3.560,1791521596586849.780	,1791521596586853.340	
2,N/A,EVENT_RECORD,28,507,0.000,1791521596586868.080	,1791521596586868.080	
2,N/A,EVENT_RECORD,28,508,0.020,1791521596586939.204	,1791521596586939.224	
2,_Z24add_rms_norm_bias_customIfEvPhS0_S0_S0_S0_mmjff,AI_VECTOR_CORE,28,509,3.180,1791521596586953.604	,1791521596586956.784	
2,N/A,EVENT_RECORD,28,510,0.020,1791521596586969.884	,1791521596586969.904	
2,N/A,EVENT_RECORD,28,511,0.020,1791521596587036.184	,1791521596587036.204	
2,_Z24add_rms_norm_bias_customIfEvPhS0_S0_S0_S0_mmjff,AI_VECTOR_CORE,28,512,3.340,1791521596587039.744	,1791521596587043.084	
2,N/A,EVENT_RECORD,28,513,0.020,1791521596587090.784	,1791521596587090.804	
2,N/A,EVENT_RECORD,28,514,0.020,1791521596587163.448	,1791521596587163.468	
2,_Z24add_rms_norm_bias_customIfEvPhS0_S0_S0_S0_mmjff,AI_VECTOR_CORE,28,515,3.980,1791521596587166.728	,1791521596587170.708	
2,N/A,EVENT_RECORD,28,516,0.020,1791521596587186.568	,1791521596587186.588	
2,N/A,EVENT_RECORD,28,517,0.020,1791521596587249.128	,1791521596587249.148	
2,_Z24add_rms_norm_bias_customIfEvPhS0_S0_S0_S0_mmjff,AI_VECTOR_CORE,28,518,4.780,1791521596587252.688	,1791521596587257.468	
2,N/A,EVENT_RECORD,28,519,0.020,1791521596587273.108	,1791521596587273.128	
2,N/A,EVENT_RECORD,28,520,0.020,1791521596587332.872	,1791521596587332.892	
2,_Z24add_rms_norm_bias_customIfEvPhS0_S0_S0_S0_mmjff,AI_VECTOR_CORE,28,521,3.460,1791521596587339.692	,1791521596587343.152	
2,N/A,EVENT_RECORD,28,522,0.020,1791521596587357.612	,1791521596587357.632	
2,N/A,EVENT_RECORD,28,523,0.020,1791521596587426.492	,1791521596587426.512	
2,_Z24add_rms_norm_bias_customIfEvPhS0_S0_S0_S0_mmjff,AI_VECTOR_CORE,28,524,4.860,1791521596587429.492	,1791521596587434.352	
2,N/A,EVENT_RECORD,28,525,0.020,1791521596587449.932	,1791521596587449.952	
2,N/A,EVENT_RECORD,28,526,0.020,1791521596587498.716	,1791521596587498.736	
2,_Z24add_rms_norm_bias_customIfEvPhS0_S0_S0_S0_mmjff,AI_VECTOR_CORE,28,527,3.480,1791521596587513.616	,1791521596587517.096	
2,N/A,EVENT_RECORD,28,528,0.020,1791521596587532.776	,1791521596587532.796	
2,N/A,EVENT_RECORD,28,529,0.020,1791521596587586.436	,1791521596587586.456	
2,_Z24add_rms_norm_bias_customIfEvPhS0_S0_S0_S0_mmjff,AI_VECTOR_CORE,28,530,5.240,1791521596587599.216	,1791521596587604.456	
2,N/A,EVENT_RECORD,28,531,0.020,1791521596587617.316	,1791521596587617.336	
2,N/A,EVENT_RECORD,28,532,0.000,1791521596587672.736	,1791521596587672.736	
2,_Z24add_rms_norm_bias_customIfEvPhS0_S0_S0_S0_mmjff,AI_VECTOR_CORE,28,533,3.300,1791521596587682.596	,1791521596587685.896	
2,N/A,EVENT_RECORD,28,534,0.020,1791521596587719.160	,1791521596587719.180	
2,N/A,EVENT_RECORD,28,535,0.020,1791521596587787.780	,1791521596587787.800	
2,_Z24add_rms_norm_bias_customIfEvPhS0_S0_S0_S0_mmjff,AI_VECTOR_CORE,28,536,4.820,1791521596587793.520	,1791521596587798.340	
2,N/A,EVENT_RECORD,28,537,0.020,1791521596587809.340	,1791521596587809.360	
2,N/A,EVENT_RECORD,28,538,0.020,1791521596587872.820	,1791521596587872.840	
2,_Z24add_rms_norm_bias_customIfEvPhS0_S0_S0_S0_mmjff,AI_VECTOR_CORE,28,539,3.320,1791521596587886.540	,1791521596587889.860	
2,N/A,EVENT_RECORD,28,540,0.020,1791521596587902.444	,1791521596587902.464	
2,N/A,EVENT_RECORD,28,541,0.020,1791521596587962.984	,1791521596587963.004	
2,_Z24add_rms_norm_bias_customIfEvPhS0_S0_S0_S0_mmjff,AI_VECTOR_CORE,28,542,5.140,1791521596587972.484	,1791521596587977.624	
2,N/A,EVENT_RECORD,28,543,0.020,1791521596587988.364	,1791521596587988.384	
2,N/A,EVENT_RECORD,28,544,0.020,1791521596588050.524	,1791521596588050.544	
2,_Z24add_rms_norm_bias_customIfEvPhS0_S0_S0_S0_mmjff,AI_VECTOR_CORE,28,545,3.500,1791521596588063.184	,1791521596588066.684	
2,N/A,EVENT_RECORD,28,546,0.020,1791521596588078.344	,1791521596588078.364	
2,N/A,EVENT_RECORD,28,547,0.000,1791521596588131.868	,1791521596588131.868	
2,_Z24add_rms_norm_bias_customIfEvPhS0_S0_S0_S0_mmjff,AI_VECTOR_CORE,28,548,4.840,1791521596588145.768	,1791521596588150.608	
2,N/A,EVENT_RECORD,28,549,0.020,1791521596588161.428	,1791521596588161.448	
2,N/A,EVENT_RECORD,28,550,0.020,1791521596588227.128	,1791521596588227.148	
2,_Z24add_rms_norm_bias_customIfEvPhS0_S0_S0_S0_mmjff,AI_VECTOR_CORE,28,551,3.640,1791521596588230.328	,1791521596588233.968	
2,N/A,EVENT_RECORD,28,552,0.020,1791521596588249.948	,1791521596588249.968	
2,N/A,EVENT_RECORD,28,553,0.020,1791521596588312.692	,1791521596588312.712	
2,_Z24add_rms_norm_bias_customIfEvPhS0_S0_S0_S0_mmjff,AI_VECTOR_CORE,28,554,5.020,1791521596588315.752	,1791521596588320.772	
2,N/A,EVENT_RECORD,28,555,0.020,1791521596588337.692	,1791521596588337.712	
2,N/A,EVENT_RECORD,28,556,0.020,1791521596588395.952	,1791521596588395.972	
2,_Z24add_rms_norm_bias_customIfEvPhS0_S0_S0_S0_mmjff,AI_VECTOR_CORE,28,557,3.380,1791521596588403.512	,1791521596588406.892	
2,N/A,EVENT_RECORD,28,558,0.020,1791521596588419.712	,1791521596588419.732	
2,N/A,EVENT_RECORD,28,559,0.020,1791521596588486.252	,1791521596588486.272	
2,_Z24add_rms_norm_bias_customIfEvPhS0_S0_S0_S0_mmjff,AI_VECTOR_CORE,28,560,4.740,1791521596588490.912	,1791521596588495.652	
2,N/A,EVENT_RECORD,28,561,0.020,1791521596588511.656	,1791521596588511.676	
2,N/A,EVENT_RECORD,28,562,0.020,1791521596588568.916	,1791521596588568.936	
2,_Z24add_rms_norm_bias_customIfEvPhS0_S0_S0_S0_mmjff,AI_VECTOR_CORE,28,563,3.320,1791521596588571.996	,1791521596588575.316	
2,N/A,EVENT_RECORD,28,564,0.020,1791521596588608.216	,1791521596588608.236	
2,N/A,EVENT_RECORD,28,565,0.000,1791521596588664.576	,1791521596588664.576	
2,_Z24add_rms_norm_bias_customIfEvPhS0_S0_S0_S0_mmjff,AI_VECTOR_CORE,28,566,5.060,1791521596588669.436	,1791521596588674.496	
2,N/A,EVENT_RECORD,28,567,0.000,1791521596588694.860	,1791521596588694.860	
2,N/A,EVENT_RECORD,28,568,0.020,1791521596588758.620	,1791521596588758.640	
2,_Z24add_rms_norm_bias_customIfEvPhS0_S0_S0_S0_mmjff,AI_VECTOR_CORE,28,569,3.340,1791521596588763.460	,1791521596588766.800	
2,N/A,EVENT_RECORD,28,570,0.020,1791521596588790.840	,1791521596588790.860	
2,N/A,EVENT_RECORD,28,571,0.020,1791521596588849.720	,1791521596588849.740	
2,_Z24add_rms_norm_bias_customIfEvPhS0_S0_S0_S0_mmjff,AI_VECTOR_CORE,28,572,4.760,1791521596588859.820	,1791521596588864.580	
2,N/A,EVENT_RECORD,28,573,0.020,1791521596588877.820	,1791521596588877.840	
2,N/A,EVENT_RECORD,28,574,0.020,1791521596588937.864	,1791521596588937.884	
2,_Z24add_rms_norm_bias_customIfEvPhS0_S0_S0_S0_mmjff,AI_VECTOR_CORE,28,575,3.500,1791521596588943.544	,1791521596588947.044	
2,N/A,EVENT_RECORD,28,576,0.020,1791521596588963.264	,1791521596588963.284	
2,N/A,EVENT_RECORD,28,577,0.020,1791521596589026.604	,1791521596589026.624	
2,_Z24add_rms_norm_bias_customIfEvPhS0_S0_S0_S0_mmjff,AI_VECTOR_CORE,28,578,5.100,1791521596589031.564	,1791521596589036.664	
2,N/A,EVENT_RECORD,28,579,0.020,1791521596589060.384	,1791521596589060.404	
2,N/A,EVENT_RECORD,28,580,0.020,1791521596589124.588	,1791521596589124.608	
2,_Z24add_rms_norm_bias_customIfEvPhS0_S0_S0_S0_mmjff,AI_VECTOR_CORE,28,581,3.700,1791521596589128.708	,1791521596589132.408	
2,N/A,EVENT_RECORD,28,582,0.020,1791521596589155.348	,1791521596589155.368	
2,N/A,EVENT_RECORD,28,583,0.020,1791521596589218.488	,1791521596589218.508	
2,_Z24add_rms_norm_bias_customIfEvPhS0_S0_S0_S0_mmjff,AI_VECTOR_CORE,28,584,4.920,1791521596589223.528	,1791521596589228.448	
2,N/A,EVENT_RECORD,28,585,0.020,1791521596589249.828	,1791521596589249.848	
2,N/A,EVENT_RECORD,28,586,0.020,1791521596589310.192	,1791521596589310.212	
2,_Z24add_rms_norm_bias_customIfEvPhS0_S0_S0_S0_mmjff,AI_VECTOR_CORE,28,587,3.600,1791521596589316.072	,1791521596589319.672	
2,N/A,EVENT_RECORD,28,588,0.020,1791521596589333.332	,1791521596589333.352	
2,N/A,EVENT_RECORD,28,589,0.020,1791521596589397.692	,1791521596589397.712	
2,_Z24add_rms_norm_bias_customIfEvPhS0_S0_S0_S0_mmjff,AI_VECTOR_CORE,28,590,5.140,1791521596589410.792	,1791521596589415.932	
2,N/A,EVENT_RECORD,28,591,0.020,1791521596589424.792	,1791521596589424.812	
2,N/A,EVENT_RECORD,28,592,0.020,1791521596589488.292	,1791521596589488.312	
2,_Z24add_rms_norm_bias_customIfEvPhS0_S0_S0_S0_mmjff,AI_VECTOR_CORE,28,593,3.184,1791521596589499.572	,1791521596589502.756	
2,N/A,EVENT_RECORD,28,594,0.020,1791521596589514.856	,1791521596589514.876	
2,N/A,EVENT_RECORD,28,595,0.020,1791521596589571.476	,1791521596589571.496	
2,_Z24add_rms_norm_bias_customIfEvPhS0_S0_S0_S0_mmjff,AI_VECTOR_CORE,28,596,4.700,1791521596589589.836	,1791521596589594.536	
2,N/A,EVENT_RECORD,28,597,0.020,1791521596589598.976	,1791521596589598.996	
2,N/A,EVENT_RECORD,28,598,0.020,1791521596589662.076	,1791521596589662.096	
2,_Z24add_rms_norm_bias_customIfEvPhS0_S0_S0_S0_mmjff,AI_VECTOR_CORE,28,599,3.440,1791521596589665.716	,1791521596589669.156	
2,N/A,EVENT_RECORD,28,600,0.020,1791521596589687.636	,1791521596589687.656	
2,N/A,EVENT_RECORD,28,601,0.020,1791521596589739.340	,1791521596589739.360	
2,_Z24add_rms_norm_bias_customIfEvPhS0_S0_S0_S0_mmjff,AI_VECTOR_CORE,28,602,5.100,1791521596589754.700	,1791521596589759.800	
2,N/A,EVENT_RECORD,28,603,0.020,1791521596589770.880	,1791521596589770.900	
2,N/A,EVENT_RECORD,28,604,0.020,1791521596589838.100	,1791521596589838.120	
2,_Z24add_rms_norm_bias_customIfEvPhS0_S0_S0_S0_mmjff,AI_VECTOR_CORE,28,605,3.460,1791521596589843.300	,1791521596589846.760	
2,N/A,EVENT_RECORD,28,606,0.020,1791521596589868.540	,1791521596589868.560	
2,N/A,EVENT_RECORD,28,607,0.020,1791521596589919.344	,1791521596589919.364	
2,_Z24add_rms_norm_bias_customIfEvPhS0_S0_S0_S0_mmjff,AI_VECTOR_CORE,28,608,4.940,1791521596589942.864	,1791521596589947.804	
2,N/A,EVENT_RECORD,28,609,0.020,1791521596589948.524	,1791521596589948.544	
2,N/A,EVENT_RECORD,28,610,0.020,1791521596590009.584	,1791521596590009.604	
2,_Z24add_rms_norm_bias_customIfEvPhS0_S0_S0_S0_mmjff,AI_VECTOR_CORE,28,611,3.680,1791521596590013.584	,1791521596590017.264	
2,N/A,EVENT_RECORD,28,612,0.020,1791521596590042.144	,1791521596590042.164	
2,N/A,EVENT_RECORD,28,613,0.020,1791521596590091.424	,1791521596590091.444	
2,_Z24add_rms_norm_bias_customIfEvPhS0_S0_S0_S0_mmjff,AI_VECTOR_CORE,28,614,5.040,1791521596590105.868	,1791521596590110.908	
2,N/A,EVENT_RECORD,28,615,0.020,1791521596590121.728	,1791521596590121.748	
2,N/A,EVENT_RECORD,28,616,0.020,1791521596590182.288	,1791521596590182.308	
2,_Z24add_rms_norm_bias_customIfEvPhS0_S0_S0_S0_mmjff,AI_VECTOR_CORE,28,617,3.360,1791521596590185.628	,1791521596590188.988	
2,N/A,EVENT_RECORD,28,618,0.000,1791521596590203.048	,1791521596590203.048	
2,N/A,EVENT_RECORD,28,619,0.000,1791521596590274.348	,1791521596590274.348	
2,_Z24add_rms_norm_bias_customIfEvPhS0_S0_S0_S0_mmjff,AI_VECTOR_CORE,28,620,4.720,1791521596590279.148	,1791521596590283.868	
2,N/A,EVENT_RECORD,28,621,0.020,1791521596590290.548	,1791521596590290.568	
2,N/A,EVENT_RECORD,28,622,0.020,1791521596590356.652	,1791521596590356.672	
2,_Z24add_rms_norm_bias_customIfEvPhS0_S0_S0_S0_mmjff,AI_VECTOR_CORE,28,623,3.340,1791521596590361.352	,1791521596590364.692	
2,N/A,EVENT_RECORD,28,624,0.020,1791521596590389.392	,1791521596590389.412	
2,N/A,EVENT_RECORD,28,625,0.020,1791521596590445.392	,1791521596590445.412	
2,_Z24add_rms_norm_bias_customIfEvPhS0_S0_S0_S0_mmjff,AI_VECTOR_CORE,28,626,5.160,1791521596590458.212	,1791521596590463.372	
2,N/A,EVENT_RECORD,28,627,0.020,1791521596590474.752	,1791521596590474.772	
2,N/A,EVENT_RECORD,28,628,0.020,1791521596590537.196	,1791521596590537.216	
2,_Z24add_rms_norm_bias_customIfEvPhS0_S0_S0_S0_mmjff,AI_VECTOR_CORE,28,629,3.380,1791521596590554.316	,1791521596590557.696	
2,N/A,EVENT_RECORD,28,630,0.020,1791521596590560.456	,1791521596590560.476	
2,N/A,EVENT_RECORD,28,631,0.020,1791521596590624.416	,1791521596590624.436	
2,_Z24add_rms_norm_bias_customIfEvPhS0_S0_S0_S0_mmjff,AI_VECTOR_CORE,28,632,5.000,1791521596590629.516	,1791521596590634.516	
2,N/A,EVENT_RECORD,28,633,0.020,1791521596590645.656	,1791521596590645.676	
2,N/A,EVENT_RECORD,28,634,0.020,1791521596590710.200	,1791521596590710.220	
2,_Z24add_rms_norm_bias_customIfEvPhS0_S0_S0_S0_mmjff,AI_VECTOR_CORE,28,635,3.380,1791521596590716.020	,1791521596590719.400	
2,N/A,EVENT_RECORD,28,636,0.000,1791521596590749.080	,1791521596590749.080	
2,N/A,EVENT_RECORD,28,637,0.020,1791521596590815.940	,1791521596590815.960	
2,_Z24add_rms_norm_bias_customIfEvPhS0_S0_S0_S0_mmjff,AI_VECTOR_CORE,28,638,5.020,1791521596590819.100	,1791521596590824.120	
2,N/A,EVENT_RECORD,28,639,0.020,1791521596590841.460	,1791521596590841.480	
2,N/A,EVENT_RECORD,28,640,0.000,1791521596590896.500	,1791521596590896.500	
2,_Z24add_rms_norm_bias_customIfEvPhS0_S0_S0_S0_mmjff,AI_VECTOR_CORE,28,641,3.480,1791521596590904.144	,1791521596590907.624	
2,N/A,EVENT_RECORD,28,642,0.020,1791521596590926.704	,1791521596590926.724	
2,N/A,EVENT_RECORD,28,643,0.020,1791521596590985.244	,1791521596590985.264	
2,_Z24add_rms_norm_bias_customIfEvPhS0_S0_S0_S0_mmjff,AI_VECTOR_CORE,28,644,4.840,1791521596590988.344	,1791521596590993.184	
2,N/A,EVENT_RECORD,28,645,0.020,1791521596591014.524	,1791521596591014.544	
2,N/A,EVENT_RECORD,28,646,0.020,1791521596591058.364	,1791521596591058.384	
2,_Z24add_rms_norm_bias_customIfEvPhS0_S0_S0_S0_mmjff,AI_VECTOR_CORE,28,647,3.420,1791521596591070.884	,1791521596591074.304	
2,N/A,EVENT_RECORD,28,648,0.000,1791521596591086.564	,1791521596591086.564	
2,N/A,EVENT_RECORD,28,649,0.020,1791521596591150.428	,1791521596591150.448	
2,_Z24add_rms_norm_bias_customIfEvPhS0_S0_S0_S0_mmjff,AI_VECTOR_CORE,28,650,5.000,1791521596591153.488	,1791521596591158.488	
2,N/A,EVENT_RECORD,28,651,0.020,1791521596591173.728	,1791521596591173.748	
2,N/A,EVENT_RECORD,28,652,0.000,1791521596591235.708	,1791521596591235.708	
2,_Z24add_rms_norm_bias_customIfEvPhS0_S0_S0_S0_mmjff,AI_VECTOR_CORE,28,653,3.200,1791521596591249.728	,1791521596591252.928	
2,N/A,EVENT_RECORD,28,654,0.020,1791521596591263.868	,1791521596591263.888	
2,N/A,EVENT_RECORD,28,655,0.000,1791521596591330.172	,1791521596591330.172	
2,_Z24add_rms_norm_bias_customIfEvPhS0_S0_S0_S0_mmjff,AI_VECTOR_CORE,28,656,4.800,1791521596591331.872	,1791521596591336.672	
2,N/A,EVENT_RECORD,28,657,0.020,1791521596591360.972	,1791521596591360.992	
2,N/A,EVENT_RECORD,28,658,0.020,1791521596591408.732	,1791521596591408.752	
2,_Z24add_rms_norm_bias_customIfEvPhS0_S0_S0_S0_mmjff,AI_VECTOR_CORE,28,659,3.280,1791521596591423.212	,1791521596591426.492	
2,N/A,EVENT_RECORD,28,660,0.020,1791521596591442.052	,1791521596591442.072	
2,N/A,EVENT_RECORD,28,661,0.000,1791521596591491.492	,1791521596591491.492	
2,_Z24add_rms_norm_bias_customIfEvPhS0_S0_S0_S0_mmjff,AI_VECTOR_CORE,28,662,5.180,1791521596591507.236	,1791521596591512.416	
2,N/A,EVENT_RECORD,28,663,0.020,1791521596591523.276	,1791521596591523.296	
2,N/A,EVENT_RECORD,28,664,0.020,1791521596591581.656	,1791521596591581.676	
2,_Z24add_rms_norm_bias_customIfEvPhS0_S0_S0_S0_mmjff,AI_VECTOR_CORE,28,665,3.500,1791521596591591.496	,1791521596591594.996	
2,N/A,EVENT_RECORD,28,666,0.020,1791521596591608.836	,1791521596591608.856	
2,N/A,EVENT_RECORD,28,667,0.020,1791521596591672.916	,1791521596591672.936	
2,_Z24add_rms_norm_bias_customIfEvPhS0_S0_S0_S0_mmjff,AI_VECTOR_CORE,28,668,4.840,1791521596591674.816	,1791521596591679.656	
2,N/A,EVENT_RECORD,28,669,0.020,1791521596591689.596	,1791521596591689.616	
2,N/A,EVENT_RECORD,28,670,0.020,1791521596591777.460	,1791521596591777.480	
2,_Z24add_rms_norm_bias_customIfEvPhS0_S0_S0_S0_mmjff,AI_VECTOR_CORE,28,671,3.660,1791521596591790.400	,1791521596591794.060	
2,N/A,EVENT_RECORD,28,672,0.020,1791521596591813.180	,1791521596591813.200	
2,N/A,EVENT_RECORD,28,673,0.000,1791521596591865.020	,1791521596591865.020	
2,_Z24add_rms_norm_bias_customIfEvPhS0_S0_S0_S0_mmjff,AI_VECTOR_CORE,28,674,5.140,1791521596591870.780	,1791521596591875.920	
2,N/A,EVENT_RECORD,28,675,0.020,1791521596591888.500	,1791521596591888.520	
2,N/A,EVENT_RECORD,28,676,0.020,1791521596591957.024	,1791521596591957.044	
2,_Z24add_rms_norm_bias_customIfEvPhS0_S0_S0_S0_mmjff,AI_VECTOR_CORE,28,677,3.340,1791521596591960.644	,1791521596591963.984	
2,N/A,EVENT_RECORD,28,678,0.020,1791521596591981.964	,1791521596591981.984	
2,N/A,EVENT_RECORD,28,679,0.000,1791521596592037.264	,1791521596592037.264	
2,_Z24add_rms_norm_bias_customIfEvPhS0_S0_S0_S0_mmjff,AI_VECTOR_CORE,28,680,4.900,1791521596592043.184	,1791521596592048.084	
2,N/A,EVENT_RECORD,28,681,0.020,1791521596592064.004	,1791521596592064.024	
2,N/A,EVENT_RECORD,28,682,0.020,1791521596592124.168	,1791521596592124.188	
2,_Z24add_rms_norm_bias_customIfEvPhS0_S0_S0_S0_mmjff,AI_VECTOR_CORE,28,683,3.980,1791521596592127.668	,1791521596592131.648	
2,N/A,EVENT_RECORD,28,684,0.020,1791521596592154.328	,1791521596592154.348	
2,N/A,EVENT_RECORD,28,685,0.020,1791521596592209.468	,1791521596592209.488	
2,_Z24add_rms_norm_bias_customIfEvPhS0_S0_S0_S0_mmjff,AI_VECTOR_CORE,28,686,5.080,1791521596592212.568	,1791521596592217.648	
2,N/A,EVENT_RECORD,28,687,0.020,1791521596592242.768	,1791521596592242.788	
2,N/A,EVENT_RECORD,28,688,0.020,1791521596592305.192	,1791521596592305.212	
2,_Z24add_rms_norm_bias_customIfEvPhS0_S0_S0_S0_mmjff,AI_VECTOR_CORE,28,689,3.380,1791521596592308.412	,1791521596592311.792	
2,N/A,EVENT_RECORD,28,690,0.000,1791521596592330.332	,1791521596592330.332	
2,N/A,EVENT_RECORD,28,691,0.020,1791521596592380.572	,1791521596592380.592	
2,_Z24add_rms_norm_bias_customIfEvPhS0_S0_S0_S0_mmjff,AI_VECTOR_CORE,28,692,4.700,1791521596592396.672	,1791521596592401.372	
2,N/A,EVENT_RECORD,28,693,0.020,1791521596592417.832	,1791521596592417.852	
2,N/A,EVENT_RECORD,28,694,0.020,1791521596592474.572	,1791521596592474.592	
2,_Z24add_rms_norm_bias_customIfEvPhS0_S0_S0_S0_mmjff,AI_VECTOR_CORE,28,695,3.400,1791521596592477.532	,1791521596592480.932	
2,N/A,EVENT_RECORD,28,696,0.000,1791521596592497.716	,1791521596592497.716	
2,N/A,EVENT_RECORD,28,697,0.020,1791521596592555.476	,1791521596592555.496	
2,_Z24add_rms_norm_bias_customIfEvPhS0_S0_S0_S0_mmjff,AI_VECTOR_CORE,28,698,5.040,1791521596592568.656	,1791521596592573.696	
2,N/A,EVENT_RECORD,28,699,0.020,1791521596592592.836	,1791521596592592.856	
2,N/A,EVENT_RECORD,28,700,0.000,1791521596592660.456	,1791521596592660.456	
2,_Z24add_rms_norm_bias_customIfEvPhS0_S0_S0_S0_mmjff,AI_VECTOR_CORE,28,701,3.560,1791521596592665.176	,1791521596592668.736	
2,N/A,EVENT_RECORD,28,702,0.000,1791521596592672.216	,1791521596592672.216	
2,N/A,EVENT_RECORD,28,703,0.020,1791521596592741.340	,1791521596592741.360	
2,_Z24add_rms_norm_bias_customIfEvPhS0_S0_S0_S0_mmjff,AI_VECTOR_CORE,28,704,5.000,1791521596592745.260	,1791521596592750.260	
2,N/A,EVENT_RECORD,28,705,0.020,1791521596592763.760	,1791521596592763.780	
2,N/A,EVENT_RECORD,28,706,0.020,1791521596592826.940	,1791521596592826.960	
2,_Z24add_rms_norm_bias_customIfEvPhS0_S0_S0_S0_mmjff,AI_VECTOR_CORE,28,707,3.440,1791521596592831.860	,1791521596592835.300	
2,N/A,EVENT_RECORD,28,708,0.020,1791521596592860.180	,1791521596592860.200	
2,N/A,EVENT_RECORD,28,709,0.020,1791521596592914.664	,1791521596592914.684	
2,_Z24add_rms_norm_bias_customIfEvPhS0_S0_S0_S0_mmjff,AI_VECTOR_CORE,28,710,5.240,1791521596592923.084	,1791521596592928.324	
2,N/A,EVENT_RECORD,28,711,0.020,1791521596592942.344	,1791521596592942.364	
2,N/A,EVENT_RECORD,28,712,0.000,1791521596593015.644	,1791521596593015.644	
2,_Z24add_rms_norm_bias_customIfEvPhS0_S0_S0_S0_mmjff,AI_VECTOR_CORE,28,713,3.260,1791521596593020.444	,1791521596593023.704	
2,N/A,EVENT_RECORD,28,714,0.020,1791521596593032.004	,1791521596593032.024	
2,N/A,EVENT_RECORD,28,715,0.024,1791521596593100.964	,1791521596593100.988	
2,_Z24add_rms_norm_bias_customIfEvPhS0_S0_S0_S0_mmjff,AI_VECTOR_CORE,28,716,4.720,1791521596593105.768	,1791521596593110.488	
2,N/A,EVENT_RECORD,28,717,0.020,1791521596593132.988	,1791521596593133.008	
2,N/A,EVENT_RECORD,28,718,0.020,1791521596593192.808	,1791521596593192.828	
2,_Z24add_rms_norm_bias_customIfEvPhS0_S0_S0_S0_mmjff,AI_VECTOR_CORE,28,719,3.260,1791521596593197.668	,1791521596593200.928	
2,N/A,EVENT_RECORD,28,720,0.020,1791521596593225.668	,1791521596593225.688	
2,N/A,EVENT_RECORD,28,721,0.020,1791521596593273.568	,1791521596593273.588	
2,_Z24add_rms_norm_bias_customIfEvPhS0_S0_S0_S0_mmjff,AI_VECTOR_CORE,28,722,5.280,1791521596593283.128	,1791521596593288.408	
2,N/A,EVENT_RECORD,28,723,0.016,1791521596593302.812	,1791521596593302.828	
2,N/A,EVENT_RECORD,28,724,0.020,1791521596593356.192	,1791521596593356.212	
2,_Z24add_rms_norm_bias_customIfEvPhS0_S0_S0_S0_mmjff,AI_VECTOR_CORE,28,725,3.520,1791521596593369.532	,1791521596593373.052	
2,N/A,EVENT_RECORD,28,726,0.020,1791521596593391.452	,1791521596593391.472	
2,N/A,EVENT_RECORD,28,727,0.020,1791521596593455.072	,1791521596593455.092	
2,_Z24add_rms_norm_bias_customIfEvPhS0_S0_S0_S0_mmjff,AI_VECTOR_CORE,28,728,4.840,1791521596593457.852	,1791521596593462.692	
2,N/A,EVENT_RECORD,28,729,0.020,1791521596593477.852	,1791521596593477.872	
2,N/A,EVENT_RECORD,28,730,0.020,1791521596593544.016	,1791521596593544.036	
2,_Z24add_rms_norm_bias_customIfEvPhS0_S0_S0_S0_mmjff,AI_VECTOR_CORE,28,731,3.600,1791521596593548.876	,1791521596593552.476	
2,N/A,EVENT_RECORD,28,732,0.020,1791521596593560.036	,1791521596593560.056	
2,N/A,EVENT_RECORD,28,733,0.020,1791521596593623.756	,1791521596593623.776	
2,_Z24add_rms_norm_bias_customIfEvPhS0_S0_S0_S0_mmjff,AI_VECTOR_CORE,28,734,4.980,1791521596593627.336	,1791521596593632.316	
2,N/A,EVENT_RECORD,28,735,0.020,1791521596593647.316	,1791521596593647.336	
2,N/A,EVENT_RECORD,28,736,0.020,1791521596593705.580	,1791521596593705.600	
2,_Z24add_rms_norm_bias_customIfEvPhS0_S0_S0_S0_mmjff,AI_VECTOR_CORE,28,737,4.220,1791521596593711.060	,1791521596593715.280	
2,N/A,EVENT_RECORD,28,738,0.020,1791521596593729.000	,1791521596593729.020	
2,N/A,EVENT_RECORD,28,739,0.020,1791521596593798.660	,1791521596593798.680	
2,_Z24add_rms_norm_bias_customIfEvPhS0_S0_S0_S0_mmjff,AI_VECTOR_CORE,28,740,4.920,1791521596593801.920	,1791521596593806.840	
2,N/A,EVENT_RECORD,28,741,0.020,1791521596593809.160	,1791521596593809.180	
2,N/A,EVENT_RECORD,28,742,0.020,1791521596593875.420	,1791521596593875.440	
2,_Z24add_rms_norm_bias_customIfEvPhS0_S0_S0_S0_mmjff,AI_VECTOR_CORE,28,743,3.280,1791521596593877.500	,1791521596593880.780	
2,N/A,EVENT_RECORD,28,744,0.016,1791521596593899.564	,1791521596593899.580	
2,N/A,EVENT_RECORD,28,745,0.020,1791521596593956.344	,1791521596593956.364	
2,_Z24add_rms_norm_bias_customIfEvPhS0_S0_S0_S0_mmjff,AI_VECTOR_CORE,28,746,5.180,1791521596593968.344	,1791521596593973.524	
2,N/A,EVENT_RECORD,28,747,0.020,1791521596593985.744	,1791521596593985.764	
2,N/A,EVENT_RECORD,28,748,0.020,1791521596594036.804	,1791521596594036.824	
2,_Z24add_rms_norm_bias_customIfEvPhS0_S0_S0_S0_mmjff,AI_VECTOR_CORE,28,749,3.840,1791521596594046.484	,1791521596594050.324	
2,N/A,EVENT_RECORD,28,750,0.020,1791521596594068.724	,1791521596594068.744	
2,N/A,EVENT_RECORD,28,751,0.000,1791521596594126.768	,1791521596594126.768	
2,_Z24add_rms_norm_bias_customIfEvPhS0_S0_S0_S0_mmjff,AI_VECTOR_CORE,28,752,4.860,1791521596594130.428	,1791521596594135.288	
2,N/A,EVENT_RECORD,28,753,0.000,1791521596594150.888	,1791521596594150.888	
2,N/A,EVENT_RECORD,28,754,0.020,1791521596594208.528	,1791521596594208.548	
2,_Z24add_rms_norm_bias_customIfEvPhS0_S0_S0_S0_mmjff,AI_VECTOR_CORE,28,755,3.380,1791521596594216.468	,1791521596594219.848	
2,N/A,EVENT_RECORD,28,756,0.020,1791521596594231.888	,1791521596594231.908	
2,N/A,EVENT_RECORD,28,757,0.016,1791521596594299.412	,1791521596594299.428	
2,_Z24add_rms_norm_bias_customIfEvPhS0_S0_S0_S0_mmjff,AI_VECTOR_CORE,28,758,5.120,1791521596594304.252	,1791521596594309.372	
2,N/A,EVENT_RECORD,28,759,0.020,1791521596594328.252	,1791521596594328.272	
2,N/A,EVENT_RECORD,28,760,0.020,1791521596594386.832	,1791521596594386.852	
2,_Z24add_rms_norm_bias_customIfEvPhS0_S0_S0_S0_mmjff,AI_VECTOR_CORE,28,761,3.400,1791521596594392.152	,1791521596594395.552	
2,N/A,EVENT_RECORD,28,762,0.020,1791521596594412.472	,1791521596594412.492	
2,N/A,EVENT_RECORD,28,763,0.020,1791521596594469.892	,1791521596594469.912	
2,_Z24add_rms_norm_bias_customIfEvPhS0_S0_S0_S0_mmjff,AI_VECTOR_CORE,28,764,5.040,1791521596594478.712	,1791521596594483.752	
2,N/A,EVENT_RECORD,28,765,0.016,1791521596594498.796	,1791521596594498.812	
2,N/A,EVENT_RECORD,28,766,0.000,1791521596594559.056	,1791521596594559.056	
2,_Z24add_rms_norm_bias_customIfEvPhS0_S0_S0_S0_mmjff,AI_VECTOR_CORE,28,767,3.540,1791521596594563.996	,1791521596594567.536	
2,N/A,EVENT_RECORD,28,768,0.020,1791521596594591.476	,1791521596594591.496	
2,N/A,EVENT_RECORD,28,769,0.020,1791521596594648.056	,1791521596594648.076	
2,_Z24add_rms_norm_bias_customIfEvPhS0_S0_S0_S0_mmjff,AI_VECTOR_CORE,28,770,5.040,1791521596594657.756	,1791521596594662.796	
2,N/A,EVENT_RECORD,28,771,0.020,1791521596594677.656	,1791521596594677.676	
2,N/A,EVENT_RECORD,28,772,0.020,1791521596594727.500	,1791521596594727.520	
2,_Z24add_rms_norm_bias_customIfEvPhS0_S0_S0_S0_mmjff,AI_VECTOR_CORE,28,773,3.200,1791521596594742.440	,1791521596594745.640	
2,N/A,EVENT_RECORD,28,774,0.020,1791521596594759.380	,1791521596594759.400	
2,N/A,EVENT_RECORD,28,775,0.020,1791521596594820.760	,1791521596594820.780	
2,_Z24add_rms_norm_bias_customIfEvPhS0_S0_S0_S0_mmjff,AI_VECTOR_CORE,28,776,4.820,1791521596594824.320	,1791521596594829.140	
2,N/A,EVENT_RECORD,28,777,0.020,1791521596594842.180	,1791521596594842.200	
2,N/A,EVENT_RECORD,28,778,0.020,1791521596594898.180	,1791521596594898.200	
2,_Z24add_rms_norm_bias_customIfEvPhS0_S0_S0_S0_mmjff,AI_VECTOR_CORE,28,779,3.600,1791521596594910.584	,1791521596594914.184	
2,N/A,EVENT_RECORD,28,780,0.020,1791521596594928.524	,1791521596594928.544	
2,N/A,EVENT_RECORD,28,781,0.000,1791521596594990.104	,1791521596594990.104	
2,_Z24add_rms_norm_bias_customIfEvPhS0_S0_S0_S0_mmjff,AI_VECTOR_CORE,28,782,5.260,1791521596594993.704	,1791521596594998.964	
2,N/A,EVENT_RECORD,28,783,0.020,1791521596595021.244	,1791521596595021.264	
2,N/A,EVENT_RECORD,28,784,0.020,1791521596595070.524	,1791521596595070.544	
2,_Z24add_rms_norm_bias_customIfEvPhS0_S0_S0_S0_mmjff,AI_VECTOR_CORE,28,785,3.460,1791521596595081.564	,1791521596595085.024	
2,N/A,EVENT_RECORD,28,786,0.020,1791521596595113.248	,1791521596595113.268	
2,N/A,EVENT_RECORD,28,787,0.020,1791521596595179.308	,1791521596595179.328	
2,_Z24add_rms_norm_bias_customIfEvPhS0_S0_S0_S0_mmjff,AI_VECTOR_CORE,28,788,4.880,1791521596595182.428	,1791521596595187.308	
2,N/A,EVENT_RECORD,28,789,0.020,1791521596595203.948	,1791521596595203.968	
2,N/A,EVENT_RECORD,28,790,0.020,1791521596595260.128	,1791521596595260.148	
2,_Z24add_rms_norm_bias_customIfEvPhS0_S0_S0_S0_mmjff,AI_VECTOR_CORE,28,791,3.560,1791521596595266.948	,1791521596595270.508	
2,N/A,EVENT_RECORD,28,792,0.020,1791521596595283.668	,1791521596595283.688	
2,N/A,EVENT_RECORD,28,793,0.020,1791521596595347.412	,1791521596595347.432	
2,_Z24add_rms_norm_bias_customIfEvPhS0_S0_S0_S0_mmjff,AI_VECTOR_CORE,28,794,5.040,1791521596595350.292	,1791521596595355.332	
2,N/A,EVENT_RECORD,28,795,0.020,1791521596595370.192	,1791521596595370.212	
2,N/A,EVENT_RECORD,28,796,0.020,1791521596595433.232	,1791521596595433.252	
2,_Z24add_rms_norm_bias_customIfEvPhS0_S0_S0_S0_mmjff,AI_VECTOR_CORE,28,797,3.320,1791521596595436.312	,1791521596595439.632	
2,N/A,EVENT_RECORD,28,798,0.020,1791521596595464.992	,1791521596595465.012	
2,N/A,EVENT_RECORD,28,799,0.020,1791521596595522.556	,1791521596595522.576	
2,_Z24add_rms_norm_bias_customIfEvPhS0_S0_S0_S0_mmjff,AI_VECTOR_CORE,28,800,4.700,1791521596595525.616	,1791521596595530.316	
2,N/A,EVENT_RECORD,28,801,0.020,1791521596595550.056	,1791521596595550.076	
2,N/A,EVENT_RECORD,28,802,0.020,1791521596595599.496	,1791521596595599.516	
2,_Z24add_rms_norm_bias_customIfEvPhS0_S0_S0_S0_mmjff,AI_VECTOR_CORE,28,803,3.340,1791521596595614.916	,1791521596595618.256	
2,N/A,EVENT_RECORD,28,804,0.020,1791521596595644.096	,1791521596595644.116	
2,N/A,EVENT_RECORD,28,805,0.020,1791521596595717.460	,1791521596595717.480	
2,_Z24add_rms_norm_bias_customIfEvPhS0_S0_S0_S0_mmjff,AI_VECTOR_CORE,28,806,5.000,1791521596595722.640	,1791521596595727.640	
2,N/A,EVENT_RECORD,28,807,0.020,1791521596595749.360	,1791521596595749.380	
2,N/A,EVENT_RECORD,28,808,0.020,1791521596595810.640	,1791521596595810.660	
2,_Z24add_rms_norm_bias_customIfEvPhS0_S0_S0_S0_mmjff,AI_VECTOR_CORE,28,809,3.280,1791521596595815.960	,1791521596595819.240	
2,N/A,EVENT_RECORD,28,810,0.020,1791521596595833.140	,1791521596595833.160	
2,N/A,EVENT_RECORD,28,811,0.020,1791521596595894.840	,1791521596595894.860	
2,_Z24add_rms_norm_bias_customIfEvPhS0_S0_S0_S0_mmjff,AI_VECTOR_CORE,28,812,4.804,1791521596595898.400	,1791521596595903.204	
2,N/A,EVENT_RECORD,28,813,0.000,1791521596595916.684	,1791521596595916.684	
2,N/A,EVENT_RECORD,28,814,0.020,1791521596595971.804	,1791521596595971.824	
2,_Z24add_rms_norm_bias_customIfEvPhS0_S0_S0_S0_mmjff,AI_VECTOR_CORE,28,815,3.420,1791521596595986.564	,1791521596595989.984	
2,N/A,EVENT_RECORD,28,816,0.020,1791521596596005.424	,1791521596596005.444	
2,N/A,EVENT_RECORD,28,817,0.020,1791521596596061.284	,1791521596596061.304	
2,_Z24add_rms_norm_bias_customIfEvPhS0_S0_S0_S0_mmjff,AI_VECTOR_CORE,28,818,5.040,1791521596596068.824	,1791521596596073.864	
2,N/A,EVENT_RECORD,28,819,0.020,1791521596596087.084	,1791521596596087.104	
2,N/A,EVENT_RECORD,28,820,0.020,1791521596596145.848	,1791521596596145.868	
2,_Z24add_rms_norm_bias_customIfEvPhS0_S0_S0_S0_mmjff,AI_VECTOR_CORE,28,821,3.620,1791521596596151.208	,1791521596596154.828	
2,N/A,EVENT_RECORD,28,822,0.000,1791521596596177.448	,1791521596596177.448	
2,N/A,EVENT_RECORD,28,823,0.020,1791521596596240.488	,1791521596596240.508	
2,_Z24add_rms_norm_bias_customIfEvPhS0_S0_S0_S0_mmjff,AI_VECTOR_CORE,28,824,4.880,1791521596596244.008	,1791521596596248.888	
2,N/A,EVENT_RECORD,28,825,0.020,1791521596596262.508	,1791521596596262.528	
2,N/A,EVENT_RECORD,28,826,0.020,1791521596596313.472	,1791521596596313.492	
2,_Z24add_rms_norm_bias_customIfEvPhS0_S0_S0_S0_mmjff,AI_VECTOR_CORE,28,827,3.540,1791521596596318.852	,1791521596596322.392	
2,N/A,EVENT_RECORD,28,828,0.020,1791521596596336.872	,1791521596596336.892	
2,N/A,EVENT_RECORD,28,829,0.020,1791521596596396.572	,1791521596596396.592	
2,_Z24add_rms_norm_bias_customIfEvPhS0_S0_S0_S0_mmjff,AI_VECTOR_CORE,28,830,5.260,1791521596596401.952	,1791521596596407.212	
2,N/A,EVENT_RECORD,28,831,0.020,1791521596596417.972	,1791521596596417.992	
2,N/A,EVENT_RECORD,28,832,0.020,1791521596596480.312	,1791521596596480.332	
2,_Z24add_rms_norm_bias_customIfEvPhS0_S0_S0_S0_mmjff,AI_VECTOR_CORE,28,833,3.200,1791521596596485.212	,1791521596596488.412	
2,N/A,EVENT_RECORD,28,834,0.016,1791521596596505.596	,1791521596596505.612	
2,N/A,EVENT_RECORD,28,835,0.020,1791521596596556.076	,1791521596596556.096	
2,_Z24add_rms_norm_bias_customIfEvPhS0_S0_S0_S0_mmjff,AI_VECTOR_CORE,28,836,4.780,1791521596596569.756	,1791521596596574.536	
2,N/A,EVENT_RECORD,28,837,0.020,1791521596596583.596	,1791521596596583.616	
2,N/A,EVENT_RECORD,28,838,0.000,1791521596596648.016	,1791521596596648.016	
2,_Z24add_rms_norm_bias_customIfEvPhS0_S0_S0_S0_mmjff,AI_VECTOR_CORE,28,839,3.960,1791521596596651.616	,1791521596596655.576	
2,N/A,EVENT_RECORD,28,840,0.020,1791521596596677.976	,1791521596596677.996	
2,N/A,EVENT_RECORD,28,841,0.020,1791521596596725.460	,1791521596596725.480	
2,_Z24add_rms_norm_bias_customIfEvPhS0_S0_S0_S0_mmjff,AI_VECTOR_CORE,28,842,5.200,1791521596596736.460	,1791521596596741.660	
2,N/A,EVENT_RECORD,28,843,0.020,1791521596596751.980	,1791521596596752.000	
2,N/A,EVENT_RECORD,28,844,0.020,1791521596596814.640	,1791521596596814.660	
2,_Z24add_rms_norm_bias_customIfEvPhS0_S0_S0_S0_mmjff,AI_VECTOR_CORE,28,845,3.900,1791521596596819.440	,1791521596596823.340	
2,N/A,EVENT_RECORD,28,846,0.020,1791521596596849.140	,1791521596596849.160	
2,N/A,EVENT_RECORD,28,847,0.020,1791521596596913.064	,1791521596596913.084	
2,_Z24add_rms_norm_bias_customIfEvPhS0_S0_S0_S0_mmjff,AI_VECTOR_CORE,28,848,4.840,1791521596596917.644	,1791521596596922.484	
2,N/A,EVENT_RECORD,28,849,0.000,1791521596596929.604	,1791521596596929.604	
2,N/A,EVENT_RECORD,28,850,0.020,1791521596596990.464	,1791521596596990.484	
2,_Z24add_rms_norm_bias_customIfEvPhS0_S0_S0_S0_mmjff,AI_VECTOR_CORE,28,851,3.760,1791521596596993.104	,1791521596596996.864	
2,N/A,EVENT_RECORD,28,852,0.020,1791521596597012.164	,1791521596597012.184	
2,N/A,EVENT_RECORD,28,853,0.020,1791521596597070.564	,1791521596597070.584	
2,_Z24add_rms_norm_bias_customIfEvPhS0_S0_S0_S0_mmjff,AI_VECTOR_CORE,28,854,4.980,1791521596597073.684	,1791521596597078.664	
2,N/A,EVENT_RECORD,28,855,0.020,1791521596597097.784	,1791521596597097.804	
2,N/A,EVENT_RECORD,28,856,0.020,1791521596597153.268	,1791521596597153.288	
2,_Z24add_rms_norm_bias_customIfEvPhS0_S0_S0_S0_mmjff,AI_VECTOR_CORE,28,857,3.380,1791521596597156.448	,1791521596597159.828	
2,N/A,EVENT_RECORD,28,858,0.000,1791521596597177.968	,1791521596597177.968	
2,N/A,EVENT_RECORD,28,859,0.020,1791521596597232.248	,1791521596597232.268	
2,_Z24add_rms_norm_bias_customIfEvPhS0_S0_S0_S0_mmjff,AI_VECTOR_CORE,28,860,4.860,1791521596597244.588	,1791521596597249.448	
2,N/A,EVENT_RECORD,28,861,0.020,1791521596597266.648	,1791521596597266.668	
2,N/A,EVENT_RECORD,28,862,0.020,1791521596597316.272	,1791521596597316.292	
2,_Z24add_rms_norm_bias_customIfEvPhS0_S0_S0_S0_mmjff,AI_VECTOR_CORE,28,863,3.380,1791521596597333.632	,1791521596597337.012	
2,N/A,EVENT_RECORD,28,864,0.020,1791521596597339.632	,1791521596597339.652	
2,N/A,EVENT_RECORD,28,865,0.020,1791521596597395.592	,1791521596597395.612	
2,_Z24add_rms_norm_bias_customIfEvPhS0_S0_S0_S0_mmjff,AI_VECTOR_CORE,28,866,5.080,1791521596597400.292	,1791521596597405.372	
2,N/A,EVENT_RECORD,28,867,0.020,1791521596597417.712	,1791521596597417.732	
2,N/A,EVENT_RECORD,28,868,0.020,1791521596597483.432	,1791521596597483.452	
2,_Z24add_rms_norm_bias_customIfEvPhS0_S0_S0_S0_mmjff,AI_VECTOR_CORE,28,869,3.320,1791521596597485.672	,1791521596597488.992	
2,N/A,EVENT_RECORD,28,870,0.016,1791521596597507.956	,1791521596597507.972	
2,N/A,EVENT_RECORD,28,871,0.020,1791521596597563.776	,1791521596597563.796	
2,_Z24add_rms_norm_bias_customIfEvPhS0_S0_S0_S0_mmjff,AI_VECTOR_CORE,28,872,4.680,1791521596597567.196	,1791521596597571.876	
2,N/A,EVENT_RECORD,28,873,0.020,1791521596597583.976	,1791521596597583.996	
2,N/A,EVENT_RECORD,28,874,0.020,1791521596597645.196	,1791521596597645.216	
2,_Z24add_rms_norm_bias_customIfEvPhS0_S0_S0_S0_mmjff,AI_VECTOR_CORE,28,875,3.380,1791521596597649.096	,1791521596597652.476	
2,N/A,EVENT_RECORD,28,876,0.020,1791521596597665.236	,1791521596597665.256	
2,_Z24add_rms_norm_bias_customIfEvPhS0_S0_S0_S0_mmjff,AI_VECTOR_CORE,28,877,5.080,1791521596605295.028	,1791521596605300.108	
2,_Z24add_rms_norm_bias_customIfEvPhS0_S0_S0_S0_mmjff,AI_VECTOR_CORE,28,878,5.220,1791521596605388.472	,1791521596605393.692	
2,_Z24add_rms_norm_bias_customIfEvPhS0_S0_S0_S0_mmjff,AI_VECTOR_CORE,28,879,3.480,1791521596605417.272	,1791521596605420.752	
2,_Z24add_rms_norm_bias_customIfEvPhS0_S0_S0_S0_mmjff,AI_VECTOR_CORE,28,880,2.760,1791521596605446.592	,1791521596605449.352	
2,_Z24add_rms_norm_bias_customIfEvPhS0_S0_S0_S0_mmjff,AI_VECTOR_CORE,28,881,2.920,1791521596605475.092	,1791521596605478.012	
2,_Z24add_rms_norm_bias_customIfEvPhS0_S0_S0_S0_mmjff,AI_VECTOR_CORE,28,882,2.840,1791521596605496.152	,1791521596605498.992	
2,_Z24add_rms_norm_bias_customIfEvPhS0_S0_S0_S0_mmjff,AI_VECTOR_CORE,28,883,2.940,1791521596605524.636	,1791521596605527.576	
2,_Z24add_rms_norm_bias_customIfEvPhS0_S0_S0_S0_mmjff,AI_VECTOR_CORE,28,884,2.740,1791521596605544.056	,1791521596605546.796	
2,_Z24add_rms_norm_bias_customIfEvPhS0_S0_S0_S0_mmjff,AI_VECTOR_CORE,28,885,24.420,1791521596605576.896	,1791521596605601.316	
2,N/A,EVENT_RECORD,28,886,0.020,1791521596605601.336	,1791521596605601.356	
2,_Z24add_rms_norm_bias_customIfEvPhS0_S0_S0_S0_mmjff,AI_VECTOR_CORE,28,887,4.880,1791521596605676.756	,1791521596605681.636	
2,_Z24add_rms_norm_bias_customIfEvPhS0_S0_S0_S0_mmjff,AI_VECTOR_CORE,28,888,4.220,1791521596605716.860	,1791521596605721.080	
2,_Z24add_rms_norm_bias_customIfEvPhS0_S0_S0_S0_mmjff,AI_VECTOR_CORE,28,889,3.660,1791521596605738.780	,1791521596605742.440	
2,_Z24add_rms_norm_bias_customIfEvPhS0_S0_S0_S0_mmjff,AI_VECTOR_CORE,28,890,3.180,1791521596605768.420	,1791521596605771.600	
2,_Z24add_rms_norm_bias_customIfEvPhS0_S0_S0_S0_mmjff,AI_VECTOR_CORE,28,891,3.200,1791521596605792.480	,1791521596605795.680	
2,_Z24add_rms_norm_bias_customIfEvPhS0_S0_S0_S0_mmjff,AI_VECTOR_CORE,28,892,2.740,1791521596605816.660	,1791521596605819.400	
2,_Z24add_rms_norm_bias_customIfEvPhS0_S0_S0_S0_mmjff,AI_VECTOR_CORE,28,893,2.780,1791521596605846.700	,1791521596605849.480	
2,_Z24add_rms_norm_bias_customIfEvPhS0_S0_S0_S0_mmjff,AI_VECTOR_CORE,28,894,3.080,1791521596605866.180	,1791521596605869.260	
2,_Z24add_rms_norm_bias_customIfEvPhS0_S0_S0_S0_mmjff,AI_VECTOR_CORE,28,895,2.900,1791521596605893.340	,1791521596605896.240	
2,_Z24add_rms_norm_bias_customIfEvPhS0_S0_S0_S0_mmjff,AI_VECTOR_CORE,28,896,2.960,1791521596605920.564	,1791521596605923.524	
2,_Z24add_rms_norm_bias_customIfEvPhS0_S0_S0_S0_mmjff,AI_VECTOR_CORE,28,897,2.780,1791521596605939.884	,1791521596605942.664	
2,_Z24add_rms_norm_bias_customIfEvPhS0_S0_S0_S0_mmjff,AI_VECTOR_CORE,28,898,5.180,1791521596605971.464	,1791521596605976.644	
2,N/A,EVENT_RECORD,28,899,0.020,1791521596605985.844	,1791521596605985.864	
2,_Z24add_rms_norm_bias_customIfEvPhS0_S0_S0_S0_mmjff,AI_VECTOR_CORE,28,900,4.880,1791521596606039.964	,1791521596606044.844	
2,_Z24add_rms_norm_bias_customIfEvPhS0_S0_S0_S0_mmjff,AI_VECTOR_CORE,28,901,3.620,1791521596606080.604	,1791521596606084.224	
2,_Z24add_rms_norm_bias_customIfEvPhS0_S0_S0_S0_mmjff,AI_VECTOR_CORE,28,902,2.960,1791521596606106.524	,1791521596606109.484	
2,_Z24add_rms_norm_bias_customIfEvPhS0_S0_S0_S0_mmjff,AI_VECTOR_CORE,28,903,2.720,1791521596606137.748	,1791521596606140.468	
2,_Z24add_rms_norm_bias_customIfEvPhS0_S0_S0_S0_mmjff,AI_VECTOR_CORE,28,904,21.100,1791521596606163.688	,1791521596606184.788	
2,N/A,EVENT_RECORD,28,905,0.020,1791521596606190.008	,1791521596606190.028	
2,_Z24add_rms_norm_bias_customIfEvPhS0_S0_S0_S0_mmjff,AI_VECTOR_CORE,28,906,4.680,1791521596606241.068	,1791521596606245.748	
2,_Z24add_rms_norm_bias_customIfEvPhS0_S0_S0_S0_mmjff,AI_VECTOR_CORE,28,907,4.000,1791521596606275.408	,1791521596606279.408	
2,_Z24add_rms_norm_bias_customIfEvPhS0_S0_S0_S0_mmjff,AI_VECTOR_CORE,28,908,3.500,1791521596606301.148	,1791521596606304.648	
2,_Z24add_rms_norm_bias_customIfEvPhS0_S0_S0_S0_mmjff,AI_VECTOR_CORE,28,909,3.500,1791521596606337.752	,1791521596606341.252	
2,N/A,EVENT_RECORD,28,910,0.020,1791521596606355.512	,1791521596606355.532	
2,_Z24add_rms_norm_bias_customIfEvPhS0_S0_S0_S0_mmjff,AI_VECTOR_CORE,28,911,3.000,1791521596606412.072	,1791521596606415.072	
2,_Z24add_rms_norm_bias_customIfEvPhS0_S0_S0_S0_mmjff,AI_VECTOR_CORE,28,912,3.020,1791521596606450.952	,1791521596606453.972	
2,_Z24add_rms_norm_bias_customIfEvPhS0_S0_S0_S0_mmjff,AI_VECTOR_CORE,28,913,3.000,1791521596606469.652	,1791521596606472.652	
2,_Z24add_rms_norm_bias_customIfEvPhS0_S0_S0_S0_mmjff,AI_VECTOR_CORE,28,914,3.120,1791521596606508.012	,1791521596606511.132	
2,_Z24add_rms_norm_bias_customIfEvPhS0_S0_S0_S0_mmjff,AI_VECTOR_CORE,28,915,3.160,1791521596606527.456	,1791521596606530.616	
2,_Z24add_rms_norm_bias_customIfEvPhS0_S0_S0_S0_mmjff,AI_VECTOR_CORE,28,916,4.800,1791521596606566.716	,1791521596606571.516	
2,N/A,EVENT_RECORD,28,917,0.000,1791521596606580.596	,1791521596606580.596	
2,_Z24add_rms_norm_bias_customIfEvPhS0_S0_S0_S0_mmjff,AI_VECTOR_CORE,28,918,4.840,1791521596606637.676	,1791521596606642.516	
2,_Z24add_rms_norm_bias_customIfEvPhS0_S0_S0_S0_mmjff,AI_VECTOR_CORE,28,919,3.620,1791521596606667.576	,1791521596606671.196	
2,_Z24add_rms_norm_bias_customIfEvPhS0_S0_S0_S0_mmjff,AI_VECTOR_CORE,28,920,2.820,1791521596606693.196	,1791521596606696.016	
2,_Z24add_rms_norm_bias_customIfEvPhS0_S0_S0_S0_mmjff,AI_VECTOR_CORE,28,921,26.824,1791521596606715.516	,1791521596606742.340	
2,N/A,EVENT_RECORD,28,922,0.000,1791521596606743.620	,1791521596606743.620	
2,_Z24add_rms_norm_bias_customIfEvPhS0_S0_S0_S0_mmjff,AI_VECTOR_CORE,28,923,4.760,1791521596606802.640	,1791521596606807.400	
2,_Z24add_rms_norm_bias_customIfEvPhS0_S0_S0_S0_mmjff,AI_VECTOR_CORE,28,924,4.000,1791521596606832.280	,1791521596606836.280	
2,_Z24add_rms_norm_bias_customIfEvPhS0_S0_S0_S0_mmjff,AI_VECTOR_CORE,28,925,3.200,1791521596606861.380	,1791521596606864.580	
2,_Z24add_rms_norm_bias_customIfEvPhS0_S0_S0_S0_mmjff,AI_VECTOR_CORE,28,926,3.340,1791521596606880.400	,1791521596606883.740	
2,_Z24add_rms_norm_bias_customIfEvPhS0_S0_S0_S0_mmjff,AI_VECTOR_CORE,28,927,13.644,1791521596606908.440	,1791521596606922.084	
2,N/A,EVENT_RECORD,28,928,0.000,1791521596606926.604	,1791521596606926.604	
2,_Z24add_rms_norm_bias_customIfEvPhS0_S0_S0_S0_mmjff,AI_VECTOR_CORE,28,929,4.300,1791521596606976.324	,1791521596606980.624	
2,_Z24add_rms_norm_bias_customIfEvPhS0_S0_S0_S0_mmjff,AI_VECTOR_CORE,28,930,3.980,1791521596607016.624	,1791521596607020.604	
2,_Z24add_rms_norm_bias_customIfEvPhS0_S0_S0_S0_mmjff,AI_VECTOR_CORE,28,931,3.060,1791521596607043.604	,1791521596607046.664	
2,_Z24add_rms_norm_bias_customIfEvPhS0_S0_S0_S0_mmjff,AI_VECTOR_CORE,28,932,3.080,1791521596607072.744	,1791521596607075.824	
2,_Z24add_rms_norm_bias_customIfEvPhS0_S0_S0_S0_mmjff,AI_VECTOR_CORE,28,933,3.120,1791521596607101.804	,1791521596607104.924	
2,_Z24add_rms_norm_bias_customIfEvPhS0_S0_S0_S0_mmjff,AI_VECTOR_CORE,28,934,2.880,1791521596607127.808	,1791521596607130.688	
2,_Z24add_rms_norm_bias_customIfEvPhS0_S0_S0_S0_mmjff,AI_VECTOR_CORE,28,935,3.320,1791521596607147.888	,1791521596607151.208	
2,_Z24add_rms_norm_bias_customIfEvPhS0_S0_S0_S0_mmjff,AI_VECTOR_CORE,28,936,2.900,1791521596607173.588	,1791521596607176.488	
2,_Z24add_rms_norm_bias_customIfEvPhS0_S0_S0_S0_mmjff,AI_VECTOR_CORE,28,937,2.900,1791521596607191.788	,1791521596607194.688	
2,_Z24add_rms_norm_bias_customIfEvPhS0_S0_S0_S0_mmjff,AI_VECTOR_CORE,28,938,3.160,1791521596607215.368	,1791521596607218.528	
2,_Z24add_rms_norm_bias_customIfEvPhS0_S0_S0_S0_mmjff,AI_VECTOR_CORE,28,939,3.180,1791521596607244.428	,1791521596607247.608	
2,_Z24add_rms_norm_bias_customIfEvPhS0_S0_S0_S0_mmjff,AI_VECTOR_CORE,28,940,3.260,1791521596607272.108	,1791521596607275.368	
2,_Z24add_rms_norm_bias_customIfEvPhS0_S0_S0_S0_mmjff,AI_VECTOR_CORE,28,941,5.100,1791521596607303.608	,1791521596607308.708	
2,_Z24add_rms_norm_bias_customIfEvPhS0_S0_S0_S0_mmjff,AI_VECTOR_CORE,28,942,4.680,1791521596607329.412	,1791521596607334.092	
2,_Z24add_rms_norm_bias_customIfEvPhS0_S0_S0_S0_mmjff,AI_VECTOR_CORE,28,943,3.840,1791521596607360.072	,1791521596607363.912	
2,N/A,EVENT_RECORD,28,944,0.020,1791521596607381.092	,1791521596607381.112	
2,_Z24add_rms_norm_bias_customIfEvPhS0_S0_S0_S0_mmjff,AI_VECTOR_CORE,28,945,4.160,1791521596607395.952	,1791521596607400.112	
2,N/A,EVENT_RECORD,28,946,0.020,1791521596607418.632	,1791521596607418.652	
2,N/A,EVENT_RECORD,28,947,0.020,1791521596607479.572	,1791521596607479.592	
2,_Z24add_rms_norm_bias_customIfEvPhS0_S0_S0_S0_mmjff,AI_VECTOR_CORE,28,948,25.264,1791521596607494.012	,1791521596607519.276	
2,N/A,EVENT_RECORD,28,949,0.020,1791521596607521.176	,1791521596607521.196	
2,N/A,EVENT_RECORD,28,950,0.020,1791521596607579.676	,1791521596607579.696	
2,_Z24add_rms_norm_bias_customIfEvPhS0_S0_S0_S0_mmjff,AI_VECTOR_CORE,28,951,3.780,1791521596607587.896	,1791521596607591.676	
2,N/A,EVENT_RECORD,28,952,0.020,1791521596607605.976	,1791521596607605.996	
2,N/A,EVENT_RECORD,28,953,0.020,1791521596607664.416	,1791521596607664.436	
2,_Z24add_rms_norm_bias_customIfEvPhS0_S0_S0_S0_mmjff,AI_VECTOR_CORE,28,954,5.560,1791521596607673.796	,1791521596607679.356	
2,N/A,EVENT_RECORD,28,955,0.020,1791521596607698.616	,1791521596607698.636	
2,N/A,EVENT_RECORD,28,956,0.020,1791521596607772.680	,1791521596607772.700	
2,_Z24add_rms_norm_bias_customIfEvPhS0_S0_S0_S0_mmjff,AI_VECTOR_CORE,28,957,3.440,1791521596607775.680	,1791521596607779.120	
2,N/A,EVENT_RECORD,28,958,0.020,1791521596607799.880	,1791521596607799.900	
2,N/A,EVENT_RECORD,28,959,0.000,1791521596607855.720	,1791521596607855.720	
2,_Z24add_rms_norm_bias_customIfEvPhS0_S0_S0_S0_mmjff,AI_VECTOR_CORE,28,960,3.120,1791521596607871.440	,1791521596607874.560	
2,N/A,EVENT_RECORD,28,961,0.000,1791521596607878.940	,1791521596607878.940	
2,N/A,EVENT_RECORD,28,962,0.020,1791521596607945.944	,1791521596607945.964	
2,_Z24add_rms_norm_bias_customIfEvPhS0_S0_S0_S0_mmjff,AI_VECTOR_CORE,28,963,2.980,1791521596607949.524	,1791521596607952.504	
2,N/A,EVENT_RECORD,28,964,0.020,1791521596607969.644	,1791521596607969.664	
2,N/A,EVENT_RECORD,28,965,0.020,1791521596608028.484	,1791521596608028.504	
2,_Z24add_rms_norm_bias_customIfEvPhS0_S0_S0_S0_mmjff,AI_VECTOR_CORE,28,966,2.880,1791521596608031.764	,1791521596608034.644	
2,N/A,EVENT_RECORD,28,967,0.020,1791521596608051.884	,1791521596608051.904	
2,N/A,EVENT_RECORD,28,968,0.020,1791521596608108.444	,1791521596608108.464	
2,_Z24add_rms_norm_bias_customIfEvPhS0_S0_S0_S0_mmjff,AI_VECTOR_CORE,28,969,3.320,1791521596608113.908	,1791521596608117.228	
2,N/A,EVENT_RECORD,28,970,0.020,1791521596608129.788	,1791521596608129.808	
2,N/A,EVENT_RECORD,28,971,0.000,1791521596608195.668	,1791521596608195.668	
2,_Z24add_rms_norm_bias_customIfEvPhS0_S0_S0_S0_mmjff,AI_VECTOR_CORE,28,972,2.780,1791521596608198.568	,1791521596608201.348	
2,N/A,EVENT_RECORD,28,973,0.000,1791521596608218.888	,1791521596608218.888	
2,N/A,EVENT_RECORD,28,974,0.020,1791521596608268.228	,1791521596608268.248	
2,_Z24add_rms_norm_bias_customIfEvPhS0_S0_S0_S0_mmjff,AI_VECTOR_CORE,28,975,2.840,1791521596608282.348	,1791521596608285.188	
2,N/A,EVENT_RECORD,28,976,0.020,1791521596608301.408	,1791521596608301.428	
2,N/A,EVENT_RECORD,28,977,0.020,1791521596608364.552	,1791521596608364.572	
2,_Z24add_rms_norm_bias_customIfEvPhS0_S0_S0_S0_mmjff,AI_VECTOR_CORE,28,978,20.980,1791521596608368.072	,1791521596608389.052	
2,N/A,EVENT_RECORD,28,979,0.020,1791521596608389.072	,1791521596608389.092	
2,N/A,EVENT_RECORD,28,980,0.020,1791521596608444.032	,1791521596608444.052	
2,_Z24add_rms_norm_bias_customIfEvPhS0_S0_S0_S0_mmjff,AI_VECTOR_CORE,28,981,4.420,1791521596608457.432	,1791521596608461.852	
2,N/A,EVENT_RECORD,28,982,0.020,1791521596608474.552	,1791521596608474.572	
2,N/A,EVENT_RECORD,28,983,0.020,1791521596608528.496	,1791521596608528.516	
2,_Z24add_rms_norm_bias_customIfEvPhS0_S0_S0_S0_mmjff,AI_VECTOR_CORE,28,984,4.620,1791521596608544.056	,1791521596608548.676	
2,N/A,EVENT_RECORD,28,985,0.020,1791521596608564.696	,1791521596608564.716	
2,N/A,EVENT_RECORD,28,986,0.020,1791521596608619.216	,1791521596608619.236	
2,_Z24add_rms_norm_bias_customIfEvPhS0_S0_S0_S0_mmjff,AI_VECTOR_CORE,28,987,3.280,1791521596608622.196	,1791521596608625.476	
2,N/A,EVENT_RECORD,28,988,0.020,1791521596608644.816	,1791521596608644.836	
2,N/A,EVENT_RECORD,28,989,0.020,1791521596608690.056	,1791521596608690.076	
2,_Z24add_rms_norm_bias_customIfEvPhS0_S0_S0_S0_mmjff,AI_VECTOR_CORE,28,990,4.880,1791521596608703.576	,1791521596608708.456	
2,N/A,EVENT_RECORD,28,991,0.020,1791521596608724.200	,1791521596608724.220	
2,N/A,EVENT_RECORD,28,992,0.020,1791521596608785.540	,1791521596608785.560	
2,_Z24add_rms_norm_bias_customIfEvPhS0_S0_S0_S0_mmjff,AI_VECTOR_CORE,28,993,4.940,1791521596608788.560	,1791521596608793.500	
2,N/A,EVENT_RECORD,28,994,0.020,1791521596608808.240	,1791521596608808.260	
2,N/A,EVENT_RECORD,28,995,0.020,1791521596608865.540	,1791521596608865.560	
2,_Z24add_rms_norm_bias_customIfEvPhS0_S0_S0_S0_mmjff,AI_VECTOR_CORE,28,996,3.580,1791521596608868.580	,1791521596608872.160	
2,N/A,EVENT_RECORD,28,997,0.020,1791521596608893.100	,1791521596608893.120	
2,N/A,EVENT_RECORD,28,998,0.020,1791521596608939.644	,1791521596608939.664	
2,_Z24add_rms_norm_bias_customIfEvPhS0_S0_S0_S0_mmjff,AI_VECTOR_CORE,28,999,4.860,1791521596608955.144	,1791521596608960.004	
2,N/A,EVENT_RECORD,28,1000,0.020,1791521596608973.824	,1791521596608973.844	
2,N/A,EVENT_RECORD,28,1001,0.020,1791521596609029.444	,1791521596609029.464	
2,_Z24add_rms_norm_bias_customIfEvPhS0_S0_S0_S0_mmjff,AI_VECTOR_CORE,28,1002,4.720,1791521596609033.164	,1791521596609037.884	
2,N/A,EVENT_RECORD,28,1003,0.020,1791521596609054.464	,1791521596609054.484	
2,N/A,EVENT_RECORD,28,1004,0.000,1791521596609113.524	,1791521596609113.524	
2,_Z24add_rms_norm_bias_customIfEvPhS0_S0_S0_S0_mmjff,AI_VECTOR_CORE,28,1005,3.764,1791521596609117.244	,1791521596609121.008	
2,N/A,EVENT_RECORD,28,1006,0.020,1791521596609136.028	,1791521596609136.048	
2,N/A,EVENT_RECORD,28,1007,0.000,1791521596609197.788	,1791521596609197.788	
2,_Z24add_rms_norm_bias_customIfEvPhS0_S0_S0_S0_mmjff,AI_VECTOR_CORE,28,1008,4.960,1791521596609201.608	,1791521596609206.568	
2,N/A,EVENT_RECORD,28,1009,0.020,1791521596609219.888	,1791521596609219.908	
2,N/A,EVENT_RECORD,28,1010,0.020,1791521596609283.008	,1791521596609283.028	
2,_Z24add_rms_norm_bias_customIfEvPhS0_S0_S0_S0_mmjff,AI_VECTOR_CORE,28,1011,4.880,1791521596609285.428	,1791521596609290.308	
2,N/A,EVENT_RECORD,28,1012,0.020,1791521596609303.268	,1791521596609303.288	
2,N/A,EVENT_RECORD,28,1013,0.020,1791521596609358.572	,1791521596609358.592	
2,_Z24add_rms_norm_bias_customIfEvPhS0_S0_S0_S0_mmjff,AI_VECTOR_CORE,28,1014,3.400,1791521596609371.932	,1791521596609375.332	
2,N/A,EVENT_RECORD,28,1015,0.020,1791521596609392.832	,1791521596609392.852	
2,N/A,EVENT_RECORD,28,1016,0.020,1791521596609442.872	,1791521596609442.892	
2,_Z24add_rms_norm_bias_customIfEvPhS0_S0_S0_S0_mmjff,AI_VECTOR_CORE,28,1017,2.700,1791521596609458.732	,1791521596609461.432	
2,N/A,EVENT_RECORD,28,1018,0.020,1791521596609475.372	,1791521596609475.392	
2,N/A,EVENT_RECORD,28,1019,0.020,1791521596609530.276	,1791521596609530.296	
2,_Z24add_rms_norm_bias_customIfEvPhS0_S0_S0_S0_mmjff,AI_VECTOR_CORE,28,1020,2.940,1791521596609535.736	,1791521596609538.676	
2,N/A,EVENT_RECORD,28,1021,0.020,1791521596609552.796	,1791521596609552.816	
2,N/A,EVENT_RECORD,28,1022,0.020,1791521596609606.556	,1791521596609606.576	
2,_Z24add_rms_norm_bias_customIfEvPhS0_S0_S0_S0_mmjff,AI_VECTOR_CORE,28,1023,23.640,1791521596609618.136	,1791521596609641.776	
2,N/A,EVENT_RECORD,28,1024,0.020,1791521596609641.796	,1791521596609641.816	
2,N/A,EVENT_RECORD,28,1025,0.020,1791521596609691.176	,1791521596609691.196	
2,_Z24add_rms_norm_bias_customIfEvPhS0_S0_S0_S0_mmjff,AI_VECTOR_CORE,28,1026,4.920,1791521596609711.436	,1791521596609716.356	
2,N/A,EVENT_RECORD,28,1027,0.020,1791521596609725.900	,1791521596609725.920	
2,N/A,EVENT_RECORD,28,1028,0.000,1791521596609774.660	,1791521596609774.660	
2,_Z24add_rms_norm_bias_customIfEvPhS0_S0_S0_S0_mmjff,AI_VECTOR_CORE,28,1029,4.700,1791521596609787.620	,1791521596609792.320	
2,N/A,EVENT_RECORD,28,1030,0.020,1791521596609803.660	,1791521596609803.680	
2,N/A,EVENT_RECORD,28,1031,0.000,1791521596609873.020	,1791521596609873.020	
2,_Z24add_rms_norm_bias_customIfEvPhS0_S0_S0_S0_mmjff,AI_VECTOR_CORE,28,1032,3.380,1791521596609876.300	,1791521596609879.680	
2,N/A,EVENT_RECORD,28,1033,0.020,1791521596609899.780	,1791521596609899.800	
2,N/A,EVENT_RECORD,28,1034,0.020,1791521596609953.324	,1791521596609953.344	
2,_Z24add_rms_norm_bias_customIfEvPhS0_S0_S0_S0_mmjff,AI_VECTOR_CORE,28,1035,2.980,1791521596609972.744	,1791521596609975.724	
2,N/A,EVENT_RECORD,28,1036,0.020,1791521596609991.244	,1791521596609991.264	
2,N/A,EVENT_RECORD,28,1037,0.020,1791521596610044.644	,1791521596610044.664	
2,_Z24add_rms_norm_bias_customIfEvPhS0_S0_S0_S0_mmjff,AI_VECTOR_CORE,28,1038,4.980,1791521596610063.764	,1791521596610068.744	
2,N/A,EVENT_RECORD,28,1039,0.020,1791521596610068.764	,1791521596610068.784	
2,N/A,EVENT_RECORD,28,1040,0.020,1791521596610131.748	,1791521596610131.768	
2,_Z24add_rms_norm_bias_customIfEvPhS0_S0_S0_S0_mmjff,AI_VECTOR_CORE,28,1041,4.940,1791521596610137.708	,1791521596610142.648	
2,N/A,EVENT_RECORD,28,1042,0.020,1791521596610158.288	,1791521596610158.308	
2,N/A,EVENT_RECORD,28,1043,0.020,1791521596610218.068	,1791521596610218.088	
2,_Z24add_rms_norm_bias_customIfEvPhS0_S0_S0_S0_mmjff,AI_VECTOR_CORE,28,1044,4.180,1791521596610219.808	,1791521596610223.988	
2,N/A,EVENT_RECORD,28,1045,0.020,1791521596610242.708	,1791521596610242.728	
2,N/A,EVENT_RECORD,28,1046,0.020,1791521596610305.128	,1791521596610305.148	
2,_Z24add_rms_norm_bias_customIfEvPhS0_S0_S0_S0_mmjff,AI_VECTOR_CORE,28,1047,2.960,1791521596610310.528	,1791521596610313.488	
2,N/A,EVENT_RECORD,28,1048,0.020,1791521596610323.552	,1791521596610323.572	
2,N/A,EVENT_RECORD,28,1049,0.020,1791521596610379.712	,1791521596610379.732	
2,_Z24add_rms_norm_bias_customIfEvPhS0_S0_S0_S0_mmjff,AI_VECTOR_CORE,28,1050,2.840,1791521596610389.032	,1791521596610391.872	
2,N/A,EVENT_RECORD,28,1051,0.020,1791521596610403.952	,1791521596610403.972	
2,N/A,EVENT_RECORD,28,1052,0.020,1791521596610468.612	,1791521596610468.632	
2,_Z24add_rms_norm_bias_customIfEvPhS0_S0_S0_S0_mmjff,AI_VECTOR_CORE,28,1053,4.860,1791521596610474.012	,1791521596610478.872	
2,N/A,EVENT_RECORD,28,1054,0.020,1791521596610502.952	,1791521596610502.972	
2,N/A,EVENT_RECORD,28,1055,0.020,1791521596610558.176	,1791521596610558.196	
2,_Z24add_rms_norm_bias_customIfEvPhS0_S0_S0_S0_mmjff,AI_VECTOR_CORE,28,1056,4.980,1791521596610564.196	,1791521596610569.176	
2,N/A,EVENT_RECORD,28,1057,0.020,1791521596610582.016	,1791521596610582.036	
2,N/A,EVENT_RECORD,28,1058,0.020,1791521596610640.716	,1791521596610640.736	
2,_Z24add_rms_norm_bias_customIfEvPhS0_S0_S0_S0_mmjff,AI_VECTOR_CORE,28,1059,8.460,1791521596610646.576	,1791521596610655.036	
2,N/A,EVENT_RECORD,28,1060,0.020,1791521596610665.076	,1791521596610665.096	
2,N/A,EVENT_RECORD,28,1061,0.020,1791521596610728.200	,1791521596610728.220	
2,_Z24add_rms_norm_bias_customIfEvPhS0_S0_S0_S0_mmjff,AI_VECTOR_CORE,28,1062,4.460,1791521596610732.100	,1791521596610736.560	
2,N/A,EVENT_RECORD,28,1063,0.020,1791521596610755.300	,1791521596610755.320	
2,N/A,EVENT_RECORD,28,1064,0.000,1791521596610806.940	,1791521596610806.940	
2,_Z24add_rms_norm_bias_customIfEvPhS0_S0_S0_S0_mmjff,AI_VECTOR_CORE,28,1065,5.780,1791521596610817.200	,1791521596610822.980	
2,N/A,EVENT_RECORD,28,1066,0.020,1791521596610836.320	,1791521596610836.340	
2,N/A,EVENT_RECORD,28,1067,0.020,1791521596610891.900	,1791521596610891.920	
2,_Z24add_rms_norm_bias_customIfEvPhS0_S0_S0_S0_mmjff,AI_VECTOR_CORE,28,1068,3.100,1791521596610900.120	,1791521596610903.220	
2,N/A,EVENT_RECORD,28,1069,0.016,1791521596610918.804	,1791521596610918.820	
2,N/A,EVENT_RECORD,28,1070,0.020,1791521596610982.704	,1791521596610982.724	
2,_Z24add_rms_norm_bias_customIfEvPhS0_S0_S0_S0_mmjff,AI_VECTOR_CORE,28,1071,3.020,1791521596610985.064	,1791521596610988.084	
2,N/A,EVENT_RECORD,28,1072,0.020,1791521596611000.464	,1791521596611000.484	
2,N/A,EVENT_RECORD,28,1073,0.020,1791521596611057.344	,1791521596611057.364	
2,_Z24add_rms_norm_bias_customIfEvPhS0_S0_S0_S0_mmjff,AI_VECTOR_CORE,28,1074,4.880,1791521596611063.404	,1791521596611068.284	
2,N/A,EVENT_RECORD,28,1075,0.020,1791521596611082.944	,1791521596611082.964	
2,N/A,EVENT_RECORD,28,1076,0.020,1791521596611145.648	,1791521596611145.668	
2,_Z24add_rms_norm_bias_customIfEvPhS0_S0_S0_S0_mmjff,AI_VECTOR_CORE,28,1077,4.860,1791521596611149.928	,1791521596611154.788	
2,N/A,EVENT_RECORD,28,1078,0.000,1791521596611167.828	,1791521596611167.828	
2,N/A,EVENT_RECORD,28,1079,0.020,1791521596611233.548	,1791521596611233.568	
2,_Z24add_rms_norm_bias_customIfEvPhS0_S0_S0_S0_mmjff,AI_VECTOR_CORE,28,1080,4.860,1791521596611236.188	,1791521596611241.048	
2,N/A,EVENT_RECORD,28,1081,0.020,1791521596611274.828	,1791521596611274.848	
2,N/A,EVENT_RECORD,28,1082,0.020,1791521596611350.812	,1791521596611350.832	
2,_Z24add_rms_norm_bias_customIfEvPhS0_S0_S0_S0_mmjff,AI_VECTOR_CORE,28,1083,15.060,1791521596611355.152	,1791521596611370.212	
2,N/A,EVENT_RECORD,28,1084,0.000,1791521596611370.252	,1791521596611370.252	
2,N/A,EVENT_RECORD,28,1085,0.020,1791521596611426.632	,1791521596611426.652	
2,_Z24add_rms_norm_bias_customIfEvPhS0_S0_S0_S0_mmjff,AI_VECTOR_CORE,28,1086,4.440,1791521596611432.212	,1791521596611436.652	
2,N/A,EVENT_RECORD,28,1087,0.020,1791521596611465.172	,1791521596611465.192	
2,N/A,EVENT_RECORD,28,1088,0.020,1791521596611526.796	,1791521596611526.816	
2,_Z24add_rms_norm_bias_customIfEvPhS0_S0_S0_S0_mmjff,AI_VECTOR_CORE,28,1089,4.980,1791521596611531.096	,1791521596611536.076	
2,N/A,EVENT_RECORD,28,1090,0.020,1791521596611553.876	,1791521596611553.896	
2,N/A,EVENT_RECORD,28,1091,0.020,1791521596611605.276	,1791521596611605.296	
2,_Z24add_rms_norm_bias_customIfEvPhS0_S0_S0_S0_mmjff,AI_VECTOR_CORE,28,1092,4.060,1791521596611617.116	,1791521596611621.176	
2,N/A,EVENT_RECORD,28,1093,0.000,1791521596611631.036	,1791521596611631.036	
2,N/A,EVENT_RECORD,28,1094,0.020,1791521596611689.096	,1791521596611689.116	
2,_Z24add_rms_norm_bias_customIfEvPhS0_S0_S0_S0_mmjff,AI_VECTOR_CORE,28,1095,3.120,1791521596611709.676	,1791521596611712.796	
2,N/A,EVENT_RECORD,28,1096,0.020,1791521596611738.840	,1791521596611738.860	
2,N/A,EVENT_RECORD,28,1097,0.020,1791521596611797.500	,1791521596611797.520	
2,_Z24add_rms_norm_bias_customIfEvPhS0_S0_S0_S0_mmjff,AI_VECTOR_CORE,28,1098,4.820,1791521596611800.340	,1791521596611805.160	
2,N/A,EVENT_RECORD,28,1099,0.020,1791521596611819.520	,1791521596611819.540	
2,N/A,EVENT_RECORD,28,1100,0.020,1791521596611879.280	,1791521596611879.300	
2,_Z24add_rms_norm_bias_customIfEvPhS0_S0_S0_S0_mmjff,AI_VECTOR_CORE,28,1101,4.880,1791521596611897.520	,1791521596611902.400	
2,N/A,EVENT_RECORD,28,1102,0.020,1791521596611902.420	,1791521596611902.440	
2,N/A,EVENT_RECORD,28,1103,0.020,1791521596611963.024	,1791521596611963.044	
2,_Z24add_rms_norm_bias_customIfEvPhS0_S0_S0_S0_mmjff,AI_VECTOR_CORE,28,1104,4.900,1791521596611969.404	,1791521596611974.304	
2,N/A,EVENT_RECORD,28,1105,0.020,1791521596611989.984	,1791521596611990.004	
2,N/A,EVENT_RECORD,28,1106,0.020,1791521596612052.504	,1791521596612052.524	
2,_Z24add_rms_norm_bias_customIfEvPhS0_S0_S0_S0_mmjff,AI_VECTOR_CORE,28,1107,4.820,1791521596612055.804	,1791521596612060.624	
2,N/A,EVENT_RECORD,28,1108,0.020,1791521596612073.384	,1791521596612073.404	
2,N/A,EVENT_RECORD,28,1109,0.020,1791521596612128.588	,1791521596612128.608	
2,_Z24add_rms_norm_bias_customIfEvPhS0_S0_S0_S0_mmjff,AI_VECTOR_CORE,28,1110,4.060,1791521596612134.608	,1791521596612138.668	
2,N/A,EVENT_RECORD,28,1111,0.020,1791521596612150.608	,1791521596612150.628	
2,N/A,EVENT_RECORD,28,1112,0.020,1791521596612215.288	,1791521596612215.308	
2,_Z24add_rms_norm_bias_customIfEvPhS0_S0_S0_S0_mmjff,AI_VECTOR_CORE,28,1113,3.260,1791521596612216.988	,1791521596612220.248	
2,N/A,EVENT_RECORD,28,1114,0.020,1791521596612233.208	,1791521596612233.228	
2,N/A,EVENT_RECORD,28,1115,0.020,1791521596612294.348	,1791521596612294.368	
2,_Z24add_rms_norm_bias_customIfEvPhS0_S0_S0_S0_mmjff,AI_VECTOR_CORE,28,1116,2.780,1791521596612298.308	,1791521596612301.088	
2,N/A,EVENT_RECORD,28,1117,0.024,1791521596612322.668	,1791521596612322.692	
2,N/A,EVENT_RECORD,28,1118,0.020,1791521596612376.712	,1791521596612376.732	
2,_Z24add_rms_norm_bias_customIfEvPhS0_S0_S0_S0_mmjff,AI_VECTOR_CORE,28,1119,2.960,1791521596612387.252	,1791521596612390.212	
2,N/A,EVENT_RECORD,28,1120,0.000,1791521596612415.212	,1791521596612415.212	
2,N/A,EVENT_RECORD,28,1121,0.020,1791521596612477.812	,1791521596612477.832	
2,_Z24add_rms_norm_bias_customIfEvPhS0_S0_S0_S0_mmjff,AI_VECTOR_CORE,28,1122,2.900,1791521596612483.012	,1791521596612485.912	
2,N/A,EVENT_RECORD,28,1123,0.020,1791521596612496.672	,1791521596612496.692	
2,N/A,EVENT_RECORD,28,1124,0.020,1791521596612562.756	,1791521596612562.776	
2,_Z24add_rms_norm_bias_customIfEvPhS0_S0_S0_S0_mmjff,AI_VECTOR_CORE,28,1125,2.920,1791521596612565.096	,1791521596612568.016	
2,N/A,EVENT_RECORD,28,1126,0.000,1791521596612583.856	,1791521596612583.856	
2,N/A,EVENT_RECORD,28,1127,0.020,1791521596612642.016	,1791521596612642.036	
2,_Z24add_rms_norm_bias_customIfEvPhS0_S0_S0_S0_mmjff,AI_VECTOR_CORE,28,1128,2.920,1791521596612650.796	,1791521596612653.716	
2,N/A,EVENT_RECORD,28,1129,0.020,1791521596612671.716	,1791521596612671.736	
2,N/A,EVENT_RECORD,28,1130,0.020,1791521596612730.980	,1791521596612731.000	
2,_Z24add_rms_norm_bias_customIfEvPhS0_S0_S0_S0_mmjff,AI_VECTOR_CORE,28,1131,35.220,1791521596612734.680	,1791521596612769.900	
2,N/A,EVENT_RECORD,28,1132,0.020,1791521596612769.920	,1791521596612769.940	
2,N/A,EVENT_RECORD,28,1133,0.020,1791521596612824.900	,1791521596612824.920	
2,_Z24add_rms_norm_bias_customIfEvPhS0_S0_S0_S0_mmjff,AI_VECTOR_CORE,28,1134,4.580,1791521596612828.560	,1791521596612833.140	
2,N/A,EVENT_RECORD,28,1135,0.020,1791521596612848.800	,1791521596612848.820	
2,N/A,EVENT_RECORD,28,1136,0.020,1791521596612899.440	,1791521596612899.460	
2,_Z24add_rms_norm_bias_customIfEvPhS0_S0_S0_S0_mmjff,AI_VECTOR_CORE,28,1137,4.064,1791521596612913.020	,1791521596612917.084	
2,N/A,EVENT_RECORD,28,1138,0.020,1791521596612928.604	,1791521596612928.624	
2,N/A,EVENT_RECORD,28,1139,0.020,1791521596612988.704	,1791521596612988.724	
2,_Z24add_rms_norm_bias_customIfEvPhS0_S0_S0_S0_mmjff,AI_VECTOR_CORE,28,1140,3.280,1791521596613002.244	,1791521596613005.524	
2,N/A,EVENT_RECORD,28,1141,0.020,1791521596613016.404	,1791521596613016.424	
2,N/A,EVENT_RECORD,28,1142,0.000,1791521596613071.784	,1791521596613071.784	
2,_Z24add_rms_norm_bias_customIfEvPhS0_S0_S0_S0_mmjff,AI_VECTOR_CORE,28,1143,4.800,1791521596613084.824	,1791521596613089.624	
2,N/A,EVENT_RECORD,28,1144,0.020,1791521596613100.024	,1791521596613100.044	
2,N/A,EVENT_RECORD,28,1145,0.000,1791521596613157.208	,1791521596613157.208	
2,_Z24add_rms_norm_bias_customIfEvPhS0_S0_S0_S0_mmjff,AI_VECTOR_CORE,28,1146,5.000,1791521596613182.328	,1791521596613187.328	
2,N/A,EVENT_RECORD,28,1147,0.020,1791521596613190.468	,1791521596613190.488	
2,N/A,EVENT_RECORD,28,1148,0.020,1791521596613257.308	,1791521596613257.328	
2,_Z24add_rms_norm_bias_customIfEvPhS0_S0_S0_S0_mmjff,AI_VECTOR_CORE,28,1149,3.620,1791521596613260.088	,1791521596613263.708	
2,N/A,EVENT_RECORD,28,1150,0.020,1791521596613274.868	,1791521596613274.888	
2,N/A,EVENT_RECORD,28,1151,0.020,1791521596613333.032	,1791521596613333.052	
2,_Z24add_rms_norm_bias_customIfEvPhS0_S0_S0_S0_mmjff,AI_VECTOR_CORE,28,1152,4.940,1791521596613344.792	,1791521596613349.732	
2,N/A,EVENT_RECORD,28,1153,0.020,1791521596613353.392	,1791521596613353.412	
2,N/A,EVENT_RECORD,28,1154,0.020,1791521596613418.892	,1791521596613418.912	
2,_Z24add_rms_norm_bias_customIfEvPhS0_S0_S0_S0_mmjff,AI_VECTOR_CORE,28,1155,4.840,1791521596613422.732	,1791521596613427.572	
2,N/A,EVENT_RECORD,28,1156,0.020,1791521596613454.672	,1791521596613454.692	
2,N/A,EVENT_RECORD,28,1157,0.020,1791521596613514.352	,1791521596613514.372	
2,_Z24add_rms_norm_bias_customIfEvPhS0_S0_S0_S0_mmjff,AI_VECTOR_CORE,28,1158,3.344,1791521596613519.972	,1791521596613523.316	
2,N/A,EVENT_RECORD,28,1159,0.020,1791521596613549.656	,1791521596613549.676	
2,N/A,EVENT_RECORD,28,1160,0.020,1791521596613602.076	,1791521596613602.096	
2,_Z24add_rms_norm_bias_customIfEvPhS0_S0_S0_S0_mmjff,AI_VECTOR_CORE,28,1161,5.020,1791521596613615.476	,1791521596613620.496	
2,N/A,EVENT_RECORD,28,1162,0.020,1791521596613645.076	,1791521596613645.096	
2,N/A,EVENT_RECORD,28,1163,0.000,1791521596613708.316	,1791521596613708.316	
2,_Z24add_rms_norm_bias_customIfEvPhS0_S0_S0_S0_mmjff,AI_VECTOR_CORE,28,1164,4.904,1791521596613713.756	,1791521596613718.660	
2,N/A,EVENT_RECORD,28,1165,0.016,1791521596613723.260	,1791521596613723.276	
2,N/A,EVENT_RECORD,28,1166,0.020,1791521596613786.380	,1791521596613786.400	
2,_Z24add_rms_norm_bias_customIfEvPhS0_S0_S0_S0_mmjff,AI_VECTOR_CORE,28,1167,3.460,1791521596613791.980	,1791521596613795.440	
2,N/A,EVENT_RECORD,28,1168,0.020,1791521596613821.300	,1791521596613821.320	
2,N/A,EVENT_RECORD,28,1169,0.020,1791521596613885.160	,1791521596613885.180	
2,_Z24add_rms_norm_bias_customIfEvPhS0_S0_S0_S0_mmjff,AI_VECTOR_CORE,28,1170,2.800,1791521596613887.420	,1791521596613890.220	
2,N/A,EVENT_RECORD,28,1171,0.020,1791521596613905.020	,1791521596613905.040	
2,N/A,EVENT_RECORD,28,1172,0.020,1791521596613970.284	,1791521596613970.304	
2,_Z24add_rms_norm_bias_customIfEvPhS0_S0_S0_S0_mmjff,AI_VECTOR_CORE,28,1173,2.780,1791521596613975.744	,1791521596613978.524	
2,N/A,EVENT_RECORD,28,1174,0.020,1791521596613985.504	,1791521596613985.524	
2,N/A,EVENT_RECORD,28,1175,0.000,1791521596614046.284	,1791521596614046.284	
2,_Z24add_rms_norm_bias_customIfEvPhS0_S0_S0_S0_mmjff,AI_VECTOR_CORE,28,1176,26.940,1791521596614049.224	,1791521596614076.164	
2,N/A,EVENT_RECORD,28,1177,0.020,1791521596614076.184	,1791521596614076.204	
2,N/A,EVENT_RECORD,28,1178,0.000,1791521596614128.148	,1791521596614128.148	
2,_Z24add_rms_norm_bias_customIfEvPhS0_S0_S0_S0_mmjff,AI_VECTOR_CORE,28,1179,12.180,1791521596614131.068	,1791521596614143.248	
2,N/A,EVENT_RECORD,28,1180,0.020,1791521596614155.168	,1791521596614155.188	
2,N/A,EVENT_RECORD,28,1181,0.020,1791521596614210.488	,1791521596614210.508	
2,_Z24add_rms_norm_bias_customIfEvPhS0_S0_S0_S0_mmjff,AI_VECTOR_CORE,28,1182,4.700,1791521596614222.648	,1791521596614227.348	
2,N/A,EVENT_RECORD,28,1183,0.020,1791521596614240.068	,1791521596614240.088	
2,N/A,EVENT_RECORD,28,1184,0.020,1791521596614298.748	,1791521596614298.768	
2,_Z24add_rms_norm_bias_customIfEvPhS0_S0_S0_S0_mmjff,AI_VECTOR_CORE,28,1185,4.860,1791521596614302.468	,1791521596614307.328	
2,N/A,EVENT_RECORD,28,1186,0.016,1791521596614324.572	,1791521596614324.588	
2,N/A,EVENT_RECORD,28,1187,0.020,1791521596614378.832	,1791521596614378.852	
2,_Z24add_rms_norm_bias_customIfEvPhS0_S0_S0_S0_mmjff,AI_VECTOR_CORE,28,1188,3.380,1791521596614382.552	,1791521596614385.932	
2,N/A,EVENT_RECORD,28,1189,0.020,1791521596614403.932	,1791521596614403.952	
2,N/A,EVENT_RECORD,28,1190,0.020,1791521596614482.192	,1791521596614482.212	
2,_Z24add_rms_norm_bias_customIfEvPhS0_S0_S0_S0_mmjff,AI_VECTOR_CORE,28,1191,7.620,1791521596614494.172	,1791521596614501.792	
2,N/A,EVENT_RECORD,28,1192,0.020,1791521596614501.812	,1791521596614501.832	
2,N/A,EVENT_RECORD,28,1193,0.020,1791521596614558.156	,1791521596614558.176	
2,_Z24add_rms_norm_bias_customIfEvPhS0_S0_S0_S0_mmjff,AI_VECTOR_CORE,28,1194,4.960,1791521596614568.536	,1791521596614573.496	
2,N/A,EVENT_RECORD,28,1195,0.020,1791521596614587.816	,1791521596614587.836	
2,N/A,EVENT_RECORD,28,1196,0.020,1791521596614656.536	,1791521596614656.556	
2,_Z24add_rms_norm_bias_customIfEvPhS0_S0_S0_S0_mmjff,AI_VECTOR_CORE,28,1197,4.240,1791521596614658.996	,1791521596614663.236	
2,N/A,EVENT_RECORD,28,1198,0.020,1791521596614681.236	,1791521596614681.256	
2,N/A,EVENT_RECORD,28,1199,0.020,1791521596614742.100	,1791521596614742.120	
2,_Z24add_rms_norm_bias_customIfEvPhS0_S0_S0_S0_mmjff,AI_VECTOR_CORE,28,1200,3.420,1791521596614745.740	,1791521596614749.160	
2,N/A,EVENT_RECORD,28,1201,0.020,1791521596614765.380	,1791521596614765.400	
2,N/A,EVENT_RECORD,28,1202,0.020,1791521596614816.000	,1791521596614816.020	
2,_Z24add_rms_norm_bias_customIfEvPhS0_S0_S0_S0_mmjff,AI_VECTOR_CORE,28,1203,2.860,1791521596614825.680	,1791521596614828.540	
2,N/A,EVENT_RECORD,28,1204,0.020,1791521596614847.220	,1791521596614847.240	
2,N/A,EVENT_RECORD,28,1205,0.020,1791521596614913.660	,1791521596614913.680	
2,_Z24add_rms_norm_bias_customIfEvPhS0_S0_S0_S0_mmjff,AI_VECTOR_CORE,28,1206,4.944,1791521596614917.300	,1791521596614922.244	
2,N/A,EVENT_RECORD,28,1207,0.020,1791521596614943.584	,1791521596614943.604	
2,N/A,EVENT_RECORD,28,1208,0.020,1791521596614994.764	,1791521596614994.784	
2,_Z24add_rms_norm_bias_customIfEvPhS0_S0_S0_S0_mmjff,AI_VECTOR_CORE,28,1209,4.960,1791521596615001.704	,1791521596615006.664	
2,N/A,EVENT_RECORD,28,1210,0.020,1791521596615021.204	,1791521596615021.224	
2,N/A,EVENT_RECORD,28,1211,0.020,1791521596615087.504	,1791521596615087.524	
2,_Z24add_rms_norm_bias_customIfEvPhS0_S0_S0_S0_mmjff,AI_VECTOR_CORE,28,1212,4.980,1791521596615091.604	,1791521596615096.584	
2,N/A,EVENT_RECORD,28,1213,0.000,1791521596615103.324	,1791521596615103.324	
2,N/A,EVENT_RECORD,28,1214,0.000,1791521596615165.708	,1791521596615165.708	
2,_Z24add_rms_norm_bias_customIfEvPhS0_S0_S0_S0_mmjff,AI_VECTOR_CORE,28,1215,4.860,1791521596615171.368	,1791521596615176.228	
2,N/A,EVENT_RECORD,28,1216,0.020,1791521596615207.228	,1791521596615207.248	
2,N/A,EVENT_RECORD,28,1217,0.020,1791521596615259.548	,1791521596615259.568	
2,_Z24add_rms_norm_bias_customIfEvPhS0_S0_S0_S0_mmjff,AI_VECTOR_CORE,28,1218,4.320,1791521596615266.668	,1791521596615270.988	
2,N/A,EVENT_RECORD,28,1219,0.000,1791521596615286.688	,1791521596615286.688	
2,N/A,EVENT_RECORD,28,1220,0.020,1791521596615348.812	,1791521596615348.832	
2,_Z24add_rms_norm_bias_customIfEvPhS0_S0_S0_S0_mmjff,AI_VECTOR_CORE,28,1221,2.920,1791521596615351.152	,1791521596615354.072	
2,N/A,EVENT_RECORD,28,1222,0.020,1791521596615371.112	,1791521596615371.132	
2,N/A,EVENT_RECORD,28,1223,0.020,1791521596615425.572	,1791521596615425.592	
2,_Z24add_rms_norm_bias_customIfEvPhS0_S0_S0_S0_mmjff,AI_VECTOR_CORE,28,1224,2.820,1791521596615429.192	,1791521596615432.012	
2,N/A,EVENT_RECORD,28,1225,0.020,1791521596615454.732	,1791521596615454.752	
2,N/A,EVENT_RECORD,28,1226,0.020,1791521596615509.332	,1791521596615509.352	
2,_Z24add_rms_norm_bias_customIfEvPhS0_S0_S0_S0_mmjff,AI_VECTOR_CORE,28,1227,4.880,1791521596615513.132	,1791521596615518.012	
2,N/A,EVENT_RECORD,28,1228,0.020,1791521596615534.036	,1791521596615534.056	
2,N/A,EVENT_RECORD,28,1229,0.020,1791521596615591.656	,1791521596615591.676	
2,_Z24add_rms_norm_bias_customIfEvPhS0_S0_S0_S0_mmjff,AI_VECTOR_CORE,28,1230,16.240,1791521596615606.096	,1791521596615622.336	
2,N/A,EVENT_RECORD,28,1231,0.020,1791521596615622.356	,1791521596615622.376	
2,N/A,EVENT_RECORD,28,1232,0.020,1791521596615675.296	,1791521596615675.316	
2,_Z24add_rms_norm_bias_customIfEvPhS0_S0_S0_S0_mmjff,AI_VECTOR_CORE,28,1233,4.240,1791521596615677.776	,1791521596615682.016	
2,N/A,EVENT_RECORD,28,1234,0.016,1791521596615721.660	,1791521596615721.676	
2,N/A,EVENT_RECORD,28,1235,0.020,1791521596615781.900	,1791521596615781.920	
2,_Z24add_rms_norm_bias_customIfEvPhS0_S0_S0_S0_mmjff,AI_VECTOR_CORE,28,1236,24.000,1791521596615799.640	,1791521596615823.640	
2,N/A,EVENT_RECORD,28,1237,0.020,1791521596615823.660	,1791521596615823.680	
2,N/A,EVENT_RECORD,28,1238,0.020,1791521596615879.700	,1791521596615879.720	
2,_Z24add_rms_norm_bias_customIfEvPhS0_S0_S0_S0_mmjff,AI_VECTOR_CORE,28,1239,4.180,1791521596615883.200	,1791521596615887.380	
2,N/A,EVENT_RECORD,28,1240,0.020,1791521596615905.340	,1791521596615905.360	
2,N/A,EVENT_RECORD,28,1241,0.020,1791521596615951.464	,1791521596615951.484	
2,_Z24add_rms_norm_bias_customIfEvPhS0_S0_S0_S0_mmjff,AI_VECTOR_CORE,28,1242,4.080,1791521596615965.584	,1791521596615969.664	
2,N/A,EVENT_RECORD,28,1243,0.020,1791521596615985.864	,1791521596615985.884	
2,N/A,EVENT_RECORD,28,1244,0.020,1791521596616035.884	,1791521596616035.904	
2,_Z24add_rms_norm_bias_customIfEvPhS0_S0_S0_S0_mmjff,AI_VECTOR_CORE,28,1245,3.880,1791521596616050.664	,1791521596616054.544	
2,N/A,EVENT_RECORD,28,1246,0.000,1791521596616060.824	,1791521596616060.824	
2,N/A,EVENT_RECORD,28,1247,0.020,1791521596616132.008	,1791521596616132.028	
2,_Z24add_rms_norm_bias_customIfEvPhS0_S0_S0_S0_mmjff,AI_VECTOR_CORE,28,1248,3.520,1791521596616136.408	,1791521596616139.928	
2,N/A,EVENT_RECORD,28,1249,0.020,1791521596616149.528	,1791521596616149.548	
2,N/A,EVENT_RECORD,28,1250,0.020,1791521596616207.128	,1791521596616207.148	
2,_Z24add_rms_norm_bias_customIfEvPhS0_S0_S0_S0_mmjff,AI_VECTOR_CORE,28,1251,8.360,1791521596616224.748	,1791521596616233.108	
2,N/A,EVENT_RECORD,28,1252,0.000,1791521596616233.148	,1791521596616233.148	
2,N/A,EVENT_RECORD,28,1253,0.020,1791521596616293.208	,1791521596616293.228	
2,_Z24add_rms_norm_bias_customIfEvPhS0_S0_S0_S0_mmjff,AI_VECTOR_CORE,28,1254,4.680,1791521596616296.908	,1791521596616301.588	
2,N/A,EVENT_RECORD,28,1255,0.020,1791521596616316.968	,1791521596616316.988	
2,N/A,EVENT_RECORD,28,1256,0.000,1791521596616372.232	,1791521596616372.232	
2,_Z24add_rms_norm_bias_customIfEvPhS0_S0_S0_S0_mmjff,AI_VECTOR_CORE,28,1257,29.060,1791521596616378.932	,1791521596616407.992	
2,N/A,EVENT_RECORD,28,1258,0.020,1791521596616408.012	,1791521596616408.032	
2,N/A,EVENT_RECORD,28,1259,0.020,1791521596616470.072	,1791521596616470.092	
2,_Z24add_rms_norm_bias_customIfEvPhS0_S0_S0_S0_mmjff,AI_VECTOR_CORE,28,1260,4.580,1791521596616473.472	,1791521596616478.052	
2,N/A,EVENT_RECORD,28,1261,0.020,1791521596616495.612	,1791521596616495.632	
2,N/A,EVENT_RECORD,28,1262,0.020,1791521596616551.096	,1791521596616551.116	
2,_Z24add_rms_norm_bias_customIfEvPhS0_S0_S0_S0_mmjff,AI_VECTOR_CORE,28,1263,4.100,1791521596616556.756	,1791521596616560.856	
2,N/A,EVENT_RECORD,28,1264,0.020,1791521596616574.456	,1791521596616574.476	
2,N/A,EVENT_RECORD,28,1265,0.000,1791521596616632.456	,1791521596616632.456	
2,_Z24add_rms_norm_bias_customIfEvPhS0_S0_S0_S0_mmjff,AI_VECTOR_CORE,28,1266,3.160,1791521596616638.016	,1791521596616641.176	
2,N/A,EVENT_RECORD,28,1267,0.020,1791521596616654.596	,1791521596616654.616	
2,N/A,EVENT_RECORD,28,1268,0.020,1791521596616716.936	,1791521596616716.956	
2,_Z24add_rms_norm_bias_customIfEvPhS0_S0_S0_S0_mmjff,AI_VECTOR_CORE,28,1269,3.004,1791521596616720.576	,1791521596616723.580	
2,N/A,EVENT_RECORD,28,1270,0.020,1791521596616740.140	,1791521596616740.160	
2,N/A,EVENT_RECORD,28,1271,0.020,1791521596616789.180	,1791521596616789.200	
2,_Z24add_rms_norm_bias_customIfEvPhS0_S0_S0_S0_mmjff,AI_VECTOR_CORE,28,1272,2.900,1791521596616802.020	,1791521596616804.920	
2,N/A,EVENT_RECORD,28,1273,0.020,1791521596616816.500	,1791521596616816.520	
2,N/A,EVENT_RECORD,28,1274,0.020,1791521596616877.860	,1791521596616877.880	
2,_Z24add_rms_norm_bias_customIfEvPhS0_S0_S0_S0_mmjff,AI_VECTOR_CORE,28,1275,2.840,1791521596616883.280	,1791521596616886.120	
2,N/A,EVENT_RECORD,28,1276,0.020,1791521596616902.780	,1791521596616902.800	
2,N/A,EVENT_RECORD,28,1277,0.000,1791521596616963.604	,1791521596616963.604	
2,_Z24add_rms_norm_bias_customIfEvPhS0_S0_S0_S0_mmjff,AI_VECTOR_CORE,28,1278,3.540,1791521596616967.184	,1791521596616970.724	
2,N/A,EVENT_RECORD,28,1279,0.020,1791521596616986.264	,1791521596616986.284	
2,N/A,EVENT_RECORD,28,1280,0.020,1791521596617042.024	,1791521596617042.044	
2,_Z24add_rms_norm_bias_customIfEvPhS0_S0_S0_S0_mmjff,AI_VECTOR_CORE,28,1281,2.780,1791521596617053.664	,1791521596617056.444	
2,N/A,EVENT_RECORD,28,1282,0.020,1791521596617070.304	,1791521596617070.324	
2,N/A,EVENT_RECORD,28,1283,0.020,1791521596617139.488	,1791521596617139.508	
2,_Z24add_rms_norm_bias_customIfEvPhS0_S0_S0_S0_mmjff,AI_VECTOR_CORE,28,1284,2.760,1791521596617142.168	,1791521596617144.928	
2,N/A,EVENT_RECORD,28,1285,0.020,1791521596617154.868	,1791521596617154.888	
2,N/A,EVENT_RECORD,28,1286,0.020,1791521596617223.928	,1791521596617223.948	
2,_Z24add_rms_norm_bias_customIfEvPhS0_S0_S0_S0_mmjff,AI_VECTOR_CORE,28,1287,4.860,1791521596617228.128	,1791521596617232.988	
2,N/A,EVENT_RECORD,28,1288,0.020,1791521596617242.768	,1791521596617242.788	
2,N/A,EVENT_RECORD,28,1289,0.020,1791521596617305.528	,1791521596617305.548	
2,_Z24add_rms_norm_bias_customIfEvPhS0_S0_S0_S0_mmjff,AI_VECTOR_CORE,28,1290,4.760,1791521596617311.868	,1791521596617316.628	
2,N/A,EVENT_RECORD,28,1291,0.020,1791521596617332.892	,1791521596617332.912	
2,N/A,EVENT_RECORD,28,1292,0.020,1791521596617403.932	,1791521596617403.952	
2,_Z24add_rms_norm_bias_customIfEvPhS0_S0_S0_S0_mmjff,AI_VECTOR_CORE,28,1293,3.600,1791521596617406.972	,1791521596617410.572	
2,N/A,EVENT_RECORD,28,1294,0.020,1791521596617425.612	,1791521596617425.632	
2,N/A,EVENT_RECORD,28,1295,0.020,1791521596617489.112	,1791521596617489.132	
2,_Z24add_rms_norm_bias_customIfEvPhS0_S0_S0_S0_mmjff,AI_VECTOR_CORE,28,1296,11.280,1791521596617491.212	,1791521596617502.492	
2,N/A,EVENT_RECORD,28,1297,0.020,1791521596617504.432	,1791521596617504.452	
2,N/A,EVENT_RECORD,28,1298,0.020,1791521596617566.316	,1791521596617566.336	
2,_Z24add_rms_norm_bias_customIfEvPhS0_S0_S0_S0_mmjff,AI_VECTOR_CORE,28,1299,4.880,1791521596617569.376	,1791521596617574.256	
2,N/A,EVENT_RECORD,28,1300,0.000,1791521596617592.516	,1791521596617592.516	
2,N/A,EVENT_RECORD,28,1301,0.000,1791521596617647.896	,1791521596617647.896	
2,_Z24add_rms_norm_bias_customIfEvPhS0_S0_S0_S0_mmjff,AI_VECTOR_CORE,28,1302,4.120,1791521596617662.176	,1791521596617666.296	
2,N/A,EVENT_RECORD,28,1303,0.020,1791521596617669.376	,1791521596617669.396	
2,N/A,EVENT_RECORD,28,1304,0.020,1791521596617733.020	,1791521596617733.040	
2,_Z24add_rms_norm_bias_customIfEvPhS0_S0_S0_S0_mmjff,AI_VECTOR_CORE,28,1305,3.060,1791521596617734.820	,1791521596617737.880	
2,N/A,EVENT_RECORD,28,1306,0.000,1791521596617762.120	,1791521596617762.120	
2,N/A,EVENT_RECORD,28,1307,0.020,1791521596617815.200	,1791521596617815.220	
2,_Z24add_rms_norm_bias_customIfEvPhS0_S0_S0_S0_mmjff,AI_VECTOR_CORE,28,1308,4.840,1791521596617818.280	,1791521596617823.120	
2,N/A,EVENT_RECORD,28,1309,0.020,1791521596617839.420	,1791521596617839.440	
2,N/A,EVENT_RECORD,28,1310,0.000,1791521596617895.820	,1791521596617895.820	
2,_Z24add_rms_norm_bias_customIfEvPhS0_S0_S0_S0_mmjff,AI_VECTOR_CORE,28,1311,4.760,1791521596617904.280	,1791521596617909.040	
2,N/A,EVENT_RECORD,28,1312,0.000,1791521596617923.180	,1791521596617923.180	
2,N/A,EVENT_RECORD,28,1313,0.020,1791521596617980.944	,1791521596617980.964	
2,_Z24add_rms_norm_bias_customIfEvPhS0_S0_S0_S0_mmjff,AI_VECTOR_CORE,28,1314,3.600,1791521596617986.044	,1791521596617989.644	
2,N/A,EVENT_RECORD,28,1315,0.000,1791521596617999.564	,1791521596617999.564	
2,_Z24add_rms_norm_bias_customIfEvPhS0_S0_S0_S0_mmjff,AI_VECTOR_CORE,28,1316,4.920,1791521596618066.604	,1791521596618071.524	
2,_Z24add_rms_norm_bias_customIfEvPhS0_S0_S0_S0_mmjff,AI_VECTOR_CORE,28,1317,5.260,1791521596618098.584	,1791521596618103.844	
2,_Z24add_rms_norm_bias_customIfEvPhS0_S0_S0_S0_mmjff,AI_VECTOR_CORE,28,1318,3.280,1791521596618126.788	,1791521596618130.068	
2,_Z24add_rms_norm_bias_customIfEvPhS0_S0_S0_S0_mmjff,AI_VECTOR_CORE,28,1319,3.400,1791521596618148.528	,1791521596618151.928	
2,_Z24add_rms_norm_bias_customIfEvPhS0_S0_S0_S0_mmjff,AI_VECTOR_CORE,28,1320,3.500,1791521596618176.928	,1791521596618180.428	
2,_Z24add_rms_norm_bias_customIfEvPhS0_S0_S0_S0_mmjff,AI_VECTOR_CORE,28,1321,3.440,1791521596618204.768	,1791521596618208.208	
2,_Z24add_rms_norm_bias_customIfEvPhS0_S0_S0_S0_mmjff,AI_VECTOR_CORE,28,1322,3.440,1791521596618231.968	,1791521596618235.408	
2,_Z24add_rms_norm_bias_customIfEvPhS0_S0_S0_S0_mmjff,AI_VECTOR_CORE,28,1323,3.280,1791521596618260.228	,1791521596618263.508	
2,_Z24add_rms_norm_bias_customIfEvPhS0_S0_S0_S0_mmjff,AI_VECTOR_CORE,28,1324,3.600,1791521596618287.528	,1791521596618291.128	
2,_Z24add_rms_norm_bias_customIfEvPhS0_S0_S0_S0_mmjff,AI_VECTOR_CORE,28,1325,3.460,1791521596618310.388	,1791521596618313.848	
2,_Z24add_rms_norm_bias_customIfEvPhS0_S0_S0_S0_mmjff,AI_VECTOR_CORE,28,1326,3.200,1791521596618333.292	,1791521596618336.492	
2,_Z24add_rms_norm_bias_customIfEvPhS0_S0_S0_S0_mmjff,AI_VECTOR_CORE,28,1327,3.040,1791521596618352.952	,1791521596618355.992	
2,_Z24add_rms_norm_bias_customIfEvPhS0_S0_S0_S0_mmjff,AI_VECTOR_CORE,28,1328,3.140,1791521596618382.752	,1791521596618385.892	
2,_Z24add_rms_norm_bias_customIfEvPhS0_S0_S0_S0_mmjff,AI_VECTOR_CORE,28,1329,3.480,1791521596618402.852	,1791521596618406.332	
2,_Z24add_rms_norm_bias_customIfEvPhS0_S0_S0_S0_mmjff,AI_VECTOR_CORE,28,1330,3.660,1791521596618433.452	,1791521596618437.112	
2,_Z24add_rms_norm_bias_customIfEvPhS0_S0_S0_S0_mmjff,AI_VECTOR_CORE,28,1331,3.320,1791521596618453.432	,1791521596618456.752	
2,_Z24add_rms_norm_bias_customIfEvPhS0_S0_S0_S0_mmjff,AI_VECTOR_CORE,28,1332,27.760,1791521596618483.032	,1791521596618510.792	
2,N/A,EVENT_RECORD,28,1333,0.020,1791521596618510.812	,1791521596618510.832	
2,_Z24add_rms_norm_bias_customIfEvPhS0_S0_S0_S0_mmjff,AI_VECTOR_CORE,28,1334,12.380,1791521596618571.576	,1791521596618583.956	
2,_Z24add_rms_norm_bias_customIfEvPhS0_S0_S0_S0_mmjff,AI_VECTOR_CORE,28,1335,4.860,1791521596618607.376	,1791521596618612.236	
2,_Z24add_rms_norm_bias_customIfEvPhS0_S0_S0_S0_mmjff,AI_VECTOR_CORE,28,1336,4.440,1791521596618630.716	,1791521596618635.156	
2,_Z24add_rms_norm_bias_customIfEvPhS0_S0_S0_S0_mmjff,AI_VECTOR_CORE,28,1337,3.560,1791521596618659.696	,1791521596618663.256	
2,_Z24add_rms_norm_bias_customIfEvPhS0_S0_S0_S0_mmjff,AI_VECTOR_CORE,28,1338,3.280,1791521596618687.736	,1791521596618691.016	
2,_Z24add_rms_norm_bias_customIfEvPhS0_S0_S0_S0_mmjff,AI_VECTOR_CORE,28,1339,3.780,1791521596618713.236	,1791521596618717.016	
2,_Z24add_rms_norm_bias_customIfEvPhS0_S0_S0_S0_mmjff,AI_VECTOR_CORE,28,1340,3.240,1791521596618742.100	,1791521596618745.340	
2,_Z24add_rms_norm_bias_customIfEvPhS0_S0_S0_S0_mmjff,AI_VECTOR_CORE,28,1341,3.420,1791521596618770.900	,1791521596618774.320	
2,_Z24add_rms_norm_bias_customIfEvPhS0_S0_S0_S0_mmjff,AI_VECTOR_CORE,28,1342,3.300,1791521596618802.080	,1791521596618805.380	
2,_Z24add_rms_norm_bias_customIfEvPhS0_S0_S0_S0_mmjff,AI_VECTOR_CORE,28,1343,3.740,1791521596618821.360	,1791521596618825.100	
2,_Z24add_rms_norm_bias_customIfEvPhS0_S0_S0_S0_mmjff,AI_VECTOR_CORE,28,1344,3.460,1791521596618850.800	,1791521596618854.260	
2,_Z24add_rms_norm_bias_customIfEvPhS0_S0_S0_S0_mmjff,AI_VECTOR_CORE,28,1345,3.200,1791521596618877.940	,1791521596618881.140	
2,_Z24add_rms_norm_bias_customIfEvPhS0_S0_S0_S0_mmjff,AI_VECTOR_CORE,28,1346,3.100,1791521596618900.640	,1791521596618903.740	
2,_Z24add_rms_norm_bias_customIfEvPhS0_S0_S0_S0_mmjff,AI_VECTOR_CORE,28,1347,23.784,1791521596618920.860	,1791521596618944.644	
2,N/A,EVENT_RECORD,28,1348,0.020,1791521596618947.704	,1791521596618947.724	
2,_Z24add_rms_norm_bias_customIfEvPhS0_S0_S0_S0_mmjff,AI_VECTOR_CORE,28,1349,4.540,1791521596618999.124	,1791521596619003.664	
2,_Z24add_rms_norm_bias_customIfEvPhS0_S0_S0_S0_mmjff,AI_VECTOR_CORE,28,1350,4.560,1791521596619054.204	,1791521596619058.764	
2,N/A,EVENT_RECORD,28,1351,0.000,1791521596619081.444	,1791521596619081.444	
2,_Z24add_rms_norm_bias_customIfEvPhS0_S0_S0_S0_mmjff,AI_VECTOR_CORE,28,1352,3.940,1791521596619127.668	,1791521596619131.608	
2,_Z24add_rms_norm_bias_customIfEvPhS0_S0_S0_S0_mmjff,AI_VECTOR_CORE,28,1353,3.880,1791521596619164.468	,1791521596619168.348	
2,_Z24add_rms_norm_bias_customIfEvPhS0_S0_S0_S0_mmjff,AI_VECTOR_CORE,28,1354,3.420,1791521596619193.288	,1791521596619196.708	
2,_Z24add_rms_norm_bias_customIfEvPhS0_S0_S0_S0_mmjff,AI_VECTOR_CORE,28,1355,4.060,1791521596619221.648	,1791521596619225.708	
2,_Z24add_rms_norm_bias_customIfEvPhS0_S0_S0_S0_mmjff,AI_VECTOR_CORE,28,1356,3.280,1791521596619245.928	,1791521596619249.208	
2,_Z24add_rms_norm_bias_customIfEvPhS0_S0_S0_S0_mmjff,AI_VECTOR_CORE,28,1357,3.420,1791521596619269.788	,1791521596619273.208	
2,_Z24add_rms_norm_bias_customIfEvPhS0_S0_S0_S0_mmjff,AI_VECTOR_CORE,28,1358,12.580,1791521596619296.108	,1791521596619308.688	
2,N/A,EVENT_RECORD,28,1359,0.020,1791521596619318.108	,1791521596619318.128	
2,_Z24add_rms_norm_bias_customIfEvPhS0_S0_S0_S0_mmjff,AI_VECTOR_CORE,28,1360,4.880,1791521596619364.552	,1791521596619369.432	
2,_Z24add_rms_norm_bias_customIfEvPhS0_S0_S0_S0_mmjff,AI_VECTOR_CORE,28,1361,4.200,1791521596619410.232	,1791521596619414.432	
2,_Z24add_rms_norm_bias_customIfEvPhS0_S0_S0_S0_mmjff,AI_VECTOR_CORE,28,1362,3.520,1791521596619443.312	,1791521596619446.832	
2,_Z24add_rms_norm_bias_customIfEvPhS0_S0_S0_S0_mmjff,AI_VECTOR_CORE,28,1363,3.200,1791521596619471.592	,1791521596619474.792	
2,_Z24add_rms_norm_bias_customIfEvPhS0_S0_S0_S0_mmjff,AI_VECTOR_CORE,28,1364,4.020,1791521596619499.472	,1791521596619503.492	
2,_Z24add_rms_norm_bias_customIfEvPhS0_S0_S0_S0_mmjff,AI_VECTOR_CORE,28,1365,25.884,1791521596619523.572	,1791521596619549.456	
2,N/A,EVENT_RECORD,28,1366,0.020,1791521596619549.956	,1791521596619549.976	
2,_Z24add_rms_norm_bias_customIfEvPhS0_S0_S0_S0_mmjff,AI_VECTOR_CORE,28,1367,4.820,1791521596619603.156	,1791521596619607.976	
2,_Z24add_rms_norm_bias_customIfEvPhS0_S0_S0_S0_mmjff,AI_VECTOR_CORE,28,1368,4.340,1791521596619640.556	,1791521596619644.896	
2,_Z24add_rms_norm_bias_customIfEvPhS0_S0_S0_S0_mmjff,AI_VECTOR_CORE,28,1369,3.560,1791521596619674.956	,1791521596619678.516	
2,_Z24add_rms_norm_bias_customIfEvPhS0_S0_S0_S0_mmjff,AI_VECTOR_CORE,28,1370,3.280,1791521596619732.620	,1791521596619735.900	
2,_Z24add_rms_norm_bias_customIfEvPhS0_S0_S0_S0_mmjff,AI_VECTOR_CORE,28,1371,3.940,1791521596619760.600	,1791521596619764.540	
2,_Z24add_rms_norm_bias_customIfEvPhS0_S0_S0_S0_mmjff,AI_VECTOR_CORE,28,1372,3.740,1791521596619787.120	,1791521596619790.860	
2,_Z24add_rms_norm_bias_customIfEvPhS0_S0_S0_S0_mmjff,AI_VECTOR_CORE,28,1373,4.040,1791521596619811.640	,1791521596619815.680	
2,_Z24add_rms_norm_bias_customIfEvPhS0_S0_S0_S0_mmjff,AI_VECTOR_CORE,28,1374,3.220,1791521596619834.940	,1791521596619838.160	
2,_Z24add_rms_norm_bias_customIfEvPhS0_S0_S0_S0_mmjff,AI_VECTOR_CORE,28,1375,4.060,1791521596619857.380	,1791521596619861.440	
2,_Z24add_rms_norm_bias_customIfEvPhS0_S0_S0_S0_mmjff,AI_VECTOR_CORE,28,1376,3.720,1791521596619880.140	,1791521596619883.860	
2,_Z24add_rms_norm_bias_customIfEvPhS0_S0_S0_S0_mmjff,AI_VECTOR_CORE,28,1377,3.380,1791521596619902.940	,1791521596619906.320	
2,_Z24add_rms_norm_bias_customIfEvPhS0_S0_S0_S0_mmjff,AI_VECTOR_CORE,28,1378,3.100,1791521596619930.524	,1791521596619933.624	
2,_Z24add_rms_norm_bias_customIfEvPhS0_S0_S0_S0_mmjff,AI_VECTOR_CORE,28,1379,4.820,1791521596619967.364	,1791521596619972.184	
2,N/A,EVENT_RECORD,28,1380,0.000,1791521596619976.824	,1791521596619976.824	
2,_Z24add_rms_norm_bias_customIfEvPhS0_S0_S0_S0_mmjff,AI_VECTOR_CORE,28,1381,4.520,1791521596620033.044	,1791521596620037.564	
2,N/A,EVENT_RECORD,28,1382,0.000,1791521596620088.584	,1791521596620088.584	
2,_Z24add_rms_norm_bias_customIfEvPhS0_S0_S0_S0_mmjff,AI_VECTOR_CORE,28,1383,13.320,1791521596620093.184	,1791521596620106.504	
2,N/A,EVENT_RECORD,28,1384,0.020,1791521596620109.844	,1791521596620109.864	
2,N/A,EVENT_RECORD,28,1385,0.020,1791521596620167.948	,1791521596620167.968	
2,_Z24add_rms_norm_bias_customIfEvPhS0_S0_S0_S0_mmjff,AI_VECTOR_CORE,28,1386,4.540,1791521596620174.788	,1791521596620179.328	
2,N/A,EVENT_RECORD,28,1387,0.020,1791521596620192.768	,1791521596620192.788	
2,N/A,EVENT_RECORD,28,1388,0.020,1791521596620247.308	,1791521596620247.328	
2,_Z24add_rms_norm_bias_customIfEvPhS0_S0_S0_S0_mmjff,AI_VECTOR_CORE,28,1389,4.800,1791521596620264.988	,1791521596620269.788	
2,N/A,EVENT_RECORD,28,1390,0.020,1791521596620285.288	,1791521596620285.308	
2,N/A,EVENT_RECORD,28,1391,0.020,1791521596620350.132	,1791521596620350.152	
2,_Z24add_rms_norm_bias_customIfEvPhS0_S0_S0_S0_mmjff,AI_VECTOR_CORE,28,1392,5.000,1791521596620354.932	,1791521596620359.932	
2,N/A,EVENT_RECORD,28,1393,0.020,1791521596620370.292	,1791521596620370.312	
2,N/A,EVENT_RECORD,28,1394,0.000,1791521596620449.392	,1791521596620449.392	
2,_Z24add_rms_norm_bias_customIfEvPhS0_S0_S0_S0_mmjff,AI_VECTOR_CORE,28,1395,5.000,1791521596620454.292	,1791521596620459.292	
2,N/A,EVENT_RECORD,28,1396,0.020,1791521596620470.732	,1791521596620470.752	
2,N/A,EVENT_RECORD,28,1397,0.016,1791521596620528.596	,1791521596620528.612	
2,_Z24add_rms_norm_bias_customIfEvPhS0_S0_S0_S0_mmjff,AI_VECTOR_CORE,28,1398,4.780,1791521596620532.196	,1791521596620536.976	
2,N/A,EVENT_RECORD,28,1399,0.020,1791521596620551.196	,1791521596620551.216	
2,N/A,EVENT_RECORD,28,1400,0.020,1791521596620606.016	,1791521596620606.036	
2,_Z24add_rms_norm_bias_customIfEvPhS0_S0_S0_S0_mmjff,AI_VECTOR_CORE,28,1401,4.920,1791521596620613.276	,1791521596620618.196	
2,N/A,EVENT_RECORD,28,1402,0.020,1791521596620632.096	,1791521596620632.116	
2,N/A,EVENT_RECORD,28,1403,0.020,1791521596620690.956	,1791521596620690.976	
2,_Z24add_rms_norm_bias_customIfEvPhS0_S0_S0_S0_mmjff,AI_VECTOR_CORE,28,1404,5.520,1791521596620694.516	,1791521596620700.036	
2,N/A,EVENT_RECORD,28,1405,0.020,1791521596620715.776	,1791521596620715.796	
2,N/A,EVENT_RECORD,28,1406,0.000,1791521596620770.820	,1791521596620770.820	
2,_Z24add_rms_norm_bias_customIfEvPhS0_S0_S0_S0_mmjff,AI_VECTOR_CORE,28,1407,4.980,1791521596620778.380	,1791521596620783.360	
2,N/A,EVENT_RECORD,28,1408,0.020,1791521596620796.360	,1791521596620796.380	
2,N/A,EVENT_RECORD,28,1409,0.020,1791521596620852.620	,1791521596620852.640	
2,_Z24add_rms_norm_bias_customIfEvPhS0_S0_S0_S0_mmjff,AI_VECTOR_CORE,28,1410,6.000,1791521596620867.800	,1791521596620873.800	
2,N/A,EVENT_RECORD,28,1411,0.020,1791521596620883.200	,1791521596620883.220	
2,N/A,EVENT_RECORD,28,1412,0.020,1791521596620937.544	,1791521596620937.564	
2,_Z24add_rms_norm_bias_customIfEvPhS0_S0_S0_S0_mmjff,AI_VECTOR_CORE,28,1413,3.520,1791521596620953.204	,1791521596620956.724	
2,N/A,EVENT_RECORD,28,1414,0.020,1791521596620969.124	,1791521596620969.144	
2,N/A,EVENT_RECORD,28,1415,0.020,1791521596621018.684	,1791521596621018.704	
2,_Z24add_rms_norm_bias_customIfEvPhS0_S0_S0_S0_mmjff,AI_VECTOR_CORE,28,1416,5.720,1791521596621033.264	,1791521596621038.984	
2,N/A,EVENT_RECORD,28,1417,0.020,1791521596621046.644	,1791521596621046.664	
2,N/A,EVENT_RECORD,28,1418,0.020,1791521596621106.044	,1791521596621106.064	
2,_Z24add_rms_norm_bias_customIfEvPhS0_S0_S0_S0_mmjff,AI_VECTOR_CORE,28,1419,5.680,1791521596621111.384	,1791521596621117.064	
2,N/A,EVENT_RECORD,28,1420,0.024,1791521596621128.244	,1791521596621128.268	
2,N/A,EVENT_RECORD,28,1421,0.020,1791521596621194.808	,1791521596621194.828	
2,_Z24add_rms_norm_bias_customIfEvPhS0_S0_S0_S0_mmjff,AI_VECTOR_CORE,28,1422,3.440,1791521596621199.208	,1791521596621202.648	
2,N/A,EVENT_RECORD,28,1423,0.020,1791521596621222.068	,1791521596621222.088	
2,N/A,EVENT_RECORD,28,1424,0.020,1791521596621276.708	,1791521596621276.728	
2,_Z24add_rms_norm_bias_customIfEvPhS0_S0_S0_S0_mmjff,AI_VECTOR_CORE,28,1425,4.340,1791521596621278.868	,1791521596621283.208	
2,N/A,EVENT_RECORD,28,1426,0.020,1791521596621293.668	,1791521596621293.688	
2,N/A,EVENT_RECORD,28,1427,0.020,1791521596621353.272	,1791521596621353.292	
2,_Z24add_rms_norm_bias_customIfEvPhS0_S0_S0_S0_mmjff,AI_VECTOR_CORE,28,1428,3.520,1791521596621362.192	,1791521596621365.712	
2,N/A,EVENT_RECORD,28,1429,0.020,1791521596621380.312	,1791521596621380.332	
2,N/A,EVENT_RECORD,28,1430,0.020,1791521596621443.292	,1791521596621443.312	
2,_Z24add_rms_norm_bias_customIfEvPhS0_S0_S0_S0_mmjff,AI_VECTOR_CORE,28,1431,5.760,1791521596621447.032	,1791521596621452.792	
2,N/A,EVENT_RECORD,28,1432,0.020,1791521596621466.092	,1791521596621466.112	
2,N/A,EVENT_RECORD,28,1433,0.020,1791521596621524.352	,1791521596621524.372	
2,_Z24add_rms_norm_bias_customIfEvPhS0_S0_S0_S0_mmjff,AI_VECTOR_CORE,28,1434,3.220,1791521596621533.636	,1791521596621536.856	
2,N/A,EVENT_RECORD,28,1435,0.020,1791521596621551.636	,1791521596621551.656	
2,N/A,EVENT_RECORD,28,1436,0.020,1791521596621615.396	,1791521596621615.416	
2,_Z24add_rms_norm_bias_customIfEvPhS0_S0_S0_S0_mmjff,AI_VECTOR_CORE,28,1437,4.080,1791521596621618.936	,1791521596621623.016	
2,N/A,EVENT_RECORD,28,1438,0.020,1791521596621636.336	,1791521596621636.356	
2,N/A,EVENT_RECORD,28,1439,0.000,1791521596621702.256	,1791521596621702.256	
2,_Z24add_rms_norm_bias_customIfEvPhS0_S0_S0_S0_mmjff,AI_VECTOR_CORE,28,1440,4.780,1791521596621705.856	,1791521596621710.636	
2,N/A,EVENT_RECORD,28,1441,0.020,1791521596621724.616	,1791521596621724.636	
2,N/A,EVENT_RECORD,28,1442,0.020,1791521596621787.540	,1791521596621787.560	
2,_Z24add_rms_norm_bias_customIfEvPhS0_S0_S0_S0_mmjff,AI_VECTOR_CORE,28,1443,4.940,1791521596621793.120	,1791521596621798.060	
2,N/A,EVENT_RECORD,28,1444,0.020,1791521596621813.760	,1791521596621813.780	
2,N/A,EVENT_RECORD,28,1445,0.020,1791521596621874.000	,1791521596621874.020	
2,_Z24add_rms_norm_bias_customIfEvPhS0_S0_S0_S0_mmjff,AI_VECTOR_CORE,28,1446,4.660,1791521596621877.640	,1791521596621882.300	
2,N/A,EVENT_RECORD,28,1447,0.020,1791521596621899.620	,1791521596621899.640	
2,N/A,EVENT_RECORD,28,1448,0.020,1791521596621959.244	,1791521596621959.264	
2,_Z24add_rms_norm_bias_customIfEvPhS0_S0_S0_S0_mmjff,AI_VECTOR_CORE,28,1449,6.860,1791521596621963.264	,1791521596621970.124	
2,N/A,EVENT_RECORD,28,1450,0.020,1791521596621988.084	,1791521596621988.104	
2,N/A,EVENT_RECORD,28,1451,0.000,1791521596622036.104	,1791521596622036.104	
2,_Z24add_rms_norm_bias_customIfEvPhS0_S0_S0_S0_mmjff,AI_VECTOR_CORE,28,1452,4.860,1791521596622046.524	,1791521596622051.384	
2,N/A,EVENT_RECORD,28,1453,0.020,1791521596622063.244	,1791521596622063.264	
2,N/A,EVENT_RECORD,28,1454,0.020,1791521596622125.784	,1791521596622125.804	
2,_Z24add_rms_norm_bias_customIfEvPhS0_S0_S0_S0_mmjff,AI_VECTOR_CORE,28,1455,4.840,1791521596622129.348	,1791521596622134.188	
2,N/A,EVENT_RECORD,28,1456,0.020,1791521596622148.588	,1791521596622148.608	
2,N/A,EVENT_RECORD,28,1457,0.020,1791521596622205.708	,1791521596622205.728	
2,_Z24add_rms_norm_bias_customIfEvPhS0_S0_S0_S0_mmjff,AI_VECTOR_CORE,28,1458,14.160,1791521596622213.548	,1791521596622227.708	
2,N/A,EVENT_RECORD,28,1459,0.020,1791521596622227.728	,1791521596622227.748	
2,N/A,EVENT_RECORD,28,1460,0.020,1791521596622296.848	,1791521596622296.868	
2,_Z24add_rms_norm_bias_customIfEvPhS0_S0_S0_S0_mmjff,AI_VECTOR_CORE,28,1461,3.960,1791521596622301.668	,1791521596622305.628	
2,N/A,EVENT_RECORD,28,1462,0.020,1791521596622313.368	,1791521596622313.388	
2,N/A,EVENT_RECORD,28,1463,0.020,1791521596622376.512	,1791521596622376.532	
2,_Z24add_rms_norm_bias_customIfEvPhS0_S0_S0_S0_mmjff,AI_VECTOR_CORE,28,1464,4.860,1791521596622380.092	,1791521596622384.952	
2,N/A,EVENT_RECORD,28,1465,0.020,1791521596622400.372	,1791521596622400.392	
2,N/A,EVENT_RECORD,28,1466,0.020,1791521596622462.052	,1791521596622462.072	
2,_Z24add_rms_norm_bias_customIfEvPhS0_S0_S0_S0_mmjff,AI_VECTOR_CORE,28,1467,4.760,1791521596622464.272	,1791521596622469.032	
2,N/A,EVENT_RECORD,28,1468,0.020,1791521596622487.392	,1791521596622487.412	
2,N/A,EVENT_RECORD,28,1469,0.020,1791521596622535.776	,1791521596622535.796	
2,_Z24add_rms_norm_bias_customIfEvPhS0_S0_S0_S0_mmjff,AI_VECTOR_CORE,28,1470,4.520,1791521596622545.876	,1791521596622550.396	
2,N/A,EVENT_RECORD,28,1471,0.020,1791521596622565.636	,1791521596622565.656	
2,N/A,EVENT_RECORD,28,1472,0.020,1791521596622624.136	,1791521596622624.156	
2,_Z24add_rms_norm_bias_customIfEvPhS0_S0_S0_S0_mmjff,AI_VECTOR_CORE,28,1473,4.520,1791521596622627.896	,1791521596622632.416	
2,N/A,EVENT_RECORD,28,1474,0.020,1791521596622649.016	,1791521596622649.036	
2,N/A,EVENT_RECORD,28,1475,0.020,1791521596622703.396	,1791521596622703.416	
2,_Z24add_rms_norm_bias_customIfEvPhS0_S0_S0_S0_mmjff,AI_VECTOR_CORE,28,1476,4.980,1791521596622719.996	,1791521596622724.976	
2,N/A,EVENT_RECORD,28,1477,0.020,1791521596622726.336	,1791521596622726.356	
2,N/A,EVENT_RECORD,28,1478,0.020,1791521596622794.780	,1791521596622794.800	
2,_Z24add_rms_norm_bias_customIfEvPhS0_S0_S0_S0_mmjff,AI_VECTOR_CORE,28,1479,4.840,1791521596622797.500	,1791521596622802.340	
2,N/A,EVENT_RECORD,28,1480,0.020,1791521596622824.820	,1791521596622824.840	
2,N/A,EVENT_RECORD,28,1481,0.020,1791521596622891.080	,1791521596622891.100	
2,_Z24add_rms_norm_bias_customIfEvPhS0_S0_S0_S0_mmjff,AI_VECTOR_CORE,28,1482,3.360,1791521596622895.600	,1791521596622898.960	
2,N/A,EVENT_RECORD,28,1483,0.020,1791521596622907.300	,1791521596622907.320	
2,N/A,EVENT_RECORD,28,1484,0.020,1791521596622960.084	,1791521596622960.104	
2,_Z24add_rms_norm_bias_customIfEvPhS0_S0_S0_S0_mmjff,AI_VECTOR_CORE,28,1485,24.660,1791521596622972.784	,1791521596622997.444	
2,N/A,EVENT_RECORD,28,1486,0.020,1791521596622997.464	,1791521596622997.484	
2,N/A,EVENT_RECORD,28,1487,0.020,1791521596623067.784	,1791521596623067.804	
2,_Z24add_rms_norm_bias_customIfEvPhS0_S0_S0_S0_mmjff,AI_VECTOR_CORE,28,1488,4.880,1791521596623072.264	,1791521596623077.144	
2,N/A,EVENT_RECORD,28,1489,0.020,1791521596623082.864	,1791521596623082.884	
2,N/A,EVENT_RECORD,28,1490,0.020,1791521596623146.348	,1791521596623146.368	
2,_Z24add_rms_norm_bias_customIfEvPhS0_S0_S0_S0_mmjff,AI_VECTOR_CORE,28,1491,4.840,1791521596623151.248	,1791521596623156.088	
2,N/A,EVENT_RECORD,28,1492,0.020,1791521596623178.728	,1791521596623178.748	
2,N/A,EVENT_RECORD,28,1493,0.020,1791521596623233.648	,1791521596623233.668	
2,_Z24add_rms_norm_bias_customIfEvPhS0_S0_S0_S0_mmjff,AI_VECTOR_CORE,28,1494,4.280,1791521596623240.248	,1791521596623244.528	
2,N/A,EVENT_RECORD,28,1495,0.020,1791521596623255.728	,1791521596623255.748	
2,N/A,EVENT_RECORD,28,1496,0.024,1791521596623331.068	,1791521596623331.092	
2,_Z24add_rms_norm_bias_customIfEvPhS0_S0_S0_S0_mmjff,AI_VECTOR_CORE,28,1497,4.460,1791521596623335.832	,1791521596623340.292	
2,N/A,EVENT_RECORD,28,1498,0.020,1791521596623343.372	,1791521596623343.392	
2,N/A,EVENT_RECORD,28,1499,0.020,1791521596623404.492	,1791521596623404.512	
2,_Z24add_rms_norm_bias_customIfEvPhS0_S0_S0_S0_mmjff,AI_VECTOR_CORE,28,1500,4.800,1791521596623419.332	,1791521596623424.132	
2,N/A,EVENT_RECORD,28,1501,0.020,1791521596623426.512	,1791521596623426.532	
2,N/A,EVENT_RECORD,28,1502,0.020,1791521596623498.012	,1791521596623498.032	
2,_Z24add_rms_norm_bias_customIfEvPhS0_S0_S0_S0_mmjff,AI_VECTOR_CORE,28,1503,4.840,1791521596623501.432	,1791521596623506.272	
2,N/A,EVENT_RECORD,28,1504,0.020,1791521596623509.732	,1791521596623509.752	
2,N/A,EVENT_RECORD,28,1505,0.020,1791521596623573.376	,1791521596623573.396	
2,_Z24add_rms_norm_bias_customIfEvPhS0_S0_S0_S0_mmjff,AI_VECTOR_CORE,28,1506,4.500,1791521596623577.036	,1791521596623581.536	
2,N/A,EVENT_RECORD,28,1507,0.020,1791521596623597.076	,1791521596623597.096	
2,N/A,EVENT_RECORD,28,1508,0.020,1791521596623658.456	,1791521596623658.476	
2,_Z24add_rms_norm_bias_customIfEvPhS0_S0_S0_S0_mmjff,AI_VECTOR_CORE,28,1509,4.620,1791521596623661.536	,1791521596623666.156	
2,N/A,EVENT_RECORD,28,1510,0.020,1791521596623682.856	,1791521596623682.876	
2,N/A,EVENT_RECORD,28,1511,0.020,1791521596623754.920	,1791521596623754.940	
2,_Z24add_rms_norm_bias_customIfEvPhS0_S0_S0_S0_mmjff,AI_VECTOR_CORE,28,1512,3.700,1791521596623770.500	,1791521596623774.200	
2,N/A,EVENT_RECORD,28,1513,0.000,1791521596623792.320	,1791521596623792.320	
2,N/A,EVENT_RECORD,28,1514,0.020,1791521596623848.720	,1791521596623848.740	
2,_Z24add_rms_norm_bias_customIfEvPhS0_S0_S0_S0_mmjff,AI_VECTOR_CORE,28,1515,4.940,1791521596623852.420	,1791521596623857.360	
2,N/A,EVENT_RECORD,28,1516,0.020,1791521596623873.300	,1791521596623873.320	
2,N/A,EVENT_RECORD,28,1517,0.016,1791521596623931.324	,1791521596623931.340	
2,_Z24add_rms_norm_bias_customIfEvPhS0_S0_S0_S0_mmjff,AI_VECTOR_CORE,28,1518,4.680,1791521596623946.164	,1791521596623950.844	
2,N/A,EVENT_RECORD,28,1519,0.020,1791521596623965.244	,1791521596623965.264	
2,N/A,EVENT_RECORD,28,1520,0.020,1791521596624023.304	,1791521596624023.324	
2,_Z24add_rms_norm_bias_customIfEvPhS0_S0_S0_S0_mmjff,AI_VECTOR_CORE,28,1521,7.780,1791521596624026.024	,1791521596624033.804	
2,N/A,EVENT_RECORD,28,1522,0.020,1791521596624046.044	,1791521596624046.064	
2,N/A,EVENT_RECORD,28,1523,0.020,1791521596624103.804	,1791521596624103.824	
2,_Z24add_rms_norm_bias_customIfEvPhS0_S0_S0_S0_mmjff,AI_VECTOR_CORE,28,1524,4.860,1791521596624107.164	,1791521596624112.024	
2,N/A,EVENT_RECORD,28,1525,0.024,1791521596624128.724	,1791521596624128.748	
2,N/A,EVENT_RECORD,28,1526,0.020,1791521596624201.848	,1791521596624201.868	
2,_Z24add_rms_norm_bias_customIfEvPhS0_S0_S0_S0_mmjff,AI_VECTOR_CORE,28,1527,5.460,1791521596624205.608	,1791521596624211.068	
2,N/A,EVENT_RECORD,28,1528,0.020,1791521596624211.088	,1791521596624211.108	
2,N/A,EVENT_RECORD,28,1529,0.020,1791521596624279.228	,1791521596624279.248	
2,_Z24add_rms_norm_bias_customIfEvPhS0_S0_S0_S0_mmjff,AI_VECTOR_CORE,28,1530,4.260,1791521596624284.228	,1791521596624288.488	
2,N/A,EVENT_RECORD,28,1531,0.020,1791521596624310.228	,1791521596624310.248	
2,N/A,EVENT_RECORD,28,1532,0.020,1791521596624361.152	,1791521596624361.172	
2,_Z24add_rms_norm_bias_customIfEvPhS0_S0_S0_S0_mmjff,AI_VECTOR_CORE,28,1533,5.000,1791521596624371.232	,1791521596624376.232	
2,N/A,EVENT_RECORD,28,1534,0.020,1791521596624383.452	,1791521596624383.472	
2,N/A,EVENT_RECORD,28,1535,0.020,1791521596624439.992	,1791521596624440.012	
2,_Z24add_rms_norm_bias_customIfEvPhS0_S0_S0_S0_mmjff,AI_VECTOR_CORE,28,1536,5.080,1791521596624453.232	,1791521596624458.312	
2,N/A,EVENT_RECORD,28,1537,0.020,1791521596624477.872	,1791521596624477.892	
2,N/A,EVENT_RECORD,28,1538,0.016,1791521596624531.276	,1791521596624531.292	
2,_Z24add_rms_norm_bias_customIfEvPhS0_S0_S0_S0_mmjff,AI_VECTOR_CORE,28,1539,6.064,1791521596624533.972	,1791521596624540.036	
2,N/A,EVENT_RECORD,28,1540,0.020,1791521596624554.636	,1791521596624554.656	
2,N/A,EVENT_RECORD,28,1541,0.020,1791521596624618.916	,1791521596624618.936	
2,_Z24add_rms_norm_bias_customIfEvPhS0_S0_S0_S0_mmjff,AI_VECTOR_CORE,28,1542,4.620,1791521596624622.036	,1791521596624626.656	
2,N/A,EVENT_RECORD,28,1543,0.000,1791521596624641.016	,1791521596624641.016	
2,N/A,EVENT_RECORD,28,1544,0.020,1791521596624695.336	,1791521596624695.356	
2,_Z24add_rms_norm_bias_customIfEvPhS0_S0_S0_S0_mmjff,AI_VECTOR_CORE,28,1545,4.440,1791521596624703.356	,1791521596624707.796	
2,N/A,EVENT_RECORD,28,1546,0.020,1791521596624723.556	,1791521596624723.576	
2,N/A,EVENT_RECORD,28,1547,0.020,1791521596624778.460	,1791521596624778.480	
2,_Z24add_rms_norm_bias_customIfEvPhS0_S0_S0_S0_mmjff,AI_VECTOR_CORE,28,1548,4.960,1791521596624787.580	,1791521596624792.540	
2,N/A,EVENT_RECORD,28,1549,0.020,1791521596624804.880	,1791521596624804.900	
2,N/A,EVENT_RECORD,28,1550,0.020,1791521596624865.740	,1791521596624865.760	
2,_Z24add_rms_norm_bias_customIfEvPhS0_S0_S0_S0_mmjff,AI_VECTOR_CORE,28,1551,4.940,1791521596624869.620	,1791521596624874.560	
2,N/A,EVENT_RECORD,28,1552,0.020,1791521596624893.260	,1791521596624893.280	
2,N/A,EVENT_RECORD,28,1553,0.020,1791521596624949.924	,1791521596624949.944	
2,_Z24add_rms_norm_bias_customIfEvPhS0_S0_S0_S0_mmjff,AI_VECTOR_CORE,28,1554,5.000,1791521596624954.884	,1791521596624959.884	
2,N/A,EVENT_RECORD,28,1555,0.020,1791521596624982.804	,1791521596624982.824	
2,N/A,EVENT_RECORD,28,1556,0.020,1791521596625050.264	,1791521596625050.284	
2,_Z24add_rms_norm_bias_customIfEvPhS0_S0_S0_S0_mmjff,AI_VECTOR_CORE,28,1557,5.000,1791521596625054.464	,1791521596625059.464	
2,N/A,EVENT_RECORD,28,1558,0.020,1791521596625064.244	,1791521596625064.264	
2,N/A,EVENT_RECORD,28,1559,0.020,1791521596625123.584	,1791521596625123.604	
2,_Z24add_rms_norm_bias_customIfEvPhS0_S0_S0_S0_mmjff,AI_VECTOR_CORE,28,1560,3.656,1791521596625131.188	,1791521596625134.844	
2,N/A,EVENT_RECORD,28,1561,0.020,1791521596625152.268	,1791521596625152.288	
2,N/A,EVENT_RECORD,28,1562,0.020,1791521596625207.828	,1791521596625207.848	
2,_Z24add_rms_norm_bias_customIfEvPhS0_S0_S0_S0_mmjff,AI_VECTOR_CORE,28,1563,4.840,1791521596625212.728	,1791521596625217.568	
2,N/A,EVENT_RECORD,28,1564,0.020,1791521596625243.748	,1791521596625243.768	
2,N/A,EVENT_RECORD,28,1565,0.020,1791521596625300.428	,1791521596625300.448	
2,_Z24add_rms_norm_bias_customIfEvPhS0_S0_S0_S0_mmjff,AI_VECTOR_CORE,28,1566,17.784,1791521596625316.148	,1791521596625333.932	
2,N/A,EVENT_RECORD,28,1567,0.024,1791521596625335.228	,1791521596625335.252	
2,N/A,EVENT_RECORD,28,1568,0.020,1791521596625392.152	,1791521596625392.172	
2,_Z24add_rms_norm_bias_customIfEvPhS0_S0_S0_S0_mmjff,AI_VECTOR_CORE,28,1569,4.560,1791521596625396.052	,1791521596625400.612	
2,N/A,EVENT_RECORD,28,1570,0.020,1791521596625416.872	,1791521596625416.892	
2,N/A,EVENT_RECORD,28,1571,0.020,1791521596625471.712	,1791521596625471.732	
2,_Z24add_rms_norm_bias_customIfEvPhS0_S0_S0_S0_mmjff,AI_VECTOR_CORE,28,1572,5.660,1791521596625474.912	,1791521596625480.572	
2,N/A,EVENT_RECORD,28,1573,0.020,1791521596625491.112	,1791521596625491.132	
2,N/A,EVENT_RECORD,28,1574,0.020,1791521596625551.736	,1791521596625551.756	
2,_Z24add_rms_norm_bias_customIfEvPhS0_S0_S0_S0_mmjff,AI_VECTOR_CORE,28,1575,5.860,1791521596625555.336	,1791521596625561.196	
2,N/A,EVENT_RECORD,28,1576,0.020,1791521596625578.996	,1791521596625579.016	
2,N/A,EVENT_RECORD,28,1577,0.020,1791521596625629.656	,1791521596625629.676	
2,_Z24add_rms_norm_bias_customIfEvPhS0_S0_S0_S0_mmjff,AI_VECTOR_CORE,28,1578,3.900,1791521596625642.656	,1791521596625646.556	
2,N/A,EVENT_RECORD,28,1579,0.020,1791521596625658.356	,1791521596625658.376	
2,N/A,EVENT_RECORD,28,1580,0.020,1791521596625709.356	,1791521596625709.376	
2,_Z24add_rms_norm_bias_customIfEvPhS0_S0_S0_S0_mmjff,AI_VECTOR_CORE,28,1581,4.560,1791521596625723.156	,1791521596625727.716	
2,N/A,EVENT_RECORD,28,1582,0.020,1791521596625737.140	,1791521596625737.160	
2,N/A,EVENT_RECORD,28,1583,0.020,1791521596625794.320	,1791521596625794.340	
2,_Z24add_rms_norm_bias_customIfEvPhS0_S0_S0_S0_mmjff,AI_VECTOR_CORE,28,1584,3.660,1791521596625808.600	,1791521596625812.260	
2,N/A,EVENT_RECORD,28,1585,0.020,1791521596625824.580	,1791521596625824.600	
2,N/A,EVENT_RECORD,28,1586,0.020,1791521596625876.240	,1791521596625876.260	
2,_Z24add_rms_norm_bias_customIfEvPhS0_S0_S0_S0_mmjff,AI_VECTOR_CORE,28,1587,5.140,1791521596625888.900	,1791521596625894.040	
2,N/A,EVENT_RECORD,28,1588,0.020,1791521596625908.920	,1791521596625908.940	
2,N/A,EVENT_RECORD,28,1589,0.020,1791521596625961.984	,1791521596625962.004	
2,_Z24add_rms_norm_bias_customIfEvPhS0_S0_S0_S0_mmjff,AI_VECTOR_CORE,28,1590,3.360,1791521596625975.124	,1791521596625978.484	
2,N/A,EVENT_RECORD,28,1591,0.020,1791521596625997.964	,1791521596625997.984	
2,N/A,EVENT_RECORD,28,1592,0.020,1791521596626060.004	,1791521596626060.024	
2,_Z24add_rms_norm_bias_customIfEvPhS0_S0_S0_S0_mmjff,AI_VECTOR_CORE,28,1593,4.120,1791521596626064.744	,1791521596626068.864	
2,N/A,EVENT_RECORD,28,1594,0.020,1791521596626077.064	,1791521596626077.084	
2,N/A,EVENT_RECORD,28,1595,0.016,1791521596626131.268	,1791521596626131.284	
2,_Z24add_rms_norm_bias_customIfEvPhS0_S0_S0_S0_mmjff,AI_VECTOR_CORE,28,1596,4.740,1791521596626142.508	,1791521596626147.248	
2,N/A,EVENT_RECORD,28,1597,0.020,1791521596626158.328	,1791521596626158.348	
2,N/A,EVENT_RECORD,28,1598,0.020,1791521596626227.088	,1791521596626227.108	
2,_Z24add_rms_norm_bias_customIfEvPhS0_S0_S0_S0_mmjff,AI_VECTOR_CORE,28,1599,4.940,1791521596626231.968	,1791521596626236.908	
2,N/A,EVENT_RECORD,28,1600,0.020,1791521596626258.248	,1791521596626258.268	
2,N/A,EVENT_RECORD,28,1601,0.020,1791521596626308.068	,1791521596626308.088	
2,_Z24add_rms_norm_bias_customIfEvPhS0_S0_S0_S0_mmjff,AI_VECTOR_CORE,28,1602,4.660,1791521596626317.268	,1791521596626321.928	
2,N/A,EVENT_RECORD,28,1603,0.000,1791521596626339.132	,1791521596626339.132	
2,N/A,EVENT_RECORD,28,1604,0.000,1791521596626403.612	,1791521596626403.612	
2,_Z24add_rms_norm_bias_customIfEvPhS0_S0_S0_S0_mmjff,AI_VECTOR_CORE,28,1605,4.560,1791521596626406.332	,1791521596626410.892	
2,N/A,EVENT_RECORD,28,1606,0.020,1791521596626426.332	,1791521596626426.352	
2,N/A,EVENT_RECORD,28,1607,0.020,1791521596626486.072	,1791521596626486.092	
2,_Z24add_rms_norm_bias_customIfEvPhS0_S0_S0_S0_mmjff,AI_VECTOR_CORE,28,1608,4.840,1791521596626489.372	,1791521596626494.212	
2,N/A,EVENT_RECORD,28,1609,0.020,1791521596626509.552	,1791521596626509.572	
2,N/A,EVENT_RECORD,28,1610,0.020,1791521596626566.956	,1791521596626566.976	
2,_Z24add_rms_norm_bias_customIfEvPhS0_S0_S0_S0_mmjff,AI_VECTOR_CORE,28,1611,4.840,1791521596626576.736	,1791521596626581.576	
2,N/A,EVENT_RECORD,28,1612,0.020,1791521596626596.716	,1791521596626596.736	
2,N/A,EVENT_RECORD,28,1613,0.020,1791521596626657.256	,1791521596626657.276	
2,_Z24add_rms_norm_bias_customIfEvPhS0_S0_S0_S0_mmjff,AI_VECTOR_CORE,28,1614,10.800,1791521596626663.816	,1791521596626674.616	
2,N/A,EVENT_RECORD,28,1615,0.020,1791521596626679.896	,1791521596626679.916	
2,N/A,EVENT_RECORD,28,1616,0.020,1791521596626745.200	,1791521596626745.220	
2,_Z24add_rms_norm_bias_customIfEvPhS0_S0_S0_S0_mmjff,AI_VECTOR_CORE,28,1617,4.320,1791521596626748.800	,1791521596626753.120	
2,N/A,EVENT_RECORD,28,1618,0.020,1791521596626769.800	,1791521596626769.820	
2,N/A,EVENT_RECORD,28,1619,0.020,1791521596626816.500	,1791521596626816.520	
2,_Z24add_rms_norm_bias_customIfEvPhS0_S0_S0_S0_mmjff,AI_VECTOR_CORE,28,1620,5.060,1791521596626831.480	,1791521596626836.540	
2,N/A,EVENT_RECORD,28,1621,0.020,1791521596626852.420	,1791521596626852.440	
2,N/A,EVENT_RECORD,28,1622,0.020,1791521596626917.400	,1791521596626917.420	
2,_Z24add_rms_norm_bias_customIfEvPhS0_S0_S0_S0_mmjff,AI_VECTOR_CORE,28,1623,14.304,1791521596626920.420	,1791521596626934.724	
2,N/A,EVENT_RECORD,28,1624,0.024,1791521596626934.740	,1791521596626934.764	
2,N/A,EVENT_RECORD,28,1625,0.020,1791521596626995.044	,1791521596626995.064	
2,_Z24add_rms_norm_bias_customIfEvPhS0_S0_S0_S0_mmjff,AI_VECTOR_CORE,28,1626,4.600,1791521596626999.964	,1791521596627004.564	
2,N/A,EVENT_RECORD,28,1627,0.020,1791521596627028.284	,1791521596627028.304	
2,N/A,EVENT_RECORD,28,1628,0.020,1791521596627077.264	,1791521596627077.284	
2,_Z24add_rms_norm_bias_customIfEvPhS0_S0_S0_S0_mmjff,AI_VECTOR_CORE,28,1629,4.500,1791521596627091.664	,1791521596627096.164	
2,N/A,EVENT_RECORD,28,1630,0.020,1791521596627110.524	,1791521596627110.544	
2,N/A,EVENT_RECORD,28,1631,0.020,1791521596627168.908	,1791521596627168.928	
2,_Z24add_rms_norm_bias_customIfEvPhS0_S0_S0_S0_mmjff,AI_VECTOR_CORE,28,1632,4.060,1791521596627173.748	,1791521596627177.808	
2,N/A,EVENT_RECORD,28,1633,0.020,1791521596627202.308	,1791521596627202.328	
2,N/A,EVENT_RECORD,28,1634,0.000,1791521596627268.788	,1791521596627268.788	
2,_Z24add_rms_norm_bias_customIfEvPhS0_S0_S0_S0_mmjff,AI_VECTOR_CORE,28,1635,4.820,1791521596627273.408	,1791521596627278.228	
2,N/A,EVENT_RECORD,28,1636,0.020,1791521596627285.408	,1791521596627285.428	
2,N/A,EVENT_RECORD,28,1637,0.020,1791521596627351.512	,1791521596627351.532	
2,_Z24add_rms_norm_bias_customIfEvPhS0_S0_S0_S0_mmjff,AI_VECTOR_CORE,28,1638,35.060,1791521596627353.672	,1791521596627388.732	
2,N/A,EVENT_RECORD,28,1639,0.020,1791521596627388.752	,1791521596627388.772	
2,N/A,EVENT_RECORD,28,1640,0.020,1791521596627457.772	,1791521596627457.792	
2,_Z24add_rms_norm_bias_customIfEvPhS0_S0_S0_S0_mmjff,AI_VECTOR_CORE,28,1641,6.860,1791521596627465.212	,1791521596627472.072	
2,N/A,EVENT_RECORD,28,1642,0.020,1791521596627485.352	,1791521596627485.372	
2,N/A,EVENT_RECORD,28,1643,0.020,1791521596627547.116	,1791521596627547.136	
2,_Z24add_rms_norm_bias_customIfEvPhS0_S0_S0_S0_mmjff,AI_VECTOR_CORE,28,1644,4.820,1791521596627549.636	,1791521596627554.456	
2,N/A,EVENT_RECORD,28,1645,0.020,1791521596627568.956	,1791521596627568.976	
2,N/A,EVENT_RECORD,28,1646,0.020,1791521596627620.736	,1791521596627620.756	
2,_Z24add_rms_norm_bias_customIfEvPhS0_S0_S0_S0_mmjff,AI_VECTOR_CORE,28,1647,4.820,1791521596627635.776	,1791521596627640.596	
2,N/A,EVENT_RECORD,28,1648,0.020,1791521596627650.716	,1791521596627650.736	
2,N/A,EVENT_RECORD,28,1649,0.020,1791521596627718.516	,1791521596627718.536	
2,_Z24add_rms_norm_bias_customIfEvPhS0_S0_S0_S0_mmjff,AI_VECTOR_CORE,28,1650,4.224,1791521596627731.356	,1791521596627735.580	
2,N/A,EVENT_RECORD,28,1651,0.020,1791521596627749.380	,1791521596627749.400	
2,N/A,EVENT_RECORD,28,1652,0.020,1791521596627802.380	,1791521596627802.400	
2,_Z24add_rms_norm_bias_customIfEvPhS0_S0_S0_S0_mmjff,AI_VECTOR_CORE,28,1653,5.240,1791521596627821.220	,1791521596627826.460	
2,N/A,EVENT_RECORD,28,1654,0.020,1791521596627829.840	,1791521596627829.860	
2,N/A,EVENT_RECORD,28,1655,0.020,1791521596627884.280	,1791521596627884.300	
2,_Z24add_rms_norm_bias_customIfEvPhS0_S0_S0_S0_mmjff,AI_VECTOR_CORE,28,1656,4.900,1791521596627888.980	,1791521596627893.880	
2,N/A,EVENT_RECORD,28,1657,0.020,1791521596627906.880	,1791521596627906.900	
2,N/A,EVENT_RECORD,28,1658,0.020,1791521596627970.844	,1791521596627970.864	
2,_Z24add_rms_norm_bias_customIfEvPhS0_S0_S0_S0_mmjff,AI_VECTOR_CORE,28,1659,4.880,1791521596627975.404	,1791521596627980.284	
2,N/A,EVENT_RECORD,28,1660,0.020,1791521596628002.624	,1791521596628002.644	
2,N/A,EVENT_RECORD,28,1661,0.020,1791521596628065.944	,1791521596628065.964	
2,_Z24add_rms_norm_bias_customIfEvPhS0_S0_S0_S0_mmjff,AI_VECTOR_CORE,28,1662,4.540,1791521596628070.304	,1791521596628074.844	
2,N/A,EVENT_RECORD,28,1663,0.020,1791521596628092.584	,1791521596628092.604	
2,N/A,EVENT_RECORD,28,1664,0.020,1791521596628155.408	,1791521596628155.428	
2,_Z24add_rms_norm_bias_customIfEvPhS0_S0_S0_S0_mmjff,AI_VECTOR_CORE,28,1665,4.420,1791521596628158.608	,1791521596628163.028	
2,N/A,EVENT_RECORD,28,1666,0.020,1791521596628177.068	,1791521596628177.088	
2,N/A,EVENT_RECORD,28,1667,0.020,1791521596628231.288	,1791521596628231.308	
2,_Z24add_rms_norm_bias_customIfEvPhS0_S0_S0_S0_mmjff,AI_VECTOR_CORE,28,1668,4.840,1791521596628234.588	,1791521596628239.428	
2,N/A,EVENT_RECORD,28,1669,0.020,1791521596628253.268	,1791521596628253.288	
2,N/A,EVENT_RECORD,28,1670,0.020,1791521596628311.868	,1791521596628311.888	
2,_Z24add_rms_norm_bias_customIfEvPhS0_S0_S0_S0_mmjff,AI_VECTOR_CORE,28,1671,4.860,1791521596628320.428	,1791521596628325.288	
2,N/A,EVENT_RECORD,28,1672,0.024,1791521596628338.468	,1791521596628338.492	
2,N/A,EVENT_RECORD,28,1673,0.020,1791521596628387.812	,1791521596628387.832	
2,_Z24add_rms_norm_bias_customIfEvPhS0_S0_S0_S0_mmjff,AI_VECTOR_CORE,28,1674,24.680,1791521596628399.172	,1791521596628423.852	
2,N/A,EVENT_RECORD,28,1675,0.000,1791521596628423.892	,1791521596628423.892	
2,N/A,EVENT_RECORD,28,1676,0.020,1791521596628477.792	,1791521596628477.812	
2,_Z24add_rms_norm_bias_customIfEvPhS0_S0_S0_S0_mmjff,AI_VECTOR_CORE,28,1677,4.060,1791521596628481.692	,1791521596628485.752	
2,N/A,EVENT_RECORD,28,1678,0.020,1791521596628506.332	,1791521596628506.352	
2,N/A,EVENT_RECORD,28,1679,0.020,1791521596628565.076	,1791521596628565.096	
2,_Z24add_rms_norm_bias_customIfEvPhS0_S0_S0_S0_mmjff,AI_VECTOR_CORE,28,1680,5.940,1791521596628568.556	,1791521596628574.496	
2,N/A,EVENT_RECORD,28,1681,0.020,1791521596628590.736	,1791521596628590.756	
2,N/A,EVENT_RECORD,28,1682,0.020,1791521596628645.596	,1791521596628645.616	
2,_Z24add_rms_norm_bias_customIfEvPhS0_S0_S0_S0_mmjff,AI_VECTOR_CORE,28,1683,5.640,1791521596628649.176	,1791521596628654.816	
2,N/A,EVENT_RECORD,28,1684,0.020,1791521596628669.536	,1791521596628669.556	
2,N/A,EVENT_RECORD,28,1685,0.000,1791521596628720.576	,1791521596628720.576	
2,_Z24add_rms_norm_bias_customIfEvPhS0_S0_S0_S0_mmjff,AI_VECTOR_CORE,28,1686,3.584,1791521596628732.516	,1791521596628736.100	
2,N/A,EVENT_RECORD,28,1687,0.020,1791521596628758.940	,1791521596628758.960	
2,N/A,EVENT_RECORD,28,1688,0.000,1791521596628817.820	,1791521596628817.820	
2,_Z24add_rms_norm_bias_customIfEvPhS0_S0_S0_S0_mmjff,AI_VECTOR_CORE,28,1689,4.520,1791521596628821.020	,1791521596628825.540	
2,N/A,EVENT_RECORD,28,1690,0.020,1791521596628839.000	,1791521596628839.020	
2,N/A,EVENT_RECORD,28,1691,0.020,1791521596628893.140	,1791521596628893.160	
2,_Z24add_rms_norm_bias_customIfEvPhS0_S0_S0_S0_mmjff,AI_VECTOR_CORE,28,1692,4.840,1791521596628907.640	,1791521596628912.480	
2,N/A,EVENT_RECORD,28,1693,0.020,1791521596628926.340	,1791521596628926.360	
2,N/A,EVENT_RECORD,28,1694,0.020,1791521596628984.244	,1791521596628984.264	
2,_Z24add_rms_norm_bias_customIfEvPhS0_S0_S0_S0_mmjff,AI_VECTOR_CORE,28,1695,5.000,1791521596628990.784	,1791521596628995.784	
2,N/A,EVENT_RECORD,28,1696,0.020,1791521596629014.824	,1791521596629014.844	
2,N/A,EVENT_RECORD,28,1697,0.000,1791521596629070.284	,1791521596629070.284	
2,_Z24add_rms_norm_bias_customIfEvPhS0_S0_S0_S0_mmjff,AI_VECTOR_CORE,28,1698,4.580,1791521596629073.524	,1791521596629078.104	
2,N/A,EVENT_RECORD,28,1699,0.020,1791521596629100.284	,1791521596629100.304	
2,N/A,EVENT_RECORD,28,1700,0.020,1791521596629167.148	,1791521596629167.168	
2,_Z24add_rms_norm_bias_customIfEvPhS0_S0_S0_S0_mmjff,AI_VECTOR_CORE,28,1701,4.480,1791521596629172.428	,1791521596629176.908	
2,N/A,EVENT_RECORD,28,1702,0.020,1791521596629191.048	,1791521596629191.068	
2,N/A,EVENT_RECORD,28,1703,0.020,1791521596629252.268	,1791521596629252.288	
2,_Z24add_rms_norm_bias_customIfEvPhS0_S0_S0_S0_mmjff,AI_VECTOR_CORE,28,1704,4.920,1791521596629257.908	,1791521596629262.828	
2,N/A,EVENT_RECORD,28,1705,0.020,1791521596629274.288	,1791521596629274.308	
2,N/A,EVENT_RECORD,28,1706,0.000,1791521596629340.872	,1791521596629340.872	
2,_Z24add_rms_norm_bias_customIfEvPhS0_S0_S0_S0_mmjff,AI_VECTOR_CORE,28,1707,7.540,1791521596629342.592	,1791521596629350.132	
2,N/A,EVENT_RECORD,28,1708,0.020,1791521596629362.032	,1791521596629362.052	
2,N/A,EVENT_RECORD,28,1709,0.020,1791521596629423.392	,1791521596629423.412	
2,_Z24add_rms_norm_bias_customIfEvPhS0_S0_S0_S0_mmjff,AI_VECTOR_CORE,28,1710,3.720,1791521596629427.152	,1791521596629430.872	
2,N/A,EVENT_RECORD,28,1711,0.020,1791521596629448.232	,1791521596629448.252	
2,N/A,EVENT_RECORD,28,1712,0.020,1791521596629496.432	,1791521596629496.452	
2,_Z24add_rms_norm_bias_customIfEvPhS0_S0_S0_S0_mmjff,AI_VECTOR_CORE,28,1713,5.060,1791521596629514.272	,1791521596629519.332	
2,N/A,EVENT_RECORD,28,1714,0.024,1791521596629537.172	,1791521596629537.196	
2,N/A,EVENT_RECORD,28,1715,0.020,1791521596629588.976	,1791521596629588.996	
2,_Z24add_rms_norm_bias_customIfEvPhS0_S0_S0_S0_mmjff,AI_VECTOR_CORE,28,1716,5.140,1791521596629601.136	,1791521596629606.276	
2,N/A,EVENT_RECORD,28,1717,0.020,1791521596629617.436	,1791521596629617.456	
2,N/A,EVENT_RECORD,28,1718,0.020,1791521596629679.056	,1791521596629679.076	
2,_Z24add_rms_norm_bias_customIfEvPhS0_S0_S0_S0_mmjff,AI_VECTOR_CORE,28,1719,34.100,1791521596629685.196	,1791521596629719.296	
2,N/A,EVENT_RECORD,28,1720,0.020,1791521596629719.316	,1791521596629719.336	
2,N/A,EVENT_RECORD,28,1721,0.000,1791521596629773.320	,1791521596629773.320	
2,_Z24add_rms_norm_bias_customIfEvPhS0_S0_S0_S0_mmjff,AI_VECTOR_CORE,28,1722,4.440,1791521596629776.720	,1791521596629781.160	
2,N/A,EVENT_RECORD,28,1723,0.000,1791521596629794.480	,1791521596629794.480	
2,N/A,EVENT_RECORD,28,1724,0.020,1791521596629855.140	,1791521596629855.160	
2,_Z24add_rms_norm_bias_customIfEvPhS0_S0_S0_S0_mmjff,AI_VECTOR_CORE,28,1725,4.880,1791521596629863.720	,1791521596629868.600	
2,N/A,EVENT_RECORD,28,1726,0.020,1791521596629877.140	,1791521596629877.160	
2,N/A,EVENT_RECORD,28,1727,0.020,1791521596629940.784	,1791521596629940.804	
2,_Z24add_rms_norm_bias_customIfEvPhS0_S0_S0_S0_mmjff,AI_VECTOR_CORE,28,1728,4.660,1791521596629946.644	,1791521596629951.304	
2,N/A,EVENT_RECORD,28,1729,0.000,1791521596629966.264	,1791521596629966.264	
2,N/A,EVENT_RECORD,28,1730,0.020,1791521596630024.324	,1791521596630024.344	
2,_Z24add_rms_norm_bias_customIfEvPhS0_S0_S0_S0_mmjff,AI_VECTOR_CORE,28,1731,4.820,1791521596630032.464	,1791521596630037.284	
2,N/A,EVENT_RECORD,28,1732,0.020,1791521596630055.184	,1791521596630055.204	
2,N/A,EVENT_RECORD,28,1733,0.020,1791521596630106.064	,1791521596630106.084	
2,_Z24add_rms_norm_bias_customIfEvPhS0_S0_S0_S0_mmjff,AI_VECTOR_CORE,28,1734,3.520,1791521596630111.504	,1791521596630115.024	
2,N/A,EVENT_RECORD,28,1735,0.020,1791521596630129.324	,1791521596630129.344	
2,N/A,EVENT_RECORD,28,1736,0.020,1791521596630196.668	,1791521596630196.688	
2,_Z24add_rms_norm_bias_customIfEvPhS0_S0_S0_S0_mmjff,AI_VECTOR_CORE,28,1737,5.200,1791521596630200.108	,1791521596630205.308	
2,N/A,EVENT_RECORD,28,1738,0.020,1791521596630221.228	,1791521596630221.248	
2,N/A,EVENT_RECORD,28,1739,0.020,1791521596630273.828	,1791521596630273.848	
2,_Z24add_rms_norm_bias_customIfEvPhS0_S0_S0_S0_mmjff,AI_VECTOR_CORE,28,1740,3.260,1791521596630279.468	,1791521596630282.728	
2,N/A,EVENT_RECORD,28,1741,0.020,1791521596630299.748	,1791521596630299.768	
2,N/A,EVENT_RECORD,28,1742,0.000,1791521596630365.552	,1791521596630365.552	
2,_Z24add_rms_norm_bias_customIfEvPhS0_S0_S0_S0_mmjff,AI_VECTOR_CORE,28,1743,4.800,1791521596630368.672	,1791521596630373.472	
2,N/A,EVENT_RECORD,28,1744,0.020,1791521596630390.092	,1791521596630390.112	
2,N/A,EVENT_RECORD,28,1745,0.020,1791521596630448.352	,1791521596630448.372	
2,_Z24add_rms_norm_bias_customIfEvPhS0_S0_S0_S0_mmjff,AI_VECTOR_CORE,28,1746,3.600,1791521596630453.832	,1791521596630457.432	
2,N/A,EVENT_RECORD,28,1747,0.020,1791521596630470.992	,1791521596630471.012	
2,N/A,EVENT_RECORD,28,1748,0.016,1791521596630534.916	,1791521596630534.932	
2,_Z24add_rms_norm_bias_customIfEvPhS0_S0_S0_S0_mmjff,AI_VECTOR_CORE,28,1749,4.704,1791521596630538.292	,1791521596630542.996	
2,N/A,EVENT_RECORD,28,1750,0.020,1791521596630557.616	,1791521596630557.636	
2,N/A,EVENT_RECORD,28,1751,0.020,1791521596630611.236	,1791521596630611.256	
2,_Z24add_rms_norm_bias_customIfEvPhS0_S0_S0_S0_mmjff,AI_VECTOR_CORE,28,1752,5.080,1791521596630628.876	,1791521596630633.956	
2,N/A,EVENT_RECORD,28,1753,0.020,1791521596630635.156	,1791521596630635.176	
2,_Z24add_rms_norm_bias_customIfEvPhS0_S0_S0_S0_mmjff,AI_VECTOR_CORE,28,1754,2.540,1791521596630959.464	,1791521596630962.004	
2,_Z24add_rms_norm_bias_customIfEvPhS0_S0_S0_S0_mmjff,AI_VECTOR_CORE,28,1755,2.420,1791521596631010.744	,1791521596631013.164	
2,_Z24add_rms_norm_bias_customIfEvPhS0_S0_S0_S0_mmjff,AI_VECTOR_CORE,28,1756,2.420,1791521596631033.624	,1791521596631036.044	
2,_Z24add_rms_norm_bias_customIfEvPhS0_S0_S0_S0_mmjff,AI_VECTOR_CORE,28,1757,2.340,1791521596631062.264	,1791521596631064.604	
2,_Z24add_rms_norm_bias_customIfEvPhS0_S0_S0_S0_mmjff,AI_VECTOR_CORE,28,1758,13.960,1791521596631084.244	,1791521596631098.204	
2,N/A,EVENT_RECORD,28,1759,0.020,1791521596631109.604	,1791521596631109.624	
2,_Z24add_rms_norm_bias_customIfEvPhS0_S0_S0_S0_mmjff,AI_VECTOR_CORE,28,1760,2.660,1791521596631167.148	,1791521596631169.808	
2,_Z24add_rms_norm_bias_customIfEvPhS0_S0_S0_S0_mmjff,AI_VECTOR_CORE,28,1761,2.240,1791521596631205.708	,1791521596631207.948	
2,_Z24add_rms_norm_bias_customIfEvPhS0_S0_S0_S0_mmjff,AI_VECTOR_CORE,28,1762,2.320,1791521596631237.028	,1791521596631239.348	
2,_Z24add_rms_norm_bias_customIfEvPhS0_S0_S0_S0_mmjff,AI_VECTOR_CORE,28,1763,2.340,1791521596631257.668	,1791521596631260.008	
2,_Z24add_rms_norm_bias_customIfEvPhS0_S0_S0_S0_mmjff,AI_VECTOR_CORE,28,1764,2.320,1791521596631284.988	,1791521596631287.308	
2,_Z24add_rms_norm_bias_customIfEvPhS0_S0_S0_S0_mmjff,AI_VECTOR_CORE,28,1765,2.360,1791521596631310.888	,1791521596631313.248	
2,_Z24add_rms_norm_bias_customIfEvPhS0_S0_S0_S0_mmjff,AI_VECTOR_CORE,28,1766,10.920,1791521596631347.472	,1791521596631358.392	
2,N/A,EVENT_RECORD,28,1767,0.020,1791521596631362.012	,1791521596631362.032	
2,_Z24add_rms_norm_bias_customIfEvPhS0_S0_S0_S0_mmjff,AI_VECTOR_CORE,28,1768,2.220,1791521596631416.932	,1791521596631419.152	
2,_Z24add_rms_norm_bias_customIfEvPhS0_S0_S0_S0_mmjff,AI_VECTOR_CORE,28,1769,2.200,1791521596631457.112	,1791521596631459.312	
2,_Z24add_rms_norm_bias_customIfEvPhS0_S0_S0_S0_mmjff,AI_VECTOR_CORE,28,1770,2.180,1791521596631484.312	,1791521596631486.492	
2,_Z24add_rms_norm_bias_customIfEvPhS0_S0_S0_S0_mmjff,AI_VECTOR_CORE,28,1771,2.200,1791521596631504.512	,1791521596631506.712	
2,_Z24add_rms_norm_bias_customIfEvPhS0_S0_S0_S0_mmjff,AI_VECTOR_CORE,28,1772,2.220,1791521596631532.252	,1791521596631534.472	
2,_Z24add_rms_norm_bias_customIfEvPhS0_S0_S0_S0_mmjff,AI_VECTOR_CORE,28,1773,2.140,1791521596631550.256	,1791521596631552.396	
2,_Z24add_rms_norm_bias_customIfEvPhS0_S0_S0_S0_mmjff,AI_VECTOR_CORE,28,1774,2.200,1791521596631580.016	,1791521596631582.216	
2,_Z24add_rms_norm_bias_customIfEvPhS0_S0_S0_S0_mmjff,AI_VECTOR_CORE,28,1775,2.140,1791521596631598.556	,1791521596631600.696	
2,_Z24add_rms_norm_bias_customIfEvPhS0_S0_S0_S0_mmjff,AI_VECTOR_CORE,28,1776,2.200,1791521596631626.496	,1791521596631628.696	
2,_Z24add_rms_norm_bias_customIfEvPhS0_S0_S0_S0_mmjff,AI_VECTOR_CORE,28,1777,2.340,1791521596631643.716	,1791521596631646.056	
2,_Z24add_rms_norm_bias_customIfEvPhS0_S0_S0_S0_mmjff,AI_VECTOR_CORE,28,1778,2.160,1791521596631666.176	,1791521596631668.336	
2,_Z24add_rms_norm_bias_customIfEvPhS0_S0_S0_S0_mmjff,AI_VECTOR_CORE,28,1779,2.260,1791521596631704.656	,1791521596631706.916	
2,_Z24add_rms_norm_bias_customIfEvPhS0_S0_S0_S0_mmjff,AI_VECTOR_CORE,28,1780,2.240,1791521596631731.756	,1791521596631733.996	
2,_Z24add_rms_norm_bias_customIfEvPhS0_S0_S0_S0_mmjff,AI_VECTOR_CORE,28,1781,2.220,1791521596631760.340	,1791521596631762.560	
2,_Z24add_rms_norm_bias_customIfEvPhS0_S0_S0_S0_mmjff,AI_VECTOR_CORE,28,1782,2.220,1791521596631777.900	,1791521596631780.120	
2,_Z24add_rms_norm_bias_customIfEvPhS0_S0_S0_S0_mmjff,AI_VECTOR_CORE,28,1783,7.180,1791521596631806.600	,1791521596631813.780	
2,_Z24add_rms_norm_bias_customIfEvPhS0_S0_S0_S0_mmjff,AI_VECTOR_CORE,28,1784,1.560,1791521596631837.060	,1791521596631838.620	
2,_Z24add_rms_norm_bias_customIfEvPhS0_S0_S0_S0_mmjff,AI_VECTOR_CORE,28,1785,2.380,1791521596631862.380	,1791521596631864.760	
2,_Z24add_rms_norm_bias_customIfEvPhS0_S0_S0_S0_mmjff,AI_VECTOR_CORE,28,1786,1.560,1791521596631885.140	,1791521596631886.700	
2,_Z24add_rms_norm_bias_customIfEvPhS0_S0_S0_S0_mmjff,AI_VECTOR_CORE,28,1787,1.560,1791521596631910.200	,1791521596631911.760	
2,_Z24add_rms_norm_bias_customIfEvPhS0_S0_S0_S0_mmjff,AI_VECTOR_CORE,28,1788,1.480,1791521596631929.740	,1791521596631931.220	
2,_Z24add_rms_norm_bias_customIfEvPhS0_S0_S0_S0_mmjff,AI_VECTOR_CORE,28,1789,2.180,1791521596631956.104	,1791521596631958.284	
2,_Z24add_rms_norm_bias_customIfEvPhS0_S0_S0_S0_mmjff,AI_VECTOR_CORE,28,1790,2.360,1791521596631982.404	,1791521596631984.764	
2,_Z24add_rms_norm_bias_customIfEvPhS0_S0_S0_S0_mmjff,AI_VECTOR_CORE,28,1791,2.260,1791521596632002.344	,1791521596632004.604	
2,_Z24add_rms_norm_bias_customIfEvPhS0_S0_S0_S0_mmjff,AI_VECTOR_CORE,28,1792,2.220,1791521596632029.324	,1791521596632031.544	
2,_Z24add_rms_norm_bias_customIfEvPhS0_S0_S0_S0_mmjff,AI_VECTOR_CORE,28,1793,2.320,1791521596632049.344	,1791521596632051.664	
2,_Z24add_rms_norm_bias_customIfEvPhS0_S0_S0_S0_mmjff,AI_VECTOR_CORE,28,1794,2.380,1791521596632069.164	,1791521596632071.544	
2,_Z24add_rms_norm_bias_customIfEvPhS0_S0_S0_S0_mmjff,AI_VECTOR_CORE,28,1795,2.360,1791521596632098.364	,1791521596632100.724	
2,_Z24add_rms_norm_bias_customIfEvPhS0_S0_S0_S0_mmjff,AI_VECTOR_CORE,28,1796,2.340,1791521596632117.204	,1791521596632119.544	
2,_Z24add_rms_norm_bias_customIfEvPhS0_S0_S0_S0_mmjff,AI_VECTOR_CORE,28,1797,2.280,1791521596632140.308	,1791521596632142.588	
2,_Z24add_rms_norm_bias_customIfEvPhS0_S0_S0_S0_mmjff,AI_VECTOR_CORE,28,1798,2.260,1791521596632166.588	,1791521596632168.848	
2,_Z24add_rms_norm_bias_customIfEvPhS0_S0_S0_S0_mmjff,AI_VECTOR_CORE,28,1799,2.300,1791521596632192.188	,1791521596632194.488	
2,_Z24add_rms_norm_bias_customIfEvPhS0_S0_S0_S0_mmjff,AI_VECTOR_CORE,28,1800,2.360,1791521596632222.748	,1791521596632225.108	
2,_Z24add_rms_norm_bias_customIfEvPhS0_S0_S0_S0_mmjff,AI_VECTOR_CORE,28,1801,2.360,1791521596632242.448	,1791521596632244.808	
2,_Z24add_rms_norm_bias_customIfEvPhS0_S0_S0_S0_mmjff,AI_VECTOR_CORE,28,1802,7.860,1791521596632262.448	,1791521596632270.308	
2,_Z24add_rms_norm_bias_customIfEvPhS0_S0_S0_S0_mmjff,AI_VECTOR_CORE,28,1803,2.140,1791521596632302.368	,1791521596632304.508	
2,N/A,EVENT_RECORD,28,1804,0.020,1791521596632323.368	,1791521596632323.388	
2,_Z24add_rms_norm_bias_customIfEvPhS0_S0_S0_S0_mmjff,AI_VECTOR_CORE,28,1805,2.100,1791521596632378.732	,1791521596632380.832	
2,_Z24add_rms_norm_bias_customIfEvPhS0_S0_S0_S0_mmjff,AI_VECTOR_CORE,28,1806,2.220,1791521596632416.472	,1791521596632418.692	
2,_Z24add_rms_norm_bias_customIfEvPhS0_S0_S0_S0_mmjff,AI_VECTOR_CORE,28,1807,2.100,1791521596632443.952	,1791521596632446.052	
2,_Z24add_rms_norm_bias_customIfEvPhS0_S0_S0_S0_mmjff,AI_VECTOR_CORE,28,1808,2.180,1791521596632463.992	,1791521596632466.172	
2,_Z24add_rms_norm_bias_customIfEvPhS0_S0_S0_S0_mmjff,AI_VECTOR_CORE,28,1809,2.300,1791521596632490.632	,1791521596632492.932	
2,_Z24add_rms_norm_bias_customIfEvPhS0_S0_S0_S0_mmjff,AI_VECTOR_CORE,28,1810,2.160,1791521596632509.172	,1791521596632511.332	
2,_Z24add_rms_norm_bias_customIfEvPhS0_S0_S0_S0_mmjff,AI_VECTOR_CORE,28,1811,2.200,1791521596632536.956	,1791521596632539.156	
2,_Z24add_rms_norm_bias_customIfEvPhS0_S0_S0_S0_mmjff,AI_VECTOR_CORE,28,1812,2.240,1791521596632555.896	,1791521596632558.136	
2,_Z24add_rms_norm_bias_customIfEvPhS0_S0_S0_S0_mmjff,AI_VECTOR_CORE,28,1813,2.220,1791521596632583.196	,1791521596632585.416	
2,_Z24add_rms_norm_bias_customIfEvPhS0_S0_S0_S0_mmjff,AI_VECTOR_CORE,28,1814,2.160,1791521596632601.976	,1791521596632604.136	
2,_Z24add_rms_norm_bias_customIfEvPhS0_S0_S0_S0_mmjff,AI_VECTOR_CORE,28,1815,6.860,1791521596632639.096	,1791521596632645.956	
2,N/A,EVENT_RECORD,28,1816,0.000,1791521596632654.736	,1791521596632654.736	
2,_Z24add_rms_norm_bias_customIfEvPhS0_S0_S0_S0_mmjff,AI_VECTOR_CORE,28,1817,2.560,1791521596632707.696	,1791521596632710.256	
2,N/A,EVENT_RECORD,28,1818,0.000,1791521596632744.840	,1791521596632744.840	
2,_Z24add_rms_norm_bias_customIfEvPhS0_S0_S0_S0_mmjff,AI_VECTOR_CORE,28,1819,2.340,1791521596632763.200	,1791521596632765.540	
2,N/A,EVENT_RECORD,28,1820,0.020,1791521596632770.580	,1791521596632770.600	
2,N/A,EVENT_RECORD,28,1821,0.020,1791521596632834.120	,1791521596632834.140	
2,_Z24add_rms_norm_bias_customIfEvPhS0_S0_S0_S0_mmjff,AI_VECTOR_CORE,28,1822,24.740,1791521596632850.420	,1791521596632875.160	
2,N/A,EVENT_RECORD,28,1823,0.020,1791521596632875.180	,1791521596632875.200	
2,N/A,EVENT_RECORD,28,1824,0.016,1791521596632937.124	,1791521596632937.140	
2,_Z24add_rms_norm_bias_customIfEvPhS0_S0_S0_S0_mmjff,AI_VECTOR_CORE,28,1825,2.360,1791521596632940.700	,1791521596632943.060	
2,N/A,EVENT_RECORD,28,1826,0.020,1791521596632960.584	,1791521596632960.604	
2,N/A,EVENT_RECORD,28,1827,0.020,1791521596633011.824	,1791521596633011.844	
2,_Z24add_rms_norm_bias_customIfEvPhS0_S0_S0_S0_mmjff,AI_VECTOR_CORE,28,1828,3.960,1791521596633023.744	,1791521596633027.704	
2,N/A,EVENT_RECORD,28,1829,0.020,1791521596633043.764	,1791521596633043.784	
2,N/A,EVENT_RECORD,28,1830,0.000,1791521596633105.304	,1791521596633105.304	
2,_Z24add_rms_norm_bias_customIfEvPhS0_S0_S0_S0_mmjff,AI_VECTOR_CORE,28,1831,2.440,1791521596633110.904	,1791521596633113.344	
2,N/A,EVENT_RECORD,28,1832,0.020,1791521596633131.224	,1791521596633131.244	
2,N/A,EVENT_RECORD,28,1833,0.020,1791521596633194.348	,1791521596633194.368	
2,_Z24add_rms_norm_bias_customIfEvPhS0_S0_S0_S0_mmjff,AI_VECTOR_CORE,28,1834,2.580,1791521596633198.088	,1791521596633200.668	
2,N/A,EVENT_RECORD,28,1835,0.000,1791521596633217.028	,1791521596633217.028	
2,N/A,EVENT_RECORD,28,1836,0.020,1791521596633275.188	,1791521596633275.208	
2,_Z24add_rms_norm_bias_customIfEvPhS0_S0_S0_S0_mmjff,AI_VECTOR_CORE,28,1837,2.480,1791521596633277.368	,1791521596633279.848	
2,N/A,EVENT_RECORD,28,1838,0.020,1791521596633298.348	,1791521596633298.368	
2,N/A,EVENT_RECORD,28,1839,0.020,1791521596633352.912	,1791521596633352.932	
2,_Z24add_rms_norm_bias_customIfEvPhS0_S0_S0_S0_mmjff,AI_VECTOR_CORE,28,1840,17.980,1791521596633366.992	,1791521596633384.972	
2,N/A,EVENT_RECORD,28,1841,0.020,1791521596633384.992	,1791521596633385.012	
2,N/A,EVENT_RECORD,28,1842,0.000,1791521596633442.132	,1791521596633442.132	
2,_Z24add_rms_norm_bias_customIfEvPhS0_S0_S0_S0_mmjff,AI_VECTOR_CORE,28,1843,2.340,1791521596633444.572	,1791521596633446.912	
2,N/A,EVENT_RECORD,28,1844,0.020,1791521596633465.732	,1791521596633465.752	
2,N/A,EVENT_RECORD,28,1845,0.000,1791521596633518.592	,1791521596633518.592	
2,_Z24add_rms_norm_bias_customIfEvPhS0_S0_S0_S0_mmjff,AI_VECTOR_CORE,28,1846,2.320,1791521596633532.432	,1791521596633534.752	
2,N/A,EVENT_RECORD,28,1847,0.024,1791521596633544.292	,1791521596633544.316	
2,N/A,EVENT_RECORD,28,1848,0.020,1791521596633610.456	,1791521596633610.476	
2,_Z24add_rms_norm_bias_customIfEvPhS0_S0_S0_S0_mmjff,AI_VECTOR_CORE,28,1849,2.340,1791521596633614.316	,1791521596633616.656	
2,N/A,EVENT_RECORD,28,1850,0.020,1791521596633636.736	,1791521596633636.756	
2,N/A,EVENT_RECORD,28,1851,0.000,1791521596633686.976	,1791521596633686.976	
2,_Z24add_rms_norm_bias_customIfEvPhS0_S0_S0_S0_mmjff,AI_VECTOR_CORE,28,1852,2.320,1791521596633701.496	,1791521596633703.816	
2,N/A,EVENT_RECORD,28,1853,0.020,1791521596633719.236	,1791521596633719.256	
2,N/A,EVENT_RECORD,28,1854,0.020,1791521596633770.820	,1791521596633770.840	
2,_Z24add_rms_norm_bias_customIfEvPhS0_S0_S0_S0_mmjff,AI_VECTOR_CORE,28,1855,2.520,1791521596633785.540	,1791521596633788.060	
2,N/A,EVENT_RECORD,28,1856,0.000,1791521596633804.140	,1791521596633804.140	
2,N/A,EVENT_RECORD,28,1857,0.020,1791521596633856.640	,1791521596633856.660	
2,_Z24add_rms_norm_bias_customIfEvPhS0_S0_S0_S0_mmjff,AI_VECTOR_CORE,28,1858,2.540,1791521596633868.440	,1791521596633870.980	
2,N/A,EVENT_RECORD,28,1859,0.000,1791521596633884.280	,1791521596633884.280	
2,N/A,EVENT_RECORD,28,1860,0.020,1791521596633947.304	,1791521596633947.324	
2,_Z24add_rms_norm_bias_customIfEvPhS0_S0_S0_S0_mmjff,AI_VECTOR_CORE,28,1861,2.360,1791521596633949.424	,1791521596633951.784	
2,N/A,EVENT_RECORD,28,1862,0.000,1791521596633967.044	,1791521596633967.044	
2,N/A,EVENT_RECORD,28,1863,0.020,1791521596634022.664	,1791521596634022.684	
2,_Z24add_rms_norm_bias_customIfEvPhS0_S0_S0_S0_mmjff,AI_VECTOR_CORE,28,1864,2.360,1791521596634034.024	,1791521596634036.384	
2,N/A,EVENT_RECORD,28,1865,0.020,1791521596634051.924	,1791521596634051.944	
2,N/A,EVENT_RECORD,28,1866,0.020,1791521596634117.264	,1791521596634117.284	
2,_Z24add_rms_norm_bias_customIfEvPhS0_S0_S0_S0_mmjff,AI_VECTOR_CORE,28,1867,31.604,1791521596634121.004	,1791521596634152.608	
2,N/A,EVENT_RECORD,28,1868,0.020,1791521596634152.628	,1791521596634152.648	
2,N/A,EVENT_RECORD,28,1869,0.020,1791521596634204.028	,1791521596634204.048	
2,_Z24add_rms_norm_bias_customIfEvPhS0_S0_S0_S0_mmjff,AI_VECTOR_CORE,28,1870,2.420,1791521596634209.408	,1791521596634211.828	
2,N/A,EVENT_RECORD,28,1871,0.020,1791521596634232.368	,1791521596634232.388	
2,N/A,EVENT_RECORD,28,1872,0.020,1791521596634293.108	,1791521596634293.128	
2,_Z24add_rms_norm_bias_customIfEvPhS0_S0_S0_S0_mmjff,AI_VECTOR_CORE,28,1873,2.280,1791521596634296.328	,1791521596634298.608	
2,N/A,EVENT_RECORD,28,1874,0.020,1791521596634315.968	,1791521596634315.988	
2,N/A,EVENT_RECORD,28,1875,0.020,1791521596634374.292	,1791521596634374.312	
2,_Z24add_rms_norm_bias_customIfEvPhS0_S0_S0_S0_mmjff,AI_VECTOR_CORE,28,1876,2.460,1791521596634377.332	,1791521596634379.792	
2,N/A,EVENT_RECORD,28,1877,0.000,1791521596634398.252	,1791521596634398.252	
2,N/A,EVENT_RECORD,28,1878,0.020,1791521596634448.872	,1791521596634448.892	
2,_Z24add_rms_norm_bias_customIfEvPhS0_S0_S0_S0_mmjff,AI_VECTOR_CORE,28,1879,2.680,1791521596634460.532	,1791521596634463.212	
2,N/A,EVENT_RECORD,28,1880,0.020,1791521596634479.872	,1791521596634479.892	
2,N/A,EVENT_RECORD,28,1881,0.020,1791521596634537.072	,1791521596634537.092	
2,_Z24add_rms_norm_bias_customIfEvPhS0_S0_S0_S0_mmjff,AI_VECTOR_CORE,28,1882,2.544,1791521596634540.732	,1791521596634543.276	
2,N/A,EVENT_RECORD,28,1883,0.000,1791521596634562.156	,1791521596634562.156	
2,N/A,EVENT_RECORD,28,1884,0.020,1791521596634618.076	,1791521596634618.096	
2,_Z24add_rms_norm_bias_customIfEvPhS0_S0_S0_S0_mmjff,AI_VECTOR_CORE,28,1885,2.380,1791521596634622.056	,1791521596634624.436	
2,N/A,EVENT_RECORD,28,1886,0.020,1791521596634639.736	,1791521596634639.756	
2,N/A,EVENT_RECORD,28,1887,0.000,1791521596634701.956	,1791521596634701.956	
2,_Z24add_rms_norm_bias_customIfEvPhS0_S0_S0_S0_mmjff,AI_VECTOR_CORE,28,1888,2.380,1791521596634704.716	,1791521596634707.096	
2,N/A,EVENT_RECORD,28,1889,0.020,1791521596634723.796	,1791521596634723.816	
2,N/A,EVENT_RECORD,28,1890,0.020,1791521596634779.380	,1791521596634779.400	
2,_Z24add_rms_norm_bias_customIfEvPhS0_S0_S0_S0_mmjff,AI_VECTOR_CORE,28,1891,2.420,1791521596634786.900	,1791521596634789.320	
2,N/A,EVENT_RECORD,28,1892,0.020,1791521596634804.500	,1791521596634804.520	
2,N/A,EVENT_RECORD,28,1893,0.020,1791521596634871.480	,1791521596634871.500	
2,_Z24add_rms_norm_bias_customIfEvPhS0_S0_S0_S0_mmjff,AI_VECTOR_CORE,28,1894,2.400,1791521596634874.740	,1791521596634877.140	
2,N/A,EVENT_RECORD,28,1895,0.020,1791521596634894.220	,1791521596634894.240	
2,N/A,EVENT_RECORD,28,1896,0.000,1791521596634949.484	,1791521596634949.484	
2,_Z24add_rms_norm_bias_customIfEvPhS0_S0_S0_S0_mmjff,AI_VECTOR_CORE,28,1897,2.340,1791521596634953.024	,1791521596634955.364	
2,N/A,EVENT_RECORD,28,1898,0.020,1791521596634970.284	,1791521596634970.304	
2,N/A,EVENT_RECORD,28,1899,0.020,1791521596635029.284	,1791521596635029.304	
2,_Z24add_rms_norm_bias_customIfEvPhS0_S0_S0_S0_mmjff,AI_VECTOR_CORE,28,1900,2.220,1791521596635034.244	,1791521596635036.464	
2,N/A,EVENT_RECORD,28,1901,0.020,1791521596635051.884	,1791521596635051.904	
2,N/A,EVENT_RECORD,28,1902,0.000,1791521596635113.164	,1791521596635113.164	
2,_Z24add_rms_norm_bias_customIfEvPhS0_S0_S0_S0_mmjff,AI_VECTOR_CORE,28,1903,2.360,1791521596635116.624	,1791521596635118.984	
2,N/A,EVENT_RECORD,28,1904,0.000,1791521596635135.064	,1791521596635135.064	
2,N/A,EVENT_RECORD,28,1905,0.000,1791521596635194.348	,1791521596635194.348	
2,_Z24add_rms_norm_bias_customIfEvPhS0_S0_S0_S0_mmjff,AI_VECTOR_CORE,28,1906,2.320,1791521596635205.208	,1791521596635207.528	
2,N/A,EVENT_RECORD,28,1907,0.020,1791521596635226.648	,1791521596635226.668	
2,N/A,EVENT_RECORD,28,1908,0.020,1791521596635277.888	,1791521596635277.908	
2,_Z24add_rms_norm_bias_customIfEvPhS0_S0_S0_S0_mmjff,AI_VECTOR_CORE,28,1909,2.320,1791521596635290.948	,1791521596635293.268	
2,N/A,EVENT_RECORD,28,1910,0.020,1791521596635309.268	,1791521596635309.288	
2,N/A,EVENT_RECORD,28,1911,0.020,1791521596635370.772	,1791521596635370.792	
2,_Z24add_rms_norm_bias_customIfEvPhS0_S0_S0_S0_mmjff,AI_VECTOR_CORE,28,1912,2.280,1791521596635380.232	,1791521596635382.512	
2,N/A,EVENT_RECORD,28,1913,0.020,1791521596635400.112	,1791521596635400.132	
2,N/A,EVENT_RECORD,28,1914,0.020,1791521596635467.632	,1791521596635467.652	
2,_Z24add_rms_norm_bias_customIfEvPhS0_S0_S0_S0_mmjff,AI_VECTOR_CORE,28,1915,2.280,1791521596635470.732	,1791521596635473.012	
2,N/A,EVENT_RECORD,28,1916,0.020,1791521596635488.612	,1791521596635488.632	
2,N/A,EVENT_RECORD,28,1917,0.020,1791521596635555.476	,1791521596635555.496	
2,_Z24add_rms_norm_bias_customIfEvPhS0_S0_S0_S0_mmjff,AI_VECTOR_CORE,28,1918,2.340,1791521596635558.516	,1791521596635560.856	
2,N/A,EVENT_RECORD,28,1919,0.000,1791521596635581.136	,1791521596635581.136	
2,N/A,EVENT_RECORD,28,1920,0.020,1791521596635633.516	,1791521596635633.536	
2,_Z24add_rms_norm_bias_customIfEvPhS0_S0_S0_S0_mmjff,AI_VECTOR_CORE,28,1921,2.220,1791521596635641.216	,1791521596635643.436	
2,N/A,EVENT_RECORD,28,1922,0.020,1791521596635657.736	,1791521596635657.756	
2,N/A,EVENT_RECORD,28,1923,0.020,1791521596635771.580	,1791521596635771.600	
2,_Z24add_rms_norm_bias_customIfEvPhS0_S0_S0_S0_mmjff,AI_VECTOR_CORE,28,1924,2.220,1791521596635776.720	,1791521596635778.940	
2,N/A,EVENT_RECORD,28,1925,0.020,1791521596635796.580	,1791521596635796.600	
2,N/A,EVENT_RECORD,28,1926,0.020,1791521596635857.380	,1791521596635857.400	
2,_Z24add_rms_norm_bias_customIfEvPhS0_S0_S0_S0_mmjff,AI_VECTOR_CORE,28,1927,2.160,1791521596635862.640	,1791521596635864.800	
2,N/A,EVENT_RECORD,28,1928,0.020,1791521596635874.820	,1791521596635874.840	
2,N/A,EVENT_RECORD,28,1929,0.020,1791521596635934.800	,1791521596635934.820	
2,_Z24add_rms_norm_bias_customIfEvPhS0_S0_S0_S0_mmjff,AI_VECTOR_CORE,28,1930,2.180,1791521596635939.400	,1791521596635941.580	
2,N/A,EVENT_RECORD,28,1931,0.020,1791521596635972.864	,1791521596635972.884	
2,N/A,EVENT_RECORD,28,1932,0.020,1791521596636028.704	,1791521596636028.724	
2,_Z24add_rms_norm_bias_customIfEvPhS0_S0_S0_S0_mmjff,AI_VECTOR_CORE,28,1933,2.260,1791521596636033.424	,1791521596636035.684	
2,N/A,EVENT_RECORD,28,1934,0.020,1791521596636067.164	,1791521596636067.184	
2,N/A,EVENT_RECORD,28,1935,0.020,1791521596636132.264	,1791521596636132.284	
2,_Z24add_rms_norm_bias_customIfEvPhS0_S0_S0_S0_mmjff,AI_VECTOR_CORE,28,1936,2.240,1791521596636135.224	,1791521596636137.464	
2,N/A,EVENT_RECORD,28,1937,0.020,1791521596636152.928	,1791521596636152.948	
2,N/A,EVENT_RECORD,28,1938,0.020,1791521596636222.328	,1791521596636222.348	
2,_Z24add_rms_norm_bias_customIfEvPhS0_S0_S0_S0_mmjff,AI_VECTOR_CORE,28,1939,2.300,1791521596636227.288	,1791521596636229.588	
2,N/A,EVENT_RECORD,28,1940,0.000,1791521596636236.668	,1791521596636236.668	
2,N/A,EVENT_RECORD,28,1941,0.020,1791521596636309.648	,1791521596636309.668	
2,_Z24add_rms_norm_bias_customIfEvPhS0_S0_S0_S0_mmjff,AI_VECTOR_CORE,28,1942,2.420,1791521596636312.168	,1791521596636314.588	
2,N/A,EVENT_RECORD,28,1943,0.020,1791521596636315.088	,1791521596636315.108	
2,N/A,EVENT_RECORD,28,1944,0.020,1791521596636376.212	,1791521596636376.232	
2,_Z24add_rms_norm_bias_customIfEvPhS0_S0_S0_S0_mmjff,AI_VECTOR_CORE,28,1945,2.300,1791521596636379.972	,1791521596636382.272	
2,N/A,EVENT_RECORD,28,1946,0.020,1791521596636402.892	,1791521596636402.912	
2,N/A,EVENT_RECORD,28,1947,0.020,1791521596636457.232	,1791521596636457.252	
2,_Z24add_rms_norm_bias_customIfEvPhS0_S0_S0_S0_mmjff,AI_VECTOR_CORE,28,1948,2.260,1791521596636460.592	,1791521596636462.852	
2,N/A,EVENT_RECORD,28,1949,0.020,1791521596636483.552	,1791521596636483.572	
2,N/A,EVENT_RECORD,28,1950,0.024,1791521596636540.972	,1791521596636540.996	
2,_Z24add_rms_norm_bias_customIfEvPhS0_S0_S0_S0_mmjff,AI_VECTOR_CORE,28,1951,2.264,1791521596636544.012	,1791521596636546.276	
2,N/A,EVENT_RECORD,28,1952,0.020,1791521596636562.856	,1791521596636562.876	
2,N/A,EVENT_RECORD,28,1953,0.020,1791521596636618.116	,1791521596636618.136	
2,_Z24add_rms_norm_bias_customIfEvPhS0_S0_S0_S0_mmjff,AI_VECTOR_CORE,28,1954,2.280,1791521596636625.876	,1791521596636628.156	
2,N/A,EVENT_RECORD,28,1955,0.020,1791521596636644.016	,1791521596636644.036	
2,N/A,EVENT_RECORD,28,1956,0.020,1791521596636698.896	,1791521596636698.916	
2,_Z24add_rms_norm_bias_customIfEvPhS0_S0_S0_S0_mmjff,AI_VECTOR_CORE,28,1957,10.300,1791521596636712.336	,1791521596636722.636	
2,N/A,EVENT_RECORD,28,1958,0.020,1791521596636730.216	,1791521596636730.236	
2,N/A,EVENT_RECORD,28,1959,0.020,1791521596636794.640	,1791521596636794.660	
2,_Z24add_rms_norm_bias_customIfEvPhS0_S0_S0_S0_mmjff,AI_VECTOR_CORE,28,1960,2.380,1791521596636797.280	,1791521596636799.660	
2,N/A,EVENT_RECORD,28,1961,0.020,1791521596636815.180	,1791521596636815.200	
2,N/A,EVENT_RECORD,28,1962,0.020,1791521596636883.420	,1791521596636883.440	
2,_Z24add_rms_norm_bias_customIfEvPhS0_S0_S0_S0_mmjff,AI_VECTOR_CORE,28,1963,2.560,1791521596636888.020	,1791521596636890.580	
2,N/A,EVENT_RECORD,28,1964,0.020,1791521596636896.660	,1791521596636896.680	
2,N/A,EVENT_RECORD,28,1965,0.020,1791521596636971.004	,1791521596636971.024	
2,_Z24add_rms_norm_bias_customIfEvPhS0_S0_S0_S0_mmjff,AI_VECTOR_CORE,28,1966,2.700,1791521596636974.104	,1791521596636976.804	
2,N/A,EVENT_RECORD,28,1967,0.020,1791521596636981.224	,1791521596636981.244	
2,N/A,EVENT_RECORD,28,1968,0.020,1791521596637045.744	,1791521596637045.764	
2,_Z24add_rms_norm_bias_customIfEvPhS0_S0_S0_S0_mmjff,AI_VECTOR_CORE,28,1969,2.440,1791521596637049.604	,1791521596637052.044	
2,N/A,EVENT_RECORD,28,1970,0.020,1791521596637065.264	,1791521596637065.284	
2,N/A,EVENT_RECORD,28,1971,0.020,1791521596637126.104	,1791521596637126.124	
2,_Z24add_rms_norm_bias_customIfEvPhS0_S0_S0_S0_mmjff,AI_VECTOR_CORE,28,1972,2.640,1791521596637129.924	,1791521596637132.564	
2,N/A,EVENT_RECORD,28,1973,0.020,1791521596637163.888	,1791521596637163.908	
2,N/A,EVENT_RECORD,28,1974,0.020,1791521596637225.008	,1791521596637225.028	
2,_Z24add_rms_norm_bias_customIfEvPhS0_S0_S0_S0_mmjff,AI_VECTOR_CORE,28,1975,2.500,1791521596637230.388	,1791521596637232.888	
2,N/A,EVENT_RECORD,28,1976,0.020,1791521596637256.788	,1791521596637256.808	
2,N/A,EVENT_RECORD,28,1977,0.020,1791521596637320.108	,1791521596637320.128	
2,_Z24add_rms_norm_bias_customIfEvPhS0_S0_S0_S0_mmjff,AI_VECTOR_CORE,28,1978,2.440,1791521596637322.748	,1791521596637325.188	
2,N/A,EVENT_RECORD,28,1979,0.020,1791521596637340.448	,1791521596637340.468	
2,N/A,EVENT_RECORD,28,1980,0.020,1791521596637393.652	,1791521596637393.672	
2,_Z24add_rms_norm_bias_customIfEvPhS0_S0_S0_S0_mmjff,AI_VECTOR_CORE,28,1981,2.340,1791521596637397.012	,1791521596637399.352	
2,N/A,EVENT_RECORD,28,1982,0.020,1791521596637423.072	,1791521596637423.092	
2,N/A,EVENT_RECORD,28,1983,0.020,1791521596637479.612	,1791521596637479.632	
2,_Z24add_rms_norm_bias_customIfEvPhS0_S0_S0_S0_mmjff,AI_VECTOR_CORE,28,1984,2.940,1791521596637482.692	,1791521596637485.632	
2,N/A,EVENT_RECORD,28,1985,0.020,1791521596637504.712	,1791521596637504.732	
2,N/A,EVENT_RECORD,28,1986,0.020,1791521596637562.456	,1791521596637562.476	
2,_Z24add_rms_norm_bias_customIfEvPhS0_S0_S0_S0_mmjff,AI_VECTOR_CORE,28,1987,2.440,1791521596637565.776	,1791521596637568.216	
2,N/A,EVENT_RECORD,28,1988,0.020,1791521596637588.336	,1791521596637588.356	
2,N/A,EVENT_RECORD,28,1989,0.020,1791521596637647.916	,1791521596637647.936	
2,_Z24add_rms_norm_bias_customIfEvPhS0_S0_S0_S0_mmjff,AI_VECTOR_CORE,28,1990,2.300,1791521596637651.176	,1791521596637653.476	
2,N/A,EVENT_RECORD,28,1991,0.020,1791521596637673.976	,1791521596637673.996	
2,N/A,EVENT_RECORD,28,1992,0.020,1791521596637726.156	,1791521596637726.176	
2,_Z24add_rms_norm_bias_customIfEvPhS0_S0_S0_S0_mmjff,AI_VECTOR_CORE,28,1993,2.420,1791521596637729.816	,1791521596637732.236	
2,N/A,EVENT_RECORD,28,1994,0.020,1791521596637751.160	,1791521596637751.180	
2,N/A,EVENT_RECORD,28,1995,0.020,1791521596637815.780	,1791521596637815.800	
2,_Z24add_rms_norm_bias_customIfEvPhS0_S0_S0_S0_mmjff,AI_VECTOR_CORE,28,1996,2.280,1791521596637820.000	,1791521596637822.280	
2,N/A,EVENT_RECORD,28,1997,0.000,1791521596637834.260	,1791521596637834.260	
2,N/A,EVENT_RECORD,28,1998,0.020,1791521596637898.460	,1791521596637898.480	
2,_Z24add_rms_norm_bias_customIfEvPhS0_S0_S0_S0_mmjff,AI_VECTOR_CORE,28,1999,2.180,1791521596637902.060	,1791521596637904.240	
2,N/A,EVENT_RECORD,28,2000,0.020,1791521596637919.120	,1791521596637919.140	
2,N/A,EVENT_RECORD,28,2001,0.020,1791521596637976.364	,1791521596637976.384	
2,_Z24add_rms_norm_bias_customIfEvPhS0_S0_S0_S0_mmjff,AI_VECTOR_CORE,28,2002,15.360,1791521596637989.924	,1791521596638005.284	
2,N/A,EVENT_RECORD,28,2003,0.020,1791521596638007.604	,1791521596638007.624	
2,N/A,EVENT_RECORD,28,2004,0.020,1791521596638084.304	,1791521596638084.324	
2,_Z24add_rms_norm_bias_customIfEvPhS0_S0_S0_S0_mmjff,AI_VECTOR_CORE,28,2005,2.440,1791521596638088.624	,1791521596638091.064	
2,N/A,EVENT_RECORD,28,2006,0.020,1791521596638096.164	,1791521596638096.184	
2,N/A,EVENT_RECORD,28,2007,0.020,1791521596638163.888	,1791521596638163.908	
2,_Z24add_rms_norm_bias_customIfEvPhS0_S0_S0_S0_mmjff,AI_VECTOR_CORE,28,2008,2.460,1791521596638169.448	,1791521596638171.908	
2,N/A,EVENT_RECORD,28,2009,0.020,1791521596638188.848	,1791521596638188.868	
2,N/A,EVENT_RECORD,28,2010,0.020,1791521596638249.648	,1791521596638249.668	
2,_Z24add_rms_norm_bias_customIfEvPhS0_S0_S0_S0_mmjff,AI_VECTOR_CORE,28,2011,2.480,1791521596638255.648	,1791521596638258.128	
2,N/A,EVENT_RECORD,28,2012,0.020,1791521596638268.548	,1791521596638268.568	
2,N/A,EVENT_RECORD,28,2013,0.020,1791521596638333.128	,1791521596638333.148	
2,_Z24add_rms_norm_bias_customIfEvPhS0_S0_S0_S0_mmjff,AI_VECTOR_CORE,28,2014,2.560,1791521596638336.228	,1791521596638338.788	
2,N/A,EVENT_RECORD,28,2015,0.020,1791521596638355.632	,1791521596638355.652	
2,N/A,EVENT_RECORD,28,2016,0.020,1791521596638413.412	,1791521596638413.432	
2,_Z24add_rms_norm_bias_customIfEvPhS0_S0_S0_S0_mmjff,AI_VECTOR_CORE,28,2017,3.380,1791521596638417.072	,1791521596638420.452	
2,N/A,EVENT_RECORD,28,2018,0.020,1791521596638439.532	,1791521596638439.552	
2,N/A,EVENT_RECORD,28,2019,0.020,1791521596638499.492	,1791521596638499.512	
2,_Z24add_rms_norm_bias_customIfEvPhS0_S0_S0_S0_mmjff,AI_VECTOR_CORE,28,2020,2.420,1791521596638505.192	,1791521596638507.612	
2,N/A,EVENT_RECORD,28,2021,0.020,1791521596638530.392	,1791521596638530.412	
2,N/A,EVENT_RECORD,28,2022,0.020,1791521596638594.016	,1791521596638594.036	
2,_Z24add_rms_norm_bias_customIfEvPhS0_S0_S0_S0_mmjff,AI_VECTOR_CORE,28,2023,26.220,1791521596638598.436	,1791521596638624.656	
2,N/A,EVENT_RECORD,28,2024,0.000,1791521596638632.936	,1791521596638632.936	
2,N/A,EVENT_RECORD,28,2025,0.020,1791521596638693.256	,1791521596638693.276	
2,_Z24add_rms_norm_bias_customIfEvPhS0_S0_S0_S0_mmjff,AI_VECTOR_CORE,28,2026,2.380,1791521596638696.936	,1791521596638699.316	
2,N/A,EVENT_RECORD,28,2027,0.020,1791521596638715.736	,1791521596638715.756	
2,N/A,EVENT_RECORD,28,2028,0.020,1791521596638775.000	,1791521596638775.020	
2,_Z24add_rms_norm_bias_customIfEvPhS0_S0_S0_S0_mmjff,AI_VECTOR_CORE,28,2029,2.580,1791521596638785.440	,1791521596638788.020	
2,N/A,EVENT_RECORD,28,2030,0.020,1791521596638802.140	,1791521596638802.160	
2,N/A,EVENT_RECORD,28,2031,0.020,1791521596638866.320	,1791521596638866.340	
2,_Z24add_rms_norm_bias_customIfEvPhS0_S0_S0_S0_mmjff,AI_VECTOR_CORE,28,2032,2.520,1791521596638869.380	,1791521596638871.900	
2,N/A,EVENT_RECORD,28,2033,0.020,1791521596638886.260	,1791521596638886.280	
2,N/A,EVENT_RECORD,28,2034,0.020,1791521596638933.080	,1791521596638933.100	
2,_Z24add_rms_norm_bias_customIfEvPhS0_S0_S0_S0_mmjff,AI_VECTOR_CORE,28,2035,2.600,1791521596638945.460	,1791521596638948.060	
2,N/A,EVENT_RECORD,28,2036,0.020,1791521596638963.184	,1791521596638963.204	
2,N/A,EVENT_RECORD,28,2037,0.020,1791521596639030.744	,1791521596639030.764	
2,_Z24add_rms_norm_bias_customIfEvPhS0_S0_S0_S0_mmjff,AI_VECTOR_CORE,28,2038,2.700,1791521596639033.704	,1791521596639036.404	
2,N/A,EVENT_RECORD,28,2039,0.020,1791521596639052.104	,1791521596639052.124	
2,N/A,EVENT_RECORD,28,2040,0.000,1791521596639097.284	,1791521596639097.284	
2,_Z24add_rms_norm_bias_customIfEvPhS0_S0_S0_S0_mmjff,AI_VECTOR_CORE,28,2041,2.500,1791521596639111.864	,1791521596639114.364	
2,N/A,EVENT_RECORD,28,2042,0.020,1791521596639129.904	,1791521596639129.924	
2,N/A,EVENT_RECORD,28,2043,0.020,1791521596639199.168	,1791521596639199.188	
2,_Z24add_rms_norm_bias_customIfEvPhS0_S0_S0_S0_mmjff,AI_VECTOR_CORE,28,2044,2.500,1791521596639204.848	,1791521596639207.348	
2,N/A,EVENT_RECORD,28,2045,0.020,1791521596639212.988	,1791521596639213.008	
2,N/A,EVENT_RECORD,28,2046,0.020,1791521596639278.528	,1791521596639278.548	
2,_Z24add_rms_norm_bias_customIfEvPhS0_S0_S0_S0_mmjff,AI_VECTOR_CORE,28,2047,2.380,1791521596639282.988	,1791521596639285.368	
2,N/A,EVENT_RECORD,28,2048,0.020,1791521596639292.608	,1791521596639292.628	
2,N/A,EVENT_RECORD,28,2049,0.020,1791521596639353.612	,1791521596639353.632	
2,_Z24add_rms_norm_bias_customIfEvPhS0_S0_S0_S0_mmjff,AI_VECTOR_CORE,28,2050,2.300,1791521596639358.252	,1791521596639360.552	
2,N/A,EVENT_RECORD,28,2051,0.020,1791521596639386.232	,1791521596639386.252	
2,N/A,EVENT_RECORD,28,2052,0.020,1791521596639441.112	,1791521596639441.132	
2,_Z24add_rms_norm_bias_customIfEvPhS0_S0_S0_S0_mmjff,AI_VECTOR_CORE,28,2053,4.720,1791521596639452.312	,1791521596639457.032	
2,N/A,EVENT_RECORD,28,2054,0.020,1791521596639472.712	,1791521596639472.732	
2,N/A,EVENT_RECORD,28,2055,0.000,1791521596639523.872	,1791521596639523.872	
2,_Z24add_rms_norm_bias_customIfEvPhS0_S0_S0_S0_mmjff,AI_VECTOR_CORE,28,2056,2.380,1791521596639540.212	,1791521596639542.592	
2,N/A,EVENT_RECORD,28,2057,0.020,1791521596639551.116	,1791521596639551.136	
2,N/A,EVENT_RECORD,28,2058,0.020,1791521596639621.636	,1791521596639621.656	
2,_Z24add_rms_norm_bias_customIfEvPhS0_S0_S0_S0_mmjff,AI_VECTOR_CORE,28,2059,2.460,1791521596639623.696	,1791521596639626.156	
2,N/A,EVENT_RECORD,28,2060,0.020,1791521596639642.876	,1791521596639642.896	
2,N/A,EVENT_RECORD,28,2061,0.020,1791521596639710.316	,1791521596639710.336	
2,_Z24add_rms_norm_bias_customIfEvPhS0_S0_S0_S0_mmjff,AI_VECTOR_CORE,28,2062,2.440,1791521596639714.276	,1791521596639716.716	
2,N/A,EVENT_RECORD,28,2063,0.020,1791521596639741.096	,1791521596639741.116	
2,N/A,EVENT_RECORD,28,2064,0.020,1791521596639795.620	,1791521596639795.640	
2,_Z24add_rms_norm_bias_customIfEvPhS0_S0_S0_S0_mmjff,AI_VECTOR_CORE,28,2065,2.540,1791521596639799.440	,1791521596639801.980	
2,N/A,EVENT_RECORD,28,2066,0.000,1791521596639821.360	,1791521596639821.360	
2,N/A,EVENT_RECORD,28,2067,0.020,1791521596639879.980	,1791521596639880.000	
2,_Z24add_rms_norm_bias_customIfEvPhS0_S0_S0_S0_mmjff,AI_VECTOR_CORE,28,2068,2.520,1791521596639883.700	,1791521596639886.220	
2,N/A,EVENT_RECORD,28,2069,0.020,1791521596639905.880	,1791521596639905.900	
2,N/A,EVENT_RECORD,28,2070,0.000,1791521596639964.924	,1791521596639964.924	
2,_Z24add_rms_norm_bias_customIfEvPhS0_S0_S0_S0_mmjff,AI_VECTOR_CORE,28,2071,2.520,1791521596639968.644	,1791521596639971.164	
2,N/A,EVENT_RECORD,28,2072,0.020,1791521596639990.584	,1791521596639990.604	
2,N/A,EVENT_RECORD,28,2073,0.020,1791521596640047.084	,1791521596640047.104	
2,_Z24add_rms_norm_bias_customIfEvPhS0_S0_S0_S0_mmjff,AI_VECTOR_CORE,28,2074,2.500,1791521596640052.064	,1791521596640054.564	
2,N/A,EVENT_RECORD,28,2075,0.020,1791521596640070.564	,1791521596640070.584	
2,N/A,EVENT_RECORD,28,2076,0.020,1791521596640137.484	,1791521596640137.504	
2,_Z24add_rms_norm_bias_customIfEvPhS0_S0_S0_S0_mmjff,AI_VECTOR_CORE,28,2077,2.340,1791521596640140.604	,1791521596640142.944	
2,N/A,EVENT_RECORD,28,2078,0.020,1791521596640161.608	,1791521596640161.628	
2,N/A,EVENT_RECORD,28,2079,0.020,1791521596640216.908	,1791521596640216.928	
2,_Z24add_rms_norm_bias_customIfEvPhS0_S0_S0_S0_mmjff,AI_VECTOR_CORE,28,2080,2.460,1791521596640220.148	,1791521596640222.608	
2,N/A,EVENT_RECORD,28,2081,0.020,1791521596640239.908	,1791521596640239.928	
2,N/A,EVENT_RECORD,28,2082,0.020,1791521596640301.668	,1791521596640301.688	
2,_Z24add_rms_norm_bias_customIfEvPhS0_S0_S0_S0_mmjff,AI_VECTOR_CORE,28,2083,2.520,1791521596640305.368	,1791521596640307.888	
2,N/A,EVENT_RECORD,28,2084,0.024,1791521596640345.508	,1791521596640345.532	
2,N/A,EVENT_RECORD,28,2085,0.020,1791521596640410.692	,1791521596640410.712	
2,_Z24add_rms_norm_bias_customIfEvPhS0_S0_S0_S0_mmjff,AI_VECTOR_CORE,28,2086,2.500,1791521596640416.212	,1791521596640418.712	
2,N/A,EVENT_RECORD,28,2087,0.020,1791521596640428.252	,1791521596640428.272	
2,N/A,EVENT_RECORD,28,2088,0.020,1791521596640488.412	,1791521596640488.432	
2,_Z24add_rms_norm_bias_customIfEvPhS0_S0_S0_S0_mmjff,AI_VECTOR_CORE,28,2089,2.560,1791521596640499.312	,1791521596640501.872	
2,N/A,EVENT_RECORD,28,2090,0.020,1791521596640521.032	,1791521596640521.052	
2,N/A,EVENT_RECORD,28,2091,0.000,1791521596640575.756	,1791521596640575.756	
2,_Z24add_rms_norm_bias_customIfEvPhS0_S0_S0_S0_mmjff,AI_VECTOR_CORE,28,2092,2.520,1791521596640579.596	,1791521596640582.116	
2,N/A,EVENT_RECORD,28,2093,0.000,1791521596640602.056	,1791521596640602.056	
2,N/A,EVENT_RECORD,28,2094,0.020,1791521596640655.596	,1791521596640655.616	
2,_Z24add_rms_norm_bias_customIfEvPhS0_S0_S0_S0_mmjff,AI_VECTOR_CORE,28,2095,2.600,1791521596640669.736	,1791521596640672.336	
2,N/A,EVENT_RECORD,28,2096,0.020,1791521596640686.416	,1791521596640686.436	
2,N/A,EVENT_RECORD,28,2097,0.020,1791521596640741.156	,1791521596640741.176	
2,_Z24add_rms_norm_bias_customIfEvPhS0_S0_S0_S0_mmjff,AI_VECTOR_CORE,28,2098,2.600,1791521596640746.516	,1791521596640749.116	
2,N/A,EVENT_RECORD,28,2099,0.020,1791521596640764.420	,1791521596640764.440	
2,N/A,EVENT_RECORD,28,2100,0.020,1791521596640823.060	,1791521596640823.080	
2,_Z24add_rms_norm_bias_customIfEvPhS0_S0_S0_S0_mmjff,AI_VECTOR_CORE,28,2101,2.500,1791521596640828.580	,1791521596640831.080	
2,N/A,EVENT_RECORD,28,2102,0.020,1791521596640845.240	,1791521596640845.260	
2,N/A,EVENT_RECORD,28,2103,0.020,1791521596640913.260	,1791521596640913.280	
2,_Z24add_rms_norm_bias_customIfEvPhS0_S0_S0_S0_mmjff,AI_VECTOR_CORE,28,2104,2.500,1791521596640916.940	,1791521596640919.440	
2,N/A,EVENT_RECORD,28,2105,0.020,1791521596640934.940	,1791521596640934.960	
2,N/A,EVENT_RECORD,28,2106,0.020,1791521596640996.204	,1791521596640996.224	
2,_Z24add_rms_norm_bias_customIfEvPhS0_S0_S0_S0_mmjff,AI_VECTOR_CORE,28,2107,2.140,1791521596641009.824	,1791521596641011.964	
2,N/A,EVENT_RECORD,28,2108,0.020,1791521596641029.484	,1791521596641029.504	
2,N/A,EVENT_RECORD,28,2109,0.020,1791521596641075.884	,1791521596641075.904	
2,_Z24add_rms_norm_bias_customIfEvPhS0_S0_S0_S0_mmjff,AI_VECTOR_CORE,28,2110,2.220,1791521596641091.764	,1791521596641093.984	
2,N/A,EVENT_RECORD,28,2111,0.020,1791521596641109.704	,1791521596641109.724	
2,N/A,EVENT_RECORD,28,2112,0.020,1791521596641166.148	,1791521596641166.168	
2,_Z24add_rms_norm_bias_customIfEvPhS0_S0_S0_S0_mmjff,AI_VECTOR_CORE,28,2113,2.120,1791521596641177.308	,1791521596641179.428	
2,N/A,EVENT_RECORD,28,2114,0.020,1791521596641194.828	,1791521596641194.848	
2,N/A,EVENT_RECORD,28,2115,0.020,1791521596641268.708	,1791521596641268.728	
2,_Z24add_rms_norm_bias_customIfEvPhS0_S0_S0_S0_mmjff,AI_VECTOR_CORE,28,2116,2.360,1791521596641272.348	,1791521596641274.708	
2,N/A,EVENT_RECORD,28,2117,0.020,1791521596641290.408	,1791521596641290.428	
2,N/A,EVENT_RECORD,28,2118,0.020,1791521596641354.472	,1791521596641354.492	
2,_Z24add_rms_norm_bias_customIfEvPhS0_S0_S0_S0_mmjff,AI_VECTOR_CORE,28,2119,12.580,1791521596641362.172	,1791521596641374.752	
2,N/A,EVENT_RECORD,28,2120,0.000,1791521596641379.872	,1791521596641379.872	
2,N/A,EVENT_RECORD,28,2121,0.020,1791521596641445.872	,1791521596641445.892	
2,_Z24add_rms_norm_bias_customIfEvPhS0_S0_S0_S0_mmjff,AI_VECTOR_CORE,28,2122,2.280,1791521596641448.072	,1791521596641450.352	
2,N/A,EVENT_RECORD,28,2123,0.000,1791521596641466.312	,1791521596641466.312	
2,N/A,EVENT_RECORD,28,2124,0.020,1791521596641527.452	,1791521596641527.472	
2,_Z24add_rms_norm_bias_customIfEvPhS0_S0_S0_S0_mmjff,AI_VECTOR_CORE,28,2125,2.260,1791521596641531.072	,1791521596641533.332	
2,N/A,EVENT_RECORD,28,2126,0.016,1791521596641551.556	,1791521596641551.572	
2,N/A,EVENT_RECORD,28,2127,0.020,1791521596641608.836	,1791521596641608.856	
2,_Z24add_rms_norm_bias_customIfEvPhS0_S0_S0_S0_mmjff,AI_VECTOR_CORE,28,2128,2.280,1791521596641612.416	,1791521596641614.696	
2,N/A,EVENT_RECORD,28,2129,0.020,1791521596641635.196	,1791521596641635.216	
2,N/A,EVENT_RECORD,28,2130,0.020,1791521596641683.356	,1791521596641683.376	
2,_Z24add_rms_norm_bias_customIfEvPhS0_S0_S0_S0_mmjff,AI_VECTOR_CORE,28,2131,2.280,1791521596641697.856	,1791521596641700.136	
2,N/A,EVENT_RECORD,28,2132,0.020,1791521596641714.716	,1791521596641714.736	
2,N/A,EVENT_RECORD,28,2133,0.020,1791521596641769.880	,1791521596641769.900	
2,_Z24add_rms_norm_bias_customIfEvPhS0_S0_S0_S0_mmjff,AI_VECTOR_CORE,28,2134,2.500,1791521596641787.140	,1791521596641789.640	
2,N/A,EVENT_RECORD,28,2135,0.020,1791521596641793.680	,1791521596641793.700	
2,N/A,EVENT_RECORD,28,2136,0.020,1791521596641864.780	,1791521596641864.800	
2,_Z24add_rms_norm_bias_customIfEvPhS0_S0_S0_S0_mmjff,AI_VECTOR_CORE,28,2137,2.320,1791521596641867.400	,1791521596641869.720	
2,N/A,EVENT_RECORD,28,2138,0.020,1791521596641888.940	,1791521596641888.960	
2,N/A,EVENT_RECORD,28,2139,0.024,1791521596641946.500	,1791521596641946.524	
2,_Z24add_rms_norm_bias_customIfEvPhS0_S0_S0_S0_mmjff,AI_VECTOR_CORE,28,2140,2.380,1791521596641964.244	,1791521596641966.624	
2,N/A,EVENT_RECORD,28,2141,0.020,1791521596641976.204	,1791521596641976.224	
2,N/A,EVENT_RECORD,28,2142,0.020,1791521596642035.524	,1791521596642035.544	
2,_Z24add_rms_norm_bias_customIfEvPhS0_S0_S0_S0_mmjff,AI_VECTOR_CORE,28,2143,2.420,1791521596642039.204	,1791521596642041.624	
2,N/A,EVENT_RECORD,28,2144,0.020,1791521596642069.384	,1791521596642069.404	
2,N/A,EVENT_RECORD,28,2145,0.020,1791521596642136.264	,1791521596642136.284	
2,_Z24add_rms_norm_bias_customIfEvPhS0_S0_S0_S0_mmjff,AI_VECTOR_CORE,28,2146,2.380,1791521596642140.164	,1791521596642142.544	
2,N/A,EVENT_RECORD,28,2147,0.016,1791521596642148.188	,1791521596642148.204	
2,N/A,EVENT_RECORD,28,2148,0.020,1791521596642209.768	,1791521596642209.788	
2,_Z24add_rms_norm_bias_customIfEvPhS0_S0_S0_S0_mmjff,AI_VECTOR_CORE,28,2149,2.360,1791521596642225.908	,1791521596642228.268	
2,N/A,EVENT_RECORD,28,2150,0.020,1791521596642245.868	,1791521596642245.888	
2,N/A,EVENT_RECORD,28,2151,0.020,1791521596642291.788	,1791521596642291.808	
2,_Z24add_rms_norm_bias_customIfEvPhS0_S0_S0_S0_mmjff,AI_VECTOR_CORE,28,2152,2.540,1791521596642305.848	,1791521596642308.388	
2,N/A,EVENT_RECORD,28,2153,0.020,1791521596642324.408	,1791521596642324.428	
2,N/A,EVENT_RECORD,28,2154,0.020,1791521596642384.312	,1791521596642384.332	
2,_Z24add_rms_norm_bias_customIfEvPhS0_S0_S0_S0_mmjff,AI_VECTOR_CORE,28,2155,3.160,1791521596642387.692	,1791521596642390.852	
2,N/A,EVENT_RECORD,28,2156,0.020,1791521596642420.472	,1791521596642420.492	
2,N/A,EVENT_RECORD,28,2157,0.020,1791521596642486.052	,1791521596642486.072	
2,_Z24add_rms_norm_bias_customIfEvPhS0_S0_S0_S0_mmjff,AI_VECTOR_CORE,28,2158,2.620,1791521596642489.932	,1791521596642492.552	
2,N/A,EVENT_RECORD,28,2159,0.020,1791521596642512.752	,1791521596642512.772	
2,N/A,EVENT_RECORD,28,2160,0.020,1791521596642573.916	,1791521596642573.936	
2,_Z24add_rms_norm_bias_customIfEvPhS0_S0_S0_S0_mmjff,AI_VECTOR_CORE,28,2161,2.360,1791521596642579.556	,1791521596642581.916	
2,N/A,EVENT_RECORD,28,2162,0.020,1791521596642604.296	,1791521596642604.316	
2,N/A,EVENT_RECORD,28,2163,0.020,1791521596642666.576	,1791521596642666.596	
2,_Z24add_rms_norm_bias_customIfEvPhS0_S0_S0_S0_mmjff,AI_VECTOR_CORE,28,2164,2.340,1791521596642671.276	,1791521596642673.616	
2,N/A,EVENT_RECORD,28,2165,0.020,1791521596642700.896	,1791521596642700.916	
2,N/A,EVENT_RECORD,28,2166,0.000,1791521596642765.480	,1791521596642765.480	
2,_Z24add_rms_norm_bias_customIfEvPhS0_S0_S0_S0_mmjff,AI_VECTOR_CORE,28,2167,2.440,1791521596642771.200	,1791521596642773.640	
2,N/A,EVENT_RECORD,28,2168,0.020,1791521596642801.660	,1791521596642801.680	
2,N/A,EVENT_RECORD,28,2169,0.020,1791521596642868.220	,1791521596642868.240	
2,_Z24add_rms_norm_bias_customIfEvPhS0_S0_S0_S0_mmjff,AI_VECTOR_CORE,28,2170,2.400,1791521596642872.800	,1791521596642875.200	
2,N/A,EVENT_RECORD,28,2171,0.020,1791521596642900.180	,1791521596642900.200	
2,N/A,EVENT_RECORD,28,2172,0.020,1791521596642966.744	,1791521596642966.764	
2,_Z24add_rms_norm_bias_customIfEvPhS0_S0_S0_S0_mmjff,AI_VECTOR_CORE,28,2173,2.500,1791521596642971.244	,1791521596642973.744	
2,N/A,EVENT_RECORD,28,2174,0.020,1791521596642979.344	,1791521596642979.364	
2,N/A,EVENT_RECORD,28,2175,0.020,1791521596643046.204	,1791521596643046.224	
2,_Z24add_rms_norm_bias_customIfEvPhS0_S0_S0_S0_mmjff,AI_VECTOR_CORE,28,2176,2.680,1791521596643050.724	,1791521596643053.404	
2,N/A,EVENT_RECORD,28,2177,0.020,1791521596643075.984	,1791521596643076.004	
2,N/A,EVENT_RECORD,28,2178,0.020,1791521596643139.844	,1791521596643139.864	
2,_Z24add_rms_norm_bias_customIfEvPhS0_S0_S0_S0_mmjff,AI_VECTOR_CORE,28,2179,2.380,1791521596643143.204	,1791521596643145.584	
2,N/A,EVENT_RECORD,28,2180,0.016,1791521596643150.548	,1791521596643150.564	
2,N/A,EVENT_RECORD,28,2181,0.020,1791521596643218.208	,1791521596643218.228	
2,_Z24add_rms_norm_bias_customIfEvPhS0_S0_S0_S0_mmjff,AI_VECTOR_CORE,28,2182,2.520,1791521596643221.308	,1791521596643223.828	
2,N/A,EVENT_RECORD,28,2183,0.020,1791521596643243.848	,1791521596643243.868	
2,N/A,EVENT_RECORD,28,2184,0.020,1791521596643297.968	,1791521596643297.988	
2,_Z24add_rms_norm_bias_customIfEvPhS0_S0_S0_S0_mmjff,AI_VECTOR_CORE,28,2185,2.300,1791521596643301.568	,1791521596643303.868	
2,N/A,EVENT_RECORD,28,2186,0.020,1791521596643319.808	,1791521596643319.828	
2,N/A,EVENT_RECORD,28,2187,0.020,1791521596643391.172	,1791521596643391.192	
2,_Z24add_rms_norm_bias_customIfEvPhS0_S0_S0_S0_mmjff,AI_VECTOR_CORE,28,2188,34.540,1791521596643393.272	,1791521596643427.812	
2,N/A,EVENT_RECORD,28,2189,0.020,1791521596643427.832	,1791521596643427.852	
2,_Z24add_rms_norm_bias_customIfEvPhS0_S0_S0_S0_mmjff,AI_VECTOR_CORE,28,2190,2.280,1791521596643488.832	,1791521596643491.112	
2,_Z24add_rms_norm_bias_customIfEvPhS0_S0_S0_S0_mmjff,AI_VECTOR_CORE,28,2191,3.160,1791521596643522.972	,1791521596643526.132	
2,_Z24add_rms_norm_bias_customIfEvPhS0_S0_S0_S0_mmjff,AI_VECTOR_CORE,28,2192,2.340,1791521596643552.396	,1791521596643554.736	
2,_Z24add_rms_norm_bias_customIfEvPhS0_S0_S0_S0_mmjff,AI_VECTOR_CORE,28,2193,2.340,1791521596643574.316	,1791521596643576.656	
2,_Z24add_rms_norm_bias_customIfEvPhS0_S0_S0_S0_mmjff,AI_VECTOR_CORE,28,2194,2.480,1791521596643601.876	,1791521596643604.356	
2,_Z24add_rms_norm_bias_customIfEvPhS0_S0_S0_S0_mmjff,AI_VECTOR_CORE,28,2195,2.440,1791521596643619.716	,1791521596643622.156	
2,_Z24add_rms_norm_bias_customIfEvPhS0_S0_S0_S0_mmjff,AI_VECTOR_CORE,28,2196,2.580,1791521596643643.456	,1791521596643646.036	
2,_Z24add_rms_norm_bias_customIfEvPhS0_S0_S0_S0_mmjff,AI_VECTOR_CORE,28,2197,2.400,1791521596643670.196	,1791521596643672.596	
2,_Z24add_rms_norm_bias_customIfEvPhS0_S0_S0_S0_mmjff,AI_VECTOR_CORE,28,2198,2.500,1791521596643712.316	,1791521596643714.816	
2,N/A,EVENT_RECORD,28,2199,0.020,1791521596643728.836	,1791521596643728.856	
2,_Z24add_rms_norm_bias_customIfEvPhS0_S0_S0_S0_mmjff,AI_VECTOR_CORE,28,2200,2.260,1791521596643791.480	,1791521596643793.740	
2,_Z24add_rms_norm_bias_customIfEvPhS0_S0_S0_S0_mmjff,AI_VECTOR_CORE,28,2201,2.360,1791521596643829.720	,1791521596643832.080	
2,_Z24add_rms_norm_bias_customIfEvPhS0_S0_S0_S0_mmjff,AI_VECTOR_CORE,28,2202,2.280,1791521596643863.920	,1791521596643866.200	
2,N/A,EVENT_RECORD,28,2203,0.000,1791521596643882.620	,1791521596643882.620	
2,_Z24add_rms_norm_bias_customIfEvPhS0_S0_S0_S0_mmjff,AI_VECTOR_CORE,28,2204,9.484,1791521596643945.960	,1791521596643955.444	
2,_Z24add_rms_norm_bias_customIfEvPhS0_S0_S0_S0_mmjff,AI_VECTOR_CORE,28,2205,2.340,1791521596643984.904	,1791521596643987.244	
2,_Z24add_rms_norm_bias_customIfEvPhS0_S0_S0_S0_mmjff,AI_VECTOR_CORE,28,2206,2.360,1791521596644013.744	,1791521596644016.104	
2,_Z24add_rms_norm_bias_customIfEvPhS0_S0_S0_S0_mmjff,AI_VECTOR_CORE,28,2207,2.420,1791521596644040.804	,1791521596644043.224	
2,_Z24add_rms_norm_bias_customIfEvPhS0_S0_S0_S0_mmjff,AI_VECTOR_CORE,28,2208,2.320,1791521596644074.064	,1791521596644076.384	
2,N/A,EVENT_RECORD,28,2209,0.020,1791521596644094.324	,1791521596644094.344	
2,_Z24add_rms_norm_bias_customIfEvPhS0_S0_S0_S0_mmjff,AI_VECTOR_CORE,28,2210,2.460,1791521596644142.444	,1791521596644144.904	
2,_Z24add_rms_norm_bias_customIfEvPhS0_S0_S0_S0_mmjff,AI_VECTOR_CORE,28,2211,2.420,1791521596644184.148	,1791521596644186.568	
2,_Z24add_rms_norm_bias_customIfEvPhS0_S0_S0_S0_mmjff,AI_VECTOR_CORE,28,2212,2.440,1791521596644205.728	,1791521596644208.168	
2,_Z24add_rms_norm_bias_customIfEvPhS0_S0_S0_S0_mmjff,AI_VECTOR_CORE,28,2213,2.340,1791521596644229.628	,1791521596644231.968	
2,_Z24add_rms_norm_bias_customIfEvPhS0_S0_S0_S0_mmjff,AI_VECTOR_CORE,28,2214,2.400,1791521596644251.108	,1791521596644253.508	
2,_Z24add_rms_norm_bias_customIfEvPhS0_S0_S0_S0_mmjff,AI_VECTOR_CORE,28,2215,2.260,1791521596644283.688	,1791521596644285.948	
2,_Z24add_rms_norm_bias_customIfEvPhS0_S0_S0_S0_mmjff,AI_VECTOR_CORE,28,2216,2.420,1791521596644310.028	,1791521596644312.448	
2,_Z24add_rms_norm_bias_customIfEvPhS0_S0_S0_S0_mmjff,AI_VECTOR_CORE,28,2217,2.400,1791521596644338.368	,1791521596644340.768	
2,_Z24add_rms_norm_bias_customIfEvPhS0_S0_S0_S0_mmjff,AI_VECTOR_CORE,28,2218,2.480,1791521596644359.872	,1791521596644362.352	
2,_Z24add_rms_norm_bias_customIfEvPhS0_S0_S0_S0_mmjff,AI_VECTOR_CORE,28,2219,2.560,1791521596644390.072	,1791521596644392.632	
2,_Z24add_rms_norm_bias_customIfEvPhS0_S0_S0_S0_mmjff,AI_VECTOR_CORE,28,2220,2.480,1791521596644409.412	,1791521596644411.892	
2,_Z24add_rms_norm_bias_customIfEvPhS0_S0_S0_S0_mmjff,AI_VECTOR_CORE,28,2221,2.440,1791521596644440.732	,1791521596644443.172	
2,_Z24add_rms_norm_bias_customIfEvPhS0_S0_S0_S0_mmjff,AI_VECTOR_CORE,28,2222,2.440,1791521596644460.932	,1791521596644463.372	
2,_Z24add_rms_norm_bias_customIfEvPhS0_S0_S0_S0_mmjff,AI_VECTOR_CORE,28,2223,2.520,1791521596644492.272	,1791521596644494.792	
2,_Z24add_rms_norm_bias_customIfEvPhS0_S0_S0_S0_mmjff,AI_VECTOR_CORE,28,2224,2.360,1791521596644511.372	,1791521596644513.732	
2,_Z24add_rms_norm_bias_customIfEvPhS0_S0_S0_S0_mmjff,AI_VECTOR_CORE,28,2225,2.460,1791521596644547.072	,1791521596644549.532	
2,N/A,EVENT_RECORD,28,2226,0.020,1791521596644565.276	,1791521596644565.296	
2,_Z24add_rms_norm_bias_customIfEvPhS0_S0_S0_S0_mmjff,AI_VECTOR_CORE,28,2227,2.600,1791521596644618.516	,1791521596644621.116	
2,_Z24add_rms_norm_bias_customIfEvPhS0_S0_S0_S0_mmjff,AI_VECTOR_CORE,28,2228,35.760,1791521596644655.596	,1791521596644691.356	
2,N/A,EVENT_RECORD,28,2229,0.000,1791521596644691.656	,1791521596644691.656	
2,_Z24add_rms_norm_bias_customIfEvPhS0_S0_S0_S0_mmjff,AI_VECTOR_CORE,28,2230,2.320,1791521596644742.696	,1791521596644745.016	
2,_Z24add_rms_norm_bias_customIfEvPhS0_S0_S0_S0_mmjff,AI_VECTOR_CORE,28,2231,2.360,1791521596644791.240	,1791521596644793.600	
2,_Z24add_rms_norm_bias_customIfEvPhS0_S0_S0_S0_mmjff,AI_VECTOR_CORE,28,2232,2.240,1791521596644816.120	,1791521596644818.360	
2,_Z24add_rms_norm_bias_customIfEvPhS0_S0_S0_S0_mmjff,AI_VECTOR_CORE,28,2233,2.360,1791521596644838.640	,1791521596644841.000	
2,_Z24add_rms_norm_bias_customIfEvPhS0_S0_S0_S0_mmjff,AI_VECTOR_CORE,28,2234,2.420,1791521596644861.180	,1791521596644863.600	
2,_Z24add_rms_norm_bias_customIfEvPhS0_S0_S0_S0_mmjff,AI_VECTOR_CORE,28,2235,2.480,1791521596644890.880	,1791521596644893.360	
2,_Z24add_rms_norm_bias_customIfEvPhS0_S0_S0_S0_mmjff,AI_VECTOR_CORE,28,2236,2.540,1791521596644911.500	,1791521596644914.040	
2,_Z24add_rms_norm_bias_customIfEvPhS0_S0_S0_S0_mmjff,AI_VECTOR_CORE,28,2237,2.544,1791521596644948.740	,1791521596644951.284	
2,N/A,EVENT_RECORD,28,2238,0.000,1791521596644964.244	,1791521596644964.244	
2,_Z24add_rms_norm_bias_customIfEvPhS0_S0_S0_S0_mmjff,AI_VECTOR_CORE,28,2239,2.420,1791521596645011.184	,1791521596645013.604	
2,_Z24add_rms_norm_bias_customIfEvPhS0_S0_S0_S0_mmjff,AI_VECTOR_CORE,28,2240,2.500,1791521596645053.044	,1791521596645055.544	
2,_Z24add_rms_norm_bias_customIfEvPhS0_S0_S0_S0_mmjff,AI_VECTOR_CORE,28,2241,2.360,1791521596645074.404	,1791521596645076.764	
2,_Z24add_rms_norm_bias_customIfEvPhS0_S0_S0_S0_mmjff,AI_VECTOR_CORE,28,2242,2.360,1791521596645101.184	,1791521596645103.544	
2,_Z24add_rms_norm_bias_customIfEvPhS0_S0_S0_S0_mmjff,AI_VECTOR_CORE,28,2243,2.400,1791521596645119.284	,1791521596645121.684	
2,_Z24add_rms_norm_bias_customIfEvPhS0_S0_S0_S0_mmjff,AI_VECTOR_CORE,28,2244,2.280,1791521596645146.344	,1791521596645148.624	
2,_Z24add_rms_norm_bias_customIfEvPhS0_S0_S0_S0_mmjff,AI_VECTOR_CORE,28,2245,2.340,1791521596645171.668	,1791521596645174.008	
2,_Z24add_rms_norm_bias_customIfEvPhS0_S0_S0_S0_mmjff,AI_VECTOR_CORE,28,2246,2.220,1791521596645198.148	,1791521596645200.368	
2,_Z24add_rms_norm_bias_customIfEvPhS0_S0_S0_S0_mmjff,AI_VECTOR_CORE,28,2247,2.340,1791521596645229.888	,1791521596645232.228	
2,_Z24add_rms_norm_bias_customIfEvPhS0_S0_S0_S0_mmjff,AI_VECTOR_CORE,28,2248,2.260,1791521596645249.308	,1791521596645251.568	
2,_Z24add_rms_norm_bias_customIfEvPhS0_S0_S0_S0_mmjff,AI_VECTOR_CORE,28,2249,2.320,1791521596645276.068	,1791521596645278.388	
2,_Z24add_rms_norm_bias_customIfEvPhS0_S0_S0_S0_mmjff,AI_VECTOR_CORE,28,2250,2.220,1791521596645294.608	,1791521596645296.828	
2,_Z24add_rms_norm_bias_customIfEvPhS0_S0_S0_S0_mmjff,AI_VECTOR_CORE,28,2251,2.260,1791521596645322.548	,1791521596645324.808	
2,_Z24add_rms_norm_bias_customIfEvPhS0_S0_S0_S0_mmjff,AI_VECTOR_CORE,28,2252,2.300,1791521596645340.928	,1791521596645343.228	
2,_Z24add_rms_norm_bias_customIfEvPhS0_S0_S0_S0_mmjff,AI_VECTOR_CORE,28,2253,2.300,1791521596645364.852	,1791521596645367.152	
2,_Z24add_rms_norm_bias_customIfEvPhS0_S0_S0_S0_mmjff,AI_VECTOR_CORE,28,2254,2.320,1791521596645396.272	,1791521596645398.592	
2,_Z24add_rms_norm_bias_customIfEvPhS0_S0_S0_S0_mmjff,AI_VECTOR_CORE,28,2255,2.300,1791521596645416.432	,1791521596645418.732	
2,N/A,EVENT_RECORD,28,2256,0.020,1791521596645442.652	,1791521596645442.672	
2,_Z24add_rms_norm_bias_customIfEvPhS0_S0_S0_S0_mmjff,AI_VECTOR_CORE,28,2257,2.220,1791521596645458.012	,1791521596645460.232	
2,N/A,EVENT_RECORD,28,2258,0.020,1791521596645470.812	,1791521596645470.832	
2,N/A,EVENT_RECORD,28,2259,0.020,1791521596645535.752	,1791521596645535.772	
2,_Z24add_rms_norm_bias_customIfEvPhS0_S0_S0_S0_mmjff,AI_VECTOR_CORE,28,2260,2.340,1791521596645543.052	,1791521596645545.392	
2,N/A,EVENT_RECORD,28,2261,0.020,1791521596645559.236	,1791521596645559.256	
2,N/A,EVENT_RECORD,28,2262,0.020,1791521596645629.616	,1791521596645629.636	
2,_Z24add_rms_norm_bias_customIfEvPhS0_S0_S0_S0_mmjff,AI_VECTOR_CORE,28,2263,2.360,1791521596645632.736	,1791521596645635.096	
2,N/A,EVENT_RECORD,28,2264,0.000,1791521596645651.316	,1791521596645651.316	
2,N/A,EVENT_RECORD,28,2265,0.020,1791521596645710.176	,1791521596645710.196	
2,_Z24add_rms_norm_bias_customIfEvPhS0_S0_S0_S0_mmjff,AI_VECTOR_CORE,28,2266,2.200,1791521596645713.136	,1791521596645715.336	
2,N/A,EVENT_RECORD,28,2267,0.020,1791521596645732.956	,1791521596645732.976	
2,N/A,EVENT_RECORD,28,2268,0.020,1791521596645788.280	,1791521596645788.300	
2,_Z24add_rms_norm_bias_customIfEvPhS0_S0_S0_S0_mmjff,AI_VECTOR_CORE,28,2269,10.120,1791521596645798.200	,1791521596645808.320	
2,N/A,EVENT_RECORD,28,2270,0.020,1791521596645818.880	,1791521596645818.900	
2,N/A,EVENT_RECORD,28,2271,0.020,1791521596645882.020	,1791521596645882.040	
2,_Z24add_rms_norm_bias_customIfEvPhS0_S0_S0_S0_mmjff,AI_VECTOR_CORE,28,2272,2.280,1791521596645885.100	,1791521596645887.380	
2,N/A,EVENT_RECORD,28,2273,0.020,1791521596645906.200	,1791521596645906.220	
2,N/A,EVENT_RECORD,28,2274,0.020,1791521596645967.084	,1791521596645967.104	
2,_Z24add_rms_norm_bias_customIfEvPhS0_S0_S0_S0_mmjff,AI_VECTOR_CORE,28,2275,2.260,1791521596645970.264	,1791521596645972.524	
2,N/A,EVENT_RECORD,28,2276,0.020,1791521596645991.964	,1791521596645991.984	
2,N/A,EVENT_RECORD,28,2277,0.020,1791521596646052.884	,1791521596646052.904	
2,_Z24add_rms_norm_bias_customIfEvPhS0_S0_S0_S0_mmjff,AI_VECTOR_CORE,28,2278,7.680,1791521596646055.004	,1791521596646062.684	
2,N/A,EVENT_RECORD,28,2279,0.000,1791521596646072.264	,1791521596646072.264	
2,N/A,EVENT_RECORD,28,2280,0.020,1791521596646132.544	,1791521596646132.564	
2,_Z24add_rms_norm_bias_customIfEvPhS0_S0_S0_S0_mmjff,AI_VECTOR_CORE,28,2281,2.340,1791521596646140.304	,1791521596646142.644	
2,N/A,EVENT_RECORD,28,2282,0.020,1791521596646160.348	,1791521596646160.368	
2,N/A,EVENT_RECORD,28,2283,0.020,1791521596646221.828	,1791521596646221.848	
2,_Z24add_rms_norm_bias_customIfEvPhS0_S0_S0_S0_mmjff,AI_VECTOR_CORE,28,2284,2.220,1791521596646225.348	,1791521596646227.568	
2,N/A,EVENT_RECORD,28,2285,0.020,1791521596646244.688	,1791521596646244.708	
2,N/A,EVENT_RECORD,28,2286,0.020,1791521596646319.988	,1791521596646320.008	
2,_Z24add_rms_norm_bias_customIfEvPhS0_S0_S0_S0_mmjff,AI_VECTOR_CORE,28,2287,2.240,1791521596646322.068	,1791521596646324.308	
2,N/A,EVENT_RECORD,28,2288,0.020,1791521596646329.248	,1791521596646329.268	
2,N/A,EVENT_RECORD,28,2289,0.020,1791521596646389.452	,1791521596646389.472	
2,_Z24add_rms_norm_bias_customIfEvPhS0_S0_S0_S0_mmjff,AI_VECTOR_CORE,28,2290,2.380,1791521596646391.752	,1791521596646394.132	
2,N/A,EVENT_RECORD,28,2291,0.020,1791521596646410.512	,1791521596646410.532	
2,N/A,EVENT_RECORD,28,2292,0.020,1791521596646469.592	,1791521596646469.612	
2,_Z24add_rms_norm_bias_customIfEvPhS0_S0_S0_S0_mmjff,AI_VECTOR_CORE,28,2293,2.360,1791521596646476.192	,1791521596646478.552	
2,N/A,EVENT_RECORD,28,2294,0.020,1791521596646496.792	,1791521596646496.812	
2,N/A,EVENT_RECORD,28,2295,0.016,1791521596646556.316	,1791521596646556.332	
2,_Z24add_rms_norm_bias_customIfEvPhS0_S0_S0_S0_mmjff,AI_VECTOR_CORE,28,2296,2.300,1791521596646559.216	,1791521596646561.516	
2,N/A,EVENT_RECORD,28,2297,0.020,1791521596646578.716	,1791521596646578.736	
2,N/A,EVENT_RECORD,28,2298,0.020,1791521596646636.156	,1791521596646636.176	
2,_Z24add_rms_norm_bias_customIfEvPhS0_S0_S0_S0_mmjff,AI_VECTOR_CORE,28,2299,2.260,1791521596646639.776	,1791521596646642.036	
2,N/A,EVENT_RECORD,28,2300,0.020,1791521596646662.936	,1791521596646662.956	
2,N/A,EVENT_RECORD,28,2301,0.000,1791521596646720.776	,1791521596646720.776	
2,_Z24add_rms_norm_bias_customIfEvPhS0_S0_S0_S0_mmjff,AI_VECTOR_CORE,28,2302,2.500,1791521596646724.436	,1791521596646726.936	
2,N/A,EVENT_RECORD,28,2303,0.020,1791521596646744.276	,1791521596646744.296	
2,N/A,EVENT_RECORD,28,2304,0.020,1791521596646804.900	,1791521596646804.920	
2,_Z24add_rms_norm_bias_customIfEvPhS0_S0_S0_S0_mmjff,AI_VECTOR_CORE,28,2305,2.440,1791521596646809.160	,1791521596646811.600	
2,N/A,EVENT_RECORD,28,2306,0.020,1791521596646827.980	,1791521596646828.000	
2,N/A,EVENT_RECORD,28,2307,0.020,1791521596646885.800	,1791521596646885.820	
2,_Z24add_rms_norm_bias_customIfEvPhS0_S0_S0_S0_mmjff,AI_VECTOR_CORE,28,2308,2.320,1791521596646889.280	,1791521596646891.600	
2,N/A,EVENT_RECORD,28,2309,0.020,1791521596646914.740	,1791521596646914.760	
2,N/A,EVENT_RECORD,28,2310,0.020,1791521596646967.644	,1791521596646967.664	
2,_Z24add_rms_norm_bias_customIfEvPhS0_S0_S0_S0_mmjff,AI_VECTOR_CORE,28,2311,2.320,1791521596646971.304	,1791521596646973.624	
2,N/A,EVENT_RECORD,28,2312,0.020,1791521596647003.364	,1791521596647003.384	
2,N/A,EVENT_RECORD,28,2313,0.020,1791521596647059.744	,1791521596647059.764	
2,_Z24add_rms_norm_bias_customIfEvPhS0_S0_S0_S0_mmjff,AI_VECTOR_CORE,28,2314,2.360,1791521596647062.804	,1791521596647065.164	
2,N/A,EVENT_RECORD,28,2315,0.020,1791521596647086.924	,1791521596647086.944	
2,N/A,EVENT_RECORD,28,2316,0.020,1791521596647139.744	,1791521596647139.764	
2,_Z24add_rms_norm_bias_customIfEvPhS0_S0_S0_S0_mmjff,AI_VECTOR_CORE,28,2317,24.380,1791521596647158.928	,1791521596647183.308	
2,N/A,EVENT_RECORD,28,2318,0.020,1791521596647183.328	,1791521596647183.348	
2,N/A,EVENT_RECORD,28,2319,0.020,1791521596647238.628	,1791521596647238.648	
2,_Z24add_rms_norm_bias_customIfEvPhS0_S0_S0_S0_mmjff,AI_VECTOR_CORE,28,2320,2.300,1791521596647241.688	,1791521596647243.988	
2,N/A,EVENT_RECORD,28,2321,0.020,1791521596647263.028	,1791521596647263.048	
2,N/A,EVENT_RECORD,28,2322,0.020,1791521596647315.428	,1791521596647315.448	
2,_Z24add_rms_norm_bias_customIfEvPhS0_S0_S0_S0_mmjff,AI_VECTOR_CORE,28,2323,2.280,1791521596647322.948	,1791521596647325.228	
2,N/A,EVENT_RECORD,28,2324,0.020,1791521596647339.448	,1791521596647339.468	
2,N/A,EVENT_RECORD,28,2325,0.000,1791521596647399.092	,1791521596647399.092	
2,_Z24add_rms_norm_bias_customIfEvPhS0_S0_S0_S0_mmjff,AI_VECTOR_CORE,28,2326,2.280,1791521596647407.872	,1791521596647410.152	
2,N/A,EVENT_RECORD,28,2327,0.020,1791521596647428.172	,1791521596647428.192	
2,N/A,EVENT_RECORD,28,2328,0.020,1791521596647477.812	,1791521596647477.832	
2,_Z24add_rms_norm_bias_customIfEvPhS0_S0_S0_S0_mmjff,AI_VECTOR_CORE,28,2329,2.180,1791521596647493.412	,1791521596647495.592	
2,N/A,EVENT_RECORD,28,2330,0.020,1791521596647507.152	,1791521596647507.172	
2,N/A,EVENT_RECORD,28,2331,0.020,1791521596647561.756	,1791521596647561.776	
2,_Z24add_rms_norm_bias_customIfEvPhS0_S0_S0_S0_mmjff,AI_VECTOR_CORE,28,2332,3.220,1791521596647572.836	,1791521596647576.056	
2,N/A,EVENT_RECORD,28,2333,0.020,1791521596647592.976	,1791521596647592.996	
2,N/A,EVENT_RECORD,28,2334,0.020,1791521596647648.116	,1791521596647648.136	
2,_Z24add_rms_norm_bias_customIfEvPhS0_S0_S0_S0_mmjff,AI_VECTOR_CORE,28,2335,2.260,1791521596647653.796	,1791521596647656.056	
2,N/A,EVENT_RECORD,28,2336,0.020,1791521596647667.796	,1791521596647667.816	
2,N/A,EVENT_RECORD,28,2337,0.020,1791521596647746.336	,1791521596647746.356	
2,_Z24add_rms_norm_bias_customIfEvPhS0_S0_S0_S0_mmjff,AI_VECTOR_CORE,28,2338,3.140,1791521596647768.580	,1791521596647771.720	
2,N/A,EVENT_RECORD,28,2339,0.020,1791521596647774.680	,1791521596647774.700	
2,N/A,EVENT_RECORD,28,2340,0.020,1791521596647838.680	,1791521596647838.700	
2,_Z24add_rms_norm_bias_customIfEvPhS0_S0_S0_S0_mmjff,AI_VECTOR_CORE,28,2341,2.260,1791521596647847.140	,1791521596647849.400	
2,N/A,EVENT_RECORD,28,2342,0.020,1791521596647866.360	,1791521596647866.380	
2,N/A,EVENT_RECORD,28,2343,0.020,1791521596647918.620	,1791521596647918.640	
2,_Z24add_rms_norm_bias_customIfEvPhS0_S0_S0_S0_mmjff,AI_VECTOR_CORE,28,2344,2.320,1791521596647937.080	,1791521596647939.400	
2,N/A,EVENT_RECORD,28,2345,0.024,1791521596647957.980	,1791521596647958.004	
2,N/A,EVENT_RECORD,28,2346,0.000,1791521596648018.424	,1791521596648018.424	
2,_Z24add_rms_norm_bias_customIfEvPhS0_S0_S0_S0_mmjff,AI_VECTOR_CORE,28,2347,2.460,1791521596648021.244	,1791521596648023.704	
2,N/A,EVENT_RECORD,28,2348,0.020,1791521596648038.484	,1791521596648038.504	
2,N/A,EVENT_RECORD,28,2349,0.020,1791521596648102.824	,1791521596648102.844	
2,_Z24add_rms_norm_bias_customIfEvPhS0_S0_S0_S0_mmjff,AI_VECTOR_CORE,28,2350,2.360,1791521596648105.564	,1791521596648107.924	
2,N/A,EVENT_RECORD,28,2351,0.020,1791521596648115.324	,1791521596648115.344	
2,N/A,EVENT_RECORD,28,2352,0.020,1791521596648173.808	,1791521596648173.828	
2,_Z24add_rms_norm_bias_customIfEvPhS0_S0_S0_S0_mmjff,AI_VECTOR_CORE,28,2353,2.260,1791521596648183.868	,1791521596648186.128	
2,N/A,EVENT_RECORD,28,2354,0.020,1791521596648205.108	,1791521596648205.128	
2,N/A,EVENT_RECORD,28,2355,0.000,1791521596648262.388	,1791521596648262.388	
2,_Z24add_rms_norm_bias_customIfEvPhS0_S0_S0_S0_mmjff,AI_VECTOR_CORE,28,2356,20.760,1791521596648266.488	,1791521596648287.248	
2,N/A,EVENT_RECORD,28,2357,0.020,1791521596648294.368	,1791521596648294.388	
2,N/A,EVENT_RECORD,28,2358,0.000,1791521596648341.288	,1791521596648341.288	
2,_Z24add_rms_norm_bias_customIfEvPhS0_S0_S0_S0_mmjff,AI_VECTOR_CORE,28,2359,2.456,1791521596648355.532	,1791521596648357.988	
2,N/A,EVENT_RECORD,28,2360,0.020,1791521596648373.172	,1791521596648373.192	
2,N/A,EVENT_RECORD,28,2361,0.020,1791521596648421.152	,1791521596648421.172	
2,_Z24add_rms_norm_bias_customIfEvPhS0_S0_S0_S0_mmjff,AI_VECTOR_CORE,28,2362,18.940,1791521596648431.572	,1791521596648450.512	
2,N/A,EVENT_RECORD,28,2363,0.020,1791521596648450.992	,1791521596648451.012	
2,N/A,EVENT_RECORD,28,2364,0.020,1791521596648510.492	,1791521596648510.512	
2,_Z24add_rms_norm_bias_customIfEvPhS0_S0_S0_S0_mmjff,AI_VECTOR_CORE,28,2365,2.300,1791521596648515.032	,1791521596648517.332	
2,N/A,EVENT_RECORD,28,2366,0.020,1791521596648541.872	,1791521596648541.892	
2,N/A,EVENT_RECORD,28,2367,0.020,1791521596648600.776	,1791521596648600.796	
2,_Z24add_rms_norm_bias_customIfEvPhS0_S0_S0_S0_mmjff,AI_VECTOR_CORE,28,2368,2.540,1791521596648603.516	,1791521596648606.056	
2,N/A,EVENT_RECORD,28,2369,0.020,1791521596648617.296	,1791521596648617.316	
2,N/A,EVENT_RECORD,28,2370,0.020,1791521596648679.536	,1791521596648679.556	
2,_Z24add_rms_norm_bias_customIfEvPhS0_S0_S0_S0_mmjff,AI_VECTOR_CORE,28,2371,2.500,1791521596648684.036	,1791521596648686.536	
2,N/A,EVENT_RECORD,28,2372,0.020,1791521596648708.136	,1791521596648708.156	
2,N/A,EVENT_RECORD,28,2373,0.020,1791521596648764.140	,1791521596648764.160	
2,_Z24add_rms_norm_bias_customIfEvPhS0_S0_S0_S0_mmjff,AI_VECTOR_CORE,28,2374,3.500,1791521596648768.340	,1791521596648771.840	
2,N/A,EVENT_RECORD,28,2375,0.020,1791521596648786.740	,1791521596648786.760	
2,N/A,EVENT_RECORD,28,2376,0.020,1791521596648846.080	,1791521596648846.100	
2,_Z24add_rms_norm_bias_customIfEvPhS0_S0_S0_S0_mmjff,AI_VECTOR_CORE,28,2377,2.540,1791521596648850.600	,1791521596648853.140	
2,N/A,EVENT_RECORD,28,2378,0.020,1791521596648873.920	,1791521596648873.940	
2,N/A,EVENT_RECORD,28,2379,0.020,1791521596648929.280	,1791521596648929.300	
2,_Z24add_rms_norm_bias_customIfEvPhS0_S0_S0_S0_mmjff,AI_VECTOR_CORE,28,2380,2.520,1791521596648940.480	,1791521596648943.000	
2,N/A,EVENT_RECORD,28,2381,0.016,1791521596648959.644	,1791521596648959.660	
2,N/A,EVENT_RECORD,28,2382,0.020,1791521596649026.624	,1791521596649026.644	
2,_Z24add_rms_norm_bias_customIfEvPhS0_S0_S0_S0_mmjff,AI_VECTOR_CORE,28,2383,2.480,1791521596649030.184	,1791521596649032.664	
2,N/A,EVENT_RECORD,28,2384,0.000,1791521596649050.124	,1791521596649050.124	
2,N/A,EVENT_RECORD,28,2385,0.020,1791521596649111.104	,1791521596649111.124	
2,_Z24add_rms_norm_bias_customIfEvPhS0_S0_S0_S0_mmjff,AI_VECTOR_CORE,28,2386,2.880,1791521596649113.264	,1791521596649116.144	
2,N/A,EVENT_RECORD,28,2387,0.020,1791521596649129.504	,1791521596649129.524	
2,N/A,EVENT_RECORD,28,2388,0.020,1791521596649188.548	,1791521596649188.568	
2,_Z24add_rms_norm_bias_customIfEvPhS0_S0_S0_S0_mmjff,AI_VECTOR_CORE,28,2389,2.360,1791521596649196.168	,1791521596649198.528	
2,N/A,EVENT_RECORD,28,2390,0.020,1791521596649215.128	,1791521596649215.148	
2,N/A,EVENT_RECORD,28,2391,0.020,1791521596649267.048	,1791521596649267.068	
2,_Z24add_rms_norm_bias_customIfEvPhS0_S0_S0_S0_mmjff,AI_VECTOR_CORE,28,2392,2.460,1791521596649279.488	,1791521596649281.948	
2,N/A,EVENT_RECORD,28,2393,0.000,1791521596649295.688	,1791521596649295.688	
2,N/A,EVENT_RECORD,28,2394,0.020,1791521596649352.388	,1791521596649352.408	
2,_Z24add_rms_norm_bias_customIfEvPhS0_S0_S0_S0_mmjff,AI_VECTOR_CORE,28,2395,2.300,1791521596649365.612	,1791521596649367.912	
2,N/A,EVENT_RECORD,28,2396,0.020,1791521596649383.392	,1791521596649383.412	
2,N/A,EVENT_RECORD,28,2397,0.020,1791521596649434.132	,1791521596649434.152	
2,_Z24add_rms_norm_bias_customIfEvPhS0_S0_S0_S0_mmjff,AI_VECTOR_CORE,28,2398,2.260,1791521596649451.392	,1791521596649453.652	
2,N/A,EVENT_RECORD,28,2399,0.020,1791521596649470.372	,1791521596649470.392	
2,N/A,EVENT_RECORD,28,2400,0.020,1791521596649519.472	,1791521596649519.492	
2,_Z24add_rms_norm_bias_customIfEvPhS0_S0_S0_S0_mmjff,AI_VECTOR_CORE,28,2401,3.000,1791521596649528.652	,1791521596649531.652	
2,N/A,EVENT_RECORD,28,2402,0.020,1791521596649546.892	,1791521596649546.912	
2,N/A,EVENT_RECORD,28,2403,0.000,1791521596649599.916	,1791521596649599.916	
2,_Z24add_rms_norm_bias_customIfEvPhS0_S0_S0_S0_mmjff,AI_VECTOR_CORE,28,2404,2.280,1791521596649615.676	,1791521596649617.956	
2,N/A,EVENT_RECORD,28,2405,0.020,1791521596649630.856	,1791521596649630.876	
2,N/A,EVENT_RECORD,28,2406,0.020,1791521596649691.736	,1791521596649691.756	
2,_Z24add_rms_norm_bias_customIfEvPhS0_S0_S0_S0_mmjff,AI_VECTOR_CORE,28,2407,2.400,1791521596649694.616	,1791521596649697.016	
2,N/A,EVENT_RECORD,28,2408,0.020,1791521596649710.216	,1791521596649710.236	
2,N/A,EVENT_RECORD,28,2409,0.020,1791521596649774.060	,1791521596649774.080	
2,_Z24add_rms_norm_bias_customIfEvPhS0_S0_S0_S0_mmjff,AI_VECTOR_CORE,28,2410,2.380,1791521596649776.080	,1791521596649778.460	
2,N/A,EVENT_RECORD,28,2411,0.020,1791521596649802.780	,1791521596649802.800	
2,N/A,EVENT_RECORD,28,2412,0.020,1791521596649862.320	,1791521596649862.340	
2,_Z24add_rms_norm_bias_customIfEvPhS0_S0_S0_S0_mmjff,AI_VECTOR_CORE,28,2413,2.520,1791521596649866.540	,1791521596649869.060	
2,N/A,EVENT_RECORD,28,2414,0.020,1791521596649886.820	,1791521596649886.840	
2,N/A,EVENT_RECORD,28,2415,0.020,1791521596649941.940	,1791521596649941.960	
2,_Z24add_rms_norm_bias_customIfEvPhS0_S0_S0_S0_mmjff,AI_VECTOR_CORE,28,2416,2.420,1791521596649946.400	,1791521596649948.820	
2,N/A,EVENT_RECORD,28,2417,0.020,1791521596649972.364	,1791521596649972.384	
2,N/A,EVENT_RECORD,28,2418,0.020,1791521596650032.204	,1791521596650032.224	
2,_Z24add_rms_norm_bias_customIfEvPhS0_S0_S0_S0_mmjff,AI_VECTOR_CORE,28,2419,2.200,1791521596650034.884	,1791521596650037.084	
2,N/A,EVENT_RECORD,28,2420,0.020,1791521596650057.724	,1791521596650057.744	
2,N/A,EVENT_RECORD,28,2421,0.020,1791521596650110.004	,1791521596650110.024	
2,_Z24add_rms_norm_bias_customIfEvPhS0_S0_S0_S0_mmjff,AI_VECTOR_CORE,28,2422,2.280,1791521596650126.324	,1791521596650128.604	
2,N/A,EVENT_RECORD,28,2423,0.020,1791521596650134.544	,1791521596650134.564	
2,N/A,EVENT_RECORD,28,2424,0.000,1791521596650196.268	,1791521596650196.268	
2,_Z24add_rms_norm_bias_customIfEvPhS0_S0_S0_S0_mmjff,AI_VECTOR_CORE,28,2425,2.500,1791521596650199.248	,1791521596650201.748	
2,N/A,EVENT_RECORD,28,2426,0.020,1791521596650215.528	,1791521596650215.548	
2,N/A,EVENT_RECORD,28,2427,0.000,1791521596650285.368	,1791521596650285.368	
2,_Z24add_rms_norm_bias_customIfEvPhS0_S0_S0_S0_mmjff,AI_VECTOR_CORE,28,2428,2.380,1791521596650288.848	,1791521596650291.228	
2,N/A,EVENT_RECORD,28,2429,0.020,1791521596650306.588	,1791521596650306.608	
2,N/A,EVENT_RECORD,28,2430,0.000,1791521596650366.232	,1791521596650366.232	
2,_Z24add_rms_norm_bias_customIfEvPhS0_S0_S0_S0_mmjff,AI_VECTOR_CORE,28,2431,1.520,1791521596650373.452	,1791521596650374.972	
2,N/A,EVENT_RECORD,28,2432,0.020,1791521596650396.912	,1791521596650396.932	
2,N/A,EVENT_RECORD,28,2433,0.020,1791521596650455.372	,1791521596650455.392	
2,_Z24add_rms_norm_bias_customIfEvPhS0_S0_S0_S0_mmjff,AI_VECTOR_CORE,28,2434,2.400,1791521596650458.792	,1791521596650461.192	
2,N/A,EVENT_RECORD,28,2435,0.020,1791521596650479.752	,1791521596650479.772	
2,N/A,EVENT_RECORD,28,2436,0.020,1791521596650534.712	,1791521596650534.732	
2,_Z24add_rms_norm_bias_customIfEvPhS0_S0_S0_S0_mmjff,AI_VECTOR_CORE,28,2437,2.400,1791521596650539.092	,1791521596650541.492	
2,N/A,EVENT_RECORD,28,2438,0.020,1791521596650565.596	,1791521596650565.616	
2,N/A,EVENT_RECORD,28,2439,0.020,1791521596650618.516	,1791521596650618.536	
2,_Z24add_rms_norm_bias_customIfEvPhS0_S0_S0_S0_mmjff,AI_VECTOR_CORE,28,2440,2.220,1791521596650621.956	,1791521596650624.176	
2,N/A,EVENT_RECORD,28,2441,0.020,1791521596650638.416	,1791521596650638.436	
2,N/A,EVENT_RECORD,28,2442,0.020,1791521596650704.956	,1791521596650704.976	
2,_Z24add_rms_norm_bias_customIfEvPhS0_S0_S0_S0_mmjff,AI_VECTOR_CORE,28,2443,2.280,1791521596650707.816	,1791521596650710.096	
2,N/A,EVENT_RECORD,28,2444,0.020,1791521596650729.436	,1791521596650729.456	
2,N/A,EVENT_RECORD,28,2445,0.020,1791521596650787.260	,1791521596650787.280	
2,_Z24add_rms_norm_bias_customIfEvPhS0_S0_S0_S0_mmjff,AI_VECTOR_CORE,28,2446,2.340,1791521596650791.520	,1791521596650793.860	
2,N/A,EVENT_RECORD,28,2447,0.020,1791521596650815.140	,1791521596650815.160	
2,N/A,EVENT_RECORD,28,2448,0.000,1791521596650869.580	,1791521596650869.580	
2,_Z24add_rms_norm_bias_customIfEvPhS0_S0_S0_S0_mmjff,AI_VECTOR_CORE,28,2449,2.380,1791521596650881.300	,1791521596650883.680	
2,N/A,EVENT_RECORD,28,2450,0.000,1791521596650903.900	,1791521596650903.900	
2,N/A,EVENT_RECORD,28,2451,0.024,1791521596650959.260	,1791521596650959.284	
2,_Z24add_rms_norm_bias_customIfEvPhS0_S0_S0_S0_mmjff,AI_VECTOR_CORE,28,2452,2.484,1791521596650961.500	,1791521596650963.984	
2,N/A,EVENT_RECORD,28,2453,0.020,1791521596650985.164	,1791521596650985.184	
2,N/A,EVENT_RECORD,28,2454,0.020,1791521596651040.364	,1791521596651040.384	
2,_Z24add_rms_norm_bias_customIfEvPhS0_S0_S0_S0_mmjff,AI_VECTOR_CORE,28,2455,2.460,1791521596651042.964	,1791521596651045.424	
2,N/A,EVENT_RECORD,28,2456,0.020,1791521596651062.984	,1791521596651063.004	
2,N/A,EVENT_RECORD,28,2457,0.000,1791521596651119.844	,1791521596651119.844	
2,_Z24add_rms_norm_bias_customIfEvPhS0_S0_S0_S0_mmjff,AI_VECTOR_CORE,28,2458,2.720,1791521596651125.324	,1791521596651128.044	
2,N/A,EVENT_RECORD,28,2459,0.020,1791521596651144.624	,1791521596651144.644	
2,N/A,EVENT_RECORD,28,2460,0.020,1791521596651203.368	,1791521596651203.388	
2,_Z24add_rms_norm_bias_customIfEvPhS0_S0_S0_S0_mmjff,AI_VECTOR_CORE,28,2461,3.180,1791521596651206.908	,1791521596651210.088	
2,N/A,EVENT_RECORD,28,2462,0.020,1791521596651226.368	,1791521596651226.388	
2,N/A,EVENT_RECORD,28,2463,0.020,1791521596651279.268	,1791521596651279.288	
2,_Z24add_rms_norm_bias_customIfEvPhS0_S0_S0_S0_mmjff,AI_VECTOR_CORE,28,2464,2.480,1791521596651291.928	,1791521596651294.408	
2,N/A,EVENT_RECORD,28,2465,0.020,1791521596651308.328	,1791521596651308.348	
2,N/A,EVENT_RECORD,28,2466,0.020,1791521596651372.572	,1791521596651372.592	
2,_Z24add_rms_norm_bias_customIfEvPhS0_S0_S0_S0_mmjff,AI_VECTOR_CORE,28,2467,3.640,1791521596651375.972	,1791521596651379.612	
2,N/A,EVENT_RECORD,28,2468,0.020,1791521596651396.732	,1791521596651396.752	
2,N/A,EVENT_RECORD,28,2469,0.020,1791521596651450.292	,1791521596651450.312	
2,_Z24add_rms_norm_bias_customIfEvPhS0_S0_S0_S0_mmjff,AI_VECTOR_CORE,28,2470,2.500,1791521596651474.812	,1791521596651477.312	
2,N/A,EVENT_RECORD,28,2471,0.020,1791521596651487.132	,1791521596651487.152	
2,N/A,EVENT_RECORD,28,2472,0.020,1791521596651547.772	,1791521596651547.792	
2,_Z24add_rms_norm_bias_customIfEvPhS0_S0_S0_S0_mmjff,AI_VECTOR_CORE,28,2473,2.580,1791521596651551.052	,1791521596651553.632	
2,N/A,EVENT_RECORD,28,2474,0.020,1791521596651573.736	,1791521596651573.756	
2,N/A,EVENT_RECORD,28,2475,0.000,1791521596651623.756	,1791521596651623.756	
2,_Z24add_rms_norm_bias_customIfEvPhS0_S0_S0_S0_mmjff,AI_VECTOR_CORE,28,2476,2.360,1791521596651639.956	,1791521596651642.316	
2,N/A,EVENT_RECORD,28,2477,0.020,1791521596651657.176	,1791521596651657.196	
2,N/A,EVENT_RECORD,28,2478,0.020,1791521596651732.696	,1791521596651732.716	
2,_Z24add_rms_norm_bias_customIfEvPhS0_S0_S0_S0_mmjff,AI_VECTOR_CORE,28,2479,2.440,1791521596651735.596	,1791521596651738.036	
2,N/A,EVENT_RECORD,28,2480,0.020,1791521596651746.556	,1791521596651746.576	
2,N/A,EVENT_RECORD,28,2481,0.020,1791521596651804.380	,1791521596651804.400	
2,_Z24add_rms_norm_bias_customIfEvPhS0_S0_S0_S0_mmjff,AI_VECTOR_CORE,28,2482,2.500,1791521596651817.040	,1791521596651819.540	
2,N/A,EVENT_RECORD,28,2483,0.020,1791521596651832.560	,1791521596651832.580	
2,N/A,EVENT_RECORD,28,2484,0.020,1791521596651888.580	,1791521596651888.600	
2,_Z24add_rms_norm_bias_customIfEvPhS0_S0_S0_S0_mmjff,AI_VECTOR_CORE,28,2485,2.420,1791521596651899.140	,1791521596651901.560	
2,N/A,EVENT_RECORD,28,2486,0.020,1791521596651917.680	,1791521596651917.700	
2,N/A,EVENT_RECORD,28,2487,0.020,1791521596651974.224	,1791521596651974.244	
2,_Z24add_rms_norm_bias_customIfEvPhS0_S0_S0_S0_mmjff,AI_VECTOR_CORE,28,2488,14.760,1791521596651981.024	,1791521596651995.784	
2,N/A,EVENT_RECORD,28,2489,0.020,1791521596652005.904	,1791521596652005.924	
2,N/A,EVENT_RECORD,28,2490,0.020,1791521596652055.224	,1791521596652055.244	
2,_Z24add_rms_norm_bias_customIfEvPhS0_S0_S0_S0_mmjff,AI_VECTOR_CORE,28,2491,2.480,1791521596652068.564	,1791521596652071.044	
2,N/A,EVENT_RECORD,28,2492,0.020,1791521596652087.104	,1791521596652087.124	
2,N/A,EVENT_RECORD,28,2493,0.020,1791521596652138.844	,1791521596652138.864	
2,_Z24add_rms_norm_bias_customIfEvPhS0_S0_S0_S0_mmjff,AI_VECTOR_CORE,28,2494,2.464,1791521596652154.844	,1791521596652157.308	
2,N/A,EVENT_RECORD,28,2495,0.000,1791521596652176.368	,1791521596652176.368	
2,N/A,EVENT_RECORD,28,2496,0.020,1791521596652234.148	,1791521596652234.168	
2,_Z24add_rms_norm_bias_customIfEvPhS0_S0_S0_S0_mmjff,AI_VECTOR_CORE,28,2497,2.320,1791521596652237.108	,1791521596652239.428	
2,N/A,EVENT_RECORD,28,2498,0.000,1791521596652261.108	,1791521596652261.108	
2,N/A,EVENT_RECORD,28,2499,0.020,1791521596652311.568	,1791521596652311.588	
2,_Z24add_rms_norm_bias_customIfEvPhS0_S0_S0_S0_mmjff,AI_VECTOR_CORE,28,2500,3.440,1791521596652321.928	,1791521596652325.368	
2,N/A,EVENT_RECORD,28,2501,0.020,1791521596652346.368	,1791521596652346.388	
2,N/A,EVENT_RECORD,28,2502,0.000,1791521596652402.752	,1791521596652402.752	
2,_Z24add_rms_norm_bias_customIfEvPhS0_S0_S0_S0_mmjff,AI_VECTOR_CORE,28,2503,2.320,1791521596652406.372	,1791521596652408.692	
2,N/A,EVENT_RECORD,28,2504,0.020,1791521596652427.832	,1791521596652427.852	
2,N/A,EVENT_RECORD,28,2505,0.020,1791521596652478.092	,1791521596652478.112	
2,_Z24add_rms_norm_bias_customIfEvPhS0_S0_S0_S0_mmjff,AI_VECTOR_CORE,28,2506,2.300,1791521596652492.992	,1791521596652495.292	
2,N/A,EVENT_RECORD,28,2507,0.020,1791521596652515.232	,1791521596652515.252	
2,N/A,EVENT_RECORD,28,2508,0.020,1791521596652568.256	,1791521596652568.276	
2,_Z24add_rms_norm_bias_customIfEvPhS0_S0_S0_S0_mmjff,AI_VECTOR_CORE,28,2509,3.180,1791521596652576.456	,1791521596652579.636	
2,N/A,EVENT_RECORD,28,2510,0.020,1791521596652595.976	,1791521596652595.996	
2,N/A,EVENT_RECORD,28,2511,0.020,1791521596652654.096	,1791521596652654.116	
2,_Z24add_rms_norm_bias_customIfEvPhS0_S0_S0_S0_mmjff,AI_VECTOR_CORE,28,2512,127.984,1791521596652670.656	,1791521596652798.640	
2,N/A,EVENT_RECORD,28,2513,0.020,1791521596652798.660	,1791521596652798.680	
2,N/A,EVENT_RECORD,28,2514,0.000,1791521596652798.840	,1791521596652798.840	
2,N/A,EVENT_RECORD,28,2515,0.020,1791521596652874.040	,1791521596652874.060	
2,_Z24add_rms_norm_bias_customIfEvPhS0_S0_S0_S0_mmjff,AI_VECTOR_CORE,28,2516,3.300,1791521596652876.800	,1791521596652880.100	
2,N/A,EVENT_RECORD,28,2517,0.020,1791521596652893.960	,1791521596652893.980	
2,N/A,EVENT_RECORD,28,2518,0.024,1791521596652962.860	,1791521596652962.884	
2,_Z24add_rms_norm_bias_customIfEvPhS0_S0_S0_S0_mmjff,AI_VECTOR_CORE,28,2519,2.460,1791521596652966.144	,1791521596652968.604	
2,N/A,EVENT_RECORD,28,2520,0.020,1791521596652985.204	,1791521596652985.224	
2,N/A,EVENT_RECORD,28,2521,0.000,1791521596653045.364	,1791521596653045.364	
2,_Z24add_rms_norm_bias_customIfEvPhS0_S0_S0_S0_mmjff,AI_VECTOR_CORE,28,2522,2.460,1791521596653048.924	,1791521596653051.384	
2,N/A,EVENT_RECORD,28,2523,0.020,1791521596653070.924	,1791521596653070.944	
2,N/A,EVENT_RECORD,28,2524,0.000,1791521596653126.484	,1791521596653126.484	
2,_Z24add_rms_norm_bias_customIfEvPhS0_S0_S0_S0_mmjff,AI_VECTOR_CORE,28,2525,2.400,1791521596653138.604	,1791521596653141.004	
2,N/A,EVENT_RECORD,28,2526,0.020,1791521596653157.144	,1791521596653157.164	
2,N/A,EVENT_RECORD,28,2527,0.020,1791521596653217.928	,1791521596653217.948	
2,_Z24add_rms_norm_bias_customIfEvPhS0_S0_S0_S0_mmjff,AI_VECTOR_CORE,28,2528,44.960,1791521596653233.428	,1791521596653278.388	
2,N/A,EVENT_RECORD,28,2529,0.020,1791521596653278.408	,1791521596653278.428	
2,N/A,EVENT_RECORD,28,2530,0.020,1791521596653339.708	,1791521596653339.728	
2,_Z24add_rms_norm_bias_customIfEvPhS0_S0_S0_S0_mmjff,AI_VECTOR_CORE,28,2531,2.400,1791521596653343.128	,1791521596653345.528	
2,N/A,EVENT_RECORD,28,2532,0.020,1791521596653365.972	,1791521596653365.992	
2,N/A,EVENT_RECORD,28,2533,0.020,1791521596653415.872	,1791521596653415.892	
2,_Z24add_rms_norm_bias_customIfEvPhS0_S0_S0_S0_mmjff,AI_VECTOR_CORE,28,2534,2.320,1791521596653425.292	,1791521596653427.612	
2,N/A,EVENT_RECORD,28,2535,0.020,1791521596653444.572	,1791521596653444.592	
2,N/A,EVENT_RECORD,28,2536,0.020,1791521596653506.092	,1791521596653506.112	
2,_Z24add_rms_norm_bias_customIfEvPhS0_S0_S0_S0_mmjff,AI_VECTOR_CORE,28,2537,2.280,1791521596653509.792	,1791521596653512.072	
2,N/A,EVENT_RECORD,28,2538,0.020,1791521596653537.392	,1791521596653537.412	
2,N/A,EVENT_RECORD,28,2539,0.020,1791521596653588.736	,1791521596653588.756	
2,_Z24add_rms_norm_bias_customIfEvPhS0_S0_S0_S0_mmjff,AI_VECTOR_CORE,28,2540,2.260,1791521596653594.936	,1791521596653597.196	
2,N/A,EVENT_RECORD,28,2541,0.020,1791521596653616.016	,1791521596653616.036	
2,N/A,EVENT_RECORD,28,2542,0.020,1791521596653682.096	,1791521596653682.116	
2,_Z24add_rms_norm_bias_customIfEvPhS0_S0_S0_S0_mmjff,AI_VECTOR_CORE,28,2543,3.260,1791521596653685.776	,1791521596653689.036	
2,N/A,EVENT_RECORD,28,2544,0.020,1791521596653713.716	,1791521596653713.736	
2,N/A,EVENT_RECORD,28,2545,0.020,1791521596653767.280	,1791521596653767.300	
2,_Z24add_rms_norm_bias_customIfEvPhS0_S0_S0_S0_mmjff,AI_VECTOR_CORE,28,2546,2.600,1791521596653776.880	,1791521596653779.480	
2,N/A,EVENT_RECORD,28,2547,0.020,1791521596653798.080	,1791521596653798.100	
2,N/A,EVENT_RECORD,28,2548,0.020,1791521596653852.700	,1791521596653852.720	
2,_Z24add_rms_norm_bias_customIfEvPhS0_S0_S0_S0_mmjff,AI_VECTOR_CORE,28,2549,2.400,1791521596653857.760	,1791521596653860.160	
2,N/A,EVENT_RECORD,28,2550,0.020,1791521596653894.980	,1791521596653895.000	
2,N/A,EVENT_RECORD,28,2551,0.020,1791521596653951.860	,1791521596653951.880	
2,_Z24add_rms_norm_bias_customIfEvPhS0_S0_S0_S0_mmjff,AI_VECTOR_CORE,28,2552,2.344,1791521596653957.020	,1791521596653959.364	
2,N/A,EVENT_RECORD,28,2553,0.020,1791521596653983.864	,1791521596653983.884	
2,N/A,EVENT_RECORD,28,2554,0.020,1791521596654055.904	,1791521596654055.924	
2,_Z24add_rms_norm_bias_customIfEvPhS0_S0_S0_S0_mmjff,AI_VECTOR_CORE,28,2555,2.540,1791521596654059.744	,1791521596654062.284	
2,N/A,EVENT_RECORD,28,2556,0.020,1791521596654077.764	,1791521596654077.784	
2,N/A,EVENT_RECORD,28,2557,0.020,1791521596654144.824	,1791521596654144.844	
2,_Z24add_rms_norm_bias_customIfEvPhS0_S0_S0_S0_mmjff,AI_VECTOR_CORE,28,2558,2.180,1791521596654147.544	,1791521596654149.724	
2,N/A,EVENT_RECORD,28,2559,0.020,1791521596654169.228	,1791521596654169.248	
2,N/A,EVENT_RECORD,28,2560,0.020,1791521596654222.168	,1791521596654222.188	
2,_Z24add_rms_norm_bias_customIfEvPhS0_S0_S0_S0_mmjff,AI_VECTOR_CORE,28,2561,2.500,1791521596654228.368	,1791521596654230.868	
2,N/A,EVENT_RECORD,28,2562,0.020,1791521596654247.768	,1791521596654247.788	
2,N/A,EVENT_RECORD,28,2563,0.020,1791521596654301.408	,1791521596654301.428	
2,_Z24add_rms_norm_bias_customIfEvPhS0_S0_S0_S0_mmjff,AI_VECTOR_CORE,28,2564,2.240,1791521596654313.348	,1791521596654315.588	
2,N/A,EVENT_RECORD,28,2565,0.000,1791521596654331.208	,1791521596654331.208	
2,N/A,EVENT_RECORD,28,2566,0.020,1791521596654391.852	,1791521596654391.872	
2,_Z24add_rms_norm_bias_customIfEvPhS0_S0_S0_S0_mmjff,AI_VECTOR_CORE,28,2567,2.120,1791521596654394.432	,1791521596654396.552	
2,N/A,EVENT_RECORD,28,2568,0.020,1791521596654421.212	,1791521596654421.232	
2,N/A,EVENT_RECORD,28,2569,0.020,1791521596654474.592	,1791521596654474.612	
2,_Z24add_rms_norm_bias_customIfEvPhS0_S0_S0_S0_mmjff,AI_VECTOR_CORE,28,2570,2.140,1791521596654486.692	,1791521596654488.832	
2,N/A,EVENT_RECORD,28,2571,0.020,1791521596654506.172	,1791521596654506.192	
2,N/A,EVENT_RECORD,28,2572,0.020,1791521596654572.156	,1791521596654572.176	
2,_Z24add_rms_norm_bias_customIfEvPhS0_S0_S0_S0_mmjff,AI_VECTOR_CORE,28,2573,2.240,1791521596654575.936	,1791521596654578.176	
2,N/A,EVENT_RECORD,28,2574,0.020,1791521596654599.336	,1791521596654599.356	
2,N/A,EVENT_RECORD,28,2575,0.020,1791521596654647.476	,1791521596654647.496	
2,_Z24add_rms_norm_bias_customIfEvPhS0_S0_S0_S0_mmjff,AI_VECTOR_CORE,28,2576,3.120,1791521596654664.996	,1791521596654668.116	
2,N/A,EVENT_RECORD,28,2577,0.020,1791521596654693.936	,1791521596654693.956	
2,N/A,EVENT_RECORD,28,2578,0.016,1791521596654765.220	,1791521596654765.236	
2,_Z24add_rms_norm_bias_customIfEvPhS0_S0_S0_S0_mmjff,AI_VECTOR_CORE,28,2579,6.380,1791521596654769.560	,1791521596654775.940	
2,N/A,EVENT_RECORD,28,2580,0.020,1791521596654780.660	,1791521596654780.680	
2,N/A,EVENT_RECORD,28,2581,0.020,1791521596654850.440	,1791521596654850.460	
2,_Z24add_rms_norm_bias_customIfEvPhS0_S0_S0_S0_mmjff,AI_VECTOR_CORE,28,2582,2.280,1791521596654855.560	,1791521596654857.840	
2,N/A,EVENT_RECORD,28,2583,0.020,1791521596654867.740	,1791521596654867.760	
2,N/A,EVENT_RECORD,28,2584,0.020,1791521596654927.140	,1791521596654927.160	
2,_Z24add_rms_norm_bias_customIfEvPhS0_S0_S0_S0_mmjff,AI_VECTOR_CORE,28,2585,2.480,1791521596654936.560	,1791521596654939.040	
2,N/A,EVENT_RECORD,28,2586,0.020,1791521596654957.760	,1791521596654957.780	
2,N/A,EVENT_RECORD,28,2587,0.020,1791521596655019.504	,1791521596655019.524	
2,_Z24add_rms_norm_bias_customIfEvPhS0_S0_S0_S0_mmjff,AI_VECTOR_CORE,28,2588,2.280,1791521596655021.444	,1791521596655023.724	
2,N/A,EVENT_RECORD,28,2589,0.020,1791521596655042.604	,1791521596655042.624	
2,N/A,EVENT_RECORD,28,2590,0.020,1791521596655092.284	,1791521596655092.304	
2,_Z24add_rms_norm_bias_customIfEvPhS0_S0_S0_S0_mmjff,AI_VECTOR_CORE,28,2591,21.340,1791521596655106.524	,1791521596655127.864	
2,N/A,EVENT_RECORD,28,2592,0.020,1791521596655127.884	,1791521596655127.904	
2,N/A,EVENT_RECORD,28,2593,0.020,1791521596655184.488	,1791521596655184.508	
2,_Z24add_rms_norm_bias_customIfEvPhS0_S0_S0_S0_mmjff,AI_VECTOR_CORE,28,2594,2.400,1791521596655188.288	,1791521596655190.688	
2,N/A,EVENT_RECORD,28,2595,0.020,1791521596655206.968	,1791521596655206.988	
2,N/A,EVENT_RECORD,28,2596,0.020,1791521596655263.428	,1791521596655263.448	
2,_Z24add_rms_norm_bias_customIfEvPhS0_S0_S0_S0_mmjff,AI_VECTOR_CORE,28,2597,2.420,1791521596655278.708	,1791521596655281.128	
2,N/A,EVENT_RECORD,28,2598,0.020,1791521596655296.288	,1791521596655296.308	
2,N/A,EVENT_RECORD,28,2599,0.020,1791521596655356.908	,1791521596655356.928	
2,_Z24add_rms_norm_bias_customIfEvPhS0_S0_S0_S0_mmjff,AI_VECTOR_CORE,28,2600,2.480,1791521596655372.212	,1791521596655374.692	
2,N/A,EVENT_RECORD,28,2601,0.020,1791521596655394.072	,1791521596655394.092	
2,N/A,EVENT_RECORD,28,2602,0.020,1791521596655443.752	,1791521596655443.772	
2,_Z24add_rms_norm_bias_customIfEvPhS0_S0_S0_S0_mmjff,AI_VECTOR_CORE,28,2603,2.720,1791521596655460.772	,1791521596655463.492	
2,N/A,EVENT_RECORD,28,2604,0.020,1791521596655478.312	,1791521596655478.332	
2,N/A,EVENT_RECORD,28,2605,0.020,1791521596655534.832	,1791521596655534.852	
2,_Z24add_rms_norm_bias_customIfEvPhS0_S0_S0_S0_mmjff,AI_VECTOR_CORE,28,2606,2.500,1791521596655537.512	,1791521596655540.012	
2,N/A,EVENT_RECORD,28,2607,0.024,1791521596655559.852	,1791521596655559.876	
2,N/A,EVENT_RECORD,28,2608,0.020,1791521596655613.876	,1791521596655613.896	
2,_Z24add_rms_norm_bias_customIfEvPhS0_S0_S0_S0_mmjff,AI_VECTOR_CORE,28,2609,2.480,1791521596655616.636	,1791521596655619.116	
2,N/A,EVENT_RECORD,28,2610,0.020,1791521596655639.476	,1791521596655639.496	
2,N/A,EVENT_RECORD,28,2611,0.020,1791521596655708.676	,1791521596655708.696	
2,_Z24add_rms_norm_bias_customIfEvPhS0_S0_S0_S0_mmjff,AI_VECTOR_CORE,28,2612,32.620,1791521596655729.736	,1791521596655762.356	
2,N/A,EVENT_RECORD,28,2613,0.016,1791521596655762.380	,1791521596655762.396	
2,N/A,EVENT_RECORD,28,2614,0.020,1791521596655814.740	,1791521596655814.760	
2,_Z24add_rms_norm_bias_customIfEvPhS0_S0_S0_S0_mmjff,AI_VECTOR_CORE,28,2615,4.820,1791521596655829.060	,1791521596655833.880	
2,N/A,EVENT_RECORD,28,2616,0.020,1791521596655852.560	,1791521596655852.580	
2,N/A,EVENT_RECORD,28,2617,0.000,1791521596655909.800	,1791521596655909.800	
2,_Z24add_rms_norm_bias_customIfEvPhS0_S0_S0_S0_mmjff,AI_VECTOR_CORE,28,2618,2.200,1791521596655913.520	,1791521596655915.720	
2,N/A,EVENT_RECORD,28,2619,0.000,1791521596655933.020	,1791521596655933.020	
2,N/A,EVENT_RECORD,28,2620,0.020,1791521596655990.984	,1791521596655991.004	
2,_Z24add_rms_norm_bias_customIfEvPhS0_S0_S0_S0_mmjff,AI_VECTOR_CORE,28,2621,3.020,1791521596655996.164	,1791521596655999.184	
2,N/A,EVENT_RECORD,28,2622,0.000,1791521596656012.984	,1791521596656012.984	
2,N/A,EVENT_RECORD,28,2623,0.020,1791521596656086.044	,1791521596656086.064	
2,_Z24add_rms_norm_bias_customIfEvPhS0_S0_S0_S0_mmjff,AI_VECTOR_CORE,28,2624,2.340,1791521596656089.284	,1791521596656091.624	
2,N/A,EVENT_RECORD,28,2625,0.020,1791521596656117.904	,1791521596656117.924	
2,N/A,EVENT_RECORD,28,2626,0.020,1791521596656179.968	,1791521596656179.988	
2,_Z24add_rms_norm_bias_customIfEvPhS0_S0_S0_S0_mmjff,AI_VECTOR_CORE,28,2627,2.940,1791521596656183.048	,1791521596656185.988	
2,N/A,EVENT_RECORD,28,2628,0.020,1791521596656207.568	,1791521596656207.588	
2,N/A,PROFILING_DISABLE,26,4,0.000,1791521596659632.556	,1791521596659632.556	
2,N/A,PLACE_HOLDER_SQE,26,5,0.020,1791521596659692.316	,1791521596659692.336	
2,N/A,PLACE_HOLDER_SQE,26,6,0.000,1791521596659692.516	,1791521596659692.516	
