sequence	case	block	mode	cycle	position	previous_variant	variant	device_event_us	wall_us	stream_id	task_id	task_us	task_start_us	task_stop_us	event_start_us	event_stop_us	event_task_span_us	event_timestamp_error_us	pre_task_gap_us	post_task_gap_us	host_start_record_us	host_stop_record_us	host_node_launch_us	start_connection_id	kernel_connection_id	stop_connection_id	predecessor_reset	block_cycle
1	target-fp32-16x2048	1	PP	1	1	P	P	27.0799994469	137.741	19	96	6.08	1791460564594682.412	1791460564594688.492	1791460564594678.812	1791460564594705.892	27.08	5.530999978020645e-07	3.6	17.4	33.76	12.82	8.79	5885	5888	5892	P	
2	target-fp32-16x2048	1	PP	1	2	P	P	31.3000008464	119.641	19	101	6.62	1791460564594831.956	1791460564594838.576	1791460564594817.296	1791460564594848.596	31.3	-8.463999989771764e-07	14.66	10.02	12.65	11.51	7.99	5899	5902	5906	P	
3	target-fp32-16x2048	1	PP	1	1	P	P	30.4799992591	126.901	19	106	5.06	1791460564594961.440	1791460564594966.500	1791460564594946.340	1791460564594976.820	30.48	7.408999991298515e-07	15.1	10.32	26.72	8.95	8.53	5913	5916	5920	P	
4	target-fp32-16x2048	1	PP	1	2	P	P	26.8799997866	103.531	19	111	4.48	1791460564595086.540	1791460564595091.020	1791460564595064.160	1791460564595091.040	26.88	2.1339999989322678e-07	22.38	0.02	8.49	6.79	8.39	5927	5930	5934	P	
5	target-fp32-16x2048	1	PP	1	1	P	P	36.4999994636	101.98	19	116	3.96	1791460564595199.784	1791460564595203.744	1791460564595170.044	1791460564595206.564	36.52	0.020000536400004876	29.74	2.82	8.65	7.18	7.83	5941	5944	5948	P	
6	target-fp32-16x2048	1	PP	1	2	P	P	31.5600000322	102.031	19	121	3.48	1791460564595291.284	1791460564595294.764	1791460564595280.444	1791460564595312.004	31.56	-3.2200002664239946e-08	10.84	17.24	9.04	7.18	7.32	5955	5958	5962	P	
7	target-fp32-16x2048	1	PP	1	1	P	P	23.5799998045	104.431	19	126	5.08	1791460564595404.028	1791460564595409.108	1791460564595387.468	1791460564595411.068	23.6	0.020000195499999762	16.56	1.96	8.44	7.26	7.48	5969	5972	5976	P	
8	target-fp32-16x2048	1	PP	1	2	P	P	25.079999119	134.851	19	131	5.924	1791460564595505.328	1791460564595511.252	1791460564595493.588	1791460564595518.652	25.064	-0.01599911899999995	11.74	7.4	8.34	6.97	7.48	5983	5986	5990	P	
9	target-fp32-16x2048	1	PP	2	1	P	P	54.0799982846	154.372	19	136	26.7	1791460564595665.412	1791460564595692.112	1791460564595638.072	1791460564595692.132	54.06	-0.01999828459999975	27.34	0.02	10.85	7.26	8.39	5997	6000	6004	P	
10	target-fp32-16x2048	1	PP	2	2	P	P	106.91999644	175.641	19	141	84.22	1791460564595815.456	1791460564595899.676	1791460564595792.776	1791460564595899.696	106.92	3.5599999961277717e-06	22.68	0.02	9.71	7.32	8.53	6011	6014	6018	P	
11	target-fp32-16x2048	1	PP	2	1	P	P	37.3799987137	110.411	19	147	6.22	1791460564595996.320	1791460564596002.540	1791460564595977.580	1791460564596014.940	37.36	-0.01999871369999795	18.74	12.4	9.55	7.39	9.06	6026	6029	6033	P	
12	target-fp32-16x2048	1	PP	2	2	P	P	19.980000332	104.201	19	152	6.284	1791460564596109.760	1791460564596116.044	1791460564596097.640	1791460564596117.644	20.004	0.02399966800000186	12.12	1.6	8.23	7.2	8.08	6040	6043	6047	P	
13	target-fp32-16x2048	1	PP	2	1	P	P	28.0000008643	104.451	19	157	5.7	1791460564596210.824	1791460564596216.524	1791460564596208.844	1791460564596236.824	27.98	-0.020000864299998256	1.98	20.3	8.8	7.03	7.65	6054	6057	6061	P	
14	target-fp32-16x2048	1	PP	2	2	P	P	38.3000001311	103.191	19	162	6.32	1791460564596328.688	1791460564596335.008	1791460564596310.104	1791460564596348.408	38.304	0.003999868900002923	18.584	13.4	8.51	7.12	7.72	6068	6071	6075	P	
15	target-fp32-16x2048	1	PP	2	1	P	P	25.4200007766	101.451	19	167	7.86	1791460564596436.868	1791460564596444.728	1791460564596419.328	1791460564596444.748	25.42	-7.765999967546122e-07	17.54	0.02	8.51	7.14	7.72	6082	6085	6089	P	
16	target-fp32-16x2048	1	PP	2	2	P	P	26.060000062	102.041	19	172	6.88	1791460564596543.752	1791460564596550.632	1791460564596525.192	1791460564596551.252	26.06	-6.200000157718932e-08	18.56	0.62	8.72	7.0	7.62	6096	6099	6103	P	
17	target-fp32-16x2048	1	PP	3	1	P	P	109.020002186	187.211	19	177	86.984	1791460564596662.972	1791460564596749.956	1791460564596640.952	1791460564596749.976	109.024	0.003997814000001654	22.02	0.02	8.57	6.94	7.55	6110	6113	6117	P	
18	target-fp32-16x2048	1	PP	3	2	P	P	33.6199998856	118.021	19	183	6.12	1791460564596854.276	1791460564596860.396	1791460564596826.776	1791460564596860.416	33.64	0.02000011439999838	27.5	0.02	9.87	7.66	11.47	6125	6128	6132	P	
19	target-fp32-16x2048	1	PP	3	1	P	P	25.1000002027	103.61	19	188	4.26	1791460564596958.440	1791460564596962.700	1791460564596956.460	1791460564596981.580	25.12	0.019999797300002342	1.98	18.88	9.15	6.9	8.46	6139	6142	6146	P	
20	target-fp32-16x2048	1	PP	3	2	P	P	26.7799999565	110.301	19	193	3.36	1791460564597086.660	1791460564597090.020	1791460564597071.340	1791460564597098.120	26.78	4.35000018228493e-08	15.32	8.1	10.1	7.43	8.52	6153	6156	6160	P	
21	target-fp32-16x2048	1	PP	3	1	P	P	22.9400005192	101.77	19	198	4.86	1791460564597198.944	1791460564597203.804	1791460564597182.024	1791460564597204.984	22.96	0.019999480799999247	16.92	1.18	8.45	7.16	7.94	6167	6170	6174	P	
22	target-fp32-16x2048	1	PP	3	2	P	P	24.4200006127	101.421	19	203	4.42	1791460564597297.504	1791460564597301.924	1791460564597293.384	1791460564597317.804	24.42	-6.12699999180677e-07	4.12	15.88	8.82	7.15	7.83	6181	6184	6188	P	
23	target-fp32-16x2048	1	PP	3	1	P	P	30.4600000381	102.321	19	208	4.38	1791460564597415.008	1791460564597419.388	1791460564597392.608	1791460564597423.068	30.46	-3.809999782333762e-08	22.4	3.68	8.59	7.3	7.18	6195	6198	6202	P	
24	target-fp32-16x2048	1	PP	3	2	P	P	18.6800006777	101.901	19	213	3.804	1791460564597512.168	1791460564597515.972	1791460564597509.728	1791460564597528.412	18.684	0.00399932230000033	2.44	12.44	8.59	7.07	7.5	6209	6212	6216	P	
25	target-fp32-16x2048	1	PP	4	1	P	P	724.799990654	818.807	19	218	704.336	1791460564597627.212	1791460564598331.548	1791460564597606.772	1791460564598331.568	724.796	-0.003990653999949245	20.44	0.02	8.37	6.89	7.9	6223	6226	6230	P	
26	target-fp32-16x2048	1	PP	4	2	P	P	43.3400012553	142.001	19	224	16.56	1791460564598471.948	1791460564598488.508	1791460564598448.728	1791460564598492.068	43.34	-1.2552999990589342e-06	23.22	3.56	11.48	7.71	13.72	6238	6241	6245	P	
27	target-fp32-16x2048	1	PP	4	1	P	P	29.1000008583	112.451	19	229	6.46	1791460564598601.932	1791460564598608.392	1791460564598593.212	1791460564598622.332	29.12	0.019999141700001388	8.72	13.94	9.51	8.47	9.27	6252	6255	6259	P	
28	target-fp32-16x2048	1	PP	4	2	P	P	35.5199985206	111.021	19	234	5.34	1791460564598723.436	1791460564598728.776	1791460564598705.972	1791460564598741.496	35.524	0.00400147940000295	17.464	12.72	9.09	7.94	9.23	6266	6269	6273	P	
29	target-fp32-16x2048	1	PP	4	1	P	P	41.6800007224	112.181	19	239	6.5	1791460564598838.756	1791460564598845.256	1791460564598816.196	1791460564598857.876	41.68	-7.224000029282251e-07	22.56	12.62	9.29	7.99	9.05	6280	6283	6287	P	
30	target-fp32-16x2048	1	PP	4	2	P	P	42.3999987543	119.791	19	244	5.82	1791460564598953.340	1791460564598959.160	1791460564598937.160	1791460564598979.560	42.4	1.2456999982646266e-06	16.18	20.4	9.94	7.45	11.07	6294	6297	6301	P	
31	target-fp32-16x2048	1	PP	4	1	P	P	40.2799993753	116.691	19	249	4.4	1791460564599083.480	1791460564599087.880	1791460564599065.700	1791460564599106.000	40.3	0.020000624699996195	17.78	18.12	10.23	8.2	9.33	6308	6311	6315	P	
32	target-fp32-16x2048	1	PP	4	2	P	P	33.6199998856	120.831	19	254	12.74	1791460564599217.104	1791460564599229.844	1791460564599196.264	1791460564599229.864	33.6	-0.019999885600000766	20.84	0.02	8.5	6.94	9.82	6322	6325	6329	P	
33	target-fp32-16x2048	1	PC	1	1	C	P	29.7599993646	120.691	19	260	5.88	1791460564599448.248	1791460564599454.128	1791460564599426.488	1791460564599456.248	29.76	6.354000028352402e-07	21.76	2.12	10.96	7.64	9.58	6344	6347	6351	C	1
34	target-fp32-16x2048	1	PC	1	2	P	P	33.9399985969	115.661	19	265	5.88	1791460564599573.492	1791460564599579.372	1791460564599555.972	1791460564599589.912	33.94	1.40310000062982e-06	17.52	10.54	9.57	7.63	10.09	6358	6361	6365	NONE	1
35	target-fp32-16x2048	1	PC	1	1	P	P	77.1000012755	169.041	19	270	6.1	1791460564599706.472	1791460564599712.572	1791460564599678.352	1791460564599755.476	77.124	0.02399872449998952	28.12	42.904	8.38	9.48	57.07	6372	6375	6379	C	1
36	target-fp32-16x2048	1	PC	1	2	P	C	26.7399996519	107.951	19	275	17.32	1791460564599867.716	1791460564599885.036	1791460564599863.156	1791460564599889.876	26.72	-0.01999965190000097	4.56	4.84	8.87	7.27	9.45	6386	6389	6393	NONE	1
37	target-fp32-16x2048	1	PC	1	1	C	C	50.5400002003	128.161	19	280	41.36	1791460564599984.440	1791460564600025.800	1791460564599975.280	1791460564600025.820	50.54	-2.0030000058568476e-07	9.16	0.02	8.56	7.0	8.02	6400	6403	6407	C	1
38	target-fp32-16x2048	1	PC	1	2	C	P	151.07999742	213.872	19	286	117.16	1791460564600125.284	1791460564600242.444	1791460564600091.380	1791460564600242.464	151.084	0.004002579999990985	33.904	0.02	8.54	7.39	8.57	6414	6417	6421	NONE	1
39	target-fp32-16x2048	1	PC	1	1	P	C	24.9600000679	108.651	19	292	6.48	1791460564600331.328	1791460564600337.808	1791460564600323.028	1791460564600347.988	24.96	-6.790000028900067e-08	8.3	10.18	9.26	7.15	9.21	6429	6432	6436	C	1
40	target-fp32-16x2048	1	PC	1	2	C	C	20.5000005662	104.081	19	297	10.06	1791460564600458.448	1791460564600468.508	1791460564600448.028	1791460564600468.528	20.5	-5.662000006623202e-07	10.42	0.02	8.76	7.44	8.16	6443	6446	6450	NONE	1
41	target-fp32-16x2048	1	PC	2	1	C	P	29.0600005537	103.471	19	302	6.48	1791460564600553.672	1791460564600560.152	1791460564600535.672	1791460564600564.732	29.06	-5.537000014044224e-07	18.0	4.58	8.14	7.0	7.83	6457	6460	6464	NONE	2
42	target-fp32-16x2048	1	PC	2	2	P	P	23.8199997693	100.981	19	307	5.42	1791460564600657.652	1791460564600663.072	1791460564600654.632	1791460564600678.432	23.8	-0.019999769300000025	3.02	15.36	7.84	6.91	7.42	6471	6474	6478	NONE	2
43	target-fp32-16x2048	1	PC	2	1	P	P	32.8200012445	101.191	19	312	5.7	1791460564600760.556	1791460564600766.256	1791460564600749.236	1791460564600782.076	32.84	0.01999875550000496	11.32	15.82	8.8	7.52	7.84	6485	6488	6492	NONE	2
44	target-fp32-16x2048	1	PC	2	2	P	C	28.0399993062	101.64	19	317	4.66	1791460564600881.496	1791460564600886.156	1791460564600858.776	1791460564600886.836	28.06	0.020000693800000136	22.72	0.68	8.23	6.78	8.43	6499	6502	6506	NONE	2
45	target-fp32-16x2048	1	PC	2	1	C	C	391.44000411	484.815	19	322	385.448	1791460564600991.820	1791460564601377.268	1791460564600985.840	1791460564601377.288	391.448	0.007995889999961037	5.98	0.02	8.18	7.0	7.62	6513	6516	6520	NONE	2
46	target-fp32-16x2048	1	PC	2	2	C	P	23.8000005484	114.641	19	328	6.68	1791460564601483.468	1791460564601490.148	1791460564601466.388	1791460564601490.188	23.8	-5.483999991895416e-07	17.08	0.04	9.39	7.52	10.0	6528	6531	6535	NONE	2
47	target-fp32-16x2048	1	PC	2	1	P	C	50.1199997962	133.651	19	333	43.3	1791460564601607.172	1791460564601650.472	1791460564601600.372	1791460564601650.492	50.12	2.0379999909891922e-07	6.8	0.02	8.47	7.64	8.25	6542	6545	6549	NONE	2
48	target-fp32-16x2048	1	PC	2	2	C	C	31.9200009108	111.091	19	338	14.8	1791460564601735.616	1791460564601750.416	1791460564601718.516	1791460564601750.436	31.92	-9.10799997200229e-07	17.1	0.02	8.83	7.42	8.5	6556	6559	6563	NONE	2
49	target-fp32-16x2048	1	PC	3	1	C	P	39.3799990416	111.071	19	343	15.24	1791460564601859.096	1791460564601874.336	1791460564601834.976	1791460564601874.376	39.4	0.02000095839999716	24.12	0.04	8.17	6.71	7.99	6570	6573	6577	NONE	3
50	target-fp32-16x2048	1	PC	3	2	P	P	16.5999997407	98.321	19	348	13.82	1791460564601960.240	1791460564601974.060	1791460564601957.560	1791460564601974.160	16.6	2.5930000191465297e-07	2.68	0.1	7.99	7.14	7.55	6584	6587	6591	NONE	3
51	target-fp32-16x2048	1	PC	3	1	P	P	17.3400007188	101.921	19	353	7.36	1791460564602068.120	1791460564602075.480	1791460564602062.520	1791460564602079.860	17.34	-7.187999990776461e-07	5.6	4.38	8.01	7.1	7.55	6598	6601	6605	NONE	3
52	target-fp32-16x2048	1	PC	3	2	P	C	24.5399996638	103.91	19	358	5.32	1791460564602161.364	1791460564602166.684	1791460564602158.064	1791460564602182.584	24.52	-0.019999663800000178	3.3	15.9	8.35	7.22	7.41	6612	6615	6619	NONE	3
53	target-fp32-16x2048	1	PC	3	1	C	C	308.759987354	376.994	19	363	292.928	1791460564602276.224	1791460564602569.152	1791460564602260.384	1791460564602569.172	308.788	0.028012646000036057	15.84	0.02	8.29	7.33	9.56	6626	6629	6633	NONE	3
54	target-fp32-16x2048	1	PC	3	2	C	P	25.9000007063	107.291	19	369	8.06	1791460564602658.692	1791460564602666.752	1791460564602648.492	1791460564602674.392	25.9	-7.062999998197483e-07	10.2	7.64	9.05	7.27	9.71	6641	6644	6648	NONE	3
55	target-fp32-16x2048	1	PC	3	1	P	C	27.179999277	102.511	19	374	4.68	1791460564602766.516	1791460564602771.196	1791460564602755.976	1791460564602783.136	27.16	-0.01999927700000015	10.54	11.94	8.18	7.14	8.35	6655	6658	6662	NONE	3
56	target-fp32-16x2048	1	PC	3	2	C	C	20.2799998224	100.31	19	379	5.08	1791460564602871.136	1791460564602876.216	1791460564602868.416	1791460564602888.676	20.26	-0.01999982239999909	2.72	12.46	8.21	6.92	7.76	6669	6672	6676	NONE	3
57	target-fp32-16x2048	1	PC	4	1	C	P	26.4400001615	101.841	19	384	4.92	1791460564602992.740	1791460564602997.660	1791460564602971.240	1791460564602997.680	26.44	-1.6149999737535836e-07	21.5	0.02	8.67	6.94	8.85	6683	6686	6690	NONE	4
58	target-fp32-16x2048	1	PC	4	2	P	P	29.3000005186	99.881	19	389	6.3	1791460564603084.600	1791460564603090.900	1791460564603072.000	1791460564603101.280	29.28	-0.02000051859999985	12.6	10.38	8.57	7.26	7.59	6697	6700	6704	NONE	4
59	target-fp32-16x2048	1	PC	4	1	P	P	36.0400006175	100.261	19	394	3.6	1791460564603194.884	1791460564603198.484	1791460564603177.304	1791460564603213.364	36.06	0.01999938250000355	17.58	14.88	8.66	7.03	7.27	6711	6714	6718	NONE	4
60	target-fp32-16x2048	1	PC	4	2	P	C	130.219995975	198.912	19	399	120.044	1791460564603298.204	1791460564603418.248	1791460564603288.044	1791460564603418.268	130.224	0.004004025000000411	10.16	0.02	8.19	7.3	7.66	6725	6728	6732	NONE	4
61	target-fp32-16x2048	1	PC	4	1	C	C	33.6599983275	106.511	19	405	4.8	1791460564603501.448	1791460564603506.248	1791460564603491.748	1791460564603525.432	33.684	0.02400167249999896	9.7	19.184	8.72	7.53	8.99	6740	6743	6747	NONE	4
62	target-fp32-16x2048	1	PC	4	2	C	P	31.3800014555	121.511	19	410	5.64	1791460564603611.732	1791460564603617.372	1791460564603603.312	1791460564603634.712	31.4	0.01999854449999816	8.42	17.34	9.04	7.36	8.45	6754	6757	6761	NONE	4
63	target-fp32-16x2048	1	PC	4	1	P	C	45.079998672	111.191	19	415	4.68	1791460564603739.176	1791460564603743.856	1791460564603722.772	1791460564603767.836	45.064	-0.015998672000002045	16.404	23.98	9.17	7.98	9.71	6768	6771	6775	NONE	4
64	target-fp32-16x2048	1	PC	4	2	C	C	26.3000000268	102.841	19	420	4.54	1791460564603862.576	1791460564603867.116	1791460564603845.816	1791460564603872.116	26.3	-2.6799998664728264e-08	16.76	5.0	8.27	7.27	8.21	6782	6785	6789	NONE	4
65	target-fp32-16x2048	2	PC	5	1	C	P	40.5000001192	101.221	19	426	12.82	1791460564604030.420	1791460564604043.240	1791460564604008.700	1791460564604049.200	40.5	-1.1920000275722487e-07	21.72	5.96	8.8	7.26	7.94	6804	6807	6811	NONE	1
66	target-fp32-16x2048	2	PC	5	2	P	P	32.9999998212	100.541	19	431	5.38	1791460564604133.244	1791460564604138.624	1791460564604116.940	1791460564604149.944	33.004	0.004000178799998366	16.304	11.32	8.66	7.11	7.8	6818	6821	6825	NONE	1
67	target-fp32-16x2048	2	PC	5	1	P	P	28.3199995756	102.851	19	436	6.56	1791460564604240.024	1791460564604246.584	1791460564604220.204	1791460564604248.524	28.32	4.2439999958787666e-07	19.82	1.94	8.47	7.19	7.6	6832	6835	6839	NONE	1
68	target-fp32-16x2048	2	PC	5	2	P	C	25.079999119	102.081	19	441	5.18	1791460564604346.748	1791460564604351.928	1791460564604334.428	1791460564604359.488	25.06	-0.019999119000001286	12.32	7.56	8.45	7.0	7.31	6846	6849	6853	NONE	1
69	target-fp32-16x2048	2	PC	5	1	C	C	670.199990273	747.796	19	446	656.252	1791460564604459.548	1791460564605115.800	1791460564604445.608	1791460564605115.820	670.212	0.012009726999963277	13.94	0.02	11.71	7.01	8.46	6860	6863	6867	NONE	1
70	target-fp32-16x2048	2	PC	5	2	C	P	23.7399991602	109.241	19	452	6.62	1791460564605215.644	1791460564605222.264	1791460564605198.524	1791460564605222.284	23.76	0.020000839800001557	17.12	0.02	8.72	7.24	9.55	6875	6878	6882	NONE	1
71	target-fp32-16x2048	2	PC	5	1	P	C	30.2799995989	101.841	19	457	6.624	1791460564605317.764	1791460564605324.388	1791460564605315.004	1791460564605345.268	30.264	-0.015999598900002354	2.76	20.88	8.12	7.2	8.34	6889	6892	6896	NONE	1
72	target-fp32-16x2048	2	PC	5	2	C	C	21.2799999863	101.801	19	462	3.56	1791460564605425.028	1791460564605428.588	1791460564605419.888	1791460564605441.148	21.26	-0.019999986299996664	5.14	12.56	8.2	6.87	7.8	6903	6906	6910	NONE	1
73	target-fp32-16x2048	2	PC	6	1	C	P	29.2000006884	109.021	19	467	5.24	1791460564605533.952	1791460564605539.192	1791460564605520.268	1791460564605549.492	29.224	0.023999311600000794	13.684	10.3	8.47	7.1	7.73	6917	6920	6924	NONE	2
74	target-fp32-16x2048	2	PC	6	2	P	P	24.3599992245	99.411	19	472	3.72	1791460564605643.132	1791460564605646.852	1791460564605636.612	1791460564605660.952	24.34	-0.019999224500001134	6.52	14.1	7.94	7.33	8.24	6931	6934	6938	NONE	2
75	target-fp32-16x2048	2	PC	6	1	P	P	16.9799998403	100.181	19	477	3.28	1791460564605754.276	1791460564605757.556	1791460564605743.056	1791460564605760.056	17.0	0.020000159700000353	11.22	2.5	7.68	6.73	7.19	6945	6948	6952	NONE	2
76	target-fp32-16x2048	2	PC	6	2	P	C	29.9600008875	100.351	19	482	5.64	1791460564605859.036	1791460564605864.676	1791460564605845.196	1791460564605875.156	29.96	-8.875000006014488e-07	13.84	10.48	8.68	7.2	7.69	6959	6962	6966	NONE	2
77	target-fp32-16x2048	2	PC	6	1	C	C	575.420022011	650.325	19	487	567.292	1791460564605961.560	1791460564606528.852	1791460564605953.460	1791460564606528.872	575.412	-0.008022010999980012	8.1	0.02	8.42	7.03	7.56	6973	6976	6980	NONE	2
78	target-fp32-16x2048	2	PC	6	2	C	P	27.2400006652	110.991	19	493	7.82	1791460564606626.712	1791460564606634.532	1791460564606609.932	1791460564606637.192	27.26	0.019999334800001378	16.78	2.66	9.63	6.94	11.58	6988	6991	6995	NONE	2
79	target-fp32-16x2048	2	PC	6	1	P	C	37.7600006759	102.261	19	498	8.4	1791460564606737.656	1791460564606746.056	1791460564606721.612	1791460564606759.376	37.764	0.003999324100000479	16.044	13.32	8.61	6.98	8.47	7002	7005	7009	NONE	2
80	target-fp32-16x2048	2	PC	6	2	C	C	27.0000007004	100.471	19	503	3.9	1791460564606845.156	1791460564606849.056	1791460564606826.196	1791460564606853.216	27.02	0.019999299599998466	18.96	4.16	8.77	7.66	7.98	7016	7019	7023	NONE	2
81	target-fp32-16x2048	2	PC	7	1	C	P	26.6600009054	99.831	19	508	7.56	1791460564606948.440	1791460564606956.000	1791460564606931.660	1791460564606958.300	26.64	-0.02000090539999988	16.78	2.3	8.21	7.28	7.82	7030	7033	7037	NONE	3
82	target-fp32-16x2048	2	PC	7	2	P	P	612.060010433	699.246	19	513	602.492	1791460564607051.540	1791460564607654.032	1791460564607041.960	1791460564607654.052	612.092	0.031989566999982344	9.58	0.02	9.73	7.39	8.45	7044	7047	7051	NONE	3
83	target-fp32-16x2048	2	PC	7	1	P	P	30.5199995637	108.911	19	519	8.68	1791460564607764.916	1791460564607773.596	1791460564607743.096	1791460564607773.616	30.52	4.3629999879613024e-07	21.82	0.02	10.32	7.12	8.96	7059	7062	7066	NONE	3
84	target-fp32-16x2048	2	PC	7	2	P	C	31.8799987435	103.081	19	524	5.66	1791460564607866.776	1791460564607872.436	1791460564607850.676	1791460564607882.576	31.9	0.020001256499998732	16.1	10.14	8.41	6.99	8.24	7073	7076	7080	NONE	3
85	target-fp32-16x2048	2	PC	7	1	C	C	29.4000003487	101.34	19	529	3.72	1791460564607978.040	1791460564607981.760	1791460564607963.920	1791460564607993.320	29.4	-3.487000022062148e-07	14.12	11.56	8.32	7.36	7.54	7087	7090	7094	NONE	3
86	target-fp32-16x2048	2	PC	7	2	C	P	35.3199988604	101.14	19	534	6.06	1791460564608081.120	1791460564608087.180	1791460564608063.360	1791460564608098.700	35.34	0.020001139600005047	17.76	11.52	8.29	6.55	7.5	7101	7104	7108	NONE	3
87	target-fp32-16x2048	2	PC	7	1	P	C	26.060000062	111.121	19	539	3.98	1791460564608204.204	1791460564608208.184	1791460564608182.144	1791460564608208.224	26.08	0.019999937999997996	22.06	0.04	9.13	6.81	8.61	7115	7118	7122	NONE	3
88	target-fp32-16x2048	2	PC	7	2	C	C	25.0000003725	101.451	19	544	4.82	1791460564608297.824	1791460564608302.644	1791460564608295.604	1791460564608320.584	24.98	-0.020000372500000196	2.22	17.94	7.97	7.14	7.66	7129	7132	7136	NONE	3
89	target-fp32-16x2048	2	PC	8	1	C	P	28.9600007236	102.121	19	549	4.86	1791460564608412.808	1791460564608417.668	1791460564608392.708	1791460564608421.688	28.98	0.0199992764000001	20.1	4.02	8.26	7.05	7.8	7143	7146	7150	NONE	4
90	target-fp32-16x2048	2	PC	8	2	P	P	35.3199988604	99.881	19	554	4.7	1791460564608515.528	1791460564608520.228	1791460564608498.908	1791460564608534.232	35.324	0.0040011395999997035	16.62	14.004	8.82	6.97	7.23	7157	7160	7164	NONE	4
91	target-fp32-16x2048	2	PC	8	1	P	P	116.200000048	188.902	19	559	112.684	1791460564608618.832	1791460564608731.516	1791460564608615.312	1791460564608731.536	116.224	0.023999951999996938	3.52	0.02	8.15	7.12	7.3	7171	7174	7178	NONE	4
92	target-fp32-16x2048	2	PC	8	2	P	C	39.7799983621	119.371	19	565	5.58	1791460564608827.496	1791460564608833.076	1791460564608805.836	1791460564608845.616	39.78	1.637899998740977e-06	21.66	12.54	13.22	7.47	10.02	7186	7189	7193	NONE	4
93	target-fp32-16x2048	2	PC	8	1	C	C	37.4399982393	103.431	19	570	4.86	1791460564608941.020	1791460564608945.880	1791460564608921.736	1791460564608959.180	37.444	0.004001760699999579	19.284	13.3	8.93	6.93	8.32	7200	7203	7207	NONE	4
94	target-fp32-16x2048	2	PC	8	2	C	P	101.400002837	164.871	19	575	84.344	1791460564609046.880	1791460564609131.224	1791460564609029.820	1791460564609131.244	101.424	0.023997163000004207	17.06	0.02	8.42	11.01	7.79	7214	7217	7221	NONE	4
95	target-fp32-16x2048	2	PC	8	1	P	C	25.8200000972	106.731	19	581	5.32	1791460564609225.984	1791460564609231.304	1791460564609205.504	1791460564609231.324	25.82	-9.72000009369367e-08	20.48	0.02	8.95	7.06	8.92	7229	7232	7236	NONE	4
96	target-fp32-16x2048	2	PC	8	2	C	C	22.6600002497	103.591	19	586	6.14	1791460564609336.848	1791460564609342.988	1791460564609320.344	1791460564609343.008	22.664	0.0039997503000002155	16.504	0.02	9.12	7.25	8.58	7243	7246	7250	NONE	4
97	target-fp32-16x2048	2	PP	5	1	P	P	161.239996552	234.052	19	592	142.964	1791460564609522.408	1791460564609665.372	1791460564609504.128	1791460564609665.392	161.264	0.02400344800000198	18.28	0.02	9.35	6.94	7.78	7265	7268	7272	P	
98	target-fp32-16x2048	2	PP	5	2	P	P	135.900005698	203.391	19	598	117.92	1791460564609760.756	1791460564609878.676	1791460564609742.796	1791460564609878.716	135.92	0.01999430199998642	17.96	0.04	8.99	7.31	8.43	7280	7283	7287	P	
99	target-fp32-16x2048	2	PP	5	1	P	P	32.3200002313	107.921	19	604	8.72	1791460564609972.960	1791460564609981.680	1791460564609949.400	1791460564609981.700	32.3	-0.020000231300002724	23.56	0.02	10.44	7.44	8.81	7295	7298	7302	P	
100	target-fp32-16x2048	2	PP	5	2	P	P	33.4799997509	102.321	19	609	4.82	1791460564610080.980	1791460564610085.800	1791460564610062.580	1791460564610096.080	33.5	0.020000249100000644	18.4	10.28	8.34	7.21	7.68	7309	7312	7316	P	
101	target-fp32-16x2048	2	PP	5	1	P	P	29.6599995345	100.201	19	614	6.1	1791460564610182.244	1791460564610188.344	1791460564610173.444	1791460564610203.124	29.68	0.020000465500000786	8.8	14.78	8.45	6.91	7.5	7323	7326	7330	P	
102	target-fp32-16x2048	2	PP	5	2	P	P	24.9199997634	99.511	19	619	5.42	1791460564610288.524	1791460564610293.944	1791460564610270.924	1791460564610295.864	24.94	0.020000236600001386	17.6	1.92	8.32	6.74	7.61	7337	7340	7344	P	
103	target-fp32-16x2048	2	PP	5	1	P	P	721.520006657	787.097	19	624	704.992	1791460564610392.768	1791460564611097.760	1791460564610376.248	1791460564611097.780	721.532	0.011993343000085588	16.52	0.02	8.51	7.33	7.31	7351	7354	7358	P	
104	target-fp32-16x2048	2	PP	5	2	P	P	21.6199997813	108.111	19	630	6.28	1791460564611183.304	1791460564611189.584	1791460564611173.664	1791460564611195.284	21.62	2.1870000210810758e-07	9.64	5.7	8.51	7.26	8.39	7366	7369	7373	P	
105	target-fp32-16x2048	2	PP	6	1	P	P	24.3200007826	101.701	19	635	5.42	1791460564611295.004	1791460564611300.424	1791460564611293.124	1791460564611317.444	24.32	-7.826000008037681e-07	1.88	17.02	8.39	6.95	7.57	7380	7383	7387	P	
106	target-fp32-16x2048	2	PP	6	2	P	P	30.700000003	102.39	19	640	4.56	1791460564611406.728	1791460564611411.288	1791460564611387.028	1791460564611417.728	30.7	-3.000000248221113e-09	19.7	6.44	8.52	7.17	8.66	7394	7397	7401	P	
107	target-fp32-16x2048	2	PP	6	1	P	P	20.9800004959	101.541	19	645	4.12	1791460564611504.208	1791460564611508.328	1791460564611499.968	1791460564611520.948	20.98	-4.959000001747427e-07	4.24	12.62	8.21	7.48	7.69	7408	7411	7415	P	
108	target-fp32-16x2048	2	PP	6	2	P	P	23.4799999744	118.001	19	650	6.1	1791460564611622.392	1791460564611628.492	1791460564611605.032	1791460564611628.512	23.48	2.5600002118153498e-08	17.36	0.02	8.34	7.4	7.95	7422	7425	7429	P	
109	target-fp32-16x2048	2	PP	6	1	P	P	31.5999984741	104.771	19	655	4.64	1791460564611739.616	1791460564611744.256	1791460564611726.132	1791460564611757.756	31.624	0.02400152589999749	13.484	13.5	8.47	7.97	7.97	7436	7439	7443	P	
110	target-fp32-16x2048	2	PP	6	2	P	P	24.4800001383	103.391	19	660	5.54	1791460564611851.436	1791460564611856.976	1791460564611834.196	1791460564611858.676	24.48	-1.3829999900849543e-07	17.24	1.7	8.45	7.01	7.78	7450	7453	7457	P	
111	target-fp32-16x2048	2	PP	6	1	P	P	30.360000208	99.971	19	665	6.02	1791460564611960.060	1791460564611966.080	1791460564611945.780	1791460564611976.160	30.38	0.019999792000000127	14.28	10.08	8.24	7.07	7.7	7464	7467	7471	P	
112	target-fp32-16x2048	2	PP	6	2	P	P	99.4800031185	159.651	19	670	73.644	1791460564612067.120	1791460564612140.764	1791460564612041.320	1791460564612140.804	99.484	0.003996881500000882	25.8	0.04	8.17	7.15	7.71	7478	7481	7485	P	
113	target-fp32-16x2048	2	PP	7	1	P	P	132.899999619	195.771	19	676	114.604	1791460564612231.024	1791460564612345.628	1791460564612212.744	1791460564612345.648	132.904	0.004000380999997333	18.28	0.02	8.29	7.46	9.34	7493	7496	7500	P	
114	target-fp32-16x2048	2	PP	7	2	P	P	52.3400008678	117.851	19	682	38.56	1791460564612428.028	1791460564612466.588	1791460564612414.268	1791460564612466.608	52.34	-8.677999971951067e-07	13.76	0.02	8.76	7.36	8.99	7508	7511	7515	P	
115	target-fp32-16x2048	2	PP	7	1	P	P	26.3000000268	101.701	19	687	9.92	1791460564612549.692	1791460564612559.612	1791460564612543.332	1791460564612569.632	26.3	-2.6799998664728264e-08	6.36	10.02	8.92	7.48	8.18	7522	7525	7529	P	
116	target-fp32-16x2048	2	PP	7	2	P	P	81.3400000334	148.651	19	692	64.46	1791460564612662.912	1791460564612727.372	1791460564612646.072	1791460564612727.392	81.32	-0.020000033400009443	16.84	0.02	9.02	7.82	7.53	7536	7539	7543	P	
117	target-fp32-16x2048	2	PP	7	1	P	P	61.0399991274	128.042	19	698	38.72	1791460564612826.376	1791460564612865.096	1791460564612804.076	1791460564612865.116	61.04	8.725999975922605e-07	22.3	0.02	8.82	6.71	8.87	7551	7554	7558	P	
118	target-fp32-16x2048	2	PP	7	2	P	P	29.7400001436	102.34	19	704	5.44	1791460564612943.940	1791460564612949.380	1791460564612933.116	1791460564612962.860	29.744	0.0039998564000001124	10.824	13.48	8.19	6.98	9.69	7565	7568	7572	P	
119	target-fp32-16x2048	2	PP	7	1	P	P	20.0599990785	108.67	19	709	4.64	1791460564613063.920	1791460564613068.560	1791460564613061.860	1791460564613081.940	20.08	0.020000921499999436	2.06	13.38	12.96	7.83	7.4	7579	7582	7586	P	
120	target-fp32-16x2048	2	PP	7	2	P	P	60.4000017047	138.132	19	714	55.24	1791460564613158.484	1791460564613213.724	1791460564613153.344	1791460564613213.744	60.4	-1.7047000042680338e-06	5.14	0.02	8.43	6.93	7.4	7593	7596	7600	P	
121	target-fp32-16x2048	2	PP	8	1	P	P	28.8200005889	106.081	19	720	5.5	1791460564613312.864	1791460564613318.364	1791460564613290.764	1791460564613319.584	28.82	-5.889000007641698e-07	22.1	1.22	8.88	7.05	8.89	7607	7610	7614	P	
122	target-fp32-16x2048	2	PP	8	2	P	P	23.4999991953	102.33	19	725	6.12	1791460564613421.468	1791460564613427.588	1791460564613404.108	1791460564613427.628	23.52	0.02000080470000043	17.36	0.04	8.11	7.21	7.75	7621	7624	7628	P	
123	target-fp32-16x2048	2	PP	8	1	P	P	475.659996271	549.744	19	730	458.772	1791460564613529.548	1791460564613988.320	1791460564613512.668	1791460564613988.340	475.672	0.012003729000014118	16.88	0.02	8.32	6.91	7.51	7635	7638	7642	P	
124	target-fp32-16x2048	2	PP	8	2	P	P	35.0200012326	259.042	19	736	9.58	1791460564614093.720	1791460564614103.300	1791460564614068.320	1791460564614103.320	35.0	-0.020001232600002083	25.4	0.02	9.02	7.42	8.89	7650	7653	7657	P	
125	target-fp32-16x2048	2	PP	8	1	P	P	517.539978027	590.335	19	742	503.368	1791460564614353.828	1791460564614857.196	1791460564614339.668	1791460564614857.216	517.548	0.008021973000040816	14.16	0.02	8.62	7.22	8.95	7666	7669	7673	P	
126	target-fp32-16x2048	2	PP	8	2	P	P	307.680010796	374.664	19	748	284.304	1791460564614955.400	1791460564615239.704	1791460564614932.036	1791460564615239.744	307.708	0.02798920400005045	23.364	0.04	8.78	6.7	9.26	7681	7684	7688	P	
127	target-fp32-16x2048	2	PP	8	1	P	P	54.9000017345	119.471	19	754	36.244	1791460564615327.184	1791460564615363.428	1791460564615308.524	1791460564615363.448	54.924	0.02399826549999773	18.66	0.02	8.55	6.95	8.8	7696	7699	7703	P	
128	target-fp32-16x2048	2	PP	8	2	P	P	37.579998374	101.991	19	759	16.68	1791460564615448.568	1791460564615465.248	1791460564615427.688	1791460564615465.268	37.58	1.6259999995327235e-06	20.88	0.02	8.38	7.07	8.19	7710	7713	7717	P	
129	target-fp32-16x2048	3	PP	9	1	P	P	26.2000001967	101.051	19	765	5.98	1791460564615610.832	1791460564615616.812	1791460564615590.632	1791460564615616.832	26.2	-1.9670000028781942e-07	20.2	0.02	8.72	6.93	7.55	7732	7735	7739	P	
130	target-fp32-16x2048	3	PP	9	2	P	P	33.5000008345	124.971	19	770	6.524	1791460564615734.932	1791460564615741.456	1791460564615719.972	1791460564615753.476	33.504	0.003999165499998014	14.96	12.02	9.46	7.3	8.11	7746	7749	7753	P	
131	target-fp32-16x2048	3	PP	9	1	P	P	28.2600000501	101.511	19	775	6.02	1791460564615838.456	1791460564615844.476	1791460564615827.976	1791460564615856.256	28.28	0.019999949900000757	10.48	11.78	8.55	7.38	7.65	7760	7763	7767	P	
132	target-fp32-16x2048	3	PP	9	2	P	P	24.4600009173	100.651	19	780	4.74	1791460564615946.320	1791460564615951.060	1791460564615944.300	1791460564615968.760	24.46	-9.172999995143982e-07	2.02	17.7	7.88	7.07	7.66	7774	7777	7781	P	
133	target-fp32-16x2048	3	PP	9	1	P	P	21.8000002205	103.401	19	785	2.92	1791460564616060.640	1791460564616063.560	1791460564616043.160	1791460564616064.960	21.8	-2.2049999870432657e-07	17.48	1.4	8.59	6.93	7.87	7788	7791	7795	P	
134	target-fp32-16x2048	3	PP	9	2	P	P	165.680006146	236.612	19	790	160.88	1791460564616161.904	1791460564616322.784	1791460564616157.124	1791460564616322.804	165.68	-6.146000004036978e-06	4.78	0.02	8.4	6.89	7.39	7802	7805	7809	P	
135	target-fp32-16x2048	3	PP	9	1	P	P	22.7400008589	107.961	19	796	6.9	1791460564616413.048	1791460564616419.948	1791460564616397.988	1791460564616420.748	22.76	0.01999914110000134	15.06	0.8	9.36	6.99	8.53	7817	7820	7824	P	
136	target-fp32-16x2048	3	PP	9	2	P	P	31.2200002372	104.401	19	801	5.18	1791460564616525.048	1791460564616530.228	1791460564616506.428	1791460564616537.628	31.2	-0.020000237200001436	18.62	7.4	8.12	7.49	8.23	7831	7834	7838	P	
137	target-fp32-16x2048	3	PP	10	1	P	P	33.4400013089	100.001	19	806	5.88	1791460564616626.712	1791460564616632.592	1791460564616610.272	1791460564616643.712	33.44	-1.308900003493818e-06	16.44	11.12	8.31	7.12	7.46	7845	7848	7852	P	
138	target-fp32-16x2048	3	PP	10	2	P	P	32.1599990129	100.3	19	811	6.1	1791460564616733.396	1791460564616739.496	1791460564616717.892	1791460564616750.056	32.164	0.00400098709999952	15.504	10.56	8.21	7.32	7.45	7859	7862	7866	P	
139	target-fp32-16x2048	3	PP	10	1	P	P	23.0599995703	103.831	19	816	6.72	1791460564616840.376	1791460564616847.096	1791460564616824.056	1791460564616847.136	23.08	0.020000429699997824	16.32	0.04	8.54	7.05	7.18	7873	7876	7880	P	
140	target-fp32-16x2048	3	PP	10	2	P	P	29.6400003135	100.991	19	821	12.68	1791460564616945.980	1791460564616958.660	1791460564616929.056	1791460564616958.680	29.624	-0.016000313500001084	16.924	0.02	8.95	7.35	8.03	7887	7890	7894	P	
141	target-fp32-16x2048	3	PP	10	1	P	P	33.2200005651	99.681	19	826	5.42	1791460564617050.220	1791460564617055.640	1791460564617030.520	1791460564617063.720	33.2	-0.02000056509999837	19.7	8.08	8.14	7.15	7.44	7901	7904	7908	P	
142	target-fp32-16x2048	3	PP	10	2	P	P	19.6199994534	104.451	19	831	4.94	1791460564617148.824	1791460564617153.764	1791460564617146.464	1791460564617166.064	19.6	-0.01999945339999698	2.36	12.3	9.14	9.01	7.89	7915	7918	7922	P	
143	target-fp32-16x2048	3	PP	10	1	P	P	29.580000788	99.571	19	836	4.06	1791460564617274.124	1791460564617278.184	1791460564617249.564	1791460564617279.144	29.58	-7.880000012505661e-07	24.56	0.96	8.25	6.9	7.7	7929	7932	7936	P	
144	target-fp32-16x2048	3	PP	10	2	P	P	28.0200000852	100.551	19	841	3.36	1791460564617367.288	1791460564617370.648	1791460564617350.828	1791460564617378.848	28.02	-8.519999994405225e-08	16.46	8.2	8.38	7.05	7.5	7943	7946	7950	P	
145	target-fp32-16x2048	3	PP	11	1	P	P	568.700015545	647.025	19	846	559.492	1791460564617477.088	1791460564618036.580	1791460564617467.908	1791460564618036.620	568.712	0.011984454999947047	9.18	0.04	8.19	6.89	7.61	7957	7960	7964	P	
146	target-fp32-16x2048	3	PP	11	2	P	P	30.1600005478	109.121	19	852	5.86	1791460564618127.320	1791460564618133.180	1791460564618111.440	1791460564618141.584	30.144	-0.01600054780000093	15.88	8.404	8.54	7.33	9.72	7972	7975	7979	P	
147	target-fp32-16x2048	3	PP	11	1	P	P	581.279993057	660.736	19	857	577.872	1791460564618243.164	1791460564618821.036	1791460564618239.784	1791460564618821.056	581.272	-0.007993056999907822	3.38	0.02	8.92	7.31	7.57	7986	7989	7993	P	
148	target-fp32-16x2048	3	PP	11	2	P	P	24.8799994588	104.321	19	863	4.78	1791460564618905.476	1791460564618910.256	1791460564618899.256	1791460564618924.136	24.88	5.41199998593811e-07	6.22	13.88	8.73	7.0	8.79	8001	8004	8008	P	
149	target-fp32-16x2048	3	PP	11	1	P	P	629.279971123	693.746	19	868	610.652	1791460564619019.840	1791460564619630.492	1791460564619001.220	1791460564619630.512	629.292	0.0120288770000343	18.62	0.02	8.55	6.95	7.92	8015	8018	8022	P	
150	target-fp32-16x2048	3	PP	11	2	P	P	66.97999686	169.341	19	874	60.984	1791460564619734.572	1791460564619795.556	1791460564619728.612	1791460564619795.576	66.964	-0.015996860000001334	5.96	0.02	9.27	8.95	11.11	8030	8033	8037	P	
151	target-fp32-16x2048	3	PP	11	1	P	P	61.5799985826	143.581	19	880	52.444	1791460564619892.296	1791460564619944.740	1791460564619883.176	1791460564619944.760	61.584	0.004001417400004925	9.12	0.02	8.74	7.08	10.06	8044	8047	8051	P	
152	target-fp32-16x2048	3	PP	11	2	P	P	304.219990969	369.273	19	886	286.124	1791460564620044.920	1791460564620331.044	1791460564620026.840	1791460564620331.064	304.224	0.0040090310000096	18.08	0.02	8.7	7.22	8.96	8059	8062	8066	P	
153	target-fp32-16x2048	3	PP	12	1	P	P	717.299997807	782.286	19	892	697.372	1791460564620419.408	1791460564621116.780	1791460564620399.508	1791460564621116.800	717.292	-0.00799780699992425	19.9	0.02	8.39	7.26	8.93	8074	8077	8081	P	
154	target-fp32-16x2048	3	PP	12	2	P	P	23.5600005835	107.901	19	898	7.04	1791460564621207.464	1791460564621214.504	1791460564621195.684	1791460564621219.264	23.58	0.019999416499999256	11.78	4.76	7.96	7.05	9.17	8089	8092	8096	P	
155	target-fp32-16x2048	3	PP	12	1	P	P	25.0000003725	103.041	19	903	6.5	1791460564621318.484	1791460564621324.984	1791460564621302.484	1791460564621327.484	25.0	-3.7250000062272193e-07	16.0	2.5	8.42	6.7	7.81	8103	8106	8110	P	
156	target-fp32-16x2048	3	PP	12	2	P	P	31.9599993527	99.151	19	908	6.62	1791460564621418.308	1791460564621424.928	1791460564621403.148	1791460564621435.128	31.98	0.020000647300001617	15.16	10.2	7.99	6.81	7.52	8117	8120	8124	P	
157	target-fp32-16x2048	3	PP	12	1	P	P	19.6199994534	100.511	19	913	4.52	1791460564621527.588	1791460564621532.108	1791460564621516.988	1791460564621536.628	19.64	0.020000546600002167	10.6	4.52	8.05	7.28	7.73	8131	8134	8138	P	
158	target-fp32-16x2048	3	PP	12	2	P	P	18.9399998635	103.261	19	918	3.14	1791460564621635.132	1791460564621638.272	1791460564621622.512	1791460564621641.452	18.94	1.3650000241227644e-07	12.62	3.18	8.63	6.82	7.73	8145	8148	8152	P	
159	target-fp32-16x2048	3	PP	12	1	P	P	26.9200000912	101.151	19	923	3.8	1791460564621746.656	1791460564621750.456	1791460564621724.452	1791460564621751.356	26.904	-0.01600009119999868	22.204	0.9	8.42	6.77	7.37	8159	8162	8166	P	
160	target-fp32-16x2048	3	PP	12	2	P	P	22.9400005192	100.021	19	928	3.36	1791460564621838.596	1791460564621841.956	1791460564621833.296	1791460564621856.216	22.92	-0.0200005191999999	5.3	14.26	8.14	6.83	7.5	8173	8176	8180	P	
161	target-fp32-16x2048	3	PC	9	1	C	P	26.060000062	102.801	19	934	3.38	1791460564622022.960	1791460564622026.340	1791460564622003.340	1791460564622029.400	26.06	-6.200000157718932e-08	19.62	3.06	9.21	7.13	7.65	8195	8198	8202	NONE	1
162	target-fp32-16x2048	3	PC	9	2	P	P	189.319998026	253.552	19	939	161.964	1791460564622141.300	1791460564622303.264	1791460564622113.960	1791460564622303.284	189.324	0.004001974000004793	27.34	0.02	8.58	6.84	7.55	8209	8212	8216	NONE	1
163	target-fp32-16x2048	3	PC	9	1	P	P	25.2000000328	107.181	19	945	6.26	1791460564622398.048	1791460564622404.308	1791460564622379.108	1791460564622404.328	25.22	0.019999967200000413	18.94	0.02	8.64	7.23	8.8	8224	8227	8231	NONE	1
164	target-fp32-16x2048	3	PC	9	2	P	C	38.2400006056	103.011	19	950	5.62	1791460564622506.148	1791460564622511.768	1791460564622486.748	1791460564622524.988	38.24	-6.056000003695772e-07	19.4	13.22	8.47	7.09	8.6	8238	8241	8245	NONE	1
165	target-fp32-16x2048	3	PC	9	1	C	C	19.8199991137	103.941	19	955	4.98	1791460564622614.912	1791460564622619.892	1791460564622600.112	1791460564622619.912	19.8	-0.01999911369999907	14.8	0.02	8.54	6.83	7.89	8252	8255	8259	NONE	1
166	target-fp32-16x2048	3	PC	9	2	C	P	46.9399988651	115.531	19	960	39.544	1791460564622715.472	1791460564622755.016	1791460564622708.072	1791460564622755.036	46.964	0.024001134899997112	7.4	0.02	8.57	6.99	10.64	8266	8269	8273	NONE	1
167	target-fp32-16x2048	3	PC	9	1	P	C	28.1399991363	98.421	19	965	5.82	1791460564622841.256	1791460564622847.076	1791460564622824.076	1791460564622852.196	28.12	-0.01999913629999739	17.18	5.12	8.51	7.58	8.17	8280	8283	8287	NONE	1
168	target-fp32-16x2048	3	PC	9	2	C	C	21.2200004607	106.241	19	970	8.744	1791460564622933.036	1791460564622941.780	1791460564622930.336	1791460564622951.560	21.224	0.003999539300000521	2.7	9.78	8.37	6.98	7.65	8294	8297	8301	NONE	1
169	target-fp32-16x2048	3	PC	10	1	C	P	27.2400006652	102.271	19	975	8.16	1791460564623047.520	1791460564623055.680	1791460564623042.020	1791460564623069.240	27.22	-0.020000665200001322	5.5	13.56	8.47	7.18	9.77	8308	8311	8315	NONE	2
170	target-fp32-16x2048	3	PC	10	2	P	P	171.660006046	235.622	19	980	157.38	1791460564623159.044	1791460564623316.424	1791460564623144.764	1791460564623316.444	171.68	0.019993954000000258	14.28	0.02	7.93	7.17	8.21	8322	8325	8329	NONE	2
171	target-fp32-16x2048	3	PC	10	1	P	P	39.1400009394	103.861	19	986	21.48	1791460564623404.608	1791460564623426.088	1791460564623386.948	1791460564623426.108	39.16	0.019999060600000007	17.66	0.02	8.88	7.2	9.2	8337	8340	8344	NONE	2
172	target-fp32-16x2048	3	PC	10	2	P	C	42.1000011265	103.261	19	991	17.48	1791460564623510.768	1791460564623528.248	1791460564623489.128	1791460564623531.248	42.12	0.019998873500000514	21.64	3.0	8.81	6.87	8.29	8351	8354	8358	NONE	2
173	target-fp32-16x2048	3	PC	10	1	C	C	18.880000338	104.141	19	996	6.82	1791460564623618.612	1791460564623625.432	1791460564623609.852	1791460564623628.732	18.88	-3.3799999954453597e-07	8.76	3.3	8.8	6.91	8.01	8365	8368	8372	NONE	2
174	target-fp32-16x2048	3	PC	10	2	C	P	62.3399987817	126.091	19	1001	48.36	1791460564623749.516	1791460564623797.876	1791460564623735.572	1791460564623797.916	62.344	0.004001218300004439	13.944	0.04	8.63	6.91	7.88	8379	8382	8386	NONE	2
175	target-fp32-16x2048	3	PC	10	1	P	C	163.619995117	228.442	19	1006	138.664	1791460564623885.936	1791460564624024.600	1791460564623861.016	1791460564624024.640	163.624	0.004004882999993242	24.92	0.04	8.84	7.26	8.33	8393	8396	8400	NONE	2
176	target-fp32-16x2048	3	PC	10	2	C	C	40.3800010681	114.301	19	1012	6.94	1791460564624105.460	1791460564624112.400	1791460564624090.660	1791460564624131.040	40.38	-1.0680999977807915e-06	14.8	18.64	8.29	7.33	11.05	8408	8411	8415	NONE	2
177	target-fp32-16x2048	3	PC	11	1	C	P	53.3600002527	112.331	19	1017	38.78	1791460564624221.064	1791460564624259.844	1791460564624206.504	1791460564624259.864	53.36	-2.5269999781585284e-07	14.56	0.02	7.94	6.92	8.69	8422	8425	8429	NONE	3
178	target-fp32-16x2048	3	PC	11	2	P	P	26.9399993122	100.451	19	1022	7.34	1791460564624343.788	1791460564624351.128	1791460564624326.124	1791460564624353.068	26.944	0.0040006877999978485	17.664	1.94	8.27	7.08	7.92	8436	8439	8443	NONE	3
179	target-fp32-16x2048	3	PC	11	1	P	P	25.6999991834	100.841	19	1027	6.5	1791460564624443.328	1791460564624449.828	1791460564624436.588	1791460564624462.288	25.7	8.166000000642271e-07	6.74	12.46	8.0	7.32	7.76	8450	8453	8457	NONE	3
180	target-fp32-16x2048	3	PC	11	2	P	C	24.7600004077	101.121	19	1032	5.5	1791460564624550.972	1791460564624556.472	1791460564624548.972	1791460564624573.732	24.76	-4.076999999824693e-07	2.0	17.26	7.84	7.19	7.87	8464	8467	8471	NONE	3
181	target-fp32-16x2048	3	PC	11	1	C	C	32.3799997568	101.94	19	1037	6.64	1791460564624668.432	1791460564624675.072	1791460564624642.732	1791460564624675.092	32.36	-0.019999756799997215	25.7	0.02	8.63	7.81	8.1	8478	8481	8485	NONE	3
182	target-fp32-16x2048	3	PC	11	2	C	P	30.5199995637	101.23	19	1042	4.94	1791460564624761.636	1791460564624766.576	1791460564624747.396	1791460564624777.936	30.54	0.02000043629999837	14.24	11.36	8.15	7.08	8.43	8492	8495	8499	NONE	3
183	target-fp32-16x2048	3	PC	11	1	P	C	34.6000008285	100.821	19	1047	3.62	1791460564624876.136	1791460564624879.756	1791460564624855.336	1791460564624889.936	34.6	-8.284999992724806e-07	20.8	10.18	8.19	7.0	7.47	8506	8509	8513	NONE	3
184	target-fp32-16x2048	3	PC	11	2	C	C	32.4800014496	118.931	19	1052	4.32	1791460564624981.600	1791460564624985.920	1791460564624960.600	1791460564624993.060	32.46	-0.020001449600002275	21.0	7.14	8.02	7.46	7.87	8520	8523	8527	NONE	3
185	target-fp32-16x2048	3	PC	12	1	C	P	588.079988956	654.706	19	1057	570.192	1791460564625106.520	1791460564625676.712	1791460564625088.620	1791460564625676.732	588.112	0.032011044000000766	17.9	0.02	8.34	6.81	8.56	8534	8537	8541	NONE	4
186	target-fp32-16x2048	3	PC	12	2	P	P	49.240000546	119.481	19	1063	35.7	1791460564625760.856	1791460564625796.556	1791460564625747.332	1791460564625796.576	49.244	0.003999454000002345	13.524	0.02	9.08	7.14	8.63	8549	8552	8556	NONE	4
187	target-fp32-16x2048	3	PC	12	1	P	P	78.5199999809	136.901	19	1068	59.94	1791460564625887.056	1791460564625946.996	1791460564625868.496	1791460564625947.020	78.524	0.0040000191000046925	18.56	0.024	8.29	6.83	7.45	8563	8566	8570	NONE	4
188	target-fp32-16x2048	3	PC	12	2	P	C	74.3400007486	136.311	19	1074	52.46	1791460564626035.340	1791460564626087.800	1791460564626013.500	1791460564626087.840	74.34	-7.486000015433092e-07	21.84	0.04	9.0	7.21	8.56	8578	8581	8585	NONE	4
189	target-fp32-16x2048	3	PC	12	1	C	C	19.4400008768	106.951	19	1080	5.5	1791460564626166.704	1791460564626172.204	1791460564626163.824	1791460564626183.284	19.46	0.019999123200001634	2.88	11.08	8.62	7.51	9.15	8593	8596	8600	NONE	4
190	target-fp32-16x2048	3	PC	12	2	C	P	22.5000008941	103.931	19	1085	7.58	1791460564626281.084	1791460564626288.664	1791460564626278.744	1791460564626301.264	22.52	0.019999105899998426	2.34	12.6	8.59	6.93	8.37	8607	8610	8614	NONE	4
191	target-fp32-16x2048	3	PC	12	1	P	C	33.1600010395	102.231	19	1090	3.82	1791460564626393.328	1791460564626397.148	1791460564626377.388	1791460564626410.528	33.14	-0.020001039500002094	15.94	13.38	8.27	6.91	7.88	8621	8624	8628	NONE	4
192	target-fp32-16x2048	3	PC	12	2	C	C	27.7399998158	101.281	19	1095	5.04	1791460564626492.348	1791460564626497.388	1791460564626483.628	1791460564626511.368	27.74	1.8419999747720794e-07	8.72	13.98	8.21	6.89	7.38	8635	8638	8642	NONE	4
193	target-fp32-16x2048	4	PC	13	1	C	P	28.2199997455	100.16	19	1101	6.26	1791460564626662.592	1791460564626668.852	1791460564626644.172	1791460564626672.392	28.22	2.544999979647855e-07	18.42	3.54	9.25	6.68	7.61	8657	8660	8664	NONE	1
194	target-fp32-16x2048	4	PC	13	2	P	P	31.0800001025	99.961	19	1106	4.68	1791460564626760.316	1791460564626764.996	1791460564626758.396	1791460564626789.456	31.06	-0.020000102500002725	1.92	24.46	8.82	6.62	7.32	8671	8674	8678	NONE	1
195	target-fp32-16x2048	4	PC	13	1	P	P	22.4600005895	101.531	19	1111	16.72	1791460564626865.416	1791460564626882.136	1791460564626859.696	1791460564626882.156	22.46	-5.89500000813814e-07	5.72	0.02	8.27	7.14	7.32	8685	8688	8692	NONE	1
196	target-fp32-16x2048	4	PC	13	2	P	C	26.380000636	101.641	19	1116	5.3	1791460564626979.780	1791460564626985.080	1791460564626960.460	1791460564626986.840	26.38	-6.359999993321708e-07	19.32	1.76	8.35	6.87	7.86	8699	8702	8706	NONE	1
197	target-fp32-16x2048	4	PC	13	1	C	C	30.6400004774	99.791	19	1121	5.52	1791460564627077.620	1791460564627083.140	1791460564627069.500	1791460564627100.120	30.62	-0.020000477399999994	8.12	16.98	8.23	6.86	7.56	8713	8716	8720	NONE	1
198	target-fp32-16x2048	4	PC	13	2	C	P	26.1199995875	100.751	19	1126	6.32	1791460564627193.424	1791460564627199.744	1791460564627173.644	1791460564627199.764	26.12	4.125000003796231e-07	19.78	0.02	8.13	6.47	7.41	8727	8730	8734	NONE	1
199	target-fp32-16x2048	4	PC	13	1	P	C	24.639999494	99.821	19	1131	3.3	1791460564627298.744	1791460564627302.044	1791460564627278.104	1791460564627302.744	24.64	5.059999992340636e-07	20.64	0.7	7.92	7.1	7.82	8741	8744	8748	NONE	1
200	target-fp32-16x2048	4	PC	13	2	C	C	111.299999058	177.591	19	1136	81.1	1791460564627414.388	1791460564627495.488	1791460564627384.228	1791460564627495.508	111.28	-0.01999905799999624	30.16	0.02	8.27	8.88	8.23	8755	8758	8762	NONE	1
201	target-fp32-16x2048	4	PC	14	1	C	P	39.0000008047	104.501	19	1142	11.32	1791460564627586.652	1791460564627597.972	1791460564627570.572	1791460564627609.552	38.98	-0.020000804700003982	16.08	11.58	8.87	7.38	9.61	8770	8773	8777	NONE	2
202	target-fp32-16x2048	4	PC	14	2	P	P	30.7599995285	128.531	19	1147	6.32	1791460564627702.012	1791460564627708.332	1791460564627685.592	1791460564627716.352	30.76	4.715000017085913e-07	16.42	8.02	8.24	7.52	23.6	8784	8787	8791	NONE	2
203	target-fp32-16x2048	4	PC	14	1	P	P	63.1799995899	162.362	19	1152	40.86	1791460564627837.776	1791460564627878.636	1791460564627815.456	1791460564627878.656	63.2	0.020000410100003307	22.32	0.02	8.04	6.78	12.37	8798	8801	8805	NONE	2
204	target-fp32-16x2048	4	PC	14	2	P	C	27.519999072	104.701	19	1158	8.8	1791460564627997.600	1791460564628006.400	1791460564627986.420	1791460564628013.940	27.52	9.279999986233634e-07	11.18	7.54	8.07	6.98	9.33	8812	8815	8819	NONE	2
205	target-fp32-16x2048	4	PC	14	1	C	C	31.2799997628	102.461	19	1163	10.32	1791460564628110.420	1791460564628120.740	1791460564628089.500	1791460564628120.760	31.26	-0.01999976279999771	20.92	0.02	8.24	6.94	8.26	8826	8829	8833	NONE	2
206	target-fp32-16x2048	4	PC	14	2	C	P	37.3999997973	110.661	19	1168	31.42	1791460564628213.364	1791460564628244.784	1791460564628207.404	1791460564628244.804	37.4	2.0270000078426165e-07	5.96	0.02	7.91	7.02	7.97	8840	8843	8847	NONE	2
207	target-fp32-16x2048	4	PC	14	1	P	C	36.2000018358	109.08	19	1173	31.464	1791460564628321.064	1791460564628352.528	1791460564628316.364	1791460564628352.568	36.204	0.003998164199998655	4.7	0.04	8.18	7.3	8.23	8854	8857	8861	NONE	2
208	target-fp32-16x2048	4	PC	14	2	C	C	41.1799997091	99.93	19	1178	4.74	1791460564628441.748	1791460564628446.488	1791460564628423.448	1791460564628464.628	41.18	2.9089999742382133e-07	18.3	18.14	8.86	7.02	7.88	8868	8871	8875	NONE	2
209	target-fp32-16x2048	4	PC	15	1	C	P	46.3799983263	110.361	19	1183	29.084	1791460564628547.468	1791460564628576.552	1791460564628530.188	1791460564628576.592	46.404	0.024001673700006165	17.28	0.04	10.85	6.91	8.2	8882	8885	8889	NONE	3
210	target-fp32-16x2048	4	PC	15	2	P	P	54.6800009906	114.491	19	1188	28.88	1791460564628670.492	1791460564628699.372	1791460564628644.712	1791460564628699.392	54.68	-9.90600000250197e-07	25.78	0.02	7.91	6.6	7.8	8896	8899	8903	NONE	3
211	target-fp32-16x2048	4	PC	15	1	P	P	27.7399998158	96.581	19	1193	5.9	1791460564628777.196	1791460564628783.096	1791460564628766.116	1791460564628793.856	27.74	1.8419999747720794e-07	11.08	10.76	7.7	6.81	7.57	8910	8913	8917	NONE	3
212	target-fp32-16x2048	4	PC	15	2	P	C	29.0600005537	99.501	19	1198	5.88	1791460564628877.016	1791460564628882.896	1791460564628862.616	1791460564628891.656	29.04	-0.020000553700000978	14.4	8.76	7.8	6.55	8.02	8924	8927	8931	NONE	3
213	target-fp32-16x2048	4	PC	15	1	C	C	471.159994602	540.255	19	1203	464.368	1791460564628981.460	1791460564629445.828	1791460564628974.700	1791460564629445.848	471.148	-0.011994601999958832	6.76	0.02	8.27	7.03	7.58	8938	8941	8945	NONE	3
214	target-fp32-16x2048	4	PC	15	2	C	P	32.0000015199	105.741	19	1209	6.68	1791460564629524.348	1791460564629531.028	1791460564629515.508	1791460564629547.508	32.0	-1.519900003188468e-06	8.84	16.48	8.87	6.82	9.2	8953	8956	8960	NONE	3
215	target-fp32-16x2048	4	PC	15	1	P	C	39.659999311	110.091	19	1214	21.52	1791460564629643.652	1791460564629665.172	1791460564629627.052	1791460564629666.732	39.68	0.02000068899999974	16.6	1.56	8.48	9.05	8.61	8967	8970	8974	NONE	3
216	target-fp32-16x2048	4	PC	15	2	C	C	28.1399991363	101.601	19	1219	6.84	1791460564629755.856	1791460564629762.696	1791460564629746.196	1791460564629774.316	28.12	-0.01999913629999739	9.66	11.62	8.28	6.84	7.89	8981	8984	8988	NONE	3
217	target-fp32-16x2048	4	PC	16	1	C	P	501.079976559	577.054	19	1224	495.652	1791460564629860.996	1791460564630356.648	1791460564629855.576	1791460564630356.668	501.092	0.012023440999996637	5.42	0.02	8.37	7.2	7.45	8995	8998	9002	NONE	4
218	target-fp32-16x2048	4	PC	16	2	P	P	305.819988251	374.054	19	1230	295.084	1791460564630443.148	1791460564630738.232	1791460564630432.448	1791460564630738.252	305.804	-0.015988251000010223	10.7	0.02	8.75	6.89	8.64	9010	9013	9017	NONE	4
219	target-fp32-16x2048	4	PC	16	1	P	P	27.4000000209	106.471	19	1236	6.26	1791460564630823.136	1791460564630829.396	1791460564630820.116	1791460564630847.536	27.42	0.019999979100003173	3.02	18.14	8.39	6.99	9.01	9025	9028	9032	NONE	4
220	target-fp32-16x2048	4	PC	16	2	P	C	60.6799982488	125.041	19	1241	57.804	1791460564630930.656	1791460564630988.460	1791460564630927.776	1791460564630988.480	60.704	0.024001751200003696	2.88	0.02	8.36	6.86	8.28	9039	9042	9046	NONE	4
221	target-fp32-16x2048	4	PC	16	1	C	C	80.3000032902	140.571	19	1247	62.6	1791460564631066.980	1791460564631129.580	1791460564631049.300	1791460564631129.600	80.3	-3.2901999986734154e-06	17.68	0.02	8.41	6.98	7.87	9053	9056	9060	NONE	4
222	target-fp32-16x2048	4	PC	16	2	C	P	20.6000003964	105.661	19	1253	7.0	1791460564631208.664	1791460564631215.664	1791460564631202.384	1791460564631223.004	20.62	0.019999603600002303	6.28	7.34	8.4	7.49	9.04	9068	9071	9075	NONE	4
223	target-fp32-16x2048	4	PC	16	1	P	C	30.1200002432	104.391	19	1258	5.5	1791460564631333.704	1791460564631339.204	1791460564631309.104	1791460564631339.224	30.12	-2.4319999880617615e-07	24.6	0.02	8.09	6.59	8.59	9082	9085	9089	NONE	4
224	target-fp32-16x2048	4	PC	16	2	C	C	29.2399991304	101.511	19	1263	5.04	1791460564631439.248	1791460564631444.288	1791460564631415.068	1791460564631444.308	29.24	8.695999973440394e-07	24.18	0.02	8.23	7.03	7.85	9096	9099	9103	NONE	4
225	target-fp32-16x2048	4	PP	13	1	P	P	41.7799986899	112.521	19	1270	5.66	1791460564631886.996	1791460564631892.656	1791460564631866.076	1791460564631907.876	41.8	0.020001310099999614	20.92	15.22	9.96	9.23	9.44	9118	9121	9125	P	
226	target-fp32-16x2048	4	PP	13	2	P	P	28.9600007236	103.36	19	1275	5.22	1791460564632000.480	1791460564632005.700	1791460564631981.240	1791460564632010.220	28.98	0.0199992764000001	19.24	4.52	9.19	6.79	8.25	9132	9135	9139	P	
227	target-fp32-16x2048	4	PP	13	1	P	P	23.7799994648	99.98	19	1280	5.62	1791460564632108.920	1791460564632114.540	1791460564632092.000	1791460564632115.780	23.78	5.352000016500824e-07	16.92	1.24	7.91	7.02	8.63	9146	9149	9153	P	
228	target-fp32-16x2048	4	PP	13	2	P	P	31.819999218	100.551	19	1285	20.24	1791460564632210.144	1791460564632230.384	1791460564632198.564	1791460564632230.404	31.84	0.020000782000000328	11.58	0.02	7.69	6.91	7.39	9160	9163	9167	P	
229	target-fp32-16x2048	4	PP	13	1	P	P	24.4999993593	99.991	19	1290	5.8	1791460564632314.264	1791460564632320.064	1791460564632301.104	1791460564632325.624	24.52	0.02000064070000107	13.16	5.56	8.64	6.74	7.47	9174	9177	9181	P	
230	target-fp32-16x2048	4	PP	13	2	P	P	22.1400000155	98.591	19	1295	5.06	1791460564632423.128	1791460564632428.188	1791460564632406.068	1791460564632428.208	22.14	-1.549999950611891e-08	17.06	0.02	8.28	6.68	7.41	9188	9191	9195	P	
231	target-fp32-16x2048	4	PP	13	1	P	P	33.2800000906	100.701	19	1300	4.28	1791460564632524.188	1791460564632528.468	1791460564632508.028	1791460564632541.288	33.26	-0.020000090599999965	16.16	12.82	8.18	7.63	7.4	9202	9205	9209	P	
232	target-fp32-16x2048	4	PP	13	2	P	P	28.8600008935	99.241	19	1305	3.48	1791460564632635.572	1791460564632639.052	1791460564632610.192	1791460564632639.072	28.88	0.019999106499998476	25.38	0.02	8.08	6.43	7.32	9216	9219	9223	P	
233	target-fp32-16x2048	4	PP	14	1	P	P	23.5399994999	101.381	19	1310	3.38	1791460564632723.512	1791460564632726.892	1791460564632721.712	1791460564632745.252	23.54	5.001000005222522e-07	1.8	18.36	7.83	6.78	7.56	9230	9233	9237	P	
234	target-fp32-16x2048	4	PP	14	2	P	P	21.9400003552	97.021	19	1315	3.4	1791460564632831.416	1791460564632834.816	1791460564632829.616	1791460564632851.556	21.94	-3.5519999741495667e-07	1.8	16.74	7.93	6.66	7.21	9244	9247	9251	P	
235	target-fp32-16x2048	4	PP	14	1	P	P	34.8200015724	98.2	19	1320	3.34	1791460564632937.016	1791460564632940.356	1791460564632919.756	1791460564632954.556	34.8	-0.02000157240000533	17.26	14.2	8.05	6.74	7.8	9258	9261	9265	P	
236	target-fp32-16x2048	4	PP	14	2	P	P	621.379971504	709.046	19	1325	596.292	1791460564633054.960	1791460564633651.252	1791460564633029.900	1791460564633651.272	621.372	-0.00797150400001101	25.06	0.02	8.7	7.72	7.6	9272	9275	9279	P	
237	target-fp32-16x2048	4	PP	14	1	P	P	30.3399991244	109.821	19	1331	5.36	1791460564633757.276	1791460564633762.636	1791460564633744.932	1791460564633775.256	30.324	-0.015999124399996845	12.344	12.62	9.96	7.36	9.32	9287	9290	9294	P	
238	target-fp32-16x2048	4	PP	14	2	P	P	35.3799983859	103.271	19	1336	11.42	1791460564633874.356	1791460564633885.776	1791460564633858.776	1791460564633894.156	35.38	1.6141000003244699e-06	15.58	8.38	8.04	6.7	8.22	9301	9304	9308	P	
239	target-fp32-16x2048	4	PP	14	1	P	P	33.3800017834	109.761	19	1341	26.6	1791460564633981.660	1791460564634008.260	1791460564633974.900	1791460564634008.280	33.38	-1.7833999947924895e-06	6.76	0.02	7.86	7.09	7.88	9315	9318	9322	P	
240	target-fp32-16x2048	4	PP	14	2	P	P	113.519996405	176.852	19	1346	100.504	1791460564634091.880	1791460564634192.384	1791460564634078.880	1791460564634192.404	113.524	0.0040035950000003595	13.0	0.02	9.0	8.6	7.35	9329	9332	9336	P	
241	target-fp32-16x2048	4	PP	15	1	P	P	32.6800011098	105.791	19	1352	6.94	1791460564634273.784	1791460564634280.724	1791460564634257.184	1791460564634289.864	32.68	-1.1098000030074218e-06	16.6	9.14	8.89	6.87	8.64	9344	9347	9351	P	
242	target-fp32-16x2048	4	PP	15	2	P	P	19.4799993187	100.441	19	1357	6.28	1791460564634385.248	1791460564634391.528	1791460564634380.408	1791460564634399.908	19.5	0.020000681300000878	4.84	8.38	8.25	6.91	7.82	9358	9361	9365	P	
243	target-fp32-16x2048	4	PP	15	1	P	P	287.000000477	345.703	19	1362	268.128	1791460564634492.908	1791460564634761.036	1791460564634474.048	1791460564634761.076	287.028	0.02799952300000541	18.86	0.04	8.18	6.72	7.91	9372	9375	9379	P	
244	target-fp32-16x2048	4	PP	15	2	P	P	33.1399999559	100.32	19	1368	19.56	1791460564634840.516	1791460564634860.076	1791460564634826.976	1791460564634860.096	33.12	-0.019999955900004807	13.54	0.02	8.54	7.32	8.23	9387	9390	9394	P	
245	target-fp32-16x2048	4	PP	15	1	P	P	56.5799996257	112.58	19	1373	44.264	1791460564634942.536	1791460564634986.800	1791460564634930.236	1791460564634986.820	56.584	0.00400037430000566	12.3	0.02	8.16	6.66	7.77	9401	9404	9408	P	
246	target-fp32-16x2048	4	PP	15	2	P	P	24.5399996638	99.91	19	1378	5.64	1791460564635067.200	1791460564635072.840	1791460564635049.460	1791460564635074.000	24.54	3.361999993956033e-07	17.74	1.16	8.11	6.72	7.58	9415	9418	9422	P	
247	target-fp32-16x2048	4	PP	15	1	P	P	35.1199992001	109.091	19	1383	6.72	1791460564635170.384	1791460564635177.104	1791460564635158.184	1791460564635193.324	35.14	0.020000799900003585	12.2	16.22	7.96	7.72	8.54	9429	9432	9436	P	
248	target-fp32-16x2048	4	PP	15	2	P	P	35.7199981809	100.911	19	1388	6.74	1791460564635286.824	1791460564635293.564	1791460564635265.644	1791460564635301.344	35.7	-0.0199981808999965	21.18	7.78	8.73	6.85	8.42	9443	9446	9450	P	
249	target-fp32-16x2048	4	PP	16	1	P	P	45.3400015831	110.631	19	1393	33.64	1791460564635386.728	1791460564635420.368	1791460564635375.028	1791460564635420.388	45.36	0.019998416900001814	11.7	0.02	8.8	6.83	8.33	9457	9460	9464	P	
250	target-fp32-16x2048	4	PP	16	2	P	P	24.5600007474	99.011	19	1398	7.78	1791460564635506.048	1791460564635513.828	1791460564635489.308	1791460564635513.848	24.54	-0.020000747400001018	16.74	0.02	8.23	6.57	7.38	9471	9474	9478	P	
251	target-fp32-16x2048	4	PP	16	1	P	P	10.9799997881	97.641	19	1403	4.12	1791460564635607.752	1791460564635611.872	1791460564635604.092	1791460564635615.092	11.0	0.020000211899999343	3.66	3.22	8.02	6.77	7.33	9485	9488	9492	P	
252	target-fp32-16x2048	4	PP	16	2	P	P	29.7599993646	157.281	19	1408	5.46	1791460564635720.572	1791460564635726.032	1791460564635709.112	1791460564635738.872	29.76	6.354000028352402e-07	11.46	12.84	22.06	6.92	8.75	9499	9502	9506	P	
253	target-fp32-16x2048	4	PP	16	1	P	P	26.380000636	97.521	19	1413	5.2	1791460564635864.036	1791460564635869.236	1791460564635858.276	1791460564635884.636	26.36	-0.020000635999998906	5.76	15.4	7.97	7.2	7.53	9513	9516	9520	P	
254	target-fp32-16x2048	4	PP	16	2	P	P	326.260000467	410.894	19	1418	321.084	1791460564635980.240	1791460564636301.324	1791460564635975.100	1791460564636301.344	326.244	-0.016000466999969376	5.14	0.02	8.33	6.84	6.99	9527	9530	9534	P	
255	target-fp32-16x2048	4	PP	16	1	P	P	108.259998262	175.691	19	1424	100.9	1791460564636385.988	1791460564636486.888	1791460564636378.648	1791460564636486.928	108.28	0.02000173800000482	7.34	0.04	8.92	7.03	9.16	9542	9545	9549	P	
256	target-fp32-16x2048	4	PP	16	2	P	P	22.3399996758	102.071	19	1430	6.32	1791460564636573.592	1791460564636579.912	1791460564636566.552	1791460564636588.892	22.34	3.2419999840271885e-07	7.04	8.98	8.39	6.88	8.59	9557	9560	9564	P	
257	target-fp32-16x2056	1	PP	1	1	P	P	18.0799998343	87.971	19	1530	3.98	1791460564640469.248	1791460564640473.228	1791460564640466.028	1791460564640484.128	18.1	0.02000016570000085	3.22	10.9	13.3	7.7	7.27	10106	10109	10113	P	
258	target-fp32-16x2056	1	PP	1	2	P	P	41.9399999082	115.531	19	1535	4.26	1791460564640571.812	1791460564640576.072	1791460564640558.148	1791460564640600.112	41.964	0.024000091799997847	13.664	24.04	7.18	20.26	7.79	10120	10123	10127	P	
259	target-fp32-16x2056	1	PP	1	1	P	P	37.1199995279	107.721	19	1540	18.46	1791460564640700.152	1791460564640718.612	1791460564640681.512	1791460564640718.632	37.12	4.7209999820552184e-07	18.64	0.02	9.36	7.15	8.48	10134	10137	10141	P	
260	target-fp32-16x2056	1	PP	1	2	P	P	36.740001291	112.521	19	1545	5.68	1791460564640809.416	1791460564640815.096	1791460564640791.896	1791460564640828.636	36.74	-1.290999996683695e-06	17.52	13.54	14.05	6.76	7.94	10148	10151	10155	P	
261	target-fp32-16x2056	1	PP	1	1	P	P	29.6599995345	100.271	19	1550	4.84	1791460564640917.696	1791460564640922.536	1791460564640904.776	1791460564640934.456	29.68	0.020000465500000786	12.92	11.92	8.4	6.7	7.88	10162	10165	10169	P	
262	target-fp32-16x2056	1	PP	1	2	P	P	30.039999634	101.911	19	1555	4.22	1791460564641026.180	1791460564641030.400	1791460564641011.960	1791460564641041.980	30.02	-0.019999634000001265	14.22	11.58	8.71	7.39	7.56	10176	10179	10183	P	
263	target-fp32-16x2056	1	PP	1	1	P	P	30.2799995989	125.121	19	1560	5.06	1791460564641140.040	1791460564641145.100	1791460564641127.860	1791460564641158.164	30.304	0.024000401099996793	12.18	13.064	8.87	7.39	13.56	10190	10193	10197	P	
264	target-fp32-16x2056	1	PP	1	2	P	P	45.1399981976	111.481	19	1565	23.06	1791460564641273.024	1791460564641296.084	1791460564641250.964	1791460564641296.104	45.14	1.8023999999172702e-06	22.06	0.02	8.27	6.67	7.61	10204	10207	10211	P	
265	target-fp32-16x2056	1	PP	2	1	P	P	24.9199997634	98.931	19	1570	7.82	1791460564641385.068	1791460564641392.888	1791460564641367.988	1791460564641392.908	24.92	2.3660000181280338e-07	17.08	0.02	8.06	6.72	7.76	10218	10221	10225	P	
266	target-fp32-16x2056	1	PP	2	2	P	P	31.8400003016	102.251	19	1575	16.4	1791460564641491.788	1791460564641508.188	1791460564641478.148	1791460564641509.988	31.84	-3.0160000008550014e-07	13.64	1.8	8.57	7.1	7.44	10232	10235	10239	P	
267	target-fp32-16x2056	1	PP	2	1	P	P	27.1400008351	101.561	19	1580	4.62	1791460564641585.832	1791460564641590.452	1791460564641573.772	1791460564641600.912	27.14	-8.350999998185671e-07	12.06	10.46	8.28	6.9	7.67	10246	10249	10253	P	
268	target-fp32-16x2056	1	PP	2	2	P	P	216.539993882	287.602	19	1585	207.064	1791460564641691.772	1791460564641898.836	1791460564641682.312	1791460564641898.856	216.544	0.004006118000006609	9.46	0.02	8.43	6.78	7.45	10260	10263	10267	P	
269	target-fp32-16x2056	1	PP	2	1	P	P	194.360002875	261.422	19	1591	178.504	1791460564641998.100	1791460564642176.604	1791460564641982.260	1791460564642176.624	194.364	0.003997125000012147	15.84	0.02	9.29	7.28	11.86	10275	10278	10282	P	
270	target-fp32-16x2056	1	PP	2	2	P	P	96.5000018477	157.982	19	1597	71.72	1791460564642269.664	1791460564642341.384	1791460564642244.904	1791460564642341.404	96.5	-1.8477000054417658e-06	24.76	0.02	9.55	7.48	9.45	10290	10293	10297	P	
271	target-fp32-16x2056	1	PP	2	1	P	P	33.0200009048	108.271	19	1603	5.66	1791460564642421.988	1791460564642427.648	1791460564642405.048	1791460564642438.068	33.02	-9.047999967037867e-07	16.94	10.42	8.89	6.86	9.03	10305	10308	10312	P	
272	target-fp32-16x2056	1	PP	2	2	P	P	608.340024948	672.775	19	1608	589.532	1791460564642539.528	1791460564643129.060	1791460564642520.728	1791460564643129.080	608.352	0.011975052000025244	18.8	0.02	8.99	6.68	8.01	10319	10322	10326	P	
273	target-fp32-16x2056	1	PP	3	1	P	P	25.720000267	109.031	19	1614	7.34	1791460564643220.324	1791460564643227.664	1791460564643201.964	1791460564643227.684	25.72	-2.67000000775397e-07	18.36	0.02	8.72	7.47	8.78	10334	10337	10341	P	
274	target-fp32-16x2056	1	PP	3	2	P	P	31.1200004071	104.741	19	1619	5.38	1791460564643335.004	1791460564643340.384	1791460564643310.804	1791460564643341.924	31.12	-4.070999999328251e-07	24.2	1.54	8.43	6.86	8.94	10348	10351	10355	P	
275	target-fp32-16x2056	1	PP	3	1	P	P	64.580000937	124.661	19	1624	40.56	1791460564643448.388	1791460564643488.948	1791460564643424.388	1791460564643488.968	64.58	-9.36999995815313e-07	24.0	0.02	8.61	6.46	7.89	10362	10365	10369	P	
276	target-fp32-16x2056	1	PP	3	2	P	P	24.639999494	99.371	19	1629	6.62	1791460564643571.592	1791460564643578.212	1791460564643553.608	1791460564643578.232	24.624	-0.015999494000002557	17.984	0.02	8.34	6.92	7.27	10376	10379	10383	P	
277	target-fp32-16x2056	1	PP	3	1	P	P	29.0799997747	114.151	19	1634	5.9	1791460564643667.432	1791460564643673.332	1791460564643665.152	1791460564643694.252	29.1	0.020000225300002228	2.28	20.92	8.55	6.95	7.57	10390	10393	10397	P	
278	target-fp32-16x2056	1	PP	3	2	P	P	28.3199995756	102.551	19	1639	3.96	1791460564643794.276	1791460564643798.236	1791460564643775.596	1791460564643803.916	28.32	4.2439999958787666e-07	18.68	5.68	8.5	6.67	8.05	10404	10407	10411	P	
279	target-fp32-16x2056	1	PP	3	1	P	P	19.8400001973	100.401	19	1644	4.92	1791460564643897.556	1791460564643902.476	1791460564643895.796	1791460564643915.636	19.84	-1.9730000033746364e-07	1.76	13.16	7.99	6.89	7.45	10418	10421	10425	P	
280	target-fp32-16x2056	1	PP	3	2	P	P	40.8199988306	101.331	19	1649	20.74	1791460564644010.840	1791460564644031.580	1791460564643990.760	1791460564644031.600	40.84	0.02000116940000396	20.08	0.02	8.14	6.69	7.54	10432	10435	10439	P	
281	target-fp32-16x2056	1	PP	4	1	P	P	25.4200007766	101.751	19	1654	6.0	1791460564644113.320	1791460564644119.320	1791460564644093.920	1791460564644119.340	25.42	-7.765999967546122e-07	19.4	0.02	8.05	6.7	7.63	10446	10449	10453	P	
282	target-fp32-16x2056	1	PP	4	2	P	P	39.4800007343	107.101	19	1659	5.36	1791460564644215.964	1791460564644221.324	1791460564644196.124	1791460564644235.624	39.5	0.01999926570000099	19.84	14.3	8.79	8.95	9.03	10460	10463	10467	P	
283	target-fp32-16x2056	1	PP	4	1	P	P	26.7600007355	102.311	19	1664	3.88	1791460564644329.644	1791460564644333.524	1791460564644309.724	1791460564644336.464	26.74	-0.02000073550000181	19.92	2.94	8.05	6.9	8.72	10474	10477	10481	P	
284	target-fp32-16x2056	1	PP	4	2	P	P	29.7599993646	103.491	19	1669	3.64	1791460564644433.868	1791460564644437.508	1791460564644416.168	1791460564644445.928	29.76	6.354000028352402e-07	17.7	8.42	9.32	7.67	7.85	10488	10491	10495	P	
285	target-fp32-16x2056	1	PP	4	1	P	P	32.9600013793	100.41	19	1674	3.56	1791460564644541.948	1791460564644545.508	1791460564644526.848	1791460564644559.812	32.964	0.00399862069999557	15.1	14.304	8.64	6.85	7.85	10502	10505	10509	P	
286	target-fp32-16x2056	1	PP	4	2	P	P	17.8200006485	101.721	19	1679	3.7	1791460564644642.852	1791460564644646.552	1791460564644636.792	1791460564644654.612	17.82	-6.484999985900686e-07	6.06	8.06	8.41	6.81	7.34	10516	10519	10523	P	
287	target-fp32-16x2056	1	PP	4	1	P	P	107.239998877	173.252	19	1684	103.744	1791460564644744.992	1791460564644848.736	1791460564644741.512	1791460564644848.776	107.264	0.024001122999990798	3.48	0.04	8.14	6.78	7.92	10530	10533	10537	P	
288	target-fp32-16x2056	1	PP	4	2	P	P	19.2600004375	107.141	19	1690	4.58	1791460564644939.456	1791460564644944.036	1791460564644924.776	1791460564644944.056	19.28	0.019999562500000678	14.68	0.02	9.23	6.85	8.73	10545	10548	10552	P	
289	target-fp32-16x2056	1	PC	1	1	C	P	60.759998858	120.031	19	1696	42.264	1791460564645123.020	1791460564645165.284	1791460564645104.540	1791460564645165.300	60.76	1.1419999950135207e-06	18.48	0.016	9.37	6.87	7.6	10567	10570	10574	C	1
290	target-fp32-16x2056	1	PC	1	2	P	P	125.499993563	207.861	19	1701	114.064	1791460564645253.704	1791460564645367.768	1791460564645242.304	1791460564645367.788	125.484	-0.015993563000009203	11.4	0.02	9.33	6.78	7.77	10581	10584	10588	NONE	1
291	target-fp32-16x2056	1	PC	1	1	P	P	84.0200036764	178.182	19	1707	74.0	1791460564645473.168	1791460564645547.168	1791460564645463.188	1791460564645547.188	84.0	-0.020003676399994674	9.98	0.02	8.66	6.65	9.28	10596	10599	10603	C	1
292	target-fp32-16x2056	1	PC	1	2	P	C	156.540006399	231.452	19	1713	135.024	1791460564645661.692	1791460564645796.716	1791460564645640.192	1791460564645796.736	156.544	0.003993601000018998	21.5	0.02	9.1	7.32	10.57	10610	10613	10617	NONE	1
293	target-fp32-16x2056	1	PC	1	1	C	C	24.7200001031	106.121	19	1719	6.78	1791460564645886.896	1791460564645893.676	1791460564645874.296	1791460564645899.016	24.72	-1.0309999964874805e-07	12.6	5.34	8.72	6.93	10.14	10625	10628	10632	C	1
294	target-fp32-16x2056	1	PC	1	2	C	P	32.1400016546	104.021	19	1724	6.26	1791460564645991.160	1791460564645997.420	1791460564645975.600	1791460564646007.760	32.16	0.019998345399997675	15.56	10.34	9.05	6.81	8.41	10639	10642	10646	NONE	1
295	target-fp32-16x2056	1	PC	1	1	P	C	27.4199992418	103.141	19	1729	5.24	1791460564646095.600	1791460564646100.840	1791460564646084.060	1791460564646111.500	27.44	0.02000075820000191	11.54	10.66	11.11	6.65	7.57	10653	10656	10660	C	1
296	target-fp32-16x2056	1	PC	1	2	C	C	24.0400005132	101.101	19	1734	4.44	1791460564646200.304	1791460564646204.744	1791460564646194.564	1791460564646218.604	24.04	-5.131999998297943e-07	5.74	13.86	8.09	7.32	7.63	10667	10670	10674	NONE	1
297	target-fp32-16x2056	1	PC	2	1	C	P	21.7799991369	102.06	19	1739	4.9	1791460564646307.244	1791460564646312.144	1791460564646303.544	1791460564646325.324	21.78	8.631000021352975e-07	3.7	13.18	9.01	6.97	7.9	10681	10684	10688	NONE	2
298	target-fp32-16x2056	1	PC	2	2	P	P	48.7600006163	117.911	19	1744	34.54	1791460564646418.788	1791460564646453.328	1791460564646404.608	1791460564646453.348	48.74	-0.0200006162999955	14.18	0.02	10.01	7.0	7.59	10695	10698	10702	NONE	2
299	target-fp32-16x2056	1	PC	2	1	P	P	545.780003071	636.386	19	1749	543.412	1791460564646550.788	1791460564647094.200	1791460564646548.408	1791460564647094.220	545.812	0.03199692900000173	2.38	0.02	8.75	6.7	7.62	10709	10712	10716	NONE	2
300	target-fp32-16x2056	1	PC	2	2	P	C	25.8600004017	115.511	19	1755	16.86	1791460564647204.884	1791460564647221.744	1791460564647195.904	1791460564647221.764	25.86	-4.016999994860271e-07	8.98	0.02	13.45	7.13	9.72	10724	10727	10731	NONE	2
301	target-fp32-16x2056	1	PC	2	1	C	C	57.0399984717	136.121	19	1760	51.72	1791460564647309.224	1791460564647360.944	1791460564647303.944	1791460564647360.984	57.04	1.5282999967780597e-06	5.28	0.04	8.36	6.86	7.87	10738	10741	10745	NONE	2
302	target-fp32-16x2056	1	PC	2	2	C	P	59.7800016403	137.461	19	1766	51.66	1791460564647450.068	1791460564647501.728	1791460564647441.988	1791460564647501.748	59.76	-0.020001640300002066	8.08	0.02	8.62	7.23	8.88	10752	10755	10759	NONE	2
303	target-fp32-16x2056	1	PC	2	1	P	C	27.2799991071	104.191	19	1772	9.26	1791460564647588.112	1791460564647597.372	1791460564647578.952	1791460564647606.252	27.3	0.020000892900000622	9.16	8.88	8.27	6.9	9.26	10766	10769	10773	NONE	2
304	target-fp32-16x2056	1	PC	2	2	C	C	38.2799990475	116.781	19	1777	6.18	1791460564647712.632	1791460564647718.812	1791460564647694.052	1791460564647732.352	38.3	0.020000952499998448	18.58	13.54	8.35	7.58	9.0	10780	10783	10787	NONE	2
305	target-fp32-16x2056	1	PC	3	1	C	P	261.700004339	332.753	19	1782	250.044	1791460564647823.176	1791460564648073.220	1791460564647811.536	1791460564648073.240	261.704	0.003995661000033124	11.64	0.02	8.78	7.79	7.81	10794	10797	10801	NONE	3
306	target-fp32-16x2056	1	PC	3	2	P	P	273.739993572	343.273	19	1788	249.304	1791460564648176.224	1791460564648425.528	1791460564648151.800	1791460564648425.568	273.768	0.02800642799996922	24.424	0.04	8.67	6.97	9.21	10809	10812	10816	NONE	3
307	target-fp32-16x2056	1	PC	3	1	P	P	63.3599981666	127.791	19	1794	47.42	1791460564648511.588	1791460564648559.008	1791460564648495.668	1791460564648559.028	63.36	1.833399998929508e-06	15.92	0.02	8.39	7.11	8.73	10824	10827	10831	NONE	3
308	target-fp32-16x2056	1	PC	3	2	P	C	42.7000001073	105.501	19	1800	14.56	1791460564648638.512	1791460564648653.072	1791460564648622.152	1791460564648664.852	42.7	-1.0729999644354393e-07	16.36	11.78	7.98	6.71	10.77	10838	10841	10845	NONE	3
309	target-fp32-16x2056	1	PC	3	1	C	C	52.3199997842	113.271	19	1805	27.844	1791460564648755.312	1791460564648783.156	1791460564648730.852	1791460564648783.196	52.344	0.024000215800001	24.46	0.04	7.87	6.87	8.19	10852	10855	10859	NONE	3
310	target-fp32-16x2056	1	PC	3	2	C	P	27.2400006652	98.741	19	1810	5.88	1791460564648863.356	1791460564648869.236	1791460564648859.556	1791460564648886.796	27.24	-6.652000017481896e-07	3.8	17.56	8.36	6.99	8.11	10866	10869	10873	NONE	3
311	target-fp32-16x2056	1	PC	3	1	P	C	22.3799999803	101.581	19	1815	5.18	1791460564648977.340	1791460564648982.520	1791460564648960.376	1791460564648982.740	22.364	-0.015999980299998384	16.964	0.22	8.59	6.98	8.04	10880	10883	10887	NONE	3
312	target-fp32-16x2056	1	PC	3	2	C	C	19.5799991488	101.651	19	1820	5.92	1791460564649073.540	1791460564649079.460	1791460564649071.200	1791460564649090.800	19.6	0.0200008512000025	2.34	11.34	8.06	6.86	7.99	10894	10897	10901	NONE	3
313	target-fp32-16x2056	1	PC	4	1	C	P	28.279999271	101.301	19	1825	4.32	1791460564649197.764	1791460564649202.084	1791460564649174.384	1791460564649202.664	28.28	7.289999999215979e-07	23.38	0.58	8.15	6.36	8.17	10908	10911	10915	NONE	4
314	target-fp32-16x2056	1	PC	4	2	P	P	221.180006862	307.202	19	1830	219.344	1791460564649301.424	1791460564649520.768	1791460564649299.584	1791460564649520.788	221.204	0.023993138000008685	1.84	0.02	13.1	6.84	7.2	10922	10925	10929	NONE	4
315	target-fp32-16x2056	1	PC	4	1	P	P	22.7600000799	105.781	19	1836	4.92	1791460564649618.612	1791460564649623.532	1791460564649600.792	1791460564649623.572	22.78	0.019999920100001845	17.82	0.04	9.61	6.8	9.0	10937	10940	10944	NONE	4
316	target-fp32-16x2056	1	PC	4	2	P	C	33.9599996805	112.421	19	1841	16.32	1791460564649717.572	1791460564649733.892	1791460564649699.972	1791460564649733.932	33.96	3.195000033429096e-07	17.6	0.04	8.55	6.78	11.45	10951	10954	10958	NONE	4
317	target-fp32-16x2056	1	PC	4	1	C	C	25.5999993533	101.811	19	1846	4.94	1791460564649837.376	1791460564649842.316	1791460564649817.376	1791460564649842.956	25.58	-0.019999353300001133	20.0	0.64	8.2	7.23	7.83	10965	10968	10972	NONE	4
318	target-fp32-16x2056	1	PC	4	2	C	P	23.7399991602	99.531	19	1851	5.9	1791460564649941.496	1791460564649947.396	1791460564649924.636	1791460564649948.376	23.74	8.3979999843109e-07	16.86	0.98	7.98	6.97	7.59	10979	10982	10986	NONE	4
319	target-fp32-16x2056	1	PC	4	1	P	C	31.7599996924	101.071	19	1856	3.74	1791460564650040.540	1791460564650044.280	1791460564650029.100	1791460564650060.860	31.76	3.0760000058194237e-07	11.44	16.58	8.22	6.68	8.66	10993	10996	11000	NONE	4
320	target-fp32-16x2056	1	PC	4	2	C	C	21.3399995118	102.121	19	1861	3.98	1791460564650152.740	1791460564650156.720	1791460564650135.400	1791460564650156.740	21.34	4.882000013139987e-07	17.34	0.02	8.86	7.33	7.89	11007	11010	11014	NONE	4
321	target-fp32-16x2056	2	PC	5	1	C	P	23.3600009233	100.371	19	1867	6.1	1791460564650315.764	1791460564650321.864	1791460564650298.524	1791460564650321.884	23.36	-9.233000000108404e-07	17.24	0.02	8.96	6.84	7.55	11029	11032	11036	NONE	1
322	target-fp32-16x2056	2	PC	5	2	P	P	25.1000002027	99.651	19	1872	5.02	1791460564650411.548	1791460564650416.568	1791460564650408.248	1791460564650433.348	25.1	-2.0269999723154797e-07	3.3	16.78	8.24	6.8	7.45	11043	11046	11050	NONE	1
323	target-fp32-16x2056	2	PC	5	1	P	P	23.6600004137	98.621	19	1877	5.3	1791460564650527.248	1791460564650532.548	1791460564650508.908	1791460564650532.568	23.66	-4.1370000047891153e-07	18.34	0.02	8.21	6.8	7.32	11057	11060	11064	NONE	1
324	target-fp32-16x2056	2	PC	5	2	P	C	593.659996986	677.986	19	1882	585.332	1791460564650634.212	1791460564651219.544	1791460564650625.872	1791460564651219.564	593.692	0.032003013999997165	8.34	0.02	8.54	7.02	7.18	11071	11074	11078	NONE	1
325	target-fp32-16x2056	2	PC	5	1	C	C	30.1799997687	109.311	19	1888	4.76	1791460564651309.104	1791460564651313.864	1791460564651294.024	1791460564651324.204	30.18	2.3129999959792258e-07	15.08	10.34	9.2	7.61	9.7	11086	11089	11093	NONE	1
326	target-fp32-16x2056	2	PC	5	2	C	P	583.259999752	662.675	19	1893	577.972	1791460564651425.368	1791460564652003.340	1791460564651420.088	1791460564652003.360	583.272	0.012000248000049396	5.28	0.02	8.47	6.95	8.11	11100	11103	11107	NONE	1
327	target-fp32-16x2056	2	PC	5	1	P	C	24.4999993593	120.431	19	1899	6.2	1791460564652102.280	1791460564652108.480	1791460564652084.000	1791460564652108.500	24.5	6.407000014974074e-07	18.28	0.02	8.34	7.28	8.99	11115	11118	11122	NONE	1
328	target-fp32-16x2056	2	PC	5	2	C	C	620.54002285	691.556	19	1904	611.992	1791460564652215.324	1791460564652827.316	1791460564652206.784	1791460564652827.356	620.572	0.031977149999988796	8.54	0.04	8.39	6.67	8.05	11129	11132	11136	NONE	1
329	target-fp32-16x2056	2	PC	6	1	C	P	73.360003531	151.092	19	1910	58.564	1791460564652923.596	1791460564652982.160	1791460564652908.816	1791460564652982.200	73.384	0.023996468999996523	14.78	0.04	8.48	7.28	9.05	11144	11147	11151	NONE	2
330	target-fp32-16x2056	2	PC	6	2	P	P	66.6399970651	159.521	19	1916	59.02	1791460564653079.300	1791460564653138.320	1791460564653071.700	1791460564653138.340	66.64	2.934899995921114e-06	7.6	0.02	9.02	6.98	9.13	11159	11162	11166	NONE	2
331	target-fp32-16x2056	2	PC	6	1	P	P	282.579988241	368.493	19	1922	271.784	1791460564653251.264	1791460564653523.048	1791460564653240.504	1791460564653523.068	282.564	-0.01598824100000229	10.76	0.02	8.39	7.84	9.38	11174	11177	11181	NONE	2
332	target-fp32-16x2056	2	PC	6	2	P	C	759.559988976	826.627	19	1928	735.552	1791460564653622.172	1791460564654357.724	1791460564653598.172	1791460564654357.744	759.572	0.01201102400000309	24.0	0.02	9.2	6.72	9.82	11189	11192	11196	NONE	2
333	target-fp32-16x2056	2	PC	6	1	C	C	31.1600007117	105.091	19	1934	14.78	1791460564654444.648	1791460564654459.428	1791460564654429.248	1791460564654460.408	31.16	-7.117000002665463e-07	15.4	0.98	8.07	7.51	9.42	11204	11207	11211	NONE	2
334	target-fp32-16x2056	2	PC	6	2	C	P	30.2799995989	106.181	19	1939	5.7	1791460564654552.188	1791460564654557.888	1791460564654537.208	1791460564654567.508	30.3	0.02000040109999901	14.98	9.62	8.53	7.39	8.61	11218	11221	11225	NONE	2
335	target-fp32-16x2056	2	PC	6	1	P	C	33.2800000906	101.521	19	1944	5.6	1791460564654666.992	1791460564654672.592	1791460564654647.232	1791460564654680.512	33.28	-9.059999683813658e-08	19.76	7.92	8.38	6.93	8.61	11232	11235	11239	NONE	2
336	target-fp32-16x2056	2	PC	6	2	C	C	21.5399991721	107.021	19	1949	5.48	1791460564654763.612	1791460564654769.092	1791460564654757.292	1791460564654778.836	21.544	0.004000827900000559	6.32	9.744	8.7	6.82	7.69	11246	11249	11253	NONE	2
337	target-fp32-16x2056	2	PC	7	1	C	P	26.3599995524	100.701	19	1954	4.02	1791460564654888.776	1791460564654892.796	1791460564654867.096	1791460564654893.436	26.34	-0.01999955240000162	21.68	0.64	8.56	7.05	8.14	11260	11263	11267	NONE	3
338	target-fp32-16x2056	2	PC	7	2	P	P	24.7600004077	99.591	19	1959	4.92	1791460564654986.460	1791460564654991.380	1791460564654970.876	1791460564654995.640	24.764	0.003999592299997801	15.584	4.26	7.95	6.7	7.54	11274	11277	11281	NONE	3
339	target-fp32-16x2056	2	PC	7	1	P	P	24.0000002086	99.091	19	1964	3.58	1791460564655085.720	1791460564655089.300	1791460564655079.360	1791460564655103.380	24.02	0.019999791400000078	6.36	14.08	7.99	6.87	7.25	11288	11291	11295	NONE	3
340	target-fp32-16x2056	2	PC	7	2	P	C	24.4200006127	107.211	19	1969	4.82	1791460564655192.284	1791460564655197.104	1791460564655182.884	1791460564655207.304	24.42	-6.12699999180677e-07	9.4	10.2	8.76	6.88	8.46	11302	11305	11309	NONE	3
341	target-fp32-16x2056	2	PC	7	1	C	C	187.839999795	254.712	19	1974	179.864	1791460564655301.764	1791460564655481.628	1791460564655293.804	1791460564655481.648	187.844	0.0040002049999827705	7.96	0.02	7.98	6.64	8.28	11316	11319	11323	NONE	3
342	target-fp32-16x2056	2	PC	7	2	C	P	24.639999494	111.681	19	1980	5.64	1791460564655591.632	1791460564655597.272	1791460564655572.652	1791460564655597.292	24.64	5.059999992340636e-07	18.98	0.02	11.68	6.83	8.43	11331	11334	11338	NONE	3
343	target-fp32-16x2056	2	PC	7	1	P	C	51.7200008035	143.411	19	1985	4.82	1791460564655701.692	1791460564655706.512	1791460564655672.272	1791460564655723.992	51.72	-8.03500000756685e-07	29.42	17.48	9.7	7.67	20.35	11345	11348	11352	NONE	3
344	target-fp32-16x2056	2	PC	7	2	C	C	41.9999994338	100.921	19	1990	6.3	1791460564655836.716	1791460564655843.016	1791460564655819.056	1791460564655861.056	42.0	5.662000006623202e-07	17.66	18.04	8.99	7.17	9.27	11359	11362	11366	NONE	3
345	target-fp32-16x2056	2	PC	8	1	C	P	21.1200006306	103.921	19	1995	5.86	1791460564655944.096	1791460564655949.956	1791460564655930.156	1791460564655951.276	21.12	-6.305999988853728e-07	13.94	1.32	8.31	7.64	8.07	11373	11376	11380	NONE	4
346	target-fp32-16x2056	2	PC	8	2	P	P	28.1199999154	98.651	19	2000	6.06	1791460564656047.700	1791460564656053.760	1791460564656039.900	1791460564656068.020	28.12	8.459999989440803e-08	7.8	14.26	8.43	6.72	7.44	11387	11390	11394	NONE	4
347	target-fp32-16x2056	2	PC	8	1	P	P	32.460000366	100.691	19	2005	5.58	1791460564656155.140	1791460564656160.720	1791460564656138.760	1791460564656171.204	32.444	-0.0160003660000001	16.38	10.484	8.69	6.88	7.33	11401	11404	11408	NONE	4
348	target-fp32-16x2056	2	PC	8	2	P	C	59.0000003576	137.851	19	2010	52.6	1791460564656263.064	1791460564656315.664	1791460564656256.704	1791460564656315.684	58.98	-0.020000357600004293	6.36	0.02	8.65	7.17	7.64	11415	11418	11422	NONE	4
349	target-fp32-16x2056	2	PC	8	1	C	C	144.339993596	220.202	19	2016	142.28	1791460564656397.748	1791460564656540.028	1791460564656395.688	1791460564656540.048	144.36	0.0200064040000143	2.06	0.02	8.4	7.06	8.97	11429	11432	11436	NONE	4
350	target-fp32-16x2056	2	PC	8	2	C	P	45.1399981976	106.481	19	2022	20.02	1791460564656628.952	1791460564656648.972	1791460564656610.772	1791460564656655.912	45.14	1.8023999999172702e-06	18.18	6.94	9.0	6.9	9.04	11444	11447	11451	NONE	4
351	target-fp32-16x2056	2	PC	8	1	P	C	21.9800006598	105.231	19	2027	14.82	1791460564656733.392	1791460564656748.212	1791460564656731.552	1791460564656753.512	21.96	-0.020000659800000875	1.84	5.3	9.01	7.14	8.42	11458	11461	11465	NONE	4
352	target-fp32-16x2056	2	PC	8	2	C	C	32.9799987376	138.971	19	2032	23.4	1791460564656879.476	1791460564656902.876	1791460564656869.916	1791460564656902.916	33.0	0.020001262400000996	9.56	0.04	9.11	7.01	7.78	11472	11475	11479	NONE	4
353	target-fp32-16x2056	2	PP	5	1	P	P	27.6800002903	102.641	19	2038	5.42	1791460564657067.940	1791460564657073.360	1791460564657045.720	1791460564657073.380	27.66	-0.0200002903000005	22.22	0.02	9.74	6.95	7.67	11494	11497	11501	P	
354	target-fp32-16x2056	2	PP	5	2	P	P	20.9800004959	101.521	19	2043	5.124	1791460564657168.560	1791460564657173.684	1791460564657157.800	1791460564657178.780	20.98	-4.959000001747427e-07	10.76	5.096	8.57	7.04	7.48	11508	11511	11515	P	
355	target-fp32-16x2056	2	PP	5	1	P	P	27.7200005949	103.411	19	2048	4.72	1791460564657280.924	1791460564657285.644	1791460564657258.764	1791460564657286.504	27.74	0.019999405099998313	22.16	0.86	8.85	6.84	8.86	11522	11525	11529	P	
356	target-fp32-16x2056	2	PP	5	2	P	P	33.6799994111	100.991	19	2053	3.46	1791460564657382.868	1791460564657386.328	1791460564657363.904	1791460564657397.588	33.684	0.004000588899998547	18.964	11.26	8.13	7.26	7.28	11536	11539	11543	P	
357	target-fp32-16x2056	2	PP	5	1	P	P	51.3399988413	113.861	19	2058	3.86	1791460564657486.468	1791460564657490.328	1791460564657469.048	1791460564657520.368	51.32	-0.019998841300001402	17.42	30.04	9.9	6.73	7.59	11550	11553	11557	P	
358	target-fp32-16x2056	2	PP	5	2	P	P	29.6599995345	101.711	19	2063	4.32	1791460564657607.572	1791460564657611.892	1791460564657591.032	1791460564657620.672	29.64	-0.01999953449999836	16.54	8.78	8.62	6.62	7.53	11564	11567	11571	P	
359	target-fp32-16x2056	2	PP	5	1	P	P	22.520000115	97.691	19	2068	3.36	1791460564657709.932	1791460564657713.292	1791460564657699.792	1791460564657722.312	22.52	-1.1499999885700163e-07	10.14	9.02	8.08	7.04	7.02	11578	11581	11585	P	
360	target-fp32-16x2056	2	PP	5	2	P	P	39.2000004649	99.651	19	2073	23.68	1791460564657815.756	1791460564657839.436	1791460564657800.256	1791460564657839.456	39.2	-4.6489999760979117e-07	15.5	0.02	8.92	6.98	6.9	11592	11595	11599	P	
361	target-fp32-16x2056	2	PP	6	1	P	P	27.2000003606	100.39	19	2078	9.24	1791460564657918.436	1791460564657927.676	1791460564657906.296	1791460564657933.516	27.22	0.01999963939999816	12.14	5.84	8.4	6.84	7.47	11606	11609	11613	P	
362	target-fp32-16x2056	2	PP	6	2	P	P	29.6999998391	102.81	19	2083	5.56	1791460564658023.780	1791460564658029.340	1791460564658008.540	1791460564658038.240	29.7	1.6090000087842782e-07	15.24	8.9	8.63	6.76	7.94	11620	11623	11627	P	
363	target-fp32-16x2056	2	PP	6	1	P	P	74.4000002742	154.912	19	2088	5.3	1791460564658161.880	1791460564658167.180	1791460564658117.140	1791460564658191.544	74.404	0.003999725799999965	44.74	24.364	8.84	20.46	8.26	11634	11637	11641	P	
364	target-fp32-16x2056	2	PP	6	2	P	P	30.3199999034	114.191	19	2093	4.2	1791460564658295.904	1791460564658300.104	1791460564658283.944	1791460564658314.284	30.34	0.02000009660000046	11.96	14.18	9.48	7.72	8.06	11648	11651	11655	P	
365	target-fp32-16x2056	2	PP	6	1	P	P	31.3399992883	114.271	19	2098	3.88	1791460564658408.088	1791460564658411.968	1791460564658393.448	1791460564658424.788	31.34	7.117000002665463e-07	14.64	12.82	9.07	7.6	8.39	11662	11665	11669	P	
366	target-fp32-16x2056	2	PP	6	2	P	P	63.5199993849	138.001	19	2103	49.664	1791460564658533.448	1791460564658583.112	1791460564658519.628	1791460564658583.132	63.504	-0.01599938489999886	13.82	0.02	9.81	10.03	10.03	11676	11679	11683	P	
367	target-fp32-16x2056	2	PP	6	1	P	P	35.4200005531	113.431	19	2108	4.68	1791460564658682.832	1791460564658687.512	1791460564658661.312	1791460564658696.732	35.42	-5.531000013547782e-07	21.52	9.22	10.53	8.11	9.09	11690	11693	11697	P	
368	target-fp32-16x2056	2	PP	6	2	P	P	698.300004005	769.116	19	2113	679.352	1791460564658794.916	1791460564659474.268	1791460564658775.972	1791460564659474.288	698.316	0.015995995000025687	18.944	0.02	10.82	8.43	8.8	11704	11707	11711	P	
369	target-fp32-16x2056	2	PP	7	1	P	P	29.6800006181	118.251	19	2119	7.16	1791460564659570.388	1791460564659577.548	1791460564659559.708	1791460564659589.412	29.704	0.023999381900001282	10.68	11.864	9.9	7.99	9.63	11719	11722	11726	P	
370	target-fp32-16x2056	2	PP	7	2	P	P	53.2400012016	136.741	19	2124	5.4	1791460564659712.792	1791460564659718.192	1791460564659678.872	1791460564659732.132	53.26	0.019998798399996076	33.92	13.94	9.56	8.35	12.48	11733	11736	11740	P	
371	target-fp32-16x2056	2	PP	7	1	P	P	35.7000008225	117.551	19	2129	6.28	1791460564659838.696	1791460564659844.976	1791460564659821.296	1791460564659857.016	35.72	0.019999177499997245	17.4	12.04	9.46	8.21	9.48	11747	11750	11754	P	
372	target-fp32-16x2056	2	PP	7	2	P	P	40.2199998498	114.151	19	2134	4.78	1791460564659958.396	1791460564659963.176	1791460564659943.416	1791460564659983.640	40.224	0.004000150199999553	14.98	20.464	9.46	8.16	9.0	11761	11764	11768	P	
373	target-fp32-16x2056	2	PP	7	1	P	P	35.7199981809	119.301	19	2139	3.9	1791460564660081.460	1791460564660085.360	1791460564660061.980	1791460564660097.700	35.72	1.8190999995226775e-06	19.48	12.34	9.92	7.65	8.6	11775	11778	11782	P	
374	target-fp32-16x2056	2	PP	7	2	P	P	35.980001092	114.521	19	2144	4.56	1791460564660206.564	1791460564660211.124	1791460564660187.244	1791460564660223.224	35.98	-1.0920000050873568e-06	19.32	12.1	10.17	7.84	8.09	11789	11792	11796	P	
375	target-fp32-16x2056	2	PP	7	1	P	P	34.8800010979	113.961	19	2149	8.46	1791460564660323.764	1791460564660332.224	1791460564660307.504	1791460564660342.364	34.86	-0.02000109789999982	16.26	10.14	9.52	7.55	8.99	11803	11806	11810	P	
376	target-fp32-16x2056	2	PP	7	2	P	P	38.8000011444	111.341	19	2154	6.12	1791460564660443.808	1791460564660449.928	1791460564660423.368	1791460564660462.188	38.82	0.01999885560000081	20.44	12.26	9.38	8.41	8.53	11817	11820	11824	P	
377	target-fp32-16x2056	2	PP	8	1	P	P	18.9200006425	115.811	19	2159	4.8	1791460564660553.828	1791460564660558.628	1791460564660551.688	1791460564660570.608	18.92	-6.424999980936263e-07	2.14	11.98	9.42	8.11	8.39	11831	11834	11838	P	
378	target-fp32-16x2056	2	PP	8	2	P	P	33.4799997509	115.741	19	2164	7.92	1791460564660675.612	1791460564660683.532	1791460564660663.432	1791460564660696.912	33.48	2.490999975179875e-07	12.18	13.38	9.48	7.94	8.48	11845	11848	11852	P	
379	target-fp32-16x2056	2	PP	8	1	P	P	33.2800000906	124.761	19	2169	12.6	1791460564660809.696	1791460564660822.296	1791460564660797.276	1791460564660830.536	33.26	-0.020000090599999965	12.42	8.24	9.57	9.23	8.56	11859	11862	11866	P	
380	target-fp32-16x2056	2	PP	8	2	P	P	25.2599995583	115.551	19	2174	7.12	1791460564660942.536	1791460564660949.656	1791460564660924.836	1791460564660950.116	25.28	0.02000044170000237	17.7	0.46	9.16	8.49	8.57	11873	11876	11880	P	
381	target-fp32-16x2056	2	PP	8	1	P	P	36.3599993289	115.881	19	2179	5.3	1791460564661050.180	1791460564661055.480	1791460564661032.460	1791460564661068.840	36.38	0.020000671100000034	17.72	13.36	9.41	7.7	8.47	11887	11890	11894	P	
382	target-fp32-16x2056	2	PP	8	2	P	P	96.6600030661	164.021	19	2184	70.42	1791460564661180.804	1791460564661251.224	1791460564661154.580	1791460564661251.264	96.684	0.023996933899994133	26.224	0.04	9.86	7.74	8.43	11901	11904	11908	P	
383	target-fp32-16x2056	2	PP	8	1	P	P	31.0399997979	119.221	19	2190	21.18	1791460564661349.304	1791460564661370.484	1791460564661339.464	1791460564661370.504	31.04	2.0210000073461742e-07	9.84	0.02	9.73	7.8	9.86	11916	11919	11923	P	
384	target-fp32-16x2056	2	PP	8	2	P	P	74.359998107	157.341	19	2195	51.46	1791460564661480.048	1791460564661531.508	1791460564661457.168	1791460564661531.528	74.36	1.8930000038608341e-06	22.88	0.02	9.77	7.53	10.46	11930	11933	11937	P	
385	target-fp32-16x2056	3	PP	9	1	P	P	39.5400002599	117.761	19	2202	4.92	1791460564661696.872	1791460564661701.792	1791460564661683.932	1791460564661723.472	39.54	-2.598999984115835e-07	12.94	21.68	10.61	8.0	8.76	11953	11956	11960	P	
386	target-fp32-16x2056	3	PP	9	2	P	P	93.7199965119	171.441	19	2207	75.0	1791460564661832.796	1791460564661907.796	1791460564661814.096	1791460564661907.816	93.72	3.488099991955096e-06	18.7	0.02	9.58	7.82	8.75	11967	11970	11974	P	
387	target-fp32-16x2056	3	PP	9	1	P	P	56.4600005746	141.021	19	2213	47.58	1791460564662014.880	1791460564662062.460	1791460564662006.000	1791460564662062.480	56.48	0.019999425399994664	8.88	0.02	10.57	7.88	9.96	11982	11985	11989	P	
388	target-fp32-16x2056	3	PP	9	2	P	P	42.5599999726	114.421	19	2218	4.96	1791460564662142.760	1791460564662147.720	1791460564662128.680	1791460564662171.220	42.54	-0.019999972599997307	14.08	23.5	9.55	7.98	9.62	11996	11999	12003	P	
389	target-fp32-16x2056	3	PP	9	1	P	P	29.3400008231	114.811	19	2223	4.86	1791460564662265.644	1791460564662270.504	1791460564662254.684	1791460564662284.004	29.32	-0.0200008230999984	10.96	13.5	9.65	7.96	9.0	12010	12013	12017	P	
390	target-fp32-16x2056	3	PP	9	2	P	P	35.300001502	115.091	19	2228	4.58	1791460564662388.368	1791460564662392.948	1791460564662370.064	1791460564662405.388	35.324	0.023998497999997426	18.304	12.44	9.43	7.97	9.02	12024	12027	12031	P	
391	target-fp32-16x2056	3	PP	9	1	P	P	81.1799988151	154.462	19	2233	66.42	1791460564662508.248	1791460564662574.668	1791460564662493.508	1791460564662574.688	81.18	1.1849000003394394e-06	14.74	0.02	9.39	8.46	8.3	12038	12041	12045	P	
392	target-fp32-16x2056	3	PP	9	2	P	P	34.2600010335	121.331	19	2239	4.6	1791460564662668.152	1791460564662672.752	1791460564662653.892	1791460564662688.132	34.24	-0.02000103349999449	14.26	15.38	11.56	9.2	9.94	12053	12056	12060	P	
393	target-fp32-16x2056	3	PP	10	1	P	P	448.139995337	527.274	19	2244	431.888	1791460564662804.776	1791460564663236.664	1791460564662788.536	1791460564663236.684	448.148	0.00800466300000835	16.24	0.02	9.32	8.87	8.82	12067	12070	12074	P	
394	target-fp32-16x2056	3	PP	10	2	P	P	32.6000005007	118.911	19	2250	6.16	1791460564663332.664	1791460564663338.824	1791460564663318.344	1791460564663350.944	32.6	-5.006999970191828e-07	14.32	12.12	9.81	7.93	10.19	12082	12085	12089	P	
395	target-fp32-16x2056	3	PP	10	1	P	P	29.6000000089	113.071	19	2255	4.9	1791460564663448.928	1791460564663453.828	1791460564663437.448	1791460564663467.028	29.58	-0.020000008900002086	11.48	13.2	9.36	7.5	8.91	12096	12099	12103	P	
396	target-fp32-16x2056	3	PP	10	2	P	P	91.899998486	173.732	19	2260	70.884	1791460564663575.948	1791460564663646.832	1791460564663554.948	1791460564663646.872	91.924	0.024001514000005386	21.0	0.04	9.67	7.63	8.78	12110	12113	12117	P	
397	target-fp32-16x2056	3	PP	10	1	P	P	524.100005627	607.175	19	2266	508.532	1791460564663762.252	1791460564664270.784	1791460564663746.692	1791460564664270.804	524.112	0.011994372999993175	15.56	0.02	11.27	8.64	10.12	12125	12128	12132	P	
398	target-fp32-16x2056	3	PP	10	2	P	P	64.4999966025	140.291	19	2272	50.544	1791460564664370.644	1791460564664421.188	1791460564664356.724	1791460564664421.208	64.484	-0.015996602500010226	13.92	0.02	10.22	8.05	10.87	12140	12143	12147	P	
399	target-fp32-16x2056	3	PP	10	1	P	P	29.5599997044	113.711	19	2277	7.72	1791460564664512.288	1791460564664520.008	1791460564664510.108	1791460564664539.648	29.54	-0.019999704399999985	2.18	19.64	9.48	7.62	9.18	12154	12157	12161	P	
400	target-fp32-16x2056	3	PP	10	2	P	P	30.0799999386	113.681	19	2282	3.64	1791460564664626.732	1791460564664630.372	1791460564664614.692	1791460564664644.752	30.06	-0.0199999386000016	12.04	14.38	8.83	8.0	8.63	12168	12171	12175	P	
401	target-fp32-16x2056	3	PP	11	1	P	P	30.8200009167	112.451	19	2287	8.1	1791460564664748.232	1791460564664756.332	1791460564664735.612	1791460564664766.432	30.82	-9.16699999464754e-07	12.62	10.1	9.31	8.43	8.77	12182	12185	12189	P	
402	target-fp32-16x2056	3	PP	11	2	P	P	21.7799991369	117.191	19	2292	6.82	1791460564664871.736	1791460564664878.556	1791460564664865.536	1791460564664887.316	21.78	8.631000021352975e-07	6.2	8.76	9.43	7.75	8.89	12196	12199	12203	P	
403	target-fp32-16x2056	3	PP	11	1	P	P	45.3599989414	111.091	19	2297	15.804	1791460564664985.636	1791460564665001.440	1791460564664971.876	1791460564665017.240	45.364	0.004001058599996554	13.76	15.8	9.5	7.56	8.41	12210	12213	12217	P	
404	target-fp32-16x2056	3	PP	11	2	P	P	40.3399989009	116.001	19	2302	4.5	1791460564665107.760	1791460564665112.260	1791460564665090.560	1791460564665130.900	40.34	1.0991000038984566e-06	17.2	18.64	9.86	7.8	8.76	12224	12227	12231	P	
405	target-fp32-16x2056	3	PP	11	1	P	P	37.2599996626	119.601	19	2307	6.02	1791460564665231.824	1791460564665237.844	1791460564665214.784	1791460564665252.044	37.26	3.3739999594217807e-07	17.04	14.2	9.27	10.92	10.2	12238	12241	12245	P	
406	target-fp32-16x2056	3	PP	11	2	P	P	35.3199988604	114.771	19	2312	3.94	1791460564665352.604	1791460564665356.544	1791460564665343.144	1791460564665378.464	35.32	1.1396000019203711e-06	9.46	21.92	8.79	7.96	9.1	12252	12255	12259	P	
407	target-fp32-16x2056	3	PP	11	1	P	P	36.5599989891	114.641	19	2317	3.74	1791460564665476.288	1791460564665480.028	1791460564665458.828	1791460564665495.388	36.56	1.0109000001534696e-06	17.46	15.36	9.8	7.72	8.49	12266	12269	12273	P	
408	target-fp32-16x2056	3	PP	11	2	P	P	142.780005932	233.382	19	2322	126.64	1791460564665597.192	1791460564665723.832	1791460564665581.092	1791460564665723.852	142.76	-0.020005932000003668	16.1	0.02	9.71	8.0	8.89	12280	12283	12287	P	
409	target-fp32-16x2056	3	PP	12	1	P	P	36.9199998677	118.111	19	2328	4.56	1791460564665837.216	1791460564665841.776	1791460564665818.336	1791460564665855.256	36.92	1.3230000206476689e-07	18.88	13.48	10.02	8.2	10.28	12295	12298	12302	P	
410	target-fp32-16x2056	3	PP	12	2	P	P	33.259999007	115.74	19	2333	9.22	1791460564665955.376	1791460564665964.596	1791460564665938.176	1791460564665971.436	33.26	9.930000004487738e-07	17.2	6.84	10.03	9.23	8.94	12309	12312	12316	P	
411	target-fp32-16x2056	3	PP	12	1	P	P	34.3800000846	155.581	19	2338	5.08	1791460564666079.060	1791460564666084.140	1791460564666061.460	1791460564666095.860	34.4	0.01999991539999968	17.6	11.72	10.26	8.01	9.25	12323	12326	12330	P	
412	target-fp32-16x2056	3	PP	12	2	P	P	50.2000004053	117.241	19	2343	31.24	1791460564666240.464	1791460564666271.704	1791460564666221.524	1791460564666271.744	50.22	0.019999594699996237	18.94	0.04	9.72	8.13	8.57	12337	12340	12344	P	
413	target-fp32-16x2056	3	PP	12	1	P	P	41.0999991	117.881	19	2348	8.084	1791460564666377.664	1791460564666385.748	1791460564666344.644	1791460564666385.764	41.12	0.020000899999999433	33.02	0.016	9.78	7.68	10.28	12351	12354	12358	P	
414	target-fp32-16x2056	3	PP	12	2	P	P	25.4800003022	118.181	19	2353	5.08	1791460564666493.748	1791460564666498.828	1791460564666475.968	1791460564666501.428	25.46	-0.02000030219999971	17.78	2.6	9.6	7.91	9.2	12365	12368	12372	P	
415	target-fp32-16x2056	3	PP	12	1	P	P	38.0599983037	117.931	19	2358	5.5	1791460564666613.252	1791460564666618.752	1791460564666596.232	1791460564666634.292	38.06	1.6963000035730147e-06	17.02	15.54	9.47	8.08	9.18	12379	12382	12386	P	
416	target-fp32-16x2056	3	PP	12	2	P	P	36.8000008166	113.011	19	2363	4.04	1791460564666732.672	1791460564666736.712	1791460564666714.132	1791460564666750.952	36.82	0.019999183400003062	18.54	14.24	9.51	8.31	8.82	12393	12396	12400	P	
417	target-fp32-16x2056	3	PC	9	1	C	P	609.820008278	694.656	19	2369	602.072	1791460564666921.576	1791460564667523.648	1791460564666913.836	1791460564667523.688	609.852	0.03199172199992972	7.74	0.04	11.92	8.27	9.34	12415	12418	12422	NONE	1
418	target-fp32-16x2056	3	PC	9	2	P	P	46.519998461	144.341	19	2375	27.5	1791460564667625.692	1791460564667653.192	1791460564667606.712	1791460564667653.212	46.5	-0.019998461000000134	18.98	0.02	10.35	8.53	10.07	12430	12433	12437	NONE	1
419	target-fp32-16x2056	3	PC	9	1	P	P	38.2400006056	120.181	19	2380	7.88	1791460564667780.252	1791460564667788.132	1791460564667762.932	1791460564667801.176	38.244	0.0039993943999974135	17.32	13.044	10.08	8.25	9.92	12444	12447	12451	NONE	1
420	target-fp32-16x2056	3	PC	9	2	P	C	42.7599996328	146.711	19	2385	7.72	1791460564667908.376	1791460564667916.096	1791460564667885.896	1791460564667928.636	42.74	-0.019999632800001166	22.48	12.54	10.19	8.39	10.54	12458	12461	12465	NONE	1
421	target-fp32-16x2056	3	PC	9	1	C	C	26.9600003958	117.021	19	2390	5.6	1791460564668062.600	1791460564668068.200	1791460564668041.260	1791460564668068.220	26.96	-3.9580000077421573e-07	21.34	0.02	9.58	8.57	9.27	12472	12475	12479	NONE	1
422	target-fp32-16x2056	3	PC	9	2	C	P	30.2200000733	114.731	19	2395	6.2	1791460564668176.640	1791460564668182.840	1791460564668161.720	1791460564668191.924	30.204	-0.016000073299998974	14.92	9.084	9.15	8.04	9.06	12486	12489	12493	NONE	1
423	target-fp32-16x2056	3	PC	9	1	P	C	30.4600000381	121.071	19	2400	5.66	1791460564668304.644	1791460564668310.304	1791460564668279.984	1791460564668310.464	30.48	0.01999996190000175	24.66	0.16	9.78	8.45	9.39	12500	12503	12507	NONE	1
424	target-fp32-16x2056	3	PC	9	2	C	C	27.820000425	123.151	19	2405	14.9	1791460564668434.568	1791460564668449.468	1791460564668421.668	1791460564668449.488	27.82	-4.249999996375209e-07	12.9	0.02	9.91	8.41	9.09	12514	12517	12521	NONE	1
425	target-fp32-16x2056	3	PC	10	1	C	P	46.6599985957	133.282	19	2410	33.844	1791460564668559.208	1791460564668593.052	1791460564668546.408	1791460564668593.072	46.664	0.004001404299998512	12.8	0.02	9.33	9.78	9.41	12528	12531	12535	NONE	2
426	target-fp32-16x2056	3	PC	10	2	P	P	44.6599982679	133.371	19	2415	29.04	1791460564668696.812	1791460564668725.852	1791460564668681.192	1791460564668725.872	44.68	0.020001732099999003	15.62	0.02	9.35	8.16	8.79	12542	12545	12549	NONE	2
427	target-fp32-16x2056	3	PC	10	1	P	P	40.4400005937	114.741	19	2420	6.72	1791460564668831.516	1791460564668838.236	1791460564668813.396	1791460564668853.856	40.46	0.019999406300001965	18.12	15.62	9.92	8.34	9.2	12556	12559	12563	NONE	2
428	target-fp32-16x2056	3	PC	10	2	P	C	36.2999998033	115.931	19	2425	6.94	1791460564668950.296	1791460564668957.236	1791460564668935.776	1791460564668972.076	36.3	1.9670000028781942e-07	14.52	14.84	9.9	8.11	8.92	12570	12573	12577	NONE	2
429	target-fp32-16x2056	3	PC	10	1	C	C	32.8800007701	117.091	19	2430	4.82	1791460564669067.280	1791460564669072.100	1791460564669052.940	1791460564669085.820	32.88	-7.70099994440443e-07	14.34	13.72	9.64	8.1	9.13	12584	12587	12591	NONE	2
430	target-fp32-16x2056	3	PC	10	2	C	P	32.9999998212	116.851	19	2435	6.44	1791460564669197.404	1791460564669203.844	1791460564669177.900	1791460564669210.924	33.024	0.024000178800001493	19.504	7.08	9.25	8.37	9.26	12598	12601	12605	NONE	2
431	target-fp32-16x2056	3	PC	10	1	P	C	27.0799994469	118.901	19	2440	8.04	1791460564669312.144	1791460564669320.184	1791460564669308.304	1791460564669335.364	27.06	-0.01999944690000177	3.84	15.18	9.82	9.01	9.25	12612	12615	12619	NONE	2
432	target-fp32-16x2056	3	PC	10	2	C	C	30.8999996632	118.821	19	2445	5.14	1791460564669435.768	1791460564669440.908	1791460564669419.948	1791460564669450.868	30.92	0.02000033680000257	15.82	9.96	10.07	8.21	9.38	12626	12629	12633	NONE	2
433	target-fp32-16x2056	3	PC	11	1	C	P	40.1000007987	120.421	19	2450	6.56	1791460564669565.048	1791460564669571.608	1791460564669543.708	1791460564669583.828	40.12	0.01999920129999566	21.34	12.22	10.2	8.12	8.86	12640	12643	12647	NONE	3
434	target-fp32-16x2056	3	PC	11	2	P	P	55.459998548	135.961	19	2455	52.92	1791460564669688.812	1791460564669741.732	1791460564669686.292	1791460564669741.752	55.46	1.4519999993467536e-06	2.52	0.02	9.87	8.2	10.35	12654	12657	12661	NONE	3
435	target-fp32-16x2056	3	PC	11	1	P	P	37.6200005412	117.351	19	2460	9.02	1791460564669833.216	1791460564669842.236	1791460564669817.596	1791460564669855.216	37.62	-5.412000021465246e-07	15.62	12.98	9.79	8.39	9.25	12668	12671	12675	NONE	3
436	target-fp32-16x2056	3	PC	11	2	P	C	67.5200000405	139.201	19	2465	41.524	1791460564669960.916	1791460564670002.440	1791460564669934.936	1791460564670002.460	67.524	0.003999959500006867	25.98	0.02	9.78	8.29	9.18	12682	12685	12689	NONE	3
437	target-fp32-16x2056	3	PC	11	1	C	C	31.8999998271	114.371	19	2470	6.54	1791460564670105.120	1791460564670111.660	1791460564670089.540	1791460564670121.440	31.9	1.728999983185986e-07	15.58	9.78	10.38	7.91	9.02	12696	12699	12703	NONE	3
438	target-fp32-16x2056	3	PC	11	2	C	P	29.2399991304	121.571	19	2475	10.78	1791460564670225.684	1791460564670236.464	1791460564670207.244	1791460564670236.484	29.24	8.695999973440394e-07	18.44	0.02	9.62	8.58	9.82	12710	12713	12717	NONE	3
439	target-fp32-16x2056	3	PC	11	1	P	C	23.199999705	114.721	19	2480	6.82	1791460564670339.644	1791460564670346.464	1791460564670330.264	1791460564670353.444	23.18	-0.019999705000000034	9.38	6.98	9.2	7.86	8.81	12724	12727	12731	NONE	3
440	target-fp32-16x2056	3	PC	11	2	C	C	41.7799986899	117.311	19	2485	33.02	1791460564670460.308	1791460564670493.328	1791460564670451.568	1791460564670493.368	41.8	0.020001310099999614	8.74	0.04	10.54	8.68	9.1	12738	12741	12745	NONE	3
441	target-fp32-16x2056	3	PC	12	1	C	P	38.0400009453	118.291	19	2490	8.484	1791460564670589.348	1791460564670597.832	1791460564670572.668	1791460564670610.692	38.024	-0.01600094530000007	16.68	12.86	10.5	8.04	9.47	12752	12755	12759	NONE	4
442	target-fp32-16x2056	3	PC	12	2	P	P	39.5400002599	117.511	19	2495	25.32	1791460564670710.412	1791460564670735.732	1791460564670696.192	1791460564670735.752	39.56	0.019999740100004715	14.22	0.02	9.24	9.25	8.69	12766	12769	12773	NONE	4
443	target-fp32-16x2056	3	PC	12	1	P	P	142.780005932	226.942	19	2500	134.14	1791460564670829.816	1791460564670963.956	1791460564670821.216	1791460564670963.976	142.76	-0.020005932000003668	8.6	0.02	9.98	8.11	9.42	12780	12783	12787	NONE	4
444	target-fp32-16x2056	3	PC	12	2	P	C	71.4399963617	146.671	19	2506	50.04	1791460564671077.480	1791460564671127.520	1791460564671056.120	1791460564671127.540	71.42	-0.01999636169999519	21.36	0.02	10.07	8.32	11.16	12795	12798	12802	NONE	4
445	target-fp32-16x2056	3	PC	12	1	C	C	38.9599986374	121.661	19	2511	3.92	1791460564671223.084	1791460564671227.004	1791460564671203.464	1791460564671242.424	38.96	1.3626000026079055e-06	19.62	15.42	10.02	8.61	9.77	12809	12812	12816	NONE	4
446	target-fp32-16x2056	3	PC	12	2	C	P	43.3200001717	122.861	19	2516	5.82	1791460564671347.904	1791460564671353.724	1791460564671326.844	1791460564671370.144	43.3	-0.0200001717000049	21.06	16.42	10.88	8.87	10.38	12823	12826	12830	NONE	4
447	target-fp32-16x2056	3	PC	12	1	P	C	44.3800017238	120.551	19	2521	6.76	1791460564671471.808	1791460564671478.568	1791460564671453.908	1791460564671498.268	44.36	-0.020001723800000093	17.9	19.7	10.0	8.24	10.02	12837	12840	12844	NONE	4
448	target-fp32-16x2056	3	PC	12	2	C	C	37.3999997973	119.041	19	2526	5.32	1791460564671599.932	1791460564671605.252	1791460564671578.628	1791460564671616.052	37.424	0.024000202700001694	21.304	10.8	9.85	8.58	9.46	12851	12854	12858	NONE	4
449	target-fp32-16x2056	4	PC	13	1	C	P	39.9000011384	136.901	19	2532	5.9	1791460564671837.816	1791460564671843.716	1791460564671816.456	1791460564671856.356	39.9	-1.1384000018210827e-06	21.36	12.64	21.24	8.84	9.88	12873	12876	12880	NONE	1
450	target-fp32-16x2056	4	PC	13	2	P	P	31.1200004071	124.441	19	2537	5.12	1791460564671962.856	1791460564671967.976	1791460564671947.556	1791460564671978.676	31.12	-4.070999999328251e-07	15.3	10.7	10.88	8.91	10.03	12887	12890	12894	NONE	1
451	target-fp32-16x2056	4	PC	13	1	P	P	34.0400002897	121.111	19	2542	4.12	1791460564672097.240	1791460564672101.360	1791460564672081.740	1791460564672115.800	34.06	0.019999710300005802	15.5	14.44	10.97	8.77	9.14	12901	12904	12908	NONE	1
452	target-fp32-16x2056	4	PC	13	2	P	C	36.2999998033	120.971	19	2547	5.48	1791460564672227.004	1791460564672232.484	1791460564672203.744	1791460564672240.024	36.28	-0.019999803299995733	23.26	7.54	9.73	8.74	9.29	12915	12918	12922	NONE	1
453	target-fp32-16x2056	4	PC	13	1	C	C	202.600002289	278.743	19	2552	187.924	1791460564672347.544	1791460564672535.468	1791460564672332.884	1791460564672535.488	202.604	0.003997711000010895	14.66	0.02	9.99	8.64	9.7	12929	12932	12936	NONE	1
454	target-fp32-16x2056	4	PC	13	2	C	P	28.5000000149	128.421	19	2558	5.9	1791460564672637.332	1791460564672643.232	1791460564672623.272	1791460564672651.792	28.52	0.019999985100000117	14.06	8.56	10.57	9.16	12.1	12944	12947	12951	NONE	1
455	target-fp32-16x2056	4	PC	13	1	P	C	40.2799993753	128.751	19	2563	5.42	1791460564672777.792	1791460564672783.212	1791460564672756.972	1791460564672797.256	40.284	0.004000624699997957	20.82	14.044	10.33	8.95	10.03	12958	12961	12965	NONE	1
456	target-fp32-16x2056	4	PC	13	2	C	C	40.8799983561	124.051	19	2568	4.86	1791460564672909.096	1791460564672913.956	1791460564672893.016	1791460564672933.896	40.88	1.6438999992374193e-06	16.08	19.94	11.52	8.25	10.07	12972	12975	12979	NONE	1
457	target-fp32-16x2056	4	PC	14	1	C	P	34.6600003541	127.841	19	2573	4.04	1791460564673035.680	1791460564673039.720	1791460564673016.840	1791460564673051.500	34.66	-3.541000026530128e-07	18.84	11.78	11.63	8.56	10.12	12986	12989	12993	NONE	2
458	target-fp32-16x2056	4	PC	14	2	P	P	40.2400009334	141.382	19	2578	5.02	1791460564673173.460	1791460564673178.480	1791460564673148.140	1791460564673188.404	40.264	0.023999066600005392	25.32	9.924	10.14	8.77	9.66	13000	13003	13007	NONE	2
459	target-fp32-16x2056	4	PC	14	1	P	P	27.6999995112	124.491	19	2583	24.4	1791460564673321.804	1791460564673346.204	1791460564673318.524	1791460564673346.224	27.7	4.887999978109292e-07	3.28	0.02	9.77	15.79	8.59	13014	13017	13021	NONE	2
460	target-fp32-16x2056	4	PC	14	2	P	C	43.2600006461	120.561	19	2588	7.14	1791460564673441.268	1791460564673448.408	1791460564673428.848	1791460564673472.108	43.26	-6.46100005496919e-07	12.42	23.7	9.91	8.45	10.01	13028	13031	13035	NONE	2
461	target-fp32-16x2056	4	PC	14	1	C	C	52.9600009322	131.701	19	2593	42.624	1791460564673569.068	1791460564673611.692	1791460564673558.768	1791460564673611.712	52.944	-0.01600093220000076	10.3	0.02	9.93	8.21	9.22	13042	13045	13049	NONE	2
462	target-fp32-16x2056	4	PC	14	2	C	P	104.62000221	186.602	19	2598	96.764	1791460564673704.692	1791460564673801.456	1791460564673696.832	1791460564673801.476	104.644	0.0239977900000099	7.86	0.02	9.99	8.71	9.07	13056	13059	13063	NONE	2
463	target-fp32-16x2056	4	PC	14	1	P	C	41.1799997091	130.871	19	2604	5.8	1791460564673904.076	1791460564673909.876	1791460564673879.076	1791460564673920.256	41.18	2.9089999742382133e-07	25.0	10.38	11.36	8.62	11.18	13071	13074	13078	NONE	2
464	target-fp32-16x2056	4	PC	14	2	C	C	23.8799992949	127.751	19	2609	5.8	1791460564674045.380	1791460564674051.180	1791460564674031.560	1791460564674055.420	23.86	-0.019999294899999853	13.82	4.24	10.24	8.47	9.92	13085	13088	13092	NONE	2
465	target-fp32-16x2056	4	PC	15	1	C	P	172.360002995	249.202	19	2614	154.464	1791460564674175.000	1791460564674329.464	1791460564674157.100	1791460564674329.484	172.384	0.02399700499998403	17.9	0.02	9.34	8.43	10.56	13099	13102	13106	NONE	3
466	target-fp32-16x2056	4	PC	15	2	P	P	34.0799987316	111.551	19	2620	5.26	1791460564674426.208	1791460564674431.468	1791460564674409.068	1791460564674443.148	34.08	1.2683999983664762e-06	17.14	11.68	9.04	7.56	9.24	13114	13117	13121	NONE	3
467	target-fp32-16x2056	4	PC	15	1	P	P	31.660001725	109.141	19	2625	4.9	1791460564674536.428	1791460564674541.328	1791460564674522.588	1791460564674554.228	31.64	-0.020001725000000192	13.84	12.9	10.36	8.1	8.12	13128	13131	13135	NONE	3
468	target-fp32-16x2056	4	PC	15	2	P	C	25.1400005072	114.891	19	2630	7.66	1791460564674660.312	1791460564674667.972	1791460564674642.832	1791460564674667.992	25.16	0.01999949280000024	17.48	0.02	9.31	8.0	8.9	13142	13145	13149	NONE	3
469	target-fp32-16x2056	4	PC	15	1	C	C	31.8799987435	106.041	19	2635	5.24	1791460564674769.992	1791460564674775.232	1791460564674761.952	1791460564674793.812	31.86	-0.019998743500000415	8.04	18.58	8.92	7.83	8.44	13156	13159	13163	NONE	3
470	target-fp32-16x2056	4	PC	15	2	C	P	20.9599994123	110.361	19	2640	6.1	1791460564674877.856	1791460564674883.956	1791460564674874.616	1791460564674895.596	20.98	0.02000058770000024	3.24	11.64	8.57	7.94	8.54	13170	13173	13177	NONE	3
471	target-fp32-16x2056	4	PC	15	1	P	C	41.2600003183	108.871	19	2645	4.04	1791460564675004.740	1791460564675008.780	1791460564674983.936	1791460564675025.220	41.284	0.023999681699997666	20.804	16.44	9.08	8.0	8.64	13184	13187	13191	NONE	3
472	target-fp32-16x2056	4	PC	15	2	C	C	46.059999615	135.881	19	2650	31.84	1791460564675119.360	1791460564675151.200	1791460564675105.180	1791460564675151.240	46.06	3.849999998806197e-07	14.18	0.04	8.71	7.48	8.53	13198	13201	13205	NONE	3
473	target-fp32-16x2056	4	PC	16	1	C	P	37.7399995923	111.861	19	2655	5.3	1791460564675262.444	1791460564675267.744	1791460564675244.464	1791460564675282.204	37.74	4.076999999824693e-07	17.98	14.46	9.32	9.13	11.1	13212	13215	13219	NONE	4
474	target-fp32-16x2056	4	PC	16	2	P	P	21.5799994767	110.981	19	2660	5.92	1791460564675368.344	1791460564675374.264	1791460564675365.344	1791460564675386.924	21.58	5.232999988891152e-07	3.0	12.66	9.57	7.72	8.4	13226	13229	13233	NONE	4
475	target-fp32-16x2056	4	PC	16	1	P	P	623.420000076	766.137	19	2665	607.952	1791460564675486.708	1791460564676094.660	1791460564675471.268	1791460564676094.680	623.412	-0.00800007599991659	15.44	0.02	8.66	7.68	8.0	13240	13243	13247	NONE	4
476	target-fp32-16x2056	4	PC	16	2	P	C	52.1400012076	128.561	19	2671	6.48	1791460564676272.024	1791460564676278.504	1791460564676245.544	1791460564676297.704	52.16	0.01999879239999558	26.48	19.2	10.37	8.77	13.39	13255	13258	13262	NONE	4
477	target-fp32-16x2056	4	PC	16	1	C	C	40.8799983561	118.231	19	2676	4.576	1791460564676393.108	1791460564676397.684	1791460564676375.804	1791460564676416.688	40.884	0.0040016438999970205	17.304	19.004	9.6	7.5	9.9	13269	13272	13276	NONE	4
478	target-fp32-16x2056	4	PC	16	2	C	P	70.0400024652	127.591	19	2681	43.96	1791460564676526.608	1791460564676570.568	1791460564676500.528	1791460564676570.588	70.06	0.019997534799998107	26.08	0.02	9.43	7.37	9.14	13283	13286	13290	NONE	4
479	target-fp32-16x2056	4	PC	16	1	P	C	36.3599993289	108.741	19	2686	20.2	1791460564676651.432	1791460564676671.632	1791460564676635.292	1791460564676671.652	36.36	6.710999969072873e-07	16.14	0.02	9.42	7.52	8.56	13297	13300	13304	NONE	4
480	target-fp32-16x2056	4	PC	16	2	C	C	30.9399999678	111.221	19	2691	5.98	1791460564676767.612	1791460564676773.592	1791460564676762.652	1791460564676793.612	30.96	0.020000032200002238	4.96	20.02	8.98	8.03	9.44	13311	13314	13318	NONE	4
481	target-fp32-16x2056	4	PP	13	1	P	P	27.3199994117	112.801	19	2697	6.0	1791460564676941.596	1791460564676947.596	1791460564676931.556	1791460564676958.856	27.3	-0.01999941169999886	10.04	11.26	10.19	7.61	8.04	13333	13336	13340	P	
482	target-fp32-16x2056	4	PP	13	2	P	P	30.9999994934	109.901	19	2702	3.96	1791460564677061.440	1791460564677065.400	1791460564677059.200	1791460564677090.180	30.98	-0.01999949340000029	2.24	24.78	8.71	7.66	8.99	13347	13350	13354	P	
483	target-fp32-16x2056	4	PP	13	1	P	P	28.9600007236	110.201	19	2707	3.82	1791460564677185.440	1791460564677189.260	1791460564677164.040	1791460564677193.004	28.964	0.003999276399998308	21.4	3.744	9.62	7.88	8.72	13361	13364	13368	P	
484	target-fp32-16x2056	4	PP	13	2	P	P	55.9000000358	158.132	19	2712	51.02	1791460564677297.704	1791460564677348.724	1791460564677292.824	1791460564677348.744	55.92	0.019999964200003717	4.88	0.02	9.25	7.5	8.29	13375	13378	13382	P	
485	target-fp32-16x2056	4	PP	13	1	P	P	35.9999984503	121.121	19	2718	5.82	1791460564677475.808	1791460564677481.628	1791460564677451.428	1791460564677487.428	36.0	1.5497000021014173e-06	24.38	5.8	11.56	7.85	10.19	13389	13392	13396	P	
486	target-fp32-16x2056	4	PP	13	2	P	P	29.0200002491	109.561	19	2723	6.46	1791460564677592.368	1791460564677598.828	1791460564677590.608	1791460564677619.632	29.024	0.003999750900000265	1.76	20.804	8.87	7.15	9.06	13403	13406	13410	P	
487	target-fp32-16x2056	4	PP	13	1	P	P	36.740001291	110.211	19	2728	5.3	1791460564677707.892	1791460564677713.192	1791460564677687.992	1791460564677724.732	36.74	-1.290999996683695e-06	19.9	11.54	9.11	7.5	8.63	13417	13420	13424	P	
488	target-fp32-16x2056	4	PP	13	2	P	P	29.1399993002	107.471	19	2733	11.0	1791460564677815.316	1791460564677826.316	1791460564677813.236	1791460564677842.376	29.14	6.998000010582928e-07	2.08	16.06	9.01	7.09	8.2	13431	13434	13438	P	
489	target-fp32-16x2056	4	PP	14	1	P	P	39.4800007343	105.471	19	2738	6.3	1791460564677923.496	1791460564677929.796	1791460564677910.676	1791460564677950.176	39.5	0.01999926570000099	12.82	20.38	8.72	7.05	7.73	13445	13448	13452	P	
490	target-fp32-16x2056	4	PP	14	2	P	P	23.7799994648	111.291	19	2743	5.76	1791460564678050.880	1791460564678056.640	1791460564678032.900	1791460564678056.660	23.76	-0.019999464799997924	17.98	0.02	9.42	6.9	8.64	13459	13462	13466	P	
491	target-fp32-16x2056	4	PP	14	1	P	P	44.3199984729	127.191	19	2748	38.624	1791460564678165.120	1791460564678203.744	1791460564678159.460	1791460564678203.764	44.304	-0.015998472899994454	5.66	0.02	9.19	7.72	8.05	13473	13476	13480	P	
492	target-fp32-16x2056	4	PP	14	2	P	P	30.4400008172	108.401	19	2753	4.18	1791460564678291.144	1791460564678295.324	1791460564678272.364	1791460564678302.824	30.46	0.01999918279999946	18.78	7.5	11.01	7.66	8.21	13487	13490	13494	P	
493	target-fp32-16x2056	4	PP	14	1	P	P	33.0399982631	112.241	19	2758	4.94	1791460564678406.488	1791460564678411.428	1791460564678388.584	1791460564678421.628	33.044	0.004001736899994057	17.904	10.2	9.02	8.45	7.92	13501	13504	13508	P	
494	target-fp32-16x2056	4	PP	14	2	P	P	44.3600006402	128.911	19	2763	4.08	1791460564678518.508	1791460564678522.588	1791460564678503.968	1791460564678548.348	44.38	0.019999359800003447	14.54	25.76	9.7	8.92	11.82	13515	13518	13522	P	
495	target-fp32-16x2056	4	PP	14	1	P	P	35.5999991298	109.581	19	2768	5.62	1791460564678649.792	1791460564678655.412	1791460564678633.992	1791460564678669.592	35.6	8.702000044991109e-07	15.8	14.18	9.16	7.43	8.7	13529	13532	13536	P	
496	target-fp32-16x2056	4	PP	14	2	P	P	28.2400008291	109.001	19	2773	4.3	1791460564678765.412	1791460564678769.712	1791460564678749.552	1791460564678777.772	28.22	-0.02000082910000245	15.86	8.06	9.55	7.31	8.21	13543	13546	13550	P	
497	target-fp32-16x2056	4	PP	15	1	P	P	497.040003538	577.105	19	2778	485.268	1791460564678889.376	1791460564679374.644	1791460564678877.616	1791460564679374.664	497.048	0.007996461999994153	11.76	0.02	9.24	7.12	9.24	13557	13560	13564	P	
498	target-fp32-16x2056	4	PP	15	2	P	P	38.3800007403	120.671	19	2784	19.04	1791460564679477.248	1791460564679496.288	1791460564679457.928	1791460564679496.308	38.38	-7.402999955274936e-07	19.32	0.02	9.72	7.93	9.73	13572	13575	13579	P	
499	target-fp32-16x2056	4	PP	15	1	P	P	75.3400027752	194.501	19	2789	65.1	1791460564679604.952	1791460564679670.052	1791460564679594.748	1791460564679670.072	75.324	-0.01600277520000759	10.204	0.02	9.83	7.9	9.05	13586	13589	13593	P	
500	target-fp32-16x2056	4	PP	15	2	P	P	26.9200000912	122.951	19	2795	9.8	1791460564679797.756	1791460564679807.556	1791460564679790.132	1791460564679817.036	26.904	-0.01600009119999868	7.624	9.48	10.28	8.22	10.19	13600	13603	13607	P	
501	target-fp32-16x2056	4	PP	15	1	P	P	176.679998636	259.282	19	2800	171.584	1791460564679926.096	1791460564680097.680	1791460564679921.036	1791460564680097.700	176.664	-0.015998636000006172	5.06	0.02	9.09	7.8	9.19	13614	13617	13621	P	
502	target-fp32-16x2056	4	PP	15	2	P	P	31.9399982691	113.601	19	2806	5.76	1791460564680185.760	1791460564680191.520	1791460564680172.400	1791460564680204.344	31.944	0.004001730900000666	13.36	12.824	9.08	7.85	9.32	13629	13632	13636	P	
503	target-fp32-16x2056	4	PP	15	1	P	P	32.2399996221	109.791	19	2811	5.18	1791460564680308.044	1791460564680313.224	1791460564680290.444	1791460564680322.704	32.26	0.02000037789999709	17.6	9.48	8.94	7.91	8.95	13643	13646	13650	P	
504	target-fp32-16x2056	4	PP	15	2	P	P	25.3800004721	114.641	19	2816	7.12	1791460564680425.328	1791460564680432.448	1791460564680412.948	1791460564680438.328	25.38	-4.721000017582355e-07	12.38	5.88	8.82	7.67	14.14	13657	13660	13664	P	
505	target-fp32-16x2056	4	PP	16	1	P	P	38.0799993873	108.931	19	2821	4.9	1791460564680543.548	1791460564680548.448	1791460564680527.588	1791460564680565.668	38.08	6.12699999180677e-07	15.96	17.22	8.91	7.73	9.02	13671	13674	13678	P	
506	target-fp32-16x2056	4	PP	16	2	P	P	289.020001888	363.833	19	2826	271.284	1791460564680659.612	1791460564680930.896	1791460564680641.912	1791460564680930.916	289.004	-0.016001888000005238	17.7	0.02	8.76	8.24	8.19	13685	13688	13692	P	
507	target-fp32-16x2056	4	PP	16	1	P	P	45.2799983323	116.401	19	2832	4.66	1791460564681030.100	1791460564681034.760	1791460564681009.600	1791460564681054.900	45.3	0.020001667699993675	20.5	20.14	9.56	8.38	10.45	13700	13703	13707	P	
508	target-fp32-16x2056	4	PP	16	2	P	P	37.5600010157	113.191	19	2837	5.32	1791460564681146.120	1791460564681151.440	1791460564681133.620	1791460564681171.160	37.54	-0.020001015700003677	12.5	19.72	9.19	8.19	9.37	13714	13717	13721	P	
509	target-fp32-16x2056	4	PP	16	1	P	P	26.4599993825	111.651	19	2842	5.0	1791460564681265.604	1791460564681270.604	1791460564681247.244	1791460564681273.704	26.46	6.174999995778307e-07	18.36	3.1	9.19	7.81	8.5	13728	13731	13735	P	
510	target-fp32-16x2056	4	PP	16	2	P	P	34.4600006938	110.551	19	2847	5.0	1791460564681376.084	1791460564681381.084	1791460564681360.644	1791460564681395.124	34.48	0.019999306199999012	15.44	14.04	8.63	8.17	8.65	13742	13745	13749	P	
511	target-fp32-16x2056	4	PP	16	1	P	P	31.9599993527	108.681	19	2852	4.02	1791460564681495.708	1791460564681499.728	1791460564681479.588	1791460564681511.528	31.94	-0.01999935269999753	16.12	11.8	9.4	7.85	8.25	13756	13759	13763	P	
512	target-fp32-16x2056	4	PP	16	2	P	P	192.819997668	266.462	19	2857	143.02	1791460564681642.612	1791460564681785.632	1791460564681592.828	1791460564681785.652	192.824	0.004002331999998887	49.784	0.02	8.84	10.86	8.96	13770	13773	13777	P	
513	guard-off-fp32-12x8192	1	PP	1	1	P	P	21.1399998516	105.081	19	2958	6.2	1791460564688757.352	1791460564688763.552	1791460564688754.472	1791460564688775.632	21.16	0.020000148400001194	2.88	12.08	15.16	8.85	7.86	14320	14323	14327	P	
514	guard-off-fp32-12x8192	1	PP	1	2	P	P	99.0799963474	191.672	19	2963	96.12	1791460564688896.736	1791460564688992.856	1791460564688893.816	1791460564688992.896	99.08	3.6526000002368164e-06	2.92	0.04	22.67	11.41	8.32	14334	14337	14341	P	
515	guard-off-fp32-12x8192	1	PP	1	1	P	P	26.5200007707	111.081	19	2969	7.98	1791460564689095.440	1791460564689103.420	1791460564689076.940	1791460564689103.460	26.52	-7.707000015955145e-07	18.5	0.04	9.5	7.44	9.48	14349	14352	14356	P	
516	guard-off-fp32-12x8192	1	PP	1	2	P	P	38.6600010097	104.421	19	2974	8.78	1791460564689206.244	1791460564689215.024	1791460564689187.880	1791460564689226.524	38.644	-0.016001009699998292	18.364	11.5	8.79	7.62	7.65	14363	14366	14370	P	
517	guard-off-fp32-12x8192	1	PP	1	1	P	P	30.6199993938	104.891	19	2979	8.02	1791460564689320.964	1791460564689328.984	1791460564689298.384	1791460564689329.024	30.64	0.020000606199999993	22.58	0.04	8.82	7.04	8.04	14377	14380	14384	P	
518	guard-off-fp32-12x8192	1	PP	1	2	P	P	80.7600021362	161.001	19	2984	63.58	1791460564689439.488	1791460564689503.068	1791460564689422.308	1791460564689503.088	80.78	0.01999786380000046	17.18	0.02	8.89	6.81	7.84	14391	14394	14398	P	
519	guard-off-fp32-12x8192	1	PP	1	1	P	P	229.460000992	304.503	19	2990	208.664	1791460564689593.088	1791460564689801.752	1791460564689572.288	1791460564689801.772	229.484	0.023999008000004096	20.8	0.02	9.23	10.99	9.01	14406	14409	14413	P	
520	guard-off-fp32-12x8192	1	PP	1	2	P	P	22.0199991018	109.191	19	2996	8.38	1791460564689893.176	1791460564689901.556	1791460564689889.256	1791460564689911.256	22.0	-0.019999101799999863	3.92	9.7	8.76	7.51	8.94	14421	14424	14428	P	
521	guard-off-fp32-12x8192	1	PP	2	1	P	P	25.0599998981	106.351	19	3001	8.3	1791460564690017.220	1791460564690025.520	1791460564690000.496	1791460564690025.560	25.064	0.004000101900000885	16.724	0.04	8.89	7.31	8.16	14435	14438	14442	P	
522	guard-off-fp32-12x8192	1	PP	2	2	P	P	24.620000273	101.331	19	3006	9.34	1791460564690121.740	1791460564690131.080	1791460564690108.640	1791460564690133.240	24.6	-0.020000272999997293	13.1	2.16	8.56	6.71	7.57	14449	14452	14456	P	
523	guard-off-fp32-12x8192	1	PP	2	1	P	P	26.3999998569	101.27	19	3011	7.54	1791460564690224.704	1791460564690232.244	1791460564690222.844	1791460564690249.224	26.38	-0.019999856900000168	1.86	16.98	8.81	7.51	7.38	14463	14466	14470	P	
524	guard-off-fp32-12x8192	1	PP	2	2	P	P	629.000008106	695.395	19	3016	613.312	1791460564690335.904	1791460564690949.216	1791460564690320.244	1791460564690949.256	629.012	0.011991893999947933	15.66	0.04	8.76	7.38	7.52	14477	14480	14484	P	
525	guard-off-fp32-12x8192	1	PP	2	1	P	P	34.359999001	106.181	19	3022	5.4	1791460564691035.760	1791460564691041.160	1791460564691020.420	1791460564691054.800	34.38	0.02000099900000407	15.34	13.64	9.05	7.21	9.18	14492	14495	14499	P	
526	guard-off-fp32-12x8192	1	PP	2	2	P	P	53.6600016057	117.581	19	3027	40.78	1791460564691147.640	1791460564691188.420	1791460564691134.780	1791460564691188.440	53.66	-1.6057000067348781e-06	12.86	0.02	8.91	6.64	7.62	14506	14509	14513	P	
527	guard-off-fp32-12x8192	1	PP	2	1	P	P	31.2799997628	102.221	19	3032	8.12	1791460564691277.884	1791460564691286.004	1791460564691254.764	1791460564691286.024	31.26	-0.01999976279999771	23.12	0.02	8.39	7.46	7.99	14520	14523	14527	P	
528	guard-off-fp32-12x8192	1	PP	2	2	P	P	33.2200005651	100.581	19	3037	7.62	1791460564691382.584	1791460564691390.204	1791460564691357.004	1791460564691390.224	33.22	-5.651000023476627e-07	25.58	0.02	8.3	7.08	7.14	14534	14537	14541	P	
529	guard-off-fp32-12x8192	1	PP	3	1	P	P	34.4399996102	102.581	19	3042	13.24	1791460564691483.428	1791460564691496.668	1791460564691463.148	1791460564691497.568	34.42	-0.019999610199995743	20.28	0.9	8.46	7.11	7.39	14548	14551	14555	P	
530	guard-off-fp32-12x8192	1	PP	3	2	P	P	24.5399996638	103.641	19	3047	8.56	1791460564691590.288	1791460564691598.848	1791460564691574.328	1791460564691598.868	24.54	3.361999993956033e-07	15.96	0.02	8.63	7.22	7.24	14562	14565	14569	P	
531	guard-off-fp32-12x8192	1	PP	3	1	P	P	54.3799996376	128.861	19	3052	8.88	1791460564691716.072	1791460564691724.952	1791460564691678.072	1791460564691732.472	54.4	0.020000362399997584	38.0	7.52	8.9	8.04	9.05	14576	14579	14583	P	
532	guard-off-fp32-12x8192	1	PP	3	2	P	P	33.0800004303	112.271	19	3057	8.28	1791460564691833.776	1791460564691842.056	1791460564691815.896	1791460564691848.976	33.08	-4.30299998299688e-07	17.88	6.92	10.38	7.5	10.39	14590	14593	14597	P	
533	guard-off-fp32-12x8192	1	PP	3	1	P	P	64.3199980259	134.471	19	3062	62.02	1791460564691944.076	1791460564692006.096	1791460564691941.816	1791460564692006.116	64.3	-0.019998025900008543	2.26	0.02	9.66	7.57	7.96	14604	14607	14611	P	
534	guard-off-fp32-12x8192	1	PP	3	2	P	P	35.2599993348	100.181	19	3067	8.54	1791460564692088.120	1791460564692096.660	1791460564692067.580	1791460564692102.840	35.26	6.651999981954759e-07	20.54	6.18	9.05	7.52	7.54	14618	14621	14625	P	
535	guard-off-fp32-12x8192	1	PP	3	1	P	P	34.3800000846	102.601	19	3072	9.8	1791460564692186.640	1791460564692196.440	1791460564692171.220	1791460564692205.620	34.4	0.01999991539999968	15.42	9.18	7.76	7.23	8.4	14632	14635	14639	P	
536	guard-off-fp32-12x8192	1	PP	3	2	P	P	28.0799996108	101.291	19	3077	9.34	1791460564692296.484	1791460564692305.824	1791460564692281.284	1791460564692309.384	28.1	0.020000389199999802	15.2	3.56	8.42	7.15	7.62	14646	14649	14653	P	
537	guard-off-fp32-12x8192	1	PP	4	1	P	P	30.8800004423	100.171	19	3082	8.5	1791460564692409.228	1791460564692417.728	1791460564692386.864	1791460564692417.748	30.884	0.003999557700002043	22.364	0.02	8.35	6.54	7.51	14660	14663	14667	P	
538	guard-off-fp32-12x8192	1	PP	4	2	P	P	24.8600002378	101.671	19	3087	7.84	1791460564692507.468	1791460564692515.308	1791460564692491.708	1791460564692516.548	24.84	-0.020000237800001486	15.76	1.24	8.27	6.83	7.39	14674	14677	14681	P	
539	guard-off-fp32-12x8192	1	PP	4	1	P	P	30.7400003076	100.851	19	3092	8.784	1791460564692614.268	1791460564692623.052	1791460564692597.688	1791460564692628.432	30.744	0.003999692400000754	16.58	5.38	8.66	7.37	7.56	14688	14691	14695	P	
540	guard-off-fp32-12x8192	1	PP	4	2	P	P	25.4399999976	103.951	19	3097	8.52	1791460564692721.792	1791460564692730.312	1791460564692704.912	1791460564692730.332	25.42	-0.019999997599999375	16.88	0.02	8.54	7.19	7.62	14702	14705	14709	P	
541	guard-off-fp32-12x8192	1	PP	4	1	P	P	80.0400003791	165.771	19	3102	73.34	1791460564692839.296	1791460564692912.636	1791460564692832.616	1791460564692912.656	80.04	-3.7909998695795366e-07	6.68	0.02	8.6	7.27	7.59	14716	14719	14723	P	
542	guard-off-fp32-12x8192	1	PP	4	2	P	P	37.2000001371	109.231	19	3108	7.24	1791460564692999.836	1791460564693007.076	1791460564692984.936	1791460564693022.140	37.204	0.003999862900002427	14.9	15.064	9.53	7.48	9.21	14731	14734	14738	P	
543	guard-off-fp32-12x8192	1	PP	4	1	P	P	15.8200003207	106.021	19	3113	6.34	1791460564693119.480	1791460564693125.820	1791460564693110.020	1791460564693125.840	15.82	-3.206999998894844e-07	9.46	0.02	9.13	7.28	7.89	14745	14748	14752	P	
544	guard-off-fp32-12x8192	1	PP	4	2	P	P	134.000003338	197.352	19	3118	107.26	1791460564693235.324	1791460564693342.584	1791460564693208.620	1791460564693342.604	133.984	-0.016003337999990208	26.704	0.02	8.3	7.24	7.76	14759	14762	14766	P	
545	guard-off-fp32-12x8192	1	PC	1	1	C	P	24.0400005132	113.311	19	3126	7.86	1791460564693562.208	1791460564693570.068	1791460564693553.168	1791460564693577.208	24.04	-5.131999998297943e-07	9.04	7.14	9.93	7.52	8.72	14782	14785	14789	C	1
546	guard-off-fp32-12x8192	1	PC	1	2	P	P	224.500000477	288.272	19	3131	207.584	1791460564693683.212	1791460564693890.796	1791460564693666.332	1791460564693890.816	224.484	-0.01600047699997731	16.88	0.02	9.23	7.01	8.36	14796	14799	14803	NONE	1
547	guard-off-fp32-12x8192	1	PC	1	1	P	P	38.9799997211	117.871	19	3137	20.6	1791460564693980.636	1791460564694001.236	1791460564693967.496	1791460564694006.476	38.98	2.788999964309369e-07	13.14	5.24	20.46	7.58	8.51	14811	14814	14818	C	1
548	guard-off-fp32-12x8192	1	PC	1	2	P	C	35.9000004828	106.051	19	3142	15.28	1791460564694105.840	1791460564694121.120	1791460564694085.260	1791460564694121.140	35.88	-0.02000048280000044	20.58	0.02	9.3	7.47	8.69	14825	14828	14832	NONE	1
549	guard-off-fp32-12x8192	1	PC	1	1	C	C	50.3199994564	121.251	19	3147	38.94	1791460564694213.284	1791460564694252.224	1791460564694201.900	1791460564694252.244	50.344	0.024000543600003255	11.384	0.02	9.07	7.37	8.14	14839	14842	14846	C	1
550	guard-off-fp32-12x8192	1	PC	1	2	C	P	24.7000008821	102.781	19	3152	17.56	1791460564694332.004	1791460564694349.564	1791460564694324.864	1791460564694349.584	24.72	0.01999911789999942	7.14	0.02	8.96	7.25	8.11	14853	14856	14860	NONE	1
551	guard-off-fp32-12x8192	1	PC	1	1	P	C	31.0800001025	101.341	19	3157	7.48	1791460564694442.588	1791460564694450.068	1791460564694425.508	1791460564694456.588	31.08	-1.0250000315181751e-07	17.08	6.52	8.47	7.53	7.74	14867	14870	14874	C	1
552	guard-off-fp32-12x8192	1	PC	1	2	C	C	33.4599986672	102.041	19	3162	6.0	1791460564694543.028	1791460564694549.028	1791460564694528.408	1791460564694561.868	33.46	1.332800003694956e-06	14.62	12.84	8.41	7.16	7.81	14881	14884	14888	NONE	1
553	guard-off-fp32-12x8192	1	PC	2	1	C	P	39.0600003302	122.391	19	3167	34.28	1791460564694664.332	1791460564694698.612	1791460564694659.572	1791460564694698.632	39.06	-3.301999953464474e-07	4.76	0.02	8.91	7.32	8.15	14895	14898	14902	NONE	2
554	guard-off-fp32-12x8192	1	PC	2	2	P	P	26.9399993122	98.991	19	3172	19.6	1791460564694784.052	1791460564694803.652	1791460564694776.732	1791460564694803.692	26.96	0.02000068779999964	7.32	0.04	8.15	7.05	7.42	14909	14912	14916	NONE	2
555	guard-off-fp32-12x8192	1	PC	2	1	P	P	442.860007286	518.354	19	3177	432.288	1791460564694888.836	1791460564695321.124	1791460564694878.276	1791460564695321.144	442.868	0.007992714000010892	10.56	0.02	8.59	6.81	7.13	14923	14926	14930	NONE	2
556	guard-off-fp32-12x8192	1	PC	2	2	P	C	46.0800006986	122.941	19	3183	29.94	1791460564695419.108	1791460564695449.048	1791460564695403.004	1791460564695449.068	46.064	-0.01600069860000275	16.104	0.02	9.39	7.4	9.42	14938	14941	14945	NONE	2
557	guard-off-fp32-12x8192	1	PC	2	1	C	C	26.4599993825	102.041	19	3188	10.34	1791460564695535.868	1791460564695546.208	1791460564695528.148	1791460564695554.628	26.48	0.02000061749999915	7.72	8.42	8.41	7.34	8.03	14952	14955	14959	NONE	2
558	guard-off-fp32-12x8192	1	PC	2	2	C	P	67.3599988222	136.572	19	3193	58.72	1791460564695647.432	1791460564695706.152	1791460564695638.792	1791460564695706.172	67.38	0.02000117779999755	8.64	0.02	8.64	6.71	7.63	14966	14969	14973	NONE	2
559	guard-off-fp32-12x8192	1	PC	2	1	P	C	32.0999994874	107.01	19	3198	12.38	1791460564695790.252	1791460564695802.632	1791460564695777.012	1791460564695809.092	32.08	-0.019999487399999794	13.24	6.46	12.53	7.18	8.56	14980	14983	14987	NONE	2
560	guard-off-fp32-12x8192	1	PC	2	2	C	C	31.9399982691	109.49	19	3203	11.96	1791460564695896.596	1791460564695908.556	1791460564695880.876	1791460564695912.836	31.96	0.020001730900002457	15.72	4.28	9.56	7.36	8.67	14994	14997	15001	NONE	2
561	guard-off-fp32-12x8192	1	PC	3	1	C	P	20.2200002968	102.661	19	3208	8.624	1791460564696004.876	1791460564696013.500	1791460564696002.676	1791460564696022.880	20.204	-0.016000296799997926	2.2	9.38	8.44	6.97	7.91	15008	15011	15015	NONE	3
562	guard-off-fp32-12x8192	1	PC	3	2	P	P	28.93999964	103.321	19	3213	7.98	1791460564696122.500	1791460564696130.480	1791460564696105.420	1791460564696134.360	28.94	3.6000000136482413e-07	17.08	3.88	8.92	7.11	7.98	15022	15025	15029	NONE	3
563	guard-off-fp32-12x8192	1	PC	3	1	P	P	35.4400016367	114.351	19	3218	8.12	1791460564696230.064	1791460564696238.184	1791460564696214.884	1791460564696250.344	35.46	0.01999836329999738	15.18	12.16	9.37	8.05	7.82	15036	15039	15043	NONE	3
564	guard-off-fp32-12x8192	1	PC	3	2	P	C	39.5400002599	110.141	19	3223	9.4	1791460564696361.324	1791460564696370.724	1791460564696331.204	1791460564696370.744	39.54	-2.598999984115835e-07	30.12	0.02	8.92	9.24	9.52	15050	15053	15057	NONE	3
565	guard-off-fp32-12x8192	1	PC	3	1	C	C	33.7399989367	102.191	19	3228	8.08	1791460564696461.148	1791460564696469.228	1791460564696444.108	1791460564696477.848	33.74	1.063300004489065e-06	17.04	8.62	8.8	7.5	7.82	15064	15067	15071	NONE	3
566	guard-off-fp32-12x8192	1	PC	3	2	C	P	67.5999969244	142.941	19	3233	53.664	1791460564696563.548	1791460564696617.212	1791460564696549.648	1791460564696617.228	67.58	-0.019996924400004445	13.9	0.016	9.27	6.89	8.23	15078	15081	15085	NONE	3
567	guard-off-fp32-12x8192	1	PC	3	1	P	C	32.3599986732	110.101	19	3239	8.22	1791460564696715.112	1791460564696723.332	1791460564696700.712	1791460564696733.072	32.36	1.3267999960930865e-06	14.4	9.74	9.48	7.37	9.55	15092	15095	15099	NONE	3
568	guard-off-fp32-12x8192	1	PC	3	2	C	C	29.7400001436	103.591	19	3244	8.0	1791460564696841.476	1791460564696849.476	1791460564696819.756	1791460564696849.496	29.74	-1.4360000122337624e-07	21.72	0.02	8.65	6.48	8.12	15106	15109	15113	NONE	3
569	guard-off-fp32-12x8192	1	PC	4	1	C	P	30.4199997336	102.901	19	3249	8.1	1791460564696937.596	1791460564696945.696	1791460564696922.276	1791460564696952.696	30.42	2.6640000072575276e-07	15.32	7.0	8.81	7.39	7.57	15120	15123	15127	NONE	4
570	guard-off-fp32-12x8192	1	PC	4	2	P	P	24.6600005776	102.101	19	3254	7.8	1791460564697047.140	1791460564697054.940	1791460564697030.300	1791460564697054.980	24.68	0.019999422399997968	16.84	0.04	8.55	7.31	7.64	15134	15137	15141	NONE	4
571	guard-off-fp32-12x8192	1	PC	4	1	P	P	21.9199992716	100.581	19	3259	7.9	1791460564697145.860	1791460564697153.760	1791460564697138.520	1791460564697160.420	21.9	-0.0199992715999997	7.34	6.66	8.57	6.95	7.36	15148	15151	15155	NONE	4
572	guard-off-fp32-12x8192	1	PC	4	2	P	C	24.9199997634	102.231	19	3264	8.68	1791460564697253.524	1791460564697262.204	1791460564697251.624	1791460564697276.544	24.92	2.3660000181280338e-07	1.9	14.34	8.19	6.89	8.27	15162	15165	15169	NONE	4
573	guard-off-fp32-12x8192	1	PC	4	1	C	C	38.5399982333	108.671	19	3269	7.24	1791460564697366.884	1791460564697374.124	1791460564697349.704	1791460564697388.244	38.54	1.7667000022925095e-06	17.18	14.12	9.96	7.31	7.72	15176	15179	15183	NONE	4
574	guard-off-fp32-12x8192	1	PC	4	2	C	P	113.880001009	173.901	19	3274	98.86	1791460564697474.708	1791460564697573.568	1791460564697459.728	1791460564697573.588	113.86	-0.020001008999997794	14.98	0.02	8.08	7.11	8.04	15190	15193	15197	NONE	4
575	guard-off-fp32-12x8192	1	PC	4	1	P	C	40.6999997795	110.641	19	3280	7.24	1791460564697662.732	1791460564697669.972	1791460564697643.072	1791460564697683.752	40.68	-0.019999779499997317	19.66	13.78	10.21	8.15	9.23	15205	15208	15212	NONE	4
576	guard-off-fp32-12x8192	1	PC	4	2	C	C	31.5000005066	115.901	19	3285	6.6	1791460564697768.712	1791460564697775.312	1791460564697752.032	1791460564697783.512	31.48	-0.020000506599998857	16.68	8.2	8.29	7.09	8.17	15219	15222	15226	NONE	4
577	guard-off-fp32-12x8192	2	PC	5	1	C	P	31.660001725	109.541	19	3291	7.5	1791460564697987.056	1791460564697994.556	1791460564697962.936	1791460564697994.576	31.64	-0.020001725000000192	24.12	0.02	10.03	7.26	8.01	15241	15244	15248	NONE	1
578	guard-off-fp32-12x8192	2	PC	5	2	P	P	24.8000007123	104.881	19	3296	7.36	1791460564698085.820	1791460564698093.180	1791460564698082.580	1791460564698107.360	24.78	-0.02000071229999989	3.24	14.18	9.47	7.41	7.73	15255	15258	15262	NONE	1
579	guard-off-fp32-12x8192	2	PC	5	1	P	P	30.2399992943	102.591	19	3301	7.64	1791460564698202.980	1791460564698210.620	1791460564698184.080	1791460564698214.340	30.26	0.020000705700002896	18.9	3.72	9.31	7.03	7.76	15269	15272	15276	NONE	1
580	guard-off-fp32-12x8192	2	PC	5	2	P	C	33.3399996161	104.611	19	3306	7.14	1791460564698317.004	1791460564698324.144	1791460564698290.824	1791460564698324.164	33.34	3.8390000156596216e-07	26.18	0.02	8.46	7.26	7.61	15283	15286	15290	NONE	1
581	guard-off-fp32-12x8192	2	PC	5	1	C	C	43.0799983442	104.341	19	3311	5.14	1791460564698417.468	1791460564698422.608	1791460564698400.084	1791460564698443.168	43.084	0.004001655800003334	17.384	20.56	8.6	7.43	7.56	15297	15300	15304	NONE	1
582	guard-off-fp32-12x8192	2	PC	5	2	C	P	33.7999984622	107.781	19	3316	7.18	1791460564698528.188	1791460564698535.368	1791460564698510.868	1791460564698544.668	33.8	1.5377999957877364e-06	17.32	9.3	10.84	7.13	7.88	15311	15314	15318	NONE	1
583	guard-off-fp32-12x8192	2	PC	5	1	P	C	97.4799990654	168.951	19	3321	81.34	1791460564698643.472	1791460564698724.812	1791460564698627.372	1791460564698724.832	97.46	-0.019999065400000404	16.1	0.02	8.35	7.18	7.71	15325	15328	15332	NONE	1
584	guard-off-fp32-12x8192	2	PC	5	2	C	C	34.7400009632	115.271	19	3327	9.06	1791460564698816.596	1791460564698825.656	1791460564698799.552	1791460564698834.296	34.744	0.003999036799996247	17.044	8.64	10.1	7.83	9.74	15340	15343	15347	NONE	1
585	guard-off-fp32-12x8192	2	PC	6	1	C	P	97.7799966931	170.092	19	3332	77.824	1791460564698947.256	1791460564699025.080	1791460564698927.316	1791460564699025.120	97.804	0.02400330689999919	19.94	0.04	9.25	6.82	8.54	15354	15357	15361	NONE	2
586	guard-off-fp32-12x8192	2	PC	6	2	P	P	21.5799994767	112.281	19	3338	6.78	1791460564699118.880	1791460564699125.660	1791460564699104.120	1791460564699125.680	21.56	-0.019999476700000685	14.76	0.02	9.16	6.98	8.96	15369	15372	15376	NONE	2
587	guard-off-fp32-12x8192	2	PC	6	1	P	P	27.5800004601	105.041	19	3343	9.94	1791460564699224.444	1791460564699234.384	1791460564699221.844	1791460564699249.444	27.6	0.01999953990000236	2.6	15.06	8.6	7.12	7.95	15383	15386	15390	NONE	2
588	guard-off-fp32-12x8192	2	PC	6	2	P	C	37.2599996626	113.851	19	3348	11.18	1791460564699333.504	1791460564699344.684	1791460564699329.864	1791460564699367.124	37.26	3.3739999594217807e-07	3.64	22.44	8.62	7.69	8.12	15397	15400	15404	NONE	2
589	guard-off-fp32-12x8192	2	PC	6	1	C	C	40.0400012732	112.061	19	3353	8.18	1791460564699453.028	1791460564699461.208	1791460564699444.588	1791460564699484.648	40.06	0.019998726800004363	8.44	23.44	8.62	6.92	8.26	15411	15414	15418	NONE	2
590	guard-off-fp32-12x8192	2	PC	6	2	C	P	22.9800008237	115.441	19	3358	14.54	1791460564699581.888	1791460564699596.428	1791460564699575.728	1791460564699598.708	22.98	-8.236999988753269e-07	6.16	2.28	8.41	7.31	8.57	15425	15428	15432	NONE	2
591	guard-off-fp32-12x8192	2	PC	6	1	P	C	669.13998127	741.026	19	3363	627.092	1791460564699720.892	1791460564700347.984	1791460564699678.852	1791460564700348.004	669.152	0.012018730000022515	42.04	0.02	8.87	8.24	29.52	15439	15442	15446	NONE	2
592	guard-off-fp32-12x8192	2	PC	6	2	C	C	83.7199985981	157.841	19	3369	76.14	1791460564700442.128	1791460564700518.268	1791460564700434.568	1791460564700518.288	83.72	1.4018999934251042e-06	7.56	0.02	8.86	7.05	10.02	15454	15457	15461	NONE	2
593	guard-off-fp32-12x8192	2	PC	7	1	C	P	33.1600010395	111.761	19	3375	9.14	1791460564700598.268	1791460564700607.408	1791460564700587.228	1791460564700620.412	33.184	0.023998960499994837	11.04	13.004	8.68	7.25	8.63	15469	15472	15476	NONE	3
594	guard-off-fp32-12x8192	2	PC	7	2	P	P	25.2599995583	117.251	19	3380	8.26	1791460564700724.892	1791460564700733.152	1791460564700721.792	1791460564700747.052	25.26	4.417000027956419e-07	3.1	13.9	10.41	9.69	8.21	15483	15486	15490	NONE	3
595	guard-off-fp32-12x8192	2	PC	7	1	P	P	47.9199998081	114.131	19	3385	32.3	1791460564700840.576	1791460564700872.876	1791460564700824.976	1791460564700872.896	47.92	1.9189999989066564e-07	15.6	0.02	8.87	7.29	7.87	15497	15500	15504	NONE	3
596	guard-off-fp32-12x8192	2	PC	7	2	P	C	22.7400008589	103.381	19	3390	8.8	1791460564700954.056	1791460564700962.856	1791460564700946.136	1791460564700968.896	22.76	0.01999914110000134	7.92	6.04	8.84	7.19	8.01	15511	15514	15518	NONE	3
597	guard-off-fp32-12x8192	2	PC	7	1	C	C	25.0400006771	107.131	19	3395	7.44	1791460564701067.140	1791460564701074.580	1791460564701060.440	1791460564701085.480	25.04	-6.771000009564432e-07	6.7	10.9	9.14	8.49	7.52	15525	15528	15532	NONE	3
598	guard-off-fp32-12x8192	2	PC	7	2	C	P	165.659993887	236.652	19	3400	157.024	1791460564701180.140	1791460564701337.164	1791460564701171.520	1791460564701337.184	165.664	0.004006112999974221	8.62	0.02	8.53	7.24	7.92	15539	15542	15546	NONE	3
599	guard-off-fp32-12x8192	2	PC	7	1	P	C	39.3400005996	107.151	19	3406	15.7	1791460564701439.028	1791460564701454.728	1791460564701415.404	1791460564701454.748	39.344	0.00399940039999791	23.624	0.02	8.83	7.21	9.09	15554	15557	15561	NONE	3
600	guard-off-fp32-12x8192	2	PC	7	2	C	C	24.0800008178	116.431	19	3411	13.96	1791460564701534.308	1791460564701548.268	1791460564701528.148	1791460564701552.228	24.08	-8.178000001635155e-07	6.16	3.96	8.9	7.83	8.52	15568	15571	15575	NONE	3
601	guard-off-fp32-12x8192	2	PC	8	1	C	P	23.1199990958	137.821	19	3416	16.64	1791460564701691.432	1791460564701708.072	1791460564701684.992	1791460564701708.092	23.1	-0.019999095799999367	6.44	0.02	9.95	7.09	7.82	15582	15585	15589	NONE	4
602	guard-off-fp32-12x8192	2	PC	8	2	P	P	30.5400006473	110.891	19	3421	7.16	1791460564701798.312	1791460564701805.472	1791460564701789.092	1791460564701819.652	30.56	0.01999935269999753	9.22	14.18	9.26	11.31	8.05	15596	15599	15603	NONE	4
603	guard-off-fp32-12x8192	2	PC	8	1	P	P	607.179999352	687.936	19	3426	593.132	1791460564701919.976	1791460564702513.108	1791460564701905.956	1791460564702513.128	607.172	-0.007999351999956161	14.02	0.02	8.58	7.14	8.48	15610	15613	15617	NONE	4
604	guard-off-fp32-12x8192	2	PC	8	2	P	C	34.8800010979	115.491	19	3432	8.88	1791460564702611.028	1791460564702619.908	1791460564702592.068	1791460564702626.952	34.884	0.003998902100001089	18.96	7.044	9.42	7.26	9.87	15625	15628	15632	NONE	4
605	guard-off-fp32-12x8192	2	PC	8	1	C	C	26.2400005013	106.631	19	3437	8.6	1791460564702732.112	1791460564702740.712	1791460564702716.312	1791460564702742.552	26.24	-5.013000006215407e-07	15.8	1.84	8.79	7.2	8.3	15639	15642	15646	NONE	4
606	guard-off-fp32-12x8192	2	PC	8	2	C	P	27.8999991715	106.231	19	3442	8.36	1791460564702837.756	1791460564702846.116	1791460564702822.412	1791460564702850.316	27.904	0.004000828500000608	15.344	4.2	8.73	7.32	8.28	15653	15656	15660	NONE	4
607	guard-off-fp32-12x8192	2	PC	8	1	P	C	44.1600009799	109.181	19	3447	7.56	1791460564702948.736	1791460564702956.296	1791460564702936.816	1791460564702980.976	44.16	-9.799000011412318e-07	11.92	24.68	8.54	7.4	10.44	15667	15670	15674	NONE	4
608	guard-off-fp32-12x8192	2	PC	8	2	C	C	31.0399997979	106.781	19	3452	7.32	1791460564703072.180	1791460564703079.500	1791460564703048.480	1791460564703079.520	31.04	2.0210000073461742e-07	23.7	0.02	9.41	7.34	8.23	15681	15684	15688	NONE	4
609	guard-off-fp32-12x8192	2	PP	5	1	P	P	37.5000014901	104.75	19	3458	7.54	1791460564703243.004	1791460564703250.544	1791460564703223.020	1791460564703260.524	37.504	0.003998509900000613	19.984	9.98	10.14	7.17	7.79	15703	15706	15710	P	
610	guard-off-fp32-12x8192	2	PP	5	2	P	P	20.3399993479	106.311	19	3463	8.42	1791460564703343.324	1791460564703351.744	1791460564703341.384	1791460564703361.704	20.32	-0.019999347900000686	1.94	9.96	9.54	7.77	7.89	15717	15720	15724	P	
611	guard-off-fp32-12x8192	2	PP	5	1	P	P	296.979993582	368.824	19	3468	284.524	1791460564703462.368	1791460564703746.892	1791460564703449.908	1791460564703746.912	297.004	0.02400641799999903	12.46	0.02	9.57	7.23	7.76	15731	15734	15738	P	
612	guard-off-fp32-12x8192	2	PP	5	2	P	P	42.7399985492	107.64	19	3474	23.16	1791460564703841.556	1791460564703864.716	1791460564703821.996	1791460564703864.736	42.74	1.4507999992474652e-06	19.56	0.02	9.75	7.01	9.57	15746	15749	15753	P	
613	guard-off-fp32-12x8192	2	PP	5	1	P	P	39.8400016129	112.37	19	3479	6.5	1791460564703941.776	1791460564703948.276	1791460564703928.976	1791460564703968.816	39.84	-1.612899993119754e-06	12.8	20.54	9.13	7.57	7.86	15760	15763	15767	P	
614	guard-off-fp32-12x8192	2	PP	5	2	P	P	33.2400016487	107.93	19	3484	6.34	1791460564704070.380	1791460564704076.720	1791460564704048.340	1791460564704081.580	33.24	-1.648699999634573e-06	22.04	4.86	8.31	7.28	9.75	15774	15777	15781	P	
615	guard-off-fp32-12x8192	2	PP	5	1	P	P	64.439997077	128.572	19	3489	46.504	1791460564704189.040	1791460564704235.544	1791460564704171.140	1791460564704235.564	64.424	-0.01599707699999442	17.9	0.02	8.6	7.88	8.51	15788	15791	15795	P	
616	guard-off-fp32-12x8192	2	PP	5	2	P	P	40.2199998498	107.121	19	3495	6.68	1791460564704310.044	1791460564704316.724	1791460564704295.944	1791460564704336.144	40.2	-0.01999984979999425	14.1	19.42	9.32	7.92	7.62	15802	15805	15809	P	
617	guard-off-fp32-12x8192	2	PP	6	1	P	P	40.0200001895	105.04	19	3500	8.0	1791460564704426.728	1791460564704434.728	1791460564704407.024	1791460564704447.068	40.044	0.023999810499994112	19.704	12.34	8.99	7.47	8.9	15816	15819	15823	P	
618	guard-off-fp32-12x8192	2	PP	6	2	P	P	37.420000881	106.321	19	3505	9.28	1791460564704532.888	1791460564704542.168	1791460564704519.188	1791460564704556.588	37.4	-0.020000881000001414	13.7	14.42	8.98	7.4	7.69	15830	15833	15837	P	
619	guard-off-fp32-12x8192	2	PP	6	1	P	P	31.660001725	104.081	19	3510	9.66	1791460564704651.432	1791460564704661.092	1791460564704629.472	1791460564704661.112	31.64	-0.020001725000000192	21.96	0.02	9.11	7.14	7.81	15844	15847	15851	P	
620	guard-off-fp32-12x8192	2	PP	6	2	P	P	25.2000000328	117.241	19	3515	7.56	1791460564704776.172	1791460564704783.732	1791460564704758.552	1791460564704783.752	25.2	-3.279999916117049e-08	17.62	0.02	15.45	6.72	7.59	15858	15861	15865	P	
621	guard-off-fp32-12x8192	2	PP	6	1	P	P	28.3599998802	104.491	19	3520	8.02	1791460564704880.696	1791460564704888.716	1791460564704864.096	1791460564704892.436	28.34	-0.01999988020000032	16.6	3.72	8.72	6.76	8.73	15872	15875	15879	P	
622	guard-off-fp32-12x8192	2	PP	6	2	P	P	13.0000002682	104.191	19	3525	8.94	1791460564704988.956	1791460564704997.896	1791460564704984.936	1791460564704997.916	12.98	-0.02000026820000045	4.02	0.02	8.93	7.51	6.82	15886	15889	15893	P	
623	guard-off-fp32-12x8192	2	PP	6	1	P	P	29.580000788	104.041	19	3530	5.66	1791460564705090.900	1791460564705096.560	1791460564705089.280	1791460564705118.860	29.58	-7.880000012505661e-07	1.62	22.3	8.96	7.3	7.75	15900	15903	15907	P	
624	guard-off-fp32-12x8192	2	PP	6	2	P	P	109.77999866	180.032	19	3535	83.144	1791460564705220.420	1791460564705303.564	1791460564705193.820	1791460564705303.604	109.784	0.004001340000002074	26.6	0.04	10.51	7.38	8.11	15914	15917	15921	P	
625	guard-off-fp32-12x8192	2	PP	7	1	P	P	91.0200029612	155.311	19	3541	68.144	1791460564705396.444	1791460564705464.588	1791460564705373.564	1791460564705464.608	91.044	0.023997038799990378	22.88	0.02	9.8	6.9	9.04	15929	15932	15936	P	
626	guard-off-fp32-12x8192	2	PP	7	2	P	P	33.4799997509	104.461	19	3547	7.66	1791460564705546.368	1791460564705554.028	1791460564705540.828	1791460564705574.328	33.5	0.020000249100000644	5.54	20.3	8.69	7.38	8.95	15944	15947	15951	P	
627	guard-off-fp32-12x8192	2	PP	7	1	P	P	22.9599997401	110.051	19	3552	6.3	1791460564705653.152	1791460564705659.452	1791460564705651.032	1791460564705673.992	22.96	2.599000019642972e-07	2.12	14.54	8.49	8.19	9.21	15958	15961	15965	P	
628	guard-off-fp32-12x8192	2	PP	7	2	P	P	60.7400014997	123.181	19	3557	51.4	1791460564705768.852	1791460564705820.252	1791460564705759.532	1791460564705820.272	60.74	-1.4996999979643988e-06	9.32	0.02	9.19	7.21	8.0	15972	15975	15979	P	
629	guard-off-fp32-12x8192	2	PP	7	1	P	P	76.89999789	130.871	19	3563	8.94	1791460564705951.416	1791460564705960.356	1791460564705883.456	1791460564705960.376	76.92	0.02000211000000718	67.96	0.02	8.71	8.99	7.91	15986	15989	15993	P	
630	guard-off-fp32-12x8192	2	PP	7	2	P	P	36.5800000727	99.301	19	3569	10.3	1791460564706039.240	1791460564706049.540	1791460564706023.596	1791460564706060.180	36.584	0.00399992730000065	15.644	10.64	8.16	7.22	7.7	16000	16003	16007	P	
631	guard-off-fp32-12x8192	2	PP	7	1	P	P	32.4800014496	102.431	19	3574	10.28	1791460564706142.860	1791460564706153.140	1791460564706123.840	1791460564706156.300	32.46	-0.020001449600002275	19.02	3.16	8.92	6.97	7.07	16014	16017	16021	P	
632	guard-off-fp32-12x8192	2	PP	7	2	P	P	31.479999423	108.971	19	3579	9.42	1791460564706244.824	1791460564706254.244	1791460564706242.104	1791460564706273.604	31.5	0.02000057700000113	2.72	19.36	8.76	9.19	7.58	16028	16031	16035	P	
633	guard-off-fp32-12x8192	2	PP	8	1	P	P	681.219995022	754.176	19	3584	661.196	1791460564706367.704	1791460564707028.900	1791460564706347.684	1791460564707028.920	681.236	0.016004977999955372	20.02	0.02	8.02	7.03	9.79	16042	16045	16049	P	
634	guard-off-fp32-12x8192	2	PP	8	2	P	P	61.6800002754	134.571	19	3590	47.96	1791460564707128.440	1791460564707176.400	1791460564707114.760	1791460564707176.420	61.66	-0.020000275400001044	13.68	0.02	9.25	7.3	9.24	16057	16060	16064	P	
635	guard-off-fp32-12x8192	2	PP	8	1	P	P	34.8200015724	104.16	19	3595	8.56	1791460564707259.884	1791460564707268.444	1791460564707244.704	1791460564707279.544	34.84	0.019998427600000923	15.18	11.1	9.62	7.48	8.25	16071	16074	16078	P	
636	guard-off-fp32-12x8192	2	PP	8	2	P	P	37.7600006759	115.841	19	3600	7.52	1791460564707382.384	1791460564707389.904	1791460564707352.164	1791460564707389.944	37.78	0.019999324099998717	30.22	0.04	9.26	7.57	9.73	16085	16088	16092	P	
637	guard-off-fp32-12x8192	2	PP	8	1	P	P	24.0199994296	104.831	19	3605	8.08	1791460564707493.988	1791460564707502.068	1791460564707478.048	1791460564707502.088	24.04	0.020000570400000584	15.94	0.02	8.7	7.2	7.54	16099	16102	16106	P	
638	guard-off-fp32-12x8192	2	PP	8	2	P	P	34.8399989307	110.761	19	3610	8.36	1791460564707603.388	1791460564707611.748	1791460564707589.268	1791460564707624.108	34.84	1.0693000049855073e-06	14.12	12.36	9.79	7.29	7.6	16113	16116	16120	P	
639	guard-off-fp32-12x8192	2	PP	8	1	P	P	22.9800008237	117.561	19	3615	8.36	1791460564707729.632	1791460564707737.992	1791460564707726.532	1791460564707749.492	22.96	-0.02000082369999845	3.1	11.5	8.62	7.56	7.87	16127	16130	16134	P	
640	guard-off-fp32-12x8192	2	PP	8	2	P	P	35.5600006878	101.801	19	3620	9.38	1791460564707839.396	1791460564707848.776	1791460564707823.772	1791460564707859.336	35.564	0.00399931220000127	15.624	10.56	8.54	6.83	7.57	16141	16144	16148	P	
641	guard-off-fp32-12x8192	3	PP	9	1	P	P	28.7200007588	103.731	19	3626	8.784	1791460564708022.016	1791460564708030.800	1791460564708003.176	1791460564708031.880	28.704	-0.016000758800000625	18.84	1.08	9.25	7.12	7.39	16163	16166	16170	P	
642	guard-off-fp32-12x8192	3	PP	9	2	P	P	71.4000016451	157.691	19	3631	51.26	1791460564708135.340	1791460564708186.600	1791460564708115.220	1791460564708186.640	71.42	0.019998354899996684	20.12	0.04	8.61	6.89	7.91	16177	16180	16184	P	
643	guard-off-fp32-12x8192	3	PP	9	1	P	P	31.9800004363	109.861	19	3637	7.82	1791460564708296.364	1791460564708304.184	1791460564708279.204	1791460564708311.184	31.98	-4.3629999879613024e-07	17.16	7.0	9.49	7.22	9.81	16192	16195	16199	P	
644	guard-off-fp32-12x8192	3	PP	9	2	P	P	29.6199992299	109.421	19	3642	8.8	1791460564708414.444	1791460564708423.244	1791460564708393.644	1791460564708423.268	29.624	0.004000770099999329	20.8	0.024	9.12	6.41	8.01	16206	16209	16213	P	
645	guard-off-fp32-12x8192	3	PP	9	1	P	P	106.480002403	173.472	19	3647	87.14	1791460564708524.408	1791460564708611.548	1791460564708505.088	1791460564708611.588	106.5	0.0199975969999997	19.32	0.04	9.11	7.77	10.37	16220	16223	16227	P	
646	guard-off-fp32-12x8192	3	PP	9	2	P	P	30.2200000733	111.941	19	3653	13.64	1791460564708707.352	1791460564708720.992	1791460564708690.792	1791460564708721.012	30.22	-7.330000073579868e-08	16.56	0.02	9.29	7.38	9.83	16235	16238	16242	P	
647	guard-off-fp32-12x8192	3	PP	9	1	P	P	46.3199988008	130.031	19	3658	33.924	1791460564708821.152	1791460564708855.076	1791460564708808.752	1791460564708855.096	46.344	0.024001199200000656	12.4	0.02	9.02	7.33	8.34	16249	16252	16256	P	
648	guard-off-fp32-12x8192	3	PP	9	2	P	P	28.5400003195	105.161	19	3663	15.86	1791460564708956.816	1791460564708972.676	1791460564708944.156	1791460564708972.696	28.54	-3.1949999979019594e-07	12.66	0.02	8.86	7.34	8.14	16263	16266	16270	P	
649	guard-off-fp32-12x8192	3	PP	10	1	P	P	102.679997683	176.531	19	3668	85.96	1791460564709071.880	1791460564709157.840	1791460564709055.180	1791460564709157.860	102.68	2.317000010521042e-06	16.7	0.02	9.04	7.78	8.66	16277	16280	16284	P	
650	guard-off-fp32-12x8192	3	PP	10	2	P	P	39.7799983621	121.101	19	3674	31.36	1791460564709252.404	1791460564709283.764	1791460564709244.004	1791460564709283.784	39.78	1.637899998740977e-06	8.4	0.02	9.02	7.15	9.42	16292	16295	16299	P	
651	guard-off-fp32-12x8192	3	PP	10	1	P	P	24.0000002086	104.981	19	3679	8.3	1791460564709373.784	1791460564709382.084	1791460564709358.104	1791460564709382.104	24.0	-2.08599999496073e-07	15.68	0.02	8.97	7.3	8.04	16306	16309	16313	P	
652	guard-off-fp32-12x8192	3	PP	10	2	P	P	165.439993143	240.432	19	3684	156.044	1791460564709485.208	1791460564709641.252	1791460564709475.808	1791460564709641.272	165.464	0.024006856999989168	9.4	0.02	7.9	7.71	8.14	16320	16323	16327	P	
653	guard-off-fp32-12x8192	3	PP	10	1	P	P	36.2600013614	110.171	19	3690	9.0	1791460564709729.772	1791460564709738.772	1791460564709710.572	1791460564709746.812	36.24	-0.02000136139999853	19.2	8.04	9.67	7.0	9.8	16335	16338	16342	P	
654	guard-off-fp32-12x8192	3	PP	10	2	P	P	37.2599996626	106.241	19	3695	8.5	1791460564709846.456	1791460564709854.956	1791460564709828.636	1791460564709865.916	37.28	0.02000033739999907	17.82	10.96	9.2	7.58	8.16	16349	16352	16356	P	
655	guard-off-fp32-12x8192	3	PP	10	1	P	P	37.1400006115	105.551	19	3700	7.36	1791460564709953.156	1791460564709960.516	1791460564709938.636	1791460564709975.796	37.16	0.01999938849999694	14.52	15.28	8.67	7.34	7.31	16363	16366	16370	P	
656	guard-off-fp32-12x8192	3	PP	10	2	P	P	26.9399993122	103.951	19	3705	5.28	1791460564710063.320	1791460564710068.600	1791460564710046.660	1791460564710073.580	26.92	-0.01999931219999951	16.66	4.98	8.89	6.68	8.62	16377	16380	16384	P	
657	guard-off-fp32-12x8192	3	PP	11	1	P	P	35.4800000787	103.621	19	3710	6.94	1791460564710172.040	1791460564710178.980	1791460564710154.820	1791460564710190.300	35.48	-7.870000473531036e-08	17.22	11.32	8.9	7.42	7.54	16391	16394	16398	P	
658	guard-off-fp32-12x8192	3	PP	11	2	P	P	29.8599991947	143.231	19	3715	10.18	1791460564710279.224	1791460564710289.404	1791460564710266.564	1791460564710296.444	29.88	0.02000080530000048	12.66	7.04	9.46	7.52	7.64	16405	16408	16412	P	
659	guard-off-fp32-12x8192	3	PP	11	1	P	P	35.2800004184	107.921	19	3720	6.62	1791460564710428.388	1791460564710435.008	1791460564710413.844	1791460564710449.128	35.284	0.003999581599998692	14.544	14.12	8.81	7.57	8.38	16419	16422	16426	P	
660	guard-off-fp32-12x8192	3	PP	11	2	P	P	99.2999970913	171.592	19	3725	92.84	1791460564710536.508	1791460564710629.348	1791460564710530.048	1791460564710629.372	99.324	0.024002908699998216	6.46	0.024	8.28	7.41	7.42	16433	16436	16440	P	
661	guard-off-fp32-12x8192	3	PP	11	1	P	P	40.8399999142	118.221	19	3731	8.68	1791460564710719.012	1791460564710727.692	1791460564710705.992	1791460564710746.832	40.84	8.580000354641015e-08	13.02	19.14	9.44	8.49	9.46	16448	16451	16455	P	
662	guard-off-fp32-12x8192	3	PP	11	2	P	P	34.8000004888	107.141	19	3736	16.12	1791460564710840.936	1791460564710857.056	1791460564710825.172	1791460564710859.976	34.804	0.003999511199999972	15.764	2.92	8.89	7.4	8.48	16462	16465	16469	P	
663	guard-off-fp32-12x8192	3	PP	11	1	P	P	39.019998163	118.121	19	3741	23.42	1791460564710971.436	1791460564710994.856	1791460564710955.876	1791460564710994.876	39.0	-0.019998162999996794	15.56	0.02	8.91	7.18	8.57	16476	16479	16483	P	
664	guard-off-fp32-12x8192	3	PP	11	2	P	P	35.2800004184	113.341	19	3746	10.18	1791460564711090.420	1791460564711100.600	1791460564711073.860	1791460564711109.140	35.28	-4.1839999909143444e-07	16.56	8.54	9.38	8.25	8.54	16490	16493	16497	P	
665	guard-off-fp32-12x8192	3	PP	12	1	P	P	334.340006113	409.703	19	3751	326.928	1791460564711198.500	1791460564711525.428	1791460564711191.120	1791460564711525.448	334.328	-0.012006113000040841	7.38	0.02	9.05	7.63	7.26	16504	16507	16511	P	
666	guard-off-fp32-12x8192	3	PP	12	2	P	P	31.7000001669	123.851	19	3757	9.86	1791460564711613.708	1791460564711623.568	1791460564711598.628	1791460564711630.348	31.72	0.0199998330999982	15.08	6.78	9.41	7.4	9.39	16519	16522	16526	P	
667	guard-off-fp32-12x8192	3	PP	12	1	P	P	219.84000504	290.093	19	3762	204.484	1791460564711746.292	1791460564711950.776	1791460564711730.972	1791460564711950.796	219.824	-0.016005039999981818	15.32	0.02	9.04	7.35	8.08	16533	16536	16540	P	
668	guard-off-fp32-12x8192	3	PP	12	2	P	P	21.8599997461	105.551	19	3768	7.74	1791460564712033.580	1791460564712041.320	1791460564712031.436	1791460564712053.300	21.864	0.004000253899999251	2.144	11.98	8.6	6.98	9.17	16548	16551	16555	P	
669	guard-off-fp32-12x8192	3	PP	12	1	P	P	25.739999488	103.471	19	3773	7.66	1791460564712150.420	1791460564712158.080	1791460564712133.540	1791460564712159.280	25.74	5.119999997305058e-07	16.88	1.2	8.76	7.27	8.24	16562	16565	16569	P	
670	guard-off-fp32-12x8192	3	PP	12	2	P	P	22.0199991018	106.361	19	3778	7.84	1791460564712263.424	1791460564712271.264	1791460564712249.264	1791460564712271.284	22.02	8.98199999710414e-07	14.16	0.02	9.13	7.04	7.83	16576	16579	16583	P	
671	guard-off-fp32-12x8192	3	PP	12	1	P	P	34.1599993408	104.641	19	3783	7.14	1791460564712367.624	1791460564712374.764	1791460564712349.264	1791460564712383.404	34.14	-0.019999340799998322	18.36	8.64	8.63	7.4	7.3	16590	16593	16597	P	
672	guard-off-fp32-12x8192	3	PP	12	2	P	P	21.3600005955	127.661	19	3788	6.64	1791460564712472.288	1791460564712478.928	1791460564712470.068	1791460564712491.408	21.34	-0.020000595500000884	2.22	12.48	9.67	8.03	8.14	16604	16607	16611	P	
673	guard-off-fp32-12x8192	3	PC	9	1	C	P	115.719996393	191.602	19	3794	111.68	1791460564712680.212	1791460564712791.892	1791460564712676.192	1791460564712791.912	115.72	3.6069999964638555e-06	4.02	0.02	9.42	7.0	7.78	16626	16629	16633	NONE	1
674	guard-off-fp32-12x8192	3	PC	9	2	P	P	27.2000003606	107.251	19	3800	6.86	1791460564712877.656	1791460564712884.516	1791460564712875.216	1791460564712902.416	27.2	-3.6060000141446835e-07	2.44	17.9	8.9	7.1	8.6	16641	16644	16648	NONE	1
675	guard-off-fp32-12x8192	3	PC	9	1	P	P	27.6800002903	105.931	19	3805	6.6	1791460564713001.256	1791460564713007.856	1791460564712980.216	1791460564713007.876	27.66	-0.0200002903000005	21.04	0.02	8.6	7.28	9.1	16655	16658	16662	NONE	1
676	guard-off-fp32-12x8192	3	PC	9	2	P	C	35.1600013673	105.081	19	3810	7.48	1791460564713104.540	1791460564713112.020	1791460564713089.800	1791460564713124.980	35.18	0.019998632700001906	14.74	12.96	8.54	7.44	8.66	16669	16672	16676	NONE	1
677	guard-off-fp32-12x8192	3	PC	9	1	C	C	35.0599996746	107.491	19	3815	7.44	1791460564713210.620	1791460564713218.060	1791460564713194.100	1791460564713229.164	35.064	0.004000325399999838	16.52	11.104	8.58	7.51	8.76	16683	16686	16690	NONE	1
678	guard-off-fp32-12x8192	3	PC	9	2	C	P	32.4800014496	106.701	19	3820	5.32	1791460564713327.044	1791460564713332.364	1791460564713309.784	1791460564713342.244	32.46	-0.020001449600002275	17.26	9.88	8.79	6.9	8.08	16697	16700	16704	NONE	1
679	guard-off-fp32-12x8192	3	PC	9	1	P	C	31.3399992883	102.621	19	3825	6.86	1791460564713439.128	1791460564713445.988	1791460564713419.704	1791460564713451.048	31.344	0.004000711700001602	19.424	5.06	8.61	7.19	7.84	16711	16714	16718	NONE	1
680	guard-off-fp32-12x8192	3	PC	9	2	C	C	24.9799992889	102.18	19	3830	5.52	1791460564713546.848	1791460564713552.368	1791460564713530.908	1791460564713555.888	24.98	7.111000002169021e-07	15.94	3.52	8.57	7.62	7.99	16725	16728	16732	NONE	1
681	guard-off-fp32-12x8192	3	PC	10	1	C	P	43.8800007105	105.36	19	3835	6.48	1791460564713653.492	1791460564713659.972	1791460564713631.812	1791460564713675.672	43.86	-0.02000071049999974	21.68	15.7	9.46	7.04	8.79	16739	16742	16746	NONE	2
682	guard-off-fp32-12x8192	3	PC	10	2	P	P	31.6400006413	102.561	19	3840	6.82	1791460564713758.772	1791460564713765.592	1791460564713746.572	1791460564713778.212	31.64	-6.412999979943379e-07	12.2	12.62	8.69	7.19	8.47	16753	16756	16760	NONE	2
683	guard-off-fp32-12x8192	3	PC	10	1	P	P	77.6399970055	147.602	19	3845	70.6	1791460564713862.476	1791460564713933.076	1791460564713855.436	1791460564713933.096	77.66	0.020002994499989768	7.04	0.02	8.53	7.33	7.96	16767	16770	16774	NONE	2
684	guard-off-fp32-12x8192	3	PC	10	2	P	C	33.1600010395	114.891	19	3851	10.084	1791460564714027.736	1791460564714037.820	1791460564714012.876	1791460564714046.040	33.164	0.003998960499998816	14.86	8.22	9.43	7.98	10.61	16782	16785	16789	NONE	2
685	guard-off-fp32-12x8192	3	PC	10	1	C	C	25.1800008118	108.601	19	3856	6.78	1791460564714153.040	1791460564714159.820	1791460564714134.640	1791460564714159.840	25.2	0.019999188199999907	18.4	0.02	8.82	7.07	9.05	16796	16799	16803	NONE	2
686	guard-off-fp32-12x8192	3	PC	10	2	C	P	24.4600009173	103.34	19	3861	17.16	1791460564714254.204	1791460564714271.364	1791460564714248.584	1791460564714273.064	24.48	0.01999908270000006	5.62	1.7	8.84	7.34	7.79	16810	16813	16817	NONE	2
687	guard-off-fp32-12x8192	3	PC	10	1	P	C	29.7200009227	108.03	19	3866	10.52	1791460564714368.784	1791460564714379.304	1791460564714349.584	1791460564714379.324	29.74	0.019999077299999612	19.2	0.02	8.73	7.61	8.2	16824	16827	16831	NONE	2
688	guard-off-fp32-12x8192	3	PC	10	2	C	C	16.9399995357	102.961	19	3871	9.42	1791460564714473.428	1791460564714482.848	1791460564714469.808	1791460564714486.728	16.92	-0.01999953569999846	3.62	3.88	8.03	7.26	8.01	16838	16841	16845	NONE	2
689	guard-off-fp32-12x8192	3	PC	11	1	C	P	30.9399999678	103.551	19	3876	9.84	1791460564714589.708	1791460564714599.548	1791460564714568.628	1791460564714599.588	30.96	0.020000032200002238	21.08	0.04	8.31	6.9	7.91	16852	16855	16859	NONE	3
690	guard-off-fp32-12x8192	3	PC	11	2	P	P	30.680000782	106.391	19	3881	6.46	1791460564714685.792	1791460564714692.252	1791460564714675.712	1791460564714706.392	30.68	-7.820000007541239e-07	10.08	14.14	9.4	7.4	7.74	16866	16869	16873	NONE	3
691	guard-off-fp32-12x8192	3	PC	11	1	P	P	609.979987144	694.956	19	3886	595.792	1791460564714814.572	1791460564715410.364	1791460564714800.392	1791460564715410.384	609.992	0.012012855999955718	14.18	0.02	8.28	7.11	9.26	16880	16883	16887	NONE	3
692	guard-off-fp32-12x8192	3	PC	11	2	P	C	35.5399996042	108.571	19	3892	10.96	1791460564715507.308	1791460564715518.268	1791460564715489.688	1791460564715525.208	35.52	-0.019999604199995247	17.62	6.94	9.84	7.36	9.3	16895	16898	16902	NONE	3
693	guard-off-fp32-12x8192	3	PC	11	1	C	C	25.1800008118	103.341	19	3897	8.4	1791460564715610.748	1791460564715619.148	1791460564715602.588	1791460564715627.788	25.2	0.019999188199999907	8.16	8.64	9.23	7.46	7.95	16909	16912	16916	NONE	3
694	guard-off-fp32-12x8192	3	PC	11	2	C	P	57.5800016522	120.691	19	3902	40.22	1791460564715740.592	1791460564715780.812	1791460564715723.272	1791460564715780.832	57.56	-0.020001652200001274	17.32	0.02	8.48	7.18	8.18	16923	16926	16930	NONE	3
695	guard-off-fp32-12x8192	3	PC	11	1	P	C	84.9199965596	159.312	19	3907	80.64	1791460564715857.796	1791460564715938.436	1791460564715853.556	1791460564715938.456	84.9	-0.019996559599988473	4.24	0.02	8.45	7.08	7.9	16937	16940	16944	NONE	3
696	guard-off-fp32-12x8192	3	PC	11	2	C	C	28.3400006592	107.9	19	3913	10.184	1791460564716034.956	1791460564716045.140	1791460564716016.796	1791460564716045.160	28.364	0.023999340799999658	18.16	0.02	9.12	7.18	9.22	16952	16955	16959	NONE	3
697	guard-off-fp32-12x8192	3	PC	12	1	C	P	34.8999984562	104.78	19	3918	10.04	1791460564716139.820	1791460564716149.860	1791460564716126.140	1791460564716161.020	34.88	-0.019998456199999737	13.68	11.16	8.73	6.89	8.47	16966	16969	16973	NONE	4
698	guard-off-fp32-12x8192	3	PC	12	2	P	P	31.1799999326	106.431	19	3923	8.16	1791460564716249.964	1791460564716258.124	1791460564716236.204	1791460564716267.384	31.18	6.739999847127365e-08	13.76	9.26	8.11	7.16	8.65	16980	16983	16987	NONE	4
699	guard-off-fp32-12x8192	3	PC	12	1	P	P	26.9799996167	102.791	19	3928	5.92	1791460564716358.304	1791460564716364.224	1791460564716344.664	1791460564716371.624	26.96	-0.019999616699998057	13.64	7.4	8.14	6.86	7.92	16994	16997	17001	NONE	4
700	guard-off-fp32-12x8192	3	PC	12	2	P	C	475.279986858	586.525	19	3933	460.588	1791460564716473.688	1791460564716934.276	1791460564716459.028	1791460564716934.316	475.288	0.008013142000038442	14.66	0.04	8.33	7.37	7.67	17008	17011	17015	NONE	4
701	guard-off-fp32-12x8192	3	PC	12	1	C	C	41.3799993694	150.172	19	3939	18.68	1791460564717090.300	1791460564717108.980	1791460564717075.760	1791460564717117.140	41.38	6.306000059908001e-07	14.54	8.16	13.58	7.99	15.4	17023	17026	17030	NONE	4
702	guard-off-fp32-12x8192	3	PC	12	2	C	P	355.239987373	434.753	19	3944	339.948	1791460564717234.940	1791460564717574.888	1791460564717219.680	1791460564717574.928	355.248	0.008012626999970962	15.26	0.04	8.99	7.68	10.61	17037	17040	17044	NONE	4
703	guard-off-fp32-12x8192	3	PC	12	1	P	C	36.9599983096	110.641	19	3950	7.24	1791460564717661.852	1791460564717669.092	1791460564717643.652	1791460564717680.592	36.94	-0.01999830960000537	18.2	11.5	8.95	7.37	9.98	17052	17055	17059	NONE	4
704	guard-off-fp32-12x8192	3	PC	12	2	C	C	21.759999916	108.841	19	3955	8.98	1791460564717775.612	1791460564717784.592	1791460564717772.872	1791460564717794.632	21.76	8.39999998447638e-08	2.74	10.04	8.77	7.4	8.24	17066	17069	17073	NONE	4
705	guard-off-fp32-12x8192	4	PC	13	1	C	P	27.0199999213	112.141	19	3961	8.48	1791460564717974.756	1791460564717983.236	1791460564717962.236	1791460564717989.256	27.02	7.870000118259668e-08	12.52	6.02	9.26	7.51	8.17	17088	17091	17095	NONE	1
706	guard-off-fp32-12x8192	4	PC	13	2	P	P	29.6400003135	111.971	19	3966	8.68	1791460564718095.280	1791460564718103.960	1791460564718075.260	1791460564718104.920	29.66	0.01999968650000028	20.02	0.96	8.74	7.21	7.69	17102	17105	17109	NONE	1
707	guard-off-fp32-12x8192	4	PC	13	1	P	P	26.2400005013	110.791	19	3971	10.12	1791460564718212.500	1791460564718222.620	1791460564718196.400	1791460564718222.660	26.26	0.019999498700002505	16.1	0.04	8.93	7.03	8.15	17116	17119	17123	NONE	1
708	guard-off-fp32-12x8192	4	PC	13	2	P	C	21.0200008005	101.321	19	3976	8.78	1791460564718318.204	1791460564718326.984	1791460564718316.164	1791460564718337.164	21.0	-0.020000800500000082	2.04	10.18	7.92	7.3	7.73	17130	17133	17137	NONE	1
709	guard-off-fp32-12x8192	4	PC	13	1	C	C	25.0199995935	102.181	19	3981	7.54	1791460564718437.108	1791460564718444.648	1791460564718419.644	1791460564718444.668	25.024	0.004000406500001219	17.464	0.02	8.26	7.08	7.91	17144	17147	17151	NONE	1
710	guard-off-fp32-12x8192	4	PC	13	2	C	P	21.4000009	102.871	19	3986	7.22	1791460564718533.868	1791460564718541.088	1791460564718529.668	1791460564718551.088	21.42	0.019999100000003267	4.2	10.0	8.64	7.27	7.85	17158	17161	17165	NONE	1
711	guard-off-fp32-12x8192	4	PC	13	1	P	C	31.4400009811	100.741	19	3991	7.224	1791460564718638.548	1791460564718645.772	1791460564718636.268	1791460564718667.732	31.464	0.02399901889999967	2.28	21.96	8.58	7.18	7.76	17172	17175	17179	NONE	1
712	guard-off-fp32-12x8192	4	PC	13	2	C	C	273.200005293	336.382	19	3996	258.984	1791460564718747.492	1791460564719006.476	1791460564718733.312	1791460564719006.496	273.184	-0.016005292999977883	14.18	0.02	8.83	7.06	8.15	17186	17189	17193	NONE	1
713	guard-off-fp32-12x8192	4	PC	14	1	C	P	27.3400004953	109.45	19	4002	7.1	1791460564719090.840	1791460564719097.940	1791460564719085.800	1791460564719113.140	27.34	-4.953000001250984e-07	5.04	15.2	9.09	7.49	9.28	17201	17204	17208	NONE	2
714	guard-off-fp32-12x8192	4	PC	14	2	P	P	28.5800006241	104.571	19	4007	6.7	1791460564719216.040	1791460564719222.740	1791460564719194.200	1791460564719222.760	28.56	-0.020000624099999698	21.84	0.02	9.0	7.13	8.22	17215	17218	17222	NONE	2
715	guard-off-fp32-12x8192	4	PC	14	1	P	P	28.5000000149	102.871	19	4012	6.5	1791460564719321.324	1791460564719327.824	1791460564719299.364	1791460564719327.844	28.48	-0.02000001489999903	21.96	0.02	8.69	6.74	8.08	17229	17232	17236	NONE	2
716	guard-off-fp32-12x8192	4	PC	14	2	P	C	62.4600015581	143.312	19	4017	57.064	1791460564719427.684	1791460564719484.748	1791460564719422.324	1791460564719484.788	62.464	0.003998441900002092	5.36	0.04	8.02	6.84	7.85	17243	17246	17250	NONE	2
717	guard-off-fp32-12x8192	4	PC	14	1	C	C	29.4400006533	110.901	19	4023	8.86	1791460564719575.228	1791460564719584.088	1791460564719559.868	1791460564719589.288	29.42	-0.02000065329999856	15.36	5.2	9.25	7.5	10.2	17258	17261	17265	NONE	2
718	guard-off-fp32-12x8192	4	PC	14	2	C	P	48.4599992633	120.971	19	4028	9.28	1791460564719705.392	1791460564719714.672	1791460564719675.932	1791460564719724.412	48.48	0.020000736699998356	29.46	9.74	8.31	8.05	20.37	17272	17275	17279	NONE	2
719	guard-off-fp32-12x8192	4	PC	14	1	P	C	47.6999990642	115.841	19	4033	7.92	1791460564719818.232	1791460564719826.152	1791460564719799.732	1791460564719847.436	47.704	0.0040009358000006046	18.5	21.284	9.01	7.67	8.15	17286	17289	17293	NONE	2
720	guard-off-fp32-12x8192	4	PC	14	2	C	C	65.8200010657	130.601	19	4038	54.32	1791460564719936.756	1791460564719991.076	1791460564719925.276	1791460564719991.096	65.82	-1.065700004687642e-06	11.48	0.02	8.66	7.31	7.7	17300	17303	17307	NONE	2
721	guard-off-fp32-12x8192	4	PC	15	1	C	P	229.259997606	292.742	19	4044	212.004	1791460564720075.040	1791460564720287.044	1791460564720057.800	1791460564720287.064	229.264	0.004002393999996912	17.24	0.02	8.92	7.41	8.65	17314	17317	17321	NONE	3
722	guard-off-fp32-12x8192	4	PC	15	2	P	P	30.6199993938	104.601	19	4050	8.16	1791460564720371.444	1791460564720379.604	1791460564720358.164	1791460564720388.784	30.62	6.062000004192214e-07	13.28	9.18	9.71	7.04	8.93	17329	17332	17336	NONE	3
723	guard-off-fp32-12x8192	4	PC	15	1	P	P	29.5000001788	101.731	19	4055	8.18	1791460564720475.688	1791460564720483.868	1791460564720462.648	1791460564720492.148	29.5	-1.7880000058312362e-07	13.04	8.28	9.3	6.96	8.04	17343	17346	17350	NONE	3
724	guard-off-fp32-12x8192	4	PC	15	2	P	C	16.9600006193	127.461	19	4060	9.28	1791460564720619.228	1791460564720628.508	1791460564720611.568	1791460564720628.548	16.98	0.019999380699999847	7.66	0.04	8.58	10.26	8.73	17357	17360	17364	NONE	3
725	guard-off-fp32-12x8192	4	PC	15	1	C	C	31.1999991536	108.061	19	4065	7.38	1791460564720727.492	1791460564720734.872	1791460564720703.692	1791460564720734.892	31.2	8.463999989771764e-07	23.8	0.02	8.79	8.03	8.37	17371	17374	17378	NONE	3
726	guard-off-fp32-12x8192	4	PC	15	2	C	P	636.059999466	704.176	19	4070	623.936	1791460564720828.912	1791460564721452.848	1791460564720816.812	1791460564721452.888	636.076	0.01600053399999979	12.1	0.04	9.04	7.11	8.1	17385	17388	17392	NONE	3
727	guard-off-fp32-12x8192	4	PC	15	1	P	C	35.9399989247	114.371	19	4076	6.84	1791460564721543.068	1791460564721549.908	1791460564721522.528	1791460564721558.488	35.96	0.020001075300001503	20.54	8.58	9.36	7.3	10.81	17400	17403	17407	NONE	3
728	guard-off-fp32-12x8192	4	PC	15	2	C	C	62.0200000703	117.831	19	4081	43.68	1791460564721664.612	1791460564721708.292	1791460564721646.272	1791460564721708.312	62.04	0.019999929699999086	18.34	0.02	8.56	7.55	8.1	17414	17417	17421	NONE	3
729	guard-off-fp32-12x8192	4	PC	16	1	C	P	30.4799992591	103.781	19	4086	9.98	1791460564721788.572	1791460564721798.552	1791460564721769.712	1791460564721800.212	30.5	0.020000740899998704	18.86	1.66	8.85	7.01	8.31	17428	17431	17435	NONE	4
730	guard-off-fp32-12x8192	4	PC	16	2	P	P	26.2000001967	102.111	19	4091	10.02	1791460564721891.596	1791460564721901.616	1791460564721879.776	1791460564721905.996	26.22	0.019999803299999286	11.82	4.38	8.7	6.84	7.95	17442	17445	17449	NONE	4
731	guard-off-fp32-12x8192	4	PC	16	1	P	P	27.7800001204	101.921	19	4096	10.74	1791460564722008.316	1791460564722019.056	1791460564721991.276	1791460564722019.076	27.8	0.01999987960000027	17.04	0.02	8.07	6.94	11.02	17456	17459	17463	NONE	4
732	guard-off-fp32-12x8192	4	PC	16	2	P	C	27.7200005949	101.631	19	4101	10.24	1791460564722104.680	1791460564722114.920	1791460564722089.880	1791460564722117.580	27.7	-0.020000594900000834	14.8	2.66	8.25	6.83	7.82	17470	17473	17477	NONE	4
733	guard-off-fp32-12x8192	4	PC	16	1	C	C	35.4200005531	101.461	19	4106	7.74	1791460564722212.920	1791460564722220.660	1791460564722196.060	1791460564722231.480	35.42	-5.531000013547782e-07	16.86	10.82	8.98	7.22	7.99	17484	17487	17491	NONE	4
734	guard-off-fp32-12x8192	4	PC	16	2	C	P	26.380000636	97.881	19	4111	7.48	1791460564722324.324	1791460564722331.804	1791460564722305.444	1791460564722331.824	26.38	-6.359999993321708e-07	18.88	0.02	8.33	7.2	7.68	17498	17501	17505	NONE	4
735	guard-off-fp32-12x8192	4	PC	16	1	P	C	34.3200005591	104.611	19	4116	6.56	1791460564722421.724	1791460564722428.284	1791460564722405.484	1791460564722439.788	34.304	-0.01600055910000009	16.24	11.504	8.64	7.55	7.97	17512	17515	17519	NONE	4
736	guard-off-fp32-12x8192	4	PC	16	2	C	C	22.8000003844	101.21	19	4121	6.3	1791460564722527.068	1791460564722533.368	1791460564722515.248	1791460564722538.048	22.8	-3.843999998309755e-07	11.82	4.68	7.84	7.39	7.46	17526	17529	17533	NONE	4
737	guard-off-fp32-12x8192	4	PP	13	1	P	P	31.8400003016	103.121	19	4127	8.12	1791460564722699.632	1791460564722707.752	1791460564722679.032	1791460564722710.872	31.84	-3.0160000008550014e-07	20.6	3.12	10.29	7.36	8.01	17548	17551	17555	P	
738	guard-off-fp32-12x8192	4	PP	13	2	P	P	28.599999845	103.421	19	4132	9.84	1791460564722808.892	1791460564722818.732	1791460564722790.152	1791460564722818.752	28.6	1.5500000216661647e-07	18.74	0.02	9.04	7.0	7.77	17562	17565	17569	P	
739	guard-off-fp32-12x8192	4	PP	13	1	P	P	36.5200005472	111.221	19	4137	8.3	1791460564722920.816	1791460564722929.116	1791460564722897.036	1791460564722933.576	36.54	0.019999452800000483	23.78	4.46	15.09	7.07	7.16	17576	17579	17583	P	
740	guard-off-fp32-12x8192	4	PP	13	2	P	P	37.9399992526	104.711	19	4142	8.34	1791460564723031.856	1791460564723040.196	1791460564723014.596	1791460564723052.520	37.924	-0.0159992526000039	17.26	12.324	9.16	7.82	8.28	17590	17593	17597	P	
741	guard-off-fp32-12x8192	4	PP	13	1	P	P	73.0800032616	151.541	19	4147	60.38	1791460564723148.660	1791460564723209.040	1791460564723136.000	1791460564723209.060	73.06	-0.02000326159999588	12.66	0.02	8.66	7.0	7.93	17604	17607	17611	P	
742	guard-off-fp32-12x8192	4	PP	13	2	P	P	21.9000000507	105.371	19	4153	7.54	1791460564723302.424	1791460564723309.964	1791460564723288.264	1791460564723310.164	21.9	-5.070000241857997e-08	14.16	0.2	8.92	7.18	8.75	17619	17622	17626	P	
743	guard-off-fp32-12x8192	4	PP	13	1	P	P	100.859999657	171.781	19	4158	88.484	1791460564723412.424	1791460564723500.908	1791460564723400.064	1791460564723500.948	100.884	0.024000342999997315	12.36	0.04	9.42	7.16	7.52	17633	17636	17640	P	
744	guard-off-fp32-12x8192	4	PP	13	2	P	P	35.1400002837	104.321	19	4164	16.26	1791460564723589.968	1791460564723606.228	1791460564723573.808	1791460564723608.928	35.12	-0.020000283699999954	16.16	2.7	8.89	6.97	8.18	17648	17651	17655	P	
745	guard-off-fp32-12x8192	4	PP	14	1	P	P	120.339997113	222.992	19	4169	118.28	1791460564723714.192	1791460564723832.472	1791460564723712.172	1791460564723832.492	120.32	-0.019997113000002287	2.02	0.02	8.25	7.62	25.65	17662	17665	17669	P	
746	guard-off-fp32-12x8192	4	PP	14	2	P	P	16.8999992311	106.981	19	4175	6.78	1791460564723920.156	1791460564723926.936	1791460564723916.236	1791460564723933.136	16.9	7.688999978938682e-07	3.92	6.2	8.75	7.18	9.25	17677	17680	17684	P	
747	guard-off-fp32-12x8192	4	PP	14	1	P	P	178.080007434	248.912	19	4180	162.324	1791460564724038.816	1791460564724201.140	1791460564724023.076	1791460564724201.160	178.084	0.003992565999993758	15.74	0.02	10.79	8.35	7.75	17691	17694	17698	P	
748	guard-off-fp32-12x8192	4	PP	14	2	P	P	401.699990034	479.264	19	4186	391.068	1791460564724299.384	1791460564724690.452	1791460564724288.764	1791460564724690.472	401.708	0.008009966000031454	10.62	0.02	8.7	7.41	9.33	17706	17709	17713	P	
749	guard-off-fp32-12x8192	4	PP	14	1	P	P	78.780002892	140.201	19	4192	64.0	1791460564724774.212	1791460564724838.212	1791460564724759.452	1791460564724838.232	78.78	-2.8919999977006228e-06	14.76	0.02	8.99	7.24	9.04	17721	17724	17728	P	
750	guard-off-fp32-12x8192	4	PP	14	2	P	P	82.1999981999	153.711	19	4198	71.66	1791460564724924.756	1791460564724996.416	1791460564724914.236	1791460564724996.456	82.22	0.02000180010000463	10.52	0.04	8.87	7.48	8.74	17736	17739	17743	P	
751	guard-off-fp32-12x8192	4	PP	14	1	P	P	32.5599983335	110.481	19	4204	10.06	1791460564725091.560	1791460564725101.620	1791460564725069.080	1791460564725101.640	32.56	1.6665000046600653e-06	22.48	0.02	8.97	6.77	9.26	17751	17754	17758	P	
752	guard-off-fp32-12x8192	4	PP	14	2	P	P	29.9800001085	105.391	19	4209	7.58	1791460564725198.640	1791460564725206.220	1791460564725180.060	1791460564725210.040	29.98	-1.0850000009554606e-07	18.58	3.82	8.3	7.09	8.41	17765	17768	17772	P	
753	guard-off-fp32-12x8192	4	PP	15	1	P	P	33.5999988019	104.121	19	4214	8.74	1791460564725308.044	1791460564725316.784	1791460564725291.824	1791460564725325.444	33.62	0.020001198099997453	16.22	8.66	8.85	6.94	7.82	17779	17782	17786	P	
754	guard-off-fp32-12x8192	4	PP	15	2	P	P	26.2599997222	103.061	19	4219	7.72	1791460564725419.104	1791460564725426.824	1791460564725415.664	1791460564725441.948	26.284	0.024000277799999026	3.44	15.124	8.47	7.07	7.69	17793	17796	17800	P	
755	guard-off-fp32-12x8192	4	PP	15	1	P	P	21.9400003552	109.281	19	4224	8.3	1791460564725529.068	1791460564725537.368	1791460564725517.768	1791460564725539.688	21.92	-0.02000035519999699	11.3	2.32	8.28	6.93	13.36	17807	17810	17814	P	
756	guard-off-fp32-12x8192	4	PP	15	2	P	P	280.600011349	350.413	19	4229	259.804	1791460564725643.812	1791460564725903.616	1791460564725623.028	1791460564725903.636	280.608	0.00798865100000512	20.784	0.02	8.41	7.05	7.76	17821	17824	17828	P	
757	guard-off-fp32-12x8192	4	PP	15	1	P	P	37.8599986434	106.441	19	4235	7.72	1791460564725992.136	1791460564725999.856	1791460564725972.476	1791460564726010.316	37.84	-0.01999864339999391	19.66	10.46	8.94	7.14	9.19	17836	17839	17843	P	
758	guard-off-fp32-12x8192	4	PP	15	2	P	P	33.259999007	107.481	19	4240	8.66	1791460564726097.780	1791460564726106.440	1791460564726083.760	1791460564726117.000	33.24	-0.019999006999995572	14.02	10.56	9.07	8.07	8.53	17850	17853	17857	P	
759	guard-off-fp32-12x8192	4	PP	15	1	P	P	45.71999982	111.331	19	4245	8.38	1791460564726221.780	1791460564726230.160	1791460564726194.220	1791460564726239.920	45.7	-0.01999981999999534	27.56	9.76	8.72	7.55	9.53	17864	17867	17871	P	
760	guard-off-fp32-12x8192	4	PP	15	2	P	P	39.9199984968	104.541	19	4250	8.6	1791460564726331.084	1791460564726339.684	1791460564726312.124	1791460564726352.024	39.9	-0.019998496799999543	18.96	12.34	8.42	7.2	8.35	17878	17881	17885	P	
761	guard-off-fp32-12x8192	4	PP	16	1	P	P	40.1999987662	104.79	19	4255	8.464	1791460564726440.524	1791460564726448.988	1791460564726424.484	1791460564726464.708	40.224	0.024001233799999966	16.04	15.72	8.53	7.67	7.5	17892	17895	17899	P	
762	guard-off-fp32-12x8192	4	PP	16	2	P	P	24.6600005776	104.2	19	4260	7.54	1791460564726550.548	1791460564726558.088	1791460564726534.128	1791460564726558.808	24.68	0.019999422399997968	16.42	0.72	8.8	6.7	7.95	17906	17909	17913	P	
763	guard-off-fp32-12x8192	4	PP	16	1	P	P	145.940005779	216.552	19	4265	129.02	1791460564726665.112	1791460564726794.132	1791460564726648.188	1791460564726794.152	145.964	0.023994221000009475	16.924	0.02	8.69	7.2	7.77	17920	17923	17927	P	
764	guard-off-fp32-12x8192	4	PP	16	2	P	P	33.4799997509	104.531	19	4271	5.98	1791460564726884.176	1791460564726890.156	1791460564726864.236	1791460564726897.736	33.5	0.020000249100000644	19.94	7.58	9.16	6.57	8.65	17935	17938	17942	P	
765	guard-off-fp32-12x8192	4	PP	16	1	P	P	22.840000689	100.441	19	4276	6.42	1791460564726988.936	1791460564726995.356	1791460564726979.476	1791460564727002.296	22.82	-0.02000068899999974	9.46	6.94	8.82	6.91	8.52	17949	17952	17956	P	
766	guard-off-fp32-12x8192	4	PP	16	2	P	P	25.8000008762	102.091	19	4281	6.78	1791460564727096.540	1791460564727103.320	1791460564727084.360	1791460564727110.160	25.8	-8.761999978901258e-07	12.18	6.84	8.42	6.96	7.63	17963	17966	17970	P	
767	guard-off-fp32-12x8192	4	PP	16	1	P	P	35.6599986553	101.351	19	4286	5.5	1791460564727196.720	1791460564727202.220	1791460564727184.020	1791460564727219.660	35.64	-0.019998655300000223	12.7	17.44	9.3	6.7	7.66	17977	17980	17984	P	
768	guard-off-fp32-12x8192	4	PP	16	2	P	P	32.2800017893	108.431	19	4291	5.3	1791460564727306.484	1791460564727311.784	1791460564727292.444	1791460564727324.724	32.28	-1.7893000006097282e-06	14.04	12.94	8.89	9.21	8.03	17991	17994	17998	P	
