ordinal	pid	rows	width	device	phase	comparison	phase_index	group	cycle	pair	sequence_index	position	slot	previous_slot	swapped	function_address	previous_function_address	output_address	previous_output_address	x	residual	gamma	bias
1	3775510	16	32768	0	correctness	CORRECTNESS	0	0	-1	-1	-1	0	P	?	0	0xffffa6cba320	0	0x12c041600000	0	0x12c041200000	0x12c041400000	0x12c0c0013000	0x12c0c0024000
2	3775510	16	32768	0	correctness	CORRECTNESS	0	0	-1	-1	-1	0	C	P	0	0xffffa6c1a370	0xffffa6cba320	0x12c041800000	0x12c041600000	0x12c041200000	0x12c041400000	0x12c0c0013000	0x12c0c0024000
3	3775510	16	32768	0	correctness	CORRECTNESS	0	0	-1	-1	-1	0	P	C	0	0xffffa6cba320	0xffffa6c1a370	0x12c041600000	0x12c041800000	0x12c041200000	0x12c041400000	0x12c0c0013000	0x12c0c0024000
4	3775510	16	32768	0	correctness	CORRECTNESS	0	0	-1	-1	-1	0	C	P	0	0xffffa6c1a370	0xffffa6cba320	0x12c041800000	0x12c041600000	0x12c041200000	0x12c041400000	0x12c0c0013000	0x12c0c0024000
5	3775510	16	32768	0	warmup	PP	1	1	-1	0	0	1	P	C	0	0xffffa6cba320	0xffffa6c1a370	0x12c041600000	0x12c041800000	0x12c041200000	0x12c041400000	0x12c0c0013000	0x12c0c0024000
6	3775510	16	32768	0	warmup	PP	1	1	-1	0	1	2	C	P	0	0xffffa6cba320	0xffffa6cba320	0x12c041800000	0x12c041600000	0x12c041200000	0x12c041400000	0x12c0c0013000	0x12c0c0024000
7	3775510	16	32768	0	warmup	PP	1	1	-1	1	2	1	C	C	0	0xffffa6cba320	0xffffa6cba320	0x12c041800000	0x12c041800000	0x12c041200000	0x12c041400000	0x12c0c0013000	0x12c0c0024000
8	3775510	16	32768	0	warmup	PP	1	1	-1	1	3	2	P	C	0	0xffffa6cba320	0xffffa6cba320	0x12c041600000	0x12c041800000	0x12c041200000	0x12c041400000	0x12c0c0013000	0x12c0c0024000
9	3775510	16	32768	0	warmup	PP	1	1	-1	2	4	1	P	P	0	0xffffa6cba320	0xffffa6cba320	0x12c041600000	0x12c041600000	0x12c041200000	0x12c041400000	0x12c0c0013000	0x12c0c0024000
10	3775510	16	32768	0	warmup	PP	1	1	-1	2	5	2	C	P	0	0xffffa6cba320	0xffffa6cba320	0x12c041800000	0x12c041600000	0x12c041200000	0x12c041400000	0x12c0c0013000	0x12c0c0024000
11	3775510	16	32768	0	warmup	PP	1	1	-1	3	6	1	C	C	0	0xffffa6cba320	0xffffa6cba320	0x12c041800000	0x12c041800000	0x12c041200000	0x12c041400000	0x12c0c0013000	0x12c0c0024000
12	3775510	16	32768	0	warmup	PP	1	1	-1	3	7	2	P	C	0	0xffffa6cba320	0xffffa6cba320	0x12c041600000	0x12c041800000	0x12c041200000	0x12c041400000	0x12c0c0013000	0x12c0c0024000
13	3775510	16	32768	0	warmup	PP	1	1	-1	4	8	1	P	P	0	0xffffa6cba320	0xffffa6cba320	0x12c041600000	0x12c041600000	0x12c041200000	0x12c041400000	0x12c0c0013000	0x12c0c0024000
14	3775510	16	32768	0	warmup	PP	1	1	-1	4	9	2	C	P	0	0xffffa6cba320	0xffffa6cba320	0x12c041800000	0x12c041600000	0x12c041200000	0x12c041400000	0x12c0c0013000	0x12c0c0024000
15	3775510	16	32768	0	warmup	PP	1	1	-1	5	10	1	C	C	0	0xffffa6cba320	0xffffa6cba320	0x12c041800000	0x12c041800000	0x12c041200000	0x12c041400000	0x12c0c0013000	0x12c0c0024000
16	3775510	16	32768	0	warmup	PP	1	1	-1	5	11	2	P	C	0	0xffffa6cba320	0xffffa6cba320	0x12c041600000	0x12c041800000	0x12c041200000	0x12c041400000	0x12c0c0013000	0x12c0c0024000
17	3775510	16	32768	0	warmup	PP	1	1	-1	6	12	1	P	P	0	0xffffa6cba320	0xffffa6cba320	0x12c041600000	0x12c041600000	0x12c041200000	0x12c041400000	0x12c0c0013000	0x12c0c0024000
18	3775510	16	32768	0	warmup	PP	1	1	-1	6	13	2	C	P	0	0xffffa6cba320	0xffffa6cba320	0x12c041800000	0x12c041600000	0x12c041200000	0x12c041400000	0x12c0c0013000	0x12c0c0024000
19	3775510	16	32768	0	warmup	PP	1	1	-1	7	14	1	C	C	0	0xffffa6cba320	0xffffa6cba320	0x12c041800000	0x12c041800000	0x12c041200000	0x12c041400000	0x12c0c0013000	0x12c0c0024000
20	3775510	16	32768	0	warmup	PP	1	1	-1	7	15	2	P	C	0	0xffffa6cba320	0xffffa6cba320	0x12c041600000	0x12c041800000	0x12c041200000	0x12c041400000	0x12c0c0013000	0x12c0c0024000
21	3775510	16	32768	0	warmup	PP	1	1	-1	8	16	1	P	P	0	0xffffa6cba320	0xffffa6cba320	0x12c041600000	0x12c041600000	0x12c041200000	0x12c041400000	0x12c0c0013000	0x12c0c0024000
22	3775510	16	32768	0	warmup	PP	1	1	-1	8	17	2	C	P	0	0xffffa6cba320	0xffffa6cba320	0x12c041800000	0x12c041600000	0x12c041200000	0x12c041400000	0x12c0c0013000	0x12c0c0024000
23	3775510	16	32768	0	warmup	PP	1	1	-1	9	18	1	C	C	0	0xffffa6cba320	0xffffa6cba320	0x12c041800000	0x12c041800000	0x12c041200000	0x12c041400000	0x12c0c0013000	0x12c0c0024000
24	3775510	16	32768	0	warmup	PP	1	1	-1	9	19	2	P	C	0	0xffffa6cba320	0xffffa6cba320	0x12c041600000	0x12c041800000	0x12c041200000	0x12c041400000	0x12c0c0013000	0x12c0c0024000
25	3775510	16	32768	0	warmup	PP	1	1	-1	10	20	1	P	P	0	0xffffa6cba320	0xffffa6cba320	0x12c041600000	0x12c041600000	0x12c041200000	0x12c041400000	0x12c0c0013000	0x12c0c0024000
26	3775510	16	32768	0	warmup	PP	1	1	-1	10	21	2	C	P	0	0xffffa6cba320	0xffffa6cba320	0x12c041800000	0x12c041600000	0x12c041200000	0x12c041400000	0x12c0c0013000	0x12c0c0024000
27	3775510	16	32768	0	warmup	PP	1	1	-1	11	22	1	C	C	0	0xffffa6cba320	0xffffa6cba320	0x12c041800000	0x12c041800000	0x12c041200000	0x12c041400000	0x12c0c0013000	0x12c0c0024000
28	3775510	16	32768	0	warmup	PP	1	1	-1	11	23	2	P	C	0	0xffffa6cba320	0xffffa6cba320	0x12c041600000	0x12c041800000	0x12c041200000	0x12c041400000	0x12c0c0013000	0x12c0c0024000
29	3775510	16	32768	0	warmup	PP	1	1	-1	12	24	1	P	P	0	0xffffa6cba320	0xffffa6cba320	0x12c041600000	0x12c041600000	0x12c041200000	0x12c041400000	0x12c0c0013000	0x12c0c0024000
30	3775510	16	32768	0	warmup	PP	1	1	-1	12	25	2	C	P	0	0xffffa6cba320	0xffffa6cba320	0x12c041800000	0x12c041600000	0x12c041200000	0x12c041400000	0x12c0c0013000	0x12c0c0024000
31	3775510	16	32768	0	warmup	PP	1	1	-1	13	26	1	C	C	0	0xffffa6cba320	0xffffa6cba320	0x12c041800000	0x12c041800000	0x12c041200000	0x12c041400000	0x12c0c0013000	0x12c0c0024000
32	3775510	16	32768	0	warmup	PP	1	1	-1	13	27	2	P	C	0	0xffffa6cba320	0xffffa6cba320	0x12c041600000	0x12c041800000	0x12c041200000	0x12c041400000	0x12c0c0013000	0x12c0c0024000
33	3775510	16	32768	0	warmup	PP	1	1	-1	14	28	1	P	P	0	0xffffa6cba320	0xffffa6cba320	0x12c041600000	0x12c041600000	0x12c041200000	0x12c041400000	0x12c0c0013000	0x12c0c0024000
34	3775510	16	32768	0	warmup	PP	1	1	-1	14	29	2	C	P	0	0xffffa6cba320	0xffffa6cba320	0x12c041800000	0x12c041600000	0x12c041200000	0x12c041400000	0x12c0c0013000	0x12c0c0024000
35	3775510	16	32768	0	warmup	PP	1	1	-1	15	30	1	C	C	0	0xffffa6cba320	0xffffa6cba320	0x12c041800000	0x12c041800000	0x12c041200000	0x12c041400000	0x12c0c0013000	0x12c0c0024000
36	3775510	16	32768	0	warmup	PP	1	1	-1	15	31	2	P	C	0	0xffffa6cba320	0xffffa6cba320	0x12c041600000	0x12c041800000	0x12c041200000	0x12c041400000	0x12c0c0013000	0x12c0c0024000
37	3775510	16	32768	0	warmup	PP	1	1	-1	16	32	1	P	P	0	0xffffa6cba320	0xffffa6cba320	0x12c041600000	0x12c041600000	0x12c041200000	0x12c041400000	0x12c0c0013000	0x12c0c0024000
38	3775510	16	32768	0	warmup	PP	1	1	-1	16	33	2	C	P	0	0xffffa6cba320	0xffffa6cba320	0x12c041800000	0x12c041600000	0x12c041200000	0x12c041400000	0x12c0c0013000	0x12c0c0024000
39	3775510	16	32768	0	warmup	PP	1	1	-1	17	34	1	C	C	0	0xffffa6cba320	0xffffa6cba320	0x12c041800000	0x12c041800000	0x12c041200000	0x12c041400000	0x12c0c0013000	0x12c0c0024000
40	3775510	16	32768	0	warmup	PP	1	1	-1	17	35	2	P	C	0	0xffffa6cba320	0xffffa6cba320	0x12c041600000	0x12c041800000	0x12c041200000	0x12c041400000	0x12c0c0013000	0x12c0c0024000
41	3775510	16	32768	0	warmup	PP	1	1	-1	18	36	1	P	P	0	0xffffa6cba320	0xffffa6cba320	0x12c041600000	0x12c041600000	0x12c041200000	0x12c041400000	0x12c0c0013000	0x12c0c0024000
42	3775510	16	32768	0	warmup	PP	1	1	-1	18	37	2	C	P	0	0xffffa6cba320	0xffffa6cba320	0x12c041800000	0x12c041600000	0x12c041200000	0x12c041400000	0x12c0c0013000	0x12c0c0024000
43	3775510	16	32768	0	warmup	PP	1	1	-1	19	38	1	C	C	0	0xffffa6cba320	0xffffa6cba320	0x12c041800000	0x12c041800000	0x12c041200000	0x12c041400000	0x12c0c0013000	0x12c0c0024000
44	3775510	16	32768	0	warmup	PP	1	1	-1	19	39	2	P	C	0	0xffffa6cba320	0xffffa6cba320	0x12c041600000	0x12c041800000	0x12c041200000	0x12c041400000	0x12c0c0013000	0x12c0c0024000
45	3775510	16	32768	0	warmup	PP	1	1	-1	20	40	1	P	P	0	0xffffa6cba320	0xffffa6cba320	0x12c041600000	0x12c041600000	0x12c041200000	0x12c041400000	0x12c0c0013000	0x12c0c0024000
46	3775510	16	32768	0	warmup	PP	1	1	-1	20	41	2	C	P	0	0xffffa6cba320	0xffffa6cba320	0x12c041800000	0x12c041600000	0x12c041200000	0x12c041400000	0x12c0c0013000	0x12c0c0024000
47	3775510	16	32768	0	warmup	PP	1	1	-1	21	42	1	C	C	0	0xffffa6cba320	0xffffa6cba320	0x12c041800000	0x12c041800000	0x12c041200000	0x12c041400000	0x12c0c0013000	0x12c0c0024000
48	3775510	16	32768	0	warmup	PP	1	1	-1	21	43	2	P	C	0	0xffffa6cba320	0xffffa6cba320	0x12c041600000	0x12c041800000	0x12c041200000	0x12c041400000	0x12c0c0013000	0x12c0c0024000
49	3775510	16	32768	0	warmup	PP	1	1	-1	22	44	1	P	P	0	0xffffa6cba320	0xffffa6cba320	0x12c041600000	0x12c041600000	0x12c041200000	0x12c041400000	0x12c0c0013000	0x12c0c0024000
50	3775510	16	32768	0	warmup	PP	1	1	-1	22	45	2	C	P	0	0xffffa6cba320	0xffffa6cba320	0x12c041800000	0x12c041600000	0x12c041200000	0x12c041400000	0x12c0c0013000	0x12c0c0024000
51	3775510	16	32768	0	warmup	PP	1	1	-1	23	46	1	C	C	0	0xffffa6cba320	0xffffa6cba320	0x12c041800000	0x12c041800000	0x12c041200000	0x12c041400000	0x12c0c0013000	0x12c0c0024000
52	3775510	16	32768	0	warmup	PP	1	1	-1	23	47	2	P	C	0	0xffffa6cba320	0xffffa6cba320	0x12c041600000	0x12c041800000	0x12c041200000	0x12c041400000	0x12c0c0013000	0x12c0c0024000
53	3775510	16	32768	0	warmup	PP	1	1	-1	24	48	1	P	P	0	0xffffa6cba320	0xffffa6cba320	0x12c041600000	0x12c041600000	0x12c041200000	0x12c041400000	0x12c0c0013000	0x12c0c0024000
54	3775510	16	32768	0	warmup	PP	1	1	-1	24	49	2	C	P	0	0xffffa6cba320	0xffffa6cba320	0x12c041800000	0x12c041600000	0x12c041200000	0x12c041400000	0x12c0c0013000	0x12c0c0024000
55	3775510	16	32768	0	warmup	PP	1	1	-1	25	50	1	C	C	0	0xffffa6cba320	0xffffa6cba320	0x12c041800000	0x12c041800000	0x12c041200000	0x12c041400000	0x12c0c0013000	0x12c0c0024000
56	3775510	16	32768	0	warmup	PP	1	1	-1	25	51	2	P	C	0	0xffffa6cba320	0xffffa6cba320	0x12c041600000	0x12c041800000	0x12c041200000	0x12c041400000	0x12c0c0013000	0x12c0c0024000
57	3775510	16	32768	0	warmup	PP	1	1	-1	26	52	1	P	P	0	0xffffa6cba320	0xffffa6cba320	0x12c041600000	0x12c041600000	0x12c041200000	0x12c041400000	0x12c0c0013000	0x12c0c0024000
58	3775510	16	32768	0	warmup	PP	1	1	-1	26	53	2	C	P	0	0xffffa6cba320	0xffffa6cba320	0x12c041800000	0x12c041600000	0x12c041200000	0x12c041400000	0x12c0c0013000	0x12c0c0024000
59	3775510	16	32768	0	warmup	PP	1	1	-1	27	54	1	C	C	0	0xffffa6cba320	0xffffa6cba320	0x12c041800000	0x12c041800000	0x12c041200000	0x12c041400000	0x12c0c0013000	0x12c0c0024000
60	3775510	16	32768	0	warmup	PP	1	1	-1	27	55	2	P	C	0	0xffffa6cba320	0xffffa6cba320	0x12c041600000	0x12c041800000	0x12c041200000	0x12c041400000	0x12c0c0013000	0x12c0c0024000
61	3775510	16	32768	0	warmup	PP	1	1	-1	28	56	1	P	P	0	0xffffa6cba320	0xffffa6cba320	0x12c041600000	0x12c041600000	0x12c041200000	0x12c041400000	0x12c0c0013000	0x12c0c0024000
62	3775510	16	32768	0	warmup	PP	1	1	-1	28	57	2	C	P	0	0xffffa6cba320	0xffffa6cba320	0x12c041800000	0x12c041600000	0x12c041200000	0x12c041400000	0x12c0c0013000	0x12c0c0024000
63	3775510	16	32768	0	warmup	PP	1	1	-1	29	58	1	C	C	0	0xffffa6cba320	0xffffa6cba320	0x12c041800000	0x12c041800000	0x12c041200000	0x12c041400000	0x12c0c0013000	0x12c0c0024000
64	3775510	16	32768	0	warmup	PP	1	1	-1	29	59	2	P	C	0	0xffffa6cba320	0xffffa6cba320	0x12c041600000	0x12c041800000	0x12c041200000	0x12c041400000	0x12c0c0013000	0x12c0c0024000
65	3775510	16	32768	0	warmup	PP	1	1	-1	30	60	1	P	P	0	0xffffa6cba320	0xffffa6cba320	0x12c041600000	0x12c041600000	0x12c041200000	0x12c041400000	0x12c0c0013000	0x12c0c0024000
66	3775510	16	32768	0	warmup	PP	1	1	-1	30	61	2	C	P	0	0xffffa6cba320	0xffffa6cba320	0x12c041800000	0x12c041600000	0x12c041200000	0x12c041400000	0x12c0c0013000	0x12c0c0024000
67	3775510	16	32768	0	warmup	PP	1	1	-1	31	62	1	C	C	0	0xffffa6cba320	0xffffa6cba320	0x12c041800000	0x12c041800000	0x12c041200000	0x12c041400000	0x12c0c0013000	0x12c0c0024000
68	3775510	16	32768	0	warmup	PP	1	1	-1	31	63	2	P	C	0	0xffffa6cba320	0xffffa6cba320	0x12c041600000	0x12c041800000	0x12c041200000	0x12c041400000	0x12c0c0013000	0x12c0c0024000
69	3775510	16	32768	0	warmup	PP	1	1	-1	32	64	1	P	P	0	0xffffa6cba320	0xffffa6cba320	0x12c041600000	0x12c041600000	0x12c041200000	0x12c041400000	0x12c0c0013000	0x12c0c0024000
70	3775510	16	32768	0	warmup	PP	1	1	-1	32	65	2	C	P	0	0xffffa6cba320	0xffffa6cba320	0x12c041800000	0x12c041600000	0x12c041200000	0x12c041400000	0x12c0c0013000	0x12c0c0024000
71	3775510	16	32768	0	warmup	PP	1	1	-1	33	66	1	C	C	0	0xffffa6cba320	0xffffa6cba320	0x12c041800000	0x12c041800000	0x12c041200000	0x12c041400000	0x12c0c0013000	0x12c0c0024000
72	3775510	16	32768	0	warmup	PP	1	1	-1	33	67	2	P	C	0	0xffffa6cba320	0xffffa6cba320	0x12c041600000	0x12c041800000	0x12c041200000	0x12c041400000	0x12c0c0013000	0x12c0c0024000
73	3775510	16	32768	0	warmup	PP	1	1	-1	34	68	1	P	P	0	0xffffa6cba320	0xffffa6cba320	0x12c041600000	0x12c041600000	0x12c041200000	0x12c041400000	0x12c0c0013000	0x12c0c0024000
74	3775510	16	32768	0	warmup	PP	1	1	-1	34	69	2	C	P	0	0xffffa6cba320	0xffffa6cba320	0x12c041800000	0x12c041600000	0x12c041200000	0x12c041400000	0x12c0c0013000	0x12c0c0024000
75	3775510	16	32768	0	warmup	PP	1	1	-1	35	70	1	C	C	0	0xffffa6cba320	0xffffa6cba320	0x12c041800000	0x12c041800000	0x12c041200000	0x12c041400000	0x12c0c0013000	0x12c0c0024000
76	3775510	16	32768	0	warmup	PP	1	1	-1	35	71	2	P	C	0	0xffffa6cba320	0xffffa6cba320	0x12c041600000	0x12c041800000	0x12c041200000	0x12c041400000	0x12c0c0013000	0x12c0c0024000
77	3775510	16	32768	0	warmup	PP	1	1	-1	36	72	1	P	P	0	0xffffa6cba320	0xffffa6cba320	0x12c041600000	0x12c041600000	0x12c041200000	0x12c041400000	0x12c0c0013000	0x12c0c0024000
78	3775510	16	32768	0	warmup	PP	1	1	-1	36	73	2	C	P	0	0xffffa6cba320	0xffffa6cba320	0x12c041800000	0x12c041600000	0x12c041200000	0x12c041400000	0x12c0c0013000	0x12c0c0024000
79	3775510	16	32768	0	warmup	PP	1	1	-1	37	74	1	C	C	0	0xffffa6cba320	0xffffa6cba320	0x12c041800000	0x12c041800000	0x12c041200000	0x12c041400000	0x12c0c0013000	0x12c0c0024000
80	3775510	16	32768	0	warmup	PP	1	1	-1	37	75	2	P	C	0	0xffffa6cba320	0xffffa6cba320	0x12c041600000	0x12c041800000	0x12c041200000	0x12c041400000	0x12c0c0013000	0x12c0c0024000
81	3775510	16	32768	0	warmup	PP	1	1	-1	38	76	1	P	P	0	0xffffa6cba320	0xffffa6cba320	0x12c041600000	0x12c041600000	0x12c041200000	0x12c041400000	0x12c0c0013000	0x12c0c0024000
82	3775510	16	32768	0	warmup	PP	1	1	-1	38	77	2	C	P	0	0xffffa6cba320	0xffffa6cba320	0x12c041800000	0x12c041600000	0x12c041200000	0x12c041400000	0x12c0c0013000	0x12c0c0024000
83	3775510	16	32768	0	warmup	PP	1	1	-1	39	78	1	C	C	0	0xffffa6cba320	0xffffa6cba320	0x12c041800000	0x12c041800000	0x12c041200000	0x12c041400000	0x12c0c0013000	0x12c0c0024000
84	3775510	16	32768	0	warmup	PP	1	1	-1	39	79	2	P	C	0	0xffffa6cba320	0xffffa6cba320	0x12c041600000	0x12c041800000	0x12c041200000	0x12c041400000	0x12c0c0013000	0x12c0c0024000
85	3775510	16	32768	0	warmup	PP	1	1	-1	40	80	1	P	P	0	0xffffa6cba320	0xffffa6cba320	0x12c041600000	0x12c041600000	0x12c041200000	0x12c041400000	0x12c0c0013000	0x12c0c0024000
86	3775510	16	32768	0	warmup	PP	1	1	-1	40	81	2	C	P	0	0xffffa6cba320	0xffffa6cba320	0x12c041800000	0x12c041600000	0x12c041200000	0x12c041400000	0x12c0c0013000	0x12c0c0024000
87	3775510	16	32768	0	warmup	PP	1	1	-1	41	82	1	C	C	0	0xffffa6cba320	0xffffa6cba320	0x12c041800000	0x12c041800000	0x12c041200000	0x12c041400000	0x12c0c0013000	0x12c0c0024000
88	3775510	16	32768	0	warmup	PP	1	1	-1	41	83	2	P	C	0	0xffffa6cba320	0xffffa6cba320	0x12c041600000	0x12c041800000	0x12c041200000	0x12c041400000	0x12c0c0013000	0x12c0c0024000
89	3775510	16	32768	0	warmup	PP	1	1	-1	42	84	1	P	P	0	0xffffa6cba320	0xffffa6cba320	0x12c041600000	0x12c041600000	0x12c041200000	0x12c041400000	0x12c0c0013000	0x12c0c0024000
90	3775510	16	32768	0	warmup	PP	1	1	-1	42	85	2	C	P	0	0xffffa6cba320	0xffffa6cba320	0x12c041800000	0x12c041600000	0x12c041200000	0x12c041400000	0x12c0c0013000	0x12c0c0024000
91	3775510	16	32768	0	warmup	PP	1	1	-1	43	86	1	C	C	0	0xffffa6cba320	0xffffa6cba320	0x12c041800000	0x12c041800000	0x12c041200000	0x12c041400000	0x12c0c0013000	0x12c0c0024000
92	3775510	16	32768	0	warmup	PP	1	1	-1	43	87	2	P	C	0	0xffffa6cba320	0xffffa6cba320	0x12c041600000	0x12c041800000	0x12c041200000	0x12c041400000	0x12c0c0013000	0x12c0c0024000
93	3775510	16	32768	0	warmup	PP	1	1	-1	44	88	1	P	P	0	0xffffa6cba320	0xffffa6cba320	0x12c041600000	0x12c041600000	0x12c041200000	0x12c041400000	0x12c0c0013000	0x12c0c0024000
94	3775510	16	32768	0	warmup	PP	1	1	-1	44	89	2	C	P	0	0xffffa6cba320	0xffffa6cba320	0x12c041800000	0x12c041600000	0x12c041200000	0x12c041400000	0x12c0c0013000	0x12c0c0024000
95	3775510	16	32768	0	prime	PP	1	1	0	-1	-1	0	C	C	0	0xffffa6cba320	0xffffa6cba320	0x12c041800000	0x12c041800000	0x12c041200000	0x12c041400000	0x12c0c0013000	0x12c0c0024000
96	3775510	16	32768	0	timed	PP	1	1	0	2	0	1	P	C	0	0xffffa6cba320	0xffffa6cba320	0x12c041600000	0x12c041800000	0x12c041200000	0x12c041400000	0x12c0c0013000	0x12c0c0024000
97	3775510	16	32768	0	timed	PP	1	1	0	1	1	2	P	P	0	0xffffa6cba320	0xffffa6cba320	0x12c041600000	0x12c041600000	0x12c041200000	0x12c041400000	0x12c0c0013000	0x12c0c0024000
98	3775510	16	32768	0	timed	PP	1	1	0	0	2	1	P	P	0	0xffffa6cba320	0xffffa6cba320	0x12c041600000	0x12c041600000	0x12c041200000	0x12c041400000	0x12c0c0013000	0x12c0c0024000
99	3775510	16	32768	0	timed	PP	1	1	0	1	3	2	C	P	0	0xffffa6cba320	0xffffa6cba320	0x12c041800000	0x12c041600000	0x12c041200000	0x12c041400000	0x12c0c0013000	0x12c0c0024000
100	3775510	16	32768	0	timed	PP	1	1	0	2	4	1	C	C	0	0xffffa6cba320	0xffffa6cba320	0x12c041800000	0x12c041800000	0x12c041200000	0x12c041400000	0x12c0c0013000	0x12c0c0024000
101	3775510	16	32768	0	timed	PP	1	1	0	3	5	2	P	C	0	0xffffa6cba320	0xffffa6cba320	0x12c041600000	0x12c041800000	0x12c041200000	0x12c041400000	0x12c0c0013000	0x12c0c0024000
102	3775510	16	32768	0	timed	PP	1	1	0	0	6	1	C	P	0	0xffffa6cba320	0xffffa6cba320	0x12c041800000	0x12c041600000	0x12c041200000	0x12c041400000	0x12c0c0013000	0x12c0c0024000
103	3775510	16	32768	0	timed	PP	1	1	0	3	7	2	C	C	0	0xffffa6cba320	0xffffa6cba320	0x12c041800000	0x12c041800000	0x12c041200000	0x12c041400000	0x12c0c0013000	0x12c0c0024000
104	3775510	16	32768	0	prime	PP	1	1	1	-1	-1	0	P	C	0	0xffffa6cba320	0xffffa6cba320	0x12c041600000	0x12c041800000	0x12c041200000	0x12c041400000	0x12c0c0013000	0x12c0c0024000
105	3775510	16	32768	0	timed	PP	1	1	1	4	0	1	C	P	0	0xffffa6cba320	0xffffa6cba320	0x12c041800000	0x12c041600000	0x12c041200000	0x12c041400000	0x12c0c0013000	0x12c0c0024000
106	3775510	16	32768	0	timed	PP	1	1	1	7	1	2	C	C	0	0xffffa6cba320	0xffffa6cba320	0x12c041800000	0x12c041800000	0x12c041200000	0x12c041400000	0x12c0c0013000	0x12c0c0024000
107	3775510	16	32768	0	timed	PP	1	1	1	6	2	1	C	C	0	0xffffa6cba320	0xffffa6cba320	0x12c041800000	0x12c041800000	0x12c041200000	0x12c041400000	0x12c0c0013000	0x12c0c0024000
108	3775510	16	32768	0	timed	PP	1	1	1	7	3	2	P	C	0	0xffffa6cba320	0xffffa6cba320	0x12c041600000	0x12c041800000	0x12c041200000	0x12c041400000	0x12c0c0013000	0x12c0c0024000
109	3775510	16	32768	0	timed	PP	1	1	1	4	4	1	P	P	0	0xffffa6cba320	0xffffa6cba320	0x12c041600000	0x12c041600000	0x12c041200000	0x12c041400000	0x12c0c0013000	0x12c0c0024000
110	3775510	16	32768	0	timed	PP	1	1	1	5	5	2	C	P	0	0xffffa6cba320	0xffffa6cba320	0x12c041800000	0x12c041600000	0x12c041200000	0x12c041400000	0x12c0c0013000	0x12c0c0024000
111	3775510	16	32768	0	timed	PP	1	1	1	6	6	1	P	C	0	0xffffa6cba320	0xffffa6cba320	0x12c041600000	0x12c041800000	0x12c041200000	0x12c041400000	0x12c0c0013000	0x12c0c0024000
112	3775510	16	32768	0	timed	PP	1	1	1	5	7	2	P	P	0	0xffffa6cba320	0xffffa6cba320	0x12c041600000	0x12c041600000	0x12c041200000	0x12c041400000	0x12c0c0013000	0x12c0c0024000
113	3775510	16	32768	0	prime	PP	1	1	2	-1	-1	0	C	P	1	0xffffa6cba320	0xffffa6cba320	0x12c041600000	0x12c041600000	0x12c041200000	0x12c041400000	0x12c0c0013000	0x12c0c0024000
114	3775510	16	32768	0	timed	PP	1	1	2	10	0	1	P	C	1	0xffffa6cba320	0xffffa6cba320	0x12c041800000	0x12c041600000	0x12c041200000	0x12c041400000	0x12c0c0013000	0x12c0c0024000
115	3775510	16	32768	0	timed	PP	1	1	2	9	1	2	P	P	1	0xffffa6cba320	0xffffa6cba320	0x12c041800000	0x12c041800000	0x12c041200000	0x12c041400000	0x12c0c0013000	0x12c0c0024000
116	3775510	16	32768	0	timed	PP	1	1	2	8	2	1	P	P	1	0xffffa6cba320	0xffffa6cba320	0x12c041800000	0x12c041800000	0x12c041200000	0x12c041400000	0x12c0c0013000	0x12c0c0024000
117	3775510	16	32768	0	timed	PP	1	1	2	9	3	2	C	P	1	0xffffa6cba320	0xffffa6cba320	0x12c041600000	0x12c041800000	0x12c041200000	0x12c041400000	0x12c0c0013000	0x12c0c0024000
118	3775510	16	32768	0	timed	PP	1	1	2	10	4	1	C	C	1	0xffffa6cba320	0xffffa6cba320	0x12c041600000	0x12c041600000	0x12c041200000	0x12c041400000	0x12c0c0013000	0x12c0c0024000
119	3775510	16	32768	0	timed	PP	1	1	2	11	5	2	P	C	1	0xffffa6cba320	0xffffa6cba320	0x12c041800000	0x12c041600000	0x12c041200000	0x12c041400000	0x12c0c0013000	0x12c0c0024000
120	3775510	16	32768	0	timed	PP	1	1	2	8	6	1	C	P	1	0xffffa6cba320	0xffffa6cba320	0x12c041600000	0x12c041800000	0x12c041200000	0x12c041400000	0x12c0c0013000	0x12c0c0024000
121	3775510	16	32768	0	timed	PP	1	1	2	11	7	2	C	C	1	0xffffa6cba320	0xffffa6cba320	0x12c041600000	0x12c041600000	0x12c041200000	0x12c041400000	0x12c0c0013000	0x12c0c0024000
122	3775510	16	32768	0	prime	PP	1	1	3	-1	-1	0	P	C	1	0xffffa6cba320	0xffffa6cba320	0x12c041800000	0x12c041600000	0x12c041200000	0x12c041400000	0x12c0c0013000	0x12c0c0024000
123	3775510	16	32768	0	timed	PP	1	1	3	12	0	1	C	P	1	0xffffa6cba320	0xffffa6cba320	0x12c041600000	0x12c041800000	0x12c041200000	0x12c041400000	0x12c0c0013000	0x12c0c0024000
124	3775510	16	32768	0	timed	PP	1	1	3	15	1	2	C	C	1	0xffffa6cba320	0xffffa6cba320	0x12c041600000	0x12c041600000	0x12c041200000	0x12c041400000	0x12c0c0013000	0x12c0c0024000
125	3775510	16	32768	0	timed	PP	1	1	3	14	2	1	C	C	1	0xffffa6cba320	0xffffa6cba320	0x12c041600000	0x12c041600000	0x12c041200000	0x12c041400000	0x12c0c0013000	0x12c0c0024000
126	3775510	16	32768	0	timed	PP	1	1	3	15	3	2	P	C	1	0xffffa6cba320	0xffffa6cba320	0x12c041800000	0x12c041600000	0x12c041200000	0x12c041400000	0x12c0c0013000	0x12c0c0024000
127	3775510	16	32768	0	timed	PP	1	1	3	12	4	1	P	P	1	0xffffa6cba320	0xffffa6cba320	0x12c041800000	0x12c041800000	0x12c041200000	0x12c041400000	0x12c0c0013000	0x12c0c0024000
128	3775510	16	32768	0	timed	PP	1	1	3	13	5	2	C	P	1	0xffffa6cba320	0xffffa6cba320	0x12c041600000	0x12c041800000	0x12c041200000	0x12c041400000	0x12c0c0013000	0x12c0c0024000
129	3775510	16	32768	0	timed	PP	1	1	3	14	6	1	P	C	1	0xffffa6cba320	0xffffa6cba320	0x12c041800000	0x12c041600000	0x12c041200000	0x12c041400000	0x12c0c0013000	0x12c0c0024000
130	3775510	16	32768	0	timed	PP	1	1	3	13	7	2	P	P	1	0xffffa6cba320	0xffffa6cba320	0x12c041800000	0x12c041800000	0x12c041200000	0x12c041400000	0x12c0c0013000	0x12c0c0024000
131	3775510	16	32768	0	prime	PP	1	1	4	-1	-1	0	C	P	0	0xffffa6cba320	0xffffa6cba320	0x12c041800000	0x12c041800000	0x12c041200000	0x12c041400000	0x12c0c0013000	0x12c0c0024000
132	3775510	16	32768	0	timed	PP	1	1	4	18	0	1	P	C	0	0xffffa6cba320	0xffffa6cba320	0x12c041600000	0x12c041800000	0x12c041200000	0x12c041400000	0x12c0c0013000	0x12c0c0024000
133	3775510	16	32768	0	timed	PP	1	1	4	17	1	2	P	P	0	0xffffa6cba320	0xffffa6cba320	0x12c041600000	0x12c041600000	0x12c041200000	0x12c041400000	0x12c0c0013000	0x12c0c0024000
134	3775510	16	32768	0	timed	PP	1	1	4	16	2	1	P	P	0	0xffffa6cba320	0xffffa6cba320	0x12c041600000	0x12c041600000	0x12c041200000	0x12c041400000	0x12c0c0013000	0x12c0c0024000
135	3775510	16	32768	0	timed	PP	1	1	4	17	3	2	C	P	0	0xffffa6cba320	0xffffa6cba320	0x12c041800000	0x12c041600000	0x12c041200000	0x12c041400000	0x12c0c0013000	0x12c0c0024000
136	3775510	16	32768	0	timed	PP	1	1	4	18	4	1	C	C	0	0xffffa6cba320	0xffffa6cba320	0x12c041800000	0x12c041800000	0x12c041200000	0x12c041400000	0x12c0c0013000	0x12c0c0024000
137	3775510	16	32768	0	timed	PP	1	1	4	19	5	2	P	C	0	0xffffa6cba320	0xffffa6cba320	0x12c041600000	0x12c041800000	0x12c041200000	0x12c041400000	0x12c0c0013000	0x12c0c0024000
138	3775510	16	32768	0	timed	PP	1	1	4	16	6	1	C	P	0	0xffffa6cba320	0xffffa6cba320	0x12c041800000	0x12c041600000	0x12c041200000	0x12c041400000	0x12c0c0013000	0x12c0c0024000
139	3775510	16	32768	0	timed	PP	1	1	4	19	7	2	C	C	0	0xffffa6cba320	0xffffa6cba320	0x12c041800000	0x12c041800000	0x12c041200000	0x12c041400000	0x12c0c0013000	0x12c0c0024000
140	3775510	16	32768	0	prime	PP	1	1	5	-1	-1	0	P	C	0	0xffffa6cba320	0xffffa6cba320	0x12c041600000	0x12c041800000	0x12c041200000	0x12c041400000	0x12c0c0013000	0x12c0c0024000
141	3775510	16	32768	0	timed	PP	1	1	5	20	0	1	C	P	0	0xffffa6cba320	0xffffa6cba320	0x12c041800000	0x12c041600000	0x12c041200000	0x12c041400000	0x12c0c0013000	0x12c0c0024000
142	3775510	16	32768	0	timed	PP	1	1	5	23	1	2	C	C	0	0xffffa6cba320	0xffffa6cba320	0x12c041800000	0x12c041800000	0x12c041200000	0x12c041400000	0x12c0c0013000	0x12c0c0024000
143	3775510	16	32768	0	timed	PP	1	1	5	22	2	1	C	C	0	0xffffa6cba320	0xffffa6cba320	0x12c041800000	0x12c041800000	0x12c041200000	0x12c041400000	0x12c0c0013000	0x12c0c0024000
144	3775510	16	32768	0	timed	PP	1	1	5	23	3	2	P	C	0	0xffffa6cba320	0xffffa6cba320	0x12c041600000	0x12c041800000	0x12c041200000	0x12c041400000	0x12c0c0013000	0x12c0c0024000
145	3775510	16	32768	0	timed	PP	1	1	5	20	4	1	P	P	0	0xffffa6cba320	0xffffa6cba320	0x12c041600000	0x12c041600000	0x12c041200000	0x12c041400000	0x12c0c0013000	0x12c0c0024000
146	3775510	16	32768	0	timed	PP	1	1	5	21	5	2	C	P	0	0xffffa6cba320	0xffffa6cba320	0x12c041800000	0x12c041600000	0x12c041200000	0x12c041400000	0x12c0c0013000	0x12c0c0024000
147	3775510	16	32768	0	timed	PP	1	1	5	22	6	1	P	C	0	0xffffa6cba320	0xffffa6cba320	0x12c041600000	0x12c041800000	0x12c041200000	0x12c041400000	0x12c0c0013000	0x12c0c0024000
148	3775510	16	32768	0	timed	PP	1	1	5	21	7	2	P	P	0	0xffffa6cba320	0xffffa6cba320	0x12c041600000	0x12c041600000	0x12c041200000	0x12c041400000	0x12c0c0013000	0x12c0c0024000
149	3775510	16	32768	0	prime	PP	1	1	6	-1	-1	0	C	P	1	0xffffa6cba320	0xffffa6cba320	0x12c041600000	0x12c041600000	0x12c041200000	0x12c041400000	0x12c0c0013000	0x12c0c0024000
150	3775510	16	32768	0	timed	PP	1	1	6	26	0	1	P	C	1	0xffffa6cba320	0xffffa6cba320	0x12c041800000	0x12c041600000	0x12c041200000	0x12c041400000	0x12c0c0013000	0x12c0c0024000
151	3775510	16	32768	0	timed	PP	1	1	6	25	1	2	P	P	1	0xffffa6cba320	0xffffa6cba320	0x12c041800000	0x12c041800000	0x12c041200000	0x12c041400000	0x12c0c0013000	0x12c0c0024000
152	3775510	16	32768	0	timed	PP	1	1	6	24	2	1	P	P	1	0xffffa6cba320	0xffffa6cba320	0x12c041800000	0x12c041800000	0x12c041200000	0x12c041400000	0x12c0c0013000	0x12c0c0024000
153	3775510	16	32768	0	timed	PP	1	1	6	25	3	2	C	P	1	0xffffa6cba320	0xffffa6cba320	0x12c041600000	0x12c041800000	0x12c041200000	0x12c041400000	0x12c0c0013000	0x12c0c0024000
154	3775510	16	32768	0	timed	PP	1	1	6	26	4	1	C	C	1	0xffffa6cba320	0xffffa6cba320	0x12c041600000	0x12c041600000	0x12c041200000	0x12c041400000	0x12c0c0013000	0x12c0c0024000
155	3775510	16	32768	0	timed	PP	1	1	6	27	5	2	P	C	1	0xffffa6cba320	0xffffa6cba320	0x12c041800000	0x12c041600000	0x12c041200000	0x12c041400000	0x12c0c0013000	0x12c0c0024000
156	3775510	16	32768	0	timed	PP	1	1	6	24	6	1	C	P	1	0xffffa6cba320	0xffffa6cba320	0x12c041600000	0x12c041800000	0x12c041200000	0x12c041400000	0x12c0c0013000	0x12c0c0024000
157	3775510	16	32768	0	timed	PP	1	1	6	27	7	2	C	C	1	0xffffa6cba320	0xffffa6cba320	0x12c041600000	0x12c041600000	0x12c041200000	0x12c041400000	0x12c0c0013000	0x12c0c0024000
158	3775510	16	32768	0	prime	PP	1	1	7	-1	-1	0	P	C	1	0xffffa6cba320	0xffffa6cba320	0x12c041800000	0x12c041600000	0x12c041200000	0x12c041400000	0x12c0c0013000	0x12c0c0024000
159	3775510	16	32768	0	timed	PP	1	1	7	28	0	1	C	P	1	0xffffa6cba320	0xffffa6cba320	0x12c041600000	0x12c041800000	0x12c041200000	0x12c041400000	0x12c0c0013000	0x12c0c0024000
160	3775510	16	32768	0	timed	PP	1	1	7	31	1	2	C	C	1	0xffffa6cba320	0xffffa6cba320	0x12c041600000	0x12c041600000	0x12c041200000	0x12c041400000	0x12c0c0013000	0x12c0c0024000
161	3775510	16	32768	0	timed	PP	1	1	7	30	2	1	C	C	1	0xffffa6cba320	0xffffa6cba320	0x12c041600000	0x12c041600000	0x12c041200000	0x12c041400000	0x12c0c0013000	0x12c0c0024000
162	3775510	16	32768	0	timed	PP	1	1	7	31	3	2	P	C	1	0xffffa6cba320	0xffffa6cba320	0x12c041800000	0x12c041600000	0x12c041200000	0x12c041400000	0x12c0c0013000	0x12c0c0024000
163	3775510	16	32768	0	timed	PP	1	1	7	28	4	1	P	P	1	0xffffa6cba320	0xffffa6cba320	0x12c041800000	0x12c041800000	0x12c041200000	0x12c041400000	0x12c0c0013000	0x12c0c0024000
164	3775510	16	32768	0	timed	PP	1	1	7	29	5	2	C	P	1	0xffffa6cba320	0xffffa6cba320	0x12c041600000	0x12c041800000	0x12c041200000	0x12c041400000	0x12c0c0013000	0x12c0c0024000
165	3775510	16	32768	0	timed	PP	1	1	7	30	6	1	P	C	1	0xffffa6cba320	0xffffa6cba320	0x12c041800000	0x12c041600000	0x12c041200000	0x12c041400000	0x12c0c0013000	0x12c0c0024000
166	3775510	16	32768	0	timed	PP	1	1	7	29	7	2	P	P	1	0xffffa6cba320	0xffffa6cba320	0x12c041800000	0x12c041800000	0x12c041200000	0x12c041400000	0x12c0c0013000	0x12c0c0024000
167	3775510	16	32768	0	warmup	PC	2	1	-1	0	0	1	P	P	0	0xffffa6cba320	0xffffa6cba320	0x12c041600000	0x12c041800000	0x12c041200000	0x12c041400000	0x12c0c0013000	0x12c0c0024000
168	3775510	16	32768	0	warmup	PC	2	1	-1	0	1	2	C	P	0	0xffffa6c1a370	0xffffa6cba320	0x12c041800000	0x12c041600000	0x12c041200000	0x12c041400000	0x12c0c0013000	0x12c0c0024000
169	3775510	16	32768	0	warmup	PC	2	1	-1	1	2	1	C	C	0	0xffffa6c1a370	0xffffa6c1a370	0x12c041800000	0x12c041800000	0x12c041200000	0x12c041400000	0x12c0c0013000	0x12c0c0024000
170	3775510	16	32768	0	warmup	PC	2	1	-1	1	3	2	P	C	0	0xffffa6cba320	0xffffa6c1a370	0x12c041600000	0x12c041800000	0x12c041200000	0x12c041400000	0x12c0c0013000	0x12c0c0024000
171	3775510	16	32768	0	warmup	PC	2	1	-1	2	4	1	P	P	0	0xffffa6cba320	0xffffa6cba320	0x12c041600000	0x12c041600000	0x12c041200000	0x12c041400000	0x12c0c0013000	0x12c0c0024000
172	3775510	16	32768	0	warmup	PC	2	1	-1	2	5	2	C	P	0	0xffffa6c1a370	0xffffa6cba320	0x12c041800000	0x12c041600000	0x12c041200000	0x12c041400000	0x12c0c0013000	0x12c0c0024000
173	3775510	16	32768	0	warmup	PC	2	1	-1	3	6	1	C	C	0	0xffffa6c1a370	0xffffa6c1a370	0x12c041800000	0x12c041800000	0x12c041200000	0x12c041400000	0x12c0c0013000	0x12c0c0024000
174	3775510	16	32768	0	warmup	PC	2	1	-1	3	7	2	P	C	0	0xffffa6cba320	0xffffa6c1a370	0x12c041600000	0x12c041800000	0x12c041200000	0x12c041400000	0x12c0c0013000	0x12c0c0024000
175	3775510	16	32768	0	warmup	PC	2	1	-1	4	8	1	P	P	0	0xffffa6cba320	0xffffa6cba320	0x12c041600000	0x12c041600000	0x12c041200000	0x12c041400000	0x12c0c0013000	0x12c0c0024000
176	3775510	16	32768	0	warmup	PC	2	1	-1	4	9	2	C	P	0	0xffffa6c1a370	0xffffa6cba320	0x12c041800000	0x12c041600000	0x12c041200000	0x12c041400000	0x12c0c0013000	0x12c0c0024000
177	3775510	16	32768	0	warmup	PC	2	1	-1	5	10	1	C	C	0	0xffffa6c1a370	0xffffa6c1a370	0x12c041800000	0x12c041800000	0x12c041200000	0x12c041400000	0x12c0c0013000	0x12c0c0024000
178	3775510	16	32768	0	warmup	PC	2	1	-1	5	11	2	P	C	0	0xffffa6cba320	0xffffa6c1a370	0x12c041600000	0x12c041800000	0x12c041200000	0x12c041400000	0x12c0c0013000	0x12c0c0024000
179	3775510	16	32768	0	warmup	PC	2	1	-1	6	12	1	P	P	0	0xffffa6cba320	0xffffa6cba320	0x12c041600000	0x12c041600000	0x12c041200000	0x12c041400000	0x12c0c0013000	0x12c0c0024000
180	3775510	16	32768	0	warmup	PC	2	1	-1	6	13	2	C	P	0	0xffffa6c1a370	0xffffa6cba320	0x12c041800000	0x12c041600000	0x12c041200000	0x12c041400000	0x12c0c0013000	0x12c0c0024000
181	3775510	16	32768	0	warmup	PC	2	1	-1	7	14	1	C	C	0	0xffffa6c1a370	0xffffa6c1a370	0x12c041800000	0x12c041800000	0x12c041200000	0x12c041400000	0x12c0c0013000	0x12c0c0024000
182	3775510	16	32768	0	warmup	PC	2	1	-1	7	15	2	P	C	0	0xffffa6cba320	0xffffa6c1a370	0x12c041600000	0x12c041800000	0x12c041200000	0x12c041400000	0x12c0c0013000	0x12c0c0024000
183	3775510	16	32768	0	warmup	PC	2	1	-1	8	16	1	P	P	0	0xffffa6cba320	0xffffa6cba320	0x12c041600000	0x12c041600000	0x12c041200000	0x12c041400000	0x12c0c0013000	0x12c0c0024000
184	3775510	16	32768	0	warmup	PC	2	1	-1	8	17	2	C	P	0	0xffffa6c1a370	0xffffa6cba320	0x12c041800000	0x12c041600000	0x12c041200000	0x12c041400000	0x12c0c0013000	0x12c0c0024000
185	3775510	16	32768	0	warmup	PC	2	1	-1	9	18	1	C	C	0	0xffffa6c1a370	0xffffa6c1a370	0x12c041800000	0x12c041800000	0x12c041200000	0x12c041400000	0x12c0c0013000	0x12c0c0024000
186	3775510	16	32768	0	warmup	PC	2	1	-1	9	19	2	P	C	0	0xffffa6cba320	0xffffa6c1a370	0x12c041600000	0x12c041800000	0x12c041200000	0x12c041400000	0x12c0c0013000	0x12c0c0024000
187	3775510	16	32768	0	warmup	PC	2	1	-1	10	20	1	P	P	0	0xffffa6cba320	0xffffa6cba320	0x12c041600000	0x12c041600000	0x12c041200000	0x12c041400000	0x12c0c0013000	0x12c0c0024000
188	3775510	16	32768	0	warmup	PC	2	1	-1	10	21	2	C	P	0	0xffffa6c1a370	0xffffa6cba320	0x12c041800000	0x12c041600000	0x12c041200000	0x12c041400000	0x12c0c0013000	0x12c0c0024000
189	3775510	16	32768	0	warmup	PC	2	1	-1	11	22	1	C	C	0	0xffffa6c1a370	0xffffa6c1a370	0x12c041800000	0x12c041800000	0x12c041200000	0x12c041400000	0x12c0c0013000	0x12c0c0024000
190	3775510	16	32768	0	warmup	PC	2	1	-1	11	23	2	P	C	0	0xffffa6cba320	0xffffa6c1a370	0x12c041600000	0x12c041800000	0x12c041200000	0x12c041400000	0x12c0c0013000	0x12c0c0024000
191	3775510	16	32768	0	warmup	PC	2	1	-1	12	24	1	P	P	0	0xffffa6cba320	0xffffa6cba320	0x12c041600000	0x12c041600000	0x12c041200000	0x12c041400000	0x12c0c0013000	0x12c0c0024000
192	3775510	16	32768	0	warmup	PC	2	1	-1	12	25	2	C	P	0	0xffffa6c1a370	0xffffa6cba320	0x12c041800000	0x12c041600000	0x12c041200000	0x12c041400000	0x12c0c0013000	0x12c0c0024000
193	3775510	16	32768	0	warmup	PC	2	1	-1	13	26	1	C	C	0	0xffffa6c1a370	0xffffa6c1a370	0x12c041800000	0x12c041800000	0x12c041200000	0x12c041400000	0x12c0c0013000	0x12c0c0024000
194	3775510	16	32768	0	warmup	PC	2	1	-1	13	27	2	P	C	0	0xffffa6cba320	0xffffa6c1a370	0x12c041600000	0x12c041800000	0x12c041200000	0x12c041400000	0x12c0c0013000	0x12c0c0024000
195	3775510	16	32768	0	warmup	PC	2	1	-1	14	28	1	P	P	0	0xffffa6cba320	0xffffa6cba320	0x12c041600000	0x12c041600000	0x12c041200000	0x12c041400000	0x12c0c0013000	0x12c0c0024000
196	3775510	16	32768	0	warmup	PC	2	1	-1	14	29	2	C	P	0	0xffffa6c1a370	0xffffa6cba320	0x12c041800000	0x12c041600000	0x12c041200000	0x12c041400000	0x12c0c0013000	0x12c0c0024000
197	3775510	16	32768	0	warmup	PC	2	1	-1	15	30	1	C	C	0	0xffffa6c1a370	0xffffa6c1a370	0x12c041800000	0x12c041800000	0x12c041200000	0x12c041400000	0x12c0c0013000	0x12c0c0024000
198	3775510	16	32768	0	warmup	PC	2	1	-1	15	31	2	P	C	0	0xffffa6cba320	0xffffa6c1a370	0x12c041600000	0x12c041800000	0x12c041200000	0x12c041400000	0x12c0c0013000	0x12c0c0024000
199	3775510	16	32768	0	warmup	PC	2	1	-1	16	32	1	P	P	0	0xffffa6cba320	0xffffa6cba320	0x12c041600000	0x12c041600000	0x12c041200000	0x12c041400000	0x12c0c0013000	0x12c0c0024000
200	3775510	16	32768	0	warmup	PC	2	1	-1	16	33	2	C	P	0	0xffffa6c1a370	0xffffa6cba320	0x12c041800000	0x12c041600000	0x12c041200000	0x12c041400000	0x12c0c0013000	0x12c0c0024000
201	3775510	16	32768	0	warmup	PC	2	1	-1	17	34	1	C	C	0	0xffffa6c1a370	0xffffa6c1a370	0x12c041800000	0x12c041800000	0x12c041200000	0x12c041400000	0x12c0c0013000	0x12c0c0024000
202	3775510	16	32768	0	warmup	PC	2	1	-1	17	35	2	P	C	0	0xffffa6cba320	0xffffa6c1a370	0x12c041600000	0x12c041800000	0x12c041200000	0x12c041400000	0x12c0c0013000	0x12c0c0024000
203	3775510	16	32768	0	warmup	PC	2	1	-1	18	36	1	P	P	0	0xffffa6cba320	0xffffa6cba320	0x12c041600000	0x12c041600000	0x12c041200000	0x12c041400000	0x12c0c0013000	0x12c0c0024000
204	3775510	16	32768	0	warmup	PC	2	1	-1	18	37	2	C	P	0	0xffffa6c1a370	0xffffa6cba320	0x12c041800000	0x12c041600000	0x12c041200000	0x12c041400000	0x12c0c0013000	0x12c0c0024000
205	3775510	16	32768	0	warmup	PC	2	1	-1	19	38	1	C	C	0	0xffffa6c1a370	0xffffa6c1a370	0x12c041800000	0x12c041800000	0x12c041200000	0x12c041400000	0x12c0c0013000	0x12c0c0024000
206	3775510	16	32768	0	warmup	PC	2	1	-1	19	39	2	P	C	0	0xffffa6cba320	0xffffa6c1a370	0x12c041600000	0x12c041800000	0x12c041200000	0x12c041400000	0x12c0c0013000	0x12c0c0024000
207	3775510	16	32768	0	warmup	PC	2	1	-1	20	40	1	P	P	0	0xffffa6cba320	0xffffa6cba320	0x12c041600000	0x12c041600000	0x12c041200000	0x12c041400000	0x12c0c0013000	0x12c0c0024000
208	3775510	16	32768	0	warmup	PC	2	1	-1	20	41	2	C	P	0	0xffffa6c1a370	0xffffa6cba320	0x12c041800000	0x12c041600000	0x12c041200000	0x12c041400000	0x12c0c0013000	0x12c0c0024000
209	3775510	16	32768	0	warmup	PC	2	1	-1	21	42	1	C	C	0	0xffffa6c1a370	0xffffa6c1a370	0x12c041800000	0x12c041800000	0x12c041200000	0x12c041400000	0x12c0c0013000	0x12c0c0024000
210	3775510	16	32768	0	warmup	PC	2	1	-1	21	43	2	P	C	0	0xffffa6cba320	0xffffa6c1a370	0x12c041600000	0x12c041800000	0x12c041200000	0x12c041400000	0x12c0c0013000	0x12c0c0024000
211	3775510	16	32768	0	warmup	PC	2	1	-1	22	44	1	P	P	0	0xffffa6cba320	0xffffa6cba320	0x12c041600000	0x12c041600000	0x12c041200000	0x12c041400000	0x12c0c0013000	0x12c0c0024000
212	3775510	16	32768	0	warmup	PC	2	1	-1	22	45	2	C	P	0	0xffffa6c1a370	0xffffa6cba320	0x12c041800000	0x12c041600000	0x12c041200000	0x12c041400000	0x12c0c0013000	0x12c0c0024000
213	3775510	16	32768	0	warmup	PC	2	1	-1	23	46	1	C	C	0	0xffffa6c1a370	0xffffa6c1a370	0x12c041800000	0x12c041800000	0x12c041200000	0x12c041400000	0x12c0c0013000	0x12c0c0024000
214	3775510	16	32768	0	warmup	PC	2	1	-1	23	47	2	P	C	0	0xffffa6cba320	0xffffa6c1a370	0x12c041600000	0x12c041800000	0x12c041200000	0x12c041400000	0x12c0c0013000	0x12c0c0024000
215	3775510	16	32768	0	warmup	PC	2	1	-1	24	48	1	P	P	0	0xffffa6cba320	0xffffa6cba320	0x12c041600000	0x12c041600000	0x12c041200000	0x12c041400000	0x12c0c0013000	0x12c0c0024000
216	3775510	16	32768	0	warmup	PC	2	1	-1	24	49	2	C	P	0	0xffffa6c1a370	0xffffa6cba320	0x12c041800000	0x12c041600000	0x12c041200000	0x12c041400000	0x12c0c0013000	0x12c0c0024000
217	3775510	16	32768	0	warmup	PC	2	1	-1	25	50	1	C	C	0	0xffffa6c1a370	0xffffa6c1a370	0x12c041800000	0x12c041800000	0x12c041200000	0x12c041400000	0x12c0c0013000	0x12c0c0024000
218	3775510	16	32768	0	warmup	PC	2	1	-1	25	51	2	P	C	0	0xffffa6cba320	0xffffa6c1a370	0x12c041600000	0x12c041800000	0x12c041200000	0x12c041400000	0x12c0c0013000	0x12c0c0024000
219	3775510	16	32768	0	warmup	PC	2	1	-1	26	52	1	P	P	0	0xffffa6cba320	0xffffa6cba320	0x12c041600000	0x12c041600000	0x12c041200000	0x12c041400000	0x12c0c0013000	0x12c0c0024000
220	3775510	16	32768	0	warmup	PC	2	1	-1	26	53	2	C	P	0	0xffffa6c1a370	0xffffa6cba320	0x12c041800000	0x12c041600000	0x12c041200000	0x12c041400000	0x12c0c0013000	0x12c0c0024000
221	3775510	16	32768	0	warmup	PC	2	1	-1	27	54	1	C	C	0	0xffffa6c1a370	0xffffa6c1a370	0x12c041800000	0x12c041800000	0x12c041200000	0x12c041400000	0x12c0c0013000	0x12c0c0024000
222	3775510	16	32768	0	warmup	PC	2	1	-1	27	55	2	P	C	0	0xffffa6cba320	0xffffa6c1a370	0x12c041600000	0x12c041800000	0x12c041200000	0x12c041400000	0x12c0c0013000	0x12c0c0024000
223	3775510	16	32768	0	warmup	PC	2	1	-1	28	56	1	P	P	0	0xffffa6cba320	0xffffa6cba320	0x12c041600000	0x12c041600000	0x12c041200000	0x12c041400000	0x12c0c0013000	0x12c0c0024000
224	3775510	16	32768	0	warmup	PC	2	1	-1	28	57	2	C	P	0	0xffffa6c1a370	0xffffa6cba320	0x12c041800000	0x12c041600000	0x12c041200000	0x12c041400000	0x12c0c0013000	0x12c0c0024000
225	3775510	16	32768	0	warmup	PC	2	1	-1	29	58	1	C	C	0	0xffffa6c1a370	0xffffa6c1a370	0x12c041800000	0x12c041800000	0x12c041200000	0x12c041400000	0x12c0c0013000	0x12c0c0024000
226	3775510	16	32768	0	warmup	PC	2	1	-1	29	59	2	P	C	0	0xffffa6cba320	0xffffa6c1a370	0x12c041600000	0x12c041800000	0x12c041200000	0x12c041400000	0x12c0c0013000	0x12c0c0024000
227	3775510	16	32768	0	warmup	PC	2	1	-1	30	60	1	P	P	0	0xffffa6cba320	0xffffa6cba320	0x12c041600000	0x12c041600000	0x12c041200000	0x12c041400000	0x12c0c0013000	0x12c0c0024000
228	3775510	16	32768	0	warmup	PC	2	1	-1	30	61	2	C	P	0	0xffffa6c1a370	0xffffa6cba320	0x12c041800000	0x12c041600000	0x12c041200000	0x12c041400000	0x12c0c0013000	0x12c0c0024000
229	3775510	16	32768	0	warmup	PC	2	1	-1	31	62	1	C	C	0	0xffffa6c1a370	0xffffa6c1a370	0x12c041800000	0x12c041800000	0x12c041200000	0x12c041400000	0x12c0c0013000	0x12c0c0024000
230	3775510	16	32768	0	warmup	PC	2	1	-1	31	63	2	P	C	0	0xffffa6cba320	0xffffa6c1a370	0x12c041600000	0x12c041800000	0x12c041200000	0x12c041400000	0x12c0c0013000	0x12c0c0024000
231	3775510	16	32768	0	warmup	PC	2	1	-1	32	64	1	P	P	0	0xffffa6cba320	0xffffa6cba320	0x12c041600000	0x12c041600000	0x12c041200000	0x12c041400000	0x12c0c0013000	0x12c0c0024000
232	3775510	16	32768	0	warmup	PC	2	1	-1	32	65	2	C	P	0	0xffffa6c1a370	0xffffa6cba320	0x12c041800000	0x12c041600000	0x12c041200000	0x12c041400000	0x12c0c0013000	0x12c0c0024000
233	3775510	16	32768	0	warmup	PC	2	1	-1	33	66	1	C	C	0	0xffffa6c1a370	0xffffa6c1a370	0x12c041800000	0x12c041800000	0x12c041200000	0x12c041400000	0x12c0c0013000	0x12c0c0024000
234	3775510	16	32768	0	warmup	PC	2	1	-1	33	67	2	P	C	0	0xffffa6cba320	0xffffa6c1a370	0x12c041600000	0x12c041800000	0x12c041200000	0x12c041400000	0x12c0c0013000	0x12c0c0024000
235	3775510	16	32768	0	warmup	PC	2	1	-1	34	68	1	P	P	0	0xffffa6cba320	0xffffa6cba320	0x12c041600000	0x12c041600000	0x12c041200000	0x12c041400000	0x12c0c0013000	0x12c0c0024000
236	3775510	16	32768	0	warmup	PC	2	1	-1	34	69	2	C	P	0	0xffffa6c1a370	0xffffa6cba320	0x12c041800000	0x12c041600000	0x12c041200000	0x12c041400000	0x12c0c0013000	0x12c0c0024000
237	3775510	16	32768	0	warmup	PC	2	1	-1	35	70	1	C	C	0	0xffffa6c1a370	0xffffa6c1a370	0x12c041800000	0x12c041800000	0x12c041200000	0x12c041400000	0x12c0c0013000	0x12c0c0024000
238	3775510	16	32768	0	warmup	PC	2	1	-1	35	71	2	P	C	0	0xffffa6cba320	0xffffa6c1a370	0x12c041600000	0x12c041800000	0x12c041200000	0x12c041400000	0x12c0c0013000	0x12c0c0024000
239	3775510	16	32768	0	warmup	PC	2	1	-1	36	72	1	P	P	0	0xffffa6cba320	0xffffa6cba320	0x12c041600000	0x12c041600000	0x12c041200000	0x12c041400000	0x12c0c0013000	0x12c0c0024000
240	3775510	16	32768	0	warmup	PC	2	1	-1	36	73	2	C	P	0	0xffffa6c1a370	0xffffa6cba320	0x12c041800000	0x12c041600000	0x12c041200000	0x12c041400000	0x12c0c0013000	0x12c0c0024000
241	3775510	16	32768	0	warmup	PC	2	1	-1	37	74	1	C	C	0	0xffffa6c1a370	0xffffa6c1a370	0x12c041800000	0x12c041800000	0x12c041200000	0x12c041400000	0x12c0c0013000	0x12c0c0024000
242	3775510	16	32768	0	warmup	PC	2	1	-1	37	75	2	P	C	0	0xffffa6cba320	0xffffa6c1a370	0x12c041600000	0x12c041800000	0x12c041200000	0x12c041400000	0x12c0c0013000	0x12c0c0024000
243	3775510	16	32768	0	warmup	PC	2	1	-1	38	76	1	P	P	0	0xffffa6cba320	0xffffa6cba320	0x12c041600000	0x12c041600000	0x12c041200000	0x12c041400000	0x12c0c0013000	0x12c0c0024000
244	3775510	16	32768	0	warmup	PC	2	1	-1	38	77	2	C	P	0	0xffffa6c1a370	0xffffa6cba320	0x12c041800000	0x12c041600000	0x12c041200000	0x12c041400000	0x12c0c0013000	0x12c0c0024000
245	3775510	16	32768	0	warmup	PC	2	1	-1	39	78	1	C	C	0	0xffffa6c1a370	0xffffa6c1a370	0x12c041800000	0x12c041800000	0x12c041200000	0x12c041400000	0x12c0c0013000	0x12c0c0024000
246	3775510	16	32768	0	warmup	PC	2	1	-1	39	79	2	P	C	0	0xffffa6cba320	0xffffa6c1a370	0x12c041600000	0x12c041800000	0x12c041200000	0x12c041400000	0x12c0c0013000	0x12c0c0024000
247	3775510	16	32768	0	warmup	PC	2	1	-1	40	80	1	P	P	0	0xffffa6cba320	0xffffa6cba320	0x12c041600000	0x12c041600000	0x12c041200000	0x12c041400000	0x12c0c0013000	0x12c0c0024000
248	3775510	16	32768	0	warmup	PC	2	1	-1	40	81	2	C	P	0	0xffffa6c1a370	0xffffa6cba320	0x12c041800000	0x12c041600000	0x12c041200000	0x12c041400000	0x12c0c0013000	0x12c0c0024000
249	3775510	16	32768	0	warmup	PC	2	1	-1	41	82	1	C	C	0	0xffffa6c1a370	0xffffa6c1a370	0x12c041800000	0x12c041800000	0x12c041200000	0x12c041400000	0x12c0c0013000	0x12c0c0024000
250	3775510	16	32768	0	warmup	PC	2	1	-1	41	83	2	P	C	0	0xffffa6cba320	0xffffa6c1a370	0x12c041600000	0x12c041800000	0x12c041200000	0x12c041400000	0x12c0c0013000	0x12c0c0024000
251	3775510	16	32768	0	warmup	PC	2	1	-1	42	84	1	P	P	0	0xffffa6cba320	0xffffa6cba320	0x12c041600000	0x12c041600000	0x12c041200000	0x12c041400000	0x12c0c0013000	0x12c0c0024000
252	3775510	16	32768	0	warmup	PC	2	1	-1	42	85	2	C	P	0	0xffffa6c1a370	0xffffa6cba320	0x12c041800000	0x12c041600000	0x12c041200000	0x12c041400000	0x12c0c0013000	0x12c0c0024000
253	3775510	16	32768	0	warmup	PC	2	1	-1	43	86	1	C	C	0	0xffffa6c1a370	0xffffa6c1a370	0x12c041800000	0x12c041800000	0x12c041200000	0x12c041400000	0x12c0c0013000	0x12c0c0024000
254	3775510	16	32768	0	warmup	PC	2	1	-1	43	87	2	P	C	0	0xffffa6cba320	0xffffa6c1a370	0x12c041600000	0x12c041800000	0x12c041200000	0x12c041400000	0x12c0c0013000	0x12c0c0024000
255	3775510	16	32768	0	warmup	PC	2	1	-1	44	88	1	P	P	0	0xffffa6cba320	0xffffa6cba320	0x12c041600000	0x12c041600000	0x12c041200000	0x12c041400000	0x12c0c0013000	0x12c0c0024000
256	3775510	16	32768	0	warmup	PC	2	1	-1	44	89	2	C	P	0	0xffffa6c1a370	0xffffa6cba320	0x12c041800000	0x12c041600000	0x12c041200000	0x12c041400000	0x12c0c0013000	0x12c0c0024000
257	3775510	16	32768	0	prime	PC	2	1	0	-1	-1	0	C	C	0	0xffffa6c1a370	0xffffa6c1a370	0x12c041800000	0x12c041800000	0x12c041200000	0x12c041400000	0x12c0c0013000	0x12c0c0024000
258	3775510	16	32768	0	timed	PC	2	1	0	2	0	1	P	C	0	0xffffa6cba320	0xffffa6c1a370	0x12c041600000	0x12c041800000	0x12c041200000	0x12c041400000	0x12c0c0013000	0x12c0c0024000
259	3775510	16	32768	0	timed	PC	2	1	0	1	1	2	P	P	0	0xffffa6cba320	0xffffa6cba320	0x12c041600000	0x12c041600000	0x12c041200000	0x12c041400000	0x12c0c0013000	0x12c0c0024000
260	3775510	16	32768	0	timed	PC	2	1	0	0	2	1	P	P	0	0xffffa6cba320	0xffffa6cba320	0x12c041600000	0x12c041600000	0x12c041200000	0x12c041400000	0x12c0c0013000	0x12c0c0024000
261	3775510	16	32768	0	timed	PC	2	1	0	1	3	2	C	P	0	0xffffa6c1a370	0xffffa6cba320	0x12c041800000	0x12c041600000	0x12c041200000	0x12c041400000	0x12c0c0013000	0x12c0c0024000
262	3775510	16	32768	0	timed	PC	2	1	0	2	4	1	C	C	0	0xffffa6c1a370	0xffffa6c1a370	0x12c041800000	0x12c041800000	0x12c041200000	0x12c041400000	0x12c0c0013000	0x12c0c0024000
263	3775510	16	32768	0	timed	PC	2	1	0	3	5	2	P	C	0	0xffffa6cba320	0xffffa6c1a370	0x12c041600000	0x12c041800000	0x12c041200000	0x12c041400000	0x12c0c0013000	0x12c0c0024000
264	3775510	16	32768	0	timed	PC	2	1	0	0	6	1	C	P	0	0xffffa6c1a370	0xffffa6cba320	0x12c041800000	0x12c041600000	0x12c041200000	0x12c041400000	0x12c0c0013000	0x12c0c0024000
265	3775510	16	32768	0	timed	PC	2	1	0	3	7	2	C	C	0	0xffffa6c1a370	0xffffa6c1a370	0x12c041800000	0x12c041800000	0x12c041200000	0x12c041400000	0x12c0c0013000	0x12c0c0024000
266	3775510	16	32768	0	prime	PC	2	1	1	-1	-1	0	P	C	0	0xffffa6cba320	0xffffa6c1a370	0x12c041600000	0x12c041800000	0x12c041200000	0x12c041400000	0x12c0c0013000	0x12c0c0024000
267	3775510	16	32768	0	timed	PC	2	1	1	4	0	1	C	P	0	0xffffa6c1a370	0xffffa6cba320	0x12c041800000	0x12c041600000	0x12c041200000	0x12c041400000	0x12c0c0013000	0x12c0c0024000
268	3775510	16	32768	0	timed	PC	2	1	1	7	1	2	C	C	0	0xffffa6c1a370	0xffffa6c1a370	0x12c041800000	0x12c041800000	0x12c041200000	0x12c041400000	0x12c0c0013000	0x12c0c0024000
269	3775510	16	32768	0	timed	PC	2	1	1	6	2	1	C	C	0	0xffffa6c1a370	0xffffa6c1a370	0x12c041800000	0x12c041800000	0x12c041200000	0x12c041400000	0x12c0c0013000	0x12c0c0024000
270	3775510	16	32768	0	timed	PC	2	1	1	7	3	2	P	C	0	0xffffa6cba320	0xffffa6c1a370	0x12c041600000	0x12c041800000	0x12c041200000	0x12c041400000	0x12c0c0013000	0x12c0c0024000
271	3775510	16	32768	0	timed	PC	2	1	1	4	4	1	P	P	0	0xffffa6cba320	0xffffa6cba320	0x12c041600000	0x12c041600000	0x12c041200000	0x12c041400000	0x12c0c0013000	0x12c0c0024000
272	3775510	16	32768	0	timed	PC	2	1	1	5	5	2	C	P	0	0xffffa6c1a370	0xffffa6cba320	0x12c041800000	0x12c041600000	0x12c041200000	0x12c041400000	0x12c0c0013000	0x12c0c0024000
273	3775510	16	32768	0	timed	PC	2	1	1	6	6	1	P	C	0	0xffffa6cba320	0xffffa6c1a370	0x12c041600000	0x12c041800000	0x12c041200000	0x12c041400000	0x12c0c0013000	0x12c0c0024000
274	3775510	16	32768	0	timed	PC	2	1	1	5	7	2	P	P	0	0xffffa6cba320	0xffffa6cba320	0x12c041600000	0x12c041600000	0x12c041200000	0x12c041400000	0x12c0c0013000	0x12c0c0024000
275	3775510	16	32768	0	prime	PC	2	1	2	-1	-1	0	C	P	1	0xffffa6c1a370	0xffffa6cba320	0x12c041600000	0x12c041600000	0x12c041200000	0x12c041400000	0x12c0c0013000	0x12c0c0024000
276	3775510	16	32768	0	timed	PC	2	1	2	10	0	1	P	C	1	0xffffa6cba320	0xffffa6c1a370	0x12c041800000	0x12c041600000	0x12c041200000	0x12c041400000	0x12c0c0013000	0x12c0c0024000
277	3775510	16	32768	0	timed	PC	2	1	2	9	1	2	P	P	1	0xffffa6cba320	0xffffa6cba320	0x12c041800000	0x12c041800000	0x12c041200000	0x12c041400000	0x12c0c0013000	0x12c0c0024000
278	3775510	16	32768	0	timed	PC	2	1	2	8	2	1	P	P	1	0xffffa6cba320	0xffffa6cba320	0x12c041800000	0x12c041800000	0x12c041200000	0x12c041400000	0x12c0c0013000	0x12c0c0024000
279	3775510	16	32768	0	timed	PC	2	1	2	9	3	2	C	P	1	0xffffa6c1a370	0xffffa6cba320	0x12c041600000	0x12c041800000	0x12c041200000	0x12c041400000	0x12c0c0013000	0x12c0c0024000
280	3775510	16	32768	0	timed	PC	2	1	2	10	4	1	C	C	1	0xffffa6c1a370	0xffffa6c1a370	0x12c041600000	0x12c041600000	0x12c041200000	0x12c041400000	0x12c0c0013000	0x12c0c0024000
281	3775510	16	32768	0	timed	PC	2	1	2	11	5	2	P	C	1	0xffffa6cba320	0xffffa6c1a370	0x12c041800000	0x12c041600000	0x12c041200000	0x12c041400000	0x12c0c0013000	0x12c0c0024000
282	3775510	16	32768	0	timed	PC	2	1	2	8	6	1	C	P	1	0xffffa6c1a370	0xffffa6cba320	0x12c041600000	0x12c041800000	0x12c041200000	0x12c041400000	0x12c0c0013000	0x12c0c0024000
283	3775510	16	32768	0	timed	PC	2	1	2	11	7	2	C	C	1	0xffffa6c1a370	0xffffa6c1a370	0x12c041600000	0x12c041600000	0x12c041200000	0x12c041400000	0x12c0c0013000	0x12c0c0024000
284	3775510	16	32768	0	prime	PC	2	1	3	-1	-1	0	P	C	1	0xffffa6cba320	0xffffa6c1a370	0x12c041800000	0x12c041600000	0x12c041200000	0x12c041400000	0x12c0c0013000	0x12c0c0024000
285	3775510	16	32768	0	timed	PC	2	1	3	12	0	1	C	P	1	0xffffa6c1a370	0xffffa6cba320	0x12c041600000	0x12c041800000	0x12c041200000	0x12c041400000	0x12c0c0013000	0x12c0c0024000
286	3775510	16	32768	0	timed	PC	2	1	3	15	1	2	C	C	1	0xffffa6c1a370	0xffffa6c1a370	0x12c041600000	0x12c041600000	0x12c041200000	0x12c041400000	0x12c0c0013000	0x12c0c0024000
287	3775510	16	32768	0	timed	PC	2	1	3	14	2	1	C	C	1	0xffffa6c1a370	0xffffa6c1a370	0x12c041600000	0x12c041600000	0x12c041200000	0x12c041400000	0x12c0c0013000	0x12c0c0024000
288	3775510	16	32768	0	timed	PC	2	1	3	15	3	2	P	C	1	0xffffa6cba320	0xffffa6c1a370	0x12c041800000	0x12c041600000	0x12c041200000	0x12c041400000	0x12c0c0013000	0x12c0c0024000
289	3775510	16	32768	0	timed	PC	2	1	3	12	4	1	P	P	1	0xffffa6cba320	0xffffa6cba320	0x12c041800000	0x12c041800000	0x12c041200000	0x12c041400000	0x12c0c0013000	0x12c0c0024000
290	3775510	16	32768	0	timed	PC	2	1	3	13	5	2	C	P	1	0xffffa6c1a370	0xffffa6cba320	0x12c041600000	0x12c041800000	0x12c041200000	0x12c041400000	0x12c0c0013000	0x12c0c0024000
291	3775510	16	32768	0	timed	PC	2	1	3	14	6	1	P	C	1	0xffffa6cba320	0xffffa6c1a370	0x12c041800000	0x12c041600000	0x12c041200000	0x12c041400000	0x12c0c0013000	0x12c0c0024000
292	3775510	16	32768	0	timed	PC	2	1	3	13	7	2	P	P	1	0xffffa6cba320	0xffffa6cba320	0x12c041800000	0x12c041800000	0x12c041200000	0x12c041400000	0x12c0c0013000	0x12c0c0024000
293	3775510	16	32768	0	prime	PC	2	1	4	-1	-1	0	C	P	0	0xffffa6c1a370	0xffffa6cba320	0x12c041800000	0x12c041800000	0x12c041200000	0x12c041400000	0x12c0c0013000	0x12c0c0024000
294	3775510	16	32768	0	timed	PC	2	1	4	18	0	1	P	C	0	0xffffa6cba320	0xffffa6c1a370	0x12c041600000	0x12c041800000	0x12c041200000	0x12c041400000	0x12c0c0013000	0x12c0c0024000
295	3775510	16	32768	0	timed	PC	2	1	4	17	1	2	P	P	0	0xffffa6cba320	0xffffa6cba320	0x12c041600000	0x12c041600000	0x12c041200000	0x12c041400000	0x12c0c0013000	0x12c0c0024000
296	3775510	16	32768	0	timed	PC	2	1	4	16	2	1	P	P	0	0xffffa6cba320	0xffffa6cba320	0x12c041600000	0x12c041600000	0x12c041200000	0x12c041400000	0x12c0c0013000	0x12c0c0024000
297	3775510	16	32768	0	timed	PC	2	1	4	17	3	2	C	P	0	0xffffa6c1a370	0xffffa6cba320	0x12c041800000	0x12c041600000	0x12c041200000	0x12c041400000	0x12c0c0013000	0x12c0c0024000
298	3775510	16	32768	0	timed	PC	2	1	4	18	4	1	C	C	0	0xffffa6c1a370	0xffffa6c1a370	0x12c041800000	0x12c041800000	0x12c041200000	0x12c041400000	0x12c0c0013000	0x12c0c0024000
299	3775510	16	32768	0	timed	PC	2	1	4	19	5	2	P	C	0	0xffffa6cba320	0xffffa6c1a370	0x12c041600000	0x12c041800000	0x12c041200000	0x12c041400000	0x12c0c0013000	0x12c0c0024000
300	3775510	16	32768	0	timed	PC	2	1	4	16	6	1	C	P	0	0xffffa6c1a370	0xffffa6cba320	0x12c041800000	0x12c041600000	0x12c041200000	0x12c041400000	0x12c0c0013000	0x12c0c0024000
301	3775510	16	32768	0	timed	PC	2	1	4	19	7	2	C	C	0	0xffffa6c1a370	0xffffa6c1a370	0x12c041800000	0x12c041800000	0x12c041200000	0x12c041400000	0x12c0c0013000	0x12c0c0024000
302	3775510	16	32768	0	prime	PC	2	1	5	-1	-1	0	P	C	0	0xffffa6cba320	0xffffa6c1a370	0x12c041600000	0x12c041800000	0x12c041200000	0x12c041400000	0x12c0c0013000	0x12c0c0024000
303	3775510	16	32768	0	timed	PC	2	1	5	20	0	1	C	P	0	0xffffa6c1a370	0xffffa6cba320	0x12c041800000	0x12c041600000	0x12c041200000	0x12c041400000	0x12c0c0013000	0x12c0c0024000
304	3775510	16	32768	0	timed	PC	2	1	5	23	1	2	C	C	0	0xffffa6c1a370	0xffffa6c1a370	0x12c041800000	0x12c041800000	0x12c041200000	0x12c041400000	0x12c0c0013000	0x12c0c0024000
305	3775510	16	32768	0	timed	PC	2	1	5	22	2	1	C	C	0	0xffffa6c1a370	0xffffa6c1a370	0x12c041800000	0x12c041800000	0x12c041200000	0x12c041400000	0x12c0c0013000	0x12c0c0024000
306	3775510	16	32768	0	timed	PC	2	1	5	23	3	2	P	C	0	0xffffa6cba320	0xffffa6c1a370	0x12c041600000	0x12c041800000	0x12c041200000	0x12c041400000	0x12c0c0013000	0x12c0c0024000
307	3775510	16	32768	0	timed	PC	2	1	5	20	4	1	P	P	0	0xffffa6cba320	0xffffa6cba320	0x12c041600000	0x12c041600000	0x12c041200000	0x12c041400000	0x12c0c0013000	0x12c0c0024000
308	3775510	16	32768	0	timed	PC	2	1	5	21	5	2	C	P	0	0xffffa6c1a370	0xffffa6cba320	0x12c041800000	0x12c041600000	0x12c041200000	0x12c041400000	0x12c0c0013000	0x12c0c0024000
309	3775510	16	32768	0	timed	PC	2	1	5	22	6	1	P	C	0	0xffffa6cba320	0xffffa6c1a370	0x12c041600000	0x12c041800000	0x12c041200000	0x12c041400000	0x12c0c0013000	0x12c0c0024000
310	3775510	16	32768	0	timed	PC	2	1	5	21	7	2	P	P	0	0xffffa6cba320	0xffffa6cba320	0x12c041600000	0x12c041600000	0x12c041200000	0x12c041400000	0x12c0c0013000	0x12c0c0024000
311	3775510	16	32768	0	prime	PC	2	1	6	-1	-1	0	C	P	1	0xffffa6c1a370	0xffffa6cba320	0x12c041600000	0x12c041600000	0x12c041200000	0x12c041400000	0x12c0c0013000	0x12c0c0024000
312	3775510	16	32768	0	timed	PC	2	1	6	26	0	1	P	C	1	0xffffa6cba320	0xffffa6c1a370	0x12c041800000	0x12c041600000	0x12c041200000	0x12c041400000	0x12c0c0013000	0x12c0c0024000
313	3775510	16	32768	0	timed	PC	2	1	6	25	1	2	P	P	1	0xffffa6cba320	0xffffa6cba320	0x12c041800000	0x12c041800000	0x12c041200000	0x12c041400000	0x12c0c0013000	0x12c0c0024000
314	3775510	16	32768	0	timed	PC	2	1	6	24	2	1	P	P	1	0xffffa6cba320	0xffffa6cba320	0x12c041800000	0x12c041800000	0x12c041200000	0x12c041400000	0x12c0c0013000	0x12c0c0024000
315	3775510	16	32768	0	timed	PC	2	1	6	25	3	2	C	P	1	0xffffa6c1a370	0xffffa6cba320	0x12c041600000	0x12c041800000	0x12c041200000	0x12c041400000	0x12c0c0013000	0x12c0c0024000
316	3775510	16	32768	0	timed	PC	2	1	6	26	4	1	C	C	1	0xffffa6c1a370	0xffffa6c1a370	0x12c041600000	0x12c041600000	0x12c041200000	0x12c041400000	0x12c0c0013000	0x12c0c0024000
317	3775510	16	32768	0	timed	PC	2	1	6	27	5	2	P	C	1	0xffffa6cba320	0xffffa6c1a370	0x12c041800000	0x12c041600000	0x12c041200000	0x12c041400000	0x12c0c0013000	0x12c0c0024000
318	3775510	16	32768	0	timed	PC	2	1	6	24	6	1	C	P	1	0xffffa6c1a370	0xffffa6cba320	0x12c041600000	0x12c041800000	0x12c041200000	0x12c041400000	0x12c0c0013000	0x12c0c0024000
319	3775510	16	32768	0	timed	PC	2	1	6	27	7	2	C	C	1	0xffffa6c1a370	0xffffa6c1a370	0x12c041600000	0x12c041600000	0x12c041200000	0x12c041400000	0x12c0c0013000	0x12c0c0024000
320	3775510	16	32768	0	prime	PC	2	1	7	-1	-1	0	P	C	1	0xffffa6cba320	0xffffa6c1a370	0x12c041800000	0x12c041600000	0x12c041200000	0x12c041400000	0x12c0c0013000	0x12c0c0024000
321	3775510	16	32768	0	timed	PC	2	1	7	28	0	1	C	P	1	0xffffa6c1a370	0xffffa6cba320	0x12c041600000	0x12c041800000	0x12c041200000	0x12c041400000	0x12c0c0013000	0x12c0c0024000
322	3775510	16	32768	0	timed	PC	2	1	7	31	1	2	C	C	1	0xffffa6c1a370	0xffffa6c1a370	0x12c041600000	0x12c041600000	0x12c041200000	0x12c041400000	0x12c0c0013000	0x12c0c0024000
323	3775510	16	32768	0	timed	PC	2	1	7	30	2	1	C	C	1	0xffffa6c1a370	0xffffa6c1a370	0x12c041600000	0x12c041600000	0x12c041200000	0x12c041400000	0x12c0c0013000	0x12c0c0024000
324	3775510	16	32768	0	timed	PC	2	1	7	31	3	2	P	C	1	0xffffa6cba320	0xffffa6c1a370	0x12c041800000	0x12c041600000	0x12c041200000	0x12c041400000	0x12c0c0013000	0x12c0c0024000
325	3775510	16	32768	0	timed	PC	2	1	7	28	4	1	P	P	1	0xffffa6cba320	0xffffa6cba320	0x12c041800000	0x12c041800000	0x12c041200000	0x12c041400000	0x12c0c0013000	0x12c0c0024000
326	3775510	16	32768	0	timed	PC	2	1	7	29	5	2	C	P	1	0xffffa6c1a370	0xffffa6cba320	0x12c041600000	0x12c041800000	0x12c041200000	0x12c041400000	0x12c0c0013000	0x12c0c0024000
327	3775510	16	32768	0	timed	PC	2	1	7	30	6	1	P	C	1	0xffffa6cba320	0xffffa6c1a370	0x12c041800000	0x12c041600000	0x12c041200000	0x12c041400000	0x12c0c0013000	0x12c0c0024000
328	3775510	16	32768	0	timed	PC	2	1	7	29	7	2	P	P	1	0xffffa6cba320	0xffffa6cba320	0x12c041800000	0x12c041800000	0x12c041200000	0x12c041400000	0x12c0c0013000	0x12c0c0024000
329	3775510	16	32768	0	warmup	PC	3	2	-1	0	0	1	P	P	0	0xffffa6cba320	0xffffa6cba320	0x12c041600000	0x12c041800000	0x12c041200000	0x12c041400000	0x12c0c0013000	0x12c0c0024000
330	3775510	16	32768	0	warmup	PC	3	2	-1	0	1	2	C	P	0	0xffffa6c1a370	0xffffa6cba320	0x12c041800000	0x12c041600000	0x12c041200000	0x12c041400000	0x12c0c0013000	0x12c0c0024000
331	3775510	16	32768	0	warmup	PC	3	2	-1	1	2	1	C	C	0	0xffffa6c1a370	0xffffa6c1a370	0x12c041800000	0x12c041800000	0x12c041200000	0x12c041400000	0x12c0c0013000	0x12c0c0024000
332	3775510	16	32768	0	warmup	PC	3	2	-1	1	3	2	P	C	0	0xffffa6cba320	0xffffa6c1a370	0x12c041600000	0x12c041800000	0x12c041200000	0x12c041400000	0x12c0c0013000	0x12c0c0024000
333	3775510	16	32768	0	warmup	PC	3	2	-1	2	4	1	P	P	0	0xffffa6cba320	0xffffa6cba320	0x12c041600000	0x12c041600000	0x12c041200000	0x12c041400000	0x12c0c0013000	0x12c0c0024000
334	3775510	16	32768	0	warmup	PC	3	2	-1	2	5	2	C	P	0	0xffffa6c1a370	0xffffa6cba320	0x12c041800000	0x12c041600000	0x12c041200000	0x12c041400000	0x12c0c0013000	0x12c0c0024000
335	3775510	16	32768	0	warmup	PC	3	2	-1	3	6	1	C	C	0	0xffffa6c1a370	0xffffa6c1a370	0x12c041800000	0x12c041800000	0x12c041200000	0x12c041400000	0x12c0c0013000	0x12c0c0024000
336	3775510	16	32768	0	warmup	PC	3	2	-1	3	7	2	P	C	0	0xffffa6cba320	0xffffa6c1a370	0x12c041600000	0x12c041800000	0x12c041200000	0x12c041400000	0x12c0c0013000	0x12c0c0024000
337	3775510	16	32768	0	warmup	PC	3	2	-1	4	8	1	P	P	0	0xffffa6cba320	0xffffa6cba320	0x12c041600000	0x12c041600000	0x12c041200000	0x12c041400000	0x12c0c0013000	0x12c0c0024000
338	3775510	16	32768	0	warmup	PC	3	2	-1	4	9	2	C	P	0	0xffffa6c1a370	0xffffa6cba320	0x12c041800000	0x12c041600000	0x12c041200000	0x12c041400000	0x12c0c0013000	0x12c0c0024000
339	3775510	16	32768	0	warmup	PC	3	2	-1	5	10	1	C	C	0	0xffffa6c1a370	0xffffa6c1a370	0x12c041800000	0x12c041800000	0x12c041200000	0x12c041400000	0x12c0c0013000	0x12c0c0024000
340	3775510	16	32768	0	warmup	PC	3	2	-1	5	11	2	P	C	0	0xffffa6cba320	0xffffa6c1a370	0x12c041600000	0x12c041800000	0x12c041200000	0x12c041400000	0x12c0c0013000	0x12c0c0024000
341	3775510	16	32768	0	warmup	PC	3	2	-1	6	12	1	P	P	0	0xffffa6cba320	0xffffa6cba320	0x12c041600000	0x12c041600000	0x12c041200000	0x12c041400000	0x12c0c0013000	0x12c0c0024000
342	3775510	16	32768	0	warmup	PC	3	2	-1	6	13	2	C	P	0	0xffffa6c1a370	0xffffa6cba320	0x12c041800000	0x12c041600000	0x12c041200000	0x12c041400000	0x12c0c0013000	0x12c0c0024000
343	3775510	16	32768	0	warmup	PC	3	2	-1	7	14	1	C	C	0	0xffffa6c1a370	0xffffa6c1a370	0x12c041800000	0x12c041800000	0x12c041200000	0x12c041400000	0x12c0c0013000	0x12c0c0024000
344	3775510	16	32768	0	warmup	PC	3	2	-1	7	15	2	P	C	0	0xffffa6cba320	0xffffa6c1a370	0x12c041600000	0x12c041800000	0x12c041200000	0x12c041400000	0x12c0c0013000	0x12c0c0024000
345	3775510	16	32768	0	warmup	PC	3	2	-1	8	16	1	P	P	0	0xffffa6cba320	0xffffa6cba320	0x12c041600000	0x12c041600000	0x12c041200000	0x12c041400000	0x12c0c0013000	0x12c0c0024000
346	3775510	16	32768	0	warmup	PC	3	2	-1	8	17	2	C	P	0	0xffffa6c1a370	0xffffa6cba320	0x12c041800000	0x12c041600000	0x12c041200000	0x12c041400000	0x12c0c0013000	0x12c0c0024000
347	3775510	16	32768	0	warmup	PC	3	2	-1	9	18	1	C	C	0	0xffffa6c1a370	0xffffa6c1a370	0x12c041800000	0x12c041800000	0x12c041200000	0x12c041400000	0x12c0c0013000	0x12c0c0024000
348	3775510	16	32768	0	warmup	PC	3	2	-1	9	19	2	P	C	0	0xffffa6cba320	0xffffa6c1a370	0x12c041600000	0x12c041800000	0x12c041200000	0x12c041400000	0x12c0c0013000	0x12c0c0024000
349	3775510	16	32768	0	warmup	PC	3	2	-1	10	20	1	P	P	0	0xffffa6cba320	0xffffa6cba320	0x12c041600000	0x12c041600000	0x12c041200000	0x12c041400000	0x12c0c0013000	0x12c0c0024000
350	3775510	16	32768	0	warmup	PC	3	2	-1	10	21	2	C	P	0	0xffffa6c1a370	0xffffa6cba320	0x12c041800000	0x12c041600000	0x12c041200000	0x12c041400000	0x12c0c0013000	0x12c0c0024000
351	3775510	16	32768	0	warmup	PC	3	2	-1	11	22	1	C	C	0	0xffffa6c1a370	0xffffa6c1a370	0x12c041800000	0x12c041800000	0x12c041200000	0x12c041400000	0x12c0c0013000	0x12c0c0024000
352	3775510	16	32768	0	warmup	PC	3	2	-1	11	23	2	P	C	0	0xffffa6cba320	0xffffa6c1a370	0x12c041600000	0x12c041800000	0x12c041200000	0x12c041400000	0x12c0c0013000	0x12c0c0024000
353	3775510	16	32768	0	warmup	PC	3	2	-1	12	24	1	P	P	0	0xffffa6cba320	0xffffa6cba320	0x12c041600000	0x12c041600000	0x12c041200000	0x12c041400000	0x12c0c0013000	0x12c0c0024000
354	3775510	16	32768	0	warmup	PC	3	2	-1	12	25	2	C	P	0	0xffffa6c1a370	0xffffa6cba320	0x12c041800000	0x12c041600000	0x12c041200000	0x12c041400000	0x12c0c0013000	0x12c0c0024000
355	3775510	16	32768	0	warmup	PC	3	2	-1	13	26	1	C	C	0	0xffffa6c1a370	0xffffa6c1a370	0x12c041800000	0x12c041800000	0x12c041200000	0x12c041400000	0x12c0c0013000	0x12c0c0024000
356	3775510	16	32768	0	warmup	PC	3	2	-1	13	27	2	P	C	0	0xffffa6cba320	0xffffa6c1a370	0x12c041600000	0x12c041800000	0x12c041200000	0x12c041400000	0x12c0c0013000	0x12c0c0024000
357	3775510	16	32768	0	warmup	PC	3	2	-1	14	28	1	P	P	0	0xffffa6cba320	0xffffa6cba320	0x12c041600000	0x12c041600000	0x12c041200000	0x12c041400000	0x12c0c0013000	0x12c0c0024000
358	3775510	16	32768	0	warmup	PC	3	2	-1	14	29	2	C	P	0	0xffffa6c1a370	0xffffa6cba320	0x12c041800000	0x12c041600000	0x12c041200000	0x12c041400000	0x12c0c0013000	0x12c0c0024000
359	3775510	16	32768	0	warmup	PC	3	2	-1	15	30	1	C	C	0	0xffffa6c1a370	0xffffa6c1a370	0x12c041800000	0x12c041800000	0x12c041200000	0x12c041400000	0x12c0c0013000	0x12c0c0024000
360	3775510	16	32768	0	warmup	PC	3	2	-1	15	31	2	P	C	0	0xffffa6cba320	0xffffa6c1a370	0x12c041600000	0x12c041800000	0x12c041200000	0x12c041400000	0x12c0c0013000	0x12c0c0024000
361	3775510	16	32768	0	warmup	PC	3	2	-1	16	32	1	P	P	0	0xffffa6cba320	0xffffa6cba320	0x12c041600000	0x12c041600000	0x12c041200000	0x12c041400000	0x12c0c0013000	0x12c0c0024000
362	3775510	16	32768	0	warmup	PC	3	2	-1	16	33	2	C	P	0	0xffffa6c1a370	0xffffa6cba320	0x12c041800000	0x12c041600000	0x12c041200000	0x12c041400000	0x12c0c0013000	0x12c0c0024000
363	3775510	16	32768	0	warmup	PC	3	2	-1	17	34	1	C	C	0	0xffffa6c1a370	0xffffa6c1a370	0x12c041800000	0x12c041800000	0x12c041200000	0x12c041400000	0x12c0c0013000	0x12c0c0024000
364	3775510	16	32768	0	warmup	PC	3	2	-1	17	35	2	P	C	0	0xffffa6cba320	0xffffa6c1a370	0x12c041600000	0x12c041800000	0x12c041200000	0x12c041400000	0x12c0c0013000	0x12c0c0024000
365	3775510	16	32768	0	warmup	PC	3	2	-1	18	36	1	P	P	0	0xffffa6cba320	0xffffa6cba320	0x12c041600000	0x12c041600000	0x12c041200000	0x12c041400000	0x12c0c0013000	0x12c0c0024000
366	3775510	16	32768	0	warmup	PC	3	2	-1	18	37	2	C	P	0	0xffffa6c1a370	0xffffa6cba320	0x12c041800000	0x12c041600000	0x12c041200000	0x12c041400000	0x12c0c0013000	0x12c0c0024000
367	3775510	16	32768	0	warmup	PC	3	2	-1	19	38	1	C	C	0	0xffffa6c1a370	0xffffa6c1a370	0x12c041800000	0x12c041800000	0x12c041200000	0x12c041400000	0x12c0c0013000	0x12c0c0024000
368	3775510	16	32768	0	warmup	PC	3	2	-1	19	39	2	P	C	0	0xffffa6cba320	0xffffa6c1a370	0x12c041600000	0x12c041800000	0x12c041200000	0x12c041400000	0x12c0c0013000	0x12c0c0024000
369	3775510	16	32768	0	warmup	PC	3	2	-1	20	40	1	P	P	0	0xffffa6cba320	0xffffa6cba320	0x12c041600000	0x12c041600000	0x12c041200000	0x12c041400000	0x12c0c0013000	0x12c0c0024000
370	3775510	16	32768	0	warmup	PC	3	2	-1	20	41	2	C	P	0	0xffffa6c1a370	0xffffa6cba320	0x12c041800000	0x12c041600000	0x12c041200000	0x12c041400000	0x12c0c0013000	0x12c0c0024000
371	3775510	16	32768	0	warmup	PC	3	2	-1	21	42	1	C	C	0	0xffffa6c1a370	0xffffa6c1a370	0x12c041800000	0x12c041800000	0x12c041200000	0x12c041400000	0x12c0c0013000	0x12c0c0024000
372	3775510	16	32768	0	warmup	PC	3	2	-1	21	43	2	P	C	0	0xffffa6cba320	0xffffa6c1a370	0x12c041600000	0x12c041800000	0x12c041200000	0x12c041400000	0x12c0c0013000	0x12c0c0024000
373	3775510	16	32768	0	warmup	PC	3	2	-1	22	44	1	P	P	0	0xffffa6cba320	0xffffa6cba320	0x12c041600000	0x12c041600000	0x12c041200000	0x12c041400000	0x12c0c0013000	0x12c0c0024000
374	3775510	16	32768	0	warmup	PC	3	2	-1	22	45	2	C	P	0	0xffffa6c1a370	0xffffa6cba320	0x12c041800000	0x12c041600000	0x12c041200000	0x12c041400000	0x12c0c0013000	0x12c0c0024000
375	3775510	16	32768	0	warmup	PC	3	2	-1	23	46	1	C	C	0	0xffffa6c1a370	0xffffa6c1a370	0x12c041800000	0x12c041800000	0x12c041200000	0x12c041400000	0x12c0c0013000	0x12c0c0024000
376	3775510	16	32768	0	warmup	PC	3	2	-1	23	47	2	P	C	0	0xffffa6cba320	0xffffa6c1a370	0x12c041600000	0x12c041800000	0x12c041200000	0x12c041400000	0x12c0c0013000	0x12c0c0024000
377	3775510	16	32768	0	warmup	PC	3	2	-1	24	48	1	P	P	0	0xffffa6cba320	0xffffa6cba320	0x12c041600000	0x12c041600000	0x12c041200000	0x12c041400000	0x12c0c0013000	0x12c0c0024000
378	3775510	16	32768	0	warmup	PC	3	2	-1	24	49	2	C	P	0	0xffffa6c1a370	0xffffa6cba320	0x12c041800000	0x12c041600000	0x12c041200000	0x12c041400000	0x12c0c0013000	0x12c0c0024000
379	3775510	16	32768	0	warmup	PC	3	2	-1	25	50	1	C	C	0	0xffffa6c1a370	0xffffa6c1a370	0x12c041800000	0x12c041800000	0x12c041200000	0x12c041400000	0x12c0c0013000	0x12c0c0024000
380	3775510	16	32768	0	warmup	PC	3	2	-1	25	51	2	P	C	0	0xffffa6cba320	0xffffa6c1a370	0x12c041600000	0x12c041800000	0x12c041200000	0x12c041400000	0x12c0c0013000	0x12c0c0024000
381	3775510	16	32768	0	warmup	PC	3	2	-1	26	52	1	P	P	0	0xffffa6cba320	0xffffa6cba320	0x12c041600000	0x12c041600000	0x12c041200000	0x12c041400000	0x12c0c0013000	0x12c0c0024000
382	3775510	16	32768	0	warmup	PC	3	2	-1	26	53	2	C	P	0	0xffffa6c1a370	0xffffa6cba320	0x12c041800000	0x12c041600000	0x12c041200000	0x12c041400000	0x12c0c0013000	0x12c0c0024000
383	3775510	16	32768	0	warmup	PC	3	2	-1	27	54	1	C	C	0	0xffffa6c1a370	0xffffa6c1a370	0x12c041800000	0x12c041800000	0x12c041200000	0x12c041400000	0x12c0c0013000	0x12c0c0024000
384	3775510	16	32768	0	warmup	PC	3	2	-1	27	55	2	P	C	0	0xffffa6cba320	0xffffa6c1a370	0x12c041600000	0x12c041800000	0x12c041200000	0x12c041400000	0x12c0c0013000	0x12c0c0024000
385	3775510	16	32768	0	warmup	PC	3	2	-1	28	56	1	P	P	0	0xffffa6cba320	0xffffa6cba320	0x12c041600000	0x12c041600000	0x12c041200000	0x12c041400000	0x12c0c0013000	0x12c0c0024000
386	3775510	16	32768	0	warmup	PC	3	2	-1	28	57	2	C	P	0	0xffffa6c1a370	0xffffa6cba320	0x12c041800000	0x12c041600000	0x12c041200000	0x12c041400000	0x12c0c0013000	0x12c0c0024000
387	3775510	16	32768	0	warmup	PC	3	2	-1	29	58	1	C	C	0	0xffffa6c1a370	0xffffa6c1a370	0x12c041800000	0x12c041800000	0x12c041200000	0x12c041400000	0x12c0c0013000	0x12c0c0024000
388	3775510	16	32768	0	warmup	PC	3	2	-1	29	59	2	P	C	0	0xffffa6cba320	0xffffa6c1a370	0x12c041600000	0x12c041800000	0x12c041200000	0x12c041400000	0x12c0c0013000	0x12c0c0024000
389	3775510	16	32768	0	warmup	PC	3	2	-1	30	60	1	P	P	0	0xffffa6cba320	0xffffa6cba320	0x12c041600000	0x12c041600000	0x12c041200000	0x12c041400000	0x12c0c0013000	0x12c0c0024000
390	3775510	16	32768	0	warmup	PC	3	2	-1	30	61	2	C	P	0	0xffffa6c1a370	0xffffa6cba320	0x12c041800000	0x12c041600000	0x12c041200000	0x12c041400000	0x12c0c0013000	0x12c0c0024000
391	3775510	16	32768	0	warmup	PC	3	2	-1	31	62	1	C	C	0	0xffffa6c1a370	0xffffa6c1a370	0x12c041800000	0x12c041800000	0x12c041200000	0x12c041400000	0x12c0c0013000	0x12c0c0024000
392	3775510	16	32768	0	warmup	PC	3	2	-1	31	63	2	P	C	0	0xffffa6cba320	0xffffa6c1a370	0x12c041600000	0x12c041800000	0x12c041200000	0x12c041400000	0x12c0c0013000	0x12c0c0024000
393	3775510	16	32768	0	warmup	PC	3	2	-1	32	64	1	P	P	0	0xffffa6cba320	0xffffa6cba320	0x12c041600000	0x12c041600000	0x12c041200000	0x12c041400000	0x12c0c0013000	0x12c0c0024000
394	3775510	16	32768	0	warmup	PC	3	2	-1	32	65	2	C	P	0	0xffffa6c1a370	0xffffa6cba320	0x12c041800000	0x12c041600000	0x12c041200000	0x12c041400000	0x12c0c0013000	0x12c0c0024000
395	3775510	16	32768	0	warmup	PC	3	2	-1	33	66	1	C	C	0	0xffffa6c1a370	0xffffa6c1a370	0x12c041800000	0x12c041800000	0x12c041200000	0x12c041400000	0x12c0c0013000	0x12c0c0024000
396	3775510	16	32768	0	warmup	PC	3	2	-1	33	67	2	P	C	0	0xffffa6cba320	0xffffa6c1a370	0x12c041600000	0x12c041800000	0x12c041200000	0x12c041400000	0x12c0c0013000	0x12c0c0024000
397	3775510	16	32768	0	warmup	PC	3	2	-1	34	68	1	P	P	0	0xffffa6cba320	0xffffa6cba320	0x12c041600000	0x12c041600000	0x12c041200000	0x12c041400000	0x12c0c0013000	0x12c0c0024000
398	3775510	16	32768	0	warmup	PC	3	2	-1	34	69	2	C	P	0	0xffffa6c1a370	0xffffa6cba320	0x12c041800000	0x12c041600000	0x12c041200000	0x12c041400000	0x12c0c0013000	0x12c0c0024000
399	3775510	16	32768	0	warmup	PC	3	2	-1	35	70	1	C	C	0	0xffffa6c1a370	0xffffa6c1a370	0x12c041800000	0x12c041800000	0x12c041200000	0x12c041400000	0x12c0c0013000	0x12c0c0024000
400	3775510	16	32768	0	warmup	PC	3	2	-1	35	71	2	P	C	0	0xffffa6cba320	0xffffa6c1a370	0x12c041600000	0x12c041800000	0x12c041200000	0x12c041400000	0x12c0c0013000	0x12c0c0024000
401	3775510	16	32768	0	warmup	PC	3	2	-1	36	72	1	P	P	0	0xffffa6cba320	0xffffa6cba320	0x12c041600000	0x12c041600000	0x12c041200000	0x12c041400000	0x12c0c0013000	0x12c0c0024000
402	3775510	16	32768	0	warmup	PC	3	2	-1	36	73	2	C	P	0	0xffffa6c1a370	0xffffa6cba320	0x12c041800000	0x12c041600000	0x12c041200000	0x12c041400000	0x12c0c0013000	0x12c0c0024000
403	3775510	16	32768	0	warmup	PC	3	2	-1	37	74	1	C	C	0	0xffffa6c1a370	0xffffa6c1a370	0x12c041800000	0x12c041800000	0x12c041200000	0x12c041400000	0x12c0c0013000	0x12c0c0024000
404	3775510	16	32768	0	warmup	PC	3	2	-1	37	75	2	P	C	0	0xffffa6cba320	0xffffa6c1a370	0x12c041600000	0x12c041800000	0x12c041200000	0x12c041400000	0x12c0c0013000	0x12c0c0024000
405	3775510	16	32768	0	warmup	PC	3	2	-1	38	76	1	P	P	0	0xffffa6cba320	0xffffa6cba320	0x12c041600000	0x12c041600000	0x12c041200000	0x12c041400000	0x12c0c0013000	0x12c0c0024000
406	3775510	16	32768	0	warmup	PC	3	2	-1	38	77	2	C	P	0	0xffffa6c1a370	0xffffa6cba320	0x12c041800000	0x12c041600000	0x12c041200000	0x12c041400000	0x12c0c0013000	0x12c0c0024000
407	3775510	16	32768	0	warmup	PC	3	2	-1	39	78	1	C	C	0	0xffffa6c1a370	0xffffa6c1a370	0x12c041800000	0x12c041800000	0x12c041200000	0x12c041400000	0x12c0c0013000	0x12c0c0024000
408	3775510	16	32768	0	warmup	PC	3	2	-1	39	79	2	P	C	0	0xffffa6cba320	0xffffa6c1a370	0x12c041600000	0x12c041800000	0x12c041200000	0x12c041400000	0x12c0c0013000	0x12c0c0024000
409	3775510	16	32768	0	warmup	PC	3	2	-1	40	80	1	P	P	0	0xffffa6cba320	0xffffa6cba320	0x12c041600000	0x12c041600000	0x12c041200000	0x12c041400000	0x12c0c0013000	0x12c0c0024000
410	3775510	16	32768	0	warmup	PC	3	2	-1	40	81	2	C	P	0	0xffffa6c1a370	0xffffa6cba320	0x12c041800000	0x12c041600000	0x12c041200000	0x12c041400000	0x12c0c0013000	0x12c0c0024000
411	3775510	16	32768	0	warmup	PC	3	2	-1	41	82	1	C	C	0	0xffffa6c1a370	0xffffa6c1a370	0x12c041800000	0x12c041800000	0x12c041200000	0x12c041400000	0x12c0c0013000	0x12c0c0024000
412	3775510	16	32768	0	warmup	PC	3	2	-1	41	83	2	P	C	0	0xffffa6cba320	0xffffa6c1a370	0x12c041600000	0x12c041800000	0x12c041200000	0x12c041400000	0x12c0c0013000	0x12c0c0024000
413	3775510	16	32768	0	warmup	PC	3	2	-1	42	84	1	P	P	0	0xffffa6cba320	0xffffa6cba320	0x12c041600000	0x12c041600000	0x12c041200000	0x12c041400000	0x12c0c0013000	0x12c0c0024000
414	3775510	16	32768	0	warmup	PC	3	2	-1	42	85	2	C	P	0	0xffffa6c1a370	0xffffa6cba320	0x12c041800000	0x12c041600000	0x12c041200000	0x12c041400000	0x12c0c0013000	0x12c0c0024000
415	3775510	16	32768	0	warmup	PC	3	2	-1	43	86	1	C	C	0	0xffffa6c1a370	0xffffa6c1a370	0x12c041800000	0x12c041800000	0x12c041200000	0x12c041400000	0x12c0c0013000	0x12c0c0024000
416	3775510	16	32768	0	warmup	PC	3	2	-1	43	87	2	P	C	0	0xffffa6cba320	0xffffa6c1a370	0x12c041600000	0x12c041800000	0x12c041200000	0x12c041400000	0x12c0c0013000	0x12c0c0024000
417	3775510	16	32768	0	warmup	PC	3	2	-1	44	88	1	P	P	0	0xffffa6cba320	0xffffa6cba320	0x12c041600000	0x12c041600000	0x12c041200000	0x12c041400000	0x12c0c0013000	0x12c0c0024000
418	3775510	16	32768	0	warmup	PC	3	2	-1	44	89	2	C	P	0	0xffffa6c1a370	0xffffa6cba320	0x12c041800000	0x12c041600000	0x12c041200000	0x12c041400000	0x12c0c0013000	0x12c0c0024000
419	3775510	16	32768	0	prime	PC	3	2	0	-1	-1	0	C	C	0	0xffffa6c1a370	0xffffa6c1a370	0x12c041800000	0x12c041800000	0x12c041200000	0x12c041400000	0x12c0c0013000	0x12c0c0024000
420	3775510	16	32768	0	timed	PC	3	2	0	2	0	1	P	C	0	0xffffa6cba320	0xffffa6c1a370	0x12c041600000	0x12c041800000	0x12c041200000	0x12c041400000	0x12c0c0013000	0x12c0c0024000
421	3775510	16	32768	0	timed	PC	3	2	0	1	1	2	P	P	0	0xffffa6cba320	0xffffa6cba320	0x12c041600000	0x12c041600000	0x12c041200000	0x12c041400000	0x12c0c0013000	0x12c0c0024000
422	3775510	16	32768	0	timed	PC	3	2	0	0	2	1	P	P	0	0xffffa6cba320	0xffffa6cba320	0x12c041600000	0x12c041600000	0x12c041200000	0x12c041400000	0x12c0c0013000	0x12c0c0024000
423	3775510	16	32768	0	timed	PC	3	2	0	1	3	2	C	P	0	0xffffa6c1a370	0xffffa6cba320	0x12c041800000	0x12c041600000	0x12c041200000	0x12c041400000	0x12c0c0013000	0x12c0c0024000
424	3775510	16	32768	0	timed	PC	3	2	0	2	4	1	C	C	0	0xffffa6c1a370	0xffffa6c1a370	0x12c041800000	0x12c041800000	0x12c041200000	0x12c041400000	0x12c0c0013000	0x12c0c0024000
425	3775510	16	32768	0	timed	PC	3	2	0	3	5	2	P	C	0	0xffffa6cba320	0xffffa6c1a370	0x12c041600000	0x12c041800000	0x12c041200000	0x12c041400000	0x12c0c0013000	0x12c0c0024000
426	3775510	16	32768	0	timed	PC	3	2	0	0	6	1	C	P	0	0xffffa6c1a370	0xffffa6cba320	0x12c041800000	0x12c041600000	0x12c041200000	0x12c041400000	0x12c0c0013000	0x12c0c0024000
427	3775510	16	32768	0	timed	PC	3	2	0	3	7	2	C	C	0	0xffffa6c1a370	0xffffa6c1a370	0x12c041800000	0x12c041800000	0x12c041200000	0x12c041400000	0x12c0c0013000	0x12c0c0024000
428	3775510	16	32768	0	prime	PC	3	2	1	-1	-1	0	P	C	0	0xffffa6cba320	0xffffa6c1a370	0x12c041600000	0x12c041800000	0x12c041200000	0x12c041400000	0x12c0c0013000	0x12c0c0024000
429	3775510	16	32768	0	timed	PC	3	2	1	4	0	1	C	P	0	0xffffa6c1a370	0xffffa6cba320	0x12c041800000	0x12c041600000	0x12c041200000	0x12c041400000	0x12c0c0013000	0x12c0c0024000
430	3775510	16	32768	0	timed	PC	3	2	1	7	1	2	C	C	0	0xffffa6c1a370	0xffffa6c1a370	0x12c041800000	0x12c041800000	0x12c041200000	0x12c041400000	0x12c0c0013000	0x12c0c0024000
431	3775510	16	32768	0	timed	PC	3	2	1	6	2	1	C	C	0	0xffffa6c1a370	0xffffa6c1a370	0x12c041800000	0x12c041800000	0x12c041200000	0x12c041400000	0x12c0c0013000	0x12c0c0024000
432	3775510	16	32768	0	timed	PC	3	2	1	7	3	2	P	C	0	0xffffa6cba320	0xffffa6c1a370	0x12c041600000	0x12c041800000	0x12c041200000	0x12c041400000	0x12c0c0013000	0x12c0c0024000
433	3775510	16	32768	0	timed	PC	3	2	1	4	4	1	P	P	0	0xffffa6cba320	0xffffa6cba320	0x12c041600000	0x12c041600000	0x12c041200000	0x12c041400000	0x12c0c0013000	0x12c0c0024000
434	3775510	16	32768	0	timed	PC	3	2	1	5	5	2	C	P	0	0xffffa6c1a370	0xffffa6cba320	0x12c041800000	0x12c041600000	0x12c041200000	0x12c041400000	0x12c0c0013000	0x12c0c0024000
435	3775510	16	32768	0	timed	PC	3	2	1	6	6	1	P	C	0	0xffffa6cba320	0xffffa6c1a370	0x12c041600000	0x12c041800000	0x12c041200000	0x12c041400000	0x12c0c0013000	0x12c0c0024000
436	3775510	16	32768	0	timed	PC	3	2	1	5	7	2	P	P	0	0xffffa6cba320	0xffffa6cba320	0x12c041600000	0x12c041600000	0x12c041200000	0x12c041400000	0x12c0c0013000	0x12c0c0024000
437	3775510	16	32768	0	prime	PC	3	2	2	-1	-1	0	C	P	1	0xffffa6c1a370	0xffffa6cba320	0x12c041600000	0x12c041600000	0x12c041200000	0x12c041400000	0x12c0c0013000	0x12c0c0024000
438	3775510	16	32768	0	timed	PC	3	2	2	10	0	1	P	C	1	0xffffa6cba320	0xffffa6c1a370	0x12c041800000	0x12c041600000	0x12c041200000	0x12c041400000	0x12c0c0013000	0x12c0c0024000
439	3775510	16	32768	0	timed	PC	3	2	2	9	1	2	P	P	1	0xffffa6cba320	0xffffa6cba320	0x12c041800000	0x12c041800000	0x12c041200000	0x12c041400000	0x12c0c0013000	0x12c0c0024000
440	3775510	16	32768	0	timed	PC	3	2	2	8	2	1	P	P	1	0xffffa6cba320	0xffffa6cba320	0x12c041800000	0x12c041800000	0x12c041200000	0x12c041400000	0x12c0c0013000	0x12c0c0024000
441	3775510	16	32768	0	timed	PC	3	2	2	9	3	2	C	P	1	0xffffa6c1a370	0xffffa6cba320	0x12c041600000	0x12c041800000	0x12c041200000	0x12c041400000	0x12c0c0013000	0x12c0c0024000
442	3775510	16	32768	0	timed	PC	3	2	2	10	4	1	C	C	1	0xffffa6c1a370	0xffffa6c1a370	0x12c041600000	0x12c041600000	0x12c041200000	0x12c041400000	0x12c0c0013000	0x12c0c0024000
443	3775510	16	32768	0	timed	PC	3	2	2	11	5	2	P	C	1	0xffffa6cba320	0xffffa6c1a370	0x12c041800000	0x12c041600000	0x12c041200000	0x12c041400000	0x12c0c0013000	0x12c0c0024000
444	3775510	16	32768	0	timed	PC	3	2	2	8	6	1	C	P	1	0xffffa6c1a370	0xffffa6cba320	0x12c041600000	0x12c041800000	0x12c041200000	0x12c041400000	0x12c0c0013000	0x12c0c0024000
445	3775510	16	32768	0	timed	PC	3	2	2	11	7	2	C	C	1	0xffffa6c1a370	0xffffa6c1a370	0x12c041600000	0x12c041600000	0x12c041200000	0x12c041400000	0x12c0c0013000	0x12c0c0024000
446	3775510	16	32768	0	prime	PC	3	2	3	-1	-1	0	P	C	1	0xffffa6cba320	0xffffa6c1a370	0x12c041800000	0x12c041600000	0x12c041200000	0x12c041400000	0x12c0c0013000	0x12c0c0024000
447	3775510	16	32768	0	timed	PC	3	2	3	12	0	1	C	P	1	0xffffa6c1a370	0xffffa6cba320	0x12c041600000	0x12c041800000	0x12c041200000	0x12c041400000	0x12c0c0013000	0x12c0c0024000
448	3775510	16	32768	0	timed	PC	3	2	3	15	1	2	C	C	1	0xffffa6c1a370	0xffffa6c1a370	0x12c041600000	0x12c041600000	0x12c041200000	0x12c041400000	0x12c0c0013000	0x12c0c0024000
449	3775510	16	32768	0	timed	PC	3	2	3	14	2	1	C	C	1	0xffffa6c1a370	0xffffa6c1a370	0x12c041600000	0x12c041600000	0x12c041200000	0x12c041400000	0x12c0c0013000	0x12c0c0024000
450	3775510	16	32768	0	timed	PC	3	2	3	15	3	2	P	C	1	0xffffa6cba320	0xffffa6c1a370	0x12c041800000	0x12c041600000	0x12c041200000	0x12c041400000	0x12c0c0013000	0x12c0c0024000
451	3775510	16	32768	0	timed	PC	3	2	3	12	4	1	P	P	1	0xffffa6cba320	0xffffa6cba320	0x12c041800000	0x12c041800000	0x12c041200000	0x12c041400000	0x12c0c0013000	0x12c0c0024000
452	3775510	16	32768	0	timed	PC	3	2	3	13	5	2	C	P	1	0xffffa6c1a370	0xffffa6cba320	0x12c041600000	0x12c041800000	0x12c041200000	0x12c041400000	0x12c0c0013000	0x12c0c0024000
453	3775510	16	32768	0	timed	PC	3	2	3	14	6	1	P	C	1	0xffffa6cba320	0xffffa6c1a370	0x12c041800000	0x12c041600000	0x12c041200000	0x12c041400000	0x12c0c0013000	0x12c0c0024000
454	3775510	16	32768	0	timed	PC	3	2	3	13	7	2	P	P	1	0xffffa6cba320	0xffffa6cba320	0x12c041800000	0x12c041800000	0x12c041200000	0x12c041400000	0x12c0c0013000	0x12c0c0024000
455	3775510	16	32768	0	prime	PC	3	2	4	-1	-1	0	C	P	0	0xffffa6c1a370	0xffffa6cba320	0x12c041800000	0x12c041800000	0x12c041200000	0x12c041400000	0x12c0c0013000	0x12c0c0024000
456	3775510	16	32768	0	timed	PC	3	2	4	18	0	1	P	C	0	0xffffa6cba320	0xffffa6c1a370	0x12c041600000	0x12c041800000	0x12c041200000	0x12c041400000	0x12c0c0013000	0x12c0c0024000
457	3775510	16	32768	0	timed	PC	3	2	4	17	1	2	P	P	0	0xffffa6cba320	0xffffa6cba320	0x12c041600000	0x12c041600000	0x12c041200000	0x12c041400000	0x12c0c0013000	0x12c0c0024000
458	3775510	16	32768	0	timed	PC	3	2	4	16	2	1	P	P	0	0xffffa6cba320	0xffffa6cba320	0x12c041600000	0x12c041600000	0x12c041200000	0x12c041400000	0x12c0c0013000	0x12c0c0024000
459	3775510	16	32768	0	timed	PC	3	2	4	17	3	2	C	P	0	0xffffa6c1a370	0xffffa6cba320	0x12c041800000	0x12c041600000	0x12c041200000	0x12c041400000	0x12c0c0013000	0x12c0c0024000
460	3775510	16	32768	0	timed	PC	3	2	4	18	4	1	C	C	0	0xffffa6c1a370	0xffffa6c1a370	0x12c041800000	0x12c041800000	0x12c041200000	0x12c041400000	0x12c0c0013000	0x12c0c0024000
461	3775510	16	32768	0	timed	PC	3	2	4	19	5	2	P	C	0	0xffffa6cba320	0xffffa6c1a370	0x12c041600000	0x12c041800000	0x12c041200000	0x12c041400000	0x12c0c0013000	0x12c0c0024000
462	3775510	16	32768	0	timed	PC	3	2	4	16	6	1	C	P	0	0xffffa6c1a370	0xffffa6cba320	0x12c041800000	0x12c041600000	0x12c041200000	0x12c041400000	0x12c0c0013000	0x12c0c0024000
463	3775510	16	32768	0	timed	PC	3	2	4	19	7	2	C	C	0	0xffffa6c1a370	0xffffa6c1a370	0x12c041800000	0x12c041800000	0x12c041200000	0x12c041400000	0x12c0c0013000	0x12c0c0024000
464	3775510	16	32768	0	prime	PC	3	2	5	-1	-1	0	P	C	0	0xffffa6cba320	0xffffa6c1a370	0x12c041600000	0x12c041800000	0x12c041200000	0x12c041400000	0x12c0c0013000	0x12c0c0024000
465	3775510	16	32768	0	timed	PC	3	2	5	20	0	1	C	P	0	0xffffa6c1a370	0xffffa6cba320	0x12c041800000	0x12c041600000	0x12c041200000	0x12c041400000	0x12c0c0013000	0x12c0c0024000
466	3775510	16	32768	0	timed	PC	3	2	5	23	1	2	C	C	0	0xffffa6c1a370	0xffffa6c1a370	0x12c041800000	0x12c041800000	0x12c041200000	0x12c041400000	0x12c0c0013000	0x12c0c0024000
467	3775510	16	32768	0	timed	PC	3	2	5	22	2	1	C	C	0	0xffffa6c1a370	0xffffa6c1a370	0x12c041800000	0x12c041800000	0x12c041200000	0x12c041400000	0x12c0c0013000	0x12c0c0024000
468	3775510	16	32768	0	timed	PC	3	2	5	23	3	2	P	C	0	0xffffa6cba320	0xffffa6c1a370	0x12c041600000	0x12c041800000	0x12c041200000	0x12c041400000	0x12c0c0013000	0x12c0c0024000
469	3775510	16	32768	0	timed	PC	3	2	5	20	4	1	P	P	0	0xffffa6cba320	0xffffa6cba320	0x12c041600000	0x12c041600000	0x12c041200000	0x12c041400000	0x12c0c0013000	0x12c0c0024000
470	3775510	16	32768	0	timed	PC	3	2	5	21	5	2	C	P	0	0xffffa6c1a370	0xffffa6cba320	0x12c041800000	0x12c041600000	0x12c041200000	0x12c041400000	0x12c0c0013000	0x12c0c0024000
471	3775510	16	32768	0	timed	PC	3	2	5	22	6	1	P	C	0	0xffffa6cba320	0xffffa6c1a370	0x12c041600000	0x12c041800000	0x12c041200000	0x12c041400000	0x12c0c0013000	0x12c0c0024000
472	3775510	16	32768	0	timed	PC	3	2	5	21	7	2	P	P	0	0xffffa6cba320	0xffffa6cba320	0x12c041600000	0x12c041600000	0x12c041200000	0x12c041400000	0x12c0c0013000	0x12c0c0024000
473	3775510	16	32768	0	prime	PC	3	2	6	-1	-1	0	C	P	1	0xffffa6c1a370	0xffffa6cba320	0x12c041600000	0x12c041600000	0x12c041200000	0x12c041400000	0x12c0c0013000	0x12c0c0024000
474	3775510	16	32768	0	timed	PC	3	2	6	26	0	1	P	C	1	0xffffa6cba320	0xffffa6c1a370	0x12c041800000	0x12c041600000	0x12c041200000	0x12c041400000	0x12c0c0013000	0x12c0c0024000
475	3775510	16	32768	0	timed	PC	3	2	6	25	1	2	P	P	1	0xffffa6cba320	0xffffa6cba320	0x12c041800000	0x12c041800000	0x12c041200000	0x12c041400000	0x12c0c0013000	0x12c0c0024000
476	3775510	16	32768	0	timed	PC	3	2	6	24	2	1	P	P	1	0xffffa6cba320	0xffffa6cba320	0x12c041800000	0x12c041800000	0x12c041200000	0x12c041400000	0x12c0c0013000	0x12c0c0024000
477	3775510	16	32768	0	timed	PC	3	2	6	25	3	2	C	P	1	0xffffa6c1a370	0xffffa6cba320	0x12c041600000	0x12c041800000	0x12c041200000	0x12c041400000	0x12c0c0013000	0x12c0c0024000
478	3775510	16	32768	0	timed	PC	3	2	6	26	4	1	C	C	1	0xffffa6c1a370	0xffffa6c1a370	0x12c041600000	0x12c041600000	0x12c041200000	0x12c041400000	0x12c0c0013000	0x12c0c0024000
479	3775510	16	32768	0	timed	PC	3	2	6	27	5	2	P	C	1	0xffffa6cba320	0xffffa6c1a370	0x12c041800000	0x12c041600000	0x12c041200000	0x12c041400000	0x12c0c0013000	0x12c0c0024000
480	3775510	16	32768	0	timed	PC	3	2	6	24	6	1	C	P	1	0xffffa6c1a370	0xffffa6cba320	0x12c041600000	0x12c041800000	0x12c041200000	0x12c041400000	0x12c0c0013000	0x12c0c0024000
481	3775510	16	32768	0	timed	PC	3	2	6	27	7	2	C	C	1	0xffffa6c1a370	0xffffa6c1a370	0x12c041600000	0x12c041600000	0x12c041200000	0x12c041400000	0x12c0c0013000	0x12c0c0024000
482	3775510	16	32768	0	prime	PC	3	2	7	-1	-1	0	P	C	1	0xffffa6cba320	0xffffa6c1a370	0x12c041800000	0x12c041600000	0x12c041200000	0x12c041400000	0x12c0c0013000	0x12c0c0024000
483	3775510	16	32768	0	timed	PC	3	2	7	28	0	1	C	P	1	0xffffa6c1a370	0xffffa6cba320	0x12c041600000	0x12c041800000	0x12c041200000	0x12c041400000	0x12c0c0013000	0x12c0c0024000
484	3775510	16	32768	0	timed	PC	3	2	7	31	1	2	C	C	1	0xffffa6c1a370	0xffffa6c1a370	0x12c041600000	0x12c041600000	0x12c041200000	0x12c041400000	0x12c0c0013000	0x12c0c0024000
485	3775510	16	32768	0	timed	PC	3	2	7	30	2	1	C	C	1	0xffffa6c1a370	0xffffa6c1a370	0x12c041600000	0x12c041600000	0x12c041200000	0x12c041400000	0x12c0c0013000	0x12c0c0024000
486	3775510	16	32768	0	timed	PC	3	2	7	31	3	2	P	C	1	0xffffa6cba320	0xffffa6c1a370	0x12c041800000	0x12c041600000	0x12c041200000	0x12c041400000	0x12c0c0013000	0x12c0c0024000
487	3775510	16	32768	0	timed	PC	3	2	7	28	4	1	P	P	1	0xffffa6cba320	0xffffa6cba320	0x12c041800000	0x12c041800000	0x12c041200000	0x12c041400000	0x12c0c0013000	0x12c0c0024000
488	3775510	16	32768	0	timed	PC	3	2	7	29	5	2	C	P	1	0xffffa6c1a370	0xffffa6cba320	0x12c041600000	0x12c041800000	0x12c041200000	0x12c041400000	0x12c0c0013000	0x12c0c0024000
489	3775510	16	32768	0	timed	PC	3	2	7	30	6	1	P	C	1	0xffffa6cba320	0xffffa6c1a370	0x12c041800000	0x12c041600000	0x12c041200000	0x12c041400000	0x12c0c0013000	0x12c0c0024000
490	3775510	16	32768	0	timed	PC	3	2	7	29	7	2	P	P	1	0xffffa6cba320	0xffffa6cba320	0x12c041800000	0x12c041800000	0x12c041200000	0x12c041400000	0x12c0c0013000	0x12c0c0024000
491	3775510	16	32768	0	warmup	PP	4	2	-1	0	0	1	P	P	0	0xffffa6cba320	0xffffa6cba320	0x12c041600000	0x12c041800000	0x12c041200000	0x12c041400000	0x12c0c0013000	0x12c0c0024000
492	3775510	16	32768	0	warmup	PP	4	2	-1	0	1	2	C	P	0	0xffffa6cba320	0xffffa6cba320	0x12c041800000	0x12c041600000	0x12c041200000	0x12c041400000	0x12c0c0013000	0x12c0c0024000
493	3775510	16	32768	0	warmup	PP	4	2	-1	1	2	1	C	C	0	0xffffa6cba320	0xffffa6cba320	0x12c041800000	0x12c041800000	0x12c041200000	0x12c041400000	0x12c0c0013000	0x12c0c0024000
494	3775510	16	32768	0	warmup	PP	4	2	-1	1	3	2	P	C	0	0xffffa6cba320	0xffffa6cba320	0x12c041600000	0x12c041800000	0x12c041200000	0x12c041400000	0x12c0c0013000	0x12c0c0024000
495	3775510	16	32768	0	warmup	PP	4	2	-1	2	4	1	P	P	0	0xffffa6cba320	0xffffa6cba320	0x12c041600000	0x12c041600000	0x12c041200000	0x12c041400000	0x12c0c0013000	0x12c0c0024000
496	3775510	16	32768	0	warmup	PP	4	2	-1	2	5	2	C	P	0	0xffffa6cba320	0xffffa6cba320	0x12c041800000	0x12c041600000	0x12c041200000	0x12c041400000	0x12c0c0013000	0x12c0c0024000
497	3775510	16	32768	0	warmup	PP	4	2	-1	3	6	1	C	C	0	0xffffa6cba320	0xffffa6cba320	0x12c041800000	0x12c041800000	0x12c041200000	0x12c041400000	0x12c0c0013000	0x12c0c0024000
498	3775510	16	32768	0	warmup	PP	4	2	-1	3	7	2	P	C	0	0xffffa6cba320	0xffffa6cba320	0x12c041600000	0x12c041800000	0x12c041200000	0x12c041400000	0x12c0c0013000	0x12c0c0024000
499	3775510	16	32768	0	warmup	PP	4	2	-1	4	8	1	P	P	0	0xffffa6cba320	0xffffa6cba320	0x12c041600000	0x12c041600000	0x12c041200000	0x12c041400000	0x12c0c0013000	0x12c0c0024000
500	3775510	16	32768	0	warmup	PP	4	2	-1	4	9	2	C	P	0	0xffffa6cba320	0xffffa6cba320	0x12c041800000	0x12c041600000	0x12c041200000	0x12c041400000	0x12c0c0013000	0x12c0c0024000
501	3775510	16	32768	0	warmup	PP	4	2	-1	5	10	1	C	C	0	0xffffa6cba320	0xffffa6cba320	0x12c041800000	0x12c041800000	0x12c041200000	0x12c041400000	0x12c0c0013000	0x12c0c0024000
502	3775510	16	32768	0	warmup	PP	4	2	-1	5	11	2	P	C	0	0xffffa6cba320	0xffffa6cba320	0x12c041600000	0x12c041800000	0x12c041200000	0x12c041400000	0x12c0c0013000	0x12c0c0024000
503	3775510	16	32768	0	warmup	PP	4	2	-1	6	12	1	P	P	0	0xffffa6cba320	0xffffa6cba320	0x12c041600000	0x12c041600000	0x12c041200000	0x12c041400000	0x12c0c0013000	0x12c0c0024000
504	3775510	16	32768	0	warmup	PP	4	2	-1	6	13	2	C	P	0	0xffffa6cba320	0xffffa6cba320	0x12c041800000	0x12c041600000	0x12c041200000	0x12c041400000	0x12c0c0013000	0x12c0c0024000
505	3775510	16	32768	0	warmup	PP	4	2	-1	7	14	1	C	C	0	0xffffa6cba320	0xffffa6cba320	0x12c041800000	0x12c041800000	0x12c041200000	0x12c041400000	0x12c0c0013000	0x12c0c0024000
506	3775510	16	32768	0	warmup	PP	4	2	-1	7	15	2	P	C	0	0xffffa6cba320	0xffffa6cba320	0x12c041600000	0x12c041800000	0x12c041200000	0x12c041400000	0x12c0c0013000	0x12c0c0024000
507	3775510	16	32768	0	warmup	PP	4	2	-1	8	16	1	P	P	0	0xffffa6cba320	0xffffa6cba320	0x12c041600000	0x12c041600000	0x12c041200000	0x12c041400000	0x12c0c0013000	0x12c0c0024000
508	3775510	16	32768	0	warmup	PP	4	2	-1	8	17	2	C	P	0	0xffffa6cba320	0xffffa6cba320	0x12c041800000	0x12c041600000	0x12c041200000	0x12c041400000	0x12c0c0013000	0x12c0c0024000
509	3775510	16	32768	0	warmup	PP	4	2	-1	9	18	1	C	C	0	0xffffa6cba320	0xffffa6cba320	0x12c041800000	0x12c041800000	0x12c041200000	0x12c041400000	0x12c0c0013000	0x12c0c0024000
510	3775510	16	32768	0	warmup	PP	4	2	-1	9	19	2	P	C	0	0xffffa6cba320	0xffffa6cba320	0x12c041600000	0x12c041800000	0x12c041200000	0x12c041400000	0x12c0c0013000	0x12c0c0024000
511	3775510	16	32768	0	warmup	PP	4	2	-1	10	20	1	P	P	0	0xffffa6cba320	0xffffa6cba320	0x12c041600000	0x12c041600000	0x12c041200000	0x12c041400000	0x12c0c0013000	0x12c0c0024000
512	3775510	16	32768	0	warmup	PP	4	2	-1	10	21	2	C	P	0	0xffffa6cba320	0xffffa6cba320	0x12c041800000	0x12c041600000	0x12c041200000	0x12c041400000	0x12c0c0013000	0x12c0c0024000
513	3775510	16	32768	0	warmup	PP	4	2	-1	11	22	1	C	C	0	0xffffa6cba320	0xffffa6cba320	0x12c041800000	0x12c041800000	0x12c041200000	0x12c041400000	0x12c0c0013000	0x12c0c0024000
514	3775510	16	32768	0	warmup	PP	4	2	-1	11	23	2	P	C	0	0xffffa6cba320	0xffffa6cba320	0x12c041600000	0x12c041800000	0x12c041200000	0x12c041400000	0x12c0c0013000	0x12c0c0024000
515	3775510	16	32768	0	warmup	PP	4	2	-1	12	24	1	P	P	0	0xffffa6cba320	0xffffa6cba320	0x12c041600000	0x12c041600000	0x12c041200000	0x12c041400000	0x12c0c0013000	0x12c0c0024000
516	3775510	16	32768	0	warmup	PP	4	2	-1	12	25	2	C	P	0	0xffffa6cba320	0xffffa6cba320	0x12c041800000	0x12c041600000	0x12c041200000	0x12c041400000	0x12c0c0013000	0x12c0c0024000
517	3775510	16	32768	0	warmup	PP	4	2	-1	13	26	1	C	C	0	0xffffa6cba320	0xffffa6cba320	0x12c041800000	0x12c041800000	0x12c041200000	0x12c041400000	0x12c0c0013000	0x12c0c0024000
518	3775510	16	32768	0	warmup	PP	4	2	-1	13	27	2	P	C	0	0xffffa6cba320	0xffffa6cba320	0x12c041600000	0x12c041800000	0x12c041200000	0x12c041400000	0x12c0c0013000	0x12c0c0024000
519	3775510	16	32768	0	warmup	PP	4	2	-1	14	28	1	P	P	0	0xffffa6cba320	0xffffa6cba320	0x12c041600000	0x12c041600000	0x12c041200000	0x12c041400000	0x12c0c0013000	0x12c0c0024000
520	3775510	16	32768	0	warmup	PP	4	2	-1	14	29	2	C	P	0	0xffffa6cba320	0xffffa6cba320	0x12c041800000	0x12c041600000	0x12c041200000	0x12c041400000	0x12c0c0013000	0x12c0c0024000
521	3775510	16	32768	0	warmup	PP	4	2	-1	15	30	1	C	C	0	0xffffa6cba320	0xffffa6cba320	0x12c041800000	0x12c041800000	0x12c041200000	0x12c041400000	0x12c0c0013000	0x12c0c0024000
522	3775510	16	32768	0	warmup	PP	4	2	-1	15	31	2	P	C	0	0xffffa6cba320	0xffffa6cba320	0x12c041600000	0x12c041800000	0x12c041200000	0x12c041400000	0x12c0c0013000	0x12c0c0024000
523	3775510	16	32768	0	warmup	PP	4	2	-1	16	32	1	P	P	0	0xffffa6cba320	0xffffa6cba320	0x12c041600000	0x12c041600000	0x12c041200000	0x12c041400000	0x12c0c0013000	0x12c0c0024000
524	3775510	16	32768	0	warmup	PP	4	2	-1	16	33	2	C	P	0	0xffffa6cba320	0xffffa6cba320	0x12c041800000	0x12c041600000	0x12c041200000	0x12c041400000	0x12c0c0013000	0x12c0c0024000
525	3775510	16	32768	0	warmup	PP	4	2	-1	17	34	1	C	C	0	0xffffa6cba320	0xffffa6cba320	0x12c041800000	0x12c041800000	0x12c041200000	0x12c041400000	0x12c0c0013000	0x12c0c0024000
526	3775510	16	32768	0	warmup	PP	4	2	-1	17	35	2	P	C	0	0xffffa6cba320	0xffffa6cba320	0x12c041600000	0x12c041800000	0x12c041200000	0x12c041400000	0x12c0c0013000	0x12c0c0024000
527	3775510	16	32768	0	warmup	PP	4	2	-1	18	36	1	P	P	0	0xffffa6cba320	0xffffa6cba320	0x12c041600000	0x12c041600000	0x12c041200000	0x12c041400000	0x12c0c0013000	0x12c0c0024000
528	3775510	16	32768	0	warmup	PP	4	2	-1	18	37	2	C	P	0	0xffffa6cba320	0xffffa6cba320	0x12c041800000	0x12c041600000	0x12c041200000	0x12c041400000	0x12c0c0013000	0x12c0c0024000
529	3775510	16	32768	0	warmup	PP	4	2	-1	19	38	1	C	C	0	0xffffa6cba320	0xffffa6cba320	0x12c041800000	0x12c041800000	0x12c041200000	0x12c041400000	0x12c0c0013000	0x12c0c0024000
530	3775510	16	32768	0	warmup	PP	4	2	-1	19	39	2	P	C	0	0xffffa6cba320	0xffffa6cba320	0x12c041600000	0x12c041800000	0x12c041200000	0x12c041400000	0x12c0c0013000	0x12c0c0024000
531	3775510	16	32768	0	warmup	PP	4	2	-1	20	40	1	P	P	0	0xffffa6cba320	0xffffa6cba320	0x12c041600000	0x12c041600000	0x12c041200000	0x12c041400000	0x12c0c0013000	0x12c0c0024000
532	3775510	16	32768	0	warmup	PP	4	2	-1	20	41	2	C	P	0	0xffffa6cba320	0xffffa6cba320	0x12c041800000	0x12c041600000	0x12c041200000	0x12c041400000	0x12c0c0013000	0x12c0c0024000
533	3775510	16	32768	0	warmup	PP	4	2	-1	21	42	1	C	C	0	0xffffa6cba320	0xffffa6cba320	0x12c041800000	0x12c041800000	0x12c041200000	0x12c041400000	0x12c0c0013000	0x12c0c0024000
534	3775510	16	32768	0	warmup	PP	4	2	-1	21	43	2	P	C	0	0xffffa6cba320	0xffffa6cba320	0x12c041600000	0x12c041800000	0x12c041200000	0x12c041400000	0x12c0c0013000	0x12c0c0024000
535	3775510	16	32768	0	warmup	PP	4	2	-1	22	44	1	P	P	0	0xffffa6cba320	0xffffa6cba320	0x12c041600000	0x12c041600000	0x12c041200000	0x12c041400000	0x12c0c0013000	0x12c0c0024000
536	3775510	16	32768	0	warmup	PP	4	2	-1	22	45	2	C	P	0	0xffffa6cba320	0xffffa6cba320	0x12c041800000	0x12c041600000	0x12c041200000	0x12c041400000	0x12c0c0013000	0x12c0c0024000
537	3775510	16	32768	0	warmup	PP	4	2	-1	23	46	1	C	C	0	0xffffa6cba320	0xffffa6cba320	0x12c041800000	0x12c041800000	0x12c041200000	0x12c041400000	0x12c0c0013000	0x12c0c0024000
538	3775510	16	32768	0	warmup	PP	4	2	-1	23	47	2	P	C	0	0xffffa6cba320	0xffffa6cba320	0x12c041600000	0x12c041800000	0x12c041200000	0x12c041400000	0x12c0c0013000	0x12c0c0024000
539	3775510	16	32768	0	warmup	PP	4	2	-1	24	48	1	P	P	0	0xffffa6cba320	0xffffa6cba320	0x12c041600000	0x12c041600000	0x12c041200000	0x12c041400000	0x12c0c0013000	0x12c0c0024000
540	3775510	16	32768	0	warmup	PP	4	2	-1	24	49	2	C	P	0	0xffffa6cba320	0xffffa6cba320	0x12c041800000	0x12c041600000	0x12c041200000	0x12c041400000	0x12c0c0013000	0x12c0c0024000
541	3775510	16	32768	0	warmup	PP	4	2	-1	25	50	1	C	C	0	0xffffa6cba320	0xffffa6cba320	0x12c041800000	0x12c041800000	0x12c041200000	0x12c041400000	0x12c0c0013000	0x12c0c0024000
542	3775510	16	32768	0	warmup	PP	4	2	-1	25	51	2	P	C	0	0xffffa6cba320	0xffffa6cba320	0x12c041600000	0x12c041800000	0x12c041200000	0x12c041400000	0x12c0c0013000	0x12c0c0024000
543	3775510	16	32768	0	warmup	PP	4	2	-1	26	52	1	P	P	0	0xffffa6cba320	0xffffa6cba320	0x12c041600000	0x12c041600000	0x12c041200000	0x12c041400000	0x12c0c0013000	0x12c0c0024000
544	3775510	16	32768	0	warmup	PP	4	2	-1	26	53	2	C	P	0	0xffffa6cba320	0xffffa6cba320	0x12c041800000	0x12c041600000	0x12c041200000	0x12c041400000	0x12c0c0013000	0x12c0c0024000
545	3775510	16	32768	0	warmup	PP	4	2	-1	27	54	1	C	C	0	0xffffa6cba320	0xffffa6cba320	0x12c041800000	0x12c041800000	0x12c041200000	0x12c041400000	0x12c0c0013000	0x12c0c0024000
546	3775510	16	32768	0	warmup	PP	4	2	-1	27	55	2	P	C	0	0xffffa6cba320	0xffffa6cba320	0x12c041600000	0x12c041800000	0x12c041200000	0x12c041400000	0x12c0c0013000	0x12c0c0024000
547	3775510	16	32768	0	warmup	PP	4	2	-1	28	56	1	P	P	0	0xffffa6cba320	0xffffa6cba320	0x12c041600000	0x12c041600000	0x12c041200000	0x12c041400000	0x12c0c0013000	0x12c0c0024000
548	3775510	16	32768	0	warmup	PP	4	2	-1	28	57	2	C	P	0	0xffffa6cba320	0xffffa6cba320	0x12c041800000	0x12c041600000	0x12c041200000	0x12c041400000	0x12c0c0013000	0x12c0c0024000
549	3775510	16	32768	0	warmup	PP	4	2	-1	29	58	1	C	C	0	0xffffa6cba320	0xffffa6cba320	0x12c041800000	0x12c041800000	0x12c041200000	0x12c041400000	0x12c0c0013000	0x12c0c0024000
550	3775510	16	32768	0	warmup	PP	4	2	-1	29	59	2	P	C	0	0xffffa6cba320	0xffffa6cba320	0x12c041600000	0x12c041800000	0x12c041200000	0x12c041400000	0x12c0c0013000	0x12c0c0024000
551	3775510	16	32768	0	warmup	PP	4	2	-1	30	60	1	P	P	0	0xffffa6cba320	0xffffa6cba320	0x12c041600000	0x12c041600000	0x12c041200000	0x12c041400000	0x12c0c0013000	0x12c0c0024000
552	3775510	16	32768	0	warmup	PP	4	2	-1	30	61	2	C	P	0	0xffffa6cba320	0xffffa6cba320	0x12c041800000	0x12c041600000	0x12c041200000	0x12c041400000	0x12c0c0013000	0x12c0c0024000
553	3775510	16	32768	0	warmup	PP	4	2	-1	31	62	1	C	C	0	0xffffa6cba320	0xffffa6cba320	0x12c041800000	0x12c041800000	0x12c041200000	0x12c041400000	0x12c0c0013000	0x12c0c0024000
554	3775510	16	32768	0	warmup	PP	4	2	-1	31	63	2	P	C	0	0xffffa6cba320	0xffffa6cba320	0x12c041600000	0x12c041800000	0x12c041200000	0x12c041400000	0x12c0c0013000	0x12c0c0024000
555	3775510	16	32768	0	warmup	PP	4	2	-1	32	64	1	P	P	0	0xffffa6cba320	0xffffa6cba320	0x12c041600000	0x12c041600000	0x12c041200000	0x12c041400000	0x12c0c0013000	0x12c0c0024000
556	3775510	16	32768	0	warmup	PP	4	2	-1	32	65	2	C	P	0	0xffffa6cba320	0xffffa6cba320	0x12c041800000	0x12c041600000	0x12c041200000	0x12c041400000	0x12c0c0013000	0x12c0c0024000
557	3775510	16	32768	0	warmup	PP	4	2	-1	33	66	1	C	C	0	0xffffa6cba320	0xffffa6cba320	0x12c041800000	0x12c041800000	0x12c041200000	0x12c041400000	0x12c0c0013000	0x12c0c0024000
558	3775510	16	32768	0	warmup	PP	4	2	-1	33	67	2	P	C	0	0xffffa6cba320	0xffffa6cba320	0x12c041600000	0x12c041800000	0x12c041200000	0x12c041400000	0x12c0c0013000	0x12c0c0024000
559	3775510	16	32768	0	warmup	PP	4	2	-1	34	68	1	P	P	0	0xffffa6cba320	0xffffa6cba320	0x12c041600000	0x12c041600000	0x12c041200000	0x12c041400000	0x12c0c0013000	0x12c0c0024000
560	3775510	16	32768	0	warmup	PP	4	2	-1	34	69	2	C	P	0	0xffffa6cba320	0xffffa6cba320	0x12c041800000	0x12c041600000	0x12c041200000	0x12c041400000	0x12c0c0013000	0x12c0c0024000
561	3775510	16	32768	0	warmup	PP	4	2	-1	35	70	1	C	C	0	0xffffa6cba320	0xffffa6cba320	0x12c041800000	0x12c041800000	0x12c041200000	0x12c041400000	0x12c0c0013000	0x12c0c0024000
562	3775510	16	32768	0	warmup	PP	4	2	-1	35	71	2	P	C	0	0xffffa6cba320	0xffffa6cba320	0x12c041600000	0x12c041800000	0x12c041200000	0x12c041400000	0x12c0c0013000	0x12c0c0024000
563	3775510	16	32768	0	warmup	PP	4	2	-1	36	72	1	P	P	0	0xffffa6cba320	0xffffa6cba320	0x12c041600000	0x12c041600000	0x12c041200000	0x12c041400000	0x12c0c0013000	0x12c0c0024000
564	3775510	16	32768	0	warmup	PP	4	2	-1	36	73	2	C	P	0	0xffffa6cba320	0xffffa6cba320	0x12c041800000	0x12c041600000	0x12c041200000	0x12c041400000	0x12c0c0013000	0x12c0c0024000
565	3775510	16	32768	0	warmup	PP	4	2	-1	37	74	1	C	C	0	0xffffa6cba320	0xffffa6cba320	0x12c041800000	0x12c041800000	0x12c041200000	0x12c041400000	0x12c0c0013000	0x12c0c0024000
566	3775510	16	32768	0	warmup	PP	4	2	-1	37	75	2	P	C	0	0xffffa6cba320	0xffffa6cba320	0x12c041600000	0x12c041800000	0x12c041200000	0x12c041400000	0x12c0c0013000	0x12c0c0024000
567	3775510	16	32768	0	warmup	PP	4	2	-1	38	76	1	P	P	0	0xffffa6cba320	0xffffa6cba320	0x12c041600000	0x12c041600000	0x12c041200000	0x12c041400000	0x12c0c0013000	0x12c0c0024000
568	3775510	16	32768	0	warmup	PP	4	2	-1	38	77	2	C	P	0	0xffffa6cba320	0xffffa6cba320	0x12c041800000	0x12c041600000	0x12c041200000	0x12c041400000	0x12c0c0013000	0x12c0c0024000
569	3775510	16	32768	0	warmup	PP	4	2	-1	39	78	1	C	C	0	0xffffa6cba320	0xffffa6cba320	0x12c041800000	0x12c041800000	0x12c041200000	0x12c041400000	0x12c0c0013000	0x12c0c0024000
570	3775510	16	32768	0	warmup	PP	4	2	-1	39	79	2	P	C	0	0xffffa6cba320	0xffffa6cba320	0x12c041600000	0x12c041800000	0x12c041200000	0x12c041400000	0x12c0c0013000	0x12c0c0024000
571	3775510	16	32768	0	warmup	PP	4	2	-1	40	80	1	P	P	0	0xffffa6cba320	0xffffa6cba320	0x12c041600000	0x12c041600000	0x12c041200000	0x12c041400000	0x12c0c0013000	0x12c0c0024000
572	3775510	16	32768	0	warmup	PP	4	2	-1	40	81	2	C	P	0	0xffffa6cba320	0xffffa6cba320	0x12c041800000	0x12c041600000	0x12c041200000	0x12c041400000	0x12c0c0013000	0x12c0c0024000
573	3775510	16	32768	0	warmup	PP	4	2	-1	41	82	1	C	C	0	0xffffa6cba320	0xffffa6cba320	0x12c041800000	0x12c041800000	0x12c041200000	0x12c041400000	0x12c0c0013000	0x12c0c0024000
574	3775510	16	32768	0	warmup	PP	4	2	-1	41	83	2	P	C	0	0xffffa6cba320	0xffffa6cba320	0x12c041600000	0x12c041800000	0x12c041200000	0x12c041400000	0x12c0c0013000	0x12c0c0024000
575	3775510	16	32768	0	warmup	PP	4	2	-1	42	84	1	P	P	0	0xffffa6cba320	0xffffa6cba320	0x12c041600000	0x12c041600000	0x12c041200000	0x12c041400000	0x12c0c0013000	0x12c0c0024000
576	3775510	16	32768	0	warmup	PP	4	2	-1	42	85	2	C	P	0	0xffffa6cba320	0xffffa6cba320	0x12c041800000	0x12c041600000	0x12c041200000	0x12c041400000	0x12c0c0013000	0x12c0c0024000
577	3775510	16	32768	0	warmup	PP	4	2	-1	43	86	1	C	C	0	0xffffa6cba320	0xffffa6cba320	0x12c041800000	0x12c041800000	0x12c041200000	0x12c041400000	0x12c0c0013000	0x12c0c0024000
578	3775510	16	32768	0	warmup	PP	4	2	-1	43	87	2	P	C	0	0xffffa6cba320	0xffffa6cba320	0x12c041600000	0x12c041800000	0x12c041200000	0x12c041400000	0x12c0c0013000	0x12c0c0024000
579	3775510	16	32768	0	warmup	PP	4	2	-1	44	88	1	P	P	0	0xffffa6cba320	0xffffa6cba320	0x12c041600000	0x12c041600000	0x12c041200000	0x12c041400000	0x12c0c0013000	0x12c0c0024000
580	3775510	16	32768	0	warmup	PP	4	2	-1	44	89	2	C	P	0	0xffffa6cba320	0xffffa6cba320	0x12c041800000	0x12c041600000	0x12c041200000	0x12c041400000	0x12c0c0013000	0x12c0c0024000
581	3775510	16	32768	0	prime	PP	4	2	0	-1	-1	0	C	C	0	0xffffa6cba320	0xffffa6cba320	0x12c041800000	0x12c041800000	0x12c041200000	0x12c041400000	0x12c0c0013000	0x12c0c0024000
582	3775510	16	32768	0	timed	PP	4	2	0	2	0	1	P	C	0	0xffffa6cba320	0xffffa6cba320	0x12c041600000	0x12c041800000	0x12c041200000	0x12c041400000	0x12c0c0013000	0x12c0c0024000
583	3775510	16	32768	0	timed	PP	4	2	0	1	1	2	P	P	0	0xffffa6cba320	0xffffa6cba320	0x12c041600000	0x12c041600000	0x12c041200000	0x12c041400000	0x12c0c0013000	0x12c0c0024000
584	3775510	16	32768	0	timed	PP	4	2	0	0	2	1	P	P	0	0xffffa6cba320	0xffffa6cba320	0x12c041600000	0x12c041600000	0x12c041200000	0x12c041400000	0x12c0c0013000	0x12c0c0024000
585	3775510	16	32768	0	timed	PP	4	2	0	1	3	2	C	P	0	0xffffa6cba320	0xffffa6cba320	0x12c041800000	0x12c041600000	0x12c041200000	0x12c041400000	0x12c0c0013000	0x12c0c0024000
586	3775510	16	32768	0	timed	PP	4	2	0	2	4	1	C	C	0	0xffffa6cba320	0xffffa6cba320	0x12c041800000	0x12c041800000	0x12c041200000	0x12c041400000	0x12c0c0013000	0x12c0c0024000
587	3775510	16	32768	0	timed	PP	4	2	0	3	5	2	P	C	0	0xffffa6cba320	0xffffa6cba320	0x12c041600000	0x12c041800000	0x12c041200000	0x12c041400000	0x12c0c0013000	0x12c0c0024000
588	3775510	16	32768	0	timed	PP	4	2	0	0	6	1	C	P	0	0xffffa6cba320	0xffffa6cba320	0x12c041800000	0x12c041600000	0x12c041200000	0x12c041400000	0x12c0c0013000	0x12c0c0024000
589	3775510	16	32768	0	timed	PP	4	2	0	3	7	2	C	C	0	0xffffa6cba320	0xffffa6cba320	0x12c041800000	0x12c041800000	0x12c041200000	0x12c041400000	0x12c0c0013000	0x12c0c0024000
590	3775510	16	32768	0	prime	PP	4	2	1	-1	-1	0	P	C	0	0xffffa6cba320	0xffffa6cba320	0x12c041600000	0x12c041800000	0x12c041200000	0x12c041400000	0x12c0c0013000	0x12c0c0024000
591	3775510	16	32768	0	timed	PP	4	2	1	4	0	1	C	P	0	0xffffa6cba320	0xffffa6cba320	0x12c041800000	0x12c041600000	0x12c041200000	0x12c041400000	0x12c0c0013000	0x12c0c0024000
592	3775510	16	32768	0	timed	PP	4	2	1	7	1	2	C	C	0	0xffffa6cba320	0xffffa6cba320	0x12c041800000	0x12c041800000	0x12c041200000	0x12c041400000	0x12c0c0013000	0x12c0c0024000
593	3775510	16	32768	0	timed	PP	4	2	1	6	2	1	C	C	0	0xffffa6cba320	0xffffa6cba320	0x12c041800000	0x12c041800000	0x12c041200000	0x12c041400000	0x12c0c0013000	0x12c0c0024000
594	3775510	16	32768	0	timed	PP	4	2	1	7	3	2	P	C	0	0xffffa6cba320	0xffffa6cba320	0x12c041600000	0x12c041800000	0x12c041200000	0x12c041400000	0x12c0c0013000	0x12c0c0024000
595	3775510	16	32768	0	timed	PP	4	2	1	4	4	1	P	P	0	0xffffa6cba320	0xffffa6cba320	0x12c041600000	0x12c041600000	0x12c041200000	0x12c041400000	0x12c0c0013000	0x12c0c0024000
596	3775510	16	32768	0	timed	PP	4	2	1	5	5	2	C	P	0	0xffffa6cba320	0xffffa6cba320	0x12c041800000	0x12c041600000	0x12c041200000	0x12c041400000	0x12c0c0013000	0x12c0c0024000
597	3775510	16	32768	0	timed	PP	4	2	1	6	6	1	P	C	0	0xffffa6cba320	0xffffa6cba320	0x12c041600000	0x12c041800000	0x12c041200000	0x12c041400000	0x12c0c0013000	0x12c0c0024000
598	3775510	16	32768	0	timed	PP	4	2	1	5	7	2	P	P	0	0xffffa6cba320	0xffffa6cba320	0x12c041600000	0x12c041600000	0x12c041200000	0x12c041400000	0x12c0c0013000	0x12c0c0024000
599	3775510	16	32768	0	prime	PP	4	2	2	-1	-1	0	C	P	1	0xffffa6cba320	0xffffa6cba320	0x12c041600000	0x12c041600000	0x12c041200000	0x12c041400000	0x12c0c0013000	0x12c0c0024000
600	3775510	16	32768	0	timed	PP	4	2	2	10	0	1	P	C	1	0xffffa6cba320	0xffffa6cba320	0x12c041800000	0x12c041600000	0x12c041200000	0x12c041400000	0x12c0c0013000	0x12c0c0024000
601	3775510	16	32768	0	timed	PP	4	2	2	9	1	2	P	P	1	0xffffa6cba320	0xffffa6cba320	0x12c041800000	0x12c041800000	0x12c041200000	0x12c041400000	0x12c0c0013000	0x12c0c0024000
602	3775510	16	32768	0	timed	PP	4	2	2	8	2	1	P	P	1	0xffffa6cba320	0xffffa6cba320	0x12c041800000	0x12c041800000	0x12c041200000	0x12c041400000	0x12c0c0013000	0x12c0c0024000
603	3775510	16	32768	0	timed	PP	4	2	2	9	3	2	C	P	1	0xffffa6cba320	0xffffa6cba320	0x12c041600000	0x12c041800000	0x12c041200000	0x12c041400000	0x12c0c0013000	0x12c0c0024000
604	3775510	16	32768	0	timed	PP	4	2	2	10	4	1	C	C	1	0xffffa6cba320	0xffffa6cba320	0x12c041600000	0x12c041600000	0x12c041200000	0x12c041400000	0x12c0c0013000	0x12c0c0024000
605	3775510	16	32768	0	timed	PP	4	2	2	11	5	2	P	C	1	0xffffa6cba320	0xffffa6cba320	0x12c041800000	0x12c041600000	0x12c041200000	0x12c041400000	0x12c0c0013000	0x12c0c0024000
606	3775510	16	32768	0	timed	PP	4	2	2	8	6	1	C	P	1	0xffffa6cba320	0xffffa6cba320	0x12c041600000	0x12c041800000	0x12c041200000	0x12c041400000	0x12c0c0013000	0x12c0c0024000
607	3775510	16	32768	0	timed	PP	4	2	2	11	7	2	C	C	1	0xffffa6cba320	0xffffa6cba320	0x12c041600000	0x12c041600000	0x12c041200000	0x12c041400000	0x12c0c0013000	0x12c0c0024000
608	3775510	16	32768	0	prime	PP	4	2	3	-1	-1	0	P	C	1	0xffffa6cba320	0xffffa6cba320	0x12c041800000	0x12c041600000	0x12c041200000	0x12c041400000	0x12c0c0013000	0x12c0c0024000
609	3775510	16	32768	0	timed	PP	4	2	3	12	0	1	C	P	1	0xffffa6cba320	0xffffa6cba320	0x12c041600000	0x12c041800000	0x12c041200000	0x12c041400000	0x12c0c0013000	0x12c0c0024000
610	3775510	16	32768	0	timed	PP	4	2	3	15	1	2	C	C	1	0xffffa6cba320	0xffffa6cba320	0x12c041600000	0x12c041600000	0x12c041200000	0x12c041400000	0x12c0c0013000	0x12c0c0024000
611	3775510	16	32768	0	timed	PP	4	2	3	14	2	1	C	C	1	0xffffa6cba320	0xffffa6cba320	0x12c041600000	0x12c041600000	0x12c041200000	0x12c041400000	0x12c0c0013000	0x12c0c0024000
612	3775510	16	32768	0	timed	PP	4	2	3	15	3	2	P	C	1	0xffffa6cba320	0xffffa6cba320	0x12c041800000	0x12c041600000	0x12c041200000	0x12c041400000	0x12c0c0013000	0x12c0c0024000
613	3775510	16	32768	0	timed	PP	4	2	3	12	4	1	P	P	1	0xffffa6cba320	0xffffa6cba320	0x12c041800000	0x12c041800000	0x12c041200000	0x12c041400000	0x12c0c0013000	0x12c0c0024000
614	3775510	16	32768	0	timed	PP	4	2	3	13	5	2	C	P	1	0xffffa6cba320	0xffffa6cba320	0x12c041600000	0x12c041800000	0x12c041200000	0x12c041400000	0x12c0c0013000	0x12c0c0024000
615	3775510	16	32768	0	timed	PP	4	2	3	14	6	1	P	C	1	0xffffa6cba320	0xffffa6cba320	0x12c041800000	0x12c041600000	0x12c041200000	0x12c041400000	0x12c0c0013000	0x12c0c0024000
616	3775510	16	32768	0	timed	PP	4	2	3	13	7	2	P	P	1	0xffffa6cba320	0xffffa6cba320	0x12c041800000	0x12c041800000	0x12c041200000	0x12c041400000	0x12c0c0013000	0x12c0c0024000
617	3775510	16	32768	0	prime	PP	4	2	4	-1	-1	0	C	P	0	0xffffa6cba320	0xffffa6cba320	0x12c041800000	0x12c041800000	0x12c041200000	0x12c041400000	0x12c0c0013000	0x12c0c0024000
618	3775510	16	32768	0	timed	PP	4	2	4	18	0	1	P	C	0	0xffffa6cba320	0xffffa6cba320	0x12c041600000	0x12c041800000	0x12c041200000	0x12c041400000	0x12c0c0013000	0x12c0c0024000
619	3775510	16	32768	0	timed	PP	4	2	4	17	1	2	P	P	0	0xffffa6cba320	0xffffa6cba320	0x12c041600000	0x12c041600000	0x12c041200000	0x12c041400000	0x12c0c0013000	0x12c0c0024000
620	3775510	16	32768	0	timed	PP	4	2	4	16	2	1	P	P	0	0xffffa6cba320	0xffffa6cba320	0x12c041600000	0x12c041600000	0x12c041200000	0x12c041400000	0x12c0c0013000	0x12c0c0024000
621	3775510	16	32768	0	timed	PP	4	2	4	17	3	2	C	P	0	0xffffa6cba320	0xffffa6cba320	0x12c041800000	0x12c041600000	0x12c041200000	0x12c041400000	0x12c0c0013000	0x12c0c0024000
622	3775510	16	32768	0	timed	PP	4	2	4	18	4	1	C	C	0	0xffffa6cba320	0xffffa6cba320	0x12c041800000	0x12c041800000	0x12c041200000	0x12c041400000	0x12c0c0013000	0x12c0c0024000
623	3775510	16	32768	0	timed	PP	4	2	4	19	5	2	P	C	0	0xffffa6cba320	0xffffa6cba320	0x12c041600000	0x12c041800000	0x12c041200000	0x12c041400000	0x12c0c0013000	0x12c0c0024000
624	3775510	16	32768	0	timed	PP	4	2	4	16	6	1	C	P	0	0xffffa6cba320	0xffffa6cba320	0x12c041800000	0x12c041600000	0x12c041200000	0x12c041400000	0x12c0c0013000	0x12c0c0024000
625	3775510	16	32768	0	timed	PP	4	2	4	19	7	2	C	C	0	0xffffa6cba320	0xffffa6cba320	0x12c041800000	0x12c041800000	0x12c041200000	0x12c041400000	0x12c0c0013000	0x12c0c0024000
626	3775510	16	32768	0	prime	PP	4	2	5	-1	-1	0	P	C	0	0xffffa6cba320	0xffffa6cba320	0x12c041600000	0x12c041800000	0x12c041200000	0x12c041400000	0x12c0c0013000	0x12c0c0024000
627	3775510	16	32768	0	timed	PP	4	2	5	20	0	1	C	P	0	0xffffa6cba320	0xffffa6cba320	0x12c041800000	0x12c041600000	0x12c041200000	0x12c041400000	0x12c0c0013000	0x12c0c0024000
628	3775510	16	32768	0	timed	PP	4	2	5	23	1	2	C	C	0	0xffffa6cba320	0xffffa6cba320	0x12c041800000	0x12c041800000	0x12c041200000	0x12c041400000	0x12c0c0013000	0x12c0c0024000
629	3775510	16	32768	0	timed	PP	4	2	5	22	2	1	C	C	0	0xffffa6cba320	0xffffa6cba320	0x12c041800000	0x12c041800000	0x12c041200000	0x12c041400000	0x12c0c0013000	0x12c0c0024000
630	3775510	16	32768	0	timed	PP	4	2	5	23	3	2	P	C	0	0xffffa6cba320	0xffffa6cba320	0x12c041600000	0x12c041800000	0x12c041200000	0x12c041400000	0x12c0c0013000	0x12c0c0024000
631	3775510	16	32768	0	timed	PP	4	2	5	20	4	1	P	P	0	0xffffa6cba320	0xffffa6cba320	0x12c041600000	0x12c041600000	0x12c041200000	0x12c041400000	0x12c0c0013000	0x12c0c0024000
632	3775510	16	32768	0	timed	PP	4	2	5	21	5	2	C	P	0	0xffffa6cba320	0xffffa6cba320	0x12c041800000	0x12c041600000	0x12c041200000	0x12c041400000	0x12c0c0013000	0x12c0c0024000
633	3775510	16	32768	0	timed	PP	4	2	5	22	6	1	P	C	0	0xffffa6cba320	0xffffa6cba320	0x12c041600000	0x12c041800000	0x12c041200000	0x12c041400000	0x12c0c0013000	0x12c0c0024000
634	3775510	16	32768	0	timed	PP	4	2	5	21	7	2	P	P	0	0xffffa6cba320	0xffffa6cba320	0x12c041600000	0x12c041600000	0x12c041200000	0x12c041400000	0x12c0c0013000	0x12c0c0024000
635	3775510	16	32768	0	prime	PP	4	2	6	-1	-1	0	C	P	1	0xffffa6cba320	0xffffa6cba320	0x12c041600000	0x12c041600000	0x12c041200000	0x12c041400000	0x12c0c0013000	0x12c0c0024000
636	3775510	16	32768	0	timed	PP	4	2	6	26	0	1	P	C	1	0xffffa6cba320	0xffffa6cba320	0x12c041800000	0x12c041600000	0x12c041200000	0x12c041400000	0x12c0c0013000	0x12c0c0024000
637	3775510	16	32768	0	timed	PP	4	2	6	25	1	2	P	P	1	0xffffa6cba320	0xffffa6cba320	0x12c041800000	0x12c041800000	0x12c041200000	0x12c041400000	0x12c0c0013000	0x12c0c0024000
638	3775510	16	32768	0	timed	PP	4	2	6	24	2	1	P	P	1	0xffffa6cba320	0xffffa6cba320	0x12c041800000	0x12c041800000	0x12c041200000	0x12c041400000	0x12c0c0013000	0x12c0c0024000
639	3775510	16	32768	0	timed	PP	4	2	6	25	3	2	C	P	1	0xffffa6cba320	0xffffa6cba320	0x12c041600000	0x12c041800000	0x12c041200000	0x12c041400000	0x12c0c0013000	0x12c0c0024000
640	3775510	16	32768	0	timed	PP	4	2	6	26	4	1	C	C	1	0xffffa6cba320	0xffffa6cba320	0x12c041600000	0x12c041600000	0x12c041200000	0x12c041400000	0x12c0c0013000	0x12c0c0024000
641	3775510	16	32768	0	timed	PP	4	2	6	27	5	2	P	C	1	0xffffa6cba320	0xffffa6cba320	0x12c041800000	0x12c041600000	0x12c041200000	0x12c041400000	0x12c0c0013000	0x12c0c0024000
642	3775510	16	32768	0	timed	PP	4	2	6	24	6	1	C	P	1	0xffffa6cba320	0xffffa6cba320	0x12c041600000	0x12c041800000	0x12c041200000	0x12c041400000	0x12c0c0013000	0x12c0c0024000
643	3775510	16	32768	0	timed	PP	4	2	6	27	7	2	C	C	1	0xffffa6cba320	0xffffa6cba320	0x12c041600000	0x12c041600000	0x12c041200000	0x12c041400000	0x12c0c0013000	0x12c0c0024000
644	3775510	16	32768	0	prime	PP	4	2	7	-1	-1	0	P	C	1	0xffffa6cba320	0xffffa6cba320	0x12c041800000	0x12c041600000	0x12c041200000	0x12c041400000	0x12c0c0013000	0x12c0c0024000
645	3775510	16	32768	0	timed	PP	4	2	7	28	0	1	C	P	1	0xffffa6cba320	0xffffa6cba320	0x12c041600000	0x12c041800000	0x12c041200000	0x12c041400000	0x12c0c0013000	0x12c0c0024000
646	3775510	16	32768	0	timed	PP	4	2	7	31	1	2	C	C	1	0xffffa6cba320	0xffffa6cba320	0x12c041600000	0x12c041600000	0x12c041200000	0x12c041400000	0x12c0c0013000	0x12c0c0024000
647	3775510	16	32768	0	timed	PP	4	2	7	30	2	1	C	C	1	0xffffa6cba320	0xffffa6cba320	0x12c041600000	0x12c041600000	0x12c041200000	0x12c041400000	0x12c0c0013000	0x12c0c0024000
648	3775510	16	32768	0	timed	PP	4	2	7	31	3	2	P	C	1	0xffffa6cba320	0xffffa6cba320	0x12c041800000	0x12c041600000	0x12c041200000	0x12c041400000	0x12c0c0013000	0x12c0c0024000
649	3775510	16	32768	0	timed	PP	4	2	7	28	4	1	P	P	1	0xffffa6cba320	0xffffa6cba320	0x12c041800000	0x12c041800000	0x12c041200000	0x12c041400000	0x12c0c0013000	0x12c0c0024000
650	3775510	16	32768	0	timed	PP	4	2	7	29	5	2	C	P	1	0xffffa6cba320	0xffffa6cba320	0x12c041600000	0x12c041800000	0x12c041200000	0x12c041400000	0x12c0c0013000	0x12c0c0024000
651	3775510	16	32768	0	timed	PP	4	2	7	30	6	1	P	C	1	0xffffa6cba320	0xffffa6cba320	0x12c041800000	0x12c041600000	0x12c041200000	0x12c041400000	0x12c0c0013000	0x12c0c0024000
652	3775510	16	32768	0	timed	PP	4	2	7	29	7	2	P	P	1	0xffffa6cba320	0xffffa6cba320	0x12c041800000	0x12c041800000	0x12c041200000	0x12c041400000	0x12c0c0013000	0x12c0c0024000
653	3775510	16	32768	0	warmup	PC	5	3	-1	0	0	1	P	P	0	0xffffa6cba320	0xffffa6cba320	0x12c041600000	0x12c041800000	0x12c041200000	0x12c041400000	0x12c0c0013000	0x12c0c0024000
654	3775510	16	32768	0	warmup	PC	5	3	-1	0	1	2	C	P	0	0xffffa6c1a370	0xffffa6cba320	0x12c041800000	0x12c041600000	0x12c041200000	0x12c041400000	0x12c0c0013000	0x12c0c0024000
655	3775510	16	32768	0	warmup	PC	5	3	-1	1	2	1	C	C	0	0xffffa6c1a370	0xffffa6c1a370	0x12c041800000	0x12c041800000	0x12c041200000	0x12c041400000	0x12c0c0013000	0x12c0c0024000
656	3775510	16	32768	0	warmup	PC	5	3	-1	1	3	2	P	C	0	0xffffa6cba320	0xffffa6c1a370	0x12c041600000	0x12c041800000	0x12c041200000	0x12c041400000	0x12c0c0013000	0x12c0c0024000
657	3775510	16	32768	0	warmup	PC	5	3	-1	2	4	1	P	P	0	0xffffa6cba320	0xffffa6cba320	0x12c041600000	0x12c041600000	0x12c041200000	0x12c041400000	0x12c0c0013000	0x12c0c0024000
658	3775510	16	32768	0	warmup	PC	5	3	-1	2	5	2	C	P	0	0xffffa6c1a370	0xffffa6cba320	0x12c041800000	0x12c041600000	0x12c041200000	0x12c041400000	0x12c0c0013000	0x12c0c0024000
659	3775510	16	32768	0	warmup	PC	5	3	-1	3	6	1	C	C	0	0xffffa6c1a370	0xffffa6c1a370	0x12c041800000	0x12c041800000	0x12c041200000	0x12c041400000	0x12c0c0013000	0x12c0c0024000
660	3775510	16	32768	0	warmup	PC	5	3	-1	3	7	2	P	C	0	0xffffa6cba320	0xffffa6c1a370	0x12c041600000	0x12c041800000	0x12c041200000	0x12c041400000	0x12c0c0013000	0x12c0c0024000
661	3775510	16	32768	0	warmup	PC	5	3	-1	4	8	1	P	P	0	0xffffa6cba320	0xffffa6cba320	0x12c041600000	0x12c041600000	0x12c041200000	0x12c041400000	0x12c0c0013000	0x12c0c0024000
662	3775510	16	32768	0	warmup	PC	5	3	-1	4	9	2	C	P	0	0xffffa6c1a370	0xffffa6cba320	0x12c041800000	0x12c041600000	0x12c041200000	0x12c041400000	0x12c0c0013000	0x12c0c0024000
663	3775510	16	32768	0	warmup	PC	5	3	-1	5	10	1	C	C	0	0xffffa6c1a370	0xffffa6c1a370	0x12c041800000	0x12c041800000	0x12c041200000	0x12c041400000	0x12c0c0013000	0x12c0c0024000
664	3775510	16	32768	0	warmup	PC	5	3	-1	5	11	2	P	C	0	0xffffa6cba320	0xffffa6c1a370	0x12c041600000	0x12c041800000	0x12c041200000	0x12c041400000	0x12c0c0013000	0x12c0c0024000
665	3775510	16	32768	0	warmup	PC	5	3	-1	6	12	1	P	P	0	0xffffa6cba320	0xffffa6cba320	0x12c041600000	0x12c041600000	0x12c041200000	0x12c041400000	0x12c0c0013000	0x12c0c0024000
666	3775510	16	32768	0	warmup	PC	5	3	-1	6	13	2	C	P	0	0xffffa6c1a370	0xffffa6cba320	0x12c041800000	0x12c041600000	0x12c041200000	0x12c041400000	0x12c0c0013000	0x12c0c0024000
667	3775510	16	32768	0	warmup	PC	5	3	-1	7	14	1	C	C	0	0xffffa6c1a370	0xffffa6c1a370	0x12c041800000	0x12c041800000	0x12c041200000	0x12c041400000	0x12c0c0013000	0x12c0c0024000
668	3775510	16	32768	0	warmup	PC	5	3	-1	7	15	2	P	C	0	0xffffa6cba320	0xffffa6c1a370	0x12c041600000	0x12c041800000	0x12c041200000	0x12c041400000	0x12c0c0013000	0x12c0c0024000
669	3775510	16	32768	0	warmup	PC	5	3	-1	8	16	1	P	P	0	0xffffa6cba320	0xffffa6cba320	0x12c041600000	0x12c041600000	0x12c041200000	0x12c041400000	0x12c0c0013000	0x12c0c0024000
670	3775510	16	32768	0	warmup	PC	5	3	-1	8	17	2	C	P	0	0xffffa6c1a370	0xffffa6cba320	0x12c041800000	0x12c041600000	0x12c041200000	0x12c041400000	0x12c0c0013000	0x12c0c0024000
671	3775510	16	32768	0	warmup	PC	5	3	-1	9	18	1	C	C	0	0xffffa6c1a370	0xffffa6c1a370	0x12c041800000	0x12c041800000	0x12c041200000	0x12c041400000	0x12c0c0013000	0x12c0c0024000
672	3775510	16	32768	0	warmup	PC	5	3	-1	9	19	2	P	C	0	0xffffa6cba320	0xffffa6c1a370	0x12c041600000	0x12c041800000	0x12c041200000	0x12c041400000	0x12c0c0013000	0x12c0c0024000
673	3775510	16	32768	0	warmup	PC	5	3	-1	10	20	1	P	P	0	0xffffa6cba320	0xffffa6cba320	0x12c041600000	0x12c041600000	0x12c041200000	0x12c041400000	0x12c0c0013000	0x12c0c0024000
674	3775510	16	32768	0	warmup	PC	5	3	-1	10	21	2	C	P	0	0xffffa6c1a370	0xffffa6cba320	0x12c041800000	0x12c041600000	0x12c041200000	0x12c041400000	0x12c0c0013000	0x12c0c0024000
675	3775510	16	32768	0	warmup	PC	5	3	-1	11	22	1	C	C	0	0xffffa6c1a370	0xffffa6c1a370	0x12c041800000	0x12c041800000	0x12c041200000	0x12c041400000	0x12c0c0013000	0x12c0c0024000
676	3775510	16	32768	0	warmup	PC	5	3	-1	11	23	2	P	C	0	0xffffa6cba320	0xffffa6c1a370	0x12c041600000	0x12c041800000	0x12c041200000	0x12c041400000	0x12c0c0013000	0x12c0c0024000
677	3775510	16	32768	0	warmup	PC	5	3	-1	12	24	1	P	P	0	0xffffa6cba320	0xffffa6cba320	0x12c041600000	0x12c041600000	0x12c041200000	0x12c041400000	0x12c0c0013000	0x12c0c0024000
678	3775510	16	32768	0	warmup	PC	5	3	-1	12	25	2	C	P	0	0xffffa6c1a370	0xffffa6cba320	0x12c041800000	0x12c041600000	0x12c041200000	0x12c041400000	0x12c0c0013000	0x12c0c0024000
679	3775510	16	32768	0	warmup	PC	5	3	-1	13	26	1	C	C	0	0xffffa6c1a370	0xffffa6c1a370	0x12c041800000	0x12c041800000	0x12c041200000	0x12c041400000	0x12c0c0013000	0x12c0c0024000
680	3775510	16	32768	0	warmup	PC	5	3	-1	13	27	2	P	C	0	0xffffa6cba320	0xffffa6c1a370	0x12c041600000	0x12c041800000	0x12c041200000	0x12c041400000	0x12c0c0013000	0x12c0c0024000
681	3775510	16	32768	0	warmup	PC	5	3	-1	14	28	1	P	P	0	0xffffa6cba320	0xffffa6cba320	0x12c041600000	0x12c041600000	0x12c041200000	0x12c041400000	0x12c0c0013000	0x12c0c0024000
682	3775510	16	32768	0	warmup	PC	5	3	-1	14	29	2	C	P	0	0xffffa6c1a370	0xffffa6cba320	0x12c041800000	0x12c041600000	0x12c041200000	0x12c041400000	0x12c0c0013000	0x12c0c0024000
683	3775510	16	32768	0	warmup	PC	5	3	-1	15	30	1	C	C	0	0xffffa6c1a370	0xffffa6c1a370	0x12c041800000	0x12c041800000	0x12c041200000	0x12c041400000	0x12c0c0013000	0x12c0c0024000
684	3775510	16	32768	0	warmup	PC	5	3	-1	15	31	2	P	C	0	0xffffa6cba320	0xffffa6c1a370	0x12c041600000	0x12c041800000	0x12c041200000	0x12c041400000	0x12c0c0013000	0x12c0c0024000
685	3775510	16	32768	0	warmup	PC	5	3	-1	16	32	1	P	P	0	0xffffa6cba320	0xffffa6cba320	0x12c041600000	0x12c041600000	0x12c041200000	0x12c041400000	0x12c0c0013000	0x12c0c0024000
686	3775510	16	32768	0	warmup	PC	5	3	-1	16	33	2	C	P	0	0xffffa6c1a370	0xffffa6cba320	0x12c041800000	0x12c041600000	0x12c041200000	0x12c041400000	0x12c0c0013000	0x12c0c0024000
687	3775510	16	32768	0	warmup	PC	5	3	-1	17	34	1	C	C	0	0xffffa6c1a370	0xffffa6c1a370	0x12c041800000	0x12c041800000	0x12c041200000	0x12c041400000	0x12c0c0013000	0x12c0c0024000
688	3775510	16	32768	0	warmup	PC	5	3	-1	17	35	2	P	C	0	0xffffa6cba320	0xffffa6c1a370	0x12c041600000	0x12c041800000	0x12c041200000	0x12c041400000	0x12c0c0013000	0x12c0c0024000
689	3775510	16	32768	0	warmup	PC	5	3	-1	18	36	1	P	P	0	0xffffa6cba320	0xffffa6cba320	0x12c041600000	0x12c041600000	0x12c041200000	0x12c041400000	0x12c0c0013000	0x12c0c0024000
690	3775510	16	32768	0	warmup	PC	5	3	-1	18	37	2	C	P	0	0xffffa6c1a370	0xffffa6cba320	0x12c041800000	0x12c041600000	0x12c041200000	0x12c041400000	0x12c0c0013000	0x12c0c0024000
691	3775510	16	32768	0	warmup	PC	5	3	-1	19	38	1	C	C	0	0xffffa6c1a370	0xffffa6c1a370	0x12c041800000	0x12c041800000	0x12c041200000	0x12c041400000	0x12c0c0013000	0x12c0c0024000
692	3775510	16	32768	0	warmup	PC	5	3	-1	19	39	2	P	C	0	0xffffa6cba320	0xffffa6c1a370	0x12c041600000	0x12c041800000	0x12c041200000	0x12c041400000	0x12c0c0013000	0x12c0c0024000
693	3775510	16	32768	0	warmup	PC	5	3	-1	20	40	1	P	P	0	0xffffa6cba320	0xffffa6cba320	0x12c041600000	0x12c041600000	0x12c041200000	0x12c041400000	0x12c0c0013000	0x12c0c0024000
694	3775510	16	32768	0	warmup	PC	5	3	-1	20	41	2	C	P	0	0xffffa6c1a370	0xffffa6cba320	0x12c041800000	0x12c041600000	0x12c041200000	0x12c041400000	0x12c0c0013000	0x12c0c0024000
695	3775510	16	32768	0	warmup	PC	5	3	-1	21	42	1	C	C	0	0xffffa6c1a370	0xffffa6c1a370	0x12c041800000	0x12c041800000	0x12c041200000	0x12c041400000	0x12c0c0013000	0x12c0c0024000
696	3775510	16	32768	0	warmup	PC	5	3	-1	21	43	2	P	C	0	0xffffa6cba320	0xffffa6c1a370	0x12c041600000	0x12c041800000	0x12c041200000	0x12c041400000	0x12c0c0013000	0x12c0c0024000
697	3775510	16	32768	0	warmup	PC	5	3	-1	22	44	1	P	P	0	0xffffa6cba320	0xffffa6cba320	0x12c041600000	0x12c041600000	0x12c041200000	0x12c041400000	0x12c0c0013000	0x12c0c0024000
698	3775510	16	32768	0	warmup	PC	5	3	-1	22	45	2	C	P	0	0xffffa6c1a370	0xffffa6cba320	0x12c041800000	0x12c041600000	0x12c041200000	0x12c041400000	0x12c0c0013000	0x12c0c0024000
699	3775510	16	32768	0	warmup	PC	5	3	-1	23	46	1	C	C	0	0xffffa6c1a370	0xffffa6c1a370	0x12c041800000	0x12c041800000	0x12c041200000	0x12c041400000	0x12c0c0013000	0x12c0c0024000
700	3775510	16	32768	0	warmup	PC	5	3	-1	23	47	2	P	C	0	0xffffa6cba320	0xffffa6c1a370	0x12c041600000	0x12c041800000	0x12c041200000	0x12c041400000	0x12c0c0013000	0x12c0c0024000
701	3775510	16	32768	0	warmup	PC	5	3	-1	24	48	1	P	P	0	0xffffa6cba320	0xffffa6cba320	0x12c041600000	0x12c041600000	0x12c041200000	0x12c041400000	0x12c0c0013000	0x12c0c0024000
702	3775510	16	32768	0	warmup	PC	5	3	-1	24	49	2	C	P	0	0xffffa6c1a370	0xffffa6cba320	0x12c041800000	0x12c041600000	0x12c041200000	0x12c041400000	0x12c0c0013000	0x12c0c0024000
703	3775510	16	32768	0	warmup	PC	5	3	-1	25	50	1	C	C	0	0xffffa6c1a370	0xffffa6c1a370	0x12c041800000	0x12c041800000	0x12c041200000	0x12c041400000	0x12c0c0013000	0x12c0c0024000
704	3775510	16	32768	0	warmup	PC	5	3	-1	25	51	2	P	C	0	0xffffa6cba320	0xffffa6c1a370	0x12c041600000	0x12c041800000	0x12c041200000	0x12c041400000	0x12c0c0013000	0x12c0c0024000
705	3775510	16	32768	0	warmup	PC	5	3	-1	26	52	1	P	P	0	0xffffa6cba320	0xffffa6cba320	0x12c041600000	0x12c041600000	0x12c041200000	0x12c041400000	0x12c0c0013000	0x12c0c0024000
706	3775510	16	32768	0	warmup	PC	5	3	-1	26	53	2	C	P	0	0xffffa6c1a370	0xffffa6cba320	0x12c041800000	0x12c041600000	0x12c041200000	0x12c041400000	0x12c0c0013000	0x12c0c0024000
707	3775510	16	32768	0	warmup	PC	5	3	-1	27	54	1	C	C	0	0xffffa6c1a370	0xffffa6c1a370	0x12c041800000	0x12c041800000	0x12c041200000	0x12c041400000	0x12c0c0013000	0x12c0c0024000
708	3775510	16	32768	0	warmup	PC	5	3	-1	27	55	2	P	C	0	0xffffa6cba320	0xffffa6c1a370	0x12c041600000	0x12c041800000	0x12c041200000	0x12c041400000	0x12c0c0013000	0x12c0c0024000
709	3775510	16	32768	0	warmup	PC	5	3	-1	28	56	1	P	P	0	0xffffa6cba320	0xffffa6cba320	0x12c041600000	0x12c041600000	0x12c041200000	0x12c041400000	0x12c0c0013000	0x12c0c0024000
710	3775510	16	32768	0	warmup	PC	5	3	-1	28	57	2	C	P	0	0xffffa6c1a370	0xffffa6cba320	0x12c041800000	0x12c041600000	0x12c041200000	0x12c041400000	0x12c0c0013000	0x12c0c0024000
711	3775510	16	32768	0	warmup	PC	5	3	-1	29	58	1	C	C	0	0xffffa6c1a370	0xffffa6c1a370	0x12c041800000	0x12c041800000	0x12c041200000	0x12c041400000	0x12c0c0013000	0x12c0c0024000
712	3775510	16	32768	0	warmup	PC	5	3	-1	29	59	2	P	C	0	0xffffa6cba320	0xffffa6c1a370	0x12c041600000	0x12c041800000	0x12c041200000	0x12c041400000	0x12c0c0013000	0x12c0c0024000
713	3775510	16	32768	0	warmup	PC	5	3	-1	30	60	1	P	P	0	0xffffa6cba320	0xffffa6cba320	0x12c041600000	0x12c041600000	0x12c041200000	0x12c041400000	0x12c0c0013000	0x12c0c0024000
714	3775510	16	32768	0	warmup	PC	5	3	-1	30	61	2	C	P	0	0xffffa6c1a370	0xffffa6cba320	0x12c041800000	0x12c041600000	0x12c041200000	0x12c041400000	0x12c0c0013000	0x12c0c0024000
715	3775510	16	32768	0	warmup	PC	5	3	-1	31	62	1	C	C	0	0xffffa6c1a370	0xffffa6c1a370	0x12c041800000	0x12c041800000	0x12c041200000	0x12c041400000	0x12c0c0013000	0x12c0c0024000
716	3775510	16	32768	0	warmup	PC	5	3	-1	31	63	2	P	C	0	0xffffa6cba320	0xffffa6c1a370	0x12c041600000	0x12c041800000	0x12c041200000	0x12c041400000	0x12c0c0013000	0x12c0c0024000
717	3775510	16	32768	0	warmup	PC	5	3	-1	32	64	1	P	P	0	0xffffa6cba320	0xffffa6cba320	0x12c041600000	0x12c041600000	0x12c041200000	0x12c041400000	0x12c0c0013000	0x12c0c0024000
718	3775510	16	32768	0	warmup	PC	5	3	-1	32	65	2	C	P	0	0xffffa6c1a370	0xffffa6cba320	0x12c041800000	0x12c041600000	0x12c041200000	0x12c041400000	0x12c0c0013000	0x12c0c0024000
719	3775510	16	32768	0	warmup	PC	5	3	-1	33	66	1	C	C	0	0xffffa6c1a370	0xffffa6c1a370	0x12c041800000	0x12c041800000	0x12c041200000	0x12c041400000	0x12c0c0013000	0x12c0c0024000
720	3775510	16	32768	0	warmup	PC	5	3	-1	33	67	2	P	C	0	0xffffa6cba320	0xffffa6c1a370	0x12c041600000	0x12c041800000	0x12c041200000	0x12c041400000	0x12c0c0013000	0x12c0c0024000
721	3775510	16	32768	0	warmup	PC	5	3	-1	34	68	1	P	P	0	0xffffa6cba320	0xffffa6cba320	0x12c041600000	0x12c041600000	0x12c041200000	0x12c041400000	0x12c0c0013000	0x12c0c0024000
722	3775510	16	32768	0	warmup	PC	5	3	-1	34	69	2	C	P	0	0xffffa6c1a370	0xffffa6cba320	0x12c041800000	0x12c041600000	0x12c041200000	0x12c041400000	0x12c0c0013000	0x12c0c0024000
723	3775510	16	32768	0	warmup	PC	5	3	-1	35	70	1	C	C	0	0xffffa6c1a370	0xffffa6c1a370	0x12c041800000	0x12c041800000	0x12c041200000	0x12c041400000	0x12c0c0013000	0x12c0c0024000
724	3775510	16	32768	0	warmup	PC	5	3	-1	35	71	2	P	C	0	0xffffa6cba320	0xffffa6c1a370	0x12c041600000	0x12c041800000	0x12c041200000	0x12c041400000	0x12c0c0013000	0x12c0c0024000
725	3775510	16	32768	0	warmup	PC	5	3	-1	36	72	1	P	P	0	0xffffa6cba320	0xffffa6cba320	0x12c041600000	0x12c041600000	0x12c041200000	0x12c041400000	0x12c0c0013000	0x12c0c0024000
726	3775510	16	32768	0	warmup	PC	5	3	-1	36	73	2	C	P	0	0xffffa6c1a370	0xffffa6cba320	0x12c041800000	0x12c041600000	0x12c041200000	0x12c041400000	0x12c0c0013000	0x12c0c0024000
727	3775510	16	32768	0	warmup	PC	5	3	-1	37	74	1	C	C	0	0xffffa6c1a370	0xffffa6c1a370	0x12c041800000	0x12c041800000	0x12c041200000	0x12c041400000	0x12c0c0013000	0x12c0c0024000
728	3775510	16	32768	0	warmup	PC	5	3	-1	37	75	2	P	C	0	0xffffa6cba320	0xffffa6c1a370	0x12c041600000	0x12c041800000	0x12c041200000	0x12c041400000	0x12c0c0013000	0x12c0c0024000
729	3775510	16	32768	0	warmup	PC	5	3	-1	38	76	1	P	P	0	0xffffa6cba320	0xffffa6cba320	0x12c041600000	0x12c041600000	0x12c041200000	0x12c041400000	0x12c0c0013000	0x12c0c0024000
730	3775510	16	32768	0	warmup	PC	5	3	-1	38	77	2	C	P	0	0xffffa6c1a370	0xffffa6cba320	0x12c041800000	0x12c041600000	0x12c041200000	0x12c041400000	0x12c0c0013000	0x12c0c0024000
731	3775510	16	32768	0	warmup	PC	5	3	-1	39	78	1	C	C	0	0xffffa6c1a370	0xffffa6c1a370	0x12c041800000	0x12c041800000	0x12c041200000	0x12c041400000	0x12c0c0013000	0x12c0c0024000
732	3775510	16	32768	0	warmup	PC	5	3	-1	39	79	2	P	C	0	0xffffa6cba320	0xffffa6c1a370	0x12c041600000	0x12c041800000	0x12c041200000	0x12c041400000	0x12c0c0013000	0x12c0c0024000
733	3775510	16	32768	0	warmup	PC	5	3	-1	40	80	1	P	P	0	0xffffa6cba320	0xffffa6cba320	0x12c041600000	0x12c041600000	0x12c041200000	0x12c041400000	0x12c0c0013000	0x12c0c0024000
734	3775510	16	32768	0	warmup	PC	5	3	-1	40	81	2	C	P	0	0xffffa6c1a370	0xffffa6cba320	0x12c041800000	0x12c041600000	0x12c041200000	0x12c041400000	0x12c0c0013000	0x12c0c0024000
735	3775510	16	32768	0	warmup	PC	5	3	-1	41	82	1	C	C	0	0xffffa6c1a370	0xffffa6c1a370	0x12c041800000	0x12c041800000	0x12c041200000	0x12c041400000	0x12c0c0013000	0x12c0c0024000
736	3775510	16	32768	0	warmup	PC	5	3	-1	41	83	2	P	C	0	0xffffa6cba320	0xffffa6c1a370	0x12c041600000	0x12c041800000	0x12c041200000	0x12c041400000	0x12c0c0013000	0x12c0c0024000
737	3775510	16	32768	0	warmup	PC	5	3	-1	42	84	1	P	P	0	0xffffa6cba320	0xffffa6cba320	0x12c041600000	0x12c041600000	0x12c041200000	0x12c041400000	0x12c0c0013000	0x12c0c0024000
738	3775510	16	32768	0	warmup	PC	5	3	-1	42	85	2	C	P	0	0xffffa6c1a370	0xffffa6cba320	0x12c041800000	0x12c041600000	0x12c041200000	0x12c041400000	0x12c0c0013000	0x12c0c0024000
739	3775510	16	32768	0	warmup	PC	5	3	-1	43	86	1	C	C	0	0xffffa6c1a370	0xffffa6c1a370	0x12c041800000	0x12c041800000	0x12c041200000	0x12c041400000	0x12c0c0013000	0x12c0c0024000
740	3775510	16	32768	0	warmup	PC	5	3	-1	43	87	2	P	C	0	0xffffa6cba320	0xffffa6c1a370	0x12c041600000	0x12c041800000	0x12c041200000	0x12c041400000	0x12c0c0013000	0x12c0c0024000
741	3775510	16	32768	0	warmup	PC	5	3	-1	44	88	1	P	P	0	0xffffa6cba320	0xffffa6cba320	0x12c041600000	0x12c041600000	0x12c041200000	0x12c041400000	0x12c0c0013000	0x12c0c0024000
742	3775510	16	32768	0	warmup	PC	5	3	-1	44	89	2	C	P	0	0xffffa6c1a370	0xffffa6cba320	0x12c041800000	0x12c041600000	0x12c041200000	0x12c041400000	0x12c0c0013000	0x12c0c0024000
743	3775510	16	32768	0	prime	PC	5	3	0	-1	-1	0	C	C	0	0xffffa6c1a370	0xffffa6c1a370	0x12c041800000	0x12c041800000	0x12c041200000	0x12c041400000	0x12c0c0013000	0x12c0c0024000
744	3775510	16	32768	0	timed	PC	5	3	0	2	0	1	P	C	0	0xffffa6cba320	0xffffa6c1a370	0x12c041600000	0x12c041800000	0x12c041200000	0x12c041400000	0x12c0c0013000	0x12c0c0024000
745	3775510	16	32768	0	timed	PC	5	3	0	1	1	2	P	P	0	0xffffa6cba320	0xffffa6cba320	0x12c041600000	0x12c041600000	0x12c041200000	0x12c041400000	0x12c0c0013000	0x12c0c0024000
746	3775510	16	32768	0	timed	PC	5	3	0	0	2	1	P	P	0	0xffffa6cba320	0xffffa6cba320	0x12c041600000	0x12c041600000	0x12c041200000	0x12c041400000	0x12c0c0013000	0x12c0c0024000
747	3775510	16	32768	0	timed	PC	5	3	0	1	3	2	C	P	0	0xffffa6c1a370	0xffffa6cba320	0x12c041800000	0x12c041600000	0x12c041200000	0x12c041400000	0x12c0c0013000	0x12c0c0024000
748	3775510	16	32768	0	timed	PC	5	3	0	2	4	1	C	C	0	0xffffa6c1a370	0xffffa6c1a370	0x12c041800000	0x12c041800000	0x12c041200000	0x12c041400000	0x12c0c0013000	0x12c0c0024000
749	3775510	16	32768	0	timed	PC	5	3	0	3	5	2	P	C	0	0xffffa6cba320	0xffffa6c1a370	0x12c041600000	0x12c041800000	0x12c041200000	0x12c041400000	0x12c0c0013000	0x12c0c0024000
750	3775510	16	32768	0	timed	PC	5	3	0	0	6	1	C	P	0	0xffffa6c1a370	0xffffa6cba320	0x12c041800000	0x12c041600000	0x12c041200000	0x12c041400000	0x12c0c0013000	0x12c0c0024000
751	3775510	16	32768	0	timed	PC	5	3	0	3	7	2	C	C	0	0xffffa6c1a370	0xffffa6c1a370	0x12c041800000	0x12c041800000	0x12c041200000	0x12c041400000	0x12c0c0013000	0x12c0c0024000
752	3775510	16	32768	0	prime	PC	5	3	1	-1	-1	0	P	C	0	0xffffa6cba320	0xffffa6c1a370	0x12c041600000	0x12c041800000	0x12c041200000	0x12c041400000	0x12c0c0013000	0x12c0c0024000
753	3775510	16	32768	0	timed	PC	5	3	1	4	0	1	C	P	0	0xffffa6c1a370	0xffffa6cba320	0x12c041800000	0x12c041600000	0x12c041200000	0x12c041400000	0x12c0c0013000	0x12c0c0024000
754	3775510	16	32768	0	timed	PC	5	3	1	7	1	2	C	C	0	0xffffa6c1a370	0xffffa6c1a370	0x12c041800000	0x12c041800000	0x12c041200000	0x12c041400000	0x12c0c0013000	0x12c0c0024000
755	3775510	16	32768	0	timed	PC	5	3	1	6	2	1	C	C	0	0xffffa6c1a370	0xffffa6c1a370	0x12c041800000	0x12c041800000	0x12c041200000	0x12c041400000	0x12c0c0013000	0x12c0c0024000
756	3775510	16	32768	0	timed	PC	5	3	1	7	3	2	P	C	0	0xffffa6cba320	0xffffa6c1a370	0x12c041600000	0x12c041800000	0x12c041200000	0x12c041400000	0x12c0c0013000	0x12c0c0024000
757	3775510	16	32768	0	timed	PC	5	3	1	4	4	1	P	P	0	0xffffa6cba320	0xffffa6cba320	0x12c041600000	0x12c041600000	0x12c041200000	0x12c041400000	0x12c0c0013000	0x12c0c0024000
758	3775510	16	32768	0	timed	PC	5	3	1	5	5	2	C	P	0	0xffffa6c1a370	0xffffa6cba320	0x12c041800000	0x12c041600000	0x12c041200000	0x12c041400000	0x12c0c0013000	0x12c0c0024000
759	3775510	16	32768	0	timed	PC	5	3	1	6	6	1	P	C	0	0xffffa6cba320	0xffffa6c1a370	0x12c041600000	0x12c041800000	0x12c041200000	0x12c041400000	0x12c0c0013000	0x12c0c0024000
760	3775510	16	32768	0	timed	PC	5	3	1	5	7	2	P	P	0	0xffffa6cba320	0xffffa6cba320	0x12c041600000	0x12c041600000	0x12c041200000	0x12c041400000	0x12c0c0013000	0x12c0c0024000
761	3775510	16	32768	0	prime	PC	5	3	2	-1	-1	0	C	P	1	0xffffa6c1a370	0xffffa6cba320	0x12c041600000	0x12c041600000	0x12c041200000	0x12c041400000	0x12c0c0013000	0x12c0c0024000
762	3775510	16	32768	0	timed	PC	5	3	2	10	0	1	P	C	1	0xffffa6cba320	0xffffa6c1a370	0x12c041800000	0x12c041600000	0x12c041200000	0x12c041400000	0x12c0c0013000	0x12c0c0024000
763	3775510	16	32768	0	timed	PC	5	3	2	9	1	2	P	P	1	0xffffa6cba320	0xffffa6cba320	0x12c041800000	0x12c041800000	0x12c041200000	0x12c041400000	0x12c0c0013000	0x12c0c0024000
764	3775510	16	32768	0	timed	PC	5	3	2	8	2	1	P	P	1	0xffffa6cba320	0xffffa6cba320	0x12c041800000	0x12c041800000	0x12c041200000	0x12c041400000	0x12c0c0013000	0x12c0c0024000
765	3775510	16	32768	0	timed	PC	5	3	2	9	3	2	C	P	1	0xffffa6c1a370	0xffffa6cba320	0x12c041600000	0x12c041800000	0x12c041200000	0x12c041400000	0x12c0c0013000	0x12c0c0024000
766	3775510	16	32768	0	timed	PC	5	3	2	10	4	1	C	C	1	0xffffa6c1a370	0xffffa6c1a370	0x12c041600000	0x12c041600000	0x12c041200000	0x12c041400000	0x12c0c0013000	0x12c0c0024000
767	3775510	16	32768	0	timed	PC	5	3	2	11	5	2	P	C	1	0xffffa6cba320	0xffffa6c1a370	0x12c041800000	0x12c041600000	0x12c041200000	0x12c041400000	0x12c0c0013000	0x12c0c0024000
768	3775510	16	32768	0	timed	PC	5	3	2	8	6	1	C	P	1	0xffffa6c1a370	0xffffa6cba320	0x12c041600000	0x12c041800000	0x12c041200000	0x12c041400000	0x12c0c0013000	0x12c0c0024000
769	3775510	16	32768	0	timed	PC	5	3	2	11	7	2	C	C	1	0xffffa6c1a370	0xffffa6c1a370	0x12c041600000	0x12c041600000	0x12c041200000	0x12c041400000	0x12c0c0013000	0x12c0c0024000
770	3775510	16	32768	0	prime	PC	5	3	3	-1	-1	0	P	C	1	0xffffa6cba320	0xffffa6c1a370	0x12c041800000	0x12c041600000	0x12c041200000	0x12c041400000	0x12c0c0013000	0x12c0c0024000
771	3775510	16	32768	0	timed	PC	5	3	3	12	0	1	C	P	1	0xffffa6c1a370	0xffffa6cba320	0x12c041600000	0x12c041800000	0x12c041200000	0x12c041400000	0x12c0c0013000	0x12c0c0024000
772	3775510	16	32768	0	timed	PC	5	3	3	15	1	2	C	C	1	0xffffa6c1a370	0xffffa6c1a370	0x12c041600000	0x12c041600000	0x12c041200000	0x12c041400000	0x12c0c0013000	0x12c0c0024000
773	3775510	16	32768	0	timed	PC	5	3	3	14	2	1	C	C	1	0xffffa6c1a370	0xffffa6c1a370	0x12c041600000	0x12c041600000	0x12c041200000	0x12c041400000	0x12c0c0013000	0x12c0c0024000
774	3775510	16	32768	0	timed	PC	5	3	3	15	3	2	P	C	1	0xffffa6cba320	0xffffa6c1a370	0x12c041800000	0x12c041600000	0x12c041200000	0x12c041400000	0x12c0c0013000	0x12c0c0024000
775	3775510	16	32768	0	timed	PC	5	3	3	12	4	1	P	P	1	0xffffa6cba320	0xffffa6cba320	0x12c041800000	0x12c041800000	0x12c041200000	0x12c041400000	0x12c0c0013000	0x12c0c0024000
776	3775510	16	32768	0	timed	PC	5	3	3	13	5	2	C	P	1	0xffffa6c1a370	0xffffa6cba320	0x12c041600000	0x12c041800000	0x12c041200000	0x12c041400000	0x12c0c0013000	0x12c0c0024000
777	3775510	16	32768	0	timed	PC	5	3	3	14	6	1	P	C	1	0xffffa6cba320	0xffffa6c1a370	0x12c041800000	0x12c041600000	0x12c041200000	0x12c041400000	0x12c0c0013000	0x12c0c0024000
778	3775510	16	32768	0	timed	PC	5	3	3	13	7	2	P	P	1	0xffffa6cba320	0xffffa6cba320	0x12c041800000	0x12c041800000	0x12c041200000	0x12c041400000	0x12c0c0013000	0x12c0c0024000
779	3775510	16	32768	0	prime	PC	5	3	4	-1	-1	0	C	P	0	0xffffa6c1a370	0xffffa6cba320	0x12c041800000	0x12c041800000	0x12c041200000	0x12c041400000	0x12c0c0013000	0x12c0c0024000
780	3775510	16	32768	0	timed	PC	5	3	4	18	0	1	P	C	0	0xffffa6cba320	0xffffa6c1a370	0x12c041600000	0x12c041800000	0x12c041200000	0x12c041400000	0x12c0c0013000	0x12c0c0024000
781	3775510	16	32768	0	timed	PC	5	3	4	17	1	2	P	P	0	0xffffa6cba320	0xffffa6cba320	0x12c041600000	0x12c041600000	0x12c041200000	0x12c041400000	0x12c0c0013000	0x12c0c0024000
782	3775510	16	32768	0	timed	PC	5	3	4	16	2	1	P	P	0	0xffffa6cba320	0xffffa6cba320	0x12c041600000	0x12c041600000	0x12c041200000	0x12c041400000	0x12c0c0013000	0x12c0c0024000
783	3775510	16	32768	0	timed	PC	5	3	4	17	3	2	C	P	0	0xffffa6c1a370	0xffffa6cba320	0x12c041800000	0x12c041600000	0x12c041200000	0x12c041400000	0x12c0c0013000	0x12c0c0024000
784	3775510	16	32768	0	timed	PC	5	3	4	18	4	1	C	C	0	0xffffa6c1a370	0xffffa6c1a370	0x12c041800000	0x12c041800000	0x12c041200000	0x12c041400000	0x12c0c0013000	0x12c0c0024000
785	3775510	16	32768	0	timed	PC	5	3	4	19	5	2	P	C	0	0xffffa6cba320	0xffffa6c1a370	0x12c041600000	0x12c041800000	0x12c041200000	0x12c041400000	0x12c0c0013000	0x12c0c0024000
786	3775510	16	32768	0	timed	PC	5	3	4	16	6	1	C	P	0	0xffffa6c1a370	0xffffa6cba320	0x12c041800000	0x12c041600000	0x12c041200000	0x12c041400000	0x12c0c0013000	0x12c0c0024000
787	3775510	16	32768	0	timed	PC	5	3	4	19	7	2	C	C	0	0xffffa6c1a370	0xffffa6c1a370	0x12c041800000	0x12c041800000	0x12c041200000	0x12c041400000	0x12c0c0013000	0x12c0c0024000
788	3775510	16	32768	0	prime	PC	5	3	5	-1	-1	0	P	C	0	0xffffa6cba320	0xffffa6c1a370	0x12c041600000	0x12c041800000	0x12c041200000	0x12c041400000	0x12c0c0013000	0x12c0c0024000
789	3775510	16	32768	0	timed	PC	5	3	5	20	0	1	C	P	0	0xffffa6c1a370	0xffffa6cba320	0x12c041800000	0x12c041600000	0x12c041200000	0x12c041400000	0x12c0c0013000	0x12c0c0024000
790	3775510	16	32768	0	timed	PC	5	3	5	23	1	2	C	C	0	0xffffa6c1a370	0xffffa6c1a370	0x12c041800000	0x12c041800000	0x12c041200000	0x12c041400000	0x12c0c0013000	0x12c0c0024000
791	3775510	16	32768	0	timed	PC	5	3	5	22	2	1	C	C	0	0xffffa6c1a370	0xffffa6c1a370	0x12c041800000	0x12c041800000	0x12c041200000	0x12c041400000	0x12c0c0013000	0x12c0c0024000
792	3775510	16	32768	0	timed	PC	5	3	5	23	3	2	P	C	0	0xffffa6cba320	0xffffa6c1a370	0x12c041600000	0x12c041800000	0x12c041200000	0x12c041400000	0x12c0c0013000	0x12c0c0024000
793	3775510	16	32768	0	timed	PC	5	3	5	20	4	1	P	P	0	0xffffa6cba320	0xffffa6cba320	0x12c041600000	0x12c041600000	0x12c041200000	0x12c041400000	0x12c0c0013000	0x12c0c0024000
794	3775510	16	32768	0	timed	PC	5	3	5	21	5	2	C	P	0	0xffffa6c1a370	0xffffa6cba320	0x12c041800000	0x12c041600000	0x12c041200000	0x12c041400000	0x12c0c0013000	0x12c0c0024000
795	3775510	16	32768	0	timed	PC	5	3	5	22	6	1	P	C	0	0xffffa6cba320	0xffffa6c1a370	0x12c041600000	0x12c041800000	0x12c041200000	0x12c041400000	0x12c0c0013000	0x12c0c0024000
796	3775510	16	32768	0	timed	PC	5	3	5	21	7	2	P	P	0	0xffffa6cba320	0xffffa6cba320	0x12c041600000	0x12c041600000	0x12c041200000	0x12c041400000	0x12c0c0013000	0x12c0c0024000
797	3775510	16	32768	0	prime	PC	5	3	6	-1	-1	0	C	P	1	0xffffa6c1a370	0xffffa6cba320	0x12c041600000	0x12c041600000	0x12c041200000	0x12c041400000	0x12c0c0013000	0x12c0c0024000
798	3775510	16	32768	0	timed	PC	5	3	6	26	0	1	P	C	1	0xffffa6cba320	0xffffa6c1a370	0x12c041800000	0x12c041600000	0x12c041200000	0x12c041400000	0x12c0c0013000	0x12c0c0024000
799	3775510	16	32768	0	timed	PC	5	3	6	25	1	2	P	P	1	0xffffa6cba320	0xffffa6cba320	0x12c041800000	0x12c041800000	0x12c041200000	0x12c041400000	0x12c0c0013000	0x12c0c0024000
800	3775510	16	32768	0	timed	PC	5	3	6	24	2	1	P	P	1	0xffffa6cba320	0xffffa6cba320	0x12c041800000	0x12c041800000	0x12c041200000	0x12c041400000	0x12c0c0013000	0x12c0c0024000
801	3775510	16	32768	0	timed	PC	5	3	6	25	3	2	C	P	1	0xffffa6c1a370	0xffffa6cba320	0x12c041600000	0x12c041800000	0x12c041200000	0x12c041400000	0x12c0c0013000	0x12c0c0024000
802	3775510	16	32768	0	timed	PC	5	3	6	26	4	1	C	C	1	0xffffa6c1a370	0xffffa6c1a370	0x12c041600000	0x12c041600000	0x12c041200000	0x12c041400000	0x12c0c0013000	0x12c0c0024000
803	3775510	16	32768	0	timed	PC	5	3	6	27	5	2	P	C	1	0xffffa6cba320	0xffffa6c1a370	0x12c041800000	0x12c041600000	0x12c041200000	0x12c041400000	0x12c0c0013000	0x12c0c0024000
804	3775510	16	32768	0	timed	PC	5	3	6	24	6	1	C	P	1	0xffffa6c1a370	0xffffa6cba320	0x12c041600000	0x12c041800000	0x12c041200000	0x12c041400000	0x12c0c0013000	0x12c0c0024000
805	3775510	16	32768	0	timed	PC	5	3	6	27	7	2	C	C	1	0xffffa6c1a370	0xffffa6c1a370	0x12c041600000	0x12c041600000	0x12c041200000	0x12c041400000	0x12c0c0013000	0x12c0c0024000
806	3775510	16	32768	0	prime	PC	5	3	7	-1	-1	0	P	C	1	0xffffa6cba320	0xffffa6c1a370	0x12c041800000	0x12c041600000	0x12c041200000	0x12c041400000	0x12c0c0013000	0x12c0c0024000
807	3775510	16	32768	0	timed	PC	5	3	7	28	0	1	C	P	1	0xffffa6c1a370	0xffffa6cba320	0x12c041600000	0x12c041800000	0x12c041200000	0x12c041400000	0x12c0c0013000	0x12c0c0024000
808	3775510	16	32768	0	timed	PC	5	3	7	31	1	2	C	C	1	0xffffa6c1a370	0xffffa6c1a370	0x12c041600000	0x12c041600000	0x12c041200000	0x12c041400000	0x12c0c0013000	0x12c0c0024000
809	3775510	16	32768	0	timed	PC	5	3	7	30	2	1	C	C	1	0xffffa6c1a370	0xffffa6c1a370	0x12c041600000	0x12c041600000	0x12c041200000	0x12c041400000	0x12c0c0013000	0x12c0c0024000
810	3775510	16	32768	0	timed	PC	5	3	7	31	3	2	P	C	1	0xffffa6cba320	0xffffa6c1a370	0x12c041800000	0x12c041600000	0x12c041200000	0x12c041400000	0x12c0c0013000	0x12c0c0024000
811	3775510	16	32768	0	timed	PC	5	3	7	28	4	1	P	P	1	0xffffa6cba320	0xffffa6cba320	0x12c041800000	0x12c041800000	0x12c041200000	0x12c041400000	0x12c0c0013000	0x12c0c0024000
812	3775510	16	32768	0	timed	PC	5	3	7	29	5	2	C	P	1	0xffffa6c1a370	0xffffa6cba320	0x12c041600000	0x12c041800000	0x12c041200000	0x12c041400000	0x12c0c0013000	0x12c0c0024000
813	3775510	16	32768	0	timed	PC	5	3	7	30	6	1	P	C	1	0xffffa6cba320	0xffffa6c1a370	0x12c041800000	0x12c041600000	0x12c041200000	0x12c041400000	0x12c0c0013000	0x12c0c0024000
814	3775510	16	32768	0	timed	PC	5	3	7	29	7	2	P	P	1	0xffffa6cba320	0xffffa6cba320	0x12c041800000	0x12c041800000	0x12c041200000	0x12c041400000	0x12c0c0013000	0x12c0c0024000
815	3775510	16	32768	0	warmup	PP	6	3	-1	0	0	1	P	P	0	0xffffa6cba320	0xffffa6cba320	0x12c041600000	0x12c041800000	0x12c041200000	0x12c041400000	0x12c0c0013000	0x12c0c0024000
816	3775510	16	32768	0	warmup	PP	6	3	-1	0	1	2	C	P	0	0xffffa6cba320	0xffffa6cba320	0x12c041800000	0x12c041600000	0x12c041200000	0x12c041400000	0x12c0c0013000	0x12c0c0024000
817	3775510	16	32768	0	warmup	PP	6	3	-1	1	2	1	C	C	0	0xffffa6cba320	0xffffa6cba320	0x12c041800000	0x12c041800000	0x12c041200000	0x12c041400000	0x12c0c0013000	0x12c0c0024000
818	3775510	16	32768	0	warmup	PP	6	3	-1	1	3	2	P	C	0	0xffffa6cba320	0xffffa6cba320	0x12c041600000	0x12c041800000	0x12c041200000	0x12c041400000	0x12c0c0013000	0x12c0c0024000
819	3775510	16	32768	0	warmup	PP	6	3	-1	2	4	1	P	P	0	0xffffa6cba320	0xffffa6cba320	0x12c041600000	0x12c041600000	0x12c041200000	0x12c041400000	0x12c0c0013000	0x12c0c0024000
820	3775510	16	32768	0	warmup	PP	6	3	-1	2	5	2	C	P	0	0xffffa6cba320	0xffffa6cba320	0x12c041800000	0x12c041600000	0x12c041200000	0x12c041400000	0x12c0c0013000	0x12c0c0024000
821	3775510	16	32768	0	warmup	PP	6	3	-1	3	6	1	C	C	0	0xffffa6cba320	0xffffa6cba320	0x12c041800000	0x12c041800000	0x12c041200000	0x12c041400000	0x12c0c0013000	0x12c0c0024000
822	3775510	16	32768	0	warmup	PP	6	3	-1	3	7	2	P	C	0	0xffffa6cba320	0xffffa6cba320	0x12c041600000	0x12c041800000	0x12c041200000	0x12c041400000	0x12c0c0013000	0x12c0c0024000
823	3775510	16	32768	0	warmup	PP	6	3	-1	4	8	1	P	P	0	0xffffa6cba320	0xffffa6cba320	0x12c041600000	0x12c041600000	0x12c041200000	0x12c041400000	0x12c0c0013000	0x12c0c0024000
824	3775510	16	32768	0	warmup	PP	6	3	-1	4	9	2	C	P	0	0xffffa6cba320	0xffffa6cba320	0x12c041800000	0x12c041600000	0x12c041200000	0x12c041400000	0x12c0c0013000	0x12c0c0024000
825	3775510	16	32768	0	warmup	PP	6	3	-1	5	10	1	C	C	0	0xffffa6cba320	0xffffa6cba320	0x12c041800000	0x12c041800000	0x12c041200000	0x12c041400000	0x12c0c0013000	0x12c0c0024000
826	3775510	16	32768	0	warmup	PP	6	3	-1	5	11	2	P	C	0	0xffffa6cba320	0xffffa6cba320	0x12c041600000	0x12c041800000	0x12c041200000	0x12c041400000	0x12c0c0013000	0x12c0c0024000
827	3775510	16	32768	0	warmup	PP	6	3	-1	6	12	1	P	P	0	0xffffa6cba320	0xffffa6cba320	0x12c041600000	0x12c041600000	0x12c041200000	0x12c041400000	0x12c0c0013000	0x12c0c0024000
828	3775510	16	32768	0	warmup	PP	6	3	-1	6	13	2	C	P	0	0xffffa6cba320	0xffffa6cba320	0x12c041800000	0x12c041600000	0x12c041200000	0x12c041400000	0x12c0c0013000	0x12c0c0024000
829	3775510	16	32768	0	warmup	PP	6	3	-1	7	14	1	C	C	0	0xffffa6cba320	0xffffa6cba320	0x12c041800000	0x12c041800000	0x12c041200000	0x12c041400000	0x12c0c0013000	0x12c0c0024000
830	3775510	16	32768	0	warmup	PP	6	3	-1	7	15	2	P	C	0	0xffffa6cba320	0xffffa6cba320	0x12c041600000	0x12c041800000	0x12c041200000	0x12c041400000	0x12c0c0013000	0x12c0c0024000
831	3775510	16	32768	0	warmup	PP	6	3	-1	8	16	1	P	P	0	0xffffa6cba320	0xffffa6cba320	0x12c041600000	0x12c041600000	0x12c041200000	0x12c041400000	0x12c0c0013000	0x12c0c0024000
832	3775510	16	32768	0	warmup	PP	6	3	-1	8	17	2	C	P	0	0xffffa6cba320	0xffffa6cba320	0x12c041800000	0x12c041600000	0x12c041200000	0x12c041400000	0x12c0c0013000	0x12c0c0024000
833	3775510	16	32768	0	warmup	PP	6	3	-1	9	18	1	C	C	0	0xffffa6cba320	0xffffa6cba320	0x12c041800000	0x12c041800000	0x12c041200000	0x12c041400000	0x12c0c0013000	0x12c0c0024000
834	3775510	16	32768	0	warmup	PP	6	3	-1	9	19	2	P	C	0	0xffffa6cba320	0xffffa6cba320	0x12c041600000	0x12c041800000	0x12c041200000	0x12c041400000	0x12c0c0013000	0x12c0c0024000
835	3775510	16	32768	0	warmup	PP	6	3	-1	10	20	1	P	P	0	0xffffa6cba320	0xffffa6cba320	0x12c041600000	0x12c041600000	0x12c041200000	0x12c041400000	0x12c0c0013000	0x12c0c0024000
836	3775510	16	32768	0	warmup	PP	6	3	-1	10	21	2	C	P	0	0xffffa6cba320	0xffffa6cba320	0x12c041800000	0x12c041600000	0x12c041200000	0x12c041400000	0x12c0c0013000	0x12c0c0024000
837	3775510	16	32768	0	warmup	PP	6	3	-1	11	22	1	C	C	0	0xffffa6cba320	0xffffa6cba320	0x12c041800000	0x12c041800000	0x12c041200000	0x12c041400000	0x12c0c0013000	0x12c0c0024000
838	3775510	16	32768	0	warmup	PP	6	3	-1	11	23	2	P	C	0	0xffffa6cba320	0xffffa6cba320	0x12c041600000	0x12c041800000	0x12c041200000	0x12c041400000	0x12c0c0013000	0x12c0c0024000
839	3775510	16	32768	0	warmup	PP	6	3	-1	12	24	1	P	P	0	0xffffa6cba320	0xffffa6cba320	0x12c041600000	0x12c041600000	0x12c041200000	0x12c041400000	0x12c0c0013000	0x12c0c0024000
840	3775510	16	32768	0	warmup	PP	6	3	-1	12	25	2	C	P	0	0xffffa6cba320	0xffffa6cba320	0x12c041800000	0x12c041600000	0x12c041200000	0x12c041400000	0x12c0c0013000	0x12c0c0024000
841	3775510	16	32768	0	warmup	PP	6	3	-1	13	26	1	C	C	0	0xffffa6cba320	0xffffa6cba320	0x12c041800000	0x12c041800000	0x12c041200000	0x12c041400000	0x12c0c0013000	0x12c0c0024000
842	3775510	16	32768	0	warmup	PP	6	3	-1	13	27	2	P	C	0	0xffffa6cba320	0xffffa6cba320	0x12c041600000	0x12c041800000	0x12c041200000	0x12c041400000	0x12c0c0013000	0x12c0c0024000
843	3775510	16	32768	0	warmup	PP	6	3	-1	14	28	1	P	P	0	0xffffa6cba320	0xffffa6cba320	0x12c041600000	0x12c041600000	0x12c041200000	0x12c041400000	0x12c0c0013000	0x12c0c0024000
844	3775510	16	32768	0	warmup	PP	6	3	-1	14	29	2	C	P	0	0xffffa6cba320	0xffffa6cba320	0x12c041800000	0x12c041600000	0x12c041200000	0x12c041400000	0x12c0c0013000	0x12c0c0024000
845	3775510	16	32768	0	warmup	PP	6	3	-1	15	30	1	C	C	0	0xffffa6cba320	0xffffa6cba320	0x12c041800000	0x12c041800000	0x12c041200000	0x12c041400000	0x12c0c0013000	0x12c0c0024000
846	3775510	16	32768	0	warmup	PP	6	3	-1	15	31	2	P	C	0	0xffffa6cba320	0xffffa6cba320	0x12c041600000	0x12c041800000	0x12c041200000	0x12c041400000	0x12c0c0013000	0x12c0c0024000
847	3775510	16	32768	0	warmup	PP	6	3	-1	16	32	1	P	P	0	0xffffa6cba320	0xffffa6cba320	0x12c041600000	0x12c041600000	0x12c041200000	0x12c041400000	0x12c0c0013000	0x12c0c0024000
848	3775510	16	32768	0	warmup	PP	6	3	-1	16	33	2	C	P	0	0xffffa6cba320	0xffffa6cba320	0x12c041800000	0x12c041600000	0x12c041200000	0x12c041400000	0x12c0c0013000	0x12c0c0024000
849	3775510	16	32768	0	warmup	PP	6	3	-1	17	34	1	C	C	0	0xffffa6cba320	0xffffa6cba320	0x12c041800000	0x12c041800000	0x12c041200000	0x12c041400000	0x12c0c0013000	0x12c0c0024000
850	3775510	16	32768	0	warmup	PP	6	3	-1	17	35	2	P	C	0	0xffffa6cba320	0xffffa6cba320	0x12c041600000	0x12c041800000	0x12c041200000	0x12c041400000	0x12c0c0013000	0x12c0c0024000
851	3775510	16	32768	0	warmup	PP	6	3	-1	18	36	1	P	P	0	0xffffa6cba320	0xffffa6cba320	0x12c041600000	0x12c041600000	0x12c041200000	0x12c041400000	0x12c0c0013000	0x12c0c0024000
852	3775510	16	32768	0	warmup	PP	6	3	-1	18	37	2	C	P	0	0xffffa6cba320	0xffffa6cba320	0x12c041800000	0x12c041600000	0x12c041200000	0x12c041400000	0x12c0c0013000	0x12c0c0024000
853	3775510	16	32768	0	warmup	PP	6	3	-1	19	38	1	C	C	0	0xffffa6cba320	0xffffa6cba320	0x12c041800000	0x12c041800000	0x12c041200000	0x12c041400000	0x12c0c0013000	0x12c0c0024000
854	3775510	16	32768	0	warmup	PP	6	3	-1	19	39	2	P	C	0	0xffffa6cba320	0xffffa6cba320	0x12c041600000	0x12c041800000	0x12c041200000	0x12c041400000	0x12c0c0013000	0x12c0c0024000
855	3775510	16	32768	0	warmup	PP	6	3	-1	20	40	1	P	P	0	0xffffa6cba320	0xffffa6cba320	0x12c041600000	0x12c041600000	0x12c041200000	0x12c041400000	0x12c0c0013000	0x12c0c0024000
856	3775510	16	32768	0	warmup	PP	6	3	-1	20	41	2	C	P	0	0xffffa6cba320	0xffffa6cba320	0x12c041800000	0x12c041600000	0x12c041200000	0x12c041400000	0x12c0c0013000	0x12c0c0024000
857	3775510	16	32768	0	warmup	PP	6	3	-1	21	42	1	C	C	0	0xffffa6cba320	0xffffa6cba320	0x12c041800000	0x12c041800000	0x12c041200000	0x12c041400000	0x12c0c0013000	0x12c0c0024000
858	3775510	16	32768	0	warmup	PP	6	3	-1	21	43	2	P	C	0	0xffffa6cba320	0xffffa6cba320	0x12c041600000	0x12c041800000	0x12c041200000	0x12c041400000	0x12c0c0013000	0x12c0c0024000
859	3775510	16	32768	0	warmup	PP	6	3	-1	22	44	1	P	P	0	0xffffa6cba320	0xffffa6cba320	0x12c041600000	0x12c041600000	0x12c041200000	0x12c041400000	0x12c0c0013000	0x12c0c0024000
860	3775510	16	32768	0	warmup	PP	6	3	-1	22	45	2	C	P	0	0xffffa6cba320	0xffffa6cba320	0x12c041800000	0x12c041600000	0x12c041200000	0x12c041400000	0x12c0c0013000	0x12c0c0024000
861	3775510	16	32768	0	warmup	PP	6	3	-1	23	46	1	C	C	0	0xffffa6cba320	0xffffa6cba320	0x12c041800000	0x12c041800000	0x12c041200000	0x12c041400000	0x12c0c0013000	0x12c0c0024000
862	3775510	16	32768	0	warmup	PP	6	3	-1	23	47	2	P	C	0	0xffffa6cba320	0xffffa6cba320	0x12c041600000	0x12c041800000	0x12c041200000	0x12c041400000	0x12c0c0013000	0x12c0c0024000
863	3775510	16	32768	0	warmup	PP	6	3	-1	24	48	1	P	P	0	0xffffa6cba320	0xffffa6cba320	0x12c041600000	0x12c041600000	0x12c041200000	0x12c041400000	0x12c0c0013000	0x12c0c0024000
864	3775510	16	32768	0	warmup	PP	6	3	-1	24	49	2	C	P	0	0xffffa6cba320	0xffffa6cba320	0x12c041800000	0x12c041600000	0x12c041200000	0x12c041400000	0x12c0c0013000	0x12c0c0024000
865	3775510	16	32768	0	warmup	PP	6	3	-1	25	50	1	C	C	0	0xffffa6cba320	0xffffa6cba320	0x12c041800000	0x12c041800000	0x12c041200000	0x12c041400000	0x12c0c0013000	0x12c0c0024000
866	3775510	16	32768	0	warmup	PP	6	3	-1	25	51	2	P	C	0	0xffffa6cba320	0xffffa6cba320	0x12c041600000	0x12c041800000	0x12c041200000	0x12c041400000	0x12c0c0013000	0x12c0c0024000
867	3775510	16	32768	0	warmup	PP	6	3	-1	26	52	1	P	P	0	0xffffa6cba320	0xffffa6cba320	0x12c041600000	0x12c041600000	0x12c041200000	0x12c041400000	0x12c0c0013000	0x12c0c0024000
868	3775510	16	32768	0	warmup	PP	6	3	-1	26	53	2	C	P	0	0xffffa6cba320	0xffffa6cba320	0x12c041800000	0x12c041600000	0x12c041200000	0x12c041400000	0x12c0c0013000	0x12c0c0024000
869	3775510	16	32768	0	warmup	PP	6	3	-1	27	54	1	C	C	0	0xffffa6cba320	0xffffa6cba320	0x12c041800000	0x12c041800000	0x12c041200000	0x12c041400000	0x12c0c0013000	0x12c0c0024000
870	3775510	16	32768	0	warmup	PP	6	3	-1	27	55	2	P	C	0	0xffffa6cba320	0xffffa6cba320	0x12c041600000	0x12c041800000	0x12c041200000	0x12c041400000	0x12c0c0013000	0x12c0c0024000
871	3775510	16	32768	0	warmup	PP	6	3	-1	28	56	1	P	P	0	0xffffa6cba320	0xffffa6cba320	0x12c041600000	0x12c041600000	0x12c041200000	0x12c041400000	0x12c0c0013000	0x12c0c0024000
872	3775510	16	32768	0	warmup	PP	6	3	-1	28	57	2	C	P	0	0xffffa6cba320	0xffffa6cba320	0x12c041800000	0x12c041600000	0x12c041200000	0x12c041400000	0x12c0c0013000	0x12c0c0024000
873	3775510	16	32768	0	warmup	PP	6	3	-1	29	58	1	C	C	0	0xffffa6cba320	0xffffa6cba320	0x12c041800000	0x12c041800000	0x12c041200000	0x12c041400000	0x12c0c0013000	0x12c0c0024000
874	3775510	16	32768	0	warmup	PP	6	3	-1	29	59	2	P	C	0	0xffffa6cba320	0xffffa6cba320	0x12c041600000	0x12c041800000	0x12c041200000	0x12c041400000	0x12c0c0013000	0x12c0c0024000
875	3775510	16	32768	0	warmup	PP	6	3	-1	30	60	1	P	P	0	0xffffa6cba320	0xffffa6cba320	0x12c041600000	0x12c041600000	0x12c041200000	0x12c041400000	0x12c0c0013000	0x12c0c0024000
876	3775510	16	32768	0	warmup	PP	6	3	-1	30	61	2	C	P	0	0xffffa6cba320	0xffffa6cba320	0x12c041800000	0x12c041600000	0x12c041200000	0x12c041400000	0x12c0c0013000	0x12c0c0024000
877	3775510	16	32768	0	warmup	PP	6	3	-1	31	62	1	C	C	0	0xffffa6cba320	0xffffa6cba320	0x12c041800000	0x12c041800000	0x12c041200000	0x12c041400000	0x12c0c0013000	0x12c0c0024000
878	3775510	16	32768	0	warmup	PP	6	3	-1	31	63	2	P	C	0	0xffffa6cba320	0xffffa6cba320	0x12c041600000	0x12c041800000	0x12c041200000	0x12c041400000	0x12c0c0013000	0x12c0c0024000
879	3775510	16	32768	0	warmup	PP	6	3	-1	32	64	1	P	P	0	0xffffa6cba320	0xffffa6cba320	0x12c041600000	0x12c041600000	0x12c041200000	0x12c041400000	0x12c0c0013000	0x12c0c0024000
880	3775510	16	32768	0	warmup	PP	6	3	-1	32	65	2	C	P	0	0xffffa6cba320	0xffffa6cba320	0x12c041800000	0x12c041600000	0x12c041200000	0x12c041400000	0x12c0c0013000	0x12c0c0024000
881	3775510	16	32768	0	warmup	PP	6	3	-1	33	66	1	C	C	0	0xffffa6cba320	0xffffa6cba320	0x12c041800000	0x12c041800000	0x12c041200000	0x12c041400000	0x12c0c0013000	0x12c0c0024000
882	3775510	16	32768	0	warmup	PP	6	3	-1	33	67	2	P	C	0	0xffffa6cba320	0xffffa6cba320	0x12c041600000	0x12c041800000	0x12c041200000	0x12c041400000	0x12c0c0013000	0x12c0c0024000
883	3775510	16	32768	0	warmup	PP	6	3	-1	34	68	1	P	P	0	0xffffa6cba320	0xffffa6cba320	0x12c041600000	0x12c041600000	0x12c041200000	0x12c041400000	0x12c0c0013000	0x12c0c0024000
884	3775510	16	32768	0	warmup	PP	6	3	-1	34	69	2	C	P	0	0xffffa6cba320	0xffffa6cba320	0x12c041800000	0x12c041600000	0x12c041200000	0x12c041400000	0x12c0c0013000	0x12c0c0024000
885	3775510	16	32768	0	warmup	PP	6	3	-1	35	70	1	C	C	0	0xffffa6cba320	0xffffa6cba320	0x12c041800000	0x12c041800000	0x12c041200000	0x12c041400000	0x12c0c0013000	0x12c0c0024000
886	3775510	16	32768	0	warmup	PP	6	3	-1	35	71	2	P	C	0	0xffffa6cba320	0xffffa6cba320	0x12c041600000	0x12c041800000	0x12c041200000	0x12c041400000	0x12c0c0013000	0x12c0c0024000
887	3775510	16	32768	0	warmup	PP	6	3	-1	36	72	1	P	P	0	0xffffa6cba320	0xffffa6cba320	0x12c041600000	0x12c041600000	0x12c041200000	0x12c041400000	0x12c0c0013000	0x12c0c0024000
888	3775510	16	32768	0	warmup	PP	6	3	-1	36	73	2	C	P	0	0xffffa6cba320	0xffffa6cba320	0x12c041800000	0x12c041600000	0x12c041200000	0x12c041400000	0x12c0c0013000	0x12c0c0024000
889	3775510	16	32768	0	warmup	PP	6	3	-1	37	74	1	C	C	0	0xffffa6cba320	0xffffa6cba320	0x12c041800000	0x12c041800000	0x12c041200000	0x12c041400000	0x12c0c0013000	0x12c0c0024000
890	3775510	16	32768	0	warmup	PP	6	3	-1	37	75	2	P	C	0	0xffffa6cba320	0xffffa6cba320	0x12c041600000	0x12c041800000	0x12c041200000	0x12c041400000	0x12c0c0013000	0x12c0c0024000
891	3775510	16	32768	0	warmup	PP	6	3	-1	38	76	1	P	P	0	0xffffa6cba320	0xffffa6cba320	0x12c041600000	0x12c041600000	0x12c041200000	0x12c041400000	0x12c0c0013000	0x12c0c0024000
892	3775510	16	32768	0	warmup	PP	6	3	-1	38	77	2	C	P	0	0xffffa6cba320	0xffffa6cba320	0x12c041800000	0x12c041600000	0x12c041200000	0x12c041400000	0x12c0c0013000	0x12c0c0024000
893	3775510	16	32768	0	warmup	PP	6	3	-1	39	78	1	C	C	0	0xffffa6cba320	0xffffa6cba320	0x12c041800000	0x12c041800000	0x12c041200000	0x12c041400000	0x12c0c0013000	0x12c0c0024000
894	3775510	16	32768	0	warmup	PP	6	3	-1	39	79	2	P	C	0	0xffffa6cba320	0xffffa6cba320	0x12c041600000	0x12c041800000	0x12c041200000	0x12c041400000	0x12c0c0013000	0x12c0c0024000
895	3775510	16	32768	0	warmup	PP	6	3	-1	40	80	1	P	P	0	0xffffa6cba320	0xffffa6cba320	0x12c041600000	0x12c041600000	0x12c041200000	0x12c041400000	0x12c0c0013000	0x12c0c0024000
896	3775510	16	32768	0	warmup	PP	6	3	-1	40	81	2	C	P	0	0xffffa6cba320	0xffffa6cba320	0x12c041800000	0x12c041600000	0x12c041200000	0x12c041400000	0x12c0c0013000	0x12c0c0024000
897	3775510	16	32768	0	warmup	PP	6	3	-1	41	82	1	C	C	0	0xffffa6cba320	0xffffa6cba320	0x12c041800000	0x12c041800000	0x12c041200000	0x12c041400000	0x12c0c0013000	0x12c0c0024000
898	3775510	16	32768	0	warmup	PP	6	3	-1	41	83	2	P	C	0	0xffffa6cba320	0xffffa6cba320	0x12c041600000	0x12c041800000	0x12c041200000	0x12c041400000	0x12c0c0013000	0x12c0c0024000
899	3775510	16	32768	0	warmup	PP	6	3	-1	42	84	1	P	P	0	0xffffa6cba320	0xffffa6cba320	0x12c041600000	0x12c041600000	0x12c041200000	0x12c041400000	0x12c0c0013000	0x12c0c0024000
900	3775510	16	32768	0	warmup	PP	6	3	-1	42	85	2	C	P	0	0xffffa6cba320	0xffffa6cba320	0x12c041800000	0x12c041600000	0x12c041200000	0x12c041400000	0x12c0c0013000	0x12c0c0024000
901	3775510	16	32768	0	warmup	PP	6	3	-1	43	86	1	C	C	0	0xffffa6cba320	0xffffa6cba320	0x12c041800000	0x12c041800000	0x12c041200000	0x12c041400000	0x12c0c0013000	0x12c0c0024000
902	3775510	16	32768	0	warmup	PP	6	3	-1	43	87	2	P	C	0	0xffffa6cba320	0xffffa6cba320	0x12c041600000	0x12c041800000	0x12c041200000	0x12c041400000	0x12c0c0013000	0x12c0c0024000
903	3775510	16	32768	0	warmup	PP	6	3	-1	44	88	1	P	P	0	0xffffa6cba320	0xffffa6cba320	0x12c041600000	0x12c041600000	0x12c041200000	0x12c041400000	0x12c0c0013000	0x12c0c0024000
904	3775510	16	32768	0	warmup	PP	6	3	-1	44	89	2	C	P	0	0xffffa6cba320	0xffffa6cba320	0x12c041800000	0x12c041600000	0x12c041200000	0x12c041400000	0x12c0c0013000	0x12c0c0024000
905	3775510	16	32768	0	prime	PP	6	3	0	-1	-1	0	C	C	0	0xffffa6cba320	0xffffa6cba320	0x12c041800000	0x12c041800000	0x12c041200000	0x12c041400000	0x12c0c0013000	0x12c0c0024000
906	3775510	16	32768	0	timed	PP	6	3	0	2	0	1	P	C	0	0xffffa6cba320	0xffffa6cba320	0x12c041600000	0x12c041800000	0x12c041200000	0x12c041400000	0x12c0c0013000	0x12c0c0024000
907	3775510	16	32768	0	timed	PP	6	3	0	1	1	2	P	P	0	0xffffa6cba320	0xffffa6cba320	0x12c041600000	0x12c041600000	0x12c041200000	0x12c041400000	0x12c0c0013000	0x12c0c0024000
908	3775510	16	32768	0	timed	PP	6	3	0	0	2	1	P	P	0	0xffffa6cba320	0xffffa6cba320	0x12c041600000	0x12c041600000	0x12c041200000	0x12c041400000	0x12c0c0013000	0x12c0c0024000
909	3775510	16	32768	0	timed	PP	6	3	0	1	3	2	C	P	0	0xffffa6cba320	0xffffa6cba320	0x12c041800000	0x12c041600000	0x12c041200000	0x12c041400000	0x12c0c0013000	0x12c0c0024000
910	3775510	16	32768	0	timed	PP	6	3	0	2	4	1	C	C	0	0xffffa6cba320	0xffffa6cba320	0x12c041800000	0x12c041800000	0x12c041200000	0x12c041400000	0x12c0c0013000	0x12c0c0024000
911	3775510	16	32768	0	timed	PP	6	3	0	3	5	2	P	C	0	0xffffa6cba320	0xffffa6cba320	0x12c041600000	0x12c041800000	0x12c041200000	0x12c041400000	0x12c0c0013000	0x12c0c0024000
912	3775510	16	32768	0	timed	PP	6	3	0	0	6	1	C	P	0	0xffffa6cba320	0xffffa6cba320	0x12c041800000	0x12c041600000	0x12c041200000	0x12c041400000	0x12c0c0013000	0x12c0c0024000
913	3775510	16	32768	0	timed	PP	6	3	0	3	7	2	C	C	0	0xffffa6cba320	0xffffa6cba320	0x12c041800000	0x12c041800000	0x12c041200000	0x12c041400000	0x12c0c0013000	0x12c0c0024000
914	3775510	16	32768	0	prime	PP	6	3	1	-1	-1	0	P	C	0	0xffffa6cba320	0xffffa6cba320	0x12c041600000	0x12c041800000	0x12c041200000	0x12c041400000	0x12c0c0013000	0x12c0c0024000
915	3775510	16	32768	0	timed	PP	6	3	1	4	0	1	C	P	0	0xffffa6cba320	0xffffa6cba320	0x12c041800000	0x12c041600000	0x12c041200000	0x12c041400000	0x12c0c0013000	0x12c0c0024000
916	3775510	16	32768	0	timed	PP	6	3	1	7	1	2	C	C	0	0xffffa6cba320	0xffffa6cba320	0x12c041800000	0x12c041800000	0x12c041200000	0x12c041400000	0x12c0c0013000	0x12c0c0024000
917	3775510	16	32768	0	timed	PP	6	3	1	6	2	1	C	C	0	0xffffa6cba320	0xffffa6cba320	0x12c041800000	0x12c041800000	0x12c041200000	0x12c041400000	0x12c0c0013000	0x12c0c0024000
918	3775510	16	32768	0	timed	PP	6	3	1	7	3	2	P	C	0	0xffffa6cba320	0xffffa6cba320	0x12c041600000	0x12c041800000	0x12c041200000	0x12c041400000	0x12c0c0013000	0x12c0c0024000
919	3775510	16	32768	0	timed	PP	6	3	1	4	4	1	P	P	0	0xffffa6cba320	0xffffa6cba320	0x12c041600000	0x12c041600000	0x12c041200000	0x12c041400000	0x12c0c0013000	0x12c0c0024000
920	3775510	16	32768	0	timed	PP	6	3	1	5	5	2	C	P	0	0xffffa6cba320	0xffffa6cba320	0x12c041800000	0x12c041600000	0x12c041200000	0x12c041400000	0x12c0c0013000	0x12c0c0024000
921	3775510	16	32768	0	timed	PP	6	3	1	6	6	1	P	C	0	0xffffa6cba320	0xffffa6cba320	0x12c041600000	0x12c041800000	0x12c041200000	0x12c041400000	0x12c0c0013000	0x12c0c0024000
922	3775510	16	32768	0	timed	PP	6	3	1	5	7	2	P	P	0	0xffffa6cba320	0xffffa6cba320	0x12c041600000	0x12c041600000	0x12c041200000	0x12c041400000	0x12c0c0013000	0x12c0c0024000
923	3775510	16	32768	0	prime	PP	6	3	2	-1	-1	0	C	P	1	0xffffa6cba320	0xffffa6cba320	0x12c041600000	0x12c041600000	0x12c041200000	0x12c041400000	0x12c0c0013000	0x12c0c0024000
924	3775510	16	32768	0	timed	PP	6	3	2	10	0	1	P	C	1	0xffffa6cba320	0xffffa6cba320	0x12c041800000	0x12c041600000	0x12c041200000	0x12c041400000	0x12c0c0013000	0x12c0c0024000
925	3775510	16	32768	0	timed	PP	6	3	2	9	1	2	P	P	1	0xffffa6cba320	0xffffa6cba320	0x12c041800000	0x12c041800000	0x12c041200000	0x12c041400000	0x12c0c0013000	0x12c0c0024000
926	3775510	16	32768	0	timed	PP	6	3	2	8	2	1	P	P	1	0xffffa6cba320	0xffffa6cba320	0x12c041800000	0x12c041800000	0x12c041200000	0x12c041400000	0x12c0c0013000	0x12c0c0024000
927	3775510	16	32768	0	timed	PP	6	3	2	9	3	2	C	P	1	0xffffa6cba320	0xffffa6cba320	0x12c041600000	0x12c041800000	0x12c041200000	0x12c041400000	0x12c0c0013000	0x12c0c0024000
928	3775510	16	32768	0	timed	PP	6	3	2	10	4	1	C	C	1	0xffffa6cba320	0xffffa6cba320	0x12c041600000	0x12c041600000	0x12c041200000	0x12c041400000	0x12c0c0013000	0x12c0c0024000
929	3775510	16	32768	0	timed	PP	6	3	2	11	5	2	P	C	1	0xffffa6cba320	0xffffa6cba320	0x12c041800000	0x12c041600000	0x12c041200000	0x12c041400000	0x12c0c0013000	0x12c0c0024000
930	3775510	16	32768	0	timed	PP	6	3	2	8	6	1	C	P	1	0xffffa6cba320	0xffffa6cba320	0x12c041600000	0x12c041800000	0x12c041200000	0x12c041400000	0x12c0c0013000	0x12c0c0024000
931	3775510	16	32768	0	timed	PP	6	3	2	11	7	2	C	C	1	0xffffa6cba320	0xffffa6cba320	0x12c041600000	0x12c041600000	0x12c041200000	0x12c041400000	0x12c0c0013000	0x12c0c0024000
932	3775510	16	32768	0	prime	PP	6	3	3	-1	-1	0	P	C	1	0xffffa6cba320	0xffffa6cba320	0x12c041800000	0x12c041600000	0x12c041200000	0x12c041400000	0x12c0c0013000	0x12c0c0024000
933	3775510	16	32768	0	timed	PP	6	3	3	12	0	1	C	P	1	0xffffa6cba320	0xffffa6cba320	0x12c041600000	0x12c041800000	0x12c041200000	0x12c041400000	0x12c0c0013000	0x12c0c0024000
934	3775510	16	32768	0	timed	PP	6	3	3	15	1	2	C	C	1	0xffffa6cba320	0xffffa6cba320	0x12c041600000	0x12c041600000	0x12c041200000	0x12c041400000	0x12c0c0013000	0x12c0c0024000
935	3775510	16	32768	0	timed	PP	6	3	3	14	2	1	C	C	1	0xffffa6cba320	0xffffa6cba320	0x12c041600000	0x12c041600000	0x12c041200000	0x12c041400000	0x12c0c0013000	0x12c0c0024000
936	3775510	16	32768	0	timed	PP	6	3	3	15	3	2	P	C	1	0xffffa6cba320	0xffffa6cba320	0x12c041800000	0x12c041600000	0x12c041200000	0x12c041400000	0x12c0c0013000	0x12c0c0024000
937	3775510	16	32768	0	timed	PP	6	3	3	12	4	1	P	P	1	0xffffa6cba320	0xffffa6cba320	0x12c041800000	0x12c041800000	0x12c041200000	0x12c041400000	0x12c0c0013000	0x12c0c0024000
938	3775510	16	32768	0	timed	PP	6	3	3	13	5	2	C	P	1	0xffffa6cba320	0xffffa6cba320	0x12c041600000	0x12c041800000	0x12c041200000	0x12c041400000	0x12c0c0013000	0x12c0c0024000
939	3775510	16	32768	0	timed	PP	6	3	3	14	6	1	P	C	1	0xffffa6cba320	0xffffa6cba320	0x12c041800000	0x12c041600000	0x12c041200000	0x12c041400000	0x12c0c0013000	0x12c0c0024000
940	3775510	16	32768	0	timed	PP	6	3	3	13	7	2	P	P	1	0xffffa6cba320	0xffffa6cba320	0x12c041800000	0x12c041800000	0x12c041200000	0x12c041400000	0x12c0c0013000	0x12c0c0024000
941	3775510	16	32768	0	prime	PP	6	3	4	-1	-1	0	C	P	0	0xffffa6cba320	0xffffa6cba320	0x12c041800000	0x12c041800000	0x12c041200000	0x12c041400000	0x12c0c0013000	0x12c0c0024000
942	3775510	16	32768	0	timed	PP	6	3	4	18	0	1	P	C	0	0xffffa6cba320	0xffffa6cba320	0x12c041600000	0x12c041800000	0x12c041200000	0x12c041400000	0x12c0c0013000	0x12c0c0024000
943	3775510	16	32768	0	timed	PP	6	3	4	17	1	2	P	P	0	0xffffa6cba320	0xffffa6cba320	0x12c041600000	0x12c041600000	0x12c041200000	0x12c041400000	0x12c0c0013000	0x12c0c0024000
944	3775510	16	32768	0	timed	PP	6	3	4	16	2	1	P	P	0	0xffffa6cba320	0xffffa6cba320	0x12c041600000	0x12c041600000	0x12c041200000	0x12c041400000	0x12c0c0013000	0x12c0c0024000
945	3775510	16	32768	0	timed	PP	6	3	4	17	3	2	C	P	0	0xffffa6cba320	0xffffa6cba320	0x12c041800000	0x12c041600000	0x12c041200000	0x12c041400000	0x12c0c0013000	0x12c0c0024000
946	3775510	16	32768	0	timed	PP	6	3	4	18	4	1	C	C	0	0xffffa6cba320	0xffffa6cba320	0x12c041800000	0x12c041800000	0x12c041200000	0x12c041400000	0x12c0c0013000	0x12c0c0024000
947	3775510	16	32768	0	timed	PP	6	3	4	19	5	2	P	C	0	0xffffa6cba320	0xffffa6cba320	0x12c041600000	0x12c041800000	0x12c041200000	0x12c041400000	0x12c0c0013000	0x12c0c0024000
948	3775510	16	32768	0	timed	PP	6	3	4	16	6	1	C	P	0	0xffffa6cba320	0xffffa6cba320	0x12c041800000	0x12c041600000	0x12c041200000	0x12c041400000	0x12c0c0013000	0x12c0c0024000
949	3775510	16	32768	0	timed	PP	6	3	4	19	7	2	C	C	0	0xffffa6cba320	0xffffa6cba320	0x12c041800000	0x12c041800000	0x12c041200000	0x12c041400000	0x12c0c0013000	0x12c0c0024000
950	3775510	16	32768	0	prime	PP	6	3	5	-1	-1	0	P	C	0	0xffffa6cba320	0xffffa6cba320	0x12c041600000	0x12c041800000	0x12c041200000	0x12c041400000	0x12c0c0013000	0x12c0c0024000
951	3775510	16	32768	0	timed	PP	6	3	5	20	0	1	C	P	0	0xffffa6cba320	0xffffa6cba320	0x12c041800000	0x12c041600000	0x12c041200000	0x12c041400000	0x12c0c0013000	0x12c0c0024000
952	3775510	16	32768	0	timed	PP	6	3	5	23	1	2	C	C	0	0xffffa6cba320	0xffffa6cba320	0x12c041800000	0x12c041800000	0x12c041200000	0x12c041400000	0x12c0c0013000	0x12c0c0024000
953	3775510	16	32768	0	timed	PP	6	3	5	22	2	1	C	C	0	0xffffa6cba320	0xffffa6cba320	0x12c041800000	0x12c041800000	0x12c041200000	0x12c041400000	0x12c0c0013000	0x12c0c0024000
954	3775510	16	32768	0	timed	PP	6	3	5	23	3	2	P	C	0	0xffffa6cba320	0xffffa6cba320	0x12c041600000	0x12c041800000	0x12c041200000	0x12c041400000	0x12c0c0013000	0x12c0c0024000
955	3775510	16	32768	0	timed	PP	6	3	5	20	4	1	P	P	0	0xffffa6cba320	0xffffa6cba320	0x12c041600000	0x12c041600000	0x12c041200000	0x12c041400000	0x12c0c0013000	0x12c0c0024000
956	3775510	16	32768	0	timed	PP	6	3	5	21	5	2	C	P	0	0xffffa6cba320	0xffffa6cba320	0x12c041800000	0x12c041600000	0x12c041200000	0x12c041400000	0x12c0c0013000	0x12c0c0024000
957	3775510	16	32768	0	timed	PP	6	3	5	22	6	1	P	C	0	0xffffa6cba320	0xffffa6cba320	0x12c041600000	0x12c041800000	0x12c041200000	0x12c041400000	0x12c0c0013000	0x12c0c0024000
958	3775510	16	32768	0	timed	PP	6	3	5	21	7	2	P	P	0	0xffffa6cba320	0xffffa6cba320	0x12c041600000	0x12c041600000	0x12c041200000	0x12c041400000	0x12c0c0013000	0x12c0c0024000
959	3775510	16	32768	0	prime	PP	6	3	6	-1	-1	0	C	P	1	0xffffa6cba320	0xffffa6cba320	0x12c041600000	0x12c041600000	0x12c041200000	0x12c041400000	0x12c0c0013000	0x12c0c0024000
960	3775510	16	32768	0	timed	PP	6	3	6	26	0	1	P	C	1	0xffffa6cba320	0xffffa6cba320	0x12c041800000	0x12c041600000	0x12c041200000	0x12c041400000	0x12c0c0013000	0x12c0c0024000
961	3775510	16	32768	0	timed	PP	6	3	6	25	1	2	P	P	1	0xffffa6cba320	0xffffa6cba320	0x12c041800000	0x12c041800000	0x12c041200000	0x12c041400000	0x12c0c0013000	0x12c0c0024000
962	3775510	16	32768	0	timed	PP	6	3	6	24	2	1	P	P	1	0xffffa6cba320	0xffffa6cba320	0x12c041800000	0x12c041800000	0x12c041200000	0x12c041400000	0x12c0c0013000	0x12c0c0024000
963	3775510	16	32768	0	timed	PP	6	3	6	25	3	2	C	P	1	0xffffa6cba320	0xffffa6cba320	0x12c041600000	0x12c041800000	0x12c041200000	0x12c041400000	0x12c0c0013000	0x12c0c0024000
964	3775510	16	32768	0	timed	PP	6	3	6	26	4	1	C	C	1	0xffffa6cba320	0xffffa6cba320	0x12c041600000	0x12c041600000	0x12c041200000	0x12c041400000	0x12c0c0013000	0x12c0c0024000
965	3775510	16	32768	0	timed	PP	6	3	6	27	5	2	P	C	1	0xffffa6cba320	0xffffa6cba320	0x12c041800000	0x12c041600000	0x12c041200000	0x12c041400000	0x12c0c0013000	0x12c0c0024000
966	3775510	16	32768	0	timed	PP	6	3	6	24	6	1	C	P	1	0xffffa6cba320	0xffffa6cba320	0x12c041600000	0x12c041800000	0x12c041200000	0x12c041400000	0x12c0c0013000	0x12c0c0024000
967	3775510	16	32768	0	timed	PP	6	3	6	27	7	2	C	C	1	0xffffa6cba320	0xffffa6cba320	0x12c041600000	0x12c041600000	0x12c041200000	0x12c041400000	0x12c0c0013000	0x12c0c0024000
968	3775510	16	32768	0	prime	PP	6	3	7	-1	-1	0	P	C	1	0xffffa6cba320	0xffffa6cba320	0x12c041800000	0x12c041600000	0x12c041200000	0x12c041400000	0x12c0c0013000	0x12c0c0024000
969	3775510	16	32768	0	timed	PP	6	3	7	28	0	1	C	P	1	0xffffa6cba320	0xffffa6cba320	0x12c041600000	0x12c041800000	0x12c041200000	0x12c041400000	0x12c0c0013000	0x12c0c0024000
970	3775510	16	32768	0	timed	PP	6	3	7	31	1	2	C	C	1	0xffffa6cba320	0xffffa6cba320	0x12c041600000	0x12c041600000	0x12c041200000	0x12c041400000	0x12c0c0013000	0x12c0c0024000
971	3775510	16	32768	0	timed	PP	6	3	7	30	2	1	C	C	1	0xffffa6cba320	0xffffa6cba320	0x12c041600000	0x12c041600000	0x12c041200000	0x12c041400000	0x12c0c0013000	0x12c0c0024000
972	3775510	16	32768	0	timed	PP	6	3	7	31	3	2	P	C	1	0xffffa6cba320	0xffffa6cba320	0x12c041800000	0x12c041600000	0x12c041200000	0x12c041400000	0x12c0c0013000	0x12c0c0024000
973	3775510	16	32768	0	timed	PP	6	3	7	28	4	1	P	P	1	0xffffa6cba320	0xffffa6cba320	0x12c041800000	0x12c041800000	0x12c041200000	0x12c041400000	0x12c0c0013000	0x12c0c0024000
974	3775510	16	32768	0	timed	PP	6	3	7	29	5	2	C	P	1	0xffffa6cba320	0xffffa6cba320	0x12c041600000	0x12c041800000	0x12c041200000	0x12c041400000	0x12c0c0013000	0x12c0c0024000
975	3775510	16	32768	0	timed	PP	6	3	7	30	6	1	P	C	1	0xffffa6cba320	0xffffa6cba320	0x12c041800000	0x12c041600000	0x12c041200000	0x12c041400000	0x12c0c0013000	0x12c0c0024000
976	3775510	16	32768	0	timed	PP	6	3	7	29	7	2	P	P	1	0xffffa6cba320	0xffffa6cba320	0x12c041800000	0x12c041800000	0x12c041200000	0x12c041400000	0x12c0c0013000	0x12c0c0024000
977	3775510	16	32768	0	warmup	PP	7	4	-1	0	0	1	P	P	0	0xffffa6cba320	0xffffa6cba320	0x12c041600000	0x12c041800000	0x12c041200000	0x12c041400000	0x12c0c0013000	0x12c0c0024000
978	3775510	16	32768	0	warmup	PP	7	4	-1	0	1	2	C	P	0	0xffffa6cba320	0xffffa6cba320	0x12c041800000	0x12c041600000	0x12c041200000	0x12c041400000	0x12c0c0013000	0x12c0c0024000
979	3775510	16	32768	0	warmup	PP	7	4	-1	1	2	1	C	C	0	0xffffa6cba320	0xffffa6cba320	0x12c041800000	0x12c041800000	0x12c041200000	0x12c041400000	0x12c0c0013000	0x12c0c0024000
980	3775510	16	32768	0	warmup	PP	7	4	-1	1	3	2	P	C	0	0xffffa6cba320	0xffffa6cba320	0x12c041600000	0x12c041800000	0x12c041200000	0x12c041400000	0x12c0c0013000	0x12c0c0024000
981	3775510	16	32768	0	warmup	PP	7	4	-1	2	4	1	P	P	0	0xffffa6cba320	0xffffa6cba320	0x12c041600000	0x12c041600000	0x12c041200000	0x12c041400000	0x12c0c0013000	0x12c0c0024000
982	3775510	16	32768	0	warmup	PP	7	4	-1	2	5	2	C	P	0	0xffffa6cba320	0xffffa6cba320	0x12c041800000	0x12c041600000	0x12c041200000	0x12c041400000	0x12c0c0013000	0x12c0c0024000
983	3775510	16	32768	0	warmup	PP	7	4	-1	3	6	1	C	C	0	0xffffa6cba320	0xffffa6cba320	0x12c041800000	0x12c041800000	0x12c041200000	0x12c041400000	0x12c0c0013000	0x12c0c0024000
984	3775510	16	32768	0	warmup	PP	7	4	-1	3	7	2	P	C	0	0xffffa6cba320	0xffffa6cba320	0x12c041600000	0x12c041800000	0x12c041200000	0x12c041400000	0x12c0c0013000	0x12c0c0024000
985	3775510	16	32768	0	warmup	PP	7	4	-1	4	8	1	P	P	0	0xffffa6cba320	0xffffa6cba320	0x12c041600000	0x12c041600000	0x12c041200000	0x12c041400000	0x12c0c0013000	0x12c0c0024000
986	3775510	16	32768	0	warmup	PP	7	4	-1	4	9	2	C	P	0	0xffffa6cba320	0xffffa6cba320	0x12c041800000	0x12c041600000	0x12c041200000	0x12c041400000	0x12c0c0013000	0x12c0c0024000
987	3775510	16	32768	0	warmup	PP	7	4	-1	5	10	1	C	C	0	0xffffa6cba320	0xffffa6cba320	0x12c041800000	0x12c041800000	0x12c041200000	0x12c041400000	0x12c0c0013000	0x12c0c0024000
988	3775510	16	32768	0	warmup	PP	7	4	-1	5	11	2	P	C	0	0xffffa6cba320	0xffffa6cba320	0x12c041600000	0x12c041800000	0x12c041200000	0x12c041400000	0x12c0c0013000	0x12c0c0024000
989	3775510	16	32768	0	warmup	PP	7	4	-1	6	12	1	P	P	0	0xffffa6cba320	0xffffa6cba320	0x12c041600000	0x12c041600000	0x12c041200000	0x12c041400000	0x12c0c0013000	0x12c0c0024000
990	3775510	16	32768	0	warmup	PP	7	4	-1	6	13	2	C	P	0	0xffffa6cba320	0xffffa6cba320	0x12c041800000	0x12c041600000	0x12c041200000	0x12c041400000	0x12c0c0013000	0x12c0c0024000
991	3775510	16	32768	0	warmup	PP	7	4	-1	7	14	1	C	C	0	0xffffa6cba320	0xffffa6cba320	0x12c041800000	0x12c041800000	0x12c041200000	0x12c041400000	0x12c0c0013000	0x12c0c0024000
992	3775510	16	32768	0	warmup	PP	7	4	-1	7	15	2	P	C	0	0xffffa6cba320	0xffffa6cba320	0x12c041600000	0x12c041800000	0x12c041200000	0x12c041400000	0x12c0c0013000	0x12c0c0024000
993	3775510	16	32768	0	warmup	PP	7	4	-1	8	16	1	P	P	0	0xffffa6cba320	0xffffa6cba320	0x12c041600000	0x12c041600000	0x12c041200000	0x12c041400000	0x12c0c0013000	0x12c0c0024000
994	3775510	16	32768	0	warmup	PP	7	4	-1	8	17	2	C	P	0	0xffffa6cba320	0xffffa6cba320	0x12c041800000	0x12c041600000	0x12c041200000	0x12c041400000	0x12c0c0013000	0x12c0c0024000
995	3775510	16	32768	0	warmup	PP	7	4	-1	9	18	1	C	C	0	0xffffa6cba320	0xffffa6cba320	0x12c041800000	0x12c041800000	0x12c041200000	0x12c041400000	0x12c0c0013000	0x12c0c0024000
996	3775510	16	32768	0	warmup	PP	7	4	-1	9	19	2	P	C	0	0xffffa6cba320	0xffffa6cba320	0x12c041600000	0x12c041800000	0x12c041200000	0x12c041400000	0x12c0c0013000	0x12c0c0024000
997	3775510	16	32768	0	warmup	PP	7	4	-1	10	20	1	P	P	0	0xffffa6cba320	0xffffa6cba320	0x12c041600000	0x12c041600000	0x12c041200000	0x12c041400000	0x12c0c0013000	0x12c0c0024000
998	3775510	16	32768	0	warmup	PP	7	4	-1	10	21	2	C	P	0	0xffffa6cba320	0xffffa6cba320	0x12c041800000	0x12c041600000	0x12c041200000	0x12c041400000	0x12c0c0013000	0x12c0c0024000
999	3775510	16	32768	0	warmup	PP	7	4	-1	11	22	1	C	C	0	0xffffa6cba320	0xffffa6cba320	0x12c041800000	0x12c041800000	0x12c041200000	0x12c041400000	0x12c0c0013000	0x12c0c0024000
1000	3775510	16	32768	0	warmup	PP	7	4	-1	11	23	2	P	C	0	0xffffa6cba320	0xffffa6cba320	0x12c041600000	0x12c041800000	0x12c041200000	0x12c041400000	0x12c0c0013000	0x12c0c0024000
1001	3775510	16	32768	0	warmup	PP	7	4	-1	12	24	1	P	P	0	0xffffa6cba320	0xffffa6cba320	0x12c041600000	0x12c041600000	0x12c041200000	0x12c041400000	0x12c0c0013000	0x12c0c0024000
1002	3775510	16	32768	0	warmup	PP	7	4	-1	12	25	2	C	P	0	0xffffa6cba320	0xffffa6cba320	0x12c041800000	0x12c041600000	0x12c041200000	0x12c041400000	0x12c0c0013000	0x12c0c0024000
1003	3775510	16	32768	0	warmup	PP	7	4	-1	13	26	1	C	C	0	0xffffa6cba320	0xffffa6cba320	0x12c041800000	0x12c041800000	0x12c041200000	0x12c041400000	0x12c0c0013000	0x12c0c0024000
1004	3775510	16	32768	0	warmup	PP	7	4	-1	13	27	2	P	C	0	0xffffa6cba320	0xffffa6cba320	0x12c041600000	0x12c041800000	0x12c041200000	0x12c041400000	0x12c0c0013000	0x12c0c0024000
1005	3775510	16	32768	0	warmup	PP	7	4	-1	14	28	1	P	P	0	0xffffa6cba320	0xffffa6cba320	0x12c041600000	0x12c041600000	0x12c041200000	0x12c041400000	0x12c0c0013000	0x12c0c0024000
1006	3775510	16	32768	0	warmup	PP	7	4	-1	14	29	2	C	P	0	0xffffa6cba320	0xffffa6cba320	0x12c041800000	0x12c041600000	0x12c041200000	0x12c041400000	0x12c0c0013000	0x12c0c0024000
1007	3775510	16	32768	0	warmup	PP	7	4	-1	15	30	1	C	C	0	0xffffa6cba320	0xffffa6cba320	0x12c041800000	0x12c041800000	0x12c041200000	0x12c041400000	0x12c0c0013000	0x12c0c0024000
1008	3775510	16	32768	0	warmup	PP	7	4	-1	15	31	2	P	C	0	0xffffa6cba320	0xffffa6cba320	0x12c041600000	0x12c041800000	0x12c041200000	0x12c041400000	0x12c0c0013000	0x12c0c0024000
1009	3775510	16	32768	0	warmup	PP	7	4	-1	16	32	1	P	P	0	0xffffa6cba320	0xffffa6cba320	0x12c041600000	0x12c041600000	0x12c041200000	0x12c041400000	0x12c0c0013000	0x12c0c0024000
1010	3775510	16	32768	0	warmup	PP	7	4	-1	16	33	2	C	P	0	0xffffa6cba320	0xffffa6cba320	0x12c041800000	0x12c041600000	0x12c041200000	0x12c041400000	0x12c0c0013000	0x12c0c0024000
1011	3775510	16	32768	0	warmup	PP	7	4	-1	17	34	1	C	C	0	0xffffa6cba320	0xffffa6cba320	0x12c041800000	0x12c041800000	0x12c041200000	0x12c041400000	0x12c0c0013000	0x12c0c0024000
1012	3775510	16	32768	0	warmup	PP	7	4	-1	17	35	2	P	C	0	0xffffa6cba320	0xffffa6cba320	0x12c041600000	0x12c041800000	0x12c041200000	0x12c041400000	0x12c0c0013000	0x12c0c0024000
1013	3775510	16	32768	0	warmup	PP	7	4	-1	18	36	1	P	P	0	0xffffa6cba320	0xffffa6cba320	0x12c041600000	0x12c041600000	0x12c041200000	0x12c041400000	0x12c0c0013000	0x12c0c0024000
1014	3775510	16	32768	0	warmup	PP	7	4	-1	18	37	2	C	P	0	0xffffa6cba320	0xffffa6cba320	0x12c041800000	0x12c041600000	0x12c041200000	0x12c041400000	0x12c0c0013000	0x12c0c0024000
1015	3775510	16	32768	0	warmup	PP	7	4	-1	19	38	1	C	C	0	0xffffa6cba320	0xffffa6cba320	0x12c041800000	0x12c041800000	0x12c041200000	0x12c041400000	0x12c0c0013000	0x12c0c0024000
1016	3775510	16	32768	0	warmup	PP	7	4	-1	19	39	2	P	C	0	0xffffa6cba320	0xffffa6cba320	0x12c041600000	0x12c041800000	0x12c041200000	0x12c041400000	0x12c0c0013000	0x12c0c0024000
1017	3775510	16	32768	0	warmup	PP	7	4	-1	20	40	1	P	P	0	0xffffa6cba320	0xffffa6cba320	0x12c041600000	0x12c041600000	0x12c041200000	0x12c041400000	0x12c0c0013000	0x12c0c0024000
1018	3775510	16	32768	0	warmup	PP	7	4	-1	20	41	2	C	P	0	0xffffa6cba320	0xffffa6cba320	0x12c041800000	0x12c041600000	0x12c041200000	0x12c041400000	0x12c0c0013000	0x12c0c0024000
1019	3775510	16	32768	0	warmup	PP	7	4	-1	21	42	1	C	C	0	0xffffa6cba320	0xffffa6cba320	0x12c041800000	0x12c041800000	0x12c041200000	0x12c041400000	0x12c0c0013000	0x12c0c0024000
1020	3775510	16	32768	0	warmup	PP	7	4	-1	21	43	2	P	C	0	0xffffa6cba320	0xffffa6cba320	0x12c041600000	0x12c041800000	0x12c041200000	0x12c041400000	0x12c0c0013000	0x12c0c0024000
1021	3775510	16	32768	0	warmup	PP	7	4	-1	22	44	1	P	P	0	0xffffa6cba320	0xffffa6cba320	0x12c041600000	0x12c041600000	0x12c041200000	0x12c041400000	0x12c0c0013000	0x12c0c0024000
1022	3775510	16	32768	0	warmup	PP	7	4	-1	22	45	2	C	P	0	0xffffa6cba320	0xffffa6cba320	0x12c041800000	0x12c041600000	0x12c041200000	0x12c041400000	0x12c0c0013000	0x12c0c0024000
1023	3775510	16	32768	0	warmup	PP	7	4	-1	23	46	1	C	C	0	0xffffa6cba320	0xffffa6cba320	0x12c041800000	0x12c041800000	0x12c041200000	0x12c041400000	0x12c0c0013000	0x12c0c0024000
1024	3775510	16	32768	0	warmup	PP	7	4	-1	23	47	2	P	C	0	0xffffa6cba320	0xffffa6cba320	0x12c041600000	0x12c041800000	0x12c041200000	0x12c041400000	0x12c0c0013000	0x12c0c0024000
1025	3775510	16	32768	0	warmup	PP	7	4	-1	24	48	1	P	P	0	0xffffa6cba320	0xffffa6cba320	0x12c041600000	0x12c041600000	0x12c041200000	0x12c041400000	0x12c0c0013000	0x12c0c0024000
1026	3775510	16	32768	0	warmup	PP	7	4	-1	24	49	2	C	P	0	0xffffa6cba320	0xffffa6cba320	0x12c041800000	0x12c041600000	0x12c041200000	0x12c041400000	0x12c0c0013000	0x12c0c0024000
1027	3775510	16	32768	0	warmup	PP	7	4	-1	25	50	1	C	C	0	0xffffa6cba320	0xffffa6cba320	0x12c041800000	0x12c041800000	0x12c041200000	0x12c041400000	0x12c0c0013000	0x12c0c0024000
1028	3775510	16	32768	0	warmup	PP	7	4	-1	25	51	2	P	C	0	0xffffa6cba320	0xffffa6cba320	0x12c041600000	0x12c041800000	0x12c041200000	0x12c041400000	0x12c0c0013000	0x12c0c0024000
1029	3775510	16	32768	0	warmup	PP	7	4	-1	26	52	1	P	P	0	0xffffa6cba320	0xffffa6cba320	0x12c041600000	0x12c041600000	0x12c041200000	0x12c041400000	0x12c0c0013000	0x12c0c0024000
1030	3775510	16	32768	0	warmup	PP	7	4	-1	26	53	2	C	P	0	0xffffa6cba320	0xffffa6cba320	0x12c041800000	0x12c041600000	0x12c041200000	0x12c041400000	0x12c0c0013000	0x12c0c0024000
1031	3775510	16	32768	0	warmup	PP	7	4	-1	27	54	1	C	C	0	0xffffa6cba320	0xffffa6cba320	0x12c041800000	0x12c041800000	0x12c041200000	0x12c041400000	0x12c0c0013000	0x12c0c0024000
1032	3775510	16	32768	0	warmup	PP	7	4	-1	27	55	2	P	C	0	0xffffa6cba320	0xffffa6cba320	0x12c041600000	0x12c041800000	0x12c041200000	0x12c041400000	0x12c0c0013000	0x12c0c0024000
1033	3775510	16	32768	0	warmup	PP	7	4	-1	28	56	1	P	P	0	0xffffa6cba320	0xffffa6cba320	0x12c041600000	0x12c041600000	0x12c041200000	0x12c041400000	0x12c0c0013000	0x12c0c0024000
1034	3775510	16	32768	0	warmup	PP	7	4	-1	28	57	2	C	P	0	0xffffa6cba320	0xffffa6cba320	0x12c041800000	0x12c041600000	0x12c041200000	0x12c041400000	0x12c0c0013000	0x12c0c0024000
1035	3775510	16	32768	0	warmup	PP	7	4	-1	29	58	1	C	C	0	0xffffa6cba320	0xffffa6cba320	0x12c041800000	0x12c041800000	0x12c041200000	0x12c041400000	0x12c0c0013000	0x12c0c0024000
1036	3775510	16	32768	0	warmup	PP	7	4	-1	29	59	2	P	C	0	0xffffa6cba320	0xffffa6cba320	0x12c041600000	0x12c041800000	0x12c041200000	0x12c041400000	0x12c0c0013000	0x12c0c0024000
1037	3775510	16	32768	0	warmup	PP	7	4	-1	30	60	1	P	P	0	0xffffa6cba320	0xffffa6cba320	0x12c041600000	0x12c041600000	0x12c041200000	0x12c041400000	0x12c0c0013000	0x12c0c0024000
1038	3775510	16	32768	0	warmup	PP	7	4	-1	30	61	2	C	P	0	0xffffa6cba320	0xffffa6cba320	0x12c041800000	0x12c041600000	0x12c041200000	0x12c041400000	0x12c0c0013000	0x12c0c0024000
1039	3775510	16	32768	0	warmup	PP	7	4	-1	31	62	1	C	C	0	0xffffa6cba320	0xffffa6cba320	0x12c041800000	0x12c041800000	0x12c041200000	0x12c041400000	0x12c0c0013000	0x12c0c0024000
1040	3775510	16	32768	0	warmup	PP	7	4	-1	31	63	2	P	C	0	0xffffa6cba320	0xffffa6cba320	0x12c041600000	0x12c041800000	0x12c041200000	0x12c041400000	0x12c0c0013000	0x12c0c0024000
1041	3775510	16	32768	0	warmup	PP	7	4	-1	32	64	1	P	P	0	0xffffa6cba320	0xffffa6cba320	0x12c041600000	0x12c041600000	0x12c041200000	0x12c041400000	0x12c0c0013000	0x12c0c0024000
1042	3775510	16	32768	0	warmup	PP	7	4	-1	32	65	2	C	P	0	0xffffa6cba320	0xffffa6cba320	0x12c041800000	0x12c041600000	0x12c041200000	0x12c041400000	0x12c0c0013000	0x12c0c0024000
1043	3775510	16	32768	0	warmup	PP	7	4	-1	33	66	1	C	C	0	0xffffa6cba320	0xffffa6cba320	0x12c041800000	0x12c041800000	0x12c041200000	0x12c041400000	0x12c0c0013000	0x12c0c0024000
1044	3775510	16	32768	0	warmup	PP	7	4	-1	33	67	2	P	C	0	0xffffa6cba320	0xffffa6cba320	0x12c041600000	0x12c041800000	0x12c041200000	0x12c041400000	0x12c0c0013000	0x12c0c0024000
1045	3775510	16	32768	0	warmup	PP	7	4	-1	34	68	1	P	P	0	0xffffa6cba320	0xffffa6cba320	0x12c041600000	0x12c041600000	0x12c041200000	0x12c041400000	0x12c0c0013000	0x12c0c0024000
1046	3775510	16	32768	0	warmup	PP	7	4	-1	34	69	2	C	P	0	0xffffa6cba320	0xffffa6cba320	0x12c041800000	0x12c041600000	0x12c041200000	0x12c041400000	0x12c0c0013000	0x12c0c0024000
1047	3775510	16	32768	0	warmup	PP	7	4	-1	35	70	1	C	C	0	0xffffa6cba320	0xffffa6cba320	0x12c041800000	0x12c041800000	0x12c041200000	0x12c041400000	0x12c0c0013000	0x12c0c0024000
1048	3775510	16	32768	0	warmup	PP	7	4	-1	35	71	2	P	C	0	0xffffa6cba320	0xffffa6cba320	0x12c041600000	0x12c041800000	0x12c041200000	0x12c041400000	0x12c0c0013000	0x12c0c0024000
1049	3775510	16	32768	0	warmup	PP	7	4	-1	36	72	1	P	P	0	0xffffa6cba320	0xffffa6cba320	0x12c041600000	0x12c041600000	0x12c041200000	0x12c041400000	0x12c0c0013000	0x12c0c0024000
1050	3775510	16	32768	0	warmup	PP	7	4	-1	36	73	2	C	P	0	0xffffa6cba320	0xffffa6cba320	0x12c041800000	0x12c041600000	0x12c041200000	0x12c041400000	0x12c0c0013000	0x12c0c0024000
1051	3775510	16	32768	0	warmup	PP	7	4	-1	37	74	1	C	C	0	0xffffa6cba320	0xffffa6cba320	0x12c041800000	0x12c041800000	0x12c041200000	0x12c041400000	0x12c0c0013000	0x12c0c0024000
1052	3775510	16	32768	0	warmup	PP	7	4	-1	37	75	2	P	C	0	0xffffa6cba320	0xffffa6cba320	0x12c041600000	0x12c041800000	0x12c041200000	0x12c041400000	0x12c0c0013000	0x12c0c0024000
1053	3775510	16	32768	0	warmup	PP	7	4	-1	38	76	1	P	P	0	0xffffa6cba320	0xffffa6cba320	0x12c041600000	0x12c041600000	0x12c041200000	0x12c041400000	0x12c0c0013000	0x12c0c0024000
1054	3775510	16	32768	0	warmup	PP	7	4	-1	38	77	2	C	P	0	0xffffa6cba320	0xffffa6cba320	0x12c041800000	0x12c041600000	0x12c041200000	0x12c041400000	0x12c0c0013000	0x12c0c0024000
1055	3775510	16	32768	0	warmup	PP	7	4	-1	39	78	1	C	C	0	0xffffa6cba320	0xffffa6cba320	0x12c041800000	0x12c041800000	0x12c041200000	0x12c041400000	0x12c0c0013000	0x12c0c0024000
1056	3775510	16	32768	0	warmup	PP	7	4	-1	39	79	2	P	C	0	0xffffa6cba320	0xffffa6cba320	0x12c041600000	0x12c041800000	0x12c041200000	0x12c041400000	0x12c0c0013000	0x12c0c0024000
1057	3775510	16	32768	0	warmup	PP	7	4	-1	40	80	1	P	P	0	0xffffa6cba320	0xffffa6cba320	0x12c041600000	0x12c041600000	0x12c041200000	0x12c041400000	0x12c0c0013000	0x12c0c0024000
1058	3775510	16	32768	0	warmup	PP	7	4	-1	40	81	2	C	P	0	0xffffa6cba320	0xffffa6cba320	0x12c041800000	0x12c041600000	0x12c041200000	0x12c041400000	0x12c0c0013000	0x12c0c0024000
1059	3775510	16	32768	0	warmup	PP	7	4	-1	41	82	1	C	C	0	0xffffa6cba320	0xffffa6cba320	0x12c041800000	0x12c041800000	0x12c041200000	0x12c041400000	0x12c0c0013000	0x12c0c0024000
1060	3775510	16	32768	0	warmup	PP	7	4	-1	41	83	2	P	C	0	0xffffa6cba320	0xffffa6cba320	0x12c041600000	0x12c041800000	0x12c041200000	0x12c041400000	0x12c0c0013000	0x12c0c0024000
1061	3775510	16	32768	0	warmup	PP	7	4	-1	42	84	1	P	P	0	0xffffa6cba320	0xffffa6cba320	0x12c041600000	0x12c041600000	0x12c041200000	0x12c041400000	0x12c0c0013000	0x12c0c0024000
1062	3775510	16	32768	0	warmup	PP	7	4	-1	42	85	2	C	P	0	0xffffa6cba320	0xffffa6cba320	0x12c041800000	0x12c041600000	0x12c041200000	0x12c041400000	0x12c0c0013000	0x12c0c0024000
1063	3775510	16	32768	0	warmup	PP	7	4	-1	43	86	1	C	C	0	0xffffa6cba320	0xffffa6cba320	0x12c041800000	0x12c041800000	0x12c041200000	0x12c041400000	0x12c0c0013000	0x12c0c0024000
1064	3775510	16	32768	0	warmup	PP	7	4	-1	43	87	2	P	C	0	0xffffa6cba320	0xffffa6cba320	0x12c041600000	0x12c041800000	0x12c041200000	0x12c041400000	0x12c0c0013000	0x12c0c0024000
1065	3775510	16	32768	0	warmup	PP	7	4	-1	44	88	1	P	P	0	0xffffa6cba320	0xffffa6cba320	0x12c041600000	0x12c041600000	0x12c041200000	0x12c041400000	0x12c0c0013000	0x12c0c0024000
1066	3775510	16	32768	0	warmup	PP	7	4	-1	44	89	2	C	P	0	0xffffa6cba320	0xffffa6cba320	0x12c041800000	0x12c041600000	0x12c041200000	0x12c041400000	0x12c0c0013000	0x12c0c0024000
1067	3775510	16	32768	0	prime	PP	7	4	0	-1	-1	0	C	C	0	0xffffa6cba320	0xffffa6cba320	0x12c041800000	0x12c041800000	0x12c041200000	0x12c041400000	0x12c0c0013000	0x12c0c0024000
1068	3775510	16	32768	0	timed	PP	7	4	0	2	0	1	P	C	0	0xffffa6cba320	0xffffa6cba320	0x12c041600000	0x12c041800000	0x12c041200000	0x12c041400000	0x12c0c0013000	0x12c0c0024000
1069	3775510	16	32768	0	timed	PP	7	4	0	1	1	2	P	P	0	0xffffa6cba320	0xffffa6cba320	0x12c041600000	0x12c041600000	0x12c041200000	0x12c041400000	0x12c0c0013000	0x12c0c0024000
1070	3775510	16	32768	0	timed	PP	7	4	0	0	2	1	P	P	0	0xffffa6cba320	0xffffa6cba320	0x12c041600000	0x12c041600000	0x12c041200000	0x12c041400000	0x12c0c0013000	0x12c0c0024000
1071	3775510	16	32768	0	timed	PP	7	4	0	1	3	2	C	P	0	0xffffa6cba320	0xffffa6cba320	0x12c041800000	0x12c041600000	0x12c041200000	0x12c041400000	0x12c0c0013000	0x12c0c0024000
1072	3775510	16	32768	0	timed	PP	7	4	0	2	4	1	C	C	0	0xffffa6cba320	0xffffa6cba320	0x12c041800000	0x12c041800000	0x12c041200000	0x12c041400000	0x12c0c0013000	0x12c0c0024000
1073	3775510	16	32768	0	timed	PP	7	4	0	3	5	2	P	C	0	0xffffa6cba320	0xffffa6cba320	0x12c041600000	0x12c041800000	0x12c041200000	0x12c041400000	0x12c0c0013000	0x12c0c0024000
1074	3775510	16	32768	0	timed	PP	7	4	0	0	6	1	C	P	0	0xffffa6cba320	0xffffa6cba320	0x12c041800000	0x12c041600000	0x12c041200000	0x12c041400000	0x12c0c0013000	0x12c0c0024000
1075	3775510	16	32768	0	timed	PP	7	4	0	3	7	2	C	C	0	0xffffa6cba320	0xffffa6cba320	0x12c041800000	0x12c041800000	0x12c041200000	0x12c041400000	0x12c0c0013000	0x12c0c0024000
1076	3775510	16	32768	0	prime	PP	7	4	1	-1	-1	0	P	C	0	0xffffa6cba320	0xffffa6cba320	0x12c041600000	0x12c041800000	0x12c041200000	0x12c041400000	0x12c0c0013000	0x12c0c0024000
1077	3775510	16	32768	0	timed	PP	7	4	1	4	0	1	C	P	0	0xffffa6cba320	0xffffa6cba320	0x12c041800000	0x12c041600000	0x12c041200000	0x12c041400000	0x12c0c0013000	0x12c0c0024000
1078	3775510	16	32768	0	timed	PP	7	4	1	7	1	2	C	C	0	0xffffa6cba320	0xffffa6cba320	0x12c041800000	0x12c041800000	0x12c041200000	0x12c041400000	0x12c0c0013000	0x12c0c0024000
1079	3775510	16	32768	0	timed	PP	7	4	1	6	2	1	C	C	0	0xffffa6cba320	0xffffa6cba320	0x12c041800000	0x12c041800000	0x12c041200000	0x12c041400000	0x12c0c0013000	0x12c0c0024000
1080	3775510	16	32768	0	timed	PP	7	4	1	7	3	2	P	C	0	0xffffa6cba320	0xffffa6cba320	0x12c041600000	0x12c041800000	0x12c041200000	0x12c041400000	0x12c0c0013000	0x12c0c0024000
1081	3775510	16	32768	0	timed	PP	7	4	1	4	4	1	P	P	0	0xffffa6cba320	0xffffa6cba320	0x12c041600000	0x12c041600000	0x12c041200000	0x12c041400000	0x12c0c0013000	0x12c0c0024000
1082	3775510	16	32768	0	timed	PP	7	4	1	5	5	2	C	P	0	0xffffa6cba320	0xffffa6cba320	0x12c041800000	0x12c041600000	0x12c041200000	0x12c041400000	0x12c0c0013000	0x12c0c0024000
1083	3775510	16	32768	0	timed	PP	7	4	1	6	6	1	P	C	0	0xffffa6cba320	0xffffa6cba320	0x12c041600000	0x12c041800000	0x12c041200000	0x12c041400000	0x12c0c0013000	0x12c0c0024000
1084	3775510	16	32768	0	timed	PP	7	4	1	5	7	2	P	P	0	0xffffa6cba320	0xffffa6cba320	0x12c041600000	0x12c041600000	0x12c041200000	0x12c041400000	0x12c0c0013000	0x12c0c0024000
1085	3775510	16	32768	0	prime	PP	7	4	2	-1	-1	0	C	P	1	0xffffa6cba320	0xffffa6cba320	0x12c041600000	0x12c041600000	0x12c041200000	0x12c041400000	0x12c0c0013000	0x12c0c0024000
1086	3775510	16	32768	0	timed	PP	7	4	2	10	0	1	P	C	1	0xffffa6cba320	0xffffa6cba320	0x12c041800000	0x12c041600000	0x12c041200000	0x12c041400000	0x12c0c0013000	0x12c0c0024000
1087	3775510	16	32768	0	timed	PP	7	4	2	9	1	2	P	P	1	0xffffa6cba320	0xffffa6cba320	0x12c041800000	0x12c041800000	0x12c041200000	0x12c041400000	0x12c0c0013000	0x12c0c0024000
1088	3775510	16	32768	0	timed	PP	7	4	2	8	2	1	P	P	1	0xffffa6cba320	0xffffa6cba320	0x12c041800000	0x12c041800000	0x12c041200000	0x12c041400000	0x12c0c0013000	0x12c0c0024000
1089	3775510	16	32768	0	timed	PP	7	4	2	9	3	2	C	P	1	0xffffa6cba320	0xffffa6cba320	0x12c041600000	0x12c041800000	0x12c041200000	0x12c041400000	0x12c0c0013000	0x12c0c0024000
1090	3775510	16	32768	0	timed	PP	7	4	2	10	4	1	C	C	1	0xffffa6cba320	0xffffa6cba320	0x12c041600000	0x12c041600000	0x12c041200000	0x12c041400000	0x12c0c0013000	0x12c0c0024000
1091	3775510	16	32768	0	timed	PP	7	4	2	11	5	2	P	C	1	0xffffa6cba320	0xffffa6cba320	0x12c041800000	0x12c041600000	0x12c041200000	0x12c041400000	0x12c0c0013000	0x12c0c0024000
1092	3775510	16	32768	0	timed	PP	7	4	2	8	6	1	C	P	1	0xffffa6cba320	0xffffa6cba320	0x12c041600000	0x12c041800000	0x12c041200000	0x12c041400000	0x12c0c0013000	0x12c0c0024000
1093	3775510	16	32768	0	timed	PP	7	4	2	11	7	2	C	C	1	0xffffa6cba320	0xffffa6cba320	0x12c041600000	0x12c041600000	0x12c041200000	0x12c041400000	0x12c0c0013000	0x12c0c0024000
1094	3775510	16	32768	0	prime	PP	7	4	3	-1	-1	0	P	C	1	0xffffa6cba320	0xffffa6cba320	0x12c041800000	0x12c041600000	0x12c041200000	0x12c041400000	0x12c0c0013000	0x12c0c0024000
1095	3775510	16	32768	0	timed	PP	7	4	3	12	0	1	C	P	1	0xffffa6cba320	0xffffa6cba320	0x12c041600000	0x12c041800000	0x12c041200000	0x12c041400000	0x12c0c0013000	0x12c0c0024000
1096	3775510	16	32768	0	timed	PP	7	4	3	15	1	2	C	C	1	0xffffa6cba320	0xffffa6cba320	0x12c041600000	0x12c041600000	0x12c041200000	0x12c041400000	0x12c0c0013000	0x12c0c0024000
1097	3775510	16	32768	0	timed	PP	7	4	3	14	2	1	C	C	1	0xffffa6cba320	0xffffa6cba320	0x12c041600000	0x12c041600000	0x12c041200000	0x12c041400000	0x12c0c0013000	0x12c0c0024000
1098	3775510	16	32768	0	timed	PP	7	4	3	15	3	2	P	C	1	0xffffa6cba320	0xffffa6cba320	0x12c041800000	0x12c041600000	0x12c041200000	0x12c041400000	0x12c0c0013000	0x12c0c0024000
1099	3775510	16	32768	0	timed	PP	7	4	3	12	4	1	P	P	1	0xffffa6cba320	0xffffa6cba320	0x12c041800000	0x12c041800000	0x12c041200000	0x12c041400000	0x12c0c0013000	0x12c0c0024000
1100	3775510	16	32768	0	timed	PP	7	4	3	13	5	2	C	P	1	0xffffa6cba320	0xffffa6cba320	0x12c041600000	0x12c041800000	0x12c041200000	0x12c041400000	0x12c0c0013000	0x12c0c0024000
1101	3775510	16	32768	0	timed	PP	7	4	3	14	6	1	P	C	1	0xffffa6cba320	0xffffa6cba320	0x12c041800000	0x12c041600000	0x12c041200000	0x12c041400000	0x12c0c0013000	0x12c0c0024000
1102	3775510	16	32768	0	timed	PP	7	4	3	13	7	2	P	P	1	0xffffa6cba320	0xffffa6cba320	0x12c041800000	0x12c041800000	0x12c041200000	0x12c041400000	0x12c0c0013000	0x12c0c0024000
1103	3775510	16	32768	0	prime	PP	7	4	4	-1	-1	0	C	P	0	0xffffa6cba320	0xffffa6cba320	0x12c041800000	0x12c041800000	0x12c041200000	0x12c041400000	0x12c0c0013000	0x12c0c0024000
1104	3775510	16	32768	0	timed	PP	7	4	4	18	0	1	P	C	0	0xffffa6cba320	0xffffa6cba320	0x12c041600000	0x12c041800000	0x12c041200000	0x12c041400000	0x12c0c0013000	0x12c0c0024000
1105	3775510	16	32768	0	timed	PP	7	4	4	17	1	2	P	P	0	0xffffa6cba320	0xffffa6cba320	0x12c041600000	0x12c041600000	0x12c041200000	0x12c041400000	0x12c0c0013000	0x12c0c0024000
1106	3775510	16	32768	0	timed	PP	7	4	4	16	2	1	P	P	0	0xffffa6cba320	0xffffa6cba320	0x12c041600000	0x12c041600000	0x12c041200000	0x12c041400000	0x12c0c0013000	0x12c0c0024000
1107	3775510	16	32768	0	timed	PP	7	4	4	17	3	2	C	P	0	0xffffa6cba320	0xffffa6cba320	0x12c041800000	0x12c041600000	0x12c041200000	0x12c041400000	0x12c0c0013000	0x12c0c0024000
1108	3775510	16	32768	0	timed	PP	7	4	4	18	4	1	C	C	0	0xffffa6cba320	0xffffa6cba320	0x12c041800000	0x12c041800000	0x12c041200000	0x12c041400000	0x12c0c0013000	0x12c0c0024000
1109	3775510	16	32768	0	timed	PP	7	4	4	19	5	2	P	C	0	0xffffa6cba320	0xffffa6cba320	0x12c041600000	0x12c041800000	0x12c041200000	0x12c041400000	0x12c0c0013000	0x12c0c0024000
1110	3775510	16	32768	0	timed	PP	7	4	4	16	6	1	C	P	0	0xffffa6cba320	0xffffa6cba320	0x12c041800000	0x12c041600000	0x12c041200000	0x12c041400000	0x12c0c0013000	0x12c0c0024000
1111	3775510	16	32768	0	timed	PP	7	4	4	19	7	2	C	C	0	0xffffa6cba320	0xffffa6cba320	0x12c041800000	0x12c041800000	0x12c041200000	0x12c041400000	0x12c0c0013000	0x12c0c0024000
1112	3775510	16	32768	0	prime	PP	7	4	5	-1	-1	0	P	C	0	0xffffa6cba320	0xffffa6cba320	0x12c041600000	0x12c041800000	0x12c041200000	0x12c041400000	0x12c0c0013000	0x12c0c0024000
1113	3775510	16	32768	0	timed	PP	7	4	5	20	0	1	C	P	0	0xffffa6cba320	0xffffa6cba320	0x12c041800000	0x12c041600000	0x12c041200000	0x12c041400000	0x12c0c0013000	0x12c0c0024000
1114	3775510	16	32768	0	timed	PP	7	4	5	23	1	2	C	C	0	0xffffa6cba320	0xffffa6cba320	0x12c041800000	0x12c041800000	0x12c041200000	0x12c041400000	0x12c0c0013000	0x12c0c0024000
1115	3775510	16	32768	0	timed	PP	7	4	5	22	2	1	C	C	0	0xffffa6cba320	0xffffa6cba320	0x12c041800000	0x12c041800000	0x12c041200000	0x12c041400000	0x12c0c0013000	0x12c0c0024000
1116	3775510	16	32768	0	timed	PP	7	4	5	23	3	2	P	C	0	0xffffa6cba320	0xffffa6cba320	0x12c041600000	0x12c041800000	0x12c041200000	0x12c041400000	0x12c0c0013000	0x12c0c0024000
1117	3775510	16	32768	0	timed	PP	7	4	5	20	4	1	P	P	0	0xffffa6cba320	0xffffa6cba320	0x12c041600000	0x12c041600000	0x12c041200000	0x12c041400000	0x12c0c0013000	0x12c0c0024000
1118	3775510	16	32768	0	timed	PP	7	4	5	21	5	2	C	P	0	0xffffa6cba320	0xffffa6cba320	0x12c041800000	0x12c041600000	0x12c041200000	0x12c041400000	0x12c0c0013000	0x12c0c0024000
1119	3775510	16	32768	0	timed	PP	7	4	5	22	6	1	P	C	0	0xffffa6cba320	0xffffa6cba320	0x12c041600000	0x12c041800000	0x12c041200000	0x12c041400000	0x12c0c0013000	0x12c0c0024000
1120	3775510	16	32768	0	timed	PP	7	4	5	21	7	2	P	P	0	0xffffa6cba320	0xffffa6cba320	0x12c041600000	0x12c041600000	0x12c041200000	0x12c041400000	0x12c0c0013000	0x12c0c0024000
1121	3775510	16	32768	0	prime	PP	7	4	6	-1	-1	0	C	P	1	0xffffa6cba320	0xffffa6cba320	0x12c041600000	0x12c041600000	0x12c041200000	0x12c041400000	0x12c0c0013000	0x12c0c0024000
1122	3775510	16	32768	0	timed	PP	7	4	6	26	0	1	P	C	1	0xffffa6cba320	0xffffa6cba320	0x12c041800000	0x12c041600000	0x12c041200000	0x12c041400000	0x12c0c0013000	0x12c0c0024000
1123	3775510	16	32768	0	timed	PP	7	4	6	25	1	2	P	P	1	0xffffa6cba320	0xffffa6cba320	0x12c041800000	0x12c041800000	0x12c041200000	0x12c041400000	0x12c0c0013000	0x12c0c0024000
1124	3775510	16	32768	0	timed	PP	7	4	6	24	2	1	P	P	1	0xffffa6cba320	0xffffa6cba320	0x12c041800000	0x12c041800000	0x12c041200000	0x12c041400000	0x12c0c0013000	0x12c0c0024000
1125	3775510	16	32768	0	timed	PP	7	4	6	25	3	2	C	P	1	0xffffa6cba320	0xffffa6cba320	0x12c041600000	0x12c041800000	0x12c041200000	0x12c041400000	0x12c0c0013000	0x12c0c0024000
1126	3775510	16	32768	0	timed	PP	7	4	6	26	4	1	C	C	1	0xffffa6cba320	0xffffa6cba320	0x12c041600000	0x12c041600000	0x12c041200000	0x12c041400000	0x12c0c0013000	0x12c0c0024000
1127	3775510	16	32768	0	timed	PP	7	4	6	27	5	2	P	C	1	0xffffa6cba320	0xffffa6cba320	0x12c041800000	0x12c041600000	0x12c041200000	0x12c041400000	0x12c0c0013000	0x12c0c0024000
1128	3775510	16	32768	0	timed	PP	7	4	6	24	6	1	C	P	1	0xffffa6cba320	0xffffa6cba320	0x12c041600000	0x12c041800000	0x12c041200000	0x12c041400000	0x12c0c0013000	0x12c0c0024000
1129	3775510	16	32768	0	timed	PP	7	4	6	27	7	2	C	C	1	0xffffa6cba320	0xffffa6cba320	0x12c041600000	0x12c041600000	0x12c041200000	0x12c041400000	0x12c0c0013000	0x12c0c0024000
1130	3775510	16	32768	0	prime	PP	7	4	7	-1	-1	0	P	C	1	0xffffa6cba320	0xffffa6cba320	0x12c041800000	0x12c041600000	0x12c041200000	0x12c041400000	0x12c0c0013000	0x12c0c0024000
1131	3775510	16	32768	0	timed	PP	7	4	7	28	0	1	C	P	1	0xffffa6cba320	0xffffa6cba320	0x12c041600000	0x12c041800000	0x12c041200000	0x12c041400000	0x12c0c0013000	0x12c0c0024000
1132	3775510	16	32768	0	timed	PP	7	4	7	31	1	2	C	C	1	0xffffa6cba320	0xffffa6cba320	0x12c041600000	0x12c041600000	0x12c041200000	0x12c041400000	0x12c0c0013000	0x12c0c0024000
1133	3775510	16	32768	0	timed	PP	7	4	7	30	2	1	C	C	1	0xffffa6cba320	0xffffa6cba320	0x12c041600000	0x12c041600000	0x12c041200000	0x12c041400000	0x12c0c0013000	0x12c0c0024000
1134	3775510	16	32768	0	timed	PP	7	4	7	31	3	2	P	C	1	0xffffa6cba320	0xffffa6cba320	0x12c041800000	0x12c041600000	0x12c041200000	0x12c041400000	0x12c0c0013000	0x12c0c0024000
1135	3775510	16	32768	0	timed	PP	7	4	7	28	4	1	P	P	1	0xffffa6cba320	0xffffa6cba320	0x12c041800000	0x12c041800000	0x12c041200000	0x12c041400000	0x12c0c0013000	0x12c0c0024000
1136	3775510	16	32768	0	timed	PP	7	4	7	29	5	2	C	P	1	0xffffa6cba320	0xffffa6cba320	0x12c041600000	0x12c041800000	0x12c041200000	0x12c041400000	0x12c0c0013000	0x12c0c0024000
1137	3775510	16	32768	0	timed	PP	7	4	7	30	6	1	P	C	1	0xffffa6cba320	0xffffa6cba320	0x12c041800000	0x12c041600000	0x12c041200000	0x12c041400000	0x12c0c0013000	0x12c0c0024000
1138	3775510	16	32768	0	timed	PP	7	4	7	29	7	2	P	P	1	0xffffa6cba320	0xffffa6cba320	0x12c041800000	0x12c041800000	0x12c041200000	0x12c041400000	0x12c0c0013000	0x12c0c0024000
1139	3775510	16	32768	0	warmup	PC	8	4	-1	0	0	1	P	P	0	0xffffa6cba320	0xffffa6cba320	0x12c041600000	0x12c041800000	0x12c041200000	0x12c041400000	0x12c0c0013000	0x12c0c0024000
1140	3775510	16	32768	0	warmup	PC	8	4	-1	0	1	2	C	P	0	0xffffa6c1a370	0xffffa6cba320	0x12c041800000	0x12c041600000	0x12c041200000	0x12c041400000	0x12c0c0013000	0x12c0c0024000
1141	3775510	16	32768	0	warmup	PC	8	4	-1	1	2	1	C	C	0	0xffffa6c1a370	0xffffa6c1a370	0x12c041800000	0x12c041800000	0x12c041200000	0x12c041400000	0x12c0c0013000	0x12c0c0024000
1142	3775510	16	32768	0	warmup	PC	8	4	-1	1	3	2	P	C	0	0xffffa6cba320	0xffffa6c1a370	0x12c041600000	0x12c041800000	0x12c041200000	0x12c041400000	0x12c0c0013000	0x12c0c0024000
1143	3775510	16	32768	0	warmup	PC	8	4	-1	2	4	1	P	P	0	0xffffa6cba320	0xffffa6cba320	0x12c041600000	0x12c041600000	0x12c041200000	0x12c041400000	0x12c0c0013000	0x12c0c0024000
1144	3775510	16	32768	0	warmup	PC	8	4	-1	2	5	2	C	P	0	0xffffa6c1a370	0xffffa6cba320	0x12c041800000	0x12c041600000	0x12c041200000	0x12c041400000	0x12c0c0013000	0x12c0c0024000
1145	3775510	16	32768	0	warmup	PC	8	4	-1	3	6	1	C	C	0	0xffffa6c1a370	0xffffa6c1a370	0x12c041800000	0x12c041800000	0x12c041200000	0x12c041400000	0x12c0c0013000	0x12c0c0024000
1146	3775510	16	32768	0	warmup	PC	8	4	-1	3	7	2	P	C	0	0xffffa6cba320	0xffffa6c1a370	0x12c041600000	0x12c041800000	0x12c041200000	0x12c041400000	0x12c0c0013000	0x12c0c0024000
1147	3775510	16	32768	0	warmup	PC	8	4	-1	4	8	1	P	P	0	0xffffa6cba320	0xffffa6cba320	0x12c041600000	0x12c041600000	0x12c041200000	0x12c041400000	0x12c0c0013000	0x12c0c0024000
1148	3775510	16	32768	0	warmup	PC	8	4	-1	4	9	2	C	P	0	0xffffa6c1a370	0xffffa6cba320	0x12c041800000	0x12c041600000	0x12c041200000	0x12c041400000	0x12c0c0013000	0x12c0c0024000
1149	3775510	16	32768	0	warmup	PC	8	4	-1	5	10	1	C	C	0	0xffffa6c1a370	0xffffa6c1a370	0x12c041800000	0x12c041800000	0x12c041200000	0x12c041400000	0x12c0c0013000	0x12c0c0024000
1150	3775510	16	32768	0	warmup	PC	8	4	-1	5	11	2	P	C	0	0xffffa6cba320	0xffffa6c1a370	0x12c041600000	0x12c041800000	0x12c041200000	0x12c041400000	0x12c0c0013000	0x12c0c0024000
1151	3775510	16	32768	0	warmup	PC	8	4	-1	6	12	1	P	P	0	0xffffa6cba320	0xffffa6cba320	0x12c041600000	0x12c041600000	0x12c041200000	0x12c041400000	0x12c0c0013000	0x12c0c0024000
1152	3775510	16	32768	0	warmup	PC	8	4	-1	6	13	2	C	P	0	0xffffa6c1a370	0xffffa6cba320	0x12c041800000	0x12c041600000	0x12c041200000	0x12c041400000	0x12c0c0013000	0x12c0c0024000
1153	3775510	16	32768	0	warmup	PC	8	4	-1	7	14	1	C	C	0	0xffffa6c1a370	0xffffa6c1a370	0x12c041800000	0x12c041800000	0x12c041200000	0x12c041400000	0x12c0c0013000	0x12c0c0024000
1154	3775510	16	32768	0	warmup	PC	8	4	-1	7	15	2	P	C	0	0xffffa6cba320	0xffffa6c1a370	0x12c041600000	0x12c041800000	0x12c041200000	0x12c041400000	0x12c0c0013000	0x12c0c0024000
1155	3775510	16	32768	0	warmup	PC	8	4	-1	8	16	1	P	P	0	0xffffa6cba320	0xffffa6cba320	0x12c041600000	0x12c041600000	0x12c041200000	0x12c041400000	0x12c0c0013000	0x12c0c0024000
1156	3775510	16	32768	0	warmup	PC	8	4	-1	8	17	2	C	P	0	0xffffa6c1a370	0xffffa6cba320	0x12c041800000	0x12c041600000	0x12c041200000	0x12c041400000	0x12c0c0013000	0x12c0c0024000
1157	3775510	16	32768	0	warmup	PC	8	4	-1	9	18	1	C	C	0	0xffffa6c1a370	0xffffa6c1a370	0x12c041800000	0x12c041800000	0x12c041200000	0x12c041400000	0x12c0c0013000	0x12c0c0024000
1158	3775510	16	32768	0	warmup	PC	8	4	-1	9	19	2	P	C	0	0xffffa6cba320	0xffffa6c1a370	0x12c041600000	0x12c041800000	0x12c041200000	0x12c041400000	0x12c0c0013000	0x12c0c0024000
1159	3775510	16	32768	0	warmup	PC	8	4	-1	10	20	1	P	P	0	0xffffa6cba320	0xffffa6cba320	0x12c041600000	0x12c041600000	0x12c041200000	0x12c041400000	0x12c0c0013000	0x12c0c0024000
1160	3775510	16	32768	0	warmup	PC	8	4	-1	10	21	2	C	P	0	0xffffa6c1a370	0xffffa6cba320	0x12c041800000	0x12c041600000	0x12c041200000	0x12c041400000	0x12c0c0013000	0x12c0c0024000
1161	3775510	16	32768	0	warmup	PC	8	4	-1	11	22	1	C	C	0	0xffffa6c1a370	0xffffa6c1a370	0x12c041800000	0x12c041800000	0x12c041200000	0x12c041400000	0x12c0c0013000	0x12c0c0024000
1162	3775510	16	32768	0	warmup	PC	8	4	-1	11	23	2	P	C	0	0xffffa6cba320	0xffffa6c1a370	0x12c041600000	0x12c041800000	0x12c041200000	0x12c041400000	0x12c0c0013000	0x12c0c0024000
1163	3775510	16	32768	0	warmup	PC	8	4	-1	12	24	1	P	P	0	0xffffa6cba320	0xffffa6cba320	0x12c041600000	0x12c041600000	0x12c041200000	0x12c041400000	0x12c0c0013000	0x12c0c0024000
1164	3775510	16	32768	0	warmup	PC	8	4	-1	12	25	2	C	P	0	0xffffa6c1a370	0xffffa6cba320	0x12c041800000	0x12c041600000	0x12c041200000	0x12c041400000	0x12c0c0013000	0x12c0c0024000
1165	3775510	16	32768	0	warmup	PC	8	4	-1	13	26	1	C	C	0	0xffffa6c1a370	0xffffa6c1a370	0x12c041800000	0x12c041800000	0x12c041200000	0x12c041400000	0x12c0c0013000	0x12c0c0024000
1166	3775510	16	32768	0	warmup	PC	8	4	-1	13	27	2	P	C	0	0xffffa6cba320	0xffffa6c1a370	0x12c041600000	0x12c041800000	0x12c041200000	0x12c041400000	0x12c0c0013000	0x12c0c0024000
1167	3775510	16	32768	0	warmup	PC	8	4	-1	14	28	1	P	P	0	0xffffa6cba320	0xffffa6cba320	0x12c041600000	0x12c041600000	0x12c041200000	0x12c041400000	0x12c0c0013000	0x12c0c0024000
1168	3775510	16	32768	0	warmup	PC	8	4	-1	14	29	2	C	P	0	0xffffa6c1a370	0xffffa6cba320	0x12c041800000	0x12c041600000	0x12c041200000	0x12c041400000	0x12c0c0013000	0x12c0c0024000
1169	3775510	16	32768	0	warmup	PC	8	4	-1	15	30	1	C	C	0	0xffffa6c1a370	0xffffa6c1a370	0x12c041800000	0x12c041800000	0x12c041200000	0x12c041400000	0x12c0c0013000	0x12c0c0024000
1170	3775510	16	32768	0	warmup	PC	8	4	-1	15	31	2	P	C	0	0xffffa6cba320	0xffffa6c1a370	0x12c041600000	0x12c041800000	0x12c041200000	0x12c041400000	0x12c0c0013000	0x12c0c0024000
1171	3775510	16	32768	0	warmup	PC	8	4	-1	16	32	1	P	P	0	0xffffa6cba320	0xffffa6cba320	0x12c041600000	0x12c041600000	0x12c041200000	0x12c041400000	0x12c0c0013000	0x12c0c0024000
1172	3775510	16	32768	0	warmup	PC	8	4	-1	16	33	2	C	P	0	0xffffa6c1a370	0xffffa6cba320	0x12c041800000	0x12c041600000	0x12c041200000	0x12c041400000	0x12c0c0013000	0x12c0c0024000
1173	3775510	16	32768	0	warmup	PC	8	4	-1	17	34	1	C	C	0	0xffffa6c1a370	0xffffa6c1a370	0x12c041800000	0x12c041800000	0x12c041200000	0x12c041400000	0x12c0c0013000	0x12c0c0024000
1174	3775510	16	32768	0	warmup	PC	8	4	-1	17	35	2	P	C	0	0xffffa6cba320	0xffffa6c1a370	0x12c041600000	0x12c041800000	0x12c041200000	0x12c041400000	0x12c0c0013000	0x12c0c0024000
1175	3775510	16	32768	0	warmup	PC	8	4	-1	18	36	1	P	P	0	0xffffa6cba320	0xffffa6cba320	0x12c041600000	0x12c041600000	0x12c041200000	0x12c041400000	0x12c0c0013000	0x12c0c0024000
1176	3775510	16	32768	0	warmup	PC	8	4	-1	18	37	2	C	P	0	0xffffa6c1a370	0xffffa6cba320	0x12c041800000	0x12c041600000	0x12c041200000	0x12c041400000	0x12c0c0013000	0x12c0c0024000
1177	3775510	16	32768	0	warmup	PC	8	4	-1	19	38	1	C	C	0	0xffffa6c1a370	0xffffa6c1a370	0x12c041800000	0x12c041800000	0x12c041200000	0x12c041400000	0x12c0c0013000	0x12c0c0024000
1178	3775510	16	32768	0	warmup	PC	8	4	-1	19	39	2	P	C	0	0xffffa6cba320	0xffffa6c1a370	0x12c041600000	0x12c041800000	0x12c041200000	0x12c041400000	0x12c0c0013000	0x12c0c0024000
1179	3775510	16	32768	0	warmup	PC	8	4	-1	20	40	1	P	P	0	0xffffa6cba320	0xffffa6cba320	0x12c041600000	0x12c041600000	0x12c041200000	0x12c041400000	0x12c0c0013000	0x12c0c0024000
1180	3775510	16	32768	0	warmup	PC	8	4	-1	20	41	2	C	P	0	0xffffa6c1a370	0xffffa6cba320	0x12c041800000	0x12c041600000	0x12c041200000	0x12c041400000	0x12c0c0013000	0x12c0c0024000
1181	3775510	16	32768	0	warmup	PC	8	4	-1	21	42	1	C	C	0	0xffffa6c1a370	0xffffa6c1a370	0x12c041800000	0x12c041800000	0x12c041200000	0x12c041400000	0x12c0c0013000	0x12c0c0024000
1182	3775510	16	32768	0	warmup	PC	8	4	-1	21	43	2	P	C	0	0xffffa6cba320	0xffffa6c1a370	0x12c041600000	0x12c041800000	0x12c041200000	0x12c041400000	0x12c0c0013000	0x12c0c0024000
1183	3775510	16	32768	0	warmup	PC	8	4	-1	22	44	1	P	P	0	0xffffa6cba320	0xffffa6cba320	0x12c041600000	0x12c041600000	0x12c041200000	0x12c041400000	0x12c0c0013000	0x12c0c0024000
1184	3775510	16	32768	0	warmup	PC	8	4	-1	22	45	2	C	P	0	0xffffa6c1a370	0xffffa6cba320	0x12c041800000	0x12c041600000	0x12c041200000	0x12c041400000	0x12c0c0013000	0x12c0c0024000
1185	3775510	16	32768	0	warmup	PC	8	4	-1	23	46	1	C	C	0	0xffffa6c1a370	0xffffa6c1a370	0x12c041800000	0x12c041800000	0x12c041200000	0x12c041400000	0x12c0c0013000	0x12c0c0024000
1186	3775510	16	32768	0	warmup	PC	8	4	-1	23	47	2	P	C	0	0xffffa6cba320	0xffffa6c1a370	0x12c041600000	0x12c041800000	0x12c041200000	0x12c041400000	0x12c0c0013000	0x12c0c0024000
1187	3775510	16	32768	0	warmup	PC	8	4	-1	24	48	1	P	P	0	0xffffa6cba320	0xffffa6cba320	0x12c041600000	0x12c041600000	0x12c041200000	0x12c041400000	0x12c0c0013000	0x12c0c0024000
1188	3775510	16	32768	0	warmup	PC	8	4	-1	24	49	2	C	P	0	0xffffa6c1a370	0xffffa6cba320	0x12c041800000	0x12c041600000	0x12c041200000	0x12c041400000	0x12c0c0013000	0x12c0c0024000
1189	3775510	16	32768	0	warmup	PC	8	4	-1	25	50	1	C	C	0	0xffffa6c1a370	0xffffa6c1a370	0x12c041800000	0x12c041800000	0x12c041200000	0x12c041400000	0x12c0c0013000	0x12c0c0024000
1190	3775510	16	32768	0	warmup	PC	8	4	-1	25	51	2	P	C	0	0xffffa6cba320	0xffffa6c1a370	0x12c041600000	0x12c041800000	0x12c041200000	0x12c041400000	0x12c0c0013000	0x12c0c0024000
1191	3775510	16	32768	0	warmup	PC	8	4	-1	26	52	1	P	P	0	0xffffa6cba320	0xffffa6cba320	0x12c041600000	0x12c041600000	0x12c041200000	0x12c041400000	0x12c0c0013000	0x12c0c0024000
1192	3775510	16	32768	0	warmup	PC	8	4	-1	26	53	2	C	P	0	0xffffa6c1a370	0xffffa6cba320	0x12c041800000	0x12c041600000	0x12c041200000	0x12c041400000	0x12c0c0013000	0x12c0c0024000
1193	3775510	16	32768	0	warmup	PC	8	4	-1	27	54	1	C	C	0	0xffffa6c1a370	0xffffa6c1a370	0x12c041800000	0x12c041800000	0x12c041200000	0x12c041400000	0x12c0c0013000	0x12c0c0024000
1194	3775510	16	32768	0	warmup	PC	8	4	-1	27	55	2	P	C	0	0xffffa6cba320	0xffffa6c1a370	0x12c041600000	0x12c041800000	0x12c041200000	0x12c041400000	0x12c0c0013000	0x12c0c0024000
1195	3775510	16	32768	0	warmup	PC	8	4	-1	28	56	1	P	P	0	0xffffa6cba320	0xffffa6cba320	0x12c041600000	0x12c041600000	0x12c041200000	0x12c041400000	0x12c0c0013000	0x12c0c0024000
1196	3775510	16	32768	0	warmup	PC	8	4	-1	28	57	2	C	P	0	0xffffa6c1a370	0xffffa6cba320	0x12c041800000	0x12c041600000	0x12c041200000	0x12c041400000	0x12c0c0013000	0x12c0c0024000
1197	3775510	16	32768	0	warmup	PC	8	4	-1	29	58	1	C	C	0	0xffffa6c1a370	0xffffa6c1a370	0x12c041800000	0x12c041800000	0x12c041200000	0x12c041400000	0x12c0c0013000	0x12c0c0024000
1198	3775510	16	32768	0	warmup	PC	8	4	-1	29	59	2	P	C	0	0xffffa6cba320	0xffffa6c1a370	0x12c041600000	0x12c041800000	0x12c041200000	0x12c041400000	0x12c0c0013000	0x12c0c0024000
1199	3775510	16	32768	0	warmup	PC	8	4	-1	30	60	1	P	P	0	0xffffa6cba320	0xffffa6cba320	0x12c041600000	0x12c041600000	0x12c041200000	0x12c041400000	0x12c0c0013000	0x12c0c0024000
1200	3775510	16	32768	0	warmup	PC	8	4	-1	30	61	2	C	P	0	0xffffa6c1a370	0xffffa6cba320	0x12c041800000	0x12c041600000	0x12c041200000	0x12c041400000	0x12c0c0013000	0x12c0c0024000
1201	3775510	16	32768	0	warmup	PC	8	4	-1	31	62	1	C	C	0	0xffffa6c1a370	0xffffa6c1a370	0x12c041800000	0x12c041800000	0x12c041200000	0x12c041400000	0x12c0c0013000	0x12c0c0024000
1202	3775510	16	32768	0	warmup	PC	8	4	-1	31	63	2	P	C	0	0xffffa6cba320	0xffffa6c1a370	0x12c041600000	0x12c041800000	0x12c041200000	0x12c041400000	0x12c0c0013000	0x12c0c0024000
1203	3775510	16	32768	0	warmup	PC	8	4	-1	32	64	1	P	P	0	0xffffa6cba320	0xffffa6cba320	0x12c041600000	0x12c041600000	0x12c041200000	0x12c041400000	0x12c0c0013000	0x12c0c0024000
1204	3775510	16	32768	0	warmup	PC	8	4	-1	32	65	2	C	P	0	0xffffa6c1a370	0xffffa6cba320	0x12c041800000	0x12c041600000	0x12c041200000	0x12c041400000	0x12c0c0013000	0x12c0c0024000
1205	3775510	16	32768	0	warmup	PC	8	4	-1	33	66	1	C	C	0	0xffffa6c1a370	0xffffa6c1a370	0x12c041800000	0x12c041800000	0x12c041200000	0x12c041400000	0x12c0c0013000	0x12c0c0024000
1206	3775510	16	32768	0	warmup	PC	8	4	-1	33	67	2	P	C	0	0xffffa6cba320	0xffffa6c1a370	0x12c041600000	0x12c041800000	0x12c041200000	0x12c041400000	0x12c0c0013000	0x12c0c0024000
1207	3775510	16	32768	0	warmup	PC	8	4	-1	34	68	1	P	P	0	0xffffa6cba320	0xffffa6cba320	0x12c041600000	0x12c041600000	0x12c041200000	0x12c041400000	0x12c0c0013000	0x12c0c0024000
1208	3775510	16	32768	0	warmup	PC	8	4	-1	34	69	2	C	P	0	0xffffa6c1a370	0xffffa6cba320	0x12c041800000	0x12c041600000	0x12c041200000	0x12c041400000	0x12c0c0013000	0x12c0c0024000
1209	3775510	16	32768	0	warmup	PC	8	4	-1	35	70	1	C	C	0	0xffffa6c1a370	0xffffa6c1a370	0x12c041800000	0x12c041800000	0x12c041200000	0x12c041400000	0x12c0c0013000	0x12c0c0024000
1210	3775510	16	32768	0	warmup	PC	8	4	-1	35	71	2	P	C	0	0xffffa6cba320	0xffffa6c1a370	0x12c041600000	0x12c041800000	0x12c041200000	0x12c041400000	0x12c0c0013000	0x12c0c0024000
1211	3775510	16	32768	0	warmup	PC	8	4	-1	36	72	1	P	P	0	0xffffa6cba320	0xffffa6cba320	0x12c041600000	0x12c041600000	0x12c041200000	0x12c041400000	0x12c0c0013000	0x12c0c0024000
1212	3775510	16	32768	0	warmup	PC	8	4	-1	36	73	2	C	P	0	0xffffa6c1a370	0xffffa6cba320	0x12c041800000	0x12c041600000	0x12c041200000	0x12c041400000	0x12c0c0013000	0x12c0c0024000
1213	3775510	16	32768	0	warmup	PC	8	4	-1	37	74	1	C	C	0	0xffffa6c1a370	0xffffa6c1a370	0x12c041800000	0x12c041800000	0x12c041200000	0x12c041400000	0x12c0c0013000	0x12c0c0024000
1214	3775510	16	32768	0	warmup	PC	8	4	-1	37	75	2	P	C	0	0xffffa6cba320	0xffffa6c1a370	0x12c041600000	0x12c041800000	0x12c041200000	0x12c041400000	0x12c0c0013000	0x12c0c0024000
1215	3775510	16	32768	0	warmup	PC	8	4	-1	38	76	1	P	P	0	0xffffa6cba320	0xffffa6cba320	0x12c041600000	0x12c041600000	0x12c041200000	0x12c041400000	0x12c0c0013000	0x12c0c0024000
1216	3775510	16	32768	0	warmup	PC	8	4	-1	38	77	2	C	P	0	0xffffa6c1a370	0xffffa6cba320	0x12c041800000	0x12c041600000	0x12c041200000	0x12c041400000	0x12c0c0013000	0x12c0c0024000
1217	3775510	16	32768	0	warmup	PC	8	4	-1	39	78	1	C	C	0	0xffffa6c1a370	0xffffa6c1a370	0x12c041800000	0x12c041800000	0x12c041200000	0x12c041400000	0x12c0c0013000	0x12c0c0024000
1218	3775510	16	32768	0	warmup	PC	8	4	-1	39	79	2	P	C	0	0xffffa6cba320	0xffffa6c1a370	0x12c041600000	0x12c041800000	0x12c041200000	0x12c041400000	0x12c0c0013000	0x12c0c0024000
1219	3775510	16	32768	0	warmup	PC	8	4	-1	40	80	1	P	P	0	0xffffa6cba320	0xffffa6cba320	0x12c041600000	0x12c041600000	0x12c041200000	0x12c041400000	0x12c0c0013000	0x12c0c0024000
1220	3775510	16	32768	0	warmup	PC	8	4	-1	40	81	2	C	P	0	0xffffa6c1a370	0xffffa6cba320	0x12c041800000	0x12c041600000	0x12c041200000	0x12c041400000	0x12c0c0013000	0x12c0c0024000
1221	3775510	16	32768	0	warmup	PC	8	4	-1	41	82	1	C	C	0	0xffffa6c1a370	0xffffa6c1a370	0x12c041800000	0x12c041800000	0x12c041200000	0x12c041400000	0x12c0c0013000	0x12c0c0024000
1222	3775510	16	32768	0	warmup	PC	8	4	-1	41	83	2	P	C	0	0xffffa6cba320	0xffffa6c1a370	0x12c041600000	0x12c041800000	0x12c041200000	0x12c041400000	0x12c0c0013000	0x12c0c0024000
1223	3775510	16	32768	0	warmup	PC	8	4	-1	42	84	1	P	P	0	0xffffa6cba320	0xffffa6cba320	0x12c041600000	0x12c041600000	0x12c041200000	0x12c041400000	0x12c0c0013000	0x12c0c0024000
1224	3775510	16	32768	0	warmup	PC	8	4	-1	42	85	2	C	P	0	0xffffa6c1a370	0xffffa6cba320	0x12c041800000	0x12c041600000	0x12c041200000	0x12c041400000	0x12c0c0013000	0x12c0c0024000
1225	3775510	16	32768	0	warmup	PC	8	4	-1	43	86	1	C	C	0	0xffffa6c1a370	0xffffa6c1a370	0x12c041800000	0x12c041800000	0x12c041200000	0x12c041400000	0x12c0c0013000	0x12c0c0024000
1226	3775510	16	32768	0	warmup	PC	8	4	-1	43	87	2	P	C	0	0xffffa6cba320	0xffffa6c1a370	0x12c041600000	0x12c041800000	0x12c041200000	0x12c041400000	0x12c0c0013000	0x12c0c0024000
1227	3775510	16	32768	0	warmup	PC	8	4	-1	44	88	1	P	P	0	0xffffa6cba320	0xffffa6cba320	0x12c041600000	0x12c041600000	0x12c041200000	0x12c041400000	0x12c0c0013000	0x12c0c0024000
1228	3775510	16	32768	0	warmup	PC	8	4	-1	44	89	2	C	P	0	0xffffa6c1a370	0xffffa6cba320	0x12c041800000	0x12c041600000	0x12c041200000	0x12c041400000	0x12c0c0013000	0x12c0c0024000
1229	3775510	16	32768	0	prime	PC	8	4	0	-1	-1	0	C	C	0	0xffffa6c1a370	0xffffa6c1a370	0x12c041800000	0x12c041800000	0x12c041200000	0x12c041400000	0x12c0c0013000	0x12c0c0024000
1230	3775510	16	32768	0	timed	PC	8	4	0	2	0	1	P	C	0	0xffffa6cba320	0xffffa6c1a370	0x12c041600000	0x12c041800000	0x12c041200000	0x12c041400000	0x12c0c0013000	0x12c0c0024000
1231	3775510	16	32768	0	timed	PC	8	4	0	1	1	2	P	P	0	0xffffa6cba320	0xffffa6cba320	0x12c041600000	0x12c041600000	0x12c041200000	0x12c041400000	0x12c0c0013000	0x12c0c0024000
1232	3775510	16	32768	0	timed	PC	8	4	0	0	2	1	P	P	0	0xffffa6cba320	0xffffa6cba320	0x12c041600000	0x12c041600000	0x12c041200000	0x12c041400000	0x12c0c0013000	0x12c0c0024000
1233	3775510	16	32768	0	timed	PC	8	4	0	1	3	2	C	P	0	0xffffa6c1a370	0xffffa6cba320	0x12c041800000	0x12c041600000	0x12c041200000	0x12c041400000	0x12c0c0013000	0x12c0c0024000
1234	3775510	16	32768	0	timed	PC	8	4	0	2	4	1	C	C	0	0xffffa6c1a370	0xffffa6c1a370	0x12c041800000	0x12c041800000	0x12c041200000	0x12c041400000	0x12c0c0013000	0x12c0c0024000
1235	3775510	16	32768	0	timed	PC	8	4	0	3	5	2	P	C	0	0xffffa6cba320	0xffffa6c1a370	0x12c041600000	0x12c041800000	0x12c041200000	0x12c041400000	0x12c0c0013000	0x12c0c0024000
1236	3775510	16	32768	0	timed	PC	8	4	0	0	6	1	C	P	0	0xffffa6c1a370	0xffffa6cba320	0x12c041800000	0x12c041600000	0x12c041200000	0x12c041400000	0x12c0c0013000	0x12c0c0024000
1237	3775510	16	32768	0	timed	PC	8	4	0	3	7	2	C	C	0	0xffffa6c1a370	0xffffa6c1a370	0x12c041800000	0x12c041800000	0x12c041200000	0x12c041400000	0x12c0c0013000	0x12c0c0024000
1238	3775510	16	32768	0	prime	PC	8	4	1	-1	-1	0	P	C	0	0xffffa6cba320	0xffffa6c1a370	0x12c041600000	0x12c041800000	0x12c041200000	0x12c041400000	0x12c0c0013000	0x12c0c0024000
1239	3775510	16	32768	0	timed	PC	8	4	1	4	0	1	C	P	0	0xffffa6c1a370	0xffffa6cba320	0x12c041800000	0x12c041600000	0x12c041200000	0x12c041400000	0x12c0c0013000	0x12c0c0024000
1240	3775510	16	32768	0	timed	PC	8	4	1	7	1	2	C	C	0	0xffffa6c1a370	0xffffa6c1a370	0x12c041800000	0x12c041800000	0x12c041200000	0x12c041400000	0x12c0c0013000	0x12c0c0024000
1241	3775510	16	32768	0	timed	PC	8	4	1	6	2	1	C	C	0	0xffffa6c1a370	0xffffa6c1a370	0x12c041800000	0x12c041800000	0x12c041200000	0x12c041400000	0x12c0c0013000	0x12c0c0024000
1242	3775510	16	32768	0	timed	PC	8	4	1	7	3	2	P	C	0	0xffffa6cba320	0xffffa6c1a370	0x12c041600000	0x12c041800000	0x12c041200000	0x12c041400000	0x12c0c0013000	0x12c0c0024000
1243	3775510	16	32768	0	timed	PC	8	4	1	4	4	1	P	P	0	0xffffa6cba320	0xffffa6cba320	0x12c041600000	0x12c041600000	0x12c041200000	0x12c041400000	0x12c0c0013000	0x12c0c0024000
1244	3775510	16	32768	0	timed	PC	8	4	1	5	5	2	C	P	0	0xffffa6c1a370	0xffffa6cba320	0x12c041800000	0x12c041600000	0x12c041200000	0x12c041400000	0x12c0c0013000	0x12c0c0024000
1245	3775510	16	32768	0	timed	PC	8	4	1	6	6	1	P	C	0	0xffffa6cba320	0xffffa6c1a370	0x12c041600000	0x12c041800000	0x12c041200000	0x12c041400000	0x12c0c0013000	0x12c0c0024000
1246	3775510	16	32768	0	timed	PC	8	4	1	5	7	2	P	P	0	0xffffa6cba320	0xffffa6cba320	0x12c041600000	0x12c041600000	0x12c041200000	0x12c041400000	0x12c0c0013000	0x12c0c0024000
1247	3775510	16	32768	0	prime	PC	8	4	2	-1	-1	0	C	P	1	0xffffa6c1a370	0xffffa6cba320	0x12c041600000	0x12c041600000	0x12c041200000	0x12c041400000	0x12c0c0013000	0x12c0c0024000
1248	3775510	16	32768	0	timed	PC	8	4	2	10	0	1	P	C	1	0xffffa6cba320	0xffffa6c1a370	0x12c041800000	0x12c041600000	0x12c041200000	0x12c041400000	0x12c0c0013000	0x12c0c0024000
1249	3775510	16	32768	0	timed	PC	8	4	2	9	1	2	P	P	1	0xffffa6cba320	0xffffa6cba320	0x12c041800000	0x12c041800000	0x12c041200000	0x12c041400000	0x12c0c0013000	0x12c0c0024000
1250	3775510	16	32768	0	timed	PC	8	4	2	8	2	1	P	P	1	0xffffa6cba320	0xffffa6cba320	0x12c041800000	0x12c041800000	0x12c041200000	0x12c041400000	0x12c0c0013000	0x12c0c0024000
1251	3775510	16	32768	0	timed	PC	8	4	2	9	3	2	C	P	1	0xffffa6c1a370	0xffffa6cba320	0x12c041600000	0x12c041800000	0x12c041200000	0x12c041400000	0x12c0c0013000	0x12c0c0024000
1252	3775510	16	32768	0	timed	PC	8	4	2	10	4	1	C	C	1	0xffffa6c1a370	0xffffa6c1a370	0x12c041600000	0x12c041600000	0x12c041200000	0x12c041400000	0x12c0c0013000	0x12c0c0024000
1253	3775510	16	32768	0	timed	PC	8	4	2	11	5	2	P	C	1	0xffffa6cba320	0xffffa6c1a370	0x12c041800000	0x12c041600000	0x12c041200000	0x12c041400000	0x12c0c0013000	0x12c0c0024000
1254	3775510	16	32768	0	timed	PC	8	4	2	8	6	1	C	P	1	0xffffa6c1a370	0xffffa6cba320	0x12c041600000	0x12c041800000	0x12c041200000	0x12c041400000	0x12c0c0013000	0x12c0c0024000
1255	3775510	16	32768	0	timed	PC	8	4	2	11	7	2	C	C	1	0xffffa6c1a370	0xffffa6c1a370	0x12c041600000	0x12c041600000	0x12c041200000	0x12c041400000	0x12c0c0013000	0x12c0c0024000
1256	3775510	16	32768	0	prime	PC	8	4	3	-1	-1	0	P	C	1	0xffffa6cba320	0xffffa6c1a370	0x12c041800000	0x12c041600000	0x12c041200000	0x12c041400000	0x12c0c0013000	0x12c0c0024000
1257	3775510	16	32768	0	timed	PC	8	4	3	12	0	1	C	P	1	0xffffa6c1a370	0xffffa6cba320	0x12c041600000	0x12c041800000	0x12c041200000	0x12c041400000	0x12c0c0013000	0x12c0c0024000
1258	3775510	16	32768	0	timed	PC	8	4	3	15	1	2	C	C	1	0xffffa6c1a370	0xffffa6c1a370	0x12c041600000	0x12c041600000	0x12c041200000	0x12c041400000	0x12c0c0013000	0x12c0c0024000
1259	3775510	16	32768	0	timed	PC	8	4	3	14	2	1	C	C	1	0xffffa6c1a370	0xffffa6c1a370	0x12c041600000	0x12c041600000	0x12c041200000	0x12c041400000	0x12c0c0013000	0x12c0c0024000
1260	3775510	16	32768	0	timed	PC	8	4	3	15	3	2	P	C	1	0xffffa6cba320	0xffffa6c1a370	0x12c041800000	0x12c041600000	0x12c041200000	0x12c041400000	0x12c0c0013000	0x12c0c0024000
1261	3775510	16	32768	0	timed	PC	8	4	3	12	4	1	P	P	1	0xffffa6cba320	0xffffa6cba320	0x12c041800000	0x12c041800000	0x12c041200000	0x12c041400000	0x12c0c0013000	0x12c0c0024000
1262	3775510	16	32768	0	timed	PC	8	4	3	13	5	2	C	P	1	0xffffa6c1a370	0xffffa6cba320	0x12c041600000	0x12c041800000	0x12c041200000	0x12c041400000	0x12c0c0013000	0x12c0c0024000
1263	3775510	16	32768	0	timed	PC	8	4	3	14	6	1	P	C	1	0xffffa6cba320	0xffffa6c1a370	0x12c041800000	0x12c041600000	0x12c041200000	0x12c041400000	0x12c0c0013000	0x12c0c0024000
1264	3775510	16	32768	0	timed	PC	8	4	3	13	7	2	P	P	1	0xffffa6cba320	0xffffa6cba320	0x12c041800000	0x12c041800000	0x12c041200000	0x12c041400000	0x12c0c0013000	0x12c0c0024000
1265	3775510	16	32768	0	prime	PC	8	4	4	-1	-1	0	C	P	0	0xffffa6c1a370	0xffffa6cba320	0x12c041800000	0x12c041800000	0x12c041200000	0x12c041400000	0x12c0c0013000	0x12c0c0024000
1266	3775510	16	32768	0	timed	PC	8	4	4	18	0	1	P	C	0	0xffffa6cba320	0xffffa6c1a370	0x12c041600000	0x12c041800000	0x12c041200000	0x12c041400000	0x12c0c0013000	0x12c0c0024000
1267	3775510	16	32768	0	timed	PC	8	4	4	17	1	2	P	P	0	0xffffa6cba320	0xffffa6cba320	0x12c041600000	0x12c041600000	0x12c041200000	0x12c041400000	0x12c0c0013000	0x12c0c0024000
1268	3775510	16	32768	0	timed	PC	8	4	4	16	2	1	P	P	0	0xffffa6cba320	0xffffa6cba320	0x12c041600000	0x12c041600000	0x12c041200000	0x12c041400000	0x12c0c0013000	0x12c0c0024000
1269	3775510	16	32768	0	timed	PC	8	4	4	17	3	2	C	P	0	0xffffa6c1a370	0xffffa6cba320	0x12c041800000	0x12c041600000	0x12c041200000	0x12c041400000	0x12c0c0013000	0x12c0c0024000
1270	3775510	16	32768	0	timed	PC	8	4	4	18	4	1	C	C	0	0xffffa6c1a370	0xffffa6c1a370	0x12c041800000	0x12c041800000	0x12c041200000	0x12c041400000	0x12c0c0013000	0x12c0c0024000
1271	3775510	16	32768	0	timed	PC	8	4	4	19	5	2	P	C	0	0xffffa6cba320	0xffffa6c1a370	0x12c041600000	0x12c041800000	0x12c041200000	0x12c041400000	0x12c0c0013000	0x12c0c0024000
1272	3775510	16	32768	0	timed	PC	8	4	4	16	6	1	C	P	0	0xffffa6c1a370	0xffffa6cba320	0x12c041800000	0x12c041600000	0x12c041200000	0x12c041400000	0x12c0c0013000	0x12c0c0024000
1273	3775510	16	32768	0	timed	PC	8	4	4	19	7	2	C	C	0	0xffffa6c1a370	0xffffa6c1a370	0x12c041800000	0x12c041800000	0x12c041200000	0x12c041400000	0x12c0c0013000	0x12c0c0024000
1274	3775510	16	32768	0	prime	PC	8	4	5	-1	-1	0	P	C	0	0xffffa6cba320	0xffffa6c1a370	0x12c041600000	0x12c041800000	0x12c041200000	0x12c041400000	0x12c0c0013000	0x12c0c0024000
1275	3775510	16	32768	0	timed	PC	8	4	5	20	0	1	C	P	0	0xffffa6c1a370	0xffffa6cba320	0x12c041800000	0x12c041600000	0x12c041200000	0x12c041400000	0x12c0c0013000	0x12c0c0024000
1276	3775510	16	32768	0	timed	PC	8	4	5	23	1	2	C	C	0	0xffffa6c1a370	0xffffa6c1a370	0x12c041800000	0x12c041800000	0x12c041200000	0x12c041400000	0x12c0c0013000	0x12c0c0024000
1277	3775510	16	32768	0	timed	PC	8	4	5	22	2	1	C	C	0	0xffffa6c1a370	0xffffa6c1a370	0x12c041800000	0x12c041800000	0x12c041200000	0x12c041400000	0x12c0c0013000	0x12c0c0024000
1278	3775510	16	32768	0	timed	PC	8	4	5	23	3	2	P	C	0	0xffffa6cba320	0xffffa6c1a370	0x12c041600000	0x12c041800000	0x12c041200000	0x12c041400000	0x12c0c0013000	0x12c0c0024000
1279	3775510	16	32768	0	timed	PC	8	4	5	20	4	1	P	P	0	0xffffa6cba320	0xffffa6cba320	0x12c041600000	0x12c041600000	0x12c041200000	0x12c041400000	0x12c0c0013000	0x12c0c0024000
1280	3775510	16	32768	0	timed	PC	8	4	5	21	5	2	C	P	0	0xffffa6c1a370	0xffffa6cba320	0x12c041800000	0x12c041600000	0x12c041200000	0x12c041400000	0x12c0c0013000	0x12c0c0024000
1281	3775510	16	32768	0	timed	PC	8	4	5	22	6	1	P	C	0	0xffffa6cba320	0xffffa6c1a370	0x12c041600000	0x12c041800000	0x12c041200000	0x12c041400000	0x12c0c0013000	0x12c0c0024000
1282	3775510	16	32768	0	timed	PC	8	4	5	21	7	2	P	P	0	0xffffa6cba320	0xffffa6cba320	0x12c041600000	0x12c041600000	0x12c041200000	0x12c041400000	0x12c0c0013000	0x12c0c0024000
1283	3775510	16	32768	0	prime	PC	8	4	6	-1	-1	0	C	P	1	0xffffa6c1a370	0xffffa6cba320	0x12c041600000	0x12c041600000	0x12c041200000	0x12c041400000	0x12c0c0013000	0x12c0c0024000
1284	3775510	16	32768	0	timed	PC	8	4	6	26	0	1	P	C	1	0xffffa6cba320	0xffffa6c1a370	0x12c041800000	0x12c041600000	0x12c041200000	0x12c041400000	0x12c0c0013000	0x12c0c0024000
1285	3775510	16	32768	0	timed	PC	8	4	6	25	1	2	P	P	1	0xffffa6cba320	0xffffa6cba320	0x12c041800000	0x12c041800000	0x12c041200000	0x12c041400000	0x12c0c0013000	0x12c0c0024000
1286	3775510	16	32768	0	timed	PC	8	4	6	24	2	1	P	P	1	0xffffa6cba320	0xffffa6cba320	0x12c041800000	0x12c041800000	0x12c041200000	0x12c041400000	0x12c0c0013000	0x12c0c0024000
1287	3775510	16	32768	0	timed	PC	8	4	6	25	3	2	C	P	1	0xffffa6c1a370	0xffffa6cba320	0x12c041600000	0x12c041800000	0x12c041200000	0x12c041400000	0x12c0c0013000	0x12c0c0024000
1288	3775510	16	32768	0	timed	PC	8	4	6	26	4	1	C	C	1	0xffffa6c1a370	0xffffa6c1a370	0x12c041600000	0x12c041600000	0x12c041200000	0x12c041400000	0x12c0c0013000	0x12c0c0024000
1289	3775510	16	32768	0	timed	PC	8	4	6	27	5	2	P	C	1	0xffffa6cba320	0xffffa6c1a370	0x12c041800000	0x12c041600000	0x12c041200000	0x12c041400000	0x12c0c0013000	0x12c0c0024000
1290	3775510	16	32768	0	timed	PC	8	4	6	24	6	1	C	P	1	0xffffa6c1a370	0xffffa6cba320	0x12c041600000	0x12c041800000	0x12c041200000	0x12c041400000	0x12c0c0013000	0x12c0c0024000
1291	3775510	16	32768	0	timed	PC	8	4	6	27	7	2	C	C	1	0xffffa6c1a370	0xffffa6c1a370	0x12c041600000	0x12c041600000	0x12c041200000	0x12c041400000	0x12c0c0013000	0x12c0c0024000
1292	3775510	16	32768	0	prime	PC	8	4	7	-1	-1	0	P	C	1	0xffffa6cba320	0xffffa6c1a370	0x12c041800000	0x12c041600000	0x12c041200000	0x12c041400000	0x12c0c0013000	0x12c0c0024000
1293	3775510	16	32768	0	timed	PC	8	4	7	28	0	1	C	P	1	0xffffa6c1a370	0xffffa6cba320	0x12c041600000	0x12c041800000	0x12c041200000	0x12c041400000	0x12c0c0013000	0x12c0c0024000
1294	3775510	16	32768	0	timed	PC	8	4	7	31	1	2	C	C	1	0xffffa6c1a370	0xffffa6c1a370	0x12c041600000	0x12c041600000	0x12c041200000	0x12c041400000	0x12c0c0013000	0x12c0c0024000
1295	3775510	16	32768	0	timed	PC	8	4	7	30	2	1	C	C	1	0xffffa6c1a370	0xffffa6c1a370	0x12c041600000	0x12c041600000	0x12c041200000	0x12c041400000	0x12c0c0013000	0x12c0c0024000
1296	3775510	16	32768	0	timed	PC	8	4	7	31	3	2	P	C	1	0xffffa6cba320	0xffffa6c1a370	0x12c041800000	0x12c041600000	0x12c041200000	0x12c041400000	0x12c0c0013000	0x12c0c0024000
1297	3775510	16	32768	0	timed	PC	8	4	7	28	4	1	P	P	1	0xffffa6cba320	0xffffa6cba320	0x12c041800000	0x12c041800000	0x12c041200000	0x12c041400000	0x12c0c0013000	0x12c0c0024000
1298	3775510	16	32768	0	timed	PC	8	4	7	29	5	2	C	P	1	0xffffa6c1a370	0xffffa6cba320	0x12c041600000	0x12c041800000	0x12c041200000	0x12c041400000	0x12c0c0013000	0x12c0c0024000
1299	3775510	16	32768	0	timed	PC	8	4	7	30	6	1	P	C	1	0xffffa6cba320	0xffffa6c1a370	0x12c041800000	0x12c041600000	0x12c041200000	0x12c041400000	0x12c0c0013000	0x12c0c0024000
1300	3775510	16	32768	0	timed	PC	8	4	7	29	7	2	P	P	1	0xffffa6cba320	0xffffa6cba320	0x12c041800000	0x12c041800000	0x12c041200000	0x12c041400000	0x12c0c0013000	0x12c0c0024000
