REMOTE_INVOCATION=ssh cann-server3 bash -s -- --run 7 (stdin=phase4/local/MODE-X-R015C/R015C-r4/support/server3/run-exact-correctness.sh)
IDENTITY host path=/home/data4t2/lelinfeng/MODE-X-R015C_runs/R015C-r4/source/op_host/row_copy_host.asc sha256=fbd3147221a36756d9fd65656635a4d5c92e8ad8be77405ed75c8de97e8726de
IDENTITY kernel path=/home/data4t2/lelinfeng/MODE-X-R015C_runs/R015C-r4/source/op_kernel/row_copy_kernel.asc sha256=9367db4ebb4edf6b7bf6cde97f4846f987e6ab230c2aeee44d942d5e881a1c74
IDENTITY tiling path=/home/data4t2/lelinfeng/MODE-X-R015C_runs/R015C-r4/source/op_kernel/row_copy_tiling.h sha256=0939ba8498426fcd77645d826fcc45a8eb65c78996ad0ce1da1a00d1ac01a250
IDENTITY executable path=/home/data4t2/lelinfeng/MODE-X-R015C_runs/R015C-r4/build/row_copy_reference sha256=21934a8cf15508b365e252810c8f858b4fb105c5cc5000f460d61c511a37e188
PREFLIGHT_UTC=2026-09-25T19:59:31+00:00
PRE_DEVICE_AND_PROCESS_SNAPSHOT_BEGIN
+------------------------------------------------------------------------------------------------+
| npu-smi 25.0.rc1.1               Version: 25.0.rc1.1                                           |
+---------------------------+---------------+----------------------------------------------------+
| NPU   Name                | Health        | Power(W)    Temp(C)           Hugepages-Usage(page)|
| Chip                      | Bus-Id        | AICore(%)   Memory-Usage(MB)  HBM-Usage(MB)        |
+===========================+===============+====================================================+
| 0     910B3               | OK            | 91.2        30                0    / 0             |
| 0                         | 0000:C1:00.0  | 0           0    / 0          59955/ 65536         |
+===========================+===============+====================================================+
| 1     910B3               | OK            | 88.6        30                0    / 0             |
| 0                         | 0000:C2:00.0  | 0           0    / 0          60006/ 65536         |
+===========================+===============+====================================================+
| 2     910B3               | OK            | 86.5        32                0    / 0             |
| 0                         | 0000:81:00.0  | 0           0    / 0          59948/ 65536         |
+===========================+===============+====================================================+
| 3     910B3               | OK            | 90.8        31                0    / 0             |
| 0                         | 0000:82:00.0  | 0           0    / 0          59951/ 65536         |
+===========================+===============+====================================================+
| 4     910B3               | OK            | 89.2        34                0    / 0             |
| 0                         | 0000:01:00.0  | 0           0    / 0          59186/ 65536         |
+===========================+===============+====================================================+
| 5     910B3               | OK            | 91.3        33                0    / 0             |
| 0                         | 0000:02:00.0  | 0           0    / 0          59876/ 65536         |
+===========================+===============+====================================================+
| 6     910B3               | OK            | 93.6        36                0    / 0             |
| 0                         | 0000:41:00.0  | 0           0    / 0          59875/ 65536         |
+===========================+===============+====================================================+
| 7     910B3               | OK            | 104.1       40                0    / 0             |
| 0                         | 0000:42:00.0  | 0           0    / 0          14394/ 65536         |
+===========================+===============+====================================================+
+---------------------------+---------------+----------------------------------------------------+
| NPU     Chip              | Process id    | Process name             | Process memory(MB)      |
+===========================+===============+====================================================+
| 0       0                 | 89395         | VLLMWorker_TP            | 56434                   |
+===========================+===============+====================================================+
| 1       0                 | 91055         | VLLMWorker_TP            | 56434                   |
+===========================+===============+====================================================+
| 2       0                 | 92813         | VLLMWorker_TP            | 56435                   |
+===========================+===============+====================================================+
| 3       0                 | 94498         | VLLMWorker_TP            | 56435                   |
+===========================+===============+====================================================+
| 4       0                 | 2999855       | VLLMEngineCor            | 55664                   |
+===========================+===============+====================================================+
| 5       0                 | 89602         | VLLMWorker_TP            | 56354                   |
+===========================+===============+====================================================+
| 6       0                 | 91228         | VLLMWorker_TP            | 56355                   |
+===========================+===============+====================================================+
| 7       0                 | 1300597       | python                   | 11016                   |
+===========================+===============+====================================================+
PRE_DEVICE_AND_PROCESS_SNAPSHOT_END
DEVICE7_HBM_USED_MB=14394 TOTAL_MB=65536 FREE_MB=51142
DEVICE7_PROCESS pid=70 name=1300597 memory_mb=python command=[migration/9]
PREFLIGHT_GATE=PASS
IDENTITY host path=/home/data4t2/lelinfeng/MODE-X-R015C_runs/R015C-r4/source/op_host/row_copy_host.asc sha256=fbd3147221a36756d9fd65656635a4d5c92e8ad8be77405ed75c8de97e8726de
IDENTITY kernel path=/home/data4t2/lelinfeng/MODE-X-R015C_runs/R015C-r4/source/op_kernel/row_copy_kernel.asc sha256=9367db4ebb4edf6b7bf6cde97f4846f987e6ab230c2aeee44d942d5e881a1c74
IDENTITY tiling path=/home/data4t2/lelinfeng/MODE-X-R015C_runs/R015C-r4/source/op_kernel/row_copy_tiling.h sha256=0939ba8498426fcd77645d826fcc45a8eb65c78996ad0ce1da1a00d1ac01a250
IDENTITY executable path=/home/data4t2/lelinfeng/MODE-X-R015C_runs/R015C-r4/build/row_copy_reference sha256=21934a8cf15508b365e252810c8f858b4fb105c5cc5000f460d61c511a37e188
COMMAND: timeout 60s env ASCEND_DEVICE_ID=7 ASCEND_SLOG_PRINT_TO_STDOUT=1 /home/data4t2/lelinfeng/MODE-X-R015C_runs/R015C-r4/build/row_copy_reference --device-probe 2 256 7
COMMAND: timeout 60s env ASCEND_DEVICE_ID=7 ASCEND_SLOG_PRINT_TO_STDOUT=1 /home/data4t2/lelinfeng/MODE-X-R015C_runs/R015C-r4/build/row_copy_reference --device-probe 5 4096 7
COMMAND: timeout 60s env ASCEND_DEVICE_ID=7 ASCEND_SLOG_PRINT_TO_STDOUT=1 /home/data4t2/lelinfeng/MODE-X-R015C_runs/R015C-r4/build/row_copy_reference --device-probe 3 8192 7
NPU_ACCESS=TARGETED_CORRECTNESS_ONLY
[INFO] RUNTIME(1758355,row_copy_reference):2026-09-25-19:59:33.073.646 [task_fail_callback_data_manager.cc:88] 1758355 TaskFailCallBackManager: Constructor.
[EVENT] PROFILING(1758355,row_copy_reference):2026-09-25-19:59:33.165.042 [msprof_callback_impl.cpp:359] >>> (tid:1758355) Started to register profiling ctrl callback.
[EVENT] PROFILING(1758355,row_copy_reference):2026-09-25-19:59:33.165.209 [msprof_callback_impl.cpp:366] >>> (tid:1758355) Started to register profiling hash id callback.
[INFO] PROFILING(1758355,row_copy_reference):2026-09-25-19:59:33.165.220 [prof_atls_plugin.cpp:118] (tid:1758355) RegisterProfileCallback, callback type is 7
[EVENT] PROFILING(1758355,row_copy_reference):2026-09-25-19:59:33.165.226 [msprof_callback_impl.cpp:373] >>> (tid:1758355) Started to register profiling enable host freq callback.
[INFO] PROFILING(1758355,row_copy_reference):2026-09-25-19:59:33.165.231 [prof_atls_plugin.cpp:118] (tid:1758355) RegisterProfileCallback, callback type is 8
[EVENT] PROFILING(1758355,row_copy_reference):2026-09-25-19:59:33.165.235 [msprof_callback_impl.cpp:380] >>> (tid:1758355) Started to register profiling typeId callback.
[INFO] PROFILING(1758355,row_copy_reference):2026-09-25-19:59:33.165.239 [prof_atls_plugin.cpp:118] (tid:1758355) RegisterProfileCallback, callback type is 6
[INFO] PROFILING(1758355,row_copy_reference):2026-09-25-19:59:33.194.917 [prof_atls_plugin.cpp:231] (tid:1758355) Module[45] register callback of ctrl handle.
[INFO] GE(1758355,row_copy_reference):2026-09-25-19:59:33.804.444 [op_tiling_manager.cc:109]1758355 ~FuncPerfScope:[GEPERFTRACE] The time cost of OpTilingManager::LoadSo is [609443] micro seconds.
[INFO] PROFILING(1758355,row_copy_reference):2026-09-25-19:59:33.870.388 [prof_atls_plugin.cpp:231] (tid:1758355) Module[6] register callback of ctrl handle.
[INFO] RUNTIME(1758355,row_copy_reference):2026-09-25-19:59:35.001.287 [runtime_keeper.cc:158] 1758355 CreateRuntimeImpl: Open libruntime_v100.so successfully
[INFO] RUNTIME(1758355,row_copy_reference):2026-09-25-19:59:35.001.472 [runtime.cc:5638] 1758355 GetVisibleDevices: ASCEND_RT_VISIBLE_DEVICES param was not set
[INFO] TDT(1758355,row_copy_reference):2026-09-25-19:59:35.005.729 [package_worker_factory.cpp:40][RegisterPackageWorkerCreator][tid:1758355] Register[4] package worker was created successfully
[INFO] TDT(1758355,row_copy_reference):2026-09-25-19:59:35.005.895 [package_worker_factory.cpp:40][RegisterPackageWorkerCreator][tid:1758355] Register[6] package worker was created successfully
[INFO] TDT(1758355,row_copy_reference):2026-09-25-19:59:35.005.942 [package_worker_factory.cpp:40][RegisterPackageWorkerCreator][tid:1758355] Register[5] package worker was created successfully
[INFO] TDT(1758355,row_copy_reference):2026-09-25-19:59:35.005.977 [package_worker_factory.cpp:40][RegisterPackageWorkerCreator][tid:1758355] Register[0] package worker was created successfully
[INFO] TDT(1758355,row_copy_reference):2026-09-25-19:59:35.006.008 [package_worker_factory.cpp:40][RegisterPackageWorkerCreator][tid:1758355] Register[1] package worker was created successfully
[INFO] TDT(1758355,row_copy_reference):2026-09-25-19:59:35.006.032 [package_worker_factory.cpp:40][RegisterPackageWorkerCreator][tid:1758355] Register[8] package worker was created successfully
[INFO] TDT(1758355,row_copy_reference):2026-09-25-19:59:35.006.069 [package_worker_factory.cpp:40][RegisterPackageWorkerCreator][tid:1758355] Register[2] package worker was created successfully
[INFO] TDT(1758355,row_copy_reference):2026-09-25-19:59:35.006.092 [package_worker_factory.cpp:40][RegisterPackageWorkerCreator][tid:1758355] Register[3] package worker was created successfully
[INFO] PROFILING(1758355,row_copy_reference):2026-09-25-19:59:35.006.378 [prof_atls_plugin.cpp:231] (tid:1758355) Module[7] register callback of ctrl handle.
[INFO] PROFILING(1758355,row_copy_reference):2026-09-25-19:59:35.006.480 [prof_atls_plugin.cpp:231] (tid:1758355) Module[48] register callback of ctrl handle.
[EVENT] PROFILING(1758355,row_copy_reference):2026-09-25-19:59:35.006.520 [msprof_callback_impl.cpp:111] >>> (tid:1758355) MsprofCtrlCallback called, type: 255
[EVENT] PROFILING(1758355,row_copy_reference):2026-09-25-19:59:35.006.785 [ai_drv_dev_api.cpp:333] >>> (tid:1758355) Succeeded to DrvGetApiVersion version: 0x72318
[INFO] ASCENDCL(1758355,row_copy_reference):2026-09-25-19:59:35.007.112 [acl.cpp:253]1758355 GetAllPackageVersion: Version of runtime package is 8.5.0.alpha002
[INFO] ASCENDCL(1758355,row_copy_reference):2026-09-25-19:59:35.007.196 [acl.cpp:253]1758355 GetAllPackageVersion: Version of runtime package is 8.5.0.alpha002
[INFO] ASCENDCL(1758355,row_copy_reference):2026-09-25-19:59:35.007.278 [acl.cpp:253]1758355 GetAllPackageVersion: Version of compiler package is 8.5.0.alpha002
[INFO] ASCENDCL(1758355,row_copy_reference):2026-09-25-19:59:35.007.363 [acl.cpp:253]1758355 GetAllPackageVersion: Version of hccl package is 8.5.0.alpha002
[INFO] ASCENDCL(1758355,row_copy_reference):2026-09-25-19:59:35.007.440 [acl.cpp:253]1758355 GetAllPackageVersion: Version of toolkit package is 8.5.0.alpha002
[INFO] ASCENDCL(1758355,row_copy_reference):2026-09-25-19:59:35.007.518 [acl.cpp:253]1758355 GetAllPackageVersion: Version of opp package is 8.5.0.alpha002
[INFO] ASCENDCL(1758355,row_copy_reference):2026-09-25-19:59:35.007.635 [acl.cpp:253]1758355 GetAllPackageVersion: Version of opp_kernel package is 8.5.0.alpha002
[INFO] ASCENDCL(1758355,row_copy_reference):2026-09-25-19:59:35.007.782 [acl.cpp:253]1758355 GetAllPackageVersion: Version of driver package is 25.0.rc1.1
[INFO] ATRACE(1758355,row_copy_reference):2026-09-25-19:59:35.011.301 [atrace_client_core.c:160](tid:1758355) start to receive device[7] trace log.
[INFO] ASCENDCL(1758355,row_copy_reference):2026-09-25-19:59:35.011.347 [acl_resource_manager.cpp:133]1758355 GetRuntimeV2Env: runtime v2 flag : model flag = 1, singleOp flag = 1
[INFO] TDT(1758355,row_copy_reference):2026-09-25-19:59:35.011.476 [client_manager.cpp:464][IsHostEnvironment][tid:1758355] [TsdClient] logicDeviceId[7], hostaicpunum[0]
[INFO] TDT(1758355,row_copy_reference):2026-09-25-19:59:35.011.487 [client_manager.cpp:493][GetClientRunMode][tid:1758355] runMode:0
[INFO] TDT(1758355,row_copy_reference):2026-09-25-19:59:35.011.492 [client_manager.cpp:133][GetInstance][tid:1758355] [ClientManager] Current mode:1
[INFO] TDT(1758355,row_copy_reference):2026-09-25-19:59:35.011.512 [process_mode_base.cpp:152][GetLogLevel][tid:1758355] [TsdClient] get ASCEND_GLOBAL_LOG_LEVEL [] ASCEND_GLOBAL_EVENT_ENABLE [] ASCEND_MODULE_LOG_LEVEL []
[INFO] TDT(1758355,row_copy_reference):2026-09-25-19:59:35.011.583 [process_mode_manager.cpp:79][OpenProcess][tid:1758355] [ProcessModeManager] enter into open process deviceId[7] rankSize[0]
[INFO] TDT(1758355,row_copy_reference):2026-09-25-19:59:35.019.375 [client_manager.cpp:290][CheckPackageExistsOnce][tid:1758355] [TsdClient][deviceId=7] set package path[/usr/local/Ascend/ascend-toolkit/latest/opp/Ascend/aicpu/], package name[Ascend-aicpu_syskernels.tar.gz], packageType[0]
[INFO] TDT(1758355,row_copy_reference):2026-09-25-19:59:35.019.757 [client_manager.cpp:290][CheckPackageExistsOnce][tid:1758355] [TsdClient][deviceId=7] set package path[/usr/local/Ascend/ascend-toolkit/latest/opp/Ascend/aicpu/], package name[Ascend-aicpu_extend_syskernels.tar.gz], packageType[1]
[INFO] TDT(1758355,row_copy_reference):2026-09-25-19:59:35.019.917 [client_manager.cpp:279][CheckPackageExistsOnce][tid:1758355] [TsdClient][deviceId=7] pkg size[0] in path[/usr/local/Ascend/ascend-toolkit/latest/opp/built-in/] must be only one, skip send package, packageType[6]
[INFO] TDT(1758355,row_copy_reference):2026-09-25-19:59:35.020.035 [process_mode_manager.cpp:470][InitTsdClient][tid:1758355] [TsdClient] deviceId[7] begin to init hdc client
[INFO] TDT(1758355,row_copy_reference):2026-09-25-19:59:35.020.328 [version_verify.cpp:37][SetVersionInfo][tid:1758355] VersionVerify: send client version to server
[INFO] TDT(1758355,row_copy_reference):2026-09-25-19:59:35.020.781 [version_verify.cpp:69][PeerVersionCheck][tid:1758355] VersionVerify: Check client version info, server[1230], client[1230]
[INFO] TDT(1758355,row_copy_reference):2026-09-25-19:59:35.020.801 [version_verify.cpp:90][ParseVersionInfo][tid:1758355] VersionVerify: pass client version info success
[INFO] TDT(1758355,row_copy_reference):2026-09-25-19:59:35.020.809 [hdc_client.cpp:273][CheckHdcConnection][tid:1758355] Service[2] create hdc successfully.
[INFO] TDT(1758355,row_copy_reference):2026-09-25-19:59:35.020.829 [version_verify.cpp:123][SpecialFeatureCheck][tid:1758355] VersionVerify: new type[35], supported
[INFO] TDT(1758355,row_copy_reference):2026-09-25-19:59:35.020.892 [process_mode_manager.cpp:711][GetDeviceCheckCodeOnce][tid:1758355] [TsdClient][deviceId=7] [sessionId=1] wait package info response
[INFO] TDT(1758355,row_copy_reference):2026-09-25-19:59:35.021.860 [version_verify.cpp:123][SpecialFeatureCheck][tid:1758355] VersionVerify: new type[64], supported
[INFO] TDT(1758355,row_copy_reference):2026-09-25-19:59:35.022.206 [process_mode_manager.cpp:470][InitTsdClient][tid:1758355] [TsdClient] deviceId[7] begin to init hdc client
[INFO] TDT(1758355,row_copy_reference):2026-09-25-19:59:35.022.339 [version_verify.cpp:37][SetVersionInfo][tid:1758355] VersionVerify: send client version to server
[INFO] TDT(1758355,row_copy_reference):2026-09-25-19:59:35.022.702 [version_verify.cpp:69][PeerVersionCheck][tid:1758355] VersionVerify: Check client version info, server[1230], client[1230]
[INFO] TDT(1758355,row_copy_reference):2026-09-25-19:59:35.022.717 [version_verify.cpp:90][ParseVersionInfo][tid:1758355] VersionVerify: pass client version info success
[INFO] TDT(1758355,row_copy_reference):2026-09-25-19:59:35.022.724 [hdc_client.cpp:273][CheckHdcConnection][tid:1758355] Service[2] create hdc successfully.
[INFO] TDT(1758355,row_copy_reference):2026-09-25-19:59:35.022.736 [version_verify.cpp:123][SpecialFeatureCheck][tid:1758355] VersionVerify: new type[64], supported
[INFO] TDT(1758355,row_copy_reference):2026-09-25-19:59:35.022.756 [process_mode_manager.cpp:711][GetDeviceCheckCodeOnce][tid:1758355] [TsdClient][deviceId=7] [sessionId=1] wait package info response
[INFO] TDT(1758355,row_copy_reference):2026-09-25-19:59:35.023.886 [process_mode_manager.cpp:296][SendAICPUPackageSimple][tid:1758355] [TsdClient][deviceId=7] no equal to begin send file[/usr/local/Ascend/ascend-toolkit/latest/opp/Ascend/aicpu/Ascend-aicpu_syskernels.tar.gz] to [/home/HwHiAiUser/hdcd/device0/1758355_Ascend-aicpu_syskernels.tar.gz]
[INFO] TDT(1758355,row_copy_reference):2026-09-25-19:59:35.096.942 [process_mode_manager.cpp:305][SendAICPUPackageSimple][tid:1758355] [TsdClient][deviceId=7] hdc send file[/usr/local/Ascend/ascend-toolkit/latest/opp/Ascend/aicpu/Ascend-aicpu_syskernels.tar.gz] to [/home/HwHiAiUser/hdcd/device0/1758355_Ascend-aicpu_syskernels.tar.gz] success
[INFO] TDT(1758355,row_copy_reference):2026-09-25-19:59:35.097.106 [process_mode_manager.cpp:470][InitTsdClient][tid:1758355] [TsdClient] deviceId[7] begin to init hdc client
[INFO] TDT(1758355,row_copy_reference):2026-09-25-19:59:35.097.521 [version_verify.cpp:37][SetVersionInfo][tid:1758355] VersionVerify: send client version to server
[INFO] TDT(1758355,row_copy_reference):2026-09-25-19:59:35.119.090 [version_verify.cpp:69][PeerVersionCheck][tid:1758355] VersionVerify: Check client version info, server[1230], client[1230]
[INFO] TDT(1758355,row_copy_reference):2026-09-25-19:59:35.119.113 [version_verify.cpp:90][ParseVersionInfo][tid:1758355] VersionVerify: pass client version info success
[INFO] TDT(1758355,row_copy_reference):2026-09-25-19:59:35.119.120 [hdc_client.cpp:273][CheckHdcConnection][tid:1758355] Service[2] create hdc successfully.
[INFO] TDT(1758355,row_copy_reference):2026-09-25-19:59:35.119.141 [version_verify.cpp:123][SpecialFeatureCheck][tid:1758355] VersionVerify: new type[64], supported
[INFO] TDT(1758355,row_copy_reference):2026-09-25-19:59:35.119.204 [process_mode_manager.cpp:711][GetDeviceCheckCodeOnce][tid:1758355] [TsdClient][deviceId=7] [sessionId=1] wait package info response
[INFO] TDT(1758355,row_copy_reference):2026-09-25-19:59:38.882.717 [process_mode_manager.cpp:1843][SendCommonPackage][tid:1758355] [TsdClient][deviceId_=7] package is not existed, skip send, packageType[6]
[INFO] TDT(1758355,row_copy_reference):2026-09-25-19:59:38.882.784 [process_mode_manager.cpp:1957][LoadDriverExtendPkg][tid:1758355] The device-sw-plugin package not found; skipping send to device.
[INFO] TDT(1758355,row_copy_reference):2026-09-25-19:59:38.882.818 [process_mode_manager.cpp:470][InitTsdClient][tid:1758355] [TsdClient] deviceId[7] begin to init hdc client
[INFO] TDT(1758355,row_copy_reference):2026-09-25-19:59:38.883.136 [version_verify.cpp:37][SetVersionInfo][tid:1758355] VersionVerify: send client version to server
[INFO] TDT(1758355,row_copy_reference):2026-09-25-19:59:38.889.704 [version_verify.cpp:69][PeerVersionCheck][tid:1758355] VersionVerify: Check client version info, server[1230], client[1230]
[INFO] TDT(1758355,row_copy_reference):2026-09-25-19:59:38.889.733 [version_verify.cpp:90][ParseVersionInfo][tid:1758355] VersionVerify: pass client version info success
[INFO] TDT(1758355,row_copy_reference):2026-09-25-19:59:38.889.747 [hdc_client.cpp:273][CheckHdcConnection][tid:1758355] Service[2] create hdc successfully.
[INFO] TDT(1758355,row_copy_reference):2026-09-25-19:59:38.889.787 [process_mode_manager.cpp:537][ConstructOpenMsg][tid:1758355] [TsdClient] tsd get process sign successfully, procpid[1758355] signSize[48]
[INFO] TDT(1758355,row_copy_reference):2026-09-25-19:59:38.889.815 [version_verify.cpp:115][SpecialFeatureCheck][tid:1758355] VersionVerify: previous type[6], supported
[INFO] TDT(1758355,row_copy_reference):2026-09-25-19:59:38.889.860 [process_mode_manager.cpp:98][OpenProcess][tid:1758355] [ProcessModeManager] deviceId[7] sessionId[1] rankSize[0], wait subprocess start response
[INFO] TDT(1758355,row_copy_reference):2026-09-25-19:59:40.060.395 [stub_process_mode_nowin.cpp:62][ProcessQueueForMdc][tid:1758355] [TsdClient] it is unnecessary for current mode[0] to grant queue auth to aicpusd
[INFO] TDT(1758355,row_copy_reference):2026-09-25-19:59:40.060.475 [stub_process_mode_nowin.cpp:101][OpenInHost][tid:1758355] enter into OpenInHost deviceid[7]
[INFO] TDT(1758355,row_copy_reference):2026-09-25-19:59:40.060.553 [client_manager.cpp:464][IsHostEnvironment][tid:1758355] [TsdClient] logicDeviceId[7], hostaicpunum[0]
[INFO] TDT(1758355,row_copy_reference):2026-09-25-19:59:40.060.569 [stub_process_mode_nowin.cpp:105][OpenInHost][tid:1758355] host cpu does not support
[INFO] TDT(1758355,row_copy_reference):2026-09-25-19:59:40.060.580 [process_mode_manager.cpp:123][OpenProcess][tid:1758355] [TsdClient][deviceId=7] [sessionId=1] start hccp and computer process success
[INFO] DRV(1758355,row_copy_reference):2026-09-25-19:59:40.060.764 [event_sched.c:1517][ascend][curpid:1758355,1758355][drv][event-sche][eschedDeviceOpen]The devId open success. (devId=7)
[INFO] DRV(1758355,row_copy_reference):2026-09-25-19:59:40.068.097 [devmm_svm.c:126][ascend][curpid:1758355,1758355][drv][devmm][devmm_setup_device]DrvMemDeviceOpen. (devid=7)
[INFO] DRV(1758355,row_copy_reference):2026-09-25-19:59:40.070.931 [devmm_virt_interface.c:450][ascend][curpid:1758355,1758355][drv][devmm][devmm_ioctl_init_process]Init_process details. (hostpid=1758355)
[INFO] DRV(1758355,row_copy_reference):2026-09-25-19:59:40.071.349 [drv_log_user.c:623][ascend][curpid:1758355,1758355][drv][devmm][share_log_read_in_single_module]Setup device succeeded. (logical_devid=7; devid=7; vfid=0; hostpid=1758355; devpid=17968)
[INFO] DRV(1758355,row_copy_reference):2026-09-25-19:59:40.071.369 [devmm_svm.c:112][ascend][curpid:1758355,1758355][drv][devmm][devmm_set_device_info]Device info. (devid=7; dvpp_size=17179869184; support_bar_mem=1; support_dev_read_only=1; support_dev_mem_map_host=1; support_bar_huge_mem=1; allocated_by_malloc=0; host_rw_dev_ro=1)
[INFO] DRV(1758355,row_copy_reference):2026-09-25-19:59:40.071.379 [devmm_svm.c:116][ascend][curpid:1758355,1758355][drv][devmm][devmm_set_device_info]Device info. (double_pgtable_offset=17592186044416; support_host_pin_pre_register=0; support_host_mem_pool=0; is_support_giant_page=1; support_remote_mmap=1)
[INFO] DRV(1758355,row_copy_reference):2026-09-25-19:59:40.071.783 [queue_interface.c:655][ascend][curpid:1758355,1758355][drv][queuemng][queueDeviceOpen]queue open finish. (devId=7)
[INFO] RUNTIME(1758355,row_copy_reference):2026-09-25-19:59:40.071.919 [raw_device.cc:520] 1758355 Init: isAddrFlat:0
[INFO] TDT(1758355,row_copy_reference):2026-09-25-19:59:40.073.466 [tsd_client.cpp:191][TsdCapabilityGet][tid:1758355] TsdCapabilityGet Begin.
[INFO] TDT(1758355,row_copy_reference):2026-09-25-19:59:40.073.487 [process_mode_manager.cpp:1019][CapabilityGet][tid:1758355] [ProcessModeManager] enter into CapabilityGet process deviceId[7] type[0].
[INFO] TDT(1758355,row_copy_reference):2026-09-25-19:59:40.073.504 [version_verify.cpp:115][SpecialFeatureCheck][tid:1758355] VersionVerify: previous type[38], supported
[INFO] TDT(1758355,row_copy_reference):2026-09-25-19:59:40.073.551 [process_mode_manager.cpp:1042][CapabilityGet][tid:1758355] [TsdClient][deviceId=7] [sessionId=1] [type=0]send capability successfully. 
[INFO] TDT(1758355,row_copy_reference):2026-09-25-19:59:40.073.752 [process_mode_msg_parse.cpp:198][PidQosMsgProc][tid:1758355] [TsdClient] PidQosMsgProc recvMsg realDeviceId[7] msgType[39] localDevId[7] rspCode[0],pidqos[1]
[INFO] TDT(1758355,row_copy_reference):2026-09-25-19:59:40.073.766 [process_mode_manager.cpp:1047][CapabilityGet][tid:1758355] [TsdClient][logicDeviceId_=7][type=0][pidQos=1][ret=0]recv capability response finished.
[INFO] RUNTIME(1758355,row_copy_reference):2026-09-25-19:59:40.073.777 [engine.cc:78] 1758355 Engine: Constructor.
[INFO] RUNTIME(1758355,row_copy_reference):2026-09-25-19:59:40.073.784 [stars_engine.cc:47] 1758355 StarsEngine: Constructor.
[INFO] RUNTIME(1758355,row_copy_reference):2026-09-25-19:59:40.206.404 [runtime.cc:6176] 1758355 CreateReportRasThread: Start report ras thread success!
[INFO] RUNTIME(1758355,row_copy_reference):2026-09-25-19:59:40.206.732 [npu_driver.cc:6953] 1758872 GetDeviceStatus: GetDeviceStatus status=1.
[INFO] ATRACE(1758355,row_copy_reference):2026-09-25-19:59:40.266.363 [tracer_mgr_operate.c:66](tid:1758355) create object RUNTIME_ATRACE_DEV7_TS0 successfully, exitSave(false), noLock(false).
[INFO] TDT(1758355,row_copy_reference):2026-09-25-19:59:40.266.427 [client_manager.cpp:203][SetProfilingCallback][tid:1758355] [TsdClient] set profiling callback successfully
[INFO] PROFILING(1758355,row_copy_reference):2026-09-25-19:59:40.276.888 [prof_atls_plugin.cpp:231] (tid:1758355) Module[69] register callback of ctrl handle.
[INFO] ATRACE(1758355,row_copy_reference):2026-09-25-19:59:40.407.674 [tracer_mgr_operate.c:248](tid:1758355) destroy object RUNTIME_ATRACE_DEV7_TS0, exitSave(false).
[INFO] RUNTIME(1758355,row_copy_reference):2026-09-25-19:59:40.520.807 [stars_engine.cc:55] 1758355 ~StarsEngine: Destructor.
[INFO] RUNTIME(1758355,row_copy_reference):2026-09-25-19:59:40.520.844 [engine.cc:84] 1758355 ~Engine: Destructor.
[INFO] DRV(1758355,row_copy_reference):2026-09-25-19:59:40.520.876 [queue_interface.c:662][ascend][curpid:1758355,1758355][drv][queuemng][queueDeviceClose]queue close finish. (devId=7)
[INFO] DRV(1758355,row_copy_reference):2026-09-25-19:59:40.520.884 [devmm_svm.c:2345][ascend][curpid:1758355,1758355][drv][devmm][drvMemDeviceCloseInner]DrvMemDeviceClose. (devid=7)
[INFO] DRV(1758355,row_copy_reference):2026-09-25-19:59:40.520.893 [svm_mem_statistics.c:146][ascend][curpid:1758355,1758355][drv][devmm][_svm_mem_stats_show]HOST_MEM Mem stats (Bytes). (module_name=RUNTIME; module_id=7; current_alloced_size=0; allocated_peak_size=11341824; alloc_cnt=3; free_cnt=3)
[INFO] DRV(1758355,row_copy_reference):2026-09-25-19:59:40.520.899 [svm_mem_statistics.c:152][ascend][curpid:1758355,1758355][drv][devmm][_svm_mem_stats_show]HOST_MEM Cached_size:12582912Bytes
[INFO] DRV(1758355,row_copy_reference):2026-09-25-19:59:40.520.905 [svm_mem_statistics.c:146][ascend][curpid:1758355,1758355][drv][devmm][_svm_mem_stats_show]MEM_DEV_SMALL_HBM dev7 Mem stats (Bytes). (module_name=RUNTIME; module_id=7; current_alloced_size=0; allocated_peak_size=77824; alloc_cnt=4; free_cnt=4)
[INFO] DRV(1758355,row_copy_reference):2026-09-25-19:59:40.520.910 [svm_mem_statistics.c:146][ascend][curpid:1758355,1758355][drv][devmm][_svm_mem_stats_show]MEM_DEV_SMALL_HBM dev7 Mem stats (Bytes). (module_name=APP; module_id=33; current_alloced_size=0; allocated_peak_size=12288; alloc_cnt=3; free_cnt=3)
[INFO] DRV(1758355,row_copy_reference):2026-09-25-19:59:40.520.915 [svm_mem_statistics.c:152][ascend][curpid:1758355,1758355][drv][devmm][_svm_mem_stats_show]MEM_DEV_SMALL_HBM dev7 Cached_size:2097152Bytes
[INFO] DRV(1758355,row_copy_reference):2026-09-25-19:59:40.520.919 [svm_mem_statistics.c:146][ascend][curpid:1758355,1758355][drv][devmm][_svm_mem_stats_show]MEM_DEV_SMALL_DDR dev7 Mem stats (Bytes). (module_name=UNKNOWN; module_id=0; current_alloced_size=0; allocated_peak_size=4096; alloc_cnt=1; free_cnt=1)
[INFO] DRV(1758355,row_copy_reference):2026-09-25-19:59:40.520.924 [svm_mem_statistics.c:146][ascend][curpid:1758355,1758355][drv][devmm][_svm_mem_stats_show]MEM_DEV_SMALL_DDR dev7 Mem stats (Bytes). (module_name=RUNTIME; module_id=7; current_alloced_size=0; allocated_peak_size=16384; alloc_cnt=1; free_cnt=1)
[INFO] DRV(1758355,row_copy_reference):2026-09-25-19:59:40.520.930 [svm_mem_statistics.c:152][ascend][curpid:1758355,1758355][drv][devmm][_svm_mem_stats_show]MEM_DEV_SMALL_DDR dev7 Cached_size:2097152Bytes
[INFO] DRV(1758355,row_copy_reference):2026-09-25-19:59:40.520.937 [svm_mem_statistics.c:146][ascend][curpid:1758355,1758355][drv][devmm][_svm_mem_stats_show]MEM_DEV_HUGE_HBM dev7 Mem stats (Bytes). (module_name=RUNTIME; module_id=7; current_alloced_size=0; allocated_peak_size=20971520; alloc_cnt=6; free_cnt=6)
[INFO] DRV(1758355,row_copy_reference):2026-09-25-19:59:40.520.942 [svm_mem_statistics.c:152][ascend][curpid:1758355,1758355][drv][devmm][_svm_mem_stats_show]MEM_DEV_HUGE_HBM dev7 Cached_size:20971520Bytes
[INFO] DRV(1758355,row_copy_reference):2026-09-25-19:59:40.520.946 [svm_mem_statistics.c:146][ascend][curpid:1758355,1758355][drv][devmm][_svm_mem_stats_show]MEM_DEV_HUGE_DDR dev7 Mem stats (Bytes). (module_name=RUNTIME; module_id=7; current_alloced_size=0; allocated_peak_size=2097152; alloc_cnt=1; free_cnt=1)
[INFO] DRV(1758355,row_copy_reference):2026-09-25-19:59:40.520.951 [svm_mem_statistics.c:152][ascend][curpid:1758355,1758355][drv][devmm][_svm_mem_stats_show]MEM_DEV_HUGE_DDR dev7 Cached_size:2097152Bytes
[INFO] DRV(1758355,row_copy_reference):2026-09-25-19:59:40.520.955 [svm_mem_statistics.c:146][ascend][curpid:1758355,1758355][drv][devmm][_svm_mem_stats_show]MEM_DEV_HUGE_P2P_HBM dev7 Mem stats (Bytes). (module_name=RUNTIME; module_id=7; current_alloced_size=0; allocated_peak_size=4194304; alloc_cnt=1; free_cnt=1)
[INFO] DRV(1758355,row_copy_reference):2026-09-25-19:59:40.520.960 [svm_mem_statistics.c:152][ascend][curpid:1758355,1758355][drv][devmm][_svm_mem_stats_show]MEM_DEV_HUGE_P2P_HBM dev7 Cached_size:4194304Bytes
[INFO] DRV(1758355,row_copy_reference):2026-09-25-19:59:40.547.004 [drv_log_user.c:623][ascend][curpid:1758355,1758355][drv][devmm][share_log_read_in_single_module]Close logical_device. (logical_devid=7; phyid=7; vfid=0; hostpid=1758355; devpid=17968)
[INFO] DRV(1758355,row_copy_reference):2026-09-25-19:59:40.548.451 [event_sched.c:1496][ascend][curpid:1758355,1758355][drv][event-sche][eschedDeviceClose]The devId close success. (devId=7)
[INFO] TDT(1758355,row_copy_reference):2026-09-25-19:59:40.548.498 [process_mode_manager.cpp:1916][ParseTsdCloseFlag][tid:1758355] Parse tsd close flag [0]
[INFO] TDT(1758355,row_copy_reference):2026-09-25-19:59:40.548.508 [process_mode_manager.cpp:156][Close][tid:1758355] [TsdClient] Close [deviceId=7][sessionId=1] hccp and computer enter
[INFO] TDT(1758355,row_copy_reference):2026-09-25-19:59:40.548.520 [version_verify.cpp:115][SpecialFeatureCheck][tid:1758355] VersionVerify: previous type[7], supported
[INFO] TDT(1758355,row_copy_reference):2026-09-25-19:59:40.548.574 [process_mode_manager.cpp:160][Close][tid:1758355] [TsdClient][deviceId=7] [sessionId=1] wait hccp and computer process close response
[INFO] TDT(1758355,row_copy_reference):2026-09-25-19:59:40.713.600 [process_mode_manager.cpp:163][Close][tid:1758355] [TsdClient][logicDeviceId_=7]has recv close hccp and computer process response
[INFO] TDT(1758355,row_copy_reference):2026-09-25-19:59:40.713.630 [stub_process_mode_nowin.cpp:144][CloseInHost][tid:1758355] enter into CloseInHost deviceid[7]
[INFO] TDT(1758355,row_copy_reference):2026-09-25-19:59:40.713.691 [client_manager.cpp:464][IsHostEnvironment][tid:1758355] [TsdClient] logicDeviceId[7], hostaicpunum[0]
[INFO] TDT(1758355,row_copy_reference):2026-09-25-19:59:40.713.706 [stub_process_mode_nowin.cpp:147][CloseInHost][tid:1758355] host cpu does not support
[INFO] TDT(1758355,row_copy_reference):2026-09-25-19:59:40.713.823 [process_mode_manager.cpp:181][Close][tid:1758355] [TsdClient][deviceId=7] [sessionId=1] close hccp and computer process success
[INFO] ATRACE(1758355,row_copy_reference):2026-09-25-19:59:40.714.294 [atrace_client_core.c:176](tid:1758355) stop to receive device[7] trace log.
[INFO] ASCENDCL(1758355,row_copy_reference):2026-09-25-19:59:41.681.822 [resource_statistics.cpp:113]1758355 TraverseStatistics: The ResourceType:ACL_STATISTICS_MALLOC_FREE, applyTotal = 3, applySucc = 3, releaseTotal = 4, releaseSucc = 4
[INFO] ASCENDCL(1758355,row_copy_reference):2026-09-25-19:59:41.681.856 [resource_statistics.cpp:113]1758355 TraverseStatistics: The ResourceType:ACL_STATISTICS_MALLOC_FREE_HOST, applyTotal = 0, applySucc = 0, releaseTotal = 0, releaseSucc = 0
[INFO] ASCENDCL(1758355,row_copy_reference):2026-09-25-19:59:41.681.872 [resource_statistics.cpp:113]1758355 TraverseStatistics: The ResourceType:ACL_STATISTICS_CREATE_DESTROY_CONTEXT, applyTotal = 0, applySucc = 0, releaseTotal = 0, releaseSucc = 0
[INFO] ASCENDCL(1758355,row_copy_reference):2026-09-25-19:59:41.681.877 [resource_statistics.cpp:113]1758355 TraverseStatistics: The ResourceType:ACL_STATISTICS_SET_RESET_DEVICE, applyTotal = 1, applySucc = 1, releaseTotal = 1, releaseSucc = 1
[INFO] ASCENDCL(1758355,row_copy_reference):2026-09-25-19:59:41.681.881 [resource_statistics.cpp:113]1758355 TraverseStatistics: The ResourceType:ACL_STATISTICS_CREATE_DESTROY_EVENT, applyTotal = 0, applySucc = 0, releaseTotal = 0, releaseSucc = 0
[INFO] ASCENDCL(1758355,row_copy_reference):2026-09-25-19:59:41.681.885 [resource_statistics.cpp:113]1758355 TraverseStatistics: The ResourceType:ACL_STATISTICS_CREATE_DESTROY_STREAM, applyTotal = 1, applySucc = 1, releaseTotal = 1, releaseSucc = 1
[INFO] ASCENDCL(1758355,row_copy_reference):2026-09-25-19:59:41.681.890 [resource_statistics.cpp:113]1758355 TraverseStatistics: The ResourceType:ACL_STATISTICS_DVPP_MALLOC_FREE, applyTotal = 0, applySucc = 0, releaseTotal = 0, releaseSucc = 0
[INFO] ASCENDCL(1758355,row_copy_reference):2026-09-25-19:59:41.681.893 [resource_statistics.cpp:113]1758355 TraverseStatistics: The ResourceType:ACL_STATISTICS_RECORD_RESET_EVENT, applyTotal = 0, applySucc = 0, releaseTotal = 0, releaseSucc = 0
[INFO] ASCENDCL(1758355,row_copy_reference):2026-09-25-19:59:41.681.897 [resource_statistics.cpp:113]1758355 TraverseStatistics: The ResourceType:ACL_STATISTICS_CREATE_DESTROY_DATA_BUFFER, applyTotal = 0, applySucc = 0, releaseTotal = 0, releaseSucc = 0
[INFO] ASCENDCL(1758355,row_copy_reference):2026-09-25-19:59:41.681.900 [resource_statistics.cpp:113]1758355 TraverseStatistics: The ResourceType:ACL_STATISTICS_CREATE_DESTROY_TENSOR_DESC, applyTotal = 0, applySucc = 0, releaseTotal = 0, releaseSucc = 0
[INFO] ASCENDCL(1758355,row_copy_reference):2026-09-25-19:59:41.681.903 [resource_statistics.cpp:113]1758355 TraverseStatistics: The ResourceType:ACL_STATISTICS_CREATE_DESTROY_DESC, applyTotal = 0, applySucc = 0, releaseTotal = 0, releaseSucc = 0
[INFO] ASCENDCL(1758355,row_copy_reference):2026-09-25-19:59:41.681.907 [resource_statistics.cpp:113]1758355 TraverseStatistics: The ResourceType:ACL_STATISTICS_CREATE_DESTROY_DATASET, applyTotal = 0, applySucc = 0, releaseTotal = 0, releaseSucc = 0
[INFO] ASCENDCL(1758355,row_copy_reference):2026-09-25-19:59:41.681.911 [resource_statistics.cpp:113]1758355 TraverseStatistics: The ResourceType:ACL_STATISTICS_CREATE_LOAD_UNLOAD_MODEL, applyTotal = 0, applySucc = 0, releaseTotal = 0, releaseSucc = 0
[INFO] ASCENDCL(1758355,row_copy_reference):2026-09-25-19:59:41.681.914 [resource_statistics.cpp:113]1758355 TraverseStatistics: The ResourceType:ACL_STATISTICS_CREATE_DESTROY_AIPP, applyTotal = 0, applySucc = 0, releaseTotal = 0, releaseSucc = 0
[INFO] ASCENDCL(1758355,row_copy_reference):2026-09-25-19:59:41.681.917 [resource_statistics.cpp:113]1758355 TraverseStatistics: The ResourceType:ACL_STATISTICS_CREATE_DESTROY_ATTR, applyTotal = 0, applySucc = 0, releaseTotal = 0, releaseSucc = 0
[INFO] ASCENDCL(1758355,row_copy_reference):2026-09-25-19:59:41.681.921 [resource_statistics.cpp:113]1758355 TraverseStatistics: The ResourceType:ACL_STATISTICS_CREATE_DESTROY_HANDLE, applyTotal = 0, applySucc = 0, releaseTotal = 0, releaseSucc = 0
[INFO] ASCENDCL(1758355,row_copy_reference):2026-09-25-19:59:41.681.937 [resource_statistics.cpp:113]1758355 TraverseStatistics: The ResourceType:ACL_STATISTICS_CREATE_DESTROY_DVPP_CHANNEL_DESC, applyTotal = 0, applySucc = 0, releaseTotal = 0, releaseSucc = 0
[INFO] ASCENDCL(1758355,row_copy_reference):2026-09-25-19:59:41.681.941 [resource_statistics.cpp:113]1758355 TraverseStatistics: The ResourceType:ACL_STATISTICS_CREATE_DESTROY_DVPP_PIC_DESC, applyTotal = 0, applySucc = 0, releaseTotal = 0, releaseSucc = 0
[INFO] ASCENDCL(1758355,row_copy_reference):2026-09-25-19:59:41.681.944 [resource_statistics.cpp:113]1758355 TraverseStatistics: The ResourceType:ACL_STATISTICS_CREATE_DESTROY_DVPP_ROI_CONFIG, applyTotal = 0, applySucc = 0, releaseTotal = 0, releaseSucc = 0
[INFO] ASCENDCL(1758355,row_copy_reference):2026-09-25-19:59:41.681.959 [resource_statistics.cpp:113]1758355 TraverseStatistics: The ResourceType:ACL_STATISTICS_CREATE_DESTROY_DVPP_RESIZE_CONFIG, applyTotal = 0, applySucc = 0, releaseTotal = 0, releaseSucc = 0
[INFO] ASCENDCL(1758355,row_copy_reference):2026-09-25-19:59:41.681.971 [resource_statistics.cpp:113]1758355 TraverseStatistics: The ResourceType:ACL_STATISTICS_CREATE_DESTROY_DVPP_JPEGE_CONFIG, applyTotal = 0, applySucc = 0, releaseTotal = 0, releaseSucc = 0
[INFO] ASCENDCL(1758355,row_copy_reference):2026-09-25-19:59:41.681.975 [resource_statistics.cpp:113]1758355 TraverseStatistics: The ResourceType:ACL_STATISTICS_CREATE_DESTROY_VDEC_CHANNEL_DESC, applyTotal = 0, applySucc = 0, releaseTotal = 0, releaseSucc = 0
[INFO] ASCENDCL(1758355,row_copy_reference):2026-09-25-19:59:41.681.978 [resource_statistics.cpp:113]1758355 TraverseStatistics: The ResourceType:ACL_STATISTICS_CREATE_DESTROY_VENC_CHANNEL_DESC, applyTotal = 0, applySucc = 0, releaseTotal = 0, releaseSucc = 0
[INFO] ASCENDCL(1758355,row_copy_reference):2026-09-25-19:59:41.681.982 [resource_statistics.cpp:113]1758355 TraverseStatistics: The ResourceType:ACL_STATISTICS_CREATE_DESTROY_DVPP_STREAM_DESC, applyTotal = 0, applySucc = 0, releaseTotal = 0, releaseSucc = 0
[INFO] ASCENDCL(1758355,row_copy_reference):2026-09-25-19:59:41.681.986 [resource_statistics.cpp:113]1758355 TraverseStatistics: The ResourceType:ACL_STATISTICS_CREATE_DESTROY_VDEC_FRAME_CONFIG, applyTotal = 0, applySucc = 0, releaseTotal = 0, releaseSucc = 0
[INFO] ASCENDCL(1758355,row_copy_reference):2026-09-25-19:59:41.681.989 [resource_statistics.cpp:113]1758355 TraverseStatistics: The ResourceType:ACL_STATISTICS_CREATE_DESTROY_VENC_FRAME_CONFIG, applyTotal = 0, applySucc = 0, releaseTotal = 0, releaseSucc = 0
[INFO] ASCENDCL(1758355,row_copy_reference):2026-09-25-19:59:41.681.992 [resource_statistics.cpp:113]1758355 TraverseStatistics: The ResourceType:ACL_STATISTICS_CREATE_DESTROY_DVPP_CHANNEL, applyTotal = 0, applySucc = 0, releaseTotal = 0, releaseSucc = 0
[INFO] ASCENDCL(1758355,row_copy_reference):2026-09-25-19:59:41.681.996 [resource_statistics.cpp:113]1758355 TraverseStatistics: The ResourceType:ACL_STATISTICS_CREATE_DESTROY_VDEC_CHANNEL, applyTotal = 0, applySucc = 0, releaseTotal = 0, releaseSucc = 0
[INFO] ASCENDCL(1758355,row_copy_reference):2026-09-25-19:59:41.681.999 [resource_statistics.cpp:113]1758355 TraverseStatistics: The ResourceType:ACL_STATISTICS_CREATE_DESTROY_VENC_CHANNEL, applyTotal = 0, applySucc = 0, releaseTotal = 0, releaseSucc = 0
[INFO] ASCENDCL(1758355,row_copy_reference):2026-09-25-19:59:41.682.002 [resource_statistics.cpp:113]1758355 TraverseStatistics: The ResourceType:ACL_STATISTICS_CREATE_DESTROY_DVPP_BATCH_PIC_DESC, applyTotal = 0, applySucc = 0, releaseTotal = 0, releaseSucc = 0
[INFO] ASCENDCL(1758355,row_copy_reference):2026-09-25-19:59:41.682.006 [resource_statistics.cpp:113]1758355 TraverseStatistics: The ResourceType:ACL_STATISTICS_CREATE_DESTROY_GROUP_INFO, applyTotal = 0, applySucc = 0, releaseTotal = 0, releaseSucc = 0
[INFO] ASCENDCL(1758355,row_copy_reference):2026-09-25-19:59:41.682.010 [resource_statistics.cpp:113]1758355 TraverseStatistics: The ResourceType:ACL_STATISTICS_CREATE_DESTROY_PROF_CONFIG, applyTotal = 0, applySucc = 0, releaseTotal = 0, releaseSucc = 0
[INFO] ASCENDCL(1758355,row_copy_reference):2026-09-25-19:59:41.682.013 [resource_statistics.cpp:113]1758355 TraverseStatistics: The ResourceType:ACL_STATISTICS_CREATE_DESTROY_PROF_SUB_CONFIG, applyTotal = 0, applySucc = 0, releaseTotal = 0, releaseSucc = 0
[INFO] ASCENDCL(1758355,row_copy_reference):2026-09-25-19:59:41.682.017 [resource_statistics.cpp:113]1758355 TraverseStatistics: The ResourceType:ACL_STATISTICS_CREATE_DESTROY_MODEL_CONFIG, applyTotal = 0, applySucc = 0, releaseTotal = 0, releaseSucc = 0
[INFO] ASCENDCL(1758355,row_copy_reference):2026-09-25-19:59:41.682.020 [resource_statistics.cpp:113]1758355 TraverseStatistics: The ResourceType:ACL_STATISTICS_CREATE_DESTROY_QUEUE_ID, applyTotal = 0, applySucc = 0, releaseTotal = 0, releaseSucc = 0
[INFO] ASCENDCL(1758355,row_copy_reference):2026-09-25-19:59:41.682.023 [resource_statistics.cpp:113]1758355 TraverseStatistics: The ResourceType:ACL_STATISTICS_CREATE_DESTROY_QUEUE_ATTR, applyTotal = 0, applySucc = 0, releaseTotal = 0, releaseSucc = 0
[INFO] ASCENDCL(1758355,row_copy_reference):2026-09-25-19:59:41.682.027 [resource_statistics.cpp:113]1758355 TraverseStatistics: The ResourceType:ACL_STATISTICS_CREATE_DESTROY_QUEUE_ROUTE, applyTotal = 0, applySucc = 0, releaseTotal = 0, releaseSucc = 0
[INFO] ASCENDCL(1758355,row_copy_reference):2026-09-25-19:59:41.682.030 [resource_statistics.cpp:113]1758355 TraverseStatistics: The ResourceType:ACL_STATISTICS_CREATE_DESTROY_QUEUE_ROUTE_LIST, applyTotal = 0, applySucc = 0, releaseTotal = 0, releaseSucc = 0
[INFO] ASCENDCL(1758355,row_copy_reference):2026-09-25-19:59:41.682.034 [resource_statistics.cpp:113]1758355 TraverseStatistics: The ResourceType:ACL_STATISTICS_CREATE_DESTROY_QUEUE_ROUTE_QUERY, applyTotal = 0, applySucc = 0, releaseTotal = 0, releaseSucc = 0
[INFO] ASCENDCL(1758355,row_copy_reference):2026-09-25-19:59:41.682.037 [resource_statistics.cpp:113]1758355 TraverseStatistics: The ResourceType:ACL_STATISTICS_CREATE_DESTROY_MBUF, applyTotal = 0, applySucc = 0, releaseTotal = 0, releaseSucc = 0
[INFO] ASCENDCL(1758355,row_copy_reference):2026-09-25-19:59:41.682.041 [resource_statistics.cpp:113]1758355 TraverseStatistics: The ResourceType:ACL_STATISTICS_CREATE_DESTROY_GRAPH_DUMP_OPTION, applyTotal = 0, applySucc = 0, releaseTotal = 0, releaseSucc = 0
[INFO] ASCENDCL(1758355,row_copy_reference):2026-09-25-19:59:41.682.044 [resource_statistics.cpp:113]1758355 TraverseStatistics: The ResourceType:ACL_STATISTICS_CREATE_DESTROY_ALLOCATOR_DESC, applyTotal = 0, applySucc = 0, releaseTotal = 0, releaseSucc = 0
[INFO] ASCENDCL(1758355,row_copy_reference):2026-09-25-19:59:41.682.047 [resource_statistics.cpp:113]1758355 TraverseStatistics: The ResourceType:ACL_STATISTICS_CREATE_DESTROY_ALLOCATOR_BINARY_DESC, applyTotal = 0, applySucc = 0, releaseTotal = 0, releaseSucc = 0
[INFO] ASCENDCL(1758355,row_copy_reference):2026-09-25-19:59:41.682.051 [resource_statistics.cpp:113]1758355 TraverseStatistics: The ResourceType:ACL_STATISTICS_RESERVE_RELEASE_MEMORY_ADDRESS, applyTotal = 0, applySucc = 0, releaseTotal = 0, releaseSucc = 0
[INFO] ASCENDCL(1758355,row_copy_reference):2026-09-25-19:59:41.682.054 [resource_statistics.cpp:113]1758355 TraverseStatistics: The ResourceType:ACL_STATISTICS_MALLOC_FREE_PHYSICAL_MEMORY, applyTotal = 0, applySucc = 0, releaseTotal = 0, releaseSucc = 0
[INFO] ASCENDCL(1758355,row_copy_reference):2026-09-25-19:59:41.682.057 [resource_statistics.cpp:113]1758355 TraverseStatistics: The ResourceType:ACL_STATISTICS_MAP_UNMAP_MEMORY, applyTotal = 0, applySucc = 0, releaseTotal = 0, releaseSucc = 0
[INFO] ASCENDCL(1758355,row_copy_reference):2026-09-25-19:59:41.682.061 [resource_statistics.cpp:113]1758355 TraverseStatistics: The ResourceType:ACL_STATISTICS_LOAD_UNLOAD_BINARY, applyTotal = 0, applySucc = 0, releaseTotal = 0, releaseSucc = 0
[EVENT] PROFILING(1758355,row_copy_reference):2026-09-25-19:59:41.682.101 [msprof_callback_impl.cpp:111] >>> (tid:1758355) MsprofCtrlCallback called, type: 3
[EVENT] PROFILING(1758355,row_copy_reference):2026-09-25-19:59:41.682.125 [ai_drv_dev_api.cpp:333] >>> (tid:1758355) Succeeded to DrvGetApiVersion version: 0x72318
[INFO] ATRACE(1758355,row_copy_reference):2026-09-25-19:59:42.064.147 [atrace_client_core.c:127](tid:1758511) atrace receive thread exited, devId=7.
[INFO] RUNTIME(1758355,row_copy_reference):2026-09-25-19:59:42.188.929 [runtime.cc:1667] 1758355 ~Runtime: runtime destructor.
[INFO] RUNTIME(1758355,row_copy_reference):2026-09-25-19:59:42.241.909 [runtime.cc:6218] 1758873 ReportRasRun: Report ras thread exits normally!
[INFO] RUNTIME(1758355,row_copy_reference):2026-09-25-19:59:42.242.146 [runtime.cc:6186] 1758355 DestroyReportRasThread: Join report ras thread OK.
[INFO] RUNTIME(1758355,row_copy_reference):2026-09-25-19:59:42.242.183 [runtime.cc:1755] 1758355 WaitMonitorExit: wait monitor success, used count=0.
[INFO] RUNTIME(1758355,row_copy_reference):2026-09-25-19:59:42.364.066 [task_fail_callback_data_manager.cc:93] 1758355 ~TaskFailCallBackManager: Destructor.
[INFO] ATRACE(1758355,row_copy_reference):2026-09-25-19:59:42.365.985 [stacktrace_signal.c:194](tid:1758355) unregister all signal handlers, can not capture signal.
NPU_PROBE PASS device=7 rows=2 D=256 elements=512 exact=1
[INFO] RUNTIME(1759061,row_copy_reference):2026-09-25-19:59:42.789.726 [task_fail_callback_data_manager.cc:88] 1759061 TaskFailCallBackManager: Constructor.
[EVENT] PROFILING(1759061,row_copy_reference):2026-09-25-19:59:42.879.825 [msprof_callback_impl.cpp:359] >>> (tid:1759061) Started to register profiling ctrl callback.
[EVENT] PROFILING(1759061,row_copy_reference):2026-09-25-19:59:42.879.991 [msprof_callback_impl.cpp:366] >>> (tid:1759061) Started to register profiling hash id callback.
[INFO] PROFILING(1759061,row_copy_reference):2026-09-25-19:59:42.880.001 [prof_atls_plugin.cpp:118] (tid:1759061) RegisterProfileCallback, callback type is 7
[EVENT] PROFILING(1759061,row_copy_reference):2026-09-25-19:59:42.880.007 [msprof_callback_impl.cpp:373] >>> (tid:1759061) Started to register profiling enable host freq callback.
[INFO] PROFILING(1759061,row_copy_reference):2026-09-25-19:59:42.880.011 [prof_atls_plugin.cpp:118] (tid:1759061) RegisterProfileCallback, callback type is 8
[EVENT] PROFILING(1759061,row_copy_reference):2026-09-25-19:59:42.880.015 [msprof_callback_impl.cpp:380] >>> (tid:1759061) Started to register profiling typeId callback.
[INFO] PROFILING(1759061,row_copy_reference):2026-09-25-19:59:42.880.019 [prof_atls_plugin.cpp:118] (tid:1759061) RegisterProfileCallback, callback type is 6
[INFO] PROFILING(1759061,row_copy_reference):2026-09-25-19:59:42.910.170 [prof_atls_plugin.cpp:231] (tid:1759061) Module[45] register callback of ctrl handle.
[INFO] GE(1759061,row_copy_reference):2026-09-25-19:59:43.472.475 [op_tiling_manager.cc:109]1759061 ~FuncPerfScope:[GEPERFTRACE] The time cost of OpTilingManager::LoadSo is [562248] micro seconds.
[INFO] PROFILING(1759061,row_copy_reference):2026-09-25-19:59:43.541.127 [prof_atls_plugin.cpp:231] (tid:1759061) Module[6] register callback of ctrl handle.
[INFO] RUNTIME(1759061,row_copy_reference):2026-09-25-19:59:44.569.801 [runtime_keeper.cc:158] 1759061 CreateRuntimeImpl: Open libruntime_v100.so successfully
[INFO] RUNTIME(1759061,row_copy_reference):2026-09-25-19:59:44.570.103 [runtime.cc:5638] 1759061 GetVisibleDevices: ASCEND_RT_VISIBLE_DEVICES param was not set
[INFO] TDT(1759061,row_copy_reference):2026-09-25-19:59:44.573.298 [package_worker_factory.cpp:40][RegisterPackageWorkerCreator][tid:1759061] Register[4] package worker was created successfully
[INFO] TDT(1759061,row_copy_reference):2026-09-25-19:59:44.573.394 [package_worker_factory.cpp:40][RegisterPackageWorkerCreator][tid:1759061] Register[6] package worker was created successfully
[INFO] TDT(1759061,row_copy_reference):2026-09-25-19:59:44.573.440 [package_worker_factory.cpp:40][RegisterPackageWorkerCreator][tid:1759061] Register[5] package worker was created successfully
[INFO] TDT(1759061,row_copy_reference):2026-09-25-19:59:44.573.452 [package_worker_factory.cpp:40][RegisterPackageWorkerCreator][tid:1759061] Register[0] package worker was created successfully
[INFO] TDT(1759061,row_copy_reference):2026-09-25-19:59:44.573.459 [package_worker_factory.cpp:40][RegisterPackageWorkerCreator][tid:1759061] Register[1] package worker was created successfully
[INFO] TDT(1759061,row_copy_reference):2026-09-25-19:59:44.573.476 [package_worker_factory.cpp:40][RegisterPackageWorkerCreator][tid:1759061] Register[8] package worker was created successfully
[INFO] TDT(1759061,row_copy_reference):2026-09-25-19:59:44.573.486 [package_worker_factory.cpp:40][RegisterPackageWorkerCreator][tid:1759061] Register[2] package worker was created successfully
[INFO] TDT(1759061,row_copy_reference):2026-09-25-19:59:44.573.491 [package_worker_factory.cpp:40][RegisterPackageWorkerCreator][tid:1759061] Register[3] package worker was created successfully
[INFO] PROFILING(1759061,row_copy_reference):2026-09-25-19:59:44.573.949 [prof_atls_plugin.cpp:231] (tid:1759061) Module[7] register callback of ctrl handle.
[INFO] PROFILING(1759061,row_copy_reference):2026-09-25-19:59:44.574.081 [prof_atls_plugin.cpp:231] (tid:1759061) Module[48] register callback of ctrl handle.
[EVENT] PROFILING(1759061,row_copy_reference):2026-09-25-19:59:44.574.103 [msprof_callback_impl.cpp:111] >>> (tid:1759061) MsprofCtrlCallback called, type: 255
[EVENT] PROFILING(1759061,row_copy_reference):2026-09-25-19:59:44.574.422 [ai_drv_dev_api.cpp:333] >>> (tid:1759061) Succeeded to DrvGetApiVersion version: 0x72318
[INFO] ASCENDCL(1759061,row_copy_reference):2026-09-25-19:59:44.574.798 [acl.cpp:253]1759061 GetAllPackageVersion: Version of runtime package is 8.5.0.alpha002
[INFO] ASCENDCL(1759061,row_copy_reference):2026-09-25-19:59:44.574.844 [acl.cpp:253]1759061 GetAllPackageVersion: Version of runtime package is 8.5.0.alpha002
[INFO] ASCENDCL(1759061,row_copy_reference):2026-09-25-19:59:44.574.890 [acl.cpp:253]1759061 GetAllPackageVersion: Version of compiler package is 8.5.0.alpha002
[INFO] ASCENDCL(1759061,row_copy_reference):2026-09-25-19:59:44.574.935 [acl.cpp:253]1759061 GetAllPackageVersion: Version of hccl package is 8.5.0.alpha002
[INFO] ASCENDCL(1759061,row_copy_reference):2026-09-25-19:59:44.574.977 [acl.cpp:253]1759061 GetAllPackageVersion: Version of toolkit package is 8.5.0.alpha002
[INFO] ASCENDCL(1759061,row_copy_reference):2026-09-25-19:59:44.575.019 [acl.cpp:253]1759061 GetAllPackageVersion: Version of opp package is 8.5.0.alpha002
[INFO] ASCENDCL(1759061,row_copy_reference):2026-09-25-19:59:44.575.061 [acl.cpp:253]1759061 GetAllPackageVersion: Version of opp_kernel package is 8.5.0.alpha002
[INFO] ASCENDCL(1759061,row_copy_reference):2026-09-25-19:59:44.575.133 [acl.cpp:253]1759061 GetAllPackageVersion: Version of driver package is 25.0.rc1.1
[INFO] ATRACE(1759061,row_copy_reference):2026-09-25-19:59:44.581.367 [atrace_client_core.c:160](tid:1759061) start to receive device[7] trace log.
[INFO] ASCENDCL(1759061,row_copy_reference):2026-09-25-19:59:44.581.397 [acl_resource_manager.cpp:133]1759061 GetRuntimeV2Env: runtime v2 flag : model flag = 1, singleOp flag = 1
[INFO] TDT(1759061,row_copy_reference):2026-09-25-19:59:44.581.495 [client_manager.cpp:464][IsHostEnvironment][tid:1759061] [TsdClient] logicDeviceId[7], hostaicpunum[0]
[INFO] TDT(1759061,row_copy_reference):2026-09-25-19:59:44.581.507 [client_manager.cpp:493][GetClientRunMode][tid:1759061] runMode:0
[INFO] TDT(1759061,row_copy_reference):2026-09-25-19:59:44.581.513 [client_manager.cpp:133][GetInstance][tid:1759061] [ClientManager] Current mode:1
[INFO] TDT(1759061,row_copy_reference):2026-09-25-19:59:44.581.533 [process_mode_base.cpp:152][GetLogLevel][tid:1759061] [TsdClient] get ASCEND_GLOBAL_LOG_LEVEL [] ASCEND_GLOBAL_EVENT_ENABLE [] ASCEND_MODULE_LOG_LEVEL []
[INFO] TDT(1759061,row_copy_reference):2026-09-25-19:59:44.581.615 [process_mode_manager.cpp:79][OpenProcess][tid:1759061] [ProcessModeManager] enter into open process deviceId[7] rankSize[0]
[INFO] TDT(1759061,row_copy_reference):2026-09-25-19:59:44.581.941 [client_manager.cpp:290][CheckPackageExistsOnce][tid:1759061] [TsdClient][deviceId=7] set package path[/usr/local/Ascend/ascend-toolkit/latest/opp/Ascend/aicpu/], package name[Ascend-aicpu_syskernels.tar.gz], packageType[0]
[INFO] TDT(1759061,row_copy_reference):2026-09-25-19:59:44.582.202 [client_manager.cpp:290][CheckPackageExistsOnce][tid:1759061] [TsdClient][deviceId=7] set package path[/usr/local/Ascend/ascend-toolkit/latest/opp/Ascend/aicpu/], package name[Ascend-aicpu_extend_syskernels.tar.gz], packageType[1]
[INFO] TDT(1759061,row_copy_reference):2026-09-25-19:59:44.582.359 [client_manager.cpp:279][CheckPackageExistsOnce][tid:1759061] [TsdClient][deviceId=7] pkg size[0] in path[/usr/local/Ascend/ascend-toolkit/latest/opp/built-in/] must be only one, skip send package, packageType[6]
[INFO] TDT(1759061,row_copy_reference):2026-09-25-19:59:44.582.458 [process_mode_manager.cpp:470][InitTsdClient][tid:1759061] [TsdClient] deviceId[7] begin to init hdc client
[INFO] TDT(1759061,row_copy_reference):2026-09-25-19:59:44.582.595 [version_verify.cpp:37][SetVersionInfo][tid:1759061] VersionVerify: send client version to server
[INFO] TDT(1759061,row_copy_reference):2026-09-25-19:59:44.583.212 [version_verify.cpp:69][PeerVersionCheck][tid:1759061] VersionVerify: Check client version info, server[1230], client[1230]
[INFO] TDT(1759061,row_copy_reference):2026-09-25-19:59:44.583.225 [version_verify.cpp:90][ParseVersionInfo][tid:1759061] VersionVerify: pass client version info success
[INFO] TDT(1759061,row_copy_reference):2026-09-25-19:59:44.583.231 [hdc_client.cpp:273][CheckHdcConnection][tid:1759061] Service[2] create hdc successfully.
[INFO] TDT(1759061,row_copy_reference):2026-09-25-19:59:44.583.250 [version_verify.cpp:123][SpecialFeatureCheck][tid:1759061] VersionVerify: new type[35], supported
[INFO] TDT(1759061,row_copy_reference):2026-09-25-19:59:44.583.294 [process_mode_manager.cpp:711][GetDeviceCheckCodeOnce][tid:1759061] [TsdClient][deviceId=7] [sessionId=1] wait package info response
[INFO] TDT(1759061,row_copy_reference):2026-09-25-19:59:44.584.312 [version_verify.cpp:123][SpecialFeatureCheck][tid:1759061] VersionVerify: new type[64], supported
[INFO] TDT(1759061,row_copy_reference):2026-09-25-19:59:44.584.374 [process_mode_manager.cpp:423][SendAICPUPackage][tid:1759061] [TsdClient][deviceId_=7] the checksum of host package[62399746] is the same as device[62399746], skip send package.
[INFO] TDT(1759061,row_copy_reference):2026-09-25-19:59:44.584.384 [process_mode_manager.cpp:1843][SendCommonPackage][tid:1759061] [TsdClient][deviceId_=7] package is not existed, skip send, packageType[6]
[INFO] TDT(1759061,row_copy_reference):2026-09-25-19:59:44.584.391 [process_mode_manager.cpp:1957][LoadDriverExtendPkg][tid:1759061] The device-sw-plugin package not found; skipping send to device.
[INFO] TDT(1759061,row_copy_reference):2026-09-25-19:59:44.584.401 [process_mode_manager.cpp:470][InitTsdClient][tid:1759061] [TsdClient] deviceId[7] begin to init hdc client
[INFO] TDT(1759061,row_copy_reference):2026-09-25-19:59:44.584.509 [version_verify.cpp:37][SetVersionInfo][tid:1759061] VersionVerify: send client version to server
[INFO] TDT(1759061,row_copy_reference):2026-09-25-19:59:44.584.885 [version_verify.cpp:69][PeerVersionCheck][tid:1759061] VersionVerify: Check client version info, server[1230], client[1230]
[INFO] TDT(1759061,row_copy_reference):2026-09-25-19:59:44.584.895 [version_verify.cpp:90][ParseVersionInfo][tid:1759061] VersionVerify: pass client version info success
[INFO] TDT(1759061,row_copy_reference):2026-09-25-19:59:44.584.901 [hdc_client.cpp:273][CheckHdcConnection][tid:1759061] Service[2] create hdc successfully.
[INFO] TDT(1759061,row_copy_reference):2026-09-25-19:59:44.584.918 [process_mode_manager.cpp:537][ConstructOpenMsg][tid:1759061] [TsdClient] tsd get process sign successfully, procpid[1759061] signSize[48]
[INFO] TDT(1759061,row_copy_reference):2026-09-25-19:59:44.584.931 [version_verify.cpp:115][SpecialFeatureCheck][tid:1759061] VersionVerify: previous type[6], supported
[INFO] TDT(1759061,row_copy_reference):2026-09-25-19:59:44.584.956 [process_mode_manager.cpp:98][OpenProcess][tid:1759061] [ProcessModeManager] deviceId[7] sessionId[1] rankSize[0], wait subprocess start response
[INFO] TDT(1759061,row_copy_reference):2026-09-25-19:59:44.785.986 [stub_process_mode_nowin.cpp:62][ProcessQueueForMdc][tid:1759061] [TsdClient] it is unnecessary for current mode[0] to grant queue auth to aicpusd
[INFO] TDT(1759061,row_copy_reference):2026-09-25-19:59:44.786.052 [stub_process_mode_nowin.cpp:101][OpenInHost][tid:1759061] enter into OpenInHost deviceid[7]
[INFO] TDT(1759061,row_copy_reference):2026-09-25-19:59:44.786.115 [client_manager.cpp:464][IsHostEnvironment][tid:1759061] [TsdClient] logicDeviceId[7], hostaicpunum[0]
[INFO] TDT(1759061,row_copy_reference):2026-09-25-19:59:44.786.128 [stub_process_mode_nowin.cpp:105][OpenInHost][tid:1759061] host cpu does not support
[INFO] TDT(1759061,row_copy_reference):2026-09-25-19:59:44.786.137 [process_mode_manager.cpp:123][OpenProcess][tid:1759061] [TsdClient][deviceId=7] [sessionId=1] start hccp and computer process success
[INFO] DRV(1759061,row_copy_reference):2026-09-25-19:59:44.786.179 [event_sched.c:1517][ascend][curpid:1759061,1759061][drv][event-sche][eschedDeviceOpen]The devId open success. (devId=7)
[INFO] DRV(1759061,row_copy_reference):2026-09-25-19:59:44.791.822 [devmm_svm.c:126][ascend][curpid:1759061,1759061][drv][devmm][devmm_setup_device]DrvMemDeviceOpen. (devid=7)
[INFO] DRV(1759061,row_copy_reference):2026-09-25-19:59:44.794.435 [devmm_virt_interface.c:450][ascend][curpid:1759061,1759061][drv][devmm][devmm_ioctl_init_process]Init_process details. (hostpid=1759061)
[INFO] DRV(1759061,row_copy_reference):2026-09-25-19:59:44.794.901 [drv_log_user.c:623][ascend][curpid:1759061,1759061][drv][devmm][share_log_read_in_single_module]Setup device succeeded. (logical_devid=7; devid=7; vfid=0; hostpid=1759061; devpid=18386)
[INFO] DRV(1759061,row_copy_reference):2026-09-25-19:59:44.794.920 [devmm_svm.c:112][ascend][curpid:1759061,1759061][drv][devmm][devmm_set_device_info]Device info. (devid=7; dvpp_size=17179869184; support_bar_mem=1; support_dev_read_only=1; support_dev_mem_map_host=1; support_bar_huge_mem=1; allocated_by_malloc=0; host_rw_dev_ro=1)
[INFO] DRV(1759061,row_copy_reference):2026-09-25-19:59:44.794.929 [devmm_svm.c:116][ascend][curpid:1759061,1759061][drv][devmm][devmm_set_device_info]Device info. (double_pgtable_offset=17592186044416; support_host_pin_pre_register=0; support_host_mem_pool=0; is_support_giant_page=1; support_remote_mmap=1)
[INFO] DRV(1759061,row_copy_reference):2026-09-25-19:59:44.795.277 [queue_interface.c:655][ascend][curpid:1759061,1759061][drv][queuemng][queueDeviceOpen]queue open finish. (devId=7)
[INFO] RUNTIME(1759061,row_copy_reference):2026-09-25-19:59:44.795.416 [raw_device.cc:520] 1759061 Init: isAddrFlat:0
[INFO] TDT(1759061,row_copy_reference):2026-09-25-19:59:44.796.856 [tsd_client.cpp:191][TsdCapabilityGet][tid:1759061] TsdCapabilityGet Begin.
[INFO] TDT(1759061,row_copy_reference):2026-09-25-19:59:44.796.874 [process_mode_manager.cpp:1019][CapabilityGet][tid:1759061] [ProcessModeManager] enter into CapabilityGet process deviceId[7] type[0].
[INFO] TDT(1759061,row_copy_reference):2026-09-25-19:59:44.796.889 [version_verify.cpp:115][SpecialFeatureCheck][tid:1759061] VersionVerify: previous type[38], supported
[INFO] TDT(1759061,row_copy_reference):2026-09-25-19:59:44.796.933 [process_mode_manager.cpp:1042][CapabilityGet][tid:1759061] [TsdClient][deviceId=7] [sessionId=1] [type=0]send capability successfully. 
[INFO] TDT(1759061,row_copy_reference):2026-09-25-19:59:44.797.647 [process_mode_msg_parse.cpp:198][PidQosMsgProc][tid:1759061] [TsdClient] PidQosMsgProc recvMsg realDeviceId[7] msgType[39] localDevId[7] rspCode[0],pidqos[1]
[INFO] TDT(1759061,row_copy_reference):2026-09-25-19:59:44.797.656 [process_mode_manager.cpp:1047][CapabilityGet][tid:1759061] [TsdClient][logicDeviceId_=7][type=0][pidQos=1][ret=0]recv capability response finished.
[INFO] RUNTIME(1759061,row_copy_reference):2026-09-25-19:59:44.797.667 [engine.cc:78] 1759061 Engine: Constructor.
[INFO] RUNTIME(1759061,row_copy_reference):2026-09-25-19:59:44.797.673 [stars_engine.cc:47] 1759061 StarsEngine: Constructor.
[INFO] RUNTIME(1759061,row_copy_reference):2026-09-25-19:59:44.939.668 [runtime.cc:6176] 1759061 CreateReportRasThread: Start report ras thread success!
[INFO] RUNTIME(1759061,row_copy_reference):2026-09-25-19:59:44.939.724 [npu_driver.cc:6953] 1759224 GetDeviceStatus: GetDeviceStatus status=1.
[INFO] ATRACE(1759061,row_copy_reference):2026-09-25-19:59:45.000.595 [tracer_mgr_operate.c:66](tid:1759061) create object RUNTIME_ATRACE_DEV7_TS0 successfully, exitSave(false), noLock(false).
[INFO] TDT(1759061,row_copy_reference):2026-09-25-19:59:45.000.637 [client_manager.cpp:203][SetProfilingCallback][tid:1759061] [TsdClient] set profiling callback successfully
[INFO] PROFILING(1759061,row_copy_reference):2026-09-25-19:59:45.010.038 [prof_atls_plugin.cpp:231] (tid:1759061) Module[69] register callback of ctrl handle.
[INFO] ATRACE(1759061,row_copy_reference):2026-09-25-19:59:45.140.852 [tracer_mgr_operate.c:248](tid:1759061) destroy object RUNTIME_ATRACE_DEV7_TS0, exitSave(false).
[INFO] RUNTIME(1759061,row_copy_reference):2026-09-25-19:59:45.277.890 [stars_engine.cc:55] 1759061 ~StarsEngine: Destructor.
[INFO] RUNTIME(1759061,row_copy_reference):2026-09-25-19:59:45.278.157 [engine.cc:84] 1759061 ~Engine: Destructor.
[INFO] DRV(1759061,row_copy_reference):2026-09-25-19:59:45.278.224 [queue_interface.c:662][ascend][curpid:1759061,1759061][drv][queuemng][queueDeviceClose]queue close finish. (devId=7)
[INFO] DRV(1759061,row_copy_reference):2026-09-25-19:59:45.278.269 [devmm_svm.c:2345][ascend][curpid:1759061,1759061][drv][devmm][drvMemDeviceCloseInner]DrvMemDeviceClose. (devid=7)
[INFO] DRV(1759061,row_copy_reference):2026-09-25-19:59:45.278.300 [svm_mem_statistics.c:146][ascend][curpid:1759061,1759061][drv][devmm][_svm_mem_stats_show]HOST_MEM Mem stats (Bytes). (module_name=RUNTIME; module_id=7; current_alloced_size=0; allocated_peak_size=11341824; alloc_cnt=3; free_cnt=3)
[INFO] DRV(1759061,row_copy_reference):2026-09-25-19:59:45.278.333 [svm_mem_statistics.c:152][ascend][curpid:1759061,1759061][drv][devmm][_svm_mem_stats_show]HOST_MEM Cached_size:12582912Bytes
[INFO] DRV(1759061,row_copy_reference):2026-09-25-19:59:45.278.366 [svm_mem_statistics.c:146][ascend][curpid:1759061,1759061][drv][devmm][_svm_mem_stats_show]MEM_DEV_SMALL_HBM dev7 Mem stats (Bytes). (module_name=RUNTIME; module_id=7; current_alloced_size=0; allocated_peak_size=77824; alloc_cnt=4; free_cnt=4)
[INFO] DRV(1759061,row_copy_reference):2026-09-25-19:59:45.278.396 [svm_mem_statistics.c:146][ascend][curpid:1759061,1759061][drv][devmm][_svm_mem_stats_show]MEM_DEV_SMALL_HBM dev7 Mem stats (Bytes). (module_name=APP; module_id=33; current_alloced_size=0; allocated_peak_size=176128; alloc_cnt=3; free_cnt=3)
[INFO] DRV(1759061,row_copy_reference):2026-09-25-19:59:45.278.435 [svm_mem_statistics.c:152][ascend][curpid:1759061,1759061][drv][devmm][_svm_mem_stats_show]MEM_DEV_SMALL_HBM dev7 Cached_size:2097152Bytes
[INFO] DRV(1759061,row_copy_reference):2026-09-25-19:59:45.278.460 [svm_mem_statistics.c:146][ascend][curpid:1759061,1759061][drv][devmm][_svm_mem_stats_show]MEM_DEV_SMALL_DDR dev7 Mem stats (Bytes). (module_name=UNKNOWN; module_id=0; current_alloced_size=0; allocated_peak_size=4096; alloc_cnt=1; free_cnt=1)
[INFO] DRV(1759061,row_copy_reference):2026-09-25-19:59:45.278.486 [svm_mem_statistics.c:146][ascend][curpid:1759061,1759061][drv][devmm][_svm_mem_stats_show]MEM_DEV_SMALL_DDR dev7 Mem stats (Bytes). (module_name=RUNTIME; module_id=7; current_alloced_size=0; allocated_peak_size=16384; alloc_cnt=1; free_cnt=1)
[INFO] DRV(1759061,row_copy_reference):2026-09-25-19:59:45.278.523 [svm_mem_statistics.c:152][ascend][curpid:1759061,1759061][drv][devmm][_svm_mem_stats_show]MEM_DEV_SMALL_DDR dev7 Cached_size:2097152Bytes
[INFO] DRV(1759061,row_copy_reference):2026-09-25-19:59:45.278.551 [svm_mem_statistics.c:146][ascend][curpid:1759061,1759061][drv][devmm][_svm_mem_stats_show]MEM_DEV_HUGE_HBM dev7 Mem stats (Bytes). (module_name=RUNTIME; module_id=7; current_alloced_size=0; allocated_peak_size=20971520; alloc_cnt=6; free_cnt=6)
[INFO] DRV(1759061,row_copy_reference):2026-09-25-19:59:45.278.584 [svm_mem_statistics.c:152][ascend][curpid:1759061,1759061][drv][devmm][_svm_mem_stats_show]MEM_DEV_HUGE_HBM dev7 Cached_size:20971520Bytes
[INFO] DRV(1759061,row_copy_reference):2026-09-25-19:59:45.278.607 [svm_mem_statistics.c:146][ascend][curpid:1759061,1759061][drv][devmm][_svm_mem_stats_show]MEM_DEV_HUGE_DDR dev7 Mem stats (Bytes). (module_name=RUNTIME; module_id=7; current_alloced_size=0; allocated_peak_size=2097152; alloc_cnt=1; free_cnt=1)
[INFO] DRV(1759061,row_copy_reference):2026-09-25-19:59:45.278.630 [svm_mem_statistics.c:152][ascend][curpid:1759061,1759061][drv][devmm][_svm_mem_stats_show]MEM_DEV_HUGE_DDR dev7 Cached_size:2097152Bytes
[INFO] DRV(1759061,row_copy_reference):2026-09-25-19:59:45.278.654 [svm_mem_statistics.c:146][ascend][curpid:1759061,1759061][drv][devmm][_svm_mem_stats_show]MEM_DEV_HUGE_P2P_HBM dev7 Mem stats (Bytes). (module_name=RUNTIME; module_id=7; current_alloced_size=0; allocated_peak_size=4194304; alloc_cnt=1; free_cnt=1)
[INFO] DRV(1759061,row_copy_reference):2026-09-25-19:59:45.278.686 [svm_mem_statistics.c:152][ascend][curpid:1759061,1759061][drv][devmm][_svm_mem_stats_show]MEM_DEV_HUGE_P2P_HBM dev7 Cached_size:4194304Bytes
[INFO] DRV(1759061,row_copy_reference):2026-09-25-19:59:45.307.145 [drv_log_user.c:623][ascend][curpid:1759061,1759061][drv][devmm][share_log_read_in_single_module]Close logical_device. (logical_devid=7; phyid=7; vfid=0; hostpid=1759061; devpid=18386)
[INFO] DRV(1759061,row_copy_reference):2026-09-25-19:59:45.309.707 [event_sched.c:1496][ascend][curpid:1759061,1759061][drv][event-sche][eschedDeviceClose]The devId close success. (devId=7)
[INFO] TDT(1759061,row_copy_reference):2026-09-25-19:59:45.309.760 [process_mode_manager.cpp:1916][ParseTsdCloseFlag][tid:1759061] Parse tsd close flag [0]
[INFO] TDT(1759061,row_copy_reference):2026-09-25-19:59:45.309.773 [process_mode_manager.cpp:156][Close][tid:1759061] [TsdClient] Close [deviceId=7][sessionId=1] hccp and computer enter
[INFO] TDT(1759061,row_copy_reference):2026-09-25-19:59:45.309.792 [version_verify.cpp:115][SpecialFeatureCheck][tid:1759061] VersionVerify: previous type[7], supported
[INFO] TDT(1759061,row_copy_reference):2026-09-25-19:59:45.309.857 [process_mode_manager.cpp:160][Close][tid:1759061] [TsdClient][deviceId=7] [sessionId=1] wait hccp and computer process close response
[INFO] TDT(1759061,row_copy_reference):2026-09-25-19:59:45.445.090 [process_mode_manager.cpp:163][Close][tid:1759061] [TsdClient][logicDeviceId_=7]has recv close hccp and computer process response
[INFO] TDT(1759061,row_copy_reference):2026-09-25-19:59:45.445.127 [stub_process_mode_nowin.cpp:144][CloseInHost][tid:1759061] enter into CloseInHost deviceid[7]
[INFO] TDT(1759061,row_copy_reference):2026-09-25-19:59:45.445.197 [client_manager.cpp:464][IsHostEnvironment][tid:1759061] [TsdClient] logicDeviceId[7], hostaicpunum[0]
[INFO] TDT(1759061,row_copy_reference):2026-09-25-19:59:45.445.212 [stub_process_mode_nowin.cpp:147][CloseInHost][tid:1759061] host cpu does not support
[INFO] TDT(1759061,row_copy_reference):2026-09-25-19:59:45.445.283 [process_mode_manager.cpp:181][Close][tid:1759061] [TsdClient][deviceId=7] [sessionId=1] close hccp and computer process success
[INFO] ATRACE(1759061,row_copy_reference):2026-09-25-19:59:45.445.744 [atrace_client_core.c:176](tid:1759061) stop to receive device[7] trace log.
[INFO] ASCENDCL(1759061,row_copy_reference):2026-09-25-19:59:45.682.518 [resource_statistics.cpp:113]1759061 TraverseStatistics: The ResourceType:ACL_STATISTICS_MALLOC_FREE, applyTotal = 3, applySucc = 3, releaseTotal = 4, releaseSucc = 4
[INFO] ASCENDCL(1759061,row_copy_reference):2026-09-25-19:59:45.682.572 [resource_statistics.cpp:113]1759061 TraverseStatistics: The ResourceType:ACL_STATISTICS_MALLOC_FREE_HOST, applyTotal = 0, applySucc = 0, releaseTotal = 0, releaseSucc = 0
[INFO] ASCENDCL(1759061,row_copy_reference):2026-09-25-19:59:45.682.587 [resource_statistics.cpp:113]1759061 TraverseStatistics: The ResourceType:ACL_STATISTICS_CREATE_DESTROY_CONTEXT, applyTotal = 0, applySucc = 0, releaseTotal = 0, releaseSucc = 0
[INFO] ASCENDCL(1759061,row_copy_reference):2026-09-25-19:59:45.682.599 [resource_statistics.cpp:113]1759061 TraverseStatistics: The ResourceType:ACL_STATISTICS_SET_RESET_DEVICE, applyTotal = 1, applySucc = 1, releaseTotal = 1, releaseSucc = 1
[INFO] ASCENDCL(1759061,row_copy_reference):2026-09-25-19:59:45.682.609 [resource_statistics.cpp:113]1759061 TraverseStatistics: The ResourceType:ACL_STATISTICS_CREATE_DESTROY_EVENT, applyTotal = 0, applySucc = 0, releaseTotal = 0, releaseSucc = 0
[INFO] ASCENDCL(1759061,row_copy_reference):2026-09-25-19:59:45.682.620 [resource_statistics.cpp:113]1759061 TraverseStatistics: The ResourceType:ACL_STATISTICS_CREATE_DESTROY_STREAM, applyTotal = 1, applySucc = 1, releaseTotal = 1, releaseSucc = 1
[INFO] ASCENDCL(1759061,row_copy_reference):2026-09-25-19:59:45.682.637 [resource_statistics.cpp:113]1759061 TraverseStatistics: The ResourceType:ACL_STATISTICS_DVPP_MALLOC_FREE, applyTotal = 0, applySucc = 0, releaseTotal = 0, releaseSucc = 0
[INFO] ASCENDCL(1759061,row_copy_reference):2026-09-25-19:59:45.682.647 [resource_statistics.cpp:113]1759061 TraverseStatistics: The ResourceType:ACL_STATISTICS_RECORD_RESET_EVENT, applyTotal = 0, applySucc = 0, releaseTotal = 0, releaseSucc = 0
[INFO] ASCENDCL(1759061,row_copy_reference):2026-09-25-19:59:45.682.656 [resource_statistics.cpp:113]1759061 TraverseStatistics: The ResourceType:ACL_STATISTICS_CREATE_DESTROY_DATA_BUFFER, applyTotal = 0, applySucc = 0, releaseTotal = 0, releaseSucc = 0
[INFO] ASCENDCL(1759061,row_copy_reference):2026-09-25-19:59:45.682.666 [resource_statistics.cpp:113]1759061 TraverseStatistics: The ResourceType:ACL_STATISTICS_CREATE_DESTROY_TENSOR_DESC, applyTotal = 0, applySucc = 0, releaseTotal = 0, releaseSucc = 0
[INFO] ASCENDCL(1759061,row_copy_reference):2026-09-25-19:59:45.682.675 [resource_statistics.cpp:113]1759061 TraverseStatistics: The ResourceType:ACL_STATISTICS_CREATE_DESTROY_DESC, applyTotal = 0, applySucc = 0, releaseTotal = 0, releaseSucc = 0
[INFO] ASCENDCL(1759061,row_copy_reference):2026-09-25-19:59:45.682.684 [resource_statistics.cpp:113]1759061 TraverseStatistics: The ResourceType:ACL_STATISTICS_CREATE_DESTROY_DATASET, applyTotal = 0, applySucc = 0, releaseTotal = 0, releaseSucc = 0
[INFO] ASCENDCL(1759061,row_copy_reference):2026-09-25-19:59:45.682.693 [resource_statistics.cpp:113]1759061 TraverseStatistics: The ResourceType:ACL_STATISTICS_CREATE_LOAD_UNLOAD_MODEL, applyTotal = 0, applySucc = 0, releaseTotal = 0, releaseSucc = 0
[INFO] ASCENDCL(1759061,row_copy_reference):2026-09-25-19:59:45.682.703 [resource_statistics.cpp:113]1759061 TraverseStatistics: The ResourceType:ACL_STATISTICS_CREATE_DESTROY_AIPP, applyTotal = 0, applySucc = 0, releaseTotal = 0, releaseSucc = 0
[INFO] ASCENDCL(1759061,row_copy_reference):2026-09-25-19:59:45.682.712 [resource_statistics.cpp:113]1759061 TraverseStatistics: The ResourceType:ACL_STATISTICS_CREATE_DESTROY_ATTR, applyTotal = 0, applySucc = 0, releaseTotal = 0, releaseSucc = 0
[INFO] ASCENDCL(1759061,row_copy_reference):2026-09-25-19:59:45.682.720 [resource_statistics.cpp:113]1759061 TraverseStatistics: The ResourceType:ACL_STATISTICS_CREATE_DESTROY_HANDLE, applyTotal = 0, applySucc = 0, releaseTotal = 0, releaseSucc = 0
[INFO] ASCENDCL(1759061,row_copy_reference):2026-09-25-19:59:45.682.733 [resource_statistics.cpp:113]1759061 TraverseStatistics: The ResourceType:ACL_STATISTICS_CREATE_DESTROY_DVPP_CHANNEL_DESC, applyTotal = 0, applySucc = 0, releaseTotal = 0, releaseSucc = 0
[INFO] ASCENDCL(1759061,row_copy_reference):2026-09-25-19:59:45.682.742 [resource_statistics.cpp:113]1759061 TraverseStatistics: The ResourceType:ACL_STATISTICS_CREATE_DESTROY_DVPP_PIC_DESC, applyTotal = 0, applySucc = 0, releaseTotal = 0, releaseSucc = 0
[INFO] ASCENDCL(1759061,row_copy_reference):2026-09-25-19:59:45.682.751 [resource_statistics.cpp:113]1759061 TraverseStatistics: The ResourceType:ACL_STATISTICS_CREATE_DESTROY_DVPP_ROI_CONFIG, applyTotal = 0, applySucc = 0, releaseTotal = 0, releaseSucc = 0
[INFO] ASCENDCL(1759061,row_copy_reference):2026-09-25-19:59:45.682.762 [resource_statistics.cpp:113]1759061 TraverseStatistics: The ResourceType:ACL_STATISTICS_CREATE_DESTROY_DVPP_RESIZE_CONFIG, applyTotal = 0, applySucc = 0, releaseTotal = 0, releaseSucc = 0
[INFO] ASCENDCL(1759061,row_copy_reference):2026-09-25-19:59:45.682.773 [resource_statistics.cpp:113]1759061 TraverseStatistics: The ResourceType:ACL_STATISTICS_CREATE_DESTROY_DVPP_JPEGE_CONFIG, applyTotal = 0, applySucc = 0, releaseTotal = 0, releaseSucc = 0
[INFO] ASCENDCL(1759061,row_copy_reference):2026-09-25-19:59:45.682.784 [resource_statistics.cpp:113]1759061 TraverseStatistics: The ResourceType:ACL_STATISTICS_CREATE_DESTROY_VDEC_CHANNEL_DESC, applyTotal = 0, applySucc = 0, releaseTotal = 0, releaseSucc = 0
[INFO] ASCENDCL(1759061,row_copy_reference):2026-09-25-19:59:45.682.793 [resource_statistics.cpp:113]1759061 TraverseStatistics: The ResourceType:ACL_STATISTICS_CREATE_DESTROY_VENC_CHANNEL_DESC, applyTotal = 0, applySucc = 0, releaseTotal = 0, releaseSucc = 0
[INFO] ASCENDCL(1759061,row_copy_reference):2026-09-25-19:59:45.682.803 [resource_statistics.cpp:113]1759061 TraverseStatistics: The ResourceType:ACL_STATISTICS_CREATE_DESTROY_DVPP_STREAM_DESC, applyTotal = 0, applySucc = 0, releaseTotal = 0, releaseSucc = 0
[INFO] ASCENDCL(1759061,row_copy_reference):2026-09-25-19:59:45.682.812 [resource_statistics.cpp:113]1759061 TraverseStatistics: The ResourceType:ACL_STATISTICS_CREATE_DESTROY_VDEC_FRAME_CONFIG, applyTotal = 0, applySucc = 0, releaseTotal = 0, releaseSucc = 0
[INFO] ASCENDCL(1759061,row_copy_reference):2026-09-25-19:59:45.682.820 [resource_statistics.cpp:113]1759061 TraverseStatistics: The ResourceType:ACL_STATISTICS_CREATE_DESTROY_VENC_FRAME_CONFIG, applyTotal = 0, applySucc = 0, releaseTotal = 0, releaseSucc = 0
[INFO] ASCENDCL(1759061,row_copy_reference):2026-09-25-19:59:45.682.829 [resource_statistics.cpp:113]1759061 TraverseStatistics: The ResourceType:ACL_STATISTICS_CREATE_DESTROY_DVPP_CHANNEL, applyTotal = 0, applySucc = 0, releaseTotal = 0, releaseSucc = 0
[INFO] ASCENDCL(1759061,row_copy_reference):2026-09-25-19:59:45.682.838 [resource_statistics.cpp:113]1759061 TraverseStatistics: The ResourceType:ACL_STATISTICS_CREATE_DESTROY_VDEC_CHANNEL, applyTotal = 0, applySucc = 0, releaseTotal = 0, releaseSucc = 0
[INFO] ASCENDCL(1759061,row_copy_reference):2026-09-25-19:59:45.682.855 [resource_statistics.cpp:113]1759061 TraverseStatistics: The ResourceType:ACL_STATISTICS_CREATE_DESTROY_VENC_CHANNEL, applyTotal = 0, applySucc = 0, releaseTotal = 0, releaseSucc = 0
[INFO] ASCENDCL(1759061,row_copy_reference):2026-09-25-19:59:45.682.868 [resource_statistics.cpp:113]1759061 TraverseStatistics: The ResourceType:ACL_STATISTICS_CREATE_DESTROY_DVPP_BATCH_PIC_DESC, applyTotal = 0, applySucc = 0, releaseTotal = 0, releaseSucc = 0
[INFO] ASCENDCL(1759061,row_copy_reference):2026-09-25-19:59:45.682.877 [resource_statistics.cpp:113]1759061 TraverseStatistics: The ResourceType:ACL_STATISTICS_CREATE_DESTROY_GROUP_INFO, applyTotal = 0, applySucc = 0, releaseTotal = 0, releaseSucc = 0
[INFO] ASCENDCL(1759061,row_copy_reference):2026-09-25-19:59:45.682.885 [resource_statistics.cpp:113]1759061 TraverseStatistics: The ResourceType:ACL_STATISTICS_CREATE_DESTROY_PROF_CONFIG, applyTotal = 0, applySucc = 0, releaseTotal = 0, releaseSucc = 0
[INFO] ASCENDCL(1759061,row_copy_reference):2026-09-25-19:59:45.682.894 [resource_statistics.cpp:113]1759061 TraverseStatistics: The ResourceType:ACL_STATISTICS_CREATE_DESTROY_PROF_SUB_CONFIG, applyTotal = 0, applySucc = 0, releaseTotal = 0, releaseSucc = 0
[INFO] ASCENDCL(1759061,row_copy_reference):2026-09-25-19:59:45.682.903 [resource_statistics.cpp:113]1759061 TraverseStatistics: The ResourceType:ACL_STATISTICS_CREATE_DESTROY_MODEL_CONFIG, applyTotal = 0, applySucc = 0, releaseTotal = 0, releaseSucc = 0
[INFO] ASCENDCL(1759061,row_copy_reference):2026-09-25-19:59:45.682.911 [resource_statistics.cpp:113]1759061 TraverseStatistics: The ResourceType:ACL_STATISTICS_CREATE_DESTROY_QUEUE_ID, applyTotal = 0, applySucc = 0, releaseTotal = 0, releaseSucc = 0
[INFO] ASCENDCL(1759061,row_copy_reference):2026-09-25-19:59:45.682.922 [resource_statistics.cpp:113]1759061 TraverseStatistics: The ResourceType:ACL_STATISTICS_CREATE_DESTROY_QUEUE_ATTR, applyTotal = 0, applySucc = 0, releaseTotal = 0, releaseSucc = 0
[INFO] ASCENDCL(1759061,row_copy_reference):2026-09-25-19:59:45.682.931 [resource_statistics.cpp:113]1759061 TraverseStatistics: The ResourceType:ACL_STATISTICS_CREATE_DESTROY_QUEUE_ROUTE, applyTotal = 0, applySucc = 0, releaseTotal = 0, releaseSucc = 0
[INFO] ASCENDCL(1759061,row_copy_reference):2026-09-25-19:59:45.682.940 [resource_statistics.cpp:113]1759061 TraverseStatistics: The ResourceType:ACL_STATISTICS_CREATE_DESTROY_QUEUE_ROUTE_LIST, applyTotal = 0, applySucc = 0, releaseTotal = 0, releaseSucc = 0
[INFO] ASCENDCL(1759061,row_copy_reference):2026-09-25-19:59:45.682.948 [resource_statistics.cpp:113]1759061 TraverseStatistics: The ResourceType:ACL_STATISTICS_CREATE_DESTROY_QUEUE_ROUTE_QUERY, applyTotal = 0, applySucc = 0, releaseTotal = 0, releaseSucc = 0
[INFO] ASCENDCL(1759061,row_copy_reference):2026-09-25-19:59:45.682.957 [resource_statistics.cpp:113]1759061 TraverseStatistics: The ResourceType:ACL_STATISTICS_CREATE_DESTROY_MBUF, applyTotal = 0, applySucc = 0, releaseTotal = 0, releaseSucc = 0
[INFO] ASCENDCL(1759061,row_copy_reference):2026-09-25-19:59:45.682.967 [resource_statistics.cpp:113]1759061 TraverseStatistics: The ResourceType:ACL_STATISTICS_CREATE_DESTROY_GRAPH_DUMP_OPTION, applyTotal = 0, applySucc = 0, releaseTotal = 0, releaseSucc = 0
[INFO] ASCENDCL(1759061,row_copy_reference):2026-09-25-19:59:45.682.977 [resource_statistics.cpp:113]1759061 TraverseStatistics: The ResourceType:ACL_STATISTICS_CREATE_DESTROY_ALLOCATOR_DESC, applyTotal = 0, applySucc = 0, releaseTotal = 0, releaseSucc = 0
[INFO] ASCENDCL(1759061,row_copy_reference):2026-09-25-19:59:45.682.986 [resource_statistics.cpp:113]1759061 TraverseStatistics: The ResourceType:ACL_STATISTICS_CREATE_DESTROY_ALLOCATOR_BINARY_DESC, applyTotal = 0, applySucc = 0, releaseTotal = 0, releaseSucc = 0
[INFO] ASCENDCL(1759061,row_copy_reference):2026-09-25-19:59:45.682.995 [resource_statistics.cpp:113]1759061 TraverseStatistics: The ResourceType:ACL_STATISTICS_RESERVE_RELEASE_MEMORY_ADDRESS, applyTotal = 0, applySucc = 0, releaseTotal = 0, releaseSucc = 0
[INFO] ASCENDCL(1759061,row_copy_reference):2026-09-25-19:59:45.683.004 [resource_statistics.cpp:113]1759061 TraverseStatistics: The ResourceType:ACL_STATISTICS_MALLOC_FREE_PHYSICAL_MEMORY, applyTotal = 0, applySucc = 0, releaseTotal = 0, releaseSucc = 0
[INFO] ASCENDCL(1759061,row_copy_reference):2026-09-25-19:59:45.683.013 [resource_statistics.cpp:113]1759061 TraverseStatistics: The ResourceType:ACL_STATISTICS_MAP_UNMAP_MEMORY, applyTotal = 0, applySucc = 0, releaseTotal = 0, releaseSucc = 0
[INFO] ASCENDCL(1759061,row_copy_reference):2026-09-25-19:59:45.683.023 [resource_statistics.cpp:113]1759061 TraverseStatistics: The ResourceType:ACL_STATISTICS_LOAD_UNLOAD_BINARY, applyTotal = 0, applySucc = 0, releaseTotal = 0, releaseSucc = 0
[EVENT] PROFILING(1759061,row_copy_reference):2026-09-25-19:59:45.683.057 [msprof_callback_impl.cpp:111] >>> (tid:1759061) MsprofCtrlCallback called, type: 3
[EVENT] PROFILING(1759061,row_copy_reference):2026-09-25-19:59:45.683.075 [ai_drv_dev_api.cpp:333] >>> (tid:1759061) Succeeded to DrvGetApiVersion version: 0x72318
[INFO] RUNTIME(1759061,row_copy_reference):2026-09-25-19:59:45.953.939 [runtime.cc:6218] 1759225 ReportRasRun: Report ras thread exits normally!
[INFO] ATRACE(1759061,row_copy_reference):2026-09-25-19:59:46.006.063 [atrace_client_core.c:127](tid:1759177) atrace receive thread exited, devId=7.
[INFO] RUNTIME(1759061,row_copy_reference):2026-09-25-19:59:46.025.357 [runtime.cc:1667] 1759061 ~Runtime: runtime destructor.
[INFO] RUNTIME(1759061,row_copy_reference):2026-09-25-19:59:46.025.825 [runtime.cc:6186] 1759061 DestroyReportRasThread: Join report ras thread OK.
[INFO] RUNTIME(1759061,row_copy_reference):2026-09-25-19:59:46.025.872 [runtime.cc:1755] 1759061 WaitMonitorExit: wait monitor success, used count=0.
[INFO] RUNTIME(1759061,row_copy_reference):2026-09-25-19:59:46.136.044 [task_fail_callback_data_manager.cc:93] 1759061 ~TaskFailCallBackManager: Destructor.
[INFO] ATRACE(1759061,row_copy_reference):2026-09-25-19:59:46.137.873 [stacktrace_signal.c:194](tid:1759061) unregister all signal handlers, can not capture signal.
NPU_PROBE PASS device=7 rows=5 D=4096 elements=20480 exact=1
[INFO] RUNTIME(1759406,row_copy_reference):2026-09-25-19:59:46.371.247 [task_fail_callback_data_manager.cc:88] 1759406 TaskFailCallBackManager: Constructor.
[EVENT] PROFILING(1759406,row_copy_reference):2026-09-25-19:59:46.460.941 [msprof_callback_impl.cpp:359] >>> (tid:1759406) Started to register profiling ctrl callback.
[EVENT] PROFILING(1759406,row_copy_reference):2026-09-25-19:59:46.461.117 [msprof_callback_impl.cpp:366] >>> (tid:1759406) Started to register profiling hash id callback.
[INFO] PROFILING(1759406,row_copy_reference):2026-09-25-19:59:46.461.127 [prof_atls_plugin.cpp:118] (tid:1759406) RegisterProfileCallback, callback type is 7
[EVENT] PROFILING(1759406,row_copy_reference):2026-09-25-19:59:46.461.132 [msprof_callback_impl.cpp:373] >>> (tid:1759406) Started to register profiling enable host freq callback.
[INFO] PROFILING(1759406,row_copy_reference):2026-09-25-19:59:46.461.136 [prof_atls_plugin.cpp:118] (tid:1759406) RegisterProfileCallback, callback type is 8
[EVENT] PROFILING(1759406,row_copy_reference):2026-09-25-19:59:46.461.140 [msprof_callback_impl.cpp:380] >>> (tid:1759406) Started to register profiling typeId callback.
[INFO] PROFILING(1759406,row_copy_reference):2026-09-25-19:59:46.461.145 [prof_atls_plugin.cpp:118] (tid:1759406) RegisterProfileCallback, callback type is 6
[INFO] PROFILING(1759406,row_copy_reference):2026-09-25-19:59:46.490.646 [prof_atls_plugin.cpp:231] (tid:1759406) Module[45] register callback of ctrl handle.
[INFO] GE(1759406,row_copy_reference):2026-09-25-19:59:47.106.018 [op_tiling_manager.cc:109]1759406 ~FuncPerfScope:[GEPERFTRACE] The time cost of OpTilingManager::LoadSo is [615317] micro seconds.
[INFO] PROFILING(1759406,row_copy_reference):2026-09-25-19:59:47.172.340 [prof_atls_plugin.cpp:231] (tid:1759406) Module[6] register callback of ctrl handle.
[INFO] RUNTIME(1759406,row_copy_reference):2026-09-25-19:59:48.316.508 [runtime_keeper.cc:158] 1759406 CreateRuntimeImpl: Open libruntime_v100.so successfully
[INFO] RUNTIME(1759406,row_copy_reference):2026-09-25-19:59:48.316.626 [runtime.cc:5638] 1759406 GetVisibleDevices: ASCEND_RT_VISIBLE_DEVICES param was not set
[INFO] TDT(1759406,row_copy_reference):2026-09-25-19:59:48.318.833 [package_worker_factory.cpp:40][RegisterPackageWorkerCreator][tid:1759406] Register[4] package worker was created successfully
[INFO] TDT(1759406,row_copy_reference):2026-09-25-19:59:48.318.858 [package_worker_factory.cpp:40][RegisterPackageWorkerCreator][tid:1759406] Register[6] package worker was created successfully
[INFO] TDT(1759406,row_copy_reference):2026-09-25-19:59:48.318.865 [package_worker_factory.cpp:40][RegisterPackageWorkerCreator][tid:1759406] Register[5] package worker was created successfully
[INFO] TDT(1759406,row_copy_reference):2026-09-25-19:59:48.318.873 [package_worker_factory.cpp:40][RegisterPackageWorkerCreator][tid:1759406] Register[0] package worker was created successfully
[INFO] TDT(1759406,row_copy_reference):2026-09-25-19:59:48.318.878 [package_worker_factory.cpp:40][RegisterPackageWorkerCreator][tid:1759406] Register[1] package worker was created successfully
[INFO] TDT(1759406,row_copy_reference):2026-09-25-19:59:48.318.882 [package_worker_factory.cpp:40][RegisterPackageWorkerCreator][tid:1759406] Register[8] package worker was created successfully
[INFO] TDT(1759406,row_copy_reference):2026-09-25-19:59:48.318.889 [package_worker_factory.cpp:40][RegisterPackageWorkerCreator][tid:1759406] Register[2] package worker was created successfully
[INFO] TDT(1759406,row_copy_reference):2026-09-25-19:59:48.318.893 [package_worker_factory.cpp:40][RegisterPackageWorkerCreator][tid:1759406] Register[3] package worker was created successfully
[INFO] PROFILING(1759406,row_copy_reference):2026-09-25-19:59:48.319.111 [prof_atls_plugin.cpp:231] (tid:1759406) Module[7] register callback of ctrl handle.
[INFO] PROFILING(1759406,row_copy_reference):2026-09-25-19:59:48.319.158 [prof_atls_plugin.cpp:231] (tid:1759406) Module[48] register callback of ctrl handle.
[EVENT] PROFILING(1759406,row_copy_reference):2026-09-25-19:59:48.319.175 [msprof_callback_impl.cpp:111] >>> (tid:1759406) MsprofCtrlCallback called, type: 255
[EVENT] PROFILING(1759406,row_copy_reference):2026-09-25-19:59:48.319.371 [ai_drv_dev_api.cpp:333] >>> (tid:1759406) Succeeded to DrvGetApiVersion version: 0x72318
[INFO] ASCENDCL(1759406,row_copy_reference):2026-09-25-19:59:48.319.594 [acl.cpp:253]1759406 GetAllPackageVersion: Version of runtime package is 8.5.0.alpha002
[INFO] ASCENDCL(1759406,row_copy_reference):2026-09-25-19:59:48.319.634 [acl.cpp:253]1759406 GetAllPackageVersion: Version of runtime package is 8.5.0.alpha002
[INFO] ASCENDCL(1759406,row_copy_reference):2026-09-25-19:59:48.319.677 [acl.cpp:253]1759406 GetAllPackageVersion: Version of compiler package is 8.5.0.alpha002
[INFO] ASCENDCL(1759406,row_copy_reference):2026-09-25-19:59:48.319.718 [acl.cpp:253]1759406 GetAllPackageVersion: Version of hccl package is 8.5.0.alpha002
[INFO] ASCENDCL(1759406,row_copy_reference):2026-09-25-19:59:48.319.770 [acl.cpp:253]1759406 GetAllPackageVersion: Version of toolkit package is 8.5.0.alpha002
[INFO] ASCENDCL(1759406,row_copy_reference):2026-09-25-19:59:48.319.808 [acl.cpp:253]1759406 GetAllPackageVersion: Version of opp package is 8.5.0.alpha002
[INFO] ASCENDCL(1759406,row_copy_reference):2026-09-25-19:59:48.319.846 [acl.cpp:253]1759406 GetAllPackageVersion: Version of opp_kernel package is 8.5.0.alpha002
[INFO] ASCENDCL(1759406,row_copy_reference):2026-09-25-19:59:48.319.926 [acl.cpp:253]1759406 GetAllPackageVersion: Version of driver package is 25.0.rc1.1
[INFO] ATRACE(1759406,row_copy_reference):2026-09-25-19:59:48.323.978 [atrace_client_core.c:160](tid:1759406) start to receive device[7] trace log.
[INFO] ASCENDCL(1759406,row_copy_reference):2026-09-25-19:59:48.324.001 [acl_resource_manager.cpp:133]1759406 GetRuntimeV2Env: runtime v2 flag : model flag = 1, singleOp flag = 1
[INFO] TDT(1759406,row_copy_reference):2026-09-25-19:59:48.324.084 [client_manager.cpp:464][IsHostEnvironment][tid:1759406] [TsdClient] logicDeviceId[7], hostaicpunum[0]
[INFO] TDT(1759406,row_copy_reference):2026-09-25-19:59:48.324.095 [client_manager.cpp:493][GetClientRunMode][tid:1759406] runMode:0
[INFO] TDT(1759406,row_copy_reference):2026-09-25-19:59:48.324.099 [client_manager.cpp:133][GetInstance][tid:1759406] [ClientManager] Current mode:1
[INFO] TDT(1759406,row_copy_reference):2026-09-25-19:59:48.324.116 [process_mode_base.cpp:152][GetLogLevel][tid:1759406] [TsdClient] get ASCEND_GLOBAL_LOG_LEVEL [] ASCEND_GLOBAL_EVENT_ENABLE [] ASCEND_MODULE_LOG_LEVEL []
[INFO] TDT(1759406,row_copy_reference):2026-09-25-19:59:48.324.177 [process_mode_manager.cpp:79][OpenProcess][tid:1759406] [ProcessModeManager] enter into open process deviceId[7] rankSize[0]
[INFO] TDT(1759406,row_copy_reference):2026-09-25-19:59:48.324.452 [client_manager.cpp:290][CheckPackageExistsOnce][tid:1759406] [TsdClient][deviceId=7] set package path[/usr/local/Ascend/ascend-toolkit/latest/opp/Ascend/aicpu/], package name[Ascend-aicpu_syskernels.tar.gz], packageType[0]
[INFO] TDT(1759406,row_copy_reference):2026-09-25-19:59:48.324.650 [client_manager.cpp:290][CheckPackageExistsOnce][tid:1759406] [TsdClient][deviceId=7] set package path[/usr/local/Ascend/ascend-toolkit/latest/opp/Ascend/aicpu/], package name[Ascend-aicpu_extend_syskernels.tar.gz], packageType[1]
[INFO] TDT(1759406,row_copy_reference):2026-09-25-19:59:48.324.765 [client_manager.cpp:279][CheckPackageExistsOnce][tid:1759406] [TsdClient][deviceId=7] pkg size[0] in path[/usr/local/Ascend/ascend-toolkit/latest/opp/built-in/] must be only one, skip send package, packageType[6]
[INFO] TDT(1759406,row_copy_reference):2026-09-25-19:59:48.324.861 [process_mode_manager.cpp:470][InitTsdClient][tid:1759406] [TsdClient] deviceId[7] begin to init hdc client
[INFO] TDT(1759406,row_copy_reference):2026-09-25-19:59:48.324.974 [version_verify.cpp:37][SetVersionInfo][tid:1759406] VersionVerify: send client version to server
[INFO] TDT(1759406,row_copy_reference):2026-09-25-19:59:48.325.644 [version_verify.cpp:69][PeerVersionCheck][tid:1759406] VersionVerify: Check client version info, server[1230], client[1230]
[INFO] TDT(1759406,row_copy_reference):2026-09-25-19:59:48.325.653 [version_verify.cpp:90][ParseVersionInfo][tid:1759406] VersionVerify: pass client version info success
[INFO] TDT(1759406,row_copy_reference):2026-09-25-19:59:48.325.657 [hdc_client.cpp:273][CheckHdcConnection][tid:1759406] Service[2] create hdc successfully.
[INFO] TDT(1759406,row_copy_reference):2026-09-25-19:59:48.325.667 [version_verify.cpp:123][SpecialFeatureCheck][tid:1759406] VersionVerify: new type[35], supported
[INFO] TDT(1759406,row_copy_reference):2026-09-25-19:59:48.325.706 [process_mode_manager.cpp:711][GetDeviceCheckCodeOnce][tid:1759406] [TsdClient][deviceId=7] [sessionId=1] wait package info response
[INFO] TDT(1759406,row_copy_reference):2026-09-25-19:59:48.326.751 [version_verify.cpp:123][SpecialFeatureCheck][tid:1759406] VersionVerify: new type[64], supported
[INFO] TDT(1759406,row_copy_reference):2026-09-25-19:59:48.326.792 [process_mode_manager.cpp:423][SendAICPUPackage][tid:1759406] [TsdClient][deviceId_=7] the checksum of host package[62399746] is the same as device[62399746], skip send package.
[INFO] TDT(1759406,row_copy_reference):2026-09-25-19:59:48.326.800 [process_mode_manager.cpp:1843][SendCommonPackage][tid:1759406] [TsdClient][deviceId_=7] package is not existed, skip send, packageType[6]
[INFO] TDT(1759406,row_copy_reference):2026-09-25-19:59:48.326.805 [process_mode_manager.cpp:1957][LoadDriverExtendPkg][tid:1759406] The device-sw-plugin package not found; skipping send to device.
[INFO] TDT(1759406,row_copy_reference):2026-09-25-19:59:48.326.813 [process_mode_manager.cpp:470][InitTsdClient][tid:1759406] [TsdClient] deviceId[7] begin to init hdc client
[INFO] TDT(1759406,row_copy_reference):2026-09-25-19:59:48.326.913 [version_verify.cpp:37][SetVersionInfo][tid:1759406] VersionVerify: send client version to server
[INFO] TDT(1759406,row_copy_reference):2026-09-25-19:59:48.327.334 [version_verify.cpp:69][PeerVersionCheck][tid:1759406] VersionVerify: Check client version info, server[1230], client[1230]
[INFO] TDT(1759406,row_copy_reference):2026-09-25-19:59:48.327.342 [version_verify.cpp:90][ParseVersionInfo][tid:1759406] VersionVerify: pass client version info success
[INFO] TDT(1759406,row_copy_reference):2026-09-25-19:59:48.327.346 [hdc_client.cpp:273][CheckHdcConnection][tid:1759406] Service[2] create hdc successfully.
[INFO] TDT(1759406,row_copy_reference):2026-09-25-19:59:48.327.357 [process_mode_manager.cpp:537][ConstructOpenMsg][tid:1759406] [TsdClient] tsd get process sign successfully, procpid[1759406] signSize[48]
[INFO] TDT(1759406,row_copy_reference):2026-09-25-19:59:48.327.364 [version_verify.cpp:115][SpecialFeatureCheck][tid:1759406] VersionVerify: previous type[6], supported
[INFO] TDT(1759406,row_copy_reference):2026-09-25-19:59:48.327.380 [process_mode_manager.cpp:98][OpenProcess][tid:1759406] [ProcessModeManager] deviceId[7] sessionId[1] rankSize[0], wait subprocess start response
[INFO] TDT(1759406,row_copy_reference):2026-09-25-19:59:48.510.319 [stub_process_mode_nowin.cpp:62][ProcessQueueForMdc][tid:1759406] [TsdClient] it is unnecessary for current mode[0] to grant queue auth to aicpusd
[INFO] TDT(1759406,row_copy_reference):2026-09-25-19:59:48.510.364 [stub_process_mode_nowin.cpp:101][OpenInHost][tid:1759406] enter into OpenInHost deviceid[7]
[INFO] TDT(1759406,row_copy_reference):2026-09-25-19:59:48.510.410 [client_manager.cpp:464][IsHostEnvironment][tid:1759406] [TsdClient] logicDeviceId[7], hostaicpunum[0]
[INFO] TDT(1759406,row_copy_reference):2026-09-25-19:59:48.510.422 [stub_process_mode_nowin.cpp:105][OpenInHost][tid:1759406] host cpu does not support
[INFO] TDT(1759406,row_copy_reference):2026-09-25-19:59:48.510.431 [process_mode_manager.cpp:123][OpenProcess][tid:1759406] [TsdClient][deviceId=7] [sessionId=1] start hccp and computer process success
[INFO] DRV(1759406,row_copy_reference):2026-09-25-19:59:48.510.463 [event_sched.c:1517][ascend][curpid:1759406,1759406][drv][event-sche][eschedDeviceOpen]The devId open success. (devId=7)
[INFO] DRV(1759406,row_copy_reference):2026-09-25-19:59:48.518.990 [devmm_svm.c:126][ascend][curpid:1759406,1759406][drv][devmm][devmm_setup_device]DrvMemDeviceOpen. (devid=7)
[INFO] DRV(1759406,row_copy_reference):2026-09-25-19:59:48.521.830 [devmm_virt_interface.c:450][ascend][curpid:1759406,1759406][drv][devmm][devmm_ioctl_init_process]Init_process details. (hostpid=1759406)
[INFO] DRV(1759406,row_copy_reference):2026-09-25-19:59:48.522.172 [drv_log_user.c:623][ascend][curpid:1759406,1759406][drv][devmm][share_log_read_in_single_module]Setup device succeeded. (logical_devid=7; devid=7; vfid=0; hostpid=1759406; devpid=18703)
[INFO] DRV(1759406,row_copy_reference):2026-09-25-19:59:48.522.189 [devmm_svm.c:112][ascend][curpid:1759406,1759406][drv][devmm][devmm_set_device_info]Device info. (devid=7; dvpp_size=17179869184; support_bar_mem=1; support_dev_read_only=1; support_dev_mem_map_host=1; support_bar_huge_mem=1; allocated_by_malloc=0; host_rw_dev_ro=1)
[INFO] DRV(1759406,row_copy_reference):2026-09-25-19:59:48.522.196 [devmm_svm.c:116][ascend][curpid:1759406,1759406][drv][devmm][devmm_set_device_info]Device info. (double_pgtable_offset=17592186044416; support_host_pin_pre_register=0; support_host_mem_pool=0; is_support_giant_page=1; support_remote_mmap=1)
[INFO] DRV(1759406,row_copy_reference):2026-09-25-19:59:48.522.610 [queue_interface.c:655][ascend][curpid:1759406,1759406][drv][queuemng][queueDeviceOpen]queue open finish. (devId=7)
[INFO] RUNTIME(1759406,row_copy_reference):2026-09-25-19:59:48.522.694 [raw_device.cc:520] 1759406 Init: isAddrFlat:0
[INFO] TDT(1759406,row_copy_reference):2026-09-25-19:59:48.523.963 [tsd_client.cpp:191][TsdCapabilityGet][tid:1759406] TsdCapabilityGet Begin.
[INFO] TDT(1759406,row_copy_reference):2026-09-25-19:59:48.523.977 [process_mode_manager.cpp:1019][CapabilityGet][tid:1759406] [ProcessModeManager] enter into CapabilityGet process deviceId[7] type[0].
[INFO] TDT(1759406,row_copy_reference):2026-09-25-19:59:48.523.990 [version_verify.cpp:115][SpecialFeatureCheck][tid:1759406] VersionVerify: previous type[38], supported
[INFO] TDT(1759406,row_copy_reference):2026-09-25-19:59:48.524.018 [process_mode_manager.cpp:1042][CapabilityGet][tid:1759406] [TsdClient][deviceId=7] [sessionId=1] [type=0]send capability successfully. 
[INFO] TDT(1759406,row_copy_reference):2026-09-25-19:59:48.524.489 [process_mode_msg_parse.cpp:198][PidQosMsgProc][tid:1759406] [TsdClient] PidQosMsgProc recvMsg realDeviceId[7] msgType[39] localDevId[7] rspCode[0],pidqos[1]
[INFO] TDT(1759406,row_copy_reference):2026-09-25-19:59:48.524.496 [process_mode_manager.cpp:1047][CapabilityGet][tid:1759406] [TsdClient][logicDeviceId_=7][type=0][pidQos=1][ret=0]recv capability response finished.
[INFO] RUNTIME(1759406,row_copy_reference):2026-09-25-19:59:48.524.504 [engine.cc:78] 1759406 Engine: Constructor.
[INFO] RUNTIME(1759406,row_copy_reference):2026-09-25-19:59:48.524.510 [stars_engine.cc:47] 1759406 StarsEngine: Constructor.
[INFO] RUNTIME(1759406,row_copy_reference):2026-09-25-19:59:48.675.487 [runtime.cc:6176] 1759406 CreateReportRasThread: Start report ras thread success!
[INFO] RUNTIME(1759406,row_copy_reference):2026-09-25-19:59:48.675.882 [npu_driver.cc:6953] 1759546 GetDeviceStatus: GetDeviceStatus status=1.
[INFO] ATRACE(1759406,row_copy_reference):2026-09-25-19:59:48.742.750 [tracer_mgr_operate.c:66](tid:1759406) create object RUNTIME_ATRACE_DEV7_TS0 successfully, exitSave(false), noLock(false).
[INFO] TDT(1759406,row_copy_reference):2026-09-25-19:59:48.742.810 [client_manager.cpp:203][SetProfilingCallback][tid:1759406] [TsdClient] set profiling callback successfully
[INFO] PROFILING(1759406,row_copy_reference):2026-09-25-19:59:48.751.778 [prof_atls_plugin.cpp:231] (tid:1759406) Module[69] register callback of ctrl handle.
[INFO] ATRACE(1759406,row_copy_reference):2026-09-25-19:59:48.877.030 [tracer_mgr_operate.c:248](tid:1759406) destroy object RUNTIME_ATRACE_DEV7_TS0, exitSave(false).
[INFO] RUNTIME(1759406,row_copy_reference):2026-09-25-19:59:49.011.757 [stars_engine.cc:55] 1759406 ~StarsEngine: Destructor.
[INFO] RUNTIME(1759406,row_copy_reference):2026-09-25-19:59:49.011.815 [engine.cc:84] 1759406 ~Engine: Destructor.
[INFO] DRV(1759406,row_copy_reference):2026-09-25-19:59:49.011.843 [queue_interface.c:662][ascend][curpid:1759406,1759406][drv][queuemng][queueDeviceClose]queue close finish. (devId=7)
[INFO] DRV(1759406,row_copy_reference):2026-09-25-19:59:49.011.850 [devmm_svm.c:2345][ascend][curpid:1759406,1759406][drv][devmm][drvMemDeviceCloseInner]DrvMemDeviceClose. (devid=7)
[INFO] DRV(1759406,row_copy_reference):2026-09-25-19:59:49.011.869 [svm_mem_statistics.c:146][ascend][curpid:1759406,1759406][drv][devmm][_svm_mem_stats_show]HOST_MEM Mem stats (Bytes). (module_name=RUNTIME; module_id=7; current_alloced_size=0; allocated_peak_size=11341824; alloc_cnt=3; free_cnt=3)
[INFO] DRV(1759406,row_copy_reference):2026-09-25-19:59:49.011.876 [svm_mem_statistics.c:152][ascend][curpid:1759406,1759406][drv][devmm][_svm_mem_stats_show]HOST_MEM Cached_size:12582912Bytes
[INFO] DRV(1759406,row_copy_reference):2026-09-25-19:59:49.011.881 [svm_mem_statistics.c:146][ascend][curpid:1759406,1759406][drv][devmm][_svm_mem_stats_show]MEM_DEV_SMALL_HBM dev7 Mem stats (Bytes). (module_name=RUNTIME; module_id=7; current_alloced_size=0; allocated_peak_size=77824; alloc_cnt=4; free_cnt=4)
[INFO] DRV(1759406,row_copy_reference):2026-09-25-19:59:49.011.887 [svm_mem_statistics.c:146][ascend][curpid:1759406,1759406][drv][devmm][_svm_mem_stats_show]MEM_DEV_SMALL_HBM dev7 Mem stats (Bytes). (module_name=APP; module_id=33; current_alloced_size=0; allocated_peak_size=208896; alloc_cnt=3; free_cnt=3)
[INFO] DRV(1759406,row_copy_reference):2026-09-25-19:59:49.011.892 [svm_mem_statistics.c:152][ascend][curpid:1759406,1759406][drv][devmm][_svm_mem_stats_show]MEM_DEV_SMALL_HBM dev7 Cached_size:2097152Bytes
[INFO] DRV(1759406,row_copy_reference):2026-09-25-19:59:49.011.897 [svm_mem_statistics.c:146][ascend][curpid:1759406,1759406][drv][devmm][_svm_mem_stats_show]MEM_DEV_SMALL_DDR dev7 Mem stats (Bytes). (module_name=UNKNOWN; module_id=0; current_alloced_size=0; allocated_peak_size=4096; alloc_cnt=1; free_cnt=1)
[INFO] DRV(1759406,row_copy_reference):2026-09-25-19:59:49.011.902 [svm_mem_statistics.c:146][ascend][curpid:1759406,1759406][drv][devmm][_svm_mem_stats_show]MEM_DEV_SMALL_DDR dev7 Mem stats (Bytes). (module_name=RUNTIME; module_id=7; current_alloced_size=0; allocated_peak_size=16384; alloc_cnt=1; free_cnt=1)
[INFO] DRV(1759406,row_copy_reference):2026-09-25-19:59:49.011.907 [svm_mem_statistics.c:152][ascend][curpid:1759406,1759406][drv][devmm][_svm_mem_stats_show]MEM_DEV_SMALL_DDR dev7 Cached_size:2097152Bytes
[INFO] DRV(1759406,row_copy_reference):2026-09-25-19:59:49.011.913 [svm_mem_statistics.c:146][ascend][curpid:1759406,1759406][drv][devmm][_svm_mem_stats_show]MEM_DEV_HUGE_HBM dev7 Mem stats (Bytes). (module_name=RUNTIME; module_id=7; current_alloced_size=0; allocated_peak_size=20971520; alloc_cnt=6; free_cnt=6)
[INFO] DRV(1759406,row_copy_reference):2026-09-25-19:59:49.011.917 [svm_mem_statistics.c:152][ascend][curpid:1759406,1759406][drv][devmm][_svm_mem_stats_show]MEM_DEV_HUGE_HBM dev7 Cached_size:20971520Bytes
[INFO] DRV(1759406,row_copy_reference):2026-09-25-19:59:49.011.921 [svm_mem_statistics.c:146][ascend][curpid:1759406,1759406][drv][devmm][_svm_mem_stats_show]MEM_DEV_HUGE_DDR dev7 Mem stats (Bytes). (module_name=RUNTIME; module_id=7; current_alloced_size=0; allocated_peak_size=2097152; alloc_cnt=1; free_cnt=1)
[INFO] DRV(1759406,row_copy_reference):2026-09-25-19:59:49.011.926 [svm_mem_statistics.c:152][ascend][curpid:1759406,1759406][drv][devmm][_svm_mem_stats_show]MEM_DEV_HUGE_DDR dev7 Cached_size:2097152Bytes
[INFO] DRV(1759406,row_copy_reference):2026-09-25-19:59:49.011.930 [svm_mem_statistics.c:146][ascend][curpid:1759406,1759406][drv][devmm][_svm_mem_stats_show]MEM_DEV_HUGE_P2P_HBM dev7 Mem stats (Bytes). (module_name=RUNTIME; module_id=7; current_alloced_size=0; allocated_peak_size=4194304; alloc_cnt=1; free_cnt=1)
[INFO] DRV(1759406,row_copy_reference):2026-09-25-19:59:49.011.935 [svm_mem_statistics.c:152][ascend][curpid:1759406,1759406][drv][devmm][_svm_mem_stats_show]MEM_DEV_HUGE_P2P_HBM dev7 Cached_size:4194304Bytes
[INFO] DRV(1759406,row_copy_reference):2026-09-25-19:59:49.040.718 [drv_log_user.c:623][ascend][curpid:1759406,1759406][drv][devmm][share_log_read_in_single_module]Close logical_device. (logical_devid=7; phyid=7; vfid=0; hostpid=1759406; devpid=18703)
[INFO] DRV(1759406,row_copy_reference):2026-09-25-19:59:49.042.362 [event_sched.c:1496][ascend][curpid:1759406,1759406][drv][event-sche][eschedDeviceClose]The devId close success. (devId=7)
[INFO] TDT(1759406,row_copy_reference):2026-09-25-19:59:49.042.423 [process_mode_manager.cpp:1916][ParseTsdCloseFlag][tid:1759406] Parse tsd close flag [0]
[INFO] TDT(1759406,row_copy_reference):2026-09-25-19:59:49.042.434 [process_mode_manager.cpp:156][Close][tid:1759406] [TsdClient] Close [deviceId=7][sessionId=1] hccp and computer enter
[INFO] TDT(1759406,row_copy_reference):2026-09-25-19:59:49.042.448 [version_verify.cpp:115][SpecialFeatureCheck][tid:1759406] VersionVerify: previous type[7], supported
[INFO] TDT(1759406,row_copy_reference):2026-09-25-19:59:49.042.529 [process_mode_manager.cpp:160][Close][tid:1759406] [TsdClient][deviceId=7] [sessionId=1] wait hccp and computer process close response
[INFO] TDT(1759406,row_copy_reference):2026-09-25-19:59:49.153.666 [process_mode_manager.cpp:163][Close][tid:1759406] [TsdClient][logicDeviceId_=7]has recv close hccp and computer process response
[INFO] TDT(1759406,row_copy_reference):2026-09-25-19:59:49.153.688 [stub_process_mode_nowin.cpp:144][CloseInHost][tid:1759406] enter into CloseInHost deviceid[7]
[INFO] TDT(1759406,row_copy_reference):2026-09-25-19:59:49.153.765 [client_manager.cpp:464][IsHostEnvironment][tid:1759406] [TsdClient] logicDeviceId[7], hostaicpunum[0]
[INFO] TDT(1759406,row_copy_reference):2026-09-25-19:59:49.153.780 [stub_process_mode_nowin.cpp:147][CloseInHost][tid:1759406] host cpu does not support
[INFO] TDT(1759406,row_copy_reference):2026-09-25-19:59:49.153.860 [process_mode_manager.cpp:181][Close][tid:1759406] [TsdClient][deviceId=7] [sessionId=1] close hccp and computer process success
[INFO] ATRACE(1759406,row_copy_reference):2026-09-25-19:59:49.154.353 [atrace_client_core.c:176](tid:1759406) stop to receive device[7] trace log.
[INFO] ASCENDCL(1759406,row_copy_reference):2026-09-25-19:59:49.682.532 [resource_statistics.cpp:113]1759406 TraverseStatistics: The ResourceType:ACL_STATISTICS_MALLOC_FREE, applyTotal = 3, applySucc = 3, releaseTotal = 4, releaseSucc = 4
[INFO] ASCENDCL(1759406,row_copy_reference):2026-09-25-19:59:49.682.576 [resource_statistics.cpp:113]1759406 TraverseStatistics: The ResourceType:ACL_STATISTICS_MALLOC_FREE_HOST, applyTotal = 0, applySucc = 0, releaseTotal = 0, releaseSucc = 0
[INFO] ASCENDCL(1759406,row_copy_reference):2026-09-25-19:59:49.682.594 [resource_statistics.cpp:113]1759406 TraverseStatistics: The ResourceType:ACL_STATISTICS_CREATE_DESTROY_CONTEXT, applyTotal = 0, applySucc = 0, releaseTotal = 0, releaseSucc = 0
[INFO] ASCENDCL(1759406,row_copy_reference):2026-09-25-19:59:49.682.600 [resource_statistics.cpp:113]1759406 TraverseStatistics: The ResourceType:ACL_STATISTICS_SET_RESET_DEVICE, applyTotal = 1, applySucc = 1, releaseTotal = 1, releaseSucc = 1
[INFO] ASCENDCL(1759406,row_copy_reference):2026-09-25-19:59:49.682.604 [resource_statistics.cpp:113]1759406 TraverseStatistics: The ResourceType:ACL_STATISTICS_CREATE_DESTROY_EVENT, applyTotal = 0, applySucc = 0, releaseTotal = 0, releaseSucc = 0
[INFO] ASCENDCL(1759406,row_copy_reference):2026-09-25-19:59:49.682.615 [resource_statistics.cpp:113]1759406 TraverseStatistics: The ResourceType:ACL_STATISTICS_CREATE_DESTROY_STREAM, applyTotal = 1, applySucc = 1, releaseTotal = 1, releaseSucc = 1
[INFO] ASCENDCL(1759406,row_copy_reference):2026-09-25-19:59:49.682.618 [resource_statistics.cpp:113]1759406 TraverseStatistics: The ResourceType:ACL_STATISTICS_DVPP_MALLOC_FREE, applyTotal = 0, applySucc = 0, releaseTotal = 0, releaseSucc = 0
[INFO] ASCENDCL(1759406,row_copy_reference):2026-09-25-19:59:49.682.622 [resource_statistics.cpp:113]1759406 TraverseStatistics: The ResourceType:ACL_STATISTICS_RECORD_RESET_EVENT, applyTotal = 0, applySucc = 0, releaseTotal = 0, releaseSucc = 0
[INFO] ASCENDCL(1759406,row_copy_reference):2026-09-25-19:59:49.682.626 [resource_statistics.cpp:113]1759406 TraverseStatistics: The ResourceType:ACL_STATISTICS_CREATE_DESTROY_DATA_BUFFER, applyTotal = 0, applySucc = 0, releaseTotal = 0, releaseSucc = 0
[INFO] ASCENDCL(1759406,row_copy_reference):2026-09-25-19:59:49.682.630 [resource_statistics.cpp:113]1759406 TraverseStatistics: The ResourceType:ACL_STATISTICS_CREATE_DESTROY_TENSOR_DESC, applyTotal = 0, applySucc = 0, releaseTotal = 0, releaseSucc = 0
[INFO] ASCENDCL(1759406,row_copy_reference):2026-09-25-19:59:49.682.633 [resource_statistics.cpp:113]1759406 TraverseStatistics: The ResourceType:ACL_STATISTICS_CREATE_DESTROY_DESC, applyTotal = 0, applySucc = 0, releaseTotal = 0, releaseSucc = 0
[INFO] ASCENDCL(1759406,row_copy_reference):2026-09-25-19:59:49.682.637 [resource_statistics.cpp:113]1759406 TraverseStatistics: The ResourceType:ACL_STATISTICS_CREATE_DESTROY_DATASET, applyTotal = 0, applySucc = 0, releaseTotal = 0, releaseSucc = 0
[INFO] ASCENDCL(1759406,row_copy_reference):2026-09-25-19:59:49.682.640 [resource_statistics.cpp:113]1759406 TraverseStatistics: The ResourceType:ACL_STATISTICS_CREATE_LOAD_UNLOAD_MODEL, applyTotal = 0, applySucc = 0, releaseTotal = 0, releaseSucc = 0
[INFO] ASCENDCL(1759406,row_copy_reference):2026-09-25-19:59:49.682.644 [resource_statistics.cpp:113]1759406 TraverseStatistics: The ResourceType:ACL_STATISTICS_CREATE_DESTROY_AIPP, applyTotal = 0, applySucc = 0, releaseTotal = 0, releaseSucc = 0
[INFO] ASCENDCL(1759406,row_copy_reference):2026-09-25-19:59:49.682.647 [resource_statistics.cpp:113]1759406 TraverseStatistics: The ResourceType:ACL_STATISTICS_CREATE_DESTROY_ATTR, applyTotal = 0, applySucc = 0, releaseTotal = 0, releaseSucc = 0
[INFO] ASCENDCL(1759406,row_copy_reference):2026-09-25-19:59:49.682.650 [resource_statistics.cpp:113]1759406 TraverseStatistics: The ResourceType:ACL_STATISTICS_CREATE_DESTROY_HANDLE, applyTotal = 0, applySucc = 0, releaseTotal = 0, releaseSucc = 0
[INFO] ASCENDCL(1759406,row_copy_reference):2026-09-25-19:59:49.682.664 [resource_statistics.cpp:113]1759406 TraverseStatistics: The ResourceType:ACL_STATISTICS_CREATE_DESTROY_DVPP_CHANNEL_DESC, applyTotal = 0, applySucc = 0, releaseTotal = 0, releaseSucc = 0
[INFO] ASCENDCL(1759406,row_copy_reference):2026-09-25-19:59:49.682.667 [resource_statistics.cpp:113]1759406 TraverseStatistics: The ResourceType:ACL_STATISTICS_CREATE_DESTROY_DVPP_PIC_DESC, applyTotal = 0, applySucc = 0, releaseTotal = 0, releaseSucc = 0
[INFO] ASCENDCL(1759406,row_copy_reference):2026-09-25-19:59:49.682.671 [resource_statistics.cpp:113]1759406 TraverseStatistics: The ResourceType:ACL_STATISTICS_CREATE_DESTROY_DVPP_ROI_CONFIG, applyTotal = 0, applySucc = 0, releaseTotal = 0, releaseSucc = 0
[INFO] ASCENDCL(1759406,row_copy_reference):2026-09-25-19:59:49.682.685 [resource_statistics.cpp:113]1759406 TraverseStatistics: The ResourceType:ACL_STATISTICS_CREATE_DESTROY_DVPP_RESIZE_CONFIG, applyTotal = 0, applySucc = 0, releaseTotal = 0, releaseSucc = 0
[INFO] ASCENDCL(1759406,row_copy_reference):2026-09-25-19:59:49.682.696 [resource_statistics.cpp:113]1759406 TraverseStatistics: The ResourceType:ACL_STATISTICS_CREATE_DESTROY_DVPP_JPEGE_CONFIG, applyTotal = 0, applySucc = 0, releaseTotal = 0, releaseSucc = 0
[INFO] ASCENDCL(1759406,row_copy_reference):2026-09-25-19:59:49.682.700 [resource_statistics.cpp:113]1759406 TraverseStatistics: The ResourceType:ACL_STATISTICS_CREATE_DESTROY_VDEC_CHANNEL_DESC, applyTotal = 0, applySucc = 0, releaseTotal = 0, releaseSucc = 0
[INFO] ASCENDCL(1759406,row_copy_reference):2026-09-25-19:59:49.682.704 [resource_statistics.cpp:113]1759406 TraverseStatistics: The ResourceType:ACL_STATISTICS_CREATE_DESTROY_VENC_CHANNEL_DESC, applyTotal = 0, applySucc = 0, releaseTotal = 0, releaseSucc = 0
[INFO] ASCENDCL(1759406,row_copy_reference):2026-09-25-19:59:49.682.707 [resource_statistics.cpp:113]1759406 TraverseStatistics: The ResourceType:ACL_STATISTICS_CREATE_DESTROY_DVPP_STREAM_DESC, applyTotal = 0, applySucc = 0, releaseTotal = 0, releaseSucc = 0
[INFO] ASCENDCL(1759406,row_copy_reference):2026-09-25-19:59:49.682.710 [resource_statistics.cpp:113]1759406 TraverseStatistics: The ResourceType:ACL_STATISTICS_CREATE_DESTROY_VDEC_FRAME_CONFIG, applyTotal = 0, applySucc = 0, releaseTotal = 0, releaseSucc = 0
[INFO] ASCENDCL(1759406,row_copy_reference):2026-09-25-19:59:49.682.713 [resource_statistics.cpp:113]1759406 TraverseStatistics: The ResourceType:ACL_STATISTICS_CREATE_DESTROY_VENC_FRAME_CONFIG, applyTotal = 0, applySucc = 0, releaseTotal = 0, releaseSucc = 0
[INFO] ASCENDCL(1759406,row_copy_reference):2026-09-25-19:59:49.682.717 [resource_statistics.cpp:113]1759406 TraverseStatistics: The ResourceType:ACL_STATISTICS_CREATE_DESTROY_DVPP_CHANNEL, applyTotal = 0, applySucc = 0, releaseTotal = 0, releaseSucc = 0
[INFO] ASCENDCL(1759406,row_copy_reference):2026-09-25-19:59:49.682.720 [resource_statistics.cpp:113]1759406 TraverseStatistics: The ResourceType:ACL_STATISTICS_CREATE_DESTROY_VDEC_CHANNEL, applyTotal = 0, applySucc = 0, releaseTotal = 0, releaseSucc = 0
[INFO] ASCENDCL(1759406,row_copy_reference):2026-09-25-19:59:49.682.723 [resource_statistics.cpp:113]1759406 TraverseStatistics: The ResourceType:ACL_STATISTICS_CREATE_DESTROY_VENC_CHANNEL, applyTotal = 0, applySucc = 0, releaseTotal = 0, releaseSucc = 0
[INFO] ASCENDCL(1759406,row_copy_reference):2026-09-25-19:59:49.682.727 [resource_statistics.cpp:113]1759406 TraverseStatistics: The ResourceType:ACL_STATISTICS_CREATE_DESTROY_DVPP_BATCH_PIC_DESC, applyTotal = 0, applySucc = 0, releaseTotal = 0, releaseSucc = 0
[INFO] ASCENDCL(1759406,row_copy_reference):2026-09-25-19:59:49.682.730 [resource_statistics.cpp:113]1759406 TraverseStatistics: The ResourceType:ACL_STATISTICS_CREATE_DESTROY_GROUP_INFO, applyTotal = 0, applySucc = 0, releaseTotal = 0, releaseSucc = 0
[INFO] ASCENDCL(1759406,row_copy_reference):2026-09-25-19:59:49.682.734 [resource_statistics.cpp:113]1759406 TraverseStatistics: The ResourceType:ACL_STATISTICS_CREATE_DESTROY_PROF_CONFIG, applyTotal = 0, applySucc = 0, releaseTotal = 0, releaseSucc = 0
[INFO] ASCENDCL(1759406,row_copy_reference):2026-09-25-19:59:49.682.737 [resource_statistics.cpp:113]1759406 TraverseStatistics: The ResourceType:ACL_STATISTICS_CREATE_DESTROY_PROF_SUB_CONFIG, applyTotal = 0, applySucc = 0, releaseTotal = 0, releaseSucc = 0
[INFO] ASCENDCL(1759406,row_copy_reference):2026-09-25-19:59:49.682.741 [resource_statistics.cpp:113]1759406 TraverseStatistics: The ResourceType:ACL_STATISTICS_CREATE_DESTROY_MODEL_CONFIG, applyTotal = 0, applySucc = 0, releaseTotal = 0, releaseSucc = 0
[INFO] ASCENDCL(1759406,row_copy_reference):2026-09-25-19:59:49.682.744 [resource_statistics.cpp:113]1759406 TraverseStatistics: The ResourceType:ACL_STATISTICS_CREATE_DESTROY_QUEUE_ID, applyTotal = 0, applySucc = 0, releaseTotal = 0, releaseSucc = 0
[INFO] ASCENDCL(1759406,row_copy_reference):2026-09-25-19:59:49.682.748 [resource_statistics.cpp:113]1759406 TraverseStatistics: The ResourceType:ACL_STATISTICS_CREATE_DESTROY_QUEUE_ATTR, applyTotal = 0, applySucc = 0, releaseTotal = 0, releaseSucc = 0
[INFO] ASCENDCL(1759406,row_copy_reference):2026-09-25-19:59:49.682.751 [resource_statistics.cpp:113]1759406 TraverseStatistics: The ResourceType:ACL_STATISTICS_CREATE_DESTROY_QUEUE_ROUTE, applyTotal = 0, applySucc = 0, releaseTotal = 0, releaseSucc = 0
[INFO] ASCENDCL(1759406,row_copy_reference):2026-09-25-19:59:49.682.755 [resource_statistics.cpp:113]1759406 TraverseStatistics: The ResourceType:ACL_STATISTICS_CREATE_DESTROY_QUEUE_ROUTE_LIST, applyTotal = 0, applySucc = 0, releaseTotal = 0, releaseSucc = 0
[INFO] ASCENDCL(1759406,row_copy_reference):2026-09-25-19:59:49.682.758 [resource_statistics.cpp:113]1759406 TraverseStatistics: The ResourceType:ACL_STATISTICS_CREATE_DESTROY_QUEUE_ROUTE_QUERY, applyTotal = 0, applySucc = 0, releaseTotal = 0, releaseSucc = 0
[INFO] ASCENDCL(1759406,row_copy_reference):2026-09-25-19:59:49.682.762 [resource_statistics.cpp:113]1759406 TraverseStatistics: The ResourceType:ACL_STATISTICS_CREATE_DESTROY_MBUF, applyTotal = 0, applySucc = 0, releaseTotal = 0, releaseSucc = 0
[INFO] ASCENDCL(1759406,row_copy_reference):2026-09-25-19:59:49.682.765 [resource_statistics.cpp:113]1759406 TraverseStatistics: The ResourceType:ACL_STATISTICS_CREATE_DESTROY_GRAPH_DUMP_OPTION, applyTotal = 0, applySucc = 0, releaseTotal = 0, releaseSucc = 0
[INFO] ASCENDCL(1759406,row_copy_reference):2026-09-25-19:59:49.682.769 [resource_statistics.cpp:113]1759406 TraverseStatistics: The ResourceType:ACL_STATISTICS_CREATE_DESTROY_ALLOCATOR_DESC, applyTotal = 0, applySucc = 0, releaseTotal = 0, releaseSucc = 0
[INFO] ASCENDCL(1759406,row_copy_reference):2026-09-25-19:59:49.682.773 [resource_statistics.cpp:113]1759406 TraverseStatistics: The ResourceType:ACL_STATISTICS_CREATE_DESTROY_ALLOCATOR_BINARY_DESC, applyTotal = 0, applySucc = 0, releaseTotal = 0, releaseSucc = 0
[INFO] ASCENDCL(1759406,row_copy_reference):2026-09-25-19:59:49.682.776 [resource_statistics.cpp:113]1759406 TraverseStatistics: The ResourceType:ACL_STATISTICS_RESERVE_RELEASE_MEMORY_ADDRESS, applyTotal = 0, applySucc = 0, releaseTotal = 0, releaseSucc = 0
[INFO] ASCENDCL(1759406,row_copy_reference):2026-09-25-19:59:49.682.780 [resource_statistics.cpp:113]1759406 TraverseStatistics: The ResourceType:ACL_STATISTICS_MALLOC_FREE_PHYSICAL_MEMORY, applyTotal = 0, applySucc = 0, releaseTotal = 0, releaseSucc = 0
[INFO] ASCENDCL(1759406,row_copy_reference):2026-09-25-19:59:49.682.783 [resource_statistics.cpp:113]1759406 TraverseStatistics: The ResourceType:ACL_STATISTICS_MAP_UNMAP_MEMORY, applyTotal = 0, applySucc = 0, releaseTotal = 0, releaseSucc = 0
[INFO] ASCENDCL(1759406,row_copy_reference):2026-09-25-19:59:49.682.787 [resource_statistics.cpp:113]1759406 TraverseStatistics: The ResourceType:ACL_STATISTICS_LOAD_UNLOAD_BINARY, applyTotal = 0, applySucc = 0, releaseTotal = 0, releaseSucc = 0
[EVENT] PROFILING(1759406,row_copy_reference):2026-09-25-19:59:49.682.832 [msprof_callback_impl.cpp:111] >>> (tid:1759406) MsprofCtrlCallback called, type: 3
[EVENT] PROFILING(1759406,row_copy_reference):2026-09-25-19:59:49.682.853 [ai_drv_dev_api.cpp:333] >>> (tid:1759406) Succeeded to DrvGetApiVersion version: 0x72318
[INFO] RUNTIME(1759406,row_copy_reference):2026-09-25-19:59:49.701.945 [runtime.cc:6218] 1759547 ReportRasRun: Report ras thread exits normally!
[INFO] ATRACE(1759406,row_copy_reference):2026-09-25-19:59:49.750.042 [atrace_client_core.c:127](tid:1759519) atrace receive thread exited, devId=7.
[INFO] RUNTIME(1759406,row_copy_reference):2026-09-25-19:59:50.192.051 [runtime.cc:1667] 1759406 ~Runtime: runtime destructor.
[INFO] RUNTIME(1759406,row_copy_reference):2026-09-25-19:59:50.192.100 [runtime.cc:6186] 1759406 DestroyReportRasThread: Join report ras thread OK.
[INFO] RUNTIME(1759406,row_copy_reference):2026-09-25-19:59:50.192.107 [runtime.cc:1755] 1759406 WaitMonitorExit: wait monitor success, used count=0.
[INFO] RUNTIME(1759406,row_copy_reference):2026-09-25-19:59:50.307.593 [task_fail_callback_data_manager.cc:93] 1759406 ~TaskFailCallBackManager: Destructor.
[INFO] ATRACE(1759406,row_copy_reference):2026-09-25-19:59:50.309.593 [stacktrace_signal.c:194](tid:1759406) unregister all signal handlers, can not capture signal.
NPU_PROBE PASS device=7 rows=3 D=8192 elements=24576 exact=1
CORRECTNESS_RUN_EXIT_STATUS=0
POST_UTC=2026-09-25T19:59:50+00:00
POST_DEVICE_AND_PROCESS_SNAPSHOT_BEGIN
+------------------------------------------------------------------------------------------------+
| npu-smi 25.0.rc1.1               Version: 25.0.rc1.1                                           |
+---------------------------+---------------+----------------------------------------------------+
| NPU   Name                | Health        | Power(W)    Temp(C)           Hugepages-Usage(page)|
| Chip                      | Bus-Id        | AICore(%)   Memory-Usage(MB)  HBM-Usage(MB)        |
+===========================+===============+====================================================+
| 0     910B3               | OK            | 91.6        31                0    / 0             |
| 0                         | 0000:C1:00.0  | 0           0    / 0          59955/ 65536         |
+===========================+===============+====================================================+
| 1     910B3               | OK            | 88.7        30                0    / 0             |
| 0                         | 0000:C2:00.0  | 0           0    / 0          60006/ 65536         |
+===========================+===============+====================================================+
| 2     910B3               | OK            | 86.7        32                0    / 0             |
| 0                         | 0000:81:00.0  | 0           0    / 0          59949/ 65536         |
+===========================+===============+====================================================+
| 3     910B3               | OK            | 90.9        31                0    / 0             |
| 0                         | 0000:82:00.0  | 0           0    / 0          59951/ 65536         |
+===========================+===============+====================================================+
| 4     910B3               | OK            | 89.2        35                0    / 0             |
| 0                         | 0000:01:00.0  | 0           0    / 0          59186/ 65536         |
+===========================+===============+====================================================+
| 5     910B3               | OK            | 91.1        33                0    / 0             |
| 0                         | 0000:02:00.0  | 0           0    / 0          59876/ 65536         |
+===========================+===============+====================================================+
| 6     910B3               | OK            | 93.8        36                0    / 0             |
| 0                         | 0000:41:00.0  | 0           0    / 0          59875/ 65536         |
+===========================+===============+====================================================+
| 7     910B3               | OK            | 107.0       40                0    / 0             |
| 0                         | 0000:42:00.0  | 0           0    / 0          14537/ 65536         |
+===========================+===============+====================================================+
+---------------------------+---------------+----------------------------------------------------+
| NPU     Chip              | Process id    | Process name             | Process memory(MB)      |
+===========================+===============+====================================================+
| 0       0                 | 89395         | VLLMWorker_TP            | 56434                   |
+===========================+===============+====================================================+
| 1       0                 | 91055         | VLLMWorker_TP            | 56434                   |
+===========================+===============+====================================================+
| 2       0                 | 92813         | VLLMWorker_TP            | 56435                   |
+===========================+===============+====================================================+
| 3       0                 | 94498         | VLLMWorker_TP            | 56435                   |
+===========================+===============+====================================================+
| 4       0                 | 2999855       | VLLMEngineCor            | 55664                   |
+===========================+===============+====================================================+
| 5       0                 | 89602         | VLLMWorker_TP            | 56354                   |
+===========================+===============+====================================================+
| 6       0                 | 91228         | VLLMWorker_TP            | 56355                   |
+===========================+===============+====================================================+
| 7       0                 | 1300597       | python                   | 11012                   |
+===========================+===============+====================================================+
POST_DEVICE_AND_PROCESS_SNAPSHOT_END
POST_DEVICE7_PROCESS pid=70 name=1300597 memory_mb=python command=[migration/9]
