REMOTE_HOST=hwnput3
EXACT_COMMAND=timeout 60s env ASCEND_DEVICE_ID=1 /home/data4t2/lelinfeng/MODE-X-R015C_runs/R015C-r4/build/row_copy_reference --addrmsnormbias-probe R D 1
--- SOURCE_AND_EXECUTABLE_IDENTITY ---
9d168a507369935365fce2c5ff1f4a88a485b8611168d1accd647534777cecd6  /home/data4t2/lelinfeng/MODE-X-R015C_runs/R015C-r4/source/op_host/row_copy_host.asc
9367db4ebb4edf6b7bf6cde97f4846f987e6ab230c2aeee44d942d5e881a1c74  /home/data4t2/lelinfeng/MODE-X-R015C_runs/R015C-r4/source/op_kernel/row_copy_kernel.asc
0939ba8498426fcd77645d826fcc45a8eb65c78996ad0ce1da1a00d1ac01a250  /home/data4t2/lelinfeng/MODE-X-R015C_runs/R015C-r4/source/op_kernel/row_copy_tiling.h
9796b1b73b684ac94102fef9086201c7927c0e66a8989266c4d019105bfc1d8e  /home/data4t2/lelinfeng/MODE-X-R015C_runs/R015C-r4/build/row_copy_reference
--- PRE_DEVICE ---
	NPU ID                         : 1
	Chip Count                     : 1

	DDR Capacity(MB)               : 0
	DDR Usage Rate(%)              : 0
	DDR Hugepages Total(page)      : 0
	DDR Hugepages Usage Rate(%)    : 0
	HBM Capacity(MB)               : 65536
	HBM Usage Rate(%)              : 91
	Aicore Usage Rate(%)           : 36
	Aivector Usage Rate(%)         : 37
	Aicpu Usage Rate(%)            : 0
	Ctrlcpu Usage Rate(%)          : 5
	DDR Bandwidth Usage Rate(%)    : 0
	HBM Bandwidth Usage Rate(%)    : 33
	Chip ID                        : 0

RUN target=AddRmsNormBias rows=2 D=256 device=1
[INFO] RUNTIME(2295342,row_copy_reference):2026-09-27-12:54:00.297.949 [task_fail_callback_data_manager.cc:88] 2295342 TaskFailCallBackManager: Constructor.
[EVENT] PROFILING(2295342,row_copy_reference):2026-09-27-12:54:00.383.249 [msprof_callback_impl.cpp:359] >>> (tid:2295342) Started to register profiling ctrl callback.
[EVENT] PROFILING(2295342,row_copy_reference):2026-09-27-12:54:00.383.409 [msprof_callback_impl.cpp:366] >>> (tid:2295342) Started to register profiling hash id callback.
[INFO] PROFILING(2295342,row_copy_reference):2026-09-27-12:54:00.383.420 [prof_atls_plugin.cpp:118] (tid:2295342) RegisterProfileCallback, callback type is 7
[EVENT] PROFILING(2295342,row_copy_reference):2026-09-27-12:54:00.383.426 [msprof_callback_impl.cpp:373] >>> (tid:2295342) Started to register profiling enable host freq callback.
[INFO] PROFILING(2295342,row_copy_reference):2026-09-27-12:54:00.383.430 [prof_atls_plugin.cpp:118] (tid:2295342) RegisterProfileCallback, callback type is 8
[EVENT] PROFILING(2295342,row_copy_reference):2026-09-27-12:54:00.383.434 [msprof_callback_impl.cpp:380] >>> (tid:2295342) Started to register profiling typeId callback.
[INFO] PROFILING(2295342,row_copy_reference):2026-09-27-12:54:00.383.438 [prof_atls_plugin.cpp:118] (tid:2295342) RegisterProfileCallback, callback type is 6
[INFO] PROFILING(2295342,row_copy_reference):2026-09-27-12:54:00.411.822 [prof_atls_plugin.cpp:231] (tid:2295342) Module[45] register callback of ctrl handle.
[INFO] GE(2295342,row_copy_reference):2026-09-27-12:54:01.009.287 [op_tiling_manager.cc:109]2295342 ~FuncPerfScope:[GEPERFTRACE] The time cost of OpTilingManager::LoadSo is [597410] micro seconds.
[INFO] PROFILING(2295342,row_copy_reference):2026-09-27-12:54:01.078.077 [prof_atls_plugin.cpp:231] (tid:2295342) Module[6] register callback of ctrl handle.
[INFO] RUNTIME(2295342,row_copy_reference):2026-09-27-12:54:02.133.231 [runtime_keeper.cc:158] 2295342 CreateRuntimeImpl: Open libruntime_v100.so successfully
[INFO] RUNTIME(2295342,row_copy_reference):2026-09-27-12:54:02.133.380 [runtime.cc:5638] 2295342 GetVisibleDevices: ASCEND_RT_VISIBLE_DEVICES param was not set
[INFO] TDT(2295342,row_copy_reference):2026-09-27-12:54:02.135.491 [package_worker_factory.cpp:40][RegisterPackageWorkerCreator][tid:2295342] Register[4] package worker was created successfully
[INFO] TDT(2295342,row_copy_reference):2026-09-27-12:54:02.135.519 [package_worker_factory.cpp:40][RegisterPackageWorkerCreator][tid:2295342] Register[6] package worker was created successfully
[INFO] TDT(2295342,row_copy_reference):2026-09-27-12:54:02.135.528 [package_worker_factory.cpp:40][RegisterPackageWorkerCreator][tid:2295342] Register[5] package worker was created successfully
[INFO] TDT(2295342,row_copy_reference):2026-09-27-12:54:02.135.537 [package_worker_factory.cpp:40][RegisterPackageWorkerCreator][tid:2295342] Register[0] package worker was created successfully
[INFO] TDT(2295342,row_copy_reference):2026-09-27-12:54:02.135.542 [package_worker_factory.cpp:40][RegisterPackageWorkerCreator][tid:2295342] Register[1] package worker was created successfully
[INFO] TDT(2295342,row_copy_reference):2026-09-27-12:54:02.135.545 [package_worker_factory.cpp:40][RegisterPackageWorkerCreator][tid:2295342] Register[8] package worker was created successfully
[INFO] TDT(2295342,row_copy_reference):2026-09-27-12:54:02.135.553 [package_worker_factory.cpp:40][RegisterPackageWorkerCreator][tid:2295342] Register[2] package worker was created successfully
[INFO] TDT(2295342,row_copy_reference):2026-09-27-12:54:02.135.557 [package_worker_factory.cpp:40][RegisterPackageWorkerCreator][tid:2295342] Register[3] package worker was created successfully
[INFO] PROFILING(2295342,row_copy_reference):2026-09-27-12:54:02.135.799 [prof_atls_plugin.cpp:231] (tid:2295342) Module[7] register callback of ctrl handle.
[INFO] PROFILING(2295342,row_copy_reference):2026-09-27-12:54:02.135.876 [prof_atls_plugin.cpp:231] (tid:2295342) Module[48] register callback of ctrl handle.
[EVENT] PROFILING(2295342,row_copy_reference):2026-09-27-12:54:02.135.896 [msprof_callback_impl.cpp:111] >>> (tid:2295342) MsprofCtrlCallback called, type: 255
[EVENT] PROFILING(2295342,row_copy_reference):2026-09-27-12:54:02.136.107 [ai_drv_dev_api.cpp:333] >>> (tid:2295342) Succeeded to DrvGetApiVersion version: 0x72318
[INFO] ASCENDCL(2295342,row_copy_reference):2026-09-27-12:54:02.136.376 [acl.cpp:253]2295342 GetAllPackageVersion: Version of runtime package is 8.5.0.alpha002
[INFO] ASCENDCL(2295342,row_copy_reference):2026-09-27-12:54:02.136.418 [acl.cpp:253]2295342 GetAllPackageVersion: Version of runtime package is 8.5.0.alpha002
[INFO] ASCENDCL(2295342,row_copy_reference):2026-09-27-12:54:02.136.460 [acl.cpp:253]2295342 GetAllPackageVersion: Version of compiler package is 8.5.0.alpha002
[INFO] ASCENDCL(2295342,row_copy_reference):2026-09-27-12:54:02.136.503 [acl.cpp:253]2295342 GetAllPackageVersion: Version of hccl package is 8.5.0.alpha002
[INFO] ASCENDCL(2295342,row_copy_reference):2026-09-27-12:54:02.136.544 [acl.cpp:253]2295342 GetAllPackageVersion: Version of toolkit package is 8.5.0.alpha002
[INFO] ASCENDCL(2295342,row_copy_reference):2026-09-27-12:54:02.136.581 [acl.cpp:253]2295342 GetAllPackageVersion: Version of opp package is 8.5.0.alpha002
[INFO] ASCENDCL(2295342,row_copy_reference):2026-09-27-12:54:02.136.621 [acl.cpp:253]2295342 GetAllPackageVersion: Version of opp_kernel package is 8.5.0.alpha002
[INFO] ASCENDCL(2295342,row_copy_reference):2026-09-27-12:54:02.136.679 [acl.cpp:253]2295342 GetAllPackageVersion: Version of driver package is 25.0.rc1.1
[INFO] ATRACE(2295342,row_copy_reference):2026-09-27-12:54:02.140.683 [atrace_client_core.c:160](tid:2295342) start to receive device[1] trace log.
[INFO] ASCENDCL(2295342,row_copy_reference):2026-09-27-12:54:02.140.708 [acl_resource_manager.cpp:133]2295342 GetRuntimeV2Env: runtime v2 flag : model flag = 1, singleOp flag = 1
[INFO] TDT(2295342,row_copy_reference):2026-09-27-12:54:02.140.770 [client_manager.cpp:464][IsHostEnvironment][tid:2295342] [TsdClient] logicDeviceId[1], hostaicpunum[0]
[INFO] TDT(2295342,row_copy_reference):2026-09-27-12:54:02.140.779 [client_manager.cpp:493][GetClientRunMode][tid:2295342] runMode:0
[INFO] TDT(2295342,row_copy_reference):2026-09-27-12:54:02.140.783 [client_manager.cpp:133][GetInstance][tid:2295342] [ClientManager] Current mode:1
[INFO] TDT(2295342,row_copy_reference):2026-09-27-12:54:02.140.798 [process_mode_base.cpp:152][GetLogLevel][tid:2295342] [TsdClient] get ASCEND_GLOBAL_LOG_LEVEL [] ASCEND_GLOBAL_EVENT_ENABLE [] ASCEND_MODULE_LOG_LEVEL []
[INFO] TDT(2295342,row_copy_reference):2026-09-27-12:54:02.140.872 [process_mode_manager.cpp:79][OpenProcess][tid:2295342] [ProcessModeManager] enter into open process deviceId[1] rankSize[0]
[INFO] TDT(2295342,row_copy_reference):2026-09-27-12:54:02.141.108 [client_manager.cpp:290][CheckPackageExistsOnce][tid:2295342] [TsdClient][deviceId=1] set package path[/usr/local/Ascend/ascend-toolkit/latest/opp/Ascend/aicpu/], package name[Ascend-aicpu_syskernels.tar.gz], packageType[0]
[INFO] TDT(2295342,row_copy_reference):2026-09-27-12:54:02.141.301 [client_manager.cpp:290][CheckPackageExistsOnce][tid:2295342] [TsdClient][deviceId=1] set package path[/usr/local/Ascend/ascend-toolkit/latest/opp/Ascend/aicpu/], package name[Ascend-aicpu_extend_syskernels.tar.gz], packageType[1]
[INFO] TDT(2295342,row_copy_reference):2026-09-27-12:54:02.141.417 [client_manager.cpp:279][CheckPackageExistsOnce][tid:2295342] [TsdClient][deviceId=1] pkg size[0] in path[/usr/local/Ascend/ascend-toolkit/latest/opp/built-in/] must be only one, skip send package, packageType[6]
[INFO] TDT(2295342,row_copy_reference):2026-09-27-12:54:02.141.509 [process_mode_manager.cpp:470][InitTsdClient][tid:2295342] [TsdClient] deviceId[1] begin to init hdc client
[INFO] TDT(2295342,row_copy_reference):2026-09-27-12:54:02.141.616 [version_verify.cpp:37][SetVersionInfo][tid:2295342] VersionVerify: send client version to server
[INFO] TDT(2295342,row_copy_reference):2026-09-27-12:54:02.142.332 [version_verify.cpp:69][PeerVersionCheck][tid:2295342] VersionVerify: Check client version info, server[1230], client[1230]
[INFO] TDT(2295342,row_copy_reference):2026-09-27-12:54:02.142.342 [version_verify.cpp:90][ParseVersionInfo][tid:2295342] VersionVerify: pass client version info success
[INFO] TDT(2295342,row_copy_reference):2026-09-27-12:54:02.142.346 [hdc_client.cpp:273][CheckHdcConnection][tid:2295342] Service[2] create hdc successfully.
[INFO] TDT(2295342,row_copy_reference):2026-09-27-12:54:02.142.359 [version_verify.cpp:123][SpecialFeatureCheck][tid:2295342] VersionVerify: new type[35], supported
[INFO] TDT(2295342,row_copy_reference):2026-09-27-12:54:02.142.395 [process_mode_manager.cpp:711][GetDeviceCheckCodeOnce][tid:2295342] [TsdClient][deviceId=1] [sessionId=1] wait package info response
[INFO] TDT(2295342,row_copy_reference):2026-09-27-12:54:02.143.504 [version_verify.cpp:123][SpecialFeatureCheck][tid:2295342] VersionVerify: new type[64], supported
[INFO] TDT(2295342,row_copy_reference):2026-09-27-12:54:02.143.573 [process_mode_manager.cpp:423][SendAICPUPackage][tid:2295342] [TsdClient][deviceId_=1] the checksum of host package[62399746] is the same as device[62399746], skip send package.
[INFO] TDT(2295342,row_copy_reference):2026-09-27-12:54:02.143.581 [process_mode_manager.cpp:1843][SendCommonPackage][tid:2295342] [TsdClient][deviceId_=1] package is not existed, skip send, packageType[6]
[INFO] TDT(2295342,row_copy_reference):2026-09-27-12:54:02.143.586 [process_mode_manager.cpp:1957][LoadDriverExtendPkg][tid:2295342] The device-sw-plugin package not found; skipping send to device.
[INFO] TDT(2295342,row_copy_reference):2026-09-27-12:54:02.143.593 [process_mode_manager.cpp:470][InitTsdClient][tid:2295342] [TsdClient] deviceId[1] begin to init hdc client
[INFO] TDT(2295342,row_copy_reference):2026-09-27-12:54:02.143.663 [version_verify.cpp:37][SetVersionInfo][tid:2295342] VersionVerify: send client version to server
[INFO] TDT(2295342,row_copy_reference):2026-09-27-12:54:02.144.152 [version_verify.cpp:69][PeerVersionCheck][tid:2295342] VersionVerify: Check client version info, server[1230], client[1230]
[INFO] TDT(2295342,row_copy_reference):2026-09-27-12:54:02.144.160 [version_verify.cpp:90][ParseVersionInfo][tid:2295342] VersionVerify: pass client version info success
[INFO] TDT(2295342,row_copy_reference):2026-09-27-12:54:02.144.164 [hdc_client.cpp:273][CheckHdcConnection][tid:2295342] Service[2] create hdc successfully.
[INFO] TDT(2295342,row_copy_reference):2026-09-27-12:54:02.144.176 [process_mode_manager.cpp:537][ConstructOpenMsg][tid:2295342] [TsdClient] tsd get process sign successfully, procpid[2295342] signSize[48]
[INFO] TDT(2295342,row_copy_reference):2026-09-27-12:54:02.144.184 [version_verify.cpp:115][SpecialFeatureCheck][tid:2295342] VersionVerify: previous type[6], supported
[INFO] TDT(2295342,row_copy_reference):2026-09-27-12:54:02.144.202 [process_mode_manager.cpp:98][OpenProcess][tid:2295342] [ProcessModeManager] deviceId[1] sessionId[1] rankSize[0], wait subprocess start response
[INFO] TDT(2295342,row_copy_reference):2026-09-27-12:54:02.345.835 [stub_process_mode_nowin.cpp:62][ProcessQueueForMdc][tid:2295342] [TsdClient] it is unnecessary for current mode[0] to grant queue auth to aicpusd
[INFO] TDT(2295342,row_copy_reference):2026-09-27-12:54:02.345.876 [stub_process_mode_nowin.cpp:101][OpenInHost][tid:2295342] enter into OpenInHost deviceid[1]
[INFO] TDT(2295342,row_copy_reference):2026-09-27-12:54:02.345.907 [client_manager.cpp:464][IsHostEnvironment][tid:2295342] [TsdClient] logicDeviceId[1], hostaicpunum[0]
[INFO] TDT(2295342,row_copy_reference):2026-09-27-12:54:02.345.913 [stub_process_mode_nowin.cpp:105][OpenInHost][tid:2295342] host cpu does not support
[INFO] TDT(2295342,row_copy_reference):2026-09-27-12:54:02.345.917 [process_mode_manager.cpp:123][OpenProcess][tid:2295342] [TsdClient][deviceId=1] [sessionId=1] start hccp and computer process success
[INFO] DRV(2295342,row_copy_reference):2026-09-27-12:54:02.345.938 [event_sched.c:1517][ascend][curpid:2295342,2295342][drv][event-sche][eschedDeviceOpen]The devId open success. (devId=1)
[INFO] DRV(2295342,row_copy_reference):2026-09-27-12:54:02.349.523 [devmm_svm.c:126][ascend][curpid:2295342,2295342][drv][devmm][devmm_setup_device]DrvMemDeviceOpen. (devid=1)
[INFO] DRV(2295342,row_copy_reference):2026-09-27-12:54:02.351.406 [devmm_virt_interface.c:450][ascend][curpid:2295342,2295342][drv][devmm][devmm_ioctl_init_process]Init_process details. (hostpid=2295342)
[INFO] DRV(2295342,row_copy_reference):2026-09-27-12:54:02.351.765 [drv_log_user.c:623][ascend][curpid:2295342,2295342][drv][devmm][share_log_read_in_single_module]Setup device succeeded. (logical_devid=1; devid=1; vfid=0; hostpid=2295342; devpid=1524)
[INFO] DRV(2295342,row_copy_reference):2026-09-27-12:54:02.351.784 [devmm_svm.c:112][ascend][curpid:2295342,2295342][drv][devmm][devmm_set_device_info]Device info. (devid=1; dvpp_size=17179869184; support_bar_mem=1; support_dev_read_only=1; support_dev_mem_map_host=1; support_bar_huge_mem=1; allocated_by_malloc=0; host_rw_dev_ro=1)
[INFO] DRV(2295342,row_copy_reference):2026-09-27-12:54:02.351.791 [devmm_svm.c:116][ascend][curpid:2295342,2295342][drv][devmm][devmm_set_device_info]Device info. (double_pgtable_offset=17592186044416; support_host_pin_pre_register=0; support_host_mem_pool=0; is_support_giant_page=1; support_remote_mmap=1)
[INFO] DRV(2295342,row_copy_reference):2026-09-27-12:54:02.352.040 [queue_interface.c:655][ascend][curpid:2295342,2295342][drv][queuemng][queueDeviceOpen]queue open finish. (devId=1)
[INFO] RUNTIME(2295342,row_copy_reference):2026-09-27-12:54:02.352.135 [raw_device.cc:520] 2295342 Init: isAddrFlat:0
[INFO] TDT(2295342,row_copy_reference):2026-09-27-12:54:02.353.382 [tsd_client.cpp:191][TsdCapabilityGet][tid:2295342] TsdCapabilityGet Begin.
[INFO] TDT(2295342,row_copy_reference):2026-09-27-12:54:02.353.396 [process_mode_manager.cpp:1019][CapabilityGet][tid:2295342] [ProcessModeManager] enter into CapabilityGet process deviceId[1] type[0].
[INFO] TDT(2295342,row_copy_reference):2026-09-27-12:54:02.353.407 [version_verify.cpp:115][SpecialFeatureCheck][tid:2295342] VersionVerify: previous type[38], supported
[INFO] TDT(2295342,row_copy_reference):2026-09-27-12:54:02.353.445 [process_mode_manager.cpp:1042][CapabilityGet][tid:2295342] [TsdClient][deviceId=1] [sessionId=1] [type=0]send capability successfully. 
[INFO] TDT(2295342,row_copy_reference):2026-09-27-12:54:02.353.749 [process_mode_msg_parse.cpp:198][PidQosMsgProc][tid:2295342] [TsdClient] PidQosMsgProc recvMsg realDeviceId[1] msgType[39] localDevId[1] rspCode[0],pidqos[1]
[INFO] TDT(2295342,row_copy_reference):2026-09-27-12:54:02.353.758 [process_mode_manager.cpp:1047][CapabilityGet][tid:2295342] [TsdClient][logicDeviceId_=1][type=0][pidQos=1][ret=0]recv capability response finished.
[INFO] RUNTIME(2295342,row_copy_reference):2026-09-27-12:54:02.353.768 [engine.cc:78] 2295342 Engine: Constructor.
[INFO] RUNTIME(2295342,row_copy_reference):2026-09-27-12:54:02.353.773 [stars_engine.cc:47] 2295342 StarsEngine: Constructor.
[INFO] RUNTIME(2295342,row_copy_reference):2026-09-27-12:54:02.477.556 [runtime.cc:6176] 2295342 CreateReportRasThread: Start report ras thread success!
[INFO] RUNTIME(2295342,row_copy_reference):2026-09-27-12:54:02.477.629 [npu_driver.cc:6953] 2295753 GetDeviceStatus: GetDeviceStatus status=1.
[INFO] ATRACE(2295342,row_copy_reference):2026-09-27-12:54:02.534.270 [tracer_mgr_operate.c:66](tid:2295342) create object RUNTIME_ATRACE_DEV1_TS0 successfully, exitSave(false), noLock(false).
[INFO] TDT(2295342,row_copy_reference):2026-09-27-12:54:02.534.333 [client_manager.cpp:203][SetProfilingCallback][tid:2295342] [TsdClient] set profiling callback successfully
[INFO] PROFILING(2295342,row_copy_reference):2026-09-27-12:54:02.540.592 [prof_atls_plugin.cpp:231] (tid:2295342) Module[69] register callback of ctrl handle.
ADDRMSNORMBIAS CORRECTNESS FAIL device=1 rows=2 D=256 max_abs=1.2469 first_index=0 expected=-1.50971 actual=-0.608
[INFO] ATRACE(2295342,row_copy_reference):2026-09-27-12:54:02.658.563 [tracer_mgr_operate.c:248](tid:2295342) destroy object RUNTIME_ATRACE_DEV1_TS0, exitSave(false).
[INFO] RUNTIME(2295342,row_copy_reference):2026-09-27-12:54:02.851.792 [stars_engine.cc:55] 2295342 ~StarsEngine: Destructor.
[INFO] RUNTIME(2295342,row_copy_reference):2026-09-27-12:54:02.851.825 [engine.cc:84] 2295342 ~Engine: Destructor.
[INFO] DRV(2295342,row_copy_reference):2026-09-27-12:54:02.851.849 [queue_interface.c:662][ascend][curpid:2295342,2295342][drv][queuemng][queueDeviceClose]queue close finish. (devId=1)
[INFO] DRV(2295342,row_copy_reference):2026-09-27-12:54:02.851.859 [devmm_svm.c:2345][ascend][curpid:2295342,2295342][drv][devmm][drvMemDeviceCloseInner]DrvMemDeviceClose. (devid=1)
[INFO] DRV(2295342,row_copy_reference):2026-09-27-12:54:02.851.897 [svm_mem_statistics.c:146][ascend][curpid:2295342,2295342][drv][devmm][_svm_mem_stats_show]HOST_MEM Mem stats (Bytes). (module_name=RUNTIME; module_id=7; current_alloced_size=0; allocated_peak_size=11341824; alloc_cnt=3; free_cnt=3)
[INFO] DRV(2295342,row_copy_reference):2026-09-27-12:54:02.851.906 [svm_mem_statistics.c:152][ascend][curpid:2295342,2295342][drv][devmm][_svm_mem_stats_show]HOST_MEM Cached_size:12582912Bytes
[INFO] DRV(2295342,row_copy_reference):2026-09-27-12:54:02.851.912 [svm_mem_statistics.c:146][ascend][curpid:2295342,2295342][drv][devmm][_svm_mem_stats_show]MEM_DEV_SMALL_HBM dev1 Mem stats (Bytes). (module_name=RUNTIME; module_id=7; current_alloced_size=0; allocated_peak_size=77824; alloc_cnt=4; free_cnt=4)
[INFO] DRV(2295342,row_copy_reference):2026-09-27-12:54:02.851.918 [svm_mem_statistics.c:146][ascend][curpid:2295342,2295342][drv][devmm][_svm_mem_stats_show]MEM_DEV_SMALL_HBM dev1 Mem stats (Bytes). (module_name=APP; module_id=33; current_alloced_size=0; allocated_peak_size=12288; alloc_cnt=3; free_cnt=3)
[INFO] DRV(2295342,row_copy_reference):2026-09-27-12:54:02.851.924 [svm_mem_statistics.c:152][ascend][curpid:2295342,2295342][drv][devmm][_svm_mem_stats_show]MEM_DEV_SMALL_HBM dev1 Cached_size:2097152Bytes
[INFO] DRV(2295342,row_copy_reference):2026-09-27-12:54:02.851.928 [svm_mem_statistics.c:146][ascend][curpid:2295342,2295342][drv][devmm][_svm_mem_stats_show]MEM_DEV_SMALL_DDR dev1 Mem stats (Bytes). (module_name=UNKNOWN; module_id=0; current_alloced_size=0; allocated_peak_size=4096; alloc_cnt=1; free_cnt=1)
[INFO] DRV(2295342,row_copy_reference):2026-09-27-12:54:02.851.933 [svm_mem_statistics.c:146][ascend][curpid:2295342,2295342][drv][devmm][_svm_mem_stats_show]MEM_DEV_SMALL_DDR dev1 Mem stats (Bytes). (module_name=RUNTIME; module_id=7; current_alloced_size=0; allocated_peak_size=16384; alloc_cnt=1; free_cnt=1)
[INFO] DRV(2295342,row_copy_reference):2026-09-27-12:54:02.851.939 [svm_mem_statistics.c:152][ascend][curpid:2295342,2295342][drv][devmm][_svm_mem_stats_show]MEM_DEV_SMALL_DDR dev1 Cached_size:2097152Bytes
[INFO] DRV(2295342,row_copy_reference):2026-09-27-12:54:02.851.945 [svm_mem_statistics.c:146][ascend][curpid:2295342,2295342][drv][devmm][_svm_mem_stats_show]MEM_DEV_HUGE_HBM dev1 Mem stats (Bytes). (module_name=RUNTIME; module_id=7; current_alloced_size=0; allocated_peak_size=20971520; alloc_cnt=6; free_cnt=6)
[INFO] DRV(2295342,row_copy_reference):2026-09-27-12:54:02.851.950 [svm_mem_statistics.c:152][ascend][curpid:2295342,2295342][drv][devmm][_svm_mem_stats_show]MEM_DEV_HUGE_HBM dev1 Cached_size:20971520Bytes
[INFO] DRV(2295342,row_copy_reference):2026-09-27-12:54:02.851.955 [svm_mem_statistics.c:146][ascend][curpid:2295342,2295342][drv][devmm][_svm_mem_stats_show]MEM_DEV_HUGE_DDR dev1 Mem stats (Bytes). (module_name=RUNTIME; module_id=7; current_alloced_size=0; allocated_peak_size=2097152; alloc_cnt=1; free_cnt=1)
[INFO] DRV(2295342,row_copy_reference):2026-09-27-12:54:02.851.960 [svm_mem_statistics.c:152][ascend][curpid:2295342,2295342][drv][devmm][_svm_mem_stats_show]MEM_DEV_HUGE_DDR dev1 Cached_size:2097152Bytes
[INFO] DRV(2295342,row_copy_reference):2026-09-27-12:54:02.851.963 [svm_mem_statistics.c:146][ascend][curpid:2295342,2295342][drv][devmm][_svm_mem_stats_show]MEM_DEV_HUGE_P2P_HBM dev1 Mem stats (Bytes). (module_name=RUNTIME; module_id=7; current_alloced_size=0; allocated_peak_size=4194304; alloc_cnt=1; free_cnt=1)
[INFO] DRV(2295342,row_copy_reference):2026-09-27-12:54:02.851.968 [svm_mem_statistics.c:152][ascend][curpid:2295342,2295342][drv][devmm][_svm_mem_stats_show]MEM_DEV_HUGE_P2P_HBM dev1 Cached_size:4194304Bytes
[INFO] DRV(2295342,row_copy_reference):2026-09-27-12:54:02.879.281 [drv_log_user.c:623][ascend][curpid:2295342,2295342][drv][devmm][share_log_read_in_single_module]Close logical_device. (logical_devid=1; phyid=1; vfid=0; hostpid=2295342; devpid=1524)
[INFO] DRV(2295342,row_copy_reference):2026-09-27-12:54:02.880.685 [event_sched.c:1496][ascend][curpid:2295342,2295342][drv][event-sche][eschedDeviceClose]The devId close success. (devId=1)
[INFO] TDT(2295342,row_copy_reference):2026-09-27-12:54:02.880.720 [process_mode_manager.cpp:1916][ParseTsdCloseFlag][tid:2295342] Parse tsd close flag [0]
[INFO] TDT(2295342,row_copy_reference):2026-09-27-12:54:02.880.729 [process_mode_manager.cpp:156][Close][tid:2295342] [TsdClient] Close [deviceId=1][sessionId=1] hccp and computer enter
[INFO] TDT(2295342,row_copy_reference):2026-09-27-12:54:02.880.741 [version_verify.cpp:115][SpecialFeatureCheck][tid:2295342] VersionVerify: previous type[7], supported
[INFO] TDT(2295342,row_copy_reference):2026-09-27-12:54:02.880.809 [process_mode_manager.cpp:160][Close][tid:2295342] [TsdClient][deviceId=1] [sessionId=1] wait hccp and computer process close response
[INFO] TDT(2295342,row_copy_reference):2026-09-27-12:54:02.986.933 [process_mode_manager.cpp:163][Close][tid:2295342] [TsdClient][logicDeviceId_=1]has recv close hccp and computer process response
[INFO] TDT(2295342,row_copy_reference):2026-09-27-12:54:02.986.952 [stub_process_mode_nowin.cpp:144][CloseInHost][tid:2295342] enter into CloseInHost deviceid[1]
[INFO] TDT(2295342,row_copy_reference):2026-09-27-12:54:02.986.998 [client_manager.cpp:464][IsHostEnvironment][tid:2295342] [TsdClient] logicDeviceId[1], hostaicpunum[0]
[INFO] TDT(2295342,row_copy_reference):2026-09-27-12:54:02.987.004 [stub_process_mode_nowin.cpp:147][CloseInHost][tid:2295342] host cpu does not support
[INFO] TDT(2295342,row_copy_reference):2026-09-27-12:54:02.987.052 [process_mode_manager.cpp:181][Close][tid:2295342] [TsdClient][deviceId=1] [sessionId=1] close hccp and computer process success
[INFO] ATRACE(2295342,row_copy_reference):2026-09-27-12:54:02.987.492 [atrace_client_core.c:176](tid:2295342) stop to receive device[1] trace log.
[INFO] ASCENDCL(2295342,row_copy_reference):2026-09-27-12:54:03.690.894 [resource_statistics.cpp:113]2295342 TraverseStatistics: The ResourceType:ACL_STATISTICS_MALLOC_FREE, applyTotal = 3, applySucc = 3, releaseTotal = 4, releaseSucc = 4
[INFO] ASCENDCL(2295342,row_copy_reference):2026-09-27-12:54:03.690.935 [resource_statistics.cpp:113]2295342 TraverseStatistics: The ResourceType:ACL_STATISTICS_MALLOC_FREE_HOST, applyTotal = 0, applySucc = 0, releaseTotal = 0, releaseSucc = 0
[INFO] ASCENDCL(2295342,row_copy_reference):2026-09-27-12:54:03.690.954 [resource_statistics.cpp:113]2295342 TraverseStatistics: The ResourceType:ACL_STATISTICS_CREATE_DESTROY_CONTEXT, applyTotal = 0, applySucc = 0, releaseTotal = 0, releaseSucc = 0
[INFO] ASCENDCL(2295342,row_copy_reference):2026-09-27-12:54:03.690.960 [resource_statistics.cpp:113]2295342 TraverseStatistics: The ResourceType:ACL_STATISTICS_SET_RESET_DEVICE, applyTotal = 1, applySucc = 1, releaseTotal = 1, releaseSucc = 1
[INFO] ASCENDCL(2295342,row_copy_reference):2026-09-27-12:54:03.690.965 [resource_statistics.cpp:113]2295342 TraverseStatistics: The ResourceType:ACL_STATISTICS_CREATE_DESTROY_EVENT, applyTotal = 0, applySucc = 0, releaseTotal = 0, releaseSucc = 0
[INFO] ASCENDCL(2295342,row_copy_reference):2026-09-27-12:54:03.690.969 [resource_statistics.cpp:113]2295342 TraverseStatistics: The ResourceType:ACL_STATISTICS_CREATE_DESTROY_STREAM, applyTotal = 1, applySucc = 1, releaseTotal = 1, releaseSucc = 1
[INFO] ASCENDCL(2295342,row_copy_reference):2026-09-27-12:54:03.690.973 [resource_statistics.cpp:113]2295342 TraverseStatistics: The ResourceType:ACL_STATISTICS_DVPP_MALLOC_FREE, applyTotal = 0, applySucc = 0, releaseTotal = 0, releaseSucc = 0
[INFO] ASCENDCL(2295342,row_copy_reference):2026-09-27-12:54:03.690.977 [resource_statistics.cpp:113]2295342 TraverseStatistics: The ResourceType:ACL_STATISTICS_RECORD_RESET_EVENT, applyTotal = 0, applySucc = 0, releaseTotal = 0, releaseSucc = 0
[INFO] ASCENDCL(2295342,row_copy_reference):2026-09-27-12:54:03.690.981 [resource_statistics.cpp:113]2295342 TraverseStatistics: The ResourceType:ACL_STATISTICS_CREATE_DESTROY_DATA_BUFFER, applyTotal = 0, applySucc = 0, releaseTotal = 0, releaseSucc = 0
[INFO] ASCENDCL(2295342,row_copy_reference):2026-09-27-12:54:03.690.989 [resource_statistics.cpp:113]2295342 TraverseStatistics: The ResourceType:ACL_STATISTICS_CREATE_DESTROY_TENSOR_DESC, applyTotal = 0, applySucc = 0, releaseTotal = 0, releaseSucc = 0
[INFO] ASCENDCL(2295342,row_copy_reference):2026-09-27-12:54:03.690.993 [resource_statistics.cpp:113]2295342 TraverseStatistics: The ResourceType:ACL_STATISTICS_CREATE_DESTROY_DESC, applyTotal = 0, applySucc = 0, releaseTotal = 0, releaseSucc = 0
[INFO] ASCENDCL(2295342,row_copy_reference):2026-09-27-12:54:03.690.996 [resource_statistics.cpp:113]2295342 TraverseStatistics: The ResourceType:ACL_STATISTICS_CREATE_DESTROY_DATASET, applyTotal = 0, applySucc = 0, releaseTotal = 0, releaseSucc = 0
[INFO] ASCENDCL(2295342,row_copy_reference):2026-09-27-12:54:03.691.000 [resource_statistics.cpp:113]2295342 TraverseStatistics: The ResourceType:ACL_STATISTICS_CREATE_LOAD_UNLOAD_MODEL, applyTotal = 0, applySucc = 0, releaseTotal = 0, releaseSucc = 0
[INFO] ASCENDCL(2295342,row_copy_reference):2026-09-27-12:54:03.691.004 [resource_statistics.cpp:113]2295342 TraverseStatistics: The ResourceType:ACL_STATISTICS_CREATE_DESTROY_AIPP, applyTotal = 0, applySucc = 0, releaseTotal = 0, releaseSucc = 0
[INFO] ASCENDCL(2295342,row_copy_reference):2026-09-27-12:54:03.691.008 [resource_statistics.cpp:113]2295342 TraverseStatistics: The ResourceType:ACL_STATISTICS_CREATE_DESTROY_ATTR, applyTotal = 0, applySucc = 0, releaseTotal = 0, releaseSucc = 0
[INFO] ASCENDCL(2295342,row_copy_reference):2026-09-27-12:54:03.691.011 [resource_statistics.cpp:113]2295342 TraverseStatistics: The ResourceType:ACL_STATISTICS_CREATE_DESTROY_HANDLE, applyTotal = 0, applySucc = 0, releaseTotal = 0, releaseSucc = 0
[INFO] ASCENDCL(2295342,row_copy_reference):2026-09-27-12:54:03.691.027 [resource_statistics.cpp:113]2295342 TraverseStatistics: The ResourceType:ACL_STATISTICS_CREATE_DESTROY_DVPP_CHANNEL_DESC, applyTotal = 0, applySucc = 0, releaseTotal = 0, releaseSucc = 0
[INFO] ASCENDCL(2295342,row_copy_reference):2026-09-27-12:54:03.691.032 [resource_statistics.cpp:113]2295342 TraverseStatistics: The ResourceType:ACL_STATISTICS_CREATE_DESTROY_DVPP_PIC_DESC, applyTotal = 0, applySucc = 0, releaseTotal = 0, releaseSucc = 0
[INFO] ASCENDCL(2295342,row_copy_reference):2026-09-27-12:54:03.691.035 [resource_statistics.cpp:113]2295342 TraverseStatistics: The ResourceType:ACL_STATISTICS_CREATE_DESTROY_DVPP_ROI_CONFIG, applyTotal = 0, applySucc = 0, releaseTotal = 0, releaseSucc = 0
[INFO] ASCENDCL(2295342,row_copy_reference):2026-09-27-12:54:03.691.054 [resource_statistics.cpp:113]2295342 TraverseStatistics: The ResourceType:ACL_STATISTICS_CREATE_DESTROY_DVPP_RESIZE_CONFIG, applyTotal = 0, applySucc = 0, releaseTotal = 0, releaseSucc = 0
[INFO] ASCENDCL(2295342,row_copy_reference):2026-09-27-12:54:03.691.070 [resource_statistics.cpp:113]2295342 TraverseStatistics: The ResourceType:ACL_STATISTICS_CREATE_DESTROY_DVPP_JPEGE_CONFIG, applyTotal = 0, applySucc = 0, releaseTotal = 0, releaseSucc = 0
[INFO] ASCENDCL(2295342,row_copy_reference):2026-09-27-12:54:03.691.074 [resource_statistics.cpp:113]2295342 TraverseStatistics: The ResourceType:ACL_STATISTICS_CREATE_DESTROY_VDEC_CHANNEL_DESC, applyTotal = 0, applySucc = 0, releaseTotal = 0, releaseSucc = 0
[INFO] ASCENDCL(2295342,row_copy_reference):2026-09-27-12:54:03.691.077 [resource_statistics.cpp:113]2295342 TraverseStatistics: The ResourceType:ACL_STATISTICS_CREATE_DESTROY_VENC_CHANNEL_DESC, applyTotal = 0, applySucc = 0, releaseTotal = 0, releaseSucc = 0
[INFO] ASCENDCL(2295342,row_copy_reference):2026-09-27-12:54:03.691.081 [resource_statistics.cpp:113]2295342 TraverseStatistics: The ResourceType:ACL_STATISTICS_CREATE_DESTROY_DVPP_STREAM_DESC, applyTotal = 0, applySucc = 0, releaseTotal = 0, releaseSucc = 0
[INFO] ASCENDCL(2295342,row_copy_reference):2026-09-27-12:54:03.691.085 [resource_statistics.cpp:113]2295342 TraverseStatistics: The ResourceType:ACL_STATISTICS_CREATE_DESTROY_VDEC_FRAME_CONFIG, applyTotal = 0, applySucc = 0, releaseTotal = 0, releaseSucc = 0
[INFO] ASCENDCL(2295342,row_copy_reference):2026-09-27-12:54:03.691.088 [resource_statistics.cpp:113]2295342 TraverseStatistics: The ResourceType:ACL_STATISTICS_CREATE_DESTROY_VENC_FRAME_CONFIG, applyTotal = 0, applySucc = 0, releaseTotal = 0, releaseSucc = 0
[INFO] ASCENDCL(2295342,row_copy_reference):2026-09-27-12:54:03.691.091 [resource_statistics.cpp:113]2295342 TraverseStatistics: The ResourceType:ACL_STATISTICS_CREATE_DESTROY_DVPP_CHANNEL, applyTotal = 0, applySucc = 0, releaseTotal = 0, releaseSucc = 0
[INFO] ASCENDCL(2295342,row_copy_reference):2026-09-27-12:54:03.691.094 [resource_statistics.cpp:113]2295342 TraverseStatistics: The ResourceType:ACL_STATISTICS_CREATE_DESTROY_VDEC_CHANNEL, applyTotal = 0, applySucc = 0, releaseTotal = 0, releaseSucc = 0
[INFO] ASCENDCL(2295342,row_copy_reference):2026-09-27-12:54:03.691.098 [resource_statistics.cpp:113]2295342 TraverseStatistics: The ResourceType:ACL_STATISTICS_CREATE_DESTROY_VENC_CHANNEL, applyTotal = 0, applySucc = 0, releaseTotal = 0, releaseSucc = 0
[INFO] ASCENDCL(2295342,row_copy_reference):2026-09-27-12:54:03.691.101 [resource_statistics.cpp:113]2295342 TraverseStatistics: The ResourceType:ACL_STATISTICS_CREATE_DESTROY_DVPP_BATCH_PIC_DESC, applyTotal = 0, applySucc = 0, releaseTotal = 0, releaseSucc = 0
[INFO] ASCENDCL(2295342,row_copy_reference):2026-09-27-12:54:03.691.105 [resource_statistics.cpp:113]2295342 TraverseStatistics: The ResourceType:ACL_STATISTICS_CREATE_DESTROY_GROUP_INFO, applyTotal = 0, applySucc = 0, releaseTotal = 0, releaseSucc = 0
[INFO] ASCENDCL(2295342,row_copy_reference):2026-09-27-12:54:03.691.108 [resource_statistics.cpp:113]2295342 TraverseStatistics: The ResourceType:ACL_STATISTICS_CREATE_DESTROY_PROF_CONFIG, applyTotal = 0, applySucc = 0, releaseTotal = 0, releaseSucc = 0
[INFO] ASCENDCL(2295342,row_copy_reference):2026-09-27-12:54:03.691.111 [resource_statistics.cpp:113]2295342 TraverseStatistics: The ResourceType:ACL_STATISTICS_CREATE_DESTROY_PROF_SUB_CONFIG, applyTotal = 0, applySucc = 0, releaseTotal = 0, releaseSucc = 0
[INFO] ASCENDCL(2295342,row_copy_reference):2026-09-27-12:54:03.691.115 [resource_statistics.cpp:113]2295342 TraverseStatistics: The ResourceType:ACL_STATISTICS_CREATE_DESTROY_MODEL_CONFIG, applyTotal = 0, applySucc = 0, releaseTotal = 0, releaseSucc = 0
[INFO] ASCENDCL(2295342,row_copy_reference):2026-09-27-12:54:03.691.121 [resource_statistics.cpp:113]2295342 TraverseStatistics: The ResourceType:ACL_STATISTICS_CREATE_DESTROY_QUEUE_ID, applyTotal = 0, applySucc = 0, releaseTotal = 0, releaseSucc = 0
[INFO] ASCENDCL(2295342,row_copy_reference):2026-09-27-12:54:03.691.124 [resource_statistics.cpp:113]2295342 TraverseStatistics: The ResourceType:ACL_STATISTICS_CREATE_DESTROY_QUEUE_ATTR, applyTotal = 0, applySucc = 0, releaseTotal = 0, releaseSucc = 0
[INFO] ASCENDCL(2295342,row_copy_reference):2026-09-27-12:54:03.691.128 [resource_statistics.cpp:113]2295342 TraverseStatistics: The ResourceType:ACL_STATISTICS_CREATE_DESTROY_QUEUE_ROUTE, applyTotal = 0, applySucc = 0, releaseTotal = 0, releaseSucc = 0
[INFO] ASCENDCL(2295342,row_copy_reference):2026-09-27-12:54:03.691.132 [resource_statistics.cpp:113]2295342 TraverseStatistics: The ResourceType:ACL_STATISTICS_CREATE_DESTROY_QUEUE_ROUTE_LIST, applyTotal = 0, applySucc = 0, releaseTotal = 0, releaseSucc = 0
[INFO] ASCENDCL(2295342,row_copy_reference):2026-09-27-12:54:03.691.135 [resource_statistics.cpp:113]2295342 TraverseStatistics: The ResourceType:ACL_STATISTICS_CREATE_DESTROY_QUEUE_ROUTE_QUERY, applyTotal = 0, applySucc = 0, releaseTotal = 0, releaseSucc = 0
[INFO] ASCENDCL(2295342,row_copy_reference):2026-09-27-12:54:03.691.138 [resource_statistics.cpp:113]2295342 TraverseStatistics: The ResourceType:ACL_STATISTICS_CREATE_DESTROY_MBUF, applyTotal = 0, applySucc = 0, releaseTotal = 0, releaseSucc = 0
[INFO] ASCENDCL(2295342,row_copy_reference):2026-09-27-12:54:03.691.142 [resource_statistics.cpp:113]2295342 TraverseStatistics: The ResourceType:ACL_STATISTICS_CREATE_DESTROY_GRAPH_DUMP_OPTION, applyTotal = 0, applySucc = 0, releaseTotal = 0, releaseSucc = 0
[INFO] ASCENDCL(2295342,row_copy_reference):2026-09-27-12:54:03.691.145 [resource_statistics.cpp:113]2295342 TraverseStatistics: The ResourceType:ACL_STATISTICS_CREATE_DESTROY_ALLOCATOR_DESC, applyTotal = 0, applySucc = 0, releaseTotal = 0, releaseSucc = 0
[INFO] ASCENDCL(2295342,row_copy_reference):2026-09-27-12:54:03.691.148 [resource_statistics.cpp:113]2295342 TraverseStatistics: The ResourceType:ACL_STATISTICS_CREATE_DESTROY_ALLOCATOR_BINARY_DESC, applyTotal = 0, applySucc = 0, releaseTotal = 0, releaseSucc = 0
[INFO] ASCENDCL(2295342,row_copy_reference):2026-09-27-12:54:03.691.152 [resource_statistics.cpp:113]2295342 TraverseStatistics: The ResourceType:ACL_STATISTICS_RESERVE_RELEASE_MEMORY_ADDRESS, applyTotal = 0, applySucc = 0, releaseTotal = 0, releaseSucc = 0
[INFO] ASCENDCL(2295342,row_copy_reference):2026-09-27-12:54:03.691.155 [resource_statistics.cpp:113]2295342 TraverseStatistics: The ResourceType:ACL_STATISTICS_MALLOC_FREE_PHYSICAL_MEMORY, applyTotal = 0, applySucc = 0, releaseTotal = 0, releaseSucc = 0
[INFO] ASCENDCL(2295342,row_copy_reference):2026-09-27-12:54:03.691.168 [resource_statistics.cpp:113]2295342 TraverseStatistics: The ResourceType:ACL_STATISTICS_MAP_UNMAP_MEMORY, applyTotal = 0, applySucc = 0, releaseTotal = 0, releaseSucc = 0
[INFO] ASCENDCL(2295342,row_copy_reference):2026-09-27-12:54:03.691.171 [resource_statistics.cpp:113]2295342 TraverseStatistics: The ResourceType:ACL_STATISTICS_LOAD_UNLOAD_BINARY, applyTotal = 0, applySucc = 0, releaseTotal = 0, releaseSucc = 0
[EVENT] PROFILING(2295342,row_copy_reference):2026-09-27-12:54:03.691.188 [msprof_callback_impl.cpp:111] >>> (tid:2295342) MsprofCtrlCallback called, type: 3
[EVENT] PROFILING(2295342,row_copy_reference):2026-09-27-12:54:03.691.199 [ai_drv_dev_api.cpp:333] >>> (tid:2295342) Succeeded to DrvGetApiVersion version: 0x72318
[INFO] ATRACE(2295342,row_copy_reference):2026-09-27-12:54:04.268.219 [atrace_client_core.c:127](tid:2295749) atrace receive thread exited, devId=1.
[INFO] RUNTIME(2295342,row_copy_reference):2026-09-27-12:54:04.410.909 [runtime.cc:1667] 2295342 ~Runtime: runtime destructor.
[INFO] RUNTIME(2295342,row_copy_reference):2026-09-27-12:54:04.513.928 [runtime.cc:6218] 2295754 ReportRasRun: Report ras thread exits normally!
[INFO] RUNTIME(2295342,row_copy_reference):2026-09-27-12:54:04.514.089 [runtime.cc:6186] 2295342 DestroyReportRasThread: Join report ras thread OK.
[INFO] RUNTIME(2295342,row_copy_reference):2026-09-27-12:54:04.514.118 [runtime.cc:1755] 2295342 WaitMonitorExit: wait monitor success, used count=0.
[INFO] RUNTIME(2295342,row_copy_reference):2026-09-27-12:54:04.624.289 [task_fail_callback_data_manager.cc:93] 2295342 ~TaskFailCallBackManager: Destructor.
[INFO] ATRACE(2295342,row_copy_reference):2026-09-27-12:54:04.625.961 [stacktrace_signal.c:194](tid:2295342) unregister all signal handlers, can not capture signal.
RUN_RC=3 rows=2 D=256
RUN target=AddRmsNormBias rows=5 D=4096 device=1
[INFO] RUNTIME(2296081,row_copy_reference):2026-09-27-12:54:04.854.694 [task_fail_callback_data_manager.cc:88] 2296081 TaskFailCallBackManager: Constructor.
[EVENT] PROFILING(2296081,row_copy_reference):2026-09-27-12:54:04.940.939 [msprof_callback_impl.cpp:359] >>> (tid:2296081) Started to register profiling ctrl callback.
[EVENT] PROFILING(2296081,row_copy_reference):2026-09-27-12:54:04.941.102 [msprof_callback_impl.cpp:366] >>> (tid:2296081) Started to register profiling hash id callback.
[INFO] PROFILING(2296081,row_copy_reference):2026-09-27-12:54:04.941.115 [prof_atls_plugin.cpp:118] (tid:2296081) RegisterProfileCallback, callback type is 7
[EVENT] PROFILING(2296081,row_copy_reference):2026-09-27-12:54:04.941.123 [msprof_callback_impl.cpp:373] >>> (tid:2296081) Started to register profiling enable host freq callback.
[INFO] PROFILING(2296081,row_copy_reference):2026-09-27-12:54:04.941.130 [prof_atls_plugin.cpp:118] (tid:2296081) RegisterProfileCallback, callback type is 8
[EVENT] PROFILING(2296081,row_copy_reference):2026-09-27-12:54:04.941.136 [msprof_callback_impl.cpp:380] >>> (tid:2296081) Started to register profiling typeId callback.
[INFO] PROFILING(2296081,row_copy_reference):2026-09-27-12:54:04.941.141 [prof_atls_plugin.cpp:118] (tid:2296081) RegisterProfileCallback, callback type is 6
[INFO] PROFILING(2296081,row_copy_reference):2026-09-27-12:54:04.969.726 [prof_atls_plugin.cpp:231] (tid:2296081) Module[45] register callback of ctrl handle.
[INFO] GE(2296081,row_copy_reference):2026-09-27-12:54:05.550.237 [op_tiling_manager.cc:109]2296081 ~FuncPerfScope:[GEPERFTRACE] The time cost of OpTilingManager::LoadSo is [580456] micro seconds.
[INFO] PROFILING(2296081,row_copy_reference):2026-09-27-12:54:05.618.780 [prof_atls_plugin.cpp:231] (tid:2296081) Module[6] register callback of ctrl handle.
[INFO] RUNTIME(2296081,row_copy_reference):2026-09-27-12:54:06.682.164 [runtime_keeper.cc:158] 2296081 CreateRuntimeImpl: Open libruntime_v100.so successfully
[INFO] RUNTIME(2296081,row_copy_reference):2026-09-27-12:54:06.682.318 [runtime.cc:5638] 2296081 GetVisibleDevices: ASCEND_RT_VISIBLE_DEVICES param was not set
[INFO] TDT(2296081,row_copy_reference):2026-09-27-12:54:06.684.636 [package_worker_factory.cpp:40][RegisterPackageWorkerCreator][tid:2296081] Register[4] package worker was created successfully
[INFO] TDT(2296081,row_copy_reference):2026-09-27-12:54:06.684.666 [package_worker_factory.cpp:40][RegisterPackageWorkerCreator][tid:2296081] Register[6] package worker was created successfully
[INFO] TDT(2296081,row_copy_reference):2026-09-27-12:54:06.684.676 [package_worker_factory.cpp:40][RegisterPackageWorkerCreator][tid:2296081] Register[5] package worker was created successfully
[INFO] TDT(2296081,row_copy_reference):2026-09-27-12:54:06.684.684 [package_worker_factory.cpp:40][RegisterPackageWorkerCreator][tid:2296081] Register[0] package worker was created successfully
[INFO] TDT(2296081,row_copy_reference):2026-09-27-12:54:06.684.689 [package_worker_factory.cpp:40][RegisterPackageWorkerCreator][tid:2296081] Register[1] package worker was created successfully
[INFO] TDT(2296081,row_copy_reference):2026-09-27-12:54:06.684.693 [package_worker_factory.cpp:40][RegisterPackageWorkerCreator][tid:2296081] Register[8] package worker was created successfully
[INFO] TDT(2296081,row_copy_reference):2026-09-27-12:54:06.684.700 [package_worker_factory.cpp:40][RegisterPackageWorkerCreator][tid:2296081] Register[2] package worker was created successfully
[INFO] TDT(2296081,row_copy_reference):2026-09-27-12:54:06.684.704 [package_worker_factory.cpp:40][RegisterPackageWorkerCreator][tid:2296081] Register[3] package worker was created successfully
[INFO] PROFILING(2296081,row_copy_reference):2026-09-27-12:54:06.684.929 [prof_atls_plugin.cpp:231] (tid:2296081) Module[7] register callback of ctrl handle.
[INFO] PROFILING(2296081,row_copy_reference):2026-09-27-12:54:06.685.005 [prof_atls_plugin.cpp:231] (tid:2296081) Module[48] register callback of ctrl handle.
[EVENT] PROFILING(2296081,row_copy_reference):2026-09-27-12:54:06.685.026 [msprof_callback_impl.cpp:111] >>> (tid:2296081) MsprofCtrlCallback called, type: 255
[EVENT] PROFILING(2296081,row_copy_reference):2026-09-27-12:54:06.685.252 [ai_drv_dev_api.cpp:333] >>> (tid:2296081) Succeeded to DrvGetApiVersion version: 0x72318
[INFO] ASCENDCL(2296081,row_copy_reference):2026-09-27-12:54:06.685.555 [acl.cpp:253]2296081 GetAllPackageVersion: Version of runtime package is 8.5.0.alpha002
[INFO] ASCENDCL(2296081,row_copy_reference):2026-09-27-12:54:06.685.599 [acl.cpp:253]2296081 GetAllPackageVersion: Version of runtime package is 8.5.0.alpha002
[INFO] ASCENDCL(2296081,row_copy_reference):2026-09-27-12:54:06.685.645 [acl.cpp:253]2296081 GetAllPackageVersion: Version of compiler package is 8.5.0.alpha002
[INFO] ASCENDCL(2296081,row_copy_reference):2026-09-27-12:54:06.685.691 [acl.cpp:253]2296081 GetAllPackageVersion: Version of hccl package is 8.5.0.alpha002
[INFO] ASCENDCL(2296081,row_copy_reference):2026-09-27-12:54:06.685.735 [acl.cpp:253]2296081 GetAllPackageVersion: Version of toolkit package is 8.5.0.alpha002
[INFO] ASCENDCL(2296081,row_copy_reference):2026-09-27-12:54:06.685.773 [acl.cpp:253]2296081 GetAllPackageVersion: Version of opp package is 8.5.0.alpha002
[INFO] ASCENDCL(2296081,row_copy_reference):2026-09-27-12:54:06.685.814 [acl.cpp:253]2296081 GetAllPackageVersion: Version of opp_kernel package is 8.5.0.alpha002
[INFO] ASCENDCL(2296081,row_copy_reference):2026-09-27-12:54:06.685.875 [acl.cpp:253]2296081 GetAllPackageVersion: Version of driver package is 25.0.rc1.1
[INFO] ATRACE(2296081,row_copy_reference):2026-09-27-12:54:06.689.993 [atrace_client_core.c:160](tid:2296081) start to receive device[1] trace log.
[INFO] ASCENDCL(2296081,row_copy_reference):2026-09-27-12:54:06.690.016 [acl_resource_manager.cpp:133]2296081 GetRuntimeV2Env: runtime v2 flag : model flag = 1, singleOp flag = 1
[INFO] TDT(2296081,row_copy_reference):2026-09-27-12:54:06.690.088 [client_manager.cpp:464][IsHostEnvironment][tid:2296081] [TsdClient] logicDeviceId[1], hostaicpunum[0]
[INFO] TDT(2296081,row_copy_reference):2026-09-27-12:54:06.690.097 [client_manager.cpp:493][GetClientRunMode][tid:2296081] runMode:0
[INFO] TDT(2296081,row_copy_reference):2026-09-27-12:54:06.690.102 [client_manager.cpp:133][GetInstance][tid:2296081] [ClientManager] Current mode:1
[INFO] TDT(2296081,row_copy_reference):2026-09-27-12:54:06.690.119 [process_mode_base.cpp:152][GetLogLevel][tid:2296081] [TsdClient] get ASCEND_GLOBAL_LOG_LEVEL [] ASCEND_GLOBAL_EVENT_ENABLE [] ASCEND_MODULE_LOG_LEVEL []
[INFO] TDT(2296081,row_copy_reference):2026-09-27-12:54:06.690.193 [process_mode_manager.cpp:79][OpenProcess][tid:2296081] [ProcessModeManager] enter into open process deviceId[1] rankSize[0]
[INFO] TDT(2296081,row_copy_reference):2026-09-27-12:54:06.690.439 [client_manager.cpp:290][CheckPackageExistsOnce][tid:2296081] [TsdClient][deviceId=1] set package path[/usr/local/Ascend/ascend-toolkit/latest/opp/Ascend/aicpu/], package name[Ascend-aicpu_syskernels.tar.gz], packageType[0]
[INFO] TDT(2296081,row_copy_reference):2026-09-27-12:54:06.690.630 [client_manager.cpp:290][CheckPackageExistsOnce][tid:2296081] [TsdClient][deviceId=1] set package path[/usr/local/Ascend/ascend-toolkit/latest/opp/Ascend/aicpu/], package name[Ascend-aicpu_extend_syskernels.tar.gz], packageType[1]
[INFO] TDT(2296081,row_copy_reference):2026-09-27-12:54:06.690.749 [client_manager.cpp:279][CheckPackageExistsOnce][tid:2296081] [TsdClient][deviceId=1] pkg size[0] in path[/usr/local/Ascend/ascend-toolkit/latest/opp/built-in/] must be only one, skip send package, packageType[6]
[INFO] TDT(2296081,row_copy_reference):2026-09-27-12:54:06.690.861 [process_mode_manager.cpp:470][InitTsdClient][tid:2296081] [TsdClient] deviceId[1] begin to init hdc client
[INFO] TDT(2296081,row_copy_reference):2026-09-27-12:54:06.690.967 [version_verify.cpp:37][SetVersionInfo][tid:2296081] VersionVerify: send client version to server
[INFO] TDT(2296081,row_copy_reference):2026-09-27-12:54:06.691.742 [version_verify.cpp:69][PeerVersionCheck][tid:2296081] VersionVerify: Check client version info, server[1230], client[1230]
[INFO] TDT(2296081,row_copy_reference):2026-09-27-12:54:06.691.753 [version_verify.cpp:90][ParseVersionInfo][tid:2296081] VersionVerify: pass client version info success
[INFO] TDT(2296081,row_copy_reference):2026-09-27-12:54:06.691.757 [hdc_client.cpp:273][CheckHdcConnection][tid:2296081] Service[2] create hdc successfully.
[INFO] TDT(2296081,row_copy_reference):2026-09-27-12:54:06.691.771 [version_verify.cpp:123][SpecialFeatureCheck][tid:2296081] VersionVerify: new type[35], supported
[INFO] TDT(2296081,row_copy_reference):2026-09-27-12:54:06.691.836 [process_mode_manager.cpp:711][GetDeviceCheckCodeOnce][tid:2296081] [TsdClient][deviceId=1] [sessionId=1] wait package info response
[INFO] TDT(2296081,row_copy_reference):2026-09-27-12:54:06.692.857 [version_verify.cpp:123][SpecialFeatureCheck][tid:2296081] VersionVerify: new type[64], supported
[INFO] TDT(2296081,row_copy_reference):2026-09-27-12:54:06.692.907 [process_mode_manager.cpp:423][SendAICPUPackage][tid:2296081] [TsdClient][deviceId_=1] the checksum of host package[62399746] is the same as device[62399746], skip send package.
[INFO] TDT(2296081,row_copy_reference):2026-09-27-12:54:06.692.915 [process_mode_manager.cpp:1843][SendCommonPackage][tid:2296081] [TsdClient][deviceId_=1] package is not existed, skip send, packageType[6]
[INFO] TDT(2296081,row_copy_reference):2026-09-27-12:54:06.692.921 [process_mode_manager.cpp:1957][LoadDriverExtendPkg][tid:2296081] The device-sw-plugin package not found; skipping send to device.
[INFO] TDT(2296081,row_copy_reference):2026-09-27-12:54:06.692.929 [process_mode_manager.cpp:470][InitTsdClient][tid:2296081] [TsdClient] deviceId[1] begin to init hdc client
[INFO] TDT(2296081,row_copy_reference):2026-09-27-12:54:06.693.000 [version_verify.cpp:37][SetVersionInfo][tid:2296081] VersionVerify: send client version to server
[INFO] TDT(2296081,row_copy_reference):2026-09-27-12:54:06.693.468 [version_verify.cpp:69][PeerVersionCheck][tid:2296081] VersionVerify: Check client version info, server[1230], client[1230]
[INFO] TDT(2296081,row_copy_reference):2026-09-27-12:54:06.693.476 [version_verify.cpp:90][ParseVersionInfo][tid:2296081] VersionVerify: pass client version info success
[INFO] TDT(2296081,row_copy_reference):2026-09-27-12:54:06.693.480 [hdc_client.cpp:273][CheckHdcConnection][tid:2296081] Service[2] create hdc successfully.
[INFO] TDT(2296081,row_copy_reference):2026-09-27-12:54:06.693.492 [process_mode_manager.cpp:537][ConstructOpenMsg][tid:2296081] [TsdClient] tsd get process sign successfully, procpid[2296081] signSize[48]
[INFO] TDT(2296081,row_copy_reference):2026-09-27-12:54:06.693.501 [version_verify.cpp:115][SpecialFeatureCheck][tid:2296081] VersionVerify: previous type[6], supported
[INFO] TDT(2296081,row_copy_reference):2026-09-27-12:54:06.693.519 [process_mode_manager.cpp:98][OpenProcess][tid:2296081] [ProcessModeManager] deviceId[1] sessionId[1] rankSize[0], wait subprocess start response
[INFO] TDT(2296081,row_copy_reference):2026-09-27-12:54:06.901.831 [stub_process_mode_nowin.cpp:62][ProcessQueueForMdc][tid:2296081] [TsdClient] it is unnecessary for current mode[0] to grant queue auth to aicpusd
[INFO] TDT(2296081,row_copy_reference):2026-09-27-12:54:06.901.871 [stub_process_mode_nowin.cpp:101][OpenInHost][tid:2296081] enter into OpenInHost deviceid[1]
[INFO] TDT(2296081,row_copy_reference):2026-09-27-12:54:06.901.905 [client_manager.cpp:464][IsHostEnvironment][tid:2296081] [TsdClient] logicDeviceId[1], hostaicpunum[0]
[INFO] TDT(2296081,row_copy_reference):2026-09-27-12:54:06.901.910 [stub_process_mode_nowin.cpp:105][OpenInHost][tid:2296081] host cpu does not support
[INFO] TDT(2296081,row_copy_reference):2026-09-27-12:54:06.901.914 [process_mode_manager.cpp:123][OpenProcess][tid:2296081] [TsdClient][deviceId=1] [sessionId=1] start hccp and computer process success
[INFO] DRV(2296081,row_copy_reference):2026-09-27-12:54:06.901.936 [event_sched.c:1517][ascend][curpid:2296081,2296081][drv][event-sche][eschedDeviceOpen]The devId open success. (devId=1)
[INFO] DRV(2296081,row_copy_reference):2026-09-27-12:54:06.905.323 [devmm_svm.c:126][ascend][curpid:2296081,2296081][drv][devmm][devmm_setup_device]DrvMemDeviceOpen. (devid=1)
[INFO] DRV(2296081,row_copy_reference):2026-09-27-12:54:06.907.182 [devmm_virt_interface.c:450][ascend][curpid:2296081,2296081][drv][devmm][devmm_ioctl_init_process]Init_process details. (hostpid=2296081)
[INFO] DRV(2296081,row_copy_reference):2026-09-27-12:54:06.907.555 [drv_log_user.c:623][ascend][curpid:2296081,2296081][drv][devmm][share_log_read_in_single_module]Setup device succeeded. (logical_devid=1; devid=1; vfid=0; hostpid=2296081; devpid=1870)
[INFO] DRV(2296081,row_copy_reference):2026-09-27-12:54:06.907.569 [devmm_svm.c:112][ascend][curpid:2296081,2296081][drv][devmm][devmm_set_device_info]Device info. (devid=1; dvpp_size=17179869184; support_bar_mem=1; support_dev_read_only=1; support_dev_mem_map_host=1; support_bar_huge_mem=1; allocated_by_malloc=0; host_rw_dev_ro=1)
[INFO] DRV(2296081,row_copy_reference):2026-09-27-12:54:06.907.575 [devmm_svm.c:116][ascend][curpid:2296081,2296081][drv][devmm][devmm_set_device_info]Device info. (double_pgtable_offset=17592186044416; support_host_pin_pre_register=0; support_host_mem_pool=0; is_support_giant_page=1; support_remote_mmap=1)
[INFO] DRV(2296081,row_copy_reference):2026-09-27-12:54:06.907.811 [queue_interface.c:655][ascend][curpid:2296081,2296081][drv][queuemng][queueDeviceOpen]queue open finish. (devId=1)
[INFO] RUNTIME(2296081,row_copy_reference):2026-09-27-12:54:06.907.913 [raw_device.cc:520] 2296081 Init: isAddrFlat:0
[INFO] TDT(2296081,row_copy_reference):2026-09-27-12:54:06.909.110 [tsd_client.cpp:191][TsdCapabilityGet][tid:2296081] TsdCapabilityGet Begin.
[INFO] TDT(2296081,row_copy_reference):2026-09-27-12:54:06.909.123 [process_mode_manager.cpp:1019][CapabilityGet][tid:2296081] [ProcessModeManager] enter into CapabilityGet process deviceId[1] type[0].
[INFO] TDT(2296081,row_copy_reference):2026-09-27-12:54:06.909.135 [version_verify.cpp:115][SpecialFeatureCheck][tid:2296081] VersionVerify: previous type[38], supported
[INFO] TDT(2296081,row_copy_reference):2026-09-27-12:54:06.909.174 [process_mode_manager.cpp:1042][CapabilityGet][tid:2296081] [TsdClient][deviceId=1] [sessionId=1] [type=0]send capability successfully. 
[INFO] TDT(2296081,row_copy_reference):2026-09-27-12:54:06.909.784 [process_mode_msg_parse.cpp:198][PidQosMsgProc][tid:2296081] [TsdClient] PidQosMsgProc recvMsg realDeviceId[1] msgType[39] localDevId[1] rspCode[0],pidqos[1]
[INFO] TDT(2296081,row_copy_reference):2026-09-27-12:54:06.909.793 [process_mode_manager.cpp:1047][CapabilityGet][tid:2296081] [TsdClient][logicDeviceId_=1][type=0][pidQos=1][ret=0]recv capability response finished.
[INFO] RUNTIME(2296081,row_copy_reference):2026-09-27-12:54:06.909.802 [engine.cc:78] 2296081 Engine: Constructor.
[INFO] RUNTIME(2296081,row_copy_reference):2026-09-27-12:54:06.909.807 [stars_engine.cc:47] 2296081 StarsEngine: Constructor.
[INFO] RUNTIME(2296081,row_copy_reference):2026-09-27-12:54:07.038.242 [runtime.cc:6176] 2296081 CreateReportRasThread: Start report ras thread success!
[INFO] RUNTIME(2296081,row_copy_reference):2026-09-27-12:54:07.038.361 [npu_driver.cc:6953] 2296488 GetDeviceStatus: GetDeviceStatus status=1.
[INFO] ATRACE(2296081,row_copy_reference):2026-09-27-12:54:07.098.458 [tracer_mgr_operate.c:66](tid:2296081) create object RUNTIME_ATRACE_DEV1_TS0 successfully, exitSave(false), noLock(false).
[INFO] TDT(2296081,row_copy_reference):2026-09-27-12:54:07.098.524 [client_manager.cpp:203][SetProfilingCallback][tid:2296081] [TsdClient] set profiling callback successfully
[INFO] PROFILING(2296081,row_copy_reference):2026-09-27-12:54:07.105.067 [prof_atls_plugin.cpp:231] (tid:2296081) Module[69] register callback of ctrl handle.
ADDRMSNORMBIAS CORRECTNESS FAIL device=1 rows=5 D=4096 max_abs=1.33044 first_index=0 expected=-1.53414 actual=-0.608
[INFO] ATRACE(2296081,row_copy_reference):2026-09-27-12:54:07.239.187 [tracer_mgr_operate.c:248](tid:2296081) destroy object RUNTIME_ATRACE_DEV1_TS0, exitSave(false).
[INFO] RUNTIME(2296081,row_copy_reference):2026-09-27-12:54:07.355.762 [stars_engine.cc:55] 2296081 ~StarsEngine: Destructor.
[INFO] RUNTIME(2296081,row_copy_reference):2026-09-27-12:54:07.355.803 [engine.cc:84] 2296081 ~Engine: Destructor.
[INFO] DRV(2296081,row_copy_reference):2026-09-27-12:54:07.355.837 [queue_interface.c:662][ascend][curpid:2296081,2296081][drv][queuemng][queueDeviceClose]queue close finish. (devId=1)
[INFO] DRV(2296081,row_copy_reference):2026-09-27-12:54:07.355.845 [devmm_svm.c:2345][ascend][curpid:2296081,2296081][drv][devmm][drvMemDeviceCloseInner]DrvMemDeviceClose. (devid=1)
[INFO] DRV(2296081,row_copy_reference):2026-09-27-12:54:07.355.864 [svm_mem_statistics.c:146][ascend][curpid:2296081,2296081][drv][devmm][_svm_mem_stats_show]HOST_MEM Mem stats (Bytes). (module_name=RUNTIME; module_id=7; current_alloced_size=0; allocated_peak_size=11341824; alloc_cnt=3; free_cnt=3)
[INFO] DRV(2296081,row_copy_reference):2026-09-27-12:54:07.355.872 [svm_mem_statistics.c:152][ascend][curpid:2296081,2296081][drv][devmm][_svm_mem_stats_show]HOST_MEM Cached_size:12582912Bytes
[INFO] DRV(2296081,row_copy_reference):2026-09-27-12:54:07.355.878 [svm_mem_statistics.c:146][ascend][curpid:2296081,2296081][drv][devmm][_svm_mem_stats_show]MEM_DEV_SMALL_HBM dev1 Mem stats (Bytes). (module_name=RUNTIME; module_id=7; current_alloced_size=0; allocated_peak_size=77824; alloc_cnt=4; free_cnt=4)
[INFO] DRV(2296081,row_copy_reference):2026-09-27-12:54:07.355.884 [svm_mem_statistics.c:146][ascend][curpid:2296081,2296081][drv][devmm][_svm_mem_stats_show]MEM_DEV_SMALL_HBM dev1 Mem stats (Bytes). (module_name=APP; module_id=33; current_alloced_size=0; allocated_peak_size=176128; alloc_cnt=3; free_cnt=3)
[INFO] DRV(2296081,row_copy_reference):2026-09-27-12:54:07.355.890 [svm_mem_statistics.c:152][ascend][curpid:2296081,2296081][drv][devmm][_svm_mem_stats_show]MEM_DEV_SMALL_HBM dev1 Cached_size:2097152Bytes
[INFO] DRV(2296081,row_copy_reference):2026-09-27-12:54:07.355.895 [svm_mem_statistics.c:146][ascend][curpid:2296081,2296081][drv][devmm][_svm_mem_stats_show]MEM_DEV_SMALL_DDR dev1 Mem stats (Bytes). (module_name=UNKNOWN; module_id=0; current_alloced_size=0; allocated_peak_size=4096; alloc_cnt=1; free_cnt=1)
[INFO] DRV(2296081,row_copy_reference):2026-09-27-12:54:07.355.900 [svm_mem_statistics.c:146][ascend][curpid:2296081,2296081][drv][devmm][_svm_mem_stats_show]MEM_DEV_SMALL_DDR dev1 Mem stats (Bytes). (module_name=RUNTIME; module_id=7; current_alloced_size=0; allocated_peak_size=16384; alloc_cnt=1; free_cnt=1)
[INFO] DRV(2296081,row_copy_reference):2026-09-27-12:54:07.355.905 [svm_mem_statistics.c:152][ascend][curpid:2296081,2296081][drv][devmm][_svm_mem_stats_show]MEM_DEV_SMALL_DDR dev1 Cached_size:2097152Bytes
[INFO] DRV(2296081,row_copy_reference):2026-09-27-12:54:07.355.911 [svm_mem_statistics.c:146][ascend][curpid:2296081,2296081][drv][devmm][_svm_mem_stats_show]MEM_DEV_HUGE_HBM dev1 Mem stats (Bytes). (module_name=RUNTIME; module_id=7; current_alloced_size=0; allocated_peak_size=20971520; alloc_cnt=6; free_cnt=6)
[INFO] DRV(2296081,row_copy_reference):2026-09-27-12:54:07.355.917 [svm_mem_statistics.c:152][ascend][curpid:2296081,2296081][drv][devmm][_svm_mem_stats_show]MEM_DEV_HUGE_HBM dev1 Cached_size:20971520Bytes
[INFO] DRV(2296081,row_copy_reference):2026-09-27-12:54:07.355.921 [svm_mem_statistics.c:146][ascend][curpid:2296081,2296081][drv][devmm][_svm_mem_stats_show]MEM_DEV_HUGE_DDR dev1 Mem stats (Bytes). (module_name=RUNTIME; module_id=7; current_alloced_size=0; allocated_peak_size=2097152; alloc_cnt=1; free_cnt=1)
[INFO] DRV(2296081,row_copy_reference):2026-09-27-12:54:07.355.926 [svm_mem_statistics.c:152][ascend][curpid:2296081,2296081][drv][devmm][_svm_mem_stats_show]MEM_DEV_HUGE_DDR dev1 Cached_size:2097152Bytes
[INFO] DRV(2296081,row_copy_reference):2026-09-27-12:54:07.355.930 [svm_mem_statistics.c:146][ascend][curpid:2296081,2296081][drv][devmm][_svm_mem_stats_show]MEM_DEV_HUGE_P2P_HBM dev1 Mem stats (Bytes). (module_name=RUNTIME; module_id=7; current_alloced_size=0; allocated_peak_size=4194304; alloc_cnt=1; free_cnt=1)
[INFO] DRV(2296081,row_copy_reference):2026-09-27-12:54:07.355.936 [svm_mem_statistics.c:152][ascend][curpid:2296081,2296081][drv][devmm][_svm_mem_stats_show]MEM_DEV_HUGE_P2P_HBM dev1 Cached_size:4194304Bytes
[INFO] DRV(2296081,row_copy_reference):2026-09-27-12:54:07.382.613 [drv_log_user.c:623][ascend][curpid:2296081,2296081][drv][devmm][share_log_read_in_single_module]Close logical_device. (logical_devid=1; phyid=1; vfid=0; hostpid=2296081; devpid=1870)
[INFO] DRV(2296081,row_copy_reference):2026-09-27-12:54:07.383.744 [event_sched.c:1496][ascend][curpid:2296081,2296081][drv][event-sche][eschedDeviceClose]The devId close success. (devId=1)
[INFO] TDT(2296081,row_copy_reference):2026-09-27-12:54:07.383.784 [process_mode_manager.cpp:1916][ParseTsdCloseFlag][tid:2296081] Parse tsd close flag [0]
[INFO] TDT(2296081,row_copy_reference):2026-09-27-12:54:07.383.791 [process_mode_manager.cpp:156][Close][tid:2296081] [TsdClient] Close [deviceId=1][sessionId=1] hccp and computer enter
[INFO] TDT(2296081,row_copy_reference):2026-09-27-12:54:07.383.803 [version_verify.cpp:115][SpecialFeatureCheck][tid:2296081] VersionVerify: previous type[7], supported
[INFO] TDT(2296081,row_copy_reference):2026-09-27-12:54:07.383.857 [process_mode_manager.cpp:160][Close][tid:2296081] [TsdClient][deviceId=1] [sessionId=1] wait hccp and computer process close response
[INFO] TDT(2296081,row_copy_reference):2026-09-27-12:54:07.450.422 [process_mode_manager.cpp:163][Close][tid:2296081] [TsdClient][logicDeviceId_=1]has recv close hccp and computer process response
[INFO] TDT(2296081,row_copy_reference):2026-09-27-12:54:07.450.458 [stub_process_mode_nowin.cpp:144][CloseInHost][tid:2296081] enter into CloseInHost deviceid[1]
[INFO] TDT(2296081,row_copy_reference):2026-09-27-12:54:07.450.511 [client_manager.cpp:464][IsHostEnvironment][tid:2296081] [TsdClient] logicDeviceId[1], hostaicpunum[0]
[INFO] TDT(2296081,row_copy_reference):2026-09-27-12:54:07.450.517 [stub_process_mode_nowin.cpp:147][CloseInHost][tid:2296081] host cpu does not support
[INFO] TDT(2296081,row_copy_reference):2026-09-27-12:54:07.450.566 [process_mode_manager.cpp:181][Close][tid:2296081] [TsdClient][deviceId=1] [sessionId=1] close hccp and computer process success
[INFO] ATRACE(2296081,row_copy_reference):2026-09-27-12:54:07.450.920 [atrace_client_core.c:176](tid:2296081) stop to receive device[1] trace log.
[INFO] ASCENDCL(2296081,row_copy_reference):2026-09-27-12:54:07.691.118 [resource_statistics.cpp:113]2296081 TraverseStatistics: The ResourceType:ACL_STATISTICS_MALLOC_FREE, applyTotal = 3, applySucc = 3, releaseTotal = 4, releaseSucc = 4
[INFO] ASCENDCL(2296081,row_copy_reference):2026-09-27-12:54:07.691.145 [resource_statistics.cpp:113]2296081 TraverseStatistics: The ResourceType:ACL_STATISTICS_MALLOC_FREE_HOST, applyTotal = 0, applySucc = 0, releaseTotal = 0, releaseSucc = 0
[INFO] ASCENDCL(2296081,row_copy_reference):2026-09-27-12:54:07.691.159 [resource_statistics.cpp:113]2296081 TraverseStatistics: The ResourceType:ACL_STATISTICS_CREATE_DESTROY_CONTEXT, applyTotal = 0, applySucc = 0, releaseTotal = 0, releaseSucc = 0
[INFO] ASCENDCL(2296081,row_copy_reference):2026-09-27-12:54:07.691.164 [resource_statistics.cpp:113]2296081 TraverseStatistics: The ResourceType:ACL_STATISTICS_SET_RESET_DEVICE, applyTotal = 1, applySucc = 1, releaseTotal = 1, releaseSucc = 1
[INFO] ASCENDCL(2296081,row_copy_reference):2026-09-27-12:54:07.691.167 [resource_statistics.cpp:113]2296081 TraverseStatistics: The ResourceType:ACL_STATISTICS_CREATE_DESTROY_EVENT, applyTotal = 0, applySucc = 0, releaseTotal = 0, releaseSucc = 0
[INFO] ASCENDCL(2296081,row_copy_reference):2026-09-27-12:54:07.691.174 [resource_statistics.cpp:113]2296081 TraverseStatistics: The ResourceType:ACL_STATISTICS_CREATE_DESTROY_STREAM, applyTotal = 1, applySucc = 1, releaseTotal = 1, releaseSucc = 1
[INFO] ASCENDCL(2296081,row_copy_reference):2026-09-27-12:54:07.691.177 [resource_statistics.cpp:113]2296081 TraverseStatistics: The ResourceType:ACL_STATISTICS_DVPP_MALLOC_FREE, applyTotal = 0, applySucc = 0, releaseTotal = 0, releaseSucc = 0
[INFO] ASCENDCL(2296081,row_copy_reference):2026-09-27-12:54:07.691.181 [resource_statistics.cpp:113]2296081 TraverseStatistics: The ResourceType:ACL_STATISTICS_RECORD_RESET_EVENT, applyTotal = 0, applySucc = 0, releaseTotal = 0, releaseSucc = 0
[INFO] ASCENDCL(2296081,row_copy_reference):2026-09-27-12:54:07.691.184 [resource_statistics.cpp:113]2296081 TraverseStatistics: The ResourceType:ACL_STATISTICS_CREATE_DESTROY_DATA_BUFFER, applyTotal = 0, applySucc = 0, releaseTotal = 0, releaseSucc = 0
[INFO] ASCENDCL(2296081,row_copy_reference):2026-09-27-12:54:07.691.188 [resource_statistics.cpp:113]2296081 TraverseStatistics: The ResourceType:ACL_STATISTICS_CREATE_DESTROY_TENSOR_DESC, applyTotal = 0, applySucc = 0, releaseTotal = 0, releaseSucc = 0
[INFO] ASCENDCL(2296081,row_copy_reference):2026-09-27-12:54:07.691.191 [resource_statistics.cpp:113]2296081 TraverseStatistics: The ResourceType:ACL_STATISTICS_CREATE_DESTROY_DESC, applyTotal = 0, applySucc = 0, releaseTotal = 0, releaseSucc = 0
[INFO] ASCENDCL(2296081,row_copy_reference):2026-09-27-12:54:07.691.195 [resource_statistics.cpp:113]2296081 TraverseStatistics: The ResourceType:ACL_STATISTICS_CREATE_DESTROY_DATASET, applyTotal = 0, applySucc = 0, releaseTotal = 0, releaseSucc = 0
[INFO] ASCENDCL(2296081,row_copy_reference):2026-09-27-12:54:07.691.199 [resource_statistics.cpp:113]2296081 TraverseStatistics: The ResourceType:ACL_STATISTICS_CREATE_LOAD_UNLOAD_MODEL, applyTotal = 0, applySucc = 0, releaseTotal = 0, releaseSucc = 0
[INFO] ASCENDCL(2296081,row_copy_reference):2026-09-27-12:54:07.691.202 [resource_statistics.cpp:113]2296081 TraverseStatistics: The ResourceType:ACL_STATISTICS_CREATE_DESTROY_AIPP, applyTotal = 0, applySucc = 0, releaseTotal = 0, releaseSucc = 0
[INFO] ASCENDCL(2296081,row_copy_reference):2026-09-27-12:54:07.691.205 [resource_statistics.cpp:113]2296081 TraverseStatistics: The ResourceType:ACL_STATISTICS_CREATE_DESTROY_ATTR, applyTotal = 0, applySucc = 0, releaseTotal = 0, releaseSucc = 0
[INFO] ASCENDCL(2296081,row_copy_reference):2026-09-27-12:54:07.691.209 [resource_statistics.cpp:113]2296081 TraverseStatistics: The ResourceType:ACL_STATISTICS_CREATE_DESTROY_HANDLE, applyTotal = 0, applySucc = 0, releaseTotal = 0, releaseSucc = 0
[INFO] ASCENDCL(2296081,row_copy_reference):2026-09-27-12:54:07.691.219 [resource_statistics.cpp:113]2296081 TraverseStatistics: The ResourceType:ACL_STATISTICS_CREATE_DESTROY_DVPP_CHANNEL_DESC, applyTotal = 0, applySucc = 0, releaseTotal = 0, releaseSucc = 0
[INFO] ASCENDCL(2296081,row_copy_reference):2026-09-27-12:54:07.691.223 [resource_statistics.cpp:113]2296081 TraverseStatistics: The ResourceType:ACL_STATISTICS_CREATE_DESTROY_DVPP_PIC_DESC, applyTotal = 0, applySucc = 0, releaseTotal = 0, releaseSucc = 0
[INFO] ASCENDCL(2296081,row_copy_reference):2026-09-27-12:54:07.691.227 [resource_statistics.cpp:113]2296081 TraverseStatistics: The ResourceType:ACL_STATISTICS_CREATE_DESTROY_DVPP_ROI_CONFIG, applyTotal = 0, applySucc = 0, releaseTotal = 0, releaseSucc = 0
[INFO] ASCENDCL(2296081,row_copy_reference):2026-09-27-12:54:07.691.241 [resource_statistics.cpp:113]2296081 TraverseStatistics: The ResourceType:ACL_STATISTICS_CREATE_DESTROY_DVPP_RESIZE_CONFIG, applyTotal = 0, applySucc = 0, releaseTotal = 0, releaseSucc = 0
[INFO] ASCENDCL(2296081,row_copy_reference):2026-09-27-12:54:07.691.252 [resource_statistics.cpp:113]2296081 TraverseStatistics: The ResourceType:ACL_STATISTICS_CREATE_DESTROY_DVPP_JPEGE_CONFIG, applyTotal = 0, applySucc = 0, releaseTotal = 0, releaseSucc = 0
[INFO] ASCENDCL(2296081,row_copy_reference):2026-09-27-12:54:07.691.256 [resource_statistics.cpp:113]2296081 TraverseStatistics: The ResourceType:ACL_STATISTICS_CREATE_DESTROY_VDEC_CHANNEL_DESC, applyTotal = 0, applySucc = 0, releaseTotal = 0, releaseSucc = 0
[INFO] ASCENDCL(2296081,row_copy_reference):2026-09-27-12:54:07.691.259 [resource_statistics.cpp:113]2296081 TraverseStatistics: The ResourceType:ACL_STATISTICS_CREATE_DESTROY_VENC_CHANNEL_DESC, applyTotal = 0, applySucc = 0, releaseTotal = 0, releaseSucc = 0
[INFO] ASCENDCL(2296081,row_copy_reference):2026-09-27-12:54:07.691.262 [resource_statistics.cpp:113]2296081 TraverseStatistics: The ResourceType:ACL_STATISTICS_CREATE_DESTROY_DVPP_STREAM_DESC, applyTotal = 0, applySucc = 0, releaseTotal = 0, releaseSucc = 0
[INFO] ASCENDCL(2296081,row_copy_reference):2026-09-27-12:54:07.691.266 [resource_statistics.cpp:113]2296081 TraverseStatistics: The ResourceType:ACL_STATISTICS_CREATE_DESTROY_VDEC_FRAME_CONFIG, applyTotal = 0, applySucc = 0, releaseTotal = 0, releaseSucc = 0
[INFO] ASCENDCL(2296081,row_copy_reference):2026-09-27-12:54:07.691.269 [resource_statistics.cpp:113]2296081 TraverseStatistics: The ResourceType:ACL_STATISTICS_CREATE_DESTROY_VENC_FRAME_CONFIG, applyTotal = 0, applySucc = 0, releaseTotal = 0, releaseSucc = 0
[INFO] ASCENDCL(2296081,row_copy_reference):2026-09-27-12:54:07.691.272 [resource_statistics.cpp:113]2296081 TraverseStatistics: The ResourceType:ACL_STATISTICS_CREATE_DESTROY_DVPP_CHANNEL, applyTotal = 0, applySucc = 0, releaseTotal = 0, releaseSucc = 0
[INFO] ASCENDCL(2296081,row_copy_reference):2026-09-27-12:54:07.691.275 [resource_statistics.cpp:113]2296081 TraverseStatistics: The ResourceType:ACL_STATISTICS_CREATE_DESTROY_VDEC_CHANNEL, applyTotal = 0, applySucc = 0, releaseTotal = 0, releaseSucc = 0
[INFO] ASCENDCL(2296081,row_copy_reference):2026-09-27-12:54:07.691.279 [resource_statistics.cpp:113]2296081 TraverseStatistics: The ResourceType:ACL_STATISTICS_CREATE_DESTROY_VENC_CHANNEL, applyTotal = 0, applySucc = 0, releaseTotal = 0, releaseSucc = 0
[INFO] ASCENDCL(2296081,row_copy_reference):2026-09-27-12:54:07.691.282 [resource_statistics.cpp:113]2296081 TraverseStatistics: The ResourceType:ACL_STATISTICS_CREATE_DESTROY_DVPP_BATCH_PIC_DESC, applyTotal = 0, applySucc = 0, releaseTotal = 0, releaseSucc = 0
[INFO] ASCENDCL(2296081,row_copy_reference):2026-09-27-12:54:07.691.287 [resource_statistics.cpp:113]2296081 TraverseStatistics: The ResourceType:ACL_STATISTICS_CREATE_DESTROY_GROUP_INFO, applyTotal = 0, applySucc = 0, releaseTotal = 0, releaseSucc = 0
[INFO] ASCENDCL(2296081,row_copy_reference):2026-09-27-12:54:07.691.291 [resource_statistics.cpp:113]2296081 TraverseStatistics: The ResourceType:ACL_STATISTICS_CREATE_DESTROY_PROF_CONFIG, applyTotal = 0, applySucc = 0, releaseTotal = 0, releaseSucc = 0
[INFO] ASCENDCL(2296081,row_copy_reference):2026-09-27-12:54:07.691.299 [resource_statistics.cpp:113]2296081 TraverseStatistics: The ResourceType:ACL_STATISTICS_CREATE_DESTROY_PROF_SUB_CONFIG, applyTotal = 0, applySucc = 0, releaseTotal = 0, releaseSucc = 0
[INFO] ASCENDCL(2296081,row_copy_reference):2026-09-27-12:54:07.691.302 [resource_statistics.cpp:113]2296081 TraverseStatistics: The ResourceType:ACL_STATISTICS_CREATE_DESTROY_MODEL_CONFIG, applyTotal = 0, applySucc = 0, releaseTotal = 0, releaseSucc = 0
[INFO] ASCENDCL(2296081,row_copy_reference):2026-09-27-12:54:07.691.306 [resource_statistics.cpp:113]2296081 TraverseStatistics: The ResourceType:ACL_STATISTICS_CREATE_DESTROY_QUEUE_ID, applyTotal = 0, applySucc = 0, releaseTotal = 0, releaseSucc = 0
[INFO] ASCENDCL(2296081,row_copy_reference):2026-09-27-12:54:07.691.309 [resource_statistics.cpp:113]2296081 TraverseStatistics: The ResourceType:ACL_STATISTICS_CREATE_DESTROY_QUEUE_ATTR, applyTotal = 0, applySucc = 0, releaseTotal = 0, releaseSucc = 0
[INFO] ASCENDCL(2296081,row_copy_reference):2026-09-27-12:54:07.691.312 [resource_statistics.cpp:113]2296081 TraverseStatistics: The ResourceType:ACL_STATISTICS_CREATE_DESTROY_QUEUE_ROUTE, applyTotal = 0, applySucc = 0, releaseTotal = 0, releaseSucc = 0
[INFO] ASCENDCL(2296081,row_copy_reference):2026-09-27-12:54:07.691.315 [resource_statistics.cpp:113]2296081 TraverseStatistics: The ResourceType:ACL_STATISTICS_CREATE_DESTROY_QUEUE_ROUTE_LIST, applyTotal = 0, applySucc = 0, releaseTotal = 0, releaseSucc = 0
[INFO] ASCENDCL(2296081,row_copy_reference):2026-09-27-12:54:07.691.319 [resource_statistics.cpp:113]2296081 TraverseStatistics: The ResourceType:ACL_STATISTICS_CREATE_DESTROY_QUEUE_ROUTE_QUERY, applyTotal = 0, applySucc = 0, releaseTotal = 0, releaseSucc = 0
[INFO] ASCENDCL(2296081,row_copy_reference):2026-09-27-12:54:07.691.322 [resource_statistics.cpp:113]2296081 TraverseStatistics: The ResourceType:ACL_STATISTICS_CREATE_DESTROY_MBUF, applyTotal = 0, applySucc = 0, releaseTotal = 0, releaseSucc = 0
[INFO] ASCENDCL(2296081,row_copy_reference):2026-09-27-12:54:07.691.325 [resource_statistics.cpp:113]2296081 TraverseStatistics: The ResourceType:ACL_STATISTICS_CREATE_DESTROY_GRAPH_DUMP_OPTION, applyTotal = 0, applySucc = 0, releaseTotal = 0, releaseSucc = 0
[INFO] ASCENDCL(2296081,row_copy_reference):2026-09-27-12:54:07.691.329 [resource_statistics.cpp:113]2296081 TraverseStatistics: The ResourceType:ACL_STATISTICS_CREATE_DESTROY_ALLOCATOR_DESC, applyTotal = 0, applySucc = 0, releaseTotal = 0, releaseSucc = 0
[INFO] ASCENDCL(2296081,row_copy_reference):2026-09-27-12:54:07.691.332 [resource_statistics.cpp:113]2296081 TraverseStatistics: The ResourceType:ACL_STATISTICS_CREATE_DESTROY_ALLOCATOR_BINARY_DESC, applyTotal = 0, applySucc = 0, releaseTotal = 0, releaseSucc = 0
[INFO] ASCENDCL(2296081,row_copy_reference):2026-09-27-12:54:07.691.336 [resource_statistics.cpp:113]2296081 TraverseStatistics: The ResourceType:ACL_STATISTICS_RESERVE_RELEASE_MEMORY_ADDRESS, applyTotal = 0, applySucc = 0, releaseTotal = 0, releaseSucc = 0
[INFO] ASCENDCL(2296081,row_copy_reference):2026-09-27-12:54:07.691.339 [resource_statistics.cpp:113]2296081 TraverseStatistics: The ResourceType:ACL_STATISTICS_MALLOC_FREE_PHYSICAL_MEMORY, applyTotal = 0, applySucc = 0, releaseTotal = 0, releaseSucc = 0
[INFO] ASCENDCL(2296081,row_copy_reference):2026-09-27-12:54:07.691.342 [resource_statistics.cpp:113]2296081 TraverseStatistics: The ResourceType:ACL_STATISTICS_MAP_UNMAP_MEMORY, applyTotal = 0, applySucc = 0, releaseTotal = 0, releaseSucc = 0
[INFO] ASCENDCL(2296081,row_copy_reference):2026-09-27-12:54:07.691.345 [resource_statistics.cpp:113]2296081 TraverseStatistics: The ResourceType:ACL_STATISTICS_LOAD_UNLOAD_BINARY, applyTotal = 0, applySucc = 0, releaseTotal = 0, releaseSucc = 0
[EVENT] PROFILING(2296081,row_copy_reference):2026-09-27-12:54:07.691.359 [msprof_callback_impl.cpp:111] >>> (tid:2296081) MsprofCtrlCallback called, type: 3
[EVENT] PROFILING(2296081,row_copy_reference):2026-09-27-12:54:07.691.368 [ai_drv_dev_api.cpp:333] >>> (tid:2296081) Succeeded to DrvGetApiVersion version: 0x72318
[INFO] RUNTIME(2296081,row_copy_reference):2026-09-27-12:54:08.065.982 [runtime.cc:6218] 2296489 ReportRasRun: Report ras thread exits normally!
[INFO] ATRACE(2296081,row_copy_reference):2026-09-27-12:54:08.118.143 [atrace_client_core.c:127](tid:2296416) atrace receive thread exited, devId=1.
[INFO] RUNTIME(2296081,row_copy_reference):2026-09-27-12:54:08.310.900 [runtime.cc:1667] 2296081 ~Runtime: runtime destructor.
[INFO] RUNTIME(2296081,row_copy_reference):2026-09-27-12:54:08.310.965 [runtime.cc:6186] 2296081 DestroyReportRasThread: Join report ras thread OK.
[INFO] RUNTIME(2296081,row_copy_reference):2026-09-27-12:54:08.310.973 [runtime.cc:1755] 2296081 WaitMonitorExit: wait monitor success, used count=0.
[INFO] RUNTIME(2296081,row_copy_reference):2026-09-27-12:54:08.421.163 [task_fail_callback_data_manager.cc:93] 2296081 ~TaskFailCallBackManager: Destructor.
[INFO] ATRACE(2296081,row_copy_reference):2026-09-27-12:54:08.422.820 [stacktrace_signal.c:194](tid:2296081) unregister all signal handlers, can not capture signal.
RUN_RC=3 rows=5 D=4096
RUN target=AddRmsNormBias rows=3 D=8192 device=1
[INFO] RUNTIME(2296696,row_copy_reference):2026-09-27-12:54:08.823.428 [task_fail_callback_data_manager.cc:88] 2296696 TaskFailCallBackManager: Constructor.
[EVENT] PROFILING(2296696,row_copy_reference):2026-09-27-12:54:08.910.427 [msprof_callback_impl.cpp:359] >>> (tid:2296696) Started to register profiling ctrl callback.
[EVENT] PROFILING(2296696,row_copy_reference):2026-09-27-12:54:08.910.597 [msprof_callback_impl.cpp:366] >>> (tid:2296696) Started to register profiling hash id callback.
[INFO] PROFILING(2296696,row_copy_reference):2026-09-27-12:54:08.910.608 [prof_atls_plugin.cpp:118] (tid:2296696) RegisterProfileCallback, callback type is 7
[EVENT] PROFILING(2296696,row_copy_reference):2026-09-27-12:54:08.910.614 [msprof_callback_impl.cpp:373] >>> (tid:2296696) Started to register profiling enable host freq callback.
[INFO] PROFILING(2296696,row_copy_reference):2026-09-27-12:54:08.910.618 [prof_atls_plugin.cpp:118] (tid:2296696) RegisterProfileCallback, callback type is 8
[EVENT] PROFILING(2296696,row_copy_reference):2026-09-27-12:54:08.910.622 [msprof_callback_impl.cpp:380] >>> (tid:2296696) Started to register profiling typeId callback.
[INFO] PROFILING(2296696,row_copy_reference):2026-09-27-12:54:08.910.626 [prof_atls_plugin.cpp:118] (tid:2296696) RegisterProfileCallback, callback type is 6
[INFO] PROFILING(2296696,row_copy_reference):2026-09-27-12:54:08.940.017 [prof_atls_plugin.cpp:231] (tid:2296696) Module[45] register callback of ctrl handle.
[INFO] GE(2296696,row_copy_reference):2026-09-27-12:54:09.523.654 [op_tiling_manager.cc:109]2296696 ~FuncPerfScope:[GEPERFTRACE] The time cost of OpTilingManager::LoadSo is [583573] micro seconds.
[INFO] PROFILING(2296696,row_copy_reference):2026-09-27-12:54:09.588.717 [prof_atls_plugin.cpp:231] (tid:2296696) Module[6] register callback of ctrl handle.
[INFO] RUNTIME(2296696,row_copy_reference):2026-09-27-12:54:10.631.639 [runtime_keeper.cc:158] 2296696 CreateRuntimeImpl: Open libruntime_v100.so successfully
[INFO] RUNTIME(2296696,row_copy_reference):2026-09-27-12:54:10.631.765 [runtime.cc:5638] 2296696 GetVisibleDevices: ASCEND_RT_VISIBLE_DEVICES param was not set
[INFO] TDT(2296696,row_copy_reference):2026-09-27-12:54:10.633.926 [package_worker_factory.cpp:40][RegisterPackageWorkerCreator][tid:2296696] Register[4] package worker was created successfully
[INFO] TDT(2296696,row_copy_reference):2026-09-27-12:54:10.633.954 [package_worker_factory.cpp:40][RegisterPackageWorkerCreator][tid:2296696] Register[6] package worker was created successfully
[INFO] TDT(2296696,row_copy_reference):2026-09-27-12:54:10.633.962 [package_worker_factory.cpp:40][RegisterPackageWorkerCreator][tid:2296696] Register[5] package worker was created successfully
[INFO] TDT(2296696,row_copy_reference):2026-09-27-12:54:10.633.971 [package_worker_factory.cpp:40][RegisterPackageWorkerCreator][tid:2296696] Register[0] package worker was created successfully
[INFO] TDT(2296696,row_copy_reference):2026-09-27-12:54:10.633.975 [package_worker_factory.cpp:40][RegisterPackageWorkerCreator][tid:2296696] Register[1] package worker was created successfully
[INFO] TDT(2296696,row_copy_reference):2026-09-27-12:54:10.633.980 [package_worker_factory.cpp:40][RegisterPackageWorkerCreator][tid:2296696] Register[8] package worker was created successfully
[INFO] TDT(2296696,row_copy_reference):2026-09-27-12:54:10.633.987 [package_worker_factory.cpp:40][RegisterPackageWorkerCreator][tid:2296696] Register[2] package worker was created successfully
[INFO] TDT(2296696,row_copy_reference):2026-09-27-12:54:10.633.991 [package_worker_factory.cpp:40][RegisterPackageWorkerCreator][tid:2296696] Register[3] package worker was created successfully
[INFO] PROFILING(2296696,row_copy_reference):2026-09-27-12:54:10.634.192 [prof_atls_plugin.cpp:231] (tid:2296696) Module[7] register callback of ctrl handle.
[INFO] PROFILING(2296696,row_copy_reference):2026-09-27-12:54:10.634.241 [prof_atls_plugin.cpp:231] (tid:2296696) Module[48] register callback of ctrl handle.
[EVENT] PROFILING(2296696,row_copy_reference):2026-09-27-12:54:10.634.259 [msprof_callback_impl.cpp:111] >>> (tid:2296696) MsprofCtrlCallback called, type: 255
[EVENT] PROFILING(2296696,row_copy_reference):2026-09-27-12:54:10.634.453 [ai_drv_dev_api.cpp:333] >>> (tid:2296696) Succeeded to DrvGetApiVersion version: 0x72318
[INFO] ASCENDCL(2296696,row_copy_reference):2026-09-27-12:54:10.634.689 [acl.cpp:253]2296696 GetAllPackageVersion: Version of runtime package is 8.5.0.alpha002
[INFO] ASCENDCL(2296696,row_copy_reference):2026-09-27-12:54:10.634.729 [acl.cpp:253]2296696 GetAllPackageVersion: Version of runtime package is 8.5.0.alpha002
[INFO] ASCENDCL(2296696,row_copy_reference):2026-09-27-12:54:10.634.770 [acl.cpp:253]2296696 GetAllPackageVersion: Version of compiler package is 8.5.0.alpha002
[INFO] ASCENDCL(2296696,row_copy_reference):2026-09-27-12:54:10.634.812 [acl.cpp:253]2296696 GetAllPackageVersion: Version of hccl package is 8.5.0.alpha002
[INFO] ASCENDCL(2296696,row_copy_reference):2026-09-27-12:54:10.634.850 [acl.cpp:253]2296696 GetAllPackageVersion: Version of toolkit package is 8.5.0.alpha002
[INFO] ASCENDCL(2296696,row_copy_reference):2026-09-27-12:54:10.634.887 [acl.cpp:253]2296696 GetAllPackageVersion: Version of opp package is 8.5.0.alpha002
[INFO] ASCENDCL(2296696,row_copy_reference):2026-09-27-12:54:10.634.925 [acl.cpp:253]2296696 GetAllPackageVersion: Version of opp_kernel package is 8.5.0.alpha002
[INFO] ASCENDCL(2296696,row_copy_reference):2026-09-27-12:54:10.634.988 [acl.cpp:253]2296696 GetAllPackageVersion: Version of driver package is 25.0.rc1.1
[INFO] ATRACE(2296696,row_copy_reference):2026-09-27-12:54:10.639.040 [atrace_client_core.c:160](tid:2296696) start to receive device[1] trace log.
[INFO] ASCENDCL(2296696,row_copy_reference):2026-09-27-12:54:10.639.063 [acl_resource_manager.cpp:133]2296696 GetRuntimeV2Env: runtime v2 flag : model flag = 1, singleOp flag = 1
[INFO] TDT(2296696,row_copy_reference):2026-09-27-12:54:10.639.124 [client_manager.cpp:464][IsHostEnvironment][tid:2296696] [TsdClient] logicDeviceId[1], hostaicpunum[0]
[INFO] TDT(2296696,row_copy_reference):2026-09-27-12:54:10.639.132 [client_manager.cpp:493][GetClientRunMode][tid:2296696] runMode:0
[INFO] TDT(2296696,row_copy_reference):2026-09-27-12:54:10.639.137 [client_manager.cpp:133][GetInstance][tid:2296696] [ClientManager] Current mode:1
[INFO] TDT(2296696,row_copy_reference):2026-09-27-12:54:10.639.151 [process_mode_base.cpp:152][GetLogLevel][tid:2296696] [TsdClient] get ASCEND_GLOBAL_LOG_LEVEL [] ASCEND_GLOBAL_EVENT_ENABLE [] ASCEND_MODULE_LOG_LEVEL []
[INFO] TDT(2296696,row_copy_reference):2026-09-27-12:54:10.639.219 [process_mode_manager.cpp:79][OpenProcess][tid:2296696] [ProcessModeManager] enter into open process deviceId[1] rankSize[0]
[INFO] TDT(2296696,row_copy_reference):2026-09-27-12:54:10.639.464 [client_manager.cpp:290][CheckPackageExistsOnce][tid:2296696] [TsdClient][deviceId=1] set package path[/usr/local/Ascend/ascend-toolkit/latest/opp/Ascend/aicpu/], package name[Ascend-aicpu_syskernels.tar.gz], packageType[0]
[INFO] TDT(2296696,row_copy_reference):2026-09-27-12:54:10.639.655 [client_manager.cpp:290][CheckPackageExistsOnce][tid:2296696] [TsdClient][deviceId=1] set package path[/usr/local/Ascend/ascend-toolkit/latest/opp/Ascend/aicpu/], package name[Ascend-aicpu_extend_syskernels.tar.gz], packageType[1]
[INFO] TDT(2296696,row_copy_reference):2026-09-27-12:54:10.639.781 [client_manager.cpp:279][CheckPackageExistsOnce][tid:2296696] [TsdClient][deviceId=1] pkg size[0] in path[/usr/local/Ascend/ascend-toolkit/latest/opp/built-in/] must be only one, skip send package, packageType[6]
[INFO] TDT(2296696,row_copy_reference):2026-09-27-12:54:10.639.867 [process_mode_manager.cpp:470][InitTsdClient][tid:2296696] [TsdClient] deviceId[1] begin to init hdc client
[INFO] TDT(2296696,row_copy_reference):2026-09-27-12:54:10.640.002 [version_verify.cpp:37][SetVersionInfo][tid:2296696] VersionVerify: send client version to server
[INFO] TDT(2296696,row_copy_reference):2026-09-27-12:54:10.640.733 [version_verify.cpp:69][PeerVersionCheck][tid:2296696] VersionVerify: Check client version info, server[1230], client[1230]
[INFO] TDT(2296696,row_copy_reference):2026-09-27-12:54:10.640.744 [version_verify.cpp:90][ParseVersionInfo][tid:2296696] VersionVerify: pass client version info success
[INFO] TDT(2296696,row_copy_reference):2026-09-27-12:54:10.640.749 [hdc_client.cpp:273][CheckHdcConnection][tid:2296696] Service[2] create hdc successfully.
[INFO] TDT(2296696,row_copy_reference):2026-09-27-12:54:10.640.762 [version_verify.cpp:123][SpecialFeatureCheck][tid:2296696] VersionVerify: new type[35], supported
[INFO] TDT(2296696,row_copy_reference):2026-09-27-12:54:10.640.801 [process_mode_manager.cpp:711][GetDeviceCheckCodeOnce][tid:2296696] [TsdClient][deviceId=1] [sessionId=1] wait package info response
[INFO] TDT(2296696,row_copy_reference):2026-09-27-12:54:10.641.874 [version_verify.cpp:123][SpecialFeatureCheck][tid:2296696] VersionVerify: new type[64], supported
[INFO] TDT(2296696,row_copy_reference):2026-09-27-12:54:10.641.923 [process_mode_manager.cpp:423][SendAICPUPackage][tid:2296696] [TsdClient][deviceId_=1] the checksum of host package[62399746] is the same as device[62399746], skip send package.
[INFO] TDT(2296696,row_copy_reference):2026-09-27-12:54:10.641.931 [process_mode_manager.cpp:1843][SendCommonPackage][tid:2296696] [TsdClient][deviceId_=1] package is not existed, skip send, packageType[6]
[INFO] TDT(2296696,row_copy_reference):2026-09-27-12:54:10.641.936 [process_mode_manager.cpp:1957][LoadDriverExtendPkg][tid:2296696] The device-sw-plugin package not found; skipping send to device.
[INFO] TDT(2296696,row_copy_reference):2026-09-27-12:54:10.641.944 [process_mode_manager.cpp:470][InitTsdClient][tid:2296696] [TsdClient] deviceId[1] begin to init hdc client
[INFO] TDT(2296696,row_copy_reference):2026-09-27-12:54:10.642.037 [version_verify.cpp:37][SetVersionInfo][tid:2296696] VersionVerify: send client version to server
[INFO] TDT(2296696,row_copy_reference):2026-09-27-12:54:10.642.467 [version_verify.cpp:69][PeerVersionCheck][tid:2296696] VersionVerify: Check client version info, server[1230], client[1230]
[INFO] TDT(2296696,row_copy_reference):2026-09-27-12:54:10.642.477 [version_verify.cpp:90][ParseVersionInfo][tid:2296696] VersionVerify: pass client version info success
[INFO] TDT(2296696,row_copy_reference):2026-09-27-12:54:10.642.481 [hdc_client.cpp:273][CheckHdcConnection][tid:2296696] Service[2] create hdc successfully.
[INFO] TDT(2296696,row_copy_reference):2026-09-27-12:54:10.642.494 [process_mode_manager.cpp:537][ConstructOpenMsg][tid:2296696] [TsdClient] tsd get process sign successfully, procpid[2296696] signSize[48]
[INFO] TDT(2296696,row_copy_reference):2026-09-27-12:54:10.642.502 [version_verify.cpp:115][SpecialFeatureCheck][tid:2296696] VersionVerify: previous type[6], supported
[INFO] TDT(2296696,row_copy_reference):2026-09-27-12:54:10.642.521 [process_mode_manager.cpp:98][OpenProcess][tid:2296696] [ProcessModeManager] deviceId[1] sessionId[1] rankSize[0], wait subprocess start response
[INFO] TDT(2296696,row_copy_reference):2026-09-27-12:54:10.844.668 [stub_process_mode_nowin.cpp:62][ProcessQueueForMdc][tid:2296696] [TsdClient] it is unnecessary for current mode[0] to grant queue auth to aicpusd
[INFO] TDT(2296696,row_copy_reference):2026-09-27-12:54:10.844.706 [stub_process_mode_nowin.cpp:101][OpenInHost][tid:2296696] enter into OpenInHost deviceid[1]
[INFO] TDT(2296696,row_copy_reference):2026-09-27-12:54:10.844.745 [client_manager.cpp:464][IsHostEnvironment][tid:2296696] [TsdClient] logicDeviceId[1], hostaicpunum[0]
[INFO] TDT(2296696,row_copy_reference):2026-09-27-12:54:10.844.751 [stub_process_mode_nowin.cpp:105][OpenInHost][tid:2296696] host cpu does not support
[INFO] TDT(2296696,row_copy_reference):2026-09-27-12:54:10.844.755 [process_mode_manager.cpp:123][OpenProcess][tid:2296696] [TsdClient][deviceId=1] [sessionId=1] start hccp and computer process success
[INFO] DRV(2296696,row_copy_reference):2026-09-27-12:54:10.844.776 [event_sched.c:1517][ascend][curpid:2296696,2296696][drv][event-sche][eschedDeviceOpen]The devId open success. (devId=1)
[INFO] DRV(2296696,row_copy_reference):2026-09-27-12:54:10.848.726 [devmm_svm.c:126][ascend][curpid:2296696,2296696][drv][devmm][devmm_setup_device]DrvMemDeviceOpen. (devid=1)
[INFO] DRV(2296696,row_copy_reference):2026-09-27-12:54:10.850.616 [devmm_virt_interface.c:450][ascend][curpid:2296696,2296696][drv][devmm][devmm_ioctl_init_process]Init_process details. (hostpid=2296696)
[INFO] DRV(2296696,row_copy_reference):2026-09-27-12:54:10.850.917 [drv_log_user.c:623][ascend][curpid:2296696,2296696][drv][devmm][share_log_read_in_single_module]Setup device succeeded. (logical_devid=1; devid=1; vfid=0; hostpid=2296696; devpid=2157)
[INFO] DRV(2296696,row_copy_reference):2026-09-27-12:54:10.850.931 [devmm_svm.c:112][ascend][curpid:2296696,2296696][drv][devmm][devmm_set_device_info]Device info. (devid=1; dvpp_size=17179869184; support_bar_mem=1; support_dev_read_only=1; support_dev_mem_map_host=1; support_bar_huge_mem=1; allocated_by_malloc=0; host_rw_dev_ro=1)
[INFO] DRV(2296696,row_copy_reference):2026-09-27-12:54:10.850.938 [devmm_svm.c:116][ascend][curpid:2296696,2296696][drv][devmm][devmm_set_device_info]Device info. (double_pgtable_offset=17592186044416; support_host_pin_pre_register=0; support_host_mem_pool=0; is_support_giant_page=1; support_remote_mmap=1)
[INFO] DRV(2296696,row_copy_reference):2026-09-27-12:54:10.851.170 [queue_interface.c:655][ascend][curpid:2296696,2296696][drv][queuemng][queueDeviceOpen]queue open finish. (devId=1)
[INFO] RUNTIME(2296696,row_copy_reference):2026-09-27-12:54:10.851.260 [raw_device.cc:520] 2296696 Init: isAddrFlat:0
[INFO] TDT(2296696,row_copy_reference):2026-09-27-12:54:10.852.526 [tsd_client.cpp:191][TsdCapabilityGet][tid:2296696] TsdCapabilityGet Begin.
[INFO] TDT(2296696,row_copy_reference):2026-09-27-12:54:10.852.540 [process_mode_manager.cpp:1019][CapabilityGet][tid:2296696] [ProcessModeManager] enter into CapabilityGet process deviceId[1] type[0].
[INFO] TDT(2296696,row_copy_reference):2026-09-27-12:54:10.852.553 [version_verify.cpp:115][SpecialFeatureCheck][tid:2296696] VersionVerify: previous type[38], supported
[INFO] TDT(2296696,row_copy_reference):2026-09-27-12:54:10.852.591 [process_mode_manager.cpp:1042][CapabilityGet][tid:2296696] [TsdClient][deviceId=1] [sessionId=1] [type=0]send capability successfully. 
[INFO] TDT(2296696,row_copy_reference):2026-09-27-12:54:10.853.674 [process_mode_msg_parse.cpp:198][PidQosMsgProc][tid:2296696] [TsdClient] PidQosMsgProc recvMsg realDeviceId[1] msgType[39] localDevId[1] rspCode[0],pidqos[1]
[INFO] TDT(2296696,row_copy_reference):2026-09-27-12:54:10.853.683 [process_mode_manager.cpp:1047][CapabilityGet][tid:2296696] [TsdClient][logicDeviceId_=1][type=0][pidQos=1][ret=0]recv capability response finished.
[INFO] RUNTIME(2296696,row_copy_reference):2026-09-27-12:54:10.853.692 [engine.cc:78] 2296696 Engine: Constructor.
[INFO] RUNTIME(2296696,row_copy_reference):2026-09-27-12:54:10.853.697 [stars_engine.cc:47] 2296696 StarsEngine: Constructor.
[INFO] RUNTIME(2296696,row_copy_reference):2026-09-27-12:54:10.981.230 [runtime.cc:6176] 2296696 CreateReportRasThread: Start report ras thread success!
[INFO] RUNTIME(2296696,row_copy_reference):2026-09-27-12:54:10.981.284 [npu_driver.cc:6953] 2297032 GetDeviceStatus: GetDeviceStatus status=1.
[INFO] ATRACE(2296696,row_copy_reference):2026-09-27-12:54:11.040.305 [tracer_mgr_operate.c:66](tid:2296696) create object RUNTIME_ATRACE_DEV1_TS0 successfully, exitSave(false), noLock(false).
[INFO] TDT(2296696,row_copy_reference):2026-09-27-12:54:11.040.344 [client_manager.cpp:203][SetProfilingCallback][tid:2296696] [TsdClient] set profiling callback successfully
[INFO] PROFILING(2296696,row_copy_reference):2026-09-27-12:54:11.046.325 [prof_atls_plugin.cpp:231] (tid:2296696) Module[69] register callback of ctrl handle.
ADDRMSNORMBIAS CORRECTNESS FAIL device=1 rows=3 D=8192 max_abs=1.33516 first_index=0 expected=-1.53564 actual=-0.608
[INFO] ATRACE(2296696,row_copy_reference):2026-09-27-12:54:11.182.131 [tracer_mgr_operate.c:248](tid:2296696) destroy object RUNTIME_ATRACE_DEV1_TS0, exitSave(false).
[INFO] RUNTIME(2296696,row_copy_reference):2026-09-27-12:54:11.409.286 [stars_engine.cc:55] 2296696 ~StarsEngine: Destructor.
[INFO] RUNTIME(2296696,row_copy_reference):2026-09-27-12:54:11.409.322 [engine.cc:84] 2296696 ~Engine: Destructor.
[INFO] DRV(2296696,row_copy_reference):2026-09-27-12:54:11.409.351 [queue_interface.c:662][ascend][curpid:2296696,2296696][drv][queuemng][queueDeviceClose]queue close finish. (devId=1)
[INFO] DRV(2296696,row_copy_reference):2026-09-27-12:54:11.409.360 [devmm_svm.c:2345][ascend][curpid:2296696,2296696][drv][devmm][drvMemDeviceCloseInner]DrvMemDeviceClose. (devid=1)
[INFO] DRV(2296696,row_copy_reference):2026-09-27-12:54:11.409.410 [svm_mem_statistics.c:146][ascend][curpid:2296696,2296696][drv][devmm][_svm_mem_stats_show]HOST_MEM Mem stats (Bytes). (module_name=RUNTIME; module_id=7; current_alloced_size=0; allocated_peak_size=11341824; alloc_cnt=3; free_cnt=3)
[INFO] DRV(2296696,row_copy_reference):2026-09-27-12:54:11.409.419 [svm_mem_statistics.c:152][ascend][curpid:2296696,2296696][drv][devmm][_svm_mem_stats_show]HOST_MEM Cached_size:12582912Bytes
[INFO] DRV(2296696,row_copy_reference):2026-09-27-12:54:11.409.425 [svm_mem_statistics.c:146][ascend][curpid:2296696,2296696][drv][devmm][_svm_mem_stats_show]MEM_DEV_SMALL_HBM dev1 Mem stats (Bytes). (module_name=RUNTIME; module_id=7; current_alloced_size=0; allocated_peak_size=77824; alloc_cnt=4; free_cnt=4)
[INFO] DRV(2296696,row_copy_reference):2026-09-27-12:54:11.409.432 [svm_mem_statistics.c:146][ascend][curpid:2296696,2296696][drv][devmm][_svm_mem_stats_show]MEM_DEV_SMALL_HBM dev1 Mem stats (Bytes). (module_name=APP; module_id=33; current_alloced_size=0; allocated_peak_size=208896; alloc_cnt=3; free_cnt=3)
[INFO] DRV(2296696,row_copy_reference):2026-09-27-12:54:11.409.437 [svm_mem_statistics.c:152][ascend][curpid:2296696,2296696][drv][devmm][_svm_mem_stats_show]MEM_DEV_SMALL_HBM dev1 Cached_size:2097152Bytes
[INFO] DRV(2296696,row_copy_reference):2026-09-27-12:54:11.409.442 [svm_mem_statistics.c:146][ascend][curpid:2296696,2296696][drv][devmm][_svm_mem_stats_show]MEM_DEV_SMALL_DDR dev1 Mem stats (Bytes). (module_name=UNKNOWN; module_id=0; current_alloced_size=0; allocated_peak_size=4096; alloc_cnt=1; free_cnt=1)
[INFO] DRV(2296696,row_copy_reference):2026-09-27-12:54:11.409.447 [svm_mem_statistics.c:146][ascend][curpid:2296696,2296696][drv][devmm][_svm_mem_stats_show]MEM_DEV_SMALL_DDR dev1 Mem stats (Bytes). (module_name=RUNTIME; module_id=7; current_alloced_size=0; allocated_peak_size=16384; alloc_cnt=1; free_cnt=1)
[INFO] DRV(2296696,row_copy_reference):2026-09-27-12:54:11.409.452 [svm_mem_statistics.c:152][ascend][curpid:2296696,2296696][drv][devmm][_svm_mem_stats_show]MEM_DEV_SMALL_DDR dev1 Cached_size:2097152Bytes
[INFO] DRV(2296696,row_copy_reference):2026-09-27-12:54:11.409.459 [svm_mem_statistics.c:146][ascend][curpid:2296696,2296696][drv][devmm][_svm_mem_stats_show]MEM_DEV_HUGE_HBM dev1 Mem stats (Bytes). (module_name=RUNTIME; module_id=7; current_alloced_size=0; allocated_peak_size=20971520; alloc_cnt=6; free_cnt=6)
[INFO] DRV(2296696,row_copy_reference):2026-09-27-12:54:11.409.465 [svm_mem_statistics.c:152][ascend][curpid:2296696,2296696][drv][devmm][_svm_mem_stats_show]MEM_DEV_HUGE_HBM dev1 Cached_size:20971520Bytes
[INFO] DRV(2296696,row_copy_reference):2026-09-27-12:54:11.409.469 [svm_mem_statistics.c:146][ascend][curpid:2296696,2296696][drv][devmm][_svm_mem_stats_show]MEM_DEV_HUGE_DDR dev1 Mem stats (Bytes). (module_name=RUNTIME; module_id=7; current_alloced_size=0; allocated_peak_size=2097152; alloc_cnt=1; free_cnt=1)
[INFO] DRV(2296696,row_copy_reference):2026-09-27-12:54:11.409.476 [svm_mem_statistics.c:152][ascend][curpid:2296696,2296696][drv][devmm][_svm_mem_stats_show]MEM_DEV_HUGE_DDR dev1 Cached_size:2097152Bytes
[INFO] DRV(2296696,row_copy_reference):2026-09-27-12:54:11.409.481 [svm_mem_statistics.c:146][ascend][curpid:2296696,2296696][drv][devmm][_svm_mem_stats_show]MEM_DEV_HUGE_P2P_HBM dev1 Mem stats (Bytes). (module_name=RUNTIME; module_id=7; current_alloced_size=0; allocated_peak_size=4194304; alloc_cnt=1; free_cnt=1)
[INFO] DRV(2296696,row_copy_reference):2026-09-27-12:54:11.409.490 [svm_mem_statistics.c:152][ascend][curpid:2296696,2296696][drv][devmm][_svm_mem_stats_show]MEM_DEV_HUGE_P2P_HBM dev1 Cached_size:4194304Bytes
[INFO] DRV(2296696,row_copy_reference):2026-09-27-12:54:11.437.620 [drv_log_user.c:623][ascend][curpid:2296696,2296696][drv][devmm][share_log_read_in_single_module]Close logical_device. (logical_devid=1; phyid=1; vfid=0; hostpid=2296696; devpid=2157)
[INFO] DRV(2296696,row_copy_reference):2026-09-27-12:54:11.438.971 [event_sched.c:1496][ascend][curpid:2296696,2296696][drv][event-sche][eschedDeviceClose]The devId close success. (devId=1)
[INFO] TDT(2296696,row_copy_reference):2026-09-27-12:54:11.439.015 [process_mode_manager.cpp:1916][ParseTsdCloseFlag][tid:2296696] Parse tsd close flag [0]
[INFO] TDT(2296696,row_copy_reference):2026-09-27-12:54:11.439.023 [process_mode_manager.cpp:156][Close][tid:2296696] [TsdClient] Close [deviceId=1][sessionId=1] hccp and computer enter
[INFO] TDT(2296696,row_copy_reference):2026-09-27-12:54:11.439.037 [version_verify.cpp:115][SpecialFeatureCheck][tid:2296696] VersionVerify: previous type[7], supported
[INFO] TDT(2296696,row_copy_reference):2026-09-27-12:54:11.439.127 [process_mode_manager.cpp:160][Close][tid:2296696] [TsdClient][deviceId=1] [sessionId=1] wait hccp and computer process close response
[INFO] TDT(2296696,row_copy_reference):2026-09-27-12:54:11.590.533 [process_mode_manager.cpp:163][Close][tid:2296696] [TsdClient][logicDeviceId_=1]has recv close hccp and computer process response
[INFO] TDT(2296696,row_copy_reference):2026-09-27-12:54:11.590.573 [stub_process_mode_nowin.cpp:144][CloseInHost][tid:2296696] enter into CloseInHost deviceid[1]
[INFO] TDT(2296696,row_copy_reference):2026-09-27-12:54:11.590.648 [client_manager.cpp:464][IsHostEnvironment][tid:2296696] [TsdClient] logicDeviceId[1], hostaicpunum[0]
[INFO] TDT(2296696,row_copy_reference):2026-09-27-12:54:11.590.663 [stub_process_mode_nowin.cpp:147][CloseInHost][tid:2296696] host cpu does not support
[INFO] TDT(2296696,row_copy_reference):2026-09-27-12:54:11.590.736 [process_mode_manager.cpp:181][Close][tid:2296696] [TsdClient][deviceId=1] [sessionId=1] close hccp and computer process success
[INFO] ATRACE(2296696,row_copy_reference):2026-09-27-12:54:11.591.418 [atrace_client_core.c:176](tid:2296696) stop to receive device[1] trace log.
[INFO] ASCENDCL(2296696,row_copy_reference):2026-09-27-12:54:11.691.248 [resource_statistics.cpp:113]2296696 TraverseStatistics: The ResourceType:ACL_STATISTICS_MALLOC_FREE, applyTotal = 3, applySucc = 3, releaseTotal = 4, releaseSucc = 4
[INFO] ASCENDCL(2296696,row_copy_reference):2026-09-27-12:54:11.691.273 [resource_statistics.cpp:113]2296696 TraverseStatistics: The ResourceType:ACL_STATISTICS_MALLOC_FREE_HOST, applyTotal = 0, applySucc = 0, releaseTotal = 0, releaseSucc = 0
[INFO] ASCENDCL(2296696,row_copy_reference):2026-09-27-12:54:11.691.288 [resource_statistics.cpp:113]2296696 TraverseStatistics: The ResourceType:ACL_STATISTICS_CREATE_DESTROY_CONTEXT, applyTotal = 0, applySucc = 0, releaseTotal = 0, releaseSucc = 0
[INFO] ASCENDCL(2296696,row_copy_reference):2026-09-27-12:54:11.691.294 [resource_statistics.cpp:113]2296696 TraverseStatistics: The ResourceType:ACL_STATISTICS_SET_RESET_DEVICE, applyTotal = 1, applySucc = 1, releaseTotal = 1, releaseSucc = 1
[INFO] ASCENDCL(2296696,row_copy_reference):2026-09-27-12:54:11.691.298 [resource_statistics.cpp:113]2296696 TraverseStatistics: The ResourceType:ACL_STATISTICS_CREATE_DESTROY_EVENT, applyTotal = 0, applySucc = 0, releaseTotal = 0, releaseSucc = 0
[INFO] ASCENDCL(2296696,row_copy_reference):2026-09-27-12:54:11.691.302 [resource_statistics.cpp:113]2296696 TraverseStatistics: The ResourceType:ACL_STATISTICS_CREATE_DESTROY_STREAM, applyTotal = 1, applySucc = 1, releaseTotal = 1, releaseSucc = 1
[INFO] ASCENDCL(2296696,row_copy_reference):2026-09-27-12:54:11.691.306 [resource_statistics.cpp:113]2296696 TraverseStatistics: The ResourceType:ACL_STATISTICS_DVPP_MALLOC_FREE, applyTotal = 0, applySucc = 0, releaseTotal = 0, releaseSucc = 0
[INFO] ASCENDCL(2296696,row_copy_reference):2026-09-27-12:54:11.691.309 [resource_statistics.cpp:113]2296696 TraverseStatistics: The ResourceType:ACL_STATISTICS_RECORD_RESET_EVENT, applyTotal = 0, applySucc = 0, releaseTotal = 0, releaseSucc = 0
[INFO] ASCENDCL(2296696,row_copy_reference):2026-09-27-12:54:11.691.313 [resource_statistics.cpp:113]2296696 TraverseStatistics: The ResourceType:ACL_STATISTICS_CREATE_DESTROY_DATA_BUFFER, applyTotal = 0, applySucc = 0, releaseTotal = 0, releaseSucc = 0
[INFO] ASCENDCL(2296696,row_copy_reference):2026-09-27-12:54:11.691.317 [resource_statistics.cpp:113]2296696 TraverseStatistics: The ResourceType:ACL_STATISTICS_CREATE_DESTROY_TENSOR_DESC, applyTotal = 0, applySucc = 0, releaseTotal = 0, releaseSucc = 0
[INFO] ASCENDCL(2296696,row_copy_reference):2026-09-27-12:54:11.691.320 [resource_statistics.cpp:113]2296696 TraverseStatistics: The ResourceType:ACL_STATISTICS_CREATE_DESTROY_DESC, applyTotal = 0, applySucc = 0, releaseTotal = 0, releaseSucc = 0
[INFO] ASCENDCL(2296696,row_copy_reference):2026-09-27-12:54:11.691.324 [resource_statistics.cpp:113]2296696 TraverseStatistics: The ResourceType:ACL_STATISTICS_CREATE_DESTROY_DATASET, applyTotal = 0, applySucc = 0, releaseTotal = 0, releaseSucc = 0
[INFO] ASCENDCL(2296696,row_copy_reference):2026-09-27-12:54:11.691.327 [resource_statistics.cpp:113]2296696 TraverseStatistics: The ResourceType:ACL_STATISTICS_CREATE_LOAD_UNLOAD_MODEL, applyTotal = 0, applySucc = 0, releaseTotal = 0, releaseSucc = 0
[INFO] ASCENDCL(2296696,row_copy_reference):2026-09-27-12:54:11.691.330 [resource_statistics.cpp:113]2296696 TraverseStatistics: The ResourceType:ACL_STATISTICS_CREATE_DESTROY_AIPP, applyTotal = 0, applySucc = 0, releaseTotal = 0, releaseSucc = 0
[INFO] ASCENDCL(2296696,row_copy_reference):2026-09-27-12:54:11.691.334 [resource_statistics.cpp:113]2296696 TraverseStatistics: The ResourceType:ACL_STATISTICS_CREATE_DESTROY_ATTR, applyTotal = 0, applySucc = 0, releaseTotal = 0, releaseSucc = 0
[INFO] ASCENDCL(2296696,row_copy_reference):2026-09-27-12:54:11.691.337 [resource_statistics.cpp:113]2296696 TraverseStatistics: The ResourceType:ACL_STATISTICS_CREATE_DESTROY_HANDLE, applyTotal = 0, applySucc = 0, releaseTotal = 0, releaseSucc = 0
[INFO] ASCENDCL(2296696,row_copy_reference):2026-09-27-12:54:11.691.348 [resource_statistics.cpp:113]2296696 TraverseStatistics: The ResourceType:ACL_STATISTICS_CREATE_DESTROY_DVPP_CHANNEL_DESC, applyTotal = 0, applySucc = 0, releaseTotal = 0, releaseSucc = 0
[INFO] ASCENDCL(2296696,row_copy_reference):2026-09-27-12:54:11.691.352 [resource_statistics.cpp:113]2296696 TraverseStatistics: The ResourceType:ACL_STATISTICS_CREATE_DESTROY_DVPP_PIC_DESC, applyTotal = 0, applySucc = 0, releaseTotal = 0, releaseSucc = 0
[INFO] ASCENDCL(2296696,row_copy_reference):2026-09-27-12:54:11.691.356 [resource_statistics.cpp:113]2296696 TraverseStatistics: The ResourceType:ACL_STATISTICS_CREATE_DESTROY_DVPP_ROI_CONFIG, applyTotal = 0, applySucc = 0, releaseTotal = 0, releaseSucc = 0
[INFO] ASCENDCL(2296696,row_copy_reference):2026-09-27-12:54:11.691.369 [resource_statistics.cpp:113]2296696 TraverseStatistics: The ResourceType:ACL_STATISTICS_CREATE_DESTROY_DVPP_RESIZE_CONFIG, applyTotal = 0, applySucc = 0, releaseTotal = 0, releaseSucc = 0
[INFO] ASCENDCL(2296696,row_copy_reference):2026-09-27-12:54:11.691.379 [resource_statistics.cpp:113]2296696 TraverseStatistics: The ResourceType:ACL_STATISTICS_CREATE_DESTROY_DVPP_JPEGE_CONFIG, applyTotal = 0, applySucc = 0, releaseTotal = 0, releaseSucc = 0
[INFO] ASCENDCL(2296696,row_copy_reference):2026-09-27-12:54:11.691.383 [resource_statistics.cpp:113]2296696 TraverseStatistics: The ResourceType:ACL_STATISTICS_CREATE_DESTROY_VDEC_CHANNEL_DESC, applyTotal = 0, applySucc = 0, releaseTotal = 0, releaseSucc = 0
[INFO] ASCENDCL(2296696,row_copy_reference):2026-09-27-12:54:11.691.387 [resource_statistics.cpp:113]2296696 TraverseStatistics: The ResourceType:ACL_STATISTICS_CREATE_DESTROY_VENC_CHANNEL_DESC, applyTotal = 0, applySucc = 0, releaseTotal = 0, releaseSucc = 0
[INFO] ASCENDCL(2296696,row_copy_reference):2026-09-27-12:54:11.691.390 [resource_statistics.cpp:113]2296696 TraverseStatistics: The ResourceType:ACL_STATISTICS_CREATE_DESTROY_DVPP_STREAM_DESC, applyTotal = 0, applySucc = 0, releaseTotal = 0, releaseSucc = 0
[INFO] ASCENDCL(2296696,row_copy_reference):2026-09-27-12:54:11.691.394 [resource_statistics.cpp:113]2296696 TraverseStatistics: The ResourceType:ACL_STATISTICS_CREATE_DESTROY_VDEC_FRAME_CONFIG, applyTotal = 0, applySucc = 0, releaseTotal = 0, releaseSucc = 0
[INFO] ASCENDCL(2296696,row_copy_reference):2026-09-27-12:54:11.691.397 [resource_statistics.cpp:113]2296696 TraverseStatistics: The ResourceType:ACL_STATISTICS_CREATE_DESTROY_VENC_FRAME_CONFIG, applyTotal = 0, applySucc = 0, releaseTotal = 0, releaseSucc = 0
[INFO] ASCENDCL(2296696,row_copy_reference):2026-09-27-12:54:11.691.400 [resource_statistics.cpp:113]2296696 TraverseStatistics: The ResourceType:ACL_STATISTICS_CREATE_DESTROY_DVPP_CHANNEL, applyTotal = 0, applySucc = 0, releaseTotal = 0, releaseSucc = 0
[INFO] ASCENDCL(2296696,row_copy_reference):2026-09-27-12:54:11.691.404 [resource_statistics.cpp:113]2296696 TraverseStatistics: The ResourceType:ACL_STATISTICS_CREATE_DESTROY_VDEC_CHANNEL, applyTotal = 0, applySucc = 0, releaseTotal = 0, releaseSucc = 0
[INFO] ASCENDCL(2296696,row_copy_reference):2026-09-27-12:54:11.691.408 [resource_statistics.cpp:113]2296696 TraverseStatistics: The ResourceType:ACL_STATISTICS_CREATE_DESTROY_VENC_CHANNEL, applyTotal = 0, applySucc = 0, releaseTotal = 0, releaseSucc = 0
[INFO] ASCENDCL(2296696,row_copy_reference):2026-09-27-12:54:11.691.411 [resource_statistics.cpp:113]2296696 TraverseStatistics: The ResourceType:ACL_STATISTICS_CREATE_DESTROY_DVPP_BATCH_PIC_DESC, applyTotal = 0, applySucc = 0, releaseTotal = 0, releaseSucc = 0
[INFO] ASCENDCL(2296696,row_copy_reference):2026-09-27-12:54:11.691.414 [resource_statistics.cpp:113]2296696 TraverseStatistics: The ResourceType:ACL_STATISTICS_CREATE_DESTROY_GROUP_INFO, applyTotal = 0, applySucc = 0, releaseTotal = 0, releaseSucc = 0
[INFO] ASCENDCL(2296696,row_copy_reference):2026-09-27-12:54:11.691.418 [resource_statistics.cpp:113]2296696 TraverseStatistics: The ResourceType:ACL_STATISTICS_CREATE_DESTROY_PROF_CONFIG, applyTotal = 0, applySucc = 0, releaseTotal = 0, releaseSucc = 0
[INFO] ASCENDCL(2296696,row_copy_reference):2026-09-27-12:54:11.691.421 [resource_statistics.cpp:113]2296696 TraverseStatistics: The ResourceType:ACL_STATISTICS_CREATE_DESTROY_PROF_SUB_CONFIG, applyTotal = 0, applySucc = 0, releaseTotal = 0, releaseSucc = 0
[INFO] ASCENDCL(2296696,row_copy_reference):2026-09-27-12:54:11.691.424 [resource_statistics.cpp:113]2296696 TraverseStatistics: The ResourceType:ACL_STATISTICS_CREATE_DESTROY_MODEL_CONFIG, applyTotal = 0, applySucc = 0, releaseTotal = 0, releaseSucc = 0
[INFO] ASCENDCL(2296696,row_copy_reference):2026-09-27-12:54:11.691.428 [resource_statistics.cpp:113]2296696 TraverseStatistics: The ResourceType:ACL_STATISTICS_CREATE_DESTROY_QUEUE_ID, applyTotal = 0, applySucc = 0, releaseTotal = 0, releaseSucc = 0
[INFO] ASCENDCL(2296696,row_copy_reference):2026-09-27-12:54:11.691.431 [resource_statistics.cpp:113]2296696 TraverseStatistics: The ResourceType:ACL_STATISTICS_CREATE_DESTROY_QUEUE_ATTR, applyTotal = 0, applySucc = 0, releaseTotal = 0, releaseSucc = 0
[INFO] ASCENDCL(2296696,row_copy_reference):2026-09-27-12:54:11.691.434 [resource_statistics.cpp:113]2296696 TraverseStatistics: The ResourceType:ACL_STATISTICS_CREATE_DESTROY_QUEUE_ROUTE, applyTotal = 0, applySucc = 0, releaseTotal = 0, releaseSucc = 0
[INFO] ASCENDCL(2296696,row_copy_reference):2026-09-27-12:54:11.691.438 [resource_statistics.cpp:113]2296696 TraverseStatistics: The ResourceType:ACL_STATISTICS_CREATE_DESTROY_QUEUE_ROUTE_LIST, applyTotal = 0, applySucc = 0, releaseTotal = 0, releaseSucc = 0
[INFO] ASCENDCL(2296696,row_copy_reference):2026-09-27-12:54:11.691.441 [resource_statistics.cpp:113]2296696 TraverseStatistics: The ResourceType:ACL_STATISTICS_CREATE_DESTROY_QUEUE_ROUTE_QUERY, applyTotal = 0, applySucc = 0, releaseTotal = 0, releaseSucc = 0
[INFO] ASCENDCL(2296696,row_copy_reference):2026-09-27-12:54:11.691.444 [resource_statistics.cpp:113]2296696 TraverseStatistics: The ResourceType:ACL_STATISTICS_CREATE_DESTROY_MBUF, applyTotal = 0, applySucc = 0, releaseTotal = 0, releaseSucc = 0
[INFO] ASCENDCL(2296696,row_copy_reference):2026-09-27-12:54:11.691.448 [resource_statistics.cpp:113]2296696 TraverseStatistics: The ResourceType:ACL_STATISTICS_CREATE_DESTROY_GRAPH_DUMP_OPTION, applyTotal = 0, applySucc = 0, releaseTotal = 0, releaseSucc = 0
[INFO] ASCENDCL(2296696,row_copy_reference):2026-09-27-12:54:11.691.451 [resource_statistics.cpp:113]2296696 TraverseStatistics: The ResourceType:ACL_STATISTICS_CREATE_DESTROY_ALLOCATOR_DESC, applyTotal = 0, applySucc = 0, releaseTotal = 0, releaseSucc = 0
[INFO] ASCENDCL(2296696,row_copy_reference):2026-09-27-12:54:11.691.455 [resource_statistics.cpp:113]2296696 TraverseStatistics: The ResourceType:ACL_STATISTICS_CREATE_DESTROY_ALLOCATOR_BINARY_DESC, applyTotal = 0, applySucc = 0, releaseTotal = 0, releaseSucc = 0
[INFO] ASCENDCL(2296696,row_copy_reference):2026-09-27-12:54:11.691.458 [resource_statistics.cpp:113]2296696 TraverseStatistics: The ResourceType:ACL_STATISTICS_RESERVE_RELEASE_MEMORY_ADDRESS, applyTotal = 0, applySucc = 0, releaseTotal = 0, releaseSucc = 0
[INFO] ASCENDCL(2296696,row_copy_reference):2026-09-27-12:54:11.691.461 [resource_statistics.cpp:113]2296696 TraverseStatistics: The ResourceType:ACL_STATISTICS_MALLOC_FREE_PHYSICAL_MEMORY, applyTotal = 0, applySucc = 0, releaseTotal = 0, releaseSucc = 0
[INFO] ASCENDCL(2296696,row_copy_reference):2026-09-27-12:54:11.691.464 [resource_statistics.cpp:113]2296696 TraverseStatistics: The ResourceType:ACL_STATISTICS_MAP_UNMAP_MEMORY, applyTotal = 0, applySucc = 0, releaseTotal = 0, releaseSucc = 0
[INFO] ASCENDCL(2296696,row_copy_reference):2026-09-27-12:54:11.691.468 [resource_statistics.cpp:113]2296696 TraverseStatistics: The ResourceType:ACL_STATISTICS_LOAD_UNLOAD_BINARY, applyTotal = 0, applySucc = 0, releaseTotal = 0, releaseSucc = 0
[EVENT] PROFILING(2296696,row_copy_reference):2026-09-27-12:54:11.691.482 [msprof_callback_impl.cpp:111] >>> (tid:2296696) MsprofCtrlCallback called, type: 3
[EVENT] PROFILING(2296696,row_copy_reference):2026-09-27-12:54:11.691.490 [ai_drv_dev_api.cpp:333] >>> (tid:2296696) Succeeded to DrvGetApiVersion version: 0x72318
[INFO] RUNTIME(2296696,row_copy_reference):2026-09-27-12:54:12.001.891 [runtime.cc:6218] 2297033 ReportRasRun: Report ras thread exits normally!
[INFO] ATRACE(2296696,row_copy_reference):2026-09-27-12:54:12.054.065 [atrace_client_core.c:127](tid:2297019) atrace receive thread exited, devId=1.
[INFO] RUNTIME(2296696,row_copy_reference):2026-09-27-12:54:12.365.974 [runtime.cc:1667] 2296696 ~Runtime: runtime destructor.
[INFO] RUNTIME(2296696,row_copy_reference):2026-09-27-12:54:12.366.021 [runtime.cc:6186] 2296696 DestroyReportRasThread: Join report ras thread OK.
[INFO] RUNTIME(2296696,row_copy_reference):2026-09-27-12:54:12.366.029 [runtime.cc:1755] 2296696 WaitMonitorExit: wait monitor success, used count=0.
[INFO] RUNTIME(2296696,row_copy_reference):2026-09-27-12:54:12.475.794 [task_fail_callback_data_manager.cc:93] 2296696 ~TaskFailCallBackManager: Destructor.
[INFO] ATRACE(2296696,row_copy_reference):2026-09-27-12:54:12.477.408 [stacktrace_signal.c:194](tid:2296696) unregister all signal handlers, can not capture signal.
RUN_RC=3 rows=3 D=8192
--- POST_DEVICE ---
	NPU ID                         : 1
	Chip Count                     : 1

	DDR Capacity(MB)               : 0
	DDR Usage Rate(%)              : 0
	DDR Hugepages Total(page)      : 0
	DDR Hugepages Usage Rate(%)    : 0
	HBM Capacity(MB)               : 65536
	HBM Usage Rate(%)              : 91
	Aicore Usage Rate(%)           : 36
	Aivector Usage Rate(%)         : 33
	Aicpu Usage Rate(%)            : 0
	Ctrlcpu Usage Rate(%)          : 12
	DDR Bandwidth Usage Rate(%)    : 0
	HBM Bandwidth Usage Rate(%)    : 33
	Chip ID                        : 0

AGGREGATE_RC=3

TARGET_CORRECTNESS_RC=3
