SNAPSHOT_UTC=2026-10-08T11:31:20Z

=== device 3 usage/processes ===
+------------------------------------------------------------------------------------------------+
| npu-smi 25.0.rc1.1               Version: 25.0.rc1.1                                           |
+---------------------------+---------------+----------------------------------------------------+
| NPU   Name                | Health        | Power(W)    Temp(C)           Hugepages-Usage(page)|
| Chip                      | Bus-Id        | AICore(%)   Memory-Usage(MB)  HBM-Usage(MB)        |
+===========================+===============+====================================================+
| 0     910B3               | OK            | 110.1       39                0    / 0             |
| 0                         | 0000:C1:00.0  | 3           0    / 0          9641 / 65536         |
+===========================+===============+====================================================+
| 1     910B3               | OK            | 108.9       41                0    / 0             |
| 0                         | 0000:C2:00.0  | 2           0    / 0          24595/ 65536         |
+===========================+===============+====================================================+
| 2     910B3               | OK            | 124.2       40                0    / 0             |
| 0                         | 0000:81:00.0  | 13          0    / 0          6951 / 65536         |
+===========================+===============+====================================================+
| 3     910B3               | OK            | 93.6        39                0    / 0             |
| 0                         | 0000:82:00.0  | 0           0    / 0          3939 / 65536         |
+===========================+===============+====================================================+
| 4     910B3               | OK            | 200.0       64                0    / 0             |
| 0                         | 0000:01:00.0  | 64          0    / 0          59193/ 65536         |
+===========================+===============+====================================================+
| 5     910B3               | OK            | 171.3       59                0    / 0             |
| 0                         | 0000:02:00.0  | 45          0    / 0          60222/ 65536         |
+===========================+===============+====================================================+
| 6     910B3               | OK            | 178.8       57                0    / 0             |
| 0                         | 0000:41:00.0  | 45          0    / 0          60222/ 65536         |
+===========================+===============+====================================================+
| 7     910B3               | OK            | 140.5       47                0    / 0             |
| 0                         | 0000:42:00.0  | 14          0    / 0          28838/ 65536         |
+===========================+===============+====================================================+
+---------------------------+---------------+----------------------------------------------------+
| NPU     Chip              | Process id    | Process name             | Process memory(MB)      |
+===========================+===============+====================================================+
| 0       0                 | 2975181       | python                   | 564                     |
| 0       0                 | 251901        | python                   | 5752                    |
+===========================+===============+====================================================+
| 1       0                 | 3150467       | python                   | 5748                    |
| 1       0                 | 203339        | python                   | 14957                   |
| 1       0                 | 2975182       | python                   | 564                     |
+===========================+===============+====================================================+
| 2       0                 | 2532306       | python                   | 3070                    |
| 2       0                 | 2975183       | python                   | 564                     |
+===========================+===============+====================================================+
| 3       0                 | 2975184       | python                   | 563                     |
+===========================+===============+====================================================+
| 4       0                 | 2999855       | VLLMEngineCor            | 55666                   |
+===========================+===============+====================================================+
| 5       0                 | 89602         | VLLMWorker_TP            | 56700                   |
+===========================+===============+====================================================+
| 6       0                 | 91228         | VLLMWorker_TP            | 56701                   |
+===========================+===============+====================================================+
| 7       0                 | 439848        | python3                  | 21260                   |
| 7       0                 | 2532308       | python                   | 4100                    |
+===========================+===============+====================================================+

=== host load ===
 11:31:21 up 242 days, 23:07, 36 users,  load average: 51.75, 66.34, 71.99

=== route/NPU-related processes ===
   5048       1 Ss   242-23:05:02 networkd-dispat /usr/bin/python3 /usr/bin/networkd-dispatcher --run-startup-triggers
   5328       1 Ssl  242-23:05:02 unattended-upgr /usr/bin/python3 /usr/share/unattended-upgrades/unattended-upgrade-shutdown --wait-for-signal
   8992 2937312 Ss+  51-22:33:36 watch           watch -n 2 npu-smi info
  82397   82370 Ssl  16-05:03:19 vllm            /usr/local/python3.12.13/bin/python3 /usr/local/python3.12.13/bin/vllm serve /models/Qwen3.8-27B-w8a8 --host 0.0.0.0 --port 9001 --tensor-parallel-size 4 --quantization ascend --served-model-name qwen3.8 --max-model-len 256000 --max-num-seqs 8 --max-num-batched-tokens 8192 --gpu-memory-utilization 0.90 --enable-prefix-caching --trust-remote-code --reasoning-parser qwen3 --enable-auto-tool-choice --tool-call-parser qwen3_coder
  83352   83328 Ssl  16-05:03:09 vllm            /usr/local/python3.12.13/bin/python3 /usr/local/python3.12.13/bin/vllm serve /models/Qwen3.8-27B-w8a8 --host 0.0.0.0 --port 9002 --tensor-parallel-size 2 --quantization ascend --served-model-name qwen3.8 --max-model-len 256000 --max-num-seqs 8 --max-num-batched-tokens 8192 --gpu-memory-utilization 0.90 --enable-prefix-caching --trust-remote-code --reasoning-parser qwen3 --enable-auto-tool-choice --tool-call-parser qwen3_coder
  87335   82397 S    16-05:02:29 python3         /usr/local/python3.12.13/bin/python3 -c from multiprocessing.resource_tracker import main;main(35)
  87669   83352 S    16-05:02:25 python3         /usr/local/python3.12.13/bin/python3 -c from multiprocessing.resource_tracker import main;main(35)
  95970   89602 Sl   16-05:00:53 python3         /usr/local/python3.12.13/bin/python3 -c from multiprocessing.spawn import spawn_main; spawn_main(tracker_fd=36, pipe_handle=88) --multiprocessing-fork
  96143   91228 Sl   16-05:00:51 python3         /usr/local/python3.12.13/bin/python3 -c from multiprocessing.spawn import spawn_main; spawn_main(tracker_fd=36, pipe_handle=77) --multiprocessing-fork
  96830   89602 S    16-05:00:44 python3         /usr/local/python3.12.13/bin/python3 -c from multiprocessing.forkserver import main; main(85, 87, [], **{})
  96848   96830 S    16-05:00:44 python3         /usr/local/python3.12.13/bin/python3 -c from multiprocessing.forkserver import main; main(85, 87, [], **{})
  96849   96830 S    16-05:00:44 python3         /usr/local/python3.12.13/bin/python3 -c from multiprocessing.forkserver import main; main(85, 87, [], **{})
  96850   96830 S    16-05:00:44 python3         /usr/local/python3.12.13/bin/python3 -c from multiprocessing.forkserver import main; main(85, 87, [], **{})
  96851   96830 S    16-05:00:44 python3         /usr/local/python3.12.13/bin/python3 -c from multiprocessing.forkserver import main; main(85, 87, [], **{})
  96853   96830 S    16-05:00:44 python3         /usr/local/python3.12.13/bin/python3 -c from multiprocessing.forkserver import main; main(85, 87, [], **{})
  96854   96830 S    16-05:00:44 python3         /usr/local/python3.12.13/bin/python3 -c from multiprocessing.forkserver import main; main(85, 87, [], **{})
  96855   96830 S    16-05:00:44 python3         /usr/local/python3.12.13/bin/python3 -c from multiprocessing.forkserver import main; main(85, 87, [], **{})
  96856   96830 S    16-05:00:44 python3         /usr/local/python3.12.13/bin/python3 -c from multiprocessing.forkserver import main; main(85, 87, [], **{})
  96857   96830 S    16-05:00:44 python3         /usr/local/python3.12.13/bin/python3 -c from multiprocessing.forkserver import main; main(85, 87, [], **{})
  96891   96830 S    16-05:00:44 python3         /usr/local/python3.12.13/bin/python3 -c from multiprocessing.forkserver import main; main(85, 87, [], **{})
  96892   96830 S    16-05:00:44 python3         /usr/local/python3.12.13/bin/python3 -c from multiprocessing.forkserver import main; main(85, 87, [], **{})
  96893   96830 S    16-05:00:44 python3         /usr/local/python3.12.13/bin/python3 -c from multiprocessing.forkserver import main; main(85, 87, [], **{})
  96894   96830 S    16-05:00:44 python3         /usr/local/python3.12.13/bin/python3 -c from multiprocessing.forkserver import main; main(85, 87, [], **{})
  96895   96830 S    16-05:00:44 python3         /usr/local/python3.12.13/bin/python3 -c from multiprocessing.forkserver import main; main(85, 87, [], **{})
  96896   96830 S    16-05:00:44 python3         /usr/local/python3.12.13/bin/python3 -c from multiprocessing.forkserver import main; main(85, 87, [], **{})
  96897   96830 S    16-05:00:44 python3         /usr/local/python3.12.13/bin/python3 -c from multiprocessing.forkserver import main; main(85, 87, [], **{})
  96898   96830 S    16-05:00:44 python3         /usr/local/python3.12.13/bin/python3 -c from multiprocessing.forkserver import main; main(85, 87, [], **{})
  97110   91228 S    16-05:00:42 python3         /usr/local/python3.12.13/bin/python3 -c from multiprocessing.forkserver import main; main(74, 76, [], **{})
  97116   97110 S    16-05:00:42 python3         /usr/local/python3.12.13/bin/python3 -c from multiprocessing.forkserver import main; main(74, 76, [], **{})
  97118   97110 S    16-05:00:42 python3         /usr/local/python3.12.13/bin/python3 -c from multiprocessing.forkserver import main; main(74, 76, [], **{})
  97120   97110 S    16-05:00:42 python3         /usr/local/python3.12.13/bin/python3 -c from multiprocessing.forkserver import main; main(74, 76, [], **{})
  97121   97110 S    16-05:00:42 python3         /usr/local/python3.12.13/bin/python3 -c from multiprocessing.forkserver import main; main(74, 76, [], **{})
  97122   97110 S    16-05:00:42 python3         /usr/local/python3.12.13/bin/python3 -c from multiprocessing.forkserver import main; main(74, 76, [], **{})
  97123   97110 S    16-05:00:42 python3         /usr/local/python3.12.13/bin/python3 -c from multiprocessing.forkserver import main; main(74, 76, [], **{})
  97124   97110 S    16-05:00:42 python3         /usr/local/python3.12.13/bin/python3 -c from multiprocessing.forkserver import main; main(74, 76, [], **{})
  97125   97110 S    16-05:00:42 python3         /usr/local/python3.12.13/bin/python3 -c from multiprocessing.forkserver import main; main(74, 76, [], **{})
  97126   97110 S    16-05:00:42 python3         /usr/local/python3.12.13/bin/python3 -c from multiprocessing.forkserver import main; main(74, 76, [], **{})
  97157   97110 S    16-05:00:42 python3         /usr/local/python3.12.13/bin/python3 -c from multiprocessing.forkserver import main; main(74, 76, [], **{})
  97158   97110 S    16-05:00:42 python3         /usr/local/python3.12.13/bin/python3 -c from multiprocessing.forkserver import main; main(74, 76, [], **{})
  97159   97110 S    16-05:00:42 python3         /usr/local/python3.12.13/bin/python3 -c from multiprocessing.forkserver import main; main(74, 76, [], **{})
  97160   97110 S    16-05:00:42 python3         /usr/local/python3.12.13/bin/python3 -c from multiprocessing.forkserver import main; main(74, 76, [], **{})
  97161   97110 S    16-05:00:42 python3         /usr/local/python3.12.13/bin/python3 -c from multiprocessing.forkserver import main; main(74, 76, [], **{})
  97163   97110 S    16-05:00:42 python3         /usr/local/python3.12.13/bin/python3 -c from multiprocessing.forkserver import main; main(74, 76, [], **{})
  97166   97110 S    16-05:00:42 python3         /usr/local/python3.12.13/bin/python3 -c from multiprocessing.forkserver import main; main(74, 76, [], **{})
  97169   97110 S    16-05:00:42 python3         /usr/local/python3.12.13/bin/python3 -c from multiprocessing.forkserver import main; main(74, 76, [], **{})
 100247   82397 Z    16-05:00:16 pytho <defunct> [python3] <defunct>
 100272   82397 Z    16-05:00:16 pytho <defunct> [python3] <defunct>
 100372   82397 Sl   16-05:00:15 python3         /usr/local/python3.12.13/bin/python3 -c from multiprocessing.spawn import spawn_main; spawn_main(tracker_fd=36, pipe_handle=85) --multiprocessing-fork
 100434   82397 Z    16-05:00:14 pytho <defunct> [python3] <defunct>
 101149   82397 Z    16-05:00:07 pytho <defunct> [python3] <defunct>
 101158   82397 Z    16-05:00:07 pytho <defunct> [python3] <defunct>
 101161   82397 Z    16-05:00:07 pytho <defunct> [python3] <defunct>
 101163   82397 Z    16-05:00:07 pytho <defunct> [python3] <defunct>
 101164   82397 Z    16-05:00:07 pytho <defunct> [python3] <defunct>
 101220   82397 Z    16-05:00:07 pytho <defunct> [python3] <defunct>
 101222   82397 Z    16-05:00:07 pytho <defunct> [python3] <defunct>
 101223   82397 Z    16-05:00:07 pytho <defunct> [python3] <defunct>
 101224   82397 Z    16-05:00:07 pytho <defunct> [python3] <defunct>
 101225   82397 Z    16-05:00:07 pytho <defunct> [python3] <defunct>
 101226   82397 Z    16-05:00:07 pytho <defunct> [python3] <defunct>
 101227   82397 Z    16-05:00:07 pytho <defunct> [python3] <defunct>
 101228   82397 Z    16-05:00:07 pytho <defunct> [python3] <defunct>
 101229   82397 Z    16-05:00:07 pytho <defunct> [python3] <defunct>
 101230   82397 Z    16-05:00:07 pytho <defunct> [python3] <defunct>
 101267   82397 Z    16-05:00:07 pytho <defunct> [python3] <defunct>
 101268   82397 Z    16-05:00:07 pytho <defunct> [python3] <defunct>
 101269   82397 Z    16-05:00:07 pytho <defunct> [python3] <defunct>
 101270   82397 Z    16-05:00:07 pytho <defunct> [python3] <defunct>
 101271   82397 Z    16-05:00:07 pytho <defunct> [python3] <defunct>
 101272   82397 Z    16-05:00:07 pytho <defunct> [python3] <defunct>
 101273   82397 Z    16-05:00:07 pytho <defunct> [python3] <defunct>
 101274   82397 Z    16-05:00:07 pytho <defunct> [python3] <defunct>
 101463   82397 S    16-05:00:06 python3         /usr/local/python3.12.13/bin/python3 -c from multiprocessing.forkserver import main; main(82, 84, [], **{})
 101467  101463 S    16-05:00:05 python3         /usr/local/python3.12.13/bin/python3 -c from multiprocessing.forkserver import main; main(82, 84, [], **{})
 101468  101463 S    16-05:00:05 python3         /usr/local/python3.12.13/bin/python3 -c from multiprocessing.forkserver import main; main(82, 84, [], **{})
 101469  101463 S    16-05:00:05 python3         /usr/local/python3.12.13/bin/python3 -c from multiprocessing.forkserver import main; main(82, 84, [], **{})
 101470  101463 S    16-05:00:05 python3         /usr/local/python3.12.13/bin/python3 -c from multiprocessing.forkserver import main; main(82, 84, [], **{})
 101471  101463 S    16-05:00:05 python3         /usr/local/python3.12.13/bin/python3 -c from multiprocessing.forkserver import main; main(82, 84, [], **{})
 101472  101463 S    16-05:00:05 python3         /usr/local/python3.12.13/bin/python3 -c from multiprocessing.forkserver import main; main(82, 84, [], **{})
 101473  101463 S    16-05:00:05 python3         /usr/local/python3.12.13/bin/python3 -c from multiprocessing.forkserver import main; main(82, 84, [], **{})
 101474  101463 S    16-05:00:05 python3         /usr/local/python3.12.13/bin/python3 -c from multiprocessing.forkserver import main; main(82, 84, [], **{})
 101475  101463 S    16-05:00:05 python3         /usr/local/python3.12.13/bin/python3 -c from multiprocessing.forkserver import main; main(82, 84, [], **{})
 102072   82397 Z    16-05:00:03 pytho <defunct> [python3] <defunct>
 102203   82397 Z    16-05:00:03 pytho <defunct> [python3] <defunct>
 102204   82397 Z    16-05:00:03 pytho <defunct> [python3] <defunct>
 102205   82397 Z    16-05:00:03 pytho <defunct> [python3] <defunct>
 102206   82397 Z    16-05:00:03 pytho <defunct> [python3] <defunct>
 102207   82397 Z    16-05:00:03 pytho <defunct> [python3] <defunct>
 102208   82397 Z    16-05:00:03 pytho <defunct> [python3] <defunct>
 102209   82397 Z    16-05:00:03 pytho <defunct> [python3] <defunct>
 102210   82397 Z    16-05:00:03 pytho <defunct> [python3] <defunct>
 102211   82397 Z    16-05:00:03 pytho <defunct> [python3] <defunct>
 102261   82397 Z    16-05:00:02 pytho <defunct> [python3] <defunct>
 102262   82397 Z    16-05:00:02 pytho <defunct> [python3] <defunct>
 102263   82397 Z    16-05:00:02 pytho <defunct> [python3] <defunct>
 102264   82397 Z    16-05:00:02 pytho <defunct> [python3] <defunct>
 102265   82397 Z    16-05:00:02 pytho <defunct> [python3] <defunct>
 102266   82397 Z    16-05:00:02 pytho <defunct> [python3] <defunct>
 102267   82397 Z    16-05:00:02 pytho <defunct> [python3] <defunct>
 102268   82397 Z    16-05:00:02 pytho <defunct> [python3] <defunct>
 203339  203306 Sl+     04:58:37 python          /home/data4t1/wangjielei/anaconda3/envs/dassl/bin/python train.py --root /home/data4t2/hxwDir/data --seed 1 --trainer CoOpPartCReliabilityCovTinyViT --dataset-config-file configs/datasets/long_tail/sun397_lt.yaml --config-file configs/trainers/CoOp/vit_b16_ep130_part_c_reliability_cov_tiny_vit.yaml --output-dir /home/data4t2/czhDir/PromptKD/output/part_c_reliability_cov_tiny_vit/5m_1k/sun397/seed1_if0.1/gated_kappa32_nu8_drift0_cov0.05_min2_eps1e-8 DATASET.NUM_SHOTS -1 DATASET.LONG_TAIL.IMB_FACTOR 0.1 DATASET.LONG_TAIL.SEED 0 DATALOADER.TRAIN_X.SAMPLER RandomSampler DATALOADER.TEST.BATCH_SIZE 16 OPTIM.MAX_EPOCH 130 TRAINER.COOP_THREE_STAGE_CSC.CSC_START_EPOCH 55 TRAINER.COOP_THREE_STAGE_CSC.PHASE2_LR 0.001 TRAINER.COOP_THREE_STAGE_CSC.PHASE3_LR 0.01 TRAINER.COOP_THREE_STAGE_CSC.BETA 0.9999 TRAINER.COOP_THREE_STAGE_VIT.VARIANT 5m TRAINER.COOP_THREE_STAGE_VIT.PRETRAINED_TYPE 1k TRAINER.COOP_THREE_STAGE_VIT.STUDENT_LR 0.00005 TRAINER.COOP_PART_C.MODE gated TRAINER.COOP_PART_C.KAPPA 32.000000000000 TRAINER.COOP_PART_C_RELIABILITY.PRIOR_STRENGTH 8.000000000000 TRAINER.COOP_PART_C_RELIABILITY.EPS 1.000000000000e-08 TRAINER.COOP_PART_C_RELIABILITY.DRIFT_WEIGHT 0.000000000000 TRAINER.COOP_THREE_STAGE_CSC_RELATIVE_COV.WEIGHT 5.000000000000e-02 TRAINER.COOP_THREE_STAGE_CSC_RELATIVE_COV.MIN_SAMPLES 2 TRAINER.COOP_THREE_STAGE_CSC_RELATIVE_COV.EPS 1.000000000000e-08
 209885  203339 Sl+     04:58:00 python          /home/data4t1/wangjielei/anaconda3/envs/dassl/bin/python train.py --root /home/data4t2/hxwDir/data --seed 1 --trainer CoOpPartCReliabilityCovTinyViT --dataset-config-file configs/datasets/long_tail/sun397_lt.yaml --config-file configs/trainers/CoOp/vit_b16_ep130_part_c_reliability_cov_tiny_vit.yaml --output-dir /home/data4t2/czhDir/PromptKD/output/part_c_reliability_cov_tiny_vit/5m_1k/sun397/seed1_if0.1/gated_kappa32_nu8_drift0_cov0.05_min2_eps1e-8 DATASET.NUM_SHOTS -1 DATASET.LONG_TAIL.IMB_FACTOR 0.1 DATASET.LONG_TAIL.SEED 0 DATALOADER.TRAIN_X.SAMPLER RandomSampler DATALOADER.TEST.BATCH_SIZE 16 OPTIM.MAX_EPOCH 130 TRAINER.COOP_THREE_STAGE_CSC.CSC_START_EPOCH 55 TRAINER.COOP_THREE_STAGE_CSC.PHASE2_LR 0.001 TRAINER.COOP_THREE_STAGE_CSC.PHASE3_LR 0.01 TRAINER.COOP_THREE_STAGE_CSC.BETA 0.9999 TRAINER.COOP_THREE_STAGE_VIT.VARIANT 5m TRAINER.COOP_THREE_STAGE_VIT.PRETRAINED_TYPE 1k TRAINER.COOP_THREE_STAGE_VIT.STUDENT_LR 0.00005 TRAINER.COOP_PART_C.MODE gated TRAINER.COOP_PART_C.KAPPA 32.000000000000 TRAINER.COOP_PART_C_RELIABILITY.PRIOR_STRENGTH 8.000000000000 TRAINER.COOP_PART_C_RELIABILITY.EPS 1.000000000000e-08 TRAINER.COOP_PART_C_RELIABILITY.DRIFT_WEIGHT 0.000000000000 TRAINER.COOP_THREE_STAGE_CSC_RELATIVE_COV.WEIGHT 5.000000000000e-02 TRAINER.COOP_THREE_STAGE_CSC_RELATIVE_COV.MIN_SAMPLES 2 TRAINER.COOP_THREE_STAGE_CSC_RELATIVE_COV.EPS 1.000000000000e-08
 209947  203339 S+      04:58:00 python          /home/data4t1/wangjielei/anaconda3/envs/dassl/bin/python -c from multiprocessing.resource_tracker import main;main(27)
 209948  203339 S+      04:58:00 python          /home/data4t1/wangjielei/anaconda3/envs/dassl/bin/python -c from multiprocessing.forkserver import main; main(27, 30, [], **{})
 209972  209948 Sl+     04:58:00 python          /home/data4t1/wangjielei/anaconda3/envs/dassl/bin/python -c from multiprocessing.forkserver import main; main(27, 30, [], **{})
 209973  209948 Sl+     04:58:00 python          /home/data4t1/wangjielei/anaconda3/envs/dassl/bin/python -c from multiprocessing.forkserver import main; main(27, 30, [], **{})
 209974  209948 Sl+     04:58:00 python          /home/data4t1/wangjielei/anaconda3/envs/dassl/bin/python -c from multiprocessing.forkserver import main; main(27, 30, [], **{})
 209975  209948 Sl+     04:58:00 python          /home/data4t1/wangjielei/anaconda3/envs/dassl/bin/python -c from multiprocessing.forkserver import main; main(27, 30, [], **{})
 209976  209948 Sl+     04:58:00 python          /home/data4t1/wangjielei/anaconda3/envs/dassl/bin/python -c from multiprocessing.forkserver import main; main(27, 30, [], **{})
 209977  209948 Sl+     04:58:00 python          /home/data4t1/wangjielei/anaconda3/envs/dassl/bin/python -c from multiprocessing.forkserver import main; main(27, 30, [], **{})
 209978  209948 Sl+     04:58:00 python          /home/data4t1/wangjielei/anaconda3/envs/dassl/bin/python -c from multiprocessing.forkserver import main; main(27, 30, [], **{})
 209979  209948 Sl+     04:58:00 python          /home/data4t1/wangjielei/anaconda3/envs/dassl/bin/python -c from multiprocessing.forkserver import main; main(27, 30, [], **{})
 209980  209948 Sl+     04:58:00 python          /home/data4t1/wangjielei/anaconda3/envs/dassl/bin/python -c from multiprocessing.forkserver import main; main(27, 30, [], **{})
 210158  209948 Sl+     04:57:59 python          /home/data4t1/wangjielei/anaconda3/envs/dassl/bin/python -c from multiprocessing.forkserver import main; main(27, 30, [], **{})
 210159  209948 Sl+     04:57:59 python          /home/data4t1/wangjielei/anaconda3/envs/dassl/bin/python -c from multiprocessing.forkserver import main; main(27, 30, [], **{})
 210160  209948 Sl+     04:57:59 python          /home/data4t1/wangjielei/anaconda3/envs/dassl/bin/python -c from multiprocessing.forkserver import main; main(27, 30, [], **{})
 210162  209948 Sl+     04:57:59 python          /home/data4t1/wangjielei/anaconda3/envs/dassl/bin/python -c from multiprocessing.forkserver import main; main(27, 30, [], **{})
 210165  209948 Sl+     04:57:59 python          /home/data4t1/wangjielei/anaconda3/envs/dassl/bin/python -c from multiprocessing.forkserver import main; main(27, 30, [], **{})
 210166  209948 Sl+     04:57:59 python          /home/data4t1/wangjielei/anaconda3/envs/dassl/bin/python -c from multiprocessing.forkserver import main; main(27, 30, [], **{})
 210169  209948 Sl+     04:57:59 python          /home/data4t1/wangjielei/anaconda3/envs/dassl/bin/python -c from multiprocessing.forkserver import main; main(27, 30, [], **{})
 210170  209948 Sl+     04:57:59 python          /home/data4t1/wangjielei/anaconda3/envs/dassl/bin/python -c from multiprocessing.forkserver import main; main(27, 30, [], **{})
 210171  209948 Sl+     04:57:59 python          /home/data4t1/wangjielei/anaconda3/envs/dassl/bin/python -c from multiprocessing.forkserver import main; main(27, 30, [], **{})
 210172  209948 Sl+     04:57:59 python          /home/data4t1/wangjielei/anaconda3/envs/dassl/bin/python -c from multiprocessing.forkserver import main; main(27, 30, [], **{})
 210173  209948 Sl+     04:57:59 python          /home/data4t1/wangjielei/anaconda3/envs/dassl/bin/python -c from multiprocessing.forkserver import main; main(27, 30, [], **{})
 210174  209948 Sl+     04:57:59 python          /home/data4t1/wangjielei/anaconda3/envs/dassl/bin/python -c from multiprocessing.forkserver import main; main(27, 30, [], **{})
 210176  209948 Sl+     04:57:59 python          /home/data4t1/wangjielei/anaconda3/envs/dassl/bin/python -c from multiprocessing.forkserver import main; main(27, 30, [], **{})
 210177  209948 Sl+     04:57:59 python          /home/data4t1/wangjielei/anaconda3/envs/dassl/bin/python -c from multiprocessing.forkserver import main; main(27, 30, [], **{})
 210178  209948 Sl+     04:57:59 python          /home/data4t1/wangjielei/anaconda3/envs/dassl/bin/python -c from multiprocessing.forkserver import main; main(27, 30, [], **{})
 210179  209948 Sl+     04:57:59 python          /home/data4t1/wangjielei/anaconda3/envs/dassl/bin/python -c from multiprocessing.forkserver import main; main(27, 30, [], **{})
 210181  209948 Sl+     04:57:59 python          /home/data4t1/wangjielei/anaconda3/envs/dassl/bin/python -c from multiprocessing.forkserver import main; main(27, 30, [], **{})
 210185  209948 Sl+     04:57:59 python          /home/data4t1/wangjielei/anaconda3/envs/dassl/bin/python -c from multiprocessing.forkserver import main; main(27, 30, [], **{})
 210186  209948 Sl+     04:57:59 python          /home/data4t1/wangjielei/anaconda3/envs/dassl/bin/python -c from multiprocessing.forkserver import main; main(27, 30, [], **{})
 210188  209948 Sl+     04:57:59 python          /home/data4t1/wangjielei/anaconda3/envs/dassl/bin/python -c from multiprocessing.forkserver import main; main(27, 30, [], **{})
 210192  209948 Sl+     04:57:59 python          /home/data4t1/wangjielei/anaconda3/envs/dassl/bin/python -c from multiprocessing.forkserver import main; main(27, 30, [], **{})
 210193  209948 Sl+     04:57:59 python          /home/data4t1/wangjielei/anaconda3/envs/dassl/bin/python -c from multiprocessing.forkserver import main; main(27, 30, [], **{})
 210194  209948 Sl+     04:57:59 python          /home/data4t1/wangjielei/anaconda3/envs/dassl/bin/python -c from multiprocessing.forkserver import main; main(27, 30, [], **{})
 210197  209948 Sl+     04:57:59 python          /home/data4t1/wangjielei/anaconda3/envs/dassl/bin/python -c from multiprocessing.forkserver import main; main(27, 30, [], **{})
 210198  209948 Sl+     04:57:59 python          /home/data4t1/wangjielei/anaconda3/envs/dassl/bin/python -c from multiprocessing.forkserver import main; main(27, 30, [], **{})
 210199  209948 Sl+     04:57:59 python          /home/data4t1/wangjielei/anaconda3/envs/dassl/bin/python -c from multiprocessing.forkserver import main; main(27, 30, [], **{})
 210200  209948 Sl+     04:57:59 python          /home/data4t1/wangjielei/anaconda3/envs/dassl/bin/python -c from multiprocessing.forkserver import main; main(27, 30, [], **{})
 210201  209948 Sl+     04:57:59 python          /home/data4t1/wangjielei/anaconda3/envs/dassl/bin/python -c from multiprocessing.forkserver import main; main(27, 30, [], **{})
 210202  209948 Sl+     04:57:59 python          /home/data4t1/wangjielei/anaconda3/envs/dassl/bin/python -c from multiprocessing.forkserver import main; main(27, 30, [], **{})
 210203  209948 Sl+     04:57:59 python          /home/data4t1/wangjielei/anaconda3/envs/dassl/bin/python -c from multiprocessing.forkserver import main; main(27, 30, [], **{})
 210204  209948 Sl+     04:57:59 python          /home/data4t1/wangjielei/anaconda3/envs/dassl/bin/python -c from multiprocessing.forkserver import main; main(27, 30, [], **{})
 210205  209948 Sl+     04:57:59 python          /home/data4t1/wangjielei/anaconda3/envs/dassl/bin/python -c from multiprocessing.forkserver import main; main(27, 30, [], **{})
 239676 1182483 Sl+     04:55:20 nputop          /home/data4t1/hxw/anaconda3/bin/python3.10 /home/data4t1/hxw/anaconda3/bin/nputop
 251901  251890 Rl+     04:53:48 python          /home/data4t1/wangjielei/anaconda3/envs/dassl/bin/python train.py --root /home/data4t2/czhDir/data --seed 1 --trainer CoOpPartCReliabilityCovTinyViT --dataset-config-file configs/datasets/cifar100_lt_if0.1.yaml --config-file configs/trainers/CoOp/vit_b16_ep130_part_c_reliability_cov_tiny_vit.yaml --output-dir /home/data4t2/czhDir/PromptKD/output/part_c_reliability_cov_tiny_vit/5m_1k/cifar100/seed1_if0.1/gated_kappa32_nu8_drift0_cov0.05_min2_eps1e-8 DATASET.NUM_SHOTS -1 DATASET.CIFAR100_LT.IMB_FACTOR 0.1 DATASET.CIFAR100_LT.SEED 0 DATALOADER.TRAIN_X.SAMPLER RandomSampler DATALOADER.TEST.BATCH_SIZE 16 OPTIM.MAX_EPOCH 130 TRAINER.COOP_THREE_STAGE_CSC.CSC_START_EPOCH 55 TRAINER.COOP_THREE_STAGE_CSC.PHASE2_LR 0.001 TRAINER.COOP_THREE_STAGE_CSC.PHASE3_LR 0.01 TRAINER.COOP_THREE_STAGE_CSC.BETA 0.9999 TRAINER.COOP_THREE_STAGE_VIT.VARIANT 5m TRAINER.COOP_THREE_STAGE_VIT.PRETRAINED_TYPE 1k TRAINER.COOP_THREE_STAGE_VIT.STUDENT_LR 0.00005 TRAINER.COOP_PART_C.MODE gated TRAINER.COOP_PART_C.KAPPA 32.000000000000 TRAINER.COOP_PART_C_RELIABILITY.PRIOR_STRENGTH 8.000000000000 TRAINER.COOP_PART_C_RELIABILITY.EPS 1.000000000000e-08 TRAINER.COOP_PART_C_RELIABILITY.DRIFT_WEIGHT 0.000000000000 TRAINER.COOP_THREE_STAGE_CSC_RELATIVE_COV.WEIGHT 5.000000000000e-02 TRAINER.COOP_THREE_STAGE_CSC_RELATIVE_COV.MIN_SAMPLES 2 TRAINER.COOP_THREE_STAGE_CSC_RELATIVE_COV.EPS 1.000000000000e-08
 258803  251901 Sl+     04:53:11 python          /home/data4t1/wangjielei/anaconda3/envs/dassl/bin/python train.py --root /home/data4t2/czhDir/data --seed 1 --trainer CoOpPartCReliabilityCovTinyViT --dataset-config-file configs/datasets/cifar100_lt_if0.1.yaml --config-file configs/trainers/CoOp/vit_b16_ep130_part_c_reliability_cov_tiny_vit.yaml --output-dir /home/data4t2/czhDir/PromptKD/output/part_c_reliability_cov_tiny_vit/5m_1k/cifar100/seed1_if0.1/gated_kappa32_nu8_drift0_cov0.05_min2_eps1e-8 DATASET.NUM_SHOTS -1 DATASET.CIFAR100_LT.IMB_FACTOR 0.1 DATASET.CIFAR100_LT.SEED 0 DATALOADER.TRAIN_X.SAMPLER RandomSampler DATALOADER.TEST.BATCH_SIZE 16 OPTIM.MAX_EPOCH 130 TRAINER.COOP_THREE_STAGE_CSC.CSC_START_EPOCH 55 TRAINER.COOP_THREE_STAGE_CSC.PHASE2_LR 0.001 TRAINER.COOP_THREE_STAGE_CSC.PHASE3_LR 0.01 TRAINER.COOP_THREE_STAGE_CSC.BETA 0.9999 TRAINER.COOP_THREE_STAGE_VIT.VARIANT 5m TRAINER.COOP_THREE_STAGE_VIT.PRETRAINED_TYPE 1k TRAINER.COOP_THREE_STAGE_VIT.STUDENT_LR 0.00005 TRAINER.COOP_PART_C.MODE gated TRAINER.COOP_PART_C.KAPPA 32.000000000000 TRAINER.COOP_PART_C_RELIABILITY.PRIOR_STRENGTH 8.000000000000 TRAINER.COOP_PART_C_RELIABILITY.EPS 1.000000000000e-08 TRAINER.COOP_PART_C_RELIABILITY.DRIFT_WEIGHT 0.000000000000 TRAINER.COOP_THREE_STAGE_CSC_RELATIVE_COV.WEIGHT 5.000000000000e-02 TRAINER.COOP_THREE_STAGE_CSC_RELATIVE_COV.MIN_SAMPLES 2 TRAINER.COOP_THREE_STAGE_CSC_RELATIVE_COV.EPS 1.000000000000e-08
 258889  251901 S+      04:53:10 python          /home/data4t1/wangjielei/anaconda3/envs/dassl/bin/python -c from multiprocessing.resource_tracker import main;main(27)
 258890  251901 S+      04:53:10 python          /home/data4t1/wangjielei/anaconda3/envs/dassl/bin/python -c from multiprocessing.forkserver import main; main(27, 30, [], **{})
 258899  258890 Sl+     04:53:10 python          /home/data4t1/wangjielei/anaconda3/envs/dassl/bin/python -c from multiprocessing.forkserver import main; main(27, 30, [], **{})
 258900  258890 Sl+     04:53:10 python          /home/data4t1/wangjielei/anaconda3/envs/dassl/bin/python -c from multiprocessing.forkserver import main; main(27, 30, [], **{})
 258901  258890 Sl+     04:53:10 python          /home/data4t1/wangjielei/anaconda3/envs/dassl/bin/python -c from multiprocessing.forkserver import main; main(27, 30, [], **{})
 258902  258890 Sl+     04:53:10 python          /home/data4t1/wangjielei/anaconda3/envs/dassl/bin/python -c from multiprocessing.forkserver import main; main(27, 30, [], **{})
 258903  258890 Sl+     04:53:10 python          /home/data4t1/wangjielei/anaconda3/envs/dassl/bin/python -c from multiprocessing.forkserver import main; main(27, 30, [], **{})
 258904  258890 Sl+     04:53:10 python          /home/data4t1/wangjielei/anaconda3/envs/dassl/bin/python -c from multiprocessing.forkserver import main; main(27, 30, [], **{})
 258905  258890 Sl+     04:53:10 python          /home/data4t1/wangjielei/anaconda3/envs/dassl/bin/python -c from multiprocessing.forkserver import main; main(27, 30, [], **{})
 258906  258890 Sl+     04:53:10 python          /home/data4t1/wangjielei/anaconda3/envs/dassl/bin/python -c from multiprocessing.forkserver import main; main(27, 30, [], **{})
 258907  258890 Sl+     04:53:10 python          /home/data4t1/wangjielei/anaconda3/envs/dassl/bin/python -c from multiprocessing.forkserver import main; main(27, 30, [], **{})
 259155  258890 Sl+     04:53:09 python          /home/data4t1/wangjielei/anaconda3/envs/dassl/bin/python -c from multiprocessing.forkserver import main; main(27, 30, [], **{})
 259156  258890 Sl+     04:53:09 python          /home/data4t1/wangjielei/anaconda3/envs/dassl/bin/python -c from multiprocessing.forkserver import main; main(27, 30, [], **{})
 259157  258890 Sl+     04:53:09 python          /home/data4t1/wangjielei/anaconda3/envs/dassl/bin/python -c from multiprocessing.forkserver import main; main(27, 30, [], **{})
 259158  258890 Sl+     04:53:09 python          /home/data4t1/wangjielei/anaconda3/envs/dassl/bin/python -c from multiprocessing.forkserver import main; main(27, 30, [], **{})
 259159  258890 Sl+     04:53:09 python          /home/data4t1/wangjielei/anaconda3/envs/dassl/bin/python -c from multiprocessing.forkserver import main; main(27, 30, [], **{})
 259160  258890 Sl+     04:53:09 python          /home/data4t1/wangjielei/anaconda3/envs/dassl/bin/python -c from multiprocessing.forkserver import main; main(27, 30, [], **{})
 259161  258890 Sl+     04:53:09 python          /home/data4t1/wangjielei/anaconda3/envs/dassl/bin/python -c from multiprocessing.forkserver import main; main(27, 30, [], **{})
 259162  258890 Sl+     04:53:09 python          /home/data4t1/wangjielei/anaconda3/envs/dassl/bin/python -c from multiprocessing.forkserver import main; main(27, 30, [], **{})
 259163  258890 Sl+     04:53:09 python          /home/data4t1/wangjielei/anaconda3/envs/dassl/bin/python -c from multiprocessing.forkserver import main; main(27, 30, [], **{})
 259164  258890 Sl+     04:53:09 python          /home/data4t1/wangjielei/anaconda3/envs/dassl/bin/python -c from multiprocessing.forkserver import main; main(27, 30, [], **{})
 259165  258890 Sl+     04:53:09 python          /home/data4t1/wangjielei/anaconda3/envs/dassl/bin/python -c from multiprocessing.forkserver import main; main(27, 30, [], **{})
 259166  258890 Sl+     04:53:09 python          /home/data4t1/wangjielei/anaconda3/envs/dassl/bin/python -c from multiprocessing.forkserver import main; main(27, 30, [], **{})
 259167  258890 Sl+     04:53:09 python          /home/data4t1/wangjielei/anaconda3/envs/dassl/bin/python -c from multiprocessing.forkserver import main; main(27, 30, [], **{})
 259168  258890 Sl+     04:53:09 python          /home/data4t1/wangjielei/anaconda3/envs/dassl/bin/python -c from multiprocessing.forkserver import main; main(27, 30, [], **{})
 259169  258890 Sl+     04:53:09 python          /home/data4t1/wangjielei/anaconda3/envs/dassl/bin/python -c from multiprocessing.forkserver import main; main(27, 30, [], **{})
 259170  258890 Sl+     04:53:09 python          /home/data4t1/wangjielei/anaconda3/envs/dassl/bin/python -c from multiprocessing.forkserver import main; main(27, 30, [], **{})
 259171  258890 Sl+     04:53:09 python          /home/data4t1/wangjielei/anaconda3/envs/dassl/bin/python -c from multiprocessing.forkserver import main; main(27, 30, [], **{})
 259172  258890 Sl+     04:53:09 python          /home/data4t1/wangjielei/anaconda3/envs/dassl/bin/python -c from multiprocessing.forkserver import main; main(27, 30, [], **{})
 259173  258890 Sl+     04:53:09 python          /home/data4t1/wangjielei/anaconda3/envs/dassl/bin/python -c from multiprocessing.forkserver import main; main(27, 30, [], **{})
 259174  258890 Sl+     04:53:09 python          /home/data4t1/wangjielei/anaconda3/envs/dassl/bin/python -c from multiprocessing.forkserver import main; main(27, 30, [], **{})
 259175  258890 Sl+     04:53:09 python          /home/data4t1/wangjielei/anaconda3/envs/dassl/bin/python -c from multiprocessing.forkserver import main; main(27, 30, [], **{})
 259176  258890 Sl+     04:53:09 python          /home/data4t1/wangjielei/anaconda3/envs/dassl/bin/python -c from multiprocessing.forkserver import main; main(27, 30, [], **{})
 259177  258890 Sl+     04:53:09 python          /home/data4t1/wangjielei/anaconda3/envs/dassl/bin/python -c from multiprocessing.forkserver import main; main(27, 30, [], **{})
 259178  258890 Sl+     04:53:09 python          /home/data4t1/wangjielei/anaconda3/envs/dassl/bin/python -c from multiprocessing.forkserver import main; main(27, 30, [], **{})
 259179  258890 Sl+     04:53:09 python          /home/data4t1/wangjielei/anaconda3/envs/dassl/bin/python -c from multiprocessing.forkserver import main; main(27, 30, [], **{})
 259180  258890 Sl+     04:53:09 python          /home/data4t1/wangjielei/anaconda3/envs/dassl/bin/python -c from multiprocessing.forkserver import main; main(27, 30, [], **{})
 259181  258890 Sl+     04:53:09 python          /home/data4t1/wangjielei/anaconda3/envs/dassl/bin/python -c from multiprocessing.forkserver import main; main(27, 30, [], **{})
 259182  258890 Sl+     04:53:09 python          /home/data4t1/wangjielei/anaconda3/envs/dassl/bin/python -c from multiprocessing.forkserver import main; main(27, 30, [], **{})
 259183  258890 Sl+     04:53:09 python          /home/data4t1/wangjielei/anaconda3/envs/dassl/bin/python -c from multiprocessing.forkserver import main; main(27, 30, [], **{})
 259184  258890 Sl+     04:53:09 python          /home/data4t1/wangjielei/anaconda3/envs/dassl/bin/python -c from multiprocessing.forkserver import main; main(27, 30, [], **{})
 259185  258890 Sl+     04:53:09 python          /home/data4t1/wangjielei/anaconda3/envs/dassl/bin/python -c from multiprocessing.forkserver import main; main(27, 30, [], **{})
 259186  258890 Sl+     04:53:09 python          /home/data4t1/wangjielei/anaconda3/envs/dassl/bin/python -c from multiprocessing.forkserver import main; main(27, 30, [], **{})
 422749  422238 Sl      09:10:37 pet             /home/data4t1/wangjielei/.vscode-server/extensions/ms-python.vscode-python-envs-1.38.0-linux-arm64/python-env-tools/bin/pet server
 439427  439426 Sl    6-22:23:09 python3         python3 -m torch.distributed.launch --nproc_per_node=1 --master_port 2344 --use_env run.py --exp_name release --run-type train --exp-config scripts/iter_train.yaml SIMULATOR_GPU_IDS [0] TORCH_GPU_IDS [0] GPU_NUMBERS 1 NUM_ENVIRONMENTS 1 IL.iters 100000 IL.lr 1e-6 IL.log_every 1000 IL.ml_weight 1.0 IL.sample_ratio 0.8 IL.load_from_ckpt False IL.is_requeue False TASK_CONFIG.SIMULATOR.HABITAT_SIM_V0.ALLOW_SLIDING True
 439848  439427 Rl    6-22:23:06 python3         /home/data4t1/zhouxinyu/anaconda3/envs/dynam3d/bin/python3 -u run.py --exp_name release --run-type train --exp-config scripts/iter_train.yaml SIMULATOR_GPU_IDS [0] TORCH_GPU_IDS [0] GPU_NUMBERS 1 NUM_ENVIRONMENTS 1 IL.iters 100000 IL.lr 1e-6 IL.log_every 1000 IL.ml_weight 1.0 IL.sample_ratio 0.8 IL.load_from_ckpt False IL.is_requeue False TASK_CONFIG.SIMULATOR.HABITAT_SIM_V0.ALLOW_SLIDING True
 443076  439848 Sl    6-22:22:40 python3         /home/data4t1/zhouxinyu/anaconda3/envs/dynam3d/bin/python3 -u run.py --exp_name release --run-type train --exp-config scripts/iter_train.yaml SIMULATOR_GPU_IDS [0] TORCH_GPU_IDS [0] GPU_NUMBERS 1 NUM_ENVIRONMENTS 1 IL.iters 100000 IL.lr 1e-6 IL.log_every 1000 IL.ml_weight 1.0 IL.sample_ratio 0.8 IL.load_from_ckpt False IL.is_requeue False TASK_CONFIG.SIMULATOR.HABITAT_SIM_V0.ALLOW_SLIDING True
 443134  439848 S     6-22:22:39 python3         /home/data4t1/zhouxinyu/anaconda3/envs/dynam3d/bin/python3 -c from multiprocessing.resource_tracker import main;main(26)
 443152  439848 S     6-22:22:39 python3         /home/data4t1/zhouxinyu/anaconda3/envs/dynam3d/bin/python3 -c from multiprocessing.forkserver import main; main(26, 29, [], **{})
 443160  443152 S     6-22:22:39 python3         /home/data4t1/zhouxinyu/anaconda3/envs/dynam3d/bin/python3 -c from multiprocessing.forkserver import main; main(26, 29, [], **{})
 443161  443152 S     6-22:22:39 python3         /home/data4t1/zhouxinyu/anaconda3/envs/dynam3d/bin/python3 -c from multiprocessing.forkserver import main; main(26, 29, [], **{})
 443162  443152 S     6-22:22:39 python3         /home/data4t1/zhouxinyu/anaconda3/envs/dynam3d/bin/python3 -c from multiprocessing.forkserver import main; main(26, 29, [], **{})
 443163  443152 S     6-22:22:39 python3         /home/data4t1/zhouxinyu/anaconda3/envs/dynam3d/bin/python3 -c from multiprocessing.forkserver import main; main(26, 29, [], **{})
 443164  443152 S     6-22:22:39 python3         /home/data4t1/zhouxinyu/anaconda3/envs/dynam3d/bin/python3 -c from multiprocessing.forkserver import main; main(26, 29, [], **{})
 443165  443152 S     6-22:22:39 python3         /home/data4t1/zhouxinyu/anaconda3/envs/dynam3d/bin/python3 -c from multiprocessing.forkserver import main; main(26, 29, [], **{})
 443167  443152 S     6-22:22:39 python3         /home/data4t1/zhouxinyu/anaconda3/envs/dynam3d/bin/python3 -c from multiprocessing.forkserver import main; main(26, 29, [], **{})
 443168  443152 S     6-22:22:39 python3         /home/data4t1/zhouxinyu/anaconda3/envs/dynam3d/bin/python3 -c from multiprocessing.forkserver import main; main(26, 29, [], **{})
 443169  443152 S     6-22:22:39 python3         /home/data4t1/zhouxinyu/anaconda3/envs/dynam3d/bin/python3 -c from multiprocessing.forkserver import main; main(26, 29, [], **{})
 443203  443152 Sl    6-22:22:39 python3         /home/data4t1/zhouxinyu/anaconda3/envs/dynam3d/bin/python3 -c from multiprocessing.forkserver import main; main(26, 29, [], **{})
 443204  443152 S     6-22:22:39 python3         /home/data4t1/zhouxinyu/anaconda3/envs/dynam3d/bin/python3 -c from multiprocessing.forkserver import main; main(26, 29, [], **{})
 443205  443152 S     6-22:22:39 python3         /home/data4t1/zhouxinyu/anaconda3/envs/dynam3d/bin/python3 -c from multiprocessing.forkserver import main; main(26, 29, [], **{})
 443206  443152 Sl    6-22:22:39 python3         /home/data4t1/zhouxinyu/anaconda3/envs/dynam3d/bin/python3 -c from multiprocessing.forkserver import main; main(26, 29, [], **{})
 443207  443152 Sl    6-22:22:39 python3         /home/data4t1/zhouxinyu/anaconda3/envs/dynam3d/bin/python3 -c from multiprocessing.forkserver import main; main(26, 29, [], **{})
 443208  443152 Sl    6-22:22:39 python3         /home/data4t1/zhouxinyu/anaconda3/envs/dynam3d/bin/python3 -c from multiprocessing.forkserver import main; main(26, 29, [], **{})
 443209  443152 Sl    6-22:22:39 python3         /home/data4t1/zhouxinyu/anaconda3/envs/dynam3d/bin/python3 -c from multiprocessing.forkserver import main; main(26, 29, [], **{})
 443210  443152 Sl    6-22:22:39 python3         /home/data4t1/zhouxinyu/anaconda3/envs/dynam3d/bin/python3 -c from multiprocessing.forkserver import main; main(26, 29, [], **{})
 531969 2298726 Sl+  44-04:54:19 tensorboard     /home/data4t2/hxwDir/hxw_moved/conda_envs/opd/bin/python /home/data4t2/hxwDir/hxw_moved/conda_envs/opd/bin/tensorboard --logdir /home/data4t2/hxwDir/hxw_moved/opd-resources/runs/train --host 0.0.0.0 --port 6006
 644507       1 Sl   175-22:44:43 tensorboard    /home/data4t1/hxw/anaconda3/envs/dfkd/bin/python3.10 /home/data4t1/hxw/anaconda3/envs/dfkd/bin/tensorboard --logdir=/home/data4t2/hxwDir/hxw_moved/dfkd/runs/datafree-nayer_df/ --port=6007 --bind_all
2033118 3834144 Sl+  79-03:41:13 nputop          /home/data4t1/hxw/anaconda3/bin/python3.10 /home/data4t1/hxw/anaconda3/bin/nputop
2325513 2321917 Sl      01:20:46 pet             /home/data4t1/wangjielei/.vscode-server/extensions/ms-python.vscode-python-envs-1.38.0-linux-arm64/python-env-tools/bin/pet server
2326845 2321917 Sl      01:20:39 MainThread      /home/data4t1/wangjielei/.vscode-server/cli/servers/Stable-7debcd0e2acdea1c52de81bf9ee1620444407dda/server/node /home/data4t1/wangjielei/.vscode-server/extensions/ms-python.vscode-pylance-2026.4.1/dist/server.bundle.js --cancellationReceive=file:b5a21978af509bcc0176b229f974cb065fd97d7b76 --node-ipc --clientProcessId=2321917
2386437 1414382 Sl+     01:16:13 nputop          /home/data4t1/wangjielei/anaconda3/bin/python3.10 /home/data4t1/wangjielei/anaconda3/bin/nputop
2386667 2321917 Sl      01:16:12 python          /home/data4t1/wangjielei/anaconda3/bin/python /home/data4t1/wangjielei/.vscode-server/extensions/ms-python.autopep8-2026.4.0/bundled/tool/lsp_server.py
2483105 2915079 S+   182-09:09:46 watch          watch -n 1 npu-smi info
2532306 2532253 Sl+     07:51:05 python          /home/data4t1/wangjielei/anaconda3/envs/dassl/bin/python train.py --root /home/data4t2/hxwDir/data --seed 1 --trainer CoOpPartCReliabilityCovTinyViT --dataset-config-file configs/datasets/long_tail/eurosat_lt.yaml --config-file configs/trainers/CoOp/vit_b16_ep130_part_c_reliability_cov_tiny_vit.yaml --output-dir /home/data4t2/czhDir/PromptKD/output/part_c_reliability_cov_tiny_vit/5m_1k/eurosat/seed1_if0.1/gated_kappa32_nu8_drift0_cov0.05_min2_eps1e-8 DATASET.NUM_SHOTS -1 DATASET.LONG_TAIL.IMB_FACTOR 0.1 DATASET.LONG_TAIL.SEED 0 DATALOADER.TRAIN_X.SAMPLER RandomSampler DATALOADER.TEST.BATCH_SIZE 16 OPTIM.MAX_EPOCH 130 TRAINER.COOP_THREE_STAGE_CSC.CSC_START_EPOCH 55 TRAINER.COOP_THREE_STAGE_CSC.PHASE2_LR 0.001 TRAINER.COOP_THREE_STAGE_CSC.PHASE3_LR 0.01 TRAINER.COOP_THREE_STAGE_CSC.BETA 0.9999 TRAINER.COOP_THREE_STAGE_VIT.VARIANT 5m TRAINER.COOP_THREE_STAGE_VIT.PRETRAINED_TYPE 1k TRAINER.COOP_THREE_STAGE_VIT.STUDENT_LR 0.00005 TRAINER.COOP_PART_C.MODE gated TRAINER.COOP_PART_C.KAPPA 32.000000000000 TRAINER.COOP_PART_C_RELIABILITY.PRIOR_STRENGTH 8.000000000000 TRAINER.COOP_PART_C_RELIABILITY.EPS 1.000000000000e-08 TRAINER.COOP_PART_C_RELIABILITY.DRIFT_WEIGHT 0.000000000000 TRAINER.COOP_THREE_STAGE_CSC_RELATIVE_COV.WEIGHT 5.000000000000e-02 TRAINER.COOP_THREE_STAGE_CSC_RELATIVE_COV.MIN_SAMPLES 2 TRAINER.COOP_THREE_STAGE_CSC_RELATIVE_COV.EPS 1.000000000000e-08
2532308 2532257 Rl+     07:51:05 python          /home/data4t1/wangjielei/anaconda3/envs/dassl/bin/python train.py --root /home/data4t2/czhDir/data --seed 1 --trainer CoOpPartCReliabilityCovTinyViT --dataset-config-file configs/datasets/long_tail/nwpu_resisc45_lt.yaml --config-file configs/trainers/CoOp/vit_b16_ep130_part_c_reliability_cov_tiny_vit.yaml --output-dir /home/data4t2/czhDir/PromptKD/output/part_c_reliability_cov_tiny_vit/5m_1k/resisc45/seed1_if0.1/gated_kappa32_nu8_drift0_cov0.05_min2_eps1e-8 DATASET.NUM_SHOTS -1 DATASET.LONG_TAIL.IMB_FACTOR 0.1 DATASET.LONG_TAIL.SEED 0 DATALOADER.TRAIN_X.SAMPLER RandomSampler DATALOADER.TEST.BATCH_SIZE 16 OPTIM.MAX_EPOCH 130 TRAINER.COOP_THREE_STAGE_CSC.CSC_START_EPOCH 55 TRAINER.COOP_THREE_STAGE_CSC.PHASE2_LR 0.001 TRAINER.COOP_THREE_STAGE_CSC.PHASE3_LR 0.01 TRAINER.COOP_THREE_STAGE_CSC.BETA 0.9999 TRAINER.COOP_THREE_STAGE_VIT.VARIANT 5m TRAINER.COOP_THREE_STAGE_VIT.PRETRAINED_TYPE 1k TRAINER.COOP_THREE_STAGE_VIT.STUDENT_LR 0.00005 TRAINER.COOP_PART_C.MODE gated TRAINER.COOP_PART_C.KAPPA 32.000000000000 TRAINER.COOP_PART_C_RELIABILITY.PRIOR_STRENGTH 8.000000000000 TRAINER.COOP_PART_C_RELIABILITY.EPS 1.000000000000e-08 TRAINER.COOP_PART_C_RELIABILITY.DRIFT_WEIGHT 0.000000000000 TRAINER.COOP_THREE_STAGE_CSC_RELATIVE_COV.WEIGHT 5.000000000000e-02 TRAINER.COOP_THREE_STAGE_CSC_RELATIVE_COV.MIN_SAMPLES 2 TRAINER.COOP_THREE_STAGE_CSC_RELATIVE_COV.EPS 1.000000000000e-08
2541200 2532306 Sl+     07:50:28 python          /home/data4t1/wangjielei/anaconda3/envs/dassl/bin/python train.py --root /home/data4t2/hxwDir/data --seed 1 --trainer CoOpPartCReliabilityCovTinyViT --dataset-config-file configs/datasets/long_tail/eurosat_lt.yaml --config-file configs/trainers/CoOp/vit_b16_ep130_part_c_reliability_cov_tiny_vit.yaml --output-dir /home/data4t2/czhDir/PromptKD/output/part_c_reliability_cov_tiny_vit/5m_1k/eurosat/seed1_if0.1/gated_kappa32_nu8_drift0_cov0.05_min2_eps1e-8 DATASET.NUM_SHOTS -1 DATASET.LONG_TAIL.IMB_FACTOR 0.1 DATASET.LONG_TAIL.SEED 0 DATALOADER.TRAIN_X.SAMPLER RandomSampler DATALOADER.TEST.BATCH_SIZE 16 OPTIM.MAX_EPOCH 130 TRAINER.COOP_THREE_STAGE_CSC.CSC_START_EPOCH 55 TRAINER.COOP_THREE_STAGE_CSC.PHASE2_LR 0.001 TRAINER.COOP_THREE_STAGE_CSC.PHASE3_LR 0.01 TRAINER.COOP_THREE_STAGE_CSC.BETA 0.9999 TRAINER.COOP_THREE_STAGE_VIT.VARIANT 5m TRAINER.COOP_THREE_STAGE_VIT.PRETRAINED_TYPE 1k TRAINER.COOP_THREE_STAGE_VIT.STUDENT_LR 0.00005 TRAINER.COOP_PART_C.MODE gated TRAINER.COOP_PART_C.KAPPA 32.000000000000 TRAINER.COOP_PART_C_RELIABILITY.PRIOR_STRENGTH 8.000000000000 TRAINER.COOP_PART_C_RELIABILITY.EPS 1.000000000000e-08 TRAINER.COOP_PART_C_RELIABILITY.DRIFT_WEIGHT 0.000000000000 TRAINER.COOP_THREE_STAGE_CSC_RELATIVE_COV.WEIGHT 5.000000000000e-02 TRAINER.COOP_THREE_STAGE_CSC_RELATIVE_COV.MIN_SAMPLES 2 TRAINER.COOP_THREE_STAGE_CSC_RELATIVE_COV.EPS 1.000000000000e-08
2541258 2532306 S+      07:50:28 python          /home/data4t1/wangjielei/anaconda3/envs/dassl/bin/python -c from multiprocessing.resource_tracker import main;main(27)
2541259 2532306 S+      07:50:28 python          /home/data4t1/wangjielei/anaconda3/envs/dassl/bin/python -c from multiprocessing.forkserver import main; main(27, 30, [], **{})
2541260 2541259 Sl+     07:50:28 python          /home/data4t1/wangjielei/anaconda3/envs/dassl/bin/python -c from multiprocessing.forkserver import main; main(27, 30, [], **{})
2541261 2541259 Sl+     07:50:28 python          /home/data4t1/wangjielei/anaconda3/envs/dassl/bin/python -c from multiprocessing.forkserver import main; main(27, 30, [], **{})
2541262 2541259 Sl+     07:50:28 python          /home/data4t1/wangjielei/anaconda3/envs/dassl/bin/python -c from multiprocessing.forkserver import main; main(27, 30, [], **{})
2541263 2541259 Sl+     07:50:28 python          /home/data4t1/wangjielei/anaconda3/envs/dassl/bin/python -c from multiprocessing.forkserver import main; main(27, 30, [], **{})
2541264 2541259 Sl+     07:50:28 python          /home/data4t1/wangjielei/anaconda3/envs/dassl/bin/python -c from multiprocessing.forkserver import main; main(27, 30, [], **{})
2541265 2541259 Sl+     07:50:28 python          /home/data4t1/wangjielei/anaconda3/envs/dassl/bin/python -c from multiprocessing.forkserver import main; main(27, 30, [], **{})
2541266 2541259 Sl+     07:50:28 python          /home/data4t1/wangjielei/anaconda3/envs/dassl/bin/python -c from multiprocessing.forkserver import main; main(27, 30, [], **{})
2541267 2541259 Sl+     07:50:28 python          /home/data4t1/wangjielei/anaconda3/envs/dassl/bin/python -c from multiprocessing.forkserver import main; main(27, 30, [], **{})
2541268 2541259 Sl+     07:50:28 python          /home/data4t1/wangjielei/anaconda3/envs/dassl/bin/python -c from multiprocessing.forkserver import main; main(27, 30, [], **{})
2541438 2532308 Sl+     07:50:28 python          /home/data4t1/wangjielei/anaconda3/envs/dassl/bin/python train.py --root /home/data4t2/czhDir/data --seed 1 --trainer CoOpPartCReliabilityCovTinyViT --dataset-config-file configs/datasets/long_tail/nwpu_resisc45_lt.yaml --config-file configs/trainers/CoOp/vit_b16_ep130_part_c_reliability_cov_tiny_vit.yaml --output-dir /home/data4t2/czhDir/PromptKD/output/part_c_reliability_cov_tiny_vit/5m_1k/resisc45/seed1_if0.1/gated_kappa32_nu8_drift0_cov0.05_min2_eps1e-8 DATASET.NUM_SHOTS -1 DATASET.LONG_TAIL.IMB_FACTOR 0.1 DATASET.LONG_TAIL.SEED 0 DATALOADER.TRAIN_X.SAMPLER RandomSampler DATALOADER.TEST.BATCH_SIZE 16 OPTIM.MAX_EPOCH 130 TRAINER.COOP_THREE_STAGE_CSC.CSC_START_EPOCH 55 TRAINER.COOP_THREE_STAGE_CSC.PHASE2_LR 0.001 TRAINER.COOP_THREE_STAGE_CSC.PHASE3_LR 0.01 TRAINER.COOP_THREE_STAGE_CSC.BETA 0.9999 TRAINER.COOP_THREE_STAGE_VIT.VARIANT 5m TRAINER.COOP_THREE_STAGE_VIT.PRETRAINED_TYPE 1k TRAINER.COOP_THREE_STAGE_VIT.STUDENT_LR 0.00005 TRAINER.COOP_PART_C.MODE gated TRAINER.COOP_PART_C.KAPPA 32.000000000000 TRAINER.COOP_PART_C_RELIABILITY.PRIOR_STRENGTH 8.000000000000 TRAINER.COOP_PART_C_RELIABILITY.EPS 1.000000000000e-08 TRAINER.COOP_PART_C_RELIABILITY.DRIFT_WEIGHT 0.000000000000 TRAINER.COOP_THREE_STAGE_CSC_RELATIVE_COV.WEIGHT 5.000000000000e-02 TRAINER.COOP_THREE_STAGE_CSC_RELATIVE_COV.MIN_SAMPLES 2 TRAINER.COOP_THREE_STAGE_CSC_RELATIVE_COV.EPS 1.000000000000e-08
2541547 2532308 S+      07:50:28 python          /home/data4t1/wangjielei/anaconda3/envs/dassl/bin/python -c from multiprocessing.resource_tracker import main;main(27)
2541548 2532308 S+      07:50:28 python          /home/data4t1/wangjielei/anaconda3/envs/dassl/bin/python -c from multiprocessing.forkserver import main; main(27, 30, [], **{})
2541556 2541548 Sl+     07:50:27 python          /home/data4t1/wangjielei/anaconda3/envs/dassl/bin/python -c from multiprocessing.forkserver import main; main(27, 30, [], **{})
2541559 2541548 Sl+     07:50:27 python          /home/data4t1/wangjielei/anaconda3/envs/dassl/bin/python -c from multiprocessing.forkserver import main; main(27, 30, [], **{})
2541560 2541548 Sl+     07:50:27 python          /home/data4t1/wangjielei/anaconda3/envs/dassl/bin/python -c from multiprocessing.forkserver import main; main(27, 30, [], **{})
2541561 2541548 Sl+     07:50:27 python          /home/data4t1/wangjielei/anaconda3/envs/dassl/bin/python -c from multiprocessing.forkserver import main; main(27, 30, [], **{})
2541562 2541548 Sl+     07:50:27 python          /home/data4t1/wangjielei/anaconda3/envs/dassl/bin/python -c from multiprocessing.forkserver import main; main(27, 30, [], **{})
2541563 2541548 Sl+     07:50:27 python          /home/data4t1/wangjielei/anaconda3/envs/dassl/bin/python -c from multiprocessing.forkserver import main; main(27, 30, [], **{})
2541564 2541548 Sl+     07:50:27 python          /home/data4t1/wangjielei/anaconda3/envs/dassl/bin/python -c from multiprocessing.forkserver import main; main(27, 30, [], **{})
2541565 2541548 Sl+     07:50:27 python          /home/data4t1/wangjielei/anaconda3/envs/dassl/bin/python -c from multiprocessing.forkserver import main; main(27, 30, [], **{})
2541566 2541548 Sl+     07:50:27 python          /home/data4t1/wangjielei/anaconda3/envs/dassl/bin/python -c from multiprocessing.forkserver import main; main(27, 30, [], **{})
2541727 2541259 Sl+     07:50:26 python          /home/data4t1/wangjielei/anaconda3/envs/dassl/bin/python -c from multiprocessing.forkserver import main; main(27, 30, [], **{})
2541728 2541259 Sl+     07:50:26 python          /home/data4t1/wangjielei/anaconda3/envs/dassl/bin/python -c from multiprocessing.forkserver import main; main(27, 30, [], **{})
2541729 2541259 Sl+     07:50:26 python          /home/data4t1/wangjielei/anaconda3/envs/dassl/bin/python -c from multiprocessing.forkserver import main; main(27, 30, [], **{})
2541731 2541259 Sl+     07:50:26 python          /home/data4t1/wangjielei/anaconda3/envs/dassl/bin/python -c from multiprocessing.forkserver import main; main(27, 30, [], **{})
2541732 2541259 Sl+     07:50:26 python          /home/data4t1/wangjielei/anaconda3/envs/dassl/bin/python -c from multiprocessing.forkserver import main; main(27, 30, [], **{})
2541733 2541259 Sl+     07:50:26 python          /home/data4t1/wangjielei/anaconda3/envs/dassl/bin/python -c from multiprocessing.forkserver import main; main(27, 30, [], **{})
2541734 2541259 Sl+     07:50:26 python          /home/data4t1/wangjielei/anaconda3/envs/dassl/bin/python -c from multiprocessing.forkserver import main; main(27, 30, [], **{})
2541735 2541259 Sl+     07:50:26 python          /home/data4t1/wangjielei/anaconda3/envs/dassl/bin/python -c from multiprocessing.forkserver import main; main(27, 30, [], **{})
2541737 2541259 Sl+     07:50:26 python          /home/data4t1/wangjielei/anaconda3/envs/dassl/bin/python -c from multiprocessing.forkserver import main; main(27, 30, [], **{})
2541741 2541259 Sl+     07:50:26 python          /home/data4t1/wangjielei/anaconda3/envs/dassl/bin/python -c from multiprocessing.forkserver import main; main(27, 30, [], **{})
2541742 2541259 Sl+     07:50:26 python          /home/data4t1/wangjielei/anaconda3/envs/dassl/bin/python -c from multiprocessing.forkserver import main; main(27, 30, [], **{})
2541743 2541259 Sl+     07:50:26 python          /home/data4t1/wangjielei/anaconda3/envs/dassl/bin/python -c from multiprocessing.forkserver import main; main(27, 30, [], **{})
2541745 2541259 Sl+     07:50:26 python          /home/data4t1/wangjielei/anaconda3/envs/dassl/bin/python -c from multiprocessing.forkserver import main; main(27, 30, [], **{})
2541749 2541259 Sl+     07:50:26 python          /home/data4t1/wangjielei/anaconda3/envs/dassl/bin/python -c from multiprocessing.forkserver import main; main(27, 30, [], **{})
2541750 2541259 Sl+     07:50:26 python          /home/data4t1/wangjielei/anaconda3/envs/dassl/bin/python -c from multiprocessing.forkserver import main; main(27, 30, [], **{})
2541751 2541259 Sl+     07:50:26 python          /home/data4t1/wangjielei/anaconda3/envs/dassl/bin/python -c from multiprocessing.forkserver import main; main(27, 30, [], **{})
2541753 2541259 Sl+     07:50:26 python          /home/data4t1/wangjielei/anaconda3/envs/dassl/bin/python -c from multiprocessing.forkserver import main; main(27, 30, [], **{})
2541755 2541259 Sl+     07:50:26 python          /home/data4t1/wangjielei/anaconda3/envs/dassl/bin/python -c from multiprocessing.forkserver import main; main(27, 30, [], **{})
2541756 2541259 Sl+     07:50:26 python          /home/data4t1/wangjielei/anaconda3/envs/dassl/bin/python -c from multiprocessing.forkserver import main; main(27, 30, [], **{})
2541757 2541259 Sl+     07:50:26 python          /home/data4t1/wangjielei/anaconda3/envs/dassl/bin/python -c from multiprocessing.forkserver import main; main(27, 30, [], **{})
2541758 2541259 Sl+     07:50:26 python          /home/data4t1/wangjielei/anaconda3/envs/dassl/bin/python -c from multiprocessing.forkserver import main; main(27, 30, [], **{})
2541761 2541259 Sl+     07:50:26 python          /home/data4t1/wangjielei/anaconda3/envs/dassl/bin/python -c from multiprocessing.forkserver import main; main(27, 30, [], **{})
2541762 2541259 Sl+     07:50:26 python          /home/data4t1/wangjielei/anaconda3/envs/dassl/bin/python -c from multiprocessing.forkserver import main; main(27, 30, [], **{})
2541764 2541259 Sl+     07:50:26 python          /home/data4t1/wangjielei/anaconda3/envs/dassl/bin/python -c from multiprocessing.forkserver import main; main(27, 30, [], **{})
2541765 2541259 Sl+     07:50:26 python          /home/data4t1/wangjielei/anaconda3/envs/dassl/bin/python -c from multiprocessing.forkserver import main; main(27, 30, [], **{})
2541767 2541259 Sl+     07:50:26 python          /home/data4t1/wangjielei/anaconda3/envs/dassl/bin/python -c from multiprocessing.forkserver import main; main(27, 30, [], **{})
2541768 2541259 Sl+     07:50:26 python          /home/data4t1/wangjielei/anaconda3/envs/dassl/bin/python -c from multiprocessing.forkserver import main; main(27, 30, [], **{})
2541769 2541259 Sl+     07:50:26 python          /home/data4t1/wangjielei/anaconda3/envs/dassl/bin/python -c from multiprocessing.forkserver import main; main(27, 30, [], **{})
2541770 2541259 Sl+     07:50:26 python          /home/data4t1/wangjielei/anaconda3/envs/dassl/bin/python -c from multiprocessing.forkserver import main; main(27, 30, [], **{})
2541771 2541259 Sl+     07:50:26 python          /home/data4t1/wangjielei/anaconda3/envs/dassl/bin/python -c from multiprocessing.forkserver import main; main(27, 30, [], **{})
2541772 2541259 Sl+     07:50:26 python          /home/data4t1/wangjielei/anaconda3/envs/dassl/bin/python -c from multiprocessing.forkserver import main; main(27, 30, [], **{})
2541773 2541259 Sl+     07:50:26 python          /home/data4t1/wangjielei/anaconda3/envs/dassl/bin/python -c from multiprocessing.forkserver import main; main(27, 30, [], **{})
2541843 2541548 Sl+     07:50:26 python          /home/data4t1/wangjielei/anaconda3/envs/dassl/bin/python -c from multiprocessing.forkserver import main; main(27, 30, [], **{})
2541845 2541548 Sl+     07:50:26 python          /home/data4t1/wangjielei/anaconda3/envs/dassl/bin/python -c from multiprocessing.forkserver import main; main(27, 30, [], **{})
2541848 2541548 Sl+     07:50:26 python          /home/data4t1/wangjielei/anaconda3/envs/dassl/bin/python -c from multiprocessing.forkserver import main; main(27, 30, [], **{})
2541849 2541548 Sl+     07:50:26 python          /home/data4t1/wangjielei/anaconda3/envs/dassl/bin/python -c from multiprocessing.forkserver import main; main(27, 30, [], **{})
2541851 2541548 Sl+     07:50:26 python          /home/data4t1/wangjielei/anaconda3/envs/dassl/bin/python -c from multiprocessing.forkserver import main; main(27, 30, [], **{})
2541854 2541548 Sl+     07:50:26 python          /home/data4t1/wangjielei/anaconda3/envs/dassl/bin/python -c from multiprocessing.forkserver import main; main(27, 30, [], **{})
2541857 2541548 Sl+     07:50:26 python          /home/data4t1/wangjielei/anaconda3/envs/dassl/bin/python -c from multiprocessing.forkserver import main; main(27, 30, [], **{})
2541860 2541548 Sl+     07:50:26 python          /home/data4t1/wangjielei/anaconda3/envs/dassl/bin/python -c from multiprocessing.forkserver import main; main(27, 30, [], **{})
2541864 2541548 Sl+     07:50:26 python          /home/data4t1/wangjielei/anaconda3/envs/dassl/bin/python -c from multiprocessing.forkserver import main; main(27, 30, [], **{})
2541867 2541548 Sl+     07:50:26 python          /home/data4t1/wangjielei/anaconda3/envs/dassl/bin/python -c from multiprocessing.forkserver import main; main(27, 30, [], **{})
2541869 2541548 Sl+     07:50:26 python          /home/data4t1/wangjielei/anaconda3/envs/dassl/bin/python -c from multiprocessing.forkserver import main; main(27, 30, [], **{})
2541872 2541548 Sl+     07:50:26 python          /home/data4t1/wangjielei/anaconda3/envs/dassl/bin/python -c from multiprocessing.forkserver import main; main(27, 30, [], **{})
2541875 2541548 Sl+     07:50:26 python          /home/data4t1/wangjielei/anaconda3/envs/dassl/bin/python -c from multiprocessing.forkserver import main; main(27, 30, [], **{})
2541877 2541548 Sl+     07:50:26 python          /home/data4t1/wangjielei/anaconda3/envs/dassl/bin/python -c from multiprocessing.forkserver import main; main(27, 30, [], **{})
2541880 2541548 Sl+     07:50:26 python          /home/data4t1/wangjielei/anaconda3/envs/dassl/bin/python -c from multiprocessing.forkserver import main; main(27, 30, [], **{})
2541882 2541548 Sl+     07:50:26 python          /home/data4t1/wangjielei/anaconda3/envs/dassl/bin/python -c from multiprocessing.forkserver import main; main(27, 30, [], **{})
2541884 2541548 Sl+     07:50:26 python          /home/data4t1/wangjielei/anaconda3/envs/dassl/bin/python -c from multiprocessing.forkserver import main; main(27, 30, [], **{})
2541886 2541548 Sl+     07:50:26 python          /home/data4t1/wangjielei/anaconda3/envs/dassl/bin/python -c from multiprocessing.forkserver import main; main(27, 30, [], **{})
2541888 2541548 Sl+     07:50:26 python          /home/data4t1/wangjielei/anaconda3/envs/dassl/bin/python -c from multiprocessing.forkserver import main; main(27, 30, [], **{})
2541890 2541548 Sl+     07:50:26 python          /home/data4t1/wangjielei/anaconda3/envs/dassl/bin/python -c from multiprocessing.forkserver import main; main(27, 30, [], **{})
2541893 2541548 Sl+     07:50:26 python          /home/data4t1/wangjielei/anaconda3/envs/dassl/bin/python -c from multiprocessing.forkserver import main; main(27, 30, [], **{})
2541895 2541548 Sl+     07:50:26 python          /home/data4t1/wangjielei/anaconda3/envs/dassl/bin/python -c from multiprocessing.forkserver import main; main(27, 30, [], **{})
2541898 2541548 Sl+     07:50:26 python          /home/data4t1/wangjielei/anaconda3/envs/dassl/bin/python -c from multiprocessing.forkserver import main; main(27, 30, [], **{})
2541900 2541548 Sl+     07:50:26 python          /home/data4t1/wangjielei/anaconda3/envs/dassl/bin/python -c from multiprocessing.forkserver import main; main(27, 30, [], **{})
2541902 2541548 Sl+     07:50:26 python          /home/data4t1/wangjielei/anaconda3/envs/dassl/bin/python -c from multiprocessing.forkserver import main; main(27, 30, [], **{})
2541904 2541548 Sl+     07:50:26 python          /home/data4t1/wangjielei/anaconda3/envs/dassl/bin/python -c from multiprocessing.forkserver import main; main(27, 30, [], **{})
2541907 2541548 Sl+     07:50:26 python          /home/data4t1/wangjielei/anaconda3/envs/dassl/bin/python -c from multiprocessing.forkserver import main; main(27, 30, [], **{})
2541909 2541548 Sl+     07:50:26 python          /home/data4t1/wangjielei/anaconda3/envs/dassl/bin/python -c from multiprocessing.forkserver import main; main(27, 30, [], **{})
2541910 2541548 Sl+     07:50:26 python          /home/data4t1/wangjielei/anaconda3/envs/dassl/bin/python -c from multiprocessing.forkserver import main; main(27, 30, [], **{})
2541911 2541548 Sl+     07:50:26 python          /home/data4t1/wangjielei/anaconda3/envs/dassl/bin/python -c from multiprocessing.forkserver import main; main(27, 30, [], **{})
2541913 2541548 Sl+     07:50:26 python          /home/data4t1/wangjielei/anaconda3/envs/dassl/bin/python -c from multiprocessing.forkserver import main; main(27, 30, [], **{})
2541916 2541548 Sl+     07:50:26 python          /home/data4t1/wangjielei/anaconda3/envs/dassl/bin/python -c from multiprocessing.forkserver import main; main(27, 30, [], **{})
2615525 2615509 Sl+        52:55 python          /home/data4t1/wangjielei/anaconda3/envs/dassl/bin/python -m experiments.output_progress.scheduler --root /home/data4t1/wangjielei/user/ylh/EA-KD/results/output_class_progress/seed42_scan_launchfix_20261008
2894305       1 S     1-04:09:57 sh              sh /home/data4t1/wangjielei/.vscode-server/cli/servers/Stable-a44adf7f53e00964ab890f9f8758a334f1fc15bc/server/bin/code-server --connection-token=remotessh --accept-server-license-terms --install-extension=ms-python.python --install-extension=ms-toolsai.jupyter-renderers --install-extension=ms-toolsai.jupyter-keymap --install-extension=ms-toolsai.jupyter --agent-host-bridge-port=39829 --agent-host-bridge-host=127.0.0.1 --start-server --enable-remote-auto-shutdown --socket-path=/tmp/code-f8531d84-13b8-4614-91f0-425796197ae6
2894309 2894305 Sl    1-04:09:57 MainThread      /home/data4t1/wangjielei/.vscode-server/cli/servers/Stable-a44adf7f53e00964ab890f9f8758a334f1fc15bc/server/node /home/data4t1/wangjielei/.vscode-server/cli/servers/Stable-a44adf7f53e00964ab890f9f8758a334f1fc15bc/server/out/server-main.js --connection-token=remotessh --accept-server-license-terms --install-extension=ms-python.python --install-extension=ms-toolsai.jupyter-renderers --install-extension=ms-toolsai.jupyter-keymap --install-extension=ms-toolsai.jupyter --agent-host-bridge-port=39829 --agent-host-bridge-host=127.0.0.1 --start-server --enable-remote-auto-shutdown --socket-path=/tmp/code-f8531d84-13b8-4614-91f0-425796197ae6
2916664 2914109 Sl+  107-23:24:31 nputop         /home/data4t1/hxw/anaconda3/bin/python3.10 /home/data4t1/hxw/anaconda3/bin/nputop
2975181 2615525 Sl+        24:00 python          /home/data4t1/wangjielei/anaconda3/envs/dassl/bin/python -m experiments.output_progress.runner train --root /home/data4t1/wangjielei/user/ylh/EA-KD/results/output_class_progress/seed42_scan_launchfix_20261008 --config /home/data4t1/wangjielei/user/ylh/EA-KD/results/output_class_progress/seed42_scan_launchfix_20261008/09_alpha4_m2_rho02_20261008/config.json --device npu
2975182 2615525 Sl+        24:00 python          /home/data4t1/wangjielei/anaconda3/envs/dassl/bin/python -m experiments.output_progress.runner train --root /home/data4t1/wangjielei/user/ylh/EA-KD/results/output_class_progress/seed42_scan_launchfix_20261008 --config /home/data4t1/wangjielei/user/ylh/EA-KD/results/output_class_progress/seed42_scan_launchfix_20261008/10_selected_fixed_u_rho02_20261008/config.json --device npu
2975183 2615525 Sl+        24:00 python          /home/data4t1/wangjielei/anaconda3/envs/dassl/bin/python -m experiments.output_progress.runner train --root /home/data4t1/wangjielei/user/ylh/EA-KD/results/output_class_progress/seed42_scan_launchfix_20261008 --config /home/data4t1/wangjielei/user/ylh/EA-KD/results/output_class_progress/seed42_scan_launchfix_20261008/11_selected_dynamic_rho05_20261008/config.json --device npu
2975184 2615525 Rl+        24:00 python          /home/data4t1/wangjielei/anaconda3/envs/dassl/bin/python -m experiments.output_progress.runner train --root /home/data4t1/wangjielei/user/ylh/EA-KD/results/output_class_progress/seed42_scan_launchfix_20261008 --config /home/data4t1/wangjielei/user/ylh/EA-KD/results/output_class_progress/seed42_scan_launchfix_20261008/12_selected_dynamic_rho1_20261008/config.json --device npu
2977910 2975184 Sl+        23:44 python          /home/data4t1/wangjielei/anaconda3/envs/dassl/bin/python -m experiments.output_progress.runner train --root /home/data4t1/wangjielei/user/ylh/EA-KD/results/output_class_progress/seed42_scan_launchfix_20261008 --config /home/data4t1/wangjielei/user/ylh/EA-KD/results/output_class_progress/seed42_scan_launchfix_20261008/12_selected_dynamic_rho1_20261008/config.json --device npu
2977976 2975184 S+         23:44 python          /home/data4t1/wangjielei/anaconda3/envs/dassl/bin/python -c from multiprocessing.resource_tracker import main;main(26)
2977977 2975184 S+         23:44 python          /home/data4t1/wangjielei/anaconda3/envs/dassl/bin/python -c from multiprocessing.forkserver import main; main(26, 29, [], **{})
2977991 2977977 Sl+        23:44 python          /home/data4t1/wangjielei/anaconda3/envs/dassl/bin/python -c from multiprocessing.forkserver import main; main(26, 29, [], **{})
2977992 2977977 Sl+        23:44 python          /home/data4t1/wangjielei/anaconda3/envs/dassl/bin/python -c from multiprocessing.forkserver import main; main(26, 29, [], **{})
2977993 2977977 Sl+        23:44 python          /home/data4t1/wangjielei/anaconda3/envs/dassl/bin/python -c from multiprocessing.forkserver import main; main(26, 29, [], **{})
2977994 2977977 Sl+        23:44 python          /home/data4t1/wangjielei/anaconda3/envs/dassl/bin/python -c from multiprocessing.forkserver import main; main(26, 29, [], **{})
2977995 2977977 Sl+        23:44 python          /home/data4t1/wangjielei/anaconda3/envs/dassl/bin/python -c from multiprocessing.forkserver import main; main(26, 29, [], **{})
2977996 2977977 Sl+        23:44 python          /home/data4t1/wangjielei/anaconda3/envs/dassl/bin/python -c from multiprocessing.forkserver import main; main(26, 29, [], **{})
2977997 2977977 Sl+        23:44 python          /home/data4t1/wangjielei/anaconda3/envs/dassl/bin/python -c from multiprocessing.forkserver import main; main(26, 29, [], **{})
2977998 2977977 Sl+        23:44 python          /home/data4t1/wangjielei/anaconda3/envs/dassl/bin/python -c from multiprocessing.forkserver import main; main(26, 29, [], **{})
2977999 2977977 Sl+        23:44 python          /home/data4t1/wangjielei/anaconda3/envs/dassl/bin/python -c from multiprocessing.forkserver import main; main(26, 29, [], **{})
2978036 2975183 Sl+        23:43 python          /home/data4t1/wangjielei/anaconda3/envs/dassl/bin/python -m experiments.output_progress.runner train --root /home/data4t1/wangjielei/user/ylh/EA-KD/results/output_class_progress/seed42_scan_launchfix_20261008 --config /home/data4t1/wangjielei/user/ylh/EA-KD/results/output_class_progress/seed42_scan_launchfix_20261008/11_selected_dynamic_rho05_20261008/config.json --device npu
2978037 2975181 Sl+        23:43 python          /home/data4t1/wangjielei/anaconda3/envs/dassl/bin/python -m experiments.output_progress.runner train --root /home/data4t1/wangjielei/user/ylh/EA-KD/results/output_class_progress/seed42_scan_launchfix_20261008 --config /home/data4t1/wangjielei/user/ylh/EA-KD/results/output_class_progress/seed42_scan_launchfix_20261008/09_alpha4_m2_rho02_20261008/config.json --device npu
2978183 2975183 S+         23:43 python          /home/data4t1/wangjielei/anaconda3/envs/dassl/bin/python -c from multiprocessing.resource_tracker import main;main(26)
2978184 2975183 S+         23:43 python          /home/data4t1/wangjielei/anaconda3/envs/dassl/bin/python -c from multiprocessing.forkserver import main; main(26, 29, [], **{})
2978185 2975181 S+         23:43 python          /home/data4t1/wangjielei/anaconda3/envs/dassl/bin/python -c from multiprocessing.resource_tracker import main;main(26)
2978186 2975181 S+         23:43 python          /home/data4t1/wangjielei/anaconda3/envs/dassl/bin/python -c from multiprocessing.forkserver import main; main(26, 29, [], **{})
2978187 2975182 Sl+        23:43 python          /home/data4t1/wangjielei/anaconda3/envs/dassl/bin/python -m experiments.output_progress.runner train --root /home/data4t1/wangjielei/user/ylh/EA-KD/results/output_class_progress/seed42_scan_launchfix_20261008 --config /home/data4t1/wangjielei/user/ylh/EA-KD/results/output_class_progress/seed42_scan_launchfix_20261008/10_selected_fixed_u_rho02_20261008/config.json --device npu
2978223 2978184 Sl+        23:43 python          /home/data4t1/wangjielei/anaconda3/envs/dassl/bin/python -c from multiprocessing.forkserver import main; main(26, 29, [], **{})
2978226 2978186 Sl+        23:43 python          /home/data4t1/wangjielei/anaconda3/envs/dassl/bin/python -c from multiprocessing.forkserver import main; main(26, 29, [], **{})
2978228 2978184 Sl+        23:43 python          /home/data4t1/wangjielei/anaconda3/envs/dassl/bin/python -c from multiprocessing.forkserver import main; main(26, 29, [], **{})
2978233 2978186 Sl+        23:43 python          /home/data4t1/wangjielei/anaconda3/envs/dassl/bin/python -c from multiprocessing.forkserver import main; main(26, 29, [], **{})
2978239 2978184 Sl+        23:43 python          /home/data4t1/wangjielei/anaconda3/envs/dassl/bin/python -c from multiprocessing.forkserver import main; main(26, 29, [], **{})
2978241 2978186 Sl+        23:43 python          /home/data4t1/wangjielei/anaconda3/envs/dassl/bin/python -c from multiprocessing.forkserver import main; main(26, 29, [], **{})
2978244 2978184 Sl+        23:43 python          /home/data4t1/wangjielei/anaconda3/envs/dassl/bin/python -c from multiprocessing.forkserver import main; main(26, 29, [], **{})
2978246 2978186 Sl+        23:43 python          /home/data4t1/wangjielei/anaconda3/envs/dassl/bin/python -c from multiprocessing.forkserver import main; main(26, 29, [], **{})
2978249 2978184 Sl+        23:43 python          /home/data4t1/wangjielei/anaconda3/envs/dassl/bin/python -c from multiprocessing.forkserver import main; main(26, 29, [], **{})
2978251 2978186 Sl+        23:43 python          /home/data4t1/wangjielei/anaconda3/envs/dassl/bin/python -c from multiprocessing.forkserver import main; main(26, 29, [], **{})
2978255 2978184 Sl+        23:43 python          /home/data4t1/wangjielei/anaconda3/envs/dassl/bin/python -c from multiprocessing.forkserver import main; main(26, 29, [], **{})
2978257 2978186 Sl+        23:43 python          /home/data4t1/wangjielei/anaconda3/envs/dassl/bin/python -c from multiprocessing.forkserver import main; main(26, 29, [], **{})
2978264 2978184 Sl+        23:43 python          /home/data4t1/wangjielei/anaconda3/envs/dassl/bin/python -c from multiprocessing.forkserver import main; main(26, 29, [], **{})
2978266 2978186 Sl+        23:43 python          /home/data4t1/wangjielei/anaconda3/envs/dassl/bin/python -c from multiprocessing.forkserver import main; main(26, 29, [], **{})
2978269 2978184 Sl+        23:43 python          /home/data4t1/wangjielei/anaconda3/envs/dassl/bin/python -c from multiprocessing.forkserver import main; main(26, 29, [], **{})
2978271 2978186 Sl+        23:43 python          /home/data4t1/wangjielei/anaconda3/envs/dassl/bin/python -c from multiprocessing.forkserver import main; main(26, 29, [], **{})
2978274 2978184 Sl+        23:43 python          /home/data4t1/wangjielei/anaconda3/envs/dassl/bin/python -c from multiprocessing.forkserver import main; main(26, 29, [], **{})
2978275 2978186 Sl+        23:43 python          /home/data4t1/wangjielei/anaconda3/envs/dassl/bin/python -c from multiprocessing.forkserver import main; main(26, 29, [], **{})
2978296 2975182 S+         23:43 python          /home/data4t1/wangjielei/anaconda3/envs/dassl/bin/python -c from multiprocessing.resource_tracker import main;main(26)
2978297 2975182 S+         23:43 python          /home/data4t1/wangjielei/anaconda3/envs/dassl/bin/python -c from multiprocessing.forkserver import main; main(26, 29, [], **{})
2978298 2978297 Sl+        23:43 python          /home/data4t1/wangjielei/anaconda3/envs/dassl/bin/python -c from multiprocessing.forkserver import main; main(26, 29, [], **{})
2978299 2978297 Sl+        23:43 python          /home/data4t1/wangjielei/anaconda3/envs/dassl/bin/python -c from multiprocessing.forkserver import main; main(26, 29, [], **{})
2978300 2978297 Sl+        23:43 python          /home/data4t1/wangjielei/anaconda3/envs/dassl/bin/python -c from multiprocessing.forkserver import main; main(26, 29, [], **{})
2978301 2978297 Sl+        23:43 python          /home/data4t1/wangjielei/anaconda3/envs/dassl/bin/python -c from multiprocessing.forkserver import main; main(26, 29, [], **{})
2978302 2978297 Sl+        23:43 python          /home/data4t1/wangjielei/anaconda3/envs/dassl/bin/python -c from multiprocessing.forkserver import main; main(26, 29, [], **{})
2978303 2978297 Sl+        23:43 python          /home/data4t1/wangjielei/anaconda3/envs/dassl/bin/python -c from multiprocessing.forkserver import main; main(26, 29, [], **{})
2978304 2978297 Sl+        23:43 python          /home/data4t1/wangjielei/anaconda3/envs/dassl/bin/python -c from multiprocessing.forkserver import main; main(26, 29, [], **{})
2978305 2978297 Sl+        23:43 python          /home/data4t1/wangjielei/anaconda3/envs/dassl/bin/python -c from multiprocessing.forkserver import main; main(26, 29, [], **{})
2978306 2978297 Sl+        23:43 python          /home/data4t1/wangjielei/anaconda3/envs/dassl/bin/python -c from multiprocessing.forkserver import main; main(26, 29, [], **{})
2978455 2977977 Sl+        23:42 python          /home/data4t1/wangjielei/anaconda3/envs/dassl/bin/python -c from multiprocessing.forkserver import main; main(26, 29, [], **{})
2978456 2977977 Sl+        23:42 python          /home/data4t1/wangjielei/anaconda3/envs/dassl/bin/python -c from multiprocessing.forkserver import main; main(26, 29, [], **{})
2978457 2977977 Sl+        23:42 python          /home/data4t1/wangjielei/anaconda3/envs/dassl/bin/python -c from multiprocessing.forkserver import main; main(26, 29, [], **{})
2978472 2977977 Sl+        23:42 python          /home/data4t1/wangjielei/anaconda3/envs/dassl/bin/python -c from multiprocessing.forkserver import main; main(26, 29, [], **{})
2978473 2977977 Sl+        23:42 python          /home/data4t1/wangjielei/anaconda3/envs/dassl/bin/python -c from multiprocessing.forkserver import main; main(26, 29, [], **{})
2978474 2977977 Sl+        23:42 python          /home/data4t1/wangjielei/anaconda3/envs/dassl/bin/python -c from multiprocessing.forkserver import main; main(26, 29, [], **{})
2978475 2977977 Sl+        23:42 python          /home/data4t1/wangjielei/anaconda3/envs/dassl/bin/python -c from multiprocessing.forkserver import main; main(26, 29, [], **{})
2978476 2977977 Sl+        23:42 python          /home/data4t1/wangjielei/anaconda3/envs/dassl/bin/python -c from multiprocessing.forkserver import main; main(26, 29, [], **{})
2978477 2977977 Sl+        23:42 python          /home/data4t1/wangjielei/anaconda3/envs/dassl/bin/python -c from multiprocessing.forkserver import main; main(26, 29, [], **{})
2978478 2977977 Sl+        23:42 python          /home/data4t1/wangjielei/anaconda3/envs/dassl/bin/python -c from multiprocessing.forkserver import main; main(26, 29, [], **{})
2978479 2977977 Sl+        23:42 python          /home/data4t1/wangjielei/anaconda3/envs/dassl/bin/python -c from multiprocessing.forkserver import main; main(26, 29, [], **{})
2978480 2977977 Sl+        23:42 python          /home/data4t1/wangjielei/anaconda3/envs/dassl/bin/python -c from multiprocessing.forkserver import main; main(26, 29, [], **{})
2978481 2977977 Sl+        23:42 python          /home/data4t1/wangjielei/anaconda3/envs/dassl/bin/python -c from multiprocessing.forkserver import main; main(26, 29, [], **{})
2978482 2977977 Sl+        23:42 python          /home/data4t1/wangjielei/anaconda3/envs/dassl/bin/python -c from multiprocessing.forkserver import main; main(26, 29, [], **{})
2978483 2977977 Sl+        23:42 python          /home/data4t1/wangjielei/anaconda3/envs/dassl/bin/python -c from multiprocessing.forkserver import main; main(26, 29, [], **{})
2978484 2977977 Sl+        23:42 python          /home/data4t1/wangjielei/anaconda3/envs/dassl/bin/python -c from multiprocessing.forkserver import main; main(26, 29, [], **{})
2978485 2977977 Sl+        23:42 python          /home/data4t1/wangjielei/anaconda3/envs/dassl/bin/python -c from multiprocessing.forkserver import main; main(26, 29, [], **{})
2978486 2977977 Sl+        23:42 python          /home/data4t1/wangjielei/anaconda3/envs/dassl/bin/python -c from multiprocessing.forkserver import main; main(26, 29, [], **{})
2978487 2977977 Sl+        23:42 python          /home/data4t1/wangjielei/anaconda3/envs/dassl/bin/python -c from multiprocessing.forkserver import main; main(26, 29, [], **{})
2978488 2977977 Sl+        23:42 python          /home/data4t1/wangjielei/anaconda3/envs/dassl/bin/python -c from multiprocessing.forkserver import main; main(26, 29, [], **{})
2978491 2977977 Sl+        23:42 python          /home/data4t1/wangjielei/anaconda3/envs/dassl/bin/python -c from multiprocessing.forkserver import main; main(26, 29, [], **{})
2978492 2977977 Sl+        23:42 python          /home/data4t1/wangjielei/anaconda3/envs/dassl/bin/python -c from multiprocessing.forkserver import main; main(26, 29, [], **{})
2978494 2977977 Sl+        23:42 python          /home/data4t1/wangjielei/anaconda3/envs/dassl/bin/python -c from multiprocessing.forkserver import main; main(26, 29, [], **{})
2978498 2977977 Sl+        23:42 python          /home/data4t1/wangjielei/anaconda3/envs/dassl/bin/python -c from multiprocessing.forkserver import main; main(26, 29, [], **{})
2978499 2977977 Sl+        23:42 python          /home/data4t1/wangjielei/anaconda3/envs/dassl/bin/python -c from multiprocessing.forkserver import main; main(26, 29, [], **{})
2978500 2977977 Sl+        23:42 python          /home/data4t1/wangjielei/anaconda3/envs/dassl/bin/python -c from multiprocessing.forkserver import main; main(26, 29, [], **{})
2978502 2977977 Sl+        23:42 python          /home/data4t1/wangjielei/anaconda3/envs/dassl/bin/python -c from multiprocessing.forkserver import main; main(26, 29, [], **{})
2978503 2977977 Sl+        23:42 python          /home/data4t1/wangjielei/anaconda3/envs/dassl/bin/python -c from multiprocessing.forkserver import main; main(26, 29, [], **{})
2978505 2977977 Sl+        23:42 python          /home/data4t1/wangjielei/anaconda3/envs/dassl/bin/python -c from multiprocessing.forkserver import main; main(26, 29, [], **{})
2978506 2977977 Sl+        23:42 python          /home/data4t1/wangjielei/anaconda3/envs/dassl/bin/python -c from multiprocessing.forkserver import main; main(26, 29, [], **{})
2978508 2977977 Sl+        23:42 python          /home/data4t1/wangjielei/anaconda3/envs/dassl/bin/python -c from multiprocessing.forkserver import main; main(26, 29, [], **{})
2978511 2977977 Sl+        23:42 python          /home/data4t1/wangjielei/anaconda3/envs/dassl/bin/python -c from multiprocessing.forkserver import main; main(26, 29, [], **{})
2978571 2978184 Sl+        23:42 python          /home/data4t1/wangjielei/anaconda3/envs/dassl/bin/python -c from multiprocessing.forkserver import main; main(26, 29, [], **{})
2978572 2978186 Sl+        23:42 python          /home/data4t1/wangjielei/anaconda3/envs/dassl/bin/python -c from multiprocessing.forkserver import main; main(26, 29, [], **{})
2978573 2978184 Sl+        23:42 python          /home/data4t1/wangjielei/anaconda3/envs/dassl/bin/python -c from multiprocessing.forkserver import main; main(26, 29, [], **{})
2978574 2978186 Sl+        23:42 python          /home/data4t1/wangjielei/anaconda3/envs/dassl/bin/python -c from multiprocessing.forkserver import main; main(26, 29, [], **{})
2978575 2978184 Sl+        23:42 python          /home/data4t1/wangjielei/anaconda3/envs/dassl/bin/python -c from multiprocessing.forkserver import main; main(26, 29, [], **{})
2978576 2978186 Sl+        23:42 python          /home/data4t1/wangjielei/anaconda3/envs/dassl/bin/python -c from multiprocessing.forkserver import main; main(26, 29, [], **{})
2978577 2978297 Sl+        23:42 python          /home/data4t1/wangjielei/anaconda3/envs/dassl/bin/python -c from multiprocessing.forkserver import main; main(26, 29, [], **{})
2978578 2978297 Sl+        23:42 python          /home/data4t1/wangjielei/anaconda3/envs/dassl/bin/python -c from multiprocessing.forkserver import main; main(26, 29, [], **{})
2978579 2978297 Sl+        23:42 python          /home/data4t1/wangjielei/anaconda3/envs/dassl/bin/python -c from multiprocessing.forkserver import main; main(26, 29, [], **{})
2978580 2978184 Sl+        23:42 python          /home/data4t1/wangjielei/anaconda3/envs/dassl/bin/python -c from multiprocessing.forkserver import main; main(26, 29, [], **{})
2978581 2978186 Sl+        23:42 python          /home/data4t1/wangjielei/anaconda3/envs/dassl/bin/python -c from multiprocessing.forkserver import main; main(26, 29, [], **{})
2978582 2978184 Sl+        23:42 python          /home/data4t1/wangjielei/anaconda3/envs/dassl/bin/python -c from multiprocessing.forkserver import main; main(26, 29, [], **{})
2978583 2978186 Sl+        23:42 python          /home/data4t1/wangjielei/anaconda3/envs/dassl/bin/python -c from multiprocessing.forkserver import main; main(26, 29, [], **{})
2978584 2978184 Sl+        23:42 python          /home/data4t1/wangjielei/anaconda3/envs/dassl/bin/python -c from multiprocessing.forkserver import main; main(26, 29, [], **{})
2978585 2978186 Sl+        23:42 python          /home/data4t1/wangjielei/anaconda3/envs/dassl/bin/python -c from multiprocessing.forkserver import main; main(26, 29, [], **{})
2978586 2978184 Sl+        23:42 python          /home/data4t1/wangjielei/anaconda3/envs/dassl/bin/python -c from multiprocessing.forkserver import main; main(26, 29, [], **{})
2978587 2978186 Sl+        23:42 python          /home/data4t1/wangjielei/anaconda3/envs/dassl/bin/python -c from multiprocessing.forkserver import main; main(26, 29, [], **{})
2978588 2978184 Sl+        23:42 python          /home/data4t1/wangjielei/anaconda3/envs/dassl/bin/python -c from multiprocessing.forkserver import main; main(26, 29, [], **{})
2978589 2978186 Sl+        23:42 python          /home/data4t1/wangjielei/anaconda3/envs/dassl/bin/python -c from multiprocessing.forkserver import main; main(26, 29, [], **{})
2978590 2978184 Sl+        23:42 python          /home/data4t1/wangjielei/anaconda3/envs/dassl/bin/python -c from multiprocessing.forkserver import main; main(26, 29, [], **{})
2978591 2978186 Sl+        23:42 python          /home/data4t1/wangjielei/anaconda3/envs/dassl/bin/python -c from multiprocessing.forkserver import main; main(26, 29, [], **{})
2978592 2978184 Sl+        23:42 python          /home/data4t1/wangjielei/anaconda3/envs/dassl/bin/python -c from multiprocessing.forkserver import main; main(26, 29, [], **{})
2978593 2978186 Sl+        23:42 python          /home/data4t1/wangjielei/anaconda3/envs/dassl/bin/python -c from multiprocessing.forkserver import main; main(26, 29, [], **{})
2978594 2978184 Sl+        23:42 python          /home/data4t1/wangjielei/anaconda3/envs/dassl/bin/python -c from multiprocessing.forkserver import main; main(26, 29, [], **{})
2978595 2978186 Sl+        23:42 python          /home/data4t1/wangjielei/anaconda3/envs/dassl/bin/python -c from multiprocessing.forkserver import main; main(26, 29, [], **{})
2978596 2978184 Sl+        23:42 python          /home/data4t1/wangjielei/anaconda3/envs/dassl/bin/python -c from multiprocessing.forkserver import main; main(26, 29, [], **{})
2978597 2978186 Sl+        23:42 python          /home/data4t1/wangjielei/anaconda3/envs/dassl/bin/python -c from multiprocessing.forkserver import main; main(26, 29, [], **{})
2978598 2978186 Sl+        23:42 python          /home/data4t1/wangjielei/anaconda3/envs/dassl/bin/python -c from multiprocessing.forkserver import main; main(26, 29, [], **{})
2978599 2978184 Sl+        23:42 python          /home/data4t1/wangjielei/anaconda3/envs/dassl/bin/python -c from multiprocessing.forkserver import main; main(26, 29, [], **{})
2978600 2978184 Sl+        23:42 python          /home/data4t1/wangjielei/anaconda3/envs/dassl/bin/python -c from multiprocessing.forkserver import main; main(26, 29, [], **{})
2978601 2978186 Sl+        23:42 python          /home/data4t1/wangjielei/anaconda3/envs/dassl/bin/python -c from multiprocessing.forkserver import main; main(26, 29, [], **{})
2978602 2978184 Sl+        23:42 python          /home/data4t1/wangjielei/anaconda3/envs/dassl/bin/python -c from multiprocessing.forkserver import main; main(26, 29, [], **{})
2978603 2978186 Sl+        23:42 python          /home/data4t1/wangjielei/anaconda3/envs/dassl/bin/python -c from multiprocessing.forkserver import main; main(26, 29, [], **{})
2978604 2978184 Sl+        23:42 python          /home/data4t1/wangjielei/anaconda3/envs/dassl/bin/python -c from multiprocessing.forkserver import main; main(26, 29, [], **{})
2978605 2978186 Sl+        23:42 python          /home/data4t1/wangjielei/anaconda3/envs/dassl/bin/python -c from multiprocessing.forkserver import main; main(26, 29, [], **{})
2978606 2978184 Sl+        23:42 python          /home/data4t1/wangjielei/anaconda3/envs/dassl/bin/python -c from multiprocessing.forkserver import main; main(26, 29, [], **{})
2978607 2978186 Sl+        23:42 python          /home/data4t1/wangjielei/anaconda3/envs/dassl/bin/python -c from multiprocessing.forkserver import main; main(26, 29, [], **{})
2978608 2978184 Sl+        23:42 python          /home/data4t1/wangjielei/anaconda3/envs/dassl/bin/python -c from multiprocessing.forkserver import main; main(26, 29, [], **{})
2978609 2978186 Sl+        23:42 python          /home/data4t1/wangjielei/anaconda3/envs/dassl/bin/python -c from multiprocessing.forkserver import main; main(26, 29, [], **{})
2978610 2978184 Sl+        23:42 python          /home/data4t1/wangjielei/anaconda3/envs/dassl/bin/python -c from multiprocessing.forkserver import main; main(26, 29, [], **{})
2978611 2978186 Sl+        23:42 python          /home/data4t1/wangjielei/anaconda3/envs/dassl/bin/python -c from multiprocessing.forkserver import main; main(26, 29, [], **{})
2978612 2978184 Sl+        23:42 python          /home/data4t1/wangjielei/anaconda3/envs/dassl/bin/python -c from multiprocessing.forkserver import main; main(26, 29, [], **{})
2978613 2978186 Sl+        23:42 python          /home/data4t1/wangjielei/anaconda3/envs/dassl/bin/python -c from multiprocessing.forkserver import main; main(26, 29, [], **{})
2978614 2978184 Sl+        23:42 python          /home/data4t1/wangjielei/anaconda3/envs/dassl/bin/python -c from multiprocessing.forkserver import main; main(26, 29, [], **{})
2978615 2978186 Sl+        23:42 python          /home/data4t1/wangjielei/anaconda3/envs/dassl/bin/python -c from multiprocessing.forkserver import main; main(26, 29, [], **{})
2978616 2978186 Sl+        23:42 python          /home/data4t1/wangjielei/anaconda3/envs/dassl/bin/python -c from multiprocessing.forkserver import main; main(26, 29, [], **{})
2978617 2978184 Sl+        23:42 python          /home/data4t1/wangjielei/anaconda3/envs/dassl/bin/python -c from multiprocessing.forkserver import main; main(26, 29, [], **{})
2978618 2978186 Sl+        23:42 python          /home/data4t1/wangjielei/anaconda3/envs/dassl/bin/python -c from multiprocessing.forkserver import main; main(26, 29, [], **{})
2978619 2978184 Sl+        23:42 python          /home/data4t1/wangjielei/anaconda3/envs/dassl/bin/python -c from multiprocessing.forkserver import main; main(26, 29, [], **{})
2978620 2978186 Sl+        23:42 python          /home/data4t1/wangjielei/anaconda3/envs/dassl/bin/python -c from multiprocessing.forkserver import main; main(26, 29, [], **{})
2978621 2978184 Sl+        23:42 python          /home/data4t1/wangjielei/anaconda3/envs/dassl/bin/python -c from multiprocessing.forkserver import main; main(26, 29, [], **{})
2978622 2978186 Sl+        23:42 python          /home/data4t1/wangjielei/anaconda3/envs/dassl/bin/python -c from multiprocessing.forkserver import main; main(26, 29, [], **{})
2978623 2978184 Sl+        23:42 python          /home/data4t1/wangjielei/anaconda3/envs/dassl/bin/python -c from multiprocessing.forkserver import main; main(26, 29, [], **{})
2978624 2978186 Sl+        23:42 python          /home/data4t1/wangjielei/anaconda3/envs/dassl/bin/python -c from multiprocessing.forkserver import main; main(26, 29, [], **{})
2978625 2978184 Sl+        23:42 python          /home/data4t1/wangjielei/anaconda3/envs/dassl/bin/python -c from multiprocessing.forkserver import main; main(26, 29, [], **{})
2978626 2978186 Sl+        23:42 python          /home/data4t1/wangjielei/anaconda3/envs/dassl/bin/python -c from multiprocessing.forkserver import main; main(26, 29, [], **{})
2978627 2978184 Sl+        23:42 python          /home/data4t1/wangjielei/anaconda3/envs/dassl/bin/python -c from multiprocessing.forkserver import main; main(26, 29, [], **{})
2978628 2978186 Sl+        23:42 python          /home/data4t1/wangjielei/anaconda3/envs/dassl/bin/python -c from multiprocessing.forkserver import main; main(26, 29, [], **{})
2978629 2978184 Sl+        23:42 python          /home/data4t1/wangjielei/anaconda3/envs/dassl/bin/python -c from multiprocessing.forkserver import main; main(26, 29, [], **{})
2978630 2978186 Sl+        23:42 python          /home/data4t1/wangjielei/anaconda3/envs/dassl/bin/python -c from multiprocessing.forkserver import main; main(26, 29, [], **{})
2978631 2978297 Sl+        23:42 python          /home/data4t1/wangjielei/anaconda3/envs/dassl/bin/python -c from multiprocessing.forkserver import main; main(26, 29, [], **{})
2978632 2978184 Sl+        23:42 python          /home/data4t1/wangjielei/anaconda3/envs/dassl/bin/python -c from multiprocessing.forkserver import main; main(26, 29, [], **{})
2978633 2978297 Sl+        23:42 python          /home/data4t1/wangjielei/anaconda3/envs/dassl/bin/python -c from multiprocessing.forkserver import main; main(26, 29, [], **{})
2978634 2978186 Sl+        23:42 python          /home/data4t1/wangjielei/anaconda3/envs/dassl/bin/python -c from multiprocessing.forkserver import main; main(26, 29, [], **{})
2978635 2978297 Sl+        23:42 python          /home/data4t1/wangjielei/anaconda3/envs/dassl/bin/python -c from multiprocessing.forkserver import main; main(26, 29, [], **{})
2978636 2978297 Sl+        23:42 python          /home/data4t1/wangjielei/anaconda3/envs/dassl/bin/python -c from multiprocessing.forkserver import main; main(26, 29, [], **{})
2978637 2978186 Sl+        23:42 python          /home/data4t1/wangjielei/anaconda3/envs/dassl/bin/python -c from multiprocessing.forkserver import main; main(26, 29, [], **{})
2978638 2978184 Sl+        23:42 python          /home/data4t1/wangjielei/anaconda3/envs/dassl/bin/python -c from multiprocessing.forkserver import main; main(26, 29, [], **{})
2978639 2978297 Sl+        23:42 python          /home/data4t1/wangjielei/anaconda3/envs/dassl/bin/python -c from multiprocessing.forkserver import main; main(26, 29, [], **{})
2978640 2978297 Sl+        23:42 python          /home/data4t1/wangjielei/anaconda3/envs/dassl/bin/python -c from multiprocessing.forkserver import main; main(26, 29, [], **{})
2978641 2978186 Sl+        23:42 python          /home/data4t1/wangjielei/anaconda3/envs/dassl/bin/python -c from multiprocessing.forkserver import main; main(26, 29, [], **{})
2978642 2978297 Sl+        23:42 python          /home/data4t1/wangjielei/anaconda3/envs/dassl/bin/python -c from multiprocessing.forkserver import main; main(26, 29, [], **{})
2978643 2978184 Sl+        23:42 python          /home/data4t1/wangjielei/anaconda3/envs/dassl/bin/python -c from multiprocessing.forkserver import main; main(26, 29, [], **{})
2978644 2978184 Sl+        23:42 python          /home/data4t1/wangjielei/anaconda3/envs/dassl/bin/python -c from multiprocessing.forkserver import main; main(26, 29, [], **{})
2978645 2978297 Sl+        23:42 python          /home/data4t1/wangjielei/anaconda3/envs/dassl/bin/python -c from multiprocessing.forkserver import main; main(26, 29, [], **{})
2978646 2978297 Sl+        23:42 python          /home/data4t1/wangjielei/anaconda3/envs/dassl/bin/python -c from multiprocessing.forkserver import main; main(26, 29, [], **{})
2978647 2978297 Sl+        23:42 python          /home/data4t1/wangjielei/anaconda3/envs/dassl/bin/python -c from multiprocessing.forkserver import main; main(26, 29, [], **{})
2978648 2978297 Sl+        23:42 python          /home/data4t1/wangjielei/anaconda3/envs/dassl/bin/python -c from multiprocessing.forkserver import main; main(26, 29, [], **{})
2978650 2978297 Sl+        23:42 python          /home/data4t1/wangjielei/anaconda3/envs/dassl/bin/python -c from multiprocessing.forkserver import main; main(26, 29, [], **{})
2978652 2978297 Sl+        23:42 python          /home/data4t1/wangjielei/anaconda3/envs/dassl/bin/python -c from multiprocessing.forkserver import main; main(26, 29, [], **{})
2978654 2978297 Sl+        23:42 python          /home/data4t1/wangjielei/anaconda3/envs/dassl/bin/python -c from multiprocessing.forkserver import main; main(26, 29, [], **{})
2978655 2978297 Sl+        23:42 python          /home/data4t1/wangjielei/anaconda3/envs/dassl/bin/python -c from multiprocessing.forkserver import main; main(26, 29, [], **{})
2978656 2978297 Sl+        23:42 python          /home/data4t1/wangjielei/anaconda3/envs/dassl/bin/python -c from multiprocessing.forkserver import main; main(26, 29, [], **{})
2978657 2978297 Sl+        23:42 python          /home/data4t1/wangjielei/anaconda3/envs/dassl/bin/python -c from multiprocessing.forkserver import main; main(26, 29, [], **{})
2978658 2978297 Sl+        23:42 python          /home/data4t1/wangjielei/anaconda3/envs/dassl/bin/python -c from multiprocessing.forkserver import main; main(26, 29, [], **{})
2978659 2978297 Sl+        23:42 python          /home/data4t1/wangjielei/anaconda3/envs/dassl/bin/python -c from multiprocessing.forkserver import main; main(26, 29, [], **{})
2978660 2978297 Sl+        23:42 python          /home/data4t1/wangjielei/anaconda3/envs/dassl/bin/python -c from multiprocessing.forkserver import main; main(26, 29, [], **{})
2978661 2978297 Sl+        23:42 python          /home/data4t1/wangjielei/anaconda3/envs/dassl/bin/python -c from multiprocessing.forkserver import main; main(26, 29, [], **{})
2978662 2978297 Sl+        23:42 python          /home/data4t1/wangjielei/anaconda3/envs/dassl/bin/python -c from multiprocessing.forkserver import main; main(26, 29, [], **{})
2978663 2978297 Sl+        23:42 python          /home/data4t1/wangjielei/anaconda3/envs/dassl/bin/python -c from multiprocessing.forkserver import main; main(26, 29, [], **{})
2978664 2978297 Sl+        23:42 python          /home/data4t1/wangjielei/anaconda3/envs/dassl/bin/python -c from multiprocessing.forkserver import main; main(26, 29, [], **{})
2978665 2978297 Sl+        23:42 python          /home/data4t1/wangjielei/anaconda3/envs/dassl/bin/python -c from multiprocessing.forkserver import main; main(26, 29, [], **{})
2978666 2978297 Sl+        23:41 python          /home/data4t1/wangjielei/anaconda3/envs/dassl/bin/python -c from multiprocessing.forkserver import main; main(26, 29, [], **{})
2978667 2978297 Sl+        23:41 python          /home/data4t1/wangjielei/anaconda3/envs/dassl/bin/python -c from multiprocessing.forkserver import main; main(26, 29, [], **{})
2978668 2978297 Sl+        23:41 python          /home/data4t1/wangjielei/anaconda3/envs/dassl/bin/python -c from multiprocessing.forkserver import main; main(26, 29, [], **{})
2978669 2978297 Sl+        23:41 python          /home/data4t1/wangjielei/anaconda3/envs/dassl/bin/python -c from multiprocessing.forkserver import main; main(26, 29, [], **{})
2991304 2429127 Sl+  16-08:51:46 python          /home/data4t2/hxwDir/hxw_moved/conda_envs/opd/bin/python -m tools.visual_opd.llm_eval_browser.server --data-root /home/data4t2/hxwDir/hxw_moved/verl-npu-opd/dataset/llm_eval --host 0.0.0.0 --port 8767
2992910 2577231 Sl+  24-20:28:48 vllm            /home/data4t1/zhangkaijie/conda/envs/qwen38_a2/bin/python3.12 /home/data4t1/zhangkaijie/conda/envs/qwen38_a2/bin/vllm serve /home/data4t2/models/Qwen3.8-27B-w8a8 --host 0.0.0.0 --port 9000 --tensor-parallel-size 1 --max-model-len 200000 --max-num-seqs 8 --max-num-batched-tokens 16384 --enable-prefix-caching --trust-remote-code --speculative-config {"method":"mtp","num_speculative_tokens":4} --enable-auto-tool-choice --tool-call-parser qwen3_coder --gpu-memory-utilization 0.85
2999854 2992910 S+   24-20:28:02 python3.12      /home/data4t1/zhangkaijie/conda/envs/qwen38_a2/bin/python3.12 -c from multiprocessing.resource_tracker import main;main(39)
3008420 2999855 Sl+  24-20:27:02 python3.12      /home/data4t1/zhangkaijie/conda/envs/qwen38_a2/bin/python3.12 -c from multiprocessing.spawn import spawn_main; spawn_main(tracker_fd=40, pipe_handle=84) --multiprocessing-fork
3009726 2999855 S+   24-20:26:53 python3.12      /home/data4t1/zhangkaijie/conda/envs/qwen38_a2/bin/python3.12 -c from multiprocessing.forkserver import main; main(81, 83, [], **{})
3009729 3009726 S+   24-20:26:53 python3.12      /home/data4t1/zhangkaijie/conda/envs/qwen38_a2/bin/python3.12 -c from multiprocessing.forkserver import main; main(81, 83, [], **{})
3009731 3009726 S+   24-20:26:53 python3.12      /home/data4t1/zhangkaijie/conda/envs/qwen38_a2/bin/python3.12 -c from multiprocessing.forkserver import main; main(81, 83, [], **{})
3009733 3009726 S+   24-20:26:53 python3.12      /home/data4t1/zhangkaijie/conda/envs/qwen38_a2/bin/python3.12 -c from multiprocessing.forkserver import main; main(81, 83, [], **{})
3009734 3009726 S+   24-20:26:53 python3.12      /home/data4t1/zhangkaijie/conda/envs/qwen38_a2/bin/python3.12 -c from multiprocessing.forkserver import main; main(81, 83, [], **{})
3009736 3009726 S+   24-20:26:53 python3.12      /home/data4t1/zhangkaijie/conda/envs/qwen38_a2/bin/python3.12 -c from multiprocessing.forkserver import main; main(81, 83, [], **{})
3009739 3009726 S+   24-20:26:53 python3.12      /home/data4t1/zhangkaijie/conda/envs/qwen38_a2/bin/python3.12 -c from multiprocessing.forkserver import main; main(81, 83, [], **{})
3009740 3009726 S+   24-20:26:53 python3.12      /home/data4t1/zhangkaijie/conda/envs/qwen38_a2/bin/python3.12 -c from multiprocessing.forkserver import main; main(81, 83, [], **{})
3009741 3009726 S+   24-20:26:53 python3.12      /home/data4t1/zhangkaijie/conda/envs/qwen38_a2/bin/python3.12 -c from multiprocessing.forkserver import main; main(81, 83, [], **{})
3009742 3009726 S+   24-20:26:53 python3.12      /home/data4t1/zhangkaijie/conda/envs/qwen38_a2/bin/python3.12 -c from multiprocessing.forkserver import main; main(81, 83, [], **{})
3009773 3009726 S+   24-20:26:52 python3.12      /home/data4t1/zhangkaijie/conda/envs/qwen38_a2/bin/python3.12 -c from multiprocessing.forkserver import main; main(81, 83, [], **{})
3009774 3009726 S+   24-20:26:52 python3.12      /home/data4t1/zhangkaijie/conda/envs/qwen38_a2/bin/python3.12 -c from multiprocessing.forkserver import main; main(81, 83, [], **{})
3009775 3009726 S+   24-20:26:52 python3.12      /home/data4t1/zhangkaijie/conda/envs/qwen38_a2/bin/python3.12 -c from multiprocessing.forkserver import main; main(81, 83, [], **{})
3009776 3009726 S+   24-20:26:52 python3.12      /home/data4t1/zhangkaijie/conda/envs/qwen38_a2/bin/python3.12 -c from multiprocessing.forkserver import main; main(81, 83, [], **{})
3009777 3009726 S+   24-20:26:52 python3.12      /home/data4t1/zhangkaijie/conda/envs/qwen38_a2/bin/python3.12 -c from multiprocessing.forkserver import main; main(81, 83, [], **{})
3009778 3009726 S+   24-20:26:52 python3.12      /home/data4t1/zhangkaijie/conda/envs/qwen38_a2/bin/python3.12 -c from multiprocessing.forkserver import main; main(81, 83, [], **{})
3009779 3009726 S+   24-20:26:52 python3.12      /home/data4t1/zhangkaijie/conda/envs/qwen38_a2/bin/python3.12 -c from multiprocessing.forkserver import main; main(81, 83, [], **{})
3009780 3009726 S+   24-20:26:52 python3.12      /home/data4t1/zhangkaijie/conda/envs/qwen38_a2/bin/python3.12 -c from multiprocessing.forkserver import main; main(81, 83, [], **{})
3023416 3150467 Sl+        19:28 pt_data_worker  /home/data4t1/wangjielei/anaconda3/envs/dassl/bin/python train.py --root /home/data4t2/czhDir/data --seed 1 --trainer CoOpThreeStageCSCTinyViT --dataset-config-file configs/datasets/cifar100_lt_if0.1.yaml --config-file configs/trainers/CoOp/vit_b16_ep130_three_stage_csc_tiny_vit.yaml --output-dir /home/data4t2/czhDir/PromptKD/output/long_tail_three_stage_csc_tiny_vit/5m_1k/cifar100/longtail_if0.1_ltseed0/seed1_npu1 DATASET.NUM_SHOTS -1 DATASET.CIFAR100_LT.IMB_FACTOR 0.1 DATASET.CIFAR100_LT.SEED 0 DATALOADER.TRAIN_X.SAMPLER RandomSampler DATALOADER.TEST.BATCH_SIZE 32 OPTIM.MAX_EPOCH 130 TRAINER.COOP_THREE_STAGE_CSC.CSC_START_EPOCH 55 TRAINER.COOP_THREE_STAGE_CSC.PHASE2_LR 0.001 TRAINER.COOP_THREE_STAGE_CSC.PHASE3_LR 0.01 TRAINER.COOP_THREE_STAGE_CSC.BETA 0.9999 TRAINER.COOP_THREE_STAGE_VIT.VARIANT 5m TRAINER.COOP_THREE_STAGE_VIT.PRETRAINED_TYPE 1k TRAINER.COOP_THREE_STAGE_VIT.STUDENT_LR 0.00005
3023455 3150467 Sl+        19:28 pt_data_worker  /home/data4t1/wangjielei/anaconda3/envs/dassl/bin/python train.py --root /home/data4t2/czhDir/data --seed 1 --trainer CoOpThreeStageCSCTinyViT --dataset-config-file configs/datasets/cifar100_lt_if0.1.yaml --config-file configs/trainers/CoOp/vit_b16_ep130_three_stage_csc_tiny_vit.yaml --output-dir /home/data4t2/czhDir/PromptKD/output/long_tail_three_stage_csc_tiny_vit/5m_1k/cifar100/longtail_if0.1_ltseed0/seed1_npu1 DATASET.NUM_SHOTS -1 DATASET.CIFAR100_LT.IMB_FACTOR 0.1 DATASET.CIFAR100_LT.SEED 0 DATALOADER.TRAIN_X.SAMPLER RandomSampler DATALOADER.TEST.BATCH_SIZE 32 OPTIM.MAX_EPOCH 130 TRAINER.COOP_THREE_STAGE_CSC.CSC_START_EPOCH 55 TRAINER.COOP_THREE_STAGE_CSC.PHASE2_LR 0.001 TRAINER.COOP_THREE_STAGE_CSC.PHASE3_LR 0.01 TRAINER.COOP_THREE_STAGE_CSC.BETA 0.9999 TRAINER.COOP_THREE_STAGE_VIT.VARIANT 5m TRAINER.COOP_THREE_STAGE_VIT.PRETRAINED_TYPE 1k TRAINER.COOP_THREE_STAGE_VIT.STUDENT_LR 0.00005
3023503 3150467 Rl+        19:28 pt_data_worker  /home/data4t1/wangjielei/anaconda3/envs/dassl/bin/python train.py --root /home/data4t2/czhDir/data --seed 1 --trainer CoOpThreeStageCSCTinyViT --dataset-config-file configs/datasets/cifar100_lt_if0.1.yaml --config-file configs/trainers/CoOp/vit_b16_ep130_three_stage_csc_tiny_vit.yaml --output-dir /home/data4t2/czhDir/PromptKD/output/long_tail_three_stage_csc_tiny_vit/5m_1k/cifar100/longtail_if0.1_ltseed0/seed1_npu1 DATASET.NUM_SHOTS -1 DATASET.CIFAR100_LT.IMB_FACTOR 0.1 DATASET.CIFAR100_LT.SEED 0 DATALOADER.TRAIN_X.SAMPLER RandomSampler DATALOADER.TEST.BATCH_SIZE 32 OPTIM.MAX_EPOCH 130 TRAINER.COOP_THREE_STAGE_CSC.CSC_START_EPOCH 55 TRAINER.COOP_THREE_STAGE_CSC.PHASE2_LR 0.001 TRAINER.COOP_THREE_STAGE_CSC.PHASE3_LR 0.01 TRAINER.COOP_THREE_STAGE_CSC.BETA 0.9999 TRAINER.COOP_THREE_STAGE_VIT.VARIANT 5m TRAINER.COOP_THREE_STAGE_VIT.PRETRAINED_TYPE 1k TRAINER.COOP_THREE_STAGE_VIT.STUDENT_LR 0.00005
3023525 3150467 Sl+        19:28 pt_data_worker  /home/data4t1/wangjielei/anaconda3/envs/dassl/bin/python train.py --root /home/data4t2/czhDir/data --seed 1 --trainer CoOpThreeStageCSCTinyViT --dataset-config-file configs/datasets/cifar100_lt_if0.1.yaml --config-file configs/trainers/CoOp/vit_b16_ep130_three_stage_csc_tiny_vit.yaml --output-dir /home/data4t2/czhDir/PromptKD/output/long_tail_three_stage_csc_tiny_vit/5m_1k/cifar100/longtail_if0.1_ltseed0/seed1_npu1 DATASET.NUM_SHOTS -1 DATASET.CIFAR100_LT.IMB_FACTOR 0.1 DATASET.CIFAR100_LT.SEED 0 DATALOADER.TRAIN_X.SAMPLER RandomSampler DATALOADER.TEST.BATCH_SIZE 32 OPTIM.MAX_EPOCH 130 TRAINER.COOP_THREE_STAGE_CSC.CSC_START_EPOCH 55 TRAINER.COOP_THREE_STAGE_CSC.PHASE2_LR 0.001 TRAINER.COOP_THREE_STAGE_CSC.PHASE3_LR 0.01 TRAINER.COOP_THREE_STAGE_CSC.BETA 0.9999 TRAINER.COOP_THREE_STAGE_VIT.VARIANT 5m TRAINER.COOP_THREE_STAGE_VIT.PRETRAINED_TYPE 1k TRAINER.COOP_THREE_STAGE_VIT.STUDENT_LR 0.00005
3023550 3150467 Sl+        19:28 pt_data_worker  /home/data4t1/wangjielei/anaconda3/envs/dassl/bin/python train.py --root /home/data4t2/czhDir/data --seed 1 --trainer CoOpThreeStageCSCTinyViT --dataset-config-file configs/datasets/cifar100_lt_if0.1.yaml --config-file configs/trainers/CoOp/vit_b16_ep130_three_stage_csc_tiny_vit.yaml --output-dir /home/data4t2/czhDir/PromptKD/output/long_tail_three_stage_csc_tiny_vit/5m_1k/cifar100/longtail_if0.1_ltseed0/seed1_npu1 DATASET.NUM_SHOTS -1 DATASET.CIFAR100_LT.IMB_FACTOR 0.1 DATASET.CIFAR100_LT.SEED 0 DATALOADER.TRAIN_X.SAMPLER RandomSampler DATALOADER.TEST.BATCH_SIZE 32 OPTIM.MAX_EPOCH 130 TRAINER.COOP_THREE_STAGE_CSC.CSC_START_EPOCH 55 TRAINER.COOP_THREE_STAGE_CSC.PHASE2_LR 0.001 TRAINER.COOP_THREE_STAGE_CSC.PHASE3_LR 0.01 TRAINER.COOP_THREE_STAGE_CSC.BETA 0.9999 TRAINER.COOP_THREE_STAGE_VIT.VARIANT 5m TRAINER.COOP_THREE_STAGE_VIT.PRETRAINED_TYPE 1k TRAINER.COOP_THREE_STAGE_VIT.STUDENT_LR 0.00005
3023594 3150467 Sl+        19:28 pt_data_worker  /home/data4t1/wangjielei/anaconda3/envs/dassl/bin/python train.py --root /home/data4t2/czhDir/data --seed 1 --trainer CoOpThreeStageCSCTinyViT --dataset-config-file configs/datasets/cifar100_lt_if0.1.yaml --config-file configs/trainers/CoOp/vit_b16_ep130_three_stage_csc_tiny_vit.yaml --output-dir /home/data4t2/czhDir/PromptKD/output/long_tail_three_stage_csc_tiny_vit/5m_1k/cifar100/longtail_if0.1_ltseed0/seed1_npu1 DATASET.NUM_SHOTS -1 DATASET.CIFAR100_LT.IMB_FACTOR 0.1 DATASET.CIFAR100_LT.SEED 0 DATALOADER.TRAIN_X.SAMPLER RandomSampler DATALOADER.TEST.BATCH_SIZE 32 OPTIM.MAX_EPOCH 130 TRAINER.COOP_THREE_STAGE_CSC.CSC_START_EPOCH 55 TRAINER.COOP_THREE_STAGE_CSC.PHASE2_LR 0.001 TRAINER.COOP_THREE_STAGE_CSC.PHASE3_LR 0.01 TRAINER.COOP_THREE_STAGE_CSC.BETA 0.9999 TRAINER.COOP_THREE_STAGE_VIT.VARIANT 5m TRAINER.COOP_THREE_STAGE_VIT.PRETRAINED_TYPE 1k TRAINER.COOP_THREE_STAGE_VIT.STUDENT_LR 0.00005
3023679 3150467 Sl+        19:27 pt_data_worker  /home/data4t1/wangjielei/anaconda3/envs/dassl/bin/python train.py --root /home/data4t2/czhDir/data --seed 1 --trainer CoOpThreeStageCSCTinyViT --dataset-config-file configs/datasets/cifar100_lt_if0.1.yaml --config-file configs/trainers/CoOp/vit_b16_ep130_three_stage_csc_tiny_vit.yaml --output-dir /home/data4t2/czhDir/PromptKD/output/long_tail_three_stage_csc_tiny_vit/5m_1k/cifar100/longtail_if0.1_ltseed0/seed1_npu1 DATASET.NUM_SHOTS -1 DATASET.CIFAR100_LT.IMB_FACTOR 0.1 DATASET.CIFAR100_LT.SEED 0 DATALOADER.TRAIN_X.SAMPLER RandomSampler DATALOADER.TEST.BATCH_SIZE 32 OPTIM.MAX_EPOCH 130 TRAINER.COOP_THREE_STAGE_CSC.CSC_START_EPOCH 55 TRAINER.COOP_THREE_STAGE_CSC.PHASE2_LR 0.001 TRAINER.COOP_THREE_STAGE_CSC.PHASE3_LR 0.01 TRAINER.COOP_THREE_STAGE_CSC.BETA 0.9999 TRAINER.COOP_THREE_STAGE_VIT.VARIANT 5m TRAINER.COOP_THREE_STAGE_VIT.PRETRAINED_TYPE 1k TRAINER.COOP_THREE_STAGE_VIT.STUDENT_LR 0.00005
3023733 3150467 Sl+        19:27 pt_data_worker  /home/data4t1/wangjielei/anaconda3/envs/dassl/bin/python train.py --root /home/data4t2/czhDir/data --seed 1 --trainer CoOpThreeStageCSCTinyViT --dataset-config-file configs/datasets/cifar100_lt_if0.1.yaml --config-file configs/trainers/CoOp/vit_b16_ep130_three_stage_csc_tiny_vit.yaml --output-dir /home/data4t2/czhDir/PromptKD/output/long_tail_three_stage_csc_tiny_vit/5m_1k/cifar100/longtail_if0.1_ltseed0/seed1_npu1 DATASET.NUM_SHOTS -1 DATASET.CIFAR100_LT.IMB_FACTOR 0.1 DATASET.CIFAR100_LT.SEED 0 DATALOADER.TRAIN_X.SAMPLER RandomSampler DATALOADER.TEST.BATCH_SIZE 32 OPTIM.MAX_EPOCH 130 TRAINER.COOP_THREE_STAGE_CSC.CSC_START_EPOCH 55 TRAINER.COOP_THREE_STAGE_CSC.PHASE2_LR 0.001 TRAINER.COOP_THREE_STAGE_CSC.PHASE3_LR 0.01 TRAINER.COOP_THREE_STAGE_CSC.BETA 0.9999 TRAINER.COOP_THREE_STAGE_VIT.VARIANT 5m TRAINER.COOP_THREE_STAGE_VIT.PRETRAINED_TYPE 1k TRAINER.COOP_THREE_STAGE_VIT.STUDENT_LR 0.00005
3150467 3150455 Rl+     19:55:39 python          /home/data4t1/wangjielei/anaconda3/envs/dassl/bin/python train.py --root /home/data4t2/czhDir/data --seed 1 --trainer CoOpThreeStageCSCTinyViT --dataset-config-file configs/datasets/cifar100_lt_if0.1.yaml --config-file configs/trainers/CoOp/vit_b16_ep130_three_stage_csc_tiny_vit.yaml --output-dir /home/data4t2/czhDir/PromptKD/output/long_tail_three_stage_csc_tiny_vit/5m_1k/cifar100/longtail_if0.1_ltseed0/seed1_npu1 DATASET.NUM_SHOTS -1 DATASET.CIFAR100_LT.IMB_FACTOR 0.1 DATASET.CIFAR100_LT.SEED 0 DATALOADER.TRAIN_X.SAMPLER RandomSampler DATALOADER.TEST.BATCH_SIZE 32 OPTIM.MAX_EPOCH 130 TRAINER.COOP_THREE_STAGE_CSC.CSC_START_EPOCH 55 TRAINER.COOP_THREE_STAGE_CSC.PHASE2_LR 0.001 TRAINER.COOP_THREE_STAGE_CSC.PHASE3_LR 0.01 TRAINER.COOP_THREE_STAGE_CSC.BETA 0.9999 TRAINER.COOP_THREE_STAGE_VIT.VARIANT 5m TRAINER.COOP_THREE_STAGE_VIT.PRETRAINED_TYPE 1k TRAINER.COOP_THREE_STAGE_VIT.STUDENT_LR 0.00005
3156348 3150467 Sl+     19:55:06 python          /home/data4t1/wangjielei/anaconda3/envs/dassl/bin/python train.py --root /home/data4t2/czhDir/data --seed 1 --trainer CoOpThreeStageCSCTinyViT --dataset-config-file configs/datasets/cifar100_lt_if0.1.yaml --config-file configs/trainers/CoOp/vit_b16_ep130_three_stage_csc_tiny_vit.yaml --output-dir /home/data4t2/czhDir/PromptKD/output/long_tail_three_stage_csc_tiny_vit/5m_1k/cifar100/longtail_if0.1_ltseed0/seed1_npu1 DATASET.NUM_SHOTS -1 DATASET.CIFAR100_LT.IMB_FACTOR 0.1 DATASET.CIFAR100_LT.SEED 0 DATALOADER.TRAIN_X.SAMPLER RandomSampler DATALOADER.TEST.BATCH_SIZE 32 OPTIM.MAX_EPOCH 130 TRAINER.COOP_THREE_STAGE_CSC.CSC_START_EPOCH 55 TRAINER.COOP_THREE_STAGE_CSC.PHASE2_LR 0.001 TRAINER.COOP_THREE_STAGE_CSC.PHASE3_LR 0.01 TRAINER.COOP_THREE_STAGE_CSC.BETA 0.9999 TRAINER.COOP_THREE_STAGE_VIT.VARIANT 5m TRAINER.COOP_THREE_STAGE_VIT.PRETRAINED_TYPE 1k TRAINER.COOP_THREE_STAGE_VIT.STUDENT_LR 0.00005
3156404 3150467 S+      19:55:05 python          /home/data4t1/wangjielei/anaconda3/envs/dassl/bin/python -c from multiprocessing.resource_tracker import main;main(27)
3156405 3150467 S+      19:55:05 python          /home/data4t1/wangjielei/anaconda3/envs/dassl/bin/python -c from multiprocessing.forkserver import main; main(27, 30, [], **{})
3156412 3156405 Sl+     19:55:05 python          /home/data4t1/wangjielei/anaconda3/envs/dassl/bin/python -c from multiprocessing.forkserver import main; main(27, 30, [], **{})
3156413 3156405 Sl+     19:55:05 python          /home/data4t1/wangjielei/anaconda3/envs/dassl/bin/python -c from multiprocessing.forkserver import main; main(27, 30, [], **{})
3156414 3156405 Sl+     19:55:05 python          /home/data4t1/wangjielei/anaconda3/envs/dassl/bin/python -c from multiprocessing.forkserver import main; main(27, 30, [], **{})
3156415 3156405 Sl+     19:55:05 python          /home/data4t1/wangjielei/anaconda3/envs/dassl/bin/python -c from multiprocessing.forkserver import main; main(27, 30, [], **{})
3156416 3156405 Sl+     19:55:05 python          /home/data4t1/wangjielei/anaconda3/envs/dassl/bin/python -c from multiprocessing.forkserver import main; main(27, 30, [], **{})
3156417 3156405 Sl+     19:55:05 python          /home/data4t1/wangjielei/anaconda3/envs/dassl/bin/python -c from multiprocessing.forkserver import main; main(27, 30, [], **{})
3156418 3156405 Sl+     19:55:05 python          /home/data4t1/wangjielei/anaconda3/envs/dassl/bin/python -c from multiprocessing.forkserver import main; main(27, 30, [], **{})
3156419 3156405 Sl+     19:55:05 python          /home/data4t1/wangjielei/anaconda3/envs/dassl/bin/python -c from multiprocessing.forkserver import main; main(27, 30, [], **{})
3156420 3156405 Sl+     19:55:05 python          /home/data4t1/wangjielei/anaconda3/envs/dassl/bin/python -c from multiprocessing.forkserver import main; main(27, 30, [], **{})
3156962 3156405 Sl+     19:55:04 python          /home/data4t1/wangjielei/anaconda3/envs/dassl/bin/python -c from multiprocessing.forkserver import main; main(27, 30, [], **{})
3156963 3156405 Sl+     19:55:04 python          /home/data4t1/wangjielei/anaconda3/envs/dassl/bin/python -c from multiprocessing.forkserver import main; main(27, 30, [], **{})
3156964 3156405 Sl+     19:55:04 python          /home/data4t1/wangjielei/anaconda3/envs/dassl/bin/python -c from multiprocessing.forkserver import main; main(27, 30, [], **{})
3156965 3156405 Sl+     19:55:04 python          /home/data4t1/wangjielei/anaconda3/envs/dassl/bin/python -c from multiprocessing.forkserver import main; main(27, 30, [], **{})
3156966 3156405 Sl+     19:55:04 python          /home/data4t1/wangjielei/anaconda3/envs/dassl/bin/python -c from multiprocessing.forkserver import main; main(27, 30, [], **{})
3156967 3156405 Sl+     19:55:04 python          /home/data4t1/wangjielei/anaconda3/envs/dassl/bin/python -c from multiprocessing.forkserver import main; main(27, 30, [], **{})
3156968 3156405 Sl+     19:55:04 python          /home/data4t1/wangjielei/anaconda3/envs/dassl/bin/python -c from multiprocessing.forkserver import main; main(27, 30, [], **{})
3156969 3156405 Sl+     19:55:04 python          /home/data4t1/wangjielei/anaconda3/envs/dassl/bin/python -c from multiprocessing.forkserver import main; main(27, 30, [], **{})
3156970 3156405 Sl+     19:55:04 python          /home/data4t1/wangjielei/anaconda3/envs/dassl/bin/python -c from multiprocessing.forkserver import main; main(27, 30, [], **{})
3156971 3156405 Sl+     19:55:04 python          /home/data4t1/wangjielei/anaconda3/envs/dassl/bin/python -c from multiprocessing.forkserver import main; main(27, 30, [], **{})
3156972 3156405 Sl+     19:55:04 python          /home/data4t1/wangjielei/anaconda3/envs/dassl/bin/python -c from multiprocessing.forkserver import main; main(27, 30, [], **{})
3156973 3156405 Sl+     19:55:04 python          /home/data4t1/wangjielei/anaconda3/envs/dassl/bin/python -c from multiprocessing.forkserver import main; main(27, 30, [], **{})
3156975 3156405 Sl+     19:55:04 python          /home/data4t1/wangjielei/anaconda3/envs/dassl/bin/python -c from multiprocessing.forkserver import main; main(27, 30, [], **{})
3156977 3156405 Sl+     19:55:04 python          /home/data4t1/wangjielei/anaconda3/envs/dassl/bin/python -c from multiprocessing.forkserver import main; main(27, 30, [], **{})
3156979 3156405 Sl+     19:55:04 python          /home/data4t1/wangjielei/anaconda3/envs/dassl/bin/python -c from multiprocessing.forkserver import main; main(27, 30, [], **{})
3156980 3156405 Sl+     19:55:04 python          /home/data4t1/wangjielei/anaconda3/envs/dassl/bin/python -c from multiprocessing.forkserver import main; main(27, 30, [], **{})
3156981 3156405 Sl+     19:55:04 python          /home/data4t1/wangjielei/anaconda3/envs/dassl/bin/python -c from multiprocessing.forkserver import main; main(27, 30, [], **{})
3156982 3156405 Sl+     19:55:04 python          /home/data4t1/wangjielei/anaconda3/envs/dassl/bin/python -c from multiprocessing.forkserver import main; main(27, 30, [], **{})
3156983 3156405 Sl+     19:55:04 python          /home/data4t1/wangjielei/anaconda3/envs/dassl/bin/python -c from multiprocessing.forkserver import main; main(27, 30, [], **{})
3156984 3156405 Sl+     19:55:04 python          /home/data4t1/wangjielei/anaconda3/envs/dassl/bin/python -c from multiprocessing.forkserver import main; main(27, 30, [], **{})
3156985 3156405 Sl+     19:55:04 python          /home/data4t1/wangjielei/anaconda3/envs/dassl/bin/python -c from multiprocessing.forkserver import main; main(27, 30, [], **{})
3156986 3156405 Sl+     19:55:04 python          /home/data4t1/wangjielei/anaconda3/envs/dassl/bin/python -c from multiprocessing.forkserver import main; main(27, 30, [], **{})
3156987 3156405 Sl+     19:55:04 python          /home/data4t1/wangjielei/anaconda3/envs/dassl/bin/python -c from multiprocessing.forkserver import main; main(27, 30, [], **{})
3156988 3156405 Sl+     19:55:04 python          /home/data4t1/wangjielei/anaconda3/envs/dassl/bin/python -c from multiprocessing.forkserver import main; main(27, 30, [], **{})
3156989 3156405 Sl+     19:55:04 python          /home/data4t1/wangjielei/anaconda3/envs/dassl/bin/python -c from multiprocessing.forkserver import main; main(27, 30, [], **{})
3156990 3156405 Sl+     19:55:04 python          /home/data4t1/wangjielei/anaconda3/envs/dassl/bin/python -c from multiprocessing.forkserver import main; main(27, 30, [], **{})
3156991 3156405 Sl+     19:55:04 python          /home/data4t1/wangjielei/anaconda3/envs/dassl/bin/python -c from multiprocessing.forkserver import main; main(27, 30, [], **{})
3156992 3156405 Sl+     19:55:04 python          /home/data4t1/wangjielei/anaconda3/envs/dassl/bin/python -c from multiprocessing.forkserver import main; main(27, 30, [], **{})
3156993 3156405 Sl+     19:55:04 python          /home/data4t1/wangjielei/anaconda3/envs/dassl/bin/python -c from multiprocessing.forkserver import main; main(27, 30, [], **{})
3156994 3156405 Sl+     19:55:04 python          /home/data4t1/wangjielei/anaconda3/envs/dassl/bin/python -c from multiprocessing.forkserver import main; main(27, 30, [], **{})
3156995 3156405 Sl+     19:55:04 python          /home/data4t1/wangjielei/anaconda3/envs/dassl/bin/python -c from multiprocessing.forkserver import main; main(27, 30, [], **{})
3156998 3156405 Sl+     19:55:04 python          /home/data4t1/wangjielei/anaconda3/envs/dassl/bin/python -c from multiprocessing.forkserver import main; main(27, 30, [], **{})
3160770  439848 Sl         07:07 python3         /home/data4t1/zhouxinyu/anaconda3/envs/dynam3d/bin/python3 -c from multiprocessing.spawn import spawn_main; spawn_main(tracker_fd=28, pipe_handle=98) --multiprocessing-fork
3174448  251901 Sl+        05:56 pt_data_worker  /home/data4t1/wangjielei/anaconda3/envs/dassl/bin/python train.py --root /home/data4t2/czhDir/data --seed 1 --trainer CoOpPartCReliabilityCovTinyViT --dataset-config-file configs/datasets/cifar100_lt_if0.1.yaml --config-file configs/trainers/CoOp/vit_b16_ep130_part_c_reliability_cov_tiny_vit.yaml --output-dir /home/data4t2/czhDir/PromptKD/output/part_c_reliability_cov_tiny_vit/5m_1k/cifar100/seed1_if0.1/gated_kappa32_nu8_drift0_cov0.05_min2_eps1e-8 DATASET.NUM_SHOTS -1 DATASET.CIFAR100_LT.IMB_FACTOR 0.1 DATASET.CIFAR100_LT.SEED 0 DATALOADER.TRAIN_X.SAMPLER RandomSampler DATALOADER.TEST.BATCH_SIZE 16 OPTIM.MAX_EPOCH 130 TRAINER.COOP_THREE_STAGE_CSC.CSC_START_EPOCH 55 TRAINER.COOP_THREE_STAGE_CSC.PHASE2_LR 0.001 TRAINER.COOP_THREE_STAGE_CSC.PHASE3_LR 0.01 TRAINER.COOP_THREE_STAGE_CSC.BETA 0.9999 TRAINER.COOP_THREE_STAGE_VIT.VARIANT 5m TRAINER.COOP_THREE_STAGE_VIT.PRETRAINED_TYPE 1k TRAINER.COOP_THREE_STAGE_VIT.STUDENT_LR 0.00005 TRAINER.COOP_PART_C.MODE gated TRAINER.COOP_PART_C.KAPPA 32.000000000000 TRAINER.COOP_PART_C_RELIABILITY.PRIOR_STRENGTH 8.000000000000 TRAINER.COOP_PART_C_RELIABILITY.EPS 1.000000000000e-08 TRAINER.COOP_PART_C_RELIABILITY.DRIFT_WEIGHT 0.000000000000 TRAINER.COOP_THREE_STAGE_CSC_RELATIVE_COV.WEIGHT 5.000000000000e-02 TRAINER.COOP_THREE_STAGE_CSC_RELATIVE_COV.MIN_SAMPLES 2 TRAINER.COOP_THREE_STAGE_CSC_RELATIVE_COV.EPS 1.000000000000e-08
3174479  251901 Sl+        05:56 pt_data_worker  /home/data4t1/wangjielei/anaconda3/envs/dassl/bin/python train.py --root /home/data4t2/czhDir/data --seed 1 --trainer CoOpPartCReliabilityCovTinyViT --dataset-config-file configs/datasets/cifar100_lt_if0.1.yaml --config-file configs/trainers/CoOp/vit_b16_ep130_part_c_reliability_cov_tiny_vit.yaml --output-dir /home/data4t2/czhDir/PromptKD/output/part_c_reliability_cov_tiny_vit/5m_1k/cifar100/seed1_if0.1/gated_kappa32_nu8_drift0_cov0.05_min2_eps1e-8 DATASET.NUM_SHOTS -1 DATASET.CIFAR100_LT.IMB_FACTOR 0.1 DATASET.CIFAR100_LT.SEED 0 DATALOADER.TRAIN_X.SAMPLER RandomSampler DATALOADER.TEST.BATCH_SIZE 16 OPTIM.MAX_EPOCH 130 TRAINER.COOP_THREE_STAGE_CSC.CSC_START_EPOCH 55 TRAINER.COOP_THREE_STAGE_CSC.PHASE2_LR 0.001 TRAINER.COOP_THREE_STAGE_CSC.PHASE3_LR 0.01 TRAINER.COOP_THREE_STAGE_CSC.BETA 0.9999 TRAINER.COOP_THREE_STAGE_VIT.VARIANT 5m TRAINER.COOP_THREE_STAGE_VIT.PRETRAINED_TYPE 1k TRAINER.COOP_THREE_STAGE_VIT.STUDENT_LR 0.00005 TRAINER.COOP_PART_C.MODE gated TRAINER.COOP_PART_C.KAPPA 32.000000000000 TRAINER.COOP_PART_C_RELIABILITY.PRIOR_STRENGTH 8.000000000000 TRAINER.COOP_PART_C_RELIABILITY.EPS 1.000000000000e-08 TRAINER.COOP_PART_C_RELIABILITY.DRIFT_WEIGHT 0.000000000000 TRAINER.COOP_THREE_STAGE_CSC_RELATIVE_COV.WEIGHT 5.000000000000e-02 TRAINER.COOP_THREE_STAGE_CSC_RELATIVE_COV.MIN_SAMPLES 2 TRAINER.COOP_THREE_STAGE_CSC_RELATIVE_COV.EPS 1.000000000000e-08
3174504  251901 Sl+        05:56 pt_data_worker  /home/data4t1/wangjielei/anaconda3/envs/dassl/bin/python train.py --root /home/data4t2/czhDir/data --seed 1 --trainer CoOpPartCReliabilityCovTinyViT --dataset-config-file configs/datasets/cifar100_lt_if0.1.yaml --config-file configs/trainers/CoOp/vit_b16_ep130_part_c_reliability_cov_tiny_vit.yaml --output-dir /home/data4t2/czhDir/PromptKD/output/part_c_reliability_cov_tiny_vit/5m_1k/cifar100/seed1_if0.1/gated_kappa32_nu8_drift0_cov0.05_min2_eps1e-8 DATASET.NUM_SHOTS -1 DATASET.CIFAR100_LT.IMB_FACTOR 0.1 DATASET.CIFAR100_LT.SEED 0 DATALOADER.TRAIN_X.SAMPLER RandomSampler DATALOADER.TEST.BATCH_SIZE 16 OPTIM.MAX_EPOCH 130 TRAINER.COOP_THREE_STAGE_CSC.CSC_START_EPOCH 55 TRAINER.COOP_THREE_STAGE_CSC.PHASE2_LR 0.001 TRAINER.COOP_THREE_STAGE_CSC.PHASE3_LR 0.01 TRAINER.COOP_THREE_STAGE_CSC.BETA 0.9999 TRAINER.COOP_THREE_STAGE_VIT.VARIANT 5m TRAINER.COOP_THREE_STAGE_VIT.PRETRAINED_TYPE 1k TRAINER.COOP_THREE_STAGE_VIT.STUDENT_LR 0.00005 TRAINER.COOP_PART_C.MODE gated TRAINER.COOP_PART_C.KAPPA 32.000000000000 TRAINER.COOP_PART_C_RELIABILITY.PRIOR_STRENGTH 8.000000000000 TRAINER.COOP_PART_C_RELIABILITY.EPS 1.000000000000e-08 TRAINER.COOP_PART_C_RELIABILITY.DRIFT_WEIGHT 0.000000000000 TRAINER.COOP_THREE_STAGE_CSC_RELATIVE_COV.WEIGHT 5.000000000000e-02 TRAINER.COOP_THREE_STAGE_CSC_RELATIVE_COV.MIN_SAMPLES 2 TRAINER.COOP_THREE_STAGE_CSC_RELATIVE_COV.EPS 1.000000000000e-08
3174538  251901 Sl+        05:56 pt_data_worker  /home/data4t1/wangjielei/anaconda3/envs/dassl/bin/python train.py --root /home/data4t2/czhDir/data --seed 1 --trainer CoOpPartCReliabilityCovTinyViT --dataset-config-file configs/datasets/cifar100_lt_if0.1.yaml --config-file configs/trainers/CoOp/vit_b16_ep130_part_c_reliability_cov_tiny_vit.yaml --output-dir /home/data4t2/czhDir/PromptKD/output/part_c_reliability_cov_tiny_vit/5m_1k/cifar100/seed1_if0.1/gated_kappa32_nu8_drift0_cov0.05_min2_eps1e-8 DATASET.NUM_SHOTS -1 DATASET.CIFAR100_LT.IMB_FACTOR 0.1 DATASET.CIFAR100_LT.SEED 0 DATALOADER.TRAIN_X.SAMPLER RandomSampler DATALOADER.TEST.BATCH_SIZE 16 OPTIM.MAX_EPOCH 130 TRAINER.COOP_THREE_STAGE_CSC.CSC_START_EPOCH 55 TRAINER.COOP_THREE_STAGE_CSC.PHASE2_LR 0.001 TRAINER.COOP_THREE_STAGE_CSC.PHASE3_LR 0.01 TRAINER.COOP_THREE_STAGE_CSC.BETA 0.9999 TRAINER.COOP_THREE_STAGE_VIT.VARIANT 5m TRAINER.COOP_THREE_STAGE_VIT.PRETRAINED_TYPE 1k TRAINER.COOP_THREE_STAGE_VIT.STUDENT_LR 0.00005 TRAINER.COOP_PART_C.MODE gated TRAINER.COOP_PART_C.KAPPA 32.000000000000 TRAINER.COOP_PART_C_RELIABILITY.PRIOR_STRENGTH 8.000000000000 TRAINER.COOP_PART_C_RELIABILITY.EPS 1.000000000000e-08 TRAINER.COOP_PART_C_RELIABILITY.DRIFT_WEIGHT 0.000000000000 TRAINER.COOP_THREE_STAGE_CSC_RELATIVE_COV.WEIGHT 5.000000000000e-02 TRAINER.COOP_THREE_STAGE_CSC_RELATIVE_COV.MIN_SAMPLES 2 TRAINER.COOP_THREE_STAGE_CSC_RELATIVE_COV.EPS 1.000000000000e-08
3174620  251901 Sl+        05:56 pt_data_worker  /home/data4t1/wangjielei/anaconda3/envs/dassl/bin/python train.py --root /home/data4t2/czhDir/data --seed 1 --trainer CoOpPartCReliabilityCovTinyViT --dataset-config-file configs/datasets/cifar100_lt_if0.1.yaml --config-file configs/trainers/CoOp/vit_b16_ep130_part_c_reliability_cov_tiny_vit.yaml --output-dir /home/data4t2/czhDir/PromptKD/output/part_c_reliability_cov_tiny_vit/5m_1k/cifar100/seed1_if0.1/gated_kappa32_nu8_drift0_cov0.05_min2_eps1e-8 DATASET.NUM_SHOTS -1 DATASET.CIFAR100_LT.IMB_FACTOR 0.1 DATASET.CIFAR100_LT.SEED 0 DATALOADER.TRAIN_X.SAMPLER RandomSampler DATALOADER.TEST.BATCH_SIZE 16 OPTIM.MAX_EPOCH 130 TRAINER.COOP_THREE_STAGE_CSC.CSC_START_EPOCH 55 TRAINER.COOP_THREE_STAGE_CSC.PHASE2_LR 0.001 TRAINER.COOP_THREE_STAGE_CSC.PHASE3_LR 0.01 TRAINER.COOP_THREE_STAGE_CSC.BETA 0.9999 TRAINER.COOP_THREE_STAGE_VIT.VARIANT 5m TRAINER.COOP_THREE_STAGE_VIT.PRETRAINED_TYPE 1k TRAINER.COOP_THREE_STAGE_VIT.STUDENT_LR 0.00005 TRAINER.COOP_PART_C.MODE gated TRAINER.COOP_PART_C.KAPPA 32.000000000000 TRAINER.COOP_PART_C_RELIABILITY.PRIOR_STRENGTH 8.000000000000 TRAINER.COOP_PART_C_RELIABILITY.EPS 1.000000000000e-08 TRAINER.COOP_PART_C_RELIABILITY.DRIFT_WEIGHT 0.000000000000 TRAINER.COOP_THREE_STAGE_CSC_RELATIVE_COV.WEIGHT 5.000000000000e-02 TRAINER.COOP_THREE_STAGE_CSC_RELATIVE_COV.MIN_SAMPLES 2 TRAINER.COOP_THREE_STAGE_CSC_RELATIVE_COV.EPS 1.000000000000e-08
3174643  251901 Sl+        05:55 pt_data_worker  /home/data4t1/wangjielei/anaconda3/envs/dassl/bin/python train.py --root /home/data4t2/czhDir/data --seed 1 --trainer CoOpPartCReliabilityCovTinyViT --dataset-config-file configs/datasets/cifar100_lt_if0.1.yaml --config-file configs/trainers/CoOp/vit_b16_ep130_part_c_reliability_cov_tiny_vit.yaml --output-dir /home/data4t2/czhDir/PromptKD/output/part_c_reliability_cov_tiny_vit/5m_1k/cifar100/seed1_if0.1/gated_kappa32_nu8_drift0_cov0.05_min2_eps1e-8 DATASET.NUM_SHOTS -1 DATASET.CIFAR100_LT.IMB_FACTOR 0.1 DATASET.CIFAR100_LT.SEED 0 DATALOADER.TRAIN_X.SAMPLER RandomSampler DATALOADER.TEST.BATCH_SIZE 16 OPTIM.MAX_EPOCH 130 TRAINER.COOP_THREE_STAGE_CSC.CSC_START_EPOCH 55 TRAINER.COOP_THREE_STAGE_CSC.PHASE2_LR 0.001 TRAINER.COOP_THREE_STAGE_CSC.PHASE3_LR 0.01 TRAINER.COOP_THREE_STAGE_CSC.BETA 0.9999 TRAINER.COOP_THREE_STAGE_VIT.VARIANT 5m TRAINER.COOP_THREE_STAGE_VIT.PRETRAINED_TYPE 1k TRAINER.COOP_THREE_STAGE_VIT.STUDENT_LR 0.00005 TRAINER.COOP_PART_C.MODE gated TRAINER.COOP_PART_C.KAPPA 32.000000000000 TRAINER.COOP_PART_C_RELIABILITY.PRIOR_STRENGTH 8.000000000000 TRAINER.COOP_PART_C_RELIABILITY.EPS 1.000000000000e-08 TRAINER.COOP_PART_C_RELIABILITY.DRIFT_WEIGHT 0.000000000000 TRAINER.COOP_THREE_STAGE_CSC_RELATIVE_COV.WEIGHT 5.000000000000e-02 TRAINER.COOP_THREE_STAGE_CSC_RELATIVE_COV.MIN_SAMPLES 2 TRAINER.COOP_THREE_STAGE_CSC_RELATIVE_COV.EPS 1.000000000000e-08
3174702  251901 Sl+        05:55 pt_data_worker  /home/data4t1/wangjielei/anaconda3/envs/dassl/bin/python train.py --root /home/data4t2/czhDir/data --seed 1 --trainer CoOpPartCReliabilityCovTinyViT --dataset-config-file configs/datasets/cifar100_lt_if0.1.yaml --config-file configs/trainers/CoOp/vit_b16_ep130_part_c_reliability_cov_tiny_vit.yaml --output-dir /home/data4t2/czhDir/PromptKD/output/part_c_reliability_cov_tiny_vit/5m_1k/cifar100/seed1_if0.1/gated_kappa32_nu8_drift0_cov0.05_min2_eps1e-8 DATASET.NUM_SHOTS -1 DATASET.CIFAR100_LT.IMB_FACTOR 0.1 DATASET.CIFAR100_LT.SEED 0 DATALOADER.TRAIN_X.SAMPLER RandomSampler DATALOADER.TEST.BATCH_SIZE 16 OPTIM.MAX_EPOCH 130 TRAINER.COOP_THREE_STAGE_CSC.CSC_START_EPOCH 55 TRAINER.COOP_THREE_STAGE_CSC.PHASE2_LR 0.001 TRAINER.COOP_THREE_STAGE_CSC.PHASE3_LR 0.01 TRAINER.COOP_THREE_STAGE_CSC.BETA 0.9999 TRAINER.COOP_THREE_STAGE_VIT.VARIANT 5m TRAINER.COOP_THREE_STAGE_VIT.PRETRAINED_TYPE 1k TRAINER.COOP_THREE_STAGE_VIT.STUDENT_LR 0.00005 TRAINER.COOP_PART_C.MODE gated TRAINER.COOP_PART_C.KAPPA 32.000000000000 TRAINER.COOP_PART_C_RELIABILITY.PRIOR_STRENGTH 8.000000000000 TRAINER.COOP_PART_C_RELIABILITY.EPS 1.000000000000e-08 TRAINER.COOP_PART_C_RELIABILITY.DRIFT_WEIGHT 0.000000000000 TRAINER.COOP_THREE_STAGE_CSC_RELATIVE_COV.WEIGHT 5.000000000000e-02 TRAINER.COOP_THREE_STAGE_CSC_RELATIVE_COV.MIN_SAMPLES 2 TRAINER.COOP_THREE_STAGE_CSC_RELATIVE_COV.EPS 1.000000000000e-08
3174758  251901 Sl+        05:55 pt_data_worker  /home/data4t1/wangjielei/anaconda3/envs/dassl/bin/python train.py --root /home/data4t2/czhDir/data --seed 1 --trainer CoOpPartCReliabilityCovTinyViT --dataset-config-file configs/datasets/cifar100_lt_if0.1.yaml --config-file configs/trainers/CoOp/vit_b16_ep130_part_c_reliability_cov_tiny_vit.yaml --output-dir /home/data4t2/czhDir/PromptKD/output/part_c_reliability_cov_tiny_vit/5m_1k/cifar100/seed1_if0.1/gated_kappa32_nu8_drift0_cov0.05_min2_eps1e-8 DATASET.NUM_SHOTS -1 DATASET.CIFAR100_LT.IMB_FACTOR 0.1 DATASET.CIFAR100_LT.SEED 0 DATALOADER.TRAIN_X.SAMPLER RandomSampler DATALOADER.TEST.BATCH_SIZE 16 OPTIM.MAX_EPOCH 130 TRAINER.COOP_THREE_STAGE_CSC.CSC_START_EPOCH 55 TRAINER.COOP_THREE_STAGE_CSC.PHASE2_LR 0.001 TRAINER.COOP_THREE_STAGE_CSC.PHASE3_LR 0.01 TRAINER.COOP_THREE_STAGE_CSC.BETA 0.9999 TRAINER.COOP_THREE_STAGE_VIT.VARIANT 5m TRAINER.COOP_THREE_STAGE_VIT.PRETRAINED_TYPE 1k TRAINER.COOP_THREE_STAGE_VIT.STUDENT_LR 0.00005 TRAINER.COOP_PART_C.MODE gated TRAINER.COOP_PART_C.KAPPA 32.000000000000 TRAINER.COOP_PART_C_RELIABILITY.PRIOR_STRENGTH 8.000000000000 TRAINER.COOP_PART_C_RELIABILITY.EPS 1.000000000000e-08 TRAINER.COOP_PART_C_RELIABILITY.DRIFT_WEIGHT 0.000000000000 TRAINER.COOP_THREE_STAGE_CSC_RELATIVE_COV.WEIGHT 5.000000000000e-02 TRAINER.COOP_THREE_STAGE_CSC_RELATIVE_COV.MIN_SAMPLES 2 TRAINER.COOP_THREE_STAGE_CSC_RELATIVE_COV.EPS 1.000000000000e-08
3182512 3170962 T    164-00:00:12 python3        python3
3217580 2532308 Sl+        02:11 pt_data_worker  /home/data4t1/wangjielei/anaconda3/envs/dassl/bin/python train.py --root /home/data4t2/czhDir/data --seed 1 --trainer CoOpPartCReliabilityCovTinyViT --dataset-config-file configs/datasets/long_tail/nwpu_resisc45_lt.yaml --config-file configs/trainers/CoOp/vit_b16_ep130_part_c_reliability_cov_tiny_vit.yaml --output-dir /home/data4t2/czhDir/PromptKD/output/part_c_reliability_cov_tiny_vit/5m_1k/resisc45/seed1_if0.1/gated_kappa32_nu8_drift0_cov0.05_min2_eps1e-8 DATASET.NUM_SHOTS -1 DATASET.LONG_TAIL.IMB_FACTOR 0.1 DATASET.LONG_TAIL.SEED 0 DATALOADER.TRAIN_X.SAMPLER RandomSampler DATALOADER.TEST.BATCH_SIZE 16 OPTIM.MAX_EPOCH 130 TRAINER.COOP_THREE_STAGE_CSC.CSC_START_EPOCH 55 TRAINER.COOP_THREE_STAGE_CSC.PHASE2_LR 0.001 TRAINER.COOP_THREE_STAGE_CSC.PHASE3_LR 0.01 TRAINER.COOP_THREE_STAGE_CSC.BETA 0.9999 TRAINER.COOP_THREE_STAGE_VIT.VARIANT 5m TRAINER.COOP_THREE_STAGE_VIT.PRETRAINED_TYPE 1k TRAINER.COOP_THREE_STAGE_VIT.STUDENT_LR 0.00005 TRAINER.COOP_PART_C.MODE gated TRAINER.COOP_PART_C.KAPPA 32.000000000000 TRAINER.COOP_PART_C_RELIABILITY.PRIOR_STRENGTH 8.000000000000 TRAINER.COOP_PART_C_RELIABILITY.EPS 1.000000000000e-08 TRAINER.COOP_PART_C_RELIABILITY.DRIFT_WEIGHT 0.000000000000 TRAINER.COOP_THREE_STAGE_CSC_RELATIVE_COV.WEIGHT 5.000000000000e-02 TRAINER.COOP_THREE_STAGE_CSC_RELATIVE_COV.MIN_SAMPLES 2 TRAINER.COOP_THREE_STAGE_CSC_RELATIVE_COV.EPS 1.000000000000e-08
3217611 2532308 Sl+        02:11 pt_data_worker  /home/data4t1/wangjielei/anaconda3/envs/dassl/bin/python train.py --root /home/data4t2/czhDir/data --seed 1 --trainer CoOpPartCReliabilityCovTinyViT --dataset-config-file configs/datasets/long_tail/nwpu_resisc45_lt.yaml --config-file configs/trainers/CoOp/vit_b16_ep130_part_c_reliability_cov_tiny_vit.yaml --output-dir /home/data4t2/czhDir/PromptKD/output/part_c_reliability_cov_tiny_vit/5m_1k/resisc45/seed1_if0.1/gated_kappa32_nu8_drift0_cov0.05_min2_eps1e-8 DATASET.NUM_SHOTS -1 DATASET.LONG_TAIL.IMB_FACTOR 0.1 DATASET.LONG_TAIL.SEED 0 DATALOADER.TRAIN_X.SAMPLER RandomSampler DATALOADER.TEST.BATCH_SIZE 16 OPTIM.MAX_EPOCH 130 TRAINER.COOP_THREE_STAGE_CSC.CSC_START_EPOCH 55 TRAINER.COOP_THREE_STAGE_CSC.PHASE2_LR 0.001 TRAINER.COOP_THREE_STAGE_CSC.PHASE3_LR 0.01 TRAINER.COOP_THREE_STAGE_CSC.BETA 0.9999 TRAINER.COOP_THREE_STAGE_VIT.VARIANT 5m TRAINER.COOP_THREE_STAGE_VIT.PRETRAINED_TYPE 1k TRAINER.COOP_THREE_STAGE_VIT.STUDENT_LR 0.00005 TRAINER.COOP_PART_C.MODE gated TRAINER.COOP_PART_C.KAPPA 32.000000000000 TRAINER.COOP_PART_C_RELIABILITY.PRIOR_STRENGTH 8.000000000000 TRAINER.COOP_PART_C_RELIABILITY.EPS 1.000000000000e-08 TRAINER.COOP_PART_C_RELIABILITY.DRIFT_WEIGHT 0.000000000000 TRAINER.COOP_THREE_STAGE_CSC_RELATIVE_COV.WEIGHT 5.000000000000e-02 TRAINER.COOP_THREE_STAGE_CSC_RELATIVE_COV.MIN_SAMPLES 2 TRAINER.COOP_THREE_STAGE_CSC_RELATIVE_COV.EPS 1.000000000000e-08
3217664 2532308 Sl+        02:11 pt_data_worker  /home/data4t1/wangjielei/anaconda3/envs/dassl/bin/python train.py --root /home/data4t2/czhDir/data --seed 1 --trainer CoOpPartCReliabilityCovTinyViT --dataset-config-file configs/datasets/long_tail/nwpu_resisc45_lt.yaml --config-file configs/trainers/CoOp/vit_b16_ep130_part_c_reliability_cov_tiny_vit.yaml --output-dir /home/data4t2/czhDir/PromptKD/output/part_c_reliability_cov_tiny_vit/5m_1k/resisc45/seed1_if0.1/gated_kappa32_nu8_drift0_cov0.05_min2_eps1e-8 DATASET.NUM_SHOTS -1 DATASET.LONG_TAIL.IMB_FACTOR 0.1 DATASET.LONG_TAIL.SEED 0 DATALOADER.TRAIN_X.SAMPLER RandomSampler DATALOADER.TEST.BATCH_SIZE 16 OPTIM.MAX_EPOCH 130 TRAINER.COOP_THREE_STAGE_CSC.CSC_START_EPOCH 55 TRAINER.COOP_THREE_STAGE_CSC.PHASE2_LR 0.001 TRAINER.COOP_THREE_STAGE_CSC.PHASE3_LR 0.01 TRAINER.COOP_THREE_STAGE_CSC.BETA 0.9999 TRAINER.COOP_THREE_STAGE_VIT.VARIANT 5m TRAINER.COOP_THREE_STAGE_VIT.PRETRAINED_TYPE 1k TRAINER.COOP_THREE_STAGE_VIT.STUDENT_LR 0.00005 TRAINER.COOP_PART_C.MODE gated TRAINER.COOP_PART_C.KAPPA 32.000000000000 TRAINER.COOP_PART_C_RELIABILITY.PRIOR_STRENGTH 8.000000000000 TRAINER.COOP_PART_C_RELIABILITY.EPS 1.000000000000e-08 TRAINER.COOP_PART_C_RELIABILITY.DRIFT_WEIGHT 0.000000000000 TRAINER.COOP_THREE_STAGE_CSC_RELATIVE_COV.WEIGHT 5.000000000000e-02 TRAINER.COOP_THREE_STAGE_CSC_RELATIVE_COV.MIN_SAMPLES 2 TRAINER.COOP_THREE_STAGE_CSC_RELATIVE_COV.EPS 1.000000000000e-08
3217715 2532308 Sl+        02:10 pt_data_worker  /home/data4t1/wangjielei/anaconda3/envs/dassl/bin/python train.py --root /home/data4t2/czhDir/data --seed 1 --trainer CoOpPartCReliabilityCovTinyViT --dataset-config-file configs/datasets/long_tail/nwpu_resisc45_lt.yaml --config-file configs/trainers/CoOp/vit_b16_ep130_part_c_reliability_cov_tiny_vit.yaml --output-dir /home/data4t2/czhDir/PromptKD/output/part_c_reliability_cov_tiny_vit/5m_1k/resisc45/seed1_if0.1/gated_kappa32_nu8_drift0_cov0.05_min2_eps1e-8 DATASET.NUM_SHOTS -1 DATASET.LONG_TAIL.IMB_FACTOR 0.1 DATASET.LONG_TAIL.SEED 0 DATALOADER.TRAIN_X.SAMPLER RandomSampler DATALOADER.TEST.BATCH_SIZE 16 OPTIM.MAX_EPOCH 130 TRAINER.COOP_THREE_STAGE_CSC.CSC_START_EPOCH 55 TRAINER.COOP_THREE_STAGE_CSC.PHASE2_LR 0.001 TRAINER.COOP_THREE_STAGE_CSC.PHASE3_LR 0.01 TRAINER.COOP_THREE_STAGE_CSC.BETA 0.9999 TRAINER.COOP_THREE_STAGE_VIT.VARIANT 5m TRAINER.COOP_THREE_STAGE_VIT.PRETRAINED_TYPE 1k TRAINER.COOP_THREE_STAGE_VIT.STUDENT_LR 0.00005 TRAINER.COOP_PART_C.MODE gated TRAINER.COOP_PART_C.KAPPA 32.000000000000 TRAINER.COOP_PART_C_RELIABILITY.PRIOR_STRENGTH 8.000000000000 TRAINER.COOP_PART_C_RELIABILITY.EPS 1.000000000000e-08 TRAINER.COOP_PART_C_RELIABILITY.DRIFT_WEIGHT 0.000000000000 TRAINER.COOP_THREE_STAGE_CSC_RELATIVE_COV.WEIGHT 5.000000000000e-02 TRAINER.COOP_THREE_STAGE_CSC_RELATIVE_COV.MIN_SAMPLES 2 TRAINER.COOP_THREE_STAGE_CSC_RELATIVE_COV.EPS 1.000000000000e-08
3217945 2532308 Sl+        02:10 pt_data_worker  /home/data4t1/wangjielei/anaconda3/envs/dassl/bin/python train.py --root /home/data4t2/czhDir/data --seed 1 --trainer CoOpPartCReliabilityCovTinyViT --dataset-config-file configs/datasets/long_tail/nwpu_resisc45_lt.yaml --config-file configs/trainers/CoOp/vit_b16_ep130_part_c_reliability_cov_tiny_vit.yaml --output-dir /home/data4t2/czhDir/PromptKD/output/part_c_reliability_cov_tiny_vit/5m_1k/resisc45/seed1_if0.1/gated_kappa32_nu8_drift0_cov0.05_min2_eps1e-8 DATASET.NUM_SHOTS -1 DATASET.LONG_TAIL.IMB_FACTOR 0.1 DATASET.LONG_TAIL.SEED 0 DATALOADER.TRAIN_X.SAMPLER RandomSampler DATALOADER.TEST.BATCH_SIZE 16 OPTIM.MAX_EPOCH 130 TRAINER.COOP_THREE_STAGE_CSC.CSC_START_EPOCH 55 TRAINER.COOP_THREE_STAGE_CSC.PHASE2_LR 0.001 TRAINER.COOP_THREE_STAGE_CSC.PHASE3_LR 0.01 TRAINER.COOP_THREE_STAGE_CSC.BETA 0.9999 TRAINER.COOP_THREE_STAGE_VIT.VARIANT 5m TRAINER.COOP_THREE_STAGE_VIT.PRETRAINED_TYPE 1k TRAINER.COOP_THREE_STAGE_VIT.STUDENT_LR 0.00005 TRAINER.COOP_PART_C.MODE gated TRAINER.COOP_PART_C.KAPPA 32.000000000000 TRAINER.COOP_PART_C_RELIABILITY.PRIOR_STRENGTH 8.000000000000 TRAINER.COOP_PART_C_RELIABILITY.EPS 1.000000000000e-08 TRAINER.COOP_PART_C_RELIABILITY.DRIFT_WEIGHT 0.000000000000 TRAINER.COOP_THREE_STAGE_CSC_RELATIVE_COV.WEIGHT 5.000000000000e-02 TRAINER.COOP_THREE_STAGE_CSC_RELATIVE_COV.MIN_SAMPLES 2 TRAINER.COOP_THREE_STAGE_CSC_RELATIVE_COV.EPS 1.000000000000e-08
3218157 2532308 Sl+        02:10 pt_data_worker  /home/data4t1/wangjielei/anaconda3/envs/dassl/bin/python train.py --root /home/data4t2/czhDir/data --seed 1 --trainer CoOpPartCReliabilityCovTinyViT --dataset-config-file configs/datasets/long_tail/nwpu_resisc45_lt.yaml --config-file configs/trainers/CoOp/vit_b16_ep130_part_c_reliability_cov_tiny_vit.yaml --output-dir /home/data4t2/czhDir/PromptKD/output/part_c_reliability_cov_tiny_vit/5m_1k/resisc45/seed1_if0.1/gated_kappa32_nu8_drift0_cov0.05_min2_eps1e-8 DATASET.NUM_SHOTS -1 DATASET.LONG_TAIL.IMB_FACTOR 0.1 DATASET.LONG_TAIL.SEED 0 DATALOADER.TRAIN_X.SAMPLER RandomSampler DATALOADER.TEST.BATCH_SIZE 16 OPTIM.MAX_EPOCH 130 TRAINER.COOP_THREE_STAGE_CSC.CSC_START_EPOCH 55 TRAINER.COOP_THREE_STAGE_CSC.PHASE2_LR 0.001 TRAINER.COOP_THREE_STAGE_CSC.PHASE3_LR 0.01 TRAINER.COOP_THREE_STAGE_CSC.BETA 0.9999 TRAINER.COOP_THREE_STAGE_VIT.VARIANT 5m TRAINER.COOP_THREE_STAGE_VIT.PRETRAINED_TYPE 1k TRAINER.COOP_THREE_STAGE_VIT.STUDENT_LR 0.00005 TRAINER.COOP_PART_C.MODE gated TRAINER.COOP_PART_C.KAPPA 32.000000000000 TRAINER.COOP_PART_C_RELIABILITY.PRIOR_STRENGTH 8.000000000000 TRAINER.COOP_PART_C_RELIABILITY.EPS 1.000000000000e-08 TRAINER.COOP_PART_C_RELIABILITY.DRIFT_WEIGHT 0.000000000000 TRAINER.COOP_THREE_STAGE_CSC_RELATIVE_COV.WEIGHT 5.000000000000e-02 TRAINER.COOP_THREE_STAGE_CSC_RELATIVE_COV.MIN_SAMPLES 2 TRAINER.COOP_THREE_STAGE_CSC_RELATIVE_COV.EPS 1.000000000000e-08
3218200 2532308 Sl+        02:10 pt_data_worker  /home/data4t1/wangjielei/anaconda3/envs/dassl/bin/python train.py --root /home/data4t2/czhDir/data --seed 1 --trainer CoOpPartCReliabilityCovTinyViT --dataset-config-file configs/datasets/long_tail/nwpu_resisc45_lt.yaml --config-file configs/trainers/CoOp/vit_b16_ep130_part_c_reliability_cov_tiny_vit.yaml --output-dir /home/data4t2/czhDir/PromptKD/output/part_c_reliability_cov_tiny_vit/5m_1k/resisc45/seed1_if0.1/gated_kappa32_nu8_drift0_cov0.05_min2_eps1e-8 DATASET.NUM_SHOTS -1 DATASET.LONG_TAIL.IMB_FACTOR 0.1 DATASET.LONG_TAIL.SEED 0 DATALOADER.TRAIN_X.SAMPLER RandomSampler DATALOADER.TEST.BATCH_SIZE 16 OPTIM.MAX_EPOCH 130 TRAINER.COOP_THREE_STAGE_CSC.CSC_START_EPOCH 55 TRAINER.COOP_THREE_STAGE_CSC.PHASE2_LR 0.001 TRAINER.COOP_THREE_STAGE_CSC.PHASE3_LR 0.01 TRAINER.COOP_THREE_STAGE_CSC.BETA 0.9999 TRAINER.COOP_THREE_STAGE_VIT.VARIANT 5m TRAINER.COOP_THREE_STAGE_VIT.PRETRAINED_TYPE 1k TRAINER.COOP_THREE_STAGE_VIT.STUDENT_LR 0.00005 TRAINER.COOP_PART_C.MODE gated TRAINER.COOP_PART_C.KAPPA 32.000000000000 TRAINER.COOP_PART_C_RELIABILITY.PRIOR_STRENGTH 8.000000000000 TRAINER.COOP_PART_C_RELIABILITY.EPS 1.000000000000e-08 TRAINER.COOP_PART_C_RELIABILITY.DRIFT_WEIGHT 0.000000000000 TRAINER.COOP_THREE_STAGE_CSC_RELATIVE_COV.WEIGHT 5.000000000000e-02 TRAINER.COOP_THREE_STAGE_CSC_RELATIVE_COV.MIN_SAMPLES 2 TRAINER.COOP_THREE_STAGE_CSC_RELATIVE_COV.EPS 1.000000000000e-08
3218222 2532308 Sl+        02:10 pt_data_worker  /home/data4t1/wangjielei/anaconda3/envs/dassl/bin/python train.py --root /home/data4t2/czhDir/data --seed 1 --trainer CoOpPartCReliabilityCovTinyViT --dataset-config-file configs/datasets/long_tail/nwpu_resisc45_lt.yaml --config-file configs/trainers/CoOp/vit_b16_ep130_part_c_reliability_cov_tiny_vit.yaml --output-dir /home/data4t2/czhDir/PromptKD/output/part_c_reliability_cov_tiny_vit/5m_1k/resisc45/seed1_if0.1/gated_kappa32_nu8_drift0_cov0.05_min2_eps1e-8 DATASET.NUM_SHOTS -1 DATASET.LONG_TAIL.IMB_FACTOR 0.1 DATASET.LONG_TAIL.SEED 0 DATALOADER.TRAIN_X.SAMPLER RandomSampler DATALOADER.TEST.BATCH_SIZE 16 OPTIM.MAX_EPOCH 130 TRAINER.COOP_THREE_STAGE_CSC.CSC_START_EPOCH 55 TRAINER.COOP_THREE_STAGE_CSC.PHASE2_LR 0.001 TRAINER.COOP_THREE_STAGE_CSC.PHASE3_LR 0.01 TRAINER.COOP_THREE_STAGE_CSC.BETA 0.9999 TRAINER.COOP_THREE_STAGE_VIT.VARIANT 5m TRAINER.COOP_THREE_STAGE_VIT.PRETRAINED_TYPE 1k TRAINER.COOP_THREE_STAGE_VIT.STUDENT_LR 0.00005 TRAINER.COOP_PART_C.MODE gated TRAINER.COOP_PART_C.KAPPA 32.000000000000 TRAINER.COOP_PART_C_RELIABILITY.PRIOR_STRENGTH 8.000000000000 TRAINER.COOP_PART_C_RELIABILITY.EPS 1.000000000000e-08 TRAINER.COOP_PART_C_RELIABILITY.DRIFT_WEIGHT 0.000000000000 TRAINER.COOP_THREE_STAGE_CSC_RELATIVE_COV.WEIGHT 5.000000000000e-02 TRAINER.COOP_THREE_STAGE_CSC_RELATIVE_COV.MIN_SAMPLES 2 TRAINER.COOP_THREE_STAGE_CSC_RELATIVE_COV.EPS 1.000000000000e-08
3230745  203339 Sl+        01:03 pt_data_worker  /home/data4t1/wangjielei/anaconda3/envs/dassl/bin/python train.py --root /home/data4t2/hxwDir/data --seed 1 --trainer CoOpPartCReliabilityCovTinyViT --dataset-config-file configs/datasets/long_tail/sun397_lt.yaml --config-file configs/trainers/CoOp/vit_b16_ep130_part_c_reliability_cov_tiny_vit.yaml --output-dir /home/data4t2/czhDir/PromptKD/output/part_c_reliability_cov_tiny_vit/5m_1k/sun397/seed1_if0.1/gated_kappa32_nu8_drift0_cov0.05_min2_eps1e-8 DATASET.NUM_SHOTS -1 DATASET.LONG_TAIL.IMB_FACTOR 0.1 DATASET.LONG_TAIL.SEED 0 DATALOADER.TRAIN_X.SAMPLER RandomSampler DATALOADER.TEST.BATCH_SIZE 16 OPTIM.MAX_EPOCH 130 TRAINER.COOP_THREE_STAGE_CSC.CSC_START_EPOCH 55 TRAINER.COOP_THREE_STAGE_CSC.PHASE2_LR 0.001 TRAINER.COOP_THREE_STAGE_CSC.PHASE3_LR 0.01 TRAINER.COOP_THREE_STAGE_CSC.BETA 0.9999 TRAINER.COOP_THREE_STAGE_VIT.VARIANT 5m TRAINER.COOP_THREE_STAGE_VIT.PRETRAINED_TYPE 1k TRAINER.COOP_THREE_STAGE_VIT.STUDENT_LR 0.00005 TRAINER.COOP_PART_C.MODE gated TRAINER.COOP_PART_C.KAPPA 32.000000000000 TRAINER.COOP_PART_C_RELIABILITY.PRIOR_STRENGTH 8.000000000000 TRAINER.COOP_PART_C_RELIABILITY.EPS 1.000000000000e-08 TRAINER.COOP_PART_C_RELIABILITY.DRIFT_WEIGHT 0.000000000000 TRAINER.COOP_THREE_STAGE_CSC_RELATIVE_COV.WEIGHT 5.000000000000e-02 TRAINER.COOP_THREE_STAGE_CSC_RELATIVE_COV.MIN_SAMPLES 2 TRAINER.COOP_THREE_STAGE_CSC_RELATIVE_COV.EPS 1.000000000000e-08
3230784  203339 Sl+        01:03 pt_data_worker  /home/data4t1/wangjielei/anaconda3/envs/dassl/bin/python train.py --root /home/data4t2/hxwDir/data --seed 1 --trainer CoOpPartCReliabilityCovTinyViT --dataset-config-file configs/datasets/long_tail/sun397_lt.yaml --config-file configs/trainers/CoOp/vit_b16_ep130_part_c_reliability_cov_tiny_vit.yaml --output-dir /home/data4t2/czhDir/PromptKD/output/part_c_reliability_cov_tiny_vit/5m_1k/sun397/seed1_if0.1/gated_kappa32_nu8_drift0_cov0.05_min2_eps1e-8 DATASET.NUM_SHOTS -1 DATASET.LONG_TAIL.IMB_FACTOR 0.1 DATASET.LONG_TAIL.SEED 0 DATALOADER.TRAIN_X.SAMPLER RandomSampler DATALOADER.TEST.BATCH_SIZE 16 OPTIM.MAX_EPOCH 130 TRAINER.COOP_THREE_STAGE_CSC.CSC_START_EPOCH 55 TRAINER.COOP_THREE_STAGE_CSC.PHASE2_LR 0.001 TRAINER.COOP_THREE_STAGE_CSC.PHASE3_LR 0.01 TRAINER.COOP_THREE_STAGE_CSC.BETA 0.9999 TRAINER.COOP_THREE_STAGE_VIT.VARIANT 5m TRAINER.COOP_THREE_STAGE_VIT.PRETRAINED_TYPE 1k TRAINER.COOP_THREE_STAGE_VIT.STUDENT_LR 0.00005 TRAINER.COOP_PART_C.MODE gated TRAINER.COOP_PART_C.KAPPA 32.000000000000 TRAINER.COOP_PART_C_RELIABILITY.PRIOR_STRENGTH 8.000000000000 TRAINER.COOP_PART_C_RELIABILITY.EPS 1.000000000000e-08 TRAINER.COOP_PART_C_RELIABILITY.DRIFT_WEIGHT 0.000000000000 TRAINER.COOP_THREE_STAGE_CSC_RELATIVE_COV.WEIGHT 5.000000000000e-02 TRAINER.COOP_THREE_STAGE_CSC_RELATIVE_COV.MIN_SAMPLES 2 TRAINER.COOP_THREE_STAGE_CSC_RELATIVE_COV.EPS 1.000000000000e-08
3230843  203339 Sl+        01:03 pt_data_worker  /home/data4t1/wangjielei/anaconda3/envs/dassl/bin/python train.py --root /home/data4t2/hxwDir/data --seed 1 --trainer CoOpPartCReliabilityCovTinyViT --dataset-config-file configs/datasets/long_tail/sun397_lt.yaml --config-file configs/trainers/CoOp/vit_b16_ep130_part_c_reliability_cov_tiny_vit.yaml --output-dir /home/data4t2/czhDir/PromptKD/output/part_c_reliability_cov_tiny_vit/5m_1k/sun397/seed1_if0.1/gated_kappa32_nu8_drift0_cov0.05_min2_eps1e-8 DATASET.NUM_SHOTS -1 DATASET.LONG_TAIL.IMB_FACTOR 0.1 DATASET.LONG_TAIL.SEED 0 DATALOADER.TRAIN_X.SAMPLER RandomSampler DATALOADER.TEST.BATCH_SIZE 16 OPTIM.MAX_EPOCH 130 TRAINER.COOP_THREE_STAGE_CSC.CSC_START_EPOCH 55 TRAINER.COOP_THREE_STAGE_CSC.PHASE2_LR 0.001 TRAINER.COOP_THREE_STAGE_CSC.PHASE3_LR 0.01 TRAINER.COOP_THREE_STAGE_CSC.BETA 0.9999 TRAINER.COOP_THREE_STAGE_VIT.VARIANT 5m TRAINER.COOP_THREE_STAGE_VIT.PRETRAINED_TYPE 1k TRAINER.COOP_THREE_STAGE_VIT.STUDENT_LR 0.00005 TRAINER.COOP_PART_C.MODE gated TRAINER.COOP_PART_C.KAPPA 32.000000000000 TRAINER.COOP_PART_C_RELIABILITY.PRIOR_STRENGTH 8.000000000000 TRAINER.COOP_PART_C_RELIABILITY.EPS 1.000000000000e-08 TRAINER.COOP_PART_C_RELIABILITY.DRIFT_WEIGHT 0.000000000000 TRAINER.COOP_THREE_STAGE_CSC_RELATIVE_COV.WEIGHT 5.000000000000e-02 TRAINER.COOP_THREE_STAGE_CSC_RELATIVE_COV.MIN_SAMPLES 2 TRAINER.COOP_THREE_STAGE_CSC_RELATIVE_COV.EPS 1.000000000000e-08
3230885  203339 Sl+        01:03 pt_data_worker  /home/data4t1/wangjielei/anaconda3/envs/dassl/bin/python train.py --root /home/data4t2/hxwDir/data --seed 1 --trainer CoOpPartCReliabilityCovTinyViT --dataset-config-file configs/datasets/long_tail/sun397_lt.yaml --config-file configs/trainers/CoOp/vit_b16_ep130_part_c_reliability_cov_tiny_vit.yaml --output-dir /home/data4t2/czhDir/PromptKD/output/part_c_reliability_cov_tiny_vit/5m_1k/sun397/seed1_if0.1/gated_kappa32_nu8_drift0_cov0.05_min2_eps1e-8 DATASET.NUM_SHOTS -1 DATASET.LONG_TAIL.IMB_FACTOR 0.1 DATASET.LONG_TAIL.SEED 0 DATALOADER.TRAIN_X.SAMPLER RandomSampler DATALOADER.TEST.BATCH_SIZE 16 OPTIM.MAX_EPOCH 130 TRAINER.COOP_THREE_STAGE_CSC.CSC_START_EPOCH 55 TRAINER.COOP_THREE_STAGE_CSC.PHASE2_LR 0.001 TRAINER.COOP_THREE_STAGE_CSC.PHASE3_LR 0.01 TRAINER.COOP_THREE_STAGE_CSC.BETA 0.9999 TRAINER.COOP_THREE_STAGE_VIT.VARIANT 5m TRAINER.COOP_THREE_STAGE_VIT.PRETRAINED_TYPE 1k TRAINER.COOP_THREE_STAGE_VIT.STUDENT_LR 0.00005 TRAINER.COOP_PART_C.MODE gated TRAINER.COOP_PART_C.KAPPA 32.000000000000 TRAINER.COOP_PART_C_RELIABILITY.PRIOR_STRENGTH 8.000000000000 TRAINER.COOP_PART_C_RELIABILITY.EPS 1.000000000000e-08 TRAINER.COOP_PART_C_RELIABILITY.DRIFT_WEIGHT 0.000000000000 TRAINER.COOP_THREE_STAGE_CSC_RELATIVE_COV.WEIGHT 5.000000000000e-02 TRAINER.COOP_THREE_STAGE_CSC_RELATIVE_COV.MIN_SAMPLES 2 TRAINER.COOP_THREE_STAGE_CSC_RELATIVE_COV.EPS 1.000000000000e-08
3230927  203339 Sl+        01:02 pt_data_worker  /home/data4t1/wangjielei/anaconda3/envs/dassl/bin/python train.py --root /home/data4t2/hxwDir/data --seed 1 --trainer CoOpPartCReliabilityCovTinyViT --dataset-config-file configs/datasets/long_tail/sun397_lt.yaml --config-file configs/trainers/CoOp/vit_b16_ep130_part_c_reliability_cov_tiny_vit.yaml --output-dir /home/data4t2/czhDir/PromptKD/output/part_c_reliability_cov_tiny_vit/5m_1k/sun397/seed1_if0.1/gated_kappa32_nu8_drift0_cov0.05_min2_eps1e-8 DATASET.NUM_SHOTS -1 DATASET.LONG_TAIL.IMB_FACTOR 0.1 DATASET.LONG_TAIL.SEED 0 DATALOADER.TRAIN_X.SAMPLER RandomSampler DATALOADER.TEST.BATCH_SIZE 16 OPTIM.MAX_EPOCH 130 TRAINER.COOP_THREE_STAGE_CSC.CSC_START_EPOCH 55 TRAINER.COOP_THREE_STAGE_CSC.PHASE2_LR 0.001 TRAINER.COOP_THREE_STAGE_CSC.PHASE3_LR 0.01 TRAINER.COOP_THREE_STAGE_CSC.BETA 0.9999 TRAINER.COOP_THREE_STAGE_VIT.VARIANT 5m TRAINER.COOP_THREE_STAGE_VIT.PRETRAINED_TYPE 1k TRAINER.COOP_THREE_STAGE_VIT.STUDENT_LR 0.00005 TRAINER.COOP_PART_C.MODE gated TRAINER.COOP_PART_C.KAPPA 32.000000000000 TRAINER.COOP_PART_C_RELIABILITY.PRIOR_STRENGTH 8.000000000000 TRAINER.COOP_PART_C_RELIABILITY.EPS 1.000000000000e-08 TRAINER.COOP_PART_C_RELIABILITY.DRIFT_WEIGHT 0.000000000000 TRAINER.COOP_THREE_STAGE_CSC_RELATIVE_COV.WEIGHT 5.000000000000e-02 TRAINER.COOP_THREE_STAGE_CSC_RELATIVE_COV.MIN_SAMPLES 2 TRAINER.COOP_THREE_STAGE_CSC_RELATIVE_COV.EPS 1.000000000000e-08
3230955  203339 Sl+        01:02 pt_data_worker  /home/data4t1/wangjielei/anaconda3/envs/dassl/bin/python train.py --root /home/data4t2/hxwDir/data --seed 1 --trainer CoOpPartCReliabilityCovTinyViT --dataset-config-file configs/datasets/long_tail/sun397_lt.yaml --config-file configs/trainers/CoOp/vit_b16_ep130_part_c_reliability_cov_tiny_vit.yaml --output-dir /home/data4t2/czhDir/PromptKD/output/part_c_reliability_cov_tiny_vit/5m_1k/sun397/seed1_if0.1/gated_kappa32_nu8_drift0_cov0.05_min2_eps1e-8 DATASET.NUM_SHOTS -1 DATASET.LONG_TAIL.IMB_FACTOR 0.1 DATASET.LONG_TAIL.SEED 0 DATALOADER.TRAIN_X.SAMPLER RandomSampler DATALOADER.TEST.BATCH_SIZE 16 OPTIM.MAX_EPOCH 130 TRAINER.COOP_THREE_STAGE_CSC.CSC_START_EPOCH 55 TRAINER.COOP_THREE_STAGE_CSC.PHASE2_LR 0.001 TRAINER.COOP_THREE_STAGE_CSC.PHASE3_LR 0.01 TRAINER.COOP_THREE_STAGE_CSC.BETA 0.9999 TRAINER.COOP_THREE_STAGE_VIT.VARIANT 5m TRAINER.COOP_THREE_STAGE_VIT.PRETRAINED_TYPE 1k TRAINER.COOP_THREE_STAGE_VIT.STUDENT_LR 0.00005 TRAINER.COOP_PART_C.MODE gated TRAINER.COOP_PART_C.KAPPA 32.000000000000 TRAINER.COOP_PART_C_RELIABILITY.PRIOR_STRENGTH 8.000000000000 TRAINER.COOP_PART_C_RELIABILITY.EPS 1.000000000000e-08 TRAINER.COOP_PART_C_RELIABILITY.DRIFT_WEIGHT 0.000000000000 TRAINER.COOP_THREE_STAGE_CSC_RELATIVE_COV.WEIGHT 5.000000000000e-02 TRAINER.COOP_THREE_STAGE_CSC_RELATIVE_COV.MIN_SAMPLES 2 TRAINER.COOP_THREE_STAGE_CSC_RELATIVE_COV.EPS 1.000000000000e-08
3230997  203339 Sl+        01:02 pt_data_worker  /home/data4t1/wangjielei/anaconda3/envs/dassl/bin/python train.py --root /home/data4t2/hxwDir/data --seed 1 --trainer CoOpPartCReliabilityCovTinyViT --dataset-config-file configs/datasets/long_tail/sun397_lt.yaml --config-file configs/trainers/CoOp/vit_b16_ep130_part_c_reliability_cov_tiny_vit.yaml --output-dir /home/data4t2/czhDir/PromptKD/output/part_c_reliability_cov_tiny_vit/5m_1k/sun397/seed1_if0.1/gated_kappa32_nu8_drift0_cov0.05_min2_eps1e-8 DATASET.NUM_SHOTS -1 DATASET.LONG_TAIL.IMB_FACTOR 0.1 DATASET.LONG_TAIL.SEED 0 DATALOADER.TRAIN_X.SAMPLER RandomSampler DATALOADER.TEST.BATCH_SIZE 16 OPTIM.MAX_EPOCH 130 TRAINER.COOP_THREE_STAGE_CSC.CSC_START_EPOCH 55 TRAINER.COOP_THREE_STAGE_CSC.PHASE2_LR 0.001 TRAINER.COOP_THREE_STAGE_CSC.PHASE3_LR 0.01 TRAINER.COOP_THREE_STAGE_CSC.BETA 0.9999 TRAINER.COOP_THREE_STAGE_VIT.VARIANT 5m TRAINER.COOP_THREE_STAGE_VIT.PRETRAINED_TYPE 1k TRAINER.COOP_THREE_STAGE_VIT.STUDENT_LR 0.00005 TRAINER.COOP_PART_C.MODE gated TRAINER.COOP_PART_C.KAPPA 32.000000000000 TRAINER.COOP_PART_C_RELIABILITY.PRIOR_STRENGTH 8.000000000000 TRAINER.COOP_PART_C_RELIABILITY.EPS 1.000000000000e-08 TRAINER.COOP_PART_C_RELIABILITY.DRIFT_WEIGHT 0.000000000000 TRAINER.COOP_THREE_STAGE_CSC_RELATIVE_COV.WEIGHT 5.000000000000e-02 TRAINER.COOP_THREE_STAGE_CSC_RELATIVE_COV.MIN_SAMPLES 2 TRAINER.COOP_THREE_STAGE_CSC_RELATIVE_COV.EPS 1.000000000000e-08
3231020  203339 Sl+        01:02 pt_data_worker  /home/data4t1/wangjielei/anaconda3/envs/dassl/bin/python train.py --root /home/data4t2/hxwDir/data --seed 1 --trainer CoOpPartCReliabilityCovTinyViT --dataset-config-file configs/datasets/long_tail/sun397_lt.yaml --config-file configs/trainers/CoOp/vit_b16_ep130_part_c_reliability_cov_tiny_vit.yaml --output-dir /home/data4t2/czhDir/PromptKD/output/part_c_reliability_cov_tiny_vit/5m_1k/sun397/seed1_if0.1/gated_kappa32_nu8_drift0_cov0.05_min2_eps1e-8 DATASET.NUM_SHOTS -1 DATASET.LONG_TAIL.IMB_FACTOR 0.1 DATASET.LONG_TAIL.SEED 0 DATALOADER.TRAIN_X.SAMPLER RandomSampler DATALOADER.TEST.BATCH_SIZE 16 OPTIM.MAX_EPOCH 130 TRAINER.COOP_THREE_STAGE_CSC.CSC_START_EPOCH 55 TRAINER.COOP_THREE_STAGE_CSC.PHASE2_LR 0.001 TRAINER.COOP_THREE_STAGE_CSC.PHASE3_LR 0.01 TRAINER.COOP_THREE_STAGE_CSC.BETA 0.9999 TRAINER.COOP_THREE_STAGE_VIT.VARIANT 5m TRAINER.COOP_THREE_STAGE_VIT.PRETRAINED_TYPE 1k TRAINER.COOP_THREE_STAGE_VIT.STUDENT_LR 0.00005 TRAINER.COOP_PART_C.MODE gated TRAINER.COOP_PART_C.KAPPA 32.000000000000 TRAINER.COOP_PART_C_RELIABILITY.PRIOR_STRENGTH 8.000000000000 TRAINER.COOP_PART_C_RELIABILITY.EPS 1.000000000000e-08 TRAINER.COOP_PART_C_RELIABILITY.DRIFT_WEIGHT 0.000000000000 TRAINER.COOP_THREE_STAGE_CSC_RELATIVE_COV.WEIGHT 5.000000000000e-02 TRAINER.COOP_THREE_STAGE_CSC_RELATIVE_COV.MIN_SAMPLES 2 TRAINER.COOP_THREE_STAGE_CSC_RELATIVE_COV.EPS 1.000000000000e-08
3232675  422238 Rl         00:53 MainThread      /home/data4t1/wangjielei/.vscode-server/cli/servers/Stable-a44adf7f53e00964ab890f9f8758a334f1fc15bc/server/node /home/data4t1/wangjielei/.vscode-server/extensions/ms-python.vscode-pylance-2026.4.1/dist/server.bundle.js --cancellationReceive=file:57a720bd65d71f7b79ad37ecce4c98d21fc44b9d8b --node-ipc --clientProcessId=422238
3238829 2975181 Sl+        00:21 pt_data_worker  /home/data4t1/wangjielei/anaconda3/envs/dassl/bin/python -m experiments.output_progress.runner train --root /home/data4t1/wangjielei/user/ylh/EA-KD/results/output_class_progress/seed42_scan_launchfix_20261008 --config /home/data4t1/wangjielei/user/ylh/EA-KD/results/output_class_progress/seed42_scan_launchfix_20261008/09_alpha4_m2_rho02_20261008/config.json --device npu
3238871 2975181 Sl+        00:21 pt_data_worker  /home/data4t1/wangjielei/anaconda3/envs/dassl/bin/python -m experiments.output_progress.runner train --root /home/data4t1/wangjielei/user/ylh/EA-KD/results/output_class_progress/seed42_scan_launchfix_20261008 --config /home/data4t1/wangjielei/user/ylh/EA-KD/results/output_class_progress/seed42_scan_launchfix_20261008/09_alpha4_m2_rho02_20261008/config.json --device npu
3238919 2975181 Sl+        00:21 pt_data_worker  /home/data4t1/wangjielei/anaconda3/envs/dassl/bin/python -m experiments.output_progress.runner train --root /home/data4t1/wangjielei/user/ylh/EA-KD/results/output_class_progress/seed42_scan_launchfix_20261008 --config /home/data4t1/wangjielei/user/ylh/EA-KD/results/output_class_progress/seed42_scan_launchfix_20261008/09_alpha4_m2_rho02_20261008/config.json --device npu
3238960 2975181 Sl+        00:21 pt_data_worker  /home/data4t1/wangjielei/anaconda3/envs/dassl/bin/python -m experiments.output_progress.runner train --root /home/data4t1/wangjielei/user/ylh/EA-KD/results/output_class_progress/seed42_scan_launchfix_20261008 --config /home/data4t1/wangjielei/user/ylh/EA-KD/results/output_class_progress/seed42_scan_launchfix_20261008/09_alpha4_m2_rho02_20261008/config.json --device npu
3239472 2532306 Sl+        00:19 pt_data_worker  /home/data4t1/wangjielei/anaconda3/envs/dassl/bin/python train.py --root /home/data4t2/hxwDir/data --seed 1 --trainer CoOpPartCReliabilityCovTinyViT --dataset-config-file configs/datasets/long_tail/eurosat_lt.yaml --config-file configs/trainers/CoOp/vit_b16_ep130_part_c_reliability_cov_tiny_vit.yaml --output-dir /home/data4t2/czhDir/PromptKD/output/part_c_reliability_cov_tiny_vit/5m_1k/eurosat/seed1_if0.1/gated_kappa32_nu8_drift0_cov0.05_min2_eps1e-8 DATASET.NUM_SHOTS -1 DATASET.LONG_TAIL.IMB_FACTOR 0.1 DATASET.LONG_TAIL.SEED 0 DATALOADER.TRAIN_X.SAMPLER RandomSampler DATALOADER.TEST.BATCH_SIZE 16 OPTIM.MAX_EPOCH 130 TRAINER.COOP_THREE_STAGE_CSC.CSC_START_EPOCH 55 TRAINER.COOP_THREE_STAGE_CSC.PHASE2_LR 0.001 TRAINER.COOP_THREE_STAGE_CSC.PHASE3_LR 0.01 TRAINER.COOP_THREE_STAGE_CSC.BETA 0.9999 TRAINER.COOP_THREE_STAGE_VIT.VARIANT 5m TRAINER.COOP_THREE_STAGE_VIT.PRETRAINED_TYPE 1k TRAINER.COOP_THREE_STAGE_VIT.STUDENT_LR 0.00005 TRAINER.COOP_PART_C.MODE gated TRAINER.COOP_PART_C.KAPPA 32.000000000000 TRAINER.COOP_PART_C_RELIABILITY.PRIOR_STRENGTH 8.000000000000 TRAINER.COOP_PART_C_RELIABILITY.EPS 1.000000000000e-08 TRAINER.COOP_PART_C_RELIABILITY.DRIFT_WEIGHT 0.000000000000 TRAINER.COOP_THREE_STAGE_CSC_RELATIVE_COV.WEIGHT 5.000000000000e-02 TRAINER.COOP_THREE_STAGE_CSC_RELATIVE_COV.MIN_SAMPLES 2 TRAINER.COOP_THREE_STAGE_CSC_RELATIVE_COV.EPS 1.000000000000e-08
3239515 2532306 Sl+        00:18 pt_data_worker  /home/data4t1/wangjielei/anaconda3/envs/dassl/bin/python train.py --root /home/data4t2/hxwDir/data --seed 1 --trainer CoOpPartCReliabilityCovTinyViT --dataset-config-file configs/datasets/long_tail/eurosat_lt.yaml --config-file configs/trainers/CoOp/vit_b16_ep130_part_c_reliability_cov_tiny_vit.yaml --output-dir /home/data4t2/czhDir/PromptKD/output/part_c_reliability_cov_tiny_vit/5m_1k/eurosat/seed1_if0.1/gated_kappa32_nu8_drift0_cov0.05_min2_eps1e-8 DATASET.NUM_SHOTS -1 DATASET.LONG_TAIL.IMB_FACTOR 0.1 DATASET.LONG_TAIL.SEED 0 DATALOADER.TRAIN_X.SAMPLER RandomSampler DATALOADER.TEST.BATCH_SIZE 16 OPTIM.MAX_EPOCH 130 TRAINER.COOP_THREE_STAGE_CSC.CSC_START_EPOCH 55 TRAINER.COOP_THREE_STAGE_CSC.PHASE2_LR 0.001 TRAINER.COOP_THREE_STAGE_CSC.PHASE3_LR 0.01 TRAINER.COOP_THREE_STAGE_CSC.BETA 0.9999 TRAINER.COOP_THREE_STAGE_VIT.VARIANT 5m TRAINER.COOP_THREE_STAGE_VIT.PRETRAINED_TYPE 1k TRAINER.COOP_THREE_STAGE_VIT.STUDENT_LR 0.00005 TRAINER.COOP_PART_C.MODE gated TRAINER.COOP_PART_C.KAPPA 32.000000000000 TRAINER.COOP_PART_C_RELIABILITY.PRIOR_STRENGTH 8.000000000000 TRAINER.COOP_PART_C_RELIABILITY.EPS 1.000000000000e-08 TRAINER.COOP_PART_C_RELIABILITY.DRIFT_WEIGHT 0.000000000000 TRAINER.COOP_THREE_STAGE_CSC_RELATIVE_COV.WEIGHT 5.000000000000e-02 TRAINER.COOP_THREE_STAGE_CSC_RELATIVE_COV.MIN_SAMPLES 2 TRAINER.COOP_THREE_STAGE_CSC_RELATIVE_COV.EPS 1.000000000000e-08
3239561 2532306 Sl+        00:18 pt_data_worker  /home/data4t1/wangjielei/anaconda3/envs/dassl/bin/python train.py --root /home/data4t2/hxwDir/data --seed 1 --trainer CoOpPartCReliabilityCovTinyViT --dataset-config-file configs/datasets/long_tail/eurosat_lt.yaml --config-file configs/trainers/CoOp/vit_b16_ep130_part_c_reliability_cov_tiny_vit.yaml --output-dir /home/data4t2/czhDir/PromptKD/output/part_c_reliability_cov_tiny_vit/5m_1k/eurosat/seed1_if0.1/gated_kappa32_nu8_drift0_cov0.05_min2_eps1e-8 DATASET.NUM_SHOTS -1 DATASET.LONG_TAIL.IMB_FACTOR 0.1 DATASET.LONG_TAIL.SEED 0 DATALOADER.TRAIN_X.SAMPLER RandomSampler DATALOADER.TEST.BATCH_SIZE 16 OPTIM.MAX_EPOCH 130 TRAINER.COOP_THREE_STAGE_CSC.CSC_START_EPOCH 55 TRAINER.COOP_THREE_STAGE_CSC.PHASE2_LR 0.001 TRAINER.COOP_THREE_STAGE_CSC.PHASE3_LR 0.01 TRAINER.COOP_THREE_STAGE_CSC.BETA 0.9999 TRAINER.COOP_THREE_STAGE_VIT.VARIANT 5m TRAINER.COOP_THREE_STAGE_VIT.PRETRAINED_TYPE 1k TRAINER.COOP_THREE_STAGE_VIT.STUDENT_LR 0.00005 TRAINER.COOP_PART_C.MODE gated TRAINER.COOP_PART_C.KAPPA 32.000000000000 TRAINER.COOP_PART_C_RELIABILITY.PRIOR_STRENGTH 8.000000000000 TRAINER.COOP_PART_C_RELIABILITY.EPS 1.000000000000e-08 TRAINER.COOP_PART_C_RELIABILITY.DRIFT_WEIGHT 0.000000000000 TRAINER.COOP_THREE_STAGE_CSC_RELATIVE_COV.WEIGHT 5.000000000000e-02 TRAINER.COOP_THREE_STAGE_CSC_RELATIVE_COV.MIN_SAMPLES 2 TRAINER.COOP_THREE_STAGE_CSC_RELATIVE_COV.EPS 1.000000000000e-08
3239606 2532306 Sl+        00:18 pt_data_worker  /home/data4t1/wangjielei/anaconda3/envs/dassl/bin/python train.py --root /home/data4t2/hxwDir/data --seed 1 --trainer CoOpPartCReliabilityCovTinyViT --dataset-config-file configs/datasets/long_tail/eurosat_lt.yaml --config-file configs/trainers/CoOp/vit_b16_ep130_part_c_reliability_cov_tiny_vit.yaml --output-dir /home/data4t2/czhDir/PromptKD/output/part_c_reliability_cov_tiny_vit/5m_1k/eurosat/seed1_if0.1/gated_kappa32_nu8_drift0_cov0.05_min2_eps1e-8 DATASET.NUM_SHOTS -1 DATASET.LONG_TAIL.IMB_FACTOR 0.1 DATASET.LONG_TAIL.SEED 0 DATALOADER.TRAIN_X.SAMPLER RandomSampler DATALOADER.TEST.BATCH_SIZE 16 OPTIM.MAX_EPOCH 130 TRAINER.COOP_THREE_STAGE_CSC.CSC_START_EPOCH 55 TRAINER.COOP_THREE_STAGE_CSC.PHASE2_LR 0.001 TRAINER.COOP_THREE_STAGE_CSC.PHASE3_LR 0.01 TRAINER.COOP_THREE_STAGE_CSC.BETA 0.9999 TRAINER.COOP_THREE_STAGE_VIT.VARIANT 5m TRAINER.COOP_THREE_STAGE_VIT.PRETRAINED_TYPE 1k TRAINER.COOP_THREE_STAGE_VIT.STUDENT_LR 0.00005 TRAINER.COOP_PART_C.MODE gated TRAINER.COOP_PART_C.KAPPA 32.000000000000 TRAINER.COOP_PART_C_RELIABILITY.PRIOR_STRENGTH 8.000000000000 TRAINER.COOP_PART_C_RELIABILITY.EPS 1.000000000000e-08 TRAINER.COOP_PART_C_RELIABILITY.DRIFT_WEIGHT 0.000000000000 TRAINER.COOP_THREE_STAGE_CSC_RELATIVE_COV.WEIGHT 5.000000000000e-02 TRAINER.COOP_THREE_STAGE_CSC_RELATIVE_COV.MIN_SAMPLES 2 TRAINER.COOP_THREE_STAGE_CSC_RELATIVE_COV.EPS 1.000000000000e-08
3239785 2532306 Sl+        00:18 pt_data_worker  /home/data4t1/wangjielei/anaconda3/envs/dassl/bin/python train.py --root /home/data4t2/hxwDir/data --seed 1 --trainer CoOpPartCReliabilityCovTinyViT --dataset-config-file configs/datasets/long_tail/eurosat_lt.yaml --config-file configs/trainers/CoOp/vit_b16_ep130_part_c_reliability_cov_tiny_vit.yaml --output-dir /home/data4t2/czhDir/PromptKD/output/part_c_reliability_cov_tiny_vit/5m_1k/eurosat/seed1_if0.1/gated_kappa32_nu8_drift0_cov0.05_min2_eps1e-8 DATASET.NUM_SHOTS -1 DATASET.LONG_TAIL.IMB_FACTOR 0.1 DATASET.LONG_TAIL.SEED 0 DATALOADER.TRAIN_X.SAMPLER RandomSampler DATALOADER.TEST.BATCH_SIZE 16 OPTIM.MAX_EPOCH 130 TRAINER.COOP_THREE_STAGE_CSC.CSC_START_EPOCH 55 TRAINER.COOP_THREE_STAGE_CSC.PHASE2_LR 0.001 TRAINER.COOP_THREE_STAGE_CSC.PHASE3_LR 0.01 TRAINER.COOP_THREE_STAGE_CSC.BETA 0.9999 TRAINER.COOP_THREE_STAGE_VIT.VARIANT 5m TRAINER.COOP_THREE_STAGE_VIT.PRETRAINED_TYPE 1k TRAINER.COOP_THREE_STAGE_VIT.STUDENT_LR 0.00005 TRAINER.COOP_PART_C.MODE gated TRAINER.COOP_PART_C.KAPPA 32.000000000000 TRAINER.COOP_PART_C_RELIABILITY.PRIOR_STRENGTH 8.000000000000 TRAINER.COOP_PART_C_RELIABILITY.EPS 1.000000000000e-08 TRAINER.COOP_PART_C_RELIABILITY.DRIFT_WEIGHT 0.000000000000 TRAINER.COOP_THREE_STAGE_CSC_RELATIVE_COV.WEIGHT 5.000000000000e-02 TRAINER.COOP_THREE_STAGE_CSC_RELATIVE_COV.MIN_SAMPLES 2 TRAINER.COOP_THREE_STAGE_CSC_RELATIVE_COV.EPS 1.000000000000e-08
3239862 2532306 Sl+        00:17 pt_data_worker  /home/data4t1/wangjielei/anaconda3/envs/dassl/bin/python train.py --root /home/data4t2/hxwDir/data --seed 1 --trainer CoOpPartCReliabilityCovTinyViT --dataset-config-file configs/datasets/long_tail/eurosat_lt.yaml --config-file configs/trainers/CoOp/vit_b16_ep130_part_c_reliability_cov_tiny_vit.yaml --output-dir /home/data4t2/czhDir/PromptKD/output/part_c_reliability_cov_tiny_vit/5m_1k/eurosat/seed1_if0.1/gated_kappa32_nu8_drift0_cov0.05_min2_eps1e-8 DATASET.NUM_SHOTS -1 DATASET.LONG_TAIL.IMB_FACTOR 0.1 DATASET.LONG_TAIL.SEED 0 DATALOADER.TRAIN_X.SAMPLER RandomSampler DATALOADER.TEST.BATCH_SIZE 16 OPTIM.MAX_EPOCH 130 TRAINER.COOP_THREE_STAGE_CSC.CSC_START_EPOCH 55 TRAINER.COOP_THREE_STAGE_CSC.PHASE2_LR 0.001 TRAINER.COOP_THREE_STAGE_CSC.PHASE3_LR 0.01 TRAINER.COOP_THREE_STAGE_CSC.BETA 0.9999 TRAINER.COOP_THREE_STAGE_VIT.VARIANT 5m TRAINER.COOP_THREE_STAGE_VIT.PRETRAINED_TYPE 1k TRAINER.COOP_THREE_STAGE_VIT.STUDENT_LR 0.00005 TRAINER.COOP_PART_C.MODE gated TRAINER.COOP_PART_C.KAPPA 32.000000000000 TRAINER.COOP_PART_C_RELIABILITY.PRIOR_STRENGTH 8.000000000000 TRAINER.COOP_PART_C_RELIABILITY.EPS 1.000000000000e-08 TRAINER.COOP_PART_C_RELIABILITY.DRIFT_WEIGHT 0.000000000000 TRAINER.COOP_THREE_STAGE_CSC_RELATIVE_COV.WEIGHT 5.000000000000e-02 TRAINER.COOP_THREE_STAGE_CSC_RELATIVE_COV.MIN_SAMPLES 2 TRAINER.COOP_THREE_STAGE_CSC_RELATIVE_COV.EPS 1.000000000000e-08
3239915 2532306 Sl+        00:17 pt_data_worker  /home/data4t1/wangjielei/anaconda3/envs/dassl/bin/python train.py --root /home/data4t2/hxwDir/data --seed 1 --trainer CoOpPartCReliabilityCovTinyViT --dataset-config-file configs/datasets/long_tail/eurosat_lt.yaml --config-file configs/trainers/CoOp/vit_b16_ep130_part_c_reliability_cov_tiny_vit.yaml --output-dir /home/data4t2/czhDir/PromptKD/output/part_c_reliability_cov_tiny_vit/5m_1k/eurosat/seed1_if0.1/gated_kappa32_nu8_drift0_cov0.05_min2_eps1e-8 DATASET.NUM_SHOTS -1 DATASET.LONG_TAIL.IMB_FACTOR 0.1 DATASET.LONG_TAIL.SEED 0 DATALOADER.TRAIN_X.SAMPLER RandomSampler DATALOADER.TEST.BATCH_SIZE 16 OPTIM.MAX_EPOCH 130 TRAINER.COOP_THREE_STAGE_CSC.CSC_START_EPOCH 55 TRAINER.COOP_THREE_STAGE_CSC.PHASE2_LR 0.001 TRAINER.COOP_THREE_STAGE_CSC.PHASE3_LR 0.01 TRAINER.COOP_THREE_STAGE_CSC.BETA 0.9999 TRAINER.COOP_THREE_STAGE_VIT.VARIANT 5m TRAINER.COOP_THREE_STAGE_VIT.PRETRAINED_TYPE 1k TRAINER.COOP_THREE_STAGE_VIT.STUDENT_LR 0.00005 TRAINER.COOP_PART_C.MODE gated TRAINER.COOP_PART_C.KAPPA 32.000000000000 TRAINER.COOP_PART_C_RELIABILITY.PRIOR_STRENGTH 8.000000000000 TRAINER.COOP_PART_C_RELIABILITY.EPS 1.000000000000e-08 TRAINER.COOP_PART_C_RELIABILITY.DRIFT_WEIGHT 0.000000000000 TRAINER.COOP_THREE_STAGE_CSC_RELATIVE_COV.WEIGHT 5.000000000000e-02 TRAINER.COOP_THREE_STAGE_CSC_RELATIVE_COV.MIN_SAMPLES 2 TRAINER.COOP_THREE_STAGE_CSC_RELATIVE_COV.EPS 1.000000000000e-08
3239946 2532306 Sl+        00:17 pt_data_worker  /home/data4t1/wangjielei/anaconda3/envs/dassl/bin/python train.py --root /home/data4t2/hxwDir/data --seed 1 --trainer CoOpPartCReliabilityCovTinyViT --dataset-config-file configs/datasets/long_tail/eurosat_lt.yaml --config-file configs/trainers/CoOp/vit_b16_ep130_part_c_reliability_cov_tiny_vit.yaml --output-dir /home/data4t2/czhDir/PromptKD/output/part_c_reliability_cov_tiny_vit/5m_1k/eurosat/seed1_if0.1/gated_kappa32_nu8_drift0_cov0.05_min2_eps1e-8 DATASET.NUM_SHOTS -1 DATASET.LONG_TAIL.IMB_FACTOR 0.1 DATASET.LONG_TAIL.SEED 0 DATALOADER.TRAIN_X.SAMPLER RandomSampler DATALOADER.TEST.BATCH_SIZE 16 OPTIM.MAX_EPOCH 130 TRAINER.COOP_THREE_STAGE_CSC.CSC_START_EPOCH 55 TRAINER.COOP_THREE_STAGE_CSC.PHASE2_LR 0.001 TRAINER.COOP_THREE_STAGE_CSC.PHASE3_LR 0.01 TRAINER.COOP_THREE_STAGE_CSC.BETA 0.9999 TRAINER.COOP_THREE_STAGE_VIT.VARIANT 5m TRAINER.COOP_THREE_STAGE_VIT.PRETRAINED_TYPE 1k TRAINER.COOP_THREE_STAGE_VIT.STUDENT_LR 0.00005 TRAINER.COOP_PART_C.MODE gated TRAINER.COOP_PART_C.KAPPA 32.000000000000 TRAINER.COOP_PART_C_RELIABILITY.PRIOR_STRENGTH 8.000000000000 TRAINER.COOP_PART_C_RELIABILITY.EPS 1.000000000000e-08 TRAINER.COOP_PART_C_RELIABILITY.DRIFT_WEIGHT 0.000000000000 TRAINER.COOP_THREE_STAGE_CSC_RELATIVE_COV.WEIGHT 5.000000000000e-02 TRAINER.COOP_THREE_STAGE_CSC_RELATIVE_COV.MIN_SAMPLES 2 TRAINER.COOP_THREE_STAGE_CSC_RELATIVE_COV.EPS 1.000000000000e-08
3240239 2975182 Rl+        00:15 pt_data_worker  /home/data4t1/wangjielei/anaconda3/envs/dassl/bin/python -m experiments.output_progress.runner train --root /home/data4t1/wangjielei/user/ylh/EA-KD/results/output_class_progress/seed42_scan_launchfix_20261008 --config /home/data4t1/wangjielei/user/ylh/EA-KD/results/output_class_progress/seed42_scan_launchfix_20261008/10_selected_fixed_u_rho02_20261008/config.json --device npu
3240266 2975182 Sl+        00:15 pt_data_worker  /home/data4t1/wangjielei/anaconda3/envs/dassl/bin/python -m experiments.output_progress.runner train --root /home/data4t1/wangjielei/user/ylh/EA-KD/results/output_class_progress/seed42_scan_launchfix_20261008 --config /home/data4t1/wangjielei/user/ylh/EA-KD/results/output_class_progress/seed42_scan_launchfix_20261008/10_selected_fixed_u_rho02_20261008/config.json --device npu
3240289 2975182 Sl+        00:15 pt_data_worker  /home/data4t1/wangjielei/anaconda3/envs/dassl/bin/python -m experiments.output_progress.runner train --root /home/data4t1/wangjielei/user/ylh/EA-KD/results/output_class_progress/seed42_scan_launchfix_20261008 --config /home/data4t1/wangjielei/user/ylh/EA-KD/results/output_class_progress/seed42_scan_launchfix_20261008/10_selected_fixed_u_rho02_20261008/config.json --device npu
3240338 2975182 Sl+        00:15 pt_data_worker  /home/data4t1/wangjielei/anaconda3/envs/dassl/bin/python -m experiments.output_progress.runner train --root /home/data4t1/wangjielei/user/ylh/EA-KD/results/output_class_progress/seed42_scan_launchfix_20261008 --config /home/data4t1/wangjielei/user/ylh/EA-KD/results/output_class_progress/seed42_scan_launchfix_20261008/10_selected_fixed_u_rho02_20261008/config.json --device npu
3240507 2975183 Sl+        00:13 pt_data_worker  /home/data4t1/wangjielei/anaconda3/envs/dassl/bin/python -m experiments.output_progress.runner train --root /home/data4t1/wangjielei/user/ylh/EA-KD/results/output_class_progress/seed42_scan_launchfix_20261008 --config /home/data4t1/wangjielei/user/ylh/EA-KD/results/output_class_progress/seed42_scan_launchfix_20261008/11_selected_dynamic_rho05_20261008/config.json --device npu
3240566 2975183 Sl+        00:13 pt_data_worker  /home/data4t1/wangjielei/anaconda3/envs/dassl/bin/python -m experiments.output_progress.runner train --root /home/data4t1/wangjielei/user/ylh/EA-KD/results/output_class_progress/seed42_scan_launchfix_20261008 --config /home/data4t1/wangjielei/user/ylh/EA-KD/results/output_class_progress/seed42_scan_launchfix_20261008/11_selected_dynamic_rho05_20261008/config.json --device npu
3240623 2975183 Sl+        00:13 pt_data_worker  /home/data4t1/wangjielei/anaconda3/envs/dassl/bin/python -m experiments.output_progress.runner train --root /home/data4t1/wangjielei/user/ylh/EA-KD/results/output_class_progress/seed42_scan_launchfix_20261008 --config /home/data4t1/wangjielei/user/ylh/EA-KD/results/output_class_progress/seed42_scan_launchfix_20261008/11_selected_dynamic_rho05_20261008/config.json --device npu
3240645 2975183 Sl+        00:13 pt_data_worker  /home/data4t1/wangjielei/anaconda3/envs/dassl/bin/python -m experiments.output_progress.runner train --root /home/data4t1/wangjielei/user/ylh/EA-KD/results/output_class_progress/seed42_scan_launchfix_20261008 --config /home/data4t1/wangjielei/user/ylh/EA-KD/results/output_class_progress/seed42_scan_launchfix_20261008/11_selected_dynamic_rho05_20261008/config.json --device npu
3242303 1833615 Ss         00:02 bash            /bin/bash -lc set -o pipefail; { date -u '+SNAPSHOT_UTC=%Y-%m-%dT%H:%M:%SZ'; printf '\n=== device 3 usage/processes ===\n'; npu-smi info; printf '\n=== host load ===\n'; uptime; printf '\n=== route/NPU-related processes ===\n'; ps -eo pid,ppid,stat,etime,comm,args | rg '[s]ync_barrier_elision|[c]orrectness_runner|[n]pu-smi|python|vllm' || true; } 2>&1 | tee 本地实验/SYNC-BARRIER-ELISION-X/V060/logs/device3-prelocal-snapshot.log
3242314 3242303 S          00:02 bash            /bin/bash -lc set -o pipefail; { date -u '+SNAPSHOT_UTC=%Y-%m-%dT%H:%M:%SZ'; printf '\n=== device 3 usage/processes ===\n'; npu-smi info; printf '\n=== host load ===\n'; uptime; printf '\n=== route/NPU-related processes ===\n'; ps -eo pid,ppid,stat,etime,comm,args | rg '[s]ync_barrier_elision|[c]orrectness_runner|[n]pu-smi|python|vllm' || true; } 2>&1 | tee 本地实验/SYNC-BARRIER-ELISION-X/V060/logs/device3-prelocal-snapshot.log
3242637 2975184 Sl+        00:01 pt_data_worker  /home/data4t1/wangjielei/anaconda3/envs/dassl/bin/python -m experiments.output_progress.runner train --root /home/data4t1/wangjielei/user/ylh/EA-KD/results/output_class_progress/seed42_scan_launchfix_20261008 --config /home/data4t1/wangjielei/user/ylh/EA-KD/results/output_class_progress/seed42_scan_launchfix_20261008/12_selected_dynamic_rho1_20261008/config.json --device npu
3242766 2975184 Sl+        00:01 pt_data_worker  /home/data4t1/wangjielei/anaconda3/envs/dassl/bin/python -m experiments.output_progress.runner train --root /home/data4t1/wangjielei/user/ylh/EA-KD/results/output_class_progress/seed42_scan_launchfix_20261008 --config /home/data4t1/wangjielei/user/ylh/EA-KD/results/output_class_progress/seed42_scan_launchfix_20261008/12_selected_dynamic_rho1_20261008/config.json --device npu
3242791 2975184 Sl+        00:01 pt_data_worker  /home/data4t1/wangjielei/anaconda3/envs/dassl/bin/python -m experiments.output_progress.runner train --root /home/data4t1/wangjielei/user/ylh/EA-KD/results/output_class_progress/seed42_scan_launchfix_20261008 --config /home/data4t1/wangjielei/user/ylh/EA-KD/results/output_class_progress/seed42_scan_launchfix_20261008/12_selected_dynamic_rho1_20261008/config.json --device npu
3242820 2975184 Sl+        00:01 pt_data_worker  /home/data4t1/wangjielei/anaconda3/envs/dassl/bin/python -m experiments.output_progress.runner train --root /home/data4t1/wangjielei/user/ylh/EA-KD/results/output_class_progress/seed42_scan_launchfix_20261008 --config /home/data4t1/wangjielei/user/ylh/EA-KD/results/output_class_progress/seed42_scan_launchfix_20261008/12_selected_dynamic_rho1_20261008/config.json --device npu
3242925 4178764 Sl+        00:00 npu-smi         npu-smi info
3242948 3838590 Sl+        00:00 npu-smi         npu-smi info -t usages -i 7 -c 0
3242971 3242314 S          00:00 rg              rg [s]ync_barrier_elision|[c]orrectness_runner|[n]pu-smi|python|vllm
3242974 2483105 S+         00:00 watch           watch -n 1 npu-smi info
3242975 3242974 S+         00:00 sh              sh -c npu-smi info
3242976 3242975 Sl+        00:00 npu-smi         npu-smi info
3838590 3208085 S+    2-08:47:01 python3.11      /home/data4t1/hxw/anaconda3/envs/opd/bin/python3.11 -u /home/data4t1/hxw/.hxw/inference.py --target-npus 4 --npu-ids 4 5 6 7 --model /home/data4t2/models/Qwen3-4B
3920485 3583169 S+   42-06:46:53 python          /home/data4t2/hxwDir/hxw_moved/conda_envs/opd/bin/python -m tools.visual_opd.rollout_browser.server
4178764 2895847 Sl+     09:57:11 nputop          /home/data4t1/wangjielei/anaconda3/envs/dassl/bin/python3.10 /home/data4t1/wangjielei/anaconda3/envs/dassl/bin/nputop
