ROUTE	REVISION	EVENT_REF	CANDIDATE_SHA	RESULT_CLASS	SELECTION	SOURCE_COMMIT_SHA	SOURCE_TREE_COMMIT	SOURCE_PATH	SOURCE_BLOB_SHA	ARCHIVE_PATH
W4-R01	V001	W4-R01/V001	1e6b06bb20a266ac3a4edc899163f46038d34d9a	MEASUREMENT_BLOCKED_OBSERVATION_ONLY	EXCLUDE_SOURCE_SUPPORT	1e6b06bb20a266ac3a4edc899163f46038d34d9a	4b9dcade629bd7e0fdbe3194c740bd1c7824d107	本地实验/W4-R01/V001/CMakeLists.txt	3cfdc3b49a3fa7de5abe7123a7241cfc12d83002	EXCLUDED_NOT_COPIED
W4-R01	V001	W4-R01/V001	1e6b06bb20a266ac3a4edc899163f46038d34d9a	MEASUREMENT_BLOCKED_OBSERVATION_ONLY	EXCLUDE_SOURCE_SUPPORT	1e6b06bb20a266ac3a4edc899163f46038d34d9a	4b9dcade629bd7e0fdbe3194c740bd1c7824d107	本地实验/W4-R01/V001/Candidate.asc	09b866105cdb209c6a96cf98d46facf957b5152e	EXCLUDED_NOT_COPIED
W4-R01	V001	W4-R01/V001	1e6b06bb20a266ac3a4edc899163f46038d34d9a	MEASUREMENT_BLOCKED_OBSERVATION_ONLY	EXCLUDE_SOURCE_SUPPORT	1e6b06bb20a266ac3a4edc899163f46038d34d9a	4b9dcade629bd7e0fdbe3194c740bd1c7824d107	本地实验/W4-R01/V001/Parent.asc	6adb6f586a3c2c4461401efe64d0a64e25cb60c3	EXCLUDED_NOT_COPIED
W4-R01	V001	W4-R01/V001	1e6b06bb20a266ac3a4edc899163f46038d34d9a	MEASUREMENT_BLOCKED_OBSERVATION_ONLY	INCLUDE_EVIDENCE	1e6b06bb20a266ac3a4edc899163f46038d34d9a	4b9dcade629bd7e0fdbe3194c740bd1c7824d107	本地实验/W4-R01/V001/compile-attempt2-start-utc.txt	da0d1d8f50a93ad57c10d236ece4ab7992db354a	证据集成/W4/Batch-02-R01-R02/W4-R01/本地实验/W4-R01/V001/compile-attempt2-start-utc.txt
W4-R01	V001	W4-R01/V001	1e6b06bb20a266ac3a4edc899163f46038d34d9a	MEASUREMENT_BLOCKED_OBSERVATION_ONLY	INCLUDE_EVIDENCE	1e6b06bb20a266ac3a4edc899163f46038d34d9a	4b9dcade629bd7e0fdbe3194c740bd1c7824d107	本地实验/W4-R01/V001/compile-runner-v001-server3-attempt2.log	87d541c8f5715627572f1aec8ddc00ec4db20ce9	证据集成/W4/Batch-02-R01-R02/W4-R01/本地实验/W4-R01/V001/compile-runner-v001-server3-attempt2.log
W4-R01	V001	W4-R01/V001	1e6b06bb20a266ac3a4edc899163f46038d34d9a	MEASUREMENT_BLOCKED_OBSERVATION_ONLY	INCLUDE_EVIDENCE	1e6b06bb20a266ac3a4edc899163f46038d34d9a	4b9dcade629bd7e0fdbe3194c740bd1c7824d107	本地实验/W4-R01/V001/compile-runner-v001-server3.log	4fdadcf00cb101d5dfade8e60ca3cd0de8e0c4cc	证据集成/W4/Batch-02-R01-R02/W4-R01/本地实验/W4-R01/V001/compile-runner-v001-server3.log
W4-R01	V001	W4-R01/V001	1e6b06bb20a266ac3a4edc899163f46038d34d9a	MEASUREMENT_BLOCKED_OBSERVATION_ONLY	INCLUDE_EVIDENCE	1e6b06bb20a266ac3a4edc899163f46038d34d9a	4b9dcade629bd7e0fdbe3194c740bd1c7824d107	本地实验/W4-R01/V001/compile-start-utc.txt	cdbcff3f768faf71ca37870d74d384367cad6ca1	证据集成/W4/Batch-02-R01-R02/W4-R01/本地实验/W4-R01/V001/compile-start-utc.txt
W4-R01	V001	W4-R01/V001	1e6b06bb20a266ac3a4edc899163f46038d34d9a	MEASUREMENT_BLOCKED_OBSERVATION_ONLY	INCLUDE_EVIDENCE	1e6b06bb20a266ac3a4edc899163f46038d34d9a	4b9dcade629bd7e0fdbe3194c740bd1c7824d107	本地实验/W4-R01/V001/compile-v001-server3-attempt2.log	7d7f114d05b37e9c6b615a7bb816c14175ede2e3	证据集成/W4/Batch-02-R01-R02/W4-R01/本地实验/W4-R01/V001/compile-v001-server3-attempt2.log
W4-R01	V001	W4-R01/V001	1e6b06bb20a266ac3a4edc899163f46038d34d9a	MEASUREMENT_BLOCKED_OBSERVATION_ONLY	INCLUDE_EVIDENCE	1e6b06bb20a266ac3a4edc899163f46038d34d9a	4b9dcade629bd7e0fdbe3194c740bd1c7824d107	本地实验/W4-R01/V001/compile-v001-server3.log	7d7f114d05b37e9c6b615a7bb816c14175ede2e3	证据集成/W4/Batch-02-R01-R02/W4-R01/本地实验/W4-R01/V001/compile-v001-server3.log
W4-R01	V001	W4-R01/V001	1e6b06bb20a266ac3a4edc899163f46038d34d9a	MEASUREMENT_BLOCKED_OBSERVATION_ONLY	EXCLUDE_SOURCE_SUPPORT	1e6b06bb20a266ac3a4edc899163f46038d34d9a	4b9dcade629bd7e0fdbe3194c740bd1c7824d107	本地实验/W4-R01/V001/compile_adapter.asc	fd777d9da0f76c4a462c7dbea7fb23322028f7ef	EXCLUDED_NOT_COPIED
W4-R01	V001	W4-R01/V001	1e6b06bb20a266ac3a4edc899163f46038d34d9a	MEASUREMENT_BLOCKED_OBSERVATION_ONLY	INCLUDE_EVIDENCE	1e6b06bb20a266ac3a4edc899163f46038d34d9a	4b9dcade629bd7e0fdbe3194c740bd1c7824d107	本地实验/W4-R01/V001/configure-runner-v001-server3.log	8e44b97ff6bcaa5ab035e63637a218f8758725aa	证据集成/W4/Batch-02-R01-R02/W4-R01/本地实验/W4-R01/V001/configure-runner-v001-server3.log
W4-R01	V001	W4-R01/V001	1e6b06bb20a266ac3a4edc899163f46038d34d9a	MEASUREMENT_BLOCKED_OBSERVATION_ONLY	INCLUDE_EVIDENCE	1e6b06bb20a266ac3a4edc899163f46038d34d9a	4b9dcade629bd7e0fdbe3194c740bd1c7824d107	本地实验/W4-R01/V001/configure-v001-server3.log	dccef8b67ac8f79a4e2f1ecb1ebc80eec80ea5fd	证据集成/W4/Batch-02-R01-R02/W4-R01/本地实验/W4-R01/V001/configure-v001-server3.log
W4-R01	V001	W4-R01/V001	1e6b06bb20a266ac3a4edc899163f46038d34d9a	MEASUREMENT_BLOCKED_OBSERVATION_ONLY	INCLUDE_EVIDENCE	93f15d9bab643fa6e8dbf6ed8833a144672d9fb3	4b9dcade629bd7e0fdbe3194c740bd1c7824d107	本地实验/W4-R01/V001/local-result.json	384411cfc983e4b5b1ba8e425d5d4152d73aac0a	证据集成/W4/Batch-02-R01-R02/W4-R01/本地实验/W4-R01/V001/local-result.json
W4-R01	V001	W4-R01/V001	1e6b06bb20a266ac3a4edc899163f46038d34d9a	MEASUREMENT_BLOCKED_OBSERVATION_ONLY	INCLUDE_EVIDENCE	c8a1577ddcb53dd3f67048d09117a865480af359	4b9dcade629bd7e0fdbe3194c740bd1c7824d107	本地实验/W4-R01/V001/local-result.pre-correction.json	57cbcd0d34fb27a7a61084669308fbda7d581a52	证据集成/W4/Batch-02-R01-R02/W4-R01/本地实验/W4-R01/V001/local-result.pre-correction.json
W4-R01	V001	W4-R01/V001	1e6b06bb20a266ac3a4edc899163f46038d34d9a	MEASUREMENT_BLOCKED_OBSERVATION_ONLY	INCLUDE_EVIDENCE	1e6b06bb20a266ac3a4edc899163f46038d34d9a	4b9dcade629bd7e0fdbe3194c740bd1c7824d107	本地实验/W4-R01/V001/npu-smi-post-v001.txt	12fa53e3b674615954093f47439a60582f5f4210	证据集成/W4/Batch-02-R01-R02/W4-R01/本地实验/W4-R01/V001/npu-smi-post-v001.txt
W4-R01	V001	W4-R01/V001	1e6b06bb20a266ac3a4edc899163f46038d34d9a	MEASUREMENT_BLOCKED_OBSERVATION_ONLY	INCLUDE_EVIDENCE	93f15d9bab643fa6e8dbf6ed8833a144672d9fb3	4b9dcade629bd7e0fdbe3194c740bd1c7824d107	本地实验/W4-R01/V001/requal-device2-20261008/compile-device.txt	098a835ef21ae0f5b43fbbede38d6e10605c48af	证据集成/W4/Batch-02-R01-R02/W4-R01/本地实验/W4-R01/V001/requal-device2-20261008/compile-device.txt
W4-R01	V001	W4-R01/V001	1e6b06bb20a266ac3a4edc899163f46038d34d9a	MEASUREMENT_BLOCKED_OBSERVATION_ONLY	INCLUDE_EVIDENCE	93f15d9bab643fa6e8dbf6ed8833a144672d9fb3	4b9dcade629bd7e0fdbe3194c740bd1c7824d107	本地实验/W4-R01/V001/requal-device2-20261008/compile-parent-diagnostic.log	3c56305bbeb84d8730ba443f5a5808ba6a42de63	证据集成/W4/Batch-02-R01-R02/W4-R01/本地实验/W4-R01/V001/requal-device2-20261008/compile-parent-diagnostic.log
W4-R01	V001	W4-R01/V001	1e6b06bb20a266ac3a4edc899163f46038d34d9a	MEASUREMENT_BLOCKED_OBSERVATION_ONLY	INCLUDE_EVIDENCE	93f15d9bab643fa6e8dbf6ed8833a144672d9fb3	4b9dcade629bd7e0fdbe3194c740bd1c7824d107	本地实验/W4-R01/V001/requal-device2-20261008/compile-runner-host.log	ddf7b72350f58c33da96fd96424ecaba93f476b2	证据集成/W4/Batch-02-R01-R02/W4-R01/本地实验/W4-R01/V001/requal-device2-20261008/compile-runner-host.log
W4-R01	V001	W4-R01/V001	1e6b06bb20a266ac3a4edc899163f46038d34d9a	MEASUREMENT_BLOCKED_OBSERVATION_ONLY	INCLUDE_EVIDENCE	93f15d9bab643fa6e8dbf6ed8833a144672d9fb3	4b9dcade629bd7e0fdbe3194c740bd1c7824d107	本地实验/W4-R01/V001/requal-device2-20261008/compile-runner.log	ce9f17c87b408af431fcb2e5344dcbfea6b45516	证据集成/W4/Batch-02-R01-R02/W4-R01/本地实验/W4-R01/V001/requal-device2-20261008/compile-runner.log
W4-R01	V001	W4-R01/V001	1e6b06bb20a266ac3a4edc899163f46038d34d9a	MEASUREMENT_BLOCKED_OBSERVATION_ONLY	INCLUDE_EVIDENCE	93f15d9bab643fa6e8dbf6ed8833a144672d9fb3	4b9dcade629bd7e0fdbe3194c740bd1c7824d107	本地实验/W4-R01/V001/requal-device2-20261008/compile-template-reference.log	81d2f00c8e38215796f8400024b0e1e459495686	证据集成/W4/Batch-02-R01-R02/W4-R01/本地实验/W4-R01/V001/requal-device2-20261008/compile-template-reference.log
W4-R01	V001	W4-R01/V001	1e6b06bb20a266ac3a4edc899163f46038d34d9a	MEASUREMENT_BLOCKED_OBSERVATION_ONLY	INCLUDE_EVIDENCE	93f15d9bab643fa6e8dbf6ed8833a144672d9fb3	4b9dcade629bd7e0fdbe3194c740bd1c7824d107	本地实验/W4-R01/V001/requal-device2-20261008/correctness-r16-d16384.context.txt	5c7b6cf68c0d0de00536c8684d2b880ff55716b7	证据集成/W4/Batch-02-R01-R02/W4-R01/本地实验/W4-R01/V001/requal-device2-20261008/correctness-r16-d16384.context.txt
W4-R01	V001	W4-R01/V001	1e6b06bb20a266ac3a4edc899163f46038d34d9a	MEASUREMENT_BLOCKED_OBSERVATION_ONLY	INCLUDE_EVIDENCE	93f15d9bab643fa6e8dbf6ed8833a144672d9fb3	4b9dcade629bd7e0fdbe3194c740bd1c7824d107	本地实验/W4-R01/V001/requal-device2-20261008/correctness-r16-d16384.log	4f40c86ac521bfc5a1dd3964fc81289e969294af	证据集成/W4/Batch-02-R01-R02/W4-R01/本地实验/W4-R01/V001/requal-device2-20261008/correctness-r16-d16384.log
W4-R01	V001	W4-R01/V001	1e6b06bb20a266ac3a4edc899163f46038d34d9a	MEASUREMENT_BLOCKED_OBSERVATION_ONLY	INCLUDE_EVIDENCE	93f15d9bab643fa6e8dbf6ed8833a144672d9fb3	4b9dcade629bd7e0fdbe3194c740bd1c7824d107	本地实验/W4-R01/V001/requal-device2-20261008/correctness-template-r16-d16352.context.txt	15f36a033228ba2f91a5b9cc05d79e017182e2ed	证据集成/W4/Batch-02-R01-R02/W4-R01/本地实验/W4-R01/V001/requal-device2-20261008/correctness-template-r16-d16352.context.txt
W4-R01	V001	W4-R01/V001	1e6b06bb20a266ac3a4edc899163f46038d34d9a	MEASUREMENT_BLOCKED_OBSERVATION_ONLY	INCLUDE_EVIDENCE	93f15d9bab643fa6e8dbf6ed8833a144672d9fb3	4b9dcade629bd7e0fdbe3194c740bd1c7824d107	本地实验/W4-R01/V001/requal-device2-20261008/correctness-template-r16-d16352.log	d3edd3f144246a7ae6595dd5b25c22c62f15171b	证据集成/W4/Batch-02-R01-R02/W4-R01/本地实验/W4-R01/V001/requal-device2-20261008/correctness-template-r16-d16352.log
W4-R01	V001	W4-R01/V001	1e6b06bb20a266ac3a4edc899163f46038d34d9a	MEASUREMENT_BLOCKED_OBSERVATION_ONLY	INCLUDE_EVIDENCE	93f15d9bab643fa6e8dbf6ed8833a144672d9fb3	4b9dcade629bd7e0fdbe3194c740bd1c7824d107	本地实验/W4-R01/V001/requal-device2-20261008/correctness-template-r16-d16384.context.txt	02e04ce45d160cccb5c2515d1977be02c8474e2c	证据集成/W4/Batch-02-R01-R02/W4-R01/本地实验/W4-R01/V001/requal-device2-20261008/correctness-template-r16-d16384.context.txt
W4-R01	V001	W4-R01/V001	1e6b06bb20a266ac3a4edc899163f46038d34d9a	MEASUREMENT_BLOCKED_OBSERVATION_ONLY	INCLUDE_EVIDENCE	93f15d9bab643fa6e8dbf6ed8833a144672d9fb3	4b9dcade629bd7e0fdbe3194c740bd1c7824d107	本地实验/W4-R01/V001/requal-device2-20261008/correctness-template-r16-d16384.log	e92b4bcf5ad70c6c51f602feea011c64bec5424b	证据集成/W4/Batch-02-R01-R02/W4-R01/本地实验/W4-R01/V001/requal-device2-20261008/correctness-template-r16-d16384.log
W4-R01	V001	W4-R01/V001	1e6b06bb20a266ac3a4edc899163f46038d34d9a	MEASUREMENT_BLOCKED_OBSERVATION_ONLY	INCLUDE_EVIDENCE	93f15d9bab643fa6e8dbf6ed8833a144672d9fb3	4b9dcade629bd7e0fdbe3194c740bd1c7824d107	本地实验/W4-R01/V001/requal-device2-20261008/correctness-template-r16-d32768.context.txt	54f9a1e40e9adee3071470782e6da8824dddee02	证据集成/W4/Batch-02-R01-R02/W4-R01/本地实验/W4-R01/V001/requal-device2-20261008/correctness-template-r16-d32768.context.txt
W4-R01	V001	W4-R01/V001	1e6b06bb20a266ac3a4edc899163f46038d34d9a	MEASUREMENT_BLOCKED_OBSERVATION_ONLY	INCLUDE_EVIDENCE	93f15d9bab643fa6e8dbf6ed8833a144672d9fb3	4b9dcade629bd7e0fdbe3194c740bd1c7824d107	本地实验/W4-R01/V001/requal-device2-20261008/correctness-template-r16-d32768.log	33f99ccc0a766ae266e4413442077e5f6b6340f9	证据集成/W4/Batch-02-R01-R02/W4-R01/本地实验/W4-R01/V001/requal-device2-20261008/correctness-template-r16-d32768.log
W4-R01	V001	W4-R01/V001	1e6b06bb20a266ac3a4edc899163f46038d34d9a	MEASUREMENT_BLOCKED_OBSERVATION_ONLY	INCLUDE_EVIDENCE	93f15d9bab643fa6e8dbf6ed8833a144672d9fb3	4b9dcade629bd7e0fdbe3194c740bd1c7824d107	本地实验/W4-R01/V001/requal-device2-20261008/correctness-template-r8-d16384.context.txt	d66b2962508858170f40ec6e08b0193d08c0db3b	证据集成/W4/Batch-02-R01-R02/W4-R01/本地实验/W4-R01/V001/requal-device2-20261008/correctness-template-r8-d16384.context.txt
W4-R01	V001	W4-R01/V001	1e6b06bb20a266ac3a4edc899163f46038d34d9a	MEASUREMENT_BLOCKED_OBSERVATION_ONLY	INCLUDE_EVIDENCE	93f15d9bab643fa6e8dbf6ed8833a144672d9fb3	4b9dcade629bd7e0fdbe3194c740bd1c7824d107	本地实验/W4-R01/V001/requal-device2-20261008/correctness-template-r8-d16384.log	a6a74813cf5b3ae91416461f48121ac9d5832b51	证据集成/W4/Batch-02-R01-R02/W4-R01/本地实验/W4-R01/V001/requal-device2-20261008/correctness-template-r8-d16384.log
W4-R01	V001	W4-R01/V001	1e6b06bb20a266ac3a4edc899163f46038d34d9a	MEASUREMENT_BLOCKED_OBSERVATION_ONLY	INCLUDE_EVIDENCE	93f15d9bab643fa6e8dbf6ed8833a144672d9fb3	4b9dcade629bd7e0fdbe3194c740bd1c7824d107	本地实验/W4-R01/V001/requal-device2-20261008/method.md	d3d18141de0550a6c261ba300110411e39d0db5f	证据集成/W4/Batch-02-R01-R02/W4-R01/本地实验/W4-R01/V001/requal-device2-20261008/method.md
W4-R01	V001	W4-R01/V001	1e6b06bb20a266ac3a4edc899163f46038d34d9a	MEASUREMENT_BLOCKED_OBSERVATION_ONLY	INCLUDE_EVIDENCE	93f15d9bab643fa6e8dbf6ed8833a144672d9fb3	4b9dcade629bd7e0fdbe3194c740bd1c7824d107	本地实验/W4-R01/V001/requal-device2-20261008/paired-d2-r16-d16352-b1.log	281581f1305641ea0c406035fcfb38c238d90f9c	证据集成/W4/Batch-02-R01-R02/W4-R01/本地实验/W4-R01/V001/requal-device2-20261008/paired-d2-r16-d16352-b1.log
W4-R01	V001	W4-R01/V001	1e6b06bb20a266ac3a4edc899163f46038d34d9a	MEASUREMENT_BLOCKED_OBSERVATION_ONLY	INCLUDE_EVIDENCE	93f15d9bab643fa6e8dbf6ed8833a144672d9fb3	4b9dcade629bd7e0fdbe3194c740bd1c7824d107	本地实验/W4-R01/V001/requal-device2-20261008/paired-d2-r16-d16352-b1.post.txt	edca6d2603a5518b2435c43174518b81a51b9a15	证据集成/W4/Batch-02-R01-R02/W4-R01/本地实验/W4-R01/V001/requal-device2-20261008/paired-d2-r16-d16352-b1.post.txt
W4-R01	V001	W4-R01/V001	1e6b06bb20a266ac3a4edc899163f46038d34d9a	MEASUREMENT_BLOCKED_OBSERVATION_ONLY	INCLUDE_EVIDENCE	93f15d9bab643fa6e8dbf6ed8833a144672d9fb3	4b9dcade629bd7e0fdbe3194c740bd1c7824d107	本地实验/W4-R01/V001/requal-device2-20261008/paired-d2-r16-d16352-b1.pre.txt	a957300032f89e5741326637e37b5f7121400977	证据集成/W4/Batch-02-R01-R02/W4-R01/本地实验/W4-R01/V001/requal-device2-20261008/paired-d2-r16-d16352-b1.pre.txt
W4-R01	V001	W4-R01/V001	1e6b06bb20a266ac3a4edc899163f46038d34d9a	MEASUREMENT_BLOCKED_OBSERVATION_ONLY	INCLUDE_EVIDENCE	93f15d9bab643fa6e8dbf6ed8833a144672d9fb3	4b9dcade629bd7e0fdbe3194c740bd1c7824d107	本地实验/W4-R01/V001/requal-device2-20261008/paired-d2-r16-d16352-b1.tsv	7ce2a47b5b597c5fe09d2b6789e1bd93f3e95935	证据集成/W4/Batch-02-R01-R02/W4-R01/本地实验/W4-R01/V001/requal-device2-20261008/paired-d2-r16-d16352-b1.tsv
W4-R01	V001	W4-R01/V001	1e6b06bb20a266ac3a4edc899163f46038d34d9a	MEASUREMENT_BLOCKED_OBSERVATION_ONLY	INCLUDE_EVIDENCE	93f15d9bab643fa6e8dbf6ed8833a144672d9fb3	4b9dcade629bd7e0fdbe3194c740bd1c7824d107	本地实验/W4-R01/V001/requal-device2-20261008/paired-d2-r16-d16352-b2.log	22fe5dd63f8950ecad55e7f090ffe6ac5034f021	证据集成/W4/Batch-02-R01-R02/W4-R01/本地实验/W4-R01/V001/requal-device2-20261008/paired-d2-r16-d16352-b2.log
W4-R01	V001	W4-R01/V001	1e6b06bb20a266ac3a4edc899163f46038d34d9a	MEASUREMENT_BLOCKED_OBSERVATION_ONLY	INCLUDE_EVIDENCE	93f15d9bab643fa6e8dbf6ed8833a144672d9fb3	4b9dcade629bd7e0fdbe3194c740bd1c7824d107	本地实验/W4-R01/V001/requal-device2-20261008/paired-d2-r16-d16352-b2.post.txt	5ad82825e2ace2601b643792bb0ce9fd40e07ea4	证据集成/W4/Batch-02-R01-R02/W4-R01/本地实验/W4-R01/V001/requal-device2-20261008/paired-d2-r16-d16352-b2.post.txt
W4-R01	V001	W4-R01/V001	1e6b06bb20a266ac3a4edc899163f46038d34d9a	MEASUREMENT_BLOCKED_OBSERVATION_ONLY	INCLUDE_EVIDENCE	93f15d9bab643fa6e8dbf6ed8833a144672d9fb3	4b9dcade629bd7e0fdbe3194c740bd1c7824d107	本地实验/W4-R01/V001/requal-device2-20261008/paired-d2-r16-d16352-b2.pre.txt	72bef62d4aca356ad893bb59507f267d75858bc1	证据集成/W4/Batch-02-R01-R02/W4-R01/本地实验/W4-R01/V001/requal-device2-20261008/paired-d2-r16-d16352-b2.pre.txt
W4-R01	V001	W4-R01/V001	1e6b06bb20a266ac3a4edc899163f46038d34d9a	MEASUREMENT_BLOCKED_OBSERVATION_ONLY	INCLUDE_EVIDENCE	93f15d9bab643fa6e8dbf6ed8833a144672d9fb3	4b9dcade629bd7e0fdbe3194c740bd1c7824d107	本地实验/W4-R01/V001/requal-device2-20261008/paired-d2-r16-d16352-b2.tsv	a731a7cfab25f6bf3bfe280cd4f0371e317c159d	证据集成/W4/Batch-02-R01-R02/W4-R01/本地实验/W4-R01/V001/requal-device2-20261008/paired-d2-r16-d16352-b2.tsv
W4-R01	V001	W4-R01/V001	1e6b06bb20a266ac3a4edc899163f46038d34d9a	MEASUREMENT_BLOCKED_OBSERVATION_ONLY	INCLUDE_EVIDENCE	93f15d9bab643fa6e8dbf6ed8833a144672d9fb3	4b9dcade629bd7e0fdbe3194c740bd1c7824d107	本地实验/W4-R01/V001/requal-device2-20261008/paired-d2-r16-d16352-b3.log	73c6b3b704b5c1dbddd1ce455d84bc73e3df8d67	证据集成/W4/Batch-02-R01-R02/W4-R01/本地实验/W4-R01/V001/requal-device2-20261008/paired-d2-r16-d16352-b3.log
W4-R01	V001	W4-R01/V001	1e6b06bb20a266ac3a4edc899163f46038d34d9a	MEASUREMENT_BLOCKED_OBSERVATION_ONLY	INCLUDE_EVIDENCE	93f15d9bab643fa6e8dbf6ed8833a144672d9fb3	4b9dcade629bd7e0fdbe3194c740bd1c7824d107	本地实验/W4-R01/V001/requal-device2-20261008/paired-d2-r16-d16352-b3.post.txt	3f8ceee0a33dad039e2c0f21dc2581cd5102ec80	证据集成/W4/Batch-02-R01-R02/W4-R01/本地实验/W4-R01/V001/requal-device2-20261008/paired-d2-r16-d16352-b3.post.txt
W4-R01	V001	W4-R01/V001	1e6b06bb20a266ac3a4edc899163f46038d34d9a	MEASUREMENT_BLOCKED_OBSERVATION_ONLY	INCLUDE_EVIDENCE	93f15d9bab643fa6e8dbf6ed8833a144672d9fb3	4b9dcade629bd7e0fdbe3194c740bd1c7824d107	本地实验/W4-R01/V001/requal-device2-20261008/paired-d2-r16-d16352-b3.pre.txt	b081ced068d05ea3849f108aec14ef81d6766a22	证据集成/W4/Batch-02-R01-R02/W4-R01/本地实验/W4-R01/V001/requal-device2-20261008/paired-d2-r16-d16352-b3.pre.txt
W4-R01	V001	W4-R01/V001	1e6b06bb20a266ac3a4edc899163f46038d34d9a	MEASUREMENT_BLOCKED_OBSERVATION_ONLY	INCLUDE_EVIDENCE	93f15d9bab643fa6e8dbf6ed8833a144672d9fb3	4b9dcade629bd7e0fdbe3194c740bd1c7824d107	本地实验/W4-R01/V001/requal-device2-20261008/paired-d2-r16-d16352-b3.tsv	47e1d6f9a183de4e7e8162da20498c2141bf7c33	证据集成/W4/Batch-02-R01-R02/W4-R01/本地实验/W4-R01/V001/requal-device2-20261008/paired-d2-r16-d16352-b3.tsv
W4-R01	V001	W4-R01/V001	1e6b06bb20a266ac3a4edc899163f46038d34d9a	MEASUREMENT_BLOCKED_OBSERVATION_ONLY	INCLUDE_EVIDENCE	93f15d9bab643fa6e8dbf6ed8833a144672d9fb3	4b9dcade629bd7e0fdbe3194c740bd1c7824d107	本地实验/W4-R01/V001/requal-device2-20261008/paired-d2-r16-d16384-b1.log	4e07db21327928174299255f58fcf4404321552b	证据集成/W4/Batch-02-R01-R02/W4-R01/本地实验/W4-R01/V001/requal-device2-20261008/paired-d2-r16-d16384-b1.log
W4-R01	V001	W4-R01/V001	1e6b06bb20a266ac3a4edc899163f46038d34d9a	MEASUREMENT_BLOCKED_OBSERVATION_ONLY	INCLUDE_EVIDENCE	93f15d9bab643fa6e8dbf6ed8833a144672d9fb3	4b9dcade629bd7e0fdbe3194c740bd1c7824d107	本地实验/W4-R01/V001/requal-device2-20261008/paired-d2-r16-d16384-b1.post.txt	4f13b14e90dce242ed87aa13d0c448a183e122ed	证据集成/W4/Batch-02-R01-R02/W4-R01/本地实验/W4-R01/V001/requal-device2-20261008/paired-d2-r16-d16384-b1.post.txt
W4-R01	V001	W4-R01/V001	1e6b06bb20a266ac3a4edc899163f46038d34d9a	MEASUREMENT_BLOCKED_OBSERVATION_ONLY	INCLUDE_EVIDENCE	93f15d9bab643fa6e8dbf6ed8833a144672d9fb3	4b9dcade629bd7e0fdbe3194c740bd1c7824d107	本地实验/W4-R01/V001/requal-device2-20261008/paired-d2-r16-d16384-b1.pre.txt	17aff6e69d1920b5d3ca2e85428bc931ffbee451	证据集成/W4/Batch-02-R01-R02/W4-R01/本地实验/W4-R01/V001/requal-device2-20261008/paired-d2-r16-d16384-b1.pre.txt
W4-R01	V001	W4-R01/V001	1e6b06bb20a266ac3a4edc899163f46038d34d9a	MEASUREMENT_BLOCKED_OBSERVATION_ONLY	INCLUDE_EVIDENCE	93f15d9bab643fa6e8dbf6ed8833a144672d9fb3	4b9dcade629bd7e0fdbe3194c740bd1c7824d107	本地实验/W4-R01/V001/requal-device2-20261008/paired-d2-r16-d16384-b1.tsv	0a3a43442ff870ff7717eef6ab8cbf586f60c12a	证据集成/W4/Batch-02-R01-R02/W4-R01/本地实验/W4-R01/V001/requal-device2-20261008/paired-d2-r16-d16384-b1.tsv
W4-R01	V001	W4-R01/V001	1e6b06bb20a266ac3a4edc899163f46038d34d9a	MEASUREMENT_BLOCKED_OBSERVATION_ONLY	INCLUDE_EVIDENCE	93f15d9bab643fa6e8dbf6ed8833a144672d9fb3	4b9dcade629bd7e0fdbe3194c740bd1c7824d107	本地实验/W4-R01/V001/requal-device2-20261008/paired-d2-r16-d16384-b2.log	9d607cd82f06420d9594dcec3964a8d8efdd3d99	证据集成/W4/Batch-02-R01-R02/W4-R01/本地实验/W4-R01/V001/requal-device2-20261008/paired-d2-r16-d16384-b2.log
W4-R01	V001	W4-R01/V001	1e6b06bb20a266ac3a4edc899163f46038d34d9a	MEASUREMENT_BLOCKED_OBSERVATION_ONLY	INCLUDE_EVIDENCE	93f15d9bab643fa6e8dbf6ed8833a144672d9fb3	4b9dcade629bd7e0fdbe3194c740bd1c7824d107	本地实验/W4-R01/V001/requal-device2-20261008/paired-d2-r16-d16384-b2.post.txt	7337c440631be18c281a3373a90b610d52c8d8b4	证据集成/W4/Batch-02-R01-R02/W4-R01/本地实验/W4-R01/V001/requal-device2-20261008/paired-d2-r16-d16384-b2.post.txt
W4-R01	V001	W4-R01/V001	1e6b06bb20a266ac3a4edc899163f46038d34d9a	MEASUREMENT_BLOCKED_OBSERVATION_ONLY	INCLUDE_EVIDENCE	93f15d9bab643fa6e8dbf6ed8833a144672d9fb3	4b9dcade629bd7e0fdbe3194c740bd1c7824d107	本地实验/W4-R01/V001/requal-device2-20261008/paired-d2-r16-d16384-b2.pre.txt	0100babf9b9c5d4089399f22cd0a17422f5aec0c	证据集成/W4/Batch-02-R01-R02/W4-R01/本地实验/W4-R01/V001/requal-device2-20261008/paired-d2-r16-d16384-b2.pre.txt
W4-R01	V001	W4-R01/V001	1e6b06bb20a266ac3a4edc899163f46038d34d9a	MEASUREMENT_BLOCKED_OBSERVATION_ONLY	INCLUDE_EVIDENCE	93f15d9bab643fa6e8dbf6ed8833a144672d9fb3	4b9dcade629bd7e0fdbe3194c740bd1c7824d107	本地实验/W4-R01/V001/requal-device2-20261008/paired-d2-r16-d16384-b2.tsv	08221498aec754df676767e2fa60bd9d24aff5b5	证据集成/W4/Batch-02-R01-R02/W4-R01/本地实验/W4-R01/V001/requal-device2-20261008/paired-d2-r16-d16384-b2.tsv
W4-R01	V001	W4-R01/V001	1e6b06bb20a266ac3a4edc899163f46038d34d9a	MEASUREMENT_BLOCKED_OBSERVATION_ONLY	INCLUDE_EVIDENCE	93f15d9bab643fa6e8dbf6ed8833a144672d9fb3	4b9dcade629bd7e0fdbe3194c740bd1c7824d107	本地实验/W4-R01/V001/requal-device2-20261008/paired-d2-r16-d16384-b3.log	f85fce7cec026076d4778f4c6ef8cc2f760641a6	证据集成/W4/Batch-02-R01-R02/W4-R01/本地实验/W4-R01/V001/requal-device2-20261008/paired-d2-r16-d16384-b3.log
W4-R01	V001	W4-R01/V001	1e6b06bb20a266ac3a4edc899163f46038d34d9a	MEASUREMENT_BLOCKED_OBSERVATION_ONLY	INCLUDE_EVIDENCE	93f15d9bab643fa6e8dbf6ed8833a144672d9fb3	4b9dcade629bd7e0fdbe3194c740bd1c7824d107	本地实验/W4-R01/V001/requal-device2-20261008/paired-d2-r16-d16384-b3.post.txt	17ec098d2ff2ebcc231fdc45deb19a307dab1921	证据集成/W4/Batch-02-R01-R02/W4-R01/本地实验/W4-R01/V001/requal-device2-20261008/paired-d2-r16-d16384-b3.post.txt
W4-R01	V001	W4-R01/V001	1e6b06bb20a266ac3a4edc899163f46038d34d9a	MEASUREMENT_BLOCKED_OBSERVATION_ONLY	INCLUDE_EVIDENCE	93f15d9bab643fa6e8dbf6ed8833a144672d9fb3	4b9dcade629bd7e0fdbe3194c740bd1c7824d107	本地实验/W4-R01/V001/requal-device2-20261008/paired-d2-r16-d16384-b3.pre.txt	c7f551c63b722f5dc7842f5ef1507412a2f5a3bd	证据集成/W4/Batch-02-R01-R02/W4-R01/本地实验/W4-R01/V001/requal-device2-20261008/paired-d2-r16-d16384-b3.pre.txt
W4-R01	V001	W4-R01/V001	1e6b06bb20a266ac3a4edc899163f46038d34d9a	MEASUREMENT_BLOCKED_OBSERVATION_ONLY	INCLUDE_EVIDENCE	93f15d9bab643fa6e8dbf6ed8833a144672d9fb3	4b9dcade629bd7e0fdbe3194c740bd1c7824d107	本地实验/W4-R01/V001/requal-device2-20261008/paired-d2-r16-d16384-b3.tsv	5e0f4f7e51cad56b4f04a15220c1ca563d0c5045	证据集成/W4/Batch-02-R01-R02/W4-R01/本地实验/W4-R01/V001/requal-device2-20261008/paired-d2-r16-d16384-b3.tsv
W4-R01	V001	W4-R01/V001	1e6b06bb20a266ac3a4edc899163f46038d34d9a	MEASUREMENT_BLOCKED_OBSERVATION_ONLY	INCLUDE_EVIDENCE	93f15d9bab643fa6e8dbf6ed8833a144672d9fb3	4b9dcade629bd7e0fdbe3194c740bd1c7824d107	本地实验/W4-R01/V001/requal-device2-20261008/paired-d2-r16-d32768-b1.log	5f3d2f37384617554fcff6d9b8b2454a7ab1844a	证据集成/W4/Batch-02-R01-R02/W4-R01/本地实验/W4-R01/V001/requal-device2-20261008/paired-d2-r16-d32768-b1.log
W4-R01	V001	W4-R01/V001	1e6b06bb20a266ac3a4edc899163f46038d34d9a	MEASUREMENT_BLOCKED_OBSERVATION_ONLY	INCLUDE_EVIDENCE	93f15d9bab643fa6e8dbf6ed8833a144672d9fb3	4b9dcade629bd7e0fdbe3194c740bd1c7824d107	本地实验/W4-R01/V001/requal-device2-20261008/paired-d2-r16-d32768-b1.post.txt	2a2bba1e9ff42ed971dd58bc7ffa82f1fce9f0ba	证据集成/W4/Batch-02-R01-R02/W4-R01/本地实验/W4-R01/V001/requal-device2-20261008/paired-d2-r16-d32768-b1.post.txt
W4-R01	V001	W4-R01/V001	1e6b06bb20a266ac3a4edc899163f46038d34d9a	MEASUREMENT_BLOCKED_OBSERVATION_ONLY	INCLUDE_EVIDENCE	93f15d9bab643fa6e8dbf6ed8833a144672d9fb3	4b9dcade629bd7e0fdbe3194c740bd1c7824d107	本地实验/W4-R01/V001/requal-device2-20261008/paired-d2-r16-d32768-b1.pre.txt	58d89066961188c6435a1cfade6145d641560b71	证据集成/W4/Batch-02-R01-R02/W4-R01/本地实验/W4-R01/V001/requal-device2-20261008/paired-d2-r16-d32768-b1.pre.txt
W4-R01	V001	W4-R01/V001	1e6b06bb20a266ac3a4edc899163f46038d34d9a	MEASUREMENT_BLOCKED_OBSERVATION_ONLY	INCLUDE_EVIDENCE	93f15d9bab643fa6e8dbf6ed8833a144672d9fb3	4b9dcade629bd7e0fdbe3194c740bd1c7824d107	本地实验/W4-R01/V001/requal-device2-20261008/paired-d2-r16-d32768-b1.tsv	6c836208d028f5abcb4eaf0cfbc6f4378ed4a0e5	证据集成/W4/Batch-02-R01-R02/W4-R01/本地实验/W4-R01/V001/requal-device2-20261008/paired-d2-r16-d32768-b1.tsv
W4-R01	V001	W4-R01/V001	1e6b06bb20a266ac3a4edc899163f46038d34d9a	MEASUREMENT_BLOCKED_OBSERVATION_ONLY	INCLUDE_EVIDENCE	93f15d9bab643fa6e8dbf6ed8833a144672d9fb3	4b9dcade629bd7e0fdbe3194c740bd1c7824d107	本地实验/W4-R01/V001/requal-device2-20261008/paired-d2-r16-d32768-b2.log	5b5beec37c468f9cfd3822d719c816c30137bca2	证据集成/W4/Batch-02-R01-R02/W4-R01/本地实验/W4-R01/V001/requal-device2-20261008/paired-d2-r16-d32768-b2.log
W4-R01	V001	W4-R01/V001	1e6b06bb20a266ac3a4edc899163f46038d34d9a	MEASUREMENT_BLOCKED_OBSERVATION_ONLY	INCLUDE_EVIDENCE	93f15d9bab643fa6e8dbf6ed8833a144672d9fb3	4b9dcade629bd7e0fdbe3194c740bd1c7824d107	本地实验/W4-R01/V001/requal-device2-20261008/paired-d2-r16-d32768-b2.post.txt	3c2bf2586d730db3d0642b1b628d2298cf7cd9c9	证据集成/W4/Batch-02-R01-R02/W4-R01/本地实验/W4-R01/V001/requal-device2-20261008/paired-d2-r16-d32768-b2.post.txt
W4-R01	V001	W4-R01/V001	1e6b06bb20a266ac3a4edc899163f46038d34d9a	MEASUREMENT_BLOCKED_OBSERVATION_ONLY	INCLUDE_EVIDENCE	93f15d9bab643fa6e8dbf6ed8833a144672d9fb3	4b9dcade629bd7e0fdbe3194c740bd1c7824d107	本地实验/W4-R01/V001/requal-device2-20261008/paired-d2-r16-d32768-b2.pre.txt	96c3b197759571d91ffc7699207925538fc85ed3	证据集成/W4/Batch-02-R01-R02/W4-R01/本地实验/W4-R01/V001/requal-device2-20261008/paired-d2-r16-d32768-b2.pre.txt
W4-R01	V001	W4-R01/V001	1e6b06bb20a266ac3a4edc899163f46038d34d9a	MEASUREMENT_BLOCKED_OBSERVATION_ONLY	INCLUDE_EVIDENCE	93f15d9bab643fa6e8dbf6ed8833a144672d9fb3	4b9dcade629bd7e0fdbe3194c740bd1c7824d107	本地实验/W4-R01/V001/requal-device2-20261008/paired-d2-r16-d32768-b2.tsv	a1c04d7cf4e3de7a4457cc8dfa07e52186bb5da8	证据集成/W4/Batch-02-R01-R02/W4-R01/本地实验/W4-R01/V001/requal-device2-20261008/paired-d2-r16-d32768-b2.tsv
W4-R01	V001	W4-R01/V001	1e6b06bb20a266ac3a4edc899163f46038d34d9a	MEASUREMENT_BLOCKED_OBSERVATION_ONLY	INCLUDE_EVIDENCE	93f15d9bab643fa6e8dbf6ed8833a144672d9fb3	4b9dcade629bd7e0fdbe3194c740bd1c7824d107	本地实验/W4-R01/V001/requal-device2-20261008/paired-d2-r16-d32768-b3.log	e44b37ea776b200d27aa6c398f93b0c94c6669cc	证据集成/W4/Batch-02-R01-R02/W4-R01/本地实验/W4-R01/V001/requal-device2-20261008/paired-d2-r16-d32768-b3.log
W4-R01	V001	W4-R01/V001	1e6b06bb20a266ac3a4edc899163f46038d34d9a	MEASUREMENT_BLOCKED_OBSERVATION_ONLY	INCLUDE_EVIDENCE	93f15d9bab643fa6e8dbf6ed8833a144672d9fb3	4b9dcade629bd7e0fdbe3194c740bd1c7824d107	本地实验/W4-R01/V001/requal-device2-20261008/paired-d2-r16-d32768-b3.post.txt	dead0af287fa8120f835e59768cc50b005a940d5	证据集成/W4/Batch-02-R01-R02/W4-R01/本地实验/W4-R01/V001/requal-device2-20261008/paired-d2-r16-d32768-b3.post.txt
W4-R01	V001	W4-R01/V001	1e6b06bb20a266ac3a4edc899163f46038d34d9a	MEASUREMENT_BLOCKED_OBSERVATION_ONLY	INCLUDE_EVIDENCE	93f15d9bab643fa6e8dbf6ed8833a144672d9fb3	4b9dcade629bd7e0fdbe3194c740bd1c7824d107	本地实验/W4-R01/V001/requal-device2-20261008/paired-d2-r16-d32768-b3.pre.txt	84509b48b8c71c315abe231b6e1dbce0a1d5ecf6	证据集成/W4/Batch-02-R01-R02/W4-R01/本地实验/W4-R01/V001/requal-device2-20261008/paired-d2-r16-d32768-b3.pre.txt
W4-R01	V001	W4-R01/V001	1e6b06bb20a266ac3a4edc899163f46038d34d9a	MEASUREMENT_BLOCKED_OBSERVATION_ONLY	INCLUDE_EVIDENCE	93f15d9bab643fa6e8dbf6ed8833a144672d9fb3	4b9dcade629bd7e0fdbe3194c740bd1c7824d107	本地实验/W4-R01/V001/requal-device2-20261008/paired-d2-r16-d32768-b3.tsv	06f845667696f10f459475ee9973a29ccdba987b	证据集成/W4/Batch-02-R01-R02/W4-R01/本地实验/W4-R01/V001/requal-device2-20261008/paired-d2-r16-d32768-b3.tsv
W4-R01	V001	W4-R01/V001	1e6b06bb20a266ac3a4edc899163f46038d34d9a	MEASUREMENT_BLOCKED_OBSERVATION_ONLY	INCLUDE_EVIDENCE	93f15d9bab643fa6e8dbf6ed8833a144672d9fb3	4b9dcade629bd7e0fdbe3194c740bd1c7824d107	本地实验/W4-R01/V001/requal-device2-20261008/paired-window-end.txt	991e69b409693d9006feee65f3fe65dc6d86a63c	证据集成/W4/Batch-02-R01-R02/W4-R01/本地实验/W4-R01/V001/requal-device2-20261008/paired-window-end.txt
W4-R01	V001	W4-R01/V001	1e6b06bb20a266ac3a4edc899163f46038d34d9a	MEASUREMENT_BLOCKED_OBSERVATION_ONLY	INCLUDE_EVIDENCE	93f15d9bab643fa6e8dbf6ed8833a144672d9fb3	4b9dcade629bd7e0fdbe3194c740bd1c7824d107	本地实验/W4-R01/V001/requal-device2-20261008/paired-window-start.txt	b885d5ce213796dbcdc0f7cebe8c5c32ce88af92	证据集成/W4/Batch-02-R01-R02/W4-R01/本地实验/W4-R01/V001/requal-device2-20261008/paired-window-start.txt
W4-R01	V001	W4-R01/V001	1e6b06bb20a266ac3a4edc899163f46038d34d9a	MEASUREMENT_BLOCKED_OBSERVATION_ONLY	INCLUDE_EVIDENCE	93f15d9bab643fa6e8dbf6ed8833a144672d9fb3	4b9dcade629bd7e0fdbe3194c740bd1c7824d107	本地实验/W4-R01/V001/requal-device2-20261008/reference-probe.json	911d03ef9d8bdb02973530d2c562f2594add6af3	证据集成/W4/Batch-02-R01-R02/W4-R01/本地实验/W4-R01/V001/requal-device2-20261008/reference-probe.json
W4-R01	V001	W4-R01/V001	1e6b06bb20a266ac3a4edc899163f46038d34d9a	MEASUREMENT_BLOCKED_OBSERVATION_ONLY	INCLUDE_EVIDENCE	93f15d9bab643fa6e8dbf6ed8833a144672d9fb3	4b9dcade629bd7e0fdbe3194c740bd1c7824d107	本地实验/W4-R01/V001/requal-device2-20261008/result.json	bbd545fa0c154b8eb1ce70ab7942d78dd0d020c3	证据集成/W4/Batch-02-R01-R02/W4-R01/本地实验/W4-R01/V001/requal-device2-20261008/result.json
W4-R01	V001	W4-R01/V001	1e6b06bb20a266ac3a4edc899163f46038d34d9a	MEASUREMENT_BLOCKED_OBSERVATION_ONLY	INCLUDE_EVIDENCE	93f15d9bab643fa6e8dbf6ed8833a144672d9fb3	4b9dcade629bd7e0fdbe3194c740bd1c7824d107	本地实验/W4-R01/V001/requal-device2-20261008/samefunction-d2-r16-d16384-b1.log	e721235bb8a272ef03f7a420880294255509492e	证据集成/W4/Batch-02-R01-R02/W4-R01/本地实验/W4-R01/V001/requal-device2-20261008/samefunction-d2-r16-d16384-b1.log
W4-R01	V001	W4-R01/V001	1e6b06bb20a266ac3a4edc899163f46038d34d9a	MEASUREMENT_BLOCKED_OBSERVATION_ONLY	INCLUDE_EVIDENCE	93f15d9bab643fa6e8dbf6ed8833a144672d9fb3	4b9dcade629bd7e0fdbe3194c740bd1c7824d107	本地实验/W4-R01/V001/requal-device2-20261008/samefunction-d2-r16-d16384-b1.post.txt	d8e9c83ff6d9865dec8e5d6bf2a931cb13b23338	证据集成/W4/Batch-02-R01-R02/W4-R01/本地实验/W4-R01/V001/requal-device2-20261008/samefunction-d2-r16-d16384-b1.post.txt
W4-R01	V001	W4-R01/V001	1e6b06bb20a266ac3a4edc899163f46038d34d9a	MEASUREMENT_BLOCKED_OBSERVATION_ONLY	INCLUDE_EVIDENCE	93f15d9bab643fa6e8dbf6ed8833a144672d9fb3	4b9dcade629bd7e0fdbe3194c740bd1c7824d107	本地实验/W4-R01/V001/requal-device2-20261008/samefunction-d2-r16-d16384-b1.pre.txt	aebf2d5bbc4c174833cfa1e74c84e89031c1955f	证据集成/W4/Batch-02-R01-R02/W4-R01/本地实验/W4-R01/V001/requal-device2-20261008/samefunction-d2-r16-d16384-b1.pre.txt
W4-R01	V001	W4-R01/V001	1e6b06bb20a266ac3a4edc899163f46038d34d9a	MEASUREMENT_BLOCKED_OBSERVATION_ONLY	INCLUDE_EVIDENCE	93f15d9bab643fa6e8dbf6ed8833a144672d9fb3	4b9dcade629bd7e0fdbe3194c740bd1c7824d107	本地实验/W4-R01/V001/requal-device2-20261008/samefunction-d2-r16-d16384-b1.tsv	ee9a29d3585e0b18454e69dfebde922662ea698d	证据集成/W4/Batch-02-R01-R02/W4-R01/本地实验/W4-R01/V001/requal-device2-20261008/samefunction-d2-r16-d16384-b1.tsv
W4-R01	V001	W4-R01/V001	1e6b06bb20a266ac3a4edc899163f46038d34d9a	MEASUREMENT_BLOCKED_OBSERVATION_ONLY	INCLUDE_EVIDENCE	93f15d9bab643fa6e8dbf6ed8833a144672d9fb3	4b9dcade629bd7e0fdbe3194c740bd1c7824d107	本地实验/W4-R01/V001/requal-device2-20261008/samefunction-d2-r16-d16384-b2.log	37cee469f409a8688e807f42f3ff75385bab367d	证据集成/W4/Batch-02-R01-R02/W4-R01/本地实验/W4-R01/V001/requal-device2-20261008/samefunction-d2-r16-d16384-b2.log
W4-R01	V001	W4-R01/V001	1e6b06bb20a266ac3a4edc899163f46038d34d9a	MEASUREMENT_BLOCKED_OBSERVATION_ONLY	INCLUDE_EVIDENCE	93f15d9bab643fa6e8dbf6ed8833a144672d9fb3	4b9dcade629bd7e0fdbe3194c740bd1c7824d107	本地实验/W4-R01/V001/requal-device2-20261008/samefunction-d2-r16-d16384-b2.post.txt	e59398848886122e2d3b5b3a6844f29a37362b54	证据集成/W4/Batch-02-R01-R02/W4-R01/本地实验/W4-R01/V001/requal-device2-20261008/samefunction-d2-r16-d16384-b2.post.txt
W4-R01	V001	W4-R01/V001	1e6b06bb20a266ac3a4edc899163f46038d34d9a	MEASUREMENT_BLOCKED_OBSERVATION_ONLY	INCLUDE_EVIDENCE	93f15d9bab643fa6e8dbf6ed8833a144672d9fb3	4b9dcade629bd7e0fdbe3194c740bd1c7824d107	本地实验/W4-R01/V001/requal-device2-20261008/samefunction-d2-r16-d16384-b2.pre.txt	41bdbba06fc01089bd647e50e305ccaee182b8d8	证据集成/W4/Batch-02-R01-R02/W4-R01/本地实验/W4-R01/V001/requal-device2-20261008/samefunction-d2-r16-d16384-b2.pre.txt
W4-R01	V001	W4-R01/V001	1e6b06bb20a266ac3a4edc899163f46038d34d9a	MEASUREMENT_BLOCKED_OBSERVATION_ONLY	INCLUDE_EVIDENCE	93f15d9bab643fa6e8dbf6ed8833a144672d9fb3	4b9dcade629bd7e0fdbe3194c740bd1c7824d107	本地实验/W4-R01/V001/requal-device2-20261008/samefunction-d2-r16-d16384-b2.tsv	20672c0aa3642ab536af87d08f784d55ed13f849	证据集成/W4/Batch-02-R01-R02/W4-R01/本地实验/W4-R01/V001/requal-device2-20261008/samefunction-d2-r16-d16384-b2.tsv
W4-R01	V001	W4-R01/V001	1e6b06bb20a266ac3a4edc899163f46038d34d9a	MEASUREMENT_BLOCKED_OBSERVATION_ONLY	INCLUDE_EVIDENCE	93f15d9bab643fa6e8dbf6ed8833a144672d9fb3	4b9dcade629bd7e0fdbe3194c740bd1c7824d107	本地实验/W4-R01/V001/requal-device2-20261008/samefunction-d2-r16-d16384-b3.log	0c82319c8cf8e50ce8471c8370d3326222ce85ea	证据集成/W4/Batch-02-R01-R02/W4-R01/本地实验/W4-R01/V001/requal-device2-20261008/samefunction-d2-r16-d16384-b3.log
W4-R01	V001	W4-R01/V001	1e6b06bb20a266ac3a4edc899163f46038d34d9a	MEASUREMENT_BLOCKED_OBSERVATION_ONLY	INCLUDE_EVIDENCE	93f15d9bab643fa6e8dbf6ed8833a144672d9fb3	4b9dcade629bd7e0fdbe3194c740bd1c7824d107	本地实验/W4-R01/V001/requal-device2-20261008/samefunction-d2-r16-d16384-b3.post.txt	6905c4acc74921afe00806ad02fba528a4c00de8	证据集成/W4/Batch-02-R01-R02/W4-R01/本地实验/W4-R01/V001/requal-device2-20261008/samefunction-d2-r16-d16384-b3.post.txt
W4-R01	V001	W4-R01/V001	1e6b06bb20a266ac3a4edc899163f46038d34d9a	MEASUREMENT_BLOCKED_OBSERVATION_ONLY	INCLUDE_EVIDENCE	93f15d9bab643fa6e8dbf6ed8833a144672d9fb3	4b9dcade629bd7e0fdbe3194c740bd1c7824d107	本地实验/W4-R01/V001/requal-device2-20261008/samefunction-d2-r16-d16384-b3.pre.txt	0d12afb9e5bc5218e7f842679084520f36a37e27	证据集成/W4/Batch-02-R01-R02/W4-R01/本地实验/W4-R01/V001/requal-device2-20261008/samefunction-d2-r16-d16384-b3.pre.txt
W4-R01	V001	W4-R01/V001	1e6b06bb20a266ac3a4edc899163f46038d34d9a	MEASUREMENT_BLOCKED_OBSERVATION_ONLY	INCLUDE_EVIDENCE	93f15d9bab643fa6e8dbf6ed8833a144672d9fb3	4b9dcade629bd7e0fdbe3194c740bd1c7824d107	本地实验/W4-R01/V001/requal-device2-20261008/samefunction-d2-r16-d16384-b3.tsv	27b41597e09fab62ca653a10e154ced07337812c	证据集成/W4/Batch-02-R01-R02/W4-R01/本地实验/W4-R01/V001/requal-device2-20261008/samefunction-d2-r16-d16384-b3.tsv
W4-R01	V001	W4-R01/V001	1e6b06bb20a266ac3a4edc899163f46038d34d9a	MEASUREMENT_BLOCKED_OBSERVATION_ONLY	INCLUDE_EVIDENCE	93f15d9bab643fa6e8dbf6ed8833a144672d9fb3	4b9dcade629bd7e0fdbe3194c740bd1c7824d107	本地实验/W4-R01/V001/requal-device2-20261008/window-end.txt	a41a5c6a341a67a7a5e5126fea40461dedf4514a	证据集成/W4/Batch-02-R01-R02/W4-R01/本地实验/W4-R01/V001/requal-device2-20261008/window-end.txt
W4-R01	V001	W4-R01/V001	1e6b06bb20a266ac3a4edc899163f46038d34d9a	MEASUREMENT_BLOCKED_OBSERVATION_ONLY	INCLUDE_EVIDENCE	93f15d9bab643fa6e8dbf6ed8833a144672d9fb3	4b9dcade629bd7e0fdbe3194c740bd1c7824d107	本地实验/W4-R01/V001/requal-device2-20261008/window-start.txt	071c8d22343fc3380136146e30903c48adb2de9f	证据集成/W4/Batch-02-R01-R02/W4-R01/本地实验/W4-R01/V001/requal-device2-20261008/window-start.txt
W4-R01	V001	W4-R01/V001	1e6b06bb20a266ac3a4edc899163f46038d34d9a	MEASUREMENT_BLOCKED_OBSERVATION_ONLY	INCLUDE_EVIDENCE	1e6b06bb20a266ac3a4edc899163f46038d34d9a	4b9dcade629bd7e0fdbe3194c740bd1c7824d107	本地实验/W4-R01/V001/results/local-v001-device1-r16-d16384-b1.tsv	d0dcbd9ad16a68ec26899e7f1db63ba3ac9b1090	证据集成/W4/Batch-02-R01-R02/W4-R01/本地实验/W4-R01/V001/results/local-v001-device1-r16-d16384-b1.tsv
W4-R01	V001	W4-R01/V001	1e6b06bb20a266ac3a4edc899163f46038d34d9a	MEASUREMENT_BLOCKED_OBSERVATION_ONLY	INCLUDE_EVIDENCE	1e6b06bb20a266ac3a4edc899163f46038d34d9a	4b9dcade629bd7e0fdbe3194c740bd1c7824d107	本地实验/W4-R01/V001/results/local-v001-device1-r16-d16384-b2.tsv	1247940272a8f62ea66a621f33a591f596771ccc	证据集成/W4/Batch-02-R01-R02/W4-R01/本地实验/W4-R01/V001/results/local-v001-device1-r16-d16384-b2.tsv
W4-R01	V001	W4-R01/V001	1e6b06bb20a266ac3a4edc899163f46038d34d9a	MEASUREMENT_BLOCKED_OBSERVATION_ONLY	INCLUDE_EVIDENCE	1e6b06bb20a266ac3a4edc899163f46038d34d9a	4b9dcade629bd7e0fdbe3194c740bd1c7824d107	本地实验/W4-R01/V001/results/local-v001-device1-r16-d16384-b3.tsv	7142088dac81bb1a2468c2e3534249223a3a2fb7	证据集成/W4/Batch-02-R01-R02/W4-R01/本地实验/W4-R01/V001/results/local-v001-device1-r16-d16384-b3.tsv
W4-R01	V001	W4-R01/V001	1e6b06bb20a266ac3a4edc899163f46038d34d9a	MEASUREMENT_BLOCKED_OBSERVATION_ONLY	INCLUDE_EVIDENCE	1e6b06bb20a266ac3a4edc899163f46038d34d9a	4b9dcade629bd7e0fdbe3194c740bd1c7824d107	本地实验/W4-R01/V001/results/local-v001-device2-r16-d16384-b2.tsv	81656df407cded8a752edfbe25b3a2c7dbfcf7d7	证据集成/W4/Batch-02-R01-R02/W4-R01/本地实验/W4-R01/V001/results/local-v001-device2-r16-d16384-b2.tsv
W4-R01	V001	W4-R01/V001	1e6b06bb20a266ac3a4edc899163f46038d34d9a	MEASUREMENT_BLOCKED_OBSERVATION_ONLY	INCLUDE_EVIDENCE	1e6b06bb20a266ac3a4edc899163f46038d34d9a	4b9dcade629bd7e0fdbe3194c740bd1c7824d107	本地实验/W4-R01/V001/results/local-v001-device2-r16-d16384-b3.tsv	9b7ad5a0e2557d5d455ecd2ee8714d73ca59f326	证据集成/W4/Batch-02-R01-R02/W4-R01/本地实验/W4-R01/V001/results/local-v001-device2-r16-d16384-b3.tsv
W4-R01	V001	W4-R01/V001	1e6b06bb20a266ac3a4edc899163f46038d34d9a	MEASUREMENT_BLOCKED_OBSERVATION_ONLY	INCLUDE_EVIDENCE	1e6b06bb20a266ac3a4edc899163f46038d34d9a	4b9dcade629bd7e0fdbe3194c740bd1c7824d107	本地实验/W4-R01/V001/results/local-v001-device2-r16-d16384.tsv	3958c8015f104254251fe1e3f883e5bf553a8261	证据集成/W4/Batch-02-R01-R02/W4-R01/本地实验/W4-R01/V001/results/local-v001-device2-r16-d16384.tsv
W4-R01	V001	W4-R01/V001	1e6b06bb20a266ac3a4edc899163f46038d34d9a	MEASUREMENT_BLOCKED_OBSERVATION_ONLY	INCLUDE_EVIDENCE	1e6b06bb20a266ac3a4edc899163f46038d34d9a	4b9dcade629bd7e0fdbe3194c740bd1c7824d107	本地实验/W4-R01/V001/results/local-v001-device2-r16-d32768-b2.tsv	20717893af1060f47e830da8d594e8171ba498f0	证据集成/W4/Batch-02-R01-R02/W4-R01/本地实验/W4-R01/V001/results/local-v001-device2-r16-d32768-b2.tsv
W4-R01	V001	W4-R01/V001	1e6b06bb20a266ac3a4edc899163f46038d34d9a	MEASUREMENT_BLOCKED_OBSERVATION_ONLY	INCLUDE_EVIDENCE	1e6b06bb20a266ac3a4edc899163f46038d34d9a	4b9dcade629bd7e0fdbe3194c740bd1c7824d107	本地实验/W4-R01/V001/results/local-v001-device2-r16-d32768.tsv	f89676483f424abb4e6a06b21b895ca18881842b	证据集成/W4/Batch-02-R01-R02/W4-R01/本地实验/W4-R01/V001/results/local-v001-device2-r16-d32768.tsv
W4-R01	V001	W4-R01/V001	1e6b06bb20a266ac3a4edc899163f46038d34d9a	MEASUREMENT_BLOCKED_OBSERVATION_ONLY	INCLUDE_EVIDENCE	1e6b06bb20a266ac3a4edc899163f46038d34d9a	4b9dcade629bd7e0fdbe3194c740bd1c7824d107	本地实验/W4-R01/V001/results/local-v001-device3-r16-d16352.tsv	b345d37c4276dc33e54bcb56dbbfab6aa2fad952	证据集成/W4/Batch-02-R01-R02/W4-R01/本地实验/W4-R01/V001/results/local-v001-device3-r16-d16352.tsv
W4-R01	V001	W4-R01/V001	1e6b06bb20a266ac3a4edc899163f46038d34d9a	MEASUREMENT_BLOCKED_OBSERVATION_ONLY	INCLUDE_EVIDENCE	1e6b06bb20a266ac3a4edc899163f46038d34d9a	4b9dcade629bd7e0fdbe3194c740bd1c7824d107	本地实验/W4-R01/V001/results/local-v001-device3-r16-d16384-b2.tsv	8bff96c83cbfb3eb4e62262cbc45af72786139ec	证据集成/W4/Batch-02-R01-R02/W4-R01/本地实验/W4-R01/V001/results/local-v001-device3-r16-d16384-b2.tsv
W4-R01	V001	W4-R01/V001	1e6b06bb20a266ac3a4edc899163f46038d34d9a	MEASUREMENT_BLOCKED_OBSERVATION_ONLY	INCLUDE_EVIDENCE	1e6b06bb20a266ac3a4edc899163f46038d34d9a	4b9dcade629bd7e0fdbe3194c740bd1c7824d107	本地实验/W4-R01/V001/results/local-v001-device3-r16-d16384-b3.tsv	e999ae16f8fd9198415ee940c70f8241032a3db1	证据集成/W4/Batch-02-R01-R02/W4-R01/本地实验/W4-R01/V001/results/local-v001-device3-r16-d16384-b3.tsv
W4-R01	V001	W4-R01/V001	1e6b06bb20a266ac3a4edc899163f46038d34d9a	MEASUREMENT_BLOCKED_OBSERVATION_ONLY	INCLUDE_EVIDENCE	1e6b06bb20a266ac3a4edc899163f46038d34d9a	4b9dcade629bd7e0fdbe3194c740bd1c7824d107	本地实验/W4-R01/V001/results/local-v001-device3-r16-d16384.tsv	74c4207cb213e6d4793497196776081b465af593	证据集成/W4/Batch-02-R01-R02/W4-R01/本地实验/W4-R01/V001/results/local-v001-device3-r16-d16384.tsv
W4-R01	V001	W4-R01/V001	1e6b06bb20a266ac3a4edc899163f46038d34d9a	MEASUREMENT_BLOCKED_OBSERVATION_ONLY	INCLUDE_EVIDENCE	1e6b06bb20a266ac3a4edc899163f46038d34d9a	4b9dcade629bd7e0fdbe3194c740bd1c7824d107	本地实验/W4-R01/V001/results/local-v001-device3-r16-d32768-b2.tsv	7b6851dd04afebf9f312ed9d96082a8b8fea21c6	证据集成/W4/Batch-02-R01-R02/W4-R01/本地实验/W4-R01/V001/results/local-v001-device3-r16-d32768-b2.tsv
W4-R01	V001	W4-R01/V001	1e6b06bb20a266ac3a4edc899163f46038d34d9a	MEASUREMENT_BLOCKED_OBSERVATION_ONLY	INCLUDE_EVIDENCE	1e6b06bb20a266ac3a4edc899163f46038d34d9a	4b9dcade629bd7e0fdbe3194c740bd1c7824d107	本地实验/W4-R01/V001/results/local-v001-device3-r16-d32768.tsv	f3fb4da009033bf08d8b00cd50acf49fc84d8b6d	证据集成/W4/Batch-02-R01-R02/W4-R01/本地实验/W4-R01/V001/results/local-v001-device3-r16-d32768.tsv
W4-R01	V001	W4-R01/V001	1e6b06bb20a266ac3a4edc899163f46038d34d9a	MEASUREMENT_BLOCKED_OBSERVATION_ONLY	INCLUDE_EVIDENCE	1e6b06bb20a266ac3a4edc899163f46038d34d9a	4b9dcade629bd7e0fdbe3194c740bd1c7824d107	本地实验/W4-R01/V001/results/samebinary-d2-r16-d16384-b1.tsv	209266c223122238a8fe070230b038c0cbffef39	证据集成/W4/Batch-02-R01-R02/W4-R01/本地实验/W4-R01/V001/results/samebinary-d2-r16-d16384-b1.tsv
W4-R01	V001	W4-R01/V001	1e6b06bb20a266ac3a4edc899163f46038d34d9a	MEASUREMENT_BLOCKED_OBSERVATION_ONLY	INCLUDE_EVIDENCE	1e6b06bb20a266ac3a4edc899163f46038d34d9a	4b9dcade629bd7e0fdbe3194c740bd1c7824d107	本地实验/W4-R01/V001/results/samebinary-d2-r16-d16384-b2.tsv	be3f9093986c65f200a05a25fb94cc8628ee624f	证据集成/W4/Batch-02-R01-R02/W4-R01/本地实验/W4-R01/V001/results/samebinary-d2-r16-d16384-b2.tsv
W4-R01	V001	W4-R01/V001	1e6b06bb20a266ac3a4edc899163f46038d34d9a	MEASUREMENT_BLOCKED_OBSERVATION_ONLY	INCLUDE_EVIDENCE	1e6b06bb20a266ac3a4edc899163f46038d34d9a	4b9dcade629bd7e0fdbe3194c740bd1c7824d107	本地实验/W4-R01/V001/results/samebinary-d2-r16-d16384-b3.tsv	f60bd8e3c500769d94f27772e017352ca9732683	证据集成/W4/Batch-02-R01-R02/W4-R01/本地实验/W4-R01/V001/results/samebinary-d2-r16-d16384-b3.tsv
W4-R01	V001	W4-R01/V001	1e6b06bb20a266ac3a4edc899163f46038d34d9a	MEASUREMENT_BLOCKED_OBSERVATION_ONLY	INCLUDE_EVIDENCE	1e6b06bb20a266ac3a4edc899163f46038d34d9a	4b9dcade629bd7e0fdbe3194c740bd1c7824d107	本地实验/W4-R01/V001/results/samebinary-d3-r16-d16384-b1.tsv	d621dfea119b8ebe177e5142f722aff30c54397a	证据集成/W4/Batch-02-R01-R02/W4-R01/本地实验/W4-R01/V001/results/samebinary-d3-r16-d16384-b1.tsv
W4-R01	V001	W4-R01/V001	1e6b06bb20a266ac3a4edc899163f46038d34d9a	MEASUREMENT_BLOCKED_OBSERVATION_ONLY	INCLUDE_EVIDENCE	1e6b06bb20a266ac3a4edc899163f46038d34d9a	4b9dcade629bd7e0fdbe3194c740bd1c7824d107	本地实验/W4-R01/V001/results/samebinary-d3-r16-d16384-b2.tsv	6f88a6351cf5d6e05b14a2bc6fd2232b66c3a8d9	证据集成/W4/Batch-02-R01-R02/W4-R01/本地实验/W4-R01/V001/results/samebinary-d3-r16-d16384-b2.tsv
W4-R01	V001	W4-R01/V001	1e6b06bb20a266ac3a4edc899163f46038d34d9a	MEASUREMENT_BLOCKED_OBSERVATION_ONLY	INCLUDE_EVIDENCE	1e6b06bb20a266ac3a4edc899163f46038d34d9a	4b9dcade629bd7e0fdbe3194c740bd1c7824d107	本地实验/W4-R01/V001/results/samebinary-d3-r16-d16384-b3.tsv	b05f7ae5bcdbf9ba66ea0c8d485585869060cfa2	证据集成/W4/Batch-02-R01-R02/W4-R01/本地实验/W4-R01/V001/results/samebinary-d3-r16-d16384-b3.tsv
W4-R01	V001	W4-R01/V001	1e6b06bb20a266ac3a4edc899163f46038d34d9a	MEASUREMENT_BLOCKED_OBSERVATION_ONLY	INCLUDE_EVIDENCE	1e6b06bb20a266ac3a4edc899163f46038d34d9a	4b9dcade629bd7e0fdbe3194c740bd1c7824d107	本地实验/W4-R01/V001/samebinary/compile-samebinary.log	59c74340c51de19dd259079a7e6914b7097cdad2	证据集成/W4/Batch-02-R01-R02/W4-R01/本地实验/W4-R01/V001/samebinary/compile-samebinary.log
W4-R01	V001	W4-R01/V001	1e6b06bb20a266ac3a4edc899163f46038d34d9a	MEASUREMENT_BLOCKED_OBSERVATION_ONLY	INCLUDE_EVIDENCE	1e6b06bb20a266ac3a4edc899163f46038d34d9a	4b9dcade629bd7e0fdbe3194c740bd1c7824d107	本地实验/W4-R01/V001/samebinary/configure-samebinary.log	d87a651c9f17f154a21d32933a252ec686625eb7	证据集成/W4/Batch-02-R01-R02/W4-R01/本地实验/W4-R01/V001/samebinary/configure-samebinary.log
W4-R01	V001	W4-R01/V001	1e6b06bb20a266ac3a4edc899163f46038d34d9a	MEASUREMENT_BLOCKED_OBSERVATION_ONLY	EXCLUDE_SOURCE_SUPPORT	1e6b06bb20a266ac3a4edc899163f46038d34d9a	4b9dcade629bd7e0fdbe3194c740bd1c7824d107	本地实验/W4-R01/V001/support/CMakeLists.txt	e812e4b889bf5891344195e5d3e20df99f1fe62e	EXCLUDED_NOT_COPIED
W4-R01	V001	W4-R01/V001	1e6b06bb20a266ac3a4edc899163f46038d34d9a	MEASUREMENT_BLOCKED_OBSERVATION_ONLY	EXCLUDE_SOURCE_SUPPORT	4b9dcade629bd7e0fdbe3194c740bd1c7824d107	4b9dcade629bd7e0fdbe3194c740bd1c7824d107	本地实验/W4-R01/V001/support/analyze_requalification.py	55efb6e71db9b311045bdc9332c44756b872d801	EXCLUDED_NOT_COPIED
W4-R01	V001	W4-R01/V001	1e6b06bb20a266ac3a4edc899163f46038d34d9a	MEASUREMENT_BLOCKED_OBSERVATION_ONLY	EXCLUDE_SOURCE_SUPPORT	1e6b06bb20a266ac3a4edc899163f46038d34d9a	4b9dcade629bd7e0fdbe3194c740bd1c7824d107	本地实验/W4-R01/V001/support/candidate_adapter.asc	c80db9b5125e177971939da98a4e765d9e0f05cf	EXCLUDED_NOT_COPIED
W4-R01	V001	W4-R01/V001	1e6b06bb20a266ac3a4edc899163f46038d34d9a	MEASUREMENT_BLOCKED_OBSERVATION_ONLY	EXCLUDE_SOURCE_SUPPORT	4b9dcade629bd7e0fdbe3194c740bd1c7824d107	4b9dcade629bd7e0fdbe3194c740bd1c7824d107	本地实验/W4-R01/V001/support/collect_task_time.sh	b2bf113f942bbd238a2ff3b4e183d1ccfaaee684	EXCLUDED_NOT_COPIED
W4-R01	V001	W4-R01/V001	1e6b06bb20a266ac3a4edc899163f46038d34d9a	MEASUREMENT_BLOCKED_OBSERVATION_ONLY	INCLUDE_EVIDENCE	1e6b06bb20a266ac3a4edc899163f46038d34d9a	4b9dcade629bd7e0fdbe3194c740bd1c7824d107	本地实验/W4-R01/V001/support/compile-runner-v001-server3-attempt2.log	87d541c8f5715627572f1aec8ddc00ec4db20ce9	证据集成/W4/Batch-02-R01-R02/W4-R01/本地实验/W4-R01/V001/support/compile-runner-v001-server3-attempt2.log
W4-R01	V001	W4-R01/V001	1e6b06bb20a266ac3a4edc899163f46038d34d9a	MEASUREMENT_BLOCKED_OBSERVATION_ONLY	INCLUDE_EVIDENCE	1e6b06bb20a266ac3a4edc899163f46038d34d9a	4b9dcade629bd7e0fdbe3194c740bd1c7824d107	本地实验/W4-R01/V001/support/compile-runner-v001-server3.log	4fdadcf00cb101d5dfade8e60ca3cd0de8e0c4cc	证据集成/W4/Batch-02-R01-R02/W4-R01/本地实验/W4-R01/V001/support/compile-runner-v001-server3.log
W4-R01	V001	W4-R01/V001	1e6b06bb20a266ac3a4edc899163f46038d34d9a	MEASUREMENT_BLOCKED_OBSERVATION_ONLY	INCLUDE_EVIDENCE	1e6b06bb20a266ac3a4edc899163f46038d34d9a	4b9dcade629bd7e0fdbe3194c740bd1c7824d107	本地实验/W4-R01/V001/support/configure-runner-v001-server3.log	8e44b97ff6bcaa5ab035e63637a218f8758725aa	证据集成/W4/Batch-02-R01-R02/W4-R01/本地实验/W4-R01/V001/support/configure-runner-v001-server3.log
W4-R01	V001	W4-R01/V001	1e6b06bb20a266ac3a4edc899163f46038d34d9a	MEASUREMENT_BLOCKED_OBSERVATION_ONLY	INCLUDE_EVIDENCE	c8a1577ddcb53dd3f67048d09117a865480af359	4b9dcade629bd7e0fdbe3194c740bd1c7824d107	本地实验/W4-R01/V001/support/correctness-v001-relog-d7-r16-d16352.log	36ed7fd77dfdb408f9c1643a311017ccc99f003e	证据集成/W4/Batch-02-R01-R02/W4-R01/本地实验/W4-R01/V001/support/correctness-v001-relog-d7-r16-d16352.log
W4-R01	V001	W4-R01/V001	1e6b06bb20a266ac3a4edc899163f46038d34d9a	MEASUREMENT_BLOCKED_OBSERVATION_ONLY	INCLUDE_EVIDENCE	c8a1577ddcb53dd3f67048d09117a865480af359	4b9dcade629bd7e0fdbe3194c740bd1c7824d107	本地实验/W4-R01/V001/support/correctness-v001-relog-d7-r16-d16384.log	19fcb43279177f16dbc80ff1c7985b4c41f86f85	证据集成/W4/Batch-02-R01-R02/W4-R01/本地实验/W4-R01/V001/support/correctness-v001-relog-d7-r16-d16384.log
W4-R01	V001	W4-R01/V001	1e6b06bb20a266ac3a4edc899163f46038d34d9a	MEASUREMENT_BLOCKED_OBSERVATION_ONLY	INCLUDE_EVIDENCE	c8a1577ddcb53dd3f67048d09117a865480af359	4b9dcade629bd7e0fdbe3194c740bd1c7824d107	本地实验/W4-R01/V001/support/correctness-v001-relog-d7-r16-d32768.log	a0575f633a373fb13525277fdf8f0fa32b3abd24	证据集成/W4/Batch-02-R01-R02/W4-R01/本地实验/W4-R01/V001/support/correctness-v001-relog-d7-r16-d32768.log
W4-R01	V001	W4-R01/V001	1e6b06bb20a266ac3a4edc899163f46038d34d9a	MEASUREMENT_BLOCKED_OBSERVATION_ONLY	INCLUDE_EVIDENCE	c8a1577ddcb53dd3f67048d09117a865480af359	4b9dcade629bd7e0fdbe3194c740bd1c7824d107	本地实验/W4-R01/V001/support/correctness-v001-relog-d7-r8-d16384.log	06014f710f2abba7865508dea09280b02e9effa1	证据集成/W4/Batch-02-R01-R02/W4-R01/本地实验/W4-R01/V001/support/correctness-v001-relog-d7-r8-d16384.log
W4-R01	V001	W4-R01/V001	1e6b06bb20a266ac3a4edc899163f46038d34d9a	MEASUREMENT_BLOCKED_OBSERVATION_ONLY	EXCLUDE_SOURCE_SUPPORT	1e6b06bb20a266ac3a4edc899163f46038d34d9a	4b9dcade629bd7e0fdbe3194c740bd1c7824d107	本地实验/W4-R01/V001/support/parent_adapter.asc	d5c9df28ed2a8f26b020c6c551eb8cc400846dd9	EXCLUDED_NOT_COPIED
W4-R01	V001	W4-R01/V001	1e6b06bb20a266ac3a4edc899163f46038d34d9a	MEASUREMENT_BLOCKED_OBSERVATION_ONLY	EXCLUDE_SOURCE_SUPPORT	1e6b06bb20a266ac3a4edc899163f46038d34d9a	4b9dcade629bd7e0fdbe3194c740bd1c7824d107	本地实验/W4-R01/V001/support/parentcopy_adapter.asc	d5c9df28ed2a8f26b020c6c551eb8cc400846dd9	EXCLUDED_NOT_COPIED
W4-R01	V001	W4-R01/V001	1e6b06bb20a266ac3a4edc899163f46038d34d9a	MEASUREMENT_BLOCKED_OBSERVATION_ONLY	EXCLUDE_SOURCE_SUPPORT	c8a1577ddcb53dd3f67048d09117a865480af359	4b9dcade629bd7e0fdbe3194c740bd1c7824d107	本地实验/W4-R01/V001/support/recompute_local_result.py	dce9b9ba875903dadb46e74d64993fd1733228ec	EXCLUDED_NOT_COPIED
W4-R01	V001	W4-R01/V001	1e6b06bb20a266ac3a4edc899163f46038d34d9a	MEASUREMENT_BLOCKED_OBSERVATION_ONLY	EXCLUDE_SOURCE_SUPPORT	93f15d9bab643fa6e8dbf6ed8833a144672d9fb3	4b9dcade629bd7e0fdbe3194c740bd1c7824d107	本地实验/W4-R01/V001/support/reference_probe.py	357a298e7c47f01385fa5f3e94b0d2560f339118	EXCLUDED_NOT_COPIED
W4-R01	V001	W4-R01/V001	1e6b06bb20a266ac3a4edc899163f46038d34d9a	MEASUREMENT_BLOCKED_OBSERVATION_ONLY	INCLUDE_EVIDENCE	93f15d9bab643fa6e8dbf6ed8833a144672d9fb3	4b9dcade629bd7e0fdbe3194c740bd1c7824d107	本地实验/W4-R01/V001/support/requal-20261008/postflight.npu-smi.txt	6294837eef72bcc03c99bbcd7f6c855514dadc3c	证据集成/W4/Batch-02-R01-R02/W4-R01/本地实验/W4-R01/V001/support/requal-20261008/postflight.npu-smi.txt
W4-R01	V001	W4-R01/V001	1e6b06bb20a266ac3a4edc899163f46038d34d9a	MEASUREMENT_BLOCKED_OBSERVATION_ONLY	INCLUDE_EVIDENCE	93f15d9bab643fa6e8dbf6ed8833a144672d9fb3	4b9dcade629bd7e0fdbe3194c740bd1c7824d107	本地实验/W4-R01/V001/support/requal-20261008/postflight.processes.txt	34b1fa569dc29d4a31771247dc7aaab4afda0e5d	证据集成/W4/Batch-02-R01-R02/W4-R01/本地实验/W4-R01/V001/support/requal-20261008/postflight.processes.txt
W4-R01	V001	W4-R01/V001	1e6b06bb20a266ac3a4edc899163f46038d34d9a	MEASUREMENT_BLOCKED_OBSERVATION_ONLY	INCLUDE_EVIDENCE	93f15d9bab643fa6e8dbf6ed8833a144672d9fb3	4b9dcade629bd7e0fdbe3194c740bd1c7824d107	本地实验/W4-R01/V001/support/requal-20261008/preflight.npu-smi.txt	3b72d7e584d9f91760bcfaecdba100eca1bd1cc1	证据集成/W4/Batch-02-R01-R02/W4-R01/本地实验/W4-R01/V001/support/requal-20261008/preflight.npu-smi.txt
W4-R01	V001	W4-R01/V001	1e6b06bb20a266ac3a4edc899163f46038d34d9a	MEASUREMENT_BLOCKED_OBSERVATION_ONLY	INCLUDE_EVIDENCE	93f15d9bab643fa6e8dbf6ed8833a144672d9fb3	4b9dcade629bd7e0fdbe3194c740bd1c7824d107	本地实验/W4-R01/V001/support/requal-20261008/preflight.processes.txt	d764e1d3878f31365397f77b9f89f9ee09d00394	证据集成/W4/Batch-02-R01-R02/W4-R01/本地实验/W4-R01/V001/support/requal-20261008/preflight.processes.txt
W4-R01	V001	W4-R01/V001	1e6b06bb20a266ac3a4edc899163f46038d34d9a	MEASUREMENT_BLOCKED_OBSERVATION_ONLY	INCLUDE_EVIDENCE	93f15d9bab643fa6e8dbf6ed8833a144672d9fb3	4b9dcade629bd7e0fdbe3194c740bd1c7824d107	本地实验/W4-R01/V001/support/requal-20261008/samebinary-b1.log	6a16a4a2e163eebd504fa4c9fe12b51fd6f70ffd	证据集成/W4/Batch-02-R01-R02/W4-R01/本地实验/W4-R01/V001/support/requal-20261008/samebinary-b1.log
W4-R01	V001	W4-R01/V001	1e6b06bb20a266ac3a4edc899163f46038d34d9a	MEASUREMENT_BLOCKED_OBSERVATION_ONLY	INCLUDE_EVIDENCE	93f15d9bab643fa6e8dbf6ed8833a144672d9fb3	4b9dcade629bd7e0fdbe3194c740bd1c7824d107	本地实验/W4-R01/V001/support/requal-20261008/samebinary-b1.tsv	8dcbd6877cdd7a3c2fdfd6b21981ffdeed8960d7	证据集成/W4/Batch-02-R01-R02/W4-R01/本地实验/W4-R01/V001/support/requal-20261008/samebinary-b1.tsv
W4-R01	V001	W4-R01/V001	1e6b06bb20a266ac3a4edc899163f46038d34d9a	MEASUREMENT_BLOCKED_OBSERVATION_ONLY	INCLUDE_EVIDENCE	93f15d9bab643fa6e8dbf6ed8833a144672d9fb3	4b9dcade629bd7e0fdbe3194c740bd1c7824d107	本地实验/W4-R01/V001/support/requal-20261008/samebinary-b2.log	a85bc1b95afb83548e057af95f620c658901845e	证据集成/W4/Batch-02-R01-R02/W4-R01/本地实验/W4-R01/V001/support/requal-20261008/samebinary-b2.log
W4-R01	V001	W4-R01/V001	1e6b06bb20a266ac3a4edc899163f46038d34d9a	MEASUREMENT_BLOCKED_OBSERVATION_ONLY	INCLUDE_EVIDENCE	93f15d9bab643fa6e8dbf6ed8833a144672d9fb3	4b9dcade629bd7e0fdbe3194c740bd1c7824d107	本地实验/W4-R01/V001/support/requal-20261008/samebinary-b2.tsv	1c902f439e8c846d7080f4afd222969a81b0eb04	证据集成/W4/Batch-02-R01-R02/W4-R01/本地实验/W4-R01/V001/support/requal-20261008/samebinary-b2.tsv
W4-R01	V001	W4-R01/V001	1e6b06bb20a266ac3a4edc899163f46038d34d9a	MEASUREMENT_BLOCKED_OBSERVATION_ONLY	INCLUDE_EVIDENCE	93f15d9bab643fa6e8dbf6ed8833a144672d9fb3	4b9dcade629bd7e0fdbe3194c740bd1c7824d107	本地实验/W4-R01/V001/support/requal-20261008/samebinary-b3.log	1d87402a0dbbb3800727b3c97c89844a79ff10a6	证据集成/W4/Batch-02-R01-R02/W4-R01/本地实验/W4-R01/V001/support/requal-20261008/samebinary-b3.log
W4-R01	V001	W4-R01/V001	1e6b06bb20a266ac3a4edc899163f46038d34d9a	MEASUREMENT_BLOCKED_OBSERVATION_ONLY	INCLUDE_EVIDENCE	93f15d9bab643fa6e8dbf6ed8833a144672d9fb3	4b9dcade629bd7e0fdbe3194c740bd1c7824d107	本地实验/W4-R01/V001/support/requal-20261008/samebinary-b3.tsv	8a6b538e2c554f74c87a00565f363284119db07d	证据集成/W4/Batch-02-R01-R02/W4-R01/本地实验/W4-R01/V001/support/requal-20261008/samebinary-b3.tsv
W4-R01	V001	W4-R01/V001	1e6b06bb20a266ac3a4edc899163f46038d34d9a	MEASUREMENT_BLOCKED_OBSERVATION_ONLY	EXCLUDE_SOURCE_SUPPORT	1e6b06bb20a266ac3a4edc899163f46038d34d9a	4b9dcade629bd7e0fdbe3194c740bd1c7824d107	本地实验/W4-R01/V001/support/runner_abi.h	0b47603fc5a303efe00b0b66d79d72786d8435bb	EXCLUDED_NOT_COPIED
W4-R01	V001	W4-R01/V001	1e6b06bb20a266ac3a4edc899163f46038d34d9a	MEASUREMENT_BLOCKED_OBSERVATION_ONLY	EXCLUDE_SOURCE_SUPPORT	4b9dcade629bd7e0fdbe3194c740bd1c7824d107	4b9dcade629bd7e0fdbe3194c740bd1c7824d107	本地实验/W4-R01/V001/support/runner_main.cpp	1cf7fa1f1d6f501344642187515e4269bd5bfa68	EXCLUDED_NOT_COPIED
W4-R01	V001	W4-R01/V001	1e6b06bb20a266ac3a4edc899163f46038d34d9a	MEASUREMENT_BLOCKED_OBSERVATION_ONLY	EXCLUDE_SOURCE_SUPPORT	1e6b06bb20a266ac3a4edc899163f46038d34d9a	4b9dcade629bd7e0fdbe3194c740bd1c7824d107	本地实验/W4-R01/V001/support/samebinary/CMakeLists.txt	cbf13028eef981a021116bc74672d25ca2558ac0	EXCLUDED_NOT_COPIED
W4-R01	V001	W4-R01/V001	1e6b06bb20a266ac3a4edc899163f46038d34d9a	MEASUREMENT_BLOCKED_OBSERVATION_ONLY	INCLUDE_EVIDENCE	1e6b06bb20a266ac3a4edc899163f46038d34d9a	4b9dcade629bd7e0fdbe3194c740bd1c7824d107	本地实验/W4-R01/V001/support/samebinary/compile-samebinary.log	59c74340c51de19dd259079a7e6914b7097cdad2	证据集成/W4/Batch-02-R01-R02/W4-R01/本地实验/W4-R01/V001/support/samebinary/compile-samebinary.log
W4-R01	V001	W4-R01/V001	1e6b06bb20a266ac3a4edc899163f46038d34d9a	MEASUREMENT_BLOCKED_OBSERVATION_ONLY	EXCLUDE_SOURCE_SUPPORT	1e6b06bb20a266ac3a4edc899163f46038d34d9a	4b9dcade629bd7e0fdbe3194c740bd1c7824d107	本地实验/W4-R01/V001/support/samebinary/parent_adapter.asc	15e27ae94fc314e34df4105c8c8af33ca83b7054	EXCLUDED_NOT_COPIED
W4-R01	V001	W4-R01/V001	1e6b06bb20a266ac3a4edc899163f46038d34d9a	MEASUREMENT_BLOCKED_OBSERVATION_ONLY	EXCLUDE_SOURCE_SUPPORT	1e6b06bb20a266ac3a4edc899163f46038d34d9a	4b9dcade629bd7e0fdbe3194c740bd1c7824d107	本地实验/W4-R01/V001/support/samebinary/parentcopy_adapter.asc	15e27ae94fc314e34df4105c8c8af33ca83b7054	EXCLUDED_NOT_COPIED
W4-R01	V001	W4-R01/V001	1e6b06bb20a266ac3a4edc899163f46038d34d9a	MEASUREMENT_BLOCKED_OBSERVATION_ONLY	EXCLUDE_SOURCE_SUPPORT	1e6b06bb20a266ac3a4edc899163f46038d34d9a	4b9dcade629bd7e0fdbe3194c740bd1c7824d107	本地实验/W4-R01/V001/support/samebinary/samebinary_runner.cpp	64fa5eb5dfbbed95e6315fe866662a42d747ff1a	EXCLUDED_NOT_COPIED
W4-R01	V001	W4-R01/V001	1e6b06bb20a266ac3a4edc899163f46038d34d9a	MEASUREMENT_BLOCKED_OBSERVATION_ONLY	INCLUDE_EVIDENCE	4b9dcade629bd7e0fdbe3194c740bd1c7824d107	4b9dcade629bd7e0fdbe3194c740bd1c7824d107	本地实验/W4-R01/V001/task-compare-device0-20261008/RESULT.md	4e95d414a51bbc6930c974ab925d6132c438baae	证据集成/W4/Batch-02-R01-R02/W4-R01/本地实验/W4-R01/V001/task-compare-device0-20261008/RESULT.md
W4-R01	V001	W4-R01/V001	1e6b06bb20a266ac3a4edc899163f46038d34d9a	MEASUREMENT_BLOCKED_OBSERVATION_ONLY	INCLUDE_EVIDENCE	4b9dcade629bd7e0fdbe3194c740bd1c7824d107	4b9dcade629bd7e0fdbe3194c740bd1c7824d107	本地实验/W4-R01/V001/task-compare-device0-20261008/all-calls.tsv	bc63f09b44a622724f7cb4c15381d6a735bed2ee	证据集成/W4/Batch-02-R01-R02/W4-R01/本地实验/W4-R01/V001/task-compare-device0-20261008/all-calls.tsv
W4-R01	V001	W4-R01/V001	1e6b06bb20a266ac3a4edc899163f46038d34d9a	MEASUREMENT_BLOCKED_OBSERVATION_ONLY	INCLUDE_EVIDENCE	4b9dcade629bd7e0fdbe3194c740bd1c7824d107	4b9dcade629bd7e0fdbe3194c740bd1c7824d107	本地实验/W4-R01/V001/task-compare-device0-20261008/analysis.stderr.log	e69de29bb2d1d6434b8b29ae775ad8c2e48c5391	证据集成/W4/Batch-02-R01-R02/W4-R01/本地实验/W4-R01/V001/task-compare-device0-20261008/analysis.stderr.log
W4-R01	V001	W4-R01/V001	1e6b06bb20a266ac3a4edc899163f46038d34d9a	MEASUREMENT_BLOCKED_OBSERVATION_ONLY	INCLUDE_EVIDENCE	4b9dcade629bd7e0fdbe3194c740bd1c7824d107	4b9dcade629bd7e0fdbe3194c740bd1c7824d107	本地实验/W4-R01/V001/task-compare-device0-20261008/analysis.stdout.log	6a201e2f9a91e842fa508561ec60be20a1108ccf	证据集成/W4/Batch-02-R01-R02/W4-R01/本地实验/W4-R01/V001/task-compare-device0-20261008/analysis.stdout.log
W4-R01	V001	W4-R01/V001	1e6b06bb20a266ac3a4edc899163f46038d34d9a	MEASUREMENT_BLOCKED_OBSERVATION_ONLY	INCLUDE_EVIDENCE	4b9dcade629bd7e0fdbe3194c740bd1c7824d107	4b9dcade629bd7e0fdbe3194c740bd1c7824d107	本地实验/W4-R01/V001/task-compare-device0-20261008/build-attempts.md	5fba31a1c625745b6baae51cd65cb3886aee27bc	证据集成/W4/Batch-02-R01-R02/W4-R01/本地实验/W4-R01/V001/task-compare-device0-20261008/build-attempts.md
W4-R01	V001	W4-R01/V001	1e6b06bb20a266ac3a4edc899163f46038d34d9a	MEASUREMENT_BLOCKED_OBSERVATION_ONLY	INCLUDE_EVIDENCE	4b9dcade629bd7e0fdbe3194c740bd1c7824d107	4b9dcade629bd7e0fdbe3194c740bd1c7824d107	本地实验/W4-R01/V001/task-compare-device0-20261008/collect-command.txt	4330aea3c729678c20059b7d3cd4094fd632de36	证据集成/W4/Batch-02-R01-R02/W4-R01/本地实验/W4-R01/V001/task-compare-device0-20261008/collect-command.txt
W4-R01	V001	W4-R01/V001	1e6b06bb20a266ac3a4edc899163f46038d34d9a	MEASUREMENT_BLOCKED_OBSERVATION_ONLY	INCLUDE_EVIDENCE	4b9dcade629bd7e0fdbe3194c740bd1c7824d107	4b9dcade629bd7e0fdbe3194c740bd1c7824d107	本地实验/W4-R01/V001/task-compare-device0-20261008/collect-session.log	cffca9eb864fffe03aa3d98b20e11913b24d7c0e	证据集成/W4/Batch-02-R01-R02/W4-R01/本地实验/W4-R01/V001/task-compare-device0-20261008/collect-session.log
W4-R01	V001	W4-R01/V001	1e6b06bb20a266ac3a4edc899163f46038d34d9a	MEASUREMENT_BLOCKED_OBSERVATION_ONLY	INCLUDE_EVIDENCE	4b9dcade629bd7e0fdbe3194c740bd1c7824d107	4b9dcade629bd7e0fdbe3194c740bd1c7824d107	本地实验/W4-R01/V001/task-compare-device0-20261008/comparison-post.context.txt	08cf64eef147326b958e0ef22aa7d6fc614ec54f	证据集成/W4/Batch-02-R01-R02/W4-R01/本地实验/W4-R01/V001/task-compare-device0-20261008/comparison-post.context.txt
W4-R01	V001	W4-R01/V001	1e6b06bb20a266ac3a4edc899163f46038d34d9a	MEASUREMENT_BLOCKED_OBSERVATION_ONLY	INCLUDE_EVIDENCE	4b9dcade629bd7e0fdbe3194c740bd1c7824d107	4b9dcade629bd7e0fdbe3194c740bd1c7824d107	本地实验/W4-R01/V001/task-compare-device0-20261008/comparison-post.npu.txt	bb5a7e417330c26bb5966b7a039bf39406558337	证据集成/W4/Batch-02-R01-R02/W4-R01/本地实验/W4-R01/V001/task-compare-device0-20261008/comparison-post.npu.txt
W4-R01	V001	W4-R01/V001	1e6b06bb20a266ac3a4edc899163f46038d34d9a	MEASUREMENT_BLOCKED_OBSERVATION_ONLY	INCLUDE_EVIDENCE	4b9dcade629bd7e0fdbe3194c740bd1c7824d107	4b9dcade629bd7e0fdbe3194c740bd1c7824d107	本地实验/W4-R01/V001/task-compare-device0-20261008/comparison-post.usages.txt	c51361a1e831670395cab0064c188411f6e30a53	证据集成/W4/Batch-02-R01-R02/W4-R01/本地实验/W4-R01/V001/task-compare-device0-20261008/comparison-post.usages.txt
W4-R01	V001	W4-R01/V001	1e6b06bb20a266ac3a4edc899163f46038d34d9a	MEASUREMENT_BLOCKED_OBSERVATION_ONLY	INCLUDE_EVIDENCE	4b9dcade629bd7e0fdbe3194c740bd1c7824d107	4b9dcade629bd7e0fdbe3194c740bd1c7824d107	本地实验/W4-R01/V001/task-compare-device0-20261008/comparison-pre.context.txt	788bbb5f599b510b685d46a4f880f4f311047a21	证据集成/W4/Batch-02-R01-R02/W4-R01/本地实验/W4-R01/V001/task-compare-device0-20261008/comparison-pre.context.txt
W4-R01	V001	W4-R01/V001	1e6b06bb20a266ac3a4edc899163f46038d34d9a	MEASUREMENT_BLOCKED_OBSERVATION_ONLY	INCLUDE_EVIDENCE	4b9dcade629bd7e0fdbe3194c740bd1c7824d107	4b9dcade629bd7e0fdbe3194c740bd1c7824d107	本地实验/W4-R01/V001/task-compare-device0-20261008/comparison-pre.npu.txt	eec1a134ee48909fbdab4f56df6749f7eb89ffdd	证据集成/W4/Batch-02-R01-R02/W4-R01/本地实验/W4-R01/V001/task-compare-device0-20261008/comparison-pre.npu.txt
W4-R01	V001	W4-R01/V001	1e6b06bb20a266ac3a4edc899163f46038d34d9a	MEASUREMENT_BLOCKED_OBSERVATION_ONLY	INCLUDE_EVIDENCE	4b9dcade629bd7e0fdbe3194c740bd1c7824d107	4b9dcade629bd7e0fdbe3194c740bd1c7824d107	本地实验/W4-R01/V001/task-compare-device0-20261008/comparison-pre.usages.txt	67f3560f4ffc8dba2cb24bd6ca7259ec5b18408c	证据集成/W4/Batch-02-R01-R02/W4-R01/本地实验/W4-R01/V001/task-compare-device0-20261008/comparison-pre.usages.txt
W4-R01	V001	W4-R01/V001	1e6b06bb20a266ac3a4edc899163f46038d34d9a	MEASUREMENT_BLOCKED_OBSERVATION_ONLY	INCLUDE_EVIDENCE	4b9dcade629bd7e0fdbe3194c740bd1c7824d107	4b9dcade629bd7e0fdbe3194c740bd1c7824d107	本地实验/W4-R01/V001/task-compare-device0-20261008/comparison-profile.log	a4231d4bc47821faf10a96c1f53dd1a8d735a108	证据集成/W4/Batch-02-R01-R02/W4-R01/本地实验/W4-R01/V001/task-compare-device0-20261008/comparison-profile.log
W4-R01	V001	W4-R01/V001	1e6b06bb20a266ac3a4edc899163f46038d34d9a	MEASUREMENT_BLOCKED_OBSERVATION_ONLY	INCLUDE_EVIDENCE	4b9dcade629bd7e0fdbe3194c740bd1c7824d107	4b9dcade629bd7e0fdbe3194c740bd1c7824d107	本地实验/W4-R01/V001/task-compare-device0-20261008/compile-command.txt	144c261c0c832a27056cd04af3c14052c63985bb	证据集成/W4/Batch-02-R01-R02/W4-R01/本地实验/W4-R01/V001/task-compare-device0-20261008/compile-command.txt
W4-R01	V001	W4-R01/V001	1e6b06bb20a266ac3a4edc899163f46038d34d9a	MEASUREMENT_BLOCKED_OBSERVATION_ONLY	INCLUDE_EVIDENCE	4b9dcade629bd7e0fdbe3194c740bd1c7824d107	4b9dcade629bd7e0fdbe3194c740bd1c7824d107	本地实验/W4-R01/V001/task-compare-device0-20261008/compile-pre.context.txt	650eae053b13d2f96518ac7fe55c35b179a84daa	证据集成/W4/Batch-02-R01-R02/W4-R01/本地实验/W4-R01/V001/task-compare-device0-20261008/compile-pre.context.txt
W4-R01	V001	W4-R01/V001	1e6b06bb20a266ac3a4edc899163f46038d34d9a	MEASUREMENT_BLOCKED_OBSERVATION_ONLY	INCLUDE_EVIDENCE	4b9dcade629bd7e0fdbe3194c740bd1c7824d107	4b9dcade629bd7e0fdbe3194c740bd1c7824d107	本地实验/W4-R01/V001/task-compare-device0-20261008/compile-pre.npu.txt	4bab5d7de1ba716bfccbb744f6d6723b4fbf99c0	证据集成/W4/Batch-02-R01-R02/W4-R01/本地实验/W4-R01/V001/task-compare-device0-20261008/compile-pre.npu.txt
W4-R01	V001	W4-R01/V001	1e6b06bb20a266ac3a4edc899163f46038d34d9a	MEASUREMENT_BLOCKED_OBSERVATION_ONLY	INCLUDE_EVIDENCE	4b9dcade629bd7e0fdbe3194c740bd1c7824d107	4b9dcade629bd7e0fdbe3194c740bd1c7824d107	本地实验/W4-R01/V001/task-compare-device0-20261008/compile-pre.usages.txt	3b3512406afcdcd013665f42c7fa0e8dc9c05840	证据集成/W4/Batch-02-R01-R02/W4-R01/本地实验/W4-R01/V001/task-compare-device0-20261008/compile-pre.usages.txt
W4-R01	V001	W4-R01/V001	1e6b06bb20a266ac3a4edc899163f46038d34d9a	MEASUREMENT_BLOCKED_OBSERVATION_ONLY	INCLUDE_EVIDENCE	4b9dcade629bd7e0fdbe3194c740bd1c7824d107	4b9dcade629bd7e0fdbe3194c740bd1c7824d107	本地实验/W4-R01/V001/task-compare-device0-20261008/compile.log	f2f567f71259ca9f2d439503982f29be1cc35e6a	证据集成/W4/Batch-02-R01-R02/W4-R01/本地实验/W4-R01/V001/task-compare-device0-20261008/compile.log
W4-R01	V001	W4-R01/V001	1e6b06bb20a266ac3a4edc899163f46038d34d9a	MEASUREMENT_BLOCKED_OBSERVATION_ONLY	INCLUDE_EVIDENCE	4b9dcade629bd7e0fdbe3194c740bd1c7824d107	4b9dcade629bd7e0fdbe3194c740bd1c7824d107	本地实验/W4-R01/V001/task-compare-device0-20261008/compiler.txt	4125288c13922fbf5e5b54e26e3da33f265087d9	证据集成/W4/Batch-02-R01-R02/W4-R01/本地实验/W4-R01/V001/task-compare-device0-20261008/compiler.txt
W4-R01	V001	W4-R01/V001	1e6b06bb20a266ac3a4edc899163f46038d34d9a	MEASUREMENT_BLOCKED_OBSERVATION_ONLY	INCLUDE_EVIDENCE	4b9dcade629bd7e0fdbe3194c740bd1c7824d107	4b9dcade629bd7e0fdbe3194c740bd1c7824d107	本地实验/W4-R01/V001/task-compare-device0-20261008/libraries-after.txt	77fd20c8139df92ea883cb8cc1faf20c05bdc0e8	证据集成/W4/Batch-02-R01-R02/W4-R01/本地实验/W4-R01/V001/task-compare-device0-20261008/libraries-after.txt
W4-R01	V001	W4-R01/V001	1e6b06bb20a266ac3a4edc899163f46038d34d9a	MEASUREMENT_BLOCKED_OBSERVATION_ONLY	INCLUDE_EVIDENCE	4b9dcade629bd7e0fdbe3194c740bd1c7824d107	4b9dcade629bd7e0fdbe3194c740bd1c7824d107	本地实验/W4-R01/V001/task-compare-device0-20261008/libraries-before.txt	77fd20c8139df92ea883cb8cc1faf20c05bdc0e8	证据集成/W4/Batch-02-R01-R02/W4-R01/本地实验/W4-R01/V001/task-compare-device0-20261008/libraries-before.txt
W4-R01	V001	W4-R01/V001	1e6b06bb20a266ac3a4edc899163f46038d34d9a	MEASUREMENT_BLOCKED_OBSERVATION_ONLY	INCLUDE_EVIDENCE	4b9dcade629bd7e0fdbe3194c740bd1c7824d107	4b9dcade629bd7e0fdbe3194c740bd1c7824d107	本地实验/W4-R01/V001/task-compare-device0-20261008/pcstudy-r16-d16384-calls.tsv	3b274b73e3763ad427cf37fc8a23258a23754625	证据集成/W4/Batch-02-R01-R02/W4-R01/本地实验/W4-R01/V001/task-compare-device0-20261008/pcstudy-r16-d16384-calls.tsv
W4-R01	V001	W4-R01/V001	1e6b06bb20a266ac3a4edc899163f46038d34d9a	MEASUREMENT_BLOCKED_OBSERVATION_ONLY	INCLUDE_EVIDENCE	4b9dcade629bd7e0fdbe3194c740bd1c7824d107	4b9dcade629bd7e0fdbe3194c740bd1c7824d107	本地实验/W4-R01/V001/task-compare-device0-20261008/pcstudy-r16-d16384-g1-pc.tsv	0fa0946dc86018446311e73719d6eb8727cc068b	证据集成/W4/Batch-02-R01-R02/W4-R01/本地实验/W4-R01/V001/task-compare-device0-20261008/pcstudy-r16-d16384-g1-pc.tsv
W4-R01	V001	W4-R01/V001	1e6b06bb20a266ac3a4edc899163f46038d34d9a	MEASUREMENT_BLOCKED_OBSERVATION_ONLY	INCLUDE_EVIDENCE	4b9dcade629bd7e0fdbe3194c740bd1c7824d107	4b9dcade629bd7e0fdbe3194c740bd1c7824d107	本地实验/W4-R01/V001/task-compare-device0-20261008/pcstudy-r16-d16384-g1-pp.tsv	44d4437ba5c67f376b8545cc6f5359711612347a	证据集成/W4/Batch-02-R01-R02/W4-R01/本地实验/W4-R01/V001/task-compare-device0-20261008/pcstudy-r16-d16384-g1-pp.tsv
W4-R01	V001	W4-R01/V001	1e6b06bb20a266ac3a4edc899163f46038d34d9a	MEASUREMENT_BLOCKED_OBSERVATION_ONLY	INCLUDE_EVIDENCE	4b9dcade629bd7e0fdbe3194c740bd1c7824d107	4b9dcade629bd7e0fdbe3194c740bd1c7824d107	本地实验/W4-R01/V001/task-compare-device0-20261008/pcstudy-r16-d16384-g2-pc.tsv	846cd649ee8058869f20fafe95c9372cd8fed08c	证据集成/W4/Batch-02-R01-R02/W4-R01/本地实验/W4-R01/V001/task-compare-device0-20261008/pcstudy-r16-d16384-g2-pc.tsv
W4-R01	V001	W4-R01/V001	1e6b06bb20a266ac3a4edc899163f46038d34d9a	MEASUREMENT_BLOCKED_OBSERVATION_ONLY	INCLUDE_EVIDENCE	4b9dcade629bd7e0fdbe3194c740bd1c7824d107	4b9dcade629bd7e0fdbe3194c740bd1c7824d107	本地实验/W4-R01/V001/task-compare-device0-20261008/pcstudy-r16-d16384-g2-pp.tsv	c0a2c663148e9e6b3b3157fb17491d44b0f48389	证据集成/W4/Batch-02-R01-R02/W4-R01/本地实验/W4-R01/V001/task-compare-device0-20261008/pcstudy-r16-d16384-g2-pp.tsv
W4-R01	V001	W4-R01/V001	1e6b06bb20a266ac3a4edc899163f46038d34d9a	MEASUREMENT_BLOCKED_OBSERVATION_ONLY	INCLUDE_EVIDENCE	4b9dcade629bd7e0fdbe3194c740bd1c7824d107	4b9dcade629bd7e0fdbe3194c740bd1c7824d107	本地实验/W4-R01/V001/task-compare-device0-20261008/pcstudy-r16-d16384-g3-pc.tsv	2980e42b015920e41917e95d2508bf560c866c9c	证据集成/W4/Batch-02-R01-R02/W4-R01/本地实验/W4-R01/V001/task-compare-device0-20261008/pcstudy-r16-d16384-g3-pc.tsv
W4-R01	V001	W4-R01/V001	1e6b06bb20a266ac3a4edc899163f46038d34d9a	MEASUREMENT_BLOCKED_OBSERVATION_ONLY	INCLUDE_EVIDENCE	4b9dcade629bd7e0fdbe3194c740bd1c7824d107	4b9dcade629bd7e0fdbe3194c740bd1c7824d107	本地实验/W4-R01/V001/task-compare-device0-20261008/pcstudy-r16-d16384-g3-pp.tsv	089a7896a16b925664022856f968c0f638610893	证据集成/W4/Batch-02-R01-R02/W4-R01/本地实验/W4-R01/V001/task-compare-device0-20261008/pcstudy-r16-d16384-g3-pp.tsv
W4-R01	V001	W4-R01/V001	1e6b06bb20a266ac3a4edc899163f46038d34d9a	MEASUREMENT_BLOCKED_OBSERVATION_ONLY	INCLUDE_EVIDENCE	4b9dcade629bd7e0fdbe3194c740bd1c7824d107	4b9dcade629bd7e0fdbe3194c740bd1c7824d107	本地实验/W4-R01/V001/task-compare-device0-20261008/pcstudy-r16-d16384-g4-pc.tsv	8b5f3db454230265f1fdab423b206e7b6c40f813	证据集成/W4/Batch-02-R01-R02/W4-R01/本地实验/W4-R01/V001/task-compare-device0-20261008/pcstudy-r16-d16384-g4-pc.tsv
W4-R01	V001	W4-R01/V001	1e6b06bb20a266ac3a4edc899163f46038d34d9a	MEASUREMENT_BLOCKED_OBSERVATION_ONLY	INCLUDE_EVIDENCE	4b9dcade629bd7e0fdbe3194c740bd1c7824d107	4b9dcade629bd7e0fdbe3194c740bd1c7824d107	本地实验/W4-R01/V001/task-compare-device0-20261008/pcstudy-r16-d16384-g4-pp.tsv	3fbe0190b7d48026ec9273a6d0ccaa993b90d6ae	证据集成/W4/Batch-02-R01-R02/W4-R01/本地实验/W4-R01/V001/task-compare-device0-20261008/pcstudy-r16-d16384-g4-pp.tsv
W4-R01	V001	W4-R01/V001	1e6b06bb20a266ac3a4edc899163f46038d34d9a	MEASUREMENT_BLOCKED_OBSERVATION_ONLY	INCLUDE_EVIDENCE	4b9dcade629bd7e0fdbe3194c740bd1c7824d107	4b9dcade629bd7e0fdbe3194c740bd1c7824d107	本地实验/W4-R01/V001/task-compare-device0-20261008/pcstudy-r16-d32768-calls.tsv	63f63f91d12d03bd1e57d388c7b36d9ce0932516	证据集成/W4/Batch-02-R01-R02/W4-R01/本地实验/W4-R01/V001/task-compare-device0-20261008/pcstudy-r16-d32768-calls.tsv
W4-R01	V001	W4-R01/V001	1e6b06bb20a266ac3a4edc899163f46038d34d9a	MEASUREMENT_BLOCKED_OBSERVATION_ONLY	INCLUDE_EVIDENCE	4b9dcade629bd7e0fdbe3194c740bd1c7824d107	4b9dcade629bd7e0fdbe3194c740bd1c7824d107	本地实验/W4-R01/V001/task-compare-device0-20261008/pcstudy-r16-d32768-g1-pc.tsv	9c12b098644b1a7ee6511dbdb585dafe61e14767	证据集成/W4/Batch-02-R01-R02/W4-R01/本地实验/W4-R01/V001/task-compare-device0-20261008/pcstudy-r16-d32768-g1-pc.tsv
W4-R01	V001	W4-R01/V001	1e6b06bb20a266ac3a4edc899163f46038d34d9a	MEASUREMENT_BLOCKED_OBSERVATION_ONLY	INCLUDE_EVIDENCE	4b9dcade629bd7e0fdbe3194c740bd1c7824d107	4b9dcade629bd7e0fdbe3194c740bd1c7824d107	本地实验/W4-R01/V001/task-compare-device0-20261008/pcstudy-r16-d32768-g1-pp.tsv	f327066fdadb5a9c9dfe7bf1e810e2a668cd0948	证据集成/W4/Batch-02-R01-R02/W4-R01/本地实验/W4-R01/V001/task-compare-device0-20261008/pcstudy-r16-d32768-g1-pp.tsv
W4-R01	V001	W4-R01/V001	1e6b06bb20a266ac3a4edc899163f46038d34d9a	MEASUREMENT_BLOCKED_OBSERVATION_ONLY	INCLUDE_EVIDENCE	4b9dcade629bd7e0fdbe3194c740bd1c7824d107	4b9dcade629bd7e0fdbe3194c740bd1c7824d107	本地实验/W4-R01/V001/task-compare-device0-20261008/pcstudy-r16-d32768-g2-pc.tsv	74e996942302fe26861c80a242baa8e2e534a21e	证据集成/W4/Batch-02-R01-R02/W4-R01/本地实验/W4-R01/V001/task-compare-device0-20261008/pcstudy-r16-d32768-g2-pc.tsv
W4-R01	V001	W4-R01/V001	1e6b06bb20a266ac3a4edc899163f46038d34d9a	MEASUREMENT_BLOCKED_OBSERVATION_ONLY	INCLUDE_EVIDENCE	4b9dcade629bd7e0fdbe3194c740bd1c7824d107	4b9dcade629bd7e0fdbe3194c740bd1c7824d107	本地实验/W4-R01/V001/task-compare-device0-20261008/pcstudy-r16-d32768-g2-pp.tsv	641aef9d632b75a98aeb63cbec42180127af8ed7	证据集成/W4/Batch-02-R01-R02/W4-R01/本地实验/W4-R01/V001/task-compare-device0-20261008/pcstudy-r16-d32768-g2-pp.tsv
W4-R01	V001	W4-R01/V001	1e6b06bb20a266ac3a4edc899163f46038d34d9a	MEASUREMENT_BLOCKED_OBSERVATION_ONLY	INCLUDE_EVIDENCE	4b9dcade629bd7e0fdbe3194c740bd1c7824d107	4b9dcade629bd7e0fdbe3194c740bd1c7824d107	本地实验/W4-R01/V001/task-compare-device0-20261008/pcstudy-r16-d32768-g3-pc.tsv	21a5e75cb20e0c850535564b853617d7dda907fb	证据集成/W4/Batch-02-R01-R02/W4-R01/本地实验/W4-R01/V001/task-compare-device0-20261008/pcstudy-r16-d32768-g3-pc.tsv
W4-R01	V001	W4-R01/V001	1e6b06bb20a266ac3a4edc899163f46038d34d9a	MEASUREMENT_BLOCKED_OBSERVATION_ONLY	INCLUDE_EVIDENCE	4b9dcade629bd7e0fdbe3194c740bd1c7824d107	4b9dcade629bd7e0fdbe3194c740bd1c7824d107	本地实验/W4-R01/V001/task-compare-device0-20261008/pcstudy-r16-d32768-g3-pp.tsv	3073bf8840da2d04facbd96f9419e562ac56a637	证据集成/W4/Batch-02-R01-R02/W4-R01/本地实验/W4-R01/V001/task-compare-device0-20261008/pcstudy-r16-d32768-g3-pp.tsv
W4-R01	V001	W4-R01/V001	1e6b06bb20a266ac3a4edc899163f46038d34d9a	MEASUREMENT_BLOCKED_OBSERVATION_ONLY	INCLUDE_EVIDENCE	4b9dcade629bd7e0fdbe3194c740bd1c7824d107	4b9dcade629bd7e0fdbe3194c740bd1c7824d107	本地实验/W4-R01/V001/task-compare-device0-20261008/pcstudy-r16-d32768-g4-pc.tsv	0a883e02d8822c930efe1bbc883eb77d36e39a38	证据集成/W4/Batch-02-R01-R02/W4-R01/本地实验/W4-R01/V001/task-compare-device0-20261008/pcstudy-r16-d32768-g4-pc.tsv
W4-R01	V001	W4-R01/V001	1e6b06bb20a266ac3a4edc899163f46038d34d9a	MEASUREMENT_BLOCKED_OBSERVATION_ONLY	INCLUDE_EVIDENCE	4b9dcade629bd7e0fdbe3194c740bd1c7824d107	4b9dcade629bd7e0fdbe3194c740bd1c7824d107	本地实验/W4-R01/V001/task-compare-device0-20261008/pcstudy-r16-d32768-g4-pp.tsv	c057e041ba3f67d43dbe9c28ffe6a67a5c96c01e	证据集成/W4/Batch-02-R01-R02/W4-R01/本地实验/W4-R01/V001/task-compare-device0-20261008/pcstudy-r16-d32768-g4-pp.tsv
W4-R01	V001	W4-R01/V001	1e6b06bb20a266ac3a4edc899163f46038d34d9a	MEASUREMENT_BLOCKED_OBSERVATION_ONLY	INCLUDE_EVIDENCE	4b9dcade629bd7e0fdbe3194c740bd1c7824d107	4b9dcade629bd7e0fdbe3194c740bd1c7824d107	本地实验/W4-R01/V001/task-compare-device0-20261008/result.json	c9bd561f7f767a6cbe691241956d88f3e0e99e64	证据集成/W4/Batch-02-R01-R02/W4-R01/本地实验/W4-R01/V001/task-compare-device0-20261008/result.json
W4-R01	V001	W4-R01/V001	1e6b06bb20a266ac3a4edc899163f46038d34d9a	MEASUREMENT_BLOCKED_OBSERVATION_ONLY	INCLUDE_EVIDENCE	7f8a335f451d5d7226c38add93d17e5a9b6ad15e	4b9dcade629bd7e0fdbe3194c740bd1c7824d107	本地实验/W4-R01/V001/task-time-device0-20261008/RESULT.md	afc45b79b63f72aebefa99cd95dd03d6a21ce078	证据集成/W4/Batch-02-R01-R02/W4-R01/本地实验/W4-R01/V001/task-time-device0-20261008/RESULT.md
W4-R01	V001	W4-R01/V001	1e6b06bb20a266ac3a4edc899163f46038d34d9a	MEASUREMENT_BLOCKED_OBSERVATION_ONLY	INCLUDE_EVIDENCE	7f8a335f451d5d7226c38add93d17e5a9b6ad15e	4b9dcade629bd7e0fdbe3194c740bd1c7824d107	本地实验/W4-R01/V001/task-time-device0-20261008/all-calls.tsv	4729f53e554ba4ede9f6a8cde1ae86b43d5ee863	证据集成/W4/Batch-02-R01-R02/W4-R01/本地实验/W4-R01/V001/task-time-device0-20261008/all-calls.tsv
W4-R01	V001	W4-R01/V001	1e6b06bb20a266ac3a4edc899163f46038d34d9a	MEASUREMENT_BLOCKED_OBSERVATION_ONLY	INCLUDE_EVIDENCE	7f8a335f451d5d7226c38add93d17e5a9b6ad15e	4b9dcade629bd7e0fdbe3194c740bd1c7824d107	本地实验/W4-R01/V001/task-time-device0-20261008/analysis-host.log	d7b536a8c07afb069d237c605e4a4607b39dc38d	证据集成/W4/Batch-02-R01-R02/W4-R01/本地实验/W4-R01/V001/task-time-device0-20261008/analysis-host.log
W4-R01	V001	W4-R01/V001	1e6b06bb20a266ac3a4edc899163f46038d34d9a	MEASUREMENT_BLOCKED_OBSERVATION_ONLY	INCLUDE_EVIDENCE	7f8a335f451d5d7226c38add93d17e5a9b6ad15e	4b9dcade629bd7e0fdbe3194c740bd1c7824d107	本地实验/W4-R01/V001/task-time-device0-20261008/analysis.log	d7b536a8c07afb069d237c605e4a4607b39dc38d	证据集成/W4/Batch-02-R01-R02/W4-R01/本地实验/W4-R01/V001/task-time-device0-20261008/analysis.log
W4-R01	V001	W4-R01/V001	1e6b06bb20a266ac3a4edc899163f46038d34d9a	MEASUREMENT_BLOCKED_OBSERVATION_ONLY	INCLUDE_EVIDENCE	7f8a335f451d5d7226c38add93d17e5a9b6ad15e	4b9dcade629bd7e0fdbe3194c740bd1c7824d107	本地实验/W4-R01/V001/task-time-device0-20261008/collect-command.txt	ef1685210650ff235b0700211343aaba70c09957	证据集成/W4/Batch-02-R01-R02/W4-R01/本地实验/W4-R01/V001/task-time-device0-20261008/collect-command.txt
W4-R01	V001	W4-R01/V001	1e6b06bb20a266ac3a4edc899163f46038d34d9a	MEASUREMENT_BLOCKED_OBSERVATION_ONLY	INCLUDE_EVIDENCE	7f8a335f451d5d7226c38add93d17e5a9b6ad15e	4b9dcade629bd7e0fdbe3194c740bd1c7824d107	本地实验/W4-R01/V001/task-time-device0-20261008/collect-session.log	cc6e96f2b130c95a14bbd37628f8ea73b207ed84	证据集成/W4/Batch-02-R01-R02/W4-R01/本地实验/W4-R01/V001/task-time-device0-20261008/collect-session.log
W4-R01	V001	W4-R01/V001	1e6b06bb20a266ac3a4edc899163f46038d34d9a	MEASUREMENT_BLOCKED_OBSERVATION_ONLY	INCLUDE_EVIDENCE	4b9dcade629bd7e0fdbe3194c740bd1c7824d107	4b9dcade629bd7e0fdbe3194c740bd1c7824d107	本地实验/W4-R01/V001/task-time-device0-20261008/compile-command.txt	144c261c0c832a27056cd04af3c14052c63985bb	证据集成/W4/Batch-02-R01-R02/W4-R01/本地实验/W4-R01/V001/task-time-device0-20261008/compile-command.txt
W4-R01	V001	W4-R01/V001	1e6b06bb20a266ac3a4edc899163f46038d34d9a	MEASUREMENT_BLOCKED_OBSERVATION_ONLY	INCLUDE_EVIDENCE	7f8a335f451d5d7226c38add93d17e5a9b6ad15e	4b9dcade629bd7e0fdbe3194c740bd1c7824d107	本地实验/W4-R01/V001/task-time-device0-20261008/compile-pre.context.txt	f0b6b37c1eaec93b8393fe9273124560ba634c31	证据集成/W4/Batch-02-R01-R02/W4-R01/本地实验/W4-R01/V001/task-time-device0-20261008/compile-pre.context.txt
W4-R01	V001	W4-R01/V001	1e6b06bb20a266ac3a4edc899163f46038d34d9a	MEASUREMENT_BLOCKED_OBSERVATION_ONLY	INCLUDE_EVIDENCE	7f8a335f451d5d7226c38add93d17e5a9b6ad15e	4b9dcade629bd7e0fdbe3194c740bd1c7824d107	本地实验/W4-R01/V001/task-time-device0-20261008/compile-pre.npu.txt	c190f313021df9825278081ff7a4341b21e6b33c	证据集成/W4/Batch-02-R01-R02/W4-R01/本地实验/W4-R01/V001/task-time-device0-20261008/compile-pre.npu.txt
W4-R01	V001	W4-R01/V001	1e6b06bb20a266ac3a4edc899163f46038d34d9a	MEASUREMENT_BLOCKED_OBSERVATION_ONLY	INCLUDE_EVIDENCE	7f8a335f451d5d7226c38add93d17e5a9b6ad15e	4b9dcade629bd7e0fdbe3194c740bd1c7824d107	本地实验/W4-R01/V001/task-time-device0-20261008/compile-pre.usages.txt	f33301c8b6468ca606164b21b06992fcf1ebd867	证据集成/W4/Batch-02-R01-R02/W4-R01/本地实验/W4-R01/V001/task-time-device0-20261008/compile-pre.usages.txt
W4-R01	V001	W4-R01/V001	1e6b06bb20a266ac3a4edc899163f46038d34d9a	MEASUREMENT_BLOCKED_OBSERVATION_ONLY	INCLUDE_EVIDENCE	7f8a335f451d5d7226c38add93d17e5a9b6ad15e	4b9dcade629bd7e0fdbe3194c740bd1c7824d107	本地实验/W4-R01/V001/task-time-device0-20261008/compile.log	3a48d341bcc820aa23faa105716621e5389edcea	证据集成/W4/Batch-02-R01-R02/W4-R01/本地实验/W4-R01/V001/task-time-device0-20261008/compile.log
W4-R01	V001	W4-R01/V001	1e6b06bb20a266ac3a4edc899163f46038d34d9a	MEASUREMENT_BLOCKED_OBSERVATION_ONLY	INCLUDE_EVIDENCE	4b9dcade629bd7e0fdbe3194c740bd1c7824d107	4b9dcade629bd7e0fdbe3194c740bd1c7824d107	本地实验/W4-R01/V001/task-time-device0-20261008/compiler.txt	4125288c13922fbf5e5b54e26e3da33f265087d9	证据集成/W4/Batch-02-R01-R02/W4-R01/本地实验/W4-R01/V001/task-time-device0-20261008/compiler.txt
W4-R01	V001	W4-R01/V001	1e6b06bb20a266ac3a4edc899163f46038d34d9a	MEASUREMENT_BLOCKED_OBSERVATION_ONLY	INCLUDE_EVIDENCE	7f8a335f451d5d7226c38add93d17e5a9b6ad15e	4b9dcade629bd7e0fdbe3194c740bd1c7824d107	本地实验/W4-R01/V001/task-time-device0-20261008/final-state.txt	891a7015b11f2d98a8265c200172c24af895b9a2	证据集成/W4/Batch-02-R01-R02/W4-R01/本地实验/W4-R01/V001/task-time-device0-20261008/final-state.txt
W4-R01	V001	W4-R01/V001	1e6b06bb20a266ac3a4edc899163f46038d34d9a	MEASUREMENT_BLOCKED_OBSERVATION_ONLY	INCLUDE_EVIDENCE	4b9dcade629bd7e0fdbe3194c740bd1c7824d107	4b9dcade629bd7e0fdbe3194c740bd1c7824d107	本地实验/W4-R01/V001/task-time-device0-20261008/libraries-after.txt	77fd20c8139df92ea883cb8cc1faf20c05bdc0e8	证据集成/W4/Batch-02-R01-R02/W4-R01/本地实验/W4-R01/V001/task-time-device0-20261008/libraries-after.txt
W4-R01	V001	W4-R01/V001	1e6b06bb20a266ac3a4edc899163f46038d34d9a	MEASUREMENT_BLOCKED_OBSERVATION_ONLY	INCLUDE_EVIDENCE	4b9dcade629bd7e0fdbe3194c740bd1c7824d107	4b9dcade629bd7e0fdbe3194c740bd1c7824d107	本地实验/W4-R01/V001/task-time-device0-20261008/libraries-before.txt	77fd20c8139df92ea883cb8cc1faf20c05bdc0e8	证据集成/W4/Batch-02-R01-R02/W4-R01/本地实验/W4-R01/V001/task-time-device0-20261008/libraries-before.txt
W4-R01	V001	W4-R01/V001	1e6b06bb20a266ac3a4edc899163f46038d34d9a	MEASUREMENT_BLOCKED_OBSERVATION_ONLY	INCLUDE_EVIDENCE	7f8a335f451d5d7226c38add93d17e5a9b6ad15e	4b9dcade629bd7e0fdbe3194c740bd1c7824d107	本地实验/W4-R01/V001/task-time-device0-20261008/pp-post.context.txt	02b4c0bcfbb0997a81685594b6c2af3e834d3579	证据集成/W4/Batch-02-R01-R02/W4-R01/本地实验/W4-R01/V001/task-time-device0-20261008/pp-post.context.txt
W4-R01	V001	W4-R01/V001	1e6b06bb20a266ac3a4edc899163f46038d34d9a	MEASUREMENT_BLOCKED_OBSERVATION_ONLY	INCLUDE_EVIDENCE	7f8a335f451d5d7226c38add93d17e5a9b6ad15e	4b9dcade629bd7e0fdbe3194c740bd1c7824d107	本地实验/W4-R01/V001/task-time-device0-20261008/pp-post.npu.txt	9ce7e96ebe6127a14e317fc5ee8509e5c338f7de	证据集成/W4/Batch-02-R01-R02/W4-R01/本地实验/W4-R01/V001/task-time-device0-20261008/pp-post.npu.txt
W4-R01	V001	W4-R01/V001	1e6b06bb20a266ac3a4edc899163f46038d34d9a	MEASUREMENT_BLOCKED_OBSERVATION_ONLY	INCLUDE_EVIDENCE	7f8a335f451d5d7226c38add93d17e5a9b6ad15e	4b9dcade629bd7e0fdbe3194c740bd1c7824d107	本地实验/W4-R01/V001/task-time-device0-20261008/pp-post.usages.txt	af74156c39be297b530b0e24978bb984bf0fe61c	证据集成/W4/Batch-02-R01-R02/W4-R01/本地实验/W4-R01/V001/task-time-device0-20261008/pp-post.usages.txt
W4-R01	V001	W4-R01/V001	1e6b06bb20a266ac3a4edc899163f46038d34d9a	MEASUREMENT_BLOCKED_OBSERVATION_ONLY	INCLUDE_EVIDENCE	7f8a335f451d5d7226c38add93d17e5a9b6ad15e	4b9dcade629bd7e0fdbe3194c740bd1c7824d107	本地实验/W4-R01/V001/task-time-device0-20261008/pp-pre.context.txt	63232ef9aaf1f6f2650d0c806375c427563d7e9a	证据集成/W4/Batch-02-R01-R02/W4-R01/本地实验/W4-R01/V001/task-time-device0-20261008/pp-pre.context.txt
W4-R01	V001	W4-R01/V001	1e6b06bb20a266ac3a4edc899163f46038d34d9a	MEASUREMENT_BLOCKED_OBSERVATION_ONLY	INCLUDE_EVIDENCE	7f8a335f451d5d7226c38add93d17e5a9b6ad15e	4b9dcade629bd7e0fdbe3194c740bd1c7824d107	本地实验/W4-R01/V001/task-time-device0-20261008/pp-pre.npu.txt	94925ee56bb90e23e2170a53cea9dcc1c8804280	证据集成/W4/Batch-02-R01-R02/W4-R01/本地实验/W4-R01/V001/task-time-device0-20261008/pp-pre.npu.txt
W4-R01	V001	W4-R01/V001	1e6b06bb20a266ac3a4edc899163f46038d34d9a	MEASUREMENT_BLOCKED_OBSERVATION_ONLY	INCLUDE_EVIDENCE	7f8a335f451d5d7226c38add93d17e5a9b6ad15e	4b9dcade629bd7e0fdbe3194c740bd1c7824d107	本地实验/W4-R01/V001/task-time-device0-20261008/pp-pre.usages.txt	203614e27fd0fed4a0c180cee3d6c9ce762d7ee5	证据集成/W4/Batch-02-R01-R02/W4-R01/本地实验/W4-R01/V001/task-time-device0-20261008/pp-pre.usages.txt
W4-R01	V001	W4-R01/V001	1e6b06bb20a266ac3a4edc899163f46038d34d9a	MEASUREMENT_BLOCKED_OBSERVATION_ONLY	INCLUDE_EVIDENCE	7f8a335f451d5d7226c38add93d17e5a9b6ad15e	4b9dcade629bd7e0fdbe3194c740bd1c7824d107	本地实验/W4-R01/V001/task-time-device0-20261008/pp-profile.log	0e90ca48eba41a4e9f4e0bcb537a3fa744672282	证据集成/W4/Batch-02-R01-R02/W4-R01/本地实验/W4-R01/V001/task-time-device0-20261008/pp-profile.log
W4-R01	V001	W4-R01/V001	1e6b06bb20a266ac3a4edc899163f46038d34d9a	MEASUREMENT_BLOCKED_OBSERVATION_ONLY	EXCLUDE_SOURCE_SUPPORT	7f8a335f451d5d7226c38add93d17e5a9b6ad15e	4b9dcade629bd7e0fdbe3194c740bd1c7824d107	本地实验/W4-R01/V001/task-time-device0-20261008/pp-profile/PROF_000001_20261008063830878_FMGNGBGCINIDCBMA/device_0/info.json.0	30bd30d542eac782d0f88ac25abe25f648ce6e32	EXCLUDED_NOT_COPIED
W4-R01	V001	W4-R01/V001	1e6b06bb20a266ac3a4edc899163f46038d34d9a	MEASUREMENT_BLOCKED_OBSERVATION_ONLY	INCLUDE_EVIDENCE	7f8a335f451d5d7226c38add93d17e5a9b6ad15e	4b9dcade629bd7e0fdbe3194c740bd1c7824d107	本地实验/W4-R01/V001/task-time-device0-20261008/pp-profile/PROF_000001_20261008063830878_FMGNGBGCINIDCBMA/host/info.json	bc09baaf6892815fe183f6e1a2fc84441ce14048	证据集成/W4/Batch-02-R01-R02/W4-R01/本地实验/W4-R01/V001/task-time-device0-20261008/pp-profile/PROF_000001_20261008063830878_FMGNGBGCINIDCBMA/host/info.json
W4-R01	V001	W4-R01/V001	1e6b06bb20a266ac3a4edc899163f46038d34d9a	MEASUREMENT_BLOCKED_OBSERVATION_ONLY	INCLUDE_EVIDENCE	7f8a335f451d5d7226c38add93d17e5a9b6ad15e	4b9dcade629bd7e0fdbe3194c740bd1c7824d107	本地实验/W4-R01/V001/task-time-device0-20261008/pp-profile/PROF_000001_20261008063830878_FMGNGBGCINIDCBMA/mindstudio_profiler_output/README.txt	c90934cd37f50d7a6f8899006450a863b8bf1e2c	证据集成/W4/Batch-02-R01-R02/W4-R01/本地实验/W4-R01/V001/task-time-device0-20261008/pp-profile/PROF_000001_20261008063830878_FMGNGBGCINIDCBMA/mindstudio_profiler_output/README.txt
W4-R01	V001	W4-R01/V001	1e6b06bb20a266ac3a4edc899163f46038d34d9a	MEASUREMENT_BLOCKED_OBSERVATION_ONLY	INCLUDE_EVIDENCE	7f8a335f451d5d7226c38add93d17e5a9b6ad15e	4b9dcade629bd7e0fdbe3194c740bd1c7824d107	本地实验/W4-R01/V001/task-time-device0-20261008/pp-profile/PROF_000001_20261008063830878_FMGNGBGCINIDCBMA/mindstudio_profiler_output/api_statistic_20261008063840.csv	6609d96eaa0bd3a499f2d923983797cb1267604c	证据集成/W4/Batch-02-R01-R02/W4-R01/本地实验/W4-R01/V001/task-time-device0-20261008/pp-profile/PROF_000001_20261008063830878_FMGNGBGCINIDCBMA/mindstudio_profiler_output/api_statistic_20261008063840.csv
W4-R01	V001	W4-R01/V001	1e6b06bb20a266ac3a4edc899163f46038d34d9a	MEASUREMENT_BLOCKED_OBSERVATION_ONLY	INCLUDE_EVIDENCE	7f8a335f451d5d7226c38add93d17e5a9b6ad15e	4b9dcade629bd7e0fdbe3194c740bd1c7824d107	本地实验/W4-R01/V001/task-time-device0-20261008/pp-profile/PROF_000001_20261008063830878_FMGNGBGCINIDCBMA/mindstudio_profiler_output/msprof_20261008063838.json	846cb3380bc990976fe8cfed94d66f50ff39228c	证据集成/W4/Batch-02-R01-R02/W4-R01/本地实验/W4-R01/V001/task-time-device0-20261008/pp-profile/PROF_000001_20261008063830878_FMGNGBGCINIDCBMA/mindstudio_profiler_output/msprof_20261008063838.json
W4-R01	V001	W4-R01/V001	1e6b06bb20a266ac3a4edc899163f46038d34d9a	MEASUREMENT_BLOCKED_OBSERVATION_ONLY	INCLUDE_EVIDENCE	7f8a335f451d5d7226c38add93d17e5a9b6ad15e	4b9dcade629bd7e0fdbe3194c740bd1c7824d107	本地实验/W4-R01/V001/task-time-device0-20261008/pp-profile/PROF_000001_20261008063830878_FMGNGBGCINIDCBMA/mindstudio_profiler_output/op_statistic_20261008063840.csv	37510713c67e47922ee4316ca50386b76372229b	证据集成/W4/Batch-02-R01-R02/W4-R01/本地实验/W4-R01/V001/task-time-device0-20261008/pp-profile/PROF_000001_20261008063830878_FMGNGBGCINIDCBMA/mindstudio_profiler_output/op_statistic_20261008063840.csv
W4-R01	V001	W4-R01/V001	1e6b06bb20a266ac3a4edc899163f46038d34d9a	MEASUREMENT_BLOCKED_OBSERVATION_ONLY	INCLUDE_EVIDENCE	7f8a335f451d5d7226c38add93d17e5a9b6ad15e	4b9dcade629bd7e0fdbe3194c740bd1c7824d107	本地实验/W4-R01/V001/task-time-device0-20261008/pp-profile/PROF_000001_20261008063830878_FMGNGBGCINIDCBMA/mindstudio_profiler_output/op_summary_20261008063840.csv	d3cf0c77d1b305d7cd3929cfb0d7e6a2e1923e14	证据集成/W4/Batch-02-R01-R02/W4-R01/本地实验/W4-R01/V001/task-time-device0-20261008/pp-profile/PROF_000001_20261008063830878_FMGNGBGCINIDCBMA/mindstudio_profiler_output/op_summary_20261008063840.csv
W4-R01	V001	W4-R01/V001	1e6b06bb20a266ac3a4edc899163f46038d34d9a	MEASUREMENT_BLOCKED_OBSERVATION_ONLY	INCLUDE_EVIDENCE	7f8a335f451d5d7226c38add93d17e5a9b6ad15e	4b9dcade629bd7e0fdbe3194c740bd1c7824d107	本地实验/W4-R01/V001/task-time-device0-20261008/pp-profile/PROF_000001_20261008063830878_FMGNGBGCINIDCBMA/mindstudio_profiler_output/task_time_20261008063840.csv	36b4e2cc8431e9fc230faa92c5a78f840762b4ce	证据集成/W4/Batch-02-R01-R02/W4-R01/本地实验/W4-R01/V001/task-time-device0-20261008/pp-profile/PROF_000001_20261008063830878_FMGNGBGCINIDCBMA/mindstudio_profiler_output/task_time_20261008063840.csv
W4-R01	V001	W4-R01/V001	1e6b06bb20a266ac3a4edc899163f46038d34d9a	MEASUREMENT_BLOCKED_OBSERVATION_ONLY	INCLUDE_EVIDENCE	7f8a335f451d5d7226c38add93d17e5a9b6ad15e	4b9dcade629bd7e0fdbe3194c740bd1c7824d107	本地实验/W4-R01/V001/task-time-device0-20261008/pp-r16-d16384-b1.tsv	072ada7dc661beef70512e71a114072ec3e674eb	证据集成/W4/Batch-02-R01-R02/W4-R01/本地实验/W4-R01/V001/task-time-device0-20261008/pp-r16-d16384-b1.tsv
W4-R01	V001	W4-R01/V001	1e6b06bb20a266ac3a4edc899163f46038d34d9a	MEASUREMENT_BLOCKED_OBSERVATION_ONLY	INCLUDE_EVIDENCE	7f8a335f451d5d7226c38add93d17e5a9b6ad15e	4b9dcade629bd7e0fdbe3194c740bd1c7824d107	本地实验/W4-R01/V001/task-time-device0-20261008/pp-r16-d16384-b2.tsv	9644e1bb5134915774de5b8491e1e20c311afb00	证据集成/W4/Batch-02-R01-R02/W4-R01/本地实验/W4-R01/V001/task-time-device0-20261008/pp-r16-d16384-b2.tsv
W4-R01	V001	W4-R01/V001	1e6b06bb20a266ac3a4edc899163f46038d34d9a	MEASUREMENT_BLOCKED_OBSERVATION_ONLY	INCLUDE_EVIDENCE	7f8a335f451d5d7226c38add93d17e5a9b6ad15e	4b9dcade629bd7e0fdbe3194c740bd1c7824d107	本地实验/W4-R01/V001/task-time-device0-20261008/pp-r16-d16384-b3.tsv	1c26a396a5ea40a54e6cc9718a6d95dfecf652c0	证据集成/W4/Batch-02-R01-R02/W4-R01/本地实验/W4-R01/V001/task-time-device0-20261008/pp-r16-d16384-b3.tsv
W4-R01	V001	W4-R01/V001	1e6b06bb20a266ac3a4edc899163f46038d34d9a	MEASUREMENT_BLOCKED_OBSERVATION_ONLY	INCLUDE_EVIDENCE	7f8a335f451d5d7226c38add93d17e5a9b6ad15e	4b9dcade629bd7e0fdbe3194c740bd1c7824d107	本地实验/W4-R01/V001/task-time-device0-20261008/pp-r16-d32768-b1.tsv	1acdafebd7c135b9b93260f9f6053bd887c8a30e	证据集成/W4/Batch-02-R01-R02/W4-R01/本地实验/W4-R01/V001/task-time-device0-20261008/pp-r16-d32768-b1.tsv
W4-R01	V001	W4-R01/V001	1e6b06bb20a266ac3a4edc899163f46038d34d9a	MEASUREMENT_BLOCKED_OBSERVATION_ONLY	INCLUDE_EVIDENCE	7f8a335f451d5d7226c38add93d17e5a9b6ad15e	4b9dcade629bd7e0fdbe3194c740bd1c7824d107	本地实验/W4-R01/V001/task-time-device0-20261008/pp-r16-d32768-b2.tsv	62c7108b2674a700c39579c9e22fa3d98199fbfb	证据集成/W4/Batch-02-R01-R02/W4-R01/本地实验/W4-R01/V001/task-time-device0-20261008/pp-r16-d32768-b2.tsv
W4-R01	V001	W4-R01/V001	1e6b06bb20a266ac3a4edc899163f46038d34d9a	MEASUREMENT_BLOCKED_OBSERVATION_ONLY	INCLUDE_EVIDENCE	7f8a335f451d5d7226c38add93d17e5a9b6ad15e	4b9dcade629bd7e0fdbe3194c740bd1c7824d107	本地实验/W4-R01/V001/task-time-device0-20261008/pp-r16-d32768-b3.tsv	e3f534a4a8ccf6ac501c53fa10bcd2cced7ee868	证据集成/W4/Batch-02-R01-R02/W4-R01/本地实验/W4-R01/V001/task-time-device0-20261008/pp-r16-d32768-b3.tsv
W4-R01	V001	W4-R01/V001	1e6b06bb20a266ac3a4edc899163f46038d34d9a	MEASUREMENT_BLOCKED_OBSERVATION_ONLY	INCLUDE_EVIDENCE	7f8a335f451d5d7226c38add93d17e5a9b6ad15e	4b9dcade629bd7e0fdbe3194c740bd1c7824d107	本地实验/W4-R01/V001/task-time-device0-20261008/result.json	9d89884f928cbc729fb8d50c57cc39658ae8c644	证据集成/W4/Batch-02-R01-R02/W4-R01/本地实验/W4-R01/V001/task-time-device0-20261008/result.json
W4-R01	V001	W4-R01/V001	1e6b06bb20a266ac3a4edc899163f46038d34d9a	MEASUREMENT_BLOCKED_OBSERVATION_ONLY	INCLUDE_EVIDENCE	7f8a335f451d5d7226c38add93d17e5a9b6ad15e	4b9dcade629bd7e0fdbe3194c740bd1c7824d107	本地实验/W4-R01/V001/task-time-device0-20261008/validation.log	13d133d18aaacbe963a1b929891cff907ac835bb	证据集成/W4/Batch-02-R01-R02/W4-R01/本地实验/W4-R01/V001/task-time-device0-20261008/validation.log
W4-R02	V002	W4-R02/V002	60ca277d2afc3d985965e16ca09d1ff9b03f8c10	MEASUREMENT_BLOCKED_OBSERVATION_ONLY	INCLUDE_EVIDENCE	60ca277d2afc3d985965e16ca09d1ff9b03f8c10	e100b5d9b17e8b95ee5e70fcbbef19d022db6ca0	本地实验/W4-R02/V002/local/paired-18432.tsv	53783d5991bb4b2f0ae6c9fb21c0596a49c9a007	证据集成/W4/Batch-02-R01-R02/W4-R02/本地实验/W4-R02/V002/local/paired-18432.tsv
W4-R02	V002	W4-R02/V002	60ca277d2afc3d985965e16ca09d1ff9b03f8c10	MEASUREMENT_BLOCKED_OBSERVATION_ONLY	INCLUDE_EVIDENCE	60ca277d2afc3d985965e16ca09d1ff9b03f8c10	e100b5d9b17e8b95ee5e70fcbbef19d022db6ca0	本地实验/W4-R02/V002/local/paired-18432.tsv.log	e69de29bb2d1d6434b8b29ae775ad8c2e48c5391	证据集成/W4/Batch-02-R01-R02/W4-R02/本地实验/W4-R02/V002/local/paired-18432.tsv.log
W4-R02	V002	W4-R02/V002	60ca277d2afc3d985965e16ca09d1ff9b03f8c10	MEASUREMENT_BLOCKED_OBSERVATION_ONLY	INCLUDE_EVIDENCE	60ca277d2afc3d985965e16ca09d1ff9b03f8c10	e100b5d9b17e8b95ee5e70fcbbef19d022db6ca0	本地实验/W4-R02/V002/local/paired-20480.tsv	6fe567b32e3b8140c9e6bf569f39f2e0669f0383	证据集成/W4/Batch-02-R01-R02/W4-R02/本地实验/W4-R02/V002/local/paired-20480.tsv
W4-R02	V002	W4-R02/V002	60ca277d2afc3d985965e16ca09d1ff9b03f8c10	MEASUREMENT_BLOCKED_OBSERVATION_ONLY	INCLUDE_EVIDENCE	60ca277d2afc3d985965e16ca09d1ff9b03f8c10	e100b5d9b17e8b95ee5e70fcbbef19d022db6ca0	本地实验/W4-R02/V002/local/paired-20480.tsv.log	e69de29bb2d1d6434b8b29ae775ad8c2e48c5391	证据集成/W4/Batch-02-R01-R02/W4-R02/本地实验/W4-R02/V002/local/paired-20480.tsv.log
W4-R02	V002	W4-R02/V002	60ca277d2afc3d985965e16ca09d1ff9b03f8c10	MEASUREMENT_BLOCKED_OBSERVATION_ONLY	INCLUDE_EVIDENCE	60ca277d2afc3d985965e16ca09d1ff9b03f8c10	e100b5d9b17e8b95ee5e70fcbbef19d022db6ca0	本地实验/W4-R02/V002/local/paired-22528.tsv	8ad9d644a6bce9b561b0c38424f124e7811b3dae	证据集成/W4/Batch-02-R01-R02/W4-R02/本地实验/W4-R02/V002/local/paired-22528.tsv
W4-R02	V002	W4-R02/V002	60ca277d2afc3d985965e16ca09d1ff9b03f8c10	MEASUREMENT_BLOCKED_OBSERVATION_ONLY	INCLUDE_EVIDENCE	60ca277d2afc3d985965e16ca09d1ff9b03f8c10	e100b5d9b17e8b95ee5e70fcbbef19d022db6ca0	本地实验/W4-R02/V002/local/paired-22528.tsv.log	e69de29bb2d1d6434b8b29ae775ad8c2e48c5391	证据集成/W4/Batch-02-R01-R02/W4-R02/本地实验/W4-R02/V002/local/paired-22528.tsv.log
W4-R02	V002	W4-R02/V002	60ca277d2afc3d985965e16ca09d1ff9b03f8c10	MEASUREMENT_BLOCKED_OBSERVATION_ONLY	INCLUDE_EVIDENCE	60ca277d2afc3d985965e16ca09d1ff9b03f8c10	e100b5d9b17e8b95ee5e70fcbbef19d022db6ca0	本地实验/W4-R02/V002/local/same-parent-18432.tsv	19caba0cdda7ca94b49f00207a4c92d4dea35491	证据集成/W4/Batch-02-R01-R02/W4-R02/本地实验/W4-R02/V002/local/same-parent-18432.tsv
W4-R02	V002	W4-R02/V002	60ca277d2afc3d985965e16ca09d1ff9b03f8c10	MEASUREMENT_BLOCKED_OBSERVATION_ONLY	INCLUDE_EVIDENCE	60ca277d2afc3d985965e16ca09d1ff9b03f8c10	e100b5d9b17e8b95ee5e70fcbbef19d022db6ca0	本地实验/W4-R02/V002/local/same-parent-18432.tsv.log	e69de29bb2d1d6434b8b29ae775ad8c2e48c5391	证据集成/W4/Batch-02-R01-R02/W4-R02/本地实验/W4-R02/V002/local/same-parent-18432.tsv.log
W4-R02	V002	W4-R02/V002	60ca277d2afc3d985965e16ca09d1ff9b03f8c10	MEASUREMENT_BLOCKED_OBSERVATION_ONLY	INCLUDE_EVIDENCE	60ca277d2afc3d985965e16ca09d1ff9b03f8c10	e100b5d9b17e8b95ee5e70fcbbef19d022db6ca0	本地实验/W4-R02/V002/local/same-parent-20480.tsv	6562a830dad019b470c331194d00709132fad4be	证据集成/W4/Batch-02-R01-R02/W4-R02/本地实验/W4-R02/V002/local/same-parent-20480.tsv
W4-R02	V002	W4-R02/V002	60ca277d2afc3d985965e16ca09d1ff9b03f8c10	MEASUREMENT_BLOCKED_OBSERVATION_ONLY	INCLUDE_EVIDENCE	60ca277d2afc3d985965e16ca09d1ff9b03f8c10	e100b5d9b17e8b95ee5e70fcbbef19d022db6ca0	本地实验/W4-R02/V002/local/same-parent-20480.tsv.log	e69de29bb2d1d6434b8b29ae775ad8c2e48c5391	证据集成/W4/Batch-02-R01-R02/W4-R02/本地实验/W4-R02/V002/local/same-parent-20480.tsv.log
W4-R02	V002	W4-R02/V002	60ca277d2afc3d985965e16ca09d1ff9b03f8c10	MEASUREMENT_BLOCKED_OBSERVATION_ONLY	INCLUDE_EVIDENCE	60ca277d2afc3d985965e16ca09d1ff9b03f8c10	e100b5d9b17e8b95ee5e70fcbbef19d022db6ca0	本地实验/W4-R02/V002/local/same-parent-22528.tsv	ed5a0f9aad6654f0ae592a54873dd5fe2c8daaa2	证据集成/W4/Batch-02-R01-R02/W4-R02/本地实验/W4-R02/V002/local/same-parent-22528.tsv
W4-R02	V002	W4-R02/V002	60ca277d2afc3d985965e16ca09d1ff9b03f8c10	MEASUREMENT_BLOCKED_OBSERVATION_ONLY	INCLUDE_EVIDENCE	60ca277d2afc3d985965e16ca09d1ff9b03f8c10	e100b5d9b17e8b95ee5e70fcbbef19d022db6ca0	本地实验/W4-R02/V002/local/same-parent-22528.tsv.log	e69de29bb2d1d6434b8b29ae775ad8c2e48c5391	证据集成/W4/Batch-02-R01-R02/W4-R02/本地实验/W4-R02/V002/local/same-parent-22528.tsv.log
W4-R02	V002	W4-R02/V002	60ca277d2afc3d985965e16ca09d1ff9b03f8c10	MEASUREMENT_BLOCKED_OBSERVATION_ONLY	INCLUDE_EVIDENCE	60ca277d2afc3d985965e16ca09d1ff9b03f8c10	e100b5d9b17e8b95ee5e70fcbbef19d022db6ca0	本地实验/W4-R02/V002/logs/compile-01.log	999086697d7f43d0ba82974b2951faafb3f24773	证据集成/W4/Batch-02-R01-R02/W4-R02/本地实验/W4-R02/V002/logs/compile-01.log
W4-R02	V002	W4-R02/V002	60ca277d2afc3d985965e16ca09d1ff9b03f8c10	MEASUREMENT_BLOCKED_OBSERVATION_ONLY	INCLUDE_EVIDENCE	60ca277d2afc3d985965e16ca09d1ff9b03f8c10	e100b5d9b17e8b95ee5e70fcbbef19d022db6ca0	本地实验/W4-R02/V002/logs/compile-02-pre.usages.txt	3ff782affa40f9cd0abb4e201651e859642d9bb5	证据集成/W4/Batch-02-R01-R02/W4-R02/本地实验/W4-R02/V002/logs/compile-02-pre.usages.txt
W4-R02	V002	W4-R02/V002	60ca277d2afc3d985965e16ca09d1ff9b03f8c10	MEASUREMENT_BLOCKED_OBSERVATION_ONLY	INCLUDE_EVIDENCE	60ca277d2afc3d985965e16ca09d1ff9b03f8c10	e100b5d9b17e8b95ee5e70fcbbef19d022db6ca0	本地实验/W4-R02/V002/logs/compile-02.log	4f554806bdb3e8798bef89f3f520d47575d5bf13	证据集成/W4/Batch-02-R01-R02/W4-R02/本地实验/W4-R02/V002/logs/compile-02.log
W4-R02	V002	W4-R02/V002	60ca277d2afc3d985965e16ca09d1ff9b03f8c10	MEASUREMENT_BLOCKED_OBSERVATION_ONLY	INCLUDE_EVIDENCE	60ca277d2afc3d985965e16ca09d1ff9b03f8c10	e100b5d9b17e8b95ee5e70fcbbef19d022db6ca0	本地实验/W4-R02/V002/logs/compile-pre.usages.txt	77c31688e1f4ab179dea6d3192073a1fbbfab5b3	证据集成/W4/Batch-02-R01-R02/W4-R02/本地实验/W4-R02/V002/logs/compile-pre.usages.txt
W4-R02	V002	W4-R02/V002	60ca277d2afc3d985965e16ca09d1ff9b03f8c10	MEASUREMENT_BLOCKED_OBSERVATION_ONLY	INCLUDE_EVIDENCE	60ca277d2afc3d985965e16ca09d1ff9b03f8c10	e100b5d9b17e8b95ee5e70fcbbef19d022db6ca0	本地实验/W4-R02/V002/logs/correctness-18432-candidate.tsv	54aaf17a4c37e0e78339274a78e88cf3be90db6a	证据集成/W4/Batch-02-R01-R02/W4-R02/本地实验/W4-R02/V002/logs/correctness-18432-candidate.tsv
W4-R02	V002	W4-R02/V002	60ca277d2afc3d985965e16ca09d1ff9b03f8c10	MEASUREMENT_BLOCKED_OBSERVATION_ONLY	INCLUDE_EVIDENCE	60ca277d2afc3d985965e16ca09d1ff9b03f8c10	e100b5d9b17e8b95ee5e70fcbbef19d022db6ca0	本地实验/W4-R02/V002/logs/correctness-18432-candidate.tsv.log	1ff1ac06730ffd6125b164f855b5a1178c89be50	证据集成/W4/Batch-02-R01-R02/W4-R02/本地实验/W4-R02/V002/logs/correctness-18432-candidate.tsv.log
W4-R02	V002	W4-R02/V002	60ca277d2afc3d985965e16ca09d1ff9b03f8c10	MEASUREMENT_BLOCKED_OBSERVATION_ONLY	INCLUDE_EVIDENCE	60ca277d2afc3d985965e16ca09d1ff9b03f8c10	e100b5d9b17e8b95ee5e70fcbbef19d022db6ca0	本地实验/W4-R02/V002/logs/correctness-18432-parent.tsv	a147fa15e169e9821355fd0b5558dc6ebd1406a6	证据集成/W4/Batch-02-R01-R02/W4-R02/本地实验/W4-R02/V002/logs/correctness-18432-parent.tsv
W4-R02	V002	W4-R02/V002	60ca277d2afc3d985965e16ca09d1ff9b03f8c10	MEASUREMENT_BLOCKED_OBSERVATION_ONLY	INCLUDE_EVIDENCE	60ca277d2afc3d985965e16ca09d1ff9b03f8c10	e100b5d9b17e8b95ee5e70fcbbef19d022db6ca0	本地实验/W4-R02/V002/logs/correctness-18432-parent.tsv.log	34f98726bb74b29e0a85f442af803487392f9658	证据集成/W4/Batch-02-R01-R02/W4-R02/本地实验/W4-R02/V002/logs/correctness-18432-parent.tsv.log
W4-R02	V002	W4-R02/V002	60ca277d2afc3d985965e16ca09d1ff9b03f8c10	MEASUREMENT_BLOCKED_OBSERVATION_ONLY	INCLUDE_EVIDENCE	60ca277d2afc3d985965e16ca09d1ff9b03f8c10	e100b5d9b17e8b95ee5e70fcbbef19d022db6ca0	本地实验/W4-R02/V002/logs/correctness-20480-candidate.tsv	2d142ac5ec673a42d90f9331f3077ed5cf39d522	证据集成/W4/Batch-02-R01-R02/W4-R02/本地实验/W4-R02/V002/logs/correctness-20480-candidate.tsv
W4-R02	V002	W4-R02/V002	60ca277d2afc3d985965e16ca09d1ff9b03f8c10	MEASUREMENT_BLOCKED_OBSERVATION_ONLY	INCLUDE_EVIDENCE	60ca277d2afc3d985965e16ca09d1ff9b03f8c10	e100b5d9b17e8b95ee5e70fcbbef19d022db6ca0	本地实验/W4-R02/V002/logs/correctness-20480-candidate.tsv.log	5a2736c86c9e61c0a5e400c5ae5a780b41153805	证据集成/W4/Batch-02-R01-R02/W4-R02/本地实验/W4-R02/V002/logs/correctness-20480-candidate.tsv.log
W4-R02	V002	W4-R02/V002	60ca277d2afc3d985965e16ca09d1ff9b03f8c10	MEASUREMENT_BLOCKED_OBSERVATION_ONLY	INCLUDE_EVIDENCE	60ca277d2afc3d985965e16ca09d1ff9b03f8c10	e100b5d9b17e8b95ee5e70fcbbef19d022db6ca0	本地实验/W4-R02/V002/logs/correctness-20480-parent.tsv	5bfe6b24523cca0b525179757da0042590e1d611	证据集成/W4/Batch-02-R01-R02/W4-R02/本地实验/W4-R02/V002/logs/correctness-20480-parent.tsv
W4-R02	V002	W4-R02/V002	60ca277d2afc3d985965e16ca09d1ff9b03f8c10	MEASUREMENT_BLOCKED_OBSERVATION_ONLY	INCLUDE_EVIDENCE	60ca277d2afc3d985965e16ca09d1ff9b03f8c10	e100b5d9b17e8b95ee5e70fcbbef19d022db6ca0	本地实验/W4-R02/V002/logs/correctness-20480-parent.tsv.log	530948b04390138db4d8b4e5fde422fc539b7eb0	证据集成/W4/Batch-02-R01-R02/W4-R02/本地实验/W4-R02/V002/logs/correctness-20480-parent.tsv.log
W4-R02	V002	W4-R02/V002	60ca277d2afc3d985965e16ca09d1ff9b03f8c10	MEASUREMENT_BLOCKED_OBSERVATION_ONLY	INCLUDE_EVIDENCE	60ca277d2afc3d985965e16ca09d1ff9b03f8c10	e100b5d9b17e8b95ee5e70fcbbef19d022db6ca0	本地实验/W4-R02/V002/logs/correctness-22528-candidate.tsv	86807fa9ea5eb2818a7dd64c722ad1e5dd01fcd5	证据集成/W4/Batch-02-R01-R02/W4-R02/本地实验/W4-R02/V002/logs/correctness-22528-candidate.tsv
W4-R02	V002	W4-R02/V002	60ca277d2afc3d985965e16ca09d1ff9b03f8c10	MEASUREMENT_BLOCKED_OBSERVATION_ONLY	INCLUDE_EVIDENCE	60ca277d2afc3d985965e16ca09d1ff9b03f8c10	e100b5d9b17e8b95ee5e70fcbbef19d022db6ca0	本地实验/W4-R02/V002/logs/correctness-22528-candidate.tsv.log	fa5799c4ec49b932e553676061b20a2e5f1021f4	证据集成/W4/Batch-02-R01-R02/W4-R02/本地实验/W4-R02/V002/logs/correctness-22528-candidate.tsv.log
W4-R02	V002	W4-R02/V002	60ca277d2afc3d985965e16ca09d1ff9b03f8c10	MEASUREMENT_BLOCKED_OBSERVATION_ONLY	INCLUDE_EVIDENCE	60ca277d2afc3d985965e16ca09d1ff9b03f8c10	e100b5d9b17e8b95ee5e70fcbbef19d022db6ca0	本地实验/W4-R02/V002/logs/correctness-22528-parent.tsv	dd70dbca9e07684235af76c55b64bafc8717e470	证据集成/W4/Batch-02-R01-R02/W4-R02/本地实验/W4-R02/V002/logs/correctness-22528-parent.tsv
W4-R02	V002	W4-R02/V002	60ca277d2afc3d985965e16ca09d1ff9b03f8c10	MEASUREMENT_BLOCKED_OBSERVATION_ONLY	INCLUDE_EVIDENCE	60ca277d2afc3d985965e16ca09d1ff9b03f8c10	e100b5d9b17e8b95ee5e70fcbbef19d022db6ca0	本地实验/W4-R02/V002/logs/correctness-22528-parent.tsv.log	03c9a357cc68239186d3eecfacdbd50c984c16a1	证据集成/W4/Batch-02-R01-R02/W4-R02/本地实验/W4-R02/V002/logs/correctness-22528-parent.tsv.log
W4-R02	V002	W4-R02/V002	60ca277d2afc3d985965e16ca09d1ff9b03f8c10	MEASUREMENT_BLOCKED_OBSERVATION_ONLY	INCLUDE_EVIDENCE	60ca277d2afc3d985965e16ca09d1ff9b03f8c10	e100b5d9b17e8b95ee5e70fcbbef19d022db6ca0	本地实验/W4-R02/V002/logs/correctness-24576-candidate.tsv	96cb6beedfd832e96fd776207121126c44ee06a5	证据集成/W4/Batch-02-R01-R02/W4-R02/本地实验/W4-R02/V002/logs/correctness-24576-candidate.tsv
W4-R02	V002	W4-R02/V002	60ca277d2afc3d985965e16ca09d1ff9b03f8c10	MEASUREMENT_BLOCKED_OBSERVATION_ONLY	INCLUDE_EVIDENCE	60ca277d2afc3d985965e16ca09d1ff9b03f8c10	e100b5d9b17e8b95ee5e70fcbbef19d022db6ca0	本地实验/W4-R02/V002/logs/correctness-24576-candidate.tsv.log	7195efce93ab9a078aa3f67c0a91be2c579760f8	证据集成/W4/Batch-02-R01-R02/W4-R02/本地实验/W4-R02/V002/logs/correctness-24576-candidate.tsv.log
W4-R02	V002	W4-R02/V002	60ca277d2afc3d985965e16ca09d1ff9b03f8c10	MEASUREMENT_BLOCKED_OBSERVATION_ONLY	INCLUDE_EVIDENCE	60ca277d2afc3d985965e16ca09d1ff9b03f8c10	e100b5d9b17e8b95ee5e70fcbbef19d022db6ca0	本地实验/W4-R02/V002/logs/correctness-24576-parent.tsv	c7df8ca4738b524e4e774b0f08b460afd3a0980c	证据集成/W4/Batch-02-R01-R02/W4-R02/本地实验/W4-R02/V002/logs/correctness-24576-parent.tsv
W4-R02	V002	W4-R02/V002	60ca277d2afc3d985965e16ca09d1ff9b03f8c10	MEASUREMENT_BLOCKED_OBSERVATION_ONLY	INCLUDE_EVIDENCE	60ca277d2afc3d985965e16ca09d1ff9b03f8c10	e100b5d9b17e8b95ee5e70fcbbef19d022db6ca0	本地实验/W4-R02/V002/logs/correctness-24576-parent.tsv.log	00acf2b68ddc3cc4f7c1b942266433b4eb3e7235	证据集成/W4/Batch-02-R01-R02/W4-R02/本地实验/W4-R02/V002/logs/correctness-24576-parent.tsv.log
W4-R02	V002	W4-R02/V002	60ca277d2afc3d985965e16ca09d1ff9b03f8c10	MEASUREMENT_BLOCKED_OBSERVATION_ONLY	INCLUDE_EVIDENCE	60ca277d2afc3d985965e16ca09d1ff9b03f8c10	e100b5d9b17e8b95ee5e70fcbbef19d022db6ca0	本地实验/W4-R02/V002/logs/correctness-pre.load.txt	c3a9fbbd093b51d9f744918a29ee70e14a974376	证据集成/W4/Batch-02-R01-R02/W4-R02/本地实验/W4-R02/V002/logs/correctness-pre.load.txt
W4-R02	V002	W4-R02/V002	60ca277d2afc3d985965e16ca09d1ff9b03f8c10	MEASUREMENT_BLOCKED_OBSERVATION_ONLY	INCLUDE_EVIDENCE	60ca277d2afc3d985965e16ca09d1ff9b03f8c10	e100b5d9b17e8b95ee5e70fcbbef19d022db6ca0	本地实验/W4-R02/V002/logs/correctness-pre.npu.txt	f3f2cf25f929284274492b6103a115d39bf511fc	证据集成/W4/Batch-02-R01-R02/W4-R02/本地实验/W4-R02/V002/logs/correctness-pre.npu.txt
W4-R02	V002	W4-R02/V002	60ca277d2afc3d985965e16ca09d1ff9b03f8c10	MEASUREMENT_BLOCKED_OBSERVATION_ONLY	INCLUDE_EVIDENCE	60ca277d2afc3d985965e16ca09d1ff9b03f8c10	e100b5d9b17e8b95ee5e70fcbbef19d022db6ca0	本地实验/W4-R02/V002/logs/correctness-pre.usages.txt	752a8bf3b92fce5f93c3d93b13d040a9b28d351e	证据集成/W4/Batch-02-R01-R02/W4-R02/本地实验/W4-R02/V002/logs/correctness-pre.usages.txt
W4-R02	V002	W4-R02/V002	60ca277d2afc3d985965e16ca09d1ff9b03f8c10	MEASUREMENT_BLOCKED_OBSERVATION_ONLY	INCLUDE_EVIDENCE	60ca277d2afc3d985965e16ca09d1ff9b03f8c10	e100b5d9b17e8b95ee5e70fcbbef19d022db6ca0	本地实验/W4-R02/V002/logs/local-post.load.txt	6fa13607e1496bcce6bd23291af06671bf384f6a	证据集成/W4/Batch-02-R01-R02/W4-R02/本地实验/W4-R02/V002/logs/local-post.load.txt
W4-R02	V002	W4-R02/V002	60ca277d2afc3d985965e16ca09d1ff9b03f8c10	MEASUREMENT_BLOCKED_OBSERVATION_ONLY	INCLUDE_EVIDENCE	60ca277d2afc3d985965e16ca09d1ff9b03f8c10	e100b5d9b17e8b95ee5e70fcbbef19d022db6ca0	本地实验/W4-R02/V002/logs/local-post.npu.txt	fdac21aa3db3825a75e0a35e0385d2b94af332a9	证据集成/W4/Batch-02-R01-R02/W4-R02/本地实验/W4-R02/V002/logs/local-post.npu.txt
W4-R02	V002	W4-R02/V002	60ca277d2afc3d985965e16ca09d1ff9b03f8c10	MEASUREMENT_BLOCKED_OBSERVATION_ONLY	INCLUDE_EVIDENCE	60ca277d2afc3d985965e16ca09d1ff9b03f8c10	e100b5d9b17e8b95ee5e70fcbbef19d022db6ca0	本地实验/W4-R02/V002/logs/local-post.usages.txt	97dd0dda612c1dff37a9a365bc819956ed2dd7d7	证据集成/W4/Batch-02-R01-R02/W4-R02/本地实验/W4-R02/V002/logs/local-post.usages.txt
W4-R02	V002	W4-R02/V002	60ca277d2afc3d985965e16ca09d1ff9b03f8c10	MEASUREMENT_BLOCKED_OBSERVATION_ONLY	INCLUDE_EVIDENCE	60ca277d2afc3d985965e16ca09d1ff9b03f8c10	e100b5d9b17e8b95ee5e70fcbbef19d022db6ca0	本地实验/W4-R02/V002/logs/local-pre.load.txt	287ff6b0c116a4ce4227e55ba897d1c9996cc1b0	证据集成/W4/Batch-02-R01-R02/W4-R02/本地实验/W4-R02/V002/logs/local-pre.load.txt
W4-R02	V002	W4-R02/V002	60ca277d2afc3d985965e16ca09d1ff9b03f8c10	MEASUREMENT_BLOCKED_OBSERVATION_ONLY	INCLUDE_EVIDENCE	60ca277d2afc3d985965e16ca09d1ff9b03f8c10	e100b5d9b17e8b95ee5e70fcbbef19d022db6ca0	本地实验/W4-R02/V002/logs/local-pre.usages.txt	9ef2fc1447cb8f4bffbc1652831cc5cedbcf7cc6	证据集成/W4/Batch-02-R01-R02/W4-R02/本地实验/W4-R02/V002/logs/local-pre.usages.txt
W4-R02	V002	W4-R02/V002	60ca277d2afc3d985965e16ca09d1ff9b03f8c10	MEASUREMENT_BLOCKED_OBSERVATION_ONLY	INCLUDE_EVIDENCE	60ca277d2afc3d985965e16ca09d1ff9b03f8c10	e100b5d9b17e8b95ee5e70fcbbef19d022db6ca0	本地实验/W4-R02/V002/logs/stages.txt	8d5bb73da14cc88c93226cbac2ad72d88aba6e26	证据集成/W4/Batch-02-R01-R02/W4-R02/本地实验/W4-R02/V002/logs/stages.txt
W4-R02	V002	W4-R02/V002	60ca277d2afc3d985965e16ca09d1ff9b03f8c10	MEASUREMENT_BLOCKED_OBSERVATION_ONLY	INCLUDE_EVIDENCE	60ca277d2afc3d985965e16ca09d1ff9b03f8c10	e100b5d9b17e8b95ee5e70fcbbef19d022db6ca0	本地实验/W4-R02/V002/logs/validation-01.log	b52d0ee986cd10f58ed1ace64eb4ef4297fa1402	证据集成/W4/Batch-02-R01-R02/W4-R02/本地实验/W4-R02/V002/logs/validation-01.log
W4-R02	V002	W4-R02/V002	60ca277d2afc3d985965e16ca09d1ff9b03f8c10	MEASUREMENT_BLOCKED_OBSERVATION_ONLY	EXCLUDE_SOURCE_SUPPORT	60ca277d2afc3d985965e16ca09d1ff9b03f8c10	e100b5d9b17e8b95ee5e70fcbbef19d022db6ca0	本地实验/W4-R02/V002/parent.asc	6adb6f586a3c2c4461401efe64d0a64e25cb60c3	EXCLUDED_NOT_COPIED
W4-R02	V002	W4-R02/V002	60ca277d2afc3d985965e16ca09d1ff9b03f8c10	MEASUREMENT_BLOCKED_OBSERVATION_ONLY	INCLUDE_EVIDENCE	60ca277d2afc3d985965e16ca09d1ff9b03f8c10	e100b5d9b17e8b95ee5e70fcbbef19d022db6ca0	本地实验/W4-R02/V002/result.json	3afcdc26617ca6ce3fc5fad81839d4e7cffa5cd6	证据集成/W4/Batch-02-R01-R02/W4-R02/本地实验/W4-R02/V002/result.json
W4-R02	V002	W4-R02/V002	60ca277d2afc3d985965e16ca09d1ff9b03f8c10	MEASUREMENT_BLOCKED_OBSERVATION_ONLY	EXCLUDE_SOURCE_SUPPORT	60ca277d2afc3d985965e16ca09d1ff9b03f8c10	e100b5d9b17e8b95ee5e70fcbbef19d022db6ca0	本地实验/W4-R02/V002/submission.asc	a72f504a7af92c0059da2a0c84678f66cb8840d9	EXCLUDED_NOT_COPIED
W4-R02	V002	W4-R02/V002	60ca277d2afc3d985965e16ca09d1ff9b03f8c10	MEASUREMENT_BLOCKED_OBSERVATION_ONLY	EXCLUDE_SOURCE_SUPPORT	60ca277d2afc3d985965e16ca09d1ff9b03f8c10	e100b5d9b17e8b95ee5e70fcbbef19d022db6ca0	本地实验/W4-R02/V002/support/CMakeLists.txt	b65b43f58c679466816f544eca5403e2bbef1db1	EXCLUDED_NOT_COPIED
W4-R02	V002	W4-R02/V002	60ca277d2afc3d985965e16ca09d1ff9b03f8c10	MEASUREMENT_BLOCKED_OBSERVATION_ONLY	EXCLUDE_SOURCE_SUPPORT	60ca277d2afc3d985965e16ca09d1ff9b03f8c10	e100b5d9b17e8b95ee5e70fcbbef19d022db6ca0	本地实验/W4-R02/V002/support/build_server3.sh	ecd938193f832052bd18c59064986536b3238941	EXCLUDED_NOT_COPIED
W4-R02	V002	W4-R02/V002	60ca277d2afc3d985965e16ca09d1ff9b03f8c10	MEASUREMENT_BLOCKED_OBSERVATION_ONLY	EXCLUDE_SOURCE_SUPPORT	60ca277d2afc3d985965e16ca09d1ff9b03f8c10	e100b5d9b17e8b95ee5e70fcbbef19d022db6ca0	本地实验/W4-R02/V002/support/candidate_kernel.asc	2fdf07f861ea9fa35cb78e97b84ef3b62f1cc348	EXCLUDED_NOT_COPIED
W4-R02	V002	W4-R02/V002	60ca277d2afc3d985965e16ca09d1ff9b03f8c10	MEASUREMENT_BLOCKED_OBSERVATION_ONLY	EXCLUDE_SOURCE_SUPPORT	60ca277d2afc3d985965e16ca09d1ff9b03f8c10	e100b5d9b17e8b95ee5e70fcbbef19d022db6ca0	本地实验/W4-R02/V002/support/local_abi_shim.h	4fdb0e41b661384f4e714ebd18716a1673ef4e38	EXCLUDED_NOT_COPIED
W4-R02	V002	W4-R02/V002	60ca277d2afc3d985965e16ca09d1ff9b03f8c10	MEASUREMENT_BLOCKED_OBSERVATION_ONLY	EXCLUDE_SOURCE_SUPPORT	60ca277d2afc3d985965e16ca09d1ff9b03f8c10	e100b5d9b17e8b95ee5e70fcbbef19d022db6ca0	本地实验/W4-R02/V002/support/parent_kernel.asc	500bec68d8a7c92a8a293f635961543100780481	EXCLUDED_NOT_COPIED
W4-R02	V002	W4-R02/V002	60ca277d2afc3d985965e16ca09d1ff9b03f8c10	MEASUREMENT_BLOCKED_OBSERVATION_ONLY	EXCLUDE_SOURCE_SUPPORT	60ca277d2afc3d985965e16ca09d1ff9b03f8c10	e100b5d9b17e8b95ee5e70fcbbef19d022db6ca0	本地实验/W4-R02/V002/support/run_server3.sh	b0b6be2166f753a4e83a3b0abb98759ce4ad2849	EXCLUDED_NOT_COPIED
W4-R02	V002	W4-R02/V002	60ca277d2afc3d985965e16ca09d1ff9b03f8c10	MEASUREMENT_BLOCKED_OBSERVATION_ONLY	EXCLUDE_SOURCE_SUPPORT	e100b5d9b17e8b95ee5e70fcbbef19d022db6ca0	e100b5d9b17e8b95ee5e70fcbbef19d022db6ca0	本地实验/W4-R02/V002/support/runner_main.cpp	f35f5b62e5fcede4c1e70110c2b17a6bbed45e51	EXCLUDED_NOT_COPIED
W4-R02	V002	W4-R02/V002	60ca277d2afc3d985965e16ca09d1ff9b03f8c10	MEASUREMENT_BLOCKED_OBSERVATION_ONLY	EXCLUDE_SOURCE_SUPPORT	e100b5d9b17e8b95ee5e70fcbbef19d022db6ca0	e100b5d9b17e8b95ee5e70fcbbef19d022db6ca0	本地实验/W4-R02/V002/support/summarize.py	d01f6334ba93f2f80ef840dc54a057c0ec5f932c	EXCLUDED_NOT_COPIED
W4-R02	V002	W4-R02/V002	60ca277d2afc3d985965e16ca09d1ff9b03f8c10	MEASUREMENT_BLOCKED_OBSERVATION_ONLY	EXCLUDE_SOURCE_SUPPORT	e100b5d9b17e8b95ee5e70fcbbef19d022db6ca0	e100b5d9b17e8b95ee5e70fcbbef19d022db6ca0	本地实验/W4-R02/V002/support/timing_scope_server3.sh	c7e55dae9e1b6ef8b512d8f2cd4bf835f1f9b108	EXCLUDED_NOT_COPIED
W4-R02	V002	W4-R02/V002	60ca277d2afc3d985965e16ca09d1ff9b03f8c10	MEASUREMENT_BLOCKED_OBSERVATION_ONLY	INCLUDE_EVIDENCE	e100b5d9b17e8b95ee5e70fcbbef19d022db6ca0	e100b5d9b17e8b95ee5e70fcbbef19d022db6ca0	本地实验/W4-R02/V002/timing-scope-20261008/analysis.log	a28ac8335a1e53213a3579f297ef2f204ae735bb	证据集成/W4/Batch-02-R01-R02/W4-R02/本地实验/W4-R02/V002/timing-scope-20261008/analysis.log
W4-R02	V002	W4-R02/V002	60ca277d2afc3d985965e16ca09d1ff9b03f8c10	MEASUREMENT_BLOCKED_OBSERVATION_ONLY	INCLUDE_EVIDENCE	e100b5d9b17e8b95ee5e70fcbbef19d022db6ca0	e100b5d9b17e8b95ee5e70fcbbef19d022db6ca0	本地实验/W4-R02/V002/timing-scope-20261008/compile-pre.load.txt	7bd6862c0cb6d69fed3fdf3327b5786f8c69a174	证据集成/W4/Batch-02-R01-R02/W4-R02/本地实验/W4-R02/V002/timing-scope-20261008/compile-pre.load.txt
W4-R02	V002	W4-R02/V002	60ca277d2afc3d985965e16ca09d1ff9b03f8c10	MEASUREMENT_BLOCKED_OBSERVATION_ONLY	INCLUDE_EVIDENCE	e100b5d9b17e8b95ee5e70fcbbef19d022db6ca0	e100b5d9b17e8b95ee5e70fcbbef19d022db6ca0	本地实验/W4-R02/V002/timing-scope-20261008/compile-pre.npu.txt	ecd2055a9381864cdf0d6d0b42506fedd234d92c	证据集成/W4/Batch-02-R01-R02/W4-R02/本地实验/W4-R02/V002/timing-scope-20261008/compile-pre.npu.txt
W4-R02	V002	W4-R02/V002	60ca277d2afc3d985965e16ca09d1ff9b03f8c10	MEASUREMENT_BLOCKED_OBSERVATION_ONLY	INCLUDE_EVIDENCE	e100b5d9b17e8b95ee5e70fcbbef19d022db6ca0	e100b5d9b17e8b95ee5e70fcbbef19d022db6ca0	本地实验/W4-R02/V002/timing-scope-20261008/compile-pre.time.txt	8e132f75bf4d76cbb7b0845483d27d612fd2d855	证据集成/W4/Batch-02-R01-R02/W4-R02/本地实验/W4-R02/V002/timing-scope-20261008/compile-pre.time.txt
W4-R02	V002	W4-R02/V002	60ca277d2afc3d985965e16ca09d1ff9b03f8c10	MEASUREMENT_BLOCKED_OBSERVATION_ONLY	INCLUDE_EVIDENCE	e100b5d9b17e8b95ee5e70fcbbef19d022db6ca0	e100b5d9b17e8b95ee5e70fcbbef19d022db6ca0	本地实验/W4-R02/V002/timing-scope-20261008/compile-pre.usages.txt	f60bd9efaa58390827c92ae8a5ab892370be66b8	证据集成/W4/Batch-02-R01-R02/W4-R02/本地实验/W4-R02/V002/timing-scope-20261008/compile-pre.usages.txt
W4-R02	V002	W4-R02/V002	60ca277d2afc3d985965e16ca09d1ff9b03f8c10	MEASUREMENT_BLOCKED_OBSERVATION_ONLY	INCLUDE_EVIDENCE	e100b5d9b17e8b95ee5e70fcbbef19d022db6ca0	e100b5d9b17e8b95ee5e70fcbbef19d022db6ca0	本地实验/W4-R02/V002/timing-scope-20261008/compile-session.log	5f1cd3e31bdabc0b3ba445c22a37df416b0e07fa	证据集成/W4/Batch-02-R01-R02/W4-R02/本地实验/W4-R02/V002/timing-scope-20261008/compile-session.log
W4-R02	V002	W4-R02/V002	60ca277d2afc3d985965e16ca09d1ff9b03f8c10	MEASUREMENT_BLOCKED_OBSERVATION_ONLY	INCLUDE_EVIDENCE	e100b5d9b17e8b95ee5e70fcbbef19d022db6ca0	e100b5d9b17e8b95ee5e70fcbbef19d022db6ca0	本地实验/W4-R02/V002/timing-scope-20261008/compile.log	0dc73be7b3c328f98da0f90e5be1742f5eb035b6	证据集成/W4/Batch-02-R01-R02/W4-R02/本地实验/W4-R02/V002/timing-scope-20261008/compile.log
W4-R02	V002	W4-R02/V002	60ca277d2afc3d985965e16ca09d1ff9b03f8c10	MEASUREMENT_BLOCKED_OBSERVATION_ONLY	INCLUDE_EVIDENCE	e100b5d9b17e8b95ee5e70fcbbef19d022db6ca0	e100b5d9b17e8b95ee5e70fcbbef19d022db6ca0	本地实验/W4-R02/V002/timing-scope-20261008/final-state.log	0db04ed1059804ec56bda32067b175612cf2463c	证据集成/W4/Batch-02-R01-R02/W4-R02/本地实验/W4-R02/V002/timing-scope-20261008/final-state.log
W4-R02	V002	W4-R02/V002	60ca277d2afc3d985965e16ca09d1ff9b03f8c10	MEASUREMENT_BLOCKED_OBSERVATION_ONLY	INCLUDE_EVIDENCE	e100b5d9b17e8b95ee5e70fcbbef19d022db6ca0	e100b5d9b17e8b95ee5e70fcbbef19d022db6ca0	本地实验/W4-R02/V002/timing-scope-20261008/pp-event.tsv	d5b0426b261174d0f88a50f79739b943ba18fab8	证据集成/W4/Batch-02-R01-R02/W4-R02/本地实验/W4-R02/V002/timing-scope-20261008/pp-event.tsv
W4-R02	V002	W4-R02/V002	60ca277d2afc3d985965e16ca09d1ff9b03f8c10	MEASUREMENT_BLOCKED_OBSERVATION_ONLY	INCLUDE_EVIDENCE	e100b5d9b17e8b95ee5e70fcbbef19d022db6ca0	e100b5d9b17e8b95ee5e70fcbbef19d022db6ca0	本地实验/W4-R02/V002/timing-scope-20261008/pp-post.load.txt	2b0af145c5ac5d4d358a74d600e88855bc548225	证据集成/W4/Batch-02-R01-R02/W4-R02/本地实验/W4-R02/V002/timing-scope-20261008/pp-post.load.txt
W4-R02	V002	W4-R02/V002	60ca277d2afc3d985965e16ca09d1ff9b03f8c10	MEASUREMENT_BLOCKED_OBSERVATION_ONLY	INCLUDE_EVIDENCE	e100b5d9b17e8b95ee5e70fcbbef19d022db6ca0	e100b5d9b17e8b95ee5e70fcbbef19d022db6ca0	本地实验/W4-R02/V002/timing-scope-20261008/pp-post.npu.txt	b41804c38ec76641095e5b1e815f03b59dae3d49	证据集成/W4/Batch-02-R01-R02/W4-R02/本地实验/W4-R02/V002/timing-scope-20261008/pp-post.npu.txt
W4-R02	V002	W4-R02/V002	60ca277d2afc3d985965e16ca09d1ff9b03f8c10	MEASUREMENT_BLOCKED_OBSERVATION_ONLY	INCLUDE_EVIDENCE	e100b5d9b17e8b95ee5e70fcbbef19d022db6ca0	e100b5d9b17e8b95ee5e70fcbbef19d022db6ca0	本地实验/W4-R02/V002/timing-scope-20261008/pp-post.time.txt	82ea9a8b6ce0b197bdf319182d3470ee125ffda9	证据集成/W4/Batch-02-R01-R02/W4-R02/本地实验/W4-R02/V002/timing-scope-20261008/pp-post.time.txt
W4-R02	V002	W4-R02/V002	60ca277d2afc3d985965e16ca09d1ff9b03f8c10	MEASUREMENT_BLOCKED_OBSERVATION_ONLY	INCLUDE_EVIDENCE	e100b5d9b17e8b95ee5e70fcbbef19d022db6ca0	e100b5d9b17e8b95ee5e70fcbbef19d022db6ca0	本地实验/W4-R02/V002/timing-scope-20261008/pp-post.usages.txt	caa28371abba0b97c6ebe336383d1acbd4e7ec1a	证据集成/W4/Batch-02-R01-R02/W4-R02/本地实验/W4-R02/V002/timing-scope-20261008/pp-post.usages.txt
W4-R02	V002	W4-R02/V002	60ca277d2afc3d985965e16ca09d1ff9b03f8c10	MEASUREMENT_BLOCKED_OBSERVATION_ONLY	INCLUDE_EVIDENCE	e100b5d9b17e8b95ee5e70fcbbef19d022db6ca0	e100b5d9b17e8b95ee5e70fcbbef19d022db6ca0	本地实验/W4-R02/V002/timing-scope-20261008/pp-pre.load.txt	d5a84a59aa4a91d84be1b1f76a02cffafd26d549	证据集成/W4/Batch-02-R01-R02/W4-R02/本地实验/W4-R02/V002/timing-scope-20261008/pp-pre.load.txt
W4-R02	V002	W4-R02/V002	60ca277d2afc3d985965e16ca09d1ff9b03f8c10	MEASUREMENT_BLOCKED_OBSERVATION_ONLY	INCLUDE_EVIDENCE	e100b5d9b17e8b95ee5e70fcbbef19d022db6ca0	e100b5d9b17e8b95ee5e70fcbbef19d022db6ca0	本地实验/W4-R02/V002/timing-scope-20261008/pp-pre.npu.txt	93b91c8b066d3f37ad5295bf858b5d2fd38ca91b	证据集成/W4/Batch-02-R01-R02/W4-R02/本地实验/W4-R02/V002/timing-scope-20261008/pp-pre.npu.txt
W4-R02	V002	W4-R02/V002	60ca277d2afc3d985965e16ca09d1ff9b03f8c10	MEASUREMENT_BLOCKED_OBSERVATION_ONLY	INCLUDE_EVIDENCE	e100b5d9b17e8b95ee5e70fcbbef19d022db6ca0	e100b5d9b17e8b95ee5e70fcbbef19d022db6ca0	本地实验/W4-R02/V002/timing-scope-20261008/pp-pre.time.txt	ac1f21eb34e6f3ed68277290584d7ad5b906eea9	证据集成/W4/Batch-02-R01-R02/W4-R02/本地实验/W4-R02/V002/timing-scope-20261008/pp-pre.time.txt
W4-R02	V002	W4-R02/V002	60ca277d2afc3d985965e16ca09d1ff9b03f8c10	MEASUREMENT_BLOCKED_OBSERVATION_ONLY	INCLUDE_EVIDENCE	e100b5d9b17e8b95ee5e70fcbbef19d022db6ca0	e100b5d9b17e8b95ee5e70fcbbef19d022db6ca0	本地实验/W4-R02/V002/timing-scope-20261008/pp-pre.usages.txt	abf026fdc9362da47054755cc1c6a8a79e0d2a6b	证据集成/W4/Batch-02-R01-R02/W4-R02/本地实验/W4-R02/V002/timing-scope-20261008/pp-pre.usages.txt
W4-R02	V002	W4-R02/V002	60ca277d2afc3d985965e16ca09d1ff9b03f8c10	MEASUREMENT_BLOCKED_OBSERVATION_ONLY	INCLUDE_EVIDENCE	e100b5d9b17e8b95ee5e70fcbbef19d022db6ca0	e100b5d9b17e8b95ee5e70fcbbef19d022db6ca0	本地实验/W4-R02/V002/timing-scope-20261008/pp-profile.log	6020dee3c97c557e2ee52812572330b00e890921	证据集成/W4/Batch-02-R01-R02/W4-R02/本地实验/W4-R02/V002/timing-scope-20261008/pp-profile.log
W4-R02	V002	W4-R02/V002	60ca277d2afc3d985965e16ca09d1ff9b03f8c10	MEASUREMENT_BLOCKED_OBSERVATION_ONLY	INCLUDE_EVIDENCE	e100b5d9b17e8b95ee5e70fcbbef19d022db6ca0	e100b5d9b17e8b95ee5e70fcbbef19d022db6ca0	本地实验/W4-R02/V002/timing-scope-20261008/pp-profile/PROF_000001_20261008061036312_MAHHPQNFROMGREBB/mindstudio_profiler_output/README.txt	c90934cd37f50d7a6f8899006450a863b8bf1e2c	证据集成/W4/Batch-02-R01-R02/W4-R02/本地实验/W4-R02/V002/timing-scope-20261008/pp-profile/PROF_000001_20261008061036312_MAHHPQNFROMGREBB/mindstudio_profiler_output/README.txt
W4-R02	V002	W4-R02/V002	60ca277d2afc3d985965e16ca09d1ff9b03f8c10	MEASUREMENT_BLOCKED_OBSERVATION_ONLY	INCLUDE_EVIDENCE	e100b5d9b17e8b95ee5e70fcbbef19d022db6ca0	e100b5d9b17e8b95ee5e70fcbbef19d022db6ca0	本地实验/W4-R02/V002/timing-scope-20261008/pp-profile/PROF_000001_20261008061036312_MAHHPQNFROMGREBB/mindstudio_profiler_output/api_statistic_20261008061045.csv	9e376de9ac9d52e26692eb7172145682c099b64c	证据集成/W4/Batch-02-R01-R02/W4-R02/本地实验/W4-R02/V002/timing-scope-20261008/pp-profile/PROF_000001_20261008061036312_MAHHPQNFROMGREBB/mindstudio_profiler_output/api_statistic_20261008061045.csv
W4-R02	V002	W4-R02/V002	60ca277d2afc3d985965e16ca09d1ff9b03f8c10	MEASUREMENT_BLOCKED_OBSERVATION_ONLY	INCLUDE_EVIDENCE	e100b5d9b17e8b95ee5e70fcbbef19d022db6ca0	e100b5d9b17e8b95ee5e70fcbbef19d022db6ca0	本地实验/W4-R02/V002/timing-scope-20261008/pp-profile/PROF_000001_20261008061036312_MAHHPQNFROMGREBB/mindstudio_profiler_output/msprof_20261008061044.json	4eac948933396961af7506ebdaf7d5cab1de499d	证据集成/W4/Batch-02-R01-R02/W4-R02/本地实验/W4-R02/V002/timing-scope-20261008/pp-profile/PROF_000001_20261008061036312_MAHHPQNFROMGREBB/mindstudio_profiler_output/msprof_20261008061044.json
W4-R02	V002	W4-R02/V002	60ca277d2afc3d985965e16ca09d1ff9b03f8c10	MEASUREMENT_BLOCKED_OBSERVATION_ONLY	INCLUDE_EVIDENCE	e100b5d9b17e8b95ee5e70fcbbef19d022db6ca0	e100b5d9b17e8b95ee5e70fcbbef19d022db6ca0	本地实验/W4-R02/V002/timing-scope-20261008/pp-profile/PROF_000001_20261008061036312_MAHHPQNFROMGREBB/mindstudio_profiler_output/op_statistic_20261008061045.csv	6fd14cb186362997a3e723d550e018d73b79aa5d	证据集成/W4/Batch-02-R01-R02/W4-R02/本地实验/W4-R02/V002/timing-scope-20261008/pp-profile/PROF_000001_20261008061036312_MAHHPQNFROMGREBB/mindstudio_profiler_output/op_statistic_20261008061045.csv
W4-R02	V002	W4-R02/V002	60ca277d2afc3d985965e16ca09d1ff9b03f8c10	MEASUREMENT_BLOCKED_OBSERVATION_ONLY	INCLUDE_EVIDENCE	e100b5d9b17e8b95ee5e70fcbbef19d022db6ca0	e100b5d9b17e8b95ee5e70fcbbef19d022db6ca0	本地实验/W4-R02/V002/timing-scope-20261008/pp-profile/PROF_000001_20261008061036312_MAHHPQNFROMGREBB/mindstudio_profiler_output/op_summary_20261008061045.csv	6149a633779d39361caf2d4d81817f190109a030	证据集成/W4/Batch-02-R01-R02/W4-R02/本地实验/W4-R02/V002/timing-scope-20261008/pp-profile/PROF_000001_20261008061036312_MAHHPQNFROMGREBB/mindstudio_profiler_output/op_summary_20261008061045.csv
W4-R02	V002	W4-R02/V002	60ca277d2afc3d985965e16ca09d1ff9b03f8c10	MEASUREMENT_BLOCKED_OBSERVATION_ONLY	INCLUDE_EVIDENCE	e100b5d9b17e8b95ee5e70fcbbef19d022db6ca0	e100b5d9b17e8b95ee5e70fcbbef19d022db6ca0	本地实验/W4-R02/V002/timing-scope-20261008/pp-profile/PROF_000001_20261008061036312_MAHHPQNFROMGREBB/mindstudio_profiler_output/task_time_20261008061045.csv	7ddd5eddfedbeb4ea59896eb9548569e063e8a30	证据集成/W4/Batch-02-R01-R02/W4-R02/本地实验/W4-R02/V002/timing-scope-20261008/pp-profile/PROF_000001_20261008061036312_MAHHPQNFROMGREBB/mindstudio_profiler_output/task_time_20261008061045.csv
W4-R02	V002	W4-R02/V002	60ca277d2afc3d985965e16ca09d1ff9b03f8c10	MEASUREMENT_BLOCKED_OBSERVATION_ONLY	INCLUDE_EVIDENCE	e100b5d9b17e8b95ee5e70fcbbef19d022db6ca0	e100b5d9b17e8b95ee5e70fcbbef19d022db6ca0	本地实验/W4-R02/V002/timing-scope-20261008/pp-session.log	53eb4e1fd186733c1b37b624745a25aed72c8788	证据集成/W4/Batch-02-R01-R02/W4-R02/本地实验/W4-R02/V002/timing-scope-20261008/pp-session.log
W4-R02	V002	W4-R02/V002	60ca277d2afc3d985965e16ca09d1ff9b03f8c10	MEASUREMENT_BLOCKED_OBSERVATION_ONLY	INCLUDE_EVIDENCE	e100b5d9b17e8b95ee5e70fcbbef19d022db6ca0	e100b5d9b17e8b95ee5e70fcbbef19d022db6ca0	本地实验/W4-R02/V002/timing-scope-20261008/pp-summary.json	61ef2ab2d08f5e57641c8e3c72f05b28e3766263	证据集成/W4/Batch-02-R01-R02/W4-R02/本地实验/W4-R02/V002/timing-scope-20261008/pp-summary.json
W4-R02	V002	W4-R02/V002	60ca277d2afc3d985965e16ca09d1ff9b03f8c10	MEASUREMENT_BLOCKED_OBSERVATION_ONLY	INCLUDE_EVIDENCE	e100b5d9b17e8b95ee5e70fcbbef19d022db6ca0	e100b5d9b17e8b95ee5e70fcbbef19d022db6ca0	本地实验/W4-R02/V002/timing-scope-20261008/pp-task-map.tsv	f33a8eebb5ff2200b93d0756f85c0af02aa0cb1f	证据集成/W4/Batch-02-R01-R02/W4-R02/本地实验/W4-R02/V002/timing-scope-20261008/pp-task-map.tsv
W4-R02	V002	W4-R02/V002	60ca277d2afc3d985965e16ca09d1ff9b03f8c10	MEASUREMENT_BLOCKED_OBSERVATION_ONLY	INCLUDE_EVIDENCE	e100b5d9b17e8b95ee5e70fcbbef19d022db6ca0	e100b5d9b17e8b95ee5e70fcbbef19d022db6ca0	本地实验/W4-R02/V002/timing-scope-20261008/transfer-source.log	41df6e3a693b5c85dd4793bdf8c96bb0850c519f	证据集成/W4/Batch-02-R01-R02/W4-R02/本地实验/W4-R02/V002/timing-scope-20261008/transfer-source.log
W4-R02	V002	W4-R02/V002	60ca277d2afc3d985965e16ca09d1ff9b03f8c10	MEASUREMENT_BLOCKED_OBSERVATION_ONLY	INCLUDE_EVIDENCE	e100b5d9b17e8b95ee5e70fcbbef19d022db6ca0	e100b5d9b17e8b95ee5e70fcbbef19d022db6ca0	研究/W4-R02/traversal-coverage.md	ac85a86c1e6dae63b569bf25a5e38aa9cf52d006	证据集成/W4/Batch-02-R01-R02/W4-R02/研究/W4-R02/traversal-coverage.md
W4-R04	V002	W4-R04/V002	8ffc6b6962921dfcd4d9912185eebfc940fe85a0	MEASUREMENT_BLOCKED_OBSERVATION_ONLY	EXCLUDE_PRODUCTION_SOURCE	8ffc6b6962921dfcd4d9912185eebfc940fe85a0	766bb53acb85db70a4c2648feae72511ac20a10e	本地实验/W4-R04/V002/CMakeLists.txt	d51ed8819024fd8130ee37e87c99e637c8e83ab0	EXCLUDED_NOT_COPIED
W4-R04	V002	W4-R04/V002	8ffc6b6962921dfcd4d9912185eebfc940fe85a0	MEASUREMENT_BLOCKED_OBSERVATION_ONLY	INCLUDE_EVIDENCE	8ffc6b6962921dfcd4d9912185eebfc940fe85a0	766bb53acb85db70a4c2648feae72511ac20a10e	本地实验/W4-R04/V002/DECLARATION.md	ad70ff2f010ef876b3e9f2466c23ba91829f6479	证据集成/W4/Batch-02-R01-R02/W4-R04/本地实验/W4-R04/V002/DECLARATION.md
W4-R04	V002	W4-R04/V002	8ffc6b6962921dfcd4d9912185eebfc940fe85a0	MEASUREMENT_BLOCKED_OBSERVATION_ONLY	INCLUDE_EVIDENCE	8ffc6b6962921dfcd4d9912185eebfc940fe85a0	766bb53acb85db70a4c2648feae72511ac20a10e	本地实验/W4-R04/V002/RESULT.md	2ec605666bf688d70eebf046a2dd074fbe9f0aa4	证据集成/W4/Batch-02-R01-R02/W4-R04/本地实验/W4-R04/V002/RESULT.md
W4-R04	V002	W4-R04/V002	8ffc6b6962921dfcd4d9912185eebfc940fe85a0	MEASUREMENT_BLOCKED_OBSERVATION_ONLY	INCLUDE_EVIDENCE	8ffc6b6962921dfcd4d9912185eebfc940fe85a0	766bb53acb85db70a4c2648feae72511ac20a10e	本地实验/W4-R04/V002/local-analysis.json	f73605af65b38b92ef1363f31105b2e41ad3a3e5	证据集成/W4/Batch-02-R01-R02/W4-R04/本地实验/W4-R04/V002/local-analysis.json
W4-R04	V002	W4-R04/V002	8ffc6b6962921dfcd4d9912185eebfc940fe85a0	MEASUREMENT_BLOCKED_OBSERVATION_ONLY	INCLUDE_EVIDENCE	8ffc6b6962921dfcd4d9912185eebfc940fe85a0	766bb53acb85db70a4c2648feae72511ac20a10e	本地实验/W4-R04/V002/logs/closure-state.txt	8c7921f8fb2792be4cc783c405b2af25db4db527	证据集成/W4/Batch-02-R01-R02/W4-R04/本地实验/W4-R04/V002/logs/closure-state.txt
W4-R04	V002	W4-R04/V002	8ffc6b6962921dfcd4d9912185eebfc940fe85a0	MEASUREMENT_BLOCKED_OBSERVATION_ONLY	INCLUDE_EVIDENCE	8ffc6b6962921dfcd4d9912185eebfc940fe85a0	766bb53acb85db70a4c2648feae72511ac20a10e	本地实验/W4-R04/V002/logs/compile-20261008T052403Z-3677186.log	22d1df6ee16013c39cc4addf87606629a40a5138	证据集成/W4/Batch-02-R01-R02/W4-R04/本地实验/W4-R04/V002/logs/compile-20261008T052403Z-3677186.log
W4-R04	V002	W4-R04/V002	8ffc6b6962921dfcd4d9912185eebfc940fe85a0	MEASUREMENT_BLOCKED_OBSERVATION_ONLY	INCLUDE_EVIDENCE	8ffc6b6962921dfcd4d9912185eebfc940fe85a0	766bb53acb85db70a4c2648feae72511ac20a10e	本地实验/W4-R04/V002/logs/compile-20261008T052819Z-3724652.log	012945cc1c40d66e3cdf296958e318dd6b26f855	证据集成/W4/Batch-02-R01-R02/W4-R04/本地实验/W4-R04/V002/logs/compile-20261008T052819Z-3724652.log
W4-R04	V002	W4-R04/V002	8ffc6b6962921dfcd4d9912185eebfc940fe85a0	MEASUREMENT_BLOCKED_OBSERVATION_ONLY	INCLUDE_EVIDENCE	8ffc6b6962921dfcd4d9912185eebfc940fe85a0	766bb53acb85db70a4c2648feae72511ac20a10e	本地实验/W4-R04/V002/logs/correctness-20261008T053033Z-3749912.log	8f161073f13c9ae62dc6c2dfb6a1ae47f19f2d12	证据集成/W4/Batch-02-R01-R02/W4-R04/本地实验/W4-R04/V002/logs/correctness-20261008T053033Z-3749912.log
W4-R04	V002	W4-R04/V002	8ffc6b6962921dfcd4d9912185eebfc940fe85a0	MEASUREMENT_BLOCKED_OBSERVATION_ONLY	INCLUDE_EVIDENCE	8ffc6b6962921dfcd4d9912185eebfc940fe85a0	766bb53acb85db70a4c2648feae72511ac20a10e	本地实验/W4-R04/V002/logs/correctness-dispatch-20261008.log	8f161073f13c9ae62dc6c2dfb6a1ae47f19f2d12	证据集成/W4/Batch-02-R01-R02/W4-R04/本地实验/W4-R04/V002/logs/correctness-dispatch-20261008.log
W4-R04	V002	W4-R04/V002	8ffc6b6962921dfcd4d9912185eebfc940fe85a0	MEASUREMENT_BLOCKED_OBSERVATION_ONLY	INCLUDE_EVIDENCE	8ffc6b6962921dfcd4d9912185eebfc940fe85a0	766bb53acb85db70a4c2648feae72511ac20a10e	本地实验/W4-R04/V002/logs/local-20261008T053213Z-3769615-raw.tsv	dcf2409c7e3459d14b4ea60e5ee48be6b1271b95	证据集成/W4/Batch-02-R01-R02/W4-R04/本地实验/W4-R04/V002/logs/local-20261008T053213Z-3769615-raw.tsv
W4-R04	V002	W4-R04/V002	8ffc6b6962921dfcd4d9912185eebfc940fe85a0	MEASUREMENT_BLOCKED_OBSERVATION_ONLY	INCLUDE_EVIDENCE	8ffc6b6962921dfcd4d9912185eebfc940fe85a0	766bb53acb85db70a4c2648feae72511ac20a10e	本地实验/W4-R04/V002/logs/local-20261008T053213Z-3769615.log	7c661556704218f60ff59da927eaebe5990b418a	证据集成/W4/Batch-02-R01-R02/W4-R04/本地实验/W4-R04/V002/logs/local-20261008T053213Z-3769615.log
W4-R04	V002	W4-R04/V002	8ffc6b6962921dfcd4d9912185eebfc940fe85a0	MEASUREMENT_BLOCKED_OBSERVATION_ONLY	INCLUDE_EVIDENCE	8ffc6b6962921dfcd4d9912185eebfc940fe85a0	766bb53acb85db70a4c2648feae72511ac20a10e	本地实验/W4-R04/V002/logs/local-dispatch-20261008.log	7c661556704218f60ff59da927eaebe5990b418a	证据集成/W4/Batch-02-R01-R02/W4-R04/本地实验/W4-R04/V002/logs/local-dispatch-20261008.log
W4-R04	V002	W4-R04/V002	8ffc6b6962921dfcd4d9912185eebfc940fe85a0	MEASUREMENT_BLOCKED_OBSERVATION_ONLY	INCLUDE_EVIDENCE	8ffc6b6962921dfcd4d9912185eebfc940fe85a0	766bb53acb85db70a4c2648feae72511ac20a10e	本地实验/W4-R04/V002/logs/runner-control-compile-20261008.log	36a884a3745b3bb64853e8fb3b4ad07aebd05d51	证据集成/W4/Batch-02-R01-R02/W4-R04/本地实验/W4-R04/V002/logs/runner-control-compile-20261008.log
W4-R04	V002	W4-R04/V002	8ffc6b6962921dfcd4d9912185eebfc940fe85a0	MEASUREMENT_BLOCKED_OBSERVATION_ONLY	INCLUDE_EVIDENCE	8ffc6b6962921dfcd4d9912185eebfc940fe85a0	766bb53acb85db70a4c2648feae72511ac20a10e	本地实验/W4-R04/V002/logs/same-binary-20261008T053122Z-3760492-raw.tsv	e64ce188ed82e96238e8ca04b2e0f39419f3c595	证据集成/W4/Batch-02-R01-R02/W4-R04/本地实验/W4-R04/V002/logs/same-binary-20261008T053122Z-3760492-raw.tsv
W4-R04	V002	W4-R04/V002	8ffc6b6962921dfcd4d9912185eebfc940fe85a0	MEASUREMENT_BLOCKED_OBSERVATION_ONLY	INCLUDE_EVIDENCE	8ffc6b6962921dfcd4d9912185eebfc940fe85a0	766bb53acb85db70a4c2648feae72511ac20a10e	本地实验/W4-R04/V002/logs/same-binary-20261008T053122Z-3760492.log	cc625237de886cc49c784b248b9e0e34f5a1d78f	证据集成/W4/Batch-02-R01-R02/W4-R04/本地实验/W4-R04/V002/logs/same-binary-20261008T053122Z-3760492.log
W4-R04	V002	W4-R04/V002	8ffc6b6962921dfcd4d9912185eebfc940fe85a0	MEASUREMENT_BLOCKED_OBSERVATION_ONLY	INCLUDE_EVIDENCE	8ffc6b6962921dfcd4d9912185eebfc940fe85a0	766bb53acb85db70a4c2648feae72511ac20a10e	本地实验/W4-R04/V002/logs/same-binary-dispatch-20261008.log	cc625237de886cc49c784b248b9e0e34f5a1d78f	证据集成/W4/Batch-02-R01-R02/W4-R04/本地实验/W4-R04/V002/logs/same-binary-dispatch-20261008.log
W4-R04	V002	W4-R04/V002	8ffc6b6962921dfcd4d9912185eebfc940fe85a0	MEASUREMENT_BLOCKED_OBSERVATION_ONLY	INCLUDE_EVIDENCE	8ffc6b6962921dfcd4d9912185eebfc940fe85a0	766bb53acb85db70a4c2648feae72511ac20a10e	本地实验/W4-R04/V002/logs/server3-compile-20261008T052405Z-$.log	5e69ff31968f9f93e5261f8bd71fd3788d2b9925	证据集成/W4/Batch-02-R01-R02/W4-R04/本地实验/W4-R04/V002/logs/server3-compile-20261008T052405Z-$.log
W4-R04	V002	W4-R04/V002	8ffc6b6962921dfcd4d9912185eebfc940fe85a0	MEASUREMENT_BLOCKED_OBSERVATION_ONLY	INCLUDE_EVIDENCE	8ffc6b6962921dfcd4d9912185eebfc940fe85a0	766bb53acb85db70a4c2648feae72511ac20a10e	本地实验/W4-R04/V002/logs/server3-compile-20261008T052821Z-$.log	10227b78bc89f5a41f2e8c91d2a147c33b36f74c	证据集成/W4/Batch-02-R01-R02/W4-R04/本地实验/W4-R04/V002/logs/server3-compile-20261008T052821Z-$.log
W4-R04	V002	W4-R04/V002	8ffc6b6962921dfcd4d9912185eebfc940fe85a0	MEASUREMENT_BLOCKED_OBSERVATION_ONLY	INCLUDE_EVIDENCE	8ffc6b6962921dfcd4d9912185eebfc940fe85a0	766bb53acb85db70a4c2648feae72511ac20a10e	本地实验/W4-R04/V002/logs/source-transfer-verification.txt	4da25ee465380a38cbce4d1d18f8346fdb3b2dc3	证据集成/W4/Batch-02-R01-R02/W4-R04/本地实验/W4-R04/V002/logs/source-transfer-verification.txt
W4-R04	V002	W4-R04/V002	8ffc6b6962921dfcd4d9912185eebfc940fe85a0	MEASUREMENT_BLOCKED_OBSERVATION_ONLY	INCLUDE_EVIDENCE	766bb53acb85db70a4c2648feae72511ac20a10e	766bb53acb85db70a4c2648feae72511ac20a10e	本地实验/W4-R04/V002/logs/timing-attribution-20261008T1149Z-dispatch.log	84c445a0a33535397bc43b28d16fcf8f31060ee1	证据集成/W4/Batch-02-R01-R02/W4-R04/本地实验/W4-R04/V002/logs/timing-attribution-20261008T1149Z-dispatch.log
W4-R04	V002	W4-R04/V002	8ffc6b6962921dfcd4d9912185eebfc940fe85a0	MEASUREMENT_BLOCKED_OBSERVATION_ONLY	INCLUDE_EVIDENCE	766bb53acb85db70a4c2648feae72511ac20a10e	766bb53acb85db70a4c2648feae72511ac20a10e	本地实验/W4-R04/V002/logs/timing-attribution-20261008T1152Z-dispatch.log	e69de29bb2d1d6434b8b29ae775ad8c2e48c5391	证据集成/W4/Batch-02-R01-R02/W4-R04/本地实验/W4-R04/V002/logs/timing-attribution-20261008T1152Z-dispatch.log
W4-R04	V002	W4-R04/V002	8ffc6b6962921dfcd4d9912185eebfc940fe85a0	MEASUREMENT_BLOCKED_OBSERVATION_ONLY	INCLUDE_EVIDENCE	766bb53acb85db70a4c2648feae72511ac20a10e	766bb53acb85db70a4c2648feae72511ac20a10e	本地实验/W4-R04/V002/logs/timing-attribution-20261008T1155Z-dispatch.log	8a245a5629cf2da0f800a48c42d2babec9d09ebe	证据集成/W4/Batch-02-R01-R02/W4-R04/本地实验/W4-R04/V002/logs/timing-attribution-20261008T1155Z-dispatch.log
W4-R04	V002	W4-R04/V002	8ffc6b6962921dfcd4d9912185eebfc940fe85a0	MEASUREMENT_BLOCKED_OBSERVATION_ONLY	INCLUDE_EVIDENCE	766bb53acb85db70a4c2648feae72511ac20a10e	766bb53acb85db70a4c2648feae72511ac20a10e	本地实验/W4-R04/V002/logs/timing-attribution-20261008T1155Z/mindstudio_profiler_output/README.txt	03a96341293ccf52a8a2666446ee13b94d66b357	证据集成/W4/Batch-02-R01-R02/W4-R04/本地实验/W4-R04/V002/logs/timing-attribution-20261008T1155Z/mindstudio_profiler_output/README.txt
W4-R04	V002	W4-R04/V002	8ffc6b6962921dfcd4d9912185eebfc940fe85a0	MEASUREMENT_BLOCKED_OBSERVATION_ONLY	INCLUDE_EVIDENCE	766bb53acb85db70a4c2648feae72511ac20a10e	766bb53acb85db70a4c2648feae72511ac20a10e	本地实验/W4-R04/V002/logs/timing-attribution-20261008T1155Z/mindstudio_profiler_output/api_statistic_20261008115611.csv	d1a191f46924537857202c35e3dad902f3bc07bb	证据集成/W4/Batch-02-R01-R02/W4-R04/本地实验/W4-R04/V002/logs/timing-attribution-20261008T1155Z/mindstudio_profiler_output/api_statistic_20261008115611.csv
W4-R04	V002	W4-R04/V002	8ffc6b6962921dfcd4d9912185eebfc940fe85a0	MEASUREMENT_BLOCKED_OBSERVATION_ONLY	INCLUDE_EVIDENCE	766bb53acb85db70a4c2648feae72511ac20a10e	766bb53acb85db70a4c2648feae72511ac20a10e	本地实验/W4-R04/V002/logs/timing-attribution-20261008T1155Z/mindstudio_profiler_output/msprof_20261008115609.json	6eabc2624cf5ae067c0a7b3116756c9db2845b00	证据集成/W4/Batch-02-R01-R02/W4-R04/本地实验/W4-R04/V002/logs/timing-attribution-20261008T1155Z/mindstudio_profiler_output/msprof_20261008115609.json
W4-R04	V002	W4-R04/V002	8ffc6b6962921dfcd4d9912185eebfc940fe85a0	MEASUREMENT_BLOCKED_OBSERVATION_ONLY	INCLUDE_EVIDENCE	766bb53acb85db70a4c2648feae72511ac20a10e	766bb53acb85db70a4c2648feae72511ac20a10e	本地实验/W4-R04/V002/logs/timing-attribution-20261008T1155Z/mindstudio_profiler_output/op_statistic_20261008115611.csv	628ac252fbde0edd994daff8a601e91df01c2753	证据集成/W4/Batch-02-R01-R02/W4-R04/本地实验/W4-R04/V002/logs/timing-attribution-20261008T1155Z/mindstudio_profiler_output/op_statistic_20261008115611.csv
W4-R04	V002	W4-R04/V002	8ffc6b6962921dfcd4d9912185eebfc940fe85a0	MEASUREMENT_BLOCKED_OBSERVATION_ONLY	INCLUDE_EVIDENCE	766bb53acb85db70a4c2648feae72511ac20a10e	766bb53acb85db70a4c2648feae72511ac20a10e	本地实验/W4-R04/V002/logs/timing-attribution-20261008T1155Z/mindstudio_profiler_output/op_summary_20261008115611.csv	7e8203b359ce27a38db2d4193b174ef949a0b0dd	证据集成/W4/Batch-02-R01-R02/W4-R04/本地实验/W4-R04/V002/logs/timing-attribution-20261008T1155Z/mindstudio_profiler_output/op_summary_20261008115611.csv
W4-R04	V002	W4-R04/V002	8ffc6b6962921dfcd4d9912185eebfc940fe85a0	MEASUREMENT_BLOCKED_OBSERVATION_ONLY	INCLUDE_EVIDENCE	766bb53acb85db70a4c2648feae72511ac20a10e	766bb53acb85db70a4c2648feae72511ac20a10e	本地实验/W4-R04/V002/logs/timing-attribution-20261008T1155Z/mindstudio_profiler_output/task_time_20261008115611.csv	4ae3c8b344eccd47440d22cb4a4a1131c9c71b42	证据集成/W4/Batch-02-R01-R02/W4-R04/本地实验/W4-R04/V002/logs/timing-attribution-20261008T1155Z/mindstudio_profiler_output/task_time_20261008115611.csv
W4-R04	V002	W4-R04/V002	8ffc6b6962921dfcd4d9912185eebfc940fe85a0	MEASUREMENT_BLOCKED_OBSERVATION_ONLY	INCLUDE_EVIDENCE	766bb53acb85db70a4c2648feae72511ac20a10e	766bb53acb85db70a4c2648feae72511ac20a10e	本地实验/W4-R04/V002/logs/timing-attribution-20261008T1155Z/post-context.txt	86fcb9d38b9dccdde3981d784220355427345308	证据集成/W4/Batch-02-R01-R02/W4-R04/本地实验/W4-R04/V002/logs/timing-attribution-20261008T1155Z/post-context.txt
W4-R04	V002	W4-R04/V002	8ffc6b6962921dfcd4d9912185eebfc940fe85a0	MEASUREMENT_BLOCKED_OBSERVATION_ONLY	EXCLUDE_PROFILER_INTERNAL_RAW	766bb53acb85db70a4c2648feae72511ac20a10e	766bb53acb85db70a4c2648feae72511ac20a10e	本地实验/W4-R04/V002/logs/timing-attribution-20261008T1155Z/profiler-raw/PROF_000001_20261008115603933_QOORIFHRLHIDGNQB/device_1/data/all_file.complete	e69de29bb2d1d6434b8b29ae775ad8c2e48c5391	EXCLUDED_NOT_COPIED
W4-R04	V002	W4-R04/V002	8ffc6b6962921dfcd4d9912185eebfc940fe85a0	MEASUREMENT_BLOCKED_OBSERVATION_ONLY	EXCLUDE_PROFILER_INTERNAL_RAW	766bb53acb85db70a4c2648feae72511ac20a10e	766bb53acb85db70a4c2648feae72511ac20a10e	本地实验/W4-R04/V002/logs/timing-attribution-20261008T1155Z/profiler-raw/PROF_000001_20261008115603933_QOORIFHRLHIDGNQB/device_1/data/stars_soc.data.1.slice_0	443df26b19dc04319653669a0c22c95896efeaac	EXCLUDED_NOT_COPIED
W4-R04	V002	W4-R04/V002	8ffc6b6962921dfcd4d9912185eebfc940fe85a0	MEASUREMENT_BLOCKED_OBSERVATION_ONLY	EXCLUDE_PROFILER_INTERNAL_RAW	766bb53acb85db70a4c2648feae72511ac20a10e	766bb53acb85db70a4c2648feae72511ac20a10e	本地实验/W4-R04/V002/logs/timing-attribution-20261008T1155Z/profiler-raw/PROF_000001_20261008115603933_QOORIFHRLHIDGNQB/device_1/data/stars_soc.data.1.slice_0.done	d16f8b980c5c882ce0cfe66a126e6938956c290d	EXCLUDED_NOT_COPIED
W4-R04	V002	W4-R04/V002	8ffc6b6962921dfcd4d9912185eebfc940fe85a0	MEASUREMENT_BLOCKED_OBSERVATION_ONLY	EXCLUDE_PROFILER_INTERNAL_RAW	766bb53acb85db70a4c2648feae72511ac20a10e	766bb53acb85db70a4c2648feae72511ac20a10e	本地实验/W4-R04/V002/logs/timing-attribution-20261008T1155Z/profiler-raw/PROF_000001_20261008115603933_QOORIFHRLHIDGNQB/device_1/data/ts_track.data.1.slice_0	8914dc874190da7e963926cfdc2ec92e78dc57e6	EXCLUDED_NOT_COPIED
W4-R04	V002	W4-R04/V002	8ffc6b6962921dfcd4d9912185eebfc940fe85a0	MEASUREMENT_BLOCKED_OBSERVATION_ONLY	EXCLUDE_PROFILER_INTERNAL_RAW	766bb53acb85db70a4c2648feae72511ac20a10e	766bb53acb85db70a4c2648feae72511ac20a10e	本地实验/W4-R04/V002/logs/timing-attribution-20261008T1155Z/profiler-raw/PROF_000001_20261008115603933_QOORIFHRLHIDGNQB/device_1/data/ts_track.data.1.slice_0.complete	e69de29bb2d1d6434b8b29ae775ad8c2e48c5391	EXCLUDED_NOT_COPIED
W4-R04	V002	W4-R04/V002	8ffc6b6962921dfcd4d9912185eebfc940fe85a0	MEASUREMENT_BLOCKED_OBSERVATION_ONLY	EXCLUDE_PROFILER_INTERNAL_RAW	766bb53acb85db70a4c2648feae72511ac20a10e	766bb53acb85db70a4c2648feae72511ac20a10e	本地实验/W4-R04/V002/logs/timing-attribution-20261008T1155Z/profiler-raw/PROF_000001_20261008115603933_QOORIFHRLHIDGNQB/device_1/data/ts_track.data.1.slice_0.done	22e231039a1fd52ce069baf431f29ec780e7960e	EXCLUDED_NOT_COPIED
W4-R04	V002	W4-R04/V002	8ffc6b6962921dfcd4d9912185eebfc940fe85a0	MEASUREMENT_BLOCKED_OBSERVATION_ONLY	EXCLUDE_PROFILER_INTERNAL_RAW	766bb53acb85db70a4c2648feae72511ac20a10e	766bb53acb85db70a4c2648feae72511ac20a10e	本地实验/W4-R04/V002/logs/timing-attribution-20261008T1155Z/profiler-raw/PROF_000001_20261008115603933_QOORIFHRLHIDGNQB/device_1/dev_start.log.1	0fa4ad7e134b9be46645e1acf6bac669bc55a11f	EXCLUDED_NOT_COPIED
W4-R04	V002	W4-R04/V002	8ffc6b6962921dfcd4d9912185eebfc940fe85a0	MEASUREMENT_BLOCKED_OBSERVATION_ONLY	EXCLUDE_PROFILER_INTERNAL_RAW	766bb53acb85db70a4c2648feae72511ac20a10e	766bb53acb85db70a4c2648feae72511ac20a10e	本地实验/W4-R04/V002/logs/timing-attribution-20261008T1155Z/profiler-raw/PROF_000001_20261008115603933_QOORIFHRLHIDGNQB/device_1/dev_start.log.1.done	a5c7c920335411309948f78848bf591b28ba3c43	EXCLUDED_NOT_COPIED
W4-R04	V002	W4-R04/V002	8ffc6b6962921dfcd4d9912185eebfc940fe85a0	MEASUREMENT_BLOCKED_OBSERVATION_ONLY	EXCLUDE_PROFILER_INTERNAL_RAW	766bb53acb85db70a4c2648feae72511ac20a10e	766bb53acb85db70a4c2648feae72511ac20a10e	本地实验/W4-R04/V002/logs/timing-attribution-20261008T1155Z/profiler-raw/PROF_000001_20261008115603933_QOORIFHRLHIDGNQB/device_1/end_info.1	7cba9ab228e5238ad5e41797003ddfeaa5d6c2b7	EXCLUDED_NOT_COPIED
W4-R04	V002	W4-R04/V002	8ffc6b6962921dfcd4d9912185eebfc940fe85a0	MEASUREMENT_BLOCKED_OBSERVATION_ONLY	EXCLUDE_PROFILER_INTERNAL_RAW	766bb53acb85db70a4c2648feae72511ac20a10e	766bb53acb85db70a4c2648feae72511ac20a10e	本地实验/W4-R04/V002/logs/timing-attribution-20261008T1155Z/profiler-raw/PROF_000001_20261008115603933_QOORIFHRLHIDGNQB/device_1/end_info.1.done	0e1f3d610612a65864cfdf94c313f2ee683e1a03	EXCLUDED_NOT_COPIED
W4-R04	V002	W4-R04/V002	8ffc6b6962921dfcd4d9912185eebfc940fe85a0	MEASUREMENT_BLOCKED_OBSERVATION_ONLY	EXCLUDE_PROFILER_INTERNAL_RAW	766bb53acb85db70a4c2648feae72511ac20a10e	766bb53acb85db70a4c2648feae72511ac20a10e	本地实验/W4-R04/V002/logs/timing-attribution-20261008T1155Z/profiler-raw/PROF_000001_20261008115603933_QOORIFHRLHIDGNQB/device_1/host_start.log.1	b48a078608c96f7fadf1f68252cbb050c6ba1446	EXCLUDED_NOT_COPIED
W4-R04	V002	W4-R04/V002	8ffc6b6962921dfcd4d9912185eebfc940fe85a0	MEASUREMENT_BLOCKED_OBSERVATION_ONLY	EXCLUDE_PROFILER_INTERNAL_RAW	766bb53acb85db70a4c2648feae72511ac20a10e	766bb53acb85db70a4c2648feae72511ac20a10e	本地实验/W4-R04/V002/logs/timing-attribution-20261008T1155Z/profiler-raw/PROF_000001_20261008115603933_QOORIFHRLHIDGNQB/device_1/host_start.log.1.done	ed9896945c9f863b82b92635dd6dcc12cfa7e583	EXCLUDED_NOT_COPIED
W4-R04	V002	W4-R04/V002	8ffc6b6962921dfcd4d9912185eebfc940fe85a0	MEASUREMENT_BLOCKED_OBSERVATION_ONLY	EXCLUDE_PROFILER_INTERNAL_RAW	766bb53acb85db70a4c2648feae72511ac20a10e	766bb53acb85db70a4c2648feae72511ac20a10e	本地实验/W4-R04/V002/logs/timing-attribution-20261008T1155Z/profiler-raw/PROF_000001_20261008115603933_QOORIFHRLHIDGNQB/device_1/incompatible_features.json	ad44c0cf9994357aca3f8078f7b29a52cf244054	EXCLUDED_NOT_COPIED
W4-R04	V002	W4-R04/V002	8ffc6b6962921dfcd4d9912185eebfc940fe85a0	MEASUREMENT_BLOCKED_OBSERVATION_ONLY	EXCLUDE_PROFILER_INTERNAL_RAW	766bb53acb85db70a4c2648feae72511ac20a10e	766bb53acb85db70a4c2648feae72511ac20a10e	本地实验/W4-R04/V002/logs/timing-attribution-20261008T1155Z/profiler-raw/PROF_000001_20261008115603933_QOORIFHRLHIDGNQB/device_1/incompatible_features.json.done	4ab61a95bd1d97ab42260f13e06a8a97a2eeaf90	EXCLUDED_NOT_COPIED
W4-R04	V002	W4-R04/V002	8ffc6b6962921dfcd4d9912185eebfc940fe85a0	MEASUREMENT_BLOCKED_OBSERVATION_ONLY	EXCLUDE_PROFILER_INTERNAL_RAW	766bb53acb85db70a4c2648feae72511ac20a10e	766bb53acb85db70a4c2648feae72511ac20a10e	本地实验/W4-R04/V002/logs/timing-attribution-20261008T1155Z/profiler-raw/PROF_000001_20261008115603933_QOORIFHRLHIDGNQB/device_1/info.json.1	f9b94ae283d1831884da01dc2238698312468133	EXCLUDED_NOT_COPIED
W4-R04	V002	W4-R04/V002	8ffc6b6962921dfcd4d9912185eebfc940fe85a0	MEASUREMENT_BLOCKED_OBSERVATION_ONLY	EXCLUDE_PROFILER_INTERNAL_RAW	766bb53acb85db70a4c2648feae72511ac20a10e	766bb53acb85db70a4c2648feae72511ac20a10e	本地实验/W4-R04/V002/logs/timing-attribution-20261008T1155Z/profiler-raw/PROF_000001_20261008115603933_QOORIFHRLHIDGNQB/device_1/info.json.1.done	d5d303e67d63f2a099e95632b2ed817fa095c841	EXCLUDED_NOT_COPIED
W4-R04	V002	W4-R04/V002	8ffc6b6962921dfcd4d9912185eebfc940fe85a0	MEASUREMENT_BLOCKED_OBSERVATION_ONLY	EXCLUDE_PROFILER_INTERNAL_RAW	766bb53acb85db70a4c2648feae72511ac20a10e	766bb53acb85db70a4c2648feae72511ac20a10e	本地实验/W4-R04/V002/logs/timing-attribution-20261008T1155Z/profiler-raw/PROF_000001_20261008115603933_QOORIFHRLHIDGNQB/device_1/sample.json	46d5667cfeea26a17abcb3acf9be0cf4ff7de0b3	EXCLUDED_NOT_COPIED
W4-R04	V002	W4-R04/V002	8ffc6b6962921dfcd4d9912185eebfc940fe85a0	MEASUREMENT_BLOCKED_OBSERVATION_ONLY	EXCLUDE_PROFILER_INTERNAL_RAW	766bb53acb85db70a4c2648feae72511ac20a10e	766bb53acb85db70a4c2648feae72511ac20a10e	本地实验/W4-R04/V002/logs/timing-attribution-20261008T1155Z/profiler-raw/PROF_000001_20261008115603933_QOORIFHRLHIDGNQB/device_1/sample.json.done	26b139203ff1a301e7eb2d3288143619af87d49b	EXCLUDED_NOT_COPIED
W4-R04	V002	W4-R04/V002	8ffc6b6962921dfcd4d9912185eebfc940fe85a0	MEASUREMENT_BLOCKED_OBSERVATION_ONLY	EXCLUDE_PROFILER_INTERNAL_RAW	766bb53acb85db70a4c2648feae72511ac20a10e	766bb53acb85db70a4c2648feae72511ac20a10e	本地实验/W4-R04/V002/logs/timing-attribution-20261008T1155Z/profiler-raw/PROF_000001_20261008115603933_QOORIFHRLHIDGNQB/device_1/sqlite/ai_core_op_summary.db	1d7b710f1d6e48d86201ee09f7d874866b4e0f24	EXCLUDED_NOT_COPIED
W4-R04	V002	W4-R04/V002	8ffc6b6962921dfcd4d9912185eebfc940fe85a0	MEASUREMENT_BLOCKED_OBSERVATION_ONLY	EXCLUDE_PROFILER_INTERNAL_RAW	766bb53acb85db70a4c2648feae72511ac20a10e	766bb53acb85db70a4c2648feae72511ac20a10e	本地实验/W4-R04/V002/logs/timing-attribution-20261008T1155Z/profiler-raw/PROF_000001_20261008115603933_QOORIFHRLHIDGNQB/device_1/sqlite/ascend_task.db	152956c126942cb212689b3938bc0b18ea2ebf50	EXCLUDED_NOT_COPIED
W4-R04	V002	W4-R04/V002	8ffc6b6962921dfcd4d9912185eebfc940fe85a0	MEASUREMENT_BLOCKED_OBSERVATION_ONLY	EXCLUDE_PROFILER_INTERNAL_RAW	766bb53acb85db70a4c2648feae72511ac20a10e	766bb53acb85db70a4c2648feae72511ac20a10e	本地实验/W4-R04/V002/logs/timing-attribution-20261008T1155Z/profiler-raw/PROF_000001_20261008115603933_QOORIFHRLHIDGNQB/device_1/sqlite/biu_perf.db	e69de29bb2d1d6434b8b29ae775ad8c2e48c5391	EXCLUDED_NOT_COPIED
W4-R04	V002	W4-R04/V002	8ffc6b6962921dfcd4d9912185eebfc940fe85a0	MEASUREMENT_BLOCKED_OBSERVATION_ONLY	EXCLUDE_PROFILER_INTERNAL_RAW	766bb53acb85db70a4c2648feae72511ac20a10e	766bb53acb85db70a4c2648feae72511ac20a10e	本地实验/W4-R04/V002/logs/timing-attribution-20261008T1155Z/profiler-raw/PROF_000001_20261008115603933_QOORIFHRLHIDGNQB/device_1/sqlite/op_counter.db	bd4fca46e34902465228d49f66b1759d7e5d855c	EXCLUDED_NOT_COPIED
W4-R04	V002	W4-R04/V002	8ffc6b6962921dfcd4d9912185eebfc940fe85a0	MEASUREMENT_BLOCKED_OBSERVATION_ONLY	EXCLUDE_PROFILER_INTERNAL_RAW	766bb53acb85db70a4c2648feae72511ac20a10e	766bb53acb85db70a4c2648feae72511ac20a10e	本地实验/W4-R04/V002/logs/timing-attribution-20261008T1155Z/profiler-raw/PROF_000001_20261008115603933_QOORIFHRLHIDGNQB/device_1/sqlite/step_trace.db	9eca1ae464128a7b2229e5668ca9665de78046e8	EXCLUDED_NOT_COPIED
W4-R04	V002	W4-R04/V002	8ffc6b6962921dfcd4d9912185eebfc940fe85a0	MEASUREMENT_BLOCKED_OBSERVATION_ONLY	EXCLUDE_PROFILER_INTERNAL_RAW	766bb53acb85db70a4c2648feae72511ac20a10e	766bb53acb85db70a4c2648feae72511ac20a10e	本地实验/W4-R04/V002/logs/timing-attribution-20261008T1155Z/profiler-raw/PROF_000001_20261008115603933_QOORIFHRLHIDGNQB/device_1/sqlite/time.db	9d060a37af90460c6881ba230d324206f4b29354	EXCLUDED_NOT_COPIED
W4-R04	V002	W4-R04/V002	8ffc6b6962921dfcd4d9912185eebfc940fe85a0	MEASUREMENT_BLOCKED_OBSERVATION_ONLY	EXCLUDE_PROFILER_INTERNAL_RAW	766bb53acb85db70a4c2648feae72511ac20a10e	766bb53acb85db70a4c2648feae72511ac20a10e	本地实验/W4-R04/V002/logs/timing-attribution-20261008T1155Z/profiler-raw/PROF_000001_20261008115603933_QOORIFHRLHIDGNQB/device_1/start_info.1	b33c8450685877e883d6566e0d95e99fd331bc4b	EXCLUDED_NOT_COPIED
W4-R04	V002	W4-R04/V002	8ffc6b6962921dfcd4d9912185eebfc940fe85a0	MEASUREMENT_BLOCKED_OBSERVATION_ONLY	EXCLUDE_PROFILER_INTERNAL_RAW	766bb53acb85db70a4c2648feae72511ac20a10e	766bb53acb85db70a4c2648feae72511ac20a10e	本地实验/W4-R04/V002/logs/timing-attribution-20261008T1155Z/profiler-raw/PROF_000001_20261008115603933_QOORIFHRLHIDGNQB/device_1/start_info.1.done	0e1f3d610612a65864cfdf94c313f2ee683e1a03	EXCLUDED_NOT_COPIED
W4-R04	V002	W4-R04/V002	8ffc6b6962921dfcd4d9912185eebfc940fe85a0	MEASUREMENT_BLOCKED_OBSERVATION_ONLY	EXCLUDE_PROFILER_INTERNAL_RAW	766bb53acb85db70a4c2648feae72511ac20a10e	766bb53acb85db70a4c2648feae72511ac20a10e	本地实验/W4-R04/V002/logs/timing-attribution-20261008T1155Z/profiler-raw/PROF_000001_20261008115603933_QOORIFHRLHIDGNQB/host/data/aging.api_event.data.slice_0	a34df99e0fd90de73608ae8a8a5543764b051b79	EXCLUDED_NOT_COPIED
W4-R04	V002	W4-R04/V002	8ffc6b6962921dfcd4d9912185eebfc940fe85a0	MEASUREMENT_BLOCKED_OBSERVATION_ONLY	EXCLUDE_PROFILER_INTERNAL_RAW	766bb53acb85db70a4c2648feae72511ac20a10e	766bb53acb85db70a4c2648feae72511ac20a10e	本地实验/W4-R04/V002/logs/timing-attribution-20261008T1155Z/profiler-raw/PROF_000001_20261008115603933_QOORIFHRLHIDGNQB/host/data/aging.api_event.data.slice_0.done	08d0d6da4ae3e11f30af0b8b4eed2ebf3468d059	EXCLUDED_NOT_COPIED
W4-R04	V002	W4-R04/V002	8ffc6b6962921dfcd4d9912185eebfc940fe85a0	MEASUREMENT_BLOCKED_OBSERVATION_ONLY	EXCLUDE_PROFILER_INTERNAL_RAW	766bb53acb85db70a4c2648feae72511ac20a10e	766bb53acb85db70a4c2648feae72511ac20a10e	本地实验/W4-R04/V002/logs/timing-attribution-20261008T1155Z/profiler-raw/PROF_000001_20261008115603933_QOORIFHRLHIDGNQB/host/data/aging.compact.memcpy_info.slice_0	d900b2ae05e2e7b7a84793e531666c7d62ff2d36	EXCLUDED_NOT_COPIED
W4-R04	V002	W4-R04/V002	8ffc6b6962921dfcd4d9912185eebfc940fe85a0	MEASUREMENT_BLOCKED_OBSERVATION_ONLY	EXCLUDE_PROFILER_INTERNAL_RAW	766bb53acb85db70a4c2648feae72511ac20a10e	766bb53acb85db70a4c2648feae72511ac20a10e	本地实验/W4-R04/V002/logs/timing-attribution-20261008T1155Z/profiler-raw/PROF_000001_20261008115603933_QOORIFHRLHIDGNQB/host/data/aging.compact.memcpy_info.slice_0.done	a85a72d3c7c0418d9eb05d2bcfc61b3444a5b3d8	EXCLUDED_NOT_COPIED
W4-R04	V002	W4-R04/V002	8ffc6b6962921dfcd4d9912185eebfc940fe85a0	MEASUREMENT_BLOCKED_OBSERVATION_ONLY	EXCLUDE_PROFILER_INTERNAL_RAW	766bb53acb85db70a4c2648feae72511ac20a10e	766bb53acb85db70a4c2648feae72511ac20a10e	本地实验/W4-R04/V002/logs/timing-attribution-20261008T1155Z/profiler-raw/PROF_000001_20261008115603933_QOORIFHRLHIDGNQB/host/data/aging.compact.node_basic_info.slice_0	19c9c0ae7d46a496186225f1ba2f14bd1c360878	EXCLUDED_NOT_COPIED
W4-R04	V002	W4-R04/V002	8ffc6b6962921dfcd4d9912185eebfc940fe85a0	MEASUREMENT_BLOCKED_OBSERVATION_ONLY	EXCLUDE_PROFILER_INTERNAL_RAW	766bb53acb85db70a4c2648feae72511ac20a10e	766bb53acb85db70a4c2648feae72511ac20a10e	本地实验/W4-R04/V002/logs/timing-attribution-20261008T1155Z/profiler-raw/PROF_000001_20261008115603933_QOORIFHRLHIDGNQB/host/data/aging.compact.node_basic_info.slice_0.done	7ec8b62d5cd28e98e1da218e9485a1eb36a400f2	EXCLUDED_NOT_COPIED
W4-R04	V002	W4-R04/V002	8ffc6b6962921dfcd4d9912185eebfc940fe85a0	MEASUREMENT_BLOCKED_OBSERVATION_ONLY	EXCLUDE_PROFILER_INTERNAL_RAW	766bb53acb85db70a4c2648feae72511ac20a10e	766bb53acb85db70a4c2648feae72511ac20a10e	本地实验/W4-R04/V002/logs/timing-attribution-20261008T1155Z/profiler-raw/PROF_000001_20261008115603933_QOORIFHRLHIDGNQB/host/data/aging.compact.task_track.slice_0	99bbe1bfec214ea57329a9fbb1985b1c6fc363e4	EXCLUDED_NOT_COPIED
W4-R04	V002	W4-R04/V002	8ffc6b6962921dfcd4d9912185eebfc940fe85a0	MEASUREMENT_BLOCKED_OBSERVATION_ONLY	EXCLUDE_PROFILER_INTERNAL_RAW	766bb53acb85db70a4c2648feae72511ac20a10e	766bb53acb85db70a4c2648feae72511ac20a10e	本地实验/W4-R04/V002/logs/timing-attribution-20261008T1155Z/profiler-raw/PROF_000001_20261008115603933_QOORIFHRLHIDGNQB/host/data/aging.compact.task_track.slice_0.done	46ee425d42baa15f503736d2783da4d808f660f7	EXCLUDED_NOT_COPIED
W4-R04	V002	W4-R04/V002	8ffc6b6962921dfcd4d9912185eebfc940fe85a0	MEASUREMENT_BLOCKED_OBSERVATION_ONLY	EXCLUDE_PROFILER_INTERNAL_RAW	766bb53acb85db70a4c2648feae72511ac20a10e	766bb53acb85db70a4c2648feae72511ac20a10e	本地实验/W4-R04/V002/logs/timing-attribution-20261008T1155Z/profiler-raw/PROF_000001_20261008115603933_QOORIFHRLHIDGNQB/host/data/all_file.complete	e69de29bb2d1d6434b8b29ae775ad8c2e48c5391	EXCLUDED_NOT_COPIED
W4-R04	V002	W4-R04/V002	8ffc6b6962921dfcd4d9912185eebfc940fe85a0	MEASUREMENT_BLOCKED_OBSERVATION_ONLY	EXCLUDE_PROFILER_INTERNAL_RAW	766bb53acb85db70a4c2648feae72511ac20a10e	766bb53acb85db70a4c2648feae72511ac20a10e	本地实验/W4-R04/V002/logs/timing-attribution-20261008T1155Z/profiler-raw/PROF_000001_20261008115603933_QOORIFHRLHIDGNQB/host/data/unaging.additional.hash_dic.slice_0	7c431d0349b96712ed3dafb464970cdb7448ec68	EXCLUDED_NOT_COPIED
W4-R04	V002	W4-R04/V002	8ffc6b6962921dfcd4d9912185eebfc940fe85a0	MEASUREMENT_BLOCKED_OBSERVATION_ONLY	EXCLUDE_PROFILER_INTERNAL_RAW	766bb53acb85db70a4c2648feae72511ac20a10e	766bb53acb85db70a4c2648feae72511ac20a10e	本地实验/W4-R04/V002/logs/timing-attribution-20261008T1155Z/profiler-raw/PROF_000001_20261008115603933_QOORIFHRLHIDGNQB/host/data/unaging.additional.hash_dic.slice_0.done	bdcf9745cce32913fac525d83e3814275a8cf185	EXCLUDED_NOT_COPIED
W4-R04	V002	W4-R04/V002	8ffc6b6962921dfcd4d9912185eebfc940fe85a0	MEASUREMENT_BLOCKED_OBSERVATION_ONLY	EXCLUDE_PROFILER_INTERNAL_RAW	766bb53acb85db70a4c2648feae72511ac20a10e	766bb53acb85db70a4c2648feae72511ac20a10e	本地实验/W4-R04/V002/logs/timing-attribution-20261008T1155Z/profiler-raw/PROF_000001_20261008115603933_QOORIFHRLHIDGNQB/host/data/unaging.additional.type_info_dic.slice_0	7729e040d2569d4828231d76bf8731c9b88ff9f0	EXCLUDED_NOT_COPIED
W4-R04	V002	W4-R04/V002	8ffc6b6962921dfcd4d9912185eebfc940fe85a0	MEASUREMENT_BLOCKED_OBSERVATION_ONLY	EXCLUDE_PROFILER_INTERNAL_RAW	766bb53acb85db70a4c2648feae72511ac20a10e	766bb53acb85db70a4c2648feae72511ac20a10e	本地实验/W4-R04/V002/logs/timing-attribution-20261008T1155Z/profiler-raw/PROF_000001_20261008115603933_QOORIFHRLHIDGNQB/host/data/unaging.additional.type_info_dic.slice_0.done	5d0d688ff52ed6b80b48136743674d8dfd424b33	EXCLUDED_NOT_COPIED
W4-R04	V002	W4-R04/V002	8ffc6b6962921dfcd4d9912185eebfc940fe85a0	MEASUREMENT_BLOCKED_OBSERVATION_ONLY	EXCLUDE_PROFILER_INTERNAL_RAW	766bb53acb85db70a4c2648feae72511ac20a10e	766bb53acb85db70a4c2648feae72511ac20a10e	本地实验/W4-R04/V002/logs/timing-attribution-20261008T1155Z/profiler-raw/PROF_000001_20261008115603933_QOORIFHRLHIDGNQB/host/end_info	f1a19af769cd2d9353c45008b2bfef7e3c27fef4	EXCLUDED_NOT_COPIED
W4-R04	V002	W4-R04/V002	8ffc6b6962921dfcd4d9912185eebfc940fe85a0	MEASUREMENT_BLOCKED_OBSERVATION_ONLY	EXCLUDE_PROFILER_INTERNAL_RAW	766bb53acb85db70a4c2648feae72511ac20a10e	766bb53acb85db70a4c2648feae72511ac20a10e	本地实验/W4-R04/V002/logs/timing-attribution-20261008T1155Z/profiler-raw/PROF_000001_20261008115603933_QOORIFHRLHIDGNQB/host/end_info.done	0e1f3d610612a65864cfdf94c313f2ee683e1a03	EXCLUDED_NOT_COPIED
W4-R04	V002	W4-R04/V002	8ffc6b6962921dfcd4d9912185eebfc940fe85a0	MEASUREMENT_BLOCKED_OBSERVATION_ONLY	EXCLUDE_PROFILER_INTERNAL_RAW	766bb53acb85db70a4c2648feae72511ac20a10e	766bb53acb85db70a4c2648feae72511ac20a10e	本地实验/W4-R04/V002/logs/timing-attribution-20261008T1155Z/profiler-raw/PROF_000001_20261008115603933_QOORIFHRLHIDGNQB/host/host_start.log	32d6ebc6071f243eb9beabf1d1043a1476690a93	EXCLUDED_NOT_COPIED
W4-R04	V002	W4-R04/V002	8ffc6b6962921dfcd4d9912185eebfc940fe85a0	MEASUREMENT_BLOCKED_OBSERVATION_ONLY	EXCLUDE_PROFILER_INTERNAL_RAW	766bb53acb85db70a4c2648feae72511ac20a10e	766bb53acb85db70a4c2648feae72511ac20a10e	本地实验/W4-R04/V002/logs/timing-attribution-20261008T1155Z/profiler-raw/PROF_000001_20261008115603933_QOORIFHRLHIDGNQB/host/host_start.log.done	799ac03a72e94c966a03ff3fcb748f45b2803db8	EXCLUDED_NOT_COPIED
W4-R04	V002	W4-R04/V002	8ffc6b6962921dfcd4d9912185eebfc940fe85a0	MEASUREMENT_BLOCKED_OBSERVATION_ONLY	EXCLUDE_PROFILER_INTERNAL_RAW	766bb53acb85db70a4c2648feae72511ac20a10e	766bb53acb85db70a4c2648feae72511ac20a10e	本地实验/W4-R04/V002/logs/timing-attribution-20261008T1155Z/profiler-raw/PROF_000001_20261008115603933_QOORIFHRLHIDGNQB/host/incompatible_features.json	ad44c0cf9994357aca3f8078f7b29a52cf244054	EXCLUDED_NOT_COPIED
W4-R04	V002	W4-R04/V002	8ffc6b6962921dfcd4d9912185eebfc940fe85a0	MEASUREMENT_BLOCKED_OBSERVATION_ONLY	EXCLUDE_PROFILER_INTERNAL_RAW	766bb53acb85db70a4c2648feae72511ac20a10e	766bb53acb85db70a4c2648feae72511ac20a10e	本地实验/W4-R04/V002/logs/timing-attribution-20261008T1155Z/profiler-raw/PROF_000001_20261008115603933_QOORIFHRLHIDGNQB/host/incompatible_features.json.done	4ab61a95bd1d97ab42260f13e06a8a97a2eeaf90	EXCLUDED_NOT_COPIED
W4-R04	V002	W4-R04/V002	8ffc6b6962921dfcd4d9912185eebfc940fe85a0	MEASUREMENT_BLOCKED_OBSERVATION_ONLY	EXCLUDE_PROFILER_INTERNAL_RAW	766bb53acb85db70a4c2648feae72511ac20a10e	766bb53acb85db70a4c2648feae72511ac20a10e	本地实验/W4-R04/V002/logs/timing-attribution-20261008T1155Z/profiler-raw/PROF_000001_20261008115603933_QOORIFHRLHIDGNQB/host/info.json	b149e6b32f46a7908f325c5d1a4fec6df53d9506	EXCLUDED_NOT_COPIED
W4-R04	V002	W4-R04/V002	8ffc6b6962921dfcd4d9912185eebfc940fe85a0	MEASUREMENT_BLOCKED_OBSERVATION_ONLY	EXCLUDE_PROFILER_INTERNAL_RAW	766bb53acb85db70a4c2648feae72511ac20a10e	766bb53acb85db70a4c2648feae72511ac20a10e	本地实验/W4-R04/V002/logs/timing-attribution-20261008T1155Z/profiler-raw/PROF_000001_20261008115603933_QOORIFHRLHIDGNQB/host/info.json.done	d19f3e9e08cd159f42d26e9adb3cc1db466ba176	EXCLUDED_NOT_COPIED
W4-R04	V002	W4-R04/V002	8ffc6b6962921dfcd4d9912185eebfc940fe85a0	MEASUREMENT_BLOCKED_OBSERVATION_ONLY	EXCLUDE_PROFILER_INTERNAL_RAW	766bb53acb85db70a4c2648feae72511ac20a10e	766bb53acb85db70a4c2648feae72511ac20a10e	本地实验/W4-R04/V002/logs/timing-attribution-20261008T1155Z/profiler-raw/PROF_000001_20261008115603933_QOORIFHRLHIDGNQB/host/sample.json	576d8ca8fd1779d8e66d8debe31484956df8b635	EXCLUDED_NOT_COPIED
W4-R04	V002	W4-R04/V002	8ffc6b6962921dfcd4d9912185eebfc940fe85a0	MEASUREMENT_BLOCKED_OBSERVATION_ONLY	EXCLUDE_PROFILER_INTERNAL_RAW	766bb53acb85db70a4c2648feae72511ac20a10e	766bb53acb85db70a4c2648feae72511ac20a10e	本地实验/W4-R04/V002/logs/timing-attribution-20261008T1155Z/profiler-raw/PROF_000001_20261008115603933_QOORIFHRLHIDGNQB/host/sample.json.done	0b7a537eed6b8cd60fdb9628a134d1e417355dee	EXCLUDED_NOT_COPIED
W4-R04	V002	W4-R04/V002	8ffc6b6962921dfcd4d9912185eebfc940fe85a0	MEASUREMENT_BLOCKED_OBSERVATION_ONLY	EXCLUDE_PROFILER_INTERNAL_RAW	766bb53acb85db70a4c2648feae72511ac20a10e	766bb53acb85db70a4c2648feae72511ac20a10e	本地实验/W4-R04/V002/logs/timing-attribution-20261008T1155Z/profiler-raw/PROF_000001_20261008115603933_QOORIFHRLHIDGNQB/host/sqlite/api_event.db	8179f0f264ce006d463f4c3e5466ff65397724d5	EXCLUDED_NOT_COPIED
W4-R04	V002	W4-R04/V002	8ffc6b6962921dfcd4d9912185eebfc940fe85a0	MEASUREMENT_BLOCKED_OBSERVATION_ONLY	EXCLUDE_PROFILER_INTERNAL_RAW	766bb53acb85db70a4c2648feae72511ac20a10e	766bb53acb85db70a4c2648feae72511ac20a10e	本地实验/W4-R04/V002/logs/timing-attribution-20261008T1155Z/profiler-raw/PROF_000001_20261008115603933_QOORIFHRLHIDGNQB/host/sqlite/ge_hash.db	7eaa1903f9ccee6f23fa12169f316b6900e7ad97	EXCLUDED_NOT_COPIED
W4-R04	V002	W4-R04/V002	8ffc6b6962921dfcd4d9912185eebfc940fe85a0	MEASUREMENT_BLOCKED_OBSERVATION_ONLY	EXCLUDE_PROFILER_INTERNAL_RAW	766bb53acb85db70a4c2648feae72511ac20a10e	766bb53acb85db70a4c2648feae72511ac20a10e	本地实验/W4-R04/V002/logs/timing-attribution-20261008T1155Z/profiler-raw/PROF_000001_20261008115603933_QOORIFHRLHIDGNQB/host/sqlite/ge_info.db	f37d96fbffa2e9d507c5837812657c3ed045c915	EXCLUDED_NOT_COPIED
W4-R04	V002	W4-R04/V002	8ffc6b6962921dfcd4d9912185eebfc940fe85a0	MEASUREMENT_BLOCKED_OBSERVATION_ONLY	EXCLUDE_PROFILER_INTERNAL_RAW	766bb53acb85db70a4c2648feae72511ac20a10e	766bb53acb85db70a4c2648feae72511ac20a10e	本地实验/W4-R04/V002/logs/timing-attribution-20261008T1155Z/profiler-raw/PROF_000001_20261008115603933_QOORIFHRLHIDGNQB/host/sqlite/rts_track.db	960c63f01f621ce0d9359632e25d13a5e0fd56fe	EXCLUDED_NOT_COPIED
W4-R04	V002	W4-R04/V002	8ffc6b6962921dfcd4d9912185eebfc940fe85a0	MEASUREMENT_BLOCKED_OBSERVATION_ONLY	EXCLUDE_PROFILER_INTERNAL_RAW	766bb53acb85db70a4c2648feae72511ac20a10e	766bb53acb85db70a4c2648feae72511ac20a10e	本地实验/W4-R04/V002/logs/timing-attribution-20261008T1155Z/profiler-raw/PROF_000001_20261008115603933_QOORIFHRLHIDGNQB/host/sqlite/runtime.db	005ac03c204eabee391b3529c7b5bc5658fa54b9	EXCLUDED_NOT_COPIED
W4-R04	V002	W4-R04/V002	8ffc6b6962921dfcd4d9912185eebfc940fe85a0	MEASUREMENT_BLOCKED_OBSERVATION_ONLY	EXCLUDE_PROFILER_INTERNAL_RAW	766bb53acb85db70a4c2648feae72511ac20a10e	766bb53acb85db70a4c2648feae72511ac20a10e	本地实验/W4-R04/V002/logs/timing-attribution-20261008T1155Z/profiler-raw/PROF_000001_20261008115603933_QOORIFHRLHIDGNQB/host/sqlite/stream_expand_spec.db	e69de29bb2d1d6434b8b29ae775ad8c2e48c5391	EXCLUDED_NOT_COPIED
W4-R04	V002	W4-R04/V002	8ffc6b6962921dfcd4d9912185eebfc940fe85a0	MEASUREMENT_BLOCKED_OBSERVATION_ONLY	EXCLUDE_PROFILER_INTERNAL_RAW	766bb53acb85db70a4c2648feae72511ac20a10e	766bb53acb85db70a4c2648feae72511ac20a10e	本地实验/W4-R04/V002/logs/timing-attribution-20261008T1155Z/profiler-raw/PROF_000001_20261008115603933_QOORIFHRLHIDGNQB/host/sqlite/time.db	ef66af2e2c7683b60d788d6e2d5299751c059fc2	EXCLUDED_NOT_COPIED
W4-R04	V002	W4-R04/V002	8ffc6b6962921dfcd4d9912185eebfc940fe85a0	MEASUREMENT_BLOCKED_OBSERVATION_ONLY	EXCLUDE_PROFILER_INTERNAL_RAW	766bb53acb85db70a4c2648feae72511ac20a10e	766bb53acb85db70a4c2648feae72511ac20a10e	本地实验/W4-R04/V002/logs/timing-attribution-20261008T1155Z/profiler-raw/PROF_000001_20261008115603933_QOORIFHRLHIDGNQB/host/start_info	032794c6621fea400b1064072d4b49657af817bc	EXCLUDED_NOT_COPIED
W4-R04	V002	W4-R04/V002	8ffc6b6962921dfcd4d9912185eebfc940fe85a0	MEASUREMENT_BLOCKED_OBSERVATION_ONLY	EXCLUDE_PROFILER_INTERNAL_RAW	766bb53acb85db70a4c2648feae72511ac20a10e	766bb53acb85db70a4c2648feae72511ac20a10e	本地实验/W4-R04/V002/logs/timing-attribution-20261008T1155Z/profiler-raw/PROF_000001_20261008115603933_QOORIFHRLHIDGNQB/host/start_info.done	0e1f3d610612a65864cfdf94c313f2ee683e1a03	EXCLUDED_NOT_COPIED
W4-R04	V002	W4-R04/V002	8ffc6b6962921dfcd4d9912185eebfc940fe85a0	MEASUREMENT_BLOCKED_OBSERVATION_ONLY	EXCLUDE_PROFILER_INTERNAL_RAW	766bb53acb85db70a4c2648feae72511ac20a10e	766bb53acb85db70a4c2648feae72511ac20a10e	本地实验/W4-R04/V002/logs/timing-attribution-20261008T1155Z/profiler-raw/PROF_000001_20261008115603933_QOORIFHRLHIDGNQB/mindstudio_profiler_log/collection_device_1.log	412df67dead29c6fdfbbe9268d1ef39d0935fe47	EXCLUDED_NOT_COPIED
W4-R04	V002	W4-R04/V002	8ffc6b6962921dfcd4d9912185eebfc940fe85a0	MEASUREMENT_BLOCKED_OBSERVATION_ONLY	EXCLUDE_PROFILER_INTERNAL_RAW	766bb53acb85db70a4c2648feae72511ac20a10e	766bb53acb85db70a4c2648feae72511ac20a10e	本地实验/W4-R04/V002/logs/timing-attribution-20261008T1155Z/profiler-raw/PROF_000001_20261008115603933_QOORIFHRLHIDGNQB/mindstudio_profiler_log/collection_host.log	b0a11e577593d7eb99fd7204b6eee6de90356fe9	EXCLUDED_NOT_COPIED
W4-R04	V002	W4-R04/V002	8ffc6b6962921dfcd4d9912185eebfc940fe85a0	MEASUREMENT_BLOCKED_OBSERVATION_ONLY	EXCLUDE_PROFILER_INTERNAL_RAW	766bb53acb85db70a4c2648feae72511ac20a10e	766bb53acb85db70a4c2648feae72511ac20a10e	本地实验/W4-R04/V002/logs/timing-attribution-20261008T1155Z/profiler-raw/PROF_000001_20261008115603933_QOORIFHRLHIDGNQB/mindstudio_profiler_log/msprof_analysis_3498347.log	e9cd984ea44f90db1db5d2211dd1c4526be786e0	EXCLUDED_NOT_COPIED
W4-R04	V002	W4-R04/V002	8ffc6b6962921dfcd4d9912185eebfc940fe85a0	MEASUREMENT_BLOCKED_OBSERVATION_ONLY	EXCLUDE_PROFILER_INTERNAL_RAW	766bb53acb85db70a4c2648feae72511ac20a10e	766bb53acb85db70a4c2648feae72511ac20a10e	本地实验/W4-R04/V002/logs/timing-attribution-20261008T1155Z/profiler-raw/PROF_000001_20261008115603933_QOORIFHRLHIDGNQB/mindstudio_profiler_log/msprof_analysis_3498470.log	3b728b7a8417e8d0f0bfe61cf29fb96066021f55	EXCLUDED_NOT_COPIED
W4-R04	V002	W4-R04/V002	8ffc6b6962921dfcd4d9912185eebfc940fe85a0	MEASUREMENT_BLOCKED_OBSERVATION_ONLY	EXCLUDE_PROFILER_INTERNAL_RAW	766bb53acb85db70a4c2648feae72511ac20a10e	766bb53acb85db70a4c2648feae72511ac20a10e	本地实验/W4-R04/V002/logs/timing-attribution-20261008T1155Z/profiler-raw/PROF_000001_20261008115603933_QOORIFHRLHIDGNQB/mindstudio_profiler_log/msprof_analysis_3498544.log	405589f37b3634fd3288b01d8ec56e92fa216846	EXCLUDED_NOT_COPIED
W4-R04	V002	W4-R04/V002	8ffc6b6962921dfcd4d9912185eebfc940fe85a0	MEASUREMENT_BLOCKED_OBSERVATION_ONLY	EXCLUDE_PROFILER_INTERNAL_RAW	766bb53acb85db70a4c2648feae72511ac20a10e	766bb53acb85db70a4c2648feae72511ac20a10e	本地实验/W4-R04/V002/logs/timing-attribution-20261008T1155Z/profiler-raw/PROF_000001_20261008115603933_QOORIFHRLHIDGNQB/mindstudio_profiler_log/msprof_analysis_3498872.log	1fa9e901de3253f5ae673abcc90ff5b430393eec	EXCLUDED_NOT_COPIED
W4-R04	V002	W4-R04/V002	8ffc6b6962921dfcd4d9912185eebfc940fe85a0	MEASUREMENT_BLOCKED_OBSERVATION_ONLY	EXCLUDE_PROFILER_INTERNAL_RAW	766bb53acb85db70a4c2648feae72511ac20a10e	766bb53acb85db70a4c2648feae72511ac20a10e	本地实验/W4-R04/V002/logs/timing-attribution-20261008T1155Z/profiler-raw/PROF_000001_20261008115603933_QOORIFHRLHIDGNQB/mindstudio_profiler_output/README.txt	03a96341293ccf52a8a2666446ee13b94d66b357	EXCLUDED_NOT_COPIED
W4-R04	V002	W4-R04/V002	8ffc6b6962921dfcd4d9912185eebfc940fe85a0	MEASUREMENT_BLOCKED_OBSERVATION_ONLY	EXCLUDE_PROFILER_INTERNAL_RAW	766bb53acb85db70a4c2648feae72511ac20a10e	766bb53acb85db70a4c2648feae72511ac20a10e	本地实验/W4-R04/V002/logs/timing-attribution-20261008T1155Z/profiler-raw/PROF_000001_20261008115603933_QOORIFHRLHIDGNQB/mindstudio_profiler_output/api_statistic_20261008115611.csv	d1a191f46924537857202c35e3dad902f3bc07bb	EXCLUDED_NOT_COPIED
W4-R04	V002	W4-R04/V002	8ffc6b6962921dfcd4d9912185eebfc940fe85a0	MEASUREMENT_BLOCKED_OBSERVATION_ONLY	EXCLUDE_PROFILER_INTERNAL_RAW	766bb53acb85db70a4c2648feae72511ac20a10e	766bb53acb85db70a4c2648feae72511ac20a10e	本地实验/W4-R04/V002/logs/timing-attribution-20261008T1155Z/profiler-raw/PROF_000001_20261008115603933_QOORIFHRLHIDGNQB/mindstudio_profiler_output/msprof_20261008115609.json	6eabc2624cf5ae067c0a7b3116756c9db2845b00	EXCLUDED_NOT_COPIED
W4-R04	V002	W4-R04/V002	8ffc6b6962921dfcd4d9912185eebfc940fe85a0	MEASUREMENT_BLOCKED_OBSERVATION_ONLY	EXCLUDE_PROFILER_INTERNAL_RAW	766bb53acb85db70a4c2648feae72511ac20a10e	766bb53acb85db70a4c2648feae72511ac20a10e	本地实验/W4-R04/V002/logs/timing-attribution-20261008T1155Z/profiler-raw/PROF_000001_20261008115603933_QOORIFHRLHIDGNQB/mindstudio_profiler_output/op_statistic_20261008115611.csv	628ac252fbde0edd994daff8a601e91df01c2753	EXCLUDED_NOT_COPIED
W4-R04	V002	W4-R04/V002	8ffc6b6962921dfcd4d9912185eebfc940fe85a0	MEASUREMENT_BLOCKED_OBSERVATION_ONLY	EXCLUDE_PROFILER_INTERNAL_RAW	766bb53acb85db70a4c2648feae72511ac20a10e	766bb53acb85db70a4c2648feae72511ac20a10e	本地实验/W4-R04/V002/logs/timing-attribution-20261008T1155Z/profiler-raw/PROF_000001_20261008115603933_QOORIFHRLHIDGNQB/mindstudio_profiler_output/op_summary_20261008115611.csv	7e8203b359ce27a38db2d4193b174ef949a0b0dd	EXCLUDED_NOT_COPIED
W4-R04	V002	W4-R04/V002	8ffc6b6962921dfcd4d9912185eebfc940fe85a0	MEASUREMENT_BLOCKED_OBSERVATION_ONLY	EXCLUDE_PROFILER_INTERNAL_RAW	766bb53acb85db70a4c2648feae72511ac20a10e	766bb53acb85db70a4c2648feae72511ac20a10e	本地实验/W4-R04/V002/logs/timing-attribution-20261008T1155Z/profiler-raw/PROF_000001_20261008115603933_QOORIFHRLHIDGNQB/mindstudio_profiler_output/task_time_20261008115611.csv	4ae3c8b344eccd47440d22cb4a4a1131c9c71b42	EXCLUDED_NOT_COPIED
W4-R04	V002	W4-R04/V002	8ffc6b6962921dfcd4d9912185eebfc940fe85a0	MEASUREMENT_BLOCKED_OBSERVATION_ONLY	EXCLUDE_PROFILER_INTERNAL_RAW	766bb53acb85db70a4c2648feae72511ac20a10e	766bb53acb85db70a4c2648feae72511ac20a10e	本地实验/W4-R04/V002/logs/timing-attribution-20261008T1155Z/profiler-raw/PROF_000001_20261008115603933_QOORIFHRLHIDGNQB/msprof_20261008115609.db	e4e4c6246a93535524ffcfc7563a853415e47cd8	EXCLUDED_NOT_COPIED
W4-R04	V002	W4-R04/V002	8ffc6b6962921dfcd4d9912185eebfc940fe85a0	MEASUREMENT_BLOCKED_OBSERVATION_ONLY	INCLUDE_EVIDENCE	766bb53acb85db70a4c2648feae72511ac20a10e	766bb53acb85db70a4c2648feae72511ac20a10e	本地实验/W4-R04/V002/logs/timing-attribution-20261008T1155Z/raw/samples-timing-attribution-20261008T1155Z.tsv	6ceed02154764424b056fc533f2d2441ce0d16b3	证据集成/W4/Batch-02-R01-R02/W4-R04/本地实验/W4-R04/V002/logs/timing-attribution-20261008T1155Z/raw/samples-timing-attribution-20261008T1155Z.tsv
W4-R04	V002	W4-R04/V002	8ffc6b6962921dfcd4d9912185eebfc940fe85a0	MEASUREMENT_BLOCKED_OBSERVATION_ONLY	INCLUDE_EVIDENCE	766bb53acb85db70a4c2648feae72511ac20a10e	766bb53acb85db70a4c2648feae72511ac20a10e	本地实验/W4-R04/V002/logs/timing-attribution-20261008T1155Z/raw/samples-timing-attribution-20261008T1155Z.tsv.reference.tsv	87a95b7690d08c9ce214384e363bf3898c0b958b	证据集成/W4/Batch-02-R01-R02/W4-R04/本地实验/W4-R04/V002/logs/timing-attribution-20261008T1155Z/raw/samples-timing-attribution-20261008T1155Z.tsv.reference.tsv
W4-R04	V002	W4-R04/V002	8ffc6b6962921dfcd4d9912185eebfc940fe85a0	MEASUREMENT_BLOCKED_OBSERVATION_ONLY	INCLUDE_EVIDENCE	766bb53acb85db70a4c2648feae72511ac20a10e	766bb53acb85db70a4c2648feae72511ac20a10e	本地实验/W4-R04/V002/logs/timing-attribution-20261008T1155Z/remote-profile-file-list.txt	b39578bb8ed65265f40740b5895ebb699fe20a8d	证据集成/W4/Batch-02-R01-R02/W4-R04/本地实验/W4-R04/V002/logs/timing-attribution-20261008T1155Z/remote-profile-file-list.txt
W4-R04	V002	W4-R04/V002	8ffc6b6962921dfcd4d9912185eebfc940fe85a0	MEASUREMENT_BLOCKED_OBSERVATION_ONLY	INCLUDE_EVIDENCE	766bb53acb85db70a4c2648feae72511ac20a10e	766bb53acb85db70a4c2648feae72511ac20a10e	本地实验/W4-R04/V002/logs/timing-attribution-20261008T1155Z/source-transfer.txt	a0a5f17a4a1a827a889bba5d377f1a282f5ad4df	证据集成/W4/Batch-02-R01-R02/W4-R04/本地实验/W4-R04/V002/logs/timing-attribution-20261008T1155Z/source-transfer.txt
W4-R04	V002	W4-R04/V002	8ffc6b6962921dfcd4d9912185eebfc940fe85a0	MEASUREMENT_BLOCKED_OBSERVATION_ONLY	INCLUDE_EVIDENCE	766bb53acb85db70a4c2648feae72511ac20a10e	766bb53acb85db70a4c2648feae72511ac20a10e	本地实验/W4-R04/V002/logs/timing-attribution-20261008T1155Z/task-event-host-map.tsv	c46464e1b1d731a9618f37c73b1ac9dface9c149	证据集成/W4/Batch-02-R01-R02/W4-R04/本地实验/W4-R04/V002/logs/timing-attribution-20261008T1155Z/task-event-host-map.tsv
W4-R04	V002	W4-R04/V002	8ffc6b6962921dfcd4d9912185eebfc940fe85a0	MEASUREMENT_BLOCKED_OBSERVATION_ONLY	INCLUDE_EVIDENCE	766bb53acb85db70a4c2648feae72511ac20a10e	766bb53acb85db70a4c2648feae72511ac20a10e	本地实验/W4-R04/V002/logs/timing-attribution-20261008T1155Z/timing-attribution-20261008T1155Z-pre-usages.txt	ab451bd14ccfd55700eb53e7e4d03cb170bbec8b	证据集成/W4/Batch-02-R01-R02/W4-R04/本地实验/W4-R04/V002/logs/timing-attribution-20261008T1155Z/timing-attribution-20261008T1155Z-pre-usages.txt
W4-R04	V002	W4-R04/V002	8ffc6b6962921dfcd4d9912185eebfc940fe85a0	MEASUREMENT_BLOCKED_OBSERVATION_ONLY	INCLUDE_EVIDENCE	766bb53acb85db70a4c2648feae72511ac20a10e	766bb53acb85db70a4c2648feae72511ac20a10e	本地实验/W4-R04/V002/logs/timing-attribution-20261008T1155Z/timing-attribution-20261008T1155Z-start-utc.txt	75c4bb80965c13f86ba80725994f13586298432b	证据集成/W4/Batch-02-R01-R02/W4-R04/本地实验/W4-R04/V002/logs/timing-attribution-20261008T1155Z/timing-attribution-20261008T1155Z-start-utc.txt
W4-R04	V002	W4-R04/V002	8ffc6b6962921dfcd4d9912185eebfc940fe85a0	MEASUREMENT_BLOCKED_OBSERVATION_ONLY	INCLUDE_EVIDENCE	766bb53acb85db70a4c2648feae72511ac20a10e	766bb53acb85db70a4c2648feae72511ac20a10e	本地实验/W4-R04/V002/logs/timing-attribution-20261008T1155Z/timing-summary.json	b3fc8876a1cdcc06eb19de9f4ec1ed0cbb5437c6	证据集成/W4/Batch-02-R01-R02/W4-R04/本地实验/W4-R04/V002/logs/timing-attribution-20261008T1155Z/timing-summary.json
W4-R04	V002	W4-R04/V002	8ffc6b6962921dfcd4d9912185eebfc940fe85a0	MEASUREMENT_BLOCKED_OBSERVATION_ONLY	INCLUDE_EVIDENCE	8ffc6b6962921dfcd4d9912185eebfc940fe85a0	766bb53acb85db70a4c2648feae72511ac20a10e	本地实验/W4-R04/V002/logs/transfer-compile-20261008.log	66f0e2d8547b42daa9549aee5312c42b080f011a	证据集成/W4/Batch-02-R01-R02/W4-R04/本地实验/W4-R04/V002/logs/transfer-compile-20261008.log
W4-R04	V002	W4-R04/V002	8ffc6b6962921dfcd4d9912185eebfc940fe85a0	MEASUREMENT_BLOCKED_OBSERVATION_ONLY	EXCLUDE_PRODUCTION_SOURCE	8ffc6b6962921dfcd4d9912185eebfc940fe85a0	766bb53acb85db70a4c2648feae72511ac20a10e	本地实验/W4-R04/V002/parent.asc	6adb6f586a3c2c4461401efe64d0a64e25cb60c3	EXCLUDED_NOT_COPIED
W4-R04	V002	W4-R04/V002	8ffc6b6962921dfcd4d9912185eebfc940fe85a0	MEASUREMENT_BLOCKED_OBSERVATION_ONLY	EXCLUDE_PRODUCTION_SOURCE	8ffc6b6962921dfcd4d9912185eebfc940fe85a0	766bb53acb85db70a4c2648feae72511ac20a10e	本地实验/W4-R04/V002/submission.asc	fe8280cd275b00e1863a272ab8ec29e1b135c276	EXCLUDED_NOT_COPIED
W4-R04	V002	W4-R04/V002	8ffc6b6962921dfcd4d9912185eebfc940fe85a0	MEASUREMENT_BLOCKED_OBSERVATION_ONLY	EXCLUDE_PRODUCTION_SOURCE	8ffc6b6962921dfcd4d9912185eebfc940fe85a0	766bb53acb85db70a4c2648feae72511ac20a10e	本地实验/W4-R04/V002/support/analyze.py	298683183ecb1905b4242a115301eebebb1b5088	EXCLUDED_NOT_COPIED
W4-R04	V002	W4-R04/V002	8ffc6b6962921dfcd4d9912185eebfc940fe85a0	MEASUREMENT_BLOCKED_OBSERVATION_ONLY	EXCLUDE_PRODUCTION_SOURCE	766bb53acb85db70a4c2648feae72511ac20a10e	766bb53acb85db70a4c2648feae72511ac20a10e	本地实验/W4-R04/V002/support/analyze_timing_study.py	c595eb27052e00822201310381fee9fc9fe3ebf0	EXCLUDED_NOT_COPIED
W4-R04	V002	W4-R04/V002	8ffc6b6962921dfcd4d9912185eebfc940fe85a0	MEASUREMENT_BLOCKED_OBSERVATION_ONLY	EXCLUDE_PRODUCTION_SOURCE	8ffc6b6962921dfcd4d9912185eebfc940fe85a0	766bb53acb85db70a4c2648feae72511ac20a10e	本地实验/W4-R04/V002/support/build_on_server3.sh	3d14b0d7179317b5a42006c660e45bec63c8ebbc	EXCLUDED_NOT_COPIED
W4-R04	V002	W4-R04/V002	8ffc6b6962921dfcd4d9912185eebfc940fe85a0	MEASUREMENT_BLOCKED_OBSERVATION_ONLY	EXCLUDE_PRODUCTION_SOURCE	8ffc6b6962921dfcd4d9912185eebfc940fe85a0	766bb53acb85db70a4c2648feae72511ac20a10e	本地实验/W4-R04/V002/support/candidate_entry.asc	413abf2385cada92b37fb52f15a95aaa746a124d	EXCLUDED_NOT_COPIED
W4-R04	V002	W4-R04/V002	8ffc6b6962921dfcd4d9912185eebfc940fe85a0	MEASUREMENT_BLOCKED_OBSERVATION_ONLY	EXCLUDE_PRODUCTION_SOURCE	8ffc6b6962921dfcd4d9912185eebfc940fe85a0	766bb53acb85db70a4c2648feae72511ac20a10e	本地实验/W4-R04/V002/support/judge_types.hpp	805d14e5125e17ebb48f4cd189640098214b869f	EXCLUDED_NOT_COPIED
W4-R04	V002	W4-R04/V002	8ffc6b6962921dfcd4d9912185eebfc940fe85a0	MEASUREMENT_BLOCKED_OBSERVATION_ONLY	EXCLUDE_PRODUCTION_SOURCE	8ffc6b6962921dfcd4d9912185eebfc940fe85a0	766bb53acb85db70a4c2648feae72511ac20a10e	本地实验/W4-R04/V002/support/parent_entry.asc	b69c1103095d783f4ecaaf64da57c82a7075eb53	EXCLUDED_NOT_COPIED
W4-R04	V002	W4-R04/V002	8ffc6b6962921dfcd4d9912185eebfc940fe85a0	MEASUREMENT_BLOCKED_OBSERVATION_ONLY	EXCLUDE_PRODUCTION_SOURCE	8ffc6b6962921dfcd4d9912185eebfc940fe85a0	766bb53acb85db70a4c2648feae72511ac20a10e	本地实验/W4-R04/V002/support/probe.cpp	0bf2d4f48512e9b8caafdb873a1f72e9efe98c3b	EXCLUDED_NOT_COPIED
W4-R04	V002	W4-R04/V002	8ffc6b6962921dfcd4d9912185eebfc940fe85a0	MEASUREMENT_BLOCKED_OBSERVATION_ONLY	EXCLUDE_PRODUCTION_SOURCE	8ffc6b6962921dfcd4d9912185eebfc940fe85a0	766bb53acb85db70a4c2648feae72511ac20a10e	本地实验/W4-R04/V002/support/run_stage.sh	0d3c94cbcf20271cbd427137fb5258fe2fe7ebaa	EXCLUDED_NOT_COPIED
W4-R04	V002	W4-R04/V002	8ffc6b6962921dfcd4d9912185eebfc940fe85a0	MEASUREMENT_BLOCKED_OBSERVATION_ONLY	EXCLUDE_PRODUCTION_SOURCE	766bb53acb85db70a4c2648feae72511ac20a10e	766bb53acb85db70a4c2648feae72511ac20a10e	本地实验/W4-R04/V002/support/run_timing_study.sh	1e91a9cfe2a1d719aa693f47baeea5788c070c5c	EXCLUDED_NOT_COPIED
W4-R04	V002	W4-R04/V002	8ffc6b6962921dfcd4d9912185eebfc940fe85a0	MEASUREMENT_BLOCKED_OBSERVATION_ONLY	EXCLUDE_PRODUCTION_SOURCE	766bb53acb85db70a4c2648feae72511ac20a10e	766bb53acb85db70a4c2648feae72511ac20a10e	本地实验/W4-R04/V002/support/timing_probe.cpp	abae846c0fa767306a8f833659293c50abf1ba20	EXCLUDED_NOT_COPIED
W4-R04	V002	W4-R04/V002	8ffc6b6962921dfcd4d9912185eebfc940fe85a0	MEASUREMENT_BLOCKED_OBSERVATION_ONLY	INCLUDE_EVIDENCE	766bb53acb85db70a4c2648feae72511ac20a10e	766bb53acb85db70a4c2648feae72511ac20a10e	研究/W4-R04/TIMING-ATTRIBUTION-20261008.md	9f9566a67ea52987d7e98ab6264c6b063a2c3d5e	证据集成/W4/Batch-02-R01-R02/W4-R04/研究/W4-R04/TIMING-ATTRIBUTION-20261008.md
W4-R04	V002	W4-R04/V002	8ffc6b6962921dfcd4d9912185eebfc940fe85a0	MEASUREMENT_BLOCKED_OBSERVATION_ONLY	INCLUDE_EVIDENCE	8c3b6659014e7904c1b14371e24045e68aaa8bee	766bb53acb85db70a4c2648feae72511ac20a10e	研究/W4-R04/UB-BANK-EVIDENCE.md	51a18629340e7e8efd977e111e21e0af0119ef5b	证据集成/W4/Batch-02-R01-R02/W4-R04/研究/W4-R04/UB-BANK-EVIDENCE.md
W4-R04	V002	W4-R04/V002	8ffc6b6962921dfcd4d9912185eebfc940fe85a0	MEASUREMENT_BLOCKED_OBSERVATION_ONLY	INCLUDE_EVIDENCE	8c3b6659014e7904c1b14371e24045e68aaa8bee	766bb53acb85db70a4c2648feae72511ac20a10e	研究/W4-R04/narrow-input-audit.txt	ec40e6e3f4841db4aec18b3996705135d743a25d	证据集成/W4/Batch-02-R01-R02/W4-R04/研究/W4-R04/narrow-input-audit.txt
W4-R04	V002	W4-R04/V002	8ffc6b6962921dfcd4d9912185eebfc940fe85a0	MEASUREMENT_BLOCKED_OBSERVATION_ONLY	EXCLUDE_PRODUCTION_SOURCE	8c3b6659014e7904c1b14371e24045e68aaa8bee	766bb53acb85db70a4c2648feae72511ac20a10e	研究/W4-R04/narrow_input_audit.py	8ce7c9292e60fc52b3196ea7a03425b3dd721a48	EXCLUDED_NOT_COPIED
W4-R04	V002	W4-R04/V002	8ffc6b6962921dfcd4d9912185eebfc940fe85a0	MEASUREMENT_BLOCKED_OBSERVATION_ONLY	INCLUDE_EVIDENCE	b6890ad19bd60560fdd9febce98760078982e51f	766bb53acb85db70a4c2648feae72511ac20a10e	研究/W4-R04/official-850-address-example.png	e4dde31d33717810a900cfe2a34cbdbbe4c0e632	证据集成/W4/Batch-02-R01-R02/W4-R04/研究/W4-R04/official-850-address-example.png
W4-R04	V002	W4-R04/V002	8ffc6b6962921dfcd4d9912185eebfc940fe85a0	MEASUREMENT_BLOCKED_OBSERVATION_ONLY	INCLUDE_EVIDENCE	b6890ad19bd60560fdd9febce98760078982e51f	766bb53acb85db70a4c2648feae72511ac20a10e	研究/W4-R04/official-850-bank-structure.png	1c988db835738108e111935176a7ad48228305fd	证据集成/W4/Batch-02-R01-R02/W4-R04/研究/W4-R04/official-850-bank-structure.png
W4-R04	V002	W4-R04/V002	8ffc6b6962921dfcd4d9912185eebfc940fe85a0	MEASUREMENT_BLOCKED_OBSERVATION_ONLY	INCLUDE_EVIDENCE	b6890ad19bd60560fdd9febce98760078982e51f	766bb53acb85db70a4c2648feae72511ac20a10e	研究/W4-R04/sdk-buffer-evidence.txt	eccfe2ad5be0e4132a338bb5a3ccb7108ab48e79	证据集成/W4/Batch-02-R01-R02/W4-R04/研究/W4-R04/sdk-buffer-evidence.txt
W4-R04	V002	W4-R04/V002	8ffc6b6962921dfcd4d9912185eebfc940fe85a0	MEASUREMENT_BLOCKED_OBSERVATION_ONLY	INCLUDE_EVIDENCE	b6890ad19bd60560fdd9febce98760078982e51f	766bb53acb85db70a4c2648feae72511ac20a10e	研究/W4-R04/source-audit.txt	c2b5f8e3a68bbaf0c593d9668455700f38ea7de7	证据集成/W4/Batch-02-R01-R02/W4-R04/研究/W4-R04/source-audit.txt
W4-R04	V002	W4-R04/V002	8ffc6b6962921dfcd4d9912185eebfc940fe85a0	MEASUREMENT_BLOCKED_OBSERVATION_ONLY	EXCLUDE_PRODUCTION_SOURCE	b6890ad19bd60560fdd9febce98760078982e51f	766bb53acb85db70a4c2648feae72511ac20a10e	研究/W4-R04/ub_bank_audit.py	483f026d64e4f0a7200f71e8fb4f1d2bfe59d4c4	EXCLUDED_NOT_COPIED
W4-R05	V002	W4-R05/V002	1a31a3b527d81d4db0fce20dda091b85889330b6	MEASUREMENT_BLOCKED_OBSERVATION_ONLY	EXCLUDE_PRODUCTION_SOURCE	1a31a3b527d81d4db0fce20dda091b85889330b6	1a31a3b527d81d4db0fce20dda091b85889330b6	本地实验/W4-R05/gamma-view-20261008/CMakeLists.txt	57911552060f28e509bc7dc6ae0e6465fa06ce75	EXCLUDED_NOT_COPIED
W4-R05	V002	W4-R05/V002	1a31a3b527d81d4db0fce20dda091b85889330b6	MEASUREMENT_BLOCKED_OBSERVATION_ONLY	INCLUDE_EVIDENCE	1a31a3b527d81d4db0fce20dda091b85889330b6	1a31a3b527d81d4db0fce20dda091b85889330b6	本地实验/W4-R05/gamma-view-20261008/RESULT.md	2cf0a13b1ab8acd9de55391bf9bb429623472e3a	证据集成/W4/Batch-02-R01-R02/W4-R05/本地实验/W4-R05/gamma-view-20261008/RESULT.md
W4-R05	V002	W4-R05/V002	1a31a3b527d81d4db0fce20dda091b85889330b6	MEASUREMENT_BLOCKED_OBSERVATION_ONLY	EXCLUDE_PRODUCTION_SOURCE	1a31a3b527d81d4db0fce20dda091b85889330b6	1a31a3b527d81d4db0fce20dda091b85889330b6	本地实验/W4-R05/gamma-view-20261008/address_probe.asc	0b3d8d7c56015edbbbc5a560c21fb916e139d98e	EXCLUDED_NOT_COPIED
W4-R05	V002	W4-R05/V002	1a31a3b527d81d4db0fce20dda091b85889330b6	MEASUREMENT_BLOCKED_OBSERVATION_ONLY	EXCLUDE_PRODUCTION_SOURCE	1a31a3b527d81d4db0fce20dda091b85889330b6	1a31a3b527d81d4db0fce20dda091b85889330b6	本地实验/W4-R05/gamma-view-20261008/analyze.py	1a272638f8dc0c5bf85c5cfa2e01cea8fdb2ec65	EXCLUDED_NOT_COPIED
W4-R05	V002	W4-R05/V002	1a31a3b527d81d4db0fce20dda091b85889330b6	MEASUREMENT_BLOCKED_OBSERVATION_ONLY	EXCLUDE_PRODUCTION_SOURCE	1a31a3b527d81d4db0fce20dda091b85889330b6	1a31a3b527d81d4db0fce20dda091b85889330b6	本地实验/W4-R05/gamma-view-20261008/candidate.asc	966cc1a18c4b8a63f869a5251f5892544b57a895	EXCLUDED_NOT_COPIED
W4-R05	V002	W4-R05/V002	1a31a3b527d81d4db0fce20dda091b85889330b6	MEASUREMENT_BLOCKED_OBSERVATION_ONLY	EXCLUDE_PRODUCTION_SOURCE	1a31a3b527d81d4db0fce20dda091b85889330b6	1a31a3b527d81d4db0fce20dda091b85889330b6	本地实验/W4-R05/gamma-view-20261008/candidate_entry.asc	f8be966da7aa41509925cb00bd1a538059fdb319	EXCLUDED_NOT_COPIED
W4-R05	V002	W4-R05/V002	1a31a3b527d81d4db0fce20dda091b85889330b6	MEASUREMENT_BLOCKED_OBSERVATION_ONLY	EXCLUDE_PRODUCTION_SOURCE	1a31a3b527d81d4db0fce20dda091b85889330b6	1a31a3b527d81d4db0fce20dda091b85889330b6	本地实验/W4-R05/gamma-view-20261008/judge_types.hpp	bd5857cefb39e203bf75ea3d9e1bf9668a82d787	EXCLUDED_NOT_COPIED
W4-R05	V002	W4-R05/V002	1a31a3b527d81d4db0fce20dda091b85889330b6	MEASUREMENT_BLOCKED_OBSERVATION_ONLY	EXCLUDE_PRODUCTION_SOURCE	1a31a3b527d81d4db0fce20dda091b85889330b6	1a31a3b527d81d4db0fce20dda091b85889330b6	本地实验/W4-R05/gamma-view-20261008/parent_entry.asc	065be66d79fcfb82e94555e1922bf0fa8c3e1c1b	EXCLUDED_NOT_COPIED
W4-R05	V002	W4-R05/V002	1a31a3b527d81d4db0fce20dda091b85889330b6	MEASUREMENT_BLOCKED_OBSERVATION_ONLY	EXCLUDE_PRODUCTION_SOURCE	1a31a3b527d81d4db0fce20dda091b85889330b6	1a31a3b527d81d4db0fce20dda091b85889330b6	本地实验/W4-R05/gamma-view-20261008/probe.cpp	fca734a1048500dd4164fd3ed6245b9d559a9bb4	EXCLUDED_NOT_COPIED
W4-R05	V002	W4-R05/V002	1a31a3b527d81d4db0fce20dda091b85889330b6	MEASUREMENT_BLOCKED_OBSERVATION_ONLY	EXCLUDE_PRODUCTION_SOURCE	1a31a3b527d81d4db0fce20dda091b85889330b6	1a31a3b527d81d4db0fce20dda091b85889330b6	本地实验/W4-R05/gamma-view-20261008/remote.sh	377da72d808422d77c6e5868010922e7caecff2b	EXCLUDED_NOT_COPIED
W4-R05	V002	W4-R05/V002	1a31a3b527d81d4db0fce20dda091b85889330b6	MEASUREMENT_BLOCKED_OBSERVATION_ONLY	INCLUDE_EVIDENCE	1a31a3b527d81d4db0fce20dda091b85889330b6	1a31a3b527d81d4db0fce20dda091b85889330b6	本地实验/W4-R05/gamma-view-20261008/results/address-probe.log	f0ebb1b28e1c73e212700c536c8ab15c55bb1436	证据集成/W4/Batch-02-R01-R02/W4-R05/本地实验/W4-R05/gamma-view-20261008/results/address-probe.log
W4-R05	V002	W4-R05/V002	1a31a3b527d81d4db0fce20dda091b85889330b6	MEASUREMENT_BLOCKED_OBSERVATION_ONLY	INCLUDE_EVIDENCE	1a31a3b527d81d4db0fce20dda091b85889330b6	1a31a3b527d81d4db0fce20dda091b85889330b6	本地实验/W4-R05/gamma-view-20261008/results/compile-candidate.log	3afcf47c8488ee943cf038a7f81827dc81bc432b	证据集成/W4/Batch-02-R01-R02/W4-R05/本地实验/W4-R05/gamma-view-20261008/results/compile-candidate.log
W4-R05	V002	W4-R05/V002	1a31a3b527d81d4db0fce20dda091b85889330b6	MEASUREMENT_BLOCKED_OBSERVATION_ONLY	INCLUDE_EVIDENCE	1a31a3b527d81d4db0fce20dda091b85889330b6	1a31a3b527d81d4db0fce20dda091b85889330b6	本地实验/W4-R05/gamma-view-20261008/results/compile-parent-entry.log	9ef7e884780c5fb8179711f284a9060b4d666834	证据集成/W4/Batch-02-R01-R02/W4-R05/本地实验/W4-R05/gamma-view-20261008/results/compile-parent-entry.log
W4-R05	V002	W4-R05/V002	1a31a3b527d81d4db0fce20dda091b85889330b6	MEASUREMENT_BLOCKED_OBSERVATION_ONLY	INCLUDE_EVIDENCE	1a31a3b527d81d4db0fce20dda091b85889330b6	1a31a3b527d81d4db0fce20dda091b85889330b6	本地实验/W4-R05/gamma-view-20261008/results/compile-parent-path.log	58b7eb244906b896cbffc54213f0f82db7e3d0b8	证据集成/W4/Batch-02-R01-R02/W4-R05/本地实验/W4-R05/gamma-view-20261008/results/compile-parent-path.log
W4-R05	V002	W4-R05/V002	1a31a3b527d81d4db0fce20dda091b85889330b6	MEASUREMENT_BLOCKED_OBSERVATION_ONLY	INCLUDE_EVIDENCE	1a31a3b527d81d4db0fce20dda091b85889330b6	1a31a3b527d81d4db0fce20dda091b85889330b6	本地实验/W4-R05/gamma-view-20261008/results/compile-parent.log	eefbace8e43357e95832031472a9cdcd847c5e1d	证据集成/W4/Batch-02-R01-R02/W4-R05/本地实验/W4-R05/gamma-view-20261008/results/compile-parent.log
W4-R05	V002	W4-R05/V002	1a31a3b527d81d4db0fce20dda091b85889330b6	MEASUREMENT_BLOCKED_OBSERVATION_ONLY	INCLUDE_EVIDENCE	1a31a3b527d81d4db0fce20dda091b85889330b6	1a31a3b527d81d4db0fce20dda091b85889330b6	本地实验/W4-R05/gamma-view-20261008/results/correctness-session.log	83fd9ff41d4f23c649330fca900342a94167ff9b	证据集成/W4/Batch-02-R01-R02/W4-R05/本地实验/W4-R05/gamma-view-20261008/results/correctness-session.log
W4-R05	V002	W4-R05/V002	1a31a3b527d81d4db0fce20dda091b85889330b6	MEASUREMENT_BLOCKED_OBSERVATION_ONLY	INCLUDE_EVIDENCE	1a31a3b527d81d4db0fce20dda091b85889330b6	1a31a3b527d81d4db0fce20dda091b85889330b6	本地实验/W4-R05/gamma-view-20261008/results/correctness.calls.tsv	c3bc95bd394c64270526b47803ea3e645a2b2bcf	证据集成/W4/Batch-02-R01-R02/W4-R05/本地实验/W4-R05/gamma-view-20261008/results/correctness.calls.tsv
W4-R05	V002	W4-R05/V002	1a31a3b527d81d4db0fce20dda091b85889330b6	MEASUREMENT_BLOCKED_OBSERVATION_ONLY	INCLUDE_EVIDENCE	1a31a3b527d81d4db0fce20dda091b85889330b6	1a31a3b527d81d4db0fce20dda091b85889330b6	本地实验/W4-R05/gamma-view-20261008/results/correctness.raw.tsv	5e1da7e5b3fc5f37d0a9856362cb62e5b3d895b9	证据集成/W4/Batch-02-R01-R02/W4-R05/本地实验/W4-R05/gamma-view-20261008/results/correctness.raw.tsv
W4-R05	V002	W4-R05/V002	1a31a3b527d81d4db0fce20dda091b85889330b6	MEASUREMENT_BLOCKED_OBSERVATION_ONLY	INCLUDE_EVIDENCE	1a31a3b527d81d4db0fce20dda091b85889330b6	1a31a3b527d81d4db0fce20dda091b85889330b6	本地实验/W4-R05/gamma-view-20261008/results/correctness.reference.tsv.gz	1224774446d77d68a75d84743a8bddb2125271df	证据集成/W4/Batch-02-R01-R02/W4-R05/本地实验/W4-R05/gamma-view-20261008/results/correctness.reference.tsv.gz
W4-R05	V002	W4-R05/V002	1a31a3b527d81d4db0fce20dda091b85889330b6	MEASUREMENT_BLOCKED_OBSERVATION_ONLY	INCLUDE_EVIDENCE	1a31a3b527d81d4db0fce20dda091b85889330b6	1a31a3b527d81d4db0fce20dda091b85889330b6	本地实验/W4-R05/gamma-view-20261008/results/disassembly-dav220.log	e69de29bb2d1d6434b8b29ae775ad8c2e48c5391	证据集成/W4/Batch-02-R01-R02/W4-R05/本地实验/W4-R05/gamma-view-20261008/results/disassembly-dav220.log
W4-R05	V002	W4-R05/V002	1a31a3b527d81d4db0fce20dda091b85889330b6	MEASUREMENT_BLOCKED_OBSERVATION_ONLY	INCLUDE_EVIDENCE	1a31a3b527d81d4db0fce20dda091b85889330b6	1a31a3b527d81d4db0fce20dda091b85889330b6	本地实验/W4-R05/gamma-view-20261008/results/disassembly-parent.log	e69de29bb2d1d6434b8b29ae775ad8c2e48c5391	证据集成/W4/Batch-02-R01-R02/W4-R05/本地实验/W4-R05/gamma-view-20261008/results/disassembly-parent.log
W4-R05	V002	W4-R05/V002	1a31a3b527d81d4db0fce20dda091b85889330b6	MEASUREMENT_BLOCKED_OBSERVATION_ONLY	INCLUDE_EVIDENCE	1a31a3b527d81d4db0fce20dda091b85889330b6	1a31a3b527d81d4db0fce20dda091b85889330b6	本地实验/W4-R05/gamma-view-20261008/results/emit-parent-cce-ir.log	f9e72510c2b8571c419df4ebcd97450c694740e5	证据集成/W4/Batch-02-R01-R02/W4-R05/本地实验/W4-R05/gamma-view-20261008/results/emit-parent-cce-ir.log
W4-R05	V002	W4-R05/V002	1a31a3b527d81d4db0fce20dda091b85889330b6	MEASUREMENT_BLOCKED_OBSERVATION_ONLY	INCLUDE_EVIDENCE	1a31a3b527d81d4db0fce20dda091b85889330b6	1a31a3b527d81d4db0fce20dda091b85889330b6	本地实验/W4-R05/gamma-view-20261008/results/emit-parent-cce-order.log	035c4f74ec8294c7ed70413950724df8bd370341	证据集成/W4/Batch-02-R01-R02/W4-R05/本地实验/W4-R05/gamma-view-20261008/results/emit-parent-cce-order.log
W4-R05	V002	W4-R05/V002	1a31a3b527d81d4db0fce20dda091b85889330b6	MEASUREMENT_BLOCKED_OBSERVATION_ONLY	INCLUDE_EVIDENCE	1a31a3b527d81d4db0fce20dda091b85889330b6	1a31a3b527d81d4db0fce20dda091b85889330b6	本地实验/W4-R05/gamma-view-20261008/results/emit-parent-cce-stdin.log	86c22a573dbf69b3f2fc0d06e6352bf4d2665745	证据集成/W4/Batch-02-R01-R02/W4-R05/本地实验/W4-R05/gamma-view-20261008/results/emit-parent-cce-stdin.log
W4-R05	V002	W4-R05/V002	1a31a3b527d81d4db0fce20dda091b85889330b6	MEASUREMENT_BLOCKED_OBSERVATION_ONLY	INCLUDE_EVIDENCE	1a31a3b527d81d4db0fce20dda091b85889330b6	1a31a3b527d81d4db0fce20dda091b85889330b6	本地实验/W4-R05/gamma-view-20261008/results/emit-parent-ir-env.log	f849d6afff299721b3ad1f0c52ade800e372ab63	证据集成/W4/Batch-02-R01-R02/W4-R05/本地实验/W4-R05/gamma-view-20261008/results/emit-parent-ir-env.log
W4-R05	V002	W4-R05/V002	1a31a3b527d81d4db0fce20dda091b85889330b6	MEASUREMENT_BLOCKED_OBSERVATION_ONLY	INCLUDE_EVIDENCE	1a31a3b527d81d4db0fce20dda091b85889330b6	1a31a3b527d81d4db0fce20dda091b85889330b6	本地实验/W4-R05/gamma-view-20261008/results/emit-parent-ir.log	140c116d20698c8c44ba4f11d8118f87590032b2	证据集成/W4/Batch-02-R01-R02/W4-R05/本地实验/W4-R05/gamma-view-20261008/results/emit-parent-ir.log
W4-R05	V002	W4-R05/V002	1a31a3b527d81d4db0fce20dda091b85889330b6	MEASUREMENT_BLOCKED_OBSERVATION_ONLY	INCLUDE_EVIDENCE	1a31a3b527d81d4db0fce20dda091b85889330b6	1a31a3b527d81d4db0fce20dda091b85889330b6	本地实验/W4-R05/gamma-view-20261008/results/final-state.log	2ed2e3214c288b9529b15e8f7de185b4336b9bf0	证据集成/W4/Batch-02-R01-R02/W4-R05/本地实验/W4-R05/gamma-view-20261008/results/final-state.log
W4-R05	V002	W4-R05/V002	1a31a3b527d81d4db0fce20dda091b85889330b6	MEASUREMENT_BLOCKED_OBSERVATION_ONLY	INCLUDE_EVIDENCE	1a31a3b527d81d4db0fce20dda091b85889330b6	1a31a3b527d81d4db0fce20dda091b85889330b6	本地实验/W4-R05/gamma-view-20261008/results/local-analysis.log	0d5ce24a3b10f6f129814f7e7175ac23b01bac10	证据集成/W4/Batch-02-R01-R02/W4-R05/本地实验/W4-R05/gamma-view-20261008/results/local-analysis.log
W4-R05	V002	W4-R05/V002	1a31a3b527d81d4db0fce20dda091b85889330b6	MEASUREMENT_BLOCKED_OBSERVATION_ONLY	INCLUDE_EVIDENCE	1a31a3b527d81d4db0fce20dda091b85889330b6	1a31a3b527d81d4db0fce20dda091b85889330b6	本地实验/W4-R05/gamma-view-20261008/results/local-export/api_statistic_20261008054554.csv	e61faa1c6097c48db2817652549047609c9ff7fe	证据集成/W4/Batch-02-R01-R02/W4-R05/本地实验/W4-R05/gamma-view-20261008/results/local-export/api_statistic_20261008054554.csv
W4-R05	V002	W4-R05/V002	1a31a3b527d81d4db0fce20dda091b85889330b6	MEASUREMENT_BLOCKED_OBSERVATION_ONLY	INCLUDE_EVIDENCE	1a31a3b527d81d4db0fce20dda091b85889330b6	1a31a3b527d81d4db0fce20dda091b85889330b6	本地实验/W4-R05/gamma-view-20261008/results/local-export/op_statistic_20261008054554.csv	02b89190bc4a3b288898781e6beb69757a9f6835	证据集成/W4/Batch-02-R01-R02/W4-R05/本地实验/W4-R05/gamma-view-20261008/results/local-export/op_statistic_20261008054554.csv
W4-R05	V002	W4-R05/V002	1a31a3b527d81d4db0fce20dda091b85889330b6	MEASUREMENT_BLOCKED_OBSERVATION_ONLY	INCLUDE_EVIDENCE	1a31a3b527d81d4db0fce20dda091b85889330b6	1a31a3b527d81d4db0fce20dda091b85889330b6	本地实验/W4-R05/gamma-view-20261008/results/local-export/op_summary_20261008054554.csv	7db5f460f56a06a19fe5674e2c4da3117e01a52a	证据集成/W4/Batch-02-R01-R02/W4-R05/本地实验/W4-R05/gamma-view-20261008/results/local-export/op_summary_20261008054554.csv
W4-R05	V002	W4-R05/V002	1a31a3b527d81d4db0fce20dda091b85889330b6	MEASUREMENT_BLOCKED_OBSERVATION_ONLY	INCLUDE_EVIDENCE	1a31a3b527d81d4db0fce20dda091b85889330b6	1a31a3b527d81d4db0fce20dda091b85889330b6	本地实验/W4-R05/gamma-view-20261008/results/local-export/task_time_20261008054554.csv	94bd5be8bece78dc79b7420ec0e7216e5867ad84	证据集成/W4/Batch-02-R01-R02/W4-R05/本地实验/W4-R05/gamma-view-20261008/results/local-export/task_time_20261008054554.csv
W4-R05	V002	W4-R05/V002	1a31a3b527d81d4db0fce20dda091b85889330b6	MEASUREMENT_BLOCKED_OBSERVATION_ONLY	INCLUDE_EVIDENCE	1a31a3b527d81d4db0fce20dda091b85889330b6	1a31a3b527d81d4db0fce20dda091b85889330b6	本地实验/W4-R05/gamma-view-20261008/results/local-session.log	e808bffe6e71647e2c4cfe0ab7c363e34e6b406d	证据集成/W4/Batch-02-R01-R02/W4-R05/本地实验/W4-R05/gamma-view-20261008/results/local-session.log
W4-R05	V002	W4-R05/V002	1a31a3b527d81d4db0fce20dda091b85889330b6	MEASUREMENT_BLOCKED_OBSERVATION_ONLY	INCLUDE_EVIDENCE	1a31a3b527d81d4db0fce20dda091b85889330b6	1a31a3b527d81d4db0fce20dda091b85889330b6	本地实验/W4-R05/gamma-view-20261008/results/local.calls.tsv	21a9d2b5804a5bb718baedcc7c040bd49e328565	证据集成/W4/Batch-02-R01-R02/W4-R05/本地实验/W4-R05/gamma-view-20261008/results/local.calls.tsv
W4-R05	V002	W4-R05/V002	1a31a3b527d81d4db0fce20dda091b85889330b6	MEASUREMENT_BLOCKED_OBSERVATION_ONLY	INCLUDE_EVIDENCE	1a31a3b527d81d4db0fce20dda091b85889330b6	1a31a3b527d81d4db0fce20dda091b85889330b6	本地实验/W4-R05/gamma-view-20261008/results/local.raw.tsv	fe8724a3ab1a1950bae1079aa3f7a0ec1071354d	证据集成/W4/Batch-02-R01-R02/W4-R05/本地实验/W4-R05/gamma-view-20261008/results/local.raw.tsv
W4-R05	V002	W4-R05/V002	1a31a3b527d81d4db0fce20dda091b85889330b6	MEASUREMENT_BLOCKED_OBSERVATION_ONLY	INCLUDE_EVIDENCE	1a31a3b527d81d4db0fce20dda091b85889330b6	1a31a3b527d81d4db0fce20dda091b85889330b6	本地实验/W4-R05/gamma-view-20261008/results/local.summary.json	5144a73ea5cdad44c9d663a82fdc65e1e917c15e	证据集成/W4/Batch-02-R01-R02/W4-R05/本地实验/W4-R05/gamma-view-20261008/results/local.summary.json
W4-R05	V002	W4-R05/V002	1a31a3b527d81d4db0fce20dda091b85889330b6	MEASUREMENT_BLOCKED_OBSERVATION_ONLY	INCLUDE_EVIDENCE	1a31a3b527d81d4db0fce20dda091b85889330b6	1a31a3b527d81d4db0fce20dda091b85889330b6	本地实验/W4-R05/gamma-view-20261008/results/local.task-map.tsv	0d0ed4d36961c0ba673699378be369e728a55ec4	证据集成/W4/Batch-02-R01-R02/W4-R05/本地实验/W4-R05/gamma-view-20261008/results/local.task-map.tsv
W4-R05	V002	W4-R05/V002	1a31a3b527d81d4db0fce20dda091b85889330b6	MEASUREMENT_BLOCKED_OBSERVATION_ONLY	INCLUDE_EVIDENCE	1a31a3b527d81d4db0fce20dda091b85889330b6	1a31a3b527d81d4db0fce20dda091b85889330b6	本地实验/W4-R05/gamma-view-20261008/results/parent-analysis.log	18c7f0c418762d4a7436916c025089baf70f1c08	证据集成/W4/Batch-02-R01-R02/W4-R05/本地实验/W4-R05/gamma-view-20261008/results/parent-analysis.log
W4-R05	V002	W4-R05/V002	1a31a3b527d81d4db0fce20dda091b85889330b6	MEASUREMENT_BLOCKED_OBSERVATION_ONLY	INCLUDE_EVIDENCE	1a31a3b527d81d4db0fce20dda091b85889330b6	1a31a3b527d81d4db0fce20dda091b85889330b6	本地实验/W4-R05/gamma-view-20261008/results/parent-device-dav220.txt	a8603f4d038d0bd97650d6faebde16cee6653604	证据集成/W4/Batch-02-R01-R02/W4-R05/本地实验/W4-R05/gamma-view-20261008/results/parent-device-dav220.txt
W4-R05	V002	W4-R05/V002	1a31a3b527d81d4db0fce20dda091b85889330b6	MEASUREMENT_BLOCKED_OBSERVATION_ONLY	INCLUDE_EVIDENCE	1a31a3b527d81d4db0fce20dda091b85889330b6	1a31a3b527d81d4db0fce20dda091b85889330b6	本地实验/W4-R05/gamma-view-20261008/results/parent-device-disassembly.txt	a8603f4d038d0bd97650d6faebde16cee6653604	证据集成/W4/Batch-02-R01-R02/W4-R05/本地实验/W4-R05/gamma-view-20261008/results/parent-device-disassembly.txt
W4-R05	V002	W4-R05/V002	1a31a3b527d81d4db0fce20dda091b85889330b6	MEASUREMENT_BLOCKED_OBSERVATION_ONLY	INCLUDE_EVIDENCE	1a31a3b527d81d4db0fce20dda091b85889330b6	1a31a3b527d81d4db0fce20dda091b85889330b6	本地实验/W4-R05/gamma-view-20261008/results/parent-device-identity.log	5b3b81b773c9b3e0d0bd20767e1467e5f0a9adeb	证据集成/W4/Batch-02-R01-R02/W4-R05/本地实验/W4-R05/gamma-view-20261008/results/parent-device-identity.log
W4-R05	V002	W4-R05/V002	1a31a3b527d81d4db0fce20dda091b85889330b6	MEASUREMENT_BLOCKED_OBSERVATION_ONLY	INCLUDE_EVIDENCE	1a31a3b527d81d4db0fce20dda091b85889330b6	1a31a3b527d81d4db0fce20dda091b85889330b6	本地实验/W4-R05/gamma-view-20261008/results/parent-export/api_statistic_20261008052700.csv	ed000468d290f89bcaf8e6cba02b01f4f6da1920	证据集成/W4/Batch-02-R01-R02/W4-R05/本地实验/W4-R05/gamma-view-20261008/results/parent-export/api_statistic_20261008052700.csv
W4-R05	V002	W4-R05/V002	1a31a3b527d81d4db0fce20dda091b85889330b6	MEASUREMENT_BLOCKED_OBSERVATION_ONLY	INCLUDE_EVIDENCE	1a31a3b527d81d4db0fce20dda091b85889330b6	1a31a3b527d81d4db0fce20dda091b85889330b6	本地实验/W4-R05/gamma-view-20261008/results/parent-export/op_statistic_20261008052700.csv	3ce2f8d3f21629b42fa912246173c6001ccd1a02	证据集成/W4/Batch-02-R01-R02/W4-R05/本地实验/W4-R05/gamma-view-20261008/results/parent-export/op_statistic_20261008052700.csv
W4-R05	V002	W4-R05/V002	1a31a3b527d81d4db0fce20dda091b85889330b6	MEASUREMENT_BLOCKED_OBSERVATION_ONLY	INCLUDE_EVIDENCE	1a31a3b527d81d4db0fce20dda091b85889330b6	1a31a3b527d81d4db0fce20dda091b85889330b6	本地实验/W4-R05/gamma-view-20261008/results/parent-export/op_summary_20261008052700.csv	9039bdb4a532fda4171e4dec0b68bbc01d295f18	证据集成/W4/Batch-02-R01-R02/W4-R05/本地实验/W4-R05/gamma-view-20261008/results/parent-export/op_summary_20261008052700.csv
W4-R05	V002	W4-R05/V002	1a31a3b527d81d4db0fce20dda091b85889330b6	MEASUREMENT_BLOCKED_OBSERVATION_ONLY	INCLUDE_EVIDENCE	1a31a3b527d81d4db0fce20dda091b85889330b6	1a31a3b527d81d4db0fce20dda091b85889330b6	本地实验/W4-R05/gamma-view-20261008/results/parent-export/task_time_20261008052700.csv	e833ce8a48ef3608bd413137aa5d3b39c3096b19	证据集成/W4/Batch-02-R01-R02/W4-R05/本地实验/W4-R05/gamma-view-20261008/results/parent-export/task_time_20261008052700.csv
W4-R05	V002	W4-R05/V002	1a31a3b527d81d4db0fce20dda091b85889330b6	MEASUREMENT_BLOCKED_OBSERVATION_ONLY	INCLUDE_EVIDENCE	1a31a3b527d81d4db0fce20dda091b85889330b6	1a31a3b527d81d4db0fce20dda091b85889330b6	本地实验/W4-R05/gamma-view-20261008/results/parent-session.log	0cdedf0b4de921f0e54a29d7c7e8841799d5e815	证据集成/W4/Batch-02-R01-R02/W4-R05/本地实验/W4-R05/gamma-view-20261008/results/parent-session.log
W4-R05	V002	W4-R05/V002	1a31a3b527d81d4db0fce20dda091b85889330b6	MEASUREMENT_BLOCKED_OBSERVATION_ONLY	INCLUDE_EVIDENCE	1a31a3b527d81d4db0fce20dda091b85889330b6	1a31a3b527d81d4db0fce20dda091b85889330b6	本地实验/W4-R05/gamma-view-20261008/results/parent.calls.tsv	87753f8fb76dd9eb03e14f4c82d6c03baad25c47	证据集成/W4/Batch-02-R01-R02/W4-R05/本地实验/W4-R05/gamma-view-20261008/results/parent.calls.tsv
W4-R05	V002	W4-R05/V002	1a31a3b527d81d4db0fce20dda091b85889330b6	MEASUREMENT_BLOCKED_OBSERVATION_ONLY	INCLUDE_EVIDENCE	1a31a3b527d81d4db0fce20dda091b85889330b6	1a31a3b527d81d4db0fce20dda091b85889330b6	本地实验/W4-R05/gamma-view-20261008/results/parent.raw.tsv	d4f80b0b56c0c39b2d393a51b692c37298d9ce73	证据集成/W4/Batch-02-R01-R02/W4-R05/本地实验/W4-R05/gamma-view-20261008/results/parent.raw.tsv
W4-R05	V002	W4-R05/V002	1a31a3b527d81d4db0fce20dda091b85889330b6	MEASUREMENT_BLOCKED_OBSERVATION_ONLY	INCLUDE_EVIDENCE	1a31a3b527d81d4db0fce20dda091b85889330b6	1a31a3b527d81d4db0fce20dda091b85889330b6	本地实验/W4-R05/gamma-view-20261008/results/parent.reference.tsv.gz	ad37e05d3505817c30b37a83a61f461083ada810	证据集成/W4/Batch-02-R01-R02/W4-R05/本地实验/W4-R05/gamma-view-20261008/results/parent.reference.tsv.gz
W4-R05	V002	W4-R05/V002	1a31a3b527d81d4db0fce20dda091b85889330b6	MEASUREMENT_BLOCKED_OBSERVATION_ONLY	INCLUDE_EVIDENCE	1a31a3b527d81d4db0fce20dda091b85889330b6	1a31a3b527d81d4db0fce20dda091b85889330b6	本地实验/W4-R05/gamma-view-20261008/results/parent.summary.json	f5f2203d2a18c41b0b15fefef26be2f68364d16a	证据集成/W4/Batch-02-R01-R02/W4-R05/本地实验/W4-R05/gamma-view-20261008/results/parent.summary.json
W4-R05	V002	W4-R05/V002	1a31a3b527d81d4db0fce20dda091b85889330b6	MEASUREMENT_BLOCKED_OBSERVATION_ONLY	INCLUDE_EVIDENCE	1a31a3b527d81d4db0fce20dda091b85889330b6	1a31a3b527d81d4db0fce20dda091b85889330b6	本地实验/W4-R05/gamma-view-20261008/results/parent.task-map.tsv	c47ab13c17c7de9c1625cd069cab2b06d705fc97	证据集成/W4/Batch-02-R01-R02/W4-R05/本地实验/W4-R05/gamma-view-20261008/results/parent.task-map.tsv
W4-R05	V002	W4-R05/V002	1a31a3b527d81d4db0fce20dda091b85889330b6	MEASUREMENT_BLOCKED_OBSERVATION_ONLY	INCLUDE_EVIDENCE	1a31a3b527d81d4db0fce20dda091b85889330b6	1a31a3b527d81d4db0fce20dda091b85889330b6	本地实验/W4-R05/gamma-view-20261008/results/reference-validation.log	f94434aa7309f1b919a1c1a1ed60d245dd097a54	证据集成/W4/Batch-02-R01-R02/W4-R05/本地实验/W4-R05/gamma-view-20261008/results/reference-validation.log
W4-R05	V002	W4-R05/V002	1a31a3b527d81d4db0fce20dda091b85889330b6	MEASUREMENT_BLOCKED_OBSERVATION_ONLY	INCLUDE_EVIDENCE	1a31a3b527d81d4db0fce20dda091b85889330b6	1a31a3b527d81d4db0fce20dda091b85889330b6	研究/W4-R05/PARAM-OUTPUT-LAYOUT-STUDY.md	236a1904c650dbb934e69a9e901b7b5758808937	证据集成/W4/Batch-02-R01-R02/W4-R05/研究/W4-R05/PARAM-OUTPUT-LAYOUT-STUDY.md
