Device_id,Model ID,Task ID,Stream ID,Op Name,OP Type,OP State,Task Type,Task Start Time(us),Task Duration(us),Task Wait Time(us),Block Dim,Mix Block Dim,HF32 Eligible,Input Shapes,Input Data Types,Input Formats,Output Shapes,Output Data Types,Output Formats,Context ID
2,4294967295,0,22,_Z24add_rms_norm_bias_customIfEvPhS0_S0_S0_S0_mmjff,_Z24add_rms_norm_bias_customIfEvPhS0_S0_S0_S0_mmjff,dynamic,AI_VECTOR_CORE,1791520730122411.966	,12.980,0,16,0,NO,N/A,N/A,N/A,N/A,N/A,N/A,N/A
2,4294967295,1,22,_Z24add_rms_norm_bias_customIfEvPhS0_S0_S0_S0_mmjff,_Z24add_rms_norm_bias_customIfEvPhS0_S0_S0_S0_mmjff,dynamic,AI_VECTOR_CORE,1791520730244002.214	,14.064,121577.270000,16,0,NO,N/A,N/A,N/A,N/A,N/A,N/A,N/A
2,4294967295,2,22,_Z24add_rms_norm_bias_customIfEvPhS0_S0_S0_S0_mmjff,_Z24add_rms_norm_bias_customIfEvPhS0_S0_S0_S0_mmjff,dynamic,AI_VECTOR_CORE,1791520730351237.638	,3.460,107221.436000,1,0,NO,N/A,N/A,N/A,N/A,N/A,N/A,N/A
2,4294967295,3,22,_Z24add_rms_norm_bias_customIfEvPhS0_S0_S0_S0_mmjff,_Z24add_rms_norm_bias_customIfEvPhS0_S0_S0_S0_mmjff,dynamic,AI_VECTOR_CORE,1791520730352253.118	,6.900,1011.790000,16,0,NO,N/A,N/A,N/A,N/A,N/A,N/A,N/A
2,4294967295,4,22,_Z24add_rms_norm_bias_customIfEvPhS0_S0_S0_S0_mmjff,_Z24add_rms_norm_bias_customIfEvPhS0_S0_S0_S0_mmjff,dynamic,AI_VECTOR_CORE,1791520730374459.282	,13.680,22199.350000,16,0,NO,N/A,N/A,N/A,N/A,N/A,N/A,N/A
2,4294967295,5,22,_Z24add_rms_norm_bias_customIfEvPhS0_S0_S0_S0_mmjff,_Z24add_rms_norm_bias_customIfEvPhS0_S0_S0_S0_mmjff,dynamic,AI_VECTOR_CORE,1791520730633224.614	,16.620,258751.570000,40,0,NO,N/A,N/A,N/A,N/A,N/A,N/A,N/A
2,4294967295,6,22,_Z24add_rms_norm_bias_customIfEvPhS0_S0_S0_S0_mmjff,_Z24add_rms_norm_bias_customIfEvPhS0_S0_S0_S0_mmjff,dynamic,AI_VECTOR_CORE,1791520731208412.666	,10.520,575171.630000,16,0,NO,N/A,N/A,N/A,N/A,N/A,N/A,N/A
2,4294967295,7,22,_Z24add_rms_norm_bias_customIfEvPhS0_S0_S0_S0_mmjff,_Z24add_rms_norm_bias_customIfEvPhS0_S0_S0_S0_mmjff,dynamic,AI_VECTOR_CORE,1791520731208512.646	,9.980,89.480000,16,0,NO,N/A,N/A,N/A,N/A,N/A,N/A,N/A
2,4294967295,9,22,_Z24add_rms_norm_bias_customIfEvPhS0_S0_S0_S0_mmjff,_Z24add_rms_norm_bias_customIfEvPhS0_S0_S0_S0_mmjff,dynamic,AI_VECTOR_CORE,1791520731208657.710	,7.420,135.020000,16,0,NO,N/A,N/A,N/A,N/A,N/A,N/A,N/A
2,4294967295,10,22,_Z24add_rms_norm_bias_customIfEvPhS0_S0_S0_S0_mmjff,_Z24add_rms_norm_bias_customIfEvPhS0_S0_S0_S0_mmjff,dynamic,AI_VECTOR_CORE,1791520731208725.010	,4.520,59.830000,16,0,NO,N/A,N/A,N/A,N/A,N/A,N/A,N/A
2,4294967295,11,22,_Z24add_rms_norm_bias_customIfEvPhS0_S0_S0_S0_mmjff,_Z24add_rms_norm_bias_customIfEvPhS0_S0_S0_S0_mmjff,dynamic,AI_VECTOR_CORE,1791520731208752.230	,3.360,22.730000,16,0,NO,N/A,N/A,N/A,N/A,N/A,N/A,N/A
2,4294967295,12,22,_Z24add_rms_norm_bias_customIfEvPhS0_S0_S0_S0_mmjff,_Z24add_rms_norm_bias_customIfEvPhS0_S0_S0_S0_mmjff,dynamic,AI_VECTOR_CORE,1791520731208778.214	,6.360,22.640000,16,0,NO,N/A,N/A,N/A,N/A,N/A,N/A,N/A
2,4294967295,13,22,_Z24add_rms_norm_bias_customIfEvPhS0_S0_S0_S0_mmjff,_Z24add_rms_norm_bias_customIfEvPhS0_S0_S0_S0_mmjff,dynamic,AI_VECTOR_CORE,1791520731208804.594	,6.020,19.890000,16,0,NO,N/A,N/A,N/A,N/A,N/A,N/A,N/A
2,4294967295,14,22,_Z24add_rms_norm_bias_customIfEvPhS0_S0_S0_S0_mmjff,_Z24add_rms_norm_bias_customIfEvPhS0_S0_S0_S0_mmjff,dynamic,AI_VECTOR_CORE,1791520731208830.114	,5.120,19.480000,16,0,NO,N/A,N/A,N/A,N/A,N/A,N/A,N/A
2,4294967295,15,22,_Z24add_rms_norm_bias_customIfEvPhS0_S0_S0_S0_mmjff,_Z24add_rms_norm_bias_customIfEvPhS0_S0_S0_S0_mmjff,dynamic,AI_VECTOR_CORE,1791520731208855.454	,3.540,20.380000,16,0,NO,N/A,N/A,N/A,N/A,N/A,N/A,N/A
2,4294967295,16,22,_Z24add_rms_norm_bias_customIfEvPhS0_S0_S0_S0_mmjff,_Z24add_rms_norm_bias_customIfEvPhS0_S0_S0_S0_mmjff,dynamic,AI_VECTOR_CORE,1791520731208882.594	,2.820,23.460000,16,0,NO,N/A,N/A,N/A,N/A,N/A,N/A,N/A
2,4294967295,17,22,_Z24add_rms_norm_bias_customIfEvPhS0_S0_S0_S0_mmjff,_Z24add_rms_norm_bias_customIfEvPhS0_S0_S0_S0_mmjff,dynamic,AI_VECTOR_CORE,1791520731208901.594	,3.060,16.180000,16,0,NO,N/A,N/A,N/A,N/A,N/A,N/A,N/A
2,4294967295,18,22,_Z24add_rms_norm_bias_customIfEvPhS0_S0_S0_S0_mmjff,_Z24add_rms_norm_bias_customIfEvPhS0_S0_S0_S0_mmjff,dynamic,AI_VECTOR_CORE,1791520731208936.674	,2.980,32.190000,16,0,NO,N/A,N/A,N/A,N/A,N/A,N/A,N/A
2,4294967295,20,22,_Z24add_rms_norm_bias_customIfEvPhS0_S0_S0_S0_mmjff,_Z24add_rms_norm_bias_customIfEvPhS0_S0_S0_S0_mmjff,dynamic,AI_VECTOR_CORE,1791520731209031.038	,4.860,91.270000,16,0,NO,N/A,N/A,N/A,N/A,N/A,N/A,N/A
2,4294967295,21,22,_Z24add_rms_norm_bias_customIfEvPhS0_S0_S0_S0_mmjff,_Z24add_rms_norm_bias_customIfEvPhS0_S0_S0_S0_mmjff,dynamic,AI_VECTOR_CORE,1791520731209098.118	,4.640,62.140000,16,0,NO,N/A,N/A,N/A,N/A,N/A,N/A,N/A
2,4294967295,22,22,_Z24add_rms_norm_bias_customIfEvPhS0_S0_S0_S0_mmjff,_Z24add_rms_norm_bias_customIfEvPhS0_S0_S0_S0_mmjff,dynamic,AI_VECTOR_CORE,1791520731209126.878	,3.780,24.360000,16,0,NO,N/A,N/A,N/A,N/A,N/A,N/A,N/A
2,4294967295,23,22,_Z24add_rms_norm_bias_customIfEvPhS0_S0_S0_S0_mmjff,_Z24add_rms_norm_bias_customIfEvPhS0_S0_S0_S0_mmjff,dynamic,AI_VECTOR_CORE,1791520731209157.938	,3.080,27.220000,16,0,NO,N/A,N/A,N/A,N/A,N/A,N/A,N/A
2,4294967295,24,22,_Z24add_rms_norm_bias_customIfEvPhS0_S0_S0_S0_mmjff,_Z24add_rms_norm_bias_customIfEvPhS0_S0_S0_S0_mmjff,dynamic,AI_VECTOR_CORE,1791520731209191.222	,2.960,30.170000,16,0,NO,N/A,N/A,N/A,N/A,N/A,N/A,N/A
2,4294967295,26,22,_Z24add_rms_norm_bias_customIfEvPhS0_S0_S0_S0_mmjff,_Z24add_rms_norm_bias_customIfEvPhS0_S0_S0_S0_mmjff,dynamic,AI_VECTOR_CORE,1791520731209277.622	,3.060,83.290000,16,0,NO,N/A,N/A,N/A,N/A,N/A,N/A,N/A
2,4294967295,27,22,_Z24add_rms_norm_bias_customIfEvPhS0_S0_S0_S0_mmjff,_Z24add_rms_norm_bias_customIfEvPhS0_S0_S0_S0_mmjff,dynamic,AI_VECTOR_CORE,1791520731209320.502	,4.580,39.940000,16,0,NO,N/A,N/A,N/A,N/A,N/A,N/A,N/A
2,4294967295,28,22,_Z24add_rms_norm_bias_customIfEvPhS0_S0_S0_S0_mmjff,_Z24add_rms_norm_bias_customIfEvPhS0_S0_S0_S0_mmjff,dynamic,AI_VECTOR_CORE,1791520731209372.402	,4.584,47.420000,16,0,NO,N/A,N/A,N/A,N/A,N/A,N/A,N/A
2,4294967295,30,22,_Z24add_rms_norm_bias_customIfEvPhS0_S0_S0_S0_mmjff,_Z24add_rms_norm_bias_customIfEvPhS0_S0_S0_S0_mmjff,dynamic,AI_VECTOR_CORE,1791520731209442.086	,3.680,64.916000,16,0,NO,N/A,N/A,N/A,N/A,N/A,N/A,N/A
2,4294967295,31,22,_Z24add_rms_norm_bias_customIfEvPhS0_S0_S0_S0_mmjff,_Z24add_rms_norm_bias_customIfEvPhS0_S0_S0_S0_mmjff,dynamic,AI_VECTOR_CORE,1791520731209475.986	,3.120,30.320000,16,0,NO,N/A,N/A,N/A,N/A,N/A,N/A,N/A
2,4294967295,32,22,_Z24add_rms_norm_bias_customIfEvPhS0_S0_S0_S0_mmjff,_Z24add_rms_norm_bias_customIfEvPhS0_S0_S0_S0_mmjff,dynamic,AI_VECTOR_CORE,1791520731209498.546	,3.020,19.380000,16,0,NO,N/A,N/A,N/A,N/A,N/A,N/A,N/A
2,4294967295,33,22,_Z24add_rms_norm_bias_customIfEvPhS0_S0_S0_S0_mmjff,_Z24add_rms_norm_bias_customIfEvPhS0_S0_S0_S0_mmjff,dynamic,AI_VECTOR_CORE,1791520731209523.546	,2.900,21.980000,16,0,NO,N/A,N/A,N/A,N/A,N/A,N/A,N/A
2,4294967295,34,22,_Z24add_rms_norm_bias_customIfEvPhS0_S0_S0_S0_mmjff,_Z24add_rms_norm_bias_customIfEvPhS0_S0_S0_S0_mmjff,dynamic,AI_VECTOR_CORE,1791520731209548.286	,2.960,21.850000,16,0,NO,N/A,N/A,N/A,N/A,N/A,N/A,N/A
2,4294967295,35,22,_Z24add_rms_norm_bias_customIfEvPhS0_S0_S0_S0_mmjff,_Z24add_rms_norm_bias_customIfEvPhS0_S0_S0_S0_mmjff,dynamic,AI_VECTOR_CORE,1791520731209573.250	,3.056,22.040000,16,0,NO,N/A,N/A,N/A,N/A,N/A,N/A,N/A
2,4294967295,36,22,_Z24add_rms_norm_bias_customIfEvPhS0_S0_S0_S0_mmjff,_Z24add_rms_norm_bias_customIfEvPhS0_S0_S0_S0_mmjff,dynamic,AI_VECTOR_CORE,1791520731209619.550	,2.960,43.194000,16,0,NO,N/A,N/A,N/A,N/A,N/A,N/A,N/A
2,4294967295,38,22,_Z24add_rms_norm_bias_customIfEvPhS0_S0_S0_S0_mmjff,_Z24add_rms_norm_bias_customIfEvPhS0_S0_S0_S0_mmjff,dynamic,AI_VECTOR_CORE,1791520731209693.590	,4.980,71.040000,16,0,NO,N/A,N/A,N/A,N/A,N/A,N/A,N/A
2,4294967295,39,22,_Z24add_rms_norm_bias_customIfEvPhS0_S0_S0_S0_mmjff,_Z24add_rms_norm_bias_customIfEvPhS0_S0_S0_S0_mmjff,dynamic,AI_VECTOR_CORE,1791520731209745.150	,4.620,46.770000,16,0,NO,N/A,N/A,N/A,N/A,N/A,N/A,N/A
2,4294967295,41,22,_Z24add_rms_norm_bias_customIfEvPhS0_S0_S0_S0_mmjff,_Z24add_rms_norm_bias_customIfEvPhS0_S0_S0_S0_mmjff,dynamic,AI_VECTOR_CORE,1791520731209815.974	,3.440,66.130000,16,0,NO,N/A,N/A,N/A,N/A,N/A,N/A,N/A
2,4294967295,42,22,_Z24add_rms_norm_bias_customIfEvPhS0_S0_S0_S0_mmjff,_Z24add_rms_norm_bias_customIfEvPhS0_S0_S0_S0_mmjff,dynamic,AI_VECTOR_CORE,1791520731209866.614	,4.940,47.060000,16,0,NO,N/A,N/A,N/A,N/A,N/A,N/A,N/A
2,4294967295,44,22,_Z24add_rms_norm_bias_customIfEvPhS0_S0_S0_S0_mmjff,_Z24add_rms_norm_bias_customIfEvPhS0_S0_S0_S0_mmjff,dynamic,AI_VECTOR_CORE,1791520731209940.234	,4.720,68.810000,16,0,NO,N/A,N/A,N/A,N/A,N/A,N/A,N/A
2,4294967295,45,22,_Z24add_rms_norm_bias_customIfEvPhS0_S0_S0_S0_mmjff,_Z24add_rms_norm_bias_customIfEvPhS0_S0_S0_S0_mmjff,dynamic,AI_VECTOR_CORE,1791520731209983.438	,3.640,38.530000,16,0,NO,N/A,N/A,N/A,N/A,N/A,N/A,N/A
2,4294967295,46,22,_Z24add_rms_norm_bias_customIfEvPhS0_S0_S0_S0_mmjff,_Z24add_rms_norm_bias_customIfEvPhS0_S0_S0_S0_mmjff,dynamic,AI_VECTOR_CORE,1791520731210008.638	,6.160,21.610000,16,0,NO,N/A,N/A,N/A,N/A,N/A,N/A,N/A
2,4294967295,47,22,_Z24add_rms_norm_bias_customIfEvPhS0_S0_S0_S0_mmjff,_Z24add_rms_norm_bias_customIfEvPhS0_S0_S0_S0_mmjff,dynamic,AI_VECTOR_CORE,1791520731210034.958	,4.240,20.090000,16,0,NO,N/A,N/A,N/A,N/A,N/A,N/A,N/A
2,4294967295,48,22,_Z24add_rms_norm_bias_customIfEvPhS0_S0_S0_S0_mmjff,_Z24add_rms_norm_bias_customIfEvPhS0_S0_S0_S0_mmjff,dynamic,AI_VECTOR_CORE,1791520731210059.498	,3.680,20.260000,16,0,NO,N/A,N/A,N/A,N/A,N/A,N/A,N/A
2,4294967295,49,22,_Z24add_rms_norm_bias_customIfEvPhS0_S0_S0_S0_mmjff,_Z24add_rms_norm_bias_customIfEvPhS0_S0_S0_S0_mmjff,dynamic,AI_VECTOR_CORE,1791520731210080.638	,3.680,17.570000,16,0,NO,N/A,N/A,N/A,N/A,N/A,N/A,N/A
2,4294967295,50,22,_Z24add_rms_norm_bias_customIfEvPhS0_S0_S0_S0_mmjff,_Z24add_rms_norm_bias_customIfEvPhS0_S0_S0_S0_mmjff,dynamic,AI_VECTOR_CORE,1791520731210105.058	,2.960,20.570000,16,0,NO,N/A,N/A,N/A,N/A,N/A,N/A,N/A
2,4294967295,51,22,_Z24add_rms_norm_bias_customIfEvPhS0_S0_S0_S0_mmjff,_Z24add_rms_norm_bias_customIfEvPhS0_S0_S0_S0_mmjff,dynamic,AI_VECTOR_CORE,1791520731210128.798	,2.960,20.790000,16,0,NO,N/A,N/A,N/A,N/A,N/A,N/A,N/A
2,4294967295,52,22,_Z24add_rms_norm_bias_customIfEvPhS0_S0_S0_S0_mmjff,_Z24add_rms_norm_bias_customIfEvPhS0_S0_S0_S0_mmjff,dynamic,AI_VECTOR_CORE,1791520731210177.002	,3.040,45.290000,16,0,NO,N/A,N/A,N/A,N/A,N/A,N/A,N/A
2,4294967295,54,22,_Z24add_rms_norm_bias_customIfEvPhS0_S0_S0_S0_mmjff,_Z24add_rms_norm_bias_customIfEvPhS0_S0_S0_S0_mmjff,dynamic,AI_VECTOR_CORE,1791520731210252.222	,2.960,72.210000,16,0,NO,N/A,N/A,N/A,N/A,N/A,N/A,N/A
2,4294967295,55,22,_Z24add_rms_norm_bias_customIfEvPhS0_S0_S0_S0_mmjff,_Z24add_rms_norm_bias_customIfEvPhS0_S0_S0_S0_mmjff,dynamic,AI_VECTOR_CORE,1791520731210282.262	,2.980,27.040000,16,0,NO,N/A,N/A,N/A,N/A,N/A,N/A,N/A
2,4294967295,56,22,_Z24add_rms_norm_bias_customIfEvPhS0_S0_S0_S0_mmjff,_Z24add_rms_norm_bias_customIfEvPhS0_S0_S0_S0_mmjff,dynamic,AI_VECTOR_CORE,1791520731210307.822	,2.900,22.520000,16,0,NO,N/A,N/A,N/A,N/A,N/A,N/A,N/A
2,4294967295,57,22,_Z24add_rms_norm_bias_customIfEvPhS0_S0_S0_S0_mmjff,_Z24add_rms_norm_bias_customIfEvPhS0_S0_S0_S0_mmjff,dynamic,AI_VECTOR_CORE,1791520731210343.322	,2.820,32.600000,16,0,NO,N/A,N/A,N/A,N/A,N/A,N/A,N/A
2,4294967295,59,22,_Z24add_rms_norm_bias_customIfEvPhS0_S0_S0_S0_mmjff,_Z24add_rms_norm_bias_customIfEvPhS0_S0_S0_S0_mmjff,dynamic,AI_VECTOR_CORE,1791520731210408.426	,6.160,62.430000,16,0,NO,N/A,N/A,N/A,N/A,N/A,N/A,N/A
2,4294967295,60,22,_Z24add_rms_norm_bias_customIfEvPhS0_S0_S0_S0_mmjff,_Z24add_rms_norm_bias_customIfEvPhS0_S0_S0_S0_mmjff,dynamic,AI_VECTOR_CORE,1791520731210451.906	,5.440,37.340000,16,0,NO,N/A,N/A,N/A,N/A,N/A,N/A,N/A
2,4294967295,61,22,_Z24add_rms_norm_bias_customIfEvPhS0_S0_S0_S0_mmjff,_Z24add_rms_norm_bias_customIfEvPhS0_S0_S0_S0_mmjff,dynamic,AI_VECTOR_CORE,1791520731210481.286	,5.540,23.810000,16,0,NO,N/A,N/A,N/A,N/A,N/A,N/A,N/A
2,4294967295,62,22,_Z24add_rms_norm_bias_customIfEvPhS0_S0_S0_S0_mmjff,_Z24add_rms_norm_bias_customIfEvPhS0_S0_S0_S0_mmjff,dynamic,AI_VECTOR_CORE,1791520731210508.786	,5.180,21.960000,16,0,NO,N/A,N/A,N/A,N/A,N/A,N/A,N/A
2,4294967295,63,22,_Z24add_rms_norm_bias_customIfEvPhS0_S0_S0_S0_mmjff,_Z24add_rms_norm_bias_customIfEvPhS0_S0_S0_S0_mmjff,dynamic,AI_VECTOR_CORE,1791520731210547.026	,5.180,33.070000,16,0,NO,N/A,N/A,N/A,N/A,N/A,N/A,N/A
2,4294967295,64,22,_Z24add_rms_norm_bias_customIfEvPhS0_S0_S0_S0_mmjff,_Z24add_rms_norm_bias_customIfEvPhS0_S0_S0_S0_mmjff,dynamic,AI_VECTOR_CORE,1791520731210577.490	,2.960,25.320000,16,0,NO,N/A,N/A,N/A,N/A,N/A,N/A,N/A
2,4294967295,65,22,_Z24add_rms_norm_bias_customIfEvPhS0_S0_S0_S0_mmjff,_Z24add_rms_norm_bias_customIfEvPhS0_S0_S0_S0_mmjff,dynamic,AI_VECTOR_CORE,1791520731210605.050	,3.260,24.540000,16,0,NO,N/A,N/A,N/A,N/A,N/A,N/A,N/A
2,4294967295,66,22,_Z24add_rms_norm_bias_customIfEvPhS0_S0_S0_S0_mmjff,_Z24add_rms_norm_bias_customIfEvPhS0_S0_S0_S0_mmjff,dynamic,AI_VECTOR_CORE,1791520731210639.610	,2.940,31.240000,16,0,NO,N/A,N/A,N/A,N/A,N/A,N/A,N/A
2,4294967295,67,22,_Z24add_rms_norm_bias_customIfEvPhS0_S0_S0_S0_mmjff,_Z24add_rms_norm_bias_customIfEvPhS0_S0_S0_S0_mmjff,dynamic,AI_VECTOR_CORE,1791520731210668.470	,2.900,26.060000,16,0,NO,N/A,N/A,N/A,N/A,N/A,N/A,N/A
2,4294967295,68,22,_Z24add_rms_norm_bias_customIfEvPhS0_S0_S0_S0_mmjff,_Z24add_rms_norm_bias_customIfEvPhS0_S0_S0_S0_mmjff,dynamic,AI_VECTOR_CORE,1791520731210686.810	,5.080,15.350000,16,0,NO,N/A,N/A,N/A,N/A,N/A,N/A,N/A
2,4294967295,69,22,_Z24add_rms_norm_bias_customIfEvPhS0_S0_S0_S0_mmjff,_Z24add_rms_norm_bias_customIfEvPhS0_S0_S0_S0_mmjff,dynamic,AI_VECTOR_CORE,1791520731210715.850	,4.660,23.920000,16,0,NO,N/A,N/A,N/A,N/A,N/A,N/A,N/A
2,4294967295,70,22,_Z24add_rms_norm_bias_customIfEvPhS0_S0_S0_S0_mmjff,_Z24add_rms_norm_bias_customIfEvPhS0_S0_S0_S0_mmjff,dynamic,AI_VECTOR_CORE,1791520731210745.710	,3.600,25.340000,16,0,NO,N/A,N/A,N/A,N/A,N/A,N/A,N/A
2,4294967295,71,22,_Z24add_rms_norm_bias_customIfEvPhS0_S0_S0_S0_mmjff,_Z24add_rms_norm_bias_customIfEvPhS0_S0_S0_S0_mmjff,dynamic,AI_VECTOR_CORE,1791520731210773.330	,2.984,23.900000,16,0,NO,N/A,N/A,N/A,N/A,N/A,N/A,N/A
2,4294967295,72,22,_Z24add_rms_norm_bias_customIfEvPhS0_S0_S0_S0_mmjff,_Z24add_rms_norm_bias_customIfEvPhS0_S0_S0_S0_mmjff,dynamic,AI_VECTOR_CORE,1791520731210802.494	,2.900,26.266000,16,0,NO,N/A,N/A,N/A,N/A,N/A,N/A,N/A
2,4294967295,73,22,_Z24add_rms_norm_bias_customIfEvPhS0_S0_S0_S0_mmjff,_Z24add_rms_norm_bias_customIfEvPhS0_S0_S0_S0_mmjff,dynamic,AI_VECTOR_CORE,1791520731210830.454	,2.940,25.100000,16,0,NO,N/A,N/A,N/A,N/A,N/A,N/A,N/A
2,4294967295,74,22,_Z24add_rms_norm_bias_customIfEvPhS0_S0_S0_S0_mmjff,_Z24add_rms_norm_bias_customIfEvPhS0_S0_S0_S0_mmjff,dynamic,AI_VECTOR_CORE,1791520731210850.774	,5.800,17.310000,16,0,NO,N/A,N/A,N/A,N/A,N/A,N/A,N/A
2,4294967295,76,22,_Z24add_rms_norm_bias_customIfEvPhS0_S0_S0_S0_mmjff,_Z24add_rms_norm_bias_customIfEvPhS0_S0_S0_S0_mmjff,dynamic,AI_VECTOR_CORE,1791520731210950.894	,5.160,94.450000,16,0,NO,N/A,N/A,N/A,N/A,N/A,N/A,N/A
2,4294967295,79,22,_Z24add_rms_norm_bias_customIfEvPhS0_S0_S0_S0_mmjff,_Z24add_rms_norm_bias_customIfEvPhS0_S0_S0_S0_mmjff,dynamic,AI_VECTOR_CORE,1791520731211080.378	,6.040,124.340000,16,0,NO,N/A,N/A,N/A,N/A,N/A,N/A,N/A
2,4294967295,82,22,_Z24add_rms_norm_bias_customIfEvPhS0_S0_S0_S0_mmjff,_Z24add_rms_norm_bias_customIfEvPhS0_S0_S0_S0_mmjff,dynamic,AI_VECTOR_CORE,1791520731211180.362	,7.240,93.710000,16,0,NO,N/A,N/A,N/A,N/A,N/A,N/A,N/A
2,4294967295,85,22,_Z24add_rms_norm_bias_customIfEvPhS0_S0_S0_S0_mmjff,_Z24add_rms_norm_bias_customIfEvPhS0_S0_S0_S0_mmjff,dynamic,AI_VECTOR_CORE,1791520731211290.182	,5.600,102.760000,16,0,NO,N/A,N/A,N/A,N/A,N/A,N/A,N/A
2,4294967295,88,22,_Z24add_rms_norm_bias_customIfEvPhS0_S0_S0_S0_mmjff,_Z24add_rms_norm_bias_customIfEvPhS0_S0_S0_S0_mmjff,dynamic,AI_VECTOR_CORE,1791520731211375.786	,4.560,79.900000,16,0,NO,N/A,N/A,N/A,N/A,N/A,N/A,N/A
2,4294967295,91,22,_Z24add_rms_norm_bias_customIfEvPhS0_S0_S0_S0_mmjff,_Z24add_rms_norm_bias_customIfEvPhS0_S0_S0_S0_mmjff,dynamic,AI_VECTOR_CORE,1791520731211491.246	,5.180,110.940000,16,0,NO,N/A,N/A,N/A,N/A,N/A,N/A,N/A
2,4294967295,94,22,_Z24add_rms_norm_bias_customIfEvPhS0_S0_S0_S0_mmjff,_Z24add_rms_norm_bias_customIfEvPhS0_S0_S0_S0_mmjff,dynamic,AI_VECTOR_CORE,1791520731211589.230	,3.580,92.820000,16,0,NO,N/A,N/A,N/A,N/A,N/A,N/A,N/A
2,4294967295,97,22,_Z24add_rms_norm_bias_customIfEvPhS0_S0_S0_S0_mmjff,_Z24add_rms_norm_bias_customIfEvPhS0_S0_S0_S0_mmjff,dynamic,AI_VECTOR_CORE,1791520731211676.110	,4.760,83.170000,16,0,NO,N/A,N/A,N/A,N/A,N/A,N/A,N/A
2,4294967295,100,22,_Z24add_rms_norm_bias_customIfEvPhS0_S0_S0_S0_mmjff,_Z24add_rms_norm_bias_customIfEvPhS0_S0_S0_S0_mmjff,dynamic,AI_VECTOR_CORE,1791520731211794.634	,5.040,113.990000,16,0,NO,N/A,N/A,N/A,N/A,N/A,N/A,N/A
2,4294967295,103,22,_Z24add_rms_norm_bias_customIfEvPhS0_S0_S0_S0_mmjff,_Z24add_rms_norm_bias_customIfEvPhS0_S0_S0_S0_mmjff,dynamic,AI_VECTOR_CORE,1791520731211879.774	,4.600,79.960000,16,0,NO,N/A,N/A,N/A,N/A,N/A,N/A,N/A
2,4294967295,106,22,_Z24add_rms_norm_bias_customIfEvPhS0_S0_S0_S0_mmjff,_Z24add_rms_norm_bias_customIfEvPhS0_S0_S0_S0_mmjff,dynamic,AI_VECTOR_CORE,1791520731211997.398	,5.940,113.150000,16,0,NO,N/A,N/A,N/A,N/A,N/A,N/A,N/A
2,4294967295,109,22,_Z24add_rms_norm_bias_customIfEvPhS0_S0_S0_S0_mmjff,_Z24add_rms_norm_bias_customIfEvPhS0_S0_S0_S0_mmjff,dynamic,AI_VECTOR_CORE,1791520731212103.658	,4.180,100.310000,16,0,NO,N/A,N/A,N/A,N/A,N/A,N/A,N/A
2,4294967295,112,22,_Z24add_rms_norm_bias_customIfEvPhS0_S0_S0_S0_mmjff,_Z24add_rms_norm_bias_customIfEvPhS0_S0_S0_S0_mmjff,dynamic,AI_VECTOR_CORE,1791520731212203.822	,6.940,95.820000,16,0,NO,N/A,N/A,N/A,N/A,N/A,N/A,N/A
2,4294967295,115,22,_Z24add_rms_norm_bias_customIfEvPhS0_S0_S0_S0_mmjff,_Z24add_rms_norm_bias_customIfEvPhS0_S0_S0_S0_mmjff,dynamic,AI_VECTOR_CORE,1791520731212315.302	,6.720,104.560000,16,0,NO,N/A,N/A,N/A,N/A,N/A,N/A,N/A
2,4294967295,118,22,_Z24add_rms_norm_bias_customIfEvPhS0_S0_S0_S0_mmjff,_Z24add_rms_norm_bias_customIfEvPhS0_S0_S0_S0_mmjff,dynamic,AI_VECTOR_CORE,1791520731212397.206	,5.740,75.280000,16,0,NO,N/A,N/A,N/A,N/A,N/A,N/A,N/A
2,4294967295,121,22,_Z24add_rms_norm_bias_customIfEvPhS0_S0_S0_S0_mmjff,_Z24add_rms_norm_bias_customIfEvPhS0_S0_S0_S0_mmjff,dynamic,AI_VECTOR_CORE,1791520731212500.426	,3.380,97.510000,16,0,NO,N/A,N/A,N/A,N/A,N/A,N/A,N/A
2,4294967295,124,22,_Z24add_rms_norm_bias_customIfEvPhS0_S0_S0_S0_mmjff,_Z24add_rms_norm_bias_customIfEvPhS0_S0_S0_S0_mmjff,dynamic,AI_VECTOR_CORE,1791520731212601.370	,3.060,97.370000,16,0,NO,N/A,N/A,N/A,N/A,N/A,N/A,N/A
2,4294967295,127,22,_Z24add_rms_norm_bias_customIfEvPhS0_S0_S0_S0_mmjff,_Z24add_rms_norm_bias_customIfEvPhS0_S0_S0_S0_mmjff,dynamic,AI_VECTOR_CORE,1791520731212690.330	,4.640,85.940000,16,0,NO,N/A,N/A,N/A,N/A,N/A,N/A,N/A
2,4294967295,130,22,_Z24add_rms_norm_bias_customIfEvPhS0_S0_S0_S0_mmjff,_Z24add_rms_norm_bias_customIfEvPhS0_S0_S0_S0_mmjff,dynamic,AI_VECTOR_CORE,1791520731212772.430	,4.844,77.610000,16,0,NO,N/A,N/A,N/A,N/A,N/A,N/A,N/A
2,4294967295,133,22,_Z24add_rms_norm_bias_customIfEvPhS0_S0_S0_S0_mmjff,_Z24add_rms_norm_bias_customIfEvPhS0_S0_S0_S0_mmjff,dynamic,AI_VECTOR_CORE,1791520731212862.774	,3.540,85.406000,16,0,NO,N/A,N/A,N/A,N/A,N/A,N/A,N/A
2,4294967295,136,22,_Z24add_rms_norm_bias_customIfEvPhS0_S0_S0_S0_mmjff,_Z24add_rms_norm_bias_customIfEvPhS0_S0_S0_S0_mmjff,dynamic,AI_VECTOR_CORE,1791520731212971.154	,3.100,104.960000,16,0,NO,N/A,N/A,N/A,N/A,N/A,N/A,N/A
2,4294967295,139,22,_Z24add_rms_norm_bias_customIfEvPhS0_S0_S0_S0_mmjff,_Z24add_rms_norm_bias_customIfEvPhS0_S0_S0_S0_mmjff,dynamic,AI_VECTOR_CORE,1791520731213074.298	,4.620,99.900000,16,0,NO,N/A,N/A,N/A,N/A,N/A,N/A,N/A
2,4294967295,142,22,_Z24add_rms_norm_bias_customIfEvPhS0_S0_S0_S0_mmjff,_Z24add_rms_norm_bias_customIfEvPhS0_S0_S0_S0_mmjff,dynamic,AI_VECTOR_CORE,1791520731213169.318	,5.120,90.380000,16,0,NO,N/A,N/A,N/A,N/A,N/A,N/A,N/A
2,4294967295,145,22,_Z24add_rms_norm_bias_customIfEvPhS0_S0_S0_S0_mmjff,_Z24add_rms_norm_bias_customIfEvPhS0_S0_S0_S0_mmjff,dynamic,AI_VECTOR_CORE,1791520731213262.342	,4.720,87.880000,16,0,NO,N/A,N/A,N/A,N/A,N/A,N/A,N/A
2,4294967295,148,22,_Z24add_rms_norm_bias_customIfEvPhS0_S0_S0_S0_mmjff,_Z24add_rms_norm_bias_customIfEvPhS0_S0_S0_S0_mmjff,dynamic,AI_VECTOR_CORE,1791520731213346.602	,4.580,79.530000,16,0,NO,N/A,N/A,N/A,N/A,N/A,N/A,N/A
2,4294967295,151,22,_Z24add_rms_norm_bias_customIfEvPhS0_S0_S0_S0_mmjff,_Z24add_rms_norm_bias_customIfEvPhS0_S0_S0_S0_mmjff,dynamic,AI_VECTOR_CORE,1791520731213428.286	,3.660,77.170000,16,0,NO,N/A,N/A,N/A,N/A,N/A,N/A,N/A
2,4294967295,154,22,_Z24add_rms_norm_bias_customIfEvPhS0_S0_S0_S0_mmjff,_Z24add_rms_norm_bias_customIfEvPhS0_S0_S0_S0_mmjff,dynamic,AI_VECTOR_CORE,1791520731213538.926	,3.040,107.090000,16,0,NO,N/A,N/A,N/A,N/A,N/A,N/A,N/A
2,4294967295,157,22,_Z24add_rms_norm_bias_customIfEvPhS0_S0_S0_S0_mmjff,_Z24add_rms_norm_bias_customIfEvPhS0_S0_S0_S0_mmjff,dynamic,AI_VECTOR_CORE,1791520731213621.010	,3.040,78.960000,16,0,NO,N/A,N/A,N/A,N/A,N/A,N/A,N/A
2,4294967295,160,22,_Z24add_rms_norm_bias_customIfEvPhS0_S0_S0_S0_mmjff,_Z24add_rms_norm_bias_customIfEvPhS0_S0_S0_S0_mmjff,dynamic,AI_VECTOR_CORE,1791520731213737.210	,2.940,113.210000,16,0,NO,N/A,N/A,N/A,N/A,N/A,N/A,N/A
2,4294967295,163,22,_Z24add_rms_norm_bias_customIfEvPhS0_S0_S0_S0_mmjff,_Z24add_rms_norm_bias_customIfEvPhS0_S0_S0_S0_mmjff,dynamic,AI_VECTOR_CORE,1791520731213848.194	,2.980,108.060000,16,0,NO,N/A,N/A,N/A,N/A,N/A,N/A,N/A
2,4294967295,166,22,_Z24add_rms_norm_bias_customIfEvPhS0_S0_S0_S0_mmjff,_Z24add_rms_norm_bias_customIfEvPhS0_S0_S0_S0_mmjff,dynamic,AI_VECTOR_CORE,1791520731213937.594	,3.520,86.270000,16,0,NO,N/A,N/A,N/A,N/A,N/A,N/A,N/A
2,4294967295,169,22,_Z24add_rms_norm_bias_customIfEvPhS0_S0_S0_S0_mmjff,_Z24add_rms_norm_bias_customIfEvPhS0_S0_S0_S0_mmjff,dynamic,AI_VECTOR_CORE,1791520731214028.418	,4.700,87.480000,16,0,NO,N/A,N/A,N/A,N/A,N/A,N/A,N/A
2,4294967295,172,22,_Z24add_rms_norm_bias_customIfEvPhS0_S0_S0_S0_mmjff,_Z24add_rms_norm_bias_customIfEvPhS0_S0_S0_S0_mmjff,dynamic,AI_VECTOR_CORE,1791520731214124.678	,3.320,91.550000,16,0,NO,N/A,N/A,N/A,N/A,N/A,N/A,N/A
2,4294967295,175,22,_Z24add_rms_norm_bias_customIfEvPhS0_S0_S0_S0_mmjff,_Z24add_rms_norm_bias_customIfEvPhS0_S0_S0_S0_mmjff,dynamic,AI_VECTOR_CORE,1791520731214210.882	,3.120,82.930000,16,0,NO,N/A,N/A,N/A,N/A,N/A,N/A,N/A
2,4294967295,178,22,_Z24add_rms_norm_bias_customIfEvPhS0_S0_S0_S0_mmjff,_Z24add_rms_norm_bias_customIfEvPhS0_S0_S0_S0_mmjff,dynamic,AI_VECTOR_CORE,1791520731214302.302	,3.340,88.130000,16,0,NO,N/A,N/A,N/A,N/A,N/A,N/A,N/A
2,4294967295,181,22,_Z24add_rms_norm_bias_customIfEvPhS0_S0_S0_S0_mmjff,_Z24add_rms_norm_bias_customIfEvPhS0_S0_S0_S0_mmjff,dynamic,AI_VECTOR_CORE,1791520731214392.906	,5.000,87.410000,16,0,NO,N/A,N/A,N/A,N/A,N/A,N/A,N/A
2,4294967295,184,22,_Z24add_rms_norm_bias_customIfEvPhS0_S0_S0_S0_mmjff,_Z24add_rms_norm_bias_customIfEvPhS0_S0_S0_S0_mmjff,dynamic,AI_VECTOR_CORE,1791520731214474.026	,4.940,76.000000,16,0,NO,N/A,N/A,N/A,N/A,N/A,N/A,N/A
2,4294967295,187,22,_Z24add_rms_norm_bias_customIfEvPhS0_S0_S0_S0_mmjff,_Z24add_rms_norm_bias_customIfEvPhS0_S0_S0_S0_mmjff,dynamic,AI_VECTOR_CORE,1791520731214587.330	,3.660,108.310000,16,0,NO,N/A,N/A,N/A,N/A,N/A,N/A,N/A
2,4294967295,190,22,_Z24add_rms_norm_bias_customIfEvPhS0_S0_S0_S0_mmjff,_Z24add_rms_norm_bias_customIfEvPhS0_S0_S0_S0_mmjff,dynamic,AI_VECTOR_CORE,1791520731214677.770	,3.080,86.840000,16,0,NO,N/A,N/A,N/A,N/A,N/A,N/A,N/A
2,4294967295,193,22,_Z24add_rms_norm_bias_customIfEvPhS0_S0_S0_S0_mmjff,_Z24add_rms_norm_bias_customIfEvPhS0_S0_S0_S0_mmjff,dynamic,AI_VECTOR_CORE,1791520731214768.910	,3.040,88.170000,16,0,NO,N/A,N/A,N/A,N/A,N/A,N/A,N/A
2,4294967295,196,22,_Z24add_rms_norm_bias_customIfEvPhS0_S0_S0_S0_mmjff,_Z24add_rms_norm_bias_customIfEvPhS0_S0_S0_S0_mmjff,dynamic,AI_VECTOR_CORE,1791520731214864.794	,3.040,92.710000,16,0,NO,N/A,N/A,N/A,N/A,N/A,N/A,N/A
2,4294967295,199,22,_Z24add_rms_norm_bias_customIfEvPhS0_S0_S0_S0_mmjff,_Z24add_rms_norm_bias_customIfEvPhS0_S0_S0_S0_mmjff,dynamic,AI_VECTOR_CORE,1791520731214952.114	,4.740,84.210000,16,0,NO,N/A,N/A,N/A,N/A,N/A,N/A,N/A
2,4294967295,202,22,_Z24add_rms_norm_bias_customIfEvPhS0_S0_S0_S0_mmjff,_Z24add_rms_norm_bias_customIfEvPhS0_S0_S0_S0_mmjff,dynamic,AI_VECTOR_CORE,1791520731215054.318	,4.640,97.510000,16,0,NO,N/A,N/A,N/A,N/A,N/A,N/A,N/A
2,4294967295,205,22,_Z24add_rms_norm_bias_customIfEvPhS0_S0_S0_S0_mmjff,_Z24add_rms_norm_bias_customIfEvPhS0_S0_S0_S0_mmjff,dynamic,AI_VECTOR_CORE,1791520731215142.098	,4.680,83.110000,16,0,NO,N/A,N/A,N/A,N/A,N/A,N/A,N/A
2,4294967295,208,22,_Z24add_rms_norm_bias_customIfEvPhS0_S0_S0_S0_mmjff,_Z24add_rms_norm_bias_customIfEvPhS0_S0_S0_S0_mmjff,dynamic,AI_VECTOR_CORE,1791520731215240.182	,4.080,93.570000,16,0,NO,N/A,N/A,N/A,N/A,N/A,N/A,N/A
2,4294967295,211,22,_Z24add_rms_norm_bias_customIfEvPhS0_S0_S0_S0_mmjff,_Z24add_rms_norm_bias_customIfEvPhS0_S0_S0_S0_mmjff,dynamic,AI_VECTOR_CORE,1791520731215362.482	,4.700,118.170000,16,0,NO,N/A,N/A,N/A,N/A,N/A,N/A,N/A
2,4294967295,214,22,_Z24add_rms_norm_bias_customIfEvPhS0_S0_S0_S0_mmjff,_Z24add_rms_norm_bias_customIfEvPhS0_S0_S0_S0_mmjff,dynamic,AI_VECTOR_CORE,1791520731215460.086	,3.340,92.800000,16,0,NO,N/A,N/A,N/A,N/A,N/A,N/A,N/A
2,4294967295,217,22,_Z24add_rms_norm_bias_customIfEvPhS0_S0_S0_S0_mmjff,_Z24add_rms_norm_bias_customIfEvPhS0_S0_S0_S0_mmjff,dynamic,AI_VECTOR_CORE,1791520731215552.406	,2.980,89.160000,16,0,NO,N/A,N/A,N/A,N/A,N/A,N/A,N/A
2,4294967295,220,22,_Z24add_rms_norm_bias_customIfEvPhS0_S0_S0_S0_mmjff,_Z24add_rms_norm_bias_customIfEvPhS0_S0_S0_S0_mmjff,dynamic,AI_VECTOR_CORE,1791520731215646.750	,2.980,91.270000,16,0,NO,N/A,N/A,N/A,N/A,N/A,N/A,N/A
2,4294967295,223,22,_Z24add_rms_norm_bias_customIfEvPhS0_S0_S0_S0_mmjff,_Z24add_rms_norm_bias_customIfEvPhS0_S0_S0_S0_mmjff,dynamic,AI_VECTOR_CORE,1791520731215742.450	,2.980,92.770000,16,0,NO,N/A,N/A,N/A,N/A,N/A,N/A,N/A
2,4294967295,226,22,_Z24add_rms_norm_bias_customIfEvPhS0_S0_S0_S0_mmjff,_Z24add_rms_norm_bias_customIfEvPhS0_S0_S0_S0_mmjff,dynamic,AI_VECTOR_CORE,1791520731215840.554	,2.860,95.020000,16,0,NO,N/A,N/A,N/A,N/A,N/A,N/A,N/A
2,4294967295,229,22,_Z24add_rms_norm_bias_customIfEvPhS0_S0_S0_S0_mmjff,_Z24add_rms_norm_bias_customIfEvPhS0_S0_S0_S0_mmjff,dynamic,AI_VECTOR_CORE,1791520731215942.374	,3.080,98.890000,16,0,NO,N/A,N/A,N/A,N/A,N/A,N/A,N/A
2,4294967295,232,22,_Z24add_rms_norm_bias_customIfEvPhS0_S0_S0_S0_mmjff,_Z24add_rms_norm_bias_customIfEvPhS0_S0_S0_S0_mmjff,dynamic,AI_VECTOR_CORE,1791520731216038.998	,2.980,93.670000,16,0,NO,N/A,N/A,N/A,N/A,N/A,N/A,N/A
2,4294967295,235,22,_Z24add_rms_norm_bias_customIfEvPhS0_S0_S0_S0_mmjff,_Z24add_rms_norm_bias_customIfEvPhS0_S0_S0_S0_mmjff,dynamic,AI_VECTOR_CORE,1791520731216140.458	,3.280,98.520000,16,0,NO,N/A,N/A,N/A,N/A,N/A,N/A,N/A
2,4294967295,238,22,_Z24add_rms_norm_bias_customIfEvPhS0_S0_S0_S0_mmjff,_Z24add_rms_norm_bias_customIfEvPhS0_S0_S0_S0_mmjff,dynamic,AI_VECTOR_CORE,1791520731216253.822	,3.040,109.970000,16,0,NO,N/A,N/A,N/A,N/A,N/A,N/A,N/A
2,4294967295,241,22,_Z24add_rms_norm_bias_customIfEvPhS0_S0_S0_S0_mmjff,_Z24add_rms_norm_bias_customIfEvPhS0_S0_S0_S0_mmjff,dynamic,AI_VECTOR_CORE,1791520731216348.062	,5.100,91.210000,16,0,NO,N/A,N/A,N/A,N/A,N/A,N/A,N/A
2,4294967295,244,22,_Z24add_rms_norm_bias_customIfEvPhS0_S0_S0_S0_mmjff,_Z24add_rms_norm_bias_customIfEvPhS0_S0_S0_S0_mmjff,dynamic,AI_VECTOR_CORE,1791520731216432.266	,3.560,79.150000,16,0,NO,N/A,N/A,N/A,N/A,N/A,N/A,N/A
2,4294967295,247,22,_Z24add_rms_norm_bias_customIfEvPhS0_S0_S0_S0_mmjff,_Z24add_rms_norm_bias_customIfEvPhS0_S0_S0_S0_mmjff,dynamic,AI_VECTOR_CORE,1791520731216522.866	,4.080,86.940000,16,0,NO,N/A,N/A,N/A,N/A,N/A,N/A,N/A
2,4294967295,250,22,_Z24add_rms_norm_bias_customIfEvPhS0_S0_S0_S0_mmjff,_Z24add_rms_norm_bias_customIfEvPhS0_S0_S0_S0_mmjff,dynamic,AI_VECTOR_CORE,1791520731216620.250	,3.960,93.420000,16,0,NO,N/A,N/A,N/A,N/A,N/A,N/A,N/A
2,4294967295,253,22,_Z24add_rms_norm_bias_customIfEvPhS0_S0_S0_S0_mmjff,_Z24add_rms_norm_bias_customIfEvPhS0_S0_S0_S0_mmjff,dynamic,AI_VECTOR_CORE,1791520731216715.250	,4.500,91.040000,16,0,NO,N/A,N/A,N/A,N/A,N/A,N/A,N/A
2,4294967295,256,22,_Z24add_rms_norm_bias_customIfEvPhS0_S0_S0_S0_mmjff,_Z24add_rms_norm_bias_customIfEvPhS0_S0_S0_S0_mmjff,dynamic,AI_VECTOR_CORE,1791520731216809.814	,5.260,90.000000,16,0,NO,N/A,N/A,N/A,N/A,N/A,N/A,N/A
2,4294967295,259,22,_Z24add_rms_norm_bias_customIfEvPhS0_S0_S0_S0_mmjff,_Z24add_rms_norm_bias_customIfEvPhS0_S0_S0_S0_mmjff,dynamic,AI_VECTOR_CORE,1791520731216916.574	,10.440,101.490000,16,0,NO,N/A,N/A,N/A,N/A,N/A,N/A,N/A
2,4294967295,262,22,_Z24add_rms_norm_bias_customIfEvPhS0_S0_S0_S0_mmjff,_Z24add_rms_norm_bias_customIfEvPhS0_S0_S0_S0_mmjff,dynamic,AI_VECTOR_CORE,1791520731217030.458	,4.700,103.560000,16,0,NO,N/A,N/A,N/A,N/A,N/A,N/A,N/A
2,4294967295,265,22,_Z24add_rms_norm_bias_customIfEvPhS0_S0_S0_S0_mmjff,_Z24add_rms_norm_bias_customIfEvPhS0_S0_S0_S0_mmjff,dynamic,AI_VECTOR_CORE,1791520731217113.838	,4.020,78.550000,16,0,NO,N/A,N/A,N/A,N/A,N/A,N/A,N/A
2,4294967295,268,22,_Z24add_rms_norm_bias_customIfEvPhS0_S0_S0_S0_mmjff,_Z24add_rms_norm_bias_customIfEvPhS0_S0_S0_S0_mmjff,dynamic,AI_VECTOR_CORE,1791520731217212.262	,3.120,94.480000,16,0,NO,N/A,N/A,N/A,N/A,N/A,N/A,N/A
2,4294967295,271,22,_Z24add_rms_norm_bias_customIfEvPhS0_S0_S0_S0_mmjff,_Z24add_rms_norm_bias_customIfEvPhS0_S0_S0_S0_mmjff,dynamic,AI_VECTOR_CORE,1791520731217316.102	,4.820,100.630000,16,0,NO,N/A,N/A,N/A,N/A,N/A,N/A,N/A
2,4294967295,274,22,_Z24add_rms_norm_bias_customIfEvPhS0_S0_S0_S0_mmjff,_Z24add_rms_norm_bias_customIfEvPhS0_S0_S0_S0_mmjff,dynamic,AI_VECTOR_CORE,1791520731217402.506	,4.620,81.680000,16,0,NO,N/A,N/A,N/A,N/A,N/A,N/A,N/A
2,4294967295,277,22,_Z24add_rms_norm_bias_customIfEvPhS0_S0_S0_S0_mmjff,_Z24add_rms_norm_bias_customIfEvPhS0_S0_S0_S0_mmjff,dynamic,AI_VECTOR_CORE,1791520731217481.986	,3.560,74.880000,16,0,NO,N/A,N/A,N/A,N/A,N/A,N/A,N/A
2,4294967295,280,22,_Z24add_rms_norm_bias_customIfEvPhS0_S0_S0_S0_mmjff,_Z24add_rms_norm_bias_customIfEvPhS0_S0_S0_S0_mmjff,dynamic,AI_VECTOR_CORE,1791520731217581.106	,3.040,95.440000,16,0,NO,N/A,N/A,N/A,N/A,N/A,N/A,N/A
2,4294967295,283,22,_Z24add_rms_norm_bias_customIfEvPhS0_S0_S0_S0_mmjff,_Z24add_rms_norm_bias_customIfEvPhS0_S0_S0_S0_mmjff,dynamic,AI_VECTOR_CORE,1791520731217681.410	,4.640,97.460000,16,0,NO,N/A,N/A,N/A,N/A,N/A,N/A,N/A
2,4294967295,286,22,_Z24add_rms_norm_bias_customIfEvPhS0_S0_S0_S0_mmjff,_Z24add_rms_norm_bias_customIfEvPhS0_S0_S0_S0_mmjff,dynamic,AI_VECTOR_CORE,1791520731217773.490	,4.820,87.360000,16,0,NO,N/A,N/A,N/A,N/A,N/A,N/A,N/A
2,4294967295,289,22,_Z24add_rms_norm_bias_customIfEvPhS0_S0_S0_S0_mmjff,_Z24add_rms_norm_bias_customIfEvPhS0_S0_S0_S0_mmjff,dynamic,AI_VECTOR_CORE,1791520731217878.694	,4.560,100.430000,16,0,NO,N/A,N/A,N/A,N/A,N/A,N/A,N/A
2,4294967295,292,22,_Z24add_rms_norm_bias_customIfEvPhS0_S0_S0_S0_mmjff,_Z24add_rms_norm_bias_customIfEvPhS0_S0_S0_S0_mmjff,dynamic,AI_VECTOR_CORE,1791520731217982.418	,4.096,99.190000,16,0,NO,N/A,N/A,N/A,N/A,N/A,N/A,N/A
2,4294967295,295,22,_Z24add_rms_norm_bias_customIfEvPhS0_S0_S0_S0_mmjff,_Z24add_rms_norm_bias_customIfEvPhS0_S0_S0_S0_mmjff,dynamic,AI_VECTOR_CORE,1791520731218065.298	,3.600,78.654000,16,0,NO,N/A,N/A,N/A,N/A,N/A,N/A,N/A
2,4294967295,298,22,_Z24add_rms_norm_bias_customIfEvPhS0_S0_S0_S0_mmjff,_Z24add_rms_norm_bias_customIfEvPhS0_S0_S0_S0_mmjff,dynamic,AI_VECTOR_CORE,1791520731218182.402	,4.960,113.650000,16,0,NO,N/A,N/A,N/A,N/A,N/A,N/A,N/A
2,4294967295,301,22,_Z24add_rms_norm_bias_customIfEvPhS0_S0_S0_S0_mmjff,_Z24add_rms_norm_bias_customIfEvPhS0_S0_S0_S0_mmjff,dynamic,AI_VECTOR_CORE,1791520731218273.242	,2.920,85.790000,16,0,NO,N/A,N/A,N/A,N/A,N/A,N/A,N/A
2,4294967295,304,22,_Z24add_rms_norm_bias_customIfEvPhS0_S0_S0_S0_mmjff,_Z24add_rms_norm_bias_customIfEvPhS0_S0_S0_S0_mmjff,dynamic,AI_VECTOR_CORE,1791520731218368.982	,3.500,92.830000,16,0,NO,N/A,N/A,N/A,N/A,N/A,N/A,N/A
2,4294967295,307,22,_Z24add_rms_norm_bias_customIfEvPhS0_S0_S0_S0_mmjff,_Z24add_rms_norm_bias_customIfEvPhS0_S0_S0_S0_mmjff,dynamic,AI_VECTOR_CORE,1791520731218468.706	,3.600,96.250000,16,0,NO,N/A,N/A,N/A,N/A,N/A,N/A,N/A
2,4294967295,310,22,_Z24add_rms_norm_bias_customIfEvPhS0_S0_S0_S0_mmjff,_Z24add_rms_norm_bias_customIfEvPhS0_S0_S0_S0_mmjff,dynamic,AI_VECTOR_CORE,1791520731218565.606	,2.940,93.150000,16,0,NO,N/A,N/A,N/A,N/A,N/A,N/A,N/A
2,4294967295,313,22,_Z24add_rms_norm_bias_customIfEvPhS0_S0_S0_S0_mmjff,_Z24add_rms_norm_bias_customIfEvPhS0_S0_S0_S0_mmjff,dynamic,AI_VECTOR_CORE,1791520731218660.010	,2.960,91.560000,16,0,NO,N/A,N/A,N/A,N/A,N/A,N/A,N/A
2,4294967295,316,22,_Z24add_rms_norm_bias_customIfEvPhS0_S0_S0_S0_mmjff,_Z24add_rms_norm_bias_customIfEvPhS0_S0_S0_S0_mmjff,dynamic,AI_VECTOR_CORE,1791520731218760.470	,2.920,97.540000,16,0,NO,N/A,N/A,N/A,N/A,N/A,N/A,N/A
2,4294967295,319,22,_Z24add_rms_norm_bias_customIfEvPhS0_S0_S0_S0_mmjff,_Z24add_rms_norm_bias_customIfEvPhS0_S0_S0_S0_mmjff,dynamic,AI_VECTOR_CORE,1791520731218852.254	,2.980,88.830000,16,0,NO,N/A,N/A,N/A,N/A,N/A,N/A,N/A
2,4294967295,322,22,_Z24add_rms_norm_bias_customIfEvPhS0_S0_S0_S0_mmjff,_Z24add_rms_norm_bias_customIfEvPhS0_S0_S0_S0_mmjff,dynamic,AI_VECTOR_CORE,1791520731218943.774	,3.080,88.520000,16,0,NO,N/A,N/A,N/A,N/A,N/A,N/A,N/A
2,4294967295,325,22,_Z24add_rms_norm_bias_customIfEvPhS0_S0_S0_S0_mmjff,_Z24add_rms_norm_bias_customIfEvPhS0_S0_S0_S0_mmjff,dynamic,AI_VECTOR_CORE,1791520731219029.458	,3.480,82.670000,16,0,NO,N/A,N/A,N/A,N/A,N/A,N/A,N/A
2,4294967295,328,22,_Z24add_rms_norm_bias_customIfEvPhS0_S0_S0_S0_mmjff,_Z24add_rms_norm_bias_customIfEvPhS0_S0_S0_S0_mmjff,dynamic,AI_VECTOR_CORE,1791520731219136.858	,3.840,103.770000,16,0,NO,N/A,N/A,N/A,N/A,N/A,N/A,N/A
2,4294967295,331,22,_Z24add_rms_norm_bias_customIfEvPhS0_S0_S0_S0_mmjff,_Z24add_rms_norm_bias_customIfEvPhS0_S0_S0_S0_mmjff,dynamic,AI_VECTOR_CORE,1791520731219264.682	,2.920,124.160000,16,0,NO,N/A,N/A,N/A,N/A,N/A,N/A,N/A
2,4294967295,334,22,_Z24add_rms_norm_bias_customIfEvPhS0_S0_S0_S0_mmjff,_Z24add_rms_norm_bias_customIfEvPhS0_S0_S0_S0_mmjff,dynamic,AI_VECTOR_CORE,1791520731219356.522	,2.880,88.830000,16,0,NO,N/A,N/A,N/A,N/A,N/A,N/A,N/A
2,4294967295,337,22,_Z24add_rms_norm_bias_customIfEvPhS0_S0_S0_S0_mmjff,_Z24add_rms_norm_bias_customIfEvPhS0_S0_S0_S0_mmjff,dynamic,AI_VECTOR_CORE,1791520731219441.766	,4.960,82.370000,16,0,NO,N/A,N/A,N/A,N/A,N/A,N/A,N/A
2,4294967295,340,22,_Z24add_rms_norm_bias_customIfEvPhS0_S0_S0_S0_mmjff,_Z24add_rms_norm_bias_customIfEvPhS0_S0_S0_S0_mmjff,dynamic,AI_VECTOR_CORE,1791520731219544.226	,4.640,97.540000,16,0,NO,N/A,N/A,N/A,N/A,N/A,N/A,N/A
2,4294967295,343,22,_Z24add_rms_norm_bias_customIfEvPhS0_S0_S0_S0_mmjff,_Z24add_rms_norm_bias_customIfEvPhS0_S0_S0_S0_mmjff,dynamic,AI_VECTOR_CORE,1791520731219644.910	,3.660,96.110000,16,0,NO,N/A,N/A,N/A,N/A,N/A,N/A,N/A
2,4294967295,346,22,_Z24add_rms_norm_bias_customIfEvPhS0_S0_S0_S0_mmjff,_Z24add_rms_norm_bias_customIfEvPhS0_S0_S0_S0_mmjff,dynamic,AI_VECTOR_CORE,1791520731219779.010	,3.020,130.340000,16,0,NO,N/A,N/A,N/A,N/A,N/A,N/A,N/A
2,4294967295,349,22,_Z24add_rms_norm_bias_customIfEvPhS0_S0_S0_S0_mmjff,_Z24add_rms_norm_bias_customIfEvPhS0_S0_S0_S0_mmjff,dynamic,AI_VECTOR_CORE,1791520731219872.094	,2.840,89.980000,16,0,NO,N/A,N/A,N/A,N/A,N/A,N/A,N/A
2,4294967295,352,22,_Z24add_rms_norm_bias_customIfEvPhS0_S0_S0_S0_mmjff,_Z24add_rms_norm_bias_customIfEvPhS0_S0_S0_S0_mmjff,dynamic,AI_VECTOR_CORE,1791520731219962.354	,2.960,87.410000,16,0,NO,N/A,N/A,N/A,N/A,N/A,N/A,N/A
2,4294967295,355,22,_Z24add_rms_norm_bias_customIfEvPhS0_S0_S0_S0_mmjff,_Z24add_rms_norm_bias_customIfEvPhS0_S0_S0_S0_mmjff,dynamic,AI_VECTOR_CORE,1791520731220088.638	,2.940,123.540000,16,0,NO,N/A,N/A,N/A,N/A,N/A,N/A,N/A
2,4294967295,358,22,_Z24add_rms_norm_bias_customIfEvPhS0_S0_S0_S0_mmjff,_Z24add_rms_norm_bias_customIfEvPhS0_S0_S0_S0_mmjff,dynamic,AI_VECTOR_CORE,1791520731220174.798	,2.880,83.060000,16,0,NO,N/A,N/A,N/A,N/A,N/A,N/A,N/A
2,4294967295,361,22,_Z24add_rms_norm_bias_customIfEvPhS0_S0_S0_S0_mmjff,_Z24add_rms_norm_bias_customIfEvPhS0_S0_S0_S0_mmjff,dynamic,AI_VECTOR_CORE,1791520731220271.682	,2.980,94.120000,16,0,NO,N/A,N/A,N/A,N/A,N/A,N/A,N/A
2,4294967295,364,22,_Z24add_rms_norm_bias_customIfEvPhS0_S0_S0_S0_mmjff,_Z24add_rms_norm_bias_customIfEvPhS0_S0_S0_S0_mmjff,dynamic,AI_VECTOR_CORE,1791520731220367.822	,3.040,93.020000,16,0,NO,N/A,N/A,N/A,N/A,N/A,N/A,N/A
2,4294967295,367,22,_Z24add_rms_norm_bias_customIfEvPhS0_S0_S0_S0_mmjff,_Z24add_rms_norm_bias_customIfEvPhS0_S0_S0_S0_mmjff,dynamic,AI_VECTOR_CORE,1791520731220504.906	,3.580,134.210000,16,0,NO,N/A,N/A,N/A,N/A,N/A,N/A,N/A
2,4294967295,370,22,_Z24add_rms_norm_bias_customIfEvPhS0_S0_S0_S0_mmjff,_Z24add_rms_norm_bias_customIfEvPhS0_S0_S0_S0_mmjff,dynamic,AI_VECTOR_CORE,1791520731220599.410	,3.460,90.920000,16,0,NO,N/A,N/A,N/A,N/A,N/A,N/A,N/A
2,4294967295,373,22,_Z24add_rms_norm_bias_customIfEvPhS0_S0_S0_S0_mmjff,_Z24add_rms_norm_bias_customIfEvPhS0_S0_S0_S0_mmjff,dynamic,AI_VECTOR_CORE,1791520731220693.170	,2.960,90.290000,16,0,NO,N/A,N/A,N/A,N/A,N/A,N/A,N/A
2,4294967295,376,22,_Z24add_rms_norm_bias_customIfEvPhS0_S0_S0_S0_mmjff,_Z24add_rms_norm_bias_customIfEvPhS0_S0_S0_S0_mmjff,dynamic,AI_VECTOR_CORE,1791520731220781.210	,2.864,85.040000,16,0,NO,N/A,N/A,N/A,N/A,N/A,N/A,N/A
2,4294967295,379,22,_Z24add_rms_norm_bias_customIfEvPhS0_S0_S0_S0_mmjff,_Z24add_rms_norm_bias_customIfEvPhS0_S0_S0_S0_mmjff,dynamic,AI_VECTOR_CORE,1791520731220890.994	,3.060,106.886000,16,0,NO,N/A,N/A,N/A,N/A,N/A,N/A,N/A
2,4294967295,382,22,_Z24add_rms_norm_bias_customIfEvPhS0_S0_S0_S0_mmjff,_Z24add_rms_norm_bias_customIfEvPhS0_S0_S0_S0_mmjff,dynamic,AI_VECTOR_CORE,1791520731220986.338	,3.480,92.190000,16,0,NO,N/A,N/A,N/A,N/A,N/A,N/A,N/A
2,4294967295,385,22,_Z24add_rms_norm_bias_customIfEvPhS0_S0_S0_S0_mmjff,_Z24add_rms_norm_bias_customIfEvPhS0_S0_S0_S0_mmjff,dynamic,AI_VECTOR_CORE,1791520731221078.838	,2.880,89.020000,16,0,NO,N/A,N/A,N/A,N/A,N/A,N/A,N/A
2,4294967295,388,22,_Z24add_rms_norm_bias_customIfEvPhS0_S0_S0_S0_mmjff,_Z24add_rms_norm_bias_customIfEvPhS0_S0_S0_S0_mmjff,dynamic,AI_VECTOR_CORE,1791520731221172.798	,4.920,91.120000,16,0,NO,N/A,N/A,N/A,N/A,N/A,N/A,N/A
2,4294967295,391,22,_Z24add_rms_norm_bias_customIfEvPhS0_S0_S0_S0_mmjff,_Z24add_rms_norm_bias_customIfEvPhS0_S0_S0_S0_mmjff,dynamic,AI_VECTOR_CORE,1791520731221278.082	,4.700,100.330000,16,0,NO,N/A,N/A,N/A,N/A,N/A,N/A,N/A
2,4294967295,394,22,_Z24add_rms_norm_bias_customIfEvPhS0_S0_S0_S0_mmjff,_Z24add_rms_norm_bias_customIfEvPhS0_S0_S0_S0_mmjff,dynamic,AI_VECTOR_CORE,1791520731221383.022	,2.980,100.300000,16,0,NO,N/A,N/A,N/A,N/A,N/A,N/A,N/A
2,4294967295,397,22,_Z24add_rms_norm_bias_customIfEvPhS0_S0_S0_S0_mmjff,_Z24add_rms_norm_bias_customIfEvPhS0_S0_S0_S0_mmjff,dynamic,AI_VECTOR_CORE,1791520731221466.466	,2.880,80.520000,16,0,NO,N/A,N/A,N/A,N/A,N/A,N/A,N/A
2,4294967295,400,22,_Z24add_rms_norm_bias_customIfEvPhS0_S0_S0_S0_mmjff,_Z24add_rms_norm_bias_customIfEvPhS0_S0_S0_S0_mmjff,dynamic,AI_VECTOR_CORE,1791520731221551.446	,4.960,82.120000,16,0,NO,N/A,N/A,N/A,N/A,N/A,N/A,N/A
2,4294967295,403,22,_Z24add_rms_norm_bias_customIfEvPhS0_S0_S0_S0_mmjff,_Z24add_rms_norm_bias_customIfEvPhS0_S0_S0_S0_mmjff,dynamic,AI_VECTOR_CORE,1791520731221669.950	,4.640,113.540000,16,0,NO,N/A,N/A,N/A,N/A,N/A,N/A,N/A
2,4294967295,406,22,_Z24add_rms_norm_bias_customIfEvPhS0_S0_S0_S0_mmjff,_Z24add_rms_norm_bias_customIfEvPhS0_S0_S0_S0_mmjff,dynamic,AI_VECTOR_CORE,1791520731221757.050	,2.940,82.360000,16,0,NO,N/A,N/A,N/A,N/A,N/A,N/A,N/A
2,4294967295,409,22,_Z24add_rms_norm_bias_customIfEvPhS0_S0_S0_S0_mmjff,_Z24add_rms_norm_bias_customIfEvPhS0_S0_S0_S0_mmjff,dynamic,AI_VECTOR_CORE,1791520731221840.914	,3.760,81.060000,16,0,NO,N/A,N/A,N/A,N/A,N/A,N/A,N/A
2,4294967295,412,22,_Z24add_rms_norm_bias_customIfEvPhS0_S0_S0_S0_mmjff,_Z24add_rms_norm_bias_customIfEvPhS0_S0_S0_S0_mmjff,dynamic,AI_VECTOR_CORE,1791520731221948.894	,3.560,104.240000,16,0,NO,N/A,N/A,N/A,N/A,N/A,N/A,N/A
2,4294967295,415,22,_Z24add_rms_norm_bias_customIfEvPhS0_S0_S0_S0_mmjff,_Z24add_rms_norm_bias_customIfEvPhS0_S0_S0_S0_mmjff,dynamic,AI_VECTOR_CORE,1791520731222025.738	,3.000,73.190000,16,0,NO,N/A,N/A,N/A,N/A,N/A,N/A,N/A
2,4294967295,418,22,_Z24add_rms_norm_bias_customIfEvPhS0_S0_S0_S0_mmjff,_Z24add_rms_norm_bias_customIfEvPhS0_S0_S0_S0_mmjff,dynamic,AI_VECTOR_CORE,1791520731222129.818	,3.760,101.000000,16,0,NO,N/A,N/A,N/A,N/A,N/A,N/A,N/A
2,4294967295,421,22,_Z24add_rms_norm_bias_customIfEvPhS0_S0_S0_S0_mmjff,_Z24add_rms_norm_bias_customIfEvPhS0_S0_S0_S0_mmjff,dynamic,AI_VECTOR_CORE,1791520731222217.802	,5.060,84.240000,16,0,NO,N/A,N/A,N/A,N/A,N/A,N/A,N/A
2,4294967295,424,22,_Z24add_rms_norm_bias_customIfEvPhS0_S0_S0_S0_mmjff,_Z24add_rms_norm_bias_customIfEvPhS0_S0_S0_S0_mmjff,dynamic,AI_VECTOR_CORE,1791520731222309.762	,2.900,86.940000,16,0,NO,N/A,N/A,N/A,N/A,N/A,N/A,N/A
2,4294967295,427,22,_Z24add_rms_norm_bias_customIfEvPhS0_S0_S0_S0_mmjff,_Z24add_rms_norm_bias_customIfEvPhS0_S0_S0_S0_mmjff,dynamic,AI_VECTOR_CORE,1791520731222430.126	,3.860,117.600000,16,0,NO,N/A,N/A,N/A,N/A,N/A,N/A,N/A
2,4294967295,430,22,_Z24add_rms_norm_bias_customIfEvPhS0_S0_S0_S0_mmjff,_Z24add_rms_norm_bias_customIfEvPhS0_S0_S0_S0_mmjff,dynamic,AI_VECTOR_CORE,1791520731222517.946	,2.840,83.890000,16,0,NO,N/A,N/A,N/A,N/A,N/A,N/A,N/A
2,4294967295,433,22,_Z24add_rms_norm_bias_customIfEvPhS0_S0_S0_S0_mmjff,_Z24add_rms_norm_bias_customIfEvPhS0_S0_S0_S0_mmjff,dynamic,AI_VECTOR_CORE,1791520731222606.730	,3.800,85.910000,16,0,NO,N/A,N/A,N/A,N/A,N/A,N/A,N/A
2,4294967295,436,22,_Z24add_rms_norm_bias_customIfEvPhS0_S0_S0_S0_mmjff,_Z24add_rms_norm_bias_customIfEvPhS0_S0_S0_S0_mmjff,dynamic,AI_VECTOR_CORE,1791520731222700.550	,2.940,89.950000,16,0,NO,N/A,N/A,N/A,N/A,N/A,N/A,N/A
2,4294967295,439,22,_Z24add_rms_norm_bias_customIfEvPhS0_S0_S0_S0_mmjff,_Z24add_rms_norm_bias_customIfEvPhS0_S0_S0_S0_mmjff,dynamic,AI_VECTOR_CORE,1791520731222772.350	,3.620,68.810000,16,0,NO,N/A,N/A,N/A,N/A,N/A,N/A,N/A
2,4294967295,442,22,_Z24add_rms_norm_bias_customIfEvPhS0_S0_S0_S0_mmjff,_Z24add_rms_norm_bias_customIfEvPhS0_S0_S0_S0_mmjff,dynamic,AI_VECTOR_CORE,1791520731222908.154	,3.560,132.380000,16,0,NO,N/A,N/A,N/A,N/A,N/A,N/A,N/A
2,4294967295,445,22,_Z24add_rms_norm_bias_customIfEvPhS0_S0_S0_S0_mmjff,_Z24add_rms_norm_bias_customIfEvPhS0_S0_S0_S0_mmjff,dynamic,AI_VECTOR_CORE,1791520731223002.098	,3.100,90.190000,16,0,NO,N/A,N/A,N/A,N/A,N/A,N/A,N/A
2,4294967295,447,22,_Z24add_rms_norm_bias_customIfEvPhS0_S0_S0_S0_mmjff,_Z24add_rms_norm_bias_customIfEvPhS0_S0_S0_S0_mmjff,dynamic,AI_VECTOR_CORE,1791520731230447.986	,5.180,7442.900000,16,0,NO,N/A,N/A,N/A,N/A,N/A,N/A,N/A
2,4294967295,448,22,_Z24add_rms_norm_bias_customIfEvPhS0_S0_S0_S0_mmjff,_Z24add_rms_norm_bias_customIfEvPhS0_S0_S0_S0_mmjff,dynamic,AI_VECTOR_CORE,1791520731230535.606	,5.200,82.320000,16,0,NO,N/A,N/A,N/A,N/A,N/A,N/A,N/A
2,4294967295,449,22,_Z24add_rms_norm_bias_customIfEvPhS0_S0_S0_S0_mmjff,_Z24add_rms_norm_bias_customIfEvPhS0_S0_S0_S0_mmjff,dynamic,AI_VECTOR_CORE,1791520731230584.046	,5.160,43.300000,16,0,NO,N/A,N/A,N/A,N/A,N/A,N/A,N/A
2,4294967295,451,22,_Z24add_rms_norm_bias_customIfEvPhS0_S0_S0_S0_mmjff,_Z24add_rms_norm_bias_customIfEvPhS0_S0_S0_S0_mmjff,dynamic,AI_VECTOR_CORE,1791520731230742.130	,5.000,153.090000,16,0,NO,N/A,N/A,N/A,N/A,N/A,N/A,N/A
2,4294967295,452,22,_Z24add_rms_norm_bias_customIfEvPhS0_S0_S0_S0_mmjff,_Z24add_rms_norm_bias_customIfEvPhS0_S0_S0_S0_mmjff,dynamic,AI_VECTOR_CORE,1791520731230795.154	,5.020,48.000000,16,0,NO,N/A,N/A,N/A,N/A,N/A,N/A,N/A
2,4294967295,453,22,_Z24add_rms_norm_bias_customIfEvPhS0_S0_S0_S0_mmjff,_Z24add_rms_norm_bias_customIfEvPhS0_S0_S0_S0_mmjff,dynamic,AI_VECTOR_CORE,1791520731230827.434	,3.580,27.230000,16,0,NO,N/A,N/A,N/A,N/A,N/A,N/A,N/A
2,4294967295,454,22,_Z24add_rms_norm_bias_customIfEvPhS0_S0_S0_S0_mmjff,_Z24add_rms_norm_bias_customIfEvPhS0_S0_S0_S0_mmjff,dynamic,AI_VECTOR_CORE,1791520731230872.294	,3.680,41.170000,16,0,NO,N/A,N/A,N/A,N/A,N/A,N/A,N/A
2,4294967295,455,22,_Z24add_rms_norm_bias_customIfEvPhS0_S0_S0_S0_mmjff,_Z24add_rms_norm_bias_customIfEvPhS0_S0_S0_S0_mmjff,dynamic,AI_VECTOR_CORE,1791520731230903.514	,5.180,27.570000,16,0,NO,N/A,N/A,N/A,N/A,N/A,N/A,N/A
2,4294967295,457,22,_Z24add_rms_norm_bias_customIfEvPhS0_S0_S0_S0_mmjff,_Z24add_rms_norm_bias_customIfEvPhS0_S0_S0_S0_mmjff,dynamic,AI_VECTOR_CORE,1791520731230990.434	,3.744,81.820000,16,0,NO,N/A,N/A,N/A,N/A,N/A,N/A,N/A
2,4294967295,458,22,_Z24add_rms_norm_bias_customIfEvPhS0_S0_S0_S0_mmjff,_Z24add_rms_norm_bias_customIfEvPhS0_S0_S0_S0_mmjff,dynamic,AI_VECTOR_CORE,1791520731231028.758	,3.020,34.506000,16,0,NO,N/A,N/A,N/A,N/A,N/A,N/A,N/A
2,4294967295,460,22,_Z24add_rms_norm_bias_customIfEvPhS0_S0_S0_S0_mmjff,_Z24add_rms_norm_bias_customIfEvPhS0_S0_S0_S0_mmjff,dynamic,AI_VECTOR_CORE,1791520731231115.778	,3.020,83.980000,16,0,NO,N/A,N/A,N/A,N/A,N/A,N/A,N/A
2,4294967295,461,22,_Z24add_rms_norm_bias_customIfEvPhS0_S0_S0_S0_mmjff,_Z24add_rms_norm_bias_customIfEvPhS0_S0_S0_S0_mmjff,dynamic,AI_VECTOR_CORE,1791520731231148.498	,2.920,29.730000,16,0,NO,N/A,N/A,N/A,N/A,N/A,N/A,N/A
2,4294967295,462,22,_Z24add_rms_norm_bias_customIfEvPhS0_S0_S0_S0_mmjff,_Z24add_rms_norm_bias_customIfEvPhS0_S0_S0_S0_mmjff,dynamic,AI_VECTOR_CORE,1791520731231180.078	,2.980,28.580000,16,0,NO,N/A,N/A,N/A,N/A,N/A,N/A,N/A
2,4294967295,463,22,_Z24add_rms_norm_bias_customIfEvPhS0_S0_S0_S0_mmjff,_Z24add_rms_norm_bias_customIfEvPhS0_S0_S0_S0_mmjff,dynamic,AI_VECTOR_CORE,1791520731231215.082	,2.980,32.020000,16,0,NO,N/A,N/A,N/A,N/A,N/A,N/A,N/A
2,4294967295,465,22,_Z24add_rms_norm_bias_customIfEvPhS0_S0_S0_S0_mmjff,_Z24add_rms_norm_bias_customIfEvPhS0_S0_S0_S0_mmjff,dynamic,AI_VECTOR_CORE,1791520731231305.282	,2.920,87.270000,16,0,NO,N/A,N/A,N/A,N/A,N/A,N/A,N/A
2,4294967295,466,22,_Z24add_rms_norm_bias_customIfEvPhS0_S0_S0_S0_mmjff,_Z24add_rms_norm_bias_customIfEvPhS0_S0_S0_S0_mmjff,dynamic,AI_VECTOR_CORE,1791520731231337.842	,3.420,29.580000,16,0,NO,N/A,N/A,N/A,N/A,N/A,N/A,N/A
2,4294967295,467,22,_Z24add_rms_norm_bias_customIfEvPhS0_S0_S0_S0_mmjff,_Z24add_rms_norm_bias_customIfEvPhS0_S0_S0_S0_mmjff,dynamic,AI_VECTOR_CORE,1791520731231357.782	,2.860,16.580000,16,0,NO,N/A,N/A,N/A,N/A,N/A,N/A,N/A
2,4294967295,468,22,_Z24add_rms_norm_bias_customIfEvPhS0_S0_S0_S0_mmjff,_Z24add_rms_norm_bias_customIfEvPhS0_S0_S0_S0_mmjff,dynamic,AI_VECTOR_CORE,1791520731231386.982	,2.980,26.390000,16,0,NO,N/A,N/A,N/A,N/A,N/A,N/A,N/A
2,4294967295,469,22,_Z24add_rms_norm_bias_customIfEvPhS0_S0_S0_S0_mmjff,_Z24add_rms_norm_bias_customIfEvPhS0_S0_S0_S0_mmjff,dynamic,AI_VECTOR_CORE,1791520731231406.126	,3.100,16.270000,16,0,NO,N/A,N/A,N/A,N/A,N/A,N/A,N/A
2,4294967295,470,22,_Z24add_rms_norm_bias_customIfEvPhS0_S0_S0_S0_mmjff,_Z24add_rms_norm_bias_customIfEvPhS0_S0_S0_S0_mmjff,dynamic,AI_VECTOR_CORE,1791520731231453.806	,2.960,44.400000,16,0,NO,N/A,N/A,N/A,N/A,N/A,N/A,N/A
2,4294967295,471,22,_Z24add_rms_norm_bias_customIfEvPhS0_S0_S0_S0_mmjff,_Z24add_rms_norm_bias_customIfEvPhS0_S0_S0_S0_mmjff,dynamic,AI_VECTOR_CORE,1791520731231491.326	,3.000,34.540000,16,0,NO,N/A,N/A,N/A,N/A,N/A,N/A,N/A
2,4294967295,472,22,_Z24add_rms_norm_bias_customIfEvPhS0_S0_S0_S0_mmjff,_Z24add_rms_norm_bias_customIfEvPhS0_S0_S0_S0_mmjff,dynamic,AI_VECTOR_CORE,1791520731231511.126	,2.880,17.000000,16,0,NO,N/A,N/A,N/A,N/A,N/A,N/A,N/A
2,4294967295,473,22,_Z24add_rms_norm_bias_customIfEvPhS0_S0_S0_S0_mmjff,_Z24add_rms_norm_bias_customIfEvPhS0_S0_S0_S0_mmjff,dynamic,AI_VECTOR_CORE,1791520731231540.126	,3.080,26.120000,16,0,NO,N/A,N/A,N/A,N/A,N/A,N/A,N/A
2,4294967295,474,22,_Z24add_rms_norm_bias_customIfEvPhS0_S0_S0_S0_mmjff,_Z24add_rms_norm_bias_customIfEvPhS0_S0_S0_S0_mmjff,dynamic,AI_VECTOR_CORE,1791520731231580.046	,2.980,36.670000,16,0,NO,N/A,N/A,N/A,N/A,N/A,N/A,N/A
2,4294967295,475,22,_Z24add_rms_norm_bias_customIfEvPhS0_S0_S0_S0_mmjff,_Z24add_rms_norm_bias_customIfEvPhS0_S0_S0_S0_mmjff,dynamic,AI_VECTOR_CORE,1791520731231605.910	,2.980,23.020000,16,0,NO,N/A,N/A,N/A,N/A,N/A,N/A,N/A
2,4294967295,476,22,_Z24add_rms_norm_bias_customIfEvPhS0_S0_S0_S0_mmjff,_Z24add_rms_norm_bias_customIfEvPhS0_S0_S0_S0_mmjff,dynamic,AI_VECTOR_CORE,1791520731231630.330	,3.540,21.270000,16,0,NO,N/A,N/A,N/A,N/A,N/A,N/A,N/A
2,4294967295,477,22,_Z24add_rms_norm_bias_customIfEvPhS0_S0_S0_S0_mmjff,_Z24add_rms_norm_bias_customIfEvPhS0_S0_S0_S0_mmjff,dynamic,AI_VECTOR_CORE,1791520731231652.270	,2.900,18.460000,16,0,NO,N/A,N/A,N/A,N/A,N/A,N/A,N/A
2,4294967295,478,22,_Z24add_rms_norm_bias_customIfEvPhS0_S0_S0_S0_mmjff,_Z24add_rms_norm_bias_customIfEvPhS0_S0_S0_S0_mmjff,dynamic,AI_VECTOR_CORE,1791520731231680.870	,3.020,25.600000,16,0,NO,N/A,N/A,N/A,N/A,N/A,N/A,N/A
2,4294967295,479,22,_Z24add_rms_norm_bias_customIfEvPhS0_S0_S0_S0_mmjff,_Z24add_rms_norm_bias_customIfEvPhS0_S0_S0_S0_mmjff,dynamic,AI_VECTOR_CORE,1791520731231707.050	,3.040,23.230000,16,0,NO,N/A,N/A,N/A,N/A,N/A,N/A,N/A
2,4294967295,480,22,_Z24add_rms_norm_bias_customIfEvPhS0_S0_S0_S0_mmjff,_Z24add_rms_norm_bias_customIfEvPhS0_S0_S0_S0_mmjff,dynamic,AI_VECTOR_CORE,1791520731231749.310	,3.000,39.210000,16,0,NO,N/A,N/A,N/A,N/A,N/A,N/A,N/A
2,4294967295,481,22,_Z24add_rms_norm_bias_customIfEvPhS0_S0_S0_S0_mmjff,_Z24add_rms_norm_bias_customIfEvPhS0_S0_S0_S0_mmjff,dynamic,AI_VECTOR_CORE,1791520731231775.970	,3.960,23.750000,16,0,NO,N/A,N/A,N/A,N/A,N/A,N/A,N/A
2,4294967295,482,22,_Z24add_rms_norm_bias_customIfEvPhS0_S0_S0_S0_mmjff,_Z24add_rms_norm_bias_customIfEvPhS0_S0_S0_S0_mmjff,dynamic,AI_VECTOR_CORE,1791520731231797.994	,4.120,18.040000,16,0,NO,N/A,N/A,N/A,N/A,N/A,N/A,N/A
2,4294967295,483,22,_Z24add_rms_norm_bias_customIfEvPhS0_S0_S0_S0_mmjff,_Z24add_rms_norm_bias_customIfEvPhS0_S0_S0_S0_mmjff,dynamic,AI_VECTOR_CORE,1791520731231830.554	,3.100,28.380000,16,0,NO,N/A,N/A,N/A,N/A,N/A,N/A,N/A
2,4294967295,484,22,_Z24add_rms_norm_bias_customIfEvPhS0_S0_S0_S0_mmjff,_Z24add_rms_norm_bias_customIfEvPhS0_S0_S0_S0_mmjff,dynamic,AI_VECTOR_CORE,1791520731231860.174	,2.900,26.650000,16,0,NO,N/A,N/A,N/A,N/A,N/A,N/A,N/A
2,4294967295,485,22,_Z24add_rms_norm_bias_customIfEvPhS0_S0_S0_S0_mmjff,_Z24add_rms_norm_bias_customIfEvPhS0_S0_S0_S0_mmjff,dynamic,AI_VECTOR_CORE,1791520731231888.294	,3.020,25.100000,16,0,NO,N/A,N/A,N/A,N/A,N/A,N/A,N/A
2,4294967295,486,22,_Z24add_rms_norm_bias_customIfEvPhS0_S0_S0_S0_mmjff,_Z24add_rms_norm_bias_customIfEvPhS0_S0_S0_S0_mmjff,dynamic,AI_VECTOR_CORE,1791520731231919.854	,2.900,28.480000,16,0,NO,N/A,N/A,N/A,N/A,N/A,N/A,N/A
2,4294967295,488,22,_Z24add_rms_norm_bias_customIfEvPhS0_S0_S0_S0_mmjff,_Z24add_rms_norm_bias_customIfEvPhS0_S0_S0_S0_mmjff,dynamic,AI_VECTOR_CORE,1791520731232008.398	,3.080,85.850000,16,0,NO,N/A,N/A,N/A,N/A,N/A,N/A,N/A
2,4294967295,489,22,_Z24add_rms_norm_bias_customIfEvPhS0_S0_S0_S0_mmjff,_Z24add_rms_norm_bias_customIfEvPhS0_S0_S0_S0_mmjff,dynamic,AI_VECTOR_CORE,1791520731232046.038	,3.000,34.420000,16,0,NO,N/A,N/A,N/A,N/A,N/A,N/A,N/A
2,4294967295,490,22,_Z24add_rms_norm_bias_customIfEvPhS0_S0_S0_S0_mmjff,_Z24add_rms_norm_bias_customIfEvPhS0_S0_S0_S0_mmjff,dynamic,AI_VECTOR_CORE,1791520731232076.378	,3.020,27.500000,16,0,NO,N/A,N/A,N/A,N/A,N/A,N/A,N/A
2,4294967295,491,22,_Z24add_rms_norm_bias_customIfEvPhS0_S0_S0_S0_mmjff,_Z24add_rms_norm_bias_customIfEvPhS0_S0_S0_S0_mmjff,dynamic,AI_VECTOR_CORE,1791520731232107.218	,3.460,27.730000,16,0,NO,N/A,N/A,N/A,N/A,N/A,N/A,N/A
2,4294967295,492,22,_Z24add_rms_norm_bias_customIfEvPhS0_S0_S0_S0_mmjff,_Z24add_rms_norm_bias_customIfEvPhS0_S0_S0_S0_mmjff,dynamic,AI_VECTOR_CORE,1791520731232138.358	,2.800,27.540000,16,0,NO,N/A,N/A,N/A,N/A,N/A,N/A,N/A
2,4294967295,493,22,_Z24add_rms_norm_bias_customIfEvPhS0_S0_S0_S0_mmjff,_Z24add_rms_norm_bias_customIfEvPhS0_S0_S0_S0_mmjff,dynamic,AI_VECTOR_CORE,1791520731232169.098	,2.960,27.950000,16,0,NO,N/A,N/A,N/A,N/A,N/A,N/A,N/A
2,4294967295,494,22,_Z24add_rms_norm_bias_customIfEvPhS0_S0_S0_S0_mmjff,_Z24add_rms_norm_bias_customIfEvPhS0_S0_S0_S0_mmjff,dynamic,AI_VECTOR_CORE,1791520731232198.522	,2.980,26.540000,16,0,NO,N/A,N/A,N/A,N/A,N/A,N/A,N/A
2,4294967295,495,22,_Z24add_rms_norm_bias_customIfEvPhS0_S0_S0_S0_mmjff,_Z24add_rms_norm_bias_customIfEvPhS0_S0_S0_S0_mmjff,dynamic,AI_VECTOR_CORE,1791520731232228.942	,3.020,27.520000,16,0,NO,N/A,N/A,N/A,N/A,N/A,N/A,N/A
2,4294967295,496,22,_Z24add_rms_norm_bias_customIfEvPhS0_S0_S0_S0_mmjff,_Z24add_rms_norm_bias_customIfEvPhS0_S0_S0_S0_mmjff,dynamic,AI_VECTOR_CORE,1791520731232257.562	,3.620,25.480000,16,0,NO,N/A,N/A,N/A,N/A,N/A,N/A,N/A
2,4294967295,497,22,_Z24add_rms_norm_bias_customIfEvPhS0_S0_S0_S0_mmjff,_Z24add_rms_norm_bias_customIfEvPhS0_S0_S0_S0_mmjff,dynamic,AI_VECTOR_CORE,1791520731232292.882	,3.640,31.880000,16,0,NO,N/A,N/A,N/A,N/A,N/A,N/A,N/A
2,4294967295,498,22,_Z24add_rms_norm_bias_customIfEvPhS0_S0_S0_S0_mmjff,_Z24add_rms_norm_bias_customIfEvPhS0_S0_S0_S0_mmjff,dynamic,AI_VECTOR_CORE,1791520731232323.882	,3.060,27.360000,16,0,NO,N/A,N/A,N/A,N/A,N/A,N/A,N/A
2,4294967295,499,22,_Z24add_rms_norm_bias_customIfEvPhS0_S0_S0_S0_mmjff,_Z24add_rms_norm_bias_customIfEvPhS0_S0_S0_S0_mmjff,dynamic,AI_VECTOR_CORE,1791520731232361.922	,2.940,34.940000,16,0,NO,N/A,N/A,N/A,N/A,N/A,N/A,N/A
2,4294967295,501,22,_Z24add_rms_norm_bias_customIfEvPhS0_S0_S0_S0_mmjff,_Z24add_rms_norm_bias_customIfEvPhS0_S0_S0_S0_mmjff,dynamic,AI_VECTOR_CORE,1791520731232439.046	,3.020,74.060000,16,0,NO,N/A,N/A,N/A,N/A,N/A,N/A,N/A
2,4294967295,502,22,_Z24add_rms_norm_bias_customIfEvPhS0_S0_S0_S0_mmjff,_Z24add_rms_norm_bias_customIfEvPhS0_S0_S0_S0_mmjff,dynamic,AI_VECTOR_CORE,1791520731232477.746	,2.900,35.730000,16,0,NO,N/A,N/A,N/A,N/A,N/A,N/A,N/A
2,4294967295,503,22,_Z24add_rms_norm_bias_customIfEvPhS0_S0_S0_S0_mmjff,_Z24add_rms_norm_bias_customIfEvPhS0_S0_S0_S0_mmjff,dynamic,AI_VECTOR_CORE,1791520731232497.566	,2.940,16.850000,16,0,NO,N/A,N/A,N/A,N/A,N/A,N/A,N/A
2,4294967295,504,22,_Z24add_rms_norm_bias_customIfEvPhS0_S0_S0_S0_mmjff,_Z24add_rms_norm_bias_customIfEvPhS0_S0_S0_S0_mmjff,dynamic,AI_VECTOR_CORE,1791520731232519.106	,3.060,18.560000,16,0,NO,N/A,N/A,N/A,N/A,N/A,N/A,N/A
2,4294967295,505,22,_Z24add_rms_norm_bias_customIfEvPhS0_S0_S0_S0_mmjff,_Z24add_rms_norm_bias_customIfEvPhS0_S0_S0_S0_mmjff,dynamic,AI_VECTOR_CORE,1791520731232546.646	,3.220,24.690000,16,0,NO,N/A,N/A,N/A,N/A,N/A,N/A,N/A
2,4294967295,506,22,_Z24add_rms_norm_bias_customIfEvPhS0_S0_S0_S0_mmjff,_Z24add_rms_norm_bias_customIfEvPhS0_S0_S0_S0_mmjff,dynamic,AI_VECTOR_CORE,1791520731232571.146	,3.000,21.280000,16,0,NO,N/A,N/A,N/A,N/A,N/A,N/A,N/A
2,4294967295,507,22,_Z24add_rms_norm_bias_customIfEvPhS0_S0_S0_S0_mmjff,_Z24add_rms_norm_bias_customIfEvPhS0_S0_S0_S0_mmjff,dynamic,AI_VECTOR_CORE,1791520731232612.070	,2.900,37.750000,16,0,NO,N/A,N/A,N/A,N/A,N/A,N/A,N/A
2,4294967295,508,22,_Z24add_rms_norm_bias_customIfEvPhS0_S0_S0_S0_mmjff,_Z24add_rms_norm_bias_customIfEvPhS0_S0_S0_S0_mmjff,dynamic,AI_VECTOR_CORE,1791520731232631.810	,3.040,16.850000,16,0,NO,N/A,N/A,N/A,N/A,N/A,N/A,N/A
2,4294967295,509,22,_Z24add_rms_norm_bias_customIfEvPhS0_S0_S0_S0_mmjff,_Z24add_rms_norm_bias_customIfEvPhS0_S0_S0_S0_mmjff,dynamic,AI_VECTOR_CORE,1791520731232659.930	,3.380,25.210000,16,0,NO,N/A,N/A,N/A,N/A,N/A,N/A,N/A
2,4294967295,510,22,_Z24add_rms_norm_bias_customIfEvPhS0_S0_S0_S0_mmjff,_Z24add_rms_norm_bias_customIfEvPhS0_S0_S0_S0_mmjff,dynamic,AI_VECTOR_CORE,1791520731232698.630	,2.980,35.370000,16,0,NO,N/A,N/A,N/A,N/A,N/A,N/A,N/A
2,4294967295,511,22,_Z24add_rms_norm_bias_customIfEvPhS0_S0_S0_S0_mmjff,_Z24add_rms_norm_bias_customIfEvPhS0_S0_S0_S0_mmjff,dynamic,AI_VECTOR_CORE,1791520731232721.870	,3.000,20.020000,16,0,NO,N/A,N/A,N/A,N/A,N/A,N/A,N/A
2,4294967295,512,22,_Z24add_rms_norm_bias_customIfEvPhS0_S0_S0_S0_mmjff,_Z24add_rms_norm_bias_customIfEvPhS0_S0_S0_S0_mmjff,dynamic,AI_VECTOR_CORE,1791520731232743.950	,2.900,19.250000,16,0,NO,N/A,N/A,N/A,N/A,N/A,N/A,N/A
2,4294967295,514,22,_Z24add_rms_norm_bias_customIfEvPhS0_S0_S0_S0_mmjff,_Z24add_rms_norm_bias_customIfEvPhS0_S0_S0_S0_mmjff,dynamic,AI_VECTOR_CORE,1791520731232793.450	,2.960,46.600000,16,0,NO,N/A,N/A,N/A,N/A,N/A,N/A,N/A
2,4294967295,517,22,_Z24add_rms_norm_bias_customIfEvPhS0_S0_S0_S0_mmjff,_Z24add_rms_norm_bias_customIfEvPhS0_S0_S0_S0_mmjff,dynamic,AI_VECTOR_CORE,1791520731232906.554	,4.660,110.040000,16,0,NO,N/A,N/A,N/A,N/A,N/A,N/A,N/A
2,4294967295,520,22,_Z24add_rms_norm_bias_customIfEvPhS0_S0_S0_S0_mmjff,_Z24add_rms_norm_bias_customIfEvPhS0_S0_S0_S0_mmjff,dynamic,AI_VECTOR_CORE,1791520731233005.678	,4.680,94.590000,16,0,NO,N/A,N/A,N/A,N/A,N/A,N/A,N/A
2,4294967295,523,22,_Z24add_rms_norm_bias_customIfEvPhS0_S0_S0_S0_mmjff,_Z24add_rms_norm_bias_customIfEvPhS0_S0_S0_S0_mmjff,dynamic,AI_VECTOR_CORE,1791520731233140.358	,4.500,129.820000,16,0,NO,N/A,N/A,N/A,N/A,N/A,N/A,N/A
2,4294967295,526,22,_Z24add_rms_norm_bias_customIfEvPhS0_S0_S0_S0_mmjff,_Z24add_rms_norm_bias_customIfEvPhS0_S0_S0_S0_mmjff,dynamic,AI_VECTOR_CORE,1791520731233234.162	,2.820,89.500000,16,0,NO,N/A,N/A,N/A,N/A,N/A,N/A,N/A
2,4294967295,529,22,_Z24add_rms_norm_bias_customIfEvPhS0_S0_S0_S0_mmjff,_Z24add_rms_norm_bias_customIfEvPhS0_S0_S0_S0_mmjff,dynamic,AI_VECTOR_CORE,1791520731233321.002	,2.980,83.930000,16,0,NO,N/A,N/A,N/A,N/A,N/A,N/A,N/A
2,4294967295,532,22,_Z24add_rms_norm_bias_customIfEvPhS0_S0_S0_S0_mmjff,_Z24add_rms_norm_bias_customIfEvPhS0_S0_S0_S0_mmjff,dynamic,AI_VECTOR_CORE,1791520731233445.826	,2.960,121.770000,16,0,NO,N/A,N/A,N/A,N/A,N/A,N/A,N/A
2,4294967295,535,22,_Z24add_rms_norm_bias_customIfEvPhS0_S0_S0_S0_mmjff,_Z24add_rms_norm_bias_customIfEvPhS0_S0_S0_S0_mmjff,dynamic,AI_VECTOR_CORE,1791520731233542.866	,2.960,94.040000,16,0,NO,N/A,N/A,N/A,N/A,N/A,N/A,N/A
2,4294967295,538,22,_Z24add_rms_norm_bias_customIfEvPhS0_S0_S0_S0_mmjff,_Z24add_rms_norm_bias_customIfEvPhS0_S0_S0_S0_mmjff,dynamic,AI_VECTOR_CORE,1791520731233651.870	,5.100,106.040000,16,0,NO,N/A,N/A,N/A,N/A,N/A,N/A,N/A
2,4294967295,541,22,_Z24add_rms_norm_bias_customIfEvPhS0_S0_S0_S0_mmjff,_Z24add_rms_norm_bias_customIfEvPhS0_S0_S0_S0_mmjff,dynamic,AI_VECTOR_CORE,1791520731233750.270	,4.360,93.400000,16,0,NO,N/A,N/A,N/A,N/A,N/A,N/A,N/A
2,4294967295,544,22,_Z24add_rms_norm_bias_customIfEvPhS0_S0_S0_S0_mmjff,_Z24add_rms_norm_bias_customIfEvPhS0_S0_S0_S0_mmjff,dynamic,AI_VECTOR_CORE,1791520731233838.974	,4.480,84.390000,16,0,NO,N/A,N/A,N/A,N/A,N/A,N/A,N/A
2,4294967295,547,22,_Z24add_rms_norm_bias_customIfEvPhS0_S0_S0_S0_mmjff,_Z24add_rms_norm_bias_customIfEvPhS0_S0_S0_S0_mmjff,dynamic,AI_VECTOR_CORE,1791520731233923.354	,3.520,79.770000,16,0,NO,N/A,N/A,N/A,N/A,N/A,N/A,N/A
2,4294967295,550,22,_Z24add_rms_norm_bias_customIfEvPhS0_S0_S0_S0_mmjff,_Z24add_rms_norm_bias_customIfEvPhS0_S0_S0_S0_mmjff,dynamic,AI_VECTOR_CORE,1791520731234006.638	,3.000,79.980000,16,0,NO,N/A,N/A,N/A,N/A,N/A,N/A,N/A
2,4294967295,553,22,_Z24add_rms_norm_bias_customIfEvPhS0_S0_S0_S0_mmjff,_Z24add_rms_norm_bias_customIfEvPhS0_S0_S0_S0_mmjff,dynamic,AI_VECTOR_CORE,1791520731234111.678	,4.680,102.000000,16,0,NO,N/A,N/A,N/A,N/A,N/A,N/A,N/A
2,4294967295,556,22,_Z24add_rms_norm_bias_customIfEvPhS0_S0_S0_S0_mmjff,_Z24add_rms_norm_bias_customIfEvPhS0_S0_S0_S0_mmjff,dynamic,AI_VECTOR_CORE,1791520731234231.282	,5.080,114.820000,16,0,NO,N/A,N/A,N/A,N/A,N/A,N/A,N/A
2,4294967295,559,22,_Z24add_rms_norm_bias_customIfEvPhS0_S0_S0_S0_mmjff,_Z24add_rms_norm_bias_customIfEvPhS0_S0_S0_S0_mmjff,dynamic,AI_VECTOR_CORE,1791520731234337.182	,3.640,100.920000,16,0,NO,N/A,N/A,N/A,N/A,N/A,N/A,N/A
2,4294967295,562,22,_Z24add_rms_norm_bias_customIfEvPhS0_S0_S0_S0_mmjff,_Z24add_rms_norm_bias_customIfEvPhS0_S0_S0_S0_mmjff,dynamic,AI_VECTOR_CORE,1791520731234442.566	,3.000,101.610000,16,0,NO,N/A,N/A,N/A,N/A,N/A,N/A,N/A
2,4294967295,565,22,_Z24add_rms_norm_bias_customIfEvPhS0_S0_S0_S0_mmjff,_Z24add_rms_norm_bias_customIfEvPhS0_S0_S0_S0_mmjff,dynamic,AI_VECTOR_CORE,1791520731234542.326	,6.160,96.750000,16,0,NO,N/A,N/A,N/A,N/A,N/A,N/A,N/A
2,4294967295,568,22,_Z24add_rms_norm_bias_customIfEvPhS0_S0_S0_S0_mmjff,_Z24add_rms_norm_bias_customIfEvPhS0_S0_S0_S0_mmjff,dynamic,AI_VECTOR_CORE,1791520731234633.250	,3.720,84.840000,16,0,NO,N/A,N/A,N/A,N/A,N/A,N/A,N/A
2,4294967295,571,22,_Z24add_rms_norm_bias_customIfEvPhS0_S0_S0_S0_mmjff,_Z24add_rms_norm_bias_customIfEvPhS0_S0_S0_S0_mmjff,dynamic,AI_VECTOR_CORE,1791520731234742.690	,4.900,105.780000,16,0,NO,N/A,N/A,N/A,N/A,N/A,N/A,N/A
2,4294967295,574,22,_Z24add_rms_norm_bias_customIfEvPhS0_S0_S0_S0_mmjff,_Z24add_rms_norm_bias_customIfEvPhS0_S0_S0_S0_mmjff,dynamic,AI_VECTOR_CORE,1791520731234822.214	,3.580,74.600000,16,0,NO,N/A,N/A,N/A,N/A,N/A,N/A,N/A
2,4294967295,577,22,_Z24add_rms_norm_bias_customIfEvPhS0_S0_S0_S0_mmjff,_Z24add_rms_norm_bias_customIfEvPhS0_S0_S0_S0_mmjff,dynamic,AI_VECTOR_CORE,1791520731234912.054	,4.620,86.170000,16,0,NO,N/A,N/A,N/A,N/A,N/A,N/A,N/A
2,4294967295,580,22,_Z24add_rms_norm_bias_customIfEvPhS0_S0_S0_S0_mmjff,_Z24add_rms_norm_bias_customIfEvPhS0_S0_S0_S0_mmjff,dynamic,AI_VECTOR_CORE,1791520731235024.298	,4.980,107.630000,16,0,NO,N/A,N/A,N/A,N/A,N/A,N/A,N/A
2,4294967295,583,22,_Z24add_rms_norm_bias_customIfEvPhS0_S0_S0_S0_mmjff,_Z24add_rms_norm_bias_customIfEvPhS0_S0_S0_S0_mmjff,dynamic,AI_VECTOR_CORE,1791520731235127.398	,3.580,98.270000,16,0,NO,N/A,N/A,N/A,N/A,N/A,N/A,N/A
2,4294967295,586,22,_Z24add_rms_norm_bias_customIfEvPhS0_S0_S0_S0_mmjff,_Z24add_rms_norm_bias_customIfEvPhS0_S0_S0_S0_mmjff,dynamic,AI_VECTOR_CORE,1791520731235220.922	,4.700,89.920000,16,0,NO,N/A,N/A,N/A,N/A,N/A,N/A,N/A
2,4294967295,589,22,_Z24add_rms_norm_bias_customIfEvPhS0_S0_S0_S0_mmjff,_Z24add_rms_norm_bias_customIfEvPhS0_S0_S0_S0_mmjff,dynamic,AI_VECTOR_CORE,1791520731235319.042	,4.800,93.300000,16,0,NO,N/A,N/A,N/A,N/A,N/A,N/A,N/A
2,4294967295,592,22,_Z24add_rms_norm_bias_customIfEvPhS0_S0_S0_S0_mmjff,_Z24add_rms_norm_bias_customIfEvPhS0_S0_S0_S0_mmjff,dynamic,AI_VECTOR_CORE,1791520731235398.226	,3.496,74.450000,16,0,NO,N/A,N/A,N/A,N/A,N/A,N/A,N/A
2,4294967295,595,22,_Z24add_rms_norm_bias_customIfEvPhS0_S0_S0_S0_mmjff,_Z24add_rms_norm_bias_customIfEvPhS0_S0_S0_S0_mmjff,dynamic,AI_VECTOR_CORE,1791520731235501.886	,3.140,100.254000,16,0,NO,N/A,N/A,N/A,N/A,N/A,N/A,N/A
2,4294967295,598,22,_Z24add_rms_norm_bias_customIfEvPhS0_S0_S0_S0_mmjff,_Z24add_rms_norm_bias_customIfEvPhS0_S0_S0_S0_mmjff,dynamic,AI_VECTOR_CORE,1791520731235582.166	,3.000,77.110000,16,0,NO,N/A,N/A,N/A,N/A,N/A,N/A,N/A
2,4294967295,601,22,_Z24add_rms_norm_bias_customIfEvPhS0_S0_S0_S0_mmjff,_Z24add_rms_norm_bias_customIfEvPhS0_S0_S0_S0_mmjff,dynamic,AI_VECTOR_CORE,1791520731235687.330	,4.800,102.000000,16,0,NO,N/A,N/A,N/A,N/A,N/A,N/A,N/A
2,4294967295,604,22,_Z24add_rms_norm_bias_customIfEvPhS0_S0_S0_S0_mmjff,_Z24add_rms_norm_bias_customIfEvPhS0_S0_S0_S0_mmjff,dynamic,AI_VECTOR_CORE,1791520731235814.314	,5.280,122.200000,16,0,NO,N/A,N/A,N/A,N/A,N/A,N/A,N/A
2,4294967295,607,22,_Z24add_rms_norm_bias_customIfEvPhS0_S0_S0_S0_mmjff,_Z24add_rms_norm_bias_customIfEvPhS0_S0_S0_S0_mmjff,dynamic,AI_VECTOR_CORE,1791520731235897.934	,5.040,78.470000,16,0,NO,N/A,N/A,N/A,N/A,N/A,N/A,N/A
2,4294967295,610,22,_Z24add_rms_norm_bias_customIfEvPhS0_S0_S0_S0_mmjff,_Z24add_rms_norm_bias_customIfEvPhS0_S0_S0_S0_mmjff,dynamic,AI_VECTOR_CORE,1791520731235994.274	,4.060,91.210000,16,0,NO,N/A,N/A,N/A,N/A,N/A,N/A,N/A
2,4294967295,613,22,_Z24add_rms_norm_bias_customIfEvPhS0_S0_S0_S0_mmjff,_Z24add_rms_norm_bias_customIfEvPhS0_S0_S0_S0_mmjff,dynamic,AI_VECTOR_CORE,1791520731236097.478	,4.580,99.190000,16,0,NO,N/A,N/A,N/A,N/A,N/A,N/A,N/A
2,4294967295,616,22,_Z24add_rms_norm_bias_customIfEvPhS0_S0_S0_S0_mmjff,_Z24add_rms_norm_bias_customIfEvPhS0_S0_S0_S0_mmjff,dynamic,AI_VECTOR_CORE,1791520731236199.058	,4.920,96.920000,16,0,NO,N/A,N/A,N/A,N/A,N/A,N/A,N/A
2,4294967295,619,22,_Z24add_rms_norm_bias_customIfEvPhS0_S0_S0_S0_mmjff,_Z24add_rms_norm_bias_customIfEvPhS0_S0_S0_S0_mmjff,dynamic,AI_VECTOR_CORE,1791520731236286.282	,3.380,82.330000,16,0,NO,N/A,N/A,N/A,N/A,N/A,N/A,N/A
2,4294967295,622,22,_Z24add_rms_norm_bias_customIfEvPhS0_S0_S0_S0_mmjff,_Z24add_rms_norm_bias_customIfEvPhS0_S0_S0_S0_mmjff,dynamic,AI_VECTOR_CORE,1791520731236374.742	,3.080,85.120000,16,0,NO,N/A,N/A,N/A,N/A,N/A,N/A,N/A
2,4294967295,625,22,_Z24add_rms_norm_bias_customIfEvPhS0_S0_S0_S0_mmjff,_Z24add_rms_norm_bias_customIfEvPhS0_S0_S0_S0_mmjff,dynamic,AI_VECTOR_CORE,1791520731236486.966	,4.700,109.170000,16,0,NO,N/A,N/A,N/A,N/A,N/A,N/A,N/A
2,4294967295,628,22,_Z24add_rms_norm_bias_customIfEvPhS0_S0_S0_S0_mmjff,_Z24add_rms_norm_bias_customIfEvPhS0_S0_S0_S0_mmjff,dynamic,AI_VECTOR_CORE,1791520731236611.630	,4.580,120.050000,16,0,NO,N/A,N/A,N/A,N/A,N/A,N/A,N/A
2,4294967295,631,22,_Z24add_rms_norm_bias_customIfEvPhS0_S0_S0_S0_mmjff,_Z24add_rms_norm_bias_customIfEvPhS0_S0_S0_S0_mmjff,dynamic,AI_VECTOR_CORE,1791520731236686.970	,3.620,70.670000,16,0,NO,N/A,N/A,N/A,N/A,N/A,N/A,N/A
2,4294967295,634,22,_Z24add_rms_norm_bias_customIfEvPhS0_S0_S0_S0_mmjff,_Z24add_rms_norm_bias_customIfEvPhS0_S0_S0_S0_mmjff,dynamic,AI_VECTOR_CORE,1791520731236787.230	,4.820,96.630000,16,0,NO,N/A,N/A,N/A,N/A,N/A,N/A,N/A
2,4294967295,637,22,_Z24add_rms_norm_bias_customIfEvPhS0_S0_S0_S0_mmjff,_Z24add_rms_norm_bias_customIfEvPhS0_S0_S0_S0_mmjff,dynamic,AI_VECTOR_CORE,1791520731236892.454	,4.820,100.430000,16,0,NO,N/A,N/A,N/A,N/A,N/A,N/A,N/A
2,4294967295,640,22,_Z24add_rms_norm_bias_customIfEvPhS0_S0_S0_S0_mmjff,_Z24add_rms_norm_bias_customIfEvPhS0_S0_S0_S0_mmjff,dynamic,AI_VECTOR_CORE,1791520731236988.334	,3.480,90.930000,16,0,NO,N/A,N/A,N/A,N/A,N/A,N/A,N/A
2,4294967295,643,22,_Z24add_rms_norm_bias_customIfEvPhS0_S0_S0_S0_mmjff,_Z24add_rms_norm_bias_customIfEvPhS0_S0_S0_S0_mmjff,dynamic,AI_VECTOR_CORE,1791520731237081.338	,2.900,89.520000,16,0,NO,N/A,N/A,N/A,N/A,N/A,N/A,N/A
2,4294967295,646,22,_Z24add_rms_norm_bias_customIfEvPhS0_S0_S0_S0_mmjff,_Z24add_rms_norm_bias_customIfEvPhS0_S0_S0_S0_mmjff,dynamic,AI_VECTOR_CORE,1791520731237177.138	,3.180,93.100000,16,0,NO,N/A,N/A,N/A,N/A,N/A,N/A,N/A
2,4294967295,649,22,_Z24add_rms_norm_bias_customIfEvPhS0_S0_S0_S0_mmjff,_Z24add_rms_norm_bias_customIfEvPhS0_S0_S0_S0_mmjff,dynamic,AI_VECTOR_CORE,1791520731237284.522	,3.520,104.070000,16,0,NO,N/A,N/A,N/A,N/A,N/A,N/A,N/A
2,4294967295,652,22,_Z24add_rms_norm_bias_customIfEvPhS0_S0_S0_S0_mmjff,_Z24add_rms_norm_bias_customIfEvPhS0_S0_S0_S0_mmjff,dynamic,AI_VECTOR_CORE,1791520731237391.702	,3.100,103.730000,16,0,NO,N/A,N/A,N/A,N/A,N/A,N/A,N/A
2,4294967295,655,22,_Z24add_rms_norm_bias_customIfEvPhS0_S0_S0_S0_mmjff,_Z24add_rms_norm_bias_customIfEvPhS0_S0_S0_S0_mmjff,dynamic,AI_VECTOR_CORE,1791520731237485.466	,2.940,90.650000,16,0,NO,N/A,N/A,N/A,N/A,N/A,N/A,N/A
2,4294967295,658,22,_Z24add_rms_norm_bias_customIfEvPhS0_S0_S0_S0_mmjff,_Z24add_rms_norm_bias_customIfEvPhS0_S0_S0_S0_mmjff,dynamic,AI_VECTOR_CORE,1791520731237575.866	,2.880,87.310000,16,0,NO,N/A,N/A,N/A,N/A,N/A,N/A,N/A
2,4294967295,661,22,_Z24add_rms_norm_bias_customIfEvPhS0_S0_S0_S0_mmjff,_Z24add_rms_norm_bias_customIfEvPhS0_S0_S0_S0_mmjff,dynamic,AI_VECTOR_CORE,1791520731237673.010	,3.180,94.370000,16,0,NO,N/A,N/A,N/A,N/A,N/A,N/A,N/A
2,4294967295,664,22,_Z24add_rms_norm_bias_customIfEvPhS0_S0_S0_S0_mmjff,_Z24add_rms_norm_bias_customIfEvPhS0_S0_S0_S0_mmjff,dynamic,AI_VECTOR_CORE,1791520731237781.090	,3.100,104.820000,16,0,NO,N/A,N/A,N/A,N/A,N/A,N/A,N/A
2,4294967295,667,22,_Z24add_rms_norm_bias_customIfEvPhS0_S0_S0_S0_mmjff,_Z24add_rms_norm_bias_customIfEvPhS0_S0_S0_S0_mmjff,dynamic,AI_VECTOR_CORE,1791520731237878.774	,3.120,94.650000,16,0,NO,N/A,N/A,N/A,N/A,N/A,N/A,N/A
2,4294967295,670,22,_Z24add_rms_norm_bias_customIfEvPhS0_S0_S0_S0_mmjff,_Z24add_rms_norm_bias_customIfEvPhS0_S0_S0_S0_mmjff,dynamic,AI_VECTOR_CORE,1791520731237979.114	,3.500,97.130000,16,0,NO,N/A,N/A,N/A,N/A,N/A,N/A,N/A
2,4294967295,673,22,_Z24add_rms_norm_bias_customIfEvPhS0_S0_S0_S0_mmjff,_Z24add_rms_norm_bias_customIfEvPhS0_S0_S0_S0_mmjff,dynamic,AI_VECTOR_CORE,1791520731238071.438	,3.520,89.000000,16,0,NO,N/A,N/A,N/A,N/A,N/A,N/A,N/A
2,4294967295,676,22,_Z24add_rms_norm_bias_customIfEvPhS0_S0_S0_S0_mmjff,_Z24add_rms_norm_bias_customIfEvPhS0_S0_S0_S0_mmjff,dynamic,AI_VECTOR_CORE,1791520731238179.098	,3.620,103.980000,16,0,NO,N/A,N/A,N/A,N/A,N/A,N/A,N/A
2,4294967295,679,22,_Z24add_rms_norm_bias_customIfEvPhS0_S0_S0_S0_mmjff,_Z24add_rms_norm_bias_customIfEvPhS0_S0_S0_S0_mmjff,dynamic,AI_VECTOR_CORE,1791520731238278.202	,3.420,95.630000,16,0,NO,N/A,N/A,N/A,N/A,N/A,N/A,N/A
2,4294967295,682,22,_Z24add_rms_norm_bias_customIfEvPhS0_S0_S0_S0_mmjff,_Z24add_rms_norm_bias_customIfEvPhS0_S0_S0_S0_mmjff,dynamic,AI_VECTOR_CORE,1791520731238371.822	,3.120,90.080000,16,0,NO,N/A,N/A,N/A,N/A,N/A,N/A,N/A
2,4294967295,685,22,_Z24add_rms_norm_bias_customIfEvPhS0_S0_S0_S0_mmjff,_Z24add_rms_norm_bias_customIfEvPhS0_S0_S0_S0_mmjff,dynamic,AI_VECTOR_CORE,1791520731238471.146	,3.620,96.380000,16,0,NO,N/A,N/A,N/A,N/A,N/A,N/A,N/A
2,4294967295,688,22,_Z24add_rms_norm_bias_customIfEvPhS0_S0_S0_S0_mmjff,_Z24add_rms_norm_bias_customIfEvPhS0_S0_S0_S0_mmjff,dynamic,AI_VECTOR_CORE,1791520731238581.346	,3.020,106.380000,16,0,NO,N/A,N/A,N/A,N/A,N/A,N/A,N/A
2,4294967295,691,22,_Z24add_rms_norm_bias_customIfEvPhS0_S0_S0_S0_mmjff,_Z24add_rms_norm_bias_customIfEvPhS0_S0_S0_S0_mmjff,dynamic,AI_VECTOR_CORE,1791520731238684.070	,2.900,99.730000,16,0,NO,N/A,N/A,N/A,N/A,N/A,N/A,N/A
2,4294967295,694,22,_Z24add_rms_norm_bias_customIfEvPhS0_S0_S0_S0_mmjff,_Z24add_rms_norm_bias_customIfEvPhS0_S0_S0_S0_mmjff,dynamic,AI_VECTOR_CORE,1791520731238779.630	,3.080,92.850000,16,0,NO,N/A,N/A,N/A,N/A,N/A,N/A,N/A
2,4294967295,697,22,_Z24add_rms_norm_bias_customIfEvPhS0_S0_S0_S0_mmjff,_Z24add_rms_norm_bias_customIfEvPhS0_S0_S0_S0_mmjff,dynamic,AI_VECTOR_CORE,1791520731238883.874	,3.040,100.920000,16,0,NO,N/A,N/A,N/A,N/A,N/A,N/A,N/A
2,4294967295,700,22,_Z24add_rms_norm_bias_customIfEvPhS0_S0_S0_S0_mmjff,_Z24add_rms_norm_bias_customIfEvPhS0_S0_S0_S0_mmjff,dynamic,AI_VECTOR_CORE,1791520731238998.854	,3.004,111.960000,16,0,NO,N/A,N/A,N/A,N/A,N/A,N/A,N/A
2,4294967295,703,22,_Z24add_rms_norm_bias_customIfEvPhS0_S0_S0_S0_mmjff,_Z24add_rms_norm_bias_customIfEvPhS0_S0_S0_S0_mmjff,dynamic,AI_VECTOR_CORE,1791520731239105.198	,2.960,103.496000,16,0,NO,N/A,N/A,N/A,N/A,N/A,N/A,N/A
2,4294967295,706,22,_Z24add_rms_norm_bias_customIfEvPhS0_S0_S0_S0_mmjff,_Z24add_rms_norm_bias_customIfEvPhS0_S0_S0_S0_mmjff,dynamic,AI_VECTOR_CORE,1791520731239184.818	,3.400,76.540000,16,0,NO,N/A,N/A,N/A,N/A,N/A,N/A,N/A
2,4294967295,709,22,_Z24add_rms_norm_bias_customIfEvPhS0_S0_S0_S0_mmjff,_Z24add_rms_norm_bias_customIfEvPhS0_S0_S0_S0_mmjff,dynamic,AI_VECTOR_CORE,1791520731239267.842	,3.660,79.600000,16,0,NO,N/A,N/A,N/A,N/A,N/A,N/A,N/A
2,4294967295,712,22,_Z24add_rms_norm_bias_customIfEvPhS0_S0_S0_S0_mmjff,_Z24add_rms_norm_bias_customIfEvPhS0_S0_S0_S0_mmjff,dynamic,AI_VECTOR_CORE,1791520731239367.442	,3.100,96.090000,16,0,NO,N/A,N/A,N/A,N/A,N/A,N/A,N/A
2,4294967295,715,22,_Z24add_rms_norm_bias_customIfEvPhS0_S0_S0_S0_mmjff,_Z24add_rms_norm_bias_customIfEvPhS0_S0_S0_S0_mmjff,dynamic,AI_VECTOR_CORE,1791520731239491.446	,3.480,120.900000,16,0,NO,N/A,N/A,N/A,N/A,N/A,N/A,N/A
2,4294967295,718,22,_Z24add_rms_norm_bias_customIfEvPhS0_S0_S0_S0_mmjff,_Z24add_rms_norm_bias_customIfEvPhS0_S0_S0_S0_mmjff,dynamic,AI_VECTOR_CORE,1791520731239565.106	,2.920,70.020000,16,0,NO,N/A,N/A,N/A,N/A,N/A,N/A,N/A
2,4294967295,721,22,_Z24add_rms_norm_bias_customIfEvPhS0_S0_S0_S0_mmjff,_Z24add_rms_norm_bias_customIfEvPhS0_S0_S0_S0_mmjff,dynamic,AI_VECTOR_CORE,1791520731239649.410	,2.960,81.580000,16,0,NO,N/A,N/A,N/A,N/A,N/A,N/A,N/A
2,4294967295,724,22,_Z24add_rms_norm_bias_customIfEvPhS0_S0_S0_S0_mmjff,_Z24add_rms_norm_bias_customIfEvPhS0_S0_S0_S0_mmjff,dynamic,AI_VECTOR_CORE,1791520731239768.770	,3.100,116.290000,16,0,NO,N/A,N/A,N/A,N/A,N/A,N/A,N/A
2,4294967295,727,22,_Z24add_rms_norm_bias_customIfEvPhS0_S0_S0_S0_mmjff,_Z24add_rms_norm_bias_customIfEvPhS0_S0_S0_S0_mmjff,dynamic,AI_VECTOR_CORE,1791520731239854.454	,3.060,82.650000,16,0,NO,N/A,N/A,N/A,N/A,N/A,N/A,N/A
2,4294967295,730,22,_Z24add_rms_norm_bias_customIfEvPhS0_S0_S0_S0_mmjff,_Z24add_rms_norm_bias_customIfEvPhS0_S0_S0_S0_mmjff,dynamic,AI_VECTOR_CORE,1791520731239938.054	,3.120,80.440000,16,0,NO,N/A,N/A,N/A,N/A,N/A,N/A,N/A
2,4294967295,733,22,_Z24add_rms_norm_bias_customIfEvPhS0_S0_S0_S0_mmjff,_Z24add_rms_norm_bias_customIfEvPhS0_S0_S0_S0_mmjff,dynamic,AI_VECTOR_CORE,1791520731240032.458	,2.960,91.380000,16,0,NO,N/A,N/A,N/A,N/A,N/A,N/A,N/A
2,4294967295,736,22,_Z24add_rms_norm_bias_customIfEvPhS0_S0_S0_S0_mmjff,_Z24add_rms_norm_bias_customIfEvPhS0_S0_S0_S0_mmjff,dynamic,AI_VECTOR_CORE,1791520731240129.838	,2.880,94.290000,16,0,NO,N/A,N/A,N/A,N/A,N/A,N/A,N/A
2,4294967295,739,22,_Z24add_rms_norm_bias_customIfEvPhS0_S0_S0_S0_mmjff,_Z24add_rms_norm_bias_customIfEvPhS0_S0_S0_S0_mmjff,dynamic,AI_VECTOR_CORE,1791520731240234.802	,3.100,102.120000,16,0,NO,N/A,N/A,N/A,N/A,N/A,N/A,N/A
2,4294967295,742,22,_Z24add_rms_norm_bias_customIfEvPhS0_S0_S0_S0_mmjff,_Z24add_rms_norm_bias_customIfEvPhS0_S0_S0_S0_mmjff,dynamic,AI_VECTOR_CORE,1791520731240334.982	,3.060,97.150000,16,0,NO,N/A,N/A,N/A,N/A,N/A,N/A,N/A
2,4294967295,745,22,_Z24add_rms_norm_bias_customIfEvPhS0_S0_S0_S0_mmjff,_Z24add_rms_norm_bias_customIfEvPhS0_S0_S0_S0_mmjff,dynamic,AI_VECTOR_CORE,1791520731240435.086	,3.120,96.940000,16,0,NO,N/A,N/A,N/A,N/A,N/A,N/A,N/A
2,4294967295,748,22,_Z24add_rms_norm_bias_customIfEvPhS0_S0_S0_S0_mmjff,_Z24add_rms_norm_bias_customIfEvPhS0_S0_S0_S0_mmjff,dynamic,AI_VECTOR_CORE,1791520731240547.646	,2.900,109.630000,16,0,NO,N/A,N/A,N/A,N/A,N/A,N/A,N/A
2,4294967295,751,22,_Z24add_rms_norm_bias_customIfEvPhS0_S0_S0_S0_mmjff,_Z24add_rms_norm_bias_customIfEvPhS0_S0_S0_S0_mmjff,dynamic,AI_VECTOR_CORE,1791520731240646.910	,3.020,96.350000,16,0,NO,N/A,N/A,N/A,N/A,N/A,N/A,N/A
2,4294967295,754,22,_Z24add_rms_norm_bias_customIfEvPhS0_S0_S0_S0_mmjff,_Z24add_rms_norm_bias_customIfEvPhS0_S0_S0_S0_mmjff,dynamic,AI_VECTOR_CORE,1791520731240740.670	,3.120,90.730000,16,0,NO,N/A,N/A,N/A,N/A,N/A,N/A,N/A
2,4294967295,757,22,_Z24add_rms_norm_bias_customIfEvPhS0_S0_S0_S0_mmjff,_Z24add_rms_norm_bias_customIfEvPhS0_S0_S0_S0_mmjff,dynamic,AI_VECTOR_CORE,1791520731240838.774	,3.080,94.880000,16,0,NO,N/A,N/A,N/A,N/A,N/A,N/A,N/A
2,4294967295,760,22,_Z24add_rms_norm_bias_customIfEvPhS0_S0_S0_S0_mmjff,_Z24add_rms_norm_bias_customIfEvPhS0_S0_S0_S0_mmjff,dynamic,AI_VECTOR_CORE,1791520731240939.894	,3.400,98.170000,16,0,NO,N/A,N/A,N/A,N/A,N/A,N/A,N/A
2,4294967295,763,22,_Z24add_rms_norm_bias_customIfEvPhS0_S0_S0_S0_mmjff,_Z24add_rms_norm_bias_customIfEvPhS0_S0_S0_S0_mmjff,dynamic,AI_VECTOR_CORE,1791520731241037.898	,2.960,94.600000,16,0,NO,N/A,N/A,N/A,N/A,N/A,N/A,N/A
2,4294967295,766,22,_Z24add_rms_norm_bias_customIfEvPhS0_S0_S0_S0_mmjff,_Z24add_rms_norm_bias_customIfEvPhS0_S0_S0_S0_mmjff,dynamic,AI_VECTOR_CORE,1791520731241168.518	,2.900,127.540000,16,0,NO,N/A,N/A,N/A,N/A,N/A,N/A,N/A
2,4294967295,769,22,_Z24add_rms_norm_bias_customIfEvPhS0_S0_S0_S0_mmjff,_Z24add_rms_norm_bias_customIfEvPhS0_S0_S0_S0_mmjff,dynamic,AI_VECTOR_CORE,1791520731241266.082	,3.200,94.600000,16,0,NO,N/A,N/A,N/A,N/A,N/A,N/A,N/A
2,4294967295,772,22,_Z24add_rms_norm_bias_customIfEvPhS0_S0_S0_S0_mmjff,_Z24add_rms_norm_bias_customIfEvPhS0_S0_S0_S0_mmjff,dynamic,AI_VECTOR_CORE,1791520731241379.922	,3.060,110.800000,16,0,NO,N/A,N/A,N/A,N/A,N/A,N/A,N/A
2,4294967295,775,22,_Z24add_rms_norm_bias_customIfEvPhS0_S0_S0_S0_mmjff,_Z24add_rms_norm_bias_customIfEvPhS0_S0_S0_S0_mmjff,dynamic,AI_VECTOR_CORE,1791520731241474.166	,3.460,91.190000,16,0,NO,N/A,N/A,N/A,N/A,N/A,N/A,N/A
2,4294967295,778,22,_Z24add_rms_norm_bias_customIfEvPhS0_S0_S0_S0_mmjff,_Z24add_rms_norm_bias_customIfEvPhS0_S0_S0_S0_mmjff,dynamic,AI_VECTOR_CORE,1791520731241569.186	,2.940,91.540000,16,0,NO,N/A,N/A,N/A,N/A,N/A,N/A,N/A
2,4294967295,781,22,_Z24add_rms_norm_bias_customIfEvPhS0_S0_S0_S0_mmjff,_Z24add_rms_norm_bias_customIfEvPhS0_S0_S0_S0_mmjff,dynamic,AI_VECTOR_CORE,1791520731241647.690	,3.100,75.560000,16,0,NO,N/A,N/A,N/A,N/A,N/A,N/A,N/A
2,4294967295,784,22,_Z24add_rms_norm_bias_customIfEvPhS0_S0_S0_S0_mmjff,_Z24add_rms_norm_bias_customIfEvPhS0_S0_S0_S0_mmjff,dynamic,AI_VECTOR_CORE,1791520731241758.150	,3.120,107.400000,16,0,NO,N/A,N/A,N/A,N/A,N/A,N/A,N/A
2,4294967295,787,22,_Z24add_rms_norm_bias_customIfEvPhS0_S0_S0_S0_mmjff,_Z24add_rms_norm_bias_customIfEvPhS0_S0_S0_S0_mmjff,dynamic,AI_VECTOR_CORE,1791520731241850.814	,3.040,89.380000,16,0,NO,N/A,N/A,N/A,N/A,N/A,N/A,N/A
2,4294967295,790,22,_Z24add_rms_norm_bias_customIfEvPhS0_S0_S0_S0_mmjff,_Z24add_rms_norm_bias_customIfEvPhS0_S0_S0_S0_mmjff,dynamic,AI_VECTOR_CORE,1791520731241955.914	,3.100,102.210000,16,0,NO,N/A,N/A,N/A,N/A,N/A,N/A,N/A
2,4294967295,793,22,_Z24add_rms_norm_bias_customIfEvPhS0_S0_S0_S0_mmjff,_Z24add_rms_norm_bias_customIfEvPhS0_S0_S0_S0_mmjff,dynamic,AI_VECTOR_CORE,1791520731242053.978	,4.780,94.900000,16,0,NO,N/A,N/A,N/A,N/A,N/A,N/A,N/A
2,4294967295,796,22,_Z24add_rms_norm_bias_customIfEvPhS0_S0_S0_S0_mmjff,_Z24add_rms_norm_bias_customIfEvPhS0_S0_S0_S0_mmjff,dynamic,AI_VECTOR_CORE,1791520731242162.678	,4.640,103.970000,16,0,NO,N/A,N/A,N/A,N/A,N/A,N/A,N/A
2,4294967295,799,22,_Z24add_rms_norm_bias_customIfEvPhS0_S0_S0_S0_mmjff,_Z24add_rms_norm_bias_customIfEvPhS0_S0_S0_S0_mmjff,dynamic,AI_VECTOR_CORE,1791520731242269.202	,4.840,101.860000,16,0,NO,N/A,N/A,N/A,N/A,N/A,N/A,N/A
2,4294967295,802,22,_Z24add_rms_norm_bias_customIfEvPhS0_S0_S0_S0_mmjff,_Z24add_rms_norm_bias_customIfEvPhS0_S0_S0_S0_mmjff,dynamic,AI_VECTOR_CORE,1791520731242347.562	,4.580,73.410000,16,0,NO,N/A,N/A,N/A,N/A,N/A,N/A,N/A
2,4294967295,805,22,_Z24add_rms_norm_bias_customIfEvPhS0_S0_S0_S0_mmjff,_Z24add_rms_norm_bias_customIfEvPhS0_S0_S0_S0_mmjff,dynamic,AI_VECTOR_CORE,1791520731242445.466	,5.000,93.420000,16,0,NO,N/A,N/A,N/A,N/A,N/A,N/A,N/A
2,4294967295,808,22,_Z24add_rms_norm_bias_customIfEvPhS0_S0_S0_S0_mmjff,_Z24add_rms_norm_bias_customIfEvPhS0_S0_S0_S0_mmjff,dynamic,AI_VECTOR_CORE,1791520731242539.766	,4.700,89.250000,16,0,NO,N/A,N/A,N/A,N/A,N/A,N/A,N/A
2,4294967295,811,22,_Z24add_rms_norm_bias_customIfEvPhS0_S0_S0_S0_mmjff,_Z24add_rms_norm_bias_customIfEvPhS0_S0_S0_S0_mmjff,dynamic,AI_VECTOR_CORE,1791520731242643.730	,3.760,99.300000,16,0,NO,N/A,N/A,N/A,N/A,N/A,N/A,N/A
2,4294967295,814,22,_Z24add_rms_norm_bias_customIfEvPhS0_S0_S0_S0_mmjff,_Z24add_rms_norm_bias_customIfEvPhS0_S0_S0_S0_mmjff,dynamic,AI_VECTOR_CORE,1791520731242732.530	,3.120,84.990000,16,0,NO,N/A,N/A,N/A,N/A,N/A,N/A,N/A
2,4294967295,817,22,_Z24add_rms_norm_bias_customIfEvPhS0_S0_S0_S0_mmjff,_Z24add_rms_norm_bias_customIfEvPhS0_S0_S0_S0_mmjff,dynamic,AI_VECTOR_CORE,1791520731242856.214	,3.120,120.630000,16,0,NO,N/A,N/A,N/A,N/A,N/A,N/A,N/A
2,4294967295,820,22,_Z24add_rms_norm_bias_customIfEvPhS0_S0_S0_S0_mmjff,_Z24add_rms_norm_bias_customIfEvPhS0_S0_S0_S0_mmjff,dynamic,AI_VECTOR_CORE,1791520731242980.454	,3.100,121.130000,16,0,NO,N/A,N/A,N/A,N/A,N/A,N/A,N/A
2,4294967295,823,22,_Z24add_rms_norm_bias_customIfEvPhS0_S0_S0_S0_mmjff,_Z24add_rms_norm_bias_customIfEvPhS0_S0_S0_S0_mmjff,dynamic,AI_VECTOR_CORE,1791520731243073.638	,4.820,90.150000,16,0,NO,N/A,N/A,N/A,N/A,N/A,N/A,N/A
2,4294967295,826,22,_Z24add_rms_norm_bias_customIfEvPhS0_S0_S0_S0_mmjff,_Z24add_rms_norm_bias_customIfEvPhS0_S0_S0_S0_mmjff,dynamic,AI_VECTOR_CORE,1791520731243161.338	,4.560,82.680000,16,0,NO,N/A,N/A,N/A,N/A,N/A,N/A,N/A
2,4294967295,829,22,_Z24add_rms_norm_bias_customIfEvPhS0_S0_S0_S0_mmjff,_Z24add_rms_norm_bias_customIfEvPhS0_S0_S0_S0_mmjff,dynamic,AI_VECTOR_CORE,1791520731243260.522	,4.800,94.690000,16,0,NO,N/A,N/A,N/A,N/A,N/A,N/A,N/A
2,4294967295,832,22,_Z24add_rms_norm_bias_customIfEvPhS0_S0_S0_S0_mmjff,_Z24add_rms_norm_bias_customIfEvPhS0_S0_S0_S0_mmjff,dynamic,AI_VECTOR_CORE,1791520731243349.322	,4.640,83.950000,16,0,NO,N/A,N/A,N/A,N/A,N/A,N/A,N/A
2,4294967295,835,22,_Z24add_rms_norm_bias_customIfEvPhS0_S0_S0_S0_mmjff,_Z24add_rms_norm_bias_customIfEvPhS0_S0_S0_S0_mmjff,dynamic,AI_VECTOR_CORE,1791520731243440.046	,5.040,86.110000,16,0,NO,N/A,N/A,N/A,N/A,N/A,N/A,N/A
2,4294967295,838,22,_Z24add_rms_norm_bias_customIfEvPhS0_S0_S0_S0_mmjff,_Z24add_rms_norm_bias_customIfEvPhS0_S0_S0_S0_mmjff,dynamic,AI_VECTOR_CORE,1791520731243549.886	,4.780,104.960000,16,0,NO,N/A,N/A,N/A,N/A,N/A,N/A,N/A
2,4294967295,841,22,_Z24add_rms_norm_bias_customIfEvPhS0_S0_S0_S0_mmjff,_Z24add_rms_norm_bias_customIfEvPhS0_S0_S0_S0_mmjff,dynamic,AI_VECTOR_CORE,1791520731243679.270	,4.540,124.470000,16,0,NO,N/A,N/A,N/A,N/A,N/A,N/A,N/A
2,4294967295,844,22,_Z24add_rms_norm_bias_customIfEvPhS0_S0_S0_S0_mmjff,_Z24add_rms_norm_bias_customIfEvPhS0_S0_S0_S0_mmjff,dynamic,AI_VECTOR_CORE,1791520731243809.034	,52.960,125.210000,16,0,NO,N/A,N/A,N/A,N/A,N/A,N/A,N/A
2,4294967295,847,22,_Z24add_rms_norm_bias_customIfEvPhS0_S0_S0_S0_mmjff,_Z24add_rms_norm_bias_customIfEvPhS0_S0_S0_S0_mmjff,dynamic,AI_VECTOR_CORE,1791520731243926.914	,5.100,65.040000,16,0,NO,N/A,N/A,N/A,N/A,N/A,N/A,N/A
2,4294967295,850,22,_Z24add_rms_norm_bias_customIfEvPhS0_S0_S0_S0_mmjff,_Z24add_rms_norm_bias_customIfEvPhS0_S0_S0_S0_mmjff,dynamic,AI_VECTOR_CORE,1791520731244029.078	,4.700,96.900000,16,0,NO,N/A,N/A,N/A,N/A,N/A,N/A,N/A
2,4294967295,853,22,_Z24add_rms_norm_bias_customIfEvPhS0_S0_S0_S0_mmjff,_Z24add_rms_norm_bias_customIfEvPhS0_S0_S0_S0_mmjff,dynamic,AI_VECTOR_CORE,1791520731244123.638	,4.800,90.050000,16,0,NO,N/A,N/A,N/A,N/A,N/A,N/A,N/A
2,4294967295,856,22,_Z24add_rms_norm_bias_customIfEvPhS0_S0_S0_S0_mmjff,_Z24add_rms_norm_bias_customIfEvPhS0_S0_S0_S0_mmjff,dynamic,AI_VECTOR_CORE,1791520731244227.562	,5.100,98.950000,16,0,NO,N/A,N/A,N/A,N/A,N/A,N/A,N/A
2,4294967295,859,22,_Z24add_rms_norm_bias_customIfEvPhS0_S0_S0_S0_mmjff,_Z24add_rms_norm_bias_customIfEvPhS0_S0_S0_S0_mmjff,dynamic,AI_VECTOR_CORE,1791520731244328.102	,4.680,95.400000,16,0,NO,N/A,N/A,N/A,N/A,N/A,N/A,N/A
2,4294967295,862,22,_Z24add_rms_norm_bias_customIfEvPhS0_S0_S0_S0_mmjff,_Z24add_rms_norm_bias_customIfEvPhS0_S0_S0_S0_mmjff,dynamic,AI_VECTOR_CORE,1791520731244413.966	,37.980,81.320000,16,0,NO,N/A,N/A,N/A,N/A,N/A,N/A,N/A
2,4294967295,865,22,_Z24add_rms_norm_bias_customIfEvPhS0_S0_S0_S0_mmjff,_Z24add_rms_norm_bias_customIfEvPhS0_S0_S0_S0_mmjff,dynamic,AI_VECTOR_CORE,1791520731244516.606	,4.520,64.520000,16,0,NO,N/A,N/A,N/A,N/A,N/A,N/A,N/A
2,4294967295,868,22,_Z24add_rms_norm_bias_customIfEvPhS0_S0_S0_S0_mmjff,_Z24add_rms_norm_bias_customIfEvPhS0_S0_S0_S0_mmjff,dynamic,AI_VECTOR_CORE,1791520731244639.210	,5.180,118.230000,16,0,NO,N/A,N/A,N/A,N/A,N/A,N/A,N/A
2,4294967295,871,22,_Z24add_rms_norm_bias_customIfEvPhS0_S0_S0_S0_mmjff,_Z24add_rms_norm_bias_customIfEvPhS0_S0_S0_S0_mmjff,dynamic,AI_VECTOR_CORE,1791520731244747.210	,4.760,102.820000,16,0,NO,N/A,N/A,N/A,N/A,N/A,N/A,N/A
2,4294967295,874,22,_Z24add_rms_norm_bias_customIfEvPhS0_S0_S0_S0_mmjff,_Z24add_rms_norm_bias_customIfEvPhS0_S0_S0_S0_mmjff,dynamic,AI_VECTOR_CORE,1791520731244841.214	,4.860,89.240000,16,0,NO,N/A,N/A,N/A,N/A,N/A,N/A,N/A
2,4294967295,877,22,_Z24add_rms_norm_bias_customIfEvPhS0_S0_S0_S0_mmjff,_Z24add_rms_norm_bias_customIfEvPhS0_S0_S0_S0_mmjff,dynamic,AI_VECTOR_CORE,1791520731244943.154	,4.740,97.140000,16,0,NO,N/A,N/A,N/A,N/A,N/A,N/A,N/A
2,4294967295,880,22,_Z24add_rms_norm_bias_customIfEvPhS0_S0_S0_S0_mmjff,_Z24add_rms_norm_bias_customIfEvPhS0_S0_S0_S0_mmjff,dynamic,AI_VECTOR_CORE,1791520731245041.098	,9.860,93.010000,16,0,NO,N/A,N/A,N/A,N/A,N/A,N/A,N/A
2,4294967295,883,22,_Z24add_rms_norm_bias_customIfEvPhS0_S0_S0_S0_mmjff,_Z24add_rms_norm_bias_customIfEvPhS0_S0_S0_S0_mmjff,dynamic,AI_VECTOR_CORE,1791520731245134.418	,4.500,83.640000,16,0,NO,N/A,N/A,N/A,N/A,N/A,N/A,N/A
2,4294967295,885,22,_Z24add_rms_norm_bias_customIfEvPhS0_S0_S0_S0_mmjff,_Z24add_rms_norm_bias_customIfEvPhS0_S0_S0_S0_mmjff,dynamic,AI_VECTOR_CORE,1791520731245535.906	,2.600,397.000000,1,0,NO,N/A,N/A,N/A,N/A,N/A,N/A,N/A
2,4294967295,886,22,_Z24add_rms_norm_bias_customIfEvPhS0_S0_S0_S0_mmjff,_Z24add_rms_norm_bias_customIfEvPhS0_S0_S0_S0_mmjff,dynamic,AI_VECTOR_CORE,1791520731245603.266	,31.484,64.650000,1,0,NO,N/A,N/A,N/A,N/A,N/A,N/A,N/A
2,4294967295,888,22,_Z24add_rms_norm_bias_customIfEvPhS0_S0_S0_S0_mmjff,_Z24add_rms_norm_bias_customIfEvPhS0_S0_S0_S0_mmjff,dynamic,AI_VECTOR_CORE,1791520731245701.950	,2.320,67.266000,1,0,NO,N/A,N/A,N/A,N/A,N/A,N/A,N/A
2,4294967295,889,22,_Z24add_rms_norm_bias_customIfEvPhS0_S0_S0_S0_mmjff,_Z24add_rms_norm_bias_customIfEvPhS0_S0_S0_S0_mmjff,dynamic,AI_VECTOR_CORE,1791520731245754.570	,2.300,50.180000,1,0,NO,N/A,N/A,N/A,N/A,N/A,N/A,N/A
2,4294967295,890,22,_Z24add_rms_norm_bias_customIfEvPhS0_S0_S0_S0_mmjff,_Z24add_rms_norm_bias_customIfEvPhS0_S0_S0_S0_mmjff,dynamic,AI_VECTOR_CORE,1791520731245776.810	,2.320,19.950000,1,0,NO,N/A,N/A,N/A,N/A,N/A,N/A,N/A
2,4294967295,891,22,_Z24add_rms_norm_bias_customIfEvPhS0_S0_S0_S0_mmjff,_Z24add_rms_norm_bias_customIfEvPhS0_S0_S0_S0_mmjff,dynamic,AI_VECTOR_CORE,1791520731245803.130	,2.540,24.180000,1,0,NO,N/A,N/A,N/A,N/A,N/A,N/A,N/A
2,4294967295,892,22,_Z24add_rms_norm_bias_customIfEvPhS0_S0_S0_S0_mmjff,_Z24add_rms_norm_bias_customIfEvPhS0_S0_S0_S0_mmjff,dynamic,AI_VECTOR_CORE,1791520731245831.054	,2.360,25.210000,1,0,NO,N/A,N/A,N/A,N/A,N/A,N/A,N/A
2,4294967295,893,22,_Z24add_rms_norm_bias_customIfEvPhS0_S0_S0_S0_mmjff,_Z24add_rms_norm_bias_customIfEvPhS0_S0_S0_S0_mmjff,dynamic,AI_VECTOR_CORE,1791520731245856.534	,2.360,23.140000,1,0,NO,N/A,N/A,N/A,N/A,N/A,N/A,N/A
2,4294967295,894,22,_Z24add_rms_norm_bias_customIfEvPhS0_S0_S0_S0_mmjff,_Z24add_rms_norm_bias_customIfEvPhS0_S0_S0_S0_mmjff,dynamic,AI_VECTOR_CORE,1791520731245882.454	,2.320,23.640000,1,0,NO,N/A,N/A,N/A,N/A,N/A,N/A,N/A
2,4294967295,895,22,_Z24add_rms_norm_bias_customIfEvPhS0_S0_S0_S0_mmjff,_Z24add_rms_norm_bias_customIfEvPhS0_S0_S0_S0_mmjff,dynamic,AI_VECTOR_CORE,1791520731245909.174	,2.200,24.430000,1,0,NO,N/A,N/A,N/A,N/A,N/A,N/A,N/A
2,4294967295,896,22,_Z24add_rms_norm_bias_customIfEvPhS0_S0_S0_S0_mmjff,_Z24add_rms_norm_bias_customIfEvPhS0_S0_S0_S0_mmjff,dynamic,AI_VECTOR_CORE,1791520731245933.874	,2.160,22.300000,1,0,NO,N/A,N/A,N/A,N/A,N/A,N/A,N/A
2,4294967295,897,22,_Z24add_rms_norm_bias_customIfEvPhS0_S0_S0_S0_mmjff,_Z24add_rms_norm_bias_customIfEvPhS0_S0_S0_S0_mmjff,dynamic,AI_VECTOR_CORE,1791520731245957.954	,2.180,22.090000,1,0,NO,N/A,N/A,N/A,N/A,N/A,N/A,N/A
2,4294967295,898,22,_Z24add_rms_norm_bias_customIfEvPhS0_S0_S0_S0_mmjff,_Z24add_rms_norm_bias_customIfEvPhS0_S0_S0_S0_mmjff,dynamic,AI_VECTOR_CORE,1791520731245977.414	,2.160,17.320000,1,0,NO,N/A,N/A,N/A,N/A,N/A,N/A,N/A
2,4294967295,899,22,_Z24add_rms_norm_bias_customIfEvPhS0_S0_S0_S0_mmjff,_Z24add_rms_norm_bias_customIfEvPhS0_S0_S0_S0_mmjff,dynamic,AI_VECTOR_CORE,1791520731246032.518	,2.220,52.840000,1,0,NO,N/A,N/A,N/A,N/A,N/A,N/A,N/A
2,4294967295,900,22,_Z24add_rms_norm_bias_customIfEvPhS0_S0_S0_S0_mmjff,_Z24add_rms_norm_bias_customIfEvPhS0_S0_S0_S0_mmjff,dynamic,AI_VECTOR_CORE,1791520731246059.738	,2.240,25.030000,1,0,NO,N/A,N/A,N/A,N/A,N/A,N/A,N/A
2,4294967295,901,22,_Z24add_rms_norm_bias_customIfEvPhS0_S0_S0_S0_mmjff,_Z24add_rms_norm_bias_customIfEvPhS0_S0_S0_S0_mmjff,dynamic,AI_VECTOR_CORE,1791520731246077.978	,2.280,16.010000,1,0,NO,N/A,N/A,N/A,N/A,N/A,N/A,N/A
2,4294967295,902,22,_Z24add_rms_norm_bias_customIfEvPhS0_S0_S0_S0_mmjff,_Z24add_rms_norm_bias_customIfEvPhS0_S0_S0_S0_mmjff,dynamic,AI_VECTOR_CORE,1791520731246107.378	,2.440,27.220000,1,0,NO,N/A,N/A,N/A,N/A,N/A,N/A,N/A
2,4294967295,903,22,_Z24add_rms_norm_bias_customIfEvPhS0_S0_S0_S0_mmjff,_Z24add_rms_norm_bias_customIfEvPhS0_S0_S0_S0_mmjff,dynamic,AI_VECTOR_CORE,1791520731246128.198	,2.340,18.310000,1,0,NO,N/A,N/A,N/A,N/A,N/A,N/A,N/A
2,4294967295,904,22,_Z24add_rms_norm_bias_customIfEvPhS0_S0_S0_S0_mmjff,_Z24add_rms_norm_bias_customIfEvPhS0_S0_S0_S0_mmjff,dynamic,AI_VECTOR_CORE,1791520731246150.498	,55.860,19.910000,1,0,NO,N/A,N/A,N/A,N/A,N/A,N/A,N/A
2,4294967295,906,22,_Z24add_rms_norm_bias_customIfEvPhS0_S0_S0_S0_mmjff,_Z24add_rms_norm_bias_customIfEvPhS0_S0_S0_S0_mmjff,dynamic,AI_VECTOR_CORE,1791520731246283.022	,2.380,76.640000,1,0,NO,N/A,N/A,N/A,N/A,N/A,N/A,N/A
2,4294967295,907,22,_Z24add_rms_norm_bias_customIfEvPhS0_S0_S0_S0_mmjff,_Z24add_rms_norm_bias_customIfEvPhS0_S0_S0_S0_mmjff,dynamic,AI_VECTOR_CORE,1791520731246330.242	,7.880,44.870000,1,0,NO,N/A,N/A,N/A,N/A,N/A,N/A,N/A
2,4294967295,909,22,_Z24add_rms_norm_bias_customIfEvPhS0_S0_S0_S0_mmjff,_Z24add_rms_norm_bias_customIfEvPhS0_S0_S0_S0_mmjff,dynamic,AI_VECTOR_CORE,1791520731246419.126	,2.200,81.120000,1,0,NO,N/A,N/A,N/A,N/A,N/A,N/A,N/A
2,4294967295,910,22,_Z24add_rms_norm_bias_customIfEvPhS0_S0_S0_S0_mmjff,_Z24add_rms_norm_bias_customIfEvPhS0_S0_S0_S0_mmjff,dynamic,AI_VECTOR_CORE,1791520731246449.786	,2.220,28.300000,1,0,NO,N/A,N/A,N/A,N/A,N/A,N/A,N/A
2,4294967295,911,22,_Z24add_rms_norm_bias_customIfEvPhS0_S0_S0_S0_mmjff,_Z24add_rms_norm_bias_customIfEvPhS0_S0_S0_S0_mmjff,dynamic,AI_VECTOR_CORE,1791520731246476.646	,2.260,24.780000,1,0,NO,N/A,N/A,N/A,N/A,N/A,N/A,N/A
2,4294967295,912,22,_Z24add_rms_norm_bias_customIfEvPhS0_S0_S0_S0_mmjff,_Z24add_rms_norm_bias_customIfEvPhS0_S0_S0_S0_mmjff,dynamic,AI_VECTOR_CORE,1791520731246509.626	,2.260,30.740000,1,0,NO,N/A,N/A,N/A,N/A,N/A,N/A,N/A
2,4294967295,913,22,_Z24add_rms_norm_bias_customIfEvPhS0_S0_S0_S0_mmjff,_Z24add_rms_norm_bias_customIfEvPhS0_S0_S0_S0_mmjff,dynamic,AI_VECTOR_CORE,1791520731246557.846	,2.320,45.740000,1,0,NO,N/A,N/A,N/A,N/A,N/A,N/A,N/A
2,4294967295,914,22,_Z24add_rms_norm_bias_customIfEvPhS0_S0_S0_S0_mmjff,_Z24add_rms_norm_bias_customIfEvPhS0_S0_S0_S0_mmjff,dynamic,AI_VECTOR_CORE,1791520731246596.426	,2.300,36.430000,1,0,NO,N/A,N/A,N/A,N/A,N/A,N/A,N/A
2,4294967295,915,22,_Z24add_rms_norm_bias_customIfEvPhS0_S0_S0_S0_mmjff,_Z24add_rms_norm_bias_customIfEvPhS0_S0_S0_S0_mmjff,dynamic,AI_VECTOR_CORE,1791520731246621.130	,2.180,22.450000,1,0,NO,N/A,N/A,N/A,N/A,N/A,N/A,N/A
2,4294967295,916,22,_Z24add_rms_norm_bias_customIfEvPhS0_S0_S0_S0_mmjff,_Z24add_rms_norm_bias_customIfEvPhS0_S0_S0_S0_mmjff,dynamic,AI_VECTOR_CORE,1791520731246645.890	,2.160,22.570000,1,0,NO,N/A,N/A,N/A,N/A,N/A,N/A,N/A
2,4294967295,917,22,_Z24add_rms_norm_bias_customIfEvPhS0_S0_S0_S0_mmjff,_Z24add_rms_norm_bias_customIfEvPhS0_S0_S0_S0_mmjff,dynamic,AI_VECTOR_CORE,1791520731246672.870	,2.320,24.590000,1,0,NO,N/A,N/A,N/A,N/A,N/A,N/A,N/A
2,4294967295,918,22,_Z24add_rms_norm_bias_customIfEvPhS0_S0_S0_S0_mmjff,_Z24add_rms_norm_bias_customIfEvPhS0_S0_S0_S0_mmjff,dynamic,AI_VECTOR_CORE,1791520731246704.390	,2.160,29.430000,1,0,NO,N/A,N/A,N/A,N/A,N/A,N/A,N/A
2,4294967295,919,22,_Z24add_rms_norm_bias_customIfEvPhS0_S0_S0_S0_mmjff,_Z24add_rms_norm_bias_customIfEvPhS0_S0_S0_S0_mmjff,dynamic,AI_VECTOR_CORE,1791520731246726.790	,65.160,20.090000,1,0,NO,N/A,N/A,N/A,N/A,N/A,N/A,N/A
2,4294967295,921,22,_Z24add_rms_norm_bias_customIfEvPhS0_S0_S0_S0_mmjff,_Z24add_rms_norm_bias_customIfEvPhS0_S0_S0_S0_mmjff,dynamic,AI_VECTOR_CORE,1791520731246863.034	,2.440,71.090000,1,0,NO,N/A,N/A,N/A,N/A,N/A,N/A,N/A
2,4294967295,922,22,_Z24add_rms_norm_bias_customIfEvPhS0_S0_S0_S0_mmjff,_Z24add_rms_norm_bias_customIfEvPhS0_S0_S0_S0_mmjff,dynamic,AI_VECTOR_CORE,1791520731246894.934	,2.240,29.560000,1,0,NO,N/A,N/A,N/A,N/A,N/A,N/A,N/A
2,4294967295,923,22,_Z24add_rms_norm_bias_customIfEvPhS0_S0_S0_S0_mmjff,_Z24add_rms_norm_bias_customIfEvPhS0_S0_S0_S0_mmjff,dynamic,AI_VECTOR_CORE,1791520731246930.114	,2.260,32.760000,1,0,NO,N/A,N/A,N/A,N/A,N/A,N/A,N/A
2,4294967295,924,22,_Z24add_rms_norm_bias_customIfEvPhS0_S0_S0_S0_mmjff,_Z24add_rms_norm_bias_customIfEvPhS0_S0_S0_S0_mmjff,dynamic,AI_VECTOR_CORE,1791520731246956.614	,2.320,24.240000,1,0,NO,N/A,N/A,N/A,N/A,N/A,N/A,N/A
2,4294967295,925,22,_Z24add_rms_norm_bias_customIfEvPhS0_S0_S0_S0_mmjff,_Z24add_rms_norm_bias_customIfEvPhS0_S0_S0_S0_mmjff,dynamic,AI_VECTOR_CORE,1791520731246977.674	,2.300,18.930000,1,0,NO,N/A,N/A,N/A,N/A,N/A,N/A,N/A
2,4294967295,926,22,_Z24add_rms_norm_bias_customIfEvPhS0_S0_S0_S0_mmjff,_Z24add_rms_norm_bias_customIfEvPhS0_S0_S0_S0_mmjff,dynamic,AI_VECTOR_CORE,1791520731246999.434	,2.280,19.450000,1,0,NO,N/A,N/A,N/A,N/A,N/A,N/A,N/A
2,4294967295,927,22,_Z24add_rms_norm_bias_customIfEvPhS0_S0_S0_S0_mmjff,_Z24add_rms_norm_bias_customIfEvPhS0_S0_S0_S0_mmjff,dynamic,AI_VECTOR_CORE,1791520731247040.138	,2.200,38.470000,1,0,NO,N/A,N/A,N/A,N/A,N/A,N/A,N/A
2,4294967295,928,22,_Z24add_rms_norm_bias_customIfEvPhS0_S0_S0_S0_mmjff,_Z24add_rms_norm_bias_customIfEvPhS0_S0_S0_S0_mmjff,dynamic,AI_VECTOR_CORE,1791520731247074.478	,2.180,32.050000,1,0,NO,N/A,N/A,N/A,N/A,N/A,N/A,N/A
2,4294967295,929,22,_Z24add_rms_norm_bias_customIfEvPhS0_S0_S0_S0_mmjff,_Z24add_rms_norm_bias_customIfEvPhS0_S0_S0_S0_mmjff,dynamic,AI_VECTOR_CORE,1791520731247097.338	,2.200,20.570000,1,0,NO,N/A,N/A,N/A,N/A,N/A,N/A,N/A
2,4294967295,930,22,_Z24add_rms_norm_bias_customIfEvPhS0_S0_S0_S0_mmjff,_Z24add_rms_norm_bias_customIfEvPhS0_S0_S0_S0_mmjff,dynamic,AI_VECTOR_CORE,1791520731247117.978	,6.240,18.550000,1,0,NO,N/A,N/A,N/A,N/A,N/A,N/A,N/A
2,4294967295,931,22,_Z24add_rms_norm_bias_customIfEvPhS0_S0_S0_S0_mmjff,_Z24add_rms_norm_bias_customIfEvPhS0_S0_S0_S0_mmjff,dynamic,AI_VECTOR_CORE,1791520731247141.918	,2.260,17.760000,1,0,NO,N/A,N/A,N/A,N/A,N/A,N/A,N/A
2,4294967295,932,22,_Z24add_rms_norm_bias_customIfEvPhS0_S0_S0_S0_mmjff,_Z24add_rms_norm_bias_customIfEvPhS0_S0_S0_S0_mmjff,dynamic,AI_VECTOR_CORE,1791520731247168.458	,2.280,24.240000,1,0,NO,N/A,N/A,N/A,N/A,N/A,N/A,N/A
2,4294967295,933,22,_Z24add_rms_norm_bias_customIfEvPhS0_S0_S0_S0_mmjff,_Z24add_rms_norm_bias_customIfEvPhS0_S0_S0_S0_mmjff,dynamic,AI_VECTOR_CORE,1791520731247204.678	,2.300,33.970000,1,0,NO,N/A,N/A,N/A,N/A,N/A,N/A,N/A
2,4294967295,935,22,_Z24add_rms_norm_bias_customIfEvPhS0_S0_S0_S0_mmjff,_Z24add_rms_norm_bias_customIfEvPhS0_S0_S0_S0_mmjff,dynamic,AI_VECTOR_CORE,1791520731247291.062	,2.580,83.950000,1,0,NO,N/A,N/A,N/A,N/A,N/A,N/A,N/A
2,4294967295,936,22,_Z24add_rms_norm_bias_customIfEvPhS0_S0_S0_S0_mmjff,_Z24add_rms_norm_bias_customIfEvPhS0_S0_S0_S0_mmjff,dynamic,AI_VECTOR_CORE,1791520731247347.722	,2.440,54.170000,1,0,NO,N/A,N/A,N/A,N/A,N/A,N/A,N/A
2,4294967295,938,22,_Z24add_rms_norm_bias_customIfEvPhS0_S0_S0_S0_mmjff,_Z24add_rms_norm_bias_customIfEvPhS0_S0_S0_S0_mmjff,dynamic,AI_VECTOR_CORE,1791520731247422.126	,2.260,72.060000,1,0,NO,N/A,N/A,N/A,N/A,N/A,N/A,N/A
2,4294967295,939,22,_Z24add_rms_norm_bias_customIfEvPhS0_S0_S0_S0_mmjff,_Z24add_rms_norm_bias_customIfEvPhS0_S0_S0_S0_mmjff,dynamic,AI_VECTOR_CORE,1791520731247456.966	,2.400,32.490000,1,0,NO,N/A,N/A,N/A,N/A,N/A,N/A,N/A
2,4294967295,940,22,_Z24add_rms_norm_bias_customIfEvPhS0_S0_S0_S0_mmjff,_Z24add_rms_norm_bias_customIfEvPhS0_S0_S0_S0_mmjff,dynamic,AI_VECTOR_CORE,1791520731247481.486	,2.300,22.100000,1,0,NO,N/A,N/A,N/A,N/A,N/A,N/A,N/A
2,4294967295,941,22,_Z24add_rms_norm_bias_customIfEvPhS0_S0_S0_S0_mmjff,_Z24add_rms_norm_bias_customIfEvPhS0_S0_S0_S0_mmjff,dynamic,AI_VECTOR_CORE,1791520731247507.806	,2.520,23.950000,1,0,NO,N/A,N/A,N/A,N/A,N/A,N/A,N/A
2,4294967295,942,22,_Z24add_rms_norm_bias_customIfEvPhS0_S0_S0_S0_mmjff,_Z24add_rms_norm_bias_customIfEvPhS0_S0_S0_S0_mmjff,dynamic,AI_VECTOR_CORE,1791520731247553.266	,2.500,42.980000,1,0,NO,N/A,N/A,N/A,N/A,N/A,N/A,N/A
2,4294967295,943,22,_Z24add_rms_norm_bias_customIfEvPhS0_S0_S0_S0_mmjff,_Z24add_rms_norm_bias_customIfEvPhS0_S0_S0_S0_mmjff,dynamic,AI_VECTOR_CORE,1791520731247580.926	,2.500,25.250000,1,0,NO,N/A,N/A,N/A,N/A,N/A,N/A,N/A
2,4294967295,944,22,_Z24add_rms_norm_bias_customIfEvPhS0_S0_S0_S0_mmjff,_Z24add_rms_norm_bias_customIfEvPhS0_S0_S0_S0_mmjff,dynamic,AI_VECTOR_CORE,1791520731247609.266	,2.440,25.750000,1,0,NO,N/A,N/A,N/A,N/A,N/A,N/A,N/A
2,4294967295,945,22,_Z24add_rms_norm_bias_customIfEvPhS0_S0_S0_S0_mmjff,_Z24add_rms_norm_bias_customIfEvPhS0_S0_S0_S0_mmjff,dynamic,AI_VECTOR_CORE,1791520731247628.590	,2.480,16.810000,1,0,NO,N/A,N/A,N/A,N/A,N/A,N/A,N/A
2,4294967295,946,22,_Z24add_rms_norm_bias_customIfEvPhS0_S0_S0_S0_mmjff,_Z24add_rms_norm_bias_customIfEvPhS0_S0_S0_S0_mmjff,dynamic,AI_VECTOR_CORE,1791520731247657.690	,2.460,26.770000,1,0,NO,N/A,N/A,N/A,N/A,N/A,N/A,N/A
2,4294967295,947,22,_Z24add_rms_norm_bias_customIfEvPhS0_S0_S0_S0_mmjff,_Z24add_rms_norm_bias_customIfEvPhS0_S0_S0_S0_mmjff,dynamic,AI_VECTOR_CORE,1791520731247682.190	,2.500,22.040000,1,0,NO,N/A,N/A,N/A,N/A,N/A,N/A,N/A
2,4294967295,948,22,_Z24add_rms_norm_bias_customIfEvPhS0_S0_S0_S0_mmjff,_Z24add_rms_norm_bias_customIfEvPhS0_S0_S0_S0_mmjff,dynamic,AI_VECTOR_CORE,1791520731247706.550	,2.520,21.750000,1,0,NO,N/A,N/A,N/A,N/A,N/A,N/A,N/A
2,4294967295,949,22,_Z24add_rms_norm_bias_customIfEvPhS0_S0_S0_S0_mmjff,_Z24add_rms_norm_bias_customIfEvPhS0_S0_S0_S0_mmjff,dynamic,AI_VECTOR_CORE,1791520731247746.810	,2.420,37.730000,1,0,NO,N/A,N/A,N/A,N/A,N/A,N/A,N/A
2,4294967295,950,22,_Z24add_rms_norm_bias_customIfEvPhS0_S0_S0_S0_mmjff,_Z24add_rms_norm_bias_customIfEvPhS0_S0_S0_S0_mmjff,dynamic,AI_VECTOR_CORE,1791520731247771.110	,2.340,21.830000,1,0,NO,N/A,N/A,N/A,N/A,N/A,N/A,N/A
2,4294967295,952,22,_Z24add_rms_norm_bias_customIfEvPhS0_S0_S0_S0_mmjff,_Z24add_rms_norm_bias_customIfEvPhS0_S0_S0_S0_mmjff,dynamic,AI_VECTOR_CORE,1791520731247850.774	,2.500,77.410000,1,0,NO,N/A,N/A,N/A,N/A,N/A,N/A,N/A
2,4294967295,955,22,_Z24add_rms_norm_bias_customIfEvPhS0_S0_S0_S0_mmjff,_Z24add_rms_norm_bias_customIfEvPhS0_S0_S0_S0_mmjff,dynamic,AI_VECTOR_CORE,1791520731247957.034	,11.200,103.750000,1,0,NO,N/A,N/A,N/A,N/A,N/A,N/A,N/A
2,4294967295,958,22,_Z24add_rms_norm_bias_customIfEvPhS0_S0_S0_S0_mmjff,_Z24add_rms_norm_bias_customIfEvPhS0_S0_S0_S0_mmjff,dynamic,AI_VECTOR_CORE,1791520731248052.598	,2.500,84.300000,1,0,NO,N/A,N/A,N/A,N/A,N/A,N/A,N/A
2,4294967295,961,22,_Z24add_rms_norm_bias_customIfEvPhS0_S0_S0_S0_mmjff,_Z24add_rms_norm_bias_customIfEvPhS0_S0_S0_S0_mmjff,dynamic,AI_VECTOR_CORE,1791520731248176.098	,2.500,121.000000,1,0,NO,N/A,N/A,N/A,N/A,N/A,N/A,N/A
2,4294967295,964,22,_Z24add_rms_norm_bias_customIfEvPhS0_S0_S0_S0_mmjff,_Z24add_rms_norm_bias_customIfEvPhS0_S0_S0_S0_mmjff,dynamic,AI_VECTOR_CORE,1791520731248285.882	,2.600,107.500000,1,0,NO,N/A,N/A,N/A,N/A,N/A,N/A,N/A
2,4294967295,967,22,_Z24add_rms_norm_bias_customIfEvPhS0_S0_S0_S0_mmjff,_Z24add_rms_norm_bias_customIfEvPhS0_S0_S0_S0_mmjff,dynamic,AI_VECTOR_CORE,1791520731248392.682	,2.780,104.150000,1,0,NO,N/A,N/A,N/A,N/A,N/A,N/A,N/A
2,4294967295,970,22,_Z24add_rms_norm_bias_customIfEvPhS0_S0_S0_S0_mmjff,_Z24add_rms_norm_bias_customIfEvPhS0_S0_S0_S0_mmjff,dynamic,AI_VECTOR_CORE,1791520731248483.546	,2.460,87.970000,1,0,NO,N/A,N/A,N/A,N/A,N/A,N/A,N/A
2,4294967295,973,22,_Z24add_rms_norm_bias_customIfEvPhS0_S0_S0_S0_mmjff,_Z24add_rms_norm_bias_customIfEvPhS0_S0_S0_S0_mmjff,dynamic,AI_VECTOR_CORE,1791520731248590.166	,2.440,104.290000,1,0,NO,N/A,N/A,N/A,N/A,N/A,N/A,N/A
2,4294967295,976,22,_Z24add_rms_norm_bias_customIfEvPhS0_S0_S0_S0_mmjff,_Z24add_rms_norm_bias_customIfEvPhS0_S0_S0_S0_mmjff,dynamic,AI_VECTOR_CORE,1791520731248687.130	,2.280,94.560000,1,0,NO,N/A,N/A,N/A,N/A,N/A,N/A,N/A
2,4294967295,979,22,_Z24add_rms_norm_bias_customIfEvPhS0_S0_S0_S0_mmjff,_Z24add_rms_norm_bias_customIfEvPhS0_S0_S0_S0_mmjff,dynamic,AI_VECTOR_CORE,1791520731248787.150	,2.300,97.720000,1,0,NO,N/A,N/A,N/A,N/A,N/A,N/A,N/A
2,4294967295,982,22,_Z24add_rms_norm_bias_customIfEvPhS0_S0_S0_S0_mmjff,_Z24add_rms_norm_bias_customIfEvPhS0_S0_S0_S0_mmjff,dynamic,AI_VECTOR_CORE,1791520731248903.354	,2.320,113.700000,1,0,NO,N/A,N/A,N/A,N/A,N/A,N/A,N/A
2,4294967295,985,22,_Z24add_rms_norm_bias_customIfEvPhS0_S0_S0_S0_mmjff,_Z24add_rms_norm_bias_customIfEvPhS0_S0_S0_S0_mmjff,dynamic,AI_VECTOR_CORE,1791520731249033.458	,2.300,127.930000,1,0,NO,N/A,N/A,N/A,N/A,N/A,N/A,N/A
2,4294967295,988,22,_Z24add_rms_norm_bias_customIfEvPhS0_S0_S0_S0_mmjff,_Z24add_rms_norm_bias_customIfEvPhS0_S0_S0_S0_mmjff,dynamic,AI_VECTOR_CORE,1791520731249134.058	,2.280,98.200000,1,0,NO,N/A,N/A,N/A,N/A,N/A,N/A,N/A
2,4294967295,991,22,_Z24add_rms_norm_bias_customIfEvPhS0_S0_S0_S0_mmjff,_Z24add_rms_norm_bias_customIfEvPhS0_S0_S0_S0_mmjff,dynamic,AI_VECTOR_CORE,1791520731249251.782	,2.320,115.470000,1,0,NO,N/A,N/A,N/A,N/A,N/A,N/A,N/A
2,4294967295,994,22,_Z24add_rms_norm_bias_customIfEvPhS0_S0_S0_S0_mmjff,_Z24add_rms_norm_bias_customIfEvPhS0_S0_S0_S0_mmjff,dynamic,AI_VECTOR_CORE,1791520731249368.102	,2.340,113.930000,1,0,NO,N/A,N/A,N/A,N/A,N/A,N/A,N/A
2,4294967295,997,22,_Z24add_rms_norm_bias_customIfEvPhS0_S0_S0_S0_mmjff,_Z24add_rms_norm_bias_customIfEvPhS0_S0_S0_S0_mmjff,dynamic,AI_VECTOR_CORE,1791520731249461.126	,2.320,90.910000,1,0,NO,N/A,N/A,N/A,N/A,N/A,N/A,N/A
2,4294967295,1000,22,_Z24add_rms_norm_bias_customIfEvPhS0_S0_S0_S0_mmjff,_Z24add_rms_norm_bias_customIfEvPhS0_S0_S0_S0_mmjff,dynamic,AI_VECTOR_CORE,1791520731249566.666	,2.540,103.180000,1,0,NO,N/A,N/A,N/A,N/A,N/A,N/A,N/A
2,4294967295,1003,22,_Z24add_rms_norm_bias_customIfEvPhS0_S0_S0_S0_mmjff,_Z24add_rms_norm_bias_customIfEvPhS0_S0_S0_S0_mmjff,dynamic,AI_VECTOR_CORE,1791520731249674.470	,2.360,105.210000,1,0,NO,N/A,N/A,N/A,N/A,N/A,N/A,N/A
2,4294967295,1006,22,_Z24add_rms_norm_bias_customIfEvPhS0_S0_S0_S0_mmjff,_Z24add_rms_norm_bias_customIfEvPhS0_S0_S0_S0_mmjff,dynamic,AI_VECTOR_CORE,1791520731249771.450	,2.460,94.640000,1,0,NO,N/A,N/A,N/A,N/A,N/A,N/A,N/A
2,4294967295,1009,22,_Z24add_rms_norm_bias_customIfEvPhS0_S0_S0_S0_mmjff,_Z24add_rms_norm_bias_customIfEvPhS0_S0_S0_S0_mmjff,dynamic,AI_VECTOR_CORE,1791520731249865.094	,2.420,91.040000,1,0,NO,N/A,N/A,N/A,N/A,N/A,N/A,N/A
2,4294967295,1012,22,_Z24add_rms_norm_bias_customIfEvPhS0_S0_S0_S0_mmjff,_Z24add_rms_norm_bias_customIfEvPhS0_S0_S0_S0_mmjff,dynamic,AI_VECTOR_CORE,1791520731250004.094	,2.320,136.580000,1,0,NO,N/A,N/A,N/A,N/A,N/A,N/A,N/A
2,4294967295,1015,22,_Z24add_rms_norm_bias_customIfEvPhS0_S0_S0_S0_mmjff,_Z24add_rms_norm_bias_customIfEvPhS0_S0_S0_S0_mmjff,dynamic,AI_VECTOR_CORE,1791520731250093.918	,2.740,87.680000,1,0,NO,N/A,N/A,N/A,N/A,N/A,N/A,N/A
2,4294967295,1018,22,_Z24add_rms_norm_bias_customIfEvPhS0_S0_S0_S0_mmjff,_Z24add_rms_norm_bias_customIfEvPhS0_S0_S0_S0_mmjff,dynamic,AI_VECTOR_CORE,1791520731250189.518	,1.420,92.760000,1,0,NO,N/A,N/A,N/A,N/A,N/A,N/A,N/A
2,4294967295,1021,22,_Z24add_rms_norm_bias_customIfEvPhS0_S0_S0_S0_mmjff,_Z24add_rms_norm_bias_customIfEvPhS0_S0_S0_S0_mmjff,dynamic,AI_VECTOR_CORE,1791520731250295.262	,1.440,104.330000,1,0,NO,N/A,N/A,N/A,N/A,N/A,N/A,N/A
2,4294967295,1024,22,_Z24add_rms_norm_bias_customIfEvPhS0_S0_S0_S0_mmjff,_Z24add_rms_norm_bias_customIfEvPhS0_S0_S0_S0_mmjff,dynamic,AI_VECTOR_CORE,1791520731250391.022	,1.460,94.310000,1,0,NO,N/A,N/A,N/A,N/A,N/A,N/A,N/A
2,4294967295,1027,22,_Z24add_rms_norm_bias_customIfEvPhS0_S0_S0_S0_mmjff,_Z24add_rms_norm_bias_customIfEvPhS0_S0_S0_S0_mmjff,dynamic,AI_VECTOR_CORE,1791520731250493.026	,1.460,100.540000,1,0,NO,N/A,N/A,N/A,N/A,N/A,N/A,N/A
2,4294967295,1030,22,_Z24add_rms_norm_bias_customIfEvPhS0_S0_S0_S0_mmjff,_Z24add_rms_norm_bias_customIfEvPhS0_S0_S0_S0_mmjff,dynamic,AI_VECTOR_CORE,1791520731250613.986	,1.464,119.540000,1,0,NO,N/A,N/A,N/A,N/A,N/A,N/A,N/A
2,4294967295,1033,22,_Z24add_rms_norm_bias_customIfEvPhS0_S0_S0_S0_mmjff,_Z24add_rms_norm_bias_customIfEvPhS0_S0_S0_S0_mmjff,dynamic,AI_VECTOR_CORE,1791520731250698.470	,1.420,83.036000,1,0,NO,N/A,N/A,N/A,N/A,N/A,N/A,N/A
2,4294967295,1036,22,_Z24add_rms_norm_bias_customIfEvPhS0_S0_S0_S0_mmjff,_Z24add_rms_norm_bias_customIfEvPhS0_S0_S0_S0_mmjff,dynamic,AI_VECTOR_CORE,1791520731250821.174	,1.460,121.330000,1,0,NO,N/A,N/A,N/A,N/A,N/A,N/A,N/A
2,4294967295,1039,22,_Z24add_rms_norm_bias_customIfEvPhS0_S0_S0_S0_mmjff,_Z24add_rms_norm_bias_customIfEvPhS0_S0_S0_S0_mmjff,dynamic,AI_VECTOR_CORE,1791520731250922.534	,1.460,99.790000,1,0,NO,N/A,N/A,N/A,N/A,N/A,N/A,N/A
2,4294967295,1042,22,_Z24add_rms_norm_bias_customIfEvPhS0_S0_S0_S0_mmjff,_Z24add_rms_norm_bias_customIfEvPhS0_S0_S0_S0_mmjff,dynamic,AI_VECTOR_CORE,1791520731251039.858	,1.460,115.790000,1,0,NO,N/A,N/A,N/A,N/A,N/A,N/A,N/A
2,4294967295,1045,22,_Z24add_rms_norm_bias_customIfEvPhS0_S0_S0_S0_mmjff,_Z24add_rms_norm_bias_customIfEvPhS0_S0_S0_S0_mmjff,dynamic,AI_VECTOR_CORE,1791520731251138.558	,2.620,97.290000,1,0,NO,N/A,N/A,N/A,N/A,N/A,N/A,N/A
2,4294967295,1048,22,_Z24add_rms_norm_bias_customIfEvPhS0_S0_S0_S0_mmjff,_Z24add_rms_norm_bias_customIfEvPhS0_S0_S0_S0_mmjff,dynamic,AI_VECTOR_CORE,1791520731251247.682	,2.560,106.630000,1,0,NO,N/A,N/A,N/A,N/A,N/A,N/A,N/A
2,4294967295,1051,22,_Z24add_rms_norm_bias_customIfEvPhS0_S0_S0_S0_mmjff,_Z24add_rms_norm_bias_customIfEvPhS0_S0_S0_S0_mmjff,dynamic,AI_VECTOR_CORE,1791520731251337.162	,2.380,86.940000,1,0,NO,N/A,N/A,N/A,N/A,N/A,N/A,N/A
2,4294967295,1054,22,_Z24add_rms_norm_bias_customIfEvPhS0_S0_S0_S0_mmjff,_Z24add_rms_norm_bias_customIfEvPhS0_S0_S0_S0_mmjff,dynamic,AI_VECTOR_CORE,1791520731251440.206	,2.400,100.620000,1,0,NO,N/A,N/A,N/A,N/A,N/A,N/A,N/A
2,4294967295,1057,22,_Z24add_rms_norm_bias_customIfEvPhS0_S0_S0_S0_mmjff,_Z24add_rms_norm_bias_customIfEvPhS0_S0_S0_S0_mmjff,dynamic,AI_VECTOR_CORE,1791520731251536.146	,1.420,93.600000,1,0,NO,N/A,N/A,N/A,N/A,N/A,N/A,N/A
2,4294967295,1060,22,_Z24add_rms_norm_bias_customIfEvPhS0_S0_S0_S0_mmjff,_Z24add_rms_norm_bias_customIfEvPhS0_S0_S0_S0_mmjff,dynamic,AI_VECTOR_CORE,1791520731251647.570	,1.420,109.830000,1,0,NO,N/A,N/A,N/A,N/A,N/A,N/A,N/A
2,4294967295,1063,22,_Z24add_rms_norm_bias_customIfEvPhS0_S0_S0_S0_mmjff,_Z24add_rms_norm_bias_customIfEvPhS0_S0_S0_S0_mmjff,dynamic,AI_VECTOR_CORE,1791520731251787.270	,1.460,138.330000,1,0,NO,N/A,N/A,N/A,N/A,N/A,N/A,N/A
2,4294967295,1066,22,_Z24add_rms_norm_bias_customIfEvPhS0_S0_S0_S0_mmjff,_Z24add_rms_norm_bias_customIfEvPhS0_S0_S0_S0_mmjff,dynamic,AI_VECTOR_CORE,1791520731251879.214	,1.460,90.540000,1,0,NO,N/A,N/A,N/A,N/A,N/A,N/A,N/A
2,4294967295,1069,22,_Z24add_rms_norm_bias_customIfEvPhS0_S0_S0_S0_mmjff,_Z24add_rms_norm_bias_customIfEvPhS0_S0_S0_S0_mmjff,dynamic,AI_VECTOR_CORE,1791520731251976.954	,2.580,96.290000,1,0,NO,N/A,N/A,N/A,N/A,N/A,N/A,N/A
2,4294967295,1072,22,_Z24add_rms_norm_bias_customIfEvPhS0_S0_S0_S0_mmjff,_Z24add_rms_norm_bias_customIfEvPhS0_S0_S0_S0_mmjff,dynamic,AI_VECTOR_CORE,1791520731252073.658	,2.320,94.170000,1,0,NO,N/A,N/A,N/A,N/A,N/A,N/A,N/A
2,4294967295,1075,22,_Z24add_rms_norm_bias_customIfEvPhS0_S0_S0_S0_mmjff,_Z24add_rms_norm_bias_customIfEvPhS0_S0_S0_S0_mmjff,dynamic,AI_VECTOR_CORE,1791520731252171.398	,2.340,95.430000,1,0,NO,N/A,N/A,N/A,N/A,N/A,N/A,N/A
2,4294967295,1078,22,_Z24add_rms_norm_bias_customIfEvPhS0_S0_S0_S0_mmjff,_Z24add_rms_norm_bias_customIfEvPhS0_S0_S0_S0_mmjff,dynamic,AI_VECTOR_CORE,1791520731252261.382	,2.340,87.660000,1,0,NO,N/A,N/A,N/A,N/A,N/A,N/A,N/A
2,4294967295,1081,22,_Z24add_rms_norm_bias_customIfEvPhS0_S0_S0_S0_mmjff,_Z24add_rms_norm_bias_customIfEvPhS0_S0_S0_S0_mmjff,dynamic,AI_VECTOR_CORE,1791520731252363.342	,2.400,99.410000,1,0,NO,N/A,N/A,N/A,N/A,N/A,N/A,N/A
2,4294967295,1084,22,_Z24add_rms_norm_bias_customIfEvPhS0_S0_S0_S0_mmjff,_Z24add_rms_norm_bias_customIfEvPhS0_S0_S0_S0_mmjff,dynamic,AI_VECTOR_CORE,1791520731252467.586	,2.300,101.850000,1,0,NO,N/A,N/A,N/A,N/A,N/A,N/A,N/A
2,4294967295,1087,22,_Z24add_rms_norm_bias_customIfEvPhS0_S0_S0_S0_mmjff,_Z24add_rms_norm_bias_customIfEvPhS0_S0_S0_S0_mmjff,dynamic,AI_VECTOR_CORE,1791520731252603.466	,2.140,133.700000,1,0,NO,N/A,N/A,N/A,N/A,N/A,N/A,N/A
2,4294967295,1090,22,_Z24add_rms_norm_bias_customIfEvPhS0_S0_S0_S0_mmjff,_Z24add_rms_norm_bias_customIfEvPhS0_S0_S0_S0_mmjff,dynamic,AI_VECTOR_CORE,1791520731252715.030	,2.360,109.360000,1,0,NO,N/A,N/A,N/A,N/A,N/A,N/A,N/A
2,4294967295,1093,22,_Z24add_rms_norm_bias_customIfEvPhS0_S0_S0_S0_mmjff,_Z24add_rms_norm_bias_customIfEvPhS0_S0_S0_S0_mmjff,dynamic,AI_VECTOR_CORE,1791520731252820.930	,2.284,103.640000,1,0,NO,N/A,N/A,N/A,N/A,N/A,N/A,N/A
2,4294967295,1096,22,_Z24add_rms_norm_bias_customIfEvPhS0_S0_S0_S0_mmjff,_Z24add_rms_norm_bias_customIfEvPhS0_S0_S0_S0_mmjff,dynamic,AI_VECTOR_CORE,1791520731252931.034	,28.160,107.716000,1,0,NO,N/A,N/A,N/A,N/A,N/A,N/A,N/A
2,4294967295,1099,22,_Z24add_rms_norm_bias_customIfEvPhS0_S0_S0_S0_mmjff,_Z24add_rms_norm_bias_customIfEvPhS0_S0_S0_S0_mmjff,dynamic,AI_VECTOR_CORE,1791520731253046.558	,2.260,87.340000,1,0,NO,N/A,N/A,N/A,N/A,N/A,N/A,N/A
2,4294967295,1102,22,_Z24add_rms_norm_bias_customIfEvPhS0_S0_S0_S0_mmjff,_Z24add_rms_norm_bias_customIfEvPhS0_S0_S0_S0_mmjff,dynamic,AI_VECTOR_CORE,1791520731253123.738	,2.340,74.990000,1,0,NO,N/A,N/A,N/A,N/A,N/A,N/A,N/A
2,4294967295,1105,22,_Z24add_rms_norm_bias_customIfEvPhS0_S0_S0_S0_mmjff,_Z24add_rms_norm_bias_customIfEvPhS0_S0_S0_S0_mmjff,dynamic,AI_VECTOR_CORE,1791520731253227.582	,2.220,101.410000,1,0,NO,N/A,N/A,N/A,N/A,N/A,N/A,N/A
2,4294967295,1108,22,_Z24add_rms_norm_bias_customIfEvPhS0_S0_S0_S0_mmjff,_Z24add_rms_norm_bias_customIfEvPhS0_S0_S0_S0_mmjff,dynamic,AI_VECTOR_CORE,1791520731253340.422	,37.860,110.780000,1,0,NO,N/A,N/A,N/A,N/A,N/A,N/A,N/A
2,4294967295,1111,22,_Z24add_rms_norm_bias_customIfEvPhS0_S0_S0_S0_mmjff,_Z24add_rms_norm_bias_customIfEvPhS0_S0_S0_S0_mmjff,dynamic,AI_VECTOR_CORE,1791520731253454.886	,2.360,76.640000,1,0,NO,N/A,N/A,N/A,N/A,N/A,N/A,N/A
2,4294967295,1114,22,_Z24add_rms_norm_bias_customIfEvPhS0_S0_S0_S0_mmjff,_Z24add_rms_norm_bias_customIfEvPhS0_S0_S0_S0_mmjff,dynamic,AI_VECTOR_CORE,1791520731253582.206	,2.540,124.890000,1,0,NO,N/A,N/A,N/A,N/A,N/A,N/A,N/A
2,4294967295,1117,22,_Z24add_rms_norm_bias_customIfEvPhS0_S0_S0_S0_mmjff,_Z24add_rms_norm_bias_customIfEvPhS0_S0_S0_S0_mmjff,dynamic,AI_VECTOR_CORE,1791520731253673.030	,2.680,88.210000,1,0,NO,N/A,N/A,N/A,N/A,N/A,N/A,N/A
2,4294967295,1120,22,_Z24add_rms_norm_bias_customIfEvPhS0_S0_S0_S0_mmjff,_Z24add_rms_norm_bias_customIfEvPhS0_S0_S0_S0_mmjff,dynamic,AI_VECTOR_CORE,1791520731253773.670	,2.400,98.070000,1,0,NO,N/A,N/A,N/A,N/A,N/A,N/A,N/A
2,4294967295,1123,22,_Z24add_rms_norm_bias_customIfEvPhS0_S0_S0_S0_mmjff,_Z24add_rms_norm_bias_customIfEvPhS0_S0_S0_S0_mmjff,dynamic,AI_VECTOR_CORE,1791520731253896.554	,2.320,120.350000,1,0,NO,N/A,N/A,N/A,N/A,N/A,N/A,N/A
2,4294967295,1126,22,_Z24add_rms_norm_bias_customIfEvPhS0_S0_S0_S0_mmjff,_Z24add_rms_norm_bias_customIfEvPhS0_S0_S0_S0_mmjff,dynamic,AI_VECTOR_CORE,1791520731253980.054	,2.320,81.180000,1,0,NO,N/A,N/A,N/A,N/A,N/A,N/A,N/A
2,4294967295,1129,22,_Z24add_rms_norm_bias_customIfEvPhS0_S0_S0_S0_mmjff,_Z24add_rms_norm_bias_customIfEvPhS0_S0_S0_S0_mmjff,dynamic,AI_VECTOR_CORE,1791520731254094.758	,2.500,112.430000,1,0,NO,N/A,N/A,N/A,N/A,N/A,N/A,N/A
2,4294967295,1132,22,_Z24add_rms_norm_bias_customIfEvPhS0_S0_S0_S0_mmjff,_Z24add_rms_norm_bias_customIfEvPhS0_S0_S0_S0_mmjff,dynamic,AI_VECTOR_CORE,1791520731254202.098	,41.784,104.750000,1,0,NO,N/A,N/A,N/A,N/A,N/A,N/A,N/A
2,4294967295,1135,22,_Z24add_rms_norm_bias_customIfEvPhS0_S0_S0_S0_mmjff,_Z24add_rms_norm_bias_customIfEvPhS0_S0_S0_S0_mmjff,dynamic,AI_VECTOR_CORE,1791520731254323.282	,2.180,79.466000,1,0,NO,N/A,N/A,N/A,N/A,N/A,N/A,N/A
2,4294967295,1138,22,_Z24add_rms_norm_bias_customIfEvPhS0_S0_S0_S0_mmjff,_Z24add_rms_norm_bias_customIfEvPhS0_S0_S0_S0_mmjff,dynamic,AI_VECTOR_CORE,1791520731254441.386	,2.180,116.070000,1,0,NO,N/A,N/A,N/A,N/A,N/A,N/A,N/A
2,4294967295,1141,22,_Z24add_rms_norm_bias_customIfEvPhS0_S0_S0_S0_mmjff,_Z24add_rms_norm_bias_customIfEvPhS0_S0_S0_S0_mmjff,dynamic,AI_VECTOR_CORE,1791520731254565.326	,2.300,121.570000,1,0,NO,N/A,N/A,N/A,N/A,N/A,N/A,N/A
2,4294967295,1144,22,_Z24add_rms_norm_bias_customIfEvPhS0_S0_S0_S0_mmjff,_Z24add_rms_norm_bias_customIfEvPhS0_S0_S0_S0_mmjff,dynamic,AI_VECTOR_CORE,1791520731254650.570	,2.340,82.950000,1,0,NO,N/A,N/A,N/A,N/A,N/A,N/A,N/A
2,4294967295,1147,22,_Z24add_rms_norm_bias_customIfEvPhS0_S0_S0_S0_mmjff,_Z24add_rms_norm_bias_customIfEvPhS0_S0_S0_S0_mmjff,dynamic,AI_VECTOR_CORE,1791520731254753.710	,2.320,100.910000,1,0,NO,N/A,N/A,N/A,N/A,N/A,N/A,N/A
2,4294967295,1150,22,_Z24add_rms_norm_bias_customIfEvPhS0_S0_S0_S0_mmjff,_Z24add_rms_norm_bias_customIfEvPhS0_S0_S0_S0_mmjff,dynamic,AI_VECTOR_CORE,1791520731254848.474	,2.320,92.430000,1,0,NO,N/A,N/A,N/A,N/A,N/A,N/A,N/A
2,4294967295,1153,22,_Z24add_rms_norm_bias_customIfEvPhS0_S0_S0_S0_mmjff,_Z24add_rms_norm_bias_customIfEvPhS0_S0_S0_S0_mmjff,dynamic,AI_VECTOR_CORE,1791520731254954.434	,2.420,103.680000,1,0,NO,N/A,N/A,N/A,N/A,N/A,N/A,N/A
2,4294967295,1156,22,_Z24add_rms_norm_bias_customIfEvPhS0_S0_S0_S0_mmjff,_Z24add_rms_norm_bias_customIfEvPhS0_S0_S0_S0_mmjff,dynamic,AI_VECTOR_CORE,1791520731255051.258	,6.740,94.330000,1,0,NO,N/A,N/A,N/A,N/A,N/A,N/A,N/A
2,4294967295,1159,22,_Z24add_rms_norm_bias_customIfEvPhS0_S0_S0_S0_mmjff,_Z24add_rms_norm_bias_customIfEvPhS0_S0_S0_S0_mmjff,dynamic,AI_VECTOR_CORE,1791520731255157.958	,2.240,100.010000,1,0,NO,N/A,N/A,N/A,N/A,N/A,N/A,N/A
2,4294967295,1162,22,_Z24add_rms_norm_bias_customIfEvPhS0_S0_S0_S0_mmjff,_Z24add_rms_norm_bias_customIfEvPhS0_S0_S0_S0_mmjff,dynamic,AI_VECTOR_CORE,1791520731255261.802	,2.260,101.510000,1,0,NO,N/A,N/A,N/A,N/A,N/A,N/A,N/A
2,4294967295,1165,22,_Z24add_rms_norm_bias_customIfEvPhS0_S0_S0_S0_mmjff,_Z24add_rms_norm_bias_customIfEvPhS0_S0_S0_S0_mmjff,dynamic,AI_VECTOR_CORE,1791520731255359.662	,2.280,95.740000,1,0,NO,N/A,N/A,N/A,N/A,N/A,N/A,N/A
2,4294967295,1168,22,_Z24add_rms_norm_bias_customIfEvPhS0_S0_S0_S0_mmjff,_Z24add_rms_norm_bias_customIfEvPhS0_S0_S0_S0_mmjff,dynamic,AI_VECTOR_CORE,1791520731255462.826	,2.360,100.720000,1,0,NO,N/A,N/A,N/A,N/A,N/A,N/A,N/A
2,4294967295,1171,22,_Z24add_rms_norm_bias_customIfEvPhS0_S0_S0_S0_mmjff,_Z24add_rms_norm_bias_customIfEvPhS0_S0_S0_S0_mmjff,dynamic,AI_VECTOR_CORE,1791520731255554.666	,2.380,89.640000,1,0,NO,N/A,N/A,N/A,N/A,N/A,N/A,N/A
2,4294967295,1174,22,_Z24add_rms_norm_bias_customIfEvPhS0_S0_S0_S0_mmjff,_Z24add_rms_norm_bias_customIfEvPhS0_S0_S0_S0_mmjff,dynamic,AI_VECTOR_CORE,1791520731255652.610	,2.280,95.370000,1,0,NO,N/A,N/A,N/A,N/A,N/A,N/A,N/A
2,4294967295,1177,22,_Z24add_rms_norm_bias_customIfEvPhS0_S0_S0_S0_mmjff,_Z24add_rms_norm_bias_customIfEvPhS0_S0_S0_S0_mmjff,dynamic,AI_VECTOR_CORE,1791520731255768.490	,2.220,113.720000,1,0,NO,N/A,N/A,N/A,N/A,N/A,N/A,N/A
2,4294967295,1180,22,_Z24add_rms_norm_bias_customIfEvPhS0_S0_S0_S0_mmjff,_Z24add_rms_norm_bias_customIfEvPhS0_S0_S0_S0_mmjff,dynamic,AI_VECTOR_CORE,1791520731255873.914	,2.100,103.280000,1,0,NO,N/A,N/A,N/A,N/A,N/A,N/A,N/A
2,4294967295,1183,22,_Z24add_rms_norm_bias_customIfEvPhS0_S0_S0_S0_mmjff,_Z24add_rms_norm_bias_customIfEvPhS0_S0_S0_S0_mmjff,dynamic,AI_VECTOR_CORE,1791520731255981.754	,2.120,105.650000,1,0,NO,N/A,N/A,N/A,N/A,N/A,N/A,N/A
2,4294967295,1186,22,_Z24add_rms_norm_bias_customIfEvPhS0_S0_S0_S0_mmjff,_Z24add_rms_norm_bias_customIfEvPhS0_S0_S0_S0_mmjff,dynamic,AI_VECTOR_CORE,1791520731256081.698	,2.100,97.880000,1,0,NO,N/A,N/A,N/A,N/A,N/A,N/A,N/A
2,4294967295,1189,22,_Z24add_rms_norm_bias_customIfEvPhS0_S0_S0_S0_mmjff,_Z24add_rms_norm_bias_customIfEvPhS0_S0_S0_S0_mmjff,dynamic,AI_VECTOR_CORE,1791520731256196.378	,2.160,112.650000,1,0,NO,N/A,N/A,N/A,N/A,N/A,N/A,N/A
2,4294967295,1192,22,_Z24add_rms_norm_bias_customIfEvPhS0_S0_S0_S0_mmjff,_Z24add_rms_norm_bias_customIfEvPhS0_S0_S0_S0_mmjff,dynamic,AI_VECTOR_CORE,1791520731256293.802	,2.340,95.090000,1,0,NO,N/A,N/A,N/A,N/A,N/A,N/A,N/A
2,4294967295,1195,22,_Z24add_rms_norm_bias_customIfEvPhS0_S0_S0_S0_mmjff,_Z24add_rms_norm_bias_customIfEvPhS0_S0_S0_S0_mmjff,dynamic,AI_VECTOR_CORE,1791520731256384.402	,2.380,88.410000,1,0,NO,N/A,N/A,N/A,N/A,N/A,N/A,N/A
2,4294967295,1198,22,_Z24add_rms_norm_bias_customIfEvPhS0_S0_S0_S0_mmjff,_Z24add_rms_norm_bias_customIfEvPhS0_S0_S0_S0_mmjff,dynamic,AI_VECTOR_CORE,1791520731256493.646	,5.500,106.870000,1,0,NO,N/A,N/A,N/A,N/A,N/A,N/A,N/A
2,4294967295,1201,22,_Z24add_rms_norm_bias_customIfEvPhS0_S0_S0_S0_mmjff,_Z24add_rms_norm_bias_customIfEvPhS0_S0_S0_S0_mmjff,dynamic,AI_VECTOR_CORE,1791520731256574.986	,2.340,75.750000,1,0,NO,N/A,N/A,N/A,N/A,N/A,N/A,N/A
2,4294967295,1204,22,_Z24add_rms_norm_bias_customIfEvPhS0_S0_S0_S0_mmjff,_Z24add_rms_norm_bias_customIfEvPhS0_S0_S0_S0_mmjff,dynamic,AI_VECTOR_CORE,1791520731256676.410	,2.420,99.160000,1,0,NO,N/A,N/A,N/A,N/A,N/A,N/A,N/A
2,4294967295,1207,22,_Z24add_rms_norm_bias_customIfEvPhS0_S0_S0_S0_mmjff,_Z24add_rms_norm_bias_customIfEvPhS0_S0_S0_S0_mmjff,dynamic,AI_VECTOR_CORE,1791520731256790.810	,2.940,111.830000,1,0,NO,N/A,N/A,N/A,N/A,N/A,N/A,N/A
2,4294967295,1210,22,_Z24add_rms_norm_bias_customIfEvPhS0_S0_S0_S0_mmjff,_Z24add_rms_norm_bias_customIfEvPhS0_S0_S0_S0_mmjff,dynamic,AI_VECTOR_CORE,1791520731256884.634	,2.300,91.060000,1,0,NO,N/A,N/A,N/A,N/A,N/A,N/A,N/A
2,4294967295,1213,22,_Z24add_rms_norm_bias_customIfEvPhS0_S0_S0_S0_mmjff,_Z24add_rms_norm_bias_customIfEvPhS0_S0_S0_S0_mmjff,dynamic,AI_VECTOR_CORE,1791520731256976.894	,2.480,89.950000,1,0,NO,N/A,N/A,N/A,N/A,N/A,N/A,N/A
2,4294967295,1216,22,_Z24add_rms_norm_bias_customIfEvPhS0_S0_S0_S0_mmjff,_Z24add_rms_norm_bias_customIfEvPhS0_S0_S0_S0_mmjff,dynamic,AI_VECTOR_CORE,1791520731257080.098	,2.260,100.520000,1,0,NO,N/A,N/A,N/A,N/A,N/A,N/A,N/A
2,4294967295,1219,22,_Z24add_rms_norm_bias_customIfEvPhS0_S0_S0_S0_mmjff,_Z24add_rms_norm_bias_customIfEvPhS0_S0_S0_S0_mmjff,dynamic,AI_VECTOR_CORE,1791520731257166.438	,3.640,84.240000,1,0,NO,N/A,N/A,N/A,N/A,N/A,N/A,N/A
2,4294967295,1222,22,_Z24add_rms_norm_bias_customIfEvPhS0_S0_S0_S0_mmjff,_Z24add_rms_norm_bias_customIfEvPhS0_S0_S0_S0_mmjff,dynamic,AI_VECTOR_CORE,1791520731257263.962	,22.840,93.860000,1,0,NO,N/A,N/A,N/A,N/A,N/A,N/A,N/A
2,4294967295,1225,22,_Z24add_rms_norm_bias_customIfEvPhS0_S0_S0_S0_mmjff,_Z24add_rms_norm_bias_customIfEvPhS0_S0_S0_S0_mmjff,dynamic,AI_VECTOR_CORE,1791520731257365.162	,2.340,78.410000,1,0,NO,N/A,N/A,N/A,N/A,N/A,N/A,N/A
2,4294967295,1228,22,_Z24add_rms_norm_bias_customIfEvPhS0_S0_S0_S0_mmjff,_Z24add_rms_norm_bias_customIfEvPhS0_S0_S0_S0_mmjff,dynamic,AI_VECTOR_CORE,1791520731257449.286	,12.740,81.660000,1,0,NO,N/A,N/A,N/A,N/A,N/A,N/A,N/A
2,4294967295,1231,22,_Z24add_rms_norm_bias_customIfEvPhS0_S0_S0_S0_mmjff,_Z24add_rms_norm_bias_customIfEvPhS0_S0_S0_S0_mmjff,dynamic,AI_VECTOR_CORE,1791520731257551.566	,2.440,89.510000,1,0,NO,N/A,N/A,N/A,N/A,N/A,N/A,N/A
2,4294967295,1234,22,_Z24add_rms_norm_bias_customIfEvPhS0_S0_S0_S0_mmjff,_Z24add_rms_norm_bias_customIfEvPhS0_S0_S0_S0_mmjff,dynamic,AI_VECTOR_CORE,1791520731257643.750	,3.040,89.810000,1,0,NO,N/A,N/A,N/A,N/A,N/A,N/A,N/A
2,4294967295,1237,22,_Z24add_rms_norm_bias_customIfEvPhS0_S0_S0_S0_mmjff,_Z24add_rms_norm_bias_customIfEvPhS0_S0_S0_S0_mmjff,dynamic,AI_VECTOR_CORE,1791520731257732.490	,2.600,85.710000,1,0,NO,N/A,N/A,N/A,N/A,N/A,N/A,N/A
2,4294967295,1240,22,_Z24add_rms_norm_bias_customIfEvPhS0_S0_S0_S0_mmjff,_Z24add_rms_norm_bias_customIfEvPhS0_S0_S0_S0_mmjff,dynamic,AI_VECTOR_CORE,1791520731257847.814	,2.640,112.650000,1,0,NO,N/A,N/A,N/A,N/A,N/A,N/A,N/A
2,4294967295,1243,22,_Z24add_rms_norm_bias_customIfEvPhS0_S0_S0_S0_mmjff,_Z24add_rms_norm_bias_customIfEvPhS0_S0_S0_S0_mmjff,dynamic,AI_VECTOR_CORE,1791520731257958.654	,2.620,108.360000,1,0,NO,N/A,N/A,N/A,N/A,N/A,N/A,N/A
2,4294967295,1246,22,_Z24add_rms_norm_bias_customIfEvPhS0_S0_S0_S0_mmjff,_Z24add_rms_norm_bias_customIfEvPhS0_S0_S0_S0_mmjff,dynamic,AI_VECTOR_CORE,1791520731258049.738	,2.500,88.380000,1,0,NO,N/A,N/A,N/A,N/A,N/A,N/A,N/A
2,4294967295,1249,22,_Z24add_rms_norm_bias_customIfEvPhS0_S0_S0_S0_mmjff,_Z24add_rms_norm_bias_customIfEvPhS0_S0_S0_S0_mmjff,dynamic,AI_VECTOR_CORE,1791520731258122.298	,2.320,70.000000,1,0,NO,N/A,N/A,N/A,N/A,N/A,N/A,N/A
2,4294967295,1252,22,_Z24add_rms_norm_bias_customIfEvPhS0_S0_S0_S0_mmjff,_Z24add_rms_norm_bias_customIfEvPhS0_S0_S0_S0_mmjff,dynamic,AI_VECTOR_CORE,1791520731258216.018	,32.604,91.430000,1,0,NO,N/A,N/A,N/A,N/A,N/A,N/A,N/A
2,4294967295,1255,22,_Z24add_rms_norm_bias_customIfEvPhS0_S0_S0_S0_mmjff,_Z24add_rms_norm_bias_customIfEvPhS0_S0_S0_S0_mmjff,dynamic,AI_VECTOR_CORE,1791520731258313.082	,2.480,64.396000,1,0,NO,N/A,N/A,N/A,N/A,N/A,N/A,N/A
2,4294967295,1258,22,_Z24add_rms_norm_bias_customIfEvPhS0_S0_S0_S0_mmjff,_Z24add_rms_norm_bias_customIfEvPhS0_S0_S0_S0_mmjff,dynamic,AI_VECTOR_CORE,1791520731258401.282	,2.460,85.770000,1,0,NO,N/A,N/A,N/A,N/A,N/A,N/A,N/A
2,4294967295,1261,22,_Z24add_rms_norm_bias_customIfEvPhS0_S0_S0_S0_mmjff,_Z24add_rms_norm_bias_customIfEvPhS0_S0_S0_S0_mmjff,dynamic,AI_VECTOR_CORE,1791520731258496.966	,2.480,93.290000,1,0,NO,N/A,N/A,N/A,N/A,N/A,N/A,N/A
2,4294967295,1264,22,_Z24add_rms_norm_bias_customIfEvPhS0_S0_S0_S0_mmjff,_Z24add_rms_norm_bias_customIfEvPhS0_S0_S0_S0_mmjff,dynamic,AI_VECTOR_CORE,1791520731258582.846	,2.360,83.270000,1,0,NO,N/A,N/A,N/A,N/A,N/A,N/A,N/A
2,4294967295,1267,22,_Z24add_rms_norm_bias_customIfEvPhS0_S0_S0_S0_mmjff,_Z24add_rms_norm_bias_customIfEvPhS0_S0_S0_S0_mmjff,dynamic,AI_VECTOR_CORE,1791520731258698.050	,2.320,112.890000,1,0,NO,N/A,N/A,N/A,N/A,N/A,N/A,N/A
2,4294967295,1270,22,_Z24add_rms_norm_bias_customIfEvPhS0_S0_S0_S0_mmjff,_Z24add_rms_norm_bias_customIfEvPhS0_S0_S0_S0_mmjff,dynamic,AI_VECTOR_CORE,1791520731258796.470	,2.200,96.180000,1,0,NO,N/A,N/A,N/A,N/A,N/A,N/A,N/A
2,4294967295,1273,22,_Z24add_rms_norm_bias_customIfEvPhS0_S0_S0_S0_mmjff,_Z24add_rms_norm_bias_customIfEvPhS0_S0_S0_S0_mmjff,dynamic,AI_VECTOR_CORE,1791520731258885.054	,2.200,86.300000,1,0,NO,N/A,N/A,N/A,N/A,N/A,N/A,N/A
2,4294967295,1276,22,_Z24add_rms_norm_bias_customIfEvPhS0_S0_S0_S0_mmjff,_Z24add_rms_norm_bias_customIfEvPhS0_S0_S0_S0_mmjff,dynamic,AI_VECTOR_CORE,1791520731258971.754	,2.260,84.550000,1,0,NO,N/A,N/A,N/A,N/A,N/A,N/A,N/A
2,4294967295,1279,22,_Z24add_rms_norm_bias_customIfEvPhS0_S0_S0_S0_mmjff,_Z24add_rms_norm_bias_customIfEvPhS0_S0_S0_S0_mmjff,dynamic,AI_VECTOR_CORE,1791520731259052.118	,9.980,77.990000,1,0,NO,N/A,N/A,N/A,N/A,N/A,N/A,N/A
2,4294967295,1282,22,_Z24add_rms_norm_bias_customIfEvPhS0_S0_S0_S0_mmjff,_Z24add_rms_norm_bias_customIfEvPhS0_S0_S0_S0_mmjff,dynamic,AI_VECTOR_CORE,1791520731259141.958	,2.320,80.020000,1,0,NO,N/A,N/A,N/A,N/A,N/A,N/A,N/A
2,4294967295,1285,22,_Z24add_rms_norm_bias_customIfEvPhS0_S0_S0_S0_mmjff,_Z24add_rms_norm_bias_customIfEvPhS0_S0_S0_S0_mmjff,dynamic,AI_VECTOR_CORE,1791520731259233.282	,2.400,88.930000,1,0,NO,N/A,N/A,N/A,N/A,N/A,N/A,N/A
2,4294967295,1288,22,_Z24add_rms_norm_bias_customIfEvPhS0_S0_S0_S0_mmjff,_Z24add_rms_norm_bias_customIfEvPhS0_S0_S0_S0_mmjff,dynamic,AI_VECTOR_CORE,1791520731259323.442	,2.440,87.850000,1,0,NO,N/A,N/A,N/A,N/A,N/A,N/A,N/A
2,4294967295,1291,22,_Z24add_rms_norm_bias_customIfEvPhS0_S0_S0_S0_mmjff,_Z24add_rms_norm_bias_customIfEvPhS0_S0_S0_S0_mmjff,dynamic,AI_VECTOR_CORE,1791520731259431.446	,2.740,105.560000,1,0,NO,N/A,N/A,N/A,N/A,N/A,N/A,N/A
2,4294967295,1294,22,_Z24add_rms_norm_bias_customIfEvPhS0_S0_S0_S0_mmjff,_Z24add_rms_norm_bias_customIfEvPhS0_S0_S0_S0_mmjff,dynamic,AI_VECTOR_CORE,1791520731259526.546	,2.500,92.260000,1,0,NO,N/A,N/A,N/A,N/A,N/A,N/A,N/A
2,4294967295,1297,22,_Z24add_rms_norm_bias_customIfEvPhS0_S0_S0_S0_mmjff,_Z24add_rms_norm_bias_customIfEvPhS0_S0_S0_S0_mmjff,dynamic,AI_VECTOR_CORE,1791520731259613.786	,11.904,84.750000,1,0,NO,N/A,N/A,N/A,N/A,N/A,N/A,N/A
2,4294967295,1300,22,_Z24add_rms_norm_bias_customIfEvPhS0_S0_S0_S0_mmjff,_Z24add_rms_norm_bias_customIfEvPhS0_S0_S0_S0_mmjff,dynamic,AI_VECTOR_CORE,1791520731259695.150	,2.180,69.596000,1,0,NO,N/A,N/A,N/A,N/A,N/A,N/A,N/A
2,4294967295,1303,22,_Z24add_rms_norm_bias_customIfEvPhS0_S0_S0_S0_mmjff,_Z24add_rms_norm_bias_customIfEvPhS0_S0_S0_S0_mmjff,dynamic,AI_VECTOR_CORE,1791520731259806.950	,2.240,109.570000,1,0,NO,N/A,N/A,N/A,N/A,N/A,N/A,N/A
2,4294967295,1306,22,_Z24add_rms_norm_bias_customIfEvPhS0_S0_S0_S0_mmjff,_Z24add_rms_norm_bias_customIfEvPhS0_S0_S0_S0_mmjff,dynamic,AI_VECTOR_CORE,1791520731259913.554	,2.500,104.260000,1,0,NO,N/A,N/A,N/A,N/A,N/A,N/A,N/A
2,4294967295,1309,22,_Z24add_rms_norm_bias_customIfEvPhS0_S0_S0_S0_mmjff,_Z24add_rms_norm_bias_customIfEvPhS0_S0_S0_S0_mmjff,dynamic,AI_VECTOR_CORE,1791520731259996.254	,2.520,80.250000,1,0,NO,N/A,N/A,N/A,N/A,N/A,N/A,N/A
2,4294967295,1312,22,_Z24add_rms_norm_bias_customIfEvPhS0_S0_S0_S0_mmjff,_Z24add_rms_norm_bias_customIfEvPhS0_S0_S0_S0_mmjff,dynamic,AI_VECTOR_CORE,1791520731260095.158	,2.340,96.480000,1,0,NO,N/A,N/A,N/A,N/A,N/A,N/A,N/A
2,4294967295,1315,22,_Z24add_rms_norm_bias_customIfEvPhS0_S0_S0_S0_mmjff,_Z24add_rms_norm_bias_customIfEvPhS0_S0_S0_S0_mmjff,dynamic,AI_VECTOR_CORE,1791520731260204.158	,2.320,106.660000,1,0,NO,N/A,N/A,N/A,N/A,N/A,N/A,N/A
2,4294967295,1318,22,_Z24add_rms_norm_bias_customIfEvPhS0_S0_S0_S0_mmjff,_Z24add_rms_norm_bias_customIfEvPhS0_S0_S0_S0_mmjff,dynamic,AI_VECTOR_CORE,1791520731260315.622	,2.320,108.930000,1,0,NO,N/A,N/A,N/A,N/A,N/A,N/A,N/A
2,4294967295,1321,22,_Z24add_rms_norm_bias_customIfEvPhS0_S0_S0_S0_mmjff,_Z24add_rms_norm_bias_customIfEvPhS0_S0_S0_S0_mmjff,dynamic,AI_VECTOR_CORE,1791520731260403.682	,2.380,85.930000,1,0,NO,N/A,N/A,N/A,N/A,N/A,N/A,N/A
