Device_id,kernel_name,kernel_type,stream_id,task_id,task_time(us),task_start(us),task_stop(us)
2,_Z24add_rms_norm_bias_customIfEvPhS0_S0_S0_S0_mmjff,AI_VECTOR_CORE,22,0,12.980,1791520730122411.966	,1791520730122424.946	
2,_Z24add_rms_norm_bias_customIfEvPhS0_S0_S0_S0_mmjff,AI_VECTOR_CORE,22,1,14.064,1791520730244002.214	,1791520730244016.278	
2,_Z24add_rms_norm_bias_customIfEvPhS0_S0_S0_S0_mmjff,AI_VECTOR_CORE,22,2,3.460,1791520730351237.638	,1791520730351241.098	
2,_Z24add_rms_norm_bias_customIfEvPhS0_S0_S0_S0_mmjff,AI_VECTOR_CORE,22,3,6.900,1791520730352253.118	,1791520730352260.018	
2,_Z24add_rms_norm_bias_customIfEvPhS0_S0_S0_S0_mmjff,AI_VECTOR_CORE,22,4,13.680,1791520730374459.282	,1791520730374472.962	
2,_Z24add_rms_norm_bias_customIfEvPhS0_S0_S0_S0_mmjff,AI_VECTOR_CORE,22,5,16.620,1791520730633224.614	,1791520730633241.234	
2,_Z24add_rms_norm_bias_customIfEvPhS0_S0_S0_S0_mmjff,AI_VECTOR_CORE,22,6,10.520,1791520731208412.666	,1791520731208423.186	
2,_Z24add_rms_norm_bias_customIfEvPhS0_S0_S0_S0_mmjff,AI_VECTOR_CORE,22,7,9.980,1791520731208512.646	,1791520731208522.626	
2,N/A,EVENT_RECORD,22,8,0.020,1791520731208560.266	,1791520731208560.286	
2,_Z24add_rms_norm_bias_customIfEvPhS0_S0_S0_S0_mmjff,AI_VECTOR_CORE,22,9,7.420,1791520731208657.710	,1791520731208665.130	
2,_Z24add_rms_norm_bias_customIfEvPhS0_S0_S0_S0_mmjff,AI_VECTOR_CORE,22,10,4.520,1791520731208725.010	,1791520731208729.530	
2,_Z24add_rms_norm_bias_customIfEvPhS0_S0_S0_S0_mmjff,AI_VECTOR_CORE,22,11,3.360,1791520731208752.230	,1791520731208755.590	
2,_Z24add_rms_norm_bias_customIfEvPhS0_S0_S0_S0_mmjff,AI_VECTOR_CORE,22,12,6.360,1791520731208778.214	,1791520731208784.574	
2,_Z24add_rms_norm_bias_customIfEvPhS0_S0_S0_S0_mmjff,AI_VECTOR_CORE,22,13,6.020,1791520731208804.594	,1791520731208810.614	
2,_Z24add_rms_norm_bias_customIfEvPhS0_S0_S0_S0_mmjff,AI_VECTOR_CORE,22,14,5.120,1791520731208830.114	,1791520731208835.234	
2,_Z24add_rms_norm_bias_customIfEvPhS0_S0_S0_S0_mmjff,AI_VECTOR_CORE,22,15,3.540,1791520731208855.454	,1791520731208858.994	
2,_Z24add_rms_norm_bias_customIfEvPhS0_S0_S0_S0_mmjff,AI_VECTOR_CORE,22,16,2.820,1791520731208882.594	,1791520731208885.414	
2,_Z24add_rms_norm_bias_customIfEvPhS0_S0_S0_S0_mmjff,AI_VECTOR_CORE,22,17,3.060,1791520731208901.594	,1791520731208904.654	
2,_Z24add_rms_norm_bias_customIfEvPhS0_S0_S0_S0_mmjff,AI_VECTOR_CORE,22,18,2.980,1791520731208936.674	,1791520731208939.654	
2,N/A,EVENT_RECORD,22,19,0.000,1791520731208951.954	,1791520731208951.954	
2,_Z24add_rms_norm_bias_customIfEvPhS0_S0_S0_S0_mmjff,AI_VECTOR_CORE,22,20,4.860,1791520731209031.038	,1791520731209035.898	
2,_Z24add_rms_norm_bias_customIfEvPhS0_S0_S0_S0_mmjff,AI_VECTOR_CORE,22,21,4.640,1791520731209098.118	,1791520731209102.758	
2,_Z24add_rms_norm_bias_customIfEvPhS0_S0_S0_S0_mmjff,AI_VECTOR_CORE,22,22,3.780,1791520731209126.878	,1791520731209130.658	
2,_Z24add_rms_norm_bias_customIfEvPhS0_S0_S0_S0_mmjff,AI_VECTOR_CORE,22,23,3.080,1791520731209157.938	,1791520731209161.018	
2,_Z24add_rms_norm_bias_customIfEvPhS0_S0_S0_S0_mmjff,AI_VECTOR_CORE,22,24,2.960,1791520731209191.222	,1791520731209194.182	
2,N/A,EVENT_RECORD,22,25,0.020,1791520731209215.142	,1791520731209215.162	
2,_Z24add_rms_norm_bias_customIfEvPhS0_S0_S0_S0_mmjff,AI_VECTOR_CORE,22,26,3.060,1791520731209277.622	,1791520731209280.682	
2,_Z24add_rms_norm_bias_customIfEvPhS0_S0_S0_S0_mmjff,AI_VECTOR_CORE,22,27,4.580,1791520731209320.502	,1791520731209325.082	
2,_Z24add_rms_norm_bias_customIfEvPhS0_S0_S0_S0_mmjff,AI_VECTOR_CORE,22,28,4.584,1791520731209372.402	,1791520731209376.986	
2,N/A,EVENT_RECORD,22,29,0.020,1791520731209380.426	,1791520731209380.446	
2,_Z24add_rms_norm_bias_customIfEvPhS0_S0_S0_S0_mmjff,AI_VECTOR_CORE,22,30,3.680,1791520731209442.086	,1791520731209445.766	
2,_Z24add_rms_norm_bias_customIfEvPhS0_S0_S0_S0_mmjff,AI_VECTOR_CORE,22,31,3.120,1791520731209475.986	,1791520731209479.106	
2,_Z24add_rms_norm_bias_customIfEvPhS0_S0_S0_S0_mmjff,AI_VECTOR_CORE,22,32,3.020,1791520731209498.546	,1791520731209501.566	
2,_Z24add_rms_norm_bias_customIfEvPhS0_S0_S0_S0_mmjff,AI_VECTOR_CORE,22,33,2.900,1791520731209523.546	,1791520731209526.446	
2,_Z24add_rms_norm_bias_customIfEvPhS0_S0_S0_S0_mmjff,AI_VECTOR_CORE,22,34,2.960,1791520731209548.286	,1791520731209551.246	
2,_Z24add_rms_norm_bias_customIfEvPhS0_S0_S0_S0_mmjff,AI_VECTOR_CORE,22,35,3.056,1791520731209573.250	,1791520731209576.306	
2,_Z24add_rms_norm_bias_customIfEvPhS0_S0_S0_S0_mmjff,AI_VECTOR_CORE,22,36,2.960,1791520731209619.550	,1791520731209622.510	
2,N/A,EVENT_RECORD,22,37,0.020,1791520731209637.910	,1791520731209637.930	
2,_Z24add_rms_norm_bias_customIfEvPhS0_S0_S0_S0_mmjff,AI_VECTOR_CORE,22,38,4.980,1791520731209693.590	,1791520731209698.570	
2,_Z24add_rms_norm_bias_customIfEvPhS0_S0_S0_S0_mmjff,AI_VECTOR_CORE,22,39,4.620,1791520731209745.150	,1791520731209749.770	
2,N/A,EVENT_RECORD,22,40,0.000,1791520731209766.110	,1791520731209766.110	
2,_Z24add_rms_norm_bias_customIfEvPhS0_S0_S0_S0_mmjff,AI_VECTOR_CORE,22,41,3.440,1791520731209815.974	,1791520731209819.414	
2,_Z24add_rms_norm_bias_customIfEvPhS0_S0_S0_S0_mmjff,AI_VECTOR_CORE,22,42,4.940,1791520731209866.614	,1791520731209871.554	
2,N/A,EVENT_RECORD,22,43,0.000,1791520731209889.094	,1791520731209889.094	
2,_Z24add_rms_norm_bias_customIfEvPhS0_S0_S0_S0_mmjff,AI_VECTOR_CORE,22,44,4.720,1791520731209940.234	,1791520731209944.954	
2,_Z24add_rms_norm_bias_customIfEvPhS0_S0_S0_S0_mmjff,AI_VECTOR_CORE,22,45,3.640,1791520731209983.438	,1791520731209987.078	
2,_Z24add_rms_norm_bias_customIfEvPhS0_S0_S0_S0_mmjff,AI_VECTOR_CORE,22,46,6.160,1791520731210008.638	,1791520731210014.798	
2,_Z24add_rms_norm_bias_customIfEvPhS0_S0_S0_S0_mmjff,AI_VECTOR_CORE,22,47,4.240,1791520731210034.958	,1791520731210039.198	
2,_Z24add_rms_norm_bias_customIfEvPhS0_S0_S0_S0_mmjff,AI_VECTOR_CORE,22,48,3.680,1791520731210059.498	,1791520731210063.178	
2,_Z24add_rms_norm_bias_customIfEvPhS0_S0_S0_S0_mmjff,AI_VECTOR_CORE,22,49,3.680,1791520731210080.638	,1791520731210084.318	
2,_Z24add_rms_norm_bias_customIfEvPhS0_S0_S0_S0_mmjff,AI_VECTOR_CORE,22,50,2.960,1791520731210105.058	,1791520731210108.018	
2,_Z24add_rms_norm_bias_customIfEvPhS0_S0_S0_S0_mmjff,AI_VECTOR_CORE,22,51,2.960,1791520731210128.798	,1791520731210131.758	
2,_Z24add_rms_norm_bias_customIfEvPhS0_S0_S0_S0_mmjff,AI_VECTOR_CORE,22,52,3.040,1791520731210177.002	,1791520731210180.042	
2,N/A,EVENT_RECORD,22,53,0.000,1791520731210188.402	,1791520731210188.402	
2,_Z24add_rms_norm_bias_customIfEvPhS0_S0_S0_S0_mmjff,AI_VECTOR_CORE,22,54,2.960,1791520731210252.222	,1791520731210255.182	
2,_Z24add_rms_norm_bias_customIfEvPhS0_S0_S0_S0_mmjff,AI_VECTOR_CORE,22,55,2.980,1791520731210282.262	,1791520731210285.242	
2,_Z24add_rms_norm_bias_customIfEvPhS0_S0_S0_S0_mmjff,AI_VECTOR_CORE,22,56,2.900,1791520731210307.822	,1791520731210310.722	
2,_Z24add_rms_norm_bias_customIfEvPhS0_S0_S0_S0_mmjff,AI_VECTOR_CORE,22,57,2.820,1791520731210343.322	,1791520731210346.142	
2,N/A,EVENT_RECORD,22,58,0.000,1791520731210361.242	,1791520731210361.242	
2,_Z24add_rms_norm_bias_customIfEvPhS0_S0_S0_S0_mmjff,AI_VECTOR_CORE,22,59,6.160,1791520731210408.426	,1791520731210414.586	
2,_Z24add_rms_norm_bias_customIfEvPhS0_S0_S0_S0_mmjff,AI_VECTOR_CORE,22,60,5.440,1791520731210451.906	,1791520731210457.346	
2,_Z24add_rms_norm_bias_customIfEvPhS0_S0_S0_S0_mmjff,AI_VECTOR_CORE,22,61,5.540,1791520731210481.286	,1791520731210486.826	
2,_Z24add_rms_norm_bias_customIfEvPhS0_S0_S0_S0_mmjff,AI_VECTOR_CORE,22,62,5.180,1791520731210508.786	,1791520731210513.966	
2,_Z24add_rms_norm_bias_customIfEvPhS0_S0_S0_S0_mmjff,AI_VECTOR_CORE,22,63,5.180,1791520731210547.026	,1791520731210552.206	
2,_Z24add_rms_norm_bias_customIfEvPhS0_S0_S0_S0_mmjff,AI_VECTOR_CORE,22,64,2.960,1791520731210577.490	,1791520731210580.450	
2,_Z24add_rms_norm_bias_customIfEvPhS0_S0_S0_S0_mmjff,AI_VECTOR_CORE,22,65,3.260,1791520731210605.050	,1791520731210608.310	
2,_Z24add_rms_norm_bias_customIfEvPhS0_S0_S0_S0_mmjff,AI_VECTOR_CORE,22,66,2.940,1791520731210639.610	,1791520731210642.550	
2,_Z24add_rms_norm_bias_customIfEvPhS0_S0_S0_S0_mmjff,AI_VECTOR_CORE,22,67,2.900,1791520731210668.470	,1791520731210671.370	
2,_Z24add_rms_norm_bias_customIfEvPhS0_S0_S0_S0_mmjff,AI_VECTOR_CORE,22,68,5.080,1791520731210686.810	,1791520731210691.890	
2,_Z24add_rms_norm_bias_customIfEvPhS0_S0_S0_S0_mmjff,AI_VECTOR_CORE,22,69,4.660,1791520731210715.850	,1791520731210720.510	
2,_Z24add_rms_norm_bias_customIfEvPhS0_S0_S0_S0_mmjff,AI_VECTOR_CORE,22,70,3.600,1791520731210745.710	,1791520731210749.310	
2,_Z24add_rms_norm_bias_customIfEvPhS0_S0_S0_S0_mmjff,AI_VECTOR_CORE,22,71,2.984,1791520731210773.330	,1791520731210776.314	
2,_Z24add_rms_norm_bias_customIfEvPhS0_S0_S0_S0_mmjff,AI_VECTOR_CORE,22,72,2.900,1791520731210802.494	,1791520731210805.394	
2,_Z24add_rms_norm_bias_customIfEvPhS0_S0_S0_S0_mmjff,AI_VECTOR_CORE,22,73,2.940,1791520731210830.454	,1791520731210833.394	
2,_Z24add_rms_norm_bias_customIfEvPhS0_S0_S0_S0_mmjff,AI_VECTOR_CORE,22,74,5.800,1791520731210850.774	,1791520731210856.574	
2,N/A,EVENT_RECORD,22,75,0.020,1791520731210947.714	,1791520731210947.734	
2,_Z24add_rms_norm_bias_customIfEvPhS0_S0_S0_S0_mmjff,AI_VECTOR_CORE,22,76,5.160,1791520731210950.894	,1791520731210956.054	
2,N/A,EVENT_RECORD,22,77,0.016,1791520731210977.738	,1791520731210977.754	
2,N/A,EVENT_RECORD,22,78,0.020,1791520731211041.598	,1791520731211041.618	
2,_Z24add_rms_norm_bias_customIfEvPhS0_S0_S0_S0_mmjff,AI_VECTOR_CORE,22,79,6.040,1791520731211080.378	,1791520731211086.418	
2,N/A,EVENT_RECORD,22,80,0.020,1791520731211100.538	,1791520731211100.558	
2,N/A,EVENT_RECORD,22,81,0.016,1791520731211175.042	,1791520731211175.058	
2,_Z24add_rms_norm_bias_customIfEvPhS0_S0_S0_S0_mmjff,AI_VECTOR_CORE,22,82,7.240,1791520731211180.362	,1791520731211187.602	
2,N/A,EVENT_RECORD,22,83,0.020,1791520731211216.362	,1791520731211216.382	
2,N/A,EVENT_RECORD,22,84,0.020,1791520731211283.402	,1791520731211283.422	
2,_Z24add_rms_norm_bias_customIfEvPhS0_S0_S0_S0_mmjff,AI_VECTOR_CORE,22,85,5.600,1791520731211290.182	,1791520731211295.782	
2,N/A,EVENT_RECORD,22,86,0.020,1791520731211306.602	,1791520731211306.622	
2,N/A,EVENT_RECORD,22,87,0.000,1791520731211359.662	,1791520731211359.662	
2,_Z24add_rms_norm_bias_customIfEvPhS0_S0_S0_S0_mmjff,AI_VECTOR_CORE,22,88,4.560,1791520731211375.786	,1791520731211380.346	
2,N/A,EVENT_RECORD,22,89,0.020,1791520731211411.466	,1791520731211411.486	
2,N/A,EVENT_RECORD,22,90,0.020,1791520731211472.626	,1791520731211472.646	
2,_Z24add_rms_norm_bias_customIfEvPhS0_S0_S0_S0_mmjff,AI_VECTOR_CORE,22,91,5.180,1791520731211491.246	,1791520731211496.426	
2,N/A,EVENT_RECORD,22,92,0.000,1791520731211511.206	,1791520731211511.206	
2,N/A,EVENT_RECORD,22,93,0.016,1791520731211574.290	,1791520731211574.306	
2,_Z24add_rms_norm_bias_customIfEvPhS0_S0_S0_S0_mmjff,AI_VECTOR_CORE,22,94,3.580,1791520731211589.230	,1791520731211592.810	
2,N/A,EVENT_RECORD,22,95,0.020,1791520731211606.590	,1791520731211606.610	
2,N/A,EVENT_RECORD,22,96,0.020,1791520731211670.990	,1791520731211671.010	
2,_Z24add_rms_norm_bias_customIfEvPhS0_S0_S0_S0_mmjff,AI_VECTOR_CORE,22,97,4.760,1791520731211676.110	,1791520731211680.870	
2,N/A,EVENT_RECORD,22,98,0.020,1791520731211695.530	,1791520731211695.550	
2,N/A,EVENT_RECORD,22,99,0.016,1791520731211780.394	,1791520731211780.410	
2,_Z24add_rms_norm_bias_customIfEvPhS0_S0_S0_S0_mmjff,AI_VECTOR_CORE,22,100,5.040,1791520731211794.634	,1791520731211799.674	
2,N/A,EVENT_RECORD,22,101,0.020,1791520731211813.674	,1791520731211813.694	
2,N/A,EVENT_RECORD,22,102,0.020,1791520731211865.014	,1791520731211865.034	
2,_Z24add_rms_norm_bias_customIfEvPhS0_S0_S0_S0_mmjff,AI_VECTOR_CORE,22,103,4.600,1791520731211879.774	,1791520731211884.374	
2,N/A,EVENT_RECORD,22,104,0.020,1791520731211916.334	,1791520731211916.354	
2,N/A,EVENT_RECORD,22,105,0.024,1791520731211980.314	,1791520731211980.338	
2,_Z24add_rms_norm_bias_customIfEvPhS0_S0_S0_S0_mmjff,AI_VECTOR_CORE,22,106,5.940,1791520731211997.398	,1791520731212003.338	
2,N/A,EVENT_RECORD,22,107,0.020,1791520731212016.238	,1791520731212016.258	
2,N/A,EVENT_RECORD,22,108,0.020,1791520731212074.998	,1791520731212075.018	
2,_Z24add_rms_norm_bias_customIfEvPhS0_S0_S0_S0_mmjff,AI_VECTOR_CORE,22,109,4.180,1791520731212103.658	,1791520731212107.838	
2,N/A,EVENT_RECORD,22,110,0.020,1791520731212133.138	,1791520731212133.158	
2,N/A,EVENT_RECORD,22,111,0.020,1791520731212195.602	,1791520731212195.622	
2,_Z24add_rms_norm_bias_customIfEvPhS0_S0_S0_S0_mmjff,AI_VECTOR_CORE,22,112,6.940,1791520731212203.822	,1791520731212210.762	
2,N/A,EVENT_RECORD,22,113,0.020,1791520731212237.342	,1791520731212237.362	
2,N/A,EVENT_RECORD,22,114,0.020,1791520731212292.222	,1791520731212292.242	
2,_Z24add_rms_norm_bias_customIfEvPhS0_S0_S0_S0_mmjff,AI_VECTOR_CORE,22,115,6.720,1791520731212315.302	,1791520731212322.022	
2,N/A,EVENT_RECORD,22,116,0.000,1791520731212330.642	,1791520731212330.642	
2,N/A,EVENT_RECORD,22,117,0.020,1791520731212393.546	,1791520731212393.566	
2,_Z24add_rms_norm_bias_customIfEvPhS0_S0_S0_S0_mmjff,AI_VECTOR_CORE,22,118,5.740,1791520731212397.206	,1791520731212402.946	
2,N/A,EVENT_RECORD,22,119,0.020,1791520731212419.466	,1791520731212419.486	
2,N/A,EVENT_RECORD,22,120,0.020,1791520731212497.266	,1791520731212497.286	
2,_Z24add_rms_norm_bias_customIfEvPhS0_S0_S0_S0_mmjff,AI_VECTOR_CORE,22,121,3.380,1791520731212500.426	,1791520731212503.806	
2,N/A,EVENT_RECORD,22,122,0.020,1791520731212521.486	,1791520731212521.506	
2,N/A,EVENT_RECORD,22,123,0.016,1791520731212581.050	,1791520731212581.066	
2,_Z24add_rms_norm_bias_customIfEvPhS0_S0_S0_S0_mmjff,AI_VECTOR_CORE,22,124,3.060,1791520731212601.370	,1791520731212604.430	
2,N/A,EVENT_RECORD,22,125,0.020,1791520731212618.010	,1791520731212618.030	
2,N/A,EVENT_RECORD,22,126,0.000,1791520731212672.010	,1791520731212672.010	
2,_Z24add_rms_norm_bias_customIfEvPhS0_S0_S0_S0_mmjff,AI_VECTOR_CORE,22,127,4.640,1791520731212690.330	,1791520731212694.970	
2,N/A,EVENT_RECORD,22,128,0.020,1791520731212708.930	,1791520731212708.950	
2,N/A,EVENT_RECORD,22,129,0.020,1791520731212765.950	,1791520731212765.970	
2,_Z24add_rms_norm_bias_customIfEvPhS0_S0_S0_S0_mmjff,AI_VECTOR_CORE,22,130,4.844,1791520731212772.430	,1791520731212777.274	
2,N/A,EVENT_RECORD,22,131,0.020,1791520731212789.714	,1791520731212789.734	
2,N/A,EVENT_RECORD,22,132,0.020,1791520731212845.374	,1791520731212845.394	
2,_Z24add_rms_norm_bias_customIfEvPhS0_S0_S0_S0_mmjff,AI_VECTOR_CORE,22,133,3.540,1791520731212862.774	,1791520731212866.314	
2,N/A,EVENT_RECORD,22,134,0.020,1791520731212898.734	,1791520731212898.754	
2,N/A,EVENT_RECORD,22,135,0.020,1791520731212950.134	,1791520731212950.154	
2,_Z24add_rms_norm_bias_customIfEvPhS0_S0_S0_S0_mmjff,AI_VECTOR_CORE,22,136,3.100,1791520731212971.154	,1791520731212974.254	
2,N/A,EVENT_RECORD,22,137,0.020,1791520731213013.158	,1791520731213013.178	
2,N/A,EVENT_RECORD,22,138,0.020,1791520731213070.858	,1791520731213070.878	
2,_Z24add_rms_norm_bias_customIfEvPhS0_S0_S0_S0_mmjff,AI_VECTOR_CORE,22,139,4.620,1791520731213074.298	,1791520731213078.918	
2,N/A,EVENT_RECORD,22,140,0.020,1791520731213094.578	,1791520731213094.598	
2,N/A,EVENT_RECORD,22,141,0.020,1791520731213149.998	,1791520731213150.018	
2,_Z24add_rms_norm_bias_customIfEvPhS0_S0_S0_S0_mmjff,AI_VECTOR_CORE,22,142,5.120,1791520731213169.318	,1791520731213174.438	
2,N/A,EVENT_RECORD,22,143,0.020,1791520731213188.862	,1791520731213188.882	
2,N/A,EVENT_RECORD,22,144,0.020,1791520731213243.742	,1791520731213243.762	
2,_Z24add_rms_norm_bias_customIfEvPhS0_S0_S0_S0_mmjff,AI_VECTOR_CORE,22,145,4.720,1791520731213262.342	,1791520731213267.062	
2,N/A,EVENT_RECORD,22,146,0.020,1791520731213281.062	,1791520731213281.082	
2,N/A,EVENT_RECORD,22,147,0.020,1791520731213340.002	,1791520731213340.022	
2,_Z24add_rms_norm_bias_customIfEvPhS0_S0_S0_S0_mmjff,AI_VECTOR_CORE,22,148,4.580,1791520731213346.602	,1791520731213351.182	
2,N/A,EVENT_RECORD,22,149,0.020,1791520731213363.282	,1791520731213363.302	
2,N/A,EVENT_RECORD,22,150,0.020,1791520731213425.306	,1791520731213425.326	
2,_Z24add_rms_norm_bias_customIfEvPhS0_S0_S0_S0_mmjff,AI_VECTOR_CORE,22,151,3.660,1791520731213428.286	,1791520731213431.946	
2,N/A,EVENT_RECORD,22,152,0.020,1791520731213472.646	,1791520731213472.666	
2,N/A,EVENT_RECORD,22,153,0.020,1791520731213532.546	,1791520731213532.566	
2,_Z24add_rms_norm_bias_customIfEvPhS0_S0_S0_S0_mmjff,AI_VECTOR_CORE,22,154,3.040,1791520731213538.926	,1791520731213541.966	
2,N/A,EVENT_RECORD,22,155,0.020,1791520731213555.746	,1791520731213555.766	
2,N/A,EVENT_RECORD,22,156,0.020,1791520731213615.270	,1791520731213615.290	
2,_Z24add_rms_norm_bias_customIfEvPhS0_S0_S0_S0_mmjff,AI_VECTOR_CORE,22,157,3.040,1791520731213621.010	,1791520731213624.050	
2,N/A,EVENT_RECORD,22,158,0.020,1791520731213639.590	,1791520731213639.610	
2,N/A,EVENT_RECORD,22,159,0.020,1791520731213709.470	,1791520731213709.490	
2,_Z24add_rms_norm_bias_customIfEvPhS0_S0_S0_S0_mmjff,AI_VECTOR_CORE,22,160,2.940,1791520731213737.210	,1791520731213740.150	
2,N/A,EVENT_RECORD,22,161,0.020,1791520731213773.850	,1791520731213773.870	
2,N/A,EVENT_RECORD,22,162,0.020,1791520731213827.374	,1791520731213827.394	
2,_Z24add_rms_norm_bias_customIfEvPhS0_S0_S0_S0_mmjff,AI_VECTOR_CORE,22,163,2.980,1791520731213848.194	,1791520731213851.174	
2,N/A,EVENT_RECORD,22,164,0.020,1791520731213863.854	,1791520731213863.874	
2,N/A,EVENT_RECORD,22,165,0.020,1791520731213915.214	,1791520731213915.234	
2,_Z24add_rms_norm_bias_customIfEvPhS0_S0_S0_S0_mmjff,AI_VECTOR_CORE,22,166,3.520,1791520731213937.594	,1791520731213941.114	
2,N/A,EVENT_RECORD,22,167,0.020,1791520731213952.614	,1791520731213952.634	
2,N/A,EVENT_RECORD,22,168,0.020,1791520731214022.558	,1791520731214022.578	
2,_Z24add_rms_norm_bias_customIfEvPhS0_S0_S0_S0_mmjff,AI_VECTOR_CORE,22,169,4.700,1791520731214028.418	,1791520731214033.118	
2,N/A,EVENT_RECORD,22,170,0.020,1791520731214045.778	,1791520731214045.798	
2,N/A,EVENT_RECORD,22,171,0.020,1791520731214112.078	,1791520731214112.098	
2,_Z24add_rms_norm_bias_customIfEvPhS0_S0_S0_S0_mmjff,AI_VECTOR_CORE,22,172,3.320,1791520731214124.678	,1791520731214127.998	
2,N/A,EVENT_RECORD,22,173,0.000,1791520731214145.278	,1791520731214145.278	
2,N/A,EVENT_RECORD,22,174,0.000,1791520731214204.762	,1791520731214204.762	
2,_Z24add_rms_norm_bias_customIfEvPhS0_S0_S0_S0_mmjff,AI_VECTOR_CORE,22,175,3.120,1791520731214210.882	,1791520731214214.002	
2,N/A,EVENT_RECORD,22,176,0.020,1791520731214228.462	,1791520731214228.482	
2,N/A,EVENT_RECORD,22,177,0.020,1791520731214299.022	,1791520731214299.042	
2,_Z24add_rms_norm_bias_customIfEvPhS0_S0_S0_S0_mmjff,AI_VECTOR_CORE,22,178,3.340,1791520731214302.302	,1791520731214305.642	
2,N/A,EVENT_RECORD,22,179,0.020,1791520731214321.802	,1791520731214321.822	
2,N/A,EVENT_RECORD,22,180,0.020,1791520731214387.366	,1791520731214387.386	
2,_Z24add_rms_norm_bias_customIfEvPhS0_S0_S0_S0_mmjff,AI_VECTOR_CORE,22,181,5.000,1791520731214392.906	,1791520731214397.906	
2,N/A,EVENT_RECORD,22,182,0.020,1791520731214409.286	,1791520731214409.306	
2,N/A,EVENT_RECORD,22,183,0.020,1791520731214467.006	,1791520731214467.026	
2,_Z24add_rms_norm_bias_customIfEvPhS0_S0_S0_S0_mmjff,AI_VECTOR_CORE,22,184,4.940,1791520731214474.026	,1791520731214478.966	
2,N/A,EVENT_RECORD,22,185,0.020,1791520731214510.586	,1791520731214510.606	
2,N/A,EVENT_RECORD,22,186,0.016,1791520731214580.650	,1791520731214580.666	
2,_Z24add_rms_norm_bias_customIfEvPhS0_S0_S0_S0_mmjff,AI_VECTOR_CORE,22,187,3.660,1791520731214587.330	,1791520731214590.990	
2,N/A,EVENT_RECORD,22,188,0.020,1791520731214606.630	,1791520731214606.650	
2,N/A,EVENT_RECORD,22,189,0.020,1791520731214674.890	,1791520731214674.910	
2,_Z24add_rms_norm_bias_customIfEvPhS0_S0_S0_S0_mmjff,AI_VECTOR_CORE,22,190,3.080,1791520731214677.770	,1791520731214680.850	
2,N/A,EVENT_RECORD,22,191,0.020,1791520731214694.990	,1791520731214695.010	
2,N/A,EVENT_RECORD,22,192,0.020,1791520731214765.270	,1791520731214765.290	
2,_Z24add_rms_norm_bias_customIfEvPhS0_S0_S0_S0_mmjff,AI_VECTOR_CORE,22,193,3.040,1791520731214768.910	,1791520731214771.950	
2,N/A,EVENT_RECORD,22,194,0.020,1791520731214792.754	,1791520731214792.774	
2,N/A,EVENT_RECORD,22,195,0.020,1791520731214846.954	,1791520731214846.974	
2,_Z24add_rms_norm_bias_customIfEvPhS0_S0_S0_S0_mmjff,AI_VECTOR_CORE,22,196,3.040,1791520731214864.794	,1791520731214867.834	
2,N/A,EVENT_RECORD,22,197,0.020,1791520731214885.074	,1791520731214885.094	
2,N/A,EVENT_RECORD,22,198,0.000,1791520731214934.514	,1791520731214934.514	
2,_Z24add_rms_norm_bias_customIfEvPhS0_S0_S0_S0_mmjff,AI_VECTOR_CORE,22,199,4.740,1791520731214952.114	,1791520731214956.854	
2,N/A,EVENT_RECORD,22,200,0.000,1791520731214979.738	,1791520731214979.738	
2,N/A,EVENT_RECORD,22,201,0.020,1791520731215041.178	,1791520731215041.198	
2,_Z24add_rms_norm_bias_customIfEvPhS0_S0_S0_S0_mmjff,AI_VECTOR_CORE,22,202,4.640,1791520731215054.318	,1791520731215058.958	
2,N/A,EVENT_RECORD,22,203,0.020,1791520731215069.718	,1791520731215069.738	
2,N/A,EVENT_RECORD,22,204,0.020,1791520731215128.898	,1791520731215128.918	
2,_Z24add_rms_norm_bias_customIfEvPhS0_S0_S0_S0_mmjff,AI_VECTOR_CORE,22,205,4.680,1791520731215142.098	,1791520731215146.778	
2,N/A,EVENT_RECORD,22,206,0.000,1791520731215160.778	,1791520731215160.778	
2,N/A,EVENT_RECORD,22,207,0.000,1791520731215226.482	,1791520731215226.482	
2,_Z24add_rms_norm_bias_customIfEvPhS0_S0_S0_S0_mmjff,AI_VECTOR_CORE,22,208,4.080,1791520731215240.182	,1791520731215244.262	
2,N/A,EVENT_RECORD,22,209,0.020,1791520731215271.982	,1791520731215272.002	
2,N/A,EVENT_RECORD,22,210,0.020,1791520731215333.482	,1791520731215333.502	
2,_Z24add_rms_norm_bias_customIfEvPhS0_S0_S0_S0_mmjff,AI_VECTOR_CORE,22,211,4.700,1791520731215362.482	,1791520731215367.182	
2,N/A,EVENT_RECORD,22,212,0.024,1791520731215383.882	,1791520731215383.906	
2,N/A,EVENT_RECORD,22,213,0.000,1791520731215440.806	,1791520731215440.806	
2,_Z24add_rms_norm_bias_customIfEvPhS0_S0_S0_S0_mmjff,AI_VECTOR_CORE,22,214,3.340,1791520731215460.086	,1791520731215463.426	
2,N/A,EVENT_RECORD,22,215,0.020,1791520731215485.126	,1791520731215485.146	
2,N/A,EVENT_RECORD,22,216,0.020,1791520731215537.866	,1791520731215537.886	
2,_Z24add_rms_norm_bias_customIfEvPhS0_S0_S0_S0_mmjff,AI_VECTOR_CORE,22,217,2.980,1791520731215552.406	,1791520731215555.386	
2,N/A,EVENT_RECORD,22,218,0.024,1791520731215579.386	,1791520731215579.410	
2,N/A,EVENT_RECORD,22,219,0.000,1791520731215624.730	,1791520731215624.730	
2,_Z24add_rms_norm_bias_customIfEvPhS0_S0_S0_S0_mmjff,AI_VECTOR_CORE,22,220,2.980,1791520731215646.750	,1791520731215649.730	
2,N/A,EVENT_RECORD,22,221,0.000,1791520731215670.610	,1791520731215670.610	
2,N/A,EVENT_RECORD,22,222,0.020,1791520731215727.010	,1791520731215727.030	
2,_Z24add_rms_norm_bias_customIfEvPhS0_S0_S0_S0_mmjff,AI_VECTOR_CORE,22,223,2.980,1791520731215742.450	,1791520731215745.430	
2,N/A,EVENT_RECORD,22,224,0.020,1791520731215761.230	,1791520731215761.250	
2,N/A,EVENT_RECORD,22,225,0.020,1791520731215812.514	,1791520731215812.534	
2,_Z24add_rms_norm_bias_customIfEvPhS0_S0_S0_S0_mmjff,AI_VECTOR_CORE,22,226,2.860,1791520731215840.554	,1791520731215843.414	
2,N/A,EVENT_RECORD,22,227,0.020,1791520731215847.994	,1791520731215848.014	
2,N/A,EVENT_RECORD,22,228,0.020,1791520731215930.294	,1791520731215930.314	
2,_Z24add_rms_norm_bias_customIfEvPhS0_S0_S0_S0_mmjff,AI_VECTOR_CORE,22,229,3.080,1791520731215942.374	,1791520731215945.454	
2,N/A,EVENT_RECORD,22,230,0.020,1791520731215957.974	,1791520731215957.994	
2,N/A,EVENT_RECORD,22,231,0.020,1791520731216023.558	,1791520731216023.578	
2,_Z24add_rms_norm_bias_customIfEvPhS0_S0_S0_S0_mmjff,AI_VECTOR_CORE,22,232,2.980,1791520731216038.998	,1791520731216041.978	
2,N/A,EVENT_RECORD,22,233,0.020,1791520731216067.978	,1791520731216067.998	
2,N/A,EVENT_RECORD,22,234,0.020,1791520731216117.818	,1791520731216117.838	
2,_Z24add_rms_norm_bias_customIfEvPhS0_S0_S0_S0_mmjff,AI_VECTOR_CORE,22,235,3.280,1791520731216140.458	,1791520731216143.738	
2,N/A,EVENT_RECORD,22,236,0.020,1791520731216158.538	,1791520731216158.558	
2,N/A,EVENT_RECORD,22,237,0.020,1791520731216240.522	,1791520731216240.542	
2,_Z24add_rms_norm_bias_customIfEvPhS0_S0_S0_S0_mmjff,AI_VECTOR_CORE,22,238,3.040,1791520731216253.822	,1791520731216256.862	
2,N/A,EVENT_RECORD,22,239,0.020,1791520731216276.842	,1791520731216276.862	
2,N/A,EVENT_RECORD,22,240,0.020,1791520731216332.462	,1791520731216332.482	
2,_Z24add_rms_norm_bias_customIfEvPhS0_S0_S0_S0_mmjff,AI_VECTOR_CORE,22,241,5.100,1791520731216348.062	,1791520731216353.162	
2,N/A,EVENT_RECORD,22,242,0.020,1791520731216362.822	,1791520731216362.842	
2,N/A,EVENT_RECORD,22,243,0.020,1791520731216417.106	,1791520731216417.126	
2,_Z24add_rms_norm_bias_customIfEvPhS0_S0_S0_S0_mmjff,AI_VECTOR_CORE,22,244,3.560,1791520731216432.266	,1791520731216435.826	
2,N/A,EVENT_RECORD,22,245,0.020,1791520731216448.766	,1791520731216448.786	
2,N/A,EVENT_RECORD,22,246,0.020,1791520731216509.846	,1791520731216509.866	
2,_Z24add_rms_norm_bias_customIfEvPhS0_S0_S0_S0_mmjff,AI_VECTOR_CORE,22,247,4.080,1791520731216522.866	,1791520731216526.946	
2,N/A,EVENT_RECORD,22,248,0.020,1791520731216551.326	,1791520731216551.346	
2,N/A,EVENT_RECORD,22,249,0.020,1791520731216617.310	,1791520731216617.330	
2,_Z24add_rms_norm_bias_customIfEvPhS0_S0_S0_S0_mmjff,AI_VECTOR_CORE,22,250,3.960,1791520731216620.250	,1791520731216624.210	
2,N/A,EVENT_RECORD,22,251,0.020,1791520731216646.810	,1791520731216646.830	
2,N/A,EVENT_RECORD,22,252,0.020,1791520731216711.850	,1791520731216711.870	
2,_Z24add_rms_norm_bias_customIfEvPhS0_S0_S0_S0_mmjff,AI_VECTOR_CORE,22,253,4.500,1791520731216715.250	,1791520731216719.750	
2,N/A,EVENT_RECORD,22,254,0.020,1791520731216736.510	,1791520731216736.530	
2,N/A,EVENT_RECORD,22,255,0.020,1791520731216796.634	,1791520731216796.654	
2,_Z24add_rms_norm_bias_customIfEvPhS0_S0_S0_S0_mmjff,AI_VECTOR_CORE,22,256,5.260,1791520731216809.814	,1791520731216815.074	
2,N/A,EVENT_RECORD,22,257,0.020,1791520731216838.614	,1791520731216838.634	
2,N/A,EVENT_RECORD,22,258,0.020,1791520731216902.874	,1791520731216902.894	
2,_Z24add_rms_norm_bias_customIfEvPhS0_S0_S0_S0_mmjff,AI_VECTOR_CORE,22,259,10.440,1791520731216916.574	,1791520731216927.014	
2,N/A,EVENT_RECORD,22,260,0.020,1791520731216940.754	,1791520731216940.774	
2,N/A,EVENT_RECORD,22,261,0.020,1791520731217003.878	,1791520731217003.898	
2,_Z24add_rms_norm_bias_customIfEvPhS0_S0_S0_S0_mmjff,AI_VECTOR_CORE,22,262,4.700,1791520731217030.458	,1791520731217035.158	
2,N/A,EVENT_RECORD,22,263,0.020,1791520731217039.158	,1791520731217039.178	
2,N/A,EVENT_RECORD,22,264,0.020,1791520731217097.318	,1791520731217097.338	
2,_Z24add_rms_norm_bias_customIfEvPhS0_S0_S0_S0_mmjff,AI_VECTOR_CORE,22,265,4.020,1791520731217113.838	,1791520731217117.858	
2,N/A,EVENT_RECORD,22,266,0.020,1791520731217142.738	,1791520731217142.758	
2,N/A,EVENT_RECORD,22,267,0.020,1791520731217208.382	,1791520731217208.402	
2,_Z24add_rms_norm_bias_customIfEvPhS0_S0_S0_S0_mmjff,AI_VECTOR_CORE,22,268,3.120,1791520731217212.262	,1791520731217215.382	
2,N/A,EVENT_RECORD,22,269,0.020,1791520731217235.082	,1791520731217235.102	
2,N/A,EVENT_RECORD,22,270,0.000,1791520731217306.502	,1791520731217306.502	
2,_Z24add_rms_norm_bias_customIfEvPhS0_S0_S0_S0_mmjff,AI_VECTOR_CORE,22,271,4.820,1791520731217316.102	,1791520731217320.922	
2,N/A,EVENT_RECORD,22,272,0.020,1791520731217324.802	,1791520731217324.822	
2,N/A,EVENT_RECORD,22,273,0.016,1791520731217381.506	,1791520731217381.522	
2,_Z24add_rms_norm_bias_customIfEvPhS0_S0_S0_S0_mmjff,AI_VECTOR_CORE,22,274,4.620,1791520731217402.506	,1791520731217407.126	
2,N/A,EVENT_RECORD,22,275,0.020,1791520731217407.146	,1791520731217407.166	
2,N/A,EVENT_RECORD,22,276,0.020,1791520731217467.306	,1791520731217467.326	
2,_Z24add_rms_norm_bias_customIfEvPhS0_S0_S0_S0_mmjff,AI_VECTOR_CORE,22,277,3.560,1791520731217481.986	,1791520731217485.546	
2,N/A,EVENT_RECORD,22,278,0.000,1791520731217498.846	,1791520731217498.846	
2,N/A,EVENT_RECORD,22,279,0.000,1791520731217562.766	,1791520731217562.766	
2,_Z24add_rms_norm_bias_customIfEvPhS0_S0_S0_S0_mmjff,AI_VECTOR_CORE,22,280,3.040,1791520731217581.106	,1791520731217584.146	
2,N/A,EVENT_RECORD,22,281,0.020,1791520731217614.690	,1791520731217614.710	
2,N/A,EVENT_RECORD,22,282,0.020,1791520731217678.750	,1791520731217678.770	
2,_Z24add_rms_norm_bias_customIfEvPhS0_S0_S0_S0_mmjff,AI_VECTOR_CORE,22,283,4.640,1791520731217681.410	,1791520731217686.050	
2,N/A,EVENT_RECORD,22,284,0.020,1791520731217705.470	,1791520731217705.490	
2,N/A,EVENT_RECORD,22,285,0.020,1791520731217758.850	,1791520731217758.870	
2,_Z24add_rms_norm_bias_customIfEvPhS0_S0_S0_S0_mmjff,AI_VECTOR_CORE,22,286,4.820,1791520731217773.490	,1791520731217778.310	
2,N/A,EVENT_RECORD,22,287,0.020,1791520731217792.634	,1791520731217792.654	
2,N/A,EVENT_RECORD,22,288,0.020,1791520731217872.854	,1791520731217872.874	
2,_Z24add_rms_norm_bias_customIfEvPhS0_S0_S0_S0_mmjff,AI_VECTOR_CORE,22,289,4.560,1791520731217878.694	,1791520731217883.254	
2,N/A,EVENT_RECORD,22,290,0.000,1791520731217896.414	,1791520731217896.414	
2,N/A,EVENT_RECORD,22,291,0.000,1791520731217979.494	,1791520731217979.494	
2,_Z24add_rms_norm_bias_customIfEvPhS0_S0_S0_S0_mmjff,AI_VECTOR_CORE,22,292,4.096,1791520731217982.418	,1791520731217986.514	
2,N/A,EVENT_RECORD,22,293,0.020,1791520731217995.858	,1791520731217995.878	
2,N/A,EVENT_RECORD,22,294,0.020,1791520731218051.438	,1791520731218051.458	
2,_Z24add_rms_norm_bias_customIfEvPhS0_S0_S0_S0_mmjff,AI_VECTOR_CORE,22,295,3.600,1791520731218065.298	,1791520731218068.898	
2,N/A,EVENT_RECORD,22,296,0.020,1791520731218105.898	,1791520731218105.918	
2,N/A,EVENT_RECORD,22,297,0.020,1791520731218160.818	,1791520731218160.838	
2,_Z24add_rms_norm_bias_customIfEvPhS0_S0_S0_S0_mmjff,AI_VECTOR_CORE,22,298,4.960,1791520731218182.402	,1791520731218187.362	
2,N/A,EVENT_RECORD,22,299,0.020,1791520731218202.002	,1791520731218202.022	
2,N/A,EVENT_RECORD,22,300,0.020,1791520731218257.882	,1791520731218257.902	
2,_Z24add_rms_norm_bias_customIfEvPhS0_S0_S0_S0_mmjff,AI_VECTOR_CORE,22,301,2.920,1791520731218273.242	,1791520731218276.162	
2,N/A,EVENT_RECORD,22,302,0.020,1791520731218292.562	,1791520731218292.582	
2,N/A,EVENT_RECORD,22,303,0.020,1791520731218351.482	,1791520731218351.502	
2,_Z24add_rms_norm_bias_customIfEvPhS0_S0_S0_S0_mmjff,AI_VECTOR_CORE,22,304,3.500,1791520731218368.982	,1791520731218372.482	
2,N/A,EVENT_RECORD,22,305,0.020,1791520731218398.666	,1791520731218398.686	
2,N/A,EVENT_RECORD,22,306,0.020,1791520731218462.706	,1791520731218462.726	
2,_Z24add_rms_norm_bias_customIfEvPhS0_S0_S0_S0_mmjff,AI_VECTOR_CORE,22,307,3.600,1791520731218468.706	,1791520731218472.306	
2,N/A,EVENT_RECORD,22,308,0.020,1791520731218486.486	,1791520731218486.506	
2,N/A,EVENT_RECORD,22,309,0.020,1791520731218562.446	,1791520731218562.466	
2,_Z24add_rms_norm_bias_customIfEvPhS0_S0_S0_S0_mmjff,AI_VECTOR_CORE,22,310,2.940,1791520731218565.606	,1791520731218568.546	
2,N/A,EVENT_RECORD,22,311,0.016,1791520731218584.330	,1791520731218584.346	
2,N/A,EVENT_RECORD,22,312,0.020,1791520731218643.230	,1791520731218643.250	
2,_Z24add_rms_norm_bias_customIfEvPhS0_S0_S0_S0_mmjff,AI_VECTOR_CORE,22,313,2.960,1791520731218660.010	,1791520731218662.970	
2,N/A,EVENT_RECORD,22,314,0.020,1791520731218692.910	,1791520731218692.930	
2,N/A,EVENT_RECORD,22,315,0.020,1791520731218755.270	,1791520731218755.290	
2,_Z24add_rms_norm_bias_customIfEvPhS0_S0_S0_S0_mmjff,AI_VECTOR_CORE,22,316,2.920,1791520731218760.470	,1791520731218763.390	
2,N/A,EVENT_RECORD,22,317,0.000,1791520731218780.250	,1791520731218780.250	
2,N/A,EVENT_RECORD,22,318,0.020,1791520731218847.494	,1791520731218847.514	
2,_Z24add_rms_norm_bias_customIfEvPhS0_S0_S0_S0_mmjff,AI_VECTOR_CORE,22,319,2.980,1791520731218852.254	,1791520731218855.234	
2,N/A,EVENT_RECORD,22,320,0.020,1791520731218880.334	,1791520731218880.354	
2,N/A,EVENT_RECORD,22,321,0.020,1791520731218926.774	,1791520731218926.794	
2,_Z24add_rms_norm_bias_customIfEvPhS0_S0_S0_S0_mmjff,AI_VECTOR_CORE,22,322,3.080,1791520731218943.774	,1791520731218946.854	
2,N/A,EVENT_RECORD,22,323,0.020,1791520731218961.454	,1791520731218961.474	
2,N/A,EVENT_RECORD,22,324,0.020,1791520731219024.278	,1791520731219024.298	
2,_Z24add_rms_norm_bias_customIfEvPhS0_S0_S0_S0_mmjff,AI_VECTOR_CORE,22,325,3.480,1791520731219029.458	,1791520731219032.938	
2,N/A,EVENT_RECORD,22,326,0.020,1791520731219069.838	,1791520731219069.858	
2,N/A,EVENT_RECORD,22,327,0.020,1791520731219121.598	,1791520731219121.618	
2,_Z24add_rms_norm_bias_customIfEvPhS0_S0_S0_S0_mmjff,AI_VECTOR_CORE,22,328,3.840,1791520731219136.858	,1791520731219140.698	
2,N/A,EVENT_RECORD,22,329,0.020,1791520731219177.878	,1791520731219177.898	
2,N/A,EVENT_RECORD,22,330,0.020,1791520731219237.962	,1791520731219237.982	
2,_Z24add_rms_norm_bias_customIfEvPhS0_S0_S0_S0_mmjff,AI_VECTOR_CORE,22,331,2.920,1791520731219264.682	,1791520731219267.602	
2,N/A,EVENT_RECORD,22,332,0.020,1791520731219283.202	,1791520731219283.222	
2,N/A,EVENT_RECORD,22,333,0.020,1791520731219343.942	,1791520731219343.962	
2,_Z24add_rms_norm_bias_customIfEvPhS0_S0_S0_S0_mmjff,AI_VECTOR_CORE,22,334,2.880,1791520731219356.522	,1791520731219359.402	
2,N/A,EVENT_RECORD,22,335,0.020,1791520731219374.062	,1791520731219374.082	
2,N/A,EVENT_RECORD,22,336,0.020,1791520731219426.906	,1791520731219426.926	
2,_Z24add_rms_norm_bias_customIfEvPhS0_S0_S0_S0_mmjff,AI_VECTOR_CORE,22,337,4.960,1791520731219441.766	,1791520731219446.726	
2,N/A,EVENT_RECORD,22,338,0.000,1791520731219459.106	,1791520731219459.106	
2,N/A,EVENT_RECORD,22,339,0.020,1791520731219538.346	,1791520731219538.366	
2,_Z24add_rms_norm_bias_customIfEvPhS0_S0_S0_S0_mmjff,AI_VECTOR_CORE,22,340,4.640,1791520731219544.226	,1791520731219548.866	
2,N/A,EVENT_RECORD,22,341,0.020,1791520731219567.586	,1791520731219567.606	
2,N/A,EVENT_RECORD,22,342,0.020,1791520731219638.670	,1791520731219638.690	
2,_Z24add_rms_norm_bias_customIfEvPhS0_S0_S0_S0_mmjff,AI_VECTOR_CORE,22,343,3.660,1791520731219644.910	,1791520731219648.570	
2,N/A,EVENT_RECORD,22,344,0.020,1791520731219686.770	,1791520731219686.790	
2,N/A,EVENT_RECORD,22,345,0.020,1791520731219760.110	,1791520731219760.130	
2,_Z24add_rms_norm_bias_customIfEvPhS0_S0_S0_S0_mmjff,AI_VECTOR_CORE,22,346,3.020,1791520731219779.010	,1791520731219782.030	
2,N/A,EVENT_RECORD,22,347,0.020,1791520731219796.054	,1791520731219796.074	
2,N/A,EVENT_RECORD,22,348,0.020,1791520731219865.974	,1791520731219865.994	
2,_Z24add_rms_norm_bias_customIfEvPhS0_S0_S0_S0_mmjff,AI_VECTOR_CORE,22,349,2.840,1791520731219872.094	,1791520731219874.934	
2,N/A,EVENT_RECORD,22,350,0.020,1791520731219891.034	,1791520731219891.054	
2,N/A,EVENT_RECORD,22,351,0.020,1791520731219957.354	,1791520731219957.374	
2,_Z24add_rms_norm_bias_customIfEvPhS0_S0_S0_S0_mmjff,AI_VECTOR_CORE,22,352,2.960,1791520731219962.354	,1791520731219965.314	
2,N/A,EVENT_RECORD,22,353,0.020,1791520731220000.338	,1791520731220000.358	
2,N/A,EVENT_RECORD,22,354,0.020,1791520731220062.038	,1791520731220062.058	
2,_Z24add_rms_norm_bias_customIfEvPhS0_S0_S0_S0_mmjff,AI_VECTOR_CORE,22,355,2.940,1791520731220088.638	,1791520731220091.578	
2,N/A,EVENT_RECORD,22,356,0.020,1791520731220097.918	,1791520731220097.938	
2,N/A,EVENT_RECORD,22,357,0.020,1791520731220171.698	,1791520731220171.718	
2,_Z24add_rms_norm_bias_customIfEvPhS0_S0_S0_S0_mmjff,AI_VECTOR_CORE,22,358,2.880,1791520731220174.798	,1791520731220177.678	
2,N/A,EVENT_RECORD,22,359,0.000,1791520731220194.302	,1791520731220194.302	
2,N/A,EVENT_RECORD,22,360,0.020,1791520731220266.482	,1791520731220266.502	
2,_Z24add_rms_norm_bias_customIfEvPhS0_S0_S0_S0_mmjff,AI_VECTOR_CORE,22,361,2.980,1791520731220271.682	,1791520731220274.662	
2,N/A,EVENT_RECORD,22,362,0.020,1791520731220305.862	,1791520731220305.882	
2,N/A,EVENT_RECORD,22,363,0.020,1791520731220363.182	,1791520731220363.202	
2,_Z24add_rms_norm_bias_customIfEvPhS0_S0_S0_S0_mmjff,AI_VECTOR_CORE,22,364,3.040,1791520731220367.822	,1791520731220370.862	
2,N/A,EVENT_RECORD,22,365,0.020,1791520731220422.446	,1791520731220422.466	
2,N/A,EVENT_RECORD,22,366,0.020,1791520731220478.306	,1791520731220478.326	
2,_Z24add_rms_norm_bias_customIfEvPhS0_S0_S0_S0_mmjff,AI_VECTOR_CORE,22,367,3.580,1791520731220504.906	,1791520731220508.486	
2,N/A,EVENT_RECORD,22,368,0.020,1791520731220520.266	,1791520731220520.286	
2,N/A,EVENT_RECORD,22,369,0.024,1791520731220584.266	,1791520731220584.290	
2,_Z24add_rms_norm_bias_customIfEvPhS0_S0_S0_S0_mmjff,AI_VECTOR_CORE,22,370,3.460,1791520731220599.410	,1791520731220602.870	
2,N/A,EVENT_RECORD,22,371,0.020,1791520731220615.050	,1791520731220615.070	
2,N/A,EVENT_RECORD,22,372,0.000,1791520731220669.310	,1791520731220669.310	
2,_Z24add_rms_norm_bias_customIfEvPhS0_S0_S0_S0_mmjff,AI_VECTOR_CORE,22,373,2.960,1791520731220693.170	,1791520731220696.130	
2,N/A,EVENT_RECORD,22,374,0.020,1791520731220708.030	,1791520731220708.050	
2,N/A,EVENT_RECORD,22,375,0.020,1791520731220778.790	,1791520731220778.810	
2,_Z24add_rms_norm_bias_customIfEvPhS0_S0_S0_S0_mmjff,AI_VECTOR_CORE,22,376,2.864,1791520731220781.210	,1791520731220784.074	
2,N/A,EVENT_RECORD,22,377,0.020,1791520731220823.474	,1791520731220823.494	
2,N/A,EVENT_RECORD,22,378,0.020,1791520731220885.954	,1791520731220885.974	
2,_Z24add_rms_norm_bias_customIfEvPhS0_S0_S0_S0_mmjff,AI_VECTOR_CORE,22,379,3.060,1791520731220890.994	,1791520731220894.054	
2,N/A,EVENT_RECORD,22,380,0.020,1791520731220925.234	,1791520731220925.254	
2,N/A,EVENT_RECORD,22,381,0.000,1791520731220979.594	,1791520731220979.594	
2,_Z24add_rms_norm_bias_customIfEvPhS0_S0_S0_S0_mmjff,AI_VECTOR_CORE,22,382,3.480,1791520731220986.338	,1791520731220989.818	
2,N/A,EVENT_RECORD,22,383,0.020,1791520731221002.178	,1791520731221002.198	
2,N/A,EVENT_RECORD,22,384,0.020,1791520731221065.278	,1791520731221065.298	
2,_Z24add_rms_norm_bias_customIfEvPhS0_S0_S0_S0_mmjff,AI_VECTOR_CORE,22,385,2.880,1791520731221078.838	,1791520731221081.718	
2,N/A,EVENT_RECORD,22,386,0.020,1791520731221097.998	,1791520731221098.018	
2,N/A,EVENT_RECORD,22,387,0.020,1791520731221158.838	,1791520731221158.858	
2,_Z24add_rms_norm_bias_customIfEvPhS0_S0_S0_S0_mmjff,AI_VECTOR_CORE,22,388,4.920,1791520731221172.798	,1791520731221177.718	
2,N/A,EVENT_RECORD,22,389,0.000,1791520731221186.978	,1791520731221186.978	
2,N/A,EVENT_RECORD,22,390,0.020,1791520731221275.182	,1791520731221275.202	
2,_Z24add_rms_norm_bias_customIfEvPhS0_S0_S0_S0_mmjff,AI_VECTOR_CORE,22,391,4.700,1791520731221278.082	,1791520731221282.782	
2,N/A,EVENT_RECORD,22,392,0.020,1791520731221313.102	,1791520731221313.122	
2,N/A,EVENT_RECORD,22,393,0.020,1791520731221376.962	,1791520731221376.982	
2,_Z24add_rms_norm_bias_customIfEvPhS0_S0_S0_S0_mmjff,AI_VECTOR_CORE,22,394,2.980,1791520731221383.022	,1791520731221386.002	
2,N/A,EVENT_RECORD,22,395,0.020,1791520731221402.086	,1791520731221402.106	
2,N/A,EVENT_RECORD,22,396,0.020,1791520731221464.006	,1791520731221464.026	
2,_Z24add_rms_norm_bias_customIfEvPhS0_S0_S0_S0_mmjff,AI_VECTOR_CORE,22,397,2.880,1791520731221466.466	,1791520731221469.346	
2,N/A,EVENT_RECORD,22,398,0.020,1791520731221485.966	,1791520731221485.986	
2,N/A,EVENT_RECORD,22,399,0.020,1791520731221538.446	,1791520731221538.466	
2,_Z24add_rms_norm_bias_customIfEvPhS0_S0_S0_S0_mmjff,AI_VECTOR_CORE,22,400,4.960,1791520731221551.446	,1791520731221556.406	
2,N/A,EVENT_RECORD,22,401,0.016,1791520731221589.010	,1791520731221589.026	
2,N/A,EVENT_RECORD,22,402,0.020,1791520731221648.910	,1791520731221648.930	
2,_Z24add_rms_norm_bias_customIfEvPhS0_S0_S0_S0_mmjff,AI_VECTOR_CORE,22,403,4.640,1791520731221669.950	,1791520731221674.590	
2,N/A,EVENT_RECORD,22,404,0.020,1791520731221689.390	,1791520731221689.410	
2,N/A,EVENT_RECORD,22,405,0.020,1791520731221750.290	,1791520731221750.310	
2,_Z24add_rms_norm_bias_customIfEvPhS0_S0_S0_S0_mmjff,AI_VECTOR_CORE,22,406,2.940,1791520731221757.050	,1791520731221759.990	
2,N/A,EVENT_RECORD,22,407,0.020,1791520731221774.670	,1791520731221774.690	
2,N/A,EVENT_RECORD,22,408,0.020,1791520731221838.414	,1791520731221838.434	
2,_Z24add_rms_norm_bias_customIfEvPhS0_S0_S0_S0_mmjff,AI_VECTOR_CORE,22,409,3.760,1791520731221840.914	,1791520731221844.674	
2,N/A,EVENT_RECORD,22,410,0.020,1791520731221861.774	,1791520731221861.794	
2,N/A,EVENT_RECORD,22,411,0.020,1791520731221924.314	,1791520731221924.334	
2,_Z24add_rms_norm_bias_customIfEvPhS0_S0_S0_S0_mmjff,AI_VECTOR_CORE,22,412,3.560,1791520731221948.894	,1791520731221952.454	
2,N/A,EVENT_RECORD,22,413,0.020,1791520731221953.234	,1791520731221953.254	
2,N/A,EVENT_RECORD,22,414,0.020,1791520731222022.618	,1791520731222022.638	
2,_Z24add_rms_norm_bias_customIfEvPhS0_S0_S0_S0_mmjff,AI_VECTOR_CORE,22,415,3.000,1791520731222025.738	,1791520731222028.738	
2,N/A,EVENT_RECORD,22,416,0.020,1791520731222059.198	,1791520731222059.218	
2,N/A,EVENT_RECORD,22,417,0.020,1791520731222126.878	,1791520731222126.898	
2,_Z24add_rms_norm_bias_customIfEvPhS0_S0_S0_S0_mmjff,AI_VECTOR_CORE,22,418,3.760,1791520731222129.818	,1791520731222133.578	
2,N/A,EVENT_RECORD,22,419,0.020,1791520731222148.138	,1791520731222148.158	
2,N/A,EVENT_RECORD,22,420,0.020,1791520731222203.242	,1791520731222203.262	
2,_Z24add_rms_norm_bias_customIfEvPhS0_S0_S0_S0_mmjff,AI_VECTOR_CORE,22,421,5.060,1791520731222217.802	,1791520731222222.862	
2,N/A,EVENT_RECORD,22,422,0.020,1791520731222235.002	,1791520731222235.022	
2,N/A,EVENT_RECORD,22,423,0.020,1791520731222295.062	,1791520731222295.082	
2,_Z24add_rms_norm_bias_customIfEvPhS0_S0_S0_S0_mmjff,AI_VECTOR_CORE,22,424,2.900,1791520731222309.762	,1791520731222312.662	
2,N/A,EVENT_RECORD,22,425,0.020,1791520731222356.862	,1791520731222356.882	
2,N/A,EVENT_RECORD,22,426,0.020,1791520731222418.766	,1791520731222418.786	
2,_Z24add_rms_norm_bias_customIfEvPhS0_S0_S0_S0_mmjff,AI_VECTOR_CORE,22,427,3.860,1791520731222430.126	,1791520731222433.986	
2,N/A,EVENT_RECORD,22,428,0.020,1791520731222449.326	,1791520731222449.346	
2,N/A,EVENT_RECORD,22,429,0.000,1791520731222511.706	,1791520731222511.706	
2,_Z24add_rms_norm_bias_customIfEvPhS0_S0_S0_S0_mmjff,AI_VECTOR_CORE,22,430,2.840,1791520731222517.946	,1791520731222520.786	
2,N/A,EVENT_RECORD,22,431,0.020,1791520731222536.386	,1791520731222536.406	
2,N/A,EVENT_RECORD,22,432,0.024,1791520731222589.986	,1791520731222590.010	
2,_Z24add_rms_norm_bias_customIfEvPhS0_S0_S0_S0_mmjff,AI_VECTOR_CORE,22,433,3.800,1791520731222606.730	,1791520731222610.530	
2,N/A,EVENT_RECORD,22,434,0.020,1791520731222623.470	,1791520731222623.490	
2,N/A,EVENT_RECORD,22,435,0.020,1791520731222681.590	,1791520731222681.610	
2,_Z24add_rms_norm_bias_customIfEvPhS0_S0_S0_S0_mmjff,AI_VECTOR_CORE,22,436,2.940,1791520731222700.550	,1791520731222703.490	
2,N/A,EVENT_RECORD,22,437,0.020,1791520731222707.490	,1791520731222707.510	
2,N/A,EVENT_RECORD,22,438,0.020,1791520731222769.110	,1791520731222769.130	
2,_Z24add_rms_norm_bias_customIfEvPhS0_S0_S0_S0_mmjff,AI_VECTOR_CORE,22,439,3.620,1791520731222772.350	,1791520731222775.970	
2,N/A,EVENT_RECORD,22,440,0.020,1791520731222813.974	,1791520731222813.994	
2,N/A,EVENT_RECORD,22,441,0.020,1791520731222904.894	,1791520731222904.914	
2,_Z24add_rms_norm_bias_customIfEvPhS0_S0_S0_S0_mmjff,AI_VECTOR_CORE,22,442,3.560,1791520731222908.154	,1791520731222911.714	
2,N/A,EVENT_RECORD,22,443,0.000,1791520731222926.614	,1791520731222926.614	
2,N/A,EVENT_RECORD,22,444,0.020,1791520731222999.078	,1791520731222999.098	
2,_Z24add_rms_norm_bias_customIfEvPhS0_S0_S0_S0_mmjff,AI_VECTOR_CORE,22,445,3.100,1791520731223002.098	,1791520731223005.198	
2,N/A,EVENT_RECORD,22,446,0.020,1791520731223024.718	,1791520731223024.738	
2,_Z24add_rms_norm_bias_customIfEvPhS0_S0_S0_S0_mmjff,AI_VECTOR_CORE,22,447,5.180,1791520731230447.986	,1791520731230453.166	
2,_Z24add_rms_norm_bias_customIfEvPhS0_S0_S0_S0_mmjff,AI_VECTOR_CORE,22,448,5.200,1791520731230535.606	,1791520731230540.806	
2,_Z24add_rms_norm_bias_customIfEvPhS0_S0_S0_S0_mmjff,AI_VECTOR_CORE,22,449,5.160,1791520731230584.046	,1791520731230589.206	
2,N/A,EVENT_RECORD,22,450,0.020,1791520731230618.590	,1791520731230618.610	
2,_Z24add_rms_norm_bias_customIfEvPhS0_S0_S0_S0_mmjff,AI_VECTOR_CORE,22,451,5.000,1791520731230742.130	,1791520731230747.130	
2,_Z24add_rms_norm_bias_customIfEvPhS0_S0_S0_S0_mmjff,AI_VECTOR_CORE,22,452,5.020,1791520731230795.154	,1791520731230800.174	
2,_Z24add_rms_norm_bias_customIfEvPhS0_S0_S0_S0_mmjff,AI_VECTOR_CORE,22,453,3.580,1791520731230827.434	,1791520731230831.014	
2,_Z24add_rms_norm_bias_customIfEvPhS0_S0_S0_S0_mmjff,AI_VECTOR_CORE,22,454,3.680,1791520731230872.294	,1791520731230875.974	
2,_Z24add_rms_norm_bias_customIfEvPhS0_S0_S0_S0_mmjff,AI_VECTOR_CORE,22,455,5.180,1791520731230903.514	,1791520731230908.694	
2,N/A,EVENT_RECORD,22,456,0.020,1791520731230922.354	,1791520731230922.374	
2,_Z24add_rms_norm_bias_customIfEvPhS0_S0_S0_S0_mmjff,AI_VECTOR_CORE,22,457,3.744,1791520731230990.434	,1791520731230994.178	
2,_Z24add_rms_norm_bias_customIfEvPhS0_S0_S0_S0_mmjff,AI_VECTOR_CORE,22,458,3.020,1791520731231028.758	,1791520731231031.778	
2,N/A,EVENT_RECORD,22,459,0.020,1791520731231053.398	,1791520731231053.418	
2,_Z24add_rms_norm_bias_customIfEvPhS0_S0_S0_S0_mmjff,AI_VECTOR_CORE,22,460,3.020,1791520731231115.778	,1791520731231118.798	
2,_Z24add_rms_norm_bias_customIfEvPhS0_S0_S0_S0_mmjff,AI_VECTOR_CORE,22,461,2.920,1791520731231148.498	,1791520731231151.418	
2,_Z24add_rms_norm_bias_customIfEvPhS0_S0_S0_S0_mmjff,AI_VECTOR_CORE,22,462,2.980,1791520731231180.078	,1791520731231183.058	
2,_Z24add_rms_norm_bias_customIfEvPhS0_S0_S0_S0_mmjff,AI_VECTOR_CORE,22,463,2.980,1791520731231215.082	,1791520731231218.062	
2,N/A,EVENT_RECORD,22,464,0.020,1791520731231247.562	,1791520731231247.582	
2,_Z24add_rms_norm_bias_customIfEvPhS0_S0_S0_S0_mmjff,AI_VECTOR_CORE,22,465,2.920,1791520731231305.282	,1791520731231308.202	
2,_Z24add_rms_norm_bias_customIfEvPhS0_S0_S0_S0_mmjff,AI_VECTOR_CORE,22,466,3.420,1791520731231337.842	,1791520731231341.262	
2,_Z24add_rms_norm_bias_customIfEvPhS0_S0_S0_S0_mmjff,AI_VECTOR_CORE,22,467,2.860,1791520731231357.782	,1791520731231360.642	
2,_Z24add_rms_norm_bias_customIfEvPhS0_S0_S0_S0_mmjff,AI_VECTOR_CORE,22,468,2.980,1791520731231386.982	,1791520731231389.962	
2,_Z24add_rms_norm_bias_customIfEvPhS0_S0_S0_S0_mmjff,AI_VECTOR_CORE,22,469,3.100,1791520731231406.126	,1791520731231409.226	
2,_Z24add_rms_norm_bias_customIfEvPhS0_S0_S0_S0_mmjff,AI_VECTOR_CORE,22,470,2.960,1791520731231453.806	,1791520731231456.766	
2,_Z24add_rms_norm_bias_customIfEvPhS0_S0_S0_S0_mmjff,AI_VECTOR_CORE,22,471,3.000,1791520731231491.326	,1791520731231494.326	
2,_Z24add_rms_norm_bias_customIfEvPhS0_S0_S0_S0_mmjff,AI_VECTOR_CORE,22,472,2.880,1791520731231511.126	,1791520731231514.006	
2,_Z24add_rms_norm_bias_customIfEvPhS0_S0_S0_S0_mmjff,AI_VECTOR_CORE,22,473,3.080,1791520731231540.126	,1791520731231543.206	
2,_Z24add_rms_norm_bias_customIfEvPhS0_S0_S0_S0_mmjff,AI_VECTOR_CORE,22,474,2.980,1791520731231580.046	,1791520731231583.026	
2,_Z24add_rms_norm_bias_customIfEvPhS0_S0_S0_S0_mmjff,AI_VECTOR_CORE,22,475,2.980,1791520731231605.910	,1791520731231608.890	
2,_Z24add_rms_norm_bias_customIfEvPhS0_S0_S0_S0_mmjff,AI_VECTOR_CORE,22,476,3.540,1791520731231630.330	,1791520731231633.870	
2,_Z24add_rms_norm_bias_customIfEvPhS0_S0_S0_S0_mmjff,AI_VECTOR_CORE,22,477,2.900,1791520731231652.270	,1791520731231655.170	
2,_Z24add_rms_norm_bias_customIfEvPhS0_S0_S0_S0_mmjff,AI_VECTOR_CORE,22,478,3.020,1791520731231680.870	,1791520731231683.890	
2,_Z24add_rms_norm_bias_customIfEvPhS0_S0_S0_S0_mmjff,AI_VECTOR_CORE,22,479,3.040,1791520731231707.050	,1791520731231710.090	
2,_Z24add_rms_norm_bias_customIfEvPhS0_S0_S0_S0_mmjff,AI_VECTOR_CORE,22,480,3.000,1791520731231749.310	,1791520731231752.310	
2,_Z24add_rms_norm_bias_customIfEvPhS0_S0_S0_S0_mmjff,AI_VECTOR_CORE,22,481,3.960,1791520731231775.970	,1791520731231779.930	
2,_Z24add_rms_norm_bias_customIfEvPhS0_S0_S0_S0_mmjff,AI_VECTOR_CORE,22,482,4.120,1791520731231797.994	,1791520731231802.114	
2,_Z24add_rms_norm_bias_customIfEvPhS0_S0_S0_S0_mmjff,AI_VECTOR_CORE,22,483,3.100,1791520731231830.554	,1791520731231833.654	
2,_Z24add_rms_norm_bias_customIfEvPhS0_S0_S0_S0_mmjff,AI_VECTOR_CORE,22,484,2.900,1791520731231860.174	,1791520731231863.074	
2,_Z24add_rms_norm_bias_customIfEvPhS0_S0_S0_S0_mmjff,AI_VECTOR_CORE,22,485,3.020,1791520731231888.294	,1791520731231891.314	
2,_Z24add_rms_norm_bias_customIfEvPhS0_S0_S0_S0_mmjff,AI_VECTOR_CORE,22,486,2.900,1791520731231919.854	,1791520731231922.754	
2,N/A,EVENT_RECORD,22,487,0.020,1791520731231935.774	,1791520731231935.794	
2,_Z24add_rms_norm_bias_customIfEvPhS0_S0_S0_S0_mmjff,AI_VECTOR_CORE,22,488,3.080,1791520731232008.398	,1791520731232011.478	
2,_Z24add_rms_norm_bias_customIfEvPhS0_S0_S0_S0_mmjff,AI_VECTOR_CORE,22,489,3.000,1791520731232046.038	,1791520731232049.038	
2,_Z24add_rms_norm_bias_customIfEvPhS0_S0_S0_S0_mmjff,AI_VECTOR_CORE,22,490,3.020,1791520731232076.378	,1791520731232079.398	
2,_Z24add_rms_norm_bias_customIfEvPhS0_S0_S0_S0_mmjff,AI_VECTOR_CORE,22,491,3.460,1791520731232107.218	,1791520731232110.678	
2,_Z24add_rms_norm_bias_customIfEvPhS0_S0_S0_S0_mmjff,AI_VECTOR_CORE,22,492,2.800,1791520731232138.358	,1791520731232141.158	
2,_Z24add_rms_norm_bias_customIfEvPhS0_S0_S0_S0_mmjff,AI_VECTOR_CORE,22,493,2.960,1791520731232169.098	,1791520731232172.058	
2,_Z24add_rms_norm_bias_customIfEvPhS0_S0_S0_S0_mmjff,AI_VECTOR_CORE,22,494,2.980,1791520731232198.522	,1791520731232201.502	
2,_Z24add_rms_norm_bias_customIfEvPhS0_S0_S0_S0_mmjff,AI_VECTOR_CORE,22,495,3.020,1791520731232228.942	,1791520731232231.962	
2,_Z24add_rms_norm_bias_customIfEvPhS0_S0_S0_S0_mmjff,AI_VECTOR_CORE,22,496,3.620,1791520731232257.562	,1791520731232261.182	
2,_Z24add_rms_norm_bias_customIfEvPhS0_S0_S0_S0_mmjff,AI_VECTOR_CORE,22,497,3.640,1791520731232292.882	,1791520731232296.522	
2,_Z24add_rms_norm_bias_customIfEvPhS0_S0_S0_S0_mmjff,AI_VECTOR_CORE,22,498,3.060,1791520731232323.882	,1791520731232326.942	
2,_Z24add_rms_norm_bias_customIfEvPhS0_S0_S0_S0_mmjff,AI_VECTOR_CORE,22,499,2.940,1791520731232361.922	,1791520731232364.862	
2,N/A,EVENT_RECORD,22,500,0.000,1791520731232378.922	,1791520731232378.922	
2,_Z24add_rms_norm_bias_customIfEvPhS0_S0_S0_S0_mmjff,AI_VECTOR_CORE,22,501,3.020,1791520731232439.046	,1791520731232442.066	
2,_Z24add_rms_norm_bias_customIfEvPhS0_S0_S0_S0_mmjff,AI_VECTOR_CORE,22,502,2.900,1791520731232477.746	,1791520731232480.646	
2,_Z24add_rms_norm_bias_customIfEvPhS0_S0_S0_S0_mmjff,AI_VECTOR_CORE,22,503,2.940,1791520731232497.566	,1791520731232500.506	
2,_Z24add_rms_norm_bias_customIfEvPhS0_S0_S0_S0_mmjff,AI_VECTOR_CORE,22,504,3.060,1791520731232519.106	,1791520731232522.166	
2,_Z24add_rms_norm_bias_customIfEvPhS0_S0_S0_S0_mmjff,AI_VECTOR_CORE,22,505,3.220,1791520731232546.646	,1791520731232549.866	
2,_Z24add_rms_norm_bias_customIfEvPhS0_S0_S0_S0_mmjff,AI_VECTOR_CORE,22,506,3.000,1791520731232571.146	,1791520731232574.146	
2,_Z24add_rms_norm_bias_customIfEvPhS0_S0_S0_S0_mmjff,AI_VECTOR_CORE,22,507,2.900,1791520731232612.070	,1791520731232614.970	
2,_Z24add_rms_norm_bias_customIfEvPhS0_S0_S0_S0_mmjff,AI_VECTOR_CORE,22,508,3.040,1791520731232631.810	,1791520731232634.850	
2,_Z24add_rms_norm_bias_customIfEvPhS0_S0_S0_S0_mmjff,AI_VECTOR_CORE,22,509,3.380,1791520731232659.930	,1791520731232663.310	
2,_Z24add_rms_norm_bias_customIfEvPhS0_S0_S0_S0_mmjff,AI_VECTOR_CORE,22,510,2.980,1791520731232698.630	,1791520731232701.610	
2,_Z24add_rms_norm_bias_customIfEvPhS0_S0_S0_S0_mmjff,AI_VECTOR_CORE,22,511,3.000,1791520731232721.870	,1791520731232724.870	
2,_Z24add_rms_norm_bias_customIfEvPhS0_S0_S0_S0_mmjff,AI_VECTOR_CORE,22,512,2.900,1791520731232743.950	,1791520731232746.850	
2,N/A,EVENT_RECORD,22,513,0.020,1791520731232768.970	,1791520731232768.990	
2,_Z24add_rms_norm_bias_customIfEvPhS0_S0_S0_S0_mmjff,AI_VECTOR_CORE,22,514,2.960,1791520731232793.450	,1791520731232796.410	
2,N/A,EVENT_RECORD,22,515,0.020,1791520731232817.234	,1791520731232817.254	
2,N/A,EVENT_RECORD,22,516,0.020,1791520731232890.954	,1791520731232890.974	
2,_Z24add_rms_norm_bias_customIfEvPhS0_S0_S0_S0_mmjff,AI_VECTOR_CORE,22,517,4.660,1791520731232906.554	,1791520731232911.214	
2,N/A,EVENT_RECORD,22,518,0.020,1791520731232930.154	,1791520731232930.174	
2,N/A,EVENT_RECORD,22,519,0.020,1791520731232990.014	,1791520731232990.034	
2,_Z24add_rms_norm_bias_customIfEvPhS0_S0_S0_S0_mmjff,AI_VECTOR_CORE,22,520,4.680,1791520731233005.678	,1791520731233010.358	
2,N/A,EVENT_RECORD,22,521,0.020,1791520731233025.538	,1791520731233025.558	
2,N/A,EVENT_RECORD,22,522,0.020,1791520731233109.458	,1791520731233109.478	
2,_Z24add_rms_norm_bias_customIfEvPhS0_S0_S0_S0_mmjff,AI_VECTOR_CORE,22,523,4.500,1791520731233140.358	,1791520731233144.858	
2,N/A,EVENT_RECORD,22,524,0.020,1791520731233162.478	,1791520731233162.498	
2,N/A,EVENT_RECORD,22,525,0.020,1791520731233218.262	,1791520731233218.282	
2,_Z24add_rms_norm_bias_customIfEvPhS0_S0_S0_S0_mmjff,AI_VECTOR_CORE,22,526,2.820,1791520731233234.162	,1791520731233236.982	
2,N/A,EVENT_RECORD,22,527,0.020,1791520731233250.302	,1791520731233250.322	
2,N/A,EVENT_RECORD,22,528,0.020,1791520731233317.822	,1791520731233317.842	
2,_Z24add_rms_norm_bias_customIfEvPhS0_S0_S0_S0_mmjff,AI_VECTOR_CORE,22,529,2.980,1791520731233321.002	,1791520731233323.982	
2,N/A,EVENT_RECORD,22,530,0.000,1791520731233354.202	,1791520731233354.202	
2,N/A,EVENT_RECORD,22,531,0.020,1791520731233422.046	,1791520731233422.066	
2,_Z24add_rms_norm_bias_customIfEvPhS0_S0_S0_S0_mmjff,AI_VECTOR_CORE,22,532,2.960,1791520731233445.826	,1791520731233448.786	
2,N/A,EVENT_RECORD,22,533,0.020,1791520731233450.666	,1791520731233450.686	
2,N/A,EVENT_RECORD,22,534,0.020,1791520731233538.426	,1791520731233538.446	
2,_Z24add_rms_norm_bias_customIfEvPhS0_S0_S0_S0_mmjff,AI_VECTOR_CORE,22,535,2.960,1791520731233542.866	,1791520731233545.826	
2,N/A,EVENT_RECORD,22,536,0.020,1791520731233568.326	,1791520731233568.346	
2,N/A,EVENT_RECORD,22,537,0.020,1791520731233628.930	,1791520731233628.950	
2,_Z24add_rms_norm_bias_customIfEvPhS0_S0_S0_S0_mmjff,AI_VECTOR_CORE,22,538,5.100,1791520731233651.870	,1791520731233656.970	
2,N/A,EVENT_RECORD,22,539,0.020,1791520731233664.330	,1791520731233664.350	
2,N/A,EVENT_RECORD,22,540,0.020,1791520731233732.190	,1791520731233732.210	
2,_Z24add_rms_norm_bias_customIfEvPhS0_S0_S0_S0_mmjff,AI_VECTOR_CORE,22,541,4.360,1791520731233750.270	,1791520731233754.630	
2,N/A,EVENT_RECORD,22,542,0.020,1791520731233771.150	,1791520731233771.170	
2,N/A,EVENT_RECORD,22,543,0.020,1791520731233821.754	,1791520731233821.774	
2,_Z24add_rms_norm_bias_customIfEvPhS0_S0_S0_S0_mmjff,AI_VECTOR_CORE,22,544,4.480,1791520731233838.974	,1791520731233843.454	
2,N/A,EVENT_RECORD,22,545,0.020,1791520731233853.934	,1791520731233853.954	
2,N/A,EVENT_RECORD,22,546,0.020,1791520731233913.394	,1791520731233913.414	
2,_Z24add_rms_norm_bias_customIfEvPhS0_S0_S0_S0_mmjff,AI_VECTOR_CORE,22,547,3.520,1791520731233923.354	,1791520731233926.874	
2,N/A,EVENT_RECORD,22,548,0.020,1791520731233938.714	,1791520731233938.734	
2,N/A,EVENT_RECORD,22,549,0.016,1791520731234000.818	,1791520731234000.834	
2,_Z24add_rms_norm_bias_customIfEvPhS0_S0_S0_S0_mmjff,AI_VECTOR_CORE,22,550,3.000,1791520731234006.638	,1791520731234009.638	
2,N/A,EVENT_RECORD,22,551,0.020,1791520731234024.198	,1791520731234024.218	
2,N/A,EVENT_RECORD,22,552,0.020,1791520731234104.638	,1791520731234104.658	
2,_Z24add_rms_norm_bias_customIfEvPhS0_S0_S0_S0_mmjff,AI_VECTOR_CORE,22,553,4.680,1791520731234111.678	,1791520731234116.358	
2,N/A,EVENT_RECORD,22,554,0.020,1791520731234153.278	,1791520731234153.298	
2,N/A,EVENT_RECORD,22,555,0.020,1791520731234211.622	,1791520731234211.642	
2,_Z24add_rms_norm_bias_customIfEvPhS0_S0_S0_S0_mmjff,AI_VECTOR_CORE,22,556,5.080,1791520731234231.282	,1791520731234236.362	
2,N/A,EVENT_RECORD,22,557,0.020,1791520731234249.922	,1791520731234249.942	
2,N/A,EVENT_RECORD,22,558,0.020,1791520731234302.002	,1791520731234302.022	
2,_Z24add_rms_norm_bias_customIfEvPhS0_S0_S0_S0_mmjff,AI_VECTOR_CORE,22,559,3.640,1791520731234337.182	,1791520731234340.822	
2,N/A,EVENT_RECORD,22,560,0.020,1791520731234369.602	,1791520731234369.622	
2,N/A,EVENT_RECORD,22,561,0.020,1791520731234435.546	,1791520731234435.566	
2,_Z24add_rms_norm_bias_customIfEvPhS0_S0_S0_S0_mmjff,AI_VECTOR_CORE,22,562,3.000,1791520731234442.566	,1791520731234445.566	
2,N/A,EVENT_RECORD,22,563,0.020,1791520731234460.306	,1791520731234460.326	
2,N/A,EVENT_RECORD,22,564,0.020,1791520731234538.426	,1791520731234538.446	
2,_Z24add_rms_norm_bias_customIfEvPhS0_S0_S0_S0_mmjff,AI_VECTOR_CORE,22,565,6.160,1791520731234542.326	,1791520731234548.486	
2,N/A,EVENT_RECORD,22,566,0.020,1791520731234562.306	,1791520731234562.326	
2,N/A,EVENT_RECORD,22,567,0.020,1791520731234622.250	,1791520731234622.270	
2,_Z24add_rms_norm_bias_customIfEvPhS0_S0_S0_S0_mmjff,AI_VECTOR_CORE,22,568,3.720,1791520731234633.250	,1791520731234636.970	
2,N/A,EVENT_RECORD,22,569,0.020,1791520731234654.450	,1791520731234654.470	
2,N/A,EVENT_RECORD,22,570,0.020,1791520731234713.390	,1791520731234713.410	
2,_Z24add_rms_norm_bias_customIfEvPhS0_S0_S0_S0_mmjff,AI_VECTOR_CORE,22,571,4.900,1791520731234742.690	,1791520731234747.590	
2,N/A,EVENT_RECORD,22,572,0.020,1791520731234747.610	,1791520731234747.630	
2,N/A,EVENT_RECORD,22,573,0.020,1791520731234818.154	,1791520731234818.174	
2,_Z24add_rms_norm_bias_customIfEvPhS0_S0_S0_S0_mmjff,AI_VECTOR_CORE,22,574,3.580,1791520731234822.214	,1791520731234825.794	
2,N/A,EVENT_RECORD,22,575,0.020,1791520731234836.894	,1791520731234836.914	
2,N/A,EVENT_RECORD,22,576,0.020,1791520731234908.154	,1791520731234908.174	
2,_Z24add_rms_norm_bias_customIfEvPhS0_S0_S0_S0_mmjff,AI_VECTOR_CORE,22,577,4.620,1791520731234912.054	,1791520731234916.674	
2,N/A,EVENT_RECORD,22,578,0.020,1791520731234948.694	,1791520731234948.714	
2,N/A,EVENT_RECORD,22,579,0.020,1791520731235017.478	,1791520731235017.498	
2,_Z24add_rms_norm_bias_customIfEvPhS0_S0_S0_S0_mmjff,AI_VECTOR_CORE,22,580,4.980,1791520731235024.298	,1791520731235029.278	
2,N/A,EVENT_RECORD,22,581,0.020,1791520731235046.198	,1791520731235046.218	
2,N/A,EVENT_RECORD,22,582,0.020,1791520731235111.658	,1791520731235111.678	
2,_Z24add_rms_norm_bias_customIfEvPhS0_S0_S0_S0_mmjff,AI_VECTOR_CORE,22,583,3.580,1791520731235127.398	,1791520731235130.978	
2,N/A,EVENT_RECORD,22,584,0.020,1791520731235143.658	,1791520731235143.678	
2,N/A,EVENT_RECORD,22,585,0.020,1791520731235206.022	,1791520731235206.042	
2,_Z24add_rms_norm_bias_customIfEvPhS0_S0_S0_S0_mmjff,AI_VECTOR_CORE,22,586,4.700,1791520731235220.922	,1791520731235225.622	
2,N/A,EVENT_RECORD,22,587,0.020,1791520731235240.462	,1791520731235240.482	
2,N/A,EVENT_RECORD,22,588,0.020,1791520731235315.222	,1791520731235315.242	
2,_Z24add_rms_norm_bias_customIfEvPhS0_S0_S0_S0_mmjff,AI_VECTOR_CORE,22,589,4.800,1791520731235319.042	,1791520731235323.842	
2,N/A,EVENT_RECORD,22,590,0.020,1791520731235327.482	,1791520731235327.502	
2,N/A,EVENT_RECORD,22,591,0.000,1791520731235385.362	,1791520731235385.362	
2,_Z24add_rms_norm_bias_customIfEvPhS0_S0_S0_S0_mmjff,AI_VECTOR_CORE,22,592,3.496,1791520731235398.226	,1791520731235401.722	
2,N/A,EVENT_RECORD,22,593,0.020,1791520731235418.406	,1791520731235418.426	
2,N/A,EVENT_RECORD,22,594,0.020,1791520731235498.066	,1791520731235498.086	
2,_Z24add_rms_norm_bias_customIfEvPhS0_S0_S0_S0_mmjff,AI_VECTOR_CORE,22,595,3.140,1791520731235501.886	,1791520731235505.026	
2,N/A,EVENT_RECORD,22,596,0.020,1791520731235505.846	,1791520731235505.866	
2,N/A,EVENT_RECORD,22,597,0.020,1791520731235565.746	,1791520731235565.766	
2,_Z24add_rms_norm_bias_customIfEvPhS0_S0_S0_S0_mmjff,AI_VECTOR_CORE,22,598,3.000,1791520731235582.166	,1791520731235585.166	
2,N/A,EVENT_RECORD,22,599,0.024,1791520731235599.226	,1791520731235599.250	
2,N/A,EVENT_RECORD,22,600,0.020,1791520731235667.450	,1791520731235667.470	
2,_Z24add_rms_norm_bias_customIfEvPhS0_S0_S0_S0_mmjff,AI_VECTOR_CORE,22,601,4.800,1791520731235687.330	,1791520731235692.130	
2,N/A,EVENT_RECORD,22,602,0.020,1791520731235708.190	,1791520731235708.210	
2,N/A,EVENT_RECORD,22,603,0.020,1791520731235790.550	,1791520731235790.570	
2,_Z24add_rms_norm_bias_customIfEvPhS0_S0_S0_S0_mmjff,AI_VECTOR_CORE,22,604,5.280,1791520731235814.314	,1791520731235819.594	
2,N/A,EVENT_RECORD,22,605,0.020,1791520731235821.174	,1791520731235821.194	
2,N/A,EVENT_RECORD,22,606,0.000,1791520731235895.314	,1791520731235895.314	
2,_Z24add_rms_norm_bias_customIfEvPhS0_S0_S0_S0_mmjff,AI_VECTOR_CORE,22,607,5.040,1791520731235897.934	,1791520731235902.974	
2,N/A,EVENT_RECORD,22,608,0.000,1791520731235920.634	,1791520731235920.634	
2,N/A,EVENT_RECORD,22,609,0.020,1791520731235981.194	,1791520731235981.214	
2,_Z24add_rms_norm_bias_customIfEvPhS0_S0_S0_S0_mmjff,AI_VECTOR_CORE,22,610,4.060,1791520731235994.274	,1791520731235998.334	
2,N/A,EVENT_RECORD,22,611,0.020,1791520731236023.538	,1791520731236023.558	
2,N/A,EVENT_RECORD,22,612,0.020,1791520731236091.918	,1791520731236091.938	
2,_Z24add_rms_norm_bias_customIfEvPhS0_S0_S0_S0_mmjff,AI_VECTOR_CORE,22,613,4.580,1791520731236097.478	,1791520731236102.058	
2,N/A,EVENT_RECORD,22,614,0.020,1791520731236127.478	,1791520731236127.498	
2,N/A,EVENT_RECORD,22,615,0.020,1791520731236178.978	,1791520731236178.998	
2,_Z24add_rms_norm_bias_customIfEvPhS0_S0_S0_S0_mmjff,AI_VECTOR_CORE,22,616,4.920,1791520731236199.058	,1791520731236203.978	
2,N/A,EVENT_RECORD,22,617,0.020,1791520731236212.182	,1791520731236212.202	
2,N/A,EVENT_RECORD,22,618,0.020,1791520731236271.002	,1791520731236271.022	
2,_Z24add_rms_norm_bias_customIfEvPhS0_S0_S0_S0_mmjff,AI_VECTOR_CORE,22,619,3.380,1791520731236286.282	,1791520731236289.662	
2,N/A,EVENT_RECORD,22,620,0.020,1791520731236303.222	,1791520731236303.242	
2,N/A,EVENT_RECORD,22,621,0.020,1791520731236371.522	,1791520731236371.542	
2,_Z24add_rms_norm_bias_customIfEvPhS0_S0_S0_S0_mmjff,AI_VECTOR_CORE,22,622,3.080,1791520731236374.742	,1791520731236377.822	
2,N/A,EVENT_RECORD,22,623,0.020,1791520731236409.946	,1791520731236409.966	
2,N/A,EVENT_RECORD,22,624,0.020,1791520731236470.146	,1791520731236470.166	
2,_Z24add_rms_norm_bias_customIfEvPhS0_S0_S0_S0_mmjff,AI_VECTOR_CORE,22,625,4.700,1791520731236486.966	,1791520731236491.666	
2,N/A,EVENT_RECORD,22,626,0.020,1791520731236522.526	,1791520731236522.546	
2,N/A,EVENT_RECORD,22,627,0.020,1791520731236587.006	,1791520731236587.026	
2,_Z24add_rms_norm_bias_customIfEvPhS0_S0_S0_S0_mmjff,AI_VECTOR_CORE,22,628,4.580,1791520731236611.630	,1791520731236616.210	
2,N/A,EVENT_RECORD,22,629,0.020,1791520731236616.830	,1791520731236616.850	
2,N/A,EVENT_RECORD,22,630,0.020,1791520731236669.750	,1791520731236669.770	
2,_Z24add_rms_norm_bias_customIfEvPhS0_S0_S0_S0_mmjff,AI_VECTOR_CORE,22,631,3.620,1791520731236686.970	,1791520731236690.590	
2,N/A,EVENT_RECORD,22,632,0.020,1791520731236709.550	,1791520731236709.570	
2,N/A,EVENT_RECORD,22,633,0.020,1791520731236771.710	,1791520731236771.730	
2,_Z24add_rms_norm_bias_customIfEvPhS0_S0_S0_S0_mmjff,AI_VECTOR_CORE,22,634,4.820,1791520731236787.230	,1791520731236792.050	
2,N/A,EVENT_RECORD,22,635,0.024,1791520731236800.210	,1791520731236800.234	
2,N/A,EVENT_RECORD,22,636,0.000,1791520731236878.214	,1791520731236878.214	
2,_Z24add_rms_norm_bias_customIfEvPhS0_S0_S0_S0_mmjff,AI_VECTOR_CORE,22,637,4.820,1791520731236892.454	,1791520731236897.274	
2,N/A,EVENT_RECORD,22,638,0.020,1791520731236909.594	,1791520731236909.614	
2,N/A,EVENT_RECORD,22,639,0.020,1791520731236984.314	,1791520731236984.334	
2,_Z24add_rms_norm_bias_customIfEvPhS0_S0_S0_S0_mmjff,AI_VECTOR_CORE,22,640,3.480,1791520731236988.334	,1791520731236991.814	
2,N/A,EVENT_RECORD,22,641,0.020,1791520731237008.418	,1791520731237008.438	
2,N/A,EVENT_RECORD,22,642,0.020,1791520731237078.478	,1791520731237078.498	
2,_Z24add_rms_norm_bias_customIfEvPhS0_S0_S0_S0_mmjff,AI_VECTOR_CORE,22,643,2.900,1791520731237081.338	,1791520731237084.238	
2,N/A,EVENT_RECORD,22,644,0.020,1791520731237101.618	,1791520731237101.638	
2,N/A,EVENT_RECORD,22,645,0.020,1791520731237158.818	,1791520731237158.838	
2,_Z24add_rms_norm_bias_customIfEvPhS0_S0_S0_S0_mmjff,AI_VECTOR_CORE,22,646,3.180,1791520731237177.138	,1791520731237180.318	
2,N/A,EVENT_RECORD,22,647,0.020,1791520731237193.978	,1791520731237193.998	
2,N/A,EVENT_RECORD,22,648,0.020,1791520731237281.502	,1791520731237281.522	
2,_Z24add_rms_norm_bias_customIfEvPhS0_S0_S0_S0_mmjff,AI_VECTOR_CORE,22,649,3.520,1791520731237284.522	,1791520731237288.042	
2,N/A,EVENT_RECORD,22,650,0.020,1791520731237317.942	,1791520731237317.962	
2,N/A,EVENT_RECORD,22,651,0.020,1791520731237373.222	,1791520731237373.242	
2,_Z24add_rms_norm_bias_customIfEvPhS0_S0_S0_S0_mmjff,AI_VECTOR_CORE,22,652,3.100,1791520731237391.702	,1791520731237394.802	
2,N/A,EVENT_RECORD,22,653,0.020,1791520731237410.846	,1791520731237410.866	
2,N/A,EVENT_RECORD,22,654,0.020,1791520731237478.906	,1791520731237478.926	
2,_Z24add_rms_norm_bias_customIfEvPhS0_S0_S0_S0_mmjff,AI_VECTOR_CORE,22,655,2.940,1791520731237485.466	,1791520731237488.406	
2,N/A,EVENT_RECORD,22,656,0.020,1791520731237502.486	,1791520731237502.506	
2,N/A,EVENT_RECORD,22,657,0.020,1791520731237573.146	,1791520731237573.166	
2,_Z24add_rms_norm_bias_customIfEvPhS0_S0_S0_S0_mmjff,AI_VECTOR_CORE,22,658,2.880,1791520731237575.866	,1791520731237578.746	
2,N/A,EVENT_RECORD,22,659,0.020,1791520731237594.846	,1791520731237594.866	
2,N/A,EVENT_RECORD,22,660,0.020,1791520731237653.210	,1791520731237653.230	
2,_Z24add_rms_norm_bias_customIfEvPhS0_S0_S0_S0_mmjff,AI_VECTOR_CORE,22,661,3.180,1791520731237673.010	,1791520731237676.190	
2,N/A,EVENT_RECORD,22,662,0.020,1791520731237703.990	,1791520731237704.010	
2,N/A,EVENT_RECORD,22,663,0.020,1791520731237777.050	,1791520731237777.070	
2,_Z24add_rms_norm_bias_customIfEvPhS0_S0_S0_S0_mmjff,AI_VECTOR_CORE,22,664,3.100,1791520731237781.090	,1791520731237784.190	
2,N/A,EVENT_RECORD,22,665,0.020,1791520731237808.174	,1791520731237808.194	
2,N/A,EVENT_RECORD,22,666,0.020,1791520731237869.214	,1791520731237869.234	
2,_Z24add_rms_norm_bias_customIfEvPhS0_S0_S0_S0_mmjff,AI_VECTOR_CORE,22,667,3.120,1791520731237878.774	,1791520731237881.894	
2,N/A,EVENT_RECORD,22,668,0.020,1791520731237903.614	,1791520731237903.634	
2,N/A,EVENT_RECORD,22,669,0.020,1791520731237958.494	,1791520731237958.514	
2,_Z24add_rms_norm_bias_customIfEvPhS0_S0_S0_S0_mmjff,AI_VECTOR_CORE,22,670,3.500,1791520731237979.114	,1791520731237982.614	
2,N/A,EVENT_RECORD,22,671,0.020,1791520731237994.474	,1791520731237994.494	
2,N/A,EVENT_RECORD,22,672,0.020,1791520731238061.438	,1791520731238061.458	
2,_Z24add_rms_norm_bias_customIfEvPhS0_S0_S0_S0_mmjff,AI_VECTOR_CORE,22,673,3.520,1791520731238071.438	,1791520731238074.958	
2,N/A,EVENT_RECORD,22,674,0.020,1791520731238102.818	,1791520731238102.838	
2,N/A,EVENT_RECORD,22,675,0.020,1791520731238176.458	,1791520731238176.478	
2,_Z24add_rms_norm_bias_customIfEvPhS0_S0_S0_S0_mmjff,AI_VECTOR_CORE,22,676,3.620,1791520731238179.098	,1791520731238182.718	
2,N/A,EVENT_RECORD,22,677,0.020,1791520731238199.998	,1791520731238200.018	
2,N/A,EVENT_RECORD,22,678,0.020,1791520731238265.682	,1791520731238265.702	
2,_Z24add_rms_norm_bias_customIfEvPhS0_S0_S0_S0_mmjff,AI_VECTOR_CORE,22,679,3.420,1791520731238278.202	,1791520731238281.622	
2,N/A,EVENT_RECORD,22,680,0.000,1791520731238298.442	,1791520731238298.442	
2,N/A,EVENT_RECORD,22,681,0.020,1791520731238359.002	,1791520731238359.022	
2,_Z24add_rms_norm_bias_customIfEvPhS0_S0_S0_S0_mmjff,AI_VECTOR_CORE,22,682,3.120,1791520731238371.822	,1791520731238374.942	
2,N/A,EVENT_RECORD,22,683,0.020,1791520731238389.462	,1791520731238389.482	
2,N/A,EVENT_RECORD,22,684,0.020,1791520731238449.766	,1791520731238449.786	
2,_Z24add_rms_norm_bias_customIfEvPhS0_S0_S0_S0_mmjff,AI_VECTOR_CORE,22,685,3.620,1791520731238471.146	,1791520731238474.766	
2,N/A,EVENT_RECORD,22,686,0.020,1791520731238483.366	,1791520731238483.386	
2,N/A,EVENT_RECORD,22,687,0.020,1791520731238561.986	,1791520731238562.006	
2,_Z24add_rms_norm_bias_customIfEvPhS0_S0_S0_S0_mmjff,AI_VECTOR_CORE,22,688,3.020,1791520731238581.346	,1791520731238584.366	
2,N/A,EVENT_RECORD,22,689,0.024,1791520731238605.946	,1791520731238605.970	
2,N/A,EVENT_RECORD,22,690,0.020,1791520731238672.430	,1791520731238672.450	
2,_Z24add_rms_norm_bias_customIfEvPhS0_S0_S0_S0_mmjff,AI_VECTOR_CORE,22,691,2.900,1791520731238684.070	,1791520731238686.970	
2,N/A,EVENT_RECORD,22,692,0.020,1791520731238701.830	,1791520731238701.850	
2,N/A,EVENT_RECORD,22,693,0.020,1791520731238770.010	,1791520731238770.030	
2,_Z24add_rms_norm_bias_customIfEvPhS0_S0_S0_S0_mmjff,AI_VECTOR_CORE,22,694,3.080,1791520731238779.630	,1791520731238782.710	
2,N/A,EVENT_RECORD,22,695,0.016,1791520731238806.194	,1791520731238806.210	
2,N/A,EVENT_RECORD,22,696,0.020,1791520731238867.314	,1791520731238867.334	
2,_Z24add_rms_norm_bias_customIfEvPhS0_S0_S0_S0_mmjff,AI_VECTOR_CORE,22,697,3.040,1791520731238883.874	,1791520731238886.914	
2,N/A,EVENT_RECORD,22,698,0.020,1791520731238917.534	,1791520731238917.554	
2,N/A,EVENT_RECORD,22,699,0.020,1791520731238985.814	,1791520731238985.834	
2,_Z24add_rms_norm_bias_customIfEvPhS0_S0_S0_S0_mmjff,AI_VECTOR_CORE,22,700,3.004,1791520731238998.854	,1791520731239001.858	
2,N/A,EVENT_RECORD,22,701,0.020,1791520731239029.758	,1791520731239029.778	
2,N/A,EVENT_RECORD,22,702,0.020,1791520731239077.278	,1791520731239077.298	
2,_Z24add_rms_norm_bias_customIfEvPhS0_S0_S0_S0_mmjff,AI_VECTOR_CORE,22,703,2.960,1791520731239105.198	,1791520731239108.158	
2,N/A,EVENT_RECORD,22,704,0.020,1791520731239109.898	,1791520731239109.918	
2,N/A,EVENT_RECORD,22,705,0.020,1791520731239162.078	,1791520731239162.098	
2,_Z24add_rms_norm_bias_customIfEvPhS0_S0_S0_S0_mmjff,AI_VECTOR_CORE,22,706,3.400,1791520731239184.818	,1791520731239188.218	
2,N/A,EVENT_RECORD,22,707,0.020,1791520731239198.238	,1791520731239198.258	
2,N/A,EVENT_RECORD,22,708,0.020,1791520731239255.182	,1791520731239255.202	
2,_Z24add_rms_norm_bias_customIfEvPhS0_S0_S0_S0_mmjff,AI_VECTOR_CORE,22,709,3.660,1791520731239267.842	,1791520731239271.502	
2,N/A,EVENT_RECORD,22,710,0.020,1791520731239292.102	,1791520731239292.122	
2,N/A,EVENT_RECORD,22,711,0.020,1791520731239356.122	,1791520731239356.142	
2,_Z24add_rms_norm_bias_customIfEvPhS0_S0_S0_S0_mmjff,AI_VECTOR_CORE,22,712,3.100,1791520731239367.442	,1791520731239370.542	
2,N/A,EVENT_RECORD,22,713,0.020,1791520731239415.786	,1791520731239415.806	
2,N/A,EVENT_RECORD,22,714,0.020,1791520731239472.786	,1791520731239472.806	
2,_Z24add_rms_norm_bias_customIfEvPhS0_S0_S0_S0_mmjff,AI_VECTOR_CORE,22,715,3.480,1791520731239491.446	,1791520731239494.926	
2,N/A,EVENT_RECORD,22,716,0.020,1791520731239497.466	,1791520731239497.486	
2,N/A,EVENT_RECORD,22,717,0.020,1791520731239559.466	,1791520731239559.486	
2,_Z24add_rms_norm_bias_customIfEvPhS0_S0_S0_S0_mmjff,AI_VECTOR_CORE,22,718,2.920,1791520731239565.106	,1791520731239568.026	
2,N/A,EVENT_RECORD,22,719,0.020,1791520731239582.766	,1791520731239582.786	
2,N/A,EVENT_RECORD,22,720,0.020,1791520731239645.910	,1791520731239645.930	
2,_Z24add_rms_norm_bias_customIfEvPhS0_S0_S0_S0_mmjff,AI_VECTOR_CORE,22,721,2.960,1791520731239649.410	,1791520731239652.370	
2,N/A,EVENT_RECORD,22,722,0.020,1791520731239680.470	,1791520731239680.490	
2,N/A,EVENT_RECORD,22,723,0.020,1791520731239755.110	,1791520731239755.130	
2,_Z24add_rms_norm_bias_customIfEvPhS0_S0_S0_S0_mmjff,AI_VECTOR_CORE,22,724,3.100,1791520731239768.770	,1791520731239771.870	
2,N/A,EVENT_RECORD,22,725,0.020,1791520731239783.070	,1791520731239783.090	
2,N/A,EVENT_RECORD,22,726,0.000,1791520731239841.574	,1791520731239841.574	
2,_Z24add_rms_norm_bias_customIfEvPhS0_S0_S0_S0_mmjff,AI_VECTOR_CORE,22,727,3.060,1791520731239854.454	,1791520731239857.514	
2,N/A,EVENT_RECORD,22,728,0.020,1791520731239869.654	,1791520731239869.674	
2,N/A,EVENT_RECORD,22,729,0.020,1791520731239929.674	,1791520731239929.694	
2,_Z24add_rms_norm_bias_customIfEvPhS0_S0_S0_S0_mmjff,AI_VECTOR_CORE,22,730,3.120,1791520731239938.054	,1791520731239941.174	
2,N/A,EVENT_RECORD,22,731,0.020,1791520731239957.174	,1791520731239957.194	
2,N/A,EVENT_RECORD,22,732,0.020,1791520731240026.538	,1791520731240026.558	
2,_Z24add_rms_norm_bias_customIfEvPhS0_S0_S0_S0_mmjff,AI_VECTOR_CORE,22,733,2.960,1791520731240032.458	,1791520731240035.418	
2,N/A,EVENT_RECORD,22,734,0.020,1791520731240049.458	,1791520731240049.478	
2,N/A,EVENT_RECORD,22,735,0.020,1791520731240111.898	,1791520731240111.918	
2,_Z24add_rms_norm_bias_customIfEvPhS0_S0_S0_S0_mmjff,AI_VECTOR_CORE,22,736,2.880,1791520731240129.838	,1791520731240132.718	
2,N/A,EVENT_RECORD,22,737,0.020,1791520731240147.058	,1791520731240147.078	
2,N/A,EVENT_RECORD,22,738,0.020,1791520731240228.862	,1791520731240228.882	
2,_Z24add_rms_norm_bias_customIfEvPhS0_S0_S0_S0_mmjff,AI_VECTOR_CORE,22,739,3.100,1791520731240234.802	,1791520731240237.902	
2,N/A,EVENT_RECORD,22,740,0.020,1791520731240262.102	,1791520731240262.122	
2,N/A,EVENT_RECORD,22,741,0.020,1791520731240318.022	,1791520731240318.042	
2,_Z24add_rms_norm_bias_customIfEvPhS0_S0_S0_S0_mmjff,AI_VECTOR_CORE,22,742,3.060,1791520731240334.982	,1791520731240338.042	
2,N/A,EVENT_RECORD,22,743,0.020,1791520731240353.042	,1791520731240353.062	
2,N/A,EVENT_RECORD,22,744,0.020,1791520731240423.966	,1791520731240423.986	
2,_Z24add_rms_norm_bias_customIfEvPhS0_S0_S0_S0_mmjff,AI_VECTOR_CORE,22,745,3.120,1791520731240435.086	,1791520731240438.206	
2,N/A,EVENT_RECORD,22,746,0.020,1791520731240469.286	,1791520731240469.306	
2,N/A,EVENT_RECORD,22,747,0.020,1791520731240541.706	,1791520731240541.726	
2,_Z24add_rms_norm_bias_customIfEvPhS0_S0_S0_S0_mmjff,AI_VECTOR_CORE,22,748,2.900,1791520731240547.646	,1791520731240550.546	
2,N/A,EVENT_RECORD,22,749,0.020,1791520731240566.646	,1791520731240566.666	
2,N/A,EVENT_RECORD,22,750,0.020,1791520731240645.230	,1791520731240645.250	
2,_Z24add_rms_norm_bias_customIfEvPhS0_S0_S0_S0_mmjff,AI_VECTOR_CORE,22,751,3.020,1791520731240646.910	,1791520731240649.930	
2,N/A,EVENT_RECORD,22,752,0.020,1791520731240671.990	,1791520731240672.010	
2,N/A,EVENT_RECORD,22,753,0.020,1791520731240735.110	,1791520731240735.130	
2,_Z24add_rms_norm_bias_customIfEvPhS0_S0_S0_S0_mmjff,AI_VECTOR_CORE,22,754,3.120,1791520731240740.670	,1791520731240743.790	
2,N/A,EVENT_RECORD,22,755,0.020,1791520731240770.030	,1791520731240770.050	
2,N/A,EVENT_RECORD,22,756,0.020,1791520731240834.754	,1791520731240834.774	
2,_Z24add_rms_norm_bias_customIfEvPhS0_S0_S0_S0_mmjff,AI_VECTOR_CORE,22,757,3.080,1791520731240838.774	,1791520731240841.854	
2,N/A,EVENT_RECORD,22,758,0.020,1791520731240863.274	,1791520731240863.294	
2,N/A,EVENT_RECORD,22,759,0.020,1791520731240921.494	,1791520731240921.514	
2,_Z24add_rms_norm_bias_customIfEvPhS0_S0_S0_S0_mmjff,AI_VECTOR_CORE,22,760,3.400,1791520731240939.894	,1791520731240943.294	
2,N/A,EVENT_RECORD,22,761,0.020,1791520731240963.794	,1791520731240963.814	
2,N/A,EVENT_RECORD,22,762,0.020,1791520731241032.238	,1791520731241032.258	
2,_Z24add_rms_norm_bias_customIfEvPhS0_S0_S0_S0_mmjff,AI_VECTOR_CORE,22,763,2.960,1791520731241037.898	,1791520731241040.858	
2,N/A,EVENT_RECORD,22,764,0.020,1791520731241077.398	,1791520731241077.418	
2,N/A,EVENT_RECORD,22,765,0.000,1791520731241154.358	,1791520731241154.358	
2,_Z24add_rms_norm_bias_customIfEvPhS0_S0_S0_S0_mmjff,AI_VECTOR_CORE,22,766,2.900,1791520731241168.518	,1791520731241171.418	
2,N/A,EVENT_RECORD,22,767,0.020,1791520731241183.398	,1791520731241183.418	
2,N/A,EVENT_RECORD,22,768,0.020,1791520731241260.862	,1791520731241260.882	
2,_Z24add_rms_norm_bias_customIfEvPhS0_S0_S0_S0_mmjff,AI_VECTOR_CORE,22,769,3.200,1791520731241266.082	,1791520731241269.282	
2,N/A,EVENT_RECORD,22,770,0.020,1791520731241300.102	,1791520731241300.122	
2,N/A,EVENT_RECORD,22,771,0.020,1791520731241374.382	,1791520731241374.402	
2,_Z24add_rms_norm_bias_customIfEvPhS0_S0_S0_S0_mmjff,AI_VECTOR_CORE,22,772,3.060,1791520731241379.922	,1791520731241382.982	
2,N/A,EVENT_RECORD,22,773,0.024,1791520731241409.002	,1791520731241409.026	
2,N/A,EVENT_RECORD,22,774,0.020,1791520731241458.646	,1791520731241458.666	
2,_Z24add_rms_norm_bias_customIfEvPhS0_S0_S0_S0_mmjff,AI_VECTOR_CORE,22,775,3.460,1791520731241474.166	,1791520731241477.626	
2,N/A,EVENT_RECORD,22,776,0.020,1791520731241488.906	,1791520731241488.926	
2,N/A,EVENT_RECORD,22,777,0.020,1791520731241551.826	,1791520731241551.846	
2,_Z24add_rms_norm_bias_customIfEvPhS0_S0_S0_S0_mmjff,AI_VECTOR_CORE,22,778,2.940,1791520731241569.186	,1791520731241572.126	
2,N/A,EVENT_RECORD,22,779,0.020,1791520731241576.546	,1791520731241576.566	
2,N/A,EVENT_RECORD,22,780,0.020,1791520731241642.070	,1791520731241642.090	
2,_Z24add_rms_norm_bias_customIfEvPhS0_S0_S0_S0_mmjff,AI_VECTOR_CORE,22,781,3.100,1791520731241647.690	,1791520731241650.790	
2,N/A,EVENT_RECORD,22,782,0.020,1791520731241682.050	,1791520731241682.070	
2,N/A,EVENT_RECORD,22,783,0.020,1791520731241737.530	,1791520731241737.550	
2,_Z24add_rms_norm_bias_customIfEvPhS0_S0_S0_S0_mmjff,AI_VECTOR_CORE,22,784,3.120,1791520731241758.150	,1791520731241761.270	
2,N/A,EVENT_RECORD,22,785,0.020,1791520731241773.290	,1791520731241773.310	
2,N/A,EVENT_RECORD,22,786,0.020,1791520731241836.614	,1791520731241836.634	
2,_Z24add_rms_norm_bias_customIfEvPhS0_S0_S0_S0_mmjff,AI_VECTOR_CORE,22,787,3.040,1791520731241850.814	,1791520731241853.854	
2,N/A,EVENT_RECORD,22,788,0.020,1791520731241868.034	,1791520731241868.054	
2,N/A,EVENT_RECORD,22,789,0.020,1791520731241950.414	,1791520731241950.434	
2,_Z24add_rms_norm_bias_customIfEvPhS0_S0_S0_S0_mmjff,AI_VECTOR_CORE,22,790,3.100,1791520731241955.914	,1791520731241959.014	
2,N/A,EVENT_RECORD,22,791,0.020,1791520731241983.334	,1791520731241983.354	
2,N/A,EVENT_RECORD,22,792,0.020,1791520731242039.138	,1791520731242039.158	
2,_Z24add_rms_norm_bias_customIfEvPhS0_S0_S0_S0_mmjff,AI_VECTOR_CORE,22,793,4.780,1791520731242053.978	,1791520731242058.758	
2,N/A,EVENT_RECORD,22,794,0.020,1791520731242083.718	,1791520731242083.738	
2,N/A,EVENT_RECORD,22,795,0.020,1791520731242158.978	,1791520731242158.998	
2,_Z24add_rms_norm_bias_customIfEvPhS0_S0_S0_S0_mmjff,AI_VECTOR_CORE,22,796,4.640,1791520731242162.678	,1791520731242167.318	
2,N/A,EVENT_RECORD,22,797,0.020,1791520731242185.958	,1791520731242185.978	
2,N/A,EVENT_RECORD,22,798,0.020,1791520731242242.102	,1791520731242242.122	
2,_Z24add_rms_norm_bias_customIfEvPhS0_S0_S0_S0_mmjff,AI_VECTOR_CORE,22,799,4.840,1791520731242269.202	,1791520731242274.042	
2,N/A,EVENT_RECORD,22,800,0.020,1791520731242274.062	,1791520731242274.082	
2,N/A,EVENT_RECORD,22,801,0.000,1791520731242337.742	,1791520731242337.742	
2,_Z24add_rms_norm_bias_customIfEvPhS0_S0_S0_S0_mmjff,AI_VECTOR_CORE,22,802,4.580,1791520731242347.562	,1791520731242352.142	
2,N/A,EVENT_RECORD,22,803,0.020,1791520731242365.962	,1791520731242365.982	
2,N/A,EVENT_RECORD,22,804,0.020,1791520731242438.906	,1791520731242438.926	
2,_Z24add_rms_norm_bias_customIfEvPhS0_S0_S0_S0_mmjff,AI_VECTOR_CORE,22,805,5.000,1791520731242445.466	,1791520731242450.466	
2,N/A,EVENT_RECORD,22,806,0.020,1791520731242468.326	,1791520731242468.346	
2,N/A,EVENT_RECORD,22,807,0.020,1791520731242535.646	,1791520731242535.666	
2,_Z24add_rms_norm_bias_customIfEvPhS0_S0_S0_S0_mmjff,AI_VECTOR_CORE,22,808,4.700,1791520731242539.766	,1791520731242544.466	
2,N/A,EVENT_RECORD,22,809,0.020,1791520731242560.546	,1791520731242560.566	
2,N/A,EVENT_RECORD,22,810,0.020,1791520731242623.030	,1791520731242623.050	
2,_Z24add_rms_norm_bias_customIfEvPhS0_S0_S0_S0_mmjff,AI_VECTOR_CORE,22,811,3.760,1791520731242643.730	,1791520731242647.490	
2,N/A,EVENT_RECORD,22,812,0.020,1791520731242651.490	,1791520731242651.510	
2,N/A,EVENT_RECORD,22,813,0.020,1791520731242718.530	,1791520731242718.550	
2,_Z24add_rms_norm_bias_customIfEvPhS0_S0_S0_S0_mmjff,AI_VECTOR_CORE,22,814,3.120,1791520731242732.530	,1791520731242735.650	
2,N/A,EVENT_RECORD,22,815,0.020,1791520731242765.210	,1791520731242765.230	
2,N/A,EVENT_RECORD,22,816,0.020,1791520731242853.734	,1791520731242853.754	
2,_Z24add_rms_norm_bias_customIfEvPhS0_S0_S0_S0_mmjff,AI_VECTOR_CORE,22,817,3.120,1791520731242856.214	,1791520731242859.334	
2,N/A,EVENT_RECORD,22,818,0.020,1791520731242895.814	,1791520731242895.834	
2,N/A,EVENT_RECORD,22,819,0.000,1791520731242962.114	,1791520731242962.114	
2,_Z24add_rms_norm_bias_customIfEvPhS0_S0_S0_S0_mmjff,AI_VECTOR_CORE,22,820,3.100,1791520731242980.454	,1791520731242983.554	
2,N/A,EVENT_RECORD,22,821,0.020,1791520731242995.834	,1791520731242995.854	
2,N/A,EVENT_RECORD,22,822,0.020,1791520731243060.218	,1791520731243060.238	
2,_Z24add_rms_norm_bias_customIfEvPhS0_S0_S0_S0_mmjff,AI_VECTOR_CORE,22,823,4.820,1791520731243073.638	,1791520731243078.458	
2,N/A,EVENT_RECORD,22,824,0.020,1791520731243086.058	,1791520731243086.078	
2,N/A,EVENT_RECORD,22,825,0.020,1791520731243152.658	,1791520731243152.678	
2,_Z24add_rms_norm_bias_customIfEvPhS0_S0_S0_S0_mmjff,AI_VECTOR_CORE,22,826,4.560,1791520731243161.338	,1791520731243165.898	
2,N/A,EVENT_RECORD,22,827,0.020,1791520731243191.898	,1791520731243191.918	
2,N/A,EVENT_RECORD,22,828,0.020,1791520731243244.782	,1791520731243244.802	
2,_Z24add_rms_norm_bias_customIfEvPhS0_S0_S0_S0_mmjff,AI_VECTOR_CORE,22,829,4.800,1791520731243260.522	,1791520731243265.322	
2,N/A,EVENT_RECORD,22,830,0.020,1791520731243275.362	,1791520731243275.382	
2,N/A,EVENT_RECORD,22,831,0.020,1791520731243331.182	,1791520731243331.202	
2,_Z24add_rms_norm_bias_customIfEvPhS0_S0_S0_S0_mmjff,AI_VECTOR_CORE,22,832,4.640,1791520731243349.322	,1791520731243353.962	
2,N/A,EVENT_RECORD,22,833,0.020,1791520731243364.762	,1791520731243364.782	
2,N/A,EVENT_RECORD,22,834,0.020,1791520731243425.566	,1791520731243425.586	
2,_Z24add_rms_norm_bias_customIfEvPhS0_S0_S0_S0_mmjff,AI_VECTOR_CORE,22,835,5.040,1791520731243440.046	,1791520731243445.086	
2,N/A,EVENT_RECORD,22,836,0.020,1791520731243478.626	,1791520731243478.646	
2,N/A,EVENT_RECORD,22,837,0.000,1791520731243543.466	,1791520731243543.466	
2,_Z24add_rms_norm_bias_customIfEvPhS0_S0_S0_S0_mmjff,AI_VECTOR_CORE,22,838,4.780,1791520731243549.886	,1791520731243554.666	
2,N/A,EVENT_RECORD,22,839,0.020,1791520731243576.746	,1791520731243576.766	
2,N/A,EVENT_RECORD,22,840,0.020,1791520731243646.290	,1791520731243646.310	
2,_Z24add_rms_norm_bias_customIfEvPhS0_S0_S0_S0_mmjff,AI_VECTOR_CORE,22,841,4.540,1791520731243679.270	,1791520731243683.810	
2,N/A,EVENT_RECORD,22,842,0.020,1791520731243708.250	,1791520731243708.270	
2,N/A,EVENT_RECORD,22,843,0.020,1791520731243789.970	,1791520731243789.990	
2,_Z24add_rms_norm_bias_customIfEvPhS0_S0_S0_S0_mmjff,AI_VECTOR_CORE,22,844,52.960,1791520731243809.034	,1791520731243861.994	
2,N/A,EVENT_RECORD,22,845,0.020,1791520731243862.014	,1791520731243862.034	
2,N/A,EVENT_RECORD,22,846,0.020,1791520731243915.054	,1791520731243915.074	
2,_Z24add_rms_norm_bias_customIfEvPhS0_S0_S0_S0_mmjff,AI_VECTOR_CORE,22,847,5.100,1791520731243926.914	,1791520731243932.014	
2,N/A,EVENT_RECORD,22,848,0.020,1791520731243951.754	,1791520731243951.774	
2,N/A,EVENT_RECORD,22,849,0.024,1791520731244007.754	,1791520731244007.778	
2,_Z24add_rms_norm_bias_customIfEvPhS0_S0_S0_S0_mmjff,AI_VECTOR_CORE,22,850,4.700,1791520731244029.078	,1791520731244033.778	
2,N/A,EVENT_RECORD,22,851,0.020,1791520731244057.278	,1791520731244057.298	
2,N/A,EVENT_RECORD,22,852,0.020,1791520731244106.758	,1791520731244106.778	
2,_Z24add_rms_norm_bias_customIfEvPhS0_S0_S0_S0_mmjff,AI_VECTOR_CORE,22,853,4.800,1791520731244123.638	,1791520731244128.438	
2,N/A,EVENT_RECORD,22,854,0.020,1791520731244141.898	,1791520731244141.918	
2,N/A,EVENT_RECORD,22,855,0.024,1791520731244208.178	,1791520731244208.202	
2,_Z24add_rms_norm_bias_customIfEvPhS0_S0_S0_S0_mmjff,AI_VECTOR_CORE,22,856,5.100,1791520731244227.562	,1791520731244232.662	
2,N/A,EVENT_RECORD,22,857,0.020,1791520731244245.342	,1791520731244245.362	
2,N/A,EVENT_RECORD,22,858,0.020,1791520731244309.582	,1791520731244309.602	
2,_Z24add_rms_norm_bias_customIfEvPhS0_S0_S0_S0_mmjff,AI_VECTOR_CORE,22,859,4.680,1791520731244328.102	,1791520731244332.782	
2,N/A,EVENT_RECORD,22,860,0.020,1791520731244346.622	,1791520731244346.642	
2,N/A,EVENT_RECORD,22,861,0.024,1791520731244407.322	,1791520731244407.346	
2,_Z24add_rms_norm_bias_customIfEvPhS0_S0_S0_S0_mmjff,AI_VECTOR_CORE,22,862,37.980,1791520731244413.966	,1791520731244451.946	
2,N/A,EVENT_RECORD,22,863,0.020,1791520731244451.966	,1791520731244451.986	
2,N/A,EVENT_RECORD,22,864,0.000,1791520731244507.166	,1791520731244507.166	
2,_Z24add_rms_norm_bias_customIfEvPhS0_S0_S0_S0_mmjff,AI_VECTOR_CORE,22,865,4.520,1791520731244516.606	,1791520731244521.126	
2,N/A,EVENT_RECORD,22,866,0.020,1791520731244538.666	,1791520731244538.686	
2,N/A,EVENT_RECORD,22,867,0.020,1791520731244616.450	,1791520731244616.470	
2,_Z24add_rms_norm_bias_customIfEvPhS0_S0_S0_S0_mmjff,AI_VECTOR_CORE,22,868,5.180,1791520731244639.210	,1791520731244644.390	
2,N/A,EVENT_RECORD,22,869,0.020,1791520731244656.290	,1791520731244656.310	
2,N/A,EVENT_RECORD,22,870,0.020,1791520731244728.450	,1791520731244728.470	
2,_Z24add_rms_norm_bias_customIfEvPhS0_S0_S0_S0_mmjff,AI_VECTOR_CORE,22,871,4.760,1791520731244747.210	,1791520731244751.970	
2,N/A,EVENT_RECORD,22,872,0.020,1791520731244762.030	,1791520731244762.050	
2,N/A,EVENT_RECORD,22,873,0.000,1791520731244823.494	,1791520731244823.494	
2,_Z24add_rms_norm_bias_customIfEvPhS0_S0_S0_S0_mmjff,AI_VECTOR_CORE,22,874,4.860,1791520731244841.214	,1791520731244846.074	
2,N/A,EVENT_RECORD,22,875,0.020,1791520731244864.354	,1791520731244864.374	
2,N/A,EVENT_RECORD,22,876,0.020,1791520731244929.074	,1791520731244929.094	
2,_Z24add_rms_norm_bias_customIfEvPhS0_S0_S0_S0_mmjff,AI_VECTOR_CORE,22,877,4.740,1791520731244943.154	,1791520731244947.894	
2,N/A,EVENT_RECORD,22,878,0.020,1791520731244964.254	,1791520731244964.274	
2,N/A,EVENT_RECORD,22,879,0.020,1791520731245027.178	,1791520731245027.198	
2,_Z24add_rms_norm_bias_customIfEvPhS0_S0_S0_S0_mmjff,AI_VECTOR_CORE,22,880,9.860,1791520731245041.098	,1791520731245050.958	
2,N/A,EVENT_RECORD,22,881,0.020,1791520731245055.818	,1791520731245055.838	
2,N/A,EVENT_RECORD,22,882,0.020,1791520731245114.378	,1791520731245114.398	
2,_Z24add_rms_norm_bias_customIfEvPhS0_S0_S0_S0_mmjff,AI_VECTOR_CORE,22,883,4.500,1791520731245134.418	,1791520731245138.918	
2,N/A,EVENT_RECORD,22,884,0.020,1791520731245152.238	,1791520731245152.258	
2,_Z24add_rms_norm_bias_customIfEvPhS0_S0_S0_S0_mmjff,AI_VECTOR_CORE,22,885,2.600,1791520731245535.906	,1791520731245538.506	
2,_Z24add_rms_norm_bias_customIfEvPhS0_S0_S0_S0_mmjff,AI_VECTOR_CORE,22,886,31.484,1791520731245603.266	,1791520731245634.750	
2,N/A,EVENT_RECORD,22,887,0.020,1791520731245634.770	,1791520731245634.790	
2,_Z24add_rms_norm_bias_customIfEvPhS0_S0_S0_S0_mmjff,AI_VECTOR_CORE,22,888,2.320,1791520731245701.950	,1791520731245704.270	
2,_Z24add_rms_norm_bias_customIfEvPhS0_S0_S0_S0_mmjff,AI_VECTOR_CORE,22,889,2.300,1791520731245754.570	,1791520731245756.870	
2,_Z24add_rms_norm_bias_customIfEvPhS0_S0_S0_S0_mmjff,AI_VECTOR_CORE,22,890,2.320,1791520731245776.810	,1791520731245779.130	
2,_Z24add_rms_norm_bias_customIfEvPhS0_S0_S0_S0_mmjff,AI_VECTOR_CORE,22,891,2.540,1791520731245803.130	,1791520731245805.670	
2,_Z24add_rms_norm_bias_customIfEvPhS0_S0_S0_S0_mmjff,AI_VECTOR_CORE,22,892,2.360,1791520731245831.054	,1791520731245833.414	
2,_Z24add_rms_norm_bias_customIfEvPhS0_S0_S0_S0_mmjff,AI_VECTOR_CORE,22,893,2.360,1791520731245856.534	,1791520731245858.894	
2,_Z24add_rms_norm_bias_customIfEvPhS0_S0_S0_S0_mmjff,AI_VECTOR_CORE,22,894,2.320,1791520731245882.454	,1791520731245884.774	
2,_Z24add_rms_norm_bias_customIfEvPhS0_S0_S0_S0_mmjff,AI_VECTOR_CORE,22,895,2.200,1791520731245909.174	,1791520731245911.374	
2,_Z24add_rms_norm_bias_customIfEvPhS0_S0_S0_S0_mmjff,AI_VECTOR_CORE,22,896,2.160,1791520731245933.874	,1791520731245936.034	
2,_Z24add_rms_norm_bias_customIfEvPhS0_S0_S0_S0_mmjff,AI_VECTOR_CORE,22,897,2.180,1791520731245957.954	,1791520731245960.134	
2,_Z24add_rms_norm_bias_customIfEvPhS0_S0_S0_S0_mmjff,AI_VECTOR_CORE,22,898,2.160,1791520731245977.414	,1791520731245979.574	
2,_Z24add_rms_norm_bias_customIfEvPhS0_S0_S0_S0_mmjff,AI_VECTOR_CORE,22,899,2.220,1791520731246032.518	,1791520731246034.738	
2,_Z24add_rms_norm_bias_customIfEvPhS0_S0_S0_S0_mmjff,AI_VECTOR_CORE,22,900,2.240,1791520731246059.738	,1791520731246061.978	
2,_Z24add_rms_norm_bias_customIfEvPhS0_S0_S0_S0_mmjff,AI_VECTOR_CORE,22,901,2.280,1791520731246077.978	,1791520731246080.258	
2,_Z24add_rms_norm_bias_customIfEvPhS0_S0_S0_S0_mmjff,AI_VECTOR_CORE,22,902,2.440,1791520731246107.378	,1791520731246109.818	
2,_Z24add_rms_norm_bias_customIfEvPhS0_S0_S0_S0_mmjff,AI_VECTOR_CORE,22,903,2.340,1791520731246128.198	,1791520731246130.538	
2,_Z24add_rms_norm_bias_customIfEvPhS0_S0_S0_S0_mmjff,AI_VECTOR_CORE,22,904,55.860,1791520731246150.498	,1791520731246206.358	
2,N/A,EVENT_RECORD,22,905,0.020,1791520731246206.378	,1791520731246206.398	
2,_Z24add_rms_norm_bias_customIfEvPhS0_S0_S0_S0_mmjff,AI_VECTOR_CORE,22,906,2.380,1791520731246283.022	,1791520731246285.402	
2,_Z24add_rms_norm_bias_customIfEvPhS0_S0_S0_S0_mmjff,AI_VECTOR_CORE,22,907,7.880,1791520731246330.242	,1791520731246338.122	
2,N/A,EVENT_RECORD,22,908,0.020,1791520731246348.102	,1791520731246348.122	
2,_Z24add_rms_norm_bias_customIfEvPhS0_S0_S0_S0_mmjff,AI_VECTOR_CORE,22,909,2.200,1791520731246419.126	,1791520731246421.326	
2,_Z24add_rms_norm_bias_customIfEvPhS0_S0_S0_S0_mmjff,AI_VECTOR_CORE,22,910,2.220,1791520731246449.786	,1791520731246452.006	
2,_Z24add_rms_norm_bias_customIfEvPhS0_S0_S0_S0_mmjff,AI_VECTOR_CORE,22,911,2.260,1791520731246476.646	,1791520731246478.906	
2,_Z24add_rms_norm_bias_customIfEvPhS0_S0_S0_S0_mmjff,AI_VECTOR_CORE,22,912,2.260,1791520731246509.626	,1791520731246511.886	
2,_Z24add_rms_norm_bias_customIfEvPhS0_S0_S0_S0_mmjff,AI_VECTOR_CORE,22,913,2.320,1791520731246557.846	,1791520731246560.166	
2,_Z24add_rms_norm_bias_customIfEvPhS0_S0_S0_S0_mmjff,AI_VECTOR_CORE,22,914,2.300,1791520731246596.426	,1791520731246598.726	
2,_Z24add_rms_norm_bias_customIfEvPhS0_S0_S0_S0_mmjff,AI_VECTOR_CORE,22,915,2.180,1791520731246621.130	,1791520731246623.310	
2,_Z24add_rms_norm_bias_customIfEvPhS0_S0_S0_S0_mmjff,AI_VECTOR_CORE,22,916,2.160,1791520731246645.890	,1791520731246648.050	
2,_Z24add_rms_norm_bias_customIfEvPhS0_S0_S0_S0_mmjff,AI_VECTOR_CORE,22,917,2.320,1791520731246672.870	,1791520731246675.190	
2,_Z24add_rms_norm_bias_customIfEvPhS0_S0_S0_S0_mmjff,AI_VECTOR_CORE,22,918,2.160,1791520731246704.390	,1791520731246706.550	
2,_Z24add_rms_norm_bias_customIfEvPhS0_S0_S0_S0_mmjff,AI_VECTOR_CORE,22,919,65.160,1791520731246726.790	,1791520731246791.950	
2,N/A,EVENT_RECORD,22,920,0.020,1791520731246791.970	,1791520731246791.990	
2,_Z24add_rms_norm_bias_customIfEvPhS0_S0_S0_S0_mmjff,AI_VECTOR_CORE,22,921,2.440,1791520731246863.034	,1791520731246865.474	
2,_Z24add_rms_norm_bias_customIfEvPhS0_S0_S0_S0_mmjff,AI_VECTOR_CORE,22,922,2.240,1791520731246894.934	,1791520731246897.174	
2,_Z24add_rms_norm_bias_customIfEvPhS0_S0_S0_S0_mmjff,AI_VECTOR_CORE,22,923,2.260,1791520731246930.114	,1791520731246932.374	
2,_Z24add_rms_norm_bias_customIfEvPhS0_S0_S0_S0_mmjff,AI_VECTOR_CORE,22,924,2.320,1791520731246956.614	,1791520731246958.934	
2,_Z24add_rms_norm_bias_customIfEvPhS0_S0_S0_S0_mmjff,AI_VECTOR_CORE,22,925,2.300,1791520731246977.674	,1791520731246979.974	
2,_Z24add_rms_norm_bias_customIfEvPhS0_S0_S0_S0_mmjff,AI_VECTOR_CORE,22,926,2.280,1791520731246999.434	,1791520731247001.714	
2,_Z24add_rms_norm_bias_customIfEvPhS0_S0_S0_S0_mmjff,AI_VECTOR_CORE,22,927,2.200,1791520731247040.138	,1791520731247042.338	
2,_Z24add_rms_norm_bias_customIfEvPhS0_S0_S0_S0_mmjff,AI_VECTOR_CORE,22,928,2.180,1791520731247074.478	,1791520731247076.658	
2,_Z24add_rms_norm_bias_customIfEvPhS0_S0_S0_S0_mmjff,AI_VECTOR_CORE,22,929,2.200,1791520731247097.338	,1791520731247099.538	
2,_Z24add_rms_norm_bias_customIfEvPhS0_S0_S0_S0_mmjff,AI_VECTOR_CORE,22,930,6.240,1791520731247117.978	,1791520731247124.218	
2,_Z24add_rms_norm_bias_customIfEvPhS0_S0_S0_S0_mmjff,AI_VECTOR_CORE,22,931,2.260,1791520731247141.918	,1791520731247144.178	
2,_Z24add_rms_norm_bias_customIfEvPhS0_S0_S0_S0_mmjff,AI_VECTOR_CORE,22,932,2.280,1791520731247168.458	,1791520731247170.738	
2,_Z24add_rms_norm_bias_customIfEvPhS0_S0_S0_S0_mmjff,AI_VECTOR_CORE,22,933,2.300,1791520731247204.678	,1791520731247206.978	
2,N/A,EVENT_RECORD,22,934,0.020,1791520731247229.862	,1791520731247229.882	
2,_Z24add_rms_norm_bias_customIfEvPhS0_S0_S0_S0_mmjff,AI_VECTOR_CORE,22,935,2.580,1791520731247291.062	,1791520731247293.642	
2,_Z24add_rms_norm_bias_customIfEvPhS0_S0_S0_S0_mmjff,AI_VECTOR_CORE,22,936,2.440,1791520731247347.722	,1791520731247350.162	
2,N/A,EVENT_RECORD,22,937,0.020,1791520731247364.482	,1791520731247364.502	
2,_Z24add_rms_norm_bias_customIfEvPhS0_S0_S0_S0_mmjff,AI_VECTOR_CORE,22,938,2.260,1791520731247422.126	,1791520731247424.386	
2,_Z24add_rms_norm_bias_customIfEvPhS0_S0_S0_S0_mmjff,AI_VECTOR_CORE,22,939,2.400,1791520731247456.966	,1791520731247459.366	
2,_Z24add_rms_norm_bias_customIfEvPhS0_S0_S0_S0_mmjff,AI_VECTOR_CORE,22,940,2.300,1791520731247481.486	,1791520731247483.786	
2,_Z24add_rms_norm_bias_customIfEvPhS0_S0_S0_S0_mmjff,AI_VECTOR_CORE,22,941,2.520,1791520731247507.806	,1791520731247510.326	
2,_Z24add_rms_norm_bias_customIfEvPhS0_S0_S0_S0_mmjff,AI_VECTOR_CORE,22,942,2.500,1791520731247553.266	,1791520731247555.766	
2,_Z24add_rms_norm_bias_customIfEvPhS0_S0_S0_S0_mmjff,AI_VECTOR_CORE,22,943,2.500,1791520731247580.926	,1791520731247583.426	
2,_Z24add_rms_norm_bias_customIfEvPhS0_S0_S0_S0_mmjff,AI_VECTOR_CORE,22,944,2.440,1791520731247609.266	,1791520731247611.706	
2,_Z24add_rms_norm_bias_customIfEvPhS0_S0_S0_S0_mmjff,AI_VECTOR_CORE,22,945,2.480,1791520731247628.590	,1791520731247631.070	
2,_Z24add_rms_norm_bias_customIfEvPhS0_S0_S0_S0_mmjff,AI_VECTOR_CORE,22,946,2.460,1791520731247657.690	,1791520731247660.150	
2,_Z24add_rms_norm_bias_customIfEvPhS0_S0_S0_S0_mmjff,AI_VECTOR_CORE,22,947,2.500,1791520731247682.190	,1791520731247684.690	
2,_Z24add_rms_norm_bias_customIfEvPhS0_S0_S0_S0_mmjff,AI_VECTOR_CORE,22,948,2.520,1791520731247706.550	,1791520731247709.070	
2,_Z24add_rms_norm_bias_customIfEvPhS0_S0_S0_S0_mmjff,AI_VECTOR_CORE,22,949,2.420,1791520731247746.810	,1791520731247749.230	
2,_Z24add_rms_norm_bias_customIfEvPhS0_S0_S0_S0_mmjff,AI_VECTOR_CORE,22,950,2.340,1791520731247771.110	,1791520731247773.450	
2,N/A,EVENT_RECORD,22,951,0.020,1791520731247799.190	,1791520731247799.210	
2,_Z24add_rms_norm_bias_customIfEvPhS0_S0_S0_S0_mmjff,AI_VECTOR_CORE,22,952,2.500,1791520731247850.774	,1791520731247853.274	
2,N/A,EVENT_RECORD,22,953,0.020,1791520731247858.854	,1791520731247858.874	
2,N/A,EVENT_RECORD,22,954,0.020,1791520731247937.854	,1791520731247937.874	
2,_Z24add_rms_norm_bias_customIfEvPhS0_S0_S0_S0_mmjff,AI_VECTOR_CORE,22,955,11.200,1791520731247957.034	,1791520731247968.234	
2,N/A,EVENT_RECORD,22,956,0.020,1791520731247975.734	,1791520731247975.754	
2,N/A,EVENT_RECORD,22,957,0.020,1791520731248050.018	,1791520731248050.038	
2,_Z24add_rms_norm_bias_customIfEvPhS0_S0_S0_S0_mmjff,AI_VECTOR_CORE,22,958,2.500,1791520731248052.598	,1791520731248055.098	
2,N/A,EVENT_RECORD,22,959,0.020,1791520731248096.198	,1791520731248096.218	
2,N/A,EVENT_RECORD,22,960,0.020,1791520731248173.718	,1791520731248173.738	
2,_Z24add_rms_norm_bias_customIfEvPhS0_S0_S0_S0_mmjff,AI_VECTOR_CORE,22,961,2.500,1791520731248176.098	,1791520731248178.598	
2,N/A,EVENT_RECORD,22,962,0.020,1791520731248198.438	,1791520731248198.458	
2,N/A,EVENT_RECORD,22,963,0.020,1791520731248269.782	,1791520731248269.802	
2,_Z24add_rms_norm_bias_customIfEvPhS0_S0_S0_S0_mmjff,AI_VECTOR_CORE,22,964,2.600,1791520731248285.882	,1791520731248288.482	
2,N/A,EVENT_RECORD,22,965,0.020,1791520731248305.842	,1791520731248305.862	
2,N/A,EVENT_RECORD,22,966,0.020,1791520731248374.082	,1791520731248374.102	
2,_Z24add_rms_norm_bias_customIfEvPhS0_S0_S0_S0_mmjff,AI_VECTOR_CORE,22,967,2.780,1791520731248392.682	,1791520731248395.462	
2,N/A,EVENT_RECORD,22,968,0.020,1791520731248397.102	,1791520731248397.122	
2,N/A,EVENT_RECORD,22,969,0.020,1791520731248463.366	,1791520731248463.386	
2,_Z24add_rms_norm_bias_customIfEvPhS0_S0_S0_S0_mmjff,AI_VECTOR_CORE,22,970,2.460,1791520731248483.546	,1791520731248486.006	
2,N/A,EVENT_RECORD,22,971,0.020,1791520731248499.946	,1791520731248499.966	
2,N/A,EVENT_RECORD,22,972,0.000,1791520731248558.346	,1791520731248558.346	
2,_Z24add_rms_norm_bias_customIfEvPhS0_S0_S0_S0_mmjff,AI_VECTOR_CORE,22,973,2.440,1791520731248590.166	,1791520731248592.606	
2,N/A,EVENT_RECORD,22,974,0.020,1791520731248608.866	,1791520731248608.886	
2,N/A,EVENT_RECORD,22,975,0.020,1791520731248662.670	,1791520731248662.690	
2,_Z24add_rms_norm_bias_customIfEvPhS0_S0_S0_S0_mmjff,AI_VECTOR_CORE,22,976,2.280,1791520731248687.130	,1791520731248689.410	
2,N/A,EVENT_RECORD,22,977,0.020,1791520731248706.310	,1791520731248706.330	
2,N/A,EVENT_RECORD,22,978,0.000,1791520731248771.610	,1791520731248771.610	
2,_Z24add_rms_norm_bias_customIfEvPhS0_S0_S0_S0_mmjff,AI_VECTOR_CORE,22,979,2.300,1791520731248787.150	,1791520731248789.450	
2,N/A,EVENT_RECORD,22,980,0.020,1791520731248809.390	,1791520731248809.410	
2,N/A,EVENT_RECORD,22,981,0.020,1791520731248893.714	,1791520731248893.734	
2,_Z24add_rms_norm_bias_customIfEvPhS0_S0_S0_S0_mmjff,AI_VECTOR_CORE,22,982,2.320,1791520731248903.354	,1791520731248905.674	
2,N/A,EVENT_RECORD,22,983,0.020,1791520731248923.134	,1791520731248923.154	
2,N/A,EVENT_RECORD,22,984,0.016,1791520731249017.778	,1791520731249017.794	
2,_Z24add_rms_norm_bias_customIfEvPhS0_S0_S0_S0_mmjff,AI_VECTOR_CORE,22,985,2.300,1791520731249033.458	,1791520731249035.758	
2,N/A,EVENT_RECORD,22,986,0.020,1791520731249062.278	,1791520731249062.298	
2,N/A,EVENT_RECORD,22,987,0.020,1791520731249121.498	,1791520731249121.518	
2,_Z24add_rms_norm_bias_customIfEvPhS0_S0_S0_S0_mmjff,AI_VECTOR_CORE,22,988,2.280,1791520731249134.058	,1791520731249136.338	
2,N/A,EVENT_RECORD,22,989,0.020,1791520731249164.518	,1791520731249164.538	
2,N/A,EVENT_RECORD,22,990,0.000,1791520731249241.322	,1791520731249241.322	
2,_Z24add_rms_norm_bias_customIfEvPhS0_S0_S0_S0_mmjff,AI_VECTOR_CORE,22,991,2.320,1791520731249251.782	,1791520731249254.102	
2,N/A,EVENT_RECORD,22,992,0.020,1791520731249280.302	,1791520731249280.322	
2,N/A,EVENT_RECORD,22,993,0.020,1791520731249339.722	,1791520731249339.742	
2,_Z24add_rms_norm_bias_customIfEvPhS0_S0_S0_S0_mmjff,AI_VECTOR_CORE,22,994,2.340,1791520731249368.102	,1791520731249370.442	
2,N/A,EVENT_RECORD,22,995,0.020,1791520731249374.602	,1791520731249374.622	
2,N/A,EVENT_RECORD,22,996,0.020,1791520731249437.946	,1791520731249437.966	
2,_Z24add_rms_norm_bias_customIfEvPhS0_S0_S0_S0_mmjff,AI_VECTOR_CORE,22,997,2.320,1791520731249461.126	,1791520731249463.446	
2,N/A,EVENT_RECORD,22,998,0.020,1791520731249480.246	,1791520731249480.266	
2,N/A,EVENT_RECORD,22,999,0.020,1791520731249545.686	,1791520731249545.706	
2,_Z24add_rms_norm_bias_customIfEvPhS0_S0_S0_S0_mmjff,AI_VECTOR_CORE,22,1000,2.540,1791520731249566.666	,1791520731249569.206	
2,N/A,EVENT_RECORD,22,1001,0.020,1791520731249586.186	,1791520731249586.206	
2,N/A,EVENT_RECORD,22,1002,0.000,1791520731249649.330	,1791520731249649.330	
2,_Z24add_rms_norm_bias_customIfEvPhS0_S0_S0_S0_mmjff,AI_VECTOR_CORE,22,1003,2.360,1791520731249674.470	,1791520731249676.830	
2,N/A,EVENT_RECORD,22,1004,0.020,1791520731249679.750	,1791520731249679.770	
2,N/A,EVENT_RECORD,22,1005,0.020,1791520731249753.610	,1791520731249753.630	
2,_Z24add_rms_norm_bias_customIfEvPhS0_S0_S0_S0_mmjff,AI_VECTOR_CORE,22,1006,2.460,1791520731249771.450	,1791520731249773.910	
2,N/A,EVENT_RECORD,22,1007,0.020,1791520731249783.350	,1791520731249783.370	
2,N/A,EVENT_RECORD,22,1008,0.020,1791520731249861.354	,1791520731249861.374	
2,_Z24add_rms_norm_bias_customIfEvPhS0_S0_S0_S0_mmjff,AI_VECTOR_CORE,22,1009,2.420,1791520731249865.094	,1791520731249867.514	
2,N/A,EVENT_RECORD,22,1010,0.000,1791520731249905.154	,1791520731249905.154	
2,N/A,EVENT_RECORD,22,1011,0.000,1791520731249978.394	,1791520731249978.394	
2,_Z24add_rms_norm_bias_customIfEvPhS0_S0_S0_S0_mmjff,AI_VECTOR_CORE,22,1012,2.320,1791520731250004.094	,1791520731250006.414	
2,N/A,EVENT_RECORD,22,1013,0.016,1791520731250014.458	,1791520731250014.474	
2,N/A,EVENT_RECORD,22,1014,0.020,1791520731250087.358	,1791520731250087.378	
2,_Z24add_rms_norm_bias_customIfEvPhS0_S0_S0_S0_mmjff,AI_VECTOR_CORE,22,1015,2.740,1791520731250093.918	,1791520731250096.658	
2,N/A,EVENT_RECORD,22,1016,0.020,1791520731250118.818	,1791520731250118.838	
2,N/A,EVENT_RECORD,22,1017,0.020,1791520731250182.338	,1791520731250182.358	
2,_Z24add_rms_norm_bias_customIfEvPhS0_S0_S0_S0_mmjff,AI_VECTOR_CORE,22,1018,1.420,1791520731250189.518	,1791520731250190.938	
2,N/A,EVENT_RECORD,22,1019,0.020,1791520731250208.638	,1791520731250208.658	
2,N/A,EVENT_RECORD,22,1020,0.000,1791520731250279.202	,1791520731250279.202	
2,_Z24add_rms_norm_bias_customIfEvPhS0_S0_S0_S0_mmjff,AI_VECTOR_CORE,22,1021,1.440,1791520731250295.262	,1791520731250296.702	
2,N/A,EVENT_RECORD,22,1022,0.020,1791520731250311.922	,1791520731250311.942	
2,N/A,EVENT_RECORD,22,1023,0.020,1791520731250380.142	,1791520731250380.162	
2,_Z24add_rms_norm_bias_customIfEvPhS0_S0_S0_S0_mmjff,AI_VECTOR_CORE,22,1024,1.460,1791520731250391.022	,1791520731250392.482	
2,N/A,EVENT_RECORD,22,1025,0.024,1791520731250413.322	,1791520731250413.346	
2,N/A,EVENT_RECORD,22,1026,0.020,1791520731250487.466	,1791520731250487.486	
2,_Z24add_rms_norm_bias_customIfEvPhS0_S0_S0_S0_mmjff,AI_VECTOR_CORE,22,1027,1.460,1791520731250493.026	,1791520731250494.486	
2,N/A,EVENT_RECORD,22,1028,0.020,1791520731250525.006	,1791520731250525.026	
2,N/A,EVENT_RECORD,22,1029,0.020,1791520731250586.086	,1791520731250586.106	
2,_Z24add_rms_norm_bias_customIfEvPhS0_S0_S0_S0_mmjff,AI_VECTOR_CORE,22,1030,1.464,1791520731250613.986	,1791520731250615.450	
2,N/A,EVENT_RECORD,22,1031,0.000,1791520731250618.410	,1791520731250618.410	
2,N/A,EVENT_RECORD,22,1032,0.020,1791520731250694.810	,1791520731250694.830	
2,_Z24add_rms_norm_bias_customIfEvPhS0_S0_S0_S0_mmjff,AI_VECTOR_CORE,22,1033,1.420,1791520731250698.470	,1791520731250699.890	
2,N/A,EVENT_RECORD,22,1034,0.020,1791520731250722.110	,1791520731250722.130	
2,N/A,EVENT_RECORD,22,1035,0.016,1791520731250817.354	,1791520731250817.370	
2,_Z24add_rms_norm_bias_customIfEvPhS0_S0_S0_S0_mmjff,AI_VECTOR_CORE,22,1036,1.460,1791520731250821.174	,1791520731250822.634	
2,N/A,EVENT_RECORD,22,1037,0.020,1791520731250843.654	,1791520731250843.674	
2,N/A,EVENT_RECORD,22,1038,0.020,1791520731250900.054	,1791520731250900.074	
2,_Z24add_rms_norm_bias_customIfEvPhS0_S0_S0_S0_mmjff,AI_VECTOR_CORE,22,1039,1.460,1791520731250922.534	,1791520731250923.994	
2,N/A,EVENT_RECORD,22,1040,0.020,1791520731250943.274	,1791520731250943.294	
2,N/A,EVENT_RECORD,22,1041,0.020,1791520731251011.274	,1791520731251011.294	
2,_Z24add_rms_norm_bias_customIfEvPhS0_S0_S0_S0_mmjff,AI_VECTOR_CORE,22,1042,1.460,1791520731251039.858	,1791520731251041.318	
2,N/A,EVENT_RECORD,22,1043,0.020,1791520731251046.698	,1791520731251046.718	
2,N/A,EVENT_RECORD,22,1044,0.020,1791520731251112.118	,1791520731251112.138	
2,_Z24add_rms_norm_bias_customIfEvPhS0_S0_S0_S0_mmjff,AI_VECTOR_CORE,22,1045,2.620,1791520731251138.558	,1791520731251141.178	
2,N/A,EVENT_RECORD,22,1046,0.020,1791520731251149.298	,1791520731251149.318	
2,N/A,EVENT_RECORD,22,1047,0.020,1791520731251221.122	,1791520731251221.142	
2,_Z24add_rms_norm_bias_customIfEvPhS0_S0_S0_S0_mmjff,AI_VECTOR_CORE,22,1048,2.560,1791520731251247.682	,1791520731251250.242	
2,N/A,EVENT_RECORD,22,1049,0.020,1791520731251253.782	,1791520731251253.802	
2,N/A,EVENT_RECORD,22,1050,0.020,1791520731251334.442	,1791520731251334.462	
2,_Z24add_rms_norm_bias_customIfEvPhS0_S0_S0_S0_mmjff,AI_VECTOR_CORE,22,1051,2.380,1791520731251337.162	,1791520731251339.542	
2,N/A,EVENT_RECORD,22,1052,0.020,1791520731251361.422	,1791520731251361.442	
2,N/A,EVENT_RECORD,22,1053,0.020,1791520731251422.186	,1791520731251422.206	
2,_Z24add_rms_norm_bias_customIfEvPhS0_S0_S0_S0_mmjff,AI_VECTOR_CORE,22,1054,2.400,1791520731251440.206	,1791520731251442.606	
2,N/A,EVENT_RECORD,22,1055,0.020,1791520731251459.846	,1791520731251459.866	
2,N/A,EVENT_RECORD,22,1056,0.020,1791520731251513.926	,1791520731251513.946	
2,_Z24add_rms_norm_bias_customIfEvPhS0_S0_S0_S0_mmjff,AI_VECTOR_CORE,22,1057,1.420,1791520731251536.146	,1791520731251537.566	
2,N/A,EVENT_RECORD,22,1058,0.020,1791520731251558.806	,1791520731251558.826	
2,N/A,EVENT_RECORD,22,1059,0.020,1791520731251631.310	,1791520731251631.330	
2,_Z24add_rms_norm_bias_customIfEvPhS0_S0_S0_S0_mmjff,AI_VECTOR_CORE,22,1060,1.420,1791520731251647.570	,1791520731251648.990	
2,N/A,EVENT_RECORD,22,1061,0.000,1791520731251685.050	,1791520731251685.050	
2,N/A,EVENT_RECORD,22,1062,0.000,1791520731251761.090	,1791520731251761.090	
2,_Z24add_rms_norm_bias_customIfEvPhS0_S0_S0_S0_mmjff,AI_VECTOR_CORE,22,1063,1.460,1791520731251787.270	,1791520731251788.730	
2,N/A,EVENT_RECORD,22,1064,0.020,1791520731251800.970	,1791520731251800.990	
2,N/A,EVENT_RECORD,22,1065,0.020,1791520731251865.254	,1791520731251865.274	
2,_Z24add_rms_norm_bias_customIfEvPhS0_S0_S0_S0_mmjff,AI_VECTOR_CORE,22,1066,1.460,1791520731251879.214	,1791520731251880.674	
2,N/A,EVENT_RECORD,22,1067,0.020,1791520731251902.054	,1791520731251902.074	
2,N/A,EVENT_RECORD,22,1068,0.020,1791520731251974.914	,1791520731251974.934	
2,_Z24add_rms_norm_bias_customIfEvPhS0_S0_S0_S0_mmjff,AI_VECTOR_CORE,22,1069,2.580,1791520731251976.954	,1791520731251979.534	
2,N/A,EVENT_RECORD,22,1070,0.020,1791520731251996.494	,1791520731251996.514	
2,N/A,EVENT_RECORD,22,1071,0.020,1791520731252054.798	,1791520731252054.818	
2,_Z24add_rms_norm_bias_customIfEvPhS0_S0_S0_S0_mmjff,AI_VECTOR_CORE,22,1072,2.320,1791520731252073.658	,1791520731252075.978	
2,N/A,EVENT_RECORD,22,1073,0.020,1791520731252090.798	,1791520731252090.818	
2,N/A,EVENT_RECORD,22,1074,0.020,1791520731252153.118	,1791520731252153.138	
2,_Z24add_rms_norm_bias_customIfEvPhS0_S0_S0_S0_mmjff,AI_VECTOR_CORE,22,1075,2.340,1791520731252171.398	,1791520731252173.738	
2,N/A,EVENT_RECORD,22,1076,0.020,1791520731252188.618	,1791520731252188.638	
2,N/A,EVENT_RECORD,22,1077,0.020,1791520731252258.222	,1791520731252258.242	
2,_Z24add_rms_norm_bias_customIfEvPhS0_S0_S0_S0_mmjff,AI_VECTOR_CORE,22,1078,2.340,1791520731252261.382	,1791520731252263.722	
2,N/A,EVENT_RECORD,22,1079,0.020,1791520731252283.462	,1791520731252283.482	
2,N/A,EVENT_RECORD,22,1080,0.020,1791520731252361.222	,1791520731252361.242	
2,_Z24add_rms_norm_bias_customIfEvPhS0_S0_S0_S0_mmjff,AI_VECTOR_CORE,22,1081,2.400,1791520731252363.342	,1791520731252365.742	
2,N/A,EVENT_RECORD,22,1082,0.020,1791520731252386.422	,1791520731252386.442	
2,N/A,EVENT_RECORD,22,1083,0.020,1791520731252448.726	,1791520731252448.746	
2,_Z24add_rms_norm_bias_customIfEvPhS0_S0_S0_S0_mmjff,AI_VECTOR_CORE,22,1084,2.300,1791520731252467.586	,1791520731252469.886	
2,N/A,EVENT_RECORD,22,1085,0.020,1791520731252502.306	,1791520731252502.326	
2,N/A,EVENT_RECORD,22,1086,0.020,1791520731252586.886	,1791520731252586.906	
2,_Z24add_rms_norm_bias_customIfEvPhS0_S0_S0_S0_mmjff,AI_VECTOR_CORE,22,1087,2.140,1791520731252603.466	,1791520731252605.606	
2,N/A,EVENT_RECORD,22,1088,0.020,1791520731252626.810	,1791520731252626.830	
2,N/A,EVENT_RECORD,22,1089,0.020,1791520731252712.610	,1791520731252712.630	
2,_Z24add_rms_norm_bias_customIfEvPhS0_S0_S0_S0_mmjff,AI_VECTOR_CORE,22,1090,2.360,1791520731252715.030	,1791520731252717.390	
2,N/A,EVENT_RECORD,22,1091,0.000,1791520731252737.650	,1791520731252737.650	
2,N/A,EVENT_RECORD,22,1092,0.024,1791520731252817.530	,1791520731252817.554	
2,_Z24add_rms_norm_bias_customIfEvPhS0_S0_S0_S0_mmjff,AI_VECTOR_CORE,22,1093,2.284,1791520731252820.930	,1791520731252823.214	
2,N/A,EVENT_RECORD,22,1094,0.020,1791520731252851.534	,1791520731252851.554	
2,N/A,EVENT_RECORD,22,1095,0.020,1791520731252921.154	,1791520731252921.174	
2,_Z24add_rms_norm_bias_customIfEvPhS0_S0_S0_S0_mmjff,AI_VECTOR_CORE,22,1096,28.160,1791520731252931.034	,1791520731252959.194	
2,N/A,EVENT_RECORD,22,1097,0.020,1791520731252959.214	,1791520731252959.234	
2,N/A,EVENT_RECORD,22,1098,0.020,1791520731253023.718	,1791520731253023.738	
2,_Z24add_rms_norm_bias_customIfEvPhS0_S0_S0_S0_mmjff,AI_VECTOR_CORE,22,1099,2.260,1791520731253046.558	,1791520731253048.818	
2,N/A,EVENT_RECORD,22,1100,0.020,1791520731253053.218	,1791520731253053.238	
2,N/A,EVENT_RECORD,22,1101,0.020,1791520731253118.598	,1791520731253118.618	
2,_Z24add_rms_norm_bias_customIfEvPhS0_S0_S0_S0_mmjff,AI_VECTOR_CORE,22,1102,2.340,1791520731253123.738	,1791520731253126.078	
2,N/A,EVENT_RECORD,22,1103,0.020,1791520731253160.518	,1791520731253160.538	
2,N/A,EVENT_RECORD,22,1104,0.020,1791520731253215.058	,1791520731253215.078	
2,_Z24add_rms_norm_bias_customIfEvPhS0_S0_S0_S0_mmjff,AI_VECTOR_CORE,22,1105,2.220,1791520731253227.582	,1791520731253229.802	
2,N/A,EVENT_RECORD,22,1106,0.020,1791520731253249.642	,1791520731253249.662	
2,N/A,EVENT_RECORD,22,1107,0.020,1791520731253313.122	,1791520731253313.142	
2,_Z24add_rms_norm_bias_customIfEvPhS0_S0_S0_S0_mmjff,AI_VECTOR_CORE,22,1108,37.860,1791520731253340.422	,1791520731253378.282	
2,N/A,EVENT_RECORD,22,1109,0.020,1791520731253378.302	,1791520731253378.322	
2,N/A,EVENT_RECORD,22,1110,0.020,1791520731253440.466	,1791520731253440.486	
2,_Z24add_rms_norm_bias_customIfEvPhS0_S0_S0_S0_mmjff,AI_VECTOR_CORE,22,1111,2.360,1791520731253454.886	,1791520731253457.246	
2,N/A,EVENT_RECORD,22,1112,0.020,1791520731253496.006	,1791520731253496.026	
2,N/A,EVENT_RECORD,22,1113,0.020,1791520731253565.366	,1791520731253565.386	
2,_Z24add_rms_norm_bias_customIfEvPhS0_S0_S0_S0_mmjff,AI_VECTOR_CORE,22,1114,2.540,1791520731253582.206	,1791520731253584.746	
2,N/A,EVENT_RECORD,22,1115,0.020,1791520731253598.106	,1791520731253598.126	
2,N/A,EVENT_RECORD,22,1116,0.020,1791520731253656.250	,1791520731253656.270	
2,_Z24add_rms_norm_bias_customIfEvPhS0_S0_S0_S0_mmjff,AI_VECTOR_CORE,22,1117,2.680,1791520731253673.030	,1791520731253675.710	
2,N/A,EVENT_RECORD,22,1118,0.020,1791520731253698.590	,1791520731253698.610	
2,N/A,EVENT_RECORD,22,1119,0.020,1791520731253770.070	,1791520731253770.090	
2,_Z24add_rms_norm_bias_customIfEvPhS0_S0_S0_S0_mmjff,AI_VECTOR_CORE,22,1120,2.400,1791520731253773.670	,1791520731253776.070	
2,N/A,EVENT_RECORD,22,1121,0.020,1791520731253803.570	,1791520731253803.590	
2,N/A,EVENT_RECORD,22,1122,0.020,1791520731253871.654	,1791520731253871.674	
2,_Z24add_rms_norm_bias_customIfEvPhS0_S0_S0_S0_mmjff,AI_VECTOR_CORE,22,1123,2.320,1791520731253896.554	,1791520731253898.874	
2,N/A,EVENT_RECORD,22,1124,0.020,1791520731253900.774	,1791520731253900.794	
2,N/A,EVENT_RECORD,22,1125,0.020,1791520731253974.894	,1791520731253974.914	
2,_Z24add_rms_norm_bias_customIfEvPhS0_S0_S0_S0_mmjff,AI_VECTOR_CORE,22,1126,2.320,1791520731253980.054	,1791520731253982.374	
2,N/A,EVENT_RECORD,22,1127,0.020,1791520731254005.434	,1791520731254005.454	
2,N/A,EVENT_RECORD,22,1128,0.020,1791520731254081.098	,1791520731254081.118	
2,_Z24add_rms_norm_bias_customIfEvPhS0_S0_S0_S0_mmjff,AI_VECTOR_CORE,22,1129,2.500,1791520731254094.758	,1791520731254097.258	
2,N/A,EVENT_RECORD,22,1130,0.020,1791520731254120.658	,1791520731254120.678	
2,N/A,EVENT_RECORD,22,1131,0.020,1791520731254186.918	,1791520731254186.938	
2,_Z24add_rms_norm_bias_customIfEvPhS0_S0_S0_S0_mmjff,AI_VECTOR_CORE,22,1132,41.784,1791520731254202.098	,1791520731254243.882	
2,N/A,EVENT_RECORD,22,1133,0.020,1791520731254243.902	,1791520731254243.922	
2,N/A,EVENT_RECORD,22,1134,0.020,1791520731254299.402	,1791520731254299.422	
2,_Z24add_rms_norm_bias_customIfEvPhS0_S0_S0_S0_mmjff,AI_VECTOR_CORE,22,1135,2.180,1791520731254323.282	,1791520731254325.462	
2,N/A,EVENT_RECORD,22,1136,0.020,1791520731254332.682	,1791520731254332.702	
2,N/A,EVENT_RECORD,22,1137,0.020,1791520731254390.942	,1791520731254390.962	
2,_Z24add_rms_norm_bias_customIfEvPhS0_S0_S0_S0_mmjff,AI_VECTOR_CORE,22,1138,2.180,1791520731254441.386	,1791520731254443.566	
2,N/A,EVENT_RECORD,22,1139,0.020,1791520731254467.246	,1791520731254467.266	
2,N/A,EVENT_RECORD,22,1140,0.020,1791520731254540.346	,1791520731254540.366	
2,_Z24add_rms_norm_bias_customIfEvPhS0_S0_S0_S0_mmjff,AI_VECTOR_CORE,22,1141,2.300,1791520731254565.326	,1791520731254567.626	
2,N/A,EVENT_RECORD,22,1142,0.020,1791520731254571.626	,1791520731254571.646	
2,N/A,EVENT_RECORD,22,1143,0.020,1791520731254643.250	,1791520731254643.270	
2,_Z24add_rms_norm_bias_customIfEvPhS0_S0_S0_S0_mmjff,AI_VECTOR_CORE,22,1144,2.340,1791520731254650.570	,1791520731254652.910	
2,N/A,EVENT_RECORD,22,1145,0.020,1791520731254674.650	,1791520731254674.670	
2,N/A,EVENT_RECORD,22,1146,0.020,1791520731254748.590	,1791520731254748.610	
2,_Z24add_rms_norm_bias_customIfEvPhS0_S0_S0_S0_mmjff,AI_VECTOR_CORE,22,1147,2.320,1791520731254753.710	,1791520731254756.030	
2,N/A,EVENT_RECORD,22,1148,0.020,1791520731254778.210	,1791520731254778.230	
2,N/A,EVENT_RECORD,22,1149,0.020,1791520731254842.834	,1791520731254842.854	
2,_Z24add_rms_norm_bias_customIfEvPhS0_S0_S0_S0_mmjff,AI_VECTOR_CORE,22,1150,2.320,1791520731254848.474	,1791520731254850.794	
2,N/A,EVENT_RECORD,22,1151,0.020,1791520731254872.094	,1791520731254872.114	
2,N/A,EVENT_RECORD,22,1152,0.020,1791520731254951.234	,1791520731254951.254	
2,_Z24add_rms_norm_bias_customIfEvPhS0_S0_S0_S0_mmjff,AI_VECTOR_CORE,22,1153,2.420,1791520731254954.434	,1791520731254956.854	
2,N/A,EVENT_RECORD,22,1154,0.020,1791520731254975.614	,1791520731254975.634	
2,N/A,EVENT_RECORD,22,1155,0.020,1791520731255038.198	,1791520731255038.218	
2,_Z24add_rms_norm_bias_customIfEvPhS0_S0_S0_S0_mmjff,AI_VECTOR_CORE,22,1156,6.740,1791520731255051.258	,1791520731255057.998	
2,N/A,EVENT_RECORD,22,1157,0.020,1791520731255074.598	,1791520731255074.618	
2,N/A,EVENT_RECORD,22,1158,0.020,1791520731255138.698	,1791520731255138.718	
2,_Z24add_rms_norm_bias_customIfEvPhS0_S0_S0_S0_mmjff,AI_VECTOR_CORE,22,1159,2.240,1791520731255157.958	,1791520731255160.198	
2,N/A,EVENT_RECORD,22,1160,0.020,1791520731255175.158	,1791520731255175.178	
2,N/A,EVENT_RECORD,22,1161,0.020,1791520731255241.922	,1791520731255241.942	
2,_Z24add_rms_norm_bias_customIfEvPhS0_S0_S0_S0_mmjff,AI_VECTOR_CORE,22,1162,2.260,1791520731255261.802	,1791520731255264.062	
2,N/A,EVENT_RECORD,22,1163,0.020,1791520731255288.122	,1791520731255288.142	
2,N/A,EVENT_RECORD,22,1164,0.020,1791520731255357.422	,1791520731255357.442	
2,_Z24add_rms_norm_bias_customIfEvPhS0_S0_S0_S0_mmjff,AI_VECTOR_CORE,22,1165,2.280,1791520731255359.662	,1791520731255361.942	
2,N/A,EVENT_RECORD,22,1166,0.020,1791520731255387.822	,1791520731255387.842	
2,N/A,EVENT_RECORD,22,1167,0.020,1791520731255449.806	,1791520731255449.826	
2,_Z24add_rms_norm_bias_customIfEvPhS0_S0_S0_S0_mmjff,AI_VECTOR_CORE,22,1168,2.360,1791520731255462.826	,1791520731255465.186	
2,N/A,EVENT_RECORD,22,1169,0.020,1791520731255477.646	,1791520731255477.666	
2,N/A,EVENT_RECORD,22,1170,0.000,1791520731255541.026	,1791520731255541.026	
2,_Z24add_rms_norm_bias_customIfEvPhS0_S0_S0_S0_mmjff,AI_VECTOR_CORE,22,1171,2.380,1791520731255554.666	,1791520731255557.046	
2,N/A,EVENT_RECORD,22,1172,0.020,1791520731255571.046	,1791520731255571.066	
2,N/A,EVENT_RECORD,22,1173,0.000,1791520731255639.170	,1791520731255639.170	
2,_Z24add_rms_norm_bias_customIfEvPhS0_S0_S0_S0_mmjff,AI_VECTOR_CORE,22,1174,2.280,1791520731255652.610	,1791520731255654.890	
2,N/A,EVENT_RECORD,22,1175,0.020,1791520731255668.130	,1791520731255668.150	
2,N/A,EVENT_RECORD,22,1176,0.020,1791520731255747.550	,1791520731255747.570	
2,_Z24add_rms_norm_bias_customIfEvPhS0_S0_S0_S0_mmjff,AI_VECTOR_CORE,22,1177,2.220,1791520731255768.490	,1791520731255770.710	
2,N/A,EVENT_RECORD,22,1178,0.020,1791520731255784.750	,1791520731255784.770	
2,N/A,EVENT_RECORD,22,1179,0.020,1791520731255850.054	,1791520731255850.074	
2,_Z24add_rms_norm_bias_customIfEvPhS0_S0_S0_S0_mmjff,AI_VECTOR_CORE,22,1180,2.100,1791520731255873.914	,1791520731255876.014	
2,N/A,EVENT_RECORD,22,1181,0.020,1791520731255895.674	,1791520731255895.694	
2,N/A,EVENT_RECORD,22,1182,0.020,1791520731255962.454	,1791520731255962.474	
2,_Z24add_rms_norm_bias_customIfEvPhS0_S0_S0_S0_mmjff,AI_VECTOR_CORE,22,1183,2.120,1791520731255981.754	,1791520731255983.874	
2,N/A,EVENT_RECORD,22,1184,0.020,1791520731255996.874	,1791520731255996.894	
2,N/A,EVENT_RECORD,22,1185,0.020,1791520731256064.518	,1791520731256064.538	
2,_Z24add_rms_norm_bias_customIfEvPhS0_S0_S0_S0_mmjff,AI_VECTOR_CORE,22,1186,2.100,1791520731256081.698	,1791520731256083.798	
2,N/A,EVENT_RECORD,22,1187,0.020,1791520731256099.118	,1791520731256099.138	
2,N/A,EVENT_RECORD,22,1188,0.020,1791520731256169.998	,1791520731256170.018	
2,_Z24add_rms_norm_bias_customIfEvPhS0_S0_S0_S0_mmjff,AI_VECTOR_CORE,22,1189,2.160,1791520731256196.378	,1791520731256198.538	
2,N/A,EVENT_RECORD,22,1190,0.020,1791520731256215.558	,1791520731256215.578	
2,N/A,EVENT_RECORD,22,1191,0.020,1791520731256283.082	,1791520731256283.102	
2,_Z24add_rms_norm_bias_customIfEvPhS0_S0_S0_S0_mmjff,AI_VECTOR_CORE,22,1192,2.340,1791520731256293.802	,1791520731256296.142	
2,N/A,EVENT_RECORD,22,1193,0.020,1791520731256313.062	,1791520731256313.082	
2,N/A,EVENT_RECORD,22,1194,0.020,1791520731256379.602	,1791520731256379.622	
2,_Z24add_rms_norm_bias_customIfEvPhS0_S0_S0_S0_mmjff,AI_VECTOR_CORE,22,1195,2.380,1791520731256384.402	,1791520731256386.782	
2,N/A,EVENT_RECORD,22,1196,0.020,1791520731256410.962	,1791520731256410.982	
2,N/A,EVENT_RECORD,22,1197,0.020,1791520731256491.506	,1791520731256491.526	
2,_Z24add_rms_norm_bias_customIfEvPhS0_S0_S0_S0_mmjff,AI_VECTOR_CORE,22,1198,5.500,1791520731256493.646	,1791520731256499.146	
2,N/A,EVENT_RECORD,22,1199,0.020,1791520731256501.206	,1791520731256501.226	
2,N/A,EVENT_RECORD,22,1200,0.020,1791520731256572.626	,1791520731256572.646	
2,_Z24add_rms_norm_bias_customIfEvPhS0_S0_S0_S0_mmjff,AI_VECTOR_CORE,22,1201,2.340,1791520731256574.986	,1791520731256577.326	
2,N/A,EVENT_RECORD,22,1202,0.000,1791520731256596.766	,1791520731256596.766	
2,N/A,EVENT_RECORD,22,1203,0.020,1791520731256650.430	,1791520731256650.450	
2,_Z24add_rms_norm_bias_customIfEvPhS0_S0_S0_S0_mmjff,AI_VECTOR_CORE,22,1204,2.420,1791520731256676.410	,1791520731256678.830	
2,N/A,EVENT_RECORD,22,1205,0.020,1791520731256700.070	,1791520731256700.090	
2,N/A,EVENT_RECORD,22,1206,0.000,1791520731256763.130	,1791520731256763.130	
2,_Z24add_rms_norm_bias_customIfEvPhS0_S0_S0_S0_mmjff,AI_VECTOR_CORE,22,1207,2.940,1791520731256790.810	,1791520731256793.750	
2,N/A,EVENT_RECORD,22,1208,0.020,1791520731256807.070	,1791520731256807.090	
2,N/A,EVENT_RECORD,22,1209,0.020,1791520731256868.274	,1791520731256868.294	
2,_Z24add_rms_norm_bias_customIfEvPhS0_S0_S0_S0_mmjff,AI_VECTOR_CORE,22,1210,2.300,1791520731256884.634	,1791520731256886.934	
2,N/A,EVENT_RECORD,22,1211,0.020,1791520731256902.414	,1791520731256902.434	
2,N/A,EVENT_RECORD,22,1212,0.020,1791520731256974.634	,1791520731256974.654	
2,_Z24add_rms_norm_bias_customIfEvPhS0_S0_S0_S0_mmjff,AI_VECTOR_CORE,22,1213,2.480,1791520731256976.894	,1791520731256979.374	
2,N/A,EVENT_RECORD,22,1214,0.020,1791520731256996.734	,1791520731256996.754	
2,N/A,EVENT_RECORD,22,1215,0.020,1791520731257060.558	,1791520731257060.578	
2,_Z24add_rms_norm_bias_customIfEvPhS0_S0_S0_S0_mmjff,AI_VECTOR_CORE,22,1216,2.260,1791520731257080.098	,1791520731257082.358	
2,N/A,EVENT_RECORD,22,1217,0.020,1791520731257095.858	,1791520731257095.878	
2,N/A,EVENT_RECORD,22,1218,0.020,1791520731257153.878	,1791520731257153.898	
2,_Z24add_rms_norm_bias_customIfEvPhS0_S0_S0_S0_mmjff,AI_VECTOR_CORE,22,1219,3.640,1791520731257166.438	,1791520731257170.078	
2,N/A,EVENT_RECORD,22,1220,0.020,1791520731257197.258	,1791520731257197.278	
2,N/A,EVENT_RECORD,22,1221,0.000,1791520731257247.102	,1791520731257247.102	
2,_Z24add_rms_norm_bias_customIfEvPhS0_S0_S0_S0_mmjff,AI_VECTOR_CORE,22,1222,22.840,1791520731257263.962	,1791520731257286.802	
2,N/A,EVENT_RECORD,22,1223,0.020,1791520731257286.822	,1791520731257286.842	
2,N/A,EVENT_RECORD,22,1224,0.020,1791520731257345.262	,1791520731257345.282	
2,_Z24add_rms_norm_bias_customIfEvPhS0_S0_S0_S0_mmjff,AI_VECTOR_CORE,22,1225,2.340,1791520731257365.162	,1791520731257367.502	
2,N/A,EVENT_RECORD,22,1226,0.000,1791520731257370.342	,1791520731257370.342	
2,N/A,EVENT_RECORD,22,1227,0.020,1791520731257444.046	,1791520731257444.066	
2,_Z24add_rms_norm_bias_customIfEvPhS0_S0_S0_S0_mmjff,AI_VECTOR_CORE,22,1228,12.740,1791520731257449.286	,1791520731257462.026	
2,N/A,EVENT_RECORD,22,1229,0.000,1791520731257486.746	,1791520731257486.746	
2,N/A,EVENT_RECORD,22,1230,0.000,1791520731257538.386	,1791520731257538.386	
2,_Z24add_rms_norm_bias_customIfEvPhS0_S0_S0_S0_mmjff,AI_VECTOR_CORE,22,1231,2.440,1791520731257551.566	,1791520731257554.006	
2,N/A,EVENT_RECORD,22,1232,0.020,1791520731257568.766	,1791520731257568.786	
2,N/A,EVENT_RECORD,22,1233,0.020,1791520731257627.210	,1791520731257627.230	
2,_Z24add_rms_norm_bias_customIfEvPhS0_S0_S0_S0_mmjff,AI_VECTOR_CORE,22,1234,3.040,1791520731257643.750	,1791520731257646.790	
2,N/A,EVENT_RECORD,22,1235,0.000,1791520731257661.610	,1791520731257661.610	
2,N/A,EVENT_RECORD,22,1236,0.020,1791520731257717.010	,1791520731257717.030	
2,_Z24add_rms_norm_bias_customIfEvPhS0_S0_S0_S0_mmjff,AI_VECTOR_CORE,22,1237,2.600,1791520731257732.490	,1791520731257735.090	
2,N/A,EVENT_RECORD,22,1238,0.020,1791520731257749.830	,1791520731257749.850	
2,N/A,EVENT_RECORD,22,1239,0.020,1791520731257813.070	,1791520731257813.090	
2,_Z24add_rms_norm_bias_customIfEvPhS0_S0_S0_S0_mmjff,AI_VECTOR_CORE,22,1240,2.640,1791520731257847.814	,1791520731257850.454	
2,N/A,EVENT_RECORD,22,1241,0.020,1791520731257867.774	,1791520731257867.794	
2,N/A,EVENT_RECORD,22,1242,0.020,1791520731257935.694	,1791520731257935.714	
2,_Z24add_rms_norm_bias_customIfEvPhS0_S0_S0_S0_mmjff,AI_VECTOR_CORE,22,1243,2.620,1791520731257958.654	,1791520731257961.274	
2,N/A,EVENT_RECORD,22,1244,0.000,1791520731257963.074	,1791520731257963.074	
2,N/A,EVENT_RECORD,22,1245,0.020,1791520731258027.418	,1791520731258027.438	
2,_Z24add_rms_norm_bias_customIfEvPhS0_S0_S0_S0_mmjff,AI_VECTOR_CORE,22,1246,2.500,1791520731258049.738	,1791520731258052.238	
2,N/A,EVENT_RECORD,22,1247,0.020,1791520731258055.598	,1791520731258055.618	
2,N/A,EVENT_RECORD,22,1248,0.020,1791520731258110.378	,1791520731258110.398	
2,_Z24add_rms_norm_bias_customIfEvPhS0_S0_S0_S0_mmjff,AI_VECTOR_CORE,22,1249,2.320,1791520731258122.298	,1791520731258124.618	
2,N/A,EVENT_RECORD,22,1250,0.020,1791520731258141.038	,1791520731258141.058	
2,N/A,EVENT_RECORD,22,1251,0.020,1791520731258213.338	,1791520731258213.358	
2,_Z24add_rms_norm_bias_customIfEvPhS0_S0_S0_S0_mmjff,AI_VECTOR_CORE,22,1252,32.604,1791520731258216.018	,1791520731258248.622	
2,N/A,EVENT_RECORD,22,1253,0.000,1791520731258248.662	,1791520731258248.662	
2,N/A,EVENT_RECORD,22,1254,0.020,1791520731258298.822	,1791520731258298.842	
2,_Z24add_rms_norm_bias_customIfEvPhS0_S0_S0_S0_mmjff,AI_VECTOR_CORE,22,1255,2.480,1791520731258313.082	,1791520731258315.562	
2,N/A,EVENT_RECORD,22,1256,0.020,1791520731258328.542	,1791520731258328.562	
2,N/A,EVENT_RECORD,22,1257,0.020,1791520731258397.522	,1791520731258397.542	
2,_Z24add_rms_norm_bias_customIfEvPhS0_S0_S0_S0_mmjff,AI_VECTOR_CORE,22,1258,2.460,1791520731258401.282	,1791520731258403.742	
2,N/A,EVENT_RECORD,22,1259,0.020,1791520731258416.342	,1791520731258416.362	
2,N/A,EVENT_RECORD,22,1260,0.020,1791520731258472.086	,1791520731258472.106	
2,_Z24add_rms_norm_bias_customIfEvPhS0_S0_S0_S0_mmjff,AI_VECTOR_CORE,22,1261,2.480,1791520731258496.966	,1791520731258499.446	
2,N/A,EVENT_RECORD,22,1262,0.020,1791520731258500.806	,1791520731258500.826	
2,N/A,EVENT_RECORD,22,1263,0.020,1791520731258569.066	,1791520731258569.086	
2,_Z24add_rms_norm_bias_customIfEvPhS0_S0_S0_S0_mmjff,AI_VECTOR_CORE,22,1264,2.360,1791520731258582.846	,1791520731258585.206	
2,N/A,EVENT_RECORD,22,1265,0.020,1791520731258597.226	,1791520731258597.246	
2,N/A,EVENT_RECORD,22,1266,0.020,1791520731258683.730	,1791520731258683.750	
2,_Z24add_rms_norm_bias_customIfEvPhS0_S0_S0_S0_mmjff,AI_VECTOR_CORE,22,1267,2.320,1791520731258698.050	,1791520731258700.370	
2,N/A,EVENT_RECORD,22,1268,0.020,1791520731258713.950	,1791520731258713.970	
2,N/A,EVENT_RECORD,22,1269,0.020,1791520731258770.630	,1791520731258770.650	
2,_Z24add_rms_norm_bias_customIfEvPhS0_S0_S0_S0_mmjff,AI_VECTOR_CORE,22,1270,2.200,1791520731258796.470	,1791520731258798.670	
2,N/A,EVENT_RECORD,22,1271,0.020,1791520731258812.410	,1791520731258812.430	
2,N/A,EVENT_RECORD,22,1272,0.020,1791520731258869.614	,1791520731258869.634	
2,_Z24add_rms_norm_bias_customIfEvPhS0_S0_S0_S0_mmjff,AI_VECTOR_CORE,22,1273,2.200,1791520731258885.054	,1791520731258887.254	
2,N/A,EVENT_RECORD,22,1274,0.020,1791520731258908.994	,1791520731258909.014	
2,N/A,EVENT_RECORD,22,1275,0.020,1791520731258956.114	,1791520731258956.134	
2,_Z24add_rms_norm_bias_customIfEvPhS0_S0_S0_S0_mmjff,AI_VECTOR_CORE,22,1276,2.260,1791520731258971.754	,1791520731258974.014	
2,N/A,EVENT_RECORD,22,1277,0.020,1791520731258989.034	,1791520731258989.054	
2,N/A,EVENT_RECORD,22,1278,0.020,1791520731259037.778	,1791520731259037.798	
2,_Z24add_rms_norm_bias_customIfEvPhS0_S0_S0_S0_mmjff,AI_VECTOR_CORE,22,1279,9.980,1791520731259052.118	,1791520731259062.098	
2,N/A,EVENT_RECORD,22,1280,0.020,1791520731259080.618	,1791520731259080.638	
2,N/A,EVENT_RECORD,22,1281,0.020,1791520731259126.918	,1791520731259126.938	
2,_Z24add_rms_norm_bias_customIfEvPhS0_S0_S0_S0_mmjff,AI_VECTOR_CORE,22,1282,2.320,1791520731259141.958	,1791520731259144.278	
2,N/A,EVENT_RECORD,22,1283,0.020,1791520731259168.638	,1791520731259168.658	
2,N/A,EVENT_RECORD,22,1284,0.020,1791520731259230.382	,1791520731259230.402	
2,_Z24add_rms_norm_bias_customIfEvPhS0_S0_S0_S0_mmjff,AI_VECTOR_CORE,22,1285,2.400,1791520731259233.282	,1791520731259235.682	
2,N/A,EVENT_RECORD,22,1286,0.020,1791520731259251.282	,1791520731259251.302	
2,N/A,EVENT_RECORD,22,1287,0.020,1791520731259306.182	,1791520731259306.202	
2,_Z24add_rms_norm_bias_customIfEvPhS0_S0_S0_S0_mmjff,AI_VECTOR_CORE,22,1288,2.440,1791520731259323.442	,1791520731259325.882	
2,N/A,EVENT_RECORD,22,1289,0.020,1791520731259339.642	,1791520731259339.662	
2,N/A,EVENT_RECORD,22,1290,0.020,1791520731259394.962	,1791520731259394.982	
2,_Z24add_rms_norm_bias_customIfEvPhS0_S0_S0_S0_mmjff,AI_VECTOR_CORE,22,1291,2.740,1791520731259431.446	,1791520731259434.186	
2,N/A,EVENT_RECORD,22,1292,0.020,1791520731259448.806	,1791520731259448.826	
2,N/A,EVENT_RECORD,22,1293,0.020,1791520731259508.706	,1791520731259508.726	
2,_Z24add_rms_norm_bias_customIfEvPhS0_S0_S0_S0_mmjff,AI_VECTOR_CORE,22,1294,2.500,1791520731259526.546	,1791520731259529.046	
2,N/A,EVENT_RECORD,22,1295,0.020,1791520731259542.606	,1791520731259542.626	
2,N/A,EVENT_RECORD,22,1296,0.020,1791520731259603.086	,1791520731259603.106	
2,_Z24add_rms_norm_bias_customIfEvPhS0_S0_S0_S0_mmjff,AI_VECTOR_CORE,22,1297,11.904,1791520731259613.786	,1791520731259625.690	
2,N/A,EVENT_RECORD,22,1298,0.020,1791520731259632.810	,1791520731259632.830	
2,N/A,EVENT_RECORD,22,1299,0.020,1791520731259691.290	,1791520731259691.310	
2,_Z24add_rms_norm_bias_customIfEvPhS0_S0_S0_S0_mmjff,AI_VECTOR_CORE,22,1300,2.180,1791520731259695.150	,1791520731259697.330	
2,N/A,EVENT_RECORD,22,1301,0.020,1791520731259732.130	,1791520731259732.150	
2,N/A,EVENT_RECORD,22,1302,0.020,1791520731259788.250	,1791520731259788.270	
2,_Z24add_rms_norm_bias_customIfEvPhS0_S0_S0_S0_mmjff,AI_VECTOR_CORE,22,1303,2.240,1791520731259806.950	,1791520731259809.190	
2,N/A,EVENT_RECORD,22,1304,0.000,1791520731259828.554	,1791520731259828.554	
2,N/A,EVENT_RECORD,22,1305,0.020,1791520731259895.534	,1791520731259895.554	
2,_Z24add_rms_norm_bias_customIfEvPhS0_S0_S0_S0_mmjff,AI_VECTOR_CORE,22,1306,2.500,1791520731259913.554	,1791520731259916.054	
2,N/A,EVENT_RECORD,22,1307,0.020,1791520731259933.234	,1791520731259933.254	
2,N/A,EVENT_RECORD,22,1308,0.020,1791520731259991.594	,1791520731259991.614	
2,_Z24add_rms_norm_bias_customIfEvPhS0_S0_S0_S0_mmjff,AI_VECTOR_CORE,22,1309,2.520,1791520731259996.254	,1791520731259998.774	
2,N/A,EVENT_RECORD,22,1310,0.020,1791520731260021.814	,1791520731260021.834	
2,N/A,EVENT_RECORD,22,1311,0.000,1791520731260090.438	,1791520731260090.438	
2,_Z24add_rms_norm_bias_customIfEvPhS0_S0_S0_S0_mmjff,AI_VECTOR_CORE,22,1312,2.340,1791520731260095.158	,1791520731260097.498	
2,N/A,EVENT_RECORD,22,1313,0.020,1791520731260130.718	,1791520731260130.738	
2,N/A,EVENT_RECORD,22,1314,0.020,1791520731260201.038	,1791520731260201.058	
2,_Z24add_rms_norm_bias_customIfEvPhS0_S0_S0_S0_mmjff,AI_VECTOR_CORE,22,1315,2.320,1791520731260204.158	,1791520731260206.478	
2,N/A,EVENT_RECORD,22,1316,0.000,1791520731260222.802	,1791520731260222.802	
2,N/A,EVENT_RECORD,22,1317,0.020,1791520731260298.442	,1791520731260298.462	
2,_Z24add_rms_norm_bias_customIfEvPhS0_S0_S0_S0_mmjff,AI_VECTOR_CORE,22,1318,2.320,1791520731260315.622	,1791520731260317.942	
2,N/A,EVENT_RECORD,22,1319,0.020,1791520731260328.042	,1791520731260328.062	
2,N/A,EVENT_RECORD,22,1320,0.020,1791520731260400.982	,1791520731260401.002	
2,_Z24add_rms_norm_bias_customIfEvPhS0_S0_S0_S0_mmjff,AI_VECTOR_CORE,22,1321,2.380,1791520731260403.682	,1791520731260406.062	
2,N/A,EVENT_RECORD,22,1322,0.020,1791520731260420.482	,1791520731260420.502	
2,N/A,PROFILING_DISABLE,20,4,0.000,1791520731263150.378	,1791520731263150.378	
2,N/A,PLACE_HOLDER_SQE,20,5,0.020,1791520731263208.058	,1791520731263208.078	
2,N/A,PLACE_HOLDER_SQE,20,6,0.000,1791520731263214.918	,1791520731263214.918	
