Device_id,Model ID,Task ID,Stream ID,Op Name,OP Type,OP State,Task Type,Task Start Time(us),Task Duration(us),Task Wait Time(us),Block Dim,Mix Block Dim,HF32 Eligible,Input Shapes,Input Data Types,Input Formats,Output Shapes,Output Data Types,Output Formats,Context ID
2,4294967295,0,25,_Z24add_rms_norm_bias_customIfEvPhS0_S0_S0_S0_mmjff,_Z24add_rms_norm_bias_customIfEvPhS0_S0_S0_S0_mmjff,dynamic,AI_VECTOR_CORE,1791520805234607.488	,12.600,0,16,0,NO,N/A,N/A,N/A,N/A,N/A,N/A,N/A
2,4294967295,1,25,_Z24add_rms_norm_bias_customIfEvPhS0_S0_S0_S0_mmjff,_Z24add_rms_norm_bias_customIfEvPhS0_S0_S0_S0_mmjff,dynamic,AI_VECTOR_CORE,1791520805235021.856	,11.904,401.650000,16,0,NO,N/A,N/A,N/A,N/A,N/A,N/A,N/A
2,4294967295,2,25,_Z24add_rms_norm_bias_customIfEvPhS0_S0_S0_S0_mmjff,_Z24add_rms_norm_bias_customIfEvPhS0_S0_S0_S0_mmjff,dynamic,AI_VECTOR_CORE,1791520805235067.060	,8.400,33.346000,16,0,NO,N/A,N/A,N/A,N/A,N/A,N/A,N/A
2,4294967295,3,25,_Z24add_rms_norm_bias_customIfEvPhS0_S0_S0_S0_mmjff,_Z24add_rms_norm_bias_customIfEvPhS0_S0_S0_S0_mmjff,dynamic,AI_VECTOR_CORE,1791520805235095.900	,5.540,20.600000,16,0,NO,N/A,N/A,N/A,N/A,N/A,N/A,N/A
2,4294967295,4,25,_Z24add_rms_norm_bias_customIfEvPhS0_S0_S0_S0_mmjff,_Z24add_rms_norm_bias_customIfEvPhS0_S0_S0_S0_mmjff,dynamic,AI_VECTOR_CORE,1791520805235128.280	,3.180,26.710000,16,0,NO,N/A,N/A,N/A,N/A,N/A,N/A,N/A
2,4294967295,5,25,_Z24add_rms_norm_bias_customIfEvPhS0_S0_S0_S0_mmjff,_Z24add_rms_norm_bias_customIfEvPhS0_S0_S0_S0_mmjff,dynamic,AI_VECTOR_CORE,1791520805235157.900	,3.100,26.570000,16,0,NO,N/A,N/A,N/A,N/A,N/A,N/A,N/A
2,4294967295,6,25,_Z24add_rms_norm_bias_customIfEvPhS0_S0_S0_S0_mmjff,_Z24add_rms_norm_bias_customIfEvPhS0_S0_S0_S0_mmjff,dynamic,AI_VECTOR_CORE,1791520805235177.920	,6.140,16.900000,16,0,NO,N/A,N/A,N/A,N/A,N/A,N/A,N/A
2,4294967295,7,25,_Z24add_rms_norm_bias_customIfEvPhS0_S0_S0_S0_mmjff,_Z24add_rms_norm_bias_customIfEvPhS0_S0_S0_S0_mmjff,dynamic,AI_VECTOR_CORE,1791520805235205.460	,3.380,21.360000,16,0,NO,N/A,N/A,N/A,N/A,N/A,N/A,N/A
2,4294967295,8,25,_Z24add_rms_norm_bias_customIfEvPhS0_S0_S0_S0_mmjff,_Z24add_rms_norm_bias_customIfEvPhS0_S0_S0_S0_mmjff,dynamic,AI_VECTOR_CORE,1791520805235233.744	,3.500,24.870000,16,0,NO,N/A,N/A,N/A,N/A,N/A,N/A,N/A
2,4294967295,9,25,_Z24add_rms_norm_bias_customIfEvPhS0_S0_S0_S0_mmjff,_Z24add_rms_norm_bias_customIfEvPhS0_S0_S0_S0_mmjff,dynamic,AI_VECTOR_CORE,1791520805235257.804	,3.520,20.500000,16,0,NO,N/A,N/A,N/A,N/A,N/A,N/A,N/A
2,4294967295,10,25,_Z24add_rms_norm_bias_customIfEvPhS0_S0_S0_S0_mmjff,_Z24add_rms_norm_bias_customIfEvPhS0_S0_S0_S0_mmjff,dynamic,AI_VECTOR_CORE,1791520805235287.484	,3.020,26.230000,16,0,NO,N/A,N/A,N/A,N/A,N/A,N/A,N/A
2,4294967295,11,25,_Z24add_rms_norm_bias_customIfEvPhS0_S0_S0_S0_mmjff,_Z24add_rms_norm_bias_customIfEvPhS0_S0_S0_S0_mmjff,dynamic,AI_VECTOR_CORE,1791520805235312.804	,3.160,22.230000,16,0,NO,N/A,N/A,N/A,N/A,N/A,N/A,N/A
2,4294967295,12,25,_Z24add_rms_norm_bias_customIfEvPhS0_S0_S0_S0_mmjff,_Z24add_rms_norm_bias_customIfEvPhS0_S0_S0_S0_mmjff,dynamic,AI_VECTOR_CORE,1791520805235339.264	,3.320,23.340000,16,0,NO,N/A,N/A,N/A,N/A,N/A,N/A,N/A
2,4294967295,13,25,_Z24add_rms_norm_bias_customIfEvPhS0_S0_S0_S0_mmjff,_Z24add_rms_norm_bias_customIfEvPhS0_S0_S0_S0_mmjff,dynamic,AI_VECTOR_CORE,1791520805235358.444	,3.640,15.930000,16,0,NO,N/A,N/A,N/A,N/A,N/A,N/A,N/A
2,4294967295,14,25,_Z24add_rms_norm_bias_customIfEvPhS0_S0_S0_S0_mmjff,_Z24add_rms_norm_bias_customIfEvPhS0_S0_S0_S0_mmjff,dynamic,AI_VECTOR_CORE,1791520805235387.484	,3.180,25.360000,16,0,NO,N/A,N/A,N/A,N/A,N/A,N/A,N/A
2,4294967295,15,25,_Z24add_rms_norm_bias_customIfEvPhS0_S0_S0_S0_mmjff,_Z24add_rms_norm_bias_customIfEvPhS0_S0_S0_S0_mmjff,dynamic,AI_VECTOR_CORE,1791520805235406.864	,3.180,16.070000,16,0,NO,N/A,N/A,N/A,N/A,N/A,N/A,N/A
2,4294967295,16,25,_Z24add_rms_norm_bias_customIfEvPhS0_S0_S0_S0_mmjff,_Z24add_rms_norm_bias_customIfEvPhS0_S0_S0_S0_mmjff,dynamic,AI_VECTOR_CORE,1791520805235436.268	,3.520,26.320000,16,0,NO,N/A,N/A,N/A,N/A,N/A,N/A,N/A
2,4294967295,17,25,_Z24add_rms_norm_bias_customIfEvPhS0_S0_S0_S0_mmjff,_Z24add_rms_norm_bias_customIfEvPhS0_S0_S0_S0_mmjff,dynamic,AI_VECTOR_CORE,1791520805235465.088	,3.540,25.230000,16,0,NO,N/A,N/A,N/A,N/A,N/A,N/A,N/A
2,4294967295,18,25,_Z24add_rms_norm_bias_customIfEvPhS0_S0_S0_S0_mmjff,_Z24add_rms_norm_bias_customIfEvPhS0_S0_S0_S0_mmjff,dynamic,AI_VECTOR_CORE,1791520805235491.928	,3.280,23.460000,16,0,NO,N/A,N/A,N/A,N/A,N/A,N/A,N/A
2,4294967295,19,25,_Z24add_rms_norm_bias_customIfEvPhS0_S0_S0_S0_mmjff,_Z24add_rms_norm_bias_customIfEvPhS0_S0_S0_S0_mmjff,dynamic,AI_VECTOR_CORE,1791520805235517.788	,4.740,22.470000,16,0,NO,N/A,N/A,N/A,N/A,N/A,N/A,N/A
2,4294967295,20,25,_Z24add_rms_norm_bias_customIfEvPhS0_S0_S0_S0_mmjff,_Z24add_rms_norm_bias_customIfEvPhS0_S0_S0_S0_mmjff,dynamic,AI_VECTOR_CORE,1791520805235548.248	,4.340,25.760000,16,0,NO,N/A,N/A,N/A,N/A,N/A,N/A,N/A
2,4294967295,21,25,_Z24add_rms_norm_bias_customIfEvPhS0_S0_S0_S0_mmjff,_Z24add_rms_norm_bias_customIfEvPhS0_S0_S0_S0_mmjff,dynamic,AI_VECTOR_CORE,1791520805235569.648	,3.600,17.160000,16,0,NO,N/A,N/A,N/A,N/A,N/A,N/A,N/A
2,4294967295,22,25,_Z24add_rms_norm_bias_customIfEvPhS0_S0_S0_S0_mmjff,_Z24add_rms_norm_bias_customIfEvPhS0_S0_S0_S0_mmjff,dynamic,AI_VECTOR_CORE,1791520805235589.668	,3.060,16.400000,16,0,NO,N/A,N/A,N/A,N/A,N/A,N/A,N/A
2,4294967295,23,25,_Z24add_rms_norm_bias_customIfEvPhS0_S0_S0_S0_mmjff,_Z24add_rms_norm_bias_customIfEvPhS0_S0_S0_S0_mmjff,dynamic,AI_VECTOR_CORE,1791520805235621.592	,3.280,28.690000,16,0,NO,N/A,N/A,N/A,N/A,N/A,N/A,N/A
2,4294967295,24,25,_Z24add_rms_norm_bias_customIfEvPhS0_S0_S0_S0_mmjff,_Z24add_rms_norm_bias_customIfEvPhS0_S0_S0_S0_mmjff,dynamic,AI_VECTOR_CORE,1791520805235647.712	,2.980,22.970000,16,0,NO,N/A,N/A,N/A,N/A,N/A,N/A,N/A
2,4294967295,25,25,_Z24add_rms_norm_bias_customIfEvPhS0_S0_S0_S0_mmjff,_Z24add_rms_norm_bias_customIfEvPhS0_S0_S0_S0_mmjff,dynamic,AI_VECTOR_CORE,1791520805235672.812	,3.100,22.020000,16,0,NO,N/A,N/A,N/A,N/A,N/A,N/A,N/A
2,4294967295,26,25,_Z24add_rms_norm_bias_customIfEvPhS0_S0_S0_S0_mmjff,_Z24add_rms_norm_bias_customIfEvPhS0_S0_S0_S0_mmjff,dynamic,AI_VECTOR_CORE,1791520805235706.872	,3.520,30.900000,16,0,NO,N/A,N/A,N/A,N/A,N/A,N/A,N/A
2,4294967295,27,25,_Z24add_rms_norm_bias_customIfEvPhS0_S0_S0_S0_mmjff,_Z24add_rms_norm_bias_customIfEvPhS0_S0_S0_S0_mmjff,dynamic,AI_VECTOR_CORE,1791520805235733.872	,3.480,23.480000,16,0,NO,N/A,N/A,N/A,N/A,N/A,N/A,N/A
2,4294967295,28,25,_Z24add_rms_norm_bias_customIfEvPhS0_S0_S0_S0_mmjff,_Z24add_rms_norm_bias_customIfEvPhS0_S0_S0_S0_mmjff,dynamic,AI_VECTOR_CORE,1791520805235765.692	,3.760,28.520000,16,0,NO,N/A,N/A,N/A,N/A,N/A,N/A,N/A
2,4294967295,29,25,_Z24add_rms_norm_bias_customIfEvPhS0_S0_S0_S0_mmjff,_Z24add_rms_norm_bias_customIfEvPhS0_S0_S0_S0_mmjff,dynamic,AI_VECTOR_CORE,1791520805235793.632	,3.640,24.240000,16,0,NO,N/A,N/A,N/A,N/A,N/A,N/A,N/A
2,4294967295,30,25,_Z24add_rms_norm_bias_customIfEvPhS0_S0_S0_S0_mmjff,_Z24add_rms_norm_bias_customIfEvPhS0_S0_S0_S0_mmjff,dynamic,AI_VECTOR_CORE,1791520805235813.692	,3.460,16.360000,16,0,NO,N/A,N/A,N/A,N/A,N/A,N/A,N/A
2,4294967295,31,25,_Z24add_rms_norm_bias_customIfEvPhS0_S0_S0_S0_mmjff,_Z24add_rms_norm_bias_customIfEvPhS0_S0_S0_S0_mmjff,dynamic,AI_VECTOR_CORE,1791520805235840.056	,3.600,22.790000,16,0,NO,N/A,N/A,N/A,N/A,N/A,N/A,N/A
2,4294967295,32,25,_Z24add_rms_norm_bias_customIfEvPhS0_S0_S0_S0_mmjff,_Z24add_rms_norm_bias_customIfEvPhS0_S0_S0_S0_mmjff,dynamic,AI_VECTOR_CORE,1791520805235869.296	,3.100,25.650000,16,0,NO,N/A,N/A,N/A,N/A,N/A,N/A,N/A
2,4294967295,33,25,_Z24add_rms_norm_bias_customIfEvPhS0_S0_S0_S0_mmjff,_Z24add_rms_norm_bias_customIfEvPhS0_S0_S0_S0_mmjff,dynamic,AI_VECTOR_CORE,1791520805235891.196	,3.300,18.900000,16,0,NO,N/A,N/A,N/A,N/A,N/A,N/A,N/A
2,4294967295,34,25,_Z24add_rms_norm_bias_customIfEvPhS0_S0_S0_S0_mmjff,_Z24add_rms_norm_bias_customIfEvPhS0_S0_S0_S0_mmjff,dynamic,AI_VECTOR_CORE,1791520805235913.436	,3.580,18.950000,16,0,NO,N/A,N/A,N/A,N/A,N/A,N/A,N/A
2,4294967295,35,25,_Z24add_rms_norm_bias_customIfEvPhS0_S0_S0_S0_mmjff,_Z24add_rms_norm_bias_customIfEvPhS0_S0_S0_S0_mmjff,dynamic,AI_VECTOR_CORE,1791520805235938.676	,3.640,21.670000,16,0,NO,N/A,N/A,N/A,N/A,N/A,N/A,N/A
2,4294967295,36,25,_Z24add_rms_norm_bias_customIfEvPhS0_S0_S0_S0_mmjff,_Z24add_rms_norm_bias_customIfEvPhS0_S0_S0_S0_mmjff,dynamic,AI_VECTOR_CORE,1791520805235960.276	,3.120,17.860000,16,0,NO,N/A,N/A,N/A,N/A,N/A,N/A,N/A
2,4294967295,37,25,_Z24add_rms_norm_bias_customIfEvPhS0_S0_S0_S0_mmjff,_Z24add_rms_norm_bias_customIfEvPhS0_S0_S0_S0_mmjff,dynamic,AI_VECTOR_CORE,1791520805235989.176	,3.600,25.880000,16,0,NO,N/A,N/A,N/A,N/A,N/A,N/A,N/A
2,4294967295,38,25,_Z24add_rms_norm_bias_customIfEvPhS0_S0_S0_S0_mmjff,_Z24add_rms_norm_bias_customIfEvPhS0_S0_S0_S0_mmjff,dynamic,AI_VECTOR_CORE,1791520805236010.476	,3.340,17.650000,16,0,NO,N/A,N/A,N/A,N/A,N/A,N/A,N/A
2,4294967295,39,25,_Z24add_rms_norm_bias_customIfEvPhS0_S0_S0_S0_mmjff,_Z24add_rms_norm_bias_customIfEvPhS0_S0_S0_S0_mmjff,dynamic,AI_VECTOR_CORE,1791520805236033.880	,3.500,20.160000,16,0,NO,N/A,N/A,N/A,N/A,N/A,N/A,N/A
2,4294967295,40,25,_Z24add_rms_norm_bias_customIfEvPhS0_S0_S0_S0_mmjff,_Z24add_rms_norm_bias_customIfEvPhS0_S0_S0_S0_mmjff,dynamic,AI_VECTOR_CORE,1791520805236057.600	,3.600,20.000000,16,0,NO,N/A,N/A,N/A,N/A,N/A,N/A,N/A
2,4294967295,41,25,_Z24add_rms_norm_bias_customIfEvPhS0_S0_S0_S0_mmjff,_Z24add_rms_norm_bias_customIfEvPhS0_S0_S0_S0_mmjff,dynamic,AI_VECTOR_CORE,1791520805236082.720	,3.720,21.650000,16,0,NO,N/A,N/A,N/A,N/A,N/A,N/A,N/A
2,4294967295,42,25,_Z24add_rms_norm_bias_customIfEvPhS0_S0_S0_S0_mmjff,_Z24add_rms_norm_bias_customIfEvPhS0_S0_S0_S0_mmjff,dynamic,AI_VECTOR_CORE,1791520805236119.460	,4.160,33.030000,16,0,NO,N/A,N/A,N/A,N/A,N/A,N/A,N/A
2,4294967295,44,25,_Z24add_rms_norm_bias_customIfEvPhS0_S0_S0_S0_mmjff,_Z24add_rms_norm_bias_customIfEvPhS0_S0_S0_S0_mmjff,dynamic,AI_VECTOR_CORE,1791520805236248.944	,3.920,125.340000,16,0,NO,N/A,N/A,N/A,N/A,N/A,N/A,N/A
2,4294967295,45,25,_Z24add_rms_norm_bias_customIfEvPhS0_S0_S0_S0_mmjff,_Z24add_rms_norm_bias_customIfEvPhS0_S0_S0_S0_mmjff,dynamic,AI_VECTOR_CORE,1791520805236317.724	,5.660,64.830000,16,0,NO,N/A,N/A,N/A,N/A,N/A,N/A,N/A
2,4294967295,47,25,_Z24add_rms_norm_bias_customIfEvPhS0_S0_S0_S0_mmjff,_Z24add_rms_norm_bias_customIfEvPhS0_S0_S0_S0_mmjff,dynamic,AI_VECTOR_CORE,1791520805236406.424	,5.720,83.090000,16,0,NO,N/A,N/A,N/A,N/A,N/A,N/A,N/A
2,4294967295,48,25,_Z24add_rms_norm_bias_customIfEvPhS0_S0_S0_S0_mmjff,_Z24add_rms_norm_bias_customIfEvPhS0_S0_S0_S0_mmjff,dynamic,AI_VECTOR_CORE,1791520805236439.608	,4.920,27.280000,16,0,NO,N/A,N/A,N/A,N/A,N/A,N/A,N/A
2,4294967295,49,25,_Z24add_rms_norm_bias_customIfEvPhS0_S0_S0_S0_mmjff,_Z24add_rms_norm_bias_customIfEvPhS0_S0_S0_S0_mmjff,dynamic,AI_VECTOR_CORE,1791520805236463.988	,5.360,19.580000,16,0,NO,N/A,N/A,N/A,N/A,N/A,N/A,N/A
2,4294967295,50,25,_Z24add_rms_norm_bias_customIfEvPhS0_S0_S0_S0_mmjff,_Z24add_rms_norm_bias_customIfEvPhS0_S0_S0_S0_mmjff,dynamic,AI_VECTOR_CORE,1791520805236504.868	,4.940,35.390000,16,0,NO,N/A,N/A,N/A,N/A,N/A,N/A,N/A
2,4294967295,52,25,_Z24add_rms_norm_bias_customIfEvPhS0_S0_S0_S0_mmjff,_Z24add_rms_norm_bias_customIfEvPhS0_S0_S0_S0_mmjff,dynamic,AI_VECTOR_CORE,1791520805236571.448	,3.900,61.810000,16,0,NO,N/A,N/A,N/A,N/A,N/A,N/A,N/A
2,4294967295,53,25,_Z24add_rms_norm_bias_customIfEvPhS0_S0_S0_S0_mmjff,_Z24add_rms_norm_bias_customIfEvPhS0_S0_S0_S0_mmjff,dynamic,AI_VECTOR_CORE,1791520805236609.048	,4.080,33.600000,16,0,NO,N/A,N/A,N/A,N/A,N/A,N/A,N/A
2,4294967295,54,25,_Z24add_rms_norm_bias_customIfEvPhS0_S0_S0_S0_mmjff,_Z24add_rms_norm_bias_customIfEvPhS0_S0_S0_S0_mmjff,dynamic,AI_VECTOR_CORE,1791520805236634.172	,4.460,21.170000,16,0,NO,N/A,N/A,N/A,N/A,N/A,N/A,N/A
2,4294967295,55,25,_Z24add_rms_norm_bias_customIfEvPhS0_S0_S0_S0_mmjff,_Z24add_rms_norm_bias_customIfEvPhS0_S0_S0_S0_mmjff,dynamic,AI_VECTOR_CORE,1791520805236661.752	,3.220,23.040000,16,0,NO,N/A,N/A,N/A,N/A,N/A,N/A,N/A
2,4294967295,56,25,_Z24add_rms_norm_bias_customIfEvPhS0_S0_S0_S0_mmjff,_Z24add_rms_norm_bias_customIfEvPhS0_S0_S0_S0_mmjff,dynamic,AI_VECTOR_CORE,1791520805236689.872	,4.040,24.780000,16,0,NO,N/A,N/A,N/A,N/A,N/A,N/A,N/A
2,4294967295,57,25,_Z24add_rms_norm_bias_customIfEvPhS0_S0_S0_S0_mmjff,_Z24add_rms_norm_bias_customIfEvPhS0_S0_S0_S0_mmjff,dynamic,AI_VECTOR_CORE,1791520805236718.592	,3.180,24.710000,16,0,NO,N/A,N/A,N/A,N/A,N/A,N/A,N/A
2,4294967295,58,25,_Z24add_rms_norm_bias_customIfEvPhS0_S0_S0_S0_mmjff,_Z24add_rms_norm_bias_customIfEvPhS0_S0_S0_S0_mmjff,dynamic,AI_VECTOR_CORE,1791520805236746.872	,3.240,25.070000,16,0,NO,N/A,N/A,N/A,N/A,N/A,N/A,N/A
2,4294967295,59,25,_Z24add_rms_norm_bias_customIfEvPhS0_S0_S0_S0_mmjff,_Z24add_rms_norm_bias_customIfEvPhS0_S0_S0_S0_mmjff,dynamic,AI_VECTOR_CORE,1791520805236774.972	,3.200,25.010000,16,0,NO,N/A,N/A,N/A,N/A,N/A,N/A,N/A
2,4294967295,60,25,_Z24add_rms_norm_bias_customIfEvPhS0_S0_S0_S0_mmjff,_Z24add_rms_norm_bias_customIfEvPhS0_S0_S0_S0_mmjff,dynamic,AI_VECTOR_CORE,1791520805236802.572	,4.280,24.300000,16,0,NO,N/A,N/A,N/A,N/A,N/A,N/A,N/A
2,4294967295,61,25,_Z24add_rms_norm_bias_customIfEvPhS0_S0_S0_S0_mmjff,_Z24add_rms_norm_bias_customIfEvPhS0_S0_S0_S0_mmjff,dynamic,AI_VECTOR_CORE,1791520805236834.796	,4.460,27.970000,16,0,NO,N/A,N/A,N/A,N/A,N/A,N/A,N/A
2,4294967295,63,25,_Z24add_rms_norm_bias_customIfEvPhS0_S0_S0_S0_mmjff,_Z24add_rms_norm_bias_customIfEvPhS0_S0_S0_S0_mmjff,dynamic,AI_VECTOR_CORE,1791520805236922.816	,4.540,83.540000,16,0,NO,N/A,N/A,N/A,N/A,N/A,N/A,N/A
2,4294967295,65,25,_Z24add_rms_norm_bias_customIfEvPhS0_S0_S0_S0_mmjff,_Z24add_rms_norm_bias_customIfEvPhS0_S0_S0_S0_mmjff,dynamic,AI_VECTOR_CORE,1791520805236997.776	,5.060,70.460000,16,0,NO,N/A,N/A,N/A,N/A,N/A,N/A,N/A
2,4294967295,68,25,_Z24add_rms_norm_bias_customIfEvPhS0_S0_S0_S0_mmjff,_Z24add_rms_norm_bias_customIfEvPhS0_S0_S0_S0_mmjff,dynamic,AI_VECTOR_CORE,1791520805237116.380	,4.580,113.690000,16,0,NO,N/A,N/A,N/A,N/A,N/A,N/A,N/A
2,4294967295,71,25,_Z24add_rms_norm_bias_customIfEvPhS0_S0_S0_S0_mmjff,_Z24add_rms_norm_bias_customIfEvPhS0_S0_S0_S0_mmjff,dynamic,AI_VECTOR_CORE,1791520805237207.000	,3.540,85.920000,16,0,NO,N/A,N/A,N/A,N/A,N/A,N/A,N/A
2,4294967295,74,25,_Z24add_rms_norm_bias_customIfEvPhS0_S0_S0_S0_mmjff,_Z24add_rms_norm_bias_customIfEvPhS0_S0_S0_S0_mmjff,dynamic,AI_VECTOR_CORE,1791520805237303.284	,4.300,92.710000,16,0,NO,N/A,N/A,N/A,N/A,N/A,N/A,N/A
2,4294967295,77,25,_Z24add_rms_norm_bias_customIfEvPhS0_S0_S0_S0_mmjff,_Z24add_rms_norm_bias_customIfEvPhS0_S0_S0_S0_mmjff,dynamic,AI_VECTOR_CORE,1791520805237398.844	,4.220,91.200000,16,0,NO,N/A,N/A,N/A,N/A,N/A,N/A,N/A
2,4294967295,80,25,_Z24add_rms_norm_bias_customIfEvPhS0_S0_S0_S0_mmjff,_Z24add_rms_norm_bias_customIfEvPhS0_S0_S0_S0_mmjff,dynamic,AI_VECTOR_CORE,1791520805237487.468	,4.600,84.530000,16,0,NO,N/A,N/A,N/A,N/A,N/A,N/A,N/A
2,4294967295,83,25,_Z24add_rms_norm_bias_customIfEvPhS0_S0_S0_S0_mmjff,_Z24add_rms_norm_bias_customIfEvPhS0_S0_S0_S0_mmjff,dynamic,AI_VECTOR_CORE,1791520805237579.028	,4.000,86.900000,16,0,NO,N/A,N/A,N/A,N/A,N/A,N/A,N/A
2,4294967295,86,25,_Z24add_rms_norm_bias_customIfEvPhS0_S0_S0_S0_mmjff,_Z24add_rms_norm_bias_customIfEvPhS0_S0_S0_S0_mmjff,dynamic,AI_VECTOR_CORE,1791520805237654.112	,4.060,71.000000,16,0,NO,N/A,N/A,N/A,N/A,N/A,N/A,N/A
2,4294967295,89,25,_Z24add_rms_norm_bias_customIfEvPhS0_S0_S0_S0_mmjff,_Z24add_rms_norm_bias_customIfEvPhS0_S0_S0_S0_mmjff,dynamic,AI_VECTOR_CORE,1791520805237740.052	,4.120,81.940000,16,0,NO,N/A,N/A,N/A,N/A,N/A,N/A,N/A
2,4294967295,92,25,_Z24add_rms_norm_bias_customIfEvPhS0_S0_S0_S0_mmjff,_Z24add_rms_norm_bias_customIfEvPhS0_S0_S0_S0_mmjff,dynamic,AI_VECTOR_CORE,1791520805237820.052	,4.580,75.880000,16,0,NO,N/A,N/A,N/A,N/A,N/A,N/A,N/A
2,4294967295,95,25,_Z24add_rms_norm_bias_customIfEvPhS0_S0_S0_S0_mmjff,_Z24add_rms_norm_bias_customIfEvPhS0_S0_S0_S0_mmjff,dynamic,AI_VECTOR_CORE,1791520805237902.436	,4.600,77.920000,16,0,NO,N/A,N/A,N/A,N/A,N/A,N/A,N/A
2,4294967295,98,25,_Z24add_rms_norm_bias_customIfEvPhS0_S0_S0_S0_mmjff,_Z24add_rms_norm_bias_customIfEvPhS0_S0_S0_S0_mmjff,dynamic,AI_VECTOR_CORE,1791520805237995.536	,4.340,88.400000,16,0,NO,N/A,N/A,N/A,N/A,N/A,N/A,N/A
2,4294967295,101,25,_Z24add_rms_norm_bias_customIfEvPhS0_S0_S0_S0_mmjff,_Z24add_rms_norm_bias_customIfEvPhS0_S0_S0_S0_mmjff,dynamic,AI_VECTOR_CORE,1791520805238068.240	,4.340,68.410000,16,0,NO,N/A,N/A,N/A,N/A,N/A,N/A,N/A
2,4294967295,104,25,_Z24add_rms_norm_bias_customIfEvPhS0_S0_S0_S0_mmjff,_Z24add_rms_norm_bias_customIfEvPhS0_S0_S0_S0_mmjff,dynamic,AI_VECTOR_CORE,1791520805238159.240	,14.940,86.660000,16,0,NO,N/A,N/A,N/A,N/A,N/A,N/A,N/A
2,4294967295,107,25,_Z24add_rms_norm_bias_customIfEvPhS0_S0_S0_S0_mmjff,_Z24add_rms_norm_bias_customIfEvPhS0_S0_S0_S0_mmjff,dynamic,AI_VECTOR_CORE,1791520805238255.864	,4.000,81.560000,16,0,NO,N/A,N/A,N/A,N/A,N/A,N/A,N/A
2,4294967295,110,25,_Z24add_rms_norm_bias_customIfEvPhS0_S0_S0_S0_mmjff,_Z24add_rms_norm_bias_customIfEvPhS0_S0_S0_S0_mmjff,dynamic,AI_VECTOR_CORE,1791520805238335.244	,4.500,75.500000,16,0,NO,N/A,N/A,N/A,N/A,N/A,N/A,N/A
2,4294967295,113,25,_Z24add_rms_norm_bias_customIfEvPhS0_S0_S0_S0_mmjff,_Z24add_rms_norm_bias_customIfEvPhS0_S0_S0_S0_mmjff,dynamic,AI_VECTOR_CORE,1791520805238410.204	,3.520,70.500000,16,0,NO,N/A,N/A,N/A,N/A,N/A,N/A,N/A
2,4294967295,116,25,_Z24add_rms_norm_bias_customIfEvPhS0_S0_S0_S0_mmjff,_Z24add_rms_norm_bias_customIfEvPhS0_S0_S0_S0_mmjff,dynamic,AI_VECTOR_CORE,1791520805238505.408	,4.680,91.730000,16,0,NO,N/A,N/A,N/A,N/A,N/A,N/A,N/A
2,4294967295,119,25,_Z24add_rms_norm_bias_customIfEvPhS0_S0_S0_S0_mmjff,_Z24add_rms_norm_bias_customIfEvPhS0_S0_S0_S0_mmjff,dynamic,AI_VECTOR_CORE,1791520805238587.928	,4.580,77.820000,16,0,NO,N/A,N/A,N/A,N/A,N/A,N/A,N/A
2,4294967295,122,25,_Z24add_rms_norm_bias_customIfEvPhS0_S0_S0_S0_mmjff,_Z24add_rms_norm_bias_customIfEvPhS0_S0_S0_S0_mmjff,dynamic,AI_VECTOR_CORE,1791520805238666.832	,3.140,74.170000,16,0,NO,N/A,N/A,N/A,N/A,N/A,N/A,N/A
2,4294967295,125,25,_Z24add_rms_norm_bias_customIfEvPhS0_S0_S0_S0_mmjff,_Z24add_rms_norm_bias_customIfEvPhS0_S0_S0_S0_mmjff,dynamic,AI_VECTOR_CORE,1791520805238749.432	,4.260,79.610000,16,0,NO,N/A,N/A,N/A,N/A,N/A,N/A,N/A
2,4294967295,128,25,_Z24add_rms_norm_bias_customIfEvPhS0_S0_S0_S0_mmjff,_Z24add_rms_norm_bias_customIfEvPhS0_S0_S0_S0_mmjff,dynamic,AI_VECTOR_CORE,1791520805238828.256	,3.560,74.490000,16,0,NO,N/A,N/A,N/A,N/A,N/A,N/A,N/A
2,4294967295,131,25,_Z24add_rms_norm_bias_customIfEvPhS0_S0_S0_S0_mmjff,_Z24add_rms_norm_bias_customIfEvPhS0_S0_S0_S0_mmjff,dynamic,AI_VECTOR_CORE,1791520805238909.616	,4.340,77.690000,16,0,NO,N/A,N/A,N/A,N/A,N/A,N/A,N/A
2,4294967295,134,25,_Z24add_rms_norm_bias_customIfEvPhS0_S0_S0_S0_mmjff,_Z24add_rms_norm_bias_customIfEvPhS0_S0_S0_S0_mmjff,dynamic,AI_VECTOR_CORE,1791520805238992.256	,3.460,78.410000,16,0,NO,N/A,N/A,N/A,N/A,N/A,N/A,N/A
2,4294967295,137,25,_Z24add_rms_norm_bias_customIfEvPhS0_S0_S0_S0_mmjff,_Z24add_rms_norm_bias_customIfEvPhS0_S0_S0_S0_mmjff,dynamic,AI_VECTOR_CORE,1791520805239076.620	,3.800,80.790000,16,0,NO,N/A,N/A,N/A,N/A,N/A,N/A,N/A
2,4294967295,140,25,_Z24add_rms_norm_bias_customIfEvPhS0_S0_S0_S0_mmjff,_Z24add_rms_norm_bias_customIfEvPhS0_S0_S0_S0_mmjff,dynamic,AI_VECTOR_CORE,1791520805239163.420	,3.480,83.200000,16,0,NO,N/A,N/A,N/A,N/A,N/A,N/A,N/A
2,4294967295,143,25,_Z24add_rms_norm_bias_customIfEvPhS0_S0_S0_S0_mmjff,_Z24add_rms_norm_bias_customIfEvPhS0_S0_S0_S0_mmjff,dynamic,AI_VECTOR_CORE,1791520805239253.944	,3.540,87.020000,16,0,NO,N/A,N/A,N/A,N/A,N/A,N/A,N/A
2,4294967295,146,25,_Z24add_rms_norm_bias_customIfEvPhS0_S0_S0_S0_mmjff,_Z24add_rms_norm_bias_customIfEvPhS0_S0_S0_S0_mmjff,dynamic,AI_VECTOR_CORE,1791520805239340.084	,4.580,82.460000,16,0,NO,N/A,N/A,N/A,N/A,N/A,N/A,N/A
2,4294967295,149,25,_Z24add_rms_norm_bias_customIfEvPhS0_S0_S0_S0_mmjff,_Z24add_rms_norm_bias_customIfEvPhS0_S0_S0_S0_mmjff,dynamic,AI_VECTOR_CORE,1791520805239424.444	,4.300,79.920000,16,0,NO,N/A,N/A,N/A,N/A,N/A,N/A,N/A
2,4294967295,152,25,_Z24add_rms_norm_bias_customIfEvPhS0_S0_S0_S0_mmjff,_Z24add_rms_norm_bias_customIfEvPhS0_S0_S0_S0_mmjff,dynamic,AI_VECTOR_CORE,1791520805239507.748	,4.040,78.950000,16,0,NO,N/A,N/A,N/A,N/A,N/A,N/A,N/A
2,4294967295,155,25,_Z24add_rms_norm_bias_customIfEvPhS0_S0_S0_S0_mmjff,_Z24add_rms_norm_bias_customIfEvPhS0_S0_S0_S0_mmjff,dynamic,AI_VECTOR_CORE,1791520805239586.468	,4.660,74.710000,16,0,NO,N/A,N/A,N/A,N/A,N/A,N/A,N/A
2,4294967295,158,25,_Z24add_rms_norm_bias_customIfEvPhS0_S0_S0_S0_mmjff,_Z24add_rms_norm_bias_customIfEvPhS0_S0_S0_S0_mmjff,dynamic,AI_VECTOR_CORE,1791520805239668.872	,3.440,77.590000,16,0,NO,N/A,N/A,N/A,N/A,N/A,N/A,N/A
2,4294967295,161,25,_Z24add_rms_norm_bias_customIfEvPhS0_S0_S0_S0_mmjff,_Z24add_rms_norm_bias_customIfEvPhS0_S0_S0_S0_mmjff,dynamic,AI_VECTOR_CORE,1791520805240195.240	,3.520,523.060000,16,0,NO,N/A,N/A,N/A,N/A,N/A,N/A,N/A
2,4294967295,164,25,_Z24add_rms_norm_bias_customIfEvPhS0_S0_S0_S0_mmjff,_Z24add_rms_norm_bias_customIfEvPhS0_S0_S0_S0_mmjff,dynamic,AI_VECTOR_CORE,1791520805240338.844	,4.700,139.980000,16,0,NO,N/A,N/A,N/A,N/A,N/A,N/A,N/A
2,4294967295,167,25,_Z24add_rms_norm_bias_customIfEvPhS0_S0_S0_S0_mmjff,_Z24add_rms_norm_bias_customIfEvPhS0_S0_S0_S0_mmjff,dynamic,AI_VECTOR_CORE,1791520805240441.848	,4.920,98.300000,16,0,NO,N/A,N/A,N/A,N/A,N/A,N/A,N/A
2,4294967295,170,25,_Z24add_rms_norm_bias_customIfEvPhS0_S0_S0_S0_mmjff,_Z24add_rms_norm_bias_customIfEvPhS0_S0_S0_S0_mmjff,dynamic,AI_VECTOR_CORE,1791520805240546.028	,4.260,99.330000,16,0,NO,N/A,N/A,N/A,N/A,N/A,N/A,N/A
2,4294967295,173,25,_Z24add_rms_norm_bias_customIfEvPhS0_S0_S0_S0_mmjff,_Z24add_rms_norm_bias_customIfEvPhS0_S0_S0_S0_mmjff,dynamic,AI_VECTOR_CORE,1791520805240651.392	,4.300,101.240000,16,0,NO,N/A,N/A,N/A,N/A,N/A,N/A,N/A
2,4294967295,176,25,_Z24add_rms_norm_bias_customIfEvPhS0_S0_S0_S0_mmjff,_Z24add_rms_norm_bias_customIfEvPhS0_S0_S0_S0_mmjff,dynamic,AI_VECTOR_CORE,1791520805240754.712	,4.540,98.950000,16,0,NO,N/A,N/A,N/A,N/A,N/A,N/A,N/A
2,4294967295,179,25,_Z24add_rms_norm_bias_customIfEvPhS0_S0_S0_S0_mmjff,_Z24add_rms_norm_bias_customIfEvPhS0_S0_S0_S0_mmjff,dynamic,AI_VECTOR_CORE,1791520805240856.496	,4.460,97.210000,16,0,NO,N/A,N/A,N/A,N/A,N/A,N/A,N/A
2,4294967295,182,25,_Z24add_rms_norm_bias_customIfEvPhS0_S0_S0_S0_mmjff,_Z24add_rms_norm_bias_customIfEvPhS0_S0_S0_S0_mmjff,dynamic,AI_VECTOR_CORE,1791520805240952.916	,3.400,92.040000,16,0,NO,N/A,N/A,N/A,N/A,N/A,N/A,N/A
2,4294967295,185,25,_Z24add_rms_norm_bias_customIfEvPhS0_S0_S0_S0_mmjff,_Z24add_rms_norm_bias_customIfEvPhS0_S0_S0_S0_mmjff,dynamic,AI_VECTOR_CORE,1791520805241053.980	,4.100,97.600000,16,0,NO,N/A,N/A,N/A,N/A,N/A,N/A,N/A
2,4294967295,188,25,_Z24add_rms_norm_bias_customIfEvPhS0_S0_S0_S0_mmjff,_Z24add_rms_norm_bias_customIfEvPhS0_S0_S0_S0_mmjff,dynamic,AI_VECTOR_CORE,1791520805241157.840	,3.420,99.650000,16,0,NO,N/A,N/A,N/A,N/A,N/A,N/A,N/A
2,4294967295,191,25,_Z24add_rms_norm_bias_customIfEvPhS0_S0_S0_S0_mmjff,_Z24add_rms_norm_bias_customIfEvPhS0_S0_S0_S0_mmjff,dynamic,AI_VECTOR_CORE,1791520805241260.844	,4.380,99.580000,16,0,NO,N/A,N/A,N/A,N/A,N/A,N/A,N/A
2,4294967295,194,25,_Z24add_rms_norm_bias_customIfEvPhS0_S0_S0_S0_mmjff,_Z24add_rms_norm_bias_customIfEvPhS0_S0_S0_S0_mmjff,dynamic,AI_VECTOR_CORE,1791520805241363.464	,3.380,98.370000,16,0,NO,N/A,N/A,N/A,N/A,N/A,N/A,N/A
2,4294967295,197,25,_Z24add_rms_norm_bias_customIfEvPhS0_S0_S0_S0_mmjff,_Z24add_rms_norm_bias_customIfEvPhS0_S0_S0_S0_mmjff,dynamic,AI_VECTOR_CORE,1791520805241458.888	,4.420,92.120000,16,0,NO,N/A,N/A,N/A,N/A,N/A,N/A,N/A
2,4294967295,200,25,_Z24add_rms_norm_bias_customIfEvPhS0_S0_S0_S0_mmjff,_Z24add_rms_norm_bias_customIfEvPhS0_S0_S0_S0_mmjff,dynamic,AI_VECTOR_CORE,1791520805241568.908	,4.600,105.580000,16,0,NO,N/A,N/A,N/A,N/A,N/A,N/A,N/A
2,4294967295,203,25,_Z24add_rms_norm_bias_customIfEvPhS0_S0_S0_S0_mmjff,_Z24add_rms_norm_bias_customIfEvPhS0_S0_S0_S0_mmjff,dynamic,AI_VECTOR_CORE,1791520805241668.252	,4.760,94.650000,16,0,NO,N/A,N/A,N/A,N/A,N/A,N/A,N/A
2,4294967295,206,25,_Z24add_rms_norm_bias_customIfEvPhS0_S0_S0_S0_mmjff,_Z24add_rms_norm_bias_customIfEvPhS0_S0_S0_S0_mmjff,dynamic,AI_VECTOR_CORE,1791520805241772.812	,3.240,99.740000,16,0,NO,N/A,N/A,N/A,N/A,N/A,N/A,N/A
2,4294967295,209,25,_Z24add_rms_norm_bias_customIfEvPhS0_S0_S0_S0_mmjff,_Z24add_rms_norm_bias_customIfEvPhS0_S0_S0_S0_mmjff,dynamic,AI_VECTOR_CORE,1791520805241893.576	,4.400,117.510000,16,0,NO,N/A,N/A,N/A,N/A,N/A,N/A,N/A
2,4294967295,212,25,_Z24add_rms_norm_bias_customIfEvPhS0_S0_S0_S0_mmjff,_Z24add_rms_norm_bias_customIfEvPhS0_S0_S0_S0_mmjff,dynamic,AI_VECTOR_CORE,1791520805241983.616	,4.660,85.600000,16,0,NO,N/A,N/A,N/A,N/A,N/A,N/A,N/A
2,4294967295,215,25,_Z24add_rms_norm_bias_customIfEvPhS0_S0_S0_S0_mmjff,_Z24add_rms_norm_bias_customIfEvPhS0_S0_S0_S0_mmjff,dynamic,AI_VECTOR_CORE,1791520805242108.500	,4.600,120.340000,16,0,NO,N/A,N/A,N/A,N/A,N/A,N/A,N/A
2,4294967295,218,25,_Z24add_rms_norm_bias_customIfEvPhS0_S0_S0_S0_mmjff,_Z24add_rms_norm_bias_customIfEvPhS0_S0_S0_S0_mmjff,dynamic,AI_VECTOR_CORE,1791520805242212.980	,3.420,99.900000,16,0,NO,N/A,N/A,N/A,N/A,N/A,N/A,N/A
2,4294967295,221,25,_Z24add_rms_norm_bias_customIfEvPhS0_S0_S0_S0_mmjff,_Z24add_rms_norm_bias_customIfEvPhS0_S0_S0_S0_mmjff,dynamic,AI_VECTOR_CORE,1791520805242315.344	,4.860,98.830000,16,0,NO,N/A,N/A,N/A,N/A,N/A,N/A,N/A
2,4294967295,224,25,_Z24add_rms_norm_bias_customIfEvPhS0_S0_S0_S0_mmjff,_Z24add_rms_norm_bias_customIfEvPhS0_S0_S0_S0_mmjff,dynamic,AI_VECTOR_CORE,1791520805242440.428	,4.480,120.390000,16,0,NO,N/A,N/A,N/A,N/A,N/A,N/A,N/A
2,4294967295,227,25,_Z24add_rms_norm_bias_customIfEvPhS0_S0_S0_S0_mmjff,_Z24add_rms_norm_bias_customIfEvPhS0_S0_S0_S0_mmjff,dynamic,AI_VECTOR_CORE,1791520805242547.728	,4.560,102.770000,16,0,NO,N/A,N/A,N/A,N/A,N/A,N/A,N/A
2,4294967295,230,25,_Z24add_rms_norm_bias_customIfEvPhS0_S0_S0_S0_mmjff,_Z24add_rms_norm_bias_customIfEvPhS0_S0_S0_S0_mmjff,dynamic,AI_VECTOR_CORE,1791520805242658.912	,5.460,106.690000,16,0,NO,N/A,N/A,N/A,N/A,N/A,N/A,N/A
2,4294967295,233,25,_Z24add_rms_norm_bias_customIfEvPhS0_S0_S0_S0_mmjff,_Z24add_rms_norm_bias_customIfEvPhS0_S0_S0_S0_mmjff,dynamic,AI_VECTOR_CORE,1791520805242736.652	,5.320,72.290000,16,0,NO,N/A,N/A,N/A,N/A,N/A,N/A,N/A
2,4294967295,236,25,_Z24add_rms_norm_bias_customIfEvPhS0_S0_S0_S0_mmjff,_Z24add_rms_norm_bias_customIfEvPhS0_S0_S0_S0_mmjff,dynamic,AI_VECTOR_CORE,1791520805242830.856	,6.700,88.680000,16,0,NO,N/A,N/A,N/A,N/A,N/A,N/A,N/A
2,4294967295,239,25,_Z24add_rms_norm_bias_customIfEvPhS0_S0_S0_S0_mmjff,_Z24add_rms_norm_bias_customIfEvPhS0_S0_S0_S0_mmjff,dynamic,AI_VECTOR_CORE,1791520805242925.176	,4.880,87.800000,16,0,NO,N/A,N/A,N/A,N/A,N/A,N/A,N/A
2,4294967295,242,25,_Z24add_rms_norm_bias_customIfEvPhS0_S0_S0_S0_mmjff,_Z24add_rms_norm_bias_customIfEvPhS0_S0_S0_S0_mmjff,dynamic,AI_VECTOR_CORE,1791520805243026.416	,4.184,96.370000,16,0,NO,N/A,N/A,N/A,N/A,N/A,N/A,N/A
2,4294967295,245,25,_Z24add_rms_norm_bias_customIfEvPhS0_S0_S0_S0_mmjff,_Z24add_rms_norm_bias_customIfEvPhS0_S0_S0_S0_mmjff,dynamic,AI_VECTOR_CORE,1791520805243147.060	,4.780,116.316000,16,0,NO,N/A,N/A,N/A,N/A,N/A,N/A,N/A
2,4294967295,248,25,_Z24add_rms_norm_bias_customIfEvPhS0_S0_S0_S0_mmjff,_Z24add_rms_norm_bias_customIfEvPhS0_S0_S0_S0_mmjff,dynamic,AI_VECTOR_CORE,1791520805243249.364	,4.460,97.470000,16,0,NO,N/A,N/A,N/A,N/A,N/A,N/A,N/A
2,4294967295,251,25,_Z24add_rms_norm_bias_customIfEvPhS0_S0_S0_S0_mmjff,_Z24add_rms_norm_bias_customIfEvPhS0_S0_S0_S0_mmjff,dynamic,AI_VECTOR_CORE,1791520805243349.424	,4.500,95.790000,16,0,NO,N/A,N/A,N/A,N/A,N/A,N/A,N/A
2,4294967295,254,25,_Z24add_rms_norm_bias_customIfEvPhS0_S0_S0_S0_mmjff,_Z24add_rms_norm_bias_customIfEvPhS0_S0_S0_S0_mmjff,dynamic,AI_VECTOR_CORE,1791520805243453.248	,3.480,99.250000,16,0,NO,N/A,N/A,N/A,N/A,N/A,N/A,N/A
2,4294967295,257,25,_Z24add_rms_norm_bias_customIfEvPhS0_S0_S0_S0_mmjff,_Z24add_rms_norm_bias_customIfEvPhS0_S0_S0_S0_mmjff,dynamic,AI_VECTOR_CORE,1791520805243555.328	,4.360,98.520000,16,0,NO,N/A,N/A,N/A,N/A,N/A,N/A,N/A
2,4294967295,260,25,_Z24add_rms_norm_bias_customIfEvPhS0_S0_S0_S0_mmjff,_Z24add_rms_norm_bias_customIfEvPhS0_S0_S0_S0_mmjff,dynamic,AI_VECTOR_CORE,1791520805243660.252	,4.520,100.640000,16,0,NO,N/A,N/A,N/A,N/A,N/A,N/A,N/A
2,4294967295,263,25,_Z24add_rms_norm_bias_customIfEvPhS0_S0_S0_S0_mmjff,_Z24add_rms_norm_bias_customIfEvPhS0_S0_S0_S0_mmjff,dynamic,AI_VECTOR_CORE,1791520805261096.040	,4.940,17431.230000,16,0,NO,N/A,N/A,N/A,N/A,N/A,N/A,N/A
2,4294967295,266,25,_Z24add_rms_norm_bias_customIfEvPhS0_S0_S0_S0_mmjff,_Z24add_rms_norm_bias_customIfEvPhS0_S0_S0_S0_mmjff,dynamic,AI_VECTOR_CORE,1791520805261315.584	,4.380,214.560000,16,0,NO,N/A,N/A,N/A,N/A,N/A,N/A,N/A
2,4294967295,269,25,_Z24add_rms_norm_bias_customIfEvPhS0_S0_S0_S0_mmjff,_Z24add_rms_norm_bias_customIfEvPhS0_S0_S0_S0_mmjff,dynamic,AI_VECTOR_CORE,1791520805261433.844	,4.500,113.870000,16,0,NO,N/A,N/A,N/A,N/A,N/A,N/A,N/A
2,4294967295,272,25,_Z24add_rms_norm_bias_customIfEvPhS0_S0_S0_S0_mmjff,_Z24add_rms_norm_bias_customIfEvPhS0_S0_S0_S0_mmjff,dynamic,AI_VECTOR_CORE,1791520805261547.808	,3.320,109.500000,16,0,NO,N/A,N/A,N/A,N/A,N/A,N/A,N/A
2,4294967295,275,25,_Z24add_rms_norm_bias_customIfEvPhS0_S0_S0_S0_mmjff,_Z24add_rms_norm_bias_customIfEvPhS0_S0_S0_S0_mmjff,dynamic,AI_VECTOR_CORE,1791520805261634.608	,3.420,83.430000,16,0,NO,N/A,N/A,N/A,N/A,N/A,N/A,N/A
2,4294967295,278,25,_Z24add_rms_norm_bias_customIfEvPhS0_S0_S0_S0_mmjff,_Z24add_rms_norm_bias_customIfEvPhS0_S0_S0_S0_mmjff,dynamic,AI_VECTOR_CORE,1791520805261735.112	,4.400,97.080000,16,0,NO,N/A,N/A,N/A,N/A,N/A,N/A,N/A
2,4294967295,281,25,_Z24add_rms_norm_bias_customIfEvPhS0_S0_S0_S0_mmjff,_Z24add_rms_norm_bias_customIfEvPhS0_S0_S0_S0_mmjff,dynamic,AI_VECTOR_CORE,1791520805261831.932	,4.280,92.600000,16,0,NO,N/A,N/A,N/A,N/A,N/A,N/A,N/A
2,4294967295,284,25,_Z24add_rms_norm_bias_customIfEvPhS0_S0_S0_S0_mmjff,_Z24add_rms_norm_bias_customIfEvPhS0_S0_S0_S0_mmjff,dynamic,AI_VECTOR_CORE,1791520805261939.756	,3.480,103.470000,16,0,NO,N/A,N/A,N/A,N/A,N/A,N/A,N/A
2,4294967295,287,25,_Z24add_rms_norm_bias_customIfEvPhS0_S0_S0_S0_mmjff,_Z24add_rms_norm_bias_customIfEvPhS0_S0_S0_S0_mmjff,dynamic,AI_VECTOR_CORE,1791520805262015.716	,4.460,72.520000,16,0,NO,N/A,N/A,N/A,N/A,N/A,N/A,N/A
2,4294967295,290,25,_Z24add_rms_norm_bias_customIfEvPhS0_S0_S0_S0_mmjff,_Z24add_rms_norm_bias_customIfEvPhS0_S0_S0_S0_mmjff,dynamic,AI_VECTOR_CORE,1791520805262123.760	,5.000,103.540000,16,0,NO,N/A,N/A,N/A,N/A,N/A,N/A,N/A
2,4294967295,293,25,_Z24add_rms_norm_bias_customIfEvPhS0_S0_S0_S0_mmjff,_Z24add_rms_norm_bias_customIfEvPhS0_S0_S0_S0_mmjff,dynamic,AI_VECTOR_CORE,1791520805262234.460	,4.980,105.750000,16,0,NO,N/A,N/A,N/A,N/A,N/A,N/A,N/A
2,4294967295,296,25,_Z24add_rms_norm_bias_customIfEvPhS0_S0_S0_S0_mmjff,_Z24add_rms_norm_bias_customIfEvPhS0_S0_S0_S0_mmjff,dynamic,AI_VECTOR_CORE,1791520805262334.844	,5.100,95.270000,16,0,NO,N/A,N/A,N/A,N/A,N/A,N/A,N/A
2,4294967295,299,25,_Z24add_rms_norm_bias_customIfEvPhS0_S0_S0_S0_mmjff,_Z24add_rms_norm_bias_customIfEvPhS0_S0_S0_S0_mmjff,dynamic,AI_VECTOR_CORE,1791520805262434.524	,4.420,94.650000,16,0,NO,N/A,N/A,N/A,N/A,N/A,N/A,N/A
2,4294967295,302,25,_Z24add_rms_norm_bias_customIfEvPhS0_S0_S0_S0_mmjff,_Z24add_rms_norm_bias_customIfEvPhS0_S0_S0_S0_mmjff,dynamic,AI_VECTOR_CORE,1791520805262558.428	,4.280,119.580000,16,0,NO,N/A,N/A,N/A,N/A,N/A,N/A,N/A
2,4294967295,305,25,_Z24add_rms_norm_bias_customIfEvPhS0_S0_S0_S0_mmjff,_Z24add_rms_norm_bias_customIfEvPhS0_S0_S0_S0_mmjff,dynamic,AI_VECTOR_CORE,1791520805262668.892	,4.560,106.220000,16,0,NO,N/A,N/A,N/A,N/A,N/A,N/A,N/A
2,4294967295,308,25,_Z24add_rms_norm_bias_customIfEvPhS0_S0_S0_S0_mmjff,_Z24add_rms_norm_bias_customIfEvPhS0_S0_S0_S0_mmjff,dynamic,AI_VECTOR_CORE,1791520805262761.512	,5.100,87.940000,16,0,NO,N/A,N/A,N/A,N/A,N/A,N/A,N/A
2,4294967295,311,25,_Z24add_rms_norm_bias_customIfEvPhS0_S0_S0_S0_mmjff,_Z24add_rms_norm_bias_customIfEvPhS0_S0_S0_S0_mmjff,dynamic,AI_VECTOR_CORE,1791520805262853.296	,4.620,86.650000,16,0,NO,N/A,N/A,N/A,N/A,N/A,N/A,N/A
2,4294967295,314,25,_Z24add_rms_norm_bias_customIfEvPhS0_S0_S0_S0_mmjff,_Z24add_rms_norm_bias_customIfEvPhS0_S0_S0_S0_mmjff,dynamic,AI_VECTOR_CORE,1791520805262949.336	,4.300,91.380000,16,0,NO,N/A,N/A,N/A,N/A,N/A,N/A,N/A
2,4294967295,317,25,_Z24add_rms_norm_bias_customIfEvPhS0_S0_S0_S0_mmjff,_Z24add_rms_norm_bias_customIfEvPhS0_S0_S0_S0_mmjff,dynamic,AI_VECTOR_CORE,1791520805263060.160	,4.340,106.700000,16,0,NO,N/A,N/A,N/A,N/A,N/A,N/A,N/A
2,4294967295,320,25,_Z24add_rms_norm_bias_customIfEvPhS0_S0_S0_S0_mmjff,_Z24add_rms_norm_bias_customIfEvPhS0_S0_S0_S0_mmjff,dynamic,AI_VECTOR_CORE,1791520805263168.200	,4.500,103.660000,16,0,NO,N/A,N/A,N/A,N/A,N/A,N/A,N/A
2,4294967295,323,25,_Z24add_rms_norm_bias_customIfEvPhS0_S0_S0_S0_mmjff,_Z24add_rms_norm_bias_customIfEvPhS0_S0_S0_S0_mmjff,dynamic,AI_VECTOR_CORE,1791520805263270.504	,4.520,97.750000,16,0,NO,N/A,N/A,N/A,N/A,N/A,N/A,N/A
2,4294967295,326,25,_Z24add_rms_norm_bias_customIfEvPhS0_S0_S0_S0_mmjff,_Z24add_rms_norm_bias_customIfEvPhS0_S0_S0_S0_mmjff,dynamic,AI_VECTOR_CORE,1791520805263384.004	,4.480,108.980000,16,0,NO,N/A,N/A,N/A,N/A,N/A,N/A,N/A
2,4294967295,329,25,_Z24add_rms_norm_bias_customIfEvPhS0_S0_S0_S0_mmjff,_Z24add_rms_norm_bias_customIfEvPhS0_S0_S0_S0_mmjff,dynamic,AI_VECTOR_CORE,1791520805263499.288	,4.300,110.770000,16,0,NO,N/A,N/A,N/A,N/A,N/A,N/A,N/A
2,4294967295,332,25,_Z24add_rms_norm_bias_customIfEvPhS0_S0_S0_S0_mmjff,_Z24add_rms_norm_bias_customIfEvPhS0_S0_S0_S0_mmjff,dynamic,AI_VECTOR_CORE,1791520805263599.268	,4.660,95.700000,16,0,NO,N/A,N/A,N/A,N/A,N/A,N/A,N/A
2,4294967295,335,25,_Z24add_rms_norm_bias_customIfEvPhS0_S0_S0_S0_mmjff,_Z24add_rms_norm_bias_customIfEvPhS0_S0_S0_S0_mmjff,dynamic,AI_VECTOR_CORE,1791520805263736.992	,4.680,133.090000,16,0,NO,N/A,N/A,N/A,N/A,N/A,N/A,N/A
2,4294967295,338,25,_Z24add_rms_norm_bias_customIfEvPhS0_S0_S0_S0_mmjff,_Z24add_rms_norm_bias_customIfEvPhS0_S0_S0_S0_mmjff,dynamic,AI_VECTOR_CORE,1791520805263822.472	,4.360,80.820000,16,0,NO,N/A,N/A,N/A,N/A,N/A,N/A,N/A
2,4294967295,341,25,_Z24add_rms_norm_bias_customIfEvPhS0_S0_S0_S0_mmjff,_Z24add_rms_norm_bias_customIfEvPhS0_S0_S0_S0_mmjff,dynamic,AI_VECTOR_CORE,1791520805263933.976	,4.180,107.140000,16,0,NO,N/A,N/A,N/A,N/A,N/A,N/A,N/A
2,4294967295,344,25,_Z24add_rms_norm_bias_customIfEvPhS0_S0_S0_S0_mmjff,_Z24add_rms_norm_bias_customIfEvPhS0_S0_S0_S0_mmjff,dynamic,AI_VECTOR_CORE,1791520805264065.180	,5.320,127.070000,16,0,NO,N/A,N/A,N/A,N/A,N/A,N/A,N/A
2,4294967295,347,25,_Z24add_rms_norm_bias_customIfEvPhS0_S0_S0_S0_mmjff,_Z24add_rms_norm_bias_customIfEvPhS0_S0_S0_S0_mmjff,dynamic,AI_VECTOR_CORE,1791520805264139.820	,5.140,69.180000,16,0,NO,N/A,N/A,N/A,N/A,N/A,N/A,N/A
2,4294967295,350,25,_Z24add_rms_norm_bias_customIfEvPhS0_S0_S0_S0_mmjff,_Z24add_rms_norm_bias_customIfEvPhS0_S0_S0_S0_mmjff,dynamic,AI_VECTOR_CORE,1791520805264262.424	,3.280,117.610000,16,0,NO,N/A,N/A,N/A,N/A,N/A,N/A,N/A
2,4294967295,353,25,_Z24add_rms_norm_bias_customIfEvPhS0_S0_S0_S0_mmjff,_Z24add_rms_norm_bias_customIfEvPhS0_S0_S0_S0_mmjff,dynamic,AI_VECTOR_CORE,1791520805264364.344	,4.160,98.470000,16,0,NO,N/A,N/A,N/A,N/A,N/A,N/A,N/A
2,4294967295,356,25,_Z24add_rms_norm_bias_customIfEvPhS0_S0_S0_S0_mmjff,_Z24add_rms_norm_bias_customIfEvPhS0_S0_S0_S0_mmjff,dynamic,AI_VECTOR_CORE,1791520805264468.848	,3.340,100.340000,16,0,NO,N/A,N/A,N/A,N/A,N/A,N/A,N/A
2,4294967295,359,25,_Z24add_rms_norm_bias_customIfEvPhS0_S0_S0_S0_mmjff,_Z24add_rms_norm_bias_customIfEvPhS0_S0_S0_S0_mmjff,dynamic,AI_VECTOR_CORE,1791520805264564.748	,4.780,92.660000,16,0,NO,N/A,N/A,N/A,N/A,N/A,N/A,N/A
2,4294967295,362,25,_Z24add_rms_norm_bias_customIfEvPhS0_S0_S0_S0_mmjff,_Z24add_rms_norm_bias_customIfEvPhS0_S0_S0_S0_mmjff,dynamic,AI_VECTOR_CORE,1791520805264670.532	,3.460,100.970000,16,0,NO,N/A,N/A,N/A,N/A,N/A,N/A,N/A
2,4294967295,365,25,_Z24add_rms_norm_bias_customIfEvPhS0_S0_S0_S0_mmjff,_Z24add_rms_norm_bias_customIfEvPhS0_S0_S0_S0_mmjff,dynamic,AI_VECTOR_CORE,1791520805264764.212	,4.240,90.290000,16,0,NO,N/A,N/A,N/A,N/A,N/A,N/A,N/A
2,4294967295,368,25,_Z24add_rms_norm_bias_customIfEvPhS0_S0_S0_S0_mmjff,_Z24add_rms_norm_bias_customIfEvPhS0_S0_S0_S0_mmjff,dynamic,AI_VECTOR_CORE,1791520805264880.436	,4.460,112.010000,16,0,NO,N/A,N/A,N/A,N/A,N/A,N/A,N/A
2,4294967295,371,25,_Z24add_rms_norm_bias_customIfEvPhS0_S0_S0_S0_mmjff,_Z24add_rms_norm_bias_customIfEvPhS0_S0_S0_S0_mmjff,dynamic,AI_VECTOR_CORE,1791520805264972.796	,4.500,87.790000,16,0,NO,N/A,N/A,N/A,N/A,N/A,N/A,N/A
2,4294967295,374,25,_Z24add_rms_norm_bias_customIfEvPhS0_S0_S0_S0_mmjff,_Z24add_rms_norm_bias_customIfEvPhS0_S0_S0_S0_mmjff,dynamic,AI_VECTOR_CORE,1791520805265118.260	,4.200,141.000000,16,0,NO,N/A,N/A,N/A,N/A,N/A,N/A,N/A
2,4294967295,377,25,_Z24add_rms_norm_bias_customIfEvPhS0_S0_S0_S0_mmjff,_Z24add_rms_norm_bias_customIfEvPhS0_S0_S0_S0_mmjff,dynamic,AI_VECTOR_CORE,1791520805265199.400	,4.220,77.050000,16,0,NO,N/A,N/A,N/A,N/A,N/A,N/A,N/A
2,4294967295,380,25,_Z24add_rms_norm_bias_customIfEvPhS0_S0_S0_S0_mmjff,_Z24add_rms_norm_bias_customIfEvPhS0_S0_S0_S0_mmjff,dynamic,AI_VECTOR_CORE,1791520805265295.484	,4.620,91.780000,16,0,NO,N/A,N/A,N/A,N/A,N/A,N/A,N/A
2,4294967295,383,25,_Z24add_rms_norm_bias_customIfEvPhS0_S0_S0_S0_mmjff,_Z24add_rms_norm_bias_customIfEvPhS0_S0_S0_S0_mmjff,dynamic,AI_VECTOR_CORE,1791520805265388.884	,4.500,88.880000,16,0,NO,N/A,N/A,N/A,N/A,N/A,N/A,N/A
2,4294967295,386,25,_Z24add_rms_norm_bias_customIfEvPhS0_S0_S0_S0_mmjff,_Z24add_rms_norm_bias_customIfEvPhS0_S0_S0_S0_mmjff,dynamic,AI_VECTOR_CORE,1791520805265491.168	,4.220,97.750000,16,0,NO,N/A,N/A,N/A,N/A,N/A,N/A,N/A
2,4294967295,389,25,_Z24add_rms_norm_bias_customIfEvPhS0_S0_S0_S0_mmjff,_Z24add_rms_norm_bias_customIfEvPhS0_S0_S0_S0_mmjff,dynamic,AI_VECTOR_CORE,1791520805265591.068	,4.320,95.530000,16,0,NO,N/A,N/A,N/A,N/A,N/A,N/A,N/A
2,4294967295,392,25,_Z24add_rms_norm_bias_customIfEvPhS0_S0_S0_S0_mmjff,_Z24add_rms_norm_bias_customIfEvPhS0_S0_S0_S0_mmjff,dynamic,AI_VECTOR_CORE,1791520805265695.472	,4.580,100.180000,16,0,NO,N/A,N/A,N/A,N/A,N/A,N/A,N/A
2,4294967295,395,25,_Z24add_rms_norm_bias_customIfEvPhS0_S0_S0_S0_mmjff,_Z24add_rms_norm_bias_customIfEvPhS0_S0_S0_S0_mmjff,dynamic,AI_VECTOR_CORE,1791520805265823.732	,5.200,123.670000,16,0,NO,N/A,N/A,N/A,N/A,N/A,N/A,N/A
2,4294967295,398,25,_Z24add_rms_norm_bias_customIfEvPhS0_S0_S0_S0_mmjff,_Z24add_rms_norm_bias_customIfEvPhS0_S0_S0_S0_mmjff,dynamic,AI_VECTOR_CORE,1791520805265957.676	,5.020,128.800000,16,0,NO,N/A,N/A,N/A,N/A,N/A,N/A,N/A
2,4294967295,401,25,_Z24add_rms_norm_bias_customIfEvPhS0_S0_S0_S0_mmjff,_Z24add_rms_norm_bias_customIfEvPhS0_S0_S0_S0_mmjff,dynamic,AI_VECTOR_CORE,1791520805266042.456	,4.360,79.730000,16,0,NO,N/A,N/A,N/A,N/A,N/A,N/A,N/A
2,4294967295,404,25,_Z24add_rms_norm_bias_customIfEvPhS0_S0_S0_S0_mmjff,_Z24add_rms_norm_bias_customIfEvPhS0_S0_S0_S0_mmjff,dynamic,AI_VECTOR_CORE,1791520805266138.140	,3.480,91.390000,16,0,NO,N/A,N/A,N/A,N/A,N/A,N/A,N/A
2,4294967295,407,25,_Z24add_rms_norm_bias_customIfEvPhS0_S0_S0_S0_mmjff,_Z24add_rms_norm_bias_customIfEvPhS0_S0_S0_S0_mmjff,dynamic,AI_VECTOR_CORE,1791520805266231.100	,4.580,89.270000,16,0,NO,N/A,N/A,N/A,N/A,N/A,N/A,N/A
2,4294967295,410,25,_Z24add_rms_norm_bias_customIfEvPhS0_S0_S0_S0_mmjff,_Z24add_rms_norm_bias_customIfEvPhS0_S0_S0_S0_mmjff,dynamic,AI_VECTOR_CORE,1791520805266332.484	,13.560,96.920000,16,0,NO,N/A,N/A,N/A,N/A,N/A,N/A,N/A
2,4294967295,413,25,_Z24add_rms_norm_bias_customIfEvPhS0_S0_S0_S0_mmjff,_Z24add_rms_norm_bias_customIfEvPhS0_S0_S0_S0_mmjff,dynamic,AI_VECTOR_CORE,1791520805266423.064	,4.240,76.940000,16,0,NO,N/A,N/A,N/A,N/A,N/A,N/A,N/A
2,4294967295,416,25,_Z24add_rms_norm_bias_customIfEvPhS0_S0_S0_S0_mmjff,_Z24add_rms_norm_bias_customIfEvPhS0_S0_S0_S0_mmjff,dynamic,AI_VECTOR_CORE,1791520805266509.648	,4.440,82.510000,16,0,NO,N/A,N/A,N/A,N/A,N/A,N/A,N/A
2,4294967295,419,25,_Z24add_rms_norm_bias_customIfEvPhS0_S0_S0_S0_mmjff,_Z24add_rms_norm_bias_customIfEvPhS0_S0_S0_S0_mmjff,dynamic,AI_VECTOR_CORE,1791520805266617.108	,4.560,102.810000,16,0,NO,N/A,N/A,N/A,N/A,N/A,N/A,N/A
2,4294967295,422,25,_Z24add_rms_norm_bias_customIfEvPhS0_S0_S0_S0_mmjff,_Z24add_rms_norm_bias_customIfEvPhS0_S0_S0_S0_mmjff,dynamic,AI_VECTOR_CORE,1791520805266731.252	,3.280,109.690000,16,0,NO,N/A,N/A,N/A,N/A,N/A,N/A,N/A
2,4294967295,425,25,_Z24add_rms_norm_bias_customIfEvPhS0_S0_S0_S0_mmjff,_Z24add_rms_norm_bias_customIfEvPhS0_S0_S0_S0_mmjff,dynamic,AI_VECTOR_CORE,1791520805266830.292	,4.220,95.720000,16,0,NO,N/A,N/A,N/A,N/A,N/A,N/A,N/A
2,4294967295,428,25,_Z24add_rms_norm_bias_customIfEvPhS0_S0_S0_S0_mmjff,_Z24add_rms_norm_bias_customIfEvPhS0_S0_S0_S0_mmjff,dynamic,AI_VECTOR_CORE,1791520805266927.516	,4.520,93.030000,16,0,NO,N/A,N/A,N/A,N/A,N/A,N/A,N/A
2,4294967295,431,25,_Z24add_rms_norm_bias_customIfEvPhS0_S0_S0_S0_mmjff,_Z24add_rms_norm_bias_customIfEvPhS0_S0_S0_S0_mmjff,dynamic,AI_VECTOR_CORE,1791520805267045.856	,4.960,113.730000,16,0,NO,N/A,N/A,N/A,N/A,N/A,N/A,N/A
2,4294967295,434,25,_Z24add_rms_norm_bias_customIfEvPhS0_S0_S0_S0_mmjff,_Z24add_rms_norm_bias_customIfEvPhS0_S0_S0_S0_mmjff,dynamic,AI_VECTOR_CORE,1791520805267137.480	,3.320,86.790000,16,0,NO,N/A,N/A,N/A,N/A,N/A,N/A,N/A
2,4294967295,436,25,_Z24add_rms_norm_bias_customIfEvPhS0_S0_S0_S0_mmjff,_Z24add_rms_norm_bias_customIfEvPhS0_S0_S0_S0_mmjff,dynamic,AI_VECTOR_CORE,1791520805275379.264	,5.200,8238.430000,16,0,NO,N/A,N/A,N/A,N/A,N/A,N/A,N/A
2,4294967295,437,25,_Z24add_rms_norm_bias_customIfEvPhS0_S0_S0_S0_mmjff,_Z24add_rms_norm_bias_customIfEvPhS0_S0_S0_S0_mmjff,dynamic,AI_VECTOR_CORE,1791520805275453.384	,5.900,69.050000,16,0,NO,N/A,N/A,N/A,N/A,N/A,N/A,N/A
2,4294967295,438,25,_Z24add_rms_norm_bias_customIfEvPhS0_S0_S0_S0_mmjff,_Z24add_rms_norm_bias_customIfEvPhS0_S0_S0_S0_mmjff,dynamic,AI_VECTOR_CORE,1791520805275481.728	,3.620,22.350000,16,0,NO,N/A,N/A,N/A,N/A,N/A,N/A,N/A
2,4294967295,439,25,_Z24add_rms_norm_bias_customIfEvPhS0_S0_S0_S0_mmjff,_Z24add_rms_norm_bias_customIfEvPhS0_S0_S0_S0_mmjff,dynamic,AI_VECTOR_CORE,1791520805275519.648	,3.360,34.380000,16,0,NO,N/A,N/A,N/A,N/A,N/A,N/A,N/A
2,4294967295,440,25,_Z24add_rms_norm_bias_customIfEvPhS0_S0_S0_S0_mmjff,_Z24add_rms_norm_bias_customIfEvPhS0_S0_S0_S0_mmjff,dynamic,AI_VECTOR_CORE,1791520805275549.428	,3.180,26.390000,16,0,NO,N/A,N/A,N/A,N/A,N/A,N/A,N/A
2,4294967295,441,25,_Z24add_rms_norm_bias_customIfEvPhS0_S0_S0_S0_mmjff,_Z24add_rms_norm_bias_customIfEvPhS0_S0_S0_S0_mmjff,dynamic,AI_VECTOR_CORE,1791520805275571.608	,3.380,18.820000,16,0,NO,N/A,N/A,N/A,N/A,N/A,N/A,N/A
2,4294967295,442,25,_Z24add_rms_norm_bias_customIfEvPhS0_S0_S0_S0_mmjff,_Z24add_rms_norm_bias_customIfEvPhS0_S0_S0_S0_mmjff,dynamic,AI_VECTOR_CORE,1791520805275595.248	,4.300,20.370000,16,0,NO,N/A,N/A,N/A,N/A,N/A,N/A,N/A
2,4294967295,443,25,_Z24add_rms_norm_bias_customIfEvPhS0_S0_S0_S0_mmjff,_Z24add_rms_norm_bias_customIfEvPhS0_S0_S0_S0_mmjff,dynamic,AI_VECTOR_CORE,1791520805275623.188	,4.480,23.700000,16,0,NO,N/A,N/A,N/A,N/A,N/A,N/A,N/A
2,4294967295,444,25,_Z24add_rms_norm_bias_customIfEvPhS0_S0_S0_S0_mmjff,_Z24add_rms_norm_bias_customIfEvPhS0_S0_S0_S0_mmjff,dynamic,AI_VECTOR_CORE,1791520805275651.088	,3.400,23.270000,16,0,NO,N/A,N/A,N/A,N/A,N/A,N/A,N/A
2,4294967295,445,25,_Z24add_rms_norm_bias_customIfEvPhS0_S0_S0_S0_mmjff,_Z24add_rms_norm_bias_customIfEvPhS0_S0_S0_S0_mmjff,dynamic,AI_VECTOR_CORE,1791520805275681.112	,3.380,26.600000,16,0,NO,N/A,N/A,N/A,N/A,N/A,N/A,N/A
2,4294967295,446,25,_Z24add_rms_norm_bias_customIfEvPhS0_S0_S0_S0_mmjff,_Z24add_rms_norm_bias_customIfEvPhS0_S0_S0_S0_mmjff,dynamic,AI_VECTOR_CORE,1791520805275721.892	,3.560,37.620000,16,0,NO,N/A,N/A,N/A,N/A,N/A,N/A,N/A
2,4294967295,447,25,_Z24add_rms_norm_bias_customIfEvPhS0_S0_S0_S0_mmjff,_Z24add_rms_norm_bias_customIfEvPhS0_S0_S0_S0_mmjff,dynamic,AI_VECTOR_CORE,1791520805275750.092	,3.460,24.440000,16,0,NO,N/A,N/A,N/A,N/A,N/A,N/A,N/A
2,4294967295,448,25,_Z24add_rms_norm_bias_customIfEvPhS0_S0_S0_S0_mmjff,_Z24add_rms_norm_bias_customIfEvPhS0_S0_S0_S0_mmjff,dynamic,AI_VECTOR_CORE,1791520805275798.252	,3.460,44.790000,16,0,NO,N/A,N/A,N/A,N/A,N/A,N/A,N/A
2,4294967295,450,25,_Z24add_rms_norm_bias_customIfEvPhS0_S0_S0_S0_mmjff,_Z24add_rms_norm_bias_customIfEvPhS0_S0_S0_S0_mmjff,dynamic,AI_VECTOR_CORE,1791520805275938.056	,3.640,136.290000,16,0,NO,N/A,N/A,N/A,N/A,N/A,N/A,N/A
2,4294967295,451,25,_Z24add_rms_norm_bias_customIfEvPhS0_S0_S0_S0_mmjff,_Z24add_rms_norm_bias_customIfEvPhS0_S0_S0_S0_mmjff,dynamic,AI_VECTOR_CORE,1791520805276009.256	,50.580,67.610000,16,0,NO,N/A,N/A,N/A,N/A,N/A,N/A,N/A
2,4294967295,453,25,_Z24add_rms_norm_bias_customIfEvPhS0_S0_S0_S0_mmjff,_Z24add_rms_norm_bias_customIfEvPhS0_S0_S0_S0_mmjff,dynamic,AI_VECTOR_CORE,1791520805276117.880	,11.900,58.170000,16,0,NO,N/A,N/A,N/A,N/A,N/A,N/A,N/A
2,4294967295,454,25,_Z24add_rms_norm_bias_customIfEvPhS0_S0_S0_S0_mmjff,_Z24add_rms_norm_bias_customIfEvPhS0_S0_S0_S0_mmjff,dynamic,AI_VECTOR_CORE,1791520805276160.220	,4.460,30.350000,16,0,NO,N/A,N/A,N/A,N/A,N/A,N/A,N/A
2,4294967295,455,25,_Z24add_rms_norm_bias_customIfEvPhS0_S0_S0_S0_mmjff,_Z24add_rms_norm_bias_customIfEvPhS0_S0_S0_S0_mmjff,dynamic,AI_VECTOR_CORE,1791520805276199.440	,4.480,34.790000,16,0,NO,N/A,N/A,N/A,N/A,N/A,N/A,N/A
2,4294967295,457,25,_Z24add_rms_norm_bias_customIfEvPhS0_S0_S0_S0_mmjff,_Z24add_rms_norm_bias_customIfEvPhS0_S0_S0_S0_mmjff,dynamic,AI_VECTOR_CORE,1791520805276267.424	,3.420,63.520000,16,0,NO,N/A,N/A,N/A,N/A,N/A,N/A,N/A
2,4294967295,458,25,_Z24add_rms_norm_bias_customIfEvPhS0_S0_S0_S0_mmjff,_Z24add_rms_norm_bias_customIfEvPhS0_S0_S0_S0_mmjff,dynamic,AI_VECTOR_CORE,1791520805276321.764	,3.460,50.830000,16,0,NO,N/A,N/A,N/A,N/A,N/A,N/A,N/A
2,4294967295,460,25,_Z24add_rms_norm_bias_customIfEvPhS0_S0_S0_S0_mmjff,_Z24add_rms_norm_bias_customIfEvPhS0_S0_S0_S0_mmjff,dynamic,AI_VECTOR_CORE,1791520805276398.224	,3.840,73.040000,16,0,NO,N/A,N/A,N/A,N/A,N/A,N/A,N/A
2,4294967295,461,25,_Z24add_rms_norm_bias_customIfEvPhS0_S0_S0_S0_mmjff,_Z24add_rms_norm_bias_customIfEvPhS0_S0_S0_S0_mmjff,dynamic,AI_VECTOR_CORE,1791520805276443.444	,3.700,41.410000,16,0,NO,N/A,N/A,N/A,N/A,N/A,N/A,N/A
2,4294967295,463,25,_Z24add_rms_norm_bias_customIfEvPhS0_S0_S0_S0_mmjff,_Z24add_rms_norm_bias_customIfEvPhS0_S0_S0_S0_mmjff,dynamic,AI_VECTOR_CORE,1791520805276535.348	,4.300,88.050000,16,0,NO,N/A,N/A,N/A,N/A,N/A,N/A,N/A
2,4294967295,464,25,_Z24add_rms_norm_bias_customIfEvPhS0_S0_S0_S0_mmjff,_Z24add_rms_norm_bias_customIfEvPhS0_S0_S0_S0_mmjff,dynamic,AI_VECTOR_CORE,1791520805276563.668	,4.500,24.200000,16,0,NO,N/A,N/A,N/A,N/A,N/A,N/A,N/A
2,4294967295,465,25,_Z24add_rms_norm_bias_customIfEvPhS0_S0_S0_S0_mmjff,_Z24add_rms_norm_bias_customIfEvPhS0_S0_S0_S0_mmjff,dynamic,AI_VECTOR_CORE,1791520805276593.628	,3.680,25.500000,16,0,NO,N/A,N/A,N/A,N/A,N/A,N/A,N/A
2,4294967295,466,25,_Z24add_rms_norm_bias_customIfEvPhS0_S0_S0_S0_mmjff,_Z24add_rms_norm_bias_customIfEvPhS0_S0_S0_S0_mmjff,dynamic,AI_VECTOR_CORE,1791520805276624.488	,3.280,27.070000,16,0,NO,N/A,N/A,N/A,N/A,N/A,N/A,N/A
2,4294967295,467,25,_Z24add_rms_norm_bias_customIfEvPhS0_S0_S0_S0_mmjff,_Z24add_rms_norm_bias_customIfEvPhS0_S0_S0_S0_mmjff,dynamic,AI_VECTOR_CORE,1791520805276681.532	,3.760,53.720000,16,0,NO,N/A,N/A,N/A,N/A,N/A,N/A,N/A
2,4294967295,468,25,_Z24add_rms_norm_bias_customIfEvPhS0_S0_S0_S0_mmjff,_Z24add_rms_norm_bias_customIfEvPhS0_S0_S0_S0_mmjff,dynamic,AI_VECTOR_CORE,1791520805276719.352	,3.660,33.990000,16,0,NO,N/A,N/A,N/A,N/A,N/A,N/A,N/A
2,4294967295,469,25,_Z24add_rms_norm_bias_customIfEvPhS0_S0_S0_S0_mmjff,_Z24add_rms_norm_bias_customIfEvPhS0_S0_S0_S0_mmjff,dynamic,AI_VECTOR_CORE,1791520805276749.192	,3.840,26.340000,16,0,NO,N/A,N/A,N/A,N/A,N/A,N/A,N/A
2,4294967295,470,25,_Z24add_rms_norm_bias_customIfEvPhS0_S0_S0_S0_mmjff,_Z24add_rms_norm_bias_customIfEvPhS0_S0_S0_S0_mmjff,dynamic,AI_VECTOR_CORE,1791520805276775.992	,3.580,22.910000,16,0,NO,N/A,N/A,N/A,N/A,N/A,N/A,N/A
2,4294967295,471,25,_Z24add_rms_norm_bias_customIfEvPhS0_S0_S0_S0_mmjff,_Z24add_rms_norm_bias_customIfEvPhS0_S0_S0_S0_mmjff,dynamic,AI_VECTOR_CORE,1791520805276803.192	,3.240,23.670000,16,0,NO,N/A,N/A,N/A,N/A,N/A,N/A,N/A
2,4294967295,472,25,_Z24add_rms_norm_bias_customIfEvPhS0_S0_S0_S0_mmjff,_Z24add_rms_norm_bias_customIfEvPhS0_S0_S0_S0_mmjff,dynamic,AI_VECTOR_CORE,1791520805276830.632	,4.120,24.260000,16,0,NO,N/A,N/A,N/A,N/A,N/A,N/A,N/A
2,4294967295,473,25,_Z24add_rms_norm_bias_customIfEvPhS0_S0_S0_S0_mmjff,_Z24add_rms_norm_bias_customIfEvPhS0_S0_S0_S0_mmjff,dynamic,AI_VECTOR_CORE,1791520805276858.072	,5.080,23.130000,16,0,NO,N/A,N/A,N/A,N/A,N/A,N/A,N/A
2,4294967295,474,25,_Z24add_rms_norm_bias_customIfEvPhS0_S0_S0_S0_mmjff,_Z24add_rms_norm_bias_customIfEvPhS0_S0_S0_S0_mmjff,dynamic,AI_VECTOR_CORE,1791520805276888.936	,4.920,25.920000,16,0,NO,N/A,N/A,N/A,N/A,N/A,N/A,N/A
2,4294967295,475,25,_Z24add_rms_norm_bias_customIfEvPhS0_S0_S0_S0_mmjff,_Z24add_rms_norm_bias_customIfEvPhS0_S0_S0_S0_mmjff,dynamic,AI_VECTOR_CORE,1791520805276913.656	,4.520,19.830000,16,0,NO,N/A,N/A,N/A,N/A,N/A,N/A,N/A
2,4294967295,476,25,_Z24add_rms_norm_bias_customIfEvPhS0_S0_S0_S0_mmjff,_Z24add_rms_norm_bias_customIfEvPhS0_S0_S0_S0_mmjff,dynamic,AI_VECTOR_CORE,1791520805276940.516	,3.840,22.230000,16,0,NO,N/A,N/A,N/A,N/A,N/A,N/A,N/A
2,4294967295,477,25,_Z24add_rms_norm_bias_customIfEvPhS0_S0_S0_S0_mmjff,_Z24add_rms_norm_bias_customIfEvPhS0_S0_S0_S0_mmjff,dynamic,AI_VECTOR_CORE,1791520805276970.176	,3.680,25.910000,16,0,NO,N/A,N/A,N/A,N/A,N/A,N/A,N/A
2,4294967295,478,25,_Z24add_rms_norm_bias_customIfEvPhS0_S0_S0_S0_mmjff,_Z24add_rms_norm_bias_customIfEvPhS0_S0_S0_S0_mmjff,dynamic,AI_VECTOR_CORE,1791520805277007.456	,3.700,33.570000,16,0,NO,N/A,N/A,N/A,N/A,N/A,N/A,N/A
2,4294967295,480,25,_Z24add_rms_norm_bias_customIfEvPhS0_S0_S0_S0_mmjff,_Z24add_rms_norm_bias_customIfEvPhS0_S0_S0_S0_mmjff,dynamic,AI_VECTOR_CORE,1791520805277104.360	,6.500,93.050000,16,0,NO,N/A,N/A,N/A,N/A,N/A,N/A,N/A
2,4294967295,481,25,_Z24add_rms_norm_bias_customIfEvPhS0_S0_S0_S0_mmjff,_Z24add_rms_norm_bias_customIfEvPhS0_S0_S0_S0_mmjff,dynamic,AI_VECTOR_CORE,1791520805277170.160	,4.500,59.500000,16,0,NO,N/A,N/A,N/A,N/A,N/A,N/A,N/A
2,4294967295,482,25,_Z24add_rms_norm_bias_customIfEvPhS0_S0_S0_S0_mmjff,_Z24add_rms_norm_bias_customIfEvPhS0_S0_S0_S0_mmjff,dynamic,AI_VECTOR_CORE,1791520805277200.160	,4.220,25.500000,16,0,NO,N/A,N/A,N/A,N/A,N/A,N/A,N/A
2,4294967295,483,25,_Z24add_rms_norm_bias_customIfEvPhS0_S0_S0_S0_mmjff,_Z24add_rms_norm_bias_customIfEvPhS0_S0_S0_S0_mmjff,dynamic,AI_VECTOR_CORE,1791520805277229.240	,3.880,24.780000,16,0,NO,N/A,N/A,N/A,N/A,N/A,N/A,N/A
2,4294967295,484,25,_Z24add_rms_norm_bias_customIfEvPhS0_S0_S0_S0_mmjff,_Z24add_rms_norm_bias_customIfEvPhS0_S0_S0_S0_mmjff,dynamic,AI_VECTOR_CORE,1791520805277254.520	,3.340,21.370000,16,0,NO,N/A,N/A,N/A,N/A,N/A,N/A,N/A
2,4294967295,485,25,_Z24add_rms_norm_bias_customIfEvPhS0_S0_S0_S0_mmjff,_Z24add_rms_norm_bias_customIfEvPhS0_S0_S0_S0_mmjff,dynamic,AI_VECTOR_CORE,1791520805277288.344	,3.820,30.410000,16,0,NO,N/A,N/A,N/A,N/A,N/A,N/A,N/A
2,4294967295,486,25,_Z24add_rms_norm_bias_customIfEvPhS0_S0_S0_S0_mmjff,_Z24add_rms_norm_bias_customIfEvPhS0_S0_S0_S0_mmjff,dynamic,AI_VECTOR_CORE,1791520805277317.084	,3.420,24.930000,16,0,NO,N/A,N/A,N/A,N/A,N/A,N/A,N/A
2,4294967295,487,25,_Z24add_rms_norm_bias_customIfEvPhS0_S0_S0_S0_mmjff,_Z24add_rms_norm_bias_customIfEvPhS0_S0_S0_S0_mmjff,dynamic,AI_VECTOR_CORE,1791520805277345.604	,3.500,25.080000,16,0,NO,N/A,N/A,N/A,N/A,N/A,N/A,N/A
2,4294967295,488,25,_Z24add_rms_norm_bias_customIfEvPhS0_S0_S0_S0_mmjff,_Z24add_rms_norm_bias_customIfEvPhS0_S0_S0_S0_mmjff,dynamic,AI_VECTOR_CORE,1791520805277374.864	,3.820,25.750000,16,0,NO,N/A,N/A,N/A,N/A,N/A,N/A,N/A
2,4294967295,489,25,_Z24add_rms_norm_bias_customIfEvPhS0_S0_S0_S0_mmjff,_Z24add_rms_norm_bias_customIfEvPhS0_S0_S0_S0_mmjff,dynamic,AI_VECTOR_CORE,1791520805277398.464	,3.680,19.930000,16,0,NO,N/A,N/A,N/A,N/A,N/A,N/A,N/A
2,4294967295,490,25,_Z24add_rms_norm_bias_customIfEvPhS0_S0_S0_S0_mmjff,_Z24add_rms_norm_bias_customIfEvPhS0_S0_S0_S0_mmjff,dynamic,AI_VECTOR_CORE,1791520805277423.004	,3.960,20.820000,16,0,NO,N/A,N/A,N/A,N/A,N/A,N/A,N/A
2,4294967295,491,25,_Z24add_rms_norm_bias_customIfEvPhS0_S0_S0_S0_mmjff,_Z24add_rms_norm_bias_customIfEvPhS0_S0_S0_S0_mmjff,dynamic,AI_VECTOR_CORE,1791520805277449.184	,3.620,22.290000,16,0,NO,N/A,N/A,N/A,N/A,N/A,N/A,N/A
2,4294967295,492,25,_Z24add_rms_norm_bias_customIfEvPhS0_S0_S0_S0_mmjff,_Z24add_rms_norm_bias_customIfEvPhS0_S0_S0_S0_mmjff,dynamic,AI_VECTOR_CORE,1791520805277475.848	,21.860,22.880000,16,0,NO,N/A,N/A,N/A,N/A,N/A,N/A,N/A
2,4294967295,494,25,_Z24add_rms_norm_bias_customIfEvPhS0_S0_S0_S0_mmjff,_Z24add_rms_norm_bias_customIfEvPhS0_S0_S0_S0_mmjff,dynamic,AI_VECTOR_CORE,1791520805277576.608	,4.480,78.890000,16,0,NO,N/A,N/A,N/A,N/A,N/A,N/A,N/A
2,4294967295,495,25,_Z24add_rms_norm_bias_customIfEvPhS0_S0_S0_S0_mmjff,_Z24add_rms_norm_bias_customIfEvPhS0_S0_S0_S0_mmjff,dynamic,AI_VECTOR_CORE,1791520805277634.528	,4.300,53.520000,16,0,NO,N/A,N/A,N/A,N/A,N/A,N/A,N/A
2,4294967295,496,25,_Z24add_rms_norm_bias_customIfEvPhS0_S0_S0_S0_mmjff,_Z24add_rms_norm_bias_customIfEvPhS0_S0_S0_S0_mmjff,dynamic,AI_VECTOR_CORE,1791520805277660.788	,4.500,21.950000,16,0,NO,N/A,N/A,N/A,N/A,N/A,N/A,N/A
2,4294967295,497,25,_Z24add_rms_norm_bias_customIfEvPhS0_S0_S0_S0_mmjff,_Z24add_rms_norm_bias_customIfEvPhS0_S0_S0_S0_mmjff,dynamic,AI_VECTOR_CORE,1791520805277685.152	,3.400,20.000000,16,0,NO,N/A,N/A,N/A,N/A,N/A,N/A,N/A
2,4294967295,498,25,_Z24add_rms_norm_bias_customIfEvPhS0_S0_S0_S0_mmjff,_Z24add_rms_norm_bias_customIfEvPhS0_S0_S0_S0_mmjff,dynamic,AI_VECTOR_CORE,1791520805277711.492	,3.840,22.850000,16,0,NO,N/A,N/A,N/A,N/A,N/A,N/A,N/A
2,4294967295,499,25,_Z24add_rms_norm_bias_customIfEvPhS0_S0_S0_S0_mmjff,_Z24add_rms_norm_bias_customIfEvPhS0_S0_S0_S0_mmjff,dynamic,AI_VECTOR_CORE,1791520805277759.192	,3.320,43.910000,16,0,NO,N/A,N/A,N/A,N/A,N/A,N/A,N/A
2,4294967295,500,25,_Z24add_rms_norm_bias_customIfEvPhS0_S0_S0_S0_mmjff,_Z24add_rms_norm_bias_customIfEvPhS0_S0_S0_S0_mmjff,dynamic,AI_VECTOR_CORE,1791520805277809.792	,4.640,47.180000,16,0,NO,N/A,N/A,N/A,N/A,N/A,N/A,N/A
2,4294967295,501,25,_Z24add_rms_norm_bias_customIfEvPhS0_S0_S0_S0_mmjff,_Z24add_rms_norm_bias_customIfEvPhS0_S0_S0_S0_mmjff,dynamic,AI_VECTOR_CORE,1791520805277839.212	,4.420,24.860000,16,0,NO,N/A,N/A,N/A,N/A,N/A,N/A,N/A
2,4294967295,502,25,_Z24add_rms_norm_bias_customIfEvPhS0_S0_S0_S0_mmjff,_Z24add_rms_norm_bias_customIfEvPhS0_S0_S0_S0_mmjff,dynamic,AI_VECTOR_CORE,1791520805277862.612	,3.580,18.830000,16,0,NO,N/A,N/A,N/A,N/A,N/A,N/A,N/A
2,4294967295,504,25,_Z24add_rms_norm_bias_customIfEvPhS0_S0_S0_S0_mmjff,_Z24add_rms_norm_bias_customIfEvPhS0_S0_S0_S0_mmjff,dynamic,AI_VECTOR_CORE,1791520805277915.336	,3.600,49.170000,16,0,NO,N/A,N/A,N/A,N/A,N/A,N/A,N/A
2,4294967295,507,25,_Z24add_rms_norm_bias_customIfEvPhS0_S0_S0_S0_mmjff,_Z24add_rms_norm_bias_customIfEvPhS0_S0_S0_S0_mmjff,dynamic,AI_VECTOR_CORE,1791520805278036.336	,3.780,117.400000,16,0,NO,N/A,N/A,N/A,N/A,N/A,N/A,N/A
2,4294967295,510,25,_Z24add_rms_norm_bias_customIfEvPhS0_S0_S0_S0_mmjff,_Z24add_rms_norm_bias_customIfEvPhS0_S0_S0_S0_mmjff,dynamic,AI_VECTOR_CORE,1791520805278140.500	,4.080,100.470000,16,0,NO,N/A,N/A,N/A,N/A,N/A,N/A,N/A
2,4294967295,513,25,_Z24add_rms_norm_bias_customIfEvPhS0_S0_S0_S0_mmjff,_Z24add_rms_norm_bias_customIfEvPhS0_S0_S0_S0_mmjff,dynamic,AI_VECTOR_CORE,1791520805278255.340	,5.260,110.670000,16,0,NO,N/A,N/A,N/A,N/A,N/A,N/A,N/A
2,4294967295,516,25,_Z24add_rms_norm_bias_customIfEvPhS0_S0_S0_S0_mmjff,_Z24add_rms_norm_bias_customIfEvPhS0_S0_S0_S0_mmjff,dynamic,AI_VECTOR_CORE,1791520805278358.904	,4.600,98.490000,16,0,NO,N/A,N/A,N/A,N/A,N/A,N/A,N/A
2,4294967295,519,25,_Z24add_rms_norm_bias_customIfEvPhS0_S0_S0_S0_mmjff,_Z24add_rms_norm_bias_customIfEvPhS0_S0_S0_S0_mmjff,dynamic,AI_VECTOR_CORE,1791520805278456.904	,4.800,93.400000,16,0,NO,N/A,N/A,N/A,N/A,N/A,N/A,N/A
2,4294967295,522,25,_Z24add_rms_norm_bias_customIfEvPhS0_S0_S0_S0_mmjff,_Z24add_rms_norm_bias_customIfEvPhS0_S0_S0_S0_mmjff,dynamic,AI_VECTOR_CORE,1791520805278550.508	,4.520,88.700000,16,0,NO,N/A,N/A,N/A,N/A,N/A,N/A,N/A
2,4294967295,525,25,_Z24add_rms_norm_bias_customIfEvPhS0_S0_S0_S0_mmjff,_Z24add_rms_norm_bias_customIfEvPhS0_S0_S0_S0_mmjff,dynamic,AI_VECTOR_CORE,1791520805278637.008	,5.100,81.980000,16,0,NO,N/A,N/A,N/A,N/A,N/A,N/A,N/A
2,4294967295,528,25,_Z24add_rms_norm_bias_customIfEvPhS0_S0_S0_S0_mmjff,_Z24add_rms_norm_bias_customIfEvPhS0_S0_S0_S0_mmjff,dynamic,AI_VECTOR_CORE,1791520805278747.632	,4.760,105.650000,16,0,NO,N/A,N/A,N/A,N/A,N/A,N/A,N/A
2,4294967295,531,25,_Z24add_rms_norm_bias_customIfEvPhS0_S0_S0_S0_mmjff,_Z24add_rms_norm_bias_customIfEvPhS0_S0_S0_S0_mmjff,dynamic,AI_VECTOR_CORE,1791520805278835.772	,3.420,83.240000,16,0,NO,N/A,N/A,N/A,N/A,N/A,N/A,N/A
2,4294967295,534,25,_Z24add_rms_norm_bias_customIfEvPhS0_S0_S0_S0_mmjff,_Z24add_rms_norm_bias_customIfEvPhS0_S0_S0_S0_mmjff,dynamic,AI_VECTOR_CORE,1791520805278922.056	,4.480,82.830000,16,0,NO,N/A,N/A,N/A,N/A,N/A,N/A,N/A
2,4294967295,537,25,_Z24add_rms_norm_bias_customIfEvPhS0_S0_S0_S0_mmjff,_Z24add_rms_norm_bias_customIfEvPhS0_S0_S0_S0_mmjff,dynamic,AI_VECTOR_CORE,1791520805279044.256	,3.400,117.770000,16,0,NO,N/A,N/A,N/A,N/A,N/A,N/A,N/A
2,4294967295,540,25,_Z24add_rms_norm_bias_customIfEvPhS0_S0_S0_S0_mmjff,_Z24add_rms_norm_bias_customIfEvPhS0_S0_S0_S0_mmjff,dynamic,AI_VECTOR_CORE,1791520805279145.540	,4.400,97.850000,16,0,NO,N/A,N/A,N/A,N/A,N/A,N/A,N/A
2,4294967295,543,25,_Z24add_rms_norm_bias_customIfEvPhS0_S0_S0_S0_mmjff,_Z24add_rms_norm_bias_customIfEvPhS0_S0_S0_S0_mmjff,dynamic,AI_VECTOR_CORE,1791520805279231.180	,42.264,81.350000,16,0,NO,N/A,N/A,N/A,N/A,N/A,N/A,N/A
2,4294967295,546,25,_Z24add_rms_norm_bias_customIfEvPhS0_S0_S0_S0_mmjff,_Z24add_rms_norm_bias_customIfEvPhS0_S0_S0_S0_mmjff,dynamic,AI_VECTOR_CORE,1791520805279344.784	,4.660,71.236000,16,0,NO,N/A,N/A,N/A,N/A,N/A,N/A,N/A
2,4294967295,549,25,_Z24add_rms_norm_bias_customIfEvPhS0_S0_S0_S0_mmjff,_Z24add_rms_norm_bias_customIfEvPhS0_S0_S0_S0_mmjff,dynamic,AI_VECTOR_CORE,1791520805279455.644	,4.280,106.340000,16,0,NO,N/A,N/A,N/A,N/A,N/A,N/A,N/A
2,4294967295,552,25,_Z24add_rms_norm_bias_customIfEvPhS0_S0_S0_S0_mmjff,_Z24add_rms_norm_bias_customIfEvPhS0_S0_S0_S0_mmjff,dynamic,AI_VECTOR_CORE,1791520805279585.148	,4.440,125.220000,16,0,NO,N/A,N/A,N/A,N/A,N/A,N/A,N/A
2,4294967295,555,25,_Z24add_rms_norm_bias_customIfEvPhS0_S0_S0_S0_mmjff,_Z24add_rms_norm_bias_customIfEvPhS0_S0_S0_S0_mmjff,dynamic,AI_VECTOR_CORE,1791520805279665.068	,4.620,75.310000,16,0,NO,N/A,N/A,N/A,N/A,N/A,N/A,N/A
2,4294967295,558,25,_Z24add_rms_norm_bias_customIfEvPhS0_S0_S0_S0_mmjff,_Z24add_rms_norm_bias_customIfEvPhS0_S0_S0_S0_mmjff,dynamic,AI_VECTOR_CORE,1791520805279800.212	,11.280,130.630000,16,0,NO,N/A,N/A,N/A,N/A,N/A,N/A,N/A
2,4294967295,561,25,_Z24add_rms_norm_bias_customIfEvPhS0_S0_S0_S0_mmjff,_Z24add_rms_norm_bias_customIfEvPhS0_S0_S0_S0_mmjff,dynamic,AI_VECTOR_CORE,1791520805279885.396	,4.660,73.970000,16,0,NO,N/A,N/A,N/A,N/A,N/A,N/A,N/A
2,4294967295,564,25,_Z24add_rms_norm_bias_customIfEvPhS0_S0_S0_S0_mmjff,_Z24add_rms_norm_bias_customIfEvPhS0_S0_S0_S0_mmjff,dynamic,AI_VECTOR_CORE,1791520805279996.576	,4.580,106.340000,16,0,NO,N/A,N/A,N/A,N/A,N/A,N/A,N/A
2,4294967295,567,25,_Z24add_rms_norm_bias_customIfEvPhS0_S0_S0_S0_mmjff,_Z24add_rms_norm_bias_customIfEvPhS0_S0_S0_S0_mmjff,dynamic,AI_VECTOR_CORE,1791520805280097.680	,4.840,96.670000,16,0,NO,N/A,N/A,N/A,N/A,N/A,N/A,N/A
2,4294967295,570,25,_Z24add_rms_norm_bias_customIfEvPhS0_S0_S0_S0_mmjff,_Z24add_rms_norm_bias_customIfEvPhS0_S0_S0_S0_mmjff,dynamic,AI_VECTOR_CORE,1791520805280189.480	,4.580,86.910000,16,0,NO,N/A,N/A,N/A,N/A,N/A,N/A,N/A
2,4294967295,573,25,_Z24add_rms_norm_bias_customIfEvPhS0_S0_S0_S0_mmjff,_Z24add_rms_norm_bias_customIfEvPhS0_S0_S0_S0_mmjff,dynamic,AI_VECTOR_CORE,1791520805280279.324	,4.240,85.170000,16,0,NO,N/A,N/A,N/A,N/A,N/A,N/A,N/A
2,4294967295,576,25,_Z24add_rms_norm_bias_customIfEvPhS0_S0_S0_S0_mmjff,_Z24add_rms_norm_bias_customIfEvPhS0_S0_S0_S0_mmjff,dynamic,AI_VECTOR_CORE,1791520805280385.484	,4.240,102.010000,16,0,NO,N/A,N/A,N/A,N/A,N/A,N/A,N/A
2,4294967295,579,25,_Z24add_rms_norm_bias_customIfEvPhS0_S0_S0_S0_mmjff,_Z24add_rms_norm_bias_customIfEvPhS0_S0_S0_S0_mmjff,dynamic,AI_VECTOR_CORE,1791520805280483.648	,3.620,94.010000,16,0,NO,N/A,N/A,N/A,N/A,N/A,N/A,N/A
2,4294967295,582,25,_Z24add_rms_norm_bias_customIfEvPhS0_S0_S0_S0_mmjff,_Z24add_rms_norm_bias_customIfEvPhS0_S0_S0_S0_mmjff,dynamic,AI_VECTOR_CORE,1791520805280571.168	,11.960,83.880000,16,0,NO,N/A,N/A,N/A,N/A,N/A,N/A,N/A
2,4294967295,585,25,_Z24add_rms_norm_bias_customIfEvPhS0_S0_S0_S0_mmjff,_Z24add_rms_norm_bias_customIfEvPhS0_S0_S0_S0_mmjff,dynamic,AI_VECTOR_CORE,1791520805280666.248	,4.224,83.040000,16,0,NO,N/A,N/A,N/A,N/A,N/A,N/A,N/A
2,4294967295,588,25,_Z24add_rms_norm_bias_customIfEvPhS0_S0_S0_S0_mmjff,_Z24add_rms_norm_bias_customIfEvPhS0_S0_S0_S0_mmjff,dynamic,AI_VECTOR_CORE,1791520805280780.592	,4.360,110.026000,16,0,NO,N/A,N/A,N/A,N/A,N/A,N/A,N/A
2,4294967295,591,25,_Z24add_rms_norm_bias_customIfEvPhS0_S0_S0_S0_mmjff,_Z24add_rms_norm_bias_customIfEvPhS0_S0_S0_S0_mmjff,dynamic,AI_VECTOR_CORE,1791520805280859.092	,4.260,74.140000,16,0,NO,N/A,N/A,N/A,N/A,N/A,N/A,N/A
2,4294967295,594,25,_Z24add_rms_norm_bias_customIfEvPhS0_S0_S0_S0_mmjff,_Z24add_rms_norm_bias_customIfEvPhS0_S0_S0_S0_mmjff,dynamic,AI_VECTOR_CORE,1791520805280954.056	,6.260,90.740000,16,0,NO,N/A,N/A,N/A,N/A,N/A,N/A,N/A
2,4294967295,597,25,_Z24add_rms_norm_bias_customIfEvPhS0_S0_S0_S0_mmjff,_Z24add_rms_norm_bias_customIfEvPhS0_S0_S0_S0_mmjff,dynamic,AI_VECTOR_CORE,1791520805281073.440	,4.200,113.240000,16,0,NO,N/A,N/A,N/A,N/A,N/A,N/A,N/A
2,4294967295,600,25,_Z24add_rms_norm_bias_customIfEvPhS0_S0_S0_S0_mmjff,_Z24add_rms_norm_bias_customIfEvPhS0_S0_S0_S0_mmjff,dynamic,AI_VECTOR_CORE,1791520805281175.940	,5.060,98.300000,16,0,NO,N/A,N/A,N/A,N/A,N/A,N/A,N/A
2,4294967295,603,25,_Z24add_rms_norm_bias_customIfEvPhS0_S0_S0_S0_mmjff,_Z24add_rms_norm_bias_customIfEvPhS0_S0_S0_S0_mmjff,dynamic,AI_VECTOR_CORE,1791520805281272.664	,3.960,91.690000,16,0,NO,N/A,N/A,N/A,N/A,N/A,N/A,N/A
2,4294967295,606,25,_Z24add_rms_norm_bias_customIfEvPhS0_S0_S0_S0_mmjff,_Z24add_rms_norm_bias_customIfEvPhS0_S0_S0_S0_mmjff,dynamic,AI_VECTOR_CORE,1791520805281367.804	,4.600,91.040000,16,0,NO,N/A,N/A,N/A,N/A,N/A,N/A,N/A
2,4294967295,609,25,_Z24add_rms_norm_bias_customIfEvPhS0_S0_S0_S0_mmjff,_Z24add_rms_norm_bias_customIfEvPhS0_S0_S0_S0_mmjff,dynamic,AI_VECTOR_CORE,1791520805281468.464	,6.124,96.150000,16,0,NO,N/A,N/A,N/A,N/A,N/A,N/A,N/A
2,4294967295,612,25,_Z24add_rms_norm_bias_customIfEvPhS0_S0_S0_S0_mmjff,_Z24add_rms_norm_bias_customIfEvPhS0_S0_S0_S0_mmjff,dynamic,AI_VECTOR_CORE,1791520805281560.488	,3.740,85.876000,16,0,NO,N/A,N/A,N/A,N/A,N/A,N/A,N/A
2,4294967295,615,25,_Z24add_rms_norm_bias_customIfEvPhS0_S0_S0_S0_mmjff,_Z24add_rms_norm_bias_customIfEvPhS0_S0_S0_S0_mmjff,dynamic,AI_VECTOR_CORE,1791520805281678.012	,5.640,113.760000,16,0,NO,N/A,N/A,N/A,N/A,N/A,N/A,N/A
2,4294967295,618,25,_Z24add_rms_norm_bias_customIfEvPhS0_S0_S0_S0_mmjff,_Z24add_rms_norm_bias_customIfEvPhS0_S0_S0_S0_mmjff,dynamic,AI_VECTOR_CORE,1791520805281767.572	,5.000,83.860000,16,0,NO,N/A,N/A,N/A,N/A,N/A,N/A,N/A
2,4294967295,621,25,_Z24add_rms_norm_bias_customIfEvPhS0_S0_S0_S0_mmjff,_Z24add_rms_norm_bias_customIfEvPhS0_S0_S0_S0_mmjff,dynamic,AI_VECTOR_CORE,1791520805281863.972	,4.020,91.500000,16,0,NO,N/A,N/A,N/A,N/A,N/A,N/A,N/A
2,4294967295,624,25,_Z24add_rms_norm_bias_customIfEvPhS0_S0_S0_S0_mmjff,_Z24add_rms_norm_bias_customIfEvPhS0_S0_S0_S0_mmjff,dynamic,AI_VECTOR_CORE,1791520805281971.476	,4.220,103.480000,16,0,NO,N/A,N/A,N/A,N/A,N/A,N/A,N/A
2,4294967295,627,25,_Z24add_rms_norm_bias_customIfEvPhS0_S0_S0_S0_mmjff,_Z24add_rms_norm_bias_customIfEvPhS0_S0_S0_S0_mmjff,dynamic,AI_VECTOR_CORE,1791520805282088.660	,5.420,113.030000,16,0,NO,N/A,N/A,N/A,N/A,N/A,N/A,N/A
2,4294967295,630,25,_Z24add_rms_norm_bias_customIfEvPhS0_S0_S0_S0_mmjff,_Z24add_rms_norm_bias_customIfEvPhS0_S0_S0_S0_mmjff,dynamic,AI_VECTOR_CORE,1791520805282179.760	,4.640,85.580000,16,0,NO,N/A,N/A,N/A,N/A,N/A,N/A,N/A
2,4294967295,633,25,_Z24add_rms_norm_bias_customIfEvPhS0_S0_S0_S0_mmjff,_Z24add_rms_norm_bias_customIfEvPhS0_S0_S0_S0_mmjff,dynamic,AI_VECTOR_CORE,1791520805282268.904	,5.780,84.610000,16,0,NO,N/A,N/A,N/A,N/A,N/A,N/A,N/A
2,4294967295,636,25,_Z24add_rms_norm_bias_customIfEvPhS0_S0_S0_S0_mmjff,_Z24add_rms_norm_bias_customIfEvPhS0_S0_S0_S0_mmjff,dynamic,AI_VECTOR_CORE,1791520805282361.904	,4.560,87.220000,16,0,NO,N/A,N/A,N/A,N/A,N/A,N/A,N/A
2,4294967295,639,25,_Z24add_rms_norm_bias_customIfEvPhS0_S0_S0_S0_mmjff,_Z24add_rms_norm_bias_customIfEvPhS0_S0_S0_S0_mmjff,dynamic,AI_VECTOR_CORE,1791520805282458.804	,5.120,92.190000,16,0,NO,N/A,N/A,N/A,N/A,N/A,N/A,N/A
2,4294967295,642,25,_Z24add_rms_norm_bias_customIfEvPhS0_S0_S0_S0_mmjff,_Z24add_rms_norm_bias_customIfEvPhS0_S0_S0_S0_mmjff,dynamic,AI_VECTOR_CORE,1791520805282578.968	,5.100,115.130000,16,0,NO,N/A,N/A,N/A,N/A,N/A,N/A,N/A
2,4294967295,645,25,_Z24add_rms_norm_bias_customIfEvPhS0_S0_S0_S0_mmjff,_Z24add_rms_norm_bias_customIfEvPhS0_S0_S0_S0_mmjff,dynamic,AI_VECTOR_CORE,1791520805282692.252	,4.520,108.150000,16,0,NO,N/A,N/A,N/A,N/A,N/A,N/A,N/A
2,4294967295,648,25,_Z24add_rms_norm_bias_customIfEvPhS0_S0_S0_S0_mmjff,_Z24add_rms_norm_bias_customIfEvPhS0_S0_S0_S0_mmjff,dynamic,AI_VECTOR_CORE,1791520805282803.792	,31.280,106.980000,16,0,NO,N/A,N/A,N/A,N/A,N/A,N/A,N/A
2,4294967295,651,25,_Z24add_rms_norm_bias_customIfEvPhS0_S0_S0_S0_mmjff,_Z24add_rms_norm_bias_customIfEvPhS0_S0_S0_S0_mmjff,dynamic,AI_VECTOR_CORE,1791520805282906.676	,5.140,71.720000,16,0,NO,N/A,N/A,N/A,N/A,N/A,N/A,N/A
2,4294967295,654,25,_Z24add_rms_norm_bias_customIfEvPhS0_S0_S0_S0_mmjff,_Z24add_rms_norm_bias_customIfEvPhS0_S0_S0_S0_mmjff,dynamic,AI_VECTOR_CORE,1791520805282997.576	,5.500,85.610000,16,0,NO,N/A,N/A,N/A,N/A,N/A,N/A,N/A
2,4294967295,657,25,_Z24add_rms_norm_bias_customIfEvPhS0_S0_S0_S0_mmjff,_Z24add_rms_norm_bias_customIfEvPhS0_S0_S0_S0_mmjff,dynamic,AI_VECTOR_CORE,1791520805283100.360	,5.040,97.250000,16,0,NO,N/A,N/A,N/A,N/A,N/A,N/A,N/A
2,4294967295,660,25,_Z24add_rms_norm_bias_customIfEvPhS0_S0_S0_S0_mmjff,_Z24add_rms_norm_bias_customIfEvPhS0_S0_S0_S0_mmjff,dynamic,AI_VECTOR_CORE,1791520805283191.960	,4.940,86.710000,16,0,NO,N/A,N/A,N/A,N/A,N/A,N/A,N/A
2,4294967295,663,25,_Z24add_rms_norm_bias_customIfEvPhS0_S0_S0_S0_mmjff,_Z24add_rms_norm_bias_customIfEvPhS0_S0_S0_S0_mmjff,dynamic,AI_VECTOR_CORE,1791520805283303.104	,3.420,106.060000,16,0,NO,N/A,N/A,N/A,N/A,N/A,N/A,N/A
2,4294967295,666,25,_Z24add_rms_norm_bias_customIfEvPhS0_S0_S0_S0_mmjff,_Z24add_rms_norm_bias_customIfEvPhS0_S0_S0_S0_mmjff,dynamic,AI_VECTOR_CORE,1791520805283416.184	,4.440,109.830000,16,0,NO,N/A,N/A,N/A,N/A,N/A,N/A,N/A
2,4294967295,669,25,_Z24add_rms_norm_bias_customIfEvPhS0_S0_S0_S0_mmjff,_Z24add_rms_norm_bias_customIfEvPhS0_S0_S0_S0_mmjff,dynamic,AI_VECTOR_CORE,1791520805283513.228	,3.240,92.560000,16,0,NO,N/A,N/A,N/A,N/A,N/A,N/A,N/A
2,4294967295,672,25,_Z24add_rms_norm_bias_customIfEvPhS0_S0_S0_S0_mmjff,_Z24add_rms_norm_bias_customIfEvPhS0_S0_S0_S0_mmjff,dynamic,AI_VECTOR_CORE,1791520805283635.548	,6.780,119.010000,16,0,NO,N/A,N/A,N/A,N/A,N/A,N/A,N/A
2,4294967295,675,25,_Z24add_rms_norm_bias_customIfEvPhS0_S0_S0_S0_mmjff,_Z24add_rms_norm_bias_customIfEvPhS0_S0_S0_S0_mmjff,dynamic,AI_VECTOR_CORE,1791520805283740.032	,4.580,97.720000,16,0,NO,N/A,N/A,N/A,N/A,N/A,N/A,N/A
2,4294967295,678,25,_Z24add_rms_norm_bias_customIfEvPhS0_S0_S0_S0_mmjff,_Z24add_rms_norm_bias_customIfEvPhS0_S0_S0_S0_mmjff,dynamic,AI_VECTOR_CORE,1791520805283853.512	,5.180,108.920000,16,0,NO,N/A,N/A,N/A,N/A,N/A,N/A,N/A
2,4294967295,681,25,_Z24add_rms_norm_bias_customIfEvPhS0_S0_S0_S0_mmjff,_Z24add_rms_norm_bias_customIfEvPhS0_S0_S0_S0_mmjff,dynamic,AI_VECTOR_CORE,1791520805283946.696	,4.980,88.070000,16,0,NO,N/A,N/A,N/A,N/A,N/A,N/A,N/A
2,4294967295,684,25,_Z24add_rms_norm_bias_customIfEvPhS0_S0_S0_S0_mmjff,_Z24add_rms_norm_bias_customIfEvPhS0_S0_S0_S0_mmjff,dynamic,AI_VECTOR_CORE,1791520805284049.136	,4.540,97.520000,16,0,NO,N/A,N/A,N/A,N/A,N/A,N/A,N/A
2,4294967295,687,25,_Z24add_rms_norm_bias_customIfEvPhS0_S0_S0_S0_mmjff,_Z24add_rms_norm_bias_customIfEvPhS0_S0_S0_S0_mmjff,dynamic,AI_VECTOR_CORE,1791520805284134.160	,4.460,80.460000,16,0,NO,N/A,N/A,N/A,N/A,N/A,N/A,N/A
2,4294967295,690,25,_Z24add_rms_norm_bias_customIfEvPhS0_S0_S0_S0_mmjff,_Z24add_rms_norm_bias_customIfEvPhS0_S0_S0_S0_mmjff,dynamic,AI_VECTOR_CORE,1791520805284232.440	,4.560,93.790000,16,0,NO,N/A,N/A,N/A,N/A,N/A,N/A,N/A
2,4294967295,693,25,_Z24add_rms_norm_bias_customIfEvPhS0_S0_S0_S0_mmjff,_Z24add_rms_norm_bias_customIfEvPhS0_S0_S0_S0_mmjff,dynamic,AI_VECTOR_CORE,1791520805284352.624	,4.420,115.440000,16,0,NO,N/A,N/A,N/A,N/A,N/A,N/A,N/A
2,4294967295,696,25,_Z24add_rms_norm_bias_customIfEvPhS0_S0_S0_S0_mmjff,_Z24add_rms_norm_bias_customIfEvPhS0_S0_S0_S0_mmjff,dynamic,AI_VECTOR_CORE,1791520805284480.948	,4.600,124.080000,16,0,NO,N/A,N/A,N/A,N/A,N/A,N/A,N/A
2,4294967295,699,25,_Z24add_rms_norm_bias_customIfEvPhS0_S0_S0_S0_mmjff,_Z24add_rms_norm_bias_customIfEvPhS0_S0_S0_S0_mmjff,dynamic,AI_VECTOR_CORE,1791520805284573.588	,4.620,87.900000,16,0,NO,N/A,N/A,N/A,N/A,N/A,N/A,N/A
2,4294967295,702,25,_Z24add_rms_norm_bias_customIfEvPhS0_S0_S0_S0_mmjff,_Z24add_rms_norm_bias_customIfEvPhS0_S0_S0_S0_mmjff,dynamic,AI_VECTOR_CORE,1791520805284662.768	,4.740,84.630000,16,0,NO,N/A,N/A,N/A,N/A,N/A,N/A,N/A
2,4294967295,705,25,_Z24add_rms_norm_bias_customIfEvPhS0_S0_S0_S0_mmjff,_Z24add_rms_norm_bias_customIfEvPhS0_S0_S0_S0_mmjff,dynamic,AI_VECTOR_CORE,1791520805284758.652	,3.400,91.260000,16,0,NO,N/A,N/A,N/A,N/A,N/A,N/A,N/A
2,4294967295,708,25,_Z24add_rms_norm_bias_customIfEvPhS0_S0_S0_S0_mmjff,_Z24add_rms_norm_bias_customIfEvPhS0_S0_S0_S0_mmjff,dynamic,AI_VECTOR_CORE,1791520805284846.832	,4.460,84.600000,16,0,NO,N/A,N/A,N/A,N/A,N/A,N/A,N/A
2,4294967295,711,25,_Z24add_rms_norm_bias_customIfEvPhS0_S0_S0_S0_mmjff,_Z24add_rms_norm_bias_customIfEvPhS0_S0_S0_S0_mmjff,dynamic,AI_VECTOR_CORE,1791520805284951.376	,12.060,100.290000,16,0,NO,N/A,N/A,N/A,N/A,N/A,N/A,N/A
2,4294967295,714,25,_Z24add_rms_norm_bias_customIfEvPhS0_S0_S0_S0_mmjff,_Z24add_rms_norm_bias_customIfEvPhS0_S0_S0_S0_mmjff,dynamic,AI_VECTOR_CORE,1791520805285067.256	,4.440,103.690000,16,0,NO,N/A,N/A,N/A,N/A,N/A,N/A,N/A
2,4294967295,717,25,_Z24add_rms_norm_bias_customIfEvPhS0_S0_S0_S0_mmjff,_Z24add_rms_norm_bias_customIfEvPhS0_S0_S0_S0_mmjff,dynamic,AI_VECTOR_CORE,1791520805285174.820	,4.400,103.060000,16,0,NO,N/A,N/A,N/A,N/A,N/A,N/A,N/A
2,4294967295,720,25,_Z24add_rms_norm_bias_customIfEvPhS0_S0_S0_S0_mmjff,_Z24add_rms_norm_bias_customIfEvPhS0_S0_S0_S0_mmjff,dynamic,AI_VECTOR_CORE,1791520805285293.444	,4.220,114.350000,16,0,NO,N/A,N/A,N/A,N/A,N/A,N/A,N/A
2,4294967295,723,25,_Z24add_rms_norm_bias_customIfEvPhS0_S0_S0_S0_mmjff,_Z24add_rms_norm_bias_customIfEvPhS0_S0_S0_S0_mmjff,dynamic,AI_VECTOR_CORE,1791520805285377.524	,18.340,79.780000,16,0,NO,N/A,N/A,N/A,N/A,N/A,N/A,N/A
2,4294967295,726,25,_Z24add_rms_norm_bias_customIfEvPhS0_S0_S0_S0_mmjff,_Z24add_rms_norm_bias_customIfEvPhS0_S0_S0_S0_mmjff,dynamic,AI_VECTOR_CORE,1791520805285478.208	,4.380,82.410000,16,0,NO,N/A,N/A,N/A,N/A,N/A,N/A,N/A
2,4294967295,729,25,_Z24add_rms_norm_bias_customIfEvPhS0_S0_S0_S0_mmjff,_Z24add_rms_norm_bias_customIfEvPhS0_S0_S0_S0_mmjff,dynamic,AI_VECTOR_CORE,1791520805285581.308	,4.600,98.620000,16,0,NO,N/A,N/A,N/A,N/A,N/A,N/A,N/A
2,4294967295,732,25,_Z24add_rms_norm_bias_customIfEvPhS0_S0_S0_S0_mmjff,_Z24add_rms_norm_bias_customIfEvPhS0_S0_S0_S0_mmjff,dynamic,AI_VECTOR_CORE,1791520805285672.328	,4.344,86.400000,16,0,NO,N/A,N/A,N/A,N/A,N/A,N/A,N/A
2,4294967295,735,25,_Z24add_rms_norm_bias_customIfEvPhS0_S0_S0_S0_mmjff,_Z24add_rms_norm_bias_customIfEvPhS0_S0_S0_S0_mmjff,dynamic,AI_VECTOR_CORE,1791520805285766.832	,4.700,90.156000,16,0,NO,N/A,N/A,N/A,N/A,N/A,N/A,N/A
2,4294967295,738,25,_Z24add_rms_norm_bias_customIfEvPhS0_S0_S0_S0_mmjff,_Z24add_rms_norm_bias_customIfEvPhS0_S0_S0_S0_mmjff,dynamic,AI_VECTOR_CORE,1791520805285865.532	,4.720,94.050000,16,0,NO,N/A,N/A,N/A,N/A,N/A,N/A,N/A
2,4294967295,741,25,_Z24add_rms_norm_bias_customIfEvPhS0_S0_S0_S0_mmjff,_Z24add_rms_norm_bias_customIfEvPhS0_S0_S0_S0_mmjff,dynamic,AI_VECTOR_CORE,1791520805285959.896	,4.420,89.780000,16,0,NO,N/A,N/A,N/A,N/A,N/A,N/A,N/A
2,4294967295,744,25,_Z24add_rms_norm_bias_customIfEvPhS0_S0_S0_S0_mmjff,_Z24add_rms_norm_bias_customIfEvPhS0_S0_S0_S0_mmjff,dynamic,AI_VECTOR_CORE,1791520805286083.100	,4.260,118.580000,16,0,NO,N/A,N/A,N/A,N/A,N/A,N/A,N/A
2,4294967295,747,25,_Z24add_rms_norm_bias_customIfEvPhS0_S0_S0_S0_mmjff,_Z24add_rms_norm_bias_customIfEvPhS0_S0_S0_S0_mmjff,dynamic,AI_VECTOR_CORE,1791520805286175.600	,4.960,88.240000,16,0,NO,N/A,N/A,N/A,N/A,N/A,N/A,N/A
2,4294967295,750,25,_Z24add_rms_norm_bias_customIfEvPhS0_S0_S0_S0_mmjff,_Z24add_rms_norm_bias_customIfEvPhS0_S0_S0_S0_mmjff,dynamic,AI_VECTOR_CORE,1791520805286269.760	,5.280,89.290000,16,0,NO,N/A,N/A,N/A,N/A,N/A,N/A,N/A
2,4294967295,753,25,_Z24add_rms_norm_bias_customIfEvPhS0_S0_S0_S0_mmjff,_Z24add_rms_norm_bias_customIfEvPhS0_S0_S0_S0_mmjff,dynamic,AI_VECTOR_CORE,1791520805286387.644	,4.260,112.720000,16,0,NO,N/A,N/A,N/A,N/A,N/A,N/A,N/A
2,4294967295,756,25,_Z24add_rms_norm_bias_customIfEvPhS0_S0_S0_S0_mmjff,_Z24add_rms_norm_bias_customIfEvPhS0_S0_S0_S0_mmjff,dynamic,AI_VECTOR_CORE,1791520805286471.644	,12.604,79.740000,16,0,NO,N/A,N/A,N/A,N/A,N/A,N/A,N/A
2,4294967295,759,25,_Z24add_rms_norm_bias_customIfEvPhS0_S0_S0_S0_mmjff,_Z24add_rms_norm_bias_customIfEvPhS0_S0_S0_S0_mmjff,dynamic,AI_VECTOR_CORE,1791520805286556.888	,5.200,72.646000,16,0,NO,N/A,N/A,N/A,N/A,N/A,N/A,N/A
2,4294967295,762,25,_Z24add_rms_norm_bias_customIfEvPhS0_S0_S0_S0_mmjff,_Z24add_rms_norm_bias_customIfEvPhS0_S0_S0_S0_mmjff,dynamic,AI_VECTOR_CORE,1791520805286655.308	,4.620,93.050000,16,0,NO,N/A,N/A,N/A,N/A,N/A,N/A,N/A
2,4294967295,765,25,_Z24add_rms_norm_bias_customIfEvPhS0_S0_S0_S0_mmjff,_Z24add_rms_norm_bias_customIfEvPhS0_S0_S0_S0_mmjff,dynamic,AI_VECTOR_CORE,1791520805286751.892	,4.360,92.130000,16,0,NO,N/A,N/A,N/A,N/A,N/A,N/A,N/A
2,4294967295,768,25,_Z24add_rms_norm_bias_customIfEvPhS0_S0_S0_S0_mmjff,_Z24add_rms_norm_bias_customIfEvPhS0_S0_S0_S0_mmjff,dynamic,AI_VECTOR_CORE,1791520805286865.932	,4.740,109.640000,16,0,NO,N/A,N/A,N/A,N/A,N/A,N/A,N/A
2,4294967295,771,25,_Z24add_rms_norm_bias_customIfEvPhS0_S0_S0_S0_mmjff,_Z24add_rms_norm_bias_customIfEvPhS0_S0_S0_S0_mmjff,dynamic,AI_VECTOR_CORE,1791520805286972.236	,4.020,101.510000,16,0,NO,N/A,N/A,N/A,N/A,N/A,N/A,N/A
2,4294967295,774,25,_Z24add_rms_norm_bias_customIfEvPhS0_S0_S0_S0_mmjff,_Z24add_rms_norm_bias_customIfEvPhS0_S0_S0_S0_mmjff,dynamic,AI_VECTOR_CORE,1791520805287057.996	,5.960,81.730000,16,0,NO,N/A,N/A,N/A,N/A,N/A,N/A,N/A
2,4294967295,777,25,_Z24add_rms_norm_bias_customIfEvPhS0_S0_S0_S0_mmjff,_Z24add_rms_norm_bias_customIfEvPhS0_S0_S0_S0_mmjff,dynamic,AI_VECTOR_CORE,1791520805287154.960	,4.620,91.040000,16,0,NO,N/A,N/A,N/A,N/A,N/A,N/A,N/A
2,4294967295,780,25,_Z24add_rms_norm_bias_customIfEvPhS0_S0_S0_S0_mmjff,_Z24add_rms_norm_bias_customIfEvPhS0_S0_S0_S0_mmjff,dynamic,AI_VECTOR_CORE,1791520805287247.200	,35.484,87.630000,16,0,NO,N/A,N/A,N/A,N/A,N/A,N/A,N/A
2,4294967295,783,25,_Z24add_rms_norm_bias_customIfEvPhS0_S0_S0_S0_mmjff,_Z24add_rms_norm_bias_customIfEvPhS0_S0_S0_S0_mmjff,dynamic,AI_VECTOR_CORE,1791520805287352.504	,4.580,69.766000,16,0,NO,N/A,N/A,N/A,N/A,N/A,N/A,N/A
2,4294967295,786,25,_Z24add_rms_norm_bias_customIfEvPhS0_S0_S0_S0_mmjff,_Z24add_rms_norm_bias_customIfEvPhS0_S0_S0_S0_mmjff,dynamic,AI_VECTOR_CORE,1791520805287440.784	,5.000,83.670000,16,0,NO,N/A,N/A,N/A,N/A,N/A,N/A,N/A
2,4294967295,789,25,_Z24add_rms_norm_bias_customIfEvPhS0_S0_S0_S0_mmjff,_Z24add_rms_norm_bias_customIfEvPhS0_S0_S0_S0_mmjff,dynamic,AI_VECTOR_CORE,1791520805287574.468	,3.960,128.750000,16,0,NO,N/A,N/A,N/A,N/A,N/A,N/A,N/A
2,4294967295,792,25,_Z24add_rms_norm_bias_customIfEvPhS0_S0_S0_S0_mmjff,_Z24add_rms_norm_bias_customIfEvPhS0_S0_S0_S0_mmjff,dynamic,AI_VECTOR_CORE,1791520805287685.012	,4.240,106.540000,16,0,NO,N/A,N/A,N/A,N/A,N/A,N/A,N/A
2,4294967295,795,25,_Z24add_rms_norm_bias_customIfEvPhS0_S0_S0_S0_mmjff,_Z24add_rms_norm_bias_customIfEvPhS0_S0_S0_S0_mmjff,dynamic,AI_VECTOR_CORE,1791520805287818.772	,3.440,129.510000,16,0,NO,N/A,N/A,N/A,N/A,N/A,N/A,N/A
2,4294967295,798,25,_Z24add_rms_norm_bias_customIfEvPhS0_S0_S0_S0_mmjff,_Z24add_rms_norm_bias_customIfEvPhS0_S0_S0_S0_mmjff,dynamic,AI_VECTOR_CORE,1791520805287924.576	,4.480,102.310000,16,0,NO,N/A,N/A,N/A,N/A,N/A,N/A,N/A
2,4294967295,801,25,_Z24add_rms_norm_bias_customIfEvPhS0_S0_S0_S0_mmjff,_Z24add_rms_norm_bias_customIfEvPhS0_S0_S0_S0_mmjff,dynamic,AI_VECTOR_CORE,1791520805288023.076	,3.820,94.020000,16,0,NO,N/A,N/A,N/A,N/A,N/A,N/A,N/A
2,4294967295,804,25,_Z24add_rms_norm_bias_customIfEvPhS0_S0_S0_S0_mmjff,_Z24add_rms_norm_bias_customIfEvPhS0_S0_S0_S0_mmjff,dynamic,AI_VECTOR_CORE,1791520805288124.700	,4.380,97.930000,16,0,NO,N/A,N/A,N/A,N/A,N/A,N/A,N/A
2,4294967295,807,25,_Z24add_rms_norm_bias_customIfEvPhS0_S0_S0_S0_mmjff,_Z24add_rms_norm_bias_customIfEvPhS0_S0_S0_S0_mmjff,dynamic,AI_VECTOR_CORE,1791520805288220.060	,4.600,90.870000,16,0,NO,N/A,N/A,N/A,N/A,N/A,N/A,N/A
2,4294967295,810,25,_Z24add_rms_norm_bias_customIfEvPhS0_S0_S0_S0_mmjff,_Z24add_rms_norm_bias_customIfEvPhS0_S0_S0_S0_mmjff,dynamic,AI_VECTOR_CORE,1791520805288320.804	,4.660,96.150000,16,0,NO,N/A,N/A,N/A,N/A,N/A,N/A,N/A
2,4294967295,813,25,_Z24add_rms_norm_bias_customIfEvPhS0_S0_S0_S0_mmjff,_Z24add_rms_norm_bias_customIfEvPhS0_S0_S0_S0_mmjff,dynamic,AI_VECTOR_CORE,1791520805288417.904	,4.300,92.590000,16,0,NO,N/A,N/A,N/A,N/A,N/A,N/A,N/A
2,4294967295,816,25,_Z24add_rms_norm_bias_customIfEvPhS0_S0_S0_S0_mmjff,_Z24add_rms_norm_bias_customIfEvPhS0_S0_S0_S0_mmjff,dynamic,AI_VECTOR_CORE,1791520805288540.448	,4.380,118.200000,16,0,NO,N/A,N/A,N/A,N/A,N/A,N/A,N/A
2,4294967295,819,25,_Z24add_rms_norm_bias_customIfEvPhS0_S0_S0_S0_mmjff,_Z24add_rms_norm_bias_customIfEvPhS0_S0_S0_S0_mmjff,dynamic,AI_VECTOR_CORE,1791520805288650.808	,11.280,105.870000,16,0,NO,N/A,N/A,N/A,N/A,N/A,N/A,N/A
2,4294967295,822,25,_Z24add_rms_norm_bias_customIfEvPhS0_S0_S0_S0_mmjff,_Z24add_rms_norm_bias_customIfEvPhS0_S0_S0_S0_mmjff,dynamic,AI_VECTOR_CORE,1791520805288742.952	,4.720,80.970000,16,0,NO,N/A,N/A,N/A,N/A,N/A,N/A,N/A
2,4294967295,825,25,_Z24add_rms_norm_bias_customIfEvPhS0_S0_S0_S0_mmjff,_Z24add_rms_norm_bias_customIfEvPhS0_S0_S0_S0_mmjff,dynamic,AI_VECTOR_CORE,1791520805288847.612	,4.320,99.780000,16,0,NO,N/A,N/A,N/A,N/A,N/A,N/A,N/A
2,4294967295,828,25,_Z24add_rms_norm_bias_customIfEvPhS0_S0_S0_S0_mmjff,_Z24add_rms_norm_bias_customIfEvPhS0_S0_S0_S0_mmjff,dynamic,AI_VECTOR_CORE,1791520805288945.876	,4.400,94.180000,16,0,NO,N/A,N/A,N/A,N/A,N/A,N/A,N/A
2,4294967295,831,25,_Z24add_rms_norm_bias_customIfEvPhS0_S0_S0_S0_mmjff,_Z24add_rms_norm_bias_customIfEvPhS0_S0_S0_S0_mmjff,dynamic,AI_VECTOR_CORE,1791520805289043.996	,4.600,93.600000,16,0,NO,N/A,N/A,N/A,N/A,N/A,N/A,N/A
2,4294967295,834,25,_Z24add_rms_norm_bias_customIfEvPhS0_S0_S0_S0_mmjff,_Z24add_rms_norm_bias_customIfEvPhS0_S0_S0_S0_mmjff,dynamic,AI_VECTOR_CORE,1791520805289147.120	,4.640,98.400000,16,0,NO,N/A,N/A,N/A,N/A,N/A,N/A,N/A
2,4294967295,837,25,_Z24add_rms_norm_bias_customIfEvPhS0_S0_S0_S0_mmjff,_Z24add_rms_norm_bias_customIfEvPhS0_S0_S0_S0_mmjff,dynamic,AI_VECTOR_CORE,1791520805289259.820	,3.300,108.110000,16,0,NO,N/A,N/A,N/A,N/A,N/A,N/A,N/A
2,4294967295,840,25,_Z24add_rms_norm_bias_customIfEvPhS0_S0_S0_S0_mmjff,_Z24add_rms_norm_bias_customIfEvPhS0_S0_S0_S0_mmjff,dynamic,AI_VECTOR_CORE,1791520805289354.924	,37.180,91.950000,16,0,NO,N/A,N/A,N/A,N/A,N/A,N/A,N/A
2,4294967295,843,25,_Z24add_rms_norm_bias_customIfEvPhS0_S0_S0_S0_mmjff,_Z24add_rms_norm_bias_customIfEvPhS0_S0_S0_S0_mmjff,dynamic,AI_VECTOR_CORE,1791520805289464.944	,6.720,72.820000,16,0,NO,N/A,N/A,N/A,N/A,N/A,N/A,N/A
2,4294967295,846,25,_Z24add_rms_norm_bias_customIfEvPhS0_S0_S0_S0_mmjff,_Z24add_rms_norm_bias_customIfEvPhS0_S0_S0_S0_mmjff,dynamic,AI_VECTOR_CORE,1791520805289580.828	,3.920,109.030000,16,0,NO,N/A,N/A,N/A,N/A,N/A,N/A,N/A
2,4294967295,849,25,_Z24add_rms_norm_bias_customIfEvPhS0_S0_S0_S0_mmjff,_Z24add_rms_norm_bias_customIfEvPhS0_S0_S0_S0_mmjff,dynamic,AI_VECTOR_CORE,1791520805289683.852	,4.400,99.080000,16,0,NO,N/A,N/A,N/A,N/A,N/A,N/A,N/A
2,4294967295,852,25,_Z24add_rms_norm_bias_customIfEvPhS0_S0_S0_S0_mmjff,_Z24add_rms_norm_bias_customIfEvPhS0_S0_S0_S0_mmjff,dynamic,AI_VECTOR_CORE,1791520805289763.972	,4.200,75.850000,16,0,NO,N/A,N/A,N/A,N/A,N/A,N/A,N/A
2,4294967295,855,25,_Z24add_rms_norm_bias_customIfEvPhS0_S0_S0_S0_mmjff,_Z24add_rms_norm_bias_customIfEvPhS0_S0_S0_S0_mmjff,dynamic,AI_VECTOR_CORE,1791520805289877.416	,4.656,109.300000,16,0,NO,N/A,N/A,N/A,N/A,N/A,N/A,N/A
2,4294967295,858,25,_Z24add_rms_norm_bias_customIfEvPhS0_S0_S0_S0_mmjff,_Z24add_rms_norm_bias_customIfEvPhS0_S0_S0_S0_mmjff,dynamic,AI_VECTOR_CORE,1791520805289975.696	,4.460,93.594000,16,0,NO,N/A,N/A,N/A,N/A,N/A,N/A,N/A
2,4294967295,861,25,_Z24add_rms_norm_bias_customIfEvPhS0_S0_S0_S0_mmjff,_Z24add_rms_norm_bias_customIfEvPhS0_S0_S0_S0_mmjff,dynamic,AI_VECTOR_CORE,1791520805290084.700	,4.480,104.540000,16,0,NO,N/A,N/A,N/A,N/A,N/A,N/A,N/A
2,4294967295,864,25,_Z24add_rms_norm_bias_customIfEvPhS0_S0_S0_S0_mmjff,_Z24add_rms_norm_bias_customIfEvPhS0_S0_S0_S0_mmjff,dynamic,AI_VECTOR_CORE,1791520805290214.420	,12.020,125.270000,16,0,NO,N/A,N/A,N/A,N/A,N/A,N/A,N/A
2,4294967295,867,25,_Z24add_rms_norm_bias_customIfEvPhS0_S0_S0_S0_mmjff,_Z24add_rms_norm_bias_customIfEvPhS0_S0_S0_S0_mmjff,dynamic,AI_VECTOR_CORE,1791520805290311.224	,4.540,84.730000,16,0,NO,N/A,N/A,N/A,N/A,N/A,N/A,N/A
2,4294967295,870,25,_Z24add_rms_norm_bias_customIfEvPhS0_S0_S0_S0_mmjff,_Z24add_rms_norm_bias_customIfEvPhS0_S0_S0_S0_mmjff,dynamic,AI_VECTOR_CORE,1791520805290404.804	,8.720,88.960000,16,0,NO,N/A,N/A,N/A,N/A,N/A,N/A,N/A
2,4294967295,873,25,_Z24add_rms_norm_bias_customIfEvPhS0_S0_S0_S0_mmjff,_Z24add_rms_norm_bias_customIfEvPhS0_S0_S0_S0_mmjff,dynamic,AI_VECTOR_CORE,1791520805290501.948	,4.320,88.530000,16,0,NO,N/A,N/A,N/A,N/A,N/A,N/A,N/A
2,4294967295,875,25,_Z24add_rms_norm_bias_customIfEvPhS0_S0_S0_S0_mmjff,_Z24add_rms_norm_bias_customIfEvPhS0_S0_S0_S0_mmjff,dynamic,AI_VECTOR_CORE,1791520805290958.636	,2.540,452.430000,1,0,NO,N/A,N/A,N/A,N/A,N/A,N/A,N/A
2,4294967295,876,25,_Z24add_rms_norm_bias_customIfEvPhS0_S0_S0_S0_mmjff,_Z24add_rms_norm_bias_customIfEvPhS0_S0_S0_S0_mmjff,dynamic,AI_VECTOR_CORE,1791520805291039.376	,3.340,78.210000,1,0,NO,N/A,N/A,N/A,N/A,N/A,N/A,N/A
2,4294967295,877,25,_Z24add_rms_norm_bias_customIfEvPhS0_S0_S0_S0_mmjff,_Z24add_rms_norm_bias_customIfEvPhS0_S0_S0_S0_mmjff,dynamic,AI_VECTOR_CORE,1791520805291076.516	,3.060,33.660000,1,0,NO,N/A,N/A,N/A,N/A,N/A,N/A,N/A
2,4294967295,878,25,_Z24add_rms_norm_bias_customIfEvPhS0_S0_S0_S0_mmjff,_Z24add_rms_norm_bias_customIfEvPhS0_S0_S0_S0_mmjff,dynamic,AI_VECTOR_CORE,1791520805291098.500	,2.260,18.940000,1,0,NO,N/A,N/A,N/A,N/A,N/A,N/A,N/A
2,4294967295,879,25,_Z24add_rms_norm_bias_customIfEvPhS0_S0_S0_S0_mmjff,_Z24add_rms_norm_bias_customIfEvPhS0_S0_S0_S0_mmjff,dynamic,AI_VECTOR_CORE,1791520805291144.600	,22.080,43.740000,1,0,NO,N/A,N/A,N/A,N/A,N/A,N/A,N/A
2,4294967295,881,25,_Z24add_rms_norm_bias_customIfEvPhS0_S0_S0_S0_mmjff,_Z24add_rms_norm_bias_customIfEvPhS0_S0_S0_S0_mmjff,dynamic,AI_VECTOR_CORE,1791520805291258.040	,2.420,91.420000,1,0,NO,N/A,N/A,N/A,N/A,N/A,N/A,N/A
2,4294967295,882,25,_Z24add_rms_norm_bias_customIfEvPhS0_S0_S0_S0_mmjff,_Z24add_rms_norm_bias_customIfEvPhS0_S0_S0_S0_mmjff,dynamic,AI_VECTOR_CORE,1791520805291305.484	,2.180,45.080000,1,0,NO,N/A,N/A,N/A,N/A,N/A,N/A,N/A
2,4294967295,883,25,_Z24add_rms_norm_bias_customIfEvPhS0_S0_S0_S0_mmjff,_Z24add_rms_norm_bias_customIfEvPhS0_S0_S0_S0_mmjff,dynamic,AI_VECTOR_CORE,1791520805291342.624	,2.480,34.820000,1,0,NO,N/A,N/A,N/A,N/A,N/A,N/A,N/A
2,4294967295,884,25,_Z24add_rms_norm_bias_customIfEvPhS0_S0_S0_S0_mmjff,_Z24add_rms_norm_bias_customIfEvPhS0_S0_S0_S0_mmjff,dynamic,AI_VECTOR_CORE,1791520805291366.364	,2.300,21.270000,1,0,NO,N/A,N/A,N/A,N/A,N/A,N/A,N/A
2,4294967295,885,25,_Z24add_rms_norm_bias_customIfEvPhS0_S0_S0_S0_mmjff,_Z24add_rms_norm_bias_customIfEvPhS0_S0_S0_S0_mmjff,dynamic,AI_VECTOR_CORE,1791520805291386.924	,2.500,18.450000,1,0,NO,N/A,N/A,N/A,N/A,N/A,N/A,N/A
2,4294967295,886,25,_Z24add_rms_norm_bias_customIfEvPhS0_S0_S0_S0_mmjff,_Z24add_rms_norm_bias_customIfEvPhS0_S0_S0_S0_mmjff,dynamic,AI_VECTOR_CORE,1791520805291411.064	,2.460,21.500000,1,0,NO,N/A,N/A,N/A,N/A,N/A,N/A,N/A
2,4294967295,887,25,_Z24add_rms_norm_bias_customIfEvPhS0_S0_S0_S0_mmjff,_Z24add_rms_norm_bias_customIfEvPhS0_S0_S0_S0_mmjff,dynamic,AI_VECTOR_CORE,1791520805291432.584	,2.560,19.040000,1,0,NO,N/A,N/A,N/A,N/A,N/A,N/A,N/A
2,4294967295,888,25,_Z24add_rms_norm_bias_customIfEvPhS0_S0_S0_S0_mmjff,_Z24add_rms_norm_bias_customIfEvPhS0_S0_S0_S0_mmjff,dynamic,AI_VECTOR_CORE,1791520805291463.684	,2.360,28.690000,1,0,NO,N/A,N/A,N/A,N/A,N/A,N/A,N/A
2,4294967295,889,25,_Z24add_rms_norm_bias_customIfEvPhS0_S0_S0_S0_mmjff,_Z24add_rms_norm_bias_customIfEvPhS0_S0_S0_S0_mmjff,dynamic,AI_VECTOR_CORE,1791520805291492.608	,2.480,26.390000,1,0,NO,N/A,N/A,N/A,N/A,N/A,N/A,N/A
2,4294967295,890,25,_Z24add_rms_norm_bias_customIfEvPhS0_S0_S0_S0_mmjff,_Z24add_rms_norm_bias_customIfEvPhS0_S0_S0_S0_mmjff,dynamic,AI_VECTOR_CORE,1791520805291513.648	,2.320,18.770000,1,0,NO,N/A,N/A,N/A,N/A,N/A,N/A,N/A
2,4294967295,891,25,_Z24add_rms_norm_bias_customIfEvPhS0_S0_S0_S0_mmjff,_Z24add_rms_norm_bias_customIfEvPhS0_S0_S0_S0_mmjff,dynamic,AI_VECTOR_CORE,1791520805291537.388	,2.460,21.430000,1,0,NO,N/A,N/A,N/A,N/A,N/A,N/A,N/A
2,4294967295,892,25,_Z24add_rms_norm_bias_customIfEvPhS0_S0_S0_S0_mmjff,_Z24add_rms_norm_bias_customIfEvPhS0_S0_S0_S0_mmjff,dynamic,AI_VECTOR_CORE,1791520805291561.508	,2.360,21.540000,1,0,NO,N/A,N/A,N/A,N/A,N/A,N/A,N/A
2,4294967295,893,25,_Z24add_rms_norm_bias_customIfEvPhS0_S0_S0_S0_mmjff,_Z24add_rms_norm_bias_customIfEvPhS0_S0_S0_S0_mmjff,dynamic,AI_VECTOR_CORE,1791520805291586.048	,2.400,22.140000,1,0,NO,N/A,N/A,N/A,N/A,N/A,N/A,N/A
2,4294967295,894,25,_Z24add_rms_norm_bias_customIfEvPhS0_S0_S0_S0_mmjff,_Z24add_rms_norm_bias_customIfEvPhS0_S0_S0_S0_mmjff,dynamic,AI_VECTOR_CORE,1791520805291612.628	,2.580,24.350000,1,0,NO,N/A,N/A,N/A,N/A,N/A,N/A,N/A
2,4294967295,895,25,_Z24add_rms_norm_bias_customIfEvPhS0_S0_S0_S0_mmjff,_Z24add_rms_norm_bias_customIfEvPhS0_S0_S0_S0_mmjff,dynamic,AI_VECTOR_CORE,1791520805291654.328	,2.460,38.920000,1,0,NO,N/A,N/A,N/A,N/A,N/A,N/A,N/A
2,4294967295,896,25,_Z24add_rms_norm_bias_customIfEvPhS0_S0_S0_S0_mmjff,_Z24add_rms_norm_bias_customIfEvPhS0_S0_S0_S0_mmjff,dynamic,AI_VECTOR_CORE,1791520805291705.072	,26.640,48.290000,1,0,NO,N/A,N/A,N/A,N/A,N/A,N/A,N/A
2,4294967295,898,25,_Z24add_rms_norm_bias_customIfEvPhS0_S0_S0_S0_mmjff,_Z24add_rms_norm_bias_customIfEvPhS0_S0_S0_S0_mmjff,dynamic,AI_VECTOR_CORE,1791520805291807.252	,2.260,75.610000,1,0,NO,N/A,N/A,N/A,N/A,N/A,N/A,N/A
2,4294967295,899,25,_Z24add_rms_norm_bias_customIfEvPhS0_S0_S0_S0_mmjff,_Z24add_rms_norm_bias_customIfEvPhS0_S0_S0_S0_mmjff,dynamic,AI_VECTOR_CORE,1791520805291853.812	,2.360,44.240000,1,0,NO,N/A,N/A,N/A,N/A,N/A,N/A,N/A
2,4294967295,900,25,_Z24add_rms_norm_bias_customIfEvPhS0_S0_S0_S0_mmjff,_Z24add_rms_norm_bias_customIfEvPhS0_S0_S0_S0_mmjff,dynamic,AI_VECTOR_CORE,1791520805291878.712	,2.304,22.640000,1,0,NO,N/A,N/A,N/A,N/A,N/A,N/A,N/A
2,4294967295,901,25,_Z24add_rms_norm_bias_customIfEvPhS0_S0_S0_S0_mmjff,_Z24add_rms_norm_bias_customIfEvPhS0_S0_S0_S0_mmjff,dynamic,AI_VECTOR_CORE,1791520805291903.516	,2.420,22.446000,1,0,NO,N/A,N/A,N/A,N/A,N/A,N/A,N/A
2,4294967295,902,25,_Z24add_rms_norm_bias_customIfEvPhS0_S0_S0_S0_mmjff,_Z24add_rms_norm_bias_customIfEvPhS0_S0_S0_S0_mmjff,dynamic,AI_VECTOR_CORE,1791520805291926.296	,2.500,20.330000,1,0,NO,N/A,N/A,N/A,N/A,N/A,N/A,N/A
2,4294967295,903,25,_Z24add_rms_norm_bias_customIfEvPhS0_S0_S0_S0_mmjff,_Z24add_rms_norm_bias_customIfEvPhS0_S0_S0_S0_mmjff,dynamic,AI_VECTOR_CORE,1791520805291945.976	,2.500,17.250000,1,0,NO,N/A,N/A,N/A,N/A,N/A,N/A,N/A
2,4294967295,904,25,_Z24add_rms_norm_bias_customIfEvPhS0_S0_S0_S0_mmjff,_Z24add_rms_norm_bias_customIfEvPhS0_S0_S0_S0_mmjff,dynamic,AI_VECTOR_CORE,1791520805291969.936	,2.540,21.500000,1,0,NO,N/A,N/A,N/A,N/A,N/A,N/A,N/A
2,4294967295,905,25,_Z24add_rms_norm_bias_customIfEvPhS0_S0_S0_S0_mmjff,_Z24add_rms_norm_bias_customIfEvPhS0_S0_S0_S0_mmjff,dynamic,AI_VECTOR_CORE,1791520805291992.376	,2.380,19.960000,1,0,NO,N/A,N/A,N/A,N/A,N/A,N/A,N/A
2,4294967295,906,25,_Z24add_rms_norm_bias_customIfEvPhS0_S0_S0_S0_mmjff,_Z24add_rms_norm_bias_customIfEvPhS0_S0_S0_S0_mmjff,dynamic,AI_VECTOR_CORE,1791520805292016.696	,2.400,21.870000,1,0,NO,N/A,N/A,N/A,N/A,N/A,N/A,N/A
2,4294967295,907,25,_Z24add_rms_norm_bias_customIfEvPhS0_S0_S0_S0_mmjff,_Z24add_rms_norm_bias_customIfEvPhS0_S0_S0_S0_mmjff,dynamic,AI_VECTOR_CORE,1791520805292055.676	,2.440,36.600000,1,0,NO,N/A,N/A,N/A,N/A,N/A,N/A,N/A
2,4294967295,909,25,_Z24add_rms_norm_bias_customIfEvPhS0_S0_S0_S0_mmjff,_Z24add_rms_norm_bias_customIfEvPhS0_S0_S0_S0_mmjff,dynamic,AI_VECTOR_CORE,1791520805292147.660	,2.260,89.560000,1,0,NO,N/A,N/A,N/A,N/A,N/A,N/A,N/A
2,4294967295,910,25,_Z24add_rms_norm_bias_customIfEvPhS0_S0_S0_S0_mmjff,_Z24add_rms_norm_bias_customIfEvPhS0_S0_S0_S0_mmjff,dynamic,AI_VECTOR_CORE,1791520805292203.220	,2.100,53.240000,1,0,NO,N/A,N/A,N/A,N/A,N/A,N/A,N/A
2,4294967295,911,25,_Z24add_rms_norm_bias_customIfEvPhS0_S0_S0_S0_mmjff,_Z24add_rms_norm_bias_customIfEvPhS0_S0_S0_S0_mmjff,dynamic,AI_VECTOR_CORE,1791520805292227.280	,2.300,21.900000,1,0,NO,N/A,N/A,N/A,N/A,N/A,N/A,N/A
2,4294967295,912,25,_Z24add_rms_norm_bias_customIfEvPhS0_S0_S0_S0_mmjff,_Z24add_rms_norm_bias_customIfEvPhS0_S0_S0_S0_mmjff,dynamic,AI_VECTOR_CORE,1791520805292294.604	,2.160,64.950000,1,0,NO,N/A,N/A,N/A,N/A,N/A,N/A,N/A
2,4294967295,914,25,_Z24add_rms_norm_bias_customIfEvPhS0_S0_S0_S0_mmjff,_Z24add_rms_norm_bias_customIfEvPhS0_S0_S0_S0_mmjff,dynamic,AI_VECTOR_CORE,1791520805292384.304	,2.220,87.590000,1,0,NO,N/A,N/A,N/A,N/A,N/A,N/A,N/A
2,4294967295,915,25,_Z24add_rms_norm_bias_customIfEvPhS0_S0_S0_S0_mmjff,_Z24add_rms_norm_bias_customIfEvPhS0_S0_S0_S0_mmjff,dynamic,AI_VECTOR_CORE,1791520805292425.924	,2.160,39.530000,1,0,NO,N/A,N/A,N/A,N/A,N/A,N/A,N/A
2,4294967295,916,25,_Z24add_rms_norm_bias_customIfEvPhS0_S0_S0_S0_mmjff,_Z24add_rms_norm_bias_customIfEvPhS0_S0_S0_S0_mmjff,dynamic,AI_VECTOR_CORE,1791520805292445.384	,2.320,17.340000,1,0,NO,N/A,N/A,N/A,N/A,N/A,N/A,N/A
2,4294967295,917,25,_Z24add_rms_norm_bias_customIfEvPhS0_S0_S0_S0_mmjff,_Z24add_rms_norm_bias_customIfEvPhS0_S0_S0_S0_mmjff,dynamic,AI_VECTOR_CORE,1791520805292488.068	,2.160,40.180000,1,0,NO,N/A,N/A,N/A,N/A,N/A,N/A,N/A
2,4294967295,919,25,_Z24add_rms_norm_bias_customIfEvPhS0_S0_S0_S0_mmjff,_Z24add_rms_norm_bias_customIfEvPhS0_S0_S0_S0_mmjff,dynamic,AI_VECTOR_CORE,1791520805292571.448	,2.300,81.340000,1,0,NO,N/A,N/A,N/A,N/A,N/A,N/A,N/A
2,4294967295,920,25,_Z24add_rms_norm_bias_customIfEvPhS0_S0_S0_S0_mmjff,_Z24add_rms_norm_bias_customIfEvPhS0_S0_S0_S0_mmjff,dynamic,AI_VECTOR_CORE,1791520805292617.968	,2.160,44.200000,1,0,NO,N/A,N/A,N/A,N/A,N/A,N/A,N/A
2,4294967295,921,25,_Z24add_rms_norm_bias_customIfEvPhS0_S0_S0_S0_mmjff,_Z24add_rms_norm_bias_customIfEvPhS0_S0_S0_S0_mmjff,dynamic,AI_VECTOR_CORE,1791520805292646.108	,2.300,25.840000,1,0,NO,N/A,N/A,N/A,N/A,N/A,N/A,N/A
2,4294967295,922,25,_Z24add_rms_norm_bias_customIfEvPhS0_S0_S0_S0_mmjff,_Z24add_rms_norm_bias_customIfEvPhS0_S0_S0_S0_mmjff,dynamic,AI_VECTOR_CORE,1791520805292673.768	,2.100,25.450000,1,0,NO,N/A,N/A,N/A,N/A,N/A,N/A,N/A
2,4294967295,923,25,_Z24add_rms_norm_bias_customIfEvPhS0_S0_S0_S0_mmjff,_Z24add_rms_norm_bias_customIfEvPhS0_S0_S0_S0_mmjff,dynamic,AI_VECTOR_CORE,1791520805292702.632	,2.240,26.900000,1,0,NO,N/A,N/A,N/A,N/A,N/A,N/A,N/A
2,4294967295,924,25,_Z24add_rms_norm_bias_customIfEvPhS0_S0_S0_S0_mmjff,_Z24add_rms_norm_bias_customIfEvPhS0_S0_S0_S0_mmjff,dynamic,AI_VECTOR_CORE,1791520805292728.432	,2.180,23.510000,1,0,NO,N/A,N/A,N/A,N/A,N/A,N/A,N/A
2,4294967295,925,25,_Z24add_rms_norm_bias_customIfEvPhS0_S0_S0_S0_mmjff,_Z24add_rms_norm_bias_customIfEvPhS0_S0_S0_S0_mmjff,dynamic,AI_VECTOR_CORE,1791520805292775.812	,2.240,45.070000,1,0,NO,N/A,N/A,N/A,N/A,N/A,N/A,N/A
2,4294967295,926,25,_Z24add_rms_norm_bias_customIfEvPhS0_S0_S0_S0_mmjff,_Z24add_rms_norm_bias_customIfEvPhS0_S0_S0_S0_mmjff,dynamic,AI_VECTOR_CORE,1791520805292807.052	,2.240,29.010000,1,0,NO,N/A,N/A,N/A,N/A,N/A,N/A,N/A
2,4294967295,927,25,_Z24add_rms_norm_bias_customIfEvPhS0_S0_S0_S0_mmjff,_Z24add_rms_norm_bias_customIfEvPhS0_S0_S0_S0_mmjff,dynamic,AI_VECTOR_CORE,1791520805292833.672	,11.180,24.510000,1,0,NO,N/A,N/A,N/A,N/A,N/A,N/A,N/A
2,4294967295,929,25,_Z24add_rms_norm_bias_customIfEvPhS0_S0_S0_S0_mmjff,_Z24add_rms_norm_bias_customIfEvPhS0_S0_S0_S0_mmjff,dynamic,AI_VECTOR_CORE,1791520805292927.696	,2.100,82.820000,1,0,NO,N/A,N/A,N/A,N/A,N/A,N/A,N/A
2,4294967295,930,25,_Z24add_rms_norm_bias_customIfEvPhS0_S0_S0_S0_mmjff,_Z24add_rms_norm_bias_customIfEvPhS0_S0_S0_S0_mmjff,dynamic,AI_VECTOR_CORE,1791520805292971.656	,2.280,41.900000,1,0,NO,N/A,N/A,N/A,N/A,N/A,N/A,N/A
2,4294967295,932,25,_Z24add_rms_norm_bias_customIfEvPhS0_S0_S0_S0_mmjff,_Z24add_rms_norm_bias_customIfEvPhS0_S0_S0_S0_mmjff,dynamic,AI_VECTOR_CORE,1791520805293062.676	,2.100,88.720000,1,0,NO,N/A,N/A,N/A,N/A,N/A,N/A,N/A
2,4294967295,933,25,_Z24add_rms_norm_bias_customIfEvPhS0_S0_S0_S0_mmjff,_Z24add_rms_norm_bias_customIfEvPhS0_S0_S0_S0_mmjff,dynamic,AI_VECTOR_CORE,1791520805293104.560	,2.300,39.650000,1,0,NO,N/A,N/A,N/A,N/A,N/A,N/A,N/A
2,4294967295,934,25,_Z24add_rms_norm_bias_customIfEvPhS0_S0_S0_S0_mmjff,_Z24add_rms_norm_bias_customIfEvPhS0_S0_S0_S0_mmjff,dynamic,AI_VECTOR_CORE,1791520805293130.540	,2.060,23.700000,1,0,NO,N/A,N/A,N/A,N/A,N/A,N/A,N/A
2,4294967295,935,25,_Z24add_rms_norm_bias_customIfEvPhS0_S0_S0_S0_mmjff,_Z24add_rms_norm_bias_customIfEvPhS0_S0_S0_S0_mmjff,dynamic,AI_VECTOR_CORE,1791520805293154.760	,2.280,22.190000,1,0,NO,N/A,N/A,N/A,N/A,N/A,N/A,N/A
2,4294967295,936,25,_Z24add_rms_norm_bias_customIfEvPhS0_S0_S0_S0_mmjff,_Z24add_rms_norm_bias_customIfEvPhS0_S0_S0_S0_mmjff,dynamic,AI_VECTOR_CORE,1791520805293176.900	,2.120,19.970000,1,0,NO,N/A,N/A,N/A,N/A,N/A,N/A,N/A
2,4294967295,937,25,_Z24add_rms_norm_bias_customIfEvPhS0_S0_S0_S0_mmjff,_Z24add_rms_norm_bias_customIfEvPhS0_S0_S0_S0_mmjff,dynamic,AI_VECTOR_CORE,1791520805293202.660	,2.300,23.630000,1,0,NO,N/A,N/A,N/A,N/A,N/A,N/A,N/A
2,4294967295,938,25,_Z24add_rms_norm_bias_customIfEvPhS0_S0_S0_S0_mmjff,_Z24add_rms_norm_bias_customIfEvPhS0_S0_S0_S0_mmjff,dynamic,AI_VECTOR_CORE,1791520805293230.860	,2.140,25.700000,1,0,NO,N/A,N/A,N/A,N/A,N/A,N/A,N/A
2,4294967295,939,25,_Z24add_rms_norm_bias_customIfEvPhS0_S0_S0_S0_mmjff,_Z24add_rms_norm_bias_customIfEvPhS0_S0_S0_S0_mmjff,dynamic,AI_VECTOR_CORE,1791520805293272.180	,2.320,39.360000,1,0,NO,N/A,N/A,N/A,N/A,N/A,N/A,N/A
2,4294967295,940,25,_Z24add_rms_norm_bias_customIfEvPhS0_S0_S0_S0_mmjff,_Z24add_rms_norm_bias_customIfEvPhS0_S0_S0_S0_mmjff,dynamic,AI_VECTOR_CORE,1791520805293315.504	,2.120,40.930000,1,0,NO,N/A,N/A,N/A,N/A,N/A,N/A,N/A
2,4294967295,941,25,_Z24add_rms_norm_bias_customIfEvPhS0_S0_S0_S0_mmjff,_Z24add_rms_norm_bias_customIfEvPhS0_S0_S0_S0_mmjff,dynamic,AI_VECTOR_CORE,1791520805293337.984	,2.300,20.380000,1,0,NO,N/A,N/A,N/A,N/A,N/A,N/A,N/A
2,4294967295,943,25,_Z24add_rms_norm_bias_customIfEvPhS0_S0_S0_S0_mmjff,_Z24add_rms_norm_bias_customIfEvPhS0_S0_S0_S0_mmjff,dynamic,AI_VECTOR_CORE,1791520805293392.404	,2.100,52.200000,1,0,NO,N/A,N/A,N/A,N/A,N/A,N/A,N/A
2,4294967295,946,25,_Z24add_rms_norm_bias_customIfEvPhS0_S0_S0_S0_mmjff,_Z24add_rms_norm_bias_customIfEvPhS0_S0_S0_S0_mmjff,dynamic,AI_VECTOR_CORE,1791520805293497.248	,2.240,102.650000,1,0,NO,N/A,N/A,N/A,N/A,N/A,N/A,N/A
2,4294967295,949,25,_Z24add_rms_norm_bias_customIfEvPhS0_S0_S0_S0_mmjff,_Z24add_rms_norm_bias_customIfEvPhS0_S0_S0_S0_mmjff,dynamic,AI_VECTOR_CORE,1791520805293626.228	,2.240,126.760000,1,0,NO,N/A,N/A,N/A,N/A,N/A,N/A,N/A
2,4294967295,952,25,_Z24add_rms_norm_bias_customIfEvPhS0_S0_S0_S0_mmjff,_Z24add_rms_norm_bias_customIfEvPhS0_S0_S0_S0_mmjff,dynamic,AI_VECTOR_CORE,1791520805293710.492	,2.200,82.010000,1,0,NO,N/A,N/A,N/A,N/A,N/A,N/A,N/A
2,4294967295,955,25,_Z24add_rms_norm_bias_customIfEvPhS0_S0_S0_S0_mmjff,_Z24add_rms_norm_bias_customIfEvPhS0_S0_S0_S0_mmjff,dynamic,AI_VECTOR_CORE,1791520805293814.492	,4.720,101.800000,1,0,NO,N/A,N/A,N/A,N/A,N/A,N/A,N/A
2,4294967295,958,25,_Z24add_rms_norm_bias_customIfEvPhS0_S0_S0_S0_mmjff,_Z24add_rms_norm_bias_customIfEvPhS0_S0_S0_S0_mmjff,dynamic,AI_VECTOR_CORE,1791520805293910.236	,2.560,91.030000,1,0,NO,N/A,N/A,N/A,N/A,N/A,N/A,N/A
2,4294967295,961,25,_Z24add_rms_norm_bias_customIfEvPhS0_S0_S0_S0_mmjff,_Z24add_rms_norm_bias_customIfEvPhS0_S0_S0_S0_mmjff,dynamic,AI_VECTOR_CORE,1791520805294009.696	,2.240,96.940000,1,0,NO,N/A,N/A,N/A,N/A,N/A,N/A,N/A
2,4294967295,964,25,_Z24add_rms_norm_bias_customIfEvPhS0_S0_S0_S0_mmjff,_Z24add_rms_norm_bias_customIfEvPhS0_S0_S0_S0_mmjff,dynamic,AI_VECTOR_CORE,1791520805294141.160	,2.160,129.260000,1,0,NO,N/A,N/A,N/A,N/A,N/A,N/A,N/A
2,4294967295,967,25,_Z24add_rms_norm_bias_customIfEvPhS0_S0_S0_S0_mmjff,_Z24add_rms_norm_bias_customIfEvPhS0_S0_S0_S0_mmjff,dynamic,AI_VECTOR_CORE,1791520805294261.300	,2.260,117.840000,1,0,NO,N/A,N/A,N/A,N/A,N/A,N/A,N/A
2,4294967295,970,25,_Z24add_rms_norm_bias_customIfEvPhS0_S0_S0_S0_mmjff,_Z24add_rms_norm_bias_customIfEvPhS0_S0_S0_S0_mmjff,dynamic,AI_VECTOR_CORE,1791520805294365.564	,2.320,101.990000,1,0,NO,N/A,N/A,N/A,N/A,N/A,N/A,N/A
2,4294967295,973,25,_Z24add_rms_norm_bias_customIfEvPhS0_S0_S0_S0_mmjff,_Z24add_rms_norm_bias_customIfEvPhS0_S0_S0_S0_mmjff,dynamic,AI_VECTOR_CORE,1791520805294459.664	,2.300,91.930000,1,0,NO,N/A,N/A,N/A,N/A,N/A,N/A,N/A
2,4294967295,976,25,_Z24add_rms_norm_bias_customIfEvPhS0_S0_S0_S0_mmjff,_Z24add_rms_norm_bias_customIfEvPhS0_S0_S0_S0_mmjff,dynamic,AI_VECTOR_CORE,1791520805294559.828	,2.540,97.700000,1,0,NO,N/A,N/A,N/A,N/A,N/A,N/A,N/A
2,4294967295,979,25,_Z24add_rms_norm_bias_customIfEvPhS0_S0_S0_S0_mmjff,_Z24add_rms_norm_bias_customIfEvPhS0_S0_S0_S0_mmjff,dynamic,AI_VECTOR_CORE,1791520805294659.968	,2.280,97.710000,1,0,NO,N/A,N/A,N/A,N/A,N/A,N/A,N/A
2,4294967295,982,25,_Z24add_rms_norm_bias_customIfEvPhS0_S0_S0_S0_mmjff,_Z24add_rms_norm_bias_customIfEvPhS0_S0_S0_S0_mmjff,dynamic,AI_VECTOR_CORE,1791520805294752.952	,2.320,90.720000,1,0,NO,N/A,N/A,N/A,N/A,N/A,N/A,N/A
2,4294967295,985,25,_Z24add_rms_norm_bias_customIfEvPhS0_S0_S0_S0_mmjff,_Z24add_rms_norm_bias_customIfEvPhS0_S0_S0_S0_mmjff,dynamic,AI_VECTOR_CORE,1791520805294843.572	,2.300,88.180000,1,0,NO,N/A,N/A,N/A,N/A,N/A,N/A,N/A
2,4294967295,988,25,_Z24add_rms_norm_bias_customIfEvPhS0_S0_S0_S0_mmjff,_Z24add_rms_norm_bias_customIfEvPhS0_S0_S0_S0_mmjff,dynamic,AI_VECTOR_CORE,1791520805294947.596	,2.280,101.700000,1,0,NO,N/A,N/A,N/A,N/A,N/A,N/A,N/A
2,4294967295,991,25,_Z24add_rms_norm_bias_customIfEvPhS0_S0_S0_S0_mmjff,_Z24add_rms_norm_bias_customIfEvPhS0_S0_S0_S0_mmjff,dynamic,AI_VECTOR_CORE,1791520805295078.876	,2.460,129.220000,1,0,NO,N/A,N/A,N/A,N/A,N/A,N/A,N/A
2,4294967295,994,25,_Z24add_rms_norm_bias_customIfEvPhS0_S0_S0_S0_mmjff,_Z24add_rms_norm_bias_customIfEvPhS0_S0_S0_S0_mmjff,dynamic,AI_VECTOR_CORE,1791520805295178.960	,2.520,97.540000,1,0,NO,N/A,N/A,N/A,N/A,N/A,N/A,N/A
2,4294967295,997,25,_Z24add_rms_norm_bias_customIfEvPhS0_S0_S0_S0_mmjff,_Z24add_rms_norm_bias_customIfEvPhS0_S0_S0_S0_mmjff,dynamic,AI_VECTOR_CORE,1791520805295287.240	,12.984,105.730000,1,0,NO,N/A,N/A,N/A,N/A,N/A,N/A,N/A
2,4294967295,1000,25,_Z24add_rms_norm_bias_customIfEvPhS0_S0_S0_S0_mmjff,_Z24add_rms_norm_bias_customIfEvPhS0_S0_S0_S0_mmjff,dynamic,AI_VECTOR_CORE,1791520805295387.064	,2.120,86.766000,1,0,NO,N/A,N/A,N/A,N/A,N/A,N/A,N/A
2,4294967295,1003,25,_Z24add_rms_norm_bias_customIfEvPhS0_S0_S0_S0_mmjff,_Z24add_rms_norm_bias_customIfEvPhS0_S0_S0_S0_mmjff,dynamic,AI_VECTOR_CORE,1791520805295472.184	,2.820,83.130000,1,0,NO,N/A,N/A,N/A,N/A,N/A,N/A,N/A
2,4294967295,1006,25,_Z24add_rms_norm_bias_customIfEvPhS0_S0_S0_S0_mmjff,_Z24add_rms_norm_bias_customIfEvPhS0_S0_S0_S0_mmjff,dynamic,AI_VECTOR_CORE,1791520805295580.228	,3.300,105.180000,1,0,NO,N/A,N/A,N/A,N/A,N/A,N/A,N/A
2,4294967295,1009,25,_Z24add_rms_norm_bias_customIfEvPhS0_S0_S0_S0_mmjff,_Z24add_rms_norm_bias_customIfEvPhS0_S0_S0_S0_mmjff,dynamic,AI_VECTOR_CORE,1791520805295687.592	,2.300,103.950000,1,0,NO,N/A,N/A,N/A,N/A,N/A,N/A,N/A
2,4294967295,1012,25,_Z24add_rms_norm_bias_customIfEvPhS0_S0_S0_S0_mmjff,_Z24add_rms_norm_bias_customIfEvPhS0_S0_S0_S0_mmjff,dynamic,AI_VECTOR_CORE,1791520805295803.452	,2.220,113.700000,1,0,NO,N/A,N/A,N/A,N/A,N/A,N/A,N/A
2,4294967295,1015,25,_Z24add_rms_norm_bias_customIfEvPhS0_S0_S0_S0_mmjff,_Z24add_rms_norm_bias_customIfEvPhS0_S0_S0_S0_mmjff,dynamic,AI_VECTOR_CORE,1791520805295936.996	,2.100,131.280000,1,0,NO,N/A,N/A,N/A,N/A,N/A,N/A,N/A
2,4294967295,1018,25,_Z24add_rms_norm_bias_customIfEvPhS0_S0_S0_S0_mmjff,_Z24add_rms_norm_bias_customIfEvPhS0_S0_S0_S0_mmjff,dynamic,AI_VECTOR_CORE,1791520805296027.916	,2.340,88.900000,1,0,NO,N/A,N/A,N/A,N/A,N/A,N/A,N/A
2,4294967295,1021,25,_Z24add_rms_norm_bias_customIfEvPhS0_S0_S0_S0_mmjff,_Z24add_rms_norm_bias_customIfEvPhS0_S0_S0_S0_mmjff,dynamic,AI_VECTOR_CORE,1791520805296116.880	,2.360,86.660000,1,0,NO,N/A,N/A,N/A,N/A,N/A,N/A,N/A
2,4294967295,1024,25,_Z24add_rms_norm_bias_customIfEvPhS0_S0_S0_S0_mmjff,_Z24add_rms_norm_bias_customIfEvPhS0_S0_S0_S0_mmjff,dynamic,AI_VECTOR_CORE,1791520805296206.540	,2.220,87.140000,1,0,NO,N/A,N/A,N/A,N/A,N/A,N/A,N/A
2,4294967295,1027,25,_Z24add_rms_norm_bias_customIfEvPhS0_S0_S0_S0_mmjff,_Z24add_rms_norm_bias_customIfEvPhS0_S0_S0_S0_mmjff,dynamic,AI_VECTOR_CORE,1791520805296299.044	,2.200,90.280000,1,0,NO,N/A,N/A,N/A,N/A,N/A,N/A,N/A
2,4294967295,1030,25,_Z24add_rms_norm_bias_customIfEvPhS0_S0_S0_S0_mmjff,_Z24add_rms_norm_bias_customIfEvPhS0_S0_S0_S0_mmjff,dynamic,AI_VECTOR_CORE,1791520805296400.644	,2.540,99.550000,1,0,NO,N/A,N/A,N/A,N/A,N/A,N/A,N/A
2,4294967295,1033,25,_Z24add_rms_norm_bias_customIfEvPhS0_S0_S0_S0_mmjff,_Z24add_rms_norm_bias_customIfEvPhS0_S0_S0_S0_mmjff,dynamic,AI_VECTOR_CORE,1791520805296482.904	,2.304,79.710000,1,0,NO,N/A,N/A,N/A,N/A,N/A,N/A,N/A
2,4294967295,1036,25,_Z24add_rms_norm_bias_customIfEvPhS0_S0_S0_S0_mmjff,_Z24add_rms_norm_bias_customIfEvPhS0_S0_S0_S0_mmjff,dynamic,AI_VECTOR_CORE,1791520805296574.688	,2.100,89.446000,1,0,NO,N/A,N/A,N/A,N/A,N/A,N/A,N/A
2,4294967295,1039,25,_Z24add_rms_norm_bias_customIfEvPhS0_S0_S0_S0_mmjff,_Z24add_rms_norm_bias_customIfEvPhS0_S0_S0_S0_mmjff,dynamic,AI_VECTOR_CORE,1791520805296685.528	,2.224,108.650000,1,0,NO,N/A,N/A,N/A,N/A,N/A,N/A,N/A
2,4294967295,1042,25,_Z24add_rms_norm_bias_customIfEvPhS0_S0_S0_S0_mmjff,_Z24add_rms_norm_bias_customIfEvPhS0_S0_S0_S0_mmjff,dynamic,AI_VECTOR_CORE,1791520805296808.712	,2.280,121.026000,1,0,NO,N/A,N/A,N/A,N/A,N/A,N/A,N/A
2,4294967295,1045,25,_Z24add_rms_norm_bias_customIfEvPhS0_S0_S0_S0_mmjff,_Z24add_rms_norm_bias_customIfEvPhS0_S0_S0_S0_mmjff,dynamic,AI_VECTOR_CORE,1791520805296920.136	,2.260,109.220000,1,0,NO,N/A,N/A,N/A,N/A,N/A,N/A,N/A
2,4294967295,1048,25,_Z24add_rms_norm_bias_customIfEvPhS0_S0_S0_S0_mmjff,_Z24add_rms_norm_bias_customIfEvPhS0_S0_S0_S0_mmjff,dynamic,AI_VECTOR_CORE,1791520805297019.176	,2.260,96.740000,1,0,NO,N/A,N/A,N/A,N/A,N/A,N/A,N/A
2,4294967295,1051,25,_Z24add_rms_norm_bias_customIfEvPhS0_S0_S0_S0_mmjff,_Z24add_rms_norm_bias_customIfEvPhS0_S0_S0_S0_mmjff,dynamic,AI_VECTOR_CORE,1791520805297111.000	,2.280,89.490000,1,0,NO,N/A,N/A,N/A,N/A,N/A,N/A,N/A
2,4294967295,1054,25,_Z24add_rms_norm_bias_customIfEvPhS0_S0_S0_S0_mmjff,_Z24add_rms_norm_bias_customIfEvPhS0_S0_S0_S0_mmjff,dynamic,AI_VECTOR_CORE,1791520805297201.480	,2.440,88.220000,1,0,NO,N/A,N/A,N/A,N/A,N/A,N/A,N/A
2,4294967295,1057,25,_Z24add_rms_norm_bias_customIfEvPhS0_S0_S0_S0_mmjff,_Z24add_rms_norm_bias_customIfEvPhS0_S0_S0_S0_mmjff,dynamic,AI_VECTOR_CORE,1791520805297295.684	,2.260,91.810000,1,0,NO,N/A,N/A,N/A,N/A,N/A,N/A,N/A
2,4294967295,1060,25,_Z24add_rms_norm_bias_customIfEvPhS0_S0_S0_S0_mmjff,_Z24add_rms_norm_bias_customIfEvPhS0_S0_S0_S0_mmjff,dynamic,AI_VECTOR_CORE,1791520805297385.984	,2.220,87.990000,1,0,NO,N/A,N/A,N/A,N/A,N/A,N/A,N/A
2,4294967295,1063,25,_Z24add_rms_norm_bias_customIfEvPhS0_S0_S0_S0_mmjff,_Z24add_rms_norm_bias_customIfEvPhS0_S0_S0_S0_mmjff,dynamic,AI_VECTOR_CORE,1791520805297504.708	,2.180,116.530000,1,0,NO,N/A,N/A,N/A,N/A,N/A,N/A,N/A
2,4294967295,1066,25,_Z24add_rms_norm_bias_customIfEvPhS0_S0_S0_S0_mmjff,_Z24add_rms_norm_bias_customIfEvPhS0_S0_S0_S0_mmjff,dynamic,AI_VECTOR_CORE,1791520805297613.608	,2.300,106.570000,1,0,NO,N/A,N/A,N/A,N/A,N/A,N/A,N/A
2,4294967295,1069,25,_Z24add_rms_norm_bias_customIfEvPhS0_S0_S0_S0_mmjff,_Z24add_rms_norm_bias_customIfEvPhS0_S0_S0_S0_mmjff,dynamic,AI_VECTOR_CORE,1791520805297705.152	,2.280,89.450000,1,0,NO,N/A,N/A,N/A,N/A,N/A,N/A,N/A
2,4294967295,1072,25,_Z24add_rms_norm_bias_customIfEvPhS0_S0_S0_S0_mmjff,_Z24add_rms_norm_bias_customIfEvPhS0_S0_S0_S0_mmjff,dynamic,AI_VECTOR_CORE,1791520805297800.812	,2.320,93.220000,1,0,NO,N/A,N/A,N/A,N/A,N/A,N/A,N/A
2,4294967295,1075,25,_Z24add_rms_norm_bias_customIfEvPhS0_S0_S0_S0_mmjff,_Z24add_rms_norm_bias_customIfEvPhS0_S0_S0_S0_mmjff,dynamic,AI_VECTOR_CORE,1791520805297895.636	,2.520,92.680000,1,0,NO,N/A,N/A,N/A,N/A,N/A,N/A,N/A
2,4294967295,1078,25,_Z24add_rms_norm_bias_customIfEvPhS0_S0_S0_S0_mmjff,_Z24add_rms_norm_bias_customIfEvPhS0_S0_S0_S0_mmjff,dynamic,AI_VECTOR_CORE,1791520805298015.836	,2.420,117.480000,1,0,NO,N/A,N/A,N/A,N/A,N/A,N/A,N/A
2,4294967295,1081,25,_Z24add_rms_norm_bias_customIfEvPhS0_S0_S0_S0_mmjff,_Z24add_rms_norm_bias_customIfEvPhS0_S0_S0_S0_mmjff,dynamic,AI_VECTOR_CORE,1791520805298113.020	,2.400,94.830000,1,0,NO,N/A,N/A,N/A,N/A,N/A,N/A,N/A
2,4294967295,1084,25,_Z24add_rms_norm_bias_customIfEvPhS0_S0_S0_S0_mmjff,_Z24add_rms_norm_bias_customIfEvPhS0_S0_S0_S0_mmjff,dynamic,AI_VECTOR_CORE,1791520805298214.760	,2.400,99.350000,1,0,NO,N/A,N/A,N/A,N/A,N/A,N/A,N/A
2,4294967295,1087,25,_Z24add_rms_norm_bias_customIfEvPhS0_S0_S0_S0_mmjff,_Z24add_rms_norm_bias_customIfEvPhS0_S0_S0_S0_mmjff,dynamic,AI_VECTOR_CORE,1791520805298330.124	,2.380,112.850000,1,0,NO,N/A,N/A,N/A,N/A,N/A,N/A,N/A
2,4294967295,1090,25,_Z24add_rms_norm_bias_customIfEvPhS0_S0_S0_S0_mmjff,_Z24add_rms_norm_bias_customIfEvPhS0_S0_S0_S0_mmjff,dynamic,AI_VECTOR_CORE,1791520805298418.424	,2.380,86.120000,1,0,NO,N/A,N/A,N/A,N/A,N/A,N/A,N/A
2,4294967295,1093,25,_Z24add_rms_norm_bias_customIfEvPhS0_S0_S0_S0_mmjff,_Z24add_rms_norm_bias_customIfEvPhS0_S0_S0_S0_mmjff,dynamic,AI_VECTOR_CORE,1791520805298550.468	,2.320,129.620000,1,0,NO,N/A,N/A,N/A,N/A,N/A,N/A,N/A
2,4294967295,1096,25,_Z24add_rms_norm_bias_customIfEvPhS0_S0_S0_S0_mmjff,_Z24add_rms_norm_bias_customIfEvPhS0_S0_S0_S0_mmjff,dynamic,AI_VECTOR_CORE,1791520805298661.448	,2.460,108.680000,1,0,NO,N/A,N/A,N/A,N/A,N/A,N/A,N/A
2,4294967295,1099,25,_Z24add_rms_norm_bias_customIfEvPhS0_S0_S0_S0_mmjff,_Z24add_rms_norm_bias_customIfEvPhS0_S0_S0_S0_mmjff,dynamic,AI_VECTOR_CORE,1791520805298761.612	,2.420,97.540000,1,0,NO,N/A,N/A,N/A,N/A,N/A,N/A,N/A
2,4294967295,1102,25,_Z24add_rms_norm_bias_customIfEvPhS0_S0_S0_S0_mmjff,_Z24add_rms_norm_bias_customIfEvPhS0_S0_S0_S0_mmjff,dynamic,AI_VECTOR_CORE,1791520805298872.972	,2.380,109.080000,1,0,NO,N/A,N/A,N/A,N/A,N/A,N/A,N/A
2,4294967295,1105,25,_Z24add_rms_norm_bias_customIfEvPhS0_S0_S0_S0_mmjff,_Z24add_rms_norm_bias_customIfEvPhS0_S0_S0_S0_mmjff,dynamic,AI_VECTOR_CORE,1791520805298974.076	,2.360,98.620000,1,0,NO,N/A,N/A,N/A,N/A,N/A,N/A,N/A
2,4294967295,1108,25,_Z24add_rms_norm_bias_customIfEvPhS0_S0_S0_S0_mmjff,_Z24add_rms_norm_bias_customIfEvPhS0_S0_S0_S0_mmjff,dynamic,AI_VECTOR_CORE,1791520805299073.096	,2.420,96.640000,1,0,NO,N/A,N/A,N/A,N/A,N/A,N/A,N/A
2,4294967295,1111,25,_Z24add_rms_norm_bias_customIfEvPhS0_S0_S0_S0_mmjff,_Z24add_rms_norm_bias_customIfEvPhS0_S0_S0_S0_mmjff,dynamic,AI_VECTOR_CORE,1791520805299186.780	,2.360,111.330000,1,0,NO,N/A,N/A,N/A,N/A,N/A,N/A,N/A
2,4294967295,1114,25,_Z24add_rms_norm_bias_customIfEvPhS0_S0_S0_S0_mmjff,_Z24add_rms_norm_bias_customIfEvPhS0_S0_S0_S0_mmjff,dynamic,AI_VECTOR_CORE,1791520805299279.060	,2.340,89.890000,1,0,NO,N/A,N/A,N/A,N/A,N/A,N/A,N/A
2,4294967295,1117,25,_Z24add_rms_norm_bias_customIfEvPhS0_S0_S0_S0_mmjff,_Z24add_rms_norm_bias_customIfEvPhS0_S0_S0_S0_mmjff,dynamic,AI_VECTOR_CORE,1791520805299398.564	,2.340,117.160000,1,0,NO,N/A,N/A,N/A,N/A,N/A,N/A,N/A
2,4294967295,1120,25,_Z24add_rms_norm_bias_customIfEvPhS0_S0_S0_S0_mmjff,_Z24add_rms_norm_bias_customIfEvPhS0_S0_S0_S0_mmjff,dynamic,AI_VECTOR_CORE,1791520805299492.248	,2.140,91.410000,1,0,NO,N/A,N/A,N/A,N/A,N/A,N/A,N/A
2,4294967295,1123,25,_Z24add_rms_norm_bias_customIfEvPhS0_S0_S0_S0_mmjff,_Z24add_rms_norm_bias_customIfEvPhS0_S0_S0_S0_mmjff,dynamic,AI_VECTOR_CORE,1791520805299584.888	,1.420,90.610000,1,0,NO,N/A,N/A,N/A,N/A,N/A,N/A,N/A
2,4294967295,1126,25,_Z24add_rms_norm_bias_customIfEvPhS0_S0_S0_S0_mmjff,_Z24add_rms_norm_bias_customIfEvPhS0_S0_S0_S0_mmjff,dynamic,AI_VECTOR_CORE,1791520805299684.248	,1.440,97.830000,1,0,NO,N/A,N/A,N/A,N/A,N/A,N/A,N/A
2,4294967295,1129,25,_Z24add_rms_norm_bias_customIfEvPhS0_S0_S0_S0_mmjff,_Z24add_rms_norm_bias_customIfEvPhS0_S0_S0_S0_mmjff,dynamic,AI_VECTOR_CORE,1791520805299804.812	,1.420,119.060000,1,0,NO,N/A,N/A,N/A,N/A,N/A,N/A,N/A
2,4294967295,1132,25,_Z24add_rms_norm_bias_customIfEvPhS0_S0_S0_S0_mmjff,_Z24add_rms_norm_bias_customIfEvPhS0_S0_S0_S0_mmjff,dynamic,AI_VECTOR_CORE,1791520805299913.336	,1.460,107.080000,1,0,NO,N/A,N/A,N/A,N/A,N/A,N/A,N/A
2,4294967295,1135,25,_Z24add_rms_norm_bias_customIfEvPhS0_S0_S0_S0_mmjff,_Z24add_rms_norm_bias_customIfEvPhS0_S0_S0_S0_mmjff,dynamic,AI_VECTOR_CORE,1791520805299994.276	,1.420,79.540000,1,0,NO,N/A,N/A,N/A,N/A,N/A,N/A,N/A
2,4294967295,1138,25,_Z24add_rms_norm_bias_customIfEvPhS0_S0_S0_S0_mmjff,_Z24add_rms_norm_bias_customIfEvPhS0_S0_S0_S0_mmjff,dynamic,AI_VECTOR_CORE,1791520805300088.376	,1.464,92.830000,1,0,NO,N/A,N/A,N/A,N/A,N/A,N/A,N/A
2,4294967295,1141,25,_Z24add_rms_norm_bias_customIfEvPhS0_S0_S0_S0_mmjff,_Z24add_rms_norm_bias_customIfEvPhS0_S0_S0_S0_mmjff,dynamic,AI_VECTOR_CORE,1791520805300205.900	,1.480,116.036000,1,0,NO,N/A,N/A,N/A,N/A,N/A,N/A,N/A
2,4294967295,1144,25,_Z24add_rms_norm_bias_customIfEvPhS0_S0_S0_S0_mmjff,_Z24add_rms_norm_bias_customIfEvPhS0_S0_S0_S0_mmjff,dynamic,AI_VECTOR_CORE,1791520805300335.204	,1.440,127.770000,1,0,NO,N/A,N/A,N/A,N/A,N/A,N/A,N/A
2,4294967295,1147,25,_Z24add_rms_norm_bias_customIfEvPhS0_S0_S0_S0_mmjff,_Z24add_rms_norm_bias_customIfEvPhS0_S0_S0_S0_mmjff,dynamic,AI_VECTOR_CORE,1791520805300415.704	,1.460,79.060000,1,0,NO,N/A,N/A,N/A,N/A,N/A,N/A,N/A
2,4294967295,1150,25,_Z24add_rms_norm_bias_customIfEvPhS0_S0_S0_S0_mmjff,_Z24add_rms_norm_bias_customIfEvPhS0_S0_S0_S0_mmjff,dynamic,AI_VECTOR_CORE,1791520805300513.068	,1.460,95.790000,1,0,NO,N/A,N/A,N/A,N/A,N/A,N/A,N/A
2,4294967295,1153,25,_Z24add_rms_norm_bias_customIfEvPhS0_S0_S0_S0_mmjff,_Z24add_rms_norm_bias_customIfEvPhS0_S0_S0_S0_mmjff,dynamic,AI_VECTOR_CORE,1791520805300617.748	,1.440,103.290000,1,0,NO,N/A,N/A,N/A,N/A,N/A,N/A,N/A
2,4294967295,1156,25,_Z24add_rms_norm_bias_customIfEvPhS0_S0_S0_S0_mmjff,_Z24add_rms_norm_bias_customIfEvPhS0_S0_S0_S0_mmjff,dynamic,AI_VECTOR_CORE,1791520805300706.132	,1.420,87.060000,1,0,NO,N/A,N/A,N/A,N/A,N/A,N/A,N/A
2,4294967295,1159,25,_Z24add_rms_norm_bias_customIfEvPhS0_S0_S0_S0_mmjff,_Z24add_rms_norm_bias_customIfEvPhS0_S0_S0_S0_mmjff,dynamic,AI_VECTOR_CORE,1791520805300805.752	,1.480,98.080000,1,0,NO,N/A,N/A,N/A,N/A,N/A,N/A,N/A
2,4294967295,1162,25,_Z24add_rms_norm_bias_customIfEvPhS0_S0_S0_S0_mmjff,_Z24add_rms_norm_bias_customIfEvPhS0_S0_S0_S0_mmjff,dynamic,AI_VECTOR_CORE,1791520805300901.336	,1.500,94.020000,1,0,NO,N/A,N/A,N/A,N/A,N/A,N/A,N/A
2,4294967295,1165,25,_Z24add_rms_norm_bias_customIfEvPhS0_S0_S0_S0_mmjff,_Z24add_rms_norm_bias_customIfEvPhS0_S0_S0_S0_mmjff,dynamic,AI_VECTOR_CORE,1791520805300992.636	,1.480,90.000000,1,0,NO,N/A,N/A,N/A,N/A,N/A,N/A,N/A
2,4294967295,1168,25,_Z24add_rms_norm_bias_customIfEvPhS0_S0_S0_S0_mmjff,_Z24add_rms_norm_bias_customIfEvPhS0_S0_S0_S0_mmjff,dynamic,AI_VECTOR_CORE,1791520805301122.900	,1.500,128.770000,1,0,NO,N/A,N/A,N/A,N/A,N/A,N/A,N/A
2,4294967295,1171,25,_Z24add_rms_norm_bias_customIfEvPhS0_S0_S0_S0_mmjff,_Z24add_rms_norm_bias_customIfEvPhS0_S0_S0_S0_mmjff,dynamic,AI_VECTOR_CORE,1791520805301216.140	,1.520,91.750000,1,0,NO,N/A,N/A,N/A,N/A,N/A,N/A,N/A
2,4294967295,1174,25,_Z24add_rms_norm_bias_customIfEvPhS0_S0_S0_S0_mmjff,_Z24add_rms_norm_bias_customIfEvPhS0_S0_S0_S0_mmjff,dynamic,AI_VECTOR_CORE,1791520805301314.784	,1.520,96.980000,1,0,NO,N/A,N/A,N/A,N/A,N/A,N/A,N/A
2,4294967295,1177,25,_Z24add_rms_norm_bias_customIfEvPhS0_S0_S0_S0_mmjff,_Z24add_rms_norm_bias_customIfEvPhS0_S0_S0_S0_mmjff,dynamic,AI_VECTOR_CORE,1791520805301403.304	,1.520,86.980000,1,0,NO,N/A,N/A,N/A,N/A,N/A,N/A,N/A
2,4294967295,1180,25,_Z24add_rms_norm_bias_customIfEvPhS0_S0_S0_S0_mmjff,_Z24add_rms_norm_bias_customIfEvPhS0_S0_S0_S0_mmjff,dynamic,AI_VECTOR_CORE,1791520805301507.588	,1.500,102.730000,1,0,NO,N/A,N/A,N/A,N/A,N/A,N/A,N/A
2,4294967295,1183,25,_Z24add_rms_norm_bias_customIfEvPhS0_S0_S0_S0_mmjff,_Z24add_rms_norm_bias_customIfEvPhS0_S0_S0_S0_mmjff,dynamic,AI_VECTOR_CORE,1791520805301585.868	,1.500,76.750000,1,0,NO,N/A,N/A,N/A,N/A,N/A,N/A,N/A
2,4294967295,1186,25,_Z24add_rms_norm_bias_customIfEvPhS0_S0_S0_S0_mmjff,_Z24add_rms_norm_bias_customIfEvPhS0_S0_S0_S0_mmjff,dynamic,AI_VECTOR_CORE,1791520805301683.108	,1.520,95.750000,1,0,NO,N/A,N/A,N/A,N/A,N/A,N/A,N/A
2,4294967295,1189,25,_Z24add_rms_norm_bias_customIfEvPhS0_S0_S0_S0_mmjff,_Z24add_rms_norm_bias_customIfEvPhS0_S0_S0_S0_mmjff,dynamic,AI_VECTOR_CORE,1791520805301787.972	,1.520,103.480000,1,0,NO,N/A,N/A,N/A,N/A,N/A,N/A,N/A
2,4294967295,1192,25,_Z24add_rms_norm_bias_customIfEvPhS0_S0_S0_S0_mmjff,_Z24add_rms_norm_bias_customIfEvPhS0_S0_S0_S0_mmjff,dynamic,AI_VECTOR_CORE,1791520805301886.752	,1.520,97.230000,1,0,NO,N/A,N/A,N/A,N/A,N/A,N/A,N/A
2,4294967295,1195,25,_Z24add_rms_norm_bias_customIfEvPhS0_S0_S0_S0_mmjff,_Z24add_rms_norm_bias_customIfEvPhS0_S0_S0_S0_mmjff,dynamic,AI_VECTOR_CORE,1791520805301988.836	,1.560,100.480000,1,0,NO,N/A,N/A,N/A,N/A,N/A,N/A,N/A
2,4294967295,1198,25,_Z24add_rms_norm_bias_customIfEvPhS0_S0_S0_S0_mmjff,_Z24add_rms_norm_bias_customIfEvPhS0_S0_S0_S0_mmjff,dynamic,AI_VECTOR_CORE,1791520805302087.416	,1.584,97.190000,1,0,NO,N/A,N/A,N/A,N/A,N/A,N/A,N/A
2,4294967295,1201,25,_Z24add_rms_norm_bias_customIfEvPhS0_S0_S0_S0_mmjff,_Z24add_rms_norm_bias_customIfEvPhS0_S0_S0_S0_mmjff,dynamic,AI_VECTOR_CORE,1791520805302176.800	,1.580,87.666000,1,0,NO,N/A,N/A,N/A,N/A,N/A,N/A,N/A
2,4294967295,1204,25,_Z24add_rms_norm_bias_customIfEvPhS0_S0_S0_S0_mmjff,_Z24add_rms_norm_bias_customIfEvPhS0_S0_S0_S0_mmjff,dynamic,AI_VECTOR_CORE,1791520805302317.124	,1.560,138.670000,1,0,NO,N/A,N/A,N/A,N/A,N/A,N/A,N/A
2,4294967295,1207,25,_Z24add_rms_norm_bias_customIfEvPhS0_S0_S0_S0_mmjff,_Z24add_rms_norm_bias_customIfEvPhS0_S0_S0_S0_mmjff,dynamic,AI_VECTOR_CORE,1791520805302427.324	,1.600,108.690000,1,0,NO,N/A,N/A,N/A,N/A,N/A,N/A,N/A
2,4294967295,1210,25,_Z24add_rms_norm_bias_customIfEvPhS0_S0_S0_S0_mmjff,_Z24add_rms_norm_bias_customIfEvPhS0_S0_S0_S0_mmjff,dynamic,AI_VECTOR_CORE,1791520805302534.168	,1.580,105.400000,1,0,NO,N/A,N/A,N/A,N/A,N/A,N/A,N/A
2,4294967295,1213,25,_Z24add_rms_norm_bias_customIfEvPhS0_S0_S0_S0_mmjff,_Z24add_rms_norm_bias_customIfEvPhS0_S0_S0_S0_mmjff,dynamic,AI_VECTOR_CORE,1791520805302627.848	,1.540,91.920000,1,0,NO,N/A,N/A,N/A,N/A,N/A,N/A,N/A
2,4294967295,1216,25,_Z24add_rms_norm_bias_customIfEvPhS0_S0_S0_S0_mmjff,_Z24add_rms_norm_bias_customIfEvPhS0_S0_S0_S0_mmjff,dynamic,AI_VECTOR_CORE,1791520805302716.052	,1.560,86.710000,1,0,NO,N/A,N/A,N/A,N/A,N/A,N/A,N/A
2,4294967295,1219,25,_Z24add_rms_norm_bias_customIfEvPhS0_S0_S0_S0_mmjff,_Z24add_rms_norm_bias_customIfEvPhS0_S0_S0_S0_mmjff,dynamic,AI_VECTOR_CORE,1791520805302836.292	,1.560,118.690000,1,0,NO,N/A,N/A,N/A,N/A,N/A,N/A,N/A
2,4294967295,1222,25,_Z24add_rms_norm_bias_customIfEvPhS0_S0_S0_S0_mmjff,_Z24add_rms_norm_bias_customIfEvPhS0_S0_S0_S0_mmjff,dynamic,AI_VECTOR_CORE,1791520805302925.256	,1.580,87.440000,1,0,NO,N/A,N/A,N/A,N/A,N/A,N/A,N/A
2,4294967295,1225,25,_Z24add_rms_norm_bias_customIfEvPhS0_S0_S0_S0_mmjff,_Z24add_rms_norm_bias_customIfEvPhS0_S0_S0_S0_mmjff,dynamic,AI_VECTOR_CORE,1791520805303014.036	,1.600,87.170000,1,0,NO,N/A,N/A,N/A,N/A,N/A,N/A,N/A
2,4294967295,1228,25,_Z24add_rms_norm_bias_customIfEvPhS0_S0_S0_S0_mmjff,_Z24add_rms_norm_bias_customIfEvPhS0_S0_S0_S0_mmjff,dynamic,AI_VECTOR_CORE,1791520805303111.520	,1.540,95.900000,1,0,NO,N/A,N/A,N/A,N/A,N/A,N/A,N/A
2,4294967295,1231,25,_Z24add_rms_norm_bias_customIfEvPhS0_S0_S0_S0_mmjff,_Z24add_rms_norm_bias_customIfEvPhS0_S0_S0_S0_mmjff,dynamic,AI_VECTOR_CORE,1791520805303209.420	,1.540,96.460000,1,0,NO,N/A,N/A,N/A,N/A,N/A,N/A,N/A
2,4294967295,1234,25,_Z24add_rms_norm_bias_customIfEvPhS0_S0_S0_S0_mmjff,_Z24add_rms_norm_bias_customIfEvPhS0_S0_S0_S0_mmjff,dynamic,AI_VECTOR_CORE,1791520805303304.984	,1.440,93.960000,1,0,NO,N/A,N/A,N/A,N/A,N/A,N/A,N/A
2,4294967295,1237,25,_Z24add_rms_norm_bias_customIfEvPhS0_S0_S0_S0_mmjff,_Z24add_rms_norm_bias_customIfEvPhS0_S0_S0_S0_mmjff,dynamic,AI_VECTOR_CORE,1791520805303413.244	,1.460,106.810000,1,0,NO,N/A,N/A,N/A,N/A,N/A,N/A,N/A
2,4294967295,1240,25,_Z24add_rms_norm_bias_customIfEvPhS0_S0_S0_S0_mmjff,_Z24add_rms_norm_bias_customIfEvPhS0_S0_S0_S0_mmjff,dynamic,AI_VECTOR_CORE,1791520805303562.208	,1.440,147.540000,1,0,NO,N/A,N/A,N/A,N/A,N/A,N/A,N/A
2,4294967295,1243,25,_Z24add_rms_norm_bias_customIfEvPhS0_S0_S0_S0_mmjff,_Z24add_rms_norm_bias_customIfEvPhS0_S0_S0_S0_mmjff,dynamic,AI_VECTOR_CORE,1791520805303659.228	,1.400,95.560000,1,0,NO,N/A,N/A,N/A,N/A,N/A,N/A,N/A
2,4294967295,1246,25,_Z24add_rms_norm_bias_customIfEvPhS0_S0_S0_S0_mmjff,_Z24add_rms_norm_bias_customIfEvPhS0_S0_S0_S0_mmjff,dynamic,AI_VECTOR_CORE,1791520805303778.772	,1.440,118.100000,1,0,NO,N/A,N/A,N/A,N/A,N/A,N/A,N/A
2,4294967295,1249,25,_Z24add_rms_norm_bias_customIfEvPhS0_S0_S0_S0_mmjff,_Z24add_rms_norm_bias_customIfEvPhS0_S0_S0_S0_mmjff,dynamic,AI_VECTOR_CORE,1791520805303887.672	,1.440,107.560000,1,0,NO,N/A,N/A,N/A,N/A,N/A,N/A,N/A
2,4294967295,1252,25,_Z24add_rms_norm_bias_customIfEvPhS0_S0_S0_S0_mmjff,_Z24add_rms_norm_bias_customIfEvPhS0_S0_S0_S0_mmjff,dynamic,AI_VECTOR_CORE,1791520805303986.936	,1.460,97.810000,1,0,NO,N/A,N/A,N/A,N/A,N/A,N/A,N/A
2,4294967295,1255,25,_Z24add_rms_norm_bias_customIfEvPhS0_S0_S0_S0_mmjff,_Z24add_rms_norm_bias_customIfEvPhS0_S0_S0_S0_mmjff,dynamic,AI_VECTOR_CORE,1791520805304080.276	,1.420,91.790000,1,0,NO,N/A,N/A,N/A,N/A,N/A,N/A,N/A
2,4294967295,1258,25,_Z24add_rms_norm_bias_customIfEvPhS0_S0_S0_S0_mmjff,_Z24add_rms_norm_bias_customIfEvPhS0_S0_S0_S0_mmjff,dynamic,AI_VECTOR_CORE,1791520805304182.160	,1.460,100.580000,1,0,NO,N/A,N/A,N/A,N/A,N/A,N/A,N/A
2,4294967295,1261,25,_Z24add_rms_norm_bias_customIfEvPhS0_S0_S0_S0_mmjff,_Z24add_rms_norm_bias_customIfEvPhS0_S0_S0_S0_mmjff,dynamic,AI_VECTOR_CORE,1791520805304261.840	,1.460,78.040000,1,0,NO,N/A,N/A,N/A,N/A,N/A,N/A,N/A
2,4294967295,1264,25,_Z24add_rms_norm_bias_customIfEvPhS0_S0_S0_S0_mmjff,_Z24add_rms_norm_bias_customIfEvPhS0_S0_S0_S0_mmjff,dynamic,AI_VECTOR_CORE,1791520805304364.704	,1.460,101.540000,1,0,NO,N/A,N/A,N/A,N/A,N/A,N/A,N/A
2,4294967295,1267,25,_Z24add_rms_norm_bias_customIfEvPhS0_S0_S0_S0_mmjff,_Z24add_rms_norm_bias_customIfEvPhS0_S0_S0_S0_mmjff,dynamic,AI_VECTOR_CORE,1791520805304455.984	,1.440,89.790000,1,0,NO,N/A,N/A,N/A,N/A,N/A,N/A,N/A
2,4294967295,1270,25,_Z24add_rms_norm_bias_customIfEvPhS0_S0_S0_S0_mmjff,_Z24add_rms_norm_bias_customIfEvPhS0_S0_S0_S0_mmjff,dynamic,AI_VECTOR_CORE,1791520805304589.788	,1.460,132.310000,1,0,NO,N/A,N/A,N/A,N/A,N/A,N/A,N/A
2,4294967295,1273,25,_Z24add_rms_norm_bias_customIfEvPhS0_S0_S0_S0_mmjff,_Z24add_rms_norm_bias_customIfEvPhS0_S0_S0_S0_mmjff,dynamic,AI_VECTOR_CORE,1791520805304688.348	,1.440,97.040000,1,0,NO,N/A,N/A,N/A,N/A,N/A,N/A,N/A
2,4294967295,1276,25,_Z24add_rms_norm_bias_customIfEvPhS0_S0_S0_S0_mmjff,_Z24add_rms_norm_bias_customIfEvPhS0_S0_S0_S0_mmjff,dynamic,AI_VECTOR_CORE,1791520805304774.872	,1.440,85.060000,1,0,NO,N/A,N/A,N/A,N/A,N/A,N/A,N/A
2,4294967295,1279,25,_Z24add_rms_norm_bias_customIfEvPhS0_S0_S0_S0_mmjff,_Z24add_rms_norm_bias_customIfEvPhS0_S0_S0_S0_mmjff,dynamic,AI_VECTOR_CORE,1791520805304882.732	,1.460,106.560000,1,0,NO,N/A,N/A,N/A,N/A,N/A,N/A,N/A
2,4294967295,1282,25,_Z24add_rms_norm_bias_customIfEvPhS0_S0_S0_S0_mmjff,_Z24add_rms_norm_bias_customIfEvPhS0_S0_S0_S0_mmjff,dynamic,AI_VECTOR_CORE,1791520805304973.856	,1.460,89.540000,1,0,NO,N/A,N/A,N/A,N/A,N/A,N/A,N/A
2,4294967295,1285,25,_Z24add_rms_norm_bias_customIfEvPhS0_S0_S0_S0_mmjff,_Z24add_rms_norm_bias_customIfEvPhS0_S0_S0_S0_mmjff,dynamic,AI_VECTOR_CORE,1791520805305098.840	,1.460,123.540000,1,0,NO,N/A,N/A,N/A,N/A,N/A,N/A,N/A
2,4294967295,1288,25,_Z24add_rms_norm_bias_customIfEvPhS0_S0_S0_S0_mmjff,_Z24add_rms_norm_bias_customIfEvPhS0_S0_S0_S0_mmjff,dynamic,AI_VECTOR_CORE,1791520805305180.520	,1.520,80.290000,1,0,NO,N/A,N/A,N/A,N/A,N/A,N/A,N/A
2,4294967295,1291,25,_Z24add_rms_norm_bias_customIfEvPhS0_S0_S0_S0_mmjff,_Z24add_rms_norm_bias_customIfEvPhS0_S0_S0_S0_mmjff,dynamic,AI_VECTOR_CORE,1791520805305269.040	,1.500,86.980000,1,0,NO,N/A,N/A,N/A,N/A,N/A,N/A,N/A
2,4294967295,1294,25,_Z24add_rms_norm_bias_customIfEvPhS0_S0_S0_S0_mmjff,_Z24add_rms_norm_bias_customIfEvPhS0_S0_S0_S0_mmjff,dynamic,AI_VECTOR_CORE,1791520805305361.044	,1.520,90.500000,1,0,NO,N/A,N/A,N/A,N/A,N/A,N/A,N/A
2,4294967295,1297,25,_Z24add_rms_norm_bias_customIfEvPhS0_S0_S0_S0_mmjff,_Z24add_rms_norm_bias_customIfEvPhS0_S0_S0_S0_mmjff,dynamic,AI_VECTOR_CORE,1791520805305468.644	,1.500,106.230000,1,0,NO,N/A,N/A,N/A,N/A,N/A,N/A,N/A
2,4294967295,1300,25,_Z24add_rms_norm_bias_customIfEvPhS0_S0_S0_S0_mmjff,_Z24add_rms_norm_bias_customIfEvPhS0_S0_S0_S0_mmjff,dynamic,AI_VECTOR_CORE,1791520805305563.408	,1.640,93.250000,1,0,NO,N/A,N/A,N/A,N/A,N/A,N/A,N/A
2,4294967295,1303,25,_Z24add_rms_norm_bias_customIfEvPhS0_S0_S0_S0_mmjff,_Z24add_rms_norm_bias_customIfEvPhS0_S0_S0_S0_mmjff,dynamic,AI_VECTOR_CORE,1791520805305659.048	,1.500,93.860000,1,0,NO,N/A,N/A,N/A,N/A,N/A,N/A,N/A
2,4294967295,1306,25,_Z24add_rms_norm_bias_customIfEvPhS0_S0_S0_S0_mmjff,_Z24add_rms_norm_bias_customIfEvPhS0_S0_S0_S0_mmjff,dynamic,AI_VECTOR_CORE,1791520805305753.512	,1.520,93.000000,1,0,NO,N/A,N/A,N/A,N/A,N/A,N/A,N/A
2,4294967295,1309,25,_Z24add_rms_norm_bias_customIfEvPhS0_S0_S0_S0_mmjff,_Z24add_rms_norm_bias_customIfEvPhS0_S0_S0_S0_mmjff,dynamic,AI_VECTOR_CORE,1791520805305847.992	,1.740,92.980000,1,0,NO,N/A,N/A,N/A,N/A,N/A,N/A,N/A
2,4294967295,1312,25,_Z24add_rms_norm_bias_customIfEvPhS0_S0_S0_S0_mmjff,_Z24add_rms_norm_bias_customIfEvPhS0_S0_S0_S0_mmjff,dynamic,AI_VECTOR_CORE,1791520805305949.016	,1.540,99.260000,1,0,NO,N/A,N/A,N/A,N/A,N/A,N/A,N/A
