launch_ordinal	block	pair	cell	position	logical_slot	side	actual_library	output_slot	output_address	previous_library	previous_output_slot	previous_ordinal	role	condition_library	condition_other_output	address_swap	first_slot	kernel_swap	device_us	wall_us	phase	device_id	stream_id	task_id	block_dim	kernel_start_us	kernel_stop_us	kernel_us	start_record_task_id	stop_record_task_id	start_record_us	stop_record_us	start_record_duration_us	stop_record_duration_us	start_record_to_kernel_us	kernel_to_stop_record_us	trace_interval_us	interval_error_us	event_minus_kernel_us	trace_event_outside_kernel_us	host_connection_id	host_node_start_us	host_node_us	host_runtime_launch_us	host_record_start_us	host_record_stop_us	host_sync_us	host_alloc_count	host_free_count	host_alloc_us	host_free_us	device_start_minus_host_node_us	device_start_minus_host_runtime_us	previous_task_id	previous_kernel_to_current_us
125	0	0	7	0	0	C	C	A	0x12c041600000	C	B	124	conditioner	C	1	1	0	0	62.859997153	191.701000000	PP	4	496	224	40	1791442628826328.904	1791442628826346.244	17.34	223	225	1791442628826323.184	1791442628826386.064	0.02	0.02	5.72	39.82	62.88	0.020002847000000656	45.519997153000006	45.54	4187	1791442628826306.950	8.19	5.1	35.91	13.06	120.52	1	1	3.08	3.8	21.954	20.974	222	85.664
126	0	0	7	0	0	P1	P	B	0x12c041800000	C	A	125	probe	C	1	1	0	0	271.739989519	449.364000000	PP	4	496	228	40	1791442628826585.648	1791442628826853.632	267.984	227	229	1791442628826581.888	1791442628826853.652	0.02	0.02	3.76	0.02	271.764	0.024010481000004802	3.7559895190000248	3.78	4199	1791442628826493.690	11.11	7.5	22.51	13.3	386.22	1	1	4.0	5.18	91.958	90.768	224	239.404
127	0	0	7	1	1	C	C	B	0x12c041800000	P	B	126	conditioner	C	1	1	0	0	39.540000260	103.050000000	PP	4	496	232	40	1791442628826947.996	1791442628826965.436	17.44	231	233	1791442628826937.436	1791442628826976.976	0.02	0.02	10.56	11.54	39.54	-2.600000001962144e-07	22.100000259999998	22.1	4212	1791442628826934.600	10.38	6.19	11.6	11.46	53.34	1	1	4.51	4.9	13.396	12.196	228	94.364
128	0	0	7	1	1	P2	P	A	0x12c041600000	C	B	127	probe	C	1	1	0	0	19.920000806	132.271000000	PP	4	496	235	40	1791442628827081.636	1791442628827098.956	17.32	234	236	1791442628827079.056	1791442628827098.996	0.02	0.0	2.58	0.04	19.94	0.019999194000000386	2.6000008060000006	2.62	4224	1791442628827036.840	9.77	5.85	10.74	9.43	88.71	1	1	3.52	4.15	44.796	43.746	232	116.2
129	0	1	20	0	0	P	P	B	0x12c041800000	P	A	128	conditioner	P	0	1	0	1	24.720000103	108.321000000	PP	4	496	239	40	1791442628827197.700	1791442628827215.600	17.9	238	240	1791442628827190.920	1791442628827215.640	0.02	0.0	6.78	0.04	24.72	-1.0300000141683086e-07	6.820000103000002	6.82	4238	1791442628827172.570	10.03	6.58	11.75	9.45	63.21	1	1	3.74	4.24	25.13	23.75	235	98.744
130	0	1	20	0	0	P2	P	B	0x12c041800000	P	B	129	probe	P	0	1	0	1	21.059999242	97.541000000	PP	4	496	242	40	1791442628827301.800	1791442628827320.504	18.704	241	243	1791442628827299.460	1791442628827320.524	0.02	0.02	2.34	0.02	21.064	0.004000758000000104	2.3559992419999993	2.36	4250	1791442628827279.270	8.03	5.1	9.48	9.21	58.06	1	1	3.08	3.86	22.53	21.5	239	86.2
131	0	1	20	1	1	P	P	A	0x12c041600000	P	B	130	conditioner	P	0	1	0	1	21.940000355	159.201000000	PP	4	496	245	40	1791442628827460.044	1791442628827478.524	18.48	244	246	1791442628827456.624	1791442628827478.544	0.02	0.02	3.42	0.02	21.92	-0.020000354999996972	3.4600003549999983	3.44	4262	1791442628827377.860	7.66	5.24	9.33	9.01	120.01	1	1	2.93	3.76	82.184	81.264	242	139.54
132	0	1	20	1	1	P1	P	A	0x12c041600000	P	A	131	probe	P	0	1	0	1	23.800000548	102.581000000	PP	4	496	249	40	1791442628827560.528	1791442628827577.528	17.0	248	250	1791442628827553.748	1791442628827577.548	0.02	0.02	6.78	0.02	23.8	-5.479999991564455e-07	6.800000548	6.8	4275	1791442628827539.530	8.83	5.87	9.91	9.72	61.57	1	1	3.34	3.88	20.998	19.988	245	82.004
133	0	2	1	0	0	C	C	A	0x12c041600000	P	A	132	conditioner	C	0	0	0	0	23.919999599	370.003000000	PP	4	496	252	40	1791442628827826.812	1791442628827842.892	16.08	251	253	1791442628827818.992	1791442628827842.932	0.02	0.0	7.82	0.04	23.94	0.020000401000000778	7.839999599000002	7.86	4287	1791442628827643.570	8.5	5.23	9.55	8.96	329.11	1	1	3.03	3.91	183.242	182.292	249	249.284
134	0	2	1	0	0	P1	P	A	0x12c041600000	C	A	133	probe	C	0	0	0	0	22.560000420	108.180000000	PP	4	496	256	40	1791442628828046.076	1791442628828066.276	20.2	255	257	1791442628828043.736	1791442628828066.296	0.02	0.02	2.34	0.02	22.56	-4.200000027765327e-07	2.360000420000002	2.36	4301	1791442628828017.530	9.69	6.52	10.92	9.45	63.47	1	1	3.5	4.26	28.546	27.436	252	203.184
135	0	2	1	1	1	C	C	B	0x12c041800000	P	A	134	conditioner	C	0	0	0	0	18.959999084	115.601000000	PP	4	496	259	40	1791442628828164.260	1791442628828179.820	15.56	258	260	1791442628828160.880	1791442628828179.860	0.02	0.02	3.38	0.04	18.98	0.020000916000000757	3.399999083999999	3.42	4313	1791442628828125.880	7.98	4.94	9.96	8.97	75.8	1	1	2.89	3.91	38.38	37.39	256	97.984
136	0	2	1	1	1	P2	P	B	0x12c041800000	C	B	135	probe	C	0	0	0	0	26.419999078	210.942000000	PP	4	496	263	40	1791442628828289.380	1791442628828307.164	17.784	262	264	1791442628828280.780	1791442628828307.180	0.02	0.024	8.6	0.016	26.4	-0.019999078000001447	8.635999078000001	8.616	4326	1791442628828243.210	7.79	4.98	10.2	8.92	171.14	1	1	3.13	3.92	46.17	45.19	259	109.56
137	0	3	14	0	1	P	P	B	0x12c041800000	P	B	136	conditioner	P	1	1	1	0	18.279999495	128.301000000	PP	4	496	267	40	1791442628828509.668	1791442628828526.028	16.36	266	268	1791442628828507.748	1791442628828526.048	0.016	0.02	1.92	0.02	18.3	0.020000505000002278	1.919999494999999	1.94	4338	1791442628828455.400	8.32	5.3	10.0	9.08	87.47	1	1	3.32	4.17	54.268	53.228	263	202.504
138	0	3	14	0	1	P2	P	A	0x12c041600000	P	B	137	probe	P	1	1	1	0	57.539999485	159.861000000	PP	4	496	271	40	1791442628828625.548	1791442628828681.068	55.52	270	272	1791442628828623.568	1791442628828681.088	0.02	0.02	1.98	0.02	57.52	-0.019999484999999595	2.0199994849999996	2.0	4351	1791442628828585.050	7.8	5.05	9.77	9.34	119.58	1	1	3.65	3.95	40.498	39.488	267	99.52
139	0	3	14	1	0	P	P	A	0x12c041600000	P	A	138	conditioner	P	1	1	1	0	27.559999377	85.021000000	PP	4	496	275	40	1791442628828746.832	1791442628828765.632	18.8	274	276	1791442628828744.332	1791442628828771.872	0.02	0.02	2.5	6.24	27.54	-0.019999377000001317	8.759999377	8.74	4364	1791442628828746.490	9.28	5.85	9.98	9.55	42.62	1	1	3.47	4.08	0.342	-0.708	271	65.764
140	0	3	14	1	0	P1	P	B	0x12c041800000	P	A	139	probe	P	1	1	1	0	26.019999757	126.130000000	PP	4	496	278	40	1791442628828866.832	1791442628828884.852	18.02	277	279	1791442628828858.872	1791442628828884.872	0.0	0.02	7.96	0.02	26.0	-0.019999757000000784	7.999999757000001	7.98	4376	1791442628828831.550	7.64	4.96	9.44	9.06	87.46	1	1	3.16	3.92	35.282	34.282	275	101.2
141	0	4	27	0	1	C	C	A	0x12c041600000	P	B	140	conditioner	C	1	0	1	1	43.320000172	99.120000000	PP	4	496	281	40	1791442628828974.976	1791442628828993.116	18.14	280	282	1791442628828949.816	1791442628828993.136	0.02	0.02	25.16	0.02	43.32	-1.720000000204891e-07	25.180000172	25.18	4388	1791442628828959.250	8.05	5.17	9.76	9.27	59.24	1	1	2.91	3.73	15.726	14.756	278	90.124
142	0	4	27	0	1	P1	P	B	0x12c041800000	C	A	141	probe	C	1	0	1	1	27.400000021	89.951000000	PP	4	496	284	40	1791442628829067.076	1791442628829083.216	16.14	283	285	1791442628829060.356	1791442628829087.756	0.02	0.02	6.72	4.54	27.4	-2.100000173754779e-08	11.260000021	11.26	4400	1791442628829058.930	8.01	5.28	9.91	9.11	50.28	1	1	2.91	3.95	8.146	7.146	281	73.96
143	0	4	27	1	0	C	C	B	0x12c041800000	P	B	142	conditioner	C	1	0	1	1	21.940000355	108.231000000	PP	4	496	287	40	1791442628829174.520	1791442628829193.880	19.36	286	288	1791442628829171.960	1791442628829193.900	0.0	0.02	2.56	0.02	21.94	-3.549999973984086e-07	2.5800003549999992	2.58	4412	1791442628829149.400	7.09	4.6	9.54	9.21	70.18	1	1	2.68	3.79	25.12	24.25	284	91.304
144	0	4	27	1	0	P2	P	A	0x12c041600000	C	B	143	probe	C	1	0	1	1	261.920005083	365.192000000	PP	4	496	291	40	1791442628829303.520	1791442628829561.348	257.828	290	292	1791442628829299.460	1791442628829561.368	0.02	0.02	4.06	0.02	261.908	-0.012005082999962724	4.092005083000004	4.08	4425	1791442628829259.430	7.96	5.19	9.65	9.03	325.79	1	1	3.28	3.88	44.09	43.09	287	109.64
145	0	5	8	0	1	P	P	B	0x12c041800000	P	A	144	conditioner	P	0	0	1	0	23.760000244	136.851000000	PP	4	496	295	40	1791442628829676.488	1791442628829693.468	16.98	294	296	1791442628829669.708	1791442628829693.488	0.02	0.02	6.78	0.02	23.78	0.0199997560000007	6.780000244	6.8	4438	1791442628829627.240	8.3	5.33	10.73	9.35	94.74	1	1	3.49	4.42	49.248	48.048	291	115.14
146	0	5	8	0	1	P2	P	B	0x12c041800000	P	B	145	probe	P	0	0	1	0	24.539999664	148.091000000	PP	4	496	299	40	1791442628829819.892	1791442628829836.912	17.02	298	300	1791442628829812.372	1791442628829836.932	0.02	0.02	7.52	0.02	24.56	0.020000335999998953	7.519999664	7.54	4452	1791442628829765.280	8.05	5.2	10.59	9.03	106.96	1	1	3.51	4.24	54.612	53.502	295	126.424
147	0	5	8	1	0	P	P	A	0x12c041600000	P	B	146	conditioner	P	0	0	1	0	111.400000751	176.862000000	PP	4	496	303	40	1791442628830002.116	1791442628830017.916	15.8	302	304	1791442628829906.552	1791442628830017.936	0.02	0.02	95.564	0.02	111.384	-0.016000750999992874	95.600000751	95.584	4466	1791442628829914.550	8.51	5.48	10.08	9.57	135.27	1	1	3.45	4.16	87.566	86.406	299	165.204
148	0	5	8	1	0	P1	P	A	0x12c041600000	P	A	147	probe	P	0	0	1	0	37.680000067	127.901000000	PP	4	496	307	40	1791442628830121.480	1791442628830156.800	35.32	306	308	1791442628830119.120	1791442628830156.820	0.02	0.02	2.36	0.02	37.7	0.019999933000001135	2.3600000670000014	2.38	4479	1791442628830092.790	8.54	5.46	9.68	9.4	86.99	1	1	3.52	4.24	28.69	27.53	303	103.564
149	0	6	21	0	0	C	C	B	0x12c041800000	P	A	148	conditioner	C	0	1	0	1	30.279999599	80.760000000	PP	4	496	310	40	1791442628830232.100	1791442628830247.440	15.34	309	311	1791442628830217.180	1791442628830247.460	0.02	0.02	14.92	0.02	30.28	4.0100000120446566e-07	14.939999599	14.94	4491	1791442628830222.150	8.48	5.4	9.6	9.0	40.21	1	1	3.03	4.12	9.95	8.88	307	75.3
150	0	6	21	0	0	P2	P	B	0x12c041800000	C	B	149	probe	C	0	1	0	1	40.759999305	87.791000000	PP	4	496	313	40	1791442628830318.244	1791442628830335.624	17.38	312	314	1791442628830294.880	1791442628830335.644	0.02	0.02	23.364	0.02	40.764	0.004000695000001997	23.379999305000002	23.384	4503	1791442628830303.120	7.59	4.86	8.94	9.1	49.76	1	1	2.71	3.84	15.124	14.194	310	70.804
151	0	6	21	1	1	C	C	A	0x12c041600000	P	B	150	conditioner	C	0	1	0	1	21.880000830	167.461000000	PP	4	496	316	40	1791442628830478.364	1791442628830497.564	19.2	315	317	1791442628830475.724	1791442628830497.604	0.02	0.0	2.64	0.04	21.88	-8.30000001172948e-07	2.680000830000001	2.68	4515	1791442628830391.590	7.82	4.96	8.98	8.75	129.49	1	1	2.77	3.93	86.774	85.864	313	142.74
152	0	6	21	1	1	P1	P	A	0x12c041600000	C	A	151	probe	C	0	1	0	1	33.739998937	193.032000000	PP	4	496	320	40	1791442628830657.048	1791442628830688.448	31.4	319	321	1791442628830654.728	1791442628830688.468	0.02	0.02	2.32	0.02	33.74	1.0629999991351724e-06	2.3399989370000043	2.34	4528	1791442628830562.510	8.79	5.91	10.12	8.05	152.7	1	1	3.31	3.93	94.538	93.518	316	159.484
153	0	7	2	0	0	P	P	B	0x12c041800000	P	A	152	conditioner	P	1	0	0	0	28.419999406	170.621000000	PP	4	496	324	40	1791442628830841.472	1791442628830865.292	23.82	323	325	1791442628830836.912	1791442628830865.332	0.0	0.0	4.56	0.04	28.42	5.940000029625025e-07	4.5999994059999985	4.6	4541	1791442628830757.240	8.56	5.33	10.01	9.14	129.59	1	1	3.65	4.08	84.232	83.142	320	153.024
154	0	7	2	0	0	P1	P	A	0x12c041600000	P	B	153	probe	P	1	0	0	0	78.479997814	151.111000000	PP	4	496	328	40	1791442628830938.216	1791442628830955.416	17.2	327	329	1791442628830933.236	1791442628831011.696	0.02	0.02	4.98	56.28	78.46	-0.019997814000006997	61.279997814	61.26	4554	1791442628830930.060	9.11	5.93	10.12	9.69	108.56	1	1	3.58	4.31	8.156	6.936	324	72.924
155	0	7	2	1	1	P	P	A	0x12c041600000	P	A	154	conditioner	P	1	0	0	0	24.739999324	112.511000000	PP	4	496	332	40	1791442628831115.900	1791442628831133.220	17.32	331	333	1791442628831108.500	1791442628831133.240	0.016	0.02	7.4	0.02	24.74	6.759999990890719e-07	7.419999323999999	7.42	4567	1791442628831082.310	8.8	5.52	9.91	9.1	71.23	1	1	3.42	4.16	33.59	32.47	328	160.484
156	0	7	2	1	1	P2	P	B	0x12c041800000	P	A	155	probe	P	1	0	0	0	91.320000589	144.771000000	PP	4	496	335	40	1791442628831201.120	1791442628831218.740	17.62	334	336	1791442628831188.340	1791442628831279.660	0.02	0.02	12.78	60.92	91.32	-5.89000009654228e-07	73.700000589	73.7	4579	1791442628831195.690	8.61	5.51	9.88	9.49	103.85	1	1	3.09	3.97	5.43	4.48	332	67.9
157	0	8	15	0	1	C	C	B	0x12c041800000	P	B	156	conditioner	C	1	1	1	0	51.660001278	123.941000000	PP	4	496	339	40	1791442628831360.584	1791442628831409.904	49.32	338	340	1791442628831358.264	1791442628831409.924	0.02	0.02	2.32	0.02	51.66	-1.2780000062662111e-06	2.3400012780000026	2.34	4592	1791442628831343.010	10.05	5.4	9.46	9.77	80.7	1	1	3.37	4.04	17.574	15.884	335	141.844
158	0	8	15	0	1	P2	P	A	0x12c041600000	C	B	157	probe	C	1	1	1	0	18.580000848	139.861000000	PP	4	496	342	40	1791442628831532.468	1791442628831548.488	16.02	341	343	1791442628831529.948	1791442628831548.508	0.02	0.02	2.52	0.02	18.56	-0.020000848000002236	2.5600008480000014	2.54	4604	1791442628831467.720	7.67	4.93	9.48	8.67	101.5	1	1	2.8	3.77	64.748	63.768	339	122.564
159	0	8	15	1	0	C	C	A	0x12c041600000	P	A	158	conditioner	C	1	1	1	0	58.359999210	258.622000000	PP	4	496	346	40	1791442628831698.028	1791442628831719.532	21.504	345	347	1791442628831695.828	1791442628831754.192	0.0	0.02	2.2	34.66	58.364	0.004000789999999199	36.85599920999999	36.86	4617	1791442628831610.400	8.74	5.55	9.56	9.14	217.56	1	1	3.49	3.91	87.628	86.568	342	149.54
160	0	8	15	1	0	P1	P	B	0x12c041800000	C	A	159	probe	C	1	1	1	0	325.599998236	480.303000000	PP	4	496	350	40	1791442628831967.336	1791442628832286.680	319.344	349	351	1791442628831961.096	1791442628832286.720	0.02	0.02	6.24	0.04	325.624	0.024001764000047388	6.255998235999982	6.28	4630	1791442628831870.580	8.0	5.13	9.63	8.56	440.94	1	1	3.43	3.91	96.756	95.686	346	247.804
161	0	9	28	0	1	P	P	A	0x12c041600000	P	B	160	conditioner	P	0	1	1	1	24.420000613	109.021000000	PP	4	496	354	40	1791442628832385.744	1791442628832403.004	17.26	353	355	1791442628832378.604	1791442628832403.024	0.02	0.02	7.14	0.02	24.42	-6.129999974291422e-07	7.160000612999998	7.16	4643	1791442628832353.010	8.35	5.27	9.91	8.78	68.85	1	1	3.53	4.14	32.734	31.674	350	99.064
162	0	9	28	0	1	P1	P	A	0x12c041600000	P	A	161	probe	P	0	1	1	1	17.300000414	104.291000000	PP	4	496	357	40	1791442628832494.324	1791442628832509.844	15.52	356	358	1791442628832492.564	1791442628832509.884	0.02	0.0	1.76	0.04	17.32	0.019999586000000846	1.7800004139999999	1.8	4655	1791442628832462.380	7.69	4.89	9.54	8.98	65.91	1	1	3.03	3.98	31.944	30.954	354	91.32
163	0	9	28	1	0	P	P	B	0x12c041800000	P	A	162	conditioner	P	0	1	1	1	18.799999729	208.201000000	PP	4	496	361	40	1791442628832698.448	1791442628832715.188	16.74	360	362	1791442628832696.408	1791442628832715.212	0.02	0.016	2.04	0.024	18.804	0.0040002709999988895	2.059999729000001	2.064	4668	1791442628832568.300	7.59	4.97	9.11	9.0	169.94	1	1	3.12	3.85	130.148	129.128	357	188.604
164	0	9	28	1	0	P2	P	B	0x12c041800000	P	B	163	probe	P	0	1	1	1	21.059999242	177.182000000	PP	4	496	365	40	1791442628832883.332	1791442628832901.692	18.36	364	366	1791442628832880.652	1791442628832901.712	0.02	0.02	2.68	0.02	21.06	7.57999998768355e-07	2.6999992420000005	2.7	4682	1791442628832788.500	8.9	5.48	10.31	9.55	135.25	1	1	3.35	3.97	94.832	93.442	361	168.144
165	0	10	9	0	1	C	C	B	0x12c041800000	P	B	164	conditioner	C	0	0	1	0	23.940000683	192.311000000	PP	4	496	369	40	1791442628833078.196	1791442628833095.356	17.16	368	370	1791442628833071.456	1791442628833095.376	0.02	0.02	6.74	0.02	23.92	-0.020000682999999242	6.780000683000001	6.76	4695	1791442628832967.410	9.08	5.8	9.48	9.4	150.22	1	1	3.4	4.24	110.786	109.676	365	176.504
166	0	10	9	0	1	P2	P	B	0x12c041800000	C	B	165	probe	C	0	0	1	0	23.220000789	173.861000000	PP	4	496	373	40	1791442628833250.720	1791442628833268.200	17.48	372	374	1791442628833244.980	1791442628833268.220	0.02	0.02	5.74	0.02	23.24	0.01999921099999824	5.740000789	5.76	4709	1791442628833161.070	8.71	5.37	9.6	9.27	132.99	1	1	3.4	4.05	89.65	88.64	369	155.364
167	0	10	9	1	0	C	C	A	0x12c041600000	P	B	166	conditioner	C	0	0	1	0	17.379999161	118.060000000	PP	4	496	377	40	1791442628833380.164	1791442628833395.124	14.96	376	378	1791442628833377.784	1791442628833395.144	0.02	0.02	2.38	0.02	17.36	-0.01999916100000121	2.419999161	2.4	4723	1791442628833336.770	8.12	5.03	9.57	10.25	76.31	1	1	3.43	4.16	43.394	42.264	373	111.964
168	0	10	9	1	0	P1	P	A	0x12c041600000	C	A	167	probe	C	0	0	1	0	27.519999072	141.701000000	PP	4	496	381	40	1791442628833515.044	1791442628833537.868	22.824	380	382	1791442628833510.344	1791442628833537.888	0.02	0.02	4.7	0.02	27.544	0.024000927999999533	4.695999071999999	4.72	4736	1791442628833455.910	8.88	5.53	9.54	8.86	101.66	1	1	3.31	3.88	59.134	58.134	377	119.92
169	0	11	22	0	0	P	P	A	0x12c041600000	P	A	168	conditioner	P	1	1	0	1	13.740000315	82.441000000	PP	4	496	385	40	1791442628833607.628	1791442628833617.528	9.9	384	386	1791442628833605.208	1791442628833618.968	0.02	0.0	2.42	1.44	13.76	0.019999685000000156	3.8400003149999993	3.86	4749	1791442628833600.270	8.71	5.59	10.13	9.01	41.13	1	1	3.73	3.99	7.358	6.278	381	69.76
170	0	11	22	0	0	P2	P	B	0x12c041800000	P	A	169	probe	P	1	1	0	1	22.760000080	176.861000000	PP	4	496	388	40	1791442628833778.672	1791442628833799.132	20.46	387	389	1791442628833776.392	1791442628833799.152	0.02	0.02	2.28	0.02	22.76	-7.999999951380232e-08	2.3000000800000002	2.3	4761	1791442628833682.030	7.7	5.04	8.88	9.12	138.8	1	1	2.77	3.72	96.642	95.652	385	161.144
171	0	11	22	1	1	P	P	B	0x12c041800000	P	B	170	conditioner	P	1	1	0	1	21.700000390	164.012000000	PP	4	496	392	40	1791442628833942.836	1791442628833962.256	19.42	391	393	1791442628833940.576	1791442628833962.276	0.02	0.02	2.26	0.02	21.7	-3.900000002943216e-07	2.280000389999998	2.28	4774	1791442628833861.620	8.25	5.29	9.64	8.7	124.51	1	1	3.37	4.12	81.216	80.106	388	143.704
172	0	11	22	1	1	P1	P	A	0x12c041600000	P	B	171	probe	P	1	1	0	1	50.140000880	187.741000000	PP	4	496	396	40	1791442628834106.716	1791442628834154.340	47.624	395	397	1791442628834104.196	1791442628834154.360	0.02	0.02	2.52	0.02	50.164	0.023999119999999152	2.51600088	2.54	4787	1791442628834026.960	8.32	5.4	9.52	8.41	148.78	1	1	3.45	3.95	79.756	78.696	392	144.46
173	0	12	3	0	0	C	C	B	0x12c041800000	P	A	172	conditioner	C	1	0	0	0	24.420000613	139.021000000	PP	4	496	400	40	1791442628834272.220	1791442628834293.800	21.58	399	401	1791442628834269.400	1791442628834293.820	0.02	0.02	2.82	0.02	24.42	-6.129999974291422e-07	2.840000613000001	2.84	4800	1791442628834216.970	8.74	5.44	9.77	8.83	98.23	1	1	3.52	3.92	55.25	54.27	396	117.88
174	0	12	3	0	0	P1	P	A	0x12c041600000	C	B	173	probe	C	1	0	0	0	24.059999734	173.781000000	PP	4	496	404	40	1791442628834451.204	1791442628834468.284	17.08	403	405	1791442628834444.244	1791442628834468.304	0.02	0.02	6.96	0.02	24.06	2.6599999713994293e-07	6.979999734000003	6.98	4813	1791442628834357.510	8.71	5.57	10.07	8.57	133.02	1	1	3.55	3.88	93.694	92.574	400	157.404
175	0	12	3	1	1	C	C	A	0x12c041600000	P	A	174	conditioner	C	1	0	0	0	19.559999928	159.611000000	PP	4	496	408	40	1791442628834617.028	1791442628834634.008	16.98	407	409	1791442628834614.468	1791442628834634.028	0.02	0.02	2.56	0.02	19.56	7.199999885187935e-08	2.5799999279999994	2.58	4827	1791442628834532.000	8.51	5.42	9.03	8.92	119.56	1	1	3.5	3.83	85.028	83.868	404	148.744
176	0	12	3	1	1	P2	P	B	0x12c041800000	C	A	175	probe	C	1	0	0	0	222.460001707	375.063000000	PP	4	496	412	40	1791442628834786.132	1791442628835003.636	217.504	411	413	1791442628834781.192	1791442628835003.656	0.02	0.02	4.94	0.02	222.464	0.003998292999995101	4.956001707000013	4.96	4840	1791442628834692.760	8.47	5.55	9.35	8.52	335.33	1	1	3.5	4.04	93.372	92.222	408	152.124
177	0	13	16	0	0	P	P	A	0x12c041600000	P	B	176	conditioner	P	0	0	0	1	22.940000519	143.381000000	PP	4	496	416	40	1791442628835128.600	1791442628835145.040	16.44	415	417	1791442628835122.120	1791442628835145.060	0.02	0.02	6.48	0.02	22.94	-5.190000003096884e-07	6.500000519	6.5	4853	1791442628835069.310	8.47	5.42	9.55	8.78	103.52	1	1	3.45	4.03	59.29	58.1	412	124.964
178	0	13	16	0	0	P2	P	A	0x12c041600000	P	A	177	probe	P	0	0	0	1	24.080000818	150.091000000	PP	4	496	420	40	1791442628835280.560	1791442628835297.520	16.96	419	421	1791442628835273.460	1791442628835297.540	0.0	0.02	7.1	0.02	24.08	-8.180000001800636e-07	7.120000817999998	7.12	4867	1791442628835213.290	8.48	5.38	9.07	8.85	110.64	1	1	3.41	4.15	67.27	66.12	416	135.52
179	0	13	16	1	1	P	P	B	0x12c041800000	P	A	178	conditioner	P	0	0	0	1	28.820000589	188.752000000	PP	4	496	424	40	1791442628835467.904	1791442628835493.944	26.04	423	425	1791442628835465.164	1791442628835493.964	0.0	0.02	2.74	0.02	28.8	-0.02000058899999857	2.780000589	2.76	4881	1791442628835364.890	8.35	5.44	8.98	9.05	149.34	1	1	3.59	4.05	103.014	101.974	420	170.384
180	0	13	16	1	1	P1	P	B	0x12c041800000	P	B	179	probe	P	0	0	0	1	22.099999711	174.461000000	PP	4	496	428	40	1791442628835647.068	1791442628835665.408	18.34	427	429	1791442628835643.328	1791442628835665.428	0.02	0.02	3.74	0.02	22.1	2.8900000259568515e-07	3.759999710999999	3.76	4894	1791442628835555.190	8.74	5.48	9.38	9.04	128.16	1	1	3.38	4.05	91.878	90.738	424	153.124
181	0	14	29	0	1	C	C	A	0x12c041600000	P	B	180	conditioner	C	0	1	1	1	21.859999746	145.011000000	PP	4	496	432	40	1791442628835797.152	1791442628835814.072	16.92	431	433	1791442628835792.232	1791442628835814.092	0.02	0.02	4.92	0.02	21.86	2.5399999969977216e-07	4.939999745999998	4.94	4907	1791442628835735.010	9.35	5.96	11.65	9.04	100.91	1	1	3.56	4.27	62.142	60.992	428	131.744
182	0	14	29	0	1	P1	P	A	0x12c041600000	C	A	181	probe	C	0	1	1	1	99.179998040	155.261000000	PP	4	496	436	40	1791442628835952.096	1791442628835969.296	17.2	435	437	1791442628835870.152	1791442628835969.316	0.02	0.02	81.944	0.02	99.164	-0.01599803999999949	81.97999804	81.964	4921	1791442628835879.470	8.94	6.06	10.01	8.85	114.08	1	1	3.43	4.02	72.626	71.586	432	138.024
183	0	14	29	1	0	C	C	B	0x12c041800000	P	A	182	conditioner	C	0	1	1	1	86.960002780	201.662000000	PP	4	496	440	40	1791442628836078.636	1791442628836107.936	29.3	439	441	1791442628836021.016	1791442628836107.956	0.0	0.02	57.62	0.02	86.94	-0.020002779999998666	57.66000278	57.64	4934	1791442628836035.520	9.19	6.04	9.27	9.05	160.87	1	1	3.56	4.09	43.116	41.946	436	109.34
184	0	14	29	1	0	P2	P	B	0x12c041800000	C	B	183	probe	C	0	1	1	1	141.340002418	222.051000000	PP	4	496	444	40	1791442628836253.580	1791442628836274.880	21.3	443	445	1791442628836248.920	1791442628836390.264	0.02	0.02	4.66	115.384	141.344	0.003997581999982458	120.04000241800001	120.044	4946	1791442628836239.290	8.76	5.68	9.89	8.95	180.79	1	1	3.63	4.16	14.29	13.14	440	145.644
185	0	15	10	0	1	P	P	A	0x12c041600000	P	B	184	conditioner	P	1	0	1	0	20.759999752	180.732000000	PP	4	496	448	40	1791442628836565.868	1791442628836584.248	18.38	447	449	1791442628836563.528	1791442628836584.268	0.02	0.02	2.34	0.02	20.74	-0.01999975200000037	2.379999752	2.36	4959	1791442628836462.150	9.76	6.71	9.19	8.81	139.46	1	1	3.46	4.36	103.718	102.618	444	290.988
186	0	15	10	0	1	P2	P	B	0x12c041800000	P	A	185	probe	P	1	0	1	0	22.639999166	177.791000000	PP	4	496	452	40	1791442628836739.412	1791442628836759.312	19.9	451	453	1791442628836736.692	1791442628836759.332	0.02	0.02	2.72	0.02	22.64	8.340000015039095e-07	2.7399991660000005	2.74	4972	1791442628836644.380	8.3	5.31	9.31	8.79	137.6	1	1	3.62	4.01	95.032	93.972	448	155.164
187	0	15	10	1	0	P	P	B	0x12c041800000	P	B	186	conditioner	P	1	0	1	0	18.619999290	168.531000000	PP	4	496	456	40	1791442628836912.932	1791442628836929.316	16.384	455	457	1791442628836910.712	1791442628836929.336	0.02	0.02	2.22	0.02	18.624	0.004000709999999685	2.2359992899999988	2.24	4985	1791442628836824.090	8.6	5.5	9.49	8.78	127.81	1	1	3.63	4.14	88.842	87.582	452	153.62
188	0	15	10	1	0	P1	P	A	0x12c041600000	P	B	187	probe	P	1	0	1	0	24.219999090	176.772000000	PP	4	496	460	40	1791442628837089.696	1791442628837106.676	16.98	459	461	1791442628837082.496	1791442628837106.696	0.02	0.02	7.2	0.02	24.2	-0.01999909000000244	7.239999090000001	7.22	4999	1791442628836993.140	8.33	5.42	9.27	8.88	137.03	1	1	3.49	4.13	96.556	95.456	456	160.38
189	0	16	23	0	0	C	C	A	0x12c041600000	P	A	188	conditioner	C	1	1	0	1	24.720000103	147.001000000	PP	4	496	464	40	1791442628837225.600	1791442628837242.900	17.3	463	465	1791442628837218.200	1791442628837242.920	0.02	0.02	7.4	0.02	24.72	-1.0300000141683086e-07	7.420000103	7.42	5013	1791442628837171.330	8.25	5.22	9.21	8.89	107.03	1	1	3.5	4.05	54.27	53.17	460	118.924
190	0	16	23	0	0	P2	P	B	0x12c041800000	C	A	189	probe	C	1	1	0	1	26.019999757	174.861000000	PP	4	496	468	40	1791442628837403.684	1791442628837427.124	23.44	467	469	1791442628837401.124	1791442628837427.144	0.02	0.02	2.56	0.02	26.02	2.429999987896281e-07	2.5799997569999995	2.58	5027	1791442628837319.410	8.3	5.36	9.36	9.04	135.08	1	1	3.5	4.08	84.274	83.194	464	160.784
191	0	16	23	1	1	C	C	B	0x12c041800000	P	B	190	conditioner	C	1	1	0	1	158.600002527	333.042000000	PP	4	496	472	40	1791442628837603.848	1791442628837759.832	155.984	471	473	1791442628837601.268	1791442628837759.852	0.02	0.02	2.58	0.02	158.584	-0.016002526999983502	2.616002526999978	2.6	5040	1791442628837496.300	8.69	5.49	9.62	8.82	292.33	1	1	3.64	4.04	107.548	106.428	468	176.724
192	0	16	23	1	1	P1	P	A	0x12c041600000	C	B	191	probe	C	1	1	0	1	23.259999231	232.742000000	PP	4	496	476	40	1791442628837969.596	1791442628837990.096	20.5	475	477	1791442628837966.856	1791442628837990.116	0.02	0.02	2.74	0.02	23.26	7.690000032312128e-07	2.7599992309999983	2.76	5053	1791442628837831.030	8.81	5.69	10.25	9.06	191.33	1	1	3.49	4.0	138.566	137.516	472	209.764
193	0	17	4	0	0	P	P	B	0x12c041800000	P	A	192	conditioner	P	0	1	0	0	27.300000191	192.621000000	PP	4	496	480	40	1791442628838171.800	1791442628838194.820	23.02	479	481	1791442628838167.560	1791442628838194.860	0.02	0.0	4.24	0.04	27.3	-1.9099999803984247e-07	4.280000190999999	4.28	5066	1791442628838064.880	8.75	5.69	10.23	8.59	151.93	1	1	3.51	4.07	106.92	105.83	476	181.704
194	0	17	4	0	0	P1	P	B	0x12c041800000	P	B	193	probe	P	0	1	0	0	20.260000601	153.682000000	PP	4	496	484	40	1791442628838334.284	1791442628838352.044	17.76	483	485	1791442628838331.784	1791442628838352.064	0.02	0.02	2.5	0.02	20.28	0.019999398999999585	2.500000601	2.52	5079	1791442628838258.660	8.73	5.74	9.28	8.65	113.1	1	1	3.53	3.93	75.624	74.454	480	139.464
195	0	17	4	1	1	P	P	A	0x12c041600000	P	B	194	conditioner	P	0	1	0	0	23.019999266	201.561000000	PP	4	496	488	40	1791442628838539.268	1791442628838556.668	17.4	487	489	1791442628838533.648	1791442628838556.688	0.02	0.02	5.62	0.02	23.04	0.02000073399999991	5.619999266000001	5.64	5092	1791442628838413.430	9.09	5.54	9.73	8.68	160.77	1	1	3.64	4.12	125.838	124.178	484	187.224
196	0	17	4	1	1	P2	P	A	0x12c041600000	P	A	195	probe	P	0	1	0	0	21.500000730	202.662000000	PP	4	496	492	40	1791442628838744.612	1791442628838763.232	18.62	491	493	1791442628838741.772	1791442628838763.252	0.02	0.02	2.84	0.02	21.48	-0.020000729999999578	2.880000729999999	2.86	5105	1791442628838615.570	8.25	5.44	9.19	8.8	162.52	1	1	3.42	4.15	129.042	128.002	488	187.944
197	0	18	17	0	0	C	C	A	0x12c041600000	P	A	196	conditioner	C	0	0	0	1	31.899999827	211.861000000	PP	4	496	496	40	1791442628838942.036	1791442628838971.076	29.04	495	497	1791442628838939.216	1791442628838971.116	0.02	0.0	2.82	0.04	31.9	1.7300000010322947e-07	2.8599998269999993	2.86	5118	1791442628838820.210	8.98	5.97	9.42	8.96	170.15	1	1	3.63	4.12	121.826	120.796	492	178.804
198	0	18	17	0	0	P2	P	A	0x12c041600000	C	A	197	probe	C	0	0	0	1	29.200000688	209.082000000	PP	4	496	500	40	1791442628839147.000	1791442628839168.040	21.04	499	501	1791442628839138.880	1791442628839168.060	0.0	0.02	8.12	0.02	29.18	-0.020000687999999656	8.160000688	8.14	5131	1791442628839033.280	8.68	5.72	9.48	8.61	168.27	1	1	3.36	4.81	113.72	112.57	496	175.924
199	0	18	17	1	1	C	C	B	0x12c041800000	P	A	198	conditioner	C	0	0	0	1	26.259999722	173.001000000	PP	4	496	504	40	1791442628839331.884	1791442628839354.564	22.68	503	505	1791442628839328.324	1791442628839354.584	0.02	0.02	3.56	0.02	26.26	2.7800000168554106e-07	3.579999722	3.58	5145	1791442628839243.920	8.57	5.57	9.65	9.16	131.74	1	1	3.41	4.47	87.964	86.874	500	163.844
200	0	18	17	1	1	P1	P	B	0x12c041800000	C	B	199	probe	C	0	0	0	1	20.479999483	150.931000000	PP	4	496	508	40	1791442628839457.044	1791442628839474.704	17.66	507	509	1791442628839454.244	1791442628839474.724	0.02	0.02	2.8	0.02	20.48	5.170000001442077e-07	2.819999483	2.82	5158	1791442628839418.360	8.87	5.66	9.45	9.27	109.82	1	1	3.5	4.02	38.684	37.594	504	102.48
201	0	19	30	0	1	P	P	B	0x12c041800000	P	B	200	conditioner	P	1	1	1	1	26.699999347	203.452000000	PP	4	496	512	40	1791442628839682.868	1791442628839703.688	20.82	511	513	1791442628839677.008	1791442628839703.728	0.02	0.02	5.86	0.04	26.72	0.020000653000000312	5.879999346999998	5.9	5170	1791442628839570.590	9.15	6.13	9.44	8.92	162.22	1	1	3.7	4.0	112.278	111.178	508	208.164
202	0	19	30	0	1	P1	P	A	0x12c041600000	P	B	201	probe	P	1	1	1	1	179.800003767	249.981000000	PP	4	496	516	40	1791442628839931.996	1791442628839949.976	17.98	515	517	1791442628839770.212	1791442628839949.996	0.0	0.02	161.784	0.02	179.784	-0.016003767000000835	161.820003767	161.804	5184	1791442628839775.490	8.88	5.71	9.84	8.94	208.76	1	1	3.54	4.12	156.506	155.316	512	228.308
203	0	19	30	1	0	P	P	A	0x12c041600000	P	A	202	conditioner	P	1	1	1	1	326.900005341	488.244000000	PP	4	496	520	40	1791442628840130.280	1791442628840452.064	321.784	519	521	1791442628840125.200	1791442628840452.084	0.02	0.02	5.08	0.02	326.884	-0.016005340999981854	5.116005341000005	5.1	5197	1791442628840027.450	9.19	5.8	10.01	9.58	445.69	1	1	3.78	4.23	102.83	101.5	516	180.304
204	0	19	30	1	0	P2	P	B	0x12c041800000	P	A	203	probe	P	1	1	1	1	52.400000393	139.141000000	PP	4	496	524	40	1791442628840546.388	1791442628840563.588	17.2	523	525	1791442628840511.204	1791442628840563.608	0.02	0.02	35.184	0.02	52.404	0.003999607000004346	35.200000392999996	35.204	5210	1791442628840516.260	9.0	5.83	9.68	9.44	97.59	1	1	3.63	4.19	30.128	28.878	520	94.324
205	0	20	11	0	1	C	C	A	0x12c041600000	P	B	204	conditioner	C	1	0	1	0	23.779999465	154.481000000	PP	4	496	528	40	1791442628840722.468	1791442628840740.012	17.544	527	529	1791442628840716.268	1791442628840740.032	0.02	0.02	6.2	0.02	23.764	-0.015999465000000157	6.235999464999999	6.22	5222	1791442628840657.280	8.88	5.74	9.57	9.48	112.58	1	1	3.55	4.04	65.188	63.918	524	158.88
206	0	20	11	0	1	P2	P	B	0x12c041800000	C	A	205	probe	C	1	0	1	0	29.319999740	190.892000000	PP	4	496	532	40	1791442628840916.172	1791442628840942.876	26.704	531	533	1791442628840913.572	1791442628840942.896	0.02	0.02	2.6	0.02	29.324	0.004000260000001532	2.6159997399999995	2.62	5236	1791442628840812.870	8.79	5.7	9.41	9.3	149.84	1	1	3.76	3.73	103.302	102.152	528	176.16
207	0	20	11	1	0	C	C	B	0x12c041800000	P	B	206	conditioner	C	1	0	1	0	21.220000461	197.081000000	PP	4	496	536	40	1791442628841120.060	1791442628841138.560	18.5	535	537	1791442628841117.356	1791442628841138.580	0.02	0.02	2.704	0.02	21.224	0.00399953899999872	2.7200004610000015	2.724	5249	1791442628841004.990	8.88	5.64	9.52	9.47	155.59	1	1	3.64	4.01	115.07	113.85	532	177.184
208	0	20	11	1	0	P1	P	A	0x12c041600000	C	B	207	probe	C	1	0	1	0	24.399999529	216.742000000	PP	4	496	540	40	1791442628841336.944	1791442628841353.224	16.28	539	541	1791442628841328.844	1791442628841353.244	0.02	0.02	8.1	0.02	24.4	4.709999998908643e-07	8.119999528999998	8.12	5262	1791442628841203.390	8.58	5.5	9.55	8.67	176.32	1	1	3.52	4.14	133.554	132.384	536	198.384
209	0	21	24	0	1	P	P	B	0x12c041800000	P	A	208	conditioner	P	0	0	1	1	52.820000798	261.692000000	PP	4	496	544	40	1791442628841572.348	1791442628841622.628	50.28	543	545	1791442628841569.828	1791442628841622.648	0.02	0.02	2.52	0.02	52.82	-7.980000020779698e-07	2.5400007980000012	2.54	5276	1791442628841420.840	8.63	5.51	9.06	8.81	221.92	1	1	3.52	3.92	151.508	150.368	540	219.124
210	0	21	24	0	1	P1	P	B	0x12c041800000	P	B	209	probe	P	0	0	1	1	23.979999125	168.171000000	PP	4	496	548	40	1791442628841773.992	1791442628841795.012	21.02	547	549	1791442628841771.052	1791442628841795.032	0.0	0.02	2.94	0.02	23.98	8.75000001343551e-07	2.9599991249999995	2.96	5289	1791442628841684.570	8.38	5.43	9.71	8.89	128.11	1	1	3.53	3.98	89.422	88.262	544	151.364
211	0	21	24	1	0	P	P	A	0x12c041600000	P	B	210	conditioner	P	0	0	1	1	135.700002313	206.211000000	PP	4	496	552	40	1791442628841970.776	1791442628841987.876	17.1	551	553	1791442628841852.192	1791442628841987.896	0.02	0.02	118.584	0.02	135.704	0.003997687000008909	118.600002313	118.604	5302	1791442628841853.680	8.88	5.83	9.5	8.92	165.91	1	1	3.42	4.13	117.096	115.876	548	175.764
212	0	21	24	1	0	P2	P	A	0x12c041600000	P	A	211	probe	P	0	0	1	1	18.820000812	177.682000000	PP	4	496	556	40	1791442628842160.260	1791442628842176.900	16.64	555	557	1791442628842158.100	1791442628842176.920	0.02	0.02	2.16	0.02	18.82	-8.119999996836214e-07	2.1800008119999994	2.18	5315	1791442628842061.210	8.63	5.66	9.61	8.71	137.9	1	1	3.43	4.16	99.05	97.9	552	172.384
213	0	22	5	0	0	C	C	B	0x12c041800000	P	A	212	conditioner	C	0	1	0	0	25.280000642	217.971000000	PP	4	496	560	40	1791442628842372.224	1791442628842392.784	20.56	559	561	1791442628842367.504	1791442628842392.804	0.02	0.02	4.72	0.02	25.3	0.019999357999999745	4.720000642000002	4.74	5328	1791442628842240.330	8.73	5.59	9.5	8.88	177.36	1	1	3.36	4.07	131.894	130.724	556	195.324
214	0	22	5	0	0	P1	P	B	0x12c041800000	C	B	213	probe	C	0	1	0	0	27.440000325	192.472000000	PP	4	496	564	40	1791442628842564.428	1791442628842589.348	24.92	563	565	1791442628842561.928	1791442628842589.368	0.02	0.02	2.5	0.02	27.44	-3.2499999846891114e-07	2.520000324999998	2.52	5342	1791442628842460.220	8.99	5.6	10.1	8.93	150.5	1	1	3.52	4.26	104.208	102.938	560	171.644
215	0	22	5	1	1	C	C	A	0x12c041600000	P	B	214	conditioner	C	0	1	0	0	18.060000613	184.251000000	PP	4	496	568	40	1791442628842768.312	1791442628842783.912	15.6	567	569	1791442628842765.892	1791442628842783.932	0.02	0.02	2.42	0.02	18.04	-0.020000613000000556	2.460000613	2.44	5355	1791442628842653.410	8.82	5.64	9.34	9.1	143.29	1	1	3.58	4.25	114.902	113.732	564	178.964
216	0	22	5	1	1	P2	P	A	0x12c041600000	C	A	215	probe	C	0	1	0	0	306.199997663	362.263000000	PP	4	496	572	40	1791442628842967.316	1791442628843135.260	167.944	571	573	1791442628842829.092	1791442628843135.280	0.02	0.02	138.224	0.02	306.188	-0.011997662999988279	138.255997663	138.244	5368	1791442628842838.590	8.88	5.66	9.25	8.72	322.11	1	1	3.61	4.13	128.726	127.486	568	183.404
217	0	23	18	0	0	P	P	B	0x12c041800000	P	A	216	conditioner	P	1	0	0	1	22.560000420	90.370000000	PP	4	496	576	40	1791442628843218.800	1791442628843235.760	16.96	575	577	1791442628843213.220	1791442628843235.800	0.02	0.0	5.58	0.04	22.58	0.019999579999996797	5.600000420000001	5.62	5381	1791442628843201.980	9.63	6.37	9.27	9.02	49.24	1	1	3.5	4.16	16.82	15.65	572	83.54
218	0	23	18	0	0	P2	P	A	0x12c041600000	P	B	217	probe	P	1	0	0	1	19.479999319	135.601000000	PP	4	496	579	40	1791442628843357.784	1791442628843374.324	16.54	578	580	1791442628843354.864	1791442628843374.364	0.02	0.0	2.92	0.04	19.5	0.020000680999999076	2.9399993190000018	2.96	5393	1791442628843292.930	8.62	5.16	9.27	8.56	96.72	1	1	3.07	4.02	64.854	63.404	576	122.024
219	0	23	18	1	1	P	P	A	0x12c041600000	P	A	218	conditioner	P	1	0	0	1	135.379999876	188.462000000	PP	4	496	583	40	1791442628843435.104	1791442628843452.984	17.88	582	584	1791442628843422.484	1791442628843557.848	0.02	0.02	12.62	104.864	135.364	-0.015999875999995083	117.499999876	117.484	5406	1791442628843430.020	8.45	5.75	9.15	8.94	149.37	1	1	3.02	4.18	5.084	4.104	579	60.78
220	0	23	18	1	1	P1	P	B	0x12c041800000	P	A	219	probe	P	1	0	0	1	52.740000188	171.341000000	PP	4	496	587	40	1791442628843630.088	1791442628843680.548	50.46	586	588	1791442628843627.848	1791442628843680.568	0.0	0.02	2.24	0.02	52.72	-0.02000018800000447	2.2800001880000025	2.26	5419	1791442628843627.510	8.52	5.39	10.14	9.54	129.88	1	1	3.5	4.15	2.578	1.438	583	177.104
221	0	24	31	0	1	C	C	B	0x12c041800000	P	B	220	conditioner	C	1	1	1	1	26.000000536	164.561000000	PP	4	496	591	40	1791442628843882.472	1791442628843900.452	17.98	590	592	1791442628843874.492	1791442628843900.472	0.0	0.02	7.98	0.02	25.98	-0.02000053600000129	8.020000536000001	8.0	5431	1791442628843800.640	8.94	5.4	10.15	9.31	121.94	1	1	3.42	4.55	81.832	80.632	587	201.924
222	0	24	31	0	1	P1	P	A	0x12c041600000	C	B	221	probe	C	1	1	1	1	24.599999189	123.681000000	PP	4	496	595	40	1791442628844012.356	1791442628844028.656	16.3	594	596	1791442628844004.076	1791442628844028.676	0.02	0.02	8.28	0.02	24.6	8.110000031535947e-07	8.299999188999998	8.3	5445	1791442628843966.250	8.33	5.12	9.82	8.91	82.59	1	1	3.41	4.57	46.106	44.946	591	111.904
223	0	24	31	1	0	C	C	A	0x12c041600000	P	A	222	conditioner	C	1	1	1	1	106.600001454	164.281000000	PP	4	496	598	40	1791442628844097.956	1791442628844114.716	16.76	597	599	1791442628844083.956	1791442628844190.540	0.0	0.02	14.0	75.824	106.584	-0.016001453999990645	89.84000145399999	89.824	5457	1791442628844089.810	8.33	5.55	9.0	9.49	124.4	1	1	3.01	3.83	8.146	7.146	595	69.3
224	0	24	31	1	0	P2	P	B	0x12c041800000	C	A	223	probe	C	1	1	1	1	48.399999738	204.132000000	PP	4	496	602	40	1791442628844280.240	1791442628844325.820	45.58	601	603	1791442628844277.440	1791442628844325.844	0.02	0.016	2.8	0.024	48.404	0.00400026200000525	2.819999738	2.824	5470	1791442628844256.000	8.5	5.47	9.48	8.48	164.58	1	1	3.12	4.02	24.24	23.06	598	165.524
225	0	25	12	0	1	P	P	A	0x12c041600000	P	B	224	conditioner	P	0	1	1	0	29.519999400	106.221000000	PP	4	496	606	40	1791442628844492.324	1791442628844514.344	22.02	605	607	1791442628844484.864	1791442628844514.364	0.02	0.02	7.46	0.02	29.5	-0.019999399999999667	7.4999994	7.48	5482	1791442628844462.280	8.95	5.82	10.26	8.76	64.72	1	1	3.34	4.1	30.044	28.934	602	166.504
226	0	25	12	0	1	P2	P	A	0x12c041600000	P	A	225	probe	P	0	1	1	0	21.800000221	108.070000000	PP	4	496	609	40	1791442628844599.068	1791442628844618.548	19.48	608	610	1791442628844596.748	1791442628844618.568	0.02	0.02	2.32	0.02	21.82	0.01999977899999905	2.320000221000001	2.34	5494	1791442628844569.150	7.6	4.94	9.79	8.61	70.06	1	1	3.06	3.69	29.918	28.838	606	84.724
227	0	25	12	1	0	P	P	B	0x12c041800000	P	A	226	conditioner	P	0	1	1	0	24.779999629	119.271000000	PP	4	496	612	40	1791442628844721.488	1791442628844738.852	17.364	611	613	1791442628844714.068	1791442628844738.872	0.02	0.02	7.42	0.02	24.804	0.024000370999999632	7.415999628999998	7.44	5506	1791442628844677.090	7.14	4.67	9.14	8.33	82.97	1	1	2.71	3.63	44.398	43.468	609	102.94
228	0	25	12	1	0	P1	P	B	0x12c041800000	P	B	227	probe	P	0	1	1	0	125.579997897	181.462000000	PP	4	496	616	40	1791442628844797.052	1791442628844815.612	18.56	615	617	1791442628844794.452	1791442628844920.052	0.02	0.0	2.6	104.44	125.6	0.02000210299999594	107.019997897	107.04	5520	1791442628844798.230	7.99	5.32	9.45	8.87	142.41	1	1	3.29	3.74	-1.178	-2.198	612	58.2
229	0	26	25	0	1	C	C	B	0x12c041800000	P	B	228	conditioner	C	0	0	1	1	72.899997234	191.021000000	PP	4	496	620	40	1791442628845024.556	1791442628845043.376	18.82	619	621	1791442628844970.496	1791442628845043.396	0.02	0.02	54.06	0.02	72.9	2.766000008591618e-06	54.079997234	54.08	5533	1791442628844981.510	9.33	5.62	9.25	8.8	150.16	1	1	3.14	4.1	43.046	41.466	616	208.944
230	0	26	25	0	1	P1	P	B	0x12c041800000	C	B	229	probe	C	0	0	1	1	20.179999992	186.791000000	PP	4	496	624	40	1791442628845216.460	1791442628845234.300	17.84	623	625	1791442628845214.120	1791442628845234.320	0.02	0.02	2.34	0.02	20.2	0.020000008000000236	2.339999991999999	2.36	5545	1791442628845175.880	8.49	5.59	9.92	8.72	145.3	1	1	3.45	4.43	40.58	39.5	620	173.084
231	0	26	25	1	0	C	C	A	0x12c041600000	P	B	230	conditioner	C	0	0	1	1	25.739999488	124.091000000	PP	4	496	628	40	1791442628845409.064	1791442628845427.924	18.86	627	629	1791442628845402.204	1791442628845427.964	0.02	0.0	6.86	0.04	25.76	0.020000512000002857	6.879999487999999	6.9	5557	1791442628845363.370	9.22	5.76	9.52	8.95	81.83	1	1	3.55	4.3	45.694	44.514	624	174.764
232	0	26	25	1	0	P2	P	A	0x12c041600000	C	A	231	probe	C	0	0	1	1	276.679992676	367.753000000	PP	4	496	632	40	1791442628845516.624	1791442628845789.012	272.388	631	633	1791442628845512.364	1791442628845789.032	0.02	0.02	4.26	0.02	276.668	-0.01199267599997711	4.291992676000007	4.28	5570	1791442628845489.150	8.92	5.62	9.42	8.96	325.54	1	1	3.57	4.36	27.474	26.394	628	88.7
233	0	27	6	0	0	P	P	A	0x12c041600000	P	A	232	conditioner	P	1	1	0	0	49.199998379	89.691000000	PP	4	496	636	40	1791442628845876.552	1791442628845893.552	17.0	635	637	1791442628845844.392	1791442628845893.572	0.0	0.02	32.16	0.02	49.18	-0.019998379000000455	32.199998379	32.18	5583	1791442628845858.400	8.83	5.66	9.43	9.03	49.03	1	1	3.55	4.27	18.152	16.952	632	87.54
234	0	27	6	0	0	P1	P	B	0x12c041800000	P	A	233	probe	P	1	1	0	0	127.660006285	200.801000000	PP	4	496	639	40	1791442628845960.936	1791442628845974.756	13.82	638	640	1791442628845952.116	1791442628846079.756	0.02	0.02	8.82	105.0	127.64	-0.020006284999993795	113.84000628499999	113.82	5595	1791442628845947.830	7.71	5.02	8.67	15.6	156.47	1	1	3.06	3.99	13.106	12.056	636	67.384
235	0	27	6	1	1	P	P	B	0x12c041800000	P	B	234	conditioner	P	1	1	0	0	145.180001855	203.712000000	PP	4	496	643	40	1791442628846160.480	1791442628846176.560	16.08	642	644	1791442628846147.680	1791442628846292.860	0.02	0.02	12.8	116.3	145.18	-1.8549999936112727e-06	129.10000185500002	129.1	5608	1791442628846150.790	8.63	5.78	9.37	9.36	163.39	1	1	3.24	4.23	9.69	8.5	639	185.724
236	0	27	6	1	1	P2	P	A	0x12c041600000	P	B	235	probe	P	1	1	0	0	143.519997597	198.761000000	PP	4	496	647	40	1791442628846360.044	1791442628846386.644	26.6	646	648	1791442628846346.404	1791442628846489.904	0.02	0.02	13.64	103.26	143.5	-0.01999759700001391	116.91999759700002	116.9	5621	1791442628846355.490	8.58	5.57	9.21	9.01	159.0	1	1	3.2	4.5	4.554	3.434	643	183.484
237	0	28	19	0	0	C	C	B	0x12c041800000	P	A	236	conditioner	C	1	0	0	1	127.440005541	187.472000000	PP	4	496	651	40	1791442628846568.808	1791442628846586.048	17.24	650	652	1791442628846552.408	1791442628846679.828	0.0	0.02	16.4	93.78	127.42	-0.02000554100000329	110.20000554100001	110.18	5634	1791442628846556.450	8.93	5.63	9.4	9.14	145.44	1	1	3.36	3.97	12.358	11.278	647	182.164
238	0	28	19	0	0	P2	P	A	0x12c041600000	C	B	237	probe	C	1	0	0	1	25.100000203	93.910000000	PP	4	496	655	40	1791442628846765.052	1791442628846782.832	17.78	654	656	1791442628846757.772	1791442628846782.852	0.0	0.02	7.28	0.02	25.08	-0.02000020300000216	7.320000202999999	7.3	5647	1791442628846745.470	8.34	5.4	9.09	9.3	53.54	1	1	3.61	3.99	19.582	18.532	651	179.004
239	0	28	19	1	1	C	C	A	0x12c041600000	P	A	238	conditioner	C	1	0	0	1	22.320000455	169.211000000	PP	4	496	658	40	1791442628846872.272	1791442628846892.172	19.9	657	659	1791442628846869.892	1791442628846892.192	0.02	0.02	2.38	0.02	22.3	-0.02000045499999814	2.4200004550000003	2.4	5659	1791442628846839.570	7.75	5.0	8.94	8.57	131.37	1	1	2.85	3.79	32.702	31.692	655	89.44
240	0	28	19	1	1	P1	P	B	0x12c041800000	C	A	239	probe	C	1	0	0	1	89.659996331	141.462000000	PP	4	496	662	40	1791442628847066.776	1791442628847090.736	23.96	661	663	1791442628847001.096	1791442628847090.756	0.02	0.02	65.68	0.02	89.66	3.668999994488331e-06	65.699996331	65.7	5671	1791442628847010.990	8.84	5.84	9.53	9.46	100.36	1	1	3.23	4.23	55.786	54.716	658	174.604
241	0	29	0	0	0	P	P	A	0x12c041600000	P	B	240	conditioner	P	0	0	0	0	25.439999998	89.780000000	PP	4	496	666	40	1791442628847169.040	1791442628847187.020	17.98	665	667	1791442628847161.620	1791442628847187.040	0.02	0.02	7.42	0.02	25.42	-0.019999997999999408	7.459999998000001	7.44	5684	1791442628847154.050	8.52	5.35	9.4	9.39	49.06	1	1	3.43	4.45	14.99	13.71	662	78.304
242	0	29	0	0	0	P1	P	A	0x12c041600000	P	A	241	probe	P	0	0	0	0	25.200000033	96.091000000	PP	4	496	669	40	1791442628847260.540	1791442628847283.100	22.56	668	670	1791442628847257.940	1791442628847283.120	0.02	0.02	2.6	0.02	25.18	-0.02000003299999875	2.6400000329999997	2.62	5696	1791442628847243.940	7.74	4.77	9.07	9.07	58.33	1	1	2.74	3.8	16.6	15.52	666	73.52
243	0	29	0	1	1	P	P	B	0x12c041800000	P	A	242	conditioner	P	0	0	0	0	19.519999623	101.561000000	PP	4	496	672	40	1791442628847366.664	1791442628847383.624	16.96	671	673	1791442628847364.124	1791442628847383.644	0.02	0.02	2.54	0.02	19.52	3.7699999921869676e-07	2.5599996229999995	2.56	5708	1791442628847340.870	7.76	5.48	8.84	8.31	64.96	1	1	2.72	3.73	25.794	24.934	669	83.564
244	0	29	0	1	1	P2	P	B	0x12c041800000	P	B	243	probe	P	0	0	0	0	34.079998732	103.070000000	PP	4	496	676	40	1791442628847460.524	1791442628847491.944	31.42	675	677	1791442628847457.884	1791442628847491.964	0.02	0.02	2.64	0.02	34.08	1.26799999833338e-06	2.6599987319999983	2.66	5722	1791442628847444.280	7.59	5.02	9.23	8.57	65.25	1	1	3.15	3.99	16.244	15.324	672	76.9
245	0	30	13	0	1	C	C	A	0x12c041600000	P	B	244	conditioner	C	0	1	1	0	52.939999849	144.481000000	PP	4	496	679	40	1791442628847575.268	1791442628847625.488	50.22	678	680	1791442628847572.568	1791442628847625.508	0.02	0.02	2.7	0.02	52.94	1.5099999473022763e-07	2.719999849000004	2.72	5734	1791442628847548.600	7.91	4.9	8.96	8.84	105.59	1	1	2.84	3.7	26.668	25.728	676	83.324
246	0	30	13	0	1	P2	P	A	0x12c041600000	C	A	245	probe	C	0	1	1	0	21.400000900	279.453000000	PP	4	496	683	40	1791442628847756.332	1791442628847775.152	18.82	682	684	1791442628847753.792	1791442628847775.192	0.02	0.0	2.54	0.04	21.4	-8.999999998593466e-07	2.580000899999998	2.58	5747	1791442628847694.150	8.08	5.04	9.3	9.81	229.53	1	1	3.01	13.87	62.182	61.212	679	130.844
247	0	30	13	1	0	C	C	B	0x12c041800000	P	A	246	conditioner	C	0	1	1	0	23.959999904	174.991000000	PP	4	496	687	40	1791442628848068.496	1791442628848089.836	21.34	686	688	1791442628848065.916	1791442628848089.876	0.02	0.0	2.58	0.04	23.96	9.600000083764826e-08	2.619999904	2.62	5761	1791442628847975.750	8.15	5.26	9.61	9.01	134.25	1	1	3.32	4.04	92.746	91.686	683	293.344
248	0	30	13	1	0	P1	P	B	0x12c041800000	C	B	247	probe	C	0	1	1	0	319.119989872	378.933000000	PP	4	496	691	40	1791442628848217.500	1791442628848467.324	249.824	690	692	1791442628848148.220	1791442628848467.344	0.02	0.02	69.28	0.02	319.124	0.004010128000004443	69.295989872	69.3	5774	1791442628848152.290	8.73	5.34	9.92	9.02	337.32	1	1	3.24	4.83	65.21	64.07	687	127.664
249	0	31	26	0	1	P	P	A	0x12c041600000	P	B	248	conditioner	P	1	0	1	1	142.599999905	188.721000000	PP	4	496	695	40	1791442628848538.328	1791442628848554.848	16.52	694	696	1791442628848518.164	1791442628848660.768	0.02	0.02	20.164	105.92	142.604	0.004000095000009196	126.07999990500001	126.084	5787	1791442628848533.290	8.33	5.46	9.55	8.73	148.16	1	1	3.65	4.28	5.038	3.988	691	71.004
250	0	31	26	0	1	P1	P	B	0x12c041800000	P	A	249	probe	P	1	0	1	1	21.339999512	96.921000000	PP	4	496	699	40	1791442628848742.312	1791442628848758.612	16.3	698	700	1791442628848737.292	1791442628848758.632	0.02	0.02	5.02	0.02	21.34	4.880000012974506e-07	5.039999511999998	5.04	5800	1791442628848724.000	8.75	5.56	9.82	8.81	55.89	1	1	3.34	4.13	18.312	17.092	695	187.464
251	0	31	26	1	0	P	P	B	0x12c041800000	P	B	250	conditioner	P	1	0	1	1	18.039999530	118.451000000	PP	4	496	702	40	1791442628848865.652	1791442628848881.912	16.26	701	703	1791442628848863.892	1791442628848881.932	0.02	0.02	1.76	0.02	18.04	4.699999998081239e-07	1.7799995299999978	1.78	5812	1791442628848819.840	7.88	5.16	8.47	8.75	81.23	1	1	2.9	3.79	45.812	44.642	699	107.04
252	0	31	26	1	0	P2	P	A	0x12c041600000	P	B	251	probe	P	1	0	1	1	22.579999641	201.091000000	PP	4	496	706	40	1791442628849063.516	1791442628849081.976	18.46	705	707	1791442628849059.416	1791442628849081.996	0.0	0.02	4.1	0.02	22.58	3.589999977293701e-07	4.119999641	4.12	5825	1791442628848940.740	8.41	5.5	9.1	8.72	161.85	1	1	3.26	3.92	122.776	121.666	702	181.604
253	1	0	19	0	0	C	C	B	0x12c041800000	P	A	252	conditioner	C	1	0	0	1	24.800000712	188.211000000	PP	4	496	710	40	1791442628849242.380	1791442628849260.040	17.66	709	711	1791442628849235.260	1791442628849260.060	0.02	0.02	7.12	0.02	24.8	-7.119999985150116e-07	7.140000711999999	7.14	5839	1791442628849144.010	8.29	5.08	9.2	8.73	148.2	1	1	3.29	3.96	98.37	97.37	706	160.404
254	1	0	19	0	0	P2	P	A	0x12c041600000	C	B	253	probe	C	1	0	0	1	23.700000718	228.882000000	PP	4	496	714	40	1791442628849477.904	1791442628849499.424	21.52	713	715	1791442628849475.764	1791442628849499.464	0.02	0.0	2.14	0.04	23.7	-7.179999990114538e-07	2.1800007179999987	2.18	5853	1791442628849332.940	8.48	5.45	9.36	8.68	189.68	1	1	3.29	3.93	144.964	143.884	710	217.864
255	1	0	19	1	1	C	C	A	0x12c041600000	P	A	254	conditioner	C	1	0	0	1	25.699999183	200.832000000	PP	4	496	718	40	1791442628849683.288	1791442628849704.068	20.78	717	719	1791442628849678.408	1791442628849704.088	0.02	0.02	4.88	0.02	25.68	-0.019999182999999476	4.919999182999998	4.9	5866	1791442628849564.230	8.53	5.42	9.71	8.76	160.31	1	1	3.36	4.14	119.058	117.948	714	183.864
256	1	0	19	1	1	P1	P	B	0x12c041800000	C	A	255	probe	C	1	0	0	1	21.059999242	220.871000000	PP	4	496	722	40	1791442628849912.232	1791442628849931.076	18.844	721	723	1791442628849910.032	1791442628849931.092	0.02	0.024	2.2	0.016	21.06	7.57999998768355e-07	2.2159992419999988	2.216	5879	1791442628849766.680	8.83	5.36	9.64	8.66	179.95	1	1	3.65	4.12	145.552	144.282	718	208.164
257	1	1	8	0	1	P	P	B	0x12c041800000	P	B	256	conditioner	P	0	0	1	0	18.759999424	180.632000000	PP	4	496	726	40	1791442628850097.056	1791442628850113.056	16.0	725	727	1791442628850094.296	1791442628850113.076	0.02	0.02	2.76	0.02	18.78	0.020000576000001047	2.759999424	2.78	5892	1791442628849988.430	8.81	5.48	9.33	8.6	140.65	1	1	3.4	4.06	108.626	107.506	722	165.98
258	1	1	8	0	1	P2	P	B	0x12c041800000	P	B	257	probe	P	0	0	1	0	29.379999265	197.251000000	PP	4	496	730	40	1791442628850280.760	1791442628850307.460	26.7	729	731	1791442628850278.100	1791442628850307.500	0.02	0.0	2.66	0.04	29.4	0.02000073499999999	2.6799992649999993	2.7	5905	1791442628850171.070	8.24	5.36	10.27	8.72	156.94	1	1	3.41	4.06	109.69	108.57	726	167.704
259	1	1	8	1	0	P	P	A	0x12c041600000	P	B	258	conditioner	P	0	0	1	0	37.140000612	109.201000000	PP	4	496	734	40	1791442628850383.304	1791442628850398.924	15.62	733	735	1791442628850380.404	1791442628850417.544	0.02	0.02	2.9	18.62	37.14	-6.120000008991155e-07	21.520000612000004	21.52	5918	1791442628850369.740	8.34	5.37	10.33	9.32	67.84	1	1	3.38	4.14	13.564	12.514	730	75.844
260	1	1	8	1	0	P1	P	A	0x12c041600000	P	A	259	probe	P	0	0	1	0	24.439999834	111.531000000	PP	4	496	737	40	1791442628850518.444	1791442628850535.468	17.024	736	738	1791442628850511.044	1791442628850535.488	0.02	0.02	7.4	0.02	24.444	0.004000165999997307	7.415999834000001	7.42	5930	1791442628850478.930	8.05	5.06	9.52	8.8	72.9	1	1	2.97	4.05	39.514	38.454	734	119.52
261	1	2	29	0	1	C	C	A	0x12c041600000	P	A	260	conditioner	C	0	1	1	1	22.619999945	150.381000000	PP	4	496	740	40	1791442628850660.568	1791442628850680.708	20.14	739	741	1791442628850658.088	1791442628850680.728	0.02	0.02	2.48	0.02	22.64	0.02000005500000057	2.4799999449999994	2.5	5942	1791442628850592.840	8.8	5.66	9.27	8.51	110.67	1	1	2.81	3.68	67.728	66.758	737	125.1
262	1	2	29	0	1	P1	P	A	0x12c041600000	C	A	261	probe	C	0	1	1	1	405.140012503	464.683000000	PP	4	496	744	40	1791442628850804.632	1791442628851146.420	341.788	743	745	1791442628850741.292	1791442628851146.460	0.02	0.0	63.34	0.04	405.168	0.02798749700002645	63.35201250299997	63.38	5955	1791442628850746.840	9.07	5.91	9.93	8.8	422.79	1	1	3.83	4.03	57.792	56.672	740	123.924
263	1	2	29	1	0	C	C	B	0x12c041800000	P	A	262	conditioner	C	0	1	1	1	110.559999943	171.711000000	PP	4	496	748	40	1791442628851213.840	1791442628851230.280	16.44	747	749	1791442628851211.040	1791442628851321.600	0.02	0.02	2.8	91.32	110.56	5.7000008268914826e-08	94.119999943	94.12	5968	1791442628851212.960	9.3	5.9	10.1	9.2	129.23	1	1	3.42	4.12	0.88	-0.26	744	67.42
264	1	2	29	1	0	P2	P	B	0x12c041800000	C	B	263	probe	C	0	1	1	1	20.659999922	156.572000000	PP	4	496	752	40	1791442628851443.784	1791442628851462.604	18.82	751	753	1791442628851441.964	1791442628851462.624	0.02	0.02	1.82	0.02	20.66	7.799999934832158e-08	1.8399999220000005	1.84	5981	1791442628851386.400	8.95	5.73	9.74	8.88	115.46	1	1	3.69	4.11	57.384	56.234	748	213.504
265	1	3	18	0	0	P	P	B	0x12c041800000	P	B	264	conditioner	P	1	0	0	1	23.760000244	155.811000000	PP	4	496	756	40	1791442628851616.028	1791442628851637.508	21.48	755	757	1791442628851613.788	1791442628851637.528	0.02	0.02	2.24	0.02	23.74	-0.020000244000002	2.280000244	2.26	5994	1791442628851543.640	8.57	5.39	9.64	8.71	116.04	1	1	3.29	4.15	72.388	71.378	752	153.424
266	1	3	18	0	0	P2	P	A	0x12c041600000	P	B	265	probe	P	1	0	0	1	20.439999178	318.852000000	PP	4	496	760	40	1791442628851762.332	1791442628851779.892	17.56	759	761	1791442628851759.492	1791442628851779.912	0.0	0.02	2.84	0.02	20.42	-0.019999177999999063	2.879999178000002	2.86	6007	1791442628851701.660	28.19	24.89	10.23	9.64	256.97	1	1	3.36	4.11	60.672	59.572	756	124.824
267	1	3	18	1	1	P	P	A	0x12c041600000	P	A	266	conditioner	P	1	0	0	1	25.499999523	92.951000000	PP	4	496	764	40	1791442628852033.376	1791442628852056.176	22.8	763	765	1791442628852030.696	1791442628852056.216	0.02	0.0	2.68	0.04	25.52	0.02000047699999996	2.699999522999999	2.72	6020	1791442628852021.390	8.66	5.52	9.36	9.1	52.57	1	1	3.6	4.03	11.986	10.856	760	253.484
268	1	3	18	1	1	P1	P	B	0x12c041800000	P	A	267	probe	P	1	0	0	1	21.640000865	133.961000000	PP	4	496	767	40	1791442628852170.880	1791442628852188.020	17.14	766	768	1791442628852166.420	1791442628852188.060	0.02	0.0	4.46	0.04	21.64	-8.650000005161473e-07	4.5000008650000005	4.5	6032	1791442628852114.360	7.94	4.76	8.99	9.57	95.29	1	1	3.09	3.75	56.52	55.04	764	114.704
269	1	4	7	0	0	C	C	A	0x12c041600000	P	B	268	conditioner	C	1	1	0	0	20.679999143	81.790000000	PP	4	496	771	40	1791442628852249.380	1791442628852266.540	17.16	770	772	1791442628852246.360	1791442628852267.060	0.02	0.0	3.02	0.52	20.7	0.020000856999999428	3.5199991429999997	3.54	6046	1791442628852250.450	8.31	5.23	9.12	9.83	41.0	1	1	3.24	4.11	-1.07	-2.07	767	61.36
270	1	4	7	0	0	P1	P	B	0x12c041800000	C	A	269	probe	C	1	1	0	0	45.880001038	190.252000000	PP	4	496	774	40	1791442628852365.224	1791442628852408.484	43.26	773	775	1791442628852362.624	1791442628852408.504	0.02	0.02	2.6	0.02	45.88	-1.0380000006193768e-06	2.620001038000005	2.62	6058	1791442628852332.220	7.63	4.91	8.99	8.44	152.6	1	1	2.81	4.21	33.004	32.114	771	98.684
271	1	4	7	1	1	C	C	B	0x12c041800000	P	B	270	conditioner	C	1	1	0	0	26.419999078	193.531000000	PP	4	496	778	40	1791442628852640.008	1791442628852659.128	19.12	777	779	1791442628852632.728	1791442628852659.148	0.0	0.02	7.28	0.02	26.42	9.220000016796348e-07	7.299999077999999	7.3	6070	1791442628852525.770	8.21	5.37	9.96	8.85	152.79	1	1	3.52	4.12	114.238	113.188	774	231.524
272	1	4	7	1	1	P2	P	A	0x12c041600000	C	B	271	probe	C	1	1	0	0	23.380000144	218.612000000	PP	4	496	782	40	1791442628852856.452	1791442628852877.092	20.64	781	783	1791442628852853.732	1791442628852877.112	0.02	0.02	2.72	0.02	23.38	-1.440000012564724e-07	2.7400001439999997	2.74	6084	1791442628852719.960	8.57	5.58	9.58	8.64	178.56	1	1	3.31	3.87	136.492	135.352	778	197.324
273	1	5	28	0	1	P	P	A	0x12c041600000	P	A	272	conditioner	P	0	1	1	1	23.159999400	223.501000000	PP	4	496	786	40	1791442628853083.376	1791442628853103.196	19.82	785	787	1791442628853080.076	1791442628853103.236	0.0	0.0	3.3	0.04	23.16	5.999999999062311e-07	3.3399994	3.34	6097	1791442628852940.050	8.64	5.62	9.59	8.77	183.11	1	1	3.5	4.19	143.326	142.206	782	206.284
274	1	5	28	0	1	P1	P	A	0x12c041600000	P	A	273	probe	P	0	1	1	1	24.960000068	208.742000000	PP	4	496	790	40	1791442628853297.520	1791442628853318.080	20.56	789	791	1791442628853293.160	1791442628853318.100	0.02	0.02	4.36	0.02	24.94	-0.020000067999998095	4.400000068000001	4.38	6110	1791442628853165.020	8.26	5.36	9.64	8.44	168.92	1	1	3.63	4.02	132.5	131.39	786	194.324
275	1	5	28	1	0	P	P	B	0x12c041800000	P	A	274	conditioner	P	0	1	1	1	24.579999968	201.041000000	PP	4	496	794	40	1791442628853492.844	1791442628853514.384	21.54	793	795	1791442628853489.824	1791442628853514.404	0.02	0.02	3.02	0.02	24.58	3.199999909497819e-08	3.039999968	3.04	6123	1791442628853374.580	8.22	5.3	9.4	8.83	161.46	1	1	3.52	4.09	118.264	117.154	790	174.764
276	1	5	28	1	0	P2	P	B	0x12c041800000	P	B	275	probe	P	0	1	1	1	158.539995551	376.413000000	PP	4	496	798	40	1791442628853737.908	1791442628853892.272	154.364	797	799	1791442628853733.732	1791442628853892.292	0.016	0.02	4.176	0.02	158.56	0.020004448999998203	4.175995551	4.196	6136	1791442628853576.970	8.35	5.43	9.48	8.59	336.57	1	1	3.58	4.43	160.938	159.838	794	223.524
277	1	6	17	0	0	C	C	A	0x12c041600000	P	B	276	conditioner	C	0	0	0	1	78.060001135	153.741000000	PP	4	496	802	40	1791442628853978.376	1791442628853996.096	17.72	801	803	1791442628853971.676	1791442628854049.756	0.02	0.02	6.7	53.66	78.08	0.01999886500000514	60.340001134999994	60.36	6149	1791442628853962.900	10.32	5.91	10.56	9.48	108.26	1	1	4.04	4.57	15.476	14.286	798	86.104
278	1	6	17	0	0	P2	P	A	0x12c041600000	C	A	277	probe	C	0	0	0	1	24.140000343	117.531000000	PP	4	496	806	40	1791442628854158.520	1791442628854175.620	17.1	805	807	1791442628854151.520	1791442628854175.640	0.02	0.02	7.0	0.02	24.12	-0.020000342999999532	7.040000342999999	7.02	6162	1791442628854116.980	9.34	5.82	9.43	8.4	76.62	1	1	3.55	3.97	41.54	40.36	802	162.424
279	1	6	17	1	1	C	C	B	0x12c041800000	P	A	278	conditioner	C	0	0	0	1	19.880000502	184.712000000	PP	4	496	809	40	1791442628854340.524	1791442628854357.984	17.46	808	810	1791442628854338.124	1791442628854358.024	0.016	0.0	2.4	0.04	19.9	0.019999497999997118	2.4200005020000006	2.44	6174	1791442628854235.590	8.55	5.19	9.51	8.82	143.97	1	1	3.07	4.18	104.934	104.004	806	164.904
280	1	6	17	1	1	P1	P	B	0x12c041800000	C	B	279	probe	C	0	0	0	1	126.300007105	182.501000000	PP	4	496	813	40	1791442628854521.424	1791442628854539.888	18.464	812	814	1791442628854413.604	1791442628854539.928	0.02	0.0	107.82	0.04	126.324	0.02399289499999213	107.83600710500001	107.86	6187	1791442628854422.890	9.02	5.33	9.68	9.05	142.14	1	1	3.18	3.94	98.534	97.514	809	163.44
281	1	7	6	0	0	P	P	A	0x12c041600000	P	B	280	conditioner	P	1	1	0	0	148.420006037	207.202000000	PP	4	496	817	40	1791442628854725.248	1791442628854750.092	24.844	816	818	1791442628854601.688	1791442628854750.132	0.02	0.0	123.56	0.04	148.444	0.023993962999981022	123.57600603700001	123.6	6200	1791442628854607.600	9.04	5.68	10.05	8.67	166.68	1	1	3.29	3.99	117.648	116.108	813	185.36
282	1	7	6	0	0	P1	P	B	0x12c041800000	P	A	281	probe	P	1	1	0	0	20.160000771	149.951000000	PP	4	496	821	40	1791442628854891.052	1791442628854909.312	18.26	820	822	1791442628854889.172	1791442628854909.352	0.02	0.02	1.88	0.04	20.18	0.01999922899999973	1.9000007709999984	1.92	6213	1791442628854816.950	8.48	5.29	9.63	9.31	109.61	1	1	3.25	4.23	74.102	73.082	817	140.96
283	1	7	6	1	1	P	P	B	0x12c041800000	P	B	282	conditioner	P	1	1	0	0	45.380000025	202.811000000	PP	4	496	825	40	1791442628855069.276	1791442628855112.056	42.78	824	826	1791442628855066.716	1791442628855112.076	0.02	0.02	2.56	0.02	45.36	-0.020000025000001642	2.600000025	2.58	6226	1791442628854968.510	8.77	5.97	8.96	9.29	162.54	1	1	3.32	3.76	100.766	99.756	821	159.964
284	1	7	6	1	1	P2	P	A	0x12c041600000	P	B	283	probe	P	1	1	0	0	183.139994740	243.252000000	PP	4	496	829	40	1791442628855333.060	1791442628855352.564	19.504	828	830	1791442628855169.420	1791442628855352.584	0.02	0.02	163.64	0.02	183.164	0.024005259999995587	163.63599474	163.66	6239	1791442628855174.160	8.59	5.4	9.76	8.98	202.71	1	1	3.62	4.04	158.9	157.76	825	221.004
285	1	8	27	0	1	C	C	A	0x12c041600000	P	A	284	conditioner	C	1	0	1	1	107.900001109	169.451000000	PP	4	496	833	40	1791442628855506.284	1791442628855523.964	17.68	832	834	1791442628855416.104	1791442628855523.984	0.02	0.02	90.18	0.02	107.88	-0.020001109000006068	90.22000110900001	90.2	6252	1791442628855420.180	9.1	5.6	10.76	9.81	125.61	1	1	3.35	4.28	86.104	84.994	829	153.72
286	1	8	27	0	1	P1	P	B	0x12c041800000	C	A	285	probe	C	1	0	1	1	37.539999932	209.002000000	PP	4	496	837	40	1791442628855691.068	1791442628855725.728	34.66	836	838	1791442628855688.208	1791442628855725.748	0.02	0.02	2.86	0.02	37.54	6.799999852091787e-08	2.879999932000004	2.88	6265	1791442628855590.910	8.97	5.59	9.84	8.97	166.46	1	1	3.89	4.2	100.158	98.968	833	167.104
287	1	8	27	1	0	C	C	B	0x12c041800000	P	B	286	conditioner	C	1	0	1	1	24.560000747	218.441000000	PP	4	496	841	40	1791442628855937.276	1791442628855954.376	17.1	840	842	1791442628855929.832	1791442628855954.396	0.02	0.02	7.444	0.02	24.564	0.003999252999999925	7.460000746999999	7.464	6279	1791442628855801.190	8.96	5.8	9.7	8.88	176.44	1	1	3.36	4.18	136.086	135.046	837	211.548
288	1	8	27	1	0	P2	P	A	0x12c041600000	C	B	287	probe	C	1	0	1	1	20.800000057	157.572000000	PP	4	496	845	40	1791442628856092.256	1791442628856109.956	17.7	844	846	1791442628856089.176	1791442628856109.976	0.02	0.02	3.08	0.02	20.8	-5.699999761077379e-08	3.100000056999999	3.1	6293	1791442628856021.450	9.04	5.64	9.38	8.93	116.3	1	1	3.33	4.38	70.806	69.766	841	137.88
289	1	9	16	0	0	P	P	A	0x12c041600000	P	A	288	conditioner	P	0	0	0	1	296.739995480	441.593000000	PP	4	496	849	40	1791442628856267.300	1791442628856560.248	292.948	848	850	1791442628856263.540	1791442628856560.268	0.02	0.02	3.76	0.02	296.728	-0.01199547999999595	3.7919954800000255	3.78	6307	1791442628856180.980	8.77	5.51	9.7	8.88	400.63	1	1	3.52	4.24	86.32	85.26	845	157.344
290	1	9	16	0	0	P2	P	A	0x12c041600000	P	A	289	probe	P	0	0	0	1	52.859999239	109.361000000	PP	4	496	853	40	1791442628856626.248	1791442628856644.688	18.44	852	854	1791442628856623.528	1791442628856676.408	0.02	0.02	2.72	31.72	52.88	0.020000761000005696	34.41999923899999	34.44	6320	1791442628856625.930	9.5	5.79	10.04	9.8	65.74	1	1	3.53	4.66	0.318	-0.842	849	66.0
291	1	9	16	1	1	P	P	B	0x12c041800000	P	A	290	conditioner	P	0	0	0	1	23.339999840	140.331000000	PP	4	496	856	40	1791442628856795.052	1791442628856812.972	17.92	855	857	1791442628856789.652	1791442628856813.012	0.02	0.0	5.4	0.04	23.36	0.0200001599999986	5.419999839999999	5.44	6332	1791442628856736.780	8.11	5.25	9.87	8.65	101.38	1	1	3.07	3.8	58.272	57.242	853	150.364
292	1	9	16	1	1	P1	P	B	0x12c041800000	P	B	291	probe	P	0	0	0	1	69.959998131	171.821000000	PP	4	496	860	40	1791442628856931.172	1791442628856947.476	16.304	859	861	1791442628856877.532	1791442628856947.496	0.02	0.02	53.64	0.02	69.964	0.004001868999992553	53.655998131000004	53.66	6346	1791442628856878.970	9.18	6.22	9.29	8.53	131.77	1	1	3.41	4.21	52.202	51.212	856	118.2
293	1	10	5	0	0	C	C	B	0x12c041800000	P	B	292	conditioner	C	0	1	0	0	53.079999983	127.221000000	PP	4	496	864	40	1791442628857062.676	1791442628857113.396	50.72	863	865	1791442628857060.356	1791442628857113.416	0.02	0.02	2.32	0.02	53.06	-0.019999982999998167	2.3599999830000016	2.34	6358	1791442628857052.890	9.05	5.36	9.12	9.26	85.83	1	1	3.69	4.0	9.786	8.586	860	115.2
294	1	10	5	0	0	P1	P	B	0x12c041800000	C	B	293	probe	C	0	1	0	0	20.339999348	96.261000000	PP	4	496	868	40	1791442628857204.300	1791442628857220.760	16.46	867	869	1791442628857200.440	1791442628857220.780	0.02	0.02	3.86	0.02	20.34	6.520000006560167e-07	3.8799993479999983	3.88	6370	1791442628857181.410	8.52	5.29	9.19	8.52	56.33	1	1	3.44	4.15	22.89	21.71	864	90.904
295	1	10	5	1	1	C	C	A	0x12c041600000	P	B	294	conditioner	C	0	1	0	0	80.600000918	139.951000000	PP	4	496	871	40	1791442628857337.220	1791442628857353.684	16.464	870	872	1791442628857273.100	1791442628857353.704	0.02	0.02	64.12	0.02	80.604	0.003999081999992882	64.13600091800001	64.14	6382	1791442628857278.200	7.78	4.99	8.99	8.96	100.1	1	1	2.92	3.99	59.02	58.0	868	116.46
296	1	10	5	1	1	P2	P	A	0x12c041600000	C	A	295	probe	C	0	1	0	0	22.280000150	130.841000000	PP	4	496	875	40	1791442628857470.624	1791442628857489.944	19.32	874	876	1791442628857467.684	1791442628857489.964	0.02	0.02	2.94	0.02	22.28	-1.4999999820020093e-07	2.960000149999999	2.96	6395	1791442628857420.730	8.41	5.13	9.18	8.73	90.89	1	1	3.37	4.24	49.894	48.754	871	116.94
297	1	11	26	0	1	P	P	A	0x12c041600000	P	A	296	conditioner	P	1	0	1	1	28.839999810	149.381000000	PP	4	496	879	40	1791442628857616.168	1791442628857640.868	24.7	878	880	1791442628857612.068	1791442628857640.888	0.02	0.02	4.1	0.02	28.82	-0.019999809999998064	4.139999809999999	4.12	6408	1791442628857552.700	9.37	5.65	9.53	8.89	108.41	1	1	3.31	4.3	63.468	61.748	875	126.224
298	1	11	26	0	1	P1	P	B	0x12c041800000	P	A	297	probe	P	1	0	1	1	21.539999172	138.831000000	PP	4	496	883	40	1791442628857762.412	1791442628857781.272	18.86	882	884	1791442628857759.752	1791442628857781.312	0.02	0.0	2.66	0.04	21.56	0.02000082799999703	2.6799991720000023	2.7	6421	1791442628857703.640	8.83	5.3	9.51	9.02	97.72	1	1	3.29	4.31	58.772	57.602	879	121.544
299	1	11	26	1	0	P	P	B	0x12c041800000	P	B	298	conditioner	P	1	0	1	1	30.279999599	150.991000000	PP	4	496	887	40	1791442628857914.112	1791442628857936.812	22.7	886	888	1791442628857906.572	1791442628857936.836	0.02	0.016	7.54	0.024	30.264	-0.015999599000000586	7.579999599000001	7.564	6434	1791442628857844.460	8.29	5.27	9.67	8.58	110.77	1	1	3.45	4.27	69.652	68.422	883	132.84
300	1	11	26	1	0	P2	P	A	0x12c041600000	P	B	299	probe	P	1	0	1	1	20.659999922	124.311000000	PP	4	496	891	40	1791442628858047.176	1791442628858065.696	18.52	890	892	1791442628858045.056	1791442628858065.716	0.02	0.02	2.12	0.02	20.66	7.799999934832158e-08	2.139999922000001	2.14	6447	1791442628857996.330	8.5	4.97	9.13	8.75	84.78	1	1	3.27	4.4	50.846	49.636	887	110.364
301	1	12	15	0	1	C	C	B	0x12c041800000	P	A	300	conditioner	C	1	1	1	0	63.799999654	126.901000000	PP	4	496	895	40	1791442628858127.816	1791442628858146.680	18.864	894	896	1791442628858124.936	1791442628858188.740	0.0	0.0	2.88	42.06	63.804	0.004000346000005095	44.935999654	44.94	6460	1791442628858122.990	8.57	5.24	9.31	10.42	84.34	1	1	3.37	3.92	4.826	3.696	891	62.12
302	1	12	15	0	1	P2	P	A	0x12c041600000	C	B	301	probe	C	1	1	1	0	18.680000678	79.950000000	PP	4	496	899	40	1791442628858261.240	1791442628858277.140	15.9	898	900	1791442628858258.480	1791442628858277.160	0.02	0.02	2.76	0.02	18.68	-6.779999992545527e-07	2.7800006779999986	2.78	6473	1791442628858250.310	8.38	5.19	8.86	8.81	40.51	1	1	3.37	3.94	10.93	9.74	895	114.56
303	1	12	15	1	0	C	C	A	0x12c041600000	P	A	302	conditioner	C	1	1	1	0	96.139997244	148.681000000	PP	4	496	902	40	1791442628858401.404	1791442628858416.804	15.4	901	903	1791442628858320.680	1791442628858416.824	0.02	0.02	80.724	0.02	96.144	0.004002756000005547	80.739997244	80.744	6485	1791442628858331.040	8.54	4.99	8.88	8.62	109.9	1	1	2.81	4.07	70.364	68.794	899	124.264
304	1	12	15	1	0	P1	P	B	0x12c041800000	C	A	303	probe	C	1	1	1	0	23.280000314	143.151000000	PP	4	496	906	40	1791442628858549.288	1791442628858566.248	16.96	905	907	1791442628858542.988	1791442628858566.268	0.02	0.02	6.3	0.02	23.28	-3.1399999755876706e-07	6.320000313999998	6.32	6498	1791442628858482.200	8.18	5.29	9.7	8.38	103.45	1	1	3.5	3.9	67.088	66.018	902	132.484
305	1	13	4	0	0	P	P	B	0x12c041800000	P	B	304	conditioner	P	0	1	0	0	20.320000127	137.261000000	PP	4	496	910	40	1791442628858685.628	1791442628858703.368	17.74	909	911	1791442628858683.068	1791442628858703.388	0.02	0.02	2.56	0.02	20.32	-1.2699999984988608e-07	2.5800001270000017	2.58	6512	1791442628858626.730	8.54	5.18	10.03	8.48	97.28	1	1	3.21	4.11	58.898	57.798	906	119.38
306	1	13	4	0	0	P1	P	B	0x12c041800000	P	B	305	probe	P	0	1	0	0	20.980000496	143.491000000	PP	4	496	914	40	1791442628858834.312	1791442628858853.112	18.8	913	915	1791442628858832.132	1791442628858853.132	0.02	0.02	2.18	0.02	21.0	0.019999504000001167	2.180000495999998	2.2	6525	1791442628858765.460	8.97	5.62	9.17	8.55	103.09	1	1	3.42	4.27	68.852	67.682	910	130.944
307	1	13	4	1	1	P	P	A	0x12c041600000	P	B	306	conditioner	P	0	1	0	0	283.019989729	407.453000000	PP	4	496	918	40	1791442628858974.896	1791442628859254.720	279.824	917	919	1791442628858971.736	1791442628859254.740	0.02	0.02	3.16	0.02	283.004	-0.015989728999954878	3.1959897289999617	3.18	6538	1791442628858909.860	9.08	5.2	9.17	9.05	367.43	1	1	3.24	3.93	65.036	63.316	914	121.784
308	1	13	4	1	1	P2	P	A	0x12c041600000	P	A	307	probe	P	0	1	0	0	204.260006547	264.222000000	PP	4	496	922	40	1791442628859503.444	1791442628859520.444	17.0	921	923	1791442628859316.200	1791442628859520.484	0.02	0.02	187.244	0.04	204.284	0.023993453000002773	187.260006547	187.284	6551	1791442628859319.650	8.98	5.72	9.75	8.74	222.86	1	1	3.39	4.22	183.794	182.704	918	248.724
309	1	14	25	0	1	C	C	B	0x12c041800000	P	A	308	conditioner	C	0	0	1	1	19.479999319	171.712000000	PP	4	496	926	40	1791442628859655.188	1791442628859672.388	17.2	925	927	1791442628859652.928	1791442628859672.408	0.02	0.02	2.26	0.02	19.48	6.809999995027738e-07	2.2799993190000016	2.28	6564	1791442628859586.320	9.02	5.51	9.02	9.3	129.42	1	1	3.42	4.05	68.868	67.768	922	134.744
310	1	14	25	0	1	P1	P	B	0x12c041800000	C	B	309	probe	C	0	0	1	1	18.379999325	146.781000000	PP	4	496	930	40	1791442628859829.672	1791442628859846.212	16.54	929	931	1791442628859827.852	1791442628859846.232	0.02	0.02	1.82	0.02	18.38	6.749999990063316e-07	1.8399993250000009	1.84	6577	1791442628859760.180	9.23	5.3	9.82	8.85	105.22	1	1	3.52	4.06	69.492	67.732	926	157.284
311	1	14	25	1	0	C	C	A	0x12c041600000	P	B	310	conditioner	C	0	0	1	1	23.700000718	159.331000000	PP	4	496	934	40	1791442628859988.036	1791442628860004.476	16.44	933	935	1791442628859980.796	1791442628860004.496	0.02	0.02	7.24	0.02	23.7	-7.179999990114538e-07	7.260000717999997	7.26	6590	1791442628859907.470	9.05	5.62	8.85	9.35	117.63	1	1	3.44	4.19	80.566	79.516	930	141.824
312	1	14	25	1	0	P2	P	A	0x12c041600000	C	A	311	probe	C	0	0	1	1	24.080000818	151.611000000	PP	4	496	938	40	1791442628860138.156	1791442628860154.480	16.324	937	939	1791442628860130.436	1791442628860154.500	0.02	0.02	7.72	0.02	24.064	-0.016000817999998418	7.756000817999997	7.74	6604	1791442628860068.960	8.98	5.48	9.46	9.26	110.28	1	1	3.27	3.92	69.196	68.146	934	133.68
313	1	15	14	0	1	P	P	B	0x12c041800000	P	A	312	conditioner	P	1	1	1	0	28.440000489	141.431000000	PP	4	496	942	40	1791442628860275.080	1791442628860301.660	26.58	941	943	1791442628860273.240	1791442628860301.680	0.02	0.02	1.84	0.02	28.44	-4.889999978274773e-07	1.8600004890000008	1.86	6618	1791442628860221.540	8.62	5.18	9.15	8.69	101.8	1	1	3.27	3.83	53.54	52.46	938	120.6
314	1	15	14	0	1	P2	P	A	0x12c041600000	P	B	313	probe	P	1	1	1	0	30.220000073	150.931000000	PP	4	496	946	40	1791442628860426.444	1791442628860454.364	27.92	945	947	1791442628860424.164	1791442628860454.384	0.02	0.02	2.28	0.02	30.22	-7.30000024873334e-08	2.3000000729999996	2.3	6631	1791442628860364.820	8.42	5.3	9.27	8.88	110.69	1	1	3.39	3.87	61.624	60.524	942	124.784
315	1	15	14	1	0	P	P	A	0x12c041600000	P	A	314	conditioner	P	1	1	1	0	68.879999220	119.351000000	PP	4	496	950	40	1791442628860520.544	1791442628860537.364	16.82	949	951	1791442628860508.164	1791442628860577.068	0.02	0.0	12.38	39.704	68.904	0.024000779999994393	52.05999922	52.084	6644	1791442628860517.420	9.18	5.98	8.99	9.02	78.14	1	1	3.7	4.61	3.124	1.974	946	66.18
316	1	15	14	1	0	P1	P	B	0x12c041800000	P	A	315	probe	P	1	1	1	0	25.299999863	138.901000000	PP	4	496	954	40	1791442628860694.868	1791442628860713.388	18.52	953	955	1791442628860688.108	1791442628860713.408	0.02	0.02	6.76	0.02	25.3	1.370000006772898e-07	6.7799998630000005	6.78	6657	1791442628860638.140	8.44	5.32	9.19	8.56	98.99	1	1	3.58	4.07	56.728	55.518	950	157.504
317	1	16	3	0	0	C	C	B	0x12c041800000	P	B	316	conditioner	C	1	0	0	0	20.740000531	180.931000000	PP	4	496	958	40	1791442628860885.072	1791442628860902.212	17.14	957	959	1791442628860881.512	1791442628860902.232	0.0	0.02	3.56	0.02	20.72	-0.020000531000000876	3.600000530999999	3.58	6671	1791442628860779.050	8.46	5.2	9.36	9.0	139.84	1	1	3.45	4.14	106.022	104.842	954	171.684
318	1	16	3	0	0	P1	P	A	0x12c041600000	C	B	317	probe	C	1	0	0	0	48.820000142	208.892000000	PP	4	496	962	40	1791442628861063.596	1791442628861109.516	45.92	961	963	1791442628861060.716	1791442628861109.536	0.02	0.02	2.88	0.02	48.82	-1.4199999753827797e-07	2.900000141999996	2.9	6684	1791442628860961.150	9.23	5.78	9.04	8.57	168.27	1	1	3.46	4.03	102.446	101.276	958	161.384
319	1	16	3	1	1	C	C	A	0x12c041600000	P	A	318	conditioner	C	1	0	0	0	26.140000671	165.521000000	PP	4	496	966	40	1791442628861254.780	1791442628861273.300	18.52	965	967	1791442628861247.180	1791442628861273.320	0.02	0.02	7.6	0.02	26.14	-6.709999986753701e-07	7.620000671	7.62	6697	1791442628861172.640	9.54	5.79	9.72	9.41	122.4	1	1	3.65	4.36	82.14	80.84	962	145.264
320	1	16	3	1	1	P2	P	B	0x12c041800000	C	A	319	probe	C	1	0	0	0	23.760000244	174.772000000	PP	4	496	970	40	1791442628861434.704	1791442628861451.304	16.6	969	971	1791442628861427.564	1791442628861451.324	0.02	0.02	7.14	0.02	23.76	-2.4399999887236845e-07	7.160000243999999	7.16	6711	1791442628861339.450	8.88	5.74	9.45	8.76	133.64	1	1	3.48	4.62	95.254	94.134	966	161.404
321	1	17	24	0	1	P	P	B	0x12c041800000	P	B	320	conditioner	P	0	0	1	1	320.939987898	488.183000000	PP	4	496	974	40	1791442628861626.508	1791442628861941.316	314.808	973	975	1791442628861620.388	1791442628861941.332	0.02	0.024	6.12	0.016	320.944	0.004012101999990136	6.131987898000034	6.136	6725	1791442628861515.440	8.69	5.47	9.52	8.84	447.71	1	1	3.45	4.58	111.068	109.888	970	175.204
322	1	17	24	0	1	P1	P	B	0x12c041800000	P	B	321	probe	P	0	0	1	1	76.180003583	234.262000000	PP	4	496	978	40	1791442628862058.656	1791442628862075.596	16.94	977	979	1791442628861999.436	1791442628862075.616	0.0	0.02	59.22	0.02	76.18	-3.5829999944780866e-06	59.240003583000004	59.24	6738	1791442628862006.300	8.62	5.58	9.4	9.16	193.1	1	1	3.86	4.0	52.356	51.146	974	117.34
323	1	17	24	1	0	P	P	A	0x12c041600000	P	B	322	conditioner	P	0	0	1	1	22.199999541	156.711000000	PP	4	496	982	40	1791442628862315.900	1791442628862335.760	19.86	981	983	1791442628862313.580	1791442628862335.800	0.02	0.0	2.32	0.04	22.22	0.02000045899999847	2.339999541000001	2.36	6750	1791442628862242.360	9.37	5.99	9.52	8.61	114.89	1	1	3.6	5.01	73.54	72.28	978	240.304
324	1	17	24	1	0	P2	P	A	0x12c041600000	P	A	323	probe	P	0	0	1	1	19.980000332	99.781000000	PP	4	496	986	40	1791442628862427.284	1791442628862444.784	17.5	985	987	1791442628862424.844	1791442628862444.804	0.02	0.02	2.44	0.02	19.96	-0.020000331999998622	2.4800003319999995	2.46	6763	1791442628862401.930	9.19	5.73	9.8	9.32	57.23	1	1	3.97	4.25	25.354	24.124	982	91.524
325	1	18	13	0	1	C	C	A	0x12c041600000	P	A	324	conditioner	C	0	1	1	0	19.579999149	102.370000000	PP	4	496	989	40	1791442628862533.444	1791442628862550.448	17.004	988	990	1791442628862530.884	1791442628862550.468	0.02	0.02	2.56	0.02	19.584	0.004000851000000694	2.5759991489999976	2.58	6775	1791442628862501.040	8.45	5.07	8.51	8.76	63.21	1	1	3.19	3.97	32.404	31.324	986	88.66
326	1	18	13	0	1	P2	P	A	0x12c041600000	C	A	325	probe	C	0	1	1	0	23.499999195	186.472000000	PP	4	496	993	40	1791442628862710.628	1791442628862732.368	21.74	992	994	1791442628862708.888	1791442628862732.388	0.02	0.02	1.74	0.02	23.5	8.049999991044388e-07	1.7599991950000025	1.76	6788	1791442628862605.360	8.18	5.17	9.54	8.95	147.12	1	1	3.17	3.87	105.268	104.198	989	160.18
327	1	18	13	1	0	C	C	B	0x12c041800000	P	A	326	conditioner	C	0	1	1	0	78.039996326	142.231000000	PP	4	496	997	40	1791442628862802.072	1791442628862819.012	16.94	996	998	1791442628862796.452	1791442628862874.492	0.02	0.02	5.62	55.48	78.04	3.6740000126656014e-06	61.099996325999996	61.1	6801	1791442628862794.230	8.5	5.45	9.38	8.7	101.35	1	1	3.46	4.13	7.842	6.652	993	69.704
328	1	18	13	1	0	P1	P	B	0x12c041800000	C	B	327	probe	C	0	1	1	0	21.859999746	184.131000000	PP	4	496	1001	40	1791442628863040.636	1791442628863059.996	19.36	1000	1002	1791442628863038.156	1791442628863060.016	0.02	0.02	2.48	0.02	21.86	2.5399999969977216e-07	2.4999997460000003	2.5	6814	1791442628862937.150	8.37	5.32	9.86	8.82	143.9	1	1	3.32	3.98	103.486	102.326	997	221.624
329	1	19	2	0	0	P	P	B	0x12c041800000	P	B	328	conditioner	P	1	0	0	0	30.719999224	188.592000000	PP	4	496	1005	40	1791442628863223.540	1791442628863251.460	27.92	1004	1006	1791442628863220.780	1791442628863251.500	0.02	0.0	2.76	0.04	30.72	7.760000002576817e-07	2.799999223999997	2.8	6827	1791442628863123.150	8.28	5.34	9.97	8.73	148.36	1	1	3.42	3.93	100.39	99.24	1001	163.544
330	1	19	2	0	0	P1	P	A	0x12c041600000	P	B	329	probe	P	1	0	0	0	27.780000120	187.171000000	PP	4	496	1009	40	1791442628863414.304	1791442628863433.284	18.98	1008	1010	1791442628863405.544	1791442628863433.304	0.02	0.02	8.76	0.02	27.76	-0.020000119999998844	8.80000012	8.78	6840	1791442628863313.240	8.52	5.3	9.58	8.74	146.79	1	1	3.43	4.04	101.064	99.904	1005	162.844
331	1	19	2	1	1	P	P	A	0x12c041600000	P	A	330	conditioner	P	1	0	0	0	19.840000197	188.741000000	PP	4	496	1013	40	1791442628863616.568	1791442628863633.688	17.12	1012	1014	1791442628863613.888	1791442628863633.708	0.02	0.02	2.68	0.02	19.82	-0.02000019699999811	2.7200001969999974	2.7	6854	1791442628863501.960	8.28	5.07	9.53	9.01	148.02	1	1	3.51	4.15	114.608	113.408	1009	183.284
332	1	19	2	1	1	P2	P	B	0x12c041800000	P	A	331	probe	P	1	0	0	0	44.619999826	260.842000000	PP	4	496	1017	40	1791442628863848.472	1791442628863890.032	41.56	1016	1018	1791442628863845.432	1791442628863890.052	0.0	0.02	3.04	0.02	44.62	1.7400000018596984e-07	3.059999825999995	3.06	6867	1791442628863690.690	8.79	5.22	9.28	32.6	197.84	1	1	3.28	3.93	157.782	156.102	1013	214.784
333	1	20	23	0	0	C	C	A	0x12c041600000	P	B	332	conditioner	C	1	1	0	1	25.720000267	196.342000000	PP	4	496	1021	40	1791442628864066.156	1791442628864084.316	18.16	1020	1022	1791442628864058.636	1791442628864084.336	0.02	0.02	7.52	0.02	25.7	-0.02000026700000035	7.5600002669999995	7.54	6880	1791442628863955.310	8.98	5.56	10.72	8.86	153.21	1	1	3.72	3.97	110.846	109.456	1017	176.124
334	1	20	23	0	0	P2	P	B	0x12c041800000	C	A	333	probe	C	1	1	0	1	20.120000467	179.811000000	PP	4	496	1025	40	1791442628864259.620	1791442628864277.140	17.52	1024	1026	1791442628864257.040	1791442628864277.180	0.02	0.0	2.58	0.04	20.14	0.019999533000000014	2.600000467000001	2.62	6894	1791442628864152.080	8.39	5.13	10.28	8.76	138.83	1	1	3.33	3.97	107.54	106.34	1021	175.304
335	1	20	23	1	1	C	C	B	0x12c041800000	P	B	334	conditioner	C	1	1	0	1	264.479994774	449.313000000	PP	4	496	1029	40	1791442628864458.664	1791442628864719.488	260.824	1028	1030	1791442628864455.044	1791442628864719.508	0.0	0.02	3.62	0.02	264.464	-0.01599477399997795	3.6559947739999643	3.64	6907	1791442628864332.600	8.46	5.4	9.39	8.58	408.95	1	1	3.35	3.89	126.064	124.914	1025	181.524
336	1	20	23	1	1	P1	P	A	0x12c041600000	C	B	335	probe	C	1	1	0	1	128.240004182	192.382000000	PP	4	496	1033	40	1791442628864785.052	1791442628864802.112	17.06	1032	1034	1791442628864782.092	1791442628864910.312	0.02	0.02	2.96	108.2	128.22	-0.020004182000008086	111.180004182	111.16	6920	1791442628864783.180	8.88	5.72	9.62	9.18	150.97	1	1	3.36	4.52	1.872	0.752	1029	65.564
337	1	21	12	0	1	P	P	A	0x12c041600000	P	A	336	conditioner	P	0	1	1	0	112.279996276	168.451000000	PP	4	496	1037	40	1791442628865063.896	1791442628865081.056	17.16	1036	1038	1791442628864968.816	1791442628865081.076	0.02	0.02	95.08	0.02	112.26	-0.019996276000000535	95.11999627600001	95.1	6933	1791442628864976.570	8.88	5.7	9.26	8.79	127.63	1	1	3.56	4.04	87.326	86.176	1033	261.784
338	1	21	12	0	1	P2	P	A	0x12c041600000	P	A	337	probe	P	0	1	1	0	67.180000246	128.941000000	PP	4	496	1041	40	1791442628865147.116	1791442628865173.460	26.344	1040	1042	1791442628865144.596	1791442628865211.760	0.024	0.02	2.52	38.3	67.164	-0.01600024600000438	40.836000246000005	40.82	6946	1791442628865146.690	8.83	5.68	9.29	9.31	87.28	1	1	3.4	4.45	0.426	-0.654	1037	66.06
339	1	21	12	1	0	P	P	B	0x12c041800000	P	A	338	conditioner	P	0	1	1	0	22.140000015	148.681000000	PP	4	496	1045	40	1791442628865344.044	1791442628865362.084	18.04	1044	1046	1791442628865339.940	1791442628865362.104	0.02	0.02	4.104	0.02	22.164	0.02399998500000322	4.100000014999999	4.124	6959	1791442628865276.930	8.37	5.46	9.86	8.47	108.96	1	1	3.42	4.11	67.114	66.004	1041	170.584
340	1	21	12	1	0	P1	P	B	0x12c041800000	P	B	339	probe	P	0	1	1	0	119.319997728	182.521000000	PP	4	496	1049	40	1791442628865436.604	1791442628865453.724	17.12	1048	1050	1791442628865427.844	1791442628865547.188	0.02	0.016	8.76	93.464	119.344	0.024002271999989944	102.199997728	102.224	6973	1791442628865426.630	8.66	5.55	9.87	8.92	142.42	1	1	3.39	3.92	9.974	8.774	1045	74.52
341	1	22	1	0	0	C	C	A	0x12c041600000	P	B	340	conditioner	C	0	0	0	0	23.080000654	128.361000000	PP	4	496	1053	40	1791442628865662.068	1791442628865678.428	16.36	1052	1054	1791442628865655.388	1791442628865678.448	0.02	0.02	6.68	0.02	23.06	-0.020000654000000395	6.720000654	6.7	6986	1791442628865609.920	9.07	5.31	9.18	8.72	88.3	1	1	3.29	3.87	52.148	50.878	1049	208.344
342	1	22	1	0	0	P1	P	A	0x12c041600000	C	A	341	probe	C	0	0	0	0	29.939999804	139.841000000	PP	4	496	1057	40	1791442628865787.952	1791442628865815.112	27.16	1056	1058	1791442628865785.212	1791442628865815.132	0.02	0.02	2.74	0.02	29.92	-0.019999803999997567	2.779999803999999	2.76	7000	1791442628865740.060	8.42	5.17	9.77	9.23	99.05	1	1	3.54	4.35	47.892	46.802	1053	109.524
343	1	22	1	1	1	C	C	B	0x12c041800000	P	A	342	conditioner	C	0	0	0	0	29.859999195	202.362000000	PP	4	496	1061	40	1791442628866004.356	1791442628866028.556	24.2	1060	1062	1791442628865998.716	1791442628866028.576	0.02	0.02	5.64	0.02	29.86	8.049999991044388e-07	5.659999195000001	5.66	7013	1791442628865881.560	8.54	5.29	9.55	8.81	161.98	1	1	3.63	4.0	122.796	121.676	1057	189.244
344	1	22	1	1	1	P2	P	B	0x12c041800000	C	B	343	probe	C	0	0	0	0	19.840000197	193.241000000	PP	4	496	1065	40	1791442628866202.760	1791442628866219.580	16.82	1064	1066	1791442628866199.780	1791442628866219.600	0.02	0.02	2.98	0.02	19.82	-0.02000019699999811	3.020000196999998	3.0	7026	1791442628866085.760	8.65	5.36	10.22	8.86	152.28	1	1	3.41	4.1	117.0	115.84	1061	174.204
345	1	23	22	0	0	P	P	A	0x12c041600000	P	B	344	conditioner	P	1	1	0	1	18.400000408	212.202000000	PP	4	496	1069	40	1791442628866418.624	1791442628866434.364	15.74	1068	1070	1791442628866416.004	1791442628866434.384	0.0	0.02	2.62	0.02	18.38	-0.020000408000001357	2.660000408	2.64	7039	1791442628866279.640	8.46	5.37	9.57	8.79	172.0	1	1	3.45	4.11	138.984	137.824	1065	199.044
346	1	23	22	0	0	P2	P	B	0x12c041800000	P	A	345	probe	P	1	1	0	1	23.819999769	218.202000000	PP	4	496	1073	40	1791442628866637.228	1791442628866657.508	20.28	1072	1074	1791442628866633.708	1791442628866657.528	0.02	0.02	3.52	0.02	23.82	2.310000013494573e-07	3.539999768999998	3.54	7052	1791442628866493.720	8.54	5.33	9.4	8.65	178.04	1	1	3.45	4.08	143.508	142.328	1069	202.864
347	1	23	22	1	1	P	P	B	0x12c041800000	P	B	346	conditioner	P	1	1	0	1	24.259999394	207.281000000	PP	4	496	1077	40	1791442628866836.632	1791442628866858.312	21.68	1076	1078	1791442628866834.072	1791442628866858.332	0.02	0.02	2.56	0.02	24.26	6.060000004026733e-07	2.5799993940000014	2.58	7065	1791442628866712.360	8.95	5.44	9.2	8.85	167.59	1	1	3.39	3.88	124.272	122.622	1073	179.124
348	1	23	22	1	1	P1	P	A	0x12c041600000	P	B	347	probe	P	1	1	0	1	117.279998958	182.051000000	PP	4	496	1081	40	1791442628866927.592	1791442628866938.612	11.02	1080	1082	1791442628866925.072	1791442628867042.336	0.0	0.02	2.52	103.724	117.264	-0.015998957999997288	106.259998958	106.244	7078	1791442628866921.400	8.29	5.22	9.52	9.36	141.48	1	1	3.41	3.98	6.192	5.052	1077	69.28
349	1	24	11	0	1	C	C	A	0x12c041600000	P	A	348	conditioner	C	1	0	1	0	310.539990664	381.013000000	PP	4	496	1085	40	1791442628867113.796	1791442628867420.804	307.008	1084	1086	1791442628867110.256	1791442628867420.824	0.02	0.02	3.54	0.02	310.568	0.028009335999968243	3.531990664000034	3.56	7091	1791442628867105.990	8.9	5.79	9.47	9.05	339.41	1	1	3.55	4.14	7.806	6.576	1081	175.184
350	1	24	11	0	1	P2	P	B	0x12c041800000	C	A	349	probe	C	1	0	1	0	25.620000437	155.761000000	PP	4	496	1089	40	1791442628867546.284	1791442628867564.608	18.324	1088	1090	1791442628867539.024	1791442628867564.628	0.02	0.02	7.26	0.02	25.604	-0.01600043700000242	7.296000437	7.28	7104	1791442628867488.890	8.84	5.67	10.64	8.49	114.13	1	1	3.44	4.15	57.394	56.174	1085	125.48
351	1	24	11	1	0	C	C	B	0x12c041800000	P	B	350	conditioner	C	1	0	1	0	26.060000062	128.801000000	PP	4	496	1093	40	1791442628867680.228	1791442628867697.828	17.6	1092	1094	1791442628867671.808	1791442628867697.848	0.0	0.02	8.42	0.02	26.04	-0.02000006200000115	8.460000061999999	8.44	7118	1791442628867645.440	8.33	5.24	9.89	8.7	88.15	1	1	3.46	4.17	34.788	33.588	1089	115.62
352	1	24	11	1	0	P1	P	A	0x12c041600000	C	B	351	probe	C	1	0	1	0	22.539999336	124.311000000	PP	4	496	1096	40	1791442628867815.712	1791442628867834.432	18.72	1095	1097	1791442628867811.912	1791442628867834.452	0.02	0.02	3.8	0.02	22.54	6.639999980961875e-07	3.819999336000002	3.82	7130	1791442628867774.910	8.19	5.17	9.51	8.86	84.64	1	1	3.32	3.98	40.802	39.732	1093	117.884
353	1	25	0	0	0	P	P	A	0x12c041600000	P	A	352	conditioner	P	0	0	0	0	140.239998698	199.382000000	PP	4	496	1100	40	1791442628868020.176	1791442628868034.436	14.26	1099	1101	1791442628867894.232	1791442628868034.456	0.02	0.02	125.944	0.02	140.224	-0.015998698000004197	125.97999869799999	125.964	7143	1791442628867900.210	9.26	5.95	9.04	8.75	158.81	1	1	3.54	3.98	119.966	118.736	1096	185.744
354	1	25	0	0	0	P1	P	A	0x12c041600000	P	A	353	probe	P	0	0	0	0	17.780000344	180.751000000	PP	4	496	1104	40	1791442628868205.240	1791442628868219.880	14.64	1103	1105	1791442628868202.120	1791442628868219.900	0.02	0.02	3.12	0.02	17.78	-3.440000000409782e-07	3.1400003440000006	3.14	7156	1791442628868100.980	8.24	5.36	9.1	8.45	141.48	1	1	3.49	4.0	104.26	103.2	1100	170.804
355	1	25	0	1	1	P	P	B	0x12c041800000	P	A	354	conditioner	P	0	0	0	0	14.399999753	134.361000000	PP	4	496	1108	40	1791442628868341.800	1791442628868353.124	11.324	1107	1109	1791442628868338.760	1791442628868353.144	0.02	0.02	3.04	0.02	14.384	-0.015999752999999117	3.0759997529999996	3.06	7170	1791442628868282.660	8.24	5.24	9.15	8.32	96.03	1	1	3.31	3.82	59.14	57.99	1104	121.92
356	1	25	0	1	1	P2	P	B	0x12c041800000	P	B	355	probe	P	0	0	0	0	94.420000911	152.071000000	PP	4	496	1112	40	1791442628868491.744	1791442628868507.344	15.6	1111	1113	1791442628868412.944	1791442628868507.364	0.02	0.02	78.8	0.02	94.42	-9.110000007694907e-07	78.82000091100001	78.82	7184	1791442628868418.760	8.66	5.79	9.58	8.7	112.22	1	1	3.3	3.96	72.984	71.894	1108	138.62
357	1	26	21	0	0	C	C	B	0x12c041800000	P	B	356	conditioner	C	0	1	0	1	21.779999137	107.841000000	PP	4	496	1116	40	1791442628868608.048	1791442628868626.528	18.48	1115	1117	1791442628868604.768	1791442628868626.548	0.02	0.02	3.28	0.02	21.78	8.630000003506666e-07	3.2999991370000004	3.3	7197	1791442628868573.040	9.09	5.54	9.57	8.97	66.38	1	1	3.44	3.88	35.008	33.858	1112	100.704
358	1	26	21	0	0	P2	P	B	0x12c041800000	C	B	357	probe	C	0	1	0	1	18.640000373	152.131000000	PP	4	496	1119	40	1791442628868754.892	1791442628868769.872	14.98	1118	1120	1791442628868751.252	1791442628868769.892	0.016	0.02	3.64	0.02	18.64	-3.7299999888773527e-07	3.660000372999999	3.66	7209	1791442628868681.320	7.79	5.14	8.94	9.12	113.29	1	1	3.05	3.77	73.572	72.592	1116	128.364
359	1	26	21	1	1	C	C	A	0x12c041600000	P	B	358	conditioner	C	0	1	0	1	148.340001702	223.342000000	PP	4	496	1123	40	1791442628868849.312	1791442628868860.872	11.56	1122	1124	1791442628868846.152	1791442628868994.496	0.02	0.02	3.16	133.624	148.344	0.0039982979999990675	136.780001702	136.784	7223	1791442628868837.780	8.35	5.26	10.68	8.98	180.97	1	1	3.4	3.94	11.532	10.502	1119	79.44
360	1	26	21	1	1	P1	P	A	0x12c041600000	C	A	359	probe	C	0	1	0	1	87.880000472	144.581000000	PP	4	496	1127	40	1791442628869126.016	1791442628869139.636	13.62	1126	1128	1791442628869051.776	1791442628869139.676	0.02	0.0	74.24	0.04	87.9	0.0199995279999996	74.260000472	74.28	7236	1791442628869061.240	8.91	5.6	10.29	9.46	102.11	1	1	3.42	4.0	64.776	63.726	1123	265.144
361	1	27	10	0	1	P	P	A	0x12c041600000	P	A	360	conditioner	P	1	0	1	0	118.199996650	178.601000000	PP	4	496	1131	40	1791442628869218.960	1791442628869231.080	12.12	1130	1132	1791442628869203.600	1791442628869321.800	0.02	0.02	15.36	90.72	118.2	3.350000000068576e-06	106.07999665	106.08	7249	1791442628869206.720	8.55	5.81	9.52	9.25	137.97	1	1	3.42	4.09	12.24	11.19	1127	79.324
362	1	27	10	0	1	P2	P	B	0x12c041800000	P	A	361	probe	P	1	0	1	0	16.820000485	101.871000000	PP	4	496	1135	40	1791442628869417.044	1791442628869431.084	14.04	1134	1136	1791442628869414.264	1791442628869431.104	0.02	0.02	2.78	0.02	16.84	0.019999514999998524	2.780000485000002	2.8	7262	1791442628869386.220	8.16	5.16	9.39	8.73	62.39	1	1	3.33	4.14	30.824	29.594	1131	185.964
363	1	27	10	1	0	P	P	B	0x12c041800000	P	B	362	conditioner	P	1	0	1	0	16.100000590	90.450000000	PP	4	496	1138	40	1791442628869503.564	1791442628869515.044	11.48	1137	1139	1791442628869498.964	1791442628869515.084	0.02	0.02	4.6	0.04	16.12	0.019999410000000495	4.62000059	4.64	7274	1791442628869488.670	7.72	5.01	9.19	8.96	52.26	1	1	2.96	3.77	14.894	13.944	1135	72.48
364	1	27	10	1	0	P1	P	A	0x12c041600000	P	B	363	probe	P	1	0	1	0	16.880000010	124.941000000	PP	4	496	1141	40	1791442628869629.868	1791442628869643.448	13.58	1140	1142	1791442628869626.588	1791442628869643.488	0.02	0.0	3.28	0.04	16.9	0.019999989999998746	3.3000000099999998	3.32	7286	1791442628869579.730	6.98	4.62	9.3	8.65	88.5	1	1	2.8	3.6	50.138	49.238	1138	114.824
365	1	28	31	0	1	C	C	B	0x12c041800000	P	A	364	conditioner	C	1	1	1	1	16.140000895	165.652000000	PP	4	496	1145	40	1791442628869795.452	1791442628869808.932	13.48	1144	1146	1791442628869792.812	1791442628869808.952	0.02	0.02	2.64	0.02	16.14	-8.949999994456448e-07	2.6600008949999996	2.66	7300	1791442628869707.720	8.34	5.34	10.01	8.91	124.76	1	1	3.16	3.94	87.732	86.612	1141	152.004
366	1	28	31	0	1	P1	P	A	0x12c041600000	C	B	365	probe	C	1	1	1	1	44.420000166	214.061000000	PP	4	496	1149	40	1791442628869982.456	1791442628870024.596	42.14	1148	1150	1791442628869980.216	1791442628870024.616	0.02	0.02	2.24	0.02	44.4	-0.02000016600000265	2.2800001660000007	2.26	7314	1791442628869874.150	8.3	5.26	9.84	8.58	174.29	1	1	3.21	3.97	108.306	107.226	1145	173.524
367	1	28	31	1	0	C	C	A	0x12c041600000	P	A	366	conditioner	C	1	1	1	1	20.500000566	97.641000000	PP	4	496	1153	40	1791442628870106.716	1791442628870124.976	18.26	1152	1154	1791442628870104.496	1791442628870124.996	0.02	0.02	2.22	0.02	20.5	-5.660000006457722e-07	2.240000565999999	2.24	7327	1791442628870091.320	8.42	5.4	10.64	8.85	55.49	1	1	3.43	4.12	15.396	14.316	1149	82.12
368	1	28	31	1	0	P2	P	B	0x12c041800000	C	A	367	probe	C	1	1	1	1	49.819998443	103.201000000	PP	4	496	1156	40	1791442628870217.500	1791442628870230.340	12.84	1155	1157	1791442628870180.540	1791442628870230.360	0.02	0.02	36.96	0.02	49.82	1.5569999973763515e-06	36.979998443	36.98	7339	1791442628870187.500	8.06	4.84	9.14	8.68	64.22	1	1	3.03	4.09	30.0	28.94	1153	92.524
369	1	29	20	0	0	P	P	B	0x12c041800000	P	B	368	conditioner	P	0	1	0	1	142.000004649	191.631000000	PP	4	496	1159	40	1791442628870291.680	1791442628870310.920	19.24	1158	1160	1791442628870277.600	1791442628870419.624	0.02	0.02	14.08	108.704	142.024	0.02399535099999639	122.76000464900001	122.784	7351	1791442628870291.390	7.34	4.71	9.22	9.03	154.18	1	1	2.8	3.44	0.29	-0.65	1156	61.34
370	1	29	20	0	0	P2	P	B	0x12c041800000	P	B	369	probe	P	0	1	0	1	51.920000464	102.681000000	PP	4	496	1163	40	1791442628870485.984	1791442628870505.324	19.34	1162	1164	1791442628870478.744	1791442628870530.664	0.02	0.02	7.24	25.34	51.92	-4.63999995758968e-07	32.580000463999994	32.58	7364	1791442628870484.900	8.05	5.23	9.57	8.71	63.47	1	1	3.18	3.81	1.084	0.044	1159	175.064
371	1	29	20	1	1	P	P	A	0x12c041600000	P	B	370	conditioner	P	0	1	0	1	52.579998970	119.301000000	PP	4	496	1166	40	1791442628870594.048	1791442628870644.068	50.02	1165	1167	1791442628870591.528	1791442628870644.088	0.0	0.02	2.52	0.02	52.56	-0.019998969999996064	2.559998969999995	2.54	7376	1791442628870587.670	7.54	4.85	8.95	8.67	82.26	1	1	2.79	3.74	6.378	5.438	1163	88.724
372	1	29	20	1	1	P1	P	A	0x12c041600000	P	A	371	probe	P	0	1	0	1	55.679999292	117.901000000	PP	4	496	1170	40	1791442628870707.788	1791442628870756.932	49.144	1169	1171	1791442628870705.708	1791442628870761.392	0.02	0.02	2.08	4.46	55.684	0.00400070799999952	6.535999292	6.54	7389	1791442628870709.500	8.32	5.2	9.77	8.68	78.53	1	1	3.09	3.83	-1.712	-2.762	1166	63.72
373	1	30	9	0	1	C	C	B	0x12c041800000	P	A	372	conditioner	C	0	0	1	0	56.680001318	103.240000000	PP	4	496	1174	40	1791442628870832.612	1791442628870850.892	18.28	1173	1175	1791442628870817.472	1791442628870874.152	0.02	0.02	15.14	23.26	56.68	-1.3180000024703986e-06	38.400001318	38.4	7402	1791442628870828.730	8.5	5.43	8.84	8.83	63.67	1	1	3.22	3.99	3.882	2.812	1170	75.68
374	1	30	9	0	1	P2	P	B	0x12c041800000	C	B	373	probe	C	0	0	1	0	41.560001671	99.961000000	PP	4	496	1177	40	1791442628870935.052	1791442628870951.892	16.84	1176	1178	1791442628870933.172	1791442628870974.736	0.02	0.02	1.88	22.844	41.564	0.00399832899999808	24.720001671000002	24.724	7414	1791442628870933.190	7.81	4.73	9.71	9.01	60.66	1	1	2.85	4.37	1.862	0.882	1174	84.16
375	1	30	9	1	0	C	C	A	0x12c041600000	P	B	374	conditioner	C	0	0	1	0	46.459998935	99.141000000	PP	4	496	1180	40	1791442628871032.756	1791442628871049.816	17.06	1179	1181	1791442628871030.016	1791442628871076.476	0.02	0.02	2.74	26.66	46.46	1.0649999993006531e-06	29.399998935000003	29.4	7426	1791442628871033.350	7.08	4.44	8.45	8.58	62.53	1	1	2.66	3.66	-0.594	-1.544	1177	80.864
376	1	30	9	1	0	P1	P	A	0x12c041600000	C	A	375	probe	C	0	0	1	0	18.759999424	75.910000000	PP	4	496	1183	40	1791442628871132.376	1791442628871148.296	15.92	1182	1184	1791442628871129.776	1791442628871148.516	0.02	0.024	2.6	0.22	18.74	-0.019999424000001653	2.839999424	2.82	7438	1791442628871134.430	7.31	4.3	9.08	8.6	38.55	1	1	2.64	3.75	-2.054	-3.004	1180	82.56
377	1	31	30	0	1	P	P	B	0x12c041800000	P	A	376	conditioner	P	1	1	1	1	41.179999709	83.091000000	PP	4	496	1186	40	1791442628871233.760	1791442628871243.620	9.86	1185	1187	1791442628871202.480	1791442628871243.640	0.02	0.02	31.28	0.02	41.16	-0.019999709000003918	31.319999709	31.3	7450	1791442628871210.190	7.34	4.8	8.56	8.58	47.28	1	1	2.67	3.5	23.57	22.58	1183	85.464
378	1	31	30	0	1	P1	P	A	0x12c041600000	P	B	377	probe	P	1	1	1	1	70.660002530	129.301000000	PP	4	496	1189	40	1791442628871340.280	1791442628871357.824	17.544	1188	1190	1791442628871287.180	1791442628871357.844	0.02	0.02	53.1	0.02	70.664	0.003997470000001613	53.11600253	53.12	7462	1791442628871294.590	6.97	4.48	9.13	8.45	93.42	1	1	2.51	3.63	45.69	44.77	1186	96.66
379	1	31	30	1	0	P	P	A	0x12c041600000	P	A	378	conditioner	P	1	1	1	1	15.820000321	111.321000000	PP	4	496	1193	40	1791442628871466.564	1791442628871479.564	13.0	1192	1194	1791442628871463.764	1791442628871479.584	0.02	0.02	2.8	0.02	15.82	-3.209999999143065e-07	2.820000321	2.82	7475	1791442628871426.760	8.34	4.97	9.95	8.68	71.67	1	1	3.16	4.1	39.804	38.744	1189	108.74
380	1	31	30	1	0	P2	P	B	0x12c041800000	P	A	379	probe	P	1	1	1	1	21.859999746	166.071000000	PP	4	496	1197	40	1791442628871628.648	1791442628871648.028	19.38	1196	1198	1791442628871626.208	1791442628871648.048	0.02	0.02	2.44	0.02	21.84	-0.019999745999999874	2.4799997460000007	2.46	7488	1791442628871539.040	7.62	4.69	9.38	8.4	128.25	1	1	3.29	3.78	89.608	88.578	1193	149.084
501	0	0	7	0	0	C	C	A	0x12c041600000	C	B	500	conditioner	C	1	1	0	0	70.139996707	155.301000000	PC	4	496	1423	40	1791442628888498.884	1791442628888508.644	9.76	1422	1424	1791442628888495.724	1791442628888565.884	0.02	0.0	3.16	57.24	70.16	0.02000329300000203	60.379996707	60.4	8461	1791442628888494.980	10.59	7.04	29.77	19.84	76.04	1	1	6.27	4.64	3.904	2.634	1421	109.22
502	0	0	7	0	0	P	P	B	0x12c041800000	C	A	501	probe	C	1	1	0	0	14.399999753	137.061000000	PC	4	496	1426	40	1791442628888693.508	1791442628888704.988	11.48	1425	1427	1791442628888690.628	1791442628888705.008	0.02	0.02	2.88	0.02	14.38	-0.019999752999998677	2.919999752999999	2.9	8473	1791442628888638.720	11.68	6.72	14.95	13.56	79.99	1	1	3.83	4.43	54.788	53.108	1423	184.864
503	0	0	7	1	1	C	C	B	0x12c041800000	P	B	502	conditioner	C	1	1	0	0	131.819993258	206.091000000	PC	4	496	1430	40	1791442628888890.792	1791442628888901.492	10.7	1429	1431	1791442628888769.692	1791442628888901.512	0.016	0.02	121.1	0.02	131.82	6.741999982295965e-06	121.11999325800001	121.12	8486	1791442628888773.400	8.86	5.86	13.64	13.69	156.61	1	1	3.44	3.97	117.392	116.422	1426	185.804
504	0	0	7	1	1	C	C	A	0x12c041600000	C	B	503	probe	C	1	1	0	0	13.100000098	202.922000000	PC	4	496	1434	40	1791442628889088.196	1791442628889098.456	10.26	1433	1435	1791442628889085.396	1791442628889098.476	0.02	0.02	2.8	0.02	13.08	-0.020000098000000577	2.840000098000001	2.82	8499	1791442628888983.150	9.79	5.97	15.3	14.64	148.37	1	1	4.05	4.37	105.046	103.936	1430	186.704
505	0	1	20	0	0	P	P	B	0x12c041800000	C	A	504	conditioner	P	0	1	0	1	24.860000238	198.211000000	PC	4	496	1438	40	1791442628889290.280	1791442628889312.220	21.94	1437	1439	1791442628889287.360	1791442628889312.240	0.02	0.02	2.92	0.02	24.88	0.019999761999997645	2.920000238	2.94	8513	1791442628889190.450	10.82	6.64	15.86	13.35	140.73	1	1	5.77	5.04	99.83	98.51	1434	191.824
506	0	1	20	0	0	C	C	B	0x12c041800000	P	B	505	probe	P	0	1	0	1	22.080000490	182.032000000	PC	4	496	1442	40	1791442628889480.244	1791442628889499.664	19.42	1441	1443	1791442628889477.584	1791442628889499.684	0.02	0.02	2.66	0.02	22.1	0.019999510000001663	2.660000489999998	2.68	8526	1791442628889390.590	11.04	6.71	15.57	14.74	121.21	1	1	5.96	5.06	89.654	88.394	1438	168.024
507	0	1	20	1	1	P	P	A	0x12c041600000	C	B	506	conditioner	P	0	1	0	1	24.879999459	211.781000000	PC	4	496	1446	40	1791442628889686.808	1791442628889703.648	16.84	1445	1447	1791442628889678.788	1791442628889703.668	0.02	0.02	8.02	0.02	24.88	5.409999985772629e-07	8.039999459	8.04	8539	1791442628889570.930	9.74	6.19	14.9	13.35	158.12	1	1	4.49	4.68	115.878	114.748	1442	187.144
508	0	1	20	1	1	P	P	A	0x12c041600000	P	A	507	probe	P	0	1	0	1	60.759998858	261.622000000	PC	4	496	1450	40	1791442628889914.612	1791442628889972.812	58.2	1449	1451	1791442628889912.092	1791442628889972.836	0.0	0.016	2.52	0.024	60.744	-0.015998858000003224	2.559998858	2.544	8553	1791442628889782.450	8.8	5.59	13.7	13.46	210.78	1	1	4.41	4.23	132.162	131.022	1446	210.964
509	0	2	1	0	0	C	C	A	0x12c041600000	P	A	508	conditioner	C	0	0	0	0	24.199999869	236.052000000	PC	4	496	1454	40	1791442628890131.656	1791442628890153.016	21.36	1453	1455	1791442628890128.856	1791442628890153.056	0.02	0.02	2.8	0.04	24.2	1.3100000018084756e-07	2.8399998689999997	2.84	8566	1791442628890046.210	9.21	5.65	14.56	14.82	181.95	1	1	4.22	4.36	85.446	84.226	1450	158.844
510	0	2	1	0	0	P	P	A	0x12c041600000	C	A	509	probe	C	0	0	0	0	23.539999500	158.801000000	PC	4	496	1458	40	1791442628890345.560	1791442628890364.120	18.56	1457	1459	1791442628890340.600	1791442628890364.140	0.02	0.02	4.96	0.02	23.54	4.999999987376214e-07	4.979999500000002	4.98	8579	1791442628890282.970	9.34	5.53	14.2	12.45	107.59	1	1	4.43	4.66	62.59	61.43	1454	192.544
511	0	2	1	1	1	C	C	B	0x12c041800000	P	A	510	conditioner	C	0	0	0	0	19.819999114	181.541000000	PC	4	496	1462	40	1791442628890529.524	1791442628890546.564	17.04	1461	1463	1791442628890526.744	1791442628890546.584	0.02	0.02	2.78	0.02	19.84	0.020000885999998275	2.7799991140000024	2.8	8593	1791442628890442.810	9.26	5.87	13.75	13.35	130.38	1	1	4.54	4.48	86.714	85.494	1458	165.404
512	0	2	1	1	1	C	C	B	0x12c041800000	C	B	511	probe	C	0	0	0	0	121.919997036	190.112000000	PC	4	496	1466	40	1791442628890635.408	1791442628890653.888	18.48	1465	1467	1791442628890621.008	1791442628890742.928	0.02	0.02	14.4	89.04	121.92	2.9640000036579295e-06	103.439997036	103.44	8607	1791442628890625.470	9.49	6.22	14.14	13.72	138.0	1	1	4.37	4.39	9.938	8.698	1462	88.844
513	0	3	14	0	1	P	P	B	0x12c041800000	C	B	512	conditioner	P	1	1	1	0	25.560000911	123.301000000	PC	4	496	1470	40	1791442628890861.012	1791442628890879.292	18.28	1469	1471	1791442628890853.752	1791442628890879.312	0.02	0.02	7.26	0.02	25.56	-9.110000007694907e-07	7.280000910999998	7.28	8620	1791442628890817.060	9.16	5.7	14.21	13.75	71.67	1	1	4.22	4.04	43.952	42.762	1466	207.124
514	0	3	14	0	1	C	C	A	0x12c041600000	P	B	513	probe	P	1	1	1	0	172.739997506	243.631000000	PC	4	496	1473	40	1791442628891090.316	1791442628891107.016	16.7	1472	1474	1791442628890934.292	1791442628891107.056	0.02	0.0	156.024	0.04	172.764	0.024002494000001207	156.03999750600002	156.064	8632	1791442628890950.990	10.12	6.4	15.12	13.5	181.0	1	1	12.92	4.48	139.326	137.886	1470	211.024
515	0	3	14	1	0	P	P	A	0x12c041600000	C	A	514	conditioner	P	1	1	1	0	182.480007410	386.553000000	PC	4	496	1477	40	1791442628891315.440	1791442628891495.704	180.264	1476	1478	1791442628891313.240	1791442628891495.724	0.02	0.02	2.2	0.02	182.484	0.003992589999995744	2.216007410000003	2.22	8645	1791442628891187.670	9.16	5.58	15.06	14.85	331.11	1	1	4.95	5.1	127.77	126.57	1473	208.424
516	0	3	14	1	0	P	P	B	0x12c041800000	P	A	515	probe	P	1	1	1	0	191.100001335	270.672000000	PC	4	496	1481	40	1791442628891746.488	1791442628891763.228	16.74	1480	1482	1791442628891572.164	1791442628891763.248	0.024	0.02	174.324	0.02	191.084	-0.016001334999998562	174.360001335	174.344	8658	1791442628891573.770	9.92	6.31	13.76	13.08	218.97	1	1	4.46	4.3	172.718	171.578	1477	250.784
517	0	4	27	0	1	C	C	A	0x12c041600000	P	B	516	conditioner	C	1	0	1	1	20.560000092	212.442000000	PC	4	496	1485	40	1791442628891968.512	1791442628891986.496	17.984	1484	1486	1791442628891965.952	1791442628891986.516	0.02	0.02	2.56	0.02	20.564	0.003999908000000829	2.5760000919999975	2.58	8671	1791442628891846.510	9.05	5.41	14.36	14.26	159.25	1	1	4.51	4.37	122.002	120.692	1481	205.284
518	0	4	27	0	1	P	P	B	0x12c041800000	C	A	517	probe	C	1	0	1	1	20.819999278	200.081000000	PC	4	496	1489	40	1791442628892170.996	1791442628892188.860	17.864	1488	1490	1791442628892168.056	1791442628892188.880	0.02	0.02	2.94	0.02	20.824	0.004000722000000678	2.955999278	2.96	8684	1791442628892059.390	8.97	5.31	13.77	13.38	149.24	1	1	4.41	4.27	111.606	110.456	1485	184.5
519	0	4	27	1	0	C	C	B	0x12c041800000	P	B	518	conditioner	C	1	0	1	1	23.180000484	218.042000000	PC	4	496	1493	40	1791442628892390.144	1791442628892410.684	20.54	1492	1494	1791442628892387.504	1791442628892410.704	0.02	0.02	2.64	0.02	23.2	0.019999515999998607	2.6400004840000015	2.66	8697	1791442628892260.890	9.18	5.45	13.64	13.27	165.08	1	1	4.54	5.27	129.254	128.084	1489	201.284
520	0	4	27	1	0	C	C	A	0x12c041600000	C	B	519	probe	C	1	0	1	1	75.599998236	122.531000000	PC	4	496	1497	40	1791442628892525.244	1791442628892541.884	16.64	1496	1498	1791442628892466.324	1791442628892541.904	0.02	0.02	58.92	0.02	75.58	-0.019998236000006386	58.959998236000004	58.94	8710	1791442628892480.070	9.52	6.22	13.92	13.47	71.02	1	1	4.36	4.33	45.174	44.014	1493	114.56
521	0	5	8	0	1	P	P	B	0x12c041800000	C	A	520	conditioner	P	0	0	1	0	51.660001278	205.491000000	PC	4	496	1500	40	1791442628892686.588	1791442628892736.388	49.8	1499	1501	1791442628892684.748	1791442628892736.408	0.02	0.02	1.84	0.02	51.66	-1.2780000062662111e-06	1.8600012780000057	1.86	8722	1791442628892602.060	8.4	5.15	13.49	12.67	156.71	1	1	3.35	4.51	84.528	83.288	1497	144.704
522	0	5	8	0	1	C	C	B	0x12c041800000	P	B	521	probe	P	0	0	1	0	26.280000806	183.102000000	PC	4	496	1504	40	1791442628892905.792	1791442628892928.632	22.84	1503	1505	1791442628892902.352	1791442628892928.652	0.02	0.02	3.44	0.02	26.3	0.019999194000000386	3.4400008060000005	3.46	8735	1791442628892811.480	8.81	5.63	15.52	15.72	125.88	1	1	4.07	4.92	94.312	93.102	1500	169.404
523	0	5	8	1	0	P	P	A	0x12c041600000	C	B	522	conditioner	P	0	0	1	0	25.499999523	212.811000000	PC	4	496	1508	40	1791442628893117.636	1791442628893135.176	17.54	1507	1509	1791442628893109.696	1791442628893135.196	0.02	0.02	7.94	0.02	25.5	4.770000003873065e-07	7.9599995230000005	7.96	8748	1791442628892993.990	9.48	5.57	13.79	13.82	161.61	1	1	4.15	4.07	123.646	122.416	1504	189.004
524	0	5	8	1	0	P	P	A	0x12c041600000	P	A	523	probe	P	0	0	1	0	19.460000098	186.922000000	PC	4	496	1512	40	1791442628893309.560	1791442628893326.220	16.66	1511	1513	1791442628893306.760	1791442628893326.240	0.02	0.02	2.8	0.02	19.48	0.019999902000002123	2.800000097999998	2.82	8762	1791442628893207.880	27.01	22.96	13.78	14.37	116.33	1	1	4.4	4.6	101.68	100.52	1508	174.384
525	0	6	21	0	0	C	C	B	0x12c041800000	P	A	524	conditioner	C	0	1	0	1	95.119997859	194.371000000	PC	4	496	1516	40	1791442628893466.324	1791442628893485.224	18.9	1515	1517	1791442628893390.144	1791442628893485.244	0.0	0.02	76.18	0.02	95.1	-0.019997859000000062	76.21999785899999	76.2	8775	1791442628893397.800	10.42	6.76	13.6	12.95	140.52	1	1	4.44	4.35	68.524	67.244	1512	140.104
526	0	6	21	0	0	C	C	B	0x12c041800000	C	B	525	probe	C	0	1	0	1	55.059999228	141.391000000	PC	4	496	1520	40	1791442628893632.048	1791442628893648.488	16.44	1519	1521	1791442628893593.448	1791442628893648.508	0.02	0.02	38.6	0.02	55.06	7.719999999267202e-07	38.619999228	38.62	8788	1791442628893604.800	13.63	9.03	21.19	14.93	70.52	1	1	7.77	5.59	27.248	25.668	1516	146.824
527	0	6	21	1	1	C	C	A	0x12c041600000	C	B	526	conditioner	C	0	1	0	1	22.760000080	108.031000000	PC	4	496	1523	40	1791442628893761.988	1791442628893777.852	15.864	1522	1524	1791442628893755.128	1791442628893777.868	0.02	0.024	6.86	0.016	22.74	-0.02000008000000264	6.89600008	6.876	8800	1791442628893736.470	9.04	5.77	14.32	13.93	54.93	1	1	4.37	4.47	25.518	24.368	1520	113.5
528	0	6	21	1	1	P	P	A	0x12c041600000	C	A	527	probe	C	0	1	0	1	64.839996397	181.251000000	PC	4	496	1526	40	1791442628893883.412	1791442628893903.372	19.96	1525	1527	1791442628893838.552	1791442628893903.392	0.02	0.02	44.86	0.02	64.84	3.6030000103437487e-06	44.87999639699999	44.88	8812	1791442628893843.920	8.98	5.75	13.72	13.19	131.46	1	1	3.3	3.97	39.492	38.322	1523	105.56
529	0	7	2	0	0	P	P	B	0x12c041800000	P	A	528	conditioner	P	1	0	0	0	252.220004797	311.332000000	PC	4	496	1530	40	1791442628894084.676	1791442628894263.860	179.184	1529	1531	1791442628894011.676	1791442628894263.880	0.02	0.02	73.0	0.02	252.204	-0.016004796999993687	73.036004797	73.02	8824	1791442628894026.540	9.38	6.26	13.76	12.31	261.94	1	1	3.65	4.26	58.136	57.116	1526	181.304
530	0	7	2	0	0	P	P	A	0x12c041600000	P	B	529	probe	P	1	0	0	0	67.539997399	180.992000000	PC	4	496	1534	40	1791442628894383.144	1791442628894399.084	15.94	1533	1535	1791442628894331.560	1791442628894399.104	0.02	0.02	51.584	0.02	67.544	0.004002600999996275	51.599997399	51.604	8837	1791442628894339.300	9.09	5.97	14.06	12.32	131.31	1	1	3.78	4.2	43.844	42.704	1530	119.284
531	0	7	2	1	1	P	P	A	0x12c041600000	P	A	530	conditioner	P	1	0	0	0	78.819997609	201.281000000	PC	4	496	1538	40	1791442628894578.604	1791442628894595.588	16.984	1537	1539	1791442628894516.804	1791442628894595.608	0.0	0.02	61.8	0.02	78.804	-0.015997608999995805	61.835997608999996	61.82	8849	1791442628894520.530	8.88	5.78	13.36	13.31	151.95	1	1	3.74	4.23	58.074	57.024	1534	179.52
532	0	7	2	1	1	C	C	B	0x12c041800000	P	A	531	probe	P	1	0	0	0	50.560001284	195.382000000	PC	4	496	1542	40	1791442628894799.932	1791442628894847.992	48.06	1541	1543	1791442628894797.452	1791442628894848.012	0.02	0.02	2.48	0.02	50.56	-1.283999999657226e-06	2.5000012839999997	2.5	8861	1791442628894723.390	8.65	5.47	13.54	12.69	146.14	1	1	3.78	4.22	76.542	75.522	1538	204.344
533	0	8	15	0	1	C	C	B	0x12c041800000	C	B	532	conditioner	C	1	1	1	0	22.719999775	126.201000000	PC	4	496	1546	40	1791442628894969.452	1791442628894985.576	16.124	1545	1547	1791442628894962.872	1791442628894985.596	0.02	0.02	6.58	0.02	22.724	0.004000224999998636	6.595999775000003	6.6	8874	1791442628894920.310	9.01	5.47	14.41	12.96	76.4	1	1	3.82	3.94	49.142	48.032	1542	121.46
534	0	8	15	0	1	C	C	A	0x12c041600000	C	B	533	probe	C	1	1	1	0	75.220003724	172.391000000	PC	4	496	1549	40	1791442628895096.316	1791442628895112.996	16.68	1548	1550	1791442628895037.816	1791442628895113.016	0.02	0.02	58.5	0.02	75.2	-0.020003723999991507	58.540003723999995	58.52	8886	1791442628895048.720	10.22	5.72	15.82	14.23	117.66	1	1	3.52	4.92	47.596	46.526	1546	110.74
535	0	8	15	1	0	C	C	A	0x12c041600000	C	A	534	conditioner	C	1	1	1	0	21.059999242	98.471000000	PC	4	496	1553	40	1791442628895241.560	1791442628895257.940	16.38	1552	1554	1791442628895236.900	1791442628895257.980	0.02	0.0	4.66	0.04	21.08	0.020000757999998342	4.679999242000001	4.7	8898	1791442628895220.030	8.04	5.11	13.77	13.26	48.95	1	1	3.43	4.04	21.53	20.49	1549	128.564
536	0	8	15	1	0	P	P	B	0x12c041800000	C	A	535	probe	C	1	1	1	0	57.179998606	174.231000000	PC	4	496	1556	40	1791442628895368.260	1791442628895422.744	54.484	1555	1557	1791442628895365.560	1791442628895422.764	0.02	0.02	2.7	0.02	57.204	0.024001394000002563	2.6959986059999963	2.72	8910	1791442628895319.200	8.19	5.06	13.42	12.61	126.14	1	1	3.22	4.26	49.06	47.62	1553	110.32
537	0	9	28	0	1	P	P	A	0x12c041600000	P	B	536	conditioner	P	0	1	1	1	98.080001771	171.261000000	PC	4	496	1560	40	1791442628895572.884	1791442628895591.428	18.544	1559	1561	1791442628895493.364	1791442628895591.448	0.02	0.02	79.52	0.02	98.084	0.003998229000004017	79.536001771	79.54	8923	1791442628895495.870	8.78	5.7	14.28	13.66	120.21	1	1	3.67	4.23	77.014	76.004	1556	150.14
538	0	9	28	0	1	P	P	A	0x12c041600000	P	A	537	probe	P	0	1	1	1	50.119999796	973.997000000	PC	4	496	1564	40	1791442628895697.468	1791442628895712.268	14.8	1563	1565	1791442628895662.188	1791442628895712.308	0.0	0.02	35.28	0.04	50.12	2.039999955627536e-07	35.319999796000005	35.32	8936	1791442628895668.770	9.01	6.23	14.5	12.59	921.79	1	1	3.56	4.31	28.698	27.648	1560	106.04
539	0	9	28	1	0	P	P	B	0x12c041800000	P	A	538	conditioner	P	0	1	1	1	274.540007114	388.173000000	PC	4	496	1567	40	1791442628896784.792	1791442628896952.552	167.76	1566	1568	1791442628896678.048	1791442628896952.572	0.02	0.02	106.744	0.02	274.524	-0.016007113999989997	106.780007114	106.764	8948	1791442628896720.770	32.62	18.93	50.17	16.98	234.37	1	1	29.8	11.09	64.022	58.952	1564	1072.524
540	0	9	28	1	0	C	C	B	0x12c041800000	P	B	539	probe	P	0	1	1	1	25.760000572	194.252000000	PC	4	496	1571	40	1791442628897133.756	1791442628897152.596	18.84	1570	1572	1791442628897126.836	1791442628897152.616	0.02	0.02	6.92	0.02	25.78	0.019999428000001984	6.920000571999999	6.94	8961	1791442628897056.170	14.63	8.7	14.27	13.34	122.33	1	1	6.53	6.26	77.586	75.686	1567	181.204
541	0	10	9	0	1	C	C	B	0x12c041800000	C	B	540	conditioner	C	0	0	1	0	23.180000484	115.661000000	PC	4	496	1575	40	1791442628897261.480	1791442628897277.600	16.12	1574	1576	1791442628897259.060	1791442628897282.240	0.02	0.02	2.42	4.64	23.18	-4.840000009664891e-07	7.060000484	7.06	8975	1791442628897242.910	11.8	7.42	13.64	12.83	57.99	1	1	5.73	5.8	18.57	17.01	1571	108.884
542	0	10	9	0	1	C	C	B	0x12c041800000	C	B	541	probe	C	0	0	1	0	28.939999640	156.701000000	PC	4	496	1578	40	1791442628897411.704	1791442628897438.284	26.58	1577	1579	1791442628897409.384	1791442628897438.304	0.02	0.02	2.32	0.02	28.92	-0.01999963999999821	2.3599996400000016	2.34	8987	1791442628897357.480	10.67	6.77	12.39	12.05	104.73	1	1	4.03	5.19	54.224	52.874	1575	134.104
543	0	10	9	1	0	C	C	A	0x12c041600000	C	B	542	conditioner	C	0	0	1	0	86.620002985	174.481000000	PC	4	496	1582	40	1791442628897535.084	1791442628897549.804	14.72	1581	1583	1791442628897532.524	1791442628897619.128	0.02	0.02	2.56	69.324	86.604	-0.01600298500000008	71.900002985	71.884	9000	1791442628897517.880	10.57	6.83	13.86	13.89	119.0	1	1	4.45	5.05	17.204	15.844	1578	96.8
544	0	10	9	1	0	P	P	A	0x12c041600000	C	A	543	probe	C	0	0	1	0	24.660000578	131.381000000	PC	4	496	1586	40	1791442628897735.168	1791442628897752.528	17.36	1585	1587	1791442628897727.888	1791442628897752.548	0.02	0.02	7.28	0.02	24.66	-5.779999980859429e-07	7.300000577999999	7.3	9013	1791442628897693.060	11.43	6.89	12.7	12.1	77.16	1	1	4.46	5.49	42.108	40.738	1582	185.364
545	0	11	22	0	0	P	P	A	0x12c041600000	P	A	544	conditioner	P	1	1	0	1	113.640002906	186.421000000	PC	4	496	1589	40	1791442628897919.952	1791442628897937.312	17.36	1588	1590	1791442628897823.692	1791442628897937.332	0.02	0.02	96.26	0.02	113.64	-2.9060000059644153e-06	96.280002906	96.28	9025	1791442628897825.180	11.0	7.05	12.43	12.8	134.09	1	1	4.0	4.87	94.772	93.552	1586	167.424
546	0	11	22	0	0	C	C	B	0x12c041800000	P	A	545	probe	P	1	1	0	1	139.960005879	213.422000000	PC	4	496	1593	40	1791442628898106.196	1791442628898151.816	45.62	1592	1594	1791442628898011.876	1791442628898151.836	0.02	0.02	94.32	0.02	139.96	-5.878999985498012e-06	94.34000587899999	94.34	9038	1791442628898013.800	10.92	7.05	12.81	12.23	160.12	1	1	4.05	5.11	92.396	91.096	1589	168.884
547	0	11	22	1	1	P	P	B	0x12c041800000	C	B	546	conditioner	P	1	1	0	1	22.859999910	108.331000000	PC	4	496	1597	40	1791442628898243.520	1791442628898261.200	17.68	1596	1598	1791442628898238.360	1791442628898261.220	0.02	0.02	5.16	0.02	22.86	9.000000034120603e-08	5.179999909999999	5.18	9051	1791442628898229.620	11.15	6.69	12.89	12.53	54.35	1	1	4.43	5.12	13.9	11.88	1593	91.704
548	0	11	22	1	1	P	P	A	0x12c041600000	P	B	547	probe	P	1	1	0	1	19.859999418	183.051000000	PC	4	496	1600	40	1791442628898433.624	1791442628898450.244	16.62	1599	1601	1791442628898430.384	1791442628898450.264	0.02	0.02	3.24	0.02	19.88	0.02000058199999799	3.239999418	3.26	9063	1791442628898339.390	11.99	8.48	13.15	11.79	129.25	1	1	4.12	5.13	94.234	92.944	1597	172.424
549	0	12	3	0	0	C	C	B	0x12c041800000	P	A	548	conditioner	C	1	0	0	0	25.259999558	125.591000000	PC	4	496	1604	40	1791442628898562.184	1791442628898579.508	17.324	1603	1605	1791442628898554.284	1791442628898579.548	0.0	0.016	7.9	0.04	25.264	0.004000441999998827	7.935999557999999	7.94	9076	1791442628898524.640	10.88	6.78	12.71	12.11	72.46	1	1	4.11	5.01	37.544	36.224	1600	111.94
550	0	12	3	0	0	P	P	A	0x12c041600000	C	B	549	probe	C	1	0	0	0	101.259998977	168.331000000	PC	4	496	1607	40	1791442628898657.988	1791442628898673.828	15.84	1606	1608	1791442628898643.628	1791442628898744.888	0.02	0.02	14.36	71.06	101.26	1.0230000100364123e-06	85.41999897699999	85.42	9088	1791442628898650.740	10.18	6.46	13.14	12.98	115.81	1	1	3.76	5.04	7.248	5.998	1604	78.48
551	0	12	3	1	1	C	C	A	0x12c041600000	P	A	550	conditioner	C	1	0	0	0	23.719999939	122.151000000	PC	4	496	1611	40	1791442628898853.012	1791442628898872.792	19.78	1610	1612	1791442628898849.112	1791442628898872.812	0.02	0.02	3.9	0.02	23.7	-0.019999939000001632	3.939999939	3.92	9101	1791442628898820.950	10.2	6.43	13.08	11.98	69.94	1	1	4.15	5.32	32.062	30.882	1607	179.184
552	0	12	3	1	1	C	C	B	0x12c041800000	C	A	551	probe	C	1	0	0	0	128.059998155	200.662000000	PC	4	496	1614	40	1791442628899053.936	1791442628899069.976	16.04	1613	1615	1791442628898941.912	1791442628899069.996	0.02	0.02	112.024	0.02	128.084	0.02400184500001501	112.019998155	112.044	9113	1791442628898943.830	10.05	6.66	12.69	12.49	149.1	1	1	3.82	4.97	110.106	108.946	1611	181.144
553	0	13	16	0	0	P	P	A	0x12c041600000	C	B	552	conditioner	P	0	0	0	1	124.219998717	194.951000000	PC	4	496	1618	40	1791442628899248.760	1791442628899265.840	17.08	1617	1619	1791442628899141.656	1791442628899265.860	0.02	0.02	107.104	0.02	124.204	-0.015998717000002216	107.139998717	107.124	9126	1791442628899146.700	10.81	7.13	12.52	12.89	141.8	1	1	4.35	5.23	102.06	100.8	1614	178.784
554	0	13	16	0	0	C	C	A	0x12c041600000	P	A	553	probe	P	0	0	0	1	311.599999666	372.283000000	PC	4	496	1622	40	1791442628899453.504	1791442628899642.948	189.444	1621	1623	1791442628899331.360	1791442628899642.968	0.02	0.02	122.144	0.02	311.608	0.008000334000030307	122.15599966599999	122.164	9139	1791442628899343.700	10.46	6.92	12.84	11.78	319.29	1	1	4.29	6.01	109.804	108.574	1618	187.664
555	0	13	16	1	1	P	P	B	0x12c041800000	C	A	554	conditioner	P	0	0	0	1	65.039999783	186.211000000	PC	4	496	1626	40	1791442628899764.908	1791442628899782.308	17.4	1625	1627	1791442628899758.468	1791442628899823.532	0.02	0.02	6.44	41.224	65.064	0.024000216999993995	47.639999783	47.664	9152	1791442628899745.650	11.84	7.36	40.67	13.52	101.09	1	1	4.55	5.36	19.258	17.888	1622	121.96
556	0	13	16	1	1	P	P	B	0x12c041800000	P	B	555	probe	P	0	0	0	1	21.959999576	108.911000000	PC	4	496	1630	40	1791442628899929.472	1791442628899947.912	18.44	1629	1631	1791442628899925.972	1791442628899947.932	0.02	0.02	3.5	0.02	21.96	4.239999995547805e-07	3.519999576	3.52	9164	1791442628899904.610	11.68	7.17	12.28	12.15	55.28	1	1	4.41	5.25	24.862	22.892	1626	147.164
557	0	14	29	0	1	C	C	A	0x12c041600000	P	B	556	conditioner	C	0	1	1	1	32.039999962	106.121000000	PC	4	496	1633	40	1791442628900016.496	1791442628900033.996	17.5	1632	1634	1791442628900014.096	1791442628900046.156	0.02	0.02	2.4	12.16	32.06	0.020000037999999165	14.539999962000003	14.56	9176	1791442628900015.780	9.83	6.34	13.32	12.59	53.55	1	1	3.88	4.87	0.716	-0.524	1630	68.584
558	0	14	29	0	1	P	P	A	0x12c041600000	C	A	557	probe	C	0	1	1	1	47.839999199	102.880000000	PC	4	496	1636	40	1791442628900124.056	1791442628900142.416	18.36	1635	1637	1791442628900111.096	1791442628900158.916	0.0	0.02	12.96	16.5	47.82	-0.019999198999997247	29.479999198999998	29.46	9188	1791442628900121.800	10.02	6.34	12.03	12.07	52.93	1	1	3.87	4.81	2.256	1.046	1633	90.06
559	0	14	29	1	0	C	C	B	0x12c041800000	P	A	558	conditioner	C	0	1	1	1	81.359997392	130.550000000	PC	4	496	1639	40	1791442628900233.940	1791442628900251.400	17.46	1638	1640	1791442628900212.140	1791442628900293.500	0.02	0.02	21.8	42.1	81.36	2.608000002624067e-06	63.899997391999996	63.9	9200	1791442628900226.020	9.55	5.94	12.07	12.02	80.84	1	1	3.5	4.84	7.92	6.83	1636	91.524
560	0	14	29	1	0	C	C	B	0x12c041800000	C	B	559	probe	C	0	1	1	1	12.839999981	105.041000000	PC	4	496	1643	40	1791442628900376.780	1791442628900387.484	10.704	1642	1644	1791442628900374.680	1791442628900387.504	0.02	0.02	2.1	0.02	12.824	-0.01599998100000022	2.1359999809999994	2.12	9212	1791442628900358.130	9.53	6.14	11.53	12.75	54.93	1	1	3.86	5.1	18.65	17.53	1639	125.38
561	0	15	10	0	1	P	P	A	0x12c041600000	C	B	560	conditioner	P	1	0	1	0	24.240000173	113.801000000	PC	4	496	1646	40	1791442628900486.024	1791442628900503.424	17.4	1645	1647	1791442628900479.224	1791442628900503.444	0.0	0.02	6.8	0.02	24.22	-0.020000172999999677	6.840000173	6.82	9224	1791442628900465.180	9.59	5.97	12.1	11.75	64.56	1	1	3.61	4.88	20.844	19.704	1643	98.54
562	0	15	10	0	1	C	C	B	0x12c041800000	P	A	561	probe	P	1	0	1	0	23.000000045	123.721000000	PC	4	496	1649	40	1791442628900621.588	1791442628900638.948	17.36	1648	1650	1791442628900615.948	1791442628900638.968	0.02	0.02	5.64	0.02	23.02	0.019999954999999403	5.640000045000001	5.66	9236	1791442628900579.970	9.57	5.94	11.77	12.06	75.03	1	1	3.46	4.74	41.618	40.448	1646	118.164
563	0	15	10	1	0	P	P	B	0x12c041800000	C	B	562	conditioner	P	1	0	1	0	17.599999905	171.731000000	PC	4	496	1652	40	1791442628900794.532	1791442628900810.072	15.54	1651	1653	1791442628900792.492	1791442628900810.112	0.02	0.0	2.04	0.04	17.62	0.02000009500000033	2.0599999050000015	2.08	9248	1791442628900705.710	9.77	5.95	12.33	11.72	122.73	1	1	3.45	4.7	88.822	87.552	1649	155.584
564	0	15	10	1	0	P	P	A	0x12c041600000	P	B	563	probe	P	1	0	1	0	23.180000484	125.221000000	PC	4	496	1656	40	1791442628900910.912	1791442628900932.332	21.42	1655	1657	1791442628900909.192	1791442628900932.372	0.02	0.02	1.72	0.04	23.18	-4.840000009664891e-07	1.760000483999999	1.76	9261	1791442628900881.120	11.2	7.07	13.13	12.94	70.31	1	1	4.44	5.13	29.792	28.372	1652	100.84
565	0	16	23	0	0	C	C	A	0x12c041600000	P	A	564	conditioner	C	1	1	0	1	27.200000361	176.162000000	PC	4	496	1659	40	1791442628901088.956	1791442628901109.336	20.38	1658	1660	1791442628901082.156	1791442628901109.356	0.02	0.02	6.8	0.02	27.2	-3.610000014475645e-07	6.820000361000002	6.82	9273	1791442628901008.190	11.24	6.37	13.26	12.14	122.46	1	1	3.86	5.2	80.766	78.836	1656	156.624
566	0	16	23	0	0	C	C	B	0x12c041800000	C	A	565	probe	C	1	1	0	1	80.219998956	145.981000000	PC	4	496	1663	40	1791442628901238.100	1791442628901254.320	16.22	1662	1664	1791442628901174.136	1791442628901254.340	0.02	0.02	63.964	0.02	80.204	-0.015998956000004227	63.999998956	63.984	9287	1791442628901185.520	11.25	6.63	12.34	13.09	92.36	1	1	4.13	5.09	52.58	50.68	1659	128.764
567	0	16	23	1	1	C	C	B	0x12c041800000	C	B	566	conditioner	C	1	1	0	1	22.679999471	121.350000000	PC	4	496	1667	40	1791442628901353.660	1791442628901370.060	16.4	1666	1668	1791442628901347.380	1791442628901370.080	0.02	0.02	6.28	0.02	22.7	0.02000052900000071	6.279999471	6.3	9299	1791442628901334.470	11.27	7.03	12.8	12.41	66.94	1	1	4.23	5.35	19.19	17.79	1663	99.34
568	0	16	23	1	1	P	P	A	0x12c041600000	C	B	567	probe	C	1	1	0	1	54.820001125	160.952000000	PC	4	496	1670	40	1791442628901490.704	1791442628901543.344	52.64	1669	1671	1791442628901488.564	1791442628901543.384	0.02	0.0	2.14	0.04	54.82	-1.124999997159648e-06	2.180001124999997	2.18	9311	1791442628901456.840	10.57	6.44	13.13	11.71	109.05	1	1	3.84	5.03	33.864	32.614	1667	120.644
569	0	17	4	0	0	P	P	B	0x12c041800000	P	A	568	conditioner	P	0	1	0	0	26.019999757	229.921000000	PC	4	496	1674	40	1791442628901735.528	1791442628901754.148	18.62	1673	1675	1791442628901728.168	1791442628901754.168	0.02	0.02	7.36	0.02	26.0	-0.019999757000000784	7.399999757	7.38	9324	1791442628901619.560	10.7	6.7	12.81	12.01	177.89	1	1	4.22	5.08	115.968	114.598	1670	192.184
570	0	17	4	0	0	P	P	B	0x12c041800000	P	B	569	probe	P	0	1	0	0	24.879999459	137.581000000	PC	4	496	1678	40	1791442628901890.292	1791442628901907.232	16.94	1677	1679	1791442628901882.372	1791442628901907.252	0.02	0.02	7.92	0.02	24.88	5.409999985772629e-07	7.939999458999999	7.94	9338	1791442628901850.500	10.58	6.65	12.37	11.6	86.77	1	1	3.96	5.09	39.792	38.442	1674	136.144
571	0	17	4	1	1	P	P	A	0x12c041600000	P	B	570	conditioner	P	0	1	0	0	22.500000894	128.831000000	PC	4	496	1681	40	1791442628902023.916	1791442628902044.016	20.1	1680	1682	1791442628902021.536	1791442628902044.036	0.02	0.02	2.38	0.02	22.5	-8.939999993629044e-07	2.400000893999998	2.4	9350	1791442628901989.060	9.46	6.22	12.23	11.91	79.69	1	1	3.88	4.76	34.856	33.656	1678	116.684
572	0	17	4	1	1	C	C	A	0x12c041600000	P	A	571	probe	P	0	1	0	0	286.419987679	362.493000000	PC	4	496	1684	40	1791442628902146.596	1791442628902405.244	258.648	1683	1685	1791442628902118.836	1791442628902405.264	0.02	0.02	27.76	0.02	286.428	0.008012321000023803	27.77198767899995	27.78	9362	1791442628902120.480	10.66	6.64	13.31	11.79	310.17	1	1	3.51	4.87	26.116	24.816	1681	102.58
573	0	18	17	0	0	C	C	A	0x12c041600000	C	A	572	conditioner	C	0	0	0	1	20.220000297	146.571000000	PC	4	496	1688	40	1791442628902535.404	1791442628902551.644	16.24	1687	1689	1791442628902531.464	1791442628902551.664	0.02	0.02	3.94	0.02	20.2	-0.02000029699999928	3.980000297	3.96	9375	1791442628902484.830	10.9	6.8	12.88	12.12	94.04	1	1	4.1	5.06	50.574	49.214	1684	130.16
574	0	18	17	0	0	C	C	A	0x12c041600000	C	A	573	probe	C	0	0	0	1	105.539999902	179.101000000	PC	4	496	1691	40	1791442628902633.468	1791442628902649.248	15.78	1690	1692	1791442628902630.968	1791442628902736.508	0.02	0.02	2.5	87.26	105.54	9.8000001003129e-08	89.759999902	89.76	9387	1791442628902631.210	9.77	6.36	12.2	13.09	128.38	1	1	3.66	5.04	2.258	0.978	1688	81.824
575	0	18	17	1	1	C	C	B	0x12c041800000	C	A	574	conditioner	C	0	0	0	1	104.139998555	186.652000000	PC	4	496	1695	40	1791442628902826.532	1791442628902846.612	20.08	1694	1696	1791442628902823.812	1791442628902927.932	0.02	0.02	2.72	81.32	104.12	-0.019998555000000806	84.059998555	84.04	9400	1791442628902813.020	10.36	6.74	12.92	12.26	133.45	1	1	4.23	5.95	13.512	12.212	1691	177.284
576	0	18	17	1	1	P	P	B	0x12c041800000	C	B	575	probe	C	0	0	0	1	144.319996238	213.431000000	PC	4	496	1699	40	1791442628903016.996	1791442628903035.676	18.68	1698	1700	1791442628902991.376	1791442628903135.716	0.02	0.02	25.62	100.04	144.34	0.020003762000015968	125.63999623799998	125.66	9413	1791442628903000.950	11.18	7.23	12.46	12.41	159.5	1	1	4.16	5.31	16.046	14.756	1695	170.384
577	0	19	30	0	1	P	P	B	0x12c041800000	P	B	576	conditioner	P	1	1	1	1	127.159997821	198.872000000	PC	4	496	1703	40	1791442628903323.220	1791442628903339.320	16.1	1702	1704	1791442628903212.180	1791442628903339.340	0.02	0.02	111.04	0.02	127.16	2.1789999919974434e-06	111.059997821	111.06	9426	1791442628903216.570	10.78	7.02	12.7	11.91	145.84	1	1	4.28	5.19	106.65	105.26	1699	287.544
578	0	19	30	0	1	P	P	A	0x12c041600000	P	B	577	probe	P	1	1	1	1	53.199999034	221.471000000	PC	4	496	1707	40	1791442628903517.244	1791442628903568.504	51.26	1706	1708	1791442628903515.344	1791442628903568.544	0.0	0.02	1.9	0.04	53.2	9.660000017674975e-07	1.939999034000003	1.94	9439	1791442628903417.070	10.54	6.75	13.2	12.4	168.53	1	1	4.26	5.24	100.174	98.864	1703	177.924
579	0	19	30	1	0	P	P	A	0x12c041600000	P	A	578	conditioner	P	1	1	1	1	29.300000519	201.292000000	PC	4	496	1711	40	1791442628903738.768	1791442628903760.208	21.44	1710	1712	1791442628903730.928	1791442628903760.248	0.02	0.0	7.84	0.04	29.32	0.019999480999999264	7.860000519	7.88	9452	1791442628903640.860	10.95	6.81	13.27	11.78	147.98	1	1	4.97	5.05	97.908	96.578	1707	170.264
580	0	19	30	1	0	C	C	B	0x12c041800000	P	A	579	probe	P	1	1	1	1	101.319998503	177.311000000	PC	4	496	1715	40	1791442628903930.792	1791442628903947.752	16.96	1714	1716	1791442628903846.452	1791442628903947.772	0.02	0.02	84.34	0.02	101.32	1.4969999995173566e-06	84.35999850299999	84.36	9466	1791442628903846.280	12.07	7.61	14.5	12.62	119.22	1	1	5.21	5.2	84.512	82.952	1711	170.584
581	0	20	11	0	1	C	C	A	0x12c041600000	C	B	580	conditioner	C	1	0	1	0	17.899999395	119.101000000	PC	4	496	1719	40	1791442628904053.856	1791442628904068.856	15.0	1718	1720	1791442628904050.996	1791442628904068.876	0.02	0.02	2.86	0.02	17.88	-0.019999394999999254	2.8999993949999983	2.88	9479	1791442628904021.600	10.8	6.66	11.83	12.02	67.16	1	1	4.46	5.42	32.256	30.786	1715	106.104
582	0	20	11	0	1	C	C	B	0x12c041800000	C	A	581	probe	C	1	0	1	0	128.299996257	228.822000000	PC	4	496	1722	40	1791442628904278.580	1791442628904296.380	17.8	1721	1723	1791442628904168.076	1791442628904296.400	0.02	0.02	110.504	0.02	128.324	0.024003743000008626	110.499996257	110.524	9491	1791442628904183.060	10.16	6.67	13.65	11.14	138.43	1	1	18.77	4.76	95.52	94.34	1719	209.724
583	0	20	11	1	0	C	C	B	0x12c041800000	C	B	582	conditioner	C	1	0	1	0	19.780000672	104.321000000	PC	4	496	1726	40	1791442628904378.880	1791442628904392.004	13.124	1725	1727	1791442628904376.360	1791442628904396.144	0.02	0.02	2.52	4.14	19.784	0.003999327999999025	6.656000671999999	6.66	9504	1791442628904372.640	10.01	6.35	12.93	12.23	53.18	1	1	4.18	4.96	6.24	4.92	1722	82.5
584	0	20	11	1	0	P	P	A	0x12c041600000	C	B	583	probe	C	1	0	1	0	130.879998207	213.641000000	PC	4	496	1729	40	1791442628904592.228	1791442628904610.088	17.86	1728	1730	1791442628904479.224	1791442628904610.128	0.02	0.0	113.004	0.04	130.904	0.024001792999996496	113.019998207	113.044	9516	1791442628904478.430	10.22	6.44	12.95	11.84	162.39	1	1	3.65	4.79	113.798	112.548	1726	200.224
585	0	21	24	0	1	P	P	B	0x12c041800000	P	A	584	conditioner	P	0	0	1	1	346.560001373	467.304000000	PC	4	496	1733	40	1791442628904745.928	1791442628905090.416	344.488	1732	1734	1791442628904743.888	1791442628905090.436	0.02	0.02	2.04	0.02	346.548	-0.012001372999975501	2.0720013729999778	2.06	9529	1791442628904692.630	9.97	6.46	12.27	11.92	417.07	1	1	4.09	4.92	53.298	51.938	1729	135.84
586	0	21	24	0	1	P	P	B	0x12c041800000	P	B	585	probe	P	0	0	1	1	24.199999869	188.661000000	PC	4	496	1737	40	1791442628905258.360	1791442628905275.240	16.88	1736	1738	1791442628905251.060	1791442628905275.260	0.02	0.02	7.3	0.02	24.2	1.3100000018084756e-07	7.319999869	7.32	9542	1791442628905161.770	10.41	6.67	12.44	11.75	137.79	1	1	4.01	5.1	96.59	95.33	1733	167.944
587	0	21	24	1	0	P	P	A	0x12c041600000	P	B	586	conditioner	P	0	0	1	1	23.719999939	191.051000000	PC	4	496	1741	40	1791442628905450.284	1791442628905467.024	16.74	1740	1742	1791442628905443.324	1791442628905467.044	0.02	0.02	6.96	0.02	23.72	6.099999794173527e-08	6.9799999390000025	6.98	9556	1791442628905351.550	10.41	6.69	12.03	11.93	140.2	1	1	3.96	4.94	98.734	97.424	1737	175.044
588	0	21	24	1	0	C	C	A	0x12c041600000	P	A	587	probe	P	0	0	1	1	30.419999734	204.102000000	PC	4	496	1745	40	1791442628905652.288	1791442628905680.948	28.66	1744	1746	1791442628905650.548	1791442628905680.968	0.02	0.02	1.74	0.02	30.42	2.660000006926566e-07	1.7599997340000009	1.76	9570	1791442628905558.260	11.01	6.55	25.03	11.58	138.32	1	1	4.21	5.3	94.028	92.558	1741	185.264
589	0	22	5	0	0	C	C	B	0x12c041800000	C	A	588	conditioner	C	0	1	0	0	23.979999125	126.981000000	PC	4	496	1749	40	1791442628905789.612	1791442628905806.052	16.44	1748	1750	1791442628905782.068	1791442628905806.072	0.02	0.02	7.544	0.02	24.004	0.024000875000002253	7.539999124999998	7.564	9583	1791442628905750.490	10.66	6.8	11.96	11.88	75.65	1	1	4.41	5.19	39.122	37.772	1745	108.664
590	0	22	5	0	0	P	P	B	0x12c041800000	C	B	589	probe	C	0	1	0	0	131.799995899	222.711000000	PC	4	496	1752	40	1791442628905890.432	1791442628905910.592	20.16	1751	1753	1791442628905887.892	1791442628906019.696	0.02	0.02	2.54	109.104	131.804	0.004004100999992488	111.63999589900001	111.644	9595	1791442628905878.390	10.44	6.55	11.74	11.18	172.22	1	1	3.78	5.2	12.042	10.792	1749	84.38
591	0	22	5	1	1	C	C	A	0x12c041600000	P	B	590	conditioner	C	0	1	0	0	21.139999852	154.492000000	PC	4	496	1756	40	1791442628906174.176	1791442628906192.620	18.444	1755	1757	1791442628906171.496	1791442628906192.640	0.02	0.02	2.68	0.02	21.144	0.0040001479999993705	2.695999852	2.7	9608	1791442628906102.970	10.96	6.53	11.7	11.29	103.89	1	1	4.31	5.11	71.206	69.276	1752	263.584
592	0	22	5	1	1	C	C	A	0x12c041600000	C	A	591	probe	C	0	1	0	0	125.839993358	187.861000000	PC	4	496	1760	40	1791442628906359.940	1791442628906371.440	11.5	1759	1761	1791442628906245.640	1791442628906371.460	0.02	0.02	114.3	0.02	125.82	-0.019993358000007788	114.339993358	114.32	9621	1791442628906258.740	9.9	6.24	11.97	11.37	137.76	1	1	4.13	5.06	101.2	99.89	1756	167.32
593	0	23	18	0	0	P	P	B	0x12c041800000	C	A	592	conditioner	P	1	0	0	1	157.859995961	221.612000000	PC	4	496	1764	40	1791442628906574.084	1791442628906595.808	21.724	1763	1765	1791442628906437.984	1791442628906595.848	0.02	0.0	136.1	0.04	157.864	0.004004038999994464	136.13599596100002	136.14	9634	1791442628906448.890	10.56	6.75	11.73	11.69	170.43	1	1	4.21	5.16	125.194	123.834	1760	202.644
594	0	23	18	0	0	C	C	A	0x12c041600000	P	B	593	probe	P	1	0	0	1	19.940000027	189.981000000	PC	4	496	1768	40	1791442628906768.928	1791442628906785.428	16.5	1767	1769	1791442628906765.508	1791442628906785.452	0.02	0.016	3.42	0.024	19.944	0.003999972999999102	3.440000027	3.444	9647	1791442628906672.370	9.99	6.27	12.87	11.63	139.08	1	1	4.2	4.92	96.558	95.298	1764	173.12
595	0	23	18	1	1	P	P	A	0x12c041600000	C	A	594	conditioner	P	1	0	0	1	50.459999591	223.312000000	PC	4	496	1772	40	1791442628906968.832	1791442628907016.756	47.924	1771	1773	1791442628906966.292	1791442628907016.776	0.02	0.02	2.54	0.02	50.484	0.024000409000002776	2.5359995909999995	2.56	9661	1791442628906863.380	10.41	6.56	12.21	11.36	173.0	1	1	4.26	4.97	105.452	104.162	1768	183.404
596	0	23	18	1	1	P	P	B	0x12c041800000	P	A	595	probe	P	1	0	0	1	22.460000589	158.271000000	PC	4	496	1776	40	1791442628907159.456	1791442628907176.496	17.04	1775	1777	1791442628907154.056	1791442628907176.516	0.02	0.02	5.4	0.02	22.46	-5.88999998996087e-07	5.420000589000001	5.42	9674	1791442628907089.490	10.83	7.12	13.28	11.19	106.52	1	1	4.44	4.74	69.966	68.716	1772	142.7
597	0	24	31	0	1	C	C	B	0x12c041800000	P	B	596	conditioner	C	1	1	1	1	25.180000812	189.871000000	PC	4	496	1780	40	1791442628907344.520	1791442628907361.460	16.94	1779	1781	1791442628907336.300	1791442628907361.480	0.02	0.02	8.22	0.02	25.18	-8.119999996836214e-07	8.240000811999998	8.24	9688	1791442628907250.100	10.49	6.5	13.26	11.23	137.84	1	1	4.2	5.15	94.42	93.13	1776	168.024
598	0	24	31	0	1	P	P	A	0x12c041600000	C	B	597	probe	C	1	1	1	1	283.939987421	489.284000000	PC	4	496	1784	40	1791442628907564.544	1791442628907844.592	280.048	1783	1785	1791442628907560.644	1791442628907844.612	0.02	0.02	3.9	0.02	283.968	0.028012579000005644	3.8919874210000103	3.92	9702	1791442628907441.350	10.18	6.49	13.12	11.49	437.13	1	1	4.33	5.3	123.194	121.794	1780	203.084
599	0	24	31	1	0	C	C	A	0x12c041600000	P	A	598	conditioner	C	1	1	1	1	25.420000777	174.011000000	PC	4	496	1788	40	1791442628908006.616	1791442628908024.116	17.5	1787	1789	1791442628907998.696	1791442628908024.136	0.02	0.02	7.92	0.02	25.44	0.019999223000002786	7.9200007769999985	7.94	9715	1791442628907935.810	11.93	7.4	14.55	11.63	116.51	1	1	5.38	5.85	70.806	69.236	1784	162.024
600	0	24	31	1	0	C	C	B	0x12c041800000	C	A	599	probe	C	1	1	1	1	18.120000139	193.652000000	PC	4	496	1792	40	1791442628908217.220	1791442628908232.320	15.1	1791	1793	1791442628908214.240	1791442628908232.340	0.02	0.02	2.98	0.02	18.1	-0.020000138999996864	3.0200001389999986	3.0	9729	1791442628908108.320	11.97	7.81	12.71	11.47	140.14	1	1	4.44	5.4	108.9	107.37	1788	193.104
601	0	25	12	0	1	P	P	A	0x12c041600000	C	B	600	conditioner	P	0	1	1	0	21.120000631	201.381000000	PC	4	496	1796	40	1791442628908421.604	1791442628908439.844	18.24	1795	1797	1791442628908418.764	1791442628908439.864	0.02	0.02	2.84	0.02	21.1	-0.020000630999998492	2.8800006310000015	2.86	9742	1791442628908303.720	11.09	6.65	11.95	11.68	148.5	1	1	4.2	5.27	117.884	116.244	1792	189.284
602	0	25	12	0	1	C	C	A	0x12c041600000	P	A	601	probe	P	0	1	1	0	40.759999305	126.701000000	PC	4	496	1800	40	1791442628908521.024	1791442628908537.924	16.9	1799	1801	1791442628908518.264	1791442628908559.044	0.02	0.02	2.76	21.12	40.78	0.020000695000000235	23.859999305000002	23.88	9755	1791442628908506.040	10.97	6.42	12.32	11.65	74.77	1	1	4.01	5.27	14.984	12.954	1796	81.18
603	0	25	12	1	0	P	P	B	0x12c041800000	C	A	602	conditioner	P	0	1	1	0	41.740000248	115.751000000	PC	4	496	1803	40	1791442628908644.568	1791442628908664.248	19.68	1802	1804	1791442628908642.728	1791442628908684.468	0.02	0.02	1.84	20.22	41.74	-2.4799999920332993e-07	22.060000248	22.06	9767	1791442628908633.300	10.21	6.32	11.85	11.54	65.91	1	1	4.03	4.72	11.268	9.948	1800	106.644
604	0	25	12	1	0	P	P	B	0x12c041800000	P	B	603	probe	P	0	1	1	0	50.140000880	125.201000000	PC	4	496	1806	40	1791442628908763.808	1791442628908781.008	17.2	1805	1807	1791442628908761.948	1791442628908812.092	0.02	0.02	1.86	31.084	50.144	0.003999119999996026	32.94000088	32.944	9779	1791442628908750.790	10.37	6.22	12.94	12.85	73.99	1	1	3.49	4.81	13.018	11.908	1803	99.56
605	0	26	25	0	1	C	C	B	0x12c041800000	P	B	604	conditioner	C	0	0	1	1	49.679998308	129.911000000	PC	4	496	1809	40	1791442628908887.252	1791442628908913.412	26.16	1808	1810	1791442628908885.052	1791442628908934.752	0.02	0.02	2.2	21.34	49.7	0.020001692000001015	23.519998308	23.54	9791	1791442628908877.030	9.07	5.52	11.96	11.47	80.41	1	1	3.66	5.58	10.222	8.912	1806	106.244
606	0	26	25	0	1	P	P	B	0x12c041800000	C	B	605	probe	C	0	0	1	1	110.540002584	182.151000000	PC	4	496	1812	40	1791442628909093.396	1791442628909116.296	22.9	1811	1813	1791442628909005.776	1791442628909116.336	0.02	0.02	87.62	0.04	110.56	0.019997415999995383	87.640002584	87.66	9803	1791442628909007.420	9.11	6.04	11.98	11.35	134.98	1	1	3.42	4.75	85.976	84.826	1809	179.984
607	0	26	25	1	0	C	C	A	0x12c041600000	P	B	606	conditioner	C	0	0	1	1	23.879999295	126.541000000	PC	4	496	1816	40	1791442628909237.440	1791442628909256.540	19.1	1815	1817	1791442628909232.680	1791442628909256.560	0.02	0.02	4.76	0.02	23.88	7.04999997935829e-07	4.779999295	4.78	9816	1791442628909193.090	10.82	6.68	12.43	11.29	75.27	1	1	4.07	5.01	44.35	43.01	1812	121.144
608	0	26	25	1	0	C	C	A	0x12c041600000	C	A	607	probe	C	0	0	1	1	22.940000519	124.151000000	PC	4	496	1819	40	1791442628909347.880	1791442628909364.120	16.24	1818	1820	1791442628909341.200	1791442628909364.140	0.02	0.02	6.68	0.02	22.94	-5.190000003096884e-07	6.700000519000003	6.7	9828	1791442628909320.340	9.18	5.98	12.23	11.89	75.22	1	1	3.65	4.79	27.54	26.36	1816	91.34
609	0	27	6	0	0	P	P	A	0x12c041600000	C	A	608	conditioner	P	1	1	0	0	21.400000900	132.571000000	PC	4	496	1822	40	1791442628909495.144	1791442628909513.904	18.76	1821	1823	1791442628909492.504	1791442628909513.924	0.02	0.02	2.64	0.02	21.42	0.019999100000003267	2.640000899999997	2.66	9840	1791442628909445.670	9.82	6.16	11.75	11.33	83.92	1	1	3.44	4.75	49.474	48.264	1819	131.024
610	0	27	6	0	0	P	P	B	0x12c041800000	P	A	609	probe	P	1	1	0	0	18.820000812	167.671000000	PC	4	496	1826	40	1791442628909665.808	1791442628909682.048	16.24	1825	1827	1791442628909663.248	1791442628909682.068	0.02	0.02	2.56	0.02	18.82	-8.119999996836214e-07	2.5800008120000015	2.58	9853	1791442628909581.220	11.22	6.56	12.49	11.5	115.99	1	1	4.38	4.95	84.588	82.618	1822	151.904
611	0	27	6	1	1	P	P	B	0x12c041800000	P	B	610	conditioner	P	1	1	0	0	23.520000279	225.962000000	PC	4	496	1830	40	1791442628909881.672	1791442628909898.912	17.24	1829	1831	1791442628909875.412	1791442628909898.932	0.02	0.02	6.26	0.02	23.52	-2.7900000176828144e-07	6.280000279000003	6.28	9866	1791442628909749.360	10.5	6.51	11.73	11.85	175.2	1	1	4.14	5.04	132.312	131.072	1826	199.624
612	0	27	6	1	1	C	C	A	0x12c041600000	P	B	611	probe	P	1	1	0	0	112.080000341	170.451000000	PC	4	496	1834	40	1791442628910058.936	1791442628910075.136	16.2	1833	1835	1791442628909963.092	1791442628910075.156	0.0	0.02	95.844	0.02	112.064	-0.01600034100000869	95.880000341	95.864	9880	1791442628909977.690	10.57	6.53	11.6	11.59	118.89	1	1	4.19	4.94	81.246	79.996	1830	160.024
613	0	28	19	0	0	C	C	B	0x12c041800000	C	A	612	conditioner	C	1	0	0	1	267.379999161	424.753000000	PC	4	496	1838	40	1791442628910236.440	1791442628910500.664	264.224	1837	1839	1791442628910233.320	1791442628910500.684	0.02	0.02	3.12	0.02	267.364	-0.015999161000024742	3.155999161000011	3.14	9893	1791442628910151.030	10.94	6.79	12.14	11.52	372.52	1	1	4.16	5.48	85.41	84.19	1834	161.304
614	0	28	19	0	0	C	C	A	0x12c041600000	C	B	613	probe	C	1	0	0	1	56.759998202	134.691000000	PC	4	496	1842	40	1791442628910597.028	1791442628910613.068	16.04	1841	1843	1791442628910591.948	1791442628910648.728	0.016	0.02	5.08	35.66	56.78	0.02000179800000268	40.719998202	40.74	9906	1791442628910578.590	11.4	7.0	13.06	11.96	81.01	1	1	4.23	5.48	18.438	16.558	1838	96.364
615	0	28	19	1	1	C	C	A	0x12c041600000	C	A	614	conditioner	C	1	0	0	1	20.959999412	163.241000000	PC	4	496	1845	40	1791442628910787.468	1791442628910806.572	19.104	1844	1846	1791442628910785.628	1791442628910806.592	0.02	0.02	1.84	0.02	20.964	0.004000588000000249	1.8559994119999992	1.86	9918	1791442628910713.380	9.79	6.58	11.88	11.29	114.05	1	1	3.9	4.94	74.088	72.948	1842	174.4
616	0	28	19	1	1	P	P	B	0x12c041800000	C	A	615	probe	C	1	0	0	1	25.539999828	157.722000000	PC	4	496	1849	40	1791442628910939.492	1791442628910963.012	23.52	1848	1850	1791442628910937.512	1791442628910963.032	0.0	0.02	1.98	0.02	25.52	-0.019999827999999553	2.0199998279999996	2.0	9931	1791442628910880.150	11.44	6.68	13.17	11.66	104.58	1	1	4.22	5.18	59.342	58.032	1845	132.92
617	0	29	0	0	0	P	P	A	0x12c041600000	P	B	616	conditioner	P	0	0	0	0	132.799997926	203.311000000	PC	4	496	1853	40	1791442628911152.536	1791442628911168.476	15.94	1852	1854	1791442628911035.696	1791442628911168.516	0.02	0.0	116.84	0.04	132.82	0.02000207399998999	116.859997926	116.88	9944	1791442628911040.990	10.72	6.66	13.99	11.67	149.55	1	1	4.18	5.44	111.546	110.206	1849	189.524
618	0	29	0	0	0	P	P	A	0x12c041600000	P	A	617	probe	P	0	0	0	0	24.439999834	204.292000000	PC	4	496	1857	40	1791442628911356.780	1791442628911373.720	16.94	1856	1858	1791442628911349.300	1791442628911373.740	0.02	0.02	7.48	0.02	24.44	1.6599999952404687e-07	7.4999998340000005	7.5	9957	1791442628911244.600	10.41	6.51	12.65	11.42	153.2	1	1	4.24	5.27	112.18	110.9	1853	188.304
619	0	29	0	1	1	P	P	B	0x12c041800000	P	A	618	conditioner	P	0	0	0	0	86.259998381	162.861000000	PC	4	496	1861	40	1791442628911506.644	1791442628911527.624	20.98	1860	1862	1791442628911441.384	1791442628911527.644	0.02	0.02	65.26	0.02	86.26	1.6190000025062545e-06	65.279998381	65.28	9971	1791442628911450.330	10.7	6.85	12.16	11.36	112.52	1	1	4.04	4.94	56.314	55.064	1857	132.924
620	0	29	0	1	1	C	C	B	0x12c041800000	P	B	619	probe	P	0	0	0	0	17.960000783	222.681000000	PC	4	496	1865	40	1791442628911685.508	1791442628911700.948	15.44	1864	1866	1791442628911683.008	1791442628911700.968	0.02	0.02	2.5	0.02	17.96	-7.830000008368643e-07	2.520000783000002	2.52	9983	1791442628911615.350	10.82	6.57	12.0	11.74	170.72	1	1	4.27	5.02	70.158	68.658	1861	157.884
621	0	30	13	0	1	C	C	A	0x12c041600000	C	B	620	conditioner	C	0	1	1	0	72.360001504	141.071000000	PC	4	496	1869	40	1791442628911850.712	1791442628911869.932	19.22	1868	1870	1791442628911835.192	1791442628911907.552	0.02	0.02	15.52	37.62	72.36	-1.5039999965438255e-06	53.140001504	53.14	9996	1791442628911841.060	11.26	7.11	13.11	11.97	87.07	1	1	4.52	5.35	9.652	8.292	1865	149.764
622	0	30	13	0	1	C	C	A	0x12c041600000	C	A	621	probe	C	0	1	1	0	21.199999377	144.542000000	PC	4	496	1872	40	1791442628912040.676	1791442628912059.596	18.92	1871	1873	1791442628912038.436	1791442628912059.616	0.02	0.02	2.24	0.02	21.18	-0.019999377000001317	2.2799993769999993	2.26	10008	1791442628911981.570	10.03	6.44	11.95	12.13	94.79	1	1	3.98	4.8	59.106	57.826	1869	170.744
623	0	30	13	1	0	C	C	B	0x12c041800000	C	A	622	conditioner	C	0	1	1	0	52.900001407	247.381000000	PC	4	496	1876	40	1791442628912260.140	1791442628912310.300	50.16	1875	1877	1791442628912257.440	1791442628912310.320	0.02	0.02	2.7	0.02	52.88	-0.020001406999995197	2.740001407000001	2.72	10021	1791442628912129.180	12.06	6.65	12.92	12.29	193.81	1	1	4.17	5.0	130.96	129.11	1872	200.544
624	0	30	13	1	0	P	P	B	0x12c041800000	C	B	623	probe	C	0	1	1	0	25.960000232	167.662000000	PC	4	496	1880	40	1791442628912466.924	1791442628912485.944	19.02	1879	1881	1791442628912460.004	1791442628912485.964	0.02	0.02	6.92	0.02	25.96	-2.31999997879484e-07	6.940000231999999	6.94	10034	1791442628912373.980	8.41	5.13	10.02	9.19	125.93	1	1	3.98	3.94	92.944	91.854	1876	156.624
625	0	31	26	0	1	P	P	A	0x12c041600000	P	B	624	conditioner	P	1	0	1	1	19.940000027	147.051000000	PC	4	496	1884	40	1791442628912613.988	1791442628912631.108	17.12	1883	1885	1791442628912611.168	1791442628912631.128	0.02	0.02	2.82	0.02	19.96	0.019999973000000892	2.820000026999999	2.84	10047	1791442628912541.640	8.31	5.08	9.41	9.09	107.49	1	1	3.23	3.96	72.348	71.278	1880	128.044
626	0	31	26	0	1	P	P	B	0x12c041800000	P	A	625	probe	P	1	0	1	1	134.499996901	186.921000000	PC	4	496	1888	40	1791442628912797.192	1791442628912816.212	19.02	1887	1889	1791442628912681.728	1791442628912816.232	0.02	0.02	115.464	0.02	134.504	0.004003098999987742	115.479996901	115.484	10060	1791442628912690.200	8.51	5.64	9.67	9.04	146.36	1	1	3.33	4.02	106.992	105.932	1884	166.084
627	0	31	26	1	0	P	P	B	0x12c041800000	P	B	626	conditioner	P	1	0	1	1	237.519994378	361.953000000	PC	4	496	1892	40	1791442628912946.552	1791442628913180.316	233.764	1891	1893	1791442628912942.812	1791442628913180.336	0.02	0.02	3.74	0.02	237.524	0.004005621999993991	3.755994377999997	3.76	10073	1791442628912878.080	8.31	5.01	9.08	9.54	322.01	1	1	3.47	4.03	68.472	67.412	1888	130.34
628	0	31	26	1	0	C	C	A	0x12c041600000	P	B	627	probe	P	1	0	1	1	71.460001171	117.671000000	PC	4	496	1896	40	1791442628913244.200	1791442628913260.780	16.58	1895	1897	1791442628913228.820	1791442628913300.280	0.02	0.02	15.38	39.5	71.46	-1.1710000080711325e-06	54.880001171	54.88	10086	1791442628913242.590	9.59	5.64	9.99	10.89	72.37	1	1	3.33	4.11	1.61	0.4	1892	63.884
629	1	0	19	0	0	C	C	B	0x12c041800000	C	A	628	conditioner	C	1	0	0	1	22.560000420	132.881000000	PC	4	496	1899	40	1791442628913417.424	1791442628913433.164	15.74	1898	1900	1791442628913410.624	1791442628913433.184	0.02	0.02	6.8	0.02	22.56	-4.200000027765327e-07	6.820000420000001	6.82	10098	1791442628913361.590	8.01	5.36	10.5	9.04	92.05	1	1	3.19	3.83	55.834	54.854	1896	156.644
630	1	0	19	0	0	C	C	A	0x12c041600000	C	B	629	probe	C	1	0	0	1	22.700000554	214.301000000	PC	4	496	1903	40	1791442628913637.148	1791442628913656.548	19.4	1902	1904	1791442628913633.868	1791442628913656.568	0.02	0.02	3.28	0.02	22.7	-5.539999996528877e-07	3.3000005540000004	3.3	10112	1791442628913495.240	7.72	4.98	10.1	9.28	174.64	1	1	3.31	3.81	141.908	140.928	1899	203.984
631	1	0	19	1	1	C	C	A	0x12c041600000	C	A	630	conditioner	C	1	0	0	1	29.379999265	100.281000000	PC	4	496	1907	40	1791442628913733.028	1791442628913760.228	27.2	1906	1908	1791442628913730.888	1791442628913760.248	0.02	0.02	2.14	0.02	29.36	-0.019999264999999156	2.1799992649999993	2.16	10125	1791442628913711.140	8.21	4.91	10.12	8.84	60.18	1	1	3.64	3.91	21.888	20.868	1903	76.48
632	1	0	19	1	1	P	P	B	0x12c041800000	C	A	631	probe	C	1	0	0	1	24.480000138	79.820000000	PC	4	496	1910	40	1791442628913817.712	1791442628913834.112	16.4	1909	1911	1791442628913815.332	1791442628913839.812	0.02	0.02	2.38	5.7	24.48	-1.3800000076003016e-07	8.080000138000003	8.08	10137	1791442628913811.180	7.95	5.0	8.97	9.89	40.18	1	1	2.92	3.97	6.532	5.512	1907	57.484
633	1	1	8	0	1	P	P	B	0x12c041800000	P	B	632	conditioner	P	0	0	1	0	18.699999899	180.082000000	PC	4	496	1913	40	1791442628913998.012	1791442628914014.476	16.464	1912	1914	1791442628913995.796	1791442628914014.496	0.016	0.02	2.216	0.02	18.7	1.0099999769863643e-07	2.235999899000003	2.236	10149	1791442628913891.270	7.23	4.4	8.69	8.67	143.73	1	1	2.82	3.68	106.742	105.852	1910	163.9
634	1	1	8	0	1	C	C	B	0x12c041800000	P	B	633	probe	P	0	0	1	0	25.219999254	199.621000000	PC	4	496	1917	40	1791442628914190.416	1791442628914213.180	22.764	1916	1918	1791442628914187.976	1791442628914213.200	0.02	0.02	2.44	0.02	25.224	0.004000745999999111	2.4559992540000017	2.46	10162	1791442628914074.150	8.26	5.27	9.39	9.13	159.78	1	1	3.14	3.87	116.266	115.346	1913	175.94
635	1	1	8	1	0	P	P	A	0x12c041600000	C	B	634	conditioner	P	0	0	1	0	23.180000484	185.722000000	PC	4	496	1921	40	1791442628914374.660	1791442628914395.300	20.64	1920	1922	1791442628914372.140	1791442628914395.324	0.02	0.016	2.52	0.024	23.184	0.003999516000000369	2.540000484	2.544	10175	1791442628914276.100	7.8	5.02	10.62	9.5	144.95	1	1	3.15	3.93	98.56	97.55	1917	161.48
636	1	1	8	1	0	P	P	A	0x12c041600000	P	A	635	probe	P	0	0	1	0	21.700000390	110.850000000	PC	4	496	1925	40	1791442628914501.284	1791442628914520.584	19.3	1924	1926	1791442628914498.904	1791442628914520.604	0.02	0.02	2.38	0.02	21.7	-3.900000002943216e-07	2.400000389999999	2.4	10189	1791442628914462.470	8.16	5.17	9.68	8.81	71.09	1	1	3.2	4.04	38.814	37.804	1921	105.984
637	1	2	29	0	1	C	C	A	0x12c041600000	P	A	636	conditioner	C	0	1	1	1	22.619999945	97.241000000	PC	4	496	1928	40	1791442628914596.508	1791442628914613.928	17.42	1927	1929	1791442628914591.344	1791442628914613.948	0.02	0.02	5.164	0.02	22.604	-0.015999945000000793	5.199999944999998	5.184	10201	1791442628914574.590	7.38	4.69	9.63	9.44	57.9	1	1	2.96	3.84	21.918	20.958	1925	75.924
638	1	2	29	0	1	P	P	A	0x12c041600000	C	A	637	probe	C	0	1	1	1	18.060000613	123.111000000	PC	4	496	1931	40	1791442628914723.808	1791442628914739.528	15.72	1930	1932	1791442628914721.488	1791442628914739.548	0.02	0.02	2.32	0.02	18.06	-6.130000009818559e-07	2.340000612999999	2.34	10213	1791442628914671.950	7.74	4.6	9.31	8.94	85.14	1	1	2.74	3.85	51.858	50.968	1928	109.88
639	1	2	29	1	0	C	C	B	0x12c041800000	P	A	638	conditioner	C	0	1	1	1	26.860000566	151.231000000	PC	4	496	1935	40	1791442628914866.572	1791442628914890.672	24.1	1934	1936	1791442628914863.812	1791442628914890.692	0.02	0.02	2.76	0.02	26.88	0.019999433999998928	2.7600005659999987	2.78	10226	1791442628914797.350	7.6	4.8	9.83	9.05	111.66	1	1	3.01	3.94	69.222	68.232	1931	127.044
640	1	2	29	1	0	C	C	B	0x12c041800000	C	B	639	probe	C	0	1	1	1	52.340000868	113.571000000	PC	4	496	1939	40	1791442628914954.252	1791442628915004.156	49.904	1938	1940	1791442628914951.832	1791442628915004.196	0.02	0.02	2.42	0.04	52.364	0.023999132000000145	2.4360008679999936	2.46	10239	1791442628914950.210	7.59	4.76	9.92	9.57	73.51	1	1	3.4	3.95	4.042	3.072	1935	63.58
641	1	3	18	0	0	P	P	B	0x12c041800000	C	B	640	conditioner	P	1	0	0	1	60.339998454	163.331000000	PC	4	496	1943	40	1791442628915097.516	1791442628915117.196	19.68	1942	1944	1791442628915056.896	1791442628915117.216	0.02	0.02	40.62	0.02	60.32	-0.019998454000003107	40.659998454000004	40.64	10251	1791442628915064.570	8.46	5.18	9.57	9.05	123.41	1	1	3.24	3.91	32.946	31.576	1939	93.36
642	1	3	18	0	0	C	C	A	0x12c041600000	P	B	641	probe	P	1	0	0	1	125.180006027	175.472000000	PC	4	496	1947	40	1791442628915327.880	1791442628915345.180	17.3	1946	1948	1791442628915220.020	1791442628915345.200	0.02	0.02	107.86	0.02	125.18	-6.026999997743587e-06	107.88000602700001	107.88	10263	1791442628915229.680	8.12	5.27	9.62	9.35	134.78	1	1	3.6	3.9	98.2	97.23	1943	210.684
643	1	3	18	1	1	P	P	A	0x12c041600000	C	A	642	conditioner	P	1	0	0	1	23.700000718	129.680000000	PC	4	496	1951	40	1791442628915456.704	1791442628915477.504	20.8	1950	1952	1791442628915453.844	1791442628915477.524	0.0	0.02	2.86	0.02	23.68	-0.020000717999998585	2.9000007179999976	2.88	10276	1791442628915406.390	7.96	5.05	10.12	9.05	89.69	1	1	3.17	3.96	50.314	49.284	1947	111.524
644	1	3	18	1	1	P	P	B	0x12c041800000	P	A	643	probe	P	1	0	0	1	291.619986296	406.463000000	PC	4	496	1955	40	1791442628915589.464	1791442628915878.532	289.068	1954	1956	1791442628915586.924	1791442628915878.552	0.02	0.02	2.54	0.02	291.628	0.008013704000006783	2.5519862959999955	2.56	10289	1791442628915538.130	8.93	5.14	10.58	9.14	364.79	1	1	3.07	4.06	51.334	50.334	1951	111.96
645	1	4	7	0	0	C	C	A	0x12c041600000	P	B	644	conditioner	C	1	1	0	0	25.319999084	119.831000000	PC	4	496	1959	40	1791442628915990.332	1791442628916008.116	17.784	1958	1960	1791442628915982.812	1791442628916008.136	0.02	0.02	7.52	0.02	25.324	0.004000916000002519	7.535999084	7.54	10302	1791442628915946.350	8.81	5.52	10.09	9.76	77.26	1	1	3.73	4.14	43.982	42.932	1955	111.8
646	1	4	7	0	0	P	P	B	0x12c041800000	C	A	645	probe	C	1	1	0	0	21.159999073	102.231000000	PC	4	496	1962	40	1791442628916082.476	1791442628916101.736	19.26	1961	1963	1791442628916080.576	1791442628916101.756	0.02	0.02	1.9	0.02	21.18	0.020000926999998114	1.899999073	1.92	10314	1791442628916066.330	8.23	5.25	9.74	8.94	61.95	1	1	3.06	3.95	16.146	15.156	1959	74.36
647	1	4	7	1	1	C	C	B	0x12c041800000	P	B	646	conditioner	C	1	1	0	0	60.619998723	214.772000000	PC	4	496	1965	40	1791442628916176.676	1791442628916194.676	18.0	1964	1966	1791442628916164.936	1791442628916225.560	0.02	0.02	11.74	30.884	60.624	0.004001277000000414	42.619998723	42.624	10326	1791442628916168.920	8.0	5.17	9.2	9.36	175.7	1	1	2.75	3.97	7.756	6.716	1962	74.94
648	1	4	7	1	1	C	C	A	0x12c041600000	C	B	647	probe	C	1	1	0	0	20.279999822	179.861000000	PC	4	496	1969	40	1791442628916493.884	1791442628916511.644	17.76	1968	1970	1791442628916491.404	1791442628916511.664	0.02	0.02	2.48	0.02	20.26	-0.019999821999999057	2.519999821999999	2.5	10338	1791442628916385.420	7.86	5.1	9.61	9.06	140.41	1	1	3.09	4.06	108.464	107.434	1965	299.208
649	1	5	28	0	1	P	P	A	0x12c041600000	C	A	648	conditioner	P	0	1	1	1	24.000000209	137.891000000	PC	4	496	1973	40	1791442628916625.708	1791442628916642.948	17.24	1972	1974	1791442628916618.948	1791442628916642.968	0.02	0.02	6.76	0.02	24.02	0.019999791000000045	6.760000209000001	6.78	10351	1791442628916566.540	7.99	5.1	9.45	9.42	98.47	1	1	3.05	3.77	59.168	58.188	1969	114.064
650	1	5	28	0	1	P	P	A	0x12c041600000	P	A	649	probe	P	0	1	1	1	24.460000917	130.271000000	PC	4	496	1977	40	1791442628916762.308	1791442628916779.248	16.94	1976	1978	1791442628916754.788	1791442628916779.268	0.02	0.02	7.52	0.02	24.48	0.01999908300000186	7.520000916999997	7.54	10365	1791442628916705.610	7.73	5.03	9.44	8.97	91.83	1	1	3.22	3.75	56.698	55.698	1973	119.36
651	1	5	28	1	0	P	P	B	0x12c041800000	P	A	650	conditioner	P	0	1	1	1	28.160000220	132.731000000	PC	4	496	1981	40	1791442628916887.252	1791442628916912.952	25.7	1980	1982	1791442628916884.812	1791442628916912.972	0.02	0.02	2.44	0.02	28.16	-2.2000000043931323e-07	2.4600002200000013	2.46	10378	1791442628916837.390	7.58	4.97	9.84	9.17	93.41	1	1	3.1	4.06	49.862	48.912	1977	108.004
652	1	5	28	1	0	C	C	B	0x12c041800000	P	B	651	probe	P	0	1	1	1	32.600000501	150.691000000	PC	4	496	1985	40	1791442628917034.356	1791442628917064.296	29.94	1984	1986	1791442628917031.716	1791442628917064.316	0.02	0.02	2.64	0.02	32.6	-5.00999995267648e-07	2.6600005009999954	2.66	10391	1791442628916973.480	8.39	5.23	11.24	9.71	107.89	1	1	3.2	4.15	60.876	59.706	1981	121.404
653	1	6	17	0	0	C	C	A	0x12c041600000	C	B	652	conditioner	C	0	0	0	1	26.440000162	179.101000000	PC	4	496	1989	40	1791442628917219.200	1791442628917238.360	19.16	1988	1990	1791442628917211.960	1791442628917238.380	0.02	0.02	7.24	0.02	26.42	-0.020000161999998767	7.280000162	7.26	10404	1791442628917124.600	7.95	5.06	10.38	9.24	138.51	1	1	3.26	3.98	94.6	93.61	1985	154.904
654	1	6	17	0	0	C	C	A	0x12c041600000	C	A	653	probe	C	0	0	0	1	20.220000297	113.251000000	PC	4	496	1993	40	1791442628917345.720	1791442628917363.020	17.3	1992	1994	1791442628917342.840	1791442628917363.040	0.02	0.02	2.88	0.02	20.2	-0.02000029699999928	2.920000296999998	2.9	10418	1791442628917304.220	8.04	5.09	10.05	9.17	73.45	1	1	3.17	3.84	41.5	40.52	1989	107.36
655	1	6	17	1	1	C	C	B	0x12c041800000	C	A	654	conditioner	C	0	0	0	1	18.120000139	82.391000000	PC	4	496	1997	40	1791442628917431.684	1791442628917447.764	16.08	1996	1998	1791442628917429.664	1791442628917447.784	0.02	0.02	2.02	0.02	18.12	-1.3899999729005685e-07	2.040000139	2.04	10431	1791442628917419.020	7.84	5.06	9.46	9.09	42.53	1	1	3.3	3.92	12.664	11.634	1993	68.664
656	1	6	17	1	1	P	P	B	0x12c041800000	C	B	655	probe	C	0	0	0	1	32.280001789	108.281000000	PC	4	496	2000	40	1791442628917529.644	1791442628917559.144	29.5	1999	2001	1791442628917526.904	1791442628917559.184	0.02	0.0	2.74	0.04	32.28	-1.7890000023612629e-06	2.7800017890000035	2.78	10443	1791442628917502.170	8.0	5.11	9.62	9.13	68.26	1	1	2.99	4.1	27.474	26.454	1997	81.88
657	1	7	6	0	0	P	P	A	0x12c041600000	P	B	656	conditioner	P	1	1	0	0	22.520000115	183.201000000	PC	4	496	2003	40	1791442628917715.228	1791442628917735.268	20.04	2002	2004	1791442628917712.768	1791442628917735.288	0.02	0.02	2.46	0.02	22.52	-1.1499999885700163e-07	2.4800001149999993	2.48	10455	1791442628917610.730	7.25	4.73	9.14	8.76	145.82	1	1	3.01	3.76	104.498	103.598	2000	156.084
658	1	7	6	0	0	P	P	B	0x12c041800000	P	A	657	probe	P	1	1	0	0	24.380000308	167.021000000	PC	4	496	2007	40	1791442628917892.032	1791442628917909.472	17.44	2006	2008	1791442628917885.092	1791442628917909.492	0.02	0.02	6.94	0.02	24.4	0.01999969199999896	6.940000307999998	6.96	10468	1791442628917796.620	8.89	5.21	9.7	9.28	125.64	1	1	3.23	3.93	95.412	94.422	2003	156.764
659	1	7	6	1	1	P	P	B	0x12c041800000	P	B	658	conditioner	P	1	1	0	0	54.179999977	111.481000000	PC	4	496	2011	40	1791442628917965.312	1791442628917980.832	15.52	2010	2012	1791442628917962.732	1791442628918016.916	0.02	0.02	2.58	36.084	54.184	0.004000022999996133	38.659999977	38.664	10481	1791442628917964.360	8.01	5.28	9.47	9.46	71.92	1	1	3.14	3.94	0.952	-0.098	2007	55.84
660	1	7	6	1	1	C	C	A	0x12c041600000	P	B	659	probe	P	1	1	0	0	126.599997282	177.591000000	PC	4	496	2014	40	1791442628918082.216	1791442628918098.856	16.64	2013	2015	1791442628918069.936	1791442628918196.540	0.0	0.016	12.28	97.684	126.604	0.004002717999995298	109.959997282	109.964	10493	1791442628918077.630	8.09	5.21	9.66	9.66	137.18	1	1	2.79	3.73	4.586	3.606	2011	101.384
661	1	8	27	0	1	C	C	A	0x12c041600000	C	A	660	conditioner	C	1	0	1	1	250.860005617	356.773000000	PC	4	496	2018	40	1791442628918307.160	1791442628918554.124	246.964	2017	2019	1791442628918303.280	1791442628918554.144	0.02	0.02	3.88	0.02	250.864	0.0039943829999913305	3.8960056170000144	3.9	10506	1791442628918256.840	8.6	5.3	10.24	9.12	315.52	1	1	3.1	3.93	50.32	49.34	2014	208.304
662	1	8	27	0	1	P	P	B	0x12c041800000	C	A	661	probe	C	1	0	1	1	126.379996538	186.031000000	PC	4	496	2022	40	1791442628918617.868	1791442628918636.488	18.62	2021	2023	1791442628918614.968	1791442628918741.348	0.02	0.02	2.9	104.86	126.38	3.4619999951246427e-06	107.759996538	107.76	10519	1791442628918614.870	8.33	5.34	10.28	9.56	144.85	1	1	3.13	3.84	2.998	2.008	2018	63.744
663	1	8	27	1	0	C	C	B	0x12c041800000	P	B	662	conditioner	C	1	0	1	1	94.059996307	154.141000000	PC	4	496	2026	40	1791442628918878.112	1791442628918894.792	16.68	2025	2027	1791442628918800.748	1791442628918894.812	0.024	0.02	77.364	0.02	94.064	0.004003692999987152	77.379996307	77.384	10532	1791442628918801.490	8.71	5.6	9.21	9.14	113.67	1	1	3.43	3.9	76.622	75.592	2022	241.624
664	1	8	27	1	0	C	C	A	0x12c041600000	C	B	663	probe	C	1	0	1	1	29.720000923	91.831000000	PC	4	496	2030	40	1791442628918960.072	1791442628918987.552	27.48	2029	2031	1791442628918957.832	1791442628918987.572	0.02	0.02	2.24	0.02	29.74	0.01999907699999781	2.240000923	2.26	10545	1791442628918956.660	8.08	5.4	9.42	9.64	51.63	1	1	3.26	3.94	3.412	2.462	2026	65.28
665	1	9	16	0	0	P	P	A	0x12c041600000	C	A	664	conditioner	P	0	0	0	1	20.460000262	176.821000000	PC	4	496	2033	40	1791442628919155.336	1791442628919173.816	18.48	2032	2034	1791442628919153.356	1791442628919173.836	0.02	0.02	1.98	0.02	20.48	0.019999737999999212	1.9800002620000008	2.0	10557	1791442628919049.820	7.91	5.02	9.92	8.94	137.25	1	1	3.02	3.96	105.516	104.486	2030	167.784
666	1	9	16	0	0	C	C	A	0x12c041600000	P	A	665	probe	P	0	0	0	1	29.279999435	198.962000000	PC	4	496	2037	40	1791442628919346.080	1791442628919367.680	21.6	2036	2038	1791442628919338.400	1791442628919367.700	0.02	0.02	7.68	0.02	29.3	0.020000565000000137	7.679999434999999	7.7	10570	1791442628919227.270	7.7	4.8	9.52	9.24	159.86	1	1	3.07	3.73	118.81	117.81	2033	172.264
667	1	9	16	1	1	P	P	B	0x12c041800000	C	A	666	conditioner	P	0	0	0	1	20.679999143	183.201000000	PC	4	496	2041	40	1791442628919533.804	1791442628919551.084	17.28	2040	2042	1791442628919530.424	1791442628919551.104	0.02	0.02	3.38	0.02	20.68	8.569999998542244e-07	3.3999991429999987	3.4	10583	1791442628919427.530	7.79	4.83	9.31	8.92	144.31	1	1	3.23	3.85	106.274	105.224	2037	166.124
668	1	9	16	1	1	P	P	B	0x12c041800000	P	B	667	probe	P	0	0	0	1	44.700000435	216.652000000	PC	4	496	2045	40	1791442628919724.108	1791442628919766.368	42.26	2044	2046	1791442628919721.668	1791442628919766.388	0.02	0.02	2.44	0.02	44.72	0.01999956499999911	2.4400004350000017	2.46	10597	1791442628919611.660	7.77	4.91	9.23	9.04	177.93	1	1	3.05	3.99	112.448	111.468	2041	173.024
669	1	10	5	0	0	C	C	B	0x12c041800000	P	B	668	conditioner	C	0	1	0	0	20.199999213	102.311000000	PC	4	496	2049	40	1791442628919859.812	1791442628919877.372	17.56	2048	2050	1791442628919857.192	1791442628919877.392	0.02	0.02	2.62	0.02	20.2	7.869999976151121e-07	2.639999213000003	2.64	10610	1791442628919832.710	8.33	5.15	11.22	10.08	58.45	1	1	3.39	4.41	27.102	25.982	2045	93.444
670	1	10	5	0	0	P	P	B	0x12c041800000	C	B	669	probe	C	0	1	0	0	23.959999904	117.210000000	PC	4	496	2052	40	1791442628919974.892	1791442628919991.632	16.74	2051	2053	1791442628919967.672	1791442628919991.652	0.02	0.02	7.22	0.02	23.98	0.02000009600000041	7.219999904000002	7.24	10622	1791442628919933.780	7.65	4.71	9.54	8.9	78.44	1	1	2.96	3.91	41.112	39.952	2049	97.52
671	1	10	5	1	1	C	C	A	0x12c041600000	P	B	670	conditioner	C	0	1	0	0	75.280003250	129.551000000	PC	4	496	2055	40	1791442628920103.476	1791442628920119.576	16.1	2054	2056	1791442628920044.316	1791442628920119.596	0.02	0.02	59.16	0.02	75.28	-3.249999991794539e-06	59.18000324999999	59.18	10634	1791442628920051.900	8.36	5.24	9.94	8.93	90.22	1	1	2.75	3.61	51.576	50.136	2052	111.844
672	1	10	5	1	1	C	C	A	0x12c041600000	C	A	671	probe	C	0	1	0	0	31.660001725	126.901000000	PC	4	496	2059	40	1791442628920220.400	1791442628920249.440	29.04	2058	2060	1791442628920217.820	1791442628920249.480	0.02	0.0	2.58	0.04	31.66	-1.7250000006185928e-06	2.6200017250000016	2.62	10647	1791442628920182.830	8.09	5.16	9.7	9.23	87.39	1	1	2.98	3.92	37.57	36.65	2055	100.824
673	1	11	26	0	1	P	P	A	0x12c041600000	C	A	672	conditioner	P	1	0	1	1	24.800000712	181.162000000	PC	4	496	2063	40	1791442628920412.704	1791442628920433.524	20.82	2062	2064	1791442628920408.744	1791442628920433.564	0.02	0.0	3.96	0.04	24.82	0.01999928800000106	3.980000711999999	4.0	10660	1791442628920310.770	7.75	4.91	9.2	9.37	141.36	1	1	3.14	3.97	101.934	100.904	2059	163.264
674	1	11	26	0	1	P	P	B	0x12c041800000	P	A	673	probe	P	1	0	1	1	24.520000443	189.231000000	PC	4	496	2067	40	1791442628920606.868	1791442628920624.268	17.4	2066	2068	1791442628920599.788	1791442628920624.288	0.0	0.02	7.08	0.02	24.5	-0.0200004430000007	7.120000443000002	7.1	10673	1791442628920493.530	8.07	5.07	9.65	9.4	149.13	1	1	3.13	4.22	113.338	112.318	2063	173.344
675	1	11	26	1	0	P	P	B	0x12c041800000	P	B	674	conditioner	P	1	0	1	1	20.479999483	188.401000000	PC	4	496	2071	40	1791442628920794.288	1791442628920813.512	19.224	2070	2072	1791442628920793.068	1791442628920813.532	0.02	0.02	1.22	0.02	20.464	-0.015999483000001646	1.255999483	1.24	10687	1791442628920683.830	7.76	4.99	9.7	9.12	149.33	1	1	3.07	3.81	110.458	109.518	2067	170.02
676	1	11	26	1	0	C	C	A	0x12c041600000	P	B	675	probe	P	1	0	1	1	247.600004077	410.953000000	PC	4	496	2075	40	1791442628920976.612	1791442628921222.140	245.528	2074	2076	1791442628920974.572	1791442628921222.160	0.0	0.02	2.04	0.02	247.588	-0.01200407700000028	2.0720040770000026	2.06	10700	1791442628920873.810	8.09	4.93	9.51	9.25	370.7	1	1	3.16	4.12	102.802	101.732	2071	163.1
677	1	12	15	0	1	C	C	B	0x12c041800000	C	A	676	conditioner	C	1	1	1	0	127.959996462	187.101000000	PC	4	496	2079	40	1791442628921286.860	1791442628921304.080	17.22	2078	2080	1791442628921284.500	1791442628921412.444	0.02	0.02	2.36	108.364	127.944	-0.01599646200000393	110.73999646200001	110.724	10713	1791442628921287.270	8.41	5.45	10.5	9.7	145.32	1	1	3.37	4.04	-0.41	-1.49	2075	64.72
678	1	12	15	0	1	C	C	A	0x12c041600000	C	B	677	probe	C	1	1	1	0	96.019998193	157.811000000	PC	4	496	2083	40	1791442628921554.524	1791442628921570.904	16.38	2082	2084	1791442628921474.904	1791442628921570.924	0.02	0.02	79.62	0.02	96.02	1.8069999896397348e-06	79.63999819300001	79.64	10726	1791442628921474.570	8.41	5.41	9.67	9.44	117.48	1	1	3.3	3.9	79.954	78.864	2079	250.444
679	1	12	15	1	0	C	C	A	0x12c041600000	C	A	678	conditioner	C	1	1	1	0	18.759999424	83.691000000	PC	4	496	2087	40	1791442628921647.808	1791442628921663.828	16.02	2086	2088	1791442628921645.088	1791442628921663.848	0.02	0.02	2.72	0.02	18.76	5.760000014731759e-07	2.7399994240000005	2.74	10739	1791442628921633.170	7.93	5.02	9.21	9.49	44.09	1	1	3.27	4.14	14.638	13.618	2083	76.904
680	1	12	15	1	0	P	P	B	0x12c041800000	C	A	679	probe	C	1	1	1	0	22.280000150	188.251000000	PC	4	496	2090	40	1791442628921834.392	1791442628921853.752	19.36	2089	2091	1791442628921831.492	1791442628921853.772	0.02	0.02	2.9	0.02	22.28	-1.4999999820020093e-07	2.92000015	2.92	10751	1791442628921718.420	8.33	5.21	9.7	9.0	148.49	1	1	2.92	3.79	115.972	114.902	2087	170.564
681	1	13	4	0	0	P	P	B	0x12c041800000	P	B	680	conditioner	P	0	1	0	0	24.040000513	104.001000000	PC	4	496	2094	40	1791442628921936.412	1791442628921953.652	17.24	2093	2095	1791442628921929.632	1791442628921953.672	0.02	0.02	6.78	0.02	24.04	-5.129999998132462e-07	6.8000005130000005	6.8	10764	1791442628921907.520	7.61	4.93	9.25	9.09	65.28	1	1	3.35	4.0	28.892	27.962	2090	82.66
682	1	13	4	0	0	P	P	B	0x12c041800000	P	B	681	probe	P	0	1	0	0	22.479999810	118.971000000	PC	4	496	2097	40	1791442628922053.056	1791442628922073.316	20.26	2096	2098	1791442628922050.876	1791442628922073.336	0.02	0.02	2.18	0.02	22.46	-0.019999809999998064	2.2199998099999974	2.2	10776	1791442628922012.450	7.27	4.65	9.52	9.25	80.84	1	1	2.94	3.79	40.606	39.676	2094	99.404
683	1	13	4	1	1	P	P	A	0x12c041600000	P	B	682	conditioner	P	0	1	0	0	25.720000267	132.271000000	PC	4	496	2101	40	1791442628922189.216	1791442628922206.420	17.204	2100	2102	1791442628922180.716	1791442628922206.460	0.02	0.0	8.5	0.04	25.744	0.023999733000000134	8.516000266999999	8.54	10789	1791442628922132.760	7.5	4.81	9.54	8.98	94.06	1	1	3.07	3.8	56.456	55.536	2097	115.9
684	1	13	4	1	1	C	C	A	0x12c041600000	P	A	683	probe	P	0	1	0	0	26.599999517	113.541000000	PC	4	496	2105	40	1791442628922300.060	1791442628922324.780	24.72	2104	2106	1791442628922298.180	1791442628922324.800	0.02	0.02	1.88	0.02	26.62	0.020000483000000457	1.8799995170000017	1.9	10802	1791442628922267.170	9.11	4.92	9.35	10.29	69.96	1	1	3.71	4.09	32.89	31.78	2101	93.64
685	1	14	25	0	1	C	C	B	0x12c041800000	C	A	684	conditioner	C	0	0	1	1	19.360000268	111.360000000	PC	4	496	2108	40	1791442628922421.384	1791442628922438.464	17.08	2107	2109	1791442628922419.144	1791442628922438.484	0.02	0.02	2.24	0.02	19.34	-0.020000268000000432	2.280000268000002	2.26	10814	1791442628922380.910	7.52	4.85	9.35	8.97	73.17	1	1	3.08	3.87	40.474	39.494	2105	96.604
686	1	14	25	0	1	P	P	B	0x12c041800000	C	B	685	probe	C	0	0	1	1	21.299999207	128.171000000	PC	4	496	2112	40	1791442628922544.624	1791442628922564.044	19.42	2111	2113	1791442628922542.764	1791442628922564.064	0.02	0.02	1.86	0.02	21.3	7.93000001664268e-07	1.8799992069999973	1.88	10827	1791442628922493.520	9.27	5.87	9.29	8.8	88.0	1	1	2.95	4.14	51.104	49.624	2108	106.16
687	1	14	25	1	0	C	C	A	0x12c041600000	P	B	686	conditioner	C	0	0	1	1	21.880000830	125.181000000	PC	4	496	2116	40	1791442628922678.568	1791442628922693.428	14.86	2115	2117	1791442628922671.568	1791442628922693.448	0.02	0.02	7.0	0.02	21.88	-8.30000001172948e-07	7.020000830000001	7.02	10840	1791442628922623.560	7.96	5.02	9.29	8.79	85.54	1	1	3.34	3.81	55.008	54.028	2112	114.524
688	1	14	25	1	0	C	C	A	0x12c041600000	C	A	687	probe	C	0	0	1	1	21.579999477	148.241000000	PC	4	496	2120	40	1791442628922826.392	1791442628922842.732	16.34	2119	2121	1791442628922821.192	1791442628922842.752	0.02	0.02	5.2	0.02	21.56	-0.019999477000002486	5.239999477000001	5.22	10853	1791442628922749.530	8.01	5.0	9.37	8.88	108.94	1	1	3.25	3.9	76.862	75.802	2116	132.964
689	1	15	14	0	1	P	P	B	0x12c041800000	C	A	688	conditioner	P	1	1	1	0	17.980000004	126.221000000	PC	4	496	2124	40	1791442628922957.572	1791442628922973.772	16.2	2123	2125	1791442628922955.812	1791442628922973.792	0.02	0.02	1.76	0.02	17.98	-4.000000330961484e-09	1.7800000040000015	1.78	10866	1791442628922899.220	8.09	5.06	9.35	9.25	85.83	1	1	3.27	4.43	58.352	57.312	2120	114.84
690	1	15	14	0	1	C	C	A	0x12c041600000	P	B	689	probe	P	1	1	1	0	31.840000302	103.481000000	PC	4	496	2128	40	1791442628923047.636	1791442628923076.596	28.96	2127	2129	1791442628923044.776	1791442628923076.616	0.02	0.02	2.86	0.02	31.84	-3.020000001185963e-07	2.880000301999999	2.88	10879	1791442628923026.960	8.18	5.16	9.53	9.81	62.71	1	1	3.34	4.01	20.676	19.696	2124	73.864
691	1	15	14	1	0	P	P	A	0x12c041600000	C	A	690	conditioner	P	1	1	1	0	26.300000027	194.691000000	PC	4	496	2131	40	1791442628923247.340	1791442628923265.000	17.66	2130	2132	1791442628923238.700	1791442628923265.020	0.02	0.02	8.64	0.02	26.32	0.019999973000000892	8.640000027	8.66	10891	1791442628923130.770	7.61	4.98	9.33	9.06	156.28	1	1	2.97	3.73	116.57	115.61	2128	170.744
692	1	15	14	1	0	P	P	B	0x12c041800000	P	A	691	probe	P	1	1	1	0	17.960000783	173.572000000	PC	4	496	2135	40	1791442628923428.304	1791442628923443.684	15.38	2134	2136	1791442628923425.764	1791442628923443.724	0.02	0.0	2.54	0.04	17.96	-7.830000008368643e-07	2.580000783000001	2.58	10905	1791442628923327.560	7.74	5.01	9.9	9.76	133.7	1	1	3.15	3.74	100.744	99.734	2131	163.304
693	1	16	3	0	0	C	C	B	0x12c041800000	P	B	692	conditioner	C	1	0	0	0	303.680002689	481.613000000	PC	4	496	2139	40	1791442628923620.928	1791442628923922.392	301.464	2138	2140	1791442628923618.708	1791442628923922.412	0.02	0.02	2.22	0.02	303.704	0.023997311000016452	2.2160026889999926	2.24	10918	1791442628923502.020	7.77	4.95	9.45	8.91	442.71	1	1	3.06	3.81	118.908	117.908	2135	177.244
694	1	16	3	0	0	P	P	A	0x12c041600000	C	B	693	probe	C	1	0	0	0	145.799994469	203.032000000	PC	4	496	2143	40	1791442628924112.656	1791442628924127.776	15.12	2142	2144	1791442628923982.012	1791442628924127.796	0.02	0.02	130.644	0.02	145.784	-0.015994469000020217	130.679994469	130.664	10931	1791442628923985.660	8.79	5.78	10.07	9.47	161.79	1	1	3.27	4.27	126.996	125.976	2139	190.264
695	1	16	3	1	1	C	C	A	0x12c041600000	P	A	694	conditioner	C	1	0	0	0	23.560000584	161.141000000	PC	4	496	2147	40	1791442628924267.420	1791442628924284.080	16.66	2146	2148	1791442628924260.540	1791442628924284.100	0.02	0.02	6.88	0.02	23.56	-5.840000021350988e-07	6.900000584000001	6.9	10944	1791442628924189.660	8.4	5.16	9.47	9.23	120.71	1	1	3.22	3.83	77.76	76.76	2143	139.644
696	1	16	3	1	1	C	C	B	0x12c041800000	C	A	695	probe	C	1	0	0	0	61.340000480	108.851000000	PC	4	496	2151	40	1791442628924356.080	1791442628924374.000	17.92	2150	2152	1791442628924340.120	1791442628924401.460	0.02	0.02	15.96	27.46	61.34	-4.799999970828139e-07	43.42000048	43.42	10958	1791442628924352.040	8.38	5.58	9.5	9.4	68.64	1	1	3.22	4.12	4.04	3.11	2147	72.0
697	1	17	24	0	1	P	P	B	0x12c041800000	C	B	696	conditioner	P	0	0	1	1	21.379999816	145.301000000	PC	4	496	2154	40	1791442628924535.884	1791442628924554.484	18.6	2153	2155	1791442628924533.104	1791442628924554.504	0.02	0.02	2.78	0.02	21.4	0.020000183999997034	2.779999816	2.8	10970	1791442628924461.410	7.97	5.23	8.87	9.71	106.12	1	1	2.98	3.81	74.474	73.554	2151	161.884
698	1	17	24	0	1	P	P	B	0x12c041800000	P	B	697	probe	P	0	0	1	1	22.719999775	186.541000000	PC	4	496	2158	40	1791442628924721.948	1791442628924739.628	17.68	2157	2159	1791442628924716.928	1791442628924739.668	0.02	0.02	5.02	0.04	22.74	0.020000224999996874	5.039999775000002	5.06	10983	1791442628924608.810	8.06	5.2	9.55	9.62	146.1	1	1	3.36	3.94	113.138	112.238	2154	167.464
699	1	17	24	1	0	P	P	A	0x12c041600000	P	B	698	conditioner	P	0	0	1	1	20.679999143	172.241000000	PC	4	496	2162	40	1791442628924897.772	1791442628924915.552	17.78	2161	2163	1791442628924894.872	1791442628924915.572	0.02	0.02	2.9	0.02	20.7	0.020000856999999428	2.8999991429999987	2.92	10996	1791442628924796.160	7.61	4.87	9.31	9.15	133.53	1	1	3.22	3.9	101.612	100.662	2158	158.144
700	1	17	24	1	0	C	C	A	0x12c041600000	P	A	699	probe	P	0	0	1	1	63.220001757	172.842000000	PC	4	496	2166	40	1791442628925021.276	1791442628925081.936	60.66	2165	2167	1791442628925018.756	1791442628925081.956	0.02	0.02	2.52	0.02	63.2	-0.020001756999995735	2.560001757000002	2.54	11009	1791442628924970.680	7.84	5.06	9.75	8.91	132.92	1	1	3.54	3.96	50.596	49.656	2162	105.724
701	1	18	13	0	1	C	C	A	0x12c041600000	C	A	700	conditioner	C	0	1	1	0	39.239998907	96.220000000	PC	4	496	2170	40	1791442628925155.036	1791442628925174.296	19.26	2169	2171	1791442628925149.516	1791442628925188.776	0.02	0.0	5.52	14.48	39.26	0.02000109299999764	19.979998907	20.0	11022	1791442628925144.430	8.22	5.35	9.56	9.54	55.62	1	1	3.22	4.08	10.606	9.676	2166	73.1
702	1	18	13	0	1	C	C	A	0x12c041600000	C	A	701	probe	C	0	1	1	0	21.180000156	89.591000000	PC	4	496	2173	40	1791442628925255.920	1791442628925275.080	19.16	2172	2174	1791442628925253.940	1791442628925275.100	0.02	0.02	1.98	0.02	21.16	-0.02000015599999827	2.0200001559999983	2.0	11034	1791442628925240.950	7.6	4.82	9.34	8.98	51.18	1	1	2.92	3.73	14.97	13.99	2170	81.624
703	1	18	13	1	0	C	C	B	0x12c041800000	C	A	702	conditioner	C	0	1	1	0	45.620001853	207.062000000	PC	4	496	2176	40	1791442628925349.600	1791442628925363.940	14.34	2175	2177	1791442628925344.520	1791442628925390.120	0.02	0.02	5.08	26.18	45.6	-0.020001852999996572	31.280001852999998	31.26	11046	1791442628925331.050	8.18	5.53	8.98	8.9	168.99	1	1	2.78	4.05	18.55	17.63	2173	74.52
704	1	18	13	1	0	P	P	B	0x12c041800000	C	B	703	probe	C	0	1	1	0	73.799997568	133.711000000	PC	4	496	2180	40	1791442628925595.044	1791442628925611.468	16.424	2179	2181	1791442628925537.684	1791442628925611.488	0.02	0.02	57.36	0.02	73.804	0.004002432000007161	57.375997567999995	57.38	11058	1791442628925540.690	8.33	5.21	9.65	9.01	93.99	1	1	3.14	3.69	54.354	53.304	2176	231.104
705	1	19	2	0	0	P	P	B	0x12c041800000	P	B	704	conditioner	P	1	0	0	0	45.759998262	162.501000000	PC	4	496	2184	40	1791442628925734.788	1791442628925778.368	43.58	2183	2185	1791442628925732.628	1791442628925778.408	0.02	0.0	2.16	0.04	45.78	0.020001737999997715	2.179998262000005	2.2	11071	1791442628925676.030	8.11	5.09	9.76	9.98	122.1	1	1	3.17	3.83	58.758	57.788	2180	123.32
706	1	19	2	0	0	P	P	A	0x12c041600000	P	B	705	probe	P	1	0	0	0	17.859999090	109.791000000	PC	4	496	2188	40	1791442628925876.512	1791442628925891.072	14.56	2187	2189	1791442628925873.232	1791442628925891.112	0.02	0.0	3.28	0.04	17.88	0.02000091000000026	3.2999990899999982	3.32	11084	1791442628925839.090	7.72	5.05	9.27	9.15	71.16	1	1	3.11	3.76	37.422	36.432	2184	98.144
707	1	19	2	1	1	P	P	A	0x12c041600000	P	A	706	conditioner	P	1	0	0	0	24.879999459	266.792000000	PC	4	496	2191	40	1791442628925995.932	1791442628926013.196	17.264	2190	2192	1791442628925988.352	1791442628926013.216	0.02	0.02	7.58	0.02	24.864	-0.01599945899999966	7.615999459000001	7.6	11096	1791442628925950.250	7.56	4.84	9.24	8.65	228.91	1	1	3.1	3.77	45.682	44.702	2188	104.86
708	1	19	2	1	1	C	C	B	0x12c041800000	P	A	707	probe	P	1	0	0	0	412.099987268	466.303000000	PC	4	496	2195	40	1791442628926337.300	1791442628926624.228	286.928	2194	2196	1791442628926212.140	1791442628926624.248	0.02	0.02	125.16	0.02	412.108	0.008012731999997413	125.17198726800001	125.18	11108	1791442628926219.250	8.43	5.08	9.55	9.09	425.77	1	1	3.07	3.91	118.05	117.08	2191	324.104
709	1	20	23	0	0	C	C	A	0x12c041600000	C	B	708	conditioner	C	1	1	0	1	187.360003591	255.542000000	PC	4	496	2199	40	1791442628926693.068	1791442628926708.888	15.82	2198	2200	1791442628926690.648	1791442628926878.012	0.02	0.02	2.42	169.124	187.364	0.003996408999995538	171.54000359100002	171.544	11121	1791442628926686.550	8.03	5.22	9.56	9.59	215.48	1	1	3.05	3.95	6.518	5.628	2195	68.84
710	1	20	23	0	0	C	C	B	0x12c041800000	C	A	709	probe	C	1	1	0	1	30.060000718	217.411000000	PC	4	496	2203	40	1791442628927075.056	1791442628927102.416	27.36	2202	2204	1791442628927072.376	1791442628927102.436	0.02	0.02	2.68	0.02	30.06	-7.180000025641675e-07	2.700000718000002	2.7	11134	1791442628926943.640	7.98	4.94	9.46	9.53	176.84	1	1	3.55	4.26	131.416	130.406	2199	366.168
711	1	20	23	1	1	C	C	B	0x12c041800000	C	B	710	conditioner	C	1	1	0	1	111.780002713	175.422000000	PC	4	496	2207	40	1791442628927169.496	1791442628927205.940	36.444	2206	2208	1791442628927167.176	1791442628927278.960	0.02	0.02	2.32	73.02	111.784	0.003997287000004235	75.336002713	75.34	11147	1791442628927162.170	7.88	4.99	9.74	9.57	135.39	1	1	3.25	3.99	7.326	6.316	2203	67.08
712	1	20	23	1	1	P	P	A	0x12c041600000	C	B	711	probe	C	1	1	0	1	23.860000074	104.001000000	PC	4	496	2211	40	1791442628927367.600	1791442628927385.520	17.92	2210	2212	1791442628927361.700	1791442628927385.540	0.02	0.02	5.9	0.02	23.84	-0.02000007399999859	5.940000073999997	5.92	11160	1791442628927339.140	8.24	5.1	9.53	9.0	63.49	1	1	3.4	4.16	28.46	27.45	2207	161.66
713	1	21	12	0	1	P	P	A	0x12c041600000	P	A	712	conditioner	P	0	1	1	0	24.739999324	162.121000000	PC	4	496	2214	40	1791442628927481.044	1791442628927498.464	17.42	2213	2215	1791442628927473.744	1791442628927498.484	0.02	0.02	7.3	0.02	24.74	6.759999990890719e-07	7.319999323999998	7.32	11172	1791442628927443.680	7.74	5.01	9.74	8.82	123.22	1	1	3.01	3.85	37.364	36.434	2211	95.524
714	1	21	12	0	1	C	C	A	0x12c041600000	P	A	713	probe	P	0	1	1	0	22.399999201	195.011000000	PC	4	496	2218	40	1791442628927686.068	1791442628927705.708	19.64	2217	2219	1791442628927683.328	1791442628927705.748	0.02	0.0	2.74	0.04	22.42	0.020000799000001734	2.7599992009999994	2.78	11184	1791442628927608.710	8.35	5.53	10.84	9.45	152.98	1	1	3.22	4.07	77.358	76.388	2214	187.604
715	1	21	12	1	0	P	P	B	0x12c041800000	C	A	714	conditioner	P	0	1	1	0	110.679998994	173.061000000	PC	4	496	2222	40	1791442628927818.032	1791442628927839.712	21.68	2221	2223	1791442628927803.308	1791442628927913.992	0.02	0.02	14.724	74.28	110.684	0.004001005999995755	88.99999899400001	89.004	11198	1791442628927806.950	10.22	6.62	11.17	10.37	126.43	1	1	4.05	4.46	11.082	9.982	2218	112.324
716	1	21	12	1	0	P	P	B	0x12c041800000	P	B	715	probe	P	0	1	1	0	25.140000507	94.431000000	PC	4	496	2226	40	1791442628927997.472	1791442628928015.556	18.084	2225	2227	1791442628927990.452	1791442628928015.576	0.02	0.02	7.02	0.02	25.124	-0.016000507000001107	7.056000507	7.04	11211	1791442628927979.790	8.46	5.5	9.83	9.51	52.96	1	1	3.84	4.02	17.682	16.672	2222	157.76
717	1	22	1	0	0	C	C	A	0x12c041600000	P	B	716	conditioner	C	0	0	0	0	21.239999682	181.381000000	PC	4	496	2229	40	1791442628928178.396	1791442628928197.196	18.8	2228	2230	1791442628928175.976	1791442628928197.216	0.02	0.02	2.42	0.02	21.24	3.1799999788972855e-07	2.439999682	2.44	11223	1791442628928074.990	7.95	4.92	9.44	9.17	141.46	1	1	3.18	3.83	103.406	102.376	2226	162.84
718	1	22	1	0	0	P	P	A	0x12c041600000	C	A	717	probe	C	0	0	0	0	27.179999277	104.001000000	PC	4	496	2233	40	1791442628928284.860	1791442628928309.520	24.66	2232	2234	1791442628928282.360	1791442628928309.540	0.02	0.02	2.5	0.02	27.18	7.229999994251557e-07	2.519999277	2.52	11236	1791442628928257.080	8.01	5.03	9.3	9.14	64.69	1	1	3.19	4.17	27.78	26.81	2229	87.664
719	1	22	1	1	1	C	C	B	0x12c041800000	P	A	718	conditioner	C	0	0	0	0	52.700001746	126.201000000	PC	4	496	2236	40	1791442628928378.060	1791442628928427.624	49.564	2235	2237	1791442628928374.960	1791442628928427.644	0.0	0.02	3.1	0.02	52.684	-0.016001746000000594	3.136001745999998	3.12	11248	1791442628928362.780	7.92	4.9	9.85	9.94	85.91	1	1	2.97	3.78	15.28	14.29	2233	68.54
720	1	22	1	1	1	C	C	B	0x12c041800000	C	B	719	probe	C	0	0	0	0	167.459994555	226.872000000	PC	4	496	2240	40	1791442628928639.288	1791442628928655.988	16.7	2239	2241	1791442628928488.564	1791442628928656.008	0.02	0.02	150.724	0.02	167.444	-0.015994555000020227	150.75999455500002	150.744	11260	1791442628928490.730	12.43	9.52	9.58	9.24	182.22	1	1	3.26	3.79	148.558	147.598	2236	211.664
721	1	23	22	0	0	P	P	A	0x12c041600000	C	B	720	conditioner	P	1	1	0	1	23.940000683	201.721000000	PC	4	496	2244	40	1791442628928842.212	1791442628928859.692	17.48	2243	2245	1791442628928835.792	1791442628928859.712	0.02	0.02	6.42	0.02	23.92	-0.020000682999999242	6.4600006830000005	6.44	11273	1791442628928719.980	8.31	5.21	10.55	9.11	160.26	1	1	3.93	3.81	122.232	121.232	2240	186.224
722	1	23	22	0	0	C	C	B	0x12c041800000	P	A	721	probe	P	1	1	0	1	243.699997663	418.493000000	PC	4	496	2248	40	1791442628929037.896	1791442628929278.800	240.904	2247	2249	1791442628929035.136	1791442628929278.820	0.0	0.02	2.76	0.02	243.684	-0.01599766300000738	2.7959976630000085	2.78	11287	1791442628928921.880	8.18	5.15	10.2	9.44	377.7	1	1	3.13	3.81	116.016	114.976	2244	178.204
723	1	23	22	1	1	P	P	B	0x12c041800000	C	B	722	conditioner	P	1	1	0	1	56.359998882	116.541000000	PC	4	496	2252	40	1791442628929344.180	1791442628929361.480	17.3	2251	2253	1791442628929341.980	1791442628929398.360	0.02	0.0	2.2	36.88	56.38	0.02000111800000326	39.059998882	39.08	11300	1791442628929341.970	8.61	5.3	10.32	9.14	75.52	1	1	3.35	3.88	2.21	1.24	2248	65.38
724	1	23	22	1	1	P	P	A	0x12c041600000	P	B	723	probe	P	1	1	0	1	19.400000572	100.391000000	PC	4	496	2255	40	1791442628929484.524	1791442628929502.224	17.7	2254	2256	1791442628929482.844	1791442628929502.244	0.02	0.02	1.68	0.02	19.4	-5.720000011422144e-07	1.7000005720000004	1.7	11312	1791442628929458.440	7.68	5.11	9.69	9.16	61.25	1	1	3.05	3.83	26.084	25.214	2252	123.044
725	1	24	11	0	1	C	C	A	0x12c041600000	P	A	724	conditioner	C	1	0	1	0	25.019999593	147.061000000	PC	4	496	2258	40	1791442628929630.788	1791442628929647.348	16.56	2257	2259	1791442628929622.368	1791442628929647.368	0.02	0.02	8.42	0.02	25.0	-0.019999593000001425	8.459999593000003	8.44	11324	1791442628929560.200	8.22	5.09	9.64	9.09	107.87	1	1	3.01	3.65	70.588	69.628	2255	128.564
726	1	24	11	0	1	C	C	B	0x12c041800000	C	A	725	probe	C	1	0	1	0	42.139999568	89.121000000	PC	4	496	2262	40	1791442628929719.968	1791442628929744.108	24.14	2261	2263	1791442628929701.988	1791442628929744.128	0.02	0.02	17.98	0.02	42.14	4.320000002167035e-07	17.999999568	18.0	11338	1791442628929708.530	7.7	4.93	9.58	9.27	49.33	1	1	3.16	4.41	11.438	10.438	2258	72.62
727	1	24	11	1	0	C	C	B	0x12c041800000	C	B	726	conditioner	C	1	0	1	0	31.120000407	132.691000000	PC	4	496	2265	40	1791442628929843.932	1791442628929873.412	29.48	2264	2266	1791442628929842.312	1791442628929873.432	0.02	0.02	1.62	0.02	31.12	-4.069999981481942e-07	1.6400004069999987	1.64	11350	1791442628929799.170	7.28	4.77	10.02	9.05	93.74	1	1	2.96	3.98	44.762	43.902	2262	99.824
728	1	24	11	1	0	P	P	A	0x12c041600000	C	B	727	probe	C	1	0	1	0	134.240001440	192.741000000	PC	4	496	2269	40	1791442628930045.956	1791442628930063.296	17.34	2268	2270	1791442628929929.072	1791442628930063.316	0.0	0.02	116.884	0.02	134.244	0.00399856000001364	116.90000143999998	116.904	11363	1791442628929932.060	8.27	5.47	9.37	9.11	153.24	1	1	3.0	3.78	113.896	113.016	2265	172.544
729	1	25	0	0	0	P	P	A	0x12c041600000	P	A	728	conditioner	P	0	0	0	0	133.799999952	200.142000000	PC	4	496	2273	40	1791442628930242.860	1791442628930259.720	16.86	2272	2274	1791442628930125.936	1791442628930259.740	0.02	0.02	116.924	0.02	133.804	0.004000047999994649	116.93999995200001	116.944	11376	1791442628930127.020	9.93	5.54	10.12	10.83	155.54	1	1	3.13	4.15	115.84	114.34	2269	179.564
730	1	25	0	0	0	P	P	A	0x12c041600000	P	A	729	probe	P	0	0	0	0	41.799999774	210.471000000	PC	4	496	2277	40	1791442628930437.504	1791442628930476.624	39.12	2276	2278	1791442628930434.844	1791442628930476.644	0.02	0.02	2.66	0.02	41.8	2.2599999738304177e-07	2.6799997740000023	2.68	11389	1791442628930328.160	8.02	5.05	9.99	9.46	170.63	1	1	3.14	3.96	109.344	108.364	2273	177.784
731	1	25	0	1	1	P	P	B	0x12c041800000	P	A	730	conditioner	P	0	0	0	0	30.799999833	182.251000000	PC	4	496	2281	40	1791442628930639.788	1791442628930663.008	23.22	2280	2282	1791442628930632.228	1791442628930663.028	0.02	0.02	7.56	0.02	30.8	1.6699999960678724e-07	7.579999833000002	7.58	11402	1791442628930539.930	8.01	5.17	9.35	9.02	142.38	1	1	3.1	4.05	99.858	98.928	2277	163.164
732	1	25	0	1	1	C	C	B	0x12c041800000	P	B	731	probe	P	0	0	0	0	24.320000783	188.641000000	PC	4	496	2285	40	1791442628930829.912	1791442628930851.772	21.86	2284	2286	1791442628930827.492	1791442628930851.792	0.02	0.02	2.42	0.02	24.3	-0.02000078300000041	2.4600007830000017	2.44	11415	1791442628930723.670	9.13	5.24	9.74	9.4	146.79	1	1	3.21	3.92	106.242	104.682	2281	166.904
733	1	26	21	0	0	C	C	B	0x12c041800000	C	B	732	conditioner	C	0	1	0	1	108.539998531	162.631000000	PC	4	496	2289	40	1791442628930993.172	1791442628931014.036	20.864	2288	2290	1791442628930905.512	1791442628931014.052	0.02	0.024	87.66	0.016	108.54	1.469000011411481e-06	87.67599853099999	87.676	11428	1791442628930913.640	8.36	5.56	9.94	9.1	121.79	1	1	3.21	3.83	79.532	78.592	2285	141.4
734	1	26	21	0	0	C	C	B	0x12c041800000	C	B	733	probe	C	0	1	0	1	74.380002916	126.531000000	PC	4	496	2293	40	1791442628931085.956	1791442628931117.536	31.58	2292	2294	1791442628931071.936	1791442628931146.336	0.02	0.02	14.02	28.8	74.4	0.019997084000010545	42.800002916	42.82	11441	1791442628931077.510	8.95	5.69	9.33	9.59	85.24	1	1	3.13	3.87	8.446	7.406	2289	71.92
735	1	26	21	1	1	C	C	A	0x12c041600000	C	B	734	conditioner	C	0	1	0	1	24.219999090	140.671000000	PC	4	496	2297	40	1791442628931269.320	1791442628931286.640	17.32	2296	2298	1791442628931262.420	1791442628931286.660	0.02	0.02	6.9	0.02	24.24	0.020000909999996708	6.8999990900000014	6.92	11454	1791442628931205.860	8.31	4.99	10.34	9.65	99.26	1	1	3.25	3.9	63.46	62.43	2293	151.784
736	1	26	21	1	1	P	P	A	0x12c041600000	C	A	735	probe	C	0	1	0	1	21.940000355	187.901000000	PC	4	496	2301	40	1791442628931460.624	1791442628931478.064	17.44	2300	2302	1791442628931456.144	1791442628931478.104	0.02	0.0	4.48	0.04	21.96	0.019999645000002175	4.500000354999997	4.52	11468	1791442628931347.950	8.64	5.3	10.13	9.14	146.55	1	1	3.38	4.0	112.674	111.554	2297	173.984
737	1	27	10	0	1	P	P	A	0x12c041600000	P	A	736	conditioner	P	1	0	1	0	21.940000355	94.321000000	PC	4	496	2305	40	1791442628931557.804	1791442628931577.364	19.56	2304	2306	1791442628931555.424	1791442628931577.384	0.02	0.02	2.38	0.02	21.96	0.019999645000002175	2.380000355	2.4	11481	1791442628931538.710	9.06	5.48	11.24	9.3	51.52	1	1	3.53	3.97	19.094	17.854	2301	79.74
738	1	27	10	0	1	C	C	B	0x12c041800000	P	A	737	probe	P	1	0	1	0	334.120005369	408.343000000	PC	4	496	2308	40	1791442628931639.948	1791442628931971.612	331.664	2307	2309	1791442628931637.488	1791442628931971.632	0.02	0.02	2.46	0.02	334.144	0.02399463099999366	2.4560053690000245	2.48	11493	1791442628931633.060	7.96	5.09	9.62	9.39	367.67	1	1	3.4	4.05	6.888	5.818	2305	62.584
739	1	27	10	1	0	P	P	B	0x12c041800000	C	B	738	conditioner	P	1	0	1	0	78.759998083	150.241000000	PC	4	496	2312	40	1791442628932056.996	1791442628932074.256	17.26	2311	2313	1791442628932051.936	1791442628932130.716	0.02	0.02	5.06	56.46	78.78	0.020001917000001868	61.499998082999994	61.52	11506	1791442628932046.790	9.7	6.05	11.83	9.55	104.38	1	1	4.1	4.47	10.206	9.256	2308	85.384
740	1	27	10	1	0	P	P	A	0x12c041600000	P	B	739	probe	P	1	0	1	0	25.140000507	119.391000000	PC	4	496	2316	40	1791442628932237.340	1791442628932254.580	17.24	2315	2317	1791442628932229.460	1791442628932254.600	0.02	0.02	7.88	0.02	25.14	-5.06999999316804e-07	7.9000005070000014	7.9	11519	1791442628932194.760	8.29	5.29	9.47	9.31	79.44	1	1	3.31	3.94	42.58	41.57	2312	163.084
741	1	28	31	0	1	C	C	B	0x12c041800000	P	A	740	conditioner	C	1	1	1	1	21.320000291	163.381000000	PC	4	496	2319	40	1791442628932405.620	1791442628932423.584	17.964	2318	2320	1791442628932402.280	1791442628932423.604	0.02	0.02	3.34	0.02	21.324	0.003999709000002127	3.356000291000001	3.36	11531	1791442628932316.910	8.62	4.71	9.5	9.58	120.98	1	1	3.19	4.3	88.71	87.76	2316	151.04
742	1	28	31	0	1	P	P	A	0x12c041600000	C	B	741	probe	C	1	1	1	1	24.340000004	193.552000000	PC	4	496	2323	40	1791442628932593.884	1791442628932615.628	21.744	2322	2324	1791442628932591.324	1791442628932615.668	0.02	0.0	2.56	0.04	24.344	0.003999996000001005	2.5960000040000004	2.6	11544	1791442628932480.370	8.45	4.84	9.54	9.61	153.27	1	1	3.48	3.85	113.514	112.034	2319	170.3
743	1	28	31	1	0	C	C	A	0x12c041600000	P	A	742	conditioner	C	1	1	1	1	16.140000895	183.811000000	PC	4	496	2327	40	1791442628932789.008	1791442628932802.508	13.5	2326	2328	1791442628932786.408	1791442628932802.528	0.02	0.02	2.6	0.02	16.12	-0.02000089499999902	2.640000895	2.62	11557	1791442628932675.630	8.42	5.2	9.5	9.07	142.64	1	1	3.37	3.91	113.378	112.428	2323	173.38
744	1	28	31	1	0	C	C	B	0x12c041800000	C	A	743	probe	C	1	1	1	1	17.419999465	183.851000000	PC	4	496	2331	40	1791442628932971.912	1791442628932985.732	13.82	2330	2332	1791442628932968.352	1791442628932985.752	0.02	0.02	3.56	0.02	17.4	-0.019999465000001493	3.599999465	3.58	11571	1791442628932860.570	8.08	5.0	9.55	9.24	143.33	1	1	3.22	4.05	111.342	110.282	2327	169.404
745	1	29	20	0	0	P	P	B	0x12c041800000	C	B	744	conditioner	P	0	1	0	1	16.179999337	143.072000000	PC	4	496	2335	40	1791442628933119.416	1791442628933132.916	13.5	2334	2336	1791442628933116.776	1791442628933132.936	0.02	0.02	2.64	0.02	16.16	-0.01999933700000156	2.6799993370000017	2.66	11585	1791442628933046.630	8.02	5.03	9.81	9.28	102.14	1	1	3.3	3.95	72.786	71.706	2331	133.684
746	1	29	20	0	0	C	C	B	0x12c041800000	P	B	745	probe	P	0	1	0	1	179.340004921	234.901000000	PC	4	496	2339	40	1791442628933197.796	1791442628933211.420	13.624	2338	2340	1791442628933184.596	1791442628933363.960	0.02	0.02	13.2	152.54	179.364	0.023995079000002306	165.716004921	165.74	11598	1791442628933191.330	8.58	5.52	9.37	9.4	193.61	1	1	3.32	4.13	6.466	5.416	2335	64.88
747	1	29	20	1	1	P	P	A	0x12c041600000	C	B	746	conditioner	P	0	1	0	1	16.380000859	246.822000000	PC	4	496	2343	40	1791442628933601.904	1791442628933615.684	13.78	2342	2344	1791442628933599.324	1791442628933615.708	0.02	0.016	2.58	0.024	16.384	0.003999141000001316	2.6000008589999997	2.604	11611	1791442628933428.680	8.75	4.99	10.16	9.27	205.31	1	1	3.53	4.24	173.224	171.724	2339	390.484
748	1	29	20	1	1	P	P	A	0x12c041600000	P	A	747	probe	P	0	1	0	1	14.700000174	115.651000000	PC	4	496	2347	40	1791442628933717.648	1791442628933729.128	11.48	2346	2348	1791442628933714.468	1791442628933729.148	0.02	0.02	3.18	0.02	14.68	-0.02000017399999976	3.220000173999999	3.2	11624	1791442628933676.450	8.54	4.92	9.98	9.28	74.72	1	1	3.27	3.91	41.198	40.228	2343	101.964
749	1	30	9	0	1	C	C	B	0x12c041800000	P	A	748	conditioner	C	0	0	1	0	17.400000244	93.401000000	PC	4	496	2350	40	1791442628933820.932	1791442628933834.192	13.26	2349	2351	1791442628933816.812	1791442628933834.212	0.016	0.02	4.12	0.02	17.4	-2.4400000242508213e-07	4.140000244000001	4.14	11636	1791442628933793.280	7.85	4.86	9.49	8.99	54.06	1	1	2.9	3.8	27.652	26.652	2347	91.804
750	1	30	9	0	1	C	C	B	0x12c041800000	C	B	749	probe	C	0	0	1	0	14.600000344	92.980000000	PC	4	496	2353	40	1791442628933908.912	1791442628933920.192	11.28	2352	2354	1791442628933905.612	1791442628933920.212	0.0	0.02	3.3	0.02	14.6	-3.440000000409782e-07	3.3200003440000003	3.32	11648	1791442628933887.180	7.55	4.75	9.57	9.23	54.17	1	1	2.83	3.95	21.732	20.782	2350	74.72
751	1	30	9	1	0	C	C	A	0x12c041600000	C	B	750	conditioner	C	0	0	1	0	24.299999699	88.001000000	PC	4	496	2356	40	1791442628933992.152	1791442628934005.952	13.8	2355	2357	1791442628933988.732	1791442628934013.052	0.02	0.0	3.42	7.1	24.32	0.02000030099999961	10.499999699	10.52	11660	1791442628933981.960	7.44	4.59	9.43	8.95	50.03	1	1	2.66	3.72	10.192	9.232	2353	71.96
752	1	30	9	1	0	P	P	A	0x12c041600000	C	A	751	probe	C	0	0	1	0	14.820000157	131.491000000	PC	4	496	2359	40	1791442628934129.576	1791442628934141.516	11.94	2358	2360	1791442628934126.716	1791442628934141.536	0.0	0.02	2.86	0.02	14.82	-1.5700000055574037e-07	2.8800001570000013	2.88	11672	1791442628934070.520	7.45	4.65	9.26	8.92	93.92	1	1	2.53	3.77	59.056	58.236	2356	123.624
753	1	31	30	0	1	P	P	B	0x12c041800000	P	A	752	conditioner	P	1	1	1	1	16.119999811	130.561000000	PC	4	496	2363	40	1791442628934260.080	1791442628934273.220	13.14	2362	2364	1791442628934257.120	1791442628934273.240	0.02	0.02	2.96	0.02	16.12	1.890000014270754e-07	2.979999810999999	2.98	11686	1791442628934205.080	8.01	5.13	10.0	9.18	89.99	1	1	3.29	4.05	55.0	54.08	2359	118.564
754	1	31	30	0	1	P	P	A	0x12c041600000	P	B	753	probe	P	1	1	1	1	127.159997821	181.931000000	PC	4	496	2367	40	1791442628934438.584	1791442628934456.424	17.84	2366	2368	1791442628934329.300	1791442628934456.444	0.0	0.02	109.284	0.02	127.144	-0.015997820999999135	109.319997821	109.304	11700	1791442628934336.860	7.89	4.98	9.93	10.17	141.37	1	1	3.04	4.0	101.724	100.744	2363	165.364
755	1	31	30	1	0	P	P	A	0x12c041600000	P	A	754	conditioner	P	1	1	1	1	22.579999641	191.932000000	PC	4	496	2371	40	1791442628934632.068	1791442628934651.928	19.86	2370	2372	1791442628934629.368	1791442628934651.948	0.02	0.02	2.7	0.02	22.58	3.589999977293701e-07	2.719999641000001	2.72	11713	1791442628934520.320	7.85	5.02	9.59	9.22	151.97	1	1	3.34	4.33	111.748	110.778	2367	175.644
756	1	31	30	1	0	C	C	B	0x12c041800000	P	A	755	probe	P	1	1	1	1	19.680000842	178.671000000	PC	4	496	2375	40	1791442628934817.828	1791442628934835.192	17.364	2374	2376	1791442628934815.532	1791442628934835.212	0.016	0.02	2.296	0.02	19.68	-8.419999986131188e-07	2.3160008419999976	2.316	11726	1791442628934713.460	8.49	5.12	9.19	9.14	138.14	1	1	3.36	3.85	104.368	103.388	2371	165.9
