launch_ordinal	block	pair	cell	position	logical_slot	side	actual_library	output_slot	output_address	previous_library	previous_output_slot	previous_ordinal	role	condition_library	condition_other_output	address_swap	first_slot	kernel_swap	device_us	wall_us	phase	device_id	stream_id	task_id	block_dim	kernel_start_us	kernel_stop_us	kernel_us	start_record_task_id	stop_record_task_id	start_record_us	stop_record_us	start_record_duration_us	stop_record_duration_us	start_record_to_kernel_us	kernel_to_stop_record_us	trace_interval_us	interval_error_us	event_minus_kernel_us	trace_event_outside_kernel_us	host_connection_id	host_node_start_us	host_node_us	host_runtime_launch_us	host_record_start_us	host_record_stop_us	host_sync_us	host_alloc_count	host_free_count	host_alloc_us	host_free_us	device_start_minus_host_node_us	device_start_minus_host_runtime_us	previous_task_id	previous_kernel_to_current_us
125	0	0	7	0	0	C	C	A	0x12c041a00000	C	B	124	conditioner	C	1	1	0	0	84.299996495	249.282000000	PP	4	460	245	32	1791442614079952.734	1791442614080034.634	81.9	244	246	1791442614079950.354	1791442614080034.654	0.02	0.02	2.38	0.02	84.3	3.504999995129765e-06	2.3999964949999963	2.4	4203	1791442614079895.732	8.1	4.99	35.77	12.56	178.17	1	1	3.48	4.13	57.002	56.002	242	153.344
126	0	0	7	0	0	P1	P	B	0x12c041e00000	C	A	125	probe	C	1	1	0	0	51.879998296	166.931000000	PP	4	460	249	40	1791442614080173.878	1791442614080219.518	45.64	248	250	1791442614080167.678	1791442614080219.538	0.02	0.02	6.2	0.02	51.86	-0.01999829599999714	6.239998295999996	6.22	4215	1791442614080138.232	10.12	6.07	21.18	22.4	97.92	1	1	3.87	4.8	35.646	34.186	245	139.244
127	0	0	7	1	1	C	C	B	0x12c041e00000	P	B	126	conditioner	C	1	1	0	0	57.819999754	122.351000000	PP	4	460	253	32	1791442614080320.678	1791442614080355.642	34.964	252	254	1791442614080309.898	1791442614080367.722	0.02	0.02	10.78	12.08	57.824	0.004000245999996821	22.855999754000003	22.86	4227	1791442614080300.692	9.81	6.72	15.47	16.85	66.45	1	1	3.81	4.07	19.986	18.816	249	101.16
128	0	0	7	1	1	P2	P	A	0x12c041a00000	C	B	127	probe	C	1	1	0	0	43.779999018	160.911000000	PP	4	460	256	40	1791442614080467.662	1791442614080508.462	40.8	255	257	1791442614080464.702	1791442614080508.482	0.02	0.02	2.96	0.02	43.78	9.820000030913434e-07	2.979999018000001	2.98	4239	1791442614080423.022	9.69	6.85	14.72	14.69	108.53	1	1	3.09	4.05	44.64	43.63	253	112.02
129	0	1	20	0	0	P	P	B	0x12c041e00000	P	A	128	conditioner	P	0	1	0	1	29.920000583	162.921000000	PP	4	460	260	40	1791442614080662.546	1791442614080690.006	27.46	259	261	1791442614080660.106	1791442614080690.026	0.02	0.02	2.44	0.02	29.92	-5.829999984996448e-07	2.4600005829999994	2.46	4251	1791442614080586.672	8.97	6.03	15.29	15.21	109.51	1	1	3.71	4.36	75.874	74.684	256	154.084
130	0	1	20	0	0	P2	P	B	0x12c041e00000	P	B	129	probe	P	0	1	0	1	159.140005708	224.772000000	PP	4	460	264	40	1791442614080774.950	1791442614080810.910	35.96	263	265	1791442614080756.550	1791442614080915.690	0.02	0.02	18.4	104.78	159.14	-5.708000003323832e-06	123.18000570799998	123.18	4264	1791442614080749.852	9.77	6.76	14.35	14.56	172.74	1	1	3.52	3.97	25.098	23.858	260	84.944
131	0	1	20	1	1	P	P	A	0x12c041a00000	P	B	130	conditioner	P	0	1	0	1	32.979998738	213.271000000	PP	4	460	268	40	1791442614081100.974	1791442614081131.954	30.98	267	269	1791442614081098.994	1791442614081131.974	0.02	0.02	1.98	0.02	32.98	1.2619999978369378e-06	1.9999987379999986	2.0	4277	1791442614080976.762	9.18	6.36	15.22	15.56	160.25	1	1	3.34	4.13	124.212	123.132	264	290.064
132	0	1	20	1	1	P1	P	A	0x12c041a00000	P	A	131	probe	P	0	1	0	1	40.219999850	197.242000000	PP	4	460	272	40	1791442614081294.378	1791442614081329.838	35.46	271	273	1791442614081289.658	1791442614081329.858	0.02	0.02	4.72	0.02	40.2	-0.01999984999999782	4.75999985	4.74	4290	1791442614081192.182	9.56	6.68	15.49	14.53	144.45	1	1	3.44	4.01	102.196	101.106	268	162.424
133	0	2	1	0	0	C	C	A	0x12c041a00000	P	A	132	conditioner	C	0	0	0	0	44.980000705	190.541000000	PP	4	460	276	32	1791442614081483.982	1791442614081521.402	37.42	275	277	1791442614081476.442	1791442614081521.422	0.02	0.02	7.54	0.02	44.98	-7.050000050412564e-07	7.560000705	7.56	4303	1791442614081390.812	9.85	6.36	14.85	14.99	136.87	1	1	3.66	4.14	93.17	91.82	272	154.144
134	0	2	1	0	0	P1	P	A	0x12c041a00000	C	A	133	probe	C	0	0	0	0	105.599999428	175.252000000	PP	4	460	280	40	1791442614081666.286	1791442614081697.146	30.86	279	281	1791442614081591.586	1791442614081697.166	0.02	0.02	74.7	0.02	105.58	-0.019999428000005537	74.739999428	74.72	4316	1791442614081582.702	9.67	6.58	14.57	15.35	121.86	1	1	3.88	4.06	83.584	82.284	276	144.884
135	0	2	1	1	1	C	C	B	0x12c041e00000	P	A	134	conditioner	C	0	0	0	0	350.840002298	430.153000000	PP	4	460	284	32	1791442614081775.650	1791442614082123.974	348.324	283	285	1791442614081773.130	1791442614082123.994	0.02	0.02	2.52	0.02	350.864	0.023997701999974197	2.5160022979999894	2.54	4329	1791442614081759.752	9.53	6.26	14.42	15.66	375.83	1	1	4.15	4.38	15.898	14.628	280	78.504
136	0	2	1	1	1	P2	P	B	0x12c041e00000	C	B	135	probe	C	0	0	0	0	205.259993672	274.452000000	PP	4	460	288	40	1791442614082370.942	1791442614082403.402	32.46	287	289	1791442614082198.138	1791442614082403.422	0.02	0.02	172.804	0.02	205.284	0.024006327999984478	172.799993672	172.824	4342	1791442614082191.552	10.18	6.82	15.01	14.82	219.56	1	1	3.84	5.14	179.39	177.94	284	246.968
137	0	3	14	0	1	P	P	B	0x12c041e00000	P	B	136	conditioner	P	1	1	1	0	33.560000360	117.881000000	PP	4	460	292	40	1791442614082505.002	1791442614082536.222	31.22	291	293	1791442614082502.662	1791442614082536.242	0.02	0.02	2.34	0.02	33.58	0.01999964000000176	2.3400003599999977	2.36	4355	1791442614082467.072	9.43	6.32	14.57	15.75	63.64	1	1	3.47	4.69	37.93	36.83	288	101.6
138	0	3	14	0	1	P2	P	A	0x12c041a00000	P	B	137	probe	P	1	1	1	0	109.619997442	186.041000000	PP	4	460	295	40	1791442614082602.266	1791442614082710.106	107.84	294	296	1791442614082600.506	1791442614082710.126	0.02	0.02	1.76	0.02	109.62	2.5580000055924756e-06	1.7799974419999955	1.78	4367	1791442614082585.622	8.14	5.62	14.61	15.44	135.08	1	1	3.06	3.94	16.644	15.624	292	66.044
139	0	3	14	1	0	P	P	A	0x12c041a00000	P	A	138	conditioner	P	1	1	1	0	37.980001420	257.792000000	PP	4	460	299	40	1791442614082837.910	1791442614082868.410	30.5	298	300	1791442614082830.450	1791442614082868.430	0.02	0.02	7.46	0.02	37.98	-1.420000003804489e-06	7.480001420000001	7.48	4380	1791442614082773.152	8.8	6.18	14.57	14.25	207.19	1	1	3.43	3.92	64.758	63.828	295	127.804
140	0	3	14	1	0	P1	P	B	0x12c041e00000	P	A	139	probe	P	1	1	1	0	150.519996881	221.971000000	PP	4	460	303	40	1791442614083059.094	1791442614083090.074	30.98	302	304	1791442614083043.954	1791442614083194.458	0.02	0.02	15.14	104.384	150.504	-0.015996881000006624	119.539996881	119.524	4392	1791442614083033.812	10.05	6.39	15.33	15.32	168.05	1	1	3.67	3.98	25.282	23.662	299	190.684
141	0	4	27	0	1	C	C	A	0x12c041a00000	P	B	140	conditioner	C	1	0	1	1	168.359994888	233.652000000	PP	4	460	307	32	1791442614083402.742	1791442614083426.562	23.82	306	308	1791442614083258.218	1791442614083426.582	0.02	0.02	144.524	0.02	168.364	0.0040051120000157425	144.539994888	144.544	4405	1791442614083257.732	10.3	6.52	15.59	14.43	178.61	1	1	3.45	4.42	145.01	143.92	303	312.668
142	0	4	27	0	1	P1	P	B	0x12c041e00000	C	A	141	probe	C	1	0	1	1	39.680000395	224.392000000	PP	4	460	311	40	1791442614083623.646	1791442614083656.386	32.74	310	312	1791442614083616.726	1791442614083656.406	0.02	0.02	6.92	0.02	39.68	-3.9500000070802344e-07	6.940000394999998	6.94	4418	1791442614083490.912	8.9	5.81	14.32	15.34	172.38	1	1	3.42	4.08	132.734	131.614	307	197.084
143	0	4	27	1	0	C	C	B	0x12c041e00000	P	B	142	conditioner	C	1	0	1	1	130.960002542	225.891000000	PP	4	460	315	32	1791442614083751.770	1791442614083773.230	21.46	314	316	1791442614083748.350	1791442614083879.310	0.016	0.02	3.42	106.08	130.96	-2.5420000042686297e-06	109.500002542	109.5	4431	1791442614083732.312	9.81	6.22	28.3	17.58	154.64	1	1	4.46	4.19	19.458	18.238	311	95.384
144	0	4	27	1	0	P2	P	A	0x12c041a00000	C	B	143	probe	C	1	0	1	1	38.979999721	258.552000000	PP	4	460	319	40	1791442614084108.354	1791442614084139.894	31.54	318	320	1791442614084100.954	1791442614084139.914	0.02	0.02	7.4	0.02	38.96	-0.019999720999997805	7.4399997209999995	7.42	4444	1791442614083945.162	9.91	6.53	15.0	16.69	202.89	1	1	3.75	4.0	163.192	161.782	315	335.124
145	0	5	8	0	1	P	P	B	0x12c041e00000	P	A	144	conditioner	P	0	0	1	0	27.400000021	203.072000000	PP	4	460	323	40	1791442614084318.618	1791442614084343.578	24.96	322	324	1791442614084316.198	1791442614084343.598	0.02	0.02	2.42	0.02	27.4	-2.100000173754779e-08	2.4400000209999995	2.44	4457	1791442614084205.382	9.5	6.22	15.43	15.45	149.1	1	1	3.61	4.17	113.236	112.076	319	178.724
146	0	5	8	0	1	P2	P	B	0x12c041e00000	P	B	145	probe	P	0	0	1	0	112.420000136	183.321000000	PP	4	460	327	40	1791442614084420.222	1791442614084454.582	34.36	326	328	1791442614084417.082	1791442614084529.502	0.02	0.02	3.14	74.92	112.42	-1.3599999704183574e-07	78.060000136	78.06	4470	1791442614084409.452	9.32	6.5	15.13	15.8	129.49	1	1	3.69	4.13	10.77	9.67	323	76.644
147	0	5	8	1	0	P	P	A	0x12c041a00000	P	B	146	conditioner	P	0	0	1	0	171.939998865	287.342000000	PP	4	460	331	40	1791442614084647.366	1791442614084815.630	168.264	330	332	1791442614084643.686	1791442614084815.650	0.02	0.02	3.68	0.02	171.964	0.02400113499999179	3.675998864999997	3.7	4483	1791442614084593.062	9.2	6.31	14.36	15.23	235.51	1	1	3.63	4.06	54.304	53.214	327	192.784
148	0	5	8	1	0	P1	P	A	0x12c041a00000	P	A	147	probe	P	0	0	1	0	39.459999651	146.301000000	PP	4	460	335	40	1791442614084943.410	1791442614084975.154	31.744	334	336	1791442614084935.730	1791442614084975.194	0.02	0.02	7.68	0.04	39.464	0.0040003490000017905	7.715999650999997	7.72	4496	1791442614084883.692	9.2	6.21	15.52	14.41	92.69	1	1	4.13	4.02	59.718	58.618	331	127.78
149	0	6	21	0	0	C	C	B	0x12c041e00000	P	A	148	conditioner	C	0	1	0	1	149.839997292	214.782000000	PP	4	460	338	32	1791442614085146.854	1791442614085180.778	33.924	337	339	1791442614085030.934	1791442614085180.798	0.02	0.02	115.92	0.02	149.864	0.024002708000011808	115.91599729199999	115.94	4508	1791442614085029.522	9.29	6.21	14.44	16.41	160.25	1	1	3.13	4.45	117.332	116.252	335	171.7
150	0	6	21	0	0	P2	P	B	0x12c041e00000	C	B	149	probe	C	0	1	0	1	41.159998626	214.382000000	PP	4	460	342	40	1791442614085361.082	1791442614085399.882	38.8	341	343	1791442614085358.742	1791442614085399.922	0.02	0.0	2.34	0.04	41.18	0.020001374000003125	2.3599986259999994	2.38	4521	1791442614085246.952	8.92	6.0	15.13	15.81	160.62	1	1	3.46	4.06	114.13	113.0	338	180.304
151	0	6	21	1	1	C	C	A	0x12c041a00000	P	B	150	conditioner	C	0	1	0	1	24.620000273	205.091000000	PP	4	460	346	32	1791442614085591.566	1791442614085613.246	21.68	345	347	1791442614085588.646	1791442614085613.266	0.02	0.02	2.92	0.02	24.62	-2.7299999771912553e-07	2.940000272999999	2.94	4534	1791442614085462.892	9.43	6.41	14.93	15.9	150.1	1	1	3.6	4.51	128.674	127.514	342	191.684
152	0	6	21	1	1	P1	P	A	0x12c041a00000	C	A	151	probe	C	0	1	0	1	174.840003252	253.942000000	PP	4	460	350	40	1791442614085690.066	1791442614085724.526	34.46	349	351	1791442614085685.126	1791442614085859.990	0.02	0.02	4.94	135.464	174.864	0.023996748000001844	140.380003252	140.404	4547	1791442614085670.802	9.58	6.18	16.21	16.35	197.18	1	1	3.55	5.07	19.264	18.144	346	76.82
153	0	7	2	0	0	P	P	B	0x12c041e00000	P	A	152	conditioner	P	1	0	0	0	41.620001197	264.492000000	PP	4	460	354	40	1791442614085980.254	1791442614086019.274	39.02	353	355	1791442614085977.674	1791442614086019.294	0.02	0.02	2.58	0.02	41.62	-1.1970000031169548e-06	2.6000011969999974	2.6	4560	1791442614085924.042	8.88	5.9	14.58	14.38	212.35	1	1	3.38	4.3	56.212	55.172	350	255.728
154	0	7	2	0	0	P1	P	A	0x12c041a00000	P	B	153	probe	P	1	0	0	0	49.460001290	218.791000000	PP	4	460	358	40	1791442614086306.358	1791442614086348.558	42.2	357	359	1791442614086299.098	1791442614086348.582	0.02	0.016	7.26	0.024	49.484	0.023998710000000756	7.260001289999998	7.284	4572	1791442614086191.822	9.3	6.38	16.0	15.69	164.52	1	1	3.72	3.93	114.536	113.496	354	287.084
155	0	7	2	1	1	P	P	A	0x12c041a00000	P	A	154	conditioner	P	1	0	0	0	81.519998610	187.421000000	PP	4	460	362	40	1791442614086464.002	1791442614086501.942	37.94	361	363	1791442614086420.442	1791442614086501.962	0.0	0.02	43.56	0.02	81.52	1.3899999942168506e-06	43.579998610000004	43.58	4585	1791442614086411.312	9.46	6.75	15.46	15.52	133.93	1	1	3.53	3.99	52.69	51.63	358	115.444
156	0	7	2	1	1	P2	P	B	0x12c041e00000	P	A	155	probe	P	1	0	0	0	44.679999352	118.111000000	PP	4	460	366	40	1791442614086626.546	1791442614086669.226	42.68	365	367	1791442614086624.566	1791442614086669.246	0.02	0.02	1.98	0.02	44.68	6.479999967723415e-07	1.9999993520000032	2.0	4597	1791442614086600.322	10.04	6.64	15.5	15.74	62.8	1	1	3.5	4.34	26.224	24.904	362	124.604
157	0	8	15	0	1	C	C	B	0x12c041e00000	P	B	156	conditioner	C	1	1	1	0	46.720001847	177.561000000	PP	4	460	369	32	1791442614086797.070	1791442614086835.870	38.8	368	370	1791442614086789.190	1791442614086835.890	0.02	0.02	7.88	0.02	46.7	-0.020001846999996076	7.920001847000002	7.9	4609	1791442614086719.232	9.16	5.75	14.25	15.4	124.11	1	1	3.24	3.88	77.838	76.728	366	127.844
158	0	8	15	0	1	P2	P	A	0x12c041a00000	C	B	157	probe	C	1	1	1	0	40.619999170	141.851000000	PP	4	460	373	40	1791442614086956.854	1791442614086989.894	33.04	372	374	1791442614086949.294	1791442614086989.914	0.016	0.02	7.56	0.02	40.62	8.299999976202344e-07	7.579999170000001	7.58	4622	1791442614086898.642	8.9	6.0	15.14	15.33	88.26	1	1	3.31	4.77	58.212	57.132	369	120.984
159	0	8	15	1	0	C	C	A	0x12c041a00000	P	A	158	conditioner	C	1	1	1	0	23.760000244	142.701000000	PP	4	460	376	32	1791442614087104.114	1791442614087125.934	21.82	375	377	1791442614087102.194	1791442614087125.954	0.02	0.02	1.92	0.02	23.76	-2.4399999887236845e-07	1.9400002440000002	1.94	4634	1791442614087041.562	8.93	6.0	14.93	15.33	89.52	1	1	3.24	4.04	62.552	61.532	373	114.22
160	0	8	15	1	0	P1	P	B	0x12c041e00000	C	A	159	probe	C	1	1	1	0	312.620013952	381.983000000	PP	4	460	380	40	1791442614087264.478	1791442614087502.542	238.064	379	381	1791442614087189.918	1791442614087502.562	0.02	0.02	74.56	0.02	312.644	0.023986047999983384	74.55601395200003	74.58	4647	1791442614087186.882	10.39	6.93	15.2	15.66	326.64	1	1	3.44	4.07	77.596	76.546	376	138.544
161	0	9	28	0	1	P	P	A	0x12c041a00000	P	B	160	conditioner	P	0	1	1	1	127.039998770	207.441000000	PP	4	460	384	40	1791442614087671.006	1791442614087704.166	33.16	383	385	1791442614087577.166	1791442614087704.186	0.02	0.02	93.84	0.02	127.02	-0.01999877000000083	93.87999877	93.86	4660	1791442614087571.122	11.46	8.6	15.86	16.15	149.7	1	1	3.63	3.89	99.884	98.734	380	168.464
162	0	9	28	0	1	P1	P	A	0x12c041a00000	P	A	161	probe	P	0	1	1	1	38.300000131	139.581000000	PP	4	460	388	40	1791442614087837.650	1791442614087867.430	29.78	387	389	1791442614087829.150	1791442614087867.450	0.02	0.02	8.5	0.02	38.3	-1.3100000018084756e-07	8.520000130999996	8.52	4673	1791442614087781.182	8.83	5.87	17.1	21.0	79.64	1	1	3.52	3.96	56.468	55.308	384	133.484
163	0	9	28	1	0	P	P	B	0x12c041e00000	P	A	162	conditioner	P	0	1	1	1	114.419996738	229.981000000	PP	4	460	391	40	1791442614087975.014	1791442614088086.794	111.78	390	392	1791442614087972.414	1791442614088086.814	0.02	0.02	2.6	0.02	114.4	-0.019996737999989023	2.6399967379999936	2.62	4685	1791442614087918.642	8.38	5.64	14.33	15.18	179.34	1	1	3.3	4.07	56.372	55.372	388	107.584
164	0	9	28	1	0	P2	P	B	0x12c041e00000	P	B	163	probe	P	0	1	1	1	109.659999609	176.382000000	PP	4	460	395	40	1791442614088232.998	1791442614088264.198	31.2	394	396	1791442614088154.534	1791442614088264.218	0.024	0.02	78.464	0.02	109.684	0.024000391000001287	78.459999609	78.484	4698	1791442614088150.752	8.91	6.15	15.02	14.91	124.92	1	1	3.08	3.95	82.246	81.156	391	146.204
165	0	10	9	0	1	C	C	B	0x12c041e00000	P	B	164	conditioner	C	0	0	1	0	42.500000447	114.190000000	PP	4	460	399	32	1791442614088351.222	1791442614088386.082	34.86	398	400	1791442614088343.578	1791442614088386.102	0.02	0.02	7.644	0.02	42.524	0.023999553000003004	7.6400004469999985	7.664	4711	1791442614088330.252	9.99	6.47	15.64	16.62	57.23	1	1	3.54	4.08	20.97	19.67	395	87.024
166	0	10	9	0	1	P2	P	B	0x12c041e00000	C	B	165	probe	C	0	0	1	0	39.080001414	163.522000000	PP	4	460	402	40	1791442614088508.082	1791442614088545.222	37.14	401	403	1791442614088506.162	1791442614088545.262	0.02	0.02	1.92	0.04	39.1	0.01999858599999982	1.940001414000001	1.96	4723	1791442614088444.442	8.86	5.82	15.21	16.24	110.37	1	1	3.14	4.09	63.64	62.65	399	122.0
167	0	10	9	1	0	C	C	A	0x12c041a00000	P	B	166	conditioner	C	0	0	1	0	71.900002658	181.941000000	PP	4	460	406	32	1791442614088660.086	1791442614088729.346	69.26	405	407	1791442614088657.446	1791442614088729.366	0.02	0.02	2.64	0.02	71.92	0.019997341999996365	2.6400026580000002	2.66	4736	1791442614088609.382	9.3	6.11	15.03	15.72	128.58	1	1	3.22	3.94	50.704	49.524	402	114.864
168	0	10	9	1	0	P1	P	A	0x12c041a00000	C	A	167	probe	C	0	0	1	0	173.219993711	245.772000000	PP	4	460	410	40	1791442614088937.330	1791442614088971.994	34.664	409	411	1791442614088798.790	1791442614088972.014	0.02	0.02	138.54	0.02	173.224	0.004006288999988783	138.55599371099999	138.56	4749	1791442614088793.842	9.89	6.48	15.84	15.76	191.07	1	1	3.48	3.97	143.488	142.378	406	207.984
169	0	11	22	0	0	P	P	A	0x12c041a00000	P	A	168	conditioner	P	1	1	0	1	36.460001022	201.521000000	PP	4	460	414	40	1791442614089145.634	1791442614089179.378	33.744	413	415	1791442614089142.934	1791442614089179.398	0.02	0.02	2.7	0.02	36.464	0.003998977999998488	2.7160010220000004	2.72	4762	1791442614089039.932	8.81	6.06	15.05	14.92	149.13	1	1	3.39	4.56	105.702	104.722	410	173.64
170	0	11	22	0	0	P2	P	B	0x12c041e00000	P	A	169	probe	P	1	1	0	1	39.680000395	227.922000000	PP	4	460	418	40	1791442614089376.202	1791442614089408.542	32.34	417	419	1791442614089368.882	1791442614089408.582	0.02	0.0	7.32	0.04	39.7	0.01999960500000242	7.340000394999997	7.36	4775	1791442614089243.302	9.4	6.05	15.15	15.06	174.52	1	1	3.65	4.26	132.9	131.81	414	196.824
171	0	11	22	1	1	P	P	B	0x12c041e00000	P	B	170	conditioner	P	1	1	0	1	36.880001426	211.271000000	PP	4	460	422	40	1791442614089588.466	1791442614089622.466	34.0	421	423	1791442614089585.606	1791442614089622.486	0.02	0.02	2.86	0.02	36.88	-1.425999997195504e-06	2.8800014259999998	2.88	4788	1791442614089472.652	8.86	6.19	15.63	15.27	158.21	1	1	3.49	4.14	115.814	114.724	418	179.924
172	0	11	22	1	1	P1	P	A	0x12c041a00000	P	B	171	probe	P	1	1	0	1	111.879996955	183.492000000	PP	4	460	426	40	1791442614089696.926	1791442614089718.726	21.8	425	427	1791442614089693.746	1791442614089805.630	0.02	0.02	3.18	86.904	111.884	0.00400304500000459	90.079996955	90.084	4801	1791442614089685.152	8.77	5.99	14.77	15.74	130.41	1	1	3.48	4.11	11.774	10.654	422	74.46
173	0	12	3	0	0	C	C	B	0x12c041e00000	P	A	172	conditioner	C	1	0	0	0	311.260014772	398.833000000	PP	4	460	430	32	1791442614089895.430	1791442614090203.418	307.988	429	431	1791442614089892.170	1791442614090203.438	0.02	0.02	3.26	0.02	311.268	0.007985227999995459	3.2720147719999773	3.28	4814	1791442614089869.472	9.57	6.44	14.72	14.95	345.41	1	1	3.52	4.26	25.958	24.778	426	176.704
174	0	12	3	0	0	P1	P	A	0x12c041a00000	C	B	173	probe	C	1	0	0	0	61.080001295	111.561000000	PP	4	460	434	40	1791442614090304.338	1791442614090335.718	31.38	433	435	1791442614090274.678	1791442614090335.758	0.02	0.0	29.66	0.04	61.08	-1.2950000041200838e-06	29.700001295000003	29.7	4827	1791442614090279.182	10.3	6.92	16.21	15.65	54.57	1	1	3.85	4.34	25.156	23.916	430	100.92
175	0	12	3	1	1	C	C	A	0x12c041a00000	P	A	174	conditioner	C	1	0	0	0	88.260002434	247.611000000	PP	4	460	437	32	1791442614090437.682	1791442614090471.682	34.0	436	438	1791442614090383.442	1791442614090471.702	0.02	0.02	54.24	0.02	88.26	-2.4339999953326696e-06	54.260002434	54.26	4839	1791442614090389.512	9.27	6.3	14.62	15.45	194.68	1	1	3.2	4.15	48.17	47.09	434	101.964
176	0	12	3	1	1	P2	P	B	0x12c041e00000	C	A	175	probe	C	1	0	0	0	154.699996114	211.312000000	PP	4	460	441	40	1791442614090746.026	1791442614090786.570	40.544	440	442	1791442614090631.886	1791442614090786.590	0.02	0.02	114.14	0.02	154.704	0.004003886000020884	114.15599611399999	114.16	4851	1791442614090639.032	9.44	6.53	14.97	15.77	157.94	1	1	3.53	4.0	106.994	105.874	437	274.344
177	0	13	16	0	0	P	P	A	0x12c041a00000	P	B	176	conditioner	P	0	0	0	1	38.139998913	140.151000000	PP	4	460	445	40	1791442614090911.510	1791442614090942.210	30.7	444	446	1791442614090904.090	1791442614090942.230	0.02	0.02	7.42	0.02	38.14	1.0870000011209413e-06	7.439998913	7.44	4864	1791442614090852.032	8.76	5.92	15.56	15.2	87.62	1	1	3.4	3.97	59.478	58.438	441	124.94
178	0	13	16	0	0	P2	P	A	0x12c041a00000	P	A	177	probe	P	0	0	0	1	36.240000278	158.801000000	PP	4	460	448	40	1791442614091059.274	1791442614091089.734	30.46	447	449	1791442614091053.514	1791442614091089.754	0.0	0.02	5.76	0.02	36.24	-2.779999945801137e-07	5.780000277999996	5.78	4876	1791442614090992.392	8.86	6.51	14.92	15.04	107.42	1	1	3.17	3.84	66.882	66.002	445	117.064
179	0	13	16	1	1	P	P	B	0x12c041e00000	P	A	178	conditioner	P	0	0	0	1	39.280001074	126.811000000	PP	4	460	452	40	1791442614091193.958	1791442614091230.818	36.86	451	453	1791442614091191.538	1791442614091230.838	0.02	0.02	2.42	0.02	39.3	0.01999892599999953	2.420001073999998	2.44	4889	1791442614091152.162	8.55	5.99	14.15	15.28	75.87	1	1	3.38	4.02	41.796	40.726	448	104.224
180	0	13	16	1	1	P1	P	B	0x12c041e00000	P	B	179	probe	P	0	0	0	1	47.680001706	177.491000000	PP	4	460	455	40	1791442614091352.198	1791442614091397.522	45.324	454	456	1791442614091349.838	1791442614091397.542	0.02	0.02	2.36	0.02	47.704	0.023998294000001863	2.3560017060000007	2.38	4901	1791442614091280.512	8.56	5.61	15.17	15.14	126.42	1	1	2.97	3.89	71.686	70.276	452	121.38
181	0	14	29	0	1	C	C	A	0x12c041a00000	P	B	180	conditioner	C	0	1	1	1	54.379999638	229.942000000	PP	4	460	459	32	1791442614091517.082	1791442614091564.006	46.924	458	460	1791442614091509.662	1791442614091564.046	0.0	0.02	7.42	0.04	54.384	0.004000361999999313	7.4559996380000015	7.46	4914	1791442614091460.862	9.24	6.01	15.33	15.24	175.45	1	1	3.47	4.08	56.22	54.98	455	119.56
182	0	14	29	0	1	P1	P	A	0x12c041a00000	C	A	181	probe	C	0	1	1	1	139.160007238	226.112000000	PP	4	460	463	40	1791442614091725.666	1791442614091759.690	34.024	462	464	1791442614091719.366	1791442614091858.510	0.02	0.02	6.3	98.82	139.144	-0.016007237999986046	105.13600723799999	105.12	4926	1791442614091692.622	9.59	6.41	15.72	16.08	162.96	1	1	3.68	4.55	33.044	31.774	459	161.66
183	0	14	29	1	0	C	C	B	0x12c041e00000	P	A	182	conditioner	C	0	1	1	1	49.479998648	186.271000000	PP	4	460	467	32	1791442614092000.874	1791442614092047.854	46.98	466	468	1791442614091998.394	1791442614092047.874	0.02	0.02	2.48	0.02	49.48	1.3519999981781439e-06	2.499998648000002	2.5	4939	1791442614091918.862	10.26	6.7	14.16	14.38	133.38	1	1	3.55	3.99	82.012	80.772	463	241.184
184	0	14	29	1	0	P2	P	B	0x12c041e00000	C	B	183	probe	C	0	1	1	1	126.340001822	193.032000000	PP	4	460	471	40	1791442614092202.098	1791442614092235.598	33.5	470	472	1791442614092109.294	1791442614092235.618	0.02	0.02	92.804	0.02	126.324	-0.016001822000006882	92.840001822	92.824	4952	1791442614092107.292	9.25	6.41	15.05	14.77	140.23	1	1	3.78	4.1	94.806	93.626	467	154.244
185	0	15	10	0	1	P	P	A	0x12c041a00000	P	B	184	conditioner	P	1	0	1	0	41.159998626	103.940000000	PP	4	460	475	40	1791442614092326.318	1791442614092358.222	31.904	474	476	1791442614092317.098	1791442614092358.238	0.02	0.024	9.22	0.016	41.14	-0.019998625999996023	9.255998625999997	9.236	4965	1791442614092301.262	9.71	6.18	14.97	14.67	51.14	1	1	3.43	4.24	25.056	23.866	471	90.72
186	0	15	10	0	1	P2	P	B	0x12c041e00000	P	A	185	probe	P	1	0	1	0	38.059998304	111.491000000	PP	4	460	478	40	1791442614092437.282	1791442614092468.482	31.2	477	479	1791442614092430.442	1791442614092468.502	0.02	0.02	6.84	0.02	38.06	1.6960000053245494e-06	6.859998303999998	6.86	4977	1791442614092404.552	8.16	5.53	13.82	16.1	61.25	1	1	2.97	3.83	32.73	31.81	475	79.06
187	0	15	10	1	0	P	P	B	0x12c041e00000	P	B	186	conditioner	P	1	0	1	0	237.800002098	412.293000000	PP	4	460	481	40	1791442614092636.426	1791442614092870.570	234.144	480	482	1791442614092632.806	1791442614092870.590	0.02	0.02	3.62	0.02	237.784	-0.016002098000001297	3.6560020979999877	3.64	4989	1791442614092516.772	7.8	5.35	14.01	14.78	364.1	1	1	2.76	3.74	119.654	118.774	478	167.944
188	0	15	10	1	0	P1	P	A	0x12c041a00000	P	B	187	probe	P	1	0	1	0	36.479998380	98.651000000	PP	4	460	485	40	1791442614092949.010	1791442614092979.934	30.924	484	486	1791442614092943.490	1791442614092979.954	0.02	0.02	5.52	0.02	36.464	-0.0159983799999992	5.555998379999998	5.54	5002	1791442614092931.612	8.72	6.0	14.59	14.92	47.69	1	1	3.3	3.93	17.398	16.308	481	78.44
189	0	16	23	0	0	C	C	A	0x12c041a00000	P	A	188	conditioner	C	1	1	0	1	39.900001138	200.391000000	PP	4	460	488	32	1791442614093058.294	1791442614093095.034	36.74	487	489	1791442614093055.154	1791442614093095.054	0.02	0.02	3.14	0.02	39.9	-1.1380000017879865e-06	3.1600011379999984	3.16	5014	1791442614093031.182	8.49	5.78	14.4	14.91	149.66	1	1	2.9	3.88	27.112	26.102	485	78.36
190	0	16	23	0	0	P2	P	B	0x12c041e00000	C	A	189	probe	C	1	1	0	1	42.399998754	177.752000000	PP	4	460	492	40	1791442614093313.078	1791442614093351.758	38.68	491	493	1791442614093309.378	1791442614093351.778	0.02	0.02	3.7	0.02	42.4	1.245999996513092e-06	3.7199987540000024	3.72	5026	1791442614093232.762	8.24	5.48	14.04	14.14	128.28	1	1	3.33	3.86	80.316	79.306	488	218.044
191	0	16	23	1	1	C	C	B	0x12c041e00000	P	B	190	conditioner	C	1	1	0	1	129.659995437	195.861000000	PP	4	460	496	32	1791442614093515.262	1791442614093547.862	32.6	495	497	1791442614093418.222	1791442614093547.882	0.02	0.02	97.04	0.02	129.66	4.563000004509377e-06	97.059995437	97.06	5039	1791442614093412.882	9.49	6.45	14.01	14.37	143.28	1	1	3.51	4.04	102.38	101.27	492	163.504
192	0	16	23	1	1	P1	P	A	0x12c041a00000	C	B	191	probe	C	1	1	0	1	131.999999285	185.441000000	PP	4	460	500	40	1791442614093711.846	1791442614093736.426	24.58	499	501	1791442614093604.426	1791442614093736.446	0.02	0.02	107.42	0.02	132.02	0.020000715000008995	107.419999285	107.44	5052	1791442614093609.412	9.41	6.42	14.08	13.77	134.91	1	1	3.53	3.92	102.434	101.344	496	163.984
193	0	17	4	0	0	P	P	B	0x12c041e00000	P	A	192	conditioner	P	0	1	0	0	120.159998536	174.542000000	PP	4	460	504	40	1791442614093808.990	1791442614093828.730	19.74	503	505	1791442614093794.190	1791442614093914.370	0.02	0.02	14.8	85.64	120.18	0.020001464000003466	100.41999853600001	100.44	5065	1791442614093796.332	8.95	6.32	14.54	15.22	122.92	1	1	3.37	4.01	12.658	11.568	500	72.564
194	0	17	4	0	0	P1	P	B	0x12c041e00000	P	B	193	probe	P	0	1	0	0	28.960000724	92.080000000	PP	4	460	508	40	1791442614093989.274	1791442614094014.554	25.28	507	509	1791442614093985.594	1791442614094014.574	0.02	0.02	3.68	0.02	28.98	0.019999276000000066	3.6800007239999992	3.7	5078	1791442614093971.872	8.76	6.14	14.18	14.4	41.53	1	1	3.34	4.37	17.402	16.422	504	160.544
195	0	17	4	1	1	P	P	A	0x12c041a00000	P	B	194	conditioner	P	0	1	0	0	22.679999471	120.151000000	PP	4	460	511	40	1791442614094116.874	1791442614094136.914	20.04	510	512	1791442614094114.254	1791442614094136.934	0.02	0.02	2.62	0.02	22.68	5.290000011370921e-07	2.6399994709999994	2.64	5090	1791442614094064.142	7.88	5.35	14.38	15.48	70.5	1	1	2.7	3.83	52.732	51.842	508	102.32
196	0	17	4	1	1	P2	P	A	0x12c041a00000	P	A	195	probe	P	0	1	0	0	160.860002041	226.002000000	PP	4	460	514	40	1791442614094324.678	1791442614094349.318	24.64	513	515	1791442614094188.478	1791442614094349.338	0.02	0.02	136.2	0.02	160.86	-2.0409999876846996e-06	136.220002041	136.22	5102	1791442614094184.922	7.98	5.66	14.26	14.96	176.9	1	1	2.67	4.02	139.756	138.886	511	187.764
197	0	18	17	0	0	C	C	A	0x12c041a00000	P	A	196	conditioner	C	0	0	0	1	29.120000079	196.271000000	PP	4	460	518	32	1791442614094533.262	1791442614094558.846	25.584	517	519	1791442614094529.762	1791442614094558.862	0.02	0.024	3.5	0.016	29.1	-0.020000078999999005	3.536000079000001	3.516	5115	1791442614094412.532	8.97	5.9	13.76	14.41	145.81	1	1	3.1	4.26	120.73	119.63	514	183.944
198	0	18	17	0	0	P2	P	A	0x12c041a00000	C	A	197	probe	C	0	0	0	1	28.780000284	204.422000000	PP	4	460	522	40	1791442614094733.846	1791442614094758.806	24.96	521	523	1791442614094730.026	1791442614094758.830	0.02	0.016	3.82	0.024	28.804	0.023999715999998728	3.820000283999999	3.844	5128	1791442614094611.532	8.55	5.91	15.04	14.8	153.08	1	1	3.25	4.01	122.314	121.294	518	175.0
199	0	18	17	1	1	C	C	B	0x12c041e00000	P	A	198	conditioner	C	0	0	0	1	28.279999271	199.121000000	PP	4	460	526	32	1791442614094933.870	1791442614094958.654	24.784	525	527	1791442614094930.410	1791442614094958.670	0.02	0.024	3.46	0.016	28.26	-0.019999270999999652	3.4959992710000023	3.476	5141	1791442614094817.542	9.29	5.95	15.06	14.51	146.65	1	1	3.32	4.16	116.328	115.178	522	175.064
200	0	18	17	1	1	P1	P	B	0x12c041e00000	C	B	199	probe	C	0	0	0	1	126.680001616	194.592000000	PP	4	460	530	40	1791442614095125.574	1791442614095151.034	25.46	529	531	1791442614095024.374	1791442614095151.054	0.02	0.02	101.2	0.02	126.68	-1.6159999915998924e-06	101.22000161599999	101.22	5154	1791442614095017.152	9.62	6.55	14.12	14.4	143.14	1	1	3.46	4.02	108.422	107.182	526	166.92
201	0	19	30	0	1	P	P	B	0x12c041e00000	P	B	200	conditioner	P	1	1	1	1	129.659995437	187.751000000	PP	4	460	534	40	1791442614095320.118	1791442614095338.818	18.7	533	535	1791442614095209.198	1791442614095338.858	0.02	0.0	110.92	0.04	129.66	4.563000004509377e-06	110.95999543699999	110.96	5167	1791442614095213.112	9.23	6.25	14.14	14.25	136.91	1	1	3.35	4.1	107.006	105.896	530	169.084
202	0	19	30	0	1	P1	P	A	0x12c041a00000	P	B	201	probe	P	1	1	1	1	151.480004191	217.772000000	PP	4	460	538	40	1791442614095514.582	1791442614095550.722	36.14	537	539	1791442614095399.282	1791442614095550.762	0.02	0.0	115.3	0.04	151.48	-4.191000016362523e-06	115.340004191	115.34	5180	1791442614095402.222	9.14	6.32	14.17	14.37	166.88	1	1	3.38	3.97	112.36	111.31	534	175.764
203	0	19	30	1	0	P	P	A	0x12c041a00000	P	A	202	conditioner	P	1	1	1	1	28.899999335	185.571000000	PP	4	460	542	40	1791442614095720.566	1791442614095746.726	26.16	541	543	1791442614095717.866	1791442614095746.746	0.02	0.02	2.7	0.02	28.88	-0.019999335000001395	2.7399993350000003	2.72	5193	1791442614095621.502	8.99	6.16	14.48	14.05	134.89	1	1	3.39	4.14	99.064	97.894	538	169.844
204	0	19	30	1	0	P2	P	B	0x12c041e00000	P	A	203	probe	P	1	1	1	1	141.479998827	199.292000000	PP	4	460	546	40	1791442614095910.290	1791442614095947.370	37.08	545	547	1791442614095805.930	1791442614095947.390	0.02	0.02	104.36	0.02	141.46	-0.01999882699999489	104.399998827	104.38	5206	1791442614095808.062	9.44	6.55	14.06	14.76	147.67	1	1	3.49	4.3	102.228	101.128	542	163.564
205	0	20	11	0	1	C	C	A	0x12c041a00000	P	B	204	conditioner	C	1	0	1	0	40.479999036	132.481000000	PP	4	460	550	32	1791442614096052.974	1791442614096091.614	38.64	549	551	1791442614096051.174	1791442614096091.634	0.02	0.02	1.8	0.02	40.46	-0.019999036000001524	1.8399990360000018	1.82	5219	1791442614096010.272	9.59	6.29	14.93	14.49	79.6	1	1	3.54	4.14	42.702	41.422	546	105.604
206	0	20	11	0	1	P2	P	B	0x12c041e00000	C	A	205	probe	C	1	0	1	0	117.420002818	217.721000000	PP	4	460	554	40	1791442614096182.958	1791442614096298.598	115.64	553	555	1791442614096181.198	1791442614096298.638	0.02	0.0	1.76	0.04	117.44	0.019997181999997338	1.7800028179999998	1.8	5231	1791442614096141.672	8.52	5.57	13.25	14.06	168.11	1	1	3.39	3.85	41.286	40.226	550	91.344
207	0	20	11	1	0	C	C	B	0x12c041e00000	P	B	206	conditioner	C	1	0	1	0	34.460000694	195.162000000	PP	4	460	558	32	1791442614096434.382	1791442614096467.122	32.74	557	559	1791442614096432.702	1791442614096467.142	0.0	0.02	1.68	0.02	34.44	-0.020000694000003705	1.7200006939999994	1.7	5244	1791442614096363.402	8.91	5.88	15.68	14.97	142.07	1	1	3.5	4.21	70.98	69.97	554	135.784
208	0	20	11	1	0	P1	P	A	0x12c041a00000	C	B	207	probe	C	1	0	1	0	41.900001466	94.030000000	PP	4	460	562	40	1791442614096571.766	1791442614096604.266	32.5	561	563	1791442614096562.382	1791442614096604.286	0.024	0.02	9.384	0.02	41.904	0.003998534000004383	9.400001465999999	9.404	5258	1791442614096558.532	9.08	6.09	14.15	14.59	42.85	1	1	3.45	4.0	13.234	12.124	558	104.644
209	0	21	24	0	1	P	P	B	0x12c041e00000	P	A	208	conditioner	P	0	0	1	1	18.759999424	107.041000000	PP	4	460	565	40	1791442614096691.046	1791442614096707.506	16.46	564	566	1791442614096688.786	1791442614096707.526	0.02	0.02	2.26	0.02	18.74	-0.019999424000001653	2.2999994239999992	2.28	5270	1791442614096652.382	8.34	5.61	13.93	14.9	57.67	1	1	2.89	3.9	38.664	37.524	562	86.78
210	0	21	24	0	1	P1	P	B	0x12c041e00000	P	B	209	probe	P	0	0	1	1	36.940000951	149.441000000	PP	4	460	568	40	1791442614096818.690	1791442614096853.770	35.08	567	569	1791442614096816.850	1791442614096853.790	0.0	0.02	1.84	0.02	36.94	-9.510000040791056e-07	1.8600009510000035	1.86	5282	1791442614096760.192	7.67	5.24	13.91	14.8	101.41	1	1	2.61	3.71	58.498	57.588	565	111.184
211	0	21	24	1	0	P	P	A	0x12c041a00000	P	B	210	conditioner	P	0	0	1	1	50.639998168	102.461000000	PP	4	460	572	40	1791442614096947.150	1791442614096966.574	19.424	571	573	1791442614096915.950	1791442614096966.594	0.02	0.02	31.2	0.02	50.644	0.0040018320000001495	31.215998168	31.22	5295	1791442614096911.982	9.07	6.28	13.98	15.06	50.89	1	1	3.33	3.91	35.168	34.098	568	93.38
212	0	21	24	1	0	P2	P	A	0x12c041a00000	P	A	211	probe	P	0	0	1	1	30.640000477	99.231000000	PP	4	460	575	40	1791442614097039.394	1791442614097067.654	28.26	574	576	1791442614097037.054	1791442614097067.674	0.02	0.02	2.34	0.02	30.62	-0.02000047699999996	2.3800004769999994	2.36	5307	1791442614097015.492	7.89	5.35	14.48	15.74	48.64	1	1	2.98	3.96	23.902	22.982	572	72.82
213	0	22	5	0	0	C	C	B	0x12c041e00000	P	A	212	conditioner	C	0	1	0	0	44.080000371	205.311000000	PP	4	460	578	32	1791442614097168.458	1791442614097210.278	41.82	577	579	1791442614097166.238	1791442614097210.298	0.02	0.02	2.22	0.02	44.06	-0.020000370999994743	2.2600003709999967	2.24	5319	1791442614097116.502	8.28	5.4	14.19	14.04	155.67	1	1	2.66	3.8	51.956	50.936	575	100.804
214	0	22	5	0	0	P1	P	B	0x12c041e00000	C	B	213	probe	C	0	1	0	0	35.879999399	117.841000000	PP	4	460	582	40	1791442614097362.422	1791442614097396.142	33.72	581	583	1791442614097360.278	1791442614097396.162	0.024	0.02	2.144	0.02	35.884	0.004000601000001325	2.159999399	2.164	5331	1791442614097327.182	8.65	5.7	17.56	10.36	67.26	1	1	3.77	4.41	35.24	34.15	578	152.144
215	0	22	5	1	1	C	C	A	0x12c041a00000	P	B	214	conditioner	C	0	1	0	0	92.620000243	167.031000000	PP	4	460	585	32	1791442614097458.102	1791442614097495.682	37.58	584	586	1791442614097454.742	1791442614097547.342	0.0	0.02	3.36	51.66	92.6	-0.020000243000012574	55.04000024300001	55.02	5343	1791442614097442.282	8.33	5.42	14.56	17.87	113.62	1	1	2.86	3.8	15.82	14.74	582	61.96
216	0	22	5	1	1	P2	P	A	0x12c041a00000	C	A	215	probe	C	0	1	0	0	42.080000043	211.762000000	PP	4	460	589	40	1791442614097660.486	1791442614097695.726	35.24	588	590	1791442614097653.666	1791442614097695.746	0.02	0.02	6.82	0.02	42.08	-4.3000000005122274e-08	6.840000042999996	6.84	5356	1791442614097611.442	8.66	5.71	14.75	16.38	158.73	1	1	3.24	4.06	49.044	48.004	585	164.804
217	0	23	18	0	0	P	P	B	0x12c041e00000	P	A	216	conditioner	P	1	0	0	1	320.600003004	439.283000000	PP	4	460	593	40	1791442614097886.170	1791442614098201.318	315.148	592	594	1791442614097880.730	1791442614098201.338	0.02	0.02	5.44	0.02	320.608	0.007996996000031231	5.452003003999948	5.46	5369	1791442614097823.672	8.87	5.87	14.11	15.36	387.58	1	1	3.3	3.94	62.498	61.378	589	190.444
218	0	23	18	0	0	P2	P	A	0x12c041a00000	P	B	217	probe	P	1	0	0	1	92.639997602	246.632000000	PP	4	460	597	40	1791442614098333.698	1791442614098365.302	31.604	596	598	1791442614098272.678	1791442614098365.342	0.02	0.0	61.02	0.04	92.664	0.024002398000007474	61.035997601999995	61.06	5382	1791442614098265.872	8.96	6.19	15.65	14.83	194.23	1	1	3.41	3.93	67.826	66.796	593	132.38
219	0	23	18	1	1	P	P	A	0x12c041a00000	P	A	218	conditioner	P	1	0	0	1	53.840000182	118.121000000	PP	4	460	601	40	1791442614098527.402	1791442614098556.282	28.88	600	602	1791442614098525.122	1791442614098578.966	0.02	0.02	2.28	22.684	53.844	0.003999818000004041	24.960000181999998	24.964	5394	1791442614098514.162	9.49	6.24	15.82	16.55	62.94	1	1	3.45	3.97	13.24	11.94	597	162.1
220	0	23	18	1	1	P1	P	B	0x12c041e00000	P	A	219	probe	P	1	0	0	1	35.319998860	155.101000000	PP	4	460	604	40	1791442614098699.626	1791442614098730.366	30.74	603	605	1791442614098695.066	1791442614098730.386	0.02	0.02	4.56	0.02	35.32	1.1400000019534673e-06	4.57999886	4.58	5406	1791442614098631.342	8.33	5.69	14.46	15.14	104.46	1	1	3.01	4.05	68.284	67.194	601	143.344
221	0	24	31	0	1	C	C	B	0x12c041e00000	P	B	220	conditioner	C	1	1	1	1	31.279999763	122.131000000	PP	4	460	608	32	1791442614098828.350	1791442614098854.790	26.44	607	609	1791442614098823.510	1791442614098854.810	0.02	0.02	4.84	0.02	31.3	0.02000023700000142	4.839999762999998	4.86	5419	1791442614098789.362	9.67	6.49	15.21	17.0	65.8	1	1	3.39	4.26	38.988	37.788	604	97.984
222	0	24	31	0	1	P1	P	A	0x12c041a00000	C	B	221	probe	C	1	1	1	1	27.400000021	98.901000000	PP	4	460	611	40	1791442614098927.750	1791442614098951.910	24.16	610	612	1791442614098924.550	1791442614098951.930	0.0	0.02	3.2	0.02	27.38	-0.02000002100000131	3.240000021	3.22	5431	1791442614098913.212	9.81	6.43	16.02	14.86	45.1	1	1	3.28	4.08	14.538	13.148	608	72.96
223	0	24	31	1	0	C	C	A	0x12c041a00000	P	A	222	conditioner	C	1	1	1	1	30.999999493	165.261000000	PP	4	460	614	32	1791442614099098.794	1791442614099126.074	27.28	613	615	1791442614099095.114	1791442614099126.094	0.02	0.02	3.68	0.02	30.98	-0.019999493000000257	3.7199994929999995	3.7	5443	1791442614099010.672	7.92	5.38	14.18	14.42	116.29	1	1	2.73	3.99	88.122	87.182	611	146.884
224	0	24	31	1	0	P2	P	B	0x12c041e00000	C	A	223	probe	C	1	1	1	1	29.699999839	166.021000000	PP	4	460	618	40	1791442614099258.678	1791442614099285.318	26.64	617	619	1791442614099255.638	1791442614099285.338	0.02	0.02	3.04	0.02	29.7	1.6099999911034502e-07	3.0599998389999996	3.06	5456	1791442614099178.242	8.64	5.76	15.23	14.92	114.61	1	1	3.19	3.86	80.436	79.336	614	132.604
225	0	25	12	0	1	P	P	A	0x12c041a00000	P	B	224	conditioner	P	0	1	1	0	26.680000126	142.081000000	PP	4	460	622	40	1791442614099402.382	1791442614099426.022	23.64	621	623	1791442614099399.382	1791442614099426.042	0.02	0.02	3.0	0.02	26.66	-0.02000012599999934	3.040000125999999	3.02	5469	1791442614099345.912	8.72	5.86	15.16	14.02	91.06	1	1	3.51	3.89	56.47	55.43	618	117.064
226	0	25	12	0	1	P2	P	A	0x12c041a00000	P	A	225	probe	P	0	1	1	0	27.060000226	126.161000000	PP	4	460	626	40	1791442614099539.702	1791442614099563.926	24.224	625	627	1791442614099536.862	1791442614099563.942	0.02	0.024	2.84	0.016	27.08	0.019999773999998638	2.8360002259999995	2.856	5481	1791442614099488.012	9.14	6.05	13.94	14.62	75.38	1	1	3.3	4.06	51.69	50.56	622	113.68
227	0	25	12	1	0	P	P	B	0x12c041e00000	P	A	226	conditioner	P	0	1	1	0	25.779999793	149.551000000	PP	4	460	629	40	1791442614099676.306	1791442614099699.046	22.74	628	630	1791442614099673.286	1791442614099699.066	0.0	0.02	3.02	0.02	25.78	2.069999993636884e-07	3.0399997930000033	3.04	5493	1791442614099615.112	8.29	5.53	14.31	14.41	100.03	1	1	3.01	3.83	61.194	60.154	626	112.38
228	0	25	12	1	0	P1	P	B	0x12c041e00000	P	B	227	probe	P	0	1	1	0	30.540000647	190.321000000	PP	4	460	633	40	1791442614099877.990	1791442614099904.730	26.74	632	634	1791442614099874.210	1791442614099904.750	0.02	0.02	3.78	0.02	30.54	-6.470000002423149e-07	3.800000647000001	3.8	5506	1791442614099767.922	8.12	5.48	15.75	20.61	132.52	1	1	3.33	3.94	110.068	108.948	629	178.944
229	0	26	25	0	1	C	C	B	0x12c041e00000	P	B	228	conditioner	C	0	0	1	1	126.059994102	203.521000000	PP	4	460	637	32	1791442614099980.274	1791442614100000.034	19.76	636	638	1791442614099976.154	1791442614100102.234	0.02	0.02	4.12	102.2	126.08	0.02000589799999375	106.299994102	106.32	5519	1791442614099959.192	8.63	5.41	14.94	11.42	154.96	1	1	3.43	4.03	21.082	19.862	633	75.544
230	0	26	25	0	1	P1	P	B	0x12c041e00000	C	B	229	probe	C	0	0	1	1	28.680000454	221.532000000	PP	4	460	641	40	1791442614100306.838	1791442614100332.538	25.7	640	642	1791442614100303.878	1791442614100332.578	0.02	0.0	2.96	0.04	28.7	0.019999545999997537	2.9800004540000025	3.0	5532	1791442614100166.032	8.39	5.42	16.99	10.87	172.03	1	1	3.51	3.95	140.806	139.436	637	306.804
231	0	26	25	1	0	C	C	A	0x12c041a00000	P	B	230	conditioner	C	0	0	1	1	24.760000408	132.761000000	PP	4	460	645	32	1791442614100446.922	1791442614100467.962	21.04	644	646	1791442614100443.222	1791442614100467.982	0.02	0.02	3.7	0.02	24.76	-4.079999982309346e-07	3.7200004080000006	3.72	5545	1791442614100393.252	9.09	6.01	16.26	16.07	77.19	1	1	3.34	4.1	53.67	52.57	641	114.384
232	0	26	25	1	0	P2	P	A	0x12c041a00000	C	A	231	probe	C	0	0	1	1	30.260000378	145.901000000	PP	4	460	648	40	1791442614100591.746	1791442614100617.586	25.84	647	649	1791442614100587.326	1791442614100617.606	0.02	0.02	4.42	0.02	30.28	0.019999622000000272	4.420000378000001	4.44	5557	1791442614100524.812	8.57	5.6	14.22	15.81	93.89	1	1	3.34	3.93	66.934	65.804	645	123.784
233	0	27	6	0	0	P	P	A	0x12c041a00000	P	A	232	conditioner	P	1	1	0	0	20.700000226	127.341000000	PP	4	460	652	40	1791442614100732.486	1791442614100750.326	17.84	651	653	1791442614100729.666	1791442614100750.346	0.02	0.02	2.82	0.02	20.68	-0.02000022600000051	2.8600002260000004	2.84	5570	1791442614100672.962	8.38	5.25	15.44	17.59	72.94	1	1	3.14	3.93	59.524	57.974	648	114.9
234	0	27	6	0	0	P1	P	B	0x12c041e00000	P	A	233	probe	P	1	1	0	0	33.619999886	171.031000000	PP	4	460	655	40	1791442614100880.010	1791442614100909.730	29.72	654	656	1791442614100876.130	1791442614100909.750	0.02	0.02	3.88	0.02	33.62	1.1399999522154758e-07	3.8999998860000034	3.9	5582	1791442614100800.872	7.52	5.12	15.27	17.28	118.64	1	1	2.84	3.82	79.138	78.278	652	129.684
235	0	27	6	1	1	P	P	B	0x12c041e00000	P	B	234	conditioner	P	1	1	0	0	37.239998579	154.921000000	PP	4	460	659	40	1791442614101033.054	1791442614101065.914	32.86	658	660	1791442614101028.694	1791442614101065.934	0.02	0.02	4.36	0.02	37.24	1.4210000003345158e-06	4.379998579000002	4.38	5595	1791442614100973.452	8.89	6.01	15.23	16.03	101.39	1	1	3.2	4.71	59.602	58.462	655	123.324
236	0	27	6	1	1	P2	P	A	0x12c041a00000	P	B	235	probe	P	1	1	0	0	44.759999961	213.892000000	PP	4	460	663	40	1791442614101176.638	1791442614101219.258	42.62	662	664	1791442614101174.538	1791442614101219.278	0.02	0.02	2.1	0.02	44.74	-0.019999960999996347	2.139999961000001	2.12	5608	1791442614101130.552	8.7	5.93	15.36	15.22	160.89	1	1	3.39	4.09	46.086	44.946	659	110.724
237	0	28	19	0	0	C	C	B	0x12c041e00000	P	A	236	conditioner	C	1	0	0	1	24.140000343	103.440000000	PP	4	460	667	32	1791442614101370.162	1791442614101391.982	21.82	666	668	1791442614101367.862	1791442614101392.002	0.016	0.02	2.3	0.02	24.14	-3.429999999582378e-07	2.3200003430000002	2.32	5620	1791442614101344.072	9.19	6.11	13.76	15.01	51.89	1	1	3.31	4.04	26.09	25.01	663	150.904
238	0	28	19	0	0	P2	P	A	0x12c041a00000	C	B	237	probe	C	1	0	0	1	115.299999714	181.812000000	PP	4	460	670	40	1791442614101535.522	1791442614101568.426	32.904	669	671	1791442614101453.142	1791442614101568.446	0.02	0.02	82.38	0.02	115.304	0.004000286000007236	82.395999714	82.4	5632	1791442614101448.972	9.79	6.17	15.06	15.45	129.18	1	1	2.96	3.8	86.55	84.97	667	143.54
239	0	28	19	1	1	C	C	A	0x12c041a00000	P	A	238	conditioner	C	1	0	0	1	44.119998813	144.551000000	PP	4	460	674	32	1791442614101692.826	1791442614101729.586	36.76	673	675	1791442614101685.486	1791442614101729.626	0.02	0.02	7.34	0.04	44.14	0.02000118699999831	7.359998813000004	7.38	5645	1791442614101633.312	8.88	5.86	15.79	14.42	92.23	1	1	3.33	3.9	59.514	58.384	670	124.4
240	0	28	19	1	1	P1	P	B	0x12c041e00000	C	A	239	probe	C	1	0	0	1	39.500001818	139.891000000	PP	4	460	677	40	1791442614101834.510	1791442614101870.150	35.64	676	678	1791442614101830.650	1791442614101870.170	0.02	0.02	3.86	0.02	39.52	0.01999818200000192	3.8600018180000006	3.88	5657	1791442614101777.042	7.86	5.23	14.28	18.32	86.95	1	1	2.85	3.93	57.468	56.488	674	104.924
241	0	29	0	0	0	P	P	A	0x12c041a00000	P	B	240	conditioner	P	0	0	0	0	25.820000097	141.581000000	PP	4	460	680	40	1791442614101981.194	1791442614102001.754	20.56	679	681	1791442614101975.954	1791442614102001.774	0.02	0.02	5.24	0.02	25.82	-9.700000092038863e-08	5.2600000970000025	5.26	5669	1791442614101918.532	7.74	5.22	15.1	15.92	90.92	1	1	2.7	3.8	62.662	61.822	677	111.044
242	0	29	0	0	0	P1	P	A	0x12c041a00000	P	A	241	probe	P	0	0	0	0	28.839999810	111.171000000	PP	4	460	684	40	1791442614102096.054	1791442614102120.314	24.26	683	685	1791442614102091.514	1791442614102120.334	0.02	0.02	4.54	0.02	28.82	-0.019999809999998064	4.579999809999997	4.56	5683	1791442614102061.862	8.57	5.8	15.41	16.29	58.44	1	1	3.1	4.03	34.192	33.312	680	94.3
243	0	29	0	1	1	P	P	B	0x12c041e00000	P	A	242	conditioner	P	0	0	0	0	125.599995255	210.541000000	PP	4	460	687	40	1791442614102190.318	1791442614102211.418	21.1	686	688	1791442614102187.698	1791442614102313.318	0.02	0.02	2.62	101.9	125.62	0.020004745000008484	104.49999525499999	104.52	5695	1791442614102173.022	7.55	5.04	14.55	16.2	160.13	1	1	2.98	3.74	17.296	16.386	684	70.004
244	0	29	0	1	1	P2	P	B	0x12c041e00000	P	B	243	probe	P	0	0	0	0	28.699999675	109.021000000	PP	4	460	691	40	1791442614102415.802	1791442614102441.222	25.42	690	692	1791442614102412.542	1791442614102441.242	0.02	0.02	3.26	0.02	28.7	3.2499999846891114e-07	3.279999674999999	3.28	5708	1791442614102385.902	7.75	5.18	15.13	10.4	62.83	1	1	3.17	4.05	29.9	29.01	687	204.384
245	0	30	13	0	1	C	C	A	0x12c041a00000	P	B	244	conditioner	C	0	1	1	0	33.580001444	163.611000000	PP	4	460	694	32	1791442614102570.886	1791442614102599.526	28.64	693	695	1791442614102565.966	1791442614102599.546	0.016	0.02	4.92	0.02	33.58	-1.4439999986848306e-06	4.940001443999996	4.94	5720	1791442614102496.382	8.31	5.29	15.77	15.45	111.43	1	1	2.76	3.79	74.504	73.484	691	129.664
246	0	30	13	0	1	P2	P	A	0x12c041a00000	C	A	245	probe	C	0	1	1	0	28.480000794	154.211000000	PP	4	460	698	40	1791442614102733.726	1791442614102758.506	24.78	697	699	1791442614102730.046	1791442614102758.526	0.02	0.02	3.68	0.02	28.48	-7.939999981942947e-07	3.7000007939999975	3.7	5733	1791442614102659.902	8.55	5.61	14.28	14.86	103.79	1	1	3.13	3.96	73.824	72.654	694	134.2
247	0	30	13	1	0	C	C	B	0x12c041e00000	P	A	246	conditioner	C	0	1	1	0	29.780000448	170.942000000	PP	4	460	702	32	1791442614102901.270	1791442614102927.910	26.64	701	703	1791442614102898.170	1791442614102927.950	0.02	0.0	3.1	0.04	29.78	-4.4799999798783574e-07	3.1400004479999986	3.14	5746	1791442614102816.442	8.92	6.04	15.03	15.67	117.88	1	1	3.13	4.04	84.828	83.728	698	142.764
248	0	30	13	1	0	P1	P	B	0x12c041e00000	C	B	247	probe	C	0	1	1	0	24.940000847	110.150000000	PP	4	460	706	40	1791442614103020.274	1791442614103041.554	21.28	705	707	1791442614103016.634	1791442614103041.574	0.02	0.02	3.64	0.02	24.94	-8.469999990268207e-07	3.660000846999999	3.66	5759	1791442614102988.972	8.51	5.59	15.18	16.04	56.93	1	1	3.44	4.07	31.302	30.182	702	92.364
249	0	31	26	0	1	P	P	A	0x12c041a00000	P	B	248	conditioner	P	1	0	1	1	27.240000665	138.341000000	PP	4	460	709	40	1791442614103162.798	1791442614103187.438	24.64	708	710	1791442614103160.214	1791442614103187.458	0.02	0.02	2.584	0.02	27.244	0.003999334999999604	2.6000006649999996	2.604	5771	1791442614103099.072	8.15	5.62	14.41	14.53	88.47	1	1	3.1	4.06	63.726	62.836	706	121.244
250	0	31	26	0	1	P1	P	B	0x12c041e00000	P	A	249	probe	P	1	0	1	1	29.519999400	171.772000000	PP	4	460	713	40	1791442614103324.038	1791442614103351.218	27.18	712	714	1791442614103321.718	1791442614103351.238	0.02	0.02	2.32	0.02	29.52	5.999999999062311e-07	2.3399994	2.34	5784	1791442614103239.532	8.6	5.85	15.51	15.58	119.18	1	1	3.17	3.95	84.506	83.566	709	136.6
251	0	31	26	1	0	P	P	B	0x12c041e00000	P	B	250	conditioner	P	1	0	1	1	28.899999335	157.231000000	PP	4	460	717	40	1791442614103485.002	1791442614103510.362	25.36	716	718	1791442614103481.502	1791442614103510.382	0.02	0.02	3.5	0.02	28.88	-0.019999335000001395	3.539999335000001	3.52	5797	1791442614103413.232	8.5	5.49	15.66	15.27	104.85	1	1	3.38	3.91	71.77	70.68	713	133.784
252	0	31	26	1	0	P2	P	A	0x12c041a00000	P	B	251	probe	P	1	0	1	1	29.079999775	177.161000000	PP	4	460	721	40	1791442614103643.226	1791442614103669.766	26.54	720	722	1791442614103640.706	1791442614103669.786	0.02	0.02	2.52	0.02	29.08	2.249999973003014e-07	2.539999775000002	2.54	5810	1791442614103570.202	8.77	5.82	14.34	15.5	125.06	1	1	3.36	3.85	73.024	71.794	717	132.864
253	1	0	19	0	0	C	C	B	0x12c041e00000	P	A	252	conditioner	C	1	0	0	1	22.819999605	207.892000000	PP	4	460	725	32	1791442614103876.090	1791442614103896.370	20.28	724	726	1791442614103873.550	1791442614103896.390	0.02	0.02	2.54	0.02	22.84	0.02000039500000028	2.5399996049999984	2.56	5823	1791442614103752.632	8.8	5.44	17.78	11.5	155.52	1	1	3.63	4.29	123.458	122.158	721	206.324
254	1	0	19	0	0	P2	P	A	0x12c041a00000	C	B	253	probe	C	1	0	0	1	31.959999353	221.351000000	PP	4	460	729	40	1791442614104085.534	1791442614104114.954	29.42	728	730	1791442614104083.014	1791442614104114.974	0.02	0.02	2.52	0.02	31.96	6.470000002423149e-07	2.539999352999999	2.54	5836	1791442614103958.612	8.92	5.86	14.93	15.5	168.39	1	1	3.39	3.96	126.922	125.772	725	189.164
255	1	0	19	1	1	C	C	A	0x12c041a00000	P	A	254	conditioner	C	1	0	0	1	34.660000354	203.182000000	PP	4	460	733	32	1791442614104290.618	1791442614104323.178	32.56	732	734	1791442614104288.518	1791442614104323.198	0.02	0.02	2.1	0.02	34.68	0.019999646000002258	2.100000353999995	2.12	5849	1791442614104183.252	8.86	5.64	15.56	15.81	148.15	1	1	3.68	4.1	107.366	106.116	729	175.664
256	1	0	19	1	1	P1	P	B	0x12c041e00000	C	A	255	probe	C	1	0	0	1	33.039998263	202.551000000	PP	4	460	737	40	1791442614104496.322	1791442614104526.982	30.66	736	738	1791442614104493.982	1791442614104527.002	0.02	0.02	2.34	0.02	33.02	-0.019998262999997962	2.379998263000001	2.36	5862	1791442614104388.542	8.48	5.41	17.11	11.02	152.46	1	1	3.47	3.99	107.78	106.67	733	173.144
257	1	1	8	0	1	P	P	B	0x12c041e00000	P	B	256	conditioner	P	0	0	1	0	39.519999176	215.682000000	PP	4	460	741	40	1791442614104706.346	1791442614104738.626	32.28	740	742	1791442614104699.126	1791442614104738.646	0.02	0.02	7.22	0.02	39.52	8.240000042292195e-07	7.239999175999998	7.24	5875	1791442614104590.532	8.86	5.77	15.65	16.53	161.52	1	1	3.25	4.3	115.814	114.574	737	179.364
258	1	1	8	0	1	P2	P	B	0x12c041e00000	P	B	257	probe	P	0	0	1	0	26.359999552	148.501000000	PP	4	460	745	40	1791442614104869.990	1791442614104893.690	23.7	744	746	1791442614104867.350	1791442614104893.710	0.02	0.02	2.64	0.02	26.36	4.4799999798783574e-07	2.659999552000002	2.66	5888	1791442614104807.902	9.63	6.07	15.68	15.66	94.27	1	1	3.5	4.14	62.088	60.848	741	131.364
259	1	1	8	1	0	P	P	A	0x12c041a00000	P	B	258	conditioner	P	0	0	1	0	28.739999980	115.031000000	PP	4	460	749	40	1791442614104999.594	1791442614105024.394	24.8	748	750	1791442614104995.674	1791442614105024.414	0.02	0.02	3.92	0.02	28.74	1.999999810209374e-08	3.9399999799999996	3.94	5901	1791442614104958.092	8.66	5.76	15.63	15.59	61.79	1	1	3.61	4.06	41.502	40.332	745	105.904
260	1	1	8	1	0	P1	P	A	0x12c041a00000	P	A	259	probe	P	0	0	1	0	103.940002620	173.231000000	PP	4	460	752	40	1791442614105087.094	1791442614105113.954	26.86	751	753	1791442614105082.734	1791442614105186.698	0.02	0.02	4.36	72.744	103.964	0.023997379999997293	77.08000262	77.104	5913	1791442614105073.512	8.62	6.02	15.28	15.6	121.12	1	1	3.32	3.79	13.582	12.532	749	62.7
261	1	2	29	0	1	C	C	A	0x12c041a00000	P	A	260	conditioner	C	0	1	1	1	80.040000379	160.591000000	PP	4	460	756	32	1791442614105268.878	1791442614105301.158	32.28	755	757	1791442614105265.858	1791442614105345.898	0.02	0.02	3.02	44.74	80.04	-3.789999993841775e-07	47.760000379000005	47.76	5926	1791442614105248.242	8.67	5.4	14.95	16.26	106.75	1	1	3.43	4.17	20.636	19.366	752	154.924
262	1	2	29	0	1	P1	P	A	0x12c041a00000	C	A	261	probe	C	0	1	1	1	27.879999951	148.071000000	PP	4	460	760	40	1791442614105471.962	1791442614105496.962	25.0	759	761	1791442614105469.122	1791442614105496.982	0.02	0.02	2.84	0.02	27.86	-0.019999950999999072	2.8799999509999985	2.86	5939	1791442614105409.252	9.04	5.92	14.53	15.68	95.77	1	1	3.4	4.06	62.71	61.53	756	170.804
263	1	2	29	1	0	C	C	B	0x12c041e00000	P	A	262	conditioner	C	0	1	1	1	30.519999564	154.632000000	PP	4	460	764	32	1791442614105623.946	1791442614105651.166	27.22	763	765	1791442614105620.666	1791442614105651.186	0.02	0.02	3.28	0.02	30.52	4.3600000054766497e-07	3.299999564	3.3	5952	1791442614105559.162	9.48	6.1	14.99	15.02	101.35	1	1	3.47	4.16	64.784	63.564	760	126.984
264	1	2	29	1	0	P2	P	B	0x12c041e00000	C	B	263	probe	C	0	1	1	1	29.219999909	107.030000000	PP	4	460	768	40	1791442614105748.526	1791442614105771.526	23.0	767	769	1791442614105742.326	1791442614105771.550	0.0	0.016	6.2	0.024	29.224	0.00400009100000176	6.219999908999998	6.224	5965	1791442614105715.402	10.29	6.88	15.25	14.69	53.4	1	1	3.48	4.15	33.124	31.964	764	97.36
265	1	3	18	0	0	P	P	B	0x12c041e00000	P	B	264	conditioner	P	1	0	0	1	119.520001113	189.032000000	PP	4	460	771	40	1791442614105835.790	1791442614105858.690	22.9	770	772	1791442614105832.690	1791442614105952.190	0.02	0.02	3.1	93.5	119.5	-0.0200011130000064	96.620001113	96.6	5977	1791442614105821.982	9.55	6.17	14.21	16.16	136.66	1	1	3.06	3.9	13.808	12.248	768	64.264
266	1	3	18	0	0	P2	P	A	0x12c041a00000	P	B	265	probe	P	1	0	0	1	27.920000255	105.051000000	PP	4	460	775	40	1791442614106039.014	1791442614106064.754	25.74	774	776	1791442614106036.834	1791442614106064.774	0.02	0.02	2.18	0.02	27.94	0.01999974499999979	2.180000255000003	2.2	5990	1791442614106013.812	8.36	5.65	15.8	16.28	52.04	1	1	3.09	3.98	25.202	24.142	771	180.324
267	1	3	18	1	1	P	P	A	0x12c041a00000	P	A	266	conditioner	P	1	0	0	1	29.699999839	189.531000000	PP	4	460	778	40	1791442614106221.578	1791442614106247.978	26.4	777	779	1791442614106218.298	1791442614106248.018	0.02	0.0	3.28	0.04	29.72	0.020000160999998684	3.2999998390000016	3.32	6002	1791442614106117.692	8.06	5.55	13.85	14.21	141.26	1	1	3.0	3.75	103.886	102.896	775	156.824
268	1	3	18	1	1	P1	P	B	0x12c041e00000	P	A	267	probe	P	1	0	0	1	29.060000554	172.271000000	PP	4	460	782	40	1791442614106399.162	1791442614106425.482	26.32	781	783	1791442614106396.442	1791442614106425.502	0.02	0.02	2.72	0.02	29.06	-5.539999996528877e-07	2.740000553999998	2.74	6015	1791442614106310.522	8.44	5.76	15.51	15.97	119.68	1	1	3.28	3.9	88.64	87.51	778	151.184
269	1	4	7	0	0	C	C	A	0x12c041a00000	P	B	268	conditioner	C	1	1	0	0	27.979999781	208.482000000	PP	4	460	786	32	1791442614106613.846	1791442614106638.366	24.52	785	787	1791442614106610.426	1791442614106638.386	0.02	0.02	3.42	0.02	27.96	-0.019999780999999217	3.4599997810000005	3.44	6028	1791442614106484.902	8.66	5.56	15.79	15.22	154.95	1	1	3.53	4.18	128.944	127.794	782	188.364
270	1	4	7	0	0	P1	P	B	0x12c041e00000	C	A	269	probe	C	1	1	0	0	27.100000530	204.901000000	PP	4	460	790	40	1791442614106751.346	1791442614106775.810	24.464	789	791	1791442614106748.726	1791442614106775.830	0.02	0.02	2.62	0.02	27.104	0.003999470000000116	2.6360005300000005	2.64	6041	1791442614106693.682	8.37	5.57	14.62	15.28	153.08	1	1	3.36	4.0	57.664	56.544	786	112.98
271	1	4	7	1	1	C	C	B	0x12c041e00000	P	B	270	conditioner	C	1	1	0	0	23.159999400	223.312000000	PP	4	460	794	32	1791442614107042.854	1791442614107063.334	20.48	793	795	1791442614107040.194	1791442614107063.354	0.02	0.02	2.66	0.02	23.16	5.999999999062311e-07	2.6799994	2.68	6053	1791442614106901.822	8.52	5.46	16.78	11.06	172.81	1	1	3.52	4.27	141.032	139.922	790	267.044
272	1	4	7	1	1	P2	P	A	0x12c041a00000	C	B	271	probe	C	1	1	0	0	35.640001297	187.761000000	PP	4	460	798	40	1791442614107219.258	1791442614107250.398	31.14	797	799	1791442614107214.778	1791442614107250.418	0.02	0.02	4.48	0.02	35.64	-1.2969999971801371e-06	4.500001296999997	4.5	6067	1791442614107124.592	8.63	5.81	15.12	11.35	139.49	1	1	3.52	4.05	94.666	93.676	794	155.924
273	1	5	28	0	1	P	P	A	0x12c041a00000	P	A	272	conditioner	P	0	1	1	1	37.220001221	157.891000000	PP	4	460	802	40	1791442614107377.102	1791442614107411.902	34.8	801	803	1791442614107374.682	1791442614107411.922	0.02	0.02	2.42	0.02	37.24	0.01999877900000513	2.4200012209999997	2.44	6080	1791442614107314.822	8.68	5.4	16.51	10.53	108.72	1	1	3.34	4.41	62.28	61.27	798	126.704
274	1	5	28	0	1	P1	P	A	0x12c041a00000	P	A	273	probe	P	0	1	1	1	57.300001383	118.111000000	PP	4	460	806	40	1791442614107483.662	1791442614107526.262	42.6	805	807	1791442614107480.962	1791442614107538.282	0.02	0.0	2.7	12.02	57.32	0.01999861699999883	14.700001383	14.72	6093	1791442614107472.252	9.4	6.5	14.55	16.36	64.43	1	1	3.56	4.12	11.41	10.36	802	71.76
275	1	5	28	1	0	P	P	B	0x12c041e00000	P	A	274	conditioner	P	0	1	1	1	199.579998851	304.533000000	PP	4	460	809	40	1791442614107755.706	1791442614107791.590	35.884	808	810	1791442614107592.026	1791442614107791.610	0.02	0.02	163.68	0.02	199.584	0.004001149000004034	163.695998851	163.7	6105	1791442614107591.772	8.86	6.15	15.0	15.84	252.14	1	1	3.18	3.73	163.934	162.944	806	229.444
276	1	5	28	1	0	P2	P	B	0x12c041e00000	P	B	275	probe	P	0	1	1	1	41.579999030	220.871000000	PP	4	460	813	40	1791442614108021.414	1791442614108060.554	39.14	812	814	1791442614108018.994	1791442614108060.574	0.02	0.02	2.42	0.02	41.58	9.699999949930316e-07	2.4399990300000027	2.44	6118	1791442614107897.692	8.13	5.3	14.72	8.2	175.87	1	1	3.42	4.65	123.722	122.652	809	229.824
277	1	6	17	0	0	C	C	A	0x12c041a00000	P	B	276	conditioner	C	0	0	0	1	32.960001379	108.961000000	PP	4	460	817	32	1791442614108145.994	1791442614108176.238	30.244	816	818	1791442614108143.294	1791442614108176.258	0.02	0.02	2.7	0.02	32.964	0.003998621000000924	2.716001378999998	2.72	6131	1791442614108119.832	8.92	5.53	14.2	9.08	62.81	1	1	3.62	4.25	26.162	24.872	813	85.44
278	1	6	17	0	0	P2	P	A	0x12c041a00000	C	A	277	probe	C	0	0	0	1	27.920000255	134.111000000	PP	4	460	820	40	1791442614108288.478	1791442614108310.878	22.4	819	821	1791442614108282.958	1791442614108310.898	0.02	0.02	5.52	0.02	27.94	0.01999974499999979	5.520000255000003	5.54	6143	1791442614108237.372	7.88	5.15	22.03	12.45	78.56	1	1	3.26	3.86	51.106	50.136	817	112.24
279	1	6	17	1	1	C	C	B	0x12c041e00000	P	A	278	conditioner	C	0	0	0	1	27.119999751	128.591000000	PP	4	460	824	32	1791442614108414.262	1791442614108438.362	24.1	823	825	1791442614108411.242	1791442614108438.382	0.02	0.02	3.02	0.02	27.14	0.02000024899999886	3.0199997510000003	3.04	6156	1791442614108364.032	8.42	5.54	13.33	14.64	78.66	1	1	3.33	4.04	50.23	49.1	820	103.384
280	1	6	17	1	1	P1	P	B	0x12c041e00000	C	B	279	probe	C	0	0	0	1	28.899999335	185.061000000	PP	4	460	827	40	1791442614108602.786	1791442614108628.886	26.1	826	828	1791442614108600.006	1791442614108628.926	0.02	0.0	2.78	0.04	28.92	0.020000665000001305	2.799999334999999	2.82	6168	1791442614108494.382	8.39	5.66	14.57	14.29	135.02	1	1	2.98	4.05	108.404	107.344	824	164.424
281	1	7	6	0	0	P	P	A	0x12c041a00000	P	B	280	conditioner	P	1	1	0	0	136.920005083	207.132000000	PP	4	460	831	40	1791442614108793.570	1791442614108820.450	26.88	830	832	1791442614108683.546	1791442614108820.470	0.02	0.02	110.024	0.02	136.924	0.003994916999999987	110.04000508300001	110.044	6181	1791442614108679.992	8.85	6.13	13.73	14.34	157.36	1	1	3.25	4.02	113.578	112.618	827	164.684
282	1	7	6	0	0	P1	P	B	0x12c041e00000	P	A	281	probe	P	1	1	0	0	28.500000015	205.091000000	PP	4	460	835	40	1791442614109007.774	1791442614109033.294	25.52	834	836	1791442614109004.834	1791442614109033.314	0.0	0.02	2.94	0.02	28.48	-0.020000015000000815	2.9800000150000017	2.96	6194	1791442614108888.552	8.37	5.73	13.95	14.33	155.51	1	1	3.32	3.92	119.222	118.202	831	187.324
283	1	7	6	1	1	P	P	B	0x12c041e00000	P	B	282	conditioner	P	1	1	0	0	28.340000659	181.962000000	PP	4	460	839	40	1791442614109201.798	1791442614109227.178	25.38	838	840	1791442614109198.878	1791442614109227.198	0.02	0.02	2.92	0.02	28.32	-0.02000065900000081	2.960000659000002	2.94	6208	1791442614109094.752	8.59	5.76	13.84	14.34	132.18	1	1	3.26	3.98	107.046	106.006	835	168.504
284	1	7	6	1	1	P2	P	A	0x12c041a00000	P	B	283	probe	P	1	1	0	0	23.760000244	102.720000000	PP	4	460	843	40	1791442614109312.538	1791442614109332.918	20.38	842	844	1791442614109309.198	1791442614109332.938	0.02	0.02	3.34	0.02	23.74	-0.020000244000002	3.3800002440000014	3.36	6221	1791442614109279.092	8.34	5.5	14.77	14.43	51.9	1	1	3.48	4.1	33.446	32.476	839	85.36
285	1	8	27	0	1	C	C	A	0x12c041a00000	P	A	284	conditioner	C	1	0	1	1	151.979997754	212.942000000	PP	4	460	846	32	1791442614109509.842	1791442614109535.522	25.68	845	847	1791442614109383.582	1791442614109535.542	0.02	0.02	126.26	0.02	151.96	-0.019997754000002033	126.299997754	126.28	6233	1791442614109381.392	8.75	5.65	13.71	13.59	164.09	1	1	2.84	3.87	128.45	127.31	843	176.924
286	1	8	27	0	1	P1	P	B	0x12c041e00000	C	A	285	probe	C	1	0	1	1	25.839999318	112.431000000	PP	4	460	850	40	1791442614109635.106	1791442614109657.086	21.98	849	851	1791442614109631.286	1791442614109657.106	0.02	0.02	3.82	0.02	25.82	-0.019999317999999988	3.859999318	3.84	6246	1791442614109596.672	9.2	6.26	14.35	14.43	60.98	1	1	3.53	4.12	38.434	37.354	846	99.584
287	1	8	27	1	0	C	C	B	0x12c041e00000	P	B	286	conditioner	C	1	0	1	1	28.540000319	148.761000000	PP	4	460	853	32	1791442614109784.890	1791442614109809.870	24.98	852	854	1791442614109781.370	1791442614109809.890	0.02	0.02	3.52	0.02	28.52	-0.0200003190000011	3.5600003190000002	3.54	6258	1791442614109709.192	8.53	5.71	13.55	14.15	99.05	1	1	2.83	3.83	75.698	74.598	850	127.804
288	1	8	27	1	0	P2	P	A	0x12c041a00000	C	B	287	probe	C	1	0	1	1	121.679998934	188.941000000	PP	4	460	857	40	1791442614109966.530	1791442614109991.914	25.384	856	858	1791442614109870.230	1791442614109991.934	0.02	0.02	96.3	0.02	121.704	0.02400106599999674	96.295998934	96.32	6271	1791442614109865.072	9.64	6.2	15.03	14.98	135.94	1	1	3.26	4.06	101.458	99.698	853	156.66
289	1	9	16	0	0	P	P	A	0x12c041a00000	P	A	288	conditioner	P	0	0	0	1	53.980000317	103.321000000	PP	4	460	861	40	1791442614110091.034	1791442614110111.294	20.26	860	862	1791442614110057.334	1791442614110111.314	0.02	0.02	33.7	0.02	53.98	-3.1700000135970186e-07	33.720000317	33.72	6284	1791442614110055.182	9.31	6.48	14.85	14.35	51.61	1	1	3.46	3.96	35.852	34.802	857	99.12
290	1	9	16	0	0	P2	P	A	0x12c041a00000	P	A	289	probe	P	0	0	0	1	29.820000753	167.701000000	PP	4	460	864	40	1791442614110240.498	1791442614110268.278	27.78	863	865	1791442614110238.478	1791442614110268.298	0.02	0.02	2.02	0.02	29.82	-7.529999983546531e-07	2.0400007529999975	2.04	6296	1791442614110157.552	8.06	5.46	13.84	14.29	119.39	1	1	2.87	3.81	82.946	81.956	861	129.204
291	1	9	16	1	1	P	P	B	0x12c041e00000	P	A	290	conditioner	P	0	0	0	1	114.959999919	180.842000000	PP	4	460	868	40	1791442614110420.642	1791442614110449.322	28.68	867	869	1791442614110334.378	1791442614110449.342	0.0	0.02	86.264	0.02	114.964	0.004000081000000932	86.279999919	86.284	6309	1791442614110328.052	9.47	6.46	14.56	16.27	127.35	1	1	3.48	4.11	92.59	91.45	864	152.364
292	1	9	16	1	1	P1	P	B	0x12c041e00000	P	B	291	probe	P	0	0	0	1	33.739998937	100.290000000	PP	4	460	872	40	1791442614110531.702	1791442614110563.202	31.5	871	873	1791442614110529.462	1791442614110563.222	0.02	0.02	2.24	0.02	33.76	0.020001062999995156	2.239998937000003	2.26	6322	1791442614110509.132	8.62	5.84	13.53	13.95	50.82	1	1	3.38	4.28	22.57	21.53	868	82.38
293	1	10	5	0	0	C	C	B	0x12c041e00000	P	B	292	conditioner	C	0	1	0	0	168.219998479	220.252000000	PP	4	460	875	32	1791442614110751.166	1791442614110772.910	21.744	874	876	1791442614110604.726	1791442614110772.950	0.02	0.0	146.44	0.04	168.224	0.004001520999992181	146.475998479	146.48	6334	1791442614110611.662	8.94	5.85	14.76	15.01	168.16	1	1	2.89	4.13	139.504	138.304	872	187.964
294	1	10	5	0	0	P1	P	B	0x12c041e00000	C	B	293	probe	C	0	1	0	0	27.279999107	140.841000000	PP	4	460	879	40	1791442614110892.910	1791442614110917.570	24.66	878	880	1791442614110890.330	1791442614110917.590	0.02	0.02	2.58	0.02	27.26	-0.01999910699999674	2.619999106999998	2.6	6347	1791442614110833.252	8.56	5.86	14.64	15.58	88.32	1	1	3.27	4.77	59.658	58.588	875	120.0
295	1	10	5	1	1	C	C	A	0x12c041a00000	P	B	294	conditioner	C	0	1	0	0	112.980000675	168.501000000	PP	4	460	883	32	1791442614110994.054	1791442614111016.974	22.92	882	884	1791442614110974.790	1791442614111087.774	0.024	0.02	19.264	70.8	112.984	0.003999324999995224	90.060000675	90.064	6360	1791442614110976.762	9.41	6.38	15.63	15.53	114.5	1	1	3.31	3.93	17.292	16.152	879	76.484
296	1	10	5	1	1	P2	P	A	0x12c041a00000	C	A	295	probe	C	0	1	0	0	18.340000883	159.341000000	PP	4	460	887	40	1791442614111234.238	1791442614111250.498	16.26	886	888	1791442614111232.198	1791442614111250.518	0.02	0.02	2.04	0.02	18.32	-0.020000882999998026	2.0800008829999967	2.06	6373	1791442614111145.332	10.19	6.82	14.47	14.37	105.98	1	1	3.46	4.23	88.906	87.386	883	217.264
297	1	11	26	0	1	P	P	A	0x12c041a00000	P	A	296	conditioner	P	1	0	1	1	26.639999822	165.772000000	PP	4	460	891	40	1791442614111390.002	1791442614111414.962	24.96	890	892	1791442614111388.342	1791442614111414.982	0.02	0.02	1.66	0.02	26.64	1.7800000051693132e-07	1.6799998219999992	1.68	6386	1791442614111305.422	8.82	5.96	13.65	13.43	116.03	1	1	3.49	4.46	84.58	83.56	887	139.504
298	1	11	26	0	1	P1	P	B	0x12c041e00000	P	A	297	probe	P	1	0	1	1	18.959999084	196.981000000	PP	4	460	895	40	1791442614111602.486	1791442614111618.846	16.36	894	896	1791442614111599.906	1791442614111618.886	0.02	0.02	2.58	0.04	18.98	0.020000916000000757	2.5999990840000002	2.62	6399	1791442614111473.772	8.76	5.99	14.77	15.99	144.14	1	1	3.39	4.0	128.714	127.654	891	187.524
299	1	11	26	1	0	P	P	B	0x12c041e00000	P	B	298	conditioner	P	1	0	1	1	18.759999424	133.351000000	PP	4	460	899	40	1791442614111737.146	1791442614111753.506	16.36	898	900	1791442614111734.786	1791442614111753.546	0.02	0.0	2.36	0.04	18.76	5.760000014731759e-07	2.3999994240000007	2.4	6412	1791442614111672.502	8.82	5.89	14.47	15.21	81.39	1	1	3.49	3.93	64.644	63.524	895	118.3
300	1	11	26	1	0	P2	P	A	0x12c041a00000	P	B	299	probe	P	1	0	1	1	18.680000678	134.411000000	PP	4	460	902	40	1791442614111871.970	1791442614111888.410	16.44	901	903	1791442614111869.750	1791442614111888.430	0.02	0.02	2.22	0.02	18.68	-6.779999992545527e-07	2.2400006779999977	2.24	6424	1791442614111808.032	9.38	5.92	15.47	14.61	80.56	1	1	3.39	4.33	63.938	62.828	899	118.464
301	1	12	15	0	1	C	C	B	0x12c041e00000	P	A	300	conditioner	C	1	1	1	0	45.919999480	95.371000000	PP	4	460	906	32	1791442614111962.890	1791442614111984.874	21.984	905	907	1791442614111943.390	1791442614111989.314	0.02	0.02	19.5	4.44	45.924	0.0040005199999981755	23.93599948	23.94	6437	1791442614111943.942	9.98	6.54	14.56	14.15	42.08	1	1	3.24	4.22	18.948	17.818	902	74.48
302	1	12	15	0	1	P2	P	A	0x12c041a00000	C	B	301	probe	C	1	1	1	0	19.179999828	136.391000000	PP	4	460	909	40	1791442614112106.274	1791442614112123.654	17.38	908	910	1791442614112104.494	1791442614112123.674	0.02	0.02	1.78	0.02	19.18	1.720000000204891e-07	1.7999998280000007	1.8	6449	1791442614112039.972	8.64	5.56	14.88	13.78	86.11	1	1	2.84	4.13	66.302	65.332	906	121.4
303	1	12	15	1	0	C	C	A	0x12c041a00000	P	A	302	conditioner	C	1	1	1	0	53.939998150	110.941000000	PP	4	460	913	32	1791442614112211.358	1791442614112234.498	23.14	912	914	1791442614112180.558	1791442614112234.518	0.02	0.02	30.8	0.02	53.96	0.020001849999999877	30.79999815	30.82	6462	1791442614112182.832	9.44	6.28	19.55	15.0	53.07	1	1	3.32	4.22	28.526	27.206	909	87.704
304	1	12	15	1	0	P1	P	B	0x12c041e00000	C	A	303	probe	C	1	1	1	0	93.379996717	153.611000000	PP	4	460	916	40	1791442614112358.998	1791442614112383.722	24.724	915	917	1791442614112290.358	1791442614112383.742	0.02	0.02	68.64	0.02	93.384	0.004003283000002966	68.655996717	68.66	6474	1791442614112290.632	8.05	5.29	15.89	14.42	102.64	1	1	3.01	3.81	68.366	67.266	913	124.5
305	1	13	4	0	0	P	P	B	0x12c041e00000	P	B	304	conditioner	P	0	1	0	0	18.640000373	168.811000000	PP	4	460	920	40	1791442614112539.342	1791442614112555.802	16.46	919	921	1791442614112537.182	1791442614112555.842	0.02	0.0	2.16	0.04	18.66	0.019999627000000686	2.1800003729999986	2.2	6487	1791442614112444.712	8.55	5.82	14.79	15.97	116.4	1	1	3.24	4.0	94.63	93.63	916	155.62
306	1	13	4	0	0	P1	P	B	0x12c041e00000	P	B	305	probe	P	0	1	0	0	18.640000373	154.731000000	PP	4	460	924	40	1791442614112697.746	1791442614112714.106	16.36	923	925	1791442614112695.466	1791442614112714.126	0.02	0.02	2.28	0.02	18.66	0.019999627000000686	2.280000373	2.3	6500	1791442614112613.422	8.74	5.99	13.36	14.64	105.09	1	1	3.36	3.9	84.324	83.204	920	141.944
307	1	13	4	1	1	P	P	A	0x12c041a00000	P	B	306	conditioner	P	0	1	0	0	171.159997582	228.242000000	PP	4	460	928	40	1791442614112923.910	1791442614112940.150	16.24	927	929	1791442614112769.006	1791442614112940.170	0.02	0.02	154.904	0.02	171.164	0.004002417999998897	154.91999758199998	154.924	6513	1791442614112770.092	8.92	6.24	14.26	14.31	177.77	1	1	3.2	4.21	153.818	152.828	924	209.804
308	1	13	4	1	1	P2	P	A	0x12c041a00000	P	A	307	probe	P	0	1	0	0	19.400000572	225.321000000	PP	4	460	932	40	1791442614113156.754	1791442614113173.238	16.484	931	933	1791442614113153.874	1791442614113173.254	0.02	0.024	2.88	0.016	19.38	-0.020000572000000716	2.916000571999998	2.896	6526	1791442614113000.042	8.51	5.74	13.67	13.82	176.05	1	1	3.4	4.25	156.712	155.612	928	216.604
309	1	14	25	0	1	C	C	B	0x12c041e00000	P	A	308	conditioner	C	0	0	1	1	20.460000262	145.772000000	PP	4	460	936	32	1791442614113305.258	1791442614113323.818	18.56	935	937	1791442614113303.378	1791442614113323.838	0.02	0.02	1.88	0.02	20.46	-2.6200000036169513e-07	1.9000002620000025	1.9	6539	1791442614113227.392	9.29	5.98	14.38	14.44	93.69	1	1	3.11	4.2	77.866	76.766	932	132.02
310	1	14	25	0	1	P1	P	B	0x12c041e00000	C	B	309	probe	C	0	0	1	1	109.659999609	165.691000000	PP	4	460	940	40	1791442614113463.222	1791442614113481.882	18.66	939	941	1791442614113372.258	1791442614113481.902	0.02	0.02	90.964	0.02	109.644	-0.015999608999990755	90.999999609	90.984	6552	1791442614113374.462	9.5	6.48	14.14	13.93	114.99	1	1	3.4	3.89	88.76	87.72	936	139.404
311	1	14	25	1	0	C	C	A	0x12c041a00000	P	B	310	conditioner	C	0	0	1	1	20.640000701	111.461000000	PP	4	460	944	32	1791442614113585.766	1791442614113603.466	17.7	943	945	1791442614113582.866	1791442614113603.506	0.02	0.0	2.9	0.04	20.64	-7.010000011575812e-07	2.9400007010000024	2.94	6565	1791442614113541.642	9.69	6.61	13.87	14.39	59.06	1	1	3.39	4.4	44.124	43.054	940	103.884
312	1	14	25	1	0	P2	P	A	0x12c041a00000	C	A	311	probe	C	0	0	1	1	19.260000437	103.700000000	PP	4	460	947	40	1791442614113690.466	1791442614113707.406	16.94	946	948	1791442614113688.146	1791442614113707.426	0.02	0.02	2.32	0.02	19.28	0.019999563000002496	2.3200004369999974	2.34	6577	1791442614113654.092	8.22	5.75	14.16	14.09	54.09	1	1	3.19	3.72	36.374	35.454	944	87.0
313	1	15	14	0	1	P	P	B	0x12c041e00000	P	A	312	conditioner	P	1	1	1	0	19.419999793	124.721000000	PP	4	460	950	40	1791442614113816.110	1791442614113832.830	16.72	949	951	1791442614113813.450	1791442614113832.870	0.02	0.02	2.66	0.04	19.42	2.0700000291640208e-07	2.699999793	2.7	6589	1791442614113757.942	8.35	5.78	14.12	13.36	77.22	1	1	2.7	3.69	58.168	57.248	947	108.704
314	1	15	14	0	1	P2	P	A	0x12c041a00000	P	B	313	probe	P	1	1	1	0	123.719997704	190.172000000	PP	4	460	954	40	1791442614113898.310	1791442614113914.950	16.64	953	955	1791442614113895.550	1791442614114019.294	0.02	0.02	2.76	104.344	123.744	0.02400229600000614	107.079997704	107.104	6602	1791442614113885.382	8.96	6.17	15.33	14.25	139.39	1	1	3.14	3.74	12.928	11.858	950	65.48
315	1	15	14	1	0	P	P	A	0x12c041a00000	P	A	314	conditioner	P	1	1	1	0	18.980000168	91.200000000	PP	4	460	958	40	1791442614114092.434	1791442614114108.834	16.4	957	959	1791442614114089.854	1791442614114108.854	0.02	0.02	2.58	0.02	19.0	0.019999831999999884	2.5800001680000015	2.6	6615	1791442614114076.502	8.89	6.1	14.67	14.45	40.61	1	1	3.34	3.89	15.932	14.942	954	177.484
316	1	15	14	1	0	P1	P	B	0x12c041e00000	P	A	315	probe	P	1	1	1	0	45.680001378	114.701000000	PP	4	460	961	40	1791442614114190.838	1791442614114222.078	31.24	960	962	1791442614114184.058	1791442614114229.718	0.02	0.02	6.78	7.64	45.66	-0.020001378000003456	14.440001378000002	14.42	6627	1791442614114167.862	7.67	5.31	14.46	14.48	66.44	1	1	2.82	3.77	22.976	22.036	958	82.004
317	1	16	3	0	0	C	C	B	0x12c041e00000	P	B	316	conditioner	C	1	0	0	0	46.739999205	186.492000000	PP	4	460	964	32	1791442614114304.798	1791442614114337.018	32.22	963	965	1791442614114302.778	1791442614114349.498	0.02	0.02	2.02	12.48	46.72	-0.019999204999997744	14.519999204999998	14.5	6639	1791442614114283.242	8.04	5.25	13.75	14.13	137.69	1	1	2.72	3.88	21.556	20.596	961	82.72
318	1	16	3	0	0	P1	P	A	0x12c041a00000	C	B	317	probe	C	1	0	0	0	75.460001826	178.791000000	PP	4	460	968	40	1791442614114483.902	1791442614114515.882	31.98	967	969	1791442614114470.822	1791442614114546.282	0.0	0.0	13.08	30.4	75.46	-1.826000001869943e-06	43.48000182599999	43.48	6651	1791442614114471.652	9.88	6.56	13.98	14.36	127.5	1	1	3.38	3.98	12.25	10.71	964	146.884
319	1	16	3	1	1	C	C	A	0x12c041a00000	P	A	318	conditioner	C	1	0	0	0	100.620001554	179.741000000	PP	4	460	972	32	1791442614114677.126	1791442614114712.826	35.7	971	973	1791442614114670.426	1791442614114771.026	0.0	0.02	6.7	58.2	100.6	-0.020001554000003807	64.920001554	64.9	6663	1791442614114652.302	10.18	6.43	13.71	13.82	128.11	1	1	3.32	3.94	24.824	23.634	968	161.244
320	1	16	3	1	1	P2	P	B	0x12c041e00000	C	A	319	probe	C	1	0	0	0	27.920000255	148.501000000	PP	4	460	976	40	1791442614114900.010	1791442614114925.290	25.28	975	977	1791442614114897.390	1791442614114925.310	0.02	0.02	2.62	0.02	27.92	-2.5499999978251253e-07	2.6400002550000004	2.64	6676	1791442614114833.622	9.17	6.16	14.48	14.45	97.06	1	1	3.38	4.0	66.388	65.108	972	187.184
321	1	17	24	0	1	P	P	B	0x12c041e00000	P	B	320	conditioner	P	0	0	1	1	106.140002608	211.782000000	PP	4	460	980	40	1791442614115034.194	1791442614115137.714	103.52	979	981	1791442614115031.594	1791442614115137.734	0.02	0.02	2.6	0.02	106.14	-2.608000002624067e-06	2.620002608000007	2.62	6689	1791442614114984.192	8.92	6.11	15.13	13.19	161.13	1	1	3.31	4.1	50.002	48.862	976	108.904
322	1	17	24	0	1	P1	P	B	0x12c041e00000	P	B	321	probe	P	0	0	1	1	71.120001376	212.301000000	PP	4	460	984	40	1791442614115225.218	1791442614115261.918	36.7	983	985	1791442614115190.798	1791442614115261.938	0.02	0.02	34.42	0.02	71.14	0.019998623999995857	34.420001376	34.44	6702	1791442614115195.382	8.99	6.2	13.33	15.14	161.73	1	1	3.45	3.95	29.836	28.726	980	87.504
323	1	17	24	1	0	P	P	A	0x12c041a00000	P	B	322	conditioner	P	0	0	1	1	37.020001560	158.682000000	PP	4	460	988	40	1791442614115472.262	1791442614115507.102	34.84	987	989	1791442614115470.122	1791442614115507.142	0.02	0.0	2.14	0.04	37.02	-1.559999994071859e-06	2.180001559999994	2.18	6714	1791442614115409.812	8.94	6.15	14.32	14.47	107.55	1	1	3.5	4.11	62.45	61.44	984	210.344
324	1	17	24	1	0	P2	P	A	0x12c041a00000	P	A	323	probe	P	0	0	1	1	34.040000290	201.141000000	PP	4	460	992	40	1791442614115650.026	1791442614115682.366	32.34	991	993	1791442614115648.346	1791442614115682.386	0.02	0.02	1.68	0.02	34.04	-2.900000026784255e-07	1.7000002899999984	1.7	6727	1791442614115570.112	9.03	6.22	14.49	13.99	150.09	1	1	3.55	3.88	79.914	78.844	988	142.924
325	1	18	13	0	1	C	C	A	0x12c041a00000	P	A	324	conditioner	C	0	1	1	0	63.259996474	139.661000000	PP	4	460	996	32	1791442614115790.830	1791442614115823.310	32.48	995	997	1791442614115788.710	1791442614115851.990	0.02	0.02	2.12	28.68	63.28	0.020003526000003546	30.779996474	30.8	6740	1791442614115777.462	9.48	6.19	19.4	13.72	83.11	1	1	3.42	4.44	13.368	12.168	992	108.464
326	1	18	13	0	1	P2	P	A	0x12c041a00000	C	A	325	probe	C	0	1	1	0	88.780000806	159.701000000	PP	4	460	1000	40	1791442614115958.790	1791442614115999.974	41.184	999	1001	1791442614115911.230	1791442614115999.994	0.0	0.02	47.56	0.02	88.764	-0.016000806000008083	47.596000806000006	47.58	6752	1791442614115914.462	9.13	6.11	15.5	14.22	107.31	1	1	3.55	4.17	44.328	43.278	996	135.48
327	1	18	13	1	0	C	C	B	0x12c041e00000	P	A	326	conditioner	C	0	1	1	0	39.519999176	160.951000000	PP	4	460	1004	32	1791442614116131.134	1791442614116168.574	37.44	1003	1005	1791442614116129.074	1791442614116168.594	0.02	0.02	2.06	0.02	39.52	8.240000042292195e-07	2.079999176000001	2.08	6764	1791442614116074.922	9.48	6.39	14.07	13.72	109.4	1	1	3.63	4.13	56.212	55.082	1000	131.16
328	1	18	13	1	0	P1	P	B	0x12c041e00000	C	B	327	probe	C	0	1	1	0	93.759998679	146.952000000	PP	4	460	1008	40	1791442614116288.858	1791442614116324.258	35.4	1007	1009	1791442614116230.498	1791442614116324.278	0.02	0.02	58.36	0.02	93.78	0.020001320999995187	58.35999867900001	58.38	6777	1791442614116236.472	9.24	6.2	13.26	13.97	96.96	1	1	3.54	4.03	52.386	51.246	1004	120.284
329	1	19	2	0	0	P	P	B	0x12c041e00000	P	B	328	conditioner	P	1	0	0	0	302.419990301	388.612000000	PP	4	460	1012	40	1791442614116411.642	1791442614116710.986	299.344	1011	1013	1791442614116408.582	1791442614116711.006	0.02	0.02	3.06	0.02	302.424	0.004009698999993816	3.0759903009999903	3.08	6789	1791442614116387.252	9.95	6.77	15.61	14.68	334.28	1	1	3.95	4.25	24.39	23.33	1008	87.384
330	1	19	2	0	0	P1	P	A	0x12c041a00000	P	B	329	probe	P	1	0	0	0	36.219999194	163.442000000	PP	4	460	1016	40	1791442614116849.230	1791442614116880.130	30.9	1015	1017	1791442614116843.930	1791442614116880.150	0.02	0.02	5.3	0.02	36.22	8.059999956344654e-07	5.319999194000005	5.32	6802	1791442614116774.622	8.74	6.02	13.76	13.74	114.13	1	1	3.43	4.01	74.608	73.608	1012	138.244
331	1	19	2	1	1	P	P	A	0x12c041a00000	P	A	330	conditioner	P	1	0	0	0	38.800001144	207.561000000	PP	4	460	1020	40	1791442614117055.574	1791442614117091.614	36.04	1019	1021	1791442614117052.834	1791442614117091.654	0.02	0.02	2.74	0.04	38.82	0.019998856000000842	2.7600011440000003	2.78	6815	1791442614116939.242	8.98	5.96	13.44	14.53	157.3	1	1	3.48	4.14	116.332	115.112	1016	175.444
332	1	19	2	1	1	P2	P	B	0x12c041e00000	P	A	331	probe	P	1	0	0	0	34.180000424	197.632000000	PP	4	460	1024	40	1791442614117259.118	1791442614117290.898	31.78	1023	1025	1791442614117256.718	1791442614117290.918	0.02	0.02	2.4	0.02	34.2	0.01999957600000357	2.400000423999998	2.42	6828	1791442614117148.512	9.82	6.98	13.9	14.87	145.98	1	1	3.43	3.94	110.606	109.596	1020	167.504
333	1	20	23	0	0	C	C	A	0x12c041a00000	P	B	332	conditioner	C	1	1	0	1	102.080002427	175.731000000	PP	4	460	1028	32	1791442614117358.618	1791442614117381.542	22.924	1027	1029	1791442614117356.358	1791442614117458.442	0.02	0.02	2.26	76.9	102.084	0.003997573000006582	79.156002427	79.16	6841	1791442614117348.212	9.91	6.43	14.26	15.23	122.55	1	1	3.58	4.06	10.406	9.176	1024	67.72
334	1	20	23	0	0	P2	P	B	0x12c041e00000	C	A	333	probe	C	1	1	0	1	38.180001080	115.041000000	PP	4	460	1032	40	1791442614117559.942	1791442614117592.266	32.324	1031	1033	1791442614117554.122	1791442614117592.286	0.02	0.02	5.82	0.02	38.164	-0.016001079999995227	5.856001079999999	5.84	6854	1791442614117526.192	9.36	6.29	15.33	14.51	62.39	1	1	3.55	3.99	33.75	32.6	1028	178.4
335	1	20	23	1	1	C	C	B	0x12c041e00000	P	B	334	conditioner	C	1	1	0	1	24.240000173	155.511000000	PP	4	460	1035	32	1791442614117714.926	1791442614117737.026	22.1	1034	1036	1791442614117712.806	1791442614117737.046	0.02	0.02	2.12	0.02	24.24	-1.7300000010322947e-07	2.140000172999997	2.14	6866	1791442614117639.572	8.5	5.67	13.33	13.24	107.21	1	1	2.97	3.8	75.354	74.284	1032	122.66
336	1	20	23	1	1	P1	P	A	0x12c041a00000	C	B	335	probe	C	1	1	0	1	48.140000552	241.082000000	PP	4	460	1039	40	1791442614117939.010	1791442614117982.774	43.764	1038	1040	1791442614117934.650	1791442614117982.790	0.02	0.024	4.36	0.016	48.14	-5.519999959346933e-07	4.376000551999994	4.376	6879	1791442614117797.812	8.87	6.02	14.26	13.46	191.01	1	1	3.29	3.94	141.198	140.138	1035	201.984
337	1	21	12	0	1	P	P	A	0x12c041a00000	P	A	336	conditioner	P	0	1	1	0	26.000000536	199.901000000	PP	4	460	1043	40	1791442614118160.014	1791442614118183.918	23.904	1042	1044	1791442614118157.934	1791442614118183.934	0.02	0.024	2.08	0.016	26.0	-5.360000017162747e-07	2.096000536000002	2.096	6892	1791442614118039.312	8.59	5.9	13.42	14.7	149.53	1	1	3.29	4.67	120.702	119.662	1039	177.24
338	1	21	12	0	1	P2	P	A	0x12c041a00000	P	A	337	probe	P	0	1	1	0	39.599999785	226.002000000	PP	4	460	1047	40	1791442614118373.718	1791442614118410.862	37.144	1046	1048	1791442614118371.278	1791442614118410.882	0.02	0.02	2.44	0.02	39.604	0.004000214999997809	2.455999785000003	2.46	6905	1791442614118241.612	8.88	6.0	14.36	14.96	174.64	1	1	3.47	4.14	132.106	131.016	1043	189.8
339	1	21	12	1	0	P	P	B	0x12c041e00000	P	A	338	conditioner	P	0	1	1	0	151.979997754	208.181000000	PP	4	460	1051	40	1791442614118586.466	1791442614118618.246	31.78	1050	1052	1791442614118466.302	1791442614118618.286	0.0	0.0	120.164	0.04	151.984	0.004002245999998877	120.19999775400001	120.204	6918	1791442614118468.952	8.99	6.16	14.29	15.35	156.57	1	1	3.39	3.95	117.514	116.394	1047	175.604
340	1	21	12	1	0	P1	P	B	0x12c041e00000	P	B	339	probe	P	0	1	1	0	39.840001613	197.212000000	PP	4	460	1055	40	1791442614118795.510	1791442614118827.230	31.72	1054	1056	1791442614118787.430	1791442614118827.250	0.02	0.02	8.08	0.02	39.82	-0.02000161299999803	8.120001613	8.1	6931	1791442614118678.102	8.81	5.79	14.18	14.8	145.83	1	1	3.44	4.7	117.408	116.308	1051	177.264
341	1	22	1	0	0	C	C	A	0x12c041a00000	P	B	340	conditioner	C	0	0	0	0	146.840006113	210.171000000	PP	4	460	1059	32	1791442614118991.634	1791442614119027.754	36.12	1058	1060	1791442614118880.930	1791442614119027.774	0.02	0.02	110.704	0.02	146.844	0.003993887000007135	110.72000611299998	110.724	6944	1791442614118876.932	9.96	6.53	14.05	14.68	157.4	1	1	3.4	4.16	114.702	113.502	1055	164.404
342	1	22	1	0	0	P1	P	A	0x12c041a00000	C	A	341	probe	C	0	0	0	0	321.220010519	380.163000000	PP	4	460	1063	40	1791442614119105.474	1791442614119408.322	302.848	1062	1064	1791442614119087.134	1791442614119408.342	0.02	0.02	18.34	0.02	321.208	-0.012010519000000386	18.372010519000014	18.36	6957	1791442614119088.632	9.47	6.32	14.43	14.33	328.09	1	1	3.38	3.97	16.842	15.652	1059	77.72
343	1	22	1	1	1	C	C	B	0x12c041e00000	P	A	342	conditioner	C	0	0	0	0	42.840000242	170.481000000	PP	4	460	1067	32	1791442614119536.622	1791442614119571.262	34.64	1066	1068	1791442614119528.442	1791442614119571.282	0.02	0.02	8.18	0.02	42.84	-2.419999987068877e-07	8.200000242000002	8.2	6970	1791442614119470.482	10.18	6.03	14.42	13.75	118.71	1	1	3.61	4.03	66.14	64.09	1063	128.3
344	1	22	1	1	1	P2	P	B	0x12c041e00000	C	B	343	probe	C	0	0	0	0	41.560001671	273.832000000	PP	4	460	1071	40	1791442614119818.410	1791442614119856.710	38.3	1070	1072	1791442614119815.190	1791442614119856.750	0.02	0.0	3.22	0.04	41.56	-1.6709999997033265e-06	3.260001671000005	3.26	6983	1791442614119641.012	8.88	5.89	13.26	14.56	222.9	1	1	3.28	4.13	177.398	176.228	1067	247.148
345	1	23	22	0	0	P	P	A	0x12c041a00000	P	B	344	conditioner	P	1	1	0	1	30.600000173	166.052000000	PP	4	460	1075	40	1791442614119999.594	1791442614120026.754	27.16	1074	1076	1791442614119996.174	1791442614120026.774	0.02	0.02	3.42	0.02	30.6	-1.7300000010322947e-07	3.4400001730000014	3.44	6996	1791442614119918.452	9.63	6.33	15.02	14.22	112.51	1	1	3.81	4.22	81.142	79.822	1071	142.884
346	1	23	22	0	0	P2	P	B	0x12c041e00000	P	A	345	probe	P	1	1	0	1	188.740000129	269.122000000	PP	4	460	1079	40	1791442614120116.914	1791442614120148.354	31.44	1078	1080	1791442614120108.814	1791442614120297.578	0.02	0.0	8.1	149.224	188.764	0.023999871000000894	157.300000129	157.324	7009	1791442614120084.902	9.3	6.26	14.42	14.33	217.03	1	1	3.44	4.72	32.012	30.812	1075	90.16
347	1	23	22	1	1	P	P	B	0x12c041e00000	P	B	346	conditioner	P	1	1	0	1	122.220002115	309.012000000	PP	4	460	1083	40	1791442614120490.442	1791442614120609.826	119.384	1082	1084	1791442614120487.622	1791442614120609.846	0.02	0.02	2.82	0.02	122.224	0.003997885000003976	2.8360021149999994	2.84	7022	1791442614120354.642	8.9	5.93	13.75	16.33	256.24	1	1	3.54	4.07	135.8	134.74	1079	342.088
348	1	23	22	1	1	P1	P	A	0x12c041a00000	P	B	347	probe	P	1	1	0	1	64.680002630	131.751000000	PP	4	460	1087	40	1791442614120702.326	1791442614120740.126	37.8	1086	1088	1791442614120675.486	1791442614120740.146	0.02	0.02	26.84	0.02	64.66	-0.02000263000000757	26.880002630000007	26.86	7035	1791442614120665.462	9.15	6.25	14.3	16.81	77.17	1	1	3.47	4.64	36.864	35.694	1083	92.5
349	1	24	11	0	1	C	C	A	0x12c041a00000	P	A	348	conditioner	C	1	0	1	0	23.900000378	113.781000000	PP	4	460	1091	32	1791442614120844.970	1791442614120867.010	22.04	1090	1092	1791442614120843.130	1791442614120867.030	0.0	0.02	1.84	0.02	23.9	-3.780000028541508e-07	1.8600003780000023	1.86	7048	1791442614120798.862	10.35	6.29	14.2	14.56	60.76	1	1	3.47	4.16	46.108	44.238	1087	104.844
350	1	24	11	0	1	P2	P	B	0x12c041e00000	C	A	349	probe	C	1	0	1	0	38.720000535	215.771000000	PP	4	460	1094	40	1791442614121037.554	1791442614121074.194	36.64	1093	1095	1791442614121035.514	1791442614121074.214	0.02	0.02	2.04	0.02	38.7	-0.020000534999994102	2.0800005349999964	2.06	7060	1791442614120913.642	8.87	6.0	14.5	14.48	164.91	1	1	3.02	3.9	123.912	122.882	1091	170.544
351	1	24	11	1	0	C	C	B	0x12c041e00000	P	B	350	conditioner	C	1	0	1	0	138.019993901	201.752000000	PP	4	460	1098	32	1791442614121222.278	1791442614121266.458	44.18	1097	1099	1791442614121128.434	1791442614121266.478	0.02	0.02	93.844	0.02	138.044	0.02400609900001882	93.83999390099999	93.864	7073	1791442614121130.892	9.71	6.57	14.19	14.31	149.82	1	1	3.39	4.06	91.386	90.136	1094	148.084
352	1	24	11	1	0	P1	P	A	0x12c041a00000	C	B	351	probe	C	1	0	1	0	44.360000640	185.121000000	PP	4	460	1102	40	1791442614121425.882	1791442614121462.222	36.34	1101	1103	1791442614121417.882	1791442614121462.242	0.02	0.02	8.0	0.02	44.36	-6.400000032158459e-07	8.02000064	8.02	7086	1791442614121329.702	8.24	5.4	9.96	13.69	139.76	1	1	3.28	4.27	96.18	95.24	1098	159.424
353	1	25	0	0	0	P	P	A	0x12c041a00000	P	A	352	conditioner	P	0	0	0	0	113.920003176	182.741000000	PP	4	460	1106	40	1791442614121611.606	1791442614121644.926	33.32	1105	1107	1791442614121531.022	1791442614121644.966	0.02	0.0	80.584	0.04	113.944	0.023996824000008132	80.600003176	80.624	7099	1791442614121521.202	8.79	5.83	14.52	8.74	137.13	1	1	3.56	4.16	90.404	89.304	1102	149.384
354	1	25	0	0	0	P1	P	A	0x12c041a00000	P	A	353	probe	P	0	0	0	0	310.180008411	429.824000000	PP	4	460	1110	40	1791442614121774.026	1791442614122078.794	304.768	1109	1111	1791442614121768.626	1791442614122078.814	0.02	0.02	5.4	0.02	310.188	0.0079915889999711	5.412008411000045	5.42	7112	1791442614121705.002	8.99	6.1	14.08	13.21	380.25	1	1	3.42	4.27	69.024	67.914	1106	129.1
355	1	25	0	1	1	P	P	B	0x12c041e00000	P	A	354	conditioner	P	0	0	0	0	44.199999422	116.330000000	PP	4	460	1114	40	1791442614122161.494	1791442614122193.558	32.064	1113	1115	1791442614122154.074	1791442614122198.278	0.02	0.02	7.42	4.72	44.204	0.0040005780000029745	12.135999421999998	12.14	7125	1791442614122135.862	8.85	6.1	13.75	14.5	65.66	1	1	3.35	4.17	25.632	24.612	1110	82.7
356	1	25	0	1	1	P2	P	B	0x12c041e00000	P	B	355	probe	P	0	0	0	0	37.000000477	197.122000000	PP	4	460	1117	40	1791442614122361.518	1791442614122396.222	34.704	1116	1118	1791442614122359.238	1791442614122396.262	0.02	0.02	2.28	0.04	37.024	0.023999523000000522	2.2960004769999998	2.32	7137	1791442614122254.262	8.13	5.6	14.51	14.09	147.31	1	1	3.13	3.93	107.256	106.246	1114	167.96
357	1	26	21	0	0	C	C	B	0x12c041e00000	P	B	356	conditioner	C	0	1	0	1	36.419998854	116.501000000	PP	4	460	1121	32	1791442614122481.322	1791442614122515.062	33.74	1120	1122	1791442614122478.642	1791442614122515.082	0.02	0.02	2.68	0.02	36.44	0.02000114599999847	2.6799988539999973	2.7	7150	1791442614122452.462	10.0	6.02	13.73	14.03	64.59	1	1	3.28	4.33	28.86	27.09	1117	85.1
358	1	26	21	0	0	P2	P	B	0x12c041e00000	C	B	357	probe	C	0	1	0	1	104.800000787	273.872000000	PP	4	460	1124	40	1791442614122607.286	1791442614122669.506	62.22	1123	1125	1791442614122564.722	1791442614122669.526	0.02	0.02	42.564	0.02	104.804	0.003999213000000168	42.580000787	42.584	7162	1791442614122571.492	9.26	6.13	15.64	14.01	222.25	1	1	3.27	3.94	35.794	34.714	1121	92.224
359	1	26	21	1	1	C	C	A	0x12c041a00000	P	B	358	conditioner	C	0	1	0	1	36.400001496	229.251000000	PP	4	460	1128	32	1791442614122985.214	1791442614123018.514	33.3	1127	1129	1791442614122982.130	1791442614123018.534	0.02	0.02	3.084	0.02	36.404	0.003998504000001901	3.1000014960000044	3.104	7174	1791442614122847.582	9.16	6.17	16.18	13.8	176.61	1	1	3.4	4.15	137.632	136.502	1124	315.708
360	1	26	21	1	1	P1	P	A	0x12c041a00000	C	A	359	probe	C	0	1	0	1	94.619996846	253.362000000	PP	4	460	1132	40	1791442614123182.854	1791442614123274.858	92.004	1131	1133	1791442614123180.234	1791442614123274.878	0.02	0.02	2.62	0.02	94.644	0.024003153999998972	2.6159968460000016	2.64	7187	1791442614123076.052	9.09	6.18	14.31	14.38	202.65	1	1	3.28	4.06	106.802	105.682	1128	164.34
361	1	27	10	0	1	P	P	A	0x12c041a00000	P	A	360	conditioner	P	1	0	1	0	43.079998344	136.851000000	PP	4	460	1136	40	1791442614123381.678	1791442614123419.522	37.844	1135	1137	1791442614123376.458	1791442614123419.542	0.0	0.02	5.22	0.02	43.084	0.004001655999999798	5.235998344000002	5.24	7200	1791442614123330.862	8.98	6.05	14.58	14.42	85.84	1	1	3.35	4.1	50.816	49.716	1132	106.82
362	1	27	10	0	1	P2	P	B	0x12c041e00000	P	A	361	probe	P	1	0	1	0	39.179999381	223.202000000	PP	4	460	1139	40	1791442614123594.826	1791442614123631.606	36.78	1138	1140	1791442614123592.426	1791442614123631.626	0.02	0.02	2.4	0.02	39.2	0.020000619000001052	2.3999993810000007	2.42	7212	1791442614123467.742	8.17	5.69	13.9	14.41	174.41	1	1	2.92	3.79	127.084	126.044	1136	175.304
363	1	27	10	1	0	P	P	B	0x12c041e00000	P	B	362	conditioner	P	1	0	1	0	34.460000694	161.371000000	PP	4	460	1143	40	1791442614123765.186	1791442614123797.710	32.524	1142	1144	1791442614123763.266	1791442614123797.750	0.02	0.02	1.92	0.04	34.484	0.02399930600000033	1.9360006940000005	1.96	7225	1791442614123693.452	8.39	5.74	14.57	15.25	96.27	1	1	3.19	18.4	71.734	70.684	1139	133.58
364	1	27	10	1	0	P1	P	A	0x12c041a00000	P	B	363	probe	P	1	0	1	0	40.100000799	121.771000000	PP	4	460	1147	40	1791442614123891.810	1791442614123929.770	37.96	1146	1148	1791442614123889.690	1791442614123929.790	0.02	0.02	2.12	0.02	40.1	-7.989999986079965e-07	2.140000798999999	2.14	7238	1791442614123856.732	8.84	5.9	14.41	13.41	71.89	1	1	3.46	4.09	35.078	33.918	1143	94.1
365	1	28	31	0	1	C	C	B	0x12c041e00000	P	A	364	conditioner	C	1	1	1	1	41.459999979	101.151000000	PP	4	460	1150	32	1791442614123994.654	1791442614124021.434	26.78	1149	1151	1791442614123990.494	1791442614124031.954	0.0	0.02	4.16	10.52	41.46	2.0999998184834112e-08	14.679999979000002	14.68	7250	1791442614123978.782	9.05	5.98	13.74	14.42	50.59	1	1	2.88	4.01	15.872	14.742	1147	64.884
366	1	28	31	0	1	P1	P	A	0x12c041a00000	C	B	365	probe	C	1	1	1	1	40.479999036	121.451000000	PP	4	460	1153	40	1791442614124124.034	1791442614124156.934	32.9	1152	1154	1791442614124116.494	1791442614124156.954	0.02	0.02	7.54	0.02	40.46	-0.019999036000001524	7.579999036000004	7.56	7262	1791442614124081.342	7.75	5.26	14.76	13.99	72.33	1	1	2.61	4.31	42.692	41.772	1150	102.6
367	1	28	31	1	0	C	C	A	0x12c041a00000	P	A	366	conditioner	C	1	1	1	1	41.740000248	124.881000000	PP	4	460	1156	32	1791442614124250.758	1791442614124285.618	34.86	1155	1157	1791442614124243.898	1791442614124285.638	0.02	0.02	6.86	0.02	41.74	-2.4799999920332993e-07	6.880000248000002	6.88	7274	1791442614124202.192	8.02	5.33	13.23	13.53	77.85	1	1	2.7	3.8	48.566	47.606	1153	93.824
368	1	28	31	1	0	P2	P	B	0x12c041e00000	C	A	367	probe	C	1	1	1	1	35.679999739	221.681000000	PP	4	460	1159	40	1791442614124370.978	1791442614124404.402	33.424	1158	1160	1791442614124368.738	1791442614124404.422	0.02	0.02	2.24	0.02	35.684	0.004000260999994509	2.2559997390000035	2.26	7286	1791442614124329.072	7.7	5.33	14.56	14.24	173.27	1	1	2.69	3.74	41.906	40.986	1156	85.36
369	1	29	20	0	0	P	P	B	0x12c041e00000	P	B	368	conditioner	P	0	1	0	1	199.579998851	268.712000000	PP	4	460	1163	40	1791442614124620.706	1791442614124762.946	142.24	1162	1164	1791442614124563.382	1791442614124762.966	0.02	0.02	57.324	0.02	199.584	0.004001149000004034	57.33999885099999	57.344	7298	1791442614124553.192	8.62	5.92	14.83	13.53	218.65	1	1	3.32	3.85	67.514	66.464	1159	216.304
370	1	29	20	0	0	P2	P	B	0x12c041e00000	P	B	369	probe	P	0	1	0	1	39.379999042	236.942000000	PP	4	460	1167	40	1791442614124885.950	1791442614124917.970	32.02	1166	1168	1791442614124878.590	1791442614124917.990	0.02	0.02	7.36	0.02	39.4	0.020000957999997127	7.359999041999998	7.38	7311	1791442614124821.972	8.79	5.93	14.01	14.52	186.83	1	1	3.27	4.01	63.978	62.948	1163	123.004
371	1	29	20	1	1	P	P	A	0x12c041a00000	P	B	370	conditioner	P	0	1	0	1	26.040000841	143.391000000	PP	4	460	1171	40	1791442614125124.274	1791442614125147.914	23.64	1170	1172	1791442614125121.874	1791442614125147.934	0.02	0.02	2.4	0.02	26.06	0.01999915899999749	2.4000008410000007	2.42	7323	1791442614125060.432	8.55	5.76	14.1	14.56	93.33	1	1	3.35	4.04	63.842	62.712	1167	206.304
372	1	29	20	1	1	P1	P	A	0x12c041a00000	P	A	371	probe	P	0	1	0	1	55.520001799	205.161000000	PP	4	460	1175	40	1791442614125299.758	1791442614125352.818	53.06	1174	1176	1791442614125297.318	1791442614125352.838	0.02	0.02	2.44	0.02	55.52	-1.7989999960832392e-06	2.460001798999997	2.46	7336	1791442614125205.412	8.61	5.72	14.12	14.54	154.88	1	1	3.35	4.03	94.346	93.206	1171	151.844
373	1	30	9	0	1	C	C	B	0x12c041e00000	P	A	372	conditioner	C	0	0	1	0	41.820000857	180.832000000	PP	4	460	1179	32	1791442614125502.042	1791442614125535.962	33.92	1178	1180	1791442614125494.162	1791442614125535.982	0.02	0.02	7.88	0.02	41.82	-8.569999963015107e-07	7.900000856999995	7.9	7349	1791442614125411.912	8.98	5.84	13.81	14.82	129.48	1	1	3.38	4.23	90.13	88.94	1175	149.224
374	1	30	9	0	1	P2	P	B	0x12c041e00000	C	B	373	probe	C	0	0	1	0	38.699999452	179.261000000	PP	4	460	1183	40	1791442614125688.186	1791442614125719.686	31.5	1182	1184	1791442614125681.006	1791442614125719.706	0.0	0.02	7.18	0.02	38.7	5.480000027091592e-07	7.199999452	7.2	7362	1791442614125594.152	8.86	5.89	13.78	13.82	129.24	1	1	3.53	4.16	94.034	92.874	1179	152.224
375	1	30	9	1	0	C	C	A	0x12c041a00000	P	B	374	conditioner	C	0	0	1	0	107.139997184	252.882000000	PP	4	460	1187	32	1791442614125865.450	1791442614125970.210	104.76	1186	1188	1791442614125863.110	1791442614125970.230	0.0	0.02	2.34	0.02	107.12	-0.019997183999990398	2.37999718399999	2.36	7375	1791442614125775.572	9.14	6.08	14.71	13.96	201.74	1	1	3.43	4.06	89.878	88.698	1183	145.764
376	1	30	9	1	0	P1	P	A	0x12c041a00000	C	A	375	probe	C	0	0	1	0	48.980001360	137.641000000	PP	4	460	1191	40	1791442614126059.814	1791442614126105.974	46.16	1190	1192	1791442614126057.014	1791442614126105.994	0.02	0.02	2.8	0.02	48.98	-1.3600000059454942e-06	2.8200013600000062	2.82	7388	1791442614126030.272	8.73	5.75	15.32	13.75	86.61	1	1	3.43	3.97	29.542	28.302	1187	89.604
377	1	31	30	0	1	P	P	B	0x12c041e00000	P	A	376	conditioner	P	1	1	1	1	38.660001010	193.781000000	PP	4	460	1195	40	1791442614126276.178	1791442614126306.298	30.12	1194	1196	1791442614126267.678	1791442614126306.318	0.02	0.02	8.5	0.02	38.64	-0.02000101000000143	8.540001010000001	8.52	7400	1791442614126168.432	8.68	5.67	14.38	14.07	143.14	1	1	3.54	4.32	107.746	106.586	1191	170.204
378	1	31	30	0	1	P1	P	A	0x12c041a00000	P	B	377	probe	P	1	1	1	1	32.620001584	173.252000000	PP	4	460	1199	40	1791442614126449.582	1791442614126479.802	30.22	1198	1200	1791442614126447.202	1791442614126479.822	0.02	0.02	2.38	0.02	32.62	-1.5840000031630552e-06	2.4000015840000017	2.4	7414	1791442614126363.652	8.78	5.96	14.69	14.3	122.43	1	1	3.51	4.04	85.93	84.85	1195	143.284
379	1	31	30	1	0	P	P	A	0x12c041a00000	P	A	378	conditioner	P	1	1	1	1	35.500001162	181.871000000	PP	4	460	1203	40	1791442614126632.106	1791442614126664.006	31.9	1202	1204	1791442614126628.526	1791442614126664.026	0.02	0.02	3.58	0.02	35.5	-1.161999996668328e-06	3.600001161999998	3.6	7427	1791442614126538.572	8.68	5.84	15.04	14.34	130.53	1	1	3.54	4.35	93.534	92.434	1199	152.304
380	1	31	30	1	0	P2	P	B	0x12c041e00000	P	A	379	probe	P	1	1	1	1	37.960000336	189.891000000	PP	4	460	1207	40	1791442614126822.650	1791442614126853.530	30.88	1206	1208	1791442614126815.590	1791442614126853.550	0.02	0.02	7.06	0.02	37.96	-3.359999993790552e-07	7.080000336000001	7.08	7440	1791442614126722.702	8.67	5.69	15.47	14.27	137.62	1	1	3.58	4.0	99.948	98.768	1203	158.644
501	0	0	7	0	0	C	C	A	0x12c041a00000	C	B	500	conditioner	C	1	1	0	0	26.440000162	176.521000000	PC	4	460	1449	32	1791442614150698.046	1791442614150721.666	23.62	1448	1450	1791442614150695.266	1791442614150721.686	0.02	0.02	2.78	0.02	26.42	-0.020000161999998767	2.8200001619999995	2.8	8413	1791442614150610.372	10.59	6.51	25.15	15.03	109.08	1	1	3.58	5.03	87.674	86.414	1446	172.004
502	0	0	7	0	0	P	P	B	0x12c041e00000	C	A	501	probe	C	1	1	0	0	36.400001496	222.071000000	PC	4	460	1453	40	1791442614150901.430	1791442614150935.570	34.14	1452	1454	1791442614150899.210	1791442614150935.590	0.0	0.02	2.22	0.02	36.38	-0.02000149599999901	2.260001496000001	2.24	8426	1791442614150787.792	10.69	6.86	18.78	18.81	151.14	1	1	4.38	4.88	113.638	112.348	1449	179.764
503	0	0	7	1	1	C	C	B	0x12c041e00000	P	B	502	conditioner	C	1	1	0	0	38.260001689	186.671000000	PC	4	460	1457	32	1791442614151136.634	1791442614151170.434	33.8	1456	1458	1791442614151132.194	1791442614151170.454	0.02	0.02	4.44	0.02	38.26	-1.6890000011926531e-06	4.460001689000002	4.46	8439	1791442614151041.992	8.98	5.93	14.62	15.2	133.55	1	1	3.24	4.02	94.642	93.622	1453	201.064
504	0	0	7	1	1	C	C	A	0x12c041a00000	C	B	503	probe	C	1	1	0	0	43.260000646	201.152000000	PC	4	460	1461	32	1791442614151333.078	1791442614151373.898	40.82	1460	1462	1791442614151330.658	1791442614151373.938	0.02	0.0	2.42	0.04	43.28	0.019999353999999414	2.4400006460000014	2.46	8452	1791442614151230.052	8.59	5.93	15.09	15.47	148.61	1	1	3.11	3.97	103.026	102.026	1457	162.644
505	0	1	20	0	0	P	P	B	0x12c041e00000	C	A	504	conditioner	P	0	1	0	1	40.180001408	204.571000000	PC	4	460	1465	40	1791442614151540.742	1791442614151578.562	37.82	1464	1466	1791442614151538.422	1791442614151578.582	0.0	0.02	2.32	0.02	40.16	-0.020001408000005938	2.3600014080000022	2.34	8465	1791442614151431.552	8.7	5.86	14.22	15.42	153.15	1	1	3.2	4.17	109.19	108.24	1461	166.844
506	0	1	20	0	0	C	C	B	0x12c041e00000	P	B	505	probe	P	0	1	0	1	144.260004163	333.743000000	PC	4	460	1469	32	1791442614151770.566	1791442614151911.550	140.984	1468	1470	1791442614151767.286	1791442614151911.570	0.02	0.02	3.28	0.02	144.284	0.023995837000001075	3.276004162999982	3.3	8478	1791442614151636.822	8.87	5.95	13.48	14.29	283.55	1	1	3.33	4.01	133.744	132.734	1465	192.004
507	0	1	20	1	1	P	P	A	0x12c041a00000	C	B	506	conditioner	P	0	1	0	1	185.660004616	260.261000000	PC	4	460	1473	40	1791442614151996.270	1791442614152028.654	32.384	1472	1474	1791442614151988.930	1791442614152174.614	0.02	0.02	7.34	145.96	185.684	0.023995383999988462	153.27600461600002	153.3	8491	1791442614151975.332	9.66	6.23	16.66	16.14	204.52	1	1	3.29	3.99	20.938	19.798	1469	84.72
508	0	1	20	1	1	P	P	A	0x12c041a00000	P	A	507	probe	P	0	1	0	1	104.180000722	311.723000000	PC	4	460	1477	40	1791442614152387.698	1791442614152489.142	101.444	1476	1478	1791442614152384.978	1791442614152489.182	0.02	0.02	2.72	0.04	104.204	0.02399927799999091	2.736000722	2.76	8504	1791442614152235.022	8.68	5.76	15.19	14.18	260.42	1	1	3.24	4.09	152.676	151.676	1473	359.044
509	0	2	1	0	0	C	C	A	0x12c041a00000	P	A	508	conditioner	C	0	0	0	0	90.099997818	153.901000000	PC	4	460	1481	32	1791442614152610.022	1791442614152643.826	33.804	1480	1482	1791442614152553.762	1791442614152643.846	0.02	0.02	56.26	0.02	90.084	-0.01599781800000244	56.295997818000004	56.28	8517	1791442614152547.862	9.87	6.24	14.54	15.6	99.94	1	1	3.28	4.25	62.16	61.05	1477	120.88
510	0	2	1	0	0	P	P	A	0x12c041a00000	C	A	509	probe	C	0	0	0	0	39.220001549	312.442000000	PC	4	460	1484	40	1791442614152763.466	1791442614152795.426	31.96	1483	1485	1791442614152756.226	1791442614152795.446	0.02	0.02	7.24	0.02	39.22	-1.549000003819856e-06	7.260001549000002	7.26	8529	1791442614152704.222	8.34	5.53	16.04	15.47	258.92	1	1	3.55	4.45	59.244	58.174	1481	119.64
511	0	2	1	1	1	C	C	B	0x12c041e00000	P	A	510	conditioner	C	0	0	0	0	50.700001419	198.792000000	PC	4	460	1488	32	1791442614153077.394	1791442614153125.134	47.74	1487	1489	1791442614153074.434	1791442614153125.154	0.02	0.02	2.96	0.02	50.72	0.019998580999995852	2.960001419000001	2.98	8541	1791442614153017.662	9.0	5.79	15.27	14.99	145.59	1	1	3.41	3.99	59.732	58.572	1484	281.968
512	0	2	1	1	1	C	C	B	0x12c041e00000	C	B	511	probe	C	0	0	0	0	54.060000926	189.131000000	PC	4	460	1492	32	1791442614153297.758	1791442614153343.258	45.5	1491	1493	1791442614153289.238	1791442614153343.278	0.0	0.02	8.52	0.02	54.04	-0.020000926000001584	8.560000926	8.54	8553	1791442614153217.302	11.09	6.78	15.21	15.46	133.08	1	1	3.45	4.72	80.456	78.896	1488	172.624
513	0	3	14	0	1	P	P	B	0x12c041e00000	C	B	512	conditioner	P	1	1	1	0	201.179996133	263.522000000	PC	4	460	1496	40	1791442614153577.102	1791442614153610.142	33.04	1495	1497	1791442614153408.998	1791442614153610.162	0.02	0.02	168.104	0.02	201.164	-0.01599613300001579	168.139996133	168.124	8566	1791442614153407.912	9.4	6.2	14.94	14.3	211.07	1	1	3.46	4.23	169.19	167.88	1492	233.844
514	0	3	14	0	1	C	C	A	0x12c041a00000	P	B	513	probe	P	1	1	1	0	93.099996448	236.012000000	PC	4	460	1500	32	1791442614153731.306	1791442614153769.666	38.36	1499	1501	1791442614153676.586	1791442614153769.686	0.02	0.02	54.72	0.02	93.1	3.5519999954658488e-06	54.739996448	54.74	8579	1791442614153672.942	9.53	6.4	14.48	16.4	181.44	1	1	3.48	4.14	58.364	57.274	1496	121.164
515	0	3	14	1	0	P	P	A	0x12c041a00000	C	A	514	conditioner	P	1	1	1	0	127.639994025	214.481000000	PC	4	460	1504	40	1791442614153939.330	1791442614153971.950	32.62	1503	1505	1791442614153934.230	1791442614154061.854	0.02	0.02	5.1	89.904	127.624	-0.01599402499999769	95.01999402499999	95.004	8591	1791442614153912.162	10.33	7.17	15.59	16.44	156.55	1	1	3.49	4.88	27.168	26.178	1500	169.664
516	0	3	14	1	0	P	P	B	0x12c041e00000	P	A	515	probe	P	1	1	1	0	116.219997406	176.342000000	PC	4	460	1508	40	1791442614154209.514	1791442614154244.078	34.564	1507	1509	1791442614154127.854	1791442614154244.098	0.02	0.02	81.66	0.02	116.244	0.02400259399999527	81.65599740600001	81.68	8604	1791442614154126.922	9.94	7.09	14.29	14.47	122.27	1	1	4.35	5.13	82.592	81.582	1504	237.564
517	0	4	27	0	1	C	C	A	0x12c041a00000	P	B	516	conditioner	C	1	0	1	1	263.260006905	335.082000000	PC	4	460	1512	32	1791442614154319.938	1791442614154579.202	259.264	1511	1513	1791442614154315.958	1791442614154579.242	0.02	0.0	3.98	0.04	263.284	0.023993094999980258	3.9960069050000016	4.02	8617	1791442614154305.112	11.03	7.22	14.96	15.92	278.84	1	1	3.63	4.25	14.826	13.696	1508	75.86
518	0	4	27	0	1	P	P	B	0x12c041e00000	C	A	517	probe	C	1	0	1	1	91.219998896	238.972000000	PC	4	460	1516	40	1791442614154702.066	1791442614154733.666	31.6	1515	1517	1791442614154642.446	1791442614154733.686	0.02	0.02	59.62	0.02	91.24	0.02000110399998789	59.619998896000006	59.64	8630	1791442614154641.842	9.61	6.67	15.36	14.44	186.22	1	1	3.3	3.95	60.224	59.304	1512	122.864
519	0	4	27	1	0	C	C	B	0x12c041e00000	P	B	518	conditioner	C	1	0	1	1	37.960000336	117.041000000	PC	4	460	1520	32	1791442614154918.610	1791442614154950.850	32.24	1519	1521	1791442614154912.910	1791442614154950.870	0.02	0.02	5.7	0.02	37.96	-3.359999993790552e-07	5.720000335999998	5.72	8642	1791442614154881.442	9.2	6.19	14.3	15.85	63.89	1	1	3.09	4.05	37.168	36.088	1516	184.944
520	0	4	27	1	0	C	C	A	0x12c041a00000	C	B	519	probe	C	1	0	1	1	39.760001004	112.991000000	PC	4	460	1523	32	1791442614155022.494	1791442614155059.874	37.38	1522	1524	1791442614155020.150	1791442614155059.894	0.0	0.02	2.344	0.02	39.744	-0.01600100400000315	2.3800010040000004	2.364	8654	1791442614155000.082	8.24	5.36	15.05	15.9	60.36	1	1	2.9	4.2	22.412	21.492	1520	71.644
521	0	5	8	0	1	P	P	B	0x12c041e00000	C	A	520	conditioner	P	0	0	1	0	142.179995775	199.281000000	PC	4	460	1526	40	1791442614155218.014	1791442614155251.698	33.684	1525	1527	1791442614155109.554	1791442614155251.738	0.02	0.0	108.46	0.04	142.184	0.004004224999988537	108.49599577500001	108.5	8666	1791442614155113.202	8.85	5.94	14.66	15.22	148.35	1	1	2.71	3.69	104.812	103.862	1523	158.14
522	0	5	8	0	1	C	C	B	0x12c041e00000	P	B	521	probe	P	0	0	1	0	113.200001419	169.061000000	PC	4	460	1530	32	1791442614155337.578	1791442614155371.118	33.54	1529	1531	1791442614155309.038	1791442614155422.242	0.02	0.02	28.54	51.124	113.204	0.003998580999990509	79.660001419	79.664	8679	1791442614155313.992	9.02	6.06	14.12	15.89	116.62	1	1	3.22	4.09	23.586	22.456	1526	85.88
523	0	5	8	1	0	P	P	A	0x12c041a00000	C	B	522	conditioner	P	0	0	1	0	39.340000600	122.931000000	PC	4	460	1534	40	1791442614155527.962	1791442614155559.262	31.3	1533	1535	1791442614155519.962	1791442614155559.282	0.02	0.02	8.0	0.02	39.32	-0.020000600000003033	8.040000600000003	8.02	8692	1791442614155484.272	8.94	6.05	13.88	15.54	70.71	1	1	3.43	3.81	43.69	42.66	1530	156.844
524	0	5	8	1	0	P	P	A	0x12c041a00000	P	A	523	probe	P	0	0	1	0	117.360003293	188.582000000	PC	4	460	1537	40	1791442614155625.706	1791442614155661.946	36.24	1536	1538	1791442614155623.226	1791442614155740.586	0.02	0.02	2.48	78.64	117.36	-3.293000006010516e-06	81.120003293	81.12	8704	1791442614155609.942	8.72	6.16	16.15	15.24	135.56	1	1	2.91	4.17	15.764	14.874	1534	66.444
525	0	6	21	0	0	C	C	B	0x12c041e00000	P	A	524	conditioner	C	0	1	0	1	26.200000197	109.520000000	PC	4	460	1541	32	1791442614155833.130	1791442614155856.710	23.58	1540	1542	1791442614155830.530	1791442614155856.730	0.02	0.02	2.6	0.02	26.2	-1.9700000208899837e-07	2.620000197000003	2.62	8717	1791442614155799.192	9.64	6.19	14.16	14.78	57.0	1	1	3.76	4.0	33.938	32.678	1537	171.184
526	0	6	21	0	0	C	C	B	0x12c041e00000	C	B	525	probe	C	0	1	0	1	19.899999723	103.891000000	PC	4	460	1544	32	1791442614155947.950	1791442614155965.670	17.72	1543	1545	1791442614155945.810	1791442614155965.690	0.02	0.02	2.14	0.02	19.88	-0.019999723000001524	2.1799997230000017	2.16	8729	1791442614155909.682	8.85	5.72	15.15	15.07	52.25	1	1	2.79	4.04	38.268	36.818	1541	91.24
527	0	6	21	1	1	C	C	A	0x12c041a00000	C	B	526	conditioner	C	0	1	0	1	37.480000407	104.161000000	PC	4	460	1547	32	1791442614156039.834	1791442614156070.614	30.78	1546	1548	1791442614156033.154	1791442614156070.634	0.02	0.02	6.68	0.02	37.48	-4.070000017009079e-07	6.700000406999997	6.7	8741	1791442614156015.222	8.06	5.55	16.18	14.05	53.31	1	1	2.91	4.17	24.612	23.712	1544	74.164
528	0	6	21	1	1	P	P	A	0x12c041a00000	C	A	527	probe	C	0	1	0	1	36.159999669	167.131000000	PC	4	460	1550	40	1791442614156195.974	1791442614156229.858	33.884	1549	1551	1791442614156193.714	1791442614156229.878	0.02	0.02	2.26	0.02	36.164	0.004000331000000301	2.275999669000001	2.28	8753	1791442614156118.392	8.72	5.46	14.09	23.6	108.5	1	1	2.69	3.77	77.582	76.672	1547	125.36
529	0	7	2	0	0	P	P	B	0x12c041e00000	P	A	528	conditioner	P	1	0	0	0	104.500003159	271.142000000	PC	4	460	1554	40	1791442614156398.538	1791442614156500.822	102.284	1553	1555	1791442614156396.358	1791442614156500.842	0.02	0.02	2.18	0.02	104.484	-0.016003159000007372	2.216003158999996	2.2	8766	1791442614156288.082	9.69	6.65	14.85	15.22	218.03	1	1	3.42	4.11	110.456	109.426	1550	168.68
530	0	7	2	0	0	P	P	A	0x12c041a00000	P	B	529	probe	P	1	0	0	0	37.999998778	119.211000000	PC	4	460	1558	40	1791442614156599.462	1791442614156635.166	35.704	1557	1559	1791442614156597.182	1791442614156635.186	0.02	0.02	2.28	0.02	38.004	0.004001221999999416	2.2959987779999977	2.3	8779	1791442614156561.552	9.38	6.5	14.71	14.37	66.77	1	1	3.79	4.64	37.91	36.94	1554	98.64
531	0	7	2	1	1	P	P	A	0x12c041a00000	P	A	530	conditioner	P	1	0	0	0	40.539998561	219.932000000	PC	4	460	1561	40	1791442614156811.786	1791442614156843.470	31.684	1560	1562	1791442614156802.946	1791442614156843.490	0.02	0.02	8.84	0.02	40.544	0.004001438999999607	8.855998560999996	8.86	8791	1791442614156682.822	8.65	5.54	15.85	14.4	167.11	1	1	3.07	4.4	128.964	128.024	1558	176.62
532	0	7	2	1	1	C	C	B	0x12c041e00000	P	A	531	probe	P	1	0	0	0	47.660000622	110.420000000	PC	4	460	1565	32	1791442614156918.350	1791442614156939.510	21.16	1564	1566	1791442614156916.130	1791442614156963.790	0.0	0.02	2.22	24.28	47.66	-6.220000017265193e-07	26.500000621999998	26.5	8804	1791442614156903.552	9.69	6.07	14.78	15.43	55.9	1	1	3.01	4.45	14.798	13.758	1561	74.88
533	0	8	15	0	1	C	C	B	0x12c041e00000	C	B	532	conditioner	C	1	1	1	0	302.740007639	401.903000000	PC	4	460	1568	32	1791442614157054.074	1791442614157353.058	298.984	1567	1569	1791442614157050.334	1791442614157353.078	0.02	0.02	3.74	0.02	302.744	0.003992361000030087	3.7560076390000177	3.76	8816	1791442614157014.612	8.66	6.23	14.82	14.31	351.07	1	1	2.88	4.65	39.462	38.562	1565	114.564
534	0	8	15	0	1	C	C	A	0x12c041a00000	C	B	533	probe	C	1	1	1	0	134.619995952	208.822000000	PC	4	460	1572	32	1791442614157533.962	1791442614157569.102	35.14	1571	1573	1791442614157434.522	1791442614157569.142	0.02	0.02	99.44	0.04	134.62	4.047999993872509e-06	99.47999595200001	99.48	8829	1791442614157421.712	9.75	6.38	15.74	15.38	152.27	1	1	4.22	4.52	112.25	111.26	1568	180.904
535	0	8	15	1	0	C	C	A	0x12c041a00000	C	A	534	conditioner	C	1	1	1	0	29.160000384	99.421000000	PC	4	460	1576	32	1791442614157647.226	1791442614157673.706	26.48	1575	1577	1791442614157644.546	1791442614157673.726	0.02	0.02	2.68	0.02	29.18	0.019999615999999776	2.6800003839999995	2.7	8842	1791442614157631.122	9.4	6.46	16.34	15.39	44.54	1	1	3.18	4.15	16.104	15.134	1572	78.124
536	0	8	15	1	0	P	P	B	0x12c041e00000	C	A	535	probe	C	1	1	1	0	155.540004373	214.861000000	PC	4	460	1579	40	1791442614157845.990	1791442614157882.270	36.28	1578	1580	1791442614157726.766	1791442614157882.290	0.02	0.02	119.224	0.02	155.524	-0.016004372999987027	119.26000437299999	119.244	8854	1791442614157729.842	8.93	6.16	14.65	14.89	162.67	1	1	2.83	4.44	116.148	115.038	1576	172.284
537	0	9	28	0	1	P	P	A	0x12c041a00000	P	B	536	conditioner	P	0	1	1	1	28.379999101	173.011000000	PC	4	460	1583	40	1791442614158039.294	1791442614158064.814	25.52	1582	1584	1791442614158036.474	1791442614158064.854	0.0	0.0	2.82	0.04	28.38	8.989999997766063e-07	2.8599991009999997	2.86	8867	1791442614157946.442	8.71	5.77	14.6	14.85	120.92	1	1	3.7	4.14	92.852	91.662	1579	157.024
538	0	9	28	0	1	P	P	A	0x12c041a00000	P	A	537	probe	P	0	1	1	1	28.020000085	193.101000000	PC	4	460	1587	40	1791442614158231.738	1791442614158256.898	25.16	1586	1588	1791442614158228.878	1791442614158256.918	0.02	0.02	2.86	0.02	28.04	0.019999914999999646	2.8600000849999994	2.88	8880	1791442614158119.792	8.57	5.7	14.33	14.86	142.01	1	1	3.14	3.93	111.946	110.776	1583	166.924
539	0	9	28	1	0	P	P	B	0x12c041e00000	P	A	538	conditioner	P	0	1	1	1	28.440000489	187.361000000	PC	4	460	1591	40	1791442614158420.438	1791442614158445.962	25.524	1590	1592	1791442614158417.558	1791442614158445.982	0.02	0.02	2.88	0.02	28.424	-0.016000488999999618	2.916000488999998	2.9	8893	1791442614158314.902	9.5	6.38	14.74	14.65	135.0	1	1	3.53	4.57	105.536	104.536	1587	163.54
540	0	9	28	1	0	C	C	B	0x12c041e00000	P	B	539	probe	P	0	1	1	1	28.519999236	183.292000000	PC	4	460	1595	32	1791442614158603.262	1791442614158629.306	26.044	1594	1596	1791442614158600.802	1791442614158629.346	0.02	0.0	2.46	0.04	28.544	0.024000764000000174	2.475999236	2.5	8906	1791442614158504.782	9.11	5.72	15.49	15.99	128.44	1	1	3.47	4.04	98.48	97.17	1591	157.3
541	0	10	9	0	1	C	C	B	0x12c041e00000	C	B	540	conditioner	C	0	0	1	0	23.800000548	99.280000000	PC	4	460	1599	32	1791442614158713.866	1791442614158734.386	20.52	1598	1600	1791442614158710.606	1791442614158734.426	0.02	0.0	3.26	0.04	23.82	0.019999452000000417	3.2800005480000003	3.3	8919	1791442614158688.832	9.18	5.77	14.58	16.89	44.81	1	1	3.63	4.05	25.034	23.744	1595	84.56
542	0	10	9	0	1	C	C	B	0x12c041e00000	C	B	541	probe	C	0	0	1	0	28.459999710	121.481000000	PC	4	460	1602	32	1791442614158836.770	1791442614158861.250	24.48	1601	1603	1791442614158832.830	1791442614158861.270	0.02	0.02	3.94	0.02	28.44	-0.019999710000000448	3.9799997100000013	3.96	8931	1791442614158788.212	8.52	5.73	14.74	14.36	71.08	1	1	2.93	4.53	48.558	47.568	1599	102.384
543	0	10	9	1	0	C	C	A	0x12c041a00000	C	B	542	conditioner	C	0	0	1	0	94.259999692	154.591000000	PC	4	460	1605	32	1791442614158981.990	1791442614159005.810	23.82	1604	1606	1791442614158911.570	1791442614159005.830	0.02	0.02	70.42	0.02	94.26	3.0800001127317955e-07	70.43999969199999	70.44	8943	1791442614158910.002	7.96	5.5	14.11	14.03	106.49	1	1	2.94	3.81	71.988	71.058	1602	120.74
544	0	10	9	1	0	P	P	A	0x12c041a00000	C	A	543	probe	C	0	0	1	0	27.680000290	131.241000000	PC	4	460	1609	40	1791442614159122.794	1791442614159146.554	23.76	1608	1610	1791442614159118.894	1791442614159146.574	0.02	0.02	3.9	0.02	27.68	-2.8999999912571184e-07	3.9200002899999973	3.92	8956	1791442614159066.552	8.74	5.63	14.3	14.91	80.44	1	1	2.97	3.88	56.242	55.082	1605	116.984
545	0	11	22	0	0	P	P	A	0x12c041a00000	P	A	544	conditioner	P	1	1	0	1	26.359999552	123.781000000	PC	4	460	1612	40	1791442614159251.298	1791442614159273.758	22.46	1611	1613	1791442614159247.438	1791442614159273.798	0.02	0.0	3.86	0.04	26.36	4.4799999798783574e-07	3.8999995520000006	3.9	8968	1791442614159199.572	9.5	5.93	14.89	14.63	72.13	1	1	2.84	4.07	51.726	50.776	1609	104.744
546	0	11	22	0	0	C	C	B	0x12c041e00000	P	A	545	probe	P	1	1	0	1	26.380000636	125.871000000	PC	4	460	1616	32	1791442614159375.598	1791442614159399.078	23.48	1615	1617	1791442614159372.718	1791442614159399.118	0.02	0.0	2.88	0.04	26.4	0.01999936400000024	2.900000635999998	2.92	8981	1791442614159325.232	8.69	5.72	14.4	14.38	74.07	1	1	3.45	4.49	50.366	49.306	1612	101.84
547	0	11	22	1	1	P	P	B	0x12c041e00000	C	B	546	conditioner	P	1	1	0	1	24.159999564	118.791000000	PC	4	460	1619	40	1791442614159501.762	1791442614159523.602	21.84	1618	1620	1791442614159499.482	1791442614159523.622	0.02	0.02	2.28	0.02	24.14	-0.019999563999999026	2.3199995639999997	2.3	8993	1791442614159452.122	8.53	5.66	14.95	16.26	66.89	1	1	2.83	3.83	49.64	48.39	1616	102.684
548	0	11	22	1	1	P	P	A	0x12c041a00000	P	B	547	probe	P	1	1	0	1	26.720000431	141.881000000	PC	4	460	1623	40	1791442614159638.506	1791442614159662.646	24.14	1622	1624	1791442614159635.966	1791442614159662.686	0.02	0.0	2.54	0.04	26.72	-4.310000001339631e-07	2.5800004309999984	2.58	9006	1791442614159571.442	8.18	5.31	14.35	14.78	92.45	1	1	2.86	3.76	67.064	66.104	1619	114.904
549	0	12	3	0	0	C	C	B	0x12c041e00000	P	A	548	conditioner	C	1	0	0	0	23.240000010	132.611000000	PC	4	460	1627	32	1791442614159778.846	1791442614159799.046	20.2	1626	1628	1791442614159775.826	1791442614159799.086	0.02	0.0	3.02	0.04	23.26	0.0199999900000023	3.04000001	3.06	9019	1791442614159725.802	10.01	5.91	24.34	16.87	66.78	1	1	3.67	4.36	53.044	51.434	1623	116.2
550	0	12	3	0	0	P	P	A	0x12c041a00000	C	B	549	probe	C	1	0	0	0	139.160007238	201.432000000	PC	4	460	1630	40	1791442614159900.710	1791442614159991.910	91.2	1629	1631	1791442614159852.790	1791442614159991.950	0.02	0.02	47.92	0.04	139.16	-7.23799999491348e-06	47.96000723799999	47.96	9031	1791442614159854.012	10.02	6.85	16.77	15.52	143.27	1	1	3.8	4.2	46.698	45.708	1627	101.664
551	0	12	3	1	1	C	C	A	0x12c041a00000	P	A	550	conditioner	C	1	0	0	0	23.499999195	128.731000000	PC	4	460	1634	32	1791442614160108.734	1791442614160130.494	21.76	1633	1635	1791442614160107.014	1791442614160130.514	0.02	0.02	1.72	0.02	23.5	8.049999991044388e-07	1.7399991949999993	1.74	9044	1791442614160055.092	9.4	5.96	15.45	14.63	74.33	1	1	3.73	4.8	53.642	52.672	1630	116.824
552	0	12	3	1	1	C	C	B	0x12c041e00000	C	A	551	probe	C	1	0	0	0	24.660000578	129.451000000	PC	4	460	1637	32	1791442614160234.978	1791442614160257.158	22.18	1636	1638	1791442614160232.498	1791442614160257.178	0.02	0.02	2.48	0.02	24.68	0.019999422000001488	2.4800005779999985	2.5	9056	1791442614160182.202	8.2	5.43	14.34	15.3	78.3	1	1	2.75	4.14	52.776	51.886	1634	104.484
553	0	13	16	0	0	P	P	A	0x12c041a00000	C	B	552	conditioner	P	0	0	0	1	35.119999200	203.881000000	PC	4	460	1641	40	1791442614160429.102	1791442614160461.982	32.88	1640	1642	1791442614160426.878	1791442614160462.002	0.0	0.02	2.224	0.02	35.124	0.0040008000000000266	2.2399991999999997	2.244	9069	1791442614160316.002	9.13	5.85	15.54	15.31	149.41	1	1	3.7	4.2	113.1	111.91	1637	171.944
554	0	13	16	0	0	C	C	A	0x12c041a00000	P	A	553	probe	P	0	0	0	1	113.219998777	198.321000000	PC	4	460	1645	32	1791442614160550.062	1791442614160660.186	110.124	1644	1646	1791442614160546.982	1791442614160660.206	0.02	0.02	3.08	0.02	113.224	0.004001223000003051	3.0959987770000055	3.1	9082	1791442614160521.022	9.15	5.58	15.46	14.91	144.92	1	1	3.32	4.01	29.04	27.81	1641	88.08
555	0	13	16	1	1	P	P	B	0x12c041e00000	C	A	554	conditioner	P	0	0	0	1	62.619999051	151.131000000	PC	4	460	1649	40	1791442614160751.746	1791442614160811.746	60.0	1648	1650	1791442614160749.146	1791442614160811.766	0.02	0.02	2.6	0.02	62.62	9.489999968081975e-07	2.6199990510000006	2.62	9095	1791442614160720.902	9.12	5.85	15.44	16.67	95.98	1	1	3.08	4.27	30.844	29.524	1645	91.56
556	0	13	16	1	1	P	P	B	0x12c041e00000	P	B	555	probe	P	0	0	0	1	33.799998462	204.031000000	PC	4	460	1653	40	1791442614160989.010	1791442614161020.910	31.9	1652	1654	1791442614160987.130	1791442614161020.934	0.02	0.016	1.88	0.024	33.804	0.0040015380000042455	1.8999984619999992	1.904	9108	1791442614160872.802	8.47	5.73	14.8	13.76	153.67	1	1	3.08	4.51	116.208	115.068	1649	177.264
557	0	14	29	0	1	C	C	A	0x12c041a00000	P	B	556	conditioner	C	0	1	1	1	109.779998660	171.631000000	PC	4	460	1657	32	1791442614161173.534	1791442614161195.214	21.68	1656	1658	1791442614161085.454	1791442614161195.234	0.02	0.02	88.08	0.02	109.78	1.3399999971852594e-06	88.09999866000001	88.1	9121	1791442614161078.962	10.44	6.33	14.93	15.25	117.83	1	1	3.42	4.06	94.572	93.492	1653	152.624
558	0	14	29	0	1	P	P	A	0x12c041a00000	C	A	557	probe	C	0	1	1	1	38.059998304	101.271000000	PC	4	460	1661	40	1791442614161266.218	1791442614161301.898	35.68	1660	1662	1791442614161263.858	1791442614161301.918	0.02	0.02	2.36	0.02	38.06	1.6960000053245494e-06	2.3799983039999972	2.38	9134	1791442614161250.922	9.03	6.01	14.25	14.71	50.28	1	1	3.13	4.06	15.296	14.176	1657	71.004
559	0	14	29	1	0	C	C	B	0x12c041e00000	P	A	558	conditioner	C	0	1	1	1	118.400000036	182.401000000	PC	4	460	1664	32	1791442614161454.702	1791442614161478.242	23.54	1663	1665	1791442614161359.858	1791442614161478.262	0.02	0.02	94.844	0.02	118.404	0.00399996400000191	94.860000036	94.864	9146	1791442614161352.712	9.67	6.93	13.48	14.55	130.27	1	1	2.93	4.25	101.99	100.98	1661	152.804
560	0	14	29	1	0	C	C	B	0x12c041e00000	C	B	559	probe	C	0	1	1	1	123.599998653	189.002000000	PC	4	460	1668	32	1791442614161643.306	1791442614161666.386	23.08	1667	1669	1791442614161542.802	1791442614161666.426	0.02	0.0	100.504	0.04	123.624	0.02400134699999512	100.519998653	100.544	9159	1791442614161537.952	8.94	6.11	15.44	14.98	136.19	1	1	3.21	4.16	105.354	104.374	1664	165.064
561	0	15	10	0	1	P	P	A	0x12c041a00000	C	B	560	conditioner	P	1	0	1	0	164.959996939	221.301000000	PC	4	460	1672	40	1791442614161858.010	1791442614161891.490	33.48	1671	1673	1791442614161726.566	1791442614161891.510	0.02	0.02	131.444	0.02	164.944	-0.01599693900001853	131.47999693900002	131.464	9172	1791442614161728.222	8.6	5.73	15.22	9.56	174.66	1	1	3.14	4.03	129.788	128.828	1668	191.624
562	0	15	10	0	1	C	C	B	0x12c041e00000	P	A	561	probe	P	1	0	1	0	112.980000675	195.892000000	PC	4	460	1676	32	1791442614161975.230	1791442614162010.390	35.16	1675	1677	1791442614161971.850	1791442614162084.814	0.02	0.02	3.38	74.424	112.964	-0.016000675000000797	77.820000675	77.804	9185	1791442614161949.202	9.01	6.01	13.81	15.59	144.81	1	1	3.03	4.01	26.028	25.058	1672	83.74
563	0	15	10	1	0	P	P	B	0x12c041e00000	C	B	562	conditioner	P	1	0	1	0	120.600000024	186.741000000	PC	4	460	1680	40	1791442614162158.874	1791442614162193.074	34.2	1679	1681	1791442614162156.734	1791442614162277.338	0.02	0.02	2.14	84.264	120.604	0.003999976000002903	86.400000024	86.404	9198	1791442614162147.182	9.33	6.19	14.62	14.76	134.88	1	1	3.16	4.02	11.692	10.672	1676	148.484
564	0	15	10	1	0	P	P	A	0x12c041a00000	P	B	563	probe	P	1	0	1	0	285.120010376	362.393000000	PC	4	460	1684	40	1791442614162355.458	1791442614162636.366	280.908	1683	1685	1791442614162351.258	1791442614162636.386	0.02	0.02	4.2	0.02	285.128	0.007989624000003914	4.2120103759999665	4.22	9211	1791442614162334.172	8.9	5.85	14.1	15.14	311.85	1	1	3.01	3.94	21.286	20.276	1680	162.384
565	0	16	23	0	0	C	C	A	0x12c041a00000	P	A	564	conditioner	C	1	1	0	1	141.819998622	224.492000000	PC	4	460	1688	32	1791442614162727.226	1791442614162763.026	35.8	1687	1689	1791442614162721.626	1791442614162863.450	0.02	0.02	5.6	100.424	141.824	0.0040013779999981125	106.01999862200002	106.024	9224	1791442614162699.002	8.43	5.62	14.45	15.32	172.41	1	1	3.3	4.05	28.224	27.174	1684	90.86
566	0	16	23	0	0	C	C	B	0x12c041e00000	C	A	565	probe	C	1	1	0	1	28.699999675	120.190000000	PC	4	460	1692	32	1791442614162972.550	1791442614162998.070	25.52	1691	1693	1791442614162969.390	1791442614162998.090	0.02	0.02	3.16	0.02	28.7	3.2499999846891114e-07	3.1799996750000012	3.18	9237	1791442614162923.282	8.99	5.78	13.44	14.72	69.63	1	1	3.42	4.07	49.268	48.228	1688	209.524
567	0	16	23	1	1	C	C	B	0x12c041e00000	C	B	566	conditioner	C	1	1	0	1	36.439999938	132.221000000	PC	4	460	1695	32	1791442614163097.794	1791442614163128.834	31.04	1694	1696	1791442614163092.434	1791442614163128.854	0.02	0.02	5.36	0.02	36.42	-0.019999937999997996	5.3999999380000006	5.38	9249	1791442614163044.462	8.17	5.47	14.07	15.35	82.47	1	1	2.83	3.92	53.332	52.382	1692	99.724
568	0	16	23	1	1	P	P	A	0x12c041a00000	C	B	567	probe	C	1	1	0	1	171.379998326	243.412000000	PC	4	460	1698	40	1791442614163326.138	1791442614163359.518	33.38	1697	1699	1791442614163188.154	1791442614163359.538	0.02	0.02	137.984	0.02	171.384	0.004001673999994182	137.999998326	138.004	9261	1791442614163180.592	8.65	5.81	16.38	10.48	195.37	1	1	2.75	3.86	145.546	144.606	1695	197.304
569	0	17	4	0	0	P	P	B	0x12c041e00000	P	A	568	conditioner	P	0	1	0	0	30.300000682	176.262000000	PC	4	460	1702	40	1791442614163525.122	1791442614163551.882	26.76	1701	1703	1791442614163521.602	1791442614163551.902	0.02	0.02	3.52	0.02	30.3	-6.819999995855142e-07	3.5400006819999987	3.54	9274	1791442614163423.422	8.84	5.83	14.88	14.73	124.95	1	1	2.94	4.29	101.7	100.79	1698	165.604
570	0	17	4	0	0	P	P	B	0x12c041e00000	P	B	569	probe	P	0	1	0	0	28.780000284	163.011000000	PC	4	460	1706	40	1791442614163675.346	1791442614163701.386	26.04	1705	1707	1791442614163672.626	1791442614163701.406	0.02	0.02	2.72	0.02	28.78	-2.839999986292696e-07	2.7400002840000006	2.74	9287	1791442614163602.012	8.24	5.56	15.68	14.68	111.37	1	1	3.34	4.15	73.334	72.334	1702	123.464
571	0	17	4	1	1	P	P	A	0x12c041a00000	P	B	570	conditioner	P	0	1	0	0	30.840000138	148.671000000	PC	4	460	1710	40	1791442614163827.630	1791442614163854.970	27.34	1709	1711	1791442614163824.150	1791442614163854.990	0.016	0.02	3.48	0.02	30.84	-1.3800000076003016e-07	3.5000001380000008	3.5	9300	1791442614163765.802	8.15	5.28	14.5	8.05	104.18	1	1	3.73	4.04	61.828	60.638	1706	126.244
572	0	17	4	1	1	C	C	A	0x12c041a00000	P	A	571	probe	P	0	1	0	0	26.419999078	123.311000000	PC	4	460	1714	32	1791442614163965.670	1791442614163988.730	23.06	1713	1715	1791442614163962.330	1791442614163988.750	0.02	0.02	3.34	0.02	26.42	9.220000016796348e-07	3.3599990780000013	3.36	9313	1791442614163909.682	8.41	5.32	8.79	8.76	83.75	1	1	3.05	4.18	55.988	54.818	1710	110.7
573	0	18	17	0	0	C	C	A	0x12c041a00000	C	A	572	conditioner	C	0	0	0	1	26.359999552	118.861000000	PC	4	460	1718	32	1791442614164087.794	1791442614164110.574	22.78	1717	1719	1791442614164084.254	1791442614164110.594	0.0	0.02	3.54	0.02	26.34	-0.019999552000001586	3.5799995520000003	3.56	9326	1791442614164033.862	8.04	5.06	8.71	26.29	62.88	1	1	3.28	3.96	53.932	52.912	1714	99.064
574	0	18	17	0	0	C	C	A	0x12c041a00000	C	A	573	probe	C	0	0	0	1	96.000000834	301.252000000	PC	4	460	1721	32	1791442614164234.958	1791442614164263.218	28.26	1720	1722	1791442614164167.234	1791442614164263.238	0.02	0.02	67.724	0.02	96.004	0.003999165999999832	67.740000834	67.744	9338	1791442614164164.212	10.27	7.6	19.44	23.1	234.37	1	1	2.94	5.69	70.746	69.716	1718	124.384
575	0	18	17	1	1	C	C	B	0x12c041e00000	C	A	574	conditioner	C	0	0	0	1	68.559996784	123.101000000	PC	4	460	1725	32	1791442614164504.642	1791442614164529.222	24.58	1724	1726	1791442614164460.702	1791442614164529.242	0.02	0.02	43.94	0.02	68.54	-0.019996783999999934	43.97999678400001	43.96	9350	1791442614164463.942	9.07	6.25	16.45	15.93	68.8	1	1	3.16	4.18	40.7	39.62	1721	241.424
576	0	18	17	1	1	P	P	B	0x12c041e00000	C	B	575	probe	C	0	0	0	1	28.100000694	169.771000000	PC	4	460	1728	40	1791442614164679.386	1791442614164704.886	25.5	1727	1729	1791442614164676.806	1791442614164704.926	0.02	0.02	2.58	0.04	28.12	0.019999306000002548	2.6000006939999984	2.62	9362	1791442614164586.322	8.76	6.09	14.71	15.59	118.11	1	1	2.73	3.73	93.064	92.034	1725	150.164
577	0	19	30	0	1	P	P	B	0x12c041e00000	P	B	576	conditioner	P	1	1	1	1	28.739999980	222.372000000	PC	4	460	1732	40	1791442614164903.450	1791442614164928.470	25.02	1731	1733	1791442614164899.750	1791442614164928.510	0.02	0.02	3.7	0.04	28.76	0.02000002000000123	3.7199999800000008	3.74	9375	1791442614164758.372	7.9	4.97	14.97	11.66	174.13	1	1	3.45	3.99	145.078	144.038	1728	198.564
578	0	19	30	0	1	P	P	A	0x12c041a00000	P	B	577	probe	P	1	1	1	1	22.099999711	138.701000000	PC	4	460	1736	40	1791442614165011.130	1791442614165030.510	19.38	1735	1737	1791442614165008.430	1791442614165030.534	0.02	0.016	2.7	0.024	22.104	0.004000289000000379	2.719999711	2.724	9388	1791442614164975.262	7.97	5.13	9.42	8.09	101.04	1	1	2.96	3.86	35.868	34.978	1732	82.66
579	0	19	30	1	0	P	P	A	0x12c041a00000	P	A	578	conditioner	P	1	1	1	1	57.020001113	120.341000000	PC	4	460	1739	40	1791442614165146.054	1791442614165176.054	30.0	1738	1740	1791442614165119.054	1791442614165176.074	0.02	0.02	27.0	0.02	57.02	-1.1129999961667636e-06	27.020001113	27.02	9400	1791442614165115.882	7.44	4.98	10.97	8.88	81.18	1	1	2.68	3.82	30.172	29.232	1736	115.544
580	0	19	30	1	0	C	C	B	0x12c041e00000	P	A	579	probe	P	1	1	1	1	29.239999130	179.511000000	PC	4	460	1742	32	1791442614165338.618	1791442614165363.398	24.78	1741	1743	1791442614165334.158	1791442614165363.418	0.02	0.02	4.46	0.02	29.26	0.020000870000000504	4.45999913	4.48	9412	1791442614165241.912	7.73	5.05	15.47	15.13	128.85	1	1	2.47	3.89	96.706	95.766	1739	162.564
581	0	20	11	0	1	C	C	A	0x12c041a00000	C	B	580	conditioner	C	1	0	1	0	36.419998854	228.402000000	PC	4	460	1746	32	1791442614165559.422	1791442614165593.462	34.04	1745	1747	1791442614165557.082	1791442614165593.502	0.02	0.0	2.34	0.04	36.42	1.1460000024499095e-06	2.379998854	2.38	9425	1791442614165422.702	8.2	5.37	15.22	10.51	181.79	1	1	2.92	4.07	136.72	135.65	1742	196.024
582	0	20	11	0	1	C	C	B	0x12c041e00000	C	A	581	probe	C	1	0	1	0	150.159999728	208.871000000	PC	4	460	1750	32	1791442614165781.526	1791442614165801.386	19.86	1749	1751	1791442614165651.246	1791442614165801.406	0.02	0.02	130.28	0.02	150.16	2.719999940836715e-07	130.299999728	130.3	9438	1791442614165654.342	8.94	5.65	17.05	10.87	158.87	1	1	3.09	4.14	127.184	126.134	1746	188.064
583	0	20	11	1	0	C	C	B	0x12c041e00000	C	B	582	conditioner	C	1	0	1	0	41.960000992	128.351000000	PC	4	460	1754	32	1791442614165909.930	1791442614165944.110	34.18	1753	1755	1791442614165902.170	1791442614165944.130	0.0	0.02	7.76	0.02	41.96	-9.919999968133197e-07	7.780000991999998	7.78	9451	1791442614165863.992	8.37	5.65	16.36	15.87	73.89	1	1	3.39	4.24	45.938	44.958	1750	108.544
584	0	20	11	1	0	P	P	A	0x12c041a00000	C	B	583	probe	C	1	0	1	0	39.939999580	170.091000000	PC	4	460	1757	40	1791442614166071.654	1791442614166104.034	32.38	1756	1758	1791442614166064.134	1791442614166104.054	0.02	0.02	7.52	0.02	39.92	-0.019999579999996797	7.559999579999996	7.54	9463	1791442614165991.732	8.32	5.56	15.11	15.36	118.02	1	1	2.96	4.04	79.922	78.952	1754	127.544
585	0	21	24	0	1	P	P	B	0x12c041e00000	P	A	584	conditioner	P	0	0	1	1	199.059993029	263.372000000	PC	4	460	1761	40	1791442614166330.178	1791442614166365.278	35.1	1760	1762	1791442614166166.234	1791442614166365.298	0.02	0.02	163.944	0.02	199.064	0.004006970999995474	163.959993029	163.964	9476	1791442614166163.442	9.25	6.1	15.52	16.39	209.05	1	1	3.24	4.13	166.736	165.776	1757	226.144
586	0	21	24	0	1	P	P	B	0x12c041e00000	P	B	585	probe	P	0	0	1	1	28.300000355	223.922000000	PC	4	460	1765	40	1791442614166563.322	1791442614166586.942	23.62	1764	1766	1791442614166558.682	1791442614166586.962	0.02	0.02	4.64	0.02	28.28	-0.020000355000000525	4.680000355000001	4.66	9489	1791442614166428.022	8.5	5.72	15.16	14.59	171.88	1	1	3.73	4.54	135.3	134.26	1761	198.044
587	0	21	24	1	0	P	P	A	0x12c041a00000	P	B	586	conditioner	P	0	0	1	1	27.720000595	226.432000000	PC	4	460	1769	40	1791442614166786.126	1791442614166810.906	24.78	1768	1770	1791442614166783.226	1791442614166810.926	0.02	0.02	2.9	0.02	27.7	-0.020000594999999066	2.940000594999997	2.92	9502	1791442614166653.032	8.78	5.92	14.54	16.76	172.64	1	1	3.99	4.07	133.094	132.164	1765	199.184
588	0	21	24	1	0	C	C	A	0x12c041a00000	P	A	587	probe	P	0	0	1	1	176.599994302	254.941000000	PC	4	460	1773	32	1791442614167035.854	1791442614167066.154	30.3	1772	1774	1791442614166889.570	1791442614167066.174	0.02	0.02	146.284	0.02	176.604	0.00400569800001449	146.299994302	146.304	9515	1791442614166881.592	9.3	6.37	15.84	15.82	200.25	1	1	3.43	4.2	154.262	153.212	1769	224.948
589	0	22	5	0	0	C	C	B	0x12c041e00000	C	A	588	conditioner	C	0	1	0	0	29.640000314	200.662000000	PC	4	460	1777	32	1791442614167256.138	1791442614167282.218	26.08	1776	1778	1791442614167252.598	1791442614167282.238	0.02	0.02	3.54	0.02	29.64	-3.1400000111148074e-07	3.5600003140000034	3.56	9528	1791442614167137.782	9.4	5.85	14.76	15.09	146.71	1	1	3.73	5.06	118.356	117.046	1773	189.984
590	0	22	5	0	0	P	P	B	0x12c041e00000	C	B	589	probe	C	0	1	0	0	29.219999909	212.281000000	PC	4	460	1781	40	1791442614167468.922	1791442614167494.422	25.5	1780	1782	1791442614167465.222	1791442614167494.462	0.02	0.0	3.7	0.04	29.24	0.020000090999999998	3.7199999089999984	3.74	9541	1791442614167341.172	9.27	6.04	15.79	16.3	157.45	1	1	3.57	4.0	127.75	126.68	1777	186.704
591	0	22	5	1	1	C	C	A	0x12c041a00000	P	B	590	conditioner	C	0	1	0	0	201.020002365	273.802000000	PC	4	460	1785	32	1791442614167738.566	1791442614167762.986	24.42	1784	1786	1791442614167561.982	1791442614167763.006	0.02	0.02	176.584	0.02	201.024	0.003997634999990396	176.60000236500002	176.604	9554	1791442614167553.862	9.51	6.03	14.9	15.2	220.48	1	1	3.29	3.96	184.704	183.604	1781	244.144
592	0	22	5	1	1	C	C	A	0x12c041a00000	C	A	591	probe	C	0	1	0	0	30.659999698	119.271000000	PC	4	460	1789	32	1791442614167873.170	1791442614167899.470	26.3	1788	1790	1791442614167868.830	1791442614167899.490	0.02	0.02	4.34	0.02	30.66	3.020000001185963e-07	4.359999697999999	4.36	9567	1791442614167830.322	9.34	6.31	15.22	15.72	63.85	1	1	4.2	4.76	42.848	41.638	1785	110.184
593	0	23	18	0	0	P	P	B	0x12c041e00000	C	A	592	conditioner	P	1	0	0	1	29.839999974	180.322000000	PC	4	460	1792	40	1791442614168050.254	1791442614168077.274	27.02	1791	1793	1791442614168047.474	1791442614168077.294	0.02	0.02	2.78	0.02	29.82	-0.019999974000000975	2.8199999740000017	2.8	9579	1791442614167950.402	9.77	6.9	16.02	15.72	125.66	1	1	3.12	4.04	99.852	98.852	1789	150.784
594	0	23	18	0	0	C	C	A	0x12c041a00000	P	B	593	probe	P	1	0	0	1	27.060000226	173.491000000	PC	4	460	1796	32	1791442614168219.594	1791442614168243.878	24.284	1795	1797	1791442614168216.854	1791442614168243.918	0.02	0.02	2.74	0.04	27.064	0.0039997740000004	2.7760002260000007	2.78	9592	1791442614168130.842	9.01	5.65	14.63	15.4	121.25	1	1	3.62	3.83	88.752	87.702	1792	142.32
595	0	23	18	1	1	P	P	A	0x12c041a00000	C	A	594	conditioner	P	1	0	0	1	34.979999065	183.081000000	PC	4	460	1800	40	1791442614168397.918	1791442614168429.038	31.12	1799	1801	1791442614168394.058	1791442614168429.062	0.02	0.016	3.86	0.024	35.004	0.02400093499999656	3.8599990650000002	3.884	9605	1791442614168305.862	9.11	5.98	14.55	15.24	130.22	1	1	3.74	4.16	92.056	90.966	1796	154.04
596	0	23	18	1	1	P	P	B	0x12c041e00000	P	A	595	probe	P	1	0	0	1	26.280000806	166.441000000	PC	4	460	1804	40	1791442614168558.262	1791442614168582.422	24.16	1803	1805	1791442614168556.162	1791442614168582.442	0.02	0.02	2.1	0.02	26.28	-8.059999991871791e-07	2.120000806	2.12	9618	1791442614168489.632	8.85	6.04	14.24	15.77	114.24	1	1	3.75	3.85	68.63	67.59	1800	129.224
597	0	24	31	0	1	C	C	B	0x12c041e00000	P	B	596	conditioner	C	1	1	1	1	37.840001285	160.431000000	PC	4	460	1808	32	1791442614168724.566	1791442614168760.106	35.54	1807	1809	1791442614168722.286	1791442614168760.126	0.02	0.02	2.28	0.02	37.84	-1.2849999961872527e-06	2.3000012850000005	2.3	9632	1791442614168657.652	9.18	6.28	15.17	15.48	106.57	1	1	3.21	4.35	66.914	65.804	1804	142.144
598	0	24	31	0	1	P	P	A	0x12c041a00000	C	B	597	probe	C	1	1	1	1	42.559999973	122.171000000	PC	4	460	1812	40	1791442614168856.390	1791442614168895.730	39.34	1811	1813	1791442614168853.190	1791442614168895.750	0.02	0.02	3.2	0.02	42.56	2.7000005786703696e-08	3.219999972999993	3.22	9645	1791442614168818.792	9.13	6.19	14.73	15.82	69.28	1	1	3.26	3.83	37.598	36.578	1808	96.284
599	0	24	31	1	0	C	C	A	0x12c041a00000	P	A	598	conditioner	C	1	1	1	1	42.440000921	208.761000000	PC	4	460	1815	32	1791442614169054.234	1791442614169089.714	35.48	1814	1816	1791442614169047.294	1791442614169089.734	0.02	0.02	6.94	0.02	42.44	-9.210000015968944e-07	6.9600009210000024	6.96	9657	1791442614168942.502	9.07	6.05	15.22	15.79	154.5	1	1	3.12	4.03	111.732	110.702	1812	158.504
600	0	24	31	1	0	C	C	B	0x12c041e00000	C	A	599	probe	C	1	1	1	1	25.739999488	170.671000000	PC	4	460	1819	32	1791442614169243.958	1791442614169267.478	23.52	1818	1820	1791442614169241.778	1791442614169267.498	0.0	0.02	2.18	0.02	25.72	-0.019999487999999843	2.219999487999999	2.2	9670	1791442614169153.812	8.31	5.3	16.66	11.05	121.11	1	1	3.2	4.49	90.146	89.066	1815	154.244
601	0	25	12	0	1	P	P	A	0x12c041a00000	C	B	600	conditioner	P	0	1	1	0	42.459998280	209.382000000	PC	4	460	1823	40	1791442614169435.222	1791442614169473.722	38.5	1822	1824	1791442614169431.302	1791442614169473.742	0.0	0.02	3.92	0.02	42.44	-0.01999828000000292	3.9599982800000006	3.94	9683	1791442614169324.282	8.29	5.45	15.36	16.5	156.22	1	1	2.96	4.1	110.94	109.98	1819	167.744
602	0	25	12	0	1	C	C	A	0x12c041a00000	P	A	601	probe	P	0	1	1	0	26.399999857	105.661000000	PC	4	460	1827	32	1791442614169564.822	1791442614169587.642	22.82	1826	1828	1791442614169561.262	1791442614169587.662	0.02	0.02	3.56	0.02	26.4	1.4299999762101834e-07	3.5799998570000007	3.58	9696	1791442614169542.152	8.55	5.33	22.38	18.13	43.84	1	1	3.14	3.79	22.67	21.61	1823	91.1
603	0	25	12	1	0	P	P	B	0x12c041e00000	C	A	602	conditioner	P	0	1	1	0	50.439998507	107.740000000	PC	4	460	1830	40	1791442614169657.126	1791442614169682.006	24.88	1829	1831	1791442614169645.506	1791442614169695.946	0.02	0.02	11.62	13.94	50.44	1.4929999991863951e-06	25.559998507	25.56	9708	1791442614169640.822	8.03	5.46	14.11	8.52	64.29	1	1	2.86	3.84	16.304	15.384	1827	69.484
604	0	25	12	1	0	P	P	B	0x12c041e00000	P	B	603	probe	P	0	1	1	0	29.239999130	189.872000000	PC	4	460	1833	40	1791442614169854.530	1791442614169879.730	25.2	1832	1834	1791442614169850.530	1791442614169879.750	0.02	0.02	4.0	0.02	29.22	-0.019999130000002197	4.039999130000002	4.02	9720	1791442614169750.212	7.68	5.38	15.49	15.22	139.81	1	1	2.61	3.66	104.318	103.448	1830	172.524
605	0	26	25	0	1	C	C	B	0x12c041e00000	P	B	604	conditioner	C	0	0	1	1	27.620000765	119.431000000	PC	4	460	1837	32	1791442614169987.170	1791442614170010.810	23.64	1836	1838	1791442614169983.230	1791442614170010.850	0.02	0.0	3.94	0.04	27.62	-7.649999993475376e-07	3.9800007649999998	3.98	9733	1791442614169943.342	9.17	5.89	16.38	15.37	64.6	1	1	3.43	4.26	43.828	42.708	1833	107.44
606	0	26	25	0	1	P	P	B	0x12c041e00000	C	B	605	probe	C	0	0	1	1	165.020003915	235.721000000	PC	4	460	1840	40	1791442614170212.194	1791442614170237.038	24.844	1839	1841	1791442614170072.054	1791442614170237.078	0.02	0.0	140.14	0.04	165.024	0.003996085000011362	140.176003915	140.18	9745	1791442614170064.082	8.67	5.97	16.22	16.45	181.07	1	1	3.12	3.95	148.112	147.142	1837	201.384
607	0	26	25	1	0	C	C	A	0x12c041a00000	P	B	606	conditioner	C	0	0	1	1	187.539994717	248.251000000	PC	4	460	1844	32	1791442614170462.682	1791442614170487.082	24.4	1843	1845	1791442614170299.558	1791442614170487.102	0.02	0.02	163.124	0.02	187.544	0.004005282999997917	163.139994717	163.144	9758	1791442614170300.902	9.27	6.44	15.67	15.8	192.45	1	1	3.58	4.6	161.78	160.7	1840	225.644
608	0	26	25	1	0	C	C	A	0x12c041a00000	C	A	607	probe	C	0	0	1	1	29.519999400	208.952000000	PC	4	460	1848	32	1791442614170676.846	1791442614170701.646	24.8	1847	1849	1791442614170672.126	1791442614170701.666	0.02	0.02	4.72	0.02	29.54	0.02000059999999948	4.719999399999999	4.74	9771	1791442614170549.782	10.33	6.15	14.6	16.09	153.62	1	1	3.88	4.12	127.064	125.184	1844	189.764
609	0	27	6	0	0	P	P	A	0x12c041a00000	C	A	608	conditioner	P	1	1	0	0	54.579999298	116.861000000	PC	4	460	1852	40	1791442614170802.566	1791442614170823.606	21.04	1851	1853	1791442614170769.066	1791442614170823.626	0.02	0.02	33.5	0.02	54.56	-0.01999929799999478	33.539999298	33.52	9784	1791442614170760.542	9.41	6.41	15.94	15.54	62.43	1	1	3.03	3.96	42.024	40.954	1848	100.92
610	0	27	6	0	0	P	P	B	0x12c041e00000	P	A	609	probe	P	1	1	0	0	29.640000314	164.101000000	PC	4	460	1855	40	1791442614170956.270	1791442614170982.930	26.66	1854	1856	1791442614170953.310	1791442614170982.950	0.02	0.02	2.96	0.02	29.64	-3.1400000111148074e-07	2.9800003140000015	2.98	9796	1791442614170877.982	7.89	5.47	15.75	15.71	111.99	1	1	2.83	3.78	78.288	77.368	1852	132.664
611	0	27	6	1	1	P	P	B	0x12c041e00000	P	B	610	conditioner	P	1	1	0	0	27.639999986	220.472000000	PC	4	460	1859	40	1791442614171180.874	1791442614171205.274	24.4	1858	1860	1791442614171177.674	1791442614171205.294	0.02	0.02	3.2	0.02	27.62	-0.019999985999998415	3.239999986000001	3.22	9809	1791442614171042.252	8.05	5.42	14.71	14.33	170.8	1	1	3.0	3.96	138.622	137.662	1855	197.944
612	0	27	6	1	1	C	C	A	0x12c041a00000	P	B	611	probe	P	1	1	0	0	23.159999400	196.971000000	PC	4	460	1863	32	1791442614171388.078	1791442614171409.198	21.12	1862	1864	1791442614171386.078	1791442614171409.218	0.02	0.02	2.0	0.02	23.14	-0.019999399999999667	2.0399993999999992	2.02	9822	1791442614171264.052	9.34	5.94	14.36	16.1	143.43	1	1	3.19	4.37	124.026	122.826	1859	182.804
613	0	28	19	0	0	C	C	B	0x12c041e00000	C	A	612	conditioner	C	1	0	0	1	123.020000756	197.611000000	PC	4	460	1867	32	1791442614171482.222	1791442614171498.362	16.14	1866	1868	1791442614171479.542	1791442614171602.542	0.02	0.02	2.68	104.18	123.0	-0.02000075600000173	106.880000756	106.86	9835	1791442614171462.872	9.51	5.81	14.97	15.49	144.88	1	1	3.2	3.99	19.35	18.25	1863	73.024
614	0	28	19	0	0	C	C	A	0x12c041a00000	C	B	613	probe	C	1	0	0	1	62.940001488	136.361000000	PC	4	460	1871	32	1791442614171685.926	1791442614171709.126	23.2	1870	1872	1791442614171684.226	1791442614171747.166	0.02	0.02	1.7	38.04	62.94	-1.488000002325407e-06	39.740001488000004	39.74	9848	1791442614171660.672	8.68	5.96	14.24	15.24	85.15	1	1	3.25	4.08	25.254	24.274	1867	187.564
615	0	28	19	1	1	C	C	A	0x12c041a00000	C	A	614	conditioner	C	1	0	0	1	41.280001402	216.842000000	PC	4	460	1874	32	1791442614171918.610	1791442614171956.150	37.54	1873	1875	1791442614171914.890	1791442614171956.170	0.02	0.02	3.72	0.02	41.28	-1.4020000023151624e-06	3.7400014020000043	3.74	9860	1791442614171799.742	8.97	6.14	15.72	15.76	162.76	1	1	3.2	4.37	118.868	117.838	1871	209.484
616	0	28	19	1	1	P	P	B	0x12c041e00000	C	A	615	probe	C	1	0	0	1	124.360002577	185.411000000	PC	4	460	1878	40	1791442614172109.474	1791442614172142.994	33.52	1877	1879	1791442614172018.650	1791442614172143.014	0.02	0.02	90.824	0.02	124.364	0.003997423000001277	90.840002577	90.844	9873	1791442614172017.832	9.8	6.57	15.45	16.19	130.64	1	1	3.39	4.13	91.642	90.632	1874	153.324
617	0	29	0	0	0	P	P	A	0x12c041a00000	P	B	616	conditioner	P	0	0	0	0	51.440000534	113.881000000	PC	4	460	1882	40	1791442614172233.558	1791442614172262.578	29.02	1881	1883	1791442614172211.174	1791442614172262.598	0.0	0.02	22.384	0.02	51.424	-0.01600053399999979	22.420000534	22.404	9886	1791442614172203.532	9.07	6.3	14.88	15.89	60.77	1	1	3.14	3.95	30.026	28.996	1878	90.564
618	0	29	0	0	0	P	P	A	0x12c041a00000	P	A	617	probe	P	0	0	0	0	84.239996970	144.711000000	PC	4	460	1885	40	1791442614172338.858	1791442614172369.898	31.04	1884	1886	1791442614172328.518	1791442614172412.758	0.02	0.0	10.34	42.86	84.24	3.029999987802512e-06	53.19999697000001	53.2	9898	1791442614172318.072	12.13	9.58	15.11	25.96	79.01	1	1	2.82	3.89	20.786	19.826	1882	76.28
619	0	29	0	1	1	P	P	B	0x12c041e00000	P	A	618	conditioner	P	0	0	0	0	42.920000851	171.592000000	PC	4	460	1888	40	1791442614172542.682	1791442614172581.742	39.06	1887	1889	1791442614172538.842	1791442614172581.762	0.02	0.02	3.84	0.02	42.92	-8.509999958050685e-07	3.8600008509999952	3.86	9910	1791442614172464.232	7.87	5.4	14.81	14.86	121.72	1	1	3.08	3.98	78.45	77.5	1885	172.784
620	0	29	0	1	1	C	C	B	0x12c041e00000	P	B	619	probe	P	0	0	0	0	32.740000635	118.530000000	PC	4	460	1892	32	1791442614172680.426	1791442614172708.026	27.6	1891	1893	1791442614172675.306	1791442614172708.046	0.02	0.02	5.12	0.02	32.74	-6.349999992494304e-07	5.140000635	5.14	9923	1791442614172637.232	8.95	5.83	14.16	15.1	67.05	1	1	3.01	4.0	43.194	41.904	1888	98.684
621	0	30	13	0	1	C	C	A	0x12c041a00000	C	B	620	conditioner	C	0	1	1	0	29.820000753	152.452000000	PC	4	460	1895	32	1791442614172827.326	1791442614172854.330	27.004	1894	1896	1791442614172824.506	1791442614172854.350	0.02	0.02	2.82	0.02	29.844	0.023999247000002555	2.8160007529999973	2.84	9935	1791442614172755.912	8.58	5.52	13.46	14.1	102.81	1	1	3.17	3.67	71.414	70.194	1892	119.3
622	0	30	13	0	1	C	C	A	0x12c041a00000	C	A	621	probe	C	0	1	1	0	24.679999799	92.010000000	PC	4	460	1899	32	1791442614172935.630	1791442614172955.950	20.32	1898	1900	1791442614172931.310	1791442614172955.970	0.02	0.02	4.32	0.02	24.66	-0.019999799000000706	4.359999799000001	4.34	9948	1791442614172910.492	8.28	5.52	14.37	14.55	41.42	1	1	3.62	4.2	25.138	24.008	1895	81.3
623	0	30	13	1	0	C	C	B	0x12c041e00000	C	A	622	conditioner	C	0	1	1	0	28.839999810	98.571000000	PC	4	460	1902	32	1791442614173028.950	1791442614173054.954	26.004	1901	1903	1791442614173026.130	1791442614173054.974	0.02	0.02	2.82	0.02	28.844	0.004000190000002846	2.835999809999997	2.84	9960	1791442614173003.182	7.84	5.33	14.81	13.85	49.83	1	1	2.79	3.84	25.768	24.858	1899	73.0
624	0	30	13	1	0	P	P	B	0x12c041e00000	C	B	623	probe	C	0	1	1	0	28.699999675	210.372000000	PC	4	460	1905	40	1791442614173240.718	1791442614173265.498	24.78	1904	1906	1791442614173236.814	1791442614173265.518	0.024	0.02	3.904	0.02	28.704	0.004000324999999805	3.9199996749999997	3.924	9972	1791442614173102.472	7.55	5.1	14.56	14.34	160.81	1	1	2.62	3.74	138.246	137.326	1902	185.764
625	0	31	26	0	1	P	P	A	0x12c041a00000	P	B	624	conditioner	P	1	0	1	1	32.079998404	195.681000000	PC	4	460	1909	40	1791442614173428.438	1791442614173456.202	27.764	1908	1910	1791442614173424.158	1791442614173456.222	0.02	0.02	4.28	0.02	32.064	-0.015998404000001187	4.315998404000002	4.3	9985	1791442614173316.012	8.45	5.84	14.38	14.45	143.81	1	1	3.69	3.85	112.426	111.526	1905	162.94
626	0	31	26	0	1	P	P	B	0x12c041e00000	P	A	625	probe	P	1	0	1	1	30.559999868	179.641000000	PC	4	460	1913	40	1791442614173613.742	1791442614173640.166	26.424	1912	1914	1791442614173609.622	1791442614173640.186	0.02	0.02	4.12	0.02	30.564	0.004000132000001599	4.135999867999999	4.14	9998	1791442614173511.192	9.47	5.71	13.76	13.7	129.32	1	1	3.34	4.19	102.55	101.05	1909	157.54
627	0	31	26	1	0	P	P	B	0x12c041e00000	P	B	626	conditioner	P	1	0	1	1	28.580000624	188.092000000	PC	4	460	1917	40	1791442614173800.846	1791442614173826.686	25.84	1916	1918	1791442614173798.106	1791442614173826.706	0.02	0.02	2.74	0.02	28.6	0.019999376000001234	2.7400006240000003	2.76	10011	1791442614173693.192	9.08	5.66	15.15	15.18	135.27	1	1	3.23	4.32	107.654	106.604	1913	160.68
628	0	31	26	1	0	C	C	A	0x12c041a00000	P	B	627	probe	P	1	0	1	1	28.480000794	192.101000000	PC	4	460	1921	32	1791442614173987.810	1791442614174012.690	24.88	1920	1922	1791442614173984.210	1791442614174012.710	0.02	0.02	3.6	0.02	28.5	0.01999920600000138	3.6000007939999996	3.62	10024	1791442614173886.202	9.32	5.5	18.58	14.15	135.62	1	1	3.15	4.1	101.608	100.488	1917	161.124
629	1	0	19	0	0	C	C	B	0x12c041e00000	C	A	628	conditioner	C	1	0	0	1	28.540000319	217.182000000	PC	4	460	1925	32	1791442614174219.334	1791442614174243.658	24.324	1924	1926	1791442614174215.114	1791442614174243.678	0.02	0.02	4.22	0.02	28.564	0.023999680999999384	4.216000318999999	4.24	10037	1791442614174074.072	8.34	5.53	13.32	14.53	167.26	1	1	3.16	4.71	145.262	144.152	1921	206.644
630	1	0	19	0	0	C	C	A	0x12c041a00000	C	B	629	probe	C	1	0	0	1	146.400004625	201.741000000	PC	4	460	1929	32	1791442614174415.498	1791442614174440.022	24.524	1928	1930	1791442614174293.618	1791442614174440.038	0.02	0.024	121.88	0.016	146.42	0.019995374999979276	121.87600462500001	121.896	10050	1791442614174293.222	8.98	6.22	13.81	13.64	151.79	1	1	3.63	3.9	122.276	121.146	1925	171.84
631	1	0	19	1	1	C	C	A	0x12c041a00000	C	A	630	conditioner	C	1	0	0	1	18.400000408	176.611000000	PC	4	460	1933	32	1791442614174603.122	1791442614174619.122	16.0	1932	1934	1791442614174600.762	1791442614174619.162	0.02	0.0	2.36	0.04	18.4	-4.0800000178364826e-07	2.4000004080000004	2.4	10063	1791442614174497.112	8.93	5.85	14.97	15.12	124.38	1	1	3.09	3.94	106.01	104.59	1929	163.1
632	1	0	19	1	1	P	P	B	0x12c041e00000	C	A	631	probe	C	1	0	0	1	145.520001650	229.962000000	PC	4	460	1937	40	1791442614174794.126	1791442614174829.206	35.08	1936	1938	1791442614174683.726	1791442614174829.226	0.0	0.02	110.4	0.02	145.5	-0.02000165000001175	110.44000165000001	110.42	10076	1791442614174682.642	9.79	6.76	21.72	14.67	169.16	1	1	3.43	4.62	111.484	110.354	1933	175.004
633	1	1	8	0	1	P	P	B	0x12c041e00000	P	B	632	conditioner	P	0	0	1	0	29.260000214	164.881000000	PC	4	460	1941	40	1791442614174989.270	1791442614175016.650	27.38	1940	1942	1791442614174987.390	1791442614175016.670	0.02	0.02	1.88	0.02	29.28	0.01999978599999963	1.8800002140000025	1.9	10088	1791442614174905.602	8.7	5.82	14.23	13.82	114.55	1	1	3.39	4.28	83.668	82.618	1937	160.064
634	1	1	8	0	1	C	C	B	0x12c041e00000	P	B	633	probe	P	0	0	1	0	24.679999799	194.032000000	PC	4	460	1945	32	1791442614175188.014	1791442614175209.754	21.74	1944	1946	1791442614175185.074	1791442614175209.774	0.02	0.02	2.94	0.02	24.7	0.02000020099999844	2.9399997990000024	2.96	10101	1791442614175071.642	8.9	5.71	14.43	14.31	142.91	1	1	3.18	4.13	116.372	115.162	1941	171.364
635	1	1	8	1	0	P	P	A	0x12c041a00000	C	B	634	conditioner	P	0	0	1	0	27.720000595	117.571000000	PC	4	460	1949	40	1791442614175312.318	1791442614175337.158	24.84	1948	1950	1791442614175309.478	1791442614175337.198	0.02	0.0	2.84	0.04	27.72	-5.949999994925292e-07	2.8800005949999985	2.88	10114	1791442614175266.162	8.71	5.61	13.79	13.55	68.28	1	1	3.22	3.86	46.156	45.026	1945	102.564
636	1	1	8	1	0	P	P	A	0x12c041a00000	P	A	635	probe	P	0	0	1	0	77.079996467	136.621000000	PC	4	460	1952	40	1791442614175450.862	1791442614175467.182	16.32	1951	1953	1791442614175390.118	1791442614175467.202	0.02	0.02	60.744	0.02	77.084	0.004003533000002335	60.759996467	60.764	10126	1791442614175384.222	9.34	5.94	13.67	13.43	87.88	1	1	2.86	3.96	66.64	65.01	1949	113.704
637	1	2	29	0	1	C	C	A	0x12c041a00000	P	A	636	conditioner	C	0	1	1	1	19.220000133	116.191000000	PC	4	460	1956	32	1791442614175575.082	1791442614175591.962	16.88	1955	1957	1791442614175572.742	1791442614175591.982	0.02	0.02	2.34	0.02	19.24	0.019999866999999227	2.340000133	2.36	10139	1791442614175523.482	8.85	5.83	14.64	14.15	65.18	1	1	3.06	4.13	51.6	50.43	1952	107.9
638	1	2	29	0	1	P	P	A	0x12c041a00000	C	A	637	probe	C	0	1	1	1	164.279997349	226.661000000	PC	4	460	1959	40	1791442614175651.366	1791442614175668.006	16.64	1958	1960	1791442614175648.826	1791442614175813.126	0.02	0.02	2.54	145.12	164.3	0.02000265099999865	147.639997349	147.66	10151	1791442614175639.882	8.74	5.85	14.22	14.16	177.17	1	1	2.69	3.74	11.484	10.494	1956	59.404
639	1	2	29	1	0	C	C	B	0x12c041e00000	P	A	638	conditioner	C	0	1	1	1	18.540000543	94.391000000	PC	4	460	1963	32	1791442614175898.010	1791442614175914.230	16.22	1962	1964	1791442614175895.710	1791442614175914.250	0.02	0.02	2.3	0.02	18.54	-5.430000022954573e-07	2.3200005430000026	2.32	10164	1791442614175868.542	9.11	6.09	14.26	14.53	42.97	1	1	3.29	4.14	29.468	28.408	1959	230.004
640	1	2	29	1	0	C	C	B	0x12c041e00000	C	B	639	probe	C	0	1	1	1	18.880000338	103.601000000	PC	4	460	1966	32	1791442614176000.570	1791442614176017.110	16.54	1965	1967	1791442614175998.270	1791442614176017.130	0.02	0.02	2.3	0.02	18.86	-0.020000337999999118	2.3400003379999994	2.32	10176	1791442614175962.742	8.48	5.74	13.8	13.92	54.88	1	1	2.82	3.92	37.828	36.858	1963	86.34
641	1	3	18	0	0	P	P	B	0x12c041e00000	C	B	640	conditioner	P	1	0	0	1	19.920000806	87.630000000	PC	4	460	1969	40	1791442614176093.294	1791442614176110.794	17.5	1968	1970	1791442614176090.914	1791442614176110.814	0.02	0.02	2.38	0.02	19.9	-0.020000806000002314	2.420000806000001	2.4	10188	1791442614176067.742	8.38	5.34	14.05	15.01	38.05	1	1	2.63	3.77	25.552	24.632	1966	76.184
642	1	3	18	0	0	C	C	A	0x12c041a00000	P	B	641	probe	P	1	0	0	1	24.739999324	96.381000000	PC	4	460	1972	32	1791442614176187.614	1791442614176210.314	22.7	1971	1973	1791442614176185.574	1791442614176210.334	0.02	0.02	2.04	0.02	24.76	0.020000676000002215	2.039999324	2.06	10200	1791442614176155.992	7.94	5.39	14.23	13.81	48.61	1	1	2.62	3.75	31.622	30.722	1969	76.82
643	1	3	18	1	1	P	P	A	0x12c041a00000	C	A	642	conditioner	P	1	0	0	1	26.820000261	100.371000000	PC	4	460	1975	40	1791442614176285.618	1791442614176309.838	24.22	1974	1976	1791442614176283.018	1791442614176309.858	0.02	0.02	2.6	0.02	26.84	0.019999738999999295	2.6000002610000017	2.62	10212	1791442614176253.302	7.77	5.12	13.92	14.56	52.29	1	1	2.61	3.61	32.316	31.436	1972	75.304
644	1	3	18	1	1	P	P	B	0x12c041e00000	P	A	643	probe	P	1	0	0	1	50.179999322	110.871000000	PC	4	460	1978	40	1791442614176369.258	1791442614176385.658	16.4	1977	1979	1791442614176367.258	1791442614176417.438	0.0	0.0	2.0	31.78	50.18	6.779999992545527e-07	33.779999322	33.78	10224	1791442614176354.582	8.04	5.46	13.89	14.48	62.3	1	1	2.67	3.54	14.676	13.736	1975	59.42
645	1	4	7	0	0	C	C	A	0x12c041a00000	P	B	644	conditioner	C	1	1	0	0	19.279999658	87.670000000	PC	4	460	1981	32	1791442614176479.682	1791442614176496.582	16.9	1980	1982	1791442614176477.342	1791442614176496.622	0.0	0.0	2.34	0.04	19.28	3.4199999987549745e-07	2.3799996580000027	2.38	10236	1791442614176466.732	8.25	5.54	13.48	14.14	39.55	1	1	2.61	3.88	12.95	11.96	1978	94.024
646	1	4	7	0	0	P	P	B	0x12c041e00000	C	A	645	probe	C	1	1	0	0	32.320000231	97.411000000	PC	4	460	1984	40	1791442614176574.382	1791442614176590.662	16.28	1983	1985	1791442614176571.922	1791442614176604.242	0.02	0.02	2.46	13.58	32.32	-2.310000013494573e-07	16.040000231	16.04	10248	1791442614176555.982	8.32	5.96	14.42	14.82	48.19	1	1	2.54	3.71	18.4	17.47	1981	77.8
647	1	4	7	1	1	C	C	B	0x12c041e00000	P	B	646	conditioner	C	1	1	0	0	18.899999559	155.841000000	PC	4	460	1987	32	1791442614176742.206	1791442614176758.786	16.58	1986	1988	1791442614176739.906	1791442614176758.806	0.02	0.02	2.3	0.02	18.9	4.4099999740865314e-07	2.319999559000003	2.32	10260	1791442614176654.392	7.99	5.17	14.3	14.69	106.78	1	1	2.68	3.77	87.814	86.794	1984	151.544
648	1	4	7	1	1	C	C	A	0x12c041a00000	C	B	647	probe	C	1	1	0	0	18.799999729	238.782000000	PC	4	460	1991	32	1791442614176987.910	1791442614177003.830	15.92	1990	1992	1791442614176985.050	1791442614177003.850	0.02	0.02	2.86	0.02	18.8	2.7100000110635847e-07	2.8799997289999997	2.88	10273	1791442614176811.782	8.35	5.41	14.45	14.39	189.41	1	1	2.96	3.83	176.128	175.078	1987	229.124
649	1	5	28	0	1	P	P	A	0x12c041a00000	C	A	648	conditioner	P	0	1	1	1	21.020000800	262.072000000	PC	4	460	1995	40	1791442614177241.334	1791442614177259.958	18.624	1994	1996	1791442614177238.958	1791442614177259.978	0.016	0.02	2.376	0.02	21.02	-7.999999986907369e-07	2.3960007999999995	2.396	10286	1791442614177051.792	8.3	5.32	13.88	14.27	212.36	1	1	3.01	3.96	189.542	188.552	1991	237.504
650	1	5	28	0	1	P	P	A	0x12c041a00000	P	A	649	probe	P	0	1	1	1	18.939999864	215.061000000	PC	4	460	1999	40	1791442614177463.942	1791442614177480.202	16.26	1998	2000	1791442614177461.302	1791442614177480.222	0.0	0.02	2.64	0.02	18.92	-0.01999986399999898	2.679999863999999	2.66	10299	1791442614177316.642	8.8	6.0	15.63	14.0	163.32	1	1	3.4	4.11	147.3	146.21	1995	203.984
651	1	5	28	1	0	P	P	B	0x12c041e00000	P	A	650	conditioner	P	0	1	1	1	178.900003433	235.312000000	PC	4	460	2003	40	1791442614177555.442	1791442614177571.742	16.3	2002	2004	1791442614177532.742	1791442614177711.626	0.02	0.02	22.7	139.884	178.884	-0.016003433000008727	162.60000343299998	162.584	10312	1791442614177531.172	8.95	6.22	14.23	14.58	184.79	1	1	3.4	3.92	24.27	23.2	1999	75.24
652	1	5	28	1	0	C	C	B	0x12c041e00000	P	B	651	probe	P	0	1	1	1	19.379999489	99.331000000	PC	4	460	2007	32	1791442614177797.946	1791442614177814.946	17.0	2006	2008	1791442614177795.586	1791442614177814.966	0.02	0.02	2.36	0.02	19.38	5.109999996477654e-07	2.3799994889999994	2.38	10325	1791442614177767.902	8.87	5.82	14.57	14.84	47.82	1	1	3.28	3.99	30.044	28.944	2003	226.204
653	1	6	17	0	0	C	C	A	0x12c041a00000	C	B	652	conditioner	C	0	0	0	1	46.580001712	96.321000000	PC	4	460	2010	32	1791442614177882.270	1791442614177898.590	16.32	2009	2011	1791442614177869.390	1791442614177915.970	0.02	0.0	12.88	17.38	46.58	-1.711999999542968e-06	30.260001711999998	30.26	10337	1791442614177866.892	8.88	6.22	13.65	14.31	46.99	1	1	2.94	4.13	15.378	14.378	2007	67.324
654	1	6	17	0	0	C	C	A	0x12c041a00000	C	A	653	probe	C	0	0	0	1	18.279999495	116.200000000	PC	4	460	2013	32	1791442614178020.510	1791442614178036.450	15.94	2012	2014	1791442614178018.190	1791442614178036.470	0.02	0.02	2.32	0.02	18.28	5.050000027040369e-07	2.339999494999999	2.34	10349	1791442614177973.352	8.14	5.61	23.22	14.54	58.3	1	1	2.75	3.89	47.158	46.258	2010	121.92
655	1	6	17	1	1	C	C	B	0x12c041e00000	C	A	654	conditioner	C	0	0	0	1	49.699999392	95.891000000	PC	4	460	2016	32	1791442614178097.494	1791442614178113.534	16.04	2015	2017	1791442614178083.354	1791442614178133.054	0.02	0.02	14.14	19.52	49.7	6.080000005681541e-07	33.659999392	33.66	10361	1791442614178081.202	8.25	5.67	14.09	14.37	47.65	1	1	2.53	3.76	16.292	15.392	2013	61.044
656	1	6	17	1	1	P	P	B	0x12c041e00000	C	B	655	probe	C	0	0	0	1	19.060000777	132.451000000	PC	4	460	2019	40	1791442614178246.158	1791442614178263.598	17.44	2018	2020	1791442614178244.574	1791442614178263.618	0.0	0.02	1.584	0.02	19.044	-0.01600077699999858	1.6200007769999978	1.604	10373	1791442614178178.512	7.9	5.35	14.21	13.54	84.29	1	1	2.6	4.27	67.646	66.666	2016	132.624
657	1	7	6	0	0	P	P	A	0x12c041a00000	P	B	656	conditioner	P	1	1	0	0	72.159998119	143.751000000	PC	4	460	2023	40	1791442614178364.438	1791442614178380.798	16.36	2022	2024	1791442614178308.678	1791442614178380.818	0.02	0.02	55.76	0.02	72.14	-0.019998118999993153	55.799998118999994	55.78	10386	1791442614178312.032	8.52	5.82	13.6	13.84	94.87	1	1	3.27	3.87	52.406	51.456	2019	100.84
658	1	7	6	0	0	P	P	B	0x12c041e00000	P	A	657	probe	P	1	1	0	0	56.540001184	131.061000000	PC	4	460	2027	40	1791442614178480.202	1791442614178496.442	16.24	2026	2028	1791442614178478.302	1791442614178534.842	0.02	0.02	1.9	38.4	56.54	-1.1839999984886163e-06	40.300001183999996	40.3	10398	1791442614178458.662	8.17	5.56	14.41	14.1	79.69	1	1	3.38	4.63	21.54	20.6	2023	99.404
659	1	7	6	1	1	P	P	B	0x12c041e00000	P	B	658	conditioner	P	1	1	0	0	54.639998823	103.741000000	PC	4	460	2031	40	1791442614178631.962	1791442614178649.686	17.724	2030	2032	1791442614178595.062	1791442614178649.726	0.02	0.0	36.9	0.04	54.664	0.02400117700000237	36.915998822999995	36.94	10411	1791442614178589.152	8.21	5.56	13.36	14.31	53.85	1	1	3.28	4.2	42.81	41.91	2027	135.52
660	1	7	6	1	1	C	C	A	0x12c041a00000	P	B	659	probe	P	1	1	0	0	18.939999864	113.301000000	PC	4	460	2034	32	1791442614178746.066	1791442614178763.066	17.0	2033	2035	1791442614178744.146	1791442614178763.086	0.0	0.02	1.92	0.02	18.94	1.3600000059454942e-07	1.9399998640000007	1.94	10423	1791442614178694.302	8.85	5.64	13.94	14.47	63.22	1	1	3.12	3.66	51.764	50.794	2031	96.38
661	1	8	27	0	1	C	C	A	0x12c041a00000	C	A	660	conditioner	C	1	0	1	1	17.999999225	96.860000000	PC	4	460	2037	32	1791442614178840.886	1791442614178857.210	16.324	2036	2038	1791442614178839.230	1791442614178857.230	0.016	0.02	1.656	0.02	18.0	7.750000001749413e-07	1.6759992249999982	1.676	10435	1791442614178808.282	8.25	5.32	14.3	14.19	48.29	1	1	2.77	3.74	32.604	31.724	2034	77.82
662	1	8	27	0	1	P	P	B	0x12c041e00000	C	A	661	probe	C	1	0	1	1	38.499999791	95.701000000	PC	4	460	2040	40	1791442614178932.550	1791442614178949.970	17.42	2039	2041	1791442614178911.470	1791442614178949.990	0.02	0.02	21.08	0.02	38.52	0.020000209000002656	21.079999791	21.1	10447	1791442614178906.572	8.02	5.12	13.6	14.31	46.7	1	1	3.1	3.59	25.978	25.058	2037	75.34
663	1	8	27	1	0	C	C	B	0x12c041e00000	P	B	662	conditioner	C	1	0	1	1	36.819998175	155.821000000	PC	4	460	2043	32	1791442614179070.994	1791442614179105.334	34.34	2042	2044	1791442614179068.534	1791442614179105.354	0.02	0.02	2.46	0.02	36.82	1.8249999982344889e-06	2.4799981749999986	2.48	10459	1791442614179002.622	7.48	5.05	13.73	14.04	108.51	1	1	2.79	3.91	68.372	67.452	2040	121.024
664	1	8	27	1	0	C	C	A	0x12c041a00000	C	B	663	probe	C	1	0	1	1	56.299999356	178.742000000	PC	4	460	2047	32	1791442614179209.974	1791442614179263.778	53.804	2046	2048	1791442614179207.494	1791442614179263.818	0.02	0.0	2.48	0.04	56.324	0.02400064399999735	2.4959993559999987	2.52	10472	1791442614179160.522	8.38	5.82	13.77	15.2	128.4	1	1	2.98	4.12	49.452	48.412	2043	104.64
665	1	9	16	0	0	P	P	A	0x12c041a00000	C	A	664	conditioner	P	0	0	0	1	41.219998151	126.091000000	PC	4	460	2051	40	1791442614179382.698	1791442614179417.038	34.34	2050	2052	1791442614179375.838	1791442614179417.058	0.02	0.02	6.86	0.02	41.22	1.8490000002202578e-06	6.879998150999995	6.88	10484	1791442614179341.592	8.59	5.65	14.21	14.29	75.48	1	1	3.44	4.09	41.106	40.026	2047	118.92
666	1	9	16	0	0	C	C	A	0x12c041a00000	P	A	665	probe	P	0	0	0	1	41.680000722	128.940000000	PC	4	460	2054	32	1791442614179513.702	1791442614179547.862	34.16	2053	2055	1791442614179506.202	1791442614179547.882	0.02	0.02	7.5	0.02	41.68	-7.22000002895129e-07	7.520000722000006	7.52	10496	1791442614179467.562	8.63	5.7	13.54	13.77	80.48	1	1	3.09	3.83	46.14	45.18	2051	96.664
667	1	9	16	1	1	P	P	B	0x12c041e00000	C	A	666	conditioner	P	0	0	0	1	89.460000396	170.272000000	PC	4	460	2057	40	1791442614179619.882	1791442614179649.946	30.064	2056	2058	1791442614179612.662	1791442614179702.106	0.02	0.02	7.22	52.16	89.444	-0.016000395999995476	59.396000396	59.38	10508	1791442614179598.272	8.11	5.53	14.49	14.28	121.27	1	1	2.76	3.85	21.61	20.72	2054	72.02
668	1	9	16	1	1	P	P	B	0x12c041e00000	P	B	667	probe	P	0	0	0	1	73.660001159	182.191000000	PC	4	460	2061	40	1791442614179797.966	1791442614179869.110	71.144	2060	2062	1791442614179795.466	1791442614179869.150	0.02	0.0	2.5	0.04	73.684	0.02399884099999383	2.516001158999998	2.54	10521	1791442614179770.582	8.48	5.47	14.02	8.9	137.14	1	1	3.32	4.28	27.384	25.994	2057	148.02
669	1	10	5	0	0	C	C	B	0x12c041e00000	P	B	668	conditioner	C	0	1	0	0	46.140000224	139.941000000	PC	4	460	2065	32	1791442614180000.350	1791442614180039.654	39.304	2064	2066	1791442614179993.510	1791442614180039.670	0.02	0.024	6.84	0.016	46.16	0.019999775999998803	6.836000223999996	6.856	10533	1791442614179950.882	8.72	5.13	9.37	8.83	98.6	1	1	3.64	4.62	49.468	48.328	2061	131.24
670	1	10	5	0	0	P	P	B	0x12c041e00000	C	B	669	probe	C	0	1	0	0	32.960001379	114.511000000	PC	4	460	2068	40	1791442614180123.074	1791442614180153.514	30.44	2067	2069	1791442614180120.554	1791442614180153.534	0.02	0.02	2.52	0.02	32.98	0.01999862099999916	2.5200013789999964	2.54	10545	1791442614180092.972	8.1	5.43	11.06	13.93	68.27	1	1	2.86	4.02	30.102	29.062	2065	83.42
671	1	10	5	1	1	C	C	A	0x12c041a00000	P	B	670	conditioner	C	0	1	0	0	43.940000236	214.422000000	PC	4	460	2071	32	1791442614180328.078	1791442614180370.018	41.94	2070	2072	1791442614180326.098	1791442614180370.038	0.02	0.02	1.98	0.02	43.94	-2.3600000531587284e-07	2.0000002360000053	2.0	10557	1791442614180211.162	8.7	5.26	14.14	14.99	164.03	1	1	2.65	3.77	116.916	115.726	2068	174.564
672	1	10	5	1	1	C	C	A	0x12c041a00000	C	A	671	probe	C	0	1	0	0	94.779998064	161.911000000	PC	4	460	2075	32	1791442614180493.922	1791442614180528.522	34.6	2074	2076	1791442614180433.778	1791442614180528.542	0.0	0.02	60.144	0.02	94.764	-0.015998064000001477	60.179998063999996	60.164	10570	1791442614180427.772	8.78	5.87	14.65	14.35	111.47	1	1	3.14	4.11	66.15	65.06	2071	123.904
673	1	11	26	0	1	P	P	A	0x12c041a00000	C	A	672	conditioner	P	1	0	1	1	42.559999973	210.021000000	PC	4	460	2079	40	1791442614180712.006	1791442614180746.266	34.26	2078	2080	1791442614180703.706	1791442614180746.286	0.02	0.02	8.3	0.02	42.58	0.020000027000001808	8.299999972999998	8.32	10582	1791442614180591.752	8.41	5.6	14.66	13.88	159.81	1	1	3.2	4.0	120.254	119.204	2075	183.484
674	1	11	26	0	1	P	P	B	0x12c041e00000	P	A	673	probe	P	1	0	1	1	49.440000206	105.821000000	PC	4	460	2083	40	1791442614180836.946	1791442614180862.150	25.204	2082	2084	1791442614180812.746	1791442614180862.170	0.02	0.02	24.2	0.02	49.424	-0.01600020600000107	24.236000206	24.22	10595	1791442614180802.362	8.59	5.84	13.74	14.0	55.95	1	1	3.76	4.29	34.584	33.564	2079	90.68
675	1	11	26	1	0	P	P	B	0x12c041e00000	P	B	674	conditioner	P	1	0	1	1	30.899999663	125.661000000	PC	4	460	2086	40	1791442614180956.930	1791442614180985.530	28.6	2085	2087	1791442614180954.650	1791442614180985.550	0.02	0.02	2.28	0.02	30.9	3.369999994617956e-07	2.2999996629999977	2.3	10607	1791442614180909.562	8.36	5.51	13.81	14.25	76.32	1	1	3.12	4.01	47.368	46.438	2083	94.78
676	1	11	26	1	0	C	C	A	0x12c041a00000	P	B	675	probe	P	1	0	1	1	248.500004411	367.613000000	PC	4	460	2089	32	1791442614181103.934	1791442614181349.478	245.544	2088	2090	1791442614181100.994	1791442614181349.498	0.02	0.02	2.94	0.02	248.504	0.003995588999998745	2.956004410999981	2.96	10619	1791442614181037.022	8.08	5.11	14.48	14.43	317.3	1	1	3.0	3.96	66.912	65.912	2086	118.404
677	1	12	15	0	1	C	C	B	0x12c041e00000	C	A	676	conditioner	C	1	1	1	0	41.120000184	131.331000000	PC	4	460	2093	32	1791442614181453.062	1791442614181486.842	33.78	2092	2094	1791442614181445.742	1791442614181486.862	0.016	0.02	7.32	0.02	41.12	-1.8400000101337355e-07	7.340000183999997	7.34	10632	1791442614181407.542	8.87	5.47	15.47	14.33	78.67	1	1	3.72	4.53	45.52	44.2	2089	103.584
678	1	12	15	0	1	C	C	A	0x12c041a00000	C	B	677	probe	C	1	1	1	0	39.080001414	197.101000000	PC	4	460	2096	32	1791442614181646.222	1791442614181680.666	34.444	2095	2097	1791442614181641.622	1791442614181680.686	0.0	0.02	4.6	0.02	39.064	-0.016001414000001546	4.636001413999999	4.62	10644	1791442614181537.342	8.37	5.75	13.7	14.01	148.26	1	1	3.14	3.9	108.88	107.91	2093	159.38
679	1	12	15	1	0	C	C	A	0x12c041a00000	C	A	678	conditioner	C	1	1	1	0	66.359996796	244.972000000	PC	4	460	2100	32	1791442614181863.490	1791442614181927.650	64.16	2099	2101	1791442614181861.310	1791442614181927.670	0.02	0.02	2.18	0.02	66.36	3.203999995093909e-06	2.1999967960000077	2.2	10657	1791442614181736.492	9.0	5.83	14.55	14.32	194.12	1	1	3.26	4.05	126.998	125.728	2096	182.824
680	1	12	15	1	0	P	P	B	0x12c041e00000	C	A	679	probe	C	1	1	1	0	37.200000137	198.391000000	PC	4	460	2104	40	1791442614182095.454	1791442614182128.114	32.66	2103	2105	1791442614182090.934	1791442614182128.134	0.02	0.02	4.52	0.02	37.2	-1.370000006772898e-07	4.540000137000007	4.54	10670	1791442614181983.222	8.99	5.53	14.35	13.96	147.79	1	1	3.22	4.11	112.232	111.132	2100	167.804
681	1	13	4	0	0	P	P	B	0x12c041e00000	P	B	680	conditioner	P	0	1	0	0	148.159995675	213.562000000	PC	4	460	2108	40	1791442614182307.618	1791442614182338.318	30.7	2107	2109	1791442614182190.174	1791442614182338.358	0.02	0.02	117.444	0.04	148.184	0.024004324999992832	117.459995675	117.484	10683	1791442614182183.432	8.65	5.94	15.28	14.32	162.66	1	1	3.13	4.11	124.186	123.126	2104	179.504
682	1	13	4	0	0	P	P	B	0x12c041e00000	P	B	681	probe	P	0	1	0	0	112.960003316	208.431000000	PC	4	460	2112	40	1791442614182439.058	1791442614182549.742	110.684	2111	2113	1791442614182436.798	1791442614182549.762	0.02	0.02	2.26	0.02	112.964	0.003996684000000528	2.2760033160000006	2.28	10696	1791442614182397.482	13.86	10.69	14.29	13.06	154.22	1	1	3.16	4.11	41.576	40.206	2108	100.74
683	1	13	4	1	1	P	P	A	0x12c041a00000	P	B	682	conditioner	P	0	1	0	0	42.399998754	221.232000000	PC	4	460	2116	40	1791442614182651.086	1791442614182691.286	40.2	2115	2117	1791442614182648.902	1791442614182691.326	0.024	0.0	2.184	0.04	42.424	0.024001245999997423	2.1999987539999992	2.224	10709	1791442614182605.472	8.6	5.66	12.77	13.99	173.1	1	1	2.98	4.11	45.614	44.584	2112	101.344
684	1	13	4	1	1	C	C	A	0x12c041a00000	P	A	683	probe	P	0	1	0	0	59.259999543	108.991000000	PC	4	460	2120	32	1791442614182858.530	1791442614182892.350	33.82	2119	2121	1791442614182833.126	1791442614182892.370	0.0	0.02	25.404	0.02	59.244	-0.015999542999999505	25.439999543	25.424	10721	1791442614182830.522	10.52	6.88	13.96	15.81	53.7	1	1	3.59	4.19	28.008	26.738	2116	167.244
685	1	14	25	0	1	C	C	B	0x12c041e00000	C	A	684	conditioner	C	0	0	1	1	24.019999430	114.611000000	PC	4	460	2123	32	1791442614182986.210	1791442614183008.070	21.86	2122	2124	1791442614182984.090	1791442614183008.090	0.02	0.02	2.12	0.02	24.0	-0.019999429999998597	2.159999429999999	2.14	10733	1791442614182939.992	8.89	5.74	13.4	13.38	65.97	1	1	3.03	3.91	46.218	45.268	2120	93.86
686	1	14	25	0	1	P	P	B	0x12c041e00000	C	B	685	probe	C	0	0	1	1	149.220004678	202.981000000	PC	4	460	2126	40	1791442614183158.054	1791442614183201.854	43.8	2125	2127	1791442614183052.654	1791442614183201.874	0.02	0.02	105.4	0.02	149.22	-4.678000010471806e-06	105.42000467800001	105.42	10745	1791442614183056.882	8.36	5.4	14.79	14.38	152.6	1	1	2.9	3.86	101.172	100.182	2123	149.984
687	1	14	25	1	0	C	C	A	0x12c041a00000	P	B	686	conditioner	C	0	0	1	1	42.819999158	184.952000000	PC	4	460	2130	32	1791442614183357.078	1791442614183392.578	35.5	2129	2131	1791442614183349.798	1791442614183392.598	0.02	0.02	7.28	0.02	42.8	-0.019999158000004513	7.319999158000002	7.3	10758	1791442614183262.122	8.73	5.88	14.34	14.37	133.3	1	1	3.35	4.08	94.956	94.006	2126	155.224
688	1	14	25	1	0	C	C	A	0x12c041a00000	C	A	687	probe	C	0	0	1	1	39.159998298	162.111000000	PC	4	460	2134	32	1791442614183523.402	1791442614183556.122	32.72	2133	2135	1791442614183516.982	1791442614183556.142	0.02	0.02	6.42	0.02	39.16	1.7019999987155643e-06	6.439998297999999	6.44	10771	1791442614183446.582	9.59	5.83	13.29	14.38	111.87	1	1	3.16	4.34	76.82	74.85	2130	130.824
689	1	15	14	0	1	P	P	B	0x12c041e00000	C	A	688	conditioner	P	1	1	1	0	410.580009222	469.683000000	PC	4	460	2138	40	1791442614183684.386	1791442614184022.230	337.844	2137	2139	1791442614183611.682	1791442614184022.250	0.02	0.02	72.704	0.02	410.568	-0.012009222000017417	72.736009222	72.724	10784	1791442614183611.272	9.66	6.29	14.11	14.34	417.32	1	1	3.36	3.95	73.114	72.044	2134	128.264
690	1	15	14	0	1	C	C	A	0x12c041a00000	P	B	689	probe	P	1	1	1	0	43.180000037	147.431000000	PC	4	460	2142	32	1791442614184144.074	1791442614184179.334	35.26	2141	2143	1791442614184136.174	1791442614184179.354	0.02	0.02	7.9	0.02	43.18	-3.699999950868005e-08	7.920000037000001	7.92	10797	1791442614184083.022	9.27	6.13	14.5	14.39	94.68	1	1	3.31	4.6	61.052	59.932	2138	121.844
691	1	15	14	1	0	P	P	A	0x12c041a00000	C	A	690	conditioner	P	1	1	1	0	37.820000201	164.352000000	PC	4	460	2145	40	1791442614184297.498	1791442614184333.858	36.36	2144	2146	1791442614184296.078	1791442614184333.878	0.02	0.02	1.42	0.02	37.8	-0.020000201000001994	1.4600002009999997	1.44	10809	1791442614184231.142	8.58	5.58	14.76	14.15	113.32	1	1	3.25	3.84	66.356	65.386	2142	118.164
692	1	15	14	1	0	P	P	B	0x12c041e00000	P	A	691	probe	P	1	1	1	0	35.459998995	111.120000000	PC	4	460	2149	40	1791442614184429.198	1791442614184462.542	33.344	2148	2150	1791442614184427.078	1791442614184462.562	0.02	0.02	2.12	0.02	35.484	0.02400100500000235	2.115998994999998	2.14	10822	1791442614184396.212	8.8	5.97	14.21	14.67	60.04	1	1	3.19	4.04	32.986	31.916	2145	95.34
693	1	16	3	0	0	C	C	B	0x12c041e00000	P	B	692	conditioner	C	1	0	0	0	75.560003519	177.842000000	PC	4	460	2152	32	1791442614184557.442	1791442614184630.902	73.46	2151	2153	1791442614184555.362	1791442614184630.922	0.02	0.02	2.08	0.02	75.56	-3.5190000033935576e-06	2.100003519000012	2.1	10834	1791442614184508.192	8.7	5.83	13.99	13.76	128.34	1	1	2.99	3.84	49.25	48.16	2149	94.9
694	1	16	3	0	0	P	P	A	0x12c041a00000	C	B	693	probe	C	1	0	0	0	81.000000238	248.101000000	PC	4	460	2156	40	1791442614184732.926	1791442614184764.406	31.48	2155	2157	1791442614184683.446	1791442614184764.426	0.0	0.02	49.48	0.02	80.98	-0.020000237999994397	49.520000237999994	49.5	10847	1791442614184687.392	8.93	5.89	13.67	13.13	199.2	1	1	3.15	3.88	45.534	44.474	2152	102.024
695	1	16	3	1	1	C	C	A	0x12c041a00000	P	A	694	conditioner	C	1	0	0	0	48.560000956	231.292000000	PC	4	460	2160	32	1791442614185069.234	1791442614185115.374	46.14	2159	2161	1791442614185066.854	1791442614185115.394	0.02	0.02	2.38	0.02	48.54	-0.020000956000004066	2.4200009560000026	2.4	10859	1791442614184937.722	8.81	5.67	14.09	13.66	180.56	1	1	3.36	4.44	131.512	130.232	2156	304.828
696	1	16	3	1	1	C	C	B	0x12c041e00000	C	A	695	probe	C	1	0	0	0	45.600000769	191.252000000	PC	4	460	2164	32	1791442614185268.058	1791442614185308.258	40.2	2163	2165	1791442614185262.698	1791442614185308.278	0.02	0.02	5.36	0.02	45.58	-0.020000768999999252	5.400000768999995	5.38	10872	1791442614185171.022	8.77	5.89	15.21	14.85	139.12	1	1	3.32	4.2	97.036	95.916	2160	152.684
697	1	17	24	0	1	P	P	B	0x12c041e00000	C	B	696	conditioner	P	0	0	1	1	39.340000600	186.811000000	PC	4	460	2168	40	1791442614185462.282	1791442614185494.722	32.44	2167	2169	1791442614185455.402	1791442614185494.762	0.02	0.02	6.88	0.04	39.36	0.019999399999996115	6.900000600000006	6.92	10885	1791442614185362.522	9.11	6.17	14.56	13.86	136.45	1	1	3.13	4.0	99.76	98.67	2164	154.024
698	1	17	24	0	1	P	P	B	0x12c041e00000	P	B	697	probe	P	0	0	1	1	37.680000067	188.151000000	PC	4	460	2172	40	1791442614185650.502	1791442614185684.946	34.444	2171	2173	1791442614185647.262	1791442614185684.966	0.024	0.02	3.24	0.02	37.704	0.02399993299999892	3.236000066999999	3.26	10898	1791442614185550.432	9.45	6.06	13.3	14.18	137.26	1	1	3.6	3.99	100.07	98.46	2168	155.78
699	1	17	24	1	0	P	P	A	0x12c041a00000	P	B	698	conditioner	P	0	0	1	1	48.599999398	194.932000000	PC	4	460	2176	40	1791442614185834.106	1791442614185879.570	45.464	2175	2177	1791442614185830.986	1791442614185879.610	0.02	0.0	3.12	0.04	48.624	0.02400060200000098	3.1359993980000027	3.16	10911	1791442614185739.072	10.1	6.68	13.85	14.03	144.06	1	1	3.21	4.12	95.034	93.314	2172	149.16
700	1	17	24	1	0	C	C	A	0x12c041a00000	P	A	699	probe	P	0	0	1	1	45.439999551	177.101000000	PC	4	460	2180	32	1791442614186021.630	1791442614186060.174	38.544	2179	2181	1791442614186014.770	1791442614186060.194	0.0	0.02	6.86	0.02	45.424	-0.015999551000000167	6.895999551000003	6.88	10924	1791442614185936.822	8.96	5.93	14.02	13.86	124.66	1	1	3.92	4.2	84.808	83.628	2176	142.06
701	1	18	13	0	1	C	C	A	0x12c041a00000	C	A	700	conditioner	C	0	1	1	0	38.479998708	200.942000000	PC	4	460	2184	32	1791442614186215.874	1791442614186252.078	36.204	2183	2185	1791442614186213.614	1791442614186252.094	0.02	0.024	2.26	0.016	38.48	1.292000000319149e-06	2.275998707999996	2.276	10938	1791442614186114.602	10.05	6.41	14.48	15.02	147.21	1	1	3.06	4.34	101.272	100.112	2180	155.7
702	1	18	13	0	1	C	C	A	0x12c041a00000	C	A	701	probe	C	0	1	1	0	276.100009680	464.473000000	PC	4	460	2188	32	1791442614186449.982	1791442614186722.606	272.624	2187	2189	1791442614186446.502	1791442614186722.626	0.016	0.02	3.48	0.02	276.124	0.02399031999999579	3.476009680000004	3.5	10951	1791442614186317.402	8.9	5.97	14.34	14.28	412.88	1	1	3.67	4.16	132.58	131.47	2184	197.904
703	1	18	13	1	0	C	C	B	0x12c041e00000	C	A	702	conditioner	C	0	1	1	0	45.680001378	217.122000000	PC	4	460	2192	32	1791442614186900.550	1791442614186943.830	43.28	2191	2193	1791442614186898.170	1791442614186943.850	0.02	0.02	2.38	0.02	45.68	-1.3780000003293935e-06	2.400001377999999	2.4	10964	1791442614186783.802	8.95	5.9	14.79	14.57	164.51	1	1	3.64	5.06	116.748	115.678	2188	177.944
704	1	18	13	1	0	P	P	B	0x12c041e00000	C	B	703	probe	C	0	1	1	0	38.819998503	184.991000000	PC	4	460	2196	40	1791442614187096.294	1791442614187132.654	36.36	2195	2197	1791442614187093.834	1791442614187132.674	0.02	0.02	2.46	0.02	38.84	0.020001497000002644	2.4599985030000013	2.48	10977	1791442614187001.692	8.87	5.86	14.06	15.2	133.57	1	1	3.3	3.9	94.602	93.532	2192	152.464
705	1	19	2	0	0	P	P	B	0x12c041e00000	P	B	704	conditioner	P	1	0	0	0	30.999999493	193.511000000	PC	4	460	2200	40	1791442614187298.838	1791442614187326.818	27.98	2199	2201	1791442614187295.838	1791442614187326.838	0.02	0.02	3.0	0.02	31.0	5.06999999316804e-07	3.0199994930000003	3.02	10990	1791442614187186.462	8.81	6.02	13.33	13.89	144.3	1	1	3.12	4.04	112.376	111.326	2196	166.184
706	1	19	2	0	0	P	P	A	0x12c041a00000	P	B	705	probe	P	1	0	0	0	36.899998784	201.682000000	PC	4	460	2204	40	1791442614187494.002	1791442614187528.242	34.24	2203	2205	1791442614187491.382	1791442614187528.262	0.02	0.02	2.62	0.02	36.88	-0.019998783999994885	2.6599987839999955	2.64	11003	1791442614187382.242	8.62	5.71	14.43	13.78	152.01	1	1	3.27	3.99	111.76	110.66	2200	167.184
707	1	19	2	1	1	P	P	A	0x12c041a00000	P	A	706	conditioner	P	1	0	0	0	34.439999610	201.831000000	PC	4	460	2208	40	1791442614187702.446	1791442614187734.126	31.68	2207	2209	1791442614187699.706	1791442614187734.146	0.0	0.02	2.74	0.02	34.44	3.899999967416079e-07	2.7599996100000013	2.76	11016	1791442614187584.982	8.76	5.98	14.03	13.9	152.08	1	1	3.19	4.2	117.464	116.394	2204	174.204
708	1	19	2	1	1	C	C	B	0x12c041e00000	P	A	707	probe	P	1	0	0	0	41.939999908	216.282000000	PC	4	460	2212	32	1791442614187919.010	1791442614187954.590	35.58	2211	2213	1791442614187912.650	1791442614187954.610	0.02	0.02	6.36	0.02	41.96	0.020000092000003633	6.359999907999999	6.38	11029	1791442614187787.802	8.79	5.52	13.45	8.07	172.16	1	1	3.27	4.27	131.208	130.088	2208	184.884
709	1	20	23	0	0	C	C	A	0x12c041a00000	C	B	708	conditioner	C	1	1	0	1	40.780000389	201.761000000	PC	4	460	2216	32	1791442614188124.474	1791442614188159.574	35.1	2215	2217	1791442614188118.814	1791442614188159.614	0.02	0.0	5.66	0.04	40.8	0.01999961099999581	5.680000389	5.7	11042	1791442614187999.982	7.86	5.13	8.53	10.28	161.84	1	1	3.23	3.99	124.492	123.452	2212	169.884
710	1	20	23	0	0	C	C	B	0x12c041e00000	C	A	709	probe	C	1	1	0	1	41.000001132	149.111000000	PC	4	460	2220	32	1791442614188274.418	1791442614188308.058	33.64	2219	2221	1791442614188267.098	1791442614188308.078	0.0	0.02	7.32	0.02	40.98	-0.020001132000004418	7.360001132000001	7.34	11055	1791442614188208.832	8.75	5.93	14.36	13.81	98.91	1	1	3.16	4.17	65.586	64.546	2216	114.844
711	1	20	23	1	1	C	C	B	0x12c041e00000	C	B	710	conditioner	C	1	1	0	1	24.040000513	104.321000000	PC	4	460	2223	32	1791442614188396.958	1791442614188418.558	21.6	2222	2224	1791442614188394.538	1791442614188418.578	0.02	0.02	2.42	0.02	24.04	-5.129999998132462e-07	2.4400005129999975	2.44	11067	1791442614188357.952	8.17	5.43	13.82	13.74	56.12	1	1	2.96	4.0	39.006	37.966	2220	88.9
712	1	20	23	1	1	P	P	A	0x12c041a00000	C	B	711	probe	C	1	1	0	1	123.039998114	181.812000000	PC	4	460	2226	40	1791442614188476.702	1791442614188549.162	72.46	2225	2227	1791442614188463.402	1791442614188586.462	0.02	0.02	13.3	37.3	123.06	0.020001886000002855	50.579998114000006	50.6	11079	1791442614188463.562	8.39	5.6	14.05	15.02	131.1	1	1	2.72	4.26	13.14	12.18	2223	58.144
713	1	21	12	0	1	P	P	A	0x12c041a00000	P	A	712	conditioner	P	0	1	1	0	146.999999881	207.691000000	PC	4	460	2230	40	1791442614188671.186	1791442614188703.666	32.48	2229	2231	1791442614188652.542	1791442614188799.566	0.024	0.02	18.644	95.9	147.024	0.024000118999992992	114.51999988100002	114.544	11092	1791442614188646.612	8.55	5.86	13.65	14.39	157.24	1	1	2.98	4.11	24.574	23.584	2226	122.024
714	1	21	12	0	1	C	C	A	0x12c041a00000	P	A	713	probe	P	0	1	1	0	108.120001853	177.471000000	PC	4	460	2234	32	1791442614188875.310	1791442614188911.790	36.48	2233	2235	1791442614188871.790	1791442614188979.930	0.02	0.02	3.52	68.14	108.14	0.01999814699999547	71.640001853	71.66	11105	1791442614188856.582	9.19	6.06	13.65	15.03	125.78	1	1	3.61	3.9	18.728	17.568	2230	171.644
715	1	21	12	1	0	P	P	B	0x12c041e00000	C	A	714	conditioner	P	0	1	1	0	336.939990520	401.073000000	PC	4	460	2238	40	1791442614189055.174	1791442614189378.978	323.804	2237	2239	1791442614189042.050	1791442614189378.998	0.02	0.02	13.124	0.02	336.948	0.008009479999998348	13.135990520000007	13.144	11118	1791442614189035.072	8.69	5.98	14.52	15.3	349.35	1	1	3.12	3.93	20.102	18.992	2234	143.384
716	1	21	12	1	0	P	P	B	0x12c041e00000	P	B	715	probe	P	0	1	1	0	38.300000131	177.762000000	PC	4	460	2242	40	1791442614189528.402	1791442614189560.242	31.84	2241	2243	1791442614189521.942	1791442614189560.262	0.02	0.02	6.46	0.02	38.32	0.019999869000002946	6.4600001309999975	6.48	11131	1791442614189438.232	8.65	5.85	14.29	14.89	126.21	1	1	3.65	4.22	90.17	89.15	2238	149.424
717	1	22	1	0	0	C	C	A	0x12c041a00000	P	B	716	conditioner	C	0	0	0	0	40.380001068	180.801000000	PC	4	460	2246	32	1791442614189710.786	1791442614189744.186	33.4	2245	2247	1791442614189703.846	1791442614189744.206	0.0	0.02	6.94	0.02	40.36	-0.020001067999999123	6.980001068	6.96	11145	1791442614189616.862	9.34	5.96	14.1	15.08	128.81	1	1	3.08	4.15	93.924	92.764	2242	150.544
718	1	22	1	0	0	P	P	A	0x12c041a00000	C	A	717	probe	C	0	0	0	0	63.459999859	214.862000000	PC	4	460	2250	40	1791442614189899.590	1791442614189960.150	60.56	2249	2251	1791442614189896.730	1791442614189960.170	0.02	0.02	2.86	0.02	63.44	-0.019999859000002118	2.8999998589999976	2.88	11158	1791442614189797.772	8.79	5.82	12.9	13.68	166.34	1	1	3.24	4.05	101.818	100.638	2246	155.404
719	1	22	1	1	1	C	C	B	0x12c041e00000	P	A	718	conditioner	C	0	0	0	0	41.499998420	176.041000000	PC	4	460	2254	32	1791442614190096.774	1791442614190130.734	33.96	2253	2255	1791442614190089.254	1791442614190130.754	0.02	0.02	7.52	0.02	41.5	1.5800000028320937e-06	7.539998419999996	7.54	11171	1791442614190015.822	8.76	5.79	14.7	13.83	125.48	1	1	3.39	3.99	80.952	79.722	2250	136.624
720	1	22	1	1	1	C	C	B	0x12c041e00000	C	B	719	probe	C	0	0	0	0	40.160000324	208.591000000	PC	4	460	2258	32	1791442614190312.698	1791442614190345.918	33.22	2257	2259	1791442614190305.778	1791442614190345.938	0.02	0.02	6.92	0.02	40.16	-3.2400000549159813e-07	6.940000324000003	6.94	11184	1791442614190192.652	9.42	6.11	14.69	14.06	157.4	1	1	3.01	4.3	120.046	118.926	2254	181.964
721	1	23	22	0	0	P	P	A	0x12c041a00000	C	B	720	conditioner	P	1	1	0	1	89.259997010	222.042000000	PC	4	460	2262	40	1791442614190485.382	1791442614190572.382	87.0	2261	2263	1791442614190483.142	1791442614190572.402	0.02	0.02	2.24	0.02	89.26	2.9899999987037518e-06	2.2599970100000064	2.26	11197	1791442614190403.552	8.57	5.67	13.67	13.33	173.03	1	1	3.42	3.87	81.83	80.83	2258	139.464
722	1	23	22	0	0	C	C	B	0x12c041e00000	P	A	721	probe	P	1	1	0	1	30.519999564	129.231000000	PC	4	460	2266	32	1791442614190667.966	1791442614190696.066	28.1	2265	2267	1791442614190665.566	1791442614190696.086	0.02	0.02	2.4	0.02	30.52	4.3600000054766497e-07	2.4199995639999976	2.42	11210	1791442614190626.662	9.65	5.89	13.57	14.32	77.67	1	1	3.92	4.21	41.304	39.564	2262	95.584
723	1	23	22	1	1	P	P	B	0x12c041e00000	C	B	722	conditioner	P	1	1	0	1	33.179998398	116.561000000	PC	4	460	2269	40	1791442614190799.786	1791442614190831.066	31.28	2268	2270	1791442614190797.906	1791442614190831.086	0.02	0.02	1.88	0.02	33.18	1.6019999975469545e-06	1.899998398000001	1.9	11222	1791442614190757.032	8.13	5.47	14.2	14.4	67.0	1	1	3.24	3.89	42.754	41.714	2266	103.72
724	1	23	22	1	1	P	P	A	0x12c041a00000	P	B	723	probe	P	1	1	0	1	65.600000322	123.121000000	PC	4	460	2272	40	1791442614190902.110	1791442614190938.410	36.3	2271	2273	1791442614190872.830	1791442614190938.430	0.02	0.02	29.28	0.02	65.6	-3.220000053261174e-07	29.300000322000002	29.3	11234	1791442614190873.602	8.36	5.81	13.06	13.54	75.61	1	1	3.54	3.6	28.508	27.628	2269	71.044
725	1	24	11	0	1	C	C	A	0x12c041a00000	P	A	724	conditioner	C	1	0	1	0	36.559998989	100.010000000	PC	4	460	2276	32	1791442614191020.210	1791442614191054.390	34.18	2275	2277	1791442614191017.850	1791442614191054.430	0.02	0.0	2.36	0.04	36.58	0.02000101099999796	2.3799989890000006	2.4	11246	1791442614190999.512	8.64	5.72	14.24	14.99	48.7	1	1	2.95	4.06	20.698	19.448	2272	81.8
726	1	24	11	0	1	C	C	B	0x12c041e00000	C	A	725	probe	C	1	0	1	0	93.900002539	180.922000000	PC	4	460	2279	32	1791442614191131.034	1791442614191222.414	91.38	2278	2280	1791442614191128.554	1791442614191222.434	0.02	0.02	2.48	0.02	93.88	-0.020002539000003594	2.5200025390000036	2.5	11258	1791442614191099.432	8.0	5.46	14.06	13.14	133.67	1	1	2.73	3.78	31.602	30.632	2276	76.644
727	1	24	11	1	0	C	C	B	0x12c041e00000	C	B	726	conditioner	C	1	0	1	0	25.259999558	107.901000000	PC	4	460	2283	32	1791442614191318.318	1791442614191341.238	22.92	2282	2284	1791442614191315.998	1791442614191341.258	0.02	0.02	2.32	0.02	25.26	4.420000010441072e-07	2.339999557999999	2.34	11270	1791442614191281.142	8.71	5.5	13.33	14.83	58.47	1	1	3.0	3.87	37.176	35.616	2279	95.904
728	1	24	11	1	0	P	P	A	0x12c041a00000	C	B	727	probe	C	1	0	1	0	36.559998989	179.651000000	PC	4	460	2286	40	1791442614191478.942	1791442614191513.282	34.34	2285	2287	1791442614191476.742	1791442614191513.302	0.02	0.02	2.2	0.02	36.56	1.0110000019381005e-06	2.219998988999997	2.22	11282	1791442614191390.942	8.21	5.52	14.35	14.06	130.82	1	1	2.67	3.57	88.0	87.0	2283	137.704
729	1	25	0	0	0	P	P	A	0x12c041a00000	P	A	728	conditioner	P	0	0	0	0	35.799998790	157.511000000	PC	4	460	2290	40	1791442614191639.582	1791442614191673.106	33.524	2289	2291	1791442614191637.342	1791442614191673.126	0.02	0.02	2.24	0.02	35.784	-0.015998789999997598	2.2759987899999956	2.26	11295	1791442614191572.172	8.26	5.6	14.11	13.61	109.1	1	1	3.0	3.85	67.41	66.45	2286	126.3
730	1	25	0	0	0	P	P	A	0x12c041a00000	P	A	729	probe	P	0	0	0	0	202.120006084	371.073000000	PC	4	460	2294	40	1791442614191843.006	1791442614192040.150	197.144	2293	2295	1791442614191838.066	1791442614192040.170	0.0	0.02	4.94	0.02	202.104	-0.016006083999997145	4.976006084000005	4.96	11308	1791442614191734.622	8.6	5.84	16.16	14.16	319.15	1	1	3.21	3.95	108.384	107.364	2290	169.9
731	1	25	0	1	1	P	P	B	0x12c041e00000	P	A	730	conditioner	P	0	0	0	0	39.019998163	149.501000000	PC	4	460	2298	40	1791442614192171.454	1791442614192202.334	30.88	2297	2299	1791442614192163.314	1791442614192202.354	0.02	0.02	8.14	0.02	39.04	0.020001837000002354	8.139998162999998	8.16	11321	1791442614192104.472	8.43	5.74	13.52	14.26	100.29	1	1	3.17	4.03	66.982	65.942	2294	131.304
732	1	25	0	1	1	C	C	B	0x12c041e00000	P	B	731	probe	P	0	0	0	0	135.920003057	196.451000000	PC	4	460	2302	32	1791442614192363.458	1791442614192397.178	33.72	2301	2303	1791442614192261.278	1791442614192397.198	0.02	0.02	102.18	0.02	135.92	-3.0570000149054977e-06	102.200003057	102.2	11334	1791442614192256.932	9.56	6.36	14.42	14.66	144.43	1	1	3.17	4.27	106.526	105.426	2298	161.124
733	1	26	21	0	0	C	C	B	0x12c041e00000	C	B	732	conditioner	C	0	1	0	1	40.780000389	231.942000000	PC	4	460	2306	32	1791442614192590.422	1791442614192628.962	38.54	2305	2307	1791442614192588.202	1791442614192628.982	0.02	0.02	2.22	0.02	40.78	-3.890000002115812e-07	2.240000389000002	2.24	11347	1791442614192454.512	8.5	5.76	14.29	14.6	181.37	1	1	3.27	4.34	135.91	134.86	2302	193.244
734	1	26	21	0	0	C	C	B	0x12c041e00000	C	B	733	probe	C	0	1	0	1	40.240000933	200.722000000	PC	4	460	2310	32	1791442614192794.906	1791442614192828.046	33.14	2309	2311	1791442614192787.826	1791442614192828.066	0.02	0.02	7.08	0.02	40.24	-9.329999954843515e-07	7.100000932999997	7.1	11360	1791442614192690.152	9.68	6.2	14.88	14.54	147.65	1	1	3.8	3.99	104.754	103.234	2306	165.944
735	1	26	21	1	1	C	C	A	0x12c041a00000	C	B	734	conditioner	C	0	1	0	1	40.839999914	187.331000000	PC	4	460	2314	32	1791442614192988.910	1791442614193021.530	32.62	2313	2315	1791442614192980.710	1791442614193021.550	0.02	0.02	8.2	0.02	40.84	8.600000001024455e-08	8.219999914000006	8.22	11374	1791442614192890.402	8.98	5.95	13.74	14.23	137.07	1	1	3.22	4.04	98.508	97.108	2310	160.864
736	1	26	21	1	1	P	P	A	0x12c041a00000	C	A	735	probe	C	0	1	0	1	73.980003595	215.382000000	PC	4	460	2318	40	1791442614193170.574	1791442614193242.494	71.92	2317	2319	1791442614193168.534	1791442614193242.514	0.02	0.02	2.04	0.02	73.98	-3.594999995470971e-06	2.0600035949999977	2.06	11387	1791442614193079.972	9.5	6.35	14.6	13.79	164.01	1	1	3.17	4.1	90.602	89.392	2314	149.044
737	1	27	10	0	1	P	P	A	0x12c041a00000	P	A	736	conditioner	P	1	0	1	0	48.760000616	210.471000000	PC	4	460	2322	40	1791442614193411.958	1791442614193454.222	42.264	2321	2323	1791442614193405.478	1791442614193454.238	0.02	0.024	6.48	0.016	48.76	-6.16000001230077e-07	6.496000615999996	6.496	11400	1791442614193295.732	9.09	5.8	14.35	12.99	161.07	1	1	3.37	4.07	116.226	114.886	2318	169.464
738	1	27	10	0	1	C	C	B	0x12c041e00000	P	A	737	probe	P	1	0	1	0	23.739999160	180.511000000	PC	4	460	2326	32	1791442614193598.702	1791442614193620.262	21.56	2325	2327	1791442614193596.542	1791442614193620.282	0.02	0.02	2.16	0.02	23.74	8.399999984476381e-07	2.1799991600000013	2.18	11413	1791442614193507.992	8.81	5.74	14.48	14.17	129.48	1	1	3.2	3.99	90.71	89.59	2322	144.48
739	1	27	10	1	0	P	P	B	0x12c041e00000	C	B	738	conditioner	P	1	0	1	0	99.600002170	255.972000000	PC	4	460	2330	40	1791442614193794.606	1791442614193891.990	97.384	2329	2331	1791442614193792.386	1791442614193892.010	0.02	0.02	2.22	0.02	99.624	0.023997829999999	2.216002169999996	2.24	11427	1791442614193688.822	8.72	5.86	13.79	13.77	206.43	1	1	3.15	4.0	105.784	104.674	2326	174.344
740	1	27	10	1	0	P	P	A	0x12c041a00000	P	B	739	probe	P	1	0	1	0	39.700001478	127.161000000	PC	4	460	2334	40	1791442614193993.250	1791442614194030.890	37.64	2333	2335	1791442614193991.210	1791442614194030.910	0.02	0.02	2.04	0.02	39.7	-1.477999994392576e-06	2.0600014779999967	2.06	11440	1791442614193946.102	9.17	5.47	14.56	14.23	76.35	1	1	3.2	4.04	47.148	45.438	2330	101.26
741	1	28	31	0	1	C	C	B	0x12c041e00000	P	A	740	conditioner	C	1	1	1	1	42.559999973	215.052000000	PC	4	460	2337	32	1791442614194199.234	1791442614194233.414	34.18	2336	2338	1791442614194190.874	1791442614194233.434	0.02	0.02	8.36	0.02	42.56	2.7000005786703696e-08	8.379999972999997	8.38	11452	1791442614194073.802	8.11	4.83	13.92	9.38	169.97	1	1	2.98	4.04	125.432	124.232	2334	168.344
742	1	28	31	0	1	P	P	A	0x12c041a00000	C	B	741	probe	C	1	1	1	1	71.139998734	153.861000000	PC	4	460	2341	40	1791442614194305.518	1791442614194334.818	29.3	2340	2342	1791442614194293.158	1791442614194364.278	0.02	0.02	12.36	29.46	71.12	-0.019998733999997853	41.839998734000005	41.82	11466	1791442614194288.892	9.1	6.02	13.01	14.82	103.85	1	1	3.07	4.43	16.626	15.516	2337	72.104
743	1	28	31	1	0	C	C	A	0x12c041a00000	P	A	742	conditioner	C	1	1	1	1	215.320006013	316.272000000	PC	4	460	2345	32	1791442614194495.262	1791442614194708.206	212.944	2344	2346	1791442614194492.902	1791442614194708.226	0.02	0.02	2.36	0.02	215.324	0.003993987000001198	2.3760060130000227	2.38	11478	1791442614194445.792	8.64	5.49	14.56	14.13	265.55	1	1	3.12	4.1	49.47	48.36	2341	160.444
744	1	28	31	1	0	C	C	B	0x12c041e00000	C	A	743	probe	C	1	1	1	1	39.080001414	133.121000000	PC	4	460	2349	32	1791442614194817.266	1791442614194852.226	34.96	2348	2350	1791442614194813.166	1791442614194852.246	0.02	0.02	4.1	0.02	39.08	-1.4140000033080469e-06	4.120001414000001	4.12	11491	1791442614194762.842	8.62	5.7	14.08	14.47	82.89	1	1	3.27	4.02	54.424	53.254	2345	109.06
745	1	29	20	0	0	P	P	B	0x12c041e00000	C	B	744	conditioner	P	0	1	0	1	36.819998175	130.641000000	PC	4	460	2352	40	1791442614194954.730	1791442614194985.230	30.5	2351	2353	1791442614194948.410	1791442614194985.250	0.02	0.02	6.32	0.02	36.84	0.02000182500000136	6.319998175000002	6.34	11503	1791442614194897.612	8.15	5.26	14.27	13.85	81.95	1	1	2.91	3.73	57.118	55.998	2349	102.504
746	1	29	20	0	0	C	C	B	0x12c041e00000	P	B	745	probe	P	0	1	0	1	24.180000648	98.771000000	PC	4	460	2355	32	1791442614195061.894	1791442614195083.834	21.94	2354	2356	1791442614195059.654	1791442614195083.854	0.016	0.02	2.24	0.02	24.2	0.01999935199999925	2.2400006479999988	2.26	11515	1791442614195029.422	8.87	6.03	14.27	13.82	48.85	1	1	2.69	4.27	32.472	31.412	2352	76.664
747	1	29	20	1	1	P	P	A	0x12c041a00000	C	B	746	conditioner	P	0	1	0	1	115.759998560	187.551000000	PC	4	460	2358	40	1791442614195146.074	1791442614195179.274	33.2	2357	2359	1791442614195143.654	1791442614195259.414	0.02	0.024	2.42	80.14	115.76	1.4400000054592965e-06	82.55999856	82.56	11527	1791442614195128.952	8.39	5.3	14.46	14.68	137.67	1	1	2.7	3.72	17.122	16.112	2355	62.24
748	1	29	20	1	1	P	P	A	0x12c041a00000	P	A	747	probe	P	0	1	0	1	32.999999821	126.731000000	PC	4	460	2362	40	1791442614195368.198	1791442614195399.018	30.82	2361	2363	1791442614195366.038	1791442614195399.038	0.02	0.02	2.16	0.02	33.0	1.7899999704695801e-07	2.1799998210000027	2.18	11540	1791442614195317.502	8.42	5.64	13.65	14.17	77.68	1	1	3.15	4.12	50.696	49.586	2358	188.924
749	1	30	9	0	1	C	C	B	0x12c041e00000	P	A	748	conditioner	C	0	0	1	0	116.599999368	190.292000000	PC	4	460	2365	32	1791442614195469.422	1791442614195503.782	34.36	2364	2366	1791442614195462.642	1791442614195579.242	0.02	0.02	6.78	75.46	116.6	6.319999954484956e-07	82.239999368	82.24	11552	1791442614195445.832	8.44	5.62	14.64	14.59	140.5	1	1	2.63	3.88	23.59	22.53	2362	70.404
750	1	30	9	0	1	C	C	B	0x12c041e00000	C	B	749	probe	C	0	0	1	0	42.059998959	128.591000000	PC	4	460	2369	32	1791442614195667.846	1791442614195702.926	35.08	2368	2370	1791442614195660.886	1791442614195702.946	0.016	0.02	6.96	0.02	42.06	1.0410000044203116e-06	6.979998959	6.98	11565	1791442614195638.982	8.63	5.8	15.66	14.09	77.09	1	1	3.2	3.89	28.864	27.844	2365	164.064
751	1	30	9	1	0	C	C	A	0x12c041a00000	C	B	750	conditioner	C	0	0	1	0	97.740001976	197.191000000	PC	4	460	2372	32	1791442614195815.186	1791442614195909.830	94.644	2371	2373	1791442614195812.106	1791442614195909.850	0.02	0.02	3.08	0.02	97.744	0.003998023999997713	3.0960019759999966	3.1	11577	1791442614195767.082	8.43	5.76	14.07	14.72	147.03	1	1	2.95	4.01	48.104	47.194	2369	112.26
752	1	30	9	1	0	P	P	A	0x12c041a00000	C	A	751	probe	C	0	0	1	0	48.840001225	168.321000000	PC	4	460	2376	40	1791442614196016.290	1791442614196062.894	46.604	2375	2377	1791442614196014.070	1791442614196062.914	0.02	0.02	2.22	0.02	48.844	0.003998774999999455	2.2360012250000025	2.24	11590	1791442614195967.112	8.86	6.11	15.06	13.92	116.79	1	1	3.59	4.16	49.178	48.158	2372	106.46
753	1	31	30	0	1	P	P	B	0x12c041e00000	P	A	752	conditioner	P	1	1	1	1	40.839999914	188.302000000	PC	4	460	2380	40	1791442614196237.374	1791442614196269.998	32.624	2379	2381	1791442614196229.174	1791442614196270.018	0.02	0.02	8.2	0.02	40.844	0.004000085999997793	8.215999914000001	8.22	11602	1791442614196136.072	8.99	6.08	13.89	13.7	136.93	1	1	3.49	3.93	101.302	100.252	2376	174.48
754	1	31	30	0	1	P	P	A	0x12c041a00000	P	B	753	probe	P	1	1	1	1	32.379999757	184.931000000	PC	4	460	2384	40	1791442614196427.718	1791442614196457.678	29.96	2383	2385	1791442614196425.318	1791442614196457.702	0.02	0.016	2.4	0.024	32.384	0.0040002430000001254	2.4199997569999994	2.424	11615	1791442614196326.322	8.86	5.9	15.1	14.45	133.14	1	1	3.33	4.42	101.396	100.356	2380	157.72
755	1	31	30	1	0	P	P	A	0x12c041a00000	P	A	754	conditioner	P	1	1	1	1	28.920000419	98.911000000	PC	4	460	2388	40	1791442614196535.342	1791442614196561.482	26.14	2387	2389	1791442614196532.582	1791442614196561.502	0.02	0.02	2.76	0.02	28.92	-4.1899999914107866e-07	2.7800004190000003	2.78	11628	1791442614196512.022	8.94	6.12	14.38	14.45	47.78	1	1	3.56	3.96	23.32	22.21	2384	77.664
756	1	31	30	1	0	C	C	B	0x12c041e00000	P	A	755	probe	P	1	1	1	1	97.640000284	173.971000000	PC	4	460	2391	32	1791442614196636.602	1791442614196666.806	30.204	2390	2392	1791442614196632.542	1791442614196730.186	0.02	0.02	4.06	63.38	97.644	0.003999716000009812	67.43600028399999	67.44	11640	1791442614196611.012	9.13	5.75	13.75	15.27	122.14	1	1	3.05	4.18	25.59	24.55	2388	75.12
