Thu Oct  8 21:02:11 UTC 2026
REVISION=V066
DEVICE_MAPPING=physical3 via ASCEND_RT_VISIBLE_DEVICES=3, runner logical device=0
CURRENT_HEAD=072072fa1629c501377e87509de16fea37291197
CANDIDATE_SHA256=2469938d543889dd5feaac170b6c9b064952aa36e0d24fc82cc49d303783bb8d  本地实验/ROW-SCALE-HOIST-X/V066/submission.asc
PARENT_SHA256=7c2569d9e3830c845f2b5dc4587a73a05a0bdf041168614cd55ad84204e063f9  本地实验/ROW-SCALE-HOIST-X/V066/compile/src/parent_submission.asc
LOCAL_PARENT_EXE_SHA256=c6a846fe2b89117920cbc8a9f91967230f5f7f51c567aefca4a438c5ac4449f2  本地实验/ROW-SCALE-HOIST-X/V066/runners/build-local-20261008T210000Z/v066_local_parent
LOCAL_CANDIDATE_EXE_SHA256=7c38e1b60c532b52887e66b75cc8b9173c12805482aca474e2bcbaac50d36913  本地实验/ROW-SCALE-HOIST-X/V066/runners/build-local-20261008T210000Z/v066_local_candidate

--- npu-smi info ---
+------------------------------------------------------------------------------------------------+
| npu-smi 25.0.rc1.1               Version: 25.0.rc1.1                                           |
+---------------------------+---------------+----------------------------------------------------+
| NPU   Name                | Health        | Power(W)    Temp(C)           Hugepages-Usage(page)|
| Chip                      | Bus-Id        | AICore(%)   Memory-Usage(MB)  HBM-Usage(MB)        |
+===========================+===============+====================================================+
| 0     910B3               | OK            | 119.7       31                0    / 0             |
| 0                         | 0000:C1:00.0  | 3           0    / 0          10497/ 65536         |
+===========================+===============+====================================================+
| 1     910B3               | OK            | 111.3       31                0    / 0             |
| 0                         | 0000:C2:00.0  | 0           0    / 0          18382/ 65536         |
+===========================+===============+====================================================+
| 2     910B3               | OK            | 94.1        30                0    / 0             |
| 0                         | 0000:81:00.0  | 0           0    / 0          6435 / 65536         |
+===========================+===============+====================================================+
| 3     910B3               | OK            | 90.3        29                0    / 0             |
| 0                         | 0000:82:00.0  | 0           0    / 0          3429 / 65536         |
+===========================+===============+====================================================+
| 4     910B3               | OK            | 191.7       56                0    / 0             |
| 0                         | 0000:01:00.0  | 65          0    / 0          59192/ 65536         |
+===========================+===============+====================================================+
| 5     910B3               | OK            | 170.4       50                0    / 0             |
| 0                         | 0000:02:00.0  | 46          0    / 0          60222/ 65536         |
+===========================+===============+====================================================+
| 6     910B3               | OK            | 171.3       46                0    / 0             |
| 0                         | 0000:41:00.0  | 46          0    / 0          60221/ 65536         |
+===========================+===============+====================================================+
| 7     910B3               | OK            | 188.4       38                0    / 0             |
| 0                         | 0000:42:00.0  | 45          0    / 0          28954/ 65536         |
+===========================+===============+====================================================+
+---------------------------+---------------+----------------------------------------------------+
| NPU     Chip              | Process id    | Process name             | Process memory(MB)      |
+===========================+===============+====================================================+
| 0       0                 | 4183472       | python                   | 1416                    |
| 0       0                 | 251901        | python                   | 5754                    |
+===========================+===============+====================================================+
| 1       0                 | 4066169       | python                   | 14952                   |
+===========================+===============+====================================================+
| 2       0                 | 2055832       | python                   | 3066                    |
+===========================+===============+====================================================+
| No running processes found in NPU 3                                                            |
+===========================+===============+====================================================+
| 4       0                 | 2999855       | VLLMEngineCor            | 55666                   |
+===========================+===============+====================================================+
| 5       0                 | 89602         | VLLMWorker_TP            | 56700                   |
+===========================+===============+====================================================+
| 6       0                 | 91228         | VLLMWorker_TP            | 56701                   |
+===========================+===============+====================================================+
| 7       0                 | 439848        | python3                  | 21260                   |
| 7       0                 | 2055831       | python                   | 4084                    |
+===========================+===============+====================================================+

--- processes ---
    PID USER     STAT COMMAND         COMMAND
      1 root     Ss   systemd         /lib/systemd/systemd --system --deserialize 48
      2 root     S    kthreadd        [kthreadd]
      3 root     I<   rcu_gp          [rcu_gp]
      4 root     I<   rcu_par_gp      [rcu_par_gp]
      5 root     I<   slub_flushwq    [slub_flushwq]
      6 root     I<   netns           [netns]
      8 root     I<   kworker/0:0H-kb [kworker/0:0H-kblockd]
     11 root     I<   mm_percpu_wq    [mm_percpu_wq]
     12 root     S    rcu_tasks_rude_ [rcu_tasks_rude_]
     13 root     S    rcu_tasks_trace [rcu_tasks_trace]
     14 root     S    ksoftirqd/0     [ksoftirqd/0]
     15 root     I    rcu_sched       [rcu_sched]
     16 root     S    migration/0     [migration/0]
     17 root     S    idle_inject/0   [idle_inject/0]
     19 root     S    cpuhp/0         [cpuhp/0]
     20 root     S    cpuhp/1         [cpuhp/1]
     21 root     S    idle_inject/1   [idle_inject/1]
     22 root     S    migration/1     [migration/1]
     23 root     S    ksoftirqd/1     [ksoftirqd/1]
     25 root     I<   kworker/1:0H-kb [kworker/1:0H-kblockd]
     26 root     S    cpuhp/2         [cpuhp/2]
     27 root     S    idle_inject/2   [idle_inject/2]
     28 root     S    migration/2     [migration/2]
     29 root     S    ksoftirqd/2     [ksoftirqd/2]
     31 root     I<   kworker/2:0H-kb [kworker/2:0H-kblockd]
     32 root     S    cpuhp/3         [cpuhp/3]
     33 root     S    idle_inject/3   [idle_inject/3]
     34 root     S    migration/3     [migration/3]
     35 root     S    ksoftirqd/3     [ksoftirqd/3]
     37 root     I<   kworker/3:0H-ev [kworker/3:0H-events_highpri]
     38 root     S    cpuhp/4         [cpuhp/4]
     39 root     S    idle_inject/4   [idle_inject/4]
     40 root     S    migration/4     [migration/4]
     41 root     S    ksoftirqd/4     [ksoftirqd/4]
     43 root     I<   kworker/4:0H-ev [kworker/4:0H-events_highpri]
     44 root     S    cpuhp/5         [cpuhp/5]
     45 root     S    idle_inject/5   [idle_inject/5]
     46 root     S    migration/5     [migration/5]
     47 root     S    ksoftirqd/5     [ksoftirqd/5]
     49 root     I<   kworker/5:0H-kb [kworker/5:0H-kblockd]
     50 root     S    cpuhp/6         [cpuhp/6]
     51 root     S    idle_inject/6   [idle_inject/6]
     52 root     S    migration/6     [migration/6]
     53 root     S    ksoftirqd/6     [ksoftirqd/6]
     55 root     I<   kworker/6:0H-kb [kworker/6:0H-kblockd]
     56 root     S    cpuhp/7         [cpuhp/7]
     57 root     S    idle_inject/7   [idle_inject/7]
     58 root     S    migration/7     [migration/7]
     59 root     S    ksoftirqd/7     [ksoftirqd/7]
     61 root     I<   kworker/7:0H-ev [kworker/7:0H-events_highpri]
     62 root     S    cpuhp/8         [cpuhp/8]
     63 root     S    idle_inject/8   [idle_inject/8]
     64 root     S    migration/8     [migration/8]
     65 root     S    ksoftirqd/8     [ksoftirqd/8]
     67 root     I<   kworker/8:0H-kb [kworker/8:0H-kblockd]
     68 root     S    cpuhp/9         [cpuhp/9]
     69 root     S    idle_inject/9   [idle_inject/9]
     70 root     S    migration/9     [migration/9]
     71 root     S    ksoftirqd/9     [ksoftirqd/9]
     73 root     I<   kworker/9:0H-ev [kworker/9:0H-events_highpri]
     74 root     S    cpuhp/10        [cpuhp/10]
     75 root     S    idle_inject/10  [idle_inject/10]
     76 root     S    migration/10    [migration/10]
     77 root     S    ksoftirqd/10    [ksoftirqd/10]
     79 root     I<   kworker/10:0H-e [kworker/10:0H-events_highpri]
     80 root     S    cpuhp/11        [cpuhp/11]
     81 root     S    idle_inject/11  [idle_inject/11]
     82 root     S    migration/11    [migration/11]
     83 root     S    ksoftirqd/11    [ksoftirqd/11]
     85 root     I<   kworker/11:0H-k [kworker/11:0H-kblockd]
     86 root     S    cpuhp/12        [cpuhp/12]
     87 root     S    idle_inject/12  [idle_inject/12]
     88 root     S    migration/12    [migration/12]
     89 root     S    ksoftirqd/12    [ksoftirqd/12]
     91 root     I<   kworker/12:0H-k [kworker/12:0H-kblockd]
     92 root     S    cpuhp/13        [cpuhp/13]
     93 root     S    idle_inject/13  [idle_inject/13]
     94 root     S    migration/13    [migration/13]
     95 root     S    ksoftirqd/13    [ksoftirqd/13]
     97 root     I<   kworker/13:0H-k [kworker/13:0H-kblockd]
     98 root     S    cpuhp/14        [cpuhp/14]
     99 root     S    idle_inject/14  [idle_inject/14]
    100 root     S    migration/14    [migration/14]
    101 root     S    ksoftirqd/14    [ksoftirqd/14]
    103 root     I<   kworker/14:0H-k [kworker/14:0H-kblockd]
    104 root     S    cpuhp/15        [cpuhp/15]
    105 root     S    idle_inject/15  [idle_inject/15]
    106 root     S    migration/15    [migration/15]
    107 root     S    ksoftirqd/15    [ksoftirqd/15]
    109 root     I<   kworker/15:0H-k [kworker/15:0H-kblockd]
    110 root     S    cpuhp/16        [cpuhp/16]
    111 root     S    idle_inject/16  [idle_inject/16]
    112 root     S    migration/16    [migration/16]
    113 root     S    ksoftirqd/16    [ksoftirqd/16]
    115 root     I<   kworker/16:0H-k [kworker/16:0H-kblockd]
    116 root     S    cpuhp/17        [cpuhp/17]
    117 root     S    idle_inject/17  [idle_inject/17]
    118 root     S    migration/17    [migration/17]
    119 root     S    ksoftirqd/17    [ksoftirqd/17]
    121 root     I<   kworker/17:0H-k [kworker/17:0H-kblockd]
    122 root     S    cpuhp/18        [cpuhp/18]
    123 root     S    idle_inject/18  [idle_inject/18]
    124 root     S    migration/18    [migration/18]
    125 root     S    ksoftirqd/18    [ksoftirqd/18]
    127 root     I<   kworker/18:0H-k [kworker/18:0H-kblockd]
    128 root     S    cpuhp/19        [cpuhp/19]
    129 root     S    idle_inject/19  [idle_inject/19]
    130 root     S    migration/19    [migration/19]
    131 root     S    ksoftirqd/19    [ksoftirqd/19]
    133 root     I<   kworker/19:0H-e [kworker/19:0H-events_highpri]
    134 root     S    cpuhp/20        [cpuhp/20]
    135 root     S    idle_inject/20  [idle_inject/20]
    136 root     S    migration/20    [migration/20]
    137 root     S    ksoftirqd/20    [ksoftirqd/20]
    139 root     I<   kworker/20:0H-k [kworker/20:0H-kblockd]
    140 root     S    cpuhp/21        [cpuhp/21]
    141 root     S    idle_inject/21  [idle_inject/21]
    142 root     S    migration/21    [migration/21]
    143 root     S    ksoftirqd/21    [ksoftirqd/21]
    145 root     I<   kworker/21:0H-e [kworker/21:0H-events_highpri]
    146 root     S    cpuhp/22        [cpuhp/22]
    147 root     S    idle_inject/22  [idle_inject/22]
    148 root     S    migration/22    [migration/22]
    149 root     S    ksoftirqd/22    [ksoftirqd/22]
    151 root     I<   kworker/22:0H-k [kworker/22:0H-kblockd]
    152 root     S    cpuhp/23        [cpuhp/23]
    153 root     S    idle_inject/23  [idle_inject/23]
    154 root     S    migration/23    [migration/23]
    155 root     S    ksoftirqd/23    [ksoftirqd/23]
    157 root     I<   kworker/23:0H-k [kworker/23:0H-kblockd]
    158 root     S    cpuhp/24        [cpuhp/24]
    159 root     S    idle_inject/24  [idle_inject/24]
    160 root     S    migration/24    [migration/24]
    161 root     S    ksoftirqd/24    [ksoftirqd/24]
    163 root     I<   kworker/24:0H-k [kworker/24:0H-kblockd]
    165 root     S    cpuhp/25        [cpuhp/25]
    166 root     S    idle_inject/25  [idle_inject/25]
    167 root     S    migration/25    [migration/25]
    168 root     S    ksoftirqd/25    [ksoftirqd/25]
    170 root     I<   kworker/25:0H-e [kworker/25:0H-events_highpri]
    171 root     S    cpuhp/26        [cpuhp/26]
    172 root     S    idle_inject/26  [idle_inject/26]
    173 root     S    migration/26    [migration/26]
    174 root     S    ksoftirqd/26    [ksoftirqd/26]
    176 root     I<   kworker/26:0H-e [kworker/26:0H-events_highpri]
    177 root     S    cpuhp/27        [cpuhp/27]
    178 root     S    idle_inject/27  [idle_inject/27]
    179 root     S    migration/27    [migration/27]
    180 root     S    ksoftirqd/27    [ksoftirqd/27]
    182 root     I<   kworker/27:0H-e [kworker/27:0H-events_highpri]
    183 root     S    cpuhp/28        [cpuhp/28]
    184 root     S    idle_inject/28  [idle_inject/28]
    185 root     S    migration/28    [migration/28]
    186 root     S    ksoftirqd/28    [ksoftirqd/28]
    188 root     I<   kworker/28:0H-e [kworker/28:0H-events_highpri]
    189 root     S    cpuhp/29        [cpuhp/29]
    190 root     S    idle_inject/29  [idle_inject/29]
    191 root     S    migration/29    [migration/29]
    192 root     S    ksoftirqd/29    [ksoftirqd/29]
    194 root     I<   kworker/29:0H-e [kworker/29:0H-events_highpri]
    195 root     S    cpuhp/30        [cpuhp/30]
    196 root     S    idle_inject/30  [idle_inject/30]
    197 root     S    migration/30    [migration/30]
    198 root     S    ksoftirqd/30    [ksoftirqd/30]
    200 root     I<   kworker/30:0H-e [kworker/30:0H-events_highpri]
    201 root     S    cpuhp/31        [cpuhp/31]
    202 root     S    idle_inject/31  [idle_inject/31]
    203 root     S    migration/31    [migration/31]
    204 root     S    ksoftirqd/31    [ksoftirqd/31]
    206 root     I<   kworker/31:0H-e [kworker/31:0H-events_highpri]
    207 root     S    cpuhp/32        [cpuhp/32]
    208 root     S    idle_inject/32  [idle_inject/32]
    209 root     S    migration/32    [migration/32]
    210 root     S    ksoftirqd/32    [ksoftirqd/32]
    212 root     I<   kworker/32:0H-k [kworker/32:0H-kblockd]
    213 root     S    cpuhp/33        [cpuhp/33]
    214 root     S    idle_inject/33  [idle_inject/33]
    215 root     S    migration/33    [migration/33]
    216 root     S    ksoftirqd/33    [ksoftirqd/33]
    218 root     I<   kworker/33:0H-k [kworker/33:0H-kblockd]
    219 root     S    cpuhp/34        [cpuhp/34]
    220 root     S    idle_inject/34  [idle_inject/34]
    221 root     S    migration/34    [migration/34]
    222 root     S    ksoftirqd/34    [ksoftirqd/34]
    224 root     I<   kworker/34:0H-k [kworker/34:0H-kblockd]
    225 root     S    cpuhp/35        [cpuhp/35]
    226 root     S    idle_inject/35  [idle_inject/35]
    227 root     S    migration/35    [migration/35]
    228 root     S    ksoftirqd/35    [ksoftirqd/35]
    230 root     I<   kworker/35:0H-e [kworker/35:0H-events_highpri]
    231 root     S    cpuhp/36        [cpuhp/36]
    232 root     S    idle_inject/36  [idle_inject/36]
    233 root     S    migration/36    [migration/36]
    234 root     S    ksoftirqd/36    [ksoftirqd/36]
    236 root     I<   kworker/36:0H-e [kworker/36:0H-events_highpri]
    237 root     S    cpuhp/37        [cpuhp/37]
    238 root     S    idle_inject/37  [idle_inject/37]
    239 root     S    migration/37    [migration/37]
    240 root     S    ksoftirqd/37    [ksoftirqd/37]
    242 root     I<   kworker/37:0H-k [kworker/37:0H-kblockd]
    243 root     S    cpuhp/38        [cpuhp/38]
    244 root     S    idle_inject/38  [idle_inject/38]
    245 root     S    migration/38    [migration/38]
    246 root     S    ksoftirqd/38    [ksoftirqd/38]
    248 root     I<   kworker/38:0H-k [kworker/38:0H-kblockd]
    249 root     S    cpuhp/39        [cpuhp/39]
    250 root     S    idle_inject/39  [idle_inject/39]
    251 root     S    migration/39    [migration/39]
    252 root     S    ksoftirqd/39    [ksoftirqd/39]
    254 root     I<   kworker/39:0H-e [kworker/39:0H-events_highpri]
    255 root     S    cpuhp/40        [cpuhp/40]
    256 root     S    idle_inject/40  [idle_inject/40]
    257 root     S    migration/40    [migration/40]
    258 root     S    ksoftirqd/40    [ksoftirqd/40]
    260 root     I<   kworker/40:0H-k [kworker/40:0H-kblockd]
    261 root     S    cpuhp/41        [cpuhp/41]
    262 root     S    idle_inject/41  [idle_inject/41]
    263 root     S    migration/41    [migration/41]
    264 root     S    ksoftirqd/41    [ksoftirqd/41]
    266 root     I<   kworker/41:0H-e [kworker/41:0H-events_highpri]
    267 root     S    cpuhp/42        [cpuhp/42]
    268 root     S    idle_inject/42  [idle_inject/42]
    269 root     S    migration/42    [migration/42]
    270 root     S    ksoftirqd/42    [ksoftirqd/42]
    272 root     I<   kworker/42:0H-k [kworker/42:0H-kblockd]
    273 root     S    cpuhp/43        [cpuhp/43]
    274 root     S    idle_inject/43  [idle_inject/43]
    275 root     S    migration/43    [migration/43]
    276 root     S    ksoftirqd/43    [ksoftirqd/43]
    278 root     I<   kworker/43:0H-e [kworker/43:0H-events_highpri]
    279 root     S    cpuhp/44        [cpuhp/44]
    280 root     S    idle_inject/44  [idle_inject/44]
    281 root     S    migration/44    [migration/44]
    282 root     S    ksoftirqd/44    [ksoftirqd/44]
    284 root     I<   kworker/44:0H-e [kworker/44:0H-events_highpri]
    285 root     S    cpuhp/45        [cpuhp/45]
    286 root     S    idle_inject/45  [idle_inject/45]
    287 root     S    migration/45    [migration/45]
    288 root     S    ksoftirqd/45    [ksoftirqd/45]
    290 root     I<   kworker/45:0H-e [kworker/45:0H-events_highpri]
    291 root     S    cpuhp/46        [cpuhp/46]
    292 root     S    idle_inject/46  [idle_inject/46]
    293 root     S    migration/46    [migration/46]
    294 root     S    ksoftirqd/46    [ksoftirqd/46]
    296 root     I<   kworker/46:0H-k [kworker/46:0H-kblockd]
    297 root     S    cpuhp/47        [cpuhp/47]
    298 root     S    idle_inject/47  [idle_inject/47]
    299 root     S    migration/47    [migration/47]
    300 root     S    ksoftirqd/47    [ksoftirqd/47]
    302 root     I<   kworker/47:0H-e [kworker/47:0H-events_highpri]
    303 root     S    cpuhp/48        [cpuhp/48]
    304 root     S    idle_inject/48  [idle_inject/48]
    305 root     S    migration/48    [migration/48]
    306 root     S    ksoftirqd/48    [ksoftirqd/48]
    308 root     I<   kworker/48:0H-k [kworker/48:0H-kblockd]
    310 root     S    cpuhp/49        [cpuhp/49]
    311 root     S    idle_inject/49  [idle_inject/49]
    312 root     S    migration/49    [migration/49]
    313 root     S    ksoftirqd/49    [ksoftirqd/49]
    315 root     I<   kworker/49:0H-k [kworker/49:0H-kblockd]
    316 root     S    cpuhp/50        [cpuhp/50]
    317 root     S    idle_inject/50  [idle_inject/50]
    318 root     S    migration/50    [migration/50]
    319 root     S    ksoftirqd/50    [ksoftirqd/50]
    321 root     I<   kworker/50:0H-k [kworker/50:0H-kblockd]
    322 root     S    cpuhp/51        [cpuhp/51]
    323 root     S    idle_inject/51  [idle_inject/51]
    324 root     S    migration/51    [migration/51]
    325 root     S    ksoftirqd/51    [ksoftirqd/51]
    327 root     I<   kworker/51:0H-k [kworker/51:0H-kblockd]
    328 root     S    cpuhp/52        [cpuhp/52]
    329 root     S    idle_inject/52  [idle_inject/52]
    330 root     S    migration/52    [migration/52]
    331 root     S    ksoftirqd/52    [ksoftirqd/52]
    333 root     I<   kworker/52:0H-k [kworker/52:0H-kblockd]
    334 root     S    cpuhp/53        [cpuhp/53]
    335 root     S    idle_inject/53  [idle_inject/53]
    336 root     S    migration/53    [migration/53]
    337 root     S    ksoftirqd/53    [ksoftirqd/53]
    339 root     I<   kworker/53:0H-k [kworker/53:0H-kblockd]
    340 root     S    cpuhp/54        [cpuhp/54]
    341 root     S    idle_inject/54  [idle_inject/54]
    342 root     S    migration/54    [migration/54]
    343 root     S    ksoftirqd/54    [ksoftirqd/54]
    345 root     I<   kworker/54:0H-k [kworker/54:0H-kblockd]
    346 root     S    cpuhp/55        [cpuhp/55]
    347 root     S    idle_inject/55  [idle_inject/55]
    348 root     S    migration/55    [migration/55]
    349 root     S    ksoftirqd/55    [ksoftirqd/55]
    351 root     I<   kworker/55:0H-k [kworker/55:0H-kblockd]
    352 root     S    cpuhp/56        [cpuhp/56]
    353 root     S    idle_inject/56  [idle_inject/56]
    354 root     S    migration/56    [migration/56]
    355 root     S    ksoftirqd/56    [ksoftirqd/56]
    357 root     I<   kworker/56:0H-k [kworker/56:0H-kblockd]
    358 root     S    cpuhp/57        [cpuhp/57]
    359 root     S    idle_inject/57  [idle_inject/57]
    360 root     S    migration/57    [migration/57]
    361 root     S    ksoftirqd/57    [ksoftirqd/57]
    363 root     I<   kworker/57:0H-e [kworker/57:0H-events_highpri]
    364 root     S    cpuhp/58        [cpuhp/58]
    365 root     S    idle_inject/58  [idle_inject/58]
    366 root     S    migration/58    [migration/58]
    367 root     S    ksoftirqd/58    [ksoftirqd/58]
    369 root     I<   kworker/58:0H-k [kworker/58:0H-kblockd]
    370 root     S    cpuhp/59        [cpuhp/59]
    371 root     S    idle_inject/59  [idle_inject/59]
    372 root     S    migration/59    [migration/59]
    373 root     S    ksoftirqd/59    [ksoftirqd/59]
    375 root     I<   kworker/59:0H-e [kworker/59:0H-events_highpri]
    376 root     S    cpuhp/60        [cpuhp/60]
    377 root     S    idle_inject/60  [idle_inject/60]
    378 root     S    migration/60    [migration/60]
    379 root     S    ksoftirqd/60    [ksoftirqd/60]
    381 root     I<   kworker/60:0H-e [kworker/60:0H-events_highpri]
    382 root     S    cpuhp/61        [cpuhp/61]
    383 root     S    idle_inject/61  [idle_inject/61]
    384 root     S    migration/61    [migration/61]
    385 root     S    ksoftirqd/61    [ksoftirqd/61]
    387 root     I<   kworker/61:0H-k [kworker/61:0H-kblockd]
    388 root     S    cpuhp/62        [cpuhp/62]
    389 root     S    idle_inject/62  [idle_inject/62]
    390 root     S    migration/62    [migration/62]
    391 root     S    ksoftirqd/62    [ksoftirqd/62]
    393 root     I<   kworker/62:0H-k [kworker/62:0H-kblockd]
    394 root     S    cpuhp/63        [cpuhp/63]
    395 root     S    idle_inject/63  [idle_inject/63]
    396 root     S    migration/63    [migration/63]
    397 root     S    ksoftirqd/63    [ksoftirqd/63]
    399 root     I<   kworker/63:0H-e [kworker/63:0H-events_highpri]
    400 root     S    cpuhp/64        [cpuhp/64]
    401 root     S    idle_inject/64  [idle_inject/64]
    402 root     S    migration/64    [migration/64]
    403 root     S    ksoftirqd/64    [ksoftirqd/64]
    405 root     I<   kworker/64:0H-k [kworker/64:0H-kblockd]
    406 root     S    cpuhp/65        [cpuhp/65]
    407 root     S    idle_inject/65  [idle_inject/65]
    408 root     S    migration/65    [migration/65]
    409 root     S    ksoftirqd/65    [ksoftirqd/65]
    411 root     I<   kworker/65:0H-e [kworker/65:0H-events_highpri]
    412 root     S    cpuhp/66        [cpuhp/66]
    413 root     S    idle_inject/66  [idle_inject/66]
    414 root     S    migration/66    [migration/66]
    415 root     S    ksoftirqd/66    [ksoftirqd/66]
    417 root     I<   kworker/66:0H-k [kworker/66:0H-kblockd]
    418 root     S    cpuhp/67        [cpuhp/67]
    419 root     S    idle_inject/67  [idle_inject/67]
    420 root     S    migration/67    [migration/67]
    421 root     S    ksoftirqd/67    [ksoftirqd/67]
    423 root     I<   kworker/67:0H-k [kworker/67:0H-kblockd]
    424 root     S    cpuhp/68        [cpuhp/68]
    425 root     S    idle_inject/68  [idle_inject/68]
    426 root     S    migration/68    [migration/68]
    427 root     S    ksoftirqd/68    [ksoftirqd/68]
    429 root     I<   kworker/68:0H-k [kworker/68:0H-kblockd]
    430 root     S    cpuhp/69        [cpuhp/69]
    431 root     S    idle_inject/69  [idle_inject/69]
    432 root     S    migration/69    [migration/69]
    433 root     S    ksoftirqd/69    [ksoftirqd/69]
    435 root     I<   kworker/69:0H-k [kworker/69:0H-kblockd]
    436 root     S    cpuhp/70        [cpuhp/70]
    437 root     S    idle_inject/70  [idle_inject/70]
    438 root     S    migration/70    [migration/70]
    439 root     S    ksoftirqd/70    [ksoftirqd/70]
    441 root     I<   kworker/70:0H-k [kworker/70:0H-kblockd]
    442 root     S    cpuhp/71        [cpuhp/71]
    443 root     S    idle_inject/71  [idle_inject/71]
    444 root     S    migration/71    [migration/71]
    445 root     S    ksoftirqd/71    [ksoftirqd/71]
    447 root     I<   kworker/71:0H-e [kworker/71:0H-events_highpri]
    448 root     S    cpuhp/72        [cpuhp/72]
    449 root     S    idle_inject/72  [idle_inject/72]
    450 root     S    migration/72    [migration/72]
    451 root     S    ksoftirqd/72    [ksoftirqd/72]
    453 root     I<   kworker/72:0H-e [kworker/72:0H-events_highpri]
    455 root     S    cpuhp/73        [cpuhp/73]
    456 root     S    idle_inject/73  [idle_inject/73]
    457 root     S    migration/73    [migration/73]
    458 root     S    ksoftirqd/73    [ksoftirqd/73]
    460 root     I<   kworker/73:0H-e [kworker/73:0H-events_highpri]
    461 root     S    cpuhp/74        [cpuhp/74]
    462 root     S    idle_inject/74  [idle_inject/74]
    463 root     S    migration/74    [migration/74]
    464 root     S    ksoftirqd/74    [ksoftirqd/74]
    466 root     I<   kworker/74:0H-e [kworker/74:0H-events_highpri]
    467 root     S    cpuhp/75        [cpuhp/75]
    468 root     S    idle_inject/75  [idle_inject/75]
    469 root     S    migration/75    [migration/75]
    470 root     S    ksoftirqd/75    [ksoftirqd/75]
    472 root     I<   kworker/75:0H-e [kworker/75:0H-events_highpri]
    473 root     S    cpuhp/76        [cpuhp/76]
    474 root     S    idle_inject/76  [idle_inject/76]
    475 root     S    migration/76    [migration/76]
    476 root     S    ksoftirqd/76    [ksoftirqd/76]
    478 root     I<   kworker/76:0H-e [kworker/76:0H-events_highpri]
    479 root     S    cpuhp/77        [cpuhp/77]
    480 root     S    idle_inject/77  [idle_inject/77]
    481 root     S    migration/77    [migration/77]
    482 root     S    ksoftirqd/77    [ksoftirqd/77]
    484 root     I<   kworker/77:0H-e [kworker/77:0H-events_highpri]
    485 root     S    cpuhp/78        [cpuhp/78]
    486 root     S    idle_inject/78  [idle_inject/78]
    487 root     S    migration/78    [migration/78]
    488 root     S    ksoftirqd/78    [ksoftirqd/78]
    490 root     I<   kworker/78:0H-e [kworker/78:0H-events_highpri]
    491 root     S    cpuhp/79        [cpuhp/79]
    492 root     S    idle_inject/79  [idle_inject/79]
    493 root     S    migration/79    [migration/79]
    494 root     S    ksoftirqd/79    [ksoftirqd/79]
    496 root     I<   kworker/79:0H-e [kworker/79:0H-events_highpri]
    497 root     S    cpuhp/80        [cpuhp/80]
    498 root     S    idle_inject/80  [idle_inject/80]
    499 root     S    migration/80    [migration/80]
    500 root     S    ksoftirqd/80    [ksoftirqd/80]
    502 root     I<   kworker/80:0H-k [kworker/80:0H-kblockd]
    503 root     S    cpuhp/81        [cpuhp/81]
    504 root     S    idle_inject/81  [idle_inject/81]
    505 root     S    migration/81    [migration/81]
    506 root     S    ksoftirqd/81    [ksoftirqd/81]
    508 root     I<   kworker/81:0H-e [kworker/81:0H-events_highpri]
    509 root     S    cpuhp/82        [cpuhp/82]
    510 root     S    idle_inject/82  [idle_inject/82]
    511 root     S    migration/82    [migration/82]
    512 root     S    ksoftirqd/82    [ksoftirqd/82]
    514 root     I<   kworker/82:0H-e [kworker/82:0H-events_highpri]
    515 root     S    cpuhp/83        [cpuhp/83]
    516 root     S    idle_inject/83  [idle_inject/83]
    517 root     S    migration/83    [migration/83]
    518 root     S    ksoftirqd/83    [ksoftirqd/83]
    520 root     I<   kworker/83:0H-e [kworker/83:0H-events_highpri]
    521 root     S    cpuhp/84        [cpuhp/84]
    522 root     S    idle_inject/84  [idle_inject/84]
    523 root     S    migration/84    [migration/84]
    524 root     S    ksoftirqd/84    [ksoftirqd/84]
    526 root     I<   kworker/84:0H-k [kworker/84:0H-kblockd]
    527 root     S    cpuhp/85        [cpuhp/85]
    528 root     S    idle_inject/85  [idle_inject/85]
    529 root     S    migration/85    [migration/85]
    530 root     S    ksoftirqd/85    [ksoftirqd/85]
    532 root     I<   kworker/85:0H-k [kworker/85:0H-kblockd]
    533 root     S    cpuhp/86        [cpuhp/86]
    534 root     S    idle_inject/86  [idle_inject/86]
    535 root     S    migration/86    [migration/86]
    536 root     S    ksoftirqd/86    [ksoftirqd/86]
    538 root     I<   kworker/86:0H-k [kworker/86:0H-kblockd]
    539 root     S    cpuhp/87        [cpuhp/87]
    540 root     S    idle_inject/87  [idle_inject/87]
    541 root     S    migration/87    [migration/87]
    542 root     S    ksoftirqd/87    [ksoftirqd/87]
    544 root     I<   kworker/87:0H-k [kworker/87:0H-kblockd]
    545 root     S    cpuhp/88        [cpuhp/88]
    546 root     S    idle_inject/88  [idle_inject/88]
    547 root     S    migration/88    [migration/88]
    548 root     S    ksoftirqd/88    [ksoftirqd/88]
    550 root     I<   kworker/88:0H-k [kworker/88:0H-kblockd]
    551 root     S    cpuhp/89        [cpuhp/89]
    552 root     S    idle_inject/89  [idle_inject/89]
    553 root     S    migration/89    [migration/89]
    554 root     S    ksoftirqd/89    [ksoftirqd/89]
    556 root     I<   kworker/89:0H   [kworker/89:0H]
    557 root     S    cpuhp/90        [cpuhp/90]
    558 root     S    idle_inject/90  [idle_inject/90]
    559 root     S    migration/90    [migration/90]
    560 root     S    ksoftirqd/90    [ksoftirqd/90]
    562 root     I<   kworker/90:0H-e [kworker/90:0H-events_highpri]
    563 root     S    cpuhp/91        [cpuhp/91]
    564 root     S    idle_inject/91  [idle_inject/91]
    565 root     S    migration/91    [migration/91]
    566 root     S    ksoftirqd/91    [ksoftirqd/91]
    568 root     I<   kworker/91:0H-e [kworker/91:0H-events_highpri]
    569 root     S    cpuhp/92        [cpuhp/92]
    570 root     S    idle_inject/92  [idle_inject/92]
    571 root     S    migration/92    [migration/92]
    572 root     S    ksoftirqd/92    [ksoftirqd/92]
    574 root     I<   kworker/92:0H-k [kworker/92:0H-kblockd]
    575 root     S    cpuhp/93        [cpuhp/93]
    576 root     S    idle_inject/93  [idle_inject/93]
    577 root     S    migration/93    [migration/93]
    578 root     S    ksoftirqd/93    [ksoftirqd/93]
    580 root     I<   kworker/93:0H-k [kworker/93:0H-kblockd]
    581 root     S    cpuhp/94        [cpuhp/94]
    582 root     S    idle_inject/94  [idle_inject/94]
    583 root     S    migration/94    [migration/94]
    584 root     S    ksoftirqd/94    [ksoftirqd/94]
    586 root     I<   kworker/94:0H-e [kworker/94:0H-events_highpri]
    587 root     S    cpuhp/95        [cpuhp/95]
    588 root     S    idle_inject/95  [idle_inject/95]
    589 root     S    migration/95    [migration/95]
    590 root     S    ksoftirqd/95    [ksoftirqd/95]
    592 root     I<   kworker/95:0H-k [kworker/95:0H-kblockd]
    593 root     S    cpuhp/96        [cpuhp/96]
    594 root     S    idle_inject/96  [idle_inject/96]
    595 root     S    migration/96    [migration/96]
    596 root     S    ksoftirqd/96    [ksoftirqd/96]
    598 root     I<   kworker/96:0H-e [kworker/96:0H-events_highpri]
    600 root     S    cpuhp/97        [cpuhp/97]
    601 root     S    idle_inject/97  [idle_inject/97]
    602 root     S    migration/97    [migration/97]
    603 root     S    ksoftirqd/97    [ksoftirqd/97]
    605 root     I<   kworker/97:0H-k [kworker/97:0H-kblockd]
    606 root     S    cpuhp/98        [cpuhp/98]
    607 root     S    idle_inject/98  [idle_inject/98]
    608 root     S    migration/98    [migration/98]
    609 root     S    ksoftirqd/98    [ksoftirqd/98]
    611 root     I<   kworker/98:0H-k [kworker/98:0H-kblockd]
    612 root     S    cpuhp/99        [cpuhp/99]
    613 root     S    idle_inject/99  [idle_inject/99]
    614 root     S    migration/99    [migration/99]
    615 root     S    ksoftirqd/99    [ksoftirqd/99]
    617 root     I<   kworker/99:0H-k [kworker/99:0H-kblockd]
    618 root     S    cpuhp/100       [cpuhp/100]
    619 root     S    idle_inject/100 [idle_inject/100]
    620 root     S    migration/100   [migration/100]
    621 root     S    ksoftirqd/100   [ksoftirqd/100]
    623 root     I<   kworker/100:0H- [kworker/100:0H-kblockd]
    624 root     S    cpuhp/101       [cpuhp/101]
    625 root     S    idle_inject/101 [idle_inject/101]
    626 root     S    migration/101   [migration/101]
    627 root     S    ksoftirqd/101   [ksoftirqd/101]
    629 root     I<   kworker/101:0H- [kworker/101:0H-kblockd]
    630 root     S    cpuhp/102       [cpuhp/102]
    631 root     S    idle_inject/102 [idle_inject/102]
    632 root     S    migration/102   [migration/102]
    633 root     S    ksoftirqd/102   [ksoftirqd/102]
    635 root     I<   kworker/102:0H- [kworker/102:0H-events_highpri]
    636 root     S    cpuhp/103       [cpuhp/103]
    637 root     S    idle_inject/103 [idle_inject/103]
    638 root     S    migration/103   [migration/103]
    639 root     S    ksoftirqd/103   [ksoftirqd/103]
    641 root     I<   kworker/103:0H- [kworker/103:0H-events_highpri]
    642 root     S    cpuhp/104       [cpuhp/104]
    643 root     S    idle_inject/104 [idle_inject/104]
    644 root     S    migration/104   [migration/104]
    645 root     S    ksoftirqd/104   [ksoftirqd/104]
    647 root     I<   kworker/104:0H- [kworker/104:0H-events_highpri]
    648 root     S    cpuhp/105       [cpuhp/105]
    649 root     S    idle_inject/105 [idle_inject/105]
    650 root     S    migration/105   [migration/105]
    651 root     S    ksoftirqd/105   [ksoftirqd/105]
    653 root     I<   kworker/105:0H- [kworker/105:0H-events_highpri]
    654 root     S    cpuhp/106       [cpuhp/106]
    655 root     S    idle_inject/106 [idle_inject/106]
    656 root     S    migration/106   [migration/106]
    657 root     S    ksoftirqd/106   [ksoftirqd/106]
    659 root     I<   kworker/106:0H- [kworker/106:0H-kblockd]
    660 root     S    cpuhp/107       [cpuhp/107]
    661 root     S    idle_inject/107 [idle_inject/107]
    662 root     S    migration/107   [migration/107]
    663 root     S    ksoftirqd/107   [ksoftirqd/107]
    665 root     I<   kworker/107:0H- [kworker/107:0H-events_highpri]
    666 root     S    cpuhp/108       [cpuhp/108]
    667 root     S    idle_inject/108 [idle_inject/108]
    668 root     S    migration/108   [migration/108]
    669 root     S    ksoftirqd/108   [ksoftirqd/108]
    671 root     I<   kworker/108:0H- [kworker/108:0H-kblockd]
    672 root     S    cpuhp/109       [cpuhp/109]
    673 root     S    idle_inject/109 [idle_inject/109]
    674 root     S    migration/109   [migration/109]
    675 root     S    ksoftirqd/109   [ksoftirqd/109]
    677 root     I<   kworker/109:0H- [kworker/109:0H-events_highpri]
    678 root     S    cpuhp/110       [cpuhp/110]
    679 root     S    idle_inject/110 [idle_inject/110]
    680 root     S    migration/110   [migration/110]
    681 root     S    ksoftirqd/110   [ksoftirqd/110]
    683 root     I<   kworker/110:0H- [kworker/110:0H-kblockd]
    684 root     S    cpuhp/111       [cpuhp/111]
    685 root     S    idle_inject/111 [idle_inject/111]
    686 root     S    migration/111   [migration/111]
    687 root     S    ksoftirqd/111   [ksoftirqd/111]
    689 root     I<   kworker/111:0H- [kworker/111:0H-kblockd]
    690 root     S    cpuhp/112       [cpuhp/112]
    691 root     S    idle_inject/112 [idle_inject/112]
    692 root     S    migration/112   [migration/112]
    693 root     S    ksoftirqd/112   [ksoftirqd/112]
    695 root     I<   kworker/112:0H- [kworker/112:0H-kblockd]
    696 root     S    cpuhp/113       [cpuhp/113]
    697 root     S    idle_inject/113 [idle_inject/113]
    698 root     S    migration/113   [migration/113]
    699 root     S    ksoftirqd/113   [ksoftirqd/113]
    701 root     I<   kworker/113:0H- [kworker/113:0H-kblockd]
    702 root     S    cpuhp/114       [cpuhp/114]
    703 root     S    idle_inject/114 [idle_inject/114]
    704 root     S    migration/114   [migration/114]
    705 root     S    ksoftirqd/114   [ksoftirqd/114]
    707 root     I<   kworker/114:0H- [kworker/114:0H-kblockd]
    708 root     S    cpuhp/115       [cpuhp/115]
    709 root     S    idle_inject/115 [idle_inject/115]
    710 root     S    migration/115   [migration/115]
    711 root     S    ksoftirqd/115   [ksoftirqd/115]
    713 root     I<   kworker/115:0H- [kworker/115:0H-kblockd]
    714 root     S    cpuhp/116       [cpuhp/116]
    715 root     S    idle_inject/116 [idle_inject/116]
    716 root     S    migration/116   [migration/116]
    717 root     S    ksoftirqd/116   [ksoftirqd/116]
    719 root     I<   kworker/116:0H- [kworker/116:0H-kblockd]
    720 root     S    cpuhp/117       [cpuhp/117]
    721 root     S    idle_inject/117 [idle_inject/117]
    722 root     S    migration/117   [migration/117]
    723 root     S    ksoftirqd/117   [ksoftirqd/117]
    725 root     I<   kworker/117:0H- [kworker/117:0H-events_highpri]
    726 root     S    cpuhp/118       [cpuhp/118]
    727 root     S    idle_inject/118 [idle_inject/118]
    728 root     S    migration/118   [migration/118]
    729 root     S    ksoftirqd/118   [ksoftirqd/118]
    731 root     I<   kworker/118:0H- [kworker/118:0H-events_highpri]
    732 root     S    cpuhp/119       [cpuhp/119]
    733 root     S    idle_inject/119 [idle_inject/119]
    734 root     S    migration/119   [migration/119]
    735 root     S    ksoftirqd/119   [ksoftirqd/119]
    737 root     I<   kworker/119:0H- [kworker/119:0H-kblockd]
    738 root     S    cpuhp/120       [cpuhp/120]
    739 root     S    idle_inject/120 [idle_inject/120]
    740 root     S    migration/120   [migration/120]
    741 root     S    ksoftirqd/120   [ksoftirqd/120]
    743 root     I<   kworker/120:0H- [kworker/120:0H-events_highpri]
    745 root     S    cpuhp/121       [cpuhp/121]
    746 root     S    idle_inject/121 [idle_inject/121]
    747 root     S    migration/121   [migration/121]
    748 root     S    ksoftirqd/121   [ksoftirqd/121]
    750 root     I<   kworker/121:0H- [kworker/121:0H-events_highpri]
    751 root     S    cpuhp/122       [cpuhp/122]
    752 root     S    idle_inject/122 [idle_inject/122]
    753 root     S    migration/122   [migration/122]
    754 root     S    ksoftirqd/122   [ksoftirqd/122]
    756 root     I<   kworker/122:0H- [kworker/122:0H-kblockd]
    757 root     S    cpuhp/123       [cpuhp/123]
    758 root     S    idle_inject/123 [idle_inject/123]
    759 root     S    migration/123   [migration/123]
    760 root     S    ksoftirqd/123   [ksoftirqd/123]
    762 root     I<   kworker/123:0H- [kworker/123:0H-kblockd]
    763 root     S    cpuhp/124       [cpuhp/124]
    764 root     S    idle_inject/124 [idle_inject/124]
    765 root     S    migration/124   [migration/124]
    766 root     S    ksoftirqd/124   [ksoftirqd/124]
    768 root     I<   kworker/124:0H- [kworker/124:0H-events_highpri]
    769 root     S    cpuhp/125       [cpuhp/125]
    770 root     S    idle_inject/125 [idle_inject/125]
    771 root     S    migration/125   [migration/125]
    772 root     S    ksoftirqd/125   [ksoftirqd/125]
    774 root     I<   kworker/125:0H- [kworker/125:0H-events_highpri]
    775 root     S    cpuhp/126       [cpuhp/126]
    776 root     S    idle_inject/126 [idle_inject/126]
    777 root     S    migration/126   [migration/126]
    778 root     S    ksoftirqd/126   [ksoftirqd/126]
    780 root     I<   kworker/126:0H- [kworker/126:0H-events_highpri]
    781 root     S    cpuhp/127       [cpuhp/127]
    782 root     S    idle_inject/127 [idle_inject/127]
    783 root     S    migration/127   [migration/127]
    784 root     S    ksoftirqd/127   [ksoftirqd/127]
    786 root     I<   kworker/127:0H- [kworker/127:0H-kblockd]
    787 root     S    cpuhp/128       [cpuhp/128]
    788 root     S    idle_inject/128 [idle_inject/128]
    789 root     S    migration/128   [migration/128]
    790 root     S    ksoftirqd/128   [ksoftirqd/128]
    792 root     I<   kworker/128:0H- [kworker/128:0H-events_highpri]
    793 root     S    cpuhp/129       [cpuhp/129]
    794 root     S    idle_inject/129 [idle_inject/129]
    795 root     S    migration/129   [migration/129]
    796 root     S    ksoftirqd/129   [ksoftirqd/129]
    798 root     I<   kworker/129:0H- [kworker/129:0H-events_highpri]
    799 root     S    cpuhp/130       [cpuhp/130]
    800 root     S    idle_inject/130 [idle_inject/130]
    801 root     S    migration/130   [migration/130]
    802 root     S    ksoftirqd/130   [ksoftirqd/130]
    804 root     I<   kworker/130:0H- [kworker/130:0H-events_highpri]
    805 root     S    cpuhp/131       [cpuhp/131]
    806 root     S    idle_inject/131 [idle_inject/131]
    807 root     S    migration/131   [migration/131]
    808 root     S    ksoftirqd/131   [ksoftirqd/131]
    810 root     I<   kworker/131:0H- [kworker/131:0H-kblockd]
    811 root     S    cpuhp/132       [cpuhp/132]
    812 root     S    idle_inject/132 [idle_inject/132]
    813 root     S    migration/132   [migration/132]
    814 root     S    ksoftirqd/132   [ksoftirqd/132]
    816 root     I<   kworker/132:0H- [kworker/132:0H-kblockd]
    817 root     S    cpuhp/133       [cpuhp/133]
    818 root     S    idle_inject/133 [idle_inject/133]
    819 root     S    migration/133   [migration/133]
    820 root     S    ksoftirqd/133   [ksoftirqd/133]
    822 root     I<   kworker/133:0H- [kworker/133:0H-kblockd]
    823 root     S    cpuhp/134       [cpuhp/134]
    824 root     S    idle_inject/134 [idle_inject/134]
    825 root     S    migration/134   [migration/134]
    826 root     S    ksoftirqd/134   [ksoftirqd/134]
    828 root     I<   kworker/134:0H- [kworker/134:0H-kblockd]
    829 root     S    cpuhp/135       [cpuhp/135]
    830 root     S    idle_inject/135 [idle_inject/135]
    831 root     S    migration/135   [migration/135]
    832 root     S    ksoftirqd/135   [ksoftirqd/135]
    834 root     I<   kworker/135:0H- [kworker/135:0H-events_highpri]
    835 root     S    cpuhp/136       [cpuhp/136]
    836 root     S    idle_inject/136 [idle_inject/136]
    837 root     S    migration/136   [migration/136]
    838 root     S    ksoftirqd/136   [ksoftirqd/136]
    840 root     I<   kworker/136:0H- [kworker/136:0H-events_highpri]
    841 root     S    cpuhp/137       [cpuhp/137]
    842 root     S    idle_inject/137 [idle_inject/137]
    843 root     S    migration/137   [migration/137]
    844 root     S    ksoftirqd/137   [ksoftirqd/137]
    846 root     I<   kworker/137:0H- [kworker/137:0H-events_highpri]
    847 root     S    cpuhp/138       [cpuhp/138]
    848 root     S    idle_inject/138 [idle_inject/138]
    849 root     S    migration/138   [migration/138]
    850 root     S    ksoftirqd/138   [ksoftirqd/138]
    852 root     I<   kworker/138:0H- [kworker/138:0H-events_highpri]
    853 root     S    cpuhp/139       [cpuhp/139]
    854 root     S    idle_inject/139 [idle_inject/139]
    855 root     S    migration/139   [migration/139]
    856 root     S    ksoftirqd/139   [ksoftirqd/139]
    858 root     I<   kworker/139:0H- [kworker/139:0H-events_highpri]
    859 root     S    cpuhp/140       [cpuhp/140]
    860 root     S    idle_inject/140 [idle_inject/140]
    861 root     S    migration/140   [migration/140]
    862 root     S    ksoftirqd/140   [ksoftirqd/140]
    864 root     I<   kworker/140:0H- [kworker/140:0H-kblockd]
    865 root     S    cpuhp/141       [cpuhp/141]
    866 root     S    idle_inject/141 [idle_inject/141]
    867 root     S    migration/141   [migration/141]
    868 root     S    ksoftirqd/141   [ksoftirqd/141]
    870 root     I<   kworker/141:0H- [kworker/141:0H-events_highpri]
    871 root     S    cpuhp/142       [cpuhp/142]
    872 root     S    idle_inject/142 [idle_inject/142]
    873 root     S    migration/142   [migration/142]
    874 root     S    ksoftirqd/142   [ksoftirqd/142]
    876 root     I<   kworker/142:0H- [kworker/142:0H-events_highpri]
    877 root     S    cpuhp/143       [cpuhp/143]
    878 root     S    idle_inject/143 [idle_inject/143]
    879 root     S    migration/143   [migration/143]
    880 root     S    ksoftirqd/143   [ksoftirqd/143]
    882 root     I<   kworker/143:0H- [kworker/143:0H-events_highpri]
    883 root     S    cpuhp/144       [cpuhp/144]
    884 root     S    idle_inject/144 [idle_inject/144]
    885 root     S    migration/144   [migration/144]
    886 root     S    ksoftirqd/144   [ksoftirqd/144]
    888 root     I<   kworker/144:0H- [kworker/144:0H-kblockd]
    890 root     S    cpuhp/145       [cpuhp/145]
    891 root     S    idle_inject/145 [idle_inject/145]
    892 root     S    migration/145   [migration/145]
    893 root     S    ksoftirqd/145   [ksoftirqd/145]
    895 root     I<   kworker/145:0H- [kworker/145:0H-kblockd]
    896 root     S    cpuhp/146       [cpuhp/146]
    897 root     S    idle_inject/146 [idle_inject/146]
    898 root     S    migration/146   [migration/146]
    899 root     S    ksoftirqd/146   [ksoftirqd/146]
    901 root     I<   kworker/146:0H- [kworker/146:0H-kblockd]
    902 root     S    cpuhp/147       [cpuhp/147]
    903 root     S    idle_inject/147 [idle_inject/147]
    904 root     S    migration/147   [migration/147]
    905 root     S    ksoftirqd/147   [ksoftirqd/147]
    907 root     I<   kworker/147:0H- [kworker/147:0H-kblockd]
    908 root     S    cpuhp/148       [cpuhp/148]
    909 root     S    idle_inject/148 [idle_inject/148]
    910 root     S    migration/148   [migration/148]
    911 root     S    ksoftirqd/148   [ksoftirqd/148]
    913 root     I<   kworker/148:0H- [kworker/148:0H-kblockd]
    914 root     S    cpuhp/149       [cpuhp/149]
    915 root     S    idle_inject/149 [idle_inject/149]
    916 root     S    migration/149   [migration/149]
    917 root     S    ksoftirqd/149   [ksoftirqd/149]
    919 root     I<   kworker/149:0H- [kworker/149:0H-kblockd]
    920 root     S    cpuhp/150       [cpuhp/150]
    921 root     S    idle_inject/150 [idle_inject/150]
    922 root     S    migration/150   [migration/150]
    923 root     S    ksoftirqd/150   [ksoftirqd/150]
    925 root     I<   kworker/150:0H- [kworker/150:0H-kblockd]
    926 root     S    cpuhp/151       [cpuhp/151]
    927 root     S    idle_inject/151 [idle_inject/151]
    928 root     S    migration/151   [migration/151]
    929 root     S    ksoftirqd/151   [ksoftirqd/151]
    931 root     I<   kworker/151:0H- [kworker/151:0H-kblockd]
    932 root     S    cpuhp/152       [cpuhp/152]
    933 root     S    idle_inject/152 [idle_inject/152]
    934 root     S    migration/152   [migration/152]
    935 root     S    ksoftirqd/152   [ksoftirqd/152]
    937 root     I<   kworker/152:0H- [kworker/152:0H-kblockd]
    938 root     S    cpuhp/153       [cpuhp/153]
    939 root     S    idle_inject/153 [idle_inject/153]
    940 root     S    migration/153   [migration/153]
    941 root     S    ksoftirqd/153   [ksoftirqd/153]
    943 root     I<   kworker/153:0H- [kworker/153:0H-events_highpri]
    944 root     S    cpuhp/154       [cpuhp/154]
    945 root     S    idle_inject/154 [idle_inject/154]
    946 root     S    migration/154   [migration/154]
    947 root     S    ksoftirqd/154   [ksoftirqd/154]
    949 root     I<   kworker/154:0H- [kworker/154:0H-kblockd]
    950 root     S    cpuhp/155       [cpuhp/155]
    951 root     S    idle_inject/155 [idle_inject/155]
    952 root     S    migration/155   [migration/155]
    953 root     S    ksoftirqd/155   [ksoftirqd/155]
    955 root     I<   kworker/155:0H- [kworker/155:0H-events_highpri]
    956 root     S    cpuhp/156       [cpuhp/156]
    957 root     S    idle_inject/156 [idle_inject/156]
    958 root     S    migration/156   [migration/156]
    959 root     S    ksoftirqd/156   [ksoftirqd/156]
    961 root     I<   kworker/156:0H- [kworker/156:0H-kblockd]
    962 root     S    cpuhp/157       [cpuhp/157]
    963 root     S    idle_inject/157 [idle_inject/157]
    964 root     S    migration/157   [migration/157]
    965 root     S    ksoftirqd/157   [ksoftirqd/157]
    967 root     I<   kworker/157:0H- [kworker/157:0H-kblockd]
    968 root     S    cpuhp/158       [cpuhp/158]
    969 root     S    idle_inject/158 [idle_inject/158]
    970 root     S    migration/158   [migration/158]
    971 root     S    ksoftirqd/158   [ksoftirqd/158]
    973 root     I<   kworker/158:0H- [kworker/158:0H-kblockd]
    974 root     S    cpuhp/159       [cpuhp/159]
    975 root     S    idle_inject/159 [idle_inject/159]
    976 root     S    migration/159   [migration/159]
    977 root     S    ksoftirqd/159   [ksoftirqd/159]
    979 root     I<   kworker/159:0H- [kworker/159:0H-kblockd]
    980 root     S    cpuhp/160       [cpuhp/160]
    981 root     S    idle_inject/160 [idle_inject/160]
    982 root     S    migration/160   [migration/160]
    983 root     S    ksoftirqd/160   [ksoftirqd/160]
    985 root     I<   kworker/160:0H- [kworker/160:0H-kblockd]
    986 root     S    cpuhp/161       [cpuhp/161]
    987 root     S    idle_inject/161 [idle_inject/161]
    988 root     S    migration/161   [migration/161]
    989 root     S    ksoftirqd/161   [ksoftirqd/161]
    991 root     I<   kworker/161:0H- [kworker/161:0H-events_highpri]
    992 root     S    cpuhp/162       [cpuhp/162]
    993 root     S    idle_inject/162 [idle_inject/162]
    994 root     S    migration/162   [migration/162]
    995 root     S    ksoftirqd/162   [ksoftirqd/162]
    997 root     I<   kworker/162:0H- [kworker/162:0H-kblockd]
    998 root     S    cpuhp/163       [cpuhp/163]
    999 root     S    idle_inject/163 [idle_inject/163]
   1000 root     S    migration/163   [migration/163]
   1001 root     S    ksoftirqd/163   [ksoftirqd/163]
   1003 root     I<   kworker/163:0H- [kworker/163:0H-kblockd]
   1004 root     S    cpuhp/164       [cpuhp/164]
   1005 root     S    idle_inject/164 [idle_inject/164]
   1006 root     S    migration/164   [migration/164]
   1007 root     S    ksoftirqd/164   [ksoftirqd/164]
   1009 root     I<   kworker/164:0H- [kworker/164:0H-events_highpri]
   1010 root     S    cpuhp/165       [cpuhp/165]
   1011 root     S    idle_inject/165 [idle_inject/165]
   1012 root     S    migration/165   [migration/165]
   1013 root     S    ksoftirqd/165   [ksoftirqd/165]
   1015 root     I<   kworker/165:0H- [kworker/165:0H-events_highpri]
   1016 root     S    cpuhp/166       [cpuhp/166]
   1017 root     S    idle_inject/166 [idle_inject/166]
   1018 root     S    migration/166   [migration/166]
   1019 root     S    ksoftirqd/166   [ksoftirqd/166]
   1021 root     I<   kworker/166:0H- [kworker/166:0H-kblockd]
   1022 root     S    cpuhp/167       [cpuhp/167]
   1023 root     S    idle_inject/167 [idle_inject/167]
   1024 root     S    migration/167   [migration/167]
   1025 root     S    ksoftirqd/167   [ksoftirqd/167]
   1027 root     I<   kworker/167:0H- [kworker/167:0H-events_highpri]
   1028 root     S    cpuhp/168       [cpuhp/168]
   1029 root     S    idle_inject/168 [idle_inject/168]
   1030 root     S    migration/168   [migration/168]
   1031 root     S    ksoftirqd/168   [ksoftirqd/168]
   1033 root     I<   kworker/168:0H- [kworker/168:0H-kblockd]
   1035 root     S    cpuhp/169       [cpuhp/169]
   1036 root     S    idle_inject/169 [idle_inject/169]
   1037 root     S    migration/169   [migration/169]
   1038 root     S    ksoftirqd/169   [ksoftirqd/169]
   1040 root     I<   kworker/169:0H- [kworker/169:0H-kblockd]
   1041 root     S    cpuhp/170       [cpuhp/170]
   1042 root     S    idle_inject/170 [idle_inject/170]
   1043 root     S    migration/170   [migration/170]
   1044 root     S    ksoftirqd/170   [ksoftirqd/170]
   1046 root     I<   kworker/170:0H- [kworker/170:0H-kblockd]
   1047 root     S    cpuhp/171       [cpuhp/171]
   1048 root     S    idle_inject/171 [idle_inject/171]
   1049 root     S    migration/171   [migration/171]
   1050 root     S    ksoftirqd/171   [ksoftirqd/171]
   1052 root     I<   kworker/171:0H- [kworker/171:0H-kblockd]
   1053 root     S    cpuhp/172       [cpuhp/172]
   1054 root     S    idle_inject/172 [idle_inject/172]
   1055 root     S    migration/172   [migration/172]
   1056 root     S    ksoftirqd/172   [ksoftirqd/172]
   1058 root     I<   kworker/172:0H- [kworker/172:0H-kblockd]
   1059 root     S    cpuhp/173       [cpuhp/173]
   1060 root     S    idle_inject/173 [idle_inject/173]
   1061 root     S    migration/173   [migration/173]
   1062 root     S    ksoftirqd/173   [ksoftirqd/173]
   1064 root     I<   kworker/173:0H- [kworker/173:0H-kblockd]
   1065 root     S    cpuhp/174       [cpuhp/174]
   1066 root     S    idle_inject/174 [idle_inject/174]
   1067 root     S    migration/174   [migration/174]
   1068 root     S    ksoftirqd/174   [ksoftirqd/174]
   1070 root     I<   kworker/174:0H- [kworker/174:0H-kblockd]
   1071 root     S    cpuhp/175       [cpuhp/175]
   1072 root     S    idle_inject/175 [idle_inject/175]
   1073 root     S    migration/175   [migration/175]
   1074 root     S    ksoftirqd/175   [ksoftirqd/175]
   1076 root     I<   kworker/175:0H- [kworker/175:0H-kblockd]
   1077 root     S    cpuhp/176       [cpuhp/176]
   1078 root     S    idle_inject/176 [idle_inject/176]
   1079 root     S    migration/176   [migration/176]
   1080 root     S    ksoftirqd/176   [ksoftirqd/176]
   1082 root     I<   kworker/176:0H- [kworker/176:0H-events_highpri]
   1083 root     S    cpuhp/177       [cpuhp/177]
   1084 root     S    idle_inject/177 [idle_inject/177]
   1085 root     S    migration/177   [migration/177]
   1086 root     S    ksoftirqd/177   [ksoftirqd/177]
   1088 root     I<   kworker/177:0H- [kworker/177:0H-events_highpri]
   1089 root     S    cpuhp/178       [cpuhp/178]
   1090 root     S    idle_inject/178 [idle_inject/178]
   1091 root     S    migration/178   [migration/178]
   1092 root     S    ksoftirqd/178   [ksoftirqd/178]
   1094 root     I<   kworker/178:0H- [kworker/178:0H-kblockd]
   1095 root     S    cpuhp/179       [cpuhp/179]
   1096 root     S    idle_inject/179 [idle_inject/179]
   1097 root     S    migration/179   [migration/179]
   1098 root     S    ksoftirqd/179   [ksoftirqd/179]
   1100 root     I<   kworker/179:0H- [kworker/179:0H-events_highpri]
   1101 root     S    cpuhp/180       [cpuhp/180]
   1102 root     S    idle_inject/180 [idle_inject/180]
   1103 root     S    migration/180   [migration/180]
   1104 root     S    ksoftirqd/180   [ksoftirqd/180]
   1106 root     I<   kworker/180:0H- [kworker/180:0H-events_highpri]
   1107 root     S    cpuhp/181       [cpuhp/181]
   1108 root     S    idle_inject/181 [idle_inject/181]
   1109 root     S    migration/181   [migration/181]
   1110 root     S    ksoftirqd/181   [ksoftirqd/181]
   1112 root     I<   kworker/181:0H- [kworker/181:0H-events_highpri]
   1113 root     S    cpuhp/182       [cpuhp/182]
   1114 root     S    idle_inject/182 [idle_inject/182]
   1115 root     S    migration/182   [migration/182]
   1116 root     S    ksoftirqd/182   [ksoftirqd/182]
   1118 root     I<   kworker/182:0H- [kworker/182:0H-events_highpri]
   1119 root     S    cpuhp/183       [cpuhp/183]
   1120 root     S    idle_inject/183 [idle_inject/183]
   1121 root     S    migration/183   [migration/183]
   1122 root     S    ksoftirqd/183   [ksoftirqd/183]
   1124 root     I<   kworker/183:0H- [kworker/183:0H-kblockd]
   1125 root     S    cpuhp/184       [cpuhp/184]
   1126 root     S    idle_inject/184 [idle_inject/184]
   1127 root     S    migration/184   [migration/184]
   1128 root     S    ksoftirqd/184   [ksoftirqd/184]
   1130 root     I<   kworker/184:0H- [kworker/184:0H-kblockd]
   1131 root     S    cpuhp/185       [cpuhp/185]
   1132 root     S    idle_inject/185 [idle_inject/185]
   1133 root     S    migration/185   [migration/185]
   1134 root     S    ksoftirqd/185   [ksoftirqd/185]
   1136 root     I<   kworker/185:0H- [kworker/185:0H-events_highpri]
   1137 root     S    cpuhp/186       [cpuhp/186]
   1138 root     S    idle_inject/186 [idle_inject/186]
   1139 root     S    migration/186   [migration/186]
   1140 root     S    ksoftirqd/186   [ksoftirqd/186]
   1142 root     I<   kworker/186:0H- [kworker/186:0H-events_highpri]
   1143 root     S    cpuhp/187       [cpuhp/187]
   1144 root     S    idle_inject/187 [idle_inject/187]
   1145 root     S    migration/187   [migration/187]
   1146 root     S    ksoftirqd/187   [ksoftirqd/187]
   1148 root     I<   kworker/187:0H- [kworker/187:0H-events_highpri]
   1149 root     S    cpuhp/188       [cpuhp/188]
   1150 root     S    idle_inject/188 [idle_inject/188]
   1151 root     S    migration/188   [migration/188]
   1152 root     S    ksoftirqd/188   [ksoftirqd/188]
   1154 root     I<   kworker/188:0H- [kworker/188:0H-events_highpri]
   1155 root     S    cpuhp/189       [cpuhp/189]
   1156 root     S    idle_inject/189 [idle_inject/189]
   1157 root     S    migration/189   [migration/189]
   1158 root     S    ksoftirqd/189   [ksoftirqd/189]
   1160 root     I<   kworker/189:0H- [kworker/189:0H-kblockd]
   1161 root     S    cpuhp/190       [cpuhp/190]
   1162 root     S    idle_inject/190 [idle_inject/190]
   1163 root     S    migration/190   [migration/190]
   1164 root     S    ksoftirqd/190   [ksoftirqd/190]
   1166 root     I<   kworker/190:0H- [kworker/190:0H-events_highpri]
   1167 root     S    cpuhp/191       [cpuhp/191]
   1168 root     S    idle_inject/191 [idle_inject/191]
   1169 root     S    migration/191   [migration/191]
   1170 root     S    ksoftirqd/191   [ksoftirqd/191]
   1172 root     I<   kworker/191:0H- [kworker/191:0H-kblockd]
   1173 root     S    kdevtmpfs       [kdevtmpfs]
   1174 root     I<   inet_frag_wq    [inet_frag_wq]
   1366 root     S    kauditd         [kauditd]
   1369 root     S    khungtaskd      [khungtaskd]
   1370 root     S    oom_reaper      [oom_reaper]
   1371 root     I<   writeback       [writeback]
   1372 root     S    kcompactd0      [kcompactd0]
   1373 root     S    kcompactd1      [kcompactd1]
   1374 root     S    kcompactd2      [kcompactd2]
   1375 root     S    kcompactd3      [kcompactd3]
   1376 root     S    kcompactd4      [kcompactd4]
   1377 root     S    kcompactd5      [kcompactd5]
   1378 root     S    kcompactd6      [kcompactd6]
   1379 root     S    kcompactd7      [kcompactd7]
   1380 root     SN   ksmd            [ksmd]
   1381 root     SN   khugepaged      [khugepaged]
   1427 root     I<   kintegrityd     [kintegrityd]
   1428 root     I<   kblockd         [kblockd]
   1429 root     I<   blkcg_punt_bio  [blkcg_punt_bio]
   1430 root     I<   tpm_dev_wq      [tpm_dev_wq]
   1431 root     I<   ata_sff         [ata_sff]
   1432 root     I<   md              [md]
   1433 root     I<   edac-poller     [edac-poller]
   1434 root     I<   devfreq_wq      [devfreq_wq]
   1435 root     S    watchdogd       [watchdogd]
   1437 root     I<   kworker/3:1H-kb [kworker/3:1H-kblockd]
   1438 root     S    kswapd0         [kswapd0]
   1439 root     S    kswapd1         [kswapd1]
   1440 root     S    kswapd2         [kswapd2]
   1441 root     S    kswapd3         [kswapd3]
   1442 root     S    kswapd4         [kswapd4]
   1443 root     S    kswapd5         [kswapd5]
   1444 root     S    kswapd6         [kswapd6]
   1445 root     S    kswapd7         [kswapd7]
   1446 root     S    ecryptfs-kthrea [ecryptfs-kthrea]
   1448 root     I<   kthrotld        [kthrotld]
   1449 root     S    irq/30-aerdrv   [irq/30-aerdrv]
   1450 root     S    irq/32-aerdrv   [irq/32-aerdrv]
   1451 root     S    irq/34-aerdrv   [irq/34-aerdrv]
   1452 root     S    irq/36-aerdrv   [irq/36-aerdrv]
   1453 root     S    irq/38-aerdrv   [irq/38-aerdrv]
   1454 root     S    irq/37-pciehp   [irq/37-pciehp]
   1455 root     S    irq/40-aerdrv   [irq/40-aerdrv]
   1456 root     S    irq/39-pciehp   [irq/39-pciehp]
   1457 root     S    irq/42-aerdrv   [irq/42-aerdrv]
   1458 root     S    irq/44-aerdrv   [irq/44-aerdrv]
   1459 root     S    irq/46-aerdrv   [irq/46-aerdrv]
   1460 root     S    irq/48-aerdrv   [irq/48-aerdrv]
   1461 root     S    irq/50-aerdrv   [irq/50-aerdrv]
   1462 root     S    irq/52-aerdrv   [irq/52-aerdrv]
   1463 root     S    irq/51-pciehp   [irq/51-pciehp]
   1464 root     S    irq/54-aerdrv   [irq/54-aerdrv]
   1465 root     S    irq/53-pciehp   [irq/53-pciehp]
   1466 root     S    irq/56-aerdrv   [irq/56-aerdrv]
   1467 root     S    irq/55-pciehp   [irq/55-pciehp]
   1468 root     S    irq/58-aerdrv   [irq/58-aerdrv]
   1469 root     S    irq/57-pciehp   [irq/57-pciehp]
   1470 root     S    irq/60-aerdrv   [irq/60-aerdrv]
   1471 root     S    irq/62-aerdrv   [irq/62-aerdrv]
   1472 root     S    irq/64-aerdrv   [irq/64-aerdrv]
   1473 root     S    irq/14-ACPI:Ged [irq/14-ACPI:Ged]
   1474 root     S    irq/19-ACPI:Ged [irq/19-ACPI:Ged]
   1475 root     I<   acpi_thermal_pm [acpi_thermal_pm]
   1487 root     I<   mld             [mld]
   1488 root     I<   ipv6_addrconf   [ipv6_addrconf]
   1497 root     I<   kstrp           [kstrp]
   1500 root     I<   zswap-shrink    [zswap-shrink]
   1688 root     I<   kworker/u394:0  [kworker/u394:0]
   1689 root     I<   kworker/u395:0  [kworker/u395:0]
   1690 root     I<   kworker/u396:0  [kworker/u396:0]
   1691 root     I<   kworker/u397:0  [kworker/u397:0]
   1692 root     I<   kworker/u398:0  [kworker/u398:0]
   1693 root     I<   kworker/u399:0  [kworker/u399:0]
   1694 root     I<   kworker/u400:0  [kworker/u400:0]
   1695 root     I<   kworker/u401:0  [kworker/u401:0]
   1699 root     I<   cryptd          [cryptd]
   1740 root     I<   charger_manager [charger_manager]
   1762 root     I<   kworker/10:1H-k [kworker/10:1H-kblockd]
   1780 root     S    spi0            [spi0]
   1784 root     S    scsi_eh_0       [scsi_eh_0]
   1785 root     I<   scsi_tmf_0      [scsi_tmf_0]
   1787 root     I<   nvme-wq         [nvme-wq]
   1788 root     S    scsi_eh_1       [scsi_eh_1]
   1789 root     I<   scsi_tmf_1      [scsi_tmf_1]
   1790 root     I<   nvme-reset-wq   [nvme-reset-wq]
   1792 root     I<   nvme-delete-wq  [nvme-delete-wq]
   1795 root     S    scsi_eh_2       [scsi_eh_2]
   1796 root     I<   scsi_tmf_2      [scsi_tmf_2]
   1797 root     S    scsi_eh_3       [scsi_eh_3]
   1798 root     I<   scsi_tmf_3      [scsi_tmf_3]
   1801 root     S    scsi_eh_4       [scsi_eh_4]
   1802 root     I<   scsi_tmf_4      [scsi_tmf_4]
   1805 root     S    scsi_eh_5       [scsi_eh_5]
   1807 root     I<   scsi_tmf_5      [scsi_tmf_5]
   1812 root     S    scsi_eh_6       [scsi_eh_6]
   1813 root     I<   scsi_tmf_6      [scsi_tmf_6]
   1815 root     S    scsi_eh_7       [scsi_eh_7]
   1816 root     I<   scsi_tmf_7      [scsi_tmf_7]
   1821 root     S    scsi_eh_8       [scsi_eh_8]
   1822 root     I<   scsi_tmf_8      [scsi_tmf_8]
   1827 root     I<   0000:34:02.0    [0000:34:02.0]
   1828 root     S    scsi_eh_9       [scsi_eh_9]
   1829 root     I<   scsi_tmf_9      [scsi_tmf_9]
   1830 root     I<   scsi_wq_8       [scsi_wq_8]
   1835 root     I<   0000:34:02.0_ev [0000:34:02.0_ev]
   1836 root     I<   0000:34:02.0_di [0000:34:02.0_di]
   2032 root     I<   kworker/9:1H-kb [kworker/9:1H-kblockd]
   2033 root     I<   poll_megasas9_s [poll_megasas9_s]
   2061 root     I<   kworker/74:1H-k [kworker/74:1H-kblockd]
   2062 root     I<   kworker/77:1H-k [kworker/77:1H-kblockd]
   2063 root     I<   kworker/79:1H-k [kworker/79:1H-kblockd]
   2064 root     I<   kworker/76:1H-k [kworker/76:1H-kblockd]
   2065 root     I<   kworker/73:1H-k [kworker/73:1H-kblockd]
   2066 root     I<   kworker/75:1H-k [kworker/75:1H-kblockd]
   2067 root     I<   kworker/124:1H- [kworker/124:1H-kblockd]
   2071 root     I<   kworker/78:1H-k [kworker/78:1H-kblockd]
   2077 root     I<   kworker/7:1H-kb [kworker/7:1H-kblockd]
   2078 root     S    irq/102-hisi_sa [irq/102-hisi_sa]
   2079 root     S    irq/103-hisi_sa [irq/103-hisi_sa]
   2080 root     S    irq/104-hisi_sa [irq/104-hisi_sa]
   2081 root     S    irq/105-hisi_sa [irq/105-hisi_sa]
   2082 root     S    irq/106-hisi_sa [irq/106-hisi_sa]
   2083 root     S    irq/107-hisi_sa [irq/107-hisi_sa]
   2084 root     S    irq/108-hisi_sa [irq/108-hisi_sa]
   2085 root     S    irq/109-hisi_sa [irq/109-hisi_sa]
   2086 root     S    irq/110-hisi_sa [irq/110-hisi_sa]
   2087 root     S    irq/111-hisi_sa [irq/111-hisi_sa]
   2088 root     S    irq/112-hisi_sa [irq/112-hisi_sa]
   2089 root     S    irq/113-hisi_sa [irq/113-hisi_sa]
   2090 root     S    irq/114-hisi_sa [irq/114-hisi_sa]
   2091 root     S    irq/115-hisi_sa [irq/115-hisi_sa]
   2092 root     S    irq/116-hisi_sa [irq/116-hisi_sa]
   2093 root     S    irq/117-hisi_sa [irq/117-hisi_sa]
   2094 root     S    scsi_eh_10      [scsi_eh_10]
   2095 root     I<   scsi_tmf_10     [scsi_tmf_10]
   2096 root     I<   0000:34:04.0    [0000:34:04.0]
   2097 root     I<   scsi_wq_10      [scsi_wq_10]
   2098 root     I<   0000:34:04.0_ev [0000:34:04.0_ev]
   2099 root     I<   0000:34:04.0_di [0000:34:04.0_di]
   2100 root     S    irq/1302-hisi_s [irq/1302-hisi_s]
   2101 root     S    irq/1303-hisi_s [irq/1303-hisi_s]
   2102 root     S    irq/1304-hisi_s [irq/1304-hisi_s]
   2103 root     S    irq/1305-hisi_s [irq/1305-hisi_s]
   2104 root     S    irq/1306-hisi_s [irq/1306-hisi_s]
   2105 root     S    irq/1307-hisi_s [irq/1307-hisi_s]
   2106 root     S    irq/1308-hisi_s [irq/1308-hisi_s]
   2107 root     S    irq/1309-hisi_s [irq/1309-hisi_s]
   2108 root     S    irq/1310-hisi_s [irq/1310-hisi_s]
   2109 root     S    irq/1311-hisi_s [irq/1311-hisi_s]
   2110 root     S    irq/1312-hisi_s [irq/1312-hisi_s]
   2111 root     S    irq/1313-hisi_s [irq/1313-hisi_s]
   2112 root     S    irq/1314-hisi_s [irq/1314-hisi_s]
   2113 root     S    irq/1315-hisi_s [irq/1315-hisi_s]
   2114 root     S    irq/1316-hisi_s [irq/1316-hisi_s]
   2115 root     S    irq/1317-hisi_s [irq/1317-hisi_s]
   2116 root     S    scsi_eh_11      [scsi_eh_11]
   2117 root     I<   scsi_tmf_11     [scsi_tmf_11]
   2118 root     I<   0000:74:02.0    [0000:74:02.0]
   2119 root     I<   scsi_wq_11      [scsi_wq_11]
   2120 root     I<   0000:74:02.0_ev [0000:74:02.0_ev]
   2121 root     I<   0000:74:02.0_di [0000:74:02.0_di]
   2122 root     S    irq/1334-hisi_s [irq/1334-hisi_s]
   2123 root     S    irq/1335-hisi_s [irq/1335-hisi_s]
   2124 root     S    irq/1336-hisi_s [irq/1336-hisi_s]
   2125 root     S    irq/1337-hisi_s [irq/1337-hisi_s]
   2126 root     S    irq/1338-hisi_s [irq/1338-hisi_s]
   2127 root     S    irq/1339-hisi_s [irq/1339-hisi_s]
   2128 root     S    irq/1340-hisi_s [irq/1340-hisi_s]
   2129 root     S    irq/1341-hisi_s [irq/1341-hisi_s]
   2130 root     S    irq/1342-hisi_s [irq/1342-hisi_s]
   2131 root     S    irq/1343-hisi_s [irq/1343-hisi_s]
   2132 root     S    irq/1344-hisi_s [irq/1344-hisi_s]
   2133 root     S    irq/1345-hisi_s [irq/1345-hisi_s]
   2134 root     S    irq/1346-hisi_s [irq/1346-hisi_s]
   2135 root     S    irq/1347-hisi_s [irq/1347-hisi_s]
   2136 root     S    irq/1348-hisi_s [irq/1348-hisi_s]
   2137 root     S    irq/1349-hisi_s [irq/1349-hisi_s]
   2138 root     S    scsi_eh_12      [scsi_eh_12]
   2139 root     I<   scsi_tmf_12     [scsi_tmf_12]
   2140 root     I<   0000:74:04.0    [0000:74:04.0]
   2141 root     I<   scsi_wq_12      [scsi_wq_12]
   2142 root     I<   0000:74:04.0_ev [0000:74:04.0_ev]
   2143 root     I<   0000:74:04.0_di [0000:74:04.0_di]
   2144 root     S    irq/1366-hisi_s [irq/1366-hisi_s]
   2145 root     S    irq/1367-hisi_s [irq/1367-hisi_s]
   2146 root     S    irq/1368-hisi_s [irq/1368-hisi_s]
   2147 root     S    irq/1369-hisi_s [irq/1369-hisi_s]
   2148 root     S    irq/1370-hisi_s [irq/1370-hisi_s]
   2149 root     S    irq/1371-hisi_s [irq/1371-hisi_s]
   2150 root     S    irq/1372-hisi_s [irq/1372-hisi_s]
   2151 root     S    irq/1373-hisi_s [irq/1373-hisi_s]
   2152 root     S    irq/1374-hisi_s [irq/1374-hisi_s]
   2153 root     S    irq/1375-hisi_s [irq/1375-hisi_s]
   2154 root     S    irq/1376-hisi_s [irq/1376-hisi_s]
   2155 root     S    irq/1377-hisi_s [irq/1377-hisi_s]
   2156 root     S    irq/1378-hisi_s [irq/1378-hisi_s]
   2157 root     S    irq/1379-hisi_s [irq/1379-hisi_s]
   2158 root     S    irq/1380-hisi_s [irq/1380-hisi_s]
   2159 root     S    irq/1381-hisi_s [irq/1381-hisi_s]
   2160 root     S    scsi_eh_13      [scsi_eh_13]
   2161 root     I<   scsi_tmf_13     [scsi_tmf_13]
   2162 root     I<   0000:b4:02.0    [0000:b4:02.0]
   2163 root     I<   scsi_wq_13      [scsi_wq_13]
   2164 root     I<   0000:b4:02.0_ev [0000:b4:02.0_ev]
   2165 root     I<   0000:b4:02.0_di [0000:b4:02.0_di]
   2166 root     S    irq/1398-hisi_s [irq/1398-hisi_s]
   2167 root     S    irq/1399-hisi_s [irq/1399-hisi_s]
   2168 root     S    irq/1400-hisi_s [irq/1400-hisi_s]
   2169 root     S    irq/1401-hisi_s [irq/1401-hisi_s]
   2170 root     S    irq/1402-hisi_s [irq/1402-hisi_s]
   2171 root     S    irq/1403-hisi_s [irq/1403-hisi_s]
   2172 root     S    irq/1404-hisi_s [irq/1404-hisi_s]
   2173 root     S    irq/1405-hisi_s [irq/1405-hisi_s]
   2174 root     S    irq/1406-hisi_s [irq/1406-hisi_s]
   2175 root     S    irq/1407-hisi_s [irq/1407-hisi_s]
   2176 root     S    irq/1408-hisi_s [irq/1408-hisi_s]
   2177 root     S    irq/1409-hisi_s [irq/1409-hisi_s]
   2178 root     S    irq/1410-hisi_s [irq/1410-hisi_s]
   2179 root     S    irq/1411-hisi_s [irq/1411-hisi_s]
   2180 root     S    irq/1412-hisi_s [irq/1412-hisi_s]
   2181 root     S    irq/1413-hisi_s [irq/1413-hisi_s]
   2182 root     S    scsi_eh_14      [scsi_eh_14]
   2183 root     I<   scsi_tmf_14     [scsi_tmf_14]
   2184 root     I<   0000:b4:04.0    [0000:b4:04.0]
   2185 root     I<   scsi_wq_14      [scsi_wq_14]
   2186 root     I<   0000:b4:04.0_ev [0000:b4:04.0_ev]
   2187 root     I<   0000:b4:04.0_di [0000:b4:04.0_di]
   2188 root     I<   kworker/6:1H-kb [kworker/6:1H-kblockd]
   2189 root     I<   kworker/2:1H-kb [kworker/2:1H-kblockd]
   2190 root     S    irq/1430-hisi_s [irq/1430-hisi_s]
   2191 root     S    irq/1431-hisi_s [irq/1431-hisi_s]
   2192 root     S    irq/1432-hisi_s [irq/1432-hisi_s]
   2193 root     S    irq/1433-hisi_s [irq/1433-hisi_s]
   2194 root     S    irq/1434-hisi_s [irq/1434-hisi_s]
   2195 root     S    irq/1435-hisi_s [irq/1435-hisi_s]
   2196 root     S    irq/1436-hisi_s [irq/1436-hisi_s]
   2197 root     S    irq/1437-hisi_s [irq/1437-hisi_s]
   2198 root     S    irq/1438-hisi_s [irq/1438-hisi_s]
   2199 root     S    irq/1439-hisi_s [irq/1439-hisi_s]
   2200 root     S    irq/1440-hisi_s [irq/1440-hisi_s]
   2201 root     S    irq/1441-hisi_s [irq/1441-hisi_s]
   2202 root     S    irq/1442-hisi_s [irq/1442-hisi_s]
   2203 root     S    irq/1443-hisi_s [irq/1443-hisi_s]
   2204 root     S    irq/1444-hisi_s [irq/1444-hisi_s]
   2205 root     S    irq/1445-hisi_s [irq/1445-hisi_s]
   2206 root     S    scsi_eh_15      [scsi_eh_15]
   2207 root     I<   scsi_tmf_15     [scsi_tmf_15]
   2208 root     I<   0000:f4:02.0    [0000:f4:02.0]
   2209 root     I<   scsi_wq_15      [scsi_wq_15]
   2210 root     I<   0000:f4:02.0_ev [0000:f4:02.0_ev]
   2211 root     I<   0000:f4:02.0_di [0000:f4:02.0_di]
   2212 root     S    irq/1462-hisi_s [irq/1462-hisi_s]
   2213 root     S    irq/1463-hisi_s [irq/1463-hisi_s]
   2214 root     S    irq/1464-hisi_s [irq/1464-hisi_s]
   2215 root     S    irq/1465-hisi_s [irq/1465-hisi_s]
   2216 root     S    irq/1466-hisi_s [irq/1466-hisi_s]
   2217 root     S    irq/1467-hisi_s [irq/1467-hisi_s]
   2218 root     S    irq/1468-hisi_s [irq/1468-hisi_s]
   2219 root     S    irq/1469-hisi_s [irq/1469-hisi_s]
   2220 root     S    irq/1470-hisi_s [irq/1470-hisi_s]
   2221 root     S    irq/1471-hisi_s [irq/1471-hisi_s]
   2222 root     S    irq/1472-hisi_s [irq/1472-hisi_s]
   2223 root     S    irq/1473-hisi_s [irq/1473-hisi_s]
   2224 root     S    irq/1474-hisi_s [irq/1474-hisi_s]
   2225 root     S    irq/1475-hisi_s [irq/1475-hisi_s]
   2226 root     S    irq/1476-hisi_s [irq/1476-hisi_s]
   2227 root     S    irq/1477-hisi_s [irq/1477-hisi_s]
   2228 root     S    scsi_eh_16      [scsi_eh_16]
   2229 root     I<   scsi_tmf_16     [scsi_tmf_16]
   2230 root     I<   0000:f4:04.0    [0000:f4:04.0]
   2231 root     I<   scsi_wq_16      [scsi_wq_16]
   2232 root     I<   0000:f4:04.0_ev [0000:f4:04.0_ev]
   2233 root     I<   0000:f4:04.0_di [0000:f4:04.0_di]
   2234 root     S    irq/1494-hisi_s [irq/1494-hisi_s]
   2235 root     S    irq/1495-hisi_s [irq/1495-hisi_s]
   2236 root     S    irq/1496-hisi_s [irq/1496-hisi_s]
   2237 root     S    irq/1497-hisi_s [irq/1497-hisi_s]
   2238 root     S    irq/1498-hisi_s [irq/1498-hisi_s]
   2239 root     S    irq/1499-hisi_s [irq/1499-hisi_s]
   2240 root     S    irq/1500-hisi_s [irq/1500-hisi_s]
   2241 root     S    irq/1501-hisi_s [irq/1501-hisi_s]
   2242 root     S    irq/1502-hisi_s [irq/1502-hisi_s]
   2243 root     S    irq/1503-hisi_s [irq/1503-hisi_s]
   2244 root     S    irq/1504-hisi_s [irq/1504-hisi_s]
   2245 root     S    irq/1505-hisi_s [irq/1505-hisi_s]
   2246 root     S    irq/1506-hisi_s [irq/1506-hisi_s]
   2247 root     S    irq/1507-hisi_s [irq/1507-hisi_s]
   2248 root     S    irq/1508-hisi_s [irq/1508-hisi_s]
   2249 root     S    irq/1509-hisi_s [irq/1509-hisi_s]
   2250 root     I<   kworker/146:1H- [kworker/146:1H-kblockd]
   2251 root     I<   kworker/147:1H- [kworker/147:1H-kblockd]
   2306 root     I<   kworker/125:1H- [kworker/125:1H-kblockd]
   2311 root     I<   kworker/109:1H- [kworker/109:1H-kblockd]
   2313 root     I<   kworker/28:1H-k [kworker/28:1H-kblockd]
   2315 root     I<   kworker/187:1H- [kworker/187:1H-kblockd]
   2319 root     S    card0-crtc0     [card0-crtc0]
   2324 root     I<   kworker/30:1H-k [kworker/30:1H-kblockd]
   2325 root     I<   kworker/31:1H-k [kworker/31:1H-kblockd]
   2332 root     I<   kworker/105:1H- [kworker/105:1H-kblockd]
   2333 root     I<   kworker/107:1H- [kworker/107:1H-kblockd]
   2336 root     I<   kworker/104:1H- [kworker/104:1H-kblockd]
   2337 root     I<   kworker/103:1H- [kworker/103:1H-kblockd]
   2338 root     I<   kworker/82:1H-k [kworker/82:1H-kblockd]
   2339 root     I<   kworker/91:1H-k [kworker/91:1H-kblockd]
   2340 root     I<   kworker/90:1H-k [kworker/90:1H-kblockd]
   2341 root     I<   kworker/137:1H- [kworker/137:1H-kblockd]
   2342 root     I<   kworker/94:1H-k [kworker/94:1H-kblockd]
   2343 root     I<   kworker/141:1H- [kworker/141:1H-kblockd]
   2363 root     I<   raid5wq         [raid5wq]
   2414 root     I<   kworker/14:1H-k [kworker/14:1H-kblockd]
   2415 root     I<   kworker/15:1H-k [kworker/15:1H-kblockd]
   2416 root     S    jbd2/sda2-8     [jbd2/sda2-8]
   2417 root     I<   ext4-rsv-conver [ext4-rsv-conver]
   2432 root     I<   kworker/19:1H-k [kworker/19:1H-kblockd]
   2435 root     I<   kworker/20:1H-k [kworker/20:1H-kblockd]
   2440 root     I<   kworker/21:1H-k [kworker/21:1H-kblockd]
   2441 root     I<   kworker/36:1H-k [kworker/36:1H-kblockd]
   2447 root     I<   kworker/24:1H-k [kworker/24:1H-kblockd]
   2450 root     I<   kworker/26:1H-k [kworker/26:1H-kblockd]
   2453 root     I<   kworker/12:1H-k [kworker/12:1H-kblockd]
   2457 root     I<   kworker/11:1H-k [kworker/11:1H-kblockd]
   2458 root     I<   kworker/0:1H-kb [kworker/0:1H-kblockd]
   2460 root     I<   kworker/16:1H-k [kworker/16:1H-kblockd]
   2462 root     I<   kworker/48:1H-k [kworker/48:1H-kblockd]
   2465 root     I<   kworker/50:1H-k [kworker/50:1H-kblockd]
   2482 root     I<   kworker/51:1H-k [kworker/51:1H-kblockd]
   2487 root     I<   kworker/54:1H-k [kworker/54:1H-kblockd]
   2488 root     I<   kworker/58:1H-k [kworker/58:1H-kblockd]
   2491 root     I<   kworker/52:1H-k [kworker/52:1H-kblockd]
   2494 root     I<   kworker/55:1H-k [kworker/55:1H-kblockd]
   2498 root     I<   kworker/56:1H-k [kworker/56:1H-kblockd]
   2499 root     I<   kworker/53:1H-k [kworker/53:1H-kblockd]
   2503 root     I<   kworker/46:1H-k [kworker/46:1H-kblockd]
   2504 root     I<   kworker/25:1H-k [kworker/25:1H-kblockd]
   2526 root     I<   kworker/34:1H-d [kworker/34:1H-dms_timer_8]
   2533 root     I<   ipmi-msghandler [ipmi-msghandler]
   2542 root     I<   kaluad          [kaluad]
   2544 root     I<   kworker/148:1H- [kworker/148:1H-kblockd]
   2545 root     I<   kmpath_rdacd    [kmpath_rdacd]
   2546 root     I<   kworker/32:1H-k [kworker/32:1H-kblockd]
   2548 root     I<   kmpathd         [kmpathd]
   2549 root     I<   kmpath_handlerd [kmpath_handlerd]
   2554 root     I<   kworker/152:1H- [kworker/152:1H-kblockd]
   2558 root     I<   kworker/156:1H- [kworker/156:1H-kblockd]
   2564 root     I<   kworker/158:1H- [kworker/158:1H-kblockd]
   2567 root     I<   kworker/27:1H-k [kworker/27:1H-kblockd]
   2569 root     I<   kworker/154:1H- [kworker/154:1H-kblockd]
   2576 root     I<   kworker/155:1H- [kworker/155:1H-kblockd]
   2624 root     I<   kworker/47:1H-k [kworker/47:1H-kblockd]
   2625 root     I<   kworker/29:1H-k [kworker/29:1H-kblockd]
   2628 root     I<   kworker/44:1H-k [kworker/44:1H-kblockd]
   2630 root     I<   kworker/189:1H- [kworker/189:1H-kblockd]
   2631 root     I<   kworker/191:1H- [kworker/191:1H-kblockd]
   2632 root     I<   kworker/41:1H-k [kworker/41:1H-kblockd]
   2713 root     I<   kworker/150:1H- [kworker/150:1H-kblockd]
   2714 root     I<   nfit            [nfit]
   2715 root     I<   kworker/149:1H- [kworker/149:1H-kblockd]
   2716 root     I<   kworker/23:1H-k [kworker/23:1H-kblockd]
   2717 root     S    hwrng           [hwrng]
   2725 root     I<   kworker/38:1H-k [kworker/38:1H-kblockd]
   2735 root     I<   vfio-irqfd-clea [vfio-irqfd-clea]
   2738 root     I<   kworker/35:1H-k [kworker/35:1H-kblockd]
   2739 root     I<   kworker/49:1H-k [kworker/49:1H-kblockd]
   2749 root     I<   ib-comp-wq      [ib-comp-wq]
   2751 root     I<   ib-comp-unb-wq  [ib-comp-unb-wq]
   2752 root     I<   ib_mcast        [ib_mcast]
   2753 root     I<   ib_nl_sa_wq     [ib_nl_sa_wq]
   2757 root     I<   kworker/84:1H-k [kworker/84:1H-kblockd]
   2759 root     I<   kworker/83:1H-k [kworker/83:1H-kblockd]
   2760 root     I<   kworker/81:1H-k [kworker/81:1H-kblockd]
   2764 root     I<   kworker/118:1H- [kworker/118:1H-kblockd]
   2771 root     I<   kworker/117:1H- [kworker/117:1H-kblockd]
   2772 root     I<   kworker/65:1H-k [kworker/65:1H-kblockd]
   2773 root     I<   kworker/40:1H-k [kworker/40:1H-kblockd]
   2774 root     I<   kworker/63:1H-k [kworker/63:1H-kblockd]
   2775 root     I<   kworker/42:1H-k [kworker/42:1H-kblockd]
   2779 root     I<   kworker/96:1H-k [kworker/96:1H-kblockd]
   2782 root     I<   pcie_msg_workqu [pcie_msg_workqu]
   2783 root     I<   pcie_msg_workqu [pcie_msg_workqu]
   2784 root     I<   pcie_msg_workqu [pcie_msg_workqu]
   2785 root     I<   pcie_msg_workqu [pcie_msg_workqu]
   2786 root     I<   pcie_msg_workqu [pcie_msg_workqu]
   2788 root     I<   pcie_msg_workqu [pcie_msg_workqu]
   2790 root     I<   pcie_msg_workqu [pcie_msg_workqu]
   2791 root     I<   pcie_msg_workqu [pcie_msg_workqu]
   2792 root     I<   pcie_msg_workqu [pcie_msg_workqu]
   2798 root     I<   kworker/60:1H-k [kworker/60:1H-kblockd]
   2803 root     S    jbd2/nvme0n1p1- [jbd2/nvme0n1p1-]
   2804 root     I<   ext4-rsv-conver [ext4-rsv-conver]
   2806 root     I<   kworker/4:1H-kb [kworker/4:1H-kblockd]
   2815 root     S    jbd2/nvme1n1p1- [jbd2/nvme1n1p1-]
   2816 root     I<   ext4-rsv-conver [ext4-rsv-conver]
   2827 root     I<   kworker/1:1H-kb [kworker/1:1H-kblockd]
   2837 root     I<   pcie_msg_workqu [pcie_msg_workqu]
   2839 root     I<   pcie_msg_workqu [pcie_msg_workqu]
   2840 root     I<   pcie_msg_workqu [pcie_msg_workqu]
   2841 root     I<   pcie_msg_workqu [pcie_msg_workqu]
   2842 root     I<   pcie_msg_workqu [pcie_msg_workqu]
   2843 root     I<   pcie_msg_workqu [pcie_msg_workqu]
   2844 root     I<   pcie_msg_workqu [pcie_msg_workqu]
   2845 root     I<   pcie_msg_workqu [pcie_msg_workqu]
   2846 root     I<   pcie_msg_workqu [pcie_msg_workqu]
   2853 root     I<   pcie_msg_workqu [pcie_msg_workqu]
   2854 root     I<   pcie_msg_workqu [pcie_msg_workqu]
   2855 root     I<   pcie_msg_workqu [pcie_msg_workqu]
   2856 root     I<   pcie_msg_workqu [pcie_msg_workqu]
   2857 root     I<   pcie_msg_workqu [pcie_msg_workqu]
   2858 root     I<   pcie_msg_workqu [pcie_msg_workqu]
   2859 root     I<   pcie_msg_workqu [pcie_msg_workqu]
   2860 root     I<   pcie_msg_workqu [pcie_msg_workqu]
   2861 root     I<   pcie_msg_workqu [pcie_msg_workqu]
   2866 root     I<   pcie_msg_workqu [pcie_msg_workqu]
   2867 root     I<   pcie_msg_workqu [pcie_msg_workqu]
   2868 root     I<   pcie_msg_workqu [pcie_msg_workqu]
   2869 root     I<   pcie_msg_workqu [pcie_msg_workqu]
   2870 root     I<   pcie_msg_workqu [pcie_msg_workqu]
   2871 root     I<   pcie_msg_workqu [pcie_msg_workqu]
   2872 root     I<   pcie_msg_workqu [pcie_msg_workqu]
   2873 root     I<   pcie_msg_workqu [pcie_msg_workqu]
   2874 root     I<   pcie_msg_workqu [pcie_msg_workqu]
   2877 root     I<   pcie_msg_workqu [pcie_msg_workqu]
   2878 root     I<   pcie_msg_workqu [pcie_msg_workqu]
   2879 root     I<   pcie_msg_workqu [pcie_msg_workqu]
   2880 root     I<   pcie_msg_workqu [pcie_msg_workqu]
   2881 root     I<   pcie_msg_workqu [pcie_msg_workqu]
   2883 root     I<   pcie_msg_workqu [pcie_msg_workqu]
   2884 root     I<   pcie_msg_workqu [pcie_msg_workqu]
   2885 root     I<   pcie_msg_workqu [pcie_msg_workqu]
   2886 root     I<   pcie_msg_workqu [pcie_msg_workqu]
   2889 root     I<   pcie_msg_workqu [pcie_msg_workqu]
   2890 root     I<   pcie_msg_workqu [pcie_msg_workqu]
   2891 root     I<   pcie_msg_workqu [pcie_msg_workqu]
   2892 root     I<   pcie_msg_workqu [pcie_msg_workqu]
   2893 root     I<   pcie_msg_workqu [pcie_msg_workqu]
   2894 root     I<   pcie_msg_workqu [pcie_msg_workqu]
   2895 root     I<   pcie_msg_workqu [pcie_msg_workqu]
   2896 root     I<   pcie_msg_workqu [pcie_msg_workqu]
   2897 root     I<   pcie_msg_workqu [pcie_msg_workqu]
   2900 root     I<   pcie_msg_workqu [pcie_msg_workqu]
   2901 root     I<   pcie_msg_workqu [pcie_msg_workqu]
   2902 root     I<   pcie_msg_workqu [pcie_msg_workqu]
   2903 root     I<   pcie_msg_workqu [pcie_msg_workqu]
   2904 root     I<   pcie_msg_workqu [pcie_msg_workqu]
   2905 root     I<   pcie_msg_workqu [pcie_msg_workqu]
   2906 root     I<   pcie_msg_workqu [pcie_msg_workqu]
   2907 root     I<   pcie_msg_workqu [pcie_msg_workqu]
   2908 root     I<   pcie_msg_workqu [pcie_msg_workqu]
   2910 root     I<   pcie_msg_workqu [pcie_msg_workqu]
   2911 root     I<   pcie_msg_workqu [pcie_msg_workqu]
   2912 root     I<   pcie_msg_workqu [pcie_msg_workqu]
   2913 root     I<   pcie_msg_workqu [pcie_msg_workqu]
   2914 root     I<   pcie_msg_workqu [pcie_msg_workqu]
   2915 root     I<   pcie_msg_workqu [pcie_msg_workqu]
   2916 root     I<   pcie_msg_workqu [pcie_msg_workqu]
   2917 root     I<   pcie_msg_workqu [pcie_msg_workqu]
   2918 root     I<   pcie_msg_workqu [pcie_msg_workqu]
   2928 root     D    dms_poll_task   [dms_poll_task]
   2929 root     S    dms_sensor_scan [dms_sensor_scan]
   2930 root     I<   ib_mad1         [ib_mad1]
   2941 root     I<   kworker/22:1H-k [kworker/22:1H-kblockd]
   2942 root     I<   kworker/153:1H- [kworker/153:1H-kblockd]
   2944 root     I<   dms_timer_commo [dms_timer_commo]
   2945 root     I<   dev_manager_wor [dev_manager_wor]
   2947 root     S    dms_save_except [dms_save_except]
   2950 root     I<   kworker/8:1H-kb [kworker/8:1H-kblockd]
   2951 root     I<   kworker/13:1H-k [kworker/13:1H-kblockd]
   2968 root     I<   kworker/85:1H-k [kworker/85:1H-kblockd]
   2969 root     I<   ib_mad1         [ib_mad1]
   2976 root     I<   kworker/95:1H-k [kworker/95:1H-kblockd]
   2985 root     I<   kworker/80:1H-k [kworker/80:1H-kblockd]
   2988 root     I<   kworker/86:1H-k [kworker/86:1H-kblockd]
   2989 root     I<   kworker/89:1H-k [kworker/89:1H-kblockd]
   2990 root     I<   kworker/144:1H- [kworker/144:1H-kblockd]
   2991 root     I<   kworker/157:1H- [kworker/157:1H-kblockd]
   2994 root     I<   kworker/45:1H-k [kworker/45:1H-kblockd]
   2996 root     I<   ib_mad1         [ib_mad1]
   3011 root     I<   kworker/72:1H-k [kworker/72:1H-kblockd]
   3013 root     I<   kworker/190:1H- [kworker/190:1H-kblockd]
   3015 root     I<   kworker/43:1H-k [kworker/43:1H-kblockd]
   3024 root     I<   ib_mad1         [ib_mad1]
   3076 root     I<   kworker/145:1H- [kworker/145:1H-kblockd]
   3085 root     I<   kworker/122:1H- [kworker/122:1H-kblockd]
   3089 root     I<   kworker/17:1H-k [kworker/17:1H-kblockd]
   3096 root     I<   aicore_info_wq  [aicore_info_wq]
   3105 root     I<   dev3_sq_send_wq [dev3_sq_send_wq]
   3107 root     I<   dev3_sq_fair_wq [dev3_sq_fair_wq]
   3109 root     D    dev3_sq_task    [dev3_sq_task]
   3110 root     I<   heart_beat_work [heart_beat_work]
   3117 root     I<   dev1_sq_send_wq [dev1_sq_send_wq]
   3118 root     I<   dev1_sq_fair_wq [dev1_sq_fair_wq]
   3119 root     D    dev1_sq_task    [dev1_sq_task]
   3120 root     I<   heart_beat_work [heart_beat_work]
   3132 root     I<   dev0_sq_send_wq [dev0_sq_send_wq]
   3133 root     I<   dev0_sq_fair_wq [dev0_sq_fair_wq]
   3134 root     D    dev0_sq_task    [dev0_sq_task]
   3135 root     I<   heart_beat_work [heart_beat_work]
   3136 root     I<   dev4_sq_send_wq [dev4_sq_send_wq]
   3137 root     I<   dev4_sq_fair_wq [dev4_sq_fair_wq]
   3138 root     D    dev4_sq_task    [dev4_sq_task]
   3139 root     I<   heart_beat_work [heart_beat_work]
   3165 root     I<   dev6_sq_send_wq [dev6_sq_send_wq]
   3166 root     I<   dev6_sq_fair_wq [dev6_sq_fair_wq]
   3167 root     D    dev6_sq_task    [dev6_sq_task]
   3168 root     I<   heart_beat_work [heart_beat_work]
   3169 root     I<   dev5_sq_send_wq [dev5_sq_send_wq]
   3170 root     I<   dev5_sq_fair_wq [dev5_sq_fair_wq]
   3171 root     D    dev5_sq_task    [dev5_sq_task]
   3172 root     I<   heart_beat_work [heart_beat_work]
   3174 root     I<   dev2_sq_send_wq [dev2_sq_send_wq]
   3175 root     I<   dev2_sq_fair_wq [dev2_sq_fair_wq]
   3176 root     D    dev2_sq_task    [dev2_sq_task]
   3177 root     I<   heart_beat_work [heart_beat_work]
   3178 root     I<   dev7_sq_send_wq [dev7_sq_send_wq]
   3179 root     I<   dev7_sq_fair_wq [dev7_sq_fair_wq]
   3180 root     D    dev7_sq_task    [dev7_sq_task]
   3181 root     I<   heart_beat_work [heart_beat_work]
   3186 root     I<   aicore_info_wq  [aicore_info_wq]
   3237 wangjie+ S    ping            ping -n -W 3000 -c 1 -s 56 www.trae.cn
   3241 root     I<   aicore_info_wq  [aicore_info_wq]
   3293 root     I<   kworker/37:1H-k [kworker/37:1H-kblockd]
   3306 root     I<   aicore_info_wq  [aicore_info_wq]
   3369 root     I<   aicore_info_wq  [aicore_info_wq]
   3434 root     I<   aicore_info_wq  [aicore_info_wq]
   3519 root     I<   aicore_info_wq  [aicore_info_wq]
   3597 root     I<   aicore_info_wq  [aicore_info_wq]
   3707 root     I<   kworker/5:1H-kb [kworker/5:1H-kblockd]
   4720 root     I<   kworker/159:1H- [kworker/159:1H-kblockd]
   5031 root     Ss   cron            /usr/sbin/cron -f -P
   5032 message+ Ss   dbus-daemon     @dbus-daemon --system --address=systemd: --nofork --nopidfile --systemd-activation --syslog-only
   5033 root     I<   kworker/184:1H- [kworker/184:1H-kblockd]
   5034 root     I<   kworker/185:1H- [kworker/185:1H-kblockd]
   5048 root     Ss   networkd-dispat /usr/bin/python3 /usr/bin/networkd-dispatcher --run-startup-triggers
   5066 root     I<   kworker/174:1H- [kworker/174:1H-kblockd]
   5069 root     I<   kworker/170:1H- [kworker/170:1H-kblockd]
   5077 root     I<   kworker/171:1H- [kworker/171:1H-kblockd]
   5083 root     I<   kworker/180:1H- [kworker/180:1H-kblockd]
   5106 root     I<   kworker/160:1H- [kworker/160:1H-kblockd]
   5111 root     I<   kworker/176:1H- [kworker/176:1H-kblockd]
   5212 root     I<   kworker/178:1H- [kworker/178:1H-kblockd]
   5215 root     I<   kworker/172:1H- [kworker/172:1H-kblockd]
   5217 root     I<   kworker/169:1H- [kworker/169:1H-kblockd]
   5231 root     I<   kworker/168:1H- [kworker/168:1H-kblockd]
   5250 root     I<   kworker/173:1H- [kworker/173:1H-kblockd]
   5277 root     I<   kworker/175:1H- [kworker/175:1H-kblockd]
   5283 root     I<   kworker/177:1H- [kworker/177:1H-kblockd]
   5294 root     I<   kworker/182:1H- [kworker/182:1H-kblockd]
   5314 root     I<   kworker/188:1H- [kworker/188:1H-kblockd]
   5315 root     Ss+  agetty          /sbin/agetty -o -p -- \u --noclear tty1 linux
   5328 root     Ssl  unattended-upgr /usr/bin/python3 /usr/share/unattended-upgrades/unattended-upgrade-shutdown --wait-for-signal
   5337 root     I<   kworker/179:1H- [kworker/179:1H-kblockd]
   5401 root     I<   kworker/161:1H- [kworker/161:1H-kblockd]
   5585 root     I<   kworker/111:1H- [kworker/111:1H-kblockd]
   5666 root     I<   kworker/162:1H- [kworker/162:1H-kblockd]
   5741 root     I<   kworker/164:1H- [kworker/164:1H-kblockd]
   5750 root     I<   kworker/87:1H-k [kworker/87:1H-kblockd]
   5752 root     I<   kworker/181:1H- [kworker/181:1H-kblockd]
   5755 root     I<   kworker/167:1H- [kworker/167:1H-kblockd]
   5780 root     I<   kworker/88:1H-k [kworker/88:1H-kblockd]
   5854 root     I<   kworker/92:1H-k [kworker/92:1H-kblockd]
   5864 root     I<   kworker/165:1H- [kworker/165:1H-kblockd]
   5867 root     I<   kworker/186:1H- [kworker/186:1H-kblockd]
   5868 root     I<   kworker/39:1H-k [kworker/39:1H-kblockd]
   6480 root     I<   kworker/151:1H- [kworker/151:1H-kblockd]
   6535 root     I<   kworker/93:1H-k [kworker/93:1H-kblockd]
   6563 root     I<   kworker/163:1H- [kworker/163:1H-kblockd]
   6565 root     I<   kworker/166:1H- [kworker/166:1H-kblockd]
   6566 root     I<   kworker/97:1H-k [kworker/97:1H-kblockd]
   6729 root     I<   kworker/183:1H- [kworker/183:1H-kblockd]
   6811 root     I<   kworker/120:1H- [kworker/120:1H-kblockd]
   6820 root     I<   kworker/98:1H-k [kworker/98:1H-kblockd]
   6821 root     I<   kworker/99:1H-k [kworker/99:1H-kblockd]
   8925 root     I<   kworker/102:1H- [kworker/102:1H-kblockd]
   8938 root     I<   kworker/100:1H- [kworker/100:1H-kblockd]
   8992 hxw      Ss+  watch           watch -n 2 npu-smi info
   9113 root     I<   kworker/62:1H-k [kworker/62:1H-kblockd]
   9615 root     I<   kworker/18:1H-k [kworker/18:1H-kblockd]
   9661 root     I<   kworker/119:1H- [kworker/119:1H-kblockd]
  10112 root     I<   kworker/112:1H- [kworker/112:1H-kblockd]
  10204 root     I<   kworker/106:1H- [kworker/106:1H-kblockd]
  11203 root     I<   kworker/101:1H- [kworker/101:1H-kblockd]
  11697 root     I<   kworker/114:1H- [kworker/114:1H-kblockd]
  11698 root     I<   kworker/115:1H- [kworker/115:1H-kblockd]
  11699 root     I<   kworker/116:1H- [kworker/116:1H-kblockd]
  11770 root     I<   kworker/108:1H- [kworker/108:1H-kblockd]
  11821 root     I<   kworker/143:1H- [kworker/143:1H-kblockd]
  11822 root     I<   kworker/57:1H-k [kworker/57:1H-kblockd]
  12954 root     I<   kworker/121:1H- [kworker/121:1H-kblockd]
  14746 root     I<   kworker/33:1H-k [kworker/33:1H-kblockd]
  14748 root     I<   kworker/61:1H-k [kworker/61:1H-kblockd]
  14750 root     I<   kworker/123:1H- [kworker/123:1H-kblockd]
  15360 root     I<   kworker/110:1H- [kworker/110:1H-kblockd]
  20129 root     I<   kworker/142:1H- [kworker/142:1H-kblockd]
  21894 root     I<   kworker/71:1H-k [kworker/71:1H-kblockd]
  25772 root     I<   kworker/132:1H- [kworker/132:1H-kblockd]
  25846 root     I<   kworker/113:1H- [kworker/113:1H-kblockd]
  35688 root     I<   kworker/66:1H-k [kworker/66:1H-kblockd]
  35692 root     I<   kworker/70:1H-k [kworker/70:1H-kblockd]
  35842 zhangka+ Ssl  code-1b6a188127 /home/data4t1/zhangkaijie/.vscode-server/code-1b6a188127eeaf9194f945eb6eb89a657e93c54c --cli-data-dir /home/data4t1/zhangkaijie/.vscode-server/cli agent host
  36238 root     I<   kworker/59:1H-k [kworker/59:1H-kblockd]
  36379 root     I<   kworker/64:1H-k [kworker/64:1H-kblockd]
  42801 root     I    kworker/177:1-e [kworker/177:1-events]
  46248 root     I    kworker/u391:1- [kworker/u391:1-events_unbound]
  50249 root     I<   kworker/u393:0- [kworker/u393:0-dev1_sq_send_wq]
  53820 root     I    kworker/100:0-m [kworker/100:0-mm_percpu_wq]
  55581 root     I    kworker/73:1-mm [kworker/73:1-mm_percpu_wq]
  59860 root     I    kworker/190:2-e [kworker/190:2-events]
  66478 zhongzi+ Ssl  code-08d4889f9e /home/data4t1/zhongziyang/.vscode-server/code-08d4889f9ec4a1685d257b9b95de036c8e1ce1e5 --cli-data-dir /home/data4t1/zhongziyang/.vscode-server/cli agent host
  67463 hxw      Ssl  sshfs           .tools/sshfs-root/usr/bin/sshfs 84090_2:/data/hxw .remote-hxw-data -o reconnect,ServerAliveInterval=15,ServerAliveCountMax=3
  69501 zhangka+ Ssl  code-520fb30b2d /home/data4t1/zhangkaijie/.vscode-server/code-520fb30b2d3d324b4cb2342f6e88e2cd93751de1 --cli-data-dir /home/data4t1/zhangkaijie/.vscode-server/cli agent host
  78479 root     I    kworker/109:0-m [kworker/109:0-mm_percpu_wq]
  82370 root     Sl   containerd-shim /usr/bin/containerd-shim-runc-v2 -namespace moby -id cec0cae50831ccc521fc820326962aeff955ba2726e6934a3b78a8ea77c94d67 -address /run/containerd/containerd.sock
  82397 root     Ssl  vllm            /usr/local/python3.12.13/bin/python3 /usr/local/python3.12.13/bin/vllm serve /models/Qwen3.8-27B-w8a8 --host 0.0.0.0 --port 9001 --tensor-parallel-size 4 --quantization ascend --served-model-name qwen3.8 --max-model-len 256000 --max-num-seqs 8 --max-num-batched-tokens 8192 --gpu-memory-utilization 0.90 --enable-prefix-caching --trust-remote-code --reasoning-parser qwen3 --enable-auto-tool-choice --tool-call-parser qwen3_coder
  83328 root     Sl   containerd-shim /usr/bin/containerd-shim-runc-v2 -namespace moby -id a287b40ec9cf7d229b5137e3d5669f5bf297ded7d2011a19761278ae5ec0fba5 -address /run/containerd/containerd.sock
  83352 root     Ssl  vllm            /usr/local/python3.12.13/bin/python3 /usr/local/python3.12.13/bin/vllm serve /models/Qwen3.8-27B-w8a8 --host 0.0.0.0 --port 9002 --tensor-parallel-size 2 --quantization ascend --served-model-name qwen3.8 --max-model-len 256000 --max-num-seqs 8 --max-num-batched-tokens 8192 --gpu-memory-utilization 0.90 --enable-prefix-caching --trust-remote-code --reasoning-parser qwen3 --enable-auto-tool-choice --tool-call-parser qwen3_coder
  85799 root     I<   kworker/68:1H-k [kworker/68:1H-kblockd]
  87335 root     S    python3         /usr/local/python3.12.13/bin/python3 -c from multiprocessing.resource_tracker import main;main(35)
  87669 root     S    python3         /usr/local/python3.12.13/bin/python3 -c from multiprocessing.resource_tracker import main;main(35)
  87670 root     Rl   VLLM::EngineCor VLLM::EngineCore
  89395 root     Z    VLLM: <defunct> [VLLM::Worker_TP] <defunct>
  89602 root     Sl   VLLM::Worker_TP VLLM::Worker_TP0
  91055 root     Z    VLLM: <defunct> [VLLM::Worker_TP] <defunct>
  91228 root     Sl   VLLM::Worker_TP VLLM::Worker_TP1
  92417 root     I    kworker/149:0-e [kworker/149:0-events]
  92813 root     Z    VLLM: <defunct> [VLLM::Worker_TP] <defunct>
  93948 root     I    kworker/185:2-e [kworker/185:2-events]
  95970 root     Sl   python3         /usr/local/python3.12.13/bin/python3 -c from multiprocessing.spawn import spawn_main; spawn_main(tracker_fd=36, pipe_handle=88) --multiprocessing-fork
  96143 root     Sl   python3         /usr/local/python3.12.13/bin/python3 -c from multiprocessing.spawn import spawn_main; spawn_main(tracker_fd=36, pipe_handle=77) --multiprocessing-fork
  96830 root     S    python3         /usr/local/python3.12.13/bin/python3 -c from multiprocessing.forkserver import main; main(85, 87, [], **{})
  96834 root     I<   kworker/127:1H- [kworker/127:1H-kblockd]
  96848 root     S    python3         /usr/local/python3.12.13/bin/python3 -c from multiprocessing.forkserver import main; main(85, 87, [], **{})
  96849 root     S    python3         /usr/local/python3.12.13/bin/python3 -c from multiprocessing.forkserver import main; main(85, 87, [], **{})
  96850 root     S    python3         /usr/local/python3.12.13/bin/python3 -c from multiprocessing.forkserver import main; main(85, 87, [], **{})
  96851 root     S    python3         /usr/local/python3.12.13/bin/python3 -c from multiprocessing.forkserver import main; main(85, 87, [], **{})
  96853 root     S    python3         /usr/local/python3.12.13/bin/python3 -c from multiprocessing.forkserver import main; main(85, 87, [], **{})
  96854 root     S    python3         /usr/local/python3.12.13/bin/python3 -c from multiprocessing.forkserver import main; main(85, 87, [], **{})
  96855 root     S    python3         /usr/local/python3.12.13/bin/python3 -c from multiprocessing.forkserver import main; main(85, 87, [], **{})
  96856 root     S    python3         /usr/local/python3.12.13/bin/python3 -c from multiprocessing.forkserver import main; main(85, 87, [], **{})
  96857 root     S    python3         /usr/local/python3.12.13/bin/python3 -c from multiprocessing.forkserver import main; main(85, 87, [], **{})
  96891 root     S    python3         /usr/local/python3.12.13/bin/python3 -c from multiprocessing.forkserver import main; main(85, 87, [], **{})
  96892 root     S    python3         /usr/local/python3.12.13/bin/python3 -c from multiprocessing.forkserver import main; main(85, 87, [], **{})
  96893 root     S    python3         /usr/local/python3.12.13/bin/python3 -c from multiprocessing.forkserver import main; main(85, 87, [], **{})
  96894 root     S    python3         /usr/local/python3.12.13/bin/python3 -c from multiprocessing.forkserver import main; main(85, 87, [], **{})
  96895 root     S    python3         /usr/local/python3.12.13/bin/python3 -c from multiprocessing.forkserver import main; main(85, 87, [], **{})
  96896 root     S    python3         /usr/local/python3.12.13/bin/python3 -c from multiprocessing.forkserver import main; main(85, 87, [], **{})
  96897 root     S    python3         /usr/local/python3.12.13/bin/python3 -c from multiprocessing.forkserver import main; main(85, 87, [], **{})
  96898 root     S    python3         /usr/local/python3.12.13/bin/python3 -c from multiprocessing.forkserver import main; main(85, 87, [], **{})
  97110 root     S    python3         /usr/local/python3.12.13/bin/python3 -c from multiprocessing.forkserver import main; main(74, 76, [], **{})
  97116 root     S    python3         /usr/local/python3.12.13/bin/python3 -c from multiprocessing.forkserver import main; main(74, 76, [], **{})
  97118 root     S    python3         /usr/local/python3.12.13/bin/python3 -c from multiprocessing.forkserver import main; main(74, 76, [], **{})
  97120 root     S    python3         /usr/local/python3.12.13/bin/python3 -c from multiprocessing.forkserver import main; main(74, 76, [], **{})
  97121 root     S    python3         /usr/local/python3.12.13/bin/python3 -c from multiprocessing.forkserver import main; main(74, 76, [], **{})
  97122 root     S    python3         /usr/local/python3.12.13/bin/python3 -c from multiprocessing.forkserver import main; main(74, 76, [], **{})
  97123 root     S    python3         /usr/local/python3.12.13/bin/python3 -c from multiprocessing.forkserver import main; main(74, 76, [], **{})
  97124 root     S    python3         /usr/local/python3.12.13/bin/python3 -c from multiprocessing.forkserver import main; main(74, 76, [], **{})
  97125 root     S    python3         /usr/local/python3.12.13/bin/python3 -c from multiprocessing.forkserver import main; main(74, 76, [], **{})
  97126 root     S    python3         /usr/local/python3.12.13/bin/python3 -c from multiprocessing.forkserver import main; main(74, 76, [], **{})
  97157 root     S    python3         /usr/local/python3.12.13/bin/python3 -c from multiprocessing.forkserver import main; main(74, 76, [], **{})
  97158 root     S    python3         /usr/local/python3.12.13/bin/python3 -c from multiprocessing.forkserver import main; main(74, 76, [], **{})
  97159 root     S    python3         /usr/local/python3.12.13/bin/python3 -c from multiprocessing.forkserver import main; main(74, 76, [], **{})
  97160 root     S    python3         /usr/local/python3.12.13/bin/python3 -c from multiprocessing.forkserver import main; main(74, 76, [], **{})
  97161 root     S    python3         /usr/local/python3.12.13/bin/python3 -c from multiprocessing.forkserver import main; main(74, 76, [], **{})
  97163 root     S    python3         /usr/local/python3.12.13/bin/python3 -c from multiprocessing.forkserver import main; main(74, 76, [], **{})
  97166 root     S    python3         /usr/local/python3.12.13/bin/python3 -c from multiprocessing.forkserver import main; main(74, 76, [], **{})
  97169 root     S    python3         /usr/local/python3.12.13/bin/python3 -c from multiprocessing.forkserver import main; main(74, 76, [], **{})
 100247 root     Z    pytho <defunct> [python3] <defunct>
 100272 root     Z    pytho <defunct> [python3] <defunct>
 100372 root     Sl   python3         /usr/local/python3.12.13/bin/python3 -c from multiprocessing.spawn import spawn_main; spawn_main(tracker_fd=36, pipe_handle=85) --multiprocessing-fork
 100434 root     Z    pytho <defunct> [python3] <defunct>
 101149 root     Z    pytho <defunct> [python3] <defunct>
 101158 root     Z    pytho <defunct> [python3] <defunct>
 101161 root     Z    pytho <defunct> [python3] <defunct>
 101163 root     Z    pytho <defunct> [python3] <defunct>
 101164 root     Z    pytho <defunct> [python3] <defunct>
 101220 root     Z    pytho <defunct> [python3] <defunct>
 101222 root     Z    pytho <defunct> [python3] <defunct>
 101223 root     Z    pytho <defunct> [python3] <defunct>
 101224 root     Z    pytho <defunct> [python3] <defunct>
 101225 root     Z    pytho <defunct> [python3] <defunct>
 101226 root     Z    pytho <defunct> [python3] <defunct>
 101227 root     Z    pytho <defunct> [python3] <defunct>
 101228 root     Z    pytho <defunct> [python3] <defunct>
 101229 root     Z    pytho <defunct> [python3] <defunct>
 101230 root     Z    pytho <defunct> [python3] <defunct>
 101267 root     Z    pytho <defunct> [python3] <defunct>
 101268 root     Z    pytho <defunct> [python3] <defunct>
 101269 root     Z    pytho <defunct> [python3] <defunct>
 101270 root     Z    pytho <defunct> [python3] <defunct>
 101271 root     Z    pytho <defunct> [python3] <defunct>
 101272 root     Z    pytho <defunct> [python3] <defunct>
 101273 root     Z    pytho <defunct> [python3] <defunct>
 101274 root     Z    pytho <defunct> [python3] <defunct>
 101463 root     S    python3         /usr/local/python3.12.13/bin/python3 -c from multiprocessing.forkserver import main; main(82, 84, [], **{})
 101467 root     S    python3         /usr/local/python3.12.13/bin/python3 -c from multiprocessing.forkserver import main; main(82, 84, [], **{})
 101468 root     S    python3         /usr/local/python3.12.13/bin/python3 -c from multiprocessing.forkserver import main; main(82, 84, [], **{})
 101469 root     S    python3         /usr/local/python3.12.13/bin/python3 -c from multiprocessing.forkserver import main; main(82, 84, [], **{})
 101470 root     S    python3         /usr/local/python3.12.13/bin/python3 -c from multiprocessing.forkserver import main; main(82, 84, [], **{})
 101471 root     S    python3         /usr/local/python3.12.13/bin/python3 -c from multiprocessing.forkserver import main; main(82, 84, [], **{})
 101472 root     S    python3         /usr/local/python3.12.13/bin/python3 -c from multiprocessing.forkserver import main; main(82, 84, [], **{})
 101473 root     S    python3         /usr/local/python3.12.13/bin/python3 -c from multiprocessing.forkserver import main; main(82, 84, [], **{})
 101474 root     S    python3         /usr/local/python3.12.13/bin/python3 -c from multiprocessing.forkserver import main; main(82, 84, [], **{})
 101475 root     S    python3         /usr/local/python3.12.13/bin/python3 -c from multiprocessing.forkserver import main; main(82, 84, [], **{})
 102072 root     Z    pytho <defunct> [python3] <defunct>
 102203 root     Z    pytho <defunct> [python3] <defunct>
 102204 root     Z    pytho <defunct> [python3] <defunct>
 102205 root     Z    pytho <defunct> [python3] <defunct>
 102206 root     Z    pytho <defunct> [python3] <defunct>
 102207 root     Z    pytho <defunct> [python3] <defunct>
 102208 root     Z    pytho <defunct> [python3] <defunct>
 102209 root     Z    pytho <defunct> [python3] <defunct>
 102210 root     Z    pytho <defunct> [python3] <defunct>
 102211 root     Z    pytho <defunct> [python3] <defunct>
 102261 root     Z    pytho <defunct> [python3] <defunct>
 102262 root     Z    pytho <defunct> [python3] <defunct>
 102263 root     Z    pytho <defunct> [python3] <defunct>
 102264 root     Z    pytho <defunct> [python3] <defunct>
 102265 root     Z    pytho <defunct> [python3] <defunct>
 102266 root     Z    pytho <defunct> [python3] <defunct>
 102267 root     Z    pytho <defunct> [python3] <defunct>
 102268 root     Z    pytho <defunct> [python3] <defunct>
 106344 root     I    kworker/120:0-e [kworker/120:0-events]
 128501 root     I<   kworker/130:1H- [kworker/130:1H-kblockd]
 128520 root     I<   kworker/133:1H- [kworker/133:1H-kblockd]
 128566 root     I<   kworker/140:1H- [kworker/140:1H-kblockd]
 128629 root     I<   kworker/134:1H- [kworker/134:1H-kblockd]
 129034 root     I<   kworker/126:1H- [kworker/126:1H-kblockd]
 130624 root     I<   kworker/128:1H- [kworker/128:1H-kblockd]
 130745 root     I<   kworker/139:1H- [kworker/139:1H-kblockd]
 130901 root     I<   kworker/129:1H- [kworker/129:1H-kblockd]
 130961 root     I    kworker/191:2-m [kworker/191:2-mm_percpu_wq]
 134214 root     I    kworker/u384:5- [kworker/u384:5-dev0_sq_fair_wq]
 145418 root     I<   kworker/138:1H- [kworker/138:1H-kblockd]
 146714 root     Ss   sshd            sshd: wangjielei [priv]
 146831 root     I<   kworker/131:1H- [kworker/131:1H-kblockd]
 146968 wangjie+ S    sshd            sshd: wangjielei@notty
 146970 wangjie+ Ss   sh              sh
 146993 wangjie+ Sl   code-a44adf7f53 /home/data4t1/wangjielei/.vscode-server/code-a44adf7f53e00964ab890f9f8758a334f1fc15bc command-shell --cli-data-dir /home/data4t1/wangjielei/.vscode-server/cli --parent-process-id 146970 --on-host=127.0.0.1 --on-port
 151967 root     I    kworker/62:2-mm [kworker/62:2-mm_percpu_wq]
 155898 hxw      Ssl  codex           codex app-server proxy
 162845 root     I    kworker/12:2-ev [kworker/12:2-events]
 165220 root     I    kworker/183:2-m [kworker/183:2-mm_percpu_wq]
 165354 root     I<   kworker/69:1H-k [kworker/69:1H-kblockd]
 172365 root     I    kworker/181:0-e [kworker/181:0-events]
 176865 root     S<sl auditd          /sbin/auditd
 198776 root     I    kworker/84:1-mm [kworker/84:1-mm_percpu_wq]
 199312 root     I<   kworker/67:1H-k [kworker/67:1H-kblockd]
 201056 root     I    kworker/u385:7- [kworker/u385:7-events_power_efficient]
 205609 root     I    kworker/75:2-ev [kworker/75:2-events]
 212706 root     I    kworker/70:2-mm [kworker/70:2-mm_percpu_wq]
 217059 root     I    kworker/168:1-m [kworker/168:1-mm_percpu_wq]
 220856 root     I    kworker/146:1-e [kworker/146:1-events]
 222883 root     I    kworker/85:2-ev [kworker/85:2-events]
 223403 hxw      Ssl  sshfs           .tools/sshfs-root/usr/bin/sshfs 84090_2:/data/hxw/workspace/Open-MOPD .remote-open-mopd -o reconnect,ServerAliveInterval=15,ServerAliveCountMax=3
 224808 root     I    kworker/160:2-p [kworker/160:2-pcie_msg_workqueue]
 234312 root     I    kworker/u384:3- [kworker/u384:3-dev0_sq_fair_wq]
 234612 root     I    kworker/179:1-e [kworker/179:1-events]
 237886 root     I    kworker/130:0   [kworker/130:0]
 239676 hxw      Sl+  nputop          /home/data4t1/hxw/anaconda3/bin/python3.10 /home/data4t1/hxw/anaconda3/bin/nputop
 250860 root     I    kworker/172:2-e [kworker/172:2-events]
 251890 wangjie+ S+   bash            bash /home/data4t2/czhDir/PromptKD/scripts/coop/long_tail_comparison.sh cifar100 longtail 1 0.1
 251891 wangjie+ S+   tee             tee -a /home/data4t2/czhDir/PromptKD/output/part_c_reliability_cov_tiny_vit/5m_1k/cifar100/seed1_if0.1/gated_kappa32_nu8_drift0_cov0.05_min2_eps1e-8/launcher.log
 251901 wangjie+ Rl+  python          /home/data4t1/wangjielei/anaconda3/envs/dassl/bin/python train.py --root /home/data4t2/czhDir/data --seed 1 --trainer CoOpPartCReliabilityCovTinyViT --dataset-config-file configs/datasets/cifar100_lt_if0.1.yaml --config-file configs/trainers/CoOp/vit_b16_ep130_part_c_reliability_cov_tiny_vit.yaml --output-dir /home/data4t2/czhDir/PromptKD/output/part_c_reliability_cov_tiny_vit/5m_1k/cifar100/seed1_if0.1/gated_kappa32_nu8_drift0_cov0.05_min2_eps1e-8 DATASET.NUM_SHOTS -1 DATASET.CIFAR100_LT.IMB_FACTOR 0.1 DATASET.CIFAR100_LT.SEED 0 DATALOADER.TRAIN_X.SAMPLER RandomSampler DATALOADER.TEST.BATCH_SIZE 16 OPTIM.MAX_EPOCH 130 TRAINER.COOP_THREE_STAGE_CSC.CSC_START_EPOCH 55 TRAINER.COOP_THREE_STAGE_CSC.PHASE2_LR 0.001 TRAINER.COOP_THREE_STAGE_CSC.PHASE3_LR 0.01 TRAINER.COOP_THREE_STAGE_CSC.BETA 0.9999 TRAINER.COOP_THREE_STAGE_VIT.VARIANT 5m TRAINER.COOP_THREE_STAGE_VIT.PRETRAINED_TYPE 1k TRAINER.COOP_THREE_STAGE_VIT.STUDENT_LR 0.00005 TRAINER.COOP_PART_C.MODE gated TRAINER.COOP_PART_C.KAPPA 32.000000000000 TRAINER.COOP_PART_C_RELIABILITY.PRIOR_STRENGTH 8.000000000000 TRAINER.COOP_PART_C_RELIABILITY.EPS 1.000000000000e-08 TRAINER.COOP_PART_C_RELIABILITY.DRIFT_WEIGHT 0.000000000000 TRAINER.COOP_THREE_STAGE_CSC_RELATIVE_COV.WEIGHT 5.000000000000e-02 TRAINER.COOP_THREE_STAGE_CSC_RELATIVE_COV.MIN_SAMPLES 2 TRAINER.COOP_THREE_STAGE_CSC_RELATIVE_COV.EPS 1.000000000000e-08
 251987 root     I    kworker/55:2-ev [kworker/55:2-events]
 255851 root     I    kworker/91:1-mm [kworker/91:1-mm_percpu_wq]
 258803 wangjie+ Sl+  python          /home/data4t1/wangjielei/anaconda3/envs/dassl/bin/python train.py --root /home/data4t2/czhDir/data --seed 1 --trainer CoOpPartCReliabilityCovTinyViT --dataset-config-file configs/datasets/cifar100_lt_if0.1.yaml --config-file configs/trainers/CoOp/vit_b16_ep130_part_c_reliability_cov_tiny_vit.yaml --output-dir /home/data4t2/czhDir/PromptKD/output/part_c_reliability_cov_tiny_vit/5m_1k/cifar100/seed1_if0.1/gated_kappa32_nu8_drift0_cov0.05_min2_eps1e-8 DATASET.NUM_SHOTS -1 DATASET.CIFAR100_LT.IMB_FACTOR 0.1 DATASET.CIFAR100_LT.SEED 0 DATALOADER.TRAIN_X.SAMPLER RandomSampler DATALOADER.TEST.BATCH_SIZE 16 OPTIM.MAX_EPOCH 130 TRAINER.COOP_THREE_STAGE_CSC.CSC_START_EPOCH 55 TRAINER.COOP_THREE_STAGE_CSC.PHASE2_LR 0.001 TRAINER.COOP_THREE_STAGE_CSC.PHASE3_LR 0.01 TRAINER.COOP_THREE_STAGE_CSC.BETA 0.9999 TRAINER.COOP_THREE_STAGE_VIT.VARIANT 5m TRAINER.COOP_THREE_STAGE_VIT.PRETRAINED_TYPE 1k TRAINER.COOP_THREE_STAGE_VIT.STUDENT_LR 0.00005 TRAINER.COOP_PART_C.MODE gated TRAINER.COOP_PART_C.KAPPA 32.000000000000 TRAINER.COOP_PART_C_RELIABILITY.PRIOR_STRENGTH 8.000000000000 TRAINER.COOP_PART_C_RELIABILITY.EPS 1.000000000000e-08 TRAINER.COOP_PART_C_RELIABILITY.DRIFT_WEIGHT 0.000000000000 TRAINER.COOP_THREE_STAGE_CSC_RELATIVE_COV.WEIGHT 5.000000000000e-02 TRAINER.COOP_THREE_STAGE_CSC_RELATIVE_COV.MIN_SAMPLES 2 TRAINER.COOP_THREE_STAGE_CSC_RELATIVE_COV.EPS 1.000000000000e-08
 258889 wangjie+ S+   python          /home/data4t1/wangjielei/anaconda3/envs/dassl/bin/python -c from multiprocessing.resource_tracker import main;main(27)
 258890 wangjie+ S+   python          /home/data4t1/wangjielei/anaconda3/envs/dassl/bin/python -c from multiprocessing.forkserver import main; main(27, 30, [], **{})
 258899 wangjie+ Sl+  python          /home/data4t1/wangjielei/anaconda3/envs/dassl/bin/python -c from multiprocessing.forkserver import main; main(27, 30, [], **{})
 258900 wangjie+ Sl+  python          /home/data4t1/wangjielei/anaconda3/envs/dassl/bin/python -c from multiprocessing.forkserver import main; main(27, 30, [], **{})
 258901 wangjie+ Sl+  python          /home/data4t1/wangjielei/anaconda3/envs/dassl/bin/python -c from multiprocessing.forkserver import main; main(27, 30, [], **{})
 258902 wangjie+ Sl+  python          /home/data4t1/wangjielei/anaconda3/envs/dassl/bin/python -c from multiprocessing.forkserver import main; main(27, 30, [], **{})
 258903 wangjie+ Sl+  python          /home/data4t1/wangjielei/anaconda3/envs/dassl/bin/python -c from multiprocessing.forkserver import main; main(27, 30, [], **{})
 258904 wangjie+ Sl+  python          /home/data4t1/wangjielei/anaconda3/envs/dassl/bin/python -c from multiprocessing.forkserver import main; main(27, 30, [], **{})
 258905 wangjie+ Sl+  python          /home/data4t1/wangjielei/anaconda3/envs/dassl/bin/python -c from multiprocessing.forkserver import main; main(27, 30, [], **{})
 258906 wangjie+ Sl+  python          /home/data4t1/wangjielei/anaconda3/envs/dassl/bin/python -c from multiprocessing.forkserver import main; main(27, 30, [], **{})
 258907 wangjie+ Sl+  python          /home/data4t1/wangjielei/anaconda3/envs/dassl/bin/python -c from multiprocessing.forkserver import main; main(27, 30, [], **{})
 259155 wangjie+ Sl+  python          /home/data4t1/wangjielei/anaconda3/envs/dassl/bin/python -c from multiprocessing.forkserver import main; main(27, 30, [], **{})
 259156 wangjie+ Sl+  python          /home/data4t1/wangjielei/anaconda3/envs/dassl/bin/python -c from multiprocessing.forkserver import main; main(27, 30, [], **{})
 259157 wangjie+ Sl+  python          /home/data4t1/wangjielei/anaconda3/envs/dassl/bin/python -c from multiprocessing.forkserver import main; main(27, 30, [], **{})
 259158 wangjie+ Sl+  python          /home/data4t1/wangjielei/anaconda3/envs/dassl/bin/python -c from multiprocessing.forkserver import main; main(27, 30, [], **{})
 259159 wangjie+ Sl+  python          /home/data4t1/wangjielei/anaconda3/envs/dassl/bin/python -c from multiprocessing.forkserver import main; main(27, 30, [], **{})
 259160 wangjie+ Sl+  python          /home/data4t1/wangjielei/anaconda3/envs/dassl/bin/python -c from multiprocessing.forkserver import main; main(27, 30, [], **{})
 259161 wangjie+ Sl+  python          /home/data4t1/wangjielei/anaconda3/envs/dassl/bin/python -c from multiprocessing.forkserver import main; main(27, 30, [], **{})
 259162 wangjie+ Sl+  python          /home/data4t1/wangjielei/anaconda3/envs/dassl/bin/python -c from multiprocessing.forkserver import main; main(27, 30, [], **{})
 259163 wangjie+ Sl+  python          /home/data4t1/wangjielei/anaconda3/envs/dassl/bin/python -c from multiprocessing.forkserver import main; main(27, 30, [], **{})
 259164 wangjie+ Sl+  python          /home/data4t1/wangjielei/anaconda3/envs/dassl/bin/python -c from multiprocessing.forkserver import main; main(27, 30, [], **{})
 259165 wangjie+ Sl+  python          /home/data4t1/wangjielei/anaconda3/envs/dassl/bin/python -c from multiprocessing.forkserver import main; main(27, 30, [], **{})
 259166 wangjie+ Sl+  python          /home/data4t1/wangjielei/anaconda3/envs/dassl/bin/python -c from multiprocessing.forkserver import main; main(27, 30, [], **{})
 259167 wangjie+ Sl+  python          /home/data4t1/wangjielei/anaconda3/envs/dassl/bin/python -c from multiprocessing.forkserver import main; main(27, 30, [], **{})
 259168 wangjie+ Sl+  python          /home/data4t1/wangjielei/anaconda3/envs/dassl/bin/python -c from multiprocessing.forkserver import main; main(27, 30, [], **{})
 259169 wangjie+ Sl+  python          /home/data4t1/wangjielei/anaconda3/envs/dassl/bin/python -c from multiprocessing.forkserver import main; main(27, 30, [], **{})
 259170 wangjie+ Sl+  python          /home/data4t1/wangjielei/anaconda3/envs/dassl/bin/python -c from multiprocessing.forkserver import main; main(27, 30, [], **{})
 259171 wangjie+ Sl+  python          /home/data4t1/wangjielei/anaconda3/envs/dassl/bin/python -c from multiprocessing.forkserver import main; main(27, 30, [], **{})
 259172 wangjie+ Sl+  python          /home/data4t1/wangjielei/anaconda3/envs/dassl/bin/python -c from multiprocessing.forkserver import main; main(27, 30, [], **{})
 259173 wangjie+ Sl+  python          /home/data4t1/wangjielei/anaconda3/envs/dassl/bin/python -c from multiprocessing.forkserver import main; main(27, 30, [], **{})
 259174 wangjie+ Sl+  python          /home/data4t1/wangjielei/anaconda3/envs/dassl/bin/python -c from multiprocessing.forkserver import main; main(27, 30, [], **{})
 259175 wangjie+ Sl+  python          /home/data4t1/wangjielei/anaconda3/envs/dassl/bin/python -c from multiprocessing.forkserver import main; main(27, 30, [], **{})
 259176 wangjie+ Sl+  python          /home/data4t1/wangjielei/anaconda3/envs/dassl/bin/python -c from multiprocessing.forkserver import main; main(27, 30, [], **{})
 259177 wangjie+ Sl+  python          /home/data4t1/wangjielei/anaconda3/envs/dassl/bin/python -c from multiprocessing.forkserver import main; main(27, 30, [], **{})
 259178 wangjie+ Sl+  python          /home/data4t1/wangjielei/anaconda3/envs/dassl/bin/python -c from multiprocessing.forkserver import main; main(27, 30, [], **{})
 259179 wangjie+ Sl+  python          /home/data4t1/wangjielei/anaconda3/envs/dassl/bin/python -c from multiprocessing.forkserver import main; main(27, 30, [], **{})
 259180 wangjie+ Sl+  python          /home/data4t1/wangjielei/anaconda3/envs/dassl/bin/python -c from multiprocessing.forkserver import main; main(27, 30, [], **{})
 259181 wangjie+ Sl+  python          /home/data4t1/wangjielei/anaconda3/envs/dassl/bin/python -c from multiprocessing.forkserver import main; main(27, 30, [], **{})
 259182 wangjie+ Sl+  python          /home/data4t1/wangjielei/anaconda3/envs/dassl/bin/python -c from multiprocessing.forkserver import main; main(27, 30, [], **{})
 259183 wangjie+ Sl+  python          /home/data4t1/wangjielei/anaconda3/envs/dassl/bin/python -c from multiprocessing.forkserver import main; main(27, 30, [], **{})
 259184 wangjie+ Sl+  python          /home/data4t1/wangjielei/anaconda3/envs/dassl/bin/python -c from multiprocessing.forkserver import main; main(27, 30, [], **{})
 259185 wangjie+ Sl+  python          /home/data4t1/wangjielei/anaconda3/envs/dassl/bin/python -c from multiprocessing.forkserver import main; main(27, 30, [], **{})
 259186 wangjie+ Sl+  python          /home/data4t1/wangjielei/anaconda3/envs/dassl/bin/python -c from multiprocessing.forkserver import main; main(27, 30, [], **{})
 262547 root     I    kworker/99:1-mm [kworker/99:1-mm_percpu_wq]
 266901 root     I    kworker/186:2-e [kworker/186:2-events]
 271678 root     I    kworker/u387:3- [kworker/u387:3-hclge]
 273672 hxw      Ssl  sshfs           .tools/sshfs-root/usr/bin/sshfs 84090:/home/adaspace/.hxw/mopd-assets/runs/mathif-boundary12-20260928t0330z /home/data4t2/hxwDir/hxw_moved/.codex-mopd-control/mathif-boundary12-20260928t0330z -o ro,reconnect,ServerAliveInterval=15,ServerAliveCountMax=3
 273752 root     I    kworker/67:1-ev [kworker/67:1-events]
 273760 hxw      S    ssh             ssh -x -a -oClearAllForwardings=yes -oServerAliveInterval=15 -oServerAliveCountMax=3 -2 84090 -s sftp
 283162 root     I    kworker/171:2-e [kworker/171:2-events]
 290642 root     I    kworker/61:1-mm [kworker/61:1-mm_percpu_wq]
 302549 root     I    kworker/145:1-e [kworker/145:1-events]
 323750 hxw      Ssl  sshfs           .tools/sshfs-root/usr/bin/sshfs 84090:/home/adaspace/.hxw/mopd-assets/runs/mathif-boundary-analysis12-20260928t0337z /home/data4t2/hxwDir/hxw_moved/.codex-mopd-control/mathif-boundary-analysis12-20260928t0337z -o ro,reconnect,ServerAliveInterval=15,ServerAliveCountMax=3
 323774 hxw      S    ssh             ssh -x -a -oClearAllForwardings=yes -oServerAliveInterval=15 -oServerAliveCountMax=3 -2 84090 -s sftp
 331607 root     I    kworker/92:2-mm [kworker/92:2-mm_percpu_wq]
 335103 wangjie+ Sl   node-MainThread node /home/data4t1/wangjielei/.local/bin/codex -c features.code_mode_host=true app-server --listen unix://
 335120 wangjie+ Sl   codex           /home/data4t1/wangjielei/.local/lib/node_modules/@openai/codex/node_modules/@openai/codex-linux-arm64/vendor/aarch64-unknown-linux-musl/bin/codex -c features.code_mode_host=true app-server --listen unix://
 345559 wangjie+ S    sh              sh /home/data4t1/wangjielei/.vscode-server/cli/servers/Stable-7debcd0e2acdea1c52de81bf9ee1620444407dda/server/bin/code-server --connection-token=remotessh --accept-server-license-terms --agent-host-bridge-port=39829 --agent-host-bridge-host=127.0.0.1 --start-server --enable-remote-auto-shutdown --socket-path=/tmp/code-0c38c5ae-f258-4afd-a8d8-7dd67303b845
 345563 wangjie+ Sl   MainThread      /home/data4t1/wangjielei/.vscode-server/cli/servers/Stable-7debcd0e2acdea1c52de81bf9ee1620444407dda/server/node /home/data4t1/wangjielei/.vscode-server/cli/servers/Stable-7debcd0e2acdea1c52de81bf9ee1620444407dda/server/out/server-main.js --connection-token=remotessh --accept-server-license-terms --agent-host-bridge-port=39829 --agent-host-bridge-host=127.0.0.1 --start-server --enable-remote-auto-shutdown --socket-path=/tmp/code-0c38c5ae-f258-4afd-a8d8-7dd67303b845
 345660 wangjie+ S    sh              sh /home/data4t1/wangjielei/.vscode-server/cli/servers/Stable-a44adf7f53e00964ab890f9f8758a334f1fc15bc/server/bin/code-server --socket-path /tmp/code-9ecb7b13-1105-43ec-a4c9-cebc9dbfaa32 --agent-host-path /tmp/code-dc9e2ad3-ae4d-4f1e-b203-51368017a21f --start-server --accept-server-license-terms --enable-remote-auto-shutdown --without-connection-token
 345665 wangjie+ Sl   MainThread      /home/data4t1/wangjielei/.vscode-server/cli/servers/Stable-a44adf7f53e00964ab890f9f8758a334f1fc15bc/server/node /home/data4t1/wangjielei/.vscode-server/cli/servers/Stable-a44adf7f53e00964ab890f9f8758a334f1fc15bc/server/out/server-main.js --socket-path /tmp/code-9ecb7b13-1105-43ec-a4c9-cebc9dbfaa32 --agent-host-path /tmp/code-dc9e2ad3-ae4d-4f1e-b203-51368017a21f --start-server --accept-server-license-terms --enable-remote-auto-shutdown --without-connection-token
 347871 wangjie+ Sl   MainThread      /home/data4t1/wangjielei/.vscode-server/cli/servers/Stable-7debcd0e2acdea1c52de81bf9ee1620444407dda/server/node /home/data4t1/wangjielei/.vscode-server/cli/servers/Stable-7debcd0e2acdea1c52de81bf9ee1620444407dda/server/out/bootstrap-fork --type=ptyHost --logsPath /home/data4t1/wangjielei/.vscode-server/data/logs/20260917T052236
 348171 wangjie+ Sl   MainThread      /home/data4t1/wangjielei/.vscode-server/cli/servers/Stable-a44adf7f53e00964ab890f9f8758a334f1fc15bc/server/node /home/data4t1/wangjielei/.vscode-server/cli/servers/Stable-a44adf7f53e00964ab890f9f8758a334f1fc15bc/server/out/bootstrap-fork --type=agentHost --logsPath /home/data4t1/wangjielei/.vscode-server/data/logs/20260917T052237 --user-data-dir /home/data4t1/wangjielei/.vscode-server/data --telemetry-level all
 348551 wangjie+ Sl   MainThread      /home/data4t1/wangjielei/.vscode-server/cli/servers/Stable-a44adf7f53e00964ab890f9f8758a334f1fc15bc/server/node /home/data4t1/wangjielei/.vscode-server/cli/servers/Stable-a44adf7f53e00964ab890f9f8758a334f1fc15bc/server/node_modules/@github/copilot-linux-arm64/index.js --headless --no-auto-update --log-level info --stdio --no-auto-login
 359297 hxw      SNs  tmux: server    tmux -S /home/data4t1/hxw/.claude/jobs/9391153f/tmp/tmux-agent-sync-ara-progress.sock new-session -d -s agent -n work
 359770 hxw      SNs+ bash            -bash
 370610 root     I<   kworker/135:1H- [kworker/135:1H-kblockd]
 376817 root     I    kworker/u384:8- [kworker/u384:8-dev2_sq_fair_wq]
 377036 hxw      S+   python3.11      /home/data4t1/hxw/anaconda3/envs/opd/bin/python3.11 -u /home/data4t1/hxw/.hxw/inference.py --target-npus 4 --npu-ids 4 5 6 7 --model /home/data4t2/models/Qwen3-4B
 383714 root     I    kworker/59:0-mm [kworker/59:0-mm_percpu_wq]
 385503 root     I    kworker/176:0-e [kworker/176:0-events]
 390662 hxw      Ssl  sshfs           .tools/sshfs-root/usr/bin/sshfs 84090:/home/adaspace/.hxw/mopd-assets/runs/mathif-boundary-results12-20260928t0345z /home/data4t2/hxwDir/hxw_moved/.codex-mopd-control/mathif-boundary-results12-20260928t0345z -o ro,reconnect,ServerAliveInterval=15,ServerAliveCountMax=3
 390696 hxw      S    ssh             ssh -x -a -oClearAllForwardings=yes -oServerAliveInterval=15 -oServerAliveCountMax=3 -2 84090 -s sftp
 391598 root     I    kworker/164:2-e [kworker/164:2-events]
 401866 root     I    kworker/3:2-eve [kworker/3:2-events]
 404209 root     I    kworker/120:2-c [kworker/120:2-cgwb_release]
 418782 wangjie+ Ss   systemd         /lib/systemd/systemd --user
 418783 wangjie+ S    (sd-pam)        (sd-pam)
 418791 wangjie+ Ssl  pipewire        /usr/bin/pipewire
 418793 wangjie+ Ssl  pipewire-media- /usr/bin/pipewire-media-session
 418811 wangjie+ Ss   dbus-daemon     /usr/bin/dbus-daemon --session --address=systemd: --nofork --nopidfile --systemd-activation --syslog-only
 418993 root     I    kworker/188:0-m [kworker/188:0-mm_percpu_wq]
 421319 wangjie+ Ss   tmux: server    tmux new -s zgd
 421320 wangjie+ Ss+  bash            -bash
 422238 wangjie+ Sl   MainThread      /home/data4t1/wangjielei/.vscode-server/cli/servers/Stable-a44adf7f53e00964ab890f9f8758a334f1fc15bc/server/node --dns-result-order=ipv4first /home/data4t1/wangjielei/.vscode-server/cli/servers/Stable-a44adf7f53e00964ab890f9f8758a334f1fc15bc/server/out/bootstrap-fork --type=extensionHost --transformURIs --useHostProxy=false
 422297 wangjie+ Sl   MainThread      /home/data4t1/wangjielei/.vscode-server/cli/servers/Stable-a44adf7f53e00964ab890f9f8758a334f1fc15bc/server/node /home/data4t1/wangjielei/.vscode-server/cli/servers/Stable-a44adf7f53e00964ab890f9f8758a334f1fc15bc/server/out/bootstrap-fork --type=fileWatcher
 422749 wangjie+ Sl   pet             /home/data4t1/wangjielei/.vscode-server/extensions/ms-python.vscode-python-envs-1.38.0-linux-arm64/python-env-tools/bin/pet server
 423147 wangjie+ Sl   ruff            /home/data4t1/wangjielei/.vscode-server/extensions/charliermarsh.ruff-2026.84.0-linux-arm64/bundled/libs/bin/ruff server
 423504 wangjie+ Ss+  bash            /bin/bash --init-file /home/data4t1/wangjielei/.vscode-server/cli/servers/Stable-a44adf7f53e00964ab890f9f8758a334f1fc15bc/server/out/vs/workbench/contrib/terminal/common/scripts/shellIntegration-bash.sh
 426048 wangjie+ Sl   codex           /home/data4t1/wangjielei/.vscode-server/extensions/openai.chatgpt-26.1002.51308-linux-arm64/bin/linux-aarch64/codex -c features.code_mode_host=true app-server --analytics-default-enabled
 429326 root     I    kworker/81:0-mm [kworker/81:0-mm_percpu_wq]
 433183 root     I    kworker/184:1-e [kworker/184:1-events]
 434581 root     I<   kworker/136:1H- [kworker/136:1H-kblockd]
 439426 zhouxin+ Ss   bash            bash scripts/main.bash train 2344
 439427 zhouxin+ Sl   python3         python3 -m torch.distributed.launch --nproc_per_node=1 --master_port 2344 --use_env run.py --exp_name release --run-type train --exp-config scripts/iter_train.yaml SIMULATOR_GPU_IDS [0] TORCH_GPU_IDS [0] GPU_NUMBERS 1 NUM_ENVIRONMENTS 1 IL.iters 100000 IL.lr 1e-6 IL.log_every 1000 IL.ml_weight 1.0 IL.sample_ratio 0.8 IL.load_from_ckpt False IL.is_requeue False TASK_CONFIG.SIMULATOR.HABITAT_SIM_V0.ALLOW_SLIDING True
 439848 zhouxin+ Rl   python3         /home/data4t1/zhouxinyu/anaconda3/envs/dynam3d/bin/python3 -u run.py --exp_name release --run-type train --exp-config scripts/iter_train.yaml SIMULATOR_GPU_IDS [0] TORCH_GPU_IDS [0] GPU_NUMBERS 1 NUM_ENVIRONMENTS 1 IL.iters 100000 IL.lr 1e-6 IL.log_every 1000 IL.ml_weight 1.0 IL.sample_ratio 0.8 IL.load_from_ckpt False IL.is_requeue False TASK_CONFIG.SIMULATOR.HABITAT_SIM_V0.ALLOW_SLIDING True
 443076 zhouxin+ Sl   python3         /home/data4t1/zhouxinyu/anaconda3/envs/dynam3d/bin/python3 -u run.py --exp_name release --run-type train --exp-config scripts/iter_train.yaml SIMULATOR_GPU_IDS [0] TORCH_GPU_IDS [0] GPU_NUMBERS 1 NUM_ENVIRONMENTS 1 IL.iters 100000 IL.lr 1e-6 IL.log_every 1000 IL.ml_weight 1.0 IL.sample_ratio 0.8 IL.load_from_ckpt False IL.is_requeue False TASK_CONFIG.SIMULATOR.HABITAT_SIM_V0.ALLOW_SLIDING True
 443134 zhouxin+ S    python3         /home/data4t1/zhouxinyu/anaconda3/envs/dynam3d/bin/python3 -c from multiprocessing.resource_tracker import main;main(26)
 443152 zhouxin+ S    python3         /home/data4t1/zhouxinyu/anaconda3/envs/dynam3d/bin/python3 -c from multiprocessing.forkserver import main; main(26, 29, [], **{})
 443160 zhouxin+ S    python3         /home/data4t1/zhouxinyu/anaconda3/envs/dynam3d/bin/python3 -c from multiprocessing.forkserver import main; main(26, 29, [], **{})
 443161 zhouxin+ S    python3         /home/data4t1/zhouxinyu/anaconda3/envs/dynam3d/bin/python3 -c from multiprocessing.forkserver import main; main(26, 29, [], **{})
 443162 zhouxin+ S    python3         /home/data4t1/zhouxinyu/anaconda3/envs/dynam3d/bin/python3 -c from multiprocessing.forkserver import main; main(26, 29, [], **{})
 443163 zhouxin+ S    python3         /home/data4t1/zhouxinyu/anaconda3/envs/dynam3d/bin/python3 -c from multiprocessing.forkserver import main; main(26, 29, [], **{})
 443164 zhouxin+ S    python3         /home/data4t1/zhouxinyu/anaconda3/envs/dynam3d/bin/python3 -c from multiprocessing.forkserver import main; main(26, 29, [], **{})
 443165 zhouxin+ S    python3         /home/data4t1/zhouxinyu/anaconda3/envs/dynam3d/bin/python3 -c from multiprocessing.forkserver import main; main(26, 29, [], **{})
 443167 zhouxin+ S    python3         /home/data4t1/zhouxinyu/anaconda3/envs/dynam3d/bin/python3 -c from multiprocessing.forkserver import main; main(26, 29, [], **{})
 443168 zhouxin+ S    python3         /home/data4t1/zhouxinyu/anaconda3/envs/dynam3d/bin/python3 -c from multiprocessing.forkserver import main; main(26, 29, [], **{})
 443169 zhouxin+ S    python3         /home/data4t1/zhouxinyu/anaconda3/envs/dynam3d/bin/python3 -c from multiprocessing.forkserver import main; main(26, 29, [], **{})
 443203 zhouxin+ Sl   python3         /home/data4t1/zhouxinyu/anaconda3/envs/dynam3d/bin/python3 -c from multiprocessing.forkserver import main; main(26, 29, [], **{})
 443204 zhouxin+ S    python3         /home/data4t1/zhouxinyu/anaconda3/envs/dynam3d/bin/python3 -c from multiprocessing.forkserver import main; main(26, 29, [], **{})
 443205 zhouxin+ S    python3         /home/data4t1/zhouxinyu/anaconda3/envs/dynam3d/bin/python3 -c from multiprocessing.forkserver import main; main(26, 29, [], **{})
 443206 zhouxin+ Sl   python3         /home/data4t1/zhouxinyu/anaconda3/envs/dynam3d/bin/python3 -c from multiprocessing.forkserver import main; main(26, 29, [], **{})
 443207 zhouxin+ Sl   python3         /home/data4t1/zhouxinyu/anaconda3/envs/dynam3d/bin/python3 -c from multiprocessing.forkserver import main; main(26, 29, [], **{})
 443208 zhouxin+ Sl   python3         /home/data4t1/zhouxinyu/anaconda3/envs/dynam3d/bin/python3 -c from multiprocessing.forkserver import main; main(26, 29, [], **{})
 443209 zhouxin+ Sl   python3         /home/data4t1/zhouxinyu/anaconda3/envs/dynam3d/bin/python3 -c from multiprocessing.forkserver import main; main(26, 29, [], **{})
 443210 zhouxin+ Sl   python3         /home/data4t1/zhouxinyu/anaconda3/envs/dynam3d/bin/python3 -c from multiprocessing.forkserver import main; main(26, 29, [], **{})
 445659 root     I    kworker/u389:1- [kworker/u389:1-hclge]
 447859 root     I    kworker/u387:2- [kworker/u387:2-hclge]
 466411 root     I    kworker/176:1-e [kworker/176:1-events]
 468565 root     I    kworker/190:1-e [kworker/190:1-events]
 470297 root     Ssl  snapd           /snap/snapd/current/usr/lib/snapd/snapd
 475277 root     I    kworker/86:1-mm [kworker/86:1-mm_percpu_wq]
 484576 root     I    kworker/56:2-ev [kworker/56:2-events]
 491180 root     I    kworker/4:0-eve [kworker/4:0-events]
 495321 penghao+ Ssl  code-07f806f999 /home/data4t1/penghaoming/.vscode-server/code-07f806f999227108933c2e30515b26eecc1fda74 --cli-data-dir /home/data4t1/penghaoming/.vscode-server/cli agent host
 501084 root     I    kworker/78:2-mm [kworker/78:2-mm_percpu_wq]
 505878 root     I    kworker/11:2-mm [kworker/11:2-mm_percpu_wq]
 514189 root     I    kworker/u387:1- [kworker/u387:1-hclge]
 515282 root     I    kworker/166:1-e [kworker/166:1-events]
 516306 root     I    kworker/37:2-ev [kworker/37:2-events]
 517245 root     I    kworker/79:0-mm [kworker/79:0-mm_percpu_wq]
 525849 root     I    kworker/9:0-eve [kworker/9:0-events]
 530628 root     I    kworker/163:0-m [kworker/163:0-mm_percpu_wq]
 531969 hxw      Sl+  tensorboard     /home/data4t2/hxwDir/hxw_moved/conda_envs/opd/bin/python /home/data4t2/hxwDir/hxw_moved/conda_envs/opd/bin/tensorboard --logdir /home/data4t2/hxwDir/hxw_moved/opd-resources/runs/train --host 0.0.0.0 --port 6006
 539110 penghao+ Ss   systemd         /lib/systemd/systemd --user
 539111 penghao+ S    (sd-pam)        (sd-pam)
 539118 penghao+ Ssl  pipewire        /usr/bin/pipewire
 539126 penghao+ Ssl  pipewire-media- /usr/bin/pipewire-media-session
 539140 penghao+ Ss   dbus-daemon     /usr/bin/dbus-daemon --session --address=systemd: --nofork --nopidfile --systemd-activation --syslog-only
 550915 root     I    kworker/110:2-m [kworker/110:2-mm_percpu_wq]
 551616 wangjie+ Ss+  bash            /bin/bash --init-file /home/data4t1/wangjielei/.vscode-server/cli/servers/Stable-a44adf7f53e00964ab890f9f8758a334f1fc15bc/server/out/vs/workbench/contrib/terminal/common/scripts/shellIntegration-bash.sh
 558433 root     I    kworker/u385:6- [kworker/u385:6-flush-259:1]
 559782 root     I    kworker/u389:2- [kworker/u389:2-hclge]
 560916 root     I    kworker/13:1-ev [kworker/13:1-events]
 569055 root     I    kworker/72:2-mm [kworker/72:2-mm_percpu_wq]
 575182 root     I    kworker/95:0-mm [kworker/95:0-mm_percpu_wq]
 580528 root     I    kworker/56:0-mm [kworker/56:0-mm_percpu_wq]
 584029 root     I    kworker/125:2-e [kworker/125:2-events]
 587237 root     I    kworker/53:1-ev [kworker/53:1-events]
 590226 root     I    kworker/169:0-m [kworker/169:0-mm_percpu_wq]
 590283 root     I    kworker/68:2-mm [kworker/68:2-mm_percpu_wq]
 590300 root     I    kworker/u385:10 [kworker/u385:10-flush-259:1]
 594538 root     I    kworker/94:1-ev [kworker/94:1-events]
 594719 wangjie+ Ss   screen          SCREEN
 594720 wangjie+ Ss+  bash            /bin/bash
 595854 root     I    kworker/105:2-e [kworker/105:2-events]
 596584 wangjie+ Sl   codex-code-mode /home/data4t1/wangjielei/.vscode-server/extensions/openai.chatgpt-26.1002.51308-linux-arm64/bin/linux-aarch64/codex-code-mode-host
 602260 root     I    kworker/89:0-mm [kworker/89:0-mm_percpu_wq]
 603110 root     I    kworker/101:1-e [kworker/101:1-events]
 603792 root     I    kworker/80:0-ev [kworker/80:0-events]
 606217 root     I    kworker/157:0-p [kworker/157:0-pcie_msg_workqueue]
 608439 root     I    kworker/u386:1- [kworker/u386:1-events_unbound]
 612070 root     I    kworker/162:0-e [kworker/162:0-events]
 613135 root     I    kworker/30:0-mm [kworker/30:0-mm_percpu_wq]
 613484 root     I    kworker/46:0-ev [kworker/46:0-events]
 613503 root     I    kworker/33:1-mm [kworker/33:1-mm_percpu_wq]
 614427 root     I    kworker/111:2-c [kworker/111:2-cgroup_destroy]
 616678 root     I    kworker/117:1-e [kworker/117:1-events]
 619801 root     I    kworker/119:2-m [kworker/119:2-mm_percpu_wq]
 631094 root     I    kworker/31:2-ev [kworker/31:2-events]
 631659 root     I    kworker/38:1-ev [kworker/38:1-events]
 631687 wangjie+ Ss   screen          SCREEN
 631688 wangjie+ Ss+  bash            /bin/bash
 640280 root     I    kworker/165:0-m [kworker/165:0-mm_percpu_wq]
 642130 uuidd    Ss   uuidd           /usr/sbin/uuidd --socket-activation
 644507 hxw      Sl   tensorboard     /home/data4t1/hxw/anaconda3/envs/dfkd/bin/python3.10 /home/data4t1/hxw/anaconda3/envs/dfkd/bin/tensorboard --logdir=/home/data4t2/hxwDir/hxw_moved/dfkd/runs/datafree-nayer_df/ --port=6007 --bind_all
 645956 root     I    kworker/41:0-mm [kworker/41:0-mm_percpu_wq]
 648291 root     I    kworker/u391:0- [kworker/u391:0-flush-259:1]
 648652 root     I    kworker/17:2-ev [kworker/17:2-events]
 672460 root     I    kworker/173:2-m [kworker/173:2-mm_percpu_wq]
 673108 root     I    kworker/u385:9- [kworker/u385:9-flush-259:1]
 674429 root     I    kworker/66:2-ev [kworker/66:2-events]
 674975 root     I    kworker/74:0-mm [kworker/74:0-mm_percpu_wq]
 675220 root     I    kworker/23:3-ev [kworker/23:3-events]
 677477 root     I    kworker/64:1-mm [kworker/64:1-mm_percpu_wq]
 691851 root     I    kworker/39:2-ev [kworker/39:2-events]
 695204 root     I    kworker/63:2-ev [kworker/63:2-events]
 696290 root     I    kworker/24:2-ev [kworker/24:2-events]
 696669 root     I    kworker/62:0-ev [kworker/62:0-events]
 696939 root     Ss   sshd            sshd: duanguiduo [priv]
 697038 duangui+ S    sshd            sshd: duanguiduo
 698436 wangjie+ Ssl  code-f6cfa2ea24 /home/data4t1/wangjielei/.vscode-server/code-f6cfa2ea2403534de03f069bdf160d06451ed282 --cli-data-dir /home/data4t1/wangjielei/.vscode-server/cli agent host
 699217 root     I    kworker/90:1-mm [kworker/90:1-mm_percpu_wq]
 699218 root     I    kworker/u390:1- [kworker/u390:1-events_unbound]
 704649 root     I    kworker/127:1-m [kworker/127:1-mm_percpu_wq]
 706154 root     I<   kworker/u393:7- [kworker/u393:7-dev0_sq_send_wq]
 708714 root     I    kworker/96:2-ev [kworker/96:2-events]
 709178 root     I    kworker/14:1-ev [kworker/14:1-events]
 711862 root     I    kworker/70:0-mm [kworker/70:0-mm_percpu_wq]
 712007 root     I    kworker/47:2-ev [kworker/47:2-events]
 712239 root     I    kworker/35:0-mm [kworker/35:0-mm_percpu_wq]
 713504 root     I    kworker/21:0-mm [kworker/21:0-mm_percpu_wq]
 715483 root     I    kworker/u384:2- [kworker/u384:2-dev2_sq_fair_wq]
 716399 root     I    kworker/u392:0- [kworker/u392:0-events_unbound]
 716425 root     I    kworker/75:1-ev [kworker/75:1-events]
 716817 root     I    kworker/77:0-ev [kworker/77:0-events]
 717932 root     I    kworker/u385:4- [kworker/u385:4-flush-259:1]
 728353 root     I    kworker/28:2-ev [kworker/28:2-events]
 732416 root     I    kworker/20:1-ev [kworker/20:1-events]
 734158 root     I    kworker/44:2-mm [kworker/44:2-mm_percpu_wq]
 737345 root     I    kworker/10:0-pc [kworker/10:0-pcie_msg_workqueue]
 741269 root     I    kworker/59:1-mm [kworker/59:1-mm_percpu_wq]
 744484 root     I    kworker/83:0-mm [kworker/83:0-mm_percpu_wq]
 749165 root     I    kworker/71:2-mm [kworker/71:2-mm_percpu_wq]
 752867 root     I    kworker/164:0-e [kworker/164:0-events]
 758663 root     I    kworker/u386:0- [kworker/u386:0-events_unbound]
 759449 hxw      Sl   mihomo          /home/data4t1/hxw/clashctl/bin/mihomo -d /home/data4t1/hxw/clashctl/resources -f /home/data4t1/hxw/clashctl/resources/runtime.yaml
 760942 root     I    kworker/27:1-mm [kworker/27:1-mm_percpu_wq]
 760995 root     I    kworker/122:0-e [kworker/122:0-events]
 763268 root     I    kworker/65:1-ev [kworker/65:1-events]
 763853 root     I    kworker/98:0-ev [kworker/98:0-events]
 764427 root     Ssl  polkitd         /usr/libexec/polkitd --no-debug
 764432 root     Ssl  ModemManager    /usr/sbin/ModemManager
 769428 root     I    kworker/159:0-e [kworker/159:0-events]
 770552 root     I    kworker/29:0-mm [kworker/29:0-mm_percpu_wq]
 773630 root     I    kworker/167:1-m [kworker/167:1-mm_percpu_wq]
 775524 root     I    kworker/88:1-ev [kworker/88:1-events]
 776153 root     I    kworker/153:1-e [kworker/153:1-events]
 777455 root     I    kworker/165:1-c [kworker/165:1-cgroup_destroy]
 779124 root     I    kworker/155:2-m [kworker/155:2-mm_percpu_wq]
 782403 root     I    kworker/103:2-m [kworker/103:2-mm_percpu_wq]
 782549 root     I    kworker/51:1-ev [kworker/51:1-events]
 784027 root     I    kworker/u388:1- [kworker/u388:1-events_unbound]
 784482 root     I<   kworker/u393:4- [kworker/u393:4-dev2_sq_send_wq]
 785802 root     I    kworker/u385:0- [kworker/u385:0-flush-259:0]
 786218 root     I    kworker/115:0-e [kworker/115:0-events]
 792726 root     I    kworker/32:1-mm [kworker/32:1-mm_percpu_wq]
 793347 root     I    kworker/166:0-e [kworker/166:0-events]
 796795 root     I    kworker/18:0-mm [kworker/18:0-mm_percpu_wq]
 798097 root     I    kworker/19:1-ev [kworker/19:1-events]
 799244 root     I    kworker/180:2-e [kworker/180:2-events]
 799339 root     I    kworker/184:2-e [kworker/184:2-events]
 799976 root     I    kworker/174:1-m [kworker/174:1-mm_percpu_wq]
 802138 root     I    kworker/188:2-m [kworker/188:2-mm_percpu_wq]
 803971 root     I    kworker/107:2-m [kworker/107:2-mm_percpu_wq]
 807242 root     I    kworker/189:0-e [kworker/189:0-events]
 807249 root     I    kworker/112:1-m [kworker/112:1-mm_percpu_wq]
 809795 root     I    kworker/186:0-e [kworker/186:0-events]
 809796 root     I    kworker/187:1-e [kworker/187:1-events]
 810424 root     I    kworker/172:1-e [kworker/172:1-events]
 812266 root     I    kworker/170:1-e [kworker/170:1-events]
 812288 root     I    kworker/169:2-e [kworker/169:2-events]
 813032 root     I    kworker/104:1-e [kworker/104:1-events]
 813501 root     I    kworker/8:0-eve [kworker/8:0-events]
 818459 hxw      Ss   ssh             /usr/bin/ssh -o ControlMaster=auto -o ControlPersist=1800 -o ControlPath=/home/data4t1/hxw/Remote_84090/opd/.ssh-control-%C 84090_2 CE_GPU=5 bash /data/hxw/mopd-assets/code-snapshots/final-mopd-test12-math-20261008t2020z/scripts/local/context_eval.sh /data/hxw/mopd-assets/runs/final-mopd-test12-math-20261008t2020z --stage generate
 818555 hxw      Ss   ssh             /usr/bin/ssh -o ControlMaster=auto -o ControlPersist=1800 -o ControlPath=/home/data4t1/hxw/Remote_84090/opd/.ssh-control-%C 84090_2 CC_GPU=4 bash /data/hxw/mopd-assets/code-snapshots/final-mopd-test12-code-20261008t2020z/scripts/local/context_code_eval.sh final-mopd-test12-code-20261008t2020z generate
 819764 root     I    kworker/152:2-m [kworker/152:2-mm_percpu_wq]
 821645 root     I    kworker/171:0-m [kworker/171:0-mm_percpu_wq]
 821748 root     I    kworker/97:2-ev [kworker/97:2-events]
 825678 root     I    kworker/22:0-ev [kworker/22:0-events]
 827926 root     I    kworker/144:1-e [kworker/144:1-events]
 828858 root     I    kworker/93:2-mm [kworker/93:2-mm_percpu_wq]
 828888 root     I    kworker/114:1-p [kworker/114:1-pcie_msg_workqueue]
 830470 root     I    kworker/u391:2- [kworker/u391:2-flush-259:0]
 831990 root     I    kworker/181:2-m [kworker/181:2-mm_percpu_wq]
 832500 root     I    kworker/34:0-ev [kworker/34:0-events]
 833559 root     I    kworker/106:0-p [kworker/106:0-pcie_msg_workqueue]
 834089 root     I    kworker/26:0-mm [kworker/26:0-mm_percpu_wq]
 839647 root     I    kworker/148:0-m [kworker/148:0-mm_percpu_wq]
 840201 hxw      Ss   ssh             ssh: /home/data4t1/hxw/Remote_84090/opd/.ssh-control-7199f74ee0c0db20176fc8c568a8bf4f9cff754c [mux]
 841506 root     I    kworker/177:0-m [kworker/177:0-mm_percpu_wq]
 841514 root     I    kworker/u385:3- [kworker/u385:3-flush-259:1]
 841609 root     I    kworker/96:0-mm [kworker/96:0-mm_percpu_wq]
 845355 root     I    kworker/147:0-e [kworker/147:0-events]
 846227 root     I    kworker/36:0-mm [kworker/36:0-mm_percpu_wq]
 846446 root     I    kworker/25:1-mm [kworker/25:1-mm_percpu_wq]
 848403 root     I    kworker/68:0-mm [kworker/68:0-mm_percpu_wq]
 849747 root     I    kworker/u384:1- [kworker/u384:1-dev2_sq_fair_wq]
 850115 root     I    kworker/6:1-eve [kworker/6:1-events]
 850244 root     I    kworker/7:0-eve [kworker/7:0-events]
 851182 root     I    kworker/16:0-ev [kworker/16:0-events]
 851861 root     I    kworker/21:1-ev [kworker/21:1-events]
 852671 root     I    kworker/2:0-cgw [kworker/2:0-cgwb_release]
 853052 root     I    kworker/43:0-mm [kworker/43:0-mm_percpu_wq]
 853866 root     I    kworker/u385:5- [kworker/u385:5-flush-8:0]
 855159 root     I    kworker/57:2    [kworker/57:2]
 855702 root     I    kworker/158:0-m [kworker/158:0-mm_percpu_wq]
 855861 avahi    Ss   avahi-daemon    avahi-daemon: running [hwnput3.local]
 855862 avahi    S    avahi-daemon    avahi-daemon: chroot helper
 856157 root     I    kworker/17:0-mm [kworker/17:0-mm_percpu_wq]
 856885 root     I    kworker/63:0-mm [kworker/63:0-mm_percpu_wq]
 857087 root     I    kworker/45:1-ev [kworker/45:1-events]
 857791 root     I    kworker/5:0-eve [kworker/5:0-events]
 858293 root     I    kworker/54:1-ev [kworker/54:1-events]
 859430 root     I    kworker/101:2-e [kworker/101:2-events]
 859656 root     I    kworker/103:0-e [kworker/103:0-events]
 859880 root     I    kworker/40:2-ev [kworker/40:2-events]
 861028 root     I    kworker/108:0-e [kworker/108:0-events]
 862073 root     I    kworker/86:2-mm [kworker/86:2-mm_percpu_wq]
 862443 root     I    kworker/31:0-mm [kworker/31:0-mm_percpu_wq]
 862567 hxw      Ss   ssh             /usr/bin/ssh -o ControlMaster=auto -o ControlPersist=1800 -o ControlPath=/home/data4t1/hxw/Remote_84090/opd/.ssh-control-%C 84090_2 nvidia-smi --id=3 --query-gpu=index,uuid,name,memory.used,utilization.gpu --format=csv > /data/hxw/mopd-assets/runs/final-dev-mopd12-math-20261008t2045z/meta/generation-gpu.csv && nohup env CE_GPU=3 bash /data/hxw/mopd-assets/code-snapshots/final-dev-mopd12-math-20261008t2045z/scripts/local/context_eval.sh /data/hxw/mopd-assets/runs/final-dev-mopd12-math-20261008t2045z --stage generate > /data/hxw/mopd-assets/runs/final-dev-mopd12-math-20261008t2045z/logs/generate.log 2>&1 < /dev/null & printf "%s\n" "$!" > /data/hxw/mopd-assets/runs/final-dev-mopd12-math-20261008t2045z/meta/generation.pid
 863276 root     I    kworker/77:1-mm [kworker/77:1-mm_percpu_wq]
 866596 root     I    kworker/u392:1- [kworker/u392:1-events_unbound]
 866717 root     I    kworker/15:1-ev [kworker/15:1-events]
 867481 root     I    kworker/24:0-mm [kworker/24:0-mm_percpu_wq]
 869149 root     I    kworker/u392:3- [kworker/u392:3-events_unbound]
 869710 root     I    kworker/185:0-e [kworker/185:0-events]
 870175 root     I    kworker/23:1-mm [kworker/23:1-mm_percpu_wq]
 871236 root     I    kworker/65:0-mm [kworker/65:0-mm_percpu_wq]
 871489 root     I    kworker/168:2-m [kworker/168:2-mm_percpu_wq]
 873676 root     I    kworker/42:0-ev [kworker/42:0-events]
 876633 root     I    kworker/47:0-ev [kworker/47:0-events]
 877335 root     I    kworker/0:1-pci [kworker/0:1-pcie_msg_workqueue]
 877421 root     I    kworker/53:0-ev [kworker/53:0-events]
 877819 root     I    kworker/32:0-ev [kworker/32:0-events]
 880949 root     I    kworker/29:1-mm [kworker/29:1-mm_percpu_wq]
 881622 root     I    kworker/79:2-mm [kworker/79:2-mm_percpu_wq]
 882250 root     I    kworker/87:2-ev [kworker/87:2-events]
 882436 root     I    kworker/179:0-e [kworker/179:0-events]
 884810 root     I    kworker/22:1-mm [kworker/22:1-mm_percpu_wq]
 885141 root     I    kworker/84:2-ev [kworker/84:2-events]
 887068 root     I    kworker/u390:0- [kworker/u390:0-events_unbound]
 887940 root     I    kworker/35:1-mm [kworker/35:1-mm_percpu_wq]
 890331 root     I    kworker/105:0-e [kworker/105:0-events]
 890366 root     I    kworker/52:0-ev [kworker/52:0-events]
 894507 root     I    kworker/88:2-mm [kworker/88:2-mm_percpu_wq]
 894606 root     I    kworker/34:1-mm [kworker/34:1-mm_percpu_wq]
 894677 root     I    kworker/1:1-eve [kworker/1:1-events]
 897512 root     I    kworker/73:0-ev [kworker/73:0-events]
 897513 root     I    kworker/76:1-ev [kworker/76:1-events]
 897817 root     I    kworker/30:2-ev [kworker/30:2-events]
 898129 root     I    kworker/u387:4- [kworker/u387:4-hclge]
 898511 root     I    kworker/55:1-ev [kworker/55:1-events]
 900111 root     I    kworker/85:1-mm [kworker/85:1-mm_percpu_wq]
 900450 root     I    kworker/14:2-mm [kworker/14:2-mm_percpu_wq]
 900734 root     I    kworker/182:1-e [kworker/182:1-events]
 901001 root     I    kworker/114:2-p [kworker/114:2-pcie_msg_workqueue]
 901432 root     I    kworker/26:2-mm [kworker/26:2-mm_percpu_wq]
 902584 root     I    kworker/44:0-ev [kworker/44:0-events]
 903082 root     I    kworker/110:0-m [kworker/110:0-mm_percpu_wq]
 904136 root     I    kworker/12:1-ev [kworker/12:1-events]
 905158 root     I    kworker/160:0-p [kworker/160:0-pcie_msg_workqueue]
 905302 root     I    kworker/157:1-p [kworker/157:1-pcie_msg_workqueue]
 905330 root     I    kworker/u389:4- [kworker/u389:4-hclge]
 906431 wangjie+ Sl+  pt_data_worker  /home/data4t1/wangjielei/anaconda3/envs/dassl/bin/python train.py --root /home/data4t2/czhDir/data --seed 1 --trainer CoOpPartCReliabilityCovTinyViT --dataset-config-file configs/datasets/cifar100_lt_if0.1.yaml --config-file configs/trainers/CoOp/vit_b16_ep130_part_c_reliability_cov_tiny_vit.yaml --output-dir /home/data4t2/czhDir/PromptKD/output/part_c_reliability_cov_tiny_vit/5m_1k/cifar100/seed1_if0.1/gated_kappa32_nu8_drift0_cov0.05_min2_eps1e-8 DATASET.NUM_SHOTS -1 DATASET.CIFAR100_LT.IMB_FACTOR 0.1 DATASET.CIFAR100_LT.SEED 0 DATALOADER.TRAIN_X.SAMPLER RandomSampler DATALOADER.TEST.BATCH_SIZE 16 OPTIM.MAX_EPOCH 130 TRAINER.COOP_THREE_STAGE_CSC.CSC_START_EPOCH 55 TRAINER.COOP_THREE_STAGE_CSC.PHASE2_LR 0.001 TRAINER.COOP_THREE_STAGE_CSC.PHASE3_LR 0.01 TRAINER.COOP_THREE_STAGE_CSC.BETA 0.9999 TRAINER.COOP_THREE_STAGE_VIT.VARIANT 5m TRAINER.COOP_THREE_STAGE_VIT.PRETRAINED_TYPE 1k TRAINER.COOP_THREE_STAGE_VIT.STUDENT_LR 0.00005 TRAINER.COOP_PART_C.MODE gated TRAINER.COOP_PART_C.KAPPA 32.000000000000 TRAINER.COOP_PART_C_RELIABILITY.PRIOR_STRENGTH 8.000000000000 TRAINER.COOP_PART_C_RELIABILITY.EPS 1.000000000000e-08 TRAINER.COOP_PART_C_RELIABILITY.DRIFT_WEIGHT 0.000000000000 TRAINER.COOP_THREE_STAGE_CSC_RELATIVE_COV.WEIGHT 5.000000000000e-02 TRAINER.COOP_THREE_STAGE_CSC_RELATIVE_COV.MIN_SAMPLES 2 TRAINER.COOP_THREE_STAGE_CSC_RELATIVE_COV.EPS 1.000000000000e-08
 906459 root     I    kworker/3:0-eve [kworker/3:0-events]
 906463 wangjie+ Sl+  pt_data_worker  /home/data4t1/wangjielei/anaconda3/envs/dassl/bin/python train.py --root /home/data4t2/czhDir/data --seed 1 --trainer CoOpPartCReliabilityCovTinyViT --dataset-config-file configs/datasets/cifar100_lt_if0.1.yaml --config-file configs/trainers/CoOp/vit_b16_ep130_part_c_reliability_cov_tiny_vit.yaml --output-dir /home/data4t2/czhDir/PromptKD/output/part_c_reliability_cov_tiny_vit/5m_1k/cifar100/seed1_if0.1/gated_kappa32_nu8_drift0_cov0.05_min2_eps1e-8 DATASET.NUM_SHOTS -1 DATASET.CIFAR100_LT.IMB_FACTOR 0.1 DATASET.CIFAR100_LT.SEED 0 DATALOADER.TRAIN_X.SAMPLER RandomSampler DATALOADER.TEST.BATCH_SIZE 16 OPTIM.MAX_EPOCH 130 TRAINER.COOP_THREE_STAGE_CSC.CSC_START_EPOCH 55 TRAINER.COOP_THREE_STAGE_CSC.PHASE2_LR 0.001 TRAINER.COOP_THREE_STAGE_CSC.PHASE3_LR 0.01 TRAINER.COOP_THREE_STAGE_CSC.BETA 0.9999 TRAINER.COOP_THREE_STAGE_VIT.VARIANT 5m TRAINER.COOP_THREE_STAGE_VIT.PRETRAINED_TYPE 1k TRAINER.COOP_THREE_STAGE_VIT.STUDENT_LR 0.00005 TRAINER.COOP_PART_C.MODE gated TRAINER.COOP_PART_C.KAPPA 32.000000000000 TRAINER.COOP_PART_C_RELIABILITY.PRIOR_STRENGTH 8.000000000000 TRAINER.COOP_PART_C_RELIABILITY.EPS 1.000000000000e-08 TRAINER.COOP_PART_C_RELIABILITY.DRIFT_WEIGHT 0.000000000000 TRAINER.COOP_THREE_STAGE_CSC_RELATIVE_COV.WEIGHT 5.000000000000e-02 TRAINER.COOP_THREE_STAGE_CSC_RELATIVE_COV.MIN_SAMPLES 2 TRAINER.COOP_THREE_STAGE_CSC_RELATIVE_COV.EPS 1.000000000000e-08
 906491 wangjie+ Sl+  pt_data_worker  /home/data4t1/wangjielei/anaconda3/envs/dassl/bin/python train.py --root /home/data4t2/czhDir/data --seed 1 --trainer CoOpPartCReliabilityCovTinyViT --dataset-config-file configs/datasets/cifar100_lt_if0.1.yaml --config-file configs/trainers/CoOp/vit_b16_ep130_part_c_reliability_cov_tiny_vit.yaml --output-dir /home/data4t2/czhDir/PromptKD/output/part_c_reliability_cov_tiny_vit/5m_1k/cifar100/seed1_if0.1/gated_kappa32_nu8_drift0_cov0.05_min2_eps1e-8 DATASET.NUM_SHOTS -1 DATASET.CIFAR100_LT.IMB_FACTOR 0.1 DATASET.CIFAR100_LT.SEED 0 DATALOADER.TRAIN_X.SAMPLER RandomSampler DATALOADER.TEST.BATCH_SIZE 16 OPTIM.MAX_EPOCH 130 TRAINER.COOP_THREE_STAGE_CSC.CSC_START_EPOCH 55 TRAINER.COOP_THREE_STAGE_CSC.PHASE2_LR 0.001 TRAINER.COOP_THREE_STAGE_CSC.PHASE3_LR 0.01 TRAINER.COOP_THREE_STAGE_CSC.BETA 0.9999 TRAINER.COOP_THREE_STAGE_VIT.VARIANT 5m TRAINER.COOP_THREE_STAGE_VIT.PRETRAINED_TYPE 1k TRAINER.COOP_THREE_STAGE_VIT.STUDENT_LR 0.00005 TRAINER.COOP_PART_C.MODE gated TRAINER.COOP_PART_C.KAPPA 32.000000000000 TRAINER.COOP_PART_C_RELIABILITY.PRIOR_STRENGTH 8.000000000000 TRAINER.COOP_PART_C_RELIABILITY.EPS 1.000000000000e-08 TRAINER.COOP_PART_C_RELIABILITY.DRIFT_WEIGHT 0.000000000000 TRAINER.COOP_THREE_STAGE_CSC_RELATIVE_COV.WEIGHT 5.000000000000e-02 TRAINER.COOP_THREE_STAGE_CSC_RELATIVE_COV.MIN_SAMPLES 2 TRAINER.COOP_THREE_STAGE_CSC_RELATIVE_COV.EPS 1.000000000000e-08
 906521 wangjie+ Sl+  pt_data_worker  /home/data4t1/wangjielei/anaconda3/envs/dassl/bin/python train.py --root /home/data4t2/czhDir/data --seed 1 --trainer CoOpPartCReliabilityCovTinyViT --dataset-config-file configs/datasets/cifar100_lt_if0.1.yaml --config-file configs/trainers/CoOp/vit_b16_ep130_part_c_reliability_cov_tiny_vit.yaml --output-dir /home/data4t2/czhDir/PromptKD/output/part_c_reliability_cov_tiny_vit/5m_1k/cifar100/seed1_if0.1/gated_kappa32_nu8_drift0_cov0.05_min2_eps1e-8 DATASET.NUM_SHOTS -1 DATASET.CIFAR100_LT.IMB_FACTOR 0.1 DATASET.CIFAR100_LT.SEED 0 DATALOADER.TRAIN_X.SAMPLER RandomSampler DATALOADER.TEST.BATCH_SIZE 16 OPTIM.MAX_EPOCH 130 TRAINER.COOP_THREE_STAGE_CSC.CSC_START_EPOCH 55 TRAINER.COOP_THREE_STAGE_CSC.PHASE2_LR 0.001 TRAINER.COOP_THREE_STAGE_CSC.PHASE3_LR 0.01 TRAINER.COOP_THREE_STAGE_CSC.BETA 0.9999 TRAINER.COOP_THREE_STAGE_VIT.VARIANT 5m TRAINER.COOP_THREE_STAGE_VIT.PRETRAINED_TYPE 1k TRAINER.COOP_THREE_STAGE_VIT.STUDENT_LR 0.00005 TRAINER.COOP_PART_C.MODE gated TRAINER.COOP_PART_C.KAPPA 32.000000000000 TRAINER.COOP_PART_C_RELIABILITY.PRIOR_STRENGTH 8.000000000000 TRAINER.COOP_PART_C_RELIABILITY.EPS 1.000000000000e-08 TRAINER.COOP_PART_C_RELIABILITY.DRIFT_WEIGHT 0.000000000000 TRAINER.COOP_THREE_STAGE_CSC_RELATIVE_COV.WEIGHT 5.000000000000e-02 TRAINER.COOP_THREE_STAGE_CSC_RELATIVE_COV.MIN_SAMPLES 2 TRAINER.COOP_THREE_STAGE_CSC_RELATIVE_COV.EPS 1.000000000000e-08
 906575 wangjie+ Sl+  pt_data_worker  /home/data4t1/wangjielei/anaconda3/envs/dassl/bin/python train.py --root /home/data4t2/czhDir/data --seed 1 --trainer CoOpPartCReliabilityCovTinyViT --dataset-config-file configs/datasets/cifar100_lt_if0.1.yaml --config-file configs/trainers/CoOp/vit_b16_ep130_part_c_reliability_cov_tiny_vit.yaml --output-dir /home/data4t2/czhDir/PromptKD/output/part_c_reliability_cov_tiny_vit/5m_1k/cifar100/seed1_if0.1/gated_kappa32_nu8_drift0_cov0.05_min2_eps1e-8 DATASET.NUM_SHOTS -1 DATASET.CIFAR100_LT.IMB_FACTOR 0.1 DATASET.CIFAR100_LT.SEED 0 DATALOADER.TRAIN_X.SAMPLER RandomSampler DATALOADER.TEST.BATCH_SIZE 16 OPTIM.MAX_EPOCH 130 TRAINER.COOP_THREE_STAGE_CSC.CSC_START_EPOCH 55 TRAINER.COOP_THREE_STAGE_CSC.PHASE2_LR 0.001 TRAINER.COOP_THREE_STAGE_CSC.PHASE3_LR 0.01 TRAINER.COOP_THREE_STAGE_CSC.BETA 0.9999 TRAINER.COOP_THREE_STAGE_VIT.VARIANT 5m TRAINER.COOP_THREE_STAGE_VIT.PRETRAINED_TYPE 1k TRAINER.COOP_THREE_STAGE_VIT.STUDENT_LR 0.00005 TRAINER.COOP_PART_C.MODE gated TRAINER.COOP_PART_C.KAPPA 32.000000000000 TRAINER.COOP_PART_C_RELIABILITY.PRIOR_STRENGTH 8.000000000000 TRAINER.COOP_PART_C_RELIABILITY.EPS 1.000000000000e-08 TRAINER.COOP_PART_C_RELIABILITY.DRIFT_WEIGHT 0.000000000000 TRAINER.COOP_THREE_STAGE_CSC_RELATIVE_COV.WEIGHT 5.000000000000e-02 TRAINER.COOP_THREE_STAGE_CSC_RELATIVE_COV.MIN_SAMPLES 2 TRAINER.COOP_THREE_STAGE_CSC_RELATIVE_COV.EPS 1.000000000000e-08
 906607 wangjie+ Sl+  pt_data_worker  /home/data4t1/wangjielei/anaconda3/envs/dassl/bin/python train.py --root /home/data4t2/czhDir/data --seed 1 --trainer CoOpPartCReliabilityCovTinyViT --dataset-config-file configs/datasets/cifar100_lt_if0.1.yaml --config-file configs/trainers/CoOp/vit_b16_ep130_part_c_reliability_cov_tiny_vit.yaml --output-dir /home/data4t2/czhDir/PromptKD/output/part_c_reliability_cov_tiny_vit/5m_1k/cifar100/seed1_if0.1/gated_kappa32_nu8_drift0_cov0.05_min2_eps1e-8 DATASET.NUM_SHOTS -1 DATASET.CIFAR100_LT.IMB_FACTOR 0.1 DATASET.CIFAR100_LT.SEED 0 DATALOADER.TRAIN_X.SAMPLER RandomSampler DATALOADER.TEST.BATCH_SIZE 16 OPTIM.MAX_EPOCH 130 TRAINER.COOP_THREE_STAGE_CSC.CSC_START_EPOCH 55 TRAINER.COOP_THREE_STAGE_CSC.PHASE2_LR 0.001 TRAINER.COOP_THREE_STAGE_CSC.PHASE3_LR 0.01 TRAINER.COOP_THREE_STAGE_CSC.BETA 0.9999 TRAINER.COOP_THREE_STAGE_VIT.VARIANT 5m TRAINER.COOP_THREE_STAGE_VIT.PRETRAINED_TYPE 1k TRAINER.COOP_THREE_STAGE_VIT.STUDENT_LR 0.00005 TRAINER.COOP_PART_C.MODE gated TRAINER.COOP_PART_C.KAPPA 32.000000000000 TRAINER.COOP_PART_C_RELIABILITY.PRIOR_STRENGTH 8.000000000000 TRAINER.COOP_PART_C_RELIABILITY.EPS 1.000000000000e-08 TRAINER.COOP_PART_C_RELIABILITY.DRIFT_WEIGHT 0.000000000000 TRAINER.COOP_THREE_STAGE_CSC_RELATIVE_COV.WEIGHT 5.000000000000e-02 TRAINER.COOP_THREE_STAGE_CSC_RELATIVE_COV.MIN_SAMPLES 2 TRAINER.COOP_THREE_STAGE_CSC_RELATIVE_COV.EPS 1.000000000000e-08
 906671 wangjie+ Sl+  pt_data_worker  /home/data4t1/wangjielei/anaconda3/envs/dassl/bin/python train.py --root /home/data4t2/czhDir/data --seed 1 --trainer CoOpPartCReliabilityCovTinyViT --dataset-config-file configs/datasets/cifar100_lt_if0.1.yaml --config-file configs/trainers/CoOp/vit_b16_ep130_part_c_reliability_cov_tiny_vit.yaml --output-dir /home/data4t2/czhDir/PromptKD/output/part_c_reliability_cov_tiny_vit/5m_1k/cifar100/seed1_if0.1/gated_kappa32_nu8_drift0_cov0.05_min2_eps1e-8 DATASET.NUM_SHOTS -1 DATASET.CIFAR100_LT.IMB_FACTOR 0.1 DATASET.CIFAR100_LT.SEED 0 DATALOADER.TRAIN_X.SAMPLER RandomSampler DATALOADER.TEST.BATCH_SIZE 16 OPTIM.MAX_EPOCH 130 TRAINER.COOP_THREE_STAGE_CSC.CSC_START_EPOCH 55 TRAINER.COOP_THREE_STAGE_CSC.PHASE2_LR 0.001 TRAINER.COOP_THREE_STAGE_CSC.PHASE3_LR 0.01 TRAINER.COOP_THREE_STAGE_CSC.BETA 0.9999 TRAINER.COOP_THREE_STAGE_VIT.VARIANT 5m TRAINER.COOP_THREE_STAGE_VIT.PRETRAINED_TYPE 1k TRAINER.COOP_THREE_STAGE_VIT.STUDENT_LR 0.00005 TRAINER.COOP_PART_C.MODE gated TRAINER.COOP_PART_C.KAPPA 32.000000000000 TRAINER.COOP_PART_C_RELIABILITY.PRIOR_STRENGTH 8.000000000000 TRAINER.COOP_PART_C_RELIABILITY.EPS 1.000000000000e-08 TRAINER.COOP_PART_C_RELIABILITY.DRIFT_WEIGHT 0.000000000000 TRAINER.COOP_THREE_STAGE_CSC_RELATIVE_COV.WEIGHT 5.000000000000e-02 TRAINER.COOP_THREE_STAGE_CSC_RELATIVE_COV.MIN_SAMPLES 2 TRAINER.COOP_THREE_STAGE_CSC_RELATIVE_COV.EPS 1.000000000000e-08
 906701 wangjie+ Sl+  pt_data_worker  /home/data4t1/wangjielei/anaconda3/envs/dassl/bin/python train.py --root /home/data4t2/czhDir/data --seed 1 --trainer CoOpPartCReliabilityCovTinyViT --dataset-config-file configs/datasets/cifar100_lt_if0.1.yaml --config-file configs/trainers/CoOp/vit_b16_ep130_part_c_reliability_cov_tiny_vit.yaml --output-dir /home/data4t2/czhDir/PromptKD/output/part_c_reliability_cov_tiny_vit/5m_1k/cifar100/seed1_if0.1/gated_kappa32_nu8_drift0_cov0.05_min2_eps1e-8 DATASET.NUM_SHOTS -1 DATASET.CIFAR100_LT.IMB_FACTOR 0.1 DATASET.CIFAR100_LT.SEED 0 DATALOADER.TRAIN_X.SAMPLER RandomSampler DATALOADER.TEST.BATCH_SIZE 16 OPTIM.MAX_EPOCH 130 TRAINER.COOP_THREE_STAGE_CSC.CSC_START_EPOCH 55 TRAINER.COOP_THREE_STAGE_CSC.PHASE2_LR 0.001 TRAINER.COOP_THREE_STAGE_CSC.PHASE3_LR 0.01 TRAINER.COOP_THREE_STAGE_CSC.BETA 0.9999 TRAINER.COOP_THREE_STAGE_VIT.VARIANT 5m TRAINER.COOP_THREE_STAGE_VIT.PRETRAINED_TYPE 1k TRAINER.COOP_THREE_STAGE_VIT.STUDENT_LR 0.00005 TRAINER.COOP_PART_C.MODE gated TRAINER.COOP_PART_C.KAPPA 32.000000000000 TRAINER.COOP_PART_C_RELIABILITY.PRIOR_STRENGTH 8.000000000000 TRAINER.COOP_PART_C_RELIABILITY.EPS 1.000000000000e-08 TRAINER.COOP_PART_C_RELIABILITY.DRIFT_WEIGHT 0.000000000000 TRAINER.COOP_THREE_STAGE_CSC_RELATIVE_COV.WEIGHT 5.000000000000e-02 TRAINER.COOP_THREE_STAGE_CSC_RELATIVE_COV.MIN_SAMPLES 2 TRAINER.COOP_THREE_STAGE_CSC_RELATIVE_COV.EPS 1.000000000000e-08
 907626 root     I    kworker/113:2-m [kworker/113:2-mm_percpu_wq]
 907658 root     I    kworker/33:0-mm [kworker/33:0-mm_percpu_wq]
 907995 root     I    kworker/149:2-e [kworker/149:2-events]
 908700 root     I    kworker/16:1-mm [kworker/16:1-mm_percpu_wq]
 909956 root     I    kworker/183:0-m [kworker/183:0-mm_percpu_wq]
 911142 root     I    kworker/89:2-ev [kworker/89:2-events]
 911562 root     I    kworker/37:1-mm [kworker/37:1-mm_percpu_wq]
 912859 root     I    kworker/150:2-m [kworker/150:2-mm_percpu_wq]
 913149 root     I    kworker/154:2-e [kworker/154:2-events]
 913351 root     I    kworker/5:1-eve [kworker/5:1-events]
 913391 root     I    kworker/38:0-ev [kworker/38:0-events]
 913491 root     I    kworker/25:2-mm [kworker/25:2-mm_percpu_wq]
 914001 root     I    kworker/161:1-e [kworker/161:1-events]
 915175 root     I    kworker/50:2-ev [kworker/50:2-events]
 915713 root     I    kworker/2:1-eve [kworker/2:1-events]
 915716 root     I    kworker/95:2-mm [kworker/95:2-mm_percpu_wq]
 916271 root     I    kworker/41:2-mm [kworker/41:2-mm_percpu_wq]
 916398 root     I    kworker/45:0-mm [kworker/45:0-mm_percpu_wq]
 916399 root     I    kworker/119:1-e [kworker/119:1-events]
 916506 root     I    kworker/118:1-e [kworker/118:1-events]
 916747 root     I    kworker/102:1-m [kworker/102:1-mm_percpu_wq]
 916759 root     I    kworker/99:2-mm [kworker/99:2-mm_percpu_wq]
 917103 root     I    kworker/43:2-mm [kworker/43:2-mm_percpu_wq]
 917396 root     I    kworker/10:2-pc [kworker/10:2-pcie_msg_workqueue]
 917680 root     I    kworker/58:2-mm [kworker/58:2-mm_percpu_wq]
 918538 root     I    kworker/13:0-mm [kworker/13:0-mm_percpu_wq]
 919206 root     I    kworker/100:2-e [kworker/100:2-events]
 919407 root     I    kworker/18:2-ev [kworker/18:2-events]
 919706 root     I    kworker/36:2-ev [kworker/36:2-events]
 919717 root     I    kworker/u391:3- [kworker/u391:3-writeback]
 919718 root     I    kworker/u391:4- [kworker/u391:4-flush-8:0]
 919872 root     I    kworker/46:1-ev [kworker/46:1-events]
 920840 root     I    kworker/67:0-ev [kworker/67:0-events]
 921376 root     I    kworker/15:2-ev [kworker/15:2-events]
 923522 root     I    kworker/39:1-mm [kworker/39:1-mm_percpu_wq]
 924042 root     I    kworker/60:2-ev [kworker/60:2-events]
 924392 root     I    kworker/80:2-ev [kworker/80:2-events]
 925143 root     I    kworker/69:2-ev [kworker/69:2-events]
 925791 root     I    kworker/11:1-ev [kworker/11:1-events]
 925896 root     I    kworker/78:1-ev [kworker/78:1-events]
 926084 root     I    kworker/91:2-mm [kworker/91:2-mm_percpu_wq]
 929658 root     I    kworker/49:0-ev [kworker/49:0-events]
 929722 root     I    kworker/6:2-mm_ [kworker/6:2-mm_percpu_wq]
 930159 root     I    kworker/111:1-m [kworker/111:1-mm_percpu_wq]
 930457 root     I    kworker/27:0-ev [kworker/27:0-events]
 930904 root     I    kworker/109:1-e [kworker/109:1-events]
 931455 root     I    kworker/48:0-mm [kworker/48:0-mm_percpu_wq]
 932357 root     I    kworker/8:1-eve [kworker/8:1-events]
 932723 root     I    kworker/7:1-mm_ [kworker/7:1-mm_percpu_wq]
 933227 root     I    kworker/83:1-ev [kworker/83:1-events]
 933247 root     I    kworker/0:2-pci [kworker/0:2-pcie_msg_workqueue]
 934456 root     I    kworker/112:0-m [kworker/112:0-mm_percpu_wq]
 934624 wangjie+ Sl+  pt_data_worker  /home/data4t1/wangjielei/anaconda3/envs/dassl/bin/python train.py --root /home/data4t2/hxwDir/data --seed 1 --trainer CoOpThreeStageCSCTinyViTLTKD --dataset-config-file configs/datasets/long_tail/sun397_lt.yaml --config-file configs/trainers/CoOp/vit_b16_ep130_three_stage_csc_tiny_vit_ltkd.yaml --output-dir /home/data4t2/czhDir/PromptKD/output/long_tail_three_stage_csc_tiny_vit_ltkd/5m_1k/alpha1.0_beta8.0_T4.0_warmup20/sun397/longtail_if0.1_ltseed0/seed1_npu1 DATASET.NUM_SHOTS -1 DATASET.LONG_TAIL.IMB_FACTOR 0.1 DATASET.LONG_TAIL.SEED 0 DATALOADER.TRAIN_X.SAMPLER RandomSampler DATALOADER.TEST.BATCH_SIZE 16 OPTIM.MAX_EPOCH 130 TRAINER.COOP_THREE_STAGE_CSC.CSC_START_EPOCH 55 TRAINER.COOP_THREE_STAGE_CSC.PHASE2_LR 0.001 TRAINER.COOP_THREE_STAGE_CSC.PHASE3_LR 0.01 TRAINER.COOP_THREE_STAGE_CSC.BETA 0.9999 TRAINER.COOP_THREE_STAGE_VIT.VARIANT 5m TRAINER.COOP_THREE_STAGE_VIT.PRETRAINED_TYPE 1k TRAINER.COOP_THREE_STAGE_VIT.STUDENT_LR 0.00005 TRAINER.COOP_THREE_STAGE_CSC_LTKD.ALPHA 1.0 TRAINER.COOP_THREE_STAGE_CSC_LTKD.BETA 8.0 TRAINER.COOP_THREE_STAGE_CSC_LTKD.TEMPERATURE 4.0 TRAINER.COOP_THREE_STAGE_CSC_LTKD.WARMUP 20
 934676 wangjie+ Sl+  pt_data_worker  /home/data4t1/wangjielei/anaconda3/envs/dassl/bin/python train.py --root /home/data4t2/hxwDir/data --seed 1 --trainer CoOpThreeStageCSCTinyViTLTKD --dataset-config-file configs/datasets/long_tail/sun397_lt.yaml --config-file configs/trainers/CoOp/vit_b16_ep130_three_stage_csc_tiny_vit_ltkd.yaml --output-dir /home/data4t2/czhDir/PromptKD/output/long_tail_three_stage_csc_tiny_vit_ltkd/5m_1k/alpha1.0_beta8.0_T4.0_warmup20/sun397/longtail_if0.1_ltseed0/seed1_npu1 DATASET.NUM_SHOTS -1 DATASET.LONG_TAIL.IMB_FACTOR 0.1 DATASET.LONG_TAIL.SEED 0 DATALOADER.TRAIN_X.SAMPLER RandomSampler DATALOADER.TEST.BATCH_SIZE 16 OPTIM.MAX_EPOCH 130 TRAINER.COOP_THREE_STAGE_CSC.CSC_START_EPOCH 55 TRAINER.COOP_THREE_STAGE_CSC.PHASE2_LR 0.001 TRAINER.COOP_THREE_STAGE_CSC.PHASE3_LR 0.01 TRAINER.COOP_THREE_STAGE_CSC.BETA 0.9999 TRAINER.COOP_THREE_STAGE_VIT.VARIANT 5m TRAINER.COOP_THREE_STAGE_VIT.PRETRAINED_TYPE 1k TRAINER.COOP_THREE_STAGE_VIT.STUDENT_LR 0.00005 TRAINER.COOP_THREE_STAGE_CSC_LTKD.ALPHA 1.0 TRAINER.COOP_THREE_STAGE_CSC_LTKD.BETA 8.0 TRAINER.COOP_THREE_STAGE_CSC_LTKD.TEMPERATURE 4.0 TRAINER.COOP_THREE_STAGE_CSC_LTKD.WARMUP 20
 934696 root     I    kworker/61:2-ev [kworker/61:2-events]
 934702 wangjie+ Rl+  pt_data_worker  /home/data4t1/wangjielei/anaconda3/envs/dassl/bin/python train.py --root /home/data4t2/hxwDir/data --seed 1 --trainer CoOpThreeStageCSCTinyViTLTKD --dataset-config-file configs/datasets/long_tail/sun397_lt.yaml --config-file configs/trainers/CoOp/vit_b16_ep130_three_stage_csc_tiny_vit_ltkd.yaml --output-dir /home/data4t2/czhDir/PromptKD/output/long_tail_three_stage_csc_tiny_vit_ltkd/5m_1k/alpha1.0_beta8.0_T4.0_warmup20/sun397/longtail_if0.1_ltseed0/seed1_npu1 DATASET.NUM_SHOTS -1 DATASET.LONG_TAIL.IMB_FACTOR 0.1 DATASET.LONG_TAIL.SEED 0 DATALOADER.TRAIN_X.SAMPLER RandomSampler DATALOADER.TEST.BATCH_SIZE 16 OPTIM.MAX_EPOCH 130 TRAINER.COOP_THREE_STAGE_CSC.CSC_START_EPOCH 55 TRAINER.COOP_THREE_STAGE_CSC.PHASE2_LR 0.001 TRAINER.COOP_THREE_STAGE_CSC.PHASE3_LR 0.01 TRAINER.COOP_THREE_STAGE_CSC.BETA 0.9999 TRAINER.COOP_THREE_STAGE_VIT.VARIANT 5m TRAINER.COOP_THREE_STAGE_VIT.PRETRAINED_TYPE 1k TRAINER.COOP_THREE_STAGE_VIT.STUDENT_LR 0.00005 TRAINER.COOP_THREE_STAGE_CSC_LTKD.ALPHA 1.0 TRAINER.COOP_THREE_STAGE_CSC_LTKD.BETA 8.0 TRAINER.COOP_THREE_STAGE_CSC_LTKD.TEMPERATURE 4.0 TRAINER.COOP_THREE_STAGE_CSC_LTKD.WARMUP 20
 934745 wangjie+ Sl+  pt_data_worker  /home/data4t1/wangjielei/anaconda3/envs/dassl/bin/python train.py --root /home/data4t2/hxwDir/data --seed 1 --trainer CoOpThreeStageCSCTinyViTLTKD --dataset-config-file configs/datasets/long_tail/sun397_lt.yaml --config-file configs/trainers/CoOp/vit_b16_ep130_three_stage_csc_tiny_vit_ltkd.yaml --output-dir /home/data4t2/czhDir/PromptKD/output/long_tail_three_stage_csc_tiny_vit_ltkd/5m_1k/alpha1.0_beta8.0_T4.0_warmup20/sun397/longtail_if0.1_ltseed0/seed1_npu1 DATASET.NUM_SHOTS -1 DATASET.LONG_TAIL.IMB_FACTOR 0.1 DATASET.LONG_TAIL.SEED 0 DATALOADER.TRAIN_X.SAMPLER RandomSampler DATALOADER.TEST.BATCH_SIZE 16 OPTIM.MAX_EPOCH 130 TRAINER.COOP_THREE_STAGE_CSC.CSC_START_EPOCH 55 TRAINER.COOP_THREE_STAGE_CSC.PHASE2_LR 0.001 TRAINER.COOP_THREE_STAGE_CSC.PHASE3_LR 0.01 TRAINER.COOP_THREE_STAGE_CSC.BETA 0.9999 TRAINER.COOP_THREE_STAGE_VIT.VARIANT 5m TRAINER.COOP_THREE_STAGE_VIT.PRETRAINED_TYPE 1k TRAINER.COOP_THREE_STAGE_VIT.STUDENT_LR 0.00005 TRAINER.COOP_THREE_STAGE_CSC_LTKD.ALPHA 1.0 TRAINER.COOP_THREE_STAGE_CSC_LTKD.BETA 8.0 TRAINER.COOP_THREE_STAGE_CSC_LTKD.TEMPERATURE 4.0 TRAINER.COOP_THREE_STAGE_CSC_LTKD.WARMUP 20
 934852 wangjie+ Sl+  pt_data_worker  /home/data4t1/wangjielei/anaconda3/envs/dassl/bin/python train.py --root /home/data4t2/hxwDir/data --seed 1 --trainer CoOpThreeStageCSCTinyViTLTKD --dataset-config-file configs/datasets/long_tail/sun397_lt.yaml --config-file configs/trainers/CoOp/vit_b16_ep130_three_stage_csc_tiny_vit_ltkd.yaml --output-dir /home/data4t2/czhDir/PromptKD/output/long_tail_three_stage_csc_tiny_vit_ltkd/5m_1k/alpha1.0_beta8.0_T4.0_warmup20/sun397/longtail_if0.1_ltseed0/seed1_npu1 DATASET.NUM_SHOTS -1 DATASET.LONG_TAIL.IMB_FACTOR 0.1 DATASET.LONG_TAIL.SEED 0 DATALOADER.TRAIN_X.SAMPLER RandomSampler DATALOADER.TEST.BATCH_SIZE 16 OPTIM.MAX_EPOCH 130 TRAINER.COOP_THREE_STAGE_CSC.CSC_START_EPOCH 55 TRAINER.COOP_THREE_STAGE_CSC.PHASE2_LR 0.001 TRAINER.COOP_THREE_STAGE_CSC.PHASE3_LR 0.01 TRAINER.COOP_THREE_STAGE_CSC.BETA 0.9999 TRAINER.COOP_THREE_STAGE_VIT.VARIANT 5m TRAINER.COOP_THREE_STAGE_VIT.PRETRAINED_TYPE 1k TRAINER.COOP_THREE_STAGE_VIT.STUDENT_LR 0.00005 TRAINER.COOP_THREE_STAGE_CSC_LTKD.ALPHA 1.0 TRAINER.COOP_THREE_STAGE_CSC_LTKD.BETA 8.0 TRAINER.COOP_THREE_STAGE_CSC_LTKD.TEMPERATURE 4.0 TRAINER.COOP_THREE_STAGE_CSC_LTKD.WARMUP 20
 935156 wangjie+ Sl+  pt_data_worker  /home/data4t1/wangjielei/anaconda3/envs/dassl/bin/python train.py --root /home/data4t2/hxwDir/data --seed 1 --trainer CoOpThreeStageCSCTinyViTLTKD --dataset-config-file configs/datasets/long_tail/sun397_lt.yaml --config-file configs/trainers/CoOp/vit_b16_ep130_three_stage_csc_tiny_vit_ltkd.yaml --output-dir /home/data4t2/czhDir/PromptKD/output/long_tail_three_stage_csc_tiny_vit_ltkd/5m_1k/alpha1.0_beta8.0_T4.0_warmup20/sun397/longtail_if0.1_ltseed0/seed1_npu1 DATASET.NUM_SHOTS -1 DATASET.LONG_TAIL.IMB_FACTOR 0.1 DATASET.LONG_TAIL.SEED 0 DATALOADER.TRAIN_X.SAMPLER RandomSampler DATALOADER.TEST.BATCH_SIZE 16 OPTIM.MAX_EPOCH 130 TRAINER.COOP_THREE_STAGE_CSC.CSC_START_EPOCH 55 TRAINER.COOP_THREE_STAGE_CSC.PHASE2_LR 0.001 TRAINER.COOP_THREE_STAGE_CSC.PHASE3_LR 0.01 TRAINER.COOP_THREE_STAGE_CSC.BETA 0.9999 TRAINER.COOP_THREE_STAGE_VIT.VARIANT 5m TRAINER.COOP_THREE_STAGE_VIT.PRETRAINED_TYPE 1k TRAINER.COOP_THREE_STAGE_VIT.STUDENT_LR 0.00005 TRAINER.COOP_THREE_STAGE_CSC_LTKD.ALPHA 1.0 TRAINER.COOP_THREE_STAGE_CSC_LTKD.BETA 8.0 TRAINER.COOP_THREE_STAGE_CSC_LTKD.TEMPERATURE 4.0 TRAINER.COOP_THREE_STAGE_CSC_LTKD.WARMUP 20
 935442 wangjie+ Sl+  pt_data_worker  /home/data4t1/wangjielei/anaconda3/envs/dassl/bin/python train.py --root /home/data4t2/hxwDir/data --seed 1 --trainer CoOpThreeStageCSCTinyViTLTKD --dataset-config-file configs/datasets/long_tail/sun397_lt.yaml --config-file configs/trainers/CoOp/vit_b16_ep130_three_stage_csc_tiny_vit_ltkd.yaml --output-dir /home/data4t2/czhDir/PromptKD/output/long_tail_three_stage_csc_tiny_vit_ltkd/5m_1k/alpha1.0_beta8.0_T4.0_warmup20/sun397/longtail_if0.1_ltseed0/seed1_npu1 DATASET.NUM_SHOTS -1 DATASET.LONG_TAIL.IMB_FACTOR 0.1 DATASET.LONG_TAIL.SEED 0 DATALOADER.TRAIN_X.SAMPLER RandomSampler DATALOADER.TEST.BATCH_SIZE 16 OPTIM.MAX_EPOCH 130 TRAINER.COOP_THREE_STAGE_CSC.CSC_START_EPOCH 55 TRAINER.COOP_THREE_STAGE_CSC.PHASE2_LR 0.001 TRAINER.COOP_THREE_STAGE_CSC.PHASE3_LR 0.01 TRAINER.COOP_THREE_STAGE_CSC.BETA 0.9999 TRAINER.COOP_THREE_STAGE_VIT.VARIANT 5m TRAINER.COOP_THREE_STAGE_VIT.PRETRAINED_TYPE 1k TRAINER.COOP_THREE_STAGE_VIT.STUDENT_LR 0.00005 TRAINER.COOP_THREE_STAGE_CSC_LTKD.ALPHA 1.0 TRAINER.COOP_THREE_STAGE_CSC_LTKD.BETA 8.0 TRAINER.COOP_THREE_STAGE_CSC_LTKD.TEMPERATURE 4.0 TRAINER.COOP_THREE_STAGE_CSC_LTKD.WARMUP 20
 935494 wangjie+ Sl+  pt_data_worker  /home/data4t1/wangjielei/anaconda3/envs/dassl/bin/python train.py --root /home/data4t2/hxwDir/data --seed 1 --trainer CoOpThreeStageCSCTinyViTLTKD --dataset-config-file configs/datasets/long_tail/sun397_lt.yaml --config-file configs/trainers/CoOp/vit_b16_ep130_three_stage_csc_tiny_vit_ltkd.yaml --output-dir /home/data4t2/czhDir/PromptKD/output/long_tail_three_stage_csc_tiny_vit_ltkd/5m_1k/alpha1.0_beta8.0_T4.0_warmup20/sun397/longtail_if0.1_ltseed0/seed1_npu1 DATASET.NUM_SHOTS -1 DATASET.LONG_TAIL.IMB_FACTOR 0.1 DATASET.LONG_TAIL.SEED 0 DATALOADER.TRAIN_X.SAMPLER RandomSampler DATALOADER.TEST.BATCH_SIZE 16 OPTIM.MAX_EPOCH 130 TRAINER.COOP_THREE_STAGE_CSC.CSC_START_EPOCH 55 TRAINER.COOP_THREE_STAGE_CSC.PHASE2_LR 0.001 TRAINER.COOP_THREE_STAGE_CSC.PHASE3_LR 0.01 TRAINER.COOP_THREE_STAGE_CSC.BETA 0.9999 TRAINER.COOP_THREE_STAGE_VIT.VARIANT 5m TRAINER.COOP_THREE_STAGE_VIT.PRETRAINED_TYPE 1k TRAINER.COOP_THREE_STAGE_VIT.STUDENT_LR 0.00005 TRAINER.COOP_THREE_STAGE_CSC_LTKD.ALPHA 1.0 TRAINER.COOP_THREE_STAGE_CSC_LTKD.BETA 8.0 TRAINER.COOP_THREE_STAGE_CSC_LTKD.TEMPERATURE 4.0 TRAINER.COOP_THREE_STAGE_CSC_LTKD.WARMUP 20
 935648 root     I    kworker/42:2-ev [kworker/42:2-events]
 936584 root     I    kworker/u385:2- [kworker/u385:2-flush-8:0]
 936816 root     I    kworker/28:1-ev [kworker/28:1-events]
 936914 root     I    kworker/81:1-ev [kworker/81:1-events]
 937293 root     I    kworker/57:1-ev [kworker/57:1-events]
 937342 root     I    kworker/4:1-eve [kworker/4:1-events]
 937787 root     I    kworker/9:2-eve [kworker/9:2-events]
 938026 root     I    kworker/191:0-e [kworker/191:0-events]
 938141 root     I    kworker/146:0-m [kworker/146:0-mm_percpu_wq]
 938434 root     I    kworker/20:0-ev [kworker/20:0-events]
 938916 root     I    kworker/54:0-ev [kworker/54:0-events]
 939142 root     I    kworker/90:2-ev [kworker/90:2-events]
 939273 root     I    kworker/82:0-ev [kworker/82:0-events]
 939835 root     I    kworker/106:1-e [kworker/106:1-events]
 939842 root     I    kworker/141:2-e [kworker/141:2-events]
 940509 root     I    kworker/51:2-pc [kworker/51:2-pcie_msg_workqueue]
 941033 root     I    kworker/u388:0- [kworker/u388:0-events_unbound]
 941657 root     I    kworker/92:1-mm [kworker/92:1-mm_percpu_wq]
 942947 root     I    kworker/94:0-ev [kworker/94:0-events]
 942999 root     I    kworker/147:1-e [kworker/147:1-events]
 943187 root     I    kworker/19:2-mm [kworker/19:2-mm_percpu_wq]
 943207 root     I    kworker/74:1-ev [kworker/74:1-events]
 944775 root     I    kworker/1:0-eve [kworker/1:0-events]
 944994 root     I    kworker/156:1-e [kworker/156:1-events]
 945187 root     I    kworker/151:0-m [kworker/151:0-mm_percpu_wq]
 946143 root     I    kworker/178:2-e [kworker/178:2-events]
 946658 root     I    kworker/72:0-ev [kworker/72:0-events]
 946659 root     I    kworker/145:0-e [kworker/145:0-events]
 947280 root     I    kworker/u386:2- [kworker/u386:2-events_unbound]
 948438 root     I    kworker/180:0-e [kworker/180:0-events]
 948569 root     I    kworker/116:2-e [kworker/116:2-events]
 949169 root     I    kworker/u390:2- [kworker/u390:2-flush-259:1]
 949312 root     I    kworker/190:0-e [kworker/190:0-events]
 949644 root     R    kworker/168:0+e [kworker/168:0+events]
 949786 root     I    kworker/165:2   [kworker/165:2]
 949875 root     I    kworker/163:1-m [kworker/163:1-mm_percpu_wq]
 950059 root     I    kworker/77:2-mm [kworker/77:2-mm_percpu_wq]
 950468 root     I    kworker/u386:3- [kworker/u386:3-events_unbound]
 950469 root     I    kworker/u386:4- [kworker/u386:4-writeback]
 950470 root     I    kworker/u386:5  [kworker/u386:5]
 951291 root     I    kworker/24:1-ev [kworker/24:1-events]
 951700 root     I    kworker/173:0   [kworker/173:0]
 952870 root     I    kworker/59:2-mm [kworker/59:2-mm_percpu_wq]
 952891 root     I    kworker/166:2-e [kworker/166:2-events]
 953563 root     I    kworker/79:1-ev [kworker/79:1-events]
 954992 root     I    kworker/12:0-ev [kworker/12:0-events]
 955056 root     I    kworker/88:0-mm [kworker/88:0-mm_percpu_wq]
 955359 root     I    kworker/14:0-ev [kworker/14:0-events]
 955398 root     I    kworker/47:1-mm [kworker/47:1-mm_percpu_wq]
 955739 root     I    kworker/177:2-e [kworker/177:2-events]
 956015 root     I    kworker/76:2-ev [kworker/76:2-events]
 957004 root     I    kworker/44:1-ev [kworker/44:1-events]
 957131 root     I    kworker/33:2-ev [kworker/33:2-events]
 957364 root     I    kworker/u389:0- [kworker/u389:0-events_unbound]
 957812 root     I    kworker/u392:2- [kworker/u392:2-events_unbound]
 958481 root     I    kworker/35:2-ev [kworker/35:2-events]
 961635 root     I    kworker/34:2-mm [kworker/34:2-mm_percpu_wq]
 962018 root     I    kworker/87:0-ev [kworker/87:0-events]
 962328 root     I    kworker/u385:8- [kworker/u385:8-flush-259:1]
 963885 root     I    kworker/21:2-mm [kworker/21:2-mm_percpu_wq]
 963985 root     I    kworker/85:0-mm [kworker/85:0-mm_percpu_wq]
 964101 root     I    kworker/114:0-p [kworker/114:0-pcie_msg_workqueue]
 964255 root     I    kworker/5:2-eve [kworker/5:2-events]
 965514 root     I    kworker/25:0-ev [kworker/25:0-events]
 965859 root     I    kworker/38:2-mm [kworker/38:2-mm_percpu_wq]
 966613 root     I    kworker/157:2-p [kworker/157:2-pcie_msg_workqueue]
 967596 root     I    kworker/41:1-ev [kworker/41:1-events]
 967618 root     I    kworker/u387:0- [kworker/u387:0-hclge]
 968972 root     I    kworker/183:1-e [kworker/183:1-events]
 969141 root     I    kworker/171:1-m [kworker/171:1-mm_percpu_wq]
 969328 root     I    kworker/185:1-e [kworker/185:1-events]
 969744 root     I    kworker/75:0-ev [kworker/75:0-events]
 971116 wangjie+ Sl+  pt_data_worker  /home/data4t1/wangjielei/anaconda3/envs/dassl/bin/python train.py --root /home/data4t2/czhDir/data --seed 1 --trainer CoOpThreeStageCSCTinyViTLTKD --dataset-config-file configs/datasets/long_tail/nwpu_resisc45_lt.yaml --config-file configs/trainers/CoOp/vit_b16_ep130_three_stage_csc_tiny_vit_ltkd.yaml --output-dir /home/data4t2/czhDir/PromptKD/output/long_tail_three_stage_csc_tiny_vit_ltkd/5m_1k/alpha1.0_beta8.0_T4.0_warmup20/resisc45/longtail_if0.1_ltseed0/seed1_npu7 DATASET.NUM_SHOTS -1 DATASET.LONG_TAIL.IMB_FACTOR 0.1 DATASET.LONG_TAIL.SEED 0 DATALOADER.TRAIN_X.SAMPLER RandomSampler DATALOADER.TEST.BATCH_SIZE 16 OPTIM.MAX_EPOCH 130 TRAINER.COOP_THREE_STAGE_CSC.CSC_START_EPOCH 55 TRAINER.COOP_THREE_STAGE_CSC.PHASE2_LR 0.001 TRAINER.COOP_THREE_STAGE_CSC.PHASE3_LR 0.01 TRAINER.COOP_THREE_STAGE_CSC.BETA 0.9999 TRAINER.COOP_THREE_STAGE_VIT.VARIANT 5m TRAINER.COOP_THREE_STAGE_VIT.PRETRAINED_TYPE 1k TRAINER.COOP_THREE_STAGE_VIT.STUDENT_LR 0.00005 TRAINER.COOP_THREE_STAGE_CSC_LTKD.ALPHA 1.0 TRAINER.COOP_THREE_STAGE_CSC_LTKD.BETA 8.0 TRAINER.COOP_THREE_STAGE_CSC_LTKD.TEMPERATURE 4.0 TRAINER.COOP_THREE_STAGE_CSC_LTKD.WARMUP 20
 971135 wangjie+ Sl+  pt_data_worker  /home/data4t1/wangjielei/anaconda3/envs/dassl/bin/python train.py --root /home/data4t2/czhDir/data --seed 1 --trainer CoOpThreeStageCSCTinyViTLTKD --dataset-config-file configs/datasets/long_tail/nwpu_resisc45_lt.yaml --config-file configs/trainers/CoOp/vit_b16_ep130_three_stage_csc_tiny_vit_ltkd.yaml --output-dir /home/data4t2/czhDir/PromptKD/output/long_tail_three_stage_csc_tiny_vit_ltkd/5m_1k/alpha1.0_beta8.0_T4.0_warmup20/resisc45/longtail_if0.1_ltseed0/seed1_npu7 DATASET.NUM_SHOTS -1 DATASET.LONG_TAIL.IMB_FACTOR 0.1 DATASET.LONG_TAIL.SEED 0 DATALOADER.TRAIN_X.SAMPLER RandomSampler DATALOADER.TEST.BATCH_SIZE 16 OPTIM.MAX_EPOCH 130 TRAINER.COOP_THREE_STAGE_CSC.CSC_START_EPOCH 55 TRAINER.COOP_THREE_STAGE_CSC.PHASE2_LR 0.001 TRAINER.COOP_THREE_STAGE_CSC.PHASE3_LR 0.01 TRAINER.COOP_THREE_STAGE_CSC.BETA 0.9999 TRAINER.COOP_THREE_STAGE_VIT.VARIANT 5m TRAINER.COOP_THREE_STAGE_VIT.PRETRAINED_TYPE 1k TRAINER.COOP_THREE_STAGE_VIT.STUDENT_LR 0.00005 TRAINER.COOP_THREE_STAGE_CSC_LTKD.ALPHA 1.0 TRAINER.COOP_THREE_STAGE_CSC_LTKD.BETA 8.0 TRAINER.COOP_THREE_STAGE_CSC_LTKD.TEMPERATURE 4.0 TRAINER.COOP_THREE_STAGE_CSC_LTKD.WARMUP 20
 971163 root     I    kworker/26:1-ev [kworker/26:1-events]
 971188 wangjie+ Sl+  pt_data_worker  /home/data4t1/wangjielei/anaconda3/envs/dassl/bin/python train.py --root /home/data4t2/czhDir/data --seed 1 --trainer CoOpThreeStageCSCTinyViTLTKD --dataset-config-file configs/datasets/long_tail/nwpu_resisc45_lt.yaml --config-file configs/trainers/CoOp/vit_b16_ep130_three_stage_csc_tiny_vit_ltkd.yaml --output-dir /home/data4t2/czhDir/PromptKD/output/long_tail_three_stage_csc_tiny_vit_ltkd/5m_1k/alpha1.0_beta8.0_T4.0_warmup20/resisc45/longtail_if0.1_ltseed0/seed1_npu7 DATASET.NUM_SHOTS -1 DATASET.LONG_TAIL.IMB_FACTOR 0.1 DATASET.LONG_TAIL.SEED 0 DATALOADER.TRAIN_X.SAMPLER RandomSampler DATALOADER.TEST.BATCH_SIZE 16 OPTIM.MAX_EPOCH 130 TRAINER.COOP_THREE_STAGE_CSC.CSC_START_EPOCH 55 TRAINER.COOP_THREE_STAGE_CSC.PHASE2_LR 0.001 TRAINER.COOP_THREE_STAGE_CSC.PHASE3_LR 0.01 TRAINER.COOP_THREE_STAGE_CSC.BETA 0.9999 TRAINER.COOP_THREE_STAGE_VIT.VARIANT 5m TRAINER.COOP_THREE_STAGE_VIT.PRETRAINED_TYPE 1k TRAINER.COOP_THREE_STAGE_VIT.STUDENT_LR 0.00005 TRAINER.COOP_THREE_STAGE_CSC_LTKD.ALPHA 1.0 TRAINER.COOP_THREE_STAGE_CSC_LTKD.BETA 8.0 TRAINER.COOP_THREE_STAGE_CSC_LTKD.TEMPERATURE 4.0 TRAINER.COOP_THREE_STAGE_CSC_LTKD.WARMUP 20
 971237 wangjie+ Sl+  pt_data_worker  /home/data4t1/wangjielei/anaconda3/envs/dassl/bin/python train.py --root /home/data4t2/czhDir/data --seed 1 --trainer CoOpThreeStageCSCTinyViTLTKD --dataset-config-file configs/datasets/long_tail/nwpu_resisc45_lt.yaml --config-file configs/trainers/CoOp/vit_b16_ep130_three_stage_csc_tiny_vit_ltkd.yaml --output-dir /home/data4t2/czhDir/PromptKD/output/long_tail_three_stage_csc_tiny_vit_ltkd/5m_1k/alpha1.0_beta8.0_T4.0_warmup20/resisc45/longtail_if0.1_ltseed0/seed1_npu7 DATASET.NUM_SHOTS -1 DATASET.LONG_TAIL.IMB_FACTOR 0.1 DATASET.LONG_TAIL.SEED 0 DATALOADER.TRAIN_X.SAMPLER RandomSampler DATALOADER.TEST.BATCH_SIZE 16 OPTIM.MAX_EPOCH 130 TRAINER.COOP_THREE_STAGE_CSC.CSC_START_EPOCH 55 TRAINER.COOP_THREE_STAGE_CSC.PHASE2_LR 0.001 TRAINER.COOP_THREE_STAGE_CSC.PHASE3_LR 0.01 TRAINER.COOP_THREE_STAGE_CSC.BETA 0.9999 TRAINER.COOP_THREE_STAGE_VIT.VARIANT 5m TRAINER.COOP_THREE_STAGE_VIT.PRETRAINED_TYPE 1k TRAINER.COOP_THREE_STAGE_VIT.STUDENT_LR 0.00005 TRAINER.COOP_THREE_STAGE_CSC_LTKD.ALPHA 1.0 TRAINER.COOP_THREE_STAGE_CSC_LTKD.BETA 8.0 TRAINER.COOP_THREE_STAGE_CSC_LTKD.TEMPERATURE 4.0 TRAINER.COOP_THREE_STAGE_CSC_LTKD.WARMUP 20
 971294 wangjie+ Sl+  pt_data_worker  /home/data4t1/wangjielei/anaconda3/envs/dassl/bin/python train.py --root /home/data4t2/czhDir/data --seed 1 --trainer CoOpThreeStageCSCTinyViTLTKD --dataset-config-file configs/datasets/long_tail/nwpu_resisc45_lt.yaml --config-file configs/trainers/CoOp/vit_b16_ep130_three_stage_csc_tiny_vit_ltkd.yaml --output-dir /home/data4t2/czhDir/PromptKD/output/long_tail_three_stage_csc_tiny_vit_ltkd/5m_1k/alpha1.0_beta8.0_T4.0_warmup20/resisc45/longtail_if0.1_ltseed0/seed1_npu7 DATASET.NUM_SHOTS -1 DATASET.LONG_TAIL.IMB_FACTOR 0.1 DATASET.LONG_TAIL.SEED 0 DATALOADER.TRAIN_X.SAMPLER RandomSampler DATALOADER.TEST.BATCH_SIZE 16 OPTIM.MAX_EPOCH 130 TRAINER.COOP_THREE_STAGE_CSC.CSC_START_EPOCH 55 TRAINER.COOP_THREE_STAGE_CSC.PHASE2_LR 0.001 TRAINER.COOP_THREE_STAGE_CSC.PHASE3_LR 0.01 TRAINER.COOP_THREE_STAGE_CSC.BETA 0.9999 TRAINER.COOP_THREE_STAGE_VIT.VARIANT 5m TRAINER.COOP_THREE_STAGE_VIT.PRETRAINED_TYPE 1k TRAINER.COOP_THREE_STAGE_VIT.STUDENT_LR 0.00005 TRAINER.COOP_THREE_STAGE_CSC_LTKD.ALPHA 1.0 TRAINER.COOP_THREE_STAGE_CSC_LTKD.BETA 8.0 TRAINER.COOP_THREE_STAGE_CSC_LTKD.TEMPERATURE 4.0 TRAINER.COOP_THREE_STAGE_CSC_LTKD.WARMUP 20
 971353 wangjie+ Sl+  pt_data_worker  /home/data4t1/wangjielei/anaconda3/envs/dassl/bin/python train.py --root /home/data4t2/czhDir/data --seed 1 --trainer CoOpThreeStageCSCTinyViTLTKD --dataset-config-file configs/datasets/long_tail/nwpu_resisc45_lt.yaml --config-file configs/trainers/CoOp/vit_b16_ep130_three_stage_csc_tiny_vit_ltkd.yaml --output-dir /home/data4t2/czhDir/PromptKD/output/long_tail_three_stage_csc_tiny_vit_ltkd/5m_1k/alpha1.0_beta8.0_T4.0_warmup20/resisc45/longtail_if0.1_ltseed0/seed1_npu7 DATASET.NUM_SHOTS -1 DATASET.LONG_TAIL.IMB_FACTOR 0.1 DATASET.LONG_TAIL.SEED 0 DATALOADER.TRAIN_X.SAMPLER RandomSampler DATALOADER.TEST.BATCH_SIZE 16 OPTIM.MAX_EPOCH 130 TRAINER.COOP_THREE_STAGE_CSC.CSC_START_EPOCH 55 TRAINER.COOP_THREE_STAGE_CSC.PHASE2_LR 0.001 TRAINER.COOP_THREE_STAGE_CSC.PHASE3_LR 0.01 TRAINER.COOP_THREE_STAGE_CSC.BETA 0.9999 TRAINER.COOP_THREE_STAGE_VIT.VARIANT 5m TRAINER.COOP_THREE_STAGE_VIT.PRETRAINED_TYPE 1k TRAINER.COOP_THREE_STAGE_VIT.STUDENT_LR 0.00005 TRAINER.COOP_THREE_STAGE_CSC_LTKD.ALPHA 1.0 TRAINER.COOP_THREE_STAGE_CSC_LTKD.BETA 8.0 TRAINER.COOP_THREE_STAGE_CSC_LTKD.TEMPERATURE 4.0 TRAINER.COOP_THREE_STAGE_CSC_LTKD.WARMUP 20
 971422 wangjie+ Sl+  pt_data_worker  /home/data4t1/wangjielei/anaconda3/envs/dassl/bin/python train.py --root /home/data4t2/czhDir/data --seed 1 --trainer CoOpThreeStageCSCTinyViTLTKD --dataset-config-file configs/datasets/long_tail/nwpu_resisc45_lt.yaml --config-file configs/trainers/CoOp/vit_b16_ep130_three_stage_csc_tiny_vit_ltkd.yaml --output-dir /home/data4t2/czhDir/PromptKD/output/long_tail_three_stage_csc_tiny_vit_ltkd/5m_1k/alpha1.0_beta8.0_T4.0_warmup20/resisc45/longtail_if0.1_ltseed0/seed1_npu7 DATASET.NUM_SHOTS -1 DATASET.LONG_TAIL.IMB_FACTOR 0.1 DATASET.LONG_TAIL.SEED 0 DATALOADER.TRAIN_X.SAMPLER RandomSampler DATALOADER.TEST.BATCH_SIZE 16 OPTIM.MAX_EPOCH 130 TRAINER.COOP_THREE_STAGE_CSC.CSC_START_EPOCH 55 TRAINER.COOP_THREE_STAGE_CSC.PHASE2_LR 0.001 TRAINER.COOP_THREE_STAGE_CSC.PHASE3_LR 0.01 TRAINER.COOP_THREE_STAGE_CSC.BETA 0.9999 TRAINER.COOP_THREE_STAGE_VIT.VARIANT 5m TRAINER.COOP_THREE_STAGE_VIT.PRETRAINED_TYPE 1k TRAINER.COOP_THREE_STAGE_VIT.STUDENT_LR 0.00005 TRAINER.COOP_THREE_STAGE_CSC_LTKD.ALPHA 1.0 TRAINER.COOP_THREE_STAGE_CSC_LTKD.BETA 8.0 TRAINER.COOP_THREE_STAGE_CSC_LTKD.TEMPERATURE 4.0 TRAINER.COOP_THREE_STAGE_CSC_LTKD.WARMUP 20
 971459 wangjie+ Sl+  pt_data_worker  /home/data4t1/wangjielei/anaconda3/envs/dassl/bin/python train.py --root /home/data4t2/czhDir/data --seed 1 --trainer CoOpThreeStageCSCTinyViTLTKD --dataset-config-file configs/datasets/long_tail/nwpu_resisc45_lt.yaml --config-file configs/trainers/CoOp/vit_b16_ep130_three_stage_csc_tiny_vit_ltkd.yaml --output-dir /home/data4t2/czhDir/PromptKD/output/long_tail_three_stage_csc_tiny_vit_ltkd/5m_1k/alpha1.0_beta8.0_T4.0_warmup20/resisc45/longtail_if0.1_ltseed0/seed1_npu7 DATASET.NUM_SHOTS -1 DATASET.LONG_TAIL.IMB_FACTOR 0.1 DATASET.LONG_TAIL.SEED 0 DATALOADER.TRAIN_X.SAMPLER RandomSampler DATALOADER.TEST.BATCH_SIZE 16 OPTIM.MAX_EPOCH 130 TRAINER.COOP_THREE_STAGE_CSC.CSC_START_EPOCH 55 TRAINER.COOP_THREE_STAGE_CSC.PHASE2_LR 0.001 TRAINER.COOP_THREE_STAGE_CSC.PHASE3_LR 0.01 TRAINER.COOP_THREE_STAGE_CSC.BETA 0.9999 TRAINER.COOP_THREE_STAGE_VIT.VARIANT 5m TRAINER.COOP_THREE_STAGE_VIT.PRETRAINED_TYPE 1k TRAINER.COOP_THREE_STAGE_VIT.STUDENT_LR 0.00005 TRAINER.COOP_THREE_STAGE_CSC_LTKD.ALPHA 1.0 TRAINER.COOP_THREE_STAGE_CSC_LTKD.BETA 8.0 TRAINER.COOP_THREE_STAGE_CSC_LTKD.TEMPERATURE 4.0 TRAINER.COOP_THREE_STAGE_CSC_LTKD.WARMUP 20
 972642 root     I    kworker/175:2-e [kworker/175:2-events]
 973230 root     I    kworker/188:1-e [kworker/188:1-events]
 973447 root     I    kworker/102:0-m [kworker/102:0-mm_percpu_wq]
 973599 root     I    kworker/70:1-ev [kworker/70:1-events]
 974327 root     I    kworker/65:2-ev [kworker/65:2-events]
 976013 root     I    kworker/15:0-ev [kworker/15:0-events]
 976524 root     I    kworker/16:2-ev [kworker/16:2-events]
 976944 root     I    kworker/45:2-mm [kworker/45:2-mm_percpu_wq]
 977826 root     I    kworker/95:1-ev [kworker/95:1-events]
 978019 root     I    kworker/2:2-mm_ [kworker/2:2-mm_percpu_wq]
 978020 root     I    kworker/2:3     [kworker/2:3]
 978302 root     I    kworker/98:2-ev [kworker/98:2-events]
 978745 root     I    kworker/99:0-ev [kworker/99:0-events]
 978845 root     I    kworker/186:1-e [kworker/186:1-events]
 979191 root     I    kworker/18:1-ev [kworker/18:1-events]
 980416 root     I    kworker/36:1-ev [kworker/36:1-events]
 980804 root     I    kworker/84:0-ev [kworker/84:0-events]
 980928 root     I    kworker/91:0-ev [kworker/91:0-events]
 981205 root     I    kworker/37:0-ev [kworker/37:0-events]
 981451 hxw      SN   sleep           sleep 600
 982872 root     I    kworker/46:2-ev [kworker/46:2-events]
 983057 root     I    kworker/10:1-pc [kworker/10:1-pcie_msg_workqueue]
 984734 root     I    kworker/11:0-ev [kworker/11:0-events]
 984812 root     I    kworker/55:0-mm [kworker/55:0-mm_percpu_wq]
 985140 root     I    kworker/43:1-mm [kworker/43:1-mm_percpu_wq]
 985326 root     I    kworker/0:0-eve [kworker/0:0-events]
 985630 wangjie+ S    sleep           sleep 180
 985665 root     I    kworker/30:1-ev [kworker/30:1-events]
 985754 hxw      SN   sleep           sleep 600
 986091 root     I    kworker/67:2-ev [kworker/67:2-events]
 986270 root     I    kworker/u391:5  [kworker/u391:5]
 986271 wangjie+ Rl   MainThread      /home/data4t1/wangjielei/.vscode-server/cli/servers/Stable-a44adf7f53e00964ab890f9f8758a334f1fc15bc/server/node /home/data4t1/wangjielei/.vscode-server/extensions/ms-python.vscode-pylance-2026.4.1/dist/server.bundle.js --cancellationReceive=file:57a720bd65d71f7b79ad37ecce4c98d21fc44b9d8b --node-ipc --clientProcessId=422238
 986391 root     I    kworker/167:0-m [kworker/167:0-mm_percpu_wq]
 987636 wangjie+ Sl+  pt_data_worker  /home/data4t1/wangjielei/anaconda3/envs/dassl/bin/python train.py --root /home/data4t2/czhDir/data --seed 1 --trainer CoOpThreeStageCSCTinyViTLTKD --dataset-config-file configs/datasets/cifar100_lt_if0.1.yaml --config-file configs/trainers/CoOp/vit_b16_ep130_three_stage_csc_tiny_vit_ltkd.yaml --output-dir /home/data4t2/czhDir/PromptKD/output/long_tail_three_stage_csc_tiny_vit_ltkd/5m_1k/alpha1.0_beta8.0_T4.0_warmup20/cifar100/longtail_if0.1_ltseed0/seed1_npu0 DATASET.NUM_SHOTS -1 DATASET.CIFAR100_LT.IMB_FACTOR 0.1 DATASET.CIFAR100_LT.SEED 0 DATALOADER.TRAIN_X.SAMPLER RandomSampler DATALOADER.TEST.BATCH_SIZE 16 OPTIM.MAX_EPOCH 130 TRAINER.COOP_THREE_STAGE_CSC.CSC_START_EPOCH 55 TRAINER.COOP_THREE_STAGE_CSC.PHASE2_LR 0.001 TRAINER.COOP_THREE_STAGE_CSC.PHASE3_LR 0.01 TRAINER.COOP_THREE_STAGE_CSC.BETA 0.9999 TRAINER.COOP_THREE_STAGE_VIT.VARIANT 5m TRAINER.COOP_THREE_STAGE_VIT.PRETRAINED_TYPE 1k TRAINER.COOP_THREE_STAGE_VIT.STUDENT_LR 0.00005 TRAINER.COOP_THREE_STAGE_CSC_LTKD.ALPHA 1.0 TRAINER.COOP_THREE_STAGE_CSC_LTKD.BETA 8.0 TRAINER.COOP_THREE_STAGE_CSC_LTKD.TEMPERATURE 4.0 TRAINER.COOP_THREE_STAGE_CSC_LTKD.WARMUP 20
 987655 wangjie+ Sl+  pt_data_worker  /home/data4t1/wangjielei/anaconda3/envs/dassl/bin/python train.py --root /home/data4t2/czhDir/data --seed 1 --trainer CoOpThreeStageCSCTinyViTLTKD --dataset-config-file configs/datasets/cifar100_lt_if0.1.yaml --config-file configs/trainers/CoOp/vit_b16_ep130_three_stage_csc_tiny_vit_ltkd.yaml --output-dir /home/data4t2/czhDir/PromptKD/output/long_tail_three_stage_csc_tiny_vit_ltkd/5m_1k/alpha1.0_beta8.0_T4.0_warmup20/cifar100/longtail_if0.1_ltseed0/seed1_npu0 DATASET.NUM_SHOTS -1 DATASET.CIFAR100_LT.IMB_FACTOR 0.1 DATASET.CIFAR100_LT.SEED 0 DATALOADER.TRAIN_X.SAMPLER RandomSampler DATALOADER.TEST.BATCH_SIZE 16 OPTIM.MAX_EPOCH 130 TRAINER.COOP_THREE_STAGE_CSC.CSC_START_EPOCH 55 TRAINER.COOP_THREE_STAGE_CSC.PHASE2_LR 0.001 TRAINER.COOP_THREE_STAGE_CSC.PHASE3_LR 0.01 TRAINER.COOP_THREE_STAGE_CSC.BETA 0.9999 TRAINER.COOP_THREE_STAGE_VIT.VARIANT 5m TRAINER.COOP_THREE_STAGE_VIT.PRETRAINED_TYPE 1k TRAINER.COOP_THREE_STAGE_VIT.STUDENT_LR 0.00005 TRAINER.COOP_THREE_STAGE_CSC_LTKD.ALPHA 1.0 TRAINER.COOP_THREE_STAGE_CSC_LTKD.BETA 8.0 TRAINER.COOP_THREE_STAGE_CSC_LTKD.TEMPERATURE 4.0 TRAINER.COOP_THREE_STAGE_CSC_LTKD.WARMUP 20
 987706 wangjie+ Sl+  pt_data_worker  /home/data4t1/wangjielei/anaconda3/envs/dassl/bin/python train.py --root /home/data4t2/czhDir/data --seed 1 --trainer CoOpThreeStageCSCTinyViTLTKD --dataset-config-file configs/datasets/cifar100_lt_if0.1.yaml --config-file configs/trainers/CoOp/vit_b16_ep130_three_stage_csc_tiny_vit_ltkd.yaml --output-dir /home/data4t2/czhDir/PromptKD/output/long_tail_three_stage_csc_tiny_vit_ltkd/5m_1k/alpha1.0_beta8.0_T4.0_warmup20/cifar100/longtail_if0.1_ltseed0/seed1_npu0 DATASET.NUM_SHOTS -1 DATASET.CIFAR100_LT.IMB_FACTOR 0.1 DATASET.CIFAR100_LT.SEED 0 DATALOADER.TRAIN_X.SAMPLER RandomSampler DATALOADER.TEST.BATCH_SIZE 16 OPTIM.MAX_EPOCH 130 TRAINER.COOP_THREE_STAGE_CSC.CSC_START_EPOCH 55 TRAINER.COOP_THREE_STAGE_CSC.PHASE2_LR 0.001 TRAINER.COOP_THREE_STAGE_CSC.PHASE3_LR 0.01 TRAINER.COOP_THREE_STAGE_CSC.BETA 0.9999 TRAINER.COOP_THREE_STAGE_VIT.VARIANT 5m TRAINER.COOP_THREE_STAGE_VIT.PRETRAINED_TYPE 1k TRAINER.COOP_THREE_STAGE_VIT.STUDENT_LR 0.00005 TRAINER.COOP_THREE_STAGE_CSC_LTKD.ALPHA 1.0 TRAINER.COOP_THREE_STAGE_CSC_LTKD.BETA 8.0 TRAINER.COOP_THREE_STAGE_CSC_LTKD.TEMPERATURE 4.0 TRAINER.COOP_THREE_STAGE_CSC_LTKD.WARMUP 20
 987728 wangjie+ Sl+  pt_data_worker  /home/data4t1/wangjielei/anaconda3/envs/dassl/bin/python train.py --root /home/data4t2/czhDir/data --seed 1 --trainer CoOpThreeStageCSCTinyViTLTKD --dataset-config-file configs/datasets/cifar100_lt_if0.1.yaml --config-file configs/trainers/CoOp/vit_b16_ep130_three_stage_csc_tiny_vit_ltkd.yaml --output-dir /home/data4t2/czhDir/PromptKD/output/long_tail_three_stage_csc_tiny_vit_ltkd/5m_1k/alpha1.0_beta8.0_T4.0_warmup20/cifar100/longtail_if0.1_ltseed0/seed1_npu0 DATASET.NUM_SHOTS -1 DATASET.CIFAR100_LT.IMB_FACTOR 0.1 DATASET.CIFAR100_LT.SEED 0 DATALOADER.TRAIN_X.SAMPLER RandomSampler DATALOADER.TEST.BATCH_SIZE 16 OPTIM.MAX_EPOCH 130 TRAINER.COOP_THREE_STAGE_CSC.CSC_START_EPOCH 55 TRAINER.COOP_THREE_STAGE_CSC.PHASE2_LR 0.001 TRAINER.COOP_THREE_STAGE_CSC.PHASE3_LR 0.01 TRAINER.COOP_THREE_STAGE_CSC.BETA 0.9999 TRAINER.COOP_THREE_STAGE_VIT.VARIANT 5m TRAINER.COOP_THREE_STAGE_VIT.PRETRAINED_TYPE 1k TRAINER.COOP_THREE_STAGE_VIT.STUDENT_LR 0.00005 TRAINER.COOP_THREE_STAGE_CSC_LTKD.ALPHA 1.0 TRAINER.COOP_THREE_STAGE_CSC_LTKD.BETA 8.0 TRAINER.COOP_THREE_STAGE_CSC_LTKD.TEMPERATURE 4.0 TRAINER.COOP_THREE_STAGE_CSC_LTKD.WARMUP 20
 987747 wangjie+ Sl+  pt_data_worker  /home/data4t1/wangjielei/anaconda3/envs/dassl/bin/python train.py --root /home/data4t2/czhDir/data --seed 1 --trainer CoOpThreeStageCSCTinyViTLTKD --dataset-config-file configs/datasets/cifar100_lt_if0.1.yaml --config-file configs/trainers/CoOp/vit_b16_ep130_three_stage_csc_tiny_vit_ltkd.yaml --output-dir /home/data4t2/czhDir/PromptKD/output/long_tail_three_stage_csc_tiny_vit_ltkd/5m_1k/alpha1.0_beta8.0_T4.0_warmup20/cifar100/longtail_if0.1_ltseed0/seed1_npu0 DATASET.NUM_SHOTS -1 DATASET.CIFAR100_LT.IMB_FACTOR 0.1 DATASET.CIFAR100_LT.SEED 0 DATALOADER.TRAIN_X.SAMPLER RandomSampler DATALOADER.TEST.BATCH_SIZE 16 OPTIM.MAX_EPOCH 130 TRAINER.COOP_THREE_STAGE_CSC.CSC_START_EPOCH 55 TRAINER.COOP_THREE_STAGE_CSC.PHASE2_LR 0.001 TRAINER.COOP_THREE_STAGE_CSC.PHASE3_LR 0.01 TRAINER.COOP_THREE_STAGE_CSC.BETA 0.9999 TRAINER.COOP_THREE_STAGE_VIT.VARIANT 5m TRAINER.COOP_THREE_STAGE_VIT.PRETRAINED_TYPE 1k TRAINER.COOP_THREE_STAGE_VIT.STUDENT_LR 0.00005 TRAINER.COOP_THREE_STAGE_CSC_LTKD.ALPHA 1.0 TRAINER.COOP_THREE_STAGE_CSC_LTKD.BETA 8.0 TRAINER.COOP_THREE_STAGE_CSC_LTKD.TEMPERATURE 4.0 TRAINER.COOP_THREE_STAGE_CSC_LTKD.WARMUP 20
 987789 wangjie+ Rl+  pt_data_worker  /home/data4t1/wangjielei/anaconda3/envs/dassl/bin/python train.py --root /home/data4t2/czhDir/data --seed 1 --trainer CoOpThreeStageCSCTinyViTLTKD --dataset-config-file configs/datasets/cifar100_lt_if0.1.yaml --config-file configs/trainers/CoOp/vit_b16_ep130_three_stage_csc_tiny_vit_ltkd.yaml --output-dir /home/data4t2/czhDir/PromptKD/output/long_tail_three_stage_csc_tiny_vit_ltkd/5m_1k/alpha1.0_beta8.0_T4.0_warmup20/cifar100/longtail_if0.1_ltseed0/seed1_npu0 DATASET.NUM_SHOTS -1 DATASET.CIFAR100_LT.IMB_FACTOR 0.1 DATASET.CIFAR100_LT.SEED 0 DATALOADER.TRAIN_X.SAMPLER RandomSampler DATALOADER.TEST.BATCH_SIZE 16 OPTIM.MAX_EPOCH 130 TRAINER.COOP_THREE_STAGE_CSC.CSC_START_EPOCH 55 TRAINER.COOP_THREE_STAGE_CSC.PHASE2_LR 0.001 TRAINER.COOP_THREE_STAGE_CSC.PHASE3_LR 0.01 TRAINER.COOP_THREE_STAGE_CSC.BETA 0.9999 TRAINER.COOP_THREE_STAGE_VIT.VARIANT 5m TRAINER.COOP_THREE_STAGE_VIT.PRETRAINED_TYPE 1k TRAINER.COOP_THREE_STAGE_VIT.STUDENT_LR 0.00005 TRAINER.COOP_THREE_STAGE_CSC_LTKD.ALPHA 1.0 TRAINER.COOP_THREE_STAGE_CSC_LTKD.BETA 8.0 TRAINER.COOP_THREE_STAGE_CSC_LTKD.TEMPERATURE 4.0 TRAINER.COOP_THREE_STAGE_CSC_LTKD.WARMUP 20
 987814 wangjie+ Sl+  pt_data_worker  /home/data4t1/wangjielei/anaconda3/envs/dassl/bin/python train.py --root /home/data4t2/czhDir/data --seed 1 --trainer CoOpThreeStageCSCTinyViTLTKD --dataset-config-file configs/datasets/cifar100_lt_if0.1.yaml --config-file configs/trainers/CoOp/vit_b16_ep130_three_stage_csc_tiny_vit_ltkd.yaml --output-dir /home/data4t2/czhDir/PromptKD/output/long_tail_three_stage_csc_tiny_vit_ltkd/5m_1k/alpha1.0_beta8.0_T4.0_warmup20/cifar100/longtail_if0.1_ltseed0/seed1_npu0 DATASET.NUM_SHOTS -1 DATASET.CIFAR100_LT.IMB_FACTOR 0.1 DATASET.CIFAR100_LT.SEED 0 DATALOADER.TRAIN_X.SAMPLER RandomSampler DATALOADER.TEST.BATCH_SIZE 16 OPTIM.MAX_EPOCH 130 TRAINER.COOP_THREE_STAGE_CSC.CSC_START_EPOCH 55 TRAINER.COOP_THREE_STAGE_CSC.PHASE2_LR 0.001 TRAINER.COOP_THREE_STAGE_CSC.PHASE3_LR 0.01 TRAINER.COOP_THREE_STAGE_CSC.BETA 0.9999 TRAINER.COOP_THREE_STAGE_VIT.VARIANT 5m TRAINER.COOP_THREE_STAGE_VIT.PRETRAINED_TYPE 1k TRAINER.COOP_THREE_STAGE_VIT.STUDENT_LR 0.00005 TRAINER.COOP_THREE_STAGE_CSC_LTKD.ALPHA 1.0 TRAINER.COOP_THREE_STAGE_CSC_LTKD.BETA 8.0 TRAINER.COOP_THREE_STAGE_CSC_LTKD.TEMPERATURE 4.0 TRAINER.COOP_THREE_STAGE_CSC_LTKD.WARMUP 20
 987837 wangjie+ Sl+  pt_data_worker  /home/data4t1/wangjielei/anaconda3/envs/dassl/bin/python train.py --root /home/data4t2/czhDir/data --seed 1 --trainer CoOpThreeStageCSCTinyViTLTKD --dataset-config-file configs/datasets/cifar100_lt_if0.1.yaml --config-file configs/trainers/CoOp/vit_b16_ep130_three_stage_csc_tiny_vit_ltkd.yaml --output-dir /home/data4t2/czhDir/PromptKD/output/long_tail_three_stage_csc_tiny_vit_ltkd/5m_1k/alpha1.0_beta8.0_T4.0_warmup20/cifar100/longtail_if0.1_ltseed0/seed1_npu0 DATASET.NUM_SHOTS -1 DATASET.CIFAR100_LT.IMB_FACTOR 0.1 DATASET.CIFAR100_LT.SEED 0 DATALOADER.TRAIN_X.SAMPLER RandomSampler DATALOADER.TEST.BATCH_SIZE 16 OPTIM.MAX_EPOCH 130 TRAINER.COOP_THREE_STAGE_CSC.CSC_START_EPOCH 55 TRAINER.COOP_THREE_STAGE_CSC.PHASE2_LR 0.001 TRAINER.COOP_THREE_STAGE_CSC.PHASE3_LR 0.01 TRAINER.COOP_THREE_STAGE_CSC.BETA 0.9999 TRAINER.COOP_THREE_STAGE_VIT.VARIANT 5m TRAINER.COOP_THREE_STAGE_VIT.PRETRAINED_TYPE 1k TRAINER.COOP_THREE_STAGE_VIT.STUDENT_LR 0.00005 TRAINER.COOP_THREE_STAGE_CSC_LTKD.ALPHA 1.0 TRAINER.COOP_THREE_STAGE_CSC_LTKD.BETA 8.0 TRAINER.COOP_THREE_STAGE_CSC_LTKD.TEMPERATURE 4.0 TRAINER.COOP_THREE_STAGE_CSC_LTKD.WARMUP 20
 989409 root     I    kworker/27:2-ev [kworker/27:2-events]
 990076 wangjie+ Sl+  pt_data_worker  /home/data4t1/wangjielei/anaconda3/envs/dassl/bin/python train.py --root /home/data4t2/hxwDir/data --seed 1 --trainer CoOpThreeStageCSCTinyViTLTKD --dataset-config-file configs/datasets/long_tail/eurosat_lt.yaml --config-file configs/trainers/CoOp/vit_b16_ep130_three_stage_csc_tiny_vit_ltkd.yaml --output-dir /home/data4t2/czhDir/PromptKD/output/long_tail_three_stage_csc_tiny_vit_ltkd/5m_1k/alpha1.0_beta8.0_T4.0_warmup20/eurosat/longtail_if0.1_ltseed0/seed1_npu2 DATASET.NUM_SHOTS -1 DATASET.LONG_TAIL.IMB_FACTOR 0.1 DATASET.LONG_TAIL.SEED 0 DATALOADER.TRAIN_X.SAMPLER RandomSampler DATALOADER.TEST.BATCH_SIZE 16 OPTIM.MAX_EPOCH 130 TRAINER.COOP_THREE_STAGE_CSC.CSC_START_EPOCH 55 TRAINER.COOP_THREE_STAGE_CSC.PHASE2_LR 0.001 TRAINER.COOP_THREE_STAGE_CSC.PHASE3_LR 0.01 TRAINER.COOP_THREE_STAGE_CSC.BETA 0.9999 TRAINER.COOP_THREE_STAGE_VIT.VARIANT 5m TRAINER.COOP_THREE_STAGE_VIT.PRETRAINED_TYPE 1k TRAINER.COOP_THREE_STAGE_VIT.STUDENT_LR 0.00005 TRAINER.COOP_THREE_STAGE_CSC_LTKD.ALPHA 1.0 TRAINER.COOP_THREE_STAGE_CSC_LTKD.BETA 8.0 TRAINER.COOP_THREE_STAGE_CSC_LTKD.TEMPERATURE 4.0 TRAINER.COOP_THREE_STAGE_CSC_LTKD.WARMUP 20
 990118 wangjie+ Sl+  pt_data_worker  /home/data4t1/wangjielei/anaconda3/envs/dassl/bin/python train.py --root /home/data4t2/hxwDir/data --seed 1 --trainer CoOpThreeStageCSCTinyViTLTKD --dataset-config-file configs/datasets/long_tail/eurosat_lt.yaml --config-file configs/trainers/CoOp/vit_b16_ep130_three_stage_csc_tiny_vit_ltkd.yaml --output-dir /home/data4t2/czhDir/PromptKD/output/long_tail_three_stage_csc_tiny_vit_ltkd/5m_1k/alpha1.0_beta8.0_T4.0_warmup20/eurosat/longtail_if0.1_ltseed0/seed1_npu2 DATASET.NUM_SHOTS -1 DATASET.LONG_TAIL.IMB_FACTOR 0.1 DATASET.LONG_TAIL.SEED 0 DATALOADER.TRAIN_X.SAMPLER RandomSampler DATALOADER.TEST.BATCH_SIZE 16 OPTIM.MAX_EPOCH 130 TRAINER.COOP_THREE_STAGE_CSC.CSC_START_EPOCH 55 TRAINER.COOP_THREE_STAGE_CSC.PHASE2_LR 0.001 TRAINER.COOP_THREE_STAGE_CSC.PHASE3_LR 0.01 TRAINER.COOP_THREE_STAGE_CSC.BETA 0.9999 TRAINER.COOP_THREE_STAGE_VIT.VARIANT 5m TRAINER.COOP_THREE_STAGE_VIT.PRETRAINED_TYPE 1k TRAINER.COOP_THREE_STAGE_VIT.STUDENT_LR 0.00005 TRAINER.COOP_THREE_STAGE_CSC_LTKD.ALPHA 1.0 TRAINER.COOP_THREE_STAGE_CSC_LTKD.BETA 8.0 TRAINER.COOP_THREE_STAGE_CSC_LTKD.TEMPERATURE 4.0 TRAINER.COOP_THREE_STAGE_CSC_LTKD.WARMUP 20
 990137 wangjie+ Sl+  pt_data_worker  /home/data4t1/wangjielei/anaconda3/envs/dassl/bin/python train.py --root /home/data4t2/hxwDir/data --seed 1 --trainer CoOpThreeStageCSCTinyViTLTKD --dataset-config-file configs/datasets/long_tail/eurosat_lt.yaml --config-file configs/trainers/CoOp/vit_b16_ep130_three_stage_csc_tiny_vit_ltkd.yaml --output-dir /home/data4t2/czhDir/PromptKD/output/long_tail_three_stage_csc_tiny_vit_ltkd/5m_1k/alpha1.0_beta8.0_T4.0_warmup20/eurosat/longtail_if0.1_ltseed0/seed1_npu2 DATASET.NUM_SHOTS -1 DATASET.LONG_TAIL.IMB_FACTOR 0.1 DATASET.LONG_TAIL.SEED 0 DATALOADER.TRAIN_X.SAMPLER RandomSampler DATALOADER.TEST.BATCH_SIZE 16 OPTIM.MAX_EPOCH 130 TRAINER.COOP_THREE_STAGE_CSC.CSC_START_EPOCH 55 TRAINER.COOP_THREE_STAGE_CSC.PHASE2_LR 0.001 TRAINER.COOP_THREE_STAGE_CSC.PHASE3_LR 0.01 TRAINER.COOP_THREE_STAGE_CSC.BETA 0.9999 TRAINER.COOP_THREE_STAGE_VIT.VARIANT 5m TRAINER.COOP_THREE_STAGE_VIT.PRETRAINED_TYPE 1k TRAINER.COOP_THREE_STAGE_VIT.STUDENT_LR 0.00005 TRAINER.COOP_THREE_STAGE_CSC_LTKD.ALPHA 1.0 TRAINER.COOP_THREE_STAGE_CSC_LTKD.BETA 8.0 TRAINER.COOP_THREE_STAGE_CSC_LTKD.TEMPERATURE 4.0 TRAINER.COOP_THREE_STAGE_CSC_LTKD.WARMUP 20
 990170 wangjie+ Sl+  pt_data_worker  /home/data4t1/wangjielei/anaconda3/envs/dassl/bin/python train.py --root /home/data4t2/hxwDir/data --seed 1 --trainer CoOpThreeStageCSCTinyViTLTKD --dataset-config-file configs/datasets/long_tail/eurosat_lt.yaml --config-file configs/trainers/CoOp/vit_b16_ep130_three_stage_csc_tiny_vit_ltkd.yaml --output-dir /home/data4t2/czhDir/PromptKD/output/long_tail_three_stage_csc_tiny_vit_ltkd/5m_1k/alpha1.0_beta8.0_T4.0_warmup20/eurosat/longtail_if0.1_ltseed0/seed1_npu2 DATASET.NUM_SHOTS -1 DATASET.LONG_TAIL.IMB_FACTOR 0.1 DATASET.LONG_TAIL.SEED 0 DATALOADER.TRAIN_X.SAMPLER RandomSampler DATALOADER.TEST.BATCH_SIZE 16 OPTIM.MAX_EPOCH 130 TRAINER.COOP_THREE_STAGE_CSC.CSC_START_EPOCH 55 TRAINER.COOP_THREE_STAGE_CSC.PHASE2_LR 0.001 TRAINER.COOP_THREE_STAGE_CSC.PHASE3_LR 0.01 TRAINER.COOP_THREE_STAGE_CSC.BETA 0.9999 TRAINER.COOP_THREE_STAGE_VIT.VARIANT 5m TRAINER.COOP_THREE_STAGE_VIT.PRETRAINED_TYPE 1k TRAINER.COOP_THREE_STAGE_VIT.STUDENT_LR 0.00005 TRAINER.COOP_THREE_STAGE_CSC_LTKD.ALPHA 1.0 TRAINER.COOP_THREE_STAGE_CSC_LTKD.BETA 8.0 TRAINER.COOP_THREE_STAGE_CSC_LTKD.TEMPERATURE 4.0 TRAINER.COOP_THREE_STAGE_CSC_LTKD.WARMUP 20
 990221 wangjie+ Sl+  pt_data_worker  /home/data4t1/wangjielei/anaconda3/envs/dassl/bin/python train.py --root /home/data4t2/hxwDir/data --seed 1 --trainer CoOpThreeStageCSCTinyViTLTKD --dataset-config-file configs/datasets/long_tail/eurosat_lt.yaml --config-file configs/trainers/CoOp/vit_b16_ep130_three_stage_csc_tiny_vit_ltkd.yaml --output-dir /home/data4t2/czhDir/PromptKD/output/long_tail_three_stage_csc_tiny_vit_ltkd/5m_1k/alpha1.0_beta8.0_T4.0_warmup20/eurosat/longtail_if0.1_ltseed0/seed1_npu2 DATASET.NUM_SHOTS -1 DATASET.LONG_TAIL.IMB_FACTOR 0.1 DATASET.LONG_TAIL.SEED 0 DATALOADER.TRAIN_X.SAMPLER RandomSampler DATALOADER.TEST.BATCH_SIZE 16 OPTIM.MAX_EPOCH 130 TRAINER.COOP_THREE_STAGE_CSC.CSC_START_EPOCH 55 TRAINER.COOP_THREE_STAGE_CSC.PHASE2_LR 0.001 TRAINER.COOP_THREE_STAGE_CSC.PHASE3_LR 0.01 TRAINER.COOP_THREE_STAGE_CSC.BETA 0.9999 TRAINER.COOP_THREE_STAGE_VIT.VARIANT 5m TRAINER.COOP_THREE_STAGE_VIT.PRETRAINED_TYPE 1k TRAINER.COOP_THREE_STAGE_VIT.STUDENT_LR 0.00005 TRAINER.COOP_THREE_STAGE_CSC_LTKD.ALPHA 1.0 TRAINER.COOP_THREE_STAGE_CSC_LTKD.BETA 8.0 TRAINER.COOP_THREE_STAGE_CSC_LTKD.TEMPERATURE 4.0 TRAINER.COOP_THREE_STAGE_CSC_LTKD.WARMUP 20
 990261 wangjie+ Sl+  pt_data_worker  /home/data4t1/wangjielei/anaconda3/envs/dassl/bin/python train.py --root /home/data4t2/hxwDir/data --seed 1 --trainer CoOpThreeStageCSCTinyViTLTKD --dataset-config-file configs/datasets/long_tail/eurosat_lt.yaml --config-file configs/trainers/CoOp/vit_b16_ep130_three_stage_csc_tiny_vit_ltkd.yaml --output-dir /home/data4t2/czhDir/PromptKD/output/long_tail_three_stage_csc_tiny_vit_ltkd/5m_1k/alpha1.0_beta8.0_T4.0_warmup20/eurosat/longtail_if0.1_ltseed0/seed1_npu2 DATASET.NUM_SHOTS -1 DATASET.LONG_TAIL.IMB_FACTOR 0.1 DATASET.LONG_TAIL.SEED 0 DATALOADER.TRAIN_X.SAMPLER RandomSampler DATALOADER.TEST.BATCH_SIZE 16 OPTIM.MAX_EPOCH 130 TRAINER.COOP_THREE_STAGE_CSC.CSC_START_EPOCH 55 TRAINER.COOP_THREE_STAGE_CSC.PHASE2_LR 0.001 TRAINER.COOP_THREE_STAGE_CSC.PHASE3_LR 0.01 TRAINER.COOP_THREE_STAGE_CSC.BETA 0.9999 TRAINER.COOP_THREE_STAGE_VIT.VARIANT 5m TRAINER.COOP_THREE_STAGE_VIT.PRETRAINED_TYPE 1k TRAINER.COOP_THREE_STAGE_VIT.STUDENT_LR 0.00005 TRAINER.COOP_THREE_STAGE_CSC_LTKD.ALPHA 1.0 TRAINER.COOP_THREE_STAGE_CSC_LTKD.BETA 8.0 TRAINER.COOP_THREE_STAGE_CSC_LTKD.TEMPERATURE 4.0 TRAINER.COOP_THREE_STAGE_CSC_LTKD.WARMUP 20
 990285 wangjie+ Sl+  pt_data_worker  /home/data4t1/wangjielei/anaconda3/envs/dassl/bin/python train.py --root /home/data4t2/hxwDir/data --seed 1 --trainer CoOpThreeStageCSCTinyViTLTKD --dataset-config-file configs/datasets/long_tail/eurosat_lt.yaml --config-file configs/trainers/CoOp/vit_b16_ep130_three_stage_csc_tiny_vit_ltkd.yaml --output-dir /home/data4t2/czhDir/PromptKD/output/long_tail_three_stage_csc_tiny_vit_ltkd/5m_1k/alpha1.0_beta8.0_T4.0_warmup20/eurosat/longtail_if0.1_ltseed0/seed1_npu2 DATASET.NUM_SHOTS -1 DATASET.LONG_TAIL.IMB_FACTOR 0.1 DATASET.LONG_TAIL.SEED 0 DATALOADER.TRAIN_X.SAMPLER RandomSampler DATALOADER.TEST.BATCH_SIZE 16 OPTIM.MAX_EPOCH 130 TRAINER.COOP_THREE_STAGE_CSC.CSC_START_EPOCH 55 TRAINER.COOP_THREE_STAGE_CSC.PHASE2_LR 0.001 TRAINER.COOP_THREE_STAGE_CSC.PHASE3_LR 0.01 TRAINER.COOP_THREE_STAGE_CSC.BETA 0.9999 TRAINER.COOP_THREE_STAGE_VIT.VARIANT 5m TRAINER.COOP_THREE_STAGE_VIT.PRETRAINED_TYPE 1k TRAINER.COOP_THREE_STAGE_VIT.STUDENT_LR 0.00005 TRAINER.COOP_THREE_STAGE_CSC_LTKD.ALPHA 1.0 TRAINER.COOP_THREE_STAGE_CSC_LTKD.BETA 8.0 TRAINER.COOP_THREE_STAGE_CSC_LTKD.TEMPERATURE 4.0 TRAINER.COOP_THREE_STAGE_CSC_LTKD.WARMUP 20
 990310 wangjie+ Sl+  pt_data_worker  /home/data4t1/wangjielei/anaconda3/envs/dassl/bin/python train.py --root /home/data4t2/hxwDir/data --seed 1 --trainer CoOpThreeStageCSCTinyViTLTKD --dataset-config-file configs/datasets/long_tail/eurosat_lt.yaml --config-file configs/trainers/CoOp/vit_b16_ep130_three_stage_csc_tiny_vit_ltkd.yaml --output-dir /home/data4t2/czhDir/PromptKD/output/long_tail_three_stage_csc_tiny_vit_ltkd/5m_1k/alpha1.0_beta8.0_T4.0_warmup20/eurosat/longtail_if0.1_ltseed0/seed1_npu2 DATASET.NUM_SHOTS -1 DATASET.LONG_TAIL.IMB_FACTOR 0.1 DATASET.LONG_TAIL.SEED 0 DATALOADER.TRAIN_X.SAMPLER RandomSampler DATALOADER.TEST.BATCH_SIZE 16 OPTIM.MAX_EPOCH 130 TRAINER.COOP_THREE_STAGE_CSC.CSC_START_EPOCH 55 TRAINER.COOP_THREE_STAGE_CSC.PHASE2_LR 0.001 TRAINER.COOP_THREE_STAGE_CSC.PHASE3_LR 0.01 TRAINER.COOP_THREE_STAGE_CSC.BETA 0.9999 TRAINER.COOP_THREE_STAGE_VIT.VARIANT 5m TRAINER.COOP_THREE_STAGE_VIT.PRETRAINED_TYPE 1k TRAINER.COOP_THREE_STAGE_VIT.STUDENT_LR 0.00005 TRAINER.COOP_THREE_STAGE_CSC_LTKD.ALPHA 1.0 TRAINER.COOP_THREE_STAGE_CSC_LTKD.BETA 8.0 TRAINER.COOP_THREE_STAGE_CSC_LTKD.TEMPERATURE 4.0 TRAINER.COOP_THREE_STAGE_CSC_LTKD.WARMUP 20
 990733 root     I    kworker/40:1-ev [kworker/40:1-events]
 990740 root     I    kworker/111:0-e [kworker/111:0-events]
 990799 wangjie+ S    sleep           sleep 180
 991049 root     I    kworker/28:0-ev [kworker/28:0-events]
 991337 zhouxin+ Sl   python3         /home/data4t1/zhouxinyu/anaconda3/envs/dynam3d/bin/python3 -c from multiprocessing.spawn import spawn_main; spawn_main(tracker_fd=28, pipe_handle=96) --multiprocessing-fork
 991578 root     I    kworker/9:1     [kworker/9:1]
 991895 root     I    kworker/3:1-mm_ [kworker/3:1-mm_percpu_wq]
 993543 root     I    kworker/51:0-ev [kworker/51:0-events]
 993594 root     I    kworker/103:1-m [kworker/103:1-mm_percpu_wq]
 993717 root     I    kworker/113:1-e [kworker/113:1-events]
 993943 root     I<   kworker/u393:6- [kworker/u393:6-dev2_sq_send_wq]
 993981 root     I    kworker/97:0-ev [kworker/97:0-events]
 994112 root     I    kworker/13:2-mm [kworker/13:2-mm_percpu_wq]
 994143 lelinfe+ Ssl  code-a5b5009513 /home/data4t2/lelinfeng/.vscode-server/code-a5b500951314efd502d07465bd138dfbd714a960 --cli-data-dir /home/data4t2/lelinfeng/.vscode-server/cli agent host
 994586 root     I    kworker/6:0-eve [kworker/6:0-events]
 994632 root     I    kworker/112:2-e [kworker/112:2-events]
 994814 root     I    kworker/u388:2- [kworker/u388:2-events_unbound]
 994822 root     I    kworker/17:1-ev [kworker/17:1-events]
 995395 root     I    kworker/29:2-ev [kworker/29:2-events]
 996050 root     I    kworker/48:1-ev [kworker/48:1-events]
 996331 root     I    kworker/19:0-ev [kworker/19:0-events]
 996380 root     I    kworker/117:0-m [kworker/117:0-mm_percpu_wq]
 996879 root     I    kworker/83:2-mm [kworker/83:2-mm_percpu_wq]
 997034 root     I    kworker/39:0-ev [kworker/39:0-events]
 997721 root     I    kworker/108:1-e [kworker/108:1-events]
 998359 root     I    kworker/1:2-eve [kworker/1:2-events]
 998864 root     I    kworker/54:2-ev [kworker/54:2-events]
 999680 lelinfe+ Ss   bash            /bin/bash -lc set -o pipefail stamp=$(date -u +%Y%m%dT%H%M%SZ) out="本地实验/ROW-SCALE-HOIST-X/V066/local/device-snapshot-before-local-${stamp}.log" {   date -u   printf 'REVISION=V066\nDEVICE_MAPPING=physical3 via ASCEND_RT_VISIBLE_DEVICES=3, runner logical device=0\n'   printf 'CURRENT_HEAD='   git rev-parse HEAD   printf 'CANDIDATE_SHA256='   sha256sum '本地实验/ROW-SCALE-HOIST-X/V066/submission.asc'   printf 'PARENT_SHA256='   sha256sum '本地实验/ROW-SCALE-HOIST-X/V066/compile/src/parent_submission.asc'   printf 'LOCAL_PARENT_EXE_SHA256='   sha256sum "本地实验/ROW-SCALE-HOIST-X/V066/runners/build-local-20261008T210000Z/v066_local_parent"   printf 'LOCAL_CANDIDATE_EXE_SHA256='   sha256sum "本地实验/ROW-SCALE-HOIST-X/V066/runners/build-local-20261008T210000Z/v066_local_candidate"   printf '\n--- npu-smi info ---\n'   npu-smi info   printf '\n--- processes ---\n'   ps -eo pid,user,stat,comm,args } 2>&1 | tee "$out" printf 'SNAPSHOT_PATH=%s\n' "$out"
 999685 lelinfe+ S    bash            /bin/bash -lc set -o pipefail stamp=$(date -u +%Y%m%dT%H%M%SZ) out="本地实验/ROW-SCALE-HOIST-X/V066/local/device-snapshot-before-local-${stamp}.log" {   date -u   printf 'REVISION=V066\nDEVICE_MAPPING=physical3 via ASCEND_RT_VISIBLE_DEVICES=3, runner logical device=0\n'   printf 'CURRENT_HEAD='   git rev-parse HEAD   printf 'CANDIDATE_SHA256='   sha256sum '本地实验/ROW-SCALE-HOIST-X/V066/submission.asc'   printf 'PARENT_SHA256='   sha256sum '本地实验/ROW-SCALE-HOIST-X/V066/compile/src/parent_submission.asc'   printf 'LOCAL_PARENT_EXE_SHA256='   sha256sum "本地实验/ROW-SCALE-HOIST-X/V066/runners/build-local-20261008T210000Z/v066_local_parent"   printf 'LOCAL_CANDIDATE_EXE_SHA256='   sha256sum "本地实验/ROW-SCALE-HOIST-X/V066/runners/build-local-20261008T210000Z/v066_local_candidate"   printf '\n--- npu-smi info ---\n'   npu-smi info   printf '\n--- processes ---\n'   ps -eo pid,user,stat,comm,args } 2>&1 | tee "$out" printf 'SNAPSHOT_PATH=%s\n' "$out"
 999686 lelinfe+ S    tee             tee 本地实验/ROW-SCALE-HOIST-X/V066/local/device-snapshot-before-local-20261008T210211Z.log
 999943 wangyu   S+   watch           watch -n 1 npu-smi info
 999944 wangyu   S+   sh              sh -c npu-smi info
 999945 wangyu   Sl+  npu-smi         npu-smi info
 999946 wangjie+ S    sh              /bin/sh -c "/home/data4t1/wangjielei/.vscode-server/cli/servers/Stable-a44adf7f53e00964ab890f9f8758a334f1fc15bc/server/out/vs/base/node/cpuUsage.sh" 2895847 4178764
 999950 wangjie+ S    cpuUsage.sh     /bin/bash /home/data4t1/wangjielei/.vscode-server/cli/servers/Stable-a44adf7f53e00964ab890f9f8758a334f1fc15bc/server/out/vs/base/node/cpuUsage.sh 2895847 4178764
 999960 wangjie+ S    sleep           sleep 1
 999998 root     I    kworker/82:1-mm [kworker/82:1-mm_percpu_wq]
1000001 hxw      Sl+  npu-smi         npu-smi info
1000039 lelinfe+ R    ps              ps -eo pid,user,stat,comm,args
1007452 hxw      Ssl  server          /home/data4t1/hxw/.claude/remote/srv/5db5e4a12f88487e47c2c48259b69a2d630bb3f7/server --serve --socket /home/data4t1/hxw/.claude/remote/run/d2781cdd/rpc.sock --token-file /home/data4t1/hxw/.claude/remote/run/d2781cdd/token.24fc221215785702
1032941 root     I    kworker/127:0-m [kworker/127:0-mm_percpu_wq]
1045915 root     I    kworker/124:1-c [kworker/124:1-cgwb_release]
1061375 wangjie+ Ss   screen          SCREEN
1061379 wangjie+ Ss+  bash            /bin/bash
1075664 root     I    kworker/154:1-m [kworker/154:1-mm_percpu_wq]
1080110 wangjie+ Sl   MainThread      /home/data4t1/wangjielei/.vscode-server/cli/servers/Stable-a44adf7f53e00964ab890f9f8758a334f1fc15bc/server/node /home/data4t1/wangjielei/.vscode-server/cli/servers/Stable-a44adf7f53e00964ab890f9f8758a334f1fc15bc/server/extensions/json-language-features/server/dist/node/jsonServerMain --node-ipc --clientProcessId=422238
1081276 duangui+ Ss   systemd         /lib/systemd/systemd --user
1081278 duangui+ S    (sd-pam)        (sd-pam)
1081305 duangui+ Ssl  pipewire        /usr/bin/pipewire
1081306 duangui+ Ssl  pipewire-media- /usr/bin/pipewire-media-session
1081327 duangui+ Ss   dbus-daemon     /usr/bin/dbus-daemon --session --address=systemd: --nofork --nopidfile --systemd-activation --syslog-only
1126457 duangui+ Ssl  code-08d4889f9e /home/data4t1/duanguiduo/.vscode-server/code-08d4889f9ec4a1685d257b9b95de036c8e1ce1e5 --cli-data-dir /home/data4t1/duanguiduo/.vscode-server/cli agent host
1173255 wangjie+ Ss   screen          SCREEN
1173259 wangjie+ Ss+  bash            /bin/bash
1175415 hxw      Ss+  tail            tail -F /home/data4t2/hxwDir/hxw_moved/verl-npu-opd/logs/opd-sampled-6npu-2048-b24-graph-micro8.log
1182185 root     Ss   sshd            sshd: hxw [priv]
1182479 hxw      S    sshd            sshd: hxw@pts/44
1182483 hxw      Ss   bash            -bash
1200627 hxw      Ss+  bash            bash
1218625 zhouxin+ Ss   systemd         /lib/systemd/systemd --user
1218626 zhouxin+ S    (sd-pam)        (sd-pam)
1218658 zhouxin+ Ssl  pipewire        /usr/bin/pipewire
1218659 zhouxin+ Ssl  pipewire-media- /usr/bin/pipewire-media-session
1218680 zhouxin+ Ss   dbus-daemon     /usr/bin/dbus-daemon --session --address=systemd: --nofork --nopidfile --systemd-activation --syslog-only
1222675 zhouxin+ Sl   mihomo          /home/data4t1/zhouxinyu/opt/clashctl/bin/mihomo -d /home/data4t1/zhouxinyu/opt/clashctl/resources -f /home/data4t1/zhouxinyu/opt/clashctl/resources/runtime.yaml
1261574 wangjie+ Ssl  gvfsd           /usr/libexec/gvfsd
1261592 wangjie+ Ssl  gvfsd-metadata  /usr/libexec/gvfsd-metadata
1290424 hxw      Ss+  bash            -bash
1342987 hxw      Ss   codex-auth      /home/data4t1/hxw/.nvm/versions/node/v24.14.0/lib/node_modules/@loongphy/codex-auth/node_modules/@loongphy/codex-auth-linux-arm64/bin/codex-auth daemon --watch
1403029 hxw      SN   bash            bash /home/data4t1/hxw/.claude/jobs/59a80f15/tmp/monitor_ours_pcam_crossatt_status.sh
1414382 wangjie+ Ss   bash            /bin/bash --init-file /home/data4t1/wangjielei/.vscode-server/cli/servers/Stable-7debcd0e2acdea1c52de81bf9ee1620444407dda/server/out/vs/workbench/contrib/terminal/common/scripts/shellIntegration-bash.sh
1414385 wangjie+ Ss+  bash            /bin/bash --init-file /home/data4t1/wangjielei/.vscode-server/cli/servers/Stable-7debcd0e2acdea1c52de81bf9ee1620444407dda/server/out/vs/workbench/contrib/terminal/common/scripts/shellIntegration-bash.sh
1417914 root     Ss   sshd            sshd: wangjielei [priv]
1418024 wangjie+ S    sshd            sshd: wangjielei@notty
1418031 wangjie+ Ssl  node-MainThread node /home/data4t1/wangjielei/.local/bin/codex app-server proxy
1421494 wangjie+ Sl   codex           /home/data4t1/wangjielei/.local/lib/node_modules/@openai/codex/node_modules/@openai/codex-linux-arm64/vendor/aarch64-unknown-linux-musl/bin/codex app-server proxy
1424972 hxw      Ssl  sshfs           .tools/sshfs-root/usr/bin/sshfs 84090:/home/adaspace/.hxw/mopd-assets/runs/mathif-empty-factorial12-20260928t0603z /home/data4t2/hxwDir/hxw_moved/.codex-mopd-control/mathif-empty-factorial12-20260928t0603z -o ro,reconnect,ServerAliveInterval=15,ServerAliveCountMax=3
1424997 hxw      S    ssh             ssh -x -a -oClearAllForwardings=yes -oServerAliveInterval=15 -oServerAliveCountMax=3 -2 84090 -s sftp
1442871 syslog   Ssl  rsyslogd        /usr/sbin/rsyslogd -n -iNONE
1486089 hxw      Ssl  at-spi-bus-laun /usr/libexec/at-spi-bus-launcher
1497473 zhangsh+ Ssl  code-fcf604774b /home/data4t1/zhangshifa/.vscode-server/code-fcf604774b9f2674b473065736ee75077e256353 --cli-data-dir /home/data4t1/zhangshifa/.vscode-server/cli agent host
1546780 zhangka+ Ss   systemd         /lib/systemd/systemd --user
1546781 zhangka+ S    (sd-pam)        (sd-pam)
1546791 zhangka+ Ssl  pipewire        /usr/bin/pipewire
1546796 zhangka+ Ssl  pipewire-media- /usr/bin/pipewire-media-session
1546826 zhangka+ Ss   dbus-daemon     /usr/bin/dbus-daemon --session --address=systemd: --nofork --nopidfile --systemd-activation --syslog-only
1555247 hxw      Ssl  sshfs           .tools/sshfs-root/usr/bin/sshfs 84090:/home/adaspace/.hxw/mopd-assets/runs/mathif-empty-analysis12-20260928t0616z /home/data4t2/hxwDir/hxw_moved/.codex-mopd-control/mathif-empty-analysis12-20260928t0616z -o ro,reconnect,ServerAliveInterval=15,ServerAliveCountMax=3
1555391 hxw      S    ssh             ssh -x -a -oClearAllForwardings=yes -oServerAliveInterval=15 -oServerAliveCountMax=3 -2 84090 -s sftp
1561501 wangjie+ Ssl  code-a5b5009513 /home/data4t1/wangjielei/.vscode-server/code-a5b500951314efd502d07465bd138dfbd714a960 --cli-data-dir /home/data4t1/wangjielei/.vscode-server/cli agent host
1585040 root     Ss   sshd            sshd: hxw [priv]
1585118 hxw      S    sshd            sshd: hxw@notty
1585146 hxw      Ssl  codex           codex app-server proxy
1597193 zhongzi+ Ss   screen          SCREEN -S train
1597222 zhongzi+ Ss+  bash            /bin/bash
1617688 chenqiz+ Ss   systemd         /lib/systemd/systemd --user
1617690 chenqiz+ S    (sd-pam)        (sd-pam)
1617721 chenqiz+ Ssl  pipewire        /usr/bin/pipewire
1617722 chenqiz+ Ssl  pipewire-media- /usr/bin/pipewire-media-session
1617747 chenqiz+ Ss   dbus-daemon     /usr/bin/dbus-daemon --session --address=systemd: --nofork --nopidfile --systemd-activation --syslog-only
1619100 hxw      Ssl  sshfs           .tools/sshfs-root/usr/bin/sshfs 84090:/home/adaspace/.hxw/mopd-assets/runs/mathif-empty-final12-20260928t0621z /home/data4t2/hxwDir/hxw_moved/.codex-mopd-control/mathif-empty-final12-20260928t0621z -o ro,reconnect,ServerAliveInterval=15,ServerAliveCountMax=3
1619167 hxw      S    ssh             ssh -x -a -oClearAllForwardings=yes -oServerAliveInterval=15 -oServerAliveCountMax=3 -2 84090 -s sftp
1680108 hxw      S+   autossh         autossh -M 0 -N -T -p 39529 -o ServerAliveInterval=30 -o ServerAliveCountMax=3 -o ExitOnForwardFailure=yes -R 127.0.0.1:8317:127.0.0.1:8317 root@121.48.170.6
1705060 wangjie+ Sl   gvfsd-trash     /usr/libexec/gvfsd-trash --spawner :1.5 /org/gtk/gvfs/exec_spaw/0
1714924 hxw      Ssl  server          /home/data4t1/hxw/.claude/remote/srv/7d193f89fc02cf1035a391245312e34ad419f63e/server --serve --socket /home/data4t1/hxw/.claude/remote/run/d2781cdd/rpc.sock --token-file /home/data4t1/hxw/.claude/remote/run/d2781cdd/token.c513f0c93c334910
1720475 root     I    kworker/60:0-mm [kworker/60:0-mm_percpu_wq]
1731186 root     I    kworker/52:2-mm [kworker/52:2-mm_percpu_wq]
1740109 zhangsh+ Ss   systemd         /lib/systemd/systemd --user
1740110 zhangsh+ S    (sd-pam)        (sd-pam)
1740145 zhangsh+ Ssl  pipewire        /usr/bin/pipewire
1740146 zhangsh+ Ssl  pipewire-media- /usr/bin/pipewire-media-session
1740171 zhangsh+ Ss   dbus-daemon     /usr/bin/dbus-daemon --session --address=systemd: --nofork --nopidfile --systemd-activation --syslog-only
1759184 zhongzi+ Ss   systemd         /lib/systemd/systemd --user
1759187 zhongzi+ S    (sd-pam)        (sd-pam)
1759216 zhongzi+ Ssl  pipewire        /usr/bin/pipewire
1759217 zhongzi+ Ssl  pipewire-media- /usr/bin/pipewire-media-session
1759237 zhongzi+ Ss   dbus-daemon     /usr/bin/dbus-daemon --session --address=systemd: --nofork --nopidfile --systemd-activation --syslog-only
1760767 zhongzi+ Ssl  code-4fe60c8b1c /home/data4t1/zhongziyang/.vscode-server/code-4fe60c8b1cdac1c4c174f2fb180d0d758272d713 --cli-data-dir /home/data4t1/zhongziyang/.vscode-server/cli agent host
1772694 root     I    kworker/142:2-e [kworker/142:2-events]
1800046 wangjie+ Ss   bash            /bin/bash --init-file /home/data4t1/wangjielei/.vscode-server/cli/servers/Stable-a44adf7f53e00964ab890f9f8758a334f1fc15bc/server/out/vs/workbench/contrib/terminal/common/scripts/shellIntegration-bash.sh
1833615 lelinfe+ Sl   codex           codex -c features.code_mode_host=true app-server --listen unix://
1837649 wangjie+ Ss+  bash            /bin/bash --init-file /home/data4t1/wangjielei/.vscode-server/cli/servers/Stable-a44adf7f53e00964ab890f9f8758a334f1fc15bc/server/out/vs/workbench/contrib/terminal/common/scripts/shellIntegration-bash.sh
1910515 root     I    kworker/122:2-m [kworker/122:2-mm_percpu_wq]
1923102 hxw      Ssl  tailscaled      /home/data4t1/hxw/.local/opt/tailscale-1.98.4/tailscaled --tun=userspace-networking --socket=/home/data4t1/hxw/.local/state/tailscale/tailscaled.sock --statedir=/home/data4t1/hxw/.local/state/tailscale --socks5-server=127.0.0.1:1055 --outbound-http-proxy-listen=127.0.0.1:1055
1923573 gouhang  Ss   tmux: server    tmux new -s mlaga
1923574 gouhang  Ss+  bash            -bash
1925078 root     I    kworker/132:2-e [kworker/132:2-events]
1925844 root     I    kworker/129:1-m [kworker/129:1-mm_percpu_wq]
1935631 root     I    kworker/135:0-m [kworker/135:0-mm_percpu_wq]
1968642 lelinfe+ Sl   codex-code-mode /home/data4t2/lelinfeng/.codex/packages/standalone/releases/0.160.0-aarch64-unknown-linux-musl/bin/codex-code-mode-host
1969628 root     I    kworker/66:1-ev [kworker/66:1-events]
1972502 root     I    kworker/155:1-e [kworker/155:1-events]
1999984 chenqiz+ Ssl  code-7e7950df89 /home/data4t1/chenqizhi/.vscode-server/code-7e7950df89d055b5a378379db9ee14290772148a --cli-data-dir /home/data4t1/chenqizhi/.vscode-server/cli agent host
2009531 root     I    kworker/167:2-e [kworker/167:2-events]
2025522 root     I    kworker/150:0-e [kworker/150:0-events]
2033118 hxw      Sl+  nputop          /home/data4t1/hxw/anaconda3/bin/python3.10 /home/data4t1/hxw/anaconda3/bin/nputop
2055760 wangjie+ S+   bash            bash scripts/coop/run_three_stage_csc_tiny_vit_ltkd_multigpu.sh 1 0.1
2055765 wangjie+ S+   bash            bash scripts/coop/run_three_stage_csc_tiny_vit_ltkd_multigpu.sh 1 0.1
2055766 wangjie+ S+   bash            bash scripts/coop/run_three_stage_csc_tiny_vit_ltkd_multigpu.sh 1 0.1
2055767 wangjie+ S+   bash            bash scripts/coop/run_three_stage_csc_tiny_vit_ltkd_multigpu.sh 1 0.1
2055771 wangjie+ S+   bash            bash scripts/coop/run_three_stage_csc_tiny_vit_ltkd_multigpu.sh 1 0.1
2055776 wangjie+ S+   bash            bash /home/data4t2/czhDir/PromptKD/scripts/coop/long_tail_comparison.sh resisc45 longtail 1 0.1
2055778 wangjie+ S+   tee             tee -a /home/data4t2/czhDir/PromptKD/output/long_tail_three_stage_csc_tiny_vit_ltkd/5m_1k/alpha1.0_beta8.0_T4.0_warmup20/resisc45/longtail_if0.1_ltseed0/seed1_npu7/launcher.log
2055780 wangjie+ S+   bash            bash /home/data4t2/czhDir/PromptKD/scripts/coop/long_tail_comparison.sh eurosat longtail 1 0.1
2055784 wangjie+ S+   tee             tee -a /home/data4t2/czhDir/PromptKD/output/long_tail_three_stage_csc_tiny_vit_ltkd/5m_1k/alpha1.0_beta8.0_T4.0_warmup20/eurosat/longtail_if0.1_ltseed0/seed1_npu2/launcher.log
2055831 wangjie+ Rl+  python          /home/data4t1/wangjielei/anaconda3/envs/dassl/bin/python train.py --root /home/data4t2/czhDir/data --seed 1 --trainer CoOpThreeStageCSCTinyViTLTKD --dataset-config-file configs/datasets/long_tail/nwpu_resisc45_lt.yaml --config-file configs/trainers/CoOp/vit_b16_ep130_three_stage_csc_tiny_vit_ltkd.yaml --output-dir /home/data4t2/czhDir/PromptKD/output/long_tail_three_stage_csc_tiny_vit_ltkd/5m_1k/alpha1.0_beta8.0_T4.0_warmup20/resisc45/longtail_if0.1_ltseed0/seed1_npu7 DATASET.NUM_SHOTS -1 DATASET.LONG_TAIL.IMB_FACTOR 0.1 DATASET.LONG_TAIL.SEED 0 DATALOADER.TRAIN_X.SAMPLER RandomSampler DATALOADER.TEST.BATCH_SIZE 16 OPTIM.MAX_EPOCH 130 TRAINER.COOP_THREE_STAGE_CSC.CSC_START_EPOCH 55 TRAINER.COOP_THREE_STAGE_CSC.PHASE2_LR 0.001 TRAINER.COOP_THREE_STAGE_CSC.PHASE3_LR 0.01 TRAINER.COOP_THREE_STAGE_CSC.BETA 0.9999 TRAINER.COOP_THREE_STAGE_VIT.VARIANT 5m TRAINER.COOP_THREE_STAGE_VIT.PRETRAINED_TYPE 1k TRAINER.COOP_THREE_STAGE_VIT.STUDENT_LR 0.00005 TRAINER.COOP_THREE_STAGE_CSC_LTKD.ALPHA 1.0 TRAINER.COOP_THREE_STAGE_CSC_LTKD.BETA 8.0 TRAINER.COOP_THREE_STAGE_CSC_LTKD.TEMPERATURE 4.0 TRAINER.COOP_THREE_STAGE_CSC_LTKD.WARMUP 20
2055832 wangjie+ Rl+  python          /home/data4t1/wangjielei/anaconda3/envs/dassl/bin/python train.py --root /home/data4t2/hxwDir/data --seed 1 --trainer CoOpThreeStageCSCTinyViTLTKD --dataset-config-file configs/datasets/long_tail/eurosat_lt.yaml --config-file configs/trainers/CoOp/vit_b16_ep130_three_stage_csc_tiny_vit_ltkd.yaml --output-dir /home/data4t2/czhDir/PromptKD/output/long_tail_three_stage_csc_tiny_vit_ltkd/5m_1k/alpha1.0_beta8.0_T4.0_warmup20/eurosat/longtail_if0.1_ltseed0/seed1_npu2 DATASET.NUM_SHOTS -1 DATASET.LONG_TAIL.IMB_FACTOR 0.1 DATASET.LONG_TAIL.SEED 0 DATALOADER.TRAIN_X.SAMPLER RandomSampler DATALOADER.TEST.BATCH_SIZE 16 OPTIM.MAX_EPOCH 130 TRAINER.COOP_THREE_STAGE_CSC.CSC_START_EPOCH 55 TRAINER.COOP_THREE_STAGE_CSC.PHASE2_LR 0.001 TRAINER.COOP_THREE_STAGE_CSC.PHASE3_LR 0.01 TRAINER.COOP_THREE_STAGE_CSC.BETA 0.9999 TRAINER.COOP_THREE_STAGE_VIT.VARIANT 5m TRAINER.COOP_THREE_STAGE_VIT.PRETRAINED_TYPE 1k TRAINER.COOP_THREE_STAGE_VIT.STUDENT_LR 0.00005 TRAINER.COOP_THREE_STAGE_CSC_LTKD.ALPHA 1.0 TRAINER.COOP_THREE_STAGE_CSC_LTKD.BETA 8.0 TRAINER.COOP_THREE_STAGE_CSC_LTKD.TEMPERATURE 4.0 TRAINER.COOP_THREE_STAGE_CSC_LTKD.WARMUP 20
2062644 wangjie+ Sl+  python          /home/data4t1/wangjielei/anaconda3/envs/dassl/bin/python train.py --root /home/data4t2/czhDir/data --seed 1 --trainer CoOpThreeStageCSCTinyViTLTKD --dataset-config-file configs/datasets/long_tail/nwpu_resisc45_lt.yaml --config-file configs/trainers/CoOp/vit_b16_ep130_three_stage_csc_tiny_vit_ltkd.yaml --output-dir /home/data4t2/czhDir/PromptKD/output/long_tail_three_stage_csc_tiny_vit_ltkd/5m_1k/alpha1.0_beta8.0_T4.0_warmup20/resisc45/longtail_if0.1_ltseed0/seed1_npu7 DATASET.NUM_SHOTS -1 DATASET.LONG_TAIL.IMB_FACTOR 0.1 DATASET.LONG_TAIL.SEED 0 DATALOADER.TRAIN_X.SAMPLER RandomSampler DATALOADER.TEST.BATCH_SIZE 16 OPTIM.MAX_EPOCH 130 TRAINER.COOP_THREE_STAGE_CSC.CSC_START_EPOCH 55 TRAINER.COOP_THREE_STAGE_CSC.PHASE2_LR 0.001 TRAINER.COOP_THREE_STAGE_CSC.PHASE3_LR 0.01 TRAINER.COOP_THREE_STAGE_CSC.BETA 0.9999 TRAINER.COOP_THREE_STAGE_VIT.VARIANT 5m TRAINER.COOP_THREE_STAGE_VIT.PRETRAINED_TYPE 1k TRAINER.COOP_THREE_STAGE_VIT.STUDENT_LR 0.00005 TRAINER.COOP_THREE_STAGE_CSC_LTKD.ALPHA 1.0 TRAINER.COOP_THREE_STAGE_CSC_LTKD.BETA 8.0 TRAINER.COOP_THREE_STAGE_CSC_LTKD.TEMPERATURE 4.0 TRAINER.COOP_THREE_STAGE_CSC_LTKD.WARMUP 20
2062716 wangjie+ Sl+  python          /home/data4t1/wangjielei/anaconda3/envs/dassl/bin/python train.py --root /home/data4t2/hxwDir/data --seed 1 --trainer CoOpThreeStageCSCTinyViTLTKD --dataset-config-file configs/datasets/long_tail/eurosat_lt.yaml --config-file configs/trainers/CoOp/vit_b16_ep130_three_stage_csc_tiny_vit_ltkd.yaml --output-dir /home/data4t2/czhDir/PromptKD/output/long_tail_three_stage_csc_tiny_vit_ltkd/5m_1k/alpha1.0_beta8.0_T4.0_warmup20/eurosat/longtail_if0.1_ltseed0/seed1_npu2 DATASET.NUM_SHOTS -1 DATASET.LONG_TAIL.IMB_FACTOR 0.1 DATASET.LONG_TAIL.SEED 0 DATALOADER.TRAIN_X.SAMPLER RandomSampler DATALOADER.TEST.BATCH_SIZE 16 OPTIM.MAX_EPOCH 130 TRAINER.COOP_THREE_STAGE_CSC.CSC_START_EPOCH 55 TRAINER.COOP_THREE_STAGE_CSC.PHASE2_LR 0.001 TRAINER.COOP_THREE_STAGE_CSC.PHASE3_LR 0.01 TRAINER.COOP_THREE_STAGE_CSC.BETA 0.9999 TRAINER.COOP_THREE_STAGE_VIT.VARIANT 5m TRAINER.COOP_THREE_STAGE_VIT.PRETRAINED_TYPE 1k TRAINER.COOP_THREE_STAGE_VIT.STUDENT_LR 0.00005 TRAINER.COOP_THREE_STAGE_CSC_LTKD.ALPHA 1.0 TRAINER.COOP_THREE_STAGE_CSC_LTKD.BETA 8.0 TRAINER.COOP_THREE_STAGE_CSC_LTKD.TEMPERATURE 4.0 TRAINER.COOP_THREE_STAGE_CSC_LTKD.WARMUP 20
2062886 wangjie+ S+   python          /home/data4t1/wangjielei/anaconda3/envs/dassl/bin/python -c from multiprocessing.resource_tracker import main;main(27)
2062890 wangjie+ S+   python          /home/data4t1/wangjielei/anaconda3/envs/dassl/bin/python -c from multiprocessing.forkserver import main; main(27, 30, [], **{})
2062892 wangjie+ S+   python          /home/data4t1/wangjielei/anaconda3/envs/dassl/bin/python -c from multiprocessing.resource_tracker import main;main(27)
2062893 wangjie+ S+   python          /home/data4t1/wangjielei/anaconda3/envs/dassl/bin/python -c from multiprocessing.forkserver import main; main(27, 30, [], **{})
2062894 wangjie+ Sl+  python          /home/data4t1/wangjielei/anaconda3/envs/dassl/bin/python -c from multiprocessing.forkserver import main; main(27, 30, [], **{})
2062895 wangjie+ Sl+  python          /home/data4t1/wangjielei/anaconda3/envs/dassl/bin/python -c from multiprocessing.forkserver import main; main(27, 30, [], **{})
2062896 wangjie+ Sl+  python          /home/data4t1/wangjielei/anaconda3/envs/dassl/bin/python -c from multiprocessing.forkserver import main; main(27, 30, [], **{})
2062897 wangjie+ Sl+  python          /home/data4t1/wangjielei/anaconda3/envs/dassl/bin/python -c from multiprocessing.forkserver import main; main(27, 30, [], **{})
2062898 wangjie+ Sl+  python          /home/data4t1/wangjielei/anaconda3/envs/dassl/bin/python -c from multiprocessing.forkserver import main; main(27, 30, [], **{})
2062899 wangjie+ Sl+  python          /home/data4t1/wangjielei/anaconda3/envs/dassl/bin/python -c from multiprocessing.forkserver import main; main(27, 30, [], **{})
2062900 wangjie+ Sl+  python          /home/data4t1/wangjielei/anaconda3/envs/dassl/bin/python -c from multiprocessing.forkserver import main; main(27, 30, [], **{})
2062901 wangjie+ Sl+  python          /home/data4t1/wangjielei/anaconda3/envs/dassl/bin/python -c from multiprocessing.forkserver import main; main(27, 30, [], **{})
2062902 wangjie+ Sl+  python          /home/data4t1/wangjielei/anaconda3/envs/dassl/bin/python -c from multiprocessing.forkserver import main; main(27, 30, [], **{})
2062903 wangjie+ Sl+  python          /home/data4t1/wangjielei/anaconda3/envs/dassl/bin/python -c from multiprocessing.forkserver import main; main(27, 30, [], **{})
2062904 wangjie+ Sl+  python          /home/data4t1/wangjielei/anaconda3/envs/dassl/bin/python -c from multiprocessing.forkserver import main; main(27, 30, [], **{})
2062905 wangjie+ Sl+  python          /home/data4t1/wangjielei/anaconda3/envs/dassl/bin/python -c from multiprocessing.forkserver import main; main(27, 30, [], **{})
2062906 wangjie+ Sl+  python          /home/data4t1/wangjielei/anaconda3/envs/dassl/bin/python -c from multiprocessing.forkserver import main; main(27, 30, [], **{})
2062907 wangjie+ Sl+  python          /home/data4t1/wangjielei/anaconda3/envs/dassl/bin/python -c from multiprocessing.forkserver import main; main(27, 30, [], **{})
2062908 wangjie+ Sl+  python          /home/data4t1/wangjielei/anaconda3/envs/dassl/bin/python -c from multiprocessing.forkserver import main; main(27, 30, [], **{})
2062909 wangjie+ Sl+  python          /home/data4t1/wangjielei/anaconda3/envs/dassl/bin/python -c from multiprocessing.forkserver import main; main(27, 30, [], **{})
2062910 wangjie+ Sl+  python          /home/data4t1/wangjielei/anaconda3/envs/dassl/bin/python -c from multiprocessing.forkserver import main; main(27, 30, [], **{})
2062911 wangjie+ Sl+  python          /home/data4t1/wangjielei/anaconda3/envs/dassl/bin/python -c from multiprocessing.forkserver import main; main(27, 30, [], **{})
2063220 wangjie+ Sl+  python          /home/data4t1/wangjielei/anaconda3/envs/dassl/bin/python -c from multiprocessing.forkserver import main; main(27, 30, [], **{})
2063221 wangjie+ Sl+  python          /home/data4t1/wangjielei/anaconda3/envs/dassl/bin/python -c from multiprocessing.forkserver import main; main(27, 30, [], **{})
2063222 wangjie+ Sl+  python          /home/data4t1/wangjielei/anaconda3/envs/dassl/bin/python -c from multiprocessing.forkserver import main; main(27, 30, [], **{})
2063223 wangjie+ Sl+  python          /home/data4t1/wangjielei/anaconda3/envs/dassl/bin/python -c from multiprocessing.forkserver import main; main(27, 30, [], **{})
2063225 wangjie+ Sl+  python          /home/data4t1/wangjielei/anaconda3/envs/dassl/bin/python -c from multiprocessing.forkserver import main; main(27, 30, [], **{})
2063226 wangjie+ Sl+  python          /home/data4t1/wangjielei/anaconda3/envs/dassl/bin/python -c from multiprocessing.forkserver import main; main(27, 30, [], **{})
2063228 wangjie+ Sl+  python          /home/data4t1/wangjielei/anaconda3/envs/dassl/bin/python -c from multiprocessing.forkserver import main; main(27, 30, [], **{})
2063231 wangjie+ Sl+  python          /home/data4t1/wangjielei/anaconda3/envs/dassl/bin/python -c from multiprocessing.forkserver import main; main(27, 30, [], **{})
2063232 wangjie+ Sl+  python          /home/data4t1/wangjielei/anaconda3/envs/dassl/bin/python -c from multiprocessing.forkserver import main; main(27, 30, [], **{})
2063235 wangjie+ Sl+  python          /home/data4t1/wangjielei/anaconda3/envs/dassl/bin/python -c from multiprocessing.forkserver import main; main(27, 30, [], **{})
2063237 wangjie+ Sl+  python          /home/data4t1/wangjielei/anaconda3/envs/dassl/bin/python -c from multiprocessing.forkserver import main; main(27, 30, [], **{})
2063238 wangjie+ Sl+  python          /home/data4t1/wangjielei/anaconda3/envs/dassl/bin/python -c from multiprocessing.forkserver import main; main(27, 30, [], **{})
2063239 wangjie+ Sl+  python          /home/data4t1/wangjielei/anaconda3/envs/dassl/bin/python -c from multiprocessing.forkserver import main; main(27, 30, [], **{})
2063241 wangjie+ Sl+  python          /home/data4t1/wangjielei/anaconda3/envs/dassl/bin/python -c from multiprocessing.forkserver import main; main(27, 30, [], **{})
2063243 wangjie+ Sl+  python          /home/data4t1/wangjielei/anaconda3/envs/dassl/bin/python -c from multiprocessing.forkserver import main; main(27, 30, [], **{})
2063244 wangjie+ Sl+  python          /home/data4t1/wangjielei/anaconda3/envs/dassl/bin/python -c from multiprocessing.forkserver import main; main(27, 30, [], **{})
2063245 wangjie+ Sl+  python          /home/data4t1/wangjielei/anaconda3/envs/dassl/bin/python -c from multiprocessing.forkserver import main; main(27, 30, [], **{})
2063246 wangjie+ Sl+  python          /home/data4t1/wangjielei/anaconda3/envs/dassl/bin/python -c from multiprocessing.forkserver import main; main(27, 30, [], **{})
2063248 wangjie+ Sl+  python          /home/data4t1/wangjielei/anaconda3/envs/dassl/bin/python -c from multiprocessing.forkserver import main; main(27, 30, [], **{})
2063249 wangjie+ Sl+  python          /home/data4t1/wangjielei/anaconda3/envs/dassl/bin/python -c from multiprocessing.forkserver import main; main(27, 30, [], **{})
2063250 wangjie+ Sl+  python          /home/data4t1/wangjielei/anaconda3/envs/dassl/bin/python -c from multiprocessing.forkserver import main; main(27, 30, [], **{})
2063251 wangjie+ Sl+  python          /home/data4t1/wangjielei/anaconda3/envs/dassl/bin/python -c from multiprocessing.forkserver import main; main(27, 30, [], **{})
2063256 wangjie+ Sl+  python          /home/data4t1/wangjielei/anaconda3/envs/dassl/bin/python -c from multiprocessing.forkserver import main; main(27, 30, [], **{})
2063257 wangjie+ Sl+  python          /home/data4t1/wangjielei/anaconda3/envs/dassl/bin/python -c from multiprocessing.forkserver import main; main(27, 30, [], **{})
2063258 wangjie+ Sl+  python          /home/data4t1/wangjielei/anaconda3/envs/dassl/bin/python -c from multiprocessing.forkserver import main; main(27, 30, [], **{})
2063260 wangjie+ Sl+  python          /home/data4t1/wangjielei/anaconda3/envs/dassl/bin/python -c from multiprocessing.forkserver import main; main(27, 30, [], **{})
2063264 wangjie+ Sl+  python          /home/data4t1/wangjielei/anaconda3/envs/dassl/bin/python -c from multiprocessing.forkserver import main; main(27, 30, [], **{})
2063265 wangjie+ Sl+  python          /home/data4t1/wangjielei/anaconda3/envs/dassl/bin/python -c from multiprocessing.forkserver import main; main(27, 30, [], **{})
2063266 wangjie+ Sl+  python          /home/data4t1/wangjielei/anaconda3/envs/dassl/bin/python -c from multiprocessing.forkserver import main; main(27, 30, [], **{})
2063267 wangjie+ Sl+  python          /home/data4t1/wangjielei/anaconda3/envs/dassl/bin/python -c from multiprocessing.forkserver import main; main(27, 30, [], **{})
2063270 wangjie+ Sl+  python          /home/data4t1/wangjielei/anaconda3/envs/dassl/bin/python -c from multiprocessing.forkserver import main; main(27, 30, [], **{})
2063271 wangjie+ Sl+  python          /home/data4t1/wangjielei/anaconda3/envs/dassl/bin/python -c from multiprocessing.forkserver import main; main(27, 30, [], **{})
2063290 wangjie+ Sl+  python          /home/data4t1/wangjielei/anaconda3/envs/dassl/bin/python -c from multiprocessing.forkserver import main; main(27, 30, [], **{})
2063291 wangjie+ Sl+  python          /home/data4t1/wangjielei/anaconda3/envs/dassl/bin/python -c from multiprocessing.forkserver import main; main(27, 30, [], **{})
2063293 wangjie+ Sl+  python          /home/data4t1/wangjielei/anaconda3/envs/dassl/bin/python -c from multiprocessing.forkserver import main; main(27, 30, [], **{})
2063294 wangjie+ Sl+  python          /home/data4t1/wangjielei/anaconda3/envs/dassl/bin/python -c from multiprocessing.forkserver import main; main(27, 30, [], **{})
2063295 wangjie+ Sl+  python          /home/data4t1/wangjielei/anaconda3/envs/dassl/bin/python -c from multiprocessing.forkserver import main; main(27, 30, [], **{})
2063296 wangjie+ Sl+  python          /home/data4t1/wangjielei/anaconda3/envs/dassl/bin/python -c from multiprocessing.forkserver import main; main(27, 30, [], **{})
2063297 wangjie+ Sl+  python          /home/data4t1/wangjielei/anaconda3/envs/dassl/bin/python -c from multiprocessing.forkserver import main; main(27, 30, [], **{})
2063302 wangjie+ Sl+  python          /home/data4t1/wangjielei/anaconda3/envs/dassl/bin/python -c from multiprocessing.forkserver import main; main(27, 30, [], **{})
2063303 wangjie+ Sl+  python          /home/data4t1/wangjielei/anaconda3/envs/dassl/bin/python -c from multiprocessing.forkserver import main; main(27, 30, [], **{})
2063304 wangjie+ Sl+  python          /home/data4t1/wangjielei/anaconda3/envs/dassl/bin/python -c from multiprocessing.forkserver import main; main(27, 30, [], **{})
2063306 wangjie+ Sl+  python          /home/data4t1/wangjielei/anaconda3/envs/dassl/bin/python -c from multiprocessing.forkserver import main; main(27, 30, [], **{})
2063307 wangjie+ Sl+  python          /home/data4t1/wangjielei/anaconda3/envs/dassl/bin/python -c from multiprocessing.forkserver import main; main(27, 30, [], **{})
2063308 wangjie+ Sl+  python          /home/data4t1/wangjielei/anaconda3/envs/dassl/bin/python -c from multiprocessing.forkserver import main; main(27, 30, [], **{})
2063312 wangjie+ Sl+  python          /home/data4t1/wangjielei/anaconda3/envs/dassl/bin/python -c from multiprocessing.forkserver import main; main(27, 30, [], **{})
2063313 wangjie+ Sl+  python          /home/data4t1/wangjielei/anaconda3/envs/dassl/bin/python -c from multiprocessing.forkserver import main; main(27, 30, [], **{})
2063314 wangjie+ Sl+  python          /home/data4t1/wangjielei/anaconda3/envs/dassl/bin/python -c from multiprocessing.forkserver import main; main(27, 30, [], **{})
2063315 wangjie+ Sl+  python          /home/data4t1/wangjielei/anaconda3/envs/dassl/bin/python -c from multiprocessing.forkserver import main; main(27, 30, [], **{})
2063318 wangjie+ Sl+  python          /home/data4t1/wangjielei/anaconda3/envs/dassl/bin/python -c from multiprocessing.forkserver import main; main(27, 30, [], **{})
2063320 wangjie+ Sl+  python          /home/data4t1/wangjielei/anaconda3/envs/dassl/bin/python -c from multiprocessing.forkserver import main; main(27, 30, [], **{})
2063321 wangjie+ Sl+  python          /home/data4t1/wangjielei/anaconda3/envs/dassl/bin/python -c from multiprocessing.forkserver import main; main(27, 30, [], **{})
2063322 wangjie+ Sl+  python          /home/data4t1/wangjielei/anaconda3/envs/dassl/bin/python -c from multiprocessing.forkserver import main; main(27, 30, [], **{})
2063323 wangjie+ Sl+  python          /home/data4t1/wangjielei/anaconda3/envs/dassl/bin/python -c from multiprocessing.forkserver import main; main(27, 30, [], **{})
2063324 wangjie+ Sl+  python          /home/data4t1/wangjielei/anaconda3/envs/dassl/bin/python -c from multiprocessing.forkserver import main; main(27, 30, [], **{})
2063325 wangjie+ Sl+  python          /home/data4t1/wangjielei/anaconda3/envs/dassl/bin/python -c from multiprocessing.forkserver import main; main(27, 30, [], **{})
2063326 wangjie+ Sl+  python          /home/data4t1/wangjielei/anaconda3/envs/dassl/bin/python -c from multiprocessing.forkserver import main; main(27, 30, [], **{})
2063327 wangjie+ Sl+  python          /home/data4t1/wangjielei/anaconda3/envs/dassl/bin/python -c from multiprocessing.forkserver import main; main(27, 30, [], **{})
2063328 wangjie+ Sl+  python          /home/data4t1/wangjielei/anaconda3/envs/dassl/bin/python -c from multiprocessing.forkserver import main; main(27, 30, [], **{})
2063329 wangjie+ Sl+  python          /home/data4t1/wangjielei/anaconda3/envs/dassl/bin/python -c from multiprocessing.forkserver import main; main(27, 30, [], **{})
2063330 wangjie+ Sl+  python          /home/data4t1/wangjielei/anaconda3/envs/dassl/bin/python -c from multiprocessing.forkserver import main; main(27, 30, [], **{})
2063331 wangjie+ Sl+  python          /home/data4t1/wangjielei/anaconda3/envs/dassl/bin/python -c from multiprocessing.forkserver import main; main(27, 30, [], **{})
2063332 wangjie+ Sl+  python          /home/data4t1/wangjielei/anaconda3/envs/dassl/bin/python -c from multiprocessing.forkserver import main; main(27, 30, [], **{})
2063333 wangjie+ Sl+  python          /home/data4t1/wangjielei/anaconda3/envs/dassl/bin/python -c from multiprocessing.forkserver import main; main(27, 30, [], **{})
2100087 wangjie+ S    ping            ping -n -W 3000 -c 1 -s 56 www.trae.cn
2138950 root     I    kworker/159:1-c [kworker/159:1-cgwb_release]
2148893 root     I    kworker/143:0-m [kworker/143:0-mm_percpu_wq]
2159040 zhangka+ Ss   screen          SCREEN -U
2159041 zhangka+ Ss+  bash            /bin/bash
2163690 root     I    kworker/137:2-m [kworker/137:2-mm_percpu_wq]
2167759 hxw      Ssl  sshfs           .tools/sshfs-root/usr/bin/sshfs 84090:/home/adaspace/.hxw/mopd-assets/runs/mathif-composition-pilot60-20260927t1237z /home/data4t2/hxwDir/hxw_moved/.codex-mopd-control/mathif-composition-pilot60-20260927t1237z -o ro,reconnect,ServerAliveInterval=15,ServerAliveCountMax=3
2167765 hxw      S    ssh             ssh -x -a -oClearAllForwardings=yes -oServerAliveInterval=15 -oServerAliveCountMax=3 -2 84090 -s sftp
2173073 wangjie+ Ss   bash            /bin/bash --init-file /home/data4t1/wangjielei/.vscode-server/cli/servers/Stable-a44adf7f53e00964ab890f9f8758a334f1fc15bc/server/out/vs/workbench/contrib/terminal/common/scripts/shellIntegration-bash.sh
2173152 hxw      S+   ssh             /usr/bin/ssh -N -T -p 39529 -o ServerAliveInterval=30 -o ServerAliveCountMax=3 -o ExitOnForwardFailure=yes -R 127.0.0.1:8317:127.0.0.1:8317 root@121.48.170.6
2195679 root     I    kworker/138:1-m [kworker/138:1-mm_percpu_wq]
2200224 zhangka+ Ss   screen          SCREEN -U
2200225 zhangka+ Ss+  bash            /bin/bash
2228317 root     I<   kworker/u393:3- [kworker/u393:3-dev0_sq_send_wq]
2259579 root     I    kworker/64:0-ev [kworker/64:0-events]
2268651 root     I    kworker/134:0-m [kworker/134:0-mm_percpu_wq]
2298726 hxw      Ss   bash            bash
2321236 root     Ss   sshd            sshd: wangjielei [priv]
2321420 wangjie+ S    sshd            sshd: wangjielei@notty
2321421 wangjie+ Ss   sh              sh
2321444 wangjie+ Sl   code-7debcd0e2a /home/data4t1/wangjielei/.vscode-server/code-7debcd0e2acdea1c52de81bf9ee1620444407dda command-shell --cli-data-dir /home/data4t1/wangjielei/.vscode-server/cli --parent-process-id 2321421 --on-host=127.0.0.1 --on-port
2321917 wangjie+ Sl   MainThread      /home/data4t1/wangjielei/.vscode-server/cli/servers/Stable-7debcd0e2acdea1c52de81bf9ee1620444407dda/server/node --dns-result-order=ipv4first /home/data4t1/wangjielei/.vscode-server/cli/servers/Stable-7debcd0e2acdea1c52de81bf9ee1620444407dda/server/out/bootstrap-fork --type=extensionHost --transformURIs --useHostProxy=false
2321933 wangjie+ Sl   MainThread      /home/data4t1/wangjielei/.vscode-server/cli/servers/Stable-7debcd0e2acdea1c52de81bf9ee1620444407dda/server/node /home/data4t1/wangjielei/.vscode-server/cli/servers/Stable-7debcd0e2acdea1c52de81bf9ee1620444407dda/server/out/bootstrap-fork --type=fileWatcher
2325147 wangjie+ Sl   codex           /home/data4t1/wangjielei/.vscode-server/extensions/openai.chatgpt-26.1002.51308-linux-arm64/bin/linux-aarch64/codex -c features.code_mode_host=true app-server --analytics-default-enabled
2325513 wangjie+ Sl   pet             /home/data4t1/wangjielei/.vscode-server/extensions/ms-python.vscode-python-envs-1.38.0-linux-arm64/python-env-tools/bin/pet server
2326134 wangjie+ Sl   ruff            /home/data4t1/wangjielei/.vscode-server/extensions/charliermarsh.ruff-2026.84.0-linux-arm64/bundled/libs/bin/ruff server
2326319 wangjie+ Ss+  bash            /bin/bash --init-file /home/data4t1/wangjielei/.vscode-server/cli/servers/Stable-7debcd0e2acdea1c52de81bf9ee1620444407dda/server/out/vs/workbench/contrib/terminal/common/scripts/shellIntegration-bash.sh
2326845 wangjie+ Sl   MainThread      /home/data4t1/wangjielei/.vscode-server/cli/servers/Stable-7debcd0e2acdea1c52de81bf9ee1620444407dda/server/node /home/data4t1/wangjielei/.vscode-server/extensions/ms-python.vscode-pylance-2026.4.1/dist/server.bundle.js --cancellationReceive=file:b5a21978af509bcc0176b229f974cb065fd97d7b76 --node-ipc --clientProcessId=2321917
2342002 hxw      Sl+  cli-proxy-api   ./cli-proxy-api
2356276 wangjie+ Sl   codex-code-mode /home/data4t1/wangjielei/.vscode-server/extensions/openai.chatgpt-26.1002.51308-linux-arm64/bin/linux-aarch64/codex-code-mode-host
2386437 wangjie+ Sl+  nputop          /home/data4t1/wangjielei/anaconda3/bin/python3.10 /home/data4t1/wangjielei/anaconda3/bin/nputop
2386667 wangjie+ Sl   python          /home/data4t1/wangjielei/anaconda3/bin/python /home/data4t1/wangjielei/.vscode-server/extensions/ms-python.autopep8-2026.4.0/bundled/tool/lsp_server.py
2393643 root     I    kworker/152:1-e [kworker/152:1-events]
2421507 wangjie+ S    ping            ping -n -W 3000 -c 1 -s 56 www.trae.cn
2429127 hxw      Ss   bash            -bash
2463034 wangjie+ Sl   MainThread      /home/data4t1/wangjielei/.vscode-server/cli/servers/Stable-7debcd0e2acdea1c52de81bf9ee1620444407dda/server/node /home/data4t1/wangjielei/.vscode-server/cli/servers/Stable-7debcd0e2acdea1c52de81bf9ee1620444407dda/server/extensions/json-language-features/server/dist/node/jsonServerMain --node-ipc --clientProcessId=2321917
2483105 wangyu   S+   watch           watch -n 1 npu-smi info
2505905 root     I    kworker/40:0-mm [kworker/40:0-mm_percpu_wq]
2532229 wangjie+ S+   bash            bash /home/data4t2/czhDir/PromptKD/scripts/coop/run_part_c_reliability_all.sh 1 0.1
2532239 wangjie+ S+   bash            bash /home/data4t2/czhDir/PromptKD/scripts/coop/run_part_c_reliability_all.sh 1 0.1
2540822 wangjie+ Ss+  bash            bash
2546376 root     Ss   sshd            sshd: /usr/sbin/sshd -D [listener] 0 of 10-100 startups
2577230 zhangka+ Ss   screen          SCREEN -U
2577231 zhangka+ Ss   bash            /bin/bash
2598259 lelinfe+ Ss   systemd         /lib/systemd/systemd --user
2598260 lelinfe+ S    (sd-pam)        (sd-pam)
2598270 lelinfe+ Ssl  pipewire        /usr/bin/pipewire
2598271 lelinfe+ Ssl  pipewire-media- /usr/bin/pipewire-media-session
2598296 lelinfe+ Ss   dbus-daemon     /usr/bin/dbus-daemon --session --address=systemd: --nofork --nopidfile --systemd-activation --syslog-only
2600649 wangjie+ Ss+  bash            bash
2614672 root     I    kworker/123:1-e [kworker/123:1-events]
2615502 wangjie+ Ss+  bash            bash
2632334 hxw      Ssl  code-a5b5009513 /home/data4t1/hxw/.vscode-server/code-a5b500951314efd502d07465bd138dfbd714a960 --cli-data-dir /home/data4t1/hxw/.vscode-server/cli agent host
2644265 hxw      Ssl  code-f6cfa2ea24 /home/data4t1/hxw/.vscode-server/code-f6cfa2ea2403534de03f069bdf160d06451ed282 --cli-data-dir /home/data4t1/hxw/.vscode-server/cli agent host
2645134 hxw      Ssl  code-f6cfa2ea24 /home/data4t1/hxw/.vscode-server/code-f6cfa2ea2403534de03f069bdf160d06451ed282 --cli-data-dir /home/data4t1/hxw/.vscode-server/cli agent host
2646651 hxw      Ssl  code-f6cfa2ea24 /home/data4t1/hxw/.vscode-server/code-f6cfa2ea2403534de03f069bdf160d06451ed282 --cli-data-dir /home/data4t1/hxw/.vscode-server/cli agent host
2647575 hxw      Ssl  code-f6cfa2ea24 /home/data4t1/hxw/.vscode-server/code-f6cfa2ea2403534de03f069bdf160d06451ed282 --cli-data-dir /home/data4t1/hxw/.vscode-server/cli agent host
2656015 wangyu   Ssl  code-1b50d58d73 /home/data4t1/wangyu/.vscode-server/code-1b50d58d73426c9171299ec4037d01365d995b78 --cli-data-dir /home/data4t1/wangyu/.vscode-server/cli agent host
2677443 hxw      Ssl  codex           /home/data4t1/hxw/.codex/packages/standalone/current/bin/codex app-server --remote-control --listen unix://
2703819 systemd+ Ss   systemd-network /lib/systemd/systemd-networkd
2703830 systemd+ Ss   systemd-resolve /lib/systemd/systemd-resolved
2703838 root     S<s  systemd-journal /lib/systemd/systemd-journald
2703987 systemd+ Ssl  systemd-timesyn /lib/systemd/systemd-timesyncd
2707836 root     Ss   systemd-udevd   /lib/systemd/systemd-udevd
2712323 root     Ss   sshd            sshd: duanguiduo [priv]
2712675 duangui+ S    sshd            sshd: duanguiduo
2731041 hxw      Ss   systemd         /lib/systemd/systemd --user
2731042 hxw      S    (sd-pam)        (sd-pam)
2731048 hxw      Ssl  pipewire        /usr/bin/pipewire
2731049 hxw      Ssl  pipewire-media- /usr/bin/pipewire-media-session
2731068 hxw      Ss   dbus-daemon     /usr/bin/dbus-daemon --session --address=systemd: --nofork --nopidfile --systemd-activation --syslog-only
2738255 hxw      Sl   codex-code-mode /home/data4t1/hxw/.codex/packages/standalone/releases/0.154.0-aarch64-unknown-linux-musl/bin/codex-code-mode-host
2749899 wangjie+ S    ping            ping -n -W 3000 -c 1 -s 56 a0ai.marscode.cn
2771787 root     I    kworker/182:2-e [kworker/182:2-events]
2794782 wangjie+ S    ping            ping -n -W 3000 -c 1 -s 56 a0ai.marscode.cn
2820538 root     I    kworker/58:0-ev [kworker/58:0-events]
2833404 hxw      Sl   xfconfd         /usr/lib/aarch64-linux-gnu/xfce4/xfconf/xfconfd
2837297 root     I    kworker/153:2-e [kworker/153:2-events]
2842621 root     I    kworker/123:2-m [kworker/123:2-mm_percpu_wq]
2853273 wangyu   Ss   systemd         /lib/systemd/systemd --user
2853274 wangyu   S    (sd-pam)        (sd-pam)
2853282 wangyu   Ssl  pipewire        /usr/bin/pipewire
2853283 wangyu   Ssl  pipewire-media- /usr/bin/pipewire-media-session
2853303 wangyu   Ss   dbus-daemon     /usr/bin/dbus-daemon --session --address=systemd: --nofork --nopidfile --systemd-activation --syslog-only
2857744 qeuroal  Ss   systemd         /lib/systemd/systemd --user
2857745 qeuroal  S    (sd-pam)        (sd-pam)
2857767 qeuroal  Ssl  pipewire        /usr/bin/pipewire
2857768 qeuroal  Ssl  pipewire-media- /usr/bin/pipewire-media-session
2857787 qeuroal  Ss   dbus-daemon     /usr/bin/dbus-daemon --session --address=systemd: --nofork --nopidfile --systemd-activation --syslog-only
2894305 wangjie+ S    sh              sh /home/data4t1/wangjielei/.vscode-server/cli/servers/Stable-a44adf7f53e00964ab890f9f8758a334f1fc15bc/server/bin/code-server --connection-token=remotessh --accept-server-license-terms --install-extension=ms-python.python --install-extension=ms-toolsai.jupyter-renderers --install-extension=ms-toolsai.jupyter-keymap --install-extension=ms-toolsai.jupyter --agent-host-bridge-port=39829 --agent-host-bridge-host=127.0.0.1 --start-server --enable-remote-auto-shutdown --socket-path=/tmp/code-f8531d84-13b8-4614-91f0-425796197ae6
2894309 wangjie+ Sl   MainThread      /home/data4t1/wangjielei/.vscode-server/cli/servers/Stable-a44adf7f53e00964ab890f9f8758a334f1fc15bc/server/node /home/data4t1/wangjielei/.vscode-server/cli/servers/Stable-a44adf7f53e00964ab890f9f8758a334f1fc15bc/server/out/server-main.js --connection-token=remotessh --accept-server-license-terms --install-extension=ms-python.python --install-extension=ms-toolsai.jupyter-renderers --install-extension=ms-toolsai.jupyter-keymap --install-extension=ms-toolsai.jupyter --agent-host-bridge-port=39829 --agent-host-bridge-host=127.0.0.1 --start-server --enable-remote-auto-shutdown --socket-path=/tmp/code-f8531d84-13b8-4614-91f0-425796197ae6
2894329 wangyu   Ss   tmux: server    tmux new -n listen
2894330 wangyu   Ss+  bash            -bash
2894539 root     I    kworker/141:0-c [kworker/141:0-cgroup_destroy]
2894862 wangjie+ Sl   MainThread      /home/data4t1/wangjielei/.vscode-server/cli/servers/Stable-a44adf7f53e00964ab890f9f8758a334f1fc15bc/server/node /home/data4t1/wangjielei/.vscode-server/cli/servers/Stable-a44adf7f53e00964ab890f9f8758a334f1fc15bc/server/out/bootstrap-fork --type=ptyHost --logsPath /home/data4t1/wangjielei/.vscode-server/data/logs/20261007T072125
2895847 wangjie+ Ss   bash            /bin/bash --init-file /home/data4t1/wangjielei/.vscode-server/cli/servers/Stable-a44adf7f53e00964ab890f9f8758a334f1fc15bc/server/out/vs/workbench/contrib/terminal/common/scripts/shellIntegration-bash.sh
2896962 root     I    kworker/187:0-e [kworker/187:0-events]
2899722 wangjie+ Ss+  bash            /bin/bash --init-file /home/data4t1/wangjielei/.vscode-server/cli/servers/Stable-a44adf7f53e00964ab890f9f8758a334f1fc15bc/server/out/vs/workbench/contrib/terminal/common/scripts/shellIntegration-bash.sh
2901429 wangjie+ S    sh              /bin/sh -c /home/data4t1/wangjielei/.lingma/vscode/bin/2.6.10/aarch64_linux/Lingma start --workDir /home/data4t1/wangjielei/.lingma/vscode/sharedClientCache
2901437 wangjie+ Sl   Lingma          /home/data4t1/wangjielei/.lingma/vscode/bin/2.6.10/aarch64_linux/Lingma start --workDir /home/data4t1/wangjielei/.lingma/vscode/sharedClientCache
2903888 hxw      Ssl  sshfs           .tools/sshfs-root/usr/bin/sshfs 84090:/home/adaspace/.hxw/mopd-assets/runs/mathif-composition-analysis60-20260927t1357z /home/data4t2/hxwDir/hxw_moved/.codex-mopd-control/mathif-composition-analysis60-20260927t1357z -o ro,reconnect,ServerAliveInterval=15,ServerAliveCountMax=3
2903984 hxw      S    ssh             ssh -x -a -oClearAllForwardings=yes -oServerAliveInterval=15 -oServerAliveCountMax=3 -2 84090 -s sftp
2908164 root     I    kworker/121:1-e [kworker/121:1-events]
2914109 hxw      Ss   bash            -bash
2915079 wangyu   Ss   bash            -bash
2916664 hxw      Sl+  nputop          /home/data4t1/hxw/anaconda3/bin/python3.10 /home/data4t1/hxw/anaconda3/bin/nputop
2917998 root     I    kworker/135:1-e [kworker/135:1-events]
2926539 root     I    kworker/48:2-ev [kworker/48:2-events]
2937312 hxw      Ss   tmux: server    tmux new-session -d -s exprun-c10 -n 0
2956927 root     Ss   sshd            sshd: ubuntu [priv]
2957025 ubuntu   Ss   systemd         /lib/systemd/systemd --user
2957028 ubuntu   S    (sd-pam)        (sd-pam)
2957057 ubuntu   Ssl  pipewire        /usr/bin/pipewire
2957058 ubuntu   Ssl  pipewire-media- /usr/bin/pipewire-media-session
2957061 ubuntu   Ssl  pulseaudio      /usr/bin/pulseaudio --daemonize=no --log-target=journal
2957073 ubuntu   Ss   dbus-daemon     /usr/bin/dbus-daemon --session --address=systemd: --nofork --nopidfile --systemd-activation --syslog-only
2957286 ubuntu   S    sshd            sshd: ubuntu@pts/7,pts/26
2957287 ubuntu   Ss+  bash            -bash
2973534 ubuntu   Ss+  bash            -bash
2991304 hxw      Sl+  python          /home/data4t2/hxwDir/hxw_moved/conda_envs/opd/bin/python -m tools.visual_opd.llm_eval_browser.server --data-root /home/data4t2/hxwDir/hxw_moved/verl-npu-opd/dataset/llm_eval --host 0.0.0.0 --port 8767
2991305 hxw      S+   tee             tee -a /home/data4t2/hxwDir/hxw_moved/opd-resources/runs/web/llm-eval-browser-8767/server.log
2992910 zhangka+ Sl+  vllm            /home/data4t1/zhangkaijie/conda/envs/qwen38_a2/bin/python3.12 /home/data4t1/zhangkaijie/conda/envs/qwen38_a2/bin/vllm serve /home/data4t2/models/Qwen3.8-27B-w8a8 --host 0.0.0.0 --port 9000 --tensor-parallel-size 1 --max-model-len 200000 --max-num-seqs 8 --max-num-batched-tokens 16384 --enable-prefix-caching --trust-remote-code --speculative-config {"method":"mtp","num_speculative_tokens":4} --enable-auto-tool-choice --tool-call-parser qwen3_coder --gpu-memory-utilization 0.85
2999854 zhangka+ S+   python3.12      /home/data4t1/zhangkaijie/conda/envs/qwen38_a2/bin/python3.12 -c from multiprocessing.resource_tracker import main;main(39)
2999855 zhangka+ Rl+  VLLM::EngineCor VLLM::EngineCore
3004197 root     I    kworker/161:0-e [kworker/161:0-events]
3007158 hxw      SNs  tmux: server    tmux -S /home/data4t1/hxw/.claude/jobs/9391153f/tmp/tmux-agent.sock new-session -d -s agent -n work
3007561 hxw      SNs+ bash            -bash
3007918 root     I<   kworker/u393:1- [kworker/u393:1-dev7_sq_send_wq]
3008420 zhangka+ Sl+  python3.12      /home/data4t1/zhangkaijie/conda/envs/qwen38_a2/bin/python3.12 -c from multiprocessing.spawn import spawn_main; spawn_main(tracker_fd=40, pipe_handle=84) --multiprocessing-fork
3009726 zhangka+ S+   python3.12      /home/data4t1/zhangkaijie/conda/envs/qwen38_a2/bin/python3.12 -c from multiprocessing.forkserver import main; main(81, 83, [], **{})
3009729 zhangka+ S+   python3.12      /home/data4t1/zhangkaijie/conda/envs/qwen38_a2/bin/python3.12 -c from multiprocessing.forkserver import main; main(81, 83, [], **{})
3009731 zhangka+ S+   python3.12      /home/data4t1/zhangkaijie/conda/envs/qwen38_a2/bin/python3.12 -c from multiprocessing.forkserver import main; main(81, 83, [], **{})
3009733 zhangka+ S+   python3.12      /home/data4t1/zhangkaijie/conda/envs/qwen38_a2/bin/python3.12 -c from multiprocessing.forkserver import main; main(81, 83, [], **{})
3009734 zhangka+ S+   python3.12      /home/data4t1/zhangkaijie/conda/envs/qwen38_a2/bin/python3.12 -c from multiprocessing.forkserver import main; main(81, 83, [], **{})
3009736 zhangka+ S+   python3.12      /home/data4t1/zhangkaijie/conda/envs/qwen38_a2/bin/python3.12 -c from multiprocessing.forkserver import main; main(81, 83, [], **{})
3009739 zhangka+ S+   python3.12      /home/data4t1/zhangkaijie/conda/envs/qwen38_a2/bin/python3.12 -c from multiprocessing.forkserver import main; main(81, 83, [], **{})
3009740 zhangka+ S+   python3.12      /home/data4t1/zhangkaijie/conda/envs/qwen38_a2/bin/python3.12 -c from multiprocessing.forkserver import main; main(81, 83, [], **{})
3009741 zhangka+ S+   python3.12      /home/data4t1/zhangkaijie/conda/envs/qwen38_a2/bin/python3.12 -c from multiprocessing.forkserver import main; main(81, 83, [], **{})
3009742 zhangka+ S+   python3.12      /home/data4t1/zhangkaijie/conda/envs/qwen38_a2/bin/python3.12 -c from multiprocessing.forkserver import main; main(81, 83, [], **{})
3009773 zhangka+ S+   python3.12      /home/data4t1/zhangkaijie/conda/envs/qwen38_a2/bin/python3.12 -c from multiprocessing.forkserver import main; main(81, 83, [], **{})
3009774 zhangka+ S+   python3.12      /home/data4t1/zhangkaijie/conda/envs/qwen38_a2/bin/python3.12 -c from multiprocessing.forkserver import main; main(81, 83, [], **{})
3009775 zhangka+ S+   python3.12      /home/data4t1/zhangkaijie/conda/envs/qwen38_a2/bin/python3.12 -c from multiprocessing.forkserver import main; main(81, 83, [], **{})
3009776 zhangka+ S+   python3.12      /home/data4t1/zhangkaijie/conda/envs/qwen38_a2/bin/python3.12 -c from multiprocessing.forkserver import main; main(81, 83, [], **{})
3009777 zhangka+ S+   python3.12      /home/data4t1/zhangkaijie/conda/envs/qwen38_a2/bin/python3.12 -c from multiprocessing.forkserver import main; main(81, 83, [], **{})
3009778 zhangka+ S+   python3.12      /home/data4t1/zhangkaijie/conda/envs/qwen38_a2/bin/python3.12 -c from multiprocessing.forkserver import main; main(81, 83, [], **{})
3009779 zhangka+ S+   python3.12      /home/data4t1/zhangkaijie/conda/envs/qwen38_a2/bin/python3.12 -c from multiprocessing.forkserver import main; main(81, 83, [], **{})
3009780 zhangka+ S+   python3.12      /home/data4t1/zhangkaijie/conda/envs/qwen38_a2/bin/python3.12 -c from multiprocessing.forkserver import main; main(81, 83, [], **{})
3020591 root     Ssl  packagekitd     /usr/libexec/packagekitd
3023505 root     I<   kworker/u393:9- [kworker/u393:9-dev0_sq_send_wq]
3065446 root     I    kworker/137:1-e [kworker/137:1-events]
3095577 root     I    kworker/126:1-e [kworker/126:1-events]
3102633 root     I    kworker/170:0-e [kworker/170:0-events]
3113689 hxw      SNs  bash            /bin/bash -c source /home/data4t1/hxw/.claude/shell-snapshots/snapshot-bash-1783000914291-uspi4h.sh 2>/dev/null || true && shopt -u extglob 2>/dev/null || true && eval 'chmod +x /home/data4t1/hxw/.claude/jobs/63617213/tmp/wait_attw_finish_and_summarize.sh /home/data4t1/hxw/.claude/jobs/63617213/tmp/wait_attw_finish_and_summarize.sh' < /dev/null && pwd -P >| /tmp/claude-3a88-cwd
3114223 hxw      SN   bash            bash /home/data4t1/hxw/.claude/jobs/63617213/tmp/wait_attw_finish_and_summarize.sh
3115700 root     Ss   sshd            sshd: hxw [priv]
3116044 hxw      S    sshd            sshd: hxw@notty
3116282 hxw      S    ssh             ssh -x -a -oClearAllForwardings=yes -oServerAliveInterval=15 -oServerAliveCountMax=3 -2 84090_2 -s sftp
3144057 root     I    kworker/116:0-m [kworker/116:0-mm_percpu_wq]
3148858 root     I    kworker/133:2-e [kworker/133:2-events]
3153172 hxw      Ssl  xdg-document-po /usr/libexec/xdg-document-portal
3153178 hxw      Ssl  xdg-permission- /usr/libexec/xdg-permission-store
3153184 root     Ss   fusermount3     fusermount3 -o rw,nosuid,nodev,fsname=portal,auto_unmount,subtype=portal -- /run/user/1003/doc
3156437 wangjie+ S    ping            ping -n -W 3000 -c 1 -s 56 a0ai.marscode.cn
3158704 hxw      Ssl  sshfs           .tools/sshfs-root/usr/bin/sshfs 84090:/home/adaspace/.hxw/mopd-assets/runs/mathif-composition-final60-20260927t1425z /home/data4t2/hxwDir/hxw_moved/.codex-mopd-control/mathif-composition-final60-20260927t1425z -o ro,reconnect,ServerAliveInterval=15,ServerAliveCountMax=3
3158837 hxw      S    ssh             ssh -x -a -oClearAllForwardings=yes -oServerAliveInterval=15 -oServerAliveCountMax=3 -2 84090 -s sftp
3166463 ldm      Ss   systemd         /lib/systemd/systemd --user
3166464 ldm      S    (sd-pam)        (sd-pam)
3166473 ldm      Ssl  pipewire        /usr/bin/pipewire
3166475 ldm      Ssl  pipewire-media- /usr/bin/pipewire-media-session
3166499 ldm      Ss   dbus-daemon     /usr/bin/dbus-daemon --session --address=systemd: --nofork --nopidfile --systemd-activation --syslog-only
3170961 ldm      Ss   screen          SCREEN
3170962 ldm      Ss+  bash            /bin/bash
3181097 root     I    kworker/174:0-e [kworker/174:0-events]
3182512 ldm      T    python3         python3
3204868 hxw      S    ssh             ssh -x -a -oClearAllForwardings=yes -oServerAliveInterval=15 -oServerAliveCountMax=3 -2 84090_2 -s sftp
3208085 hxw      Ss   bash            -bash
3211149 hxw      Ss+  bash            -bash
3212816 root     I<   kworker/u393:2- [kworker/u393:2-dev0_sq_send_wq]
3217707 hxw      Ss   bash            -bash
3222747 qeuroal  Sl   mihomo          mihomo
3243812 hxw      Ssl  sshfs           .tools/sshfs-root/usr/bin/sshfs 84090:/home/adaspace/.hxw/mopd-assets/runs/mathif-composition-subset12-20260927t1442z /home/data4t2/hxwDir/hxw_moved/.codex-mopd-control/mathif-composition-subset12-20260927t1442z -o ro,reconnect,ServerAliveInterval=15,ServerAliveCountMax=3
3244105 hxw      S    ssh             ssh -x -a -oClearAllForwardings=yes -oServerAliveInterval=15 -oServerAliveCountMax=3 -2 84090 -s sftp
3247443 wangjie+ S    ping            ping -n -W 3000 -c 1 -s 56 www.trae.cn
3256419 root     I    kworker/102:2-m [kworker/102:2-mm_percpu_wq]
3256920 qeuroal  Ss   tmux: server    tmux new -s src
3256930 qeuroal  Ss   bash            -bash
3259754 qeuroal  S+   bash            bash Anaconda3-2025.12-2-Linux-aarch64.sh
3260322 qeuroal  Ss   bash            -bash
3267643 qeuroal  Ss+  bash            -bash
3280459 hxw      Ssl  server          /home/data4t1/hxw/.claude/remote/srv/5db5e4a12f88487e47c2c48259b69a2d630bb3f7/server --serve --socket /home/data4t1/hxw/.claude/remote/run/1ff1a5be/rpc.sock --token-file /home/data4t1/hxw/.claude/remote/run/1ff1a5be/token.e5222d0ec866ddd7
3295244 root     I    kworker/117:2-e [kworker/117:2-events]
3298530 qeuroal  S+   nvim            nvim -V1 run.sh
3298531 qeuroal  Ssl  nvim            nvim --embed -V1 run.sh
3303090 root     I    kworker/158:3-m [kworker/158:3-mm_percpu_wq]
3353616 root     I    kworker/131:1-e [kworker/131:1-events]
3379022 root     I    kworker/132:1-m [kworker/132:1-mm_percpu_wq]
3390266 root     I    kworker/129:0-m [kworker/129:0-mm_percpu_wq]
3394036 root     I    kworker/144:2-e [kworker/144:2-events]
3405344 root     I    kworker/98:1-ev [kworker/98:1-events]
3407930 root     I    kworker/178:1-e [kworker/178:1-events]
3438814 root     I    kworker/93:0-mm [kworker/93:0-mm_percpu_wq]
3442496 root     I    kworker/u384:6- [kworker/u384:6-dev7_sq_fair_wq]
3444767 root     I    kworker/76:0-mm [kworker/76:0-mm_percpu_wq]
3471014 hxw      SNs  tmux: server    tmux -S /home/data4t1/hxw/.claude/jobs/9391153f/tmp/tmux-agent-e03-verify.sock new-session -d -s agent -n work -P -F #{pane_id}
3471294 hxw      SNs+ bash            -bash
3475662 root     I    kworker/121:2-c [kworker/121:2-cgroup_destroy]
3483810 wangjie+ Ss   screen          SCREEN
3483811 wangjie+ Ss+  bash            /bin/bash
3504784 root     I    kworker/162:2-m [kworker/162:2-mm_percpu_wq]
3512618 wangyu   Ss   screen          SCREEN -S rsync
3512619 wangyu   Ss+  bash            /bin/bash
3515048 root     I    kworker/148:2-e [kworker/148:2-events]
3551711 root     Ssl  containerd      /usr/bin/containerd
3551971 root     Ssl  dockerd         /usr/bin/dockerd -H fd:// --containerd=/run/containerd/containerd.sock
3567060 root     I    kworker/189:2-m [kworker/189:2-mm_percpu_wq]
3577972 rtkit    SNsl rtkit-daemon    /usr/libexec/rtkit-daemon
3577979 root     Ssl  irqbalance      /usr/sbin/irqbalance --foreground
3577998 root     SLsl multipathd      /sbin/multipathd -d -s
3578013 root     Ssl  udisksd         /usr/libexec/udisks2/udisksd
3578024 root     S    xrdp-sesman     /usr/sbin/xrdp-sesman
3578056 xrdp     S    xrdp            /usr/sbin/xrdp
3583169 hxw      Ss   bash            -bash
3607572 root     Ss   sshd            sshd: lelinfeng [priv]
3608141 lelinfe+ S    sshd            sshd: lelinfeng@notty
3608186 lelinfe+ Ssl  codex           codex app-server proxy
3613589 root     I    kworker/136:2-e [kworker/136:2-events]
3614362 root     I    kworker/50:0-ev [kworker/50:0-events]
3632535 hxw      SNs  tmux: server    tmux -S /home/data4t1/hxw/.claude/jobs/9391153f/tmp/tmux-agent-e03-verify-dynamic.sock new-session -d -s agent -n work -P -F #{pane_id}
3632697 hxw      SNs+ bash            -bash
3657413 wangjie+ Ss+  bash            /bin/bash --init-file /home/data4t1/wangjielei/.vscode-server/cli/servers/Stable-a44adf7f53e00964ab890f9f8758a334f1fc15bc/server/out/vs/workbench/contrib/terminal/common/scripts/shellIntegration-bash.sh
3682011 root     I    kworker/128:1-e [kworker/128:1-events]
3722524 wangjie+ Ss+  bash            -bash
3725008 wangjie+ Ss+  bash            -bash
3730231 root     Ss   sshd            sshd: lelinfeng [priv]
3730761 lelinfe+ S    sshd            sshd: lelinfeng@notty
3730837 lelinfe+ Ssl  token-monitor-c token-monitor-codex-usage
3749199 root     I    kworker/140:0-c [kworker/140:0-cgroup_destroy]
3759931 root     I<   kworker/u393:5- [kworker/u393:5-dev1_sq_send_wq]
3779402 root     I    kworker/u384:4- [kworker/u384:4-dev0_sq_fair_wq]
3799574 root     I    kworker/173:1-e [kworker/173:1-events]
3827611 root     I    kworker/140:2-e [kworker/140:2-events]
3832636 hxw      Ss+  bash            -bash
3834144 hxw      Ss   bash            -bash
3834311 wangjie+ Ss+  bash            /bin/bash --init-file /home/data4t1/wangjielei/.vscode-server/cli/servers/Stable-a44adf7f53e00964ab890f9f8758a334f1fc15bc/server/out/vs/workbench/contrib/terminal/common/scripts/shellIntegration-bash.sh
3834322 hxw      Ss   bash            -bash
3860603 wangjie+ Ss+  bash            -bash
3861317 root     I    kworker/156:0   [kworker/156:0]
3881394 root     I    kworker/113:0-m [kworker/113:0-mm_percpu_wq]
3913612 gouhang  Ss   systemd         /lib/systemd/systemd --user
3913613 gouhang  S    (sd-pam)        (sd-pam)
3913666 gouhang  Ssl  pipewire        /usr/bin/pipewire
3913668 gouhang  Ssl  pipewire-media- /usr/bin/pipewire-media-session
3913694 gouhang  Ss   dbus-daemon     /usr/bin/dbus-daemon --session --address=systemd: --nofork --nopidfile --systemd-activation --syslog-only
3920485 hxw      S+   python          /home/data4t2/hxwDir/hxw_moved/conda_envs/opd/bin/python -m tools.visual_opd.rollout_browser.server
3945485 root     Ss   sshd            sshd: lelinfeng [priv]
3945690 lelinfe+ S    sshd            sshd: lelinfeng
3950243 root     I    kworker/139:2-e [kworker/139:2-events]
3953014 root     I    kworker/128:0-e [kworker/128:0-events]
3953036 root     I    kworker/142:1-e [kworker/142:1-events]
3953896 root     I    kworker/138:2-e [kworker/138:2-events]
3955095 root     I    kworker/125:0-m [kworker/125:0-mm_percpu_wq]
3956265 root     I    kworker/126:0-m [kworker/126:0-mm_percpu_wq]
3956940 root     I    kworker/130:1-e [kworker/130:1-events]
3964913 hxw      Ssl  sshfs           .tools/sshfs-root/usr/bin/sshfs 84090:/home/adaspace/.hxw/mopd-assets/runs/mathif-confidence12-20260928t0207z /home/data4t2/hxwDir/hxw_moved/.codex-mopd-control/mathif-confidence12-20260928t0207z -o ro,reconnect,ServerAliveInterval=15,ServerAliveCountMax=3
3964998 hxw      S    ssh             ssh -x -a -oClearAllForwardings=yes -oServerAliveInterval=15 -oServerAliveCountMax=3 -2 84090 -s sftp
3971011 root     I    kworker/134:1-m [kworker/134:1-mm_percpu_wq]
3972438 root     I    kworker/133:0-e [kworker/133:0-events]
3972582 root     I    kworker/136:1-e [kworker/136:1-events]
3973126 root     I    kworker/143:2-e [kworker/143:2-events]
3977168 root     I    kworker/124:2-e [kworker/124:2-events]
3984645 root     Ss   systemd-logind  /lib/systemd/systemd-logind
3985151 root     I    kworker/u384:7- [kworker/u384:7-dev1_sq_fair_wq]
4020010 lelinfe+ Ssl  gvfsd           /usr/libexec/gvfsd
4020016 lelinfe+ Ssl  gvfsd-metadata  /usr/libexec/gvfsd-metadata
4021140 root     I    kworker/u384:0- [kworker/u384:0-dev7_sq_fair_wq]
4029817 root     Ss   sshd            sshd: lelinfeng [priv]
4030066 lelinfe+ S    sshd            sshd: lelinfeng
4032152 root     I    kworker/131:2   [kworker/131:2]
4060338 root     I    kworker/163:2-e [kworker/163:2-events]
4065250 root     I    kworker/69:0-cg [kworker/69:0-cgwb_release]
4066150 wangjie+ S+   bash            bash /home/data4t2/czhDir/PromptKD/scripts/coop/long_tail_comparison.sh sun397 longtail 1 0.1
4066151 wangjie+ S+   tee             tee -a /home/data4t2/czhDir/PromptKD/output/long_tail_three_stage_csc_tiny_vit_ltkd/5m_1k/alpha1.0_beta8.0_T4.0_warmup20/sun397/longtail_if0.1_ltseed0/seed1_npu1/launcher.log
4066169 wangjie+ Rl+  python          /home/data4t1/wangjielei/anaconda3/envs/dassl/bin/python train.py --root /home/data4t2/hxwDir/data --seed 1 --trainer CoOpThreeStageCSCTinyViTLTKD --dataset-config-file configs/datasets/long_tail/sun397_lt.yaml --config-file configs/trainers/CoOp/vit_b16_ep130_three_stage_csc_tiny_vit_ltkd.yaml --output-dir /home/data4t2/czhDir/PromptKD/output/long_tail_three_stage_csc_tiny_vit_ltkd/5m_1k/alpha1.0_beta8.0_T4.0_warmup20/sun397/longtail_if0.1_ltseed0/seed1_npu1 DATASET.NUM_SHOTS -1 DATASET.LONG_TAIL.IMB_FACTOR 0.1 DATASET.LONG_TAIL.SEED 0 DATALOADER.TRAIN_X.SAMPLER RandomSampler DATALOADER.TEST.BATCH_SIZE 16 OPTIM.MAX_EPOCH 130 TRAINER.COOP_THREE_STAGE_CSC.CSC_START_EPOCH 55 TRAINER.COOP_THREE_STAGE_CSC.PHASE2_LR 0.001 TRAINER.COOP_THREE_STAGE_CSC.PHASE3_LR 0.01 TRAINER.COOP_THREE_STAGE_CSC.BETA 0.9999 TRAINER.COOP_THREE_STAGE_VIT.VARIANT 5m TRAINER.COOP_THREE_STAGE_VIT.PRETRAINED_TYPE 1k TRAINER.COOP_THREE_STAGE_VIT.STUDENT_LR 0.00005 TRAINER.COOP_THREE_STAGE_CSC_LTKD.ALPHA 1.0 TRAINER.COOP_THREE_STAGE_CSC_LTKD.BETA 8.0 TRAINER.COOP_THREE_STAGE_CSC_LTKD.TEMPERATURE 4.0 TRAINER.COOP_THREE_STAGE_CSC_LTKD.WARMUP 20
4073572 wangjie+ Sl+  python          /home/data4t1/wangjielei/anaconda3/envs/dassl/bin/python train.py --root /home/data4t2/hxwDir/data --seed 1 --trainer CoOpThreeStageCSCTinyViTLTKD --dataset-config-file configs/datasets/long_tail/sun397_lt.yaml --config-file configs/trainers/CoOp/vit_b16_ep130_three_stage_csc_tiny_vit_ltkd.yaml --output-dir /home/data4t2/czhDir/PromptKD/output/long_tail_three_stage_csc_tiny_vit_ltkd/5m_1k/alpha1.0_beta8.0_T4.0_warmup20/sun397/longtail_if0.1_ltseed0/seed1_npu1 DATASET.NUM_SHOTS -1 DATASET.LONG_TAIL.IMB_FACTOR 0.1 DATASET.LONG_TAIL.SEED 0 DATALOADER.TRAIN_X.SAMPLER RandomSampler DATALOADER.TEST.BATCH_SIZE 16 OPTIM.MAX_EPOCH 130 TRAINER.COOP_THREE_STAGE_CSC.CSC_START_EPOCH 55 TRAINER.COOP_THREE_STAGE_CSC.PHASE2_LR 0.001 TRAINER.COOP_THREE_STAGE_CSC.PHASE3_LR 0.01 TRAINER.COOP_THREE_STAGE_CSC.BETA 0.9999 TRAINER.COOP_THREE_STAGE_VIT.VARIANT 5m TRAINER.COOP_THREE_STAGE_VIT.PRETRAINED_TYPE 1k TRAINER.COOP_THREE_STAGE_VIT.STUDENT_LR 0.00005 TRAINER.COOP_THREE_STAGE_CSC_LTKD.ALPHA 1.0 TRAINER.COOP_THREE_STAGE_CSC_LTKD.BETA 8.0 TRAINER.COOP_THREE_STAGE_CSC_LTKD.TEMPERATURE 4.0 TRAINER.COOP_THREE_STAGE_CSC_LTKD.WARMUP 20
4073628 wangjie+ S+   python          /home/data4t1/wangjielei/anaconda3/envs/dassl/bin/python -c from multiprocessing.resource_tracker import main;main(27)
4073629 wangjie+ S+   python          /home/data4t1/wangjielei/anaconda3/envs/dassl/bin/python -c from multiprocessing.forkserver import main; main(27, 30, [], **{})
4073633 wangjie+ Sl+  python          /home/data4t1/wangjielei/anaconda3/envs/dassl/bin/python -c from multiprocessing.forkserver import main; main(27, 30, [], **{})
4073634 wangjie+ Sl+  python          /home/data4t1/wangjielei/anaconda3/envs/dassl/bin/python -c from multiprocessing.forkserver import main; main(27, 30, [], **{})
4073635 wangjie+ Sl+  python          /home/data4t1/wangjielei/anaconda3/envs/dassl/bin/python -c from multiprocessing.forkserver import main; main(27, 30, [], **{})
4073636 wangjie+ Sl+  python          /home/data4t1/wangjielei/anaconda3/envs/dassl/bin/python -c from multiprocessing.forkserver import main; main(27, 30, [], **{})
4073637 wangjie+ Sl+  python          /home/data4t1/wangjielei/anaconda3/envs/dassl/bin/python -c from multiprocessing.forkserver import main; main(27, 30, [], **{})
4073638 wangjie+ Sl+  python          /home/data4t1/wangjielei/anaconda3/envs/dassl/bin/python -c from multiprocessing.forkserver import main; main(27, 30, [], **{})
4073639 wangjie+ Sl+  python          /home/data4t1/wangjielei/anaconda3/envs/dassl/bin/python -c from multiprocessing.forkserver import main; main(27, 30, [], **{})
4073640 wangjie+ Sl+  python          /home/data4t1/wangjielei/anaconda3/envs/dassl/bin/python -c from multiprocessing.forkserver import main; main(27, 30, [], **{})
4073641 wangjie+ Sl+  python          /home/data4t1/wangjielei/anaconda3/envs/dassl/bin/python -c from multiprocessing.forkserver import main; main(27, 30, [], **{})
4074219 wangjie+ Sl+  python          /home/data4t1/wangjielei/anaconda3/envs/dassl/bin/python -c from multiprocessing.forkserver import main; main(27, 30, [], **{})
4074222 wangjie+ Sl+  python          /home/data4t1/wangjielei/anaconda3/envs/dassl/bin/python -c from multiprocessing.forkserver import main; main(27, 30, [], **{})
4074223 wangjie+ Sl+  python          /home/data4t1/wangjielei/anaconda3/envs/dassl/bin/python -c from multiprocessing.forkserver import main; main(27, 30, [], **{})
4074224 wangjie+ Sl+  python          /home/data4t1/wangjielei/anaconda3/envs/dassl/bin/python -c from multiprocessing.forkserver import main; main(27, 30, [], **{})
4074227 wangjie+ Sl+  python          /home/data4t1/wangjielei/anaconda3/envs/dassl/bin/python -c from multiprocessing.forkserver import main; main(27, 30, [], **{})
4074230 wangjie+ Sl+  python          /home/data4t1/wangjielei/anaconda3/envs/dassl/bin/python -c from multiprocessing.forkserver import main; main(27, 30, [], **{})
4074233 wangjie+ Sl+  python          /home/data4t1/wangjielei/anaconda3/envs/dassl/bin/python -c from multiprocessing.forkserver import main; main(27, 30, [], **{})
4074236 wangjie+ Sl+  python          /home/data4t1/wangjielei/anaconda3/envs/dassl/bin/python -c from multiprocessing.forkserver import main; main(27, 30, [], **{})
4074237 wangjie+ Sl+  python          /home/data4t1/wangjielei/anaconda3/envs/dassl/bin/python -c from multiprocessing.forkserver import main; main(27, 30, [], **{})
4074239 wangjie+ Sl+  python          /home/data4t1/wangjielei/anaconda3/envs/dassl/bin/python -c from multiprocessing.forkserver import main; main(27, 30, [], **{})
4074244 wangjie+ Sl+  python          /home/data4t1/wangjielei/anaconda3/envs/dassl/bin/python -c from multiprocessing.forkserver import main; main(27, 30, [], **{})
4074248 wangjie+ Sl+  python          /home/data4t1/wangjielei/anaconda3/envs/dassl/bin/python -c from multiprocessing.forkserver import main; main(27, 30, [], **{})
4074250 wangjie+ Sl+  python          /home/data4t1/wangjielei/anaconda3/envs/dassl/bin/python -c from multiprocessing.forkserver import main; main(27, 30, [], **{})
4074252 wangjie+ Sl+  python          /home/data4t1/wangjielei/anaconda3/envs/dassl/bin/python -c from multiprocessing.forkserver import main; main(27, 30, [], **{})
4074256 wangjie+ Sl+  python          /home/data4t1/wangjielei/anaconda3/envs/dassl/bin/python -c from multiprocessing.forkserver import main; main(27, 30, [], **{})
4074257 wangjie+ Sl+  python          /home/data4t1/wangjielei/anaconda3/envs/dassl/bin/python -c from multiprocessing.forkserver import main; main(27, 30, [], **{})
4074258 wangjie+ Sl+  python          /home/data4t1/wangjielei/anaconda3/envs/dassl/bin/python -c from multiprocessing.forkserver import main; main(27, 30, [], **{})
4074261 wangjie+ Sl+  python          /home/data4t1/wangjielei/anaconda3/envs/dassl/bin/python -c from multiprocessing.forkserver import main; main(27, 30, [], **{})
4074262 wangjie+ Sl+  python          /home/data4t1/wangjielei/anaconda3/envs/dassl/bin/python -c from multiprocessing.forkserver import main; main(27, 30, [], **{})
4074263 wangjie+ Sl+  python          /home/data4t1/wangjielei/anaconda3/envs/dassl/bin/python -c from multiprocessing.forkserver import main; main(27, 30, [], **{})
4074264 wangjie+ Sl+  python          /home/data4t1/wangjielei/anaconda3/envs/dassl/bin/python -c from multiprocessing.forkserver import main; main(27, 30, [], **{})
4074265 wangjie+ Sl+  python          /home/data4t1/wangjielei/anaconda3/envs/dassl/bin/python -c from multiprocessing.forkserver import main; main(27, 30, [], **{})
4074266 wangjie+ Sl+  python          /home/data4t1/wangjielei/anaconda3/envs/dassl/bin/python -c from multiprocessing.forkserver import main; main(27, 30, [], **{})
4074267 wangjie+ Sl+  python          /home/data4t1/wangjielei/anaconda3/envs/dassl/bin/python -c from multiprocessing.forkserver import main; main(27, 30, [], **{})
4074268 wangjie+ Sl+  python          /home/data4t1/wangjielei/anaconda3/envs/dassl/bin/python -c from multiprocessing.forkserver import main; main(27, 30, [], **{})
4074269 wangjie+ Sl+  python          /home/data4t1/wangjielei/anaconda3/envs/dassl/bin/python -c from multiprocessing.forkserver import main; main(27, 30, [], **{})
4074270 wangjie+ Sl+  python          /home/data4t1/wangjielei/anaconda3/envs/dassl/bin/python -c from multiprocessing.forkserver import main; main(27, 30, [], **{})
4074271 wangjie+ Sl+  python          /home/data4t1/wangjielei/anaconda3/envs/dassl/bin/python -c from multiprocessing.forkserver import main; main(27, 30, [], **{})
4074272 wangjie+ Sl+  python          /home/data4t1/wangjielei/anaconda3/envs/dassl/bin/python -c from multiprocessing.forkserver import main; main(27, 30, [], **{})
4074273 wangjie+ Sl+  python          /home/data4t1/wangjielei/anaconda3/envs/dassl/bin/python -c from multiprocessing.forkserver import main; main(27, 30, [], **{})
4074274 wangjie+ Sl+  python          /home/data4t1/wangjielei/anaconda3/envs/dassl/bin/python -c from multiprocessing.forkserver import main; main(27, 30, [], **{})
4074275 wangjie+ Sl+  python          /home/data4t1/wangjielei/anaconda3/envs/dassl/bin/python -c from multiprocessing.forkserver import main; main(27, 30, [], **{})
4084527 root     I    kworker/87:1-mm [kworker/87:1-mm_percpu_wq]
4087706 root     I    kworker/71:0-ev [kworker/71:0-events]
4097325 root     I    kworker/175:0-m [kworker/175:0-mm_percpu_wq]
4098235 root     I    kworker/107:0-e [kworker/107:0-events]
4102211 root     I    kworker/97:1-ev [kworker/97:1-events]
4111127 root     I    kworker/104:0-m [kworker/104:0-mm_percpu_wq]
4117515 root     I    kworker/118:0-e [kworker/118:0-events]
4124180 root     I    kworker/49:1-ev [kworker/49:1-events]
4129993 root     I    kworker/108:2-e [kworker/108:2-events]
4132052 root     I    kworker/151:1-e [kworker/151:1-events]
4134247 root     I    kworker/115:1-m [kworker/115:1-mm_percpu_wq]
4141949 root     I    kworker/82:2-mm [kworker/82:2-mm_percpu_wq]
4143662 wangjie+ Ss+  bash            -bash
4153178 root     I    kworker/u385:1- [kworker/u385:1-flush-8:0]
4160706 hxw      Ssl  cpa-usage-keepe /home/data4t1/hxw/.local/opt/cpa-usage-keeper/cpa-usage-keeper -env /home/data4t1/hxw/.local/opt/cpa-usage-keeper/.env
4163072 root     I    kworker/139:0   [kworker/139:0]
4170943 root     I    kworker/175:1-m [kworker/175:1-mm_percpu_wq]
4178764 wangjie+ Sl+  nputop          /home/data4t1/wangjielei/anaconda3/envs/dassl/bin/python3.10 /home/data4t1/wangjielei/anaconda3/envs/dassl/bin/nputop
4183295 lelinfe+ Sl   gvfsd-trash     /usr/libexec/gvfsd-trash --spawner :1.7 /org/gtk/gvfs/exec_spaw/0
4183449 wangjie+ S+   bash            bash /home/data4t2/czhDir/PromptKD/scripts/coop/long_tail_comparison.sh cifar100 longtail 1 0.1
4183450 wangjie+ S+   tee             tee -a /home/data4t2/czhDir/PromptKD/output/long_tail_three_stage_csc_tiny_vit_ltkd/5m_1k/alpha1.0_beta8.0_T4.0_warmup20/cifar100/longtail_if0.1_ltseed0/seed1_npu0/launcher.log
4183472 wangjie+ Sl+  python          /home/data4t1/wangjielei/anaconda3/envs/dassl/bin/python train.py --root /home/data4t2/czhDir/data --seed 1 --trainer CoOpThreeStageCSCTinyViTLTKD --dataset-config-file configs/datasets/cifar100_lt_if0.1.yaml --config-file configs/trainers/CoOp/vit_b16_ep130_three_stage_csc_tiny_vit_ltkd.yaml --output-dir /home/data4t2/czhDir/PromptKD/output/long_tail_three_stage_csc_tiny_vit_ltkd/5m_1k/alpha1.0_beta8.0_T4.0_warmup20/cifar100/longtail_if0.1_ltseed0/seed1_npu0 DATASET.NUM_SHOTS -1 DATASET.CIFAR100_LT.IMB_FACTOR 0.1 DATASET.CIFAR100_LT.SEED 0 DATALOADER.TRAIN_X.SAMPLER RandomSampler DATALOADER.TEST.BATCH_SIZE 16 OPTIM.MAX_EPOCH 130 TRAINER.COOP_THREE_STAGE_CSC.CSC_START_EPOCH 55 TRAINER.COOP_THREE_STAGE_CSC.PHASE2_LR 0.001 TRAINER.COOP_THREE_STAGE_CSC.PHASE3_LR 0.01 TRAINER.COOP_THREE_STAGE_CSC.BETA 0.9999 TRAINER.COOP_THREE_STAGE_VIT.VARIANT 5m TRAINER.COOP_THREE_STAGE_VIT.PRETRAINED_TYPE 1k TRAINER.COOP_THREE_STAGE_VIT.STUDENT_LR 0.00005 TRAINER.COOP_THREE_STAGE_CSC_LTKD.ALPHA 1.0 TRAINER.COOP_THREE_STAGE_CSC_LTKD.BETA 8.0 TRAINER.COOP_THREE_STAGE_CSC_LTKD.TEMPERATURE 4.0 TRAINER.COOP_THREE_STAGE_CSC_LTKD.WARMUP 20
4190897 wangjie+ Sl+  python          /home/data4t1/wangjielei/anaconda3/envs/dassl/bin/python train.py --root /home/data4t2/czhDir/data --seed 1 --trainer CoOpThreeStageCSCTinyViTLTKD --dataset-config-file configs/datasets/cifar100_lt_if0.1.yaml --config-file configs/trainers/CoOp/vit_b16_ep130_three_stage_csc_tiny_vit_ltkd.yaml --output-dir /home/data4t2/czhDir/PromptKD/output/long_tail_three_stage_csc_tiny_vit_ltkd/5m_1k/alpha1.0_beta8.0_T4.0_warmup20/cifar100/longtail_if0.1_ltseed0/seed1_npu0 DATASET.NUM_SHOTS -1 DATASET.CIFAR100_LT.IMB_FACTOR 0.1 DATASET.CIFAR100_LT.SEED 0 DATALOADER.TRAIN_X.SAMPLER RandomSampler DATALOADER.TEST.BATCH_SIZE 16 OPTIM.MAX_EPOCH 130 TRAINER.COOP_THREE_STAGE_CSC.CSC_START_EPOCH 55 TRAINER.COOP_THREE_STAGE_CSC.PHASE2_LR 0.001 TRAINER.COOP_THREE_STAGE_CSC.PHASE3_LR 0.01 TRAINER.COOP_THREE_STAGE_CSC.BETA 0.9999 TRAINER.COOP_THREE_STAGE_VIT.VARIANT 5m TRAINER.COOP_THREE_STAGE_VIT.PRETRAINED_TYPE 1k TRAINER.COOP_THREE_STAGE_VIT.STUDENT_LR 0.00005 TRAINER.COOP_THREE_STAGE_CSC_LTKD.ALPHA 1.0 TRAINER.COOP_THREE_STAGE_CSC_LTKD.BETA 8.0 TRAINER.COOP_THREE_STAGE_CSC_LTKD.TEMPERATURE 4.0 TRAINER.COOP_THREE_STAGE_CSC_LTKD.WARMUP 20
4190953 wangjie+ S+   python          /home/data4t1/wangjielei/anaconda3/envs/dassl/bin/python -c from multiprocessing.resource_tracker import main;main(27)
4190954 wangjie+ S+   python          /home/data4t1/wangjielei/anaconda3/envs/dassl/bin/python -c from multiprocessing.forkserver import main; main(27, 30, [], **{})
4190960 wangjie+ Sl+  python          /home/data4t1/wangjielei/anaconda3/envs/dassl/bin/python -c from multiprocessing.forkserver import main; main(27, 30, [], **{})
4190961 wangjie+ Sl+  python          /home/data4t1/wangjielei/anaconda3/envs/dassl/bin/python -c from multiprocessing.forkserver import main; main(27, 30, [], **{})
4190962 wangjie+ Sl+  python          /home/data4t1/wangjielei/anaconda3/envs/dassl/bin/python -c from multiprocessing.forkserver import main; main(27, 30, [], **{})
4190963 wangjie+ Sl+  python          /home/data4t1/wangjielei/anaconda3/envs/dassl/bin/python -c from multiprocessing.forkserver import main; main(27, 30, [], **{})
4190964 wangjie+ Sl+  python          /home/data4t1/wangjielei/anaconda3/envs/dassl/bin/python -c from multiprocessing.forkserver import main; main(27, 30, [], **{})
4190965 wangjie+ Sl+  python          /home/data4t1/wangjielei/anaconda3/envs/dassl/bin/python -c from multiprocessing.forkserver import main; main(27, 30, [], **{})
4190966 wangjie+ Sl+  python          /home/data4t1/wangjielei/anaconda3/envs/dassl/bin/python -c from multiprocessing.forkserver import main; main(27, 30, [], **{})
4190967 wangjie+ Sl+  python          /home/data4t1/wangjielei/anaconda3/envs/dassl/bin/python -c from multiprocessing.forkserver import main; main(27, 30, [], **{})
4190968 wangjie+ Sl+  python          /home/data4t1/wangjielei/anaconda3/envs/dassl/bin/python -c from multiprocessing.forkserver import main; main(27, 30, [], **{})
4191233 wangjie+ Sl+  python          /home/data4t1/wangjielei/anaconda3/envs/dassl/bin/python -c from multiprocessing.forkserver import main; main(27, 30, [], **{})
4191237 wangjie+ Sl+  python          /home/data4t1/wangjielei/anaconda3/envs/dassl/bin/python -c from multiprocessing.forkserver import main; main(27, 30, [], **{})
4191239 wangjie+ Sl+  python          /home/data4t1/wangjielei/anaconda3/envs/dassl/bin/python -c from multiprocessing.forkserver import main; main(27, 30, [], **{})
4191241 wangjie+ Sl+  python          /home/data4t1/wangjielei/anaconda3/envs/dassl/bin/python -c from multiprocessing.forkserver import main; main(27, 30, [], **{})
4191242 wangjie+ Sl+  python          /home/data4t1/wangjielei/anaconda3/envs/dassl/bin/python -c from multiprocessing.forkserver import main; main(27, 30, [], **{})
4191244 wangjie+ Sl+  python          /home/data4t1/wangjielei/anaconda3/envs/dassl/bin/python -c from multiprocessing.forkserver import main; main(27, 30, [], **{})
4191246 wangjie+ Sl+  python          /home/data4t1/wangjielei/anaconda3/envs/dassl/bin/python -c from multiprocessing.forkserver import main; main(27, 30, [], **{})
4191247 wangjie+ Sl+  python          /home/data4t1/wangjielei/anaconda3/envs/dassl/bin/python -c from multiprocessing.forkserver import main; main(27, 30, [], **{})
4191248 wangjie+ Sl+  python          /home/data4t1/wangjielei/anaconda3/envs/dassl/bin/python -c from multiprocessing.forkserver import main; main(27, 30, [], **{})
4191250 wangjie+ Sl+  python          /home/data4t1/wangjielei/anaconda3/envs/dassl/bin/python -c from multiprocessing.forkserver import main; main(27, 30, [], **{})
4191251 wangjie+ Sl+  python          /home/data4t1/wangjielei/anaconda3/envs/dassl/bin/python -c from multiprocessing.forkserver import main; main(27, 30, [], **{})
4191252 wangjie+ Sl+  python          /home/data4t1/wangjielei/anaconda3/envs/dassl/bin/python -c from multiprocessing.forkserver import main; main(27, 30, [], **{})
4191253 wangjie+ Sl+  python          /home/data4t1/wangjielei/anaconda3/envs/dassl/bin/python -c from multiprocessing.forkserver import main; main(27, 30, [], **{})
4191254 wangjie+ Sl+  python          /home/data4t1/wangjielei/anaconda3/envs/dassl/bin/python -c from multiprocessing.forkserver import main; main(27, 30, [], **{})
4191256 wangjie+ Sl+  python          /home/data4t1/wangjielei/anaconda3/envs/dassl/bin/python -c from multiprocessing.forkserver import main; main(27, 30, [], **{})
4191258 wangjie+ Sl+  python          /home/data4t1/wangjielei/anaconda3/envs/dassl/bin/python -c from multiprocessing.forkserver import main; main(27, 30, [], **{})
4191261 wangjie+ Sl+  python          /home/data4t1/wangjielei/anaconda3/envs/dassl/bin/python -c from multiprocessing.forkserver import main; main(27, 30, [], **{})
4191263 wangjie+ Sl+  python          /home/data4t1/wangjielei/anaconda3/envs/dassl/bin/python -c from multiprocessing.forkserver import main; main(27, 30, [], **{})
4191265 wangjie+ Sl+  python          /home/data4t1/wangjielei/anaconda3/envs/dassl/bin/python -c from multiprocessing.forkserver import main; main(27, 30, [], **{})
4191268 wangjie+ Sl+  python          /home/data4t1/wangjielei/anaconda3/envs/dassl/bin/python -c from multiprocessing.forkserver import main; main(27, 30, [], **{})
4191269 wangjie+ Sl+  python          /home/data4t1/wangjielei/anaconda3/envs/dassl/bin/python -c from multiprocessing.forkserver import main; main(27, 30, [], **{})
4191270 wangjie+ Sl+  python          /home/data4t1/wangjielei/anaconda3/envs/dassl/bin/python -c from multiprocessing.forkserver import main; main(27, 30, [], **{})
4191273 wangjie+ Sl+  python          /home/data4t1/wangjielei/anaconda3/envs/dassl/bin/python -c from multiprocessing.forkserver import main; main(27, 30, [], **{})
4191274 wangjie+ Sl+  python          /home/data4t1/wangjielei/anaconda3/envs/dassl/bin/python -c from multiprocessing.forkserver import main; main(27, 30, [], **{})
4191275 wangjie+ Sl+  python          /home/data4t1/wangjielei/anaconda3/envs/dassl/bin/python -c from multiprocessing.forkserver import main; main(27, 30, [], **{})
4191276 wangjie+ Sl+  python          /home/data4t1/wangjielei/anaconda3/envs/dassl/bin/python -c from multiprocessing.forkserver import main; main(27, 30, [], **{})
4191277 wangjie+ Sl+  python          /home/data4t1/wangjielei/anaconda3/envs/dassl/bin/python -c from multiprocessing.forkserver import main; main(27, 30, [], **{})
4191278 wangjie+ Sl+  python          /home/data4t1/wangjielei/anaconda3/envs/dassl/bin/python -c from multiprocessing.forkserver import main; main(27, 30, [], **{})
4191279 wangjie+ Sl+  python          /home/data4t1/wangjielei/anaconda3/envs/dassl/bin/python -c from multiprocessing.forkserver import main; main(27, 30, [], **{})
4191280 wangjie+ Sl+  python          /home/data4t1/wangjielei/anaconda3/envs/dassl/bin/python -c from multiprocessing.forkserver import main; main(27, 30, [], **{})
4191281 wangjie+ Sl+  python          /home/data4t1/wangjielei/anaconda3/envs/dassl/bin/python -c from multiprocessing.forkserver import main; main(27, 30, [], **{})
4191282 wangjie+ Sl+  python          /home/data4t1/wangjielei/anaconda3/envs/dassl/bin/python -c from multiprocessing.forkserver import main; main(27, 30, [], **{})
