+ R=/home/data4t2/lelinfeng/phase4-workspaces/WIDE-X-FRESH4
+ snapshot before_CURRENT_D16384
+ tag=before_CURRENT_D16384
+ echo '===== load snapshot: before_CURRENT_D16384 ====='
===== load snapshot: before_CURRENT_D16384 =====
+ date +%Y-%m-%dT%H:%M:%S%z
2026-09-23T20:22:17+0000
+ npu-smi info -t usages -i 0
+ for device in 0 1 2 3 4 5 6 7
+ echo '+ npu-smi info -t usages -i 0'
+ npu-smi info -t usages -i 0
	NPU ID                         : 0
	Chip Count                     : 1

	DDR Capacity(MB)               : 0
	DDR Usage Rate(%)              : 0
	DDR Hugepages Total(page)      : 0
	DDR Hugepages Usage Rate(%)    : 0
	HBM Capacity(MB)               : 65536
	HBM Usage Rate(%)              : 91
	Aicore Usage Rate(%)           : 32
	Aivector Usage Rate(%)         : 24
	Aicpu Usage Rate(%)            : 0
	Ctrlcpu Usage Rate(%)          : 6
	DDR Bandwidth Usage Rate(%)    : 0
	HBM Bandwidth Usage Rate(%)    : 29
	Chip ID                        : 0

+ for device in 0 1 2 3 4 5 6 7
+ echo '+ npu-smi info -t usages -i 1'
+ npu-smi info -t usages -i 1
+ npu-smi info -t usages -i 1
	NPU ID                         : 1
	Chip Count                     : 1

	DDR Capacity(MB)               : 0
	DDR Usage Rate(%)              : 0
	DDR Hugepages Total(page)      : 0
	DDR Hugepages Usage Rate(%)    : 0
	HBM Capacity(MB)               : 65536
	HBM Usage Rate(%)              : 91
	Aicore Usage Rate(%)           : 32
	Aivector Usage Rate(%)         : 24
	Aicpu Usage Rate(%)            : 0
	Ctrlcpu Usage Rate(%)          : 12
	DDR Bandwidth Usage Rate(%)    : 0
	HBM Bandwidth Usage Rate(%)    : 29
	Chip ID                        : 0

+ for device in 0 1 2 3 4 5 6 7
+ echo '+ npu-smi info -t usages -i 2'
+ npu-smi info -t usages -i 2
+ npu-smi info -t usages -i 2
	NPU ID                         : 2
	Chip Count                     : 1

	DDR Capacity(MB)               : 0
	DDR Usage Rate(%)              : 0
	DDR Hugepages Total(page)      : 0
	DDR Hugepages Usage Rate(%)    : 0
	HBM Capacity(MB)               : 65536
	HBM Usage Rate(%)              : 91
	Aicore Usage Rate(%)           : 32
	Aivector Usage Rate(%)         : 24
	Aicpu Usage Rate(%)            : 0
	Ctrlcpu Usage Rate(%)          : 8
	DDR Bandwidth Usage Rate(%)    : 0
	HBM Bandwidth Usage Rate(%)    : 29
	Chip ID                        : 0

+ npu-smi info -t usages -i 3
+ for device in 0 1 2 3 4 5 6 7
+ echo '+ npu-smi info -t usages -i 3'
+ npu-smi info -t usages -i 3
	NPU ID                         : 3
	Chip Count                     : 1

	DDR Capacity(MB)               : 0
	DDR Usage Rate(%)              : 0
	DDR Hugepages Total(page)      : 0
	DDR Hugepages Usage Rate(%)    : 0
	HBM Capacity(MB)               : 65536
	HBM Usage Rate(%)              : 91
	Aicore Usage Rate(%)           : 32
	Aivector Usage Rate(%)         : 23
	Aicpu Usage Rate(%)            : 0
	Ctrlcpu Usage Rate(%)          : 3
	DDR Bandwidth Usage Rate(%)    : 0
	HBM Bandwidth Usage Rate(%)    : 29
	Chip ID                        : 0

+ npu-smi info -t usages -i 4
+ for device in 0 1 2 3 4 5 6 7
+ echo '+ npu-smi info -t usages -i 4'
+ npu-smi info -t usages -i 4
	NPU ID                         : 4
	Chip Count                     : 1

	DDR Capacity(MB)               : 0
	DDR Usage Rate(%)              : 0
	DDR Hugepages Total(page)      : 0
	DDR Hugepages Usage Rate(%)    : 0
	HBM Capacity(MB)               : 65536
	HBM Usage Rate(%)              : 90
	Aicore Usage Rate(%)           : 0
	Aivector Usage Rate(%)         : 5
	Aicpu Usage Rate(%)            : 0
	Ctrlcpu Usage Rate(%)          : 8
	DDR Bandwidth Usage Rate(%)    : 0
	HBM Bandwidth Usage Rate(%)    : 0
	Chip ID                        : 0

+ npu-smi info -t usages -i 5
+ for device in 0 1 2 3 4 5 6 7
+ echo '+ npu-smi info -t usages -i 5'
+ npu-smi info -t usages -i 5
	NPU ID                         : 5
	Chip Count                     : 1

	DDR Capacity(MB)               : 0
	DDR Usage Rate(%)              : 0
	DDR Hugepages Total(page)      : 0
	DDR Hugepages Usage Rate(%)    : 0
	HBM Capacity(MB)               : 65536
	HBM Usage Rate(%)              : 91
	Aicore Usage Rate(%)           : 0
	Aivector Usage Rate(%)         : 0
	Aicpu Usage Rate(%)            : 0
	Ctrlcpu Usage Rate(%)          : 3
	DDR Bandwidth Usage Rate(%)    : 0
	HBM Bandwidth Usage Rate(%)    : 0
	Chip ID                        : 0

+ for device in 0 1 2 3 4 5 6 7
+ npu-smi info -t usages -i 6
+ echo '+ npu-smi info -t usages -i 6'
+ npu-smi info -t usages -i 6
	NPU ID                         : 6
	Chip Count                     : 1

	DDR Capacity(MB)               : 0
	DDR Usage Rate(%)              : 0
	DDR Hugepages Total(page)      : 0
	DDR Hugepages Usage Rate(%)    : 0
	HBM Capacity(MB)               : 65536
	HBM Usage Rate(%)              : 91
	Aicore Usage Rate(%)           : 0
	Aivector Usage Rate(%)         : 0
	Aicpu Usage Rate(%)            : 0
	Ctrlcpu Usage Rate(%)          : 7
	DDR Bandwidth Usage Rate(%)    : 0
	HBM Bandwidth Usage Rate(%)    : 0
	Chip ID                        : 0

+ npu-smi info -t usages -i 7
+ for device in 0 1 2 3 4 5 6 7
+ echo '+ npu-smi info -t usages -i 7'
+ npu-smi info -t usages -i 7
	NPU ID                         : 7
	Chip Count                     : 1

	DDR Capacity(MB)               : 0
	DDR Usage Rate(%)              : 0
	DDR Hugepages Total(page)      : 0
	DDR Hugepages Usage Rate(%)    : 0
	HBM Capacity(MB)               : 65536
	HBM Usage Rate(%)              : 99
	Aicore Usage Rate(%)           : 0
	Aivector Usage Rate(%)         : 4
	Aicpu Usage Rate(%)            : 0
	Ctrlcpu Usage Rate(%)          : 11
	DDR Bandwidth Usage Rate(%)    : 0
	HBM Bandwidth Usage Rate(%)    : 2
	Chip ID                        : 0

+ ps -eo pid,ppid,user,pcpu,pmem,etime,args | grep -Ei "vllm|python" | grep -v grep
+ echo '+ ps -eo pid,ppid,user,pcpu,pmem,etime,args | grep -Ei "vllm|python" | grep -v grep'
+ ps -eo pid,ppid,user,pcpu,pmem,etime,args
+ grep -Ei 'vllm|python'
+ grep -v grep
   5048       1 root      0.0  0.0 228-07:56:03 /usr/bin/python3 /usr/bin/networkd-dispatcher --run-startup-triggers
   5328       1 root      0.0  0.0 228-07:56:03 /usr/bin/python3 /usr/share/unattended-upgrades/unattended-upgrade-shutdown --wait-for-signal
  82397   82370 root     30.0  0.4  1-13:54:20 /usr/local/python3.12.13/bin/python3 /usr/local/python3.12.13/bin/vllm serve /models/Qwen3.8-27B-w8a8 --host 0.0.0.0 --port 9001 --tensor-parallel-size 4 --quantization ascend --served-model-name qwen3.8 --max-model-len 256000 --max-num-seqs 8 --max-num-batched-tokens 8192 --gpu-memory-utilization 0.90 --enable-prefix-caching --trust-remote-code --reasoning-parser qwen3 --enable-auto-tool-choice --tool-call-parser qwen3_coder
  83352   83328 root      0.4  0.4  1-13:54:10 /usr/local/python3.12.13/bin/python3 /usr/local/python3.12.13/bin/vllm serve /models/Qwen3.8-27B-w8a8 --host 0.0.0.0 --port 9002 --tensor-parallel-size 2 --quantization ascend --served-model-name qwen3.8 --max-model-len 256000 --max-num-seqs 8 --max-num-batched-tokens 8192 --gpu-memory-utilization 0.90 --enable-prefix-caching --trust-remote-code --reasoning-parser qwen3 --enable-auto-tool-choice --tool-call-parser qwen3_coder
  87335   82397 root      0.0  0.0  1-13:53:30 /usr/local/python3.12.13/bin/python3 -c from multiprocessing.resource_tracker import main;main(35)
  87336   82397 root     97.1  0.1  1-13:53:30 VLLM::EngineCore
  87669   83352 root      0.0  0.0  1-13:53:26 /usr/local/python3.12.13/bin/python3 -c from multiprocessing.resource_tracker import main;main(35)
  87670   83352 root      3.8  0.1  1-13:53:26 VLLM::EngineCore
  89395   87336 root      211  0.4  1-13:53:07 VLLM::Worker_TP0
  89602   87670 root     15.7  0.4  1-13:53:04 VLLM::Worker_TP0
  91055   87336 root      106  0.4  1-13:52:48 VLLM::Worker_TP1
  91228   87670 root     11.3  0.4  1-13:52:46 VLLM::Worker_TP1
  92813   87336 root      111  0.4  1-13:52:29 VLLM::Worker_TP2
  94498   87336 root      106  0.4  1-13:52:10 VLLM::Worker_TP3
  95970   89602 root      0.0  0.0  1-13:51:54 /usr/local/python3.12.13/bin/python3 -c from multiprocessing.spawn import spawn_main; spawn_main(tracker_fd=36, pipe_handle=88) --multiprocessing-fork
  96143   91228 root      0.0  0.0  1-13:51:52 /usr/local/python3.12.13/bin/python3 -c from multiprocessing.spawn import spawn_main; spawn_main(tracker_fd=36, pipe_handle=77) --multiprocessing-fork
  96830   89602 root      0.0  0.0  1-13:51:45 /usr/local/python3.12.13/bin/python3 -c from multiprocessing.forkserver import main; main(85, 87, [], **{})
  96848   96830 root      0.0  0.0  1-13:51:45 /usr/local/python3.12.13/bin/python3 -c from multiprocessing.forkserver import main; main(85, 87, [], **{})
  96849   96830 root      0.0  0.0  1-13:51:45 /usr/local/python3.12.13/bin/python3 -c from multiprocessing.forkserver import main; main(85, 87, [], **{})
  96850   96830 root      0.0  0.0  1-13:51:45 /usr/local/python3.12.13/bin/python3 -c from multiprocessing.forkserver import main; main(85, 87, [], **{})
  96851   96830 root      0.0  0.0  1-13:51:45 /usr/local/python3.12.13/bin/python3 -c from multiprocessing.forkserver import main; main(85, 87, [], **{})
  96853   96830 root      0.0  0.0  1-13:51:45 /usr/local/python3.12.13/bin/python3 -c from multiprocessing.forkserver import main; main(85, 87, [], **{})
  96854   96830 root      0.0  0.0  1-13:51:45 /usr/local/python3.12.13/bin/python3 -c from multiprocessing.forkserver import main; main(85, 87, [], **{})
  96855   96830 root      0.0  0.0  1-13:51:45 /usr/local/python3.12.13/bin/python3 -c from multiprocessing.forkserver import main; main(85, 87, [], **{})
  96856   96830 root      0.0  0.0  1-13:51:45 /usr/local/python3.12.13/bin/python3 -c from multiprocessing.forkserver import main; main(85, 87, [], **{})
  96857   96830 root      0.0  0.0  1-13:51:45 /usr/local/python3.12.13/bin/python3 -c from multiprocessing.forkserver import main; main(85, 87, [], **{})
  96891   96830 root      0.0  0.0  1-13:51:45 /usr/local/python3.12.13/bin/python3 -c from multiprocessing.forkserver import main; main(85, 87, [], **{})
  96892   96830 root      0.0  0.0  1-13:51:45 /usr/local/python3.12.13/bin/python3 -c from multiprocessing.forkserver import main; main(85, 87, [], **{})
  96893   96830 root      0.0  0.0  1-13:51:45 /usr/local/python3.12.13/bin/python3 -c from multiprocessing.forkserver import main; main(85, 87, [], **{})
  96894   96830 root      0.0  0.0  1-13:51:45 /usr/local/python3.12.13/bin/python3 -c from multiprocessing.forkserver import main; main(85, 87, [], **{})
  96895   96830 root      0.0  0.0  1-13:51:45 /usr/local/python3.12.13/bin/python3 -c from multiprocessing.forkserver import main; main(85, 87, [], **{})
  96896   96830 root      0.0  0.0  1-13:51:45 /usr/local/python3.12.13/bin/python3 -c from multiprocessing.forkserver import main; main(85, 87, [], **{})
  96897   96830 root      0.0  0.0  1-13:51:45 /usr/local/python3.12.13/bin/python3 -c from multiprocessing.forkserver import main; main(85, 87, [], **{})
  96898   96830 root      0.0  0.0  1-13:51:45 /usr/local/python3.12.13/bin/python3 -c from multiprocessing.forkserver import main; main(85, 87, [], **{})
  97110   91228 root      0.0  0.0  1-13:51:43 /usr/local/python3.12.13/bin/python3 -c from multiprocessing.forkserver import main; main(74, 76, [], **{})
  97116   97110 root      0.0  0.0  1-13:51:43 /usr/local/python3.12.13/bin/python3 -c from multiprocessing.forkserver import main; main(74, 76, [], **{})
  97118   97110 root      0.0  0.0  1-13:51:43 /usr/local/python3.12.13/bin/python3 -c from multiprocessing.forkserver import main; main(74, 76, [], **{})
  97120   97110 root      0.0  0.0  1-13:51:43 /usr/local/python3.12.13/bin/python3 -c from multiprocessing.forkserver import main; main(74, 76, [], **{})
  97121   97110 root      0.0  0.0  1-13:51:43 /usr/local/python3.12.13/bin/python3 -c from multiprocessing.forkserver import main; main(74, 76, [], **{})
  97122   97110 root      0.0  0.0  1-13:51:43 /usr/local/python3.12.13/bin/python3 -c from multiprocessing.forkserver import main; main(74, 76, [], **{})
  97123   97110 root      0.0  0.0  1-13:51:43 /usr/local/python3.12.13/bin/python3 -c from multiprocessing.forkserver import main; main(74, 76, [], **{})
  97124   97110 root      0.0  0.0  1-13:51:43 /usr/local/python3.12.13/bin/python3 -c from multiprocessing.forkserver import main; main(74, 76, [], **{})
  97125   97110 root      0.0  0.0  1-13:51:43 /usr/local/python3.12.13/bin/python3 -c from multiprocessing.forkserver import main; main(74, 76, [], **{})
  97126   97110 root      0.0  0.0  1-13:51:43 /usr/local/python3.12.13/bin/python3 -c from multiprocessing.forkserver import main; main(74, 76, [], **{})
  97157   97110 root      0.0  0.0  1-13:51:43 /usr/local/python3.12.13/bin/python3 -c from multiprocessing.forkserver import main; main(74, 76, [], **{})
  97158   97110 root      0.0  0.0  1-13:51:43 /usr/local/python3.12.13/bin/python3 -c from multiprocessing.forkserver import main; main(74, 76, [], **{})
  97159   97110 root      0.0  0.0  1-13:51:43 /usr/local/python3.12.13/bin/python3 -c from multiprocessing.forkserver import main; main(74, 76, [], **{})
  97160   97110 root      0.0  0.0  1-13:51:43 /usr/local/python3.12.13/bin/python3 -c from multiprocessing.forkserver import main; main(74, 76, [], **{})
  97161   97110 root      0.0  0.0  1-13:51:43 /usr/local/python3.12.13/bin/python3 -c from multiprocessing.forkserver import main; main(74, 76, [], **{})
  97163   97110 root      0.0  0.0  1-13:51:43 /usr/local/python3.12.13/bin/python3 -c from multiprocessing.forkserver import main; main(74, 76, [], **{})
  97166   97110 root      0.0  0.0  1-13:51:43 /usr/local/python3.12.13/bin/python3 -c from multiprocessing.forkserver import main; main(74, 76, [], **{})
  97169   97110 root      0.0  0.0  1-13:51:43 /usr/local/python3.12.13/bin/python3 -c from multiprocessing.forkserver import main; main(74, 76, [], **{})
 100247   94498 root      0.0  0.0  1-13:51:17 /usr/local/python3.12.13/bin/python3 -c from multiprocessing.spawn import spawn_main; spawn_main(tracker_fd=36, pipe_handle=85) --multiprocessing-fork
 100272   89395 root      0.0  0.0  1-13:51:17 /usr/local/python3.12.13/bin/python3 -c from multiprocessing.spawn import spawn_main; spawn_main(tracker_fd=36, pipe_handle=102) --multiprocessing-fork
 100372   91055 root      0.0  0.0  1-13:51:16 /usr/local/python3.12.13/bin/python3 -c from multiprocessing.spawn import spawn_main; spawn_main(tracker_fd=36, pipe_handle=85) --multiprocessing-fork
 100434   92813 root      0.0  0.0  1-13:51:15 /usr/local/python3.12.13/bin/python3 -c from multiprocessing.spawn import spawn_main; spawn_main(tracker_fd=36, pipe_handle=85) --multiprocessing-fork
 101149   94498 root      0.0  0.0  1-13:51:08 /usr/local/python3.12.13/bin/python3 -c from multiprocessing.forkserver import main; main(82, 84, [], **{})
 101156  101149 root      0.0  0.0  1-13:51:08 /usr/local/python3.12.13/bin/python3 -c from multiprocessing.forkserver import main; main(82, 84, [], **{})
 101157  101149 root      0.0  0.0  1-13:51:08 /usr/local/python3.12.13/bin/python3 -c from multiprocessing.forkserver import main; main(82, 84, [], **{})
 101158  101149 root      0.0  0.0  1-13:51:08 /usr/local/python3.12.13/bin/python3 -c from multiprocessing.forkserver import main; main(82, 84, [], **{})
 101160  101149 root      0.0  0.0  1-13:51:08 /usr/local/python3.12.13/bin/python3 -c from multiprocessing.forkserver import main; main(82, 84, [], **{})
 101161  101149 root      0.0  0.0  1-13:51:08 /usr/local/python3.12.13/bin/python3 -c from multiprocessing.forkserver import main; main(82, 84, [], **{})
 101162  101149 root      0.0  0.0  1-13:51:08 /usr/local/python3.12.13/bin/python3 -c from multiprocessing.forkserver import main; main(82, 84, [], **{})
 101163  101149 root      0.0  0.0  1-13:51:08 /usr/local/python3.12.13/bin/python3 -c from multiprocessing.forkserver import main; main(82, 84, [], **{})
 101164  101149 root      0.0  0.0  1-13:51:08 /usr/local/python3.12.13/bin/python3 -c from multiprocessing.forkserver import main; main(82, 84, [], **{})
 101165  101149 root      0.0  0.0  1-13:51:08 /usr/local/python3.12.13/bin/python3 -c from multiprocessing.forkserver import main; main(82, 84, [], **{})
 101220   89395 root      0.0  0.0  1-13:51:08 /usr/local/python3.12.13/bin/python3 -c from multiprocessing.forkserver import main; main(99, 101, [], **{})
 101222  101220 root      0.0  0.0  1-13:51:08 /usr/local/python3.12.13/bin/python3 -c from multiprocessing.forkserver import main; main(99, 101, [], **{})
 101223  101220 root      0.0  0.0  1-13:51:08 /usr/local/python3.12.13/bin/python3 -c from multiprocessing.forkserver import main; main(99, 101, [], **{})
 101224  101220 root      0.0  0.0  1-13:51:08 /usr/local/python3.12.13/bin/python3 -c from multiprocessing.forkserver import main; main(99, 101, [], **{})
 101225  101220 root      0.0  0.0  1-13:51:08 /usr/local/python3.12.13/bin/python3 -c from multiprocessing.forkserver import main; main(99, 101, [], **{})
 101226  101220 root      0.0  0.0  1-13:51:08 /usr/local/python3.12.13/bin/python3 -c from multiprocessing.forkserver import main; main(99, 101, [], **{})
 101227  101220 root      0.0  0.0  1-13:51:08 /usr/local/python3.12.13/bin/python3 -c from multiprocessing.forkserver import main; main(99, 101, [], **{})
 101228  101220 root      0.0  0.0  1-13:51:08 /usr/local/python3.12.13/bin/python3 -c from multiprocessing.forkserver import main; main(99, 101, [], **{})
 101229  101220 root      0.0  0.0  1-13:51:08 /usr/local/python3.12.13/bin/python3 -c from multiprocessing.forkserver import main; main(99, 101, [], **{})
 101230  101220 root      0.0  0.0  1-13:51:08 /usr/local/python3.12.13/bin/python3 -c from multiprocessing.forkserver import main; main(99, 101, [], **{})
 101259  101149 root      0.0  0.0  1-13:51:08 /usr/local/python3.12.13/bin/python3 -c from multiprocessing.forkserver import main; main(82, 84, [], **{})
 101260  101149 root      0.0  0.0  1-13:51:08 /usr/local/python3.12.13/bin/python3 -c from multiprocessing.forkserver import main; main(82, 84, [], **{})
 101261  101149 root      0.0  0.0  1-13:51:08 /usr/local/python3.12.13/bin/python3 -c from multiprocessing.forkserver import main; main(82, 84, [], **{})
 101262  101149 root      0.0  0.0  1-13:51:08 /usr/local/python3.12.13/bin/python3 -c from multiprocessing.forkserver import main; main(82, 84, [], **{})
 101263  101149 root      0.0  0.0  1-13:51:08 /usr/local/python3.12.13/bin/python3 -c from multiprocessing.forkserver import main; main(82, 84, [], **{})
 101264  101149 root      0.0  0.0  1-13:51:08 /usr/local/python3.12.13/bin/python3 -c from multiprocessing.forkserver import main; main(82, 84, [], **{})
 101265  101149 root      0.0  0.0  1-13:51:08 /usr/local/python3.12.13/bin/python3 -c from multiprocessing.forkserver import main; main(82, 84, [], **{})
 101266  101149 root      0.0  0.0  1-13:51:08 /usr/local/python3.12.13/bin/python3 -c from multiprocessing.forkserver import main; main(82, 84, [], **{})
 101267  101220 root      0.0  0.0  1-13:51:08 /usr/local/python3.12.13/bin/python3 -c from multiprocessing.forkserver import main; main(99, 101, [], **{})
 101268  101220 root      0.0  0.0  1-13:51:08 /usr/local/python3.12.13/bin/python3 -c from multiprocessing.forkserver import main; main(99, 101, [], **{})
 101269  101220 root      0.0  0.0  1-13:51:08 /usr/local/python3.12.13/bin/python3 -c from multiprocessing.forkserver import main; main(99, 101, [], **{})
 101270  101220 root      0.0  0.0  1-13:51:08 /usr/local/python3.12.13/bin/python3 -c from multiprocessing.forkserver import main; main(99, 101, [], **{})
 101271  101220 root      0.0  0.0  1-13:51:08 /usr/local/python3.12.13/bin/python3 -c from multiprocessing.forkserver import main; main(99, 101, [], **{})
 101272  101220 root      0.0  0.0  1-13:51:08 /usr/local/python3.12.13/bin/python3 -c from multiprocessing.forkserver import main; main(99, 101, [], **{})
 101273  101220 root      0.0  0.0  1-13:51:08 /usr/local/python3.12.13/bin/python3 -c from multiprocessing.forkserver import main; main(99, 101, [], **{})
 101274  101220 root      0.0  0.0  1-13:51:08 /usr/local/python3.12.13/bin/python3 -c from multiprocessing.forkserver import main; main(99, 101, [], **{})
 101463   91055 root      0.0  0.0  1-13:51:07 /usr/local/python3.12.13/bin/python3 -c from multiprocessing.forkserver import main; main(82, 84, [], **{})
 101467  101463 root      0.0  0.0  1-13:51:06 /usr/local/python3.12.13/bin/python3 -c from multiprocessing.forkserver import main; main(82, 84, [], **{})
 101468  101463 root      0.0  0.0  1-13:51:06 /usr/local/python3.12.13/bin/python3 -c from multiprocessing.forkserver import main; main(82, 84, [], **{})
 101469  101463 root      0.0  0.0  1-13:51:06 /usr/local/python3.12.13/bin/python3 -c from multiprocessing.forkserver import main; main(82, 84, [], **{})
 101470  101463 root      0.0  0.0  1-13:51:06 /usr/local/python3.12.13/bin/python3 -c from multiprocessing.forkserver import main; main(82, 84, [], **{})
 101471  101463 root      0.0  0.0  1-13:51:06 /usr/local/python3.12.13/bin/python3 -c from multiprocessing.forkserver import main; main(82, 84, [], **{})
 101472  101463 root      0.0  0.0  1-13:51:06 /usr/local/python3.12.13/bin/python3 -c from multiprocessing.forkserver import main; main(82, 84, [], **{})
 101473  101463 root      0.0  0.0  1-13:51:06 /usr/local/python3.12.13/bin/python3 -c from multiprocessing.forkserver import main; main(82, 84, [], **{})
 101474  101463 root      0.0  0.0  1-13:51:06 /usr/local/python3.12.13/bin/python3 -c from multiprocessing.forkserver import main; main(82, 84, [], **{})
 101475  101463 root      0.0  0.0  1-13:51:06 /usr/local/python3.12.13/bin/python3 -c from multiprocessing.forkserver import main; main(82, 84, [], **{})
 101518  101463 root      0.0  0.0  1-13:51:06 /usr/local/python3.12.13/bin/python3 -c from multiprocessing.forkserver import main; main(82, 84, [], **{})
 101519  101463 root      0.0  0.0  1-13:51:06 /usr/local/python3.12.13/bin/python3 -c from multiprocessing.forkserver import main; main(82, 84, [], **{})
 101520  101463 root      0.0  0.0  1-13:51:06 /usr/local/python3.12.13/bin/python3 -c from multiprocessing.forkserver import main; main(82, 84, [], **{})
 101521  101463 root      0.0  0.0  1-13:51:06 /usr/local/python3.12.13/bin/python3 -c from multiprocessing.forkserver import main; main(82, 84, [], **{})
 101522  101463 root      0.0  0.0  1-13:51:06 /usr/local/python3.12.13/bin/python3 -c from multiprocessing.forkserver import main; main(82, 84, [], **{})
 101523  101463 root      0.0  0.0  1-13:51:06 /usr/local/python3.12.13/bin/python3 -c from multiprocessing.forkserver import main; main(82, 84, [], **{})
 101524  101463 root      0.0  0.0  1-13:51:06 /usr/local/python3.12.13/bin/python3 -c from multiprocessing.forkserver import main; main(82, 84, [], **{})
 101525  101463 root      0.0  0.0  1-13:51:06 /usr/local/python3.12.13/bin/python3 -c from multiprocessing.forkserver import main; main(82, 84, [], **{})
 102072   92813 root      0.0  0.0  1-13:51:04 /usr/local/python3.12.13/bin/python3 -c from multiprocessing.forkserver import main; main(82, 84, [], **{})
 102203  102072 root      0.0  0.0  1-13:51:04 /usr/local/python3.12.13/bin/python3 -c from multiprocessing.forkserver import main; main(82, 84, [], **{})
 102204  102072 root      0.0  0.0  1-13:51:04 /usr/local/python3.12.13/bin/python3 -c from multiprocessing.forkserver import main; main(82, 84, [], **{})
 102205  102072 root      0.0  0.0  1-13:51:04 /usr/local/python3.12.13/bin/python3 -c from multiprocessing.forkserver import main; main(82, 84, [], **{})
 102206  102072 root      0.0  0.0  1-13:51:04 /usr/local/python3.12.13/bin/python3 -c from multiprocessing.forkserver import main; main(82, 84, [], **{})
 102207  102072 root      0.0  0.0  1-13:51:04 /usr/local/python3.12.13/bin/python3 -c from multiprocessing.forkserver import main; main(82, 84, [], **{})
 102208  102072 root      0.0  0.0  1-13:51:04 /usr/local/python3.12.13/bin/python3 -c from multiprocessing.forkserver import main; main(82, 84, [], **{})
 102209  102072 root      0.0  0.0  1-13:51:04 /usr/local/python3.12.13/bin/python3 -c from multiprocessing.forkserver import main; main(82, 84, [], **{})
 102210  102072 root      0.0  0.0  1-13:51:04 /usr/local/python3.12.13/bin/python3 -c from multiprocessing.forkserver import main; main(82, 84, [], **{})
 102211  102072 root      0.0  0.0  1-13:51:04 /usr/local/python3.12.13/bin/python3 -c from multiprocessing.forkserver import main; main(82, 84, [], **{})
 102261  102072 root      0.0  0.0  1-13:51:03 /usr/local/python3.12.13/bin/python3 -c from multiprocessing.forkserver import main; main(82, 84, [], **{})
 102262  102072 root      0.0  0.0  1-13:51:03 /usr/local/python3.12.13/bin/python3 -c from multiprocessing.forkserver import main; main(82, 84, [], **{})
 102263  102072 root      0.0  0.0  1-13:51:03 /usr/local/python3.12.13/bin/python3 -c from multiprocessing.forkserver import main; main(82, 84, [], **{})
 102264  102072 root      0.0  0.0  1-13:51:03 /usr/local/python3.12.13/bin/python3 -c from multiprocessing.forkserver import main; main(82, 84, [], **{})
 102265  102072 root      0.0  0.0  1-13:51:03 /usr/local/python3.12.13/bin/python3 -c from multiprocessing.forkserver import main; main(82, 84, [], **{})
 102266  102072 root      0.0  0.0  1-13:51:03 /usr/local/python3.12.13/bin/python3 -c from multiprocessing.forkserver import main; main(82, 84, [], **{})
 102267  102072 root      0.0  0.0  1-13:51:03 /usr/local/python3.12.13/bin/python3 -c from multiprocessing.forkserver import main; main(82, 84, [], **{})
 102268  102072 root      0.0  0.0  1-13:51:03 /usr/local/python3.12.13/bin/python3 -c from multiprocessing.forkserver import main; main(82, 84, [], **{})
 363525 1678571 hxw       3.2  0.0  1-13:11:53 /home/data4t1/hxw/anaconda3/bin/python3.10 /home/data4t1/hxw/anaconda3/bin/nputop
 531969 2298726 hxw       2.5  0.0 29-13:45:20 /home/data4t2/hxwDir/hxw_moved/conda_envs/opd/bin/python /home/data4t2/hxwDir/hxw_moved/conda_envs/opd/bin/tensorboard --logdir /home/data4t2/hxwDir/hxw_moved/opd-resources/runs/train --host 0.0.0.0 --port 6006
 644507       1 hxw       0.2  0.0 161-07:35:44 /home/data4t1/hxw/anaconda3/envs/dfkd/bin/python3.10 /home/data4t1/hxw/anaconda3/envs/dfkd/bin/tensorboard --logdir=/home/data4t2/hxwDir/hxw_moved/dfkd/runs/datafree-nayer_df/ --port=6007 --bind_all
2033118 3834144 hxw       3.2  0.0 64-12:32:14 /home/data4t1/hxw/anaconda3/bin/python3.10 /home/data4t1/hxw/anaconda3/bin/nputop
2588208 3192131 wangjie+  136  0.1       00:26 /home/data4t1/wangjielei/.vscode-server/cli/servers/Stable-7debcd0e2acdea1c52de81bf9ee1620444407dda/server/node /home/data4t1/wangjielei/.vscode-server/extensions/ms-python.vscode-pylance-2026.3.1/dist/server.bundle.js --cancellationReceive=file:1f6d69b0282a1b0a0a7c598e92fda6e5e6769133c0 --node-ipc --clientProcessId=3192131
2916664 2914109 hxw       2.9  0.0 93-08:15:32 /home/data4t1/hxw/anaconda3/bin/python3.10 /home/data4t1/hxw/anaconda3/bin/nputop
2991304 2429127 hxw       0.0  0.3  1-17:42:47 /home/data4t2/hxwDir/hxw_moved/conda_envs/opd/bin/python -m tools.visual_opd.llm_eval_browser.server --data-root /home/data4t2/hxwDir/hxw_moved/verl-npu-opd/dataset/llm_eval --host 0.0.0.0 --port 8767
2992910 2577231 zhangka+  0.4  0.2 10-05:19:49 /home/data4t1/zhangkaijie/conda/envs/qwen38_a2/bin/python3.12 /home/data4t1/zhangkaijie/conda/envs/qwen38_a2/bin/vllm serve /home/data4t2/models/Qwen3.8-27B-w8a8 --host 0.0.0.0 --port 9000 --tensor-parallel-size 1 --max-model-len 200000 --max-num-seqs 8 --max-num-batched-tokens 16384 --enable-prefix-caching --trust-remote-code --speculative-config {"method":"mtp","num_speculative_tokens":4} --enable-auto-tool-choice --tool-call-parser qwen3_coder --gpu-memory-utilization 0.85
2999854 2992910 zhangka+  0.0  0.0 10-05:19:03 /home/data4t1/zhangkaijie/conda/envs/qwen38_a2/bin/python3.12 -c from multiprocessing.resource_tracker import main;main(39)
2999855 2992910 zhangka+ 14.9  0.3 10-05:19:03 VLLM::EngineCore
3008420 2999855 zhangka+  0.0  0.0 10-05:18:03 /home/data4t1/zhangkaijie/conda/envs/qwen38_a2/bin/python3.12 -c from multiprocessing.spawn import spawn_main; spawn_main(tracker_fd=40, pipe_handle=84) --multiprocessing-fork
3009726 2999855 zhangka+  0.0  0.0 10-05:17:54 /home/data4t1/zhangkaijie/conda/envs/qwen38_a2/bin/python3.12 -c from multiprocessing.forkserver import main; main(81, 83, [], **{})
3009729 3009726 zhangka+  0.0  0.0 10-05:17:54 /home/data4t1/zhangkaijie/conda/envs/qwen38_a2/bin/python3.12 -c from multiprocessing.forkserver import main; main(81, 83, [], **{})
3009731 3009726 zhangka+  0.0  0.0 10-05:17:54 /home/data4t1/zhangkaijie/conda/envs/qwen38_a2/bin/python3.12 -c from multiprocessing.forkserver import main; main(81, 83, [], **{})
3009733 3009726 zhangka+  0.0  0.0 10-05:17:54 /home/data4t1/zhangkaijie/conda/envs/qwen38_a2/bin/python3.12 -c from multiprocessing.forkserver import main; main(81, 83, [], **{})
3009734 3009726 zhangka+  0.0  0.0 10-05:17:54 /home/data4t1/zhangkaijie/conda/envs/qwen38_a2/bin/python3.12 -c from multiprocessing.forkserver import main; main(81, 83, [], **{})
3009736 3009726 zhangka+  0.0  0.0 10-05:17:54 /home/data4t1/zhangkaijie/conda/envs/qwen38_a2/bin/python3.12 -c from multiprocessing.forkserver import main; main(81, 83, [], **{})
3009739 3009726 zhangka+  0.0  0.0 10-05:17:54 /home/data4t1/zhangkaijie/conda/envs/qwen38_a2/bin/python3.12 -c from multiprocessing.forkserver import main; main(81, 83, [], **{})
3009740 3009726 zhangka+  0.0  0.0 10-05:17:54 /home/data4t1/zhangkaijie/conda/envs/qwen38_a2/bin/python3.12 -c from multiprocessing.forkserver import main; main(81, 83, [], **{})
3009741 3009726 zhangka+  0.0  0.0 10-05:17:54 /home/data4t1/zhangkaijie/conda/envs/qwen38_a2/bin/python3.12 -c from multiprocessing.forkserver import main; main(81, 83, [], **{})
3009742 3009726 zhangka+  0.0  0.0 10-05:17:54 /home/data4t1/zhangkaijie/conda/envs/qwen38_a2/bin/python3.12 -c from multiprocessing.forkserver import main; main(81, 83, [], **{})
3009773 3009726 zhangka+  0.0  0.0 10-05:17:53 /home/data4t1/zhangkaijie/conda/envs/qwen38_a2/bin/python3.12 -c from multiprocessing.forkserver import main; main(81, 83, [], **{})
3009774 3009726 zhangka+  0.0  0.0 10-05:17:53 /home/data4t1/zhangkaijie/conda/envs/qwen38_a2/bin/python3.12 -c from multiprocessing.forkserver import main; main(81, 83, [], **{})
3009775 3009726 zhangka+  0.0  0.0 10-05:17:53 /home/data4t1/zhangkaijie/conda/envs/qwen38_a2/bin/python3.12 -c from multiprocessing.forkserver import main; main(81, 83, [], **{})
3009776 3009726 zhangka+  0.0  0.0 10-05:17:53 /home/data4t1/zhangkaijie/conda/envs/qwen38_a2/bin/python3.12 -c from multiprocessing.forkserver import main; main(81, 83, [], **{})
3009777 3009726 zhangka+  0.0  0.0 10-05:17:53 /home/data4t1/zhangkaijie/conda/envs/qwen38_a2/bin/python3.12 -c from multiprocessing.forkserver import main; main(81, 83, [], **{})
3009778 3009726 zhangka+  0.0  0.0 10-05:17:53 /home/data4t1/zhangkaijie/conda/envs/qwen38_a2/bin/python3.12 -c from multiprocessing.forkserver import main; main(81, 83, [], **{})
3009779 3009726 zhangka+  0.0  0.0 10-05:17:53 /home/data4t1/zhangkaijie/conda/envs/qwen38_a2/bin/python3.12 -c from multiprocessing.forkserver import main; main(81, 83, [], **{})
3009780 3009726 zhangka+  0.0  0.0 10-05:17:53 /home/data4t1/zhangkaijie/conda/envs/qwen38_a2/bin/python3.12 -c from multiprocessing.forkserver import main; main(81, 83, [], **{})
3121422 3458196 gouhang   0.0  0.4    19:37:40 python MMGIT/train/train_mem.py --model_name_or_path lmsys/vicuna-7b-v1.5-16k --version v1 --cache_dir ./checkpoint --pretrained_embedding_type clip_mix --tune_mm_mlp_adapter True --mm_use_graph_start_end False --mm_use_graph_patch_token False --bf16 True --fp16 False --output_dir ./checkpoints/Movies/mlaga-vicuna-7b-Movies-clip_mix-2-10-2layer-TIQ_demo-nc-4epoch-bs2-len2048 --num_train_epochs 4 --per_device_train_batch_size 2 --per_device_eval_batch_size 2 --gradient_accumulation_steps 4 --evaluation_strategy no --save_strategy epoch --learning_rate 2e-5 --weight_decay 0. --warmup_ratio 0.03 --lr_scheduler_type cosine --logging_steps 1 --tf32 False --model_max_length 2048 --gradient_checkpointing True --lazy_preprocess True --report_to none --use_hop 2 --sample_neighbor_size 10 --mm_projector_type 2-layer-mlp --use_task nc --use_dataset Movies --template TIQ_demo --is_general_model False --is_data_task_general False --is_cross_task_attention True --dataset_task_mapping Movies:nc --cross_attn_layers 1
3121471 3458196 gouhang   0.0  0.4    19:37:39 python MMGIT/train/train_mem.py --model_name_or_path lmsys/vicuna-7b-v1.5-16k --version v1 --cache_dir ./checkpoint --pretrained_embedding_type clip_mix --tune_mm_mlp_adapter True --mm_use_graph_start_end False --mm_use_graph_patch_token False --bf16 True --fp16 False --output_dir ./checkpoints/Movies/mlaga-vicuna-7b-Movies-clip_mix-2-10-2layer-TIQ_demo-nc-4epoch-bs2-len2048 --num_train_epochs 4 --per_device_train_batch_size 2 --per_device_eval_batch_size 2 --gradient_accumulation_steps 4 --evaluation_strategy no --save_strategy epoch --learning_rate 2e-5 --weight_decay 0. --warmup_ratio 0.03 --lr_scheduler_type cosine --logging_steps 1 --tf32 False --model_max_length 2048 --gradient_checkpointing True --lazy_preprocess True --report_to none --use_hop 2 --sample_neighbor_size 10 --mm_projector_type 2-layer-mlp --use_task nc --use_dataset Movies --template TIQ_demo --is_general_model False --is_data_task_general False --is_cross_task_attention True --dataset_task_mapping Movies:nc --cross_attn_layers 1
3121520 3458196 gouhang   0.0  0.4    19:37:39 python MMGIT/train/train_mem.py --model_name_or_path lmsys/vicuna-7b-v1.5-16k --version v1 --cache_dir ./checkpoint --pretrained_embedding_type clip_mix --tune_mm_mlp_adapter True --mm_use_graph_start_end False --mm_use_graph_patch_token False --bf16 True --fp16 False --output_dir ./checkpoints/Movies/mlaga-vicuna-7b-Movies-clip_mix-2-10-2layer-TIQ_demo-nc-4epoch-bs2-len2048 --num_train_epochs 4 --per_device_train_batch_size 2 --per_device_eval_batch_size 2 --gradient_accumulation_steps 4 --evaluation_strategy no --save_strategy epoch --learning_rate 2e-5 --weight_decay 0. --warmup_ratio 0.03 --lr_scheduler_type cosine --logging_steps 1 --tf32 False --model_max_length 2048 --gradient_checkpointing True --lazy_preprocess True --report_to none --use_hop 2 --sample_neighbor_size 10 --mm_projector_type 2-layer-mlp --use_task nc --use_dataset Movies --template TIQ_demo --is_general_model False --is_data_task_general False --is_cross_task_attention True --dataset_task_mapping Movies:nc --cross_attn_layers 1
3121560 3458196 gouhang   0.0  0.4    19:37:39 python MMGIT/train/train_mem.py --model_name_or_path lmsys/vicuna-7b-v1.5-16k --version v1 --cache_dir ./checkpoint --pretrained_embedding_type clip_mix --tune_mm_mlp_adapter True --mm_use_graph_start_end False --mm_use_graph_patch_token False --bf16 True --fp16 False --output_dir ./checkpoints/Movies/mlaga-vicuna-7b-Movies-clip_mix-2-10-2layer-TIQ_demo-nc-4epoch-bs2-len2048 --num_train_epochs 4 --per_device_train_batch_size 2 --per_device_eval_batch_size 2 --gradient_accumulation_steps 4 --evaluation_strategy no --save_strategy epoch --learning_rate 2e-5 --weight_decay 0. --warmup_ratio 0.03 --lr_scheduler_type cosine --logging_steps 1 --tf32 False --model_max_length 2048 --gradient_checkpointing True --lazy_preprocess True --report_to none --use_hop 2 --sample_neighbor_size 10 --mm_projector_type 2-layer-mlp --use_task nc --use_dataset Movies --template TIQ_demo --is_general_model False --is_data_task_general False --is_cross_task_attention True --dataset_task_mapping Movies:nc --cross_attn_layers 1
3121615 3458196 gouhang   0.0  0.4    19:37:39 python MMGIT/train/train_mem.py --model_name_or_path lmsys/vicuna-7b-v1.5-16k --version v1 --cache_dir ./checkpoint --pretrained_embedding_type clip_mix --tune_mm_mlp_adapter True --mm_use_graph_start_end False --mm_use_graph_patch_token False --bf16 True --fp16 False --output_dir ./checkpoints/Movies/mlaga-vicuna-7b-Movies-clip_mix-2-10-2layer-TIQ_demo-nc-4epoch-bs2-len2048 --num_train_epochs 4 --per_device_train_batch_size 2 --per_device_eval_batch_size 2 --gradient_accumulation_steps 4 --evaluation_strategy no --save_strategy epoch --learning_rate 2e-5 --weight_decay 0. --warmup_ratio 0.03 --lr_scheduler_type cosine --logging_steps 1 --tf32 False --model_max_length 2048 --gradient_checkpointing True --lazy_preprocess True --report_to none --use_hop 2 --sample_neighbor_size 10 --mm_projector_type 2-layer-mlp --use_task nc --use_dataset Movies --template TIQ_demo --is_general_model False --is_data_task_general False --is_cross_task_attention True --dataset_task_mapping Movies:nc --cross_attn_layers 1
3121650 3458196 gouhang   0.0  0.4    19:37:39 python MMGIT/train/train_mem.py --model_name_or_path lmsys/vicuna-7b-v1.5-16k --version v1 --cache_dir ./checkpoint --pretrained_embedding_type clip_mix --tune_mm_mlp_adapter True --mm_use_graph_start_end False --mm_use_graph_patch_token False --bf16 True --fp16 False --output_dir ./checkpoints/Movies/mlaga-vicuna-7b-Movies-clip_mix-2-10-2layer-TIQ_demo-nc-4epoch-bs2-len2048 --num_train_epochs 4 --per_device_train_batch_size 2 --per_device_eval_batch_size 2 --gradient_accumulation_steps 4 --evaluation_strategy no --save_strategy epoch --learning_rate 2e-5 --weight_decay 0. --warmup_ratio 0.03 --lr_scheduler_type cosine --logging_steps 1 --tf32 False --model_max_length 2048 --gradient_checkpointing True --lazy_preprocess True --report_to none --use_hop 2 --sample_neighbor_size 10 --mm_projector_type 2-layer-mlp --use_task nc --use_dataset Movies --template TIQ_demo --is_general_model False --is_data_task_general False --is_cross_task_attention True --dataset_task_mapping Movies:nc --cross_attn_layers 1
3121678 3458196 gouhang   0.0  0.4    19:37:39 python MMGIT/train/train_mem.py --model_name_or_path lmsys/vicuna-7b-v1.5-16k --version v1 --cache_dir ./checkpoint --pretrained_embedding_type clip_mix --tune_mm_mlp_adapter True --mm_use_graph_start_end False --mm_use_graph_patch_token False --bf16 True --fp16 False --output_dir ./checkpoints/Movies/mlaga-vicuna-7b-Movies-clip_mix-2-10-2layer-TIQ_demo-nc-4epoch-bs2-len2048 --num_train_epochs 4 --per_device_train_batch_size 2 --per_device_eval_batch_size 2 --gradient_accumulation_steps 4 --evaluation_strategy no --save_strategy epoch --learning_rate 2e-5 --weight_decay 0. --warmup_ratio 0.03 --lr_scheduler_type cosine --logging_steps 1 --tf32 False --model_max_length 2048 --gradient_checkpointing True --lazy_preprocess True --report_to none --use_hop 2 --sample_neighbor_size 10 --mm_projector_type 2-layer-mlp --use_task nc --use_dataset Movies --template TIQ_demo --is_general_model False --is_data_task_general False --is_cross_task_attention True --dataset_task_mapping Movies:nc --cross_attn_layers 1
3121697 3458196 gouhang   0.0  0.4    19:37:38 python MMGIT/train/train_mem.py --model_name_or_path lmsys/vicuna-7b-v1.5-16k --version v1 --cache_dir ./checkpoint --pretrained_embedding_type clip_mix --tune_mm_mlp_adapter True --mm_use_graph_start_end False --mm_use_graph_patch_token False --bf16 True --fp16 False --output_dir ./checkpoints/Movies/mlaga-vicuna-7b-Movies-clip_mix-2-10-2layer-TIQ_demo-nc-4epoch-bs2-len2048 --num_train_epochs 4 --per_device_train_batch_size 2 --per_device_eval_batch_size 2 --gradient_accumulation_steps 4 --evaluation_strategy no --save_strategy epoch --learning_rate 2e-5 --weight_decay 0. --warmup_ratio 0.03 --lr_scheduler_type cosine --logging_steps 1 --tf32 False --model_max_length 2048 --gradient_checkpointing True --lazy_preprocess True --report_to none --use_hop 2 --sample_neighbor_size 10 --mm_projector_type 2-layer-mlp --use_task nc --use_dataset Movies --template TIQ_demo --is_general_model False --is_data_task_general False --is_cross_task_attention True --dataset_task_mapping Movies:nc --cross_attn_layers 1
3182512 3170962 ldm       0.0  0.0 149-08:51:13 python3
3192521 3192131 wangjie+  0.0  0.0    10:08:39 /home/data4t1/wangjielei/.vscode-server/extensions/ms-python.vscode-python-envs-1.36.0-linux-arm64/python-env-tools/bin/pet server
3194183 3192131 wangjie+  0.0  0.0    10:08:32 /home/data4t1/wangjielei/anaconda3/bin/python /home/data4t1/wangjielei/.vscode-server/extensions/ms-python.autopep8-2026.4.0/bundled/tool/lsp_server.py
3458196 1923574 gouhang  67.9  0.5  7-17:04:12 python MMGIT/train/train_mem.py --model_name_or_path lmsys/vicuna-7b-v1.5-16k --version v1 --cache_dir ./checkpoint --pretrained_embedding_type clip_mix --tune_mm_mlp_adapter True --mm_use_graph_start_end False --mm_use_graph_patch_token False --bf16 True --fp16 False --output_dir ./checkpoints/Movies/mlaga-vicuna-7b-Movies-clip_mix-2-10-2layer-TIQ_demo-nc-4epoch-bs2-len2048 --num_train_epochs 4 --per_device_train_batch_size 2 --per_device_eval_batch_size 2 --gradient_accumulation_steps 4 --evaluation_strategy no --save_strategy epoch --learning_rate 2e-5 --weight_decay 0. --warmup_ratio 0.03 --lr_scheduler_type cosine --logging_steps 1 --tf32 False --model_max_length 2048 --gradient_checkpointing True --lazy_preprocess True --report_to none --use_hop 2 --sample_neighbor_size 10 --mm_projector_type 2-layer-mlp --use_task nc --use_dataset Movies --template TIQ_demo --is_general_model False --is_data_task_general False --is_cross_task_attention True --dataset_task_mapping Movies:nc --cross_attn_layers 1
3461222 3458196 gouhang   0.0  0.1  7-17:03:54 python MMGIT/train/train_mem.py --model_name_or_path lmsys/vicuna-7b-v1.5-16k --version v1 --cache_dir ./checkpoint --pretrained_embedding_type clip_mix --tune_mm_mlp_adapter True --mm_use_graph_start_end False --mm_use_graph_patch_token False --bf16 True --fp16 False --output_dir ./checkpoints/Movies/mlaga-vicuna-7b-Movies-clip_mix-2-10-2layer-TIQ_demo-nc-4epoch-bs2-len2048 --num_train_epochs 4 --per_device_train_batch_size 2 --per_device_eval_batch_size 2 --gradient_accumulation_steps 4 --evaluation_strategy no --save_strategy epoch --learning_rate 2e-5 --weight_decay 0. --warmup_ratio 0.03 --lr_scheduler_type cosine --logging_steps 1 --tf32 False --model_max_length 2048 --gradient_checkpointing True --lazy_preprocess True --report_to none --use_hop 2 --sample_neighbor_size 10 --mm_projector_type 2-layer-mlp --use_task nc --use_dataset Movies --template TIQ_demo --is_general_model False --is_data_task_general False --is_cross_task_attention True --dataset_task_mapping Movies:nc --cross_attn_layers 1
3461283 3458196 gouhang   0.0  0.0  7-17:03:54 /home/data4t1/gouhang/anaconda3/envs/mlaga/bin/python -c from multiprocessing.resource_tracker import main;main(27)
3461284 3458196 gouhang   0.0  0.0  7-17:03:54 /home/data4t1/gouhang/anaconda3/envs/mlaga/bin/python -c from multiprocessing.forkserver import main; main(27, 30, [], **{})
3461296 3461284 gouhang   0.0  0.0  7-17:03:54 /home/data4t1/gouhang/anaconda3/envs/mlaga/bin/python -c from multiprocessing.forkserver import main; main(27, 30, [], **{})
3461297 3461284 gouhang   0.0  0.0  7-17:03:54 /home/data4t1/gouhang/anaconda3/envs/mlaga/bin/python -c from multiprocessing.forkserver import main; main(27, 30, [], **{})
3461298 3461284 gouhang   0.0  0.0  7-17:03:54 /home/data4t1/gouhang/anaconda3/envs/mlaga/bin/python -c from multiprocessing.forkserver import main; main(27, 30, [], **{})
3461299 3461284 gouhang   0.0  0.0  7-17:03:54 /home/data4t1/gouhang/anaconda3/envs/mlaga/bin/python -c from multiprocessing.forkserver import main; main(27, 30, [], **{})
3461300 3461284 gouhang   0.0  0.0  7-17:03:54 /home/data4t1/gouhang/anaconda3/envs/mlaga/bin/python -c from multiprocessing.forkserver import main; main(27, 30, [], **{})
3461302 3461284 gouhang   0.0  0.0  7-17:03:54 /home/data4t1/gouhang/anaconda3/envs/mlaga/bin/python -c from multiprocessing.forkserver import main; main(27, 30, [], **{})
3461304 3461284 gouhang   0.0  0.0  7-17:03:54 /home/data4t1/gouhang/anaconda3/envs/mlaga/bin/python -c from multiprocessing.forkserver import main; main(27, 30, [], **{})
3461306 3461284 gouhang   0.0  0.0  7-17:03:54 /home/data4t1/gouhang/anaconda3/envs/mlaga/bin/python -c from multiprocessing.forkserver import main; main(27, 30, [], **{})
3461309 3461284 gouhang   0.0  0.0  7-17:03:54 /home/data4t1/gouhang/anaconda3/envs/mlaga/bin/python -c from multiprocessing.forkserver import main; main(27, 30, [], **{})
3461508 3461284 gouhang   0.0  0.0  7-17:03:53 /home/data4t1/gouhang/anaconda3/envs/mlaga/bin/python -c from multiprocessing.forkserver import main; main(27, 30, [], **{})
3461509 3461284 gouhang   0.0  0.0  7-17:03:53 /home/data4t1/gouhang/anaconda3/envs/mlaga/bin/python -c from multiprocessing.forkserver import main; main(27, 30, [], **{})
3461510 3461284 gouhang   0.0  0.0  7-17:03:53 /home/data4t1/gouhang/anaconda3/envs/mlaga/bin/python -c from multiprocessing.forkserver import main; main(27, 30, [], **{})
3461511 3461284 gouhang   0.0  0.0  7-17:03:53 /home/data4t1/gouhang/anaconda3/envs/mlaga/bin/python -c from multiprocessing.forkserver import main; main(27, 30, [], **{})
3461512 3461284 gouhang   0.0  0.0  7-17:03:53 /home/data4t1/gouhang/anaconda3/envs/mlaga/bin/python -c from multiprocessing.forkserver import main; main(27, 30, [], **{})
3461513 3461284 gouhang   0.0  0.0  7-17:03:53 /home/data4t1/gouhang/anaconda3/envs/mlaga/bin/python -c from multiprocessing.forkserver import main; main(27, 30, [], **{})
3461514 3461284 gouhang   0.0  0.0  7-17:03:53 /home/data4t1/gouhang/anaconda3/envs/mlaga/bin/python -c from multiprocessing.forkserver import main; main(27, 30, [], **{})
3461515 3461284 gouhang   0.0  0.0  7-17:03:53 /home/data4t1/gouhang/anaconda3/envs/mlaga/bin/python -c from multiprocessing.forkserver import main; main(27, 30, [], **{})
3461516 3461284 gouhang   0.0  0.0  7-17:03:53 /home/data4t1/gouhang/anaconda3/envs/mlaga/bin/python -c from multiprocessing.forkserver import main; main(27, 30, [], **{})
3461517 3461284 gouhang   0.0  0.0  7-17:03:53 /home/data4t1/gouhang/anaconda3/envs/mlaga/bin/python -c from multiprocessing.forkserver import main; main(27, 30, [], **{})
3461518 3461284 gouhang   0.0  0.0  7-17:03:53 /home/data4t1/gouhang/anaconda3/envs/mlaga/bin/python -c from multiprocessing.forkserver import main; main(27, 30, [], **{})
3461519 3461284 gouhang   0.0  0.0  7-17:03:53 /home/data4t1/gouhang/anaconda3/envs/mlaga/bin/python -c from multiprocessing.forkserver import main; main(27, 30, [], **{})
3461520 3461284 gouhang   0.0  0.0  7-17:03:53 /home/data4t1/gouhang/anaconda3/envs/mlaga/bin/python -c from multiprocessing.forkserver import main; main(27, 30, [], **{})
3461521 3461284 gouhang   0.0  0.0  7-17:03:53 /home/data4t1/gouhang/anaconda3/envs/mlaga/bin/python -c from multiprocessing.forkserver import main; main(27, 30, [], **{})
3461522 3461284 gouhang   0.0  0.0  7-17:03:53 /home/data4t1/gouhang/anaconda3/envs/mlaga/bin/python -c from multiprocessing.forkserver import main; main(27, 30, [], **{})
3461523 3461284 gouhang   0.0  0.0  7-17:03:53 /home/data4t1/gouhang/anaconda3/envs/mlaga/bin/python -c from multiprocessing.forkserver import main; main(27, 30, [], **{})
3461524 3461284 gouhang   0.0  0.0  7-17:03:53 /home/data4t1/gouhang/anaconda3/envs/mlaga/bin/python -c from multiprocessing.forkserver import main; main(27, 30, [], **{})
3461525 3461284 gouhang   0.0  0.0  7-17:03:53 /home/data4t1/gouhang/anaconda3/envs/mlaga/bin/python -c from multiprocessing.forkserver import main; main(27, 30, [], **{})
3461526 3461284 gouhang   0.0  0.0  7-17:03:53 /home/data4t1/gouhang/anaconda3/envs/mlaga/bin/python -c from multiprocessing.forkserver import main; main(27, 30, [], **{})
3461527 3461284 gouhang   0.0  0.0  7-17:03:53 /home/data4t1/gouhang/anaconda3/envs/mlaga/bin/python -c from multiprocessing.forkserver import main; main(27, 30, [], **{})
3461528 3461284 gouhang   0.0  0.0  7-17:03:53 /home/data4t1/gouhang/anaconda3/envs/mlaga/bin/python -c from multiprocessing.forkserver import main; main(27, 30, [], **{})
3461529 3461284 gouhang   0.0  0.0  7-17:03:53 /home/data4t1/gouhang/anaconda3/envs/mlaga/bin/python -c from multiprocessing.forkserver import main; main(27, 30, [], **{})
3461530 3461284 gouhang   0.0  0.0  7-17:03:52 /home/data4t1/gouhang/anaconda3/envs/mlaga/bin/python -c from multiprocessing.forkserver import main; main(27, 30, [], **{})
3461531 3461284 gouhang   0.0  0.0  7-17:03:52 /home/data4t1/gouhang/anaconda3/envs/mlaga/bin/python -c from multiprocessing.forkserver import main; main(27, 30, [], **{})
3461532 3461284 gouhang   0.0  0.0  7-17:03:52 /home/data4t1/gouhang/anaconda3/envs/mlaga/bin/python -c from multiprocessing.forkserver import main; main(27, 30, [], **{})
3461533 3461284 gouhang   0.0  0.0  7-17:03:52 /home/data4t1/gouhang/anaconda3/envs/mlaga/bin/python -c from multiprocessing.forkserver import main; main(27, 30, [], **{})
3461534 3461284 gouhang   0.0  0.0  7-17:03:52 /home/data4t1/gouhang/anaconda3/envs/mlaga/bin/python -c from multiprocessing.forkserver import main; main(27, 30, [], **{})
3461535 3461284 gouhang   0.0  0.0  7-17:03:52 /home/data4t1/gouhang/anaconda3/envs/mlaga/bin/python -c from multiprocessing.forkserver import main; main(27, 30, [], **{})
3461536 3461284 gouhang   0.0  0.0  7-17:03:52 /home/data4t1/gouhang/anaconda3/envs/mlaga/bin/python -c from multiprocessing.forkserver import main; main(27, 30, [], **{})
3461537 3461284 gouhang   0.0  0.0  7-17:03:52 /home/data4t1/gouhang/anaconda3/envs/mlaga/bin/python -c from multiprocessing.forkserver import main; main(27, 30, [], **{})
3461538 3461284 gouhang   0.0  0.0  7-17:03:52 /home/data4t1/gouhang/anaconda3/envs/mlaga/bin/python -c from multiprocessing.forkserver import main; main(27, 30, [], **{})
3461539 3461284 gouhang   0.0  0.0  7-17:03:52 /home/data4t1/gouhang/anaconda3/envs/mlaga/bin/python -c from multiprocessing.forkserver import main; main(27, 30, [], **{})
3800830 3740120 hxw       3.3  0.0    17:54:50 /home/data4t1/hxw/anaconda3/bin/python3.10 /home/data4t1/hxw/anaconda3/bin/nputop
3920485 3583169 hxw       0.0  0.0 27-15:37:54 /home/data4t2/hxwDir/hxw_moved/conda_envs/opd/bin/python -m tools.visual_opd.rollout_browser.server
+ run_probe /home/data4t2/lelinfeng/phase4-workspaces/WIDE-X-FRESH4/build-server3/paired_local_probe_CURRENT CURRENT 16384
===== probe: CURRENT width=16384 =====
+ /home/data4t2/lelinfeng/phase4-workspaces/WIDE-X-FRESH4/build-server3/paired_local_probe_CURRENT CURRENT 16384
label=CURRENT width=16384 correctness=PASS max_abs_error=0 latency_ns=139881,137551,136831,136461,136181,136712,136221,136451
probe_exit_code=0
===== load snapshot: between_CURRENT_and_BUILD_D16384 =====
2026-09-23T20:22:23+0000
+ npu-smi info -t usages -i 0
+ bin=/home/data4t2/lelinfeng/phase4-workspaces/WIDE-X-FRESH4/build-server3/paired_local_probe_CURRENT
+ label=CURRENT
+ width=16384
+ echo '===== probe: CURRENT width=16384 ====='
+ echo '+ /home/data4t2/lelinfeng/phase4-workspaces/WIDE-X-FRESH4/build-server3/paired_local_probe_CURRENT CURRENT 16384'
+ /home/data4t2/lelinfeng/phase4-workspaces/WIDE-X-FRESH4/build-server3/paired_local_probe_CURRENT CURRENT 16384
+ status=0
+ echo probe_exit_code=0
+ return 0
+ snapshot between_CURRENT_and_BUILD_D16384
+ tag=between_CURRENT_and_BUILD_D16384
+ echo '===== load snapshot: between_CURRENT_and_BUILD_D16384 ====='
+ date +%Y-%m-%dT%H:%M:%S%z
+ for device in 0 1 2 3 4 5 6 7
+ echo '+ npu-smi info -t usages -i 0'
+ npu-smi info -t usages -i 0
	NPU ID                         : 0
	Chip Count                     : 1

	DDR Capacity(MB)               : 0
	DDR Usage Rate(%)              : 0
	DDR Hugepages Total(page)      : 0
	DDR Hugepages Usage Rate(%)    : 0
	HBM Capacity(MB)               : 65536
	HBM Usage Rate(%)              : 91
	Aicore Usage Rate(%)           : 32
	Aivector Usage Rate(%)         : 24
	Aicpu Usage Rate(%)            : 0
	Ctrlcpu Usage Rate(%)          : 7
	DDR Bandwidth Usage Rate(%)    : 0
	HBM Bandwidth Usage Rate(%)    : 29
	Chip ID                        : 0

+ npu-smi info -t usages -i 1
+ for device in 0 1 2 3 4 5 6 7
+ echo '+ npu-smi info -t usages -i 1'
+ npu-smi info -t usages -i 1
	NPU ID                         : 1
	Chip Count                     : 1

	DDR Capacity(MB)               : 0
	DDR Usage Rate(%)              : 0
	DDR Hugepages Total(page)      : 0
	DDR Hugepages Usage Rate(%)    : 0
	HBM Capacity(MB)               : 65536
	HBM Usage Rate(%)              : 91
	Aicore Usage Rate(%)           : 32
	Aivector Usage Rate(%)         : 24
	Aicpu Usage Rate(%)            : 0
	Ctrlcpu Usage Rate(%)          : 3
	DDR Bandwidth Usage Rate(%)    : 0
	HBM Bandwidth Usage Rate(%)    : 29
	Chip ID                        : 0

+ npu-smi info -t usages -i 2
+ for device in 0 1 2 3 4 5 6 7
+ echo '+ npu-smi info -t usages -i 2'
+ npu-smi info -t usages -i 2
	NPU ID                         : 2
	Chip Count                     : 1

	DDR Capacity(MB)               : 0
	DDR Usage Rate(%)              : 0
	DDR Hugepages Total(page)      : 0
	DDR Hugepages Usage Rate(%)    : 0
	HBM Capacity(MB)               : 65536
	HBM Usage Rate(%)              : 91
	Aicore Usage Rate(%)           : 32
	Aivector Usage Rate(%)         : 24
	Aicpu Usage Rate(%)            : 0
	Ctrlcpu Usage Rate(%)          : 5
	DDR Bandwidth Usage Rate(%)    : 0
	HBM Bandwidth Usage Rate(%)    : 29
	Chip ID                        : 0

+ npu-smi info -t usages -i 3
+ for device in 0 1 2 3 4 5 6 7
+ echo '+ npu-smi info -t usages -i 3'
+ npu-smi info -t usages -i 3
	NPU ID                         : 3
	Chip Count                     : 1

	DDR Capacity(MB)               : 0
	DDR Usage Rate(%)              : 0
	DDR Hugepages Total(page)      : 0
	DDR Hugepages Usage Rate(%)    : 0
	HBM Capacity(MB)               : 65536
	HBM Usage Rate(%)              : 91
	Aicore Usage Rate(%)           : 33
	Aivector Usage Rate(%)         : 23
	Aicpu Usage Rate(%)            : 0
	Ctrlcpu Usage Rate(%)          : 12
	DDR Bandwidth Usage Rate(%)    : 0
	HBM Bandwidth Usage Rate(%)    : 29
	Chip ID                        : 0

+ for device in 0 1 2 3 4 5 6 7
+ npu-smi info -t usages -i 4
+ echo '+ npu-smi info -t usages -i 4'
+ npu-smi info -t usages -i 4
	NPU ID                         : 4
	Chip Count                     : 1

	DDR Capacity(MB)               : 0
	DDR Usage Rate(%)              : 0
	DDR Hugepages Total(page)      : 0
	DDR Hugepages Usage Rate(%)    : 0
	HBM Capacity(MB)               : 65536
	HBM Usage Rate(%)              : 90
	Aicore Usage Rate(%)           : 0
	Aivector Usage Rate(%)         : 5
	Aicpu Usage Rate(%)            : 0
	Ctrlcpu Usage Rate(%)          : 4
	DDR Bandwidth Usage Rate(%)    : 0
	HBM Bandwidth Usage Rate(%)    : 0
	Chip ID                        : 0

+ npu-smi info -t usages -i 5
+ for device in 0 1 2 3 4 5 6 7
+ echo '+ npu-smi info -t usages -i 5'
+ npu-smi info -t usages -i 5
	NPU ID                         : 5
	Chip Count                     : 1

	DDR Capacity(MB)               : 0
	DDR Usage Rate(%)              : 0
	DDR Hugepages Total(page)      : 0
	DDR Hugepages Usage Rate(%)    : 0
	HBM Capacity(MB)               : 65536
	HBM Usage Rate(%)              : 91
	Aicore Usage Rate(%)           : 0
	Aivector Usage Rate(%)         : 0
	Aicpu Usage Rate(%)            : 0
	Ctrlcpu Usage Rate(%)          : 4
	DDR Bandwidth Usage Rate(%)    : 0
	HBM Bandwidth Usage Rate(%)    : 0
	Chip ID                        : 0

+ for device in 0 1 2 3 4 5 6 7
+ npu-smi info -t usages -i 6
+ echo '+ npu-smi info -t usages -i 6'
+ npu-smi info -t usages -i 6
	NPU ID                         : 6
	Chip Count                     : 1

	DDR Capacity(MB)               : 0
	DDR Usage Rate(%)              : 0
	DDR Hugepages Total(page)      : 0
	DDR Hugepages Usage Rate(%)    : 0
	HBM Capacity(MB)               : 65536
	HBM Usage Rate(%)              : 91
	Aicore Usage Rate(%)           : 0
	Aivector Usage Rate(%)         : 0
	Aicpu Usage Rate(%)            : 0
	Ctrlcpu Usage Rate(%)          : 34
	DDR Bandwidth Usage Rate(%)    : 0
	HBM Bandwidth Usage Rate(%)    : 0
	Chip ID                        : 0

+ npu-smi info -t usages -i 7
+ for device in 0 1 2 3 4 5 6 7
+ echo '+ npu-smi info -t usages -i 7'
+ npu-smi info -t usages -i 7
	NPU ID                         : 7
	Chip Count                     : 1

	DDR Capacity(MB)               : 0
	DDR Usage Rate(%)              : 0
	DDR Hugepages Total(page)      : 0
	DDR Hugepages Usage Rate(%)    : 0
	HBM Capacity(MB)               : 65536
	HBM Usage Rate(%)              : 99
	Aicore Usage Rate(%)           : 0
	Aivector Usage Rate(%)         : 11
	Aicpu Usage Rate(%)            : 0
	Ctrlcpu Usage Rate(%)          : 100
	DDR Bandwidth Usage Rate(%)    : 0
	HBM Bandwidth Usage Rate(%)    : 4
	Chip ID                        : 0

+ echo '+ ps -eo pid,ppid,user,pcpu,pmem,etime,args | grep -Ei "vllm|python" | grep -v grep'
+ ps -eo pid,ppid,user,pcpu,pmem,etime,args | grep -Ei "vllm|python" | grep -v grep
+ ps -eo pid,ppid,user,pcpu,pmem,etime,args
+ grep -Ei 'vllm|python'
+ grep -v grep
   5048       1 root      0.0  0.0 228-07:56:09 /usr/bin/python3 /usr/bin/networkd-dispatcher --run-startup-triggers
   5328       1 root      0.0  0.0 228-07:56:09 /usr/bin/python3 /usr/share/unattended-upgrades/unattended-upgrade-shutdown --wait-for-signal
  82397   82370 root     30.0  0.4  1-13:54:26 /usr/local/python3.12.13/bin/python3 /usr/local/python3.12.13/bin/vllm serve /models/Qwen3.8-27B-w8a8 --host 0.0.0.0 --port 9001 --tensor-parallel-size 4 --quantization ascend --served-model-name qwen3.8 --max-model-len 256000 --max-num-seqs 8 --max-num-batched-tokens 8192 --gpu-memory-utilization 0.90 --enable-prefix-caching --trust-remote-code --reasoning-parser qwen3 --enable-auto-tool-choice --tool-call-parser qwen3_coder
  83352   83328 root      0.4  0.4  1-13:54:16 /usr/local/python3.12.13/bin/python3 /usr/local/python3.12.13/bin/vllm serve /models/Qwen3.8-27B-w8a8 --host 0.0.0.0 --port 9002 --tensor-parallel-size 2 --quantization ascend --served-model-name qwen3.8 --max-model-len 256000 --max-num-seqs 8 --max-num-batched-tokens 8192 --gpu-memory-utilization 0.90 --enable-prefix-caching --trust-remote-code --reasoning-parser qwen3 --enable-auto-tool-choice --tool-call-parser qwen3_coder
  87335   82397 root      0.0  0.0  1-13:53:36 /usr/local/python3.12.13/bin/python3 -c from multiprocessing.resource_tracker import main;main(35)
  87336   82397 root     97.1  0.1  1-13:53:36 VLLM::EngineCore
  87669   83352 root      0.0  0.0  1-13:53:32 /usr/local/python3.12.13/bin/python3 -c from multiprocessing.resource_tracker import main;main(35)
  87670   83352 root      3.8  0.1  1-13:53:32 VLLM::EngineCore
  89395   87336 root      211  0.4  1-13:53:13 VLLM::Worker_TP0
  89602   87670 root     15.7  0.4  1-13:53:10 VLLM::Worker_TP0
  91055   87336 root      106  0.4  1-13:52:54 VLLM::Worker_TP1
  91228   87670 root     11.3  0.4  1-13:52:52 VLLM::Worker_TP1
  92813   87336 root      111  0.4  1-13:52:35 VLLM::Worker_TP2
  94498   87336 root      106  0.4  1-13:52:16 VLLM::Worker_TP3
  95970   89602 root      0.0  0.0  1-13:52:00 /usr/local/python3.12.13/bin/python3 -c from multiprocessing.spawn import spawn_main; spawn_main(tracker_fd=36, pipe_handle=88) --multiprocessing-fork
  96143   91228 root      0.0  0.0  1-13:51:58 /usr/local/python3.12.13/bin/python3 -c from multiprocessing.spawn import spawn_main; spawn_main(tracker_fd=36, pipe_handle=77) --multiprocessing-fork
  96830   89602 root      0.0  0.0  1-13:51:51 /usr/local/python3.12.13/bin/python3 -c from multiprocessing.forkserver import main; main(85, 87, [], **{})
  96848   96830 root      0.0  0.0  1-13:51:51 /usr/local/python3.12.13/bin/python3 -c from multiprocessing.forkserver import main; main(85, 87, [], **{})
  96849   96830 root      0.0  0.0  1-13:51:51 /usr/local/python3.12.13/bin/python3 -c from multiprocessing.forkserver import main; main(85, 87, [], **{})
  96850   96830 root      0.0  0.0  1-13:51:51 /usr/local/python3.12.13/bin/python3 -c from multiprocessing.forkserver import main; main(85, 87, [], **{})
  96851   96830 root      0.0  0.0  1-13:51:51 /usr/local/python3.12.13/bin/python3 -c from multiprocessing.forkserver import main; main(85, 87, [], **{})
  96853   96830 root      0.0  0.0  1-13:51:51 /usr/local/python3.12.13/bin/python3 -c from multiprocessing.forkserver import main; main(85, 87, [], **{})
  96854   96830 root      0.0  0.0  1-13:51:51 /usr/local/python3.12.13/bin/python3 -c from multiprocessing.forkserver import main; main(85, 87, [], **{})
  96855   96830 root      0.0  0.0  1-13:51:51 /usr/local/python3.12.13/bin/python3 -c from multiprocessing.forkserver import main; main(85, 87, [], **{})
  96856   96830 root      0.0  0.0  1-13:51:51 /usr/local/python3.12.13/bin/python3 -c from multiprocessing.forkserver import main; main(85, 87, [], **{})
  96857   96830 root      0.0  0.0  1-13:51:51 /usr/local/python3.12.13/bin/python3 -c from multiprocessing.forkserver import main; main(85, 87, [], **{})
  96891   96830 root      0.0  0.0  1-13:51:51 /usr/local/python3.12.13/bin/python3 -c from multiprocessing.forkserver import main; main(85, 87, [], **{})
  96892   96830 root      0.0  0.0  1-13:51:51 /usr/local/python3.12.13/bin/python3 -c from multiprocessing.forkserver import main; main(85, 87, [], **{})
  96893   96830 root      0.0  0.0  1-13:51:51 /usr/local/python3.12.13/bin/python3 -c from multiprocessing.forkserver import main; main(85, 87, [], **{})
  96894   96830 root      0.0  0.0  1-13:51:51 /usr/local/python3.12.13/bin/python3 -c from multiprocessing.forkserver import main; main(85, 87, [], **{})
  96895   96830 root      0.0  0.0  1-13:51:51 /usr/local/python3.12.13/bin/python3 -c from multiprocessing.forkserver import main; main(85, 87, [], **{})
  96896   96830 root      0.0  0.0  1-13:51:51 /usr/local/python3.12.13/bin/python3 -c from multiprocessing.forkserver import main; main(85, 87, [], **{})
  96897   96830 root      0.0  0.0  1-13:51:51 /usr/local/python3.12.13/bin/python3 -c from multiprocessing.forkserver import main; main(85, 87, [], **{})
  96898   96830 root      0.0  0.0  1-13:51:51 /usr/local/python3.12.13/bin/python3 -c from multiprocessing.forkserver import main; main(85, 87, [], **{})
  97110   91228 root      0.0  0.0  1-13:51:49 /usr/local/python3.12.13/bin/python3 -c from multiprocessing.forkserver import main; main(74, 76, [], **{})
  97116   97110 root      0.0  0.0  1-13:51:49 /usr/local/python3.12.13/bin/python3 -c from multiprocessing.forkserver import main; main(74, 76, [], **{})
  97118   97110 root      0.0  0.0  1-13:51:49 /usr/local/python3.12.13/bin/python3 -c from multiprocessing.forkserver import main; main(74, 76, [], **{})
  97120   97110 root      0.0  0.0  1-13:51:49 /usr/local/python3.12.13/bin/python3 -c from multiprocessing.forkserver import main; main(74, 76, [], **{})
  97121   97110 root      0.0  0.0  1-13:51:49 /usr/local/python3.12.13/bin/python3 -c from multiprocessing.forkserver import main; main(74, 76, [], **{})
  97122   97110 root      0.0  0.0  1-13:51:49 /usr/local/python3.12.13/bin/python3 -c from multiprocessing.forkserver import main; main(74, 76, [], **{})
  97123   97110 root      0.0  0.0  1-13:51:49 /usr/local/python3.12.13/bin/python3 -c from multiprocessing.forkserver import main; main(74, 76, [], **{})
  97124   97110 root      0.0  0.0  1-13:51:49 /usr/local/python3.12.13/bin/python3 -c from multiprocessing.forkserver import main; main(74, 76, [], **{})
  97125   97110 root      0.0  0.0  1-13:51:49 /usr/local/python3.12.13/bin/python3 -c from multiprocessing.forkserver import main; main(74, 76, [], **{})
  97126   97110 root      0.0  0.0  1-13:51:49 /usr/local/python3.12.13/bin/python3 -c from multiprocessing.forkserver import main; main(74, 76, [], **{})
  97157   97110 root      0.0  0.0  1-13:51:49 /usr/local/python3.12.13/bin/python3 -c from multiprocessing.forkserver import main; main(74, 76, [], **{})
  97158   97110 root      0.0  0.0  1-13:51:49 /usr/local/python3.12.13/bin/python3 -c from multiprocessing.forkserver import main; main(74, 76, [], **{})
  97159   97110 root      0.0  0.0  1-13:51:49 /usr/local/python3.12.13/bin/python3 -c from multiprocessing.forkserver import main; main(74, 76, [], **{})
  97160   97110 root      0.0  0.0  1-13:51:49 /usr/local/python3.12.13/bin/python3 -c from multiprocessing.forkserver import main; main(74, 76, [], **{})
  97161   97110 root      0.0  0.0  1-13:51:49 /usr/local/python3.12.13/bin/python3 -c from multiprocessing.forkserver import main; main(74, 76, [], **{})
  97163   97110 root      0.0  0.0  1-13:51:49 /usr/local/python3.12.13/bin/python3 -c from multiprocessing.forkserver import main; main(74, 76, [], **{})
  97166   97110 root      0.0  0.0  1-13:51:49 /usr/local/python3.12.13/bin/python3 -c from multiprocessing.forkserver import main; main(74, 76, [], **{})
  97169   97110 root      0.0  0.0  1-13:51:49 /usr/local/python3.12.13/bin/python3 -c from multiprocessing.forkserver import main; main(74, 76, [], **{})
 100247   94498 root      0.0  0.0  1-13:51:23 /usr/local/python3.12.13/bin/python3 -c from multiprocessing.spawn import spawn_main; spawn_main(tracker_fd=36, pipe_handle=85) --multiprocessing-fork
 100272   89395 root      0.0  0.0  1-13:51:23 /usr/local/python3.12.13/bin/python3 -c from multiprocessing.spawn import spawn_main; spawn_main(tracker_fd=36, pipe_handle=102) --multiprocessing-fork
 100372   91055 root      0.0  0.0  1-13:51:22 /usr/local/python3.12.13/bin/python3 -c from multiprocessing.spawn import spawn_main; spawn_main(tracker_fd=36, pipe_handle=85) --multiprocessing-fork
 100434   92813 root      0.0  0.0  1-13:51:21 /usr/local/python3.12.13/bin/python3 -c from multiprocessing.spawn import spawn_main; spawn_main(tracker_fd=36, pipe_handle=85) --multiprocessing-fork
 101149   94498 root      0.0  0.0  1-13:51:14 /usr/local/python3.12.13/bin/python3 -c from multiprocessing.forkserver import main; main(82, 84, [], **{})
 101156  101149 root      0.0  0.0  1-13:51:14 /usr/local/python3.12.13/bin/python3 -c from multiprocessing.forkserver import main; main(82, 84, [], **{})
 101157  101149 root      0.0  0.0  1-13:51:14 /usr/local/python3.12.13/bin/python3 -c from multiprocessing.forkserver import main; main(82, 84, [], **{})
 101158  101149 root      0.0  0.0  1-13:51:14 /usr/local/python3.12.13/bin/python3 -c from multiprocessing.forkserver import main; main(82, 84, [], **{})
 101160  101149 root      0.0  0.0  1-13:51:14 /usr/local/python3.12.13/bin/python3 -c from multiprocessing.forkserver import main; main(82, 84, [], **{})
 101161  101149 root      0.0  0.0  1-13:51:14 /usr/local/python3.12.13/bin/python3 -c from multiprocessing.forkserver import main; main(82, 84, [], **{})
 101162  101149 root      0.0  0.0  1-13:51:14 /usr/local/python3.12.13/bin/python3 -c from multiprocessing.forkserver import main; main(82, 84, [], **{})
 101163  101149 root      0.0  0.0  1-13:51:14 /usr/local/python3.12.13/bin/python3 -c from multiprocessing.forkserver import main; main(82, 84, [], **{})
 101164  101149 root      0.0  0.0  1-13:51:14 /usr/local/python3.12.13/bin/python3 -c from multiprocessing.forkserver import main; main(82, 84, [], **{})
 101165  101149 root      0.0  0.0  1-13:51:14 /usr/local/python3.12.13/bin/python3 -c from multiprocessing.forkserver import main; main(82, 84, [], **{})
 101220   89395 root      0.0  0.0  1-13:51:14 /usr/local/python3.12.13/bin/python3 -c from multiprocessing.forkserver import main; main(99, 101, [], **{})
 101222  101220 root      0.0  0.0  1-13:51:14 /usr/local/python3.12.13/bin/python3 -c from multiprocessing.forkserver import main; main(99, 101, [], **{})
 101223  101220 root      0.0  0.0  1-13:51:14 /usr/local/python3.12.13/bin/python3 -c from multiprocessing.forkserver import main; main(99, 101, [], **{})
 101224  101220 root      0.0  0.0  1-13:51:14 /usr/local/python3.12.13/bin/python3 -c from multiprocessing.forkserver import main; main(99, 101, [], **{})
 101225  101220 root      0.0  0.0  1-13:51:14 /usr/local/python3.12.13/bin/python3 -c from multiprocessing.forkserver import main; main(99, 101, [], **{})
 101226  101220 root      0.0  0.0  1-13:51:14 /usr/local/python3.12.13/bin/python3 -c from multiprocessing.forkserver import main; main(99, 101, [], **{})
 101227  101220 root      0.0  0.0  1-13:51:14 /usr/local/python3.12.13/bin/python3 -c from multiprocessing.forkserver import main; main(99, 101, [], **{})
 101228  101220 root      0.0  0.0  1-13:51:14 /usr/local/python3.12.13/bin/python3 -c from multiprocessing.forkserver import main; main(99, 101, [], **{})
 101229  101220 root      0.0  0.0  1-13:51:14 /usr/local/python3.12.13/bin/python3 -c from multiprocessing.forkserver import main; main(99, 101, [], **{})
 101230  101220 root      0.0  0.0  1-13:51:14 /usr/local/python3.12.13/bin/python3 -c from multiprocessing.forkserver import main; main(99, 101, [], **{})
 101259  101149 root      0.0  0.0  1-13:51:14 /usr/local/python3.12.13/bin/python3 -c from multiprocessing.forkserver import main; main(82, 84, [], **{})
 101260  101149 root      0.0  0.0  1-13:51:14 /usr/local/python3.12.13/bin/python3 -c from multiprocessing.forkserver import main; main(82, 84, [], **{})
 101261  101149 root      0.0  0.0  1-13:51:14 /usr/local/python3.12.13/bin/python3 -c from multiprocessing.forkserver import main; main(82, 84, [], **{})
 101262  101149 root      0.0  0.0  1-13:51:14 /usr/local/python3.12.13/bin/python3 -c from multiprocessing.forkserver import main; main(82, 84, [], **{})
 101263  101149 root      0.0  0.0  1-13:51:14 /usr/local/python3.12.13/bin/python3 -c from multiprocessing.forkserver import main; main(82, 84, [], **{})
 101264  101149 root      0.0  0.0  1-13:51:14 /usr/local/python3.12.13/bin/python3 -c from multiprocessing.forkserver import main; main(82, 84, [], **{})
 101265  101149 root      0.0  0.0  1-13:51:14 /usr/local/python3.12.13/bin/python3 -c from multiprocessing.forkserver import main; main(82, 84, [], **{})
 101266  101149 root      0.0  0.0  1-13:51:14 /usr/local/python3.12.13/bin/python3 -c from multiprocessing.forkserver import main; main(82, 84, [], **{})
 101267  101220 root      0.0  0.0  1-13:51:14 /usr/local/python3.12.13/bin/python3 -c from multiprocessing.forkserver import main; main(99, 101, [], **{})
 101268  101220 root      0.0  0.0  1-13:51:14 /usr/local/python3.12.13/bin/python3 -c from multiprocessing.forkserver import main; main(99, 101, [], **{})
 101269  101220 root      0.0  0.0  1-13:51:14 /usr/local/python3.12.13/bin/python3 -c from multiprocessing.forkserver import main; main(99, 101, [], **{})
 101270  101220 root      0.0  0.0  1-13:51:14 /usr/local/python3.12.13/bin/python3 -c from multiprocessing.forkserver import main; main(99, 101, [], **{})
 101271  101220 root      0.0  0.0  1-13:51:14 /usr/local/python3.12.13/bin/python3 -c from multiprocessing.forkserver import main; main(99, 101, [], **{})
 101272  101220 root      0.0  0.0  1-13:51:14 /usr/local/python3.12.13/bin/python3 -c from multiprocessing.forkserver import main; main(99, 101, [], **{})
 101273  101220 root      0.0  0.0  1-13:51:14 /usr/local/python3.12.13/bin/python3 -c from multiprocessing.forkserver import main; main(99, 101, [], **{})
 101274  101220 root      0.0  0.0  1-13:51:14 /usr/local/python3.12.13/bin/python3 -c from multiprocessing.forkserver import main; main(99, 101, [], **{})
 101463   91055 root      0.0  0.0  1-13:51:13 /usr/local/python3.12.13/bin/python3 -c from multiprocessing.forkserver import main; main(82, 84, [], **{})
 101467  101463 root      0.0  0.0  1-13:51:12 /usr/local/python3.12.13/bin/python3 -c from multiprocessing.forkserver import main; main(82, 84, [], **{})
 101468  101463 root      0.0  0.0  1-13:51:12 /usr/local/python3.12.13/bin/python3 -c from multiprocessing.forkserver import main; main(82, 84, [], **{})
 101469  101463 root      0.0  0.0  1-13:51:12 /usr/local/python3.12.13/bin/python3 -c from multiprocessing.forkserver import main; main(82, 84, [], **{})
 101470  101463 root      0.0  0.0  1-13:51:12 /usr/local/python3.12.13/bin/python3 -c from multiprocessing.forkserver import main; main(82, 84, [], **{})
 101471  101463 root      0.0  0.0  1-13:51:12 /usr/local/python3.12.13/bin/python3 -c from multiprocessing.forkserver import main; main(82, 84, [], **{})
 101472  101463 root      0.0  0.0  1-13:51:12 /usr/local/python3.12.13/bin/python3 -c from multiprocessing.forkserver import main; main(82, 84, [], **{})
 101473  101463 root      0.0  0.0  1-13:51:12 /usr/local/python3.12.13/bin/python3 -c from multiprocessing.forkserver import main; main(82, 84, [], **{})
 101474  101463 root      0.0  0.0  1-13:51:12 /usr/local/python3.12.13/bin/python3 -c from multiprocessing.forkserver import main; main(82, 84, [], **{})
 101475  101463 root      0.0  0.0  1-13:51:12 /usr/local/python3.12.13/bin/python3 -c from multiprocessing.forkserver import main; main(82, 84, [], **{})
 101518  101463 root      0.0  0.0  1-13:51:12 /usr/local/python3.12.13/bin/python3 -c from multiprocessing.forkserver import main; main(82, 84, [], **{})
 101519  101463 root      0.0  0.0  1-13:51:12 /usr/local/python3.12.13/bin/python3 -c from multiprocessing.forkserver import main; main(82, 84, [], **{})
 101520  101463 root      0.0  0.0  1-13:51:12 /usr/local/python3.12.13/bin/python3 -c from multiprocessing.forkserver import main; main(82, 84, [], **{})
 101521  101463 root      0.0  0.0  1-13:51:12 /usr/local/python3.12.13/bin/python3 -c from multiprocessing.forkserver import main; main(82, 84, [], **{})
 101522  101463 root      0.0  0.0  1-13:51:12 /usr/local/python3.12.13/bin/python3 -c from multiprocessing.forkserver import main; main(82, 84, [], **{})
 101523  101463 root      0.0  0.0  1-13:51:12 /usr/local/python3.12.13/bin/python3 -c from multiprocessing.forkserver import main; main(82, 84, [], **{})
 101524  101463 root      0.0  0.0  1-13:51:12 /usr/local/python3.12.13/bin/python3 -c from multiprocessing.forkserver import main; main(82, 84, [], **{})
 101525  101463 root      0.0  0.0  1-13:51:12 /usr/local/python3.12.13/bin/python3 -c from multiprocessing.forkserver import main; main(82, 84, [], **{})
 102072   92813 root      0.0  0.0  1-13:51:10 /usr/local/python3.12.13/bin/python3 -c from multiprocessing.forkserver import main; main(82, 84, [], **{})
 102203  102072 root      0.0  0.0  1-13:51:10 /usr/local/python3.12.13/bin/python3 -c from multiprocessing.forkserver import main; main(82, 84, [], **{})
 102204  102072 root      0.0  0.0  1-13:51:10 /usr/local/python3.12.13/bin/python3 -c from multiprocessing.forkserver import main; main(82, 84, [], **{})
 102205  102072 root      0.0  0.0  1-13:51:10 /usr/local/python3.12.13/bin/python3 -c from multiprocessing.forkserver import main; main(82, 84, [], **{})
 102206  102072 root      0.0  0.0  1-13:51:10 /usr/local/python3.12.13/bin/python3 -c from multiprocessing.forkserver import main; main(82, 84, [], **{})
 102207  102072 root      0.0  0.0  1-13:51:10 /usr/local/python3.12.13/bin/python3 -c from multiprocessing.forkserver import main; main(82, 84, [], **{})
 102208  102072 root      0.0  0.0  1-13:51:10 /usr/local/python3.12.13/bin/python3 -c from multiprocessing.forkserver import main; main(82, 84, [], **{})
 102209  102072 root      0.0  0.0  1-13:51:10 /usr/local/python3.12.13/bin/python3 -c from multiprocessing.forkserver import main; main(82, 84, [], **{})
 102210  102072 root      0.0  0.0  1-13:51:10 /usr/local/python3.12.13/bin/python3 -c from multiprocessing.forkserver import main; main(82, 84, [], **{})
 102211  102072 root      0.0  0.0  1-13:51:10 /usr/local/python3.12.13/bin/python3 -c from multiprocessing.forkserver import main; main(82, 84, [], **{})
 102261  102072 root      0.0  0.0  1-13:51:09 /usr/local/python3.12.13/bin/python3 -c from multiprocessing.forkserver import main; main(82, 84, [], **{})
 102262  102072 root      0.0  0.0  1-13:51:09 /usr/local/python3.12.13/bin/python3 -c from multiprocessing.forkserver import main; main(82, 84, [], **{})
 102263  102072 root      0.0  0.0  1-13:51:09 /usr/local/python3.12.13/bin/python3 -c from multiprocessing.forkserver import main; main(82, 84, [], **{})
 102264  102072 root      0.0  0.0  1-13:51:09 /usr/local/python3.12.13/bin/python3 -c from multiprocessing.forkserver import main; main(82, 84, [], **{})
 102265  102072 root      0.0  0.0  1-13:51:09 /usr/local/python3.12.13/bin/python3 -c from multiprocessing.forkserver import main; main(82, 84, [], **{})
 102266  102072 root      0.0  0.0  1-13:51:09 /usr/local/python3.12.13/bin/python3 -c from multiprocessing.forkserver import main; main(82, 84, [], **{})
 102267  102072 root      0.0  0.0  1-13:51:09 /usr/local/python3.12.13/bin/python3 -c from multiprocessing.forkserver import main; main(82, 84, [], **{})
 102268  102072 root      0.0  0.0  1-13:51:09 /usr/local/python3.12.13/bin/python3 -c from multiprocessing.forkserver import main; main(82, 84, [], **{})
 363525 1678571 hxw       3.2  0.0  1-13:11:59 /home/data4t1/hxw/anaconda3/bin/python3.10 /home/data4t1/hxw/anaconda3/bin/nputop
 531969 2298726 hxw       2.5  0.0 29-13:45:26 /home/data4t2/hxwDir/hxw_moved/conda_envs/opd/bin/python /home/data4t2/hxwDir/hxw_moved/conda_envs/opd/bin/tensorboard --logdir /home/data4t2/hxwDir/hxw_moved/opd-resources/runs/train --host 0.0.0.0 --port 6006
 644507       1 hxw       0.2  0.0 161-07:35:50 /home/data4t1/hxw/anaconda3/envs/dfkd/bin/python3.10 /home/data4t1/hxw/anaconda3/envs/dfkd/bin/tensorboard --logdir=/home/data4t2/hxwDir/hxw_moved/dfkd/runs/datafree-nayer_df/ --port=6007 --bind_all
2033118 3834144 hxw       3.2  0.0 64-12:32:20 /home/data4t1/hxw/anaconda3/bin/python3.10 /home/data4t1/hxw/anaconda3/bin/nputop
2588208 3192131 wangjie+  132  0.2       00:32 /home/data4t1/wangjielei/.vscode-server/cli/servers/Stable-7debcd0e2acdea1c52de81bf9ee1620444407dda/server/node /home/data4t1/wangjielei/.vscode-server/extensions/ms-python.vscode-pylance-2026.3.1/dist/server.bundle.js --cancellationReceive=file:1f6d69b0282a1b0a0a7c598e92fda6e5e6769133c0 --node-ipc --clientProcessId=3192131
2916664 2914109 hxw       2.9  0.0 93-08:15:38 /home/data4t1/hxw/anaconda3/bin/python3.10 /home/data4t1/hxw/anaconda3/bin/nputop
2991304 2429127 hxw       0.0  0.3  1-17:42:53 /home/data4t2/hxwDir/hxw_moved/conda_envs/opd/bin/python -m tools.visual_opd.llm_eval_browser.server --data-root /home/data4t2/hxwDir/hxw_moved/verl-npu-opd/dataset/llm_eval --host 0.0.0.0 --port 8767
2992910 2577231 zhangka+  0.4  0.2 10-05:19:55 /home/data4t1/zhangkaijie/conda/envs/qwen38_a2/bin/python3.12 /home/data4t1/zhangkaijie/conda/envs/qwen38_a2/bin/vllm serve /home/data4t2/models/Qwen3.8-27B-w8a8 --host 0.0.0.0 --port 9000 --tensor-parallel-size 1 --max-model-len 200000 --max-num-seqs 8 --max-num-batched-tokens 16384 --enable-prefix-caching --trust-remote-code --speculative-config {"method":"mtp","num_speculative_tokens":4} --enable-auto-tool-choice --tool-call-parser qwen3_coder --gpu-memory-utilization 0.85
2999854 2992910 zhangka+  0.0  0.0 10-05:19:09 /home/data4t1/zhangkaijie/conda/envs/qwen38_a2/bin/python3.12 -c from multiprocessing.resource_tracker import main;main(39)
2999855 2992910 zhangka+ 14.9  0.3 10-05:19:09 VLLM::EngineCore
3008420 2999855 zhangka+  0.0  0.0 10-05:18:09 /home/data4t1/zhangkaijie/conda/envs/qwen38_a2/bin/python3.12 -c from multiprocessing.spawn import spawn_main; spawn_main(tracker_fd=40, pipe_handle=84) --multiprocessing-fork
3009726 2999855 zhangka+  0.0  0.0 10-05:18:00 /home/data4t1/zhangkaijie/conda/envs/qwen38_a2/bin/python3.12 -c from multiprocessing.forkserver import main; main(81, 83, [], **{})
3009729 3009726 zhangka+  0.0  0.0 10-05:18:00 /home/data4t1/zhangkaijie/conda/envs/qwen38_a2/bin/python3.12 -c from multiprocessing.forkserver import main; main(81, 83, [], **{})
3009731 3009726 zhangka+  0.0  0.0 10-05:18:00 /home/data4t1/zhangkaijie/conda/envs/qwen38_a2/bin/python3.12 -c from multiprocessing.forkserver import main; main(81, 83, [], **{})
3009733 3009726 zhangka+  0.0  0.0 10-05:18:00 /home/data4t1/zhangkaijie/conda/envs/qwen38_a2/bin/python3.12 -c from multiprocessing.forkserver import main; main(81, 83, [], **{})
3009734 3009726 zhangka+  0.0  0.0 10-05:18:00 /home/data4t1/zhangkaijie/conda/envs/qwen38_a2/bin/python3.12 -c from multiprocessing.forkserver import main; main(81, 83, [], **{})
3009736 3009726 zhangka+  0.0  0.0 10-05:18:00 /home/data4t1/zhangkaijie/conda/envs/qwen38_a2/bin/python3.12 -c from multiprocessing.forkserver import main; main(81, 83, [], **{})
3009739 3009726 zhangka+  0.0  0.0 10-05:18:00 /home/data4t1/zhangkaijie/conda/envs/qwen38_a2/bin/python3.12 -c from multiprocessing.forkserver import main; main(81, 83, [], **{})
3009740 3009726 zhangka+  0.0  0.0 10-05:18:00 /home/data4t1/zhangkaijie/conda/envs/qwen38_a2/bin/python3.12 -c from multiprocessing.forkserver import main; main(81, 83, [], **{})
3009741 3009726 zhangka+  0.0  0.0 10-05:18:00 /home/data4t1/zhangkaijie/conda/envs/qwen38_a2/bin/python3.12 -c from multiprocessing.forkserver import main; main(81, 83, [], **{})
3009742 3009726 zhangka+  0.0  0.0 10-05:18:00 /home/data4t1/zhangkaijie/conda/envs/qwen38_a2/bin/python3.12 -c from multiprocessing.forkserver import main; main(81, 83, [], **{})
3009773 3009726 zhangka+  0.0  0.0 10-05:17:59 /home/data4t1/zhangkaijie/conda/envs/qwen38_a2/bin/python3.12 -c from multiprocessing.forkserver import main; main(81, 83, [], **{})
3009774 3009726 zhangka+  0.0  0.0 10-05:17:59 /home/data4t1/zhangkaijie/conda/envs/qwen38_a2/bin/python3.12 -c from multiprocessing.forkserver import main; main(81, 83, [], **{})
3009775 3009726 zhangka+  0.0  0.0 10-05:17:59 /home/data4t1/zhangkaijie/conda/envs/qwen38_a2/bin/python3.12 -c from multiprocessing.forkserver import main; main(81, 83, [], **{})
3009776 3009726 zhangka+  0.0  0.0 10-05:17:59 /home/data4t1/zhangkaijie/conda/envs/qwen38_a2/bin/python3.12 -c from multiprocessing.forkserver import main; main(81, 83, [], **{})
3009777 3009726 zhangka+  0.0  0.0 10-05:17:59 /home/data4t1/zhangkaijie/conda/envs/qwen38_a2/bin/python3.12 -c from multiprocessing.forkserver import main; main(81, 83, [], **{})
3009778 3009726 zhangka+  0.0  0.0 10-05:17:59 /home/data4t1/zhangkaijie/conda/envs/qwen38_a2/bin/python3.12 -c from multiprocessing.forkserver import main; main(81, 83, [], **{})
3009779 3009726 zhangka+  0.0  0.0 10-05:17:59 /home/data4t1/zhangkaijie/conda/envs/qwen38_a2/bin/python3.12 -c from multiprocessing.forkserver import main; main(81, 83, [], **{})
3009780 3009726 zhangka+  0.0  0.0 10-05:17:59 /home/data4t1/zhangkaijie/conda/envs/qwen38_a2/bin/python3.12 -c from multiprocessing.forkserver import main; main(81, 83, [], **{})
3121422 3458196 gouhang   0.0  0.4    19:37:46 python MMGIT/train/train_mem.py --model_name_or_path lmsys/vicuna-7b-v1.5-16k --version v1 --cache_dir ./checkpoint --pretrained_embedding_type clip_mix --tune_mm_mlp_adapter True --mm_use_graph_start_end False --mm_use_graph_patch_token False --bf16 True --fp16 False --output_dir ./checkpoints/Movies/mlaga-vicuna-7b-Movies-clip_mix-2-10-2layer-TIQ_demo-nc-4epoch-bs2-len2048 --num_train_epochs 4 --per_device_train_batch_size 2 --per_device_eval_batch_size 2 --gradient_accumulation_steps 4 --evaluation_strategy no --save_strategy epoch --learning_rate 2e-5 --weight_decay 0. --warmup_ratio 0.03 --lr_scheduler_type cosine --logging_steps 1 --tf32 False --model_max_length 2048 --gradient_checkpointing True --lazy_preprocess True --report_to none --use_hop 2 --sample_neighbor_size 10 --mm_projector_type 2-layer-mlp --use_task nc --use_dataset Movies --template TIQ_demo --is_general_model False --is_data_task_general False --is_cross_task_attention True --dataset_task_mapping Movies:nc --cross_attn_layers 1
3121471 3458196 gouhang   0.0  0.4    19:37:45 python MMGIT/train/train_mem.py --model_name_or_path lmsys/vicuna-7b-v1.5-16k --version v1 --cache_dir ./checkpoint --pretrained_embedding_type clip_mix --tune_mm_mlp_adapter True --mm_use_graph_start_end False --mm_use_graph_patch_token False --bf16 True --fp16 False --output_dir ./checkpoints/Movies/mlaga-vicuna-7b-Movies-clip_mix-2-10-2layer-TIQ_demo-nc-4epoch-bs2-len2048 --num_train_epochs 4 --per_device_train_batch_size 2 --per_device_eval_batch_size 2 --gradient_accumulation_steps 4 --evaluation_strategy no --save_strategy epoch --learning_rate 2e-5 --weight_decay 0. --warmup_ratio 0.03 --lr_scheduler_type cosine --logging_steps 1 --tf32 False --model_max_length 2048 --gradient_checkpointing True --lazy_preprocess True --report_to none --use_hop 2 --sample_neighbor_size 10 --mm_projector_type 2-layer-mlp --use_task nc --use_dataset Movies --template TIQ_demo --is_general_model False --is_data_task_general False --is_cross_task_attention True --dataset_task_mapping Movies:nc --cross_attn_layers 1
3121520 3458196 gouhang   0.0  0.4    19:37:45 python MMGIT/train/train_mem.py --model_name_or_path lmsys/vicuna-7b-v1.5-16k --version v1 --cache_dir ./checkpoint --pretrained_embedding_type clip_mix --tune_mm_mlp_adapter True --mm_use_graph_start_end False --mm_use_graph_patch_token False --bf16 True --fp16 False --output_dir ./checkpoints/Movies/mlaga-vicuna-7b-Movies-clip_mix-2-10-2layer-TIQ_demo-nc-4epoch-bs2-len2048 --num_train_epochs 4 --per_device_train_batch_size 2 --per_device_eval_batch_size 2 --gradient_accumulation_steps 4 --evaluation_strategy no --save_strategy epoch --learning_rate 2e-5 --weight_decay 0. --warmup_ratio 0.03 --lr_scheduler_type cosine --logging_steps 1 --tf32 False --model_max_length 2048 --gradient_checkpointing True --lazy_preprocess True --report_to none --use_hop 2 --sample_neighbor_size 10 --mm_projector_type 2-layer-mlp --use_task nc --use_dataset Movies --template TIQ_demo --is_general_model False --is_data_task_general False --is_cross_task_attention True --dataset_task_mapping Movies:nc --cross_attn_layers 1
3121560 3458196 gouhang   0.0  0.4    19:37:45 python MMGIT/train/train_mem.py --model_name_or_path lmsys/vicuna-7b-v1.5-16k --version v1 --cache_dir ./checkpoint --pretrained_embedding_type clip_mix --tune_mm_mlp_adapter True --mm_use_graph_start_end False --mm_use_graph_patch_token False --bf16 True --fp16 False --output_dir ./checkpoints/Movies/mlaga-vicuna-7b-Movies-clip_mix-2-10-2layer-TIQ_demo-nc-4epoch-bs2-len2048 --num_train_epochs 4 --per_device_train_batch_size 2 --per_device_eval_batch_size 2 --gradient_accumulation_steps 4 --evaluation_strategy no --save_strategy epoch --learning_rate 2e-5 --weight_decay 0. --warmup_ratio 0.03 --lr_scheduler_type cosine --logging_steps 1 --tf32 False --model_max_length 2048 --gradient_checkpointing True --lazy_preprocess True --report_to none --use_hop 2 --sample_neighbor_size 10 --mm_projector_type 2-layer-mlp --use_task nc --use_dataset Movies --template TIQ_demo --is_general_model False --is_data_task_general False --is_cross_task_attention True --dataset_task_mapping Movies:nc --cross_attn_layers 1
3121615 3458196 gouhang   0.0  0.4    19:37:45 python MMGIT/train/train_mem.py --model_name_or_path lmsys/vicuna-7b-v1.5-16k --version v1 --cache_dir ./checkpoint --pretrained_embedding_type clip_mix --tune_mm_mlp_adapter True --mm_use_graph_start_end False --mm_use_graph_patch_token False --bf16 True --fp16 False --output_dir ./checkpoints/Movies/mlaga-vicuna-7b-Movies-clip_mix-2-10-2layer-TIQ_demo-nc-4epoch-bs2-len2048 --num_train_epochs 4 --per_device_train_batch_size 2 --per_device_eval_batch_size 2 --gradient_accumulation_steps 4 --evaluation_strategy no --save_strategy epoch --learning_rate 2e-5 --weight_decay 0. --warmup_ratio 0.03 --lr_scheduler_type cosine --logging_steps 1 --tf32 False --model_max_length 2048 --gradient_checkpointing True --lazy_preprocess True --report_to none --use_hop 2 --sample_neighbor_size 10 --mm_projector_type 2-layer-mlp --use_task nc --use_dataset Movies --template TIQ_demo --is_general_model False --is_data_task_general False --is_cross_task_attention True --dataset_task_mapping Movies:nc --cross_attn_layers 1
3121650 3458196 gouhang   0.0  0.4    19:37:45 python MMGIT/train/train_mem.py --model_name_or_path lmsys/vicuna-7b-v1.5-16k --version v1 --cache_dir ./checkpoint --pretrained_embedding_type clip_mix --tune_mm_mlp_adapter True --mm_use_graph_start_end False --mm_use_graph_patch_token False --bf16 True --fp16 False --output_dir ./checkpoints/Movies/mlaga-vicuna-7b-Movies-clip_mix-2-10-2layer-TIQ_demo-nc-4epoch-bs2-len2048 --num_train_epochs 4 --per_device_train_batch_size 2 --per_device_eval_batch_size 2 --gradient_accumulation_steps 4 --evaluation_strategy no --save_strategy epoch --learning_rate 2e-5 --weight_decay 0. --warmup_ratio 0.03 --lr_scheduler_type cosine --logging_steps 1 --tf32 False --model_max_length 2048 --gradient_checkpointing True --lazy_preprocess True --report_to none --use_hop 2 --sample_neighbor_size 10 --mm_projector_type 2-layer-mlp --use_task nc --use_dataset Movies --template TIQ_demo --is_general_model False --is_data_task_general False --is_cross_task_attention True --dataset_task_mapping Movies:nc --cross_attn_layers 1
3121678 3458196 gouhang   0.0  0.4    19:37:45 python MMGIT/train/train_mem.py --model_name_or_path lmsys/vicuna-7b-v1.5-16k --version v1 --cache_dir ./checkpoint --pretrained_embedding_type clip_mix --tune_mm_mlp_adapter True --mm_use_graph_start_end False --mm_use_graph_patch_token False --bf16 True --fp16 False --output_dir ./checkpoints/Movies/mlaga-vicuna-7b-Movies-clip_mix-2-10-2layer-TIQ_demo-nc-4epoch-bs2-len2048 --num_train_epochs 4 --per_device_train_batch_size 2 --per_device_eval_batch_size 2 --gradient_accumulation_steps 4 --evaluation_strategy no --save_strategy epoch --learning_rate 2e-5 --weight_decay 0. --warmup_ratio 0.03 --lr_scheduler_type cosine --logging_steps 1 --tf32 False --model_max_length 2048 --gradient_checkpointing True --lazy_preprocess True --report_to none --use_hop 2 --sample_neighbor_size 10 --mm_projector_type 2-layer-mlp --use_task nc --use_dataset Movies --template TIQ_demo --is_general_model False --is_data_task_general False --is_cross_task_attention True --dataset_task_mapping Movies:nc --cross_attn_layers 1
3121697 3458196 gouhang   0.0  0.4    19:37:44 python MMGIT/train/train_mem.py --model_name_or_path lmsys/vicuna-7b-v1.5-16k --version v1 --cache_dir ./checkpoint --pretrained_embedding_type clip_mix --tune_mm_mlp_adapter True --mm_use_graph_start_end False --mm_use_graph_patch_token False --bf16 True --fp16 False --output_dir ./checkpoints/Movies/mlaga-vicuna-7b-Movies-clip_mix-2-10-2layer-TIQ_demo-nc-4epoch-bs2-len2048 --num_train_epochs 4 --per_device_train_batch_size 2 --per_device_eval_batch_size 2 --gradient_accumulation_steps 4 --evaluation_strategy no --save_strategy epoch --learning_rate 2e-5 --weight_decay 0. --warmup_ratio 0.03 --lr_scheduler_type cosine --logging_steps 1 --tf32 False --model_max_length 2048 --gradient_checkpointing True --lazy_preprocess True --report_to none --use_hop 2 --sample_neighbor_size 10 --mm_projector_type 2-layer-mlp --use_task nc --use_dataset Movies --template TIQ_demo --is_general_model False --is_data_task_general False --is_cross_task_attention True --dataset_task_mapping Movies:nc --cross_attn_layers 1
3182512 3170962 ldm       0.0  0.0 149-08:51:19 python3
3192521 3192131 wangjie+  0.0  0.0    10:08:45 /home/data4t1/wangjielei/.vscode-server/extensions/ms-python.vscode-python-envs-1.36.0-linux-arm64/python-env-tools/bin/pet server
3194183 3192131 wangjie+  0.0  0.0    10:08:38 /home/data4t1/wangjielei/anaconda3/bin/python /home/data4t1/wangjielei/.vscode-server/extensions/ms-python.autopep8-2026.4.0/bundled/tool/lsp_server.py
3458196 1923574 gouhang  67.9  0.5  7-17:04:18 python MMGIT/train/train_mem.py --model_name_or_path lmsys/vicuna-7b-v1.5-16k --version v1 --cache_dir ./checkpoint --pretrained_embedding_type clip_mix --tune_mm_mlp_adapter True --mm_use_graph_start_end False --mm_use_graph_patch_token False --bf16 True --fp16 False --output_dir ./checkpoints/Movies/mlaga-vicuna-7b-Movies-clip_mix-2-10-2layer-TIQ_demo-nc-4epoch-bs2-len2048 --num_train_epochs 4 --per_device_train_batch_size 2 --per_device_eval_batch_size 2 --gradient_accumulation_steps 4 --evaluation_strategy no --save_strategy epoch --learning_rate 2e-5 --weight_decay 0. --warmup_ratio 0.03 --lr_scheduler_type cosine --logging_steps 1 --tf32 False --model_max_length 2048 --gradient_checkpointing True --lazy_preprocess True --report_to none --use_hop 2 --sample_neighbor_size 10 --mm_projector_type 2-layer-mlp --use_task nc --use_dataset Movies --template TIQ_demo --is_general_model False --is_data_task_general False --is_cross_task_attention True --dataset_task_mapping Movies:nc --cross_attn_layers 1
3461222 3458196 gouhang   0.0  0.1  7-17:04:00 python MMGIT/train/train_mem.py --model_name_or_path lmsys/vicuna-7b-v1.5-16k --version v1 --cache_dir ./checkpoint --pretrained_embedding_type clip_mix --tune_mm_mlp_adapter True --mm_use_graph_start_end False --mm_use_graph_patch_token False --bf16 True --fp16 False --output_dir ./checkpoints/Movies/mlaga-vicuna-7b-Movies-clip_mix-2-10-2layer-TIQ_demo-nc-4epoch-bs2-len2048 --num_train_epochs 4 --per_device_train_batch_size 2 --per_device_eval_batch_size 2 --gradient_accumulation_steps 4 --evaluation_strategy no --save_strategy epoch --learning_rate 2e-5 --weight_decay 0. --warmup_ratio 0.03 --lr_scheduler_type cosine --logging_steps 1 --tf32 False --model_max_length 2048 --gradient_checkpointing True --lazy_preprocess True --report_to none --use_hop 2 --sample_neighbor_size 10 --mm_projector_type 2-layer-mlp --use_task nc --use_dataset Movies --template TIQ_demo --is_general_model False --is_data_task_general False --is_cross_task_attention True --dataset_task_mapping Movies:nc --cross_attn_layers 1
3461283 3458196 gouhang   0.0  0.0  7-17:04:00 /home/data4t1/gouhang/anaconda3/envs/mlaga/bin/python -c from multiprocessing.resource_tracker import main;main(27)
3461284 3458196 gouhang   0.0  0.0  7-17:04:00 /home/data4t1/gouhang/anaconda3/envs/mlaga/bin/python -c from multiprocessing.forkserver import main; main(27, 30, [], **{})
3461296 3461284 gouhang   0.0  0.0  7-17:04:00 /home/data4t1/gouhang/anaconda3/envs/mlaga/bin/python -c from multiprocessing.forkserver import main; main(27, 30, [], **{})
3461297 3461284 gouhang   0.0  0.0  7-17:04:00 /home/data4t1/gouhang/anaconda3/envs/mlaga/bin/python -c from multiprocessing.forkserver import main; main(27, 30, [], **{})
3461298 3461284 gouhang   0.0  0.0  7-17:04:00 /home/data4t1/gouhang/anaconda3/envs/mlaga/bin/python -c from multiprocessing.forkserver import main; main(27, 30, [], **{})
3461299 3461284 gouhang   0.0  0.0  7-17:04:00 /home/data4t1/gouhang/anaconda3/envs/mlaga/bin/python -c from multiprocessing.forkserver import main; main(27, 30, [], **{})
3461300 3461284 gouhang   0.0  0.0  7-17:04:00 /home/data4t1/gouhang/anaconda3/envs/mlaga/bin/python -c from multiprocessing.forkserver import main; main(27, 30, [], **{})
3461302 3461284 gouhang   0.0  0.0  7-17:04:00 /home/data4t1/gouhang/anaconda3/envs/mlaga/bin/python -c from multiprocessing.forkserver import main; main(27, 30, [], **{})
3461304 3461284 gouhang   0.0  0.0  7-17:04:00 /home/data4t1/gouhang/anaconda3/envs/mlaga/bin/python -c from multiprocessing.forkserver import main; main(27, 30, [], **{})
3461306 3461284 gouhang   0.0  0.0  7-17:04:00 /home/data4t1/gouhang/anaconda3/envs/mlaga/bin/python -c from multiprocessing.forkserver import main; main(27, 30, [], **{})
3461309 3461284 gouhang   0.0  0.0  7-17:04:00 /home/data4t1/gouhang/anaconda3/envs/mlaga/bin/python -c from multiprocessing.forkserver import main; main(27, 30, [], **{})
3461508 3461284 gouhang   0.0  0.0  7-17:03:59 /home/data4t1/gouhang/anaconda3/envs/mlaga/bin/python -c from multiprocessing.forkserver import main; main(27, 30, [], **{})
3461509 3461284 gouhang   0.0  0.0  7-17:03:59 /home/data4t1/gouhang/anaconda3/envs/mlaga/bin/python -c from multiprocessing.forkserver import main; main(27, 30, [], **{})
3461510 3461284 gouhang   0.0  0.0  7-17:03:59 /home/data4t1/gouhang/anaconda3/envs/mlaga/bin/python -c from multiprocessing.forkserver import main; main(27, 30, [], **{})
3461511 3461284 gouhang   0.0  0.0  7-17:03:59 /home/data4t1/gouhang/anaconda3/envs/mlaga/bin/python -c from multiprocessing.forkserver import main; main(27, 30, [], **{})
3461512 3461284 gouhang   0.0  0.0  7-17:03:59 /home/data4t1/gouhang/anaconda3/envs/mlaga/bin/python -c from multiprocessing.forkserver import main; main(27, 30, [], **{})
3461513 3461284 gouhang   0.0  0.0  7-17:03:59 /home/data4t1/gouhang/anaconda3/envs/mlaga/bin/python -c from multiprocessing.forkserver import main; main(27, 30, [], **{})
3461514 3461284 gouhang   0.0  0.0  7-17:03:59 /home/data4t1/gouhang/anaconda3/envs/mlaga/bin/python -c from multiprocessing.forkserver import main; main(27, 30, [], **{})
3461515 3461284 gouhang   0.0  0.0  7-17:03:59 /home/data4t1/gouhang/anaconda3/envs/mlaga/bin/python -c from multiprocessing.forkserver import main; main(27, 30, [], **{})
3461516 3461284 gouhang   0.0  0.0  7-17:03:59 /home/data4t1/gouhang/anaconda3/envs/mlaga/bin/python -c from multiprocessing.forkserver import main; main(27, 30, [], **{})
3461517 3461284 gouhang   0.0  0.0  7-17:03:59 /home/data4t1/gouhang/anaconda3/envs/mlaga/bin/python -c from multiprocessing.forkserver import main; main(27, 30, [], **{})
3461518 3461284 gouhang   0.0  0.0  7-17:03:59 /home/data4t1/gouhang/anaconda3/envs/mlaga/bin/python -c from multiprocessing.forkserver import main; main(27, 30, [], **{})
3461519 3461284 gouhang   0.0  0.0  7-17:03:59 /home/data4t1/gouhang/anaconda3/envs/mlaga/bin/python -c from multiprocessing.forkserver import main; main(27, 30, [], **{})
3461520 3461284 gouhang   0.0  0.0  7-17:03:59 /home/data4t1/gouhang/anaconda3/envs/mlaga/bin/python -c from multiprocessing.forkserver import main; main(27, 30, [], **{})
3461521 3461284 gouhang   0.0  0.0  7-17:03:59 /home/data4t1/gouhang/anaconda3/envs/mlaga/bin/python -c from multiprocessing.forkserver import main; main(27, 30, [], **{})
3461522 3461284 gouhang   0.0  0.0  7-17:03:59 /home/data4t1/gouhang/anaconda3/envs/mlaga/bin/python -c from multiprocessing.forkserver import main; main(27, 30, [], **{})
3461523 3461284 gouhang   0.0  0.0  7-17:03:59 /home/data4t1/gouhang/anaconda3/envs/mlaga/bin/python -c from multiprocessing.forkserver import main; main(27, 30, [], **{})
3461524 3461284 gouhang   0.0  0.0  7-17:03:59 /home/data4t1/gouhang/anaconda3/envs/mlaga/bin/python -c from multiprocessing.forkserver import main; main(27, 30, [], **{})
3461525 3461284 gouhang   0.0  0.0  7-17:03:59 /home/data4t1/gouhang/anaconda3/envs/mlaga/bin/python -c from multiprocessing.forkserver import main; main(27, 30, [], **{})
3461526 3461284 gouhang   0.0  0.0  7-17:03:59 /home/data4t1/gouhang/anaconda3/envs/mlaga/bin/python -c from multiprocessing.forkserver import main; main(27, 30, [], **{})
3461527 3461284 gouhang   0.0  0.0  7-17:03:59 /home/data4t1/gouhang/anaconda3/envs/mlaga/bin/python -c from multiprocessing.forkserver import main; main(27, 30, [], **{})
3461528 3461284 gouhang   0.0  0.0  7-17:03:59 /home/data4t1/gouhang/anaconda3/envs/mlaga/bin/python -c from multiprocessing.forkserver import main; main(27, 30, [], **{})
3461529 3461284 gouhang   0.0  0.0  7-17:03:59 /home/data4t1/gouhang/anaconda3/envs/mlaga/bin/python -c from multiprocessing.forkserver import main; main(27, 30, [], **{})
3461530 3461284 gouhang   0.0  0.0  7-17:03:58 /home/data4t1/gouhang/anaconda3/envs/mlaga/bin/python -c from multiprocessing.forkserver import main; main(27, 30, [], **{})
3461531 3461284 gouhang   0.0  0.0  7-17:03:58 /home/data4t1/gouhang/anaconda3/envs/mlaga/bin/python -c from multiprocessing.forkserver import main; main(27, 30, [], **{})
3461532 3461284 gouhang   0.0  0.0  7-17:03:58 /home/data4t1/gouhang/anaconda3/envs/mlaga/bin/python -c from multiprocessing.forkserver import main; main(27, 30, [], **{})
3461533 3461284 gouhang   0.0  0.0  7-17:03:58 /home/data4t1/gouhang/anaconda3/envs/mlaga/bin/python -c from multiprocessing.forkserver import main; main(27, 30, [], **{})
3461534 3461284 gouhang   0.0  0.0  7-17:03:58 /home/data4t1/gouhang/anaconda3/envs/mlaga/bin/python -c from multiprocessing.forkserver import main; main(27, 30, [], **{})
3461535 3461284 gouhang   0.0  0.0  7-17:03:58 /home/data4t1/gouhang/anaconda3/envs/mlaga/bin/python -c from multiprocessing.forkserver import main; main(27, 30, [], **{})
3461536 3461284 gouhang   0.0  0.0  7-17:03:58 /home/data4t1/gouhang/anaconda3/envs/mlaga/bin/python -c from multiprocessing.forkserver import main; main(27, 30, [], **{})
3461537 3461284 gouhang   0.0  0.0  7-17:03:58 /home/data4t1/gouhang/anaconda3/envs/mlaga/bin/python -c from multiprocessing.forkserver import main; main(27, 30, [], **{})
3461538 3461284 gouhang   0.0  0.0  7-17:03:58 /home/data4t1/gouhang/anaconda3/envs/mlaga/bin/python -c from multiprocessing.forkserver import main; main(27, 30, [], **{})
3461539 3461284 gouhang   0.0  0.0  7-17:03:58 /home/data4t1/gouhang/anaconda3/envs/mlaga/bin/python -c from multiprocessing.forkserver import main; main(27, 30, [], **{})
3800830 3740120 hxw       3.3  0.0    17:54:56 /home/data4t1/hxw/anaconda3/bin/python3.10 /home/data4t1/hxw/anaconda3/bin/nputop
3920485 3583169 hxw       0.0  0.0 27-15:38:00 /home/data4t2/hxwDir/hxw_moved/conda_envs/opd/bin/python -m tools.visual_opd.rollout_browser.server
===== probe: BUILD-FIX-001 width=16384 =====
+ /home/data4t2/lelinfeng/phase4-workspaces/WIDE-X-FRESH4/build-server3/paired_local_probe_BUILD-FIX-001 BUILD-FIX-001 16384
label=BUILD-FIX-001 width=16384 correctness=PASS max_abs_error=0 latency_ns=176351,173662,173431,173172,172571,174372,186051,173902
probe_exit_code=0
+ run_probe /home/data4t2/lelinfeng/phase4-workspaces/WIDE-X-FRESH4/build-server3/paired_local_probe_BUILD-FIX-001 BUILD-FIX-001 16384
+ bin=/home/data4t2/lelinfeng/phase4-workspaces/WIDE-X-FRESH4/build-server3/paired_local_probe_BUILD-FIX-001
+ label=BUILD-FIX-001
+ width=16384
+ echo '===== probe: BUILD-FIX-001 width=16384 ====='
+ echo '+ /home/data4t2/lelinfeng/phase4-workspaces/WIDE-X-FRESH4/build-server3/paired_local_probe_BUILD-FIX-001 BUILD-FIX-001 16384'
+ /home/data4t2/lelinfeng/phase4-workspaces/WIDE-X-FRESH4/build-server3/paired_local_probe_BUILD-FIX-001 BUILD-FIX-001 16384
+ status=0
+ echo probe_exit_code=0
+ return 0
+ snapshot after_BUILD_D16384
+ tag=after_BUILD_D16384
===== load snapshot: after_BUILD_D16384 =====
2026-09-23T20:22:28+0000
+ npu-smi info -t usages -i 0
+ echo '===== load snapshot: after_BUILD_D16384 ====='
+ date +%Y-%m-%dT%H:%M:%S%z
+ for device in 0 1 2 3 4 5 6 7
+ echo '+ npu-smi info -t usages -i 0'
+ npu-smi info -t usages -i 0
	NPU ID                         : 0
	Chip Count                     : 1

	DDR Capacity(MB)               : 0
	DDR Usage Rate(%)              : 0
	DDR Hugepages Total(page)      : 0
	DDR Hugepages Usage Rate(%)    : 0
	HBM Capacity(MB)               : 65536
	HBM Usage Rate(%)              : 91
	Aicore Usage Rate(%)           : 32
	Aivector Usage Rate(%)         : 24
	Aicpu Usage Rate(%)            : 0
	Ctrlcpu Usage Rate(%)          : 8
	DDR Bandwidth Usage Rate(%)    : 0
	HBM Bandwidth Usage Rate(%)    : 29
	Chip ID                        : 0

+ for device in 0 1 2 3 4 5 6 7
+ npu-smi info -t usages -i 1
+ echo '+ npu-smi info -t usages -i 1'
+ npu-smi info -t usages -i 1
	NPU ID                         : 1
	Chip Count                     : 1

	DDR Capacity(MB)               : 0
	DDR Usage Rate(%)              : 0
	DDR Hugepages Total(page)      : 0
	DDR Hugepages Usage Rate(%)    : 0
	HBM Capacity(MB)               : 65536
	HBM Usage Rate(%)              : 91
	Aicore Usage Rate(%)           : 32
	Aivector Usage Rate(%)         : 24
	Aicpu Usage Rate(%)            : 0
	Ctrlcpu Usage Rate(%)          : 1
	DDR Bandwidth Usage Rate(%)    : 0
	HBM Bandwidth Usage Rate(%)    : 29
	Chip ID                        : 0

+ npu-smi info -t usages -i 2
+ for device in 0 1 2 3 4 5 6 7
+ echo '+ npu-smi info -t usages -i 2'
+ npu-smi info -t usages -i 2
	NPU ID                         : 2
	Chip Count                     : 1

	DDR Capacity(MB)               : 0
	DDR Usage Rate(%)              : 0
	DDR Hugepages Total(page)      : 0
	DDR Hugepages Usage Rate(%)    : 0
	HBM Capacity(MB)               : 65536
	HBM Usage Rate(%)              : 91
	Aicore Usage Rate(%)           : 32
	Aivector Usage Rate(%)         : 24
	Aicpu Usage Rate(%)            : 0
	Ctrlcpu Usage Rate(%)          : 2
	DDR Bandwidth Usage Rate(%)    : 0
	HBM Bandwidth Usage Rate(%)    : 29
	Chip ID                        : 0

+ for device in 0 1 2 3 4 5 6 7
+ npu-smi info -t usages -i 3
+ echo '+ npu-smi info -t usages -i 3'
+ npu-smi info -t usages -i 3
	NPU ID                         : 3
	Chip Count                     : 1

	DDR Capacity(MB)               : 0
	DDR Usage Rate(%)              : 0
	DDR Hugepages Total(page)      : 0
	DDR Hugepages Usage Rate(%)    : 0
	HBM Capacity(MB)               : 65536
	HBM Usage Rate(%)              : 91
	Aicore Usage Rate(%)           : 33
	Aivector Usage Rate(%)         : 24
	Aicpu Usage Rate(%)            : 0
	Ctrlcpu Usage Rate(%)          : 12
	DDR Bandwidth Usage Rate(%)    : 0
	HBM Bandwidth Usage Rate(%)    : 29
	Chip ID                        : 0

+ npu-smi info -t usages -i 4
+ for device in 0 1 2 3 4 5 6 7
+ echo '+ npu-smi info -t usages -i 4'
+ npu-smi info -t usages -i 4
	NPU ID                         : 4
	Chip Count                     : 1

	DDR Capacity(MB)               : 0
	DDR Usage Rate(%)              : 0
	DDR Hugepages Total(page)      : 0
	DDR Hugepages Usage Rate(%)    : 0
	HBM Capacity(MB)               : 65536
	HBM Usage Rate(%)              : 90
	Aicore Usage Rate(%)           : 0
	Aivector Usage Rate(%)         : 5
	Aicpu Usage Rate(%)            : 0
	Ctrlcpu Usage Rate(%)          : 10
	DDR Bandwidth Usage Rate(%)    : 0
	HBM Bandwidth Usage Rate(%)    : 0
	Chip ID                        : 0

+ npu-smi info -t usages -i 5
+ for device in 0 1 2 3 4 5 6 7
+ echo '+ npu-smi info -t usages -i 5'
+ npu-smi info -t usages -i 5
	NPU ID                         : 5
	Chip Count                     : 1

	DDR Capacity(MB)               : 0
	DDR Usage Rate(%)              : 0
	DDR Hugepages Total(page)      : 0
	DDR Hugepages Usage Rate(%)    : 0
	HBM Capacity(MB)               : 65536
	HBM Usage Rate(%)              : 91
	Aicore Usage Rate(%)           : 0
	Aivector Usage Rate(%)         : 0
	Aicpu Usage Rate(%)            : 0
	Ctrlcpu Usage Rate(%)          : 7
	DDR Bandwidth Usage Rate(%)    : 0
	HBM Bandwidth Usage Rate(%)    : 0
	Chip ID                        : 0

+ for device in 0 1 2 3 4 5 6 7
+ echo '+ npu-smi info -t usages -i 6'
+ npu-smi info -t usages -i 6
+ npu-smi info -t usages -i 6
	NPU ID                         : 6
	Chip Count                     : 1

	DDR Capacity(MB)               : 0
	DDR Usage Rate(%)              : 0
	DDR Hugepages Total(page)      : 0
	DDR Hugepages Usage Rate(%)    : 0
	HBM Capacity(MB)               : 65536
	HBM Usage Rate(%)              : 91
	Aicore Usage Rate(%)           : 0
	Aivector Usage Rate(%)         : 0
	Aicpu Usage Rate(%)            : 0
	Ctrlcpu Usage Rate(%)          : 5
	DDR Bandwidth Usage Rate(%)    : 0
	HBM Bandwidth Usage Rate(%)    : 0
	Chip ID                        : 0

+ for device in 0 1 2 3 4 5 6 7
+ npu-smi info -t usages -i 7
+ echo '+ npu-smi info -t usages -i 7'
+ npu-smi info -t usages -i 7
	NPU ID                         : 7
	Chip Count                     : 1

	DDR Capacity(MB)               : 0
	DDR Usage Rate(%)              : 0
	DDR Hugepages Total(page)      : 0
	DDR Hugepages Usage Rate(%)    : 0
	HBM Capacity(MB)               : 65536
	HBM Usage Rate(%)              : 99
	Aicore Usage Rate(%)           : 0
	Aivector Usage Rate(%)         : 4
	Aicpu Usage Rate(%)            : 0
	Ctrlcpu Usage Rate(%)          : 100
	DDR Bandwidth Usage Rate(%)    : 0
	HBM Bandwidth Usage Rate(%)    : 2
	Chip ID                        : 0

+ ps -eo pid,ppid,user,pcpu,pmem,etime,args | grep -Ei "vllm|python" | grep -v grep
+ echo '+ ps -eo pid,ppid,user,pcpu,pmem,etime,args | grep -Ei "vllm|python" | grep -v grep'
+ ps -eo pid,ppid,user,pcpu,pmem,etime,args
+ grep -Ei 'vllm|python'
+ grep -v grep
   5048       1 root      0.0  0.0 228-07:56:14 /usr/bin/python3 /usr/bin/networkd-dispatcher --run-startup-triggers
   5328       1 root      0.0  0.0 228-07:56:14 /usr/bin/python3 /usr/share/unattended-upgrades/unattended-upgrade-shutdown --wait-for-signal
  82397   82370 root     30.0  0.4  1-13:54:31 /usr/local/python3.12.13/bin/python3 /usr/local/python3.12.13/bin/vllm serve /models/Qwen3.8-27B-w8a8 --host 0.0.0.0 --port 9001 --tensor-parallel-size 4 --quantization ascend --served-model-name qwen3.8 --max-model-len 256000 --max-num-seqs 8 --max-num-batched-tokens 8192 --gpu-memory-utilization 0.90 --enable-prefix-caching --trust-remote-code --reasoning-parser qwen3 --enable-auto-tool-choice --tool-call-parser qwen3_coder
  83352   83328 root      0.4  0.4  1-13:54:21 /usr/local/python3.12.13/bin/python3 /usr/local/python3.12.13/bin/vllm serve /models/Qwen3.8-27B-w8a8 --host 0.0.0.0 --port 9002 --tensor-parallel-size 2 --quantization ascend --served-model-name qwen3.8 --max-model-len 256000 --max-num-seqs 8 --max-num-batched-tokens 8192 --gpu-memory-utilization 0.90 --enable-prefix-caching --trust-remote-code --reasoning-parser qwen3 --enable-auto-tool-choice --tool-call-parser qwen3_coder
  87335   82397 root      0.0  0.0  1-13:53:41 /usr/local/python3.12.13/bin/python3 -c from multiprocessing.resource_tracker import main;main(35)
  87336   82397 root     97.1  0.1  1-13:53:41 VLLM::EngineCore
  87669   83352 root      0.0  0.0  1-13:53:37 /usr/local/python3.12.13/bin/python3 -c from multiprocessing.resource_tracker import main;main(35)
  87670   83352 root      3.8  0.1  1-13:53:37 VLLM::EngineCore
  89395   87336 root      211  0.4  1-13:53:18 VLLM::Worker_TP0
  89602   87670 root     15.7  0.4  1-13:53:15 VLLM::Worker_TP0
  91055   87336 root      106  0.4  1-13:52:59 VLLM::Worker_TP1
  91228   87670 root     11.3  0.4  1-13:52:57 VLLM::Worker_TP1
  92813   87336 root      111  0.4  1-13:52:40 VLLM::Worker_TP2
  94498   87336 root      106  0.4  1-13:52:21 VLLM::Worker_TP3
  95970   89602 root      0.0  0.0  1-13:52:05 /usr/local/python3.12.13/bin/python3 -c from multiprocessing.spawn import spawn_main; spawn_main(tracker_fd=36, pipe_handle=88) --multiprocessing-fork
  96143   91228 root      0.0  0.0  1-13:52:03 /usr/local/python3.12.13/bin/python3 -c from multiprocessing.spawn import spawn_main; spawn_main(tracker_fd=36, pipe_handle=77) --multiprocessing-fork
  96830   89602 root      0.0  0.0  1-13:51:56 /usr/local/python3.12.13/bin/python3 -c from multiprocessing.forkserver import main; main(85, 87, [], **{})
  96848   96830 root      0.0  0.0  1-13:51:56 /usr/local/python3.12.13/bin/python3 -c from multiprocessing.forkserver import main; main(85, 87, [], **{})
  96849   96830 root      0.0  0.0  1-13:51:56 /usr/local/python3.12.13/bin/python3 -c from multiprocessing.forkserver import main; main(85, 87, [], **{})
  96850   96830 root      0.0  0.0  1-13:51:56 /usr/local/python3.12.13/bin/python3 -c from multiprocessing.forkserver import main; main(85, 87, [], **{})
  96851   96830 root      0.0  0.0  1-13:51:56 /usr/local/python3.12.13/bin/python3 -c from multiprocessing.forkserver import main; main(85, 87, [], **{})
  96853   96830 root      0.0  0.0  1-13:51:56 /usr/local/python3.12.13/bin/python3 -c from multiprocessing.forkserver import main; main(85, 87, [], **{})
  96854   96830 root      0.0  0.0  1-13:51:56 /usr/local/python3.12.13/bin/python3 -c from multiprocessing.forkserver import main; main(85, 87, [], **{})
  96855   96830 root      0.0  0.0  1-13:51:56 /usr/local/python3.12.13/bin/python3 -c from multiprocessing.forkserver import main; main(85, 87, [], **{})
  96856   96830 root      0.0  0.0  1-13:51:56 /usr/local/python3.12.13/bin/python3 -c from multiprocessing.forkserver import main; main(85, 87, [], **{})
  96857   96830 root      0.0  0.0  1-13:51:56 /usr/local/python3.12.13/bin/python3 -c from multiprocessing.forkserver import main; main(85, 87, [], **{})
  96891   96830 root      0.0  0.0  1-13:51:56 /usr/local/python3.12.13/bin/python3 -c from multiprocessing.forkserver import main; main(85, 87, [], **{})
  96892   96830 root      0.0  0.0  1-13:51:56 /usr/local/python3.12.13/bin/python3 -c from multiprocessing.forkserver import main; main(85, 87, [], **{})
  96893   96830 root      0.0  0.0  1-13:51:56 /usr/local/python3.12.13/bin/python3 -c from multiprocessing.forkserver import main; main(85, 87, [], **{})
  96894   96830 root      0.0  0.0  1-13:51:56 /usr/local/python3.12.13/bin/python3 -c from multiprocessing.forkserver import main; main(85, 87, [], **{})
  96895   96830 root      0.0  0.0  1-13:51:56 /usr/local/python3.12.13/bin/python3 -c from multiprocessing.forkserver import main; main(85, 87, [], **{})
  96896   96830 root      0.0  0.0  1-13:51:56 /usr/local/python3.12.13/bin/python3 -c from multiprocessing.forkserver import main; main(85, 87, [], **{})
  96897   96830 root      0.0  0.0  1-13:51:56 /usr/local/python3.12.13/bin/python3 -c from multiprocessing.forkserver import main; main(85, 87, [], **{})
  96898   96830 root      0.0  0.0  1-13:51:56 /usr/local/python3.12.13/bin/python3 -c from multiprocessing.forkserver import main; main(85, 87, [], **{})
  97110   91228 root      0.0  0.0  1-13:51:54 /usr/local/python3.12.13/bin/python3 -c from multiprocessing.forkserver import main; main(74, 76, [], **{})
  97116   97110 root      0.0  0.0  1-13:51:54 /usr/local/python3.12.13/bin/python3 -c from multiprocessing.forkserver import main; main(74, 76, [], **{})
  97118   97110 root      0.0  0.0  1-13:51:54 /usr/local/python3.12.13/bin/python3 -c from multiprocessing.forkserver import main; main(74, 76, [], **{})
  97120   97110 root      0.0  0.0  1-13:51:54 /usr/local/python3.12.13/bin/python3 -c from multiprocessing.forkserver import main; main(74, 76, [], **{})
  97121   97110 root      0.0  0.0  1-13:51:54 /usr/local/python3.12.13/bin/python3 -c from multiprocessing.forkserver import main; main(74, 76, [], **{})
  97122   97110 root      0.0  0.0  1-13:51:54 /usr/local/python3.12.13/bin/python3 -c from multiprocessing.forkserver import main; main(74, 76, [], **{})
  97123   97110 root      0.0  0.0  1-13:51:54 /usr/local/python3.12.13/bin/python3 -c from multiprocessing.forkserver import main; main(74, 76, [], **{})
  97124   97110 root      0.0  0.0  1-13:51:54 /usr/local/python3.12.13/bin/python3 -c from multiprocessing.forkserver import main; main(74, 76, [], **{})
  97125   97110 root      0.0  0.0  1-13:51:54 /usr/local/python3.12.13/bin/python3 -c from multiprocessing.forkserver import main; main(74, 76, [], **{})
  97126   97110 root      0.0  0.0  1-13:51:54 /usr/local/python3.12.13/bin/python3 -c from multiprocessing.forkserver import main; main(74, 76, [], **{})
  97157   97110 root      0.0  0.0  1-13:51:54 /usr/local/python3.12.13/bin/python3 -c from multiprocessing.forkserver import main; main(74, 76, [], **{})
  97158   97110 root      0.0  0.0  1-13:51:54 /usr/local/python3.12.13/bin/python3 -c from multiprocessing.forkserver import main; main(74, 76, [], **{})
  97159   97110 root      0.0  0.0  1-13:51:54 /usr/local/python3.12.13/bin/python3 -c from multiprocessing.forkserver import main; main(74, 76, [], **{})
  97160   97110 root      0.0  0.0  1-13:51:54 /usr/local/python3.12.13/bin/python3 -c from multiprocessing.forkserver import main; main(74, 76, [], **{})
  97161   97110 root      0.0  0.0  1-13:51:54 /usr/local/python3.12.13/bin/python3 -c from multiprocessing.forkserver import main; main(74, 76, [], **{})
  97163   97110 root      0.0  0.0  1-13:51:54 /usr/local/python3.12.13/bin/python3 -c from multiprocessing.forkserver import main; main(74, 76, [], **{})
  97166   97110 root      0.0  0.0  1-13:51:54 /usr/local/python3.12.13/bin/python3 -c from multiprocessing.forkserver import main; main(74, 76, [], **{})
  97169   97110 root      0.0  0.0  1-13:51:54 /usr/local/python3.12.13/bin/python3 -c from multiprocessing.forkserver import main; main(74, 76, [], **{})
 100247   94498 root      0.0  0.0  1-13:51:28 /usr/local/python3.12.13/bin/python3 -c from multiprocessing.spawn import spawn_main; spawn_main(tracker_fd=36, pipe_handle=85) --multiprocessing-fork
 100272   89395 root      0.0  0.0  1-13:51:28 /usr/local/python3.12.13/bin/python3 -c from multiprocessing.spawn import spawn_main; spawn_main(tracker_fd=36, pipe_handle=102) --multiprocessing-fork
 100372   91055 root      0.0  0.0  1-13:51:27 /usr/local/python3.12.13/bin/python3 -c from multiprocessing.spawn import spawn_main; spawn_main(tracker_fd=36, pipe_handle=85) --multiprocessing-fork
 100434   92813 root      0.0  0.0  1-13:51:26 /usr/local/python3.12.13/bin/python3 -c from multiprocessing.spawn import spawn_main; spawn_main(tracker_fd=36, pipe_handle=85) --multiprocessing-fork
 101149   94498 root      0.0  0.0  1-13:51:19 /usr/local/python3.12.13/bin/python3 -c from multiprocessing.forkserver import main; main(82, 84, [], **{})
 101156  101149 root      0.0  0.0  1-13:51:19 /usr/local/python3.12.13/bin/python3 -c from multiprocessing.forkserver import main; main(82, 84, [], **{})
 101157  101149 root      0.0  0.0  1-13:51:19 /usr/local/python3.12.13/bin/python3 -c from multiprocessing.forkserver import main; main(82, 84, [], **{})
 101158  101149 root      0.0  0.0  1-13:51:19 /usr/local/python3.12.13/bin/python3 -c from multiprocessing.forkserver import main; main(82, 84, [], **{})
 101160  101149 root      0.0  0.0  1-13:51:19 /usr/local/python3.12.13/bin/python3 -c from multiprocessing.forkserver import main; main(82, 84, [], **{})
 101161  101149 root      0.0  0.0  1-13:51:19 /usr/local/python3.12.13/bin/python3 -c from multiprocessing.forkserver import main; main(82, 84, [], **{})
 101162  101149 root      0.0  0.0  1-13:51:19 /usr/local/python3.12.13/bin/python3 -c from multiprocessing.forkserver import main; main(82, 84, [], **{})
 101163  101149 root      0.0  0.0  1-13:51:19 /usr/local/python3.12.13/bin/python3 -c from multiprocessing.forkserver import main; main(82, 84, [], **{})
 101164  101149 root      0.0  0.0  1-13:51:19 /usr/local/python3.12.13/bin/python3 -c from multiprocessing.forkserver import main; main(82, 84, [], **{})
 101165  101149 root      0.0  0.0  1-13:51:19 /usr/local/python3.12.13/bin/python3 -c from multiprocessing.forkserver import main; main(82, 84, [], **{})
 101220   89395 root      0.0  0.0  1-13:51:19 /usr/local/python3.12.13/bin/python3 -c from multiprocessing.forkserver import main; main(99, 101, [], **{})
 101222  101220 root      0.0  0.0  1-13:51:19 /usr/local/python3.12.13/bin/python3 -c from multiprocessing.forkserver import main; main(99, 101, [], **{})
 101223  101220 root      0.0  0.0  1-13:51:19 /usr/local/python3.12.13/bin/python3 -c from multiprocessing.forkserver import main; main(99, 101, [], **{})
 101224  101220 root      0.0  0.0  1-13:51:19 /usr/local/python3.12.13/bin/python3 -c from multiprocessing.forkserver import main; main(99, 101, [], **{})
 101225  101220 root      0.0  0.0  1-13:51:19 /usr/local/python3.12.13/bin/python3 -c from multiprocessing.forkserver import main; main(99, 101, [], **{})
 101226  101220 root      0.0  0.0  1-13:51:19 /usr/local/python3.12.13/bin/python3 -c from multiprocessing.forkserver import main; main(99, 101, [], **{})
 101227  101220 root      0.0  0.0  1-13:51:19 /usr/local/python3.12.13/bin/python3 -c from multiprocessing.forkserver import main; main(99, 101, [], **{})
 101228  101220 root      0.0  0.0  1-13:51:19 /usr/local/python3.12.13/bin/python3 -c from multiprocessing.forkserver import main; main(99, 101, [], **{})
 101229  101220 root      0.0  0.0  1-13:51:19 /usr/local/python3.12.13/bin/python3 -c from multiprocessing.forkserver import main; main(99, 101, [], **{})
 101230  101220 root      0.0  0.0  1-13:51:19 /usr/local/python3.12.13/bin/python3 -c from multiprocessing.forkserver import main; main(99, 101, [], **{})
 101259  101149 root      0.0  0.0  1-13:51:19 /usr/local/python3.12.13/bin/python3 -c from multiprocessing.forkserver import main; main(82, 84, [], **{})
 101260  101149 root      0.0  0.0  1-13:51:19 /usr/local/python3.12.13/bin/python3 -c from multiprocessing.forkserver import main; main(82, 84, [], **{})
 101261  101149 root      0.0  0.0  1-13:51:19 /usr/local/python3.12.13/bin/python3 -c from multiprocessing.forkserver import main; main(82, 84, [], **{})
 101262  101149 root      0.0  0.0  1-13:51:19 /usr/local/python3.12.13/bin/python3 -c from multiprocessing.forkserver import main; main(82, 84, [], **{})
 101263  101149 root      0.0  0.0  1-13:51:19 /usr/local/python3.12.13/bin/python3 -c from multiprocessing.forkserver import main; main(82, 84, [], **{})
 101264  101149 root      0.0  0.0  1-13:51:19 /usr/local/python3.12.13/bin/python3 -c from multiprocessing.forkserver import main; main(82, 84, [], **{})
 101265  101149 root      0.0  0.0  1-13:51:19 /usr/local/python3.12.13/bin/python3 -c from multiprocessing.forkserver import main; main(82, 84, [], **{})
 101266  101149 root      0.0  0.0  1-13:51:19 /usr/local/python3.12.13/bin/python3 -c from multiprocessing.forkserver import main; main(82, 84, [], **{})
 101267  101220 root      0.0  0.0  1-13:51:19 /usr/local/python3.12.13/bin/python3 -c from multiprocessing.forkserver import main; main(99, 101, [], **{})
 101268  101220 root      0.0  0.0  1-13:51:19 /usr/local/python3.12.13/bin/python3 -c from multiprocessing.forkserver import main; main(99, 101, [], **{})
 101269  101220 root      0.0  0.0  1-13:51:19 /usr/local/python3.12.13/bin/python3 -c from multiprocessing.forkserver import main; main(99, 101, [], **{})
 101270  101220 root      0.0  0.0  1-13:51:19 /usr/local/python3.12.13/bin/python3 -c from multiprocessing.forkserver import main; main(99, 101, [], **{})
 101271  101220 root      0.0  0.0  1-13:51:19 /usr/local/python3.12.13/bin/python3 -c from multiprocessing.forkserver import main; main(99, 101, [], **{})
 101272  101220 root      0.0  0.0  1-13:51:19 /usr/local/python3.12.13/bin/python3 -c from multiprocessing.forkserver import main; main(99, 101, [], **{})
 101273  101220 root      0.0  0.0  1-13:51:19 /usr/local/python3.12.13/bin/python3 -c from multiprocessing.forkserver import main; main(99, 101, [], **{})
 101274  101220 root      0.0  0.0  1-13:51:19 /usr/local/python3.12.13/bin/python3 -c from multiprocessing.forkserver import main; main(99, 101, [], **{})
 101463   91055 root      0.0  0.0  1-13:51:18 /usr/local/python3.12.13/bin/python3 -c from multiprocessing.forkserver import main; main(82, 84, [], **{})
 101467  101463 root      0.0  0.0  1-13:51:17 /usr/local/python3.12.13/bin/python3 -c from multiprocessing.forkserver import main; main(82, 84, [], **{})
 101468  101463 root      0.0  0.0  1-13:51:17 /usr/local/python3.12.13/bin/python3 -c from multiprocessing.forkserver import main; main(82, 84, [], **{})
 101469  101463 root      0.0  0.0  1-13:51:17 /usr/local/python3.12.13/bin/python3 -c from multiprocessing.forkserver import main; main(82, 84, [], **{})
 101470  101463 root      0.0  0.0  1-13:51:17 /usr/local/python3.12.13/bin/python3 -c from multiprocessing.forkserver import main; main(82, 84, [], **{})
 101471  101463 root      0.0  0.0  1-13:51:17 /usr/local/python3.12.13/bin/python3 -c from multiprocessing.forkserver import main; main(82, 84, [], **{})
 101472  101463 root      0.0  0.0  1-13:51:17 /usr/local/python3.12.13/bin/python3 -c from multiprocessing.forkserver import main; main(82, 84, [], **{})
 101473  101463 root      0.0  0.0  1-13:51:17 /usr/local/python3.12.13/bin/python3 -c from multiprocessing.forkserver import main; main(82, 84, [], **{})
 101474  101463 root      0.0  0.0  1-13:51:17 /usr/local/python3.12.13/bin/python3 -c from multiprocessing.forkserver import main; main(82, 84, [], **{})
 101475  101463 root      0.0  0.0  1-13:51:17 /usr/local/python3.12.13/bin/python3 -c from multiprocessing.forkserver import main; main(82, 84, [], **{})
 101518  101463 root      0.0  0.0  1-13:51:17 /usr/local/python3.12.13/bin/python3 -c from multiprocessing.forkserver import main; main(82, 84, [], **{})
 101519  101463 root      0.0  0.0  1-13:51:17 /usr/local/python3.12.13/bin/python3 -c from multiprocessing.forkserver import main; main(82, 84, [], **{})
 101520  101463 root      0.0  0.0  1-13:51:17 /usr/local/python3.12.13/bin/python3 -c from multiprocessing.forkserver import main; main(82, 84, [], **{})
 101521  101463 root      0.0  0.0  1-13:51:17 /usr/local/python3.12.13/bin/python3 -c from multiprocessing.forkserver import main; main(82, 84, [], **{})
 101522  101463 root      0.0  0.0  1-13:51:17 /usr/local/python3.12.13/bin/python3 -c from multiprocessing.forkserver import main; main(82, 84, [], **{})
 101523  101463 root      0.0  0.0  1-13:51:17 /usr/local/python3.12.13/bin/python3 -c from multiprocessing.forkserver import main; main(82, 84, [], **{})
 101524  101463 root      0.0  0.0  1-13:51:17 /usr/local/python3.12.13/bin/python3 -c from multiprocessing.forkserver import main; main(82, 84, [], **{})
 101525  101463 root      0.0  0.0  1-13:51:17 /usr/local/python3.12.13/bin/python3 -c from multiprocessing.forkserver import main; main(82, 84, [], **{})
 102072   92813 root      0.0  0.0  1-13:51:15 /usr/local/python3.12.13/bin/python3 -c from multiprocessing.forkserver import main; main(82, 84, [], **{})
 102203  102072 root      0.0  0.0  1-13:51:15 /usr/local/python3.12.13/bin/python3 -c from multiprocessing.forkserver import main; main(82, 84, [], **{})
 102204  102072 root      0.0  0.0  1-13:51:15 /usr/local/python3.12.13/bin/python3 -c from multiprocessing.forkserver import main; main(82, 84, [], **{})
 102205  102072 root      0.0  0.0  1-13:51:15 /usr/local/python3.12.13/bin/python3 -c from multiprocessing.forkserver import main; main(82, 84, [], **{})
 102206  102072 root      0.0  0.0  1-13:51:15 /usr/local/python3.12.13/bin/python3 -c from multiprocessing.forkserver import main; main(82, 84, [], **{})
 102207  102072 root      0.0  0.0  1-13:51:15 /usr/local/python3.12.13/bin/python3 -c from multiprocessing.forkserver import main; main(82, 84, [], **{})
 102208  102072 root      0.0  0.0  1-13:51:15 /usr/local/python3.12.13/bin/python3 -c from multiprocessing.forkserver import main; main(82, 84, [], **{})
 102209  102072 root      0.0  0.0  1-13:51:15 /usr/local/python3.12.13/bin/python3 -c from multiprocessing.forkserver import main; main(82, 84, [], **{})
 102210  102072 root      0.0  0.0  1-13:51:15 /usr/local/python3.12.13/bin/python3 -c from multiprocessing.forkserver import main; main(82, 84, [], **{})
 102211  102072 root      0.0  0.0  1-13:51:15 /usr/local/python3.12.13/bin/python3 -c from multiprocessing.forkserver import main; main(82, 84, [], **{})
 102261  102072 root      0.0  0.0  1-13:51:14 /usr/local/python3.12.13/bin/python3 -c from multiprocessing.forkserver import main; main(82, 84, [], **{})
 102262  102072 root      0.0  0.0  1-13:51:14 /usr/local/python3.12.13/bin/python3 -c from multiprocessing.forkserver import main; main(82, 84, [], **{})
 102263  102072 root      0.0  0.0  1-13:51:14 /usr/local/python3.12.13/bin/python3 -c from multiprocessing.forkserver import main; main(82, 84, [], **{})
 102264  102072 root      0.0  0.0  1-13:51:14 /usr/local/python3.12.13/bin/python3 -c from multiprocessing.forkserver import main; main(82, 84, [], **{})
 102265  102072 root      0.0  0.0  1-13:51:14 /usr/local/python3.12.13/bin/python3 -c from multiprocessing.forkserver import main; main(82, 84, [], **{})
 102266  102072 root      0.0  0.0  1-13:51:14 /usr/local/python3.12.13/bin/python3 -c from multiprocessing.forkserver import main; main(82, 84, [], **{})
 102267  102072 root      0.0  0.0  1-13:51:14 /usr/local/python3.12.13/bin/python3 -c from multiprocessing.forkserver import main; main(82, 84, [], **{})
 102268  102072 root      0.0  0.0  1-13:51:14 /usr/local/python3.12.13/bin/python3 -c from multiprocessing.forkserver import main; main(82, 84, [], **{})
 363525 1678571 hxw       3.2  0.0  1-13:12:04 /home/data4t1/hxw/anaconda3/bin/python3.10 /home/data4t1/hxw/anaconda3/bin/nputop
 531969 2298726 hxw       2.5  0.0 29-13:45:31 /home/data4t2/hxwDir/hxw_moved/conda_envs/opd/bin/python /home/data4t2/hxwDir/hxw_moved/conda_envs/opd/bin/tensorboard --logdir /home/data4t2/hxwDir/hxw_moved/opd-resources/runs/train --host 0.0.0.0 --port 6006
 644507       1 hxw       0.2  0.0 161-07:35:55 /home/data4t1/hxw/anaconda3/envs/dfkd/bin/python3.10 /home/data4t1/hxw/anaconda3/envs/dfkd/bin/tensorboard --logdir=/home/data4t2/hxwDir/hxw_moved/dfkd/runs/datafree-nayer_df/ --port=6007 --bind_all
2033118 3834144 hxw       3.2  0.0 64-12:32:25 /home/data4t1/hxw/anaconda3/bin/python3.10 /home/data4t1/hxw/anaconda3/bin/nputop
2588208 3192131 wangjie+  132  0.2       00:37 /home/data4t1/wangjielei/.vscode-server/cli/servers/Stable-7debcd0e2acdea1c52de81bf9ee1620444407dda/server/node /home/data4t1/wangjielei/.vscode-server/extensions/ms-python.vscode-pylance-2026.3.1/dist/server.bundle.js --cancellationReceive=file:1f6d69b0282a1b0a0a7c598e92fda6e5e6769133c0 --node-ipc --clientProcessId=3192131
2916664 2914109 hxw       2.9  0.0 93-08:15:43 /home/data4t1/hxw/anaconda3/bin/python3.10 /home/data4t1/hxw/anaconda3/bin/nputop
2991304 2429127 hxw       0.0  0.3  1-17:42:58 /home/data4t2/hxwDir/hxw_moved/conda_envs/opd/bin/python -m tools.visual_opd.llm_eval_browser.server --data-root /home/data4t2/hxwDir/hxw_moved/verl-npu-opd/dataset/llm_eval --host 0.0.0.0 --port 8767
2992910 2577231 zhangka+  0.4  0.2 10-05:20:00 /home/data4t1/zhangkaijie/conda/envs/qwen38_a2/bin/python3.12 /home/data4t1/zhangkaijie/conda/envs/qwen38_a2/bin/vllm serve /home/data4t2/models/Qwen3.8-27B-w8a8 --host 0.0.0.0 --port 9000 --tensor-parallel-size 1 --max-model-len 200000 --max-num-seqs 8 --max-num-batched-tokens 16384 --enable-prefix-caching --trust-remote-code --speculative-config {"method":"mtp","num_speculative_tokens":4} --enable-auto-tool-choice --tool-call-parser qwen3_coder --gpu-memory-utilization 0.85
2999854 2992910 zhangka+  0.0  0.0 10-05:19:14 /home/data4t1/zhangkaijie/conda/envs/qwen38_a2/bin/python3.12 -c from multiprocessing.resource_tracker import main;main(39)
2999855 2992910 zhangka+ 14.9  0.3 10-05:19:14 VLLM::EngineCore
3008420 2999855 zhangka+  0.0  0.0 10-05:18:14 /home/data4t1/zhangkaijie/conda/envs/qwen38_a2/bin/python3.12 -c from multiprocessing.spawn import spawn_main; spawn_main(tracker_fd=40, pipe_handle=84) --multiprocessing-fork
3009726 2999855 zhangka+  0.0  0.0 10-05:18:05 /home/data4t1/zhangkaijie/conda/envs/qwen38_a2/bin/python3.12 -c from multiprocessing.forkserver import main; main(81, 83, [], **{})
3009729 3009726 zhangka+  0.0  0.0 10-05:18:05 /home/data4t1/zhangkaijie/conda/envs/qwen38_a2/bin/python3.12 -c from multiprocessing.forkserver import main; main(81, 83, [], **{})
3009731 3009726 zhangka+  0.0  0.0 10-05:18:05 /home/data4t1/zhangkaijie/conda/envs/qwen38_a2/bin/python3.12 -c from multiprocessing.forkserver import main; main(81, 83, [], **{})
3009733 3009726 zhangka+  0.0  0.0 10-05:18:05 /home/data4t1/zhangkaijie/conda/envs/qwen38_a2/bin/python3.12 -c from multiprocessing.forkserver import main; main(81, 83, [], **{})
3009734 3009726 zhangka+  0.0  0.0 10-05:18:05 /home/data4t1/zhangkaijie/conda/envs/qwen38_a2/bin/python3.12 -c from multiprocessing.forkserver import main; main(81, 83, [], **{})
3009736 3009726 zhangka+  0.0  0.0 10-05:18:05 /home/data4t1/zhangkaijie/conda/envs/qwen38_a2/bin/python3.12 -c from multiprocessing.forkserver import main; main(81, 83, [], **{})
3009739 3009726 zhangka+  0.0  0.0 10-05:18:05 /home/data4t1/zhangkaijie/conda/envs/qwen38_a2/bin/python3.12 -c from multiprocessing.forkserver import main; main(81, 83, [], **{})
3009740 3009726 zhangka+  0.0  0.0 10-05:18:05 /home/data4t1/zhangkaijie/conda/envs/qwen38_a2/bin/python3.12 -c from multiprocessing.forkserver import main; main(81, 83, [], **{})
3009741 3009726 zhangka+  0.0  0.0 10-05:18:05 /home/data4t1/zhangkaijie/conda/envs/qwen38_a2/bin/python3.12 -c from multiprocessing.forkserver import main; main(81, 83, [], **{})
3009742 3009726 zhangka+  0.0  0.0 10-05:18:05 /home/data4t1/zhangkaijie/conda/envs/qwen38_a2/bin/python3.12 -c from multiprocessing.forkserver import main; main(81, 83, [], **{})
3009773 3009726 zhangka+  0.0  0.0 10-05:18:04 /home/data4t1/zhangkaijie/conda/envs/qwen38_a2/bin/python3.12 -c from multiprocessing.forkserver import main; main(81, 83, [], **{})
3009774 3009726 zhangka+  0.0  0.0 10-05:18:04 /home/data4t1/zhangkaijie/conda/envs/qwen38_a2/bin/python3.12 -c from multiprocessing.forkserver import main; main(81, 83, [], **{})
3009775 3009726 zhangka+  0.0  0.0 10-05:18:04 /home/data4t1/zhangkaijie/conda/envs/qwen38_a2/bin/python3.12 -c from multiprocessing.forkserver import main; main(81, 83, [], **{})
3009776 3009726 zhangka+  0.0  0.0 10-05:18:04 /home/data4t1/zhangkaijie/conda/envs/qwen38_a2/bin/python3.12 -c from multiprocessing.forkserver import main; main(81, 83, [], **{})
3009777 3009726 zhangka+  0.0  0.0 10-05:18:04 /home/data4t1/zhangkaijie/conda/envs/qwen38_a2/bin/python3.12 -c from multiprocessing.forkserver import main; main(81, 83, [], **{})
3009778 3009726 zhangka+  0.0  0.0 10-05:18:04 /home/data4t1/zhangkaijie/conda/envs/qwen38_a2/bin/python3.12 -c from multiprocessing.forkserver import main; main(81, 83, [], **{})
3009779 3009726 zhangka+  0.0  0.0 10-05:18:04 /home/data4t1/zhangkaijie/conda/envs/qwen38_a2/bin/python3.12 -c from multiprocessing.forkserver import main; main(81, 83, [], **{})
3009780 3009726 zhangka+  0.0  0.0 10-05:18:04 /home/data4t1/zhangkaijie/conda/envs/qwen38_a2/bin/python3.12 -c from multiprocessing.forkserver import main; main(81, 83, [], **{})
3121422 3458196 gouhang   0.0  0.4    19:37:51 python MMGIT/train/train_mem.py --model_name_or_path lmsys/vicuna-7b-v1.5-16k --version v1 --cache_dir ./checkpoint --pretrained_embedding_type clip_mix --tune_mm_mlp_adapter True --mm_use_graph_start_end False --mm_use_graph_patch_token False --bf16 True --fp16 False --output_dir ./checkpoints/Movies/mlaga-vicuna-7b-Movies-clip_mix-2-10-2layer-TIQ_demo-nc-4epoch-bs2-len2048 --num_train_epochs 4 --per_device_train_batch_size 2 --per_device_eval_batch_size 2 --gradient_accumulation_steps 4 --evaluation_strategy no --save_strategy epoch --learning_rate 2e-5 --weight_decay 0. --warmup_ratio 0.03 --lr_scheduler_type cosine --logging_steps 1 --tf32 False --model_max_length 2048 --gradient_checkpointing True --lazy_preprocess True --report_to none --use_hop 2 --sample_neighbor_size 10 --mm_projector_type 2-layer-mlp --use_task nc --use_dataset Movies --template TIQ_demo --is_general_model False --is_data_task_general False --is_cross_task_attention True --dataset_task_mapping Movies:nc --cross_attn_layers 1
3121471 3458196 gouhang   0.0  0.4    19:37:50 python MMGIT/train/train_mem.py --model_name_or_path lmsys/vicuna-7b-v1.5-16k --version v1 --cache_dir ./checkpoint --pretrained_embedding_type clip_mix --tune_mm_mlp_adapter True --mm_use_graph_start_end False --mm_use_graph_patch_token False --bf16 True --fp16 False --output_dir ./checkpoints/Movies/mlaga-vicuna-7b-Movies-clip_mix-2-10-2layer-TIQ_demo-nc-4epoch-bs2-len2048 --num_train_epochs 4 --per_device_train_batch_size 2 --per_device_eval_batch_size 2 --gradient_accumulation_steps 4 --evaluation_strategy no --save_strategy epoch --learning_rate 2e-5 --weight_decay 0. --warmup_ratio 0.03 --lr_scheduler_type cosine --logging_steps 1 --tf32 False --model_max_length 2048 --gradient_checkpointing True --lazy_preprocess True --report_to none --use_hop 2 --sample_neighbor_size 10 --mm_projector_type 2-layer-mlp --use_task nc --use_dataset Movies --template TIQ_demo --is_general_model False --is_data_task_general False --is_cross_task_attention True --dataset_task_mapping Movies:nc --cross_attn_layers 1
3121520 3458196 gouhang   0.0  0.4    19:37:50 python MMGIT/train/train_mem.py --model_name_or_path lmsys/vicuna-7b-v1.5-16k --version v1 --cache_dir ./checkpoint --pretrained_embedding_type clip_mix --tune_mm_mlp_adapter True --mm_use_graph_start_end False --mm_use_graph_patch_token False --bf16 True --fp16 False --output_dir ./checkpoints/Movies/mlaga-vicuna-7b-Movies-clip_mix-2-10-2layer-TIQ_demo-nc-4epoch-bs2-len2048 --num_train_epochs 4 --per_device_train_batch_size 2 --per_device_eval_batch_size 2 --gradient_accumulation_steps 4 --evaluation_strategy no --save_strategy epoch --learning_rate 2e-5 --weight_decay 0. --warmup_ratio 0.03 --lr_scheduler_type cosine --logging_steps 1 --tf32 False --model_max_length 2048 --gradient_checkpointing True --lazy_preprocess True --report_to none --use_hop 2 --sample_neighbor_size 10 --mm_projector_type 2-layer-mlp --use_task nc --use_dataset Movies --template TIQ_demo --is_general_model False --is_data_task_general False --is_cross_task_attention True --dataset_task_mapping Movies:nc --cross_attn_layers 1
3121560 3458196 gouhang   0.0  0.4    19:37:50 python MMGIT/train/train_mem.py --model_name_or_path lmsys/vicuna-7b-v1.5-16k --version v1 --cache_dir ./checkpoint --pretrained_embedding_type clip_mix --tune_mm_mlp_adapter True --mm_use_graph_start_end False --mm_use_graph_patch_token False --bf16 True --fp16 False --output_dir ./checkpoints/Movies/mlaga-vicuna-7b-Movies-clip_mix-2-10-2layer-TIQ_demo-nc-4epoch-bs2-len2048 --num_train_epochs 4 --per_device_train_batch_size 2 --per_device_eval_batch_size 2 --gradient_accumulation_steps 4 --evaluation_strategy no --save_strategy epoch --learning_rate 2e-5 --weight_decay 0. --warmup_ratio 0.03 --lr_scheduler_type cosine --logging_steps 1 --tf32 False --model_max_length 2048 --gradient_checkpointing True --lazy_preprocess True --report_to none --use_hop 2 --sample_neighbor_size 10 --mm_projector_type 2-layer-mlp --use_task nc --use_dataset Movies --template TIQ_demo --is_general_model False --is_data_task_general False --is_cross_task_attention True --dataset_task_mapping Movies:nc --cross_attn_layers 1
3121615 3458196 gouhang   0.0  0.4    19:37:50 python MMGIT/train/train_mem.py --model_name_or_path lmsys/vicuna-7b-v1.5-16k --version v1 --cache_dir ./checkpoint --pretrained_embedding_type clip_mix --tune_mm_mlp_adapter True --mm_use_graph_start_end False --mm_use_graph_patch_token False --bf16 True --fp16 False --output_dir ./checkpoints/Movies/mlaga-vicuna-7b-Movies-clip_mix-2-10-2layer-TIQ_demo-nc-4epoch-bs2-len2048 --num_train_epochs 4 --per_device_train_batch_size 2 --per_device_eval_batch_size 2 --gradient_accumulation_steps 4 --evaluation_strategy no --save_strategy epoch --learning_rate 2e-5 --weight_decay 0. --warmup_ratio 0.03 --lr_scheduler_type cosine --logging_steps 1 --tf32 False --model_max_length 2048 --gradient_checkpointing True --lazy_preprocess True --report_to none --use_hop 2 --sample_neighbor_size 10 --mm_projector_type 2-layer-mlp --use_task nc --use_dataset Movies --template TIQ_demo --is_general_model False --is_data_task_general False --is_cross_task_attention True --dataset_task_mapping Movies:nc --cross_attn_layers 1
3121650 3458196 gouhang   0.0  0.4    19:37:50 python MMGIT/train/train_mem.py --model_name_or_path lmsys/vicuna-7b-v1.5-16k --version v1 --cache_dir ./checkpoint --pretrained_embedding_type clip_mix --tune_mm_mlp_adapter True --mm_use_graph_start_end False --mm_use_graph_patch_token False --bf16 True --fp16 False --output_dir ./checkpoints/Movies/mlaga-vicuna-7b-Movies-clip_mix-2-10-2layer-TIQ_demo-nc-4epoch-bs2-len2048 --num_train_epochs 4 --per_device_train_batch_size 2 --per_device_eval_batch_size 2 --gradient_accumulation_steps 4 --evaluation_strategy no --save_strategy epoch --learning_rate 2e-5 --weight_decay 0. --warmup_ratio 0.03 --lr_scheduler_type cosine --logging_steps 1 --tf32 False --model_max_length 2048 --gradient_checkpointing True --lazy_preprocess True --report_to none --use_hop 2 --sample_neighbor_size 10 --mm_projector_type 2-layer-mlp --use_task nc --use_dataset Movies --template TIQ_demo --is_general_model False --is_data_task_general False --is_cross_task_attention True --dataset_task_mapping Movies:nc --cross_attn_layers 1
3121678 3458196 gouhang   0.0  0.4    19:37:50 python MMGIT/train/train_mem.py --model_name_or_path lmsys/vicuna-7b-v1.5-16k --version v1 --cache_dir ./checkpoint --pretrained_embedding_type clip_mix --tune_mm_mlp_adapter True --mm_use_graph_start_end False --mm_use_graph_patch_token False --bf16 True --fp16 False --output_dir ./checkpoints/Movies/mlaga-vicuna-7b-Movies-clip_mix-2-10-2layer-TIQ_demo-nc-4epoch-bs2-len2048 --num_train_epochs 4 --per_device_train_batch_size 2 --per_device_eval_batch_size 2 --gradient_accumulation_steps 4 --evaluation_strategy no --save_strategy epoch --learning_rate 2e-5 --weight_decay 0. --warmup_ratio 0.03 --lr_scheduler_type cosine --logging_steps 1 --tf32 False --model_max_length 2048 --gradient_checkpointing True --lazy_preprocess True --report_to none --use_hop 2 --sample_neighbor_size 10 --mm_projector_type 2-layer-mlp --use_task nc --use_dataset Movies --template TIQ_demo --is_general_model False --is_data_task_general False --is_cross_task_attention True --dataset_task_mapping Movies:nc --cross_attn_layers 1
3121697 3458196 gouhang   0.0  0.4    19:37:49 python MMGIT/train/train_mem.py --model_name_or_path lmsys/vicuna-7b-v1.5-16k --version v1 --cache_dir ./checkpoint --pretrained_embedding_type clip_mix --tune_mm_mlp_adapter True --mm_use_graph_start_end False --mm_use_graph_patch_token False --bf16 True --fp16 False --output_dir ./checkpoints/Movies/mlaga-vicuna-7b-Movies-clip_mix-2-10-2layer-TIQ_demo-nc-4epoch-bs2-len2048 --num_train_epochs 4 --per_device_train_batch_size 2 --per_device_eval_batch_size 2 --gradient_accumulation_steps 4 --evaluation_strategy no --save_strategy epoch --learning_rate 2e-5 --weight_decay 0. --warmup_ratio 0.03 --lr_scheduler_type cosine --logging_steps 1 --tf32 False --model_max_length 2048 --gradient_checkpointing True --lazy_preprocess True --report_to none --use_hop 2 --sample_neighbor_size 10 --mm_projector_type 2-layer-mlp --use_task nc --use_dataset Movies --template TIQ_demo --is_general_model False --is_data_task_general False --is_cross_task_attention True --dataset_task_mapping Movies:nc --cross_attn_layers 1
3182512 3170962 ldm       0.0  0.0 149-08:51:24 python3
3192521 3192131 wangjie+  0.0  0.0    10:08:50 /home/data4t1/wangjielei/.vscode-server/extensions/ms-python.vscode-python-envs-1.36.0-linux-arm64/python-env-tools/bin/pet server
3194183 3192131 wangjie+  0.0  0.0    10:08:43 /home/data4t1/wangjielei/anaconda3/bin/python /home/data4t1/wangjielei/.vscode-server/extensions/ms-python.autopep8-2026.4.0/bundled/tool/lsp_server.py
3458196 1923574 gouhang  67.9  0.5  7-17:04:23 python MMGIT/train/train_mem.py --model_name_or_path lmsys/vicuna-7b-v1.5-16k --version v1 --cache_dir ./checkpoint --pretrained_embedding_type clip_mix --tune_mm_mlp_adapter True --mm_use_graph_start_end False --mm_use_graph_patch_token False --bf16 True --fp16 False --output_dir ./checkpoints/Movies/mlaga-vicuna-7b-Movies-clip_mix-2-10-2layer-TIQ_demo-nc-4epoch-bs2-len2048 --num_train_epochs 4 --per_device_train_batch_size 2 --per_device_eval_batch_size 2 --gradient_accumulation_steps 4 --evaluation_strategy no --save_strategy epoch --learning_rate 2e-5 --weight_decay 0. --warmup_ratio 0.03 --lr_scheduler_type cosine --logging_steps 1 --tf32 False --model_max_length 2048 --gradient_checkpointing True --lazy_preprocess True --report_to none --use_hop 2 --sample_neighbor_size 10 --mm_projector_type 2-layer-mlp --use_task nc --use_dataset Movies --template TIQ_demo --is_general_model False --is_data_task_general False --is_cross_task_attention True --dataset_task_mapping Movies:nc --cross_attn_layers 1
3461222 3458196 gouhang   0.0  0.1  7-17:04:05 python MMGIT/train/train_mem.py --model_name_or_path lmsys/vicuna-7b-v1.5-16k --version v1 --cache_dir ./checkpoint --pretrained_embedding_type clip_mix --tune_mm_mlp_adapter True --mm_use_graph_start_end False --mm_use_graph_patch_token False --bf16 True --fp16 False --output_dir ./checkpoints/Movies/mlaga-vicuna-7b-Movies-clip_mix-2-10-2layer-TIQ_demo-nc-4epoch-bs2-len2048 --num_train_epochs 4 --per_device_train_batch_size 2 --per_device_eval_batch_size 2 --gradient_accumulation_steps 4 --evaluation_strategy no --save_strategy epoch --learning_rate 2e-5 --weight_decay 0. --warmup_ratio 0.03 --lr_scheduler_type cosine --logging_steps 1 --tf32 False --model_max_length 2048 --gradient_checkpointing True --lazy_preprocess True --report_to none --use_hop 2 --sample_neighbor_size 10 --mm_projector_type 2-layer-mlp --use_task nc --use_dataset Movies --template TIQ_demo --is_general_model False --is_data_task_general False --is_cross_task_attention True --dataset_task_mapping Movies:nc --cross_attn_layers 1
3461283 3458196 gouhang   0.0  0.0  7-17:04:05 /home/data4t1/gouhang/anaconda3/envs/mlaga/bin/python -c from multiprocessing.resource_tracker import main;main(27)
3461284 3458196 gouhang   0.0  0.0  7-17:04:05 /home/data4t1/gouhang/anaconda3/envs/mlaga/bin/python -c from multiprocessing.forkserver import main; main(27, 30, [], **{})
3461296 3461284 gouhang   0.0  0.0  7-17:04:05 /home/data4t1/gouhang/anaconda3/envs/mlaga/bin/python -c from multiprocessing.forkserver import main; main(27, 30, [], **{})
3461297 3461284 gouhang   0.0  0.0  7-17:04:05 /home/data4t1/gouhang/anaconda3/envs/mlaga/bin/python -c from multiprocessing.forkserver import main; main(27, 30, [], **{})
3461298 3461284 gouhang   0.0  0.0  7-17:04:05 /home/data4t1/gouhang/anaconda3/envs/mlaga/bin/python -c from multiprocessing.forkserver import main; main(27, 30, [], **{})
3461299 3461284 gouhang   0.0  0.0  7-17:04:05 /home/data4t1/gouhang/anaconda3/envs/mlaga/bin/python -c from multiprocessing.forkserver import main; main(27, 30, [], **{})
3461300 3461284 gouhang   0.0  0.0  7-17:04:05 /home/data4t1/gouhang/anaconda3/envs/mlaga/bin/python -c from multiprocessing.forkserver import main; main(27, 30, [], **{})
3461302 3461284 gouhang   0.0  0.0  7-17:04:05 /home/data4t1/gouhang/anaconda3/envs/mlaga/bin/python -c from multiprocessing.forkserver import main; main(27, 30, [], **{})
3461304 3461284 gouhang   0.0  0.0  7-17:04:05 /home/data4t1/gouhang/anaconda3/envs/mlaga/bin/python -c from multiprocessing.forkserver import main; main(27, 30, [], **{})
3461306 3461284 gouhang   0.0  0.0  7-17:04:05 /home/data4t1/gouhang/anaconda3/envs/mlaga/bin/python -c from multiprocessing.forkserver import main; main(27, 30, [], **{})
3461309 3461284 gouhang   0.0  0.0  7-17:04:05 /home/data4t1/gouhang/anaconda3/envs/mlaga/bin/python -c from multiprocessing.forkserver import main; main(27, 30, [], **{})
3461508 3461284 gouhang   0.0  0.0  7-17:04:04 /home/data4t1/gouhang/anaconda3/envs/mlaga/bin/python -c from multiprocessing.forkserver import main; main(27, 30, [], **{})
3461509 3461284 gouhang   0.0  0.0  7-17:04:04 /home/data4t1/gouhang/anaconda3/envs/mlaga/bin/python -c from multiprocessing.forkserver import main; main(27, 30, [], **{})
3461510 3461284 gouhang   0.0  0.0  7-17:04:04 /home/data4t1/gouhang/anaconda3/envs/mlaga/bin/python -c from multiprocessing.forkserver import main; main(27, 30, [], **{})
3461511 3461284 gouhang   0.0  0.0  7-17:04:04 /home/data4t1/gouhang/anaconda3/envs/mlaga/bin/python -c from multiprocessing.forkserver import main; main(27, 30, [], **{})
3461512 3461284 gouhang   0.0  0.0  7-17:04:04 /home/data4t1/gouhang/anaconda3/envs/mlaga/bin/python -c from multiprocessing.forkserver import main; main(27, 30, [], **{})
3461513 3461284 gouhang   0.0  0.0  7-17:04:04 /home/data4t1/gouhang/anaconda3/envs/mlaga/bin/python -c from multiprocessing.forkserver import main; main(27, 30, [], **{})
3461514 3461284 gouhang   0.0  0.0  7-17:04:04 /home/data4t1/gouhang/anaconda3/envs/mlaga/bin/python -c from multiprocessing.forkserver import main; main(27, 30, [], **{})
3461515 3461284 gouhang   0.0  0.0  7-17:04:04 /home/data4t1/gouhang/anaconda3/envs/mlaga/bin/python -c from multiprocessing.forkserver import main; main(27, 30, [], **{})
3461516 3461284 gouhang   0.0  0.0  7-17:04:04 /home/data4t1/gouhang/anaconda3/envs/mlaga/bin/python -c from multiprocessing.forkserver import main; main(27, 30, [], **{})
3461517 3461284 gouhang   0.0  0.0  7-17:04:04 /home/data4t1/gouhang/anaconda3/envs/mlaga/bin/python -c from multiprocessing.forkserver import main; main(27, 30, [], **{})
3461518 3461284 gouhang   0.0  0.0  7-17:04:04 /home/data4t1/gouhang/anaconda3/envs/mlaga/bin/python -c from multiprocessing.forkserver import main; main(27, 30, [], **{})
3461519 3461284 gouhang   0.0  0.0  7-17:04:04 /home/data4t1/gouhang/anaconda3/envs/mlaga/bin/python -c from multiprocessing.forkserver import main; main(27, 30, [], **{})
3461520 3461284 gouhang   0.0  0.0  7-17:04:04 /home/data4t1/gouhang/anaconda3/envs/mlaga/bin/python -c from multiprocessing.forkserver import main; main(27, 30, [], **{})
3461521 3461284 gouhang   0.0  0.0  7-17:04:04 /home/data4t1/gouhang/anaconda3/envs/mlaga/bin/python -c from multiprocessing.forkserver import main; main(27, 30, [], **{})
3461522 3461284 gouhang   0.0  0.0  7-17:04:04 /home/data4t1/gouhang/anaconda3/envs/mlaga/bin/python -c from multiprocessing.forkserver import main; main(27, 30, [], **{})
3461523 3461284 gouhang   0.0  0.0  7-17:04:04 /home/data4t1/gouhang/anaconda3/envs/mlaga/bin/python -c from multiprocessing.forkserver import main; main(27, 30, [], **{})
3461524 3461284 gouhang   0.0  0.0  7-17:04:04 /home/data4t1/gouhang/anaconda3/envs/mlaga/bin/python -c from multiprocessing.forkserver import main; main(27, 30, [], **{})
3461525 3461284 gouhang   0.0  0.0  7-17:04:04 /home/data4t1/gouhang/anaconda3/envs/mlaga/bin/python -c from multiprocessing.forkserver import main; main(27, 30, [], **{})
3461526 3461284 gouhang   0.0  0.0  7-17:04:04 /home/data4t1/gouhang/anaconda3/envs/mlaga/bin/python -c from multiprocessing.forkserver import main; main(27, 30, [], **{})
3461527 3461284 gouhang   0.0  0.0  7-17:04:04 /home/data4t1/gouhang/anaconda3/envs/mlaga/bin/python -c from multiprocessing.forkserver import main; main(27, 30, [], **{})
3461528 3461284 gouhang   0.0  0.0  7-17:04:04 /home/data4t1/gouhang/anaconda3/envs/mlaga/bin/python -c from multiprocessing.forkserver import main; main(27, 30, [], **{})
3461529 3461284 gouhang   0.0  0.0  7-17:04:04 /home/data4t1/gouhang/anaconda3/envs/mlaga/bin/python -c from multiprocessing.forkserver import main; main(27, 30, [], **{})
3461530 3461284 gouhang   0.0  0.0  7-17:04:03 /home/data4t1/gouhang/anaconda3/envs/mlaga/bin/python -c from multiprocessing.forkserver import main; main(27, 30, [], **{})
3461531 3461284 gouhang   0.0  0.0  7-17:04:03 /home/data4t1/gouhang/anaconda3/envs/mlaga/bin/python -c from multiprocessing.forkserver import main; main(27, 30, [], **{})
3461532 3461284 gouhang   0.0  0.0  7-17:04:03 /home/data4t1/gouhang/anaconda3/envs/mlaga/bin/python -c from multiprocessing.forkserver import main; main(27, 30, [], **{})
3461533 3461284 gouhang   0.0  0.0  7-17:04:03 /home/data4t1/gouhang/anaconda3/envs/mlaga/bin/python -c from multiprocessing.forkserver import main; main(27, 30, [], **{})
3461534 3461284 gouhang   0.0  0.0  7-17:04:03 /home/data4t1/gouhang/anaconda3/envs/mlaga/bin/python -c from multiprocessing.forkserver import main; main(27, 30, [], **{})
3461535 3461284 gouhang   0.0  0.0  7-17:04:03 /home/data4t1/gouhang/anaconda3/envs/mlaga/bin/python -c from multiprocessing.forkserver import main; main(27, 30, [], **{})
3461536 3461284 gouhang   0.0  0.0  7-17:04:03 /home/data4t1/gouhang/anaconda3/envs/mlaga/bin/python -c from multiprocessing.forkserver import main; main(27, 30, [], **{})
3461537 3461284 gouhang   0.0  0.0  7-17:04:03 /home/data4t1/gouhang/anaconda3/envs/mlaga/bin/python -c from multiprocessing.forkserver import main; main(27, 30, [], **{})
3461538 3461284 gouhang   0.0  0.0  7-17:04:03 /home/data4t1/gouhang/anaconda3/envs/mlaga/bin/python -c from multiprocessing.forkserver import main; main(27, 30, [], **{})
3461539 3461284 gouhang   0.0  0.0  7-17:04:03 /home/data4t1/gouhang/anaconda3/envs/mlaga/bin/python -c from multiprocessing.forkserver import main; main(27, 30, [], **{})
3800830 3740120 hxw       3.3  0.0    17:55:01 /home/data4t1/hxw/anaconda3/bin/python3.10 /home/data4t1/hxw/anaconda3/bin/nputop
3920485 3583169 hxw       0.0  0.0 27-15:38:05 /home/data4t2/hxwDir/hxw_moved/conda_envs/opd/bin/python -m tools.visual_opd.rollout_browser.server
+ snapshot before_CURRENT_D32768
===== load snapshot: before_CURRENT_D32768 =====
2026-09-23T20:22:34+0000
+ tag=before_CURRENT_D32768
+ echo '===== load snapshot: before_CURRENT_D32768 ====='
+ date +%Y-%m-%dT%H:%M:%S%z
+ for device in 0 1 2 3 4 5 6 7
+ echo '+ npu-smi info -t usages -i 0'
+ npu-smi info -t usages -i 0
+ npu-smi info -t usages -i 0
	NPU ID                         : 0
	Chip Count                     : 1

	DDR Capacity(MB)               : 0
	DDR Usage Rate(%)              : 0
	DDR Hugepages Total(page)      : 0
	DDR Hugepages Usage Rate(%)    : 0
	HBM Capacity(MB)               : 65536
	HBM Usage Rate(%)              : 91
	Aicore Usage Rate(%)           : 32
	Aivector Usage Rate(%)         : 24
	Aicpu Usage Rate(%)            : 0
	Ctrlcpu Usage Rate(%)          : 6
	DDR Bandwidth Usage Rate(%)    : 0
	HBM Bandwidth Usage Rate(%)    : 29
	Chip ID                        : 0

+ for device in 0 1 2 3 4 5 6 7
+ npu-smi info -t usages -i 1
+ echo '+ npu-smi info -t usages -i 1'
+ npu-smi info -t usages -i 1
	NPU ID                         : 1
	Chip Count                     : 1

	DDR Capacity(MB)               : 0
	DDR Usage Rate(%)              : 0
	DDR Hugepages Total(page)      : 0
	DDR Hugepages Usage Rate(%)    : 0
	HBM Capacity(MB)               : 65536
	HBM Usage Rate(%)              : 91
	Aicore Usage Rate(%)           : 32
	Aivector Usage Rate(%)         : 24
	Aicpu Usage Rate(%)            : 0
	Ctrlcpu Usage Rate(%)          : 6
	DDR Bandwidth Usage Rate(%)    : 0
	HBM Bandwidth Usage Rate(%)    : 29
	Chip ID                        : 0

+ for device in 0 1 2 3 4 5 6 7
+ npu-smi info -t usages -i 2
+ echo '+ npu-smi info -t usages -i 2'
+ npu-smi info -t usages -i 2
	NPU ID                         : 2
	Chip Count                     : 1

	DDR Capacity(MB)               : 0
	DDR Usage Rate(%)              : 0
	DDR Hugepages Total(page)      : 0
	DDR Hugepages Usage Rate(%)    : 0
	HBM Capacity(MB)               : 65536
	HBM Usage Rate(%)              : 91
	Aicore Usage Rate(%)           : 32
	Aivector Usage Rate(%)         : 24
	Aicpu Usage Rate(%)            : 0
	Ctrlcpu Usage Rate(%)          : 2
	DDR Bandwidth Usage Rate(%)    : 0
	HBM Bandwidth Usage Rate(%)    : 29
	Chip ID                        : 0

+ for device in 0 1 2 3 4 5 6 7
+ npu-smi info -t usages -i 3
+ echo '+ npu-smi info -t usages -i 3'
+ npu-smi info -t usages -i 3
	NPU ID                         : 3
	Chip Count                     : 1

	DDR Capacity(MB)               : 0
	DDR Usage Rate(%)              : 0
	DDR Hugepages Total(page)      : 0
	DDR Hugepages Usage Rate(%)    : 0
	HBM Capacity(MB)               : 65536
	HBM Usage Rate(%)              : 91
	Aicore Usage Rate(%)           : 33
	Aivector Usage Rate(%)         : 24
	Aicpu Usage Rate(%)            : 0
	Ctrlcpu Usage Rate(%)          : 6
	DDR Bandwidth Usage Rate(%)    : 0
	HBM Bandwidth Usage Rate(%)    : 29
	Chip ID                        : 0

+ npu-smi info -t usages -i 4
+ for device in 0 1 2 3 4 5 6 7
+ echo '+ npu-smi info -t usages -i 4'
+ npu-smi info -t usages -i 4
	NPU ID                         : 4
	Chip Count                     : 1

	DDR Capacity(MB)               : 0
	DDR Usage Rate(%)              : 0
	DDR Hugepages Total(page)      : 0
	DDR Hugepages Usage Rate(%)    : 0
	HBM Capacity(MB)               : 65536
	HBM Usage Rate(%)              : 90
	Aicore Usage Rate(%)           : 0
	Aivector Usage Rate(%)         : 5
	Aicpu Usage Rate(%)            : 0
	Ctrlcpu Usage Rate(%)          : 5
	DDR Bandwidth Usage Rate(%)    : 0
	HBM Bandwidth Usage Rate(%)    : 0
	Chip ID                        : 0

+ for device in 0 1 2 3 4 5 6 7
+ echo '+ npu-smi info -t usages -i 5'
+ npu-smi info -t usages -i 5
+ npu-smi info -t usages -i 5
	NPU ID                         : 5
	Chip Count                     : 1

	DDR Capacity(MB)               : 0
	DDR Usage Rate(%)              : 0
	DDR Hugepages Total(page)      : 0
	DDR Hugepages Usage Rate(%)    : 0
	HBM Capacity(MB)               : 65536
	HBM Usage Rate(%)              : 91
	Aicore Usage Rate(%)           : 0
	Aivector Usage Rate(%)         : 0
	Aicpu Usage Rate(%)            : 0
	Ctrlcpu Usage Rate(%)          : 4
	DDR Bandwidth Usage Rate(%)    : 0
	HBM Bandwidth Usage Rate(%)    : 0
	Chip ID                        : 0

+ npu-smi info -t usages -i 6
+ for device in 0 1 2 3 4 5 6 7
+ echo '+ npu-smi info -t usages -i 6'
+ npu-smi info -t usages -i 6
	NPU ID                         : 6
	Chip Count                     : 1

	DDR Capacity(MB)               : 0
	DDR Usage Rate(%)              : 0
	DDR Hugepages Total(page)      : 0
	DDR Hugepages Usage Rate(%)    : 0
	HBM Capacity(MB)               : 65536
	HBM Usage Rate(%)              : 91
	Aicore Usage Rate(%)           : 0
	Aivector Usage Rate(%)         : 0
	Aicpu Usage Rate(%)            : 0
	Ctrlcpu Usage Rate(%)          : 19
	DDR Bandwidth Usage Rate(%)    : 0
	HBM Bandwidth Usage Rate(%)    : 0
	Chip ID                        : 0

+ for device in 0 1 2 3 4 5 6 7
+ npu-smi info -t usages -i 7
+ echo '+ npu-smi info -t usages -i 7'
+ npu-smi info -t usages -i 7
	NPU ID                         : 7
	Chip Count                     : 1

	DDR Capacity(MB)               : 0
	DDR Usage Rate(%)              : 0
	DDR Hugepages Total(page)      : 0
	DDR Hugepages Usage Rate(%)    : 0
	HBM Capacity(MB)               : 65536
	HBM Usage Rate(%)              : 99
	Aicore Usage Rate(%)           : 0
	Aivector Usage Rate(%)         : 0
	Aicpu Usage Rate(%)            : 0
	Ctrlcpu Usage Rate(%)          : 26
	DDR Bandwidth Usage Rate(%)    : 0
	HBM Bandwidth Usage Rate(%)    : 6
	Chip ID                        : 0

+ echo '+ ps -eo pid,ppid,user,pcpu,pmem,etime,args | grep -Ei "vllm|python" | grep -v grep'
+ ps -eo pid,ppid,user,pcpu,pmem,etime,args | grep -Ei "vllm|python" | grep -v grep
+ ps -eo pid,ppid,user,pcpu,pmem,etime,args
+ grep -Ei 'vllm|python'
+ grep -v grep
   5048       1 root      0.0  0.0 228-07:56:20 /usr/bin/python3 /usr/bin/networkd-dispatcher --run-startup-triggers
   5328       1 root      0.0  0.0 228-07:56:20 /usr/bin/python3 /usr/share/unattended-upgrades/unattended-upgrade-shutdown --wait-for-signal
  82397   82370 root     30.0  0.4  1-13:54:37 /usr/local/python3.12.13/bin/python3 /usr/local/python3.12.13/bin/vllm serve /models/Qwen3.8-27B-w8a8 --host 0.0.0.0 --port 9001 --tensor-parallel-size 4 --quantization ascend --served-model-name qwen3.8 --max-model-len 256000 --max-num-seqs 8 --max-num-batched-tokens 8192 --gpu-memory-utilization 0.90 --enable-prefix-caching --trust-remote-code --reasoning-parser qwen3 --enable-auto-tool-choice --tool-call-parser qwen3_coder
  83352   83328 root      0.4  0.4  1-13:54:27 /usr/local/python3.12.13/bin/python3 /usr/local/python3.12.13/bin/vllm serve /models/Qwen3.8-27B-w8a8 --host 0.0.0.0 --port 9002 --tensor-parallel-size 2 --quantization ascend --served-model-name qwen3.8 --max-model-len 256000 --max-num-seqs 8 --max-num-batched-tokens 8192 --gpu-memory-utilization 0.90 --enable-prefix-caching --trust-remote-code --reasoning-parser qwen3 --enable-auto-tool-choice --tool-call-parser qwen3_coder
  87335   82397 root      0.0  0.0  1-13:53:47 /usr/local/python3.12.13/bin/python3 -c from multiprocessing.resource_tracker import main;main(35)
  87336   82397 root     97.1  0.1  1-13:53:47 VLLM::EngineCore
  87669   83352 root      0.0  0.0  1-13:53:43 /usr/local/python3.12.13/bin/python3 -c from multiprocessing.resource_tracker import main;main(35)
  87670   83352 root      3.8  0.1  1-13:53:43 VLLM::EngineCore
  89395   87336 root      211  0.4  1-13:53:24 VLLM::Worker_TP0
  89602   87670 root     15.7  0.4  1-13:53:21 VLLM::Worker_TP0
  91055   87336 root      106  0.4  1-13:53:05 VLLM::Worker_TP1
  91228   87670 root     11.3  0.4  1-13:53:03 VLLM::Worker_TP1
  92813   87336 root      111  0.4  1-13:52:46 VLLM::Worker_TP2
  94498   87336 root      106  0.4  1-13:52:27 VLLM::Worker_TP3
  95970   89602 root      0.0  0.0  1-13:52:11 /usr/local/python3.12.13/bin/python3 -c from multiprocessing.spawn import spawn_main; spawn_main(tracker_fd=36, pipe_handle=88) --multiprocessing-fork
  96143   91228 root      0.0  0.0  1-13:52:09 /usr/local/python3.12.13/bin/python3 -c from multiprocessing.spawn import spawn_main; spawn_main(tracker_fd=36, pipe_handle=77) --multiprocessing-fork
  96830   89602 root      0.0  0.0  1-13:52:02 /usr/local/python3.12.13/bin/python3 -c from multiprocessing.forkserver import main; main(85, 87, [], **{})
  96848   96830 root      0.0  0.0  1-13:52:02 /usr/local/python3.12.13/bin/python3 -c from multiprocessing.forkserver import main; main(85, 87, [], **{})
  96849   96830 root      0.0  0.0  1-13:52:02 /usr/local/python3.12.13/bin/python3 -c from multiprocessing.forkserver import main; main(85, 87, [], **{})
  96850   96830 root      0.0  0.0  1-13:52:02 /usr/local/python3.12.13/bin/python3 -c from multiprocessing.forkserver import main; main(85, 87, [], **{})
  96851   96830 root      0.0  0.0  1-13:52:02 /usr/local/python3.12.13/bin/python3 -c from multiprocessing.forkserver import main; main(85, 87, [], **{})
  96853   96830 root      0.0  0.0  1-13:52:02 /usr/local/python3.12.13/bin/python3 -c from multiprocessing.forkserver import main; main(85, 87, [], **{})
  96854   96830 root      0.0  0.0  1-13:52:02 /usr/local/python3.12.13/bin/python3 -c from multiprocessing.forkserver import main; main(85, 87, [], **{})
  96855   96830 root      0.0  0.0  1-13:52:02 /usr/local/python3.12.13/bin/python3 -c from multiprocessing.forkserver import main; main(85, 87, [], **{})
  96856   96830 root      0.0  0.0  1-13:52:02 /usr/local/python3.12.13/bin/python3 -c from multiprocessing.forkserver import main; main(85, 87, [], **{})
  96857   96830 root      0.0  0.0  1-13:52:02 /usr/local/python3.12.13/bin/python3 -c from multiprocessing.forkserver import main; main(85, 87, [], **{})
  96891   96830 root      0.0  0.0  1-13:52:02 /usr/local/python3.12.13/bin/python3 -c from multiprocessing.forkserver import main; main(85, 87, [], **{})
  96892   96830 root      0.0  0.0  1-13:52:02 /usr/local/python3.12.13/bin/python3 -c from multiprocessing.forkserver import main; main(85, 87, [], **{})
  96893   96830 root      0.0  0.0  1-13:52:02 /usr/local/python3.12.13/bin/python3 -c from multiprocessing.forkserver import main; main(85, 87, [], **{})
  96894   96830 root      0.0  0.0  1-13:52:02 /usr/local/python3.12.13/bin/python3 -c from multiprocessing.forkserver import main; main(85, 87, [], **{})
  96895   96830 root      0.0  0.0  1-13:52:02 /usr/local/python3.12.13/bin/python3 -c from multiprocessing.forkserver import main; main(85, 87, [], **{})
  96896   96830 root      0.0  0.0  1-13:52:02 /usr/local/python3.12.13/bin/python3 -c from multiprocessing.forkserver import main; main(85, 87, [], **{})
  96897   96830 root      0.0  0.0  1-13:52:02 /usr/local/python3.12.13/bin/python3 -c from multiprocessing.forkserver import main; main(85, 87, [], **{})
  96898   96830 root      0.0  0.0  1-13:52:02 /usr/local/python3.12.13/bin/python3 -c from multiprocessing.forkserver import main; main(85, 87, [], **{})
  97110   91228 root      0.0  0.0  1-13:52:00 /usr/local/python3.12.13/bin/python3 -c from multiprocessing.forkserver import main; main(74, 76, [], **{})
  97116   97110 root      0.0  0.0  1-13:52:00 /usr/local/python3.12.13/bin/python3 -c from multiprocessing.forkserver import main; main(74, 76, [], **{})
  97118   97110 root      0.0  0.0  1-13:52:00 /usr/local/python3.12.13/bin/python3 -c from multiprocessing.forkserver import main; main(74, 76, [], **{})
  97120   97110 root      0.0  0.0  1-13:52:00 /usr/local/python3.12.13/bin/python3 -c from multiprocessing.forkserver import main; main(74, 76, [], **{})
  97121   97110 root      0.0  0.0  1-13:52:00 /usr/local/python3.12.13/bin/python3 -c from multiprocessing.forkserver import main; main(74, 76, [], **{})
  97122   97110 root      0.0  0.0  1-13:52:00 /usr/local/python3.12.13/bin/python3 -c from multiprocessing.forkserver import main; main(74, 76, [], **{})
  97123   97110 root      0.0  0.0  1-13:52:00 /usr/local/python3.12.13/bin/python3 -c from multiprocessing.forkserver import main; main(74, 76, [], **{})
  97124   97110 root      0.0  0.0  1-13:52:00 /usr/local/python3.12.13/bin/python3 -c from multiprocessing.forkserver import main; main(74, 76, [], **{})
  97125   97110 root      0.0  0.0  1-13:52:00 /usr/local/python3.12.13/bin/python3 -c from multiprocessing.forkserver import main; main(74, 76, [], **{})
  97126   97110 root      0.0  0.0  1-13:52:00 /usr/local/python3.12.13/bin/python3 -c from multiprocessing.forkserver import main; main(74, 76, [], **{})
  97157   97110 root      0.0  0.0  1-13:52:00 /usr/local/python3.12.13/bin/python3 -c from multiprocessing.forkserver import main; main(74, 76, [], **{})
  97158   97110 root      0.0  0.0  1-13:52:00 /usr/local/python3.12.13/bin/python3 -c from multiprocessing.forkserver import main; main(74, 76, [], **{})
  97159   97110 root      0.0  0.0  1-13:52:00 /usr/local/python3.12.13/bin/python3 -c from multiprocessing.forkserver import main; main(74, 76, [], **{})
  97160   97110 root      0.0  0.0  1-13:52:00 /usr/local/python3.12.13/bin/python3 -c from multiprocessing.forkserver import main; main(74, 76, [], **{})
  97161   97110 root      0.0  0.0  1-13:52:00 /usr/local/python3.12.13/bin/python3 -c from multiprocessing.forkserver import main; main(74, 76, [], **{})
  97163   97110 root      0.0  0.0  1-13:52:00 /usr/local/python3.12.13/bin/python3 -c from multiprocessing.forkserver import main; main(74, 76, [], **{})
  97166   97110 root      0.0  0.0  1-13:52:00 /usr/local/python3.12.13/bin/python3 -c from multiprocessing.forkserver import main; main(74, 76, [], **{})
  97169   97110 root      0.0  0.0  1-13:52:00 /usr/local/python3.12.13/bin/python3 -c from multiprocessing.forkserver import main; main(74, 76, [], **{})
 100247   94498 root      0.0  0.0  1-13:51:34 /usr/local/python3.12.13/bin/python3 -c from multiprocessing.spawn import spawn_main; spawn_main(tracker_fd=36, pipe_handle=85) --multiprocessing-fork
 100272   89395 root      0.0  0.0  1-13:51:34 /usr/local/python3.12.13/bin/python3 -c from multiprocessing.spawn import spawn_main; spawn_main(tracker_fd=36, pipe_handle=102) --multiprocessing-fork
 100372   91055 root      0.0  0.0  1-13:51:33 /usr/local/python3.12.13/bin/python3 -c from multiprocessing.spawn import spawn_main; spawn_main(tracker_fd=36, pipe_handle=85) --multiprocessing-fork
 100434   92813 root      0.0  0.0  1-13:51:32 /usr/local/python3.12.13/bin/python3 -c from multiprocessing.spawn import spawn_main; spawn_main(tracker_fd=36, pipe_handle=85) --multiprocessing-fork
 101149   94498 root      0.0  0.0  1-13:51:25 /usr/local/python3.12.13/bin/python3 -c from multiprocessing.forkserver import main; main(82, 84, [], **{})
 101156  101149 root      0.0  0.0  1-13:51:25 /usr/local/python3.12.13/bin/python3 -c from multiprocessing.forkserver import main; main(82, 84, [], **{})
 101157  101149 root      0.0  0.0  1-13:51:25 /usr/local/python3.12.13/bin/python3 -c from multiprocessing.forkserver import main; main(82, 84, [], **{})
 101158  101149 root      0.0  0.0  1-13:51:25 /usr/local/python3.12.13/bin/python3 -c from multiprocessing.forkserver import main; main(82, 84, [], **{})
 101160  101149 root      0.0  0.0  1-13:51:25 /usr/local/python3.12.13/bin/python3 -c from multiprocessing.forkserver import main; main(82, 84, [], **{})
 101161  101149 root      0.0  0.0  1-13:51:25 /usr/local/python3.12.13/bin/python3 -c from multiprocessing.forkserver import main; main(82, 84, [], **{})
 101162  101149 root      0.0  0.0  1-13:51:25 /usr/local/python3.12.13/bin/python3 -c from multiprocessing.forkserver import main; main(82, 84, [], **{})
 101163  101149 root      0.0  0.0  1-13:51:25 /usr/local/python3.12.13/bin/python3 -c from multiprocessing.forkserver import main; main(82, 84, [], **{})
 101164  101149 root      0.0  0.0  1-13:51:25 /usr/local/python3.12.13/bin/python3 -c from multiprocessing.forkserver import main; main(82, 84, [], **{})
 101165  101149 root      0.0  0.0  1-13:51:25 /usr/local/python3.12.13/bin/python3 -c from multiprocessing.forkserver import main; main(82, 84, [], **{})
 101220   89395 root      0.0  0.0  1-13:51:25 /usr/local/python3.12.13/bin/python3 -c from multiprocessing.forkserver import main; main(99, 101, [], **{})
 101222  101220 root      0.0  0.0  1-13:51:25 /usr/local/python3.12.13/bin/python3 -c from multiprocessing.forkserver import main; main(99, 101, [], **{})
 101223  101220 root      0.0  0.0  1-13:51:25 /usr/local/python3.12.13/bin/python3 -c from multiprocessing.forkserver import main; main(99, 101, [], **{})
 101224  101220 root      0.0  0.0  1-13:51:25 /usr/local/python3.12.13/bin/python3 -c from multiprocessing.forkserver import main; main(99, 101, [], **{})
 101225  101220 root      0.0  0.0  1-13:51:25 /usr/local/python3.12.13/bin/python3 -c from multiprocessing.forkserver import main; main(99, 101, [], **{})
 101226  101220 root      0.0  0.0  1-13:51:25 /usr/local/python3.12.13/bin/python3 -c from multiprocessing.forkserver import main; main(99, 101, [], **{})
 101227  101220 root      0.0  0.0  1-13:51:25 /usr/local/python3.12.13/bin/python3 -c from multiprocessing.forkserver import main; main(99, 101, [], **{})
 101228  101220 root      0.0  0.0  1-13:51:25 /usr/local/python3.12.13/bin/python3 -c from multiprocessing.forkserver import main; main(99, 101, [], **{})
 101229  101220 root      0.0  0.0  1-13:51:25 /usr/local/python3.12.13/bin/python3 -c from multiprocessing.forkserver import main; main(99, 101, [], **{})
 101230  101220 root      0.0  0.0  1-13:51:25 /usr/local/python3.12.13/bin/python3 -c from multiprocessing.forkserver import main; main(99, 101, [], **{})
 101259  101149 root      0.0  0.0  1-13:51:25 /usr/local/python3.12.13/bin/python3 -c from multiprocessing.forkserver import main; main(82, 84, [], **{})
 101260  101149 root      0.0  0.0  1-13:51:25 /usr/local/python3.12.13/bin/python3 -c from multiprocessing.forkserver import main; main(82, 84, [], **{})
 101261  101149 root      0.0  0.0  1-13:51:25 /usr/local/python3.12.13/bin/python3 -c from multiprocessing.forkserver import main; main(82, 84, [], **{})
 101262  101149 root      0.0  0.0  1-13:51:25 /usr/local/python3.12.13/bin/python3 -c from multiprocessing.forkserver import main; main(82, 84, [], **{})
 101263  101149 root      0.0  0.0  1-13:51:25 /usr/local/python3.12.13/bin/python3 -c from multiprocessing.forkserver import main; main(82, 84, [], **{})
 101264  101149 root      0.0  0.0  1-13:51:25 /usr/local/python3.12.13/bin/python3 -c from multiprocessing.forkserver import main; main(82, 84, [], **{})
 101265  101149 root      0.0  0.0  1-13:51:25 /usr/local/python3.12.13/bin/python3 -c from multiprocessing.forkserver import main; main(82, 84, [], **{})
 101266  101149 root      0.0  0.0  1-13:51:25 /usr/local/python3.12.13/bin/python3 -c from multiprocessing.forkserver import main; main(82, 84, [], **{})
 101267  101220 root      0.0  0.0  1-13:51:25 /usr/local/python3.12.13/bin/python3 -c from multiprocessing.forkserver import main; main(99, 101, [], **{})
 101268  101220 root      0.0  0.0  1-13:51:25 /usr/local/python3.12.13/bin/python3 -c from multiprocessing.forkserver import main; main(99, 101, [], **{})
 101269  101220 root      0.0  0.0  1-13:51:25 /usr/local/python3.12.13/bin/python3 -c from multiprocessing.forkserver import main; main(99, 101, [], **{})
 101270  101220 root      0.0  0.0  1-13:51:25 /usr/local/python3.12.13/bin/python3 -c from multiprocessing.forkserver import main; main(99, 101, [], **{})
 101271  101220 root      0.0  0.0  1-13:51:25 /usr/local/python3.12.13/bin/python3 -c from multiprocessing.forkserver import main; main(99, 101, [], **{})
 101272  101220 root      0.0  0.0  1-13:51:25 /usr/local/python3.12.13/bin/python3 -c from multiprocessing.forkserver import main; main(99, 101, [], **{})
 101273  101220 root      0.0  0.0  1-13:51:25 /usr/local/python3.12.13/bin/python3 -c from multiprocessing.forkserver import main; main(99, 101, [], **{})
 101274  101220 root      0.0  0.0  1-13:51:25 /usr/local/python3.12.13/bin/python3 -c from multiprocessing.forkserver import main; main(99, 101, [], **{})
 101463   91055 root      0.0  0.0  1-13:51:24 /usr/local/python3.12.13/bin/python3 -c from multiprocessing.forkserver import main; main(82, 84, [], **{})
 101467  101463 root      0.0  0.0  1-13:51:23 /usr/local/python3.12.13/bin/python3 -c from multiprocessing.forkserver import main; main(82, 84, [], **{})
 101468  101463 root      0.0  0.0  1-13:51:23 /usr/local/python3.12.13/bin/python3 -c from multiprocessing.forkserver import main; main(82, 84, [], **{})
 101469  101463 root      0.0  0.0  1-13:51:23 /usr/local/python3.12.13/bin/python3 -c from multiprocessing.forkserver import main; main(82, 84, [], **{})
 101470  101463 root      0.0  0.0  1-13:51:23 /usr/local/python3.12.13/bin/python3 -c from multiprocessing.forkserver import main; main(82, 84, [], **{})
 101471  101463 root      0.0  0.0  1-13:51:23 /usr/local/python3.12.13/bin/python3 -c from multiprocessing.forkserver import main; main(82, 84, [], **{})
 101472  101463 root      0.0  0.0  1-13:51:23 /usr/local/python3.12.13/bin/python3 -c from multiprocessing.forkserver import main; main(82, 84, [], **{})
 101473  101463 root      0.0  0.0  1-13:51:23 /usr/local/python3.12.13/bin/python3 -c from multiprocessing.forkserver import main; main(82, 84, [], **{})
 101474  101463 root      0.0  0.0  1-13:51:23 /usr/local/python3.12.13/bin/python3 -c from multiprocessing.forkserver import main; main(82, 84, [], **{})
 101475  101463 root      0.0  0.0  1-13:51:23 /usr/local/python3.12.13/bin/python3 -c from multiprocessing.forkserver import main; main(82, 84, [], **{})
 101518  101463 root      0.0  0.0  1-13:51:23 /usr/local/python3.12.13/bin/python3 -c from multiprocessing.forkserver import main; main(82, 84, [], **{})
 101519  101463 root      0.0  0.0  1-13:51:23 /usr/local/python3.12.13/bin/python3 -c from multiprocessing.forkserver import main; main(82, 84, [], **{})
 101520  101463 root      0.0  0.0  1-13:51:23 /usr/local/python3.12.13/bin/python3 -c from multiprocessing.forkserver import main; main(82, 84, [], **{})
 101521  101463 root      0.0  0.0  1-13:51:23 /usr/local/python3.12.13/bin/python3 -c from multiprocessing.forkserver import main; main(82, 84, [], **{})
 101522  101463 root      0.0  0.0  1-13:51:23 /usr/local/python3.12.13/bin/python3 -c from multiprocessing.forkserver import main; main(82, 84, [], **{})
 101523  101463 root      0.0  0.0  1-13:51:23 /usr/local/python3.12.13/bin/python3 -c from multiprocessing.forkserver import main; main(82, 84, [], **{})
 101524  101463 root      0.0  0.0  1-13:51:23 /usr/local/python3.12.13/bin/python3 -c from multiprocessing.forkserver import main; main(82, 84, [], **{})
 101525  101463 root      0.0  0.0  1-13:51:23 /usr/local/python3.12.13/bin/python3 -c from multiprocessing.forkserver import main; main(82, 84, [], **{})
 102072   92813 root      0.0  0.0  1-13:51:21 /usr/local/python3.12.13/bin/python3 -c from multiprocessing.forkserver import main; main(82, 84, [], **{})
 102203  102072 root      0.0  0.0  1-13:51:21 /usr/local/python3.12.13/bin/python3 -c from multiprocessing.forkserver import main; main(82, 84, [], **{})
 102204  102072 root      0.0  0.0  1-13:51:21 /usr/local/python3.12.13/bin/python3 -c from multiprocessing.forkserver import main; main(82, 84, [], **{})
 102205  102072 root      0.0  0.0  1-13:51:21 /usr/local/python3.12.13/bin/python3 -c from multiprocessing.forkserver import main; main(82, 84, [], **{})
 102206  102072 root      0.0  0.0  1-13:51:21 /usr/local/python3.12.13/bin/python3 -c from multiprocessing.forkserver import main; main(82, 84, [], **{})
 102207  102072 root      0.0  0.0  1-13:51:21 /usr/local/python3.12.13/bin/python3 -c from multiprocessing.forkserver import main; main(82, 84, [], **{})
 102208  102072 root      0.0  0.0  1-13:51:21 /usr/local/python3.12.13/bin/python3 -c from multiprocessing.forkserver import main; main(82, 84, [], **{})
 102209  102072 root      0.0  0.0  1-13:51:21 /usr/local/python3.12.13/bin/python3 -c from multiprocessing.forkserver import main; main(82, 84, [], **{})
 102210  102072 root      0.0  0.0  1-13:51:21 /usr/local/python3.12.13/bin/python3 -c from multiprocessing.forkserver import main; main(82, 84, [], **{})
 102211  102072 root      0.0  0.0  1-13:51:21 /usr/local/python3.12.13/bin/python3 -c from multiprocessing.forkserver import main; main(82, 84, [], **{})
 102261  102072 root      0.0  0.0  1-13:51:20 /usr/local/python3.12.13/bin/python3 -c from multiprocessing.forkserver import main; main(82, 84, [], **{})
 102262  102072 root      0.0  0.0  1-13:51:20 /usr/local/python3.12.13/bin/python3 -c from multiprocessing.forkserver import main; main(82, 84, [], **{})
 102263  102072 root      0.0  0.0  1-13:51:20 /usr/local/python3.12.13/bin/python3 -c from multiprocessing.forkserver import main; main(82, 84, [], **{})
 102264  102072 root      0.0  0.0  1-13:51:20 /usr/local/python3.12.13/bin/python3 -c from multiprocessing.forkserver import main; main(82, 84, [], **{})
 102265  102072 root      0.0  0.0  1-13:51:20 /usr/local/python3.12.13/bin/python3 -c from multiprocessing.forkserver import main; main(82, 84, [], **{})
 102266  102072 root      0.0  0.0  1-13:51:20 /usr/local/python3.12.13/bin/python3 -c from multiprocessing.forkserver import main; main(82, 84, [], **{})
 102267  102072 root      0.0  0.0  1-13:51:20 /usr/local/python3.12.13/bin/python3 -c from multiprocessing.forkserver import main; main(82, 84, [], **{})
 102268  102072 root      0.0  0.0  1-13:51:20 /usr/local/python3.12.13/bin/python3 -c from multiprocessing.forkserver import main; main(82, 84, [], **{})
 363525 1678571 hxw       3.2  0.0  1-13:12:10 /home/data4t1/hxw/anaconda3/bin/python3.10 /home/data4t1/hxw/anaconda3/bin/nputop
 531969 2298726 hxw       2.5  0.0 29-13:45:37 /home/data4t2/hxwDir/hxw_moved/conda_envs/opd/bin/python /home/data4t2/hxwDir/hxw_moved/conda_envs/opd/bin/tensorboard --logdir /home/data4t2/hxwDir/hxw_moved/opd-resources/runs/train --host 0.0.0.0 --port 6006
 644507       1 hxw       0.2  0.0 161-07:36:01 /home/data4t1/hxw/anaconda3/envs/dfkd/bin/python3.10 /home/data4t1/hxw/anaconda3/envs/dfkd/bin/tensorboard --logdir=/home/data4t2/hxwDir/hxw_moved/dfkd/runs/datafree-nayer_df/ --port=6007 --bind_all
2033118 3834144 hxw       3.2  0.0 64-12:32:31 /home/data4t1/hxw/anaconda3/bin/python3.10 /home/data4t1/hxw/anaconda3/bin/nputop
2588208 3192131 wangjie+  140  0.2       00:43 /home/data4t1/wangjielei/.vscode-server/cli/servers/Stable-7debcd0e2acdea1c52de81bf9ee1620444407dda/server/node /home/data4t1/wangjielei/.vscode-server/extensions/ms-python.vscode-pylance-2026.3.1/dist/server.bundle.js --cancellationReceive=file:1f6d69b0282a1b0a0a7c598e92fda6e5e6769133c0 --node-ipc --clientProcessId=3192131
2916664 2914109 hxw       2.9  0.0 93-08:15:49 /home/data4t1/hxw/anaconda3/bin/python3.10 /home/data4t1/hxw/anaconda3/bin/nputop
2991304 2429127 hxw       0.0  0.3  1-17:43:04 /home/data4t2/hxwDir/hxw_moved/conda_envs/opd/bin/python -m tools.visual_opd.llm_eval_browser.server --data-root /home/data4t2/hxwDir/hxw_moved/verl-npu-opd/dataset/llm_eval --host 0.0.0.0 --port 8767
2992910 2577231 zhangka+  0.4  0.2 10-05:20:06 /home/data4t1/zhangkaijie/conda/envs/qwen38_a2/bin/python3.12 /home/data4t1/zhangkaijie/conda/envs/qwen38_a2/bin/vllm serve /home/data4t2/models/Qwen3.8-27B-w8a8 --host 0.0.0.0 --port 9000 --tensor-parallel-size 1 --max-model-len 200000 --max-num-seqs 8 --max-num-batched-tokens 16384 --enable-prefix-caching --trust-remote-code --speculative-config {"method":"mtp","num_speculative_tokens":4} --enable-auto-tool-choice --tool-call-parser qwen3_coder --gpu-memory-utilization 0.85
2999854 2992910 zhangka+  0.0  0.0 10-05:19:20 /home/data4t1/zhangkaijie/conda/envs/qwen38_a2/bin/python3.12 -c from multiprocessing.resource_tracker import main;main(39)
2999855 2992910 zhangka+ 14.9  0.3 10-05:19:20 VLLM::EngineCore
3008420 2999855 zhangka+  0.0  0.0 10-05:18:20 /home/data4t1/zhangkaijie/conda/envs/qwen38_a2/bin/python3.12 -c from multiprocessing.spawn import spawn_main; spawn_main(tracker_fd=40, pipe_handle=84) --multiprocessing-fork
3009726 2999855 zhangka+  0.0  0.0 10-05:18:11 /home/data4t1/zhangkaijie/conda/envs/qwen38_a2/bin/python3.12 -c from multiprocessing.forkserver import main; main(81, 83, [], **{})
3009729 3009726 zhangka+  0.0  0.0 10-05:18:11 /home/data4t1/zhangkaijie/conda/envs/qwen38_a2/bin/python3.12 -c from multiprocessing.forkserver import main; main(81, 83, [], **{})
3009731 3009726 zhangka+  0.0  0.0 10-05:18:11 /home/data4t1/zhangkaijie/conda/envs/qwen38_a2/bin/python3.12 -c from multiprocessing.forkserver import main; main(81, 83, [], **{})
3009733 3009726 zhangka+  0.0  0.0 10-05:18:11 /home/data4t1/zhangkaijie/conda/envs/qwen38_a2/bin/python3.12 -c from multiprocessing.forkserver import main; main(81, 83, [], **{})
3009734 3009726 zhangka+  0.0  0.0 10-05:18:11 /home/data4t1/zhangkaijie/conda/envs/qwen38_a2/bin/python3.12 -c from multiprocessing.forkserver import main; main(81, 83, [], **{})
3009736 3009726 zhangka+  0.0  0.0 10-05:18:11 /home/data4t1/zhangkaijie/conda/envs/qwen38_a2/bin/python3.12 -c from multiprocessing.forkserver import main; main(81, 83, [], **{})
3009739 3009726 zhangka+  0.0  0.0 10-05:18:11 /home/data4t1/zhangkaijie/conda/envs/qwen38_a2/bin/python3.12 -c from multiprocessing.forkserver import main; main(81, 83, [], **{})
3009740 3009726 zhangka+  0.0  0.0 10-05:18:11 /home/data4t1/zhangkaijie/conda/envs/qwen38_a2/bin/python3.12 -c from multiprocessing.forkserver import main; main(81, 83, [], **{})
3009741 3009726 zhangka+  0.0  0.0 10-05:18:11 /home/data4t1/zhangkaijie/conda/envs/qwen38_a2/bin/python3.12 -c from multiprocessing.forkserver import main; main(81, 83, [], **{})
3009742 3009726 zhangka+  0.0  0.0 10-05:18:11 /home/data4t1/zhangkaijie/conda/envs/qwen38_a2/bin/python3.12 -c from multiprocessing.forkserver import main; main(81, 83, [], **{})
3009773 3009726 zhangka+  0.0  0.0 10-05:18:10 /home/data4t1/zhangkaijie/conda/envs/qwen38_a2/bin/python3.12 -c from multiprocessing.forkserver import main; main(81, 83, [], **{})
3009774 3009726 zhangka+  0.0  0.0 10-05:18:10 /home/data4t1/zhangkaijie/conda/envs/qwen38_a2/bin/python3.12 -c from multiprocessing.forkserver import main; main(81, 83, [], **{})
3009775 3009726 zhangka+  0.0  0.0 10-05:18:10 /home/data4t1/zhangkaijie/conda/envs/qwen38_a2/bin/python3.12 -c from multiprocessing.forkserver import main; main(81, 83, [], **{})
3009776 3009726 zhangka+  0.0  0.0 10-05:18:10 /home/data4t1/zhangkaijie/conda/envs/qwen38_a2/bin/python3.12 -c from multiprocessing.forkserver import main; main(81, 83, [], **{})
3009777 3009726 zhangka+  0.0  0.0 10-05:18:10 /home/data4t1/zhangkaijie/conda/envs/qwen38_a2/bin/python3.12 -c from multiprocessing.forkserver import main; main(81, 83, [], **{})
3009778 3009726 zhangka+  0.0  0.0 10-05:18:10 /home/data4t1/zhangkaijie/conda/envs/qwen38_a2/bin/python3.12 -c from multiprocessing.forkserver import main; main(81, 83, [], **{})
3009779 3009726 zhangka+  0.0  0.0 10-05:18:10 /home/data4t1/zhangkaijie/conda/envs/qwen38_a2/bin/python3.12 -c from multiprocessing.forkserver import main; main(81, 83, [], **{})
3009780 3009726 zhangka+  0.0  0.0 10-05:18:10 /home/data4t1/zhangkaijie/conda/envs/qwen38_a2/bin/python3.12 -c from multiprocessing.forkserver import main; main(81, 83, [], **{})
3121422 3458196 gouhang   0.0  0.4    19:37:57 python MMGIT/train/train_mem.py --model_name_or_path lmsys/vicuna-7b-v1.5-16k --version v1 --cache_dir ./checkpoint --pretrained_embedding_type clip_mix --tune_mm_mlp_adapter True --mm_use_graph_start_end False --mm_use_graph_patch_token False --bf16 True --fp16 False --output_dir ./checkpoints/Movies/mlaga-vicuna-7b-Movies-clip_mix-2-10-2layer-TIQ_demo-nc-4epoch-bs2-len2048 --num_train_epochs 4 --per_device_train_batch_size 2 --per_device_eval_batch_size 2 --gradient_accumulation_steps 4 --evaluation_strategy no --save_strategy epoch --learning_rate 2e-5 --weight_decay 0. --warmup_ratio 0.03 --lr_scheduler_type cosine --logging_steps 1 --tf32 False --model_max_length 2048 --gradient_checkpointing True --lazy_preprocess True --report_to none --use_hop 2 --sample_neighbor_size 10 --mm_projector_type 2-layer-mlp --use_task nc --use_dataset Movies --template TIQ_demo --is_general_model False --is_data_task_general False --is_cross_task_attention True --dataset_task_mapping Movies:nc --cross_attn_layers 1
3121471 3458196 gouhang   0.0  0.4    19:37:56 python MMGIT/train/train_mem.py --model_name_or_path lmsys/vicuna-7b-v1.5-16k --version v1 --cache_dir ./checkpoint --pretrained_embedding_type clip_mix --tune_mm_mlp_adapter True --mm_use_graph_start_end False --mm_use_graph_patch_token False --bf16 True --fp16 False --output_dir ./checkpoints/Movies/mlaga-vicuna-7b-Movies-clip_mix-2-10-2layer-TIQ_demo-nc-4epoch-bs2-len2048 --num_train_epochs 4 --per_device_train_batch_size 2 --per_device_eval_batch_size 2 --gradient_accumulation_steps 4 --evaluation_strategy no --save_strategy epoch --learning_rate 2e-5 --weight_decay 0. --warmup_ratio 0.03 --lr_scheduler_type cosine --logging_steps 1 --tf32 False --model_max_length 2048 --gradient_checkpointing True --lazy_preprocess True --report_to none --use_hop 2 --sample_neighbor_size 10 --mm_projector_type 2-layer-mlp --use_task nc --use_dataset Movies --template TIQ_demo --is_general_model False --is_data_task_general False --is_cross_task_attention True --dataset_task_mapping Movies:nc --cross_attn_layers 1
3121520 3458196 gouhang   0.0  0.4    19:37:56 python MMGIT/train/train_mem.py --model_name_or_path lmsys/vicuna-7b-v1.5-16k --version v1 --cache_dir ./checkpoint --pretrained_embedding_type clip_mix --tune_mm_mlp_adapter True --mm_use_graph_start_end False --mm_use_graph_patch_token False --bf16 True --fp16 False --output_dir ./checkpoints/Movies/mlaga-vicuna-7b-Movies-clip_mix-2-10-2layer-TIQ_demo-nc-4epoch-bs2-len2048 --num_train_epochs 4 --per_device_train_batch_size 2 --per_device_eval_batch_size 2 --gradient_accumulation_steps 4 --evaluation_strategy no --save_strategy epoch --learning_rate 2e-5 --weight_decay 0. --warmup_ratio 0.03 --lr_scheduler_type cosine --logging_steps 1 --tf32 False --model_max_length 2048 --gradient_checkpointing True --lazy_preprocess True --report_to none --use_hop 2 --sample_neighbor_size 10 --mm_projector_type 2-layer-mlp --use_task nc --use_dataset Movies --template TIQ_demo --is_general_model False --is_data_task_general False --is_cross_task_attention True --dataset_task_mapping Movies:nc --cross_attn_layers 1
3121560 3458196 gouhang   0.0  0.4    19:37:56 python MMGIT/train/train_mem.py --model_name_or_path lmsys/vicuna-7b-v1.5-16k --version v1 --cache_dir ./checkpoint --pretrained_embedding_type clip_mix --tune_mm_mlp_adapter True --mm_use_graph_start_end False --mm_use_graph_patch_token False --bf16 True --fp16 False --output_dir ./checkpoints/Movies/mlaga-vicuna-7b-Movies-clip_mix-2-10-2layer-TIQ_demo-nc-4epoch-bs2-len2048 --num_train_epochs 4 --per_device_train_batch_size 2 --per_device_eval_batch_size 2 --gradient_accumulation_steps 4 --evaluation_strategy no --save_strategy epoch --learning_rate 2e-5 --weight_decay 0. --warmup_ratio 0.03 --lr_scheduler_type cosine --logging_steps 1 --tf32 False --model_max_length 2048 --gradient_checkpointing True --lazy_preprocess True --report_to none --use_hop 2 --sample_neighbor_size 10 --mm_projector_type 2-layer-mlp --use_task nc --use_dataset Movies --template TIQ_demo --is_general_model False --is_data_task_general False --is_cross_task_attention True --dataset_task_mapping Movies:nc --cross_attn_layers 1
3121615 3458196 gouhang   0.0  0.4    19:37:56 python MMGIT/train/train_mem.py --model_name_or_path lmsys/vicuna-7b-v1.5-16k --version v1 --cache_dir ./checkpoint --pretrained_embedding_type clip_mix --tune_mm_mlp_adapter True --mm_use_graph_start_end False --mm_use_graph_patch_token False --bf16 True --fp16 False --output_dir ./checkpoints/Movies/mlaga-vicuna-7b-Movies-clip_mix-2-10-2layer-TIQ_demo-nc-4epoch-bs2-len2048 --num_train_epochs 4 --per_device_train_batch_size 2 --per_device_eval_batch_size 2 --gradient_accumulation_steps 4 --evaluation_strategy no --save_strategy epoch --learning_rate 2e-5 --weight_decay 0. --warmup_ratio 0.03 --lr_scheduler_type cosine --logging_steps 1 --tf32 False --model_max_length 2048 --gradient_checkpointing True --lazy_preprocess True --report_to none --use_hop 2 --sample_neighbor_size 10 --mm_projector_type 2-layer-mlp --use_task nc --use_dataset Movies --template TIQ_demo --is_general_model False --is_data_task_general False --is_cross_task_attention True --dataset_task_mapping Movies:nc --cross_attn_layers 1
3121650 3458196 gouhang   0.0  0.4    19:37:56 python MMGIT/train/train_mem.py --model_name_or_path lmsys/vicuna-7b-v1.5-16k --version v1 --cache_dir ./checkpoint --pretrained_embedding_type clip_mix --tune_mm_mlp_adapter True --mm_use_graph_start_end False --mm_use_graph_patch_token False --bf16 True --fp16 False --output_dir ./checkpoints/Movies/mlaga-vicuna-7b-Movies-clip_mix-2-10-2layer-TIQ_demo-nc-4epoch-bs2-len2048 --num_train_epochs 4 --per_device_train_batch_size 2 --per_device_eval_batch_size 2 --gradient_accumulation_steps 4 --evaluation_strategy no --save_strategy epoch --learning_rate 2e-5 --weight_decay 0. --warmup_ratio 0.03 --lr_scheduler_type cosine --logging_steps 1 --tf32 False --model_max_length 2048 --gradient_checkpointing True --lazy_preprocess True --report_to none --use_hop 2 --sample_neighbor_size 10 --mm_projector_type 2-layer-mlp --use_task nc --use_dataset Movies --template TIQ_demo --is_general_model False --is_data_task_general False --is_cross_task_attention True --dataset_task_mapping Movies:nc --cross_attn_layers 1
3121678 3458196 gouhang   0.0  0.4    19:37:56 python MMGIT/train/train_mem.py --model_name_or_path lmsys/vicuna-7b-v1.5-16k --version v1 --cache_dir ./checkpoint --pretrained_embedding_type clip_mix --tune_mm_mlp_adapter True --mm_use_graph_start_end False --mm_use_graph_patch_token False --bf16 True --fp16 False --output_dir ./checkpoints/Movies/mlaga-vicuna-7b-Movies-clip_mix-2-10-2layer-TIQ_demo-nc-4epoch-bs2-len2048 --num_train_epochs 4 --per_device_train_batch_size 2 --per_device_eval_batch_size 2 --gradient_accumulation_steps 4 --evaluation_strategy no --save_strategy epoch --learning_rate 2e-5 --weight_decay 0. --warmup_ratio 0.03 --lr_scheduler_type cosine --logging_steps 1 --tf32 False --model_max_length 2048 --gradient_checkpointing True --lazy_preprocess True --report_to none --use_hop 2 --sample_neighbor_size 10 --mm_projector_type 2-layer-mlp --use_task nc --use_dataset Movies --template TIQ_demo --is_general_model False --is_data_task_general False --is_cross_task_attention True --dataset_task_mapping Movies:nc --cross_attn_layers 1
3121697 3458196 gouhang   0.0  0.4    19:37:55 python MMGIT/train/train_mem.py --model_name_or_path lmsys/vicuna-7b-v1.5-16k --version v1 --cache_dir ./checkpoint --pretrained_embedding_type clip_mix --tune_mm_mlp_adapter True --mm_use_graph_start_end False --mm_use_graph_patch_token False --bf16 True --fp16 False --output_dir ./checkpoints/Movies/mlaga-vicuna-7b-Movies-clip_mix-2-10-2layer-TIQ_demo-nc-4epoch-bs2-len2048 --num_train_epochs 4 --per_device_train_batch_size 2 --per_device_eval_batch_size 2 --gradient_accumulation_steps 4 --evaluation_strategy no --save_strategy epoch --learning_rate 2e-5 --weight_decay 0. --warmup_ratio 0.03 --lr_scheduler_type cosine --logging_steps 1 --tf32 False --model_max_length 2048 --gradient_checkpointing True --lazy_preprocess True --report_to none --use_hop 2 --sample_neighbor_size 10 --mm_projector_type 2-layer-mlp --use_task nc --use_dataset Movies --template TIQ_demo --is_general_model False --is_data_task_general False --is_cross_task_attention True --dataset_task_mapping Movies:nc --cross_attn_layers 1
3182512 3170962 ldm       0.0  0.0 149-08:51:30 python3
3192521 3192131 wangjie+  0.0  0.0    10:08:56 /home/data4t1/wangjielei/.vscode-server/extensions/ms-python.vscode-python-envs-1.36.0-linux-arm64/python-env-tools/bin/pet server
3194183 3192131 wangjie+  0.0  0.0    10:08:49 /home/data4t1/wangjielei/anaconda3/bin/python /home/data4t1/wangjielei/.vscode-server/extensions/ms-python.autopep8-2026.4.0/bundled/tool/lsp_server.py
3458196 1923574 gouhang  67.9  0.5  7-17:04:29 python MMGIT/train/train_mem.py --model_name_or_path lmsys/vicuna-7b-v1.5-16k --version v1 --cache_dir ./checkpoint --pretrained_embedding_type clip_mix --tune_mm_mlp_adapter True --mm_use_graph_start_end False --mm_use_graph_patch_token False --bf16 True --fp16 False --output_dir ./checkpoints/Movies/mlaga-vicuna-7b-Movies-clip_mix-2-10-2layer-TIQ_demo-nc-4epoch-bs2-len2048 --num_train_epochs 4 --per_device_train_batch_size 2 --per_device_eval_batch_size 2 --gradient_accumulation_steps 4 --evaluation_strategy no --save_strategy epoch --learning_rate 2e-5 --weight_decay 0. --warmup_ratio 0.03 --lr_scheduler_type cosine --logging_steps 1 --tf32 False --model_max_length 2048 --gradient_checkpointing True --lazy_preprocess True --report_to none --use_hop 2 --sample_neighbor_size 10 --mm_projector_type 2-layer-mlp --use_task nc --use_dataset Movies --template TIQ_demo --is_general_model False --is_data_task_general False --is_cross_task_attention True --dataset_task_mapping Movies:nc --cross_attn_layers 1
3461222 3458196 gouhang   0.0  0.1  7-17:04:11 python MMGIT/train/train_mem.py --model_name_or_path lmsys/vicuna-7b-v1.5-16k --version v1 --cache_dir ./checkpoint --pretrained_embedding_type clip_mix --tune_mm_mlp_adapter True --mm_use_graph_start_end False --mm_use_graph_patch_token False --bf16 True --fp16 False --output_dir ./checkpoints/Movies/mlaga-vicuna-7b-Movies-clip_mix-2-10-2layer-TIQ_demo-nc-4epoch-bs2-len2048 --num_train_epochs 4 --per_device_train_batch_size 2 --per_device_eval_batch_size 2 --gradient_accumulation_steps 4 --evaluation_strategy no --save_strategy epoch --learning_rate 2e-5 --weight_decay 0. --warmup_ratio 0.03 --lr_scheduler_type cosine --logging_steps 1 --tf32 False --model_max_length 2048 --gradient_checkpointing True --lazy_preprocess True --report_to none --use_hop 2 --sample_neighbor_size 10 --mm_projector_type 2-layer-mlp --use_task nc --use_dataset Movies --template TIQ_demo --is_general_model False --is_data_task_general False --is_cross_task_attention True --dataset_task_mapping Movies:nc --cross_attn_layers 1
3461283 3458196 gouhang   0.0  0.0  7-17:04:11 /home/data4t1/gouhang/anaconda3/envs/mlaga/bin/python -c from multiprocessing.resource_tracker import main;main(27)
3461284 3458196 gouhang   0.0  0.0  7-17:04:11 /home/data4t1/gouhang/anaconda3/envs/mlaga/bin/python -c from multiprocessing.forkserver import main; main(27, 30, [], **{})
3461296 3461284 gouhang   0.0  0.0  7-17:04:11 /home/data4t1/gouhang/anaconda3/envs/mlaga/bin/python -c from multiprocessing.forkserver import main; main(27, 30, [], **{})
3461297 3461284 gouhang   0.0  0.0  7-17:04:11 /home/data4t1/gouhang/anaconda3/envs/mlaga/bin/python -c from multiprocessing.forkserver import main; main(27, 30, [], **{})
3461298 3461284 gouhang   0.0  0.0  7-17:04:11 /home/data4t1/gouhang/anaconda3/envs/mlaga/bin/python -c from multiprocessing.forkserver import main; main(27, 30, [], **{})
3461299 3461284 gouhang   0.0  0.0  7-17:04:11 /home/data4t1/gouhang/anaconda3/envs/mlaga/bin/python -c from multiprocessing.forkserver import main; main(27, 30, [], **{})
3461300 3461284 gouhang   0.0  0.0  7-17:04:11 /home/data4t1/gouhang/anaconda3/envs/mlaga/bin/python -c from multiprocessing.forkserver import main; main(27, 30, [], **{})
3461302 3461284 gouhang   0.0  0.0  7-17:04:11 /home/data4t1/gouhang/anaconda3/envs/mlaga/bin/python -c from multiprocessing.forkserver import main; main(27, 30, [], **{})
3461304 3461284 gouhang   0.0  0.0  7-17:04:11 /home/data4t1/gouhang/anaconda3/envs/mlaga/bin/python -c from multiprocessing.forkserver import main; main(27, 30, [], **{})
3461306 3461284 gouhang   0.0  0.0  7-17:04:11 /home/data4t1/gouhang/anaconda3/envs/mlaga/bin/python -c from multiprocessing.forkserver import main; main(27, 30, [], **{})
3461309 3461284 gouhang   0.0  0.0  7-17:04:11 /home/data4t1/gouhang/anaconda3/envs/mlaga/bin/python -c from multiprocessing.forkserver import main; main(27, 30, [], **{})
3461508 3461284 gouhang   0.0  0.0  7-17:04:10 /home/data4t1/gouhang/anaconda3/envs/mlaga/bin/python -c from multiprocessing.forkserver import main; main(27, 30, [], **{})
3461509 3461284 gouhang   0.0  0.0  7-17:04:10 /home/data4t1/gouhang/anaconda3/envs/mlaga/bin/python -c from multiprocessing.forkserver import main; main(27, 30, [], **{})
3461510 3461284 gouhang   0.0  0.0  7-17:04:10 /home/data4t1/gouhang/anaconda3/envs/mlaga/bin/python -c from multiprocessing.forkserver import main; main(27, 30, [], **{})
3461511 3461284 gouhang   0.0  0.0  7-17:04:10 /home/data4t1/gouhang/anaconda3/envs/mlaga/bin/python -c from multiprocessing.forkserver import main; main(27, 30, [], **{})
3461512 3461284 gouhang   0.0  0.0  7-17:04:10 /home/data4t1/gouhang/anaconda3/envs/mlaga/bin/python -c from multiprocessing.forkserver import main; main(27, 30, [], **{})
3461513 3461284 gouhang   0.0  0.0  7-17:04:10 /home/data4t1/gouhang/anaconda3/envs/mlaga/bin/python -c from multiprocessing.forkserver import main; main(27, 30, [], **{})
3461514 3461284 gouhang   0.0  0.0  7-17:04:10 /home/data4t1/gouhang/anaconda3/envs/mlaga/bin/python -c from multiprocessing.forkserver import main; main(27, 30, [], **{})
3461515 3461284 gouhang   0.0  0.0  7-17:04:10 /home/data4t1/gouhang/anaconda3/envs/mlaga/bin/python -c from multiprocessing.forkserver import main; main(27, 30, [], **{})
3461516 3461284 gouhang   0.0  0.0  7-17:04:10 /home/data4t1/gouhang/anaconda3/envs/mlaga/bin/python -c from multiprocessing.forkserver import main; main(27, 30, [], **{})
3461517 3461284 gouhang   0.0  0.0  7-17:04:10 /home/data4t1/gouhang/anaconda3/envs/mlaga/bin/python -c from multiprocessing.forkserver import main; main(27, 30, [], **{})
3461518 3461284 gouhang   0.0  0.0  7-17:04:10 /home/data4t1/gouhang/anaconda3/envs/mlaga/bin/python -c from multiprocessing.forkserver import main; main(27, 30, [], **{})
3461519 3461284 gouhang   0.0  0.0  7-17:04:10 /home/data4t1/gouhang/anaconda3/envs/mlaga/bin/python -c from multiprocessing.forkserver import main; main(27, 30, [], **{})
3461520 3461284 gouhang   0.0  0.0  7-17:04:10 /home/data4t1/gouhang/anaconda3/envs/mlaga/bin/python -c from multiprocessing.forkserver import main; main(27, 30, [], **{})
3461521 3461284 gouhang   0.0  0.0  7-17:04:10 /home/data4t1/gouhang/anaconda3/envs/mlaga/bin/python -c from multiprocessing.forkserver import main; main(27, 30, [], **{})
3461522 3461284 gouhang   0.0  0.0  7-17:04:10 /home/data4t1/gouhang/anaconda3/envs/mlaga/bin/python -c from multiprocessing.forkserver import main; main(27, 30, [], **{})
3461523 3461284 gouhang   0.0  0.0  7-17:04:10 /home/data4t1/gouhang/anaconda3/envs/mlaga/bin/python -c from multiprocessing.forkserver import main; main(27, 30, [], **{})
3461524 3461284 gouhang   0.0  0.0  7-17:04:10 /home/data4t1/gouhang/anaconda3/envs/mlaga/bin/python -c from multiprocessing.forkserver import main; main(27, 30, [], **{})
3461525 3461284 gouhang   0.0  0.0  7-17:04:10 /home/data4t1/gouhang/anaconda3/envs/mlaga/bin/python -c from multiprocessing.forkserver import main; main(27, 30, [], **{})
3461526 3461284 gouhang   0.0  0.0  7-17:04:10 /home/data4t1/gouhang/anaconda3/envs/mlaga/bin/python -c from multiprocessing.forkserver import main; main(27, 30, [], **{})
3461527 3461284 gouhang   0.0  0.0  7-17:04:10 /home/data4t1/gouhang/anaconda3/envs/mlaga/bin/python -c from multiprocessing.forkserver import main; main(27, 30, [], **{})
3461528 3461284 gouhang   0.0  0.0  7-17:04:10 /home/data4t1/gouhang/anaconda3/envs/mlaga/bin/python -c from multiprocessing.forkserver import main; main(27, 30, [], **{})
3461529 3461284 gouhang   0.0  0.0  7-17:04:10 /home/data4t1/gouhang/anaconda3/envs/mlaga/bin/python -c from multiprocessing.forkserver import main; main(27, 30, [], **{})
3461530 3461284 gouhang   0.0  0.0  7-17:04:09 /home/data4t1/gouhang/anaconda3/envs/mlaga/bin/python -c from multiprocessing.forkserver import main; main(27, 30, [], **{})
3461531 3461284 gouhang   0.0  0.0  7-17:04:09 /home/data4t1/gouhang/anaconda3/envs/mlaga/bin/python -c from multiprocessing.forkserver import main; main(27, 30, [], **{})
3461532 3461284 gouhang   0.0  0.0  7-17:04:09 /home/data4t1/gouhang/anaconda3/envs/mlaga/bin/python -c from multiprocessing.forkserver import main; main(27, 30, [], **{})
3461533 3461284 gouhang   0.0  0.0  7-17:04:09 /home/data4t1/gouhang/anaconda3/envs/mlaga/bin/python -c from multiprocessing.forkserver import main; main(27, 30, [], **{})
3461534 3461284 gouhang   0.0  0.0  7-17:04:09 /home/data4t1/gouhang/anaconda3/envs/mlaga/bin/python -c from multiprocessing.forkserver import main; main(27, 30, [], **{})
3461535 3461284 gouhang   0.0  0.0  7-17:04:09 /home/data4t1/gouhang/anaconda3/envs/mlaga/bin/python -c from multiprocessing.forkserver import main; main(27, 30, [], **{})
3461536 3461284 gouhang   0.0  0.0  7-17:04:09 /home/data4t1/gouhang/anaconda3/envs/mlaga/bin/python -c from multiprocessing.forkserver import main; main(27, 30, [], **{})
3461537 3461284 gouhang   0.0  0.0  7-17:04:09 /home/data4t1/gouhang/anaconda3/envs/mlaga/bin/python -c from multiprocessing.forkserver import main; main(27, 30, [], **{})
3461538 3461284 gouhang   0.0  0.0  7-17:04:09 /home/data4t1/gouhang/anaconda3/envs/mlaga/bin/python -c from multiprocessing.forkserver import main; main(27, 30, [], **{})
3461539 3461284 gouhang   0.0  0.0  7-17:04:09 /home/data4t1/gouhang/anaconda3/envs/mlaga/bin/python -c from multiprocessing.forkserver import main; main(27, 30, [], **{})
3800830 3740120 hxw       3.3  0.0    17:55:07 /home/data4t1/hxw/anaconda3/bin/python3.10 /home/data4t1/hxw/anaconda3/bin/nputop
3920485 3583169 hxw       0.0  0.0 27-15:38:11 /home/data4t2/hxwDir/hxw_moved/conda_envs/opd/bin/python -m tools.visual_opd.rollout_browser.server
===== probe: CURRENT width=32768 =====
+ /home/data4t2/lelinfeng/phase4-workspaces/WIDE-X-FRESH4/build-server3/paired_local_probe_CURRENT CURRENT 32768
+ run_probe /home/data4t2/lelinfeng/phase4-workspaces/WIDE-X-FRESH4/build-server3/paired_local_probe_CURRENT CURRENT 32768
label=CURRENT width=32768 correctness=PASS max_abs_error=0 latency_ns=301043,306833,295232,293853,288672,288252,287173,308222
probe_exit_code=0
===== load snapshot: between_CURRENT_and_BUILD_D32768 =====
2026-09-23T20:22:40+0000
+ npu-smi info -t usages -i 0
+ bin=/home/data4t2/lelinfeng/phase4-workspaces/WIDE-X-FRESH4/build-server3/paired_local_probe_CURRENT
+ label=CURRENT
+ width=32768
+ echo '===== probe: CURRENT width=32768 ====='
+ echo '+ /home/data4t2/lelinfeng/phase4-workspaces/WIDE-X-FRESH4/build-server3/paired_local_probe_CURRENT CURRENT 32768'
+ /home/data4t2/lelinfeng/phase4-workspaces/WIDE-X-FRESH4/build-server3/paired_local_probe_CURRENT CURRENT 32768
+ status=0
+ echo probe_exit_code=0
+ return 0
+ snapshot between_CURRENT_and_BUILD_D32768
+ tag=between_CURRENT_and_BUILD_D32768
+ echo '===== load snapshot: between_CURRENT_and_BUILD_D32768 ====='
+ date +%Y-%m-%dT%H:%M:%S%z
+ for device in 0 1 2 3 4 5 6 7
+ echo '+ npu-smi info -t usages -i 0'
+ npu-smi info -t usages -i 0
	NPU ID                         : 0
	Chip Count                     : 1

	DDR Capacity(MB)               : 0
	DDR Usage Rate(%)              : 0
	DDR Hugepages Total(page)      : 0
	DDR Hugepages Usage Rate(%)    : 0
	HBM Capacity(MB)               : 65536
	HBM Usage Rate(%)              : 91
	Aicore Usage Rate(%)           : 31
	Aivector Usage Rate(%)         : 24
	Aicpu Usage Rate(%)            : 0
	Ctrlcpu Usage Rate(%)          : 4
	DDR Bandwidth Usage Rate(%)    : 0
	HBM Bandwidth Usage Rate(%)    : 29
	Chip ID                        : 0

+ for device in 0 1 2 3 4 5 6 7
+ echo '+ npu-smi info -t usages -i 1'
+ npu-smi info -t usages -i 1
+ npu-smi info -t usages -i 1
	NPU ID                         : 1
	Chip Count                     : 1

	DDR Capacity(MB)               : 0
	DDR Usage Rate(%)              : 0
	DDR Hugepages Total(page)      : 0
	DDR Hugepages Usage Rate(%)    : 0
	HBM Capacity(MB)               : 65536
	HBM Usage Rate(%)              : 91
	Aicore Usage Rate(%)           : 32
	Aivector Usage Rate(%)         : 24
	Aicpu Usage Rate(%)            : 0
	Ctrlcpu Usage Rate(%)          : 9
	DDR Bandwidth Usage Rate(%)    : 0
	HBM Bandwidth Usage Rate(%)    : 29
	Chip ID                        : 0

+ for device in 0 1 2 3 4 5 6 7
+ npu-smi info -t usages -i 2
+ echo '+ npu-smi info -t usages -i 2'
+ npu-smi info -t usages -i 2
	NPU ID                         : 2
	Chip Count                     : 1

	DDR Capacity(MB)               : 0
	DDR Usage Rate(%)              : 0
	DDR Hugepages Total(page)      : 0
	DDR Hugepages Usage Rate(%)    : 0
	HBM Capacity(MB)               : 65536
	HBM Usage Rate(%)              : 91
	Aicore Usage Rate(%)           : 32
	Aivector Usage Rate(%)         : 24
	Aicpu Usage Rate(%)            : 0
	Ctrlcpu Usage Rate(%)          : 5
	DDR Bandwidth Usage Rate(%)    : 0
	HBM Bandwidth Usage Rate(%)    : 29
	Chip ID                        : 0

+ for device in 0 1 2 3 4 5 6 7
+ npu-smi info -t usages -i 3
+ echo '+ npu-smi info -t usages -i 3'
+ npu-smi info -t usages -i 3
	NPU ID                         : 3
	Chip Count                     : 1

	DDR Capacity(MB)               : 0
	DDR Usage Rate(%)              : 0
	DDR Hugepages Total(page)      : 0
	DDR Hugepages Usage Rate(%)    : 0
	HBM Capacity(MB)               : 65536
	HBM Usage Rate(%)              : 91
	Aicore Usage Rate(%)           : 33
	Aivector Usage Rate(%)         : 24
	Aicpu Usage Rate(%)            : 0
	Ctrlcpu Usage Rate(%)          : 8
	DDR Bandwidth Usage Rate(%)    : 0
	HBM Bandwidth Usage Rate(%)    : 29
	Chip ID                        : 0

+ for device in 0 1 2 3 4 5 6 7
+ npu-smi info -t usages -i 4
+ echo '+ npu-smi info -t usages -i 4'
+ npu-smi info -t usages -i 4
	NPU ID                         : 4
	Chip Count                     : 1

	DDR Capacity(MB)               : 0
	DDR Usage Rate(%)              : 0
	DDR Hugepages Total(page)      : 0
	DDR Hugepages Usage Rate(%)    : 0
	HBM Capacity(MB)               : 65536
	HBM Usage Rate(%)              : 90
	Aicore Usage Rate(%)           : 0
	Aivector Usage Rate(%)         : 5
	Aicpu Usage Rate(%)            : 0
	Ctrlcpu Usage Rate(%)          : 8
	DDR Bandwidth Usage Rate(%)    : 0
	HBM Bandwidth Usage Rate(%)    : 0
	Chip ID                        : 0

+ npu-smi info -t usages -i 5
+ for device in 0 1 2 3 4 5 6 7
+ echo '+ npu-smi info -t usages -i 5'
+ npu-smi info -t usages -i 5
	NPU ID                         : 5
	Chip Count                     : 1

	DDR Capacity(MB)               : 0
	DDR Usage Rate(%)              : 0
	DDR Hugepages Total(page)      : 0
	DDR Hugepages Usage Rate(%)    : 0
	HBM Capacity(MB)               : 65536
	HBM Usage Rate(%)              : 91
	Aicore Usage Rate(%)           : 0
	Aivector Usage Rate(%)         : 0
	Aicpu Usage Rate(%)            : 0
	Ctrlcpu Usage Rate(%)          : 3
	DDR Bandwidth Usage Rate(%)    : 0
	HBM Bandwidth Usage Rate(%)    : 0
	Chip ID                        : 0

+ npu-smi info -t usages -i 6
+ for device in 0 1 2 3 4 5 6 7
+ echo '+ npu-smi info -t usages -i 6'
+ npu-smi info -t usages -i 6
	NPU ID                         : 6
	Chip Count                     : 1

	DDR Capacity(MB)               : 0
	DDR Usage Rate(%)              : 0
	DDR Hugepages Total(page)      : 0
	DDR Hugepages Usage Rate(%)    : 0
	HBM Capacity(MB)               : 65536
	HBM Usage Rate(%)              : 91
	Aicore Usage Rate(%)           : 0
	Aivector Usage Rate(%)         : 0
	Aicpu Usage Rate(%)            : 0
	Ctrlcpu Usage Rate(%)          : 38
	DDR Bandwidth Usage Rate(%)    : 0
	HBM Bandwidth Usage Rate(%)    : 0
	Chip ID                        : 0

+ for device in 0 1 2 3 4 5 6 7
+ echo '+ npu-smi info -t usages -i 7'
+ npu-smi info -t usages -i 7
+ npu-smi info -t usages -i 7
	NPU ID                         : 7
	Chip Count                     : 1

	DDR Capacity(MB)               : 0
	DDR Usage Rate(%)              : 0
	DDR Hugepages Total(page)      : 0
	DDR Hugepages Usage Rate(%)    : 0
	HBM Capacity(MB)               : 65536
	HBM Usage Rate(%)              : 99
	Aicore Usage Rate(%)           : 0
	Aivector Usage Rate(%)         : 0
	Aicpu Usage Rate(%)            : 0
	Ctrlcpu Usage Rate(%)          : 22
	DDR Bandwidth Usage Rate(%)    : 0
	HBM Bandwidth Usage Rate(%)    : 0
	Chip ID                        : 0

+ ps -eo pid,ppid,user,pcpu,pmem,etime,args | grep -Ei "vllm|python" | grep -v grep
+ echo '+ ps -eo pid,ppid,user,pcpu,pmem,etime,args | grep -Ei "vllm|python" | grep -v grep'
+ ps -eo pid,ppid,user,pcpu,pmem,etime,args
+ grep -Ei 'vllm|python'
+ grep -v grep
   5048       1 root      0.0  0.0 228-07:56:26 /usr/bin/python3 /usr/bin/networkd-dispatcher --run-startup-triggers
   5328       1 root      0.0  0.0 228-07:56:26 /usr/bin/python3 /usr/share/unattended-upgrades/unattended-upgrade-shutdown --wait-for-signal
  82397   82370 root     30.0  0.4  1-13:54:43 /usr/local/python3.12.13/bin/python3 /usr/local/python3.12.13/bin/vllm serve /models/Qwen3.8-27B-w8a8 --host 0.0.0.0 --port 9001 --tensor-parallel-size 4 --quantization ascend --served-model-name qwen3.8 --max-model-len 256000 --max-num-seqs 8 --max-num-batched-tokens 8192 --gpu-memory-utilization 0.90 --enable-prefix-caching --trust-remote-code --reasoning-parser qwen3 --enable-auto-tool-choice --tool-call-parser qwen3_coder
  83352   83328 root      0.4  0.4  1-13:54:33 /usr/local/python3.12.13/bin/python3 /usr/local/python3.12.13/bin/vllm serve /models/Qwen3.8-27B-w8a8 --host 0.0.0.0 --port 9002 --tensor-parallel-size 2 --quantization ascend --served-model-name qwen3.8 --max-model-len 256000 --max-num-seqs 8 --max-num-batched-tokens 8192 --gpu-memory-utilization 0.90 --enable-prefix-caching --trust-remote-code --reasoning-parser qwen3 --enable-auto-tool-choice --tool-call-parser qwen3_coder
  87335   82397 root      0.0  0.0  1-13:53:53 /usr/local/python3.12.13/bin/python3 -c from multiprocessing.resource_tracker import main;main(35)
  87336   82397 root     97.1  0.1  1-13:53:53 VLLM::EngineCore
  87669   83352 root      0.0  0.0  1-13:53:49 /usr/local/python3.12.13/bin/python3 -c from multiprocessing.resource_tracker import main;main(35)
  87670   83352 root      3.8  0.1  1-13:53:49 VLLM::EngineCore
  89395   87336 root      211  0.4  1-13:53:30 VLLM::Worker_TP0
  89602   87670 root     15.7  0.4  1-13:53:27 VLLM::Worker_TP0
  91055   87336 root      106  0.4  1-13:53:11 VLLM::Worker_TP1
  91228   87670 root     11.3  0.4  1-13:53:09 VLLM::Worker_TP1
  92813   87336 root      111  0.4  1-13:52:52 VLLM::Worker_TP2
  94498   87336 root      106  0.4  1-13:52:33 VLLM::Worker_TP3
  95970   89602 root      0.0  0.0  1-13:52:17 /usr/local/python3.12.13/bin/python3 -c from multiprocessing.spawn import spawn_main; spawn_main(tracker_fd=36, pipe_handle=88) --multiprocessing-fork
  96143   91228 root      0.0  0.0  1-13:52:15 /usr/local/python3.12.13/bin/python3 -c from multiprocessing.spawn import spawn_main; spawn_main(tracker_fd=36, pipe_handle=77) --multiprocessing-fork
  96830   89602 root      0.0  0.0  1-13:52:08 /usr/local/python3.12.13/bin/python3 -c from multiprocessing.forkserver import main; main(85, 87, [], **{})
  96848   96830 root      0.0  0.0  1-13:52:08 /usr/local/python3.12.13/bin/python3 -c from multiprocessing.forkserver import main; main(85, 87, [], **{})
  96849   96830 root      0.0  0.0  1-13:52:08 /usr/local/python3.12.13/bin/python3 -c from multiprocessing.forkserver import main; main(85, 87, [], **{})
  96850   96830 root      0.0  0.0  1-13:52:08 /usr/local/python3.12.13/bin/python3 -c from multiprocessing.forkserver import main; main(85, 87, [], **{})
  96851   96830 root      0.0  0.0  1-13:52:08 /usr/local/python3.12.13/bin/python3 -c from multiprocessing.forkserver import main; main(85, 87, [], **{})
  96853   96830 root      0.0  0.0  1-13:52:08 /usr/local/python3.12.13/bin/python3 -c from multiprocessing.forkserver import main; main(85, 87, [], **{})
  96854   96830 root      0.0  0.0  1-13:52:08 /usr/local/python3.12.13/bin/python3 -c from multiprocessing.forkserver import main; main(85, 87, [], **{})
  96855   96830 root      0.0  0.0  1-13:52:08 /usr/local/python3.12.13/bin/python3 -c from multiprocessing.forkserver import main; main(85, 87, [], **{})
  96856   96830 root      0.0  0.0  1-13:52:08 /usr/local/python3.12.13/bin/python3 -c from multiprocessing.forkserver import main; main(85, 87, [], **{})
  96857   96830 root      0.0  0.0  1-13:52:08 /usr/local/python3.12.13/bin/python3 -c from multiprocessing.forkserver import main; main(85, 87, [], **{})
  96891   96830 root      0.0  0.0  1-13:52:08 /usr/local/python3.12.13/bin/python3 -c from multiprocessing.forkserver import main; main(85, 87, [], **{})
  96892   96830 root      0.0  0.0  1-13:52:08 /usr/local/python3.12.13/bin/python3 -c from multiprocessing.forkserver import main; main(85, 87, [], **{})
  96893   96830 root      0.0  0.0  1-13:52:08 /usr/local/python3.12.13/bin/python3 -c from multiprocessing.forkserver import main; main(85, 87, [], **{})
  96894   96830 root      0.0  0.0  1-13:52:08 /usr/local/python3.12.13/bin/python3 -c from multiprocessing.forkserver import main; main(85, 87, [], **{})
  96895   96830 root      0.0  0.0  1-13:52:08 /usr/local/python3.12.13/bin/python3 -c from multiprocessing.forkserver import main; main(85, 87, [], **{})
  96896   96830 root      0.0  0.0  1-13:52:08 /usr/local/python3.12.13/bin/python3 -c from multiprocessing.forkserver import main; main(85, 87, [], **{})
  96897   96830 root      0.0  0.0  1-13:52:08 /usr/local/python3.12.13/bin/python3 -c from multiprocessing.forkserver import main; main(85, 87, [], **{})
  96898   96830 root      0.0  0.0  1-13:52:08 /usr/local/python3.12.13/bin/python3 -c from multiprocessing.forkserver import main; main(85, 87, [], **{})
  97110   91228 root      0.0  0.0  1-13:52:06 /usr/local/python3.12.13/bin/python3 -c from multiprocessing.forkserver import main; main(74, 76, [], **{})
  97116   97110 root      0.0  0.0  1-13:52:06 /usr/local/python3.12.13/bin/python3 -c from multiprocessing.forkserver import main; main(74, 76, [], **{})
  97118   97110 root      0.0  0.0  1-13:52:06 /usr/local/python3.12.13/bin/python3 -c from multiprocessing.forkserver import main; main(74, 76, [], **{})
  97120   97110 root      0.0  0.0  1-13:52:06 /usr/local/python3.12.13/bin/python3 -c from multiprocessing.forkserver import main; main(74, 76, [], **{})
  97121   97110 root      0.0  0.0  1-13:52:06 /usr/local/python3.12.13/bin/python3 -c from multiprocessing.forkserver import main; main(74, 76, [], **{})
  97122   97110 root      0.0  0.0  1-13:52:06 /usr/local/python3.12.13/bin/python3 -c from multiprocessing.forkserver import main; main(74, 76, [], **{})
  97123   97110 root      0.0  0.0  1-13:52:06 /usr/local/python3.12.13/bin/python3 -c from multiprocessing.forkserver import main; main(74, 76, [], **{})
  97124   97110 root      0.0  0.0  1-13:52:06 /usr/local/python3.12.13/bin/python3 -c from multiprocessing.forkserver import main; main(74, 76, [], **{})
  97125   97110 root      0.0  0.0  1-13:52:06 /usr/local/python3.12.13/bin/python3 -c from multiprocessing.forkserver import main; main(74, 76, [], **{})
  97126   97110 root      0.0  0.0  1-13:52:06 /usr/local/python3.12.13/bin/python3 -c from multiprocessing.forkserver import main; main(74, 76, [], **{})
  97157   97110 root      0.0  0.0  1-13:52:06 /usr/local/python3.12.13/bin/python3 -c from multiprocessing.forkserver import main; main(74, 76, [], **{})
  97158   97110 root      0.0  0.0  1-13:52:06 /usr/local/python3.12.13/bin/python3 -c from multiprocessing.forkserver import main; main(74, 76, [], **{})
  97159   97110 root      0.0  0.0  1-13:52:06 /usr/local/python3.12.13/bin/python3 -c from multiprocessing.forkserver import main; main(74, 76, [], **{})
  97160   97110 root      0.0  0.0  1-13:52:06 /usr/local/python3.12.13/bin/python3 -c from multiprocessing.forkserver import main; main(74, 76, [], **{})
  97161   97110 root      0.0  0.0  1-13:52:06 /usr/local/python3.12.13/bin/python3 -c from multiprocessing.forkserver import main; main(74, 76, [], **{})
  97163   97110 root      0.0  0.0  1-13:52:06 /usr/local/python3.12.13/bin/python3 -c from multiprocessing.forkserver import main; main(74, 76, [], **{})
  97166   97110 root      0.0  0.0  1-13:52:06 /usr/local/python3.12.13/bin/python3 -c from multiprocessing.forkserver import main; main(74, 76, [], **{})
  97169   97110 root      0.0  0.0  1-13:52:06 /usr/local/python3.12.13/bin/python3 -c from multiprocessing.forkserver import main; main(74, 76, [], **{})
 100247   94498 root      0.0  0.0  1-13:51:40 /usr/local/python3.12.13/bin/python3 -c from multiprocessing.spawn import spawn_main; spawn_main(tracker_fd=36, pipe_handle=85) --multiprocessing-fork
 100272   89395 root      0.0  0.0  1-13:51:40 /usr/local/python3.12.13/bin/python3 -c from multiprocessing.spawn import spawn_main; spawn_main(tracker_fd=36, pipe_handle=102) --multiprocessing-fork
 100372   91055 root      0.0  0.0  1-13:51:39 /usr/local/python3.12.13/bin/python3 -c from multiprocessing.spawn import spawn_main; spawn_main(tracker_fd=36, pipe_handle=85) --multiprocessing-fork
 100434   92813 root      0.0  0.0  1-13:51:38 /usr/local/python3.12.13/bin/python3 -c from multiprocessing.spawn import spawn_main; spawn_main(tracker_fd=36, pipe_handle=85) --multiprocessing-fork
 101149   94498 root      0.0  0.0  1-13:51:31 /usr/local/python3.12.13/bin/python3 -c from multiprocessing.forkserver import main; main(82, 84, [], **{})
 101156  101149 root      0.0  0.0  1-13:51:31 /usr/local/python3.12.13/bin/python3 -c from multiprocessing.forkserver import main; main(82, 84, [], **{})
 101157  101149 root      0.0  0.0  1-13:51:31 /usr/local/python3.12.13/bin/python3 -c from multiprocessing.forkserver import main; main(82, 84, [], **{})
 101158  101149 root      0.0  0.0  1-13:51:31 /usr/local/python3.12.13/bin/python3 -c from multiprocessing.forkserver import main; main(82, 84, [], **{})
 101160  101149 root      0.0  0.0  1-13:51:31 /usr/local/python3.12.13/bin/python3 -c from multiprocessing.forkserver import main; main(82, 84, [], **{})
 101161  101149 root      0.0  0.0  1-13:51:31 /usr/local/python3.12.13/bin/python3 -c from multiprocessing.forkserver import main; main(82, 84, [], **{})
 101162  101149 root      0.0  0.0  1-13:51:31 /usr/local/python3.12.13/bin/python3 -c from multiprocessing.forkserver import main; main(82, 84, [], **{})
 101163  101149 root      0.0  0.0  1-13:51:31 /usr/local/python3.12.13/bin/python3 -c from multiprocessing.forkserver import main; main(82, 84, [], **{})
 101164  101149 root      0.0  0.0  1-13:51:31 /usr/local/python3.12.13/bin/python3 -c from multiprocessing.forkserver import main; main(82, 84, [], **{})
 101165  101149 root      0.0  0.0  1-13:51:31 /usr/local/python3.12.13/bin/python3 -c from multiprocessing.forkserver import main; main(82, 84, [], **{})
 101220   89395 root      0.0  0.0  1-13:51:31 /usr/local/python3.12.13/bin/python3 -c from multiprocessing.forkserver import main; main(99, 101, [], **{})
 101222  101220 root      0.0  0.0  1-13:51:31 /usr/local/python3.12.13/bin/python3 -c from multiprocessing.forkserver import main; main(99, 101, [], **{})
 101223  101220 root      0.0  0.0  1-13:51:31 /usr/local/python3.12.13/bin/python3 -c from multiprocessing.forkserver import main; main(99, 101, [], **{})
 101224  101220 root      0.0  0.0  1-13:51:31 /usr/local/python3.12.13/bin/python3 -c from multiprocessing.forkserver import main; main(99, 101, [], **{})
 101225  101220 root      0.0  0.0  1-13:51:31 /usr/local/python3.12.13/bin/python3 -c from multiprocessing.forkserver import main; main(99, 101, [], **{})
 101226  101220 root      0.0  0.0  1-13:51:31 /usr/local/python3.12.13/bin/python3 -c from multiprocessing.forkserver import main; main(99, 101, [], **{})
 101227  101220 root      0.0  0.0  1-13:51:31 /usr/local/python3.12.13/bin/python3 -c from multiprocessing.forkserver import main; main(99, 101, [], **{})
 101228  101220 root      0.0  0.0  1-13:51:31 /usr/local/python3.12.13/bin/python3 -c from multiprocessing.forkserver import main; main(99, 101, [], **{})
 101229  101220 root      0.0  0.0  1-13:51:31 /usr/local/python3.12.13/bin/python3 -c from multiprocessing.forkserver import main; main(99, 101, [], **{})
 101230  101220 root      0.0  0.0  1-13:51:31 /usr/local/python3.12.13/bin/python3 -c from multiprocessing.forkserver import main; main(99, 101, [], **{})
 101259  101149 root      0.0  0.0  1-13:51:31 /usr/local/python3.12.13/bin/python3 -c from multiprocessing.forkserver import main; main(82, 84, [], **{})
 101260  101149 root      0.0  0.0  1-13:51:31 /usr/local/python3.12.13/bin/python3 -c from multiprocessing.forkserver import main; main(82, 84, [], **{})
 101261  101149 root      0.0  0.0  1-13:51:31 /usr/local/python3.12.13/bin/python3 -c from multiprocessing.forkserver import main; main(82, 84, [], **{})
 101262  101149 root      0.0  0.0  1-13:51:31 /usr/local/python3.12.13/bin/python3 -c from multiprocessing.forkserver import main; main(82, 84, [], **{})
 101263  101149 root      0.0  0.0  1-13:51:31 /usr/local/python3.12.13/bin/python3 -c from multiprocessing.forkserver import main; main(82, 84, [], **{})
 101264  101149 root      0.0  0.0  1-13:51:31 /usr/local/python3.12.13/bin/python3 -c from multiprocessing.forkserver import main; main(82, 84, [], **{})
 101265  101149 root      0.0  0.0  1-13:51:31 /usr/local/python3.12.13/bin/python3 -c from multiprocessing.forkserver import main; main(82, 84, [], **{})
 101266  101149 root      0.0  0.0  1-13:51:31 /usr/local/python3.12.13/bin/python3 -c from multiprocessing.forkserver import main; main(82, 84, [], **{})
 101267  101220 root      0.0  0.0  1-13:51:31 /usr/local/python3.12.13/bin/python3 -c from multiprocessing.forkserver import main; main(99, 101, [], **{})
 101268  101220 root      0.0  0.0  1-13:51:31 /usr/local/python3.12.13/bin/python3 -c from multiprocessing.forkserver import main; main(99, 101, [], **{})
 101269  101220 root      0.0  0.0  1-13:51:31 /usr/local/python3.12.13/bin/python3 -c from multiprocessing.forkserver import main; main(99, 101, [], **{})
 101270  101220 root      0.0  0.0  1-13:51:31 /usr/local/python3.12.13/bin/python3 -c from multiprocessing.forkserver import main; main(99, 101, [], **{})
 101271  101220 root      0.0  0.0  1-13:51:31 /usr/local/python3.12.13/bin/python3 -c from multiprocessing.forkserver import main; main(99, 101, [], **{})
 101272  101220 root      0.0  0.0  1-13:51:31 /usr/local/python3.12.13/bin/python3 -c from multiprocessing.forkserver import main; main(99, 101, [], **{})
 101273  101220 root      0.0  0.0  1-13:51:31 /usr/local/python3.12.13/bin/python3 -c from multiprocessing.forkserver import main; main(99, 101, [], **{})
 101274  101220 root      0.0  0.0  1-13:51:31 /usr/local/python3.12.13/bin/python3 -c from multiprocessing.forkserver import main; main(99, 101, [], **{})
 101463   91055 root      0.0  0.0  1-13:51:30 /usr/local/python3.12.13/bin/python3 -c from multiprocessing.forkserver import main; main(82, 84, [], **{})
 101467  101463 root      0.0  0.0  1-13:51:29 /usr/local/python3.12.13/bin/python3 -c from multiprocessing.forkserver import main; main(82, 84, [], **{})
 101468  101463 root      0.0  0.0  1-13:51:29 /usr/local/python3.12.13/bin/python3 -c from multiprocessing.forkserver import main; main(82, 84, [], **{})
 101469  101463 root      0.0  0.0  1-13:51:29 /usr/local/python3.12.13/bin/python3 -c from multiprocessing.forkserver import main; main(82, 84, [], **{})
 101470  101463 root      0.0  0.0  1-13:51:29 /usr/local/python3.12.13/bin/python3 -c from multiprocessing.forkserver import main; main(82, 84, [], **{})
 101471  101463 root      0.0  0.0  1-13:51:29 /usr/local/python3.12.13/bin/python3 -c from multiprocessing.forkserver import main; main(82, 84, [], **{})
 101472  101463 root      0.0  0.0  1-13:51:29 /usr/local/python3.12.13/bin/python3 -c from multiprocessing.forkserver import main; main(82, 84, [], **{})
 101473  101463 root      0.0  0.0  1-13:51:29 /usr/local/python3.12.13/bin/python3 -c from multiprocessing.forkserver import main; main(82, 84, [], **{})
 101474  101463 root      0.0  0.0  1-13:51:29 /usr/local/python3.12.13/bin/python3 -c from multiprocessing.forkserver import main; main(82, 84, [], **{})
 101475  101463 root      0.0  0.0  1-13:51:29 /usr/local/python3.12.13/bin/python3 -c from multiprocessing.forkserver import main; main(82, 84, [], **{})
 101518  101463 root      0.0  0.0  1-13:51:29 /usr/local/python3.12.13/bin/python3 -c from multiprocessing.forkserver import main; main(82, 84, [], **{})
 101519  101463 root      0.0  0.0  1-13:51:29 /usr/local/python3.12.13/bin/python3 -c from multiprocessing.forkserver import main; main(82, 84, [], **{})
 101520  101463 root      0.0  0.0  1-13:51:29 /usr/local/python3.12.13/bin/python3 -c from multiprocessing.forkserver import main; main(82, 84, [], **{})
 101521  101463 root      0.0  0.0  1-13:51:29 /usr/local/python3.12.13/bin/python3 -c from multiprocessing.forkserver import main; main(82, 84, [], **{})
 101522  101463 root      0.0  0.0  1-13:51:29 /usr/local/python3.12.13/bin/python3 -c from multiprocessing.forkserver import main; main(82, 84, [], **{})
 101523  101463 root      0.0  0.0  1-13:51:29 /usr/local/python3.12.13/bin/python3 -c from multiprocessing.forkserver import main; main(82, 84, [], **{})
 101524  101463 root      0.0  0.0  1-13:51:29 /usr/local/python3.12.13/bin/python3 -c from multiprocessing.forkserver import main; main(82, 84, [], **{})
 101525  101463 root      0.0  0.0  1-13:51:29 /usr/local/python3.12.13/bin/python3 -c from multiprocessing.forkserver import main; main(82, 84, [], **{})
 102072   92813 root      0.0  0.0  1-13:51:27 /usr/local/python3.12.13/bin/python3 -c from multiprocessing.forkserver import main; main(82, 84, [], **{})
 102203  102072 root      0.0  0.0  1-13:51:27 /usr/local/python3.12.13/bin/python3 -c from multiprocessing.forkserver import main; main(82, 84, [], **{})
 102204  102072 root      0.0  0.0  1-13:51:27 /usr/local/python3.12.13/bin/python3 -c from multiprocessing.forkserver import main; main(82, 84, [], **{})
 102205  102072 root      0.0  0.0  1-13:51:27 /usr/local/python3.12.13/bin/python3 -c from multiprocessing.forkserver import main; main(82, 84, [], **{})
 102206  102072 root      0.0  0.0  1-13:51:27 /usr/local/python3.12.13/bin/python3 -c from multiprocessing.forkserver import main; main(82, 84, [], **{})
 102207  102072 root      0.0  0.0  1-13:51:27 /usr/local/python3.12.13/bin/python3 -c from multiprocessing.forkserver import main; main(82, 84, [], **{})
 102208  102072 root      0.0  0.0  1-13:51:27 /usr/local/python3.12.13/bin/python3 -c from multiprocessing.forkserver import main; main(82, 84, [], **{})
 102209  102072 root      0.0  0.0  1-13:51:27 /usr/local/python3.12.13/bin/python3 -c from multiprocessing.forkserver import main; main(82, 84, [], **{})
 102210  102072 root      0.0  0.0  1-13:51:27 /usr/local/python3.12.13/bin/python3 -c from multiprocessing.forkserver import main; main(82, 84, [], **{})
 102211  102072 root      0.0  0.0  1-13:51:27 /usr/local/python3.12.13/bin/python3 -c from multiprocessing.forkserver import main; main(82, 84, [], **{})
 102261  102072 root      0.0  0.0  1-13:51:26 /usr/local/python3.12.13/bin/python3 -c from multiprocessing.forkserver import main; main(82, 84, [], **{})
 102262  102072 root      0.0  0.0  1-13:51:26 /usr/local/python3.12.13/bin/python3 -c from multiprocessing.forkserver import main; main(82, 84, [], **{})
 102263  102072 root      0.0  0.0  1-13:51:26 /usr/local/python3.12.13/bin/python3 -c from multiprocessing.forkserver import main; main(82, 84, [], **{})
 102264  102072 root      0.0  0.0  1-13:51:26 /usr/local/python3.12.13/bin/python3 -c from multiprocessing.forkserver import main; main(82, 84, [], **{})
 102265  102072 root      0.0  0.0  1-13:51:26 /usr/local/python3.12.13/bin/python3 -c from multiprocessing.forkserver import main; main(82, 84, [], **{})
 102266  102072 root      0.0  0.0  1-13:51:26 /usr/local/python3.12.13/bin/python3 -c from multiprocessing.forkserver import main; main(82, 84, [], **{})
 102267  102072 root      0.0  0.0  1-13:51:26 /usr/local/python3.12.13/bin/python3 -c from multiprocessing.forkserver import main; main(82, 84, [], **{})
 102268  102072 root      0.0  0.0  1-13:51:26 /usr/local/python3.12.13/bin/python3 -c from multiprocessing.forkserver import main; main(82, 84, [], **{})
 363525 1678571 hxw       3.2  0.0  1-13:12:16 /home/data4t1/hxw/anaconda3/bin/python3.10 /home/data4t1/hxw/anaconda3/bin/nputop
 531969 2298726 hxw       2.5  0.0 29-13:45:43 /home/data4t2/hxwDir/hxw_moved/conda_envs/opd/bin/python /home/data4t2/hxwDir/hxw_moved/conda_envs/opd/bin/tensorboard --logdir /home/data4t2/hxwDir/hxw_moved/opd-resources/runs/train --host 0.0.0.0 --port 6006
 644507       1 hxw       0.2  0.0 161-07:36:07 /home/data4t1/hxw/anaconda3/envs/dfkd/bin/python3.10 /home/data4t1/hxw/anaconda3/envs/dfkd/bin/tensorboard --logdir=/home/data4t2/hxwDir/hxw_moved/dfkd/runs/datafree-nayer_df/ --port=6007 --bind_all
2033118 3834144 hxw       3.2  0.0 64-12:32:37 /home/data4t1/hxw/anaconda3/bin/python3.10 /home/data4t1/hxw/anaconda3/bin/nputop
2588208 3192131 wangjie+  137  0.2       00:49 /home/data4t1/wangjielei/.vscode-server/cli/servers/Stable-7debcd0e2acdea1c52de81bf9ee1620444407dda/server/node /home/data4t1/wangjielei/.vscode-server/extensions/ms-python.vscode-pylance-2026.3.1/dist/server.bundle.js --cancellationReceive=file:1f6d69b0282a1b0a0a7c598e92fda6e5e6769133c0 --node-ipc --clientProcessId=3192131
2916664 2914109 hxw       2.9  0.0 93-08:15:55 /home/data4t1/hxw/anaconda3/bin/python3.10 /home/data4t1/hxw/anaconda3/bin/nputop
2991304 2429127 hxw       0.0  0.3  1-17:43:10 /home/data4t2/hxwDir/hxw_moved/conda_envs/opd/bin/python -m tools.visual_opd.llm_eval_browser.server --data-root /home/data4t2/hxwDir/hxw_moved/verl-npu-opd/dataset/llm_eval --host 0.0.0.0 --port 8767
2992910 2577231 zhangka+  0.4  0.2 10-05:20:12 /home/data4t1/zhangkaijie/conda/envs/qwen38_a2/bin/python3.12 /home/data4t1/zhangkaijie/conda/envs/qwen38_a2/bin/vllm serve /home/data4t2/models/Qwen3.8-27B-w8a8 --host 0.0.0.0 --port 9000 --tensor-parallel-size 1 --max-model-len 200000 --max-num-seqs 8 --max-num-batched-tokens 16384 --enable-prefix-caching --trust-remote-code --speculative-config {"method":"mtp","num_speculative_tokens":4} --enable-auto-tool-choice --tool-call-parser qwen3_coder --gpu-memory-utilization 0.85
2999854 2992910 zhangka+  0.0  0.0 10-05:19:26 /home/data4t1/zhangkaijie/conda/envs/qwen38_a2/bin/python3.12 -c from multiprocessing.resource_tracker import main;main(39)
2999855 2992910 zhangka+ 14.9  0.3 10-05:19:26 VLLM::EngineCore
3008420 2999855 zhangka+  0.0  0.0 10-05:18:26 /home/data4t1/zhangkaijie/conda/envs/qwen38_a2/bin/python3.12 -c from multiprocessing.spawn import spawn_main; spawn_main(tracker_fd=40, pipe_handle=84) --multiprocessing-fork
3009726 2999855 zhangka+  0.0  0.0 10-05:18:17 /home/data4t1/zhangkaijie/conda/envs/qwen38_a2/bin/python3.12 -c from multiprocessing.forkserver import main; main(81, 83, [], **{})
3009729 3009726 zhangka+  0.0  0.0 10-05:18:17 /home/data4t1/zhangkaijie/conda/envs/qwen38_a2/bin/python3.12 -c from multiprocessing.forkserver import main; main(81, 83, [], **{})
3009731 3009726 zhangka+  0.0  0.0 10-05:18:17 /home/data4t1/zhangkaijie/conda/envs/qwen38_a2/bin/python3.12 -c from multiprocessing.forkserver import main; main(81, 83, [], **{})
3009733 3009726 zhangka+  0.0  0.0 10-05:18:17 /home/data4t1/zhangkaijie/conda/envs/qwen38_a2/bin/python3.12 -c from multiprocessing.forkserver import main; main(81, 83, [], **{})
3009734 3009726 zhangka+  0.0  0.0 10-05:18:17 /home/data4t1/zhangkaijie/conda/envs/qwen38_a2/bin/python3.12 -c from multiprocessing.forkserver import main; main(81, 83, [], **{})
3009736 3009726 zhangka+  0.0  0.0 10-05:18:17 /home/data4t1/zhangkaijie/conda/envs/qwen38_a2/bin/python3.12 -c from multiprocessing.forkserver import main; main(81, 83, [], **{})
3009739 3009726 zhangka+  0.0  0.0 10-05:18:17 /home/data4t1/zhangkaijie/conda/envs/qwen38_a2/bin/python3.12 -c from multiprocessing.forkserver import main; main(81, 83, [], **{})
3009740 3009726 zhangka+  0.0  0.0 10-05:18:17 /home/data4t1/zhangkaijie/conda/envs/qwen38_a2/bin/python3.12 -c from multiprocessing.forkserver import main; main(81, 83, [], **{})
3009741 3009726 zhangka+  0.0  0.0 10-05:18:17 /home/data4t1/zhangkaijie/conda/envs/qwen38_a2/bin/python3.12 -c from multiprocessing.forkserver import main; main(81, 83, [], **{})
3009742 3009726 zhangka+  0.0  0.0 10-05:18:17 /home/data4t1/zhangkaijie/conda/envs/qwen38_a2/bin/python3.12 -c from multiprocessing.forkserver import main; main(81, 83, [], **{})
3009773 3009726 zhangka+  0.0  0.0 10-05:18:16 /home/data4t1/zhangkaijie/conda/envs/qwen38_a2/bin/python3.12 -c from multiprocessing.forkserver import main; main(81, 83, [], **{})
3009774 3009726 zhangka+  0.0  0.0 10-05:18:16 /home/data4t1/zhangkaijie/conda/envs/qwen38_a2/bin/python3.12 -c from multiprocessing.forkserver import main; main(81, 83, [], **{})
3009775 3009726 zhangka+  0.0  0.0 10-05:18:16 /home/data4t1/zhangkaijie/conda/envs/qwen38_a2/bin/python3.12 -c from multiprocessing.forkserver import main; main(81, 83, [], **{})
3009776 3009726 zhangka+  0.0  0.0 10-05:18:16 /home/data4t1/zhangkaijie/conda/envs/qwen38_a2/bin/python3.12 -c from multiprocessing.forkserver import main; main(81, 83, [], **{})
3009777 3009726 zhangka+  0.0  0.0 10-05:18:16 /home/data4t1/zhangkaijie/conda/envs/qwen38_a2/bin/python3.12 -c from multiprocessing.forkserver import main; main(81, 83, [], **{})
3009778 3009726 zhangka+  0.0  0.0 10-05:18:16 /home/data4t1/zhangkaijie/conda/envs/qwen38_a2/bin/python3.12 -c from multiprocessing.forkserver import main; main(81, 83, [], **{})
3009779 3009726 zhangka+  0.0  0.0 10-05:18:16 /home/data4t1/zhangkaijie/conda/envs/qwen38_a2/bin/python3.12 -c from multiprocessing.forkserver import main; main(81, 83, [], **{})
3009780 3009726 zhangka+  0.0  0.0 10-05:18:16 /home/data4t1/zhangkaijie/conda/envs/qwen38_a2/bin/python3.12 -c from multiprocessing.forkserver import main; main(81, 83, [], **{})
3121422 3458196 gouhang   0.0  0.4    19:38:03 python MMGIT/train/train_mem.py --model_name_or_path lmsys/vicuna-7b-v1.5-16k --version v1 --cache_dir ./checkpoint --pretrained_embedding_type clip_mix --tune_mm_mlp_adapter True --mm_use_graph_start_end False --mm_use_graph_patch_token False --bf16 True --fp16 False --output_dir ./checkpoints/Movies/mlaga-vicuna-7b-Movies-clip_mix-2-10-2layer-TIQ_demo-nc-4epoch-bs2-len2048 --num_train_epochs 4 --per_device_train_batch_size 2 --per_device_eval_batch_size 2 --gradient_accumulation_steps 4 --evaluation_strategy no --save_strategy epoch --learning_rate 2e-5 --weight_decay 0. --warmup_ratio 0.03 --lr_scheduler_type cosine --logging_steps 1 --tf32 False --model_max_length 2048 --gradient_checkpointing True --lazy_preprocess True --report_to none --use_hop 2 --sample_neighbor_size 10 --mm_projector_type 2-layer-mlp --use_task nc --use_dataset Movies --template TIQ_demo --is_general_model False --is_data_task_general False --is_cross_task_attention True --dataset_task_mapping Movies:nc --cross_attn_layers 1
3121471 3458196 gouhang   0.0  0.4    19:38:02 python MMGIT/train/train_mem.py --model_name_or_path lmsys/vicuna-7b-v1.5-16k --version v1 --cache_dir ./checkpoint --pretrained_embedding_type clip_mix --tune_mm_mlp_adapter True --mm_use_graph_start_end False --mm_use_graph_patch_token False --bf16 True --fp16 False --output_dir ./checkpoints/Movies/mlaga-vicuna-7b-Movies-clip_mix-2-10-2layer-TIQ_demo-nc-4epoch-bs2-len2048 --num_train_epochs 4 --per_device_train_batch_size 2 --per_device_eval_batch_size 2 --gradient_accumulation_steps 4 --evaluation_strategy no --save_strategy epoch --learning_rate 2e-5 --weight_decay 0. --warmup_ratio 0.03 --lr_scheduler_type cosine --logging_steps 1 --tf32 False --model_max_length 2048 --gradient_checkpointing True --lazy_preprocess True --report_to none --use_hop 2 --sample_neighbor_size 10 --mm_projector_type 2-layer-mlp --use_task nc --use_dataset Movies --template TIQ_demo --is_general_model False --is_data_task_general False --is_cross_task_attention True --dataset_task_mapping Movies:nc --cross_attn_layers 1
3121520 3458196 gouhang   0.0  0.4    19:38:02 python MMGIT/train/train_mem.py --model_name_or_path lmsys/vicuna-7b-v1.5-16k --version v1 --cache_dir ./checkpoint --pretrained_embedding_type clip_mix --tune_mm_mlp_adapter True --mm_use_graph_start_end False --mm_use_graph_patch_token False --bf16 True --fp16 False --output_dir ./checkpoints/Movies/mlaga-vicuna-7b-Movies-clip_mix-2-10-2layer-TIQ_demo-nc-4epoch-bs2-len2048 --num_train_epochs 4 --per_device_train_batch_size 2 --per_device_eval_batch_size 2 --gradient_accumulation_steps 4 --evaluation_strategy no --save_strategy epoch --learning_rate 2e-5 --weight_decay 0. --warmup_ratio 0.03 --lr_scheduler_type cosine --logging_steps 1 --tf32 False --model_max_length 2048 --gradient_checkpointing True --lazy_preprocess True --report_to none --use_hop 2 --sample_neighbor_size 10 --mm_projector_type 2-layer-mlp --use_task nc --use_dataset Movies --template TIQ_demo --is_general_model False --is_data_task_general False --is_cross_task_attention True --dataset_task_mapping Movies:nc --cross_attn_layers 1
3121560 3458196 gouhang   0.0  0.4    19:38:02 python MMGIT/train/train_mem.py --model_name_or_path lmsys/vicuna-7b-v1.5-16k --version v1 --cache_dir ./checkpoint --pretrained_embedding_type clip_mix --tune_mm_mlp_adapter True --mm_use_graph_start_end False --mm_use_graph_patch_token False --bf16 True --fp16 False --output_dir ./checkpoints/Movies/mlaga-vicuna-7b-Movies-clip_mix-2-10-2layer-TIQ_demo-nc-4epoch-bs2-len2048 --num_train_epochs 4 --per_device_train_batch_size 2 --per_device_eval_batch_size 2 --gradient_accumulation_steps 4 --evaluation_strategy no --save_strategy epoch --learning_rate 2e-5 --weight_decay 0. --warmup_ratio 0.03 --lr_scheduler_type cosine --logging_steps 1 --tf32 False --model_max_length 2048 --gradient_checkpointing True --lazy_preprocess True --report_to none --use_hop 2 --sample_neighbor_size 10 --mm_projector_type 2-layer-mlp --use_task nc --use_dataset Movies --template TIQ_demo --is_general_model False --is_data_task_general False --is_cross_task_attention True --dataset_task_mapping Movies:nc --cross_attn_layers 1
3121615 3458196 gouhang   0.0  0.4    19:38:02 python MMGIT/train/train_mem.py --model_name_or_path lmsys/vicuna-7b-v1.5-16k --version v1 --cache_dir ./checkpoint --pretrained_embedding_type clip_mix --tune_mm_mlp_adapter True --mm_use_graph_start_end False --mm_use_graph_patch_token False --bf16 True --fp16 False --output_dir ./checkpoints/Movies/mlaga-vicuna-7b-Movies-clip_mix-2-10-2layer-TIQ_demo-nc-4epoch-bs2-len2048 --num_train_epochs 4 --per_device_train_batch_size 2 --per_device_eval_batch_size 2 --gradient_accumulation_steps 4 --evaluation_strategy no --save_strategy epoch --learning_rate 2e-5 --weight_decay 0. --warmup_ratio 0.03 --lr_scheduler_type cosine --logging_steps 1 --tf32 False --model_max_length 2048 --gradient_checkpointing True --lazy_preprocess True --report_to none --use_hop 2 --sample_neighbor_size 10 --mm_projector_type 2-layer-mlp --use_task nc --use_dataset Movies --template TIQ_demo --is_general_model False --is_data_task_general False --is_cross_task_attention True --dataset_task_mapping Movies:nc --cross_attn_layers 1
3121650 3458196 gouhang   0.0  0.4    19:38:02 python MMGIT/train/train_mem.py --model_name_or_path lmsys/vicuna-7b-v1.5-16k --version v1 --cache_dir ./checkpoint --pretrained_embedding_type clip_mix --tune_mm_mlp_adapter True --mm_use_graph_start_end False --mm_use_graph_patch_token False --bf16 True --fp16 False --output_dir ./checkpoints/Movies/mlaga-vicuna-7b-Movies-clip_mix-2-10-2layer-TIQ_demo-nc-4epoch-bs2-len2048 --num_train_epochs 4 --per_device_train_batch_size 2 --per_device_eval_batch_size 2 --gradient_accumulation_steps 4 --evaluation_strategy no --save_strategy epoch --learning_rate 2e-5 --weight_decay 0. --warmup_ratio 0.03 --lr_scheduler_type cosine --logging_steps 1 --tf32 False --model_max_length 2048 --gradient_checkpointing True --lazy_preprocess True --report_to none --use_hop 2 --sample_neighbor_size 10 --mm_projector_type 2-layer-mlp --use_task nc --use_dataset Movies --template TIQ_demo --is_general_model False --is_data_task_general False --is_cross_task_attention True --dataset_task_mapping Movies:nc --cross_attn_layers 1
3121678 3458196 gouhang   0.0  0.4    19:38:02 python MMGIT/train/train_mem.py --model_name_or_path lmsys/vicuna-7b-v1.5-16k --version v1 --cache_dir ./checkpoint --pretrained_embedding_type clip_mix --tune_mm_mlp_adapter True --mm_use_graph_start_end False --mm_use_graph_patch_token False --bf16 True --fp16 False --output_dir ./checkpoints/Movies/mlaga-vicuna-7b-Movies-clip_mix-2-10-2layer-TIQ_demo-nc-4epoch-bs2-len2048 --num_train_epochs 4 --per_device_train_batch_size 2 --per_device_eval_batch_size 2 --gradient_accumulation_steps 4 --evaluation_strategy no --save_strategy epoch --learning_rate 2e-5 --weight_decay 0. --warmup_ratio 0.03 --lr_scheduler_type cosine --logging_steps 1 --tf32 False --model_max_length 2048 --gradient_checkpointing True --lazy_preprocess True --report_to none --use_hop 2 --sample_neighbor_size 10 --mm_projector_type 2-layer-mlp --use_task nc --use_dataset Movies --template TIQ_demo --is_general_model False --is_data_task_general False --is_cross_task_attention True --dataset_task_mapping Movies:nc --cross_attn_layers 1
3121697 3458196 gouhang   0.0  0.4    19:38:01 python MMGIT/train/train_mem.py --model_name_or_path lmsys/vicuna-7b-v1.5-16k --version v1 --cache_dir ./checkpoint --pretrained_embedding_type clip_mix --tune_mm_mlp_adapter True --mm_use_graph_start_end False --mm_use_graph_patch_token False --bf16 True --fp16 False --output_dir ./checkpoints/Movies/mlaga-vicuna-7b-Movies-clip_mix-2-10-2layer-TIQ_demo-nc-4epoch-bs2-len2048 --num_train_epochs 4 --per_device_train_batch_size 2 --per_device_eval_batch_size 2 --gradient_accumulation_steps 4 --evaluation_strategy no --save_strategy epoch --learning_rate 2e-5 --weight_decay 0. --warmup_ratio 0.03 --lr_scheduler_type cosine --logging_steps 1 --tf32 False --model_max_length 2048 --gradient_checkpointing True --lazy_preprocess True --report_to none --use_hop 2 --sample_neighbor_size 10 --mm_projector_type 2-layer-mlp --use_task nc --use_dataset Movies --template TIQ_demo --is_general_model False --is_data_task_general False --is_cross_task_attention True --dataset_task_mapping Movies:nc --cross_attn_layers 1
3182512 3170962 ldm       0.0  0.0 149-08:51:36 python3
3192521 3192131 wangjie+  0.0  0.0    10:09:02 /home/data4t1/wangjielei/.vscode-server/extensions/ms-python.vscode-python-envs-1.36.0-linux-arm64/python-env-tools/bin/pet server
3194183 3192131 wangjie+  0.0  0.0    10:08:55 /home/data4t1/wangjielei/anaconda3/bin/python /home/data4t1/wangjielei/.vscode-server/extensions/ms-python.autopep8-2026.4.0/bundled/tool/lsp_server.py
3458196 1923574 gouhang  67.9  0.5  7-17:04:35 python MMGIT/train/train_mem.py --model_name_or_path lmsys/vicuna-7b-v1.5-16k --version v1 --cache_dir ./checkpoint --pretrained_embedding_type clip_mix --tune_mm_mlp_adapter True --mm_use_graph_start_end False --mm_use_graph_patch_token False --bf16 True --fp16 False --output_dir ./checkpoints/Movies/mlaga-vicuna-7b-Movies-clip_mix-2-10-2layer-TIQ_demo-nc-4epoch-bs2-len2048 --num_train_epochs 4 --per_device_train_batch_size 2 --per_device_eval_batch_size 2 --gradient_accumulation_steps 4 --evaluation_strategy no --save_strategy epoch --learning_rate 2e-5 --weight_decay 0. --warmup_ratio 0.03 --lr_scheduler_type cosine --logging_steps 1 --tf32 False --model_max_length 2048 --gradient_checkpointing True --lazy_preprocess True --report_to none --use_hop 2 --sample_neighbor_size 10 --mm_projector_type 2-layer-mlp --use_task nc --use_dataset Movies --template TIQ_demo --is_general_model False --is_data_task_general False --is_cross_task_attention True --dataset_task_mapping Movies:nc --cross_attn_layers 1
3461222 3458196 gouhang   0.0  0.1  7-17:04:17 python MMGIT/train/train_mem.py --model_name_or_path lmsys/vicuna-7b-v1.5-16k --version v1 --cache_dir ./checkpoint --pretrained_embedding_type clip_mix --tune_mm_mlp_adapter True --mm_use_graph_start_end False --mm_use_graph_patch_token False --bf16 True --fp16 False --output_dir ./checkpoints/Movies/mlaga-vicuna-7b-Movies-clip_mix-2-10-2layer-TIQ_demo-nc-4epoch-bs2-len2048 --num_train_epochs 4 --per_device_train_batch_size 2 --per_device_eval_batch_size 2 --gradient_accumulation_steps 4 --evaluation_strategy no --save_strategy epoch --learning_rate 2e-5 --weight_decay 0. --warmup_ratio 0.03 --lr_scheduler_type cosine --logging_steps 1 --tf32 False --model_max_length 2048 --gradient_checkpointing True --lazy_preprocess True --report_to none --use_hop 2 --sample_neighbor_size 10 --mm_projector_type 2-layer-mlp --use_task nc --use_dataset Movies --template TIQ_demo --is_general_model False --is_data_task_general False --is_cross_task_attention True --dataset_task_mapping Movies:nc --cross_attn_layers 1
3461283 3458196 gouhang   0.0  0.0  7-17:04:17 /home/data4t1/gouhang/anaconda3/envs/mlaga/bin/python -c from multiprocessing.resource_tracker import main;main(27)
3461284 3458196 gouhang   0.0  0.0  7-17:04:17 /home/data4t1/gouhang/anaconda3/envs/mlaga/bin/python -c from multiprocessing.forkserver import main; main(27, 30, [], **{})
3461296 3461284 gouhang   0.0  0.0  7-17:04:17 /home/data4t1/gouhang/anaconda3/envs/mlaga/bin/python -c from multiprocessing.forkserver import main; main(27, 30, [], **{})
3461297 3461284 gouhang   0.0  0.0  7-17:04:17 /home/data4t1/gouhang/anaconda3/envs/mlaga/bin/python -c from multiprocessing.forkserver import main; main(27, 30, [], **{})
3461298 3461284 gouhang   0.0  0.0  7-17:04:17 /home/data4t1/gouhang/anaconda3/envs/mlaga/bin/python -c from multiprocessing.forkserver import main; main(27, 30, [], **{})
3461299 3461284 gouhang   0.0  0.0  7-17:04:17 /home/data4t1/gouhang/anaconda3/envs/mlaga/bin/python -c from multiprocessing.forkserver import main; main(27, 30, [], **{})
3461300 3461284 gouhang   0.0  0.0  7-17:04:17 /home/data4t1/gouhang/anaconda3/envs/mlaga/bin/python -c from multiprocessing.forkserver import main; main(27, 30, [], **{})
3461302 3461284 gouhang   0.0  0.0  7-17:04:17 /home/data4t1/gouhang/anaconda3/envs/mlaga/bin/python -c from multiprocessing.forkserver import main; main(27, 30, [], **{})
3461304 3461284 gouhang   0.0  0.0  7-17:04:17 /home/data4t1/gouhang/anaconda3/envs/mlaga/bin/python -c from multiprocessing.forkserver import main; main(27, 30, [], **{})
3461306 3461284 gouhang   0.0  0.0  7-17:04:17 /home/data4t1/gouhang/anaconda3/envs/mlaga/bin/python -c from multiprocessing.forkserver import main; main(27, 30, [], **{})
3461309 3461284 gouhang   0.0  0.0  7-17:04:17 /home/data4t1/gouhang/anaconda3/envs/mlaga/bin/python -c from multiprocessing.forkserver import main; main(27, 30, [], **{})
3461508 3461284 gouhang   0.0  0.0  7-17:04:16 /home/data4t1/gouhang/anaconda3/envs/mlaga/bin/python -c from multiprocessing.forkserver import main; main(27, 30, [], **{})
3461509 3461284 gouhang   0.0  0.0  7-17:04:16 /home/data4t1/gouhang/anaconda3/envs/mlaga/bin/python -c from multiprocessing.forkserver import main; main(27, 30, [], **{})
3461510 3461284 gouhang   0.0  0.0  7-17:04:16 /home/data4t1/gouhang/anaconda3/envs/mlaga/bin/python -c from multiprocessing.forkserver import main; main(27, 30, [], **{})
3461511 3461284 gouhang   0.0  0.0  7-17:04:16 /home/data4t1/gouhang/anaconda3/envs/mlaga/bin/python -c from multiprocessing.forkserver import main; main(27, 30, [], **{})
3461512 3461284 gouhang   0.0  0.0  7-17:04:16 /home/data4t1/gouhang/anaconda3/envs/mlaga/bin/python -c from multiprocessing.forkserver import main; main(27, 30, [], **{})
3461513 3461284 gouhang   0.0  0.0  7-17:04:16 /home/data4t1/gouhang/anaconda3/envs/mlaga/bin/python -c from multiprocessing.forkserver import main; main(27, 30, [], **{})
3461514 3461284 gouhang   0.0  0.0  7-17:04:16 /home/data4t1/gouhang/anaconda3/envs/mlaga/bin/python -c from multiprocessing.forkserver import main; main(27, 30, [], **{})
3461515 3461284 gouhang   0.0  0.0  7-17:04:16 /home/data4t1/gouhang/anaconda3/envs/mlaga/bin/python -c from multiprocessing.forkserver import main; main(27, 30, [], **{})
3461516 3461284 gouhang   0.0  0.0  7-17:04:16 /home/data4t1/gouhang/anaconda3/envs/mlaga/bin/python -c from multiprocessing.forkserver import main; main(27, 30, [], **{})
3461517 3461284 gouhang   0.0  0.0  7-17:04:16 /home/data4t1/gouhang/anaconda3/envs/mlaga/bin/python -c from multiprocessing.forkserver import main; main(27, 30, [], **{})
3461518 3461284 gouhang   0.0  0.0  7-17:04:16 /home/data4t1/gouhang/anaconda3/envs/mlaga/bin/python -c from multiprocessing.forkserver import main; main(27, 30, [], **{})
3461519 3461284 gouhang   0.0  0.0  7-17:04:16 /home/data4t1/gouhang/anaconda3/envs/mlaga/bin/python -c from multiprocessing.forkserver import main; main(27, 30, [], **{})
3461520 3461284 gouhang   0.0  0.0  7-17:04:16 /home/data4t1/gouhang/anaconda3/envs/mlaga/bin/python -c from multiprocessing.forkserver import main; main(27, 30, [], **{})
3461521 3461284 gouhang   0.0  0.0  7-17:04:16 /home/data4t1/gouhang/anaconda3/envs/mlaga/bin/python -c from multiprocessing.forkserver import main; main(27, 30, [], **{})
3461522 3461284 gouhang   0.0  0.0  7-17:04:16 /home/data4t1/gouhang/anaconda3/envs/mlaga/bin/python -c from multiprocessing.forkserver import main; main(27, 30, [], **{})
3461523 3461284 gouhang   0.0  0.0  7-17:04:16 /home/data4t1/gouhang/anaconda3/envs/mlaga/bin/python -c from multiprocessing.forkserver import main; main(27, 30, [], **{})
3461524 3461284 gouhang   0.0  0.0  7-17:04:16 /home/data4t1/gouhang/anaconda3/envs/mlaga/bin/python -c from multiprocessing.forkserver import main; main(27, 30, [], **{})
3461525 3461284 gouhang   0.0  0.0  7-17:04:16 /home/data4t1/gouhang/anaconda3/envs/mlaga/bin/python -c from multiprocessing.forkserver import main; main(27, 30, [], **{})
3461526 3461284 gouhang   0.0  0.0  7-17:04:16 /home/data4t1/gouhang/anaconda3/envs/mlaga/bin/python -c from multiprocessing.forkserver import main; main(27, 30, [], **{})
3461527 3461284 gouhang   0.0  0.0  7-17:04:16 /home/data4t1/gouhang/anaconda3/envs/mlaga/bin/python -c from multiprocessing.forkserver import main; main(27, 30, [], **{})
3461528 3461284 gouhang   0.0  0.0  7-17:04:16 /home/data4t1/gouhang/anaconda3/envs/mlaga/bin/python -c from multiprocessing.forkserver import main; main(27, 30, [], **{})
3461529 3461284 gouhang   0.0  0.0  7-17:04:16 /home/data4t1/gouhang/anaconda3/envs/mlaga/bin/python -c from multiprocessing.forkserver import main; main(27, 30, [], **{})
3461530 3461284 gouhang   0.0  0.0  7-17:04:15 /home/data4t1/gouhang/anaconda3/envs/mlaga/bin/python -c from multiprocessing.forkserver import main; main(27, 30, [], **{})
3461531 3461284 gouhang   0.0  0.0  7-17:04:15 /home/data4t1/gouhang/anaconda3/envs/mlaga/bin/python -c from multiprocessing.forkserver import main; main(27, 30, [], **{})
3461532 3461284 gouhang   0.0  0.0  7-17:04:15 /home/data4t1/gouhang/anaconda3/envs/mlaga/bin/python -c from multiprocessing.forkserver import main; main(27, 30, [], **{})
3461533 3461284 gouhang   0.0  0.0  7-17:04:15 /home/data4t1/gouhang/anaconda3/envs/mlaga/bin/python -c from multiprocessing.forkserver import main; main(27, 30, [], **{})
3461534 3461284 gouhang   0.0  0.0  7-17:04:15 /home/data4t1/gouhang/anaconda3/envs/mlaga/bin/python -c from multiprocessing.forkserver import main; main(27, 30, [], **{})
3461535 3461284 gouhang   0.0  0.0  7-17:04:15 /home/data4t1/gouhang/anaconda3/envs/mlaga/bin/python -c from multiprocessing.forkserver import main; main(27, 30, [], **{})
3461536 3461284 gouhang   0.0  0.0  7-17:04:15 /home/data4t1/gouhang/anaconda3/envs/mlaga/bin/python -c from multiprocessing.forkserver import main; main(27, 30, [], **{})
3461537 3461284 gouhang   0.0  0.0  7-17:04:15 /home/data4t1/gouhang/anaconda3/envs/mlaga/bin/python -c from multiprocessing.forkserver import main; main(27, 30, [], **{})
3461538 3461284 gouhang   0.0  0.0  7-17:04:15 /home/data4t1/gouhang/anaconda3/envs/mlaga/bin/python -c from multiprocessing.forkserver import main; main(27, 30, [], **{})
3461539 3461284 gouhang   0.0  0.0  7-17:04:15 /home/data4t1/gouhang/anaconda3/envs/mlaga/bin/python -c from multiprocessing.forkserver import main; main(27, 30, [], **{})
3800830 3740120 hxw       3.3  0.0    17:55:13 /home/data4t1/hxw/anaconda3/bin/python3.10 /home/data4t1/hxw/anaconda3/bin/nputop
3920485 3583169 hxw       0.0  0.0 27-15:38:17 /home/data4t2/hxwDir/hxw_moved/conda_envs/opd/bin/python -m tools.visual_opd.rollout_browser.server
===== probe: BUILD-FIX-001 width=32768 =====
+ /home/data4t2/lelinfeng/phase4-workspaces/WIDE-X-FRESH4/build-server3/paired_local_probe_BUILD-FIX-001 BUILD-FIX-001 32768
label=BUILD-FIX-001 width=32768 correctness=PASS max_abs_error=0 latency_ns=299903,289722,287423,285102,284503,288752,284202,289323
probe_exit_code=0
===== load snapshot: after_BUILD_D32768 =====
2026-09-23T20:22:45+0000
+ npu-smi info -t usages -i 0
+ run_probe /home/data4t2/lelinfeng/phase4-workspaces/WIDE-X-FRESH4/build-server3/paired_local_probe_BUILD-FIX-001 BUILD-FIX-001 32768
+ bin=/home/data4t2/lelinfeng/phase4-workspaces/WIDE-X-FRESH4/build-server3/paired_local_probe_BUILD-FIX-001
+ label=BUILD-FIX-001
+ width=32768
+ echo '===== probe: BUILD-FIX-001 width=32768 ====='
+ echo '+ /home/data4t2/lelinfeng/phase4-workspaces/WIDE-X-FRESH4/build-server3/paired_local_probe_BUILD-FIX-001 BUILD-FIX-001 32768'
+ /home/data4t2/lelinfeng/phase4-workspaces/WIDE-X-FRESH4/build-server3/paired_local_probe_BUILD-FIX-001 BUILD-FIX-001 32768
+ status=0
+ echo probe_exit_code=0
+ return 0
+ snapshot after_BUILD_D32768
+ tag=after_BUILD_D32768
+ echo '===== load snapshot: after_BUILD_D32768 ====='
+ date +%Y-%m-%dT%H:%M:%S%z
+ for device in 0 1 2 3 4 5 6 7
+ echo '+ npu-smi info -t usages -i 0'
+ npu-smi info -t usages -i 0
	NPU ID                         : 0
	Chip Count                     : 1

	DDR Capacity(MB)               : 0
	DDR Usage Rate(%)              : 0
	DDR Hugepages Total(page)      : 0
	DDR Hugepages Usage Rate(%)    : 0
	HBM Capacity(MB)               : 65536
	HBM Usage Rate(%)              : 91
	Aicore Usage Rate(%)           : 33
	Aivector Usage Rate(%)         : 25
	Aicpu Usage Rate(%)            : 0
	Ctrlcpu Usage Rate(%)          : 1
	DDR Bandwidth Usage Rate(%)    : 0
	HBM Bandwidth Usage Rate(%)    : 29
	Chip ID                        : 0

+ npu-smi info -t usages -i 1
+ for device in 0 1 2 3 4 5 6 7
+ echo '+ npu-smi info -t usages -i 1'
+ npu-smi info -t usages -i 1
	NPU ID                         : 1
	Chip Count                     : 1

	DDR Capacity(MB)               : 0
	DDR Usage Rate(%)              : 0
	DDR Hugepages Total(page)      : 0
	DDR Hugepages Usage Rate(%)    : 0
	HBM Capacity(MB)               : 65536
	HBM Usage Rate(%)              : 91
	Aicore Usage Rate(%)           : 33
	Aivector Usage Rate(%)         : 25
	Aicpu Usage Rate(%)            : 0
	Ctrlcpu Usage Rate(%)          : 2
	DDR Bandwidth Usage Rate(%)    : 0
	HBM Bandwidth Usage Rate(%)    : 29
	Chip ID                        : 0

+ for device in 0 1 2 3 4 5 6 7
+ echo '+ npu-smi info -t usages -i 2'
+ npu-smi info -t usages -i 2
+ npu-smi info -t usages -i 2
	NPU ID                         : 2
	Chip Count                     : 1

	DDR Capacity(MB)               : 0
	DDR Usage Rate(%)              : 0
	DDR Hugepages Total(page)      : 0
	DDR Hugepages Usage Rate(%)    : 0
	HBM Capacity(MB)               : 65536
	HBM Usage Rate(%)              : 91
	Aicore Usage Rate(%)           : 32
	Aivector Usage Rate(%)         : 24
	Aicpu Usage Rate(%)            : 0
	Ctrlcpu Usage Rate(%)          : 5
	DDR Bandwidth Usage Rate(%)    : 0
	HBM Bandwidth Usage Rate(%)    : 29
	Chip ID                        : 0

+ npu-smi info -t usages -i 3
+ for device in 0 1 2 3 4 5 6 7
+ echo '+ npu-smi info -t usages -i 3'
+ npu-smi info -t usages -i 3
	NPU ID                         : 3
	Chip Count                     : 1

	DDR Capacity(MB)               : 0
	DDR Usage Rate(%)              : 0
	DDR Hugepages Total(page)      : 0
	DDR Hugepages Usage Rate(%)    : 0
	HBM Capacity(MB)               : 65536
	HBM Usage Rate(%)              : 91
	Aicore Usage Rate(%)           : 33
	Aivector Usage Rate(%)         : 24
	Aicpu Usage Rate(%)            : 0
	Ctrlcpu Usage Rate(%)          : 7
	DDR Bandwidth Usage Rate(%)    : 0
	HBM Bandwidth Usage Rate(%)    : 29
	Chip ID                        : 0

+ for device in 0 1 2 3 4 5 6 7
+ npu-smi info -t usages -i 4
+ echo '+ npu-smi info -t usages -i 4'
+ npu-smi info -t usages -i 4
	NPU ID                         : 4
	Chip Count                     : 1

	DDR Capacity(MB)               : 0
	DDR Usage Rate(%)              : 0
	DDR Hugepages Total(page)      : 0
	DDR Hugepages Usage Rate(%)    : 0
	HBM Capacity(MB)               : 65536
	HBM Usage Rate(%)              : 90
	Aicore Usage Rate(%)           : 0
	Aivector Usage Rate(%)         : 5
	Aicpu Usage Rate(%)            : 0
	Ctrlcpu Usage Rate(%)          : 5
	DDR Bandwidth Usage Rate(%)    : 0
	HBM Bandwidth Usage Rate(%)    : 0
	Chip ID                        : 0

+ for device in 0 1 2 3 4 5 6 7
+ npu-smi info -t usages -i 5
+ echo '+ npu-smi info -t usages -i 5'
+ npu-smi info -t usages -i 5
	NPU ID                         : 5
	Chip Count                     : 1

	DDR Capacity(MB)               : 0
	DDR Usage Rate(%)              : 0
	DDR Hugepages Total(page)      : 0
	DDR Hugepages Usage Rate(%)    : 0
	HBM Capacity(MB)               : 65536
	HBM Usage Rate(%)              : 91
	Aicore Usage Rate(%)           : 0
	Aivector Usage Rate(%)         : 0
	Aicpu Usage Rate(%)            : 0
	Ctrlcpu Usage Rate(%)          : 7
	DDR Bandwidth Usage Rate(%)    : 0
	HBM Bandwidth Usage Rate(%)    : 0
	Chip ID                        : 0

+ npu-smi info -t usages -i 6
+ for device in 0 1 2 3 4 5 6 7
+ echo '+ npu-smi info -t usages -i 6'
+ npu-smi info -t usages -i 6
	NPU ID                         : 6
	Chip Count                     : 1

	DDR Capacity(MB)               : 0
	DDR Usage Rate(%)              : 0
	DDR Hugepages Total(page)      : 0
	DDR Hugepages Usage Rate(%)    : 0
	HBM Capacity(MB)               : 65536
	HBM Usage Rate(%)              : 91
	Aicore Usage Rate(%)           : 0
	Aivector Usage Rate(%)         : 0
	Aicpu Usage Rate(%)            : 0
	Ctrlcpu Usage Rate(%)          : 12
	DDR Bandwidth Usage Rate(%)    : 0
	HBM Bandwidth Usage Rate(%)    : 0
	Chip ID                        : 0

+ for device in 0 1 2 3 4 5 6 7
+ npu-smi info -t usages -i 7
+ echo '+ npu-smi info -t usages -i 7'
+ npu-smi info -t usages -i 7
	NPU ID                         : 7
	Chip Count                     : 1

	DDR Capacity(MB)               : 0
	DDR Usage Rate(%)              : 0
	DDR Hugepages Total(page)      : 0
	DDR Hugepages Usage Rate(%)    : 0
	HBM Capacity(MB)               : 65536
	HBM Usage Rate(%)              : 99
	Aicore Usage Rate(%)           : 5
	Aivector Usage Rate(%)         : 0
	Aicpu Usage Rate(%)            : 0
	Ctrlcpu Usage Rate(%)          : 100
	DDR Bandwidth Usage Rate(%)    : 0
	HBM Bandwidth Usage Rate(%)    : 2
	Chip ID                        : 0

+ echo '+ ps -eo pid,ppid,user,pcpu,pmem,etime,args | grep -Ei "vllm|python" | grep -v grep'
+ ps -eo pid,ppid,user,pcpu,pmem,etime,args | grep -Ei "vllm|python" | grep -v grep
+ ps -eo pid,ppid,user,pcpu,pmem,etime,args
+ grep -Ei 'vllm|python'
+ grep -v grep
   5048       1 root      0.0  0.0 228-07:56:31 /usr/bin/python3 /usr/bin/networkd-dispatcher --run-startup-triggers
   5328       1 root      0.0  0.0 228-07:56:31 /usr/bin/python3 /usr/share/unattended-upgrades/unattended-upgrade-shutdown --wait-for-signal
  82397   82370 root     30.0  0.4  1-13:54:48 /usr/local/python3.12.13/bin/python3 /usr/local/python3.12.13/bin/vllm serve /models/Qwen3.8-27B-w8a8 --host 0.0.0.0 --port 9001 --tensor-parallel-size 4 --quantization ascend --served-model-name qwen3.8 --max-model-len 256000 --max-num-seqs 8 --max-num-batched-tokens 8192 --gpu-memory-utilization 0.90 --enable-prefix-caching --trust-remote-code --reasoning-parser qwen3 --enable-auto-tool-choice --tool-call-parser qwen3_coder
  83352   83328 root      0.4  0.4  1-13:54:38 /usr/local/python3.12.13/bin/python3 /usr/local/python3.12.13/bin/vllm serve /models/Qwen3.8-27B-w8a8 --host 0.0.0.0 --port 9002 --tensor-parallel-size 2 --quantization ascend --served-model-name qwen3.8 --max-model-len 256000 --max-num-seqs 8 --max-num-batched-tokens 8192 --gpu-memory-utilization 0.90 --enable-prefix-caching --trust-remote-code --reasoning-parser qwen3 --enable-auto-tool-choice --tool-call-parser qwen3_coder
  87335   82397 root      0.0  0.0  1-13:53:58 /usr/local/python3.12.13/bin/python3 -c from multiprocessing.resource_tracker import main;main(35)
  87336   82397 root     97.1  0.1  1-13:53:58 VLLM::EngineCore
  87669   83352 root      0.0  0.0  1-13:53:54 /usr/local/python3.12.13/bin/python3 -c from multiprocessing.resource_tracker import main;main(35)
  87670   83352 root      3.8  0.1  1-13:53:54 VLLM::EngineCore
  89395   87336 root      211  0.4  1-13:53:35 VLLM::Worker_TP0
  89602   87670 root     15.7  0.4  1-13:53:32 VLLM::Worker_TP0
  91055   87336 root      106  0.4  1-13:53:16 VLLM::Worker_TP1
  91228   87670 root     11.3  0.4  1-13:53:14 VLLM::Worker_TP1
  92813   87336 root      111  0.4  1-13:52:57 VLLM::Worker_TP2
  94498   87336 root      106  0.4  1-13:52:38 VLLM::Worker_TP3
  95970   89602 root      0.0  0.0  1-13:52:22 /usr/local/python3.12.13/bin/python3 -c from multiprocessing.spawn import spawn_main; spawn_main(tracker_fd=36, pipe_handle=88) --multiprocessing-fork
  96143   91228 root      0.0  0.0  1-13:52:20 /usr/local/python3.12.13/bin/python3 -c from multiprocessing.spawn import spawn_main; spawn_main(tracker_fd=36, pipe_handle=77) --multiprocessing-fork
  96830   89602 root      0.0  0.0  1-13:52:13 /usr/local/python3.12.13/bin/python3 -c from multiprocessing.forkserver import main; main(85, 87, [], **{})
  96848   96830 root      0.0  0.0  1-13:52:13 /usr/local/python3.12.13/bin/python3 -c from multiprocessing.forkserver import main; main(85, 87, [], **{})
  96849   96830 root      0.0  0.0  1-13:52:13 /usr/local/python3.12.13/bin/python3 -c from multiprocessing.forkserver import main; main(85, 87, [], **{})
  96850   96830 root      0.0  0.0  1-13:52:13 /usr/local/python3.12.13/bin/python3 -c from multiprocessing.forkserver import main; main(85, 87, [], **{})
  96851   96830 root      0.0  0.0  1-13:52:13 /usr/local/python3.12.13/bin/python3 -c from multiprocessing.forkserver import main; main(85, 87, [], **{})
  96853   96830 root      0.0  0.0  1-13:52:13 /usr/local/python3.12.13/bin/python3 -c from multiprocessing.forkserver import main; main(85, 87, [], **{})
  96854   96830 root      0.0  0.0  1-13:52:13 /usr/local/python3.12.13/bin/python3 -c from multiprocessing.forkserver import main; main(85, 87, [], **{})
  96855   96830 root      0.0  0.0  1-13:52:13 /usr/local/python3.12.13/bin/python3 -c from multiprocessing.forkserver import main; main(85, 87, [], **{})
  96856   96830 root      0.0  0.0  1-13:52:13 /usr/local/python3.12.13/bin/python3 -c from multiprocessing.forkserver import main; main(85, 87, [], **{})
  96857   96830 root      0.0  0.0  1-13:52:13 /usr/local/python3.12.13/bin/python3 -c from multiprocessing.forkserver import main; main(85, 87, [], **{})
  96891   96830 root      0.0  0.0  1-13:52:13 /usr/local/python3.12.13/bin/python3 -c from multiprocessing.forkserver import main; main(85, 87, [], **{})
  96892   96830 root      0.0  0.0  1-13:52:13 /usr/local/python3.12.13/bin/python3 -c from multiprocessing.forkserver import main; main(85, 87, [], **{})
  96893   96830 root      0.0  0.0  1-13:52:13 /usr/local/python3.12.13/bin/python3 -c from multiprocessing.forkserver import main; main(85, 87, [], **{})
  96894   96830 root      0.0  0.0  1-13:52:13 /usr/local/python3.12.13/bin/python3 -c from multiprocessing.forkserver import main; main(85, 87, [], **{})
  96895   96830 root      0.0  0.0  1-13:52:13 /usr/local/python3.12.13/bin/python3 -c from multiprocessing.forkserver import main; main(85, 87, [], **{})
  96896   96830 root      0.0  0.0  1-13:52:13 /usr/local/python3.12.13/bin/python3 -c from multiprocessing.forkserver import main; main(85, 87, [], **{})
  96897   96830 root      0.0  0.0  1-13:52:13 /usr/local/python3.12.13/bin/python3 -c from multiprocessing.forkserver import main; main(85, 87, [], **{})
  96898   96830 root      0.0  0.0  1-13:52:13 /usr/local/python3.12.13/bin/python3 -c from multiprocessing.forkserver import main; main(85, 87, [], **{})
  97110   91228 root      0.0  0.0  1-13:52:11 /usr/local/python3.12.13/bin/python3 -c from multiprocessing.forkserver import main; main(74, 76, [], **{})
  97116   97110 root      0.0  0.0  1-13:52:11 /usr/local/python3.12.13/bin/python3 -c from multiprocessing.forkserver import main; main(74, 76, [], **{})
  97118   97110 root      0.0  0.0  1-13:52:11 /usr/local/python3.12.13/bin/python3 -c from multiprocessing.forkserver import main; main(74, 76, [], **{})
  97120   97110 root      0.0  0.0  1-13:52:11 /usr/local/python3.12.13/bin/python3 -c from multiprocessing.forkserver import main; main(74, 76, [], **{})
  97121   97110 root      0.0  0.0  1-13:52:11 /usr/local/python3.12.13/bin/python3 -c from multiprocessing.forkserver import main; main(74, 76, [], **{})
  97122   97110 root      0.0  0.0  1-13:52:11 /usr/local/python3.12.13/bin/python3 -c from multiprocessing.forkserver import main; main(74, 76, [], **{})
  97123   97110 root      0.0  0.0  1-13:52:11 /usr/local/python3.12.13/bin/python3 -c from multiprocessing.forkserver import main; main(74, 76, [], **{})
  97124   97110 root      0.0  0.0  1-13:52:11 /usr/local/python3.12.13/bin/python3 -c from multiprocessing.forkserver import main; main(74, 76, [], **{})
  97125   97110 root      0.0  0.0  1-13:52:11 /usr/local/python3.12.13/bin/python3 -c from multiprocessing.forkserver import main; main(74, 76, [], **{})
  97126   97110 root      0.0  0.0  1-13:52:11 /usr/local/python3.12.13/bin/python3 -c from multiprocessing.forkserver import main; main(74, 76, [], **{})
  97157   97110 root      0.0  0.0  1-13:52:11 /usr/local/python3.12.13/bin/python3 -c from multiprocessing.forkserver import main; main(74, 76, [], **{})
  97158   97110 root      0.0  0.0  1-13:52:11 /usr/local/python3.12.13/bin/python3 -c from multiprocessing.forkserver import main; main(74, 76, [], **{})
  97159   97110 root      0.0  0.0  1-13:52:11 /usr/local/python3.12.13/bin/python3 -c from multiprocessing.forkserver import main; main(74, 76, [], **{})
  97160   97110 root      0.0  0.0  1-13:52:11 /usr/local/python3.12.13/bin/python3 -c from multiprocessing.forkserver import main; main(74, 76, [], **{})
  97161   97110 root      0.0  0.0  1-13:52:11 /usr/local/python3.12.13/bin/python3 -c from multiprocessing.forkserver import main; main(74, 76, [], **{})
  97163   97110 root      0.0  0.0  1-13:52:11 /usr/local/python3.12.13/bin/python3 -c from multiprocessing.forkserver import main; main(74, 76, [], **{})
  97166   97110 root      0.0  0.0  1-13:52:11 /usr/local/python3.12.13/bin/python3 -c from multiprocessing.forkserver import main; main(74, 76, [], **{})
  97169   97110 root      0.0  0.0  1-13:52:11 /usr/local/python3.12.13/bin/python3 -c from multiprocessing.forkserver import main; main(74, 76, [], **{})
 100247   94498 root      0.0  0.0  1-13:51:45 /usr/local/python3.12.13/bin/python3 -c from multiprocessing.spawn import spawn_main; spawn_main(tracker_fd=36, pipe_handle=85) --multiprocessing-fork
 100272   89395 root      0.0  0.0  1-13:51:45 /usr/local/python3.12.13/bin/python3 -c from multiprocessing.spawn import spawn_main; spawn_main(tracker_fd=36, pipe_handle=102) --multiprocessing-fork
 100372   91055 root      0.0  0.0  1-13:51:44 /usr/local/python3.12.13/bin/python3 -c from multiprocessing.spawn import spawn_main; spawn_main(tracker_fd=36, pipe_handle=85) --multiprocessing-fork
 100434   92813 root      0.0  0.0  1-13:51:43 /usr/local/python3.12.13/bin/python3 -c from multiprocessing.spawn import spawn_main; spawn_main(tracker_fd=36, pipe_handle=85) --multiprocessing-fork
 101149   94498 root      0.0  0.0  1-13:51:36 /usr/local/python3.12.13/bin/python3 -c from multiprocessing.forkserver import main; main(82, 84, [], **{})
 101156  101149 root      0.0  0.0  1-13:51:36 /usr/local/python3.12.13/bin/python3 -c from multiprocessing.forkserver import main; main(82, 84, [], **{})
 101157  101149 root      0.0  0.0  1-13:51:36 /usr/local/python3.12.13/bin/python3 -c from multiprocessing.forkserver import main; main(82, 84, [], **{})
 101158  101149 root      0.0  0.0  1-13:51:36 /usr/local/python3.12.13/bin/python3 -c from multiprocessing.forkserver import main; main(82, 84, [], **{})
 101160  101149 root      0.0  0.0  1-13:51:36 /usr/local/python3.12.13/bin/python3 -c from multiprocessing.forkserver import main; main(82, 84, [], **{})
 101161  101149 root      0.0  0.0  1-13:51:36 /usr/local/python3.12.13/bin/python3 -c from multiprocessing.forkserver import main; main(82, 84, [], **{})
 101162  101149 root      0.0  0.0  1-13:51:36 /usr/local/python3.12.13/bin/python3 -c from multiprocessing.forkserver import main; main(82, 84, [], **{})
 101163  101149 root      0.0  0.0  1-13:51:36 /usr/local/python3.12.13/bin/python3 -c from multiprocessing.forkserver import main; main(82, 84, [], **{})
 101164  101149 root      0.0  0.0  1-13:51:36 /usr/local/python3.12.13/bin/python3 -c from multiprocessing.forkserver import main; main(82, 84, [], **{})
 101165  101149 root      0.0  0.0  1-13:51:36 /usr/local/python3.12.13/bin/python3 -c from multiprocessing.forkserver import main; main(82, 84, [], **{})
 101220   89395 root      0.0  0.0  1-13:51:36 /usr/local/python3.12.13/bin/python3 -c from multiprocessing.forkserver import main; main(99, 101, [], **{})
 101222  101220 root      0.0  0.0  1-13:51:36 /usr/local/python3.12.13/bin/python3 -c from multiprocessing.forkserver import main; main(99, 101, [], **{})
 101223  101220 root      0.0  0.0  1-13:51:36 /usr/local/python3.12.13/bin/python3 -c from multiprocessing.forkserver import main; main(99, 101, [], **{})
 101224  101220 root      0.0  0.0  1-13:51:36 /usr/local/python3.12.13/bin/python3 -c from multiprocessing.forkserver import main; main(99, 101, [], **{})
 101225  101220 root      0.0  0.0  1-13:51:36 /usr/local/python3.12.13/bin/python3 -c from multiprocessing.forkserver import main; main(99, 101, [], **{})
 101226  101220 root      0.0  0.0  1-13:51:36 /usr/local/python3.12.13/bin/python3 -c from multiprocessing.forkserver import main; main(99, 101, [], **{})
 101227  101220 root      0.0  0.0  1-13:51:36 /usr/local/python3.12.13/bin/python3 -c from multiprocessing.forkserver import main; main(99, 101, [], **{})
 101228  101220 root      0.0  0.0  1-13:51:36 /usr/local/python3.12.13/bin/python3 -c from multiprocessing.forkserver import main; main(99, 101, [], **{})
 101229  101220 root      0.0  0.0  1-13:51:36 /usr/local/python3.12.13/bin/python3 -c from multiprocessing.forkserver import main; main(99, 101, [], **{})
 101230  101220 root      0.0  0.0  1-13:51:36 /usr/local/python3.12.13/bin/python3 -c from multiprocessing.forkserver import main; main(99, 101, [], **{})
 101259  101149 root      0.0  0.0  1-13:51:36 /usr/local/python3.12.13/bin/python3 -c from multiprocessing.forkserver import main; main(82, 84, [], **{})
 101260  101149 root      0.0  0.0  1-13:51:36 /usr/local/python3.12.13/bin/python3 -c from multiprocessing.forkserver import main; main(82, 84, [], **{})
 101261  101149 root      0.0  0.0  1-13:51:36 /usr/local/python3.12.13/bin/python3 -c from multiprocessing.forkserver import main; main(82, 84, [], **{})
 101262  101149 root      0.0  0.0  1-13:51:36 /usr/local/python3.12.13/bin/python3 -c from multiprocessing.forkserver import main; main(82, 84, [], **{})
 101263  101149 root      0.0  0.0  1-13:51:36 /usr/local/python3.12.13/bin/python3 -c from multiprocessing.forkserver import main; main(82, 84, [], **{})
 101264  101149 root      0.0  0.0  1-13:51:36 /usr/local/python3.12.13/bin/python3 -c from multiprocessing.forkserver import main; main(82, 84, [], **{})
 101265  101149 root      0.0  0.0  1-13:51:36 /usr/local/python3.12.13/bin/python3 -c from multiprocessing.forkserver import main; main(82, 84, [], **{})
 101266  101149 root      0.0  0.0  1-13:51:36 /usr/local/python3.12.13/bin/python3 -c from multiprocessing.forkserver import main; main(82, 84, [], **{})
 101267  101220 root      0.0  0.0  1-13:51:36 /usr/local/python3.12.13/bin/python3 -c from multiprocessing.forkserver import main; main(99, 101, [], **{})
 101268  101220 root      0.0  0.0  1-13:51:36 /usr/local/python3.12.13/bin/python3 -c from multiprocessing.forkserver import main; main(99, 101, [], **{})
 101269  101220 root      0.0  0.0  1-13:51:36 /usr/local/python3.12.13/bin/python3 -c from multiprocessing.forkserver import main; main(99, 101, [], **{})
 101270  101220 root      0.0  0.0  1-13:51:36 /usr/local/python3.12.13/bin/python3 -c from multiprocessing.forkserver import main; main(99, 101, [], **{})
 101271  101220 root      0.0  0.0  1-13:51:36 /usr/local/python3.12.13/bin/python3 -c from multiprocessing.forkserver import main; main(99, 101, [], **{})
 101272  101220 root      0.0  0.0  1-13:51:36 /usr/local/python3.12.13/bin/python3 -c from multiprocessing.forkserver import main; main(99, 101, [], **{})
 101273  101220 root      0.0  0.0  1-13:51:36 /usr/local/python3.12.13/bin/python3 -c from multiprocessing.forkserver import main; main(99, 101, [], **{})
 101274  101220 root      0.0  0.0  1-13:51:36 /usr/local/python3.12.13/bin/python3 -c from multiprocessing.forkserver import main; main(99, 101, [], **{})
 101463   91055 root      0.0  0.0  1-13:51:35 /usr/local/python3.12.13/bin/python3 -c from multiprocessing.forkserver import main; main(82, 84, [], **{})
 101467  101463 root      0.0  0.0  1-13:51:34 /usr/local/python3.12.13/bin/python3 -c from multiprocessing.forkserver import main; main(82, 84, [], **{})
 101468  101463 root      0.0  0.0  1-13:51:34 /usr/local/python3.12.13/bin/python3 -c from multiprocessing.forkserver import main; main(82, 84, [], **{})
 101469  101463 root      0.0  0.0  1-13:51:34 /usr/local/python3.12.13/bin/python3 -c from multiprocessing.forkserver import main; main(82, 84, [], **{})
 101470  101463 root      0.0  0.0  1-13:51:34 /usr/local/python3.12.13/bin/python3 -c from multiprocessing.forkserver import main; main(82, 84, [], **{})
 101471  101463 root      0.0  0.0  1-13:51:34 /usr/local/python3.12.13/bin/python3 -c from multiprocessing.forkserver import main; main(82, 84, [], **{})
 101472  101463 root      0.0  0.0  1-13:51:34 /usr/local/python3.12.13/bin/python3 -c from multiprocessing.forkserver import main; main(82, 84, [], **{})
 101473  101463 root      0.0  0.0  1-13:51:34 /usr/local/python3.12.13/bin/python3 -c from multiprocessing.forkserver import main; main(82, 84, [], **{})
 101474  101463 root      0.0  0.0  1-13:51:34 /usr/local/python3.12.13/bin/python3 -c from multiprocessing.forkserver import main; main(82, 84, [], **{})
 101475  101463 root      0.0  0.0  1-13:51:34 /usr/local/python3.12.13/bin/python3 -c from multiprocessing.forkserver import main; main(82, 84, [], **{})
 101518  101463 root      0.0  0.0  1-13:51:34 /usr/local/python3.12.13/bin/python3 -c from multiprocessing.forkserver import main; main(82, 84, [], **{})
 101519  101463 root      0.0  0.0  1-13:51:34 /usr/local/python3.12.13/bin/python3 -c from multiprocessing.forkserver import main; main(82, 84, [], **{})
 101520  101463 root      0.0  0.0  1-13:51:34 /usr/local/python3.12.13/bin/python3 -c from multiprocessing.forkserver import main; main(82, 84, [], **{})
 101521  101463 root      0.0  0.0  1-13:51:34 /usr/local/python3.12.13/bin/python3 -c from multiprocessing.forkserver import main; main(82, 84, [], **{})
 101522  101463 root      0.0  0.0  1-13:51:34 /usr/local/python3.12.13/bin/python3 -c from multiprocessing.forkserver import main; main(82, 84, [], **{})
 101523  101463 root      0.0  0.0  1-13:51:34 /usr/local/python3.12.13/bin/python3 -c from multiprocessing.forkserver import main; main(82, 84, [], **{})
 101524  101463 root      0.0  0.0  1-13:51:34 /usr/local/python3.12.13/bin/python3 -c from multiprocessing.forkserver import main; main(82, 84, [], **{})
 101525  101463 root      0.0  0.0  1-13:51:34 /usr/local/python3.12.13/bin/python3 -c from multiprocessing.forkserver import main; main(82, 84, [], **{})
 102072   92813 root      0.0  0.0  1-13:51:32 /usr/local/python3.12.13/bin/python3 -c from multiprocessing.forkserver import main; main(82, 84, [], **{})
 102203  102072 root      0.0  0.0  1-13:51:32 /usr/local/python3.12.13/bin/python3 -c from multiprocessing.forkserver import main; main(82, 84, [], **{})
 102204  102072 root      0.0  0.0  1-13:51:32 /usr/local/python3.12.13/bin/python3 -c from multiprocessing.forkserver import main; main(82, 84, [], **{})
 102205  102072 root      0.0  0.0  1-13:51:32 /usr/local/python3.12.13/bin/python3 -c from multiprocessing.forkserver import main; main(82, 84, [], **{})
 102206  102072 root      0.0  0.0  1-13:51:32 /usr/local/python3.12.13/bin/python3 -c from multiprocessing.forkserver import main; main(82, 84, [], **{})
 102207  102072 root      0.0  0.0  1-13:51:32 /usr/local/python3.12.13/bin/python3 -c from multiprocessing.forkserver import main; main(82, 84, [], **{})
 102208  102072 root      0.0  0.0  1-13:51:32 /usr/local/python3.12.13/bin/python3 -c from multiprocessing.forkserver import main; main(82, 84, [], **{})
 102209  102072 root      0.0  0.0  1-13:51:32 /usr/local/python3.12.13/bin/python3 -c from multiprocessing.forkserver import main; main(82, 84, [], **{})
 102210  102072 root      0.0  0.0  1-13:51:32 /usr/local/python3.12.13/bin/python3 -c from multiprocessing.forkserver import main; main(82, 84, [], **{})
 102211  102072 root      0.0  0.0  1-13:51:32 /usr/local/python3.12.13/bin/python3 -c from multiprocessing.forkserver import main; main(82, 84, [], **{})
 102261  102072 root      0.0  0.0  1-13:51:31 /usr/local/python3.12.13/bin/python3 -c from multiprocessing.forkserver import main; main(82, 84, [], **{})
 102262  102072 root      0.0  0.0  1-13:51:31 /usr/local/python3.12.13/bin/python3 -c from multiprocessing.forkserver import main; main(82, 84, [], **{})
 102263  102072 root      0.0  0.0  1-13:51:31 /usr/local/python3.12.13/bin/python3 -c from multiprocessing.forkserver import main; main(82, 84, [], **{})
 102264  102072 root      0.0  0.0  1-13:51:31 /usr/local/python3.12.13/bin/python3 -c from multiprocessing.forkserver import main; main(82, 84, [], **{})
 102265  102072 root      0.0  0.0  1-13:51:31 /usr/local/python3.12.13/bin/python3 -c from multiprocessing.forkserver import main; main(82, 84, [], **{})
 102266  102072 root      0.0  0.0  1-13:51:31 /usr/local/python3.12.13/bin/python3 -c from multiprocessing.forkserver import main; main(82, 84, [], **{})
 102267  102072 root      0.0  0.0  1-13:51:31 /usr/local/python3.12.13/bin/python3 -c from multiprocessing.forkserver import main; main(82, 84, [], **{})
 102268  102072 root      0.0  0.0  1-13:51:31 /usr/local/python3.12.13/bin/python3 -c from multiprocessing.forkserver import main; main(82, 84, [], **{})
 363525 1678571 hxw       3.2  0.0  1-13:12:21 /home/data4t1/hxw/anaconda3/bin/python3.10 /home/data4t1/hxw/anaconda3/bin/nputop
 531969 2298726 hxw       2.5  0.0 29-13:45:48 /home/data4t2/hxwDir/hxw_moved/conda_envs/opd/bin/python /home/data4t2/hxwDir/hxw_moved/conda_envs/opd/bin/tensorboard --logdir /home/data4t2/hxwDir/hxw_moved/opd-resources/runs/train --host 0.0.0.0 --port 6006
 644507       1 hxw       0.2  0.0 161-07:36:12 /home/data4t1/hxw/anaconda3/envs/dfkd/bin/python3.10 /home/data4t1/hxw/anaconda3/envs/dfkd/bin/tensorboard --logdir=/home/data4t2/hxwDir/hxw_moved/dfkd/runs/datafree-nayer_df/ --port=6007 --bind_all
2033118 3834144 hxw       3.2  0.0 64-12:32:42 /home/data4t1/hxw/anaconda3/bin/python3.10 /home/data4t1/hxw/anaconda3/bin/nputop
2588208 3192131 wangjie+  137  0.3       00:54 /home/data4t1/wangjielei/.vscode-server/cli/servers/Stable-7debcd0e2acdea1c52de81bf9ee1620444407dda/server/node /home/data4t1/wangjielei/.vscode-server/extensions/ms-python.vscode-pylance-2026.3.1/dist/server.bundle.js --cancellationReceive=file:1f6d69b0282a1b0a0a7c598e92fda6e5e6769133c0 --node-ipc --clientProcessId=3192131
2916664 2914109 hxw       2.9  0.0 93-08:16:00 /home/data4t1/hxw/anaconda3/bin/python3.10 /home/data4t1/hxw/anaconda3/bin/nputop
2991304 2429127 hxw       0.0  0.3  1-17:43:15 /home/data4t2/hxwDir/hxw_moved/conda_envs/opd/bin/python -m tools.visual_opd.llm_eval_browser.server --data-root /home/data4t2/hxwDir/hxw_moved/verl-npu-opd/dataset/llm_eval --host 0.0.0.0 --port 8767
2992910 2577231 zhangka+  0.4  0.2 10-05:20:17 /home/data4t1/zhangkaijie/conda/envs/qwen38_a2/bin/python3.12 /home/data4t1/zhangkaijie/conda/envs/qwen38_a2/bin/vllm serve /home/data4t2/models/Qwen3.8-27B-w8a8 --host 0.0.0.0 --port 9000 --tensor-parallel-size 1 --max-model-len 200000 --max-num-seqs 8 --max-num-batched-tokens 16384 --enable-prefix-caching --trust-remote-code --speculative-config {"method":"mtp","num_speculative_tokens":4} --enable-auto-tool-choice --tool-call-parser qwen3_coder --gpu-memory-utilization 0.85
2999854 2992910 zhangka+  0.0  0.0 10-05:19:31 /home/data4t1/zhangkaijie/conda/envs/qwen38_a2/bin/python3.12 -c from multiprocessing.resource_tracker import main;main(39)
2999855 2992910 zhangka+ 14.9  0.3 10-05:19:31 VLLM::EngineCore
3008420 2999855 zhangka+  0.0  0.0 10-05:18:31 /home/data4t1/zhangkaijie/conda/envs/qwen38_a2/bin/python3.12 -c from multiprocessing.spawn import spawn_main; spawn_main(tracker_fd=40, pipe_handle=84) --multiprocessing-fork
3009726 2999855 zhangka+  0.0  0.0 10-05:18:22 /home/data4t1/zhangkaijie/conda/envs/qwen38_a2/bin/python3.12 -c from multiprocessing.forkserver import main; main(81, 83, [], **{})
3009729 3009726 zhangka+  0.0  0.0 10-05:18:22 /home/data4t1/zhangkaijie/conda/envs/qwen38_a2/bin/python3.12 -c from multiprocessing.forkserver import main; main(81, 83, [], **{})
3009731 3009726 zhangka+  0.0  0.0 10-05:18:22 /home/data4t1/zhangkaijie/conda/envs/qwen38_a2/bin/python3.12 -c from multiprocessing.forkserver import main; main(81, 83, [], **{})
3009733 3009726 zhangka+  0.0  0.0 10-05:18:22 /home/data4t1/zhangkaijie/conda/envs/qwen38_a2/bin/python3.12 -c from multiprocessing.forkserver import main; main(81, 83, [], **{})
3009734 3009726 zhangka+  0.0  0.0 10-05:18:22 /home/data4t1/zhangkaijie/conda/envs/qwen38_a2/bin/python3.12 -c from multiprocessing.forkserver import main; main(81, 83, [], **{})
3009736 3009726 zhangka+  0.0  0.0 10-05:18:22 /home/data4t1/zhangkaijie/conda/envs/qwen38_a2/bin/python3.12 -c from multiprocessing.forkserver import main; main(81, 83, [], **{})
3009739 3009726 zhangka+  0.0  0.0 10-05:18:22 /home/data4t1/zhangkaijie/conda/envs/qwen38_a2/bin/python3.12 -c from multiprocessing.forkserver import main; main(81, 83, [], **{})
3009740 3009726 zhangka+  0.0  0.0 10-05:18:22 /home/data4t1/zhangkaijie/conda/envs/qwen38_a2/bin/python3.12 -c from multiprocessing.forkserver import main; main(81, 83, [], **{})
3009741 3009726 zhangka+  0.0  0.0 10-05:18:22 /home/data4t1/zhangkaijie/conda/envs/qwen38_a2/bin/python3.12 -c from multiprocessing.forkserver import main; main(81, 83, [], **{})
3009742 3009726 zhangka+  0.0  0.0 10-05:18:22 /home/data4t1/zhangkaijie/conda/envs/qwen38_a2/bin/python3.12 -c from multiprocessing.forkserver import main; main(81, 83, [], **{})
3009773 3009726 zhangka+  0.0  0.0 10-05:18:21 /home/data4t1/zhangkaijie/conda/envs/qwen38_a2/bin/python3.12 -c from multiprocessing.forkserver import main; main(81, 83, [], **{})
3009774 3009726 zhangka+  0.0  0.0 10-05:18:21 /home/data4t1/zhangkaijie/conda/envs/qwen38_a2/bin/python3.12 -c from multiprocessing.forkserver import main; main(81, 83, [], **{})
3009775 3009726 zhangka+  0.0  0.0 10-05:18:21 /home/data4t1/zhangkaijie/conda/envs/qwen38_a2/bin/python3.12 -c from multiprocessing.forkserver import main; main(81, 83, [], **{})
3009776 3009726 zhangka+  0.0  0.0 10-05:18:21 /home/data4t1/zhangkaijie/conda/envs/qwen38_a2/bin/python3.12 -c from multiprocessing.forkserver import main; main(81, 83, [], **{})
3009777 3009726 zhangka+  0.0  0.0 10-05:18:21 /home/data4t1/zhangkaijie/conda/envs/qwen38_a2/bin/python3.12 -c from multiprocessing.forkserver import main; main(81, 83, [], **{})
3009778 3009726 zhangka+  0.0  0.0 10-05:18:21 /home/data4t1/zhangkaijie/conda/envs/qwen38_a2/bin/python3.12 -c from multiprocessing.forkserver import main; main(81, 83, [], **{})
3009779 3009726 zhangka+  0.0  0.0 10-05:18:21 /home/data4t1/zhangkaijie/conda/envs/qwen38_a2/bin/python3.12 -c from multiprocessing.forkserver import main; main(81, 83, [], **{})
3009780 3009726 zhangka+  0.0  0.0 10-05:18:21 /home/data4t1/zhangkaijie/conda/envs/qwen38_a2/bin/python3.12 -c from multiprocessing.forkserver import main; main(81, 83, [], **{})
3121422 3458196 gouhang   0.0  0.4    19:38:08 python MMGIT/train/train_mem.py --model_name_or_path lmsys/vicuna-7b-v1.5-16k --version v1 --cache_dir ./checkpoint --pretrained_embedding_type clip_mix --tune_mm_mlp_adapter True --mm_use_graph_start_end False --mm_use_graph_patch_token False --bf16 True --fp16 False --output_dir ./checkpoints/Movies/mlaga-vicuna-7b-Movies-clip_mix-2-10-2layer-TIQ_demo-nc-4epoch-bs2-len2048 --num_train_epochs 4 --per_device_train_batch_size 2 --per_device_eval_batch_size 2 --gradient_accumulation_steps 4 --evaluation_strategy no --save_strategy epoch --learning_rate 2e-5 --weight_decay 0. --warmup_ratio 0.03 --lr_scheduler_type cosine --logging_steps 1 --tf32 False --model_max_length 2048 --gradient_checkpointing True --lazy_preprocess True --report_to none --use_hop 2 --sample_neighbor_size 10 --mm_projector_type 2-layer-mlp --use_task nc --use_dataset Movies --template TIQ_demo --is_general_model False --is_data_task_general False --is_cross_task_attention True --dataset_task_mapping Movies:nc --cross_attn_layers 1
3121471 3458196 gouhang   0.0  0.4    19:38:07 python MMGIT/train/train_mem.py --model_name_or_path lmsys/vicuna-7b-v1.5-16k --version v1 --cache_dir ./checkpoint --pretrained_embedding_type clip_mix --tune_mm_mlp_adapter True --mm_use_graph_start_end False --mm_use_graph_patch_token False --bf16 True --fp16 False --output_dir ./checkpoints/Movies/mlaga-vicuna-7b-Movies-clip_mix-2-10-2layer-TIQ_demo-nc-4epoch-bs2-len2048 --num_train_epochs 4 --per_device_train_batch_size 2 --per_device_eval_batch_size 2 --gradient_accumulation_steps 4 --evaluation_strategy no --save_strategy epoch --learning_rate 2e-5 --weight_decay 0. --warmup_ratio 0.03 --lr_scheduler_type cosine --logging_steps 1 --tf32 False --model_max_length 2048 --gradient_checkpointing True --lazy_preprocess True --report_to none --use_hop 2 --sample_neighbor_size 10 --mm_projector_type 2-layer-mlp --use_task nc --use_dataset Movies --template TIQ_demo --is_general_model False --is_data_task_general False --is_cross_task_attention True --dataset_task_mapping Movies:nc --cross_attn_layers 1
3121520 3458196 gouhang   0.0  0.4    19:38:07 python MMGIT/train/train_mem.py --model_name_or_path lmsys/vicuna-7b-v1.5-16k --version v1 --cache_dir ./checkpoint --pretrained_embedding_type clip_mix --tune_mm_mlp_adapter True --mm_use_graph_start_end False --mm_use_graph_patch_token False --bf16 True --fp16 False --output_dir ./checkpoints/Movies/mlaga-vicuna-7b-Movies-clip_mix-2-10-2layer-TIQ_demo-nc-4epoch-bs2-len2048 --num_train_epochs 4 --per_device_train_batch_size 2 --per_device_eval_batch_size 2 --gradient_accumulation_steps 4 --evaluation_strategy no --save_strategy epoch --learning_rate 2e-5 --weight_decay 0. --warmup_ratio 0.03 --lr_scheduler_type cosine --logging_steps 1 --tf32 False --model_max_length 2048 --gradient_checkpointing True --lazy_preprocess True --report_to none --use_hop 2 --sample_neighbor_size 10 --mm_projector_type 2-layer-mlp --use_task nc --use_dataset Movies --template TIQ_demo --is_general_model False --is_data_task_general False --is_cross_task_attention True --dataset_task_mapping Movies:nc --cross_attn_layers 1
3121560 3458196 gouhang   0.0  0.4    19:38:07 python MMGIT/train/train_mem.py --model_name_or_path lmsys/vicuna-7b-v1.5-16k --version v1 --cache_dir ./checkpoint --pretrained_embedding_type clip_mix --tune_mm_mlp_adapter True --mm_use_graph_start_end False --mm_use_graph_patch_token False --bf16 True --fp16 False --output_dir ./checkpoints/Movies/mlaga-vicuna-7b-Movies-clip_mix-2-10-2layer-TIQ_demo-nc-4epoch-bs2-len2048 --num_train_epochs 4 --per_device_train_batch_size 2 --per_device_eval_batch_size 2 --gradient_accumulation_steps 4 --evaluation_strategy no --save_strategy epoch --learning_rate 2e-5 --weight_decay 0. --warmup_ratio 0.03 --lr_scheduler_type cosine --logging_steps 1 --tf32 False --model_max_length 2048 --gradient_checkpointing True --lazy_preprocess True --report_to none --use_hop 2 --sample_neighbor_size 10 --mm_projector_type 2-layer-mlp --use_task nc --use_dataset Movies --template TIQ_demo --is_general_model False --is_data_task_general False --is_cross_task_attention True --dataset_task_mapping Movies:nc --cross_attn_layers 1
3121615 3458196 gouhang   0.0  0.4    19:38:07 python MMGIT/train/train_mem.py --model_name_or_path lmsys/vicuna-7b-v1.5-16k --version v1 --cache_dir ./checkpoint --pretrained_embedding_type clip_mix --tune_mm_mlp_adapter True --mm_use_graph_start_end False --mm_use_graph_patch_token False --bf16 True --fp16 False --output_dir ./checkpoints/Movies/mlaga-vicuna-7b-Movies-clip_mix-2-10-2layer-TIQ_demo-nc-4epoch-bs2-len2048 --num_train_epochs 4 --per_device_train_batch_size 2 --per_device_eval_batch_size 2 --gradient_accumulation_steps 4 --evaluation_strategy no --save_strategy epoch --learning_rate 2e-5 --weight_decay 0. --warmup_ratio 0.03 --lr_scheduler_type cosine --logging_steps 1 --tf32 False --model_max_length 2048 --gradient_checkpointing True --lazy_preprocess True --report_to none --use_hop 2 --sample_neighbor_size 10 --mm_projector_type 2-layer-mlp --use_task nc --use_dataset Movies --template TIQ_demo --is_general_model False --is_data_task_general False --is_cross_task_attention True --dataset_task_mapping Movies:nc --cross_attn_layers 1
3121650 3458196 gouhang   0.0  0.4    19:38:07 python MMGIT/train/train_mem.py --model_name_or_path lmsys/vicuna-7b-v1.5-16k --version v1 --cache_dir ./checkpoint --pretrained_embedding_type clip_mix --tune_mm_mlp_adapter True --mm_use_graph_start_end False --mm_use_graph_patch_token False --bf16 True --fp16 False --output_dir ./checkpoints/Movies/mlaga-vicuna-7b-Movies-clip_mix-2-10-2layer-TIQ_demo-nc-4epoch-bs2-len2048 --num_train_epochs 4 --per_device_train_batch_size 2 --per_device_eval_batch_size 2 --gradient_accumulation_steps 4 --evaluation_strategy no --save_strategy epoch --learning_rate 2e-5 --weight_decay 0. --warmup_ratio 0.03 --lr_scheduler_type cosine --logging_steps 1 --tf32 False --model_max_length 2048 --gradient_checkpointing True --lazy_preprocess True --report_to none --use_hop 2 --sample_neighbor_size 10 --mm_projector_type 2-layer-mlp --use_task nc --use_dataset Movies --template TIQ_demo --is_general_model False --is_data_task_general False --is_cross_task_attention True --dataset_task_mapping Movies:nc --cross_attn_layers 1
3121678 3458196 gouhang   0.0  0.4    19:38:07 python MMGIT/train/train_mem.py --model_name_or_path lmsys/vicuna-7b-v1.5-16k --version v1 --cache_dir ./checkpoint --pretrained_embedding_type clip_mix --tune_mm_mlp_adapter True --mm_use_graph_start_end False --mm_use_graph_patch_token False --bf16 True --fp16 False --output_dir ./checkpoints/Movies/mlaga-vicuna-7b-Movies-clip_mix-2-10-2layer-TIQ_demo-nc-4epoch-bs2-len2048 --num_train_epochs 4 --per_device_train_batch_size 2 --per_device_eval_batch_size 2 --gradient_accumulation_steps 4 --evaluation_strategy no --save_strategy epoch --learning_rate 2e-5 --weight_decay 0. --warmup_ratio 0.03 --lr_scheduler_type cosine --logging_steps 1 --tf32 False --model_max_length 2048 --gradient_checkpointing True --lazy_preprocess True --report_to none --use_hop 2 --sample_neighbor_size 10 --mm_projector_type 2-layer-mlp --use_task nc --use_dataset Movies --template TIQ_demo --is_general_model False --is_data_task_general False --is_cross_task_attention True --dataset_task_mapping Movies:nc --cross_attn_layers 1
3121697 3458196 gouhang   0.0  0.4    19:38:06 python MMGIT/train/train_mem.py --model_name_or_path lmsys/vicuna-7b-v1.5-16k --version v1 --cache_dir ./checkpoint --pretrained_embedding_type clip_mix --tune_mm_mlp_adapter True --mm_use_graph_start_end False --mm_use_graph_patch_token False --bf16 True --fp16 False --output_dir ./checkpoints/Movies/mlaga-vicuna-7b-Movies-clip_mix-2-10-2layer-TIQ_demo-nc-4epoch-bs2-len2048 --num_train_epochs 4 --per_device_train_batch_size 2 --per_device_eval_batch_size 2 --gradient_accumulation_steps 4 --evaluation_strategy no --save_strategy epoch --learning_rate 2e-5 --weight_decay 0. --warmup_ratio 0.03 --lr_scheduler_type cosine --logging_steps 1 --tf32 False --model_max_length 2048 --gradient_checkpointing True --lazy_preprocess True --report_to none --use_hop 2 --sample_neighbor_size 10 --mm_projector_type 2-layer-mlp --use_task nc --use_dataset Movies --template TIQ_demo --is_general_model False --is_data_task_general False --is_cross_task_attention True --dataset_task_mapping Movies:nc --cross_attn_layers 1
3182512 3170962 ldm       0.0  0.0 149-08:51:41 python3
3192521 3192131 wangjie+  0.0  0.0    10:09:07 /home/data4t1/wangjielei/.vscode-server/extensions/ms-python.vscode-python-envs-1.36.0-linux-arm64/python-env-tools/bin/pet server
3194183 3192131 wangjie+  0.0  0.0    10:09:00 /home/data4t1/wangjielei/anaconda3/bin/python /home/data4t1/wangjielei/.vscode-server/extensions/ms-python.autopep8-2026.4.0/bundled/tool/lsp_server.py
3458196 1923574 gouhang  67.9  0.5  7-17:04:40 python MMGIT/train/train_mem.py --model_name_or_path lmsys/vicuna-7b-v1.5-16k --version v1 --cache_dir ./checkpoint --pretrained_embedding_type clip_mix --tune_mm_mlp_adapter True --mm_use_graph_start_end False --mm_use_graph_patch_token False --bf16 True --fp16 False --output_dir ./checkpoints/Movies/mlaga-vicuna-7b-Movies-clip_mix-2-10-2layer-TIQ_demo-nc-4epoch-bs2-len2048 --num_train_epochs 4 --per_device_train_batch_size 2 --per_device_eval_batch_size 2 --gradient_accumulation_steps 4 --evaluation_strategy no --save_strategy epoch --learning_rate 2e-5 --weight_decay 0. --warmup_ratio 0.03 --lr_scheduler_type cosine --logging_steps 1 --tf32 False --model_max_length 2048 --gradient_checkpointing True --lazy_preprocess True --report_to none --use_hop 2 --sample_neighbor_size 10 --mm_projector_type 2-layer-mlp --use_task nc --use_dataset Movies --template TIQ_demo --is_general_model False --is_data_task_general False --is_cross_task_attention True --dataset_task_mapping Movies:nc --cross_attn_layers 1
3461222 3458196 gouhang   0.0  0.1  7-17:04:22 python MMGIT/train/train_mem.py --model_name_or_path lmsys/vicuna-7b-v1.5-16k --version v1 --cache_dir ./checkpoint --pretrained_embedding_type clip_mix --tune_mm_mlp_adapter True --mm_use_graph_start_end False --mm_use_graph_patch_token False --bf16 True --fp16 False --output_dir ./checkpoints/Movies/mlaga-vicuna-7b-Movies-clip_mix-2-10-2layer-TIQ_demo-nc-4epoch-bs2-len2048 --num_train_epochs 4 --per_device_train_batch_size 2 --per_device_eval_batch_size 2 --gradient_accumulation_steps 4 --evaluation_strategy no --save_strategy epoch --learning_rate 2e-5 --weight_decay 0. --warmup_ratio 0.03 --lr_scheduler_type cosine --logging_steps 1 --tf32 False --model_max_length 2048 --gradient_checkpointing True --lazy_preprocess True --report_to none --use_hop 2 --sample_neighbor_size 10 --mm_projector_type 2-layer-mlp --use_task nc --use_dataset Movies --template TIQ_demo --is_general_model False --is_data_task_general False --is_cross_task_attention True --dataset_task_mapping Movies:nc --cross_attn_layers 1
3461283 3458196 gouhang   0.0  0.0  7-17:04:22 /home/data4t1/gouhang/anaconda3/envs/mlaga/bin/python -c from multiprocessing.resource_tracker import main;main(27)
3461284 3458196 gouhang   0.0  0.0  7-17:04:22 /home/data4t1/gouhang/anaconda3/envs/mlaga/bin/python -c from multiprocessing.forkserver import main; main(27, 30, [], **{})
3461296 3461284 gouhang   0.0  0.0  7-17:04:22 /home/data4t1/gouhang/anaconda3/envs/mlaga/bin/python -c from multiprocessing.forkserver import main; main(27, 30, [], **{})
3461297 3461284 gouhang   0.0  0.0  7-17:04:22 /home/data4t1/gouhang/anaconda3/envs/mlaga/bin/python -c from multiprocessing.forkserver import main; main(27, 30, [], **{})
3461298 3461284 gouhang   0.0  0.0  7-17:04:22 /home/data4t1/gouhang/anaconda3/envs/mlaga/bin/python -c from multiprocessing.forkserver import main; main(27, 30, [], **{})
3461299 3461284 gouhang   0.0  0.0  7-17:04:22 /home/data4t1/gouhang/anaconda3/envs/mlaga/bin/python -c from multiprocessing.forkserver import main; main(27, 30, [], **{})
3461300 3461284 gouhang   0.0  0.0  7-17:04:22 /home/data4t1/gouhang/anaconda3/envs/mlaga/bin/python -c from multiprocessing.forkserver import main; main(27, 30, [], **{})
3461302 3461284 gouhang   0.0  0.0  7-17:04:22 /home/data4t1/gouhang/anaconda3/envs/mlaga/bin/python -c from multiprocessing.forkserver import main; main(27, 30, [], **{})
3461304 3461284 gouhang   0.0  0.0  7-17:04:22 /home/data4t1/gouhang/anaconda3/envs/mlaga/bin/python -c from multiprocessing.forkserver import main; main(27, 30, [], **{})
3461306 3461284 gouhang   0.0  0.0  7-17:04:22 /home/data4t1/gouhang/anaconda3/envs/mlaga/bin/python -c from multiprocessing.forkserver import main; main(27, 30, [], **{})
3461309 3461284 gouhang   0.0  0.0  7-17:04:22 /home/data4t1/gouhang/anaconda3/envs/mlaga/bin/python -c from multiprocessing.forkserver import main; main(27, 30, [], **{})
3461508 3461284 gouhang   0.0  0.0  7-17:04:21 /home/data4t1/gouhang/anaconda3/envs/mlaga/bin/python -c from multiprocessing.forkserver import main; main(27, 30, [], **{})
3461509 3461284 gouhang   0.0  0.0  7-17:04:21 /home/data4t1/gouhang/anaconda3/envs/mlaga/bin/python -c from multiprocessing.forkserver import main; main(27, 30, [], **{})
3461510 3461284 gouhang   0.0  0.0  7-17:04:21 /home/data4t1/gouhang/anaconda3/envs/mlaga/bin/python -c from multiprocessing.forkserver import main; main(27, 30, [], **{})
3461511 3461284 gouhang   0.0  0.0  7-17:04:21 /home/data4t1/gouhang/anaconda3/envs/mlaga/bin/python -c from multiprocessing.forkserver import main; main(27, 30, [], **{})
3461512 3461284 gouhang   0.0  0.0  7-17:04:21 /home/data4t1/gouhang/anaconda3/envs/mlaga/bin/python -c from multiprocessing.forkserver import main; main(27, 30, [], **{})
3461513 3461284 gouhang   0.0  0.0  7-17:04:21 /home/data4t1/gouhang/anaconda3/envs/mlaga/bin/python -c from multiprocessing.forkserver import main; main(27, 30, [], **{})
3461514 3461284 gouhang   0.0  0.0  7-17:04:21 /home/data4t1/gouhang/anaconda3/envs/mlaga/bin/python -c from multiprocessing.forkserver import main; main(27, 30, [], **{})
3461515 3461284 gouhang   0.0  0.0  7-17:04:21 /home/data4t1/gouhang/anaconda3/envs/mlaga/bin/python -c from multiprocessing.forkserver import main; main(27, 30, [], **{})
3461516 3461284 gouhang   0.0  0.0  7-17:04:21 /home/data4t1/gouhang/anaconda3/envs/mlaga/bin/python -c from multiprocessing.forkserver import main; main(27, 30, [], **{})
3461517 3461284 gouhang   0.0  0.0  7-17:04:21 /home/data4t1/gouhang/anaconda3/envs/mlaga/bin/python -c from multiprocessing.forkserver import main; main(27, 30, [], **{})
3461518 3461284 gouhang   0.0  0.0  7-17:04:21 /home/data4t1/gouhang/anaconda3/envs/mlaga/bin/python -c from multiprocessing.forkserver import main; main(27, 30, [], **{})
3461519 3461284 gouhang   0.0  0.0  7-17:04:21 /home/data4t1/gouhang/anaconda3/envs/mlaga/bin/python -c from multiprocessing.forkserver import main; main(27, 30, [], **{})
3461520 3461284 gouhang   0.0  0.0  7-17:04:21 /home/data4t1/gouhang/anaconda3/envs/mlaga/bin/python -c from multiprocessing.forkserver import main; main(27, 30, [], **{})
3461521 3461284 gouhang   0.0  0.0  7-17:04:21 /home/data4t1/gouhang/anaconda3/envs/mlaga/bin/python -c from multiprocessing.forkserver import main; main(27, 30, [], **{})
3461522 3461284 gouhang   0.0  0.0  7-17:04:21 /home/data4t1/gouhang/anaconda3/envs/mlaga/bin/python -c from multiprocessing.forkserver import main; main(27, 30, [], **{})
3461523 3461284 gouhang   0.0  0.0  7-17:04:21 /home/data4t1/gouhang/anaconda3/envs/mlaga/bin/python -c from multiprocessing.forkserver import main; main(27, 30, [], **{})
3461524 3461284 gouhang   0.0  0.0  7-17:04:21 /home/data4t1/gouhang/anaconda3/envs/mlaga/bin/python -c from multiprocessing.forkserver import main; main(27, 30, [], **{})
3461525 3461284 gouhang   0.0  0.0  7-17:04:21 /home/data4t1/gouhang/anaconda3/envs/mlaga/bin/python -c from multiprocessing.forkserver import main; main(27, 30, [], **{})
3461526 3461284 gouhang   0.0  0.0  7-17:04:21 /home/data4t1/gouhang/anaconda3/envs/mlaga/bin/python -c from multiprocessing.forkserver import main; main(27, 30, [], **{})
3461527 3461284 gouhang   0.0  0.0  7-17:04:21 /home/data4t1/gouhang/anaconda3/envs/mlaga/bin/python -c from multiprocessing.forkserver import main; main(27, 30, [], **{})
3461528 3461284 gouhang   0.0  0.0  7-17:04:21 /home/data4t1/gouhang/anaconda3/envs/mlaga/bin/python -c from multiprocessing.forkserver import main; main(27, 30, [], **{})
3461529 3461284 gouhang   0.0  0.0  7-17:04:21 /home/data4t1/gouhang/anaconda3/envs/mlaga/bin/python -c from multiprocessing.forkserver import main; main(27, 30, [], **{})
3461530 3461284 gouhang   0.0  0.0  7-17:04:20 /home/data4t1/gouhang/anaconda3/envs/mlaga/bin/python -c from multiprocessing.forkserver import main; main(27, 30, [], **{})
3461531 3461284 gouhang   0.0  0.0  7-17:04:20 /home/data4t1/gouhang/anaconda3/envs/mlaga/bin/python -c from multiprocessing.forkserver import main; main(27, 30, [], **{})
3461532 3461284 gouhang   0.0  0.0  7-17:04:20 /home/data4t1/gouhang/anaconda3/envs/mlaga/bin/python -c from multiprocessing.forkserver import main; main(27, 30, [], **{})
3461533 3461284 gouhang   0.0  0.0  7-17:04:20 /home/data4t1/gouhang/anaconda3/envs/mlaga/bin/python -c from multiprocessing.forkserver import main; main(27, 30, [], **{})
3461534 3461284 gouhang   0.0  0.0  7-17:04:20 /home/data4t1/gouhang/anaconda3/envs/mlaga/bin/python -c from multiprocessing.forkserver import main; main(27, 30, [], **{})
3461535 3461284 gouhang   0.0  0.0  7-17:04:20 /home/data4t1/gouhang/anaconda3/envs/mlaga/bin/python -c from multiprocessing.forkserver import main; main(27, 30, [], **{})
3461536 3461284 gouhang   0.0  0.0  7-17:04:20 /home/data4t1/gouhang/anaconda3/envs/mlaga/bin/python -c from multiprocessing.forkserver import main; main(27, 30, [], **{})
3461537 3461284 gouhang   0.0  0.0  7-17:04:20 /home/data4t1/gouhang/anaconda3/envs/mlaga/bin/python -c from multiprocessing.forkserver import main; main(27, 30, [], **{})
3461538 3461284 gouhang   0.0  0.0  7-17:04:20 /home/data4t1/gouhang/anaconda3/envs/mlaga/bin/python -c from multiprocessing.forkserver import main; main(27, 30, [], **{})
3461539 3461284 gouhang   0.0  0.0  7-17:04:20 /home/data4t1/gouhang/anaconda3/envs/mlaga/bin/python -c from multiprocessing.forkserver import main; main(27, 30, [], **{})
3800830 3740120 hxw       3.3  0.0    17:55:18 /home/data4t1/hxw/anaconda3/bin/python3.10 /home/data4t1/hxw/anaconda3/bin/nputop
3920485 3583169 hxw       0.0  0.0 27-15:38:22 /home/data4t2/hxwDir/hxw_moved/conda_envs/opd/bin/python -m tools.visual_opd.rollout_browser.server
