2026-10-08T16:37:04Z
hwnput3
+------------------------------------------------------------------------------------------------+
| npu-smi 25.0.rc1.1               Version: 25.0.rc1.1                                           |
+---------------------------+---------------+----------------------------------------------------+
| NPU   Name                | Health        | Power(W)    Temp(C)           Hugepages-Usage(page)|
| Chip                      | Bus-Id        | AICore(%)   Memory-Usage(MB)  HBM-Usage(MB)        |
+===========================+===============+====================================================+
| 0     910B3               | OK            | 139.1       41                0    / 0             |
| 0                         | 0000:C1:00.0  | 13          0    / 0          14825/ 65536         |
+===========================+===============+====================================================+
| 1     910B3               | OK            | 257.9       57                0    / 0             |
| 0                         | 0000:C2:00.0  | 71          0    / 0          25604/ 65536         |
+===========================+===============+====================================================+
| 2     910B3               | OK            | 110.4       41                0    / 0             |
| 0                         | 0000:81:00.0  | 1           0    / 0          4699 / 65536         |
+===========================+===============+====================================================+
| 3     910B3               | OK            | 122.3       42                0    / 0             |
| 0                         | 0000:82:00.0  | 15          0    / 0          4792 / 65536         |
+===========================+===============+====================================================+
| 4     910B3               | OK            | 206.0       67                0    / 0             |
| 0                         | 0000:01:00.0  | 66          0    / 0          59192/ 65536         |
+===========================+===============+====================================================+
| 5     910B3               | OK            | 175.9       63                0    / 0             |
| 0                         | 0000:02:00.0  | 45          0    / 0          60221/ 65536         |
+===========================+===============+====================================================+
| 6     910B3               | OK            | 172.9       57                0    / 0             |
| 0                         | 0000:41:00.0  | 43          0    / 0          60221/ 65536         |
+===========================+===============+====================================================+
| 7     910B3               | OK            | 135.3       49                0    / 0             |
| 0                         | 0000:42:00.0  | 9           0    / 0          26068/ 65536         |
+===========================+===============+====================================================+
+---------------------------+---------------+----------------------------------------------------+
| NPU     Chip              | Process id    | Process name             | Process memory(MB)      |
+===========================+===============+====================================================+
| 0       0                 | 2055829       | python                   | 5748                    |
| 0       0                 | 251901        | python                   | 5752                    |
+===========================+===============+====================================================+
| 1       0                 | 3150467       | python                   | 5748                    |
| 1       0                 | 2055828       | python                   | 1330                    |
| 1       0                 | 203339        | python                   | 15199                   |
+===========================+===============+====================================================+
| 2       0                 | 2055832       | python                   | 1330                    |
+===========================+===============+====================================================+
| 3       0                 | 2055830       | python                   | 1416                    |
+===========================+===============+====================================================+
| 4       0                 | 2999855       | VLLMEngineCor            | 55666                   |
+===========================+===============+====================================================+
| 5       0                 | 89602         | VLLMWorker_TP            | 56700                   |
+===========================+===============+====================================================+
| 6       0                 | 91228         | VLLMWorker_TP            | 56701                   |
+===========================+===============+====================================================+
| 7       0                 | 439848        | python3                  | 21260                   |
| 7       0                 | 2055831       | python                   | 1330                    |
+===========================+===============+====================================================+
	NPU ID                         : 0
	Chip Count                     : 1

	DDR Capacity(MB)               : 0
	DDR Usage Rate(%)              : 0
	DDR Hugepages Total(page)      : 0
	DDR Hugepages Usage Rate(%)    : 0
	HBM Capacity(MB)               : 65536
	HBM Usage Rate(%)              : 22
	Aicore Usage Rate(%)           : 2
	Aivector Usage Rate(%)         : 8
	Aicpu Usage Rate(%)            : 0
	Ctrlcpu Usage Rate(%)          : 4
	DDR Bandwidth Usage Rate(%)    : 0
	HBM Bandwidth Usage Rate(%)    : 3
	Chip ID                        : 0

	NPU ID                         : 1
	Chip Count                     : 1

	DDR Capacity(MB)               : 0
	DDR Usage Rate(%)              : 0
	DDR Hugepages Total(page)      : 0
	DDR Hugepages Usage Rate(%)    : 0
	HBM Capacity(MB)               : 65536
	HBM Usage Rate(%)              : 39
	Aicore Usage Rate(%)           : 13
	Aivector Usage Rate(%)         : 34
	Aicpu Usage Rate(%)            : 0
	Ctrlcpu Usage Rate(%)          : 3
	DDR Bandwidth Usage Rate(%)    : 0
	HBM Bandwidth Usage Rate(%)    : 69
	Chip ID                        : 0

	NPU ID                         : 2
	Chip Count                     : 1

	DDR Capacity(MB)               : 0
	DDR Usage Rate(%)              : 0
	DDR Hugepages Total(page)      : 0
	DDR Hugepages Usage Rate(%)    : 0
	HBM Capacity(MB)               : 65536
	HBM Usage Rate(%)              : 7
	Aicore Usage Rate(%)           : 1
	Aivector Usage Rate(%)         : 2
	Aicpu Usage Rate(%)            : 0
	Ctrlcpu Usage Rate(%)          : 3
	DDR Bandwidth Usage Rate(%)    : 0
	HBM Bandwidth Usage Rate(%)    : 2
	Chip ID                        : 0

	NPU ID                         : 3
	Chip Count                     : 1

	DDR Capacity(MB)               : 0
	DDR Usage Rate(%)              : 0
	DDR Hugepages Total(page)      : 0
	DDR Hugepages Usage Rate(%)    : 0
	HBM Capacity(MB)               : 65536
	HBM Usage Rate(%)              : 7
	Aicore Usage Rate(%)           : 8
	Aivector Usage Rate(%)         : 3
	Aicpu Usage Rate(%)            : 0
	Ctrlcpu Usage Rate(%)          : 3
	DDR Bandwidth Usage Rate(%)    : 0
	HBM Bandwidth Usage Rate(%)    : 1
	Chip ID                        : 0

	NPU ID                         : 4
	Chip Count                     : 1

	DDR Capacity(MB)               : 0
	DDR Usage Rate(%)              : 0
	DDR Hugepages Total(page)      : 0
	DDR Hugepages Usage Rate(%)    : 0
	HBM Capacity(MB)               : 65536
	HBM Usage Rate(%)              : 90
	Aicore Usage Rate(%)           : 64
	Aivector Usage Rate(%)         : 29
	Aicpu Usage Rate(%)            : 0
	Ctrlcpu Usage Rate(%)          : 7
	DDR Bandwidth Usage Rate(%)    : 0
	HBM Bandwidth Usage Rate(%)    : 66
	Chip ID                        : 0

	NPU ID                         : 5
	Chip Count                     : 1

	DDR Capacity(MB)               : 0
	DDR Usage Rate(%)              : 0
	DDR Hugepages Total(page)      : 0
	DDR Hugepages Usage Rate(%)    : 0
	HBM Capacity(MB)               : 65536
	HBM Usage Rate(%)              : 91
	Aicore Usage Rate(%)           : 44
	Aivector Usage Rate(%)         : 28
	Aicpu Usage Rate(%)            : 0
	Ctrlcpu Usage Rate(%)          : 13
	DDR Bandwidth Usage Rate(%)    : 0
	HBM Bandwidth Usage Rate(%)    : 45
	Chip ID                        : 0

	NPU ID                         : 6
	Chip Count                     : 1

	DDR Capacity(MB)               : 0
	DDR Usage Rate(%)              : 0
	DDR Hugepages Total(page)      : 0
	DDR Hugepages Usage Rate(%)    : 0
	HBM Capacity(MB)               : 65536
	HBM Usage Rate(%)              : 91
	Aicore Usage Rate(%)           : 37
	Aivector Usage Rate(%)         : 23
	Aicpu Usage Rate(%)            : 0
	Ctrlcpu Usage Rate(%)          : 4
	DDR Bandwidth Usage Rate(%)    : 0
	HBM Bandwidth Usage Rate(%)    : 45
	Chip ID                        : 0

	NPU ID                         : 7
	Chip Count                     : 1

	DDR Capacity(MB)               : 0
	DDR Usage Rate(%)              : 0
	DDR Hugepages Total(page)      : 0
	DDR Hugepages Usage Rate(%)    : 0
	HBM Capacity(MB)               : 65536
	HBM Usage Rate(%)              : 39
	Aicore Usage Rate(%)           : 6
	Aivector Usage Rate(%)         : 11
	Aicpu Usage Rate(%)            : 0
	Ctrlcpu Usage Rate(%)          : 6
	DDR Bandwidth Usage Rate(%)    : 0
	HBM Bandwidth Usage Rate(%)    : 0
	Chip ID                        : 0


PROCESS_SNAPSHOT
    PID COMMAND         COMMAND
      1 systemd         /lib/systemd/systemd --system --deserialize 48
      2 kthreadd        [kthreadd]
      3 rcu_gp          [rcu_gp]
      4 rcu_par_gp      [rcu_par_gp]
      5 slub_flushwq    [slub_flushwq]
      6 netns           [netns]
      8 kworker/0:0H-kb [kworker/0:0H-kblockd]
     11 mm_percpu_wq    [mm_percpu_wq]
     12 rcu_tasks_rude_ [rcu_tasks_rude_]
     13 rcu_tasks_trace [rcu_tasks_trace]
     14 ksoftirqd/0     [ksoftirqd/0]
     15 rcu_sched       [rcu_sched]
     16 migration/0     [migration/0]
     17 idle_inject/0   [idle_inject/0]
     19 cpuhp/0         [cpuhp/0]
     20 cpuhp/1         [cpuhp/1]
     21 idle_inject/1   [idle_inject/1]
     22 migration/1     [migration/1]
     23 ksoftirqd/1     [ksoftirqd/1]
     25 kworker/1:0H-kb [kworker/1:0H-kblockd]
     26 cpuhp/2         [cpuhp/2]
     27 idle_inject/2   [idle_inject/2]
     28 migration/2     [migration/2]
     29 ksoftirqd/2     [ksoftirqd/2]
     31 kworker/2:0H-kb [kworker/2:0H-kblockd]
     32 cpuhp/3         [cpuhp/3]
     33 idle_inject/3   [idle_inject/3]
     34 migration/3     [migration/3]
     35 ksoftirqd/3     [ksoftirqd/3]
     37 kworker/3:0H-ev [kworker/3:0H-events_highpri]
     38 cpuhp/4         [cpuhp/4]
     39 idle_inject/4   [idle_inject/4]
     40 migration/4     [migration/4]
     41 ksoftirqd/4     [ksoftirqd/4]
     43 kworker/4:0H-ev [kworker/4:0H-events_highpri]
     44 cpuhp/5         [cpuhp/5]
     45 idle_inject/5   [idle_inject/5]
     46 migration/5     [migration/5]
     47 ksoftirqd/5     [ksoftirqd/5]
     49 kworker/5:0H-kb [kworker/5:0H-kblockd]
     50 cpuhp/6         [cpuhp/6]
     51 idle_inject/6   [idle_inject/6]
     52 migration/6     [migration/6]
     53 ksoftirqd/6     [ksoftirqd/6]
     55 kworker/6:0H-kb [kworker/6:0H-kblockd]
     56 cpuhp/7         [cpuhp/7]
     57 idle_inject/7   [idle_inject/7]
     58 migration/7     [migration/7]
     59 ksoftirqd/7     [ksoftirqd/7]
     61 kworker/7:0H-ev [kworker/7:0H-events_highpri]
     62 cpuhp/8         [cpuhp/8]
     63 idle_inject/8   [idle_inject/8]
     64 migration/8     [migration/8]
     65 ksoftirqd/8     [ksoftirqd/8]
     67 kworker/8:0H-kb [kworker/8:0H-kblockd]
     68 cpuhp/9         [cpuhp/9]
     69 idle_inject/9   [idle_inject/9]
     70 migration/9     [migration/9]
     71 ksoftirqd/9     [ksoftirqd/9]
     73 kworker/9:0H-ev [kworker/9:0H-events_highpri]
     74 cpuhp/10        [cpuhp/10]
     75 idle_inject/10  [idle_inject/10]
     76 migration/10    [migration/10]
     77 ksoftirqd/10    [ksoftirqd/10]
     79 kworker/10:0H-e [kworker/10:0H-events_highpri]
     80 cpuhp/11        [cpuhp/11]
     81 idle_inject/11  [idle_inject/11]
     82 migration/11    [migration/11]
     83 ksoftirqd/11    [ksoftirqd/11]
     85 kworker/11:0H-k [kworker/11:0H-kblockd]
     86 cpuhp/12        [cpuhp/12]
     87 idle_inject/12  [idle_inject/12]
     88 migration/12    [migration/12]
     89 ksoftirqd/12    [ksoftirqd/12]
     91 kworker/12:0H-k [kworker/12:0H-kblockd]
     92 cpuhp/13        [cpuhp/13]
     93 idle_inject/13  [idle_inject/13]
     94 migration/13    [migration/13]
     95 ksoftirqd/13    [ksoftirqd/13]
     97 kworker/13:0H-k [kworker/13:0H-kblockd]
     98 cpuhp/14        [cpuhp/14]
     99 idle_inject/14  [idle_inject/14]
    100 migration/14    [migration/14]
    101 ksoftirqd/14    [ksoftirqd/14]
    103 kworker/14:0H-k [kworker/14:0H-kblockd]
    104 cpuhp/15        [cpuhp/15]
    105 idle_inject/15  [idle_inject/15]
    106 migration/15    [migration/15]
    107 ksoftirqd/15    [ksoftirqd/15]
    109 kworker/15:0H-k [kworker/15:0H-kblockd]
    110 cpuhp/16        [cpuhp/16]
    111 idle_inject/16  [idle_inject/16]
    112 migration/16    [migration/16]
    113 ksoftirqd/16    [ksoftirqd/16]
    115 kworker/16:0H-k [kworker/16:0H-kblockd]
    116 cpuhp/17        [cpuhp/17]
    117 idle_inject/17  [idle_inject/17]
    118 migration/17    [migration/17]
    119 ksoftirqd/17    [ksoftirqd/17]
    121 kworker/17:0H-k [kworker/17:0H-kblockd]
    122 cpuhp/18        [cpuhp/18]
    123 idle_inject/18  [idle_inject/18]
    124 migration/18    [migration/18]
    125 ksoftirqd/18    [ksoftirqd/18]
    127 kworker/18:0H-k [kworker/18:0H-kblockd]
    128 cpuhp/19        [cpuhp/19]
    129 idle_inject/19  [idle_inject/19]
    130 migration/19    [migration/19]
    131 ksoftirqd/19    [ksoftirqd/19]
    133 kworker/19:0H-e [kworker/19:0H-events_highpri]
    134 cpuhp/20        [cpuhp/20]
    135 idle_inject/20  [idle_inject/20]
    136 migration/20    [migration/20]
    137 ksoftirqd/20    [ksoftirqd/20]
    139 kworker/20:0H-k [kworker/20:0H-kblockd]
    140 cpuhp/21        [cpuhp/21]
    141 idle_inject/21  [idle_inject/21]
    142 migration/21    [migration/21]
    143 ksoftirqd/21    [ksoftirqd/21]
    145 kworker/21:0H-e [kworker/21:0H-events_highpri]
    146 cpuhp/22        [cpuhp/22]
    147 idle_inject/22  [idle_inject/22]
    148 migration/22    [migration/22]
    149 ksoftirqd/22    [ksoftirqd/22]
    151 kworker/22:0H-k [kworker/22:0H-kblockd]
    152 cpuhp/23        [cpuhp/23]
    153 idle_inject/23  [idle_inject/23]
    154 migration/23    [migration/23]
    155 ksoftirqd/23    [ksoftirqd/23]
    157 kworker/23:0H-k [kworker/23:0H-kblockd]
    158 cpuhp/24        [cpuhp/24]
    159 idle_inject/24  [idle_inject/24]
    160 migration/24    [migration/24]
    161 ksoftirqd/24    [ksoftirqd/24]
    163 kworker/24:0H-k [kworker/24:0H-kblockd]
    165 cpuhp/25        [cpuhp/25]
    166 idle_inject/25  [idle_inject/25]
    167 migration/25    [migration/25]
    168 ksoftirqd/25    [ksoftirqd/25]
    170 kworker/25:0H-e [kworker/25:0H-events_highpri]
    171 cpuhp/26        [cpuhp/26]
    172 idle_inject/26  [idle_inject/26]
    173 migration/26    [migration/26]
    174 ksoftirqd/26    [ksoftirqd/26]
    176 kworker/26:0H-e [kworker/26:0H-events_highpri]
    177 cpuhp/27        [cpuhp/27]
    178 idle_inject/27  [idle_inject/27]
    179 migration/27    [migration/27]
    180 ksoftirqd/27    [ksoftirqd/27]
    182 kworker/27:0H-e [kworker/27:0H-events_highpri]
    183 cpuhp/28        [cpuhp/28]
    184 idle_inject/28  [idle_inject/28]
    185 migration/28    [migration/28]
    186 ksoftirqd/28    [ksoftirqd/28]
    188 kworker/28:0H-e [kworker/28:0H-events_highpri]
    189 cpuhp/29        [cpuhp/29]
    190 idle_inject/29  [idle_inject/29]
    191 migration/29    [migration/29]
    192 ksoftirqd/29    [ksoftirqd/29]
    194 kworker/29:0H-e [kworker/29:0H-events_highpri]
    195 cpuhp/30        [cpuhp/30]
    196 idle_inject/30  [idle_inject/30]
    197 migration/30    [migration/30]
    198 ksoftirqd/30    [ksoftirqd/30]
    200 kworker/30:0H-e [kworker/30:0H-events_highpri]
    201 cpuhp/31        [cpuhp/31]
    202 idle_inject/31  [idle_inject/31]
    203 migration/31    [migration/31]
    204 ksoftirqd/31    [ksoftirqd/31]
    206 kworker/31:0H-e [kworker/31:0H-events_highpri]
    207 cpuhp/32        [cpuhp/32]
    208 idle_inject/32  [idle_inject/32]
    209 migration/32    [migration/32]
    210 ksoftirqd/32    [ksoftirqd/32]
    212 kworker/32:0H-k [kworker/32:0H-kblockd]
    213 cpuhp/33        [cpuhp/33]
    214 idle_inject/33  [idle_inject/33]
    215 migration/33    [migration/33]
    216 ksoftirqd/33    [ksoftirqd/33]
    218 kworker/33:0H-k [kworker/33:0H-kblockd]
    219 cpuhp/34        [cpuhp/34]
    220 idle_inject/34  [idle_inject/34]
    221 migration/34    [migration/34]
    222 ksoftirqd/34    [ksoftirqd/34]
    224 kworker/34:0H-k [kworker/34:0H-kblockd]
    225 cpuhp/35        [cpuhp/35]
    226 idle_inject/35  [idle_inject/35]
    227 migration/35    [migration/35]
    228 ksoftirqd/35    [ksoftirqd/35]
    230 kworker/35:0H-e [kworker/35:0H-events_highpri]
    231 cpuhp/36        [cpuhp/36]
    232 idle_inject/36  [idle_inject/36]
    233 migration/36    [migration/36]
    234 ksoftirqd/36    [ksoftirqd/36]
    236 kworker/36:0H-e [kworker/36:0H-events_highpri]
    237 cpuhp/37        [cpuhp/37]
    238 idle_inject/37  [idle_inject/37]
    239 migration/37    [migration/37]
    240 ksoftirqd/37    [ksoftirqd/37]
    242 kworker/37:0H-k [kworker/37:0H-kblockd]
    243 cpuhp/38        [cpuhp/38]
    244 idle_inject/38  [idle_inject/38]
    245 migration/38    [migration/38]
    246 ksoftirqd/38    [ksoftirqd/38]
    248 kworker/38:0H-k [kworker/38:0H-kblockd]
    249 cpuhp/39        [cpuhp/39]
    250 idle_inject/39  [idle_inject/39]
    251 migration/39    [migration/39]
    252 ksoftirqd/39    [ksoftirqd/39]
    254 kworker/39:0H-e [kworker/39:0H-events_highpri]
    255 cpuhp/40        [cpuhp/40]
    256 idle_inject/40  [idle_inject/40]
    257 migration/40    [migration/40]
    258 ksoftirqd/40    [ksoftirqd/40]
    260 kworker/40:0H-k [kworker/40:0H-kblockd]
    261 cpuhp/41        [cpuhp/41]
    262 idle_inject/41  [idle_inject/41]
    263 migration/41    [migration/41]
    264 ksoftirqd/41    [ksoftirqd/41]
    266 kworker/41:0H-e [kworker/41:0H-events_highpri]
    267 cpuhp/42        [cpuhp/42]
    268 idle_inject/42  [idle_inject/42]
    269 migration/42    [migration/42]
    270 ksoftirqd/42    [ksoftirqd/42]
    272 kworker/42:0H-k [kworker/42:0H-kblockd]
    273 cpuhp/43        [cpuhp/43]
    274 idle_inject/43  [idle_inject/43]
    275 migration/43    [migration/43]
    276 ksoftirqd/43    [ksoftirqd/43]
    278 kworker/43:0H-e [kworker/43:0H-events_highpri]
    279 cpuhp/44        [cpuhp/44]
    280 idle_inject/44  [idle_inject/44]
    281 migration/44    [migration/44]
    282 ksoftirqd/44    [ksoftirqd/44]
    284 kworker/44:0H-e [kworker/44:0H-events_highpri]
    285 cpuhp/45        [cpuhp/45]
    286 idle_inject/45  [idle_inject/45]
    287 migration/45    [migration/45]
    288 ksoftirqd/45    [ksoftirqd/45]
    290 kworker/45:0H-e [kworker/45:0H-events_highpri]
    291 cpuhp/46        [cpuhp/46]
    292 idle_inject/46  [idle_inject/46]
    293 migration/46    [migration/46]
    294 ksoftirqd/46    [ksoftirqd/46]
    296 kworker/46:0H-k [kworker/46:0H-kblockd]
    297 cpuhp/47        [cpuhp/47]
    298 idle_inject/47  [idle_inject/47]
    299 migration/47    [migration/47]
    300 ksoftirqd/47    [ksoftirqd/47]
    302 kworker/47:0H-e [kworker/47:0H-events_highpri]
    303 cpuhp/48        [cpuhp/48]
    304 idle_inject/48  [idle_inject/48]
    305 migration/48    [migration/48]
    306 ksoftirqd/48    [ksoftirqd/48]
    308 kworker/48:0H-k [kworker/48:0H-kblockd]
    310 cpuhp/49        [cpuhp/49]
    311 idle_inject/49  [idle_inject/49]
    312 migration/49    [migration/49]
    313 ksoftirqd/49    [ksoftirqd/49]
    315 kworker/49:0H-k [kworker/49:0H-kblockd]
    316 cpuhp/50        [cpuhp/50]
    317 idle_inject/50  [idle_inject/50]
    318 migration/50    [migration/50]
    319 ksoftirqd/50    [ksoftirqd/50]
    321 kworker/50:0H-k [kworker/50:0H-kblockd]
    322 cpuhp/51        [cpuhp/51]
    323 idle_inject/51  [idle_inject/51]
    324 migration/51    [migration/51]
    325 ksoftirqd/51    [ksoftirqd/51]
    327 kworker/51:0H-k [kworker/51:0H-kblockd]
    328 cpuhp/52        [cpuhp/52]
    329 idle_inject/52  [idle_inject/52]
    330 migration/52    [migration/52]
    331 ksoftirqd/52    [ksoftirqd/52]
    333 kworker/52:0H-k [kworker/52:0H-kblockd]
    334 cpuhp/53        [cpuhp/53]
    335 idle_inject/53  [idle_inject/53]
    336 migration/53    [migration/53]
    337 ksoftirqd/53    [ksoftirqd/53]
    339 kworker/53:0H-k [kworker/53:0H-kblockd]
    340 cpuhp/54        [cpuhp/54]
    341 idle_inject/54  [idle_inject/54]
    342 migration/54    [migration/54]
    343 ksoftirqd/54    [ksoftirqd/54]
    345 kworker/54:0H-k [kworker/54:0H-kblockd]
    346 cpuhp/55        [cpuhp/55]
    347 idle_inject/55  [idle_inject/55]
    348 migration/55    [migration/55]
    349 ksoftirqd/55    [ksoftirqd/55]
    351 kworker/55:0H-k [kworker/55:0H-kblockd]
    352 cpuhp/56        [cpuhp/56]
    353 idle_inject/56  [idle_inject/56]
    354 migration/56    [migration/56]
    355 ksoftirqd/56    [ksoftirqd/56]
    357 kworker/56:0H-k [kworker/56:0H-kblockd]
    358 cpuhp/57        [cpuhp/57]
    359 idle_inject/57  [idle_inject/57]
    360 migration/57    [migration/57]
    361 ksoftirqd/57    [ksoftirqd/57]
    363 kworker/57:0H-e [kworker/57:0H-events_highpri]
    364 cpuhp/58        [cpuhp/58]
    365 idle_inject/58  [idle_inject/58]
    366 migration/58    [migration/58]
    367 ksoftirqd/58    [ksoftirqd/58]
    369 kworker/58:0H-k [kworker/58:0H-kblockd]
    370 cpuhp/59        [cpuhp/59]
    371 idle_inject/59  [idle_inject/59]
    372 migration/59    [migration/59]
    373 ksoftirqd/59    [ksoftirqd/59]
    375 kworker/59:0H-e [kworker/59:0H-events_highpri]
    376 cpuhp/60        [cpuhp/60]
    377 idle_inject/60  [idle_inject/60]
    378 migration/60    [migration/60]
    379 ksoftirqd/60    [ksoftirqd/60]
    381 kworker/60:0H-e [kworker/60:0H-events_highpri]
    382 cpuhp/61        [cpuhp/61]
    383 idle_inject/61  [idle_inject/61]
    384 migration/61    [migration/61]
    385 ksoftirqd/61    [ksoftirqd/61]
    387 kworker/61:0H-k [kworker/61:0H-kblockd]
    388 cpuhp/62        [cpuhp/62]
    389 idle_inject/62  [idle_inject/62]
    390 migration/62    [migration/62]
    391 ksoftirqd/62    [ksoftirqd/62]
    393 kworker/62:0H-k [kworker/62:0H-kblockd]
    394 cpuhp/63        [cpuhp/63]
    395 idle_inject/63  [idle_inject/63]
    396 migration/63    [migration/63]
    397 ksoftirqd/63    [ksoftirqd/63]
    399 kworker/63:0H-e [kworker/63:0H-events_highpri]
    400 cpuhp/64        [cpuhp/64]
    401 idle_inject/64  [idle_inject/64]
    402 migration/64    [migration/64]
    403 ksoftirqd/64    [ksoftirqd/64]
    405 kworker/64:0H-k [kworker/64:0H-kblockd]
    406 cpuhp/65        [cpuhp/65]
    407 idle_inject/65  [idle_inject/65]
    408 migration/65    [migration/65]
    409 ksoftirqd/65    [ksoftirqd/65]
    411 kworker/65:0H-e [kworker/65:0H-events_highpri]
    412 cpuhp/66        [cpuhp/66]
    413 idle_inject/66  [idle_inject/66]
    414 migration/66    [migration/66]
    415 ksoftirqd/66    [ksoftirqd/66]
    417 kworker/66:0H-k [kworker/66:0H-kblockd]
    418 cpuhp/67        [cpuhp/67]
    419 idle_inject/67  [idle_inject/67]
    420 migration/67    [migration/67]
    421 ksoftirqd/67    [ksoftirqd/67]
    423 kworker/67:0H-k [kworker/67:0H-kblockd]
    424 cpuhp/68        [cpuhp/68]
    425 idle_inject/68  [idle_inject/68]
    426 migration/68    [migration/68]
    427 ksoftirqd/68    [ksoftirqd/68]
    429 kworker/68:0H-k [kworker/68:0H-kblockd]
    430 cpuhp/69        [cpuhp/69]
    431 idle_inject/69  [idle_inject/69]
    432 migration/69    [migration/69]
    433 ksoftirqd/69    [ksoftirqd/69]
    435 kworker/69:0H-k [kworker/69:0H-kblockd]
    436 cpuhp/70        [cpuhp/70]
    437 idle_inject/70  [idle_inject/70]
    438 migration/70    [migration/70]
    439 ksoftirqd/70    [ksoftirqd/70]
    441 kworker/70:0H-k [kworker/70:0H-kblockd]
    442 cpuhp/71        [cpuhp/71]
    443 idle_inject/71  [idle_inject/71]
    444 migration/71    [migration/71]
    445 ksoftirqd/71    [ksoftirqd/71]
    447 kworker/71:0H-e [kworker/71:0H-events_highpri]
    448 cpuhp/72        [cpuhp/72]
    449 idle_inject/72  [idle_inject/72]
    450 migration/72    [migration/72]
    451 ksoftirqd/72    [ksoftirqd/72]
    453 kworker/72:0H-e [kworker/72:0H-events_highpri]
    455 cpuhp/73        [cpuhp/73]
    456 idle_inject/73  [idle_inject/73]
    457 migration/73    [migration/73]
    458 ksoftirqd/73    [ksoftirqd/73]
    460 kworker/73:0H-e [kworker/73:0H-events_highpri]
    461 cpuhp/74        [cpuhp/74]
    462 idle_inject/74  [idle_inject/74]
    463 migration/74    [migration/74]
    464 ksoftirqd/74    [ksoftirqd/74]
    466 kworker/74:0H-e [kworker/74:0H-events_highpri]
    467 cpuhp/75        [cpuhp/75]
    468 idle_inject/75  [idle_inject/75]
    469 migration/75    [migration/75]
    470 ksoftirqd/75    [ksoftirqd/75]
    472 kworker/75:0H-e [kworker/75:0H-events_highpri]
    473 cpuhp/76        [cpuhp/76]
    474 idle_inject/76  [idle_inject/76]
    475 migration/76    [migration/76]
    476 ksoftirqd/76    [ksoftirqd/76]
    478 kworker/76:0H-e [kworker/76:0H-events_highpri]
    479 cpuhp/77        [cpuhp/77]
    480 idle_inject/77  [idle_inject/77]
    481 migration/77    [migration/77]
    482 ksoftirqd/77    [ksoftirqd/77]
    484 kworker/77:0H-e [kworker/77:0H-events_highpri]
    485 cpuhp/78        [cpuhp/78]
    486 idle_inject/78  [idle_inject/78]
    487 migration/78    [migration/78]
    488 ksoftirqd/78    [ksoftirqd/78]
    490 kworker/78:0H-e [kworker/78:0H-events_highpri]
    491 cpuhp/79        [cpuhp/79]
    492 idle_inject/79  [idle_inject/79]
    493 migration/79    [migration/79]
    494 ksoftirqd/79    [ksoftirqd/79]
    496 kworker/79:0H-e [kworker/79:0H-events_highpri]
    497 cpuhp/80        [cpuhp/80]
    498 idle_inject/80  [idle_inject/80]
    499 migration/80    [migration/80]
    500 ksoftirqd/80    [ksoftirqd/80]
    502 kworker/80:0H-k [kworker/80:0H-kblockd]
    503 cpuhp/81        [cpuhp/81]
    504 idle_inject/81  [idle_inject/81]
    505 migration/81    [migration/81]
    506 ksoftirqd/81    [ksoftirqd/81]
    508 kworker/81:0H-e [kworker/81:0H-events_highpri]
    509 cpuhp/82        [cpuhp/82]
    510 idle_inject/82  [idle_inject/82]
    511 migration/82    [migration/82]
    512 ksoftirqd/82    [ksoftirqd/82]
    514 kworker/82:0H-e [kworker/82:0H-events_highpri]
    515 cpuhp/83        [cpuhp/83]
    516 idle_inject/83  [idle_inject/83]
    517 migration/83    [migration/83]
    518 ksoftirqd/83    [ksoftirqd/83]
    520 kworker/83:0H-e [kworker/83:0H-events_highpri]
    521 cpuhp/84        [cpuhp/84]
    522 idle_inject/84  [idle_inject/84]
    523 migration/84    [migration/84]
    524 ksoftirqd/84    [ksoftirqd/84]
    526 kworker/84:0H-k [kworker/84:0H-kblockd]
    527 cpuhp/85        [cpuhp/85]
    528 idle_inject/85  [idle_inject/85]
    529 migration/85    [migration/85]
    530 ksoftirqd/85    [ksoftirqd/85]
    532 kworker/85:0H-k [kworker/85:0H-kblockd]
    533 cpuhp/86        [cpuhp/86]
    534 idle_inject/86  [idle_inject/86]
    535 migration/86    [migration/86]
    536 ksoftirqd/86    [ksoftirqd/86]
    538 kworker/86:0H-k [kworker/86:0H-kblockd]
    539 cpuhp/87        [cpuhp/87]
    540 idle_inject/87  [idle_inject/87]
    541 migration/87    [migration/87]
    542 ksoftirqd/87    [ksoftirqd/87]
    544 kworker/87:0H-k [kworker/87:0H-kblockd]
    545 cpuhp/88        [cpuhp/88]
    546 idle_inject/88  [idle_inject/88]
    547 migration/88    [migration/88]
    548 ksoftirqd/88    [ksoftirqd/88]
    550 kworker/88:0H-k [kworker/88:0H-kblockd]
    551 cpuhp/89        [cpuhp/89]
    552 idle_inject/89  [idle_inject/89]
    553 migration/89    [migration/89]
    554 ksoftirqd/89    [ksoftirqd/89]
    556 kworker/89:0H   [kworker/89:0H]
    557 cpuhp/90        [cpuhp/90]
    558 idle_inject/90  [idle_inject/90]
    559 migration/90    [migration/90]
    560 ksoftirqd/90    [ksoftirqd/90]
    562 kworker/90:0H-e [kworker/90:0H-events_highpri]
    563 cpuhp/91        [cpuhp/91]
    564 idle_inject/91  [idle_inject/91]
    565 migration/91    [migration/91]
    566 ksoftirqd/91    [ksoftirqd/91]
    568 kworker/91:0H-e [kworker/91:0H-events_highpri]
    569 cpuhp/92        [cpuhp/92]
    570 idle_inject/92  [idle_inject/92]
    571 migration/92    [migration/92]
    572 ksoftirqd/92    [ksoftirqd/92]
    574 kworker/92:0H-k [kworker/92:0H-kblockd]
    575 cpuhp/93        [cpuhp/93]
    576 idle_inject/93  [idle_inject/93]
    577 migration/93    [migration/93]
    578 ksoftirqd/93    [ksoftirqd/93]
    580 kworker/93:0H-k [kworker/93:0H-kblockd]
    581 cpuhp/94        [cpuhp/94]
    582 idle_inject/94  [idle_inject/94]
    583 migration/94    [migration/94]
    584 ksoftirqd/94    [ksoftirqd/94]
    586 kworker/94:0H-e [kworker/94:0H-events_highpri]
    587 cpuhp/95        [cpuhp/95]
    588 idle_inject/95  [idle_inject/95]
    589 migration/95    [migration/95]
    590 ksoftirqd/95    [ksoftirqd/95]
    592 kworker/95:0H-k [kworker/95:0H-kblockd]
    593 cpuhp/96        [cpuhp/96]
    594 idle_inject/96  [idle_inject/96]
    595 migration/96    [migration/96]
    596 ksoftirqd/96    [ksoftirqd/96]
    598 kworker/96:0H-e [kworker/96:0H-events_highpri]
    600 cpuhp/97        [cpuhp/97]
    601 idle_inject/97  [idle_inject/97]
    602 migration/97    [migration/97]
    603 ksoftirqd/97    [ksoftirqd/97]
    605 kworker/97:0H-k [kworker/97:0H-kblockd]
    606 cpuhp/98        [cpuhp/98]
    607 idle_inject/98  [idle_inject/98]
    608 migration/98    [migration/98]
    609 ksoftirqd/98    [ksoftirqd/98]
    611 kworker/98:0H-k [kworker/98:0H-kblockd]
    612 cpuhp/99        [cpuhp/99]
    613 idle_inject/99  [idle_inject/99]
    614 migration/99    [migration/99]
    615 ksoftirqd/99    [ksoftirqd/99]
    617 kworker/99:0H-k [kworker/99:0H-kblockd]
    618 cpuhp/100       [cpuhp/100]
    619 idle_inject/100 [idle_inject/100]
    620 migration/100   [migration/100]
    621 ksoftirqd/100   [ksoftirqd/100]
    623 kworker/100:0H- [kworker/100:0H-kblockd]
    624 cpuhp/101       [cpuhp/101]
    625 idle_inject/101 [idle_inject/101]
    626 migration/101   [migration/101]
    627 ksoftirqd/101   [ksoftirqd/101]
    629 kworker/101:0H- [kworker/101:0H-kblockd]
    630 cpuhp/102       [cpuhp/102]
    631 idle_inject/102 [idle_inject/102]
    632 migration/102   [migration/102]
    633 ksoftirqd/102   [ksoftirqd/102]
    635 kworker/102:0H- [kworker/102:0H-events_highpri]
    636 cpuhp/103       [cpuhp/103]
    637 idle_inject/103 [idle_inject/103]
    638 migration/103   [migration/103]
    639 ksoftirqd/103   [ksoftirqd/103]
    641 kworker/103:0H- [kworker/103:0H-events_highpri]
    642 cpuhp/104       [cpuhp/104]
    643 idle_inject/104 [idle_inject/104]
    644 migration/104   [migration/104]
    645 ksoftirqd/104   [ksoftirqd/104]
    647 kworker/104:0H- [kworker/104:0H-events_highpri]
    648 cpuhp/105       [cpuhp/105]
    649 idle_inject/105 [idle_inject/105]
    650 migration/105   [migration/105]
    651 ksoftirqd/105   [ksoftirqd/105]
    653 kworker/105:0H- [kworker/105:0H-events_highpri]
    654 cpuhp/106       [cpuhp/106]
    655 idle_inject/106 [idle_inject/106]
    656 migration/106   [migration/106]
    657 ksoftirqd/106   [ksoftirqd/106]
    659 kworker/106:0H- [kworker/106:0H-kblockd]
    660 cpuhp/107       [cpuhp/107]
    661 idle_inject/107 [idle_inject/107]
    662 migration/107   [migration/107]
    663 ksoftirqd/107   [ksoftirqd/107]
    665 kworker/107:0H- [kworker/107:0H-events_highpri]
    666 cpuhp/108       [cpuhp/108]
    667 idle_inject/108 [idle_inject/108]
    668 migration/108   [migration/108]
    669 ksoftirqd/108   [ksoftirqd/108]
    671 kworker/108:0H- [kworker/108:0H-kblockd]
    672 cpuhp/109       [cpuhp/109]
    673 idle_inject/109 [idle_inject/109]
    674 migration/109   [migration/109]
    675 ksoftirqd/109   [ksoftirqd/109]
    677 kworker/109:0H- [kworker/109:0H-events_highpri]
    678 cpuhp/110       [cpuhp/110]
    679 idle_inject/110 [idle_inject/110]
    680 migration/110   [migration/110]
    681 ksoftirqd/110   [ksoftirqd/110]
    683 kworker/110:0H- [kworker/110:0H-kblockd]
    684 cpuhp/111       [cpuhp/111]
    685 idle_inject/111 [idle_inject/111]
    686 migration/111   [migration/111]
    687 ksoftirqd/111   [ksoftirqd/111]
    689 kworker/111:0H- [kworker/111:0H-kblockd]
    690 cpuhp/112       [cpuhp/112]
    691 idle_inject/112 [idle_inject/112]
    692 migration/112   [migration/112]
    693 ksoftirqd/112   [ksoftirqd/112]
    695 kworker/112:0H- [kworker/112:0H-kblockd]
    696 cpuhp/113       [cpuhp/113]
    697 idle_inject/113 [idle_inject/113]
    698 migration/113   [migration/113]
    699 ksoftirqd/113   [ksoftirqd/113]
    701 kworker/113:0H- [kworker/113:0H-kblockd]
    702 cpuhp/114       [cpuhp/114]
    703 idle_inject/114 [idle_inject/114]
    704 migration/114   [migration/114]
    705 ksoftirqd/114   [ksoftirqd/114]
    707 kworker/114:0H- [kworker/114:0H-kblockd]
    708 cpuhp/115       [cpuhp/115]
    709 idle_inject/115 [idle_inject/115]
    710 migration/115   [migration/115]
    711 ksoftirqd/115   [ksoftirqd/115]
    713 kworker/115:0H- [kworker/115:0H-kblockd]
    714 cpuhp/116       [cpuhp/116]
    715 idle_inject/116 [idle_inject/116]
    716 migration/116   [migration/116]
    717 ksoftirqd/116   [ksoftirqd/116]
    719 kworker/116:0H- [kworker/116:0H-kblockd]
    720 cpuhp/117       [cpuhp/117]
    721 idle_inject/117 [idle_inject/117]
    722 migration/117   [migration/117]
    723 ksoftirqd/117   [ksoftirqd/117]
    725 kworker/117:0H- [kworker/117:0H-events_highpri]
    726 cpuhp/118       [cpuhp/118]
    727 idle_inject/118 [idle_inject/118]
    728 migration/118   [migration/118]
    729 ksoftirqd/118   [ksoftirqd/118]
    731 kworker/118:0H- [kworker/118:0H-events_highpri]
    732 cpuhp/119       [cpuhp/119]
    733 idle_inject/119 [idle_inject/119]
    734 migration/119   [migration/119]
    735 ksoftirqd/119   [ksoftirqd/119]
    737 kworker/119:0H- [kworker/119:0H-kblockd]
    738 cpuhp/120       [cpuhp/120]
    739 idle_inject/120 [idle_inject/120]
    740 migration/120   [migration/120]
    741 ksoftirqd/120   [ksoftirqd/120]
    743 kworker/120:0H- [kworker/120:0H-events_highpri]
    745 cpuhp/121       [cpuhp/121]
    746 idle_inject/121 [idle_inject/121]
    747 migration/121   [migration/121]
    748 ksoftirqd/121   [ksoftirqd/121]
    750 kworker/121:0H- [kworker/121:0H-events_highpri]
    751 cpuhp/122       [cpuhp/122]
    752 idle_inject/122 [idle_inject/122]
    753 migration/122   [migration/122]
    754 ksoftirqd/122   [ksoftirqd/122]
    756 kworker/122:0H- [kworker/122:0H-kblockd]
    757 cpuhp/123       [cpuhp/123]
    758 idle_inject/123 [idle_inject/123]
    759 migration/123   [migration/123]
    760 ksoftirqd/123   [ksoftirqd/123]
    762 kworker/123:0H- [kworker/123:0H-kblockd]
    763 cpuhp/124       [cpuhp/124]
    764 idle_inject/124 [idle_inject/124]
    765 migration/124   [migration/124]
    766 ksoftirqd/124   [ksoftirqd/124]
    768 kworker/124:0H- [kworker/124:0H-events_highpri]
    769 cpuhp/125       [cpuhp/125]
    770 idle_inject/125 [idle_inject/125]
    771 migration/125   [migration/125]
    772 ksoftirqd/125   [ksoftirqd/125]
    774 kworker/125:0H- [kworker/125:0H-events_highpri]
    775 cpuhp/126       [cpuhp/126]
    776 idle_inject/126 [idle_inject/126]
    777 migration/126   [migration/126]
    778 ksoftirqd/126   [ksoftirqd/126]
    780 kworker/126:0H- [kworker/126:0H-events_highpri]
    781 cpuhp/127       [cpuhp/127]
    782 idle_inject/127 [idle_inject/127]
    783 migration/127   [migration/127]
    784 ksoftirqd/127   [ksoftirqd/127]
    786 kworker/127:0H- [kworker/127:0H-kblockd]
    787 cpuhp/128       [cpuhp/128]
    788 idle_inject/128 [idle_inject/128]
    789 migration/128   [migration/128]
    790 ksoftirqd/128   [ksoftirqd/128]
    792 kworker/128:0H- [kworker/128:0H-events_highpri]
    793 cpuhp/129       [cpuhp/129]
    794 idle_inject/129 [idle_inject/129]
    795 migration/129   [migration/129]
    796 ksoftirqd/129   [ksoftirqd/129]
    798 kworker/129:0H- [kworker/129:0H-events_highpri]
    799 cpuhp/130       [cpuhp/130]
    800 idle_inject/130 [idle_inject/130]
    801 migration/130   [migration/130]
    802 ksoftirqd/130   [ksoftirqd/130]
    804 kworker/130:0H- [kworker/130:0H-events_highpri]
    805 cpuhp/131       [cpuhp/131]
    806 idle_inject/131 [idle_inject/131]
    807 migration/131   [migration/131]
    808 ksoftirqd/131   [ksoftirqd/131]
    810 kworker/131:0H- [kworker/131:0H-kblockd]
    811 cpuhp/132       [cpuhp/132]
    812 idle_inject/132 [idle_inject/132]
    813 migration/132   [migration/132]
    814 ksoftirqd/132   [ksoftirqd/132]
    816 kworker/132:0H- [kworker/132:0H-kblockd]
    817 cpuhp/133       [cpuhp/133]
    818 idle_inject/133 [idle_inject/133]
    819 migration/133   [migration/133]
    820 ksoftirqd/133   [ksoftirqd/133]
    822 kworker/133:0H- [kworker/133:0H-kblockd]
    823 cpuhp/134       [cpuhp/134]
    824 idle_inject/134 [idle_inject/134]
    825 migration/134   [migration/134]
    826 ksoftirqd/134   [ksoftirqd/134]
    828 kworker/134:0H- [kworker/134:0H-kblockd]
    829 cpuhp/135       [cpuhp/135]
    830 idle_inject/135 [idle_inject/135]
    831 migration/135   [migration/135]
    832 ksoftirqd/135   [ksoftirqd/135]
    834 kworker/135:0H- [kworker/135:0H-events_highpri]
    835 cpuhp/136       [cpuhp/136]
    836 idle_inject/136 [idle_inject/136]
    837 migration/136   [migration/136]
    838 ksoftirqd/136   [ksoftirqd/136]
    840 kworker/136:0H- [kworker/136:0H-events_highpri]
    841 cpuhp/137       [cpuhp/137]
    842 idle_inject/137 [idle_inject/137]
    843 migration/137   [migration/137]
    844 ksoftirqd/137   [ksoftirqd/137]
    846 kworker/137:0H- [kworker/137:0H-events_highpri]
    847 cpuhp/138       [cpuhp/138]
    848 idle_inject/138 [idle_inject/138]
    849 migration/138   [migration/138]
    850 ksoftirqd/138   [ksoftirqd/138]
    852 kworker/138:0H- [kworker/138:0H-events_highpri]
    853 cpuhp/139       [cpuhp/139]
    854 idle_inject/139 [idle_inject/139]
    855 migration/139   [migration/139]
    856 ksoftirqd/139   [ksoftirqd/139]
    858 kworker/139:0H- [kworker/139:0H-events_highpri]
    859 cpuhp/140       [cpuhp/140]
    860 idle_inject/140 [idle_inject/140]
    861 migration/140   [migration/140]
    862 ksoftirqd/140   [ksoftirqd/140]
    864 kworker/140:0H- [kworker/140:0H-kblockd]
    865 cpuhp/141       [cpuhp/141]
    866 idle_inject/141 [idle_inject/141]
    867 migration/141   [migration/141]
    868 ksoftirqd/141   [ksoftirqd/141]
    870 kworker/141:0H- [kworker/141:0H-events_highpri]
    871 cpuhp/142       [cpuhp/142]
    872 idle_inject/142 [idle_inject/142]
    873 migration/142   [migration/142]
    874 ksoftirqd/142   [ksoftirqd/142]
    876 kworker/142:0H- [kworker/142:0H-events_highpri]
    877 cpuhp/143       [cpuhp/143]
    878 idle_inject/143 [idle_inject/143]
    879 migration/143   [migration/143]
    880 ksoftirqd/143   [ksoftirqd/143]
    882 kworker/143:0H- [kworker/143:0H-events_highpri]
    883 cpuhp/144       [cpuhp/144]
    884 idle_inject/144 [idle_inject/144]
    885 migration/144   [migration/144]
    886 ksoftirqd/144   [ksoftirqd/144]
    888 kworker/144:0H- [kworker/144:0H-kblockd]
    890 cpuhp/145       [cpuhp/145]
    891 idle_inject/145 [idle_inject/145]
    892 migration/145   [migration/145]
    893 ksoftirqd/145   [ksoftirqd/145]
    895 kworker/145:0H- [kworker/145:0H-kblockd]
    896 cpuhp/146       [cpuhp/146]
    897 idle_inject/146 [idle_inject/146]
    898 migration/146   [migration/146]
    899 ksoftirqd/146   [ksoftirqd/146]
    901 kworker/146:0H- [kworker/146:0H-kblockd]
    902 cpuhp/147       [cpuhp/147]
    903 idle_inject/147 [idle_inject/147]
    904 migration/147   [migration/147]
    905 ksoftirqd/147   [ksoftirqd/147]
    907 kworker/147:0H- [kworker/147:0H-kblockd]
    908 cpuhp/148       [cpuhp/148]
    909 idle_inject/148 [idle_inject/148]
    910 migration/148   [migration/148]
    911 ksoftirqd/148   [ksoftirqd/148]
    913 kworker/148:0H- [kworker/148:0H-kblockd]
    914 cpuhp/149       [cpuhp/149]
    915 idle_inject/149 [idle_inject/149]
    916 migration/149   [migration/149]
    917 ksoftirqd/149   [ksoftirqd/149]
    919 kworker/149:0H- [kworker/149:0H-kblockd]
    920 cpuhp/150       [cpuhp/150]
    921 idle_inject/150 [idle_inject/150]
    922 migration/150   [migration/150]
    923 ksoftirqd/150   [ksoftirqd/150]
    925 kworker/150:0H- [kworker/150:0H-kblockd]
    926 cpuhp/151       [cpuhp/151]
    927 idle_inject/151 [idle_inject/151]
    928 migration/151   [migration/151]
    929 ksoftirqd/151   [ksoftirqd/151]
    931 kworker/151:0H- [kworker/151:0H-kblockd]
    932 cpuhp/152       [cpuhp/152]
    933 idle_inject/152 [idle_inject/152]
    934 migration/152   [migration/152]
    935 ksoftirqd/152   [ksoftirqd/152]
    937 kworker/152:0H- [kworker/152:0H-kblockd]
    938 cpuhp/153       [cpuhp/153]
    939 idle_inject/153 [idle_inject/153]
    940 migration/153   [migration/153]
    941 ksoftirqd/153   [ksoftirqd/153]
    943 kworker/153:0H- [kworker/153:0H-events_highpri]
    944 cpuhp/154       [cpuhp/154]
    945 idle_inject/154 [idle_inject/154]
    946 migration/154   [migration/154]
    947 ksoftirqd/154   [ksoftirqd/154]
    949 kworker/154:0H- [kworker/154:0H-kblockd]
    950 cpuhp/155       [cpuhp/155]
    951 idle_inject/155 [idle_inject/155]
    952 migration/155   [migration/155]
    953 ksoftirqd/155   [ksoftirqd/155]
    955 kworker/155:0H- [kworker/155:0H-events_highpri]
    956 cpuhp/156       [cpuhp/156]
    957 idle_inject/156 [idle_inject/156]
    958 migration/156   [migration/156]
    959 ksoftirqd/156   [ksoftirqd/156]
    961 kworker/156:0H- [kworker/156:0H-kblockd]
    962 cpuhp/157       [cpuhp/157]
    963 idle_inject/157 [idle_inject/157]
    964 migration/157   [migration/157]
    965 ksoftirqd/157   [ksoftirqd/157]
    967 kworker/157:0H- [kworker/157:0H-kblockd]
    968 cpuhp/158       [cpuhp/158]
    969 idle_inject/158 [idle_inject/158]
    970 migration/158   [migration/158]
    971 ksoftirqd/158   [ksoftirqd/158]
    973 kworker/158:0H- [kworker/158:0H-kblockd]
    974 cpuhp/159       [cpuhp/159]
    975 idle_inject/159 [idle_inject/159]
    976 migration/159   [migration/159]
    977 ksoftirqd/159   [ksoftirqd/159]
    979 kworker/159:0H- [kworker/159:0H-kblockd]
    980 cpuhp/160       [cpuhp/160]
    981 idle_inject/160 [idle_inject/160]
    982 migration/160   [migration/160]
    983 ksoftirqd/160   [ksoftirqd/160]
    985 kworker/160:0H- [kworker/160:0H-kblockd]
    986 cpuhp/161       [cpuhp/161]
    987 idle_inject/161 [idle_inject/161]
    988 migration/161   [migration/161]
    989 ksoftirqd/161   [ksoftirqd/161]
    991 kworker/161:0H- [kworker/161:0H-events_highpri]
    992 cpuhp/162       [cpuhp/162]
    993 idle_inject/162 [idle_inject/162]
    994 migration/162   [migration/162]
    995 ksoftirqd/162   [ksoftirqd/162]
    997 kworker/162:0H- [kworker/162:0H-kblockd]
    998 cpuhp/163       [cpuhp/163]
    999 idle_inject/163 [idle_inject/163]
   1000 migration/163   [migration/163]
   1001 ksoftirqd/163   [ksoftirqd/163]
   1003 kworker/163:0H- [kworker/163:0H-kblockd]
   1004 cpuhp/164       [cpuhp/164]
   1005 idle_inject/164 [idle_inject/164]
   1006 migration/164   [migration/164]
   1007 ksoftirqd/164   [ksoftirqd/164]
   1009 kworker/164:0H- [kworker/164:0H-events_highpri]
   1010 cpuhp/165       [cpuhp/165]
   1011 idle_inject/165 [idle_inject/165]
   1012 migration/165   [migration/165]
   1013 ksoftirqd/165   [ksoftirqd/165]
   1015 kworker/165:0H- [kworker/165:0H-events_highpri]
   1016 cpuhp/166       [cpuhp/166]
   1017 idle_inject/166 [idle_inject/166]
   1018 migration/166   [migration/166]
   1019 ksoftirqd/166   [ksoftirqd/166]
   1021 kworker/166:0H- [kworker/166:0H-kblockd]
   1022 cpuhp/167       [cpuhp/167]
   1023 idle_inject/167 [idle_inject/167]
   1024 migration/167   [migration/167]
   1025 ksoftirqd/167   [ksoftirqd/167]
   1027 kworker/167:0H- [kworker/167:0H-events_highpri]
   1028 cpuhp/168       [cpuhp/168]
   1029 idle_inject/168 [idle_inject/168]
   1030 migration/168   [migration/168]
   1031 ksoftirqd/168   [ksoftirqd/168]
   1033 kworker/168:0H- [kworker/168:0H-kblockd]
   1035 cpuhp/169       [cpuhp/169]
   1036 idle_inject/169 [idle_inject/169]
   1037 migration/169   [migration/169]
   1038 ksoftirqd/169   [ksoftirqd/169]
   1040 kworker/169:0H- [kworker/169:0H-kblockd]
   1041 cpuhp/170       [cpuhp/170]
   1042 idle_inject/170 [idle_inject/170]
   1043 migration/170   [migration/170]
   1044 ksoftirqd/170   [ksoftirqd/170]
   1046 kworker/170:0H- [kworker/170:0H-kblockd]
   1047 cpuhp/171       [cpuhp/171]
   1048 idle_inject/171 [idle_inject/171]
   1049 migration/171   [migration/171]
   1050 ksoftirqd/171   [ksoftirqd/171]
   1052 kworker/171:0H- [kworker/171:0H-kblockd]
   1053 cpuhp/172       [cpuhp/172]
   1054 idle_inject/172 [idle_inject/172]
   1055 migration/172   [migration/172]
   1056 ksoftirqd/172   [ksoftirqd/172]
   1058 kworker/172:0H- [kworker/172:0H-kblockd]
   1059 cpuhp/173       [cpuhp/173]
   1060 idle_inject/173 [idle_inject/173]
   1061 migration/173   [migration/173]
   1062 ksoftirqd/173   [ksoftirqd/173]
   1064 kworker/173:0H- [kworker/173:0H-kblockd]
   1065 cpuhp/174       [cpuhp/174]
   1066 idle_inject/174 [idle_inject/174]
   1067 migration/174   [migration/174]
   1068 ksoftirqd/174   [ksoftirqd/174]
   1070 kworker/174:0H- [kworker/174:0H-kblockd]
   1071 cpuhp/175       [cpuhp/175]
   1072 idle_inject/175 [idle_inject/175]
   1073 migration/175   [migration/175]
   1074 ksoftirqd/175   [ksoftirqd/175]
   1076 kworker/175:0H- [kworker/175:0H-kblockd]
   1077 cpuhp/176       [cpuhp/176]
   1078 idle_inject/176 [idle_inject/176]
   1079 migration/176   [migration/176]
   1080 ksoftirqd/176   [ksoftirqd/176]
   1082 kworker/176:0H- [kworker/176:0H-events_highpri]
   1083 cpuhp/177       [cpuhp/177]
   1084 idle_inject/177 [idle_inject/177]
   1085 migration/177   [migration/177]
   1086 ksoftirqd/177   [ksoftirqd/177]
   1088 kworker/177:0H- [kworker/177:0H-events_highpri]
   1089 cpuhp/178       [cpuhp/178]
   1090 idle_inject/178 [idle_inject/178]
   1091 migration/178   [migration/178]
   1092 ksoftirqd/178   [ksoftirqd/178]
   1094 kworker/178:0H- [kworker/178:0H-kblockd]
   1095 cpuhp/179       [cpuhp/179]
   1096 idle_inject/179 [idle_inject/179]
   1097 migration/179   [migration/179]
   1098 ksoftirqd/179   [ksoftirqd/179]
   1100 kworker/179:0H- [kworker/179:0H-events_highpri]
   1101 cpuhp/180       [cpuhp/180]
   1102 idle_inject/180 [idle_inject/180]
   1103 migration/180   [migration/180]
   1104 ksoftirqd/180   [ksoftirqd/180]
   1106 kworker/180:0H- [kworker/180:0H-events_highpri]
   1107 cpuhp/181       [cpuhp/181]
   1108 idle_inject/181 [idle_inject/181]
   1109 migration/181   [migration/181]
   1110 ksoftirqd/181   [ksoftirqd/181]
   1112 kworker/181:0H- [kworker/181:0H-events_highpri]
   1113 cpuhp/182       [cpuhp/182]
   1114 idle_inject/182 [idle_inject/182]
   1115 migration/182   [migration/182]
   1116 ksoftirqd/182   [ksoftirqd/182]
   1118 kworker/182:0H- [kworker/182:0H-events_highpri]
   1119 cpuhp/183       [cpuhp/183]
   1120 idle_inject/183 [idle_inject/183]
   1121 migration/183   [migration/183]
   1122 ksoftirqd/183   [ksoftirqd/183]
   1124 kworker/183:0H- [kworker/183:0H-kblockd]
   1125 cpuhp/184       [cpuhp/184]
   1126 idle_inject/184 [idle_inject/184]
   1127 migration/184   [migration/184]
   1128 ksoftirqd/184   [ksoftirqd/184]
   1130 kworker/184:0H- [kworker/184:0H-kblockd]
   1131 cpuhp/185       [cpuhp/185]
   1132 idle_inject/185 [idle_inject/185]
   1133 migration/185   [migration/185]
   1134 ksoftirqd/185   [ksoftirqd/185]
   1136 kworker/185:0H- [kworker/185:0H-events_highpri]
   1137 cpuhp/186       [cpuhp/186]
   1138 idle_inject/186 [idle_inject/186]
   1139 migration/186   [migration/186]
   1140 ksoftirqd/186   [ksoftirqd/186]
   1142 kworker/186:0H- [kworker/186:0H-events_highpri]
   1143 cpuhp/187       [cpuhp/187]
   1144 idle_inject/187 [idle_inject/187]
   1145 migration/187   [migration/187]
   1146 ksoftirqd/187   [ksoftirqd/187]
   1148 kworker/187:0H- [kworker/187:0H-events_highpri]
   1149 cpuhp/188       [cpuhp/188]
   1150 idle_inject/188 [idle_inject/188]
   1151 migration/188   [migration/188]
   1152 ksoftirqd/188   [ksoftirqd/188]
   1154 kworker/188:0H- [kworker/188:0H-events_highpri]
   1155 cpuhp/189       [cpuhp/189]
   1156 idle_inject/189 [idle_inject/189]
   1157 migration/189   [migration/189]
   1158 ksoftirqd/189   [ksoftirqd/189]
   1160 kworker/189:0H- [kworker/189:0H-kblockd]
   1161 cpuhp/190       [cpuhp/190]
   1162 idle_inject/190 [idle_inject/190]
   1163 migration/190   [migration/190]
   1164 ksoftirqd/190   [ksoftirqd/190]
   1166 kworker/190:0H- [kworker/190:0H-events_highpri]
   1167 cpuhp/191       [cpuhp/191]
   1168 idle_inject/191 [idle_inject/191]
   1169 migration/191   [migration/191]
   1170 ksoftirqd/191   [ksoftirqd/191]
   1172 kworker/191:0H- [kworker/191:0H-kblockd]
   1173 kdevtmpfs       [kdevtmpfs]
   1174 inet_frag_wq    [inet_frag_wq]
   1366 kauditd         [kauditd]
   1369 khungtaskd      [khungtaskd]
   1370 oom_reaper      [oom_reaper]
   1371 writeback       [writeback]
   1372 kcompactd0      [kcompactd0]
   1373 kcompactd1      [kcompactd1]
   1374 kcompactd2      [kcompactd2]
   1375 kcompactd3      [kcompactd3]
   1376 kcompactd4      [kcompactd4]
   1377 kcompactd5      [kcompactd5]
   1378 kcompactd6      [kcompactd6]
   1379 kcompactd7      [kcompactd7]
   1380 ksmd            [ksmd]
   1381 khugepaged      [khugepaged]
   1427 kintegrityd     [kintegrityd]
   1428 kblockd         [kblockd]
   1429 blkcg_punt_bio  [blkcg_punt_bio]
   1430 tpm_dev_wq      [tpm_dev_wq]
   1431 ata_sff         [ata_sff]
   1432 md              [md]
   1433 edac-poller     [edac-poller]
   1434 devfreq_wq      [devfreq_wq]
   1435 watchdogd       [watchdogd]
   1437 kworker/3:1H-kb [kworker/3:1H-kblockd]
   1438 kswapd0         [kswapd0]
   1439 kswapd1         [kswapd1]
   1440 kswapd2         [kswapd2]
   1441 kswapd3         [kswapd3]
   1442 kswapd4         [kswapd4]
   1443 kswapd5         [kswapd5]
   1444 kswapd6         [kswapd6]
   1445 kswapd7         [kswapd7]
   1446 ecryptfs-kthrea [ecryptfs-kthrea]
   1448 kthrotld        [kthrotld]
   1449 irq/30-aerdrv   [irq/30-aerdrv]
   1450 irq/32-aerdrv   [irq/32-aerdrv]
   1451 irq/34-aerdrv   [irq/34-aerdrv]
   1452 irq/36-aerdrv   [irq/36-aerdrv]
   1453 irq/38-aerdrv   [irq/38-aerdrv]
   1454 irq/37-pciehp   [irq/37-pciehp]
   1455 irq/40-aerdrv   [irq/40-aerdrv]
   1456 irq/39-pciehp   [irq/39-pciehp]
   1457 irq/42-aerdrv   [irq/42-aerdrv]
   1458 irq/44-aerdrv   [irq/44-aerdrv]
   1459 irq/46-aerdrv   [irq/46-aerdrv]
   1460 irq/48-aerdrv   [irq/48-aerdrv]
   1461 irq/50-aerdrv   [irq/50-aerdrv]
   1462 irq/52-aerdrv   [irq/52-aerdrv]
   1463 irq/51-pciehp   [irq/51-pciehp]
   1464 irq/54-aerdrv   [irq/54-aerdrv]
   1465 irq/53-pciehp   [irq/53-pciehp]
   1466 irq/56-aerdrv   [irq/56-aerdrv]
   1467 irq/55-pciehp   [irq/55-pciehp]
   1468 irq/58-aerdrv   [irq/58-aerdrv]
   1469 irq/57-pciehp   [irq/57-pciehp]
   1470 irq/60-aerdrv   [irq/60-aerdrv]
   1471 irq/62-aerdrv   [irq/62-aerdrv]
   1472 irq/64-aerdrv   [irq/64-aerdrv]
   1473 irq/14-ACPI:Ged [irq/14-ACPI:Ged]
   1474 irq/19-ACPI:Ged [irq/19-ACPI:Ged]
   1475 acpi_thermal_pm [acpi_thermal_pm]
   1487 mld             [mld]
   1488 ipv6_addrconf   [ipv6_addrconf]
   1497 kstrp           [kstrp]
   1500 zswap-shrink    [zswap-shrink]
   1509 kworker/32:0-mm [kworker/32:0-mm_percpu_wq]
   1688 kworker/u394:0  [kworker/u394:0]
   1689 kworker/u395:0  [kworker/u395:0]
   1690 kworker/u396:0  [kworker/u396:0]
   1691 kworker/u397:0  [kworker/u397:0]
   1692 kworker/u398:0  [kworker/u398:0]
   1693 kworker/u399:0  [kworker/u399:0]
   1694 kworker/u400:0  [kworker/u400:0]
   1695 kworker/u401:0  [kworker/u401:0]
   1699 cryptd          [cryptd]
   1740 charger_manager [charger_manager]
   1762 kworker/10:1H-k [kworker/10:1H-kblockd]
   1780 spi0            [spi0]
   1784 scsi_eh_0       [scsi_eh_0]
   1785 scsi_tmf_0      [scsi_tmf_0]
   1787 nvme-wq         [nvme-wq]
   1788 scsi_eh_1       [scsi_eh_1]
   1789 scsi_tmf_1      [scsi_tmf_1]
   1790 nvme-reset-wq   [nvme-reset-wq]
   1792 nvme-delete-wq  [nvme-delete-wq]
   1795 scsi_eh_2       [scsi_eh_2]
   1796 scsi_tmf_2      [scsi_tmf_2]
   1797 scsi_eh_3       [scsi_eh_3]
   1798 scsi_tmf_3      [scsi_tmf_3]
   1801 scsi_eh_4       [scsi_eh_4]
   1802 scsi_tmf_4      [scsi_tmf_4]
   1805 scsi_eh_5       [scsi_eh_5]
   1807 scsi_tmf_5      [scsi_tmf_5]
   1812 scsi_eh_6       [scsi_eh_6]
   1813 scsi_tmf_6      [scsi_tmf_6]
   1815 scsi_eh_7       [scsi_eh_7]
   1816 scsi_tmf_7      [scsi_tmf_7]
   1821 scsi_eh_8       [scsi_eh_8]
   1822 scsi_tmf_8      [scsi_tmf_8]
   1827 0000:34:02.0    [0000:34:02.0]
   1828 scsi_eh_9       [scsi_eh_9]
   1829 scsi_tmf_9      [scsi_tmf_9]
   1830 scsi_wq_8       [scsi_wq_8]
   1835 0000:34:02.0_ev [0000:34:02.0_ev]
   1836 0000:34:02.0_di [0000:34:02.0_di]
   2032 kworker/9:1H-kb [kworker/9:1H-kblockd]
   2033 poll_megasas9_s [poll_megasas9_s]
   2061 kworker/74:1H-k [kworker/74:1H-kblockd]
   2062 kworker/77:1H-k [kworker/77:1H-kblockd]
   2063 kworker/79:1H-k [kworker/79:1H-kblockd]
   2064 kworker/76:1H-k [kworker/76:1H-kblockd]
   2065 kworker/73:1H-k [kworker/73:1H-kblockd]
   2066 kworker/75:1H-k [kworker/75:1H-kblockd]
   2067 kworker/124:1H- [kworker/124:1H-kblockd]
   2071 kworker/78:1H-k [kworker/78:1H-kblockd]
   2077 kworker/7:1H-kb [kworker/7:1H-kblockd]
   2078 irq/102-hisi_sa [irq/102-hisi_sa]
   2079 irq/103-hisi_sa [irq/103-hisi_sa]
   2080 irq/104-hisi_sa [irq/104-hisi_sa]
   2081 irq/105-hisi_sa [irq/105-hisi_sa]
   2082 irq/106-hisi_sa [irq/106-hisi_sa]
   2083 irq/107-hisi_sa [irq/107-hisi_sa]
   2084 irq/108-hisi_sa [irq/108-hisi_sa]
   2085 irq/109-hisi_sa [irq/109-hisi_sa]
   2086 irq/110-hisi_sa [irq/110-hisi_sa]
   2087 irq/111-hisi_sa [irq/111-hisi_sa]
   2088 irq/112-hisi_sa [irq/112-hisi_sa]
   2089 irq/113-hisi_sa [irq/113-hisi_sa]
   2090 irq/114-hisi_sa [irq/114-hisi_sa]
   2091 irq/115-hisi_sa [irq/115-hisi_sa]
   2092 irq/116-hisi_sa [irq/116-hisi_sa]
   2093 irq/117-hisi_sa [irq/117-hisi_sa]
   2094 scsi_eh_10      [scsi_eh_10]
   2095 scsi_tmf_10     [scsi_tmf_10]
   2096 0000:34:04.0    [0000:34:04.0]
   2097 scsi_wq_10      [scsi_wq_10]
   2098 0000:34:04.0_ev [0000:34:04.0_ev]
   2099 0000:34:04.0_di [0000:34:04.0_di]
   2100 irq/1302-hisi_s [irq/1302-hisi_s]
   2101 irq/1303-hisi_s [irq/1303-hisi_s]
   2102 irq/1304-hisi_s [irq/1304-hisi_s]
   2103 irq/1305-hisi_s [irq/1305-hisi_s]
   2104 irq/1306-hisi_s [irq/1306-hisi_s]
   2105 irq/1307-hisi_s [irq/1307-hisi_s]
   2106 irq/1308-hisi_s [irq/1308-hisi_s]
   2107 irq/1309-hisi_s [irq/1309-hisi_s]
   2108 irq/1310-hisi_s [irq/1310-hisi_s]
   2109 irq/1311-hisi_s [irq/1311-hisi_s]
   2110 irq/1312-hisi_s [irq/1312-hisi_s]
   2111 irq/1313-hisi_s [irq/1313-hisi_s]
   2112 irq/1314-hisi_s [irq/1314-hisi_s]
   2113 irq/1315-hisi_s [irq/1315-hisi_s]
   2114 irq/1316-hisi_s [irq/1316-hisi_s]
   2115 irq/1317-hisi_s [irq/1317-hisi_s]
   2116 scsi_eh_11      [scsi_eh_11]
   2117 scsi_tmf_11     [scsi_tmf_11]
   2118 0000:74:02.0    [0000:74:02.0]
   2119 scsi_wq_11      [scsi_wq_11]
   2120 0000:74:02.0_ev [0000:74:02.0_ev]
   2121 0000:74:02.0_di [0000:74:02.0_di]
   2122 irq/1334-hisi_s [irq/1334-hisi_s]
   2123 irq/1335-hisi_s [irq/1335-hisi_s]
   2124 irq/1336-hisi_s [irq/1336-hisi_s]
   2125 irq/1337-hisi_s [irq/1337-hisi_s]
   2126 irq/1338-hisi_s [irq/1338-hisi_s]
   2127 irq/1339-hisi_s [irq/1339-hisi_s]
   2128 irq/1340-hisi_s [irq/1340-hisi_s]
   2129 irq/1341-hisi_s [irq/1341-hisi_s]
   2130 irq/1342-hisi_s [irq/1342-hisi_s]
   2131 irq/1343-hisi_s [irq/1343-hisi_s]
   2132 irq/1344-hisi_s [irq/1344-hisi_s]
   2133 irq/1345-hisi_s [irq/1345-hisi_s]
   2134 irq/1346-hisi_s [irq/1346-hisi_s]
   2135 irq/1347-hisi_s [irq/1347-hisi_s]
   2136 irq/1348-hisi_s [irq/1348-hisi_s]
   2137 irq/1349-hisi_s [irq/1349-hisi_s]
   2138 scsi_eh_12      [scsi_eh_12]
   2139 scsi_tmf_12     [scsi_tmf_12]
   2140 0000:74:04.0    [0000:74:04.0]
   2141 scsi_wq_12      [scsi_wq_12]
   2142 0000:74:04.0_ev [0000:74:04.0_ev]
   2143 0000:74:04.0_di [0000:74:04.0_di]
   2144 irq/1366-hisi_s [irq/1366-hisi_s]
   2145 irq/1367-hisi_s [irq/1367-hisi_s]
   2146 irq/1368-hisi_s [irq/1368-hisi_s]
   2147 irq/1369-hisi_s [irq/1369-hisi_s]
   2148 irq/1370-hisi_s [irq/1370-hisi_s]
   2149 irq/1371-hisi_s [irq/1371-hisi_s]
   2150 irq/1372-hisi_s [irq/1372-hisi_s]
   2151 irq/1373-hisi_s [irq/1373-hisi_s]
   2152 irq/1374-hisi_s [irq/1374-hisi_s]
   2153 irq/1375-hisi_s [irq/1375-hisi_s]
   2154 irq/1376-hisi_s [irq/1376-hisi_s]
   2155 irq/1377-hisi_s [irq/1377-hisi_s]
   2156 irq/1378-hisi_s [irq/1378-hisi_s]
   2157 irq/1379-hisi_s [irq/1379-hisi_s]
   2158 irq/1380-hisi_s [irq/1380-hisi_s]
   2159 irq/1381-hisi_s [irq/1381-hisi_s]
   2160 scsi_eh_13      [scsi_eh_13]
   2161 scsi_tmf_13     [scsi_tmf_13]
   2162 0000:b4:02.0    [0000:b4:02.0]
   2163 scsi_wq_13      [scsi_wq_13]
   2164 0000:b4:02.0_ev [0000:b4:02.0_ev]
   2165 0000:b4:02.0_di [0000:b4:02.0_di]
   2166 irq/1398-hisi_s [irq/1398-hisi_s]
   2167 irq/1399-hisi_s [irq/1399-hisi_s]
   2168 irq/1400-hisi_s [irq/1400-hisi_s]
   2169 irq/1401-hisi_s [irq/1401-hisi_s]
   2170 irq/1402-hisi_s [irq/1402-hisi_s]
   2171 irq/1403-hisi_s [irq/1403-hisi_s]
   2172 irq/1404-hisi_s [irq/1404-hisi_s]
   2173 irq/1405-hisi_s [irq/1405-hisi_s]
   2174 irq/1406-hisi_s [irq/1406-hisi_s]
   2175 irq/1407-hisi_s [irq/1407-hisi_s]
   2176 irq/1408-hisi_s [irq/1408-hisi_s]
   2177 irq/1409-hisi_s [irq/1409-hisi_s]
   2178 irq/1410-hisi_s [irq/1410-hisi_s]
   2179 irq/1411-hisi_s [irq/1411-hisi_s]
   2180 irq/1412-hisi_s [irq/1412-hisi_s]
   2181 irq/1413-hisi_s [irq/1413-hisi_s]
   2182 scsi_eh_14      [scsi_eh_14]
   2183 scsi_tmf_14     [scsi_tmf_14]
   2184 0000:b4:04.0    [0000:b4:04.0]
   2185 scsi_wq_14      [scsi_wq_14]
   2186 0000:b4:04.0_ev [0000:b4:04.0_ev]
   2187 0000:b4:04.0_di [0000:b4:04.0_di]
   2188 kworker/6:1H-kb [kworker/6:1H-kblockd]
   2189 kworker/2:1H-kb [kworker/2:1H-kblockd]
   2190 irq/1430-hisi_s [irq/1430-hisi_s]
   2191 irq/1431-hisi_s [irq/1431-hisi_s]
   2192 irq/1432-hisi_s [irq/1432-hisi_s]
   2193 irq/1433-hisi_s [irq/1433-hisi_s]
   2194 irq/1434-hisi_s [irq/1434-hisi_s]
   2195 irq/1435-hisi_s [irq/1435-hisi_s]
   2196 irq/1436-hisi_s [irq/1436-hisi_s]
   2197 irq/1437-hisi_s [irq/1437-hisi_s]
   2198 irq/1438-hisi_s [irq/1438-hisi_s]
   2199 irq/1439-hisi_s [irq/1439-hisi_s]
   2200 irq/1440-hisi_s [irq/1440-hisi_s]
   2201 irq/1441-hisi_s [irq/1441-hisi_s]
   2202 irq/1442-hisi_s [irq/1442-hisi_s]
   2203 irq/1443-hisi_s [irq/1443-hisi_s]
   2204 irq/1444-hisi_s [irq/1444-hisi_s]
   2205 irq/1445-hisi_s [irq/1445-hisi_s]
   2206 scsi_eh_15      [scsi_eh_15]
   2207 scsi_tmf_15     [scsi_tmf_15]
   2208 0000:f4:02.0    [0000:f4:02.0]
   2209 scsi_wq_15      [scsi_wq_15]
   2210 0000:f4:02.0_ev [0000:f4:02.0_ev]
   2211 0000:f4:02.0_di [0000:f4:02.0_di]
   2212 irq/1462-hisi_s [irq/1462-hisi_s]
   2213 irq/1463-hisi_s [irq/1463-hisi_s]
   2214 irq/1464-hisi_s [irq/1464-hisi_s]
   2215 irq/1465-hisi_s [irq/1465-hisi_s]
   2216 irq/1466-hisi_s [irq/1466-hisi_s]
   2217 irq/1467-hisi_s [irq/1467-hisi_s]
   2218 irq/1468-hisi_s [irq/1468-hisi_s]
   2219 irq/1469-hisi_s [irq/1469-hisi_s]
   2220 irq/1470-hisi_s [irq/1470-hisi_s]
   2221 irq/1471-hisi_s [irq/1471-hisi_s]
   2222 irq/1472-hisi_s [irq/1472-hisi_s]
   2223 irq/1473-hisi_s [irq/1473-hisi_s]
   2224 irq/1474-hisi_s [irq/1474-hisi_s]
   2225 irq/1475-hisi_s [irq/1475-hisi_s]
   2226 irq/1476-hisi_s [irq/1476-hisi_s]
   2227 irq/1477-hisi_s [irq/1477-hisi_s]
   2228 scsi_eh_16      [scsi_eh_16]
   2229 scsi_tmf_16     [scsi_tmf_16]
   2230 0000:f4:04.0    [0000:f4:04.0]
   2231 scsi_wq_16      [scsi_wq_16]
   2232 0000:f4:04.0_ev [0000:f4:04.0_ev]
   2233 0000:f4:04.0_di [0000:f4:04.0_di]
   2234 irq/1494-hisi_s [irq/1494-hisi_s]
   2235 irq/1495-hisi_s [irq/1495-hisi_s]
   2236 irq/1496-hisi_s [irq/1496-hisi_s]
   2237 irq/1497-hisi_s [irq/1497-hisi_s]
   2238 irq/1498-hisi_s [irq/1498-hisi_s]
   2239 irq/1499-hisi_s [irq/1499-hisi_s]
   2240 irq/1500-hisi_s [irq/1500-hisi_s]
   2241 irq/1501-hisi_s [irq/1501-hisi_s]
   2242 irq/1502-hisi_s [irq/1502-hisi_s]
   2243 irq/1503-hisi_s [irq/1503-hisi_s]
   2244 irq/1504-hisi_s [irq/1504-hisi_s]
   2245 irq/1505-hisi_s [irq/1505-hisi_s]
   2246 irq/1506-hisi_s [irq/1506-hisi_s]
   2247 irq/1507-hisi_s [irq/1507-hisi_s]
   2248 irq/1508-hisi_s [irq/1508-hisi_s]
   2249 irq/1509-hisi_s [irq/1509-hisi_s]
   2250 kworker/146:1H- [kworker/146:1H-kblockd]
   2251 kworker/147:1H- [kworker/147:1H-kblockd]
   2306 kworker/125:1H- [kworker/125:1H-kblockd]
   2311 kworker/109:1H- [kworker/109:1H-kblockd]
   2313 kworker/28:1H-k [kworker/28:1H-kblockd]
   2315 kworker/187:1H- [kworker/187:1H-kblockd]
   2319 card0-crtc0     [card0-crtc0]
   2324 kworker/30:1H-k [kworker/30:1H-kblockd]
   2325 kworker/31:1H-k [kworker/31:1H-kblockd]
   2332 kworker/105:1H- [kworker/105:1H-kblockd]
   2333 kworker/107:1H- [kworker/107:1H-kblockd]
   2336 kworker/104:1H- [kworker/104:1H-kblockd]
   2337 kworker/103:1H- [kworker/103:1H-kblockd]
   2338 kworker/82:1H-k [kworker/82:1H-kblockd]
   2339 kworker/91:1H-k [kworker/91:1H-kblockd]
   2340 kworker/90:1H-k [kworker/90:1H-kblockd]
   2341 kworker/137:1H- [kworker/137:1H-kblockd]
   2342 kworker/94:1H-k [kworker/94:1H-kblockd]
   2343 kworker/141:1H- [kworker/141:1H-kblockd]
   2363 raid5wq         [raid5wq]
   2414 kworker/14:1H-k [kworker/14:1H-kblockd]
   2415 kworker/15:1H-k [kworker/15:1H-kblockd]
   2416 jbd2/sda2-8     [jbd2/sda2-8]
   2417 ext4-rsv-conver [ext4-rsv-conver]
   2432 kworker/19:1H-k [kworker/19:1H-kblockd]
   2435 kworker/20:1H-k [kworker/20:1H-kblockd]
   2440 kworker/21:1H-k [kworker/21:1H-kblockd]
   2441 kworker/36:1H-k [kworker/36:1H-kblockd]
   2447 kworker/24:1H-k [kworker/24:1H-kblockd]
   2450 kworker/26:1H-k [kworker/26:1H-kblockd]
   2453 kworker/12:1H-k [kworker/12:1H-kblockd]
   2457 kworker/11:1H-k [kworker/11:1H-kblockd]
   2458 kworker/0:1H-kb [kworker/0:1H-kblockd]
   2460 kworker/16:1H-k [kworker/16:1H-kblockd]
   2462 kworker/48:1H-k [kworker/48:1H-kblockd]
   2465 kworker/50:1H-k [kworker/50:1H-kblockd]
   2482 kworker/51:1H-k [kworker/51:1H-kblockd]
   2487 kworker/54:1H-k [kworker/54:1H-kblockd]
   2488 kworker/58:1H-k [kworker/58:1H-kblockd]
   2491 kworker/52:1H-k [kworker/52:1H-kblockd]
   2494 kworker/55:1H-k [kworker/55:1H-kblockd]
   2498 kworker/56:1H-k [kworker/56:1H-kblockd]
   2499 kworker/53:1H-k [kworker/53:1H-kblockd]
   2503 kworker/46:1H-k [kworker/46:1H-kblockd]
   2504 kworker/25:1H-k [kworker/25:1H-kblockd]
   2526 kworker/34:1H-d [kworker/34:1H-dms_timer_8]
   2533 ipmi-msghandler [ipmi-msghandler]
   2542 kaluad          [kaluad]
   2544 kworker/148:1H- [kworker/148:1H-kblockd]
   2545 kmpath_rdacd    [kmpath_rdacd]
   2546 kworker/32:1H-k [kworker/32:1H-kblockd]
   2548 kmpathd         [kmpathd]
   2549 kmpath_handlerd [kmpath_handlerd]
   2554 kworker/152:1H- [kworker/152:1H-kblockd]
   2558 kworker/156:1H- [kworker/156:1H-kblockd]
   2564 kworker/158:1H- [kworker/158:1H-kblockd]
   2567 kworker/27:1H-k [kworker/27:1H-kblockd]
   2569 kworker/154:1H- [kworker/154:1H-kblockd]
   2576 kworker/155:1H- [kworker/155:1H-kblockd]
   2624 kworker/47:1H-k [kworker/47:1H-kblockd]
   2625 kworker/29:1H-k [kworker/29:1H-kblockd]
   2628 kworker/44:1H-k [kworker/44:1H-kblockd]
   2630 kworker/189:1H- [kworker/189:1H-kblockd]
   2631 kworker/191:1H- [kworker/191:1H-kblockd]
   2632 kworker/41:1H-k [kworker/41:1H-kblockd]
   2713 kworker/150:1H- [kworker/150:1H-kblockd]
   2714 nfit            [nfit]
   2715 kworker/149:1H- [kworker/149:1H-kblockd]
   2716 kworker/23:1H-k [kworker/23:1H-kblockd]
   2717 hwrng           [hwrng]
   2725 kworker/38:1H-k [kworker/38:1H-kblockd]
   2735 vfio-irqfd-clea [vfio-irqfd-clea]
   2738 kworker/35:1H-k [kworker/35:1H-kblockd]
   2739 kworker/49:1H-k [kworker/49:1H-kblockd]
   2749 ib-comp-wq      [ib-comp-wq]
   2751 ib-comp-unb-wq  [ib-comp-unb-wq]
   2752 ib_mcast        [ib_mcast]
   2753 ib_nl_sa_wq     [ib_nl_sa_wq]
   2757 kworker/84:1H-k [kworker/84:1H-kblockd]
   2759 kworker/83:1H-k [kworker/83:1H-kblockd]
   2760 kworker/81:1H-k [kworker/81:1H-kblockd]
   2764 kworker/118:1H- [kworker/118:1H-kblockd]
   2771 kworker/117:1H- [kworker/117:1H-kblockd]
   2772 kworker/65:1H-k [kworker/65:1H-kblockd]
   2773 kworker/40:1H-k [kworker/40:1H-kblockd]
   2774 kworker/63:1H-k [kworker/63:1H-kblockd]
   2775 kworker/42:1H-k [kworker/42:1H-kblockd]
   2779 kworker/96:1H-k [kworker/96:1H-kblockd]
   2782 pcie_msg_workqu [pcie_msg_workqu]
   2783 pcie_msg_workqu [pcie_msg_workqu]
   2784 pcie_msg_workqu [pcie_msg_workqu]
   2785 pcie_msg_workqu [pcie_msg_workqu]
   2786 pcie_msg_workqu [pcie_msg_workqu]
   2788 pcie_msg_workqu [pcie_msg_workqu]
   2790 pcie_msg_workqu [pcie_msg_workqu]
   2791 pcie_msg_workqu [pcie_msg_workqu]
   2792 pcie_msg_workqu [pcie_msg_workqu]
   2798 kworker/60:1H-k [kworker/60:1H-kblockd]
   2803 jbd2/nvme0n1p1- [jbd2/nvme0n1p1-]
   2804 ext4-rsv-conver [ext4-rsv-conver]
   2806 kworker/4:1H-kb [kworker/4:1H-kblockd]
   2815 jbd2/nvme1n1p1- [jbd2/nvme1n1p1-]
   2816 ext4-rsv-conver [ext4-rsv-conver]
   2827 kworker/1:1H-kb [kworker/1:1H-kblockd]
   2837 pcie_msg_workqu [pcie_msg_workqu]
   2839 pcie_msg_workqu [pcie_msg_workqu]
   2840 pcie_msg_workqu [pcie_msg_workqu]
   2841 pcie_msg_workqu [pcie_msg_workqu]
   2842 pcie_msg_workqu [pcie_msg_workqu]
   2843 pcie_msg_workqu [pcie_msg_workqu]
   2844 pcie_msg_workqu [pcie_msg_workqu]
   2845 pcie_msg_workqu [pcie_msg_workqu]
   2846 pcie_msg_workqu [pcie_msg_workqu]
   2853 pcie_msg_workqu [pcie_msg_workqu]
   2854 pcie_msg_workqu [pcie_msg_workqu]
   2855 pcie_msg_workqu [pcie_msg_workqu]
   2856 pcie_msg_workqu [pcie_msg_workqu]
   2857 pcie_msg_workqu [pcie_msg_workqu]
   2858 pcie_msg_workqu [pcie_msg_workqu]
   2859 pcie_msg_workqu [pcie_msg_workqu]
   2860 pcie_msg_workqu [pcie_msg_workqu]
   2861 pcie_msg_workqu [pcie_msg_workqu]
   2866 pcie_msg_workqu [pcie_msg_workqu]
   2867 pcie_msg_workqu [pcie_msg_workqu]
   2868 pcie_msg_workqu [pcie_msg_workqu]
   2869 pcie_msg_workqu [pcie_msg_workqu]
   2870 pcie_msg_workqu [pcie_msg_workqu]
   2871 pcie_msg_workqu [pcie_msg_workqu]
   2872 pcie_msg_workqu [pcie_msg_workqu]
   2873 pcie_msg_workqu [pcie_msg_workqu]
   2874 pcie_msg_workqu [pcie_msg_workqu]
   2877 pcie_msg_workqu [pcie_msg_workqu]
   2878 pcie_msg_workqu [pcie_msg_workqu]
   2879 pcie_msg_workqu [pcie_msg_workqu]
   2880 pcie_msg_workqu [pcie_msg_workqu]
   2881 pcie_msg_workqu [pcie_msg_workqu]
   2883 pcie_msg_workqu [pcie_msg_workqu]
   2884 pcie_msg_workqu [pcie_msg_workqu]
   2885 pcie_msg_workqu [pcie_msg_workqu]
   2886 pcie_msg_workqu [pcie_msg_workqu]
   2889 pcie_msg_workqu [pcie_msg_workqu]
   2890 pcie_msg_workqu [pcie_msg_workqu]
   2891 pcie_msg_workqu [pcie_msg_workqu]
   2892 pcie_msg_workqu [pcie_msg_workqu]
   2893 pcie_msg_workqu [pcie_msg_workqu]
   2894 pcie_msg_workqu [pcie_msg_workqu]
   2895 pcie_msg_workqu [pcie_msg_workqu]
   2896 pcie_msg_workqu [pcie_msg_workqu]
   2897 pcie_msg_workqu [pcie_msg_workqu]
   2900 pcie_msg_workqu [pcie_msg_workqu]
   2901 pcie_msg_workqu [pcie_msg_workqu]
   2902 pcie_msg_workqu [pcie_msg_workqu]
   2903 pcie_msg_workqu [pcie_msg_workqu]
   2904 pcie_msg_workqu [pcie_msg_workqu]
   2905 pcie_msg_workqu [pcie_msg_workqu]
   2906 pcie_msg_workqu [pcie_msg_workqu]
   2907 pcie_msg_workqu [pcie_msg_workqu]
   2908 pcie_msg_workqu [pcie_msg_workqu]
   2910 pcie_msg_workqu [pcie_msg_workqu]
   2911 pcie_msg_workqu [pcie_msg_workqu]
   2912 pcie_msg_workqu [pcie_msg_workqu]
   2913 pcie_msg_workqu [pcie_msg_workqu]
   2914 pcie_msg_workqu [pcie_msg_workqu]
   2915 pcie_msg_workqu [pcie_msg_workqu]
   2916 pcie_msg_workqu [pcie_msg_workqu]
   2917 pcie_msg_workqu [pcie_msg_workqu]
   2918 pcie_msg_workqu [pcie_msg_workqu]
   2928 dms_poll_task   [dms_poll_task]
   2929 dms_sensor_scan [dms_sensor_scan]
   2930 ib_mad1         [ib_mad1]
   2941 kworker/22:1H-k [kworker/22:1H-kblockd]
   2942 kworker/153:1H- [kworker/153:1H-kblockd]
   2944 dms_timer_commo [dms_timer_commo]
   2945 dev_manager_wor [dev_manager_wor]
   2947 dms_save_except [dms_save_except]
   2950 kworker/8:1H-kb [kworker/8:1H-kblockd]
   2951 kworker/13:1H-k [kworker/13:1H-kblockd]
   2968 kworker/85:1H-k [kworker/85:1H-kblockd]
   2969 ib_mad1         [ib_mad1]
   2976 kworker/95:1H-k [kworker/95:1H-kblockd]
   2985 kworker/80:1H-k [kworker/80:1H-kblockd]
   2988 kworker/86:1H-k [kworker/86:1H-kblockd]
   2989 kworker/89:1H-k [kworker/89:1H-kblockd]
   2990 kworker/144:1H- [kworker/144:1H-kblockd]
   2991 kworker/157:1H- [kworker/157:1H-kblockd]
   2994 kworker/45:1H-k [kworker/45:1H-kblockd]
   2996 ib_mad1         [ib_mad1]
   3011 kworker/72:1H-k [kworker/72:1H-kblockd]
   3013 kworker/190:1H- [kworker/190:1H-kblockd]
   3015 kworker/43:1H-k [kworker/43:1H-kblockd]
   3024 ib_mad1         [ib_mad1]
   3076 kworker/145:1H- [kworker/145:1H-kblockd]
   3085 kworker/122:1H- [kworker/122:1H-kblockd]
   3089 kworker/17:1H-k [kworker/17:1H-kblockd]
   3096 aicore_info_wq  [aicore_info_wq]
   3105 dev3_sq_send_wq [dev3_sq_send_wq]
   3107 dev3_sq_fair_wq [dev3_sq_fair_wq]
   3109 dev3_sq_task    [dev3_sq_task]
   3110 heart_beat_work [heart_beat_work]
   3117 dev1_sq_send_wq [dev1_sq_send_wq]
   3118 dev1_sq_fair_wq [dev1_sq_fair_wq]
   3119 dev1_sq_task    [dev1_sq_task]
   3120 heart_beat_work [heart_beat_work]
   3132 dev0_sq_send_wq [dev0_sq_send_wq]
   3133 dev0_sq_fair_wq [dev0_sq_fair_wq]
   3134 dev0_sq_task    [dev0_sq_task]
   3135 heart_beat_work [heart_beat_work]
   3136 dev4_sq_send_wq [dev4_sq_send_wq]
   3137 dev4_sq_fair_wq [dev4_sq_fair_wq]
   3138 dev4_sq_task    [dev4_sq_task]
   3139 heart_beat_work [heart_beat_work]
   3165 dev6_sq_send_wq [dev6_sq_send_wq]
   3166 dev6_sq_fair_wq [dev6_sq_fair_wq]
   3167 dev6_sq_task    [dev6_sq_task]
   3168 heart_beat_work [heart_beat_work]
   3169 dev5_sq_send_wq [dev5_sq_send_wq]
   3170 dev5_sq_fair_wq [dev5_sq_fair_wq]
   3171 dev5_sq_task    [dev5_sq_task]
   3172 heart_beat_work [heart_beat_work]
   3174 dev2_sq_send_wq [dev2_sq_send_wq]
   3175 dev2_sq_fair_wq [dev2_sq_fair_wq]
   3176 dev2_sq_task    [dev2_sq_task]
   3177 heart_beat_work [heart_beat_work]
   3178 dev7_sq_send_wq [dev7_sq_send_wq]
   3179 dev7_sq_fair_wq [dev7_sq_fair_wq]
   3180 dev7_sq_task    [dev7_sq_task]
   3181 heart_beat_work [heart_beat_work]
   3186 aicore_info_wq  [aicore_info_wq]
   3237 ping            ping -n -W 3000 -c 1 -s 56 www.trae.cn
   3241 aicore_info_wq  [aicore_info_wq]
   3293 kworker/37:1H-k [kworker/37:1H-kblockd]
   3306 aicore_info_wq  [aicore_info_wq]
   3369 aicore_info_wq  [aicore_info_wq]
   3434 aicore_info_wq  [aicore_info_wq]
   3519 aicore_info_wq  [aicore_info_wq]
   3597 aicore_info_wq  [aicore_info_wq]
   3707 kworker/5:1H-kb [kworker/5:1H-kblockd]
   4720 kworker/159:1H- [kworker/159:1H-kblockd]
   5031 cron            /usr/sbin/cron -f -P
   5032 dbus-daemon     @dbus-daemon --system --address=systemd: --nofork --nopidfile --systemd-activation --syslog-only
   5033 kworker/184:1H- [kworker/184:1H-kblockd]
   5034 kworker/185:1H- [kworker/185:1H-kblockd]
   5048 networkd-dispat /usr/bin/python3 /usr/bin/networkd-dispatcher --run-startup-triggers
   5066 kworker/174:1H- [kworker/174:1H-kblockd]
   5069 kworker/170:1H- [kworker/170:1H-kblockd]
   5077 kworker/171:1H- [kworker/171:1H-kblockd]
   5083 kworker/180:1H- [kworker/180:1H-kblockd]
   5106 kworker/160:1H- [kworker/160:1H-kblockd]
   5111 kworker/176:1H- [kworker/176:1H-kblockd]
   5212 kworker/178:1H- [kworker/178:1H-kblockd]
   5215 kworker/172:1H- [kworker/172:1H-kblockd]
   5217 kworker/169:1H- [kworker/169:1H-kblockd]
   5231 kworker/168:1H- [kworker/168:1H-kblockd]
   5250 kworker/173:1H- [kworker/173:1H-kblockd]
   5277 kworker/175:1H- [kworker/175:1H-kblockd]
   5283 kworker/177:1H- [kworker/177:1H-kblockd]
   5294 kworker/182:1H- [kworker/182:1H-kblockd]
   5314 kworker/188:1H- [kworker/188:1H-kblockd]
   5315 agetty          /sbin/agetty -o -p -- \u --noclear tty1 linux
   5328 unattended-upgr /usr/bin/python3 /usr/share/unattended-upgrades/unattended-upgrade-shutdown --wait-for-signal
   5337 kworker/179:1H- [kworker/179:1H-kblockd]
   5401 kworker/161:1H- [kworker/161:1H-kblockd]
   5585 kworker/111:1H- [kworker/111:1H-kblockd]
   5666 kworker/162:1H- [kworker/162:1H-kblockd]
   5741 kworker/164:1H- [kworker/164:1H-kblockd]
   5750 kworker/87:1H-k [kworker/87:1H-kblockd]
   5752 kworker/181:1H- [kworker/181:1H-kblockd]
   5755 kworker/167:1H- [kworker/167:1H-kblockd]
   5780 kworker/88:1H-k [kworker/88:1H-kblockd]
   5854 kworker/92:1H-k [kworker/92:1H-kblockd]
   5864 kworker/165:1H- [kworker/165:1H-kblockd]
   5867 kworker/186:1H- [kworker/186:1H-kblockd]
   5868 kworker/39:1H-k [kworker/39:1H-kblockd]
   6480 kworker/151:1H- [kworker/151:1H-kblockd]
   6535 kworker/93:1H-k [kworker/93:1H-kblockd]
   6563 kworker/163:1H- [kworker/163:1H-kblockd]
   6565 kworker/166:1H- [kworker/166:1H-kblockd]
   6566 kworker/97:1H-k [kworker/97:1H-kblockd]
   6729 kworker/183:1H- [kworker/183:1H-kblockd]
   6811 kworker/120:1H- [kworker/120:1H-kblockd]
   6820 kworker/98:1H-k [kworker/98:1H-kblockd]
   6821 kworker/99:1H-k [kworker/99:1H-kblockd]
   8925 kworker/102:1H- [kworker/102:1H-kblockd]
   8938 kworker/100:1H- [kworker/100:1H-kblockd]
   8992 watch           watch -n 2 npu-smi info
   9113 kworker/62:1H-k [kworker/62:1H-kblockd]
   9615 kworker/18:1H-k [kworker/18:1H-kblockd]
   9661 kworker/119:1H- [kworker/119:1H-kblockd]
  10112 kworker/112:1H- [kworker/112:1H-kblockd]
  10204 kworker/106:1H- [kworker/106:1H-kblockd]
  11203 kworker/101:1H- [kworker/101:1H-kblockd]
  11697 kworker/114:1H- [kworker/114:1H-kblockd]
  11698 kworker/115:1H- [kworker/115:1H-kblockd]
  11699 kworker/116:1H- [kworker/116:1H-kblockd]
  11770 kworker/108:1H- [kworker/108:1H-kblockd]
  11821 kworker/143:1H- [kworker/143:1H-kblockd]
  11822 kworker/57:1H-k [kworker/57:1H-kblockd]
  12954 kworker/121:1H- [kworker/121:1H-kblockd]
  14746 kworker/33:1H-k [kworker/33:1H-kblockd]
  14748 kworker/61:1H-k [kworker/61:1H-kblockd]
  14750 kworker/123:1H- [kworker/123:1H-kblockd]
  15360 kworker/110:1H- [kworker/110:1H-kblockd]
  20129 kworker/142:1H- [kworker/142:1H-kblockd]
  21894 kworker/71:1H-k [kworker/71:1H-kblockd]
  25772 kworker/132:1H- [kworker/132:1H-kblockd]
  25846 kworker/113:1H- [kworker/113:1H-kblockd]
  35688 kworker/66:1H-k [kworker/66:1H-kblockd]
  35692 kworker/70:1H-k [kworker/70:1H-kblockd]
  35842 code-1b6a188127 /home/data4t1/zhangkaijie/.vscode-server/code-1b6a188127eeaf9194f945eb6eb89a657e93c54c --cli-data-dir /home/data4t1/zhangkaijie/.vscode-server/cli agent host
  36238 kworker/59:1H-k [kworker/59:1H-kblockd]
  36379 kworker/64:1H-k [kworker/64:1H-kblockd]
  66478 code-08d4889f9e /home/data4t1/zhongziyang/.vscode-server/code-08d4889f9ec4a1685d257b9b95de036c8e1ce1e5 --cli-data-dir /home/data4t1/zhongziyang/.vscode-server/cli agent host
  67463 sshfs           .tools/sshfs-root/usr/bin/sshfs 84090_2:/data/hxw .remote-hxw-data -o reconnect,ServerAliveInterval=15,ServerAliveCountMax=3
  69501 code-520fb30b2d /home/data4t1/zhangkaijie/.vscode-server/code-520fb30b2d3d324b4cb2342f6e88e2cd93751de1 --cli-data-dir /home/data4t1/zhangkaijie/.vscode-server/cli agent host
  82370 containerd-shim /usr/bin/containerd-shim-runc-v2 -namespace moby -id cec0cae50831ccc521fc820326962aeff955ba2726e6934a3b78a8ea77c94d67 -address /run/containerd/containerd.sock
  82397 vllm            /usr/local/python3.12.13/bin/python3 /usr/local/python3.12.13/bin/vllm serve /models/Qwen3.8-27B-w8a8 --host 0.0.0.0 --port 9001 --tensor-parallel-size 4 --quantization ascend --served-model-name qwen3.8 --max-model-len 256000 --max-num-seqs 8 --max-num-batched-tokens 8192 --gpu-memory-utilization 0.90 --enable-prefix-caching --trust-remote-code --reasoning-parser qwen3 --enable-auto-tool-choice --tool-call-parser qwen3_coder
  83328 containerd-shim /usr/bin/containerd-shim-runc-v2 -namespace moby -id a287b40ec9cf7d229b5137e3d5669f5bf297ded7d2011a19761278ae5ec0fba5 -address /run/containerd/containerd.sock
  83352 vllm            /usr/local/python3.12.13/bin/python3 /usr/local/python3.12.13/bin/vllm serve /models/Qwen3.8-27B-w8a8 --host 0.0.0.0 --port 9002 --tensor-parallel-size 2 --quantization ascend --served-model-name qwen3.8 --max-model-len 256000 --max-num-seqs 8 --max-num-batched-tokens 8192 --gpu-memory-utilization 0.90 --enable-prefix-caching --trust-remote-code --reasoning-parser qwen3 --enable-auto-tool-choice --tool-call-parser qwen3_coder
  85799 kworker/68:1H-k [kworker/68:1H-kblockd]
  87335 python3         /usr/local/python3.12.13/bin/python3 -c from multiprocessing.resource_tracker import main;main(35)
  87669 python3         /usr/local/python3.12.13/bin/python3 -c from multiprocessing.resource_tracker import main;main(35)
  87670 VLLM::EngineCor VLLM::EngineCore
  89395 VLLM: <defunct> [VLLM::Worker_TP] <defunct>
  89602 VLLM::Worker_TP VLLM::Worker_TP0
  91055 VLLM: <defunct> [VLLM::Worker_TP] <defunct>
  91228 VLLM::Worker_TP VLLM::Worker_TP1
  92813 VLLM: <defunct> [VLLM::Worker_TP] <defunct>
  95970 python3         /usr/local/python3.12.13/bin/python3 -c from multiprocessing.spawn import spawn_main; spawn_main(tracker_fd=36, pipe_handle=88) --multiprocessing-fork
  96143 python3         /usr/local/python3.12.13/bin/python3 -c from multiprocessing.spawn import spawn_main; spawn_main(tracker_fd=36, pipe_handle=77) --multiprocessing-fork
  96830 python3         /usr/local/python3.12.13/bin/python3 -c from multiprocessing.forkserver import main; main(85, 87, [], **{})
  96834 kworker/127:1H- [kworker/127:1H-kblockd]
  96848 python3         /usr/local/python3.12.13/bin/python3 -c from multiprocessing.forkserver import main; main(85, 87, [], **{})
  96849 python3         /usr/local/python3.12.13/bin/python3 -c from multiprocessing.forkserver import main; main(85, 87, [], **{})
  96850 python3         /usr/local/python3.12.13/bin/python3 -c from multiprocessing.forkserver import main; main(85, 87, [], **{})
  96851 python3         /usr/local/python3.12.13/bin/python3 -c from multiprocessing.forkserver import main; main(85, 87, [], **{})
  96853 python3         /usr/local/python3.12.13/bin/python3 -c from multiprocessing.forkserver import main; main(85, 87, [], **{})
  96854 python3         /usr/local/python3.12.13/bin/python3 -c from multiprocessing.forkserver import main; main(85, 87, [], **{})
  96855 python3         /usr/local/python3.12.13/bin/python3 -c from multiprocessing.forkserver import main; main(85, 87, [], **{})
  96856 python3         /usr/local/python3.12.13/bin/python3 -c from multiprocessing.forkserver import main; main(85, 87, [], **{})
  96857 python3         /usr/local/python3.12.13/bin/python3 -c from multiprocessing.forkserver import main; main(85, 87, [], **{})
  96891 python3         /usr/local/python3.12.13/bin/python3 -c from multiprocessing.forkserver import main; main(85, 87, [], **{})
  96892 python3         /usr/local/python3.12.13/bin/python3 -c from multiprocessing.forkserver import main; main(85, 87, [], **{})
  96893 python3         /usr/local/python3.12.13/bin/python3 -c from multiprocessing.forkserver import main; main(85, 87, [], **{})
  96894 python3         /usr/local/python3.12.13/bin/python3 -c from multiprocessing.forkserver import main; main(85, 87, [], **{})
  96895 python3         /usr/local/python3.12.13/bin/python3 -c from multiprocessing.forkserver import main; main(85, 87, [], **{})
  96896 python3         /usr/local/python3.12.13/bin/python3 -c from multiprocessing.forkserver import main; main(85, 87, [], **{})
  96897 python3         /usr/local/python3.12.13/bin/python3 -c from multiprocessing.forkserver import main; main(85, 87, [], **{})
  96898 python3         /usr/local/python3.12.13/bin/python3 -c from multiprocessing.forkserver import main; main(85, 87, [], **{})
  97110 python3         /usr/local/python3.12.13/bin/python3 -c from multiprocessing.forkserver import main; main(74, 76, [], **{})
  97116 python3         /usr/local/python3.12.13/bin/python3 -c from multiprocessing.forkserver import main; main(74, 76, [], **{})
  97118 python3         /usr/local/python3.12.13/bin/python3 -c from multiprocessing.forkserver import main; main(74, 76, [], **{})
  97120 python3         /usr/local/python3.12.13/bin/python3 -c from multiprocessing.forkserver import main; main(74, 76, [], **{})
  97121 python3         /usr/local/python3.12.13/bin/python3 -c from multiprocessing.forkserver import main; main(74, 76, [], **{})
  97122 python3         /usr/local/python3.12.13/bin/python3 -c from multiprocessing.forkserver import main; main(74, 76, [], **{})
  97123 python3         /usr/local/python3.12.13/bin/python3 -c from multiprocessing.forkserver import main; main(74, 76, [], **{})
  97124 python3         /usr/local/python3.12.13/bin/python3 -c from multiprocessing.forkserver import main; main(74, 76, [], **{})
  97125 python3         /usr/local/python3.12.13/bin/python3 -c from multiprocessing.forkserver import main; main(74, 76, [], **{})
  97126 python3         /usr/local/python3.12.13/bin/python3 -c from multiprocessing.forkserver import main; main(74, 76, [], **{})
  97157 python3         /usr/local/python3.12.13/bin/python3 -c from multiprocessing.forkserver import main; main(74, 76, [], **{})
  97158 python3         /usr/local/python3.12.13/bin/python3 -c from multiprocessing.forkserver import main; main(74, 76, [], **{})
  97159 python3         /usr/local/python3.12.13/bin/python3 -c from multiprocessing.forkserver import main; main(74, 76, [], **{})
  97160 python3         /usr/local/python3.12.13/bin/python3 -c from multiprocessing.forkserver import main; main(74, 76, [], **{})
  97161 python3         /usr/local/python3.12.13/bin/python3 -c from multiprocessing.forkserver import main; main(74, 76, [], **{})
  97163 python3         /usr/local/python3.12.13/bin/python3 -c from multiprocessing.forkserver import main; main(74, 76, [], **{})
  97166 python3         /usr/local/python3.12.13/bin/python3 -c from multiprocessing.forkserver import main; main(74, 76, [], **{})
  97169 python3         /usr/local/python3.12.13/bin/python3 -c from multiprocessing.forkserver import main; main(74, 76, [], **{})
 100247 pytho <defunct> [python3] <defunct>
 100272 pytho <defunct> [python3] <defunct>
 100372 python3         /usr/local/python3.12.13/bin/python3 -c from multiprocessing.spawn import spawn_main; spawn_main(tracker_fd=36, pipe_handle=85) --multiprocessing-fork
 100434 pytho <defunct> [python3] <defunct>
 101149 pytho <defunct> [python3] <defunct>
 101158 pytho <defunct> [python3] <defunct>
 101161 pytho <defunct> [python3] <defunct>
 101163 pytho <defunct> [python3] <defunct>
 101164 pytho <defunct> [python3] <defunct>
 101220 pytho <defunct> [python3] <defunct>
 101222 pytho <defunct> [python3] <defunct>
 101223 pytho <defunct> [python3] <defunct>
 101224 pytho <defunct> [python3] <defunct>
 101225 pytho <defunct> [python3] <defunct>
 101226 pytho <defunct> [python3] <defunct>
 101227 pytho <defunct> [python3] <defunct>
 101228 pytho <defunct> [python3] <defunct>
 101229 pytho <defunct> [python3] <defunct>
 101230 pytho <defunct> [python3] <defunct>
 101267 pytho <defunct> [python3] <defunct>
 101268 pytho <defunct> [python3] <defunct>
 101269 pytho <defunct> [python3] <defunct>
 101270 pytho <defunct> [python3] <defunct>
 101271 pytho <defunct> [python3] <defunct>
 101272 pytho <defunct> [python3] <defunct>
 101273 pytho <defunct> [python3] <defunct>
 101274 pytho <defunct> [python3] <defunct>
 101463 python3         /usr/local/python3.12.13/bin/python3 -c from multiprocessing.forkserver import main; main(82, 84, [], **{})
 101467 python3         /usr/local/python3.12.13/bin/python3 -c from multiprocessing.forkserver import main; main(82, 84, [], **{})
 101468 python3         /usr/local/python3.12.13/bin/python3 -c from multiprocessing.forkserver import main; main(82, 84, [], **{})
 101469 python3         /usr/local/python3.12.13/bin/python3 -c from multiprocessing.forkserver import main; main(82, 84, [], **{})
 101470 python3         /usr/local/python3.12.13/bin/python3 -c from multiprocessing.forkserver import main; main(82, 84, [], **{})
 101471 python3         /usr/local/python3.12.13/bin/python3 -c from multiprocessing.forkserver import main; main(82, 84, [], **{})
 101472 python3         /usr/local/python3.12.13/bin/python3 -c from multiprocessing.forkserver import main; main(82, 84, [], **{})
 101473 python3         /usr/local/python3.12.13/bin/python3 -c from multiprocessing.forkserver import main; main(82, 84, [], **{})
 101474 python3         /usr/local/python3.12.13/bin/python3 -c from multiprocessing.forkserver import main; main(82, 84, [], **{})
 101475 python3         /usr/local/python3.12.13/bin/python3 -c from multiprocessing.forkserver import main; main(82, 84, [], **{})
 102072 pytho <defunct> [python3] <defunct>
 102203 pytho <defunct> [python3] <defunct>
 102204 pytho <defunct> [python3] <defunct>
 102205 pytho <defunct> [python3] <defunct>
 102206 pytho <defunct> [python3] <defunct>
 102207 pytho <defunct> [python3] <defunct>
 102208 pytho <defunct> [python3] <defunct>
 102209 pytho <defunct> [python3] <defunct>
 102210 pytho <defunct> [python3] <defunct>
 102211 pytho <defunct> [python3] <defunct>
 102261 pytho <defunct> [python3] <defunct>
 102262 pytho <defunct> [python3] <defunct>
 102263 pytho <defunct> [python3] <defunct>
 102264 pytho <defunct> [python3] <defunct>
 102265 pytho <defunct> [python3] <defunct>
 102266 pytho <defunct> [python3] <defunct>
 102267 pytho <defunct> [python3] <defunct>
 102268 pytho <defunct> [python3] <defunct>
 128501 kworker/130:1H- [kworker/130:1H-kblockd]
 128520 kworker/133:1H- [kworker/133:1H-kblockd]
 128566 kworker/140:1H- [kworker/140:1H-kblockd]
 128629 kworker/134:1H- [kworker/134:1H-kblockd]
 129034 kworker/126:1H- [kworker/126:1H-kblockd]
 130624 kworker/128:1H- [kworker/128:1H-kblockd]
 130745 kworker/139:1H- [kworker/139:1H-kblockd]
 130901 kworker/129:1H- [kworker/129:1H-kblockd]
 145418 kworker/138:1H- [kworker/138:1H-kblockd]
 146714 sshd            sshd: wangjielei [priv]
 146831 kworker/131:1H- [kworker/131:1H-kblockd]
 146968 sshd            sshd: wangjielei@notty
 146970 sh              sh
 146993 code-a44adf7f53 /home/data4t1/wangjielei/.vscode-server/code-a44adf7f53e00964ab890f9f8758a334f1fc15bc command-shell --cli-data-dir /home/data4t1/wangjielei/.vscode-server/cli --parent-process-id 146970 --on-host=127.0.0.1 --on-port
 165354 kworker/69:1H-k [kworker/69:1H-kblockd]
 176865 auditd          /sbin/auditd
 195502 sshd            sshd: hxw [priv]
 195698 sshd            sshd: hxw@notty
 199312 kworker/67:1H-k [kworker/67:1H-kblockd]
 203306 bash            bash /home/data4t2/czhDir/PromptKD/scripts/coop/long_tail_comparison.sh sun397 longtail 1 0.1
 203307 tee             tee -a /home/data4t2/czhDir/PromptKD/output/part_c_reliability_cov_tiny_vit/5m_1k/sun397/seed1_if0.1/gated_kappa32_nu8_drift0_cov0.05_min2_eps1e-8/launcher.log
 203339 python          /home/data4t1/wangjielei/anaconda3/envs/dassl/bin/python train.py --root /home/data4t2/hxwDir/data --seed 1 --trainer CoOpPartCReliabilityCovTinyViT --dataset-config-file configs/datasets/long_tail/sun397_lt.yaml --config-file configs/trainers/CoOp/vit_b16_ep130_part_c_reliability_cov_tiny_vit.yaml --output-dir /home/data4t2/czhDir/PromptKD/output/part_c_reliability_cov_tiny_vit/5m_1k/sun397/seed1_if0.1/gated_kappa32_nu8_drift0_cov0.05_min2_eps1e-8 DATASET.NUM_SHOTS -1 DATASET.LONG_TAIL.IMB_FACTOR 0.1 DATASET.LONG_TAIL.SEED 0 DATALOADER.TRAIN_X.SAMPLER RandomSampler DATALOADER.TEST.BATCH_SIZE 16 OPTIM.MAX_EPOCH 130 TRAINER.COOP_THREE_STAGE_CSC.CSC_START_EPOCH 55 TRAINER.COOP_THREE_STAGE_CSC.PHASE2_LR 0.001 TRAINER.COOP_THREE_STAGE_CSC.PHASE3_LR 0.01 TRAINER.COOP_THREE_STAGE_CSC.BETA 0.9999 TRAINER.COOP_THREE_STAGE_VIT.VARIANT 5m TRAINER.COOP_THREE_STAGE_VIT.PRETRAINED_TYPE 1k TRAINER.COOP_THREE_STAGE_VIT.STUDENT_LR 0.00005 TRAINER.COOP_PART_C.MODE gated TRAINER.COOP_PART_C.KAPPA 32.000000000000 TRAINER.COOP_PART_C_RELIABILITY.PRIOR_STRENGTH 8.000000000000 TRAINER.COOP_PART_C_RELIABILITY.EPS 1.000000000000e-08 TRAINER.COOP_PART_C_RELIABILITY.DRIFT_WEIGHT 0.000000000000 TRAINER.COOP_THREE_STAGE_CSC_RELATIVE_COV.WEIGHT 5.000000000000e-02 TRAINER.COOP_THREE_STAGE_CSC_RELATIVE_COV.MIN_SAMPLES 2 TRAINER.COOP_THREE_STAGE_CSC_RELATIVE_COV.EPS 1.000000000000e-08
 206264 kworker/u393:0+ [kworker/u393:0+dev0_sq_send_wq]
 207901 codex           codex app-server proxy
 209885 python          /home/data4t1/wangjielei/anaconda3/envs/dassl/bin/python train.py --root /home/data4t2/hxwDir/data --seed 1 --trainer CoOpPartCReliabilityCovTinyViT --dataset-config-file configs/datasets/long_tail/sun397_lt.yaml --config-file configs/trainers/CoOp/vit_b16_ep130_part_c_reliability_cov_tiny_vit.yaml --output-dir /home/data4t2/czhDir/PromptKD/output/part_c_reliability_cov_tiny_vit/5m_1k/sun397/seed1_if0.1/gated_kappa32_nu8_drift0_cov0.05_min2_eps1e-8 DATASET.NUM_SHOTS -1 DATASET.LONG_TAIL.IMB_FACTOR 0.1 DATASET.LONG_TAIL.SEED 0 DATALOADER.TRAIN_X.SAMPLER RandomSampler DATALOADER.TEST.BATCH_SIZE 16 OPTIM.MAX_EPOCH 130 TRAINER.COOP_THREE_STAGE_CSC.CSC_START_EPOCH 55 TRAINER.COOP_THREE_STAGE_CSC.PHASE2_LR 0.001 TRAINER.COOP_THREE_STAGE_CSC.PHASE3_LR 0.01 TRAINER.COOP_THREE_STAGE_CSC.BETA 0.9999 TRAINER.COOP_THREE_STAGE_VIT.VARIANT 5m TRAINER.COOP_THREE_STAGE_VIT.PRETRAINED_TYPE 1k TRAINER.COOP_THREE_STAGE_VIT.STUDENT_LR 0.00005 TRAINER.COOP_PART_C.MODE gated TRAINER.COOP_PART_C.KAPPA 32.000000000000 TRAINER.COOP_PART_C_RELIABILITY.PRIOR_STRENGTH 8.000000000000 TRAINER.COOP_PART_C_RELIABILITY.EPS 1.000000000000e-08 TRAINER.COOP_PART_C_RELIABILITY.DRIFT_WEIGHT 0.000000000000 TRAINER.COOP_THREE_STAGE_CSC_RELATIVE_COV.WEIGHT 5.000000000000e-02 TRAINER.COOP_THREE_STAGE_CSC_RELATIVE_COV.MIN_SAMPLES 2 TRAINER.COOP_THREE_STAGE_CSC_RELATIVE_COV.EPS 1.000000000000e-08
 209947 python          /home/data4t1/wangjielei/anaconda3/envs/dassl/bin/python -c from multiprocessing.resource_tracker import main;main(27)
 209948 python          /home/data4t1/wangjielei/anaconda3/envs/dassl/bin/python -c from multiprocessing.forkserver import main; main(27, 30, [], **{})
 209972 python          /home/data4t1/wangjielei/anaconda3/envs/dassl/bin/python -c from multiprocessing.forkserver import main; main(27, 30, [], **{})
 209973 python          /home/data4t1/wangjielei/anaconda3/envs/dassl/bin/python -c from multiprocessing.forkserver import main; main(27, 30, [], **{})
 209974 python          /home/data4t1/wangjielei/anaconda3/envs/dassl/bin/python -c from multiprocessing.forkserver import main; main(27, 30, [], **{})
 209975 python          /home/data4t1/wangjielei/anaconda3/envs/dassl/bin/python -c from multiprocessing.forkserver import main; main(27, 30, [], **{})
 209976 python          /home/data4t1/wangjielei/anaconda3/envs/dassl/bin/python -c from multiprocessing.forkserver import main; main(27, 30, [], **{})
 209977 python          /home/data4t1/wangjielei/anaconda3/envs/dassl/bin/python -c from multiprocessing.forkserver import main; main(27, 30, [], **{})
 209978 python          /home/data4t1/wangjielei/anaconda3/envs/dassl/bin/python -c from multiprocessing.forkserver import main; main(27, 30, [], **{})
 209979 python          /home/data4t1/wangjielei/anaconda3/envs/dassl/bin/python -c from multiprocessing.forkserver import main; main(27, 30, [], **{})
 209980 python          /home/data4t1/wangjielei/anaconda3/envs/dassl/bin/python -c from multiprocessing.forkserver import main; main(27, 30, [], **{})
 210158 python          /home/data4t1/wangjielei/anaconda3/envs/dassl/bin/python -c from multiprocessing.forkserver import main; main(27, 30, [], **{})
 210159 python          /home/data4t1/wangjielei/anaconda3/envs/dassl/bin/python -c from multiprocessing.forkserver import main; main(27, 30, [], **{})
 210160 python          /home/data4t1/wangjielei/anaconda3/envs/dassl/bin/python -c from multiprocessing.forkserver import main; main(27, 30, [], **{})
 210162 python          /home/data4t1/wangjielei/anaconda3/envs/dassl/bin/python -c from multiprocessing.forkserver import main; main(27, 30, [], **{})
 210165 python          /home/data4t1/wangjielei/anaconda3/envs/dassl/bin/python -c from multiprocessing.forkserver import main; main(27, 30, [], **{})
 210166 python          /home/data4t1/wangjielei/anaconda3/envs/dassl/bin/python -c from multiprocessing.forkserver import main; main(27, 30, [], **{})
 210169 python          /home/data4t1/wangjielei/anaconda3/envs/dassl/bin/python -c from multiprocessing.forkserver import main; main(27, 30, [], **{})
 210170 python          /home/data4t1/wangjielei/anaconda3/envs/dassl/bin/python -c from multiprocessing.forkserver import main; main(27, 30, [], **{})
 210171 python          /home/data4t1/wangjielei/anaconda3/envs/dassl/bin/python -c from multiprocessing.forkserver import main; main(27, 30, [], **{})
 210172 python          /home/data4t1/wangjielei/anaconda3/envs/dassl/bin/python -c from multiprocessing.forkserver import main; main(27, 30, [], **{})
 210173 python          /home/data4t1/wangjielei/anaconda3/envs/dassl/bin/python -c from multiprocessing.forkserver import main; main(27, 30, [], **{})
 210174 python          /home/data4t1/wangjielei/anaconda3/envs/dassl/bin/python -c from multiprocessing.forkserver import main; main(27, 30, [], **{})
 210176 python          /home/data4t1/wangjielei/anaconda3/envs/dassl/bin/python -c from multiprocessing.forkserver import main; main(27, 30, [], **{})
 210177 python          /home/data4t1/wangjielei/anaconda3/envs/dassl/bin/python -c from multiprocessing.forkserver import main; main(27, 30, [], **{})
 210178 python          /home/data4t1/wangjielei/anaconda3/envs/dassl/bin/python -c from multiprocessing.forkserver import main; main(27, 30, [], **{})
 210179 python          /home/data4t1/wangjielei/anaconda3/envs/dassl/bin/python -c from multiprocessing.forkserver import main; main(27, 30, [], **{})
 210181 python          /home/data4t1/wangjielei/anaconda3/envs/dassl/bin/python -c from multiprocessing.forkserver import main; main(27, 30, [], **{})
 210185 python          /home/data4t1/wangjielei/anaconda3/envs/dassl/bin/python -c from multiprocessing.forkserver import main; main(27, 30, [], **{})
 210186 python          /home/data4t1/wangjielei/anaconda3/envs/dassl/bin/python -c from multiprocessing.forkserver import main; main(27, 30, [], **{})
 210188 python          /home/data4t1/wangjielei/anaconda3/envs/dassl/bin/python -c from multiprocessing.forkserver import main; main(27, 30, [], **{})
 210192 python          /home/data4t1/wangjielei/anaconda3/envs/dassl/bin/python -c from multiprocessing.forkserver import main; main(27, 30, [], **{})
 210193 python          /home/data4t1/wangjielei/anaconda3/envs/dassl/bin/python -c from multiprocessing.forkserver import main; main(27, 30, [], **{})
 210194 python          /home/data4t1/wangjielei/anaconda3/envs/dassl/bin/python -c from multiprocessing.forkserver import main; main(27, 30, [], **{})
 210197 python          /home/data4t1/wangjielei/anaconda3/envs/dassl/bin/python -c from multiprocessing.forkserver import main; main(27, 30, [], **{})
 210198 python          /home/data4t1/wangjielei/anaconda3/envs/dassl/bin/python -c from multiprocessing.forkserver import main; main(27, 30, [], **{})
 210199 python          /home/data4t1/wangjielei/anaconda3/envs/dassl/bin/python -c from multiprocessing.forkserver import main; main(27, 30, [], **{})
 210200 python          /home/data4t1/wangjielei/anaconda3/envs/dassl/bin/python -c from multiprocessing.forkserver import main; main(27, 30, [], **{})
 210201 python          /home/data4t1/wangjielei/anaconda3/envs/dassl/bin/python -c from multiprocessing.forkserver import main; main(27, 30, [], **{})
 210202 python          /home/data4t1/wangjielei/anaconda3/envs/dassl/bin/python -c from multiprocessing.forkserver import main; main(27, 30, [], **{})
 210203 python          /home/data4t1/wangjielei/anaconda3/envs/dassl/bin/python -c from multiprocessing.forkserver import main; main(27, 30, [], **{})
 210204 python          /home/data4t1/wangjielei/anaconda3/envs/dassl/bin/python -c from multiprocessing.forkserver import main; main(27, 30, [], **{})
 210205 python          /home/data4t1/wangjielei/anaconda3/envs/dassl/bin/python -c from multiprocessing.forkserver import main; main(27, 30, [], **{})
 223403 sshfs           .tools/sshfs-root/usr/bin/sshfs 84090_2:/data/hxw/workspace/Open-MOPD .remote-open-mopd -o reconnect,ServerAliveInterval=15,ServerAliveCountMax=3
 239676 nputop          /home/data4t1/hxw/anaconda3/bin/python3.10 /home/data4t1/hxw/anaconda3/bin/nputop
 245504 kworker/94:1-ev [kworker/94:1-events]
 251890 bash            bash /home/data4t2/czhDir/PromptKD/scripts/coop/long_tail_comparison.sh cifar100 longtail 1 0.1
 251891 tee             tee -a /home/data4t2/czhDir/PromptKD/output/part_c_reliability_cov_tiny_vit/5m_1k/cifar100/seed1_if0.1/gated_kappa32_nu8_drift0_cov0.05_min2_eps1e-8/launcher.log
 251901 python          /home/data4t1/wangjielei/anaconda3/envs/dassl/bin/python train.py --root /home/data4t2/czhDir/data --seed 1 --trainer CoOpPartCReliabilityCovTinyViT --dataset-config-file configs/datasets/cifar100_lt_if0.1.yaml --config-file configs/trainers/CoOp/vit_b16_ep130_part_c_reliability_cov_tiny_vit.yaml --output-dir /home/data4t2/czhDir/PromptKD/output/part_c_reliability_cov_tiny_vit/5m_1k/cifar100/seed1_if0.1/gated_kappa32_nu8_drift0_cov0.05_min2_eps1e-8 DATASET.NUM_SHOTS -1 DATASET.CIFAR100_LT.IMB_FACTOR 0.1 DATASET.CIFAR100_LT.SEED 0 DATALOADER.TRAIN_X.SAMPLER RandomSampler DATALOADER.TEST.BATCH_SIZE 16 OPTIM.MAX_EPOCH 130 TRAINER.COOP_THREE_STAGE_CSC.CSC_START_EPOCH 55 TRAINER.COOP_THREE_STAGE_CSC.PHASE2_LR 0.001 TRAINER.COOP_THREE_STAGE_CSC.PHASE3_LR 0.01 TRAINER.COOP_THREE_STAGE_CSC.BETA 0.9999 TRAINER.COOP_THREE_STAGE_VIT.VARIANT 5m TRAINER.COOP_THREE_STAGE_VIT.PRETRAINED_TYPE 1k TRAINER.COOP_THREE_STAGE_VIT.STUDENT_LR 0.00005 TRAINER.COOP_PART_C.MODE gated TRAINER.COOP_PART_C.KAPPA 32.000000000000 TRAINER.COOP_PART_C_RELIABILITY.PRIOR_STRENGTH 8.000000000000 TRAINER.COOP_PART_C_RELIABILITY.EPS 1.000000000000e-08 TRAINER.COOP_PART_C_RELIABILITY.DRIFT_WEIGHT 0.000000000000 TRAINER.COOP_THREE_STAGE_CSC_RELATIVE_COV.WEIGHT 5.000000000000e-02 TRAINER.COOP_THREE_STAGE_CSC_RELATIVE_COV.MIN_SAMPLES 2 TRAINER.COOP_THREE_STAGE_CSC_RELATIVE_COV.EPS 1.000000000000e-08
 258803 python          /home/data4t1/wangjielei/anaconda3/envs/dassl/bin/python train.py --root /home/data4t2/czhDir/data --seed 1 --trainer CoOpPartCReliabilityCovTinyViT --dataset-config-file configs/datasets/cifar100_lt_if0.1.yaml --config-file configs/trainers/CoOp/vit_b16_ep130_part_c_reliability_cov_tiny_vit.yaml --output-dir /home/data4t2/czhDir/PromptKD/output/part_c_reliability_cov_tiny_vit/5m_1k/cifar100/seed1_if0.1/gated_kappa32_nu8_drift0_cov0.05_min2_eps1e-8 DATASET.NUM_SHOTS -1 DATASET.CIFAR100_LT.IMB_FACTOR 0.1 DATASET.CIFAR100_LT.SEED 0 DATALOADER.TRAIN_X.SAMPLER RandomSampler DATALOADER.TEST.BATCH_SIZE 16 OPTIM.MAX_EPOCH 130 TRAINER.COOP_THREE_STAGE_CSC.CSC_START_EPOCH 55 TRAINER.COOP_THREE_STAGE_CSC.PHASE2_LR 0.001 TRAINER.COOP_THREE_STAGE_CSC.PHASE3_LR 0.01 TRAINER.COOP_THREE_STAGE_CSC.BETA 0.9999 TRAINER.COOP_THREE_STAGE_VIT.VARIANT 5m TRAINER.COOP_THREE_STAGE_VIT.PRETRAINED_TYPE 1k TRAINER.COOP_THREE_STAGE_VIT.STUDENT_LR 0.00005 TRAINER.COOP_PART_C.MODE gated TRAINER.COOP_PART_C.KAPPA 32.000000000000 TRAINER.COOP_PART_C_RELIABILITY.PRIOR_STRENGTH 8.000000000000 TRAINER.COOP_PART_C_RELIABILITY.EPS 1.000000000000e-08 TRAINER.COOP_PART_C_RELIABILITY.DRIFT_WEIGHT 0.000000000000 TRAINER.COOP_THREE_STAGE_CSC_RELATIVE_COV.WEIGHT 5.000000000000e-02 TRAINER.COOP_THREE_STAGE_CSC_RELATIVE_COV.MIN_SAMPLES 2 TRAINER.COOP_THREE_STAGE_CSC_RELATIVE_COV.EPS 1.000000000000e-08
 258889 python          /home/data4t1/wangjielei/anaconda3/envs/dassl/bin/python -c from multiprocessing.resource_tracker import main;main(27)
 258890 python          /home/data4t1/wangjielei/anaconda3/envs/dassl/bin/python -c from multiprocessing.forkserver import main; main(27, 30, [], **{})
 258899 python          /home/data4t1/wangjielei/anaconda3/envs/dassl/bin/python -c from multiprocessing.forkserver import main; main(27, 30, [], **{})
 258900 python          /home/data4t1/wangjielei/anaconda3/envs/dassl/bin/python -c from multiprocessing.forkserver import main; main(27, 30, [], **{})
 258901 python          /home/data4t1/wangjielei/anaconda3/envs/dassl/bin/python -c from multiprocessing.forkserver import main; main(27, 30, [], **{})
 258902 python          /home/data4t1/wangjielei/anaconda3/envs/dassl/bin/python -c from multiprocessing.forkserver import main; main(27, 30, [], **{})
 258903 python          /home/data4t1/wangjielei/anaconda3/envs/dassl/bin/python -c from multiprocessing.forkserver import main; main(27, 30, [], **{})
 258904 python          /home/data4t1/wangjielei/anaconda3/envs/dassl/bin/python -c from multiprocessing.forkserver import main; main(27, 30, [], **{})
 258905 python          /home/data4t1/wangjielei/anaconda3/envs/dassl/bin/python -c from multiprocessing.forkserver import main; main(27, 30, [], **{})
 258906 python          /home/data4t1/wangjielei/anaconda3/envs/dassl/bin/python -c from multiprocessing.forkserver import main; main(27, 30, [], **{})
 258907 python          /home/data4t1/wangjielei/anaconda3/envs/dassl/bin/python -c from multiprocessing.forkserver import main; main(27, 30, [], **{})
 259155 python          /home/data4t1/wangjielei/anaconda3/envs/dassl/bin/python -c from multiprocessing.forkserver import main; main(27, 30, [], **{})
 259156 python          /home/data4t1/wangjielei/anaconda3/envs/dassl/bin/python -c from multiprocessing.forkserver import main; main(27, 30, [], **{})
 259157 python          /home/data4t1/wangjielei/anaconda3/envs/dassl/bin/python -c from multiprocessing.forkserver import main; main(27, 30, [], **{})
 259158 python          /home/data4t1/wangjielei/anaconda3/envs/dassl/bin/python -c from multiprocessing.forkserver import main; main(27, 30, [], **{})
 259159 python          /home/data4t1/wangjielei/anaconda3/envs/dassl/bin/python -c from multiprocessing.forkserver import main; main(27, 30, [], **{})
 259160 python          /home/data4t1/wangjielei/anaconda3/envs/dassl/bin/python -c from multiprocessing.forkserver import main; main(27, 30, [], **{})
 259161 python          /home/data4t1/wangjielei/anaconda3/envs/dassl/bin/python -c from multiprocessing.forkserver import main; main(27, 30, [], **{})
 259162 python          /home/data4t1/wangjielei/anaconda3/envs/dassl/bin/python -c from multiprocessing.forkserver import main; main(27, 30, [], **{})
 259163 python          /home/data4t1/wangjielei/anaconda3/envs/dassl/bin/python -c from multiprocessing.forkserver import main; main(27, 30, [], **{})
 259164 python          /home/data4t1/wangjielei/anaconda3/envs/dassl/bin/python -c from multiprocessing.forkserver import main; main(27, 30, [], **{})
 259165 python          /home/data4t1/wangjielei/anaconda3/envs/dassl/bin/python -c from multiprocessing.forkserver import main; main(27, 30, [], **{})
 259166 python          /home/data4t1/wangjielei/anaconda3/envs/dassl/bin/python -c from multiprocessing.forkserver import main; main(27, 30, [], **{})
 259167 python          /home/data4t1/wangjielei/anaconda3/envs/dassl/bin/python -c from multiprocessing.forkserver import main; main(27, 30, [], **{})
 259168 python          /home/data4t1/wangjielei/anaconda3/envs/dassl/bin/python -c from multiprocessing.forkserver import main; main(27, 30, [], **{})
 259169 python          /home/data4t1/wangjielei/anaconda3/envs/dassl/bin/python -c from multiprocessing.forkserver import main; main(27, 30, [], **{})
 259170 python          /home/data4t1/wangjielei/anaconda3/envs/dassl/bin/python -c from multiprocessing.forkserver import main; main(27, 30, [], **{})
 259171 python          /home/data4t1/wangjielei/anaconda3/envs/dassl/bin/python -c from multiprocessing.forkserver import main; main(27, 30, [], **{})
 259172 python          /home/data4t1/wangjielei/anaconda3/envs/dassl/bin/python -c from multiprocessing.forkserver import main; main(27, 30, [], **{})
 259173 python          /home/data4t1/wangjielei/anaconda3/envs/dassl/bin/python -c from multiprocessing.forkserver import main; main(27, 30, [], **{})
 259174 python          /home/data4t1/wangjielei/anaconda3/envs/dassl/bin/python -c from multiprocessing.forkserver import main; main(27, 30, [], **{})
 259175 python          /home/data4t1/wangjielei/anaconda3/envs/dassl/bin/python -c from multiprocessing.forkserver import main; main(27, 30, [], **{})
 259176 python          /home/data4t1/wangjielei/anaconda3/envs/dassl/bin/python -c from multiprocessing.forkserver import main; main(27, 30, [], **{})
 259177 python          /home/data4t1/wangjielei/anaconda3/envs/dassl/bin/python -c from multiprocessing.forkserver import main; main(27, 30, [], **{})
 259178 python          /home/data4t1/wangjielei/anaconda3/envs/dassl/bin/python -c from multiprocessing.forkserver import main; main(27, 30, [], **{})
 259179 python          /home/data4t1/wangjielei/anaconda3/envs/dassl/bin/python -c from multiprocessing.forkserver import main; main(27, 30, [], **{})
 259180 python          /home/data4t1/wangjielei/anaconda3/envs/dassl/bin/python -c from multiprocessing.forkserver import main; main(27, 30, [], **{})
 259181 python          /home/data4t1/wangjielei/anaconda3/envs/dassl/bin/python -c from multiprocessing.forkserver import main; main(27, 30, [], **{})
 259182 python          /home/data4t1/wangjielei/anaconda3/envs/dassl/bin/python -c from multiprocessing.forkserver import main; main(27, 30, [], **{})
 259183 python          /home/data4t1/wangjielei/anaconda3/envs/dassl/bin/python -c from multiprocessing.forkserver import main; main(27, 30, [], **{})
 259184 python          /home/data4t1/wangjielei/anaconda3/envs/dassl/bin/python -c from multiprocessing.forkserver import main; main(27, 30, [], **{})
 259185 python          /home/data4t1/wangjielei/anaconda3/envs/dassl/bin/python -c from multiprocessing.forkserver import main; main(27, 30, [], **{})
 259186 python          /home/data4t1/wangjielei/anaconda3/envs/dassl/bin/python -c from multiprocessing.forkserver import main; main(27, 30, [], **{})
 273672 sshfs           .tools/sshfs-root/usr/bin/sshfs 84090:/home/adaspace/.hxw/mopd-assets/runs/mathif-boundary12-20260928t0330z /home/data4t2/hxwDir/hxw_moved/.codex-mopd-control/mathif-boundary12-20260928t0330z -o ro,reconnect,ServerAliveInterval=15,ServerAliveCountMax=3
 273760 ssh             ssh -x -a -oClearAllForwardings=yes -oServerAliveInterval=15 -oServerAliveCountMax=3 -2 84090 -s sftp
 321760 kworker/135:2-m [kworker/135:2-mm_percpu_wq]
 323750 sshfs           .tools/sshfs-root/usr/bin/sshfs 84090:/home/adaspace/.hxw/mopd-assets/runs/mathif-boundary-analysis12-20260928t0337z /home/data4t2/hxwDir/hxw_moved/.codex-mopd-control/mathif-boundary-analysis12-20260928t0337z -o ro,reconnect,ServerAliveInterval=15,ServerAliveCountMax=3
 323774 ssh             ssh -x -a -oClearAllForwardings=yes -oServerAliveInterval=15 -oServerAliveCountMax=3 -2 84090 -s sftp
 335103 node-MainThread node /home/data4t1/wangjielei/.local/bin/codex -c features.code_mode_host=true app-server --listen unix://
 335120 codex           /home/data4t1/wangjielei/.local/lib/node_modules/@openai/codex/node_modules/@openai/codex-linux-arm64/vendor/aarch64-unknown-linux-musl/bin/codex -c features.code_mode_host=true app-server --listen unix://
 345559 sh              sh /home/data4t1/wangjielei/.vscode-server/cli/servers/Stable-7debcd0e2acdea1c52de81bf9ee1620444407dda/server/bin/code-server --connection-token=remotessh --accept-server-license-terms --agent-host-bridge-port=39829 --agent-host-bridge-host=127.0.0.1 --start-server --enable-remote-auto-shutdown --socket-path=/tmp/code-0c38c5ae-f258-4afd-a8d8-7dd67303b845
 345563 MainThread      /home/data4t1/wangjielei/.vscode-server/cli/servers/Stable-7debcd0e2acdea1c52de81bf9ee1620444407dda/server/node /home/data4t1/wangjielei/.vscode-server/cli/servers/Stable-7debcd0e2acdea1c52de81bf9ee1620444407dda/server/out/server-main.js --connection-token=remotessh --accept-server-license-terms --agent-host-bridge-port=39829 --agent-host-bridge-host=127.0.0.1 --start-server --enable-remote-auto-shutdown --socket-path=/tmp/code-0c38c5ae-f258-4afd-a8d8-7dd67303b845
 345660 sh              sh /home/data4t1/wangjielei/.vscode-server/cli/servers/Stable-a44adf7f53e00964ab890f9f8758a334f1fc15bc/server/bin/code-server --socket-path /tmp/code-9ecb7b13-1105-43ec-a4c9-cebc9dbfaa32 --agent-host-path /tmp/code-dc9e2ad3-ae4d-4f1e-b203-51368017a21f --start-server --accept-server-license-terms --enable-remote-auto-shutdown --without-connection-token
 345665 MainThread      /home/data4t1/wangjielei/.vscode-server/cli/servers/Stable-a44adf7f53e00964ab890f9f8758a334f1fc15bc/server/node /home/data4t1/wangjielei/.vscode-server/cli/servers/Stable-a44adf7f53e00964ab890f9f8758a334f1fc15bc/server/out/server-main.js --socket-path /tmp/code-9ecb7b13-1105-43ec-a4c9-cebc9dbfaa32 --agent-host-path /tmp/code-dc9e2ad3-ae4d-4f1e-b203-51368017a21f --start-server --accept-server-license-terms --enable-remote-auto-shutdown --without-connection-token
 347871 MainThread      /home/data4t1/wangjielei/.vscode-server/cli/servers/Stable-7debcd0e2acdea1c52de81bf9ee1620444407dda/server/node /home/data4t1/wangjielei/.vscode-server/cli/servers/Stable-7debcd0e2acdea1c52de81bf9ee1620444407dda/server/out/bootstrap-fork --type=ptyHost --logsPath /home/data4t1/wangjielei/.vscode-server/data/logs/20260917T052236
 348171 MainThread      /home/data4t1/wangjielei/.vscode-server/cli/servers/Stable-a44adf7f53e00964ab890f9f8758a334f1fc15bc/server/node /home/data4t1/wangjielei/.vscode-server/cli/servers/Stable-a44adf7f53e00964ab890f9f8758a334f1fc15bc/server/out/bootstrap-fork --type=agentHost --logsPath /home/data4t1/wangjielei/.vscode-server/data/logs/20260917T052237 --user-data-dir /home/data4t1/wangjielei/.vscode-server/data --telemetry-level all
 348551 MainThread      /home/data4t1/wangjielei/.vscode-server/cli/servers/Stable-a44adf7f53e00964ab890f9f8758a334f1fc15bc/server/node /home/data4t1/wangjielei/.vscode-server/cli/servers/Stable-a44adf7f53e00964ab890f9f8758a334f1fc15bc/server/node_modules/@github/copilot-linux-arm64/index.js --headless --no-auto-update --log-level info --stdio --no-auto-login
 358693 kworker/u384:0- [kworker/u384:0-dev1_sq_fair_wq]
 359297 tmux: server    tmux -S /home/data4t1/hxw/.claude/jobs/9391153f/tmp/tmux-agent-sync-ara-progress.sock new-session -d -s agent -n work
 359770 bash            -bash
 359916 kworker/44:2-ev [kworker/44:2-events]
 370610 kworker/135:1H- [kworker/135:1H-kblockd]
 379817 kworker/33:1-cg [kworker/33:1-cgroup_destroy]
 390662 sshfs           .tools/sshfs-root/usr/bin/sshfs 84090:/home/adaspace/.hxw/mopd-assets/runs/mathif-boundary-results12-20260928t0345z /home/data4t2/hxwDir/hxw_moved/.codex-mopd-control/mathif-boundary-results12-20260928t0345z -o ro,reconnect,ServerAliveInterval=15,ServerAliveCountMax=3
 390696 ssh             ssh -x -a -oClearAllForwardings=yes -oServerAliveInterval=15 -oServerAliveCountMax=3 -2 84090 -s sftp
 418782 systemd         /lib/systemd/systemd --user
 418783 (sd-pam)        (sd-pam)
 418791 pipewire        /usr/bin/pipewire
 418793 pipewire-media- /usr/bin/pipewire-media-session
 418811 dbus-daemon     /usr/bin/dbus-daemon --session --address=systemd: --nofork --nopidfile --systemd-activation --syslog-only
 421319 tmux: server    tmux new -s zgd
 421320 bash            -bash
 422238 MainThread      /home/data4t1/wangjielei/.vscode-server/cli/servers/Stable-a44adf7f53e00964ab890f9f8758a334f1fc15bc/server/node --dns-result-order=ipv4first /home/data4t1/wangjielei/.vscode-server/cli/servers/Stable-a44adf7f53e00964ab890f9f8758a334f1fc15bc/server/out/bootstrap-fork --type=extensionHost --transformURIs --useHostProxy=false
 422297 MainThread      /home/data4t1/wangjielei/.vscode-server/cli/servers/Stable-a44adf7f53e00964ab890f9f8758a334f1fc15bc/server/node /home/data4t1/wangjielei/.vscode-server/cli/servers/Stable-a44adf7f53e00964ab890f9f8758a334f1fc15bc/server/out/bootstrap-fork --type=fileWatcher
 422749 pet             /home/data4t1/wangjielei/.vscode-server/extensions/ms-python.vscode-python-envs-1.38.0-linux-arm64/python-env-tools/bin/pet server
 423147 ruff            /home/data4t1/wangjielei/.vscode-server/extensions/charliermarsh.ruff-2026.84.0-linux-arm64/bundled/libs/bin/ruff server
 423504 bash            /bin/bash --init-file /home/data4t1/wangjielei/.vscode-server/cli/servers/Stable-a44adf7f53e00964ab890f9f8758a334f1fc15bc/server/out/vs/workbench/contrib/terminal/common/scripts/shellIntegration-bash.sh
 426048 codex           /home/data4t1/wangjielei/.vscode-server/extensions/openai.chatgpt-26.1002.51308-linux-arm64/bin/linux-aarch64/codex -c features.code_mode_host=true app-server --analytics-default-enabled
 434581 kworker/136:1H- [kworker/136:1H-kblockd]
 439426 bash            bash scripts/main.bash train 2344
 439427 python3         python3 -m torch.distributed.launch --nproc_per_node=1 --master_port 2344 --use_env run.py --exp_name release --run-type train --exp-config scripts/iter_train.yaml SIMULATOR_GPU_IDS [0] TORCH_GPU_IDS [0] GPU_NUMBERS 1 NUM_ENVIRONMENTS 1 IL.iters 100000 IL.lr 1e-6 IL.log_every 1000 IL.ml_weight 1.0 IL.sample_ratio 0.8 IL.load_from_ckpt False IL.is_requeue False TASK_CONFIG.SIMULATOR.HABITAT_SIM_V0.ALLOW_SLIDING True
 439848 python3         /home/data4t1/zhouxinyu/anaconda3/envs/dynam3d/bin/python3 -u run.py --exp_name release --run-type train --exp-config scripts/iter_train.yaml SIMULATOR_GPU_IDS [0] TORCH_GPU_IDS [0] GPU_NUMBERS 1 NUM_ENVIRONMENTS 1 IL.iters 100000 IL.lr 1e-6 IL.log_every 1000 IL.ml_weight 1.0 IL.sample_ratio 0.8 IL.load_from_ckpt False IL.is_requeue False TASK_CONFIG.SIMULATOR.HABITAT_SIM_V0.ALLOW_SLIDING True
 443076 python3         /home/data4t1/zhouxinyu/anaconda3/envs/dynam3d/bin/python3 -u run.py --exp_name release --run-type train --exp-config scripts/iter_train.yaml SIMULATOR_GPU_IDS [0] TORCH_GPU_IDS [0] GPU_NUMBERS 1 NUM_ENVIRONMENTS 1 IL.iters 100000 IL.lr 1e-6 IL.log_every 1000 IL.ml_weight 1.0 IL.sample_ratio 0.8 IL.load_from_ckpt False IL.is_requeue False TASK_CONFIG.SIMULATOR.HABITAT_SIM_V0.ALLOW_SLIDING True
 443134 python3         /home/data4t1/zhouxinyu/anaconda3/envs/dynam3d/bin/python3 -c from multiprocessing.resource_tracker import main;main(26)
 443152 python3         /home/data4t1/zhouxinyu/anaconda3/envs/dynam3d/bin/python3 -c from multiprocessing.forkserver import main; main(26, 29, [], **{})
 443160 python3         /home/data4t1/zhouxinyu/anaconda3/envs/dynam3d/bin/python3 -c from multiprocessing.forkserver import main; main(26, 29, [], **{})
 443161 python3         /home/data4t1/zhouxinyu/anaconda3/envs/dynam3d/bin/python3 -c from multiprocessing.forkserver import main; main(26, 29, [], **{})
 443162 python3         /home/data4t1/zhouxinyu/anaconda3/envs/dynam3d/bin/python3 -c from multiprocessing.forkserver import main; main(26, 29, [], **{})
 443163 python3         /home/data4t1/zhouxinyu/anaconda3/envs/dynam3d/bin/python3 -c from multiprocessing.forkserver import main; main(26, 29, [], **{})
 443164 python3         /home/data4t1/zhouxinyu/anaconda3/envs/dynam3d/bin/python3 -c from multiprocessing.forkserver import main; main(26, 29, [], **{})
 443165 python3         /home/data4t1/zhouxinyu/anaconda3/envs/dynam3d/bin/python3 -c from multiprocessing.forkserver import main; main(26, 29, [], **{})
 443167 python3         /home/data4t1/zhouxinyu/anaconda3/envs/dynam3d/bin/python3 -c from multiprocessing.forkserver import main; main(26, 29, [], **{})
 443168 python3         /home/data4t1/zhouxinyu/anaconda3/envs/dynam3d/bin/python3 -c from multiprocessing.forkserver import main; main(26, 29, [], **{})
 443169 python3         /home/data4t1/zhouxinyu/anaconda3/envs/dynam3d/bin/python3 -c from multiprocessing.forkserver import main; main(26, 29, [], **{})
 443203 python3         /home/data4t1/zhouxinyu/anaconda3/envs/dynam3d/bin/python3 -c from multiprocessing.forkserver import main; main(26, 29, [], **{})
 443204 python3         /home/data4t1/zhouxinyu/anaconda3/envs/dynam3d/bin/python3 -c from multiprocessing.forkserver import main; main(26, 29, [], **{})
 443205 python3         /home/data4t1/zhouxinyu/anaconda3/envs/dynam3d/bin/python3 -c from multiprocessing.forkserver import main; main(26, 29, [], **{})
 443206 python3         /home/data4t1/zhouxinyu/anaconda3/envs/dynam3d/bin/python3 -c from multiprocessing.forkserver import main; main(26, 29, [], **{})
 443207 python3         /home/data4t1/zhouxinyu/anaconda3/envs/dynam3d/bin/python3 -c from multiprocessing.forkserver import main; main(26, 29, [], **{})
 443208 python3         /home/data4t1/zhouxinyu/anaconda3/envs/dynam3d/bin/python3 -c from multiprocessing.forkserver import main; main(26, 29, [], **{})
 443209 python3         /home/data4t1/zhouxinyu/anaconda3/envs/dynam3d/bin/python3 -c from multiprocessing.forkserver import main; main(26, 29, [], **{})
 443210 python3         /home/data4t1/zhouxinyu/anaconda3/envs/dynam3d/bin/python3 -c from multiprocessing.forkserver import main; main(26, 29, [], **{})
 469102 kworker/u384:3+ [kworker/u384:3+dev1_sq_fair_wq]
 470297 snapd           /snap/snapd/current/usr/lib/snapd/snapd
 470524 kworker/140:2-m [kworker/140:2-mm_percpu_wq]
 470614 kworker/120:2-e [kworker/120:2-events]
 495321 code-07f806f999 /home/data4t1/penghaoming/.vscode-server/code-07f806f999227108933c2e30515b26eecc1fda74 --cli-data-dir /home/data4t1/penghaoming/.vscode-server/cli agent host
 512908 kworker/40:2-mm [kworker/40:2-mm_percpu_wq]
 518528 kworker/159:0-e [kworker/159:0-events]
 531969 tensorboard     /home/data4t2/hxwDir/hxw_moved/conda_envs/opd/bin/python /home/data4t2/hxwDir/hxw_moved/conda_envs/opd/bin/tensorboard --logdir /home/data4t2/hxwDir/hxw_moved/opd-resources/runs/train --host 0.0.0.0 --port 6006
 538911 kworker/123:2-e [kworker/123:2-events]
 539110 systemd         /lib/systemd/systemd --user
 539111 (sd-pam)        (sd-pam)
 539118 pipewire        /usr/bin/pipewire
 539126 pipewire-media- /usr/bin/pipewire-media-session
 539140 dbus-daemon     /usr/bin/dbus-daemon --session --address=systemd: --nofork --nopidfile --systemd-activation --syslog-only
 545773 kworker/158:1-e [kworker/158:1-events]
 551616 bash            /bin/bash --init-file /home/data4t1/wangjielei/.vscode-server/cli/servers/Stable-a44adf7f53e00964ab890f9f8758a334f1fc15bc/server/out/vs/workbench/contrib/terminal/common/scripts/shellIntegration-bash.sh
 591523 kworker/62:0-mm [kworker/62:0-mm_percpu_wq]
 594719 screen          SCREEN
 594720 bash            /bin/bash
 596584 codex-code-mode /home/data4t1/wangjielei/.vscode-server/extensions/openai.chatgpt-26.1002.51308-linux-arm64/bin/linux-aarch64/codex-code-mode-host
 609831 kworker/178:2-e [kworker/178:2-events]
 610775 kworker/162:1-m [kworker/162:1-mm_percpu_wq]
 614210 kworker/u393:8+ [kworker/u393:8+dev3_sq_send_wq]
 631687 screen          SCREEN
 631688 bash            /bin/bash
 642130 uuidd           /usr/sbin/uuidd --socket-activation
 642878 kworker/38:1-ev [kworker/38:1-events]
 644507 tensorboard     /home/data4t1/hxw/anaconda3/envs/dfkd/bin/python3.10 /home/data4t1/hxw/anaconda3/envs/dfkd/bin/tensorboard --logdir=/home/data4t2/hxwDir/hxw_moved/dfkd/runs/datafree-nayer_df/ --port=6007 --bind_all
 696939 sshd            sshd: duanguiduo [priv]
 697038 sshd            sshd: duanguiduo
 698436 code-f6cfa2ea24 /home/data4t1/wangjielei/.vscode-server/code-f6cfa2ea2403534de03f069bdf160d06451ed282 --cli-data-dir /home/data4t1/wangjielei/.vscode-server/cli agent host
 704895 kworker/133:1-m [kworker/133:1-mm_percpu_wq]
 759449 mihomo          /home/data4t1/hxw/clashctl/bin/mihomo -d /home/data4t1/hxw/clashctl/resources -f /home/data4t1/hxw/clashctl/resources/runtime.yaml
 764427 polkitd         /usr/libexec/polkitd --no-debug
 764432 ModemManager    /usr/sbin/ModemManager
 771553 kworker/47:0-mm [kworker/47:0-mm_percpu_wq]
 840201 ssh             ssh: /home/data4t1/hxw/Remote_84090/opd/.ssh-control-7199f74ee0c0db20176fc8c568a8bf4f9cff754c [mux]
 855861 avahi-daemon    avahi-daemon: running [hwnput3.local]
 855862 avahi-daemon    avahi-daemon: chroot helper
 903146 kworker/136:0-e [kworker/136:0-events]
 910803 kworker/148:1-e [kworker/148:1-events]
 927719 kworker/156:1-m [kworker/156:1-mm_percpu_wq]
 994143 code-a5b5009513 /home/data4t2/lelinfeng/.vscode-server/code-a5b500951314efd502d07465bd138dfbd714a960 --cli-data-dir /home/data4t2/lelinfeng/.vscode-server/cli agent host
1007452 server          /home/data4t1/hxw/.claude/remote/srv/5db5e4a12f88487e47c2c48259b69a2d630bb3f7/server --serve --socket /home/data4t1/hxw/.claude/remote/run/d2781cdd/rpc.sock --token-file /home/data4t1/hxw/.claude/remote/run/d2781cdd/token.24fc221215785702
1030517 kworker/28:1-mm [kworker/28:1-mm_percpu_wq]
1032941 kworker/127:0-m [kworker/127:0-mm_percpu_wq]
1039488 kworker/115:0-e [kworker/115:0-events]
1045915 kworker/124:1-m [kworker/124:1-mm_percpu_wq]
1052211 kworker/36:1-ev [kworker/36:1-events]
1052955 kworker/176:1-e [kworker/176:1-events]
1061375 screen          SCREEN
1061379 bash            /bin/bash
1074108 kworker/87:1-mm [kworker/87:1-mm_percpu_wq]
1075664 kworker/154:1-e [kworker/154:1-events]
1080110 MainThread      /home/data4t1/wangjielei/.vscode-server/cli/servers/Stable-a44adf7f53e00964ab890f9f8758a334f1fc15bc/server/node /home/data4t1/wangjielei/.vscode-server/cli/servers/Stable-a44adf7f53e00964ab890f9f8758a334f1fc15bc/server/extensions/json-language-features/server/dist/node/jsonServerMain --node-ipc --clientProcessId=422238
1081276 systemd         /lib/systemd/systemd --user
1081278 (sd-pam)        (sd-pam)
1081305 pipewire        /usr/bin/pipewire
1081306 pipewire-media- /usr/bin/pipewire-media-session
1081327 dbus-daemon     /usr/bin/dbus-daemon --session --address=systemd: --nofork --nopidfile --systemd-activation --syslog-only
1122841 kworker/185:2-m [kworker/185:2-mm_percpu_wq]
1126457 code-08d4889f9e /home/data4t1/duanguiduo/.vscode-server/code-08d4889f9ec4a1685d257b9b95de036c8e1ce1e5 --cli-data-dir /home/data4t1/duanguiduo/.vscode-server/cli agent host
1129085 kworker/189:2-e [kworker/189:2-events]
1140791 kworker/84:2-mm [kworker/84:2-mm_percpu_wq]
1157944 kworker/u387:4- [kworker/u387:4-hclge]
1163091 kworker/180:0-e [kworker/180:0-events]
1165421 kworker/191:1-e [kworker/191:1-events]
1173255 screen          SCREEN
1173259 bash            /bin/bash
1175415 tail            tail -F /home/data4t2/hxwDir/hxw_moved/verl-npu-opd/logs/opd-sampled-6npu-2048-b24-graph-micro8.log
1182185 sshd            sshd: hxw [priv]
1182479 sshd            sshd: hxw@pts/44
1182483 bash            -bash
1183004 kworker/172:2-c [kworker/172:2-cgroup_destroy]
1200627 bash            bash
1204913 kworker/153:0-m [kworker/153:0-mm_percpu_wq]
1218625 systemd         /lib/systemd/systemd --user
1218626 (sd-pam)        (sd-pam)
1218658 pipewire        /usr/bin/pipewire
1218659 pipewire-media- /usr/bin/pipewire-media-session
1218680 dbus-daemon     /usr/bin/dbus-daemon --session --address=systemd: --nofork --nopidfile --systemd-activation --syslog-only
1222675 mihomo          /home/data4t1/zhouxinyu/opt/clashctl/bin/mihomo -d /home/data4t1/zhouxinyu/opt/clashctl/resources -f /home/data4t1/zhouxinyu/opt/clashctl/resources/runtime.yaml
1248427 kworker/151:2-e [kworker/151:2-events]
1261574 gvfsd           /usr/libexec/gvfsd
1261592 gvfsd-metadata  /usr/libexec/gvfsd-metadata
1279250 kworker/65:0-mm [kworker/65:0-mm_percpu_wq]
1290424 bash            -bash
1297378 kworker/67:2-mm [kworker/67:2-mm_percpu_wq]
1304810 kworker/77:0-mm [kworker/77:0-mm_percpu_wq]
1342987 codex-auth      /home/data4t1/hxw/.nvm/versions/node/v24.14.0/lib/node_modules/@loongphy/codex-auth/node_modules/@loongphy/codex-auth-linux-arm64/bin/codex-auth daemon --watch
1363527 kworker/43:2-mm [kworker/43:2-mm_percpu_wq]
1368112 kworker/42:1-mm [kworker/42:1-mm_percpu_wq]
1378452 kworker/71:2-mm [kworker/71:2-mm_percpu_wq]
1380155 kworker/89:0-ev [kworker/89:0-events]
1384034 kworker/35:0-mm [kworker/35:0-mm_percpu_wq]
1403029 bash            bash /home/data4t1/hxw/.claude/jobs/59a80f15/tmp/monitor_ours_pcam_crossatt_status.sh
1414382 bash            /bin/bash --init-file /home/data4t1/wangjielei/.vscode-server/cli/servers/Stable-7debcd0e2acdea1c52de81bf9ee1620444407dda/server/out/vs/workbench/contrib/terminal/common/scripts/shellIntegration-bash.sh
1414385 bash            /bin/bash --init-file /home/data4t1/wangjielei/.vscode-server/cli/servers/Stable-7debcd0e2acdea1c52de81bf9ee1620444407dda/server/out/vs/workbench/contrib/terminal/common/scripts/shellIntegration-bash.sh
1417914 sshd            sshd: wangjielei [priv]
1418024 sshd            sshd: wangjielei@notty
1418031 node-MainThread node /home/data4t1/wangjielei/.local/bin/codex app-server proxy
1421494 codex           /home/data4t1/wangjielei/.local/lib/node_modules/@openai/codex/node_modules/@openai/codex-linux-arm64/vendor/aarch64-unknown-linux-musl/bin/codex app-server proxy
1424972 sshfs           .tools/sshfs-root/usr/bin/sshfs 84090:/home/adaspace/.hxw/mopd-assets/runs/mathif-empty-factorial12-20260928t0603z /home/data4t2/hxwDir/hxw_moved/.codex-mopd-control/mathif-empty-factorial12-20260928t0603z -o ro,reconnect,ServerAliveInterval=15,ServerAliveCountMax=3
1424997 ssh             ssh -x -a -oClearAllForwardings=yes -oServerAliveInterval=15 -oServerAliveCountMax=3 -2 84090 -s sftp
1442262 kworker/75:2-mm [kworker/75:2-mm_percpu_wq]
1442871 rsyslogd        /usr/sbin/rsyslogd -n -iNONE
1445794 kworker/63:2-ev [kworker/63:2-events]
1460096 kworker/88:2-mm [kworker/88:2-mm_percpu_wq]
1463738 kworker/74:0-mm [kworker/74:0-mm_percpu_wq]
1464117 kworker/187:1-e [kworker/187:1-events]
1464440 kworker/u393:4- [kworker/u393:4-dev7_sq_send_wq]
1466277 kworker/166:2-m [kworker/166:2-mm_percpu_wq]
1468939 kworker/17:1-mm [kworker/17:1-mm_percpu_wq]
1486089 at-spi-bus-laun /usr/libexec/at-spi-bus-launcher
1488049 kworker/164:0-m [kworker/164:0-mm_percpu_wq]
1489447 kworker/18:2-ev [kworker/18:2-events]
1490748 kworker/u392:6- [kworker/u392:6-flush-259:1]
1497473 code-fcf604774b /home/data4t1/zhangshifa/.vscode-server/code-fcf604774b9f2674b473065736ee75077e256353 --cli-data-dir /home/data4t1/zhangshifa/.vscode-server/cli agent host
1503700 kworker/19:2-ev [kworker/19:2-events]
1505762 kworker/46:0-ev [kworker/46:0-events]
1509340 kworker/105:2-e [kworker/105:2-events]
1518635 kworker/160:0-p [kworker/160:0-pcie_msg_workqueue]
1524606 kworker/55:2-ev [kworker/55:2-events]
1546293 kworker/u391:0- [kworker/u391:0-events_unbound]
1546780 systemd         /lib/systemd/systemd --user
1546781 (sd-pam)        (sd-pam)
1546791 pipewire        /usr/bin/pipewire
1546796 pipewire-media- /usr/bin/pipewire-media-session
1546826 dbus-daemon     /usr/bin/dbus-daemon --session --address=systemd: --nofork --nopidfile --systemd-activation --syslog-only
1548821 kworker/95:2-mm [kworker/95:2-mm_percpu_wq]
1555247 sshfs           .tools/sshfs-root/usr/bin/sshfs 84090:/home/adaspace/.hxw/mopd-assets/runs/mathif-empty-analysis12-20260928t0616z /home/data4t2/hxwDir/hxw_moved/.codex-mopd-control/mathif-empty-analysis12-20260928t0616z -o ro,reconnect,ServerAliveInterval=15,ServerAliveCountMax=3
1555391 ssh             ssh -x -a -oClearAllForwardings=yes -oServerAliveInterval=15 -oServerAliveCountMax=3 -2 84090 -s sftp
1557384 kworker/125:2-e [kworker/125:2-events]
1560876 kworker/2:2-eve [kworker/2:2-events]
1561501 code-a5b5009513 /home/data4t1/wangjielei/.vscode-server/code-a5b500951314efd502d07465bd138dfbd714a960 --cli-data-dir /home/data4t1/wangjielei/.vscode-server/cli agent host
1570468 kworker/144:2-e [kworker/144:2-events]
1576006 kworker/108:1-e [kworker/108:1-events]
1581120 kworker/u386:1- [kworker/u386:1-events_unbound]
1585040 sshd            sshd: hxw [priv]
1585118 sshd            sshd: hxw@notty
1585146 codex           codex app-server proxy
1594748 kworker/121:0-e [kworker/121:0-events]
1596854 kworker/161:1-e [kworker/161:1-events]
1597193 screen          SCREEN -S train
1597222 bash            /bin/bash
1598740 kworker/131:1-e [kworker/131:1-events]
1601765 kworker/137:0-m [kworker/137:0-mm_percpu_wq]
1605039 kworker/169:2-e [kworker/169:2-events]
1605497 kworker/149:2-e [kworker/149:2-events]
1616479 kworker/93:1-mm [kworker/93:1-mm_percpu_wq]
1617688 systemd         /lib/systemd/systemd --user
1617690 (sd-pam)        (sd-pam)
1617721 pipewire        /usr/bin/pipewire
1617722 pipewire-media- /usr/bin/pipewire-media-session
1617747 dbus-daemon     /usr/bin/dbus-daemon --session --address=systemd: --nofork --nopidfile --systemd-activation --syslog-only
1619100 sshfs           .tools/sshfs-root/usr/bin/sshfs 84090:/home/adaspace/.hxw/mopd-assets/runs/mathif-empty-final12-20260928t0621z /home/data4t2/hxwDir/hxw_moved/.codex-mopd-control/mathif-empty-final12-20260928t0621z -o ro,reconnect,ServerAliveInterval=15,ServerAliveCountMax=3
1619167 ssh             ssh -x -a -oClearAllForwardings=yes -oServerAliveInterval=15 -oServerAliveCountMax=3 -2 84090 -s sftp
1620098 kworker/25:0-mm [kworker/25:0-mm_percpu_wq]
1620669 kworker/54:1-ev [kworker/54:1-events]
1629058 kworker/152:2-e [kworker/152:2-events]
1646086 kworker/90:2-ev [kworker/90:2-events]
1653405 kworker/184:0-e [kworker/184:0-events]
1655089 kworker/31:2-ev [kworker/31:2-events]
1657511 kworker/103:2-e [kworker/103:2-events]
1660535 kworker/145:1-e [kworker/145:1-events]
1670841 kworker/24:2-mm [kworker/24:2-mm_percpu_wq]
1680108 autossh         autossh -M 0 -N -T -p 39529 -o ServerAliveInterval=30 -o ServerAliveCountMax=3 -o ExitOnForwardFailure=yes -R 127.0.0.1:8317:127.0.0.1:8317 root@121.48.170.6
1692888 kworker/111:0-e [kworker/111:0-events]
1694578 kworker/39:0-mm [kworker/39:0-mm_percpu_wq]
1696143 kworker/110:0-m [kworker/110:0-mm_percpu_wq]
1698012 kworker/177:0-m [kworker/177:0-mm_percpu_wq]
1700356 kworker/173:0-e [kworker/173:0-events]
1701622 kworker/72:2-mm [kworker/72:2-mm_percpu_wq]
1705060 gvfsd-trash     /usr/libexec/gvfsd-trash --spawner :1.5 /org/gtk/gvfs/exec_spaw/0
1705407 kworker/171:2-m [kworker/171:2-mm_percpu_wq]
1706723 kworker/100:2-e [kworker/100:2-events]
1713768 kworker/u385:4- [kworker/u385:4-events_power_efficient]
1714924 server          /home/data4t1/hxw/.claude/remote/srv/7d193f89fc02cf1035a391245312e34ad419f63e/server --serve --socket /home/data4t1/hxw/.claude/remote/run/d2781cdd/rpc.sock --token-file /home/data4t1/hxw/.claude/remote/run/d2781cdd/token.c513f0c93c334910
1720475 kworker/60:0-mm [kworker/60:0-mm_percpu_wq]
1731186 kworker/52:2-ev [kworker/52:2-events]
1733017 kworker/30:0-ev [kworker/30:0-events]
1735202 kworker/u393:7+ [kworker/u393:7+dev3_sq_send_wq]
1735640 kworker/80:0-mm [kworker/80:0-mm_percpu_wq]
1740109 systemd         /lib/systemd/systemd --user
1740110 (sd-pam)        (sd-pam)
1740145 pipewire        /usr/bin/pipewire
1740146 pipewire-media- /usr/bin/pipewire-media-session
1740171 dbus-daemon     /usr/bin/dbus-daemon --session --address=systemd: --nofork --nopidfile --systemd-activation --syslog-only
1744773 kworker/83:0-mm [kworker/83:0-mm_percpu_wq]
1746107 kworker/109:1-e [kworker/109:1-events]
1752577 kworker/59:0-cg [kworker/59:0-cgroup_destroy]
1754543 kworker/149:1-m [kworker/149:1-mm_percpu_wq]
1757340 kworker/81:0-mm [kworker/81:0-mm_percpu_wq]
1759184 systemd         /lib/systemd/systemd --user
1759187 (sd-pam)        (sd-pam)
1759216 pipewire        /usr/bin/pipewire
1759217 pipewire-media- /usr/bin/pipewire-media-session
1759237 dbus-daemon     /usr/bin/dbus-daemon --session --address=systemd: --nofork --nopidfile --systemd-activation --syslog-only
1760042 kworker/37:0-mm [kworker/37:0-mm_percpu_wq]
1760767 code-4fe60c8b1c /home/data4t1/zhongziyang/.vscode-server/code-4fe60c8b1cdac1c4c174f2fb180d0d758272d713 --cli-data-dir /home/data4t1/zhongziyang/.vscode-server/cli agent host
1767311 kworker/58:1-ev [kworker/58:1-events]
1772088 kworker/189:0-m [kworker/189:0-mm_percpu_wq]
1772694 kworker/142:2-m [kworker/142:2-mm_percpu_wq]
1775097 kworker/14:1-ev [kworker/14:1-events]
1776118 kworker/186:2-e [kworker/186:2-events]
1776902 kworker/u393:6- [kworker/u393:6-dev2_sq_send_wq]
1779182 kworker/113:2-e [kworker/113:2-events]
1779961 kworker/26:0-ev [kworker/26:0-events]
1781016 kworker/181:0-e [kworker/181:0-events]
1784752 kworker/182:0-m [kworker/182:0-mm_percpu_wq]
1792075 kworker/45:0-mm [kworker/45:0-mm_percpu_wq]
1792632 kworker/190:0-e [kworker/190:0-events]
1797395 kworker/u392:2- [kworker/u392:2-events_unbound]
1799785 kworker/56:0-mm [kworker/56:0-mm_percpu_wq]
1800046 bash            /bin/bash --init-file /home/data4t1/wangjielei/.vscode-server/cli/servers/Stable-a44adf7f53e00964ab890f9f8758a334f1fc15bc/server/out/vs/workbench/contrib/terminal/common/scripts/shellIntegration-bash.sh
1801935 kworker/90:1-mm [kworker/90:1-mm_percpu_wq]
1804595 kworker/u392:5- [kworker/u392:5-flush-259:0]
1804783 kworker/112:1-e [kworker/112:1-events]
1806051 kworker/86:0-mm [kworker/86:0-mm_percpu_wq]
1806999 kworker/188:0-e [kworker/188:0-events]
1808040 kworker/118:2-e [kworker/118:2-events]
1809435 kworker/34:0-ev [kworker/34:0-events]
1810643 kworker/107:1-m [kworker/107:1-mm_percpu_wq]
1812112 kworker/104:0-m [kworker/104:0-mm_percpu_wq]
1812392 kworker/68:1-ev [kworker/68:1-events]
1813859 kworker/141:0-e [kworker/141:0-events]
1815243 kworker/51:0-ev [kworker/51:0-events]
1815721 kworker/u389:0- [kworker/u389:0-hclge]
1821978 kworker/155:0-m [kworker/155:0-mm_percpu_wq]
1822581 kworker/57:2-mm [kworker/57:2-mm_percpu_wq]
1823459 kworker/82:0-ev [kworker/82:0-events]
1826876 kworker/24:1-ev [kworker/24:1-events]
1828229 kworker/163:1-e [kworker/163:1-events]
1828477 kworker/165:0-m [kworker/165:0-mm_percpu_wq]
1833292 kworker/119:2-e [kworker/119:2-events]
1833615 codex           codex -c features.code_mode_host=true app-server --listen unix://
1835554 kworker/79:0-mm [kworker/79:0-mm_percpu_wq]
1837631 kworker/9:0-eve [kworker/9:0-events]
1837649 bash            /bin/bash --init-file /home/data4t1/wangjielei/.vscode-server/cli/servers/Stable-a44adf7f53e00964ab890f9f8758a334f1fc15bc/server/out/vs/workbench/contrib/terminal/common/scripts/shellIntegration-bash.sh
1837736 kworker/91:2-ev [kworker/91:2-events]
1839381 kworker/168:2-e [kworker/168:2-events]
1845680 kworker/44:0-mm [kworker/44:0-mm_percpu_wq]
1848797 kworker/70:1-mm [kworker/70:1-mm_percpu_wq]
1848978 kworker/85:1-mm [kworker/85:1-mm_percpu_wq]
1848986 kworker/13:0-mm [kworker/13:0-mm_percpu_wq]
1858954 kworker/130:1-e [kworker/130:1-events]
1863033 kworker/73:2-mm [kworker/73:2-mm_percpu_wq]
1863550 kworker/39:2-mm [kworker/39:2-mm_percpu_wq]
1865166 kworker/151:1-e [kworker/151:1-events]
1870188 kworker/175:2-e [kworker/175:2-events]
1870724 kworker/10:2-pc [kworker/10:2-pcie_msg_workqueue]
1874198 kworker/41:1-ev [kworker/41:1-events]
1875716 kworker/182:2-e [kworker/182:2-events]
1876595 kworker/147:0-e [kworker/147:0-events]
1878776 kworker/u387:2- [kworker/u387:2-writeback]
1878869 kworker/148:0-e [kworker/148:0-events]
1878941 kworker/157:0-p [kworker/157:0-pcie_msg_workqueue]
1879012 kworker/1:2-eve [kworker/1:2-events]
1879013 kworker/158:0-m [kworker/158:0-mm_percpu_wq]
1883166 kworker/u388:2- [kworker/u388:2-events_unbound]
1884997 kworker/15:2-ev [kworker/15:2-events]
1890204 kworker/u385:0- [kworker/u385:0-flush-259:1]
1890560 kworker/12:0-cg [kworker/12:0-cgroup_destroy]
1891027 kworker/183:1-e [kworker/183:1-events]
1892960 kworker/48:0-ev [kworker/48:0-events]
1894811 kworker/69:1-mm [kworker/69:1-mm_percpu_wq]
1903156 kworker/191:2-e [kworker/191:2-events]
1907179 kworker/u391:1- [kworker/u391:1-events_unbound]
1907180 kworker/u391:4- [kworker/u391:4-events_unbound]
1909566 kworker/u392:4- [kworker/u392:4-flush-259:1]
1910347 kworker/27:1-mm [kworker/27:1-mm_percpu_wq]
1910515 kworker/122:2-m [kworker/122:2-mm_percpu_wq]
1911246 kworker/78:2-mm [kworker/78:2-mm_percpu_wq]
1915108 kworker/76:1-mm [kworker/76:1-mm_percpu_wq]
1916342 kworker/178:0-e [kworker/178:0-events]
1923092 kworker/85:2-ev [kworker/85:2-events]
1923102 tailscaled      /home/data4t1/hxw/.local/opt/tailscale-1.98.4/tailscaled --tun=userspace-networking --socket=/home/data4t1/hxw/.local/state/tailscale/tailscaled.sock --statedir=/home/data4t1/hxw/.local/state/tailscale --socks5-server=127.0.0.1:1055 --outbound-http-proxy-listen=127.0.0.1:1055
1923573 tmux: server    tmux new -s mlaga
1923574 bash            -bash
1923622 kworker/73:0-ev [kworker/73:0-events]
1923898 kworker/116:1-e [kworker/116:1-events]
1924282 kworker/140:1-e [kworker/140:1-events]
1924676 kworker/138:0-m [kworker/138:0-mm_percpu_wq]
1924888 kworker/124:0-e [kworker/124:0-events]
1925078 kworker/132:2-e [kworker/132:2-events]
1925844 kworker/129:1-m [kworker/129:1-mm_percpu_wq]
1925845 kworker/123:0-e [kworker/123:0-events]
1927000 kworker/21:0-mm [kworker/21:0-mm_percpu_wq]
1927275 kworker/88:0-ev [kworker/88:0-events]
1928219 kworker/114:0-p [kworker/114:0-pcie_msg_workqueue]
1929324 kworker/150:2-e [kworker/150:2-events]
1930776 kworker/190:1-e [kworker/190:1-events]
1931248 kworker/127:1-m [kworker/127:1-mm_percpu_wq]
1931885 kworker/120:1-e [kworker/120:1-events]
1931897 kworker/134:1-e [kworker/134:1-events]
1931907 kworker/139:0-e [kworker/139:0-events]
1932570 kworker/126:2-e [kworker/126:2-events]
1934425 kworker/143:1-e [kworker/143:1-events]
1935396 bash            bash scripts/coop/run_three_stage_csc_tiny_vit_multigpu.sh 1
1935405 bash            bash scripts/coop/run_three_stage_csc_tiny_vit_multigpu.sh 1
1935631 kworker/135:0-e [kworker/135:0-events]
1936042 kworker/u390:0- [kworker/u390:0-flush-8:0]
1938444 kworker/128:2-e [kworker/128:2-events]
1940533 kworker/67:0-mm [kworker/67:0-mm_percpu_wq]
1945735 kworker/53:0-mm [kworker/53:0-mm_percpu_wq]
1946311 kworker/61:1-mm [kworker/61:1-mm_percpu_wq]
1947949 kworker/164:2-e [kworker/164:2-events]
1948446 kworker/183:2-e [kworker/183:2-events]
1950345 kworker/16:2-ev [kworker/16:2-events]
1951279 kworker/22:0-mm [kworker/22:0-mm_percpu_wq]
1951572 kworker/179:1-e [kworker/179:1-events]
1952525 kworker/176:0-e [kworker/176:0-events]
1952790 kworker/3:2-eve [kworker/3:2-events]
1955348 kworker/167:1-e [kworker/167:1-events]
1957309 kworker/71:0-mm [kworker/71:0-mm_percpu_wq]
1958407 kworker/98:1-mm [kworker/98:1-mm_percpu_wq]
1958478 kworker/u386:2- [kworker/u386:2-events_unbound]
1960263 kworker/81:2-ev [kworker/81:2-events]
1960993 kworker/23:1-mm [kworker/23:1-mm_percpu_wq]
1965824 kworker/11:2-mm [kworker/11:2-mm_percpu_wq]
1968313 kworker/u387:3- [kworker/u387:3-hclge]
1968642 codex-code-mode /home/data4t2/lelinfeng/.codex/packages/standalone/releases/0.160.0-aarch64-unknown-linux-musl/bin/codex-code-mode-host
1969628 kworker/66:1-mm [kworker/66:1-mm_percpu_wq]
1970319 kworker/117:1-m [kworker/117:1-mm_percpu_wq]
1970939 kworker/96:0-ev [kworker/96:0-events]
1972502 kworker/155:1-m [kworker/155:1-mm_percpu_wq]
1975471 kworker/106:1-p [kworker/106:1-pcie_msg_workqueue]
1977612 kworker/50:2-pc [kworker/50:2-pcie_msg_workqueue]
1979490 kworker/180:2-m [kworker/180:2-mm_percpu_wq]
1979711 kworker/99:2-ev [kworker/99:2-events]
1980558 kworker/68:0-ev [kworker/68:0-events]
1980652 kworker/102:0-m [kworker/102:0-mm_percpu_wq]
1980716 kworker/49:1-ev [kworker/49:1-events]
1980741 kworker/20:2-ev [kworker/20:2-events]
1982276 kworker/116:2-m [kworker/116:2-mm_percpu_wq]
1983574 kworker/4:1-eve [kworker/4:1-events]
1984422 kworker/u390:2- [kworker/u390:2-flush-259:1]
1984781 kworker/u389:1- [kworker/u389:1-flush-259:1]
1985777 kworker/97:2-mm [kworker/97:2-mm_percpu_wq]
1986146 kworker/25:2-mm [kworker/25:2-mm_percpu_wq]
1986758 kworker/64:2-cg [kworker/64:2-cgroup_destroy]
1989249 kworker/174:2-e [kworker/174:2-events]
1989294 kworker/79:2-ev [kworker/79:2-events]
1989920 kworker/86:2-mm [kworker/86:2-mm_percpu_wq]
1990152 kworker/92:0-mm [kworker/92:0-mm_percpu_wq]
1991452 kworker/175:1-e [kworker/175:1-events]
1991769 kworker/89:1-ev [kworker/89:1-events]
1992977 kworker/87:2-ev [kworker/87:2-events]
1994220 kworker/72:1-ev [kworker/72:1-events]
1994796 kworker/105:0-e [kworker/105:0-events]
1994915 kworker/37:1-ev [kworker/37:1-events]
1995163 kworker/29:1-mm [kworker/29:1-mm_percpu_wq]
1995392 kworker/172:0-e [kworker/172:0-events]
1995427 kworker/0:2-eve [kworker/0:2-events]
1995857 kworker/131:0   [kworker/131:0]
1996120 kworker/170:0-e [kworker/170:0-events]
1999086 kworker/53:1-ev [kworker/53:1-events]
1999353 kworker/82:2-ev [kworker/82:2-events]
1999984 code-7e7950df89 /home/data4t1/chenqizhi/.vscode-server/code-7e7950df89d055b5a378379db9ee14290772148a --cli-data-dir /home/data4t1/chenqizhi/.vscode-server/cli agent host
2001820 kworker/186:0-e [kworker/186:0-events]
2002956 kworker/162:0-m [kworker/162:0-mm_percpu_wq]
2003441 kworker/83:2-ev [kworker/83:2-events]
2003962 kworker/93:2-ev [kworker/93:2-events]
2006129 kworker/101:1-e [kworker/101:1-events]
2007441 kworker/75:1-mm [kworker/75:1-mm_percpu_wq]
2008642 kworker/171:1-e [kworker/171:1-events]
2008885 kworker/3:1-eve [kworker/3:1-events]
2009530 kworker/8:0-mm_ [kworker/8:0-mm_percpu_wq]
2009531 kworker/167:2-e [kworker/167:2-events]
2009640 kworker/159:2-m [kworker/159:2-mm_percpu_wq]
2009769 kworker/57:1-ev [kworker/57:1-events]
2009787 kworker/152:1-e [kworker/152:1-events]
2009849 kworker/160:2-p [kworker/160:2-pcie_msg_workqueue]
2009891 kworker/77:2-mm [kworker/77:2-mm_percpu_wq]
2011199 kworker/146:0-e [kworker/146:0-events]
2012478 kworker/52:0-mm [kworker/52:0-mm_percpu_wq]
2013030 kworker/38:2-mm [kworker/38:2-mm_percpu_wq]
2014407 kworker/163:0-e [kworker/163:0-events]
2014578 kworker/157:1-p [kworker/157:1-pcie_msg_workqueue]
2015331 kworker/144:0-e [kworker/144:0-events]
2015819 kworker/104:2-e [kworker/104:2-events]
2015906 kworker/166:1-e [kworker/166:1-events]
2015921 kworker/154:0-m [kworker/154:0-mm_percpu_wq]
2015949 kworker/94:2-mm [kworker/94:2-mm_percpu_wq]
2018610 kworker/91:0-ev [kworker/91:0-events]
2018634 kworker/56:1-ev [kworker/56:1-events]
2018658 kworker/28:0-ev [kworker/28:0-events]
2019378 kworker/59:2-mm [kworker/59:2-mm_percpu_wq]
2019431 kworker/100:1-m [kworker/100:1-mm_percpu_wq]
2019866 kworker/145:2-e [kworker/145:2-events]
2022067 kworker/62:2-ev [kworker/62:2-events]
2022371 kworker/108:0-e [kworker/108:0-events]
2022801 kworker/142:1-e [kworker/142:1-events]
2023872 kworker/65:1-ev [kworker/65:1-events]
2023878 kworker/u392:1- [kworker/u392:1-events_unbound]
2024171 kworker/153:1-e [kworker/153:1-events]
2025248 kworker/161:0-e [kworker/161:0-events]
2025522 kworker/150:0   [kworker/150:0]
2025670 kworker/63:1-ev [kworker/63:1-events]
2026213 kworker/6:1-mm_ [kworker/6:1-mm_percpu_wq]
2026529 kworker/7:0-mm_ [kworker/7:0-mm_percpu_wq]
2026772 kworker/177:2-m [kworker/177:2-mm_percpu_wq]
2027787 kworker/12:2-ev [kworker/12:2-events]
2027795 kworker/42:2-mm [kworker/42:2-mm_percpu_wq]
2027857 kworker/84:1-ev [kworker/84:1-events]
2028581 kworker/16:1-ev [kworker/16:1-events]
2030371 kworker/18:0-ev [kworker/18:0-events]
2030497 kworker/51:1-ev [kworker/51:1-events]
2030704 kworker/61:0-ev [kworker/61:0-events]
2030780 kworker/112:2-e [kworker/112:2-events]
2031312 kworker/58:2-ev [kworker/58:2-events]
2032272 kworker/185:1-e [kworker/185:1-events]
2032308 kworker/184:1-e [kworker/184:1-events]
2032531 kworker/10:1-pc [kworker/10:1-pcie_msg_workqueue]
2032576 kworker/11:1-mm [kworker/11:1-mm_percpu_wq]
2033118 nputop          /home/data4t1/hxw/anaconda3/bin/python3.10 /home/data4t1/hxw/anaconda3/bin/nputop
2033290 kworker/22:2-ev [kworker/22:2-events]
2033455 kworker/31:0-mm [kworker/31:0-mm_percpu_wq]
2033477 kworker/50:1-mm [kworker/50:1-mm_percpu_wq]
2033668 kworker/117:2-e [kworker/117:2-events]
2034955 kworker/48:1-ev [kworker/48:1-events]
2035858 kworker/20:0-mm [kworker/20:0-mm_percpu_wq]
2036080 kworker/66:2-mm [kworker/66:2-mm_percpu_wq]
2036125 kworker/36:0-mm [kworker/36:0-mm_percpu_wq]
2036126 kworker/5:2-eve [kworker/5:2-events]
2036127 kworker/99:0-ev [kworker/99:0-events]
2036219 kworker/96:2-ev [kworker/96:2-events]
2036583 kworker/103:0-e [kworker/103:0-events]
2036666 kworker/19:0-ev [kworker/19:0-events]
2036841 kworker/78:1-ev [kworker/78:1-events]
2037034 kworker/14:0-ev [kworker/14:0-events]
2037448 kworker/119:0-e [kworker/119:0-events]
2037516 kworker/179:0   [kworker/179:0]
2037713 kworker/114:2-m [kworker/114:2-mm_percpu_wq]
2037781 kworker/1:0-eve [kworker/1:0-events]
2038376 kworker/111:1-m [kworker/111:1-mm_percpu_wq]
2038455 kworker/32:2-ev [kworker/32:2-events]
2039014 kworker/4:2-eve [kworker/4:2-events]
2039302 kworker/u387:0- [kworker/u387:0-hclge]
2039400 kworker/u390:3- [kworker/u390:3-flush-8:0]
2039797 kworker/30:2-mm [kworker/30:2-mm_percpu_wq]
2040042 kworker/80:2-ev [kworker/80:2-events]
2040502 kworker/15:1-ev [kworker/15:1-events]
2041719 kworker/40:1-ev [kworker/40:1-events]
2041742 pt_data_worker  /home/data4t1/wangjielei/anaconda3/envs/dassl/bin/python train.py --root /home/data4t2/czhDir/data --seed 1 --trainer CoOpThreeStageCSCTinyViT --dataset-config-file configs/datasets/cifar100_lt_if0.1.yaml --config-file configs/trainers/CoOp/vit_b16_ep130_three_stage_csc_tiny_vit.yaml --output-dir /home/data4t2/czhDir/PromptKD/output/long_tail_three_stage_csc_tiny_vit/5m_1k/cifar100/longtail_if0.1_ltseed0/seed1_npu1 DATASET.NUM_SHOTS -1 DATASET.CIFAR100_LT.IMB_FACTOR 0.1 DATASET.CIFAR100_LT.SEED 0 DATALOADER.TRAIN_X.SAMPLER RandomSampler DATALOADER.TEST.BATCH_SIZE 32 OPTIM.MAX_EPOCH 130 TRAINER.COOP_THREE_STAGE_CSC.CSC_START_EPOCH 55 TRAINER.COOP_THREE_STAGE_CSC.PHASE2_LR 0.001 TRAINER.COOP_THREE_STAGE_CSC.PHASE3_LR 0.01 TRAINER.COOP_THREE_STAGE_CSC.BETA 0.9999 TRAINER.COOP_THREE_STAGE_VIT.VARIANT 5m TRAINER.COOP_THREE_STAGE_VIT.PRETRAINED_TYPE 1k TRAINER.COOP_THREE_STAGE_VIT.STUDENT_LR 0.00005
2041783 pt_data_worker  /home/data4t1/wangjielei/anaconda3/envs/dassl/bin/python train.py --root /home/data4t2/czhDir/data --seed 1 --trainer CoOpThreeStageCSCTinyViT --dataset-config-file configs/datasets/cifar100_lt_if0.1.yaml --config-file configs/trainers/CoOp/vit_b16_ep130_three_stage_csc_tiny_vit.yaml --output-dir /home/data4t2/czhDir/PromptKD/output/long_tail_three_stage_csc_tiny_vit/5m_1k/cifar100/longtail_if0.1_ltseed0/seed1_npu1 DATASET.NUM_SHOTS -1 DATASET.CIFAR100_LT.IMB_FACTOR 0.1 DATASET.CIFAR100_LT.SEED 0 DATALOADER.TRAIN_X.SAMPLER RandomSampler DATALOADER.TEST.BATCH_SIZE 32 OPTIM.MAX_EPOCH 130 TRAINER.COOP_THREE_STAGE_CSC.CSC_START_EPOCH 55 TRAINER.COOP_THREE_STAGE_CSC.PHASE2_LR 0.001 TRAINER.COOP_THREE_STAGE_CSC.PHASE3_LR 0.01 TRAINER.COOP_THREE_STAGE_CSC.BETA 0.9999 TRAINER.COOP_THREE_STAGE_VIT.VARIANT 5m TRAINER.COOP_THREE_STAGE_VIT.PRETRAINED_TYPE 1k TRAINER.COOP_THREE_STAGE_VIT.STUDENT_LR 0.00005
2041802 pt_data_worker  /home/data4t1/wangjielei/anaconda3/envs/dassl/bin/python train.py --root /home/data4t2/czhDir/data --seed 1 --trainer CoOpThreeStageCSCTinyViT --dataset-config-file configs/datasets/cifar100_lt_if0.1.yaml --config-file configs/trainers/CoOp/vit_b16_ep130_three_stage_csc_tiny_vit.yaml --output-dir /home/data4t2/czhDir/PromptKD/output/long_tail_three_stage_csc_tiny_vit/5m_1k/cifar100/longtail_if0.1_ltseed0/seed1_npu1 DATASET.NUM_SHOTS -1 DATASET.CIFAR100_LT.IMB_FACTOR 0.1 DATASET.CIFAR100_LT.SEED 0 DATALOADER.TRAIN_X.SAMPLER RandomSampler DATALOADER.TEST.BATCH_SIZE 32 OPTIM.MAX_EPOCH 130 TRAINER.COOP_THREE_STAGE_CSC.CSC_START_EPOCH 55 TRAINER.COOP_THREE_STAGE_CSC.PHASE2_LR 0.001 TRAINER.COOP_THREE_STAGE_CSC.PHASE3_LR 0.01 TRAINER.COOP_THREE_STAGE_CSC.BETA 0.9999 TRAINER.COOP_THREE_STAGE_VIT.VARIANT 5m TRAINER.COOP_THREE_STAGE_VIT.PRETRAINED_TYPE 1k TRAINER.COOP_THREE_STAGE_VIT.STUDENT_LR 0.00005
2041847 pt_data_worker  /home/data4t1/wangjielei/anaconda3/envs/dassl/bin/python train.py --root /home/data4t2/czhDir/data --seed 1 --trainer CoOpThreeStageCSCTinyViT --dataset-config-file configs/datasets/cifar100_lt_if0.1.yaml --config-file configs/trainers/CoOp/vit_b16_ep130_three_stage_csc_tiny_vit.yaml --output-dir /home/data4t2/czhDir/PromptKD/output/long_tail_three_stage_csc_tiny_vit/5m_1k/cifar100/longtail_if0.1_ltseed0/seed1_npu1 DATASET.NUM_SHOTS -1 DATASET.CIFAR100_LT.IMB_FACTOR 0.1 DATASET.CIFAR100_LT.SEED 0 DATALOADER.TRAIN_X.SAMPLER RandomSampler DATALOADER.TEST.BATCH_SIZE 32 OPTIM.MAX_EPOCH 130 TRAINER.COOP_THREE_STAGE_CSC.CSC_START_EPOCH 55 TRAINER.COOP_THREE_STAGE_CSC.PHASE2_LR 0.001 TRAINER.COOP_THREE_STAGE_CSC.PHASE3_LR 0.01 TRAINER.COOP_THREE_STAGE_CSC.BETA 0.9999 TRAINER.COOP_THREE_STAGE_VIT.VARIANT 5m TRAINER.COOP_THREE_STAGE_VIT.PRETRAINED_TYPE 1k TRAINER.COOP_THREE_STAGE_VIT.STUDENT_LR 0.00005
2041868 pt_data_worker  /home/data4t1/wangjielei/anaconda3/envs/dassl/bin/python train.py --root /home/data4t2/czhDir/data --seed 1 --trainer CoOpThreeStageCSCTinyViT --dataset-config-file configs/datasets/cifar100_lt_if0.1.yaml --config-file configs/trainers/CoOp/vit_b16_ep130_three_stage_csc_tiny_vit.yaml --output-dir /home/data4t2/czhDir/PromptKD/output/long_tail_three_stage_csc_tiny_vit/5m_1k/cifar100/longtail_if0.1_ltseed0/seed1_npu1 DATASET.NUM_SHOTS -1 DATASET.CIFAR100_LT.IMB_FACTOR 0.1 DATASET.CIFAR100_LT.SEED 0 DATALOADER.TRAIN_X.SAMPLER RandomSampler DATALOADER.TEST.BATCH_SIZE 32 OPTIM.MAX_EPOCH 130 TRAINER.COOP_THREE_STAGE_CSC.CSC_START_EPOCH 55 TRAINER.COOP_THREE_STAGE_CSC.PHASE2_LR 0.001 TRAINER.COOP_THREE_STAGE_CSC.PHASE3_LR 0.01 TRAINER.COOP_THREE_STAGE_CSC.BETA 0.9999 TRAINER.COOP_THREE_STAGE_VIT.VARIANT 5m TRAINER.COOP_THREE_STAGE_VIT.PRETRAINED_TYPE 1k TRAINER.COOP_THREE_STAGE_VIT.STUDENT_LR 0.00005
2041907 pt_data_worker  /home/data4t1/wangjielei/anaconda3/envs/dassl/bin/python train.py --root /home/data4t2/czhDir/data --seed 1 --trainer CoOpThreeStageCSCTinyViT --dataset-config-file configs/datasets/cifar100_lt_if0.1.yaml --config-file configs/trainers/CoOp/vit_b16_ep130_three_stage_csc_tiny_vit.yaml --output-dir /home/data4t2/czhDir/PromptKD/output/long_tail_three_stage_csc_tiny_vit/5m_1k/cifar100/longtail_if0.1_ltseed0/seed1_npu1 DATASET.NUM_SHOTS -1 DATASET.CIFAR100_LT.IMB_FACTOR 0.1 DATASET.CIFAR100_LT.SEED 0 DATALOADER.TRAIN_X.SAMPLER RandomSampler DATALOADER.TEST.BATCH_SIZE 32 OPTIM.MAX_EPOCH 130 TRAINER.COOP_THREE_STAGE_CSC.CSC_START_EPOCH 55 TRAINER.COOP_THREE_STAGE_CSC.PHASE2_LR 0.001 TRAINER.COOP_THREE_STAGE_CSC.PHASE3_LR 0.01 TRAINER.COOP_THREE_STAGE_CSC.BETA 0.9999 TRAINER.COOP_THREE_STAGE_VIT.VARIANT 5m TRAINER.COOP_THREE_STAGE_VIT.PRETRAINED_TYPE 1k TRAINER.COOP_THREE_STAGE_VIT.STUDENT_LR 0.00005
2041950 pt_data_worker  /home/data4t1/wangjielei/anaconda3/envs/dassl/bin/python train.py --root /home/data4t2/czhDir/data --seed 1 --trainer CoOpThreeStageCSCTinyViT --dataset-config-file configs/datasets/cifar100_lt_if0.1.yaml --config-file configs/trainers/CoOp/vit_b16_ep130_three_stage_csc_tiny_vit.yaml --output-dir /home/data4t2/czhDir/PromptKD/output/long_tail_three_stage_csc_tiny_vit/5m_1k/cifar100/longtail_if0.1_ltseed0/seed1_npu1 DATASET.NUM_SHOTS -1 DATASET.CIFAR100_LT.IMB_FACTOR 0.1 DATASET.CIFAR100_LT.SEED 0 DATALOADER.TRAIN_X.SAMPLER RandomSampler DATALOADER.TEST.BATCH_SIZE 32 OPTIM.MAX_EPOCH 130 TRAINER.COOP_THREE_STAGE_CSC.CSC_START_EPOCH 55 TRAINER.COOP_THREE_STAGE_CSC.PHASE2_LR 0.001 TRAINER.COOP_THREE_STAGE_CSC.PHASE3_LR 0.01 TRAINER.COOP_THREE_STAGE_CSC.BETA 0.9999 TRAINER.COOP_THREE_STAGE_VIT.VARIANT 5m TRAINER.COOP_THREE_STAGE_VIT.PRETRAINED_TYPE 1k TRAINER.COOP_THREE_STAGE_VIT.STUDENT_LR 0.00005
2042191 pt_data_worker  /home/data4t1/wangjielei/anaconda3/envs/dassl/bin/python train.py --root /home/data4t2/czhDir/data --seed 1 --trainer CoOpThreeStageCSCTinyViT --dataset-config-file configs/datasets/cifar100_lt_if0.1.yaml --config-file configs/trainers/CoOp/vit_b16_ep130_three_stage_csc_tiny_vit.yaml --output-dir /home/data4t2/czhDir/PromptKD/output/long_tail_three_stage_csc_tiny_vit/5m_1k/cifar100/longtail_if0.1_ltseed0/seed1_npu1 DATASET.NUM_SHOTS -1 DATASET.CIFAR100_LT.IMB_FACTOR 0.1 DATASET.CIFAR100_LT.SEED 0 DATALOADER.TRAIN_X.SAMPLER RandomSampler DATALOADER.TEST.BATCH_SIZE 32 OPTIM.MAX_EPOCH 130 TRAINER.COOP_THREE_STAGE_CSC.CSC_START_EPOCH 55 TRAINER.COOP_THREE_STAGE_CSC.PHASE2_LR 0.001 TRAINER.COOP_THREE_STAGE_CSC.PHASE3_LR 0.01 TRAINER.COOP_THREE_STAGE_CSC.BETA 0.9999 TRAINER.COOP_THREE_STAGE_VIT.VARIANT 5m TRAINER.COOP_THREE_STAGE_VIT.PRETRAINED_TYPE 1k TRAINER.COOP_THREE_STAGE_VIT.STUDENT_LR 0.00005
2043710 kworker/76:2-mm [kworker/76:2-mm_percpu_wq]
2044368 kworker/95:1-ev [kworker/95:1-events]
2045270 kworker/74:1-mm [kworker/74:1-mm_percpu_wq]
2045298 kworker/45:1-ev [kworker/45:1-events]
2046942 kworker/156:0-e [kworker/156:0-events]
2047823 kworker/34:2-ev [kworker/34:2-events]
2048982 kworker/21:1-ev [kworker/21:1-events]
2050009 kworker/49:0-mm [kworker/49:0-mm_percpu_wq]
2050225 kworker/35:2-ev [kworker/35:2-events]
2050308 kworker/47:1-mm [kworker/47:1-mm_percpu_wq]
2050627 kworker/97:1-mm [kworker/97:1-mm_percpu_wq]
2050911 kworker/0:1-pci [kworker/0:1-pcie_msg_workqueue]
2052610 kworker/70:0-mm [kworker/70:0-mm_percpu_wq]
2052659 kworker/107:2-e [kworker/107:2-events]
2053267 kworker/102:1-e [kworker/102:1-events]
2053753 kworker/41:0-mm [kworker/41:0-mm_percpu_wq]
2053964 kworker/u389:2- [kworker/u389:2-hclge]
2053988 kworker/u388:1- [kworker/u388:1-writeback]
2054132 kworker/110:2-e [kworker/110:2-events]
2054535 kworker/64:0-ev [kworker/64:0-events]
2054756 kworker/118:1-e [kworker/118:1-events]
2055245 kworker/92:1-ev [kworker/92:1-events]
2055760 bash            bash scripts/coop/run_three_stage_csc_tiny_vit_ltkd_multigpu.sh 1 0.1
2055765 bash            bash scripts/coop/run_three_stage_csc_tiny_vit_ltkd_multigpu.sh 1 0.1
2055766 bash            bash scripts/coop/run_three_stage_csc_tiny_vit_ltkd_multigpu.sh 1 0.1
2055767 bash            bash scripts/coop/run_three_stage_csc_tiny_vit_ltkd_multigpu.sh 1 0.1
2055769 bash            bash scripts/coop/run_three_stage_csc_tiny_vit_ltkd_multigpu.sh 1 0.1
2055771 bash            bash scripts/coop/run_three_stage_csc_tiny_vit_ltkd_multigpu.sh 1 0.1
2055775 bash            bash /home/data4t2/czhDir/PromptKD/scripts/coop/long_tail_comparison.sh aircraft longtail 1 0.1
2055776 bash            bash /home/data4t2/czhDir/PromptKD/scripts/coop/long_tail_comparison.sh resisc45 longtail 1 0.1
2055777 tee             tee -a /home/data4t2/czhDir/PromptKD/output/long_tail_three_stage_csc_tiny_vit_ltkd/5m_1k/alpha1.0_beta8.0_T4.0_warmup20/aircraft/longtail_if0.1_ltseed0/seed1_npu3/launcher.log
2055778 tee             tee -a /home/data4t2/czhDir/PromptKD/output/long_tail_three_stage_csc_tiny_vit_ltkd/5m_1k/alpha1.0_beta8.0_T4.0_warmup20/resisc45/longtail_if0.1_ltseed0/seed1_npu7/launcher.log
2055779 bash            bash /home/data4t2/czhDir/PromptKD/scripts/coop/long_tail_comparison.sh caltech101 longtail 1 0.1
2055780 bash            bash /home/data4t2/czhDir/PromptKD/scripts/coop/long_tail_comparison.sh eurosat longtail 1 0.1
2055781 bash            bash /home/data4t2/czhDir/PromptKD/scripts/coop/long_tail_comparison.sh dtd longtail 1 0.1
2055782 tee             tee -a /home/data4t2/czhDir/PromptKD/output/long_tail_three_stage_csc_tiny_vit_ltkd/5m_1k/alpha1.0_beta8.0_T4.0_warmup20/dtd/longtail_if0.1_ltseed0/seed1_npu1/launcher.log
2055783 tee             tee -a /home/data4t2/czhDir/PromptKD/output/long_tail_three_stage_csc_tiny_vit_ltkd/5m_1k/alpha1.0_beta8.0_T4.0_warmup20/caltech101/longtail_if0.1_ltseed0/seed1_npu0/launcher.log
2055784 tee             tee -a /home/data4t2/czhDir/PromptKD/output/long_tail_three_stage_csc_tiny_vit_ltkd/5m_1k/alpha1.0_beta8.0_T4.0_warmup20/eurosat/longtail_if0.1_ltseed0/seed1_npu2/launcher.log
2055828 python          /home/data4t1/wangjielei/anaconda3/envs/dassl/bin/python train.py --root /home/data4t2/hxwDir/data --seed 1 --trainer CoOpThreeStageCSCTinyViTLTKD --dataset-config-file configs/datasets/long_tail/dtd_lt.yaml --config-file configs/trainers/CoOp/vit_b16_ep130_three_stage_csc_tiny_vit_ltkd.yaml --output-dir /home/data4t2/czhDir/PromptKD/output/long_tail_three_stage_csc_tiny_vit_ltkd/5m_1k/alpha1.0_beta8.0_T4.0_warmup20/dtd/longtail_if0.1_ltseed0/seed1_npu1 DATASET.NUM_SHOTS -1 DATASET.LONG_TAIL.IMB_FACTOR 0.1 DATASET.LONG_TAIL.SEED 0 DATALOADER.TRAIN_X.SAMPLER RandomSampler DATALOADER.TEST.BATCH_SIZE 16 OPTIM.MAX_EPOCH 130 TRAINER.COOP_THREE_STAGE_CSC.CSC_START_EPOCH 55 TRAINER.COOP_THREE_STAGE_CSC.PHASE2_LR 0.001 TRAINER.COOP_THREE_STAGE_CSC.PHASE3_LR 0.01 TRAINER.COOP_THREE_STAGE_CSC.BETA 0.9999 TRAINER.COOP_THREE_STAGE_VIT.VARIANT 5m TRAINER.COOP_THREE_STAGE_VIT.PRETRAINED_TYPE 1k TRAINER.COOP_THREE_STAGE_VIT.STUDENT_LR 0.00005 TRAINER.COOP_THREE_STAGE_CSC_LTKD.ALPHA 1.0 TRAINER.COOP_THREE_STAGE_CSC_LTKD.BETA 8.0 TRAINER.COOP_THREE_STAGE_CSC_LTKD.TEMPERATURE 4.0 TRAINER.COOP_THREE_STAGE_CSC_LTKD.WARMUP 20
2055829 python          /home/data4t1/wangjielei/anaconda3/envs/dassl/bin/python train.py --root /home/data4t2/hxwDir/data --seed 1 --trainer CoOpThreeStageCSCTinyViTLTKD --dataset-config-file configs/datasets/long_tail/caltech101_lt.yaml --config-file configs/trainers/CoOp/vit_b16_ep130_three_stage_csc_tiny_vit_ltkd.yaml --output-dir /home/data4t2/czhDir/PromptKD/output/long_tail_three_stage_csc_tiny_vit_ltkd/5m_1k/alpha1.0_beta8.0_T4.0_warmup20/caltech101/longtail_if0.1_ltseed0/seed1_npu0 DATASET.NUM_SHOTS -1 DATASET.LONG_TAIL.IMB_FACTOR 0.1 DATASET.LONG_TAIL.SEED 0 DATALOADER.TRAIN_X.SAMPLER RandomSampler DATALOADER.TEST.BATCH_SIZE 16 OPTIM.MAX_EPOCH 130 TRAINER.COOP_THREE_STAGE_CSC.CSC_START_EPOCH 55 TRAINER.COOP_THREE_STAGE_CSC.PHASE2_LR 0.001 TRAINER.COOP_THREE_STAGE_CSC.PHASE3_LR 0.01 TRAINER.COOP_THREE_STAGE_CSC.BETA 0.9999 TRAINER.COOP_THREE_STAGE_VIT.VARIANT 5m TRAINER.COOP_THREE_STAGE_VIT.PRETRAINED_TYPE 1k TRAINER.COOP_THREE_STAGE_VIT.STUDENT_LR 0.00005 TRAINER.COOP_THREE_STAGE_CSC_LTKD.ALPHA 1.0 TRAINER.COOP_THREE_STAGE_CSC_LTKD.BETA 8.0 TRAINER.COOP_THREE_STAGE_CSC_LTKD.TEMPERATURE 4.0 TRAINER.COOP_THREE_STAGE_CSC_LTKD.WARMUP 20
2055830 python          /home/data4t1/wangjielei/anaconda3/envs/dassl/bin/python train.py --root /home/data4t2/hxwDir/data --seed 1 --trainer CoOpThreeStageCSCTinyViTLTKD --dataset-config-file configs/datasets/long_tail/fgvc_aircraft_lt.yaml --config-file configs/trainers/CoOp/vit_b16_ep130_three_stage_csc_tiny_vit_ltkd.yaml --output-dir /home/data4t2/czhDir/PromptKD/output/long_tail_three_stage_csc_tiny_vit_ltkd/5m_1k/alpha1.0_beta8.0_T4.0_warmup20/aircraft/longtail_if0.1_ltseed0/seed1_npu3 DATASET.NUM_SHOTS -1 DATASET.LONG_TAIL.IMB_FACTOR 0.1 DATASET.LONG_TAIL.SEED 0 DATALOADER.TRAIN_X.SAMPLER RandomSampler DATALOADER.TEST.BATCH_SIZE 16 OPTIM.MAX_EPOCH 130 TRAINER.COOP_THREE_STAGE_CSC.CSC_START_EPOCH 55 TRAINER.COOP_THREE_STAGE_CSC.PHASE2_LR 0.001 TRAINER.COOP_THREE_STAGE_CSC.PHASE3_LR 0.01 TRAINER.COOP_THREE_STAGE_CSC.BETA 0.9999 TRAINER.COOP_THREE_STAGE_VIT.VARIANT 5m TRAINER.COOP_THREE_STAGE_VIT.PRETRAINED_TYPE 1k TRAINER.COOP_THREE_STAGE_VIT.STUDENT_LR 0.00005 TRAINER.COOP_THREE_STAGE_CSC_LTKD.ALPHA 1.0 TRAINER.COOP_THREE_STAGE_CSC_LTKD.BETA 8.0 TRAINER.COOP_THREE_STAGE_CSC_LTKD.TEMPERATURE 4.0 TRAINER.COOP_THREE_STAGE_CSC_LTKD.WARMUP 20
2055831 python          /home/data4t1/wangjielei/anaconda3/envs/dassl/bin/python train.py --root /home/data4t2/czhDir/data --seed 1 --trainer CoOpThreeStageCSCTinyViTLTKD --dataset-config-file configs/datasets/long_tail/nwpu_resisc45_lt.yaml --config-file configs/trainers/CoOp/vit_b16_ep130_three_stage_csc_tiny_vit_ltkd.yaml --output-dir /home/data4t2/czhDir/PromptKD/output/long_tail_three_stage_csc_tiny_vit_ltkd/5m_1k/alpha1.0_beta8.0_T4.0_warmup20/resisc45/longtail_if0.1_ltseed0/seed1_npu7 DATASET.NUM_SHOTS -1 DATASET.LONG_TAIL.IMB_FACTOR 0.1 DATASET.LONG_TAIL.SEED 0 DATALOADER.TRAIN_X.SAMPLER RandomSampler DATALOADER.TEST.BATCH_SIZE 16 OPTIM.MAX_EPOCH 130 TRAINER.COOP_THREE_STAGE_CSC.CSC_START_EPOCH 55 TRAINER.COOP_THREE_STAGE_CSC.PHASE2_LR 0.001 TRAINER.COOP_THREE_STAGE_CSC.PHASE3_LR 0.01 TRAINER.COOP_THREE_STAGE_CSC.BETA 0.9999 TRAINER.COOP_THREE_STAGE_VIT.VARIANT 5m TRAINER.COOP_THREE_STAGE_VIT.PRETRAINED_TYPE 1k TRAINER.COOP_THREE_STAGE_VIT.STUDENT_LR 0.00005 TRAINER.COOP_THREE_STAGE_CSC_LTKD.ALPHA 1.0 TRAINER.COOP_THREE_STAGE_CSC_LTKD.BETA 8.0 TRAINER.COOP_THREE_STAGE_CSC_LTKD.TEMPERATURE 4.0 TRAINER.COOP_THREE_STAGE_CSC_LTKD.WARMUP 20
2055832 python          /home/data4t1/wangjielei/anaconda3/envs/dassl/bin/python train.py --root /home/data4t2/hxwDir/data --seed 1 --trainer CoOpThreeStageCSCTinyViTLTKD --dataset-config-file configs/datasets/long_tail/eurosat_lt.yaml --config-file configs/trainers/CoOp/vit_b16_ep130_three_stage_csc_tiny_vit_ltkd.yaml --output-dir /home/data4t2/czhDir/PromptKD/output/long_tail_three_stage_csc_tiny_vit_ltkd/5m_1k/alpha1.0_beta8.0_T4.0_warmup20/eurosat/longtail_if0.1_ltseed0/seed1_npu2 DATASET.NUM_SHOTS -1 DATASET.LONG_TAIL.IMB_FACTOR 0.1 DATASET.LONG_TAIL.SEED 0 DATALOADER.TRAIN_X.SAMPLER RandomSampler DATALOADER.TEST.BATCH_SIZE 16 OPTIM.MAX_EPOCH 130 TRAINER.COOP_THREE_STAGE_CSC.CSC_START_EPOCH 55 TRAINER.COOP_THREE_STAGE_CSC.PHASE2_LR 0.001 TRAINER.COOP_THREE_STAGE_CSC.PHASE3_LR 0.01 TRAINER.COOP_THREE_STAGE_CSC.BETA 0.9999 TRAINER.COOP_THREE_STAGE_VIT.VARIANT 5m TRAINER.COOP_THREE_STAGE_VIT.PRETRAINED_TYPE 1k TRAINER.COOP_THREE_STAGE_VIT.STUDENT_LR 0.00005 TRAINER.COOP_THREE_STAGE_CSC_LTKD.ALPHA 1.0 TRAINER.COOP_THREE_STAGE_CSC_LTKD.BETA 8.0 TRAINER.COOP_THREE_STAGE_CSC_LTKD.TEMPERATURE 4.0 TRAINER.COOP_THREE_STAGE_CSC_LTKD.WARMUP 20
2058142 kworker/u389:3- [kworker/u389:3-hclge]
2058239 kworker/147:1   [kworker/147:1]
2058249 kworker/165:2-e [kworker/165:2-events]
2058494 kworker/54:2-ev [kworker/54:2-events]
2061859 kworker/17:0-ev [kworker/17:0-events]
2062566 python          /home/data4t1/wangjielei/anaconda3/envs/dassl/bin/python train.py --root /home/data4t2/hxwDir/data --seed 1 --trainer CoOpThreeStageCSCTinyViTLTKD --dataset-config-file configs/datasets/long_tail/caltech101_lt.yaml --config-file configs/trainers/CoOp/vit_b16_ep130_three_stage_csc_tiny_vit_ltkd.yaml --output-dir /home/data4t2/czhDir/PromptKD/output/long_tail_three_stage_csc_tiny_vit_ltkd/5m_1k/alpha1.0_beta8.0_T4.0_warmup20/caltech101/longtail_if0.1_ltseed0/seed1_npu0 DATASET.NUM_SHOTS -1 DATASET.LONG_TAIL.IMB_FACTOR 0.1 DATASET.LONG_TAIL.SEED 0 DATALOADER.TRAIN_X.SAMPLER RandomSampler DATALOADER.TEST.BATCH_SIZE 16 OPTIM.MAX_EPOCH 130 TRAINER.COOP_THREE_STAGE_CSC.CSC_START_EPOCH 55 TRAINER.COOP_THREE_STAGE_CSC.PHASE2_LR 0.001 TRAINER.COOP_THREE_STAGE_CSC.PHASE3_LR 0.01 TRAINER.COOP_THREE_STAGE_CSC.BETA 0.9999 TRAINER.COOP_THREE_STAGE_VIT.VARIANT 5m TRAINER.COOP_THREE_STAGE_VIT.PRETRAINED_TYPE 1k TRAINER.COOP_THREE_STAGE_VIT.STUDENT_LR 0.00005 TRAINER.COOP_THREE_STAGE_CSC_LTKD.ALPHA 1.0 TRAINER.COOP_THREE_STAGE_CSC_LTKD.BETA 8.0 TRAINER.COOP_THREE_STAGE_CSC_LTKD.TEMPERATURE 4.0 TRAINER.COOP_THREE_STAGE_CSC_LTKD.WARMUP 20
2062611 python          /home/data4t1/wangjielei/anaconda3/envs/dassl/bin/python train.py --root /home/data4t2/hxwDir/data --seed 1 --trainer CoOpThreeStageCSCTinyViTLTKD --dataset-config-file configs/datasets/long_tail/dtd_lt.yaml --config-file configs/trainers/CoOp/vit_b16_ep130_three_stage_csc_tiny_vit_ltkd.yaml --output-dir /home/data4t2/czhDir/PromptKD/output/long_tail_three_stage_csc_tiny_vit_ltkd/5m_1k/alpha1.0_beta8.0_T4.0_warmup20/dtd/longtail_if0.1_ltseed0/seed1_npu1 DATASET.NUM_SHOTS -1 DATASET.LONG_TAIL.IMB_FACTOR 0.1 DATASET.LONG_TAIL.SEED 0 DATALOADER.TRAIN_X.SAMPLER RandomSampler DATALOADER.TEST.BATCH_SIZE 16 OPTIM.MAX_EPOCH 130 TRAINER.COOP_THREE_STAGE_CSC.CSC_START_EPOCH 55 TRAINER.COOP_THREE_STAGE_CSC.PHASE2_LR 0.001 TRAINER.COOP_THREE_STAGE_CSC.PHASE3_LR 0.01 TRAINER.COOP_THREE_STAGE_CSC.BETA 0.9999 TRAINER.COOP_THREE_STAGE_VIT.VARIANT 5m TRAINER.COOP_THREE_STAGE_VIT.PRETRAINED_TYPE 1k TRAINER.COOP_THREE_STAGE_VIT.STUDENT_LR 0.00005 TRAINER.COOP_THREE_STAGE_CSC_LTKD.ALPHA 1.0 TRAINER.COOP_THREE_STAGE_CSC_LTKD.BETA 8.0 TRAINER.COOP_THREE_STAGE_CSC_LTKD.TEMPERATURE 4.0 TRAINER.COOP_THREE_STAGE_CSC_LTKD.WARMUP 20
2062631 python          /home/data4t1/wangjielei/anaconda3/envs/dassl/bin/python -c from multiprocessing.resource_tracker import main;main(26)
2062632 python          /home/data4t1/wangjielei/anaconda3/envs/dassl/bin/python -c from multiprocessing.forkserver import main; main(26, 30, [], **{})
2062644 python          /home/data4t1/wangjielei/anaconda3/envs/dassl/bin/python train.py --root /home/data4t2/czhDir/data --seed 1 --trainer CoOpThreeStageCSCTinyViTLTKD --dataset-config-file configs/datasets/long_tail/nwpu_resisc45_lt.yaml --config-file configs/trainers/CoOp/vit_b16_ep130_three_stage_csc_tiny_vit_ltkd.yaml --output-dir /home/data4t2/czhDir/PromptKD/output/long_tail_three_stage_csc_tiny_vit_ltkd/5m_1k/alpha1.0_beta8.0_T4.0_warmup20/resisc45/longtail_if0.1_ltseed0/seed1_npu7 DATASET.NUM_SHOTS -1 DATASET.LONG_TAIL.IMB_FACTOR 0.1 DATASET.LONG_TAIL.SEED 0 DATALOADER.TRAIN_X.SAMPLER RandomSampler DATALOADER.TEST.BATCH_SIZE 16 OPTIM.MAX_EPOCH 130 TRAINER.COOP_THREE_STAGE_CSC.CSC_START_EPOCH 55 TRAINER.COOP_THREE_STAGE_CSC.PHASE2_LR 0.001 TRAINER.COOP_THREE_STAGE_CSC.PHASE3_LR 0.01 TRAINER.COOP_THREE_STAGE_CSC.BETA 0.9999 TRAINER.COOP_THREE_STAGE_VIT.VARIANT 5m TRAINER.COOP_THREE_STAGE_VIT.PRETRAINED_TYPE 1k TRAINER.COOP_THREE_STAGE_VIT.STUDENT_LR 0.00005 TRAINER.COOP_THREE_STAGE_CSC_LTKD.ALPHA 1.0 TRAINER.COOP_THREE_STAGE_CSC_LTKD.BETA 8.0 TRAINER.COOP_THREE_STAGE_CSC_LTKD.TEMPERATURE 4.0 TRAINER.COOP_THREE_STAGE_CSC_LTKD.WARMUP 20
2062670 python          /home/data4t1/wangjielei/anaconda3/envs/dassl/bin/python -c from multiprocessing.forkserver import main; main(26, 30, [], **{})
2062679 python          /home/data4t1/wangjielei/anaconda3/envs/dassl/bin/python -c from multiprocessing.forkserver import main; main(26, 30, [], **{})
2062690 python          /home/data4t1/wangjielei/anaconda3/envs/dassl/bin/python -c from multiprocessing.forkserver import main; main(26, 30, [], **{})
2062701 python          /home/data4t1/wangjielei/anaconda3/envs/dassl/bin/python -c from multiprocessing.forkserver import main; main(26, 30, [], **{})
2062708 python          /home/data4t1/wangjielei/anaconda3/envs/dassl/bin/python -c from multiprocessing.forkserver import main; main(26, 30, [], **{})
2062716 python          /home/data4t1/wangjielei/anaconda3/envs/dassl/bin/python train.py --root /home/data4t2/hxwDir/data --seed 1 --trainer CoOpThreeStageCSCTinyViTLTKD --dataset-config-file configs/datasets/long_tail/eurosat_lt.yaml --config-file configs/trainers/CoOp/vit_b16_ep130_three_stage_csc_tiny_vit_ltkd.yaml --output-dir /home/data4t2/czhDir/PromptKD/output/long_tail_three_stage_csc_tiny_vit_ltkd/5m_1k/alpha1.0_beta8.0_T4.0_warmup20/eurosat/longtail_if0.1_ltseed0/seed1_npu2 DATASET.NUM_SHOTS -1 DATASET.LONG_TAIL.IMB_FACTOR 0.1 DATASET.LONG_TAIL.SEED 0 DATALOADER.TRAIN_X.SAMPLER RandomSampler DATALOADER.TEST.BATCH_SIZE 16 OPTIM.MAX_EPOCH 130 TRAINER.COOP_THREE_STAGE_CSC.CSC_START_EPOCH 55 TRAINER.COOP_THREE_STAGE_CSC.PHASE2_LR 0.001 TRAINER.COOP_THREE_STAGE_CSC.PHASE3_LR 0.01 TRAINER.COOP_THREE_STAGE_CSC.BETA 0.9999 TRAINER.COOP_THREE_STAGE_VIT.VARIANT 5m TRAINER.COOP_THREE_STAGE_VIT.PRETRAINED_TYPE 1k TRAINER.COOP_THREE_STAGE_VIT.STUDENT_LR 0.00005 TRAINER.COOP_THREE_STAGE_CSC_LTKD.ALPHA 1.0 TRAINER.COOP_THREE_STAGE_CSC_LTKD.BETA 8.0 TRAINER.COOP_THREE_STAGE_CSC_LTKD.TEMPERATURE 4.0 TRAINER.COOP_THREE_STAGE_CSC_LTKD.WARMUP 20
2062717 python          /home/data4t1/wangjielei/anaconda3/envs/dassl/bin/python -c from multiprocessing.forkserver import main; main(26, 30, [], **{})
2062722 python          /home/data4t1/wangjielei/anaconda3/envs/dassl/bin/python -c from multiprocessing.forkserver import main; main(26, 30, [], **{})
2062730 python          /home/data4t1/wangjielei/anaconda3/envs/dassl/bin/python -c from multiprocessing.forkserver import main; main(26, 30, [], **{})
2062743 python          /home/data4t1/wangjielei/anaconda3/envs/dassl/bin/python -c from multiprocessing.forkserver import main; main(26, 30, [], **{})
2062749 python          /home/data4t1/wangjielei/anaconda3/envs/dassl/bin/python -c from multiprocessing.resource_tracker import main;main(27)
2062750 python          /home/data4t1/wangjielei/anaconda3/envs/dassl/bin/python -c from multiprocessing.forkserver import main; main(27, 30, [], **{})
2062818 python          /home/data4t1/wangjielei/anaconda3/envs/dassl/bin/python -c from multiprocessing.forkserver import main; main(27, 30, [], **{})
2062832 python          /home/data4t1/wangjielei/anaconda3/envs/dassl/bin/python -c from multiprocessing.forkserver import main; main(27, 30, [], **{})
2062840 python          /home/data4t1/wangjielei/anaconda3/envs/dassl/bin/python -c from multiprocessing.forkserver import main; main(27, 30, [], **{})
2062846 python          /home/data4t1/wangjielei/anaconda3/envs/dassl/bin/python -c from multiprocessing.forkserver import main; main(27, 30, [], **{})
2062855 python          /home/data4t1/wangjielei/anaconda3/envs/dassl/bin/python -c from multiprocessing.forkserver import main; main(27, 30, [], **{})
2062863 python          /home/data4t1/wangjielei/anaconda3/envs/dassl/bin/python -c from multiprocessing.forkserver import main; main(27, 30, [], **{})
2062868 python          /home/data4t1/wangjielei/anaconda3/envs/dassl/bin/python -c from multiprocessing.forkserver import main; main(27, 30, [], **{})
2062876 python          /home/data4t1/wangjielei/anaconda3/envs/dassl/bin/python -c from multiprocessing.forkserver import main; main(27, 30, [], **{})
2062880 python          /home/data4t1/wangjielei/anaconda3/envs/dassl/bin/python -c from multiprocessing.forkserver import main; main(27, 30, [], **{})
2062886 python          /home/data4t1/wangjielei/anaconda3/envs/dassl/bin/python -c from multiprocessing.resource_tracker import main;main(27)
2062890 python          /home/data4t1/wangjielei/anaconda3/envs/dassl/bin/python -c from multiprocessing.forkserver import main; main(27, 30, [], **{})
2062892 python          /home/data4t1/wangjielei/anaconda3/envs/dassl/bin/python -c from multiprocessing.resource_tracker import main;main(27)
2062893 python          /home/data4t1/wangjielei/anaconda3/envs/dassl/bin/python -c from multiprocessing.forkserver import main; main(27, 30, [], **{})
2062894 python          /home/data4t1/wangjielei/anaconda3/envs/dassl/bin/python -c from multiprocessing.forkserver import main; main(27, 30, [], **{})
2062895 python          /home/data4t1/wangjielei/anaconda3/envs/dassl/bin/python -c from multiprocessing.forkserver import main; main(27, 30, [], **{})
2062896 python          /home/data4t1/wangjielei/anaconda3/envs/dassl/bin/python -c from multiprocessing.forkserver import main; main(27, 30, [], **{})
2062897 python          /home/data4t1/wangjielei/anaconda3/envs/dassl/bin/python -c from multiprocessing.forkserver import main; main(27, 30, [], **{})
2062898 python          /home/data4t1/wangjielei/anaconda3/envs/dassl/bin/python -c from multiprocessing.forkserver import main; main(27, 30, [], **{})
2062899 python          /home/data4t1/wangjielei/anaconda3/envs/dassl/bin/python -c from multiprocessing.forkserver import main; main(27, 30, [], **{})
2062900 python          /home/data4t1/wangjielei/anaconda3/envs/dassl/bin/python -c from multiprocessing.forkserver import main; main(27, 30, [], **{})
2062901 python          /home/data4t1/wangjielei/anaconda3/envs/dassl/bin/python -c from multiprocessing.forkserver import main; main(27, 30, [], **{})
2062902 python          /home/data4t1/wangjielei/anaconda3/envs/dassl/bin/python -c from multiprocessing.forkserver import main; main(27, 30, [], **{})
2062903 python          /home/data4t1/wangjielei/anaconda3/envs/dassl/bin/python -c from multiprocessing.forkserver import main; main(27, 30, [], **{})
2062904 python          /home/data4t1/wangjielei/anaconda3/envs/dassl/bin/python -c from multiprocessing.forkserver import main; main(27, 30, [], **{})
2062905 python          /home/data4t1/wangjielei/anaconda3/envs/dassl/bin/python -c from multiprocessing.forkserver import main; main(27, 30, [], **{})
2062906 python          /home/data4t1/wangjielei/anaconda3/envs/dassl/bin/python -c from multiprocessing.forkserver import main; main(27, 30, [], **{})
2062907 python          /home/data4t1/wangjielei/anaconda3/envs/dassl/bin/python -c from multiprocessing.forkserver import main; main(27, 30, [], **{})
2062908 python          /home/data4t1/wangjielei/anaconda3/envs/dassl/bin/python -c from multiprocessing.forkserver import main; main(27, 30, [], **{})
2062909 python          /home/data4t1/wangjielei/anaconda3/envs/dassl/bin/python -c from multiprocessing.forkserver import main; main(27, 30, [], **{})
2062910 python          /home/data4t1/wangjielei/anaconda3/envs/dassl/bin/python -c from multiprocessing.forkserver import main; main(27, 30, [], **{})
2062911 python          /home/data4t1/wangjielei/anaconda3/envs/dassl/bin/python -c from multiprocessing.forkserver import main; main(27, 30, [], **{})
2062955 python          /home/data4t1/wangjielei/anaconda3/envs/dassl/bin/python train.py --root /home/data4t2/hxwDir/data --seed 1 --trainer CoOpThreeStageCSCTinyViTLTKD --dataset-config-file configs/datasets/long_tail/fgvc_aircraft_lt.yaml --config-file configs/trainers/CoOp/vit_b16_ep130_three_stage_csc_tiny_vit_ltkd.yaml --output-dir /home/data4t2/czhDir/PromptKD/output/long_tail_three_stage_csc_tiny_vit_ltkd/5m_1k/alpha1.0_beta8.0_T4.0_warmup20/aircraft/longtail_if0.1_ltseed0/seed1_npu3 DATASET.NUM_SHOTS -1 DATASET.LONG_TAIL.IMB_FACTOR 0.1 DATASET.LONG_TAIL.SEED 0 DATALOADER.TRAIN_X.SAMPLER RandomSampler DATALOADER.TEST.BATCH_SIZE 16 OPTIM.MAX_EPOCH 130 TRAINER.COOP_THREE_STAGE_CSC.CSC_START_EPOCH 55 TRAINER.COOP_THREE_STAGE_CSC.PHASE2_LR 0.001 TRAINER.COOP_THREE_STAGE_CSC.PHASE3_LR 0.01 TRAINER.COOP_THREE_STAGE_CSC.BETA 0.9999 TRAINER.COOP_THREE_STAGE_VIT.VARIANT 5m TRAINER.COOP_THREE_STAGE_VIT.PRETRAINED_TYPE 1k TRAINER.COOP_THREE_STAGE_VIT.STUDENT_LR 0.00005 TRAINER.COOP_THREE_STAGE_CSC_LTKD.ALPHA 1.0 TRAINER.COOP_THREE_STAGE_CSC_LTKD.BETA 8.0 TRAINER.COOP_THREE_STAGE_CSC_LTKD.TEMPERATURE 4.0 TRAINER.COOP_THREE_STAGE_CSC_LTKD.WARMUP 20
2063011 python          /home/data4t1/wangjielei/anaconda3/envs/dassl/bin/python -c from multiprocessing.resource_tracker import main;main(27)
2063012 python          /home/data4t1/wangjielei/anaconda3/envs/dassl/bin/python -c from multiprocessing.forkserver import main; main(27, 30, [], **{})
2063013 python          /home/data4t1/wangjielei/anaconda3/envs/dassl/bin/python -c from multiprocessing.forkserver import main; main(27, 30, [], **{})
2063014 python          /home/data4t1/wangjielei/anaconda3/envs/dassl/bin/python -c from multiprocessing.forkserver import main; main(27, 30, [], **{})
2063015 python          /home/data4t1/wangjielei/anaconda3/envs/dassl/bin/python -c from multiprocessing.forkserver import main; main(27, 30, [], **{})
2063016 python          /home/data4t1/wangjielei/anaconda3/envs/dassl/bin/python -c from multiprocessing.forkserver import main; main(27, 30, [], **{})
2063017 python          /home/data4t1/wangjielei/anaconda3/envs/dassl/bin/python -c from multiprocessing.forkserver import main; main(27, 30, [], **{})
2063018 python          /home/data4t1/wangjielei/anaconda3/envs/dassl/bin/python -c from multiprocessing.forkserver import main; main(27, 30, [], **{})
2063019 python          /home/data4t1/wangjielei/anaconda3/envs/dassl/bin/python -c from multiprocessing.forkserver import main; main(27, 30, [], **{})
2063020 python          /home/data4t1/wangjielei/anaconda3/envs/dassl/bin/python -c from multiprocessing.forkserver import main; main(27, 30, [], **{})
2063021 python          /home/data4t1/wangjielei/anaconda3/envs/dassl/bin/python -c from multiprocessing.forkserver import main; main(27, 30, [], **{})
2063153 python          /home/data4t1/wangjielei/anaconda3/envs/dassl/bin/python -c from multiprocessing.forkserver import main; main(26, 30, [], **{})
2063154 python          /home/data4t1/wangjielei/anaconda3/envs/dassl/bin/python -c from multiprocessing.forkserver import main; main(26, 30, [], **{})
2063155 python          /home/data4t1/wangjielei/anaconda3/envs/dassl/bin/python -c from multiprocessing.forkserver import main; main(26, 30, [], **{})
2063156 python          /home/data4t1/wangjielei/anaconda3/envs/dassl/bin/python -c from multiprocessing.forkserver import main; main(26, 30, [], **{})
2063157 python          /home/data4t1/wangjielei/anaconda3/envs/dassl/bin/python -c from multiprocessing.forkserver import main; main(26, 30, [], **{})
2063158 python          /home/data4t1/wangjielei/anaconda3/envs/dassl/bin/python -c from multiprocessing.forkserver import main; main(26, 30, [], **{})
2063159 python          /home/data4t1/wangjielei/anaconda3/envs/dassl/bin/python -c from multiprocessing.forkserver import main; main(26, 30, [], **{})
2063160 python          /home/data4t1/wangjielei/anaconda3/envs/dassl/bin/python -c from multiprocessing.forkserver import main; main(26, 30, [], **{})
2063161 python          /home/data4t1/wangjielei/anaconda3/envs/dassl/bin/python -c from multiprocessing.forkserver import main; main(26, 30, [], **{})
2063162 python          /home/data4t1/wangjielei/anaconda3/envs/dassl/bin/python -c from multiprocessing.forkserver import main; main(26, 30, [], **{})
2063163 python          /home/data4t1/wangjielei/anaconda3/envs/dassl/bin/python -c from multiprocessing.forkserver import main; main(26, 30, [], **{})
2063164 python          /home/data4t1/wangjielei/anaconda3/envs/dassl/bin/python -c from multiprocessing.forkserver import main; main(26, 30, [], **{})
2063165 python          /home/data4t1/wangjielei/anaconda3/envs/dassl/bin/python -c from multiprocessing.forkserver import main; main(26, 30, [], **{})
2063166 python          /home/data4t1/wangjielei/anaconda3/envs/dassl/bin/python -c from multiprocessing.forkserver import main; main(26, 30, [], **{})
2063167 python          /home/data4t1/wangjielei/anaconda3/envs/dassl/bin/python -c from multiprocessing.forkserver import main; main(26, 30, [], **{})
2063168 python          /home/data4t1/wangjielei/anaconda3/envs/dassl/bin/python -c from multiprocessing.forkserver import main; main(26, 30, [], **{})
2063169 python          /home/data4t1/wangjielei/anaconda3/envs/dassl/bin/python -c from multiprocessing.forkserver import main; main(26, 30, [], **{})
2063170 python          /home/data4t1/wangjielei/anaconda3/envs/dassl/bin/python -c from multiprocessing.forkserver import main; main(26, 30, [], **{})
2063171 python          /home/data4t1/wangjielei/anaconda3/envs/dassl/bin/python -c from multiprocessing.forkserver import main; main(26, 30, [], **{})
2063172 python          /home/data4t1/wangjielei/anaconda3/envs/dassl/bin/python -c from multiprocessing.forkserver import main; main(26, 30, [], **{})
2063173 python          /home/data4t1/wangjielei/anaconda3/envs/dassl/bin/python -c from multiprocessing.forkserver import main; main(26, 30, [], **{})
2063174 python          /home/data4t1/wangjielei/anaconda3/envs/dassl/bin/python -c from multiprocessing.forkserver import main; main(26, 30, [], **{})
2063175 python          /home/data4t1/wangjielei/anaconda3/envs/dassl/bin/python -c from multiprocessing.forkserver import main; main(26, 30, [], **{})
2063176 python          /home/data4t1/wangjielei/anaconda3/envs/dassl/bin/python -c from multiprocessing.forkserver import main; main(26, 30, [], **{})
2063177 python          /home/data4t1/wangjielei/anaconda3/envs/dassl/bin/python -c from multiprocessing.forkserver import main; main(26, 30, [], **{})
2063178 python          /home/data4t1/wangjielei/anaconda3/envs/dassl/bin/python -c from multiprocessing.forkserver import main; main(26, 30, [], **{})
2063179 python          /home/data4t1/wangjielei/anaconda3/envs/dassl/bin/python -c from multiprocessing.forkserver import main; main(26, 30, [], **{})
2063180 python          /home/data4t1/wangjielei/anaconda3/envs/dassl/bin/python -c from multiprocessing.forkserver import main; main(26, 30, [], **{})
2063181 python          /home/data4t1/wangjielei/anaconda3/envs/dassl/bin/python -c from multiprocessing.forkserver import main; main(26, 30, [], **{})
2063182 python          /home/data4t1/wangjielei/anaconda3/envs/dassl/bin/python -c from multiprocessing.forkserver import main; main(26, 30, [], **{})
2063183 python          /home/data4t1/wangjielei/anaconda3/envs/dassl/bin/python -c from multiprocessing.forkserver import main; main(26, 30, [], **{})
2063184 python          /home/data4t1/wangjielei/anaconda3/envs/dassl/bin/python -c from multiprocessing.forkserver import main; main(26, 30, [], **{})
2063185 python          /home/data4t1/wangjielei/anaconda3/envs/dassl/bin/python -c from multiprocessing.forkserver import main; main(27, 30, [], **{})
2063186 python          /home/data4t1/wangjielei/anaconda3/envs/dassl/bin/python -c from multiprocessing.forkserver import main; main(27, 30, [], **{})
2063187 python          /home/data4t1/wangjielei/anaconda3/envs/dassl/bin/python -c from multiprocessing.forkserver import main; main(27, 30, [], **{})
2063188 python          /home/data4t1/wangjielei/anaconda3/envs/dassl/bin/python -c from multiprocessing.forkserver import main; main(27, 30, [], **{})
2063189 python          /home/data4t1/wangjielei/anaconda3/envs/dassl/bin/python -c from multiprocessing.forkserver import main; main(27, 30, [], **{})
2063190 python          /home/data4t1/wangjielei/anaconda3/envs/dassl/bin/python -c from multiprocessing.forkserver import main; main(27, 30, [], **{})
2063191 python          /home/data4t1/wangjielei/anaconda3/envs/dassl/bin/python -c from multiprocessing.forkserver import main; main(27, 30, [], **{})
2063192 python          /home/data4t1/wangjielei/anaconda3/envs/dassl/bin/python -c from multiprocessing.forkserver import main; main(27, 30, [], **{})
2063193 python          /home/data4t1/wangjielei/anaconda3/envs/dassl/bin/python -c from multiprocessing.forkserver import main; main(27, 30, [], **{})
2063194 python          /home/data4t1/wangjielei/anaconda3/envs/dassl/bin/python -c from multiprocessing.forkserver import main; main(27, 30, [], **{})
2063195 python          /home/data4t1/wangjielei/anaconda3/envs/dassl/bin/python -c from multiprocessing.forkserver import main; main(27, 30, [], **{})
2063196 python          /home/data4t1/wangjielei/anaconda3/envs/dassl/bin/python -c from multiprocessing.forkserver import main; main(27, 30, [], **{})
2063197 python          /home/data4t1/wangjielei/anaconda3/envs/dassl/bin/python -c from multiprocessing.forkserver import main; main(27, 30, [], **{})
2063198 python          /home/data4t1/wangjielei/anaconda3/envs/dassl/bin/python -c from multiprocessing.forkserver import main; main(27, 30, [], **{})
2063199 python          /home/data4t1/wangjielei/anaconda3/envs/dassl/bin/python -c from multiprocessing.forkserver import main; main(27, 30, [], **{})
2063200 python          /home/data4t1/wangjielei/anaconda3/envs/dassl/bin/python -c from multiprocessing.forkserver import main; main(27, 30, [], **{})
2063201 python          /home/data4t1/wangjielei/anaconda3/envs/dassl/bin/python -c from multiprocessing.forkserver import main; main(27, 30, [], **{})
2063202 python          /home/data4t1/wangjielei/anaconda3/envs/dassl/bin/python -c from multiprocessing.forkserver import main; main(27, 30, [], **{})
2063203 python          /home/data4t1/wangjielei/anaconda3/envs/dassl/bin/python -c from multiprocessing.forkserver import main; main(27, 30, [], **{})
2063204 python          /home/data4t1/wangjielei/anaconda3/envs/dassl/bin/python -c from multiprocessing.forkserver import main; main(27, 30, [], **{})
2063205 python          /home/data4t1/wangjielei/anaconda3/envs/dassl/bin/python -c from multiprocessing.forkserver import main; main(27, 30, [], **{})
2063206 python          /home/data4t1/wangjielei/anaconda3/envs/dassl/bin/python -c from multiprocessing.forkserver import main; main(27, 30, [], **{})
2063207 python          /home/data4t1/wangjielei/anaconda3/envs/dassl/bin/python -c from multiprocessing.forkserver import main; main(27, 30, [], **{})
2063208 python          /home/data4t1/wangjielei/anaconda3/envs/dassl/bin/python -c from multiprocessing.forkserver import main; main(27, 30, [], **{})
2063209 python          /home/data4t1/wangjielei/anaconda3/envs/dassl/bin/python -c from multiprocessing.forkserver import main; main(27, 30, [], **{})
2063210 python          /home/data4t1/wangjielei/anaconda3/envs/dassl/bin/python -c from multiprocessing.forkserver import main; main(27, 30, [], **{})
2063211 python          /home/data4t1/wangjielei/anaconda3/envs/dassl/bin/python -c from multiprocessing.forkserver import main; main(27, 30, [], **{})
2063212 python          /home/data4t1/wangjielei/anaconda3/envs/dassl/bin/python -c from multiprocessing.forkserver import main; main(27, 30, [], **{})
2063213 python          /home/data4t1/wangjielei/anaconda3/envs/dassl/bin/python -c from multiprocessing.forkserver import main; main(27, 30, [], **{})
2063214 python          /home/data4t1/wangjielei/anaconda3/envs/dassl/bin/python -c from multiprocessing.forkserver import main; main(27, 30, [], **{})
2063215 python          /home/data4t1/wangjielei/anaconda3/envs/dassl/bin/python -c from multiprocessing.forkserver import main; main(27, 30, [], **{})
2063216 python          /home/data4t1/wangjielei/anaconda3/envs/dassl/bin/python -c from multiprocessing.forkserver import main; main(27, 30, [], **{})
2063220 python          /home/data4t1/wangjielei/anaconda3/envs/dassl/bin/python -c from multiprocessing.forkserver import main; main(27, 30, [], **{})
2063221 python          /home/data4t1/wangjielei/anaconda3/envs/dassl/bin/python -c from multiprocessing.forkserver import main; main(27, 30, [], **{})
2063222 python          /home/data4t1/wangjielei/anaconda3/envs/dassl/bin/python -c from multiprocessing.forkserver import main; main(27, 30, [], **{})
2063223 python          /home/data4t1/wangjielei/anaconda3/envs/dassl/bin/python -c from multiprocessing.forkserver import main; main(27, 30, [], **{})
2063225 python          /home/data4t1/wangjielei/anaconda3/envs/dassl/bin/python -c from multiprocessing.forkserver import main; main(27, 30, [], **{})
2063226 python          /home/data4t1/wangjielei/anaconda3/envs/dassl/bin/python -c from multiprocessing.forkserver import main; main(27, 30, [], **{})
2063228 python          /home/data4t1/wangjielei/anaconda3/envs/dassl/bin/python -c from multiprocessing.forkserver import main; main(27, 30, [], **{})
2063231 python          /home/data4t1/wangjielei/anaconda3/envs/dassl/bin/python -c from multiprocessing.forkserver import main; main(27, 30, [], **{})
2063232 python          /home/data4t1/wangjielei/anaconda3/envs/dassl/bin/python -c from multiprocessing.forkserver import main; main(27, 30, [], **{})
2063235 python          /home/data4t1/wangjielei/anaconda3/envs/dassl/bin/python -c from multiprocessing.forkserver import main; main(27, 30, [], **{})
2063237 python          /home/data4t1/wangjielei/anaconda3/envs/dassl/bin/python -c from multiprocessing.forkserver import main; main(27, 30, [], **{})
2063238 python          /home/data4t1/wangjielei/anaconda3/envs/dassl/bin/python -c from multiprocessing.forkserver import main; main(27, 30, [], **{})
2063239 python          /home/data4t1/wangjielei/anaconda3/envs/dassl/bin/python -c from multiprocessing.forkserver import main; main(27, 30, [], **{})
2063241 python          /home/data4t1/wangjielei/anaconda3/envs/dassl/bin/python -c from multiprocessing.forkserver import main; main(27, 30, [], **{})
2063243 python          /home/data4t1/wangjielei/anaconda3/envs/dassl/bin/python -c from multiprocessing.forkserver import main; main(27, 30, [], **{})
2063244 python          /home/data4t1/wangjielei/anaconda3/envs/dassl/bin/python -c from multiprocessing.forkserver import main; main(27, 30, [], **{})
2063245 python          /home/data4t1/wangjielei/anaconda3/envs/dassl/bin/python -c from multiprocessing.forkserver import main; main(27, 30, [], **{})
2063246 python          /home/data4t1/wangjielei/anaconda3/envs/dassl/bin/python -c from multiprocessing.forkserver import main; main(27, 30, [], **{})
2063248 python          /home/data4t1/wangjielei/anaconda3/envs/dassl/bin/python -c from multiprocessing.forkserver import main; main(27, 30, [], **{})
2063249 python          /home/data4t1/wangjielei/anaconda3/envs/dassl/bin/python -c from multiprocessing.forkserver import main; main(27, 30, [], **{})
2063250 python          /home/data4t1/wangjielei/anaconda3/envs/dassl/bin/python -c from multiprocessing.forkserver import main; main(27, 30, [], **{})
2063251 python          /home/data4t1/wangjielei/anaconda3/envs/dassl/bin/python -c from multiprocessing.forkserver import main; main(27, 30, [], **{})
2063256 python          /home/data4t1/wangjielei/anaconda3/envs/dassl/bin/python -c from multiprocessing.forkserver import main; main(27, 30, [], **{})
2063257 python          /home/data4t1/wangjielei/anaconda3/envs/dassl/bin/python -c from multiprocessing.forkserver import main; main(27, 30, [], **{})
2063258 python          /home/data4t1/wangjielei/anaconda3/envs/dassl/bin/python -c from multiprocessing.forkserver import main; main(27, 30, [], **{})
2063260 python          /home/data4t1/wangjielei/anaconda3/envs/dassl/bin/python -c from multiprocessing.forkserver import main; main(27, 30, [], **{})
2063264 python          /home/data4t1/wangjielei/anaconda3/envs/dassl/bin/python -c from multiprocessing.forkserver import main; main(27, 30, [], **{})
2063265 python          /home/data4t1/wangjielei/anaconda3/envs/dassl/bin/python -c from multiprocessing.forkserver import main; main(27, 30, [], **{})
2063266 python          /home/data4t1/wangjielei/anaconda3/envs/dassl/bin/python -c from multiprocessing.forkserver import main; main(27, 30, [], **{})
2063267 python          /home/data4t1/wangjielei/anaconda3/envs/dassl/bin/python -c from multiprocessing.forkserver import main; main(27, 30, [], **{})
2063270 python          /home/data4t1/wangjielei/anaconda3/envs/dassl/bin/python -c from multiprocessing.forkserver import main; main(27, 30, [], **{})
2063271 python          /home/data4t1/wangjielei/anaconda3/envs/dassl/bin/python -c from multiprocessing.forkserver import main; main(27, 30, [], **{})
2063290 python          /home/data4t1/wangjielei/anaconda3/envs/dassl/bin/python -c from multiprocessing.forkserver import main; main(27, 30, [], **{})
2063291 python          /home/data4t1/wangjielei/anaconda3/envs/dassl/bin/python -c from multiprocessing.forkserver import main; main(27, 30, [], **{})
2063293 python          /home/data4t1/wangjielei/anaconda3/envs/dassl/bin/python -c from multiprocessing.forkserver import main; main(27, 30, [], **{})
2063294 python          /home/data4t1/wangjielei/anaconda3/envs/dassl/bin/python -c from multiprocessing.forkserver import main; main(27, 30, [], **{})
2063295 python          /home/data4t1/wangjielei/anaconda3/envs/dassl/bin/python -c from multiprocessing.forkserver import main; main(27, 30, [], **{})
2063296 python          /home/data4t1/wangjielei/anaconda3/envs/dassl/bin/python -c from multiprocessing.forkserver import main; main(27, 30, [], **{})
2063297 python          /home/data4t1/wangjielei/anaconda3/envs/dassl/bin/python -c from multiprocessing.forkserver import main; main(27, 30, [], **{})
2063302 python          /home/data4t1/wangjielei/anaconda3/envs/dassl/bin/python -c from multiprocessing.forkserver import main; main(27, 30, [], **{})
2063303 python          /home/data4t1/wangjielei/anaconda3/envs/dassl/bin/python -c from multiprocessing.forkserver import main; main(27, 30, [], **{})
2063304 python          /home/data4t1/wangjielei/anaconda3/envs/dassl/bin/python -c from multiprocessing.forkserver import main; main(27, 30, [], **{})
2063306 python          /home/data4t1/wangjielei/anaconda3/envs/dassl/bin/python -c from multiprocessing.forkserver import main; main(27, 30, [], **{})
2063307 python          /home/data4t1/wangjielei/anaconda3/envs/dassl/bin/python -c from multiprocessing.forkserver import main; main(27, 30, [], **{})
2063308 python          /home/data4t1/wangjielei/anaconda3/envs/dassl/bin/python -c from multiprocessing.forkserver import main; main(27, 30, [], **{})
2063312 python          /home/data4t1/wangjielei/anaconda3/envs/dassl/bin/python -c from multiprocessing.forkserver import main; main(27, 30, [], **{})
2063313 python          /home/data4t1/wangjielei/anaconda3/envs/dassl/bin/python -c from multiprocessing.forkserver import main; main(27, 30, [], **{})
2063314 python          /home/data4t1/wangjielei/anaconda3/envs/dassl/bin/python -c from multiprocessing.forkserver import main; main(27, 30, [], **{})
2063315 python          /home/data4t1/wangjielei/anaconda3/envs/dassl/bin/python -c from multiprocessing.forkserver import main; main(27, 30, [], **{})
2063318 python          /home/data4t1/wangjielei/anaconda3/envs/dassl/bin/python -c from multiprocessing.forkserver import main; main(27, 30, [], **{})
2063320 python          /home/data4t1/wangjielei/anaconda3/envs/dassl/bin/python -c from multiprocessing.forkserver import main; main(27, 30, [], **{})
2063321 python          /home/data4t1/wangjielei/anaconda3/envs/dassl/bin/python -c from multiprocessing.forkserver import main; main(27, 30, [], **{})
2063322 python          /home/data4t1/wangjielei/anaconda3/envs/dassl/bin/python -c from multiprocessing.forkserver import main; main(27, 30, [], **{})
2063323 python          /home/data4t1/wangjielei/anaconda3/envs/dassl/bin/python -c from multiprocessing.forkserver import main; main(27, 30, [], **{})
2063324 python          /home/data4t1/wangjielei/anaconda3/envs/dassl/bin/python -c from multiprocessing.forkserver import main; main(27, 30, [], **{})
2063325 python          /home/data4t1/wangjielei/anaconda3/envs/dassl/bin/python -c from multiprocessing.forkserver import main; main(27, 30, [], **{})
2063326 python          /home/data4t1/wangjielei/anaconda3/envs/dassl/bin/python -c from multiprocessing.forkserver import main; main(27, 30, [], **{})
2063327 python          /home/data4t1/wangjielei/anaconda3/envs/dassl/bin/python -c from multiprocessing.forkserver import main; main(27, 30, [], **{})
2063328 python          /home/data4t1/wangjielei/anaconda3/envs/dassl/bin/python -c from multiprocessing.forkserver import main; main(27, 30, [], **{})
2063329 python          /home/data4t1/wangjielei/anaconda3/envs/dassl/bin/python -c from multiprocessing.forkserver import main; main(27, 30, [], **{})
2063330 python          /home/data4t1/wangjielei/anaconda3/envs/dassl/bin/python -c from multiprocessing.forkserver import main; main(27, 30, [], **{})
2063331 python          /home/data4t1/wangjielei/anaconda3/envs/dassl/bin/python -c from multiprocessing.forkserver import main; main(27, 30, [], **{})
2063332 python          /home/data4t1/wangjielei/anaconda3/envs/dassl/bin/python -c from multiprocessing.forkserver import main; main(27, 30, [], **{})
2063333 python          /home/data4t1/wangjielei/anaconda3/envs/dassl/bin/python -c from multiprocessing.forkserver import main; main(27, 30, [], **{})
2063452 python          /home/data4t1/wangjielei/anaconda3/envs/dassl/bin/python -c from multiprocessing.forkserver import main; main(27, 30, [], **{})
2063453 python          /home/data4t1/wangjielei/anaconda3/envs/dassl/bin/python -c from multiprocessing.forkserver import main; main(27, 30, [], **{})
2063456 python          /home/data4t1/wangjielei/anaconda3/envs/dassl/bin/python -c from multiprocessing.forkserver import main; main(27, 30, [], **{})
2063458 python          /home/data4t1/wangjielei/anaconda3/envs/dassl/bin/python -c from multiprocessing.forkserver import main; main(27, 30, [], **{})
2063460 python          /home/data4t1/wangjielei/anaconda3/envs/dassl/bin/python -c from multiprocessing.forkserver import main; main(27, 30, [], **{})
2063462 python          /home/data4t1/wangjielei/anaconda3/envs/dassl/bin/python -c from multiprocessing.forkserver import main; main(27, 30, [], **{})
2063463 python          /home/data4t1/wangjielei/anaconda3/envs/dassl/bin/python -c from multiprocessing.forkserver import main; main(27, 30, [], **{})
2063466 python          /home/data4t1/wangjielei/anaconda3/envs/dassl/bin/python -c from multiprocessing.forkserver import main; main(27, 30, [], **{})
2063469 python          /home/data4t1/wangjielei/anaconda3/envs/dassl/bin/python -c from multiprocessing.forkserver import main; main(27, 30, [], **{})
2063471 python          /home/data4t1/wangjielei/anaconda3/envs/dassl/bin/python -c from multiprocessing.forkserver import main; main(27, 30, [], **{})
2063475 python          /home/data4t1/wangjielei/anaconda3/envs/dassl/bin/python -c from multiprocessing.forkserver import main; main(27, 30, [], **{})
2063477 python          /home/data4t1/wangjielei/anaconda3/envs/dassl/bin/python -c from multiprocessing.forkserver import main; main(27, 30, [], **{})
2063481 python          /home/data4t1/wangjielei/anaconda3/envs/dassl/bin/python -c from multiprocessing.forkserver import main; main(27, 30, [], **{})
2063484 python          /home/data4t1/wangjielei/anaconda3/envs/dassl/bin/python -c from multiprocessing.forkserver import main; main(27, 30, [], **{})
2063487 python          /home/data4t1/wangjielei/anaconda3/envs/dassl/bin/python -c from multiprocessing.forkserver import main; main(27, 30, [], **{})
2063489 python          /home/data4t1/wangjielei/anaconda3/envs/dassl/bin/python -c from multiprocessing.forkserver import main; main(27, 30, [], **{})
2063492 python          /home/data4t1/wangjielei/anaconda3/envs/dassl/bin/python -c from multiprocessing.forkserver import main; main(27, 30, [], **{})
2063493 python          /home/data4t1/wangjielei/anaconda3/envs/dassl/bin/python -c from multiprocessing.forkserver import main; main(27, 30, [], **{})
2063494 python          /home/data4t1/wangjielei/anaconda3/envs/dassl/bin/python -c from multiprocessing.forkserver import main; main(27, 30, [], **{})
2063495 python          /home/data4t1/wangjielei/anaconda3/envs/dassl/bin/python -c from multiprocessing.forkserver import main; main(27, 30, [], **{})
2063496 python          /home/data4t1/wangjielei/anaconda3/envs/dassl/bin/python -c from multiprocessing.forkserver import main; main(27, 30, [], **{})
2063497 python          /home/data4t1/wangjielei/anaconda3/envs/dassl/bin/python -c from multiprocessing.forkserver import main; main(27, 30, [], **{})
2063499 python          /home/data4t1/wangjielei/anaconda3/envs/dassl/bin/python -c from multiprocessing.forkserver import main; main(27, 30, [], **{})
2063500 python          /home/data4t1/wangjielei/anaconda3/envs/dassl/bin/python -c from multiprocessing.forkserver import main; main(27, 30, [], **{})
2063502 python          /home/data4t1/wangjielei/anaconda3/envs/dassl/bin/python -c from multiprocessing.forkserver import main; main(27, 30, [], **{})
2063504 python          /home/data4t1/wangjielei/anaconda3/envs/dassl/bin/python -c from multiprocessing.forkserver import main; main(27, 30, [], **{})
2063507 python          /home/data4t1/wangjielei/anaconda3/envs/dassl/bin/python -c from multiprocessing.forkserver import main; main(27, 30, [], **{})
2063509 python          /home/data4t1/wangjielei/anaconda3/envs/dassl/bin/python -c from multiprocessing.forkserver import main; main(27, 30, [], **{})
2063514 python          /home/data4t1/wangjielei/anaconda3/envs/dassl/bin/python -c from multiprocessing.forkserver import main; main(27, 30, [], **{})
2063515 python          /home/data4t1/wangjielei/anaconda3/envs/dassl/bin/python -c from multiprocessing.forkserver import main; main(27, 30, [], **{})
2063516 python          /home/data4t1/wangjielei/anaconda3/envs/dassl/bin/python -c from multiprocessing.forkserver import main; main(27, 30, [], **{})
2063518 python          /home/data4t1/wangjielei/anaconda3/envs/dassl/bin/python -c from multiprocessing.forkserver import main; main(27, 30, [], **{})
2067443 kworker/8:1-eve [kworker/8:1-events]
2070637 kworker/60:1-mm [kworker/60:1-mm_percpu_wq]
2070948 kworker/u391:2- [kworker/u391:2-events_unbound]
2071663 kworker/146:2-m [kworker/146:2-mm_percpu_wq]
2072346 kworker/109:0-e [kworker/109:0-events]
2073754 kworker/101:0-e [kworker/101:0-events]
2075994 kworker/115:2-m [kworker/115:2-mm_percpu_wq]
2077137 kworker/113:0-e [kworker/113:0-events]
2078671 kworker/u393:5+ [kworker/u393:5+dev1_sq_send_wq]
2078740 kworker/u384:5- [kworker/u384:5-dev1_sq_fair_wq]
2078938 kworker/u393:9+ [kworker/u393:9+dev5_sq_send_wq]
2081845 sleep           sleep 600
2083268 kworker/43:1-mm [kworker/43:1-mm_percpu_wq]
2085701 kworker/33:2-ev [kworker/33:2-events]
2086750 kworker/2:0-eve [kworker/2:0-events]
2088471 kworker/168:0-e [kworker/168:0-events]
2089644 kworker/u384:8- [kworker/u384:8-dev1_sq_fair_wq]
2090366 kworker/69:2-mm [kworker/69:2-mm_percpu_wq]
2090579 sleep           sleep 600
2090771 kworker/174:0-m [kworker/174:0-mm_percpu_wq]
2091319 kworker/6:2-eve [kworker/6:2-events]
2092415 kworker/128:0-m [kworker/128:0-mm_percpu_wq]
2094627 kworker/98:0-ev [kworker/98:0-events]
2097800 kworker/169:0-e [kworker/169:0-events]
2098098 kworker/7:2-eve [kworker/7:2-events]
2099660 kworker/173:2-e [kworker/173:2-events]
2099849 kworker/187:0-e [kworker/187:0-events]
2100087 ping            ping -n -W 3000 -c 1 -s 56 www.trae.cn
2102468 kworker/27:0-ev [kworker/27:0-events]
2103628 kworker/23:2-ev [kworker/23:2-events]
2103867 kworker/13:2-ev [kworker/13:2-events]
2103964 kworker/106:0-e [kworker/106:0-events]
2104482 kworker/9:2-mm_ [kworker/9:2-mm_percpu_wq]
2106473 kworker/55:1-ev [kworker/55:1-events]
2106526 kworker/5:0-eve [kworker/5:0-events]
2107145 kworker/181:2-e [kworker/181:2-events]
2107368 kworker/188:1-e [kworker/188:1-events]
2110339 kworker/26:2-ev [kworker/26:2-events]
2111900 kworker/u390:1- [kworker/u390:1-flush-8:0]
2112426 kworker/46:1-ev [kworker/46:1-events]
2113449 kworker/180:1-e [kworker/180:1-events]
2114691 kworker/18:1-ev [kworker/18:1-events]
2114915 kworker/1:1-eve [kworker/1:1-events]
2116147 kworker/15:0-ev [kworker/15:0-events]
2117889 kworker/u387:1- [kworker/u387:1-hclge]
2117999 kworker/184:2-e [kworker/184:2-events]
2118016 kworker/3:0-eve [kworker/3:0-events]
2118659 kworker/10:0-pc [kworker/10:0-pcie_msg_workqueue]
2118723 kworker/14:2-ev [kworker/14:2-events]
2121159 kworker/22:1-ev [kworker/22:1-events]
2121353 kworker/171:0-e [kworker/171:0-events]
2121409 kworker/175:0-e [kworker/175:0-events]
2122600 kworker/172:1-e [kworker/172:1-events]
2123056 kworker/12:1-ev [kworker/12:1-events]
2123064 kworker/111:2-m [kworker/111:2-mm_percpu_wq]
2123555 kworker/100:0-e [kworker/100:0-events]
2125456 kworker/0:0-eve [kworker/0:0-events]
2127028 pt_data_worker  /home/data4t1/wangjielei/anaconda3/envs/dassl/bin/python train.py --root /home/data4t2/czhDir/data --seed 1 --trainer CoOpPartCReliabilityCovTinyViT --dataset-config-file configs/datasets/cifar100_lt_if0.1.yaml --config-file configs/trainers/CoOp/vit_b16_ep130_part_c_reliability_cov_tiny_vit.yaml --output-dir /home/data4t2/czhDir/PromptKD/output/part_c_reliability_cov_tiny_vit/5m_1k/cifar100/seed1_if0.1/gated_kappa32_nu8_drift0_cov0.05_min2_eps1e-8 DATASET.NUM_SHOTS -1 DATASET.CIFAR100_LT.IMB_FACTOR 0.1 DATASET.CIFAR100_LT.SEED 0 DATALOADER.TRAIN_X.SAMPLER RandomSampler DATALOADER.TEST.BATCH_SIZE 16 OPTIM.MAX_EPOCH 130 TRAINER.COOP_THREE_STAGE_CSC.CSC_START_EPOCH 55 TRAINER.COOP_THREE_STAGE_CSC.PHASE2_LR 0.001 TRAINER.COOP_THREE_STAGE_CSC.PHASE3_LR 0.01 TRAINER.COOP_THREE_STAGE_CSC.BETA 0.9999 TRAINER.COOP_THREE_STAGE_VIT.VARIANT 5m TRAINER.COOP_THREE_STAGE_VIT.PRETRAINED_TYPE 1k TRAINER.COOP_THREE_STAGE_VIT.STUDENT_LR 0.00005 TRAINER.COOP_PART_C.MODE gated TRAINER.COOP_PART_C.KAPPA 32.000000000000 TRAINER.COOP_PART_C_RELIABILITY.PRIOR_STRENGTH 8.000000000000 TRAINER.COOP_PART_C_RELIABILITY.EPS 1.000000000000e-08 TRAINER.COOP_PART_C_RELIABILITY.DRIFT_WEIGHT 0.000000000000 TRAINER.COOP_THREE_STAGE_CSC_RELATIVE_COV.WEIGHT 5.000000000000e-02 TRAINER.COOP_THREE_STAGE_CSC_RELATIVE_COV.MIN_SAMPLES 2 TRAINER.COOP_THREE_STAGE_CSC_RELATIVE_COV.EPS 1.000000000000e-08
2127081 pt_data_worker  /home/data4t1/wangjielei/anaconda3/envs/dassl/bin/python train.py --root /home/data4t2/czhDir/data --seed 1 --trainer CoOpPartCReliabilityCovTinyViT --dataset-config-file configs/datasets/cifar100_lt_if0.1.yaml --config-file configs/trainers/CoOp/vit_b16_ep130_part_c_reliability_cov_tiny_vit.yaml --output-dir /home/data4t2/czhDir/PromptKD/output/part_c_reliability_cov_tiny_vit/5m_1k/cifar100/seed1_if0.1/gated_kappa32_nu8_drift0_cov0.05_min2_eps1e-8 DATASET.NUM_SHOTS -1 DATASET.CIFAR100_LT.IMB_FACTOR 0.1 DATASET.CIFAR100_LT.SEED 0 DATALOADER.TRAIN_X.SAMPLER RandomSampler DATALOADER.TEST.BATCH_SIZE 16 OPTIM.MAX_EPOCH 130 TRAINER.COOP_THREE_STAGE_CSC.CSC_START_EPOCH 55 TRAINER.COOP_THREE_STAGE_CSC.PHASE2_LR 0.001 TRAINER.COOP_THREE_STAGE_CSC.PHASE3_LR 0.01 TRAINER.COOP_THREE_STAGE_CSC.BETA 0.9999 TRAINER.COOP_THREE_STAGE_VIT.VARIANT 5m TRAINER.COOP_THREE_STAGE_VIT.PRETRAINED_TYPE 1k TRAINER.COOP_THREE_STAGE_VIT.STUDENT_LR 0.00005 TRAINER.COOP_PART_C.MODE gated TRAINER.COOP_PART_C.KAPPA 32.000000000000 TRAINER.COOP_PART_C_RELIABILITY.PRIOR_STRENGTH 8.000000000000 TRAINER.COOP_PART_C_RELIABILITY.EPS 1.000000000000e-08 TRAINER.COOP_PART_C_RELIABILITY.DRIFT_WEIGHT 0.000000000000 TRAINER.COOP_THREE_STAGE_CSC_RELATIVE_COV.WEIGHT 5.000000000000e-02 TRAINER.COOP_THREE_STAGE_CSC_RELATIVE_COV.MIN_SAMPLES 2 TRAINER.COOP_THREE_STAGE_CSC_RELATIVE_COV.EPS 1.000000000000e-08
2127171 pt_data_worker  /home/data4t1/wangjielei/anaconda3/envs/dassl/bin/python train.py --root /home/data4t2/czhDir/data --seed 1 --trainer CoOpPartCReliabilityCovTinyViT --dataset-config-file configs/datasets/cifar100_lt_if0.1.yaml --config-file configs/trainers/CoOp/vit_b16_ep130_part_c_reliability_cov_tiny_vit.yaml --output-dir /home/data4t2/czhDir/PromptKD/output/part_c_reliability_cov_tiny_vit/5m_1k/cifar100/seed1_if0.1/gated_kappa32_nu8_drift0_cov0.05_min2_eps1e-8 DATASET.NUM_SHOTS -1 DATASET.CIFAR100_LT.IMB_FACTOR 0.1 DATASET.CIFAR100_LT.SEED 0 DATALOADER.TRAIN_X.SAMPLER RandomSampler DATALOADER.TEST.BATCH_SIZE 16 OPTIM.MAX_EPOCH 130 TRAINER.COOP_THREE_STAGE_CSC.CSC_START_EPOCH 55 TRAINER.COOP_THREE_STAGE_CSC.PHASE2_LR 0.001 TRAINER.COOP_THREE_STAGE_CSC.PHASE3_LR 0.01 TRAINER.COOP_THREE_STAGE_CSC.BETA 0.9999 TRAINER.COOP_THREE_STAGE_VIT.VARIANT 5m TRAINER.COOP_THREE_STAGE_VIT.PRETRAINED_TYPE 1k TRAINER.COOP_THREE_STAGE_VIT.STUDENT_LR 0.00005 TRAINER.COOP_PART_C.MODE gated TRAINER.COOP_PART_C.KAPPA 32.000000000000 TRAINER.COOP_PART_C_RELIABILITY.PRIOR_STRENGTH 8.000000000000 TRAINER.COOP_PART_C_RELIABILITY.EPS 1.000000000000e-08 TRAINER.COOP_PART_C_RELIABILITY.DRIFT_WEIGHT 0.000000000000 TRAINER.COOP_THREE_STAGE_CSC_RELATIVE_COV.WEIGHT 5.000000000000e-02 TRAINER.COOP_THREE_STAGE_CSC_RELATIVE_COV.MIN_SAMPLES 2 TRAINER.COOP_THREE_STAGE_CSC_RELATIVE_COV.EPS 1.000000000000e-08
2127223 pt_data_worker  /home/data4t1/wangjielei/anaconda3/envs/dassl/bin/python train.py --root /home/data4t2/czhDir/data --seed 1 --trainer CoOpPartCReliabilityCovTinyViT --dataset-config-file configs/datasets/cifar100_lt_if0.1.yaml --config-file configs/trainers/CoOp/vit_b16_ep130_part_c_reliability_cov_tiny_vit.yaml --output-dir /home/data4t2/czhDir/PromptKD/output/part_c_reliability_cov_tiny_vit/5m_1k/cifar100/seed1_if0.1/gated_kappa32_nu8_drift0_cov0.05_min2_eps1e-8 DATASET.NUM_SHOTS -1 DATASET.CIFAR100_LT.IMB_FACTOR 0.1 DATASET.CIFAR100_LT.SEED 0 DATALOADER.TRAIN_X.SAMPLER RandomSampler DATALOADER.TEST.BATCH_SIZE 16 OPTIM.MAX_EPOCH 130 TRAINER.COOP_THREE_STAGE_CSC.CSC_START_EPOCH 55 TRAINER.COOP_THREE_STAGE_CSC.PHASE2_LR 0.001 TRAINER.COOP_THREE_STAGE_CSC.PHASE3_LR 0.01 TRAINER.COOP_THREE_STAGE_CSC.BETA 0.9999 TRAINER.COOP_THREE_STAGE_VIT.VARIANT 5m TRAINER.COOP_THREE_STAGE_VIT.PRETRAINED_TYPE 1k TRAINER.COOP_THREE_STAGE_VIT.STUDENT_LR 0.00005 TRAINER.COOP_PART_C.MODE gated TRAINER.COOP_PART_C.KAPPA 32.000000000000 TRAINER.COOP_PART_C_RELIABILITY.PRIOR_STRENGTH 8.000000000000 TRAINER.COOP_PART_C_RELIABILITY.EPS 1.000000000000e-08 TRAINER.COOP_PART_C_RELIABILITY.DRIFT_WEIGHT 0.000000000000 TRAINER.COOP_THREE_STAGE_CSC_RELATIVE_COV.WEIGHT 5.000000000000e-02 TRAINER.COOP_THREE_STAGE_CSC_RELATIVE_COV.MIN_SAMPLES 2 TRAINER.COOP_THREE_STAGE_CSC_RELATIVE_COV.EPS 1.000000000000e-08
2127270 pt_data_worker  /home/data4t1/wangjielei/anaconda3/envs/dassl/bin/python train.py --root /home/data4t2/czhDir/data --seed 1 --trainer CoOpPartCReliabilityCovTinyViT --dataset-config-file configs/datasets/cifar100_lt_if0.1.yaml --config-file configs/trainers/CoOp/vit_b16_ep130_part_c_reliability_cov_tiny_vit.yaml --output-dir /home/data4t2/czhDir/PromptKD/output/part_c_reliability_cov_tiny_vit/5m_1k/cifar100/seed1_if0.1/gated_kappa32_nu8_drift0_cov0.05_min2_eps1e-8 DATASET.NUM_SHOTS -1 DATASET.CIFAR100_LT.IMB_FACTOR 0.1 DATASET.CIFAR100_LT.SEED 0 DATALOADER.TRAIN_X.SAMPLER RandomSampler DATALOADER.TEST.BATCH_SIZE 16 OPTIM.MAX_EPOCH 130 TRAINER.COOP_THREE_STAGE_CSC.CSC_START_EPOCH 55 TRAINER.COOP_THREE_STAGE_CSC.PHASE2_LR 0.001 TRAINER.COOP_THREE_STAGE_CSC.PHASE3_LR 0.01 TRAINER.COOP_THREE_STAGE_CSC.BETA 0.9999 TRAINER.COOP_THREE_STAGE_VIT.VARIANT 5m TRAINER.COOP_THREE_STAGE_VIT.PRETRAINED_TYPE 1k TRAINER.COOP_THREE_STAGE_VIT.STUDENT_LR 0.00005 TRAINER.COOP_PART_C.MODE gated TRAINER.COOP_PART_C.KAPPA 32.000000000000 TRAINER.COOP_PART_C_RELIABILITY.PRIOR_STRENGTH 8.000000000000 TRAINER.COOP_PART_C_RELIABILITY.EPS 1.000000000000e-08 TRAINER.COOP_PART_C_RELIABILITY.DRIFT_WEIGHT 0.000000000000 TRAINER.COOP_THREE_STAGE_CSC_RELATIVE_COV.WEIGHT 5.000000000000e-02 TRAINER.COOP_THREE_STAGE_CSC_RELATIVE_COV.MIN_SAMPLES 2 TRAINER.COOP_THREE_STAGE_CSC_RELATIVE_COV.EPS 1.000000000000e-08
2127334 kworker/35:1-ev [kworker/35:1-events]
2127543 pt_data_worker  /home/data4t1/wangjielei/anaconda3/envs/dassl/bin/python train.py --root /home/data4t2/czhDir/data --seed 1 --trainer CoOpPartCReliabilityCovTinyViT --dataset-config-file configs/datasets/cifar100_lt_if0.1.yaml --config-file configs/trainers/CoOp/vit_b16_ep130_part_c_reliability_cov_tiny_vit.yaml --output-dir /home/data4t2/czhDir/PromptKD/output/part_c_reliability_cov_tiny_vit/5m_1k/cifar100/seed1_if0.1/gated_kappa32_nu8_drift0_cov0.05_min2_eps1e-8 DATASET.NUM_SHOTS -1 DATASET.CIFAR100_LT.IMB_FACTOR 0.1 DATASET.CIFAR100_LT.SEED 0 DATALOADER.TRAIN_X.SAMPLER RandomSampler DATALOADER.TEST.BATCH_SIZE 16 OPTIM.MAX_EPOCH 130 TRAINER.COOP_THREE_STAGE_CSC.CSC_START_EPOCH 55 TRAINER.COOP_THREE_STAGE_CSC.PHASE2_LR 0.001 TRAINER.COOP_THREE_STAGE_CSC.PHASE3_LR 0.01 TRAINER.COOP_THREE_STAGE_CSC.BETA 0.9999 TRAINER.COOP_THREE_STAGE_VIT.VARIANT 5m TRAINER.COOP_THREE_STAGE_VIT.PRETRAINED_TYPE 1k TRAINER.COOP_THREE_STAGE_VIT.STUDENT_LR 0.00005 TRAINER.COOP_PART_C.MODE gated TRAINER.COOP_PART_C.KAPPA 32.000000000000 TRAINER.COOP_PART_C_RELIABILITY.PRIOR_STRENGTH 8.000000000000 TRAINER.COOP_PART_C_RELIABILITY.EPS 1.000000000000e-08 TRAINER.COOP_PART_C_RELIABILITY.DRIFT_WEIGHT 0.000000000000 TRAINER.COOP_THREE_STAGE_CSC_RELATIVE_COV.WEIGHT 5.000000000000e-02 TRAINER.COOP_THREE_STAGE_CSC_RELATIVE_COV.MIN_SAMPLES 2 TRAINER.COOP_THREE_STAGE_CSC_RELATIVE_COV.EPS 1.000000000000e-08
2127585 pt_data_worker  /home/data4t1/wangjielei/anaconda3/envs/dassl/bin/python train.py --root /home/data4t2/czhDir/data --seed 1 --trainer CoOpPartCReliabilityCovTinyViT --dataset-config-file configs/datasets/cifar100_lt_if0.1.yaml --config-file configs/trainers/CoOp/vit_b16_ep130_part_c_reliability_cov_tiny_vit.yaml --output-dir /home/data4t2/czhDir/PromptKD/output/part_c_reliability_cov_tiny_vit/5m_1k/cifar100/seed1_if0.1/gated_kappa32_nu8_drift0_cov0.05_min2_eps1e-8 DATASET.NUM_SHOTS -1 DATASET.CIFAR100_LT.IMB_FACTOR 0.1 DATASET.CIFAR100_LT.SEED 0 DATALOADER.TRAIN_X.SAMPLER RandomSampler DATALOADER.TEST.BATCH_SIZE 16 OPTIM.MAX_EPOCH 130 TRAINER.COOP_THREE_STAGE_CSC.CSC_START_EPOCH 55 TRAINER.COOP_THREE_STAGE_CSC.PHASE2_LR 0.001 TRAINER.COOP_THREE_STAGE_CSC.PHASE3_LR 0.01 TRAINER.COOP_THREE_STAGE_CSC.BETA 0.9999 TRAINER.COOP_THREE_STAGE_VIT.VARIANT 5m TRAINER.COOP_THREE_STAGE_VIT.PRETRAINED_TYPE 1k TRAINER.COOP_THREE_STAGE_VIT.STUDENT_LR 0.00005 TRAINER.COOP_PART_C.MODE gated TRAINER.COOP_PART_C.KAPPA 32.000000000000 TRAINER.COOP_PART_C_RELIABILITY.PRIOR_STRENGTH 8.000000000000 TRAINER.COOP_PART_C_RELIABILITY.EPS 1.000000000000e-08 TRAINER.COOP_PART_C_RELIABILITY.DRIFT_WEIGHT 0.000000000000 TRAINER.COOP_THREE_STAGE_CSC_RELATIVE_COV.WEIGHT 5.000000000000e-02 TRAINER.COOP_THREE_STAGE_CSC_RELATIVE_COV.MIN_SAMPLES 2 TRAINER.COOP_THREE_STAGE_CSC_RELATIVE_COV.EPS 1.000000000000e-08
2127820 pt_data_worker  /home/data4t1/wangjielei/anaconda3/envs/dassl/bin/python train.py --root /home/data4t2/czhDir/data --seed 1 --trainer CoOpPartCReliabilityCovTinyViT --dataset-config-file configs/datasets/cifar100_lt_if0.1.yaml --config-file configs/trainers/CoOp/vit_b16_ep130_part_c_reliability_cov_tiny_vit.yaml --output-dir /home/data4t2/czhDir/PromptKD/output/part_c_reliability_cov_tiny_vit/5m_1k/cifar100/seed1_if0.1/gated_kappa32_nu8_drift0_cov0.05_min2_eps1e-8 DATASET.NUM_SHOTS -1 DATASET.CIFAR100_LT.IMB_FACTOR 0.1 DATASET.CIFAR100_LT.SEED 0 DATALOADER.TRAIN_X.SAMPLER RandomSampler DATALOADER.TEST.BATCH_SIZE 16 OPTIM.MAX_EPOCH 130 TRAINER.COOP_THREE_STAGE_CSC.CSC_START_EPOCH 55 TRAINER.COOP_THREE_STAGE_CSC.PHASE2_LR 0.001 TRAINER.COOP_THREE_STAGE_CSC.PHASE3_LR 0.01 TRAINER.COOP_THREE_STAGE_CSC.BETA 0.9999 TRAINER.COOP_THREE_STAGE_VIT.VARIANT 5m TRAINER.COOP_THREE_STAGE_VIT.PRETRAINED_TYPE 1k TRAINER.COOP_THREE_STAGE_VIT.STUDENT_LR 0.00005 TRAINER.COOP_PART_C.MODE gated TRAINER.COOP_PART_C.KAPPA 32.000000000000 TRAINER.COOP_PART_C_RELIABILITY.PRIOR_STRENGTH 8.000000000000 TRAINER.COOP_PART_C_RELIABILITY.EPS 1.000000000000e-08 TRAINER.COOP_PART_C_RELIABILITY.DRIFT_WEIGHT 0.000000000000 TRAINER.COOP_THREE_STAGE_CSC_RELATIVE_COV.WEIGHT 5.000000000000e-02 TRAINER.COOP_THREE_STAGE_CSC_RELATIVE_COV.MIN_SAMPLES 2 TRAINER.COOP_THREE_STAGE_CSC_RELATIVE_COV.EPS 1.000000000000e-08
2128003 kworker/11:0-mm [kworker/11:0-mm_percpu_wq]
2128472 kworker/u385:1- [kworker/u385:1-events_unbound]
2129506 kworker/116:0-e [kworker/116:0-events]
2130396 kworker/114:1-p [kworker/114:1-pcie_msg_workqueue]
2130521 kworker/51:2-ev [kworker/51:2-events]
2131384 kworker/179:2-e [kworker/179:2-events]
2131398 kworker/u385:2- [kworker/u385:2-events_unbound]
2131521 kworker/176:2-e [kworker/176:2-events]
2133890 kworker/u391:3- [kworker/u391:3-events_unbound]
2133891 kworker/u391:5- [kworker/u391:5-events_unbound]
2133902 kworker/u391:6  [kworker/u391:6]
2134243 kworker/36:2-ev [kworker/36:2-events]
2135270 kworker/34:1-ev [kworker/34:1-events]
2135375 kworker/160:1-p [kworker/160:1-pcie_msg_workqueue]
2135384 kworker/21:2-ev [kworker/21:2-events]
2135388 kworker/163:2-e [kworker/163:2-events]
2135660 kworker/158:2-m [kworker/158:2-mm_percpu_wq]
2135871 kworker/29:2-ev [kworker/29:2-events]
2136631 kworker/145:0-e [kworker/145:0-events]
2137630 kworker/117:0-e [kworker/117:0-events]
2138950 kworker/159:1-e [kworker/159:1-events]
2139643 kworker/86:1-ev [kworker/86:1-events]
2140835 python3         /home/data4t1/zhouxinyu/anaconda3/envs/dynam3d/bin/python3 -c from multiprocessing.spawn import spawn_main; spawn_main(tracker_fd=28, pipe_handle=98) --multiprocessing-fork
2141181 kworker/48:2-mm [kworker/48:2-mm_percpu_wq]
2141237 kworker/151:0-e [kworker/151:0-events]
2141238 sleep           sleep 180
2141681 kworker/u388:0- [kworker/u388:0-flush-8:0]
2141759 kworker/47:2-ev [kworker/47:2-events]
2143670 kworker/72:0-ev [kworker/72:0-events]
2145809 kworker/157:2-e [kworker/157:2-events]
2146835 kworker/82:1-ev [kworker/82:1-events]
2147243 kworker/107:0-e [kworker/107:0-events]
2148468 kworker/183:0-e [kworker/183:0-events]
2148893 kworker/143:0   [kworker/143:0]
2149500 kworker/115:1-e [kworker/115:1-events]
2151211 kworker/190:2-e [kworker/190:2-events]
2151484 kworker/189:1-e [kworker/189:1-events]
2152702 kworker/177:1-e [kworker/177:1-events]
2154103 kworker/64:1-ev [kworker/64:1-events]
2154239 pt_data_worker  /home/data4t1/wangjielei/anaconda3/envs/dassl/bin/python train.py --root /home/data4t2/hxwDir/data --seed 1 --trainer CoOpPartCReliabilityCovTinyViT --dataset-config-file configs/datasets/long_tail/sun397_lt.yaml --config-file configs/trainers/CoOp/vit_b16_ep130_part_c_reliability_cov_tiny_vit.yaml --output-dir /home/data4t2/czhDir/PromptKD/output/part_c_reliability_cov_tiny_vit/5m_1k/sun397/seed1_if0.1/gated_kappa32_nu8_drift0_cov0.05_min2_eps1e-8 DATASET.NUM_SHOTS -1 DATASET.LONG_TAIL.IMB_FACTOR 0.1 DATASET.LONG_TAIL.SEED 0 DATALOADER.TRAIN_X.SAMPLER RandomSampler DATALOADER.TEST.BATCH_SIZE 16 OPTIM.MAX_EPOCH 130 TRAINER.COOP_THREE_STAGE_CSC.CSC_START_EPOCH 55 TRAINER.COOP_THREE_STAGE_CSC.PHASE2_LR 0.001 TRAINER.COOP_THREE_STAGE_CSC.PHASE3_LR 0.01 TRAINER.COOP_THREE_STAGE_CSC.BETA 0.9999 TRAINER.COOP_THREE_STAGE_VIT.VARIANT 5m TRAINER.COOP_THREE_STAGE_VIT.PRETRAINED_TYPE 1k TRAINER.COOP_THREE_STAGE_VIT.STUDENT_LR 0.00005 TRAINER.COOP_PART_C.MODE gated TRAINER.COOP_PART_C.KAPPA 32.000000000000 TRAINER.COOP_PART_C_RELIABILITY.PRIOR_STRENGTH 8.000000000000 TRAINER.COOP_PART_C_RELIABILITY.EPS 1.000000000000e-08 TRAINER.COOP_PART_C_RELIABILITY.DRIFT_WEIGHT 0.000000000000 TRAINER.COOP_THREE_STAGE_CSC_RELATIVE_COV.WEIGHT 5.000000000000e-02 TRAINER.COOP_THREE_STAGE_CSC_RELATIVE_COV.MIN_SAMPLES 2 TRAINER.COOP_THREE_STAGE_CSC_RELATIVE_COV.EPS 1.000000000000e-08
2154274 pt_data_worker  /home/data4t1/wangjielei/anaconda3/envs/dassl/bin/python train.py --root /home/data4t2/hxwDir/data --seed 1 --trainer CoOpPartCReliabilityCovTinyViT --dataset-config-file configs/datasets/long_tail/sun397_lt.yaml --config-file configs/trainers/CoOp/vit_b16_ep130_part_c_reliability_cov_tiny_vit.yaml --output-dir /home/data4t2/czhDir/PromptKD/output/part_c_reliability_cov_tiny_vit/5m_1k/sun397/seed1_if0.1/gated_kappa32_nu8_drift0_cov0.05_min2_eps1e-8 DATASET.NUM_SHOTS -1 DATASET.LONG_TAIL.IMB_FACTOR 0.1 DATASET.LONG_TAIL.SEED 0 DATALOADER.TRAIN_X.SAMPLER RandomSampler DATALOADER.TEST.BATCH_SIZE 16 OPTIM.MAX_EPOCH 130 TRAINER.COOP_THREE_STAGE_CSC.CSC_START_EPOCH 55 TRAINER.COOP_THREE_STAGE_CSC.PHASE2_LR 0.001 TRAINER.COOP_THREE_STAGE_CSC.PHASE3_LR 0.01 TRAINER.COOP_THREE_STAGE_CSC.BETA 0.9999 TRAINER.COOP_THREE_STAGE_VIT.VARIANT 5m TRAINER.COOP_THREE_STAGE_VIT.PRETRAINED_TYPE 1k TRAINER.COOP_THREE_STAGE_VIT.STUDENT_LR 0.00005 TRAINER.COOP_PART_C.MODE gated TRAINER.COOP_PART_C.KAPPA 32.000000000000 TRAINER.COOP_PART_C_RELIABILITY.PRIOR_STRENGTH 8.000000000000 TRAINER.COOP_PART_C_RELIABILITY.EPS 1.000000000000e-08 TRAINER.COOP_PART_C_RELIABILITY.DRIFT_WEIGHT 0.000000000000 TRAINER.COOP_THREE_STAGE_CSC_RELATIVE_COV.WEIGHT 5.000000000000e-02 TRAINER.COOP_THREE_STAGE_CSC_RELATIVE_COV.MIN_SAMPLES 2 TRAINER.COOP_THREE_STAGE_CSC_RELATIVE_COV.EPS 1.000000000000e-08
2154321 pt_data_worker  /home/data4t1/wangjielei/anaconda3/envs/dassl/bin/python train.py --root /home/data4t2/hxwDir/data --seed 1 --trainer CoOpPartCReliabilityCovTinyViT --dataset-config-file configs/datasets/long_tail/sun397_lt.yaml --config-file configs/trainers/CoOp/vit_b16_ep130_part_c_reliability_cov_tiny_vit.yaml --output-dir /home/data4t2/czhDir/PromptKD/output/part_c_reliability_cov_tiny_vit/5m_1k/sun397/seed1_if0.1/gated_kappa32_nu8_drift0_cov0.05_min2_eps1e-8 DATASET.NUM_SHOTS -1 DATASET.LONG_TAIL.IMB_FACTOR 0.1 DATASET.LONG_TAIL.SEED 0 DATALOADER.TRAIN_X.SAMPLER RandomSampler DATALOADER.TEST.BATCH_SIZE 16 OPTIM.MAX_EPOCH 130 TRAINER.COOP_THREE_STAGE_CSC.CSC_START_EPOCH 55 TRAINER.COOP_THREE_STAGE_CSC.PHASE2_LR 0.001 TRAINER.COOP_THREE_STAGE_CSC.PHASE3_LR 0.01 TRAINER.COOP_THREE_STAGE_CSC.BETA 0.9999 TRAINER.COOP_THREE_STAGE_VIT.VARIANT 5m TRAINER.COOP_THREE_STAGE_VIT.PRETRAINED_TYPE 1k TRAINER.COOP_THREE_STAGE_VIT.STUDENT_LR 0.00005 TRAINER.COOP_PART_C.MODE gated TRAINER.COOP_PART_C.KAPPA 32.000000000000 TRAINER.COOP_PART_C_RELIABILITY.PRIOR_STRENGTH 8.000000000000 TRAINER.COOP_PART_C_RELIABILITY.EPS 1.000000000000e-08 TRAINER.COOP_PART_C_RELIABILITY.DRIFT_WEIGHT 0.000000000000 TRAINER.COOP_THREE_STAGE_CSC_RELATIVE_COV.WEIGHT 5.000000000000e-02 TRAINER.COOP_THREE_STAGE_CSC_RELATIVE_COV.MIN_SAMPLES 2 TRAINER.COOP_THREE_STAGE_CSC_RELATIVE_COV.EPS 1.000000000000e-08
2154366 pt_data_worker  /home/data4t1/wangjielei/anaconda3/envs/dassl/bin/python train.py --root /home/data4t2/hxwDir/data --seed 1 --trainer CoOpPartCReliabilityCovTinyViT --dataset-config-file configs/datasets/long_tail/sun397_lt.yaml --config-file configs/trainers/CoOp/vit_b16_ep130_part_c_reliability_cov_tiny_vit.yaml --output-dir /home/data4t2/czhDir/PromptKD/output/part_c_reliability_cov_tiny_vit/5m_1k/sun397/seed1_if0.1/gated_kappa32_nu8_drift0_cov0.05_min2_eps1e-8 DATASET.NUM_SHOTS -1 DATASET.LONG_TAIL.IMB_FACTOR 0.1 DATASET.LONG_TAIL.SEED 0 DATALOADER.TRAIN_X.SAMPLER RandomSampler DATALOADER.TEST.BATCH_SIZE 16 OPTIM.MAX_EPOCH 130 TRAINER.COOP_THREE_STAGE_CSC.CSC_START_EPOCH 55 TRAINER.COOP_THREE_STAGE_CSC.PHASE2_LR 0.001 TRAINER.COOP_THREE_STAGE_CSC.PHASE3_LR 0.01 TRAINER.COOP_THREE_STAGE_CSC.BETA 0.9999 TRAINER.COOP_THREE_STAGE_VIT.VARIANT 5m TRAINER.COOP_THREE_STAGE_VIT.PRETRAINED_TYPE 1k TRAINER.COOP_THREE_STAGE_VIT.STUDENT_LR 0.00005 TRAINER.COOP_PART_C.MODE gated TRAINER.COOP_PART_C.KAPPA 32.000000000000 TRAINER.COOP_PART_C_RELIABILITY.PRIOR_STRENGTH 8.000000000000 TRAINER.COOP_PART_C_RELIABILITY.EPS 1.000000000000e-08 TRAINER.COOP_PART_C_RELIABILITY.DRIFT_WEIGHT 0.000000000000 TRAINER.COOP_THREE_STAGE_CSC_RELATIVE_COV.WEIGHT 5.000000000000e-02 TRAINER.COOP_THREE_STAGE_CSC_RELATIVE_COV.MIN_SAMPLES 2 TRAINER.COOP_THREE_STAGE_CSC_RELATIVE_COV.EPS 1.000000000000e-08
2154390 pt_data_worker  /home/data4t1/wangjielei/anaconda3/envs/dassl/bin/python train.py --root /home/data4t2/hxwDir/data --seed 1 --trainer CoOpPartCReliabilityCovTinyViT --dataset-config-file configs/datasets/long_tail/sun397_lt.yaml --config-file configs/trainers/CoOp/vit_b16_ep130_part_c_reliability_cov_tiny_vit.yaml --output-dir /home/data4t2/czhDir/PromptKD/output/part_c_reliability_cov_tiny_vit/5m_1k/sun397/seed1_if0.1/gated_kappa32_nu8_drift0_cov0.05_min2_eps1e-8 DATASET.NUM_SHOTS -1 DATASET.LONG_TAIL.IMB_FACTOR 0.1 DATASET.LONG_TAIL.SEED 0 DATALOADER.TRAIN_X.SAMPLER RandomSampler DATALOADER.TEST.BATCH_SIZE 16 OPTIM.MAX_EPOCH 130 TRAINER.COOP_THREE_STAGE_CSC.CSC_START_EPOCH 55 TRAINER.COOP_THREE_STAGE_CSC.PHASE2_LR 0.001 TRAINER.COOP_THREE_STAGE_CSC.PHASE3_LR 0.01 TRAINER.COOP_THREE_STAGE_CSC.BETA 0.9999 TRAINER.COOP_THREE_STAGE_VIT.VARIANT 5m TRAINER.COOP_THREE_STAGE_VIT.PRETRAINED_TYPE 1k TRAINER.COOP_THREE_STAGE_VIT.STUDENT_LR 0.00005 TRAINER.COOP_PART_C.MODE gated TRAINER.COOP_PART_C.KAPPA 32.000000000000 TRAINER.COOP_PART_C_RELIABILITY.PRIOR_STRENGTH 8.000000000000 TRAINER.COOP_PART_C_RELIABILITY.EPS 1.000000000000e-08 TRAINER.COOP_PART_C_RELIABILITY.DRIFT_WEIGHT 0.000000000000 TRAINER.COOP_THREE_STAGE_CSC_RELATIVE_COV.WEIGHT 5.000000000000e-02 TRAINER.COOP_THREE_STAGE_CSC_RELATIVE_COV.MIN_SAMPLES 2 TRAINER.COOP_THREE_STAGE_CSC_RELATIVE_COV.EPS 1.000000000000e-08
2154596 pt_data_worker  /home/data4t1/wangjielei/anaconda3/envs/dassl/bin/python train.py --root /home/data4t2/hxwDir/data --seed 1 --trainer CoOpPartCReliabilityCovTinyViT --dataset-config-file configs/datasets/long_tail/sun397_lt.yaml --config-file configs/trainers/CoOp/vit_b16_ep130_part_c_reliability_cov_tiny_vit.yaml --output-dir /home/data4t2/czhDir/PromptKD/output/part_c_reliability_cov_tiny_vit/5m_1k/sun397/seed1_if0.1/gated_kappa32_nu8_drift0_cov0.05_min2_eps1e-8 DATASET.NUM_SHOTS -1 DATASET.LONG_TAIL.IMB_FACTOR 0.1 DATASET.LONG_TAIL.SEED 0 DATALOADER.TRAIN_X.SAMPLER RandomSampler DATALOADER.TEST.BATCH_SIZE 16 OPTIM.MAX_EPOCH 130 TRAINER.COOP_THREE_STAGE_CSC.CSC_START_EPOCH 55 TRAINER.COOP_THREE_STAGE_CSC.PHASE2_LR 0.001 TRAINER.COOP_THREE_STAGE_CSC.PHASE3_LR 0.01 TRAINER.COOP_THREE_STAGE_CSC.BETA 0.9999 TRAINER.COOP_THREE_STAGE_VIT.VARIANT 5m TRAINER.COOP_THREE_STAGE_VIT.PRETRAINED_TYPE 1k TRAINER.COOP_THREE_STAGE_VIT.STUDENT_LR 0.00005 TRAINER.COOP_PART_C.MODE gated TRAINER.COOP_PART_C.KAPPA 32.000000000000 TRAINER.COOP_PART_C_RELIABILITY.PRIOR_STRENGTH 8.000000000000 TRAINER.COOP_PART_C_RELIABILITY.EPS 1.000000000000e-08 TRAINER.COOP_PART_C_RELIABILITY.DRIFT_WEIGHT 0.000000000000 TRAINER.COOP_THREE_STAGE_CSC_RELATIVE_COV.WEIGHT 5.000000000000e-02 TRAINER.COOP_THREE_STAGE_CSC_RELATIVE_COV.MIN_SAMPLES 2 TRAINER.COOP_THREE_STAGE_CSC_RELATIVE_COV.EPS 1.000000000000e-08
2154618 pt_data_worker  /home/data4t1/wangjielei/anaconda3/envs/dassl/bin/python train.py --root /home/data4t2/hxwDir/data --seed 1 --trainer CoOpPartCReliabilityCovTinyViT --dataset-config-file configs/datasets/long_tail/sun397_lt.yaml --config-file configs/trainers/CoOp/vit_b16_ep130_part_c_reliability_cov_tiny_vit.yaml --output-dir /home/data4t2/czhDir/PromptKD/output/part_c_reliability_cov_tiny_vit/5m_1k/sun397/seed1_if0.1/gated_kappa32_nu8_drift0_cov0.05_min2_eps1e-8 DATASET.NUM_SHOTS -1 DATASET.LONG_TAIL.IMB_FACTOR 0.1 DATASET.LONG_TAIL.SEED 0 DATALOADER.TRAIN_X.SAMPLER RandomSampler DATALOADER.TEST.BATCH_SIZE 16 OPTIM.MAX_EPOCH 130 TRAINER.COOP_THREE_STAGE_CSC.CSC_START_EPOCH 55 TRAINER.COOP_THREE_STAGE_CSC.PHASE2_LR 0.001 TRAINER.COOP_THREE_STAGE_CSC.PHASE3_LR 0.01 TRAINER.COOP_THREE_STAGE_CSC.BETA 0.9999 TRAINER.COOP_THREE_STAGE_VIT.VARIANT 5m TRAINER.COOP_THREE_STAGE_VIT.PRETRAINED_TYPE 1k TRAINER.COOP_THREE_STAGE_VIT.STUDENT_LR 0.00005 TRAINER.COOP_PART_C.MODE gated TRAINER.COOP_PART_C.KAPPA 32.000000000000 TRAINER.COOP_PART_C_RELIABILITY.PRIOR_STRENGTH 8.000000000000 TRAINER.COOP_PART_C_RELIABILITY.EPS 1.000000000000e-08 TRAINER.COOP_PART_C_RELIABILITY.DRIFT_WEIGHT 0.000000000000 TRAINER.COOP_THREE_STAGE_CSC_RELATIVE_COV.WEIGHT 5.000000000000e-02 TRAINER.COOP_THREE_STAGE_CSC_RELATIVE_COV.MIN_SAMPLES 2 TRAINER.COOP_THREE_STAGE_CSC_RELATIVE_COV.EPS 1.000000000000e-08
2154900 pt_data_worker  /home/data4t1/wangjielei/anaconda3/envs/dassl/bin/python train.py --root /home/data4t2/hxwDir/data --seed 1 --trainer CoOpPartCReliabilityCovTinyViT --dataset-config-file configs/datasets/long_tail/sun397_lt.yaml --config-file configs/trainers/CoOp/vit_b16_ep130_part_c_reliability_cov_tiny_vit.yaml --output-dir /home/data4t2/czhDir/PromptKD/output/part_c_reliability_cov_tiny_vit/5m_1k/sun397/seed1_if0.1/gated_kappa32_nu8_drift0_cov0.05_min2_eps1e-8 DATASET.NUM_SHOTS -1 DATASET.LONG_TAIL.IMB_FACTOR 0.1 DATASET.LONG_TAIL.SEED 0 DATALOADER.TRAIN_X.SAMPLER RandomSampler DATALOADER.TEST.BATCH_SIZE 16 OPTIM.MAX_EPOCH 130 TRAINER.COOP_THREE_STAGE_CSC.CSC_START_EPOCH 55 TRAINER.COOP_THREE_STAGE_CSC.PHASE2_LR 0.001 TRAINER.COOP_THREE_STAGE_CSC.PHASE3_LR 0.01 TRAINER.COOP_THREE_STAGE_CSC.BETA 0.9999 TRAINER.COOP_THREE_STAGE_VIT.VARIANT 5m TRAINER.COOP_THREE_STAGE_VIT.PRETRAINED_TYPE 1k TRAINER.COOP_THREE_STAGE_VIT.STUDENT_LR 0.00005 TRAINER.COOP_PART_C.MODE gated TRAINER.COOP_PART_C.KAPPA 32.000000000000 TRAINER.COOP_PART_C_RELIABILITY.PRIOR_STRENGTH 8.000000000000 TRAINER.COOP_PART_C_RELIABILITY.EPS 1.000000000000e-08 TRAINER.COOP_PART_C_RELIABILITY.DRIFT_WEIGHT 0.000000000000 TRAINER.COOP_THREE_STAGE_CSC_RELATIVE_COV.WEIGHT 5.000000000000e-02 TRAINER.COOP_THREE_STAGE_CSC_RELATIVE_COV.MIN_SAMPLES 2 TRAINER.COOP_THREE_STAGE_CSC_RELATIVE_COV.EPS 1.000000000000e-08
2155944 kworker/u389:4- [kworker/u389:4-hclge]
2155976 kworker/u386:0- [kworker/u386:0-flush-8:0]
2156441 kworker/u385:3- [kworker/u385:3-flush-8:0]
2156442 kworker/u385:5  [kworker/u385:5]
2157208 kworker/41:2-mm [kworker/41:2-mm_percpu_wq]
2159040 screen          SCREEN -U
2159041 bash            /bin/bash
2160359 kworker/17:2-mm [kworker/17:2-mm_percpu_wq]
2161230 kworker/2:1-eve [kworker/2:1-events]
2161555 kworker/u384:1- [kworker/u384:1-dev7_sq_fair_wq]
2161602 kworker/59:1    [kworker/59:1]
2161988 pt_data_worker  /home/data4t1/wangjielei/anaconda3/envs/dassl/bin/python train.py --root /home/data4t2/hxwDir/data --seed 1 --trainer CoOpThreeStageCSCTinyViTLTKD --dataset-config-file configs/datasets/long_tail/eurosat_lt.yaml --config-file configs/trainers/CoOp/vit_b16_ep130_three_stage_csc_tiny_vit_ltkd.yaml --output-dir /home/data4t2/czhDir/PromptKD/output/long_tail_three_stage_csc_tiny_vit_ltkd/5m_1k/alpha1.0_beta8.0_T4.0_warmup20/eurosat/longtail_if0.1_ltseed0/seed1_npu2 DATASET.NUM_SHOTS -1 DATASET.LONG_TAIL.IMB_FACTOR 0.1 DATASET.LONG_TAIL.SEED 0 DATALOADER.TRAIN_X.SAMPLER RandomSampler DATALOADER.TEST.BATCH_SIZE 16 OPTIM.MAX_EPOCH 130 TRAINER.COOP_THREE_STAGE_CSC.CSC_START_EPOCH 55 TRAINER.COOP_THREE_STAGE_CSC.PHASE2_LR 0.001 TRAINER.COOP_THREE_STAGE_CSC.PHASE3_LR 0.01 TRAINER.COOP_THREE_STAGE_CSC.BETA 0.9999 TRAINER.COOP_THREE_STAGE_VIT.VARIANT 5m TRAINER.COOP_THREE_STAGE_VIT.PRETRAINED_TYPE 1k TRAINER.COOP_THREE_STAGE_VIT.STUDENT_LR 0.00005 TRAINER.COOP_THREE_STAGE_CSC_LTKD.ALPHA 1.0 TRAINER.COOP_THREE_STAGE_CSC_LTKD.BETA 8.0 TRAINER.COOP_THREE_STAGE_CSC_LTKD.TEMPERATURE 4.0 TRAINER.COOP_THREE_STAGE_CSC_LTKD.WARMUP 20
2162021 pt_data_worker  /home/data4t1/wangjielei/anaconda3/envs/dassl/bin/python train.py --root /home/data4t2/hxwDir/data --seed 1 --trainer CoOpThreeStageCSCTinyViTLTKD --dataset-config-file configs/datasets/long_tail/eurosat_lt.yaml --config-file configs/trainers/CoOp/vit_b16_ep130_three_stage_csc_tiny_vit_ltkd.yaml --output-dir /home/data4t2/czhDir/PromptKD/output/long_tail_three_stage_csc_tiny_vit_ltkd/5m_1k/alpha1.0_beta8.0_T4.0_warmup20/eurosat/longtail_if0.1_ltseed0/seed1_npu2 DATASET.NUM_SHOTS -1 DATASET.LONG_TAIL.IMB_FACTOR 0.1 DATASET.LONG_TAIL.SEED 0 DATALOADER.TRAIN_X.SAMPLER RandomSampler DATALOADER.TEST.BATCH_SIZE 16 OPTIM.MAX_EPOCH 130 TRAINER.COOP_THREE_STAGE_CSC.CSC_START_EPOCH 55 TRAINER.COOP_THREE_STAGE_CSC.PHASE2_LR 0.001 TRAINER.COOP_THREE_STAGE_CSC.PHASE3_LR 0.01 TRAINER.COOP_THREE_STAGE_CSC.BETA 0.9999 TRAINER.COOP_THREE_STAGE_VIT.VARIANT 5m TRAINER.COOP_THREE_STAGE_VIT.PRETRAINED_TYPE 1k TRAINER.COOP_THREE_STAGE_VIT.STUDENT_LR 0.00005 TRAINER.COOP_THREE_STAGE_CSC_LTKD.ALPHA 1.0 TRAINER.COOP_THREE_STAGE_CSC_LTKD.BETA 8.0 TRAINER.COOP_THREE_STAGE_CSC_LTKD.TEMPERATURE 4.0 TRAINER.COOP_THREE_STAGE_CSC_LTKD.WARMUP 20
2162060 pt_data_worker  /home/data4t1/wangjielei/anaconda3/envs/dassl/bin/python train.py --root /home/data4t2/hxwDir/data --seed 1 --trainer CoOpThreeStageCSCTinyViTLTKD --dataset-config-file configs/datasets/long_tail/eurosat_lt.yaml --config-file configs/trainers/CoOp/vit_b16_ep130_three_stage_csc_tiny_vit_ltkd.yaml --output-dir /home/data4t2/czhDir/PromptKD/output/long_tail_three_stage_csc_tiny_vit_ltkd/5m_1k/alpha1.0_beta8.0_T4.0_warmup20/eurosat/longtail_if0.1_ltseed0/seed1_npu2 DATASET.NUM_SHOTS -1 DATASET.LONG_TAIL.IMB_FACTOR 0.1 DATASET.LONG_TAIL.SEED 0 DATALOADER.TRAIN_X.SAMPLER RandomSampler DATALOADER.TEST.BATCH_SIZE 16 OPTIM.MAX_EPOCH 130 TRAINER.COOP_THREE_STAGE_CSC.CSC_START_EPOCH 55 TRAINER.COOP_THREE_STAGE_CSC.PHASE2_LR 0.001 TRAINER.COOP_THREE_STAGE_CSC.PHASE3_LR 0.01 TRAINER.COOP_THREE_STAGE_CSC.BETA 0.9999 TRAINER.COOP_THREE_STAGE_VIT.VARIANT 5m TRAINER.COOP_THREE_STAGE_VIT.PRETRAINED_TYPE 1k TRAINER.COOP_THREE_STAGE_VIT.STUDENT_LR 0.00005 TRAINER.COOP_THREE_STAGE_CSC_LTKD.ALPHA 1.0 TRAINER.COOP_THREE_STAGE_CSC_LTKD.BETA 8.0 TRAINER.COOP_THREE_STAGE_CSC_LTKD.TEMPERATURE 4.0 TRAINER.COOP_THREE_STAGE_CSC_LTKD.WARMUP 20
2162101 pt_data_worker  /home/data4t1/wangjielei/anaconda3/envs/dassl/bin/python train.py --root /home/data4t2/hxwDir/data --seed 1 --trainer CoOpThreeStageCSCTinyViTLTKD --dataset-config-file configs/datasets/long_tail/eurosat_lt.yaml --config-file configs/trainers/CoOp/vit_b16_ep130_three_stage_csc_tiny_vit_ltkd.yaml --output-dir /home/data4t2/czhDir/PromptKD/output/long_tail_three_stage_csc_tiny_vit_ltkd/5m_1k/alpha1.0_beta8.0_T4.0_warmup20/eurosat/longtail_if0.1_ltseed0/seed1_npu2 DATASET.NUM_SHOTS -1 DATASET.LONG_TAIL.IMB_FACTOR 0.1 DATASET.LONG_TAIL.SEED 0 DATALOADER.TRAIN_X.SAMPLER RandomSampler DATALOADER.TEST.BATCH_SIZE 16 OPTIM.MAX_EPOCH 130 TRAINER.COOP_THREE_STAGE_CSC.CSC_START_EPOCH 55 TRAINER.COOP_THREE_STAGE_CSC.PHASE2_LR 0.001 TRAINER.COOP_THREE_STAGE_CSC.PHASE3_LR 0.01 TRAINER.COOP_THREE_STAGE_CSC.BETA 0.9999 TRAINER.COOP_THREE_STAGE_VIT.VARIANT 5m TRAINER.COOP_THREE_STAGE_VIT.PRETRAINED_TYPE 1k TRAINER.COOP_THREE_STAGE_VIT.STUDENT_LR 0.00005 TRAINER.COOP_THREE_STAGE_CSC_LTKD.ALPHA 1.0 TRAINER.COOP_THREE_STAGE_CSC_LTKD.BETA 8.0 TRAINER.COOP_THREE_STAGE_CSC_LTKD.TEMPERATURE 4.0 TRAINER.COOP_THREE_STAGE_CSC_LTKD.WARMUP 20
2162144 pt_data_worker  /home/data4t1/wangjielei/anaconda3/envs/dassl/bin/python train.py --root /home/data4t2/hxwDir/data --seed 1 --trainer CoOpThreeStageCSCTinyViTLTKD --dataset-config-file configs/datasets/long_tail/eurosat_lt.yaml --config-file configs/trainers/CoOp/vit_b16_ep130_three_stage_csc_tiny_vit_ltkd.yaml --output-dir /home/data4t2/czhDir/PromptKD/output/long_tail_three_stage_csc_tiny_vit_ltkd/5m_1k/alpha1.0_beta8.0_T4.0_warmup20/eurosat/longtail_if0.1_ltseed0/seed1_npu2 DATASET.NUM_SHOTS -1 DATASET.LONG_TAIL.IMB_FACTOR 0.1 DATASET.LONG_TAIL.SEED 0 DATALOADER.TRAIN_X.SAMPLER RandomSampler DATALOADER.TEST.BATCH_SIZE 16 OPTIM.MAX_EPOCH 130 TRAINER.COOP_THREE_STAGE_CSC.CSC_START_EPOCH 55 TRAINER.COOP_THREE_STAGE_CSC.PHASE2_LR 0.001 TRAINER.COOP_THREE_STAGE_CSC.PHASE3_LR 0.01 TRAINER.COOP_THREE_STAGE_CSC.BETA 0.9999 TRAINER.COOP_THREE_STAGE_VIT.VARIANT 5m TRAINER.COOP_THREE_STAGE_VIT.PRETRAINED_TYPE 1k TRAINER.COOP_THREE_STAGE_VIT.STUDENT_LR 0.00005 TRAINER.COOP_THREE_STAGE_CSC_LTKD.ALPHA 1.0 TRAINER.COOP_THREE_STAGE_CSC_LTKD.BETA 8.0 TRAINER.COOP_THREE_STAGE_CSC_LTKD.TEMPERATURE 4.0 TRAINER.COOP_THREE_STAGE_CSC_LTKD.WARMUP 20
2162163 pt_data_worker  /home/data4t1/wangjielei/anaconda3/envs/dassl/bin/python train.py --root /home/data4t2/hxwDir/data --seed 1 --trainer CoOpThreeStageCSCTinyViTLTKD --dataset-config-file configs/datasets/long_tail/eurosat_lt.yaml --config-file configs/trainers/CoOp/vit_b16_ep130_three_stage_csc_tiny_vit_ltkd.yaml --output-dir /home/data4t2/czhDir/PromptKD/output/long_tail_three_stage_csc_tiny_vit_ltkd/5m_1k/alpha1.0_beta8.0_T4.0_warmup20/eurosat/longtail_if0.1_ltseed0/seed1_npu2 DATASET.NUM_SHOTS -1 DATASET.LONG_TAIL.IMB_FACTOR 0.1 DATASET.LONG_TAIL.SEED 0 DATALOADER.TRAIN_X.SAMPLER RandomSampler DATALOADER.TEST.BATCH_SIZE 16 OPTIM.MAX_EPOCH 130 TRAINER.COOP_THREE_STAGE_CSC.CSC_START_EPOCH 55 TRAINER.COOP_THREE_STAGE_CSC.PHASE2_LR 0.001 TRAINER.COOP_THREE_STAGE_CSC.PHASE3_LR 0.01 TRAINER.COOP_THREE_STAGE_CSC.BETA 0.9999 TRAINER.COOP_THREE_STAGE_VIT.VARIANT 5m TRAINER.COOP_THREE_STAGE_VIT.PRETRAINED_TYPE 1k TRAINER.COOP_THREE_STAGE_VIT.STUDENT_LR 0.00005 TRAINER.COOP_THREE_STAGE_CSC_LTKD.ALPHA 1.0 TRAINER.COOP_THREE_STAGE_CSC_LTKD.BETA 8.0 TRAINER.COOP_THREE_STAGE_CSC_LTKD.TEMPERATURE 4.0 TRAINER.COOP_THREE_STAGE_CSC_LTKD.WARMUP 20
2162188 pt_data_worker  /home/data4t1/wangjielei/anaconda3/envs/dassl/bin/python train.py --root /home/data4t2/hxwDir/data --seed 1 --trainer CoOpThreeStageCSCTinyViTLTKD --dataset-config-file configs/datasets/long_tail/eurosat_lt.yaml --config-file configs/trainers/CoOp/vit_b16_ep130_three_stage_csc_tiny_vit_ltkd.yaml --output-dir /home/data4t2/czhDir/PromptKD/output/long_tail_three_stage_csc_tiny_vit_ltkd/5m_1k/alpha1.0_beta8.0_T4.0_warmup20/eurosat/longtail_if0.1_ltseed0/seed1_npu2 DATASET.NUM_SHOTS -1 DATASET.LONG_TAIL.IMB_FACTOR 0.1 DATASET.LONG_TAIL.SEED 0 DATALOADER.TRAIN_X.SAMPLER RandomSampler DATALOADER.TEST.BATCH_SIZE 16 OPTIM.MAX_EPOCH 130 TRAINER.COOP_THREE_STAGE_CSC.CSC_START_EPOCH 55 TRAINER.COOP_THREE_STAGE_CSC.PHASE2_LR 0.001 TRAINER.COOP_THREE_STAGE_CSC.PHASE3_LR 0.01 TRAINER.COOP_THREE_STAGE_CSC.BETA 0.9999 TRAINER.COOP_THREE_STAGE_VIT.VARIANT 5m TRAINER.COOP_THREE_STAGE_VIT.PRETRAINED_TYPE 1k TRAINER.COOP_THREE_STAGE_VIT.STUDENT_LR 0.00005 TRAINER.COOP_THREE_STAGE_CSC_LTKD.ALPHA 1.0 TRAINER.COOP_THREE_STAGE_CSC_LTKD.BETA 8.0 TRAINER.COOP_THREE_STAGE_CSC_LTKD.TEMPERATURE 4.0 TRAINER.COOP_THREE_STAGE_CSC_LTKD.WARMUP 20
2162210 pt_data_worker  /home/data4t1/wangjielei/anaconda3/envs/dassl/bin/python train.py --root /home/data4t2/hxwDir/data --seed 1 --trainer CoOpThreeStageCSCTinyViTLTKD --dataset-config-file configs/datasets/long_tail/eurosat_lt.yaml --config-file configs/trainers/CoOp/vit_b16_ep130_three_stage_csc_tiny_vit_ltkd.yaml --output-dir /home/data4t2/czhDir/PromptKD/output/long_tail_three_stage_csc_tiny_vit_ltkd/5m_1k/alpha1.0_beta8.0_T4.0_warmup20/eurosat/longtail_if0.1_ltseed0/seed1_npu2 DATASET.NUM_SHOTS -1 DATASET.LONG_TAIL.IMB_FACTOR 0.1 DATASET.LONG_TAIL.SEED 0 DATALOADER.TRAIN_X.SAMPLER RandomSampler DATALOADER.TEST.BATCH_SIZE 16 OPTIM.MAX_EPOCH 130 TRAINER.COOP_THREE_STAGE_CSC.CSC_START_EPOCH 55 TRAINER.COOP_THREE_STAGE_CSC.PHASE2_LR 0.001 TRAINER.COOP_THREE_STAGE_CSC.PHASE3_LR 0.01 TRAINER.COOP_THREE_STAGE_CSC.BETA 0.9999 TRAINER.COOP_THREE_STAGE_VIT.VARIANT 5m TRAINER.COOP_THREE_STAGE_VIT.PRETRAINED_TYPE 1k TRAINER.COOP_THREE_STAGE_VIT.STUDENT_LR 0.00005 TRAINER.COOP_THREE_STAGE_CSC_LTKD.ALPHA 1.0 TRAINER.COOP_THREE_STAGE_CSC_LTKD.BETA 8.0 TRAINER.COOP_THREE_STAGE_CSC_LTKD.TEMPERATURE 4.0 TRAINER.COOP_THREE_STAGE_CSC_LTKD.WARMUP 20
2162701 pt_data_worker  /home/data4t1/wangjielei/anaconda3/envs/dassl/bin/python train.py --root /home/data4t2/czhDir/data --seed 1 --trainer CoOpThreeStageCSCTinyViTLTKD --dataset-config-file configs/datasets/long_tail/nwpu_resisc45_lt.yaml --config-file configs/trainers/CoOp/vit_b16_ep130_three_stage_csc_tiny_vit_ltkd.yaml --output-dir /home/data4t2/czhDir/PromptKD/output/long_tail_three_stage_csc_tiny_vit_ltkd/5m_1k/alpha1.0_beta8.0_T4.0_warmup20/resisc45/longtail_if0.1_ltseed0/seed1_npu7 DATASET.NUM_SHOTS -1 DATASET.LONG_TAIL.IMB_FACTOR 0.1 DATASET.LONG_TAIL.SEED 0 DATALOADER.TRAIN_X.SAMPLER RandomSampler DATALOADER.TEST.BATCH_SIZE 16 OPTIM.MAX_EPOCH 130 TRAINER.COOP_THREE_STAGE_CSC.CSC_START_EPOCH 55 TRAINER.COOP_THREE_STAGE_CSC.PHASE2_LR 0.001 TRAINER.COOP_THREE_STAGE_CSC.PHASE3_LR 0.01 TRAINER.COOP_THREE_STAGE_CSC.BETA 0.9999 TRAINER.COOP_THREE_STAGE_VIT.VARIANT 5m TRAINER.COOP_THREE_STAGE_VIT.PRETRAINED_TYPE 1k TRAINER.COOP_THREE_STAGE_VIT.STUDENT_LR 0.00005 TRAINER.COOP_THREE_STAGE_CSC_LTKD.ALPHA 1.0 TRAINER.COOP_THREE_STAGE_CSC_LTKD.BETA 8.0 TRAINER.COOP_THREE_STAGE_CSC_LTKD.TEMPERATURE 4.0 TRAINER.COOP_THREE_STAGE_CSC_LTKD.WARMUP 20
2162774 pt_data_worker  /home/data4t1/wangjielei/anaconda3/envs/dassl/bin/python train.py --root /home/data4t2/czhDir/data --seed 1 --trainer CoOpThreeStageCSCTinyViTLTKD --dataset-config-file configs/datasets/long_tail/nwpu_resisc45_lt.yaml --config-file configs/trainers/CoOp/vit_b16_ep130_three_stage_csc_tiny_vit_ltkd.yaml --output-dir /home/data4t2/czhDir/PromptKD/output/long_tail_three_stage_csc_tiny_vit_ltkd/5m_1k/alpha1.0_beta8.0_T4.0_warmup20/resisc45/longtail_if0.1_ltseed0/seed1_npu7 DATASET.NUM_SHOTS -1 DATASET.LONG_TAIL.IMB_FACTOR 0.1 DATASET.LONG_TAIL.SEED 0 DATALOADER.TRAIN_X.SAMPLER RandomSampler DATALOADER.TEST.BATCH_SIZE 16 OPTIM.MAX_EPOCH 130 TRAINER.COOP_THREE_STAGE_CSC.CSC_START_EPOCH 55 TRAINER.COOP_THREE_STAGE_CSC.PHASE2_LR 0.001 TRAINER.COOP_THREE_STAGE_CSC.PHASE3_LR 0.01 TRAINER.COOP_THREE_STAGE_CSC.BETA 0.9999 TRAINER.COOP_THREE_STAGE_VIT.VARIANT 5m TRAINER.COOP_THREE_STAGE_VIT.PRETRAINED_TYPE 1k TRAINER.COOP_THREE_STAGE_VIT.STUDENT_LR 0.00005 TRAINER.COOP_THREE_STAGE_CSC_LTKD.ALPHA 1.0 TRAINER.COOP_THREE_STAGE_CSC_LTKD.BETA 8.0 TRAINER.COOP_THREE_STAGE_CSC_LTKD.TEMPERATURE 4.0 TRAINER.COOP_THREE_STAGE_CSC_LTKD.WARMUP 20
2162925 pt_data_worker  /home/data4t1/wangjielei/anaconda3/envs/dassl/bin/python train.py --root /home/data4t2/czhDir/data --seed 1 --trainer CoOpThreeStageCSCTinyViTLTKD --dataset-config-file configs/datasets/long_tail/nwpu_resisc45_lt.yaml --config-file configs/trainers/CoOp/vit_b16_ep130_three_stage_csc_tiny_vit_ltkd.yaml --output-dir /home/data4t2/czhDir/PromptKD/output/long_tail_three_stage_csc_tiny_vit_ltkd/5m_1k/alpha1.0_beta8.0_T4.0_warmup20/resisc45/longtail_if0.1_ltseed0/seed1_npu7 DATASET.NUM_SHOTS -1 DATASET.LONG_TAIL.IMB_FACTOR 0.1 DATASET.LONG_TAIL.SEED 0 DATALOADER.TRAIN_X.SAMPLER RandomSampler DATALOADER.TEST.BATCH_SIZE 16 OPTIM.MAX_EPOCH 130 TRAINER.COOP_THREE_STAGE_CSC.CSC_START_EPOCH 55 TRAINER.COOP_THREE_STAGE_CSC.PHASE2_LR 0.001 TRAINER.COOP_THREE_STAGE_CSC.PHASE3_LR 0.01 TRAINER.COOP_THREE_STAGE_CSC.BETA 0.9999 TRAINER.COOP_THREE_STAGE_VIT.VARIANT 5m TRAINER.COOP_THREE_STAGE_VIT.PRETRAINED_TYPE 1k TRAINER.COOP_THREE_STAGE_VIT.STUDENT_LR 0.00005 TRAINER.COOP_THREE_STAGE_CSC_LTKD.ALPHA 1.0 TRAINER.COOP_THREE_STAGE_CSC_LTKD.BETA 8.0 TRAINER.COOP_THREE_STAGE_CSC_LTKD.TEMPERATURE 4.0 TRAINER.COOP_THREE_STAGE_CSC_LTKD.WARMUP 20
2163020 pt_data_worker  /home/data4t1/wangjielei/anaconda3/envs/dassl/bin/python train.py --root /home/data4t2/czhDir/data --seed 1 --trainer CoOpThreeStageCSCTinyViTLTKD --dataset-config-file configs/datasets/long_tail/nwpu_resisc45_lt.yaml --config-file configs/trainers/CoOp/vit_b16_ep130_three_stage_csc_tiny_vit_ltkd.yaml --output-dir /home/data4t2/czhDir/PromptKD/output/long_tail_three_stage_csc_tiny_vit_ltkd/5m_1k/alpha1.0_beta8.0_T4.0_warmup20/resisc45/longtail_if0.1_ltseed0/seed1_npu7 DATASET.NUM_SHOTS -1 DATASET.LONG_TAIL.IMB_FACTOR 0.1 DATASET.LONG_TAIL.SEED 0 DATALOADER.TRAIN_X.SAMPLER RandomSampler DATALOADER.TEST.BATCH_SIZE 16 OPTIM.MAX_EPOCH 130 TRAINER.COOP_THREE_STAGE_CSC.CSC_START_EPOCH 55 TRAINER.COOP_THREE_STAGE_CSC.PHASE2_LR 0.001 TRAINER.COOP_THREE_STAGE_CSC.PHASE3_LR 0.01 TRAINER.COOP_THREE_STAGE_CSC.BETA 0.9999 TRAINER.COOP_THREE_STAGE_VIT.VARIANT 5m TRAINER.COOP_THREE_STAGE_VIT.PRETRAINED_TYPE 1k TRAINER.COOP_THREE_STAGE_VIT.STUDENT_LR 0.00005 TRAINER.COOP_THREE_STAGE_CSC_LTKD.ALPHA 1.0 TRAINER.COOP_THREE_STAGE_CSC_LTKD.BETA 8.0 TRAINER.COOP_THREE_STAGE_CSC_LTKD.TEMPERATURE 4.0 TRAINER.COOP_THREE_STAGE_CSC_LTKD.WARMUP 20
2163081 pt_data_worker  /home/data4t1/wangjielei/anaconda3/envs/dassl/bin/python train.py --root /home/data4t2/czhDir/data --seed 1 --trainer CoOpThreeStageCSCTinyViTLTKD --dataset-config-file configs/datasets/long_tail/nwpu_resisc45_lt.yaml --config-file configs/trainers/CoOp/vit_b16_ep130_three_stage_csc_tiny_vit_ltkd.yaml --output-dir /home/data4t2/czhDir/PromptKD/output/long_tail_three_stage_csc_tiny_vit_ltkd/5m_1k/alpha1.0_beta8.0_T4.0_warmup20/resisc45/longtail_if0.1_ltseed0/seed1_npu7 DATASET.NUM_SHOTS -1 DATASET.LONG_TAIL.IMB_FACTOR 0.1 DATASET.LONG_TAIL.SEED 0 DATALOADER.TRAIN_X.SAMPLER RandomSampler DATALOADER.TEST.BATCH_SIZE 16 OPTIM.MAX_EPOCH 130 TRAINER.COOP_THREE_STAGE_CSC.CSC_START_EPOCH 55 TRAINER.COOP_THREE_STAGE_CSC.PHASE2_LR 0.001 TRAINER.COOP_THREE_STAGE_CSC.PHASE3_LR 0.01 TRAINER.COOP_THREE_STAGE_CSC.BETA 0.9999 TRAINER.COOP_THREE_STAGE_VIT.VARIANT 5m TRAINER.COOP_THREE_STAGE_VIT.PRETRAINED_TYPE 1k TRAINER.COOP_THREE_STAGE_VIT.STUDENT_LR 0.00005 TRAINER.COOP_THREE_STAGE_CSC_LTKD.ALPHA 1.0 TRAINER.COOP_THREE_STAGE_CSC_LTKD.BETA 8.0 TRAINER.COOP_THREE_STAGE_CSC_LTKD.TEMPERATURE 4.0 TRAINER.COOP_THREE_STAGE_CSC_LTKD.WARMUP 20
2163123 pt_data_worker  /home/data4t1/wangjielei/anaconda3/envs/dassl/bin/python train.py --root /home/data4t2/czhDir/data --seed 1 --trainer CoOpThreeStageCSCTinyViTLTKD --dataset-config-file configs/datasets/long_tail/nwpu_resisc45_lt.yaml --config-file configs/trainers/CoOp/vit_b16_ep130_three_stage_csc_tiny_vit_ltkd.yaml --output-dir /home/data4t2/czhDir/PromptKD/output/long_tail_three_stage_csc_tiny_vit_ltkd/5m_1k/alpha1.0_beta8.0_T4.0_warmup20/resisc45/longtail_if0.1_ltseed0/seed1_npu7 DATASET.NUM_SHOTS -1 DATASET.LONG_TAIL.IMB_FACTOR 0.1 DATASET.LONG_TAIL.SEED 0 DATALOADER.TRAIN_X.SAMPLER RandomSampler DATALOADER.TEST.BATCH_SIZE 16 OPTIM.MAX_EPOCH 130 TRAINER.COOP_THREE_STAGE_CSC.CSC_START_EPOCH 55 TRAINER.COOP_THREE_STAGE_CSC.PHASE2_LR 0.001 TRAINER.COOP_THREE_STAGE_CSC.PHASE3_LR 0.01 TRAINER.COOP_THREE_STAGE_CSC.BETA 0.9999 TRAINER.COOP_THREE_STAGE_VIT.VARIANT 5m TRAINER.COOP_THREE_STAGE_VIT.PRETRAINED_TYPE 1k TRAINER.COOP_THREE_STAGE_VIT.STUDENT_LR 0.00005 TRAINER.COOP_THREE_STAGE_CSC_LTKD.ALPHA 1.0 TRAINER.COOP_THREE_STAGE_CSC_LTKD.BETA 8.0 TRAINER.COOP_THREE_STAGE_CSC_LTKD.TEMPERATURE 4.0 TRAINER.COOP_THREE_STAGE_CSC_LTKD.WARMUP 20
2163205 pt_data_worker  /home/data4t1/wangjielei/anaconda3/envs/dassl/bin/python train.py --root /home/data4t2/czhDir/data --seed 1 --trainer CoOpThreeStageCSCTinyViTLTKD --dataset-config-file configs/datasets/long_tail/nwpu_resisc45_lt.yaml --config-file configs/trainers/CoOp/vit_b16_ep130_three_stage_csc_tiny_vit_ltkd.yaml --output-dir /home/data4t2/czhDir/PromptKD/output/long_tail_three_stage_csc_tiny_vit_ltkd/5m_1k/alpha1.0_beta8.0_T4.0_warmup20/resisc45/longtail_if0.1_ltseed0/seed1_npu7 DATASET.NUM_SHOTS -1 DATASET.LONG_TAIL.IMB_FACTOR 0.1 DATASET.LONG_TAIL.SEED 0 DATALOADER.TRAIN_X.SAMPLER RandomSampler DATALOADER.TEST.BATCH_SIZE 16 OPTIM.MAX_EPOCH 130 TRAINER.COOP_THREE_STAGE_CSC.CSC_START_EPOCH 55 TRAINER.COOP_THREE_STAGE_CSC.PHASE2_LR 0.001 TRAINER.COOP_THREE_STAGE_CSC.PHASE3_LR 0.01 TRAINER.COOP_THREE_STAGE_CSC.BETA 0.9999 TRAINER.COOP_THREE_STAGE_VIT.VARIANT 5m TRAINER.COOP_THREE_STAGE_VIT.PRETRAINED_TYPE 1k TRAINER.COOP_THREE_STAGE_VIT.STUDENT_LR 0.00005 TRAINER.COOP_THREE_STAGE_CSC_LTKD.ALPHA 1.0 TRAINER.COOP_THREE_STAGE_CSC_LTKD.BETA 8.0 TRAINER.COOP_THREE_STAGE_CSC_LTKD.TEMPERATURE 4.0 TRAINER.COOP_THREE_STAGE_CSC_LTKD.WARMUP 20
2163294 pt_data_worker  /home/data4t1/wangjielei/anaconda3/envs/dassl/bin/python train.py --root /home/data4t2/czhDir/data --seed 1 --trainer CoOpThreeStageCSCTinyViTLTKD --dataset-config-file configs/datasets/long_tail/nwpu_resisc45_lt.yaml --config-file configs/trainers/CoOp/vit_b16_ep130_three_stage_csc_tiny_vit_ltkd.yaml --output-dir /home/data4t2/czhDir/PromptKD/output/long_tail_three_stage_csc_tiny_vit_ltkd/5m_1k/alpha1.0_beta8.0_T4.0_warmup20/resisc45/longtail_if0.1_ltseed0/seed1_npu7 DATASET.NUM_SHOTS -1 DATASET.LONG_TAIL.IMB_FACTOR 0.1 DATASET.LONG_TAIL.SEED 0 DATALOADER.TRAIN_X.SAMPLER RandomSampler DATALOADER.TEST.BATCH_SIZE 16 OPTIM.MAX_EPOCH 130 TRAINER.COOP_THREE_STAGE_CSC.CSC_START_EPOCH 55 TRAINER.COOP_THREE_STAGE_CSC.PHASE2_LR 0.001 TRAINER.COOP_THREE_STAGE_CSC.PHASE3_LR 0.01 TRAINER.COOP_THREE_STAGE_CSC.BETA 0.9999 TRAINER.COOP_THREE_STAGE_VIT.VARIANT 5m TRAINER.COOP_THREE_STAGE_VIT.PRETRAINED_TYPE 1k TRAINER.COOP_THREE_STAGE_VIT.STUDENT_LR 0.00005 TRAINER.COOP_THREE_STAGE_CSC_LTKD.ALPHA 1.0 TRAINER.COOP_THREE_STAGE_CSC_LTKD.BETA 8.0 TRAINER.COOP_THREE_STAGE_CSC_LTKD.TEMPERATURE 4.0 TRAINER.COOP_THREE_STAGE_CSC_LTKD.WARMUP 20
2163690 kworker/137:2-e [kworker/137:2-events]
2164290 kworker/124:2-e [kworker/124:2-events]
2165296 kworker/45:2-ev [kworker/45:2-events]
2165355 kworker/25:1-ev [kworker/25:1-events]
2166491 kworker/174:1-e [kworker/174:1-events]
2167326 kworker/110:1-e [kworker/110:1-events]
2167759 sshfs           .tools/sshfs-root/usr/bin/sshfs 84090:/home/adaspace/.hxw/mopd-assets/runs/mathif-composition-pilot60-20260927t1237z /home/data4t2/hxwDir/hxw_moved/.codex-mopd-control/mathif-composition-pilot60-20260927t1237z -o ro,reconnect,ServerAliveInterval=15,ServerAliveCountMax=3
2167765 ssh             ssh -x -a -oClearAllForwardings=yes -oServerAliveInterval=15 -oServerAliveCountMax=3 -2 84090 -s sftp
2168017 kworker/30:1-ev [kworker/30:1-events]
2169232 kworker/98:2-ev [kworker/98:2-events]
2169582 kworker/u388:3  [kworker/u388:3]
2170214 kworker/42:0-ev [kworker/42:0-events]
2170316 kworker/119:1-e [kworker/119:1-events]
2170399 kworker/4:0-eve [kworker/4:0-events]
2172563 sleep           sleep 180
2173073 bash            /bin/bash --init-file /home/data4t1/wangjielei/.vscode-server/cli/servers/Stable-a44adf7f53e00964ab890f9f8758a334f1fc15bc/server/out/vs/workbench/contrib/terminal/common/scripts/shellIntegration-bash.sh
2173152 ssh             /usr/bin/ssh -N -T -p 39529 -o ServerAliveInterval=30 -o ServerAliveCountMax=3 -o ExitOnForwardFailure=yes -R 127.0.0.1:8317:127.0.0.1:8317 root@121.48.170.6
2173823 kworker/8:2-eve [kworker/8:2-events]
2173869 kworker/106:2-e [kworker/106:2-events]
2174045 kworker/5:1-eve [kworker/5:1-events]
2174866 kworker/u390:4- [kworker/u390:4-flush-8:0]
2174921 kworker/20:1-ev [kworker/20:1-events]
2175429 pt_data_worker  /home/data4t1/wangjielei/anaconda3/envs/dassl/bin/python train.py --root /home/data4t2/hxwDir/data --seed 1 --trainer CoOpThreeStageCSCTinyViTLTKD --dataset-config-file configs/datasets/long_tail/dtd_lt.yaml --config-file configs/trainers/CoOp/vit_b16_ep130_three_stage_csc_tiny_vit_ltkd.yaml --output-dir /home/data4t2/czhDir/PromptKD/output/long_tail_three_stage_csc_tiny_vit_ltkd/5m_1k/alpha1.0_beta8.0_T4.0_warmup20/dtd/longtail_if0.1_ltseed0/seed1_npu1 DATASET.NUM_SHOTS -1 DATASET.LONG_TAIL.IMB_FACTOR 0.1 DATASET.LONG_TAIL.SEED 0 DATALOADER.TRAIN_X.SAMPLER RandomSampler DATALOADER.TEST.BATCH_SIZE 16 OPTIM.MAX_EPOCH 130 TRAINER.COOP_THREE_STAGE_CSC.CSC_START_EPOCH 55 TRAINER.COOP_THREE_STAGE_CSC.PHASE2_LR 0.001 TRAINER.COOP_THREE_STAGE_CSC.PHASE3_LR 0.01 TRAINER.COOP_THREE_STAGE_CSC.BETA 0.9999 TRAINER.COOP_THREE_STAGE_VIT.VARIANT 5m TRAINER.COOP_THREE_STAGE_VIT.PRETRAINED_TYPE 1k TRAINER.COOP_THREE_STAGE_VIT.STUDENT_LR 0.00005 TRAINER.COOP_THREE_STAGE_CSC_LTKD.ALPHA 1.0 TRAINER.COOP_THREE_STAGE_CSC_LTKD.BETA 8.0 TRAINER.COOP_THREE_STAGE_CSC_LTKD.TEMPERATURE 4.0 TRAINER.COOP_THREE_STAGE_CSC_LTKD.WARMUP 20
2175451 pt_data_worker  /home/data4t1/wangjielei/anaconda3/envs/dassl/bin/python train.py --root /home/data4t2/hxwDir/data --seed 1 --trainer CoOpThreeStageCSCTinyViTLTKD --dataset-config-file configs/datasets/long_tail/dtd_lt.yaml --config-file configs/trainers/CoOp/vit_b16_ep130_three_stage_csc_tiny_vit_ltkd.yaml --output-dir /home/data4t2/czhDir/PromptKD/output/long_tail_three_stage_csc_tiny_vit_ltkd/5m_1k/alpha1.0_beta8.0_T4.0_warmup20/dtd/longtail_if0.1_ltseed0/seed1_npu1 DATASET.NUM_SHOTS -1 DATASET.LONG_TAIL.IMB_FACTOR 0.1 DATASET.LONG_TAIL.SEED 0 DATALOADER.TRAIN_X.SAMPLER RandomSampler DATALOADER.TEST.BATCH_SIZE 16 OPTIM.MAX_EPOCH 130 TRAINER.COOP_THREE_STAGE_CSC.CSC_START_EPOCH 55 TRAINER.COOP_THREE_STAGE_CSC.PHASE2_LR 0.001 TRAINER.COOP_THREE_STAGE_CSC.PHASE3_LR 0.01 TRAINER.COOP_THREE_STAGE_CSC.BETA 0.9999 TRAINER.COOP_THREE_STAGE_VIT.VARIANT 5m TRAINER.COOP_THREE_STAGE_VIT.PRETRAINED_TYPE 1k TRAINER.COOP_THREE_STAGE_VIT.STUDENT_LR 0.00005 TRAINER.COOP_THREE_STAGE_CSC_LTKD.ALPHA 1.0 TRAINER.COOP_THREE_STAGE_CSC_LTKD.BETA 8.0 TRAINER.COOP_THREE_STAGE_CSC_LTKD.TEMPERATURE 4.0 TRAINER.COOP_THREE_STAGE_CSC_LTKD.WARMUP 20
2175539 kworker/91:1-ev [kworker/91:1-events]
2175608 pt_data_worker  /home/data4t1/wangjielei/anaconda3/envs/dassl/bin/python train.py --root /home/data4t2/hxwDir/data --seed 1 --trainer CoOpThreeStageCSCTinyViTLTKD --dataset-config-file configs/datasets/long_tail/dtd_lt.yaml --config-file configs/trainers/CoOp/vit_b16_ep130_three_stage_csc_tiny_vit_ltkd.yaml --output-dir /home/data4t2/czhDir/PromptKD/output/long_tail_three_stage_csc_tiny_vit_ltkd/5m_1k/alpha1.0_beta8.0_T4.0_warmup20/dtd/longtail_if0.1_ltseed0/seed1_npu1 DATASET.NUM_SHOTS -1 DATASET.LONG_TAIL.IMB_FACTOR 0.1 DATASET.LONG_TAIL.SEED 0 DATALOADER.TRAIN_X.SAMPLER RandomSampler DATALOADER.TEST.BATCH_SIZE 16 OPTIM.MAX_EPOCH 130 TRAINER.COOP_THREE_STAGE_CSC.CSC_START_EPOCH 55 TRAINER.COOP_THREE_STAGE_CSC.PHASE2_LR 0.001 TRAINER.COOP_THREE_STAGE_CSC.PHASE3_LR 0.01 TRAINER.COOP_THREE_STAGE_CSC.BETA 0.9999 TRAINER.COOP_THREE_STAGE_VIT.VARIANT 5m TRAINER.COOP_THREE_STAGE_VIT.PRETRAINED_TYPE 1k TRAINER.COOP_THREE_STAGE_VIT.STUDENT_LR 0.00005 TRAINER.COOP_THREE_STAGE_CSC_LTKD.ALPHA 1.0 TRAINER.COOP_THREE_STAGE_CSC_LTKD.BETA 8.0 TRAINER.COOP_THREE_STAGE_CSC_LTKD.TEMPERATURE 4.0 TRAINER.COOP_THREE_STAGE_CSC_LTKD.WARMUP 20
2175647 pt_data_worker  /home/data4t1/wangjielei/anaconda3/envs/dassl/bin/python train.py --root /home/data4t2/hxwDir/data --seed 1 --trainer CoOpThreeStageCSCTinyViTLTKD --dataset-config-file configs/datasets/long_tail/dtd_lt.yaml --config-file configs/trainers/CoOp/vit_b16_ep130_three_stage_csc_tiny_vit_ltkd.yaml --output-dir /home/data4t2/czhDir/PromptKD/output/long_tail_three_stage_csc_tiny_vit_ltkd/5m_1k/alpha1.0_beta8.0_T4.0_warmup20/dtd/longtail_if0.1_ltseed0/seed1_npu1 DATASET.NUM_SHOTS -1 DATASET.LONG_TAIL.IMB_FACTOR 0.1 DATASET.LONG_TAIL.SEED 0 DATALOADER.TRAIN_X.SAMPLER RandomSampler DATALOADER.TEST.BATCH_SIZE 16 OPTIM.MAX_EPOCH 130 TRAINER.COOP_THREE_STAGE_CSC.CSC_START_EPOCH 55 TRAINER.COOP_THREE_STAGE_CSC.PHASE2_LR 0.001 TRAINER.COOP_THREE_STAGE_CSC.PHASE3_LR 0.01 TRAINER.COOP_THREE_STAGE_CSC.BETA 0.9999 TRAINER.COOP_THREE_STAGE_VIT.VARIANT 5m TRAINER.COOP_THREE_STAGE_VIT.PRETRAINED_TYPE 1k TRAINER.COOP_THREE_STAGE_VIT.STUDENT_LR 0.00005 TRAINER.COOP_THREE_STAGE_CSC_LTKD.ALPHA 1.0 TRAINER.COOP_THREE_STAGE_CSC_LTKD.BETA 8.0 TRAINER.COOP_THREE_STAGE_CSC_LTKD.TEMPERATURE 4.0 TRAINER.COOP_THREE_STAGE_CSC_LTKD.WARMUP 20
2175705 pt_data_worker  /home/data4t1/wangjielei/anaconda3/envs/dassl/bin/python train.py --root /home/data4t2/hxwDir/data --seed 1 --trainer CoOpThreeStageCSCTinyViTLTKD --dataset-config-file configs/datasets/long_tail/dtd_lt.yaml --config-file configs/trainers/CoOp/vit_b16_ep130_three_stage_csc_tiny_vit_ltkd.yaml --output-dir /home/data4t2/czhDir/PromptKD/output/long_tail_three_stage_csc_tiny_vit_ltkd/5m_1k/alpha1.0_beta8.0_T4.0_warmup20/dtd/longtail_if0.1_ltseed0/seed1_npu1 DATASET.NUM_SHOTS -1 DATASET.LONG_TAIL.IMB_FACTOR 0.1 DATASET.LONG_TAIL.SEED 0 DATALOADER.TRAIN_X.SAMPLER RandomSampler DATALOADER.TEST.BATCH_SIZE 16 OPTIM.MAX_EPOCH 130 TRAINER.COOP_THREE_STAGE_CSC.CSC_START_EPOCH 55 TRAINER.COOP_THREE_STAGE_CSC.PHASE2_LR 0.001 TRAINER.COOP_THREE_STAGE_CSC.PHASE3_LR 0.01 TRAINER.COOP_THREE_STAGE_CSC.BETA 0.9999 TRAINER.COOP_THREE_STAGE_VIT.VARIANT 5m TRAINER.COOP_THREE_STAGE_VIT.PRETRAINED_TYPE 1k TRAINER.COOP_THREE_STAGE_VIT.STUDENT_LR 0.00005 TRAINER.COOP_THREE_STAGE_CSC_LTKD.ALPHA 1.0 TRAINER.COOP_THREE_STAGE_CSC_LTKD.BETA 8.0 TRAINER.COOP_THREE_STAGE_CSC_LTKD.TEMPERATURE 4.0 TRAINER.COOP_THREE_STAGE_CSC_LTKD.WARMUP 20
2175763 pt_data_worker  /home/data4t1/wangjielei/anaconda3/envs/dassl/bin/python train.py --root /home/data4t2/hxwDir/data --seed 1 --trainer CoOpThreeStageCSCTinyViTLTKD --dataset-config-file configs/datasets/long_tail/dtd_lt.yaml --config-file configs/trainers/CoOp/vit_b16_ep130_three_stage_csc_tiny_vit_ltkd.yaml --output-dir /home/data4t2/czhDir/PromptKD/output/long_tail_three_stage_csc_tiny_vit_ltkd/5m_1k/alpha1.0_beta8.0_T4.0_warmup20/dtd/longtail_if0.1_ltseed0/seed1_npu1 DATASET.NUM_SHOTS -1 DATASET.LONG_TAIL.IMB_FACTOR 0.1 DATASET.LONG_TAIL.SEED 0 DATALOADER.TRAIN_X.SAMPLER RandomSampler DATALOADER.TEST.BATCH_SIZE 16 OPTIM.MAX_EPOCH 130 TRAINER.COOP_THREE_STAGE_CSC.CSC_START_EPOCH 55 TRAINER.COOP_THREE_STAGE_CSC.PHASE2_LR 0.001 TRAINER.COOP_THREE_STAGE_CSC.PHASE3_LR 0.01 TRAINER.COOP_THREE_STAGE_CSC.BETA 0.9999 TRAINER.COOP_THREE_STAGE_VIT.VARIANT 5m TRAINER.COOP_THREE_STAGE_VIT.PRETRAINED_TYPE 1k TRAINER.COOP_THREE_STAGE_VIT.STUDENT_LR 0.00005 TRAINER.COOP_THREE_STAGE_CSC_LTKD.ALPHA 1.0 TRAINER.COOP_THREE_STAGE_CSC_LTKD.BETA 8.0 TRAINER.COOP_THREE_STAGE_CSC_LTKD.TEMPERATURE 4.0 TRAINER.COOP_THREE_STAGE_CSC_LTKD.WARMUP 20
2175782 pt_data_worker  /home/data4t1/wangjielei/anaconda3/envs/dassl/bin/python train.py --root /home/data4t2/hxwDir/data --seed 1 --trainer CoOpThreeStageCSCTinyViTLTKD --dataset-config-file configs/datasets/long_tail/fgvc_aircraft_lt.yaml --config-file configs/trainers/CoOp/vit_b16_ep130_three_stage_csc_tiny_vit_ltkd.yaml --output-dir /home/data4t2/czhDir/PromptKD/output/long_tail_three_stage_csc_tiny_vit_ltkd/5m_1k/alpha1.0_beta8.0_T4.0_warmup20/aircraft/longtail_if0.1_ltseed0/seed1_npu3 DATASET.NUM_SHOTS -1 DATASET.LONG_TAIL.IMB_FACTOR 0.1 DATASET.LONG_TAIL.SEED 0 DATALOADER.TRAIN_X.SAMPLER RandomSampler DATALOADER.TEST.BATCH_SIZE 16 OPTIM.MAX_EPOCH 130 TRAINER.COOP_THREE_STAGE_CSC.CSC_START_EPOCH 55 TRAINER.COOP_THREE_STAGE_CSC.PHASE2_LR 0.001 TRAINER.COOP_THREE_STAGE_CSC.PHASE3_LR 0.01 TRAINER.COOP_THREE_STAGE_CSC.BETA 0.9999 TRAINER.COOP_THREE_STAGE_VIT.VARIANT 5m TRAINER.COOP_THREE_STAGE_VIT.PRETRAINED_TYPE 1k TRAINER.COOP_THREE_STAGE_VIT.STUDENT_LR 0.00005 TRAINER.COOP_THREE_STAGE_CSC_LTKD.ALPHA 1.0 TRAINER.COOP_THREE_STAGE_CSC_LTKD.BETA 8.0 TRAINER.COOP_THREE_STAGE_CSC_LTKD.TEMPERATURE 4.0 TRAINER.COOP_THREE_STAGE_CSC_LTKD.WARMUP 20
2175805 pt_data_worker  /home/data4t1/wangjielei/anaconda3/envs/dassl/bin/python train.py --root /home/data4t2/hxwDir/data --seed 1 --trainer CoOpThreeStageCSCTinyViTLTKD --dataset-config-file configs/datasets/long_tail/dtd_lt.yaml --config-file configs/trainers/CoOp/vit_b16_ep130_three_stage_csc_tiny_vit_ltkd.yaml --output-dir /home/data4t2/czhDir/PromptKD/output/long_tail_three_stage_csc_tiny_vit_ltkd/5m_1k/alpha1.0_beta8.0_T4.0_warmup20/dtd/longtail_if0.1_ltseed0/seed1_npu1 DATASET.NUM_SHOTS -1 DATASET.LONG_TAIL.IMB_FACTOR 0.1 DATASET.LONG_TAIL.SEED 0 DATALOADER.TRAIN_X.SAMPLER RandomSampler DATALOADER.TEST.BATCH_SIZE 16 OPTIM.MAX_EPOCH 130 TRAINER.COOP_THREE_STAGE_CSC.CSC_START_EPOCH 55 TRAINER.COOP_THREE_STAGE_CSC.PHASE2_LR 0.001 TRAINER.COOP_THREE_STAGE_CSC.PHASE3_LR 0.01 TRAINER.COOP_THREE_STAGE_CSC.BETA 0.9999 TRAINER.COOP_THREE_STAGE_VIT.VARIANT 5m TRAINER.COOP_THREE_STAGE_VIT.PRETRAINED_TYPE 1k TRAINER.COOP_THREE_STAGE_VIT.STUDENT_LR 0.00005 TRAINER.COOP_THREE_STAGE_CSC_LTKD.ALPHA 1.0 TRAINER.COOP_THREE_STAGE_CSC_LTKD.BETA 8.0 TRAINER.COOP_THREE_STAGE_CSC_LTKD.TEMPERATURE 4.0 TRAINER.COOP_THREE_STAGE_CSC_LTKD.WARMUP 20
2175824 pt_data_worker  /home/data4t1/wangjielei/anaconda3/envs/dassl/bin/python train.py --root /home/data4t2/hxwDir/data --seed 1 --trainer CoOpThreeStageCSCTinyViTLTKD --dataset-config-file configs/datasets/long_tail/fgvc_aircraft_lt.yaml --config-file configs/trainers/CoOp/vit_b16_ep130_three_stage_csc_tiny_vit_ltkd.yaml --output-dir /home/data4t2/czhDir/PromptKD/output/long_tail_three_stage_csc_tiny_vit_ltkd/5m_1k/alpha1.0_beta8.0_T4.0_warmup20/aircraft/longtail_if0.1_ltseed0/seed1_npu3 DATASET.NUM_SHOTS -1 DATASET.LONG_TAIL.IMB_FACTOR 0.1 DATASET.LONG_TAIL.SEED 0 DATALOADER.TRAIN_X.SAMPLER RandomSampler DATALOADER.TEST.BATCH_SIZE 16 OPTIM.MAX_EPOCH 130 TRAINER.COOP_THREE_STAGE_CSC.CSC_START_EPOCH 55 TRAINER.COOP_THREE_STAGE_CSC.PHASE2_LR 0.001 TRAINER.COOP_THREE_STAGE_CSC.PHASE3_LR 0.01 TRAINER.COOP_THREE_STAGE_CSC.BETA 0.9999 TRAINER.COOP_THREE_STAGE_VIT.VARIANT 5m TRAINER.COOP_THREE_STAGE_VIT.PRETRAINED_TYPE 1k TRAINER.COOP_THREE_STAGE_VIT.STUDENT_LR 0.00005 TRAINER.COOP_THREE_STAGE_CSC_LTKD.ALPHA 1.0 TRAINER.COOP_THREE_STAGE_CSC_LTKD.BETA 8.0 TRAINER.COOP_THREE_STAGE_CSC_LTKD.TEMPERATURE 4.0 TRAINER.COOP_THREE_STAGE_CSC_LTKD.WARMUP 20
2175843 pt_data_worker  /home/data4t1/wangjielei/anaconda3/envs/dassl/bin/python train.py --root /home/data4t2/hxwDir/data --seed 1 --trainer CoOpThreeStageCSCTinyViTLTKD --dataset-config-file configs/datasets/long_tail/dtd_lt.yaml --config-file configs/trainers/CoOp/vit_b16_ep130_three_stage_csc_tiny_vit_ltkd.yaml --output-dir /home/data4t2/czhDir/PromptKD/output/long_tail_three_stage_csc_tiny_vit_ltkd/5m_1k/alpha1.0_beta8.0_T4.0_warmup20/dtd/longtail_if0.1_ltseed0/seed1_npu1 DATASET.NUM_SHOTS -1 DATASET.LONG_TAIL.IMB_FACTOR 0.1 DATASET.LONG_TAIL.SEED 0 DATALOADER.TRAIN_X.SAMPLER RandomSampler DATALOADER.TEST.BATCH_SIZE 16 OPTIM.MAX_EPOCH 130 TRAINER.COOP_THREE_STAGE_CSC.CSC_START_EPOCH 55 TRAINER.COOP_THREE_STAGE_CSC.PHASE2_LR 0.001 TRAINER.COOP_THREE_STAGE_CSC.PHASE3_LR 0.01 TRAINER.COOP_THREE_STAGE_CSC.BETA 0.9999 TRAINER.COOP_THREE_STAGE_VIT.VARIANT 5m TRAINER.COOP_THREE_STAGE_VIT.PRETRAINED_TYPE 1k TRAINER.COOP_THREE_STAGE_VIT.STUDENT_LR 0.00005 TRAINER.COOP_THREE_STAGE_CSC_LTKD.ALPHA 1.0 TRAINER.COOP_THREE_STAGE_CSC_LTKD.BETA 8.0 TRAINER.COOP_THREE_STAGE_CSC_LTKD.TEMPERATURE 4.0 TRAINER.COOP_THREE_STAGE_CSC_LTKD.WARMUP 20
2175876 pt_data_worker  /home/data4t1/wangjielei/anaconda3/envs/dassl/bin/python train.py --root /home/data4t2/hxwDir/data --seed 1 --trainer CoOpThreeStageCSCTinyViTLTKD --dataset-config-file configs/datasets/long_tail/fgvc_aircraft_lt.yaml --config-file configs/trainers/CoOp/vit_b16_ep130_three_stage_csc_tiny_vit_ltkd.yaml --output-dir /home/data4t2/czhDir/PromptKD/output/long_tail_three_stage_csc_tiny_vit_ltkd/5m_1k/alpha1.0_beta8.0_T4.0_warmup20/aircraft/longtail_if0.1_ltseed0/seed1_npu3 DATASET.NUM_SHOTS -1 DATASET.LONG_TAIL.IMB_FACTOR 0.1 DATASET.LONG_TAIL.SEED 0 DATALOADER.TRAIN_X.SAMPLER RandomSampler DATALOADER.TEST.BATCH_SIZE 16 OPTIM.MAX_EPOCH 130 TRAINER.COOP_THREE_STAGE_CSC.CSC_START_EPOCH 55 TRAINER.COOP_THREE_STAGE_CSC.PHASE2_LR 0.001 TRAINER.COOP_THREE_STAGE_CSC.PHASE3_LR 0.01 TRAINER.COOP_THREE_STAGE_CSC.BETA 0.9999 TRAINER.COOP_THREE_STAGE_VIT.VARIANT 5m TRAINER.COOP_THREE_STAGE_VIT.PRETRAINED_TYPE 1k TRAINER.COOP_THREE_STAGE_VIT.STUDENT_LR 0.00005 TRAINER.COOP_THREE_STAGE_CSC_LTKD.ALPHA 1.0 TRAINER.COOP_THREE_STAGE_CSC_LTKD.BETA 8.0 TRAINER.COOP_THREE_STAGE_CSC_LTKD.TEMPERATURE 4.0 TRAINER.COOP_THREE_STAGE_CSC_LTKD.WARMUP 20
2175915 pt_data_worker  /home/data4t1/wangjielei/anaconda3/envs/dassl/bin/python train.py --root /home/data4t2/hxwDir/data --seed 1 --trainer CoOpThreeStageCSCTinyViTLTKD --dataset-config-file configs/datasets/long_tail/fgvc_aircraft_lt.yaml --config-file configs/trainers/CoOp/vit_b16_ep130_three_stage_csc_tiny_vit_ltkd.yaml --output-dir /home/data4t2/czhDir/PromptKD/output/long_tail_three_stage_csc_tiny_vit_ltkd/5m_1k/alpha1.0_beta8.0_T4.0_warmup20/aircraft/longtail_if0.1_ltseed0/seed1_npu3 DATASET.NUM_SHOTS -1 DATASET.LONG_TAIL.IMB_FACTOR 0.1 DATASET.LONG_TAIL.SEED 0 DATALOADER.TRAIN_X.SAMPLER RandomSampler DATALOADER.TEST.BATCH_SIZE 16 OPTIM.MAX_EPOCH 130 TRAINER.COOP_THREE_STAGE_CSC.CSC_START_EPOCH 55 TRAINER.COOP_THREE_STAGE_CSC.PHASE2_LR 0.001 TRAINER.COOP_THREE_STAGE_CSC.PHASE3_LR 0.01 TRAINER.COOP_THREE_STAGE_CSC.BETA 0.9999 TRAINER.COOP_THREE_STAGE_VIT.VARIANT 5m TRAINER.COOP_THREE_STAGE_VIT.PRETRAINED_TYPE 1k TRAINER.COOP_THREE_STAGE_VIT.STUDENT_LR 0.00005 TRAINER.COOP_THREE_STAGE_CSC_LTKD.ALPHA 1.0 TRAINER.COOP_THREE_STAGE_CSC_LTKD.BETA 8.0 TRAINER.COOP_THREE_STAGE_CSC_LTKD.TEMPERATURE 4.0 TRAINER.COOP_THREE_STAGE_CSC_LTKD.WARMUP 20
2175987 pt_data_worker  /home/data4t1/wangjielei/anaconda3/envs/dassl/bin/python train.py --root /home/data4t2/hxwDir/data --seed 1 --trainer CoOpThreeStageCSCTinyViTLTKD --dataset-config-file configs/datasets/long_tail/fgvc_aircraft_lt.yaml --config-file configs/trainers/CoOp/vit_b16_ep130_three_stage_csc_tiny_vit_ltkd.yaml --output-dir /home/data4t2/czhDir/PromptKD/output/long_tail_three_stage_csc_tiny_vit_ltkd/5m_1k/alpha1.0_beta8.0_T4.0_warmup20/aircraft/longtail_if0.1_ltseed0/seed1_npu3 DATASET.NUM_SHOTS -1 DATASET.LONG_TAIL.IMB_FACTOR 0.1 DATASET.LONG_TAIL.SEED 0 DATALOADER.TRAIN_X.SAMPLER RandomSampler DATALOADER.TEST.BATCH_SIZE 16 OPTIM.MAX_EPOCH 130 TRAINER.COOP_THREE_STAGE_CSC.CSC_START_EPOCH 55 TRAINER.COOP_THREE_STAGE_CSC.PHASE2_LR 0.001 TRAINER.COOP_THREE_STAGE_CSC.PHASE3_LR 0.01 TRAINER.COOP_THREE_STAGE_CSC.BETA 0.9999 TRAINER.COOP_THREE_STAGE_VIT.VARIANT 5m TRAINER.COOP_THREE_STAGE_VIT.PRETRAINED_TYPE 1k TRAINER.COOP_THREE_STAGE_VIT.STUDENT_LR 0.00005 TRAINER.COOP_THREE_STAGE_CSC_LTKD.ALPHA 1.0 TRAINER.COOP_THREE_STAGE_CSC_LTKD.BETA 8.0 TRAINER.COOP_THREE_STAGE_CSC_LTKD.TEMPERATURE 4.0 TRAINER.COOP_THREE_STAGE_CSC_LTKD.WARMUP 20
2176015 pt_data_worker  /home/data4t1/wangjielei/anaconda3/envs/dassl/bin/python train.py --root /home/data4t2/hxwDir/data --seed 1 --trainer CoOpThreeStageCSCTinyViTLTKD --dataset-config-file configs/datasets/long_tail/fgvc_aircraft_lt.yaml --config-file configs/trainers/CoOp/vit_b16_ep130_three_stage_csc_tiny_vit_ltkd.yaml --output-dir /home/data4t2/czhDir/PromptKD/output/long_tail_three_stage_csc_tiny_vit_ltkd/5m_1k/alpha1.0_beta8.0_T4.0_warmup20/aircraft/longtail_if0.1_ltseed0/seed1_npu3 DATASET.NUM_SHOTS -1 DATASET.LONG_TAIL.IMB_FACTOR 0.1 DATASET.LONG_TAIL.SEED 0 DATALOADER.TRAIN_X.SAMPLER RandomSampler DATALOADER.TEST.BATCH_SIZE 16 OPTIM.MAX_EPOCH 130 TRAINER.COOP_THREE_STAGE_CSC.CSC_START_EPOCH 55 TRAINER.COOP_THREE_STAGE_CSC.PHASE2_LR 0.001 TRAINER.COOP_THREE_STAGE_CSC.PHASE3_LR 0.01 TRAINER.COOP_THREE_STAGE_CSC.BETA 0.9999 TRAINER.COOP_THREE_STAGE_VIT.VARIANT 5m TRAINER.COOP_THREE_STAGE_VIT.PRETRAINED_TYPE 1k TRAINER.COOP_THREE_STAGE_VIT.STUDENT_LR 0.00005 TRAINER.COOP_THREE_STAGE_CSC_LTKD.ALPHA 1.0 TRAINER.COOP_THREE_STAGE_CSC_LTKD.BETA 8.0 TRAINER.COOP_THREE_STAGE_CSC_LTKD.TEMPERATURE 4.0 TRAINER.COOP_THREE_STAGE_CSC_LTKD.WARMUP 20
2176053 pt_data_worker  /home/data4t1/wangjielei/anaconda3/envs/dassl/bin/python train.py --root /home/data4t2/hxwDir/data --seed 1 --trainer CoOpThreeStageCSCTinyViTLTKD --dataset-config-file configs/datasets/long_tail/fgvc_aircraft_lt.yaml --config-file configs/trainers/CoOp/vit_b16_ep130_three_stage_csc_tiny_vit_ltkd.yaml --output-dir /home/data4t2/czhDir/PromptKD/output/long_tail_three_stage_csc_tiny_vit_ltkd/5m_1k/alpha1.0_beta8.0_T4.0_warmup20/aircraft/longtail_if0.1_ltseed0/seed1_npu3 DATASET.NUM_SHOTS -1 DATASET.LONG_TAIL.IMB_FACTOR 0.1 DATASET.LONG_TAIL.SEED 0 DATALOADER.TRAIN_X.SAMPLER RandomSampler DATALOADER.TEST.BATCH_SIZE 16 OPTIM.MAX_EPOCH 130 TRAINER.COOP_THREE_STAGE_CSC.CSC_START_EPOCH 55 TRAINER.COOP_THREE_STAGE_CSC.PHASE2_LR 0.001 TRAINER.COOP_THREE_STAGE_CSC.PHASE3_LR 0.01 TRAINER.COOP_THREE_STAGE_CSC.BETA 0.9999 TRAINER.COOP_THREE_STAGE_VIT.VARIANT 5m TRAINER.COOP_THREE_STAGE_VIT.PRETRAINED_TYPE 1k TRAINER.COOP_THREE_STAGE_VIT.STUDENT_LR 0.00005 TRAINER.COOP_THREE_STAGE_CSC_LTKD.ALPHA 1.0 TRAINER.COOP_THREE_STAGE_CSC_LTKD.BETA 8.0 TRAINER.COOP_THREE_STAGE_CSC_LTKD.TEMPERATURE 4.0 TRAINER.COOP_THREE_STAGE_CSC_LTKD.WARMUP 20
2176095 pt_data_worker  /home/data4t1/wangjielei/anaconda3/envs/dassl/bin/python train.py --root /home/data4t2/hxwDir/data --seed 1 --trainer CoOpThreeStageCSCTinyViTLTKD --dataset-config-file configs/datasets/long_tail/fgvc_aircraft_lt.yaml --config-file configs/trainers/CoOp/vit_b16_ep130_three_stage_csc_tiny_vit_ltkd.yaml --output-dir /home/data4t2/czhDir/PromptKD/output/long_tail_three_stage_csc_tiny_vit_ltkd/5m_1k/alpha1.0_beta8.0_T4.0_warmup20/aircraft/longtail_if0.1_ltseed0/seed1_npu3 DATASET.NUM_SHOTS -1 DATASET.LONG_TAIL.IMB_FACTOR 0.1 DATASET.LONG_TAIL.SEED 0 DATALOADER.TRAIN_X.SAMPLER RandomSampler DATALOADER.TEST.BATCH_SIZE 16 OPTIM.MAX_EPOCH 130 TRAINER.COOP_THREE_STAGE_CSC.CSC_START_EPOCH 55 TRAINER.COOP_THREE_STAGE_CSC.PHASE2_LR 0.001 TRAINER.COOP_THREE_STAGE_CSC.PHASE3_LR 0.01 TRAINER.COOP_THREE_STAGE_CSC.BETA 0.9999 TRAINER.COOP_THREE_STAGE_VIT.VARIANT 5m TRAINER.COOP_THREE_STAGE_VIT.PRETRAINED_TYPE 1k TRAINER.COOP_THREE_STAGE_VIT.STUDENT_LR 0.00005 TRAINER.COOP_THREE_STAGE_CSC_LTKD.ALPHA 1.0 TRAINER.COOP_THREE_STAGE_CSC_LTKD.BETA 8.0 TRAINER.COOP_THREE_STAGE_CSC_LTKD.TEMPERATURE 4.0 TRAINER.COOP_THREE_STAGE_CSC_LTKD.WARMUP 20
2176414 kworker/u392:0  [kworker/u392:0]
2176423 MainThread      /home/data4t1/wangjielei/.vscode-server/cli/servers/Stable-a44adf7f53e00964ab890f9f8758a334f1fc15bc/server/node /home/data4t1/wangjielei/.vscode-server/extensions/ms-python.vscode-pylance-2026.4.1/dist/server.bundle.js --cancellationReceive=file:57a720bd65d71f7b79ad37ecce4c98d21fc44b9d8b --node-ipc --clientProcessId=422238
2176911 bash            /bin/bash -lc snapshot='本地实验/ROW-SCALE-HOIST-X/V058/device-snapshot-before-correctness-20261008T1635Z.log' {   date -u +%Y-%m-%dT%H:%M:%SZ   hostname   npu-smi info   for device_id in 0 1 2 3 4 5 6 7; do     npu-smi info -t usages -i "$device_id" 2>&1 || true   done   printf '\nPROCESS_SNAPSHOT\n'   ps -eo pid,comm,args } 2>&1 | tee "$snapshot"
2176923 bash            /bin/bash -lc snapshot='本地实验/ROW-SCALE-HOIST-X/V058/device-snapshot-before-correctness-20261008T1635Z.log' {   date -u +%Y-%m-%dT%H:%M:%SZ   hostname   npu-smi info   for device_id in 0 1 2 3 4 5 6 7; do     npu-smi info -t usages -i "$device_id" 2>&1 || true   done   printf '\nPROCESS_SNAPSHOT\n'   ps -eo pid,comm,args } 2>&1 | tee "$snapshot"
2176924 tee             tee 本地实验/ROW-SCALE-HOIST-X/V058/device-snapshot-before-correctness-20261008T1635Z.log
2177665 pt_data_worker  /home/data4t1/wangjielei/anaconda3/envs/dassl/bin/python train.py --root /home/data4t2/hxwDir/data --seed 1 --trainer CoOpThreeStageCSCTinyViTLTKD --dataset-config-file configs/datasets/long_tail/caltech101_lt.yaml --config-file configs/trainers/CoOp/vit_b16_ep130_three_stage_csc_tiny_vit_ltkd.yaml --output-dir /home/data4t2/czhDir/PromptKD/output/long_tail_three_stage_csc_tiny_vit_ltkd/5m_1k/alpha1.0_beta8.0_T4.0_warmup20/caltech101/longtail_if0.1_ltseed0/seed1_npu0 DATASET.NUM_SHOTS -1 DATASET.LONG_TAIL.IMB_FACTOR 0.1 DATASET.LONG_TAIL.SEED 0 DATALOADER.TRAIN_X.SAMPLER RandomSampler DATALOADER.TEST.BATCH_SIZE 16 OPTIM.MAX_EPOCH 130 TRAINER.COOP_THREE_STAGE_CSC.CSC_START_EPOCH 55 TRAINER.COOP_THREE_STAGE_CSC.PHASE2_LR 0.001 TRAINER.COOP_THREE_STAGE_CSC.PHASE3_LR 0.01 TRAINER.COOP_THREE_STAGE_CSC.BETA 0.9999 TRAINER.COOP_THREE_STAGE_VIT.VARIANT 5m TRAINER.COOP_THREE_STAGE_VIT.PRETRAINED_TYPE 1k TRAINER.COOP_THREE_STAGE_VIT.STUDENT_LR 0.00005 TRAINER.COOP_THREE_STAGE_CSC_LTKD.ALPHA 1.0 TRAINER.COOP_THREE_STAGE_CSC_LTKD.BETA 8.0 TRAINER.COOP_THREE_STAGE_CSC_LTKD.TEMPERATURE 4.0 TRAINER.COOP_THREE_STAGE_CSC_LTKD.WARMUP 20
2177726 pt_data_worker  /home/data4t1/wangjielei/anaconda3/envs/dassl/bin/python train.py --root /home/data4t2/hxwDir/data --seed 1 --trainer CoOpThreeStageCSCTinyViTLTKD --dataset-config-file configs/datasets/long_tail/caltech101_lt.yaml --config-file configs/trainers/CoOp/vit_b16_ep130_three_stage_csc_tiny_vit_ltkd.yaml --output-dir /home/data4t2/czhDir/PromptKD/output/long_tail_three_stage_csc_tiny_vit_ltkd/5m_1k/alpha1.0_beta8.0_T4.0_warmup20/caltech101/longtail_if0.1_ltseed0/seed1_npu0 DATASET.NUM_SHOTS -1 DATASET.LONG_TAIL.IMB_FACTOR 0.1 DATASET.LONG_TAIL.SEED 0 DATALOADER.TRAIN_X.SAMPLER RandomSampler DATALOADER.TEST.BATCH_SIZE 16 OPTIM.MAX_EPOCH 130 TRAINER.COOP_THREE_STAGE_CSC.CSC_START_EPOCH 55 TRAINER.COOP_THREE_STAGE_CSC.PHASE2_LR 0.001 TRAINER.COOP_THREE_STAGE_CSC.PHASE3_LR 0.01 TRAINER.COOP_THREE_STAGE_CSC.BETA 0.9999 TRAINER.COOP_THREE_STAGE_VIT.VARIANT 5m TRAINER.COOP_THREE_STAGE_VIT.PRETRAINED_TYPE 1k TRAINER.COOP_THREE_STAGE_VIT.STUDENT_LR 0.00005 TRAINER.COOP_THREE_STAGE_CSC_LTKD.ALPHA 1.0 TRAINER.COOP_THREE_STAGE_CSC_LTKD.BETA 8.0 TRAINER.COOP_THREE_STAGE_CSC_LTKD.TEMPERATURE 4.0 TRAINER.COOP_THREE_STAGE_CSC_LTKD.WARMUP 20
2177748 pt_data_worker  /home/data4t1/wangjielei/anaconda3/envs/dassl/bin/python train.py --root /home/data4t2/hxwDir/data --seed 1 --trainer CoOpThreeStageCSCTinyViTLTKD --dataset-config-file configs/datasets/long_tail/caltech101_lt.yaml --config-file configs/trainers/CoOp/vit_b16_ep130_three_stage_csc_tiny_vit_ltkd.yaml --output-dir /home/data4t2/czhDir/PromptKD/output/long_tail_three_stage_csc_tiny_vit_ltkd/5m_1k/alpha1.0_beta8.0_T4.0_warmup20/caltech101/longtail_if0.1_ltseed0/seed1_npu0 DATASET.NUM_SHOTS -1 DATASET.LONG_TAIL.IMB_FACTOR 0.1 DATASET.LONG_TAIL.SEED 0 DATALOADER.TRAIN_X.SAMPLER RandomSampler DATALOADER.TEST.BATCH_SIZE 16 OPTIM.MAX_EPOCH 130 TRAINER.COOP_THREE_STAGE_CSC.CSC_START_EPOCH 55 TRAINER.COOP_THREE_STAGE_CSC.PHASE2_LR 0.001 TRAINER.COOP_THREE_STAGE_CSC.PHASE3_LR 0.01 TRAINER.COOP_THREE_STAGE_CSC.BETA 0.9999 TRAINER.COOP_THREE_STAGE_VIT.VARIANT 5m TRAINER.COOP_THREE_STAGE_VIT.PRETRAINED_TYPE 1k TRAINER.COOP_THREE_STAGE_VIT.STUDENT_LR 0.00005 TRAINER.COOP_THREE_STAGE_CSC_LTKD.ALPHA 1.0 TRAINER.COOP_THREE_STAGE_CSC_LTKD.BETA 8.0 TRAINER.COOP_THREE_STAGE_CSC_LTKD.TEMPERATURE 4.0 TRAINER.COOP_THREE_STAGE_CSC_LTKD.WARMUP 20
2177769 pt_data_worker  /home/data4t1/wangjielei/anaconda3/envs/dassl/bin/python train.py --root /home/data4t2/hxwDir/data --seed 1 --trainer CoOpThreeStageCSCTinyViTLTKD --dataset-config-file configs/datasets/long_tail/caltech101_lt.yaml --config-file configs/trainers/CoOp/vit_b16_ep130_three_stage_csc_tiny_vit_ltkd.yaml --output-dir /home/data4t2/czhDir/PromptKD/output/long_tail_three_stage_csc_tiny_vit_ltkd/5m_1k/alpha1.0_beta8.0_T4.0_warmup20/caltech101/longtail_if0.1_ltseed0/seed1_npu0 DATASET.NUM_SHOTS -1 DATASET.LONG_TAIL.IMB_FACTOR 0.1 DATASET.LONG_TAIL.SEED 0 DATALOADER.TRAIN_X.SAMPLER RandomSampler DATALOADER.TEST.BATCH_SIZE 16 OPTIM.MAX_EPOCH 130 TRAINER.COOP_THREE_STAGE_CSC.CSC_START_EPOCH 55 TRAINER.COOP_THREE_STAGE_CSC.PHASE2_LR 0.001 TRAINER.COOP_THREE_STAGE_CSC.PHASE3_LR 0.01 TRAINER.COOP_THREE_STAGE_CSC.BETA 0.9999 TRAINER.COOP_THREE_STAGE_VIT.VARIANT 5m TRAINER.COOP_THREE_STAGE_VIT.PRETRAINED_TYPE 1k TRAINER.COOP_THREE_STAGE_VIT.STUDENT_LR 0.00005 TRAINER.COOP_THREE_STAGE_CSC_LTKD.ALPHA 1.0 TRAINER.COOP_THREE_STAGE_CSC_LTKD.BETA 8.0 TRAINER.COOP_THREE_STAGE_CSC_LTKD.TEMPERATURE 4.0 TRAINER.COOP_THREE_STAGE_CSC_LTKD.WARMUP 20
2177791 pt_data_worker  /home/data4t1/wangjielei/anaconda3/envs/dassl/bin/python train.py --root /home/data4t2/hxwDir/data --seed 1 --trainer CoOpThreeStageCSCTinyViTLTKD --dataset-config-file configs/datasets/long_tail/caltech101_lt.yaml --config-file configs/trainers/CoOp/vit_b16_ep130_three_stage_csc_tiny_vit_ltkd.yaml --output-dir /home/data4t2/czhDir/PromptKD/output/long_tail_three_stage_csc_tiny_vit_ltkd/5m_1k/alpha1.0_beta8.0_T4.0_warmup20/caltech101/longtail_if0.1_ltseed0/seed1_npu0 DATASET.NUM_SHOTS -1 DATASET.LONG_TAIL.IMB_FACTOR 0.1 DATASET.LONG_TAIL.SEED 0 DATALOADER.TRAIN_X.SAMPLER RandomSampler DATALOADER.TEST.BATCH_SIZE 16 OPTIM.MAX_EPOCH 130 TRAINER.COOP_THREE_STAGE_CSC.CSC_START_EPOCH 55 TRAINER.COOP_THREE_STAGE_CSC.PHASE2_LR 0.001 TRAINER.COOP_THREE_STAGE_CSC.PHASE3_LR 0.01 TRAINER.COOP_THREE_STAGE_CSC.BETA 0.9999 TRAINER.COOP_THREE_STAGE_VIT.VARIANT 5m TRAINER.COOP_THREE_STAGE_VIT.PRETRAINED_TYPE 1k TRAINER.COOP_THREE_STAGE_VIT.STUDENT_LR 0.00005 TRAINER.COOP_THREE_STAGE_CSC_LTKD.ALPHA 1.0 TRAINER.COOP_THREE_STAGE_CSC_LTKD.BETA 8.0 TRAINER.COOP_THREE_STAGE_CSC_LTKD.TEMPERATURE 4.0 TRAINER.COOP_THREE_STAGE_CSC_LTKD.WARMUP 20
2177865 pt_data_worker  /home/data4t1/wangjielei/anaconda3/envs/dassl/bin/python train.py --root /home/data4t2/hxwDir/data --seed 1 --trainer CoOpThreeStageCSCTinyViTLTKD --dataset-config-file configs/datasets/long_tail/caltech101_lt.yaml --config-file configs/trainers/CoOp/vit_b16_ep130_three_stage_csc_tiny_vit_ltkd.yaml --output-dir /home/data4t2/czhDir/PromptKD/output/long_tail_three_stage_csc_tiny_vit_ltkd/5m_1k/alpha1.0_beta8.0_T4.0_warmup20/caltech101/longtail_if0.1_ltseed0/seed1_npu0 DATASET.NUM_SHOTS -1 DATASET.LONG_TAIL.IMB_FACTOR 0.1 DATASET.LONG_TAIL.SEED 0 DATALOADER.TRAIN_X.SAMPLER RandomSampler DATALOADER.TEST.BATCH_SIZE 16 OPTIM.MAX_EPOCH 130 TRAINER.COOP_THREE_STAGE_CSC.CSC_START_EPOCH 55 TRAINER.COOP_THREE_STAGE_CSC.PHASE2_LR 0.001 TRAINER.COOP_THREE_STAGE_CSC.PHASE3_LR 0.01 TRAINER.COOP_THREE_STAGE_CSC.BETA 0.9999 TRAINER.COOP_THREE_STAGE_VIT.VARIANT 5m TRAINER.COOP_THREE_STAGE_VIT.PRETRAINED_TYPE 1k TRAINER.COOP_THREE_STAGE_VIT.STUDENT_LR 0.00005 TRAINER.COOP_THREE_STAGE_CSC_LTKD.ALPHA 1.0 TRAINER.COOP_THREE_STAGE_CSC_LTKD.BETA 8.0 TRAINER.COOP_THREE_STAGE_CSC_LTKD.TEMPERATURE 4.0 TRAINER.COOP_THREE_STAGE_CSC_LTKD.WARMUP 20
2177936 pt_data_worker  /home/data4t1/wangjielei/anaconda3/envs/dassl/bin/python train.py --root /home/data4t2/hxwDir/data --seed 1 --trainer CoOpThreeStageCSCTinyViTLTKD --dataset-config-file configs/datasets/long_tail/caltech101_lt.yaml --config-file configs/trainers/CoOp/vit_b16_ep130_three_stage_csc_tiny_vit_ltkd.yaml --output-dir /home/data4t2/czhDir/PromptKD/output/long_tail_three_stage_csc_tiny_vit_ltkd/5m_1k/alpha1.0_beta8.0_T4.0_warmup20/caltech101/longtail_if0.1_ltseed0/seed1_npu0 DATASET.NUM_SHOTS -1 DATASET.LONG_TAIL.IMB_FACTOR 0.1 DATASET.LONG_TAIL.SEED 0 DATALOADER.TRAIN_X.SAMPLER RandomSampler DATALOADER.TEST.BATCH_SIZE 16 OPTIM.MAX_EPOCH 130 TRAINER.COOP_THREE_STAGE_CSC.CSC_START_EPOCH 55 TRAINER.COOP_THREE_STAGE_CSC.PHASE2_LR 0.001 TRAINER.COOP_THREE_STAGE_CSC.PHASE3_LR 0.01 TRAINER.COOP_THREE_STAGE_CSC.BETA 0.9999 TRAINER.COOP_THREE_STAGE_VIT.VARIANT 5m TRAINER.COOP_THREE_STAGE_VIT.PRETRAINED_TYPE 1k TRAINER.COOP_THREE_STAGE_VIT.STUDENT_LR 0.00005 TRAINER.COOP_THREE_STAGE_CSC_LTKD.ALPHA 1.0 TRAINER.COOP_THREE_STAGE_CSC_LTKD.BETA 8.0 TRAINER.COOP_THREE_STAGE_CSC_LTKD.TEMPERATURE 4.0 TRAINER.COOP_THREE_STAGE_CSC_LTKD.WARMUP 20
2177958 pt_data_worker  /home/data4t1/wangjielei/anaconda3/envs/dassl/bin/python train.py --root /home/data4t2/hxwDir/data --seed 1 --trainer CoOpThreeStageCSCTinyViTLTKD --dataset-config-file configs/datasets/long_tail/caltech101_lt.yaml --config-file configs/trainers/CoOp/vit_b16_ep130_three_stage_csc_tiny_vit_ltkd.yaml --output-dir /home/data4t2/czhDir/PromptKD/output/long_tail_three_stage_csc_tiny_vit_ltkd/5m_1k/alpha1.0_beta8.0_T4.0_warmup20/caltech101/longtail_if0.1_ltseed0/seed1_npu0 DATASET.NUM_SHOTS -1 DATASET.LONG_TAIL.IMB_FACTOR 0.1 DATASET.LONG_TAIL.SEED 0 DATALOADER.TRAIN_X.SAMPLER RandomSampler DATALOADER.TEST.BATCH_SIZE 16 OPTIM.MAX_EPOCH 130 TRAINER.COOP_THREE_STAGE_CSC.CSC_START_EPOCH 55 TRAINER.COOP_THREE_STAGE_CSC.PHASE2_LR 0.001 TRAINER.COOP_THREE_STAGE_CSC.PHASE3_LR 0.01 TRAINER.COOP_THREE_STAGE_CSC.BETA 0.9999 TRAINER.COOP_THREE_STAGE_VIT.VARIANT 5m TRAINER.COOP_THREE_STAGE_VIT.PRETRAINED_TYPE 1k TRAINER.COOP_THREE_STAGE_VIT.STUDENT_LR 0.00005 TRAINER.COOP_THREE_STAGE_CSC_LTKD.ALPHA 1.0 TRAINER.COOP_THREE_STAGE_CSC_LTKD.BETA 8.0 TRAINER.COOP_THREE_STAGE_CSC_LTKD.TEMPERATURE 4.0 TRAINER.COOP_THREE_STAGE_CSC_LTKD.WARMUP 20
2178209 npu-smi         npu-smi info
2178252 npu-smi         npu-smi info
2178253 watch           watch -n 1 npu-smi info
2178254 sh              sh -c npu-smi info
2178255 npu-smi         npu-smi info
2178297 npu-smi         npu-smi info -t usages -i 4 -c 0
2178301 npu-smi         npu-smi info
2178337 npu-smi         npu-smi info
2178344 kworker/178:1-e [kworker/178:1-events]
2178371 ps              ps -eo pid,comm,args
2200224 screen          SCREEN -U
2200225 bash            /bin/bash
2228317 kworker/u393:3- [kworker/u393:3-dev7_sq_send_wq]
2268651 kworker/134:0-m [kworker/134:0-mm_percpu_wq]
2298726 bash            bash
2321236 sshd            sshd: wangjielei [priv]
2321420 sshd            sshd: wangjielei@notty
2321421 sh              sh
2321444 code-7debcd0e2a /home/data4t1/wangjielei/.vscode-server/code-7debcd0e2acdea1c52de81bf9ee1620444407dda command-shell --cli-data-dir /home/data4t1/wangjielei/.vscode-server/cli --parent-process-id 2321421 --on-host=127.0.0.1 --on-port
2321917 MainThread      /home/data4t1/wangjielei/.vscode-server/cli/servers/Stable-7debcd0e2acdea1c52de81bf9ee1620444407dda/server/node --dns-result-order=ipv4first /home/data4t1/wangjielei/.vscode-server/cli/servers/Stable-7debcd0e2acdea1c52de81bf9ee1620444407dda/server/out/bootstrap-fork --type=extensionHost --transformURIs --useHostProxy=false
2321933 MainThread      /home/data4t1/wangjielei/.vscode-server/cli/servers/Stable-7debcd0e2acdea1c52de81bf9ee1620444407dda/server/node /home/data4t1/wangjielei/.vscode-server/cli/servers/Stable-7debcd0e2acdea1c52de81bf9ee1620444407dda/server/out/bootstrap-fork --type=fileWatcher
2322725 kworker/u393:2- [kworker/u393:2-dev2_sq_send_wq]
2325147 codex           /home/data4t1/wangjielei/.vscode-server/extensions/openai.chatgpt-26.1002.51308-linux-arm64/bin/linux-aarch64/codex -c features.code_mode_host=true app-server --analytics-default-enabled
2325513 pet             /home/data4t1/wangjielei/.vscode-server/extensions/ms-python.vscode-python-envs-1.38.0-linux-arm64/python-env-tools/bin/pet server
2326134 ruff            /home/data4t1/wangjielei/.vscode-server/extensions/charliermarsh.ruff-2026.84.0-linux-arm64/bundled/libs/bin/ruff server
2326319 bash            /bin/bash --init-file /home/data4t1/wangjielei/.vscode-server/cli/servers/Stable-7debcd0e2acdea1c52de81bf9ee1620444407dda/server/out/vs/workbench/contrib/terminal/common/scripts/shellIntegration-bash.sh
2326845 MainThread      /home/data4t1/wangjielei/.vscode-server/cli/servers/Stable-7debcd0e2acdea1c52de81bf9ee1620444407dda/server/node /home/data4t1/wangjielei/.vscode-server/extensions/ms-python.vscode-pylance-2026.4.1/dist/server.bundle.js --cancellationReceive=file:b5a21978af509bcc0176b229f974cb065fd97d7b76 --node-ipc --clientProcessId=2321917
2342002 cli-proxy-api   ./cli-proxy-api
2356276 codex-code-mode /home/data4t1/wangjielei/.vscode-server/extensions/openai.chatgpt-26.1002.51308-linux-arm64/bin/linux-aarch64/codex-code-mode-host
2386437 nputop          /home/data4t1/wangjielei/anaconda3/bin/python3.10 /home/data4t1/wangjielei/anaconda3/bin/nputop
2386667 python          /home/data4t1/wangjielei/anaconda3/bin/python /home/data4t1/wangjielei/.vscode-server/extensions/ms-python.autopep8-2026.4.0/bundled/tool/lsp_server.py
2421507 ping            ping -n -W 3000 -c 1 -s 56 www.trae.cn
2429127 bash            -bash
2463034 MainThread      /home/data4t1/wangjielei/.vscode-server/cli/servers/Stable-7debcd0e2acdea1c52de81bf9ee1620444407dda/server/node /home/data4t1/wangjielei/.vscode-server/cli/servers/Stable-7debcd0e2acdea1c52de81bf9ee1620444407dda/server/extensions/json-language-features/server/dist/node/jsonServerMain --node-ipc --clientProcessId=2321917
2483105 watch           watch -n 1 npu-smi info
2532229 bash            bash /home/data4t2/czhDir/PromptKD/scripts/coop/run_part_c_reliability_all.sh 1 0.1
2532239 bash            bash /home/data4t2/czhDir/PromptKD/scripts/coop/run_part_c_reliability_all.sh 1 0.1
2532240 bash            bash /home/data4t2/czhDir/PromptKD/scripts/coop/run_part_c_reliability_all.sh 1 0.1
2540822 bash            bash
2546376 sshd            sshd: /usr/sbin/sshd -D [listener] 0 of 10-100 startups
2577230 screen          SCREEN -U
2577231 bash            /bin/bash
2598259 systemd         /lib/systemd/systemd --user
2598260 (sd-pam)        (sd-pam)
2598270 pipewire        /usr/bin/pipewire
2598271 pipewire-media- /usr/bin/pipewire-media-session
2598296 dbus-daemon     /usr/bin/dbus-daemon --session --address=systemd: --nofork --nopidfile --systemd-activation --syslog-only
2600649 bash            bash
2615502 bash            bash
2628808 kworker/u384:9- [kworker/u384:9-dev0_sq_fair_wq]
2632334 code-a5b5009513 /home/data4t1/hxw/.vscode-server/code-a5b500951314efd502d07465bd138dfbd714a960 --cli-data-dir /home/data4t1/hxw/.vscode-server/cli agent host
2644265 code-f6cfa2ea24 /home/data4t1/hxw/.vscode-server/code-f6cfa2ea2403534de03f069bdf160d06451ed282 --cli-data-dir /home/data4t1/hxw/.vscode-server/cli agent host
2645134 code-f6cfa2ea24 /home/data4t1/hxw/.vscode-server/code-f6cfa2ea2403534de03f069bdf160d06451ed282 --cli-data-dir /home/data4t1/hxw/.vscode-server/cli agent host
2646651 code-f6cfa2ea24 /home/data4t1/hxw/.vscode-server/code-f6cfa2ea2403534de03f069bdf160d06451ed282 --cli-data-dir /home/data4t1/hxw/.vscode-server/cli agent host
2647575 code-f6cfa2ea24 /home/data4t1/hxw/.vscode-server/code-f6cfa2ea2403534de03f069bdf160d06451ed282 --cli-data-dir /home/data4t1/hxw/.vscode-server/cli agent host
2656015 code-1b50d58d73 /home/data4t1/wangyu/.vscode-server/code-1b50d58d73426c9171299ec4037d01365d995b78 --cli-data-dir /home/data4t1/wangyu/.vscode-server/cli agent host
2677443 codex           /home/data4t1/hxw/.codex/packages/standalone/current/bin/codex app-server --remote-control --listen unix://
2699397 kworker/141:2-m [kworker/141:2-mm_percpu_wq]
2703819 systemd-network /lib/systemd/systemd-networkd
2703830 systemd-resolve /lib/systemd/systemd-resolved
2703838 systemd-journal /lib/systemd/systemd-journald
2703987 systemd-timesyn /lib/systemd/systemd-timesyncd
2707836 systemd-udevd   /lib/systemd/systemd-udevd
2712323 sshd            sshd: duanguiduo [priv]
2712675 sshd            sshd: duanguiduo
2731041 systemd         /lib/systemd/systemd --user
2731042 (sd-pam)        (sd-pam)
2731048 pipewire        /usr/bin/pipewire
2731049 pipewire-media- /usr/bin/pipewire-media-session
2731068 dbus-daemon     /usr/bin/dbus-daemon --session --address=systemd: --nofork --nopidfile --systemd-activation --syslog-only
2738255 codex-code-mode /home/data4t1/hxw/.codex/packages/standalone/releases/0.154.0-aarch64-unknown-linux-musl/bin/codex-code-mode-host
2749899 ping            ping -n -W 3000 -c 1 -s 56 a0ai.marscode.cn
2794782 ping            ping -n -W 3000 -c 1 -s 56 a0ai.marscode.cn
2833404 xfconfd         /usr/lib/aarch64-linux-gnu/xfce4/xfconf/xfconfd
2853273 systemd         /lib/systemd/systemd --user
2853274 (sd-pam)        (sd-pam)
2853282 pipewire        /usr/bin/pipewire
2853283 pipewire-media- /usr/bin/pipewire-media-session
2853303 dbus-daemon     /usr/bin/dbus-daemon --session --address=systemd: --nofork --nopidfile --systemd-activation --syslog-only
2857744 systemd         /lib/systemd/systemd --user
2857745 (sd-pam)        (sd-pam)
2857767 pipewire        /usr/bin/pipewire
2857768 pipewire-media- /usr/bin/pipewire-media-session
2857787 dbus-daemon     /usr/bin/dbus-daemon --session --address=systemd: --nofork --nopidfile --systemd-activation --syslog-only
2894305 sh              sh /home/data4t1/wangjielei/.vscode-server/cli/servers/Stable-a44adf7f53e00964ab890f9f8758a334f1fc15bc/server/bin/code-server --connection-token=remotessh --accept-server-license-terms --install-extension=ms-python.python --install-extension=ms-toolsai.jupyter-renderers --install-extension=ms-toolsai.jupyter-keymap --install-extension=ms-toolsai.jupyter --agent-host-bridge-port=39829 --agent-host-bridge-host=127.0.0.1 --start-server --enable-remote-auto-shutdown --socket-path=/tmp/code-f8531d84-13b8-4614-91f0-425796197ae6
2894309 MainThread      /home/data4t1/wangjielei/.vscode-server/cli/servers/Stable-a44adf7f53e00964ab890f9f8758a334f1fc15bc/server/node /home/data4t1/wangjielei/.vscode-server/cli/servers/Stable-a44adf7f53e00964ab890f9f8758a334f1fc15bc/server/out/server-main.js --connection-token=remotessh --accept-server-license-terms --install-extension=ms-python.python --install-extension=ms-toolsai.jupyter-renderers --install-extension=ms-toolsai.jupyter-keymap --install-extension=ms-toolsai.jupyter --agent-host-bridge-port=39829 --agent-host-bridge-host=127.0.0.1 --start-server --enable-remote-auto-shutdown --socket-path=/tmp/code-f8531d84-13b8-4614-91f0-425796197ae6
2894329 tmux: server    tmux new -n listen
2894330 bash            -bash
2894862 MainThread      /home/data4t1/wangjielei/.vscode-server/cli/servers/Stable-a44adf7f53e00964ab890f9f8758a334f1fc15bc/server/node /home/data4t1/wangjielei/.vscode-server/cli/servers/Stable-a44adf7f53e00964ab890f9f8758a334f1fc15bc/server/out/bootstrap-fork --type=ptyHost --logsPath /home/data4t1/wangjielei/.vscode-server/data/logs/20261007T072125
2895847 bash            /bin/bash --init-file /home/data4t1/wangjielei/.vscode-server/cli/servers/Stable-a44adf7f53e00964ab890f9f8758a334f1fc15bc/server/out/vs/workbench/contrib/terminal/common/scripts/shellIntegration-bash.sh
2899722 bash            /bin/bash --init-file /home/data4t1/wangjielei/.vscode-server/cli/servers/Stable-a44adf7f53e00964ab890f9f8758a334f1fc15bc/server/out/vs/workbench/contrib/terminal/common/scripts/shellIntegration-bash.sh
2901429 sh              /bin/sh -c /home/data4t1/wangjielei/.lingma/vscode/bin/2.6.10/aarch64_linux/Lingma start --workDir /home/data4t1/wangjielei/.lingma/vscode/sharedClientCache
2901437 Lingma          /home/data4t1/wangjielei/.lingma/vscode/bin/2.6.10/aarch64_linux/Lingma start --workDir /home/data4t1/wangjielei/.lingma/vscode/sharedClientCache
2903888 sshfs           .tools/sshfs-root/usr/bin/sshfs 84090:/home/adaspace/.hxw/mopd-assets/runs/mathif-composition-analysis60-20260927t1357z /home/data4t2/hxwDir/hxw_moved/.codex-mopd-control/mathif-composition-analysis60-20260927t1357z -o ro,reconnect,ServerAliveInterval=15,ServerAliveCountMax=3
2903984 ssh             ssh -x -a -oClearAllForwardings=yes -oServerAliveInterval=15 -oServerAliveCountMax=3 -2 84090 -s sftp
2914109 bash            -bash
2915079 bash            -bash
2916664 nputop          /home/data4t1/hxw/anaconda3/bin/python3.10 /home/data4t1/hxw/anaconda3/bin/nputop
2927225 kworker/u384:2+ [kworker/u384:2+dev0_sq_fair_wq]
2937312 tmux: server    tmux new-session -d -s exprun-c10 -n 0
2956927 sshd            sshd: ubuntu [priv]
2957025 systemd         /lib/systemd/systemd --user
2957028 (sd-pam)        (sd-pam)
2957057 pipewire        /usr/bin/pipewire
2957058 pipewire-media- /usr/bin/pipewire-media-session
2957061 pulseaudio      /usr/bin/pulseaudio --daemonize=no --log-target=journal
2957073 dbus-daemon     /usr/bin/dbus-daemon --session --address=systemd: --nofork --nopidfile --systemd-activation --syslog-only
2957286 sshd            sshd: ubuntu@pts/7,pts/26
2957287 bash            -bash
2973534 bash            -bash
2991304 python          /home/data4t2/hxwDir/hxw_moved/conda_envs/opd/bin/python -m tools.visual_opd.llm_eval_browser.server --data-root /home/data4t2/hxwDir/hxw_moved/verl-npu-opd/dataset/llm_eval --host 0.0.0.0 --port 8767
2991305 tee             tee -a /home/data4t2/hxwDir/hxw_moved/opd-resources/runs/web/llm-eval-browser-8767/server.log
2992910 vllm            /home/data4t1/zhangkaijie/conda/envs/qwen38_a2/bin/python3.12 /home/data4t1/zhangkaijie/conda/envs/qwen38_a2/bin/vllm serve /home/data4t2/models/Qwen3.8-27B-w8a8 --host 0.0.0.0 --port 9000 --tensor-parallel-size 1 --max-model-len 200000 --max-num-seqs 8 --max-num-batched-tokens 16384 --enable-prefix-caching --trust-remote-code --speculative-config {"method":"mtp","num_speculative_tokens":4} --enable-auto-tool-choice --tool-call-parser qwen3_coder --gpu-memory-utilization 0.85
2999854 python3.12      /home/data4t1/zhangkaijie/conda/envs/qwen38_a2/bin/python3.12 -c from multiprocessing.resource_tracker import main;main(39)
2999855 VLLM::EngineCor VLLM::EngineCore
3007158 tmux: server    tmux -S /home/data4t1/hxw/.claude/jobs/9391153f/tmp/tmux-agent.sock new-session -d -s agent -n work
3007561 bash            -bash
3007918 kworker/u393:1+ [kworker/u393:1+dev1_sq_send_wq]
3008420 python3.12      /home/data4t1/zhangkaijie/conda/envs/qwen38_a2/bin/python3.12 -c from multiprocessing.spawn import spawn_main; spawn_main(tracker_fd=40, pipe_handle=84) --multiprocessing-fork
3009726 python3.12      /home/data4t1/zhangkaijie/conda/envs/qwen38_a2/bin/python3.12 -c from multiprocessing.forkserver import main; main(81, 83, [], **{})
3009729 python3.12      /home/data4t1/zhangkaijie/conda/envs/qwen38_a2/bin/python3.12 -c from multiprocessing.forkserver import main; main(81, 83, [], **{})
3009731 python3.12      /home/data4t1/zhangkaijie/conda/envs/qwen38_a2/bin/python3.12 -c from multiprocessing.forkserver import main; main(81, 83, [], **{})
3009733 python3.12      /home/data4t1/zhangkaijie/conda/envs/qwen38_a2/bin/python3.12 -c from multiprocessing.forkserver import main; main(81, 83, [], **{})
3009734 python3.12      /home/data4t1/zhangkaijie/conda/envs/qwen38_a2/bin/python3.12 -c from multiprocessing.forkserver import main; main(81, 83, [], **{})
3009736 python3.12      /home/data4t1/zhangkaijie/conda/envs/qwen38_a2/bin/python3.12 -c from multiprocessing.forkserver import main; main(81, 83, [], **{})
3009739 python3.12      /home/data4t1/zhangkaijie/conda/envs/qwen38_a2/bin/python3.12 -c from multiprocessing.forkserver import main; main(81, 83, [], **{})
3009740 python3.12      /home/data4t1/zhangkaijie/conda/envs/qwen38_a2/bin/python3.12 -c from multiprocessing.forkserver import main; main(81, 83, [], **{})
3009741 python3.12      /home/data4t1/zhangkaijie/conda/envs/qwen38_a2/bin/python3.12 -c from multiprocessing.forkserver import main; main(81, 83, [], **{})
3009742 python3.12      /home/data4t1/zhangkaijie/conda/envs/qwen38_a2/bin/python3.12 -c from multiprocessing.forkserver import main; main(81, 83, [], **{})
3009773 python3.12      /home/data4t1/zhangkaijie/conda/envs/qwen38_a2/bin/python3.12 -c from multiprocessing.forkserver import main; main(81, 83, [], **{})
3009774 python3.12      /home/data4t1/zhangkaijie/conda/envs/qwen38_a2/bin/python3.12 -c from multiprocessing.forkserver import main; main(81, 83, [], **{})
3009775 python3.12      /home/data4t1/zhangkaijie/conda/envs/qwen38_a2/bin/python3.12 -c from multiprocessing.forkserver import main; main(81, 83, [], **{})
3009776 python3.12      /home/data4t1/zhangkaijie/conda/envs/qwen38_a2/bin/python3.12 -c from multiprocessing.forkserver import main; main(81, 83, [], **{})
3009777 python3.12      /home/data4t1/zhangkaijie/conda/envs/qwen38_a2/bin/python3.12 -c from multiprocessing.forkserver import main; main(81, 83, [], **{})
3009778 python3.12      /home/data4t1/zhangkaijie/conda/envs/qwen38_a2/bin/python3.12 -c from multiprocessing.forkserver import main; main(81, 83, [], **{})
3009779 python3.12      /home/data4t1/zhangkaijie/conda/envs/qwen38_a2/bin/python3.12 -c from multiprocessing.forkserver import main; main(81, 83, [], **{})
3009780 python3.12      /home/data4t1/zhangkaijie/conda/envs/qwen38_a2/bin/python3.12 -c from multiprocessing.forkserver import main; main(81, 83, [], **{})
3020591 packagekitd     /usr/libexec/packagekitd
3048602 kworker/139:1-m [kworker/139:1-mm_percpu_wq]
3065446 kworker/137:1-m [kworker/137:1-mm_percpu_wq]
3094688 kworker/122:0-e [kworker/122:0-events]
3095577 kworker/126:1-e [kworker/126:1-events]
3113689 bash            /bin/bash -c source /home/data4t1/hxw/.claude/shell-snapshots/snapshot-bash-1783000914291-uspi4h.sh 2>/dev/null || true && shopt -u extglob 2>/dev/null || true && eval 'chmod +x /home/data4t1/hxw/.claude/jobs/63617213/tmp/wait_attw_finish_and_summarize.sh /home/data4t1/hxw/.claude/jobs/63617213/tmp/wait_attw_finish_and_summarize.sh' < /dev/null && pwd -P >| /tmp/claude-3a88-cwd
3114223 bash            bash /home/data4t1/hxw/.claude/jobs/63617213/tmp/wait_attw_finish_and_summarize.sh
3116282 ssh             ssh -x -a -oClearAllForwardings=yes -oServerAliveInterval=15 -oServerAliveCountMax=3 -2 84090_2 -s sftp
3148858 kworker/133:2-m [kworker/133:2-mm_percpu_wq]
3150455 bash            bash /home/data4t2/czhDir/PromptKD/scripts/coop/long_tail_comparison.sh cifar100 longtail 1 0.1
3150467 python          /home/data4t1/wangjielei/anaconda3/envs/dassl/bin/python train.py --root /home/data4t2/czhDir/data --seed 1 --trainer CoOpThreeStageCSCTinyViT --dataset-config-file configs/datasets/cifar100_lt_if0.1.yaml --config-file configs/trainers/CoOp/vit_b16_ep130_three_stage_csc_tiny_vit.yaml --output-dir /home/data4t2/czhDir/PromptKD/output/long_tail_three_stage_csc_tiny_vit/5m_1k/cifar100/longtail_if0.1_ltseed0/seed1_npu1 DATASET.NUM_SHOTS -1 DATASET.CIFAR100_LT.IMB_FACTOR 0.1 DATASET.CIFAR100_LT.SEED 0 DATALOADER.TRAIN_X.SAMPLER RandomSampler DATALOADER.TEST.BATCH_SIZE 32 OPTIM.MAX_EPOCH 130 TRAINER.COOP_THREE_STAGE_CSC.CSC_START_EPOCH 55 TRAINER.COOP_THREE_STAGE_CSC.PHASE2_LR 0.001 TRAINER.COOP_THREE_STAGE_CSC.PHASE3_LR 0.01 TRAINER.COOP_THREE_STAGE_CSC.BETA 0.9999 TRAINER.COOP_THREE_STAGE_VIT.VARIANT 5m TRAINER.COOP_THREE_STAGE_VIT.PRETRAINED_TYPE 1k TRAINER.COOP_THREE_STAGE_VIT.STUDENT_LR 0.00005
3153172 xdg-document-po /usr/libexec/xdg-document-portal
3153178 xdg-permission- /usr/libexec/xdg-permission-store
3153184 fusermount3     fusermount3 -o rw,nosuid,nodev,fsname=portal,auto_unmount,subtype=portal -- /run/user/1003/doc
3156348 python          /home/data4t1/wangjielei/anaconda3/envs/dassl/bin/python train.py --root /home/data4t2/czhDir/data --seed 1 --trainer CoOpThreeStageCSCTinyViT --dataset-config-file configs/datasets/cifar100_lt_if0.1.yaml --config-file configs/trainers/CoOp/vit_b16_ep130_three_stage_csc_tiny_vit.yaml --output-dir /home/data4t2/czhDir/PromptKD/output/long_tail_three_stage_csc_tiny_vit/5m_1k/cifar100/longtail_if0.1_ltseed0/seed1_npu1 DATASET.NUM_SHOTS -1 DATASET.CIFAR100_LT.IMB_FACTOR 0.1 DATASET.CIFAR100_LT.SEED 0 DATALOADER.TRAIN_X.SAMPLER RandomSampler DATALOADER.TEST.BATCH_SIZE 32 OPTIM.MAX_EPOCH 130 TRAINER.COOP_THREE_STAGE_CSC.CSC_START_EPOCH 55 TRAINER.COOP_THREE_STAGE_CSC.PHASE2_LR 0.001 TRAINER.COOP_THREE_STAGE_CSC.PHASE3_LR 0.01 TRAINER.COOP_THREE_STAGE_CSC.BETA 0.9999 TRAINER.COOP_THREE_STAGE_VIT.VARIANT 5m TRAINER.COOP_THREE_STAGE_VIT.PRETRAINED_TYPE 1k TRAINER.COOP_THREE_STAGE_VIT.STUDENT_LR 0.00005
3156404 python          /home/data4t1/wangjielei/anaconda3/envs/dassl/bin/python -c from multiprocessing.resource_tracker import main;main(27)
3156405 python          /home/data4t1/wangjielei/anaconda3/envs/dassl/bin/python -c from multiprocessing.forkserver import main; main(27, 30, [], **{})
3156412 python          /home/data4t1/wangjielei/anaconda3/envs/dassl/bin/python -c from multiprocessing.forkserver import main; main(27, 30, [], **{})
3156413 python          /home/data4t1/wangjielei/anaconda3/envs/dassl/bin/python -c from multiprocessing.forkserver import main; main(27, 30, [], **{})
3156414 python          /home/data4t1/wangjielei/anaconda3/envs/dassl/bin/python -c from multiprocessing.forkserver import main; main(27, 30, [], **{})
3156415 python          /home/data4t1/wangjielei/anaconda3/envs/dassl/bin/python -c from multiprocessing.forkserver import main; main(27, 30, [], **{})
3156416 python          /home/data4t1/wangjielei/anaconda3/envs/dassl/bin/python -c from multiprocessing.forkserver import main; main(27, 30, [], **{})
3156417 python          /home/data4t1/wangjielei/anaconda3/envs/dassl/bin/python -c from multiprocessing.forkserver import main; main(27, 30, [], **{})
3156418 python          /home/data4t1/wangjielei/anaconda3/envs/dassl/bin/python -c from multiprocessing.forkserver import main; main(27, 30, [], **{})
3156419 python          /home/data4t1/wangjielei/anaconda3/envs/dassl/bin/python -c from multiprocessing.forkserver import main; main(27, 30, [], **{})
3156420 python          /home/data4t1/wangjielei/anaconda3/envs/dassl/bin/python -c from multiprocessing.forkserver import main; main(27, 30, [], **{})
3156437 ping            ping -n -W 3000 -c 1 -s 56 a0ai.marscode.cn
3156962 python          /home/data4t1/wangjielei/anaconda3/envs/dassl/bin/python -c from multiprocessing.forkserver import main; main(27, 30, [], **{})
3156963 python          /home/data4t1/wangjielei/anaconda3/envs/dassl/bin/python -c from multiprocessing.forkserver import main; main(27, 30, [], **{})
3156964 python          /home/data4t1/wangjielei/anaconda3/envs/dassl/bin/python -c from multiprocessing.forkserver import main; main(27, 30, [], **{})
3156965 python          /home/data4t1/wangjielei/anaconda3/envs/dassl/bin/python -c from multiprocessing.forkserver import main; main(27, 30, [], **{})
3156966 python          /home/data4t1/wangjielei/anaconda3/envs/dassl/bin/python -c from multiprocessing.forkserver import main; main(27, 30, [], **{})
3156967 python          /home/data4t1/wangjielei/anaconda3/envs/dassl/bin/python -c from multiprocessing.forkserver import main; main(27, 30, [], **{})
3156968 python          /home/data4t1/wangjielei/anaconda3/envs/dassl/bin/python -c from multiprocessing.forkserver import main; main(27, 30, [], **{})
3156969 python          /home/data4t1/wangjielei/anaconda3/envs/dassl/bin/python -c from multiprocessing.forkserver import main; main(27, 30, [], **{})
3156970 python          /home/data4t1/wangjielei/anaconda3/envs/dassl/bin/python -c from multiprocessing.forkserver import main; main(27, 30, [], **{})
3156971 python          /home/data4t1/wangjielei/anaconda3/envs/dassl/bin/python -c from multiprocessing.forkserver import main; main(27, 30, [], **{})
3156972 python          /home/data4t1/wangjielei/anaconda3/envs/dassl/bin/python -c from multiprocessing.forkserver import main; main(27, 30, [], **{})
3156973 python          /home/data4t1/wangjielei/anaconda3/envs/dassl/bin/python -c from multiprocessing.forkserver import main; main(27, 30, [], **{})
3156975 python          /home/data4t1/wangjielei/anaconda3/envs/dassl/bin/python -c from multiprocessing.forkserver import main; main(27, 30, [], **{})
3156977 python          /home/data4t1/wangjielei/anaconda3/envs/dassl/bin/python -c from multiprocessing.forkserver import main; main(27, 30, [], **{})
3156979 python          /home/data4t1/wangjielei/anaconda3/envs/dassl/bin/python -c from multiprocessing.forkserver import main; main(27, 30, [], **{})
3156980 python          /home/data4t1/wangjielei/anaconda3/envs/dassl/bin/python -c from multiprocessing.forkserver import main; main(27, 30, [], **{})
3156981 python          /home/data4t1/wangjielei/anaconda3/envs/dassl/bin/python -c from multiprocessing.forkserver import main; main(27, 30, [], **{})
3156982 python          /home/data4t1/wangjielei/anaconda3/envs/dassl/bin/python -c from multiprocessing.forkserver import main; main(27, 30, [], **{})
3156983 python          /home/data4t1/wangjielei/anaconda3/envs/dassl/bin/python -c from multiprocessing.forkserver import main; main(27, 30, [], **{})
3156984 python          /home/data4t1/wangjielei/anaconda3/envs/dassl/bin/python -c from multiprocessing.forkserver import main; main(27, 30, [], **{})
3156985 python          /home/data4t1/wangjielei/anaconda3/envs/dassl/bin/python -c from multiprocessing.forkserver import main; main(27, 30, [], **{})
3156986 python          /home/data4t1/wangjielei/anaconda3/envs/dassl/bin/python -c from multiprocessing.forkserver import main; main(27, 30, [], **{})
3156987 python          /home/data4t1/wangjielei/anaconda3/envs/dassl/bin/python -c from multiprocessing.forkserver import main; main(27, 30, [], **{})
3156988 python          /home/data4t1/wangjielei/anaconda3/envs/dassl/bin/python -c from multiprocessing.forkserver import main; main(27, 30, [], **{})
3156989 python          /home/data4t1/wangjielei/anaconda3/envs/dassl/bin/python -c from multiprocessing.forkserver import main; main(27, 30, [], **{})
3156990 python          /home/data4t1/wangjielei/anaconda3/envs/dassl/bin/python -c from multiprocessing.forkserver import main; main(27, 30, [], **{})
3156991 python          /home/data4t1/wangjielei/anaconda3/envs/dassl/bin/python -c from multiprocessing.forkserver import main; main(27, 30, [], **{})
3156992 python          /home/data4t1/wangjielei/anaconda3/envs/dassl/bin/python -c from multiprocessing.forkserver import main; main(27, 30, [], **{})
3156993 python          /home/data4t1/wangjielei/anaconda3/envs/dassl/bin/python -c from multiprocessing.forkserver import main; main(27, 30, [], **{})
3156994 python          /home/data4t1/wangjielei/anaconda3/envs/dassl/bin/python -c from multiprocessing.forkserver import main; main(27, 30, [], **{})
3156995 python          /home/data4t1/wangjielei/anaconda3/envs/dassl/bin/python -c from multiprocessing.forkserver import main; main(27, 30, [], **{})
3156998 python          /home/data4t1/wangjielei/anaconda3/envs/dassl/bin/python -c from multiprocessing.forkserver import main; main(27, 30, [], **{})
3158704 sshfs           .tools/sshfs-root/usr/bin/sshfs 84090:/home/adaspace/.hxw/mopd-assets/runs/mathif-composition-final60-20260927t1425z /home/data4t2/hxwDir/hxw_moved/.codex-mopd-control/mathif-composition-final60-20260927t1425z -o ro,reconnect,ServerAliveInterval=15,ServerAliveCountMax=3
3158784 kworker/121:2-m [kworker/121:2-mm_percpu_wq]
3158837 ssh             ssh -x -a -oClearAllForwardings=yes -oServerAliveInterval=15 -oServerAliveCountMax=3 -2 84090 -s sftp
3166463 systemd         /lib/systemd/systemd --user
3166464 (sd-pam)        (sd-pam)
3166473 pipewire        /usr/bin/pipewire
3166475 pipewire-media- /usr/bin/pipewire-media-session
3166499 dbus-daemon     /usr/bin/dbus-daemon --session --address=systemd: --nofork --nopidfile --systemd-activation --syslog-only
3170961 screen          SCREEN
3170962 bash            /bin/bash
3182512 python3         python3
3200650 kworker/130:0-r [kworker/130:0-rcu_gp]
3204868 ssh             ssh -x -a -oClearAllForwardings=yes -oServerAliveInterval=15 -oServerAliveCountMax=3 -2 84090_2 -s sftp
3208085 bash            -bash
3211149 bash            -bash
3217707 bash            -bash
3222747 mihomo          mihomo
3243812 sshfs           .tools/sshfs-root/usr/bin/sshfs 84090:/home/adaspace/.hxw/mopd-assets/runs/mathif-composition-subset12-20260927t1442z /home/data4t2/hxwDir/hxw_moved/.codex-mopd-control/mathif-composition-subset12-20260927t1442z -o ro,reconnect,ServerAliveInterval=15,ServerAliveCountMax=3
3244105 ssh             ssh -x -a -oClearAllForwardings=yes -oServerAliveInterval=15 -oServerAliveCountMax=3 -2 84090 -s sftp
3247443 ping            ping -n -W 3000 -c 1 -s 56 www.trae.cn
3256920 tmux: server    tmux new -s src
3256930 bash            -bash
3259754 bash            bash Anaconda3-2025.12-2-Linux-aarch64.sh
3260322 bash            -bash
3261798 kworker/170:1-e [kworker/170:1-events]
3267643 bash            -bash
3280459 server          /home/data4t1/hxw/.claude/remote/srv/5db5e4a12f88487e47c2c48259b69a2d630bb3f7/server --serve --socket /home/data4t1/hxw/.claude/remote/run/1ff1a5be/rpc.sock --token-file /home/data4t1/hxw/.claude/remote/run/1ff1a5be/token.e5222d0ec866ddd7
3298530 nvim            nvim -V1 run.sh
3298531 nvim            nvim --embed -V1 run.sh
3309470 kworker/125:1-m [kworker/125:1-mm_percpu_wq]
3379022 kworker/132:1-m [kworker/132:1-mm_percpu_wq]
3390266 kworker/129:0-m [kworker/129:0-mm_percpu_wq]
3427393 kworker/138:2-e [kworker/138:2-events]
3427795 kworker/u384:4+ [kworker/u384:4+dev5_sq_fair_wq]
3442496 kworker/u384:6- [kworker/u384:6-dev7_sq_fair_wq]
3471014 tmux: server    tmux -S /home/data4t1/hxw/.claude/jobs/9391153f/tmp/tmux-agent-e03-verify.sock new-session -d -s agent -n work -P -F #{pane_id}
3471294 bash            -bash
3483810 screen          SCREEN
3483811 bash            /bin/bash
3512618 screen          SCREEN -S rsync
3512619 bash            /bin/bash
3551711 containerd      /usr/bin/containerd
3551971 dockerd         /usr/bin/dockerd -H fd:// --containerd=/run/containerd/containerd.sock
3577972 rtkit-daemon    /usr/libexec/rtkit-daemon
3577979 irqbalance      /usr/sbin/irqbalance --foreground
3577998 multipathd      /sbin/multipathd -d -s
3578013 udisksd         /usr/libexec/udisks2/udisksd
3578024 xrdp-sesman     /usr/sbin/xrdp-sesman
3578056 xrdp            /usr/sbin/xrdp
3583169 bash            -bash
3607572 sshd            sshd: lelinfeng [priv]
3608141 sshd            sshd: lelinfeng@notty
3608186 codex           codex app-server proxy
3632535 tmux: server    tmux -S /home/data4t1/hxw/.claude/jobs/9391153f/tmp/tmux-agent-e03-verify-dynamic.sock new-session -d -s agent -n work -P -F #{pane_id}
3632697 bash            -bash
3657413 bash            /bin/bash --init-file /home/data4t1/wangjielei/.vscode-server/cli/servers/Stable-a44adf7f53e00964ab890f9f8758a334f1fc15bc/server/out/vs/workbench/contrib/terminal/common/scripts/shellIntegration-bash.sh
3722524 bash            -bash
3725008 bash            -bash
3730231 sshd            sshd: lelinfeng [priv]
3730761 sshd            sshd: lelinfeng@notty
3730837 token-monitor-c token-monitor-codex-usage
3832636 bash            -bash
3834144 bash            -bash
3834311 bash            /bin/bash --init-file /home/data4t1/wangjielei/.vscode-server/cli/servers/Stable-a44adf7f53e00964ab890f9f8758a334f1fc15bc/server/out/vs/workbench/contrib/terminal/common/scripts/shellIntegration-bash.sh
3834322 bash            -bash
3838590 python3.11      /home/data4t1/hxw/anaconda3/envs/opd/bin/python3.11 -u /home/data4t1/hxw/.hxw/inference.py --target-npus 4 --npu-ids 4 5 6 7 --model /home/data4t2/models/Qwen3-4B
3860603 bash            -bash
3879714 kworker/136:1-e [kworker/136:1-events]
3913612 systemd         /lib/systemd/systemd --user
3913613 (sd-pam)        (sd-pam)
3913666 pipewire        /usr/bin/pipewire
3913668 pipewire-media- /usr/bin/pipewire-media-session
3913694 dbus-daemon     /usr/bin/dbus-daemon --session --address=systemd: --nofork --nopidfile --systemd-activation --syslog-only
3920485 python          /home/data4t2/hxwDir/hxw_moved/conda_envs/opd/bin/python -m tools.visual_opd.rollout_browser.server
3945485 sshd            sshd: lelinfeng [priv]
3945690 sshd            sshd: lelinfeng
3964913 sshfs           .tools/sshfs-root/usr/bin/sshfs 84090:/home/adaspace/.hxw/mopd-assets/runs/mathif-confidence12-20260928t0207z /home/data4t2/hxwDir/hxw_moved/.codex-mopd-control/mathif-confidence12-20260928t0207z -o ro,reconnect,ServerAliveInterval=15,ServerAliveCountMax=3
3964998 ssh             ssh -x -a -oClearAllForwardings=yes -oServerAliveInterval=15 -oServerAliveCountMax=3 -2 84090 -s sftp
3984645 systemd-logind  /lib/systemd/systemd-logind
3985151 kworker/u384:7- [kworker/u384:7-dev7_sq_fair_wq]
4020010 gvfsd           /usr/libexec/gvfsd
4020016 gvfsd-metadata  /usr/libexec/gvfsd-metadata
4029817 sshd            sshd: lelinfeng [priv]
4030066 sshd            sshd: lelinfeng
4113899 kworker/29:0-mm [kworker/29:0-mm_percpu_wq]
4143662 bash            -bash
4160706 cpa-usage-keepe /home/data4t1/hxw/.local/opt/cpa-usage-keeper/cpa-usage-keeper -env /home/data4t1/hxw/.local/opt/cpa-usage-keeper/.env
4178764 nputop          /home/data4t1/wangjielei/anaconda3/envs/dassl/bin/python3.10 /home/data4t1/wangjielei/anaconda3/envs/dassl/bin/nputop
4183295 gvfsd-trash     /usr/libexec/gvfsd-trash --spawner :1.7 /org/gtk/gvfs/exec_spaw/0
