    PID STAT COMMAND         COMMAND
      1 Ss   systemd         /lib/systemd/systemd --system --deserialize 48
      2 S    kthreadd        [kthreadd]
      3 I<   rcu_gp          [rcu_gp]
      4 I<   rcu_par_gp      [rcu_par_gp]
      5 I<   slub_flushwq    [slub_flushwq]
      6 I<   netns           [netns]
      8 I<   kworker/0:0H-kb [kworker/0:0H-kblockd]
     11 I<   mm_percpu_wq    [mm_percpu_wq]
     12 S    rcu_tasks_rude_ [rcu_tasks_rude_]
     13 S    rcu_tasks_trace [rcu_tasks_trace]
     14 S    ksoftirqd/0     [ksoftirqd/0]
     15 I    rcu_sched       [rcu_sched]
     16 S    migration/0     [migration/0]
     17 S    idle_inject/0   [idle_inject/0]
     19 S    cpuhp/0         [cpuhp/0]
     20 S    cpuhp/1         [cpuhp/1]
     21 S    idle_inject/1   [idle_inject/1]
     22 S    migration/1     [migration/1]
     23 S    ksoftirqd/1     [ksoftirqd/1]
     25 I<   kworker/1:0H-kb [kworker/1:0H-kblockd]
     26 S    cpuhp/2         [cpuhp/2]
     27 S    idle_inject/2   [idle_inject/2]
     28 S    migration/2     [migration/2]
     29 S    ksoftirqd/2     [ksoftirqd/2]
     31 I<   kworker/2:0H-kb [kworker/2:0H-kblockd]
     32 S    cpuhp/3         [cpuhp/3]
     33 S    idle_inject/3   [idle_inject/3]
     34 S    migration/3     [migration/3]
     35 S    ksoftirqd/3     [ksoftirqd/3]
     37 I<   kworker/3:0H-ev [kworker/3:0H-events_highpri]
     38 S    cpuhp/4         [cpuhp/4]
     39 S    idle_inject/4   [idle_inject/4]
     40 S    migration/4     [migration/4]
     41 S    ksoftirqd/4     [ksoftirqd/4]
     43 I<   kworker/4:0H-ev [kworker/4:0H-events_highpri]
     44 S    cpuhp/5         [cpuhp/5]
     45 S    idle_inject/5   [idle_inject/5]
     46 S    migration/5     [migration/5]
     47 S    ksoftirqd/5     [ksoftirqd/5]
     49 I<   kworker/5:0H-kb [kworker/5:0H-kblockd]
     50 S    cpuhp/6         [cpuhp/6]
     51 S    idle_inject/6   [idle_inject/6]
     52 S    migration/6     [migration/6]
     53 S    ksoftirqd/6     [ksoftirqd/6]
     55 I<   kworker/6:0H-kb [kworker/6:0H-kblockd]
     56 S    cpuhp/7         [cpuhp/7]
     57 S    idle_inject/7   [idle_inject/7]
     58 S    migration/7     [migration/7]
     59 S    ksoftirqd/7     [ksoftirqd/7]
     61 I<   kworker/7:0H-ev [kworker/7:0H-events_highpri]
     62 S    cpuhp/8         [cpuhp/8]
     63 S    idle_inject/8   [idle_inject/8]
     64 S    migration/8     [migration/8]
     65 S    ksoftirqd/8     [ksoftirqd/8]
     67 I<   kworker/8:0H-kb [kworker/8:0H-kblockd]
     68 S    cpuhp/9         [cpuhp/9]
     69 S    idle_inject/9   [idle_inject/9]
     70 S    migration/9     [migration/9]
     71 S    ksoftirqd/9     [ksoftirqd/9]
     73 I<   kworker/9:0H-ev [kworker/9:0H-events_highpri]
     74 S    cpuhp/10        [cpuhp/10]
     75 S    idle_inject/10  [idle_inject/10]
     76 S    migration/10    [migration/10]
     77 S    ksoftirqd/10    [ksoftirqd/10]
     79 I<   kworker/10:0H-e [kworker/10:0H-events_highpri]
     80 S    cpuhp/11        [cpuhp/11]
     81 S    idle_inject/11  [idle_inject/11]
     82 S    migration/11    [migration/11]
     83 S    ksoftirqd/11    [ksoftirqd/11]
     85 I<   kworker/11:0H-k [kworker/11:0H-kblockd]
     86 S    cpuhp/12        [cpuhp/12]
     87 S    idle_inject/12  [idle_inject/12]
     88 S    migration/12    [migration/12]
     89 S    ksoftirqd/12    [ksoftirqd/12]
     91 I<   kworker/12:0H-k [kworker/12:0H-kblockd]
     92 S    cpuhp/13        [cpuhp/13]
     93 S    idle_inject/13  [idle_inject/13]
     94 S    migration/13    [migration/13]
     95 S    ksoftirqd/13    [ksoftirqd/13]
     97 I<   kworker/13:0H-k [kworker/13:0H-kblockd]
     98 S    cpuhp/14        [cpuhp/14]
     99 S    idle_inject/14  [idle_inject/14]
    100 S    migration/14    [migration/14]
    101 S    ksoftirqd/14    [ksoftirqd/14]
    103 I<   kworker/14:0H-k [kworker/14:0H-kblockd]
    104 S    cpuhp/15        [cpuhp/15]
    105 S    idle_inject/15  [idle_inject/15]
    106 S    migration/15    [migration/15]
    107 S    ksoftirqd/15    [ksoftirqd/15]
    109 I<   kworker/15:0H-k [kworker/15:0H-kblockd]
    110 S    cpuhp/16        [cpuhp/16]
    111 S    idle_inject/16  [idle_inject/16]
    112 S    migration/16    [migration/16]
    113 S    ksoftirqd/16    [ksoftirqd/16]
    115 I<   kworker/16:0H-k [kworker/16:0H-kblockd]
    116 S    cpuhp/17        [cpuhp/17]
    117 S    idle_inject/17  [idle_inject/17]
    118 S    migration/17    [migration/17]
    119 S    ksoftirqd/17    [ksoftirqd/17]
    121 I<   kworker/17:0H-k [kworker/17:0H-kblockd]
    122 S    cpuhp/18        [cpuhp/18]
    123 S    idle_inject/18  [idle_inject/18]
    124 S    migration/18    [migration/18]
    125 S    ksoftirqd/18    [ksoftirqd/18]
    127 I<   kworker/18:0H-k [kworker/18:0H-kblockd]
    128 S    cpuhp/19        [cpuhp/19]
    129 S    idle_inject/19  [idle_inject/19]
    130 S    migration/19    [migration/19]
    131 S    ksoftirqd/19    [ksoftirqd/19]
    133 I<   kworker/19:0H-e [kworker/19:0H-events_highpri]
    134 S    cpuhp/20        [cpuhp/20]
    135 S    idle_inject/20  [idle_inject/20]
    136 S    migration/20    [migration/20]
    137 S    ksoftirqd/20    [ksoftirqd/20]
    139 I<   kworker/20:0H-k [kworker/20:0H-kblockd]
    140 S    cpuhp/21        [cpuhp/21]
    141 S    idle_inject/21  [idle_inject/21]
    142 S    migration/21    [migration/21]
    143 S    ksoftirqd/21    [ksoftirqd/21]
    145 I<   kworker/21:0H-e [kworker/21:0H-events_highpri]
    146 S    cpuhp/22        [cpuhp/22]
    147 S    idle_inject/22  [idle_inject/22]
    148 S    migration/22    [migration/22]
    149 S    ksoftirqd/22    [ksoftirqd/22]
    151 I<   kworker/22:0H-k [kworker/22:0H-kblockd]
    152 S    cpuhp/23        [cpuhp/23]
    153 S    idle_inject/23  [idle_inject/23]
    154 S    migration/23    [migration/23]
    155 S    ksoftirqd/23    [ksoftirqd/23]
    157 I<   kworker/23:0H-k [kworker/23:0H-kblockd]
    158 S    cpuhp/24        [cpuhp/24]
    159 S    idle_inject/24  [idle_inject/24]
    160 S    migration/24    [migration/24]
    161 S    ksoftirqd/24    [ksoftirqd/24]
    163 I<   kworker/24:0H-k [kworker/24:0H-kblockd]
    165 S    cpuhp/25        [cpuhp/25]
    166 S    idle_inject/25  [idle_inject/25]
    167 S    migration/25    [migration/25]
    168 S    ksoftirqd/25    [ksoftirqd/25]
    170 I<   kworker/25:0H-e [kworker/25:0H-events_highpri]
    171 S    cpuhp/26        [cpuhp/26]
    172 S    idle_inject/26  [idle_inject/26]
    173 S    migration/26    [migration/26]
    174 S    ksoftirqd/26    [ksoftirqd/26]
    176 I<   kworker/26:0H-e [kworker/26:0H-events_highpri]
    177 S    cpuhp/27        [cpuhp/27]
    178 S    idle_inject/27  [idle_inject/27]
    179 S    migration/27    [migration/27]
    180 S    ksoftirqd/27    [ksoftirqd/27]
    182 I<   kworker/27:0H-e [kworker/27:0H-events_highpri]
    183 S    cpuhp/28        [cpuhp/28]
    184 S    idle_inject/28  [idle_inject/28]
    185 S    migration/28    [migration/28]
    186 S    ksoftirqd/28    [ksoftirqd/28]
    188 I<   kworker/28:0H-e [kworker/28:0H-events_highpri]
    189 S    cpuhp/29        [cpuhp/29]
    190 S    idle_inject/29  [idle_inject/29]
    191 S    migration/29    [migration/29]
    192 S    ksoftirqd/29    [ksoftirqd/29]
    194 I<   kworker/29:0H-e [kworker/29:0H-events_highpri]
    195 S    cpuhp/30        [cpuhp/30]
    196 S    idle_inject/30  [idle_inject/30]
    197 S    migration/30    [migration/30]
    198 S    ksoftirqd/30    [ksoftirqd/30]
    200 I<   kworker/30:0H-e [kworker/30:0H-events_highpri]
    201 S    cpuhp/31        [cpuhp/31]
    202 S    idle_inject/31  [idle_inject/31]
    203 S    migration/31    [migration/31]
    204 S    ksoftirqd/31    [ksoftirqd/31]
    206 I<   kworker/31:0H-e [kworker/31:0H-events_highpri]
    207 S    cpuhp/32        [cpuhp/32]
    208 S    idle_inject/32  [idle_inject/32]
    209 S    migration/32    [migration/32]
    210 S    ksoftirqd/32    [ksoftirqd/32]
    212 I<   kworker/32:0H-k [kworker/32:0H-kblockd]
    213 S    cpuhp/33        [cpuhp/33]
    214 S    idle_inject/33  [idle_inject/33]
    215 S    migration/33    [migration/33]
    216 S    ksoftirqd/33    [ksoftirqd/33]
    218 I<   kworker/33:0H-k [kworker/33:0H-kblockd]
    219 S    cpuhp/34        [cpuhp/34]
    220 S    idle_inject/34  [idle_inject/34]
    221 S    migration/34    [migration/34]
    222 S    ksoftirqd/34    [ksoftirqd/34]
    224 I<   kworker/34:0H-k [kworker/34:0H-kblockd]
    225 S    cpuhp/35        [cpuhp/35]
    226 S    idle_inject/35  [idle_inject/35]
    227 S    migration/35    [migration/35]
    228 S    ksoftirqd/35    [ksoftirqd/35]
    230 I<   kworker/35:0H-e [kworker/35:0H-events_highpri]
    231 S    cpuhp/36        [cpuhp/36]
    232 S    idle_inject/36  [idle_inject/36]
    233 S    migration/36    [migration/36]
    234 S    ksoftirqd/36    [ksoftirqd/36]
    236 I<   kworker/36:0H-e [kworker/36:0H-events_highpri]
    237 S    cpuhp/37        [cpuhp/37]
    238 S    idle_inject/37  [idle_inject/37]
    239 S    migration/37    [migration/37]
    240 S    ksoftirqd/37    [ksoftirqd/37]
    242 I<   kworker/37:0H-k [kworker/37:0H-kblockd]
    243 S    cpuhp/38        [cpuhp/38]
    244 S    idle_inject/38  [idle_inject/38]
    245 S    migration/38    [migration/38]
    246 S    ksoftirqd/38    [ksoftirqd/38]
    248 I<   kworker/38:0H-k [kworker/38:0H-kblockd]
    249 S    cpuhp/39        [cpuhp/39]
    250 S    idle_inject/39  [idle_inject/39]
    251 S    migration/39    [migration/39]
    252 S    ksoftirqd/39    [ksoftirqd/39]
    254 I<   kworker/39:0H-e [kworker/39:0H-events_highpri]
    255 S    cpuhp/40        [cpuhp/40]
    256 S    idle_inject/40  [idle_inject/40]
    257 S    migration/40    [migration/40]
    258 S    ksoftirqd/40    [ksoftirqd/40]
    260 I<   kworker/40:0H-k [kworker/40:0H-kblockd]
    261 S    cpuhp/41        [cpuhp/41]
    262 S    idle_inject/41  [idle_inject/41]
    263 S    migration/41    [migration/41]
    264 S    ksoftirqd/41    [ksoftirqd/41]
    266 I<   kworker/41:0H-e [kworker/41:0H-events_highpri]
    267 S    cpuhp/42        [cpuhp/42]
    268 S    idle_inject/42  [idle_inject/42]
    269 S    migration/42    [migration/42]
    270 S    ksoftirqd/42    [ksoftirqd/42]
    272 I<   kworker/42:0H-k [kworker/42:0H-kblockd]
    273 S    cpuhp/43        [cpuhp/43]
    274 S    idle_inject/43  [idle_inject/43]
    275 S    migration/43    [migration/43]
    276 S    ksoftirqd/43    [ksoftirqd/43]
    278 I<   kworker/43:0H-e [kworker/43:0H-events_highpri]
    279 S    cpuhp/44        [cpuhp/44]
    280 S    idle_inject/44  [idle_inject/44]
    281 S    migration/44    [migration/44]
    282 S    ksoftirqd/44    [ksoftirqd/44]
    284 I<   kworker/44:0H-e [kworker/44:0H-events_highpri]
    285 S    cpuhp/45        [cpuhp/45]
    286 S    idle_inject/45  [idle_inject/45]
    287 S    migration/45    [migration/45]
    288 S    ksoftirqd/45    [ksoftirqd/45]
    290 I<   kworker/45:0H-e [kworker/45:0H-events_highpri]
    291 S    cpuhp/46        [cpuhp/46]
    292 S    idle_inject/46  [idle_inject/46]
    293 S    migration/46    [migration/46]
    294 S    ksoftirqd/46    [ksoftirqd/46]
    296 I<   kworker/46:0H-k [kworker/46:0H-kblockd]
    297 S    cpuhp/47        [cpuhp/47]
    298 S    idle_inject/47  [idle_inject/47]
    299 S    migration/47    [migration/47]
    300 S    ksoftirqd/47    [ksoftirqd/47]
    302 I<   kworker/47:0H-e [kworker/47:0H-events_highpri]
    303 S    cpuhp/48        [cpuhp/48]
    304 S    idle_inject/48  [idle_inject/48]
    305 S    migration/48    [migration/48]
    306 S    ksoftirqd/48    [ksoftirqd/48]
    308 I<   kworker/48:0H-k [kworker/48:0H-kblockd]
    310 S    cpuhp/49        [cpuhp/49]
    311 S    idle_inject/49  [idle_inject/49]
    312 S    migration/49    [migration/49]
    313 S    ksoftirqd/49    [ksoftirqd/49]
    315 I<   kworker/49:0H-k [kworker/49:0H-kblockd]
    316 S    cpuhp/50        [cpuhp/50]
    317 S    idle_inject/50  [idle_inject/50]
    318 S    migration/50    [migration/50]
    319 S    ksoftirqd/50    [ksoftirqd/50]
    321 I<   kworker/50:0H-k [kworker/50:0H-kblockd]
    322 S    cpuhp/51        [cpuhp/51]
    323 S    idle_inject/51  [idle_inject/51]
    324 S    migration/51    [migration/51]
    325 S    ksoftirqd/51    [ksoftirqd/51]
    327 I<   kworker/51:0H-k [kworker/51:0H-kblockd]
    328 S    cpuhp/52        [cpuhp/52]
    329 S    idle_inject/52  [idle_inject/52]
    330 S    migration/52    [migration/52]
    331 S    ksoftirqd/52    [ksoftirqd/52]
    333 I<   kworker/52:0H-k [kworker/52:0H-kblockd]
    334 S    cpuhp/53        [cpuhp/53]
    335 S    idle_inject/53  [idle_inject/53]
    336 S    migration/53    [migration/53]
    337 S    ksoftirqd/53    [ksoftirqd/53]
    339 I<   kworker/53:0H-k [kworker/53:0H-kblockd]
    340 S    cpuhp/54        [cpuhp/54]
    341 S    idle_inject/54  [idle_inject/54]
    342 S    migration/54    [migration/54]
    343 S    ksoftirqd/54    [ksoftirqd/54]
    345 I<   kworker/54:0H-k [kworker/54:0H-kblockd]
    346 S    cpuhp/55        [cpuhp/55]
    347 S    idle_inject/55  [idle_inject/55]
    348 S    migration/55    [migration/55]
    349 S    ksoftirqd/55    [ksoftirqd/55]
    351 I<   kworker/55:0H-k [kworker/55:0H-kblockd]
    352 S    cpuhp/56        [cpuhp/56]
    353 S    idle_inject/56  [idle_inject/56]
    354 S    migration/56    [migration/56]
    355 S    ksoftirqd/56    [ksoftirqd/56]
    357 I<   kworker/56:0H-k [kworker/56:0H-kblockd]
    358 S    cpuhp/57        [cpuhp/57]
    359 S    idle_inject/57  [idle_inject/57]
    360 S    migration/57    [migration/57]
    361 S    ksoftirqd/57    [ksoftirqd/57]
    363 I<   kworker/57:0H-e [kworker/57:0H-events_highpri]
    364 S    cpuhp/58        [cpuhp/58]
    365 S    idle_inject/58  [idle_inject/58]
    366 S    migration/58    [migration/58]
    367 S    ksoftirqd/58    [ksoftirqd/58]
    369 I<   kworker/58:0H-k [kworker/58:0H-kblockd]
    370 S    cpuhp/59        [cpuhp/59]
    371 S    idle_inject/59  [idle_inject/59]
    372 S    migration/59    [migration/59]
    373 S    ksoftirqd/59    [ksoftirqd/59]
    375 I<   kworker/59:0H-e [kworker/59:0H-events_highpri]
    376 S    cpuhp/60        [cpuhp/60]
    377 S    idle_inject/60  [idle_inject/60]
    378 S    migration/60    [migration/60]
    379 S    ksoftirqd/60    [ksoftirqd/60]
    381 I<   kworker/60:0H-e [kworker/60:0H-events_highpri]
    382 S    cpuhp/61        [cpuhp/61]
    383 S    idle_inject/61  [idle_inject/61]
    384 S    migration/61    [migration/61]
    385 S    ksoftirqd/61    [ksoftirqd/61]
    387 I<   kworker/61:0H-k [kworker/61:0H-kblockd]
    388 S    cpuhp/62        [cpuhp/62]
    389 S    idle_inject/62  [idle_inject/62]
    390 S    migration/62    [migration/62]
    391 S    ksoftirqd/62    [ksoftirqd/62]
    393 I<   kworker/62:0H-k [kworker/62:0H-kblockd]
    394 S    cpuhp/63        [cpuhp/63]
    395 S    idle_inject/63  [idle_inject/63]
    396 S    migration/63    [migration/63]
    397 S    ksoftirqd/63    [ksoftirqd/63]
    399 I<   kworker/63:0H-e [kworker/63:0H-events_highpri]
    400 S    cpuhp/64        [cpuhp/64]
    401 S    idle_inject/64  [idle_inject/64]
    402 S    migration/64    [migration/64]
    403 S    ksoftirqd/64    [ksoftirqd/64]
    405 I<   kworker/64:0H-k [kworker/64:0H-kblockd]
    406 S    cpuhp/65        [cpuhp/65]
    407 S    idle_inject/65  [idle_inject/65]
    408 S    migration/65    [migration/65]
    409 S    ksoftirqd/65    [ksoftirqd/65]
    411 I<   kworker/65:0H-e [kworker/65:0H-events_highpri]
    412 S    cpuhp/66        [cpuhp/66]
    413 S    idle_inject/66  [idle_inject/66]
    414 S    migration/66    [migration/66]
    415 S    ksoftirqd/66    [ksoftirqd/66]
    417 I<   kworker/66:0H-k [kworker/66:0H-kblockd]
    418 S    cpuhp/67        [cpuhp/67]
    419 S    idle_inject/67  [idle_inject/67]
    420 S    migration/67    [migration/67]
    421 S    ksoftirqd/67    [ksoftirqd/67]
    423 I<   kworker/67:0H-k [kworker/67:0H-kblockd]
    424 S    cpuhp/68        [cpuhp/68]
    425 S    idle_inject/68  [idle_inject/68]
    426 S    migration/68    [migration/68]
    427 S    ksoftirqd/68    [ksoftirqd/68]
    429 I<   kworker/68:0H-k [kworker/68:0H-kblockd]
    430 S    cpuhp/69        [cpuhp/69]
    431 S    idle_inject/69  [idle_inject/69]
    432 S    migration/69    [migration/69]
    433 S    ksoftirqd/69    [ksoftirqd/69]
    435 I<   kworker/69:0H-k [kworker/69:0H-kblockd]
    436 S    cpuhp/70        [cpuhp/70]
    437 S    idle_inject/70  [idle_inject/70]
    438 S    migration/70    [migration/70]
    439 S    ksoftirqd/70    [ksoftirqd/70]
    441 I<   kworker/70:0H-k [kworker/70:0H-kblockd]
    442 S    cpuhp/71        [cpuhp/71]
    443 S    idle_inject/71  [idle_inject/71]
    444 S    migration/71    [migration/71]
    445 S    ksoftirqd/71    [ksoftirqd/71]
    447 I<   kworker/71:0H-e [kworker/71:0H-events_highpri]
    448 S    cpuhp/72        [cpuhp/72]
    449 S    idle_inject/72  [idle_inject/72]
    450 S    migration/72    [migration/72]
    451 S    ksoftirqd/72    [ksoftirqd/72]
    453 I<   kworker/72:0H-e [kworker/72:0H-events_highpri]
    455 S    cpuhp/73        [cpuhp/73]
    456 S    idle_inject/73  [idle_inject/73]
    457 S    migration/73    [migration/73]
    458 S    ksoftirqd/73    [ksoftirqd/73]
    460 I<   kworker/73:0H-e [kworker/73:0H-events_highpri]
    461 S    cpuhp/74        [cpuhp/74]
    462 S    idle_inject/74  [idle_inject/74]
    463 S    migration/74    [migration/74]
    464 S    ksoftirqd/74    [ksoftirqd/74]
    466 I<   kworker/74:0H-e [kworker/74:0H-events_highpri]
    467 S    cpuhp/75        [cpuhp/75]
    468 S    idle_inject/75  [idle_inject/75]
    469 S    migration/75    [migration/75]
    470 S    ksoftirqd/75    [ksoftirqd/75]
    472 I<   kworker/75:0H-e [kworker/75:0H-events_highpri]
    473 S    cpuhp/76        [cpuhp/76]
    474 S    idle_inject/76  [idle_inject/76]
    475 S    migration/76    [migration/76]
    476 S    ksoftirqd/76    [ksoftirqd/76]
    478 I<   kworker/76:0H-e [kworker/76:0H-events_highpri]
    479 S    cpuhp/77        [cpuhp/77]
    480 S    idle_inject/77  [idle_inject/77]
    481 S    migration/77    [migration/77]
    482 S    ksoftirqd/77    [ksoftirqd/77]
    484 I<   kworker/77:0H-e [kworker/77:0H-events_highpri]
    485 S    cpuhp/78        [cpuhp/78]
    486 S    idle_inject/78  [idle_inject/78]
    487 S    migration/78    [migration/78]
    488 S    ksoftirqd/78    [ksoftirqd/78]
    490 I<   kworker/78:0H-e [kworker/78:0H-events_highpri]
    491 S    cpuhp/79        [cpuhp/79]
    492 S    idle_inject/79  [idle_inject/79]
    493 S    migration/79    [migration/79]
    494 S    ksoftirqd/79    [ksoftirqd/79]
    496 I<   kworker/79:0H-e [kworker/79:0H-events_highpri]
    497 S    cpuhp/80        [cpuhp/80]
    498 S    idle_inject/80  [idle_inject/80]
    499 S    migration/80    [migration/80]
    500 S    ksoftirqd/80    [ksoftirqd/80]
    502 I<   kworker/80:0H-k [kworker/80:0H-kblockd]
    503 S    cpuhp/81        [cpuhp/81]
    504 S    idle_inject/81  [idle_inject/81]
    505 S    migration/81    [migration/81]
    506 S    ksoftirqd/81    [ksoftirqd/81]
    508 I<   kworker/81:0H-e [kworker/81:0H-events_highpri]
    509 S    cpuhp/82        [cpuhp/82]
    510 S    idle_inject/82  [idle_inject/82]
    511 S    migration/82    [migration/82]
    512 S    ksoftirqd/82    [ksoftirqd/82]
    514 I<   kworker/82:0H-e [kworker/82:0H-events_highpri]
    515 S    cpuhp/83        [cpuhp/83]
    516 S    idle_inject/83  [idle_inject/83]
    517 S    migration/83    [migration/83]
    518 S    ksoftirqd/83    [ksoftirqd/83]
    520 I<   kworker/83:0H-e [kworker/83:0H-events_highpri]
    521 S    cpuhp/84        [cpuhp/84]
    522 S    idle_inject/84  [idle_inject/84]
    523 S    migration/84    [migration/84]
    524 S    ksoftirqd/84    [ksoftirqd/84]
    526 I<   kworker/84:0H-k [kworker/84:0H-kblockd]
    527 S    cpuhp/85        [cpuhp/85]
    528 S    idle_inject/85  [idle_inject/85]
    529 S    migration/85    [migration/85]
    530 S    ksoftirqd/85    [ksoftirqd/85]
    532 I<   kworker/85:0H-k [kworker/85:0H-kblockd]
    533 S    cpuhp/86        [cpuhp/86]
    534 S    idle_inject/86  [idle_inject/86]
    535 S    migration/86    [migration/86]
    536 S    ksoftirqd/86    [ksoftirqd/86]
    538 I<   kworker/86:0H-k [kworker/86:0H-kblockd]
    539 S    cpuhp/87        [cpuhp/87]
    540 S    idle_inject/87  [idle_inject/87]
    541 S    migration/87    [migration/87]
    542 S    ksoftirqd/87    [ksoftirqd/87]
    544 I<   kworker/87:0H-k [kworker/87:0H-kblockd]
    545 S    cpuhp/88        [cpuhp/88]
    546 S    idle_inject/88  [idle_inject/88]
    547 S    migration/88    [migration/88]
    548 S    ksoftirqd/88    [ksoftirqd/88]
    550 I<   kworker/88:0H-k [kworker/88:0H-kblockd]
    551 S    cpuhp/89        [cpuhp/89]
    552 S    idle_inject/89  [idle_inject/89]
    553 S    migration/89    [migration/89]
    554 S    ksoftirqd/89    [ksoftirqd/89]
    556 I<   kworker/89:0H   [kworker/89:0H]
    557 S    cpuhp/90        [cpuhp/90]
    558 S    idle_inject/90  [idle_inject/90]
    559 S    migration/90    [migration/90]
    560 S    ksoftirqd/90    [ksoftirqd/90]
    562 I<   kworker/90:0H-e [kworker/90:0H-events_highpri]
    563 S    cpuhp/91        [cpuhp/91]
    564 S    idle_inject/91  [idle_inject/91]
    565 S    migration/91    [migration/91]
    566 S    ksoftirqd/91    [ksoftirqd/91]
    568 I<   kworker/91:0H-e [kworker/91:0H-events_highpri]
    569 S    cpuhp/92        [cpuhp/92]
    570 S    idle_inject/92  [idle_inject/92]
    571 S    migration/92    [migration/92]
    572 S    ksoftirqd/92    [ksoftirqd/92]
    574 I<   kworker/92:0H-k [kworker/92:0H-kblockd]
    575 S    cpuhp/93        [cpuhp/93]
    576 S    idle_inject/93  [idle_inject/93]
    577 S    migration/93    [migration/93]
    578 S    ksoftirqd/93    [ksoftirqd/93]
    580 I<   kworker/93:0H-k [kworker/93:0H-kblockd]
    581 S    cpuhp/94        [cpuhp/94]
    582 S    idle_inject/94  [idle_inject/94]
    583 S    migration/94    [migration/94]
    584 S    ksoftirqd/94    [ksoftirqd/94]
    586 I<   kworker/94:0H-e [kworker/94:0H-events_highpri]
    587 S    cpuhp/95        [cpuhp/95]
    588 S    idle_inject/95  [idle_inject/95]
    589 S    migration/95    [migration/95]
    590 S    ksoftirqd/95    [ksoftirqd/95]
    592 I<   kworker/95:0H-k [kworker/95:0H-kblockd]
    593 S    cpuhp/96        [cpuhp/96]
    594 S    idle_inject/96  [idle_inject/96]
    595 S    migration/96    [migration/96]
    596 S    ksoftirqd/96    [ksoftirqd/96]
    598 I<   kworker/96:0H-e [kworker/96:0H-events_highpri]
    600 S    cpuhp/97        [cpuhp/97]
    601 S    idle_inject/97  [idle_inject/97]
    602 S    migration/97    [migration/97]
    603 S    ksoftirqd/97    [ksoftirqd/97]
    605 I<   kworker/97:0H-k [kworker/97:0H-kblockd]
    606 S    cpuhp/98        [cpuhp/98]
    607 S    idle_inject/98  [idle_inject/98]
    608 S    migration/98    [migration/98]
    609 S    ksoftirqd/98    [ksoftirqd/98]
    611 I<   kworker/98:0H-k [kworker/98:0H-kblockd]
    612 S    cpuhp/99        [cpuhp/99]
    613 S    idle_inject/99  [idle_inject/99]
    614 S    migration/99    [migration/99]
    615 S    ksoftirqd/99    [ksoftirqd/99]
    617 I<   kworker/99:0H-k [kworker/99:0H-kblockd]
    618 S    cpuhp/100       [cpuhp/100]
    619 S    idle_inject/100 [idle_inject/100]
    620 S    migration/100   [migration/100]
    621 S    ksoftirqd/100   [ksoftirqd/100]
    623 I<   kworker/100:0H- [kworker/100:0H-kblockd]
    624 S    cpuhp/101       [cpuhp/101]
    625 S    idle_inject/101 [idle_inject/101]
    626 S    migration/101   [migration/101]
    627 S    ksoftirqd/101   [ksoftirqd/101]
    629 I<   kworker/101:0H- [kworker/101:0H-kblockd]
    630 S    cpuhp/102       [cpuhp/102]
    631 S    idle_inject/102 [idle_inject/102]
    632 S    migration/102   [migration/102]
    633 S    ksoftirqd/102   [ksoftirqd/102]
    635 I<   kworker/102:0H- [kworker/102:0H-events_highpri]
    636 S    cpuhp/103       [cpuhp/103]
    637 S    idle_inject/103 [idle_inject/103]
    638 S    migration/103   [migration/103]
    639 S    ksoftirqd/103   [ksoftirqd/103]
    641 I<   kworker/103:0H- [kworker/103:0H-events_highpri]
    642 S    cpuhp/104       [cpuhp/104]
    643 S    idle_inject/104 [idle_inject/104]
    644 S    migration/104   [migration/104]
    645 S    ksoftirqd/104   [ksoftirqd/104]
    647 I<   kworker/104:0H- [kworker/104:0H-events_highpri]
    648 S    cpuhp/105       [cpuhp/105]
    649 S    idle_inject/105 [idle_inject/105]
    650 S    migration/105   [migration/105]
    651 S    ksoftirqd/105   [ksoftirqd/105]
    653 I<   kworker/105:0H- [kworker/105:0H-events_highpri]
    654 S    cpuhp/106       [cpuhp/106]
    655 S    idle_inject/106 [idle_inject/106]
    656 S    migration/106   [migration/106]
    657 S    ksoftirqd/106   [ksoftirqd/106]
    659 I<   kworker/106:0H- [kworker/106:0H-kblockd]
    660 S    cpuhp/107       [cpuhp/107]
    661 S    idle_inject/107 [idle_inject/107]
    662 S    migration/107   [migration/107]
    663 S    ksoftirqd/107   [ksoftirqd/107]
    665 I<   kworker/107:0H- [kworker/107:0H-events_highpri]
    666 S    cpuhp/108       [cpuhp/108]
    667 S    idle_inject/108 [idle_inject/108]
    668 S    migration/108   [migration/108]
    669 S    ksoftirqd/108   [ksoftirqd/108]
    671 I<   kworker/108:0H- [kworker/108:0H-kblockd]
    672 S    cpuhp/109       [cpuhp/109]
    673 S    idle_inject/109 [idle_inject/109]
    674 S    migration/109   [migration/109]
    675 S    ksoftirqd/109   [ksoftirqd/109]
    677 I<   kworker/109:0H- [kworker/109:0H-events_highpri]
    678 S    cpuhp/110       [cpuhp/110]
    679 S    idle_inject/110 [idle_inject/110]
    680 S    migration/110   [migration/110]
    681 S    ksoftirqd/110   [ksoftirqd/110]
    683 I<   kworker/110:0H- [kworker/110:0H-kblockd]
    684 S    cpuhp/111       [cpuhp/111]
    685 S    idle_inject/111 [idle_inject/111]
    686 S    migration/111   [migration/111]
    687 S    ksoftirqd/111   [ksoftirqd/111]
    689 I<   kworker/111:0H- [kworker/111:0H-kblockd]
    690 S    cpuhp/112       [cpuhp/112]
    691 S    idle_inject/112 [idle_inject/112]
    692 S    migration/112   [migration/112]
    693 S    ksoftirqd/112   [ksoftirqd/112]
    695 I<   kworker/112:0H- [kworker/112:0H-kblockd]
    696 S    cpuhp/113       [cpuhp/113]
    697 S    idle_inject/113 [idle_inject/113]
    698 S    migration/113   [migration/113]
    699 S    ksoftirqd/113   [ksoftirqd/113]
    701 I<   kworker/113:0H- [kworker/113:0H-kblockd]
    702 S    cpuhp/114       [cpuhp/114]
    703 S    idle_inject/114 [idle_inject/114]
    704 S    migration/114   [migration/114]
    705 S    ksoftirqd/114   [ksoftirqd/114]
    707 I<   kworker/114:0H- [kworker/114:0H-kblockd]
    708 S    cpuhp/115       [cpuhp/115]
    709 S    idle_inject/115 [idle_inject/115]
    710 S    migration/115   [migration/115]
    711 S    ksoftirqd/115   [ksoftirqd/115]
    713 I<   kworker/115:0H- [kworker/115:0H-kblockd]
    714 S    cpuhp/116       [cpuhp/116]
    715 S    idle_inject/116 [idle_inject/116]
    716 S    migration/116   [migration/116]
    717 S    ksoftirqd/116   [ksoftirqd/116]
    719 I<   kworker/116:0H- [kworker/116:0H-kblockd]
    720 S    cpuhp/117       [cpuhp/117]
    721 S    idle_inject/117 [idle_inject/117]
    722 S    migration/117   [migration/117]
    723 S    ksoftirqd/117   [ksoftirqd/117]
    725 I<   kworker/117:0H- [kworker/117:0H-events_highpri]
    726 S    cpuhp/118       [cpuhp/118]
    727 S    idle_inject/118 [idle_inject/118]
    728 S    migration/118   [migration/118]
    729 S    ksoftirqd/118   [ksoftirqd/118]
    731 I<   kworker/118:0H- [kworker/118:0H-events_highpri]
    732 S    cpuhp/119       [cpuhp/119]
    733 S    idle_inject/119 [idle_inject/119]
    734 S    migration/119   [migration/119]
    735 S    ksoftirqd/119   [ksoftirqd/119]
    737 I<   kworker/119:0H- [kworker/119:0H-kblockd]
    738 S    cpuhp/120       [cpuhp/120]
    739 S    idle_inject/120 [idle_inject/120]
    740 S    migration/120   [migration/120]
    741 S    ksoftirqd/120   [ksoftirqd/120]
    743 I<   kworker/120:0H- [kworker/120:0H-events_highpri]
    745 S    cpuhp/121       [cpuhp/121]
    746 S    idle_inject/121 [idle_inject/121]
    747 S    migration/121   [migration/121]
    748 S    ksoftirqd/121   [ksoftirqd/121]
    750 I<   kworker/121:0H- [kworker/121:0H-events_highpri]
    751 S    cpuhp/122       [cpuhp/122]
    752 S    idle_inject/122 [idle_inject/122]
    753 S    migration/122   [migration/122]
    754 S    ksoftirqd/122   [ksoftirqd/122]
    756 I<   kworker/122:0H- [kworker/122:0H-kblockd]
    757 S    cpuhp/123       [cpuhp/123]
    758 S    idle_inject/123 [idle_inject/123]
    759 S    migration/123   [migration/123]
    760 S    ksoftirqd/123   [ksoftirqd/123]
    762 I<   kworker/123:0H- [kworker/123:0H-kblockd]
    763 S    cpuhp/124       [cpuhp/124]
    764 S    idle_inject/124 [idle_inject/124]
    765 S    migration/124   [migration/124]
    766 S    ksoftirqd/124   [ksoftirqd/124]
    768 I<   kworker/124:0H- [kworker/124:0H-events_highpri]
    769 S    cpuhp/125       [cpuhp/125]
    770 S    idle_inject/125 [idle_inject/125]
    771 S    migration/125   [migration/125]
    772 S    ksoftirqd/125   [ksoftirqd/125]
    774 I<   kworker/125:0H- [kworker/125:0H-events_highpri]
    775 S    cpuhp/126       [cpuhp/126]
    776 S    idle_inject/126 [idle_inject/126]
    777 S    migration/126   [migration/126]
    778 S    ksoftirqd/126   [ksoftirqd/126]
    780 I<   kworker/126:0H- [kworker/126:0H-events_highpri]
    781 S    cpuhp/127       [cpuhp/127]
    782 S    idle_inject/127 [idle_inject/127]
    783 S    migration/127   [migration/127]
    784 S    ksoftirqd/127   [ksoftirqd/127]
    786 I<   kworker/127:0H- [kworker/127:0H-kblockd]
    787 S    cpuhp/128       [cpuhp/128]
    788 S    idle_inject/128 [idle_inject/128]
    789 S    migration/128   [migration/128]
    790 S    ksoftirqd/128   [ksoftirqd/128]
    792 I<   kworker/128:0H- [kworker/128:0H-events_highpri]
    793 S    cpuhp/129       [cpuhp/129]
    794 S    idle_inject/129 [idle_inject/129]
    795 S    migration/129   [migration/129]
    796 S    ksoftirqd/129   [ksoftirqd/129]
    798 I<   kworker/129:0H- [kworker/129:0H-events_highpri]
    799 S    cpuhp/130       [cpuhp/130]
    800 S    idle_inject/130 [idle_inject/130]
    801 S    migration/130   [migration/130]
    802 S    ksoftirqd/130   [ksoftirqd/130]
    804 I<   kworker/130:0H- [kworker/130:0H-events_highpri]
    805 S    cpuhp/131       [cpuhp/131]
    806 S    idle_inject/131 [idle_inject/131]
    807 S    migration/131   [migration/131]
    808 S    ksoftirqd/131   [ksoftirqd/131]
    810 I<   kworker/131:0H- [kworker/131:0H-kblockd]
    811 S    cpuhp/132       [cpuhp/132]
    812 S    idle_inject/132 [idle_inject/132]
    813 S    migration/132   [migration/132]
    814 S    ksoftirqd/132   [ksoftirqd/132]
    816 I<   kworker/132:0H- [kworker/132:0H-kblockd]
    817 S    cpuhp/133       [cpuhp/133]
    818 S    idle_inject/133 [idle_inject/133]
    819 S    migration/133   [migration/133]
    820 S    ksoftirqd/133   [ksoftirqd/133]
    822 I<   kworker/133:0H- [kworker/133:0H-kblockd]
    823 S    cpuhp/134       [cpuhp/134]
    824 S    idle_inject/134 [idle_inject/134]
    825 S    migration/134   [migration/134]
    826 S    ksoftirqd/134   [ksoftirqd/134]
    828 I<   kworker/134:0H- [kworker/134:0H-kblockd]
    829 S    cpuhp/135       [cpuhp/135]
    830 S    idle_inject/135 [idle_inject/135]
    831 S    migration/135   [migration/135]
    832 S    ksoftirqd/135   [ksoftirqd/135]
    834 I<   kworker/135:0H- [kworker/135:0H-events_highpri]
    835 S    cpuhp/136       [cpuhp/136]
    836 S    idle_inject/136 [idle_inject/136]
    837 S    migration/136   [migration/136]
    838 S    ksoftirqd/136   [ksoftirqd/136]
    840 I<   kworker/136:0H- [kworker/136:0H-events_highpri]
    841 S    cpuhp/137       [cpuhp/137]
    842 S    idle_inject/137 [idle_inject/137]
    843 S    migration/137   [migration/137]
    844 S    ksoftirqd/137   [ksoftirqd/137]
    846 I<   kworker/137:0H- [kworker/137:0H-events_highpri]
    847 S    cpuhp/138       [cpuhp/138]
    848 S    idle_inject/138 [idle_inject/138]
    849 S    migration/138   [migration/138]
    850 S    ksoftirqd/138   [ksoftirqd/138]
    852 I<   kworker/138:0H- [kworker/138:0H-events_highpri]
    853 S    cpuhp/139       [cpuhp/139]
    854 S    idle_inject/139 [idle_inject/139]
    855 S    migration/139   [migration/139]
    856 S    ksoftirqd/139   [ksoftirqd/139]
    858 I<   kworker/139:0H- [kworker/139:0H-events_highpri]
    859 S    cpuhp/140       [cpuhp/140]
    860 S    idle_inject/140 [idle_inject/140]
    861 S    migration/140   [migration/140]
    862 S    ksoftirqd/140   [ksoftirqd/140]
    864 I<   kworker/140:0H- [kworker/140:0H-kblockd]
    865 S    cpuhp/141       [cpuhp/141]
    866 S    idle_inject/141 [idle_inject/141]
    867 S    migration/141   [migration/141]
    868 S    ksoftirqd/141   [ksoftirqd/141]
    870 I<   kworker/141:0H- [kworker/141:0H-events_highpri]
    871 S    cpuhp/142       [cpuhp/142]
    872 S    idle_inject/142 [idle_inject/142]
    873 S    migration/142   [migration/142]
    874 S    ksoftirqd/142   [ksoftirqd/142]
    876 I<   kworker/142:0H- [kworker/142:0H-events_highpri]
    877 S    cpuhp/143       [cpuhp/143]
    878 S    idle_inject/143 [idle_inject/143]
    879 S    migration/143   [migration/143]
    880 S    ksoftirqd/143   [ksoftirqd/143]
    882 I<   kworker/143:0H- [kworker/143:0H-events_highpri]
    883 S    cpuhp/144       [cpuhp/144]
    884 S    idle_inject/144 [idle_inject/144]
    885 S    migration/144   [migration/144]
    886 S    ksoftirqd/144   [ksoftirqd/144]
    888 I<   kworker/144:0H- [kworker/144:0H-kblockd]
    890 S    cpuhp/145       [cpuhp/145]
    891 S    idle_inject/145 [idle_inject/145]
    892 S    migration/145   [migration/145]
    893 S    ksoftirqd/145   [ksoftirqd/145]
    895 I<   kworker/145:0H- [kworker/145:0H-kblockd]
    896 S    cpuhp/146       [cpuhp/146]
    897 S    idle_inject/146 [idle_inject/146]
    898 S    migration/146   [migration/146]
    899 S    ksoftirqd/146   [ksoftirqd/146]
    901 I<   kworker/146:0H- [kworker/146:0H-kblockd]
    902 S    cpuhp/147       [cpuhp/147]
    903 S    idle_inject/147 [idle_inject/147]
    904 S    migration/147   [migration/147]
    905 S    ksoftirqd/147   [ksoftirqd/147]
    907 I<   kworker/147:0H- [kworker/147:0H-kblockd]
    908 S    cpuhp/148       [cpuhp/148]
    909 S    idle_inject/148 [idle_inject/148]
    910 S    migration/148   [migration/148]
    911 S    ksoftirqd/148   [ksoftirqd/148]
    913 I<   kworker/148:0H- [kworker/148:0H-kblockd]
    914 S    cpuhp/149       [cpuhp/149]
    915 S    idle_inject/149 [idle_inject/149]
    916 S    migration/149   [migration/149]
    917 S    ksoftirqd/149   [ksoftirqd/149]
    919 I<   kworker/149:0H- [kworker/149:0H-kblockd]
    920 S    cpuhp/150       [cpuhp/150]
    921 S    idle_inject/150 [idle_inject/150]
    922 S    migration/150   [migration/150]
    923 S    ksoftirqd/150   [ksoftirqd/150]
    925 I<   kworker/150:0H- [kworker/150:0H-kblockd]
    926 S    cpuhp/151       [cpuhp/151]
    927 S    idle_inject/151 [idle_inject/151]
    928 S    migration/151   [migration/151]
    929 S    ksoftirqd/151   [ksoftirqd/151]
    931 I<   kworker/151:0H- [kworker/151:0H-kblockd]
    932 S    cpuhp/152       [cpuhp/152]
    933 S    idle_inject/152 [idle_inject/152]
    934 S    migration/152   [migration/152]
    935 S    ksoftirqd/152   [ksoftirqd/152]
    937 I<   kworker/152:0H- [kworker/152:0H-kblockd]
    938 S    cpuhp/153       [cpuhp/153]
    939 S    idle_inject/153 [idle_inject/153]
    940 S    migration/153   [migration/153]
    941 S    ksoftirqd/153   [ksoftirqd/153]
    943 I<   kworker/153:0H- [kworker/153:0H-events_highpri]
    944 S    cpuhp/154       [cpuhp/154]
    945 S    idle_inject/154 [idle_inject/154]
    946 S    migration/154   [migration/154]
    947 S    ksoftirqd/154   [ksoftirqd/154]
    949 I<   kworker/154:0H- [kworker/154:0H-kblockd]
    950 S    cpuhp/155       [cpuhp/155]
    951 S    idle_inject/155 [idle_inject/155]
    952 S    migration/155   [migration/155]
    953 S    ksoftirqd/155   [ksoftirqd/155]
    955 I<   kworker/155:0H- [kworker/155:0H-events_highpri]
    956 S    cpuhp/156       [cpuhp/156]
    957 S    idle_inject/156 [idle_inject/156]
    958 S    migration/156   [migration/156]
    959 S    ksoftirqd/156   [ksoftirqd/156]
    961 I<   kworker/156:0H- [kworker/156:0H-kblockd]
    962 S    cpuhp/157       [cpuhp/157]
    963 S    idle_inject/157 [idle_inject/157]
    964 S    migration/157   [migration/157]
    965 S    ksoftirqd/157   [ksoftirqd/157]
    967 I<   kworker/157:0H- [kworker/157:0H-kblockd]
    968 S    cpuhp/158       [cpuhp/158]
    969 S    idle_inject/158 [idle_inject/158]
    970 S    migration/158   [migration/158]
    971 S    ksoftirqd/158   [ksoftirqd/158]
    973 I<   kworker/158:0H- [kworker/158:0H-kblockd]
    974 S    cpuhp/159       [cpuhp/159]
    975 S    idle_inject/159 [idle_inject/159]
    976 S    migration/159   [migration/159]
    977 S    ksoftirqd/159   [ksoftirqd/159]
    979 I<   kworker/159:0H- [kworker/159:0H-kblockd]
    980 S    cpuhp/160       [cpuhp/160]
    981 S    idle_inject/160 [idle_inject/160]
    982 S    migration/160   [migration/160]
    983 S    ksoftirqd/160   [ksoftirqd/160]
    985 I<   kworker/160:0H- [kworker/160:0H-kblockd]
    986 S    cpuhp/161       [cpuhp/161]
    987 S    idle_inject/161 [idle_inject/161]
    988 S    migration/161   [migration/161]
    989 S    ksoftirqd/161   [ksoftirqd/161]
    991 I<   kworker/161:0H- [kworker/161:0H-events_highpri]
    992 S    cpuhp/162       [cpuhp/162]
    993 S    idle_inject/162 [idle_inject/162]
    994 S    migration/162   [migration/162]
    995 S    ksoftirqd/162   [ksoftirqd/162]
    997 I<   kworker/162:0H- [kworker/162:0H-kblockd]
    998 S    cpuhp/163       [cpuhp/163]
    999 S    idle_inject/163 [idle_inject/163]
   1000 S    migration/163   [migration/163]
   1001 S    ksoftirqd/163   [ksoftirqd/163]
   1003 I<   kworker/163:0H- [kworker/163:0H-kblockd]
   1004 S    cpuhp/164       [cpuhp/164]
   1005 S    idle_inject/164 [idle_inject/164]
   1006 S    migration/164   [migration/164]
   1007 S    ksoftirqd/164   [ksoftirqd/164]
   1009 I<   kworker/164:0H- [kworker/164:0H-events_highpri]
   1010 S    cpuhp/165       [cpuhp/165]
   1011 S    idle_inject/165 [idle_inject/165]
   1012 S    migration/165   [migration/165]
   1013 S    ksoftirqd/165   [ksoftirqd/165]
   1015 I<   kworker/165:0H- [kworker/165:0H-events_highpri]
   1016 S    cpuhp/166       [cpuhp/166]
   1017 S    idle_inject/166 [idle_inject/166]
   1018 S    migration/166   [migration/166]
   1019 S    ksoftirqd/166   [ksoftirqd/166]
   1021 I<   kworker/166:0H- [kworker/166:0H-kblockd]
   1022 S    cpuhp/167       [cpuhp/167]
   1023 S    idle_inject/167 [idle_inject/167]
   1024 S    migration/167   [migration/167]
   1025 S    ksoftirqd/167   [ksoftirqd/167]
   1027 I<   kworker/167:0H- [kworker/167:0H-events_highpri]
   1028 S    cpuhp/168       [cpuhp/168]
   1029 S    idle_inject/168 [idle_inject/168]
   1030 S    migration/168   [migration/168]
   1031 S    ksoftirqd/168   [ksoftirqd/168]
   1033 I<   kworker/168:0H- [kworker/168:0H-kblockd]
   1035 S    cpuhp/169       [cpuhp/169]
   1036 S    idle_inject/169 [idle_inject/169]
   1037 S    migration/169   [migration/169]
   1038 S    ksoftirqd/169   [ksoftirqd/169]
   1040 I<   kworker/169:0H- [kworker/169:0H-kblockd]
   1041 S    cpuhp/170       [cpuhp/170]
   1042 S    idle_inject/170 [idle_inject/170]
   1043 S    migration/170   [migration/170]
   1044 S    ksoftirqd/170   [ksoftirqd/170]
   1046 I<   kworker/170:0H- [kworker/170:0H-kblockd]
   1047 S    cpuhp/171       [cpuhp/171]
   1048 S    idle_inject/171 [idle_inject/171]
   1049 S    migration/171   [migration/171]
   1050 S    ksoftirqd/171   [ksoftirqd/171]
   1052 I<   kworker/171:0H- [kworker/171:0H-kblockd]
   1053 S    cpuhp/172       [cpuhp/172]
   1054 S    idle_inject/172 [idle_inject/172]
   1055 S    migration/172   [migration/172]
   1056 S    ksoftirqd/172   [ksoftirqd/172]
   1058 I<   kworker/172:0H- [kworker/172:0H-kblockd]
   1059 S    cpuhp/173       [cpuhp/173]
   1060 S    idle_inject/173 [idle_inject/173]
   1061 S    migration/173   [migration/173]
   1062 S    ksoftirqd/173   [ksoftirqd/173]
   1064 I<   kworker/173:0H- [kworker/173:0H-kblockd]
   1065 S    cpuhp/174       [cpuhp/174]
   1066 S    idle_inject/174 [idle_inject/174]
   1067 S    migration/174   [migration/174]
   1068 S    ksoftirqd/174   [ksoftirqd/174]
   1070 I<   kworker/174:0H- [kworker/174:0H-kblockd]
   1071 S    cpuhp/175       [cpuhp/175]
   1072 S    idle_inject/175 [idle_inject/175]
   1073 S    migration/175   [migration/175]
   1074 S    ksoftirqd/175   [ksoftirqd/175]
   1076 I<   kworker/175:0H- [kworker/175:0H-kblockd]
   1077 S    cpuhp/176       [cpuhp/176]
   1078 S    idle_inject/176 [idle_inject/176]
   1079 S    migration/176   [migration/176]
   1080 S    ksoftirqd/176   [ksoftirqd/176]
   1082 I<   kworker/176:0H- [kworker/176:0H-events_highpri]
   1083 S    cpuhp/177       [cpuhp/177]
   1084 S    idle_inject/177 [idle_inject/177]
   1085 S    migration/177   [migration/177]
   1086 S    ksoftirqd/177   [ksoftirqd/177]
   1088 I<   kworker/177:0H- [kworker/177:0H-events_highpri]
   1089 S    cpuhp/178       [cpuhp/178]
   1090 S    idle_inject/178 [idle_inject/178]
   1091 S    migration/178   [migration/178]
   1092 S    ksoftirqd/178   [ksoftirqd/178]
   1094 I<   kworker/178:0H- [kworker/178:0H-kblockd]
   1095 S    cpuhp/179       [cpuhp/179]
   1096 S    idle_inject/179 [idle_inject/179]
   1097 S    migration/179   [migration/179]
   1098 S    ksoftirqd/179   [ksoftirqd/179]
   1100 I<   kworker/179:0H- [kworker/179:0H-events_highpri]
   1101 S    cpuhp/180       [cpuhp/180]
   1102 S    idle_inject/180 [idle_inject/180]
   1103 S    migration/180   [migration/180]
   1104 S    ksoftirqd/180   [ksoftirqd/180]
   1106 I<   kworker/180:0H- [kworker/180:0H-events_highpri]
   1107 S    cpuhp/181       [cpuhp/181]
   1108 S    idle_inject/181 [idle_inject/181]
   1109 S    migration/181   [migration/181]
   1110 S    ksoftirqd/181   [ksoftirqd/181]
   1112 I<   kworker/181:0H- [kworker/181:0H-events_highpri]
   1113 S    cpuhp/182       [cpuhp/182]
   1114 S    idle_inject/182 [idle_inject/182]
   1115 S    migration/182   [migration/182]
   1116 S    ksoftirqd/182   [ksoftirqd/182]
   1118 I<   kworker/182:0H- [kworker/182:0H-events_highpri]
   1119 S    cpuhp/183       [cpuhp/183]
   1120 S    idle_inject/183 [idle_inject/183]
   1121 S    migration/183   [migration/183]
   1122 S    ksoftirqd/183   [ksoftirqd/183]
   1124 I<   kworker/183:0H- [kworker/183:0H-kblockd]
   1125 S    cpuhp/184       [cpuhp/184]
   1126 S    idle_inject/184 [idle_inject/184]
   1127 S    migration/184   [migration/184]
   1128 S    ksoftirqd/184   [ksoftirqd/184]
   1130 I<   kworker/184:0H- [kworker/184:0H-kblockd]
   1131 S    cpuhp/185       [cpuhp/185]
   1132 S    idle_inject/185 [idle_inject/185]
   1133 S    migration/185   [migration/185]
   1134 S    ksoftirqd/185   [ksoftirqd/185]
   1136 I<   kworker/185:0H- [kworker/185:0H-events_highpri]
   1137 S    cpuhp/186       [cpuhp/186]
   1138 S    idle_inject/186 [idle_inject/186]
   1139 S    migration/186   [migration/186]
   1140 S    ksoftirqd/186   [ksoftirqd/186]
   1142 I<   kworker/186:0H- [kworker/186:0H-events_highpri]
   1143 S    cpuhp/187       [cpuhp/187]
   1144 S    idle_inject/187 [idle_inject/187]
   1145 S    migration/187   [migration/187]
   1146 S    ksoftirqd/187   [ksoftirqd/187]
   1148 I<   kworker/187:0H- [kworker/187:0H-events_highpri]
   1149 S    cpuhp/188       [cpuhp/188]
   1150 S    idle_inject/188 [idle_inject/188]
   1151 S    migration/188   [migration/188]
   1152 S    ksoftirqd/188   [ksoftirqd/188]
   1154 I<   kworker/188:0H- [kworker/188:0H-events_highpri]
   1155 S    cpuhp/189       [cpuhp/189]
   1156 S    idle_inject/189 [idle_inject/189]
   1157 S    migration/189   [migration/189]
   1158 S    ksoftirqd/189   [ksoftirqd/189]
   1160 I<   kworker/189:0H- [kworker/189:0H-kblockd]
   1161 S    cpuhp/190       [cpuhp/190]
   1162 S    idle_inject/190 [idle_inject/190]
   1163 S    migration/190   [migration/190]
   1164 S    ksoftirqd/190   [ksoftirqd/190]
   1166 I<   kworker/190:0H- [kworker/190:0H-events_highpri]
   1167 S    cpuhp/191       [cpuhp/191]
   1168 S    idle_inject/191 [idle_inject/191]
   1169 S    migration/191   [migration/191]
   1170 S    ksoftirqd/191   [ksoftirqd/191]
   1172 I<   kworker/191:0H- [kworker/191:0H-kblockd]
   1173 S    kdevtmpfs       [kdevtmpfs]
   1174 I<   inet_frag_wq    [inet_frag_wq]
   1366 S    kauditd         [kauditd]
   1369 S    khungtaskd      [khungtaskd]
   1370 S    oom_reaper      [oom_reaper]
   1371 I<   writeback       [writeback]
   1372 S    kcompactd0      [kcompactd0]
   1373 S    kcompactd1      [kcompactd1]
   1374 S    kcompactd2      [kcompactd2]
   1375 S    kcompactd3      [kcompactd3]
   1376 S    kcompactd4      [kcompactd4]
   1377 S    kcompactd5      [kcompactd5]
   1378 S    kcompactd6      [kcompactd6]
   1379 S    kcompactd7      [kcompactd7]
   1380 SN   ksmd            [ksmd]
   1381 SN   khugepaged      [khugepaged]
   1427 I<   kintegrityd     [kintegrityd]
   1428 I<   kblockd         [kblockd]
   1429 I<   blkcg_punt_bio  [blkcg_punt_bio]
   1430 I<   tpm_dev_wq      [tpm_dev_wq]
   1431 I<   ata_sff         [ata_sff]
   1432 I<   md              [md]
   1433 I<   edac-poller     [edac-poller]
   1434 I<   devfreq_wq      [devfreq_wq]
   1435 S    watchdogd       [watchdogd]
   1437 I<   kworker/3:1H-kb [kworker/3:1H-kblockd]
   1438 S    kswapd0         [kswapd0]
   1439 S    kswapd1         [kswapd1]
   1440 S    kswapd2         [kswapd2]
   1441 S    kswapd3         [kswapd3]
   1442 S    kswapd4         [kswapd4]
   1443 S    kswapd5         [kswapd5]
   1444 S    kswapd6         [kswapd6]
   1445 S    kswapd7         [kswapd7]
   1446 S    ecryptfs-kthrea [ecryptfs-kthrea]
   1448 I<   kthrotld        [kthrotld]
   1449 S    irq/30-aerdrv   [irq/30-aerdrv]
   1450 S    irq/32-aerdrv   [irq/32-aerdrv]
   1451 S    irq/34-aerdrv   [irq/34-aerdrv]
   1452 S    irq/36-aerdrv   [irq/36-aerdrv]
   1453 S    irq/38-aerdrv   [irq/38-aerdrv]
   1454 S    irq/37-pciehp   [irq/37-pciehp]
   1455 S    irq/40-aerdrv   [irq/40-aerdrv]
   1456 S    irq/39-pciehp   [irq/39-pciehp]
   1457 S    irq/42-aerdrv   [irq/42-aerdrv]
   1458 S    irq/44-aerdrv   [irq/44-aerdrv]
   1459 S    irq/46-aerdrv   [irq/46-aerdrv]
   1460 S    irq/48-aerdrv   [irq/48-aerdrv]
   1461 S    irq/50-aerdrv   [irq/50-aerdrv]
   1462 S    irq/52-aerdrv   [irq/52-aerdrv]
   1463 S    irq/51-pciehp   [irq/51-pciehp]
   1464 S    irq/54-aerdrv   [irq/54-aerdrv]
   1465 S    irq/53-pciehp   [irq/53-pciehp]
   1466 S    irq/56-aerdrv   [irq/56-aerdrv]
   1467 S    irq/55-pciehp   [irq/55-pciehp]
   1468 S    irq/58-aerdrv   [irq/58-aerdrv]
   1469 S    irq/57-pciehp   [irq/57-pciehp]
   1470 S    irq/60-aerdrv   [irq/60-aerdrv]
   1471 S    irq/62-aerdrv   [irq/62-aerdrv]
   1472 S    irq/64-aerdrv   [irq/64-aerdrv]
   1473 S    irq/14-ACPI:Ged [irq/14-ACPI:Ged]
   1474 S    irq/19-ACPI:Ged [irq/19-ACPI:Ged]
   1475 I<   acpi_thermal_pm [acpi_thermal_pm]
   1487 I<   mld             [mld]
   1488 I<   ipv6_addrconf   [ipv6_addrconf]
   1497 I<   kstrp           [kstrp]
   1500 I<   zswap-shrink    [zswap-shrink]
   1509 I    kworker/32:0-ev [kworker/32:0-events]
   1688 I<   kworker/u394:0  [kworker/u394:0]
   1689 I<   kworker/u395:0  [kworker/u395:0]
   1690 I<   kworker/u396:0  [kworker/u396:0]
   1691 I<   kworker/u397:0  [kworker/u397:0]
   1692 I<   kworker/u398:0  [kworker/u398:0]
   1693 I<   kworker/u399:0  [kworker/u399:0]
   1694 I<   kworker/u400:0  [kworker/u400:0]
   1695 I<   kworker/u401:0  [kworker/u401:0]
   1699 I<   cryptd          [cryptd]
   1740 I<   charger_manager [charger_manager]
   1762 I<   kworker/10:1H-k [kworker/10:1H-kblockd]
   1780 S    spi0            [spi0]
   1784 S    scsi_eh_0       [scsi_eh_0]
   1785 I<   scsi_tmf_0      [scsi_tmf_0]
   1787 I<   nvme-wq         [nvme-wq]
   1788 S    scsi_eh_1       [scsi_eh_1]
   1789 I<   scsi_tmf_1      [scsi_tmf_1]
   1790 I<   nvme-reset-wq   [nvme-reset-wq]
   1792 I<   nvme-delete-wq  [nvme-delete-wq]
   1795 S    scsi_eh_2       [scsi_eh_2]
   1796 I<   scsi_tmf_2      [scsi_tmf_2]
   1797 S    scsi_eh_3       [scsi_eh_3]
   1798 I<   scsi_tmf_3      [scsi_tmf_3]
   1801 S    scsi_eh_4       [scsi_eh_4]
   1802 I<   scsi_tmf_4      [scsi_tmf_4]
   1805 S    scsi_eh_5       [scsi_eh_5]
   1807 I<   scsi_tmf_5      [scsi_tmf_5]
   1812 S    scsi_eh_6       [scsi_eh_6]
   1813 I<   scsi_tmf_6      [scsi_tmf_6]
   1815 S    scsi_eh_7       [scsi_eh_7]
   1816 I<   scsi_tmf_7      [scsi_tmf_7]
   1821 S    scsi_eh_8       [scsi_eh_8]
   1822 I<   scsi_tmf_8      [scsi_tmf_8]
   1827 I<   0000:34:02.0    [0000:34:02.0]
   1828 S    scsi_eh_9       [scsi_eh_9]
   1829 I<   scsi_tmf_9      [scsi_tmf_9]
   1830 I<   scsi_wq_8       [scsi_wq_8]
   1835 I<   0000:34:02.0_ev [0000:34:02.0_ev]
   1836 I<   0000:34:02.0_di [0000:34:02.0_di]
   2032 I<   kworker/9:1H-kb [kworker/9:1H-kblockd]
   2033 I<   poll_megasas9_s [poll_megasas9_s]
   2061 I<   kworker/74:1H-k [kworker/74:1H-kblockd]
   2062 I<   kworker/77:1H-k [kworker/77:1H-kblockd]
   2063 I<   kworker/79:1H-k [kworker/79:1H-kblockd]
   2064 I<   kworker/76:1H-k [kworker/76:1H-kblockd]
   2065 I<   kworker/73:1H-k [kworker/73:1H-kblockd]
   2066 I<   kworker/75:1H-k [kworker/75:1H-kblockd]
   2067 I<   kworker/124:1H- [kworker/124:1H-kblockd]
   2071 I<   kworker/78:1H-k [kworker/78:1H-kblockd]
   2077 I<   kworker/7:1H-kb [kworker/7:1H-kblockd]
   2078 S    irq/102-hisi_sa [irq/102-hisi_sa]
   2079 S    irq/103-hisi_sa [irq/103-hisi_sa]
   2080 S    irq/104-hisi_sa [irq/104-hisi_sa]
   2081 S    irq/105-hisi_sa [irq/105-hisi_sa]
   2082 S    irq/106-hisi_sa [irq/106-hisi_sa]
   2083 S    irq/107-hisi_sa [irq/107-hisi_sa]
   2084 S    irq/108-hisi_sa [irq/108-hisi_sa]
   2085 S    irq/109-hisi_sa [irq/109-hisi_sa]
   2086 S    irq/110-hisi_sa [irq/110-hisi_sa]
   2087 S    irq/111-hisi_sa [irq/111-hisi_sa]
   2088 S    irq/112-hisi_sa [irq/112-hisi_sa]
   2089 S    irq/113-hisi_sa [irq/113-hisi_sa]
   2090 S    irq/114-hisi_sa [irq/114-hisi_sa]
   2091 S    irq/115-hisi_sa [irq/115-hisi_sa]
   2092 S    irq/116-hisi_sa [irq/116-hisi_sa]
   2093 S    irq/117-hisi_sa [irq/117-hisi_sa]
   2094 S    scsi_eh_10      [scsi_eh_10]
   2095 I<   scsi_tmf_10     [scsi_tmf_10]
   2096 I<   0000:34:04.0    [0000:34:04.0]
   2097 I<   scsi_wq_10      [scsi_wq_10]
   2098 I<   0000:34:04.0_ev [0000:34:04.0_ev]
   2099 I<   0000:34:04.0_di [0000:34:04.0_di]
   2100 S    irq/1302-hisi_s [irq/1302-hisi_s]
   2101 S    irq/1303-hisi_s [irq/1303-hisi_s]
   2102 S    irq/1304-hisi_s [irq/1304-hisi_s]
   2103 S    irq/1305-hisi_s [irq/1305-hisi_s]
   2104 S    irq/1306-hisi_s [irq/1306-hisi_s]
   2105 S    irq/1307-hisi_s [irq/1307-hisi_s]
   2106 S    irq/1308-hisi_s [irq/1308-hisi_s]
   2107 S    irq/1309-hisi_s [irq/1309-hisi_s]
   2108 S    irq/1310-hisi_s [irq/1310-hisi_s]
   2109 S    irq/1311-hisi_s [irq/1311-hisi_s]
   2110 S    irq/1312-hisi_s [irq/1312-hisi_s]
   2111 S    irq/1313-hisi_s [irq/1313-hisi_s]
   2112 S    irq/1314-hisi_s [irq/1314-hisi_s]
   2113 S    irq/1315-hisi_s [irq/1315-hisi_s]
   2114 S    irq/1316-hisi_s [irq/1316-hisi_s]
   2115 S    irq/1317-hisi_s [irq/1317-hisi_s]
   2116 S    scsi_eh_11      [scsi_eh_11]
   2117 I<   scsi_tmf_11     [scsi_tmf_11]
   2118 I<   0000:74:02.0    [0000:74:02.0]
   2119 I<   scsi_wq_11      [scsi_wq_11]
   2120 I<   0000:74:02.0_ev [0000:74:02.0_ev]
   2121 I<   0000:74:02.0_di [0000:74:02.0_di]
   2122 S    irq/1334-hisi_s [irq/1334-hisi_s]
   2123 S    irq/1335-hisi_s [irq/1335-hisi_s]
   2124 S    irq/1336-hisi_s [irq/1336-hisi_s]
   2125 S    irq/1337-hisi_s [irq/1337-hisi_s]
   2126 S    irq/1338-hisi_s [irq/1338-hisi_s]
   2127 S    irq/1339-hisi_s [irq/1339-hisi_s]
   2128 S    irq/1340-hisi_s [irq/1340-hisi_s]
   2129 S    irq/1341-hisi_s [irq/1341-hisi_s]
   2130 S    irq/1342-hisi_s [irq/1342-hisi_s]
   2131 S    irq/1343-hisi_s [irq/1343-hisi_s]
   2132 S    irq/1344-hisi_s [irq/1344-hisi_s]
   2133 S    irq/1345-hisi_s [irq/1345-hisi_s]
   2134 S    irq/1346-hisi_s [irq/1346-hisi_s]
   2135 S    irq/1347-hisi_s [irq/1347-hisi_s]
   2136 S    irq/1348-hisi_s [irq/1348-hisi_s]
   2137 S    irq/1349-hisi_s [irq/1349-hisi_s]
   2138 S    scsi_eh_12      [scsi_eh_12]
   2139 I<   scsi_tmf_12     [scsi_tmf_12]
   2140 I<   0000:74:04.0    [0000:74:04.0]
   2141 I<   scsi_wq_12      [scsi_wq_12]
   2142 I<   0000:74:04.0_ev [0000:74:04.0_ev]
   2143 I<   0000:74:04.0_di [0000:74:04.0_di]
   2144 S    irq/1366-hisi_s [irq/1366-hisi_s]
   2145 S    irq/1367-hisi_s [irq/1367-hisi_s]
   2146 S    irq/1368-hisi_s [irq/1368-hisi_s]
   2147 S    irq/1369-hisi_s [irq/1369-hisi_s]
   2148 S    irq/1370-hisi_s [irq/1370-hisi_s]
   2149 S    irq/1371-hisi_s [irq/1371-hisi_s]
   2150 S    irq/1372-hisi_s [irq/1372-hisi_s]
   2151 S    irq/1373-hisi_s [irq/1373-hisi_s]
   2152 S    irq/1374-hisi_s [irq/1374-hisi_s]
   2153 S    irq/1375-hisi_s [irq/1375-hisi_s]
   2154 S    irq/1376-hisi_s [irq/1376-hisi_s]
   2155 S    irq/1377-hisi_s [irq/1377-hisi_s]
   2156 S    irq/1378-hisi_s [irq/1378-hisi_s]
   2157 S    irq/1379-hisi_s [irq/1379-hisi_s]
   2158 S    irq/1380-hisi_s [irq/1380-hisi_s]
   2159 S    irq/1381-hisi_s [irq/1381-hisi_s]
   2160 S    scsi_eh_13      [scsi_eh_13]
   2161 I<   scsi_tmf_13     [scsi_tmf_13]
   2162 I<   0000:b4:02.0    [0000:b4:02.0]
   2163 I<   scsi_wq_13      [scsi_wq_13]
   2164 I<   0000:b4:02.0_ev [0000:b4:02.0_ev]
   2165 I<   0000:b4:02.0_di [0000:b4:02.0_di]
   2166 S    irq/1398-hisi_s [irq/1398-hisi_s]
   2167 S    irq/1399-hisi_s [irq/1399-hisi_s]
   2168 S    irq/1400-hisi_s [irq/1400-hisi_s]
   2169 S    irq/1401-hisi_s [irq/1401-hisi_s]
   2170 S    irq/1402-hisi_s [irq/1402-hisi_s]
   2171 S    irq/1403-hisi_s [irq/1403-hisi_s]
   2172 S    irq/1404-hisi_s [irq/1404-hisi_s]
   2173 S    irq/1405-hisi_s [irq/1405-hisi_s]
   2174 S    irq/1406-hisi_s [irq/1406-hisi_s]
   2175 S    irq/1407-hisi_s [irq/1407-hisi_s]
   2176 S    irq/1408-hisi_s [irq/1408-hisi_s]
   2177 S    irq/1409-hisi_s [irq/1409-hisi_s]
   2178 S    irq/1410-hisi_s [irq/1410-hisi_s]
   2179 S    irq/1411-hisi_s [irq/1411-hisi_s]
   2180 S    irq/1412-hisi_s [irq/1412-hisi_s]
   2181 S    irq/1413-hisi_s [irq/1413-hisi_s]
   2182 S    scsi_eh_14      [scsi_eh_14]
   2183 I<   scsi_tmf_14     [scsi_tmf_14]
   2184 I<   0000:b4:04.0    [0000:b4:04.0]
   2185 I<   scsi_wq_14      [scsi_wq_14]
   2186 I<   0000:b4:04.0_ev [0000:b4:04.0_ev]
   2187 I<   0000:b4:04.0_di [0000:b4:04.0_di]
   2188 I<   kworker/6:1H-kb [kworker/6:1H-kblockd]
   2189 I<   kworker/2:1H-kb [kworker/2:1H-kblockd]
   2190 S    irq/1430-hisi_s [irq/1430-hisi_s]
   2191 S    irq/1431-hisi_s [irq/1431-hisi_s]
   2192 S    irq/1432-hisi_s [irq/1432-hisi_s]
   2193 S    irq/1433-hisi_s [irq/1433-hisi_s]
   2194 S    irq/1434-hisi_s [irq/1434-hisi_s]
   2195 S    irq/1435-hisi_s [irq/1435-hisi_s]
   2196 S    irq/1436-hisi_s [irq/1436-hisi_s]
   2197 S    irq/1437-hisi_s [irq/1437-hisi_s]
   2198 S    irq/1438-hisi_s [irq/1438-hisi_s]
   2199 S    irq/1439-hisi_s [irq/1439-hisi_s]
   2200 S    irq/1440-hisi_s [irq/1440-hisi_s]
   2201 S    irq/1441-hisi_s [irq/1441-hisi_s]
   2202 S    irq/1442-hisi_s [irq/1442-hisi_s]
   2203 S    irq/1443-hisi_s [irq/1443-hisi_s]
   2204 S    irq/1444-hisi_s [irq/1444-hisi_s]
   2205 S    irq/1445-hisi_s [irq/1445-hisi_s]
   2206 S    scsi_eh_15      [scsi_eh_15]
   2207 I<   scsi_tmf_15     [scsi_tmf_15]
   2208 I<   0000:f4:02.0    [0000:f4:02.0]
   2209 I<   scsi_wq_15      [scsi_wq_15]
   2210 I<   0000:f4:02.0_ev [0000:f4:02.0_ev]
   2211 I<   0000:f4:02.0_di [0000:f4:02.0_di]
   2212 S    irq/1462-hisi_s [irq/1462-hisi_s]
   2213 S    irq/1463-hisi_s [irq/1463-hisi_s]
   2214 S    irq/1464-hisi_s [irq/1464-hisi_s]
   2215 S    irq/1465-hisi_s [irq/1465-hisi_s]
   2216 S    irq/1466-hisi_s [irq/1466-hisi_s]
   2217 S    irq/1467-hisi_s [irq/1467-hisi_s]
   2218 S    irq/1468-hisi_s [irq/1468-hisi_s]
   2219 S    irq/1469-hisi_s [irq/1469-hisi_s]
   2220 S    irq/1470-hisi_s [irq/1470-hisi_s]
   2221 S    irq/1471-hisi_s [irq/1471-hisi_s]
   2222 S    irq/1472-hisi_s [irq/1472-hisi_s]
   2223 S    irq/1473-hisi_s [irq/1473-hisi_s]
   2224 S    irq/1474-hisi_s [irq/1474-hisi_s]
   2225 S    irq/1475-hisi_s [irq/1475-hisi_s]
   2226 S    irq/1476-hisi_s [irq/1476-hisi_s]
   2227 S    irq/1477-hisi_s [irq/1477-hisi_s]
   2228 S    scsi_eh_16      [scsi_eh_16]
   2229 I<   scsi_tmf_16     [scsi_tmf_16]
   2230 I<   0000:f4:04.0    [0000:f4:04.0]
   2231 I<   scsi_wq_16      [scsi_wq_16]
   2232 I<   0000:f4:04.0_ev [0000:f4:04.0_ev]
   2233 I<   0000:f4:04.0_di [0000:f4:04.0_di]
   2234 S    irq/1494-hisi_s [irq/1494-hisi_s]
   2235 S    irq/1495-hisi_s [irq/1495-hisi_s]
   2236 S    irq/1496-hisi_s [irq/1496-hisi_s]
   2237 S    irq/1497-hisi_s [irq/1497-hisi_s]
   2238 S    irq/1498-hisi_s [irq/1498-hisi_s]
   2239 S    irq/1499-hisi_s [irq/1499-hisi_s]
   2240 S    irq/1500-hisi_s [irq/1500-hisi_s]
   2241 S    irq/1501-hisi_s [irq/1501-hisi_s]
   2242 S    irq/1502-hisi_s [irq/1502-hisi_s]
   2243 S    irq/1503-hisi_s [irq/1503-hisi_s]
   2244 S    irq/1504-hisi_s [irq/1504-hisi_s]
   2245 S    irq/1505-hisi_s [irq/1505-hisi_s]
   2246 S    irq/1506-hisi_s [irq/1506-hisi_s]
   2247 S    irq/1507-hisi_s [irq/1507-hisi_s]
   2248 S    irq/1508-hisi_s [irq/1508-hisi_s]
   2249 S    irq/1509-hisi_s [irq/1509-hisi_s]
   2250 I<   kworker/146:1H- [kworker/146:1H-kblockd]
   2251 I<   kworker/147:1H- [kworker/147:1H-kblockd]
   2306 I<   kworker/125:1H- [kworker/125:1H-kblockd]
   2311 I<   kworker/109:1H- [kworker/109:1H-kblockd]
   2313 I<   kworker/28:1H-k [kworker/28:1H-kblockd]
   2315 I<   kworker/187:1H- [kworker/187:1H-kblockd]
   2319 S    card0-crtc0     [card0-crtc0]
   2324 I<   kworker/30:1H-k [kworker/30:1H-kblockd]
   2325 I<   kworker/31:1H-k [kworker/31:1H-kblockd]
   2332 I<   kworker/105:1H- [kworker/105:1H-kblockd]
   2333 I<   kworker/107:1H- [kworker/107:1H-kblockd]
   2336 I<   kworker/104:1H- [kworker/104:1H-kblockd]
   2337 I<   kworker/103:1H- [kworker/103:1H-kblockd]
   2338 I<   kworker/82:1H-k [kworker/82:1H-kblockd]
   2339 I<   kworker/91:1H-k [kworker/91:1H-kblockd]
   2340 I<   kworker/90:1H-k [kworker/90:1H-kblockd]
   2341 I<   kworker/137:1H- [kworker/137:1H-kblockd]
   2342 I<   kworker/94:1H-k [kworker/94:1H-kblockd]
   2343 I<   kworker/141:1H- [kworker/141:1H-kblockd]
   2363 I<   raid5wq         [raid5wq]
   2414 I<   kworker/14:1H-k [kworker/14:1H-kblockd]
   2415 I<   kworker/15:1H-k [kworker/15:1H-kblockd]
   2416 S    jbd2/sda2-8     [jbd2/sda2-8]
   2417 I<   ext4-rsv-conver [ext4-rsv-conver]
   2432 I<   kworker/19:1H-k [kworker/19:1H-kblockd]
   2435 I<   kworker/20:1H-k [kworker/20:1H-kblockd]
   2440 I<   kworker/21:1H-k [kworker/21:1H-kblockd]
   2441 I<   kworker/36:1H-k [kworker/36:1H-kblockd]
   2447 I<   kworker/24:1H-k [kworker/24:1H-kblockd]
   2450 I<   kworker/26:1H-k [kworker/26:1H-kblockd]
   2453 I<   kworker/12:1H-k [kworker/12:1H-kblockd]
   2457 I<   kworker/11:1H-k [kworker/11:1H-kblockd]
   2458 I<   kworker/0:1H-kb [kworker/0:1H-kblockd]
   2460 I<   kworker/16:1H-k [kworker/16:1H-kblockd]
   2462 I<   kworker/48:1H-k [kworker/48:1H-kblockd]
   2465 I<   kworker/50:1H-k [kworker/50:1H-kblockd]
   2482 I<   kworker/51:1H-k [kworker/51:1H-kblockd]
   2487 I<   kworker/54:1H-k [kworker/54:1H-kblockd]
   2488 I<   kworker/58:1H-k [kworker/58:1H-kblockd]
   2491 I<   kworker/52:1H-k [kworker/52:1H-kblockd]
   2494 I<   kworker/55:1H-k [kworker/55:1H-kblockd]
   2498 I<   kworker/56:1H-k [kworker/56:1H-kblockd]
   2499 I<   kworker/53:1H-k [kworker/53:1H-kblockd]
   2503 I<   kworker/46:1H-k [kworker/46:1H-kblockd]
   2504 I<   kworker/25:1H-k [kworker/25:1H-kblockd]
   2526 I<   kworker/34:1H-d [kworker/34:1H-dms_timer_8]
   2533 I<   ipmi-msghandler [ipmi-msghandler]
   2542 I<   kaluad          [kaluad]
   2544 I<   kworker/148:1H- [kworker/148:1H-kblockd]
   2545 I<   kmpath_rdacd    [kmpath_rdacd]
   2546 I<   kworker/32:1H-k [kworker/32:1H-kblockd]
   2548 I<   kmpathd         [kmpathd]
   2549 I<   kmpath_handlerd [kmpath_handlerd]
   2554 I<   kworker/152:1H- [kworker/152:1H-kblockd]
   2558 I<   kworker/156:1H- [kworker/156:1H-kblockd]
   2564 I<   kworker/158:1H- [kworker/158:1H-kblockd]
   2567 I<   kworker/27:1H-k [kworker/27:1H-kblockd]
   2569 I<   kworker/154:1H- [kworker/154:1H-kblockd]
   2576 I<   kworker/155:1H- [kworker/155:1H-kblockd]
   2624 I<   kworker/47:1H-k [kworker/47:1H-kblockd]
   2625 I<   kworker/29:1H-k [kworker/29:1H-kblockd]
   2628 I<   kworker/44:1H-k [kworker/44:1H-kblockd]
   2630 I<   kworker/189:1H- [kworker/189:1H-kblockd]
   2631 I<   kworker/191:1H- [kworker/191:1H-kblockd]
   2632 I<   kworker/41:1H-k [kworker/41:1H-kblockd]
   2713 I<   kworker/150:1H- [kworker/150:1H-kblockd]
   2714 I<   nfit            [nfit]
   2715 I<   kworker/149:1H- [kworker/149:1H-kblockd]
   2716 I<   kworker/23:1H-k [kworker/23:1H-kblockd]
   2717 S    hwrng           [hwrng]
   2725 I<   kworker/38:1H-k [kworker/38:1H-kblockd]
   2735 I<   vfio-irqfd-clea [vfio-irqfd-clea]
   2738 I<   kworker/35:1H-k [kworker/35:1H-kblockd]
   2739 I<   kworker/49:1H-k [kworker/49:1H-kblockd]
   2749 I<   ib-comp-wq      [ib-comp-wq]
   2751 I<   ib-comp-unb-wq  [ib-comp-unb-wq]
   2752 I<   ib_mcast        [ib_mcast]
   2753 I<   ib_nl_sa_wq     [ib_nl_sa_wq]
   2757 I<   kworker/84:1H-k [kworker/84:1H-kblockd]
   2759 I<   kworker/83:1H-k [kworker/83:1H-kblockd]
   2760 I<   kworker/81:1H-k [kworker/81:1H-kblockd]
   2764 I<   kworker/118:1H- [kworker/118:1H-kblockd]
   2771 I<   kworker/117:1H- [kworker/117:1H-kblockd]
   2772 I<   kworker/65:1H-k [kworker/65:1H-kblockd]
   2773 I<   kworker/40:1H-k [kworker/40:1H-kblockd]
   2774 I<   kworker/63:1H-k [kworker/63:1H-kblockd]
   2775 I<   kworker/42:1H-k [kworker/42:1H-kblockd]
   2779 I<   kworker/96:1H-k [kworker/96:1H-kblockd]
   2782 I<   pcie_msg_workqu [pcie_msg_workqu]
   2783 I<   pcie_msg_workqu [pcie_msg_workqu]
   2784 I<   pcie_msg_workqu [pcie_msg_workqu]
   2785 I<   pcie_msg_workqu [pcie_msg_workqu]
   2786 I<   pcie_msg_workqu [pcie_msg_workqu]
   2788 I<   pcie_msg_workqu [pcie_msg_workqu]
   2790 I<   pcie_msg_workqu [pcie_msg_workqu]
   2791 I<   pcie_msg_workqu [pcie_msg_workqu]
   2792 I<   pcie_msg_workqu [pcie_msg_workqu]
   2798 I<   kworker/60:1H-k [kworker/60:1H-kblockd]
   2803 S    jbd2/nvme0n1p1- [jbd2/nvme0n1p1-]
   2804 I<   ext4-rsv-conver [ext4-rsv-conver]
   2806 I<   kworker/4:1H-kb [kworker/4:1H-kblockd]
   2815 S    jbd2/nvme1n1p1- [jbd2/nvme1n1p1-]
   2816 I<   ext4-rsv-conver [ext4-rsv-conver]
   2827 I<   kworker/1:1H-kb [kworker/1:1H-kblockd]
   2837 I<   pcie_msg_workqu [pcie_msg_workqu]
   2839 I<   pcie_msg_workqu [pcie_msg_workqu]
   2840 I<   pcie_msg_workqu [pcie_msg_workqu]
   2841 I<   pcie_msg_workqu [pcie_msg_workqu]
   2842 I<   pcie_msg_workqu [pcie_msg_workqu]
   2843 I<   pcie_msg_workqu [pcie_msg_workqu]
   2844 I<   pcie_msg_workqu [pcie_msg_workqu]
   2845 I<   pcie_msg_workqu [pcie_msg_workqu]
   2846 I<   pcie_msg_workqu [pcie_msg_workqu]
   2853 I<   pcie_msg_workqu [pcie_msg_workqu]
   2854 I<   pcie_msg_workqu [pcie_msg_workqu]
   2855 I<   pcie_msg_workqu [pcie_msg_workqu]
   2856 I<   pcie_msg_workqu [pcie_msg_workqu]
   2857 I<   pcie_msg_workqu [pcie_msg_workqu]
   2858 I<   pcie_msg_workqu [pcie_msg_workqu]
   2859 I<   pcie_msg_workqu [pcie_msg_workqu]
   2860 I<   pcie_msg_workqu [pcie_msg_workqu]
   2861 I<   pcie_msg_workqu [pcie_msg_workqu]
   2866 I<   pcie_msg_workqu [pcie_msg_workqu]
   2867 I<   pcie_msg_workqu [pcie_msg_workqu]
   2868 I<   pcie_msg_workqu [pcie_msg_workqu]
   2869 I<   pcie_msg_workqu [pcie_msg_workqu]
   2870 I<   pcie_msg_workqu [pcie_msg_workqu]
   2871 I<   pcie_msg_workqu [pcie_msg_workqu]
   2872 I<   pcie_msg_workqu [pcie_msg_workqu]
   2873 I<   pcie_msg_workqu [pcie_msg_workqu]
   2874 I<   pcie_msg_workqu [pcie_msg_workqu]
   2877 I<   pcie_msg_workqu [pcie_msg_workqu]
   2878 I<   pcie_msg_workqu [pcie_msg_workqu]
   2879 I<   pcie_msg_workqu [pcie_msg_workqu]
   2880 I<   pcie_msg_workqu [pcie_msg_workqu]
   2881 I<   pcie_msg_workqu [pcie_msg_workqu]
   2883 I<   pcie_msg_workqu [pcie_msg_workqu]
   2884 I<   pcie_msg_workqu [pcie_msg_workqu]
   2885 I<   pcie_msg_workqu [pcie_msg_workqu]
   2886 I<   pcie_msg_workqu [pcie_msg_workqu]
   2889 I<   pcie_msg_workqu [pcie_msg_workqu]
   2890 I<   pcie_msg_workqu [pcie_msg_workqu]
   2891 I<   pcie_msg_workqu [pcie_msg_workqu]
   2892 I<   pcie_msg_workqu [pcie_msg_workqu]
   2893 I<   pcie_msg_workqu [pcie_msg_workqu]
   2894 I<   pcie_msg_workqu [pcie_msg_workqu]
   2895 I<   pcie_msg_workqu [pcie_msg_workqu]
   2896 I<   pcie_msg_workqu [pcie_msg_workqu]
   2897 I<   pcie_msg_workqu [pcie_msg_workqu]
   2900 I<   pcie_msg_workqu [pcie_msg_workqu]
   2901 I<   pcie_msg_workqu [pcie_msg_workqu]
   2902 I<   pcie_msg_workqu [pcie_msg_workqu]
   2903 I<   pcie_msg_workqu [pcie_msg_workqu]
   2904 I<   pcie_msg_workqu [pcie_msg_workqu]
   2905 I<   pcie_msg_workqu [pcie_msg_workqu]
   2906 I<   pcie_msg_workqu [pcie_msg_workqu]
   2907 I<   pcie_msg_workqu [pcie_msg_workqu]
   2908 I<   pcie_msg_workqu [pcie_msg_workqu]
   2910 I<   pcie_msg_workqu [pcie_msg_workqu]
   2911 I<   pcie_msg_workqu [pcie_msg_workqu]
   2912 I<   pcie_msg_workqu [pcie_msg_workqu]
   2913 I<   pcie_msg_workqu [pcie_msg_workqu]
   2914 I<   pcie_msg_workqu [pcie_msg_workqu]
   2915 I<   pcie_msg_workqu [pcie_msg_workqu]
   2916 I<   pcie_msg_workqu [pcie_msg_workqu]
   2917 I<   pcie_msg_workqu [pcie_msg_workqu]
   2918 I<   pcie_msg_workqu [pcie_msg_workqu]
   2928 D    dms_poll_task   [dms_poll_task]
   2929 S    dms_sensor_scan [dms_sensor_scan]
   2930 I<   ib_mad1         [ib_mad1]
   2941 I<   kworker/22:1H-k [kworker/22:1H-kblockd]
   2942 I<   kworker/153:1H- [kworker/153:1H-kblockd]
   2944 I<   dms_timer_commo [dms_timer_commo]
   2945 I<   dev_manager_wor [dev_manager_wor]
   2947 S    dms_save_except [dms_save_except]
   2950 I<   kworker/8:1H-kb [kworker/8:1H-kblockd]
   2951 I<   kworker/13:1H-k [kworker/13:1H-kblockd]
   2968 I<   kworker/85:1H-k [kworker/85:1H-kblockd]
   2969 I<   ib_mad1         [ib_mad1]
   2976 I<   kworker/95:1H-k [kworker/95:1H-kblockd]
   2985 I<   kworker/80:1H-k [kworker/80:1H-kblockd]
   2988 I<   kworker/86:1H-k [kworker/86:1H-kblockd]
   2989 I<   kworker/89:1H-k [kworker/89:1H-kblockd]
   2990 I<   kworker/144:1H- [kworker/144:1H-kblockd]
   2991 I<   kworker/157:1H- [kworker/157:1H-kblockd]
   2994 I<   kworker/45:1H-k [kworker/45:1H-kblockd]
   2996 I<   ib_mad1         [ib_mad1]
   3011 I<   kworker/72:1H-k [kworker/72:1H-kblockd]
   3013 I<   kworker/190:1H- [kworker/190:1H-kblockd]
   3015 I<   kworker/43:1H-k [kworker/43:1H-kblockd]
   3024 I<   ib_mad1         [ib_mad1]
   3076 I<   kworker/145:1H- [kworker/145:1H-kblockd]
   3085 I<   kworker/122:1H- [kworker/122:1H-kblockd]
   3089 I<   kworker/17:1H-k [kworker/17:1H-kblockd]
   3096 I<   aicore_info_wq  [aicore_info_wq]
   3105 I<   dev3_sq_send_wq [dev3_sq_send_wq]
   3107 I<   dev3_sq_fair_wq [dev3_sq_fair_wq]
   3109 D    dev3_sq_task    [dev3_sq_task]
   3110 I<   heart_beat_work [heart_beat_work]
   3117 I<   dev1_sq_send_wq [dev1_sq_send_wq]
   3118 I<   dev1_sq_fair_wq [dev1_sq_fair_wq]
   3119 D    dev1_sq_task    [dev1_sq_task]
   3120 I<   heart_beat_work [heart_beat_work]
   3132 I<   dev0_sq_send_wq [dev0_sq_send_wq]
   3133 I<   dev0_sq_fair_wq [dev0_sq_fair_wq]
   3134 D    dev0_sq_task    [dev0_sq_task]
   3135 I<   heart_beat_work [heart_beat_work]
   3136 I<   dev4_sq_send_wq [dev4_sq_send_wq]
   3137 I<   dev4_sq_fair_wq [dev4_sq_fair_wq]
   3138 D    dev4_sq_task    [dev4_sq_task]
   3139 I<   heart_beat_work [heart_beat_work]
   3165 I<   dev6_sq_send_wq [dev6_sq_send_wq]
   3166 I<   dev6_sq_fair_wq [dev6_sq_fair_wq]
   3167 D    dev6_sq_task    [dev6_sq_task]
   3168 I<   heart_beat_work [heart_beat_work]
   3169 I<   dev5_sq_send_wq [dev5_sq_send_wq]
   3170 I<   dev5_sq_fair_wq [dev5_sq_fair_wq]
   3171 R    dev5_sq_task    [dev5_sq_task]
   3172 I<   heart_beat_work [heart_beat_work]
   3174 I<   dev2_sq_send_wq [dev2_sq_send_wq]
   3175 I<   dev2_sq_fair_wq [dev2_sq_fair_wq]
   3176 D    dev2_sq_task    [dev2_sq_task]
   3177 I<   heart_beat_work [heart_beat_work]
   3178 I<   dev7_sq_send_wq [dev7_sq_send_wq]
   3179 I<   dev7_sq_fair_wq [dev7_sq_fair_wq]
   3180 D    dev7_sq_task    [dev7_sq_task]
   3181 I<   heart_beat_work [heart_beat_work]
   3186 I<   aicore_info_wq  [aicore_info_wq]
   3237 S    ping            ping -n -W 3000 -c 1 -s 56 www.trae.cn
   3241 I<   aicore_info_wq  [aicore_info_wq]
   3293 I<   kworker/37:1H-k [kworker/37:1H-kblockd]
   3306 I<   aicore_info_wq  [aicore_info_wq]
   3369 I<   aicore_info_wq  [aicore_info_wq]
   3434 I<   aicore_info_wq  [aicore_info_wq]
   3519 I<   aicore_info_wq  [aicore_info_wq]
   3597 I<   aicore_info_wq  [aicore_info_wq]
   3707 I<   kworker/5:1H-kb [kworker/5:1H-kblockd]
   4720 I<   kworker/159:1H- [kworker/159:1H-kblockd]
   5031 Ss   cron            /usr/sbin/cron -f -P
   5032 Ss   dbus-daemon     @dbus-daemon --system --address=systemd: --nofork --nopidfile --systemd-activation --syslog-only
   5033 I<   kworker/184:1H- [kworker/184:1H-kblockd]
   5034 I<   kworker/185:1H- [kworker/185:1H-kblockd]
   5048 Ss   networkd-dispat /usr/bin/python3 /usr/bin/networkd-dispatcher --run-startup-triggers
   5066 I<   kworker/174:1H- [kworker/174:1H-kblockd]
   5069 I<   kworker/170:1H- [kworker/170:1H-kblockd]
   5077 I<   kworker/171:1H- [kworker/171:1H-kblockd]
   5083 I<   kworker/180:1H- [kworker/180:1H-kblockd]
   5106 I<   kworker/160:1H- [kworker/160:1H-kblockd]
   5111 I<   kworker/176:1H- [kworker/176:1H-kblockd]
   5212 I<   kworker/178:1H- [kworker/178:1H-kblockd]
   5215 I<   kworker/172:1H- [kworker/172:1H-kblockd]
   5217 I<   kworker/169:1H- [kworker/169:1H-kblockd]
   5231 I<   kworker/168:1H- [kworker/168:1H-kblockd]
   5250 I<   kworker/173:1H- [kworker/173:1H-kblockd]
   5277 I<   kworker/175:1H- [kworker/175:1H-kblockd]
   5283 I<   kworker/177:1H- [kworker/177:1H-kblockd]
   5294 I<   kworker/182:1H- [kworker/182:1H-kblockd]
   5314 I<   kworker/188:1H- [kworker/188:1H-kblockd]
   5315 Ss+  agetty          /sbin/agetty -o -p -- \u --noclear tty1 linux
   5328 Ssl  unattended-upgr /usr/bin/python3 /usr/share/unattended-upgrades/unattended-upgrade-shutdown --wait-for-signal
   5337 I<   kworker/179:1H- [kworker/179:1H-kblockd]
   5401 I<   kworker/161:1H- [kworker/161:1H-kblockd]
   5585 I<   kworker/111:1H- [kworker/111:1H-kblockd]
   5666 I<   kworker/162:1H- [kworker/162:1H-kblockd]
   5741 I<   kworker/164:1H- [kworker/164:1H-kblockd]
   5750 I<   kworker/87:1H-k [kworker/87:1H-kblockd]
   5752 I<   kworker/181:1H- [kworker/181:1H-kblockd]
   5755 I<   kworker/167:1H- [kworker/167:1H-kblockd]
   5780 I<   kworker/88:1H-k [kworker/88:1H-kblockd]
   5854 I<   kworker/92:1H-k [kworker/92:1H-kblockd]
   5864 I<   kworker/165:1H- [kworker/165:1H-kblockd]
   5867 I<   kworker/186:1H- [kworker/186:1H-kblockd]
   5868 I<   kworker/39:1H-k [kworker/39:1H-kblockd]
   6480 I<   kworker/151:1H- [kworker/151:1H-kblockd]
   6535 I<   kworker/93:1H-k [kworker/93:1H-kblockd]
   6563 I<   kworker/163:1H- [kworker/163:1H-kblockd]
   6565 I<   kworker/166:1H- [kworker/166:1H-kblockd]
   6566 I<   kworker/97:1H-k [kworker/97:1H-kblockd]
   6729 I<   kworker/183:1H- [kworker/183:1H-kblockd]
   6811 I<   kworker/120:1H- [kworker/120:1H-kblockd]
   6820 I<   kworker/98:1H-k [kworker/98:1H-kblockd]
   6821 I<   kworker/99:1H-k [kworker/99:1H-kblockd]
   8925 I<   kworker/102:1H- [kworker/102:1H-kblockd]
   8938 I<   kworker/100:1H- [kworker/100:1H-kblockd]
   8992 Ss+  watch           watch -n 2 npu-smi info
   9113 I<   kworker/62:1H-k [kworker/62:1H-kblockd]
   9615 I<   kworker/18:1H-k [kworker/18:1H-kblockd]
   9661 I<   kworker/119:1H- [kworker/119:1H-kblockd]
  10112 I<   kworker/112:1H- [kworker/112:1H-kblockd]
  10204 I<   kworker/106:1H- [kworker/106:1H-kblockd]
  11203 I<   kworker/101:1H- [kworker/101:1H-kblockd]
  11697 I<   kworker/114:1H- [kworker/114:1H-kblockd]
  11698 I<   kworker/115:1H- [kworker/115:1H-kblockd]
  11699 I<   kworker/116:1H- [kworker/116:1H-kblockd]
  11770 I<   kworker/108:1H- [kworker/108:1H-kblockd]
  11821 I<   kworker/143:1H- [kworker/143:1H-kblockd]
  11822 I<   kworker/57:1H-k [kworker/57:1H-kblockd]
  12954 I<   kworker/121:1H- [kworker/121:1H-kblockd]
  14746 I<   kworker/33:1H-k [kworker/33:1H-kblockd]
  14748 I<   kworker/61:1H-k [kworker/61:1H-kblockd]
  14750 I<   kworker/123:1H- [kworker/123:1H-kblockd]
  15360 I<   kworker/110:1H- [kworker/110:1H-kblockd]
  20129 I<   kworker/142:1H- [kworker/142:1H-kblockd]
  21894 I<   kworker/71:1H-k [kworker/71:1H-kblockd]
  25772 I<   kworker/132:1H- [kworker/132:1H-kblockd]
  25846 I<   kworker/113:1H- [kworker/113:1H-kblockd]
  35688 I<   kworker/66:1H-k [kworker/66:1H-kblockd]
  35692 I<   kworker/70:1H-k [kworker/70:1H-kblockd]
  35842 Ssl  code-1b6a188127 /home/data4t1/zhangkaijie/.vscode-server/code-1b6a188127eeaf9194f945eb6eb89a657e93c54c --cli-data-dir /home/data4t1/zhangkaijie/.vscode-server/cli agent host
  36238 I<   kworker/59:1H-k [kworker/59:1H-kblockd]
  36379 I<   kworker/64:1H-k [kworker/64:1H-kblockd]
  66478 Ssl  code-08d4889f9e /home/data4t1/zhongziyang/.vscode-server/code-08d4889f9ec4a1685d257b9b95de036c8e1ce1e5 --cli-data-dir /home/data4t1/zhongziyang/.vscode-server/cli agent host
  67463 Ssl  sshfs           .tools/sshfs-root/usr/bin/sshfs 84090_2:/data/hxw .remote-hxw-data -o reconnect,ServerAliveInterval=15,ServerAliveCountMax=3
  69501 Ssl  code-520fb30b2d /home/data4t1/zhangkaijie/.vscode-server/code-520fb30b2d3d324b4cb2342f6e88e2cd93751de1 --cli-data-dir /home/data4t1/zhangkaijie/.vscode-server/cli agent host
  82370 Sl   containerd-shim /usr/bin/containerd-shim-runc-v2 -namespace moby -id cec0cae50831ccc521fc820326962aeff955ba2726e6934a3b78a8ea77c94d67 -address /run/containerd/containerd.sock
  82397 Ssl  vllm            /usr/local/python3.12.13/bin/python3 /usr/local/python3.12.13/bin/vllm serve /models/Qwen3.8-27B-w8a8 --host 0.0.0.0 --port 9001 --tensor-parallel-size 4 --quantization ascend --served-model-name qwen3.8 --max-model-len 256000 --max-num-seqs 8 --max-num-batched-tokens 8192 --gpu-memory-utilization 0.90 --enable-prefix-caching --trust-remote-code --reasoning-parser qwen3 --enable-auto-tool-choice --tool-call-parser qwen3_coder
  83328 Sl   containerd-shim /usr/bin/containerd-shim-runc-v2 -namespace moby -id a287b40ec9cf7d229b5137e3d5669f5bf297ded7d2011a19761278ae5ec0fba5 -address /run/containerd/containerd.sock
  83352 Ssl  vllm            /usr/local/python3.12.13/bin/python3 /usr/local/python3.12.13/bin/vllm serve /models/Qwen3.8-27B-w8a8 --host 0.0.0.0 --port 9002 --tensor-parallel-size 2 --quantization ascend --served-model-name qwen3.8 --max-model-len 256000 --max-num-seqs 8 --max-num-batched-tokens 8192 --gpu-memory-utilization 0.90 --enable-prefix-caching --trust-remote-code --reasoning-parser qwen3 --enable-auto-tool-choice --tool-call-parser qwen3_coder
  85799 I<   kworker/68:1H-k [kworker/68:1H-kblockd]
  87335 S    python3         /usr/local/python3.12.13/bin/python3 -c from multiprocessing.resource_tracker import main;main(35)
  87669 S    python3         /usr/local/python3.12.13/bin/python3 -c from multiprocessing.resource_tracker import main;main(35)
  87670 Rl   VLLM::EngineCor VLLM::EngineCore
  89395 Z    VLLM: <defunct> [VLLM::Worker_TP] <defunct>
  89602 Sl   VLLM::Worker_TP VLLM::Worker_TP0
  91055 Z    VLLM: <defunct> [VLLM::Worker_TP] <defunct>
  91228 Sl   VLLM::Worker_TP VLLM::Worker_TP1
  92813 Z    VLLM: <defunct> [VLLM::Worker_TP] <defunct>
  95970 Sl   python3         /usr/local/python3.12.13/bin/python3 -c from multiprocessing.spawn import spawn_main; spawn_main(tracker_fd=36, pipe_handle=88) --multiprocessing-fork
  96143 Sl   python3         /usr/local/python3.12.13/bin/python3 -c from multiprocessing.spawn import spawn_main; spawn_main(tracker_fd=36, pipe_handle=77) --multiprocessing-fork
  96830 S    python3         /usr/local/python3.12.13/bin/python3 -c from multiprocessing.forkserver import main; main(85, 87, [], **{})
  96834 I<   kworker/127:1H- [kworker/127:1H-kblockd]
  96848 S    python3         /usr/local/python3.12.13/bin/python3 -c from multiprocessing.forkserver import main; main(85, 87, [], **{})
  96849 S    python3         /usr/local/python3.12.13/bin/python3 -c from multiprocessing.forkserver import main; main(85, 87, [], **{})
  96850 S    python3         /usr/local/python3.12.13/bin/python3 -c from multiprocessing.forkserver import main; main(85, 87, [], **{})
  96851 S    python3         /usr/local/python3.12.13/bin/python3 -c from multiprocessing.forkserver import main; main(85, 87, [], **{})
  96853 S    python3         /usr/local/python3.12.13/bin/python3 -c from multiprocessing.forkserver import main; main(85, 87, [], **{})
  96854 S    python3         /usr/local/python3.12.13/bin/python3 -c from multiprocessing.forkserver import main; main(85, 87, [], **{})
  96855 S    python3         /usr/local/python3.12.13/bin/python3 -c from multiprocessing.forkserver import main; main(85, 87, [], **{})
  96856 S    python3         /usr/local/python3.12.13/bin/python3 -c from multiprocessing.forkserver import main; main(85, 87, [], **{})
  96857 S    python3         /usr/local/python3.12.13/bin/python3 -c from multiprocessing.forkserver import main; main(85, 87, [], **{})
  96891 S    python3         /usr/local/python3.12.13/bin/python3 -c from multiprocessing.forkserver import main; main(85, 87, [], **{})
  96892 S    python3         /usr/local/python3.12.13/bin/python3 -c from multiprocessing.forkserver import main; main(85, 87, [], **{})
  96893 S    python3         /usr/local/python3.12.13/bin/python3 -c from multiprocessing.forkserver import main; main(85, 87, [], **{})
  96894 S    python3         /usr/local/python3.12.13/bin/python3 -c from multiprocessing.forkserver import main; main(85, 87, [], **{})
  96895 S    python3         /usr/local/python3.12.13/bin/python3 -c from multiprocessing.forkserver import main; main(85, 87, [], **{})
  96896 S    python3         /usr/local/python3.12.13/bin/python3 -c from multiprocessing.forkserver import main; main(85, 87, [], **{})
  96897 S    python3         /usr/local/python3.12.13/bin/python3 -c from multiprocessing.forkserver import main; main(85, 87, [], **{})
  96898 S    python3         /usr/local/python3.12.13/bin/python3 -c from multiprocessing.forkserver import main; main(85, 87, [], **{})
  97110 S    python3         /usr/local/python3.12.13/bin/python3 -c from multiprocessing.forkserver import main; main(74, 76, [], **{})
  97116 S    python3         /usr/local/python3.12.13/bin/python3 -c from multiprocessing.forkserver import main; main(74, 76, [], **{})
  97118 S    python3         /usr/local/python3.12.13/bin/python3 -c from multiprocessing.forkserver import main; main(74, 76, [], **{})
  97120 S    python3         /usr/local/python3.12.13/bin/python3 -c from multiprocessing.forkserver import main; main(74, 76, [], **{})
  97121 S    python3         /usr/local/python3.12.13/bin/python3 -c from multiprocessing.forkserver import main; main(74, 76, [], **{})
  97122 S    python3         /usr/local/python3.12.13/bin/python3 -c from multiprocessing.forkserver import main; main(74, 76, [], **{})
  97123 S    python3         /usr/local/python3.12.13/bin/python3 -c from multiprocessing.forkserver import main; main(74, 76, [], **{})
  97124 S    python3         /usr/local/python3.12.13/bin/python3 -c from multiprocessing.forkserver import main; main(74, 76, [], **{})
  97125 S    python3         /usr/local/python3.12.13/bin/python3 -c from multiprocessing.forkserver import main; main(74, 76, [], **{})
  97126 S    python3         /usr/local/python3.12.13/bin/python3 -c from multiprocessing.forkserver import main; main(74, 76, [], **{})
  97157 S    python3         /usr/local/python3.12.13/bin/python3 -c from multiprocessing.forkserver import main; main(74, 76, [], **{})
  97158 S    python3         /usr/local/python3.12.13/bin/python3 -c from multiprocessing.forkserver import main; main(74, 76, [], **{})
  97159 S    python3         /usr/local/python3.12.13/bin/python3 -c from multiprocessing.forkserver import main; main(74, 76, [], **{})
  97160 S    python3         /usr/local/python3.12.13/bin/python3 -c from multiprocessing.forkserver import main; main(74, 76, [], **{})
  97161 S    python3         /usr/local/python3.12.13/bin/python3 -c from multiprocessing.forkserver import main; main(74, 76, [], **{})
  97163 S    python3         /usr/local/python3.12.13/bin/python3 -c from multiprocessing.forkserver import main; main(74, 76, [], **{})
  97166 S    python3         /usr/local/python3.12.13/bin/python3 -c from multiprocessing.forkserver import main; main(74, 76, [], **{})
  97169 S    python3         /usr/local/python3.12.13/bin/python3 -c from multiprocessing.forkserver import main; main(74, 76, [], **{})
 100247 Z    pytho <defunct> [python3] <defunct>
 100272 Z    pytho <defunct> [python3] <defunct>
 100372 Sl   python3         /usr/local/python3.12.13/bin/python3 -c from multiprocessing.spawn import spawn_main; spawn_main(tracker_fd=36, pipe_handle=85) --multiprocessing-fork
 100434 Z    pytho <defunct> [python3] <defunct>
 101149 Z    pytho <defunct> [python3] <defunct>
 101158 Z    pytho <defunct> [python3] <defunct>
 101161 Z    pytho <defunct> [python3] <defunct>
 101163 Z    pytho <defunct> [python3] <defunct>
 101164 Z    pytho <defunct> [python3] <defunct>
 101220 Z    pytho <defunct> [python3] <defunct>
 101222 Z    pytho <defunct> [python3] <defunct>
 101223 Z    pytho <defunct> [python3] <defunct>
 101224 Z    pytho <defunct> [python3] <defunct>
 101225 Z    pytho <defunct> [python3] <defunct>
 101226 Z    pytho <defunct> [python3] <defunct>
 101227 Z    pytho <defunct> [python3] <defunct>
 101228 Z    pytho <defunct> [python3] <defunct>
 101229 Z    pytho <defunct> [python3] <defunct>
 101230 Z    pytho <defunct> [python3] <defunct>
 101267 Z    pytho <defunct> [python3] <defunct>
 101268 Z    pytho <defunct> [python3] <defunct>
 101269 Z    pytho <defunct> [python3] <defunct>
 101270 Z    pytho <defunct> [python3] <defunct>
 101271 Z    pytho <defunct> [python3] <defunct>
 101272 Z    pytho <defunct> [python3] <defunct>
 101273 Z    pytho <defunct> [python3] <defunct>
 101274 Z    pytho <defunct> [python3] <defunct>
 101463 S    python3         /usr/local/python3.12.13/bin/python3 -c from multiprocessing.forkserver import main; main(82, 84, [], **{})
 101467 S    python3         /usr/local/python3.12.13/bin/python3 -c from multiprocessing.forkserver import main; main(82, 84, [], **{})
 101468 S    python3         /usr/local/python3.12.13/bin/python3 -c from multiprocessing.forkserver import main; main(82, 84, [], **{})
 101469 S    python3         /usr/local/python3.12.13/bin/python3 -c from multiprocessing.forkserver import main; main(82, 84, [], **{})
 101470 S    python3         /usr/local/python3.12.13/bin/python3 -c from multiprocessing.forkserver import main; main(82, 84, [], **{})
 101471 S    python3         /usr/local/python3.12.13/bin/python3 -c from multiprocessing.forkserver import main; main(82, 84, [], **{})
 101472 S    python3         /usr/local/python3.12.13/bin/python3 -c from multiprocessing.forkserver import main; main(82, 84, [], **{})
 101473 S    python3         /usr/local/python3.12.13/bin/python3 -c from multiprocessing.forkserver import main; main(82, 84, [], **{})
 101474 S    python3         /usr/local/python3.12.13/bin/python3 -c from multiprocessing.forkserver import main; main(82, 84, [], **{})
 101475 S    python3         /usr/local/python3.12.13/bin/python3 -c from multiprocessing.forkserver import main; main(82, 84, [], **{})
 102072 Z    pytho <defunct> [python3] <defunct>
 102203 Z    pytho <defunct> [python3] <defunct>
 102204 Z    pytho <defunct> [python3] <defunct>
 102205 Z    pytho <defunct> [python3] <defunct>
 102206 Z    pytho <defunct> [python3] <defunct>
 102207 Z    pytho <defunct> [python3] <defunct>
 102208 Z    pytho <defunct> [python3] <defunct>
 102209 Z    pytho <defunct> [python3] <defunct>
 102210 Z    pytho <defunct> [python3] <defunct>
 102211 Z    pytho <defunct> [python3] <defunct>
 102261 Z    pytho <defunct> [python3] <defunct>
 102262 Z    pytho <defunct> [python3] <defunct>
 102263 Z    pytho <defunct> [python3] <defunct>
 102264 Z    pytho <defunct> [python3] <defunct>
 102265 Z    pytho <defunct> [python3] <defunct>
 102266 Z    pytho <defunct> [python3] <defunct>
 102267 Z    pytho <defunct> [python3] <defunct>
 102268 Z    pytho <defunct> [python3] <defunct>
 128501 I<   kworker/130:1H- [kworker/130:1H-kblockd]
 128520 I<   kworker/133:1H- [kworker/133:1H-kblockd]
 128566 I<   kworker/140:1H- [kworker/140:1H-kblockd]
 128629 I<   kworker/134:1H- [kworker/134:1H-kblockd]
 129034 I<   kworker/126:1H- [kworker/126:1H-kblockd]
 130624 I<   kworker/128:1H- [kworker/128:1H-kblockd]
 130745 I<   kworker/139:1H- [kworker/139:1H-kblockd]
 130901 I<   kworker/129:1H- [kworker/129:1H-kblockd]
 145418 I<   kworker/138:1H- [kworker/138:1H-kblockd]
 146714 Ss   sshd            sshd: wangjielei [priv]
 146831 I<   kworker/131:1H- [kworker/131:1H-kblockd]
 146968 S    sshd            sshd: wangjielei@notty
 146970 Ss   sh              sh
 146993 Sl   code-a44adf7f53 /home/data4t1/wangjielei/.vscode-server/code-a44adf7f53e00964ab890f9f8758a334f1fc15bc command-shell --cli-data-dir /home/data4t1/wangjielei/.vscode-server/cli --parent-process-id 146970 --on-host=127.0.0.1 --on-port
 165354 I<   kworker/69:1H-k [kworker/69:1H-kblockd]
 176865 S<sl auditd          /sbin/auditd
 199312 I<   kworker/67:1H-k [kworker/67:1H-kblockd]
 223403 Ssl  sshfs           .tools/sshfs-root/usr/bin/sshfs 84090_2:/data/hxw/workspace/Open-MOPD .remote-open-mopd -o reconnect,ServerAliveInterval=15,ServerAliveCountMax=3
 239676 Sl+  nputop          /home/data4t1/hxw/anaconda3/bin/python3.10 /home/data4t1/hxw/anaconda3/bin/nputop
 251890 S+   bash            bash /home/data4t2/czhDir/PromptKD/scripts/coop/long_tail_comparison.sh cifar100 longtail 1 0.1
 251891 S+   tee             tee -a /home/data4t2/czhDir/PromptKD/output/part_c_reliability_cov_tiny_vit/5m_1k/cifar100/seed1_if0.1/gated_kappa32_nu8_drift0_cov0.05_min2_eps1e-8/launcher.log
 251901 Rl+  python          /home/data4t1/wangjielei/anaconda3/envs/dassl/bin/python train.py --root /home/data4t2/czhDir/data --seed 1 --trainer CoOpPartCReliabilityCovTinyViT --dataset-config-file configs/datasets/cifar100_lt_if0.1.yaml --config-file configs/trainers/CoOp/vit_b16_ep130_part_c_reliability_cov_tiny_vit.yaml --output-dir /home/data4t2/czhDir/PromptKD/output/part_c_reliability_cov_tiny_vit/5m_1k/cifar100/seed1_if0.1/gated_kappa32_nu8_drift0_cov0.05_min2_eps1e-8 DATASET.NUM_SHOTS -1 DATASET.CIFAR100_LT.IMB_FACTOR 0.1 DATASET.CIFAR100_LT.SEED 0 DATALOADER.TRAIN_X.SAMPLER RandomSampler DATALOADER.TEST.BATCH_SIZE 16 OPTIM.MAX_EPOCH 130 TRAINER.COOP_THREE_STAGE_CSC.CSC_START_EPOCH 55 TRAINER.COOP_THREE_STAGE_CSC.PHASE2_LR 0.001 TRAINER.COOP_THREE_STAGE_CSC.PHASE3_LR 0.01 TRAINER.COOP_THREE_STAGE_CSC.BETA 0.9999 TRAINER.COOP_THREE_STAGE_VIT.VARIANT 5m TRAINER.COOP_THREE_STAGE_VIT.PRETRAINED_TYPE 1k TRAINER.COOP_THREE_STAGE_VIT.STUDENT_LR 0.00005 TRAINER.COOP_PART_C.MODE gated TRAINER.COOP_PART_C.KAPPA 32.000000000000 TRAINER.COOP_PART_C_RELIABILITY.PRIOR_STRENGTH 8.000000000000 TRAINER.COOP_PART_C_RELIABILITY.EPS 1.000000000000e-08 TRAINER.COOP_PART_C_RELIABILITY.DRIFT_WEIGHT 0.000000000000 TRAINER.COOP_THREE_STAGE_CSC_RELATIVE_COV.WEIGHT 5.000000000000e-02 TRAINER.COOP_THREE_STAGE_CSC_RELATIVE_COV.MIN_SAMPLES 2 TRAINER.COOP_THREE_STAGE_CSC_RELATIVE_COV.EPS 1.000000000000e-08
 258803 Sl+  python          /home/data4t1/wangjielei/anaconda3/envs/dassl/bin/python train.py --root /home/data4t2/czhDir/data --seed 1 --trainer CoOpPartCReliabilityCovTinyViT --dataset-config-file configs/datasets/cifar100_lt_if0.1.yaml --config-file configs/trainers/CoOp/vit_b16_ep130_part_c_reliability_cov_tiny_vit.yaml --output-dir /home/data4t2/czhDir/PromptKD/output/part_c_reliability_cov_tiny_vit/5m_1k/cifar100/seed1_if0.1/gated_kappa32_nu8_drift0_cov0.05_min2_eps1e-8 DATASET.NUM_SHOTS -1 DATASET.CIFAR100_LT.IMB_FACTOR 0.1 DATASET.CIFAR100_LT.SEED 0 DATALOADER.TRAIN_X.SAMPLER RandomSampler DATALOADER.TEST.BATCH_SIZE 16 OPTIM.MAX_EPOCH 130 TRAINER.COOP_THREE_STAGE_CSC.CSC_START_EPOCH 55 TRAINER.COOP_THREE_STAGE_CSC.PHASE2_LR 0.001 TRAINER.COOP_THREE_STAGE_CSC.PHASE3_LR 0.01 TRAINER.COOP_THREE_STAGE_CSC.BETA 0.9999 TRAINER.COOP_THREE_STAGE_VIT.VARIANT 5m TRAINER.COOP_THREE_STAGE_VIT.PRETRAINED_TYPE 1k TRAINER.COOP_THREE_STAGE_VIT.STUDENT_LR 0.00005 TRAINER.COOP_PART_C.MODE gated TRAINER.COOP_PART_C.KAPPA 32.000000000000 TRAINER.COOP_PART_C_RELIABILITY.PRIOR_STRENGTH 8.000000000000 TRAINER.COOP_PART_C_RELIABILITY.EPS 1.000000000000e-08 TRAINER.COOP_PART_C_RELIABILITY.DRIFT_WEIGHT 0.000000000000 TRAINER.COOP_THREE_STAGE_CSC_RELATIVE_COV.WEIGHT 5.000000000000e-02 TRAINER.COOP_THREE_STAGE_CSC_RELATIVE_COV.MIN_SAMPLES 2 TRAINER.COOP_THREE_STAGE_CSC_RELATIVE_COV.EPS 1.000000000000e-08
 258889 S+   python          /home/data4t1/wangjielei/anaconda3/envs/dassl/bin/python -c from multiprocessing.resource_tracker import main;main(27)
 258890 S+   python          /home/data4t1/wangjielei/anaconda3/envs/dassl/bin/python -c from multiprocessing.forkserver import main; main(27, 30, [], **{})
 258899 Sl+  python          /home/data4t1/wangjielei/anaconda3/envs/dassl/bin/python -c from multiprocessing.forkserver import main; main(27, 30, [], **{})
 258900 Sl+  python          /home/data4t1/wangjielei/anaconda3/envs/dassl/bin/python -c from multiprocessing.forkserver import main; main(27, 30, [], **{})
 258901 Sl+  python          /home/data4t1/wangjielei/anaconda3/envs/dassl/bin/python -c from multiprocessing.forkserver import main; main(27, 30, [], **{})
 258902 Sl+  python          /home/data4t1/wangjielei/anaconda3/envs/dassl/bin/python -c from multiprocessing.forkserver import main; main(27, 30, [], **{})
 258903 Sl+  python          /home/data4t1/wangjielei/anaconda3/envs/dassl/bin/python -c from multiprocessing.forkserver import main; main(27, 30, [], **{})
 258904 Sl+  python          /home/data4t1/wangjielei/anaconda3/envs/dassl/bin/python -c from multiprocessing.forkserver import main; main(27, 30, [], **{})
 258905 Sl+  python          /home/data4t1/wangjielei/anaconda3/envs/dassl/bin/python -c from multiprocessing.forkserver import main; main(27, 30, [], **{})
 258906 Sl+  python          /home/data4t1/wangjielei/anaconda3/envs/dassl/bin/python -c from multiprocessing.forkserver import main; main(27, 30, [], **{})
 258907 Sl+  python          /home/data4t1/wangjielei/anaconda3/envs/dassl/bin/python -c from multiprocessing.forkserver import main; main(27, 30, [], **{})
 259155 Sl+  python          /home/data4t1/wangjielei/anaconda3/envs/dassl/bin/python -c from multiprocessing.forkserver import main; main(27, 30, [], **{})
 259156 Sl+  python          /home/data4t1/wangjielei/anaconda3/envs/dassl/bin/python -c from multiprocessing.forkserver import main; main(27, 30, [], **{})
 259157 Sl+  python          /home/data4t1/wangjielei/anaconda3/envs/dassl/bin/python -c from multiprocessing.forkserver import main; main(27, 30, [], **{})
 259158 Sl+  python          /home/data4t1/wangjielei/anaconda3/envs/dassl/bin/python -c from multiprocessing.forkserver import main; main(27, 30, [], **{})
 259159 Sl+  python          /home/data4t1/wangjielei/anaconda3/envs/dassl/bin/python -c from multiprocessing.forkserver import main; main(27, 30, [], **{})
 259160 Sl+  python          /home/data4t1/wangjielei/anaconda3/envs/dassl/bin/python -c from multiprocessing.forkserver import main; main(27, 30, [], **{})
 259161 Sl+  python          /home/data4t1/wangjielei/anaconda3/envs/dassl/bin/python -c from multiprocessing.forkserver import main; main(27, 30, [], **{})
 259162 Sl+  python          /home/data4t1/wangjielei/anaconda3/envs/dassl/bin/python -c from multiprocessing.forkserver import main; main(27, 30, [], **{})
 259163 Sl+  python          /home/data4t1/wangjielei/anaconda3/envs/dassl/bin/python -c from multiprocessing.forkserver import main; main(27, 30, [], **{})
 259164 Sl+  python          /home/data4t1/wangjielei/anaconda3/envs/dassl/bin/python -c from multiprocessing.forkserver import main; main(27, 30, [], **{})
 259165 Sl+  python          /home/data4t1/wangjielei/anaconda3/envs/dassl/bin/python -c from multiprocessing.forkserver import main; main(27, 30, [], **{})
 259166 Sl+  python          /home/data4t1/wangjielei/anaconda3/envs/dassl/bin/python -c from multiprocessing.forkserver import main; main(27, 30, [], **{})
 259167 Sl+  python          /home/data4t1/wangjielei/anaconda3/envs/dassl/bin/python -c from multiprocessing.forkserver import main; main(27, 30, [], **{})
 259168 Sl+  python          /home/data4t1/wangjielei/anaconda3/envs/dassl/bin/python -c from multiprocessing.forkserver import main; main(27, 30, [], **{})
 259169 Sl+  python          /home/data4t1/wangjielei/anaconda3/envs/dassl/bin/python -c from multiprocessing.forkserver import main; main(27, 30, [], **{})
 259170 Sl+  python          /home/data4t1/wangjielei/anaconda3/envs/dassl/bin/python -c from multiprocessing.forkserver import main; main(27, 30, [], **{})
 259171 Sl+  python          /home/data4t1/wangjielei/anaconda3/envs/dassl/bin/python -c from multiprocessing.forkserver import main; main(27, 30, [], **{})
 259172 Sl+  python          /home/data4t1/wangjielei/anaconda3/envs/dassl/bin/python -c from multiprocessing.forkserver import main; main(27, 30, [], **{})
 259173 Sl+  python          /home/data4t1/wangjielei/anaconda3/envs/dassl/bin/python -c from multiprocessing.forkserver import main; main(27, 30, [], **{})
 259174 Sl+  python          /home/data4t1/wangjielei/anaconda3/envs/dassl/bin/python -c from multiprocessing.forkserver import main; main(27, 30, [], **{})
 259175 Sl+  python          /home/data4t1/wangjielei/anaconda3/envs/dassl/bin/python -c from multiprocessing.forkserver import main; main(27, 30, [], **{})
 259176 Sl+  python          /home/data4t1/wangjielei/anaconda3/envs/dassl/bin/python -c from multiprocessing.forkserver import main; main(27, 30, [], **{})
 259177 Sl+  python          /home/data4t1/wangjielei/anaconda3/envs/dassl/bin/python -c from multiprocessing.forkserver import main; main(27, 30, [], **{})
 259178 Sl+  python          /home/data4t1/wangjielei/anaconda3/envs/dassl/bin/python -c from multiprocessing.forkserver import main; main(27, 30, [], **{})
 259179 Sl+  python          /home/data4t1/wangjielei/anaconda3/envs/dassl/bin/python -c from multiprocessing.forkserver import main; main(27, 30, [], **{})
 259180 Sl+  python          /home/data4t1/wangjielei/anaconda3/envs/dassl/bin/python -c from multiprocessing.forkserver import main; main(27, 30, [], **{})
 259181 Sl+  python          /home/data4t1/wangjielei/anaconda3/envs/dassl/bin/python -c from multiprocessing.forkserver import main; main(27, 30, [], **{})
 259182 Sl+  python          /home/data4t1/wangjielei/anaconda3/envs/dassl/bin/python -c from multiprocessing.forkserver import main; main(27, 30, [], **{})
 259183 Sl+  python          /home/data4t1/wangjielei/anaconda3/envs/dassl/bin/python -c from multiprocessing.forkserver import main; main(27, 30, [], **{})
 259184 Sl+  python          /home/data4t1/wangjielei/anaconda3/envs/dassl/bin/python -c from multiprocessing.forkserver import main; main(27, 30, [], **{})
 259185 Sl+  python          /home/data4t1/wangjielei/anaconda3/envs/dassl/bin/python -c from multiprocessing.forkserver import main; main(27, 30, [], **{})
 259186 Sl+  python          /home/data4t1/wangjielei/anaconda3/envs/dassl/bin/python -c from multiprocessing.forkserver import main; main(27, 30, [], **{})
 273672 Ssl  sshfs           .tools/sshfs-root/usr/bin/sshfs 84090:/home/adaspace/.hxw/mopd-assets/runs/mathif-boundary12-20260928t0330z /home/data4t2/hxwDir/hxw_moved/.codex-mopd-control/mathif-boundary12-20260928t0330z -o ro,reconnect,ServerAliveInterval=15,ServerAliveCountMax=3
 273760 S    ssh             ssh -x -a -oClearAllForwardings=yes -oServerAliveInterval=15 -oServerAliveCountMax=3 -2 84090 -s sftp
 323750 Ssl  sshfs           .tools/sshfs-root/usr/bin/sshfs 84090:/home/adaspace/.hxw/mopd-assets/runs/mathif-boundary-analysis12-20260928t0337z /home/data4t2/hxwDir/hxw_moved/.codex-mopd-control/mathif-boundary-analysis12-20260928t0337z -o ro,reconnect,ServerAliveInterval=15,ServerAliveCountMax=3
 323774 S    ssh             ssh -x -a -oClearAllForwardings=yes -oServerAliveInterval=15 -oServerAliveCountMax=3 -2 84090 -s sftp
 335103 Sl   node-MainThread node /home/data4t1/wangjielei/.local/bin/codex -c features.code_mode_host=true app-server --listen unix://
 335120 Sl   codex           /home/data4t1/wangjielei/.local/lib/node_modules/@openai/codex/node_modules/@openai/codex-linux-arm64/vendor/aarch64-unknown-linux-musl/bin/codex -c features.code_mode_host=true app-server --listen unix://
 345559 S    sh              sh /home/data4t1/wangjielei/.vscode-server/cli/servers/Stable-7debcd0e2acdea1c52de81bf9ee1620444407dda/server/bin/code-server --connection-token=remotessh --accept-server-license-terms --agent-host-bridge-port=39829 --agent-host-bridge-host=127.0.0.1 --start-server --enable-remote-auto-shutdown --socket-path=/tmp/code-0c38c5ae-f258-4afd-a8d8-7dd67303b845
 345563 Sl   MainThread      /home/data4t1/wangjielei/.vscode-server/cli/servers/Stable-7debcd0e2acdea1c52de81bf9ee1620444407dda/server/node /home/data4t1/wangjielei/.vscode-server/cli/servers/Stable-7debcd0e2acdea1c52de81bf9ee1620444407dda/server/out/server-main.js --connection-token=remotessh --accept-server-license-terms --agent-host-bridge-port=39829 --agent-host-bridge-host=127.0.0.1 --start-server --enable-remote-auto-shutdown --socket-path=/tmp/code-0c38c5ae-f258-4afd-a8d8-7dd67303b845
 345660 S    sh              sh /home/data4t1/wangjielei/.vscode-server/cli/servers/Stable-a44adf7f53e00964ab890f9f8758a334f1fc15bc/server/bin/code-server --socket-path /tmp/code-9ecb7b13-1105-43ec-a4c9-cebc9dbfaa32 --agent-host-path /tmp/code-dc9e2ad3-ae4d-4f1e-b203-51368017a21f --start-server --accept-server-license-terms --enable-remote-auto-shutdown --without-connection-token
 345665 Sl   MainThread      /home/data4t1/wangjielei/.vscode-server/cli/servers/Stable-a44adf7f53e00964ab890f9f8758a334f1fc15bc/server/node /home/data4t1/wangjielei/.vscode-server/cli/servers/Stable-a44adf7f53e00964ab890f9f8758a334f1fc15bc/server/out/server-main.js --socket-path /tmp/code-9ecb7b13-1105-43ec-a4c9-cebc9dbfaa32 --agent-host-path /tmp/code-dc9e2ad3-ae4d-4f1e-b203-51368017a21f --start-server --accept-server-license-terms --enable-remote-auto-shutdown --without-connection-token
 347871 Sl   MainThread      /home/data4t1/wangjielei/.vscode-server/cli/servers/Stable-7debcd0e2acdea1c52de81bf9ee1620444407dda/server/node /home/data4t1/wangjielei/.vscode-server/cli/servers/Stable-7debcd0e2acdea1c52de81bf9ee1620444407dda/server/out/bootstrap-fork --type=ptyHost --logsPath /home/data4t1/wangjielei/.vscode-server/data/logs/20260917T052236
 348171 Sl   MainThread      /home/data4t1/wangjielei/.vscode-server/cli/servers/Stable-a44adf7f53e00964ab890f9f8758a334f1fc15bc/server/node /home/data4t1/wangjielei/.vscode-server/cli/servers/Stable-a44adf7f53e00964ab890f9f8758a334f1fc15bc/server/out/bootstrap-fork --type=agentHost --logsPath /home/data4t1/wangjielei/.vscode-server/data/logs/20260917T052237 --user-data-dir /home/data4t1/wangjielei/.vscode-server/data --telemetry-level all
 348551 Sl   MainThread      /home/data4t1/wangjielei/.vscode-server/cli/servers/Stable-a44adf7f53e00964ab890f9f8758a334f1fc15bc/server/node /home/data4t1/wangjielei/.vscode-server/cli/servers/Stable-a44adf7f53e00964ab890f9f8758a334f1fc15bc/server/node_modules/@github/copilot-linux-arm64/index.js --headless --no-auto-update --log-level info --stdio --no-auto-login
 359297 SNs  tmux: server    tmux -S /home/data4t1/hxw/.claude/jobs/9391153f/tmp/tmux-agent-sync-ara-progress.sock new-session -d -s agent -n work
 359770 SNs+ bash            -bash
 370610 I<   kworker/135:1H- [kworker/135:1H-kblockd]
 390662 Ssl  sshfs           .tools/sshfs-root/usr/bin/sshfs 84090:/home/adaspace/.hxw/mopd-assets/runs/mathif-boundary-results12-20260928t0345z /home/data4t2/hxwDir/hxw_moved/.codex-mopd-control/mathif-boundary-results12-20260928t0345z -o ro,reconnect,ServerAliveInterval=15,ServerAliveCountMax=3
 390696 S    ssh             ssh -x -a -oClearAllForwardings=yes -oServerAliveInterval=15 -oServerAliveCountMax=3 -2 84090 -s sftp
 418782 Ss   systemd         /lib/systemd/systemd --user
 418783 S    (sd-pam)        (sd-pam)
 418791 Ssl  pipewire        /usr/bin/pipewire
 418793 Ssl  pipewire-media- /usr/bin/pipewire-media-session
 418811 Ss   dbus-daemon     /usr/bin/dbus-daemon --session --address=systemd: --nofork --nopidfile --systemd-activation --syslog-only
 421319 Ss   tmux: server    tmux new -s zgd
 421320 Ss+  bash            -bash
 422238 Sl   MainThread      /home/data4t1/wangjielei/.vscode-server/cli/servers/Stable-a44adf7f53e00964ab890f9f8758a334f1fc15bc/server/node --dns-result-order=ipv4first /home/data4t1/wangjielei/.vscode-server/cli/servers/Stable-a44adf7f53e00964ab890f9f8758a334f1fc15bc/server/out/bootstrap-fork --type=extensionHost --transformURIs --useHostProxy=false
 422297 Sl   MainThread      /home/data4t1/wangjielei/.vscode-server/cli/servers/Stable-a44adf7f53e00964ab890f9f8758a334f1fc15bc/server/node /home/data4t1/wangjielei/.vscode-server/cli/servers/Stable-a44adf7f53e00964ab890f9f8758a334f1fc15bc/server/out/bootstrap-fork --type=fileWatcher
 422749 Sl   pet             /home/data4t1/wangjielei/.vscode-server/extensions/ms-python.vscode-python-envs-1.38.0-linux-arm64/python-env-tools/bin/pet server
 423147 Sl   ruff            /home/data4t1/wangjielei/.vscode-server/extensions/charliermarsh.ruff-2026.84.0-linux-arm64/bundled/libs/bin/ruff server
 423504 Ss+  bash            /bin/bash --init-file /home/data4t1/wangjielei/.vscode-server/cli/servers/Stable-a44adf7f53e00964ab890f9f8758a334f1fc15bc/server/out/vs/workbench/contrib/terminal/common/scripts/shellIntegration-bash.sh
 426048 Sl   codex           /home/data4t1/wangjielei/.vscode-server/extensions/openai.chatgpt-26.1002.51308-linux-arm64/bin/linux-aarch64/codex -c features.code_mode_host=true app-server --analytics-default-enabled
 434581 I<   kworker/136:1H- [kworker/136:1H-kblockd]
 439426 Ss   bash            bash scripts/main.bash train 2344
 439427 Sl   python3         python3 -m torch.distributed.launch --nproc_per_node=1 --master_port 2344 --use_env run.py --exp_name release --run-type train --exp-config scripts/iter_train.yaml SIMULATOR_GPU_IDS [0] TORCH_GPU_IDS [0] GPU_NUMBERS 1 NUM_ENVIRONMENTS 1 IL.iters 100000 IL.lr 1e-6 IL.log_every 1000 IL.ml_weight 1.0 IL.sample_ratio 0.8 IL.load_from_ckpt False IL.is_requeue False TASK_CONFIG.SIMULATOR.HABITAT_SIM_V0.ALLOW_SLIDING True
 439848 Sl   python3         /home/data4t1/zhouxinyu/anaconda3/envs/dynam3d/bin/python3 -u run.py --exp_name release --run-type train --exp-config scripts/iter_train.yaml SIMULATOR_GPU_IDS [0] TORCH_GPU_IDS [0] GPU_NUMBERS 1 NUM_ENVIRONMENTS 1 IL.iters 100000 IL.lr 1e-6 IL.log_every 1000 IL.ml_weight 1.0 IL.sample_ratio 0.8 IL.load_from_ckpt False IL.is_requeue False TASK_CONFIG.SIMULATOR.HABITAT_SIM_V0.ALLOW_SLIDING True
 443076 Sl   python3         /home/data4t1/zhouxinyu/anaconda3/envs/dynam3d/bin/python3 -u run.py --exp_name release --run-type train --exp-config scripts/iter_train.yaml SIMULATOR_GPU_IDS [0] TORCH_GPU_IDS [0] GPU_NUMBERS 1 NUM_ENVIRONMENTS 1 IL.iters 100000 IL.lr 1e-6 IL.log_every 1000 IL.ml_weight 1.0 IL.sample_ratio 0.8 IL.load_from_ckpt False IL.is_requeue False TASK_CONFIG.SIMULATOR.HABITAT_SIM_V0.ALLOW_SLIDING True
 443134 S    python3         /home/data4t1/zhouxinyu/anaconda3/envs/dynam3d/bin/python3 -c from multiprocessing.resource_tracker import main;main(26)
 443152 S    python3         /home/data4t1/zhouxinyu/anaconda3/envs/dynam3d/bin/python3 -c from multiprocessing.forkserver import main; main(26, 29, [], **{})
 443160 S    python3         /home/data4t1/zhouxinyu/anaconda3/envs/dynam3d/bin/python3 -c from multiprocessing.forkserver import main; main(26, 29, [], **{})
 443161 S    python3         /home/data4t1/zhouxinyu/anaconda3/envs/dynam3d/bin/python3 -c from multiprocessing.forkserver import main; main(26, 29, [], **{})
 443162 S    python3         /home/data4t1/zhouxinyu/anaconda3/envs/dynam3d/bin/python3 -c from multiprocessing.forkserver import main; main(26, 29, [], **{})
 443163 S    python3         /home/data4t1/zhouxinyu/anaconda3/envs/dynam3d/bin/python3 -c from multiprocessing.forkserver import main; main(26, 29, [], **{})
 443164 S    python3         /home/data4t1/zhouxinyu/anaconda3/envs/dynam3d/bin/python3 -c from multiprocessing.forkserver import main; main(26, 29, [], **{})
 443165 S    python3         /home/data4t1/zhouxinyu/anaconda3/envs/dynam3d/bin/python3 -c from multiprocessing.forkserver import main; main(26, 29, [], **{})
 443167 S    python3         /home/data4t1/zhouxinyu/anaconda3/envs/dynam3d/bin/python3 -c from multiprocessing.forkserver import main; main(26, 29, [], **{})
 443168 S    python3         /home/data4t1/zhouxinyu/anaconda3/envs/dynam3d/bin/python3 -c from multiprocessing.forkserver import main; main(26, 29, [], **{})
 443169 S    python3         /home/data4t1/zhouxinyu/anaconda3/envs/dynam3d/bin/python3 -c from multiprocessing.forkserver import main; main(26, 29, [], **{})
 443203 Sl   python3         /home/data4t1/zhouxinyu/anaconda3/envs/dynam3d/bin/python3 -c from multiprocessing.forkserver import main; main(26, 29, [], **{})
 443204 S    python3         /home/data4t1/zhouxinyu/anaconda3/envs/dynam3d/bin/python3 -c from multiprocessing.forkserver import main; main(26, 29, [], **{})
 443205 S    python3         /home/data4t1/zhouxinyu/anaconda3/envs/dynam3d/bin/python3 -c from multiprocessing.forkserver import main; main(26, 29, [], **{})
 443206 Sl   python3         /home/data4t1/zhouxinyu/anaconda3/envs/dynam3d/bin/python3 -c from multiprocessing.forkserver import main; main(26, 29, [], **{})
 443207 Sl   python3         /home/data4t1/zhouxinyu/anaconda3/envs/dynam3d/bin/python3 -c from multiprocessing.forkserver import main; main(26, 29, [], **{})
 443208 Sl   python3         /home/data4t1/zhouxinyu/anaconda3/envs/dynam3d/bin/python3 -c from multiprocessing.forkserver import main; main(26, 29, [], **{})
 443209 Sl   python3         /home/data4t1/zhouxinyu/anaconda3/envs/dynam3d/bin/python3 -c from multiprocessing.forkserver import main; main(26, 29, [], **{})
 443210 Sl   python3         /home/data4t1/zhouxinyu/anaconda3/envs/dynam3d/bin/python3 -c from multiprocessing.forkserver import main; main(26, 29, [], **{})
 470297 Ssl  snapd           /snap/snapd/current/usr/lib/snapd/snapd
 495321 Ssl  code-07f806f999 /home/data4t1/penghaoming/.vscode-server/code-07f806f999227108933c2e30515b26eecc1fda74 --cli-data-dir /home/data4t1/penghaoming/.vscode-server/cli agent host
 531969 Sl+  tensorboard     /home/data4t2/hxwDir/hxw_moved/conda_envs/opd/bin/python /home/data4t2/hxwDir/hxw_moved/conda_envs/opd/bin/tensorboard --logdir /home/data4t2/hxwDir/hxw_moved/opd-resources/runs/train --host 0.0.0.0 --port 6006
 539110 Ss   systemd         /lib/systemd/systemd --user
 539111 S    (sd-pam)        (sd-pam)
 539118 Ssl  pipewire        /usr/bin/pipewire
 539126 Ssl  pipewire-media- /usr/bin/pipewire-media-session
 539140 Ss   dbus-daemon     /usr/bin/dbus-daemon --session --address=systemd: --nofork --nopidfile --systemd-activation --syslog-only
 551616 Ss+  bash            /bin/bash --init-file /home/data4t1/wangjielei/.vscode-server/cli/servers/Stable-a44adf7f53e00964ab890f9f8758a334f1fc15bc/server/out/vs/workbench/contrib/terminal/common/scripts/shellIntegration-bash.sh
 594719 Ss   screen          SCREEN
 594720 Ss+  bash            /bin/bash
 596584 Sl   codex-code-mode /home/data4t1/wangjielei/.vscode-server/extensions/openai.chatgpt-26.1002.51308-linux-arm64/bin/linux-aarch64/codex-code-mode-host
 610775 I    kworker/162:1-e [kworker/162:1-events]
 631687 Ss   screen          SCREEN
 631688 Ss+  bash            /bin/bash
 642130 Ss   uuidd           /usr/sbin/uuidd --socket-activation
 644507 Sl   tensorboard     /home/data4t1/hxw/anaconda3/envs/dfkd/bin/python3.10 /home/data4t1/hxw/anaconda3/envs/dfkd/bin/tensorboard --logdir=/home/data4t2/hxwDir/hxw_moved/dfkd/runs/datafree-nayer_df/ --port=6007 --bind_all
 696939 Ss   sshd            sshd: duanguiduo [priv]
 697038 S    sshd            sshd: duanguiduo
 698436 Ssl  code-f6cfa2ea24 /home/data4t1/wangjielei/.vscode-server/code-f6cfa2ea2403534de03f069bdf160d06451ed282 --cli-data-dir /home/data4t1/wangjielei/.vscode-server/cli agent host
 759449 Sl   mihomo          /home/data4t1/hxw/clashctl/bin/mihomo -d /home/data4t1/hxw/clashctl/resources -f /home/data4t1/hxw/clashctl/resources/runtime.yaml
 764427 Ssl  polkitd         /usr/libexec/polkitd --no-debug
 764432 Ssl  ModemManager    /usr/sbin/ModemManager
 840201 Ss   ssh             ssh: /home/data4t1/hxw/Remote_84090/opd/.ssh-control-7199f74ee0c0db20176fc8c568a8bf4f9cff754c [mux]
 855861 Ss   avahi-daemon    avahi-daemon: running [hwnput3.local]
 855862 S    avahi-daemon    avahi-daemon: chroot helper
 994143 Ssl  code-a5b5009513 /home/data4t2/lelinfeng/.vscode-server/code-a5b500951314efd502d07465bd138dfbd714a960 --cli-data-dir /home/data4t2/lelinfeng/.vscode-server/cli agent host
1007452 Ssl  server          /home/data4t1/hxw/.claude/remote/srv/5db5e4a12f88487e47c2c48259b69a2d630bb3f7/server --serve --socket /home/data4t1/hxw/.claude/remote/run/d2781cdd/rpc.sock --token-file /home/data4t1/hxw/.claude/remote/run/d2781cdd/token.24fc221215785702
1032941 I    kworker/127:0-m [kworker/127:0-mm_percpu_wq]
1039488 I    kworker/115:0-e [kworker/115:0-events]
1045915 I    kworker/124:1-m [kworker/124:1-mm_percpu_wq]
1061375 Ss   screen          SCREEN
1061379 Ss+  bash            /bin/bash
1075664 I    kworker/154:1-e [kworker/154:1-events]
1080110 Sl   MainThread      /home/data4t1/wangjielei/.vscode-server/cli/servers/Stable-a44adf7f53e00964ab890f9f8758a334f1fc15bc/server/node /home/data4t1/wangjielei/.vscode-server/cli/servers/Stable-a44adf7f53e00964ab890f9f8758a334f1fc15bc/server/extensions/json-language-features/server/dist/node/jsonServerMain --node-ipc --clientProcessId=422238
1081276 Ss   systemd         /lib/systemd/systemd --user
1081278 S    (sd-pam)        (sd-pam)
1081305 Ssl  pipewire        /usr/bin/pipewire
1081306 Ssl  pipewire-media- /usr/bin/pipewire-media-session
1081327 Ss   dbus-daemon     /usr/bin/dbus-daemon --session --address=systemd: --nofork --nopidfile --systemd-activation --syslog-only
1126457 Ssl  code-08d4889f9e /home/data4t1/duanguiduo/.vscode-server/code-08d4889f9ec4a1685d257b9b95de036c8e1ce1e5 --cli-data-dir /home/data4t1/duanguiduo/.vscode-server/cli agent host
1173255 Ss   screen          SCREEN
1173259 Ss+  bash            /bin/bash
1175415 Ss+  tail            tail -F /home/data4t2/hxwDir/hxw_moved/verl-npu-opd/logs/opd-sampled-6npu-2048-b24-graph-micro8.log
1182185 Ss   sshd            sshd: hxw [priv]
1182479 S    sshd            sshd: hxw@pts/44
1182483 Ss   bash            -bash
1200627 Ss+  bash            bash
1218625 Ss   systemd         /lib/systemd/systemd --user
1218626 S    (sd-pam)        (sd-pam)
1218658 Ssl  pipewire        /usr/bin/pipewire
1218659 Ssl  pipewire-media- /usr/bin/pipewire-media-session
1218680 Ss   dbus-daemon     /usr/bin/dbus-daemon --session --address=systemd: --nofork --nopidfile --systemd-activation --syslog-only
1222675 Sl   mihomo          /home/data4t1/zhouxinyu/opt/clashctl/bin/mihomo -d /home/data4t1/zhouxinyu/opt/clashctl/resources -f /home/data4t1/zhouxinyu/opt/clashctl/resources/runtime.yaml
1261574 Ssl  gvfsd           /usr/libexec/gvfsd
1261592 Ssl  gvfsd-metadata  /usr/libexec/gvfsd-metadata
1290424 Ss+  bash            -bash
1297378 I    kworker/67:2-mm [kworker/67:2-mm_percpu_wq]
1342987 Ss   codex-auth      /home/data4t1/hxw/.nvm/versions/node/v24.14.0/lib/node_modules/@loongphy/codex-auth/node_modules/@loongphy/codex-auth-linux-arm64/bin/codex-auth daemon --watch
1403029 SN   bash            bash /home/data4t1/hxw/.claude/jobs/59a80f15/tmp/monitor_ours_pcam_crossatt_status.sh
1414382 Ss   bash            /bin/bash --init-file /home/data4t1/wangjielei/.vscode-server/cli/servers/Stable-7debcd0e2acdea1c52de81bf9ee1620444407dda/server/out/vs/workbench/contrib/terminal/common/scripts/shellIntegration-bash.sh
1414385 Ss+  bash            /bin/bash --init-file /home/data4t1/wangjielei/.vscode-server/cli/servers/Stable-7debcd0e2acdea1c52de81bf9ee1620444407dda/server/out/vs/workbench/contrib/terminal/common/scripts/shellIntegration-bash.sh
1417914 Ss   sshd            sshd: wangjielei [priv]
1418024 S    sshd            sshd: wangjielei@notty
1418031 Ssl  node-MainThread node /home/data4t1/wangjielei/.local/bin/codex app-server proxy
1421494 Sl   codex           /home/data4t1/wangjielei/.local/lib/node_modules/@openai/codex/node_modules/@openai/codex-linux-arm64/vendor/aarch64-unknown-linux-musl/bin/codex app-server proxy
1424972 Ssl  sshfs           .tools/sshfs-root/usr/bin/sshfs 84090:/home/adaspace/.hxw/mopd-assets/runs/mathif-empty-factorial12-20260928t0603z /home/data4t2/hxwDir/hxw_moved/.codex-mopd-control/mathif-empty-factorial12-20260928t0603z -o ro,reconnect,ServerAliveInterval=15,ServerAliveCountMax=3
1424997 S    ssh             ssh -x -a -oClearAllForwardings=yes -oServerAliveInterval=15 -oServerAliveCountMax=3 -2 84090 -s sftp
1442871 Ssl  rsyslogd        /usr/sbin/rsyslogd -n -iNONE
1466277 I    kworker/166:2-e [kworker/166:2-events]
1486089 Ssl  at-spi-bus-laun /usr/libexec/at-spi-bus-launcher
1497473 Ssl  code-fcf604774b /home/data4t1/zhangshifa/.vscode-server/code-fcf604774b9f2674b473065736ee75077e256353 --cli-data-dir /home/data4t1/zhangshifa/.vscode-server/cli agent host
1546780 Ss   systemd         /lib/systemd/systemd --user
1546781 S    (sd-pam)        (sd-pam)
1546791 Ssl  pipewire        /usr/bin/pipewire
1546796 Ssl  pipewire-media- /usr/bin/pipewire-media-session
1546826 Ss   dbus-daemon     /usr/bin/dbus-daemon --session --address=systemd: --nofork --nopidfile --systemd-activation --syslog-only
1555247 Ssl  sshfs           .tools/sshfs-root/usr/bin/sshfs 84090:/home/adaspace/.hxw/mopd-assets/runs/mathif-empty-analysis12-20260928t0616z /home/data4t2/hxwDir/hxw_moved/.codex-mopd-control/mathif-empty-analysis12-20260928t0616z -o ro,reconnect,ServerAliveInterval=15,ServerAliveCountMax=3
1555391 S    ssh             ssh -x -a -oClearAllForwardings=yes -oServerAliveInterval=15 -oServerAliveCountMax=3 -2 84090 -s sftp
1561501 Ssl  code-a5b5009513 /home/data4t1/wangjielei/.vscode-server/code-a5b500951314efd502d07465bd138dfbd714a960 --cli-data-dir /home/data4t1/wangjielei/.vscode-server/cli agent host
1576006 I    kworker/108:1-e [kworker/108:1-events]
1585040 Ss   sshd            sshd: hxw [priv]
1585118 S    sshd            sshd: hxw@notty
1585146 Ssl  codex           codex app-server proxy
1597193 Ss   screen          SCREEN -S train
1597222 Ss+  bash            /bin/bash
1617688 Ss   systemd         /lib/systemd/systemd --user
1617690 S    (sd-pam)        (sd-pam)
1617721 Ssl  pipewire        /usr/bin/pipewire
1617722 Ssl  pipewire-media- /usr/bin/pipewire-media-session
1617747 Ss   dbus-daemon     /usr/bin/dbus-daemon --session --address=systemd: --nofork --nopidfile --systemd-activation --syslog-only
1619100 Ssl  sshfs           .tools/sshfs-root/usr/bin/sshfs 84090:/home/adaspace/.hxw/mopd-assets/runs/mathif-empty-final12-20260928t0621z /home/data4t2/hxwDir/hxw_moved/.codex-mopd-control/mathif-empty-final12-20260928t0621z -o ro,reconnect,ServerAliveInterval=15,ServerAliveCountMax=3
1619167 S    ssh             ssh -x -a -oClearAllForwardings=yes -oServerAliveInterval=15 -oServerAliveCountMax=3 -2 84090 -s sftp
1620098 I    kworker/25:0-ev [kworker/25:0-events]
1680108 S+   autossh         autossh -M 0 -N -T -p 39529 -o ServerAliveInterval=30 -o ServerAliveCountMax=3 -o ExitOnForwardFailure=yes -R 127.0.0.1:8317:127.0.0.1:8317 root@121.48.170.6
1705060 Sl   gvfsd-trash     /usr/libexec/gvfsd-trash --spawner :1.5 /org/gtk/gvfs/exec_spaw/0
1714924 Ssl  server          /home/data4t1/hxw/.claude/remote/srv/7d193f89fc02cf1035a391245312e34ad419f63e/server --serve --socket /home/data4t1/hxw/.claude/remote/run/d2781cdd/rpc.sock --token-file /home/data4t1/hxw/.claude/remote/run/d2781cdd/token.c513f0c93c334910
1720475 I    kworker/60:0-mm [kworker/60:0-mm_percpu_wq]
1731186 I    kworker/52:2-ev [kworker/52:2-events]
1735202 I<   kworker/u393:7- [kworker/u393:7-dev2_sq_send_wq]
1735640 I    kworker/80:0-mm [kworker/80:0-mm_percpu_wq]
1740109 Ss   systemd         /lib/systemd/systemd --user
1740110 S    (sd-pam)        (sd-pam)
1740145 Ssl  pipewire        /usr/bin/pipewire
1740146 Ssl  pipewire-media- /usr/bin/pipewire-media-session
1740171 Ss   dbus-daemon     /usr/bin/dbus-daemon --session --address=systemd: --nofork --nopidfile --systemd-activation --syslog-only
1746107 I    kworker/109:1-e [kworker/109:1-events]
1754543 I    kworker/149:1-e [kworker/149:1-events]
1759184 Ss   systemd         /lib/systemd/systemd --user
1759187 S    (sd-pam)        (sd-pam)
1759216 Ssl  pipewire        /usr/bin/pipewire
1759217 Ssl  pipewire-media- /usr/bin/pipewire-media-session
1759237 Ss   dbus-daemon     /usr/bin/dbus-daemon --session --address=systemd: --nofork --nopidfile --systemd-activation --syslog-only
1760042 I    kworker/37:0-mm [kworker/37:0-mm_percpu_wq]
1760767 Ssl  code-4fe60c8b1c /home/data4t1/zhongziyang/.vscode-server/code-4fe60c8b1cdac1c4c174f2fb180d0d758272d713 --cli-data-dir /home/data4t1/zhongziyang/.vscode-server/cli agent host
1772694 I    kworker/142:2-e [kworker/142:2-events]
1776902 I<   kworker/u393:6- [kworker/u393:6-dev0_sq_send_wq]
1800046 Ss   bash            /bin/bash --init-file /home/data4t1/wangjielei/.vscode-server/cli/servers/Stable-a44adf7f53e00964ab890f9f8758a334f1fc15bc/server/out/vs/workbench/contrib/terminal/common/scripts/shellIntegration-bash.sh
1812392 I    kworker/68:1-ev [kworker/68:1-events]
1833615 Sl   codex           codex -c features.code_mode_host=true app-server --listen unix://
1835554 I    kworker/79:0-mm [kworker/79:0-mm_percpu_wq]
1837649 Ss   bash            /bin/bash --init-file /home/data4t1/wangjielei/.vscode-server/cli/servers/Stable-a44adf7f53e00964ab890f9f8758a334f1fc15bc/server/out/vs/workbench/contrib/terminal/common/scripts/shellIntegration-bash.sh
1863550 I    kworker/39:2-ev [kworker/39:2-events]
1891027 I    kworker/183:1-m [kworker/183:1-mm_percpu_wq]
1910515 I    kworker/122:2-m [kworker/122:2-mm_percpu_wq]
1923102 Ssl  tailscaled      /home/data4t1/hxw/.local/opt/tailscale-1.98.4/tailscaled --tun=userspace-networking --socket=/home/data4t1/hxw/.local/state/tailscale/tailscaled.sock --statedir=/home/data4t1/hxw/.local/state/tailscale --socks5-server=127.0.0.1:1055 --outbound-http-proxy-listen=127.0.0.1:1055
1923573 Ss   tmux: server    tmux new -s mlaga
1923574 Ss+  bash            -bash
1923622 I    kworker/73:0-ev [kworker/73:0-events]
1924676 I    kworker/138:0-m [kworker/138:0-mm_percpu_wq]
1925078 I    kworker/132:2-e [kworker/132:2-events]
1925844 I    kworker/129:1-m [kworker/129:1-mm_percpu_wq]
1931907 I    kworker/139:0-m [kworker/139:0-mm_percpu_wq]
1932570 I    kworker/126:2-e [kworker/126:2-events]
1935396 S+   bash            bash scripts/coop/run_three_stage_csc_tiny_vit_multigpu.sh 1
1935405 S+   bash            bash scripts/coop/run_three_stage_csc_tiny_vit_multigpu.sh 1
1935631 I    kworker/135:0-m [kworker/135:0-mm_percpu_wq]
1945735 I    kworker/53:0-mm [kworker/53:0-mm_percpu_wq]
1968642 Sl   codex-code-mode /home/data4t2/lelinfeng/.codex/packages/standalone/releases/0.160.0-aarch64-unknown-linux-musl/bin/codex-code-mode-host
1969628 I    kworker/66:1-mm [kworker/66:1-mm_percpu_wq]
1972502 I    kworker/155:1-m [kworker/155:1-mm_percpu_wq]
1995857 I    kworker/131:0   [kworker/131:0]
1999984 Ssl  code-7e7950df89 /home/data4t1/chenqizhi/.vscode-server/code-7e7950df89d055b5a378379db9ee14290772148a --cli-data-dir /home/data4t1/chenqizhi/.vscode-server/cli agent host
2009531 I    kworker/167:2-e [kworker/167:2-events]
2009769 I    kworker/57:1-ev [kworker/57:1-events]
2011199 I    kworker/146:0-e [kworker/146:0-events]
2025522 I    kworker/150:0   [kworker/150:0]
2026772 I    kworker/177:2-e [kworker/177:2-events]
2033118 Sl+  nputop          /home/data4t1/hxw/anaconda3/bin/python3.10 /home/data4t1/hxw/anaconda3/bin/nputop
2036219 I    kworker/96:2-ev [kworker/96:2-events]
2050009 I    kworker/49:0-ev [kworker/49:0-events]
2055760 S+   bash            bash scripts/coop/run_three_stage_csc_tiny_vit_ltkd_multigpu.sh 1 0.1
2055765 S+   bash            bash scripts/coop/run_three_stage_csc_tiny_vit_ltkd_multigpu.sh 1 0.1
2055766 S+   bash            bash scripts/coop/run_three_stage_csc_tiny_vit_ltkd_multigpu.sh 1 0.1
2055767 S+   bash            bash scripts/coop/run_three_stage_csc_tiny_vit_ltkd_multigpu.sh 1 0.1
2055769 S+   bash            bash scripts/coop/run_three_stage_csc_tiny_vit_ltkd_multigpu.sh 1 0.1
2055771 S+   bash            bash scripts/coop/run_three_stage_csc_tiny_vit_ltkd_multigpu.sh 1 0.1
2055776 S+   bash            bash /home/data4t2/czhDir/PromptKD/scripts/coop/long_tail_comparison.sh resisc45 longtail 1 0.1
2055778 S+   tee             tee -a /home/data4t2/czhDir/PromptKD/output/long_tail_three_stage_csc_tiny_vit_ltkd/5m_1k/alpha1.0_beta8.0_T4.0_warmup20/resisc45/longtail_if0.1_ltseed0/seed1_npu7/launcher.log
2055780 S+   bash            bash /home/data4t2/czhDir/PromptKD/scripts/coop/long_tail_comparison.sh eurosat longtail 1 0.1
2055784 S+   tee             tee -a /home/data4t2/czhDir/PromptKD/output/long_tail_three_stage_csc_tiny_vit_ltkd/5m_1k/alpha1.0_beta8.0_T4.0_warmup20/eurosat/longtail_if0.1_ltseed0/seed1_npu2/launcher.log
2055831 Sl+  python          /home/data4t1/wangjielei/anaconda3/envs/dassl/bin/python train.py --root /home/data4t2/czhDir/data --seed 1 --trainer CoOpThreeStageCSCTinyViTLTKD --dataset-config-file configs/datasets/long_tail/nwpu_resisc45_lt.yaml --config-file configs/trainers/CoOp/vit_b16_ep130_three_stage_csc_tiny_vit_ltkd.yaml --output-dir /home/data4t2/czhDir/PromptKD/output/long_tail_three_stage_csc_tiny_vit_ltkd/5m_1k/alpha1.0_beta8.0_T4.0_warmup20/resisc45/longtail_if0.1_ltseed0/seed1_npu7 DATASET.NUM_SHOTS -1 DATASET.LONG_TAIL.IMB_FACTOR 0.1 DATASET.LONG_TAIL.SEED 0 DATALOADER.TRAIN_X.SAMPLER RandomSampler DATALOADER.TEST.BATCH_SIZE 16 OPTIM.MAX_EPOCH 130 TRAINER.COOP_THREE_STAGE_CSC.CSC_START_EPOCH 55 TRAINER.COOP_THREE_STAGE_CSC.PHASE2_LR 0.001 TRAINER.COOP_THREE_STAGE_CSC.PHASE3_LR 0.01 TRAINER.COOP_THREE_STAGE_CSC.BETA 0.9999 TRAINER.COOP_THREE_STAGE_VIT.VARIANT 5m TRAINER.COOP_THREE_STAGE_VIT.PRETRAINED_TYPE 1k TRAINER.COOP_THREE_STAGE_VIT.STUDENT_LR 0.00005 TRAINER.COOP_THREE_STAGE_CSC_LTKD.ALPHA 1.0 TRAINER.COOP_THREE_STAGE_CSC_LTKD.BETA 8.0 TRAINER.COOP_THREE_STAGE_CSC_LTKD.TEMPERATURE 4.0 TRAINER.COOP_THREE_STAGE_CSC_LTKD.WARMUP 20
2055832 Sl+  python          /home/data4t1/wangjielei/anaconda3/envs/dassl/bin/python train.py --root /home/data4t2/hxwDir/data --seed 1 --trainer CoOpThreeStageCSCTinyViTLTKD --dataset-config-file configs/datasets/long_tail/eurosat_lt.yaml --config-file configs/trainers/CoOp/vit_b16_ep130_three_stage_csc_tiny_vit_ltkd.yaml --output-dir /home/data4t2/czhDir/PromptKD/output/long_tail_three_stage_csc_tiny_vit_ltkd/5m_1k/alpha1.0_beta8.0_T4.0_warmup20/eurosat/longtail_if0.1_ltseed0/seed1_npu2 DATASET.NUM_SHOTS -1 DATASET.LONG_TAIL.IMB_FACTOR 0.1 DATASET.LONG_TAIL.SEED 0 DATALOADER.TRAIN_X.SAMPLER RandomSampler DATALOADER.TEST.BATCH_SIZE 16 OPTIM.MAX_EPOCH 130 TRAINER.COOP_THREE_STAGE_CSC.CSC_START_EPOCH 55 TRAINER.COOP_THREE_STAGE_CSC.PHASE2_LR 0.001 TRAINER.COOP_THREE_STAGE_CSC.PHASE3_LR 0.01 TRAINER.COOP_THREE_STAGE_CSC.BETA 0.9999 TRAINER.COOP_THREE_STAGE_VIT.VARIANT 5m TRAINER.COOP_THREE_STAGE_VIT.PRETRAINED_TYPE 1k TRAINER.COOP_THREE_STAGE_VIT.STUDENT_LR 0.00005 TRAINER.COOP_THREE_STAGE_CSC_LTKD.ALPHA 1.0 TRAINER.COOP_THREE_STAGE_CSC_LTKD.BETA 8.0 TRAINER.COOP_THREE_STAGE_CSC_LTKD.TEMPERATURE 4.0 TRAINER.COOP_THREE_STAGE_CSC_LTKD.WARMUP 20
2062644 Sl+  python          /home/data4t1/wangjielei/anaconda3/envs/dassl/bin/python train.py --root /home/data4t2/czhDir/data --seed 1 --trainer CoOpThreeStageCSCTinyViTLTKD --dataset-config-file configs/datasets/long_tail/nwpu_resisc45_lt.yaml --config-file configs/trainers/CoOp/vit_b16_ep130_three_stage_csc_tiny_vit_ltkd.yaml --output-dir /home/data4t2/czhDir/PromptKD/output/long_tail_three_stage_csc_tiny_vit_ltkd/5m_1k/alpha1.0_beta8.0_T4.0_warmup20/resisc45/longtail_if0.1_ltseed0/seed1_npu7 DATASET.NUM_SHOTS -1 DATASET.LONG_TAIL.IMB_FACTOR 0.1 DATASET.LONG_TAIL.SEED 0 DATALOADER.TRAIN_X.SAMPLER RandomSampler DATALOADER.TEST.BATCH_SIZE 16 OPTIM.MAX_EPOCH 130 TRAINER.COOP_THREE_STAGE_CSC.CSC_START_EPOCH 55 TRAINER.COOP_THREE_STAGE_CSC.PHASE2_LR 0.001 TRAINER.COOP_THREE_STAGE_CSC.PHASE3_LR 0.01 TRAINER.COOP_THREE_STAGE_CSC.BETA 0.9999 TRAINER.COOP_THREE_STAGE_VIT.VARIANT 5m TRAINER.COOP_THREE_STAGE_VIT.PRETRAINED_TYPE 1k TRAINER.COOP_THREE_STAGE_VIT.STUDENT_LR 0.00005 TRAINER.COOP_THREE_STAGE_CSC_LTKD.ALPHA 1.0 TRAINER.COOP_THREE_STAGE_CSC_LTKD.BETA 8.0 TRAINER.COOP_THREE_STAGE_CSC_LTKD.TEMPERATURE 4.0 TRAINER.COOP_THREE_STAGE_CSC_LTKD.WARMUP 20
2062716 Sl+  python          /home/data4t1/wangjielei/anaconda3/envs/dassl/bin/python train.py --root /home/data4t2/hxwDir/data --seed 1 --trainer CoOpThreeStageCSCTinyViTLTKD --dataset-config-file configs/datasets/long_tail/eurosat_lt.yaml --config-file configs/trainers/CoOp/vit_b16_ep130_three_stage_csc_tiny_vit_ltkd.yaml --output-dir /home/data4t2/czhDir/PromptKD/output/long_tail_three_stage_csc_tiny_vit_ltkd/5m_1k/alpha1.0_beta8.0_T4.0_warmup20/eurosat/longtail_if0.1_ltseed0/seed1_npu2 DATASET.NUM_SHOTS -1 DATASET.LONG_TAIL.IMB_FACTOR 0.1 DATASET.LONG_TAIL.SEED 0 DATALOADER.TRAIN_X.SAMPLER RandomSampler DATALOADER.TEST.BATCH_SIZE 16 OPTIM.MAX_EPOCH 130 TRAINER.COOP_THREE_STAGE_CSC.CSC_START_EPOCH 55 TRAINER.COOP_THREE_STAGE_CSC.PHASE2_LR 0.001 TRAINER.COOP_THREE_STAGE_CSC.PHASE3_LR 0.01 TRAINER.COOP_THREE_STAGE_CSC.BETA 0.9999 TRAINER.COOP_THREE_STAGE_VIT.VARIANT 5m TRAINER.COOP_THREE_STAGE_VIT.PRETRAINED_TYPE 1k TRAINER.COOP_THREE_STAGE_VIT.STUDENT_LR 0.00005 TRAINER.COOP_THREE_STAGE_CSC_LTKD.ALPHA 1.0 TRAINER.COOP_THREE_STAGE_CSC_LTKD.BETA 8.0 TRAINER.COOP_THREE_STAGE_CSC_LTKD.TEMPERATURE 4.0 TRAINER.COOP_THREE_STAGE_CSC_LTKD.WARMUP 20
2062886 S+   python          /home/data4t1/wangjielei/anaconda3/envs/dassl/bin/python -c from multiprocessing.resource_tracker import main;main(27)
2062890 S+   python          /home/data4t1/wangjielei/anaconda3/envs/dassl/bin/python -c from multiprocessing.forkserver import main; main(27, 30, [], **{})
2062892 S+   python          /home/data4t1/wangjielei/anaconda3/envs/dassl/bin/python -c from multiprocessing.resource_tracker import main;main(27)
2062893 S+   python          /home/data4t1/wangjielei/anaconda3/envs/dassl/bin/python -c from multiprocessing.forkserver import main; main(27, 30, [], **{})
2062894 Sl+  python          /home/data4t1/wangjielei/anaconda3/envs/dassl/bin/python -c from multiprocessing.forkserver import main; main(27, 30, [], **{})
2062895 Sl+  python          /home/data4t1/wangjielei/anaconda3/envs/dassl/bin/python -c from multiprocessing.forkserver import main; main(27, 30, [], **{})
2062896 Sl+  python          /home/data4t1/wangjielei/anaconda3/envs/dassl/bin/python -c from multiprocessing.forkserver import main; main(27, 30, [], **{})
2062897 Sl+  python          /home/data4t1/wangjielei/anaconda3/envs/dassl/bin/python -c from multiprocessing.forkserver import main; main(27, 30, [], **{})
2062898 Sl+  python          /home/data4t1/wangjielei/anaconda3/envs/dassl/bin/python -c from multiprocessing.forkserver import main; main(27, 30, [], **{})
2062899 Sl+  python          /home/data4t1/wangjielei/anaconda3/envs/dassl/bin/python -c from multiprocessing.forkserver import main; main(27, 30, [], **{})
2062900 Sl+  python          /home/data4t1/wangjielei/anaconda3/envs/dassl/bin/python -c from multiprocessing.forkserver import main; main(27, 30, [], **{})
2062901 Sl+  python          /home/data4t1/wangjielei/anaconda3/envs/dassl/bin/python -c from multiprocessing.forkserver import main; main(27, 30, [], **{})
2062902 Sl+  python          /home/data4t1/wangjielei/anaconda3/envs/dassl/bin/python -c from multiprocessing.forkserver import main; main(27, 30, [], **{})
2062903 Sl+  python          /home/data4t1/wangjielei/anaconda3/envs/dassl/bin/python -c from multiprocessing.forkserver import main; main(27, 30, [], **{})
2062904 Sl+  python          /home/data4t1/wangjielei/anaconda3/envs/dassl/bin/python -c from multiprocessing.forkserver import main; main(27, 30, [], **{})
2062905 Sl+  python          /home/data4t1/wangjielei/anaconda3/envs/dassl/bin/python -c from multiprocessing.forkserver import main; main(27, 30, [], **{})
2062906 Sl+  python          /home/data4t1/wangjielei/anaconda3/envs/dassl/bin/python -c from multiprocessing.forkserver import main; main(27, 30, [], **{})
2062907 Sl+  python          /home/data4t1/wangjielei/anaconda3/envs/dassl/bin/python -c from multiprocessing.forkserver import main; main(27, 30, [], **{})
2062908 Sl+  python          /home/data4t1/wangjielei/anaconda3/envs/dassl/bin/python -c from multiprocessing.forkserver import main; main(27, 30, [], **{})
2062909 Sl+  python          /home/data4t1/wangjielei/anaconda3/envs/dassl/bin/python -c from multiprocessing.forkserver import main; main(27, 30, [], **{})
2062910 Sl+  python          /home/data4t1/wangjielei/anaconda3/envs/dassl/bin/python -c from multiprocessing.forkserver import main; main(27, 30, [], **{})
2062911 Sl+  python          /home/data4t1/wangjielei/anaconda3/envs/dassl/bin/python -c from multiprocessing.forkserver import main; main(27, 30, [], **{})
2063220 Sl+  python          /home/data4t1/wangjielei/anaconda3/envs/dassl/bin/python -c from multiprocessing.forkserver import main; main(27, 30, [], **{})
2063221 Sl+  python          /home/data4t1/wangjielei/anaconda3/envs/dassl/bin/python -c from multiprocessing.forkserver import main; main(27, 30, [], **{})
2063222 Sl+  python          /home/data4t1/wangjielei/anaconda3/envs/dassl/bin/python -c from multiprocessing.forkserver import main; main(27, 30, [], **{})
2063223 Sl+  python          /home/data4t1/wangjielei/anaconda3/envs/dassl/bin/python -c from multiprocessing.forkserver import main; main(27, 30, [], **{})
2063225 Sl+  python          /home/data4t1/wangjielei/anaconda3/envs/dassl/bin/python -c from multiprocessing.forkserver import main; main(27, 30, [], **{})
2063226 Sl+  python          /home/data4t1/wangjielei/anaconda3/envs/dassl/bin/python -c from multiprocessing.forkserver import main; main(27, 30, [], **{})
2063228 Sl+  python          /home/data4t1/wangjielei/anaconda3/envs/dassl/bin/python -c from multiprocessing.forkserver import main; main(27, 30, [], **{})
2063231 Sl+  python          /home/data4t1/wangjielei/anaconda3/envs/dassl/bin/python -c from multiprocessing.forkserver import main; main(27, 30, [], **{})
2063232 Sl+  python          /home/data4t1/wangjielei/anaconda3/envs/dassl/bin/python -c from multiprocessing.forkserver import main; main(27, 30, [], **{})
2063235 Sl+  python          /home/data4t1/wangjielei/anaconda3/envs/dassl/bin/python -c from multiprocessing.forkserver import main; main(27, 30, [], **{})
2063237 Sl+  python          /home/data4t1/wangjielei/anaconda3/envs/dassl/bin/python -c from multiprocessing.forkserver import main; main(27, 30, [], **{})
2063238 Sl+  python          /home/data4t1/wangjielei/anaconda3/envs/dassl/bin/python -c from multiprocessing.forkserver import main; main(27, 30, [], **{})
2063239 Sl+  python          /home/data4t1/wangjielei/anaconda3/envs/dassl/bin/python -c from multiprocessing.forkserver import main; main(27, 30, [], **{})
2063241 Sl+  python          /home/data4t1/wangjielei/anaconda3/envs/dassl/bin/python -c from multiprocessing.forkserver import main; main(27, 30, [], **{})
2063243 Sl+  python          /home/data4t1/wangjielei/anaconda3/envs/dassl/bin/python -c from multiprocessing.forkserver import main; main(27, 30, [], **{})
2063244 Sl+  python          /home/data4t1/wangjielei/anaconda3/envs/dassl/bin/python -c from multiprocessing.forkserver import main; main(27, 30, [], **{})
2063245 Sl+  python          /home/data4t1/wangjielei/anaconda3/envs/dassl/bin/python -c from multiprocessing.forkserver import main; main(27, 30, [], **{})
2063246 Sl+  python          /home/data4t1/wangjielei/anaconda3/envs/dassl/bin/python -c from multiprocessing.forkserver import main; main(27, 30, [], **{})
2063248 Sl+  python          /home/data4t1/wangjielei/anaconda3/envs/dassl/bin/python -c from multiprocessing.forkserver import main; main(27, 30, [], **{})
2063249 Sl+  python          /home/data4t1/wangjielei/anaconda3/envs/dassl/bin/python -c from multiprocessing.forkserver import main; main(27, 30, [], **{})
2063250 Sl+  python          /home/data4t1/wangjielei/anaconda3/envs/dassl/bin/python -c from multiprocessing.forkserver import main; main(27, 30, [], **{})
2063251 Sl+  python          /home/data4t1/wangjielei/anaconda3/envs/dassl/bin/python -c from multiprocessing.forkserver import main; main(27, 30, [], **{})
2063256 Sl+  python          /home/data4t1/wangjielei/anaconda3/envs/dassl/bin/python -c from multiprocessing.forkserver import main; main(27, 30, [], **{})
2063257 Sl+  python          /home/data4t1/wangjielei/anaconda3/envs/dassl/bin/python -c from multiprocessing.forkserver import main; main(27, 30, [], **{})
2063258 Sl+  python          /home/data4t1/wangjielei/anaconda3/envs/dassl/bin/python -c from multiprocessing.forkserver import main; main(27, 30, [], **{})
2063260 Sl+  python          /home/data4t1/wangjielei/anaconda3/envs/dassl/bin/python -c from multiprocessing.forkserver import main; main(27, 30, [], **{})
2063264 Sl+  python          /home/data4t1/wangjielei/anaconda3/envs/dassl/bin/python -c from multiprocessing.forkserver import main; main(27, 30, [], **{})
2063265 Sl+  python          /home/data4t1/wangjielei/anaconda3/envs/dassl/bin/python -c from multiprocessing.forkserver import main; main(27, 30, [], **{})
2063266 Sl+  python          /home/data4t1/wangjielei/anaconda3/envs/dassl/bin/python -c from multiprocessing.forkserver import main; main(27, 30, [], **{})
2063267 Sl+  python          /home/data4t1/wangjielei/anaconda3/envs/dassl/bin/python -c from multiprocessing.forkserver import main; main(27, 30, [], **{})
2063270 Sl+  python          /home/data4t1/wangjielei/anaconda3/envs/dassl/bin/python -c from multiprocessing.forkserver import main; main(27, 30, [], **{})
2063271 Sl+  python          /home/data4t1/wangjielei/anaconda3/envs/dassl/bin/python -c from multiprocessing.forkserver import main; main(27, 30, [], **{})
2063290 Sl+  python          /home/data4t1/wangjielei/anaconda3/envs/dassl/bin/python -c from multiprocessing.forkserver import main; main(27, 30, [], **{})
2063291 Sl+  python          /home/data4t1/wangjielei/anaconda3/envs/dassl/bin/python -c from multiprocessing.forkserver import main; main(27, 30, [], **{})
2063293 Sl+  python          /home/data4t1/wangjielei/anaconda3/envs/dassl/bin/python -c from multiprocessing.forkserver import main; main(27, 30, [], **{})
2063294 Sl+  python          /home/data4t1/wangjielei/anaconda3/envs/dassl/bin/python -c from multiprocessing.forkserver import main; main(27, 30, [], **{})
2063295 Sl+  python          /home/data4t1/wangjielei/anaconda3/envs/dassl/bin/python -c from multiprocessing.forkserver import main; main(27, 30, [], **{})
2063296 Sl+  python          /home/data4t1/wangjielei/anaconda3/envs/dassl/bin/python -c from multiprocessing.forkserver import main; main(27, 30, [], **{})
2063297 Sl+  python          /home/data4t1/wangjielei/anaconda3/envs/dassl/bin/python -c from multiprocessing.forkserver import main; main(27, 30, [], **{})
2063302 Sl+  python          /home/data4t1/wangjielei/anaconda3/envs/dassl/bin/python -c from multiprocessing.forkserver import main; main(27, 30, [], **{})
2063303 Sl+  python          /home/data4t1/wangjielei/anaconda3/envs/dassl/bin/python -c from multiprocessing.forkserver import main; main(27, 30, [], **{})
2063304 Sl+  python          /home/data4t1/wangjielei/anaconda3/envs/dassl/bin/python -c from multiprocessing.forkserver import main; main(27, 30, [], **{})
2063306 Sl+  python          /home/data4t1/wangjielei/anaconda3/envs/dassl/bin/python -c from multiprocessing.forkserver import main; main(27, 30, [], **{})
2063307 Sl+  python          /home/data4t1/wangjielei/anaconda3/envs/dassl/bin/python -c from multiprocessing.forkserver import main; main(27, 30, [], **{})
2063308 Sl+  python          /home/data4t1/wangjielei/anaconda3/envs/dassl/bin/python -c from multiprocessing.forkserver import main; main(27, 30, [], **{})
2063312 Sl+  python          /home/data4t1/wangjielei/anaconda3/envs/dassl/bin/python -c from multiprocessing.forkserver import main; main(27, 30, [], **{})
2063313 Sl+  python          /home/data4t1/wangjielei/anaconda3/envs/dassl/bin/python -c from multiprocessing.forkserver import main; main(27, 30, [], **{})
2063314 Sl+  python          /home/data4t1/wangjielei/anaconda3/envs/dassl/bin/python -c from multiprocessing.forkserver import main; main(27, 30, [], **{})
2063315 Sl+  python          /home/data4t1/wangjielei/anaconda3/envs/dassl/bin/python -c from multiprocessing.forkserver import main; main(27, 30, [], **{})
2063318 Sl+  python          /home/data4t1/wangjielei/anaconda3/envs/dassl/bin/python -c from multiprocessing.forkserver import main; main(27, 30, [], **{})
2063320 Sl+  python          /home/data4t1/wangjielei/anaconda3/envs/dassl/bin/python -c from multiprocessing.forkserver import main; main(27, 30, [], **{})
2063321 Sl+  python          /home/data4t1/wangjielei/anaconda3/envs/dassl/bin/python -c from multiprocessing.forkserver import main; main(27, 30, [], **{})
2063322 Sl+  python          /home/data4t1/wangjielei/anaconda3/envs/dassl/bin/python -c from multiprocessing.forkserver import main; main(27, 30, [], **{})
2063323 Sl+  python          /home/data4t1/wangjielei/anaconda3/envs/dassl/bin/python -c from multiprocessing.forkserver import main; main(27, 30, [], **{})
2063324 Sl+  python          /home/data4t1/wangjielei/anaconda3/envs/dassl/bin/python -c from multiprocessing.forkserver import main; main(27, 30, [], **{})
2063325 Sl+  python          /home/data4t1/wangjielei/anaconda3/envs/dassl/bin/python -c from multiprocessing.forkserver import main; main(27, 30, [], **{})
2063326 Sl+  python          /home/data4t1/wangjielei/anaconda3/envs/dassl/bin/python -c from multiprocessing.forkserver import main; main(27, 30, [], **{})
2063327 Sl+  python          /home/data4t1/wangjielei/anaconda3/envs/dassl/bin/python -c from multiprocessing.forkserver import main; main(27, 30, [], **{})
2063328 Sl+  python          /home/data4t1/wangjielei/anaconda3/envs/dassl/bin/python -c from multiprocessing.forkserver import main; main(27, 30, [], **{})
2063329 Sl+  python          /home/data4t1/wangjielei/anaconda3/envs/dassl/bin/python -c from multiprocessing.forkserver import main; main(27, 30, [], **{})
2063330 Sl+  python          /home/data4t1/wangjielei/anaconda3/envs/dassl/bin/python -c from multiprocessing.forkserver import main; main(27, 30, [], **{})
2063331 Sl+  python          /home/data4t1/wangjielei/anaconda3/envs/dassl/bin/python -c from multiprocessing.forkserver import main; main(27, 30, [], **{})
2063332 Sl+  python          /home/data4t1/wangjielei/anaconda3/envs/dassl/bin/python -c from multiprocessing.forkserver import main; main(27, 30, [], **{})
2063333 Sl+  python          /home/data4t1/wangjielei/anaconda3/envs/dassl/bin/python -c from multiprocessing.forkserver import main; main(27, 30, [], **{})
2071663 I    kworker/146:2-m [kworker/146:2-mm_percpu_wq]
2100087 S    ping            ping -n -W 3000 -c 1 -s 56 www.trae.cn
2136631 I    kworker/145:0-m [kworker/145:0-mm_percpu_wq]
2138950 I    kworker/159:1-c [kworker/159:1-cgwb_release]
2148893 I    kworker/143:0-m [kworker/143:0-mm_percpu_wq]
2159040 Ss   screen          SCREEN -U
2159041 Ss+  bash            /bin/bash
2161602 I    kworker/59:1-ev [kworker/59:1-events]
2163690 I    kworker/137:2-e [kworker/137:2-events]
2167759 Ssl  sshfs           .tools/sshfs-root/usr/bin/sshfs 84090:/home/adaspace/.hxw/mopd-assets/runs/mathif-composition-pilot60-20260927t1237z /home/data4t2/hxwDir/hxw_moved/.codex-mopd-control/mathif-composition-pilot60-20260927t1237z -o ro,reconnect,ServerAliveInterval=15,ServerAliveCountMax=3
2167765 S    ssh             ssh -x -a -oClearAllForwardings=yes -oServerAliveInterval=15 -oServerAliveCountMax=3 -2 84090 -s sftp
2173073 Ss   bash            /bin/bash --init-file /home/data4t1/wangjielei/.vscode-server/cli/servers/Stable-a44adf7f53e00964ab890f9f8758a334f1fc15bc/server/out/vs/workbench/contrib/terminal/common/scripts/shellIntegration-bash.sh
2173152 S+   ssh             /usr/bin/ssh -N -T -p 39529 -o ServerAliveInterval=30 -o ServerAliveCountMax=3 -o ExitOnForwardFailure=yes -R 127.0.0.1:8317:127.0.0.1:8317 root@121.48.170.6
2182159 I    kworker/43:0-mm [kworker/43:0-mm_percpu_wq]
2195679 I    kworker/138:1-m [kworker/138:1-mm_percpu_wq]
2200224 Ss   screen          SCREEN -U
2200225 Ss+  bash            /bin/bash
2213863 I    kworker/191:0-e [kworker/191:0-events]
2228317 I<   kworker/u393:3- [kworker/u393:3-dev2_sq_send_wq]
2259579 I    kworker/64:0-ev [kworker/64:0-events]
2268651 I    kworker/134:0-m [kworker/134:0-mm_percpu_wq]
2290603 I    kworker/172:1-e [kworker/172:1-events]
2298726 Ss   bash            bash
2321236 Ss   sshd            sshd: wangjielei [priv]
2321420 S    sshd            sshd: wangjielei@notty
2321421 Ss   sh              sh
2321444 Sl   code-7debcd0e2a /home/data4t1/wangjielei/.vscode-server/code-7debcd0e2acdea1c52de81bf9ee1620444407dda command-shell --cli-data-dir /home/data4t1/wangjielei/.vscode-server/cli --parent-process-id 2321421 --on-host=127.0.0.1 --on-port
2321917 Sl   MainThread      /home/data4t1/wangjielei/.vscode-server/cli/servers/Stable-7debcd0e2acdea1c52de81bf9ee1620444407dda/server/node --dns-result-order=ipv4first /home/data4t1/wangjielei/.vscode-server/cli/servers/Stable-7debcd0e2acdea1c52de81bf9ee1620444407dda/server/out/bootstrap-fork --type=extensionHost --transformURIs --useHostProxy=false
2321933 Sl   MainThread      /home/data4t1/wangjielei/.vscode-server/cli/servers/Stable-7debcd0e2acdea1c52de81bf9ee1620444407dda/server/node /home/data4t1/wangjielei/.vscode-server/cli/servers/Stable-7debcd0e2acdea1c52de81bf9ee1620444407dda/server/out/bootstrap-fork --type=fileWatcher
2325147 Sl   codex           /home/data4t1/wangjielei/.vscode-server/extensions/openai.chatgpt-26.1002.51308-linux-arm64/bin/linux-aarch64/codex -c features.code_mode_host=true app-server --analytics-default-enabled
2325513 Sl   pet             /home/data4t1/wangjielei/.vscode-server/extensions/ms-python.vscode-python-envs-1.38.0-linux-arm64/python-env-tools/bin/pet server
2326134 Sl   ruff            /home/data4t1/wangjielei/.vscode-server/extensions/charliermarsh.ruff-2026.84.0-linux-arm64/bundled/libs/bin/ruff server
2326319 Ss+  bash            /bin/bash --init-file /home/data4t1/wangjielei/.vscode-server/cli/servers/Stable-7debcd0e2acdea1c52de81bf9ee1620444407dda/server/out/vs/workbench/contrib/terminal/common/scripts/shellIntegration-bash.sh
2326845 Sl   MainThread      /home/data4t1/wangjielei/.vscode-server/cli/servers/Stable-7debcd0e2acdea1c52de81bf9ee1620444407dda/server/node /home/data4t1/wangjielei/.vscode-server/extensions/ms-python.vscode-pylance-2026.4.1/dist/server.bundle.js --cancellationReceive=file:b5a21978af509bcc0176b229f974cb065fd97d7b76 --node-ipc --clientProcessId=2321917
2342002 Sl+  cli-proxy-api   ./cli-proxy-api
2355412 I    kworker/161:2-e [kworker/161:2-events]
2356276 Sl   codex-code-mode /home/data4t1/wangjielei/.vscode-server/extensions/openai.chatgpt-26.1002.51308-linux-arm64/bin/linux-aarch64/codex-code-mode-host
2372974 I    kworker/101:0-e [kworker/101:0-events]
2386437 Sl+  nputop          /home/data4t1/wangjielei/anaconda3/bin/python3.10 /home/data4t1/wangjielei/anaconda3/bin/nputop
2386667 Sl   python          /home/data4t1/wangjielei/anaconda3/bin/python /home/data4t1/wangjielei/.vscode-server/extensions/ms-python.autopep8-2026.4.0/bundled/tool/lsp_server.py
2393643 I    kworker/152:1-m [kworker/152:1-mm_percpu_wq]
2418037 I    kworker/38:2-mm [kworker/38:2-mm_percpu_wq]
2420568 I    kworker/147:0-m [kworker/147:0-mm_percpu_wq]
2421507 S    ping            ping -n -W 3000 -c 1 -s 56 www.trae.cn
2429127 Ss   bash            -bash
2429738 I    kworker/44:2-ev [kworker/44:2-events]
2438689 I    kworker/41:1-ev [kworker/41:1-events]
2447158 I    kworker/69:1-ev [kworker/69:1-events]
2459090 I    kworker/35:1-mm [kworker/35:1-mm_percpu_wq]
2463034 Sl   MainThread      /home/data4t1/wangjielei/.vscode-server/cli/servers/Stable-7debcd0e2acdea1c52de81bf9ee1620444407dda/server/node /home/data4t1/wangjielei/.vscode-server/cli/servers/Stable-7debcd0e2acdea1c52de81bf9ee1620444407dda/server/extensions/json-language-features/server/dist/node/jsonServerMain --node-ipc --clientProcessId=2321917
2469551 I    kworker/134:2-m [kworker/134:2-mm_percpu_wq]
2471791 I    kworker/122:1-m [kworker/122:1-mm_percpu_wq]
2482891 I    kworker/124:0-m [kworker/124:0-mm_percpu_wq]
2483105 S+   watch           watch -n 1 npu-smi info
2494739 I    kworker/176:0-e [kworker/176:0-events]
2502687 I    kworker/46:2-mm [kworker/46:2-mm_percpu_wq]
2505905 I    kworker/40:0-ev [kworker/40:0-events]
2528805 I    kworker/42:0-ev [kworker/42:0-events]
2532229 S+   bash            bash /home/data4t2/czhDir/PromptKD/scripts/coop/run_part_c_reliability_all.sh 1 0.1
2532239 S+   bash            bash /home/data4t2/czhDir/PromptKD/scripts/coop/run_part_c_reliability_all.sh 1 0.1
2540822 Ss+  bash            bash
2546376 Ss   sshd            sshd: /usr/sbin/sshd -D [listener] 0 of 10-100 startups
2577230 Ss   screen          SCREEN -U
2577231 Ss   bash            /bin/bash
2581397 I    kworker/160:1-p [kworker/160:1-pcie_msg_workqueue]
2598259 Ss   systemd         /lib/systemd/systemd --user
2598260 S    (sd-pam)        (sd-pam)
2598270 Ssl  pipewire        /usr/bin/pipewire
2598271 Ssl  pipewire-media- /usr/bin/pipewire-media-session
2598296 Ss   dbus-daemon     /usr/bin/dbus-daemon --session --address=systemd: --nofork --nopidfile --systemd-activation --syslog-only
2600649 Ss+  bash            bash
2614672 I    kworker/123:1-e [kworker/123:1-events]
2615502 Ss+  bash            bash
2626173 I    kworker/179:0-e [kworker/179:0-events]
2632334 Ssl  code-a5b5009513 /home/data4t1/hxw/.vscode-server/code-a5b500951314efd502d07465bd138dfbd714a960 --cli-data-dir /home/data4t1/hxw/.vscode-server/cli agent host
2639208 I    kworker/36:0-mm [kworker/36:0-mm_percpu_wq]
2639215 I    kworker/12:2-mm [kworker/12:2-mm_percpu_wq]
2644265 Ssl  code-f6cfa2ea24 /home/data4t1/hxw/.vscode-server/code-f6cfa2ea2403534de03f069bdf160d06451ed282 --cli-data-dir /home/data4t1/hxw/.vscode-server/cli agent host
2645134 Ssl  code-f6cfa2ea24 /home/data4t1/hxw/.vscode-server/code-f6cfa2ea2403534de03f069bdf160d06451ed282 --cli-data-dir /home/data4t1/hxw/.vscode-server/cli agent host
2645539 I    kworker/75:0-mm [kworker/75:0-mm_percpu_wq]
2646651 Ssl  code-f6cfa2ea24 /home/data4t1/hxw/.vscode-server/code-f6cfa2ea2403534de03f069bdf160d06451ed282 --cli-data-dir /home/data4t1/hxw/.vscode-server/cli agent host
2647575 Ssl  code-f6cfa2ea24 /home/data4t1/hxw/.vscode-server/code-f6cfa2ea2403534de03f069bdf160d06451ed282 --cli-data-dir /home/data4t1/hxw/.vscode-server/cli agent host
2648442 I    kworker/43:1-ev [kworker/43:1-events]
2655249 I    kworker/31:1-mm [kworker/31:1-mm_percpu_wq]
2656015 Ssl  code-1b50d58d73 /home/data4t1/wangyu/.vscode-server/code-1b50d58d73426c9171299ec4037d01365d995b78 --cli-data-dir /home/data4t1/wangyu/.vscode-server/cli agent host
2658315 I    kworker/2:0-eve [kworker/2:0-events]
2659704 I    kworker/47:0-mm [kworker/47:0-mm_percpu_wq]
2672640 I    kworker/163:2-c [kworker/163:2-cgroup_destroy]
2677443 Ssl  codex           /home/data4t1/hxw/.codex/packages/standalone/current/bin/codex app-server --remote-control --listen unix://
2677801 I    kworker/24:1-ev [kworker/24:1-events]
2699397 I    kworker/141:2-m [kworker/141:2-mm_percpu_wq]
2703819 Ss   systemd-network /lib/systemd/systemd-networkd
2703830 Ss   systemd-resolve /lib/systemd/systemd-resolved
2703838 S<s  systemd-journal /lib/systemd/systemd-journald
2703987 Ssl  systemd-timesyn /lib/systemd/systemd-timesyncd
2706821 I    kworker/62:0-ev [kworker/62:0-events]
2707836 Ss   systemd-udevd   /lib/systemd/systemd-udevd
2712323 Ss   sshd            sshd: duanguiduo [priv]
2712675 S    sshd            sshd: duanguiduo
2718981 I    kworker/63:2-ev [kworker/63:2-events]
2728764 I    kworker/158:2-e [kworker/158:2-events]
2731041 Ss   systemd         /lib/systemd/systemd --user
2731042 S    (sd-pam)        (sd-pam)
2731048 Ssl  pipewire        /usr/bin/pipewire
2731049 Ssl  pipewire-media- /usr/bin/pipewire-media-session
2731068 Ss   dbus-daemon     /usr/bin/dbus-daemon --session --address=systemd: --nofork --nopidfile --systemd-activation --syslog-only
2734181 I    kworker/188:2-e [kworker/188:2-events]
2737509 I    kworker/186:2-c [kworker/186:2-cgroup_destroy]
2738255 Sl   codex-code-mode /home/data4t1/hxw/.codex/packages/standalone/releases/0.154.0-aarch64-unknown-linux-musl/bin/codex-code-mode-host
2743961 S+   bash            bash /home/data4t2/czhDir/PromptKD/scripts/coop/long_tail_comparison.sh cars longtail 1 0.1
2743962 S+   tee             tee -a /home/data4t2/czhDir/PromptKD/output/long_tail_three_stage_csc_tiny_vit_ltkd/5m_1k/alpha1.0_beta8.0_T4.0_warmup20/cars/longtail_if0.1_ltseed0/seed1_npu0/launcher.log
2743971 Sl+  python          /home/data4t1/wangjielei/anaconda3/envs/dassl/bin/python train.py --root /home/data4t2/hxwDir/data --seed 1 --trainer CoOpThreeStageCSCTinyViTLTKD --dataset-config-file configs/datasets/long_tail/stanford_cars_lt.yaml --config-file configs/trainers/CoOp/vit_b16_ep130_three_stage_csc_tiny_vit_ltkd.yaml --output-dir /home/data4t2/czhDir/PromptKD/output/long_tail_three_stage_csc_tiny_vit_ltkd/5m_1k/alpha1.0_beta8.0_T4.0_warmup20/cars/longtail_if0.1_ltseed0/seed1_npu0 DATASET.NUM_SHOTS -1 DATASET.LONG_TAIL.IMB_FACTOR 0.1 DATASET.LONG_TAIL.SEED 0 DATALOADER.TRAIN_X.SAMPLER RandomSampler DATALOADER.TEST.BATCH_SIZE 16 OPTIM.MAX_EPOCH 130 TRAINER.COOP_THREE_STAGE_CSC.CSC_START_EPOCH 55 TRAINER.COOP_THREE_STAGE_CSC.PHASE2_LR 0.001 TRAINER.COOP_THREE_STAGE_CSC.PHASE3_LR 0.01 TRAINER.COOP_THREE_STAGE_CSC.BETA 0.9999 TRAINER.COOP_THREE_STAGE_VIT.VARIANT 5m TRAINER.COOP_THREE_STAGE_VIT.PRETRAINED_TYPE 1k TRAINER.COOP_THREE_STAGE_VIT.STUDENT_LR 0.00005 TRAINER.COOP_THREE_STAGE_CSC_LTKD.ALPHA 1.0 TRAINER.COOP_THREE_STAGE_CSC_LTKD.BETA 8.0 TRAINER.COOP_THREE_STAGE_CSC_LTKD.TEMPERATURE 4.0 TRAINER.COOP_THREE_STAGE_CSC_LTKD.WARMUP 20
2749899 S    ping            ping -n -W 3000 -c 1 -s 56 a0ai.marscode.cn
2750781 Sl+  python          /home/data4t1/wangjielei/anaconda3/envs/dassl/bin/python train.py --root /home/data4t2/hxwDir/data --seed 1 --trainer CoOpThreeStageCSCTinyViTLTKD --dataset-config-file configs/datasets/long_tail/stanford_cars_lt.yaml --config-file configs/trainers/CoOp/vit_b16_ep130_three_stage_csc_tiny_vit_ltkd.yaml --output-dir /home/data4t2/czhDir/PromptKD/output/long_tail_three_stage_csc_tiny_vit_ltkd/5m_1k/alpha1.0_beta8.0_T4.0_warmup20/cars/longtail_if0.1_ltseed0/seed1_npu0 DATASET.NUM_SHOTS -1 DATASET.LONG_TAIL.IMB_FACTOR 0.1 DATASET.LONG_TAIL.SEED 0 DATALOADER.TRAIN_X.SAMPLER RandomSampler DATALOADER.TEST.BATCH_SIZE 16 OPTIM.MAX_EPOCH 130 TRAINER.COOP_THREE_STAGE_CSC.CSC_START_EPOCH 55 TRAINER.COOP_THREE_STAGE_CSC.PHASE2_LR 0.001 TRAINER.COOP_THREE_STAGE_CSC.PHASE3_LR 0.01 TRAINER.COOP_THREE_STAGE_CSC.BETA 0.9999 TRAINER.COOP_THREE_STAGE_VIT.VARIANT 5m TRAINER.COOP_THREE_STAGE_VIT.PRETRAINED_TYPE 1k TRAINER.COOP_THREE_STAGE_VIT.STUDENT_LR 0.00005 TRAINER.COOP_THREE_STAGE_CSC_LTKD.ALPHA 1.0 TRAINER.COOP_THREE_STAGE_CSC_LTKD.BETA 8.0 TRAINER.COOP_THREE_STAGE_CSC_LTKD.TEMPERATURE 4.0 TRAINER.COOP_THREE_STAGE_CSC_LTKD.WARMUP 20
2750849 S+   python          /home/data4t1/wangjielei/anaconda3/envs/dassl/bin/python -c from multiprocessing.resource_tracker import main;main(27)
2750850 S+   python          /home/data4t1/wangjielei/anaconda3/envs/dassl/bin/python -c from multiprocessing.forkserver import main; main(27, 30, [], **{})
2750851 Sl+  python          /home/data4t1/wangjielei/anaconda3/envs/dassl/bin/python -c from multiprocessing.forkserver import main; main(27, 30, [], **{})
2750852 Sl+  python          /home/data4t1/wangjielei/anaconda3/envs/dassl/bin/python -c from multiprocessing.forkserver import main; main(27, 30, [], **{})
2750853 Sl+  python          /home/data4t1/wangjielei/anaconda3/envs/dassl/bin/python -c from multiprocessing.forkserver import main; main(27, 30, [], **{})
2750854 Sl+  python          /home/data4t1/wangjielei/anaconda3/envs/dassl/bin/python -c from multiprocessing.forkserver import main; main(27, 30, [], **{})
2750856 Sl+  python          /home/data4t1/wangjielei/anaconda3/envs/dassl/bin/python -c from multiprocessing.forkserver import main; main(27, 30, [], **{})
2750857 Sl+  python          /home/data4t1/wangjielei/anaconda3/envs/dassl/bin/python -c from multiprocessing.forkserver import main; main(27, 30, [], **{})
2750859 Sl+  python          /home/data4t1/wangjielei/anaconda3/envs/dassl/bin/python -c from multiprocessing.forkserver import main; main(27, 30, [], **{})
2750861 Sl+  python          /home/data4t1/wangjielei/anaconda3/envs/dassl/bin/python -c from multiprocessing.forkserver import main; main(27, 30, [], **{})
2750862 Sl+  python          /home/data4t1/wangjielei/anaconda3/envs/dassl/bin/python -c from multiprocessing.forkserver import main; main(27, 30, [], **{})
2751391 Sl+  python          /home/data4t1/wangjielei/anaconda3/envs/dassl/bin/python -c from multiprocessing.forkserver import main; main(27, 30, [], **{})
2751392 Sl+  python          /home/data4t1/wangjielei/anaconda3/envs/dassl/bin/python -c from multiprocessing.forkserver import main; main(27, 30, [], **{})
2751394 Sl+  python          /home/data4t1/wangjielei/anaconda3/envs/dassl/bin/python -c from multiprocessing.forkserver import main; main(27, 30, [], **{})
2751398 Sl+  python          /home/data4t1/wangjielei/anaconda3/envs/dassl/bin/python -c from multiprocessing.forkserver import main; main(27, 30, [], **{})
2751399 Sl+  python          /home/data4t1/wangjielei/anaconda3/envs/dassl/bin/python -c from multiprocessing.forkserver import main; main(27, 30, [], **{})
2751400 Sl+  python          /home/data4t1/wangjielei/anaconda3/envs/dassl/bin/python -c from multiprocessing.forkserver import main; main(27, 30, [], **{})
2751403 Sl+  python          /home/data4t1/wangjielei/anaconda3/envs/dassl/bin/python -c from multiprocessing.forkserver import main; main(27, 30, [], **{})
2751404 Sl+  python          /home/data4t1/wangjielei/anaconda3/envs/dassl/bin/python -c from multiprocessing.forkserver import main; main(27, 30, [], **{})
2751405 Sl+  python          /home/data4t1/wangjielei/anaconda3/envs/dassl/bin/python -c from multiprocessing.forkserver import main; main(27, 30, [], **{})
2751406 Sl+  python          /home/data4t1/wangjielei/anaconda3/envs/dassl/bin/python -c from multiprocessing.forkserver import main; main(27, 30, [], **{})
2751407 Sl+  python          /home/data4t1/wangjielei/anaconda3/envs/dassl/bin/python -c from multiprocessing.forkserver import main; main(27, 30, [], **{})
2751408 Sl+  python          /home/data4t1/wangjielei/anaconda3/envs/dassl/bin/python -c from multiprocessing.forkserver import main; main(27, 30, [], **{})
2751409 Sl+  python          /home/data4t1/wangjielei/anaconda3/envs/dassl/bin/python -c from multiprocessing.forkserver import main; main(27, 30, [], **{})
2751410 Sl+  python          /home/data4t1/wangjielei/anaconda3/envs/dassl/bin/python -c from multiprocessing.forkserver import main; main(27, 30, [], **{})
2751411 Sl+  python          /home/data4t1/wangjielei/anaconda3/envs/dassl/bin/python -c from multiprocessing.forkserver import main; main(27, 30, [], **{})
2751412 Sl+  python          /home/data4t1/wangjielei/anaconda3/envs/dassl/bin/python -c from multiprocessing.forkserver import main; main(27, 30, [], **{})
2751413 Sl+  python          /home/data4t1/wangjielei/anaconda3/envs/dassl/bin/python -c from multiprocessing.forkserver import main; main(27, 30, [], **{})
2751414 Sl+  python          /home/data4t1/wangjielei/anaconda3/envs/dassl/bin/python -c from multiprocessing.forkserver import main; main(27, 30, [], **{})
2751415 Sl+  python          /home/data4t1/wangjielei/anaconda3/envs/dassl/bin/python -c from multiprocessing.forkserver import main; main(27, 30, [], **{})
2751416 Sl+  python          /home/data4t1/wangjielei/anaconda3/envs/dassl/bin/python -c from multiprocessing.forkserver import main; main(27, 30, [], **{})
2751417 Sl+  python          /home/data4t1/wangjielei/anaconda3/envs/dassl/bin/python -c from multiprocessing.forkserver import main; main(27, 30, [], **{})
2751418 Sl+  python          /home/data4t1/wangjielei/anaconda3/envs/dassl/bin/python -c from multiprocessing.forkserver import main; main(27, 30, [], **{})
2751419 Sl+  python          /home/data4t1/wangjielei/anaconda3/envs/dassl/bin/python -c from multiprocessing.forkserver import main; main(27, 30, [], **{})
2751420 Sl+  python          /home/data4t1/wangjielei/anaconda3/envs/dassl/bin/python -c from multiprocessing.forkserver import main; main(27, 30, [], **{})
2751421 Sl+  python          /home/data4t1/wangjielei/anaconda3/envs/dassl/bin/python -c from multiprocessing.forkserver import main; main(27, 30, [], **{})
2751422 Sl+  python          /home/data4t1/wangjielei/anaconda3/envs/dassl/bin/python -c from multiprocessing.forkserver import main; main(27, 30, [], **{})
2751426 Sl+  python          /home/data4t1/wangjielei/anaconda3/envs/dassl/bin/python -c from multiprocessing.forkserver import main; main(27, 30, [], **{})
2751427 Sl+  python          /home/data4t1/wangjielei/anaconda3/envs/dassl/bin/python -c from multiprocessing.forkserver import main; main(27, 30, [], **{})
2751431 Sl+  python          /home/data4t1/wangjielei/anaconda3/envs/dassl/bin/python -c from multiprocessing.forkserver import main; main(27, 30, [], **{})
2751432 Sl+  python          /home/data4t1/wangjielei/anaconda3/envs/dassl/bin/python -c from multiprocessing.forkserver import main; main(27, 30, [], **{})
2751434 Sl+  python          /home/data4t1/wangjielei/anaconda3/envs/dassl/bin/python -c from multiprocessing.forkserver import main; main(27, 30, [], **{})
2751437 Sl+  python          /home/data4t1/wangjielei/anaconda3/envs/dassl/bin/python -c from multiprocessing.forkserver import main; main(27, 30, [], **{})
2759999 I    kworker/143:1-e [kworker/143:1-events]
2771787 I    kworker/182:2-e [kworker/182:2-events]
2794782 S    ping            ping -n -W 3000 -c 1 -s 56 a0ai.marscode.cn
2804797 I    kworker/159:2-e [kworker/159:2-events]
2820538 I    kworker/58:0-mm [kworker/58:0-mm_percpu_wq]
2821974 I    kworker/97:2-mm [kworker/97:2-mm_percpu_wq]
2833404 Sl   xfconfd         /usr/lib/aarch64-linux-gnu/xfce4/xfconf/xfconfd
2837296 I    kworker/28:1-mm [kworker/28:1-mm_percpu_wq]
2837297 I    kworker/153:2-e [kworker/153:2-events]
2842621 I    kworker/123:2-e [kworker/123:2-events]
2845267 I    kworker/120:0-e [kworker/120:0-events]
2853273 Ss   systemd         /lib/systemd/systemd --user
2853274 S    (sd-pam)        (sd-pam)
2853282 Ssl  pipewire        /usr/bin/pipewire
2853283 Ssl  pipewire-media- /usr/bin/pipewire-media-session
2853303 Ss   dbus-daemon     /usr/bin/dbus-daemon --session --address=systemd: --nofork --nopidfile --systemd-activation --syslog-only
2857744 Ss   systemd         /lib/systemd/systemd --user
2857745 S    (sd-pam)        (sd-pam)
2857767 Ssl  pipewire        /usr/bin/pipewire
2857768 Ssl  pipewire-media- /usr/bin/pipewire-media-session
2857787 Ss   dbus-daemon     /usr/bin/dbus-daemon --session --address=systemd: --nofork --nopidfile --systemd-activation --syslog-only
2864254 I    kworker/54:2-ev [kworker/54:2-events]
2894305 S    sh              sh /home/data4t1/wangjielei/.vscode-server/cli/servers/Stable-a44adf7f53e00964ab890f9f8758a334f1fc15bc/server/bin/code-server --connection-token=remotessh --accept-server-license-terms --install-extension=ms-python.python --install-extension=ms-toolsai.jupyter-renderers --install-extension=ms-toolsai.jupyter-keymap --install-extension=ms-toolsai.jupyter --agent-host-bridge-port=39829 --agent-host-bridge-host=127.0.0.1 --start-server --enable-remote-auto-shutdown --socket-path=/tmp/code-f8531d84-13b8-4614-91f0-425796197ae6
2894309 Sl   MainThread      /home/data4t1/wangjielei/.vscode-server/cli/servers/Stable-a44adf7f53e00964ab890f9f8758a334f1fc15bc/server/node /home/data4t1/wangjielei/.vscode-server/cli/servers/Stable-a44adf7f53e00964ab890f9f8758a334f1fc15bc/server/out/server-main.js --connection-token=remotessh --accept-server-license-terms --install-extension=ms-python.python --install-extension=ms-toolsai.jupyter-renderers --install-extension=ms-toolsai.jupyter-keymap --install-extension=ms-toolsai.jupyter --agent-host-bridge-port=39829 --agent-host-bridge-host=127.0.0.1 --start-server --enable-remote-auto-shutdown --socket-path=/tmp/code-f8531d84-13b8-4614-91f0-425796197ae6
2894329 Ss   tmux: server    tmux new -n listen
2894330 Ss+  bash            -bash
2894539 I    kworker/141:0-c [kworker/141:0-cgroup_destroy]
2894862 Sl   MainThread      /home/data4t1/wangjielei/.vscode-server/cli/servers/Stable-a44adf7f53e00964ab890f9f8758a334f1fc15bc/server/node /home/data4t1/wangjielei/.vscode-server/cli/servers/Stable-a44adf7f53e00964ab890f9f8758a334f1fc15bc/server/out/bootstrap-fork --type=ptyHost --logsPath /home/data4t1/wangjielei/.vscode-server/data/logs/20261007T072125
2895101 I    kworker/164:2-m [kworker/164:2-mm_percpu_wq]
2895506 I    kworker/89:2-mm [kworker/89:2-mm_percpu_wq]
2895847 Ss   bash            /bin/bash --init-file /home/data4t1/wangjielei/.vscode-server/cli/servers/Stable-a44adf7f53e00964ab890f9f8758a334f1fc15bc/server/out/vs/workbench/contrib/terminal/common/scripts/shellIntegration-bash.sh
2896962 I    kworker/187:0-e [kworker/187:0-events]
2897404 I    kworker/105:1-e [kworker/105:1-events]
2899722 Ss+  bash            /bin/bash --init-file /home/data4t1/wangjielei/.vscode-server/cli/servers/Stable-a44adf7f53e00964ab890f9f8758a334f1fc15bc/server/out/vs/workbench/contrib/terminal/common/scripts/shellIntegration-bash.sh
2901251 I    kworker/100:2-e [kworker/100:2-events]
2901429 S    sh              /bin/sh -c /home/data4t1/wangjielei/.lingma/vscode/bin/2.6.10/aarch64_linux/Lingma start --workDir /home/data4t1/wangjielei/.lingma/vscode/sharedClientCache
2901437 Sl   Lingma          /home/data4t1/wangjielei/.lingma/vscode/bin/2.6.10/aarch64_linux/Lingma start --workDir /home/data4t1/wangjielei/.lingma/vscode/sharedClientCache
2903888 Ssl  sshfs           .tools/sshfs-root/usr/bin/sshfs 84090:/home/adaspace/.hxw/mopd-assets/runs/mathif-composition-analysis60-20260927t1357z /home/data4t2/hxwDir/hxw_moved/.codex-mopd-control/mathif-composition-analysis60-20260927t1357z -o ro,reconnect,ServerAliveInterval=15,ServerAliveCountMax=3
2903984 S    ssh             ssh -x -a -oClearAllForwardings=yes -oServerAliveInterval=15 -oServerAliveCountMax=3 -2 84090 -s sftp
2908164 I    kworker/121:1-m [kworker/121:1-mm_percpu_wq]
2914109 Ss   bash            -bash
2915079 Ss   bash            -bash
2916664 Sl+  nputop          /home/data4t1/hxw/anaconda3/bin/python3.10 /home/data4t1/hxw/anaconda3/bin/nputop
2917998 I    kworker/135:1-e [kworker/135:1-events]
2925269 I    kworker/136:0-e [kworker/136:0-events]
2926539 I    kworker/48:2-ev [kworker/48:2-events]
2927225 I    kworker/u384:2- [kworker/u384:2-dev0_sq_fair_wq]
2937312 Ss   tmux: server    tmux new-session -d -s exprun-c10 -n 0
2956927 Ss   sshd            sshd: ubuntu [priv]
2957025 Ss   systemd         /lib/systemd/systemd --user
2957028 S    (sd-pam)        (sd-pam)
2957057 Ssl  pipewire        /usr/bin/pipewire
2957058 Ssl  pipewire-media- /usr/bin/pipewire-media-session
2957061 Ssl  pulseaudio      /usr/bin/pulseaudio --daemonize=no --log-target=journal
2957073 Ss   dbus-daemon     /usr/bin/dbus-daemon --session --address=systemd: --nofork --nopidfile --systemd-activation --syslog-only
2957286 S    sshd            sshd: ubuntu@pts/7,pts/26
2957287 Ss+  bash            -bash
2973534 Ss+  bash            -bash
2991304 Sl+  python          /home/data4t2/hxwDir/hxw_moved/conda_envs/opd/bin/python -m tools.visual_opd.llm_eval_browser.server --data-root /home/data4t2/hxwDir/hxw_moved/verl-npu-opd/dataset/llm_eval --host 0.0.0.0 --port 8767
2991305 S+   tee             tee -a /home/data4t2/hxwDir/hxw_moved/opd-resources/runs/web/llm-eval-browser-8767/server.log
2992538 I    kworker/71:1-mm [kworker/71:1-mm_percpu_wq]
2992910 Sl+  vllm            /home/data4t1/zhangkaijie/conda/envs/qwen38_a2/bin/python3.12 /home/data4t1/zhangkaijie/conda/envs/qwen38_a2/bin/vllm serve /home/data4t2/models/Qwen3.8-27B-w8a8 --host 0.0.0.0 --port 9000 --tensor-parallel-size 1 --max-model-len 200000 --max-num-seqs 8 --max-num-batched-tokens 16384 --enable-prefix-caching --trust-remote-code --speculative-config {"method":"mtp","num_speculative_tokens":4} --enable-auto-tool-choice --tool-call-parser qwen3_coder --gpu-memory-utilization 0.85
2994368 I    kworker/152:2-e [kworker/152:2-events]
2999854 S+   python3.12      /home/data4t1/zhangkaijie/conda/envs/qwen38_a2/bin/python3.12 -c from multiprocessing.resource_tracker import main;main(39)
2999855 Rl+  VLLM::EngineCor VLLM::EngineCore
3004197 I    kworker/161:0-m [kworker/161:0-mm_percpu_wq]
3007158 SNs  tmux: server    tmux -S /home/data4t1/hxw/.claude/jobs/9391153f/tmp/tmux-agent.sock new-session -d -s agent -n work
3007561 SNs+ bash            -bash
3007918 R<   kworker/u393:1+ [kworker/u393:1+dev1_sq_send_wq]
3008420 Sl+  python3.12      /home/data4t1/zhangkaijie/conda/envs/qwen38_a2/bin/python3.12 -c from multiprocessing.spawn import spawn_main; spawn_main(tracker_fd=40, pipe_handle=84) --multiprocessing-fork
3009726 S+   python3.12      /home/data4t1/zhangkaijie/conda/envs/qwen38_a2/bin/python3.12 -c from multiprocessing.forkserver import main; main(81, 83, [], **{})
3009729 S+   python3.12      /home/data4t1/zhangkaijie/conda/envs/qwen38_a2/bin/python3.12 -c from multiprocessing.forkserver import main; main(81, 83, [], **{})
3009731 S+   python3.12      /home/data4t1/zhangkaijie/conda/envs/qwen38_a2/bin/python3.12 -c from multiprocessing.forkserver import main; main(81, 83, [], **{})
3009733 S+   python3.12      /home/data4t1/zhangkaijie/conda/envs/qwen38_a2/bin/python3.12 -c from multiprocessing.forkserver import main; main(81, 83, [], **{})
3009734 S+   python3.12      /home/data4t1/zhangkaijie/conda/envs/qwen38_a2/bin/python3.12 -c from multiprocessing.forkserver import main; main(81, 83, [], **{})
3009736 S+   python3.12      /home/data4t1/zhangkaijie/conda/envs/qwen38_a2/bin/python3.12 -c from multiprocessing.forkserver import main; main(81, 83, [], **{})
3009739 S+   python3.12      /home/data4t1/zhangkaijie/conda/envs/qwen38_a2/bin/python3.12 -c from multiprocessing.forkserver import main; main(81, 83, [], **{})
3009740 S+   python3.12      /home/data4t1/zhangkaijie/conda/envs/qwen38_a2/bin/python3.12 -c from multiprocessing.forkserver import main; main(81, 83, [], **{})
3009741 S+   python3.12      /home/data4t1/zhangkaijie/conda/envs/qwen38_a2/bin/python3.12 -c from multiprocessing.forkserver import main; main(81, 83, [], **{})
3009742 S+   python3.12      /home/data4t1/zhangkaijie/conda/envs/qwen38_a2/bin/python3.12 -c from multiprocessing.forkserver import main; main(81, 83, [], **{})
3009773 S+   python3.12      /home/data4t1/zhangkaijie/conda/envs/qwen38_a2/bin/python3.12 -c from multiprocessing.forkserver import main; main(81, 83, [], **{})
3009774 S+   python3.12      /home/data4t1/zhangkaijie/conda/envs/qwen38_a2/bin/python3.12 -c from multiprocessing.forkserver import main; main(81, 83, [], **{})
3009775 S+   python3.12      /home/data4t1/zhangkaijie/conda/envs/qwen38_a2/bin/python3.12 -c from multiprocessing.forkserver import main; main(81, 83, [], **{})
3009776 S+   python3.12      /home/data4t1/zhangkaijie/conda/envs/qwen38_a2/bin/python3.12 -c from multiprocessing.forkserver import main; main(81, 83, [], **{})
3009777 S+   python3.12      /home/data4t1/zhangkaijie/conda/envs/qwen38_a2/bin/python3.12 -c from multiprocessing.forkserver import main; main(81, 83, [], **{})
3009778 S+   python3.12      /home/data4t1/zhangkaijie/conda/envs/qwen38_a2/bin/python3.12 -c from multiprocessing.forkserver import main; main(81, 83, [], **{})
3009779 S+   python3.12      /home/data4t1/zhangkaijie/conda/envs/qwen38_a2/bin/python3.12 -c from multiprocessing.forkserver import main; main(81, 83, [], **{})
3009780 S+   python3.12      /home/data4t1/zhangkaijie/conda/envs/qwen38_a2/bin/python3.12 -c from multiprocessing.forkserver import main; main(81, 83, [], **{})
3020591 Ssl  packagekitd     /usr/libexec/packagekitd
3023505 I<   kworker/u393:9- [kworker/u393:9-dev2_sq_send_wq]
3047264 I    kworker/61:0-mm [kworker/61:0-mm_percpu_wq]
3048602 I    kworker/139:1-m [kworker/139:1-mm_percpu_wq]
3059509 I    kworker/u392:4- [kworker/u392:4-events_unbound]
3065446 I    kworker/137:1-e [kworker/137:1-events]
3071298 I    kworker/70:1-mm [kworker/70:1-mm_percpu_wq]
3073256 I    kworker/157:0-e [kworker/157:0-events]
3074437 I    kworker/165:1-m [kworker/165:1-mm_percpu_wq]
3082280 I    kworker/180:2-e [kworker/180:2-events]
3095577 I    kworker/126:1-e [kworker/126:1-events]
3097765 I    kworker/169:1-e [kworker/169:1-events]
3102633 I    kworker/170:0-m [kworker/170:0-mm_percpu_wq]
3108467 I    kworker/154:0-m [kworker/154:0-mm_percpu_wq]
3113689 SNs  bash            /bin/bash -c source /home/data4t1/hxw/.claude/shell-snapshots/snapshot-bash-1783000914291-uspi4h.sh 2>/dev/null || true && shopt -u extglob 2>/dev/null || true && eval 'chmod +x /home/data4t1/hxw/.claude/jobs/63617213/tmp/wait_attw_finish_and_summarize.sh /home/data4t1/hxw/.claude/jobs/63617213/tmp/wait_attw_finish_and_summarize.sh' < /dev/null && pwd -P >| /tmp/claude-3a88-cwd
3114223 SN   bash            bash /home/data4t1/hxw/.claude/jobs/63617213/tmp/wait_attw_finish_and_summarize.sh
3115700 Ss   sshd            sshd: hxw [priv]
3116044 S    sshd            sshd: hxw@notty
3116282 S    ssh             ssh -x -a -oClearAllForwardings=yes -oServerAliveInterval=15 -oServerAliveCountMax=3 -2 84090_2 -s sftp
3124207 I    kworker/66:2-ev [kworker/66:2-events]
3125735 I    kworker/111:1-m [kworker/111:1-mm_percpu_wq]
3141933 I    kworker/112:2-e [kworker/112:2-events]
3144057 I    kworker/116:0-m [kworker/116:0-mm_percpu_wq]
3148858 I    kworker/133:2-c [kworker/133:2-cgroup_destroy]
3150455 S+   bash            bash /home/data4t2/czhDir/PromptKD/scripts/coop/long_tail_comparison.sh cifar100 longtail 1 0.1
3150467 Sl+  python          /home/data4t1/wangjielei/anaconda3/envs/dassl/bin/python train.py --root /home/data4t2/czhDir/data --seed 1 --trainer CoOpThreeStageCSCTinyViT --dataset-config-file configs/datasets/cifar100_lt_if0.1.yaml --config-file configs/trainers/CoOp/vit_b16_ep130_three_stage_csc_tiny_vit.yaml --output-dir /home/data4t2/czhDir/PromptKD/output/long_tail_three_stage_csc_tiny_vit/5m_1k/cifar100/longtail_if0.1_ltseed0/seed1_npu1 DATASET.NUM_SHOTS -1 DATASET.CIFAR100_LT.IMB_FACTOR 0.1 DATASET.CIFAR100_LT.SEED 0 DATALOADER.TRAIN_X.SAMPLER RandomSampler DATALOADER.TEST.BATCH_SIZE 32 OPTIM.MAX_EPOCH 130 TRAINER.COOP_THREE_STAGE_CSC.CSC_START_EPOCH 55 TRAINER.COOP_THREE_STAGE_CSC.PHASE2_LR 0.001 TRAINER.COOP_THREE_STAGE_CSC.PHASE3_LR 0.01 TRAINER.COOP_THREE_STAGE_CSC.BETA 0.9999 TRAINER.COOP_THREE_STAGE_VIT.VARIANT 5m TRAINER.COOP_THREE_STAGE_VIT.PRETRAINED_TYPE 1k TRAINER.COOP_THREE_STAGE_VIT.STUDENT_LR 0.00005
3152698 R    kworker/u384:1+ [kworker/u384:1+dev4_sq_fair_wq]
3153172 Ssl  xdg-document-po /usr/libexec/xdg-document-portal
3153178 Ssl  xdg-permission- /usr/libexec/xdg-permission-store
3153184 Ss   fusermount3     fusermount3 -o rw,nosuid,nodev,fsname=portal,auto_unmount,subtype=portal -- /run/user/1003/doc
3156348 Sl+  python          /home/data4t1/wangjielei/anaconda3/envs/dassl/bin/python train.py --root /home/data4t2/czhDir/data --seed 1 --trainer CoOpThreeStageCSCTinyViT --dataset-config-file configs/datasets/cifar100_lt_if0.1.yaml --config-file configs/trainers/CoOp/vit_b16_ep130_three_stage_csc_tiny_vit.yaml --output-dir /home/data4t2/czhDir/PromptKD/output/long_tail_three_stage_csc_tiny_vit/5m_1k/cifar100/longtail_if0.1_ltseed0/seed1_npu1 DATASET.NUM_SHOTS -1 DATASET.CIFAR100_LT.IMB_FACTOR 0.1 DATASET.CIFAR100_LT.SEED 0 DATALOADER.TRAIN_X.SAMPLER RandomSampler DATALOADER.TEST.BATCH_SIZE 32 OPTIM.MAX_EPOCH 130 TRAINER.COOP_THREE_STAGE_CSC.CSC_START_EPOCH 55 TRAINER.COOP_THREE_STAGE_CSC.PHASE2_LR 0.001 TRAINER.COOP_THREE_STAGE_CSC.PHASE3_LR 0.01 TRAINER.COOP_THREE_STAGE_CSC.BETA 0.9999 TRAINER.COOP_THREE_STAGE_VIT.VARIANT 5m TRAINER.COOP_THREE_STAGE_VIT.PRETRAINED_TYPE 1k TRAINER.COOP_THREE_STAGE_VIT.STUDENT_LR 0.00005
3156404 S+   python          /home/data4t1/wangjielei/anaconda3/envs/dassl/bin/python -c from multiprocessing.resource_tracker import main;main(27)
3156405 S+   python          /home/data4t1/wangjielei/anaconda3/envs/dassl/bin/python -c from multiprocessing.forkserver import main; main(27, 30, [], **{})
3156412 Sl+  python          /home/data4t1/wangjielei/anaconda3/envs/dassl/bin/python -c from multiprocessing.forkserver import main; main(27, 30, [], **{})
3156413 Sl+  python          /home/data4t1/wangjielei/anaconda3/envs/dassl/bin/python -c from multiprocessing.forkserver import main; main(27, 30, [], **{})
3156414 Sl+  python          /home/data4t1/wangjielei/anaconda3/envs/dassl/bin/python -c from multiprocessing.forkserver import main; main(27, 30, [], **{})
3156415 Sl+  python          /home/data4t1/wangjielei/anaconda3/envs/dassl/bin/python -c from multiprocessing.forkserver import main; main(27, 30, [], **{})
3156416 Sl+  python          /home/data4t1/wangjielei/anaconda3/envs/dassl/bin/python -c from multiprocessing.forkserver import main; main(27, 30, [], **{})
3156417 Sl+  python          /home/data4t1/wangjielei/anaconda3/envs/dassl/bin/python -c from multiprocessing.forkserver import main; main(27, 30, [], **{})
3156418 Sl+  python          /home/data4t1/wangjielei/anaconda3/envs/dassl/bin/python -c from multiprocessing.forkserver import main; main(27, 30, [], **{})
3156419 Sl+  python          /home/data4t1/wangjielei/anaconda3/envs/dassl/bin/python -c from multiprocessing.forkserver import main; main(27, 30, [], **{})
3156420 Sl+  python          /home/data4t1/wangjielei/anaconda3/envs/dassl/bin/python -c from multiprocessing.forkserver import main; main(27, 30, [], **{})
3156437 S    ping            ping -n -W 3000 -c 1 -s 56 a0ai.marscode.cn
3156962 Sl+  python          /home/data4t1/wangjielei/anaconda3/envs/dassl/bin/python -c from multiprocessing.forkserver import main; main(27, 30, [], **{})
3156963 Sl+  python          /home/data4t1/wangjielei/anaconda3/envs/dassl/bin/python -c from multiprocessing.forkserver import main; main(27, 30, [], **{})
3156964 Sl+  python          /home/data4t1/wangjielei/anaconda3/envs/dassl/bin/python -c from multiprocessing.forkserver import main; main(27, 30, [], **{})
3156965 Sl+  python          /home/data4t1/wangjielei/anaconda3/envs/dassl/bin/python -c from multiprocessing.forkserver import main; main(27, 30, [], **{})
3156966 Sl+  python          /home/data4t1/wangjielei/anaconda3/envs/dassl/bin/python -c from multiprocessing.forkserver import main; main(27, 30, [], **{})
3156967 Sl+  python          /home/data4t1/wangjielei/anaconda3/envs/dassl/bin/python -c from multiprocessing.forkserver import main; main(27, 30, [], **{})
3156968 Sl+  python          /home/data4t1/wangjielei/anaconda3/envs/dassl/bin/python -c from multiprocessing.forkserver import main; main(27, 30, [], **{})
3156969 Sl+  python          /home/data4t1/wangjielei/anaconda3/envs/dassl/bin/python -c from multiprocessing.forkserver import main; main(27, 30, [], **{})
3156970 Sl+  python          /home/data4t1/wangjielei/anaconda3/envs/dassl/bin/python -c from multiprocessing.forkserver import main; main(27, 30, [], **{})
3156971 Sl+  python          /home/data4t1/wangjielei/anaconda3/envs/dassl/bin/python -c from multiprocessing.forkserver import main; main(27, 30, [], **{})
3156972 Sl+  python          /home/data4t1/wangjielei/anaconda3/envs/dassl/bin/python -c from multiprocessing.forkserver import main; main(27, 30, [], **{})
3156973 Sl+  python          /home/data4t1/wangjielei/anaconda3/envs/dassl/bin/python -c from multiprocessing.forkserver import main; main(27, 30, [], **{})
3156975 Sl+  python          /home/data4t1/wangjielei/anaconda3/envs/dassl/bin/python -c from multiprocessing.forkserver import main; main(27, 30, [], **{})
3156977 Sl+  python          /home/data4t1/wangjielei/anaconda3/envs/dassl/bin/python -c from multiprocessing.forkserver import main; main(27, 30, [], **{})
3156979 Sl+  python          /home/data4t1/wangjielei/anaconda3/envs/dassl/bin/python -c from multiprocessing.forkserver import main; main(27, 30, [], **{})
3156980 Sl+  python          /home/data4t1/wangjielei/anaconda3/envs/dassl/bin/python -c from multiprocessing.forkserver import main; main(27, 30, [], **{})
3156981 Sl+  python          /home/data4t1/wangjielei/anaconda3/envs/dassl/bin/python -c from multiprocessing.forkserver import main; main(27, 30, [], **{})
3156982 Sl+  python          /home/data4t1/wangjielei/anaconda3/envs/dassl/bin/python -c from multiprocessing.forkserver import main; main(27, 30, [], **{})
3156983 Sl+  python          /home/data4t1/wangjielei/anaconda3/envs/dassl/bin/python -c from multiprocessing.forkserver import main; main(27, 30, [], **{})
3156984 Sl+  python          /home/data4t1/wangjielei/anaconda3/envs/dassl/bin/python -c from multiprocessing.forkserver import main; main(27, 30, [], **{})
3156985 Sl+  python          /home/data4t1/wangjielei/anaconda3/envs/dassl/bin/python -c from multiprocessing.forkserver import main; main(27, 30, [], **{})
3156986 Sl+  python          /home/data4t1/wangjielei/anaconda3/envs/dassl/bin/python -c from multiprocessing.forkserver import main; main(27, 30, [], **{})
3156987 Sl+  python          /home/data4t1/wangjielei/anaconda3/envs/dassl/bin/python -c from multiprocessing.forkserver import main; main(27, 30, [], **{})
3156988 Sl+  python          /home/data4t1/wangjielei/anaconda3/envs/dassl/bin/python -c from multiprocessing.forkserver import main; main(27, 30, [], **{})
3156989 Sl+  python          /home/data4t1/wangjielei/anaconda3/envs/dassl/bin/python -c from multiprocessing.forkserver import main; main(27, 30, [], **{})
3156990 Sl+  python          /home/data4t1/wangjielei/anaconda3/envs/dassl/bin/python -c from multiprocessing.forkserver import main; main(27, 30, [], **{})
3156991 Sl+  python          /home/data4t1/wangjielei/anaconda3/envs/dassl/bin/python -c from multiprocessing.forkserver import main; main(27, 30, [], **{})
3156992 Sl+  python          /home/data4t1/wangjielei/anaconda3/envs/dassl/bin/python -c from multiprocessing.forkserver import main; main(27, 30, [], **{})
3156993 Sl+  python          /home/data4t1/wangjielei/anaconda3/envs/dassl/bin/python -c from multiprocessing.forkserver import main; main(27, 30, [], **{})
3156994 Sl+  python          /home/data4t1/wangjielei/anaconda3/envs/dassl/bin/python -c from multiprocessing.forkserver import main; main(27, 30, [], **{})
3156995 Sl+  python          /home/data4t1/wangjielei/anaconda3/envs/dassl/bin/python -c from multiprocessing.forkserver import main; main(27, 30, [], **{})
3156998 Sl+  python          /home/data4t1/wangjielei/anaconda3/envs/dassl/bin/python -c from multiprocessing.forkserver import main; main(27, 30, [], **{})
3158704 Ssl  sshfs           .tools/sshfs-root/usr/bin/sshfs 84090:/home/adaspace/.hxw/mopd-assets/runs/mathif-composition-final60-20260927t1425z /home/data4t2/hxwDir/hxw_moved/.codex-mopd-control/mathif-composition-final60-20260927t1425z -o ro,reconnect,ServerAliveInterval=15,ServerAliveCountMax=3
3158837 S    ssh             ssh -x -a -oClearAllForwardings=yes -oServerAliveInterval=15 -oServerAliveCountMax=3 -2 84090 -s sftp
3164946 I    kworker/114:1-p [kworker/114:1-pcie_msg_workqueue]
3166463 Ss   systemd         /lib/systemd/systemd --user
3166464 S    (sd-pam)        (sd-pam)
3166473 Ssl  pipewire        /usr/bin/pipewire
3166475 Ssl  pipewire-media- /usr/bin/pipewire-media-session
3166499 Ss   dbus-daemon     /usr/bin/dbus-daemon --session --address=systemd: --nofork --nopidfile --systemd-activation --syslog-only
3168356 I    kworker/113:2-e [kworker/113:2-events]
3170961 Ss   screen          SCREEN
3170962 Ss+  bash            /bin/bash
3178099 I    kworker/u385:0- [kworker/u385:0-events_power_efficient]
3181097 I    kworker/174:0-m [kworker/174:0-mm_percpu_wq]
3182512 T    python3         python3
3191653 I    kworker/39:1-ev [kworker/39:1-events]
3201906 I    kworker/99:1-ev [kworker/99:1-events]
3204868 S    ssh             ssh -x -a -oClearAllForwardings=yes -oServerAliveInterval=15 -oServerAliveCountMax=3 -2 84090_2 -s sftp
3208085 Ss   bash            -bash
3208425 I    kworker/107:2-e [kworker/107:2-events]
3211144 I    kworker/49:1-ev [kworker/49:1-events]
3211149 Ss+  bash            -bash
3212816 R<   kworker/u393:2+ [kworker/u393:2+dev1_sq_send_wq]
3217707 Ss   bash            -bash
3218164 I    kworker/14:2-ev [kworker/14:2-events]
3222509 I    kworker/119:2-m [kworker/119:2-mm_percpu_wq]
3222747 Sl   mihomo          mihomo
3225837 I    kworker/18:1-ev [kworker/18:1-events]
3227942 I    kworker/175:1-e [kworker/175:1-events]
3230422 I    kworker/167:1-e [kworker/167:1-events]
3232664 I    kworker/13:2-ev [kworker/13:2-events]
3242702 R    kworker/u384:8+ [kworker/u384:8+ext4-rsv-conversion]
3243812 Ssl  sshfs           .tools/sshfs-root/usr/bin/sshfs 84090:/home/adaspace/.hxw/mopd-assets/runs/mathif-composition-subset12-20260927t1442z /home/data4t2/hxwDir/hxw_moved/.codex-mopd-control/mathif-composition-subset12-20260927t1442z -o ro,reconnect,ServerAliveInterval=15,ServerAliveCountMax=3
3244105 S    ssh             ssh -x -a -oClearAllForwardings=yes -oServerAliveInterval=15 -oServerAliveCountMax=3 -2 84090 -s sftp
3245315 I    kworker/95:0-mm [kworker/95:0-mm_percpu_wq]
3245728 S+   bash            bash /home/data4t2/czhDir/PromptKD/scripts/coop/long_tail_comparison.sh flowers longtail 1 0.1
3245729 S+   tee             tee -a /home/data4t2/czhDir/PromptKD/output/long_tail_three_stage_csc_tiny_vit_ltkd/5m_1k/alpha1.0_beta8.0_T4.0_warmup20/flowers/longtail_if0.1_ltseed0/seed1_npu1/launcher.log
3245743 Sl+  python          /home/data4t1/wangjielei/anaconda3/envs/dassl/bin/python train.py --root /home/data4t2/hxwDir/data --seed 1 --trainer CoOpThreeStageCSCTinyViTLTKD --dataset-config-file configs/datasets/long_tail/oxford_flowers_lt.yaml --config-file configs/trainers/CoOp/vit_b16_ep130_three_stage_csc_tiny_vit_ltkd.yaml --output-dir /home/data4t2/czhDir/PromptKD/output/long_tail_three_stage_csc_tiny_vit_ltkd/5m_1k/alpha1.0_beta8.0_T4.0_warmup20/flowers/longtail_if0.1_ltseed0/seed1_npu1 DATASET.NUM_SHOTS -1 DATASET.LONG_TAIL.IMB_FACTOR 0.1 DATASET.LONG_TAIL.SEED 0 DATALOADER.TRAIN_X.SAMPLER RandomSampler DATALOADER.TEST.BATCH_SIZE 16 OPTIM.MAX_EPOCH 130 TRAINER.COOP_THREE_STAGE_CSC.CSC_START_EPOCH 55 TRAINER.COOP_THREE_STAGE_CSC.PHASE2_LR 0.001 TRAINER.COOP_THREE_STAGE_CSC.PHASE3_LR 0.01 TRAINER.COOP_THREE_STAGE_CSC.BETA 0.9999 TRAINER.COOP_THREE_STAGE_VIT.VARIANT 5m TRAINER.COOP_THREE_STAGE_VIT.PRETRAINED_TYPE 1k TRAINER.COOP_THREE_STAGE_VIT.STUDENT_LR 0.00005 TRAINER.COOP_THREE_STAGE_CSC_LTKD.ALPHA 1.0 TRAINER.COOP_THREE_STAGE_CSC_LTKD.BETA 8.0 TRAINER.COOP_THREE_STAGE_CSC_LTKD.TEMPERATURE 4.0 TRAINER.COOP_THREE_STAGE_CSC_LTKD.WARMUP 20
3245979 I    kworker/142:0-e [kworker/142:0-events]
3247443 S    ping            ping -n -W 3000 -c 1 -s 56 www.trae.cn
3251361 Sl+  python          /home/data4t1/wangjielei/anaconda3/envs/dassl/bin/python train.py --root /home/data4t2/hxwDir/data --seed 1 --trainer CoOpThreeStageCSCTinyViTLTKD --dataset-config-file configs/datasets/long_tail/oxford_flowers_lt.yaml --config-file configs/trainers/CoOp/vit_b16_ep130_three_stage_csc_tiny_vit_ltkd.yaml --output-dir /home/data4t2/czhDir/PromptKD/output/long_tail_three_stage_csc_tiny_vit_ltkd/5m_1k/alpha1.0_beta8.0_T4.0_warmup20/flowers/longtail_if0.1_ltseed0/seed1_npu1 DATASET.NUM_SHOTS -1 DATASET.LONG_TAIL.IMB_FACTOR 0.1 DATASET.LONG_TAIL.SEED 0 DATALOADER.TRAIN_X.SAMPLER RandomSampler DATALOADER.TEST.BATCH_SIZE 16 OPTIM.MAX_EPOCH 130 TRAINER.COOP_THREE_STAGE_CSC.CSC_START_EPOCH 55 TRAINER.COOP_THREE_STAGE_CSC.PHASE2_LR 0.001 TRAINER.COOP_THREE_STAGE_CSC.PHASE3_LR 0.01 TRAINER.COOP_THREE_STAGE_CSC.BETA 0.9999 TRAINER.COOP_THREE_STAGE_VIT.VARIANT 5m TRAINER.COOP_THREE_STAGE_VIT.PRETRAINED_TYPE 1k TRAINER.COOP_THREE_STAGE_VIT.STUDENT_LR 0.00005 TRAINER.COOP_THREE_STAGE_CSC_LTKD.ALPHA 1.0 TRAINER.COOP_THREE_STAGE_CSC_LTKD.BETA 8.0 TRAINER.COOP_THREE_STAGE_CSC_LTKD.TEMPERATURE 4.0 TRAINER.COOP_THREE_STAGE_CSC_LTKD.WARMUP 20
3251423 S+   python          /home/data4t1/wangjielei/anaconda3/envs/dassl/bin/python -c from multiprocessing.resource_tracker import main;main(27)
3251424 S+   python          /home/data4t1/wangjielei/anaconda3/envs/dassl/bin/python -c from multiprocessing.forkserver import main; main(27, 30, [], **{})
3251438 Sl+  python          /home/data4t1/wangjielei/anaconda3/envs/dassl/bin/python -c from multiprocessing.forkserver import main; main(27, 30, [], **{})
3251440 Sl+  python          /home/data4t1/wangjielei/anaconda3/envs/dassl/bin/python -c from multiprocessing.forkserver import main; main(27, 30, [], **{})
3251444 Sl+  python          /home/data4t1/wangjielei/anaconda3/envs/dassl/bin/python -c from multiprocessing.forkserver import main; main(27, 30, [], **{})
3251445 Sl+  python          /home/data4t1/wangjielei/anaconda3/envs/dassl/bin/python -c from multiprocessing.forkserver import main; main(27, 30, [], **{})
3251446 Sl+  python          /home/data4t1/wangjielei/anaconda3/envs/dassl/bin/python -c from multiprocessing.forkserver import main; main(27, 30, [], **{})
3251448 Sl+  python          /home/data4t1/wangjielei/anaconda3/envs/dassl/bin/python -c from multiprocessing.forkserver import main; main(27, 30, [], **{})
3251452 Sl+  python          /home/data4t1/wangjielei/anaconda3/envs/dassl/bin/python -c from multiprocessing.forkserver import main; main(27, 30, [], **{})
3251454 Sl+  python          /home/data4t1/wangjielei/anaconda3/envs/dassl/bin/python -c from multiprocessing.forkserver import main; main(27, 30, [], **{})
3251455 Sl+  python          /home/data4t1/wangjielei/anaconda3/envs/dassl/bin/python -c from multiprocessing.forkserver import main; main(27, 30, [], **{})
3251616 Sl+  python          /home/data4t1/wangjielei/anaconda3/envs/dassl/bin/python -c from multiprocessing.forkserver import main; main(27, 30, [], **{})
3251619 Sl+  python          /home/data4t1/wangjielei/anaconda3/envs/dassl/bin/python -c from multiprocessing.forkserver import main; main(27, 30, [], **{})
3251620 Sl+  python          /home/data4t1/wangjielei/anaconda3/envs/dassl/bin/python -c from multiprocessing.forkserver import main; main(27, 30, [], **{})
3251621 Sl+  python          /home/data4t1/wangjielei/anaconda3/envs/dassl/bin/python -c from multiprocessing.forkserver import main; main(27, 30, [], **{})
3251622 Sl+  python          /home/data4t1/wangjielei/anaconda3/envs/dassl/bin/python -c from multiprocessing.forkserver import main; main(27, 30, [], **{})
3251623 Sl+  python          /home/data4t1/wangjielei/anaconda3/envs/dassl/bin/python -c from multiprocessing.forkserver import main; main(27, 30, [], **{})
3251624 Sl+  python          /home/data4t1/wangjielei/anaconda3/envs/dassl/bin/python -c from multiprocessing.forkserver import main; main(27, 30, [], **{})
3251625 Sl+  python          /home/data4t1/wangjielei/anaconda3/envs/dassl/bin/python -c from multiprocessing.forkserver import main; main(27, 30, [], **{})
3251628 Sl+  python          /home/data4t1/wangjielei/anaconda3/envs/dassl/bin/python -c from multiprocessing.forkserver import main; main(27, 30, [], **{})
3251629 Sl+  python          /home/data4t1/wangjielei/anaconda3/envs/dassl/bin/python -c from multiprocessing.forkserver import main; main(27, 30, [], **{})
3251630 Sl+  python          /home/data4t1/wangjielei/anaconda3/envs/dassl/bin/python -c from multiprocessing.forkserver import main; main(27, 30, [], **{})
3251633 Sl+  python          /home/data4t1/wangjielei/anaconda3/envs/dassl/bin/python -c from multiprocessing.forkserver import main; main(27, 30, [], **{})
3251635 Sl+  python          /home/data4t1/wangjielei/anaconda3/envs/dassl/bin/python -c from multiprocessing.forkserver import main; main(27, 30, [], **{})
3251639 Sl+  python          /home/data4t1/wangjielei/anaconda3/envs/dassl/bin/python -c from multiprocessing.forkserver import main; main(27, 30, [], **{})
3251646 Sl+  python          /home/data4t1/wangjielei/anaconda3/envs/dassl/bin/python -c from multiprocessing.forkserver import main; main(27, 30, [], **{})
3251647 Sl+  python          /home/data4t1/wangjielei/anaconda3/envs/dassl/bin/python -c from multiprocessing.forkserver import main; main(27, 30, [], **{})
3251649 Sl+  python          /home/data4t1/wangjielei/anaconda3/envs/dassl/bin/python -c from multiprocessing.forkserver import main; main(27, 30, [], **{})
3251650 Sl+  python          /home/data4t1/wangjielei/anaconda3/envs/dassl/bin/python -c from multiprocessing.forkserver import main; main(27, 30, [], **{})
3251651 Sl+  python          /home/data4t1/wangjielei/anaconda3/envs/dassl/bin/python -c from multiprocessing.forkserver import main; main(27, 30, [], **{})
3251652 Sl+  python          /home/data4t1/wangjielei/anaconda3/envs/dassl/bin/python -c from multiprocessing.forkserver import main; main(27, 30, [], **{})
3251653 Sl+  python          /home/data4t1/wangjielei/anaconda3/envs/dassl/bin/python -c from multiprocessing.forkserver import main; main(27, 30, [], **{})
3251654 Sl+  python          /home/data4t1/wangjielei/anaconda3/envs/dassl/bin/python -c from multiprocessing.forkserver import main; main(27, 30, [], **{})
3251655 Sl+  python          /home/data4t1/wangjielei/anaconda3/envs/dassl/bin/python -c from multiprocessing.forkserver import main; main(27, 30, [], **{})
3251656 Sl+  python          /home/data4t1/wangjielei/anaconda3/envs/dassl/bin/python -c from multiprocessing.forkserver import main; main(27, 30, [], **{})
3251657 Sl+  python          /home/data4t1/wangjielei/anaconda3/envs/dassl/bin/python -c from multiprocessing.forkserver import main; main(27, 30, [], **{})
3251658 Sl+  python          /home/data4t1/wangjielei/anaconda3/envs/dassl/bin/python -c from multiprocessing.forkserver import main; main(27, 30, [], **{})
3251659 Sl+  python          /home/data4t1/wangjielei/anaconda3/envs/dassl/bin/python -c from multiprocessing.forkserver import main; main(27, 30, [], **{})
3251660 Sl+  python          /home/data4t1/wangjielei/anaconda3/envs/dassl/bin/python -c from multiprocessing.forkserver import main; main(27, 30, [], **{})
3251661 Sl+  python          /home/data4t1/wangjielei/anaconda3/envs/dassl/bin/python -c from multiprocessing.forkserver import main; main(27, 30, [], **{})
3251664 Sl+  python          /home/data4t1/wangjielei/anaconda3/envs/dassl/bin/python -c from multiprocessing.forkserver import main; main(27, 30, [], **{})
3251666 Sl+  python          /home/data4t1/wangjielei/anaconda3/envs/dassl/bin/python -c from multiprocessing.forkserver import main; main(27, 30, [], **{})
3251672 Sl+  python          /home/data4t1/wangjielei/anaconda3/envs/dassl/bin/python -c from multiprocessing.forkserver import main; main(27, 30, [], **{})
3256419 I    kworker/102:2-m [kworker/102:2-mm_percpu_wq]
3256920 Ss   tmux: server    tmux new -s src
3256930 Ss   bash            -bash
3259730 I    kworker/155:2-e [kworker/155:2-events]
3259754 S+   bash            bash Anaconda3-2025.12-2-Linux-aarch64.sh
3260322 Ss   bash            -bash
3267643 Ss+  bash            -bash
3271100 I    kworker/65:2-ev [kworker/65:2-events]
3277475 I    kworker/110:0-m [kworker/110:0-mm_percpu_wq]
3280459 Ssl  server          /home/data4t1/hxw/.claude/remote/srv/5db5e4a12f88487e47c2c48259b69a2d630bb3f7/server --serve --socket /home/data4t1/hxw/.claude/remote/run/1ff1a5be/rpc.sock --token-file /home/data4t1/hxw/.claude/remote/run/1ff1a5be/token.e5222d0ec866ddd7
3288221 I    kworker/118:2-m [kworker/118:2-mm_percpu_wq]
3295244 I    kworker/117:2-e [kworker/117:2-events]
3298530 S+   nvim            nvim -V1 run.sh
3298531 Ssl  nvim            nvim --embed -V1 run.sh
3301772 I    kworker/74:0-ev [kworker/74:0-events]
3303090 I    kworker/158:3-m [kworker/158:3-mm_percpu_wq]
3309470 I    kworker/125:1-m [kworker/125:1-mm_percpu_wq]
3310069 I    kworker/29:0-ev [kworker/29:0-events]
3312517 I    kworker/184:0-e [kworker/184:0-events]
3323084 I    kworker/u392:0- [kworker/u392:0-events_unbound]
3326869 I    kworker/u387:1- [kworker/u387:1-hclge]
3341930 I    kworker/u389:4- [kworker/u389:4-events_unbound]
3352185 I    kworker/91:2-ev [kworker/91:2-events]
3353616 I    kworker/131:1-e [kworker/131:1-events]
3357105 I    kworker/148:0-e [kworker/148:0-events]
3369545 I<   kworker/u393:8- [kworker/u393:8-dev1_sq_send_wq]
3373327 I    kworker/83:0-mm [kworker/83:0-mm_percpu_wq]
3373799 I    kworker/179:1-e [kworker/179:1-events]
3379022 I    kworker/132:1-m [kworker/132:1-mm_percpu_wq]
3390266 I    kworker/129:0-m [kworker/129:0-mm_percpu_wq]
3394036 I    kworker/144:2-e [kworker/144:2-events]
3403323 I    kworker/26:0-ev [kworker/26:0-events]
3403639 I    kworker/u388:1- [kworker/u388:1-flush-8:0]
3405344 I    kworker/98:1-ev [kworker/98:1-events]
3407829 I    kworker/81:0-ev [kworker/81:0-events]
3407930 I    kworker/178:1-e [kworker/178:1-events]
3419715 I    kworker/133:1-m [kworker/133:1-mm_percpu_wq]
3419921 I    kworker/1:2-mm_ [kworker/1:2-mm_percpu_wq]
3429039 I    kworker/32:2-ev [kworker/32:2-events]
3432481 I    kworker/125:2-e [kworker/125:2-events]
3436877 I    kworker/21:0-cg [kworker/21:0-cgroup_destroy]
3438814 I    kworker/93:0-ev [kworker/93:0-events]
3441259 I    kworker/168:0-e [kworker/168:0-events]
3442496 I    kworker/u384:6- [kworker/u384:6-dev3_sq_fair_wq]
3443978 I    kworker/185:1-m [kworker/185:1-mm_percpu_wq]
3444525 I    kworker/33:1-mm [kworker/33:1-mm_percpu_wq]
3444767 I    kworker/76:0-mm [kworker/76:0-mm_percpu_wq]
3445660 I    kworker/u385:1- [kworker/u385:1-flush-259:1]
3450047 I    kworker/38:1-ev [kworker/38:1-events]
3456605 S+   bash            bash /home/data4t2/czhDir/PromptKD/scripts/coop/long_tail_comparison.sh pets longtail 1 0.1
3456606 S+   tee             tee -a /home/data4t2/czhDir/PromptKD/output/long_tail_three_stage_csc_tiny_vit_ltkd/5m_1k/alpha1.0_beta8.0_T4.0_warmup20/pets/longtail_if0.1_ltseed0/seed1_npu3/launcher.log
3456615 Sl+  python          /home/data4t1/wangjielei/anaconda3/envs/dassl/bin/python train.py --root /home/data4t2/hxwDir/data --seed 1 --trainer CoOpThreeStageCSCTinyViTLTKD --dataset-config-file configs/datasets/long_tail/oxford_pets_lt.yaml --config-file configs/trainers/CoOp/vit_b16_ep130_three_stage_csc_tiny_vit_ltkd.yaml --output-dir /home/data4t2/czhDir/PromptKD/output/long_tail_three_stage_csc_tiny_vit_ltkd/5m_1k/alpha1.0_beta8.0_T4.0_warmup20/pets/longtail_if0.1_ltseed0/seed1_npu3 DATASET.NUM_SHOTS -1 DATASET.LONG_TAIL.IMB_FACTOR 0.1 DATASET.LONG_TAIL.SEED 0 DATALOADER.TRAIN_X.SAMPLER RandomSampler DATALOADER.TEST.BATCH_SIZE 16 OPTIM.MAX_EPOCH 130 TRAINER.COOP_THREE_STAGE_CSC.CSC_START_EPOCH 55 TRAINER.COOP_THREE_STAGE_CSC.PHASE2_LR 0.001 TRAINER.COOP_THREE_STAGE_CSC.PHASE3_LR 0.01 TRAINER.COOP_THREE_STAGE_CSC.BETA 0.9999 TRAINER.COOP_THREE_STAGE_VIT.VARIANT 5m TRAINER.COOP_THREE_STAGE_VIT.PRETRAINED_TYPE 1k TRAINER.COOP_THREE_STAGE_VIT.STUDENT_LR 0.00005 TRAINER.COOP_THREE_STAGE_CSC_LTKD.ALPHA 1.0 TRAINER.COOP_THREE_STAGE_CSC_LTKD.BETA 8.0 TRAINER.COOP_THREE_STAGE_CSC_LTKD.TEMPERATURE 4.0 TRAINER.COOP_THREE_STAGE_CSC_LTKD.WARMUP 20
3460262 I    kworker/72:0-ev [kworker/72:0-events]
3463749 Sl+  python          /home/data4t1/wangjielei/anaconda3/envs/dassl/bin/python train.py --root /home/data4t2/hxwDir/data --seed 1 --trainer CoOpThreeStageCSCTinyViTLTKD --dataset-config-file configs/datasets/long_tail/oxford_pets_lt.yaml --config-file configs/trainers/CoOp/vit_b16_ep130_three_stage_csc_tiny_vit_ltkd.yaml --output-dir /home/data4t2/czhDir/PromptKD/output/long_tail_three_stage_csc_tiny_vit_ltkd/5m_1k/alpha1.0_beta8.0_T4.0_warmup20/pets/longtail_if0.1_ltseed0/seed1_npu3 DATASET.NUM_SHOTS -1 DATASET.LONG_TAIL.IMB_FACTOR 0.1 DATASET.LONG_TAIL.SEED 0 DATALOADER.TRAIN_X.SAMPLER RandomSampler DATALOADER.TEST.BATCH_SIZE 16 OPTIM.MAX_EPOCH 130 TRAINER.COOP_THREE_STAGE_CSC.CSC_START_EPOCH 55 TRAINER.COOP_THREE_STAGE_CSC.PHASE2_LR 0.001 TRAINER.COOP_THREE_STAGE_CSC.PHASE3_LR 0.01 TRAINER.COOP_THREE_STAGE_CSC.BETA 0.9999 TRAINER.COOP_THREE_STAGE_VIT.VARIANT 5m TRAINER.COOP_THREE_STAGE_VIT.PRETRAINED_TYPE 1k TRAINER.COOP_THREE_STAGE_VIT.STUDENT_LR 0.00005 TRAINER.COOP_THREE_STAGE_CSC_LTKD.ALPHA 1.0 TRAINER.COOP_THREE_STAGE_CSC_LTKD.BETA 8.0 TRAINER.COOP_THREE_STAGE_CSC_LTKD.TEMPERATURE 4.0 TRAINER.COOP_THREE_STAGE_CSC_LTKD.WARMUP 20
3463812 S+   python          /home/data4t1/wangjielei/anaconda3/envs/dassl/bin/python -c from multiprocessing.resource_tracker import main;main(27)
3463813 S+   python          /home/data4t1/wangjielei/anaconda3/envs/dassl/bin/python -c from multiprocessing.forkserver import main; main(27, 30, [], **{})
3463854 Sl+  python          /home/data4t1/wangjielei/anaconda3/envs/dassl/bin/python -c from multiprocessing.forkserver import main; main(27, 30, [], **{})
3463855 Sl+  python          /home/data4t1/wangjielei/anaconda3/envs/dassl/bin/python -c from multiprocessing.forkserver import main; main(27, 30, [], **{})
3463856 Sl+  python          /home/data4t1/wangjielei/anaconda3/envs/dassl/bin/python -c from multiprocessing.forkserver import main; main(27, 30, [], **{})
3463859 Sl+  python          /home/data4t1/wangjielei/anaconda3/envs/dassl/bin/python -c from multiprocessing.forkserver import main; main(27, 30, [], **{})
3463861 Sl+  python          /home/data4t1/wangjielei/anaconda3/envs/dassl/bin/python -c from multiprocessing.forkserver import main; main(27, 30, [], **{})
3463865 Sl+  python          /home/data4t1/wangjielei/anaconda3/envs/dassl/bin/python -c from multiprocessing.forkserver import main; main(27, 30, [], **{})
3463866 Sl+  python          /home/data4t1/wangjielei/anaconda3/envs/dassl/bin/python -c from multiprocessing.forkserver import main; main(27, 30, [], **{})
3463867 Sl+  python          /home/data4t1/wangjielei/anaconda3/envs/dassl/bin/python -c from multiprocessing.forkserver import main; main(27, 30, [], **{})
3463869 Sl+  python          /home/data4t1/wangjielei/anaconda3/envs/dassl/bin/python -c from multiprocessing.forkserver import main; main(27, 30, [], **{})
3464399 Sl+  python          /home/data4t1/wangjielei/anaconda3/envs/dassl/bin/python -c from multiprocessing.forkserver import main; main(27, 30, [], **{})
3464400 Sl+  python          /home/data4t1/wangjielei/anaconda3/envs/dassl/bin/python -c from multiprocessing.forkserver import main; main(27, 30, [], **{})
3464401 Sl+  python          /home/data4t1/wangjielei/anaconda3/envs/dassl/bin/python -c from multiprocessing.forkserver import main; main(27, 30, [], **{})
3464402 Sl+  python          /home/data4t1/wangjielei/anaconda3/envs/dassl/bin/python -c from multiprocessing.forkserver import main; main(27, 30, [], **{})
3464403 Sl+  python          /home/data4t1/wangjielei/anaconda3/envs/dassl/bin/python -c from multiprocessing.forkserver import main; main(27, 30, [], **{})
3464404 Sl+  python          /home/data4t1/wangjielei/anaconda3/envs/dassl/bin/python -c from multiprocessing.forkserver import main; main(27, 30, [], **{})
3464405 Sl+  python          /home/data4t1/wangjielei/anaconda3/envs/dassl/bin/python -c from multiprocessing.forkserver import main; main(27, 30, [], **{})
3464406 Sl+  python          /home/data4t1/wangjielei/anaconda3/envs/dassl/bin/python -c from multiprocessing.forkserver import main; main(27, 30, [], **{})
3464407 Sl+  python          /home/data4t1/wangjielei/anaconda3/envs/dassl/bin/python -c from multiprocessing.forkserver import main; main(27, 30, [], **{})
3464408 Sl+  python          /home/data4t1/wangjielei/anaconda3/envs/dassl/bin/python -c from multiprocessing.forkserver import main; main(27, 30, [], **{})
3464409 Sl+  python          /home/data4t1/wangjielei/anaconda3/envs/dassl/bin/python -c from multiprocessing.forkserver import main; main(27, 30, [], **{})
3464410 Sl+  python          /home/data4t1/wangjielei/anaconda3/envs/dassl/bin/python -c from multiprocessing.forkserver import main; main(27, 30, [], **{})
3464411 Sl+  python          /home/data4t1/wangjielei/anaconda3/envs/dassl/bin/python -c from multiprocessing.forkserver import main; main(27, 30, [], **{})
3464412 Sl+  python          /home/data4t1/wangjielei/anaconda3/envs/dassl/bin/python -c from multiprocessing.forkserver import main; main(27, 30, [], **{})
3464413 Sl+  python          /home/data4t1/wangjielei/anaconda3/envs/dassl/bin/python -c from multiprocessing.forkserver import main; main(27, 30, [], **{})
3464414 Sl+  python          /home/data4t1/wangjielei/anaconda3/envs/dassl/bin/python -c from multiprocessing.forkserver import main; main(27, 30, [], **{})
3464415 Sl+  python          /home/data4t1/wangjielei/anaconda3/envs/dassl/bin/python -c from multiprocessing.forkserver import main; main(27, 30, [], **{})
3464416 Sl+  python          /home/data4t1/wangjielei/anaconda3/envs/dassl/bin/python -c from multiprocessing.forkserver import main; main(27, 30, [], **{})
3464417 Sl+  python          /home/data4t1/wangjielei/anaconda3/envs/dassl/bin/python -c from multiprocessing.forkserver import main; main(27, 30, [], **{})
3464418 Sl+  python          /home/data4t1/wangjielei/anaconda3/envs/dassl/bin/python -c from multiprocessing.forkserver import main; main(27, 30, [], **{})
3464419 Sl+  python          /home/data4t1/wangjielei/anaconda3/envs/dassl/bin/python -c from multiprocessing.forkserver import main; main(27, 30, [], **{})
3464420 Sl+  python          /home/data4t1/wangjielei/anaconda3/envs/dassl/bin/python -c from multiprocessing.forkserver import main; main(27, 30, [], **{})
3464421 Sl+  python          /home/data4t1/wangjielei/anaconda3/envs/dassl/bin/python -c from multiprocessing.forkserver import main; main(27, 30, [], **{})
3464422 Sl+  python          /home/data4t1/wangjielei/anaconda3/envs/dassl/bin/python -c from multiprocessing.forkserver import main; main(27, 30, [], **{})
3464423 Sl+  python          /home/data4t1/wangjielei/anaconda3/envs/dassl/bin/python -c from multiprocessing.forkserver import main; main(27, 30, [], **{})
3464424 Sl+  python          /home/data4t1/wangjielei/anaconda3/envs/dassl/bin/python -c from multiprocessing.forkserver import main; main(27, 30, [], **{})
3464425 Sl+  python          /home/data4t1/wangjielei/anaconda3/envs/dassl/bin/python -c from multiprocessing.forkserver import main; main(27, 30, [], **{})
3464426 Sl+  python          /home/data4t1/wangjielei/anaconda3/envs/dassl/bin/python -c from multiprocessing.forkserver import main; main(27, 30, [], **{})
3464427 Sl+  python          /home/data4t1/wangjielei/anaconda3/envs/dassl/bin/python -c from multiprocessing.forkserver import main; main(27, 30, [], **{})
3464428 Sl+  python          /home/data4t1/wangjielei/anaconda3/envs/dassl/bin/python -c from multiprocessing.forkserver import main; main(27, 30, [], **{})
3464429 Sl+  python          /home/data4t1/wangjielei/anaconda3/envs/dassl/bin/python -c from multiprocessing.forkserver import main; main(27, 30, [], **{})
3464430 Sl+  python          /home/data4t1/wangjielei/anaconda3/envs/dassl/bin/python -c from multiprocessing.forkserver import main; main(27, 30, [], **{})
3467441 I    kworker/u385:6- [kworker/u385:6-flush-259:1]
3468520 I    kworker/u385:8- [kworker/u385:8-flush-259:0]
3469007 I    kworker/86:2-mm [kworker/86:2-mm_percpu_wq]
3471014 SNs  tmux: server    tmux -S /home/data4t1/hxw/.claude/jobs/9391153f/tmp/tmux-agent-e03-verify.sock new-session -d -s agent -n work -P -F #{pane_id}
3471294 SNs+ bash            -bash
3471732 I    kworker/u385:9- [kworker/u385:9-flush-8:0]
3475517 I    kworker/166:0-m [kworker/166:0-mm_percpu_wq]
3475662 I    kworker/121:2-c [kworker/121:2-cgroup_destroy]
3477553 I    kworker/68:2-ev [kworker/68:2-events]
3482215 I    kworker/16:2-ev [kworker/16:2-events]
3483810 Ss   screen          SCREEN
3483811 Ss+  bash            /bin/bash
3492776 I    kworker/186:1-m [kworker/186:1-mm_percpu_wq]
3495284 I    kworker/151:0-e [kworker/151:0-events]
3499431 I    kworker/94:0-mm [kworker/94:0-mm_percpu_wq]
3502340 I    kworker/171:2-e [kworker/171:2-events]
3502405 I    kworker/182:0-m [kworker/182:0-mm_percpu_wq]
3503436 I    kworker/156:1-e [kworker/156:1-events]
3504784 I    kworker/162:2-m [kworker/162:2-mm_percpu_wq]
3504815 I    kworker/145:2-m [kworker/145:2-mm_percpu_wq]
3509402 I    kworker/u386:3- [kworker/u386:3-writeback]
3511310 I    kworker/u389:3- [kworker/u389:3-events_unbound]
3512618 Ss   screen          SCREEN -S rsync
3512619 Ss+  bash            /bin/bash
3515048 I    kworker/148:2-e [kworker/148:2-events]
3520618 I    kworker/45:0    [kworker/45:0]
3522718 I    kworker/u384:9- [kworker/u384:9-dev1_sq_fair_wq]
3531993 I    kworker/104:0-m [kworker/104:0-mm_percpu_wq]
3533869 I    kworker/u385:11 [kworker/u385:11-flush-259:0]
3534289 I    kworker/92:2-ev [kworker/92:2-events]
3535465 I    kworker/78:0-ev [kworker/78:0-events]
3535669 I    kworker/88:2-ev [kworker/88:2-events]
3535735 I    kworker/127:1-e [kworker/127:1-events]
3536540 I    kworker/144:1-e [kworker/144:1-events]
3537229 I    kworker/130:0-e [kworker/130:0-events]
3538009 I    kworker/60:2-ev [kworker/60:2-events]
3542784 I    kworker/103:0   [kworker/103:0]
3543422 I    kworker/84:0-mm [kworker/84:0-mm_percpu_wq]
3546408 I    kworker/56:0-mm [kworker/56:0-mm_percpu_wq]
3551711 Ssl  containerd      /usr/bin/containerd
3551971 Ssl  dockerd         /usr/bin/dockerd -H fd:// --containerd=/run/containerd/containerd.sock
3552966 I    kworker/165:2-m [kworker/165:2-mm_percpu_wq]
3555396 I    kworker/55:2-ev [kworker/55:2-events]
3562256 I    kworker/157:2-p [kworker/157:2-pcie_msg_workqueue]
3566156 I    kworker/19:0-ev [kworker/19:0-events]
3567060 I    kworker/189:2-e [kworker/189:2-events]
3568433 I    kworker/150:1-m [kworker/150:1-mm_percpu_wq]
3577248 I    kworker/22:1-mm [kworker/22:1-mm_percpu_wq]
3577972 SNsl rtkit-daemon    /usr/libexec/rtkit-daemon
3577979 Ssl  irqbalance      /usr/sbin/irqbalance --foreground
3577998 SLsl multipathd      /sbin/multipathd -d -s
3578013 Ssl  udisksd         /usr/libexec/udisks2/udisksd
3578024 S    xrdp-sesman     /usr/sbin/xrdp-sesman
3578056 S    xrdp            /usr/sbin/xrdp
3580283 I    kworker/164:0-m [kworker/164:0-mm_percpu_wq]
3583111 I    kworker/128:2-e [kworker/128:2-events]
3583169 Ss   bash            -bash
3607572 Ss   sshd            sshd: lelinfeng [priv]
3607709 I    kworker/30:2-ev [kworker/30:2-events]
3608141 S    sshd            sshd: lelinfeng@notty
3608186 Ssl  codex           codex app-server proxy
3613589 I    kworker/136:2-e [kworker/136:2-events]
3614358 I    kworker/u385:4- [kworker/u385:4-flush-259:0]
3614362 I    kworker/50:0-mm [kworker/50:0-mm_percpu_wq]
3619953 I    kworker/104:3-e [kworker/104:3-events]
3625681 R<   kworker/u393:4+ [kworker/u393:4+dev6_sq_send_wq]
3632030 I    kworker/52:1-mm [kworker/52:1-mm_percpu_wq]
3632379 I    kworker/190:2-m [kworker/190:2-mm_percpu_wq]
3632535 SNs  tmux: server    tmux -S /home/data4t1/hxw/.claude/jobs/9391153f/tmp/tmux-agent-e03-verify-dynamic.sock new-session -d -s agent -n work -P -F #{pane_id}
3632697 SNs+ bash            -bash
3634936 I    kworker/173:2-m [kworker/173:2-mm_percpu_wq]
3637905 I    kworker/178:0-e [kworker/178:0-events]
3641233 I    kworker/71:2-ev [kworker/71:2-events]
3642935 I    kworker/u386:0- [kworker/u386:0-events_unbound]
3647344 I    kworker/106:2-p [kworker/106:2-pcie_msg_workqueue]
3653546 I    kworker/10:2-mm [kworker/10:2-mm_percpu_wq]
3654666 I    kworker/57:0-mm [kworker/57:0-mm_percpu_wq]
3655062 I    kworker/96:0-mm [kworker/96:0-mm_percpu_wq]
3657413 Ss+  bash            /bin/bash --init-file /home/data4t1/wangjielei/.vscode-server/cli/servers/Stable-a44adf7f53e00964ab890f9f8758a334f1fc15bc/server/out/vs/workbench/contrib/terminal/common/scripts/shellIntegration-bash.sh
3661332 I    kworker/51:0-ev [kworker/51:0-events]
3662835 I    kworker/11:1-ev [kworker/11:1-events]
3668263 I    kworker/116:2-e [kworker/116:2-events]
3668553 I    kworker/u384:5- [kworker/u384:5-dev1_sq_fair_wq]
3670017 I    kworker/86:1-mm [kworker/86:1-mm_percpu_wq]
3670104 I    kworker/u391:1- [kworker/u391:1-events_unbound]
3677700 I    kworker/103:2-e [kworker/103:2-events]
3679742 I    kworker/119:0-m [kworker/119:0-mm_percpu_wq]
3681289 I    kworker/82:0-ev [kworker/82:0-events]
3682011 I    kworker/128:1-e [kworker/128:1-events]
3685702 I    kworker/90:2-mm [kworker/90:2-mm_percpu_wq]
3689569 I    kworker/62:1-mm [kworker/62:1-mm_percpu_wq]
3694908 I    kworker/147:2   [kworker/147:2]
3695137 I    kworker/185:0-e [kworker/185:0-events]
3701257 I    kworker/118:0-e [kworker/118:0-events]
3708566 I    kworker/17:0-ev [kworker/17:0-events]
3709155 I    kworker/50:1-pc [kworker/50:1-pcie_msg_workqueue]
3709209 I    kworker/177:0-e [kworker/177:0-events]
3713061 I    kworker/44:0-mm [kworker/44:0-mm_percpu_wq]
3714165 I    kworker/77:2-mm [kworker/77:2-mm_percpu_wq]
3719031 I    kworker/42:2-mm [kworker/42:2-mm_percpu_wq]
3720479 I    kworker/33:2    [kworker/33:2]
3720484 I    kworker/27:2    [kworker/27:2]
3722524 Ss+  bash            -bash
3725008 Ss+  bash            -bash
3728173 I    kworker/87:2-ev [kworker/87:2-events]
3728208 I    kworker/9:1-mm_ [kworker/9:1-mm_percpu_wq]
3728825 I    kworker/160:2-p [kworker/160:2-pcie_msg_workqueue]
3730231 Ss   sshd            sshd: lelinfeng [priv]
3730761 S    sshd            sshd: lelinfeng@notty
3730837 Ssl  token-monitor-c token-monitor-codex-usage
3734675 I    kworker/15:2-ev [kworker/15:2-events]
3735144 I    kworker/110:2-m [kworker/110:2-mm_percpu_wq]
3742995 I    kworker/40:2-mm [kworker/40:2-mm_percpu_wq]
3746392 I    kworker/u387:2- [kworker/u387:2-events_power_efficient]
3748872 I    kworker/85:2-mm [kworker/85:2-mm_percpu_wq]
3749184 I    kworker/120:1-e [kworker/120:1-events]
3749199 I    kworker/140:0-e [kworker/140:0-events]
3753420 I    kworker/163:1-m [kworker/163:1-mm_percpu_wq]
3754093 I    kworker/16:0-ev [kworker/16:0-events]
3755463 I    kworker/102:1-m [kworker/102:1-mm_percpu_wq]
3755565 I    kworker/181:2-m [kworker/181:2-mm_percpu_wq]
3756191 I    kworker/20:0-mm [kworker/20:0-mm_percpu_wq]
3758006 I    kworker/92:0-mm [kworker/92:0-mm_percpu_wq]
3759048 I    kworker/7:1-eve [kworker/7:1-events]
3759931 R<   kworker/u393:5+ [kworker/u393:5+dev5_sq_send_wq]
3765137 I    kworker/70:0-ev [kworker/70:0-events]
3765324 I    kworker/3:2-mm_ [kworker/3:2-mm_percpu_wq]
3767397 I    kworker/111:2-e [kworker/111:2-events]
3773814 I    kworker/8:1-eve [kworker/8:1-events]
3775427 I    kworker/63:0-ev [kworker/63:0-events]
3775767 I    kworker/47:1-ev [kworker/47:1-events]
3778089 I    kworker/153:0-e [kworker/153:0-events]
3779261 I    kworker/97:1-ev [kworker/97:1-events]
3779402 I    kworker/u384:4- [kworker/u384:4-dev0_sq_fair_wq]
3779648 I    kworker/175:2-e [kworker/175:2-events]
3782351 I    kworker/1:1-eve [kworker/1:1-events]
3784343 I    kworker/59:2-mm [kworker/59:2-mm_percpu_wq]
3784491 I    kworker/69:2-mm [kworker/69:2-mm_percpu_wq]
3784936 I    kworker/31:0-mm [kworker/31:0-mm_percpu_wq]
3785945 I    kworker/190:0   [kworker/190:0]
3786013 I    kworker/76:1-mm [kworker/76:1-mm_percpu_wq]
3786460 I    kworker/u385:3- [kworker/u385:3-flush-259:0]
3786717 I    kworker/189:1-e [kworker/189:1-events]
3790326 Sl+  pt_data_worker  /home/data4t1/wangjielei/anaconda3/envs/dassl/bin/python train.py --root /home/data4t2/czhDir/data --seed 1 --trainer CoOpPartCReliabilityCovTinyViT --dataset-config-file configs/datasets/cifar100_lt_if0.1.yaml --config-file configs/trainers/CoOp/vit_b16_ep130_part_c_reliability_cov_tiny_vit.yaml --output-dir /home/data4t2/czhDir/PromptKD/output/part_c_reliability_cov_tiny_vit/5m_1k/cifar100/seed1_if0.1/gated_kappa32_nu8_drift0_cov0.05_min2_eps1e-8 DATASET.NUM_SHOTS -1 DATASET.CIFAR100_LT.IMB_FACTOR 0.1 DATASET.CIFAR100_LT.SEED 0 DATALOADER.TRAIN_X.SAMPLER RandomSampler DATALOADER.TEST.BATCH_SIZE 16 OPTIM.MAX_EPOCH 130 TRAINER.COOP_THREE_STAGE_CSC.CSC_START_EPOCH 55 TRAINER.COOP_THREE_STAGE_CSC.PHASE2_LR 0.001 TRAINER.COOP_THREE_STAGE_CSC.PHASE3_LR 0.01 TRAINER.COOP_THREE_STAGE_CSC.BETA 0.9999 TRAINER.COOP_THREE_STAGE_VIT.VARIANT 5m TRAINER.COOP_THREE_STAGE_VIT.PRETRAINED_TYPE 1k TRAINER.COOP_THREE_STAGE_VIT.STUDENT_LR 0.00005 TRAINER.COOP_PART_C.MODE gated TRAINER.COOP_PART_C.KAPPA 32.000000000000 TRAINER.COOP_PART_C_RELIABILITY.PRIOR_STRENGTH 8.000000000000 TRAINER.COOP_PART_C_RELIABILITY.EPS 1.000000000000e-08 TRAINER.COOP_PART_C_RELIABILITY.DRIFT_WEIGHT 0.000000000000 TRAINER.COOP_THREE_STAGE_CSC_RELATIVE_COV.WEIGHT 5.000000000000e-02 TRAINER.COOP_THREE_STAGE_CSC_RELATIVE_COV.MIN_SAMPLES 2 TRAINER.COOP_THREE_STAGE_CSC_RELATIVE_COV.EPS 1.000000000000e-08
3790360 Sl+  pt_data_worker  /home/data4t1/wangjielei/anaconda3/envs/dassl/bin/python train.py --root /home/data4t2/czhDir/data --seed 1 --trainer CoOpPartCReliabilityCovTinyViT --dataset-config-file configs/datasets/cifar100_lt_if0.1.yaml --config-file configs/trainers/CoOp/vit_b16_ep130_part_c_reliability_cov_tiny_vit.yaml --output-dir /home/data4t2/czhDir/PromptKD/output/part_c_reliability_cov_tiny_vit/5m_1k/cifar100/seed1_if0.1/gated_kappa32_nu8_drift0_cov0.05_min2_eps1e-8 DATASET.NUM_SHOTS -1 DATASET.CIFAR100_LT.IMB_FACTOR 0.1 DATASET.CIFAR100_LT.SEED 0 DATALOADER.TRAIN_X.SAMPLER RandomSampler DATALOADER.TEST.BATCH_SIZE 16 OPTIM.MAX_EPOCH 130 TRAINER.COOP_THREE_STAGE_CSC.CSC_START_EPOCH 55 TRAINER.COOP_THREE_STAGE_CSC.PHASE2_LR 0.001 TRAINER.COOP_THREE_STAGE_CSC.PHASE3_LR 0.01 TRAINER.COOP_THREE_STAGE_CSC.BETA 0.9999 TRAINER.COOP_THREE_STAGE_VIT.VARIANT 5m TRAINER.COOP_THREE_STAGE_VIT.PRETRAINED_TYPE 1k TRAINER.COOP_THREE_STAGE_VIT.STUDENT_LR 0.00005 TRAINER.COOP_PART_C.MODE gated TRAINER.COOP_PART_C.KAPPA 32.000000000000 TRAINER.COOP_PART_C_RELIABILITY.PRIOR_STRENGTH 8.000000000000 TRAINER.COOP_PART_C_RELIABILITY.EPS 1.000000000000e-08 TRAINER.COOP_PART_C_RELIABILITY.DRIFT_WEIGHT 0.000000000000 TRAINER.COOP_THREE_STAGE_CSC_RELATIVE_COV.WEIGHT 5.000000000000e-02 TRAINER.COOP_THREE_STAGE_CSC_RELATIVE_COV.MIN_SAMPLES 2 TRAINER.COOP_THREE_STAGE_CSC_RELATIVE_COV.EPS 1.000000000000e-08
3790439 Sl+  pt_data_worker  /home/data4t1/wangjielei/anaconda3/envs/dassl/bin/python train.py --root /home/data4t2/czhDir/data --seed 1 --trainer CoOpPartCReliabilityCovTinyViT --dataset-config-file configs/datasets/cifar100_lt_if0.1.yaml --config-file configs/trainers/CoOp/vit_b16_ep130_part_c_reliability_cov_tiny_vit.yaml --output-dir /home/data4t2/czhDir/PromptKD/output/part_c_reliability_cov_tiny_vit/5m_1k/cifar100/seed1_if0.1/gated_kappa32_nu8_drift0_cov0.05_min2_eps1e-8 DATASET.NUM_SHOTS -1 DATASET.CIFAR100_LT.IMB_FACTOR 0.1 DATASET.CIFAR100_LT.SEED 0 DATALOADER.TRAIN_X.SAMPLER RandomSampler DATALOADER.TEST.BATCH_SIZE 16 OPTIM.MAX_EPOCH 130 TRAINER.COOP_THREE_STAGE_CSC.CSC_START_EPOCH 55 TRAINER.COOP_THREE_STAGE_CSC.PHASE2_LR 0.001 TRAINER.COOP_THREE_STAGE_CSC.PHASE3_LR 0.01 TRAINER.COOP_THREE_STAGE_CSC.BETA 0.9999 TRAINER.COOP_THREE_STAGE_VIT.VARIANT 5m TRAINER.COOP_THREE_STAGE_VIT.PRETRAINED_TYPE 1k TRAINER.COOP_THREE_STAGE_VIT.STUDENT_LR 0.00005 TRAINER.COOP_PART_C.MODE gated TRAINER.COOP_PART_C.KAPPA 32.000000000000 TRAINER.COOP_PART_C_RELIABILITY.PRIOR_STRENGTH 8.000000000000 TRAINER.COOP_PART_C_RELIABILITY.EPS 1.000000000000e-08 TRAINER.COOP_PART_C_RELIABILITY.DRIFT_WEIGHT 0.000000000000 TRAINER.COOP_THREE_STAGE_CSC_RELATIVE_COV.WEIGHT 5.000000000000e-02 TRAINER.COOP_THREE_STAGE_CSC_RELATIVE_COV.MIN_SAMPLES 2 TRAINER.COOP_THREE_STAGE_CSC_RELATIVE_COV.EPS 1.000000000000e-08
3790486 Sl+  pt_data_worker  /home/data4t1/wangjielei/anaconda3/envs/dassl/bin/python train.py --root /home/data4t2/czhDir/data --seed 1 --trainer CoOpPartCReliabilityCovTinyViT --dataset-config-file configs/datasets/cifar100_lt_if0.1.yaml --config-file configs/trainers/CoOp/vit_b16_ep130_part_c_reliability_cov_tiny_vit.yaml --output-dir /home/data4t2/czhDir/PromptKD/output/part_c_reliability_cov_tiny_vit/5m_1k/cifar100/seed1_if0.1/gated_kappa32_nu8_drift0_cov0.05_min2_eps1e-8 DATASET.NUM_SHOTS -1 DATASET.CIFAR100_LT.IMB_FACTOR 0.1 DATASET.CIFAR100_LT.SEED 0 DATALOADER.TRAIN_X.SAMPLER RandomSampler DATALOADER.TEST.BATCH_SIZE 16 OPTIM.MAX_EPOCH 130 TRAINER.COOP_THREE_STAGE_CSC.CSC_START_EPOCH 55 TRAINER.COOP_THREE_STAGE_CSC.PHASE2_LR 0.001 TRAINER.COOP_THREE_STAGE_CSC.PHASE3_LR 0.01 TRAINER.COOP_THREE_STAGE_CSC.BETA 0.9999 TRAINER.COOP_THREE_STAGE_VIT.VARIANT 5m TRAINER.COOP_THREE_STAGE_VIT.PRETRAINED_TYPE 1k TRAINER.COOP_THREE_STAGE_VIT.STUDENT_LR 0.00005 TRAINER.COOP_PART_C.MODE gated TRAINER.COOP_PART_C.KAPPA 32.000000000000 TRAINER.COOP_PART_C_RELIABILITY.PRIOR_STRENGTH 8.000000000000 TRAINER.COOP_PART_C_RELIABILITY.EPS 1.000000000000e-08 TRAINER.COOP_PART_C_RELIABILITY.DRIFT_WEIGHT 0.000000000000 TRAINER.COOP_THREE_STAGE_CSC_RELATIVE_COV.WEIGHT 5.000000000000e-02 TRAINER.COOP_THREE_STAGE_CSC_RELATIVE_COV.MIN_SAMPLES 2 TRAINER.COOP_THREE_STAGE_CSC_RELATIVE_COV.EPS 1.000000000000e-08
3790532 Sl+  pt_data_worker  /home/data4t1/wangjielei/anaconda3/envs/dassl/bin/python train.py --root /home/data4t2/czhDir/data --seed 1 --trainer CoOpPartCReliabilityCovTinyViT --dataset-config-file configs/datasets/cifar100_lt_if0.1.yaml --config-file configs/trainers/CoOp/vit_b16_ep130_part_c_reliability_cov_tiny_vit.yaml --output-dir /home/data4t2/czhDir/PromptKD/output/part_c_reliability_cov_tiny_vit/5m_1k/cifar100/seed1_if0.1/gated_kappa32_nu8_drift0_cov0.05_min2_eps1e-8 DATASET.NUM_SHOTS -1 DATASET.CIFAR100_LT.IMB_FACTOR 0.1 DATASET.CIFAR100_LT.SEED 0 DATALOADER.TRAIN_X.SAMPLER RandomSampler DATALOADER.TEST.BATCH_SIZE 16 OPTIM.MAX_EPOCH 130 TRAINER.COOP_THREE_STAGE_CSC.CSC_START_EPOCH 55 TRAINER.COOP_THREE_STAGE_CSC.PHASE2_LR 0.001 TRAINER.COOP_THREE_STAGE_CSC.PHASE3_LR 0.01 TRAINER.COOP_THREE_STAGE_CSC.BETA 0.9999 TRAINER.COOP_THREE_STAGE_VIT.VARIANT 5m TRAINER.COOP_THREE_STAGE_VIT.PRETRAINED_TYPE 1k TRAINER.COOP_THREE_STAGE_VIT.STUDENT_LR 0.00005 TRAINER.COOP_PART_C.MODE gated TRAINER.COOP_PART_C.KAPPA 32.000000000000 TRAINER.COOP_PART_C_RELIABILITY.PRIOR_STRENGTH 8.000000000000 TRAINER.COOP_PART_C_RELIABILITY.EPS 1.000000000000e-08 TRAINER.COOP_PART_C_RELIABILITY.DRIFT_WEIGHT 0.000000000000 TRAINER.COOP_THREE_STAGE_CSC_RELATIVE_COV.WEIGHT 5.000000000000e-02 TRAINER.COOP_THREE_STAGE_CSC_RELATIVE_COV.MIN_SAMPLES 2 TRAINER.COOP_THREE_STAGE_CSC_RELATIVE_COV.EPS 1.000000000000e-08
3790581 Sl+  pt_data_worker  /home/data4t1/wangjielei/anaconda3/envs/dassl/bin/python train.py --root /home/data4t2/czhDir/data --seed 1 --trainer CoOpPartCReliabilityCovTinyViT --dataset-config-file configs/datasets/cifar100_lt_if0.1.yaml --config-file configs/trainers/CoOp/vit_b16_ep130_part_c_reliability_cov_tiny_vit.yaml --output-dir /home/data4t2/czhDir/PromptKD/output/part_c_reliability_cov_tiny_vit/5m_1k/cifar100/seed1_if0.1/gated_kappa32_nu8_drift0_cov0.05_min2_eps1e-8 DATASET.NUM_SHOTS -1 DATASET.CIFAR100_LT.IMB_FACTOR 0.1 DATASET.CIFAR100_LT.SEED 0 DATALOADER.TRAIN_X.SAMPLER RandomSampler DATALOADER.TEST.BATCH_SIZE 16 OPTIM.MAX_EPOCH 130 TRAINER.COOP_THREE_STAGE_CSC.CSC_START_EPOCH 55 TRAINER.COOP_THREE_STAGE_CSC.PHASE2_LR 0.001 TRAINER.COOP_THREE_STAGE_CSC.PHASE3_LR 0.01 TRAINER.COOP_THREE_STAGE_CSC.BETA 0.9999 TRAINER.COOP_THREE_STAGE_VIT.VARIANT 5m TRAINER.COOP_THREE_STAGE_VIT.PRETRAINED_TYPE 1k TRAINER.COOP_THREE_STAGE_VIT.STUDENT_LR 0.00005 TRAINER.COOP_PART_C.MODE gated TRAINER.COOP_PART_C.KAPPA 32.000000000000 TRAINER.COOP_PART_C_RELIABILITY.PRIOR_STRENGTH 8.000000000000 TRAINER.COOP_PART_C_RELIABILITY.EPS 1.000000000000e-08 TRAINER.COOP_PART_C_RELIABILITY.DRIFT_WEIGHT 0.000000000000 TRAINER.COOP_THREE_STAGE_CSC_RELATIVE_COV.WEIGHT 5.000000000000e-02 TRAINER.COOP_THREE_STAGE_CSC_RELATIVE_COV.MIN_SAMPLES 2 TRAINER.COOP_THREE_STAGE_CSC_RELATIVE_COV.EPS 1.000000000000e-08
3790612 Sl+  pt_data_worker  /home/data4t1/wangjielei/anaconda3/envs/dassl/bin/python train.py --root /home/data4t2/czhDir/data --seed 1 --trainer CoOpPartCReliabilityCovTinyViT --dataset-config-file configs/datasets/cifar100_lt_if0.1.yaml --config-file configs/trainers/CoOp/vit_b16_ep130_part_c_reliability_cov_tiny_vit.yaml --output-dir /home/data4t2/czhDir/PromptKD/output/part_c_reliability_cov_tiny_vit/5m_1k/cifar100/seed1_if0.1/gated_kappa32_nu8_drift0_cov0.05_min2_eps1e-8 DATASET.NUM_SHOTS -1 DATASET.CIFAR100_LT.IMB_FACTOR 0.1 DATASET.CIFAR100_LT.SEED 0 DATALOADER.TRAIN_X.SAMPLER RandomSampler DATALOADER.TEST.BATCH_SIZE 16 OPTIM.MAX_EPOCH 130 TRAINER.COOP_THREE_STAGE_CSC.CSC_START_EPOCH 55 TRAINER.COOP_THREE_STAGE_CSC.PHASE2_LR 0.001 TRAINER.COOP_THREE_STAGE_CSC.PHASE3_LR 0.01 TRAINER.COOP_THREE_STAGE_CSC.BETA 0.9999 TRAINER.COOP_THREE_STAGE_VIT.VARIANT 5m TRAINER.COOP_THREE_STAGE_VIT.PRETRAINED_TYPE 1k TRAINER.COOP_THREE_STAGE_VIT.STUDENT_LR 0.00005 TRAINER.COOP_PART_C.MODE gated TRAINER.COOP_PART_C.KAPPA 32.000000000000 TRAINER.COOP_PART_C_RELIABILITY.PRIOR_STRENGTH 8.000000000000 TRAINER.COOP_PART_C_RELIABILITY.EPS 1.000000000000e-08 TRAINER.COOP_PART_C_RELIABILITY.DRIFT_WEIGHT 0.000000000000 TRAINER.COOP_THREE_STAGE_CSC_RELATIVE_COV.WEIGHT 5.000000000000e-02 TRAINER.COOP_THREE_STAGE_CSC_RELATIVE_COV.MIN_SAMPLES 2 TRAINER.COOP_THREE_STAGE_CSC_RELATIVE_COV.EPS 1.000000000000e-08
3790645 Rl+  pt_data_worker  /home/data4t1/wangjielei/anaconda3/envs/dassl/bin/python train.py --root /home/data4t2/czhDir/data --seed 1 --trainer CoOpPartCReliabilityCovTinyViT --dataset-config-file configs/datasets/cifar100_lt_if0.1.yaml --config-file configs/trainers/CoOp/vit_b16_ep130_part_c_reliability_cov_tiny_vit.yaml --output-dir /home/data4t2/czhDir/PromptKD/output/part_c_reliability_cov_tiny_vit/5m_1k/cifar100/seed1_if0.1/gated_kappa32_nu8_drift0_cov0.05_min2_eps1e-8 DATASET.NUM_SHOTS -1 DATASET.CIFAR100_LT.IMB_FACTOR 0.1 DATASET.CIFAR100_LT.SEED 0 DATALOADER.TRAIN_X.SAMPLER RandomSampler DATALOADER.TEST.BATCH_SIZE 16 OPTIM.MAX_EPOCH 130 TRAINER.COOP_THREE_STAGE_CSC.CSC_START_EPOCH 55 TRAINER.COOP_THREE_STAGE_CSC.PHASE2_LR 0.001 TRAINER.COOP_THREE_STAGE_CSC.PHASE3_LR 0.01 TRAINER.COOP_THREE_STAGE_CSC.BETA 0.9999 TRAINER.COOP_THREE_STAGE_VIT.VARIANT 5m TRAINER.COOP_THREE_STAGE_VIT.PRETRAINED_TYPE 1k TRAINER.COOP_THREE_STAGE_VIT.STUDENT_LR 0.00005 TRAINER.COOP_PART_C.MODE gated TRAINER.COOP_PART_C.KAPPA 32.000000000000 TRAINER.COOP_PART_C_RELIABILITY.PRIOR_STRENGTH 8.000000000000 TRAINER.COOP_PART_C_RELIABILITY.EPS 1.000000000000e-08 TRAINER.COOP_PART_C_RELIABILITY.DRIFT_WEIGHT 0.000000000000 TRAINER.COOP_THREE_STAGE_CSC_RELATIVE_COV.WEIGHT 5.000000000000e-02 TRAINER.COOP_THREE_STAGE_CSC_RELATIVE_COV.MIN_SAMPLES 2 TRAINER.COOP_THREE_STAGE_CSC_RELATIVE_COV.EPS 1.000000000000e-08
3790910 I    kworker/11:2-ev [kworker/11:2-events]
3795810 I    kworker/187:1-e [kworker/187:1-events]
3796697 I    kworker/67:1-mm [kworker/67:1-mm_percpu_wq]
3798510 I    kworker/188:1-m [kworker/188:1-mm_percpu_wq]
3799574 I    kworker/173:1   [kworker/173:1]
3803957 I    kworker/u391:3- [kworker/u391:3-writeback]
3807283 I    kworker/93:2-mm [kworker/93:2-mm_percpu_wq]
3808524 I    kworker/82:1-mm [kworker/82:1-mm_percpu_wq]
3809196 I    kworker/78:2-mm [kworker/78:2-mm_percpu_wq]
3810261 I    kworker/107:0-m [kworker/107:0-mm_percpu_wq]
3811947 I    kworker/171:1-m [kworker/171:1-mm_percpu_wq]
3813505 I    kworker/61:1-ev [kworker/61:1-events]
3815721 I    kworker/4:0-eve [kworker/4:0-events]
3815796 I    kworker/23:2-ev [kworker/23:2-events]
3821918 I    kworker/99:2-ev [kworker/99:2-events]
3822127 I    kworker/101:2-m [kworker/101:2-mm_percpu_wq]
3822922 I    kworker/14:1-mm [kworker/14:1-mm_percpu_wq]
3823005 I    kworker/6:2-eve [kworker/6:2-events]
3826585 I    kworker/u392:2- [kworker/u392:2-events_unbound]
3826868 I    kworker/112:0-m [kworker/112:0-mm_percpu_wq]
3827611 I    kworker/140:2-m [kworker/140:2-mm_percpu_wq]
3832014 I    kworker/48:1-ev [kworker/48:1-events]
3832636 Ss+  bash            -bash
3832796 I    kworker/0:2-pci [kworker/0:2-pcie_msg_workqueue]
3833015 I    kworker/u390:0- [kworker/u390:0-events_unbound]
3833528 I    kworker/191:1-e [kworker/191:1-events]
3834144 Ss   bash            -bash
3834311 Ss+  bash            /bin/bash --init-file /home/data4t1/wangjielei/.vscode-server/cli/servers/Stable-a44adf7f53e00964ab890f9f8758a334f1fc15bc/server/out/vs/workbench/contrib/terminal/common/scripts/shellIntegration-bash.sh
3834322 Ss   bash            -bash
3835211 I    kworker/64:1-ev [kworker/64:1-events]
3835615 I    kworker/12:0-ev [kworker/12:0-events]
3837408 I    kworker/35:2-mm [kworker/35:2-mm_percpu_wq]
3838590 S+   python3.11      /home/data4t1/hxw/anaconda3/envs/opd/bin/python3.11 -u /home/data4t1/hxw/.hxw/inference.py --target-npus 4 --npu-ids 4 5 6 7 --model /home/data4t2/models/Qwen3-4B
3841833 I    kworker/5:1-eve [kworker/5:1-events]
3845011 I    kworker/7:2-eve [kworker/7:2-events]
3845682 I    kworker/u389:0- [kworker/u389:0-writeback]
3847249 I    kworker/72:2-ev [kworker/72:2-events]
3847355 I    kworker/65:1-ev [kworker/65:1-events]
3848756 I    kworker/149:2-e [kworker/149:2-events]
3852660 I    kworker/180:0-e [kworker/180:0-events]
3853353 I    kworker/34:0-mm [kworker/34:0-mm_percpu_wq]
3854047 I    kworker/130:3-e [kworker/130:3-events]
3854048 I    kworker/u390:3- [kworker/u390:3-writeback]
3854562 I    kworker/13:0-ev [kworker/13:0-events]
3856793 I    kworker/u385:2- [kworker/u385:2-flush-259:1]
3857171 I    kworker/17:2-ev [kworker/17:2-events]
3857299 I    kworker/51:1-ev [kworker/51:1-events]
3857622 I    kworker/3:1-eve [kworker/3:1-events]
3857642 I    kworker/30:0-mm [kworker/30:0-mm_percpu_wq]
3859084 I    kworker/21:1-ev [kworker/21:1-events]
3860603 Ss+  bash            -bash
3861317 I    kworker/156:0   [kworker/156:0]
3862505 I    kworker/u384:3- [kworker/u384:3-dev1_sq_fair_wq]
3862515 I    kworker/41:2-mm [kworker/41:2-mm_percpu_wq]
3862703 I    kworker/174:2-e [kworker/174:2-events]
3864873 I    kworker/90:1-mm [kworker/90:1-mm_percpu_wq]
3867041 I    kworker/83:1-mm [kworker/83:1-mm_percpu_wq]
3869372 I    kworker/56:1-ev [kworker/56:1-events]
3870104 I    kworker/151:2   [kworker/151:2]
3871719 I    kworker/45:2-ev [kworker/45:2-events]
3873374 I    kworker/84:1-ev [kworker/84:1-events]
3873405 I    kworker/u388:0- [kworker/u388:0-writeback]
3873489 I    kworker/168:1-e [kworker/168:1-events]
3874563 I    kworker/28:0-ev [kworker/28:0-events]
3875752 I    kworker/u386:1- [kworker/u386:1-flush-8:0]
3876958 I    kworker/105:2-e [kworker/105:2-events]
3878851 I    kworker/26:1-ev [kworker/26:1-events]
3880201 I    kworker/8:2-eve [kworker/8:2-events]
3880527 I    kworker/54:0-ev [kworker/54:0-events]
3881394 I    kworker/113:0-m [kworker/113:0-mm_percpu_wq]
3882382 I    kworker/u392:3- [kworker/u392:3-events_unbound]
3883184 I    kworker/98:0-ev [kworker/98:0-events]
3883781 I    kworker/100:1-e [kworker/100:1-events]
3884129 I    kworker/25:2-mm [kworker/25:2-mm_percpu_wq]
3885606 I    kworker/u387:0- [kworker/u387:0-hclge]
3886787 I    kworker/106:0-p [kworker/106:0-pcie_msg_workqueue]
3888019 I    kworker/89:1-mm [kworker/89:1-mm_percpu_wq]
3888406 I    kworker/169:2-e [kworker/169:2-events]
3888680 I    kworker/u391:0- [kworker/u391:0-events_unbound]
3888716 I    kworker/183:0-m [kworker/183:0-mm_percpu_wq]
3888846 I    kworker/81:1-ev [kworker/81:1-events]
3889448 I    kworker/u386:2- [kworker/u386:2-events_unbound]
3890926 I    kworker/9:2-eve [kworker/9:2-events]
3891786 I    kworker/36:2-mm [kworker/36:2-mm_percpu_wq]
3891796 I    kworker/24:2-ev [kworker/24:2-events]
3892044 I    kworker/46:1-ev [kworker/46:1-events]
3892787 I    kworker/109:0-e [kworker/109:0-events]
3892892 I    kworker/79:2-ev [kworker/79:2-events]
3893697 I    kworker/4:2-eve [kworker/4:2-events]
3895343 I    kworker/77:1-mm [kworker/77:1-mm_percpu_wq]
3898264 I    kworker/0:0-pci [kworker/0:0-pcie_msg_workqueue]
3899165 I    kworker/6:1-eve [kworker/6:1-events]
3900890 I    kworker/74:2-ev [kworker/74:2-events]
3902962 I    kworker/18:0-mm [kworker/18:0-mm_percpu_wq]
3906876 I    kworker/37:2-ev [kworker/37:2-events]
3908082 I    kworker/94:2-mm [kworker/94:2-mm_percpu_wq]
3908359 I    kworker/5:0-eve [kworker/5:0-events]
3910804 I    kworker/10:0-pc [kworker/10:0-pcie_msg_workqueue]
3910970 I    kworker/172:0-e [kworker/172:0-events]
3913608 Ssl  codex           codex app-server proxy
3913612 Ss   systemd         /lib/systemd/systemd --user
3913613 S    (sd-pam)        (sd-pam)
3913666 Ssl  pipewire        /usr/bin/pipewire
3913668 Ssl  pipewire-media- /usr/bin/pipewire-media-session
3913694 Ss   dbus-daemon     /usr/bin/dbus-daemon --session --address=systemd: --nofork --nopidfile --systemd-activation --syslog-only
3914347 I    kworker/u387:4- [kworker/u387:4-hclge]
3914774 I    kworker/23:0-ev [kworker/23:0-events]
3914927 I    kworker/22:0-ev [kworker/22:0-events]
3917771 I    kworker/55:0-ev [kworker/55:0-events]
3919663 I    kworker/170:1-e [kworker/170:1-events]
3920485 S+   python          /home/data4t2/hxwDir/hxw_moved/conda_envs/opd/bin/python -m tools.visual_opd.rollout_browser.server
3921642 I    kworker/117:1-e [kworker/117:1-events]
3922894 I    kworker/95:2-mm [kworker/95:2-mm_percpu_wq]
3923461 I    kworker/88:1-mm [kworker/88:1-mm_percpu_wq]
3924021 I    kworker/27:1-mm [kworker/27:1-mm_percpu_wq]
3925693 I    kworker/15:1-ev [kworker/15:1-events]
3926131 I    kworker/115:1-e [kworker/115:1-events]
3926148 I    kworker/114:0-m [kworker/114:0-mm_percpu_wq]
3926208 I    kworker/108:2-m [kworker/108:2-mm_percpu_wq]
3926674 I    kworker/73:2-ev [kworker/73:2-events]
3928382 I    kworker/29:2-ev [kworker/29:2-events]
3929247 I    kworker/87:1-mm [kworker/87:1-mm_percpu_wq]
3930817 I    kworker/91:1-mm [kworker/91:1-mm_percpu_wq]
3931322 I    kworker/58:1-ev [kworker/58:1-events]
3932296 I    kworker/176:2-e [kworker/176:2-events]
3933137 I    kworker/181:0-e [kworker/181:0-events]
3933460 I    kworker/75:2-ev [kworker/75:2-events]
3934122 I    kworker/19:2-mm [kworker/19:2-mm_percpu_wq]
3934229 I    kworker/2:2-mm_ [kworker/2:2-mm_percpu_wq]
3934285 I    kworker/20:1-mm [kworker/20:1-mm_percpu_wq]
3934753 I    kworker/53:2-ev [kworker/53:2-events]
3935839 I    kworker/u389:1- [kworker/u389:1-flush-8:0]
3936088 Sl+  pt_data_worker  /home/data4t1/wangjielei/anaconda3/envs/dassl/bin/python train.py --root /home/data4t2/hxwDir/data --seed 1 --trainer CoOpThreeStageCSCTinyViTLTKD --dataset-config-file configs/datasets/long_tail/eurosat_lt.yaml --config-file configs/trainers/CoOp/vit_b16_ep130_three_stage_csc_tiny_vit_ltkd.yaml --output-dir /home/data4t2/czhDir/PromptKD/output/long_tail_three_stage_csc_tiny_vit_ltkd/5m_1k/alpha1.0_beta8.0_T4.0_warmup20/eurosat/longtail_if0.1_ltseed0/seed1_npu2 DATASET.NUM_SHOTS -1 DATASET.LONG_TAIL.IMB_FACTOR 0.1 DATASET.LONG_TAIL.SEED 0 DATALOADER.TRAIN_X.SAMPLER RandomSampler DATALOADER.TEST.BATCH_SIZE 16 OPTIM.MAX_EPOCH 130 TRAINER.COOP_THREE_STAGE_CSC.CSC_START_EPOCH 55 TRAINER.COOP_THREE_STAGE_CSC.PHASE2_LR 0.001 TRAINER.COOP_THREE_STAGE_CSC.PHASE3_LR 0.01 TRAINER.COOP_THREE_STAGE_CSC.BETA 0.9999 TRAINER.COOP_THREE_STAGE_VIT.VARIANT 5m TRAINER.COOP_THREE_STAGE_VIT.PRETRAINED_TYPE 1k TRAINER.COOP_THREE_STAGE_VIT.STUDENT_LR 0.00005 TRAINER.COOP_THREE_STAGE_CSC_LTKD.ALPHA 1.0 TRAINER.COOP_THREE_STAGE_CSC_LTKD.BETA 8.0 TRAINER.COOP_THREE_STAGE_CSC_LTKD.TEMPERATURE 4.0 TRAINER.COOP_THREE_STAGE_CSC_LTKD.WARMUP 20
3936143 Sl+  pt_data_worker  /home/data4t1/wangjielei/anaconda3/envs/dassl/bin/python train.py --root /home/data4t2/hxwDir/data --seed 1 --trainer CoOpThreeStageCSCTinyViTLTKD --dataset-config-file configs/datasets/long_tail/eurosat_lt.yaml --config-file configs/trainers/CoOp/vit_b16_ep130_three_stage_csc_tiny_vit_ltkd.yaml --output-dir /home/data4t2/czhDir/PromptKD/output/long_tail_three_stage_csc_tiny_vit_ltkd/5m_1k/alpha1.0_beta8.0_T4.0_warmup20/eurosat/longtail_if0.1_ltseed0/seed1_npu2 DATASET.NUM_SHOTS -1 DATASET.LONG_TAIL.IMB_FACTOR 0.1 DATASET.LONG_TAIL.SEED 0 DATALOADER.TRAIN_X.SAMPLER RandomSampler DATALOADER.TEST.BATCH_SIZE 16 OPTIM.MAX_EPOCH 130 TRAINER.COOP_THREE_STAGE_CSC.CSC_START_EPOCH 55 TRAINER.COOP_THREE_STAGE_CSC.PHASE2_LR 0.001 TRAINER.COOP_THREE_STAGE_CSC.PHASE3_LR 0.01 TRAINER.COOP_THREE_STAGE_CSC.BETA 0.9999 TRAINER.COOP_THREE_STAGE_VIT.VARIANT 5m TRAINER.COOP_THREE_STAGE_VIT.PRETRAINED_TYPE 1k TRAINER.COOP_THREE_STAGE_VIT.STUDENT_LR 0.00005 TRAINER.COOP_THREE_STAGE_CSC_LTKD.ALPHA 1.0 TRAINER.COOP_THREE_STAGE_CSC_LTKD.BETA 8.0 TRAINER.COOP_THREE_STAGE_CSC_LTKD.TEMPERATURE 4.0 TRAINER.COOP_THREE_STAGE_CSC_LTKD.WARMUP 20
3936191 Sl+  pt_data_worker  /home/data4t1/wangjielei/anaconda3/envs/dassl/bin/python train.py --root /home/data4t2/hxwDir/data --seed 1 --trainer CoOpThreeStageCSCTinyViTLTKD --dataset-config-file configs/datasets/long_tail/eurosat_lt.yaml --config-file configs/trainers/CoOp/vit_b16_ep130_three_stage_csc_tiny_vit_ltkd.yaml --output-dir /home/data4t2/czhDir/PromptKD/output/long_tail_three_stage_csc_tiny_vit_ltkd/5m_1k/alpha1.0_beta8.0_T4.0_warmup20/eurosat/longtail_if0.1_ltseed0/seed1_npu2 DATASET.NUM_SHOTS -1 DATASET.LONG_TAIL.IMB_FACTOR 0.1 DATASET.LONG_TAIL.SEED 0 DATALOADER.TRAIN_X.SAMPLER RandomSampler DATALOADER.TEST.BATCH_SIZE 16 OPTIM.MAX_EPOCH 130 TRAINER.COOP_THREE_STAGE_CSC.CSC_START_EPOCH 55 TRAINER.COOP_THREE_STAGE_CSC.PHASE2_LR 0.001 TRAINER.COOP_THREE_STAGE_CSC.PHASE3_LR 0.01 TRAINER.COOP_THREE_STAGE_CSC.BETA 0.9999 TRAINER.COOP_THREE_STAGE_VIT.VARIANT 5m TRAINER.COOP_THREE_STAGE_VIT.PRETRAINED_TYPE 1k TRAINER.COOP_THREE_STAGE_VIT.STUDENT_LR 0.00005 TRAINER.COOP_THREE_STAGE_CSC_LTKD.ALPHA 1.0 TRAINER.COOP_THREE_STAGE_CSC_LTKD.BETA 8.0 TRAINER.COOP_THREE_STAGE_CSC_LTKD.TEMPERATURE 4.0 TRAINER.COOP_THREE_STAGE_CSC_LTKD.WARMUP 20
3936214 Sl+  pt_data_worker  /home/data4t1/wangjielei/anaconda3/envs/dassl/bin/python train.py --root /home/data4t2/hxwDir/data --seed 1 --trainer CoOpThreeStageCSCTinyViTLTKD --dataset-config-file configs/datasets/long_tail/eurosat_lt.yaml --config-file configs/trainers/CoOp/vit_b16_ep130_three_stage_csc_tiny_vit_ltkd.yaml --output-dir /home/data4t2/czhDir/PromptKD/output/long_tail_three_stage_csc_tiny_vit_ltkd/5m_1k/alpha1.0_beta8.0_T4.0_warmup20/eurosat/longtail_if0.1_ltseed0/seed1_npu2 DATASET.NUM_SHOTS -1 DATASET.LONG_TAIL.IMB_FACTOR 0.1 DATASET.LONG_TAIL.SEED 0 DATALOADER.TRAIN_X.SAMPLER RandomSampler DATALOADER.TEST.BATCH_SIZE 16 OPTIM.MAX_EPOCH 130 TRAINER.COOP_THREE_STAGE_CSC.CSC_START_EPOCH 55 TRAINER.COOP_THREE_STAGE_CSC.PHASE2_LR 0.001 TRAINER.COOP_THREE_STAGE_CSC.PHASE3_LR 0.01 TRAINER.COOP_THREE_STAGE_CSC.BETA 0.9999 TRAINER.COOP_THREE_STAGE_VIT.VARIANT 5m TRAINER.COOP_THREE_STAGE_VIT.PRETRAINED_TYPE 1k TRAINER.COOP_THREE_STAGE_VIT.STUDENT_LR 0.00005 TRAINER.COOP_THREE_STAGE_CSC_LTKD.ALPHA 1.0 TRAINER.COOP_THREE_STAGE_CSC_LTKD.BETA 8.0 TRAINER.COOP_THREE_STAGE_CSC_LTKD.TEMPERATURE 4.0 TRAINER.COOP_THREE_STAGE_CSC_LTKD.WARMUP 20
3936256 Sl+  pt_data_worker  /home/data4t1/wangjielei/anaconda3/envs/dassl/bin/python train.py --root /home/data4t2/hxwDir/data --seed 1 --trainer CoOpThreeStageCSCTinyViTLTKD --dataset-config-file configs/datasets/long_tail/eurosat_lt.yaml --config-file configs/trainers/CoOp/vit_b16_ep130_three_stage_csc_tiny_vit_ltkd.yaml --output-dir /home/data4t2/czhDir/PromptKD/output/long_tail_three_stage_csc_tiny_vit_ltkd/5m_1k/alpha1.0_beta8.0_T4.0_warmup20/eurosat/longtail_if0.1_ltseed0/seed1_npu2 DATASET.NUM_SHOTS -1 DATASET.LONG_TAIL.IMB_FACTOR 0.1 DATASET.LONG_TAIL.SEED 0 DATALOADER.TRAIN_X.SAMPLER RandomSampler DATALOADER.TEST.BATCH_SIZE 16 OPTIM.MAX_EPOCH 130 TRAINER.COOP_THREE_STAGE_CSC.CSC_START_EPOCH 55 TRAINER.COOP_THREE_STAGE_CSC.PHASE2_LR 0.001 TRAINER.COOP_THREE_STAGE_CSC.PHASE3_LR 0.01 TRAINER.COOP_THREE_STAGE_CSC.BETA 0.9999 TRAINER.COOP_THREE_STAGE_VIT.VARIANT 5m TRAINER.COOP_THREE_STAGE_VIT.PRETRAINED_TYPE 1k TRAINER.COOP_THREE_STAGE_VIT.STUDENT_LR 0.00005 TRAINER.COOP_THREE_STAGE_CSC_LTKD.ALPHA 1.0 TRAINER.COOP_THREE_STAGE_CSC_LTKD.BETA 8.0 TRAINER.COOP_THREE_STAGE_CSC_LTKD.TEMPERATURE 4.0 TRAINER.COOP_THREE_STAGE_CSC_LTKD.WARMUP 20
3936321 Sl+  pt_data_worker  /home/data4t1/wangjielei/anaconda3/envs/dassl/bin/python train.py --root /home/data4t2/hxwDir/data --seed 1 --trainer CoOpThreeStageCSCTinyViTLTKD --dataset-config-file configs/datasets/long_tail/eurosat_lt.yaml --config-file configs/trainers/CoOp/vit_b16_ep130_three_stage_csc_tiny_vit_ltkd.yaml --output-dir /home/data4t2/czhDir/PromptKD/output/long_tail_three_stage_csc_tiny_vit_ltkd/5m_1k/alpha1.0_beta8.0_T4.0_warmup20/eurosat/longtail_if0.1_ltseed0/seed1_npu2 DATASET.NUM_SHOTS -1 DATASET.LONG_TAIL.IMB_FACTOR 0.1 DATASET.LONG_TAIL.SEED 0 DATALOADER.TRAIN_X.SAMPLER RandomSampler DATALOADER.TEST.BATCH_SIZE 16 OPTIM.MAX_EPOCH 130 TRAINER.COOP_THREE_STAGE_CSC.CSC_START_EPOCH 55 TRAINER.COOP_THREE_STAGE_CSC.PHASE2_LR 0.001 TRAINER.COOP_THREE_STAGE_CSC.PHASE3_LR 0.01 TRAINER.COOP_THREE_STAGE_CSC.BETA 0.9999 TRAINER.COOP_THREE_STAGE_VIT.VARIANT 5m TRAINER.COOP_THREE_STAGE_VIT.PRETRAINED_TYPE 1k TRAINER.COOP_THREE_STAGE_VIT.STUDENT_LR 0.00005 TRAINER.COOP_THREE_STAGE_CSC_LTKD.ALPHA 1.0 TRAINER.COOP_THREE_STAGE_CSC_LTKD.BETA 8.0 TRAINER.COOP_THREE_STAGE_CSC_LTKD.TEMPERATURE 4.0 TRAINER.COOP_THREE_STAGE_CSC_LTKD.WARMUP 20
3936375 Sl+  pt_data_worker  /home/data4t1/wangjielei/anaconda3/envs/dassl/bin/python train.py --root /home/data4t2/hxwDir/data --seed 1 --trainer CoOpThreeStageCSCTinyViTLTKD --dataset-config-file configs/datasets/long_tail/eurosat_lt.yaml --config-file configs/trainers/CoOp/vit_b16_ep130_three_stage_csc_tiny_vit_ltkd.yaml --output-dir /home/data4t2/czhDir/PromptKD/output/long_tail_three_stage_csc_tiny_vit_ltkd/5m_1k/alpha1.0_beta8.0_T4.0_warmup20/eurosat/longtail_if0.1_ltseed0/seed1_npu2 DATASET.NUM_SHOTS -1 DATASET.LONG_TAIL.IMB_FACTOR 0.1 DATASET.LONG_TAIL.SEED 0 DATALOADER.TRAIN_X.SAMPLER RandomSampler DATALOADER.TEST.BATCH_SIZE 16 OPTIM.MAX_EPOCH 130 TRAINER.COOP_THREE_STAGE_CSC.CSC_START_EPOCH 55 TRAINER.COOP_THREE_STAGE_CSC.PHASE2_LR 0.001 TRAINER.COOP_THREE_STAGE_CSC.PHASE3_LR 0.01 TRAINER.COOP_THREE_STAGE_CSC.BETA 0.9999 TRAINER.COOP_THREE_STAGE_VIT.VARIANT 5m TRAINER.COOP_THREE_STAGE_VIT.PRETRAINED_TYPE 1k TRAINER.COOP_THREE_STAGE_VIT.STUDENT_LR 0.00005 TRAINER.COOP_THREE_STAGE_CSC_LTKD.ALPHA 1.0 TRAINER.COOP_THREE_STAGE_CSC_LTKD.BETA 8.0 TRAINER.COOP_THREE_STAGE_CSC_LTKD.TEMPERATURE 4.0 TRAINER.COOP_THREE_STAGE_CSC_LTKD.WARMUP 20
3936424 Sl+  pt_data_worker  /home/data4t1/wangjielei/anaconda3/envs/dassl/bin/python train.py --root /home/data4t2/hxwDir/data --seed 1 --trainer CoOpThreeStageCSCTinyViTLTKD --dataset-config-file configs/datasets/long_tail/eurosat_lt.yaml --config-file configs/trainers/CoOp/vit_b16_ep130_three_stage_csc_tiny_vit_ltkd.yaml --output-dir /home/data4t2/czhDir/PromptKD/output/long_tail_three_stage_csc_tiny_vit_ltkd/5m_1k/alpha1.0_beta8.0_T4.0_warmup20/eurosat/longtail_if0.1_ltseed0/seed1_npu2 DATASET.NUM_SHOTS -1 DATASET.LONG_TAIL.IMB_FACTOR 0.1 DATASET.LONG_TAIL.SEED 0 DATALOADER.TRAIN_X.SAMPLER RandomSampler DATALOADER.TEST.BATCH_SIZE 16 OPTIM.MAX_EPOCH 130 TRAINER.COOP_THREE_STAGE_CSC.CSC_START_EPOCH 55 TRAINER.COOP_THREE_STAGE_CSC.PHASE2_LR 0.001 TRAINER.COOP_THREE_STAGE_CSC.PHASE3_LR 0.01 TRAINER.COOP_THREE_STAGE_CSC.BETA 0.9999 TRAINER.COOP_THREE_STAGE_VIT.VARIANT 5m TRAINER.COOP_THREE_STAGE_VIT.PRETRAINED_TYPE 1k TRAINER.COOP_THREE_STAGE_VIT.STUDENT_LR 0.00005 TRAINER.COOP_THREE_STAGE_CSC_LTKD.ALPHA 1.0 TRAINER.COOP_THREE_STAGE_CSC_LTKD.BETA 8.0 TRAINER.COOP_THREE_STAGE_CSC_LTKD.TEMPERATURE 4.0 TRAINER.COOP_THREE_STAGE_CSC_LTKD.WARMUP 20
3936582 I    kworker/85:1-mm [kworker/85:1-mm_percpu_wq]
3939689 I    kworker/184:2-m [kworker/184:2-mm_percpu_wq]
3939729 I    kworker/80:2-ev [kworker/80:2-events]
3940999 I    kworker/34:1-ev [kworker/34:1-events]
3942876 I    kworker/84:2-ev [kworker/84:2-events]
3944041 I    kworker/97:0-mm [kworker/97:0-mm_percpu_wq]
3945353 I    kworker/3:0-mm_ [kworker/3:0-mm_percpu_wq]
3945485 Ss   sshd            sshd: lelinfeng [priv]
3945690 S    sshd            sshd: lelinfeng
3946704 I    kworker/76:2-ev [kworker/76:2-events]
3948016 I    kworker/107:1-e [kworker/107:1-events]
3948357 I    kworker/100:0-e [kworker/100:0-events]
3948648 I    kworker/111:0-e [kworker/111:0-events]
3948768 Rl   python3         /home/data4t1/zhouxinyu/anaconda3/envs/dynam3d/bin/python3 -c from multiprocessing.spawn import spawn_main; spawn_main(tracker_fd=28, pipe_handle=96) --multiprocessing-fork
3949305 I    kworker/180:1-m [kworker/180:1-mm_percpu_wq]
3950243 I    kworker/139:2-e [kworker/139:2-events]
3950994 I    kworker/72:1-mm [kworker/72:1-mm_percpu_wq]
3951089 I    kworker/93:1-ev [kworker/93:1-events]
3952727 I    kworker/u386:4- [kworker/u386:4-flush-8:0]
3952729 I    kworker/u386:5  [kworker/u386:5]
3952945 I    kworker/116:1-e [kworker/116:1-events]
3953014 I    kworker/128:0-e [kworker/128:0-events]
3953036 I    kworker/142:1-m [kworker/142:1-mm_percpu_wq]
3953059 I    kworker/54:1-ev [kworker/54:1-events]
3953866 I    kworker/39:0-ev [kworker/39:0-events]
3953892 I    kworker/82:2-ev [kworker/82:2-events]
3953896 I    kworker/138:2-e [kworker/138:2-events]
3954404 I    kworker/25:1-mm [kworker/25:1-mm_percpu_wq]
3954742 I    kworker/92:1-mm [kworker/92:1-mm_percpu_wq]
3955091 I    kworker/u385:5- [kworker/u385:5-flush-8:0]
3955095 I    kworker/125:0-e [kworker/125:0-events]
3955709 I    kworker/153:1-e [kworker/153:1-events]
3956265 I    kworker/126:0-e [kworker/126:0-events]
3956719 I    kworker/78:1-ev [kworker/78:1-events]
3956940 I    kworker/130:1-e [kworker/130:1-events]
3957122 I    kworker/79:1-mm [kworker/79:1-mm_percpu_wq]
3958364 I    kworker/16:1-ev [kworker/16:1-events]
3958403 I    kworker/186:0-e [kworker/186:0-events]
3958549 I    kworker/106:1-p [kworker/106:1-pcie_msg_workqueue]
3958747 I    kworker/81:2-mm [kworker/81:2-mm_percpu_wq]
3959195 I    kworker/120:2-m [kworker/120:2-mm_percpu_wq]
3961514 I    kworker/141:1-m [kworker/141:1-mm_percpu_wq]
3961675 I    kworker/50:2-pc [kworker/50:2-pcie_msg_workqueue]
3962019 Sl+  pt_data_worker  /home/data4t1/wangjielei/anaconda3/envs/dassl/bin/python train.py --root /home/data4t2/czhDir/data --seed 1 --trainer CoOpThreeStageCSCTinyViTLTKD --dataset-config-file configs/datasets/long_tail/nwpu_resisc45_lt.yaml --config-file configs/trainers/CoOp/vit_b16_ep130_three_stage_csc_tiny_vit_ltkd.yaml --output-dir /home/data4t2/czhDir/PromptKD/output/long_tail_three_stage_csc_tiny_vit_ltkd/5m_1k/alpha1.0_beta8.0_T4.0_warmup20/resisc45/longtail_if0.1_ltseed0/seed1_npu7 DATASET.NUM_SHOTS -1 DATASET.LONG_TAIL.IMB_FACTOR 0.1 DATASET.LONG_TAIL.SEED 0 DATALOADER.TRAIN_X.SAMPLER RandomSampler DATALOADER.TEST.BATCH_SIZE 16 OPTIM.MAX_EPOCH 130 TRAINER.COOP_THREE_STAGE_CSC.CSC_START_EPOCH 55 TRAINER.COOP_THREE_STAGE_CSC.PHASE2_LR 0.001 TRAINER.COOP_THREE_STAGE_CSC.PHASE3_LR 0.01 TRAINER.COOP_THREE_STAGE_CSC.BETA 0.9999 TRAINER.COOP_THREE_STAGE_VIT.VARIANT 5m TRAINER.COOP_THREE_STAGE_VIT.PRETRAINED_TYPE 1k TRAINER.COOP_THREE_STAGE_VIT.STUDENT_LR 0.00005 TRAINER.COOP_THREE_STAGE_CSC_LTKD.ALPHA 1.0 TRAINER.COOP_THREE_STAGE_CSC_LTKD.BETA 8.0 TRAINER.COOP_THREE_STAGE_CSC_LTKD.TEMPERATURE 4.0 TRAINER.COOP_THREE_STAGE_CSC_LTKD.WARMUP 20
3962081 Sl+  pt_data_worker  /home/data4t1/wangjielei/anaconda3/envs/dassl/bin/python train.py --root /home/data4t2/czhDir/data --seed 1 --trainer CoOpThreeStageCSCTinyViTLTKD --dataset-config-file configs/datasets/long_tail/nwpu_resisc45_lt.yaml --config-file configs/trainers/CoOp/vit_b16_ep130_three_stage_csc_tiny_vit_ltkd.yaml --output-dir /home/data4t2/czhDir/PromptKD/output/long_tail_three_stage_csc_tiny_vit_ltkd/5m_1k/alpha1.0_beta8.0_T4.0_warmup20/resisc45/longtail_if0.1_ltseed0/seed1_npu7 DATASET.NUM_SHOTS -1 DATASET.LONG_TAIL.IMB_FACTOR 0.1 DATASET.LONG_TAIL.SEED 0 DATALOADER.TRAIN_X.SAMPLER RandomSampler DATALOADER.TEST.BATCH_SIZE 16 OPTIM.MAX_EPOCH 130 TRAINER.COOP_THREE_STAGE_CSC.CSC_START_EPOCH 55 TRAINER.COOP_THREE_STAGE_CSC.PHASE2_LR 0.001 TRAINER.COOP_THREE_STAGE_CSC.PHASE3_LR 0.01 TRAINER.COOP_THREE_STAGE_CSC.BETA 0.9999 TRAINER.COOP_THREE_STAGE_VIT.VARIANT 5m TRAINER.COOP_THREE_STAGE_VIT.PRETRAINED_TYPE 1k TRAINER.COOP_THREE_STAGE_VIT.STUDENT_LR 0.00005 TRAINER.COOP_THREE_STAGE_CSC_LTKD.ALPHA 1.0 TRAINER.COOP_THREE_STAGE_CSC_LTKD.BETA 8.0 TRAINER.COOP_THREE_STAGE_CSC_LTKD.TEMPERATURE 4.0 TRAINER.COOP_THREE_STAGE_CSC_LTKD.WARMUP 20
3962147 Sl+  pt_data_worker  /home/data4t1/wangjielei/anaconda3/envs/dassl/bin/python train.py --root /home/data4t2/czhDir/data --seed 1 --trainer CoOpThreeStageCSCTinyViTLTKD --dataset-config-file configs/datasets/long_tail/nwpu_resisc45_lt.yaml --config-file configs/trainers/CoOp/vit_b16_ep130_three_stage_csc_tiny_vit_ltkd.yaml --output-dir /home/data4t2/czhDir/PromptKD/output/long_tail_three_stage_csc_tiny_vit_ltkd/5m_1k/alpha1.0_beta8.0_T4.0_warmup20/resisc45/longtail_if0.1_ltseed0/seed1_npu7 DATASET.NUM_SHOTS -1 DATASET.LONG_TAIL.IMB_FACTOR 0.1 DATASET.LONG_TAIL.SEED 0 DATALOADER.TRAIN_X.SAMPLER RandomSampler DATALOADER.TEST.BATCH_SIZE 16 OPTIM.MAX_EPOCH 130 TRAINER.COOP_THREE_STAGE_CSC.CSC_START_EPOCH 55 TRAINER.COOP_THREE_STAGE_CSC.PHASE2_LR 0.001 TRAINER.COOP_THREE_STAGE_CSC.PHASE3_LR 0.01 TRAINER.COOP_THREE_STAGE_CSC.BETA 0.9999 TRAINER.COOP_THREE_STAGE_VIT.VARIANT 5m TRAINER.COOP_THREE_STAGE_VIT.PRETRAINED_TYPE 1k TRAINER.COOP_THREE_STAGE_VIT.STUDENT_LR 0.00005 TRAINER.COOP_THREE_STAGE_CSC_LTKD.ALPHA 1.0 TRAINER.COOP_THREE_STAGE_CSC_LTKD.BETA 8.0 TRAINER.COOP_THREE_STAGE_CSC_LTKD.TEMPERATURE 4.0 TRAINER.COOP_THREE_STAGE_CSC_LTKD.WARMUP 20
3962170 Sl+  pt_data_worker  /home/data4t1/wangjielei/anaconda3/envs/dassl/bin/python train.py --root /home/data4t2/czhDir/data --seed 1 --trainer CoOpThreeStageCSCTinyViTLTKD --dataset-config-file configs/datasets/long_tail/nwpu_resisc45_lt.yaml --config-file configs/trainers/CoOp/vit_b16_ep130_three_stage_csc_tiny_vit_ltkd.yaml --output-dir /home/data4t2/czhDir/PromptKD/output/long_tail_three_stage_csc_tiny_vit_ltkd/5m_1k/alpha1.0_beta8.0_T4.0_warmup20/resisc45/longtail_if0.1_ltseed0/seed1_npu7 DATASET.NUM_SHOTS -1 DATASET.LONG_TAIL.IMB_FACTOR 0.1 DATASET.LONG_TAIL.SEED 0 DATALOADER.TRAIN_X.SAMPLER RandomSampler DATALOADER.TEST.BATCH_SIZE 16 OPTIM.MAX_EPOCH 130 TRAINER.COOP_THREE_STAGE_CSC.CSC_START_EPOCH 55 TRAINER.COOP_THREE_STAGE_CSC.PHASE2_LR 0.001 TRAINER.COOP_THREE_STAGE_CSC.PHASE3_LR 0.01 TRAINER.COOP_THREE_STAGE_CSC.BETA 0.9999 TRAINER.COOP_THREE_STAGE_VIT.VARIANT 5m TRAINER.COOP_THREE_STAGE_VIT.PRETRAINED_TYPE 1k TRAINER.COOP_THREE_STAGE_VIT.STUDENT_LR 0.00005 TRAINER.COOP_THREE_STAGE_CSC_LTKD.ALPHA 1.0 TRAINER.COOP_THREE_STAGE_CSC_LTKD.BETA 8.0 TRAINER.COOP_THREE_STAGE_CSC_LTKD.TEMPERATURE 4.0 TRAINER.COOP_THREE_STAGE_CSC_LTKD.WARMUP 20
3962258 Sl+  pt_data_worker  /home/data4t1/wangjielei/anaconda3/envs/dassl/bin/python train.py --root /home/data4t2/czhDir/data --seed 1 --trainer CoOpThreeStageCSCTinyViTLTKD --dataset-config-file configs/datasets/long_tail/nwpu_resisc45_lt.yaml --config-file configs/trainers/CoOp/vit_b16_ep130_three_stage_csc_tiny_vit_ltkd.yaml --output-dir /home/data4t2/czhDir/PromptKD/output/long_tail_three_stage_csc_tiny_vit_ltkd/5m_1k/alpha1.0_beta8.0_T4.0_warmup20/resisc45/longtail_if0.1_ltseed0/seed1_npu7 DATASET.NUM_SHOTS -1 DATASET.LONG_TAIL.IMB_FACTOR 0.1 DATASET.LONG_TAIL.SEED 0 DATALOADER.TRAIN_X.SAMPLER RandomSampler DATALOADER.TEST.BATCH_SIZE 16 OPTIM.MAX_EPOCH 130 TRAINER.COOP_THREE_STAGE_CSC.CSC_START_EPOCH 55 TRAINER.COOP_THREE_STAGE_CSC.PHASE2_LR 0.001 TRAINER.COOP_THREE_STAGE_CSC.PHASE3_LR 0.01 TRAINER.COOP_THREE_STAGE_CSC.BETA 0.9999 TRAINER.COOP_THREE_STAGE_VIT.VARIANT 5m TRAINER.COOP_THREE_STAGE_VIT.PRETRAINED_TYPE 1k TRAINER.COOP_THREE_STAGE_VIT.STUDENT_LR 0.00005 TRAINER.COOP_THREE_STAGE_CSC_LTKD.ALPHA 1.0 TRAINER.COOP_THREE_STAGE_CSC_LTKD.BETA 8.0 TRAINER.COOP_THREE_STAGE_CSC_LTKD.TEMPERATURE 4.0 TRAINER.COOP_THREE_STAGE_CSC_LTKD.WARMUP 20
3962298 Sl+  pt_data_worker  /home/data4t1/wangjielei/anaconda3/envs/dassl/bin/python train.py --root /home/data4t2/czhDir/data --seed 1 --trainer CoOpThreeStageCSCTinyViTLTKD --dataset-config-file configs/datasets/long_tail/nwpu_resisc45_lt.yaml --config-file configs/trainers/CoOp/vit_b16_ep130_three_stage_csc_tiny_vit_ltkd.yaml --output-dir /home/data4t2/czhDir/PromptKD/output/long_tail_three_stage_csc_tiny_vit_ltkd/5m_1k/alpha1.0_beta8.0_T4.0_warmup20/resisc45/longtail_if0.1_ltseed0/seed1_npu7 DATASET.NUM_SHOTS -1 DATASET.LONG_TAIL.IMB_FACTOR 0.1 DATASET.LONG_TAIL.SEED 0 DATALOADER.TRAIN_X.SAMPLER RandomSampler DATALOADER.TEST.BATCH_SIZE 16 OPTIM.MAX_EPOCH 130 TRAINER.COOP_THREE_STAGE_CSC.CSC_START_EPOCH 55 TRAINER.COOP_THREE_STAGE_CSC.PHASE2_LR 0.001 TRAINER.COOP_THREE_STAGE_CSC.PHASE3_LR 0.01 TRAINER.COOP_THREE_STAGE_CSC.BETA 0.9999 TRAINER.COOP_THREE_STAGE_VIT.VARIANT 5m TRAINER.COOP_THREE_STAGE_VIT.PRETRAINED_TYPE 1k TRAINER.COOP_THREE_STAGE_VIT.STUDENT_LR 0.00005 TRAINER.COOP_THREE_STAGE_CSC_LTKD.ALPHA 1.0 TRAINER.COOP_THREE_STAGE_CSC_LTKD.BETA 8.0 TRAINER.COOP_THREE_STAGE_CSC_LTKD.TEMPERATURE 4.0 TRAINER.COOP_THREE_STAGE_CSC_LTKD.WARMUP 20
3962380 Sl+  pt_data_worker  /home/data4t1/wangjielei/anaconda3/envs/dassl/bin/python train.py --root /home/data4t2/czhDir/data --seed 1 --trainer CoOpThreeStageCSCTinyViTLTKD --dataset-config-file configs/datasets/long_tail/nwpu_resisc45_lt.yaml --config-file configs/trainers/CoOp/vit_b16_ep130_three_stage_csc_tiny_vit_ltkd.yaml --output-dir /home/data4t2/czhDir/PromptKD/output/long_tail_three_stage_csc_tiny_vit_ltkd/5m_1k/alpha1.0_beta8.0_T4.0_warmup20/resisc45/longtail_if0.1_ltseed0/seed1_npu7 DATASET.NUM_SHOTS -1 DATASET.LONG_TAIL.IMB_FACTOR 0.1 DATASET.LONG_TAIL.SEED 0 DATALOADER.TRAIN_X.SAMPLER RandomSampler DATALOADER.TEST.BATCH_SIZE 16 OPTIM.MAX_EPOCH 130 TRAINER.COOP_THREE_STAGE_CSC.CSC_START_EPOCH 55 TRAINER.COOP_THREE_STAGE_CSC.PHASE2_LR 0.001 TRAINER.COOP_THREE_STAGE_CSC.PHASE3_LR 0.01 TRAINER.COOP_THREE_STAGE_CSC.BETA 0.9999 TRAINER.COOP_THREE_STAGE_VIT.VARIANT 5m TRAINER.COOP_THREE_STAGE_VIT.PRETRAINED_TYPE 1k TRAINER.COOP_THREE_STAGE_VIT.STUDENT_LR 0.00005 TRAINER.COOP_THREE_STAGE_CSC_LTKD.ALPHA 1.0 TRAINER.COOP_THREE_STAGE_CSC_LTKD.BETA 8.0 TRAINER.COOP_THREE_STAGE_CSC_LTKD.TEMPERATURE 4.0 TRAINER.COOP_THREE_STAGE_CSC_LTKD.WARMUP 20
3962405 Sl+  pt_data_worker  /home/data4t1/wangjielei/anaconda3/envs/dassl/bin/python train.py --root /home/data4t2/czhDir/data --seed 1 --trainer CoOpThreeStageCSCTinyViTLTKD --dataset-config-file configs/datasets/long_tail/nwpu_resisc45_lt.yaml --config-file configs/trainers/CoOp/vit_b16_ep130_three_stage_csc_tiny_vit_ltkd.yaml --output-dir /home/data4t2/czhDir/PromptKD/output/long_tail_three_stage_csc_tiny_vit_ltkd/5m_1k/alpha1.0_beta8.0_T4.0_warmup20/resisc45/longtail_if0.1_ltseed0/seed1_npu7 DATASET.NUM_SHOTS -1 DATASET.LONG_TAIL.IMB_FACTOR 0.1 DATASET.LONG_TAIL.SEED 0 DATALOADER.TRAIN_X.SAMPLER RandomSampler DATALOADER.TEST.BATCH_SIZE 16 OPTIM.MAX_EPOCH 130 TRAINER.COOP_THREE_STAGE_CSC.CSC_START_EPOCH 55 TRAINER.COOP_THREE_STAGE_CSC.PHASE2_LR 0.001 TRAINER.COOP_THREE_STAGE_CSC.PHASE3_LR 0.01 TRAINER.COOP_THREE_STAGE_CSC.BETA 0.9999 TRAINER.COOP_THREE_STAGE_VIT.VARIANT 5m TRAINER.COOP_THREE_STAGE_VIT.PRETRAINED_TYPE 1k TRAINER.COOP_THREE_STAGE_VIT.STUDENT_LR 0.00005 TRAINER.COOP_THREE_STAGE_CSC_LTKD.ALPHA 1.0 TRAINER.COOP_THREE_STAGE_CSC_LTKD.BETA 8.0 TRAINER.COOP_THREE_STAGE_CSC_LTKD.TEMPERATURE 4.0 TRAINER.COOP_THREE_STAGE_CSC_LTKD.WARMUP 20
3962643 I    kworker/83:2-mm [kworker/83:2-mm_percpu_wq]
3964595 I    kworker/77:0-mm [kworker/77:0-mm_percpu_wq]
3964881 I    kworker/32:1-ev [kworker/32:1-events]
3964913 Ssl  sshfs           .tools/sshfs-root/usr/bin/sshfs 84090:/home/adaspace/.hxw/mopd-assets/runs/mathif-confidence12-20260928t0207z /home/data4t2/hxwDir/hxw_moved/.codex-mopd-control/mathif-confidence12-20260928t0207z -o ro,reconnect,ServerAliveInterval=15,ServerAliveCountMax=3
3964998 S    ssh             ssh -x -a -oClearAllForwardings=yes -oServerAliveInterval=15 -oServerAliveCountMax=3 -2 84090 -s sftp
3966885 I    kworker/0:1-pci [kworker/0:1-pcie_msg_workqueue]
3968512 I    kworker/98:2-ev [kworker/98:2-events]
3969094 I    kworker/158:0-e [kworker/158:0-events]
3971011 I    kworker/134:1-m [kworker/134:1-mm_percpu_wq]
3971622 I    kworker/11:0-mm [kworker/11:0-mm_percpu_wq]
3972399 I    kworker/89:0-ev [kworker/89:0-events]
3972438 I    kworker/133:0-m [kworker/133:0-mm_percpu_wq]
3972582 I    kworker/136:1-e [kworker/136:1-events]
3972586 I    kworker/145:1-e [kworker/145:1-events]
3973126 I    kworker/143:2-e [kworker/143:2-events]
3973566 I    kworker/90:0-ev [kworker/90:0-events]
3973909 I    kworker/127:2-e [kworker/127:2-events]
3974534 I    kworker/112:1-e [kworker/112:1-events]
3975144 I    kworker/u392:1- [kworker/u392:1-events_unbound]
3975145 I    kworker/u392:5- [kworker/u392:5-flush-259:1]
3975684 I    kworker/163:0   [kworker/163:0]
3976405 Sl+  pt_data_worker  /home/data4t1/wangjielei/anaconda3/envs/dassl/bin/python train.py --root /home/data4t2/czhDir/data --seed 1 --trainer CoOpThreeStageCSCTinyViT --dataset-config-file configs/datasets/cifar100_lt_if0.1.yaml --config-file configs/trainers/CoOp/vit_b16_ep130_three_stage_csc_tiny_vit.yaml --output-dir /home/data4t2/czhDir/PromptKD/output/long_tail_three_stage_csc_tiny_vit/5m_1k/cifar100/longtail_if0.1_ltseed0/seed1_npu1 DATASET.NUM_SHOTS -1 DATASET.CIFAR100_LT.IMB_FACTOR 0.1 DATASET.CIFAR100_LT.SEED 0 DATALOADER.TRAIN_X.SAMPLER RandomSampler DATALOADER.TEST.BATCH_SIZE 32 OPTIM.MAX_EPOCH 130 TRAINER.COOP_THREE_STAGE_CSC.CSC_START_EPOCH 55 TRAINER.COOP_THREE_STAGE_CSC.PHASE2_LR 0.001 TRAINER.COOP_THREE_STAGE_CSC.PHASE3_LR 0.01 TRAINER.COOP_THREE_STAGE_CSC.BETA 0.9999 TRAINER.COOP_THREE_STAGE_VIT.VARIANT 5m TRAINER.COOP_THREE_STAGE_VIT.PRETRAINED_TYPE 1k TRAINER.COOP_THREE_STAGE_VIT.STUDENT_LR 0.00005
3976428 Sl+  pt_data_worker  /home/data4t1/wangjielei/anaconda3/envs/dassl/bin/python train.py --root /home/data4t2/czhDir/data --seed 1 --trainer CoOpThreeStageCSCTinyViT --dataset-config-file configs/datasets/cifar100_lt_if0.1.yaml --config-file configs/trainers/CoOp/vit_b16_ep130_three_stage_csc_tiny_vit.yaml --output-dir /home/data4t2/czhDir/PromptKD/output/long_tail_three_stage_csc_tiny_vit/5m_1k/cifar100/longtail_if0.1_ltseed0/seed1_npu1 DATASET.NUM_SHOTS -1 DATASET.CIFAR100_LT.IMB_FACTOR 0.1 DATASET.CIFAR100_LT.SEED 0 DATALOADER.TRAIN_X.SAMPLER RandomSampler DATALOADER.TEST.BATCH_SIZE 32 OPTIM.MAX_EPOCH 130 TRAINER.COOP_THREE_STAGE_CSC.CSC_START_EPOCH 55 TRAINER.COOP_THREE_STAGE_CSC.PHASE2_LR 0.001 TRAINER.COOP_THREE_STAGE_CSC.PHASE3_LR 0.01 TRAINER.COOP_THREE_STAGE_CSC.BETA 0.9999 TRAINER.COOP_THREE_STAGE_VIT.VARIANT 5m TRAINER.COOP_THREE_STAGE_VIT.PRETRAINED_TYPE 1k TRAINER.COOP_THREE_STAGE_VIT.STUDENT_LR 0.00005
3976470 Sl+  pt_data_worker  /home/data4t1/wangjielei/anaconda3/envs/dassl/bin/python train.py --root /home/data4t2/czhDir/data --seed 1 --trainer CoOpThreeStageCSCTinyViT --dataset-config-file configs/datasets/cifar100_lt_if0.1.yaml --config-file configs/trainers/CoOp/vit_b16_ep130_three_stage_csc_tiny_vit.yaml --output-dir /home/data4t2/czhDir/PromptKD/output/long_tail_three_stage_csc_tiny_vit/5m_1k/cifar100/longtail_if0.1_ltseed0/seed1_npu1 DATASET.NUM_SHOTS -1 DATASET.CIFAR100_LT.IMB_FACTOR 0.1 DATASET.CIFAR100_LT.SEED 0 DATALOADER.TRAIN_X.SAMPLER RandomSampler DATALOADER.TEST.BATCH_SIZE 32 OPTIM.MAX_EPOCH 130 TRAINER.COOP_THREE_STAGE_CSC.CSC_START_EPOCH 55 TRAINER.COOP_THREE_STAGE_CSC.PHASE2_LR 0.001 TRAINER.COOP_THREE_STAGE_CSC.PHASE3_LR 0.01 TRAINER.COOP_THREE_STAGE_CSC.BETA 0.9999 TRAINER.COOP_THREE_STAGE_VIT.VARIANT 5m TRAINER.COOP_THREE_STAGE_VIT.PRETRAINED_TYPE 1k TRAINER.COOP_THREE_STAGE_VIT.STUDENT_LR 0.00005
3976497 I    kworker/u387:3- [kworker/u387:3-hclge]
3976498 Sl+  pt_data_worker  /home/data4t1/wangjielei/anaconda3/envs/dassl/bin/python train.py --root /home/data4t2/czhDir/data --seed 1 --trainer CoOpThreeStageCSCTinyViT --dataset-config-file configs/datasets/cifar100_lt_if0.1.yaml --config-file configs/trainers/CoOp/vit_b16_ep130_three_stage_csc_tiny_vit.yaml --output-dir /home/data4t2/czhDir/PromptKD/output/long_tail_three_stage_csc_tiny_vit/5m_1k/cifar100/longtail_if0.1_ltseed0/seed1_npu1 DATASET.NUM_SHOTS -1 DATASET.CIFAR100_LT.IMB_FACTOR 0.1 DATASET.CIFAR100_LT.SEED 0 DATALOADER.TRAIN_X.SAMPLER RandomSampler DATALOADER.TEST.BATCH_SIZE 32 OPTIM.MAX_EPOCH 130 TRAINER.COOP_THREE_STAGE_CSC.CSC_START_EPOCH 55 TRAINER.COOP_THREE_STAGE_CSC.PHASE2_LR 0.001 TRAINER.COOP_THREE_STAGE_CSC.PHASE3_LR 0.01 TRAINER.COOP_THREE_STAGE_CSC.BETA 0.9999 TRAINER.COOP_THREE_STAGE_VIT.VARIANT 5m TRAINER.COOP_THREE_STAGE_VIT.PRETRAINED_TYPE 1k TRAINER.COOP_THREE_STAGE_VIT.STUDENT_LR 0.00005
3976517 Sl+  pt_data_worker  /home/data4t1/wangjielei/anaconda3/envs/dassl/bin/python train.py --root /home/data4t2/czhDir/data --seed 1 --trainer CoOpThreeStageCSCTinyViT --dataset-config-file configs/datasets/cifar100_lt_if0.1.yaml --config-file configs/trainers/CoOp/vit_b16_ep130_three_stage_csc_tiny_vit.yaml --output-dir /home/data4t2/czhDir/PromptKD/output/long_tail_three_stage_csc_tiny_vit/5m_1k/cifar100/longtail_if0.1_ltseed0/seed1_npu1 DATASET.NUM_SHOTS -1 DATASET.CIFAR100_LT.IMB_FACTOR 0.1 DATASET.CIFAR100_LT.SEED 0 DATALOADER.TRAIN_X.SAMPLER RandomSampler DATALOADER.TEST.BATCH_SIZE 32 OPTIM.MAX_EPOCH 130 TRAINER.COOP_THREE_STAGE_CSC.CSC_START_EPOCH 55 TRAINER.COOP_THREE_STAGE_CSC.PHASE2_LR 0.001 TRAINER.COOP_THREE_STAGE_CSC.PHASE3_LR 0.01 TRAINER.COOP_THREE_STAGE_CSC.BETA 0.9999 TRAINER.COOP_THREE_STAGE_VIT.VARIANT 5m TRAINER.COOP_THREE_STAGE_VIT.PRETRAINED_TYPE 1k TRAINER.COOP_THREE_STAGE_VIT.STUDENT_LR 0.00005
3976572 Sl+  pt_data_worker  /home/data4t1/wangjielei/anaconda3/envs/dassl/bin/python train.py --root /home/data4t2/czhDir/data --seed 1 --trainer CoOpThreeStageCSCTinyViT --dataset-config-file configs/datasets/cifar100_lt_if0.1.yaml --config-file configs/trainers/CoOp/vit_b16_ep130_three_stage_csc_tiny_vit.yaml --output-dir /home/data4t2/czhDir/PromptKD/output/long_tail_three_stage_csc_tiny_vit/5m_1k/cifar100/longtail_if0.1_ltseed0/seed1_npu1 DATASET.NUM_SHOTS -1 DATASET.CIFAR100_LT.IMB_FACTOR 0.1 DATASET.CIFAR100_LT.SEED 0 DATALOADER.TRAIN_X.SAMPLER RandomSampler DATALOADER.TEST.BATCH_SIZE 32 OPTIM.MAX_EPOCH 130 TRAINER.COOP_THREE_STAGE_CSC.CSC_START_EPOCH 55 TRAINER.COOP_THREE_STAGE_CSC.PHASE2_LR 0.001 TRAINER.COOP_THREE_STAGE_CSC.PHASE3_LR 0.01 TRAINER.COOP_THREE_STAGE_CSC.BETA 0.9999 TRAINER.COOP_THREE_STAGE_VIT.VARIANT 5m TRAINER.COOP_THREE_STAGE_VIT.PRETRAINED_TYPE 1k TRAINER.COOP_THREE_STAGE_VIT.STUDENT_LR 0.00005
3976601 Sl+  pt_data_worker  /home/data4t1/wangjielei/anaconda3/envs/dassl/bin/python train.py --root /home/data4t2/czhDir/data --seed 1 --trainer CoOpThreeStageCSCTinyViT --dataset-config-file configs/datasets/cifar100_lt_if0.1.yaml --config-file configs/trainers/CoOp/vit_b16_ep130_three_stage_csc_tiny_vit.yaml --output-dir /home/data4t2/czhDir/PromptKD/output/long_tail_three_stage_csc_tiny_vit/5m_1k/cifar100/longtail_if0.1_ltseed0/seed1_npu1 DATASET.NUM_SHOTS -1 DATASET.CIFAR100_LT.IMB_FACTOR 0.1 DATASET.CIFAR100_LT.SEED 0 DATALOADER.TRAIN_X.SAMPLER RandomSampler DATALOADER.TEST.BATCH_SIZE 32 OPTIM.MAX_EPOCH 130 TRAINER.COOP_THREE_STAGE_CSC.CSC_START_EPOCH 55 TRAINER.COOP_THREE_STAGE_CSC.PHASE2_LR 0.001 TRAINER.COOP_THREE_STAGE_CSC.PHASE3_LR 0.01 TRAINER.COOP_THREE_STAGE_CSC.BETA 0.9999 TRAINER.COOP_THREE_STAGE_VIT.VARIANT 5m TRAINER.COOP_THREE_STAGE_VIT.PRETRAINED_TYPE 1k TRAINER.COOP_THREE_STAGE_VIT.STUDENT_LR 0.00005
3976659 Sl+  pt_data_worker  /home/data4t1/wangjielei/anaconda3/envs/dassl/bin/python train.py --root /home/data4t2/czhDir/data --seed 1 --trainer CoOpThreeStageCSCTinyViT --dataset-config-file configs/datasets/cifar100_lt_if0.1.yaml --config-file configs/trainers/CoOp/vit_b16_ep130_three_stage_csc_tiny_vit.yaml --output-dir /home/data4t2/czhDir/PromptKD/output/long_tail_three_stage_csc_tiny_vit/5m_1k/cifar100/longtail_if0.1_ltseed0/seed1_npu1 DATASET.NUM_SHOTS -1 DATASET.CIFAR100_LT.IMB_FACTOR 0.1 DATASET.CIFAR100_LT.SEED 0 DATALOADER.TRAIN_X.SAMPLER RandomSampler DATALOADER.TEST.BATCH_SIZE 32 OPTIM.MAX_EPOCH 130 TRAINER.COOP_THREE_STAGE_CSC.CSC_START_EPOCH 55 TRAINER.COOP_THREE_STAGE_CSC.PHASE2_LR 0.001 TRAINER.COOP_THREE_STAGE_CSC.PHASE3_LR 0.01 TRAINER.COOP_THREE_STAGE_CSC.BETA 0.9999 TRAINER.COOP_THREE_STAGE_VIT.VARIANT 5m TRAINER.COOP_THREE_STAGE_VIT.PRETRAINED_TYPE 1k TRAINER.COOP_THREE_STAGE_VIT.STUDENT_LR 0.00005
3977168 I    kworker/124:2-e [kworker/124:2-events]
3977358 I    kworker/5:2-eve [kworker/5:2-events]
3977682 I    kworker/94:1-mm [kworker/94:1-mm_percpu_wq]
3978882 I    kworker/86:0-ev [kworker/86:0-events]
3979571 I    kworker/178:2-e [kworker/178:2-events]
3980091 I    kworker/70:2-mm [kworker/70:2-mm_percpu_wq]
3980226 I    kworker/u388:2  [kworker/u388:2]
3980831 I    kworker/37:1-ev [kworker/37:1-events]
3981303 I    kworker/u390:1- [kworker/u390:1-flush-8:0]
3984645 Ss   systemd-logind  /lib/systemd/systemd-logind
3984747 I    kworker/15:0-ev [kworker/15:0-events]
3985151 I    kworker/u384:7- [kworker/u384:7-dev1_sq_fair_wq]
3985882 I    kworker/99:0-ev [kworker/99:0-events]
3986605 I    kworker/102:0-m [kworker/102:0-mm_percpu_wq]
3986835 S    sleep           sleep 180
3987211 I    kworker/51:2-ev [kworker/51:2-events]
3988309 I    kworker/96:1    [kworker/96:1]
3988623 I    kworker/119:1-m [kworker/119:1-mm_percpu_wq]
3988626 I    kworker/46:0-ev [kworker/46:0-events]
3988796 I    kworker/10:1-pc [kworker/10:1-pcie_msg_workqueue]
3988937 I    kworker/14:0-ev [kworker/14:0-events]
3989278 Ss   ssh             /usr/bin/ssh -o ControlMaster=auto -o ControlPersist=1800 -o ControlPath=/home/data4t1/hxw/Remote_84090/opd/.ssh-control-%C 84090_2 bash /data/hxw/mopd-assets/code-snapshots/final-mopd-merge8-20261008t1910z/scripts/local/final_composition.sh final-mopd-merge8-20261008t1910z merge --adapter /data/hxw/mopd-assets/runs/final-student-mopd-20261008t1545z/checkpoints/global_step_8/actor/lora_adapter --base-model /data/hxw/mopd-assets/runs/final-assets-20261008t0840z/checkpoints/Final
3989441 Ss   ssh             /usr/bin/ssh -o ControlMaster=auto -o ControlPersist=1800 -o ControlPath=/home/data4t1/hxw/Remote_84090/opd/.ssh-control-%C 84090_2 bash /data/hxw/mopd-assets/code-snapshots/final-mopd-check8-20261008t1910z/scripts/local/final_composition.sh final-mopd-check8-20261008t1910z verify-checkpoint --train-run /data/hxw/mopd-assets/runs/final-student-mopd-20261008t1545z --step 8
3989564 I    kworker/114:2-p [kworker/114:2-pcie_msg_workqueue]
3989844 I    kworker/95:1-ev [kworker/95:1-events]
3990226 I    kworker/12:1-mm [kworker/12:1-mm_percpu_wq]
3990228 I    kworker/1:0-eve [kworker/1:0-events]
3990454 I    kworker/63:1-ev [kworker/63:1-events]
3992080 SN   sleep           sleep 600
3994089 Rl   MainThread      /home/data4t1/wangjielei/.vscode-server/cli/servers/Stable-a44adf7f53e00964ab890f9f8758a334f1fc15bc/server/node /home/data4t1/wangjielei/.vscode-server/extensions/ms-python.vscode-pylance-2026.4.1/dist/server.bundle.js --cancellationReceive=file:57a720bd65d71f7b79ad37ecce4c98d21fc44b9d8b --node-ipc --clientProcessId=422238
3994090 I    kworker/u392:6  [kworker/u392:6]
3994091 I    kworker/u392:7  [kworker/u392:7]
3994319 S    sleep           sleep 180
3994470 I    kworker/172:2-e [kworker/172:2-events]
3998089 I    kworker/67:0-ev [kworker/67:0-events]
3998636 I    kworker/2:1-eve [kworker/2:1-events]
3998725 Sl+  pt_data_worker  /home/data4t1/wangjielei/anaconda3/envs/dassl/bin/python train.py --root /home/data4t2/hxwDir/data --seed 1 --trainer CoOpThreeStageCSCTinyViTLTKD --dataset-config-file configs/datasets/long_tail/oxford_pets_lt.yaml --config-file configs/trainers/CoOp/vit_b16_ep130_three_stage_csc_tiny_vit_ltkd.yaml --output-dir /home/data4t2/czhDir/PromptKD/output/long_tail_three_stage_csc_tiny_vit_ltkd/5m_1k/alpha1.0_beta8.0_T4.0_warmup20/pets/longtail_if0.1_ltseed0/seed1_npu3 DATASET.NUM_SHOTS -1 DATASET.LONG_TAIL.IMB_FACTOR 0.1 DATASET.LONG_TAIL.SEED 0 DATALOADER.TRAIN_X.SAMPLER RandomSampler DATALOADER.TEST.BATCH_SIZE 16 OPTIM.MAX_EPOCH 130 TRAINER.COOP_THREE_STAGE_CSC.CSC_START_EPOCH 55 TRAINER.COOP_THREE_STAGE_CSC.PHASE2_LR 0.001 TRAINER.COOP_THREE_STAGE_CSC.PHASE3_LR 0.01 TRAINER.COOP_THREE_STAGE_CSC.BETA 0.9999 TRAINER.COOP_THREE_STAGE_VIT.VARIANT 5m TRAINER.COOP_THREE_STAGE_VIT.PRETRAINED_TYPE 1k TRAINER.COOP_THREE_STAGE_VIT.STUDENT_LR 0.00005 TRAINER.COOP_THREE_STAGE_CSC_LTKD.ALPHA 1.0 TRAINER.COOP_THREE_STAGE_CSC_LTKD.BETA 8.0 TRAINER.COOP_THREE_STAGE_CSC_LTKD.TEMPERATURE 4.0 TRAINER.COOP_THREE_STAGE_CSC_LTKD.WARMUP 20
3998749 Sl+  pt_data_worker  /home/data4t1/wangjielei/anaconda3/envs/dassl/bin/python train.py --root /home/data4t2/hxwDir/data --seed 1 --trainer CoOpThreeStageCSCTinyViTLTKD --dataset-config-file configs/datasets/long_tail/oxford_pets_lt.yaml --config-file configs/trainers/CoOp/vit_b16_ep130_three_stage_csc_tiny_vit_ltkd.yaml --output-dir /home/data4t2/czhDir/PromptKD/output/long_tail_three_stage_csc_tiny_vit_ltkd/5m_1k/alpha1.0_beta8.0_T4.0_warmup20/pets/longtail_if0.1_ltseed0/seed1_npu3 DATASET.NUM_SHOTS -1 DATASET.LONG_TAIL.IMB_FACTOR 0.1 DATASET.LONG_TAIL.SEED 0 DATALOADER.TRAIN_X.SAMPLER RandomSampler DATALOADER.TEST.BATCH_SIZE 16 OPTIM.MAX_EPOCH 130 TRAINER.COOP_THREE_STAGE_CSC.CSC_START_EPOCH 55 TRAINER.COOP_THREE_STAGE_CSC.PHASE2_LR 0.001 TRAINER.COOP_THREE_STAGE_CSC.PHASE3_LR 0.01 TRAINER.COOP_THREE_STAGE_CSC.BETA 0.9999 TRAINER.COOP_THREE_STAGE_VIT.VARIANT 5m TRAINER.COOP_THREE_STAGE_VIT.PRETRAINED_TYPE 1k TRAINER.COOP_THREE_STAGE_VIT.STUDENT_LR 0.00005 TRAINER.COOP_THREE_STAGE_CSC_LTKD.ALPHA 1.0 TRAINER.COOP_THREE_STAGE_CSC_LTKD.BETA 8.0 TRAINER.COOP_THREE_STAGE_CSC_LTKD.TEMPERATURE 4.0 TRAINER.COOP_THREE_STAGE_CSC_LTKD.WARMUP 20
3998788 Sl+  pt_data_worker  /home/data4t1/wangjielei/anaconda3/envs/dassl/bin/python train.py --root /home/data4t2/hxwDir/data --seed 1 --trainer CoOpThreeStageCSCTinyViTLTKD --dataset-config-file configs/datasets/long_tail/oxford_pets_lt.yaml --config-file configs/trainers/CoOp/vit_b16_ep130_three_stage_csc_tiny_vit_ltkd.yaml --output-dir /home/data4t2/czhDir/PromptKD/output/long_tail_three_stage_csc_tiny_vit_ltkd/5m_1k/alpha1.0_beta8.0_T4.0_warmup20/pets/longtail_if0.1_ltseed0/seed1_npu3 DATASET.NUM_SHOTS -1 DATASET.LONG_TAIL.IMB_FACTOR 0.1 DATASET.LONG_TAIL.SEED 0 DATALOADER.TRAIN_X.SAMPLER RandomSampler DATALOADER.TEST.BATCH_SIZE 16 OPTIM.MAX_EPOCH 130 TRAINER.COOP_THREE_STAGE_CSC.CSC_START_EPOCH 55 TRAINER.COOP_THREE_STAGE_CSC.PHASE2_LR 0.001 TRAINER.COOP_THREE_STAGE_CSC.PHASE3_LR 0.01 TRAINER.COOP_THREE_STAGE_CSC.BETA 0.9999 TRAINER.COOP_THREE_STAGE_VIT.VARIANT 5m TRAINER.COOP_THREE_STAGE_VIT.PRETRAINED_TYPE 1k TRAINER.COOP_THREE_STAGE_VIT.STUDENT_LR 0.00005 TRAINER.COOP_THREE_STAGE_CSC_LTKD.ALPHA 1.0 TRAINER.COOP_THREE_STAGE_CSC_LTKD.BETA 8.0 TRAINER.COOP_THREE_STAGE_CSC_LTKD.TEMPERATURE 4.0 TRAINER.COOP_THREE_STAGE_CSC_LTKD.WARMUP 20
3998827 Sl+  pt_data_worker  /home/data4t1/wangjielei/anaconda3/envs/dassl/bin/python train.py --root /home/data4t2/hxwDir/data --seed 1 --trainer CoOpThreeStageCSCTinyViTLTKD --dataset-config-file configs/datasets/long_tail/oxford_pets_lt.yaml --config-file configs/trainers/CoOp/vit_b16_ep130_three_stage_csc_tiny_vit_ltkd.yaml --output-dir /home/data4t2/czhDir/PromptKD/output/long_tail_three_stage_csc_tiny_vit_ltkd/5m_1k/alpha1.0_beta8.0_T4.0_warmup20/pets/longtail_if0.1_ltseed0/seed1_npu3 DATASET.NUM_SHOTS -1 DATASET.LONG_TAIL.IMB_FACTOR 0.1 DATASET.LONG_TAIL.SEED 0 DATALOADER.TRAIN_X.SAMPLER RandomSampler DATALOADER.TEST.BATCH_SIZE 16 OPTIM.MAX_EPOCH 130 TRAINER.COOP_THREE_STAGE_CSC.CSC_START_EPOCH 55 TRAINER.COOP_THREE_STAGE_CSC.PHASE2_LR 0.001 TRAINER.COOP_THREE_STAGE_CSC.PHASE3_LR 0.01 TRAINER.COOP_THREE_STAGE_CSC.BETA 0.9999 TRAINER.COOP_THREE_STAGE_VIT.VARIANT 5m TRAINER.COOP_THREE_STAGE_VIT.PRETRAINED_TYPE 1k TRAINER.COOP_THREE_STAGE_VIT.STUDENT_LR 0.00005 TRAINER.COOP_THREE_STAGE_CSC_LTKD.ALPHA 1.0 TRAINER.COOP_THREE_STAGE_CSC_LTKD.BETA 8.0 TRAINER.COOP_THREE_STAGE_CSC_LTKD.TEMPERATURE 4.0 TRAINER.COOP_THREE_STAGE_CSC_LTKD.WARMUP 20
3998878 Sl+  pt_data_worker  /home/data4t1/wangjielei/anaconda3/envs/dassl/bin/python train.py --root /home/data4t2/hxwDir/data --seed 1 --trainer CoOpThreeStageCSCTinyViTLTKD --dataset-config-file configs/datasets/long_tail/oxford_pets_lt.yaml --config-file configs/trainers/CoOp/vit_b16_ep130_three_stage_csc_tiny_vit_ltkd.yaml --output-dir /home/data4t2/czhDir/PromptKD/output/long_tail_three_stage_csc_tiny_vit_ltkd/5m_1k/alpha1.0_beta8.0_T4.0_warmup20/pets/longtail_if0.1_ltseed0/seed1_npu3 DATASET.NUM_SHOTS -1 DATASET.LONG_TAIL.IMB_FACTOR 0.1 DATASET.LONG_TAIL.SEED 0 DATALOADER.TRAIN_X.SAMPLER RandomSampler DATALOADER.TEST.BATCH_SIZE 16 OPTIM.MAX_EPOCH 130 TRAINER.COOP_THREE_STAGE_CSC.CSC_START_EPOCH 55 TRAINER.COOP_THREE_STAGE_CSC.PHASE2_LR 0.001 TRAINER.COOP_THREE_STAGE_CSC.PHASE3_LR 0.01 TRAINER.COOP_THREE_STAGE_CSC.BETA 0.9999 TRAINER.COOP_THREE_STAGE_VIT.VARIANT 5m TRAINER.COOP_THREE_STAGE_VIT.PRETRAINED_TYPE 1k TRAINER.COOP_THREE_STAGE_VIT.STUDENT_LR 0.00005 TRAINER.COOP_THREE_STAGE_CSC_LTKD.ALPHA 1.0 TRAINER.COOP_THREE_STAGE_CSC_LTKD.BETA 8.0 TRAINER.COOP_THREE_STAGE_CSC_LTKD.TEMPERATURE 4.0 TRAINER.COOP_THREE_STAGE_CSC_LTKD.WARMUP 20
3999036 Sl+  pt_data_worker  /home/data4t1/wangjielei/anaconda3/envs/dassl/bin/python train.py --root /home/data4t2/hxwDir/data --seed 1 --trainer CoOpThreeStageCSCTinyViTLTKD --dataset-config-file configs/datasets/long_tail/oxford_pets_lt.yaml --config-file configs/trainers/CoOp/vit_b16_ep130_three_stage_csc_tiny_vit_ltkd.yaml --output-dir /home/data4t2/czhDir/PromptKD/output/long_tail_three_stage_csc_tiny_vit_ltkd/5m_1k/alpha1.0_beta8.0_T4.0_warmup20/pets/longtail_if0.1_ltseed0/seed1_npu3 DATASET.NUM_SHOTS -1 DATASET.LONG_TAIL.IMB_FACTOR 0.1 DATASET.LONG_TAIL.SEED 0 DATALOADER.TRAIN_X.SAMPLER RandomSampler DATALOADER.TEST.BATCH_SIZE 16 OPTIM.MAX_EPOCH 130 TRAINER.COOP_THREE_STAGE_CSC.CSC_START_EPOCH 55 TRAINER.COOP_THREE_STAGE_CSC.PHASE2_LR 0.001 TRAINER.COOP_THREE_STAGE_CSC.PHASE3_LR 0.01 TRAINER.COOP_THREE_STAGE_CSC.BETA 0.9999 TRAINER.COOP_THREE_STAGE_VIT.VARIANT 5m TRAINER.COOP_THREE_STAGE_VIT.PRETRAINED_TYPE 1k TRAINER.COOP_THREE_STAGE_VIT.STUDENT_LR 0.00005 TRAINER.COOP_THREE_STAGE_CSC_LTKD.ALPHA 1.0 TRAINER.COOP_THREE_STAGE_CSC_LTKD.BETA 8.0 TRAINER.COOP_THREE_STAGE_CSC_LTKD.TEMPERATURE 4.0 TRAINER.COOP_THREE_STAGE_CSC_LTKD.WARMUP 20
3999097 Sl+  pt_data_worker  /home/data4t1/wangjielei/anaconda3/envs/dassl/bin/python train.py --root /home/data4t2/hxwDir/data --seed 1 --trainer CoOpThreeStageCSCTinyViTLTKD --dataset-config-file configs/datasets/long_tail/oxford_pets_lt.yaml --config-file configs/trainers/CoOp/vit_b16_ep130_three_stage_csc_tiny_vit_ltkd.yaml --output-dir /home/data4t2/czhDir/PromptKD/output/long_tail_three_stage_csc_tiny_vit_ltkd/5m_1k/alpha1.0_beta8.0_T4.0_warmup20/pets/longtail_if0.1_ltseed0/seed1_npu3 DATASET.NUM_SHOTS -1 DATASET.LONG_TAIL.IMB_FACTOR 0.1 DATASET.LONG_TAIL.SEED 0 DATALOADER.TRAIN_X.SAMPLER RandomSampler DATALOADER.TEST.BATCH_SIZE 16 OPTIM.MAX_EPOCH 130 TRAINER.COOP_THREE_STAGE_CSC.CSC_START_EPOCH 55 TRAINER.COOP_THREE_STAGE_CSC.PHASE2_LR 0.001 TRAINER.COOP_THREE_STAGE_CSC.PHASE3_LR 0.01 TRAINER.COOP_THREE_STAGE_CSC.BETA 0.9999 TRAINER.COOP_THREE_STAGE_VIT.VARIANT 5m TRAINER.COOP_THREE_STAGE_VIT.PRETRAINED_TYPE 1k TRAINER.COOP_THREE_STAGE_VIT.STUDENT_LR 0.00005 TRAINER.COOP_THREE_STAGE_CSC_LTKD.ALPHA 1.0 TRAINER.COOP_THREE_STAGE_CSC_LTKD.BETA 8.0 TRAINER.COOP_THREE_STAGE_CSC_LTKD.TEMPERATURE 4.0 TRAINER.COOP_THREE_STAGE_CSC_LTKD.WARMUP 20
3999170 Sl+  pt_data_worker  /home/data4t1/wangjielei/anaconda3/envs/dassl/bin/python train.py --root /home/data4t2/hxwDir/data --seed 1 --trainer CoOpThreeStageCSCTinyViTLTKD --dataset-config-file configs/datasets/long_tail/oxford_pets_lt.yaml --config-file configs/trainers/CoOp/vit_b16_ep130_three_stage_csc_tiny_vit_ltkd.yaml --output-dir /home/data4t2/czhDir/PromptKD/output/long_tail_three_stage_csc_tiny_vit_ltkd/5m_1k/alpha1.0_beta8.0_T4.0_warmup20/pets/longtail_if0.1_ltseed0/seed1_npu3 DATASET.NUM_SHOTS -1 DATASET.LONG_TAIL.IMB_FACTOR 0.1 DATASET.LONG_TAIL.SEED 0 DATALOADER.TRAIN_X.SAMPLER RandomSampler DATALOADER.TEST.BATCH_SIZE 16 OPTIM.MAX_EPOCH 130 TRAINER.COOP_THREE_STAGE_CSC.CSC_START_EPOCH 55 TRAINER.COOP_THREE_STAGE_CSC.PHASE2_LR 0.001 TRAINER.COOP_THREE_STAGE_CSC.PHASE3_LR 0.01 TRAINER.COOP_THREE_STAGE_CSC.BETA 0.9999 TRAINER.COOP_THREE_STAGE_VIT.VARIANT 5m TRAINER.COOP_THREE_STAGE_VIT.PRETRAINED_TYPE 1k TRAINER.COOP_THREE_STAGE_VIT.STUDENT_LR 0.00005 TRAINER.COOP_THREE_STAGE_CSC_LTKD.ALPHA 1.0 TRAINER.COOP_THREE_STAGE_CSC_LTKD.BETA 8.0 TRAINER.COOP_THREE_STAGE_CSC_LTKD.TEMPERATURE 4.0 TRAINER.COOP_THREE_STAGE_CSC_LTKD.WARMUP 20
3999286 I    kworker/117:0-e [kworker/117:0-events]
3999554 I    kworker/55:1-ev [kworker/55:1-events]
4000038 I    kworker/189:0-e [kworker/189:0-events]
4000039 Sl+  pt_data_worker  /home/data4t1/wangjielei/anaconda3/envs/dassl/bin/python train.py --root /home/data4t2/hxwDir/data --seed 1 --trainer CoOpThreeStageCSCTinyViTLTKD --dataset-config-file configs/datasets/long_tail/stanford_cars_lt.yaml --config-file configs/trainers/CoOp/vit_b16_ep130_three_stage_csc_tiny_vit_ltkd.yaml --output-dir /home/data4t2/czhDir/PromptKD/output/long_tail_three_stage_csc_tiny_vit_ltkd/5m_1k/alpha1.0_beta8.0_T4.0_warmup20/cars/longtail_if0.1_ltseed0/seed1_npu0 DATASET.NUM_SHOTS -1 DATASET.LONG_TAIL.IMB_FACTOR 0.1 DATASET.LONG_TAIL.SEED 0 DATALOADER.TRAIN_X.SAMPLER RandomSampler DATALOADER.TEST.BATCH_SIZE 16 OPTIM.MAX_EPOCH 130 TRAINER.COOP_THREE_STAGE_CSC.CSC_START_EPOCH 55 TRAINER.COOP_THREE_STAGE_CSC.PHASE2_LR 0.001 TRAINER.COOP_THREE_STAGE_CSC.PHASE3_LR 0.01 TRAINER.COOP_THREE_STAGE_CSC.BETA 0.9999 TRAINER.COOP_THREE_STAGE_VIT.VARIANT 5m TRAINER.COOP_THREE_STAGE_VIT.PRETRAINED_TYPE 1k TRAINER.COOP_THREE_STAGE_VIT.STUDENT_LR 0.00005 TRAINER.COOP_THREE_STAGE_CSC_LTKD.ALPHA 1.0 TRAINER.COOP_THREE_STAGE_CSC_LTKD.BETA 8.0 TRAINER.COOP_THREE_STAGE_CSC_LTKD.TEMPERATURE 4.0 TRAINER.COOP_THREE_STAGE_CSC_LTKD.WARMUP 20
4000249 Rl+  pt_data_worker  /home/data4t1/wangjielei/anaconda3/envs/dassl/bin/python train.py --root /home/data4t2/hxwDir/data --seed 1 --trainer CoOpThreeStageCSCTinyViTLTKD --dataset-config-file configs/datasets/long_tail/stanford_cars_lt.yaml --config-file configs/trainers/CoOp/vit_b16_ep130_three_stage_csc_tiny_vit_ltkd.yaml --output-dir /home/data4t2/czhDir/PromptKD/output/long_tail_three_stage_csc_tiny_vit_ltkd/5m_1k/alpha1.0_beta8.0_T4.0_warmup20/cars/longtail_if0.1_ltseed0/seed1_npu0 DATASET.NUM_SHOTS -1 DATASET.LONG_TAIL.IMB_FACTOR 0.1 DATASET.LONG_TAIL.SEED 0 DATALOADER.TRAIN_X.SAMPLER RandomSampler DATALOADER.TEST.BATCH_SIZE 16 OPTIM.MAX_EPOCH 130 TRAINER.COOP_THREE_STAGE_CSC.CSC_START_EPOCH 55 TRAINER.COOP_THREE_STAGE_CSC.PHASE2_LR 0.001 TRAINER.COOP_THREE_STAGE_CSC.PHASE3_LR 0.01 TRAINER.COOP_THREE_STAGE_CSC.BETA 0.9999 TRAINER.COOP_THREE_STAGE_VIT.VARIANT 5m TRAINER.COOP_THREE_STAGE_VIT.PRETRAINED_TYPE 1k TRAINER.COOP_THREE_STAGE_VIT.STUDENT_LR 0.00005 TRAINER.COOP_THREE_STAGE_CSC_LTKD.ALPHA 1.0 TRAINER.COOP_THREE_STAGE_CSC_LTKD.BETA 8.0 TRAINER.COOP_THREE_STAGE_CSC_LTKD.TEMPERATURE 4.0 TRAINER.COOP_THREE_STAGE_CSC_LTKD.WARMUP 20
4000314 Sl+  pt_data_worker  /home/data4t1/wangjielei/anaconda3/envs/dassl/bin/python train.py --root /home/data4t2/hxwDir/data --seed 1 --trainer CoOpThreeStageCSCTinyViTLTKD --dataset-config-file configs/datasets/long_tail/stanford_cars_lt.yaml --config-file configs/trainers/CoOp/vit_b16_ep130_three_stage_csc_tiny_vit_ltkd.yaml --output-dir /home/data4t2/czhDir/PromptKD/output/long_tail_three_stage_csc_tiny_vit_ltkd/5m_1k/alpha1.0_beta8.0_T4.0_warmup20/cars/longtail_if0.1_ltseed0/seed1_npu0 DATASET.NUM_SHOTS -1 DATASET.LONG_TAIL.IMB_FACTOR 0.1 DATASET.LONG_TAIL.SEED 0 DATALOADER.TRAIN_X.SAMPLER RandomSampler DATALOADER.TEST.BATCH_SIZE 16 OPTIM.MAX_EPOCH 130 TRAINER.COOP_THREE_STAGE_CSC.CSC_START_EPOCH 55 TRAINER.COOP_THREE_STAGE_CSC.PHASE2_LR 0.001 TRAINER.COOP_THREE_STAGE_CSC.PHASE3_LR 0.01 TRAINER.COOP_THREE_STAGE_CSC.BETA 0.9999 TRAINER.COOP_THREE_STAGE_VIT.VARIANT 5m TRAINER.COOP_THREE_STAGE_VIT.PRETRAINED_TYPE 1k TRAINER.COOP_THREE_STAGE_VIT.STUDENT_LR 0.00005 TRAINER.COOP_THREE_STAGE_CSC_LTKD.ALPHA 1.0 TRAINER.COOP_THREE_STAGE_CSC_LTKD.BETA 8.0 TRAINER.COOP_THREE_STAGE_CSC_LTKD.TEMPERATURE 4.0 TRAINER.COOP_THREE_STAGE_CSC_LTKD.WARMUP 20
4000353 Sl+  pt_data_worker  /home/data4t1/wangjielei/anaconda3/envs/dassl/bin/python train.py --root /home/data4t2/hxwDir/data --seed 1 --trainer CoOpThreeStageCSCTinyViTLTKD --dataset-config-file configs/datasets/long_tail/stanford_cars_lt.yaml --config-file configs/trainers/CoOp/vit_b16_ep130_three_stage_csc_tiny_vit_ltkd.yaml --output-dir /home/data4t2/czhDir/PromptKD/output/long_tail_three_stage_csc_tiny_vit_ltkd/5m_1k/alpha1.0_beta8.0_T4.0_warmup20/cars/longtail_if0.1_ltseed0/seed1_npu0 DATASET.NUM_SHOTS -1 DATASET.LONG_TAIL.IMB_FACTOR 0.1 DATASET.LONG_TAIL.SEED 0 DATALOADER.TRAIN_X.SAMPLER RandomSampler DATALOADER.TEST.BATCH_SIZE 16 OPTIM.MAX_EPOCH 130 TRAINER.COOP_THREE_STAGE_CSC.CSC_START_EPOCH 55 TRAINER.COOP_THREE_STAGE_CSC.PHASE2_LR 0.001 TRAINER.COOP_THREE_STAGE_CSC.PHASE3_LR 0.01 TRAINER.COOP_THREE_STAGE_CSC.BETA 0.9999 TRAINER.COOP_THREE_STAGE_VIT.VARIANT 5m TRAINER.COOP_THREE_STAGE_VIT.PRETRAINED_TYPE 1k TRAINER.COOP_THREE_STAGE_VIT.STUDENT_LR 0.00005 TRAINER.COOP_THREE_STAGE_CSC_LTKD.ALPHA 1.0 TRAINER.COOP_THREE_STAGE_CSC_LTKD.BETA 8.0 TRAINER.COOP_THREE_STAGE_CSC_LTKD.TEMPERATURE 4.0 TRAINER.COOP_THREE_STAGE_CSC_LTKD.WARMUP 20
4000404 Sl+  pt_data_worker  /home/data4t1/wangjielei/anaconda3/envs/dassl/bin/python train.py --root /home/data4t2/hxwDir/data --seed 1 --trainer CoOpThreeStageCSCTinyViTLTKD --dataset-config-file configs/datasets/long_tail/stanford_cars_lt.yaml --config-file configs/trainers/CoOp/vit_b16_ep130_three_stage_csc_tiny_vit_ltkd.yaml --output-dir /home/data4t2/czhDir/PromptKD/output/long_tail_three_stage_csc_tiny_vit_ltkd/5m_1k/alpha1.0_beta8.0_T4.0_warmup20/cars/longtail_if0.1_ltseed0/seed1_npu0 DATASET.NUM_SHOTS -1 DATASET.LONG_TAIL.IMB_FACTOR 0.1 DATASET.LONG_TAIL.SEED 0 DATALOADER.TRAIN_X.SAMPLER RandomSampler DATALOADER.TEST.BATCH_SIZE 16 OPTIM.MAX_EPOCH 130 TRAINER.COOP_THREE_STAGE_CSC.CSC_START_EPOCH 55 TRAINER.COOP_THREE_STAGE_CSC.PHASE2_LR 0.001 TRAINER.COOP_THREE_STAGE_CSC.PHASE3_LR 0.01 TRAINER.COOP_THREE_STAGE_CSC.BETA 0.9999 TRAINER.COOP_THREE_STAGE_VIT.VARIANT 5m TRAINER.COOP_THREE_STAGE_VIT.PRETRAINED_TYPE 1k TRAINER.COOP_THREE_STAGE_VIT.STUDENT_LR 0.00005 TRAINER.COOP_THREE_STAGE_CSC_LTKD.ALPHA 1.0 TRAINER.COOP_THREE_STAGE_CSC_LTKD.BETA 8.0 TRAINER.COOP_THREE_STAGE_CSC_LTKD.TEMPERATURE 4.0 TRAINER.COOP_THREE_STAGE_CSC_LTKD.WARMUP 20
4000424 Sl+  pt_data_worker  /home/data4t1/wangjielei/anaconda3/envs/dassl/bin/python train.py --root /home/data4t2/hxwDir/data --seed 1 --trainer CoOpThreeStageCSCTinyViTLTKD --dataset-config-file configs/datasets/long_tail/stanford_cars_lt.yaml --config-file configs/trainers/CoOp/vit_b16_ep130_three_stage_csc_tiny_vit_ltkd.yaml --output-dir /home/data4t2/czhDir/PromptKD/output/long_tail_three_stage_csc_tiny_vit_ltkd/5m_1k/alpha1.0_beta8.0_T4.0_warmup20/cars/longtail_if0.1_ltseed0/seed1_npu0 DATASET.NUM_SHOTS -1 DATASET.LONG_TAIL.IMB_FACTOR 0.1 DATASET.LONG_TAIL.SEED 0 DATALOADER.TRAIN_X.SAMPLER RandomSampler DATALOADER.TEST.BATCH_SIZE 16 OPTIM.MAX_EPOCH 130 TRAINER.COOP_THREE_STAGE_CSC.CSC_START_EPOCH 55 TRAINER.COOP_THREE_STAGE_CSC.PHASE2_LR 0.001 TRAINER.COOP_THREE_STAGE_CSC.PHASE3_LR 0.01 TRAINER.COOP_THREE_STAGE_CSC.BETA 0.9999 TRAINER.COOP_THREE_STAGE_VIT.VARIANT 5m TRAINER.COOP_THREE_STAGE_VIT.PRETRAINED_TYPE 1k TRAINER.COOP_THREE_STAGE_VIT.STUDENT_LR 0.00005 TRAINER.COOP_THREE_STAGE_CSC_LTKD.ALPHA 1.0 TRAINER.COOP_THREE_STAGE_CSC_LTKD.BETA 8.0 TRAINER.COOP_THREE_STAGE_CSC_LTKD.TEMPERATURE 4.0 TRAINER.COOP_THREE_STAGE_CSC_LTKD.WARMUP 20
4000446 Sl+  pt_data_worker  /home/data4t1/wangjielei/anaconda3/envs/dassl/bin/python train.py --root /home/data4t2/hxwDir/data --seed 1 --trainer CoOpThreeStageCSCTinyViTLTKD --dataset-config-file configs/datasets/long_tail/stanford_cars_lt.yaml --config-file configs/trainers/CoOp/vit_b16_ep130_three_stage_csc_tiny_vit_ltkd.yaml --output-dir /home/data4t2/czhDir/PromptKD/output/long_tail_three_stage_csc_tiny_vit_ltkd/5m_1k/alpha1.0_beta8.0_T4.0_warmup20/cars/longtail_if0.1_ltseed0/seed1_npu0 DATASET.NUM_SHOTS -1 DATASET.LONG_TAIL.IMB_FACTOR 0.1 DATASET.LONG_TAIL.SEED 0 DATALOADER.TRAIN_X.SAMPLER RandomSampler DATALOADER.TEST.BATCH_SIZE 16 OPTIM.MAX_EPOCH 130 TRAINER.COOP_THREE_STAGE_CSC.CSC_START_EPOCH 55 TRAINER.COOP_THREE_STAGE_CSC.PHASE2_LR 0.001 TRAINER.COOP_THREE_STAGE_CSC.PHASE3_LR 0.01 TRAINER.COOP_THREE_STAGE_CSC.BETA 0.9999 TRAINER.COOP_THREE_STAGE_VIT.VARIANT 5m TRAINER.COOP_THREE_STAGE_VIT.PRETRAINED_TYPE 1k TRAINER.COOP_THREE_STAGE_VIT.STUDENT_LR 0.00005 TRAINER.COOP_THREE_STAGE_CSC_LTKD.ALPHA 1.0 TRAINER.COOP_THREE_STAGE_CSC_LTKD.BETA 8.0 TRAINER.COOP_THREE_STAGE_CSC_LTKD.TEMPERATURE 4.0 TRAINER.COOP_THREE_STAGE_CSC_LTKD.WARMUP 20
4000465 Sl+  pt_data_worker  /home/data4t1/wangjielei/anaconda3/envs/dassl/bin/python train.py --root /home/data4t2/hxwDir/data --seed 1 --trainer CoOpThreeStageCSCTinyViTLTKD --dataset-config-file configs/datasets/long_tail/stanford_cars_lt.yaml --config-file configs/trainers/CoOp/vit_b16_ep130_three_stage_csc_tiny_vit_ltkd.yaml --output-dir /home/data4t2/czhDir/PromptKD/output/long_tail_three_stage_csc_tiny_vit_ltkd/5m_1k/alpha1.0_beta8.0_T4.0_warmup20/cars/longtail_if0.1_ltseed0/seed1_npu0 DATASET.NUM_SHOTS -1 DATASET.LONG_TAIL.IMB_FACTOR 0.1 DATASET.LONG_TAIL.SEED 0 DATALOADER.TRAIN_X.SAMPLER RandomSampler DATALOADER.TEST.BATCH_SIZE 16 OPTIM.MAX_EPOCH 130 TRAINER.COOP_THREE_STAGE_CSC.CSC_START_EPOCH 55 TRAINER.COOP_THREE_STAGE_CSC.PHASE2_LR 0.001 TRAINER.COOP_THREE_STAGE_CSC.PHASE3_LR 0.01 TRAINER.COOP_THREE_STAGE_CSC.BETA 0.9999 TRAINER.COOP_THREE_STAGE_VIT.VARIANT 5m TRAINER.COOP_THREE_STAGE_VIT.PRETRAINED_TYPE 1k TRAINER.COOP_THREE_STAGE_VIT.STUDENT_LR 0.00005 TRAINER.COOP_THREE_STAGE_CSC_LTKD.ALPHA 1.0 TRAINER.COOP_THREE_STAGE_CSC_LTKD.BETA 8.0 TRAINER.COOP_THREE_STAGE_CSC_LTKD.TEMPERATURE 4.0 TRAINER.COOP_THREE_STAGE_CSC_LTKD.WARMUP 20
4001113 SN   sleep           sleep 600
4002924 I    kworker/185:2-m [kworker/185:2-mm_percpu_wq]
4003732 I    kworker/168:2-e [kworker/168:2-events]
4004424 I    kworker/118:1-e [kworker/118:1-events]
4004678 I    kworker/179:2-m [kworker/179:2-mm_percpu_wq]
4005255 I    kworker/52:0-ev [kworker/52:0-events]
4005317 I    kworker/21:2    [kworker/21:2]
4005427 I    kworker/103:1-e [kworker/103:1-events]
4005546 I    kworker/8:0-mm_ [kworker/8:0-mm_percpu_wq]
4005556 Sl+  pt_data_worker  /home/data4t1/wangjielei/anaconda3/envs/dassl/bin/python train.py --root /home/data4t2/hxwDir/data --seed 1 --trainer CoOpThreeStageCSCTinyViTLTKD --dataset-config-file configs/datasets/long_tail/oxford_flowers_lt.yaml --config-file configs/trainers/CoOp/vit_b16_ep130_three_stage_csc_tiny_vit_ltkd.yaml --output-dir /home/data4t2/czhDir/PromptKD/output/long_tail_three_stage_csc_tiny_vit_ltkd/5m_1k/alpha1.0_beta8.0_T4.0_warmup20/flowers/longtail_if0.1_ltseed0/seed1_npu1 DATASET.NUM_SHOTS -1 DATASET.LONG_TAIL.IMB_FACTOR 0.1 DATASET.LONG_TAIL.SEED 0 DATALOADER.TRAIN_X.SAMPLER RandomSampler DATALOADER.TEST.BATCH_SIZE 16 OPTIM.MAX_EPOCH 130 TRAINER.COOP_THREE_STAGE_CSC.CSC_START_EPOCH 55 TRAINER.COOP_THREE_STAGE_CSC.PHASE2_LR 0.001 TRAINER.COOP_THREE_STAGE_CSC.PHASE3_LR 0.01 TRAINER.COOP_THREE_STAGE_CSC.BETA 0.9999 TRAINER.COOP_THREE_STAGE_VIT.VARIANT 5m TRAINER.COOP_THREE_STAGE_VIT.PRETRAINED_TYPE 1k TRAINER.COOP_THREE_STAGE_VIT.STUDENT_LR 0.00005 TRAINER.COOP_THREE_STAGE_CSC_LTKD.ALPHA 1.0 TRAINER.COOP_THREE_STAGE_CSC_LTKD.BETA 8.0 TRAINER.COOP_THREE_STAGE_CSC_LTKD.TEMPERATURE 4.0 TRAINER.COOP_THREE_STAGE_CSC_LTKD.WARMUP 20
4005595 Sl+  pt_data_worker  /home/data4t1/wangjielei/anaconda3/envs/dassl/bin/python train.py --root /home/data4t2/hxwDir/data --seed 1 --trainer CoOpThreeStageCSCTinyViTLTKD --dataset-config-file configs/datasets/long_tail/oxford_flowers_lt.yaml --config-file configs/trainers/CoOp/vit_b16_ep130_three_stage_csc_tiny_vit_ltkd.yaml --output-dir /home/data4t2/czhDir/PromptKD/output/long_tail_three_stage_csc_tiny_vit_ltkd/5m_1k/alpha1.0_beta8.0_T4.0_warmup20/flowers/longtail_if0.1_ltseed0/seed1_npu1 DATASET.NUM_SHOTS -1 DATASET.LONG_TAIL.IMB_FACTOR 0.1 DATASET.LONG_TAIL.SEED 0 DATALOADER.TRAIN_X.SAMPLER RandomSampler DATALOADER.TEST.BATCH_SIZE 16 OPTIM.MAX_EPOCH 130 TRAINER.COOP_THREE_STAGE_CSC.CSC_START_EPOCH 55 TRAINER.COOP_THREE_STAGE_CSC.PHASE2_LR 0.001 TRAINER.COOP_THREE_STAGE_CSC.PHASE3_LR 0.01 TRAINER.COOP_THREE_STAGE_CSC.BETA 0.9999 TRAINER.COOP_THREE_STAGE_VIT.VARIANT 5m TRAINER.COOP_THREE_STAGE_VIT.PRETRAINED_TYPE 1k TRAINER.COOP_THREE_STAGE_VIT.STUDENT_LR 0.00005 TRAINER.COOP_THREE_STAGE_CSC_LTKD.ALPHA 1.0 TRAINER.COOP_THREE_STAGE_CSC_LTKD.BETA 8.0 TRAINER.COOP_THREE_STAGE_CSC_LTKD.TEMPERATURE 4.0 TRAINER.COOP_THREE_STAGE_CSC_LTKD.WARMUP 20
4005614 Sl+  pt_data_worker  /home/data4t1/wangjielei/anaconda3/envs/dassl/bin/python train.py --root /home/data4t2/hxwDir/data --seed 1 --trainer CoOpThreeStageCSCTinyViTLTKD --dataset-config-file configs/datasets/long_tail/oxford_flowers_lt.yaml --config-file configs/trainers/CoOp/vit_b16_ep130_three_stage_csc_tiny_vit_ltkd.yaml --output-dir /home/data4t2/czhDir/PromptKD/output/long_tail_three_stage_csc_tiny_vit_ltkd/5m_1k/alpha1.0_beta8.0_T4.0_warmup20/flowers/longtail_if0.1_ltseed0/seed1_npu1 DATASET.NUM_SHOTS -1 DATASET.LONG_TAIL.IMB_FACTOR 0.1 DATASET.LONG_TAIL.SEED 0 DATALOADER.TRAIN_X.SAMPLER RandomSampler DATALOADER.TEST.BATCH_SIZE 16 OPTIM.MAX_EPOCH 130 TRAINER.COOP_THREE_STAGE_CSC.CSC_START_EPOCH 55 TRAINER.COOP_THREE_STAGE_CSC.PHASE2_LR 0.001 TRAINER.COOP_THREE_STAGE_CSC.PHASE3_LR 0.01 TRAINER.COOP_THREE_STAGE_CSC.BETA 0.9999 TRAINER.COOP_THREE_STAGE_VIT.VARIANT 5m TRAINER.COOP_THREE_STAGE_VIT.PRETRAINED_TYPE 1k TRAINER.COOP_THREE_STAGE_VIT.STUDENT_LR 0.00005 TRAINER.COOP_THREE_STAGE_CSC_LTKD.ALPHA 1.0 TRAINER.COOP_THREE_STAGE_CSC_LTKD.BETA 8.0 TRAINER.COOP_THREE_STAGE_CSC_LTKD.TEMPERATURE 4.0 TRAINER.COOP_THREE_STAGE_CSC_LTKD.WARMUP 20
4005653 Sl+  pt_data_worker  /home/data4t1/wangjielei/anaconda3/envs/dassl/bin/python train.py --root /home/data4t2/hxwDir/data --seed 1 --trainer CoOpThreeStageCSCTinyViTLTKD --dataset-config-file configs/datasets/long_tail/oxford_flowers_lt.yaml --config-file configs/trainers/CoOp/vit_b16_ep130_three_stage_csc_tiny_vit_ltkd.yaml --output-dir /home/data4t2/czhDir/PromptKD/output/long_tail_three_stage_csc_tiny_vit_ltkd/5m_1k/alpha1.0_beta8.0_T4.0_warmup20/flowers/longtail_if0.1_ltseed0/seed1_npu1 DATASET.NUM_SHOTS -1 DATASET.LONG_TAIL.IMB_FACTOR 0.1 DATASET.LONG_TAIL.SEED 0 DATALOADER.TRAIN_X.SAMPLER RandomSampler DATALOADER.TEST.BATCH_SIZE 16 OPTIM.MAX_EPOCH 130 TRAINER.COOP_THREE_STAGE_CSC.CSC_START_EPOCH 55 TRAINER.COOP_THREE_STAGE_CSC.PHASE2_LR 0.001 TRAINER.COOP_THREE_STAGE_CSC.PHASE3_LR 0.01 TRAINER.COOP_THREE_STAGE_CSC.BETA 0.9999 TRAINER.COOP_THREE_STAGE_VIT.VARIANT 5m TRAINER.COOP_THREE_STAGE_VIT.PRETRAINED_TYPE 1k TRAINER.COOP_THREE_STAGE_VIT.STUDENT_LR 0.00005 TRAINER.COOP_THREE_STAGE_CSC_LTKD.ALPHA 1.0 TRAINER.COOP_THREE_STAGE_CSC_LTKD.BETA 8.0 TRAINER.COOP_THREE_STAGE_CSC_LTKD.TEMPERATURE 4.0 TRAINER.COOP_THREE_STAGE_CSC_LTKD.WARMUP 20
4005698 Sl+  pt_data_worker  /home/data4t1/wangjielei/anaconda3/envs/dassl/bin/python train.py --root /home/data4t2/hxwDir/data --seed 1 --trainer CoOpThreeStageCSCTinyViTLTKD --dataset-config-file configs/datasets/long_tail/oxford_flowers_lt.yaml --config-file configs/trainers/CoOp/vit_b16_ep130_three_stage_csc_tiny_vit_ltkd.yaml --output-dir /home/data4t2/czhDir/PromptKD/output/long_tail_three_stage_csc_tiny_vit_ltkd/5m_1k/alpha1.0_beta8.0_T4.0_warmup20/flowers/longtail_if0.1_ltseed0/seed1_npu1 DATASET.NUM_SHOTS -1 DATASET.LONG_TAIL.IMB_FACTOR 0.1 DATASET.LONG_TAIL.SEED 0 DATALOADER.TRAIN_X.SAMPLER RandomSampler DATALOADER.TEST.BATCH_SIZE 16 OPTIM.MAX_EPOCH 130 TRAINER.COOP_THREE_STAGE_CSC.CSC_START_EPOCH 55 TRAINER.COOP_THREE_STAGE_CSC.PHASE2_LR 0.001 TRAINER.COOP_THREE_STAGE_CSC.PHASE3_LR 0.01 TRAINER.COOP_THREE_STAGE_CSC.BETA 0.9999 TRAINER.COOP_THREE_STAGE_VIT.VARIANT 5m TRAINER.COOP_THREE_STAGE_VIT.PRETRAINED_TYPE 1k TRAINER.COOP_THREE_STAGE_VIT.STUDENT_LR 0.00005 TRAINER.COOP_THREE_STAGE_CSC_LTKD.ALPHA 1.0 TRAINER.COOP_THREE_STAGE_CSC_LTKD.BETA 8.0 TRAINER.COOP_THREE_STAGE_CSC_LTKD.TEMPERATURE 4.0 TRAINER.COOP_THREE_STAGE_CSC_LTKD.WARMUP 20
4005720 Sl+  pt_data_worker  /home/data4t1/wangjielei/anaconda3/envs/dassl/bin/python train.py --root /home/data4t2/hxwDir/data --seed 1 --trainer CoOpThreeStageCSCTinyViTLTKD --dataset-config-file configs/datasets/long_tail/oxford_flowers_lt.yaml --config-file configs/trainers/CoOp/vit_b16_ep130_three_stage_csc_tiny_vit_ltkd.yaml --output-dir /home/data4t2/czhDir/PromptKD/output/long_tail_three_stage_csc_tiny_vit_ltkd/5m_1k/alpha1.0_beta8.0_T4.0_warmup20/flowers/longtail_if0.1_ltseed0/seed1_npu1 DATASET.NUM_SHOTS -1 DATASET.LONG_TAIL.IMB_FACTOR 0.1 DATASET.LONG_TAIL.SEED 0 DATALOADER.TRAIN_X.SAMPLER RandomSampler DATALOADER.TEST.BATCH_SIZE 16 OPTIM.MAX_EPOCH 130 TRAINER.COOP_THREE_STAGE_CSC.CSC_START_EPOCH 55 TRAINER.COOP_THREE_STAGE_CSC.PHASE2_LR 0.001 TRAINER.COOP_THREE_STAGE_CSC.PHASE3_LR 0.01 TRAINER.COOP_THREE_STAGE_CSC.BETA 0.9999 TRAINER.COOP_THREE_STAGE_VIT.VARIANT 5m TRAINER.COOP_THREE_STAGE_VIT.PRETRAINED_TYPE 1k TRAINER.COOP_THREE_STAGE_VIT.STUDENT_LR 0.00005 TRAINER.COOP_THREE_STAGE_CSC_LTKD.ALPHA 1.0 TRAINER.COOP_THREE_STAGE_CSC_LTKD.BETA 8.0 TRAINER.COOP_THREE_STAGE_CSC_LTKD.TEMPERATURE 4.0 TRAINER.COOP_THREE_STAGE_CSC_LTKD.WARMUP 20
4005748 Sl+  pt_data_worker  /home/data4t1/wangjielei/anaconda3/envs/dassl/bin/python train.py --root /home/data4t2/hxwDir/data --seed 1 --trainer CoOpThreeStageCSCTinyViTLTKD --dataset-config-file configs/datasets/long_tail/oxford_flowers_lt.yaml --config-file configs/trainers/CoOp/vit_b16_ep130_three_stage_csc_tiny_vit_ltkd.yaml --output-dir /home/data4t2/czhDir/PromptKD/output/long_tail_three_stage_csc_tiny_vit_ltkd/5m_1k/alpha1.0_beta8.0_T4.0_warmup20/flowers/longtail_if0.1_ltseed0/seed1_npu1 DATASET.NUM_SHOTS -1 DATASET.LONG_TAIL.IMB_FACTOR 0.1 DATASET.LONG_TAIL.SEED 0 DATALOADER.TRAIN_X.SAMPLER RandomSampler DATALOADER.TEST.BATCH_SIZE 16 OPTIM.MAX_EPOCH 130 TRAINER.COOP_THREE_STAGE_CSC.CSC_START_EPOCH 55 TRAINER.COOP_THREE_STAGE_CSC.PHASE2_LR 0.001 TRAINER.COOP_THREE_STAGE_CSC.PHASE3_LR 0.01 TRAINER.COOP_THREE_STAGE_CSC.BETA 0.9999 TRAINER.COOP_THREE_STAGE_VIT.VARIANT 5m TRAINER.COOP_THREE_STAGE_VIT.PRETRAINED_TYPE 1k TRAINER.COOP_THREE_STAGE_VIT.STUDENT_LR 0.00005 TRAINER.COOP_THREE_STAGE_CSC_LTKD.ALPHA 1.0 TRAINER.COOP_THREE_STAGE_CSC_LTKD.BETA 8.0 TRAINER.COOP_THREE_STAGE_CSC_LTKD.TEMPERATURE 4.0 TRAINER.COOP_THREE_STAGE_CSC_LTKD.WARMUP 20
4005785 Sl+  pt_data_worker  /home/data4t1/wangjielei/anaconda3/envs/dassl/bin/python train.py --root /home/data4t2/hxwDir/data --seed 1 --trainer CoOpThreeStageCSCTinyViTLTKD --dataset-config-file configs/datasets/long_tail/oxford_flowers_lt.yaml --config-file configs/trainers/CoOp/vit_b16_ep130_three_stage_csc_tiny_vit_ltkd.yaml --output-dir /home/data4t2/czhDir/PromptKD/output/long_tail_three_stage_csc_tiny_vit_ltkd/5m_1k/alpha1.0_beta8.0_T4.0_warmup20/flowers/longtail_if0.1_ltseed0/seed1_npu1 DATASET.NUM_SHOTS -1 DATASET.LONG_TAIL.IMB_FACTOR 0.1 DATASET.LONG_TAIL.SEED 0 DATALOADER.TRAIN_X.SAMPLER RandomSampler DATALOADER.TEST.BATCH_SIZE 16 OPTIM.MAX_EPOCH 130 TRAINER.COOP_THREE_STAGE_CSC.CSC_START_EPOCH 55 TRAINER.COOP_THREE_STAGE_CSC.PHASE2_LR 0.001 TRAINER.COOP_THREE_STAGE_CSC.PHASE3_LR 0.01 TRAINER.COOP_THREE_STAGE_CSC.BETA 0.9999 TRAINER.COOP_THREE_STAGE_VIT.VARIANT 5m TRAINER.COOP_THREE_STAGE_VIT.PRETRAINED_TYPE 1k TRAINER.COOP_THREE_STAGE_VIT.STUDENT_LR 0.00005 TRAINER.COOP_THREE_STAGE_CSC_LTKD.ALPHA 1.0 TRAINER.COOP_THREE_STAGE_CSC_LTKD.BETA 8.0 TRAINER.COOP_THREE_STAGE_CSC_LTKD.TEMPERATURE 4.0 TRAINER.COOP_THREE_STAGE_CSC_LTKD.WARMUP 20
4005948 Ss   bash            /bin/bash -lc set -o pipefail RUN_DIR='本地实验/ROW-SCALE-HOIST-X/V062/local' PARENT='/tmp/cann-row-scale-hoist-x-v062-local-20261008T1907Z/v062_local_parent' CANDIDATE='/tmp/cann-row-scale-hoist-x-v062-local-20261008T1907Z/v062_local_candidate' export ASCEND_HOME_PATH='/usr/local/Ascend/ascend-toolkit/latest' export ASC_DIR='/usr/local/Ascend/ascend-toolkit/latest/aarch64-linux/tikcpp/ascendc_kernel_cmake' . "$ASCEND_HOME_PATH/set_env.sh" > "$RUN_DIR/environment-source-run.log" 2>&1 printf 'V062_LOCAL_INVOCATION\nREVISION=V062\nDEVICE=0\nSHAPE=128x128\nDTYPE=BF16\nWARMUPS_PER_INVOCATION=20\nSAMPLES_PER_INVOCATION=32\nPROTOCOL=Parent stability then four interleaved Parent/Candidate blocks\nPARENT_EXECUTABLE=%s\nCANDIDATE_EXECUTABLE=%s\nSTART_UTC=%s\n' "$PARENT" "$CANDIDATE" "$(date -u +%Y-%m-%dT%H:%M:%SZ)" > "$RUN_DIR/local-invocation.txt" npu-smi info > "$RUN_DIR/device-snapshot-before-local.log" 2>&1 ps -eo pid,stat,comm,args --sort=pid > "$RUN_DIR/process-snapshot-before-local.log" 2>&1 : > "$RUN_DIR/invocation-status.tsv" run_one() {   local label="$1"   local exe="$2"   local log="$3"   local start end rc   start="$(date -u +%Y-%m-%dT%H:%M:%SZ)"   {     printf 'INVOCATION=%s\nSTART_UTC=%s\nEXECUTABLE=%s\n' "$label" "$start" "$exe"     "$exe"     rc=$?     end="$(date -u +%Y-%m-%dT%H:%M:%SZ)"     printf 'END_UTC=%s\nEXIT_CODE=%s\n' "$end" "$rc"   } 2>&1 | tee "$RUN_DIR/$log"   rc=${PIPESTATUS[0]}   printf '%s\t%s\t%s\t%s\t%s\n' "$label" "$start" "$end" "$rc" "$log" >> "$RUN_DIR/invocation-status.tsv"   return "$rc" } set +e run_one PARENT_STABILITY "$PARENT" parent-stability.log run_one PARENT_BLOCK1 "$PARENT" parent-block1.log run_one CANDIDATE_BLOCK1 "$CANDIDATE" candidate-block1.log run_one PARENT_BLOCK2 "$PARENT" parent-block2.log run_one CANDIDATE_BLOCK2 "$CANDIDATE" candidate-block2.log run_one PARENT_BLOCK3 "$PARENT" parent-block3.log run_one CANDIDATE_BLOCK3 "$CANDIDATE" candidate-block3.log run_one PARENT_BLOCK4 "$PARENT" parent-block4.log run_one CANDIDATE_BLOCK4 "$CANDIDATE" candidate-block4.log overall=0 while IFS=$'\t' read -r label start end rc log; do   if [ "$rc" != 0 ]; then overall=1; fi done < "$RUN_DIR/invocation-status.tsv" npu-smi info > "$RUN_DIR/device-snapshot-after-local.log" 2>&1 ps -eo pid,stat,comm,args --sort=pid > "$RUN_DIR/process-snapshot-after-local.log" 2>&1 printf 'END_UTC=%s\nOVERALL_EXIT=%s\n' "$(date -u +%Y-%m-%dT%H:%M:%SZ)" "$overall" >> "$RUN_DIR/local-invocation.txt" exit "$overall"
4006057 S    sh              /bin/sh -c "/home/data4t1/wangjielei/.vscode-server/cli/servers/Stable-a44adf7f53e00964ab890f9f8758a334f1fc15bc/server/out/vs/base/node/cpuUsage.sh" 1837649 1935396 1935405 3150455
4006058 S    cpuUsage.sh     /bin/bash /home/data4t1/wangjielei/.vscode-server/cli/servers/Stable-a44adf7f53e00964ab890f9f8758a334f1fc15bc/server/out/vs/base/node/cpuUsage.sh 1837649 1935396 1935405 3150455
4006064 S    sleep           sleep 1
4006065 Sl+  npu-smi         npu-smi info
4006085 Sl+  npu-smi         npu-smi info
4006105 I    kworker/u389:2  [kworker/u389:2]
4006115 R    ps              ps -eo pid,stat,comm,args --sort=pid
4006118 S    sh              /bin/sh -c /usr/bin/ps -ax -o pid=,ppid=,pcpu=,pmem=,command=
4006119 R    ps              /usr/bin/ps -ax -o pid=,ppid=,pcpu=,pmem=,command=
4020010 Ssl  gvfsd           /usr/libexec/gvfsd
4020016 Ssl  gvfsd-metadata  /usr/libexec/gvfsd-metadata
4029817 Ss   sshd            sshd: lelinfeng [priv]
4030066 S    sshd            sshd: lelinfeng
4143662 Ss+  bash            -bash
4160706 Ssl  cpa-usage-keepe /home/data4t1/hxw/.local/opt/cpa-usage-keeper/cpa-usage-keeper -env /home/data4t1/hxw/.local/opt/cpa-usage-keeper/.env
4178764 Sl+  nputop          /home/data4t1/wangjielei/anaconda3/envs/dassl/bin/python3.10 /home/data4t1/wangjielei/anaconda3/envs/dassl/bin/nputop
4183295 Sl   gvfsd-trash     /usr/libexec/gvfsd-trash --spawner :1.7 /org/gtk/gvfs/exec_spaw/0
