Device_id,Model ID,Task ID,Stream ID,Op Name,OP Type,OP State,Task Type,Task Start Time(us),Task Duration(us),Task Wait Time(us),Block Dim,Mix Block Dim,HF32 Eligible,Input Shapes,Input Data Types,Input Formats,Output Shapes,Output Data Types,Output Formats,Context ID
4,4294967295,0,459,_Z24add_rms_norm_bias_customIu6__bf16EvPhS0_S0_S0_S0_mmjff,_Z24add_rms_norm_bias_customIu6__bf16EvPhS0_S0_S0_S0_mmjff,dynamic,AI_VECTOR_CORE,1791436096630098.402	,24.020,0,40,0,NO,N/A,N/A,N/A,N/A,N/A,N/A,N/A
4,4294967295,1,459,_Z24add_rms_norm_bias_customIu6__bf16EvPhS0_S0_S0_S0_mmjff,_Z24add_rms_norm_bias_customIu6__bf16EvPhS0_S0_S0_S0_mmjff,dynamic,AI_VECTOR_CORE,1791436096630291.626	,13.460,169.230000,40,0,NO,N/A,N/A,N/A,N/A,N/A,N/A,N/A
4,4294967295,3,459,_Z24add_rms_norm_bias_customIu6__bf16EvPhS0_S0_S0_S0_mmjff,_Z24add_rms_norm_bias_customIu6__bf16EvPhS0_S0_S0_S0_mmjff,dynamic,AI_VECTOR_CORE,1791436096630532.630	,13.580,227.540000,40,0,NO,N/A,N/A,N/A,N/A,N/A,N/A,N/A
4,4294967295,4,459,_Z24add_rms_norm_bias_customIu6__bf16EvPhS0_S0_S0_S0_mmjff,_Z24add_rms_norm_bias_customIu6__bf16EvPhS0_S0_S0_S0_mmjff,dynamic,AI_VECTOR_CORE,1791436096630656.254	,13.560,109.920000,40,0,NO,N/A,N/A,N/A,N/A,N/A,N/A,N/A
4,4294967295,6,459,_Z24add_rms_norm_bias_customIu6__bf16EvPhS0_S0_S0_S0_mmjff,_Z24add_rms_norm_bias_customIu6__bf16EvPhS0_S0_S0_S0_mmjff,dynamic,AI_VECTOR_CORE,1791436096630781.114	,13.820,111.190000,40,0,NO,N/A,N/A,N/A,N/A,N/A,N/A,N/A
4,4294967295,8,459,_Z24add_rms_norm_bias_customIu6__bf16EvPhS0_S0_S0_S0_mmjff,_Z24add_rms_norm_bias_customIu6__bf16EvPhS0_S0_S0_S0_mmjff,dynamic,AI_VECTOR_CORE,1791436096630906.978	,15.760,112.180000,40,0,NO,N/A,N/A,N/A,N/A,N/A,N/A,N/A
4,4294967295,10,459,_Z24add_rms_norm_bias_customIu6__bf16EvPhS0_S0_S0_S0_mmjff,_Z24add_rms_norm_bias_customIu6__bf16EvPhS0_S0_S0_S0_mmjff,dynamic,AI_VECTOR_CORE,1791436096630971.298	,13.600,48.490000,40,0,NO,N/A,N/A,N/A,N/A,N/A,N/A,N/A
4,4294967295,11,459,_Z24add_rms_norm_bias_customIu6__bf16EvPhS0_S0_S0_S0_mmjff,_Z24add_rms_norm_bias_customIu6__bf16EvPhS0_S0_S0_S0_mmjff,dynamic,AI_VECTOR_CORE,1791436096631160.822	,382.048,175.900000,40,0,NO,N/A,N/A,N/A,N/A,N/A,N/A,N/A
4,4294967295,13,459,_Z24add_rms_norm_bias_customIu6__bf16EvPhS0_S0_S0_S0_mmjff,_Z24add_rms_norm_bias_customIu6__bf16EvPhS0_S0_S0_S0_mmjff,dynamic,AI_VECTOR_CORE,1791436096631816.554	,17.700,273.702000,40,0,NO,N/A,N/A,N/A,N/A,N/A,N/A,N/A
4,4294967295,15,459,_Z24add_rms_norm_bias_customIu6__bf16EvPhS0_S0_S0_S0_mmjff,_Z24add_rms_norm_bias_customIu6__bf16EvPhS0_S0_S0_S0_mmjff,dynamic,AI_VECTOR_CORE,1791436096631899.238	,17.420,65.050000,40,0,NO,N/A,N/A,N/A,N/A,N/A,N/A,N/A
4,4294967295,17,459,_Z24add_rms_norm_bias_customIu6__bf16EvPhS0_S0_S0_S0_mmjff,_Z24add_rms_norm_bias_customIu6__bf16EvPhS0_S0_S0_S0_mmjff,dynamic,AI_VECTOR_CORE,1791436096632099.842	,13.780,183.080000,40,0,NO,N/A,N/A,N/A,N/A,N/A,N/A,N/A
4,4294967295,19,459,_Z24add_rms_norm_bias_customIu6__bf16EvPhS0_S0_S0_S0_mmjff,_Z24add_rms_norm_bias_customIu6__bf16EvPhS0_S0_S0_S0_mmjff,dynamic,AI_VECTOR_CORE,1791436096632196.622	,13.820,82.970000,40,0,NO,N/A,N/A,N/A,N/A,N/A,N/A,N/A
4,4294967295,21,459,_Z24add_rms_norm_bias_customIu6__bf16EvPhS0_S0_S0_S0_mmjff,_Z24add_rms_norm_bias_customIu6__bf16EvPhS0_S0_S0_S0_mmjff,dynamic,AI_VECTOR_CORE,1791436096632370.726	,14.020,160.430000,40,0,NO,N/A,N/A,N/A,N/A,N/A,N/A,N/A
4,4294967295,23,459,_Z24add_rms_norm_bias_customIu6__bf16EvPhS0_S0_S0_S0_mmjff,_Z24add_rms_norm_bias_customIu6__bf16EvPhS0_S0_S0_S0_mmjff,dynamic,AI_VECTOR_CORE,1791436096632535.430	,13.820,150.730000,40,0,NO,N/A,N/A,N/A,N/A,N/A,N/A,N/A
4,4294967295,25,459,_Z24add_rms_norm_bias_customIu6__bf16EvPhS0_S0_S0_S0_mmjff,_Z24add_rms_norm_bias_customIu6__bf16EvPhS0_S0_S0_S0_mmjff,dynamic,AI_VECTOR_CORE,1791436096632716.314	,14.200,166.930000,40,0,NO,N/A,N/A,N/A,N/A,N/A,N/A,N/A
4,4294967295,27,459,_Z24add_rms_norm_bias_customIu6__bf16EvPhS0_S0_S0_S0_mmjff,_Z24add_rms_norm_bias_customIu6__bf16EvPhS0_S0_S0_S0_mmjff,dynamic,AI_VECTOR_CORE,1791436096632908.038	,13.800,177.550000,40,0,NO,N/A,N/A,N/A,N/A,N/A,N/A,N/A
4,4294967295,29,459,_Z24add_rms_norm_bias_customIu6__bf16EvPhS0_S0_S0_S0_mmjff,_Z24add_rms_norm_bias_customIu6__bf16EvPhS0_S0_S0_S0_mmjff,dynamic,AI_VECTOR_CORE,1791436096633097.482	,13.760,175.700000,40,0,NO,N/A,N/A,N/A,N/A,N/A,N/A,N/A
4,4294967295,31,459,_Z24add_rms_norm_bias_customIu6__bf16EvPhS0_S0_S0_S0_mmjff,_Z24add_rms_norm_bias_customIu6__bf16EvPhS0_S0_S0_S0_mmjff,dynamic,AI_VECTOR_CORE,1791436096633204.442	,13.880,93.240000,40,0,NO,N/A,N/A,N/A,N/A,N/A,N/A,N/A
4,4294967295,33,459,_Z24add_rms_norm_bias_customIu6__bf16EvPhS0_S0_S0_S0_mmjff,_Z24add_rms_norm_bias_customIu6__bf16EvPhS0_S0_S0_S0_mmjff,dynamic,AI_VECTOR_CORE,1791436096633308.386	,15.160,90.120000,40,0,NO,N/A,N/A,N/A,N/A,N/A,N/A,N/A
4,4294967295,35,459,_Z24add_rms_norm_bias_customIu6__bf16EvPhS0_S0_S0_S0_mmjff,_Z24add_rms_norm_bias_customIu6__bf16EvPhS0_S0_S0_S0_mmjff,dynamic,AI_VECTOR_CORE,1791436096633406.106	,13.860,82.340000,40,0,NO,N/A,N/A,N/A,N/A,N/A,N/A,N/A
4,4294967295,37,459,_Z24add_rms_norm_bias_customIu6__bf16EvPhS0_S0_S0_S0_mmjff,_Z24add_rms_norm_bias_customIu6__bf16EvPhS0_S0_S0_S0_mmjff,dynamic,AI_VECTOR_CORE,1791436096633496.350	,13.840,76.390000,40,0,NO,N/A,N/A,N/A,N/A,N/A,N/A,N/A
4,4294967295,39,459,_Z24add_rms_norm_bias_customIu6__bf16EvPhS0_S0_S0_S0_mmjff,_Z24add_rms_norm_bias_customIu6__bf16EvPhS0_S0_S0_S0_mmjff,dynamic,AI_VECTOR_CORE,1791436096633683.714	,13.900,173.660000,40,0,NO,N/A,N/A,N/A,N/A,N/A,N/A,N/A
4,4294967295,41,459,_Z24add_rms_norm_bias_customIu6__bf16EvPhS0_S0_S0_S0_mmjff,_Z24add_rms_norm_bias_customIu6__bf16EvPhS0_S0_S0_S0_mmjff,dynamic,AI_VECTOR_CORE,1791436096633789.774	,13.560,92.100000,40,0,NO,N/A,N/A,N/A,N/A,N/A,N/A,N/A
4,4294967295,43,459,_Z24add_rms_norm_bias_customIu6__bf16EvPhS0_S0_S0_S0_mmjff,_Z24add_rms_norm_bias_customIu6__bf16EvPhS0_S0_S0_S0_mmjff,dynamic,AI_VECTOR_CORE,1791436096633944.978	,13.660,141.690000,40,0,NO,N/A,N/A,N/A,N/A,N/A,N/A,N/A
4,4294967295,45,459,_Z24add_rms_norm_bias_customIu6__bf16EvPhS0_S0_S0_S0_mmjff,_Z24add_rms_norm_bias_customIu6__bf16EvPhS0_S0_S0_S0_mmjff,dynamic,AI_VECTOR_CORE,1791436096634021.838	,13.760,63.090000,40,0,NO,N/A,N/A,N/A,N/A,N/A,N/A,N/A
4,4294967295,46,459,_Z24add_rms_norm_bias_customIu6__bf16EvPhS0_S0_S0_S0_mmjff,_Z24add_rms_norm_bias_customIu6__bf16EvPhS0_S0_S0_S0_mmjff,dynamic,AI_VECTOR_CORE,1791436096634144.542	,13.680,108.990000,40,0,NO,N/A,N/A,N/A,N/A,N/A,N/A,N/A
4,4294967295,48,459,_Z24add_rms_norm_bias_customIu6__bf16EvPhS0_S0_S0_S0_mmjff,_Z24add_rms_norm_bias_customIu6__bf16EvPhS0_S0_S0_S0_mmjff,dynamic,AI_VECTOR_CORE,1791436096634205.162	,13.820,47.070000,40,0,NO,N/A,N/A,N/A,N/A,N/A,N/A,N/A
4,4294967295,49,459,_Z24add_rms_norm_bias_customIu6__bf16EvPhS0_S0_S0_S0_mmjff,_Z24add_rms_norm_bias_customIu6__bf16EvPhS0_S0_S0_S0_mmjff,dynamic,AI_VECTOR_CORE,1791436096634324.886	,14.100,105.930000,40,0,NO,N/A,N/A,N/A,N/A,N/A,N/A,N/A
4,4294967295,51,459,_Z24add_rms_norm_bias_customIu6__bf16EvPhS0_S0_S0_S0_mmjff,_Z24add_rms_norm_bias_customIu6__bf16EvPhS0_S0_S0_S0_mmjff,dynamic,AI_VECTOR_CORE,1791436096634385.746	,13.620,46.650000,40,0,NO,N/A,N/A,N/A,N/A,N/A,N/A,N/A
4,4294967295,52,459,_Z24add_rms_norm_bias_customIu6__bf16EvPhS0_S0_S0_S0_mmjff,_Z24add_rms_norm_bias_customIu6__bf16EvPhS0_S0_S0_S0_mmjff,dynamic,AI_VECTOR_CORE,1791436096634502.550	,13.920,103.130000,40,0,NO,N/A,N/A,N/A,N/A,N/A,N/A,N/A
4,4294967295,54,459,_Z24add_rms_norm_bias_customIu6__bf16EvPhS0_S0_S0_S0_mmjff,_Z24add_rms_norm_bias_customIu6__bf16EvPhS0_S0_S0_S0_mmjff,dynamic,AI_VECTOR_CORE,1791436096634563.370	,13.660,46.830000,40,0,NO,N/A,N/A,N/A,N/A,N/A,N/A,N/A
4,4294967295,55,459,_Z24add_rms_norm_bias_customIu6__bf16EvPhS0_S0_S0_S0_mmjff,_Z24add_rms_norm_bias_customIu6__bf16EvPhS0_S0_S0_S0_mmjff,dynamic,AI_VECTOR_CORE,1791436096634683.754	,13.800,106.840000,40,0,NO,N/A,N/A,N/A,N/A,N/A,N/A,N/A
4,4294967295,57,459,_Z24add_rms_norm_bias_customIu6__bf16EvPhS0_S0_S0_S0_mmjff,_Z24add_rms_norm_bias_customIu6__bf16EvPhS0_S0_S0_S0_mmjff,dynamic,AI_VECTOR_CORE,1791436096634745.534	,13.660,47.950000,40,0,NO,N/A,N/A,N/A,N/A,N/A,N/A,N/A
4,4294967295,58,459,_Z24add_rms_norm_bias_customIu6__bf16EvPhS0_S0_S0_S0_mmjff,_Z24add_rms_norm_bias_customIu6__bf16EvPhS0_S0_S0_S0_mmjff,dynamic,AI_VECTOR_CORE,1791436096634864.278	,14.340,105.090000,40,0,NO,N/A,N/A,N/A,N/A,N/A,N/A,N/A
4,4294967295,60,459,_Z24add_rms_norm_bias_customIu6__bf16EvPhS0_S0_S0_S0_mmjff,_Z24add_rms_norm_bias_customIu6__bf16EvPhS0_S0_S0_S0_mmjff,dynamic,AI_VECTOR_CORE,1791436096634926.638	,13.660,48.160000,40,0,NO,N/A,N/A,N/A,N/A,N/A,N/A,N/A
4,4294967295,61,459,_Z24add_rms_norm_bias_customIu6__bf16EvPhS0_S0_S0_S0_mmjff,_Z24add_rms_norm_bias_customIu6__bf16EvPhS0_S0_S0_S0_mmjff,dynamic,AI_VECTOR_CORE,1791436096635058.442	,13.880,118.090000,40,0,NO,N/A,N/A,N/A,N/A,N/A,N/A,N/A
4,4294967295,63,459,_Z24add_rms_norm_bias_customIu6__bf16EvPhS0_S0_S0_S0_mmjff,_Z24add_rms_norm_bias_customIu6__bf16EvPhS0_S0_S0_S0_mmjff,dynamic,AI_VECTOR_CORE,1791436096635243.362	,16.484,170.870000,40,0,NO,N/A,N/A,N/A,N/A,N/A,N/A,N/A
4,4294967295,65,459,_Z24add_rms_norm_bias_customIu6__bf16EvPhS0_S0_S0_S0_mmjff,_Z24add_rms_norm_bias_customIu6__bf16EvPhS0_S0_S0_S0_mmjff,dynamic,AI_VECTOR_CORE,1791436096635432.526	,14.800,172.766000,40,0,NO,N/A,N/A,N/A,N/A,N/A,N/A,N/A
4,4294967295,67,459,_Z24add_rms_norm_bias_customIu6__bf16EvPhS0_S0_S0_S0_mmjff,_Z24add_rms_norm_bias_customIu6__bf16EvPhS0_S0_S0_S0_mmjff,dynamic,AI_VECTOR_CORE,1791436096635612.970	,15.720,165.700000,40,0,NO,N/A,N/A,N/A,N/A,N/A,N/A,N/A
4,4294967295,69,459,_Z24add_rms_norm_bias_customIu6__bf16EvPhS0_S0_S0_S0_mmjff,_Z24add_rms_norm_bias_customIu6__bf16EvPhS0_S0_S0_S0_mmjff,dynamic,AI_VECTOR_CORE,1791436096635817.374	,126.804,188.530000,40,0,NO,N/A,N/A,N/A,N/A,N/A,N/A,N/A
4,4294967295,71,459,_Z24add_rms_norm_bias_customIu6__bf16EvPhS0_S0_S0_S0_mmjff,_Z24add_rms_norm_bias_customIu6__bf16EvPhS0_S0_S0_S0_mmjff,dynamic,AI_VECTOR_CORE,1791436096636020.478	,13.740,76.446000,40,0,NO,N/A,N/A,N/A,N/A,N/A,N/A,N/A
4,4294967295,73,459,_Z24add_rms_norm_bias_customIu6__bf16EvPhS0_S0_S0_S0_mmjff,_Z24add_rms_norm_bias_customIu6__bf16EvPhS0_S0_S0_S0_mmjff,dynamic,AI_VECTOR_CORE,1791436096636204.282	,21.700,170.010000,40,0,NO,N/A,N/A,N/A,N/A,N/A,N/A,N/A
4,4294967295,75,459,_Z24add_rms_norm_bias_customIu6__bf16EvPhS0_S0_S0_S0_mmjff,_Z24add_rms_norm_bias_customIu6__bf16EvPhS0_S0_S0_S0_mmjff,dynamic,AI_VECTOR_CORE,1791436096636302.066	,327.744,76.050000,40,0,NO,N/A,N/A,N/A,N/A,N/A,N/A,N/A
4,4294967295,77,459,_Z24add_rms_norm_bias_customIu6__bf16EvPhS0_S0_S0_S0_mmjff,_Z24add_rms_norm_bias_customIu6__bf16EvPhS0_S0_S0_S0_mmjff,dynamic,AI_VECTOR_CORE,1791436096636730.074	,22.200,100.256000,40,0,NO,N/A,N/A,N/A,N/A,N/A,N/A,N/A
4,4294967295,79,459,_Z24add_rms_norm_bias_customIu6__bf16EvPhS0_S0_S0_S0_mmjff,_Z24add_rms_norm_bias_customIu6__bf16EvPhS0_S0_S0_S0_mmjff,dynamic,AI_VECTOR_CORE,1791436096636935.618	,18.900,183.300000,40,0,NO,N/A,N/A,N/A,N/A,N/A,N/A,N/A
4,4294967295,81,459,_Z24add_rms_norm_bias_customIu6__bf16EvPhS0_S0_S0_S0_mmjff,_Z24add_rms_norm_bias_customIu6__bf16EvPhS0_S0_S0_S0_mmjff,dynamic,AI_VECTOR_CORE,1791436096637138.902	,792.456,184.600000,40,0,NO,N/A,N/A,N/A,N/A,N/A,N/A,N/A
4,4294967295,83,459,_Z24add_rms_norm_bias_customIu6__bf16EvPhS0_S0_S0_S0_mmjff,_Z24add_rms_norm_bias_customIu6__bf16EvPhS0_S0_S0_S0_mmjff,dynamic,AI_VECTOR_CORE,1791436096638000.618	,72.124,69.044000,40,0,NO,N/A,N/A,N/A,N/A,N/A,N/A,N/A
4,4294967295,85,459,_Z24add_rms_norm_bias_customIu6__bf16EvPhS0_S0_S0_S0_mmjff,_Z24add_rms_norm_bias_customIu6__bf16EvPhS0_S0_S0_S0_mmjff,dynamic,AI_VECTOR_CORE,1791436096638245.122	,22.544,172.376000,40,0,NO,N/A,N/A,N/A,N/A,N/A,N/A,N/A
4,4294967295,86,459,_Z24add_rms_norm_bias_customIu6__bf16EvPhS0_S0_S0_S0_mmjff,_Z24add_rms_norm_bias_customIu6__bf16EvPhS0_S0_S0_S0_mmjff,dynamic,AI_VECTOR_CORE,1791436096638448.086	,177.124,180.456000,40,0,NO,N/A,N/A,N/A,N/A,N/A,N/A,N/A
4,4294967295,88,459,_Z24add_rms_norm_bias_customIu6__bf16EvPhS0_S0_S0_S0_mmjff,_Z24add_rms_norm_bias_customIu6__bf16EvPhS0_S0_S0_S0_mmjff,dynamic,AI_VECTOR_CORE,1791436096638726.554	,28.540,101.376000,40,0,NO,N/A,N/A,N/A,N/A,N/A,N/A,N/A
4,4294967295,90,459,_Z24add_rms_norm_bias_customIu6__bf16EvPhS0_S0_S0_S0_mmjff,_Z24add_rms_norm_bias_customIu6__bf16EvPhS0_S0_S0_S0_mmjff,dynamic,AI_VECTOR_CORE,1791436096638854.954	,25.184,99.960000,40,0,NO,N/A,N/A,N/A,N/A,N/A,N/A,N/A
4,4294967295,92,459,_Z24add_rms_norm_bias_customIu6__bf16EvPhS0_S0_S0_S0_mmjff,_Z24add_rms_norm_bias_customIu6__bf16EvPhS0_S0_S0_S0_mmjff,dynamic,AI_VECTOR_CORE,1791436096638987.638	,19.380,107.566000,40,0,NO,N/A,N/A,N/A,N/A,N/A,N/A,N/A
4,4294967295,94,459,_Z24add_rms_norm_bias_customIu6__bf16EvPhS0_S0_S0_S0_mmjff,_Z24add_rms_norm_bias_customIu6__bf16EvPhS0_S0_S0_S0_mmjff,dynamic,AI_VECTOR_CORE,1791436096639085.622	,17.500,78.370000,40,0,NO,N/A,N/A,N/A,N/A,N/A,N/A,N/A
4,4294967295,95,459,_Z24add_rms_norm_bias_customIu6__bf16EvPhS0_S0_S0_S0_mmjff,_Z24add_rms_norm_bias_customIu6__bf16EvPhS0_S0_S0_S0_mmjff,dynamic,AI_VECTOR_CORE,1791436096639219.842	,453.892,116.750000,40,0,NO,N/A,N/A,N/A,N/A,N/A,N/A,N/A
4,4294967295,97,459,_Z24add_rms_norm_bias_customIu6__bf16EvPhS0_S0_S0_S0_mmjff,_Z24add_rms_norm_bias_customIu6__bf16EvPhS0_S0_S0_S0_mmjff,dynamic,AI_VECTOR_CORE,1791436096639773.674	,447.368,100.108000,40,0,NO,N/A,N/A,N/A,N/A,N/A,N/A,N/A
4,4294967295,99,459,_Z24add_rms_norm_bias_customIu6__bf16EvPhS0_S0_S0_S0_mmjff,_Z24add_rms_norm_bias_customIu6__bf16EvPhS0_S0_S0_S0_mmjff,dynamic,AI_VECTOR_CORE,1791436096640301.366	,2098.460,80.132000,40,0,NO,N/A,N/A,N/A,N/A,N/A,N/A,N/A
4,4294967295,101,459,_Z24add_rms_norm_bias_customIu6__bf16EvPhS0_S0_S0_S0_mmjff,_Z24add_rms_norm_bias_customIu6__bf16EvPhS0_S0_S0_S0_mmjff,dynamic,AI_VECTOR_CORE,1791436096642568.870	,2563.192,169.040000,40,0,NO,N/A,N/A,N/A,N/A,N/A,N/A,N/A
4,4294967295,103,459,_Z24add_rms_norm_bias_customIu6__bf16EvPhS0_S0_S0_S0_mmjff,_Z24add_rms_norm_bias_customIu6__bf16EvPhS0_S0_S0_S0_mmjff,dynamic,AI_VECTOR_CORE,1791436096645214.802	,13.720,82.808000,40,0,NO,N/A,N/A,N/A,N/A,N/A,N/A,N/A
4,4294967295,104,459,_Z24add_rms_norm_bias_customIu6__bf16EvPhS0_S0_S0_S0_mmjff,_Z24add_rms_norm_bias_customIu6__bf16EvPhS0_S0_S0_S0_mmjff,dynamic,AI_VECTOR_CORE,1791436096645333.706	,19.520,105.280000,40,0,NO,N/A,N/A,N/A,N/A,N/A,N/A,N/A
4,4294967295,106,459,_Z24add_rms_norm_bias_customIu6__bf16EvPhS0_S0_S0_S0_mmjff,_Z24add_rms_norm_bias_customIu6__bf16EvPhS0_S0_S0_S0_mmjff,dynamic,AI_VECTOR_CORE,1791436096645464.426	,121.924,111.230000,40,0,NO,N/A,N/A,N/A,N/A,N/A,N/A,N/A
4,4294967295,109,459,_Z24add_rms_norm_bias_customIu6__bf16EvPhS0_S0_S0_S0_mmjff,_Z24add_rms_norm_bias_customIu6__bf16EvPhS0_S0_S0_S0_mmjff,dynamic,AI_VECTOR_CORE,1791436096645721.554	,179.064,135.076000,40,0,NO,N/A,N/A,N/A,N/A,N/A,N/A,N/A
4,4294967295,113,459,_Z24add_rms_norm_bias_customIu6__bf16EvPhS0_S0_S0_S0_mmjff,_Z24add_rms_norm_bias_customIu6__bf16EvPhS0_S0_S0_S0_mmjff,dynamic,AI_VECTOR_CORE,1791436096646072.142	,83.780,171.686000,40,0,NO,N/A,N/A,N/A,N/A,N/A,N/A,N/A
4,4294967295,117,459,_Z24add_rms_norm_bias_customIu6__bf16EvPhS0_S0_S0_S0_mmjff,_Z24add_rms_norm_bias_customIu6__bf16EvPhS0_S0_S0_S0_mmjff,dynamic,AI_VECTOR_CORE,1791436096646278.866	,1403.168,122.720000,40,0,NO,N/A,N/A,N/A,N/A,N/A,N/A,N/A
4,4294967295,121,459,_Z24add_rms_norm_bias_customIu6__bf16EvPhS0_S0_S0_S0_mmjff,_Z24add_rms_norm_bias_customIu6__bf16EvPhS0_S0_S0_S0_mmjff,dynamic,AI_VECTOR_CORE,1791436096647968.978	,14.400,287.082000,40,0,NO,N/A,N/A,N/A,N/A,N/A,N/A,N/A
4,4294967295,125,459,_Z24add_rms_norm_bias_customIu6__bf16EvPhS0_S0_S0_S0_mmjff,_Z24add_rms_norm_bias_customIu6__bf16EvPhS0_S0_S0_S0_mmjff,dynamic,AI_VECTOR_CORE,1791436096648171.302	,13.440,187.850000,40,0,NO,N/A,N/A,N/A,N/A,N/A,N/A,N/A
4,4294967295,129,459,_Z24add_rms_norm_bias_customIu6__bf16EvPhS0_S0_S0_S0_mmjff,_Z24add_rms_norm_bias_customIu6__bf16EvPhS0_S0_S0_S0_mmjff,dynamic,AI_VECTOR_CORE,1791436096648375.266	,13.400,190.560000,40,0,NO,N/A,N/A,N/A,N/A,N/A,N/A,N/A
4,4294967295,133,459,_Z24add_rms_norm_bias_customIu6__bf16EvPhS0_S0_S0_S0_mmjff,_Z24add_rms_norm_bias_customIu6__bf16EvPhS0_S0_S0_S0_mmjff,dynamic,AI_VECTOR_CORE,1791436096648577.190	,13.820,188.600000,40,0,NO,N/A,N/A,N/A,N/A,N/A,N/A,N/A
4,4294967295,136,459,_Z24add_rms_norm_bias_customIu6__bf16EvPhS0_S0_S0_S0_mmjff,_Z24add_rms_norm_bias_customIu6__bf16EvPhS0_S0_S0_S0_mmjff,dynamic,AI_VECTOR_CORE,1791436096648707.054	,1366.724,115.930000,40,0,NO,N/A,N/A,N/A,N/A,N/A,N/A,N/A
4,4294967295,140,459,_Z24add_rms_norm_bias_customIu6__bf16EvPhS0_S0_S0_S0_mmjff,_Z24add_rms_norm_bias_customIu6__bf16EvPhS0_S0_S0_S0_mmjff,dynamic,AI_VECTOR_CORE,1791436096650347.146	,59.060,273.526000,40,0,NO,N/A,N/A,N/A,N/A,N/A,N/A,N/A
4,4294967295,144,459,_Z24add_rms_norm_bias_customIu6__bf16EvPhS0_S0_S0_S0_mmjff,_Z24add_rms_norm_bias_customIu6__bf16EvPhS0_S0_S0_S0_mmjff,dynamic,AI_VECTOR_CORE,1791436096650516.950	,55.100,110.690000,40,0,NO,N/A,N/A,N/A,N/A,N/A,N/A,N/A
4,4294967295,147,459,_Z24add_rms_norm_bias_customIu6__bf16EvPhS0_S0_S0_S0_mmjff,_Z24add_rms_norm_bias_customIu6__bf16EvPhS0_S0_S0_S0_mmjff,dynamic,AI_VECTOR_CORE,1791436096650702.734	,18.360,130.650000,40,0,NO,N/A,N/A,N/A,N/A,N/A,N/A,N/A
4,4294967295,150,459,_Z24add_rms_norm_bias_customIu6__bf16EvPhS0_S0_S0_S0_mmjff,_Z24add_rms_norm_bias_customIu6__bf16EvPhS0_S0_S0_S0_mmjff,dynamic,AI_VECTOR_CORE,1791436096650804.294	,10.840,83.140000,40,0,NO,N/A,N/A,N/A,N/A,N/A,N/A,N/A
4,4294967295,153,459,_Z24add_rms_norm_bias_customIu6__bf16EvPhS0_S0_S0_S0_mmjff,_Z24add_rms_norm_bias_customIu6__bf16EvPhS0_S0_S0_S0_mmjff,dynamic,AI_VECTOR_CORE,1791436096650958.038	,20.920,142.910000,40,0,NO,N/A,N/A,N/A,N/A,N/A,N/A,N/A
4,4294967295,156,459,_Z24add_rms_norm_bias_customIu6__bf16EvPhS0_S0_S0_S0_mmjff,_Z24add_rms_norm_bias_customIu6__bf16EvPhS0_S0_S0_S0_mmjff,dynamic,AI_VECTOR_CORE,1791436096651110.582	,19.120,131.580000,40,0,NO,N/A,N/A,N/A,N/A,N/A,N/A,N/A
4,4294967295,159,459,_Z24add_rms_norm_bias_customIu6__bf16EvPhS0_S0_S0_S0_mmjff,_Z24add_rms_norm_bias_customIu6__bf16EvPhS0_S0_S0_S0_mmjff,dynamic,AI_VECTOR_CORE,1791436096651253.442	,20.360,123.880000,40,0,NO,N/A,N/A,N/A,N/A,N/A,N/A,N/A
4,4294967295,162,459,_Z24add_rms_norm_bias_customIu6__bf16EvPhS0_S0_S0_S0_mmjff,_Z24add_rms_norm_bias_customIu6__bf16EvPhS0_S0_S0_S0_mmjff,dynamic,AI_VECTOR_CORE,1791436096651400.346	,15.700,126.390000,40,0,NO,N/A,N/A,N/A,N/A,N/A,N/A,N/A
4,4294967295,165,459,_Z24add_rms_norm_bias_customIu6__bf16EvPhS0_S0_S0_S0_mmjff,_Z24add_rms_norm_bias_customIu6__bf16EvPhS0_S0_S0_S0_mmjff,dynamic,AI_VECTOR_CORE,1791436096651506.390	,19.620,90.550000,40,0,NO,N/A,N/A,N/A,N/A,N/A,N/A,N/A
4,4294967295,168,459,_Z24add_rms_norm_bias_customIu6__bf16EvPhS0_S0_S0_S0_mmjff,_Z24add_rms_norm_bias_customIu6__bf16EvPhS0_S0_S0_S0_mmjff,dynamic,AI_VECTOR_CORE,1791436096651655.550	,127.424,129.380000,40,0,NO,N/A,N/A,N/A,N/A,N/A,N/A,N/A
4,4294967295,172,459,_Z24add_rms_norm_bias_customIu6__bf16EvPhS0_S0_S0_S0_mmjff,_Z24add_rms_norm_bias_customIu6__bf16EvPhS0_S0_S0_S0_mmjff,dynamic,AI_VECTOR_CORE,1791436096651973.238	,52.720,190.326000,40,0,NO,N/A,N/A,N/A,N/A,N/A,N/A,N/A
4,4294967295,176,459,_Z24add_rms_norm_bias_customIu6__bf16EvPhS0_S0_S0_S0_mmjff,_Z24add_rms_norm_bias_customIu6__bf16EvPhS0_S0_S0_S0_mmjff,dynamic,AI_VECTOR_CORE,1791436096652312.746	,209.484,286.780000,40,0,NO,N/A,N/A,N/A,N/A,N/A,N/A,N/A
4,4294967295,180,459,_Z24add_rms_norm_bias_customIu6__bf16EvPhS0_S0_S0_S0_mmjff,_Z24add_rms_norm_bias_customIu6__bf16EvPhS0_S0_S0_S0_mmjff,dynamic,AI_VECTOR_CORE,1791436096652748.654	,2205.544,226.516000,40,0,NO,N/A,N/A,N/A,N/A,N/A,N/A,N/A
4,4294967295,184,459,_Z24add_rms_norm_bias_customIu6__bf16EvPhS0_S0_S0_S0_mmjff,_Z24add_rms_norm_bias_customIu6__bf16EvPhS0_S0_S0_S0_mmjff,dynamic,AI_VECTOR_CORE,1791436096655199.162	,123.664,244.956000,40,0,NO,N/A,N/A,N/A,N/A,N/A,N/A,N/A
4,4294967295,188,459,_Z24add_rms_norm_bias_customIu6__bf16EvPhS0_S0_S0_S0_mmjff,_Z24add_rms_norm_bias_customIu6__bf16EvPhS0_S0_S0_S0_mmjff,dynamic,AI_VECTOR_CORE,1791436096655464.706	,120.004,141.836000,40,0,NO,N/A,N/A,N/A,N/A,N/A,N/A,N/A
4,4294967295,192,459,_Z24add_rms_norm_bias_customIu6__bf16EvPhS0_S0_S0_S0_mmjff,_Z24add_rms_norm_bias_customIu6__bf16EvPhS0_S0_S0_S0_mmjff,dynamic,AI_VECTOR_CORE,1791436096655938.138	,586.892,353.496000,40,0,NO,N/A,N/A,N/A,N/A,N/A,N/A,N/A
4,4294967295,196,459,_Z24add_rms_norm_bias_customIu6__bf16EvPhS0_S0_S0_S0_mmjff,_Z24add_rms_norm_bias_customIu6__bf16EvPhS0_S0_S0_S0_mmjff,dynamic,AI_VECTOR_CORE,1791436096656660.050	,14.040,134.858000,40,0,NO,N/A,N/A,N/A,N/A,N/A,N/A,N/A
4,4294967295,199,459,_Z24add_rms_norm_bias_customIu6__bf16EvPhS0_S0_S0_S0_mmjff,_Z24add_rms_norm_bias_customIu6__bf16EvPhS0_S0_S0_S0_mmjff,dynamic,AI_VECTOR_CORE,1791436096656859.674	,11.080,185.710000,40,0,NO,N/A,N/A,N/A,N/A,N/A,N/A,N/A
4,4294967295,202,459,_Z24add_rms_norm_bias_customIu6__bf16EvPhS0_S0_S0_S0_mmjff,_Z24add_rms_norm_bias_customIu6__bf16EvPhS0_S0_S0_S0_mmjff,dynamic,AI_VECTOR_CORE,1791436096657028.878	,11.120,158.170000,40,0,NO,N/A,N/A,N/A,N/A,N/A,N/A,N/A
4,4294967295,205,459,_Z24add_rms_norm_bias_customIu6__bf16EvPhS0_S0_S0_S0_mmjff,_Z24add_rms_norm_bias_customIu6__bf16EvPhS0_S0_S0_S0_mmjff,dynamic,AI_VECTOR_CORE,1791436096657151.522	,11.280,111.380000,40,0,NO,N/A,N/A,N/A,N/A,N/A,N/A,N/A
4,4294967295,208,459,_Z24add_rms_norm_bias_customIu6__bf16EvPhS0_S0_S0_S0_mmjff,_Z24add_rms_norm_bias_customIu6__bf16EvPhS0_S0_S0_S0_mmjff,dynamic,AI_VECTOR_CORE,1791436096657357.626	,11.060,194.970000,40,0,NO,N/A,N/A,N/A,N/A,N/A,N/A,N/A
4,4294967295,211,459,_Z24add_rms_norm_bias_customIu6__bf16EvPhS0_S0_S0_S0_mmjff,_Z24add_rms_norm_bias_customIu6__bf16EvPhS0_S0_S0_S0_mmjff,dynamic,AI_VECTOR_CORE,1791436096657527.550	,11.440,158.690000,40,0,NO,N/A,N/A,N/A,N/A,N/A,N/A,N/A
4,4294967295,214,459,_Z24add_rms_norm_bias_customIu6__bf16EvPhS0_S0_S0_S0_mmjff,_Z24add_rms_norm_bias_customIu6__bf16EvPhS0_S0_S0_S0_mmjff,dynamic,AI_VECTOR_CORE,1791436096657658.790	,10.640,119.810000,40,0,NO,N/A,N/A,N/A,N/A,N/A,N/A,N/A
4,4294967295,217,459,_Z24add_rms_norm_bias_customIu6__bf16EvPhS0_S0_S0_S0_mmjff,_Z24add_rms_norm_bias_customIu6__bf16EvPhS0_S0_S0_S0_mmjff,dynamic,AI_VECTOR_CORE,1791436096657848.314	,11.240,178.860000,40,0,NO,N/A,N/A,N/A,N/A,N/A,N/A,N/A
4,4294967295,220,459,_Z24add_rms_norm_bias_customIu6__bf16EvPhS0_S0_S0_S0_mmjff,_Z24add_rms_norm_bias_customIu6__bf16EvPhS0_S0_S0_S0_mmjff,dynamic,AI_VECTOR_CORE,1791436096658043.898	,11.880,184.510000,40,0,NO,N/A,N/A,N/A,N/A,N/A,N/A,N/A
4,4294967295,223,459,_Z24add_rms_norm_bias_customIu6__bf16EvPhS0_S0_S0_S0_mmjff,_Z24add_rms_norm_bias_customIu6__bf16EvPhS0_S0_S0_S0_mmjff,dynamic,AI_VECTOR_CORE,1791436096658243.562	,11.480,187.620000,40,0,NO,N/A,N/A,N/A,N/A,N/A,N/A,N/A
4,4294967295,227,459,_Z24add_rms_norm_bias_customIu6__bf16EvPhS0_S0_S0_S0_mmjff,_Z24add_rms_norm_bias_customIu6__bf16EvPhS0_S0_S0_S0_mmjff,dynamic,AI_VECTOR_CORE,1791436096658585.810	,11.260,330.770000,40,0,NO,N/A,N/A,N/A,N/A,N/A,N/A,N/A
4,4294967295,231,459,_Z24add_rms_norm_bias_customIu6__bf16EvPhS0_S0_S0_S0_mmjff,_Z24add_rms_norm_bias_customIu6__bf16EvPhS0_S0_S0_S0_mmjff,dynamic,AI_VECTOR_CORE,1791436096658812.714	,11.160,215.740000,40,0,NO,N/A,N/A,N/A,N/A,N/A,N/A,N/A
4,4294967295,235,459,_Z24add_rms_norm_bias_customIu6__bf16EvPhS0_S0_S0_S0_mmjff,_Z24add_rms_norm_bias_customIu6__bf16EvPhS0_S0_S0_S0_mmjff,dynamic,AI_VECTOR_CORE,1791436096659050.278	,10.980,226.340000,40,0,NO,N/A,N/A,N/A,N/A,N/A,N/A,N/A
4,4294967295,239,459,_Z24add_rms_norm_bias_customIu6__bf16EvPhS0_S0_S0_S0_mmjff,_Z24add_rms_norm_bias_customIu6__bf16EvPhS0_S0_S0_S0_mmjff,dynamic,AI_VECTOR_CORE,1791436096659233.062	,55.964,171.770000,40,0,NO,N/A,N/A,N/A,N/A,N/A,N/A,N/A
4,4294967295,243,459,_Z24add_rms_norm_bias_customIu6__bf16EvPhS0_S0_S0_S0_mmjff,_Z24add_rms_norm_bias_customIu6__bf16EvPhS0_S0_S0_S0_mmjff,dynamic,AI_VECTOR_CORE,1791436096659432.186	,17.600,143.286000,40,0,NO,N/A,N/A,N/A,N/A,N/A,N/A,N/A
4,4294967295,247,459,_Z24add_rms_norm_bias_customIu6__bf16EvPhS0_S0_S0_S0_mmjff,_Z24add_rms_norm_bias_customIu6__bf16EvPhS0_S0_S0_S0_mmjff,dynamic,AI_VECTOR_CORE,1791436096659676.770	,22.484,226.900000,40,0,NO,N/A,N/A,N/A,N/A,N/A,N/A,N/A
4,4294967295,250,459,_Z24add_rms_norm_bias_customIu6__bf16EvPhS0_S0_S0_S0_mmjff,_Z24add_rms_norm_bias_customIu6__bf16EvPhS0_S0_S0_S0_mmjff,dynamic,AI_VECTOR_CORE,1791436096659903.378	,17.200,204.266000,40,0,NO,N/A,N/A,N/A,N/A,N/A,N/A,N/A
4,4294967295,253,459,_Z24add_rms_norm_bias_customIu6__bf16EvPhS0_S0_S0_S0_mmjff,_Z24add_rms_norm_bias_customIu6__bf16EvPhS0_S0_S0_S0_mmjff,dynamic,AI_VECTOR_CORE,1791436096660056.778	,14.240,136.050000,40,0,NO,N/A,N/A,N/A,N/A,N/A,N/A,N/A
4,4294967295,256,459,_Z24add_rms_norm_bias_customIu6__bf16EvPhS0_S0_S0_S0_mmjff,_Z24add_rms_norm_bias_customIu6__bf16EvPhS0_S0_S0_S0_mmjff,dynamic,AI_VECTOR_CORE,1791436096660223.022	,14.300,152.010000,40,0,NO,N/A,N/A,N/A,N/A,N/A,N/A,N/A
4,4294967295,259,459,_Z24add_rms_norm_bias_customIu6__bf16EvPhS0_S0_S0_S0_mmjff,_Z24add_rms_norm_bias_customIu6__bf16EvPhS0_S0_S0_S0_mmjff,dynamic,AI_VECTOR_CORE,1791436096660382.266	,86.520,144.950000,40,0,NO,N/A,N/A,N/A,N/A,N/A,N/A,N/A
4,4294967295,263,459,_Z24add_rms_norm_bias_customIu6__bf16EvPhS0_S0_S0_S0_mmjff,_Z24add_rms_norm_bias_customIu6__bf16EvPhS0_S0_S0_S0_mmjff,dynamic,AI_VECTOR_CORE,1791436096660634.450	,13.480,165.730000,40,0,NO,N/A,N/A,N/A,N/A,N/A,N/A,N/A
4,4294967295,266,459,_Z24add_rms_norm_bias_customIu6__bf16EvPhS0_S0_S0_S0_mmjff,_Z24add_rms_norm_bias_customIu6__bf16EvPhS0_S0_S0_S0_mmjff,dynamic,AI_VECTOR_CORE,1791436096660786.614	,13.820,138.520000,40,0,NO,N/A,N/A,N/A,N/A,N/A,N/A,N/A
4,4294967295,269,459,_Z24add_rms_norm_bias_customIu6__bf16EvPhS0_S0_S0_S0_mmjff,_Z24add_rms_norm_bias_customIu6__bf16EvPhS0_S0_S0_S0_mmjff,dynamic,AI_VECTOR_CORE,1791436096660873.694	,16.804,73.430000,40,0,NO,N/A,N/A,N/A,N/A,N/A,N/A,N/A
4,4294967295,273,459,_Z24add_rms_norm_bias_customIu6__bf16EvPhS0_S0_S0_S0_mmjff,_Z24add_rms_norm_bias_customIu6__bf16EvPhS0_S0_S0_S0_mmjff,dynamic,AI_VECTOR_CORE,1791436096661051.418	,14.060,160.946000,40,0,NO,N/A,N/A,N/A,N/A,N/A,N/A,N/A
4,4294967295,277,459,_Z24add_rms_norm_bias_customIu6__bf16EvPhS0_S0_S0_S0_mmjff,_Z24add_rms_norm_bias_customIu6__bf16EvPhS0_S0_S0_S0_mmjff,dynamic,AI_VECTOR_CORE,1791436096661174.742	,13.660,109.190000,40,0,NO,N/A,N/A,N/A,N/A,N/A,N/A,N/A
4,4294967295,280,459,_Z24add_rms_norm_bias_customIu6__bf16EvPhS0_S0_S0_S0_mmjff,_Z24add_rms_norm_bias_customIu6__bf16EvPhS0_S0_S0_S0_mmjff,dynamic,AI_VECTOR_CORE,1791436096661295.966	,13.920,107.590000,40,0,NO,N/A,N/A,N/A,N/A,N/A,N/A,N/A
4,4294967295,284,459,_Z24add_rms_norm_bias_customIu6__bf16EvPhS0_S0_S0_S0_mmjff,_Z24add_rms_norm_bias_customIu6__bf16EvPhS0_S0_S0_S0_mmjff,dynamic,AI_VECTOR_CORE,1791436096661390.286	,14.480,80.330000,40,0,NO,N/A,N/A,N/A,N/A,N/A,N/A,N/A
4,4294967295,287,459,_Z24add_rms_norm_bias_customIu6__bf16EvPhS0_S0_S0_S0_mmjff,_Z24add_rms_norm_bias_customIu6__bf16EvPhS0_S0_S0_S0_mmjff,dynamic,AI_VECTOR_CORE,1791436096661474.066	,14.104,69.270000,40,0,NO,N/A,N/A,N/A,N/A,N/A,N/A,N/A
4,4294967295,290,459,_Z24add_rms_norm_bias_customIu6__bf16EvPhS0_S0_S0_S0_mmjff,_Z24add_rms_norm_bias_customIu6__bf16EvPhS0_S0_S0_S0_mmjff,dynamic,AI_VECTOR_CORE,1791436096661568.070	,13.960,79.896000,40,0,NO,N/A,N/A,N/A,N/A,N/A,N/A,N/A
4,4294967295,293,459,_Z24add_rms_norm_bias_customIu6__bf16EvPhS0_S0_S0_S0_mmjff,_Z24add_rms_norm_bias_customIu6__bf16EvPhS0_S0_S0_S0_mmjff,dynamic,AI_VECTOR_CORE,1791436096661652.570	,17.240,70.540000,40,0,NO,N/A,N/A,N/A,N/A,N/A,N/A,N/A
4,4294967295,296,459,_Z24add_rms_norm_bias_customIu6__bf16EvPhS0_S0_S0_S0_mmjff,_Z24add_rms_norm_bias_customIu6__bf16EvPhS0_S0_S0_S0_mmjff,dynamic,AI_VECTOR_CORE,1791436096661749.634	,13.900,80.010000,40,0,NO,N/A,N/A,N/A,N/A,N/A,N/A,N/A
4,4294967295,299,459,_Z24add_rms_norm_bias_customIu6__bf16EvPhS0_S0_S0_S0_mmjff,_Z24add_rms_norm_bias_customIu6__bf16EvPhS0_S0_S0_S0_mmjff,dynamic,AI_VECTOR_CORE,1791436096661879.294	,13.764,115.600000,40,0,NO,N/A,N/A,N/A,N/A,N/A,N/A,N/A
4,4294967295,303,459,_Z24add_rms_norm_bias_customIu6__bf16EvPhS0_S0_S0_S0_mmjff,_Z24add_rms_norm_bias_customIu6__bf16EvPhS0_S0_S0_S0_mmjff,dynamic,AI_VECTOR_CORE,1791436096662073.498	,13.824,180.486000,40,0,NO,N/A,N/A,N/A,N/A,N/A,N/A,N/A
4,4294967295,307,459,_Z24add_rms_norm_bias_customIu6__bf16EvPhS0_S0_S0_S0_mmjff,_Z24add_rms_norm_bias_customIu6__bf16EvPhS0_S0_S0_S0_mmjff,dynamic,AI_VECTOR_CORE,1791436096662267.122	,14.024,179.676000,40,0,NO,N/A,N/A,N/A,N/A,N/A,N/A,N/A
4,4294967295,311,459,_Z24add_rms_norm_bias_customIu6__bf16EvPhS0_S0_S0_S0_mmjff,_Z24add_rms_norm_bias_customIu6__bf16EvPhS0_S0_S0_S0_mmjff,dynamic,AI_VECTOR_CORE,1791436096662458.166	,14.440,177.226000,40,0,NO,N/A,N/A,N/A,N/A,N/A,N/A,N/A
4,4294967295,315,459,_Z24add_rms_norm_bias_customIu6__bf16EvPhS0_S0_S0_S0_mmjff,_Z24add_rms_norm_bias_customIu6__bf16EvPhS0_S0_S0_S0_mmjff,dynamic,AI_VECTOR_CORE,1791436096662648.810	,14.000,176.060000,40,0,NO,N/A,N/A,N/A,N/A,N/A,N/A,N/A
4,4294967295,319,459,_Z24add_rms_norm_bias_customIu6__bf16EvPhS0_S0_S0_S0_mmjff,_Z24add_rms_norm_bias_customIu6__bf16EvPhS0_S0_S0_S0_mmjff,dynamic,AI_VECTOR_CORE,1791436096662840.194	,14.040,177.500000,40,0,NO,N/A,N/A,N/A,N/A,N/A,N/A,N/A
4,4294967295,323,459,_Z24add_rms_norm_bias_customIu6__bf16EvPhS0_S0_S0_S0_mmjff,_Z24add_rms_norm_bias_customIu6__bf16EvPhS0_S0_S0_S0_mmjff,dynamic,AI_VECTOR_CORE,1791436096663029.438	,13.760,175.210000,40,0,NO,N/A,N/A,N/A,N/A,N/A,N/A,N/A
4,4294967295,327,459,_Z24add_rms_norm_bias_customIu6__bf16EvPhS0_S0_S0_S0_mmjff,_Z24add_rms_norm_bias_customIu6__bf16EvPhS0_S0_S0_S0_mmjff,dynamic,AI_VECTOR_CORE,1791436096663222.242	,13.940,178.990000,40,0,NO,N/A,N/A,N/A,N/A,N/A,N/A,N/A
4,4294967295,331,459,_Z24add_rms_norm_bias_customIu6__bf16EvPhS0_S0_S0_S0_mmjff,_Z24add_rms_norm_bias_customIu6__bf16EvPhS0_S0_S0_S0_mmjff,dynamic,AI_VECTOR_CORE,1791436096663318.226	,13.560,82.060000,40,0,NO,N/A,N/A,N/A,N/A,N/A,N/A,N/A
4,4294967295,334,459,_Z24add_rms_norm_bias_customIu6__bf16EvPhS0_S0_S0_S0_mmjff,_Z24add_rms_norm_bias_customIu6__bf16EvPhS0_S0_S0_S0_mmjff,dynamic,AI_VECTOR_CORE,1791436096663538.630	,13.900,206.940000,40,0,NO,N/A,N/A,N/A,N/A,N/A,N/A,N/A
4,4294967295,338,459,_Z24add_rms_norm_bias_customIu6__bf16EvPhS0_S0_S0_S0_mmjff,_Z24add_rms_norm_bias_customIu6__bf16EvPhS0_S0_S0_S0_mmjff,dynamic,AI_VECTOR_CORE,1791436096663738.754	,14.100,186.100000,40,0,NO,N/A,N/A,N/A,N/A,N/A,N/A,N/A
4,4294967295,342,459,_Z24add_rms_norm_bias_customIu6__bf16EvPhS0_S0_S0_S0_mmjff,_Z24add_rms_norm_bias_customIu6__bf16EvPhS0_S0_S0_S0_mmjff,dynamic,AI_VECTOR_CORE,1791436096663932.158	,13.940,179.400000,40,0,NO,N/A,N/A,N/A,N/A,N/A,N/A,N/A
4,4294967295,346,459,_Z24add_rms_norm_bias_customIu6__bf16EvPhS0_S0_S0_S0_mmjff,_Z24add_rms_norm_bias_customIu6__bf16EvPhS0_S0_S0_S0_mmjff,dynamic,AI_VECTOR_CORE,1791436096664123.222	,13.860,177.060000,40,0,NO,N/A,N/A,N/A,N/A,N/A,N/A,N/A
4,4294967295,350,459,_Z24add_rms_norm_bias_customIu6__bf16EvPhS0_S0_S0_S0_mmjff,_Z24add_rms_norm_bias_customIu6__bf16EvPhS0_S0_S0_S0_mmjff,dynamic,AI_VECTOR_CORE,1791436096664222.262	,14.140,85.140000,40,0,NO,N/A,N/A,N/A,N/A,N/A,N/A,N/A
4,4294967295,353,459,_Z24add_rms_norm_bias_customIu6__bf16EvPhS0_S0_S0_S0_mmjff,_Z24add_rms_norm_bias_customIu6__bf16EvPhS0_S0_S0_S0_mmjff,dynamic,AI_VECTOR_CORE,1791436096664312.766	,14.020,76.360000,40,0,NO,N/A,N/A,N/A,N/A,N/A,N/A,N/A
4,4294967295,356,459,_Z24add_rms_norm_bias_customIu6__bf16EvPhS0_S0_S0_S0_mmjff,_Z24add_rms_norm_bias_customIu6__bf16EvPhS0_S0_S0_S0_mmjff,dynamic,AI_VECTOR_CORE,1791436096664503.610	,13.700,176.730000,40,0,NO,N/A,N/A,N/A,N/A,N/A,N/A,N/A
4,4294967295,360,459,_Z24add_rms_norm_bias_customIu6__bf16EvPhS0_S0_S0_S0_mmjff,_Z24add_rms_norm_bias_customIu6__bf16EvPhS0_S0_S0_S0_mmjff,dynamic,AI_VECTOR_CORE,1791436096664697.434	,14.280,180.300000,40,0,NO,N/A,N/A,N/A,N/A,N/A,N/A,N/A
4,4294967295,364,459,_Z24add_rms_norm_bias_customIu6__bf16EvPhS0_S0_S0_S0_mmjff,_Z24add_rms_norm_bias_customIu6__bf16EvPhS0_S0_S0_S0_mmjff,dynamic,AI_VECTOR_CORE,1791436096664890.898	,14.100,179.220000,40,0,NO,N/A,N/A,N/A,N/A,N/A,N/A,N/A
4,4294967295,368,459,_Z24add_rms_norm_bias_customIu6__bf16EvPhS0_S0_S0_S0_mmjff,_Z24add_rms_norm_bias_customIu6__bf16EvPhS0_S0_S0_S0_mmjff,dynamic,AI_VECTOR_CORE,1791436096665077.598	,14.464,172.400000,40,0,NO,N/A,N/A,N/A,N/A,N/A,N/A,N/A
4,4294967295,372,459,_Z24add_rms_norm_bias_customIu6__bf16EvPhS0_S0_S0_S0_mmjff,_Z24add_rms_norm_bias_customIu6__bf16EvPhS0_S0_S0_S0_mmjff,dynamic,AI_VECTOR_CORE,1791436096665204.002	,13.600,112.036000,40,0,NO,N/A,N/A,N/A,N/A,N/A,N/A,N/A
4,4294967295,376,459,_Z24add_rms_norm_bias_customIu6__bf16EvPhS0_S0_S0_S0_mmjff,_Z24add_rms_norm_bias_customIu6__bf16EvPhS0_S0_S0_S0_mmjff,dynamic,AI_VECTOR_CORE,1791436096665329.906	,14.920,112.400000,40,0,NO,N/A,N/A,N/A,N/A,N/A,N/A,N/A
4,4294967295,379,459,_Z24add_rms_norm_bias_customIu6__bf16EvPhS0_S0_S0_S0_mmjff,_Z24add_rms_norm_bias_customIu6__bf16EvPhS0_S0_S0_S0_mmjff,dynamic,AI_VECTOR_CORE,1791436096665432.246	,13.820,87.330000,40,0,NO,N/A,N/A,N/A,N/A,N/A,N/A,N/A
4,4294967295,382,459,_Z24add_rms_norm_bias_customIu6__bf16EvPhS0_S0_S0_S0_mmjff,_Z24add_rms_norm_bias_customIu6__bf16EvPhS0_S0_S0_S0_mmjff,dynamic,AI_VECTOR_CORE,1791436096665583.670	,13.280,137.680000,40,0,NO,N/A,N/A,N/A,N/A,N/A,N/A,N/A
4,4294967295,386,459,_Z24add_rms_norm_bias_customIu6__bf16EvPhS0_S0_S0_S0_mmjff,_Z24add_rms_norm_bias_customIu6__bf16EvPhS0_S0_S0_S0_mmjff,dynamic,AI_VECTOR_CORE,1791436096665775.734	,14.000,178.720000,40,0,NO,N/A,N/A,N/A,N/A,N/A,N/A,N/A
4,4294967295,390,459,_Z24add_rms_norm_bias_customIu6__bf16EvPhS0_S0_S0_S0_mmjff,_Z24add_rms_norm_bias_customIu6__bf16EvPhS0_S0_S0_S0_mmjff,dynamic,AI_VECTOR_CORE,1791436096665902.218	,13.840,112.500000,40,0,NO,N/A,N/A,N/A,N/A,N/A,N/A,N/A
4,4294967295,394,459,_Z24add_rms_norm_bias_customIu6__bf16EvPhS0_S0_S0_S0_mmjff,_Z24add_rms_norm_bias_customIu6__bf16EvPhS0_S0_S0_S0_mmjff,dynamic,AI_VECTOR_CORE,1791436096666012.138	,13.740,96.160000,40,0,NO,N/A,N/A,N/A,N/A,N/A,N/A,N/A
4,4294967295,397,459,_Z24add_rms_norm_bias_customIu6__bf16EvPhS0_S0_S0_S0_mmjff,_Z24add_rms_norm_bias_customIu6__bf16EvPhS0_S0_S0_S0_mmjff,dynamic,AI_VECTOR_CORE,1791436096666206.242	,14.300,180.260000,40,0,NO,N/A,N/A,N/A,N/A,N/A,N/A,N/A
4,4294967295,401,459,_Z24add_rms_norm_bias_customIu6__bf16EvPhS0_S0_S0_S0_mmjff,_Z24add_rms_norm_bias_customIu6__bf16EvPhS0_S0_S0_S0_mmjff,dynamic,AI_VECTOR_CORE,1791436096666328.366	,14.060,107.700000,40,0,NO,N/A,N/A,N/A,N/A,N/A,N/A,N/A
4,4294967295,405,459,_Z24add_rms_norm_bias_customIu6__bf16EvPhS0_S0_S0_S0_mmjff,_Z24add_rms_norm_bias_customIu6__bf16EvPhS0_S0_S0_S0_mmjff,dynamic,AI_VECTOR_CORE,1791436096666461.846	,13.960,119.440000,40,0,NO,N/A,N/A,N/A,N/A,N/A,N/A,N/A
4,4294967295,409,459,_Z24add_rms_norm_bias_customIu6__bf16EvPhS0_S0_S0_S0_mmjff,_Z24add_rms_norm_bias_customIu6__bf16EvPhS0_S0_S0_S0_mmjff,dynamic,AI_VECTOR_CORE,1791436096666576.870	,13.840,101.040000,40,0,NO,N/A,N/A,N/A,N/A,N/A,N/A,N/A
4,4294967295,413,459,_Z24add_rms_norm_bias_customIu6__bf16EvPhS0_S0_S0_S0_mmjff,_Z24add_rms_norm_bias_customIu6__bf16EvPhS0_S0_S0_S0_mmjff,dynamic,AI_VECTOR_CORE,1791436096666694.674	,14.020,104.160000,40,0,NO,N/A,N/A,N/A,N/A,N/A,N/A,N/A
4,4294967295,416,459,_Z24add_rms_norm_bias_customIu6__bf16EvPhS0_S0_S0_S0_mmjff,_Z24add_rms_norm_bias_customIu6__bf16EvPhS0_S0_S0_S0_mmjff,dynamic,AI_VECTOR_CORE,1791436096666808.294	,13.760,99.480000,40,0,NO,N/A,N/A,N/A,N/A,N/A,N/A,N/A
4,4294967295,420,459,_Z24add_rms_norm_bias_customIu6__bf16EvPhS0_S0_S0_S0_mmjff,_Z24add_rms_norm_bias_customIu6__bf16EvPhS0_S0_S0_S0_mmjff,dynamic,AI_VECTOR_CORE,1791436096666920.458	,13.920,98.490000,40,0,NO,N/A,N/A,N/A,N/A,N/A,N/A,N/A
4,4294967295,424,459,_Z24add_rms_norm_bias_customIu6__bf16EvPhS0_S0_S0_S0_mmjff,_Z24add_rms_norm_bias_customIu6__bf16EvPhS0_S0_S0_S0_mmjff,dynamic,AI_VECTOR_CORE,1791436096667045.178	,13.720,110.830000,40,0,NO,N/A,N/A,N/A,N/A,N/A,N/A,N/A
4,4294967295,428,459,_Z24add_rms_norm_bias_customIu6__bf16EvPhS0_S0_S0_S0_mmjff,_Z24add_rms_norm_bias_customIu6__bf16EvPhS0_S0_S0_S0_mmjff,dynamic,AI_VECTOR_CORE,1791436096667168.202	,14.180,109.280000,40,0,NO,N/A,N/A,N/A,N/A,N/A,N/A,N/A
4,4294967295,431,459,_Z24add_rms_norm_bias_customIu6__bf16EvPhS0_S0_S0_S0_mmjff,_Z24add_rms_norm_bias_customIu6__bf16EvPhS0_S0_S0_S0_mmjff,dynamic,AI_VECTOR_CORE,1791436096667273.462	,14.004,91.070000,40,0,NO,N/A,N/A,N/A,N/A,N/A,N/A,N/A
4,4294967295,434,459,_Z24add_rms_norm_bias_customIu6__bf16EvPhS0_S0_S0_S0_mmjff,_Z24add_rms_norm_bias_customIu6__bf16EvPhS0_S0_S0_S0_mmjff,dynamic,AI_VECTOR_CORE,1791436096667385.346	,13.980,97.746000,40,0,NO,N/A,N/A,N/A,N/A,N/A,N/A,N/A
4,4294967295,437,459,_Z24add_rms_norm_bias_customIu6__bf16EvPhS0_S0_S0_S0_mmjff,_Z24add_rms_norm_bias_customIu6__bf16EvPhS0_S0_S0_S0_mmjff,dynamic,AI_VECTOR_CORE,1791436096667454.986	,13.860,55.770000,40,0,NO,N/A,N/A,N/A,N/A,N/A,N/A,N/A
4,4294967295,440,459,_Z24add_rms_norm_bias_customIu6__bf16EvPhS0_S0_S0_S0_mmjff,_Z24add_rms_norm_bias_customIu6__bf16EvPhS0_S0_S0_S0_mmjff,dynamic,AI_VECTOR_CORE,1791436096667560.190	,14.040,91.390000,40,0,NO,N/A,N/A,N/A,N/A,N/A,N/A,N/A
4,4294967295,443,459,_Z24add_rms_norm_bias_customIu6__bf16EvPhS0_S0_S0_S0_mmjff,_Z24add_rms_norm_bias_customIu6__bf16EvPhS0_S0_S0_S0_mmjff,dynamic,AI_VECTOR_CORE,1791436096667630.790	,13.580,56.460000,40,0,NO,N/A,N/A,N/A,N/A,N/A,N/A,N/A
4,4294967295,446,459,_Z24add_rms_norm_bias_customIu6__bf16EvPhS0_S0_S0_S0_mmjff,_Z24add_rms_norm_bias_customIu6__bf16EvPhS0_S0_S0_S0_mmjff,dynamic,AI_VECTOR_CORE,1791436096667768.994	,14.500,124.670000,40,0,NO,N/A,N/A,N/A,N/A,N/A,N/A,N/A
4,4294967295,449,459,_Z24add_rms_norm_bias_customIu6__bf16EvPhS0_S0_S0_S0_mmjff,_Z24add_rms_norm_bias_customIu6__bf16EvPhS0_S0_S0_S0_mmjff,dynamic,AI_VECTOR_CORE,1791436096668019.018	,15.300,235.500000,40,0,NO,N/A,N/A,N/A,N/A,N/A,N/A,N/A
4,4294967295,453,459,_Z24add_rms_norm_bias_customIu6__bf16EvPhS0_S0_S0_S0_mmjff,_Z24add_rms_norm_bias_customIu6__bf16EvPhS0_S0_S0_S0_mmjff,dynamic,AI_VECTOR_CORE,1791436096668216.022	,862.856,181.700000,40,0,NO,N/A,N/A,N/A,N/A,N/A,N/A,N/A
4,4294967295,457,459,_Z24add_rms_norm_bias_customIu6__bf16EvPhS0_S0_S0_S0_mmjff,_Z24add_rms_norm_bias_customIu6__bf16EvPhS0_S0_S0_S0_mmjff,dynamic,AI_VECTOR_CORE,1791436096669218.162	,13.340,139.394000,40,0,NO,N/A,N/A,N/A,N/A,N/A,N/A,N/A
4,4294967295,461,459,_Z24add_rms_norm_bias_customIu6__bf16EvPhS0_S0_S0_S0_mmjff,_Z24add_rms_norm_bias_customIu6__bf16EvPhS0_S0_S0_S0_mmjff,dynamic,AI_VECTOR_CORE,1791436096669332.926	,13.580,101.410000,40,0,NO,N/A,N/A,N/A,N/A,N/A,N/A,N/A
4,4294967295,464,459,_Z24add_rms_norm_bias_customIu6__bf16EvPhS0_S0_S0_S0_mmjff,_Z24add_rms_norm_bias_customIu6__bf16EvPhS0_S0_S0_S0_mmjff,dynamic,AI_VECTOR_CORE,1791436096669452.046	,13.620,105.420000,40,0,NO,N/A,N/A,N/A,N/A,N/A,N/A,N/A
4,4294967295,467,459,_Z24add_rms_norm_bias_customIu6__bf16EvPhS0_S0_S0_S0_mmjff,_Z24add_rms_norm_bias_customIu6__bf16EvPhS0_S0_S0_S0_mmjff,dynamic,AI_VECTOR_CORE,1791436096669645.610	,13.820,179.880000,40,0,NO,N/A,N/A,N/A,N/A,N/A,N/A,N/A
4,4294967295,471,459,_Z24add_rms_norm_bias_customIu6__bf16EvPhS0_S0_S0_S0_mmjff,_Z24add_rms_norm_bias_customIu6__bf16EvPhS0_S0_S0_S0_mmjff,dynamic,AI_VECTOR_CORE,1791436096669841.414	,13.600,182.180000,40,0,NO,N/A,N/A,N/A,N/A,N/A,N/A,N/A
4,4294967295,475,459,_Z24add_rms_norm_bias_customIu6__bf16EvPhS0_S0_S0_S0_mmjff,_Z24add_rms_norm_bias_customIu6__bf16EvPhS0_S0_S0_S0_mmjff,dynamic,AI_VECTOR_CORE,1791436096670032.818	,14.340,177.650000,40,0,NO,N/A,N/A,N/A,N/A,N/A,N/A,N/A
4,4294967295,479,459,_Z24add_rms_norm_bias_customIu6__bf16EvPhS0_S0_S0_S0_mmjff,_Z24add_rms_norm_bias_customIu6__bf16EvPhS0_S0_S0_S0_mmjff,dynamic,AI_VECTOR_CORE,1791436096670226.162	,19.980,179.160000,40,0,NO,N/A,N/A,N/A,N/A,N/A,N/A,N/A
4,4294967295,483,459,_Z24add_rms_norm_bias_customIu6__bf16EvPhS0_S0_S0_S0_mmjff,_Z24add_rms_norm_bias_customIu6__bf16EvPhS0_S0_S0_S0_mmjff,dynamic,AI_VECTOR_CORE,1791436096670382.266	,13.620,136.020000,40,0,NO,N/A,N/A,N/A,N/A,N/A,N/A,N/A
4,4294967295,487,459,_Z24add_rms_norm_bias_customIu6__bf16EvPhS0_S0_S0_S0_mmjff,_Z24add_rms_norm_bias_customIu6__bf16EvPhS0_S0_S0_S0_mmjff,dynamic,AI_VECTOR_CORE,1791436096670481.666	,13.504,85.880000,40,0,NO,N/A,N/A,N/A,N/A,N/A,N/A,N/A
4,4294967295,491,459,_Z24add_rms_norm_bias_customIu6__bf16EvPhS0_S0_S0_S0_mmjff,_Z24add_rms_norm_bias_customIu6__bf16EvPhS0_S0_S0_S0_mmjff,dynamic,AI_VECTOR_CORE,1791436096670663.970	,13.700,168.746000,40,0,NO,N/A,N/A,N/A,N/A,N/A,N/A,N/A
4,4294967295,494,459,_Z24add_rms_norm_bias_customIu6__bf16EvPhS0_S0_S0_S0_mmjff,_Z24add_rms_norm_bias_customIu6__bf16EvPhS0_S0_S0_S0_mmjff,dynamic,AI_VECTOR_CORE,1791436096670754.614	,13.520,76.800000,40,0,NO,N/A,N/A,N/A,N/A,N/A,N/A,N/A
4,4294967295,497,459,_Z24add_rms_norm_bias_customIu6__bf16EvPhS0_S0_S0_S0_mmjff,_Z24add_rms_norm_bias_customIu6__bf16EvPhS0_S0_S0_S0_mmjff,dynamic,AI_VECTOR_CORE,1791436096670849.974	,13.660,81.980000,40,0,NO,N/A,N/A,N/A,N/A,N/A,N/A,N/A
4,4294967295,501,459,_Z24add_rms_norm_bias_customIu6__bf16EvPhS0_S0_S0_S0_mmjff,_Z24add_rms_norm_bias_customIu6__bf16EvPhS0_S0_S0_S0_mmjff,dynamic,AI_VECTOR_CORE,1791436096671033.358	,13.620,169.590000,40,0,NO,N/A,N/A,N/A,N/A,N/A,N/A,N/A
4,4294967295,505,459,_Z24add_rms_norm_bias_customIu6__bf16EvPhS0_S0_S0_S0_mmjff,_Z24add_rms_norm_bias_customIu6__bf16EvPhS0_S0_S0_S0_mmjff,dynamic,AI_VECTOR_CORE,1791436096671217.662	,13.600,170.880000,40,0,NO,N/A,N/A,N/A,N/A,N/A,N/A,N/A
4,4294967295,509,459,_Z24add_rms_norm_bias_customIu6__bf16EvPhS0_S0_S0_S0_mmjff,_Z24add_rms_norm_bias_customIu6__bf16EvPhS0_S0_S0_S0_mmjff,dynamic,AI_VECTOR_CORE,1791436096671486.646	,14.504,255.400000,40,0,NO,N/A,N/A,N/A,N/A,N/A,N/A,N/A
4,4294967295,513,459,_Z24add_rms_norm_bias_customIu6__bf16EvPhS0_S0_S0_S0_mmjff,_Z24add_rms_norm_bias_customIu6__bf16EvPhS0_S0_S0_S0_mmjff,dynamic,AI_VECTOR_CORE,1791436096671585.290	,13.620,83.996000,40,0,NO,N/A,N/A,N/A,N/A,N/A,N/A,N/A
4,4294967295,517,459,_Z24add_rms_norm_bias_customIu6__bf16EvPhS0_S0_S0_S0_mmjff,_Z24add_rms_norm_bias_customIu6__bf16EvPhS0_S0_S0_S0_mmjff,dynamic,AI_VECTOR_CORE,1791436096671783.574	,13.660,184.630000,40,0,NO,N/A,N/A,N/A,N/A,N/A,N/A,N/A
4,4294967295,520,459,_Z24add_rms_norm_bias_customIu6__bf16EvPhS0_S0_S0_S0_mmjff,_Z24add_rms_norm_bias_customIu6__bf16EvPhS0_S0_S0_S0_mmjff,dynamic,AI_VECTOR_CORE,1791436096671882.974	,13.564,85.840000,40,0,NO,N/A,N/A,N/A,N/A,N/A,N/A,N/A
4,4294967295,524,459,_Z24add_rms_norm_bias_customIu6__bf16EvPhS0_S0_S0_S0_mmjff,_Z24add_rms_norm_bias_customIu6__bf16EvPhS0_S0_S0_S0_mmjff,dynamic,AI_VECTOR_CORE,1791436096672061.198	,13.680,164.686000,40,0,NO,N/A,N/A,N/A,N/A,N/A,N/A,N/A
4,4294967295,527,459,_Z24add_rms_norm_bias_customIu6__bf16EvPhS0_S0_S0_S0_mmjff,_Z24add_rms_norm_bias_customIu6__bf16EvPhS0_S0_S0_S0_mmjff,dynamic,AI_VECTOR_CORE,1791436096672174.782	,13.200,99.820000,40,0,NO,N/A,N/A,N/A,N/A,N/A,N/A,N/A
4,4294967295,530,459,_Z24add_rms_norm_bias_customIu6__bf16EvPhS0_S0_S0_S0_mmjff,_Z24add_rms_norm_bias_customIu6__bf16EvPhS0_S0_S0_S0_mmjff,dynamic,AI_VECTOR_CORE,1791436096672263.642	,13.800,75.800000,40,0,NO,N/A,N/A,N/A,N/A,N/A,N/A,N/A
4,4294967295,534,459,_Z24add_rms_norm_bias_customIu6__bf16EvPhS0_S0_S0_S0_mmjff,_Z24add_rms_norm_bias_customIu6__bf16EvPhS0_S0_S0_S0_mmjff,dynamic,AI_VECTOR_CORE,1791436096672459.446	,13.600,181.950000,40,0,NO,N/A,N/A,N/A,N/A,N/A,N/A,N/A
4,4294967295,537,459,_Z24add_rms_norm_bias_customIu6__bf16EvPhS0_S0_S0_S0_mmjff,_Z24add_rms_norm_bias_customIu6__bf16EvPhS0_S0_S0_S0_mmjff,dynamic,AI_VECTOR_CORE,1791436096672563.110	,13.540,89.900000,40,0,NO,N/A,N/A,N/A,N/A,N/A,N/A,N/A
4,4294967295,540,459,_Z24add_rms_norm_bias_customIu6__bf16EvPhS0_S0_S0_S0_mmjff,_Z24add_rms_norm_bias_customIu6__bf16EvPhS0_S0_S0_S0_mmjff,dynamic,AI_VECTOR_CORE,1791436096672661.210	,14.000,84.710000,40,0,NO,N/A,N/A,N/A,N/A,N/A,N/A,N/A
4,4294967295,543,459,_Z24add_rms_norm_bias_customIu6__bf16EvPhS0_S0_S0_S0_mmjff,_Z24add_rms_norm_bias_customIu6__bf16EvPhS0_S0_S0_S0_mmjff,dynamic,AI_VECTOR_CORE,1791436096672742.294	,14.260,67.000000,40,0,NO,N/A,N/A,N/A,N/A,N/A,N/A,N/A
4,4294967295,546,459,_Z24add_rms_norm_bias_customIu6__bf16EvPhS0_S0_S0_S0_mmjff,_Z24add_rms_norm_bias_customIu6__bf16EvPhS0_S0_S0_S0_mmjff,dynamic,AI_VECTOR_CORE,1791436096672851.914	,13.640,95.490000,40,0,NO,N/A,N/A,N/A,N/A,N/A,N/A,N/A
4,4294967295,549,459,_Z24add_rms_norm_bias_customIu6__bf16EvPhS0_S0_S0_S0_mmjff,_Z24add_rms_norm_bias_customIu6__bf16EvPhS0_S0_S0_S0_mmjff,dynamic,AI_VECTOR_CORE,1791436096673519.670	,13.920,654.110000,40,0,NO,N/A,N/A,N/A,N/A,N/A,N/A,N/A
4,4294967295,550,459,_Z24add_rms_norm_bias_customIu6__bf16EvPhS0_S0_S0_S0_mmjff,_Z24add_rms_norm_bias_customIu6__bf16EvPhS0_S0_S0_S0_mmjff,dynamic,AI_VECTOR_CORE,1791436096673844.374	,465.272,310.580000,40,0,NO,N/A,N/A,N/A,N/A,N/A,N/A,N/A
4,4294967295,552,459,_Z24add_rms_norm_bias_customIu6__bf16EvPhS0_S0_S0_S0_mmjff,_Z24add_rms_norm_bias_customIu6__bf16EvPhS0_S0_S0_S0_mmjff,dynamic,AI_VECTOR_CORE,1791436096674385.506	,34.520,75.978000,40,0,NO,N/A,N/A,N/A,N/A,N/A,N/A,N/A
4,4294967295,553,459,_Z24add_rms_norm_bias_customIu6__bf16EvPhS0_S0_S0_S0_mmjff,_Z24add_rms_norm_bias_customIu6__bf16EvPhS0_S0_S0_S0_mmjff,dynamic,AI_VECTOR_CORE,1791436096674573.610	,17.220,153.480000,40,0,NO,N/A,N/A,N/A,N/A,N/A,N/A,N/A
4,4294967295,555,459,_Z24add_rms_norm_bias_customIu6__bf16EvPhS0_S0_S0_S0_mmjff,_Z24add_rms_norm_bias_customIu6__bf16EvPhS0_S0_S0_S0_mmjff,dynamic,AI_VECTOR_CORE,1791436096674765.014	,15.100,174.280000,40,0,NO,N/A,N/A,N/A,N/A,N/A,N/A,N/A
4,4294967295,557,459,_Z24add_rms_norm_bias_customIu6__bf16EvPhS0_S0_S0_S0_mmjff,_Z24add_rms_norm_bias_customIu6__bf16EvPhS0_S0_S0_S0_mmjff,dynamic,AI_VECTOR_CORE,1791436096674957.598	,14.600,177.400000,40,0,NO,N/A,N/A,N/A,N/A,N/A,N/A,N/A
4,4294967295,559,459,_Z24add_rms_norm_bias_customIu6__bf16EvPhS0_S0_S0_S0_mmjff,_Z24add_rms_norm_bias_customIu6__bf16EvPhS0_S0_S0_S0_mmjff,dynamic,AI_VECTOR_CORE,1791436096675145.622	,13.820,173.400000,40,0,NO,N/A,N/A,N/A,N/A,N/A,N/A,N/A
4,4294967295,561,459,_Z24add_rms_norm_bias_customIu6__bf16EvPhS0_S0_S0_S0_mmjff,_Z24add_rms_norm_bias_customIu6__bf16EvPhS0_S0_S0_S0_mmjff,dynamic,AI_VECTOR_CORE,1791436096675331.146	,14.000,171.930000,40,0,NO,N/A,N/A,N/A,N/A,N/A,N/A,N/A
4,4294967295,563,459,_Z24add_rms_norm_bias_customIu6__bf16EvPhS0_S0_S0_S0_mmjff,_Z24add_rms_norm_bias_customIu6__bf16EvPhS0_S0_S0_S0_mmjff,dynamic,AI_VECTOR_CORE,1791436096675517.430	,13.680,172.250000,40,0,NO,N/A,N/A,N/A,N/A,N/A,N/A,N/A
4,4294967295,565,459,_Z24add_rms_norm_bias_customIu6__bf16EvPhS0_S0_S0_S0_mmjff,_Z24add_rms_norm_bias_customIu6__bf16EvPhS0_S0_S0_S0_mmjff,dynamic,AI_VECTOR_CORE,1791436096675751.034	,13.760,219.820000,40,0,NO,N/A,N/A,N/A,N/A,N/A,N/A,N/A
4,4294967295,567,459,_Z24add_rms_norm_bias_customIu6__bf16EvPhS0_S0_S0_S0_mmjff,_Z24add_rms_norm_bias_customIu6__bf16EvPhS0_S0_S0_S0_mmjff,dynamic,AI_VECTOR_CORE,1791436096675946.878	,13.780,182.240000,40,0,NO,N/A,N/A,N/A,N/A,N/A,N/A,N/A
4,4294967295,569,459,_Z24add_rms_norm_bias_customIu6__bf16EvPhS0_S0_S0_S0_mmjff,_Z24add_rms_norm_bias_customIu6__bf16EvPhS0_S0_S0_S0_mmjff,dynamic,AI_VECTOR_CORE,1791436096676172.802	,13.940,211.970000,40,0,NO,N/A,N/A,N/A,N/A,N/A,N/A,N/A
4,4294967295,571,459,_Z24add_rms_norm_bias_customIu6__bf16EvPhS0_S0_S0_S0_mmjff,_Z24add_rms_norm_bias_customIu6__bf16EvPhS0_S0_S0_S0_mmjff,dynamic,AI_VECTOR_CORE,1791436096676249.902	,13.900,63.310000,40,0,NO,N/A,N/A,N/A,N/A,N/A,N/A,N/A
4,4294967295,572,459,_Z24add_rms_norm_bias_customIu6__bf16EvPhS0_S0_S0_S0_mmjff,_Z24add_rms_norm_bias_customIu6__bf16EvPhS0_S0_S0_S0_mmjff,dynamic,AI_VECTOR_CORE,1791436096676421.486	,15.780,157.600000,40,0,NO,N/A,N/A,N/A,N/A,N/A,N/A,N/A
4,4294967295,574,459,_Z24add_rms_norm_bias_customIu6__bf16EvPhS0_S0_S0_S0_mmjff,_Z24add_rms_norm_bias_customIu6__bf16EvPhS0_S0_S0_S0_mmjff,dynamic,AI_VECTOR_CORE,1791436096676575.570	,14.220,138.220000,40,0,NO,N/A,N/A,N/A,N/A,N/A,N/A,N/A
4,4294967295,576,459,_Z24add_rms_norm_bias_customIu6__bf16EvPhS0_S0_S0_S0_mmjff,_Z24add_rms_norm_bias_customIu6__bf16EvPhS0_S0_S0_S0_mmjff,dynamic,AI_VECTOR_CORE,1791436096676795.354	,13.740,205.530000,40,0,NO,N/A,N/A,N/A,N/A,N/A,N/A,N/A
4,4294967295,578,459,_Z24add_rms_norm_bias_customIu6__bf16EvPhS0_S0_S0_S0_mmjff,_Z24add_rms_norm_bias_customIu6__bf16EvPhS0_S0_S0_S0_mmjff,dynamic,AI_VECTOR_CORE,1791436096676974.278	,13.660,165.260000,40,0,NO,N/A,N/A,N/A,N/A,N/A,N/A,N/A
4,4294967295,580,459,_Z24add_rms_norm_bias_customIu6__bf16EvPhS0_S0_S0_S0_mmjff,_Z24add_rms_norm_bias_customIu6__bf16EvPhS0_S0_S0_S0_mmjff,dynamic,AI_VECTOR_CORE,1791436096677154.662	,13.620,166.840000,40,0,NO,N/A,N/A,N/A,N/A,N/A,N/A,N/A
4,4294967295,582,459,_Z24add_rms_norm_bias_customIu6__bf16EvPhS0_S0_S0_S0_mmjff,_Z24add_rms_norm_bias_customIu6__bf16EvPhS0_S0_S0_S0_mmjff,dynamic,AI_VECTOR_CORE,1791436096677333.366	,13.560,164.880000,40,0,NO,N/A,N/A,N/A,N/A,N/A,N/A,N/A
4,4294967295,584,459,_Z24add_rms_norm_bias_customIu6__bf16EvPhS0_S0_S0_S0_mmjff,_Z24add_rms_norm_bias_customIu6__bf16EvPhS0_S0_S0_S0_mmjff,dynamic,AI_VECTOR_CORE,1791436096677398.126	,13.760,51.440000,40,0,NO,N/A,N/A,N/A,N/A,N/A,N/A,N/A
4,4294967295,585,459,_Z24add_rms_norm_bias_customIu6__bf16EvPhS0_S0_S0_S0_mmjff,_Z24add_rms_norm_bias_customIu6__bf16EvPhS0_S0_S0_S0_mmjff,dynamic,AI_VECTOR_CORE,1791436096677468.686	,13.440,56.740000,40,0,NO,N/A,N/A,N/A,N/A,N/A,N/A,N/A
4,4294967295,587,459,_Z24add_rms_norm_bias_customIu6__bf16EvPhS0_S0_S0_S0_mmjff,_Z24add_rms_norm_bias_customIu6__bf16EvPhS0_S0_S0_S0_mmjff,dynamic,AI_VECTOR_CORE,1791436096677590.350	,13.760,108.060000,40,0,NO,N/A,N/A,N/A,N/A,N/A,N/A,N/A
4,4294967295,589,459,_Z24add_rms_norm_bias_customIu6__bf16EvPhS0_S0_S0_S0_mmjff,_Z24add_rms_norm_bias_customIu6__bf16EvPhS0_S0_S0_S0_mmjff,dynamic,AI_VECTOR_CORE,1791436096677712.434	,14.280,108.490000,40,0,NO,N/A,N/A,N/A,N/A,N/A,N/A,N/A
4,4294967295,591,459,_Z24add_rms_norm_bias_customIu6__bf16EvPhS0_S0_S0_S0_mmjff,_Z24add_rms_norm_bias_customIu6__bf16EvPhS0_S0_S0_S0_mmjff,dynamic,AI_VECTOR_CORE,1791436096677836.454	,13.940,109.720000,40,0,NO,N/A,N/A,N/A,N/A,N/A,N/A,N/A
4,4294967295,593,459,_Z24add_rms_norm_bias_customIu6__bf16EvPhS0_S0_S0_S0_mmjff,_Z24add_rms_norm_bias_customIu6__bf16EvPhS0_S0_S0_S0_mmjff,dynamic,AI_VECTOR_CORE,1791436096677897.418	,14.820,47.060000,40,0,NO,N/A,N/A,N/A,N/A,N/A,N/A,N/A
4,4294967295,594,459,_Z24add_rms_norm_bias_customIu6__bf16EvPhS0_S0_S0_S0_mmjff,_Z24add_rms_norm_bias_customIu6__bf16EvPhS0_S0_S0_S0_mmjff,dynamic,AI_VECTOR_CORE,1791436096678074.758	,14.600,162.430000,40,0,NO,N/A,N/A,N/A,N/A,N/A,N/A,N/A
4,4294967295,596,459,_Z24add_rms_norm_bias_customIu6__bf16EvPhS0_S0_S0_S0_mmjff,_Z24add_rms_norm_bias_customIu6__bf16EvPhS0_S0_S0_S0_mmjff,dynamic,AI_VECTOR_CORE,1791436096678177.622	,16.000,88.150000,40,0,NO,N/A,N/A,N/A,N/A,N/A,N/A,N/A
4,4294967295,598,459,_Z24add_rms_norm_bias_customIu6__bf16EvPhS0_S0_S0_S0_mmjff,_Z24add_rms_norm_bias_customIu6__bf16EvPhS0_S0_S0_S0_mmjff,dynamic,AI_VECTOR_CORE,1791436096678381.866	,17.180,188.250000,40,0,NO,N/A,N/A,N/A,N/A,N/A,N/A,N/A
4,4294967295,600,459,_Z24add_rms_norm_bias_customIu6__bf16EvPhS0_S0_S0_S0_mmjff,_Z24add_rms_norm_bias_customIu6__bf16EvPhS0_S0_S0_S0_mmjff,dynamic,AI_VECTOR_CORE,1791436096678463.826	,17.360,64.820000,40,0,NO,N/A,N/A,N/A,N/A,N/A,N/A,N/A
4,4294967295,602,459,_Z24add_rms_norm_bias_customIu6__bf16EvPhS0_S0_S0_S0_mmjff,_Z24add_rms_norm_bias_customIu6__bf16EvPhS0_S0_S0_S0_mmjff,dynamic,AI_VECTOR_CORE,1791436096678673.850	,42.684,192.640000,40,0,NO,N/A,N/A,N/A,N/A,N/A,N/A,N/A
4,4294967295,604,459,_Z24add_rms_norm_bias_customIu6__bf16EvPhS0_S0_S0_S0_mmjff,_Z24add_rms_norm_bias_customIu6__bf16EvPhS0_S0_S0_S0_mmjff,dynamic,AI_VECTOR_CORE,1791436096678939.578	,26.640,223.066000,40,0,NO,N/A,N/A,N/A,N/A,N/A,N/A,N/A
4,4294967295,606,459,_Z24add_rms_norm_bias_customIu6__bf16EvPhS0_S0_S0_S0_mmjff,_Z24add_rms_norm_bias_customIu6__bf16EvPhS0_S0_S0_S0_mmjff,dynamic,AI_VECTOR_CORE,1791436096679040.238	,13.700,74.110000,40,0,NO,N/A,N/A,N/A,N/A,N/A,N/A,N/A
4,4294967295,608,459,_Z24add_rms_norm_bias_customIu6__bf16EvPhS0_S0_S0_S0_mmjff,_Z24add_rms_norm_bias_customIu6__bf16EvPhS0_S0_S0_S0_mmjff,dynamic,AI_VECTOR_CORE,1791436096679366.446	,76.340,312.550000,40,0,NO,N/A,N/A,N/A,N/A,N/A,N/A,N/A
4,4294967295,610,459,_Z24add_rms_norm_bias_customIu6__bf16EvPhS0_S0_S0_S0_mmjff,_Z24add_rms_norm_bias_customIu6__bf16EvPhS0_S0_S0_S0_mmjff,dynamic,AI_VECTOR_CORE,1791436096679552.970	,24.880,110.160000,40,0,NO,N/A,N/A,N/A,N/A,N/A,N/A,N/A
4,4294967295,612,459,_Z24add_rms_norm_bias_customIu6__bf16EvPhS0_S0_S0_S0_mmjff,_Z24add_rms_norm_bias_customIu6__bf16EvPhS0_S0_S0_S0_mmjff,dynamic,AI_VECTOR_CORE,1791436096679755.174	,20.180,177.370000,40,0,NO,N/A,N/A,N/A,N/A,N/A,N/A,N/A
4,4294967295,614,459,_Z24add_rms_norm_bias_customIu6__bf16EvPhS0_S0_S0_S0_mmjff,_Z24add_rms_norm_bias_customIu6__bf16EvPhS0_S0_S0_S0_mmjff,dynamic,AI_VECTOR_CORE,1791436096679856.254	,890.300,80.820000,40,0,NO,N/A,N/A,N/A,N/A,N/A,N/A,N/A
4,4294967295,616,459,_Z24add_rms_norm_bias_customIu6__bf16EvPhS0_S0_S0_S0_mmjff,_Z24add_rms_norm_bias_customIu6__bf16EvPhS0_S0_S0_S0_mmjff,dynamic,AI_VECTOR_CORE,1791436096680959.938	,155.444,213.450000,40,0,NO,N/A,N/A,N/A,N/A,N/A,N/A,N/A
4,4294967295,618,459,_Z24add_rms_norm_bias_customIu6__bf16EvPhS0_S0_S0_S0_mmjff,_Z24add_rms_norm_bias_customIu6__bf16EvPhS0_S0_S0_S0_mmjff,dynamic,AI_VECTOR_CORE,1791436096681177.202	,20.700,61.806000,40,0,NO,N/A,N/A,N/A,N/A,N/A,N/A,N/A
4,4294967295,619,459,_Z24add_rms_norm_bias_customIu6__bf16EvPhS0_S0_S0_S0_mmjff,_Z24add_rms_norm_bias_customIu6__bf16EvPhS0_S0_S0_S0_mmjff,dynamic,AI_VECTOR_CORE,1791436096681262.222	,20.160,64.300000,40,0,NO,N/A,N/A,N/A,N/A,N/A,N/A,N/A
4,4294967295,621,459,_Z24add_rms_norm_bias_customIu6__bf16EvPhS0_S0_S0_S0_mmjff,_Z24add_rms_norm_bias_customIu6__bf16EvPhS0_S0_S0_S0_mmjff,dynamic,AI_VECTOR_CORE,1791436096681350.566	,19.280,68.090000,40,0,NO,N/A,N/A,N/A,N/A,N/A,N/A,N/A
4,4294967295,623,459,_Z24add_rms_norm_bias_customIu6__bf16EvPhS0_S0_S0_S0_mmjff,_Z24add_rms_norm_bias_customIu6__bf16EvPhS0_S0_S0_S0_mmjff,dynamic,AI_VECTOR_CORE,1791436096681524.450	,17.560,154.720000,40,0,NO,N/A,N/A,N/A,N/A,N/A,N/A,N/A
4,4294967295,625,459,_Z24add_rms_norm_bias_customIu6__bf16EvPhS0_S0_S0_S0_mmjff,_Z24add_rms_norm_bias_customIu6__bf16EvPhS0_S0_S0_S0_mmjff,dynamic,AI_VECTOR_CORE,1791436096681611.850	,28.180,69.690000,40,0,NO,N/A,N/A,N/A,N/A,N/A,N/A,N/A
4,4294967295,627,459,_Z24add_rms_norm_bias_customIu6__bf16EvPhS0_S0_S0_S0_mmjff,_Z24add_rms_norm_bias_customIu6__bf16EvPhS0_S0_S0_S0_mmjff,dynamic,AI_VECTOR_CORE,1791436096681743.594	,64.120,103.570000,40,0,NO,N/A,N/A,N/A,N/A,N/A,N/A,N/A
4,4294967295,629,459,_Z24add_rms_norm_bias_customIu6__bf16EvPhS0_S0_S0_S0_mmjff,_Z24add_rms_norm_bias_customIu6__bf16EvPhS0_S0_S0_S0_mmjff,dynamic,AI_VECTOR_CORE,1791436096681932.778	,24.980,125.130000,40,0,NO,N/A,N/A,N/A,N/A,N/A,N/A,N/A
4,4294967295,631,459,_Z24add_rms_norm_bias_customIu6__bf16EvPhS0_S0_S0_S0_mmjff,_Z24add_rms_norm_bias_customIu6__bf16EvPhS0_S0_S0_S0_mmjff,dynamic,AI_VECTOR_CORE,1791436096682046.558	,386.748,88.770000,40,0,NO,N/A,N/A,N/A,N/A,N/A,N/A,N/A
4,4294967295,633,459,_Z24add_rms_norm_bias_customIu6__bf16EvPhS0_S0_S0_S0_mmjff,_Z24add_rms_norm_bias_customIu6__bf16EvPhS0_S0_S0_S0_mmjff,dynamic,AI_VECTOR_CORE,1791436096682492.906	,491.292,59.752000,40,0,NO,N/A,N/A,N/A,N/A,N/A,N/A,N/A
4,4294967295,635,459,_Z24add_rms_norm_bias_customIu6__bf16EvPhS0_S0_S0_S0_mmjff,_Z24add_rms_norm_bias_customIu6__bf16EvPhS0_S0_S0_S0_mmjff,dynamic,AI_VECTOR_CORE,1791436096683038.878	,2071.064,54.708000,40,0,NO,N/A,N/A,N/A,N/A,N/A,N/A,N/A
4,4294967295,637,459,_Z24add_rms_norm_bias_customIu6__bf16EvPhS0_S0_S0_S0_mmjff,_Z24add_rms_norm_bias_customIu6__bf16EvPhS0_S0_S0_S0_mmjff,dynamic,AI_VECTOR_CORE,1791436096685325.626	,2524.448,215.686000,40,0,NO,N/A,N/A,N/A,N/A,N/A,N/A,N/A
4,4294967295,639,459,_Z24add_rms_norm_bias_customIu6__bf16EvPhS0_S0_S0_S0_mmjff,_Z24add_rms_norm_bias_customIu6__bf16EvPhS0_S0_S0_S0_mmjff,dynamic,AI_VECTOR_CORE,1791436096687947.298	,17.740,97.052000,40,0,NO,N/A,N/A,N/A,N/A,N/A,N/A,N/A
4,4294967295,640,459,_Z24add_rms_norm_bias_customIu6__bf16EvPhS0_S0_S0_S0_mmjff,_Z24add_rms_norm_bias_customIu6__bf16EvPhS0_S0_S0_S0_mmjff,dynamic,AI_VECTOR_CORE,1791436096688135.642	,167.180,170.760000,40,0,NO,N/A,N/A,N/A,N/A,N/A,N/A,N/A
4,4294967295,642,459,_Z24add_rms_norm_bias_customIu6__bf16EvPhS0_S0_S0_S0_mmjff,_Z24add_rms_norm_bias_customIu6__bf16EvPhS0_S0_S0_S0_mmjff,dynamic,AI_VECTOR_CORE,1791436096688382.646	,172.024,79.820000,40,0,NO,N/A,N/A,N/A,N/A,N/A,N/A,N/A
4,4294967295,644,459,_Z24add_rms_norm_bias_customIu6__bf16EvPhS0_S0_S0_S0_mmjff,_Z24add_rms_norm_bias_customIu6__bf16EvPhS0_S0_S0_S0_mmjff,dynamic,AI_VECTOR_CORE,1791436096688719.494	,105.840,164.726000,40,0,NO,N/A,N/A,N/A,N/A,N/A,N/A,N/A
4,4294967295,646,459,_Z24add_rms_norm_bias_customIu6__bf16EvPhS0_S0_S0_S0_mmjff,_Z24add_rms_norm_bias_customIu6__bf16EvPhS0_S0_S0_S0_mmjff,dynamic,AI_VECTOR_CORE,1791436096688916.958	,24.400,91.660000,40,0,NO,N/A,N/A,N/A,N/A,N/A,N/A,N/A
4,4294967295,648,459,_Z24add_rms_norm_bias_customIu6__bf16EvPhS0_S0_S0_S0_mmjff,_Z24add_rms_norm_bias_customIu6__bf16EvPhS0_S0_S0_S0_mmjff,dynamic,AI_VECTOR_CORE,1791436096689080.958	,1219.924,139.600000,40,0,NO,N/A,N/A,N/A,N/A,N/A,N/A,N/A
4,4294967295,650,459,_Z24add_rms_norm_bias_customIu6__bf16EvPhS0_S0_S0_S0_mmjff,_Z24add_rms_norm_bias_customIu6__bf16EvPhS0_S0_S0_S0_mmjff,dynamic,AI_VECTOR_CORE,1791436096690386.406	,17.160,85.576000,40,0,NO,N/A,N/A,N/A,N/A,N/A,N/A,N/A
4,4294967295,651,459,_Z24add_rms_norm_bias_customIu6__bf16EvPhS0_S0_S0_S0_mmjff,_Z24add_rms_norm_bias_customIu6__bf16EvPhS0_S0_S0_S0_mmjff,dynamic,AI_VECTOR_CORE,1791436096690565.850	,14.220,162.090000,40,0,NO,N/A,N/A,N/A,N/A,N/A,N/A,N/A
4,4294967295,653,459,_Z24add_rms_norm_bias_customIu6__bf16EvPhS0_S0_S0_S0_mmjff,_Z24add_rms_norm_bias_customIu6__bf16EvPhS0_S0_S0_S0_mmjff,dynamic,AI_VECTOR_CORE,1791436096690762.674	,13.140,182.780000,40,0,NO,N/A,N/A,N/A,N/A,N/A,N/A,N/A
4,4294967295,655,459,_Z24add_rms_norm_bias_customIu6__bf16EvPhS0_S0_S0_S0_mmjff,_Z24add_rms_norm_bias_customIu6__bf16EvPhS0_S0_S0_S0_mmjff,dynamic,AI_VECTOR_CORE,1791436096690949.898	,13.720,174.110000,40,0,NO,N/A,N/A,N/A,N/A,N/A,N/A,N/A
4,4294967295,657,459,_Z24add_rms_norm_bias_customIu6__bf16EvPhS0_S0_S0_S0_mmjff,_Z24add_rms_norm_bias_customIu6__bf16EvPhS0_S0_S0_S0_mmjff,dynamic,AI_VECTOR_CORE,1791436096691137.062	,13.360,173.280000,40,0,NO,N/A,N/A,N/A,N/A,N/A,N/A,N/A
4,4294967295,659,459,_Z24add_rms_norm_bias_customIu6__bf16EvPhS0_S0_S0_S0_mmjff,_Z24add_rms_norm_bias_customIu6__bf16EvPhS0_S0_S0_S0_mmjff,dynamic,AI_VECTOR_CORE,1791436096691305.322	,1399.468,154.890000,40,0,NO,N/A,N/A,N/A,N/A,N/A,N/A,N/A
4,4294967295,661,459,_Z24add_rms_norm_bias_customIu6__bf16EvPhS0_S0_S0_S0_mmjff,_Z24add_rms_norm_bias_customIu6__bf16EvPhS0_S0_S0_S0_mmjff,dynamic,AI_VECTOR_CORE,1791436096692797.234	,208.704,92.532000,40,0,NO,N/A,N/A,N/A,N/A,N/A,N/A,N/A
4,4294967295,663,459,_Z24add_rms_norm_bias_customIu6__bf16EvPhS0_S0_S0_S0_mmjff,_Z24add_rms_norm_bias_customIu6__bf16EvPhS0_S0_S0_S0_mmjff,dynamic,AI_VECTOR_CORE,1791436096693154.102	,207.864,148.046000,40,0,NO,N/A,N/A,N/A,N/A,N/A,N/A,N/A
4,4294967295,665,459,_Z24add_rms_norm_bias_customIu6__bf16EvPhS0_S0_S0_S0_mmjff,_Z24add_rms_norm_bias_customIu6__bf16EvPhS0_S0_S0_S0_mmjff,dynamic,AI_VECTOR_CORE,1791436096693564.750	,342.524,202.886000,40,0,NO,N/A,N/A,N/A,N/A,N/A,N/A,N/A
4,4294967295,667,459,_Z24add_rms_norm_bias_customIu6__bf16EvPhS0_S0_S0_S0_mmjff,_Z24add_rms_norm_bias_customIu6__bf16EvPhS0_S0_S0_S0_mmjff,dynamic,AI_VECTOR_CORE,1791436096693980.938	,17.040,73.726000,40,0,NO,N/A,N/A,N/A,N/A,N/A,N/A,N/A
4,4294967295,668,459,_Z24add_rms_norm_bias_customIu6__bf16EvPhS0_S0_S0_S0_mmjff,_Z24add_rms_norm_bias_customIu6__bf16EvPhS0_S0_S0_S0_mmjff,dynamic,AI_VECTOR_CORE,1791436096694170.962	,95.040,172.960000,40,0,NO,N/A,N/A,N/A,N/A,N/A,N/A,N/A
4,4294967295,670,459,_Z24add_rms_norm_bias_customIu6__bf16EvPhS0_S0_S0_S0_mmjff,_Z24add_rms_norm_bias_customIu6__bf16EvPhS0_S0_S0_S0_mmjff,dynamic,AI_VECTOR_CORE,1791436096694364.646	,142.120,98.710000,40,0,NO,N/A,N/A,N/A,N/A,N/A,N/A,N/A
4,4294967295,672,459,_Z24add_rms_norm_bias_customIu6__bf16EvPhS0_S0_S0_S0_mmjff,_Z24add_rms_norm_bias_customIu6__bf16EvPhS0_S0_S0_S0_mmjff,dynamic,AI_VECTOR_CORE,1791436096694613.210	,29.780,106.380000,40,0,NO,N/A,N/A,N/A,N/A,N/A,N/A,N/A
4,4294967295,674,459,_Z24add_rms_norm_bias_customIu6__bf16EvPhS0_S0_S0_S0_mmjff,_Z24add_rms_norm_bias_customIu6__bf16EvPhS0_S0_S0_S0_mmjff,dynamic,AI_VECTOR_CORE,1791436096694705.410	,18.764,62.470000,40,0,NO,N/A,N/A,N/A,N/A,N/A,N/A,N/A
4,4294967295,675,459,_Z24add_rms_norm_bias_customIu6__bf16EvPhS0_S0_S0_S0_mmjff,_Z24add_rms_norm_bias_customIu6__bf16EvPhS0_S0_S0_S0_mmjff,dynamic,AI_VECTOR_CORE,1791436096694754.834	,16.600,30.486000,40,0,NO,N/A,N/A,N/A,N/A,N/A,N/A,N/A
4,4294967295,676,459,_Z24add_rms_norm_bias_customIu6__bf16EvPhS0_S0_S0_S0_mmjff,_Z24add_rms_norm_bias_customIu6__bf16EvPhS0_S0_S0_S0_mmjff,dynamic,AI_VECTOR_CORE,1791436096694956.638	,73.540,185.400000,40,0,NO,N/A,N/A,N/A,N/A,N/A,N/A,N/A
4,4294967295,678,459,_Z24add_rms_norm_bias_customIu6__bf16EvPhS0_S0_S0_S0_mmjff,_Z24add_rms_norm_bias_customIu6__bf16EvPhS0_S0_S0_S0_mmjff,dynamic,AI_VECTOR_CORE,1791436096695142.362	,24.820,111.960000,40,0,NO,N/A,N/A,N/A,N/A,N/A,N/A,N/A
4,4294967295,680,459,_Z24add_rms_norm_bias_customIu6__bf16EvPhS0_S0_S0_S0_mmjff,_Z24add_rms_norm_bias_customIu6__bf16EvPhS0_S0_S0_S0_mmjff,dynamic,AI_VECTOR_CORE,1791436096695327.806	,21.360,160.680000,40,0,NO,N/A,N/A,N/A,N/A,N/A,N/A,N/A
4,4294967295,682,459,_Z24add_rms_norm_bias_customIu6__bf16EvPhS0_S0_S0_S0_mmjff,_Z24add_rms_norm_bias_customIu6__bf16EvPhS0_S0_S0_S0_mmjff,dynamic,AI_VECTOR_CORE,1791436096695533.770	,21.340,184.640000,40,0,NO,N/A,N/A,N/A,N/A,N/A,N/A,N/A
4,4294967295,684,459,_Z24add_rms_norm_bias_customIu6__bf16EvPhS0_S0_S0_S0_mmjff,_Z24add_rms_norm_bias_customIu6__bf16EvPhS0_S0_S0_S0_mmjff,dynamic,AI_VECTOR_CORE,1791436096695748.354	,21.540,193.160000,40,0,NO,N/A,N/A,N/A,N/A,N/A,N/A,N/A
4,4294967295,686,459,_Z24add_rms_norm_bias_customIu6__bf16EvPhS0_S0_S0_S0_mmjff,_Z24add_rms_norm_bias_customIu6__bf16EvPhS0_S0_S0_S0_mmjff,dynamic,AI_VECTOR_CORE,1791436096695941.998	,22.580,172.210000,40,0,NO,N/A,N/A,N/A,N/A,N/A,N/A,N/A
4,4294967295,688,459,_Z24add_rms_norm_bias_customIu6__bf16EvPhS0_S0_S0_S0_mmjff,_Z24add_rms_norm_bias_customIu6__bf16EvPhS0_S0_S0_S0_mmjff,dynamic,AI_VECTOR_CORE,1791436096696134.742	,22.040,170.170000,40,0,NO,N/A,N/A,N/A,N/A,N/A,N/A,N/A
4,4294967295,690,459,_Z24add_rms_norm_bias_customIu6__bf16EvPhS0_S0_S0_S0_mmjff,_Z24add_rms_norm_bias_customIu6__bf16EvPhS0_S0_S0_S0_mmjff,dynamic,AI_VECTOR_CORE,1791436096696329.186	,23.020,172.460000,40,0,NO,N/A,N/A,N/A,N/A,N/A,N/A,N/A
4,4294967295,692,459,_Z24add_rms_norm_bias_customIu6__bf16EvPhS0_S0_S0_S0_mmjff,_Z24add_rms_norm_bias_customIu6__bf16EvPhS0_S0_S0_S0_mmjff,dynamic,AI_VECTOR_CORE,1791436096696428.226	,22.920,75.980000,40,0,NO,N/A,N/A,N/A,N/A,N/A,N/A,N/A
4,4294967295,694,459,_Z24add_rms_norm_bias_customIu6__bf16EvPhS0_S0_S0_S0_mmjff,_Z24add_rms_norm_bias_customIu6__bf16EvPhS0_S0_S0_S0_mmjff,dynamic,AI_VECTOR_CORE,1791436096696713.450	,23.004,262.330000,40,0,NO,N/A,N/A,N/A,N/A,N/A,N/A,N/A
4,4294967295,696,459,_Z24add_rms_norm_bias_customIu6__bf16EvPhS0_S0_S0_S0_mmjff,_Z24add_rms_norm_bias_customIu6__bf16EvPhS0_S0_S0_S0_mmjff,dynamic,AI_VECTOR_CORE,1791436096696799.634	,23.360,63.246000,40,0,NO,N/A,N/A,N/A,N/A,N/A,N/A,N/A
4,4294967295,697,459,_Z24add_rms_norm_bias_customIu6__bf16EvPhS0_S0_S0_S0_mmjff,_Z24add_rms_norm_bias_customIu6__bf16EvPhS0_S0_S0_S0_mmjff,dynamic,AI_VECTOR_CORE,1791436096696867.194	,22.820,44.140000,40,0,NO,N/A,N/A,N/A,N/A,N/A,N/A,N/A
4,4294967295,699,459,_Z24add_rms_norm_bias_customIu6__bf16EvPhS0_S0_S0_S0_mmjff,_Z24add_rms_norm_bias_customIu6__bf16EvPhS0_S0_S0_S0_mmjff,dynamic,AI_VECTOR_CORE,1791436096697066.738	,24.020,176.680000,40,0,NO,N/A,N/A,N/A,N/A,N/A,N/A,N/A
4,4294967295,701,459,_Z24add_rms_norm_bias_customIu6__bf16EvPhS0_S0_S0_S0_mmjff,_Z24add_rms_norm_bias_customIu6__bf16EvPhS0_S0_S0_S0_mmjff,dynamic,AI_VECTOR_CORE,1791436096697262.942	,23.780,172.230000,40,0,NO,N/A,N/A,N/A,N/A,N/A,N/A,N/A
4,4294967295,703,459,_Z24add_rms_norm_bias_customIu6__bf16EvPhS0_S0_S0_S0_mmjff,_Z24add_rms_norm_bias_customIu6__bf16EvPhS0_S0_S0_S0_mmjff,dynamic,AI_VECTOR_CORE,1791436096697460.926	,15.200,174.220000,40,0,NO,N/A,N/A,N/A,N/A,N/A,N/A,N/A
4,4294967295,705,459,_Z24add_rms_norm_bias_customIu6__bf16EvPhS0_S0_S0_S0_mmjff,_Z24add_rms_norm_bias_customIu6__bf16EvPhS0_S0_S0_S0_mmjff,dynamic,AI_VECTOR_CORE,1791436096697537.970	,15.780,61.800000,40,0,NO,N/A,N/A,N/A,N/A,N/A,N/A,N/A
4,4294967295,706,459,_Z24add_rms_norm_bias_customIu6__bf16EvPhS0_S0_S0_S0_mmjff,_Z24add_rms_norm_bias_customIu6__bf16EvPhS0_S0_S0_S0_mmjff,dynamic,AI_VECTOR_CORE,1791436096697656.630	,14.140,102.970000,40,0,NO,N/A,N/A,N/A,N/A,N/A,N/A,N/A
4,4294967295,708,459,_Z24add_rms_norm_bias_customIu6__bf16EvPhS0_S0_S0_S0_mmjff,_Z24add_rms_norm_bias_customIu6__bf16EvPhS0_S0_S0_S0_mmjff,dynamic,AI_VECTOR_CORE,1791436096697765.794	,14.080,94.860000,40,0,NO,N/A,N/A,N/A,N/A,N/A,N/A,N/A
4,4294967295,710,459,_Z24add_rms_norm_bias_customIu6__bf16EvPhS0_S0_S0_S0_mmjff,_Z24add_rms_norm_bias_customIu6__bf16EvPhS0_S0_S0_S0_mmjff,dynamic,AI_VECTOR_CORE,1791436096697987.198	,14.100,207.420000,40,0,NO,N/A,N/A,N/A,N/A,N/A,N/A,N/A
4,4294967295,712,459,_Z24add_rms_norm_bias_customIu6__bf16EvPhS0_S0_S0_S0_mmjff,_Z24add_rms_norm_bias_customIu6__bf16EvPhS0_S0_S0_S0_mmjff,dynamic,AI_VECTOR_CORE,1791436096698063.178	,14.080,61.900000,40,0,NO,N/A,N/A,N/A,N/A,N/A,N/A,N/A
4,4294967295,713,459,_Z24add_rms_norm_bias_customIu6__bf16EvPhS0_S0_S0_S0_mmjff,_Z24add_rms_norm_bias_customIu6__bf16EvPhS0_S0_S0_S0_mmjff,dynamic,AI_VECTOR_CORE,1791436096698235.962	,14.400,158.670000,40,0,NO,N/A,N/A,N/A,N/A,N/A,N/A,N/A
4,4294967295,715,459,_Z24add_rms_norm_bias_customIu6__bf16EvPhS0_S0_S0_S0_mmjff,_Z24add_rms_norm_bias_customIu6__bf16EvPhS0_S0_S0_S0_mmjff,dynamic,AI_VECTOR_CORE,1791436096698445.406	,14.380,195.100000,40,0,NO,N/A,N/A,N/A,N/A,N/A,N/A,N/A
4,4294967295,717,459,_Z24add_rms_norm_bias_customIu6__bf16EvPhS0_S0_S0_S0_mmjff,_Z24add_rms_norm_bias_customIu6__bf16EvPhS0_S0_S0_S0_mmjff,dynamic,AI_VECTOR_CORE,1791436096698671.090	,14.000,211.120000,40,0,NO,N/A,N/A,N/A,N/A,N/A,N/A,N/A
4,4294967295,719,459,_Z24add_rms_norm_bias_customIu6__bf16EvPhS0_S0_S0_S0_mmjff,_Z24add_rms_norm_bias_customIu6__bf16EvPhS0_S0_S0_S0_mmjff,dynamic,AI_VECTOR_CORE,1791436096698918.018	,13.940,233.000000,40,0,NO,N/A,N/A,N/A,N/A,N/A,N/A,N/A
4,4294967295,721,459,_Z24add_rms_norm_bias_customIu6__bf16EvPhS0_S0_S0_S0_mmjff,_Z24add_rms_norm_bias_customIu6__bf16EvPhS0_S0_S0_S0_mmjff,dynamic,AI_VECTOR_CORE,1791436096699144.662	,13.900,212.810000,40,0,NO,N/A,N/A,N/A,N/A,N/A,N/A,N/A
4,4294967295,723,459,_Z24add_rms_norm_bias_customIu6__bf16EvPhS0_S0_S0_S0_mmjff,_Z24add_rms_norm_bias_customIu6__bf16EvPhS0_S0_S0_S0_mmjff,dynamic,AI_VECTOR_CORE,1791436096699375.466	,115.280,216.850000,40,0,NO,N/A,N/A,N/A,N/A,N/A,N/A,N/A
4,4294967295,725,459,_Z24add_rms_norm_bias_customIu6__bf16EvPhS0_S0_S0_S0_mmjff,_Z24add_rms_norm_bias_customIu6__bf16EvPhS0_S0_S0_S0_mmjff,dynamic,AI_VECTOR_CORE,1791436096699589.450	,172.964,98.720000,40,0,NO,N/A,N/A,N/A,N/A,N/A,N/A,N/A
4,4294967295,727,459,_Z24add_rms_norm_bias_customIu6__bf16EvPhS0_S0_S0_S0_mmjff,_Z24add_rms_norm_bias_customIu6__bf16EvPhS0_S0_S0_S0_mmjff,dynamic,AI_VECTOR_CORE,1791436096699979.938	,24.060,217.536000,40,0,NO,N/A,N/A,N/A,N/A,N/A,N/A,N/A
4,4294967295,729,459,_Z24add_rms_norm_bias_customIu6__bf16EvPhS0_S0_S0_S0_mmjff,_Z24add_rms_norm_bias_customIu6__bf16EvPhS0_S0_S0_S0_mmjff,dynamic,AI_VECTOR_CORE,1791436096700191.802	,508.568,187.690000,40,0,NO,N/A,N/A,N/A,N/A,N/A,N/A,N/A
4,4294967295,731,459,_Z24add_rms_norm_bias_customIu6__bf16EvPhS0_S0_S0_S0_mmjff,_Z24add_rms_norm_bias_customIu6__bf16EvPhS0_S0_S0_S0_mmjff,dynamic,AI_VECTOR_CORE,1791436096700923.074	,18.264,222.682000,40,0,NO,N/A,N/A,N/A,N/A,N/A,N/A,N/A
4,4294967295,733,459,_Z24add_rms_norm_bias_customIu6__bf16EvPhS0_S0_S0_S0_mmjff,_Z24add_rms_norm_bias_customIu6__bf16EvPhS0_S0_S0_S0_mmjff,dynamic,AI_VECTOR_CORE,1791436096701132.282	,12.100,190.986000,40,0,NO,N/A,N/A,N/A,N/A,N/A,N/A,N/A
4,4294967295,735,459,_Z24add_rms_norm_bias_customIu6__bf16EvPhS0_S0_S0_S0_mmjff,_Z24add_rms_norm_bias_customIu6__bf16EvPhS0_S0_S0_S0_mmjff,dynamic,AI_VECTOR_CORE,1791436096701210.082	,11.940,65.650000,40,0,NO,N/A,N/A,N/A,N/A,N/A,N/A,N/A
4,4294967295,736,459,_Z24add_rms_norm_bias_customIu6__bf16EvPhS0_S0_S0_S0_mmjff,_Z24add_rms_norm_bias_customIu6__bf16EvPhS0_S0_S0_S0_mmjff,dynamic,AI_VECTOR_CORE,1791436096701280.922	,11.740,59.060000,40,0,NO,N/A,N/A,N/A,N/A,N/A,N/A,N/A
4,4294967295,738,459,_Z24add_rms_norm_bias_customIu6__bf16EvPhS0_S0_S0_S0_mmjff,_Z24add_rms_norm_bias_customIu6__bf16EvPhS0_S0_S0_S0_mmjff,dynamic,AI_VECTOR_CORE,1791436096701347.426	,10.880,54.760000,40,0,NO,N/A,N/A,N/A,N/A,N/A,N/A,N/A
4,4294967295,739,459,_Z24add_rms_norm_bias_customIu6__bf16EvPhS0_S0_S0_S0_mmjff,_Z24add_rms_norm_bias_customIu6__bf16EvPhS0_S0_S0_S0_mmjff,dynamic,AI_VECTOR_CORE,1791436096701413.566	,13.240,55.120000,40,0,NO,N/A,N/A,N/A,N/A,N/A,N/A,N/A
4,4294967295,741,459,_Z24add_rms_norm_bias_customIu6__bf16EvPhS0_S0_S0_S0_mmjff,_Z24add_rms_norm_bias_customIu6__bf16EvPhS0_S0_S0_S0_mmjff,dynamic,AI_VECTOR_CORE,1791436096701477.006	,14.220,50.260000,40,0,NO,N/A,N/A,N/A,N/A,N/A,N/A,N/A
4,4294967295,742,459,_Z24add_rms_norm_bias_customIu6__bf16EvPhS0_S0_S0_S0_mmjff,_Z24add_rms_norm_bias_customIu6__bf16EvPhS0_S0_S0_S0_mmjff,dynamic,AI_VECTOR_CORE,1791436096701544.850	,13.460,53.530000,40,0,NO,N/A,N/A,N/A,N/A,N/A,N/A,N/A
4,4294967295,744,459,_Z24add_rms_norm_bias_customIu6__bf16EvPhS0_S0_S0_S0_mmjff,_Z24add_rms_norm_bias_customIu6__bf16EvPhS0_S0_S0_S0_mmjff,dynamic,AI_VECTOR_CORE,1791436096701682.470	,14.560,124.290000,40,0,NO,N/A,N/A,N/A,N/A,N/A,N/A,N/A
4,4294967295,746,459,_Z24add_rms_norm_bias_customIu6__bf16EvPhS0_S0_S0_S0_mmjff,_Z24add_rms_norm_bias_customIu6__bf16EvPhS0_S0_S0_S0_mmjff,dynamic,AI_VECTOR_CORE,1791436096701821.534	,13.220,124.440000,40,0,NO,N/A,N/A,N/A,N/A,N/A,N/A,N/A
4,4294967295,748,459,_Z24add_rms_norm_bias_customIu6__bf16EvPhS0_S0_S0_S0_mmjff,_Z24add_rms_norm_bias_customIu6__bf16EvPhS0_S0_S0_S0_mmjff,dynamic,AI_VECTOR_CORE,1791436096701955.698	,14.680,121.030000,40,0,NO,N/A,N/A,N/A,N/A,N/A,N/A,N/A
4,4294967295,750,459,_Z24add_rms_norm_bias_customIu6__bf16EvPhS0_S0_S0_S0_mmjff,_Z24add_rms_norm_bias_customIu6__bf16EvPhS0_S0_S0_S0_mmjff,dynamic,AI_VECTOR_CORE,1791436096702089.698	,13.040,119.320000,40,0,NO,N/A,N/A,N/A,N/A,N/A,N/A,N/A
4,4294967295,752,459,_Z24add_rms_norm_bias_customIu6__bf16EvPhS0_S0_S0_S0_mmjff,_Z24add_rms_norm_bias_customIu6__bf16EvPhS0_S0_S0_S0_mmjff,dynamic,AI_VECTOR_CORE,1791436096702238.802	,14.240,135.960000,40,0,NO,N/A,N/A,N/A,N/A,N/A,N/A,N/A
4,4294967295,754,459,_Z24add_rms_norm_bias_customIu6__bf16EvPhS0_S0_S0_S0_mmjff,_Z24add_rms_norm_bias_customIu6__bf16EvPhS0_S0_S0_S0_mmjff,dynamic,AI_VECTOR_CORE,1791436096702305.382	,13.540,52.510000,40,0,NO,N/A,N/A,N/A,N/A,N/A,N/A,N/A
4,4294967295,755,459,_Z24add_rms_norm_bias_customIu6__bf16EvPhS0_S0_S0_S0_mmjff,_Z24add_rms_norm_bias_customIu6__bf16EvPhS0_S0_S0_S0_mmjff,dynamic,AI_VECTOR_CORE,1791436096702373.726	,13.940,54.710000,40,0,NO,N/A,N/A,N/A,N/A,N/A,N/A,N/A
4,4294967295,757,459,_Z24add_rms_norm_bias_customIu6__bf16EvPhS0_S0_S0_S0_mmjff,_Z24add_rms_norm_bias_customIu6__bf16EvPhS0_S0_S0_S0_mmjff,dynamic,AI_VECTOR_CORE,1791436096702441.066	,13.120,53.310000,40,0,NO,N/A,N/A,N/A,N/A,N/A,N/A,N/A
4,4294967295,758,459,_Z24add_rms_norm_bias_customIu6__bf16EvPhS0_S0_S0_S0_mmjff,_Z24add_rms_norm_bias_customIu6__bf16EvPhS0_S0_S0_S0_mmjff,dynamic,AI_VECTOR_CORE,1791436096702498.866	,14.720,44.630000,40,0,NO,N/A,N/A,N/A,N/A,N/A,N/A,N/A
4,4294967295,760,459,_Z24add_rms_norm_bias_customIu6__bf16EvPhS0_S0_S0_S0_mmjff,_Z24add_rms_norm_bias_customIu6__bf16EvPhS0_S0_S0_S0_mmjff,dynamic,AI_VECTOR_CORE,1791436096702563.510	,13.320,50.030000,40,0,NO,N/A,N/A,N/A,N/A,N/A,N/A,N/A
4,4294967295,761,459,_Z24add_rms_norm_bias_customIu6__bf16EvPhS0_S0_S0_S0_mmjff,_Z24add_rms_norm_bias_customIu6__bf16EvPhS0_S0_S0_S0_mmjff,dynamic,AI_VECTOR_CORE,1791436096702609.750	,14.540,32.930000,40,0,NO,N/A,N/A,N/A,N/A,N/A,N/A,N/A
4,4294967295,763,459,_Z24add_rms_norm_bias_customIu6__bf16EvPhS0_S0_S0_S0_mmjff,_Z24add_rms_norm_bias_customIu6__bf16EvPhS0_S0_S0_S0_mmjff,dynamic,AI_VECTOR_CORE,1791436096702698.290	,13.320,73.960000,40,0,NO,N/A,N/A,N/A,N/A,N/A,N/A,N/A
4,4294967295,764,459,_Z24add_rms_norm_bias_customIu6__bf16EvPhS0_S0_S0_S0_mmjff,_Z24add_rms_norm_bias_customIu6__bf16EvPhS0_S0_S0_S0_mmjff,dynamic,AI_VECTOR_CORE,1791436096702744.414	,14.360,32.930000,40,0,NO,N/A,N/A,N/A,N/A,N/A,N/A,N/A
4,4294967295,766,459,_Z24add_rms_norm_bias_customIu6__bf16EvPhS0_S0_S0_S0_mmjff,_Z24add_rms_norm_bias_customIu6__bf16EvPhS0_S0_S0_S0_mmjff,dynamic,AI_VECTOR_CORE,1791436096702835.894	,13.740,77.140000,40,0,NO,N/A,N/A,N/A,N/A,N/A,N/A,N/A
4,4294967295,769,459,_Z24add_rms_norm_bias_customIu6__bf16EvPhS0_S0_S0_S0_mmjff,_Z24add_rms_norm_bias_customIu6__bf16EvPhS0_S0_S0_S0_mmjff,dynamic,AI_VECTOR_CORE,1791436096702946.638	,14.360,97.010000,40,0,NO,N/A,N/A,N/A,N/A,N/A,N/A,N/A
4,4294967295,773,459,_Z24add_rms_norm_bias_customIu6__bf16EvPhS0_S0_S0_S0_mmjff,_Z24add_rms_norm_bias_customIu6__bf16EvPhS0_S0_S0_S0_mmjff,dynamic,AI_VECTOR_CORE,1791436096703163.822	,13.580,202.640000,40,0,NO,N/A,N/A,N/A,N/A,N/A,N/A,N/A
4,4294967295,777,459,_Z24add_rms_norm_bias_customIu6__bf16EvPhS0_S0_S0_S0_mmjff,_Z24add_rms_norm_bias_customIu6__bf16EvPhS0_S0_S0_S0_mmjff,dynamic,AI_VECTOR_CORE,1791436096703249.762	,11.460,72.420000,40,0,NO,N/A,N/A,N/A,N/A,N/A,N/A,N/A
4,4294967295,780,459,_Z24add_rms_norm_bias_customIu6__bf16EvPhS0_S0_S0_S0_mmjff,_Z24add_rms_norm_bias_customIu6__bf16EvPhS0_S0_S0_S0_mmjff,dynamic,AI_VECTOR_CORE,1791436096703497.466	,73.644,236.290000,40,0,NO,N/A,N/A,N/A,N/A,N/A,N/A,N/A
4,4294967295,784,459,_Z24add_rms_norm_bias_customIu6__bf16EvPhS0_S0_S0_S0_mmjff,_Z24add_rms_norm_bias_customIu6__bf16EvPhS0_S0_S0_S0_mmjff,dynamic,AI_VECTOR_CORE,1791436096703721.634	,12.500,150.606000,40,0,NO,N/A,N/A,N/A,N/A,N/A,N/A,N/A
4,4294967295,787,459,_Z24add_rms_norm_bias_customIu6__bf16EvPhS0_S0_S0_S0_mmjff,_Z24add_rms_norm_bias_customIu6__bf16EvPhS0_S0_S0_S0_mmjff,dynamic,AI_VECTOR_CORE,1791436096703915.274	,15.964,181.000000,40,0,NO,N/A,N/A,N/A,N/A,N/A,N/A,N/A
4,4294967295,791,459,_Z24add_rms_norm_bias_customIu6__bf16EvPhS0_S0_S0_S0_mmjff,_Z24add_rms_norm_bias_customIu6__bf16EvPhS0_S0_S0_S0_mmjff,dynamic,AI_VECTOR_CORE,1791436096704123.658	,13.684,192.536000,40,0,NO,N/A,N/A,N/A,N/A,N/A,N/A,N/A
4,4294967295,795,459,_Z24add_rms_norm_bias_customIu6__bf16EvPhS0_S0_S0_S0_mmjff,_Z24add_rms_norm_bias_customIu6__bf16EvPhS0_S0_S0_S0_mmjff,dynamic,AI_VECTOR_CORE,1791436096704322.106	,14.580,184.566000,40,0,NO,N/A,N/A,N/A,N/A,N/A,N/A,N/A
4,4294967295,799,459,_Z24add_rms_norm_bias_customIu6__bf16EvPhS0_S0_S0_S0_mmjff,_Z24add_rms_norm_bias_customIu6__bf16EvPhS0_S0_S0_S0_mmjff,dynamic,AI_VECTOR_CORE,1791436096704516.286	,14.384,179.670000,40,0,NO,N/A,N/A,N/A,N/A,N/A,N/A,N/A
4,4294967295,803,459,_Z24add_rms_norm_bias_customIu6__bf16EvPhS0_S0_S0_S0_mmjff,_Z24add_rms_norm_bias_customIu6__bf16EvPhS0_S0_S0_S0_mmjff,dynamic,AI_VECTOR_CORE,1791436096704707.610	,30.964,176.866000,40,0,NO,N/A,N/A,N/A,N/A,N/A,N/A,N/A
4,4294967295,807,459,_Z24add_rms_norm_bias_customIu6__bf16EvPhS0_S0_S0_S0_mmjff,_Z24add_rms_norm_bias_customIu6__bf16EvPhS0_S0_S0_S0_mmjff,dynamic,AI_VECTOR_CORE,1791436096704855.454	,13.540,117.036000,40,0,NO,N/A,N/A,N/A,N/A,N/A,N/A,N/A
4,4294967295,810,459,_Z24add_rms_norm_bias_customIu6__bf16EvPhS0_S0_S0_S0_mmjff,_Z24add_rms_norm_bias_customIu6__bf16EvPhS0_S0_S0_S0_mmjff,dynamic,AI_VECTOR_CORE,1791436096704983.798	,16.400,114.710000,40,0,NO,N/A,N/A,N/A,N/A,N/A,N/A,N/A
4,4294967295,813,459,_Z24add_rms_norm_bias_customIu6__bf16EvPhS0_S0_S0_S0_mmjff,_Z24add_rms_norm_bias_customIu6__bf16EvPhS0_S0_S0_S0_mmjff,dynamic,AI_VECTOR_CORE,1791436096705090.298	,13.860,90.100000,40,0,NO,N/A,N/A,N/A,N/A,N/A,N/A,N/A
4,4294967295,816,459,_Z24add_rms_norm_bias_customIu6__bf16EvPhS0_S0_S0_S0_mmjff,_Z24add_rms_norm_bias_customIu6__bf16EvPhS0_S0_S0_S0_mmjff,dynamic,AI_VECTOR_CORE,1791436096705280.602	,14.240,176.390000,40,0,NO,N/A,N/A,N/A,N/A,N/A,N/A,N/A
4,4294967295,820,459,_Z24add_rms_norm_bias_customIu6__bf16EvPhS0_S0_S0_S0_mmjff,_Z24add_rms_norm_bias_customIu6__bf16EvPhS0_S0_S0_S0_mmjff,dynamic,AI_VECTOR_CORE,1791436096705389.506	,13.400,94.760000,40,0,NO,N/A,N/A,N/A,N/A,N/A,N/A,N/A
4,4294967295,823,459,_Z24add_rms_norm_bias_customIu6__bf16EvPhS0_S0_S0_S0_mmjff,_Z24add_rms_norm_bias_customIu6__bf16EvPhS0_S0_S0_S0_mmjff,dynamic,AI_VECTOR_CORE,1791436096705482.066	,13.820,79.100000,40,0,NO,N/A,N/A,N/A,N/A,N/A,N/A,N/A
4,4294967295,826,459,_Z24add_rms_norm_bias_customIu6__bf16EvPhS0_S0_S0_S0_mmjff,_Z24add_rms_norm_bias_customIu6__bf16EvPhS0_S0_S0_S0_mmjff,dynamic,AI_VECTOR_CORE,1791436096705591.950	,14.020,96.180000,40,0,NO,N/A,N/A,N/A,N/A,N/A,N/A,N/A
4,4294967295,829,459,_Z24add_rms_norm_bias_customIu6__bf16EvPhS0_S0_S0_S0_mmjff,_Z24add_rms_norm_bias_customIu6__bf16EvPhS0_S0_S0_S0_mmjff,dynamic,AI_VECTOR_CORE,1791436096705686.250	,13.980,80.230000,40,0,NO,N/A,N/A,N/A,N/A,N/A,N/A,N/A
4,4294967295,833,459,_Z24add_rms_norm_bias_customIu6__bf16EvPhS0_S0_S0_S0_mmjff,_Z24add_rms_norm_bias_customIu6__bf16EvPhS0_S0_S0_S0_mmjff,dynamic,AI_VECTOR_CORE,1791436096705868.574	,13.840,168.270000,40,0,NO,N/A,N/A,N/A,N/A,N/A,N/A,N/A
4,4294967295,836,459,_Z24add_rms_norm_bias_customIu6__bf16EvPhS0_S0_S0_S0_mmjff,_Z24add_rms_norm_bias_customIu6__bf16EvPhS0_S0_S0_S0_mmjff,dynamic,AI_VECTOR_CORE,1791436096705967.398	,14.500,85.160000,40,0,NO,N/A,N/A,N/A,N/A,N/A,N/A,N/A
4,4294967295,840,459,_Z24add_rms_norm_bias_customIu6__bf16EvPhS0_S0_S0_S0_mmjff,_Z24add_rms_norm_bias_customIu6__bf16EvPhS0_S0_S0_S0_mmjff,dynamic,AI_VECTOR_CORE,1791436096706185.702	,13.540,203.750000,40,0,NO,N/A,N/A,N/A,N/A,N/A,N/A,N/A
4,4294967295,844,459,_Z24add_rms_norm_bias_customIu6__bf16EvPhS0_S0_S0_S0_mmjff,_Z24add_rms_norm_bias_customIu6__bf16EvPhS0_S0_S0_S0_mmjff,dynamic,AI_VECTOR_CORE,1791436096706275.102	,14.040,75.710000,40,0,NO,N/A,N/A,N/A,N/A,N/A,N/A,N/A
4,4294967295,847,459,_Z24add_rms_norm_bias_customIu6__bf16EvPhS0_S0_S0_S0_mmjff,_Z24add_rms_norm_bias_customIu6__bf16EvPhS0_S0_S0_S0_mmjff,dynamic,AI_VECTOR_CORE,1791436096706376.826	,13.600,87.710000,40,0,NO,N/A,N/A,N/A,N/A,N/A,N/A,N/A
4,4294967295,851,459,_Z24add_rms_norm_bias_customIu6__bf16EvPhS0_S0_S0_S0_mmjff,_Z24add_rms_norm_bias_customIu6__bf16EvPhS0_S0_S0_S0_mmjff,dynamic,AI_VECTOR_CORE,1791436096706566.650	,14.040,176.400000,40,0,NO,N/A,N/A,N/A,N/A,N/A,N/A,N/A
4,4294967295,854,459,_Z24add_rms_norm_bias_customIu6__bf16EvPhS0_S0_S0_S0_mmjff,_Z24add_rms_norm_bias_customIu6__bf16EvPhS0_S0_S0_S0_mmjff,dynamic,AI_VECTOR_CORE,1791436096706656.110	,13.700,75.210000,40,0,NO,N/A,N/A,N/A,N/A,N/A,N/A,N/A
4,4294967295,857,459,_Z24add_rms_norm_bias_customIu6__bf16EvPhS0_S0_S0_S0_mmjff,_Z24add_rms_norm_bias_customIu6__bf16EvPhS0_S0_S0_S0_mmjff,dynamic,AI_VECTOR_CORE,1791436096706756.294	,14.140,86.550000,40,0,NO,N/A,N/A,N/A,N/A,N/A,N/A,N/A
4,4294967295,861,459,_Z24add_rms_norm_bias_customIu6__bf16EvPhS0_S0_S0_S0_mmjff,_Z24add_rms_norm_bias_customIu6__bf16EvPhS0_S0_S0_S0_mmjff,dynamic,AI_VECTOR_CORE,1791436096706940.518	,13.700,170.110000,40,0,NO,N/A,N/A,N/A,N/A,N/A,N/A,N/A
4,4294967295,864,459,_Z24add_rms_norm_bias_customIu6__bf16EvPhS0_S0_S0_S0_mmjff,_Z24add_rms_norm_bias_customIu6__bf16EvPhS0_S0_S0_S0_mmjff,dynamic,AI_VECTOR_CORE,1791436096707047.138	,14.440,93.050000,40,0,NO,N/A,N/A,N/A,N/A,N/A,N/A,N/A
4,4294967295,867,459,_Z24add_rms_norm_bias_customIu6__bf16EvPhS0_S0_S0_S0_mmjff,_Z24add_rms_norm_bias_customIu6__bf16EvPhS0_S0_S0_S0_mmjff,dynamic,AI_VECTOR_CORE,1791436096707225.162	,14.100,163.560000,40,0,NO,N/A,N/A,N/A,N/A,N/A,N/A,N/A
4,4294967295,871,459,_Z24add_rms_norm_bias_customIu6__bf16EvPhS0_S0_S0_S0_mmjff,_Z24add_rms_norm_bias_customIu6__bf16EvPhS0_S0_S0_S0_mmjff,dynamic,AI_VECTOR_CORE,1791436096707315.062	,14.084,75.650000,40,0,NO,N/A,N/A,N/A,N/A,N/A,N/A,N/A
4,4294967295,875,459,_Z24add_rms_norm_bias_customIu6__bf16EvPhS0_S0_S0_S0_mmjff,_Z24add_rms_norm_bias_customIu6__bf16EvPhS0_S0_S0_S0_mmjff,dynamic,AI_VECTOR_CORE,1791436096707540.510	,13.440,211.416000,40,0,NO,N/A,N/A,N/A,N/A,N/A,N/A,N/A
4,4294967295,879,459,_Z24add_rms_norm_bias_customIu6__bf16EvPhS0_S0_S0_S0_mmjff,_Z24add_rms_norm_bias_customIu6__bf16EvPhS0_S0_S0_S0_mmjff,dynamic,AI_VECTOR_CORE,1791436096707688.010	,14.180,134.060000,40,0,NO,N/A,N/A,N/A,N/A,N/A,N/A,N/A
4,4294967295,883,459,_Z24add_rms_norm_bias_customIu6__bf16EvPhS0_S0_S0_S0_mmjff,_Z24add_rms_norm_bias_customIu6__bf16EvPhS0_S0_S0_S0_mmjff,dynamic,AI_VECTOR_CORE,1791436096707838.314	,13.220,136.070000,40,0,NO,N/A,N/A,N/A,N/A,N/A,N/A,N/A
4,4294967295,887,459,_Z24add_rms_norm_bias_customIu6__bf16EvPhS0_S0_S0_S0_mmjff,_Z24add_rms_norm_bias_customIu6__bf16EvPhS0_S0_S0_S0_mmjff,dynamic,AI_VECTOR_CORE,1791436096708041.798	,15.420,190.280000,40,0,NO,N/A,N/A,N/A,N/A,N/A,N/A,N/A
4,4294967295,891,459,_Z24add_rms_norm_bias_customIu6__bf16EvPhS0_S0_S0_S0_mmjff,_Z24add_rms_norm_bias_customIu6__bf16EvPhS0_S0_S0_S0_mmjff,dynamic,AI_VECTOR_CORE,1791436096708246.062	,13.780,188.830000,40,0,NO,N/A,N/A,N/A,N/A,N/A,N/A,N/A
4,4294967295,895,459,_Z24add_rms_norm_bias_customIu6__bf16EvPhS0_S0_S0_S0_mmjff,_Z24add_rms_norm_bias_customIu6__bf16EvPhS0_S0_S0_S0_mmjff,dynamic,AI_VECTOR_CORE,1791436096708453.966	,20.420,194.220000,40,0,NO,N/A,N/A,N/A,N/A,N/A,N/A,N/A
4,4294967295,899,459,_Z24add_rms_norm_bias_customIu6__bf16EvPhS0_S0_S0_S0_mmjff,_Z24add_rms_norm_bias_customIu6__bf16EvPhS0_S0_S0_S0_mmjff,dynamic,AI_VECTOR_CORE,1791436096708648.210	,13.960,173.830000,40,0,NO,N/A,N/A,N/A,N/A,N/A,N/A,N/A
4,4294967295,903,459,_Z24add_rms_norm_bias_customIu6__bf16EvPhS0_S0_S0_S0_mmjff,_Z24add_rms_norm_bias_customIu6__bf16EvPhS0_S0_S0_S0_mmjff,dynamic,AI_VECTOR_CORE,1791436096708857.754	,15.260,195.540000,40,0,NO,N/A,N/A,N/A,N/A,N/A,N/A,N/A
4,4294967295,907,459,_Z24add_rms_norm_bias_customIu6__bf16EvPhS0_S0_S0_S0_mmjff,_Z24add_rms_norm_bias_customIu6__bf16EvPhS0_S0_S0_S0_mmjff,dynamic,AI_VECTOR_CORE,1791436096709089.358	,13.660,216.240000,40,0,NO,N/A,N/A,N/A,N/A,N/A,N/A,N/A
4,4294967295,911,459,_Z24add_rms_norm_bias_customIu6__bf16EvPhS0_S0_S0_S0_mmjff,_Z24add_rms_norm_bias_customIu6__bf16EvPhS0_S0_S0_S0_mmjff,dynamic,AI_VECTOR_CORE,1791436096709327.522	,14.724,224.590000,40,0,NO,N/A,N/A,N/A,N/A,N/A,N/A,N/A
4,4294967295,915,459,_Z24add_rms_norm_bias_customIu6__bf16EvPhS0_S0_S0_S0_mmjff,_Z24add_rms_norm_bias_customIu6__bf16EvPhS0_S0_S0_S0_mmjff,dynamic,AI_VECTOR_CORE,1791436096709521.346	,13.484,179.026000,40,0,NO,N/A,N/A,N/A,N/A,N/A,N/A,N/A
4,4294967295,919,459,_Z24add_rms_norm_bias_customIu6__bf16EvPhS0_S0_S0_S0_mmjff,_Z24add_rms_norm_bias_customIu6__bf16EvPhS0_S0_S0_S0_mmjff,dynamic,AI_VECTOR_CORE,1791436096709716.070	,14.564,181.266000,40,0,NO,N/A,N/A,N/A,N/A,N/A,N/A,N/A
4,4294967295,923,459,_Z24add_rms_norm_bias_customIu6__bf16EvPhS0_S0_S0_S0_mmjff,_Z24add_rms_norm_bias_customIu6__bf16EvPhS0_S0_S0_S0_mmjff,dynamic,AI_VECTOR_CORE,1791436096709910.274	,13.700,179.686000,40,0,NO,N/A,N/A,N/A,N/A,N/A,N/A,N/A
4,4294967295,927,459,_Z24add_rms_norm_bias_customIu6__bf16EvPhS0_S0_S0_S0_mmjff,_Z24add_rms_norm_bias_customIu6__bf16EvPhS0_S0_S0_S0_mmjff,dynamic,AI_VECTOR_CORE,1791436096710110.578	,14.640,186.550000,40,0,NO,N/A,N/A,N/A,N/A,N/A,N/A,N/A
4,4294967295,931,459,_Z24add_rms_norm_bias_customIu6__bf16EvPhS0_S0_S0_S0_mmjff,_Z24add_rms_norm_bias_customIu6__bf16EvPhS0_S0_S0_S0_mmjff,dynamic,AI_VECTOR_CORE,1791436096710307.782	,13.780,182.610000,40,0,NO,N/A,N/A,N/A,N/A,N/A,N/A,N/A
4,4294967295,935,459,_Z24add_rms_norm_bias_customIu6__bf16EvPhS0_S0_S0_S0_mmjff,_Z24add_rms_norm_bias_customIu6__bf16EvPhS0_S0_S0_S0_mmjff,dynamic,AI_VECTOR_CORE,1791436096710506.946	,14.400,185.470000,40,0,NO,N/A,N/A,N/A,N/A,N/A,N/A,N/A
4,4294967295,939,459,_Z24add_rms_norm_bias_customIu6__bf16EvPhS0_S0_S0_S0_mmjff,_Z24add_rms_norm_bias_customIu6__bf16EvPhS0_S0_S0_S0_mmjff,dynamic,AI_VECTOR_CORE,1791436096710705.650	,13.900,184.350000,40,0,NO,N/A,N/A,N/A,N/A,N/A,N/A,N/A
4,4294967295,943,459,_Z24add_rms_norm_bias_customIu6__bf16EvPhS0_S0_S0_S0_mmjff,_Z24add_rms_norm_bias_customIu6__bf16EvPhS0_S0_S0_S0_mmjff,dynamic,AI_VECTOR_CORE,1791436096710898.434	,14.460,178.850000,40,0,NO,N/A,N/A,N/A,N/A,N/A,N/A,N/A
4,4294967295,947,459,_Z24add_rms_norm_bias_customIu6__bf16EvPhS0_S0_S0_S0_mmjff,_Z24add_rms_norm_bias_customIu6__bf16EvPhS0_S0_S0_S0_mmjff,dynamic,AI_VECTOR_CORE,1791436096711025.998	,13.980,113.040000,40,0,NO,N/A,N/A,N/A,N/A,N/A,N/A,N/A
4,4294967295,950,459,_Z24add_rms_norm_bias_customIu6__bf16EvPhS0_S0_S0_S0_mmjff,_Z24add_rms_norm_bias_customIu6__bf16EvPhS0_S0_S0_S0_mmjff,dynamic,AI_VECTOR_CORE,1791436096711109.978	,14.340,70.020000,40,0,NO,N/A,N/A,N/A,N/A,N/A,N/A,N/A
4,4294967295,954,459,_Z24add_rms_norm_bias_customIu6__bf16EvPhS0_S0_S0_S0_mmjff,_Z24add_rms_norm_bias_customIu6__bf16EvPhS0_S0_S0_S0_mmjff,dynamic,AI_VECTOR_CORE,1791436096711314.142	,13.700,189.910000,40,0,NO,N/A,N/A,N/A,N/A,N/A,N/A,N/A
4,4294967295,957,459,_Z24add_rms_norm_bias_customIu6__bf16EvPhS0_S0_S0_S0_mmjff,_Z24add_rms_norm_bias_customIu6__bf16EvPhS0_S0_S0_S0_mmjff,dynamic,AI_VECTOR_CORE,1791436096711471.946	,14.640,144.050000,40,0,NO,N/A,N/A,N/A,N/A,N/A,N/A,N/A
4,4294967295,961,459,_Z24add_rms_norm_bias_customIu6__bf16EvPhS0_S0_S0_S0_mmjff,_Z24add_rms_norm_bias_customIu6__bf16EvPhS0_S0_S0_S0_mmjff,dynamic,AI_VECTOR_CORE,1791436096711607.770	,13.920,121.110000,40,0,NO,N/A,N/A,N/A,N/A,N/A,N/A,N/A
4,4294967295,964,459,_Z24add_rms_norm_bias_customIu6__bf16EvPhS0_S0_S0_S0_mmjff,_Z24add_rms_norm_bias_customIu6__bf16EvPhS0_S0_S0_S0_mmjff,dynamic,AI_VECTOR_CORE,1791436096711757.034	,14.000,135.330000,40,0,NO,N/A,N/A,N/A,N/A,N/A,N/A,N/A
4,4294967295,967,459,_Z24add_rms_norm_bias_customIu6__bf16EvPhS0_S0_S0_S0_mmjff,_Z24add_rms_norm_bias_customIu6__bf16EvPhS0_S0_S0_S0_mmjff,dynamic,AI_VECTOR_CORE,1791436096711960.558	,15.340,189.500000,40,0,NO,N/A,N/A,N/A,N/A,N/A,N/A,N/A
4,4294967295,971,459,_Z24add_rms_norm_bias_customIu6__bf16EvPhS0_S0_S0_S0_mmjff,_Z24add_rms_norm_bias_customIu6__bf16EvPhS0_S0_S0_S0_mmjff,dynamic,AI_VECTOR_CORE,1791436096712094.258	,15.620,118.410000,40,0,NO,N/A,N/A,N/A,N/A,N/A,N/A,N/A
4,4294967295,974,459,_Z24add_rms_norm_bias_customIu6__bf16EvPhS0_S0_S0_S0_mmjff,_Z24add_rms_norm_bias_customIu6__bf16EvPhS0_S0_S0_S0_mmjff,dynamic,AI_VECTOR_CORE,1791436096712227.562	,13.680,117.630000,40,0,NO,N/A,N/A,N/A,N/A,N/A,N/A,N/A
4,4294967295,978,459,_Z24add_rms_norm_bias_customIu6__bf16EvPhS0_S0_S0_S0_mmjff,_Z24add_rms_norm_bias_customIu6__bf16EvPhS0_S0_S0_S0_mmjff,dynamic,AI_VECTOR_CORE,1791436096712371.526	,16.560,130.320000,40,0,NO,N/A,N/A,N/A,N/A,N/A,N/A,N/A
4,4294967295,981,459,_Z24add_rms_norm_bias_customIu6__bf16EvPhS0_S0_S0_S0_mmjff,_Z24add_rms_norm_bias_customIu6__bf16EvPhS0_S0_S0_S0_mmjff,dynamic,AI_VECTOR_CORE,1791436096712505.386	,892.640,117.440000,40,0,NO,N/A,N/A,N/A,N/A,N/A,N/A,N/A
4,4294967295,985,459,_Z24add_rms_norm_bias_customIu6__bf16EvPhS0_S0_S0_S0_mmjff,_Z24add_rms_norm_bias_customIu6__bf16EvPhS0_S0_S0_S0_mmjff,dynamic,AI_VECTOR_CORE,1791436096713541.610	,102.900,143.360000,40,0,NO,N/A,N/A,N/A,N/A,N/A,N/A,N/A
4,4294967295,989,459,_Z24add_rms_norm_bias_customIu6__bf16EvPhS0_S0_S0_S0_mmjff,_Z24add_rms_norm_bias_customIu6__bf16EvPhS0_S0_S0_S0_mmjff,dynamic,AI_VECTOR_CORE,1791436096713756.034	,107.540,111.600000,40,0,NO,N/A,N/A,N/A,N/A,N/A,N/A,N/A
4,4294967295,993,459,_Z24add_rms_norm_bias_customIu6__bf16EvPhS0_S0_S0_S0_mmjff,_Z24add_rms_norm_bias_customIu6__bf16EvPhS0_S0_S0_S0_mmjff,dynamic,AI_VECTOR_CORE,1791436096714161.842	,17.980,298.210000,40,0,NO,N/A,N/A,N/A,N/A,N/A,N/A,N/A
4,4294967295,997,459,_Z24add_rms_norm_bias_customIu6__bf16EvPhS0_S0_S0_S0_mmjff,_Z24add_rms_norm_bias_customIu6__bf16EvPhS0_S0_S0_S0_mmjff,dynamic,AI_VECTOR_CORE,1791436096714253.282	,13.940,73.520000,40,0,NO,N/A,N/A,N/A,N/A,N/A,N/A,N/A
4,4294967295,1000,459,_Z24add_rms_norm_bias_customIu6__bf16EvPhS0_S0_S0_S0_mmjff,_Z24add_rms_norm_bias_customIu6__bf16EvPhS0_S0_S0_S0_mmjff,dynamic,AI_VECTOR_CORE,1791436096714445.746	,17.160,178.560000,40,0,NO,N/A,N/A,N/A,N/A,N/A,N/A,N/A
4,4294967295,1004,459,_Z24add_rms_norm_bias_customIu6__bf16EvPhS0_S0_S0_S0_mmjff,_Z24add_rms_norm_bias_customIu6__bf16EvPhS0_S0_S0_S0_mmjff,dynamic,AI_VECTOR_CORE,1791436096714551.390	,18.680,88.590000,40,0,NO,N/A,N/A,N/A,N/A,N/A,N/A,N/A
4,4294967295,1008,459,_Z24add_rms_norm_bias_customIu6__bf16EvPhS0_S0_S0_S0_mmjff,_Z24add_rms_norm_bias_customIu6__bf16EvPhS0_S0_S0_S0_mmjff,dynamic,AI_VECTOR_CORE,1791436096714910.714	,13.980,340.570000,40,0,NO,N/A,N/A,N/A,N/A,N/A,N/A,N/A
4,4294967295,1012,459,_Z24add_rms_norm_bias_customIu6__bf16EvPhS0_S0_S0_S0_mmjff,_Z24add_rms_norm_bias_customIu6__bf16EvPhS0_S0_S0_S0_mmjff,dynamic,AI_VECTOR_CORE,1791436096715026.438	,13.380,101.770000,40,0,NO,N/A,N/A,N/A,N/A,N/A,N/A,N/A
4,4294967295,1015,459,_Z24add_rms_norm_bias_customIu6__bf16EvPhS0_S0_S0_S0_mmjff,_Z24add_rms_norm_bias_customIu6__bf16EvPhS0_S0_S0_S0_mmjff,dynamic,AI_VECTOR_CORE,1791436096715188.402	,13.800,148.620000,40,0,NO,N/A,N/A,N/A,N/A,N/A,N/A,N/A
4,4294967295,1019,459,_Z24add_rms_norm_bias_customIu6__bf16EvPhS0_S0_S0_S0_mmjff,_Z24add_rms_norm_bias_customIu6__bf16EvPhS0_S0_S0_S0_mmjff,dynamic,AI_VECTOR_CORE,1791436096715295.582	,13.580,93.200000,40,0,NO,N/A,N/A,N/A,N/A,N/A,N/A,N/A
4,4294967295,1022,459,_Z24add_rms_norm_bias_customIu6__bf16EvPhS0_S0_S0_S0_mmjff,_Z24add_rms_norm_bias_customIu6__bf16EvPhS0_S0_S0_S0_mmjff,dynamic,AI_VECTOR_CORE,1791436096715477.046	,13.880,167.920000,40,0,NO,N/A,N/A,N/A,N/A,N/A,N/A,N/A
4,4294967295,1026,459,_Z24add_rms_norm_bias_customIu6__bf16EvPhS0_S0_S0_S0_mmjff,_Z24add_rms_norm_bias_customIu6__bf16EvPhS0_S0_S0_S0_mmjff,dynamic,AI_VECTOR_CORE,1791436096715658.770	,14.140,167.870000,40,0,NO,N/A,N/A,N/A,N/A,N/A,N/A,N/A
4,4294967295,1030,459,_Z24add_rms_norm_bias_customIu6__bf16EvPhS0_S0_S0_S0_mmjff,_Z24add_rms_norm_bias_customIu6__bf16EvPhS0_S0_S0_S0_mmjff,dynamic,AI_VECTOR_CORE,1791436096715821.494	,14.620,148.610000,40,0,NO,N/A,N/A,N/A,N/A,N/A,N/A,N/A
4,4294967295,1033,459,_Z24add_rms_norm_bias_customIu6__bf16EvPhS0_S0_S0_S0_mmjff,_Z24add_rms_norm_bias_customIu6__bf16EvPhS0_S0_S0_S0_mmjff,dynamic,AI_VECTOR_CORE,1791436096715907.374	,14.520,71.130000,40,0,NO,N/A,N/A,N/A,N/A,N/A,N/A,N/A
4,4294967295,1036,459,_Z24add_rms_norm_bias_customIu6__bf16EvPhS0_S0_S0_S0_mmjff,_Z24add_rms_norm_bias_customIu6__bf16EvPhS0_S0_S0_S0_mmjff,dynamic,AI_VECTOR_CORE,1791436096716044.058	,13.560,122.230000,40,0,NO,N/A,N/A,N/A,N/A,N/A,N/A,N/A
4,4294967295,1039,459,_Z24add_rms_norm_bias_customIu6__bf16EvPhS0_S0_S0_S0_mmjff,_Z24add_rms_norm_bias_customIu6__bf16EvPhS0_S0_S0_S0_mmjff,dynamic,AI_VECTOR_CORE,1791436096716184.662	,13.780,127.190000,40,0,NO,N/A,N/A,N/A,N/A,N/A,N/A,N/A
4,4294967295,1042,459,_Z24add_rms_norm_bias_customIu6__bf16EvPhS0_S0_S0_S0_mmjff,_Z24add_rms_norm_bias_customIu6__bf16EvPhS0_S0_S0_S0_mmjff,dynamic,AI_VECTOR_CORE,1791436096716327.582	,13.364,128.970000,40,0,NO,N/A,N/A,N/A,N/A,N/A,N/A,N/A
4,4294967295,1046,459,_Z24add_rms_norm_bias_customIu6__bf16EvPhS0_S0_S0_S0_mmjff,_Z24add_rms_norm_bias_customIu6__bf16EvPhS0_S0_S0_S0_mmjff,dynamic,AI_VECTOR_CORE,1791436096716477.226	,13.600,136.386000,40,0,NO,N/A,N/A,N/A,N/A,N/A,N/A,N/A
4,4294967295,1050,459,_Z24add_rms_norm_bias_customIu6__bf16EvPhS0_S0_S0_S0_mmjff,_Z24add_rms_norm_bias_customIu6__bf16EvPhS0_S0_S0_S0_mmjff,dynamic,AI_VECTOR_CORE,1791436096716616.070	,13.620,125.150000,40,0,NO,N/A,N/A,N/A,N/A,N/A,N/A,N/A
4,4294967295,1054,459,_Z24add_rms_norm_bias_customIu6__bf16EvPhS0_S0_S0_S0_mmjff,_Z24add_rms_norm_bias_customIu6__bf16EvPhS0_S0_S0_S0_mmjff,dynamic,AI_VECTOR_CORE,1791436096716918.114	,13.640,288.380000,40,0,NO,N/A,N/A,N/A,N/A,N/A,N/A,N/A
4,4294967295,1058,459,_Z24add_rms_norm_bias_customIu6__bf16EvPhS0_S0_S0_S0_mmjff,_Z24add_rms_norm_bias_customIu6__bf16EvPhS0_S0_S0_S0_mmjff,dynamic,AI_VECTOR_CORE,1791436096717007.678	,14.320,76.110000,40,0,NO,N/A,N/A,N/A,N/A,N/A,N/A,N/A
4,4294967295,1062,459,_Z24add_rms_norm_bias_customIu6__bf16EvPhS0_S0_S0_S0_mmjff,_Z24add_rms_norm_bias_customIu6__bf16EvPhS0_S0_S0_S0_mmjff,dynamic,AI_VECTOR_CORE,1791436096717281.842	,14.020,259.680000,40,0,NO,N/A,N/A,N/A,N/A,N/A,N/A,N/A
4,4294967295,1066,459,_Z24add_rms_norm_bias_customIu6__bf16EvPhS0_S0_S0_S0_mmjff,_Z24add_rms_norm_bias_customIu6__bf16EvPhS0_S0_S0_S0_mmjff,dynamic,AI_VECTOR_CORE,1791436096717575.010	,14.000,279.230000,40,0,NO,N/A,N/A,N/A,N/A,N/A,N/A,N/A
4,4294967295,1070,459,_Z24add_rms_norm_bias_customIu6__bf16EvPhS0_S0_S0_S0_mmjff,_Z24add_rms_norm_bias_customIu6__bf16EvPhS0_S0_S0_S0_mmjff,dynamic,AI_VECTOR_CORE,1791436096717762.614	,14.080,173.500000,40,0,NO,N/A,N/A,N/A,N/A,N/A,N/A,N/A
4,4294967295,1074,459,_Z24add_rms_norm_bias_customIu6__bf16EvPhS0_S0_S0_S0_mmjff,_Z24add_rms_norm_bias_customIu6__bf16EvPhS0_S0_S0_S0_mmjff,dynamic,AI_VECTOR_CORE,1791436096717927.674	,13.744,151.170000,40,0,NO,N/A,N/A,N/A,N/A,N/A,N/A,N/A
4,4294967295,1078,459,_Z24add_rms_norm_bias_customIu6__bf16EvPhS0_S0_S0_S0_mmjff,_Z24add_rms_norm_bias_customIu6__bf16EvPhS0_S0_S0_S0_mmjff,dynamic,AI_VECTOR_CORE,1791436096718092.418	,13.680,151.006000,40,0,NO,N/A,N/A,N/A,N/A,N/A,N/A,N/A
4,4294967295,1082,459,_Z24add_rms_norm_bias_customIu6__bf16EvPhS0_S0_S0_S0_mmjff,_Z24add_rms_norm_bias_customIu6__bf16EvPhS0_S0_S0_S0_mmjff,dynamic,AI_VECTOR_CORE,1791436096718272.782	,373.488,166.570000,40,0,NO,N/A,N/A,N/A,N/A,N/A,N/A,N/A
4,4294967295,1086,459,_Z24add_rms_norm_bias_customIu6__bf16EvPhS0_S0_S0_S0_mmjff,_Z24add_rms_norm_bias_customIu6__bf16EvPhS0_S0_S0_S0_mmjff,dynamic,AI_VECTOR_CORE,1791436096718845.694	,14.260,199.512000,40,0,NO,N/A,N/A,N/A,N/A,N/A,N/A,N/A
4,4294967295,1090,459,_Z24add_rms_norm_bias_customIu6__bf16EvPhS0_S0_S0_S0_mmjff,_Z24add_rms_norm_bias_customIu6__bf16EvPhS0_S0_S0_S0_mmjff,dynamic,AI_VECTOR_CORE,1791436096718991.738	,16.760,131.740000,40,0,NO,N/A,N/A,N/A,N/A,N/A,N/A,N/A
4,4294967295,1093,459,_Z24add_rms_norm_bias_customIu6__bf16EvPhS0_S0_S0_S0_mmjff,_Z24add_rms_norm_bias_customIu6__bf16EvPhS0_S0_S0_S0_mmjff,dynamic,AI_VECTOR_CORE,1791436096719140.018	,13.824,131.490000,40,0,NO,N/A,N/A,N/A,N/A,N/A,N/A,N/A
4,4294967295,1097,459,_Z24add_rms_norm_bias_customIu6__bf16EvPhS0_S0_S0_S0_mmjff,_Z24add_rms_norm_bias_customIu6__bf16EvPhS0_S0_S0_S0_mmjff,dynamic,AI_VECTOR_CORE,1791436096719283.802	,13.820,129.926000,40,0,NO,N/A,N/A,N/A,N/A,N/A,N/A,N/A
4,4294967295,1100,459,_Z24add_rms_norm_bias_customIu6__bf16EvPhS0_S0_S0_S0_mmjff,_Z24add_rms_norm_bias_customIu6__bf16EvPhS0_S0_S0_S0_mmjff,dynamic,AI_VECTOR_CORE,1791436096719409.946	,14.140,112.430000,40,0,NO,N/A,N/A,N/A,N/A,N/A,N/A,N/A
4,4294967295,1103,459,_Z24add_rms_norm_bias_customIu6__bf16EvPhS0_S0_S0_S0_mmjff,_Z24add_rms_norm_bias_customIu6__bf16EvPhS0_S0_S0_S0_mmjff,dynamic,AI_VECTOR_CORE,1791436096719592.490	,13.660,168.360000,40,0,NO,N/A,N/A,N/A,N/A,N/A,N/A,N/A
4,4294967295,1107,459,_Z24add_rms_norm_bias_customIu6__bf16EvPhS0_S0_S0_S0_mmjff,_Z24add_rms_norm_bias_customIu6__bf16EvPhS0_S0_S0_S0_mmjff,dynamic,AI_VECTOR_CORE,1791436096719786.394	,13.940,180.340000,40,0,NO,N/A,N/A,N/A,N/A,N/A,N/A,N/A
4,4294967295,1111,459,_Z24add_rms_norm_bias_customIu6__bf16EvPhS0_S0_S0_S0_mmjff,_Z24add_rms_norm_bias_customIu6__bf16EvPhS0_S0_S0_S0_mmjff,dynamic,AI_VECTOR_CORE,1791436096719984.798	,13.600,184.310000,40,0,NO,N/A,N/A,N/A,N/A,N/A,N/A,N/A
4,4294967295,1115,459,_Z24add_rms_norm_bias_customIu6__bf16EvPhS0_S0_S0_S0_mmjff,_Z24add_rms_norm_bias_customIu6__bf16EvPhS0_S0_S0_S0_mmjff,dynamic,AI_VECTOR_CORE,1791436096720179.062	,14.020,180.650000,40,0,NO,N/A,N/A,N/A,N/A,N/A,N/A,N/A
4,4294967295,1119,459,_Z24add_rms_norm_bias_customIu6__bf16EvPhS0_S0_S0_S0_mmjff,_Z24add_rms_norm_bias_customIu6__bf16EvPhS0_S0_S0_S0_mmjff,dynamic,AI_VECTOR_CORE,1791436096720286.362	,13.660,93.230000,40,0,NO,N/A,N/A,N/A,N/A,N/A,N/A,N/A
4,4294967295,1123,459,_Z24add_rms_norm_bias_customIu6__bf16EvPhS0_S0_S0_S0_mmjff,_Z24add_rms_norm_bias_customIu6__bf16EvPhS0_S0_S0_S0_mmjff,dynamic,AI_VECTOR_CORE,1791436096720477.466	,14.060,177.590000,40,0,NO,N/A,N/A,N/A,N/A,N/A,N/A,N/A
4,4294967295,1126,459,_Z24add_rms_norm_bias_customIu6__bf16EvPhS0_S0_S0_S0_mmjff,_Z24add_rms_norm_bias_customIu6__bf16EvPhS0_S0_S0_S0_mmjff,dynamic,AI_VECTOR_CORE,1791436096720585.650	,13.620,94.190000,40,0,NO,N/A,N/A,N/A,N/A,N/A,N/A,N/A
4,4294967295,1129,459,_Z24add_rms_norm_bias_customIu6__bf16EvPhS0_S0_S0_S0_mmjff,_Z24add_rms_norm_bias_customIu6__bf16EvPhS0_S0_S0_S0_mmjff,dynamic,AI_VECTOR_CORE,1791436096720791.534	,13.720,192.130000,40,0,NO,N/A,N/A,N/A,N/A,N/A,N/A,N/A
4,4294967295,1133,459,_Z24add_rms_norm_bias_customIu6__bf16EvPhS0_S0_S0_S0_mmjff,_Z24add_rms_norm_bias_customIu6__bf16EvPhS0_S0_S0_S0_mmjff,dynamic,AI_VECTOR_CORE,1791436096720995.378	,13.600,190.280000,40,0,NO,N/A,N/A,N/A,N/A,N/A,N/A,N/A
4,4294967295,1137,459,_Z24add_rms_norm_bias_customIu6__bf16EvPhS0_S0_S0_S0_mmjff,_Z24add_rms_norm_bias_customIu6__bf16EvPhS0_S0_S0_S0_mmjff,dynamic,AI_VECTOR_CORE,1791436096721205.042	,13.640,195.900000,40,0,NO,N/A,N/A,N/A,N/A,N/A,N/A,N/A
4,4294967295,1141,459,_Z24add_rms_norm_bias_customIu6__bf16EvPhS0_S0_S0_S0_mmjff,_Z24add_rms_norm_bias_customIu6__bf16EvPhS0_S0_S0_S0_mmjff,dynamic,AI_VECTOR_CORE,1791436096721408.726	,13.760,190.110000,40,0,NO,N/A,N/A,N/A,N/A,N/A,N/A,N/A
4,4294967295,1145,459,_Z24add_rms_norm_bias_customIu6__bf16EvPhS0_S0_S0_S0_mmjff,_Z24add_rms_norm_bias_customIu6__bf16EvPhS0_S0_S0_S0_mmjff,dynamic,AI_VECTOR_CORE,1791436096721608.770	,14.140,186.240000,40,0,NO,N/A,N/A,N/A,N/A,N/A,N/A,N/A
4,4294967295,1149,459,_Z24add_rms_norm_bias_customIu6__bf16EvPhS0_S0_S0_S0_mmjff,_Z24add_rms_norm_bias_customIu6__bf16EvPhS0_S0_S0_S0_mmjff,dynamic,AI_VECTOR_CORE,1791436096721819.114	,13.980,196.110000,40,0,NO,N/A,N/A,N/A,N/A,N/A,N/A,N/A
4,4294967295,1153,459,_Z24add_rms_norm_bias_customIu6__bf16EvPhS0_S0_S0_S0_mmjff,_Z24add_rms_norm_bias_customIu6__bf16EvPhS0_S0_S0_S0_mmjff,dynamic,AI_VECTOR_CORE,1791436096722029.798	,14.120,196.770000,40,0,NO,N/A,N/A,N/A,N/A,N/A,N/A,N/A
4,4294967295,1157,459,_Z24add_rms_norm_bias_customIu6__bf16EvPhS0_S0_S0_S0_mmjff,_Z24add_rms_norm_bias_customIu6__bf16EvPhS0_S0_S0_S0_mmjff,dynamic,AI_VECTOR_CORE,1791436096722267.262	,46.300,223.380000,40,0,NO,N/A,N/A,N/A,N/A,N/A,N/A,N/A
4,4294967295,1161,459,_Z24add_rms_norm_bias_customIu6__bf16EvPhS0_S0_S0_S0_mmjff,_Z24add_rms_norm_bias_customIu6__bf16EvPhS0_S0_S0_S0_mmjff,dynamic,AI_VECTOR_CORE,1791436096722492.726	,710.776,179.200000,40,0,NO,N/A,N/A,N/A,N/A,N/A,N/A,N/A
4,4294967295,1165,459,_Z24add_rms_norm_bias_customIu6__bf16EvPhS0_S0_S0_S0_mmjff,_Z24add_rms_norm_bias_customIu6__bf16EvPhS0_S0_S0_S0_mmjff,dynamic,AI_VECTOR_CORE,1791436096723301.182	,21.360,97.724000,40,0,NO,N/A,N/A,N/A,N/A,N/A,N/A,N/A
4,4294967295,1169,459,_Z24add_rms_norm_bias_customIu6__bf16EvPhS0_S0_S0_S0_mmjff,_Z24add_rms_norm_bias_customIu6__bf16EvPhS0_S0_S0_S0_mmjff,dynamic,AI_VECTOR_CORE,1791436096723568.750	,10012.240,246.140000,40,0,NO,N/A,N/A,N/A,N/A,N/A,N/A,N/A
4,4294967295,1173,459,_Z24add_rms_norm_bias_customIu6__bf16EvPhS0_S0_S0_S0_mmjff,_Z24add_rms_norm_bias_customIu6__bf16EvPhS0_S0_S0_S0_mmjff,dynamic,AI_VECTOR_CORE,1791436096733853.894	,17.940,273.010000,40,0,NO,N/A,N/A,N/A,N/A,N/A,N/A,N/A
4,4294967295,1177,459,_Z24add_rms_norm_bias_customIu6__bf16EvPhS0_S0_S0_S0_mmjff,_Z24add_rms_norm_bias_customIu6__bf16EvPhS0_S0_S0_S0_mmjff,dynamic,AI_VECTOR_CORE,1791436096734063.438	,248.244,191.560000,40,0,NO,N/A,N/A,N/A,N/A,N/A,N/A,N/A
4,4294967295,1181,459,_Z24add_rms_norm_bias_customIu6__bf16EvPhS0_S0_S0_S0_mmjff,_Z24add_rms_norm_bias_customIu6__bf16EvPhS0_S0_S0_S0_mmjff,dynamic,AI_VECTOR_CORE,1791436096734487.726	,16.880,176.006000,40,0,NO,N/A,N/A,N/A,N/A,N/A,N/A,N/A
4,4294967295,1184,459,_Z24add_rms_norm_bias_customIu6__bf16EvPhS0_S0_S0_S0_mmjff,_Z24add_rms_norm_bias_customIu6__bf16EvPhS0_S0_S0_S0_mmjff,dynamic,AI_VECTOR_CORE,1791436096734603.350	,14.820,98.620000,40,0,NO,N/A,N/A,N/A,N/A,N/A,N/A,N/A
4,4294967295,1187,459,_Z24add_rms_norm_bias_customIu6__bf16EvPhS0_S0_S0_S0_mmjff,_Z24add_rms_norm_bias_customIu6__bf16EvPhS0_S0_S0_S0_mmjff,dynamic,AI_VECTOR_CORE,1791436096734761.934	,12.380,143.930000,40,0,NO,N/A,N/A,N/A,N/A,N/A,N/A,N/A
4,4294967295,1190,459,_Z24add_rms_norm_bias_customIu6__bf16EvPhS0_S0_S0_S0_mmjff,_Z24add_rms_norm_bias_customIu6__bf16EvPhS0_S0_S0_S0_mmjff,dynamic,AI_VECTOR_CORE,1791436096735037.998	,17.100,263.620000,40,0,NO,N/A,N/A,N/A,N/A,N/A,N/A,N/A
4,4294967295,1194,459,_Z24add_rms_norm_bias_customIu6__bf16EvPhS0_S0_S0_S0_mmjff,_Z24add_rms_norm_bias_customIu6__bf16EvPhS0_S0_S0_S0_mmjff,dynamic,AI_VECTOR_CORE,1791436096735174.762	,17.060,119.650000,40,0,NO,N/A,N/A,N/A,N/A,N/A,N/A,N/A
4,4294967295,1197,459,_Z24add_rms_norm_bias_customIu6__bf16EvPhS0_S0_S0_S0_mmjff,_Z24add_rms_norm_bias_customIu6__bf16EvPhS0_S0_S0_S0_mmjff,dynamic,AI_VECTOR_CORE,1791436096735312.422	,13.640,120.690000,40,0,NO,N/A,N/A,N/A,N/A,N/A,N/A,N/A
4,4294967295,1200,459,_Z24add_rms_norm_bias_customIu6__bf16EvPhS0_S0_S0_S0_mmjff,_Z24add_rms_norm_bias_customIu6__bf16EvPhS0_S0_S0_S0_mmjff,dynamic,AI_VECTOR_CORE,1791436096735442.306	,13.700,116.110000,40,0,NO,N/A,N/A,N/A,N/A,N/A,N/A,N/A
4,4294967295,1203,459,_Z24add_rms_norm_bias_customIu6__bf16EvPhS0_S0_S0_S0_mmjff,_Z24add_rms_norm_bias_customIu6__bf16EvPhS0_S0_S0_S0_mmjff,dynamic,AI_VECTOR_CORE,1791436096735620.650	,13.640,164.800000,40,0,NO,N/A,N/A,N/A,N/A,N/A,N/A,N/A
4,4294967295,1207,459,_Z24add_rms_norm_bias_customIu6__bf16EvPhS0_S0_S0_S0_mmjff,_Z24add_rms_norm_bias_customIu6__bf16EvPhS0_S0_S0_S0_mmjff,dynamic,AI_VECTOR_CORE,1791436096735756.674	,13.540,122.360000,40,0,NO,N/A,N/A,N/A,N/A,N/A,N/A,N/A
4,4294967295,1211,459,_Z24add_rms_norm_bias_customIu6__bf16EvPhS0_S0_S0_S0_mmjff,_Z24add_rms_norm_bias_customIu6__bf16EvPhS0_S0_S0_S0_mmjff,dynamic,AI_VECTOR_CORE,1791436096735929.154	,13.600,158.960000,40,0,NO,N/A,N/A,N/A,N/A,N/A,N/A,N/A
4,4294967295,1215,459,_Z24add_rms_norm_bias_customIu6__bf16EvPhS0_S0_S0_S0_mmjff,_Z24add_rms_norm_bias_customIu6__bf16EvPhS0_S0_S0_S0_mmjff,dynamic,AI_VECTOR_CORE,1791436096736127.098	,13.880,184.150000,40,0,NO,N/A,N/A,N/A,N/A,N/A,N/A,N/A
4,4294967295,1219,459,_Z24add_rms_norm_bias_customIu6__bf16EvPhS0_S0_S0_S0_mmjff,_Z24add_rms_norm_bias_customIu6__bf16EvPhS0_S0_S0_S0_mmjff,dynamic,AI_VECTOR_CORE,1791436096736329.662	,215.644,188.870000,40,0,NO,N/A,N/A,N/A,N/A,N/A,N/A,N/A
4,4294967295,1223,459,_Z24add_rms_norm_bias_customIu6__bf16EvPhS0_S0_S0_S0_mmjff,_Z24add_rms_norm_bias_customIu6__bf16EvPhS0_S0_S0_S0_mmjff,dynamic,AI_VECTOR_CORE,1791436096736733.710	,154.524,188.356000,40,0,NO,N/A,N/A,N/A,N/A,N/A,N/A,N/A
